ticker,zeitraum,band,klasse,n,ew_atr
AAPL,bis2022,mittel,10-25,206,0.589
AAPL,bis2022,mittel,40-100,499,0.78
AAPL,bis2022,mittel,25-40,153,0.772
AAPL,bis2022,sehr weit,0-10,109,0.002
AAPL,bis2022,mittel,0-10,186,0.411
AAPL,bis2022,weit,25-40,83,0.773
AAPL,bis2022,weit,40-100,271,0.835
AAPL,bis2022,weit,unter Einstieg,164,1.316
AAPL,bis2022,weit,10-25,134,0.493
AAPL,bis2022,weit,0-10,185,0.104
AAPL,bis2022,sehr weit,40-100,96,0.519
AAPL,bis2022,sehr weit,10-25,48,0.474
AAPL,bis2022,mittel,unter Einstieg,852,1.405
AAPL,bis2022,sehr weit,25-40,31,0.106
AAPL,bis2022,sehr weit,unter Einstieg,39,-1.519
AAPL,ab2023,mittel,10-25,57,0.753
AAPL,ab2023,mittel,0-10,37,1.084
AAPL,ab2023,weit,25-40,28,2.266
AAPL,ab2023,weit,0-10,45,0.704
AAPL,ab2023,sehr weit,10-25,41,1.169
AAPL,ab2023,sehr weit,0-10,73,0.367
AAPL,ab2023,mittel,40-100,125,1.98
AAPL,ab2023,weit,40-100,96,2.34
AAPL,ab2023,sehr weit,25-40,30,1.639
AAPL,ab2023,sehr weit,40-100,43,3.052
AAPL,ab2023,mittel,unter Einstieg,212,3.432
AAPL,ab2023,mittel,25-40,62,1.586
AAPL,ab2023,weit,10-25,43,1.353
AAPL,ab2023,sehr weit,unter Einstieg,14,4.959
AAPL,ab2023,weit,unter Einstieg,48,4.089
ABBV,bis2022,mittel,40-100,215,0.714
ABBV,bis2022,mittel,unter Einstieg,265,-0.111
ABBV,bis2022,mittel,10-25,110,0.431
ABBV,bis2022,mittel,25-40,73,-0.612
ABBV,bis2022,weit,0-10,89,-0.157
ABBV,bis2022,mittel,0-10,58,-0.354
ABBV,bis2022,weit,25-40,76,0.303
ABBV,bis2022,weit,10-25,93,-0.122
ABBV,bis2022,sehr weit,0-10,127,0.015
ABBV,bis2022,sehr weit,10-25,99,0.406
ABBV,bis2022,sehr weit,25-40,98,0.393
ABBV,bis2022,sehr weit,40-100,276,0.677
ABBV,bis2022,sehr weit,unter Einstieg,120,0.139
ABBV,bis2022,weit,40-100,187,-0.239
ABBV,bis2022,weit,unter Einstieg,96,-1.093
ABBV,ab2023,mittel,unter Einstieg,125,2.261
ABBV,ab2023,mittel,40-100,83,1.861
ABBV,ab2023,mittel,0-10,23,0.724
ABBV,ab2023,mittel,25-40,28,0.81
ABBV,ab2023,mittel,10-25,33,0.681
ABBV,ab2023,weit,0-10,40,1.033
ABBV,ab2023,weit,10-25,42,0.778
ABBV,ab2023,weit,40-100,85,1.734
ABBV,ab2023,weit,25-40,27,1.345
ABBV,ab2023,sehr weit,40-100,122,-0.347
ABBV,ab2023,sehr weit,10-25,63,1.146
ABBV,ab2023,sehr weit,0-10,100,0.392
ABBV,ab2023,sehr weit,25-40,27,-0.445
ABBV,ab2023,weit,unter Einstieg,77,2.84
ABBV,ab2023,sehr weit,unter Einstieg,26,1.405
ABNB,bis2022,mittel,25-40,23,-0.82
ABNB,bis2022,mittel,40-100,79,-0.416
ABNB,bis2022,mittel,10-25,32,-0.569
ABNB,bis2022,mittel,unter Einstieg,186,0.117
ABNB,bis2022,weit,40-100,80,0.911
ABNB,bis2022,weit,unter Einstieg,137,2.157
ABNB,bis2022,mittel,0-10,27,-0.593
ABNB,bis2022,weit,0-10,23,-0.554
ABNB,bis2022,weit,10-25,26,-0.129
ABNB,bis2022,weit,25-40,22,-0.707
ABNB,bis2022,sehr weit,0-10,19,-0.23
ABNB,bis2022,sehr weit,10-25,14,-1.196
ABNB,bis2022,sehr weit,40-100,25,1.012
ABNB,bis2022,sehr weit,25-40,8,-0.793
ABNB,bis2022,sehr weit,unter Einstieg,30,3.117
ABNB,ab2023,weit,0-10,27,1.27
ABNB,ab2023,sehr weit,0-10,73,1.052
ABNB,ab2023,sehr weit,10-25,68,-0.786
ABNB,ab2023,mittel,40-100,130,2.869
ABNB,ab2023,weit,25-40,56,-0.22
ABNB,ab2023,weit,10-25,34,0.268
ABNB,ab2023,mittel,10-25,31,1.486
ABNB,ab2023,mittel,25-40,32,1.666
ABNB,ab2023,weit,40-100,143,3.228
ABNB,ab2023,weit,unter Einstieg,108,3.25
ABNB,ab2023,sehr weit,25-40,55,0.287
ABNB,ab2023,mittel,unter Einstieg,147,3.427
ABNB,ab2023,mittel,0-10,15,0.674
ABNB,ab2023,sehr weit,40-100,89,1.045
ABNB,ab2023,sehr weit,unter Einstieg,16,-1.629
ABT,bis2022,mittel,10-25,207,-0.023
ABT,bis2022,weit,0-10,183,0.654
ABT,bis2022,weit,10-25,206,0.736
ABT,bis2022,weit,40-100,387,1.196
ABT,bis2022,sehr weit,10-25,125,0.607
ABT,bis2022,mittel,unter Einstieg,813,0.048
ABT,bis2022,mittel,40-100,570,0.471
ABT,bis2022,sehr weit,0-10,255,0.57
ABT,bis2022,sehr weit,25-40,109,1.029
ABT,bis2022,sehr weit,40-100,279,2.143
ABT,bis2022,sehr weit,unter Einstieg,123,1.868
ABT,bis2022,mittel,0-10,140,0.096
ABT,bis2022,mittel,25-40,153,0.278
ABT,bis2022,weit,25-40,144,0.872
ABT,bis2022,weit,unter Einstieg,162,1.496
ABT,ab2023,mittel,0-10,36,0.056
ABT,ab2023,mittel,40-100,100,1.198
ABT,ab2023,mittel,unter Einstieg,151,0.379
ABT,ab2023,mittel,10-25,37,0.995
ABT,ab2023,mittel,25-40,49,0.686
ABT,ab2023,weit,25-40,25,1.049
ABT,ab2023,sehr weit,0-10,56,0.29
ABT,ab2023,weit,10-25,20,0.356
ABT,ab2023,weit,0-10,35,0.84
ABT,ab2023,weit,40-100,72,2.032
ABT,ab2023,weit,unter Einstieg,31,1.574
ABT,ab2023,sehr weit,10-25,26,-0.213
ABT,ab2023,sehr weit,40-100,126,0.211
ABT,ab2023,sehr weit,unter Einstieg,75,0.533
ABT,ab2023,sehr weit,25-40,64,0.914
ACN,bis2022,mittel,unter Einstieg,595,0.429
ACN,bis2022,mittel,40-100,411,0.622
ACN,bis2022,mittel,25-40,162,1.144
ACN,bis2022,mittel,0-10,161,0.791
ACN,bis2022,weit,40-100,581,0.868
ACN,bis2022,sehr weit,0-10,318,0.026
ACN,bis2022,weit,unter Einstieg,263,2.095
ACN,bis2022,weit,25-40,191,0.79
ACN,bis2022,weit,10-25,239,0.255
ACN,bis2022,weit,0-10,227,0.37
ACN,bis2022,sehr weit,25-40,110,0.402
ACN,bis2022,sehr weit,40-100,284,-0.045
ACN,bis2022,mittel,10-25,214,0.57
ACN,bis2022,sehr weit,10-25,196,-0.01
ACN,bis2022,sehr weit,unter Einstieg,127,0.567
ACN,ab2023,mittel,40-100,50,0.517
ACN,ab2023,mittel,25-40,27,0.406
ACN,ab2023,mittel,0-10,21,-0.082
ACN,ab2023,weit,10-25,21,0.82
ACN,ab2023,weit,25-40,24,1.636
ACN,ab2023,weit,40-100,102,1.538
ACN,ab2023,sehr weit,0-10,44,0.012
ACN,ab2023,sehr weit,10-25,36,0.684
ACN,ab2023,mittel,10-25,25,0.526
ACN,ab2023,sehr weit,25-40,40,1.3
ACN,ab2023,sehr weit,40-100,176,2.751
ACN,ab2023,sehr weit,unter Einstieg,57,2.836
ACN,ab2023,mittel,unter Einstieg,121,-0.635
ACN,ab2023,weit,0-10,17,0.719
ACN,ab2023,weit,unter Einstieg,38,2.46
ADBE,bis2022,mittel,25-40,169,0.041
ADBE,bis2022,mittel,10-25,167,-0.075
ADBE,bis2022,weit,25-40,142,0.186
ADBE,bis2022,weit,0-10,176,-0.454
ADBE,bis2022,mittel,40-100,451,0.121
ADBE,bis2022,mittel,unter Einstieg,880,-0.099
ADBE,bis2022,mittel,0-10,146,-0.056
ADBE,bis2022,weit,10-25,187,-0.218
ADBE,bis2022,weit,unter Einstieg,406,-0.643
ADBE,bis2022,weit,40-100,372,0.381
ADBE,bis2022,sehr weit,0-10,204,0.119
ADBE,bis2022,sehr weit,10-25,109,0.372
ADBE,bis2022,sehr weit,40-100,196,1.499
ADBE,bis2022,sehr weit,25-40,100,1.268
ADBE,bis2022,sehr weit,unter Einstieg,46,-1.072
ADBE,ab2023,mittel,0-10,19,-1.153
ADBE,ab2023,weit,25-40,23,0.816
ADBE,ab2023,weit,40-100,105,-1.792
ADBE,ab2023,weit,unter Einstieg,100,-1.806
ADBE,ab2023,weit,10-25,40,-1.231
ADBE,ab2023,sehr weit,0-10,51,-0.879
ADBE,ab2023,mittel,10-25,33,-0.692
ADBE,ab2023,sehr weit,40-100,110,-2.796
ADBE,ab2023,sehr weit,10-25,34,-3.897
ADBE,ab2023,weit,0-10,34,-0.802
ADBE,ab2023,mittel,40-100,72,-1.524
ADBE,ab2023,mittel,unter Einstieg,140,-0.393
ADBE,ab2023,sehr weit,25-40,36,-2.386
ADBE,ab2023,sehr weit,unter Einstieg,100,-1.628
ADBE,ab2023,mittel,25-40,24,-2.195
ADI,bis2022,mittel,10-25,180,0.604
ADI,bis2022,weit,0-10,204,0.432
ADI,bis2022,weit,10-25,199,0.288
ADI,bis2022,weit,40-100,574,0.67
ADI,bis2022,weit,unter Einstieg,408,0.856
ADI,bis2022,weit,25-40,178,0.811
ADI,bis2022,sehr weit,25-40,154,1.083
ADI,bis2022,sehr weit,40-100,336,0.335
ADI,bis2022,sehr weit,0-10,279,0.047
ADI,bis2022,sehr weit,10-25,152,0.528
ADI,bis2022,mittel,40-100,564,0.781
ADI,bis2022,sehr weit,unter Einstieg,109,-0.216
ADI,bis2022,mittel,25-40,159,0.607
ADI,bis2022,mittel,unter Einstieg,702,0.665
ADI,bis2022,mittel,0-10,163,0.226
ADI,ab2023,mittel,0-10,25,1.88
ADI,ab2023,mittel,10-25,42,1.372
ADI,ab2023,weit,0-10,26,0.969
ADI,ab2023,weit,25-40,21,1.385
ADI,ab2023,weit,10-25,34,1.459
ADI,ab2023,weit,40-100,99,1.436
ADI,ab2023,mittel,40-100,32,3.066
ADI,ab2023,sehr weit,0-10,83,0.647
ADI,ab2023,weit,unter Einstieg,113,1.074
ADI,ab2023,mittel,25-40,18,0.849
ADI,ab2023,sehr weit,10-25,31,2.089
ADI,ab2023,sehr weit,25-40,16,1.713
ADI,ab2023,sehr weit,40-100,95,3.424
ADI,ab2023,sehr weit,unter Einstieg,56,5.299
ADI,ab2023,mittel,unter Einstieg,93,-0.046
ADP,bis2022,mittel,25-40,131,0.8
ADP,bis2022,weit,10-25,201,0.956
ADP,bis2022,sehr weit,0-10,396,0.02
ADP,bis2022,mittel,0-10,139,0.657
ADP,bis2022,mittel,unter Einstieg,311,0.392
ADP,bis2022,sehr weit,10-25,248,0.233
ADP,bis2022,sehr weit,25-40,248,0.295
ADP,bis2022,sehr weit,40-100,747,0.218
ADP,bis2022,weit,40-100,476,1.602
ADP,bis2022,weit,25-40,155,1.281
ADP,bis2022,sehr weit,unter Einstieg,151,0.025
ADP,bis2022,mittel,40-100,399,1.076
ADP,bis2022,weit,0-10,182,0.437
ADP,bis2022,weit,unter Einstieg,246,1.678
ADP,bis2022,mittel,10-25,180,1.002
ADP,ab2023,mittel,0-10,29,-0.986
ADP,ab2023,mittel,10-25,46,-0.75
ADP,ab2023,mittel,unter Einstieg,149,-1.061
ADP,ab2023,mittel,40-100,87,-0.103
ADP,ab2023,mittel,25-40,32,-0.363
ADP,ab2023,weit,10-25,37,-0.276
ADP,ab2023,sehr weit,0-10,42,-0.27
ADP,ab2023,sehr weit,10-25,45,-0.575
ADP,ab2023,weit,40-100,134,-0.069
ADP,ab2023,weit,25-40,29,-0.387
ADP,ab2023,weit,unter Einstieg,103,-0.806
ADP,ab2023,weit,0-10,29,0.236
ADP,ab2023,sehr weit,40-100,134,-0.319
ADP,ab2023,sehr weit,25-40,36,0.335
ADP,ab2023,sehr weit,unter Einstieg,53,-1.27
ADS.DE,bis2022,mittel,10-25,253,0.606
ADS.DE,bis2022,sehr weit,10-25,118,-0.432
ADS.DE,bis2022,mittel,0-10,183,0.472
ADS.DE,bis2022,weit,10-25,174,0.206
ADS.DE,bis2022,weit,25-40,154,-0.228
ADS.DE,bis2022,weit,40-100,438,-0.637
ADS.DE,bis2022,weit,unter Einstieg,269,0.609
ADS.DE,bis2022,mittel,25-40,198,0.587
ADS.DE,bis2022,mittel,40-100,615,0.606
ADS.DE,bis2022,mittel,unter Einstieg,736,0.891
ADS.DE,bis2022,weit,0-10,144,0.097
ADS.DE,bis2022,sehr weit,0-10,162,0.229
ADS.DE,bis2022,sehr weit,25-40,86,0.316
ADS.DE,bis2022,sehr weit,40-100,166,0.25
ADS.DE,bis2022,frueh,10-25,4,-0.816
ADS.DE,bis2022,sehr weit,unter Einstieg,59,1.57
ADS.DE,bis2022,frueh,25-40,5,-1.839
ADS.DE,bis2022,frueh,40-100,20,-1.445
ADS.DE,bis2022,frueh,unter Einstieg,117,-0.184
ADS.DE,bis2022,frueh,0-10,2,0.999
ADS.DE,ab2023,mittel,25-40,72,0.861
ADS.DE,ab2023,mittel,40-100,198,1.08
ADS.DE,ab2023,mittel,unter Einstieg,108,2.133
ADS.DE,ab2023,mittel,10-25,66,0.846
ADS.DE,ab2023,weit,0-10,40,0.381
ADS.DE,ab2023,weit,25-40,30,-0.57
ADS.DE,ab2023,weit,40-100,84,0.851
ADS.DE,ab2023,sehr weit,0-10,68,-0.036
ADS.DE,ab2023,frueh,25-40,1,2.762
ADS.DE,ab2023,mittel,0-10,28,0.965
ADS.DE,ab2023,weit,10-25,44,-0.848
ADS.DE,ab2023,weit,unter Einstieg,19,0.354
ADS.DE,ab2023,sehr weit,10-25,30,-0.098
ADS.DE,ab2023,sehr weit,25-40,25,0.467
ADS.DE,ab2023,sehr weit,40-100,58,0.854
ADS.DE,ab2023,frueh,40-100,1,-2.877
ADS.DE,ab2023,frueh,unter Einstieg,21,-1.354
ADS.DE,ab2023,frueh,10-25,1,2.979
ADS.DE,ab2023,sehr weit,unter Einstieg,1,-2.067
ADSK,bis2022,mittel,10-25,165,1.004
ADSK,bis2022,weit,0-10,215,0.537
ADSK,bis2022,sehr weit,10-25,161,0.32
ADSK,bis2022,weit,10-25,202,0.575
ADSK,bis2022,sehr weit,0-10,351,-0.002
ADSK,bis2022,mittel,25-40,125,0.902
ADSK,bis2022,mittel,0-10,125,0.588
ADSK,bis2022,mittel,40-100,246,0.52
ADSK,bis2022,mittel,unter Einstieg,404,0.766
ADSK,bis2022,weit,40-100,430,1.155
ADSK,bis2022,weit,25-40,164,0.783
ADSK,bis2022,weit,unter Einstieg,310,1.964
ADSK,bis2022,sehr weit,25-40,70,1.014
ADSK,bis2022,sehr weit,40-100,276,1.769
ADSK,bis2022,sehr weit,unter Einstieg,159,1.994
ADSK,ab2023,weit,40-100,69,1.731
ADSK,ab2023,weit,0-10,36,0.749
ADSK,ab2023,weit,10-25,38,0.616
ADSK,ab2023,sehr weit,10-25,46,0.558
ADSK,ab2023,sehr weit,40-100,556,0.451
ADSK,ab2023,sehr weit,0-10,74,0.245
ADSK,ab2023,mittel,25-40,39,-0.206
ADSK,ab2023,mittel,40-100,119,1.513
ADSK,ab2023,mittel,unter Einstieg,305,2.724
ADSK,ab2023,mittel,10-25,45,0.492
ADSK,ab2023,mittel,0-10,30,0.829
ADSK,ab2023,sehr weit,25-40,71,0.348
ADSK,ab2023,sehr weit,unter Einstieg,103,-0.767
ADSK,ab2023,weit,unter Einstieg,41,2.207
ADSK,ab2023,weit,25-40,21,-0.877
AEP,bis2022,mittel,25-40,196,0.4
AEP,bis2022,mittel,40-100,651,0.471
AEP,bis2022,weit,25-40,162,0.397
AEP,bis2022,sehr weit,unter Einstieg,131,1.059
AEP,bis2022,sehr weit,40-100,362,0.584
AEP,bis2022,sehr weit,25-40,154,0.458
AEP,bis2022,sehr weit,10-25,194,0.24
AEP,bis2022,mittel,10-25,182,0.44
AEP,bis2022,weit,0-10,166,0.147
AEP,bis2022,weit,10-25,232,0.323
AEP,bis2022,mittel,unter Einstieg,842,0.223
AEP,bis2022,weit,40-100,412,0.487
AEP,bis2022,weit,unter Einstieg,385,-0.331
AEP,bis2022,sehr weit,0-10,227,0.197
AEP,bis2022,mittel,0-10,142,0.344
AEP,ab2023,mittel,0-10,15,1.192
AEP,ab2023,mittel,10-25,35,0.92
AEP,ab2023,weit,25-40,40,2.096
AEP,ab2023,weit,unter Einstieg,26,-0.244
AEP,ab2023,weit,40-100,43,2.009
AEP,ab2023,mittel,25-40,39,2.117
AEP,ab2023,mittel,unter Einstieg,150,0.256
AEP,ab2023,mittel,40-100,126,1.468
AEP,ab2023,weit,0-10,32,0.786
AEP,ab2023,sehr weit,10-25,51,1.859
AEP,ab2023,sehr weit,25-40,43,0.703
AEP,ab2023,sehr weit,40-100,53,0.196
AEP,ab2023,sehr weit,unter Einstieg,17,-0.9
AEP,ab2023,sehr weit,0-10,65,0.731
AEP,ab2023,weit,10-25,39,1.821
AIR.DE,bis2022,weit,10-25,197,0.645
AIR.DE,bis2022,weit,0-10,200,0.489
AIR.DE,bis2022,weit,25-40,175,0.682
AIR.DE,bis2022,weit,40-100,563,1.111
AIR.DE,bis2022,weit,unter Einstieg,425,0.625
AIR.DE,bis2022,mittel,10-25,208,0.885
AIR.DE,bis2022,mittel,0-10,160,0.482
AIR.DE,bis2022,mittel,40-100,592,0.552
AIR.DE,bis2022,sehr weit,10-25,109,0.49
AIR.DE,bis2022,sehr weit,0-10,227,0.411
AIR.DE,bis2022,mittel,25-40,161,0.294
AIR.DE,bis2022,mittel,unter Einstieg,805,0.727
AIR.DE,bis2022,sehr weit,25-40,57,-1.288
AIR.DE,bis2022,sehr weit,40-100,153,-0.921
AIR.DE,bis2022,sehr weit,unter Einstieg,64,-0.407
AIR.DE,ab2023,mittel,25-40,21,0.038
AIR.DE,ab2023,weit,0-10,33,0.057
AIR.DE,ab2023,sehr weit,0-10,30,-0.138
AIR.DE,ab2023,mittel,40-100,91,1.116
AIR.DE,ab2023,mittel,unter Einstieg,61,1.473
AIR.DE,ab2023,mittel,10-25,17,-0.76
AIR.DE,ab2023,mittel,0-10,26,0.608
AIR.DE,ab2023,weit,10-25,34,0.464
AIR.DE,ab2023,sehr weit,10-25,21,-0.766
AIR.DE,ab2023,sehr weit,25-40,20,-0.198
AIR.DE,ab2023,weit,40-100,64,0.93
AIR.DE,ab2023,weit,25-40,12,-0.113
AIR.DE,ab2023,weit,unter Einstieg,55,0.753
AIR.DE,ab2023,sehr weit,40-100,46,0.924
AIR.DE,ab2023,sehr weit,unter Einstieg,26,2.44
ALV.DE,bis2022,mittel,40-100,501,0.543
ALV.DE,bis2022,mittel,unter Einstieg,586,0.937
ALV.DE,bis2022,mittel,25-40,185,0.636
ALV.DE,bis2022,mittel,10-25,226,0.245
ALV.DE,bis2022,weit,10-25,234,0.217
ALV.DE,bis2022,weit,25-40,179,0.447
ALV.DE,bis2022,weit,0-10,203,0.385
ALV.DE,bis2022,sehr weit,0-10,299,0.394
ALV.DE,bis2022,sehr weit,10-25,169,0.325
ALV.DE,bis2022,mittel,0-10,134,0.362
ALV.DE,bis2022,weit,40-100,339,-0.476
ALV.DE,bis2022,weit,unter Einstieg,269,-0.109
ALV.DE,bis2022,sehr weit,unter Einstieg,66,-1.333
ALV.DE,bis2022,sehr weit,40-100,187,0.797
ALV.DE,bis2022,sehr weit,25-40,98,0.743
ALV.DE,ab2023,mittel,10-25,33,0.413
ALV.DE,ab2023,mittel,25-40,18,0.651
ALV.DE,ab2023,mittel,40-100,77,1.274
ALV.DE,ab2023,weit,0-10,39,0.227
ALV.DE,ab2023,mittel,0-10,15,0.691
ALV.DE,ab2023,mittel,unter Einstieg,35,2.85
ALV.DE,ab2023,weit,25-40,18,0.959
ALV.DE,ab2023,weit,10-25,31,0.511
ALV.DE,ab2023,weit,40-100,75,0.773
ALV.DE,ab2023,weit,unter Einstieg,70,0.199
ALV.DE,ab2023,sehr weit,40-100,108,-0.153
ALV.DE,ab2023,sehr weit,25-40,14,0.754
ALV.DE,ab2023,sehr weit,10-25,21,0.539
ALV.DE,ab2023,sehr weit,0-10,31,0.101
ALV.DE,ab2023,sehr weit,unter Einstieg,72,-1.458
AMAT,bis2022,mittel,25-40,182,0.224
AMAT,bis2022,mittel,10-25,192,0.18
AMAT,bis2022,mittel,40-100,535,-0.512
AMAT,bis2022,sehr weit,10-25,126,0.688
AMAT,bis2022,sehr weit,0-10,187,-0.366
AMAT,bis2022,weit,10-25,158,-0.816
AMAT,bis2022,weit,0-10,142,-0.46
AMAT,bis2022,mittel,unter Einstieg,1020,-0.624
AMAT,bis2022,mittel,0-10,128,-0.246
AMAT,bis2022,sehr weit,25-40,78,1.006
AMAT,bis2022,sehr weit,40-100,156,1.042
AMAT,bis2022,sehr weit,unter Einstieg,114,1.858
AMAT,bis2022,weit,40-100,438,-0.921
AMAT,bis2022,weit,25-40,126,-1.118
AMAT,bis2022,weit,unter Einstieg,354,-0.85
AMAT,ab2023,mittel,25-40,44,1.436
AMAT,ab2023,mittel,10-25,48,1.022
AMAT,ab2023,mittel,0-10,26,1.006
AMAT,ab2023,weit,25-40,33,2.398
AMAT,ab2023,weit,40-100,79,2.956
AMAT,ab2023,weit,10-25,22,1.174
AMAT,ab2023,weit,0-10,29,1.456
AMAT,ab2023,sehr weit,0-10,52,0.742
AMAT,ab2023,sehr weit,10-25,26,0.845
AMAT,ab2023,mittel,40-100,68,2.095
AMAT,ab2023,mittel,unter Einstieg,45,-0.41
AMAT,ab2023,sehr weit,25-40,17,2.272
AMAT,ab2023,sehr weit,40-100,52,3.548
AMAT,ab2023,sehr weit,unter Einstieg,39,5.475
AMAT,ab2023,weit,unter Einstieg,103,4.58
AMD,bis2022,mittel,10-25,235,0.279
AMD,bis2022,mittel,40-100,678,-0.28
AMD,bis2022,mittel,25-40,212,-0.233
AMD,bis2022,mittel,unter Einstieg,842,0.018
AMD,bis2022,weit,0-10,107,-0.182
AMD,bis2022,weit,40-100,354,2.046
AMD,bis2022,weit,unter Einstieg,257,2.097
AMD,bis2022,frueh,25-40,19,1.079
AMD,bis2022,frueh,40-100,83,0.867
AMD,bis2022,frueh,unter Einstieg,138,1.915
AMD,bis2022,mittel,0-10,179,-0.372
AMD,bis2022,weit,25-40,123,1.257
AMD,bis2022,weit,10-25,121,0.516
AMD,bis2022,sehr weit,0-10,98,0.574
AMD,bis2022,sehr weit,10-25,86,-0.741
AMD,bis2022,sehr weit,40-100,122,1.781
AMD,bis2022,sehr weit,25-40,45,0.148
AMD,bis2022,frueh,10-25,33,0.009
AMD,bis2022,frueh,0-10,17,0.1
AMD,bis2022,sehr weit,unter Einstieg,51,-0.402
AMD,ab2023,mittel,25-40,63,1.239
AMD,ab2023,mittel,10-25,81,0.133
AMD,ab2023,mittel,0-10,35,0.555
AMD,ab2023,weit,10-25,46,0.883
AMD,ab2023,weit,0-10,35,0.144
AMD,ab2023,frueh,0-10,6,0.783
AMD,ab2023,mittel,40-100,177,2.28
AMD,ab2023,weit,25-40,34,1.813
AMD,ab2023,weit,40-100,91,2.6
AMD,ab2023,sehr weit,0-10,33,-0.039
AMD,ab2023,mittel,unter Einstieg,243,1.263
AMD,ab2023,sehr weit,10-25,17,2.109
AMD,ab2023,sehr weit,25-40,5,0.239
AMD,ab2023,frueh,10-25,3,1.605
AMD,ab2023,weit,unter Einstieg,43,3.411
AMD,ab2023,frueh,40-100,17,2.954
AMD,ab2023,frueh,unter Einstieg,17,-0.384
AMD,ab2023,frueh,25-40,5,0.385
AMD,ab2023,sehr weit,40-100,10,-3.42
AMD,ab2023,sehr weit,unter Einstieg,2,-0.935
AMGN,bis2022,mittel,40-100,484,1.082
AMGN,bis2022,weit,40-100,530,0.338
AMGN,bis2022,weit,unter Einstieg,344,1.202
AMGN,bis2022,weit,10-25,258,0.304
AMGN,bis2022,weit,25-40,211,0.559
AMGN,bis2022,weit,0-10,195,0.044
AMGN,bis2022,sehr weit,0-10,237,-0.154
AMGN,bis2022,mittel,unter Einstieg,483,1.618
AMGN,bis2022,mittel,25-40,192,0.762
AMGN,bis2022,mittel,10-25,251,0.547
AMGN,bis2022,sehr weit,10-25,184,-0.032
AMGN,bis2022,sehr weit,25-40,133,-0.325
AMGN,bis2022,sehr weit,40-100,489,-0.076
AMGN,bis2022,mittel,0-10,166,0.217
AMGN,bis2022,sehr weit,unter Einstieg,185,0.687
AMGN,ab2023,mittel,10-25,34,2.418
AMGN,ab2023,sehr weit,10-25,30,1.596
AMGN,ab2023,sehr weit,40-100,27,3.439
AMGN,ab2023,mittel,0-10,29,0.947
AMGN,ab2023,weit,0-10,27,1.573
AMGN,ab2023,sehr weit,0-10,26,0.858
AMGN,ab2023,weit,40-100,17,1.871
AMGN,ab2023,weit,25-40,18,1.771
AMGN,ab2023,sehr weit,25-40,13,2.719
AMGN,ab2023,mittel,40-100,87,1.099
AMGN,ab2023,mittel,25-40,31,1.251
AMGN,ab2023,weit,10-25,20,2.592
AMGN,ab2023,mittel,unter Einstieg,111,1.427
AMGN,ab2023,weit,unter Einstieg,28,-0.701
AMGN,ab2023,sehr weit,unter Einstieg,2,5.01
AMT,bis2022,mittel,10-25,185,0.415
AMT,bis2022,mittel,40-100,550,0.729
AMT,bis2022,mittel,25-40,158,0.652
AMT,bis2022,weit,0-10,186,0.392
AMT,bis2022,mittel,0-10,140,0.585
AMT,bis2022,weit,10-25,167,0.446
AMT,bis2022,sehr weit,0-10,251,-0.094
AMT,bis2022,weit,25-40,168,0.891
AMT,bis2022,weit,40-100,467,1.319
AMT,bis2022,mittel,unter Einstieg,491,0.33
AMT,bis2022,sehr weit,10-25,120,0.692
AMT,bis2022,weit,unter Einstieg,556,2.288
AMT,bis2022,sehr weit,25-40,108,-0.279
AMT,bis2022,sehr weit,40-100,273,-0.035
AMT,bis2022,sehr weit,unter Einstieg,230,0.238
AMT,ab2023,mittel,10-25,29,0.122
AMT,ab2023,weit,40-100,103,-1.661
AMT,ab2023,weit,unter Einstieg,105,-1.683
AMT,ab2023,weit,25-40,40,-1.611
AMT,ab2023,weit,0-10,20,0.029
AMT,ab2023,sehr weit,10-25,36,-0.938
AMT,ab2023,mittel,40-100,147,-1.941
AMT,ab2023,sehr weit,25-40,47,-0.843
AMT,ab2023,sehr weit,40-100,144,-0.213
AMT,ab2023,sehr weit,0-10,40,-1.011
AMT,ab2023,mittel,unter Einstieg,208,-1.532
AMT,ab2023,mittel,25-40,29,-0.923
AMT,ab2023,mittel,0-10,34,-0.811
AMT,ab2023,weit,10-25,29,-0.656
AMT,ab2023,sehr weit,unter Einstieg,49,-0.602
AMZN,bis2022,mittel,40-100,338,0.703
AMZN,bis2022,mittel,25-40,124,0.294
AMZN,bis2022,mittel,10-25,139,0.573
AMZN,bis2022,mittel,0-10,154,0.143
AMZN,bis2022,sehr weit,0-10,144,0.143
AMZN,bis2022,sehr weit,10-25,114,1.674
AMZN,bis2022,mittel,unter Einstieg,390,0.815
AMZN,bis2022,weit,25-40,73,0.602
AMZN,bis2022,weit,unter Einstieg,131,1.205
AMZN,bis2022,weit,40-100,217,0.434
AMZN,bis2022,weit,10-25,104,0.686
AMZN,bis2022,weit,0-10,119,0.028
AMZN,bis2022,frueh,25-40,8,0.759
AMZN,bis2022,sehr weit,25-40,91,3.034
AMZN,bis2022,sehr weit,40-100,100,3.274
AMZN,bis2022,sehr weit,unter Einstieg,8,3.685
AMZN,bis2022,frueh,0-10,6,0.992
AMZN,bis2022,frueh,40-100,28,0.957
AMZN,bis2022,frueh,unter Einstieg,54,1.374
AMZN,bis2022,frueh,10-25,13,0.354
AMZN,ab2023,mittel,10-25,50,1.704
AMZN,ab2023,mittel,0-10,39,1.557
AMZN,ab2023,mittel,40-100,113,2.761
AMZN,ab2023,mittel,25-40,32,1.162
AMZN,ab2023,weit,10-25,29,1.411
AMZN,ab2023,weit,0-10,19,0.899
AMZN,ab2023,weit,25-40,35,1.489
AMZN,ab2023,weit,40-100,75,2.655
AMZN,ab2023,sehr weit,0-10,58,0.617
AMZN,ab2023,sehr weit,10-25,22,0.731
AMZN,ab2023,mittel,unter Einstieg,100,3.459
AMZN,ab2023,sehr weit,25-40,13,1.68
AMZN,ab2023,sehr weit,40-100,17,3.079
AMZN,ab2023,frueh,0-10,1,2.815
AMZN,ab2023,weit,unter Einstieg,11,5.491
AMZN,ab2023,frueh,unter Einstieg,1,3.302
AMZN,ab2023,frueh,25-40,1,2.218
ANET,bis2022,mittel,10-25,91,0.918
ANET,bis2022,mittel,25-40,70,1.098
ANET,bis2022,sehr weit,40-100,85,0.177
ANET,bis2022,sehr weit,25-40,18,0.419
ANET,bis2022,sehr weit,10-25,24,0.425
ANET,bis2022,sehr weit,0-10,58,-0.589
ANET,bis2022,mittel,0-10,100,0.141
ANET,bis2022,weit,0-10,87,-0.046
ANET,bis2022,weit,10-25,59,0.421
ANET,bis2022,mittel,40-100,248,1.334
ANET,bis2022,mittel,unter Einstieg,263,1.784
ANET,bis2022,frueh,unter Einstieg,30,3.02
ANET,bis2022,weit,25-40,46,0.927
ANET,bis2022,weit,40-100,115,1.375
ANET,bis2022,weit,unter Einstieg,35,1.881
ANET,bis2022,frueh,10-25,6,1.397
ANET,bis2022,frueh,0-10,7,1.781
ANET,bis2022,sehr weit,unter Einstieg,38,-1.803
ANET,bis2022,frueh,25-40,5,1.838
ANET,bis2022,frueh,40-100,14,2.48
ANET,ab2023,mittel,40-100,99,1.897
ANET,ab2023,mittel,10-25,36,1.108
ANET,ab2023,mittel,0-10,37,0.454
ANET,ab2023,mittel,25-40,43,0.374
ANET,ab2023,mittel,unter Einstieg,65,2.644
ANET,ab2023,weit,10-25,22,-0.297
ANET,ab2023,weit,0-10,33,0.014
ANET,ab2023,sehr weit,0-10,27,-0.409
ANET,ab2023,weit,25-40,15,0.367
ANET,ab2023,sehr weit,10-25,9,0.631
ANET,ab2023,frueh,0-10,2,-1.279
ANET,ab2023,frueh,10-25,3,1.68
ANET,ab2023,weit,40-100,20,0.932
ANET,ab2023,frueh,unter Einstieg,6,-1.42
ANET,ab2023,frueh,40-100,1,-2.737
ANET,ab2023,sehr weit,25-40,3,0.355
ANET,ab2023,weit,unter Einstieg,12,4.839
ANET,ab2023,sehr weit,40-100,4,2.44
APH,bis2022,mittel,0-10,189,0.437
APH,bis2022,mittel,40-100,486,0.767
APH,bis2022,mittel,unter Einstieg,663,0.822
APH,bis2022,weit,40-100,336,0.645
APH,bis2022,weit,25-40,110,0.922
APH,bis2022,sehr weit,10-25,103,0.057
APH,bis2022,sehr weit,40-100,98,0.97
APH,bis2022,sehr weit,25-40,41,0.327
APH,bis2022,weit,0-10,195,0.278
APH,bis2022,weit,unter Einstieg,216,0.251
APH,bis2022,weit,10-25,136,0.571
APH,bis2022,mittel,10-25,197,0.514
APH,bis2022,mittel,25-40,165,1.061
APH,bis2022,sehr weit,0-10,204,-0.126
APH,bis2022,sehr weit,unter Einstieg,36,2.83
APH,ab2023,mittel,10-25,27,0.317
APH,ab2023,mittel,25-40,17,0.207
APH,ab2023,mittel,40-100,72,-0.735
APH,ab2023,mittel,unter Einstieg,50,-0.514
APH,ab2023,mittel,0-10,29,-0.03
APH,ab2023,weit,0-10,38,-0.642
APH,ab2023,weit,10-25,40,0.325
APH,ab2023,weit,40-100,100,0.667
APH,ab2023,weit,unter Einstieg,39,0.606
APH,ab2023,weit,25-40,47,0.825
APH,ab2023,sehr weit,0-10,39,-0.857
APH,ab2023,sehr weit,10-25,13,-1.46
APH,ab2023,sehr weit,40-100,34,-2.717
APH,ab2023,sehr weit,unter Einstieg,10,-2.117
APH,ab2023,sehr weit,25-40,6,-2.54
APP,bis2022,mittel,25-40,29,-1.113
APP,bis2022,mittel,40-100,134,-1.877
APP,bis2022,mittel,0-10,24,-1.559
APP,bis2022,mittel,10-25,37,-1.397
APP,bis2022,mittel,unter Einstieg,235,-1.022
APP,bis2022,weit,0-10,21,-0.749
APP,bis2022,sehr weit,0-10,15,-0.435
APP,bis2022,frueh,unter Einstieg,25,-1.559
APP,bis2022,frueh,40-100,11,-2.684
APP,bis2022,frueh,10-25,2,-3.671
APP,bis2022,weit,25-40,4,-3.351
APP,bis2022,weit,40-100,7,-3.607
APP,bis2022,weit,unter Einstieg,19,-1.705
APP,bis2022,weit,10-25,8,0.234
APP,bis2022,frueh,0-10,2,-3.752
APP,ab2023,mittel,0-10,49,0.742
APP,ab2023,weit,10-25,13,1.535
APP,ab2023,weit,25-40,11,2.361
APP,ab2023,mittel,10-25,33,1.718
APP,ab2023,weit,0-10,24,0.581
APP,ab2023,mittel,40-100,56,2.7
APP,ab2023,weit,40-100,9,4.378
APP,ab2023,sehr weit,40-100,76,2.684
APP,ab2023,sehr weit,10-25,24,0.194
APP,ab2023,sehr weit,25-40,7,0.538
APP,ab2023,sehr weit,unter Einstieg,10,4.6
APP,ab2023,sehr weit,0-10,12,-0.112
APP,ab2023,frueh,10-25,1,4.265
APP,ab2023,mittel,25-40,17,2.251
APP,ab2023,mittel,unter Einstieg,75,2.891
ARM,ab2023,frueh,25-40,17,-0.39
ARM,ab2023,frueh,40-100,52,1.528
ARM,ab2023,mittel,0-10,31,1.063
ARM,ab2023,sehr weit,10-25,4,-1.524
ARM,ab2023,frueh,10-25,34,-0.343
ARM,ab2023,frueh,0-10,13,0.603
ARM,ab2023,mittel,25-40,21,1.23
ARM,ab2023,mittel,40-100,40,1.693
ARM,ab2023,weit,0-10,10,0.126
ARM,ab2023,frueh,unter Einstieg,46,0.806
ARM,ab2023,mittel,10-25,35,1.033
ARM,ab2023,weit,40-100,6,1.861
ARM,ab2023,weit,25-40,2,1.17
ARM,ab2023,weit,10-25,5,0.671
ARM,ab2023,sehr weit,0-10,4,-0.937
ARM,ab2023,sehr weit,40-100,1,2.616
ASML,bis2022,mittel,40-100,380,-0.363
ASML,bis2022,mittel,25-40,155,0.377
ASML,bis2022,mittel,unter Einstieg,634,-0.467
ASML,bis2022,sehr weit,0-10,188,0.133
ASML,bis2022,sehr weit,40-100,538,1.754
ASML,bis2022,sehr weit,unter Einstieg,116,2.739
ASML,bis2022,mittel,10-25,199,-0.079
ASML,bis2022,mittel,0-10,166,0.269
ASML,bis2022,weit,10-25,214,0.023
ASML,bis2022,weit,25-40,120,-0.191
ASML,bis2022,weit,40-100,294,-0.266
ASML,bis2022,weit,0-10,154,0.352
ASML,bis2022,sehr weit,10-25,169,0.175
ASML,bis2022,sehr weit,25-40,122,0.54
ASML,bis2022,weit,unter Einstieg,338,0.139
ASML,ab2023,mittel,40-100,56,1.898
ASML,ab2023,mittel,10-25,33,0.907
ASML,ab2023,weit,0-10,36,0.814
ASML,ab2023,sehr weit,0-10,61,0.64
ASML,ab2023,sehr weit,10-25,31,0.927
ASML,ab2023,mittel,25-40,27,1.037
ASML,ab2023,weit,40-100,88,1.606
ASML,ab2023,weit,25-40,29,1.073
ASML,ab2023,weit,10-25,19,0.519
ASML,ab2023,mittel,unter Einstieg,44,0.83
ASML,ab2023,sehr weit,40-100,86,1.233
ASML,ab2023,sehr weit,25-40,12,1.275
ASML,ab2023,sehr weit,unter Einstieg,35,0.96
ASML,ab2023,mittel,0-10,20,0.742
ASML,ab2023,weit,unter Einstieg,25,1.92
AVGO,bis2022,mittel,25-40,199,1.08
AVGO,bis2022,mittel,40-100,348,0.992
AVGO,bis2022,mittel,10-25,207,0.637
AVGO,bis2022,mittel,unter Einstieg,302,0.803
AVGO,bis2022,weit,0-10,179,0.27
AVGO,bis2022,sehr weit,0-10,120,-0.145
AVGO,bis2022,weit,40-100,302,1.7
AVGO,bis2022,weit,unter Einstieg,81,1.585
AVGO,bis2022,frueh,0-10,7,0.863
AVGO,bis2022,weit,25-40,110,1.16
AVGO,bis2022,weit,10-25,163,0.657
AVGO,bis2022,mittel,0-10,139,0.483
AVGO,bis2022,sehr weit,10-25,74,0.51
AVGO,bis2022,sehr weit,40-100,66,1.031
AVGO,bis2022,sehr weit,25-40,43,0.926
AVGO,bis2022,frueh,25-40,3,2.332
AVGO,bis2022,frueh,40-100,6,1.528
AVGO,bis2022,frueh,unter Einstieg,3,2.964
AVGO,bis2022,frueh,10-25,8,0.588
AVGO,bis2022,sehr weit,unter Einstieg,14,1.08
AVGO,ab2023,mittel,25-40,21,-0.103
AVGO,ab2023,mittel,10-25,37,0.116
AVGO,ab2023,sehr weit,0-10,49,0.628
AVGO,ab2023,mittel,0-10,27,-0.529
AVGO,ab2023,mittel,unter Einstieg,104,0.225
AVGO,ab2023,mittel,40-100,52,0.335
AVGO,ab2023,weit,10-25,19,0.194
AVGO,ab2023,weit,40-100,86,2.249
AVGO,ab2023,weit,unter Einstieg,65,2.308
AVGO,ab2023,weit,25-40,31,1.162
AVGO,ab2023,sehr weit,40-100,89,2.192
AVGO,ab2023,sehr weit,unter Einstieg,40,3.52
AVGO,ab2023,sehr weit,25-40,15,1.031
AVGO,ab2023,sehr weit,10-25,14,0.308
AVGO,ab2023,weit,0-10,18,-0.49
AVGO,ab2023,frueh,40-100,1,2.352
AXON,bis2022,frueh,40-100,17,1.978
AXON,bis2022,frueh,unter Einstieg,36,5.28
AXON,bis2022,weit,40-100,414,1.036
AXON,bis2022,weit,unter Einstieg,316,0.998
AXON,bis2022,weit,10-25,183,0.628
AXON,bis2022,sehr weit,10-25,156,1.582
AXON,bis2022,mittel,25-40,205,0.722
AXON,bis2022,mittel,40-100,589,1.36
AXON,bis2022,mittel,unter Einstieg,653,1.34
AXON,bis2022,sehr weit,40-100,584,2.651
AXON,bis2022,sehr weit,unter Einstieg,171,4.546
AXON,bis2022,sehr weit,0-10,234,0.425
AXON,bis2022,sehr weit,25-40,86,1.612
AXON,bis2022,weit,25-40,126,0.975
AXON,bis2022,frueh,10-25,9,-0.038
AXON,bis2022,mittel,10-25,201,0.616
AXON,bis2022,weit,0-10,152,0.475
AXON,bis2022,mittel,0-10,178,0.524
AXON,bis2022,frueh,0-10,10,0.138
AXON,bis2022,frueh,25-40,9,0.133
AXON,ab2023,mittel,0-10,11,-0.565
AXON,ab2023,sehr weit,40-100,29,-3.438
AXON,ab2023,sehr weit,10-25,12,-1.41
AXON,ab2023,weit,40-100,11,0.325
AXON,ab2023,weit,10-25,5,-0.554
AXON,ab2023,mittel,10-25,20,-1.769
AXON,ab2023,mittel,25-40,25,0.275
AXON,ab2023,mittel,40-100,56,1.234
AXON,ab2023,mittel,unter Einstieg,68,-0.801
AXON,ab2023,sehr weit,25-40,5,0.209
AXON,ab2023,sehr weit,0-10,25,-0.09
AXON,ab2023,weit,0-10,7,0.459
AXON,ab2023,weit,25-40,3,0.012
AXON,ab2023,sehr weit,unter Einstieg,21,-1.821
AXON,ab2023,frueh,40-100,1,-3.819
AXON,ab2023,weit,unter Einstieg,15,-2.24
AXP,bis2022,weit,0-10,208,-0.29
AXP,bis2022,weit,10-25,191,-0.007
AXP,bis2022,weit,40-100,554,0.593
AXP,bis2022,sehr weit,0-10,152,-0.35
AXP,bis2022,mittel,10-25,253,-0.344
AXP,bis2022,mittel,25-40,209,0.111
AXP,bis2022,mittel,unter Einstieg,873,-0.796
AXP,bis2022,mittel,40-100,640,0.181
AXP,bis2022,weit,25-40,150,-0.108
AXP,bis2022,weit,unter Einstieg,333,-0.15
AXP,bis2022,mittel,0-10,207,0.071
AXP,bis2022,sehr weit,25-40,62,0.225
AXP,bis2022,sehr weit,unter Einstieg,44,0.108
AXP,bis2022,sehr weit,40-100,83,1.32
AXP,bis2022,sehr weit,10-25,89,0.18
AXP,ab2023,mittel,0-10,25,-0.116
AXP,ab2023,mittel,40-100,99,0.296
AXP,ab2023,mittel,unter Einstieg,94,0.353
AXP,ab2023,mittel,25-40,32,0.12
AXP,ab2023,mittel,10-25,33,1.006
AXP,ab2023,weit,10-25,29,1.165
AXP,ab2023,sehr weit,0-10,41,0.048
AXP,ab2023,weit,0-10,30,0.064
AXP,ab2023,weit,40-100,19,0.388
AXP,ab2023,sehr weit,10-25,13,0.399
AXP,ab2023,sehr weit,40-100,2,-3.476
AXP,ab2023,sehr weit,unter Einstieg,4,-1.349
AXP,ab2023,weit,unter Einstieg,5,-1.356
AXP,ab2023,weit,25-40,16,0.608
AXP,ab2023,sehr weit,25-40,5,1.674
AZN,bis2022,weit,25-40,182,-0.382
AZN,bis2022,weit,40-100,546,-0.252
AZN,bis2022,weit,unter Einstieg,399,0.529
AZN,bis2022,mittel,25-40,252,0.38
AZN,bis2022,mittel,40-100,603,0.293
AZN,bis2022,mittel,10-25,277,0.013
AZN,bis2022,mittel,unter Einstieg,697,0.988
AZN,bis2022,weit,10-25,255,0.031
AZN,bis2022,sehr weit,25-40,187,0.339
AZN,bis2022,sehr weit,10-25,280,0.431
AZN,bis2022,sehr weit,40-100,430,-0.004
AZN,bis2022,sehr weit,unter Einstieg,173,0.429
AZN,bis2022,sehr weit,0-10,304,0.084
AZN,bis2022,mittel,0-10,191,-0.028
AZN,bis2022,weit,0-10,225,-0.158
AZN,ab2023,weit,25-40,21,1.024
AZN,ab2023,sehr weit,0-10,28,0.819
AZN,ab2023,sehr weit,10-25,13,1.971
AZN,ab2023,sehr weit,40-100,18,4.273
AZN,ab2023,sehr weit,25-40,11,3.084
AZN,ab2023,sehr weit,unter Einstieg,12,5.893
AZN,ab2023,mittel,40-100,100,0.581
AZN,ab2023,mittel,10-25,31,0.544
AZN,ab2023,mittel,25-40,31,0.754
AZN,ab2023,mittel,0-10,38,0.594
AZN,ab2023,weit,0-10,27,0.549
AZN,ab2023,weit,10-25,15,0.419
AZN,ab2023,weit,40-100,64,0.495
AZN,ab2023,mittel,unter Einstieg,99,-1.242
AZN,ab2023,weit,unter Einstieg,13,3.11
BA,bis2022,mittel,25-40,219,0.727
BA,bis2022,weit,10-25,238,0.642
BA,bis2022,weit,40-100,505,0.692
BA,bis2022,weit,25-40,206,0.726
BA,bis2022,weit,unter Einstieg,179,-0.52
BA,bis2022,sehr weit,0-10,233,0.371
BA,bis2022,mittel,40-100,634,0.615
BA,bis2022,mittel,10-25,254,0.774
BA,bis2022,sehr weit,25-40,143,-0.337
BA,bis2022,weit,0-10,198,0.644
BA,bis2022,mittel,0-10,209,0.345
BA,bis2022,mittel,unter Einstieg,739,0.363
BA,bis2022,sehr weit,10-25,125,0.113
BA,bis2022,sehr weit,40-100,373,0.582
BA,bis2022,sehr weit,unter Einstieg,82,-1.541
BA,ab2023,weit,0-10,29,-0.087
BA,ab2023,weit,40-100,186,-0.801
BA,ab2023,weit,unter Einstieg,113,0.775
BA,ab2023,mittel,0-10,27,-1.231
BA,ab2023,weit,25-40,61,-1.703
BA,ab2023,weit,10-25,45,0.359
BA,ab2023,sehr weit,10-25,33,0.532
BA,ab2023,sehr weit,25-40,41,-0.63
BA,ab2023,sehr weit,40-100,116,1.443
BA,ab2023,sehr weit,unter Einstieg,63,1.175
BA,ab2023,sehr weit,0-10,30,0.068
BA,ab2023,mittel,40-100,148,-0.71
BA,ab2023,mittel,unter Einstieg,270,-0.013
BA,ab2023,mittel,10-25,38,0.295
BA,ab2023,mittel,25-40,41,-0.142
BABA,bis2022,mittel,40-100,259,-0.465
BABA,bis2022,mittel,10-25,109,0.003
BABA,bis2022,mittel,unter Einstieg,398,0.119
BABA,bis2022,mittel,0-10,35,-0.109
BABA,bis2022,weit,25-40,79,-0.443
BABA,bis2022,weit,0-10,67,-0.43
BABA,bis2022,weit,40-100,285,-0.67
BABA,bis2022,weit,unter Einstieg,281,-1.0
BABA,bis2022,weit,10-25,96,-0.617
BABA,bis2022,sehr weit,10-25,57,0.278
BABA,bis2022,sehr weit,25-40,44,-1.454
BABA,bis2022,mittel,25-40,100,-0.259
BABA,bis2022,sehr weit,40-100,201,-0.856
BABA,bis2022,sehr weit,unter Einstieg,111,-1.317
BABA,bis2022,sehr weit,0-10,70,-0.415
BABA,ab2023,mittel,25-40,30,-0.788
BABA,ab2023,mittel,unter Einstieg,161,0.579
BABA,ab2023,weit,10-25,46,-0.421
BABA,ab2023,sehr weit,10-25,43,0.362
BABA,ab2023,mittel,40-100,62,0.288
BABA,ab2023,sehr weit,0-10,55,0.68
BABA,ab2023,mittel,10-25,34,0.032
BABA,ab2023,mittel,0-10,21,-0.162
BABA,ab2023,weit,40-100,115,0.699
BABA,ab2023,weit,unter Einstieg,191,-0.114
BABA,ab2023,weit,25-40,46,-0.335
BABA,ab2023,weit,0-10,24,0.244
BABA,ab2023,sehr weit,40-100,66,1.261
BABA,ab2023,sehr weit,unter Einstieg,88,2.096
BABA,ab2023,sehr weit,25-40,11,1.505
BAC,bis2022,mittel,25-40,180,0.327
BAC,bis2022,mittel,10-25,211,0.182
BAC,bis2022,weit,10-25,184,0.114
BAC,bis2022,mittel,0-10,119,0.465
BAC,bis2022,weit,0-10,146,0.378
BAC,bis2022,weit,25-40,151,0.078
BAC,bis2022,weit,unter Einstieg,451,0.781
BAC,bis2022,mittel,40-100,586,-0.186
BAC,bis2022,mittel,unter Einstieg,787,-0.369
BAC,bis2022,weit,40-100,471,-0.204
BAC,bis2022,sehr weit,10-25,146,0.064
BAC,bis2022,sehr weit,40-100,284,-0.886
BAC,bis2022,sehr weit,25-40,117,-0.226
BAC,bis2022,sehr weit,unter Einstieg,109,-1.102
BAC,bis2022,sehr weit,0-10,169,0.158
BAC,ab2023,mittel,10-25,42,0.866
BAC,ab2023,mittel,40-100,40,1.483
BAC,ab2023,mittel,unter Einstieg,29,-0.671
BAC,ab2023,mittel,25-40,30,1.14
BAC,ab2023,mittel,0-10,23,0.629
BAC,ab2023,weit,10-25,31,1.34
BAC,ab2023,weit,0-10,25,0.395
BAC,ab2023,weit,25-40,37,2.671
BAC,ab2023,weit,40-100,59,2.472
BAC,ab2023,sehr weit,0-10,32,0.39
BAC,ab2023,weit,unter Einstieg,23,2.247
BAC,ab2023,sehr weit,40-100,51,2.577
BAC,ab2023,sehr weit,25-40,25,1.423
BAC,ab2023,sehr weit,10-25,29,1.165
BAC,ab2023,sehr weit,unter Einstieg,18,4.304
BAS.DE,bis2022,mittel,10-25,209,0.237
BAS.DE,bis2022,weit,10-25,198,0.229
BAS.DE,bis2022,sehr weit,10-25,186,0.179
BAS.DE,bis2022,sehr weit,0-10,274,0.098
BAS.DE,bis2022,mittel,0-10,110,0.466
BAS.DE,bis2022,weit,40-100,566,-0.416
BAS.DE,bis2022,weit,unter Einstieg,509,0.13
BAS.DE,bis2022,mittel,25-40,146,0.723
BAS.DE,bis2022,mittel,40-100,437,0.177
BAS.DE,bis2022,weit,0-10,177,0.261
BAS.DE,bis2022,weit,25-40,171,0.273
BAS.DE,bis2022,mittel,unter Einstieg,802,0.442
BAS.DE,bis2022,sehr weit,25-40,159,-0.309
BAS.DE,bis2022,sehr weit,40-100,438,-0.134
BAS.DE,bis2022,sehr weit,unter Einstieg,236,-0.525
BAS.DE,ab2023,weit,10-25,56,1.148
BAS.DE,ab2023,weit,40-100,131,1.685
BAS.DE,ab2023,mittel,10-25,39,1.081
BAS.DE,ab2023,weit,0-10,21,1.196
BAS.DE,ab2023,sehr weit,25-40,92,2.678
BAS.DE,ab2023,sehr weit,40-100,468,3.169
BAS.DE,ab2023,sehr weit,10-25,125,1.863
BAS.DE,ab2023,weit,25-40,34,0.98
BAS.DE,ab2023,sehr weit,0-10,95,1.064
BAS.DE,ab2023,mittel,25-40,28,2.588
BAS.DE,ab2023,mittel,40-100,95,1.507
BAS.DE,ab2023,mittel,0-10,18,1.163
BAS.DE,ab2023,mittel,unter Einstieg,216,2.93
BAS.DE,ab2023,weit,unter Einstieg,82,1.731
BAS.DE,ab2023,sehr weit,unter Einstieg,131,3.209
BAYN.DE,bis2022,mittel,0-10,120,-0.001
BAYN.DE,bis2022,weit,10-25,181,-0.383
BAYN.DE,bis2022,weit,25-40,169,0.202
BAYN.DE,bis2022,weit,0-10,127,0.046
BAYN.DE,bis2022,weit,40-100,520,-0.857
BAYN.DE,bis2022,mittel,10-25,198,-0.236
BAYN.DE,bis2022,mittel,40-100,467,-0.245
BAYN.DE,bis2022,sehr weit,10-25,208,2.655
BAYN.DE,bis2022,sehr weit,0-10,284,1.682
BAYN.DE,bis2022,sehr weit,25-40,133,0.739
BAYN.DE,bis2022,sehr weit,40-100,207,0.07
BAYN.DE,bis2022,mittel,unter Einstieg,632,-0.877
BAYN.DE,bis2022,mittel,25-40,195,0.318
BAYN.DE,bis2022,weit,unter Einstieg,429,-1.169
BAYN.DE,bis2022,sehr weit,unter Einstieg,58,-0.899
BAYN.DE,ab2023,mittel,0-10,28,0.609
BAYN.DE,ab2023,sehr weit,25-40,10,2.59
BAYN.DE,ab2023,sehr weit,0-10,30,0.703
BAYN.DE,ab2023,mittel,10-25,47,0.16
BAYN.DE,ab2023,mittel,40-100,100,-0.035
BAYN.DE,ab2023,mittel,unter Einstieg,77,0.862
BAYN.DE,ab2023,mittel,25-40,43,-0.046
BAYN.DE,ab2023,weit,0-10,23,0.45
BAYN.DE,ab2023,weit,10-25,42,-0.212
BAYN.DE,ab2023,weit,40-100,59,0.146
BAYN.DE,ab2023,sehr weit,10-25,20,0.702
BAYN.DE,ab2023,sehr weit,40-100,27,4.543
BAYN.DE,ab2023,weit,25-40,22,0.204
BAYN.DE,ab2023,weit,unter Einstieg,63,-1.031
BAYN.DE,ab2023,sehr weit,unter Einstieg,16,4.854
BBVA,bis2022,sehr weit,10-25,242,0.51
BBVA,bis2022,sehr weit,40-100,597,-0.038
BBVA,bis2022,sehr weit,unter Einstieg,309,0.375
BBVA,bis2022,sehr weit,25-40,202,0.443
BBVA,bis2022,sehr weit,0-10,425,-0.054
BBVA,bis2022,mittel,10-25,163,-0.131
BBVA,bis2022,weit,10-25,203,0.477
BBVA,bis2022,weit,0-10,230,0.048
BBVA,bis2022,weit,25-40,204,0.152
BBVA,bis2022,weit,40-100,605,0.553
BBVA,bis2022,weit,unter Einstieg,706,0.339
BBVA,bis2022,mittel,0-10,120,0.03
BBVA,bis2022,mittel,25-40,123,0.108
BBVA,bis2022,mittel,40-100,378,0.3
BBVA,bis2022,mittel,unter Einstieg,691,0.836
BBVA,ab2023,sehr weit,0-10,50,0.369
BBVA,ab2023,sehr weit,25-40,18,1.117
BBVA,ab2023,sehr weit,40-100,61,1.349
BBVA,ab2023,sehr weit,10-25,33,1.179
BBVA,ab2023,weit,10-25,33,0.162
BBVA,ab2023,weit,40-100,102,-0.722
BBVA,ab2023,weit,25-40,47,-0.206
BBVA,ab2023,mittel,25-40,24,0.993
BBVA,ab2023,mittel,unter Einstieg,55,2.874
BBVA,ab2023,mittel,40-100,59,2.069
BBVA,ab2023,weit,0-10,36,0.489
BBVA,ab2023,mittel,0-10,14,1.324
BBVA,ab2023,weit,unter Einstieg,77,0.088
BBVA,ab2023,mittel,10-25,20,0.641
BBVA,ab2023,sehr weit,unter Einstieg,66,-1.148
BEI.DE,bis2022,weit,10-25,203,-0.393
BEI.DE,bis2022,weit,25-40,199,-0.815
BEI.DE,bis2022,weit,40-100,547,-0.599
BEI.DE,bis2022,weit,unter Einstieg,376,-0.505
BEI.DE,bis2022,mittel,10-25,197,0.188
BEI.DE,bis2022,mittel,25-40,162,-0.213
BEI.DE,bis2022,mittel,40-100,600,0.272
BEI.DE,bis2022,mittel,unter Einstieg,569,0.475
BEI.DE,bis2022,sehr weit,0-10,154,-0.768
BEI.DE,bis2022,sehr weit,25-40,209,-0.368
BEI.DE,bis2022,sehr weit,40-100,489,-1.283
BEI.DE,bis2022,sehr weit,10-25,139,-0.655
BEI.DE,bis2022,sehr weit,unter Einstieg,256,-1.389
BEI.DE,bis2022,weit,0-10,112,-0.4
BEI.DE,bis2022,mittel,0-10,109,0.195
BEI.DE,ab2023,mittel,10-25,60,0.781
BEI.DE,ab2023,mittel,40-100,182,0.576
BEI.DE,ab2023,weit,10-25,42,1.217
BEI.DE,ab2023,sehr weit,0-10,52,0.119
BEI.DE,ab2023,sehr weit,10-25,29,1.056
BEI.DE,ab2023,weit,0-10,48,0.405
BEI.DE,ab2023,mittel,unter Einstieg,208,0.61
BEI.DE,ab2023,weit,40-100,296,1.189
BEI.DE,ab2023,weit,25-40,63,0.815
BEI.DE,ab2023,weit,unter Einstieg,184,2.03
BEI.DE,ab2023,mittel,0-10,45,-0.01
BEI.DE,ab2023,mittel,25-40,41,0.07
BEI.DE,ab2023,sehr weit,40-100,134,1.474
BEI.DE,ab2023,sehr weit,25-40,35,1.592
BEI.DE,ab2023,sehr weit,unter Einstieg,23,-0.602
BHP,bis2022,mittel,25-40,154,0.338
BHP,bis2022,mittel,40-100,453,0.303
BHP,bis2022,mittel,10-25,247,0.241
BHP,bis2022,mittel,unter Einstieg,585,0.417
BHP,bis2022,mittel,0-10,136,0.633
BHP,bis2022,weit,10-25,261,0.43
BHP,bis2022,weit,25-40,190,1.034
BHP,bis2022,weit,40-100,563,1.08
BHP,bis2022,weit,unter Einstieg,355,1.304
BHP,bis2022,weit,0-10,200,0.339
BHP,bis2022,sehr weit,0-10,272,0.388
BHP,bis2022,sehr weit,25-40,101,1.222
BHP,bis2022,sehr weit,40-100,272,1.4
BHP,bis2022,sehr weit,10-25,185,1.153
BHP,bis2022,sehr weit,unter Einstieg,101,1.408
BHP,ab2023,mittel,10-25,39,0.212
BHP,ab2023,mittel,0-10,34,0.7
BHP,ab2023,mittel,25-40,65,0.105
BHP,ab2023,mittel,40-100,155,-0.307
BHP,ab2023,mittel,unter Einstieg,200,0.344
BHP,ab2023,weit,0-10,36,0.408
BHP,ab2023,weit,10-25,61,-0.729
BHP,ab2023,weit,25-40,58,0.109
BHP,ab2023,weit,40-100,194,0.038
BHP,ab2023,weit,unter Einstieg,208,1.514
BHP,ab2023,sehr weit,10-25,58,0.288
BHP,ab2023,sehr weit,25-40,45,0.69
BHP,ab2023,sehr weit,40-100,111,0.317
BHP,ab2023,sehr weit,unter Einstieg,61,0.305
BHP,ab2023,sehr weit,0-10,51,0.176
BIIB,bis2022,mittel,25-40,167,0.694
BIIB,bis2022,mittel,10-25,154,0.055
BIIB,bis2022,mittel,40-100,555,1.089
BIIB,bis2022,mittel,unter Einstieg,518,0.925
BIIB,bis2022,mittel,0-10,112,0.07
BIIB,bis2022,sehr weit,0-10,92,-0.722
BIIB,bis2022,weit,0-10,120,0.062
BIIB,bis2022,weit,10-25,158,0.507
BIIB,bis2022,weit,25-40,168,0.989
BIIB,bis2022,weit,40-100,522,1.538
BIIB,bis2022,weit,unter Einstieg,192,1.329
BIIB,bis2022,sehr weit,40-100,323,0.5
BIIB,bis2022,sehr weit,25-40,87,-0.963
BIIB,bis2022,sehr weit,unter Einstieg,148,0.703
BIIB,bis2022,sehr weit,10-25,88,-0.39
BIIB,ab2023,sehr weit,40-100,88,-1.711
BIIB,ab2023,sehr weit,25-40,21,-2.099
BIIB,ab2023,sehr weit,10-25,28,-0.58
BIIB,ab2023,sehr weit,0-10,25,-1.312
BIIB,ab2023,mittel,10-25,43,-0.448
BIIB,ab2023,mittel,40-100,128,-1.868
BIIB,ab2023,weit,0-10,24,-0.156
BIIB,ab2023,weit,40-100,89,-1.534
BIIB,ab2023,weit,25-40,20,-0.819
BIIB,ab2023,weit,10-25,18,-1.326
BIIB,ab2023,mittel,25-40,38,-1.396
BIIB,ab2023,weit,unter Einstieg,121,-1.819
BIIB,ab2023,mittel,unter Einstieg,372,-1.632
BIIB,ab2023,mittel,0-10,25,-1.782
BIIB,ab2023,sehr weit,unter Einstieg,35,-1.481
BKNG,bis2022,mittel,10-25,276,0.751
BKNG,bis2022,mittel,40-100,491,0.759
BKNG,bis2022,mittel,unter Einstieg,402,0.55
BKNG,bis2022,weit,40-100,302,0.176
BKNG,bis2022,weit,25-40,93,0.466
BKNG,bis2022,sehr weit,10-25,50,0.678
BKNG,bis2022,mittel,25-40,216,0.967
BKNG,bis2022,weit,10-25,163,0.33
BKNG,bis2022,frueh,40-100,44,2.099
BKNG,bis2022,mittel,0-10,198,0.569
BKNG,bis2022,sehr weit,0-10,150,0.531
BKNG,bis2022,frueh,10-25,15,0.676
BKNG,bis2022,weit,unter Einstieg,251,1.105
BKNG,bis2022,frueh,25-40,21,1.028
BKNG,bis2022,frueh,unter Einstieg,58,0.17
BKNG,bis2022,weit,0-10,159,0.248
BKNG,bis2022,frueh,0-10,13,0.227
BKNG,bis2022,sehr weit,40-100,172,1.067
BKNG,bis2022,sehr weit,unter Einstieg,73,2.522
BKNG,bis2022,sehr weit,25-40,28,0.636
BKNG,ab2023,frueh,10-25,5,1.293
BKNG,ab2023,weit,0-10,15,0.434
BKNG,ab2023,weit,25-40,14,1.446
BKNG,ab2023,weit,40-100,69,1.299
BKNG,ab2023,weit,10-25,22,0.738
BKNG,ab2023,sehr weit,0-10,23,0.244
BKNG,ab2023,mittel,10-25,23,0.559
BKNG,ab2023,mittel,0-10,23,-0.007
BKNG,ab2023,sehr weit,25-40,7,0.433
BKNG,ab2023,sehr weit,40-100,11,1.216
BKNG,ab2023,sehr weit,10-25,4,-0.052
BKNG,ab2023,frueh,0-10,2,1.245
BKNG,ab2023,mittel,40-100,62,0.211
BKNG,ab2023,mittel,25-40,16,-0.465
BKNG,ab2023,mittel,unter Einstieg,67,-1.454
BKNG,ab2023,frueh,unter Einstieg,1,5.825
BKNG,ab2023,weit,unter Einstieg,4,2.408
BKNG,ab2023,frueh,40-100,2,1.243
BKR,bis2022,mittel,10-25,200,0.185
BKR,bis2022,mittel,40-100,718,0.572
BKR,bis2022,mittel,25-40,176,0.187
BKR,bis2022,weit,10-25,254,0.437
BKR,bis2022,weit,unter Einstieg,590,1.712
BKR,bis2022,weit,40-100,730,1.21
BKR,bis2022,weit,0-10,207,0.032
BKR,bis2022,mittel,0-10,147,0.553
BKR,bis2022,mittel,unter Einstieg,967,0.825
BKR,bis2022,sehr weit,10-25,232,0.529
BKR,bis2022,sehr weit,25-40,143,0.957
BKR,bis2022,sehr weit,0-10,293,0.254
BKR,bis2022,sehr weit,unter Einstieg,385,1.435
BKR,bis2022,sehr weit,40-100,493,0.692
BKR,bis2022,weit,25-40,245,0.722
BKR,ab2023,mittel,40-100,145,-0.687
BKR,ab2023,mittel,25-40,35,0.502
BKR,ab2023,mittel,10-25,47,-0.15
BKR,ab2023,weit,0-10,21,-0.224
BKR,ab2023,weit,25-40,34,0.574
BKR,ab2023,weit,40-100,106,1.196
BKR,ab2023,weit,unter Einstieg,39,2.253
BKR,ab2023,weit,10-25,67,0.35
BKR,ab2023,mittel,0-10,11,-0.711
BKR,ab2023,sehr weit,10-25,39,0.47
BKR,ab2023,sehr weit,25-40,52,2.282
BKR,ab2023,sehr weit,40-100,52,2.856
BKR,ab2023,sehr weit,0-10,57,0.275
BKR,ab2023,mittel,unter Einstieg,172,-1.166
BKR,ab2023,sehr weit,unter Einstieg,1,-1.606
BLK,bis2022,mittel,10-25,220,0.084
BLK,bis2022,mittel,0-10,197,-0.395
BLK,bis2022,weit,25-40,197,-0.327
BLK,bis2022,weit,10-25,186,-0.052
BLK,bis2022,mittel,40-100,711,0.227
BLK,bis2022,mittel,unter Einstieg,1003,0.759
BLK,bis2022,mittel,25-40,215,-0.225
BLK,bis2022,weit,40-100,466,-0.033
BLK,bis2022,weit,unter Einstieg,340,-0.423
BLK,bis2022,sehr weit,10-25,165,-0.817
BLK,bis2022,weit,0-10,215,-0.179
BLK,bis2022,sehr weit,0-10,195,-0.145
BLK,bis2022,sehr weit,25-40,150,-2.099
BLK,bis2022,sehr weit,40-100,417,-1.595
BLK,bis2022,sehr weit,unter Einstieg,178,-0.977
BLK,ab2023,mittel,40-100,75,-0.978
BLK,ab2023,weit,0-10,24,-0.434
BLK,ab2023,weit,40-100,36,0.637
BLK,ab2023,weit,25-40,19,0.558
BLK,ab2023,weit,10-25,38,0.159
BLK,ab2023,mittel,10-25,28,-0.104
BLK,ab2023,mittel,25-40,33,0.619
BLK,ab2023,mittel,0-10,23,0.327
BLK,ab2023,sehr weit,25-40,28,-0.361
BLK,ab2023,sehr weit,10-25,15,-0.074
BLK,ab2023,sehr weit,0-10,21,-1.159
BLK,ab2023,sehr weit,40-100,30,0.074
BLK,ab2023,mittel,unter Einstieg,57,-1.762
BLK,ab2023,sehr weit,unter Einstieg,19,-1.461
BLK,ab2023,weit,unter Einstieg,1,3.819
BMO,bis2022,mittel,25-40,122,0.126
BMO,bis2022,mittel,10-25,189,0.254
BMO,bis2022,mittel,40-100,386,-0.206
BMO,bis2022,weit,0-10,146,0.439
BMO,bis2022,weit,10-25,174,0.233
BMO,bis2022,sehr weit,0-10,274,0.207
BMO,bis2022,weit,40-100,322,0.617
BMO,bis2022,weit,25-40,123,0.356
BMO,bis2022,sehr weit,10-25,110,0.327
BMO,bis2022,sehr weit,25-40,52,1.345
BMO,bis2022,sehr weit,40-100,172,-0.795
BMO,bis2022,mittel,0-10,128,0.031
BMO,bis2022,sehr weit,unter Einstieg,109,-1.074
BMO,bis2022,weit,unter Einstieg,235,1.719
BMO,bis2022,mittel,unter Einstieg,552,0.027
BMO,ab2023,mittel,0-10,31,0.144
BMO,ab2023,weit,10-25,45,0.549
BMO,ab2023,weit,0-10,33,0.121
BMO,ab2023,mittel,25-40,17,0.205
BMO,ab2023,mittel,40-100,42,0.192
BMO,ab2023,mittel,10-25,33,-0.172
BMO,ab2023,mittel,unter Einstieg,67,2.022
BMO,ab2023,weit,25-40,30,0.928
BMO,ab2023,weit,40-100,50,1.656
BMO,ab2023,weit,unter Einstieg,47,1.519
BMO,ab2023,sehr weit,0-10,47,0.455
BMO,ab2023,sehr weit,10-25,13,0.951
BMO,ab2023,sehr weit,25-40,15,1.003
BMO,ab2023,sehr weit,40-100,31,2.004
BMO,ab2023,sehr weit,unter Einstieg,6,3.796
BMW.DE,bis2022,mittel,0-10,160,-0.442
BMW.DE,bis2022,weit,40-100,692,-0.221
BMW.DE,bis2022,weit,unter Einstieg,438,-0.606
BMW.DE,bis2022,mittel,25-40,244,-0.55
BMW.DE,bis2022,weit,10-25,297,-0.201
BMW.DE,bis2022,weit,25-40,276,-0.211
BMW.DE,bis2022,weit,0-10,180,-0.384
BMW.DE,bis2022,sehr weit,10-25,121,-0.516
BMW.DE,bis2022,mittel,10-25,266,-0.705
BMW.DE,bis2022,mittel,40-100,789,-0.544
BMW.DE,bis2022,sehr weit,0-10,203,-0.07
BMW.DE,bis2022,sehr weit,25-40,128,-2.995
BMW.DE,bis2022,sehr weit,40-100,439,-3.088
BMW.DE,bis2022,sehr weit,unter Einstieg,282,-1.52
BMW.DE,bis2022,mittel,unter Einstieg,1189,-0.736
BMW.DE,ab2023,mittel,10-25,45,-1.117
BMW.DE,ab2023,mittel,0-10,22,-2.055
BMW.DE,ab2023,mittel,25-40,24,-0.944
BMW.DE,ab2023,weit,40-100,101,-2.177
BMW.DE,ab2023,weit,unter Einstieg,69,-1.716
BMW.DE,ab2023,weit,0-10,35,-1.954
BMW.DE,ab2023,weit,10-25,29,-0.824
BMW.DE,ab2023,weit,25-40,36,-2.692
BMW.DE,ab2023,mittel,unter Einstieg,95,-1.888
BMW.DE,ab2023,mittel,40-100,126,-1.824
BMW.DE,ab2023,sehr weit,25-40,18,-0.155
BMW.DE,ab2023,sehr weit,40-100,47,-2.299
BMW.DE,ab2023,sehr weit,0-10,40,-0.891
BMW.DE,ab2023,sehr weit,10-25,7,-1.855
BMW.DE,ab2023,sehr weit,unter Einstieg,15,-1.59
BMY,bis2022,mittel,25-40,169,0.434
BMY,bis2022,mittel,10-25,213,0.459
BMY,bis2022,weit,10-25,207,-0.261
BMY,bis2022,weit,0-10,168,0.363
BMY,bis2022,mittel,0-10,123,0.411
BMY,bis2022,mittel,40-100,520,0.33
BMY,bis2022,weit,40-100,537,0.235
BMY,bis2022,weit,25-40,223,-0.453
BMY,bis2022,sehr weit,10-25,130,-1.063
BMY,bis2022,mittel,unter Einstieg,561,0.585
BMY,bis2022,weit,unter Einstieg,370,0.452
BMY,bis2022,sehr weit,0-10,189,0.109
BMY,bis2022,sehr weit,25-40,103,-1.452
BMY,bis2022,sehr weit,40-100,429,-2.22
BMY,bis2022,sehr weit,unter Einstieg,232,-1.839
BMY,ab2023,mittel,0-10,38,-1.361
BMY,ab2023,mittel,40-100,156,-0.302
BMY,ab2023,weit,40-100,190,-0.891
BMY,ab2023,weit,unter Einstieg,284,-0.299
BMY,ab2023,weit,10-25,65,-2.308
BMY,ab2023,mittel,25-40,51,-0.751
BMY,ab2023,mittel,unter Einstieg,253,0.502
BMY,ab2023,weit,25-40,49,-1.596
BMY,ab2023,mittel,10-25,30,-0.871
BMY,ab2023,weit,0-10,23,-0.656
BMY,ab2023,sehr weit,0-10,27,0.613
BMY,ab2023,sehr weit,10-25,17,0.112
BMY,ab2023,sehr weit,40-100,96,-0.145
BMY,ab2023,sehr weit,unter Einstieg,113,0.255
BMY,ab2023,sehr weit,25-40,22,1.265
BNR.DE,bis2022,mittel,0-10,118,-0.057
BNR.DE,bis2022,mittel,25-40,128,-0.606
BNR.DE,bis2022,mittel,40-100,276,0.004
BNR.DE,bis2022,mittel,10-25,154,-0.607
BNR.DE,bis2022,sehr weit,10-25,85,-0.285
BNR.DE,bis2022,sehr weit,25-40,82,0.051
BNR.DE,bis2022,weit,10-25,134,-0.494
BNR.DE,bis2022,weit,25-40,83,-0.206
BNR.DE,bis2022,weit,40-100,253,0.095
BNR.DE,bis2022,weit,0-10,118,-0.097
BNR.DE,bis2022,sehr weit,40-100,174,0.098
BNR.DE,bis2022,sehr weit,0-10,94,-0.081
BNR.DE,bis2022,mittel,unter Einstieg,248,-0.013
BNR.DE,bis2022,weit,unter Einstieg,233,-0.086
BNR.DE,bis2022,sehr weit,unter Einstieg,57,-0.183
BNR.DE,ab2023,mittel,10-25,36,-0.361
BNR.DE,ab2023,mittel,25-40,43,0.093
BNR.DE,ab2023,mittel,40-100,99,-0.698
BNR.DE,ab2023,mittel,0-10,22,0.311
BNR.DE,ab2023,weit,0-10,41,-0.813
BNR.DE,ab2023,weit,10-25,32,-0.514
BNR.DE,ab2023,sehr weit,0-10,39,-0.343
BNR.DE,ab2023,weit,40-100,80,-0.839
BNR.DE,ab2023,weit,unter Einstieg,103,-0.713
BNR.DE,ab2023,weit,25-40,29,-0.967
BNR.DE,ab2023,sehr weit,10-25,31,-0.697
BNR.DE,ab2023,mittel,unter Einstieg,186,-1.109
BNR.DE,ab2023,sehr weit,25-40,41,0.141
BNR.DE,ab2023,sehr weit,40-100,157,0.151
BNR.DE,ab2023,sehr weit,unter Einstieg,36,-1.162
BNS,bis2022,mittel,40-100,520,0.24
BNS,bis2022,mittel,unter Einstieg,623,-0.611
BNS,bis2022,mittel,25-40,194,-0.153
BNS,bis2022,mittel,10-25,221,0.41
BNS,bis2022,weit,0-10,175,0.284
BNS,bis2022,weit,25-40,178,-0.301
BNS,bis2022,weit,10-25,214,0.011
BNS,bis2022,weit,40-100,453,-0.349
BNS,bis2022,sehr weit,0-10,237,0.222
BNS,bis2022,mittel,0-10,127,0.295
BNS,bis2022,weit,unter Einstieg,336,0.021
BNS,bis2022,sehr weit,25-40,65,-0.051
BNS,bis2022,sehr weit,10-25,112,0.183
BNS,bis2022,sehr weit,40-100,194,-0.039
BNS,bis2022,sehr weit,unter Einstieg,114,0.541
BNS,ab2023,mittel,10-25,28,-0.523
BNS,ab2023,weit,25-40,20,0.431
BNS,ab2023,weit,unter Einstieg,56,-0.337
BNS,ab2023,mittel,40-100,71,-1.314
BNS,ab2023,mittel,unter Einstieg,85,-1.365
BNS,ab2023,mittel,25-40,20,-1.471
BNS,ab2023,weit,0-10,39,-0.289
BNS,ab2023,mittel,0-10,37,0.201
BNS,ab2023,weit,10-25,44,-0.264
BNS,ab2023,sehr weit,10-25,26,-0.823
BNS,ab2023,sehr weit,40-100,90,-0.677
BNS,ab2023,sehr weit,unter Einstieg,27,-0.155
BNS,ab2023,sehr weit,25-40,17,0.062
BNS,ab2023,sehr weit,0-10,42,-0.454
BNS,ab2023,weit,40-100,42,-0.485
BNY,bis2022,weit,0-10,176,-0.153
BNY,bis2022,weit,25-40,254,0.231
BNY,bis2022,weit,10-25,245,0.399
BNY,bis2022,weit,40-100,801,0.205
BNY,bis2022,sehr weit,10-25,125,0.08
BNY,bis2022,mittel,10-25,223,0.266
BNY,bis2022,mittel,0-10,140,0.108
BNY,bis2022,sehr weit,0-10,226,-0.022
BNY,bis2022,mittel,25-40,223,0.375
BNY,bis2022,mittel,40-100,752,0.054
BNY,bis2022,mittel,unter Einstieg,1067,0.319
BNY,bis2022,weit,unter Einstieg,561,1.064
BNY,bis2022,sehr weit,25-40,77,0.869
BNY,bis2022,sehr weit,40-100,169,1.839
BNY,bis2022,sehr weit,unter Einstieg,42,0.997
BNY,ab2023,weit,10-25,27,-0.36
BNY,ab2023,weit,40-100,36,-0.876
BNY,ab2023,weit,unter Einstieg,10,1.119
BNY,ab2023,mittel,10-25,23,1.032
BNY,ab2023,mittel,0-10,16,-0.376
BNY,ab2023,mittel,40-100,32,2.18
BNY,ab2023,mittel,unter Einstieg,18,3.702
BNY,ab2023,mittel,25-40,27,0.812
BNY,ab2023,weit,0-10,18,0.794
BNY,ab2023,weit,25-40,15,-2.345
BNY,ab2023,sehr weit,0-10,61,0.372
BNY,ab2023,sehr weit,25-40,7,1.255
BNY,ab2023,sehr weit,10-25,21,-0.026
BNY,ab2023,sehr weit,40-100,30,0.751
BNY,ab2023,sehr weit,unter Einstieg,26,-0.632
BP,bis2022,weit,10-25,219,0.022
BP,bis2022,weit,25-40,159,-0.402
BP,bis2022,weit,0-10,222,0.101
BP,bis2022,sehr weit,10-25,218,0.228
BP,bis2022,sehr weit,25-40,179,0.474
BP,bis2022,sehr weit,40-100,623,0.695
BP,bis2022,sehr weit,unter Einstieg,229,0.064
BP,bis2022,weit,40-100,525,0.093
BP,bis2022,sehr weit,0-10,288,0.351
BP,bis2022,mittel,40-100,455,0.196
BP,bis2022,mittel,0-10,140,-0.08
BP,bis2022,mittel,10-25,208,-0.03
BP,bis2022,mittel,unter Einstieg,836,-0.304
BP,bis2022,weit,unter Einstieg,522,-0.201
BP,bis2022,mittel,25-40,174,0.131
BP,ab2023,mittel,40-100,130,1.722
BP,ab2023,mittel,10-25,56,1.114
BP,ab2023,weit,25-40,51,1.252
BP,ab2023,weit,40-100,144,1.712
BP,ab2023,weit,10-25,53,0.851
BP,ab2023,weit,0-10,32,0.48
BP,ab2023,mittel,25-40,45,0.823
BP,ab2023,mittel,0-10,21,0.724
BP,ab2023,weit,unter Einstieg,100,2.358
BP,ab2023,mittel,unter Einstieg,138,2.534
BP,ab2023,sehr weit,25-40,41,0.855
BP,ab2023,sehr weit,10-25,32,0.384
BP,ab2023,sehr weit,40-100,43,0.245
BP,ab2023,sehr weit,0-10,69,-0.237
BP,ab2023,sehr weit,unter Einstieg,22,4.709
BRK-B,bis2022,mittel,40-100,640,1.133
BRK-B,bis2022,mittel,unter Einstieg,651,0.563
BRK-B,bis2022,mittel,0-10,156,0.073
BRK-B,bis2022,mittel,10-25,171,0.693
BRK-B,bis2022,weit,10-25,203,0.879
BRK-B,bis2022,weit,40-100,479,1.185
BRK-B,bis2022,weit,unter Einstieg,404,0.482
BRK-B,bis2022,weit,25-40,125,0.784
BRK-B,bis2022,weit,0-10,188,0.547
BRK-B,bis2022,sehr weit,0-10,316,-0.02
BRK-B,bis2022,sehr weit,10-25,146,0.566
BRK-B,bis2022,sehr weit,40-100,499,0.093
BRK-B,bis2022,mittel,25-40,154,0.971
BRK-B,bis2022,sehr weit,25-40,88,0.184
BRK-B,bis2022,sehr weit,unter Einstieg,239,0.472
BRK-B,ab2023,mittel,0-10,9,1.05
BRK-B,ab2023,weit,0-10,12,0.817
BRK-B,ab2023,sehr weit,0-10,22,0.647
BRK-B,ab2023,sehr weit,40-100,36,2.919
BRK-B,ab2023,sehr weit,unter Einstieg,26,4.121
BRK-B,ab2023,sehr weit,25-40,15,2.046
BRK-B,ab2023,sehr weit,10-25,16,1.652
BRK-B,ab2023,mittel,10-25,13,0.0
BRK-B,ab2023,mittel,25-40,7,-1.146
BRK-B,ab2023,weit,10-25,9,-0.971
BRK-B,ab2023,weit,25-40,7,-1.808
BRK-B,ab2023,weit,40-100,15,-1.895
BRK-B,ab2023,mittel,40-100,28,-2.457
BRK-B,ab2023,mittel,unter Einstieg,58,-1.126
BRK-B,ab2023,weit,unter Einstieg,11,-1.683
BTI,bis2022,mittel,0-10,164,0.422
BTI,bis2022,weit,0-10,200,0.235
BTI,bis2022,weit,40-100,450,0.194
BTI,bis2022,mittel,10-25,245,0.045
BTI,bis2022,weit,10-25,234,0.144
BTI,bis2022,sehr weit,0-10,256,-0.294
BTI,bis2022,mittel,40-100,533,0.511
BTI,bis2022,weit,25-40,166,0.434
BTI,bis2022,sehr weit,10-25,200,-0.532
BTI,bis2022,sehr weit,40-100,404,-0.678
BTI,bis2022,sehr weit,25-40,116,-0.721
BTI,bis2022,mittel,25-40,199,-0.037
BTI,bis2022,weit,unter Einstieg,279,-0.234
BTI,bis2022,sehr weit,unter Einstieg,162,-0.278
BTI,bis2022,mittel,unter Einstieg,597,0.129
BTI,ab2023,mittel,10-25,56,0.126
BTI,ab2023,mittel,unter Einstieg,174,1.513
BTI,ab2023,mittel,40-100,107,1.215
BTI,ab2023,mittel,25-40,35,0.878
BTI,ab2023,mittel,0-10,32,-0.125
BTI,ab2023,weit,0-10,58,0.2
BTI,ab2023,weit,10-25,38,0.737
BTI,ab2023,weit,40-100,108,1.021
BTI,ab2023,weit,unter Einstieg,37,-0.408
BTI,ab2023,weit,25-40,35,-0.306
BTI,ab2023,sehr weit,0-10,104,-0.098
BTI,ab2023,sehr weit,10-25,37,-0.177
BTI,ab2023,sehr weit,40-100,241,-0.089
BTI,ab2023,sehr weit,25-40,46,-1.939
BTI,ab2023,sehr weit,unter Einstieg,99,1.284
C,bis2022,mittel,0-10,133,-0.091
C,bis2022,weit,0-10,144,0.623
C,bis2022,weit,10-25,254,0.684
C,bis2022,sehr weit,25-40,153,0.225
C,bis2022,sehr weit,0-10,313,0.209
C,bis2022,sehr weit,10-25,268,0.597
C,bis2022,mittel,10-25,189,0.904
C,bis2022,mittel,25-40,149,0.345
C,bis2022,mittel,40-100,505,0.152
C,bis2022,mittel,unter Einstieg,623,0.029
C,bis2022,weit,25-40,223,0.41
C,bis2022,weit,40-100,636,-0.256
C,bis2022,weit,unter Einstieg,517,-0.08
C,bis2022,sehr weit,40-100,462,0.269
C,bis2022,sehr weit,unter Einstieg,187,1.21
C,ab2023,mittel,40-100,53,0.788
C,ab2023,mittel,10-25,37,0.655
C,ab2023,mittel,25-40,27,1.287
C,ab2023,weit,0-10,30,-0.419
C,ab2023,mittel,0-10,23,-0.071
C,ab2023,weit,10-25,31,0.735
C,ab2023,weit,40-100,46,-1.868
C,ab2023,weit,25-40,22,-0.289
C,ab2023,sehr weit,0-10,38,-0.022
C,ab2023,mittel,unter Einstieg,58,0.996
C,ab2023,weit,unter Einstieg,28,-1.327
C,ab2023,sehr weit,10-25,21,0.234
C,ab2023,sehr weit,25-40,19,-0.112
C,ab2023,sehr weit,40-100,96,-2.027
C,ab2023,sehr weit,unter Einstieg,57,-0.176
CAT,bis2022,mittel,25-40,103,0.732
CAT,bis2022,mittel,10-25,180,0.309
CAT,bis2022,mittel,40-100,310,0.44
CAT,bis2022,mittel,unter Einstieg,450,0.249
CAT,bis2022,weit,0-10,158,0.202
CAT,bis2022,weit,10-25,182,0.439
CAT,bis2022,weit,40-100,235,0.709
CAT,bis2022,weit,25-40,100,0.898
CAT,bis2022,sehr weit,0-10,206,-0.092
CAT,bis2022,sehr weit,25-40,101,-0.298
CAT,bis2022,sehr weit,40-100,326,-0.31
CAT,bis2022,sehr weit,10-25,148,0.065
CAT,bis2022,mittel,0-10,126,0.556
CAT,bis2022,sehr weit,unter Einstieg,279,0.025
CAT,bis2022,weit,unter Einstieg,219,-0.177
CAT,ab2023,weit,0-10,33,0.768
CAT,ab2023,sehr weit,0-10,56,0.404
CAT,ab2023,mittel,0-10,13,1.396
CAT,ab2023,mittel,10-25,34,0.887
CAT,ab2023,weit,10-25,34,1.304
CAT,ab2023,weit,40-100,44,2.461
CAT,ab2023,weit,unter Einstieg,27,2.763
CAT,ab2023,mittel,25-40,30,1.544
CAT,ab2023,mittel,40-100,96,2.052
CAT,ab2023,mittel,unter Einstieg,73,2.147
CAT,ab2023,weit,25-40,23,2.138
CAT,ab2023,sehr weit,25-40,12,1.538
CAT,ab2023,sehr weit,10-25,19,0.703
CAT,ab2023,sehr weit,40-100,2,1.444
CB,bis2022,mittel,10-25,233,-0.034
CB,bis2022,mittel,40-100,685,0.519
CB,bis2022,mittel,unter Einstieg,976,0.897
CB,bis2022,weit,40-100,583,0.687
CB,bis2022,weit,unter Einstieg,400,0.222
CB,bis2022,weit,10-25,199,0.496
CB,bis2022,weit,25-40,142,0.51
CB,bis2022,mittel,25-40,210,-0.016
CB,bis2022,mittel,0-10,226,0.158
CB,bis2022,weit,0-10,201,0.351
CB,bis2022,sehr weit,0-10,236,0.12
CB,bis2022,sehr weit,10-25,94,0.602
CB,bis2022,sehr weit,25-40,66,0.971
CB,bis2022,sehr weit,40-100,293,1.495
CB,bis2022,sehr weit,unter Einstieg,104,1.196
CB,ab2023,mittel,40-100,61,2.707
CB,ab2023,mittel,25-40,20,1.871
CB,ab2023,mittel,10-25,32,1.396
CB,ab2023,mittel,0-10,12,1.602
CB,ab2023,weit,0-10,17,1.075
CB,ab2023,sehr weit,10-25,14,1.005
CB,ab2023,sehr weit,25-40,7,1.146
CB,ab2023,sehr weit,40-100,42,2.264
CB,ab2023,sehr weit,unter Einstieg,35,3.886
CB,ab2023,weit,10-25,21,1.393
CB,ab2023,weit,25-40,9,1.486
CB,ab2023,weit,40-100,32,2.325
CB,ab2023,weit,unter Einstieg,4,3.542
CB,ab2023,sehr weit,0-10,32,-0.042
CB,ab2023,mittel,unter Einstieg,58,3.607
CBK.DE,bis2022,mittel,25-40,218,-0.242
CBK.DE,bis2022,mittel,40-100,741,-0.51
CBK.DE,bis2022,weit,10-25,218,0.246
CBK.DE,bis2022,weit,40-100,518,-0.271
CBK.DE,bis2022,sehr weit,0-10,258,-0.065
CBK.DE,bis2022,mittel,10-25,226,-0.566
CBK.DE,bis2022,sehr weit,10-25,192,-0.15
CBK.DE,bis2022,sehr weit,25-40,230,-0.53
CBK.DE,bis2022,weit,25-40,193,-0.805
CBK.DE,bis2022,mittel,unter Einstieg,1268,-0.341
CBK.DE,bis2022,mittel,0-10,107,-0.258
CBK.DE,bis2022,weit,0-10,120,0.108
CBK.DE,bis2022,weit,unter Einstieg,465,0.295
CBK.DE,bis2022,sehr weit,40-100,683,0.329
CBK.DE,bis2022,sehr weit,unter Einstieg,335,0.099
CBK.DE,ab2023,mittel,10-25,19,0.133
CBK.DE,ab2023,weit,25-40,5,-0.425
CBK.DE,ab2023,mittel,40-100,42,-0.158
CBK.DE,ab2023,weit,40-100,28,-1.683
CBK.DE,ab2023,weit,0-10,8,0.106
CBK.DE,ab2023,weit,10-25,27,-0.472
CBK.DE,ab2023,sehr weit,0-10,10,-0.375
CBK.DE,ab2023,sehr weit,25-40,2,0.838
CBK.DE,ab2023,mittel,25-40,15,-0.212
CBK.DE,ab2023,mittel,0-10,19,-0.783
CBK.DE,ab2023,mittel,unter Einstieg,55,0.297
CBK.DE,ab2023,sehr weit,10-25,6,0.8
CBK.DE,ab2023,weit,unter Einstieg,28,-0.013
CBK.DE,ab2023,sehr weit,40-100,11,2.061
CBK.DE,ab2023,sehr weit,unter Einstieg,2,3.148
CCEP,bis2022,weit,40-100,460,1.856
CCEP,bis2022,weit,25-40,155,0.655
CCEP,bis2022,weit,unter Einstieg,120,1.049
CCEP,bis2022,weit,10-25,163,-0.083
CCEP,bis2022,weit,0-10,176,0.43
CCEP,bis2022,sehr weit,0-10,223,-0.022
CCEP,bis2022,sehr weit,10-25,151,0.072
CCEP,bis2022,sehr weit,25-40,133,0.606
CCEP,bis2022,sehr weit,40-100,269,2.216
CCEP,bis2022,sehr weit,unter Einstieg,66,0.992
CCEP,bis2022,mittel,25-40,153,0.805
CCEP,bis2022,mittel,0-10,133,0.952
CCEP,bis2022,mittel,40-100,464,1.136
CCEP,bis2022,mittel,10-25,213,0.656
CCEP,bis2022,mittel,unter Einstieg,333,0.878
CCEP,ab2023,mittel,10-25,32,0.721
CCEP,ab2023,mittel,40-100,147,-1.36
CCEP,ab2023,mittel,unter Einstieg,133,-1.551
CCEP,ab2023,mittel,25-40,17,0.589
CCEP,ab2023,weit,25-40,44,-0.101
CCEP,ab2023,weit,0-10,26,0.764
CCEP,ab2023,weit,10-25,33,0.33
CCEP,ab2023,sehr weit,0-10,36,-0.161
CCEP,ab2023,mittel,0-10,23,0.112
CCEP,ab2023,weit,40-100,139,-1.147
CCEP,ab2023,weit,unter Einstieg,181,-0.787
CCEP,ab2023,sehr weit,40-100,218,1.735
CCEP,ab2023,sehr weit,unter Einstieg,44,1.869
CCEP,ab2023,sehr weit,10-25,28,0.644
CCEP,ab2023,sehr weit,25-40,64,0.959
CDNS,bis2022,weit,25-40,135,0.167
CDNS,bis2022,weit,0-10,155,-0.087
CDNS,bis2022,weit,40-100,487,0.566
CDNS,bis2022,sehr weit,0-10,191,-0.175
CDNS,bis2022,mittel,40-100,775,0.432
CDNS,bis2022,mittel,10-25,217,-0.148
CDNS,bis2022,mittel,unter Einstieg,676,0.9
CDNS,bis2022,mittel,25-40,185,0.33
CDNS,bis2022,mittel,0-10,163,1.051
CDNS,bis2022,weit,10-25,132,-0.189
CDNS,bis2022,sehr weit,10-25,123,-1.048
CDNS,bis2022,weit,unter Einstieg,245,0.105
CDNS,bis2022,sehr weit,25-40,48,0.305
CDNS,bis2022,sehr weit,40-100,126,1.391
CDNS,bis2022,sehr weit,unter Einstieg,21,0.065
CDNS,ab2023,weit,25-40,35,0.751
CDNS,ab2023,weit,40-100,96,0.616
CDNS,ab2023,weit,0-10,51,-0.233
CDNS,ab2023,sehr weit,10-25,26,0.265
CDNS,ab2023,mittel,25-40,37,1.04
CDNS,ab2023,mittel,10-25,36,1.331
CDNS,ab2023,mittel,40-100,69,1.718
CDNS,ab2023,mittel,unter Einstieg,59,2.911
CDNS,ab2023,sehr weit,0-10,35,0.005
CDNS,ab2023,weit,10-25,35,-0.519
CDNS,ab2023,mittel,0-10,21,0.836
CDNS,ab2023,weit,unter Einstieg,65,0.404
CDNS,ab2023,sehr weit,40-100,47,0.725
CDNS,ab2023,sehr weit,25-40,6,1.791
CDNS,ab2023,sehr weit,unter Einstieg,36,0.665
CDW,bis2022,weit,40-100,174,1.327
CDW,bis2022,weit,10-25,60,0.563
CDW,bis2022,sehr weit,25-40,59,2.234
CDW,bis2022,sehr weit,40-100,114,2.917
CDW,bis2022,sehr weit,10-25,84,1.357
CDW,bis2022,sehr weit,0-10,116,0.683
CDW,bis2022,mittel,unter Einstieg,262,1.727
CDW,bis2022,mittel,40-100,278,1.055
CDW,bis2022,mittel,25-40,77,1.149
CDW,bis2022,mittel,10-25,74,0.038
CDW,bis2022,weit,25-40,70,0.986
CDW,bis2022,weit,0-10,82,0.701
CDW,bis2022,mittel,0-10,66,0.016
CDW,bis2022,weit,unter Einstieg,148,1.144
CDW,bis2022,sehr weit,unter Einstieg,14,1.38
CDW,ab2023,mittel,10-25,57,-0.522
CDW,ab2023,mittel,unter Einstieg,166,-0.176
CDW,ab2023,mittel,40-100,121,-0.537
CDW,ab2023,mittel,0-10,59,-0.299
CDW,ab2023,weit,40-100,39,-0.491
CDW,ab2023,weit,unter Einstieg,27,-1.458
CDW,ab2023,weit,10-25,27,0.209
CDW,ab2023,weit,25-40,14,0.354
CDW,ab2023,mittel,25-40,35,-0.039
CDW,ab2023,weit,0-10,45,-0.313
CDW,ab2023,sehr weit,10-25,13,0.172
CDW,ab2023,sehr weit,25-40,16,-0.887
CDW,ab2023,sehr weit,40-100,33,-3.016
CDW,ab2023,sehr weit,unter Einstieg,25,0.937
CDW,ab2023,sehr weit,0-10,43,-0.417
CEG,bis2022,mittel,10-25,1,0.735
CEG,bis2022,mittel,40-100,2,1.183
CEG,bis2022,mittel,0-10,2,0.437
CEG,bis2022,weit,0-10,1,0.204
CEG,ab2023,mittel,0-10,19,-1.291
CEG,ab2023,weit,unter Einstieg,52,-0.16
CEG,ab2023,weit,40-100,51,-1.098
CEG,ab2023,weit,25-40,23,-1.673
CEG,ab2023,weit,0-10,16,-0.462
CEG,ab2023,weit,10-25,18,0.048
CEG,ab2023,mittel,unter Einstieg,76,-0.404
CEG,ab2023,mittel,40-100,45,-1.904
CEG,ab2023,mittel,25-40,11,-1.269
CEG,ab2023,mittel,10-25,10,0.642
CEG,ab2023,sehr weit,25-40,74,0.51
CEG,ab2023,sehr weit,40-100,168,-0.017
CEG,ab2023,sehr weit,unter Einstieg,50,1.429
CEG,ab2023,sehr weit,10-25,58,1.017
CEG,ab2023,sehr weit,0-10,63,0.451
CHTR,bis2022,mittel,0-10,104,-0.035
CHTR,bis2022,weit,0-10,96,0.637
CHTR,bis2022,sehr weit,25-40,60,1.466
CHTR,bis2022,sehr weit,0-10,117,0.335
CHTR,bis2022,weit,10-25,116,0.589
CHTR,bis2022,sehr weit,40-100,91,2.261
CHTR,bis2022,sehr weit,unter Einstieg,5,4.567
CHTR,bis2022,sehr weit,10-25,94,0.384
CHTR,bis2022,mittel,40-100,386,0.227
CHTR,bis2022,mittel,unter Einstieg,333,0.139
CHTR,bis2022,weit,25-40,97,0.286
CHTR,bis2022,weit,40-100,195,0.114
CHTR,bis2022,mittel,25-40,86,0.373
CHTR,bis2022,mittel,10-25,165,0.775
CHTR,bis2022,weit,unter Einstieg,200,1.631
CHTR,bis2022,frueh,25-40,1,-3.36
CHTR,bis2022,frueh,10-25,2,-3.494
CHTR,bis2022,frueh,0-10,1,1.361
CHTR,ab2023,mittel,25-40,52,-0.939
CHTR,ab2023,mittel,10-25,37,-1.176
CHTR,ab2023,mittel,40-100,271,-1.081
CHTR,ab2023,weit,0-10,31,-0.843
CHTR,ab2023,mittel,unter Einstieg,265,-0.103
CHTR,ab2023,mittel,0-10,24,-0.095
CHTR,ab2023,weit,10-25,50,-1.824
CHTR,ab2023,weit,25-40,50,-2.911
CHTR,ab2023,weit,40-100,141,-1.882
CHTR,ab2023,weit,unter Einstieg,208,0.2
CHTR,ab2023,sehr weit,10-25,17,-2.606
CHTR,ab2023,frueh,40-100,5,-2.006
CHTR,ab2023,frueh,25-40,2,-0.932
CHTR,ab2023,frueh,unter Einstieg,7,-1.815
CHTR,ab2023,frueh,0-10,1,-3.352
CHTR,ab2023,sehr weit,25-40,14,-3.058
CHTR,ab2023,sehr weit,0-10,15,0.058
CHTR,ab2023,sehr weit,40-100,36,-3.805
CHTR,ab2023,sehr weit,unter Einstieg,38,-1.356
CL,bis2022,mittel,25-40,172,0.562
CL,bis2022,weit,0-10,212,0.441
CL,bis2022,weit,40-100,457,0.667
CL,bis2022,weit,25-40,187,0.021
CL,bis2022,weit,10-25,208,0.85
CL,bis2022,sehr weit,25-40,184,1.649
CL,bis2022,sehr weit,10-25,169,0.909
CL,bis2022,sehr weit,0-10,278,0.062
CL,bis2022,mittel,40-100,448,1.103
CL,bis2022,mittel,unter Einstieg,450,1.253
CL,bis2022,sehr weit,40-100,342,1.526
CL,bis2022,mittel,0-10,108,0.227
CL,bis2022,sehr weit,unter Einstieg,66,1.664
CL,bis2022,mittel,10-25,181,0.738
CL,bis2022,weit,unter Einstieg,254,1.053
CL,ab2023,mittel,0-10,33,-0.412
CL,ab2023,mittel,10-25,48,0.061
CL,ab2023,mittel,40-100,109,0.54
CL,ab2023,mittel,unter Einstieg,125,0.489
CL,ab2023,mittel,25-40,36,-0.198
CL,ab2023,weit,0-10,30,-0.37
CL,ab2023,weit,10-25,50,-0.107
CL,ab2023,weit,25-40,51,0.051
CL,ab2023,weit,40-100,171,0.47
CL,ab2023,weit,unter Einstieg,174,0.331
CL,ab2023,sehr weit,10-25,63,-1.187
CL,ab2023,sehr weit,0-10,57,-0.168
CL,ab2023,sehr weit,25-40,46,-1.466
CL,ab2023,sehr weit,40-100,420,-2.021
CL,ab2023,sehr weit,unter Einstieg,99,0.849
CM,bis2022,mittel,10-25,131,-0.268
CM,bis2022,weit,40-100,452,-0.393
CM,bis2022,weit,unter Einstieg,414,-0.52
CM,bis2022,mittel,0-10,96,-0.342
CM,bis2022,weit,0-10,140,-0.05
CM,bis2022,sehr weit,10-25,169,0.526
CM,bis2022,sehr weit,0-10,332,0.351
CM,bis2022,sehr weit,40-100,317,0.03
CM,bis2022,sehr weit,unter Einstieg,156,-0.318
CM,bis2022,sehr weit,25-40,85,0.651
CM,bis2022,mittel,25-40,131,-0.125
CM,bis2022,mittel,unter Einstieg,472,-1.074
CM,bis2022,mittel,40-100,335,-0.434
CM,bis2022,weit,25-40,124,0.233
CM,bis2022,weit,10-25,199,0.208
CM,ab2023,mittel,10-25,33,0.196
CM,ab2023,mittel,40-100,75,1.529
CM,ab2023,mittel,unter Einstieg,47,2.421
CM,ab2023,weit,0-10,31,0.484
CM,ab2023,mittel,25-40,23,1.043
CM,ab2023,weit,40-100,64,0.507
CM,ab2023,weit,10-25,39,-0.301
CM,ab2023,mittel,0-10,35,0.496
CM,ab2023,weit,25-40,27,-0.381
CM,ab2023,weit,unter Einstieg,42,0.518
CM,ab2023,sehr weit,0-10,74,0.748
CM,ab2023,sehr weit,40-100,58,2.014
CM,ab2023,sehr weit,10-25,25,0.81
CM,ab2023,sehr weit,25-40,23,0.962
CM,ab2023,sehr weit,unter Einstieg,21,2.839
CMCSA,bis2022,mittel,25-40,226,0.406
CMCSA,bis2022,mittel,unter Einstieg,725,0.726
CMCSA,bis2022,mittel,40-100,683,0.823
CMCSA,bis2022,mittel,10-25,222,0.251
CMCSA,bis2022,mittel,0-10,182,0.648
CMCSA,bis2022,weit,25-40,171,0.796
CMCSA,bis2022,weit,0-10,220,0.355
CMCSA,bis2022,sehr weit,0-10,230,0.008
CMCSA,bis2022,weit,10-25,205,0.261
CMCSA,bis2022,weit,40-100,405,0.433
CMCSA,bis2022,weit,unter Einstieg,306,-0.458
CMCSA,bis2022,sehr weit,10-25,152,0.157
CMCSA,bis2022,sehr weit,25-40,89,0.686
CMCSA,bis2022,sehr weit,40-100,140,0.374
CMCSA,bis2022,sehr weit,unter Einstieg,71,-1.383
CMCSA,ab2023,mittel,unter Einstieg,88,0.206
CMCSA,ab2023,mittel,40-100,124,-0.397
CMCSA,ab2023,mittel,0-10,30,-0.809
CMCSA,ab2023,mittel,25-40,20,-0.758
CMCSA,ab2023,mittel,10-25,40,-1.11
CMCSA,ab2023,weit,40-100,68,-0.279
CMCSA,ab2023,weit,25-40,14,0.648
CMCSA,ab2023,weit,unter Einstieg,16,-1.159
CMCSA,ab2023,weit,10-25,10,0.124
CMCSA,ab2023,weit,0-10,19,-0.458
CMCSA,ab2023,sehr weit,0-10,37,-0.731
CMCSA,ab2023,sehr weit,10-25,26,-0.365
CMCSA,ab2023,sehr weit,25-40,21,-0.779
CMCSA,ab2023,sehr weit,40-100,45,-3.138
CMCSA,ab2023,sehr weit,unter Einstieg,13,-1.393
CNQ,bis2022,mittel,unter Einstieg,742,1.035
CNQ,bis2022,mittel,40-100,550,0.634
CNQ,bis2022,mittel,10-25,229,0.227
CNQ,bis2022,mittel,0-10,172,0.217
CNQ,bis2022,weit,0-10,185,-0.024
CNQ,bis2022,weit,40-100,672,0.751
CNQ,bis2022,weit,10-25,235,0.174
CNQ,bis2022,weit,25-40,148,0.406
CNQ,bis2022,mittel,25-40,194,0.487
CNQ,bis2022,sehr weit,0-10,277,0.343
CNQ,bis2022,sehr weit,25-40,86,0.612
CNQ,bis2022,sehr weit,10-25,123,0.173
CNQ,bis2022,sehr weit,40-100,264,1.022
CNQ,bis2022,weit,unter Einstieg,668,1.212
CNQ,bis2022,sehr weit,unter Einstieg,111,-0.007
CNQ,ab2023,mittel,0-10,22,0.437
CNQ,ab2023,weit,25-40,26,0.189
CNQ,ab2023,weit,10-25,24,0.42
CNQ,ab2023,sehr weit,0-10,58,0.027
CNQ,ab2023,mittel,10-25,53,-0.312
CNQ,ab2023,mittel,40-100,84,-1.412
CNQ,ab2023,sehr weit,10-25,23,0.21
CNQ,ab2023,sehr weit,40-100,17,1.087
CNQ,ab2023,sehr weit,unter Einstieg,2,-1.836
CNQ,ab2023,weit,0-10,31,0.939
CNQ,ab2023,weit,40-100,51,0.042
CNQ,ab2023,weit,unter Einstieg,30,-0.908
CNQ,ab2023,mittel,25-40,22,-0.456
CNQ,ab2023,mittel,unter Einstieg,143,-0.927
CNQ,ab2023,sehr weit,25-40,14,2.139
COF,bis2022,mittel,25-40,183,-0.007
COF,bis2022,mittel,0-10,144,0.164
COF,bis2022,mittel,10-25,208,0.247
COF,bis2022,weit,10-25,197,0.163
COF,bis2022,weit,25-40,171,0.182
COF,bis2022,weit,0-10,193,-0.099
COF,bis2022,weit,40-100,483,0.677
COF,bis2022,sehr weit,0-10,250,-0.065
COF,bis2022,sehr weit,10-25,150,-0.172
COF,bis2022,sehr weit,25-40,115,-0.363
COF,bis2022,sehr weit,40-100,369,0.653
COF,bis2022,mittel,40-100,577,0.218
COF,bis2022,mittel,unter Einstieg,939,-0.222
COF,bis2022,sehr weit,unter Einstieg,118,1.683
COF,bis2022,weit,unter Einstieg,190,-0.144
COF,ab2023,mittel,10-25,38,0.575
COF,ab2023,weit,25-40,41,1.601
COF,ab2023,weit,10-25,33,1.571
COF,ab2023,sehr weit,10-25,22,1.084
COF,ab2023,mittel,40-100,174,0.91
COF,ab2023,mittel,unter Einstieg,258,1.897
COF,ab2023,weit,40-100,115,2.67
COF,ab2023,weit,0-10,40,0.907
COF,ab2023,sehr weit,0-10,51,0.382
COF,ab2023,mittel,25-40,48,0.804
COF,ab2023,weit,unter Einstieg,89,3.553
COF,ab2023,sehr weit,40-100,50,2.741
COF,ab2023,sehr weit,25-40,12,2.199
COF,ab2023,mittel,0-10,25,-0.144
COF,ab2023,sehr weit,unter Einstieg,45,4.448
CON.DE,bis2022,mittel,0-10,125,0.465
CON.DE,bis2022,weit,10-25,226,-0.094
CON.DE,bis2022,weit,unter Einstieg,391,0.313
CON.DE,bis2022,weit,40-100,549,-0.289
CON.DE,bis2022,weit,25-40,171,-0.041
CON.DE,bis2022,sehr weit,0-10,217,0.225
CON.DE,bis2022,sehr weit,10-25,156,-0.191
CON.DE,bis2022,mittel,25-40,165,-0.175
CON.DE,bis2022,mittel,unter Einstieg,806,-0.144
CON.DE,bis2022,mittel,40-100,667,0.046
CON.DE,bis2022,mittel,10-25,211,-0.149
CON.DE,bis2022,sehr weit,25-40,85,-0.387
CON.DE,bis2022,weit,0-10,176,0.107
CON.DE,bis2022,sehr weit,40-100,250,-1.014
CON.DE,bis2022,sehr weit,unter Einstieg,149,-0.619
CON.DE,ab2023,weit,25-40,24,-0.118
CON.DE,ab2023,weit,40-100,107,-0.486
CON.DE,ab2023,weit,10-25,36,0.744
CON.DE,ab2023,sehr weit,0-10,57,0.207
CON.DE,ab2023,mittel,40-100,38,-0.422
CON.DE,ab2023,mittel,25-40,17,0.426
CON.DE,ab2023,weit,0-10,29,-0.426
CON.DE,ab2023,weit,unter Einstieg,77,-1.517
CON.DE,ab2023,sehr weit,10-25,33,-0.723
CON.DE,ab2023,sehr weit,25-40,52,-0.488
CON.DE,ab2023,sehr weit,40-100,97,-0.667
CON.DE,ab2023,sehr weit,unter Einstieg,23,-0.009
CON.DE,ab2023,mittel,unter Einstieg,120,-2.093
CON.DE,ab2023,mittel,10-25,17,1.405
CON.DE,ab2023,mittel,0-10,12,0.824
COP,bis2022,mittel,25-40,161,0.643
COP,bis2022,mittel,10-25,189,0.248
COP,bis2022,mittel,40-100,562,0.586
COP,bis2022,mittel,0-10,166,0.319
COP,bis2022,weit,0-10,200,-0.113
COP,bis2022,mittel,unter Einstieg,705,0.261
COP,bis2022,weit,40-100,462,0.16
COP,bis2022,weit,25-40,181,0.115
COP,bis2022,weit,unter Einstieg,415,0.827
COP,bis2022,weit,10-25,189,0.049
COP,bis2022,sehr weit,10-25,132,-0.116
COP,bis2022,sehr weit,25-40,83,-0.446
COP,bis2022,sehr weit,40-100,308,-1.249
COP,bis2022,sehr weit,0-10,217,0.056
COP,bis2022,sehr weit,unter Einstieg,141,0.01
COP,ab2023,mittel,10-25,23,0.343
COP,ab2023,weit,25-40,42,0.464
COP,ab2023,weit,40-100,85,0.233
COP,ab2023,weit,10-25,31,-0.205
COP,ab2023,weit,0-10,15,-0.848
COP,ab2023,sehr weit,40-100,70,0.104
COP,ab2023,sehr weit,25-40,42,-0.712
COP,ab2023,sehr weit,10-25,46,-1.147
COP,ab2023,sehr weit,0-10,46,0.449
COP,ab2023,mittel,0-10,7,-1.178
COP,ab2023,mittel,40-100,82,0.296
COP,ab2023,mittel,unter Einstieg,47,-0.025
COP,ab2023,mittel,25-40,40,0.392
COP,ab2023,weit,unter Einstieg,50,-1.339
COP,ab2023,sehr weit,unter Einstieg,35,-1.846
COST,bis2022,mittel,25-40,158,0.39
COST,bis2022,mittel,40-100,417,0.258
COST,bis2022,mittel,unter Einstieg,571,0.097
COST,bis2022,mittel,0-10,120,0.356
COST,bis2022,weit,25-40,140,0.911
COST,bis2022,weit,10-25,163,0.545
COST,bis2022,mittel,10-25,160,0.677
COST,bis2022,weit,40-100,344,0.992
COST,bis2022,weit,unter Einstieg,186,1.007
COST,bis2022,weit,0-10,153,0.402
COST,bis2022,sehr weit,40-100,153,0.702
COST,bis2022,sehr weit,10-25,125,0.566
COST,bis2022,sehr weit,0-10,177,0.028
COST,bis2022,sehr weit,25-40,75,1.061
COST,bis2022,sehr weit,unter Einstieg,42,-0.159
COST,ab2023,sehr weit,0-10,138,0.38
COST,ab2023,mittel,unter Einstieg,67,2.204
COST,ab2023,mittel,40-100,68,1.714
COST,ab2023,mittel,10-25,38,1.905
COST,ab2023,weit,25-40,31,0.958
COST,ab2023,weit,40-100,66,2.453
COST,ab2023,weit,unter Einstieg,61,5.886
COST,ab2023,weit,10-25,33,1.849
COST,ab2023,weit,0-10,31,-0.059
COST,ab2023,mittel,0-10,17,2.157
COST,ab2023,mittel,25-40,28,1.783
COST,ab2023,sehr weit,25-40,47,0.793
COST,ab2023,sehr weit,10-25,64,0.227
COST,ab2023,sehr weit,40-100,128,-1.267
COST,ab2023,sehr weit,unter Einstieg,51,-1.783
CPRT,bis2022,mittel,40-100,448,-0.006
CPRT,bis2022,mittel,unter Einstieg,500,-0.118
CPRT,bis2022,mittel,25-40,122,-0.024
CPRT,bis2022,mittel,0-10,110,0.271
CPRT,bis2022,weit,25-40,127,-0.066
CPRT,bis2022,weit,40-100,360,0.384
CPRT,bis2022,weit,unter Einstieg,206,-0.233
CPRT,bis2022,mittel,10-25,127,0.04
CPRT,bis2022,weit,0-10,143,0.425
CPRT,bis2022,sehr weit,0-10,187,-0.156
CPRT,bis2022,weit,10-25,138,0.515
CPRT,bis2022,sehr weit,25-40,94,-0.29
CPRT,bis2022,sehr weit,40-100,323,1.322
CPRT,bis2022,sehr weit,unter Einstieg,78,-0.726
CPRT,bis2022,sehr weit,10-25,106,-0.429
CPRT,ab2023,mittel,0-10,26,-1.878
CPRT,ab2023,mittel,25-40,40,-1.162
CPRT,ab2023,mittel,40-100,138,-2.227
CPRT,ab2023,mittel,unter Einstieg,109,-1.642
CPRT,ab2023,weit,10-25,29,-1.5
CPRT,ab2023,sehr weit,unter Einstieg,47,2.219
CPRT,ab2023,sehr weit,40-100,114,-0.141
CPRT,ab2023,sehr weit,10-25,43,-1.681
CPRT,ab2023,sehr weit,25-40,21,0.509
CPRT,ab2023,sehr weit,0-10,34,-0.582
CPRT,ab2023,weit,unter Einstieg,162,-1.153
CPRT,ab2023,weit,40-100,52,-1.583
CPRT,ab2023,weit,25-40,26,-2.117
CPRT,ab2023,weit,0-10,26,-1.304
CPRT,ab2023,mittel,10-25,22,-2.021
CRM,bis2022,weit,25-40,145,0.476
CRM,bis2022,weit,40-100,464,0.813
CRM,bis2022,weit,unter Einstieg,355,1.085
CRM,bis2022,sehr weit,25-40,83,-0.185
CRM,bis2022,sehr weit,40-100,240,0.937
CRM,bis2022,sehr weit,unter Einstieg,104,0.892
CRM,bis2022,mittel,0-10,149,0.163
CRM,bis2022,sehr weit,10-25,121,0.219
CRM,bis2022,sehr weit,0-10,204,-0.081
CRM,bis2022,weit,10-25,179,0.406
CRM,bis2022,weit,0-10,163,0.08
CRM,bis2022,mittel,10-25,174,0.282
CRM,bis2022,mittel,25-40,145,0.581
CRM,bis2022,mittel,40-100,487,0.449
CRM,bis2022,mittel,unter Einstieg,575,0.315
CRM,ab2023,mittel,10-25,52,-0.855
CRM,ab2023,mittel,25-40,56,-1.506
CRM,ab2023,weit,0-10,25,-0.546
CRM,ab2023,weit,10-25,45,-0.259
CRM,ab2023,weit,40-100,114,-1.489
CRM,ab2023,weit,25-40,34,-1.715
CRM,ab2023,sehr weit,10-25,40,-1.354
CRM,ab2023,mittel,0-10,30,0.038
CRM,ab2023,mittel,40-100,147,-1.724
CRM,ab2023,sehr weit,0-10,23,-0.903
CRM,ab2023,mittel,unter Einstieg,242,-1.36
CRM,ab2023,weit,unter Einstieg,162,-1.094
CRM,ab2023,sehr weit,25-40,26,-2.22
CRM,ab2023,sehr weit,40-100,128,-1.998
CRM,ab2023,sehr weit,unter Einstieg,102,0.225
CRWD,bis2022,mittel,10-25,53,-0.211
CRWD,bis2022,mittel,40-100,122,-0.12
CRWD,bis2022,mittel,unter Einstieg,111,-0.48
CRWD,bis2022,weit,0-10,36,-0.174
CRWD,bis2022,mittel,0-10,34,0.737
CRWD,bis2022,mittel,25-40,46,-0.264
CRWD,bis2022,frueh,0-10,5,1.345
CRWD,bis2022,frueh,40-100,11,0.162
CRWD,bis2022,frueh,unter Einstieg,5,-1.403
CRWD,bis2022,sehr weit,0-10,16,-0.14
CRWD,bis2022,weit,25-40,14,1.248
CRWD,bis2022,weit,10-25,31,0.454
CRWD,bis2022,weit,40-100,25,0.096
CRWD,bis2022,weit,unter Einstieg,19,-0.721
CRWD,bis2022,sehr weit,10-25,5,1.057
CRWD,bis2022,frueh,10-25,6,-1.981
CRWD,bis2022,frueh,25-40,4,0.238
CRWD,ab2023,frueh,40-100,8,2.876
CRWD,ab2023,frueh,25-40,2,1.881
CRWD,ab2023,mittel,0-10,26,1.251
CRWD,ab2023,weit,10-25,19,2.072
CRWD,ab2023,weit,40-100,28,1.486
CRWD,ab2023,weit,25-40,29,1.438
CRWD,ab2023,weit,0-10,21,0.55
CRWD,ab2023,sehr weit,0-10,30,-0.095
CRWD,ab2023,mittel,10-25,41,1.731
CRWD,ab2023,mittel,40-100,54,2.931
CRWD,ab2023,sehr weit,25-40,8,1.601
CRWD,ab2023,sehr weit,10-25,13,0.984
CRWD,ab2023,mittel,25-40,10,2.304
CRWD,ab2023,sehr weit,40-100,33,3.895
CRWD,ab2023,mittel,unter Einstieg,45,3.959
CRWD,ab2023,frueh,10-25,3,0.574
CRWD,ab2023,frueh,unter Einstieg,9,4.84
CRWD,ab2023,frueh,0-10,1,3.398
CRWD,ab2023,weit,unter Einstieg,21,-0.154
CRWD,ab2023,sehr weit,unter Einstieg,1,5.294
CSCO,bis2022,mittel,0-10,139,-0.317
CSCO,bis2022,mittel,10-25,287,-0.274
CSCO,bis2022,weit,25-40,192,0.563
CSCO,bis2022,mittel,40-100,793,-0.134
CSCO,bis2022,mittel,unter Einstieg,758,-0.06
CSCO,bis2022,mittel,25-40,256,0.18
CSCO,bis2022,weit,10-25,213,-0.149
CSCO,bis2022,weit,40-100,617,-0.191
CSCO,bis2022,weit,0-10,175,-0.5
CSCO,bis2022,weit,unter Einstieg,459,1.829
CSCO,bis2022,sehr weit,0-10,240,0.229
CSCO,bis2022,sehr weit,40-100,341,-0.535
CSCO,bis2022,sehr weit,unter Einstieg,253,3.064
CSCO,bis2022,sehr weit,10-25,124,0.151
CSCO,bis2022,sehr weit,25-40,103,-0.672
CSCO,ab2023,mittel,0-10,35,-0.551
CSCO,ab2023,weit,0-10,15,-0.763
CSCO,ab2023,mittel,10-25,41,-0.328
CSCO,ab2023,mittel,unter Einstieg,118,0.179
CSCO,ab2023,mittel,40-100,56,-0.803
CSCO,ab2023,sehr weit,0-10,33,-0.023
CSCO,ab2023,weit,10-25,20,-1.253
CSCO,ab2023,weit,25-40,21,1.916
CSCO,ab2023,weit,40-100,33,0.356
CSCO,ab2023,mittel,25-40,29,-0.104
CSCO,ab2023,sehr weit,10-25,20,0.882
CSCO,ab2023,sehr weit,40-100,36,1.819
CSCO,ab2023,sehr weit,25-40,19,1.194
CSCO,ab2023,sehr weit,unter Einstieg,23,3.77
CSCO,ab2023,weit,unter Einstieg,56,-0.551
CSGP,bis2022,mittel,10-25,174,0.659
CSGP,bis2022,weit,10-25,148,0.857
CSGP,bis2022,sehr weit,25-40,41,-0.087
CSGP,bis2022,sehr weit,10-25,53,-0.059
CSGP,bis2022,sehr weit,0-10,172,0.353
CSGP,bis2022,mittel,unter Einstieg,500,-0.204
CSGP,bis2022,weit,40-100,314,0.442
CSGP,bis2022,weit,25-40,101,0.642
CSGP,bis2022,mittel,25-40,162,-0.328
CSGP,bis2022,mittel,40-100,393,-0.101
CSGP,bis2022,weit,0-10,151,0.625
CSGP,bis2022,mittel,0-10,122,0.872
CSGP,bis2022,weit,unter Einstieg,184,1.854
CSGP,bis2022,sehr weit,40-100,257,1.443
CSGP,bis2022,sehr weit,unter Einstieg,109,0.399
CSGP,ab2023,mittel,0-10,44,-1.196
CSGP,ab2023,mittel,10-25,63,-0.818
CSGP,ab2023,mittel,40-100,106,-1.551
CSGP,ab2023,mittel,unter Einstieg,142,-1.29
CSGP,ab2023,mittel,25-40,45,-0.36
CSGP,ab2023,weit,40-100,44,-2.765
CSGP,ab2023,weit,25-40,20,-1.796
CSGP,ab2023,weit,0-10,23,-0.88
CSGP,ab2023,sehr weit,0-10,24,-0.567
CSGP,ab2023,sehr weit,10-25,49,-0.667
CSGP,ab2023,weit,10-25,26,-1.888
CSGP,ab2023,weit,unter Einstieg,39,-1.653
CSGP,ab2023,sehr weit,40-100,82,0.542
CSGP,ab2023,sehr weit,25-40,38,-0.491
CSGP,ab2023,sehr weit,unter Einstieg,39,3.476
CSX,bis2022,mittel,0-10,93,0.183
CSX,bis2022,weit,40-100,280,0.827
CSX,bis2022,weit,unter Einstieg,232,0.426
CSX,bis2022,weit,10-25,142,0.352
CSX,bis2022,weit,25-40,127,0.912
CSX,bis2022,sehr weit,10-25,180,0.032
CSX,bis2022,sehr weit,40-100,356,-0.424
CSX,bis2022,sehr weit,25-40,99,0.395
CSX,bis2022,sehr weit,0-10,274,-0.13
CSX,bis2022,mittel,40-100,411,0.38
CSX,bis2022,mittel,25-40,111,0.487
CSX,bis2022,mittel,unter Einstieg,543,-0.064
CSX,bis2022,mittel,10-25,142,0.39
CSX,bis2022,weit,0-10,143,0.228
CSX,bis2022,sehr weit,unter Einstieg,203,-0.46
CSX,ab2023,mittel,0-10,25,-0.683
CSX,ab2023,weit,10-25,36,0.826
CSX,ab2023,sehr weit,0-10,48,-0.022
CSX,ab2023,mittel,25-40,34,0.846
CSX,ab2023,weit,25-40,38,-0.053
CSX,ab2023,weit,40-100,100,-0.805
CSX,ab2023,weit,unter Einstieg,95,-0.66
CSX,ab2023,mittel,40-100,89,0.087
CSX,ab2023,mittel,unter Einstieg,205,0.048
CSX,ab2023,mittel,10-25,35,0.262
CSX,ab2023,weit,0-10,28,0.406
CSX,ab2023,sehr weit,10-25,42,0.599
CSX,ab2023,sehr weit,25-40,20,1.179
CSX,ab2023,sehr weit,40-100,41,1.144
CSX,ab2023,sehr weit,unter Einstieg,19,2.582
CTAS,bis2022,mittel,40-100,431,0.428
CTAS,bis2022,mittel,25-40,178,0.117
CTAS,bis2022,mittel,10-25,195,0.574
CTAS,bis2022,weit,25-40,143,-0.198
CTAS,bis2022,weit,0-10,158,0.676
CTAS,bis2022,mittel,0-10,140,0.739
CTAS,bis2022,weit,10-25,177,0.16
CTAS,bis2022,sehr weit,0-10,228,0.362
CTAS,bis2022,weit,40-100,370,0.472
CTAS,bis2022,weit,unter Einstieg,223,0.135
CTAS,bis2022,mittel,unter Einstieg,464,0.595
CTAS,bis2022,sehr weit,10-25,135,0.552
CTAS,bis2022,sehr weit,25-40,126,0.997
CTAS,bis2022,sehr weit,40-100,341,-0.551
CTAS,bis2022,sehr weit,unter Einstieg,120,-0.706
CTAS,ab2023,mittel,0-10,13,1.392
CTAS,ab2023,mittel,40-100,128,2.404
CTAS,ab2023,mittel,unter Einstieg,136,3.473
CTAS,ab2023,weit,10-25,31,1.031
CTAS,ab2023,weit,0-10,26,0.681
CTAS,ab2023,weit,25-40,57,1.401
CTAS,ab2023,weit,40-100,141,2.36
CTAS,ab2023,weit,unter Einstieg,124,4.148
CTAS,ab2023,sehr weit,0-10,58,0.114
CTAS,ab2023,mittel,10-25,26,1.707
CTAS,ab2023,mittel,25-40,32,2.017
CTAS,ab2023,sehr weit,10-25,58,0.943
CTAS,ab2023,sehr weit,25-40,60,1.569
CTAS,ab2023,sehr weit,40-100,57,2.431
CTAS,ab2023,sehr weit,unter Einstieg,10,5.13
CTSH,bis2022,mittel,0-10,209,0.302
CTSH,bis2022,mittel,10-25,259,0.506
CTSH,bis2022,weit,10-25,173,0.881
CTSH,bis2022,weit,0-10,200,0.21
CTSH,bis2022,weit,25-40,171,1.259
CTSH,bis2022,sehr weit,0-10,181,0.05
CTSH,bis2022,mittel,40-100,616,0.791
CTSH,bis2022,mittel,25-40,195,-0.074
CTSH,bis2022,mittel,unter Einstieg,848,0.864
CTSH,bis2022,weit,40-100,500,1.743
CTSH,bis2022,weit,unter Einstieg,225,2.667
CTSH,bis2022,sehr weit,25-40,96,0.016
CTSH,bis2022,sehr weit,40-100,239,0.375
CTSH,bis2022,sehr weit,unter Einstieg,77,-0.732
CTSH,bis2022,sehr weit,10-25,120,0.572
CTSH,ab2023,mittel,10-25,27,0.537
CTSH,ab2023,weit,0-10,13,1.397
CTSH,ab2023,mittel,25-40,16,0.06
CTSH,ab2023,mittel,0-10,11,1.188
CTSH,ab2023,weit,25-40,20,2.66
CTSH,ab2023,weit,10-25,13,1.758
CTSH,ab2023,weit,40-100,66,2.856
CTSH,ab2023,weit,unter Einstieg,29,4.86
CTSH,ab2023,sehr weit,25-40,72,1.035
CTSH,ab2023,sehr weit,40-100,187,2.153
CTSH,ab2023,sehr weit,10-25,35,0.219
CTSH,ab2023,sehr weit,0-10,23,0.226
CTSH,ab2023,mittel,40-100,87,0.163
CTSH,ab2023,mittel,unter Einstieg,131,0.743
CTSH,ab2023,sehr weit,unter Einstieg,23,2.792
CVS,bis2022,mittel,10-25,271,0.509
CVS,bis2022,mittel,25-40,169,0.638
CVS,bis2022,weit,0-10,190,0.096
CVS,bis2022,sehr weit,10-25,159,-0.066
CVS,bis2022,mittel,0-10,156,0.173
CVS,bis2022,weit,10-25,164,-0.003
CVS,bis2022,sehr weit,0-10,196,0.054
CVS,bis2022,weit,40-100,389,0.259
CVS,bis2022,weit,25-40,151,0.545
CVS,bis2022,sehr weit,25-40,202,0.666
CVS,bis2022,sehr weit,40-100,505,1.116
CVS,bis2022,sehr weit,unter Einstieg,163,0.482
CVS,bis2022,mittel,40-100,765,0.853
CVS,bis2022,mittel,unter Einstieg,1112,1.012
CVS,bis2022,weit,unter Einstieg,226,0.442
CVS,ab2023,mittel,0-10,23,1.18
CVS,ab2023,mittel,10-25,26,1.148
CVS,ab2023,mittel,40-100,50,0.589
CVS,ab2023,mittel,25-40,19,0.29
CVS,ab2023,mittel,unter Einstieg,49,0.25
CVS,ab2023,sehr weit,25-40,7,-1.319
CVS,ab2023,sehr weit,10-25,27,-1.457
CVS,ab2023,sehr weit,40-100,118,1.49
CVS,ab2023,sehr weit,unter Einstieg,58,2.796
CVS,ab2023,weit,10-25,23,0.416
CVS,ab2023,weit,unter Einstieg,18,3.907
CVS,ab2023,weit,40-100,35,1.613
CVS,ab2023,sehr weit,0-10,63,1.005
CVS,ab2023,weit,25-40,17,0.356
CVS,ab2023,weit,0-10,25,0.269
CVX,bis2022,mittel,0-10,143,0.043
CVX,bis2022,mittel,40-100,481,0.338
CVX,bis2022,weit,25-40,209,0.299
CVX,bis2022,weit,10-25,270,-0.063
CVX,bis2022,weit,40-100,631,0.514
CVX,bis2022,weit,0-10,247,-0.037
CVX,bis2022,sehr weit,10-25,260,-0.001
CVX,bis2022,sehr weit,25-40,210,-0.308
CVX,bis2022,sehr weit,40-100,441,0.032
CVX,bis2022,sehr weit,unter Einstieg,287,-0.43
CVX,bis2022,mittel,25-40,116,0.015
CVX,bis2022,mittel,10-25,165,0.268
CVX,bis2022,sehr weit,0-10,320,-0.127
CVX,bis2022,mittel,unter Einstieg,546,0.626
CVX,bis2022,weit,unter Einstieg,361,0.867
CVX,ab2023,mittel,10-25,26,0.813
CVX,ab2023,weit,25-40,55,-0.032
CVX,ab2023,weit,40-100,220,1.047
CVX,ab2023,weit,0-10,54,0.26
CVX,ab2023,sehr weit,40-100,140,0.048
CVX,ab2023,sehr weit,25-40,42,-0.058
CVX,ab2023,sehr weit,10-25,52,0.169
CVX,ab2023,sehr weit,0-10,48,-0.379
CVX,ab2023,sehr weit,unter Einstieg,125,1.159
CVX,ab2023,weit,10-25,41,0.305
CVX,ab2023,mittel,40-100,143,1.619
CVX,ab2023,weit,unter Einstieg,217,1.834
CVX,ab2023,mittel,unter Einstieg,136,2.009
CVX,ab2023,mittel,25-40,39,1.523
CVX,ab2023,mittel,0-10,27,1.144
DASH,bis2022,mittel,25-40,39,0.433
DASH,bis2022,mittel,40-100,204,0.97
DASH,bis2022,mittel,unter Einstieg,193,1.731
DASH,bis2022,mittel,10-25,46,-0.521
DASH,bis2022,weit,10-25,24,-0.38
DASH,bis2022,weit,0-10,37,-0.603
DASH,bis2022,mittel,0-10,26,0.186
DASH,bis2022,weit,40-100,132,0.81
DASH,bis2022,weit,unter Einstieg,85,0.553
DASH,bis2022,weit,25-40,20,0.692
DASH,bis2022,sehr weit,10-25,42,0.865
DASH,bis2022,sehr weit,0-10,51,0.054
DASH,bis2022,sehr weit,40-100,136,0.923
DASH,bis2022,sehr weit,unter Einstieg,129,0.225
DASH,bis2022,sehr weit,25-40,40,0.565
DASH,ab2023,mittel,0-10,15,-0.895
DASH,ab2023,weit,10-25,28,0.231
DASH,ab2023,sehr weit,10-25,19,0.521
DASH,ab2023,weit,25-40,32,-0.553
DASH,ab2023,weit,0-10,20,-0.004
DASH,ab2023,sehr weit,0-10,34,-0.226
DASH,ab2023,sehr weit,25-40,20,0.888
DASH,ab2023,weit,40-100,110,-0.015
DASH,ab2023,mittel,10-25,25,-0.777
DASH,ab2023,mittel,25-40,14,-1.984
DASH,ab2023,mittel,40-100,85,-1.248
DASH,ab2023,mittel,unter Einstieg,192,0.419
DASH,ab2023,weit,unter Einstieg,203,1.625
DASH,ab2023,sehr weit,40-100,51,1.909
DASH,ab2023,sehr weit,unter Einstieg,54,3.291
DB1.DE,bis2022,mittel,0-10,151,0.243
DB1.DE,bis2022,weit,0-10,206,0.432
DB1.DE,bis2022,mittel,40-100,781,0.576
DB1.DE,bis2022,mittel,unter Einstieg,849,0.594
DB1.DE,bis2022,mittel,10-25,244,0.328
DB1.DE,bis2022,weit,10-25,239,0.628
DB1.DE,bis2022,weit,25-40,181,0.29
DB1.DE,bis2022,sehr weit,0-10,275,0.305
DB1.DE,bis2022,weit,40-100,525,0.497
DB1.DE,bis2022,weit,unter Einstieg,455,-0.37
DB1.DE,bis2022,mittel,25-40,251,0.112
DB1.DE,bis2022,sehr weit,10-25,176,0.319
DB1.DE,bis2022,sehr weit,25-40,110,0.756
DB1.DE,bis2022,sehr weit,40-100,491,-0.116
DB1.DE,bis2022,sehr weit,unter Einstieg,119,-0.631
DB1.DE,ab2023,mittel,40-100,110,-0.67
DB1.DE,ab2023,mittel,25-40,35,1.207
DB1.DE,ab2023,mittel,0-10,24,0.172
DB1.DE,ab2023,mittel,10-25,43,-0.223
DB1.DE,ab2023,sehr weit,0-10,109,0.848
DB1.DE,ab2023,sehr weit,25-40,17,1.204
DB1.DE,ab2023,sehr weit,40-100,114,2.182
DB1.DE,ab2023,weit,10-25,22,1.346
DB1.DE,ab2023,sehr weit,10-25,38,1.661
DB1.DE,ab2023,mittel,unter Einstieg,97,-1.102
DB1.DE,ab2023,weit,0-10,31,1.269
DB1.DE,ab2023,weit,40-100,141,-0.594
DB1.DE,ab2023,weit,unter Einstieg,144,0.087
DB1.DE,ab2023,sehr weit,unter Einstieg,52,3.241
DB1.DE,ab2023,weit,25-40,25,0.531
DBK.DE,bis2022,mittel,25-40,194,-0.125
DBK.DE,bis2022,weit,10-25,241,-0.573
DBK.DE,bis2022,weit,0-10,172,0.659
DBK.DE,bis2022,mittel,40-100,701,-0.412
DBK.DE,bis2022,mittel,unter Einstieg,1093,0.036
DBK.DE,bis2022,mittel,0-10,131,0.456
DBK.DE,bis2022,mittel,10-25,189,0.33
DBK.DE,bis2022,sehr weit,10-25,199,-0.381
DBK.DE,bis2022,sehr weit,40-100,273,-0.666
DBK.DE,bis2022,sehr weit,unter Einstieg,179,-1.703
DBK.DE,bis2022,weit,40-100,533,-0.221
DBK.DE,bis2022,weit,unter Einstieg,413,-0.656
DBK.DE,bis2022,weit,25-40,189,-0.361
DBK.DE,bis2022,sehr weit,25-40,127,-0.19
DBK.DE,bis2022,sehr weit,0-10,256,0.057
DBK.DE,ab2023,mittel,0-10,20,0.151
DBK.DE,ab2023,weit,25-40,30,0.543
DBK.DE,ab2023,weit,40-100,101,0.379
DBK.DE,ab2023,weit,unter Einstieg,45,1.203
DBK.DE,ab2023,mittel,10-25,24,0.124
DBK.DE,ab2023,mittel,25-40,16,0.268
DBK.DE,ab2023,mittel,unter Einstieg,33,1.922
DBK.DE,ab2023,mittel,40-100,82,0.662
DBK.DE,ab2023,weit,0-10,32,0.797
DBK.DE,ab2023,weit,10-25,28,0.943
DBK.DE,ab2023,sehr weit,0-10,50,-0.0
DBK.DE,ab2023,sehr weit,10-25,49,0.769
DBK.DE,ab2023,sehr weit,40-100,136,2.838
DBK.DE,ab2023,sehr weit,unter Einstieg,47,4.849
DBK.DE,ab2023,sehr weit,25-40,18,1.617
DDOG,bis2022,mittel,25-40,39,-0.886
DDOG,bis2022,sehr weit,10-25,17,-0.763
DDOG,bis2022,sehr weit,0-10,9,-0.104
DDOG,bis2022,mittel,0-10,38,-0.411
DDOG,bis2022,mittel,40-100,185,-0.024
DDOG,bis2022,mittel,10-25,59,-0.8
DDOG,bis2022,weit,0-10,23,0.223
DDOG,bis2022,weit,10-25,44,0.295
DDOG,bis2022,weit,25-40,61,-0.158
DDOG,bis2022,sehr weit,40-100,103,-0.455
DDOG,bis2022,sehr weit,25-40,17,-0.638
DDOG,bis2022,mittel,unter Einstieg,316,0.546
DDOG,bis2022,weit,40-100,135,1.31
DDOG,bis2022,weit,unter Einstieg,152,2.852
DDOG,bis2022,sehr weit,unter Einstieg,81,1.72
DDOG,ab2023,mittel,40-100,221,0.3
DDOG,ab2023,mittel,25-40,51,0.11
DDOG,ab2023,mittel,0-10,44,1.139
DDOG,ab2023,mittel,10-25,64,0.006
DDOG,ab2023,weit,0-10,40,-0.758
DDOG,ab2023,sehr weit,40-100,141,-0.008
DDOG,ab2023,sehr weit,25-40,30,0.71
DDOG,ab2023,sehr weit,0-10,91,0.901
DDOG,ab2023,weit,40-100,262,-1.498
DDOG,ab2023,weit,25-40,37,0.211
DDOG,ab2023,sehr weit,10-25,54,1.793
DDOG,ab2023,mittel,unter Einstieg,259,1.505
DDOG,ab2023,weit,10-25,44,-0.649
DDOG,ab2023,sehr weit,unter Einstieg,89,5.138
DDOG,ab2023,weit,unter Einstieg,126,-0.404
DE,bis2022,mittel,0-10,95,-0.222
DE,bis2022,sehr weit,0-10,186,-0.108
DE,bis2022,sehr weit,10-25,209,0.405
DE,bis2022,sehr weit,25-40,246,0.389
DE,bis2022,sehr weit,40-100,729,1.098
DE,bis2022,mittel,25-40,109,0.572
DE,bis2022,mittel,unter Einstieg,364,-0.0
DE,bis2022,mittel,40-100,262,0.393
DE,bis2022,weit,10-25,186,0.515
DE,bis2022,weit,40-100,550,0.764
DE,bis2022,weit,unter Einstieg,546,0.493
DE,bis2022,weit,0-10,131,-0.387
DE,bis2022,mittel,10-25,121,0.54
DE,bis2022,weit,25-40,161,0.564
DE,bis2022,sehr weit,unter Einstieg,219,-0.284
DE,ab2023,mittel,0-10,19,-1.47
DE,ab2023,mittel,40-100,78,-1.246
DE,ab2023,mittel,25-40,24,0.17
DE,ab2023,mittel,10-25,35,-0.159
DE,ab2023,mittel,unter Einstieg,106,-1.105
DE,ab2023,weit,10-25,24,-1.537
DE,ab2023,weit,40-100,70,-1.297
DE,ab2023,weit,25-40,17,0.31
DE,ab2023,weit,unter Einstieg,119,-1.735
DE,ab2023,sehr weit,10-25,25,-0.184
DE,ab2023,sehr weit,25-40,38,-1.502
DE,ab2023,sehr weit,40-100,107,-2.656
DE,ab2023,sehr weit,unter Einstieg,68,-0.812
DE,ab2023,sehr weit,0-10,25,-0.527
DE,ab2023,weit,0-10,14,-0.28
DELL,bis2022,mittel,10-25,94,0.604
DELL,bis2022,mittel,25-40,83,0.412
DELL,bis2022,mittel,40-100,181,0.326
DELL,bis2022,mittel,unter Einstieg,179,-0.217
DELL,bis2022,sehr weit,40-100,20,2.729
DELL,bis2022,sehr weit,25-40,33,2.503
DELL,bis2022,sehr weit,10-25,43,0.69
DELL,bis2022,sehr weit,0-10,56,-0.018
DELL,bis2022,weit,40-100,165,1.158
DELL,bis2022,weit,10-25,68,-0.467
DELL,bis2022,weit,0-10,71,-0.547
DELL,bis2022,weit,25-40,72,0.216
DELL,bis2022,frueh,10-25,7,1.365
DELL,bis2022,weit,unter Einstieg,76,1.837
DELL,bis2022,mittel,0-10,56,-0.085
DELL,bis2022,sehr weit,unter Einstieg,9,3.111
DELL,bis2022,frueh,40-100,1,1.363
DELL,ab2023,sehr weit,10-25,7,0.684
DELL,ab2023,mittel,40-100,61,1.341
DELL,ab2023,mittel,10-25,44,0.816
DELL,ab2023,mittel,0-10,24,0.371
DELL,ab2023,mittel,25-40,36,1.41
DELL,ab2023,weit,0-10,16,-0.009
DELL,ab2023,weit,10-25,17,0.821
DELL,ab2023,frueh,40-100,1,-2.621
DELL,ab2023,frueh,unter Einstieg,2,-1.079
DELL,ab2023,mittel,unter Einstieg,111,0.663
DELL,ab2023,sehr weit,0-10,23,-0.861
DELL,ab2023,weit,40-100,55,3.907
DELL,ab2023,weit,unter Einstieg,83,2.736
DELL,ab2023,weit,25-40,14,2.788
DELL,ab2023,sehr weit,25-40,5,1.014
DELL,ab2023,frueh,0-10,2,-3.578
DHL.DE,bis2022,mittel,40-100,652,0.19
DHL.DE,bis2022,mittel,unter Einstieg,716,-0.163
DHL.DE,bis2022,weit,10-25,213,-0.227
DHL.DE,bis2022,sehr weit,10-25,116,-0.72
DHL.DE,bis2022,sehr weit,25-40,75,-1.123
DHL.DE,bis2022,mittel,25-40,191,0.48
DHL.DE,bis2022,mittel,10-25,231,0.222
DHL.DE,bis2022,weit,0-10,164,-0.202
DHL.DE,bis2022,mittel,0-10,164,0.021
DHL.DE,bis2022,weit,40-100,547,-0.024
DHL.DE,bis2022,weit,unter Einstieg,313,-0.139
DHL.DE,bis2022,weit,25-40,178,-0.29
DHL.DE,bis2022,sehr weit,40-100,231,-1.227
DHL.DE,bis2022,sehr weit,0-10,131,-0.164
DHL.DE,bis2022,sehr weit,unter Einstieg,85,-1.708
DHL.DE,bis2022,frueh,10-25,4,-0.342
DHL.DE,bis2022,frueh,25-40,8,1.443
DHL.DE,bis2022,frueh,40-100,21,0.456
DHL.DE,bis2022,frueh,unter Einstieg,23,2.423
DHL.DE,bis2022,frueh,0-10,3,-2.064
DHL.DE,ab2023,mittel,10-25,59,1.161
DHL.DE,ab2023,mittel,40-100,181,1.833
DHL.DE,ab2023,weit,25-40,42,1.22
DHL.DE,ab2023,weit,40-100,171,1.725
DHL.DE,ab2023,weit,unter Einstieg,107,2.759
DHL.DE,ab2023,weit,10-25,60,0.648
DHL.DE,ab2023,sehr weit,0-10,55,-0.039
DHL.DE,ab2023,sehr weit,40-100,18,3.596
DHL.DE,ab2023,sehr weit,25-40,12,1.671
DHL.DE,ab2023,sehr weit,10-25,22,0.701
DHL.DE,ab2023,mittel,0-10,30,0.969
DHL.DE,ab2023,mittel,25-40,56,1.336
DHL.DE,ab2023,weit,0-10,58,-0.055
DHL.DE,ab2023,mittel,unter Einstieg,363,2.68
DHL.DE,ab2023,frueh,40-100,11,-1.959
DHL.DE,ab2023,frueh,25-40,3,0.035
DHL.DE,ab2023,frueh,unter Einstieg,65,-1.548
DHL.DE,ab2023,frueh,0-10,1,-3.675
DHL.DE,ab2023,sehr weit,unter Einstieg,11,5.126
DHR,bis2022,mittel,40-100,534,1.285
DHR,bis2022,mittel,10-25,189,0.871
DHR,bis2022,weit,25-40,162,0.518
DHR,bis2022,weit,40-100,416,1.029
DHR,bis2022,weit,unter Einstieg,370,1.098
DHR,bis2022,weit,10-25,199,0.687
DHR,bis2022,weit,0-10,221,0.446
DHR,bis2022,sehr weit,0-10,335,0.145
DHR,bis2022,sehr weit,25-40,256,1.255
DHR,bis2022,sehr weit,10-25,291,0.657
DHR,bis2022,sehr weit,40-100,657,1.993
DHR,bis2022,sehr weit,unter Einstieg,177,1.49
DHR,bis2022,mittel,0-10,146,0.53
DHR,bis2022,mittel,25-40,197,1.22
DHR,bis2022,mittel,unter Einstieg,763,1.935
DHR,ab2023,mittel,40-100,169,0.222
DHR,ab2023,weit,0-10,43,0.013
DHR,ab2023,sehr weit,0-10,63,-0.674
DHR,ab2023,mittel,25-40,51,-0.394
DHR,ab2023,mittel,unter Einstieg,206,0.886
DHR,ab2023,mittel,0-10,17,-0.758
DHR,ab2023,weit,40-100,138,-0.583
DHR,ab2023,weit,unter Einstieg,66,1.265
DHR,ab2023,sehr weit,25-40,37,0.945
DHR,ab2023,sehr weit,40-100,74,1.636
DHR,ab2023,weit,10-25,51,-0.916
DHR,ab2023,sehr weit,unter Einstieg,14,4.131
DHR,ab2023,mittel,10-25,43,0.704
DHR,ab2023,weit,25-40,51,-1.154
DHR,ab2023,sehr weit,10-25,34,-0.421
DIS,bis2022,mittel,10-25,198,0.425
DIS,bis2022,mittel,40-100,516,0.775
DIS,bis2022,mittel,25-40,196,0.582
DIS,bis2022,weit,40-100,640,0.561
DIS,bis2022,weit,unter Einstieg,595,0.958
DIS,bis2022,mittel,unter Einstieg,881,1.163
DIS,bis2022,weit,0-10,131,0.486
DIS,bis2022,mittel,0-10,138,0.573
DIS,bis2022,weit,10-25,181,0.566
DIS,bis2022,weit,25-40,177,0.103
DIS,bis2022,sehr weit,10-25,164,0.3
DIS,bis2022,sehr weit,0-10,200,0.281
DIS,bis2022,sehr weit,25-40,94,0.277
DIS,bis2022,sehr weit,40-100,200,-0.457
DIS,bis2022,sehr weit,unter Einstieg,81,-0.54
DIS,ab2023,mittel,0-10,22,-1.104
DIS,ab2023,mittel,40-100,92,-3.26
DIS,ab2023,mittel,unter Einstieg,264,-1.958
DIS,ab2023,mittel,10-25,36,-1.689
DIS,ab2023,weit,10-25,33,-2.181
DIS,ab2023,weit,0-10,20,-0.949
DIS,ab2023,mittel,25-40,21,-2.959
DIS,ab2023,weit,40-100,56,-1.932
DIS,ab2023,weit,unter Einstieg,104,-1.531
DIS,ab2023,sehr weit,10-25,28,-0.326
DIS,ab2023,sehr weit,40-100,54,-1.671
DIS,ab2023,sehr weit,unter Einstieg,95,-1.793
DIS,ab2023,weit,25-40,34,-1.631
DIS,ab2023,sehr weit,0-10,15,0.107
DIS,ab2023,sehr weit,25-40,17,-0.897
DTE.DE,bis2022,mittel,10-25,272,0.203
DTE.DE,bis2022,weit,0-10,190,-0.291
DTE.DE,bis2022,sehr weit,0-10,209,-0.264
DTE.DE,bis2022,mittel,40-100,698,0.758
DTE.DE,bis2022,mittel,unter Einstieg,692,0.627
DTE.DE,bis2022,mittel,25-40,249,0.27
DTE.DE,bis2022,weit,40-100,469,0.797
DTE.DE,bis2022,weit,unter Einstieg,324,-0.081
DTE.DE,bis2022,weit,10-25,206,-0.114
DTE.DE,bis2022,sehr weit,40-100,465,1.166
DTE.DE,bis2022,mittel,0-10,145,-0.179
DTE.DE,bis2022,sehr weit,10-25,190,-0.371
DTE.DE,bis2022,weit,25-40,219,0.622
DTE.DE,bis2022,sehr weit,25-40,151,-0.206
DTE.DE,bis2022,sehr weit,unter Einstieg,270,1.141
DTE.DE,ab2023,mittel,10-25,49,-0.683
DTE.DE,ab2023,weit,10-25,27,-0.72
DTE.DE,ab2023,weit,40-100,43,-3.261
DTE.DE,ab2023,weit,25-40,17,-3.878
DTE.DE,ab2023,weit,unter Einstieg,30,-1.549
DTE.DE,ab2023,mittel,25-40,32,-1.527
DTE.DE,ab2023,mittel,40-100,152,-1.957
DTE.DE,ab2023,mittel,unter Einstieg,129,-1.734
DTE.DE,ab2023,mittel,0-10,37,0.105
DTE.DE,ab2023,weit,0-10,15,-0.513
DTE.DE,ab2023,sehr weit,10-25,21,-1.632
DTE.DE,ab2023,sehr weit,25-40,41,-0.656
DTE.DE,ab2023,sehr weit,40-100,48,-1.516
DTE.DE,ab2023,sehr weit,0-10,28,-0.415
DTE.DE,ab2023,sehr weit,unter Einstieg,20,-1.412
DTG.DE,bis2022,mittel,0-10,11,-0.789
DTG.DE,bis2022,mittel,40-100,83,0.56
DTG.DE,bis2022,mittel,25-40,35,1.21
DTG.DE,bis2022,mittel,10-25,23,0.9
DTG.DE,bis2022,weit,10-25,36,0.826
DTG.DE,bis2022,weit,25-40,26,0.73
DTG.DE,bis2022,weit,40-100,58,0.984
DTG.DE,bis2022,weit,unter Einstieg,30,1.663
DTG.DE,bis2022,weit,0-10,14,0.257
DTG.DE,bis2022,mittel,unter Einstieg,87,-0.06
DTG.DE,bis2022,sehr weit,0-10,8,0.205
DTG.DE,bis2022,sehr weit,10-25,11,0.416
DTG.DE,bis2022,sehr weit,25-40,3,1.623
DTG.DE,bis2022,sehr weit,40-100,18,3.093
DTG.DE,ab2023,mittel,25-40,31,1.302
DTG.DE,ab2023,mittel,40-100,90,1.116
DTG.DE,ab2023,mittel,10-25,40,-0.299
DTG.DE,ab2023,weit,10-25,30,0.062
DTG.DE,ab2023,weit,40-100,50,1.682
DTG.DE,ab2023,weit,25-40,24,0.922
DTG.DE,ab2023,weit,unter Einstieg,11,3.515
DTG.DE,ab2023,sehr weit,0-10,36,-0.044
DTG.DE,ab2023,weit,0-10,31,-0.646
DTG.DE,ab2023,sehr weit,10-25,23,-0.42
DTG.DE,ab2023,mittel,unter Einstieg,118,0.776
DTG.DE,ab2023,mittel,0-10,29,0.243
DTG.DE,ab2023,sehr weit,25-40,16,1.132
DTG.DE,ab2023,sehr weit,40-100,40,1.735
DTG.DE,ab2023,sehr weit,unter Einstieg,12,-1.382
DUK,bis2022,mittel,10-25,155,-0.351
DUK,bis2022,mittel,25-40,129,-0.406
DUK,bis2022,sehr weit,10-25,329,-0.061
DUK,bis2022,mittel,0-10,105,-0.063
DUK,bis2022,weit,0-10,170,0.039
DUK,bis2022,sehr weit,0-10,298,-0.145
DUK,bis2022,sehr weit,25-40,304,0.578
DUK,bis2022,sehr weit,40-100,857,0.026
DUK,bis2022,mittel,40-100,480,0.168
DUK,bis2022,mittel,unter Einstieg,794,-0.482
DUK,bis2022,weit,40-100,785,0.031
DUK,bis2022,weit,10-25,207,0.226
DUK,bis2022,weit,unter Einstieg,529,0.391
DUK,bis2022,sehr weit,unter Einstieg,254,0.403
DUK,bis2022,weit,25-40,190,0.335
DUK,ab2023,mittel,40-100,104,1.602
DUK,ab2023,mittel,unter Einstieg,86,0.281
DUK,ab2023,mittel,25-40,41,1.346
DUK,ab2023,weit,40-100,146,1.792
DUK,ab2023,weit,unter Einstieg,19,0.902
DUK,ab2023,mittel,10-25,31,1.481
DUK,ab2023,mittel,0-10,40,1.249
DUK,ab2023,weit,10-25,58,0.983
DUK,ab2023,sehr weit,25-40,28,1.316
DUK,ab2023,sehr weit,40-100,57,2.067
DUK,ab2023,sehr weit,unter Einstieg,3,3.626
DUK,ab2023,sehr weit,0-10,90,0.136
DUK,ab2023,weit,25-40,49,1.003
DUK,ab2023,weit,0-10,51,0.711
DUK,ab2023,sehr weit,10-25,57,0.655
DXCM,bis2022,mittel,40-100,502,1.236
DXCM,bis2022,mittel,unter Einstieg,525,1.636
DXCM,bis2022,mittel,25-40,174,0.672
DXCM,bis2022,mittel,10-25,198,0.753
DXCM,bis2022,mittel,0-10,156,0.025
DXCM,bis2022,weit,25-40,82,0.309
DXCM,bis2022,weit,40-100,353,-0.304
DXCM,bis2022,weit,unter Einstieg,167,0.006
DXCM,bis2022,sehr weit,10-25,119,0.334
DXCM,bis2022,frueh,0-10,5,1.119
DXCM,bis2022,frueh,25-40,10,1.175
DXCM,bis2022,weit,10-25,113,0.404
DXCM,bis2022,sehr weit,0-10,166,-0.019
DXCM,bis2022,weit,0-10,158,0.561
DXCM,bis2022,frueh,10-25,11,1.238
DXCM,bis2022,frueh,40-100,15,1.318
DXCM,bis2022,sehr weit,40-100,257,0.297
DXCM,bis2022,sehr weit,unter Einstieg,111,-0.666
DXCM,bis2022,sehr weit,25-40,98,0.919
DXCM,bis2022,frueh,unter Einstieg,32,1.846
DXCM,ab2023,mittel,10-25,52,-0.157
DXCM,ab2023,mittel,25-40,56,0.219
DXCM,ab2023,mittel,40-100,162,0.65
DXCM,ab2023,sehr weit,10-25,42,0.755
DXCM,ab2023,frueh,40-100,10,0.935
DXCM,ab2023,frueh,unter Einstieg,22,2.243
DXCM,ab2023,frueh,25-40,2,2.682
DXCM,ab2023,weit,0-10,22,0.088
DXCM,ab2023,weit,40-100,168,1.398
DXCM,ab2023,weit,unter Einstieg,36,0.325
DXCM,ab2023,weit,25-40,38,0.637
DXCM,ab2023,sehr weit,0-10,33,-0.08
DXCM,ab2023,mittel,0-10,32,0.315
DXCM,ab2023,weit,10-25,39,-0.384
DXCM,ab2023,mittel,unter Einstieg,227,1.511
DXCM,ab2023,frueh,0-10,3,1.903
DXCM,ab2023,frueh,10-25,3,-0.437
DXCM,ab2023,sehr weit,25-40,22,0.28
DXCM,ab2023,sehr weit,40-100,54,0.742
DXCM,ab2023,sehr weit,unter Einstieg,3,-1.086
EMR,bis2022,weit,0-10,159,0.569
EMR,bis2022,weit,25-40,140,0.726
EMR,bis2022,weit,10-25,186,0.381
EMR,bis2022,sehr weit,40-100,241,-0.202
EMR,bis2022,sehr weit,25-40,115,0.875
EMR,bis2022,sehr weit,10-25,196,0.501
EMR,bis2022,sehr weit,0-10,211,0.155
EMR,bis2022,mittel,10-25,159,0.605
EMR,bis2022,mittel,unter Einstieg,566,1.257
EMR,bis2022,mittel,40-100,488,0.893
EMR,bis2022,mittel,25-40,143,0.133
EMR,bis2022,mittel,0-10,121,0.5
EMR,bis2022,weit,40-100,389,0.326
EMR,bis2022,weit,unter Einstieg,281,0.547
EMR,bis2022,sehr weit,unter Einstieg,111,-0.716
EMR,ab2023,mittel,10-25,45,0.903
EMR,ab2023,mittel,25-40,38,0.66
EMR,ab2023,mittel,40-100,108,1.504
EMR,ab2023,mittel,unter Einstieg,152,1.776
EMR,ab2023,mittel,0-10,29,0.167
EMR,ab2023,sehr weit,10-25,60,0.202
EMR,ab2023,sehr weit,40-100,117,-0.65
EMR,ab2023,sehr weit,unter Einstieg,75,-0.692
EMR,ab2023,sehr weit,25-40,25,-0.807
EMR,ab2023,sehr weit,0-10,69,-0.261
EMR,ab2023,weit,40-100,90,0.999
EMR,ab2023,weit,unter Einstieg,119,1.657
EMR,ab2023,weit,10-25,46,0.302
EMR,ab2023,weit,0-10,20,0.602
EMR,ab2023,weit,25-40,21,0.876
ENB,bis2022,weit,40-100,338,0.615
ENB,bis2022,weit,unter Einstieg,186,-0.084
ENB,bis2022,mittel,25-40,164,0.449
ENB,bis2022,weit,0-10,149,0.331
ENB,bis2022,weit,10-25,224,0.497
ENB,bis2022,weit,25-40,147,0.975
ENB,bis2022,mittel,40-100,448,0.882
ENB,bis2022,mittel,0-10,122,0.375
ENB,bis2022,mittel,10-25,216,0.296
ENB,bis2022,mittel,unter Einstieg,573,1.006
ENB,bis2022,sehr weit,0-10,197,0.561
ENB,bis2022,sehr weit,10-25,86,0.832
ENB,bis2022,sehr weit,25-40,47,2.682
ENB,bis2022,sehr weit,40-100,191,1.193
ENB,bis2022,sehr weit,unter Einstieg,61,0.943
ENB,ab2023,mittel,25-40,24,0.729
ENB,ab2023,mittel,40-100,78,1.586
ENB,ab2023,weit,0-10,40,-0.057
ENB,ab2023,mittel,0-10,33,0.972
ENB,ab2023,mittel,10-25,58,-0.16
ENB,ab2023,mittel,unter Einstieg,134,1.082
ENB,ab2023,weit,10-25,27,-0.518
ENB,ab2023,weit,25-40,21,-0.342
ENB,ab2023,weit,40-100,50,0.402
ENB,ab2023,weit,unter Einstieg,40,-0.398
ENB,ab2023,sehr weit,10-25,29,-0.52
ENB,ab2023,sehr weit,0-10,34,-0.549
ENB,ab2023,sehr weit,25-40,13,-1.521
ENB,ab2023,sehr weit,40-100,86,-1.387
ENB,ab2023,sehr weit,unter Einstieg,43,1.473
ENR.DE,bis2022,mittel,10-25,43,-0.789
ENR.DE,bis2022,weit,0-10,32,-0.68
ENR.DE,bis2022,weit,40-100,64,-1.471
ENR.DE,bis2022,weit,unter Einstieg,60,-0.881
ENR.DE,bis2022,mittel,40-100,129,0.205
ENR.DE,bis2022,mittel,25-40,32,0.311
ENR.DE,bis2022,mittel,unter Einstieg,217,0.297
ENR.DE,bis2022,mittel,0-10,24,0.23
ENR.DE,bis2022,weit,10-25,21,-0.07
ENR.DE,bis2022,weit,25-40,21,-2.299
ENR.DE,bis2022,sehr weit,0-10,28,-0.658
ENR.DE,bis2022,sehr weit,40-100,84,-3.832
ENR.DE,bis2022,sehr weit,25-40,33,-4.621
ENR.DE,bis2022,sehr weit,10-25,26,-5.56
ENR.DE,bis2022,sehr weit,unter Einstieg,31,-1.661
ENR.DE,ab2023,mittel,25-40,20,-0.812
ENR.DE,ab2023,mittel,10-25,19,1.764
ENR.DE,ab2023,mittel,0-10,19,0.729
ENR.DE,ab2023,mittel,40-100,103,1.335
ENR.DE,ab2023,mittel,unter Einstieg,136,2.649
ENR.DE,ab2023,weit,0-10,14,0.879
ENR.DE,ab2023,weit,10-25,13,1.077
ENR.DE,ab2023,sehr weit,0-10,46,0.931
ENR.DE,ab2023,weit,40-100,14,0.363
ENR.DE,ab2023,weit,unter Einstieg,10,-1.857
ENR.DE,ab2023,weit,25-40,3,2.708
ENR.DE,ab2023,sehr weit,10-25,18,0.637
ENR.DE,ab2023,sehr weit,40-100,6,1.686
ENR.DE,ab2023,sehr weit,25-40,4,1.008
EOAN.DE,bis2022,mittel,10-25,315,-0.015
EOAN.DE,bis2022,mittel,40-100,822,0.271
EOAN.DE,bis2022,mittel,25-40,260,0.189
EOAN.DE,bis2022,weit,0-10,189,-0.032
EOAN.DE,bis2022,weit,10-25,277,0.017
EOAN.DE,bis2022,weit,25-40,226,0.353
EOAN.DE,bis2022,mittel,unter Einstieg,1162,0.212
EOAN.DE,bis2022,mittel,0-10,160,0.359
EOAN.DE,bis2022,sehr weit,0-10,179,-0.051
EOAN.DE,bis2022,weit,40-100,804,0.522
EOAN.DE,bis2022,sehr weit,25-40,143,0.316
EOAN.DE,bis2022,sehr weit,40-100,366,0.784
EOAN.DE,bis2022,sehr weit,unter Einstieg,174,0.958
EOAN.DE,bis2022,weit,unter Einstieg,525,0.807
EOAN.DE,bis2022,sehr weit,10-25,197,-0.125
EOAN.DE,ab2023,mittel,40-100,76,1.675
EOAN.DE,ab2023,mittel,unter Einstieg,29,2.497
EOAN.DE,ab2023,mittel,25-40,25,1.312
EOAN.DE,ab2023,mittel,10-25,33,-0.49
EOAN.DE,ab2023,weit,0-10,45,-0.485
EOAN.DE,ab2023,mittel,0-10,20,-0.13
EOAN.DE,ab2023,weit,10-25,23,-2.594
EOAN.DE,ab2023,weit,40-100,118,-1.606
EOAN.DE,ab2023,weit,unter Einstieg,57,-1.218
EOAN.DE,ab2023,weit,25-40,32,0.669
EOAN.DE,ab2023,sehr weit,40-100,23,-3.973
EOAN.DE,ab2023,sehr weit,unter Einstieg,8,-1.336
EOAN.DE,ab2023,sehr weit,10-25,9,0.103
EOAN.DE,ab2023,sehr weit,0-10,24,-0.35
EQIX,bis2022,mittel,10-25,160,-0.093
EQIX,bis2022,sehr weit,10-25,84,0.459
EQIX,bis2022,mittel,40-100,485,-0.174
EQIX,bis2022,mittel,25-40,151,0.366
EQIX,bis2022,weit,10-25,163,0.061
EQIX,bis2022,weit,25-40,126,0.227
EQIX,bis2022,weit,0-10,162,0.143
EQIX,bis2022,weit,40-100,304,0.363
EQIX,bis2022,mittel,0-10,129,0.192
EQIX,bis2022,sehr weit,0-10,154,0.106
EQIX,bis2022,mittel,unter Einstieg,484,-0.609
EQIX,bis2022,weit,unter Einstieg,302,0.086
EQIX,bis2022,sehr weit,25-40,90,1.371
EQIX,bis2022,sehr weit,40-100,209,2.319
EQIX,bis2022,sehr weit,unter Einstieg,77,2.416
EQIX,ab2023,mittel,0-10,23,-0.513
EQIX,ab2023,mittel,10-25,22,-0.25
EQIX,ab2023,mittel,unter Einstieg,70,0.002
EQIX,ab2023,weit,0-10,34,0.342
EQIX,ab2023,weit,10-25,31,-1.071
EQIX,ab2023,mittel,40-100,82,0.244
EQIX,ab2023,mittel,25-40,26,-0.162
EQIX,ab2023,weit,25-40,46,-0.003
EQIX,ab2023,weit,40-100,92,-0.165
EQIX,ab2023,sehr weit,0-10,12,0.344
EQIX,ab2023,weit,unter Einstieg,32,2.826
EQIX,ab2023,sehr weit,10-25,18,1.072
EQIX,ab2023,sehr weit,25-40,9,1.062
EQIX,ab2023,sehr weit,40-100,11,-2.756
EQIX,ab2023,sehr weit,unter Einstieg,1,-1.115
EQNR,bis2022,mittel,10-25,188,0.29
EQNR,bis2022,weit,0-10,191,-0.003
EQNR,bis2022,weit,25-40,151,0.156
EQNR,bis2022,sehr weit,0-10,199,-0.376
EQNR,bis2022,sehr weit,10-25,115,-0.354
EQNR,bis2022,mittel,0-10,171,-0.15
EQNR,bis2022,weit,40-100,431,0.491
EQNR,bis2022,weit,10-25,198,0.159
EQNR,bis2022,mittel,40-100,575,0.128
EQNR,bis2022,sehr weit,25-40,133,-0.726
EQNR,bis2022,sehr weit,unter Einstieg,149,0.799
EQNR,bis2022,sehr weit,40-100,345,-0.013
EQNR,bis2022,mittel,25-40,223,0.0
EQNR,bis2022,mittel,unter Einstieg,862,0.581
EQNR,bis2022,weit,unter Einstieg,470,0.513
EQNR,ab2023,mittel,10-25,35,0.215
EQNR,ab2023,weit,0-10,37,0.482
EQNR,ab2023,weit,10-25,37,-1.066
EQNR,ab2023,weit,40-100,86,-0.575
EQNR,ab2023,weit,unter Einstieg,149,0.106
EQNR,ab2023,sehr weit,0-10,97,-1.06
EQNR,ab2023,sehr weit,10-25,50,0.24
EQNR,ab2023,sehr weit,25-40,74,0.418
EQNR,ab2023,sehr weit,40-100,212,-0.032
EQNR,ab2023,sehr weit,unter Einstieg,141,-0.18
EQNR,ab2023,weit,25-40,32,-1.784
EQNR,ab2023,mittel,40-100,82,0.091
EQNR,ab2023,mittel,unter Einstieg,82,-0.499
EQNR,ab2023,mittel,0-10,40,0.898
EQNR,ab2023,mittel,25-40,42,-0.301
ETN,bis2022,mittel,40-100,306,0.019
ETN,bis2022,weit,10-25,137,0.317
ETN,bis2022,weit,unter Einstieg,222,0.463
ETN,bis2022,weit,40-100,375,0.524
ETN,bis2022,weit,0-10,136,0.369
ETN,bis2022,weit,25-40,108,0.722
ETN,bis2022,sehr weit,0-10,228,0.086
ETN,bis2022,sehr weit,25-40,61,0.559
ETN,bis2022,sehr weit,10-25,108,0.382
ETN,bis2022,sehr weit,40-100,144,0.555
ETN,bis2022,sehr weit,unter Einstieg,71,2.181
ETN,bis2022,mittel,0-10,121,0.644
ETN,bis2022,mittel,10-25,158,0.542
ETN,bis2022,mittel,unter Einstieg,524,-0.885
ETN,bis2022,mittel,25-40,124,0.379
ETN,ab2023,mittel,25-40,27,0.802
ETN,ab2023,mittel,40-100,114,1.11
ETN,ab2023,mittel,10-25,23,-0.016
ETN,ab2023,mittel,0-10,24,0.49
ETN,ab2023,weit,10-25,40,-1.222
ETN,ab2023,weit,unter Einstieg,47,1.372
ETN,ab2023,weit,40-100,87,0.512
ETN,ab2023,weit,25-40,38,-1.12
ETN,ab2023,weit,0-10,18,-0.466
ETN,ab2023,mittel,unter Einstieg,141,1.654
ETN,ab2023,sehr weit,40-100,50,-0.172
ETN,ab2023,sehr weit,0-10,25,-0.106
ETN,ab2023,sehr weit,10-25,24,-0.028
ETN,ab2023,sehr weit,25-40,29,0.392
ETN,ab2023,sehr weit,unter Einstieg,10,-1.356
EXC,bis2022,mittel,10-25,295,-0.29
EXC,bis2022,mittel,0-10,178,0.309
EXC,bis2022,mittel,25-40,274,-0.085
EXC,bis2022,weit,10-25,257,-0.531
EXC,bis2022,sehr weit,0-10,254,0.07
EXC,bis2022,weit,0-10,200,-0.064
EXC,bis2022,sehr weit,10-25,161,-0.65
EXC,bis2022,mittel,40-100,1054,-0.569
EXC,bis2022,mittel,unter Einstieg,1325,-0.522
EXC,bis2022,weit,40-100,563,-0.875
EXC,bis2022,weit,25-40,277,-0.689
EXC,bis2022,sehr weit,40-100,361,-0.64
EXC,bis2022,sehr weit,25-40,99,-1.461
EXC,bis2022,weit,unter Einstieg,342,-0.331
EXC,bis2022,sehr weit,unter Einstieg,172,-0.325
EXC,ab2023,mittel,40-100,181,1.794
EXC,ab2023,mittel,10-25,56,0.662
EXC,ab2023,mittel,25-40,58,0.885
EXC,ab2023,mittel,unter Einstieg,151,2.087
EXC,ab2023,weit,10-25,64,0.97
EXC,ab2023,weit,40-100,217,2.709
EXC,ab2023,weit,unter Einstieg,118,2.508
EXC,ab2023,weit,0-10,35,1.783
EXC,ab2023,mittel,0-10,43,0.738
EXC,ab2023,sehr weit,25-40,35,2.77
EXC,ab2023,sehr weit,0-10,40,-0.068
EXC,ab2023,sehr weit,10-25,48,1.346
EXC,ab2023,sehr weit,40-100,78,3.592
EXC,ab2023,sehr weit,unter Einstieg,15,4.4
EXC,ab2023,weit,25-40,70,2.101
FANG,bis2022,mittel,10-25,91,0.239
FANG,bis2022,mittel,0-10,50,-0.304
FANG,bis2022,weit,25-40,99,0.074
FANG,bis2022,weit,10-25,102,0.165
FANG,bis2022,sehr weit,25-40,87,0.87
FANG,bis2022,sehr weit,10-25,107,0.344
FANG,bis2022,mittel,40-100,392,-0.505
FANG,bis2022,weit,0-10,70,0.228
FANG,bis2022,sehr weit,0-10,117,-0.082
FANG,bis2022,weit,40-100,296,-0.462
FANG,bis2022,sehr weit,40-100,244,0.569
FANG,bis2022,mittel,25-40,102,-0.65
FANG,bis2022,weit,unter Einstieg,156,-1.316
FANG,bis2022,mittel,unter Einstieg,295,-0.854
FANG,bis2022,sehr weit,unter Einstieg,108,1.616
FANG,ab2023,mittel,25-40,40,1.097
FANG,ab2023,weit,10-25,58,0.985
FANG,ab2023,sehr weit,10-25,65,0.744
FANG,ab2023,mittel,10-25,68,0.878
FANG,ab2023,weit,40-100,313,1.705
FANG,ab2023,weit,25-40,69,0.762
FANG,ab2023,weit,0-10,48,0.865
FANG,ab2023,weit,unter Einstieg,282,2.095
FANG,ab2023,sehr weit,0-10,57,0.094
FANG,ab2023,sehr weit,25-40,64,0.705
FANG,ab2023,mittel,40-100,144,1.347
FANG,ab2023,mittel,unter Einstieg,123,1.256
FANG,ab2023,mittel,0-10,22,1.044
FANG,ab2023,sehr weit,40-100,248,2.146
FANG,ab2023,sehr weit,unter Einstieg,77,2.084
FAST,bis2022,mittel,25-40,206,0.081
FAST,bis2022,mittel,10-25,259,0.415
FAST,bis2022,mittel,40-100,619,-0.099
FAST,bis2022,mittel,unter Einstieg,960,0.076
FAST,bis2022,weit,25-40,144,0.073
FAST,bis2022,weit,10-25,192,-0.025
FAST,bis2022,weit,40-100,491,-1.205
FAST,bis2022,weit,unter Einstieg,469,-1.08
FAST,bis2022,weit,0-10,169,-0.108
FAST,bis2022,mittel,0-10,179,0.16
FAST,bis2022,sehr weit,10-25,234,-0.545
FAST,bis2022,sehr weit,40-100,692,-0.504
FAST,bis2022,sehr weit,unter Einstieg,385,0.929
FAST,bis2022,sehr weit,0-10,264,-0.013
FAST,bis2022,sehr weit,25-40,195,-0.193
FAST,ab2023,mittel,10-25,23,0.874
FAST,ab2023,mittel,25-40,19,1.996
FAST,ab2023,mittel,40-100,81,0.683
FAST,ab2023,mittel,unter Einstieg,116,0.692
FAST,ab2023,mittel,0-10,23,1.238
FAST,ab2023,weit,10-25,27,2.329
FAST,ab2023,weit,40-100,77,2.666
FAST,ab2023,weit,0-10,15,1.358
FAST,ab2023,sehr weit,0-10,37,0.407
FAST,ab2023,weit,25-40,14,2.083
FAST,ab2023,sehr weit,40-100,9,2.423
FAST,ab2023,sehr weit,25-40,6,3.441
FAST,ab2023,sehr weit,10-25,7,2.575
FAST,ab2023,weit,unter Einstieg,11,3.964
FDX,bis2022,mittel,10-25,198,0.436
FDX,bis2022,mittel,40-100,400,1.095
FDX,bis2022,weit,10-25,206,0.418
FDX,bis2022,weit,40-100,562,1.209
FDX,bis2022,sehr weit,0-10,176,-0.367
FDX,bis2022,mittel,unter Einstieg,517,0.646
FDX,bis2022,weit,25-40,181,0.6
FDX,bis2022,weit,0-10,130,0.072
FDX,bis2022,mittel,0-10,111,0.278
FDX,bis2022,weit,unter Einstieg,401,1.381
FDX,bis2022,sehr weit,40-100,324,1.372
FDX,bis2022,sehr weit,25-40,124,1.654
FDX,bis2022,sehr weit,10-25,180,0.424
FDX,bis2022,mittel,25-40,113,0.569
FDX,bis2022,sehr weit,unter Einstieg,180,0.522
FDX,ab2023,mittel,10-25,41,0.996
FDX,ab2023,mittel,25-40,37,2.605
FDX,ab2023,mittel,40-100,92,2.027
FDX,ab2023,mittel,0-10,18,1.645
FDX,ab2023,weit,10-25,28,1.132
FDX,ab2023,weit,25-40,37,1.107
FDX,ab2023,weit,0-10,23,1.146
FDX,ab2023,mittel,unter Einstieg,164,0.952
FDX,ab2023,sehr weit,40-100,44,1.425
FDX,ab2023,sehr weit,10-25,45,1.028
FDX,ab2023,sehr weit,25-40,22,0.373
FDX,ab2023,sehr weit,unter Einstieg,23,3.918
FDX,ab2023,sehr weit,0-10,59,0.817
FDX,ab2023,weit,40-100,108,1.692
FDX,ab2023,weit,unter Einstieg,73,1.945
FRE.DE,bis2022,mittel,0-10,116,0.378
FRE.DE,bis2022,weit,25-40,120,0.498
FRE.DE,bis2022,weit,40-100,415,0.951
FRE.DE,bis2022,weit,10-25,161,0.536
FRE.DE,bis2022,sehr weit,10-25,92,0.576
FRE.DE,bis2022,mittel,40-100,599,0.851
FRE.DE,bis2022,weit,0-10,116,0.233
FRE.DE,bis2022,mittel,25-40,203,0.95
FRE.DE,bis2022,mittel,unter Einstieg,454,0.939
FRE.DE,bis2022,mittel,10-25,184,0.396
FRE.DE,bis2022,weit,unter Einstieg,230,1.632
FRE.DE,bis2022,sehr weit,0-10,148,0.043
FRE.DE,bis2022,sehr weit,25-40,42,1.993
FRE.DE,bis2022,sehr weit,40-100,305,3.573
FRE.DE,bis2022,sehr weit,unter Einstieg,94,4.349
FRE.DE,ab2023,mittel,10-25,23,0.699
FRE.DE,ab2023,sehr weit,25-40,11,0.115
FRE.DE,ab2023,sehr weit,40-100,11,-1.352
FRE.DE,ab2023,sehr weit,10-25,18,0.473
FRE.DE,ab2023,sehr weit,unter Einstieg,5,-1.851
FRE.DE,ab2023,mittel,25-40,26,1.53
FRE.DE,ab2023,mittel,40-100,80,1.358
FRE.DE,ab2023,mittel,unter Einstieg,87,0.643
FRE.DE,ab2023,weit,10-25,22,0.919
FRE.DE,ab2023,weit,25-40,17,1.589
FRE.DE,ab2023,weit,0-10,27,0.544
FRE.DE,ab2023,weit,unter Einstieg,71,3.672
FRE.DE,ab2023,weit,40-100,36,2.196
FRE.DE,ab2023,sehr weit,0-10,20,0.054
FRE.DE,ab2023,mittel,0-10,19,0.986
FTNT,bis2022,mittel,40-100,356,1.194
FTNT,bis2022,mittel,10-25,184,0.57
FTNT,bis2022,mittel,25-40,129,0.758
FTNT,bis2022,mittel,0-10,153,0.918
FTNT,bis2022,weit,0-10,118,0.64
FTNT,bis2022,weit,40-100,256,-0.438
FTNT,bis2022,weit,unter Einstieg,156,0.722
FTNT,bis2022,weit,25-40,85,0.693
FTNT,bis2022,sehr weit,40-100,330,0.434
FTNT,bis2022,sehr weit,10-25,115,0.867
FTNT,bis2022,sehr weit,unter Einstieg,275,0.271
FTNT,bis2022,weit,10-25,112,-0.022
FTNT,bis2022,sehr weit,25-40,89,1.179
FTNT,bis2022,sehr weit,0-10,244,0.95
FTNT,bis2022,frueh,40-100,6,-1.845
FTNT,bis2022,frueh,unter Einstieg,33,-0.6
FTNT,bis2022,mittel,unter Einstieg,432,0.452
FTNT,bis2022,frueh,25-40,2,1.8
FTNT,bis2022,frueh,10-25,1,-3.936
FTNT,ab2023,mittel,40-100,195,1.464
FTNT,ab2023,mittel,unter Einstieg,318,0.886
FTNT,ab2023,mittel,25-40,55,0.657
FTNT,ab2023,mittel,0-10,61,1.324
FTNT,ab2023,weit,0-10,26,1.967
FTNT,ab2023,mittel,10-25,57,1.167
FTNT,ab2023,sehr weit,0-10,36,2.566
FTNT,ab2023,weit,40-100,77,6.049
FTNT,ab2023,weit,unter Einstieg,57,1.078
FTNT,ab2023,sehr weit,10-25,17,2.691
FTNT,ab2023,frueh,0-10,2,-3.831
FTNT,ab2023,weit,25-40,12,5.628
FTNT,ab2023,weit,10-25,12,5.523
FTNT,ab2023,sehr weit,25-40,18,4.832
FTNT,ab2023,sehr weit,40-100,52,8.973
FTNT,ab2023,frueh,10-25,4,-2.857
FTNT,ab2023,sehr weit,unter Einstieg,4,12.559
GD,bis2022,mittel,0-10,140,0.304
GD,bis2022,mittel,40-100,584,1.126
GD,bis2022,mittel,10-25,258,0.893
GD,bis2022,mittel,unter Einstieg,693,0.645
GD,bis2022,mittel,25-40,212,0.707
GD,bis2022,weit,10-25,222,0.127
GD,bis2022,weit,0-10,214,0.285
GD,bis2022,weit,40-100,582,1.077
GD,bis2022,weit,25-40,206,0.907
GD,bis2022,sehr weit,10-25,191,0.335
GD,bis2022,sehr weit,0-10,255,0.194
GD,bis2022,sehr weit,25-40,147,1.318
GD,bis2022,sehr weit,40-100,364,1.766
GD,bis2022,weit,unter Einstieg,348,1.07
GD,bis2022,sehr weit,unter Einstieg,89,2.996
GD,ab2023,mittel,40-100,136,-0.944
GD,ab2023,mittel,unter Einstieg,167,-1.008
GD,ab2023,mittel,0-10,38,-0.991
GD,ab2023,mittel,25-40,38,-0.486
GD,ab2023,mittel,10-25,42,0.632
GD,ab2023,weit,40-100,43,-1.896
GD,ab2023,weit,unter Einstieg,11,-1.532
GD,ab2023,weit,25-40,11,-2.482
GD,ab2023,weit,10-25,20,-1.282
GD,ab2023,weit,0-10,12,-0.693
GD,ab2023,sehr weit,0-10,37,-1.407
GD,ab2023,sehr weit,10-25,34,-2.206
GD,ab2023,sehr weit,25-40,25,-1.997
GD,ab2023,sehr weit,40-100,98,-1.112
GD,ab2023,sehr weit,unter Einstieg,15,2.402
GE,bis2022,mittel,40-100,550,-0.096
GE,bis2022,weit,10-25,123,0.624
GE,bis2022,sehr weit,0-10,194,0.32
GE,bis2022,sehr weit,10-25,119,0.212
GE,bis2022,weit,40-100,275,0.083
GE,bis2022,weit,0-10,133,0.179
GE,bis2022,weit,unter Einstieg,293,0.288
GE,bis2022,mittel,25-40,175,-0.311
GE,bis2022,mittel,0-10,86,0.009
GE,bis2022,mittel,10-25,147,0.071
GE,bis2022,mittel,unter Einstieg,870,0.707
GE,bis2022,weit,25-40,98,0.026
GE,bis2022,sehr weit,40-100,176,0.345
GE,bis2022,sehr weit,25-40,69,-0.154
GE,bis2022,sehr weit,unter Einstieg,84,1.467
GE,ab2023,mittel,unter Einstieg,48,2.483
GE,ab2023,mittel,40-100,46,0.549
GE,ab2023,mittel,10-25,22,-0.798
GE,ab2023,weit,0-10,20,-1.447
GE,ab2023,weit,25-40,34,-2.215
GE,ab2023,weit,40-100,67,-0.981
GE,ab2023,weit,unter Einstieg,67,0.683
GE,ab2023,sehr weit,10-25,26,-0.009
GE,ab2023,sehr weit,40-100,148,2.216
GE,ab2023,sehr weit,unter Einstieg,52,-0.761
GE,ab2023,mittel,0-10,12,0.191
GE,ab2023,mittel,25-40,19,-1.436
GE,ab2023,weit,10-25,26,-0.697
GE,ab2023,sehr weit,25-40,53,2.064
GE,ab2023,sehr weit,0-10,33,-0.038
GEHC,ab2023,mittel,10-25,23,-1.493
GEHC,ab2023,weit,0-10,25,-0.768
GEHC,ab2023,sehr weit,10-25,49,-2.012
GEHC,ab2023,sehr weit,25-40,41,-3.52
GEHC,ab2023,sehr weit,40-100,140,-1.391
GEHC,ab2023,sehr weit,0-10,23,-1.376
GEHC,ab2023,sehr weit,unter Einstieg,68,-0.004
GEHC,ab2023,weit,40-100,60,-0.424
GEHC,ab2023,weit,unter Einstieg,43,-1.021
GEHC,ab2023,weit,25-40,36,-1.424
GEHC,ab2023,weit,10-25,32,-0.728
GEHC,ab2023,mittel,0-10,26,-1.477
GEHC,ab2023,mittel,40-100,49,-1.093
GEHC,ab2023,mittel,25-40,25,-1.302
GEHC,ab2023,mittel,unter Einstieg,76,0.536
GEV,ab2023,frueh,40-100,12,3.73
GEV,ab2023,mittel,0-10,10,-0.529
GEV,ab2023,mittel,40-100,102,0.339
GEV,ab2023,mittel,25-40,23,-0.171
GEV,ab2023,mittel,10-25,34,0.248
GEV,ab2023,mittel,unter Einstieg,74,0.643
GEV,ab2023,weit,0-10,5,0.21
GEV,ab2023,weit,25-40,13,1.981
GEV,ab2023,weit,10-25,10,2.321
GEV,ab2023,weit,40-100,17,3.199
GEV,ab2023,sehr weit,0-10,12,0.041
GEV,ab2023,frueh,10-25,1,-3.882
GEV,ab2023,frueh,25-40,2,-3.778
GEV,ab2023,weit,unter Einstieg,14,-1.344
GEV,ab2023,frueh,unter Einstieg,9,4.615
GEV,ab2023,sehr weit,10-25,5,1.971
GEV,ab2023,sehr weit,25-40,2,2.254
GEV,ab2023,frueh,0-10,1,2.054
GFS,bis2022,mittel,25-40,11,-1.386
GFS,bis2022,mittel,0-10,11,-0.072
GFS,bis2022,weit,10-25,9,-0.426
GFS,bis2022,sehr weit,25-40,9,-1.192
GFS,bis2022,sehr weit,40-100,27,0.092
GFS,bis2022,sehr weit,unter Einstieg,30,-0.073
GFS,bis2022,sehr weit,0-10,14,-0.55
GFS,bis2022,sehr weit,10-25,19,-1.877
GFS,bis2022,mittel,10-25,12,-0.992
GFS,bis2022,mittel,40-100,30,-2.842
GFS,bis2022,weit,0-10,8,-0.779
GFS,bis2022,mittel,unter Einstieg,20,-1.324
GFS,bis2022,weit,40-100,15,-0.323
GFS,bis2022,weit,unter Einstieg,5,1.54
GFS,bis2022,weit,25-40,7,0.462
GFS,ab2023,mittel,25-40,21,0.652
GFS,ab2023,mittel,10-25,31,0.807
GFS,ab2023,weit,10-25,36,0.173
GFS,ab2023,weit,0-10,33,0.883
GFS,ab2023,sehr weit,0-10,74,-0.087
GFS,ab2023,mittel,0-10,11,0.185
GFS,ab2023,weit,40-100,172,0.209
GFS,ab2023,weit,25-40,53,0.497
GFS,ab2023,mittel,unter Einstieg,233,-0.194
GFS,ab2023,mittel,40-100,115,-0.52
GFS,ab2023,sehr weit,10-25,82,0.216
GFS,ab2023,sehr weit,25-40,105,-1.846
GFS,ab2023,sehr weit,40-100,534,1.036
GFS,ab2023,weit,unter Einstieg,94,1.058
GFS,ab2023,sehr weit,unter Einstieg,128,1.771
GILD,bis2022,mittel,25-40,135,0.354
GILD,bis2022,mittel,10-25,136,0.201
GILD,bis2022,weit,0-10,115,0.45
GILD,bis2022,mittel,0-10,88,0.201
GILD,bis2022,weit,40-100,515,0.692
GILD,bis2022,weit,unter Einstieg,322,1.02
GILD,bis2022,mittel,40-100,415,0.639
GILD,bis2022,mittel,unter Einstieg,489,0.266
GILD,bis2022,weit,10-25,190,0.474
GILD,bis2022,sehr weit,0-10,225,0.217
GILD,bis2022,weit,25-40,185,0.595
GILD,bis2022,sehr weit,10-25,249,0.223
GILD,bis2022,sehr weit,25-40,151,0.571
GILD,bis2022,sehr weit,40-100,614,1.008
GILD,bis2022,sehr weit,unter Einstieg,250,1.634
GILD,ab2023,mittel,0-10,19,0.462
GILD,ab2023,mittel,10-25,21,-0.192
GILD,ab2023,mittel,40-100,50,0.42
GILD,ab2023,mittel,unter Einstieg,141,1.005
GILD,ab2023,weit,25-40,26,0.355
GILD,ab2023,weit,10-25,24,0.155
GILD,ab2023,sehr weit,0-10,57,0.35
GILD,ab2023,sehr weit,10-25,70,0.356
GILD,ab2023,sehr weit,40-100,84,1.757
GILD,ab2023,sehr weit,25-40,41,0.475
GILD,ab2023,mittel,25-40,17,1.89
GILD,ab2023,weit,0-10,25,0.255
GILD,ab2023,weit,40-100,129,1.589
GILD,ab2023,weit,unter Einstieg,206,2.03
GILD,ab2023,sehr weit,unter Einstieg,105,2.602
GLW,bis2022,mittel,0-10,141,0.428
GLW,bis2022,mittel,40-100,440,0.122
GLW,bis2022,mittel,unter Einstieg,732,0.07
GLW,bis2022,mittel,10-25,160,0.525
GLW,bis2022,weit,0-10,126,0.59
GLW,bis2022,sehr weit,10-25,82,1.549
GLW,bis2022,sehr weit,40-100,133,1.332
GLW,bis2022,sehr weit,0-10,183,0.59
GLW,bis2022,mittel,25-40,118,0.339
GLW,bis2022,weit,25-40,119,0.176
GLW,bis2022,weit,10-25,161,0.236
GLW,bis2022,sehr weit,25-40,49,2.557
GLW,bis2022,weit,40-100,406,0.079
GLW,bis2022,weit,unter Einstieg,381,0.473
GLW,bis2022,sehr weit,unter Einstieg,44,0.281
GLW,ab2023,mittel,10-25,45,0.255
GLW,ab2023,weit,25-40,20,-0.653
GLW,ab2023,weit,40-100,61,1.878
GLW,ab2023,weit,unter Einstieg,106,-0.057
GLW,ab2023,weit,10-25,38,0.878
GLW,ab2023,weit,0-10,24,-0.216
GLW,ab2023,sehr weit,0-10,35,0.357
GLW,ab2023,mittel,unter Einstieg,37,1.259
GLW,ab2023,sehr weit,10-25,15,1.99
GLW,ab2023,sehr weit,40-100,14,3.973
GLW,ab2023,sehr weit,unter Einstieg,23,2.55
GLW,ab2023,sehr weit,25-40,6,0.091
GLW,ab2023,mittel,40-100,40,1.631
GLW,ab2023,mittel,25-40,17,0.072
GLW,ab2023,mittel,0-10,23,0.08
GM,bis2022,mittel,25-40,117,0.45
GM,bis2022,mittel,40-100,334,0.371
GM,bis2022,mittel,unter Einstieg,473,-0.198
GM,bis2022,mittel,10-25,136,0.277
GM,bis2022,mittel,0-10,103,0.119
GM,bis2022,weit,10-25,139,0.134
GM,bis2022,weit,0-10,88,-0.105
GM,bis2022,weit,40-100,273,-0.271
GM,bis2022,weit,unter Einstieg,388,-1.067
GM,bis2022,weit,25-40,103,-0.159
GM,bis2022,sehr weit,0-10,144,-0.075
GM,bis2022,sehr weit,10-25,98,-0.171
GM,bis2022,sehr weit,25-40,60,0.265
GM,bis2022,sehr weit,40-100,143,-0.361
GM,bis2022,sehr weit,unter Einstieg,123,-0.381
GM,ab2023,mittel,0-10,12,-0.345
GM,ab2023,mittel,40-100,163,-0.386
GM,ab2023,weit,10-25,33,-0.432
GM,ab2023,weit,40-100,100,-0.28
GM,ab2023,sehr weit,10-25,53,1.186
GM,ab2023,sehr weit,0-10,47,-0.421
GM,ab2023,mittel,10-25,35,0.098
GM,ab2023,mittel,unter Einstieg,265,0.875
GM,ab2023,mittel,25-40,42,-0.357
GM,ab2023,sehr weit,40-100,71,1.065
GM,ab2023,weit,0-10,21,-1.038
GM,ab2023,sehr weit,25-40,47,2.099
GM,ab2023,weit,unter Einstieg,106,0.5
GM,ab2023,weit,25-40,29,-1.095
GM,ab2023,sehr weit,unter Einstieg,43,0.328
GOOG,bis2022,mittel,0-10,211,0.192
GOOG,bis2022,weit,0-10,136,0.059
GOOG,bis2022,weit,25-40,55,0.627
GOOG,bis2022,weit,10-25,128,0.631
GOOG,bis2022,sehr weit,0-10,139,0.062
GOOG,bis2022,mittel,40-100,596,1.125
GOOG,bis2022,weit,40-100,178,0.533
GOOG,bis2022,mittel,unter Einstieg,732,1.309
GOOG,bis2022,mittel,10-25,208,0.447
GOOG,bis2022,weit,unter Einstieg,117,0.185
GOOG,bis2022,mittel,25-40,192,1.137
GOOG,bis2022,sehr weit,10-25,74,1.196
GOOG,bis2022,sehr weit,25-40,25,0.851
GOOG,bis2022,sehr weit,40-100,112,0.612
GOOG,bis2022,sehr weit,unter Einstieg,58,1.251
GOOG,ab2023,mittel,10-25,28,0.919
GOOG,ab2023,weit,10-25,18,1.331
GOOG,ab2023,weit,0-10,9,0.744
GOOG,ab2023,mittel,0-10,19,0.633
GOOG,ab2023,mittel,25-40,21,1.157
GOOG,ab2023,mittel,40-100,70,0.88
GOOG,ab2023,sehr weit,0-10,23,0.161
GOOG,ab2023,sehr weit,10-25,13,0.263
GOOG,ab2023,weit,25-40,10,2.03
GOOG,ab2023,weit,40-100,26,2.565
GOOG,ab2023,mittel,unter Einstieg,65,1.491
GOOG,ab2023,weit,unter Einstieg,6,3.574
GOOG,ab2023,sehr weit,25-40,14,0.562
GOOG,ab2023,sehr weit,40-100,4,1.021
GOOGL,bis2022,mittel,0-10,200,-0.084
GOOGL,bis2022,weit,0-10,144,0.145
GOOGL,bis2022,weit,25-40,68,0.688
GOOGL,bis2022,weit,10-25,126,0.635
GOOGL,bis2022,sehr weit,0-10,141,0.323
GOOGL,bis2022,mittel,40-100,602,0.518
GOOGL,bis2022,weit,40-100,175,0.732
GOOGL,bis2022,mittel,unter Einstieg,746,0.725
GOOGL,bis2022,mittel,10-25,249,0.526
GOOGL,bis2022,weit,unter Einstieg,100,0.908
GOOGL,bis2022,mittel,25-40,211,0.602
GOOGL,bis2022,sehr weit,10-25,73,1.73
GOOGL,bis2022,sehr weit,25-40,29,0.568
GOOGL,bis2022,sehr weit,40-100,102,0.168
GOOGL,bis2022,sehr weit,unter Einstieg,65,0.988
GOOGL,ab2023,mittel,0-10,24,0.442
GOOGL,ab2023,mittel,10-25,24,0.913
GOOGL,ab2023,mittel,25-40,23,0.814
GOOGL,ab2023,mittel,40-100,74,0.842
GOOGL,ab2023,weit,10-25,20,1.369
GOOGL,ab2023,sehr weit,0-10,18,0.213
GOOGL,ab2023,sehr weit,10-25,8,0.745
GOOGL,ab2023,weit,25-40,13,1.788
GOOGL,ab2023,weit,40-100,34,2.672
GOOGL,ab2023,mittel,unter Einstieg,93,0.46
GOOGL,ab2023,weit,0-10,12,0.459
GOOGL,ab2023,weit,unter Einstieg,4,3.811
GOOGL,ab2023,sehr weit,25-40,1,1.216
GS,bis2022,mittel,0-10,138,-0.564
GS,bis2022,mittel,40-100,616,-0.281
GS,bis2022,mittel,10-25,183,-0.065
GS,bis2022,mittel,25-40,202,0.488
GS,bis2022,mittel,unter Einstieg,829,-0.067
GS,bis2022,weit,25-40,155,-0.349
GS,bis2022,weit,40-100,429,-0.441
GS,bis2022,weit,0-10,138,-0.224
GS,bis2022,sehr weit,0-10,181,-0.129
GS,bis2022,sehr weit,25-40,96,-1.552
GS,bis2022,sehr weit,10-25,137,-1.3
GS,bis2022,sehr weit,40-100,267,-0.847
GS,bis2022,weit,unter Einstieg,388,-0.544
GS,bis2022,weit,10-25,198,0.049
GS,bis2022,sehr weit,unter Einstieg,153,-0.554
GS,ab2023,mittel,40-100,65,2.062
GS,ab2023,mittel,0-10,26,1.112
GS,ab2023,sehr weit,0-10,59,0.316
GS,ab2023,sehr weit,40-100,30,3.93
GS,ab2023,sehr weit,unter Einstieg,10,5.893
GS,ab2023,sehr weit,25-40,19,1.342
GS,ab2023,sehr weit,10-25,20,0.053
GS,ab2023,mittel,10-25,69,0.675
GS,ab2023,mittel,unter Einstieg,36,1.465
GS,ab2023,weit,0-10,30,1.0
GS,ab2023,weit,25-40,11,1.577
GS,ab2023,weit,10-25,26,1.242
GS,ab2023,mittel,25-40,27,1.366
GS,ab2023,weit,40-100,21,2.645
GS,ab2023,weit,unter Einstieg,5,4.797
GSK,bis2022,mittel,10-25,241,0.046
GSK,bis2022,mittel,25-40,173,0.576
GSK,bis2022,weit,0-10,221,-0.036
GSK,bis2022,weit,10-25,272,0.042
GSK,bis2022,weit,40-100,682,-0.374
GSK,bis2022,weit,25-40,223,-0.317
GSK,bis2022,sehr weit,0-10,213,0.351
GSK,bis2022,mittel,0-10,167,0.245
GSK,bis2022,mittel,40-100,620,0.605
GSK,bis2022,mittel,unter Einstieg,664,0.595
GSK,bis2022,sehr weit,10-25,115,-0.633
GSK,bis2022,sehr weit,25-40,150,0.158
GSK,bis2022,sehr weit,40-100,311,0.337
GSK,bis2022,weit,unter Einstieg,344,-0.976
GSK,bis2022,sehr weit,unter Einstieg,124,0.547
GSK,ab2023,mittel,0-10,25,1.218
GSK,ab2023,mittel,25-40,25,1.364
GSK,ab2023,weit,10-25,30,0.732
GSK,ab2023,weit,40-100,47,1.146
GSK,ab2023,weit,25-40,33,1.2
GSK,ab2023,sehr weit,0-10,31,0.419
GSK,ab2023,mittel,10-25,50,0.794
GSK,ab2023,weit,unter Einstieg,27,-0.929
GSK,ab2023,mittel,40-100,71,1.299
GSK,ab2023,mittel,unter Einstieg,51,2.183
GSK,ab2023,weit,0-10,33,0.589
GSK,ab2023,sehr weit,10-25,22,-0.029
GSK,ab2023,sehr weit,25-40,7,1.281
GSK,ab2023,sehr weit,40-100,17,-1.665
GSK,ab2023,sehr weit,unter Einstieg,32,-1.821
HD,bis2022,weit,10-25,171,0.628
HD,bis2022,weit,40-100,342,0.586
HD,bis2022,weit,unter Einstieg,254,-0.388
HD,bis2022,weit,25-40,126,1.043
HD,bis2022,weit,0-10,159,0.183
HD,bis2022,mittel,10-25,161,-0.211
HD,bis2022,sehr weit,10-25,187,0.554
HD,bis2022,sehr weit,0-10,162,0.208
HD,bis2022,mittel,25-40,113,0.263
HD,bis2022,sehr weit,40-100,332,1.997
HD,bis2022,sehr weit,unter Einstieg,60,0.566
HD,bis2022,sehr weit,25-40,140,1.239
HD,bis2022,mittel,0-10,110,0.113
HD,bis2022,mittel,40-100,347,0.185
HD,bis2022,mittel,unter Einstieg,589,0.66
HD,ab2023,mittel,40-100,76,1.219
HD,ab2023,mittel,25-40,35,0.284
HD,ab2023,mittel,10-25,25,-0.977
HD,ab2023,weit,0-10,28,-0.344
HD,ab2023,weit,40-100,58,-0.162
HD,ab2023,weit,25-40,50,0.796
HD,ab2023,weit,10-25,32,0.212
HD,ab2023,sehr weit,10-25,19,0.062
HD,ab2023,mittel,unter Einstieg,58,1.55
HD,ab2023,sehr weit,0-10,28,-0.187
HD,ab2023,mittel,0-10,28,0.283
HD,ab2023,weit,unter Einstieg,50,0.009
HD,ab2023,sehr weit,40-100,18,2.845
HD,ab2023,sehr weit,unter Einstieg,13,4.065
HD,ab2023,sehr weit,25-40,14,2.151
HDB,bis2022,mittel,0-10,115,0.318
HDB,bis2022,sehr weit,10-25,210,0.61
HDB,bis2022,sehr weit,25-40,110,0.424
HDB,bis2022,sehr weit,40-100,363,0.729
HDB,bis2022,sehr weit,unter Einstieg,114,0.327
HDB,bis2022,sehr weit,0-10,399,-0.123
HDB,bis2022,weit,40-100,444,0.912
HDB,bis2022,weit,unter Einstieg,244,1.571
HDB,bis2022,weit,25-40,160,0.773
HDB,bis2022,weit,0-10,192,0.383
HDB,bis2022,mittel,10-25,142,0.188
HDB,bis2022,mittel,unter Einstieg,555,0.218
HDB,bis2022,mittel,40-100,417,0.406
HDB,bis2022,mittel,25-40,158,0.653
HDB,bis2022,weit,10-25,230,0.192
HDB,ab2023,mittel,25-40,36,0.588
HDB,ab2023,weit,10-25,56,0.793
HDB,ab2023,sehr weit,0-10,148,0.321
HDB,ab2023,sehr weit,unter Einstieg,104,-1.709
HDB,ab2023,sehr weit,40-100,235,-1.04
HDB,ab2023,weit,0-10,33,1.305
HDB,ab2023,mittel,40-100,100,1.866
HDB,ab2023,mittel,unter Einstieg,126,3.58
HDB,ab2023,sehr weit,10-25,70,-0.639
HDB,ab2023,mittel,10-25,30,1.07
HDB,ab2023,weit,25-40,33,-0.219
HDB,ab2023,weit,40-100,98,0.929
HDB,ab2023,mittel,0-10,28,2.037
HDB,ab2023,weit,unter Einstieg,151,0.237
HDB,ab2023,sehr weit,25-40,36,-0.72
HEI.DE,bis2022,mittel,40-100,777,-1.167
HEI.DE,bis2022,mittel,25-40,216,-0.579
HEI.DE,bis2022,sehr weit,0-10,144,-0.167
HEI.DE,bis2022,sehr weit,40-100,532,-0.334
HEI.DE,bis2022,sehr weit,unter Einstieg,208,0.143
HEI.DE,bis2022,mittel,10-25,227,-0.096
HEI.DE,bis2022,mittel,unter Einstieg,1239,-1.088
HEI.DE,bis2022,weit,10-25,247,-0.386
HEI.DE,bis2022,weit,40-100,622,-0.68
HEI.DE,bis2022,weit,25-40,172,-1.19
HEI.DE,bis2022,weit,unter Einstieg,355,-0.697
HEI.DE,bis2022,weit,0-10,116,-0.441
HEI.DE,bis2022,mittel,0-10,139,-0.149
HEI.DE,bis2022,sehr weit,25-40,125,-0.169
HEI.DE,bis2022,sehr weit,10-25,117,0.052
HEI.DE,ab2023,weit,0-10,29,0.169
HEI.DE,ab2023,weit,10-25,20,0.59
HEI.DE,ab2023,weit,40-100,79,-0.102
HEI.DE,ab2023,sehr weit,25-40,19,0.708
HEI.DE,ab2023,sehr weit,0-10,49,0.01
HEI.DE,ab2023,mittel,10-25,17,1.384
HEI.DE,ab2023,sehr weit,10-25,29,-1.083
HEI.DE,ab2023,sehr weit,40-100,26,-0.041
HEI.DE,ab2023,mittel,0-10,25,-0.195
HEI.DE,ab2023,weit,25-40,22,-0.124
HEI.DE,ab2023,mittel,40-100,55,0.798
HEI.DE,ab2023,mittel,unter Einstieg,42,-0.492
HEI.DE,ab2023,weit,unter Einstieg,58,1.416
HEI.DE,ab2023,mittel,25-40,33,2.23
HEI.DE,ab2023,sehr weit,unter Einstieg,3,-1.644
HEN3.DE,bis2022,mittel,10-25,300,0.92
HEN3.DE,bis2022,mittel,0-10,212,0.431
HEN3.DE,bis2022,mittel,25-40,256,0.737
HEN3.DE,bis2022,mittel,40-100,776,1.033
HEN3.DE,bis2022,mittel,unter Einstieg,834,1.429
HEN3.DE,bis2022,weit,0-10,200,0.223
HEN3.DE,bis2022,weit,10-25,296,0.542
HEN3.DE,bis2022,weit,40-100,593,0.981
HEN3.DE,bis2022,weit,unter Einstieg,207,0.54
HEN3.DE,bis2022,frueh,10-25,4,0.217
HEN3.DE,bis2022,weit,25-40,203,0.86
HEN3.DE,bis2022,sehr weit,0-10,157,-0.05
HEN3.DE,bis2022,sehr weit,25-40,133,1.017
HEN3.DE,bis2022,sehr weit,10-25,140,0.413
HEN3.DE,bis2022,frueh,40-100,20,0.702
HEN3.DE,bis2022,sehr weit,40-100,340,1.768
HEN3.DE,bis2022,sehr weit,unter Einstieg,52,2.297
HEN3.DE,bis2022,frueh,0-10,6,1.529
HEN3.DE,bis2022,frueh,unter Einstieg,19,2.213
HEN3.DE,bis2022,frueh,25-40,6,2.872
HEN3.DE,ab2023,weit,10-25,50,0.447
HEN3.DE,ab2023,sehr weit,0-10,62,0.256
HEN3.DE,ab2023,sehr weit,10-25,38,0.837
HEN3.DE,ab2023,mittel,10-25,33,0.408
HEN3.DE,ab2023,weit,0-10,32,0.678
HEN3.DE,ab2023,mittel,25-40,43,-0.022
HEN3.DE,ab2023,mittel,40-100,135,0.39
HEN3.DE,ab2023,mittel,unter Einstieg,60,-0.151
HEN3.DE,ab2023,weit,25-40,58,-1.125
HEN3.DE,ab2023,weit,40-100,114,-0.911
HEN3.DE,ab2023,weit,unter Einstieg,37,-1.528
HEN3.DE,ab2023,sehr weit,40-100,11,2.311
HEN3.DE,ab2023,sehr weit,25-40,19,0.816
HEN3.DE,ab2023,frueh,10-25,2,2.581
HEN3.DE,ab2023,mittel,0-10,19,1.1
HEN3.DE,ab2023,frueh,40-100,1,2.857
HEN3.DE,ab2023,frueh,0-10,1,2.634
HNR1.DE,bis2022,mittel,25-40,208,0.484
HNR1.DE,bis2022,mittel,unter Einstieg,947,1.189
HNR1.DE,bis2022,mittel,40-100,794,0.854
HNR1.DE,bis2022,mittel,10-25,239,0.813
HNR1.DE,bis2022,weit,40-100,313,0.013
HNR1.DE,bis2022,weit,10-25,170,0.705
HNR1.DE,bis2022,weit,unter Einstieg,193,1.483
HNR1.DE,bis2022,mittel,0-10,166,0.783
HNR1.DE,bis2022,weit,0-10,196,0.442
HNR1.DE,bis2022,sehr weit,10-25,134,0.634
HNR1.DE,bis2022,sehr weit,0-10,241,0.325
HNR1.DE,bis2022,weit,25-40,126,0.925
HNR1.DE,bis2022,sehr weit,40-100,217,2.715
HNR1.DE,bis2022,sehr weit,unter Einstieg,37,3.688
HNR1.DE,bis2022,sehr weit,25-40,121,1.168
HNR1.DE,ab2023,mittel,40-100,124,-1.877
HNR1.DE,ab2023,mittel,unter Einstieg,162,-1.522
HNR1.DE,ab2023,mittel,25-40,51,-0.78
HNR1.DE,ab2023,mittel,10-25,16,-1.197
HNR1.DE,ab2023,weit,0-10,27,-0.705
HNR1.DE,ab2023,sehr weit,10-25,53,-0.678
HNR1.DE,ab2023,sehr weit,0-10,44,0.322
HNR1.DE,ab2023,mittel,0-10,29,0.491
HNR1.DE,ab2023,weit,10-25,42,-0.809
HNR1.DE,ab2023,weit,40-100,174,-0.735
HNR1.DE,ab2023,weit,25-40,59,-2.229
HNR1.DE,ab2023,sehr weit,40-100,65,0.627
HNR1.DE,ab2023,sehr weit,unter Einstieg,38,-0.691
HNR1.DE,ab2023,weit,unter Einstieg,119,-1.468
HNR1.DE,ab2023,sehr weit,25-40,26,0.907
HON,bis2022,mittel,10-25,178,0.087
HON,bis2022,weit,10-25,151,0.248
HON,bis2022,weit,40-100,341,0.218
HON,bis2022,sehr weit,0-10,210,-0.247
HON,bis2022,sehr weit,25-40,115,-0.945
HON,bis2022,sehr weit,40-100,256,0.806
HON,bis2022,sehr weit,unter Einstieg,67,0.657
HON,bis2022,sehr weit,10-25,138,-0.195
HON,bis2022,weit,25-40,127,0.049
HON,bis2022,weit,0-10,131,0.515
HON,bis2022,mittel,0-10,146,0.581
HON,bis2022,mittel,25-40,158,0.102
HON,bis2022,mittel,40-100,394,0.416
HON,bis2022,mittel,unter Einstieg,425,0.953
HON,bis2022,weit,unter Einstieg,213,0.515
HON,ab2023,mittel,10-25,31,-0.007
HON,ab2023,mittel,0-10,18,-1.32
HON,ab2023,mittel,40-100,166,1.318
HON,ab2023,mittel,unter Einstieg,245,2.281
HON,ab2023,mittel,25-40,27,0.624
HON,ab2023,weit,25-40,36,-1.682
HON,ab2023,weit,10-25,20,-1.786
HON,ab2023,weit,40-100,101,-1.472
HON,ab2023,weit,unter Einstieg,50,-0.175
HON,ab2023,sehr weit,0-10,20,-0.231
HON,ab2023,weit,0-10,28,-0.249
HON,ab2023,sehr weit,25-40,12,0.45
HON,ab2023,sehr weit,40-100,66,0.483
HON,ab2023,sehr weit,10-25,15,-0.878
HON,ab2023,sehr weit,unter Einstieg,84,4.722
HSBC,bis2022,mittel,25-40,139,-0.318
HSBC,bis2022,weit,0-10,153,0.152
HSBC,bis2022,weit,40-100,464,-0.913
HSBC,bis2022,weit,25-40,171,-0.27
HSBC,bis2022,mittel,40-100,318,-0.667
HSBC,bis2022,mittel,unter Einstieg,547,-0.735
HSBC,bis2022,weit,10-25,270,-0.433
HSBC,bis2022,weit,unter Einstieg,552,-0.58
HSBC,bis2022,sehr weit,0-10,277,-0.23
HSBC,bis2022,sehr weit,10-25,217,-0.478
HSBC,bis2022,sehr weit,40-100,586,-1.418
HSBC,bis2022,sehr weit,unter Einstieg,238,-0.85
HSBC,bis2022,sehr weit,25-40,128,-0.809
HSBC,bis2022,mittel,0-10,92,-0.194
HSBC,bis2022,mittel,10-25,167,-0.3
HSBC,ab2023,mittel,40-100,32,0.021
HSBC,ab2023,mittel,unter Einstieg,58,0.357
HSBC,ab2023,mittel,25-40,16,-0.219
HSBC,ab2023,mittel,10-25,22,1.081
HSBC,ab2023,weit,0-10,10,0.353
HSBC,ab2023,weit,25-40,12,-0.376
HSBC,ab2023,weit,40-100,37,-1.715
HSBC,ab2023,weit,unter Einstieg,13,-0.769
HSBC,ab2023,weit,10-25,33,0.833
HSBC,ab2023,sehr weit,10-25,51,0.285
HSBC,ab2023,sehr weit,25-40,16,1.718
HSBC,ab2023,sehr weit,40-100,3,2.074
HSBC,ab2023,sehr weit,0-10,26,0.8
HSBC,ab2023,mittel,0-10,12,2.338
HSBC,ab2023,sehr weit,unter Einstieg,7,-1.261
IBM,bis2022,mittel,40-100,693,0.363
IBM,bis2022,mittel,unter Einstieg,752,0.812
IBM,bis2022,weit,10-25,191,0.391
IBM,bis2022,sehr weit,0-10,287,-0.089
IBM,bis2022,mittel,0-10,190,0.336
IBM,bis2022,mittel,25-40,174,0.322
IBM,bis2022,mittel,10-25,271,-0.04
IBM,bis2022,weit,25-40,159,0.155
IBM,bis2022,weit,40-100,460,-1.14
IBM,bis2022,weit,0-10,219,0.175
IBM,bis2022,sehr weit,10-25,137,-0.033
IBM,bis2022,sehr weit,40-100,362,-1.611
IBM,bis2022,sehr weit,25-40,131,-0.681
IBM,bis2022,weit,unter Einstieg,274,-0.823
IBM,bis2022,sehr weit,unter Einstieg,98,-1.03
IBM,ab2023,weit,10-25,26,1.42
IBM,ab2023,sehr weit,25-40,6,2.002
IBM,ab2023,sehr weit,0-10,35,0.367
IBM,ab2023,mittel,0-10,23,1.295
IBM,ab2023,weit,40-100,23,2.811
IBM,ab2023,sehr weit,10-25,15,0.873
IBM,ab2023,weit,25-40,14,2.335
IBM,ab2023,weit,0-10,20,1.302
IBM,ab2023,mittel,unter Einstieg,52,-1.32
IBM,ab2023,mittel,10-25,26,2.481
IBM,ab2023,sehr weit,40-100,7,2.258
IBM,ab2023,weit,unter Einstieg,3,3.562
IBM,ab2023,mittel,40-100,44,0.834
IBM,ab2023,mittel,25-40,21,1.381
IBN,bis2022,weit,40-100,535,0.39
IBN,bis2022,weit,25-40,189,0.216
IBN,bis2022,weit,unter Einstieg,425,0.413
IBN,bis2022,weit,0-10,161,0.195
IBN,bis2022,sehr weit,0-10,332,-0.144
IBN,bis2022,weit,10-25,197,0.18
IBN,bis2022,mittel,0-10,132,0.554
IBN,bis2022,mittel,10-25,207,0.159
IBN,bis2022,mittel,25-40,180,0.374
IBN,bis2022,mittel,40-100,539,0.223
IBN,bis2022,mittel,unter Einstieg,620,0.494
IBN,bis2022,sehr weit,25-40,157,0.273
IBN,bis2022,sehr weit,40-100,471,0.047
IBN,bis2022,sehr weit,unter Einstieg,143,0.655
IBN,bis2022,sehr weit,10-25,207,-0.348
IBN,ab2023,mittel,10-25,29,0.777
IBN,ab2023,mittel,unter Einstieg,123,2.882
IBN,ab2023,mittel,40-100,73,2.314
IBN,ab2023,mittel,0-10,36,0.973
IBN,ab2023,mittel,25-40,37,1.642
IBN,ab2023,sehr weit,0-10,88,1.543
IBN,ab2023,weit,40-100,68,2.084
IBN,ab2023,weit,25-40,26,1.377
IBN,ab2023,weit,0-10,23,1.598
IBN,ab2023,weit,10-25,39,2.112
IBN,ab2023,sehr weit,25-40,20,1.845
IBN,ab2023,sehr weit,10-25,33,1.255
IBN,ab2023,sehr weit,40-100,45,4.708
IBN,ab2023,weit,unter Einstieg,82,2.966
IBN,ab2023,sehr weit,unter Einstieg,13,9.572
IDXX,bis2022,weit,40-100,329,1.0
IDXX,bis2022,weit,10-25,174,1.276
IDXX,bis2022,weit,25-40,104,1.523
IDXX,bis2022,sehr weit,0-10,247,1.555
IDXX,bis2022,frueh,unter Einstieg,34,1.012
IDXX,bis2022,frueh,40-100,53,1.566
IDXX,bis2022,mittel,40-100,457,1.078
IDXX,bis2022,mittel,unter Einstieg,495,0.843
IDXX,bis2022,mittel,10-25,228,0.91
IDXX,bis2022,mittel,0-10,170,0.725
IDXX,bis2022,mittel,25-40,200,1.199
IDXX,bis2022,frueh,0-10,12,0.485
IDXX,bis2022,weit,unter Einstieg,223,0.876
IDXX,bis2022,sehr weit,10-25,117,2.447
IDXX,bis2022,sehr weit,25-40,87,2.216
IDXX,bis2022,sehr weit,40-100,305,3.903
IDXX,bis2022,sehr weit,unter Einstieg,87,5.419
IDXX,bis2022,frueh,10-25,19,0.584
IDXX,bis2022,weit,0-10,141,0.893
IDXX,bis2022,frueh,25-40,11,0.688
IDXX,ab2023,mittel,0-10,30,0.581
IDXX,ab2023,mittel,25-40,50,0.4
IDXX,ab2023,mittel,40-100,238,0.728
IDXX,ab2023,mittel,unter Einstieg,249,0.211
IDXX,ab2023,mittel,10-25,54,-0.419
IDXX,ab2023,weit,10-25,18,-0.625
IDXX,ab2023,weit,40-100,70,0.981
IDXX,ab2023,weit,25-40,28,-0.533
IDXX,ab2023,weit,0-10,22,0.247
IDXX,ab2023,weit,unter Einstieg,77,1.834
IDXX,ab2023,sehr weit,0-10,16,-0.064
IDXX,ab2023,frueh,0-10,1,2.107
IDXX,ab2023,frueh,40-100,6,-1.504
IDXX,ab2023,frueh,25-40,6,-0.842
IDXX,ab2023,frueh,10-25,2,-0.655
IDXX,ab2023,frueh,unter Einstieg,20,-2.212
IDXX,ab2023,sehr weit,40-100,3,-3.833
IDXX,ab2023,sehr weit,unter Einstieg,23,-2.021
IDXX,ab2023,sehr weit,10-25,6,0.399
IFX.DE,bis2022,mittel,40-100,385,1.373
IFX.DE,bis2022,mittel,10-25,226,0.629
IFX.DE,bis2022,weit,25-40,89,1.444
IFX.DE,bis2022,weit,40-100,265,1.715
IFX.DE,bis2022,sehr weit,10-25,77,0.206
IFX.DE,bis2022,mittel,0-10,211,0.484
IFX.DE,bis2022,weit,0-10,159,0.331
IFX.DE,bis2022,weit,10-25,147,0.949
IFX.DE,bis2022,mittel,25-40,169,0.593
IFX.DE,bis2022,mittel,unter Einstieg,397,0.984
IFX.DE,bis2022,weit,unter Einstieg,96,2.155
IFX.DE,bis2022,sehr weit,0-10,160,0.254
IFX.DE,bis2022,frueh,40-100,22,0.962
IFX.DE,bis2022,frueh,25-40,11,0.683
IFX.DE,bis2022,frueh,0-10,5,-0.612
IFX.DE,bis2022,frueh,unter Einstieg,22,0.084
IFX.DE,bis2022,sehr weit,25-40,53,1.162
IFX.DE,bis2022,sehr weit,40-100,118,1.417
IFX.DE,bis2022,frueh,10-25,14,1.16
IFX.DE,bis2022,sehr weit,unter Einstieg,32,0.566
IFX.DE,ab2023,mittel,40-100,200,-0.393
IFX.DE,ab2023,mittel,25-40,53,-1.055
IFX.DE,ab2023,weit,10-25,47,-0.285
IFX.DE,ab2023,weit,0-10,40,0.994
IFX.DE,ab2023,mittel,0-10,42,0.48
IFX.DE,ab2023,weit,40-100,160,1.73
IFX.DE,ab2023,weit,unter Einstieg,51,0.692
IFX.DE,ab2023,sehr weit,0-10,29,0.05
IFX.DE,ab2023,weit,25-40,63,0.522
IFX.DE,ab2023,mittel,10-25,69,-0.5
IFX.DE,ab2023,frueh,0-10,2,-1.316
IFX.DE,ab2023,mittel,unter Einstieg,282,-0.544
IFX.DE,ab2023,frueh,25-40,7,-1.974
IFX.DE,ab2023,frueh,40-100,8,-2.932
IFX.DE,ab2023,frueh,unter Einstieg,25,-2.826
IFX.DE,ab2023,frueh,10-25,2,2.607
IFX.DE,ab2023,sehr weit,40-100,34,2.737
IFX.DE,ab2023,sehr weit,25-40,28,1.041
IFX.DE,ab2023,sehr weit,10-25,6,0.845
IFX.DE,ab2023,sehr weit,unter Einstieg,15,5.674
ILMN,bis2022,mittel,0-10,165,0.209
ILMN,bis2022,mittel,40-100,597,0.56
ILMN,bis2022,mittel,25-40,158,0.42
ILMN,bis2022,mittel,10-25,195,0.569
ILMN,bis2022,mittel,unter Einstieg,619,1.533
ILMN,bis2022,weit,10-25,178,0.422
ILMN,bis2022,weit,unter Einstieg,141,1.641
ILMN,bis2022,weit,40-100,338,0.575
ILMN,bis2022,weit,25-40,131,0.27
ILMN,bis2022,weit,0-10,143,0.371
ILMN,bis2022,sehr weit,10-25,92,0.343
ILMN,bis2022,sehr weit,0-10,131,-0.046
ILMN,bis2022,sehr weit,25-40,45,1.413
ILMN,bis2022,sehr weit,40-100,165,2.774
ILMN,bis2022,sehr weit,unter Einstieg,72,5.924
ILMN,ab2023,mittel,40-100,159,-0.913
ILMN,ab2023,mittel,unter Einstieg,173,-0.356
ILMN,ab2023,mittel,0-10,16,-1.225
ILMN,ab2023,weit,10-25,36,-0.665
ILMN,ab2023,weit,40-100,116,-0.174
ILMN,ab2023,weit,25-40,25,-0.802
ILMN,ab2023,weit,0-10,21,-0.32
ILMN,ab2023,sehr weit,0-10,17,-0.527
ILMN,ab2023,mittel,10-25,55,-1.823
ILMN,ab2023,mittel,25-40,59,-0.599
ILMN,ab2023,weit,unter Einstieg,130,-1.323
ILMN,ab2023,sehr weit,25-40,8,0.682
ILMN,ab2023,sehr weit,40-100,47,2.257
ILMN,ab2023,sehr weit,10-25,8,-0.008
ILMN,ab2023,sehr weit,unter Einstieg,2,3.109
ING,bis2022,weit,0-10,228,-0.045
ING,bis2022,sehr weit,0-10,359,-0.036
ING,bis2022,sehr weit,25-40,184,-0.153
ING,bis2022,sehr weit,40-100,478,0.345
ING,bis2022,sehr weit,10-25,182,-0.025
ING,bis2022,mittel,0-10,167,-0.083
ING,bis2022,weit,10-25,227,0.372
ING,bis2022,mittel,10-25,207,-0.033
ING,bis2022,mittel,40-100,581,-0.11
ING,bis2022,weit,unter Einstieg,293,0.697
ING,bis2022,weit,40-100,448,0.692
ING,bis2022,weit,25-40,159,0.445
ING,bis2022,mittel,unter Einstieg,920,0.238
ING,bis2022,mittel,25-40,189,-0.261
ING,bis2022,sehr weit,unter Einstieg,200,-0.927
ING,ab2023,mittel,40-100,84,0.771
ING,ab2023,mittel,25-40,33,0.531
ING,ab2023,mittel,unter Einstieg,75,2.637
ING,ab2023,mittel,10-25,42,1.191
ING,ab2023,weit,10-25,46,1.046
ING,ab2023,weit,25-40,26,0.145
ING,ab2023,weit,0-10,42,0.936
ING,ab2023,mittel,0-10,25,1.284
ING,ab2023,sehr weit,0-10,62,0.593
ING,ab2023,sehr weit,25-40,5,0.903
ING,ab2023,weit,40-100,48,1.213
ING,ab2023,weit,unter Einstieg,45,3.121
ING,ab2023,sehr weit,10-25,20,1.262
ING,ab2023,sehr weit,40-100,1,5.474
INTC,bis2022,mittel,40-100,660,-0.126
INTC,bis2022,mittel,unter Einstieg,937,0.291
INTC,bis2022,mittel,10-25,220,0.183
INTC,bis2022,mittel,25-40,195,-0.029
INTC,bis2022,weit,0-10,188,-0.103
INTC,bis2022,sehr weit,0-10,264,-0.32
INTC,bis2022,sehr weit,40-100,446,-1.835
INTC,bis2022,sehr weit,unter Einstieg,153,-0.815
INTC,bis2022,weit,10-25,190,0.289
INTC,bis2022,weit,25-40,109,-0.157
INTC,bis2022,sehr weit,25-40,113,-1.024
INTC,bis2022,mittel,0-10,185,-0.434
INTC,bis2022,sehr weit,10-25,134,-0.804
INTC,bis2022,weit,40-100,259,0.412
INTC,bis2022,weit,unter Einstieg,199,0.988
INTC,ab2023,mittel,25-40,45,0.254
INTC,ab2023,weit,0-10,20,0.582
INTC,ab2023,weit,25-40,22,-1.494
INTC,ab2023,weit,40-100,103,-1.702
INTC,ab2023,weit,unter Einstieg,116,-0.361
INTC,ab2023,mittel,40-100,224,1.073
INTC,ab2023,mittel,0-10,23,1.368
INTC,ab2023,weit,10-25,28,-0.606
INTC,ab2023,sehr weit,0-10,54,0.191
INTC,ab2023,mittel,10-25,45,1.035
INTC,ab2023,sehr weit,40-100,218,0.764
INTC,ab2023,sehr weit,25-40,43,0.407
INTC,ab2023,sehr weit,unter Einstieg,138,2.21
INTC,ab2023,mittel,unter Einstieg,176,2.104
INTC,ab2023,sehr weit,10-25,33,0.233
INTU,bis2022,frueh,25-40,11,-0.078
INTU,bis2022,frueh,40-100,49,1.238
INTU,bis2022,frueh,unter Einstieg,60,1.042
INTU,bis2022,mittel,25-40,157,0.436
INTU,bis2022,mittel,40-100,662,0.536
INTU,bis2022,mittel,unter Einstieg,788,-0.052
INTU,bis2022,mittel,10-25,219,0.29
INTU,bis2022,weit,25-40,133,0.591
INTU,bis2022,weit,10-25,168,0.708
INTU,bis2022,sehr weit,0-10,281,-0.291
INTU,bis2022,sehr weit,10-25,117,-0.834
INTU,bis2022,sehr weit,25-40,142,-3.722
INTU,bis2022,sehr weit,40-100,682,-2.924
INTU,bis2022,sehr weit,unter Einstieg,258,0.954
INTU,bis2022,mittel,0-10,267,0.245
INTU,bis2022,weit,0-10,273,0.213
INTU,bis2022,weit,unter Einstieg,166,-0.006
INTU,bis2022,weit,40-100,326,0.717
INTU,bis2022,frueh,0-10,9,0.545
INTU,bis2022,frueh,10-25,14,0.896
INTU,ab2023,mittel,40-100,153,1.279
INTU,ab2023,mittel,unter Einstieg,217,0.156
INTU,ab2023,mittel,25-40,46,0.471
INTU,ab2023,mittel,0-10,44,0.483
INTU,ab2023,mittel,10-25,47,0.425
INTU,ab2023,weit,0-10,45,0.07
INTU,ab2023,weit,25-40,31,-0.462
INTU,ab2023,weit,unter Einstieg,94,-0.468
INTU,ab2023,weit,40-100,89,-0.398
INTU,ab2023,weit,10-25,31,-1.422
INTU,ab2023,sehr weit,0-10,51,0.402
INTU,ab2023,sehr weit,25-40,11,0.307
INTU,ab2023,frueh,25-40,2,-3.182
INTU,ab2023,frueh,40-100,4,-2.798
INTU,ab2023,sehr weit,40-100,44,-3.884
INTU,ab2023,sehr weit,unter Einstieg,8,-1.983
ISRG,bis2022,mittel,40-100,496,0.537
ISRG,bis2022,mittel,10-25,232,0.424
ISRG,bis2022,weit,25-40,136,1.034
ISRG,bis2022,weit,40-100,466,1.211
ISRG,bis2022,weit,0-10,175,0.396
ISRG,bis2022,weit,10-25,194,0.75
ISRG,bis2022,sehr weit,25-40,157,1.189
ISRG,bis2022,sehr weit,10-25,182,0.467
ISRG,bis2022,sehr weit,0-10,263,0.143
ISRG,bis2022,sehr weit,40-100,462,1.271
ISRG,bis2022,mittel,0-10,166,0.526
ISRG,bis2022,mittel,25-40,118,0.242
ISRG,bis2022,sehr weit,unter Einstieg,145,2.93
ISRG,bis2022,mittel,unter Einstieg,638,0.93
ISRG,bis2022,weit,unter Einstieg,493,1.342
ISRG,ab2023,mittel,10-25,34,2.757
ISRG,ab2023,weit,0-10,32,0.066
ISRG,ab2023,weit,40-100,57,2.823
ISRG,ab2023,weit,unter Einstieg,76,1.655
ISRG,ab2023,weit,25-40,14,0.842
ISRG,ab2023,weit,10-25,32,2.366
ISRG,ab2023,mittel,25-40,32,0.959
ISRG,ab2023,mittel,40-100,103,1.186
ISRG,ab2023,sehr weit,0-10,37,0.131
ISRG,ab2023,sehr weit,25-40,10,1.297
ISRG,ab2023,sehr weit,10-25,26,0.692
ISRG,ab2023,mittel,unter Einstieg,86,2.104
ISRG,ab2023,sehr weit,40-100,21,-0.263
ISRG,ab2023,mittel,0-10,21,0.12
ISRG,ab2023,sehr weit,unter Einstieg,6,-1.226
JNJ,bis2022,mittel,25-40,128,1.015
JNJ,bis2022,mittel,40-100,480,0.392
JNJ,bis2022,mittel,unter Einstieg,800,-0.255
JNJ,bis2022,mittel,10-25,101,0.601
JNJ,bis2022,weit,25-40,215,0.566
JNJ,bis2022,weit,40-100,737,0.775
JNJ,bis2022,weit,unter Einstieg,473,0.95
JNJ,bis2022,mittel,0-10,80,0.631
JNJ,bis2022,weit,10-25,211,0.299
JNJ,bis2022,weit,0-10,148,0.43
JNJ,bis2022,sehr weit,0-10,499,0.459
JNJ,bis2022,sehr weit,10-25,375,0.789
JNJ,bis2022,sehr weit,40-100,969,0.775
JNJ,bis2022,sehr weit,unter Einstieg,501,1.546
JNJ,bis2022,sehr weit,25-40,260,0.574
JNJ,ab2023,mittel,10-25,20,0.399
JNJ,ab2023,mittel,40-100,83,1.316
JNJ,ab2023,mittel,unter Einstieg,63,0.623
JNJ,ab2023,weit,0-10,21,0.394
JNJ,ab2023,weit,40-100,183,0.929
JNJ,ab2023,weit,unter Einstieg,94,1.184
JNJ,ab2023,weit,25-40,63,0.735
JNJ,ab2023,sehr weit,0-10,40,0.329
JNJ,ab2023,mittel,0-10,10,1.686
JNJ,ab2023,sehr weit,25-40,42,-0.582
JNJ,ab2023,sehr weit,10-25,33,-0.553
JNJ,ab2023,weit,10-25,37,0.134
JNJ,ab2023,mittel,25-40,26,0.915
JNJ,ab2023,sehr weit,40-100,62,-2.254
JNJ,ab2023,sehr weit,unter Einstieg,54,-1.808
JPM,bis2022,weit,10-25,238,0.477
JPM,bis2022,weit,25-40,186,0.578
JPM,bis2022,weit,0-10,179,0.427
JPM,bis2022,sehr weit,10-25,210,0.156
JPM,bis2022,mittel,25-40,142,0.921
JPM,bis2022,weit,40-100,445,0.744
JPM,bis2022,mittel,0-10,109,0.185
JPM,bis2022,mittel,10-25,168,0.645
JPM,bis2022,mittel,40-100,472,0.621
JPM,bis2022,weit,unter Einstieg,389,0.85
JPM,bis2022,mittel,unter Einstieg,601,0.263
JPM,bis2022,sehr weit,25-40,150,-0.053
JPM,bis2022,sehr weit,40-100,395,0.667
JPM,bis2022,sehr weit,unter Einstieg,123,1.948
JPM,bis2022,sehr weit,0-10,240,0.176
JPM,ab2023,mittel,25-40,66,0.325
JPM,ab2023,mittel,10-25,48,0.519
JPM,ab2023,mittel,40-100,79,1.402
JPM,ab2023,mittel,0-10,17,0.266
JPM,ab2023,mittel,unter Einstieg,72,1.054
JPM,ab2023,weit,0-10,26,0.49
JPM,ab2023,sehr weit,0-10,28,0.057
JPM,ab2023,weit,40-100,42,-0.509
JPM,ab2023,weit,unter Einstieg,32,-1.055
JPM,ab2023,weit,10-25,22,-0.583
JPM,ab2023,weit,25-40,19,-0.397
JPM,ab2023,sehr weit,40-100,47,-3.153
JPM,ab2023,sehr weit,unter Einstieg,39,-1.716
JPM,ab2023,sehr weit,10-25,25,-0.685
JPM,ab2023,sehr weit,25-40,7,-0.518
KDP,bis2022,mittel,10-25,126,0.283
KDP,bis2022,mittel,40-100,265,0.337
KDP,bis2022,mittel,25-40,127,0.371
KDP,bis2022,weit,10-25,115,-0.281
KDP,bis2022,weit,40-100,212,-0.473
KDP,bis2022,weit,unter Einstieg,219,-0.432
KDP,bis2022,weit,25-40,92,0.086
KDP,bis2022,mittel,unter Einstieg,246,1.239
KDP,bis2022,sehr weit,25-40,82,-0.309
KDP,bis2022,sehr weit,10-25,98,-0.681
KDP,bis2022,sehr weit,0-10,114,-0.254
KDP,bis2022,weit,0-10,85,-0.695
KDP,bis2022,mittel,0-10,117,-0.392
KDP,bis2022,sehr weit,40-100,253,-1.528
KDP,bis2022,sehr weit,unter Einstieg,155,-1.547
KDP,ab2023,mittel,10-25,33,-0.4
KDP,ab2023,mittel,40-100,113,-1.08
KDP,ab2023,mittel,unter Einstieg,257,-1.303
KDP,ab2023,mittel,25-40,27,-2.034
KDP,ab2023,mittel,0-10,21,-1.486
KDP,ab2023,weit,0-10,27,-0.86
KDP,ab2023,weit,25-40,49,-0.071
KDP,ab2023,weit,10-25,45,0.527
KDP,ab2023,weit,40-100,265,-0.485
KDP,ab2023,weit,unter Einstieg,146,-0.52
KDP,ab2023,sehr weit,0-10,54,-0.108
KDP,ab2023,sehr weit,25-40,25,0.915
KDP,ab2023,sehr weit,40-100,75,0.583
KDP,ab2023,sehr weit,unter Einstieg,19,1.204
KDP,ab2023,sehr weit,10-25,51,0.261
KHC,bis2022,mittel,0-10,29,0.281
KHC,bis2022,weit,0-10,60,0.142
KHC,bis2022,weit,10-25,80,0.265
KHC,bis2022,weit,40-100,286,-1.258
KHC,bis2022,weit,unter Einstieg,205,-1.066
KHC,bis2022,sehr weit,10-25,188,-1.506
KHC,bis2022,mittel,25-40,37,-0.471
KHC,bis2022,sehr weit,25-40,166,-2.26
KHC,bis2022,sehr weit,40-100,416,-2.441
KHC,bis2022,sehr weit,0-10,108,-0.236
KHC,bis2022,mittel,10-25,43,-0.227
KHC,bis2022,sehr weit,unter Einstieg,259,-0.838
KHC,bis2022,weit,25-40,80,-1.237
KHC,bis2022,mittel,40-100,119,-1.736
KHC,bis2022,mittel,unter Einstieg,226,-2.071
KHC,ab2023,mittel,10-25,27,-1.635
KHC,ab2023,mittel,25-40,20,-2.173
KHC,ab2023,mittel,40-100,78,-0.966
KHC,ab2023,mittel,unter Einstieg,190,-0.535
KHC,ab2023,weit,10-25,39,-0.126
KHC,ab2023,weit,40-100,83,-0.839
KHC,ab2023,weit,unter Einstieg,124,-1.531
KHC,ab2023,weit,25-40,28,-1.556
KHC,ab2023,weit,0-10,22,1.248
KHC,ab2023,sehr weit,10-25,84,-0.859
KHC,ab2023,sehr weit,25-40,59,0.379
KHC,ab2023,sehr weit,0-10,92,0.086
KHC,ab2023,sehr weit,40-100,155,1.013
KHC,ab2023,sehr weit,unter Einstieg,62,-1.212
KHC,ab2023,mittel,0-10,10,-0.134
KLAC,bis2022,mittel,40-100,676,-0.187
KLAC,bis2022,mittel,0-10,207,0.626
KLAC,bis2022,mittel,25-40,191,-0.012
KLAC,bis2022,mittel,unter Einstieg,861,-0.346
KLAC,bis2022,mittel,10-25,181,0.136
KLAC,bis2022,sehr weit,0-10,249,0.056
KLAC,bis2022,sehr weit,40-100,204,2.016
KLAC,bis2022,sehr weit,unter Einstieg,97,0.428
KLAC,bis2022,sehr weit,25-40,83,1.248
KLAC,bis2022,sehr weit,10-25,85,-0.113
KLAC,bis2022,weit,25-40,151,-0.445
KLAC,bis2022,weit,10-25,179,0.02
KLAC,bis2022,weit,40-100,379,-0.76
KLAC,bis2022,weit,unter Einstieg,295,-0.906
KLAC,bis2022,weit,0-10,207,0.207
KLAC,ab2023,mittel,40-100,122,2.08
KLAC,ab2023,mittel,unter Einstieg,153,3.616
KLAC,ab2023,mittel,0-10,40,0.833
KLAC,ab2023,weit,10-25,28,-0.989
KLAC,ab2023,sehr weit,0-10,44,0.048
KLAC,ab2023,mittel,25-40,41,0.93
KLAC,ab2023,mittel,10-25,72,0.413
KLAC,ab2023,weit,0-10,42,0.685
KLAC,ab2023,sehr weit,10-25,31,0.313
KLAC,ab2023,weit,25-40,17,1.524
KLAC,ab2023,weit,40-100,80,1.161
KLAC,ab2023,weit,unter Einstieg,83,3.467
KLAC,ab2023,sehr weit,40-100,30,-0.879
KLAC,ab2023,sehr weit,unter Einstieg,18,-0.736
KLAC,ab2023,sehr weit,25-40,13,1.777
KO,bis2022,mittel,40-100,1108,-0.209
KO,bis2022,mittel,25-40,234,-0.615
KO,bis2022,mittel,unter Einstieg,1241,-0.149
KO,bis2022,weit,unter Einstieg,513,0.755
KO,bis2022,mittel,10-25,229,-0.255
KO,bis2022,mittel,0-10,127,0.055
KO,bis2022,weit,0-10,151,0.177
KO,bis2022,weit,40-100,836,0.166
KO,bis2022,weit,25-40,232,0.12
KO,bis2022,sehr weit,0-10,245,-0.278
KO,bis2022,weit,10-25,195,0.131
KO,bis2022,sehr weit,25-40,112,-0.386
KO,bis2022,sehr weit,40-100,353,0.026
KO,bis2022,sehr weit,unter Einstieg,114,0.076
KO,bis2022,sehr weit,10-25,160,-0.399
KO,ab2023,mittel,40-100,116,2.796
KO,ab2023,mittel,25-40,32,0.949
KO,ab2023,mittel,unter Einstieg,177,2.643
KO,ab2023,mittel,10-25,31,2.076
KO,ab2023,mittel,0-10,33,1.998
KO,ab2023,weit,10-25,40,1.712
KO,ab2023,weit,0-10,33,1.524
KO,ab2023,sehr weit,0-10,70,0.952
KO,ab2023,sehr weit,10-25,24,2.213
KO,ab2023,weit,25-40,29,1.432
KO,ab2023,weit,40-100,112,2.025
KO,ab2023,sehr weit,25-40,27,2.865
KO,ab2023,sehr weit,40-100,101,2.063
KO,ab2023,sehr weit,unter Einstieg,66,0.054
KO,ab2023,weit,unter Einstieg,86,-0.515
LIN,bis2022,mittel,40-100,604,0.815
LIN,bis2022,mittel,0-10,153,0.455
LIN,bis2022,weit,0-10,185,0.634
LIN,bis2022,mittel,10-25,186,0.787
LIN,bis2022,mittel,25-40,173,0.808
LIN,bis2022,sehr weit,0-10,307,0.514
LIN,bis2022,sehr weit,40-100,1024,2.796
LIN,bis2022,sehr weit,25-40,268,1.367
LIN,bis2022,weit,10-25,195,1.166
LIN,bis2022,weit,25-40,163,0.978
LIN,bis2022,mittel,unter Einstieg,617,1.182
LIN,bis2022,weit,40-100,666,1.153
LIN,bis2022,weit,unter Einstieg,326,1.883
LIN,bis2022,sehr weit,unter Einstieg,266,4.368
LIN,bis2022,sehr weit,10-25,336,1.393
LIN,ab2023,mittel,40-100,91,1.375
LIN,ab2023,mittel,0-10,15,0.23
LIN,ab2023,weit,0-10,20,0.011
LIN,ab2023,weit,25-40,50,0.993
LIN,ab2023,weit,40-100,90,1.344
LIN,ab2023,weit,10-25,54,0.517
LIN,ab2023,sehr weit,0-10,39,0.203
LIN,ab2023,sehr weit,40-100,56,2.567
LIN,ab2023,sehr weit,10-25,33,0.925
LIN,ab2023,sehr weit,unter Einstieg,4,4.232
LIN,ab2023,mittel,10-25,41,0.354
LIN,ab2023,mittel,25-40,37,1.049
LIN,ab2023,mittel,unter Einstieg,77,1.274
LIN,ab2023,weit,unter Einstieg,44,1.94
LIN,ab2023,sehr weit,25-40,40,2.028
LLY,bis2022,mittel,40-100,643,0.012
LLY,bis2022,mittel,unter Einstieg,823,-0.152
LLY,bis2022,mittel,25-40,177,0.443
LLY,bis2022,mittel,10-25,201,0.359
LLY,bis2022,mittel,0-10,141,0.225
LLY,bis2022,weit,0-10,126,0.761
LLY,bis2022,weit,10-25,188,0.823
LLY,bis2022,weit,25-40,133,0.818
LLY,bis2022,weit,40-100,538,1.103
LLY,bis2022,sehr weit,0-10,225,0.574
LLY,bis2022,weit,unter Einstieg,372,1.862
LLY,bis2022,sehr weit,40-100,471,1.431
LLY,bis2022,sehr weit,10-25,175,0.251
LLY,bis2022,sehr weit,unter Einstieg,75,0.583
LLY,bis2022,frueh,40-100,19,1.294
LLY,bis2022,frueh,25-40,5,0.173
LLY,bis2022,frueh,unter Einstieg,40,-0.027
LLY,bis2022,sehr weit,25-40,95,-0.084
LLY,bis2022,frueh,0-10,4,0.325
LLY,bis2022,frueh,10-25,2,-0.419
LLY,ab2023,mittel,40-100,63,-1.125
LLY,ab2023,mittel,unter Einstieg,99,-0.186
LLY,ab2023,mittel,10-25,29,1.046
LLY,ab2023,mittel,25-40,28,-0.435
LLY,ab2023,weit,25-40,32,2.097
LLY,ab2023,weit,10-25,18,1.012
LLY,ab2023,weit,0-10,19,0.687
LLY,ab2023,mittel,0-10,25,0.208
LLY,ab2023,frueh,25-40,5,0.425
LLY,ab2023,weit,40-100,54,1.818
LLY,ab2023,sehr weit,25-40,11,1.5
LLY,ab2023,sehr weit,0-10,20,0.228
LLY,ab2023,sehr weit,10-25,26,0.486
LLY,ab2023,sehr weit,40-100,43,1.827
LLY,ab2023,weit,unter Einstieg,37,0.778
LMT,bis2022,mittel,25-40,140,0.192
LMT,bis2022,mittel,40-100,481,-0.082
LMT,bis2022,mittel,0-10,101,0.309
LMT,bis2022,weit,0-10,132,0.288
LMT,bis2022,weit,40-100,321,1.335
LMT,bis2022,weit,25-40,116,0.983
LMT,bis2022,weit,10-25,127,0.876
LMT,bis2022,mittel,10-25,174,0.033
LMT,bis2022,sehr weit,25-40,33,0.593
LMT,bis2022,sehr weit,0-10,194,0.342
LMT,bis2022,sehr weit,10-25,71,-0.586
LMT,bis2022,mittel,unter Einstieg,450,-0.198
LMT,bis2022,sehr weit,40-100,100,-0.869
LMT,bis2022,weit,unter Einstieg,196,1.42
LMT,bis2022,sehr weit,unter Einstieg,46,-1.712
LMT,ab2023,mittel,unter Einstieg,68,-1.152
LMT,ab2023,mittel,40-100,62,-0.689
LMT,ab2023,mittel,25-40,34,0.41
LMT,ab2023,weit,0-10,18,0.251
LMT,ab2023,mittel,10-25,32,-0.301
LMT,ab2023,weit,10-25,26,-0.436
LMT,ab2023,weit,25-40,14,-0.235
LMT,ab2023,weit,40-100,16,-1.64
LMT,ab2023,mittel,0-10,15,0.587
LMT,ab2023,sehr weit,0-10,15,-0.205
LMT,ab2023,sehr weit,10-25,29,-2.537
LMT,ab2023,sehr weit,25-40,32,-4.776
LMT,ab2023,weit,unter Einstieg,7,1.943
LMT,ab2023,sehr weit,40-100,120,-4.074
LMT,ab2023,sehr weit,unter Einstieg,19,-2.062
LOW,bis2022,weit,0-10,159,-0.302
LOW,bis2022,sehr weit,25-40,172,0.402
LOW,bis2022,sehr weit,10-25,174,-0.416
LOW,bis2022,sehr weit,40-100,401,0.785
LOW,bis2022,sehr weit,0-10,157,0.116
LOW,bis2022,mittel,10-25,156,0.281
LOW,bis2022,mittel,40-100,427,0.618
LOW,bis2022,mittel,unter Einstieg,755,0.998
LOW,bis2022,mittel,0-10,110,-0.287
LOW,bis2022,mittel,25-40,162,0.311
LOW,bis2022,weit,10-25,232,0.101
LOW,bis2022,weit,25-40,187,0.433
LOW,bis2022,weit,40-100,581,0.42
LOW,bis2022,weit,unter Einstieg,519,0.901
LOW,bis2022,sehr weit,unter Einstieg,74,-0.274
LOW,ab2023,mittel,0-10,30,0.321
LOW,ab2023,weit,10-25,34,-1.64
LOW,ab2023,mittel,25-40,26,-0.003
LOW,ab2023,mittel,unter Einstieg,56,-0.437
LOW,ab2023,mittel,40-100,65,0.156
LOW,ab2023,mittel,10-25,27,-1.777
LOW,ab2023,weit,0-10,39,0.282
LOW,ab2023,sehr weit,10-25,57,0.408
LOW,ab2023,sehr weit,0-10,29,0.393
LOW,ab2023,weit,25-40,42,-0.575
LOW,ab2023,weit,40-100,91,-2.505
LOW,ab2023,weit,unter Einstieg,45,-1.651
LOW,ab2023,sehr weit,25-40,29,1.048
LOW,ab2023,sehr weit,40-100,20,-1.236
LOW,ab2023,sehr weit,unter Einstieg,11,1.086
LRCX,bis2022,mittel,40-100,750,-0.307
LRCX,bis2022,mittel,unter Einstieg,1023,-0.332
LRCX,bis2022,mittel,10-25,291,-0.36
LRCX,bis2022,mittel,0-10,205,0.23
LRCX,bis2022,weit,10-25,191,-0.599
LRCX,bis2022,weit,0-10,186,0.032
LRCX,bis2022,weit,25-40,118,-0.527
LRCX,bis2022,frueh,25-40,13,0.172
LRCX,bis2022,mittel,25-40,216,-0.387
LRCX,bis2022,weit,40-100,460,-0.493
LRCX,bis2022,weit,unter Einstieg,304,-0.112
LRCX,bis2022,sehr weit,0-10,203,-0.03
LRCX,bis2022,sehr weit,10-25,80,-0.091
LRCX,bis2022,sehr weit,40-100,210,-0.036
LRCX,bis2022,sehr weit,25-40,82,-0.563
LRCX,bis2022,sehr weit,unter Einstieg,174,-0.429
LRCX,bis2022,frueh,10-25,8,1.253
LRCX,bis2022,frueh,0-10,7,-0.824
LRCX,bis2022,frueh,40-100,32,0.413
LRCX,bis2022,frueh,unter Einstieg,84,0.082
LRCX,ab2023,mittel,0-10,32,2.089
LRCX,ab2023,weit,10-25,67,2.38
LRCX,ab2023,weit,0-10,38,1.473
LRCX,ab2023,sehr weit,0-10,64,0.87
LRCX,ab2023,mittel,40-100,135,1.848
LRCX,ab2023,mittel,unter Einstieg,224,2.545
LRCX,ab2023,mittel,25-40,36,2.368
LRCX,ab2023,mittel,10-25,38,1.445
LRCX,ab2023,weit,25-40,58,2.616
LRCX,ab2023,weit,40-100,249,2.705
LRCX,ab2023,weit,unter Einstieg,90,2.46
LRCX,ab2023,sehr weit,10-25,37,2.656
LRCX,ab2023,sehr weit,40-100,65,4.649
LRCX,ab2023,sehr weit,25-40,34,3.226
LRCX,ab2023,frueh,10-25,2,1.349
LRCX,ab2023,sehr weit,unter Einstieg,18,6.167
LRCX,ab2023,frueh,25-40,4,1.858
LRCX,ab2023,frueh,40-100,4,2.228
LRCX,ab2023,frueh,unter Einstieg,1,3.124
LULU,bis2022,mittel,10-25,157,0.688
LULU,bis2022,weit,25-40,96,1.015
LULU,bis2022,weit,40-100,367,0.74
LULU,bis2022,weit,10-25,120,0.773
LULU,bis2022,weit,0-10,166,0.411
LULU,bis2022,weit,unter Einstieg,484,-0.197
LULU,bis2022,mittel,0-10,112,0.011
LULU,bis2022,mittel,40-100,386,1.32
LULU,bis2022,mittel,unter Einstieg,446,1.787
LULU,bis2022,mittel,25-40,91,0.225
LULU,bis2022,sehr weit,10-25,100,0.439
LULU,bis2022,sehr weit,0-10,208,0.144
LULU,bis2022,sehr weit,25-40,82,1.059
LULU,bis2022,sehr weit,40-100,181,0.471
LULU,bis2022,sehr weit,unter Einstieg,183,-0.186
LULU,ab2023,mittel,0-10,23,-0.057
LULU,ab2023,mittel,10-25,31,0.061
LULU,ab2023,weit,0-10,14,-0.447
LULU,ab2023,sehr weit,25-40,42,0.296
LULU,ab2023,sehr weit,40-100,123,1.416
LULU,ab2023,sehr weit,10-25,35,-0.04
LULU,ab2023,sehr weit,unter Einstieg,63,2.504
LULU,ab2023,mittel,40-100,152,1.323
LULU,ab2023,mittel,unter Einstieg,164,2.877
LULU,ab2023,mittel,25-40,43,-0.103
LULU,ab2023,weit,25-40,49,0.056
LULU,ab2023,weit,40-100,171,0.223
LULU,ab2023,weit,10-25,48,0.101
LULU,ab2023,weit,unter Einstieg,136,2.361
LULU,ab2023,sehr weit,0-10,38,0.213
MA,bis2022,frueh,0-10,17,-0.078
MA,bis2022,mittel,40-100,608,0.686
MA,bis2022,frueh,25-40,33,0.248
MA,bis2022,mittel,10-25,247,0.511
MA,bis2022,mittel,0-10,194,-0.181
MA,bis2022,mittel,25-40,209,0.225
MA,bis2022,mittel,unter Einstieg,501,0.796
MA,bis2022,frueh,10-25,29,0.513
MA,bis2022,weit,10-25,123,0.367
MA,bis2022,sehr weit,10-25,92,0.197
MA,bis2022,sehr weit,25-40,95,0.731
MA,bis2022,sehr weit,0-10,77,0.078
MA,bis2022,sehr weit,40-100,194,2.07
MA,bis2022,weit,25-40,82,0.112
MA,bis2022,weit,0-10,155,0.021
MA,bis2022,weit,40-100,205,0.322
MA,bis2022,weit,unter Einstieg,120,-1.237
MA,bis2022,frueh,40-100,66,0.404
MA,bis2022,frueh,unter Einstieg,149,-0.694
MA,bis2022,sehr weit,unter Einstieg,26,1.792
MA,ab2023,mittel,0-10,19,1.157
MA,ab2023,weit,10-25,18,-0.451
MA,ab2023,weit,40-100,85,0.468
MA,ab2023,weit,unter Einstieg,130,2.218
MA,ab2023,weit,25-40,26,0.585
MA,ab2023,weit,0-10,16,0.149
MA,ab2023,frueh,0-10,5,-0.188
MA,ab2023,mittel,10-25,19,-1.077
MA,ab2023,mittel,40-100,53,-0.831
MA,ab2023,mittel,25-40,29,-0.833
MA,ab2023,sehr weit,0-10,11,-0.084
MA,ab2023,mittel,unter Einstieg,38,0.189
MA,ab2023,frueh,40-100,15,0.754
MA,ab2023,frueh,unter Einstieg,7,1.24
MA,ab2023,sehr weit,25-40,11,-0.068
MA,ab2023,sehr weit,40-100,33,1.396
MA,ab2023,sehr weit,unter Einstieg,6,2.788
MA,ab2023,sehr weit,10-25,24,0.445
MA,ab2023,frueh,25-40,3,2.171
MA,ab2023,frueh,10-25,1,3.643
MAR,bis2022,mittel,25-40,253,0.603
MAR,bis2022,mittel,40-100,758,0.659
MAR,bis2022,mittel,unter Einstieg,838,1.271
MAR,bis2022,mittel,10-25,297,0.376
MAR,bis2022,weit,0-10,218,0.102
MAR,bis2022,sehr weit,25-40,133,-0.904
MAR,bis2022,weit,25-40,191,0.577
MAR,bis2022,sehr weit,40-100,506,-1.421
MAR,bis2022,sehr weit,unter Einstieg,212,-1.293
MAR,bis2022,sehr weit,10-25,125,0.177
MAR,bis2022,mittel,0-10,216,0.163
MAR,bis2022,weit,10-25,172,0.441
MAR,bis2022,weit,40-100,440,0.766
MAR,bis2022,sehr weit,0-10,191,0.06
MAR,bis2022,weit,unter Einstieg,195,1.87
MAR,ab2023,mittel,25-40,33,0.738
MAR,ab2023,mittel,40-100,112,1.131
MAR,ab2023,mittel,unter Einstieg,119,2.513
MAR,ab2023,mittel,10-25,41,0.32
MAR,ab2023,weit,10-25,25,0.787
MAR,ab2023,weit,40-100,82,0.854
MAR,ab2023,weit,unter Einstieg,22,-0.523
MAR,ab2023,mittel,0-10,40,0.649
MAR,ab2023,weit,0-10,51,0.568
MAR,ab2023,weit,25-40,31,1.289
MAR,ab2023,sehr weit,0-10,34,-0.12
MAR,ab2023,sehr weit,10-25,12,-0.044
MAR,ab2023,sehr weit,25-40,3,0.601
MBG.DE,bis2022,mittel,25-40,180,-0.415
MBG.DE,bis2022,mittel,10-25,205,-0.188
MBG.DE,bis2022,weit,10-25,314,-0.201
MBG.DE,bis2022,mittel,0-10,77,-0.18
MBG.DE,bis2022,weit,25-40,219,-0.4
MBG.DE,bis2022,weit,40-100,507,-0.382
MBG.DE,bis2022,weit,0-10,159,-0.278
MBG.DE,bis2022,sehr weit,0-10,207,0.067
MBG.DE,bis2022,sehr weit,10-25,198,-0.002
MBG.DE,bis2022,mittel,unter Einstieg,933,-0.141
MBG.DE,bis2022,mittel,40-100,548,-0.533
MBG.DE,bis2022,weit,unter Einstieg,526,-0.661
MBG.DE,bis2022,sehr weit,25-40,151,0.728
MBG.DE,bis2022,sehr weit,unter Einstieg,334,-1.04
MBG.DE,bis2022,sehr weit,40-100,512,-0.955
MBG.DE,ab2023,weit,0-10,33,-0.214
MBG.DE,ab2023,sehr weit,10-25,32,0.9
MBG.DE,ab2023,sehr weit,0-10,57,0.314
MBG.DE,ab2023,weit,10-25,26,-0.084
MBG.DE,ab2023,mittel,0-10,11,1.3
MBG.DE,ab2023,mittel,10-25,24,0.544
MBG.DE,ab2023,weit,40-100,172,-2.443
MBG.DE,ab2023,weit,unter Einstieg,249,-1.673
MBG.DE,ab2023,mittel,40-100,81,-0.571
MBG.DE,ab2023,mittel,unter Einstieg,130,-0.769
MBG.DE,ab2023,mittel,25-40,17,1.239
MBG.DE,ab2023,sehr weit,40-100,88,0.983
MBG.DE,ab2023,sehr weit,25-40,16,0.427
MBG.DE,ab2023,sehr weit,unter Einstieg,64,2.025
MBG.DE,ab2023,weit,25-40,20,-0.055
MCD,bis2022,mittel,10-25,141,0.034
MCD,bis2022,weit,10-25,181,0.705
MCD,bis2022,sehr weit,25-40,132,1.44
MCD,bis2022,sehr weit,10-25,159,0.514
MCD,bis2022,sehr weit,0-10,198,0.174
MCD,bis2022,mittel,40-100,374,0.535
MCD,bis2022,mittel,0-10,118,0.512
MCD,bis2022,weit,0-10,117,0.062
MCD,bis2022,weit,40-100,465,1.556
MCD,bis2022,weit,25-40,177,0.674
MCD,bis2022,mittel,25-40,117,0.284
MCD,bis2022,mittel,unter Einstieg,343,0.309
MCD,bis2022,sehr weit,40-100,264,1.283
MCD,bis2022,sehr weit,unter Einstieg,129,-0.979
MCD,bis2022,weit,unter Einstieg,370,1.486
MCD,ab2023,mittel,0-10,24,-0.739
MCD,ab2023,mittel,40-100,111,0.171
MCD,ab2023,mittel,10-25,32,0.893
MCD,ab2023,sehr weit,10-25,53,0.752
MCD,ab2023,sehr weit,40-100,140,0.761
MCD,ab2023,sehr weit,unter Einstieg,37,2.031
MCD,ab2023,sehr weit,0-10,84,0.276
MCD,ab2023,sehr weit,25-40,73,1.276
MCD,ab2023,mittel,25-40,45,0.397
MCD,ab2023,mittel,unter Einstieg,170,-0.362
MCD,ab2023,weit,10-25,45,1.517
MCD,ab2023,weit,0-10,33,0.254
MCD,ab2023,weit,40-100,147,1.883
MCD,ab2023,weit,unter Einstieg,110,3.079
MCD,ab2023,weit,25-40,58,1.442
MCHP,bis2022,mittel,40-100,388,-0.271
MCHP,bis2022,mittel,10-25,168,-0.274
MCHP,bis2022,weit,0-10,200,-0.261
MCHP,bis2022,sehr weit,10-25,191,0.073
MCHP,bis2022,sehr weit,0-10,245,-0.207
MCHP,bis2022,sehr weit,40-100,412,-0.637
MCHP,bis2022,sehr weit,25-40,136,0.281
MCHP,bis2022,weit,40-100,413,0.079
MCHP,bis2022,weit,25-40,165,0.085
MCHP,bis2022,mittel,25-40,130,0.359
MCHP,bis2022,weit,10-25,179,-0.186
MCHP,bis2022,weit,unter Einstieg,297,-0.451
MCHP,bis2022,sehr weit,unter Einstieg,295,-1.668
MCHP,bis2022,mittel,0-10,146,0.164
MCHP,bis2022,mittel,unter Einstieg,530,-0.266
MCHP,ab2023,mittel,10-25,58,-1.612
MCHP,ab2023,weit,25-40,40,-2.363
MCHP,ab2023,weit,0-10,40,-0.029
MCHP,ab2023,weit,40-100,273,-2.732
MCHP,ab2023,weit,unter Einstieg,190,-1.746
MCHP,ab2023,mittel,0-10,19,-2.075
MCHP,ab2023,mittel,25-40,41,-2.131
MCHP,ab2023,mittel,40-100,224,-2.666
MCHP,ab2023,mittel,unter Einstieg,445,-1.967
MCHP,ab2023,weit,10-25,44,-0.731
MCHP,ab2023,sehr weit,10-25,26,0.116
MCHP,ab2023,sehr weit,0-10,41,0.734
MCHP,ab2023,sehr weit,40-100,135,-1.13
MCHP,ab2023,sehr weit,unter Einstieg,66,2.066
MCHP,ab2023,sehr weit,25-40,18,-1.021
MCK,bis2022,mittel,0-10,107,0.327
MCK,bis2022,mittel,10-25,129,0.92
MCK,bis2022,mittel,25-40,121,1.216
MCK,bis2022,weit,40-100,428,1.135
MCK,bis2022,weit,10-25,125,-0.001
MCK,bis2022,mittel,40-100,322,1.243
MCK,bis2022,mittel,unter Einstieg,391,1.352
MCK,bis2022,weit,0-10,129,0.023
MCK,bis2022,weit,25-40,166,1.169
MCK,bis2022,sehr weit,0-10,190,0.128
MCK,bis2022,sehr weit,40-100,276,0.747
MCK,bis2022,sehr weit,unter Einstieg,82,2.618
MCK,bis2022,sehr weit,25-40,138,0.006
MCK,bis2022,sehr weit,10-25,171,0.219
MCK,bis2022,weit,unter Einstieg,346,2.215
MCK,ab2023,mittel,10-25,19,1.654
MCK,ab2023,mittel,0-10,27,0.894
MCK,ab2023,weit,0-10,35,0.897
MCK,ab2023,weit,40-100,57,1.802
MCK,ab2023,sehr weit,0-10,30,1.353
MCK,ab2023,sehr weit,10-25,31,0.725
MCK,ab2023,weit,unter Einstieg,2,3.362
MCK,ab2023,weit,25-40,17,1.379
MCK,ab2023,weit,10-25,25,1.201
MCK,ab2023,mittel,25-40,17,1.406
MCK,ab2023,mittel,40-100,50,1.601
MCK,ab2023,mittel,unter Einstieg,8,1.111
MCK,ab2023,sehr weit,25-40,14,1.165
MCK,ab2023,sehr weit,40-100,21,2.0
MDB,bis2022,weit,0-10,41,0.647
MDB,bis2022,weit,40-100,105,1.373
MDB,bis2022,sehr weit,0-10,24,-0.308
MDB,bis2022,sehr weit,40-100,32,0.136
MDB,bis2022,sehr weit,10-25,31,0.155
MDB,bis2022,sehr weit,25-40,16,0.121
MDB,bis2022,sehr weit,unter Einstieg,21,0.342
MDB,bis2022,weit,10-25,63,0.257
MDB,bis2022,weit,25-40,50,0.495
MDB,bis2022,mittel,40-100,174,-0.502
MDB,bis2022,mittel,10-25,66,-0.395
MDB,bis2022,mittel,0-10,61,-0.176
MDB,bis2022,mittel,25-40,59,-0.625
MDB,bis2022,mittel,unter Einstieg,143,-0.639
MDB,bis2022,frueh,40-100,10,-1.144
MDB,bis2022,frueh,0-10,6,-0.338
MDB,bis2022,frueh,10-25,6,1.12
MDB,bis2022,weit,unter Einstieg,48,0.826
MDB,bis2022,frueh,25-40,1,-3.466
MDB,bis2022,frueh,unter Einstieg,14,-1.887
MDB,ab2023,mittel,0-10,31,-0.04
MDB,ab2023,mittel,25-40,22,0.1
MDB,ab2023,mittel,10-25,38,0.743
MDB,ab2023,mittel,40-100,93,0.444
MDB,ab2023,mittel,unter Einstieg,43,0.616
MDB,ab2023,weit,0-10,24,-0.237
MDB,ab2023,weit,10-25,40,1.158
MDB,ab2023,weit,40-100,88,2.696
MDB,ab2023,weit,25-40,25,1.442
MDB,ab2023,weit,unter Einstieg,55,4.414
MDB,ab2023,sehr weit,10-25,24,1.47
MDB,ab2023,sehr weit,40-100,57,0.857
MDB,ab2023,sehr weit,25-40,23,0.65
MDB,ab2023,sehr weit,unter Einstieg,14,4.063
MDB,ab2023,sehr weit,0-10,33,-0.246
MDB,ab2023,frueh,0-10,3,-0.455
MDB,ab2023,frueh,40-100,12,-2.631
MDB,ab2023,frueh,unter Einstieg,12,-2.211
MDB,ab2023,frueh,25-40,4,-2.207
MDB,ab2023,frueh,10-25,2,-0.296
MDLZ,bis2022,mittel,0-10,114,0.215
MDLZ,bis2022,mittel,10-25,197,0.663
MDLZ,bis2022,weit,0-10,169,0.219
MDLZ,bis2022,weit,10-25,248,0.762
MDLZ,bis2022,weit,40-100,446,1.237
MDLZ,bis2022,weit,25-40,180,0.644
MDLZ,bis2022,weit,unter Einstieg,221,0.917
MDLZ,bis2022,mittel,25-40,183,0.79
MDLZ,bis2022,mittel,40-100,452,0.77
MDLZ,bis2022,sehr weit,10-25,163,0.613
MDLZ,bis2022,sehr weit,0-10,254,0.101
MDLZ,bis2022,mittel,unter Einstieg,354,1.314
MDLZ,bis2022,sehr weit,25-40,87,0.287
MDLZ,bis2022,sehr weit,40-100,183,0.589
MDLZ,bis2022,sehr weit,unter Einstieg,39,-1.53
MDLZ,ab2023,mittel,40-100,178,-1.349
MDLZ,ab2023,mittel,0-10,16,-0.67
MDLZ,ab2023,sehr weit,10-25,16,0.161
MDLZ,ab2023,sehr weit,25-40,68,1.472
MDLZ,ab2023,sehr weit,40-100,200,-0.727
MDLZ,ab2023,sehr weit,0-10,45,-0.181
MDLZ,ab2023,weit,10-25,34,-1.296
MDLZ,ab2023,weit,40-100,103,-0.277
MDLZ,ab2023,weit,unter Einstieg,71,-1.997
MDLZ,ab2023,weit,25-40,23,-0.525
MDLZ,ab2023,weit,0-10,25,-1.179
MDLZ,ab2023,sehr weit,unter Einstieg,113,-1.712
MDLZ,ab2023,mittel,25-40,39,-1.865
MDLZ,ab2023,mittel,10-25,45,-2.266
MDLZ,ab2023,mittel,unter Einstieg,265,-1.201
MDT,bis2022,mittel,10-25,207,0.207
MDT,bis2022,mittel,25-40,217,0.098
MDT,bis2022,mittel,0-10,122,0.311
MDT,bis2022,mittel,40-100,637,0.751
MDT,bis2022,weit,0-10,200,-0.393
MDT,bis2022,weit,25-40,187,0.051
MDT,bis2022,weit,unter Einstieg,315,1.168
MDT,bis2022,weit,10-25,248,-0.149
MDT,bis2022,sehr weit,0-10,198,-0.312
MDT,bis2022,sehr weit,10-25,166,0.151
MDT,bis2022,mittel,unter Einstieg,698,0.811
MDT,bis2022,weit,40-100,484,1.031
MDT,bis2022,sehr weit,25-40,146,0.209
MDT,bis2022,sehr weit,40-100,451,0.37
MDT,bis2022,sehr weit,unter Einstieg,159,-0.247
MDT,ab2023,mittel,unter Einstieg,81,-0.515
MDT,ab2023,mittel,0-10,25,0.81
MDT,ab2023,weit,0-10,17,-0.811
MDT,ab2023,weit,40-100,58,-0.242
MDT,ab2023,weit,unter Einstieg,41,-1.016
MDT,ab2023,weit,25-40,28,-0.137
MDT,ab2023,weit,10-25,20,0.752
MDT,ab2023,mittel,40-100,83,-0.385
MDT,ab2023,mittel,10-25,41,0.913
MDT,ab2023,mittel,25-40,24,0.758
MDT,ab2023,sehr weit,0-10,75,1.126
MDT,ab2023,sehr weit,25-40,29,3.051
MDT,ab2023,sehr weit,10-25,48,1.186
MDT,ab2023,sehr weit,40-100,89,3.478
MDT,ab2023,sehr weit,unter Einstieg,10,-1.61
MELI,bis2022,mittel,10-25,227,0.365
MELI,bis2022,weit,25-40,94,1.444
MELI,bis2022,weit,10-25,149,0.73
MELI,bis2022,weit,40-100,338,1.552
MELI,bis2022,sehr weit,0-10,207,0.236
MELI,bis2022,mittel,0-10,138,1.165
MELI,bis2022,sehr weit,10-25,168,-1.172
MELI,bis2022,weit,unter Einstieg,235,1.305
MELI,bis2022,mittel,40-100,551,1.245
MELI,bis2022,mittel,unter Einstieg,624,1.33
MELI,bis2022,mittel,25-40,180,0.827
MELI,bis2022,weit,0-10,155,0.308
MELI,bis2022,sehr weit,40-100,683,2.002
MELI,bis2022,sehr weit,25-40,172,-0.202
MELI,bis2022,sehr weit,unter Einstieg,192,1.496
MELI,ab2023,mittel,25-40,40,-0.776
MELI,ab2023,weit,0-10,26,-0.499
MELI,ab2023,weit,10-25,35,-2.092
MELI,ab2023,sehr weit,10-25,34,-1.925
MELI,ab2023,sehr weit,0-10,26,-0.85
MELI,ab2023,mittel,0-10,16,-0.495
MELI,ab2023,mittel,unter Einstieg,183,0.862
MELI,ab2023,mittel,40-100,122,-0.675
MELI,ab2023,weit,40-100,128,-0.426
MELI,ab2023,sehr weit,40-100,25,-3.273
MELI,ab2023,sehr weit,25-40,34,-2.828
MELI,ab2023,mittel,10-25,42,-0.472
MELI,ab2023,weit,25-40,53,-1.297
MELI,ab2023,weit,unter Einstieg,105,-0.401
MELI,ab2023,sehr weit,unter Einstieg,18,-1.727
META,bis2022,mittel,40-100,271,-0.252
META,bis2022,mittel,0-10,93,-0.138
META,bis2022,mittel,25-40,78,-0.471
META,bis2022,mittel,unter Einstieg,369,-0.444
META,bis2022,mittel,10-25,97,-0.201
META,bis2022,weit,0-10,59,0.052
META,bis2022,weit,10-25,65,0.168
META,bis2022,weit,25-40,60,0.239
META,bis2022,sehr weit,0-10,89,-0.43
META,bis2022,sehr weit,25-40,31,-1.406
META,bis2022,weit,40-100,143,0.263
META,bis2022,weit,unter Einstieg,65,-1.551
META,bis2022,sehr weit,40-100,145,-2.026
META,bis2022,sehr weit,unter Einstieg,83,-1.386
META,bis2022,sehr weit,10-25,40,-0.368
META,ab2023,mittel,40-100,70,0.666
META,ab2023,mittel,10-25,36,0.484
META,ab2023,mittel,0-10,26,0.973
META,ab2023,mittel,25-40,29,0.952
META,ab2023,weit,25-40,19,2.013
META,ab2023,weit,0-10,26,0.82
META,ab2023,weit,10-25,16,1.211
META,ab2023,sehr weit,0-10,36,0.246
META,ab2023,weit,40-100,28,2.485
META,ab2023,mittel,unter Einstieg,68,-0.108
META,ab2023,sehr weit,10-25,11,0.583
META,ab2023,sehr weit,25-40,7,1.236
META,ab2023,sehr weit,40-100,10,2.209
META,ab2023,weit,unter Einstieg,4,2.748
MFG,bis2022,mittel,0-10,114,-0.04
MFG,bis2022,mittel,25-40,154,0.211
MFG,bis2022,mittel,40-100,515,-0.552
MFG,bis2022,weit,0-10,160,-0.157
MFG,bis2022,sehr weit,10-25,354,-0.876
MFG,bis2022,sehr weit,25-40,274,-0.445
MFG,bis2022,weit,25-40,158,-0.407
MFG,bis2022,weit,40-100,450,-1.12
MFG,bis2022,sehr weit,0-10,470,-0.278
MFG,bis2022,sehr weit,40-100,931,-0.499
MFG,bis2022,sehr weit,unter Einstieg,895,0.331
MFG,bis2022,weit,10-25,182,-0.268
MFG,bis2022,mittel,10-25,172,-0.443
MFG,bis2022,mittel,unter Einstieg,780,-0.785
MFG,bis2022,weit,unter Einstieg,320,-0.903
MFG,ab2023,mittel,0-10,28,0.944
MFG,ab2023,mittel,10-25,12,1.373
MFG,ab2023,mittel,25-40,13,2.229
MFG,ab2023,mittel,40-100,46,3.267
MFG,ab2023,weit,10-25,32,0.864
MFG,ab2023,weit,0-10,24,0.611
MFG,ab2023,sehr weit,0-10,64,-0.664
MFG,ab2023,mittel,unter Einstieg,46,3.667
MFG,ab2023,sehr weit,40-100,140,2.547
MFG,ab2023,sehr weit,unter Einstieg,62,4.075
MFG,ab2023,sehr weit,25-40,40,1.31
MFG,ab2023,sehr weit,10-25,34,1.042
MFG,ab2023,weit,25-40,23,0.819
MFG,ab2023,weit,40-100,31,1.554
MFG,ab2023,weit,unter Einstieg,2,2.137
MMM,bis2022,mittel,40-100,390,-0.501
MMM,bis2022,mittel,unter Einstieg,558,-0.397
MMM,bis2022,mittel,25-40,124,-0.767
MMM,bis2022,mittel,0-10,112,-0.292
MMM,bis2022,mittel,10-25,156,-0.581
MMM,bis2022,weit,40-100,522,-1.454
MMM,bis2022,weit,25-40,190,-0.731
MMM,bis2022,weit,10-25,224,-0.552
MMM,bis2022,weit,0-10,184,-0.435
MMM,bis2022,sehr weit,25-40,124,-1.3
MMM,bis2022,sehr weit,40-100,311,-1.445
MMM,bis2022,sehr weit,10-25,128,-0.346
MMM,bis2022,sehr weit,unter Einstieg,161,-1.296
MMM,bis2022,sehr weit,0-10,245,-0.315
MMM,bis2022,weit,unter Einstieg,453,-1.403
MMM,ab2023,weit,0-10,26,-0.387
MMM,ab2023,weit,40-100,59,-0.207
MMM,ab2023,weit,unter Einstieg,80,0.386
MMM,ab2023,weit,25-40,21,-0.482
MMM,ab2023,mittel,40-100,22,-0.178
MMM,ab2023,mittel,unter Einstieg,42,-0.331
MMM,ab2023,mittel,10-25,9,0.166
MMM,ab2023,mittel,0-10,11,0.156
MMM,ab2023,weit,10-25,11,-0.599
MMM,ab2023,sehr weit,25-40,47,-0.566
MMM,ab2023,sehr weit,40-100,106,1.228
MMM,ab2023,sehr weit,10-25,42,-0.807
MMM,ab2023,sehr weit,0-10,37,-1.078
MMM,ab2023,sehr weit,unter Einstieg,32,2.867
MMM,ab2023,mittel,25-40,8,0.951
MNST,bis2022,mittel,40-100,471,0.66
MNST,bis2022,mittel,10-25,170,0.406
MNST,bis2022,weit,0-10,100,0.466
MNST,bis2022,sehr weit,25-40,155,1.793
MNST,bis2022,mittel,0-10,116,0.239
MNST,bis2022,sehr weit,0-10,177,0.522
MNST,bis2022,mittel,unter Einstieg,545,0.801
MNST,bis2022,sehr weit,10-25,178,0.902
MNST,bis2022,mittel,25-40,198,0.374
MNST,bis2022,weit,10-25,154,0.96
MNST,bis2022,weit,25-40,129,0.982
MNST,bis2022,weit,40-100,309,1.152
MNST,bis2022,weit,unter Einstieg,188,0.814
MNST,bis2022,sehr weit,40-100,357,3.053
MNST,bis2022,sehr weit,unter Einstieg,78,3.462
MNST,ab2023,weit,10-25,23,-0.835
MNST,ab2023,weit,0-10,30,-0.692
MNST,ab2023,sehr weit,10-25,12,0.371
MNST,ab2023,sehr weit,40-100,28,-2.029
MNST,ab2023,sehr weit,25-40,14,-2.297
MNST,ab2023,sehr weit,0-10,11,-0.079
MNST,ab2023,mittel,0-10,30,1.538
MNST,ab2023,weit,40-100,151,-2.632
MNST,ab2023,weit,unter Einstieg,159,-1.686
MNST,ab2023,weit,25-40,42,-1.421
MNST,ab2023,mittel,10-25,44,-0.978
MNST,ab2023,mittel,40-100,85,-0.136
MNST,ab2023,mittel,25-40,33,-0.025
MNST,ab2023,mittel,unter Einstieg,62,0.314
MNST,ab2023,sehr weit,unter Einstieg,12,-1.789
MO,bis2022,mittel,0-10,134,0.399
MO,bis2022,weit,10-25,198,0.511
MO,bis2022,weit,0-10,158,0.323
MO,bis2022,sehr weit,0-10,184,0.071
MO,bis2022,sehr weit,10-25,131,0.02
MO,bis2022,sehr weit,40-100,139,-0.368
MO,bis2022,sehr weit,25-40,66,0.039
MO,bis2022,weit,40-100,356,0.073
MO,bis2022,weit,25-40,160,0.282
MO,bis2022,mittel,40-100,551,0.421
MO,bis2022,weit,unter Einstieg,202,-0.765
MO,bis2022,mittel,25-40,224,0.718
MO,bis2022,mittel,unter Einstieg,619,0.16
MO,bis2022,mittel,10-25,216,0.503
MO,bis2022,sehr weit,unter Einstieg,146,0.183
MO,ab2023,mittel,10-25,41,0.8
MO,ab2023,mittel,40-100,122,-0.584
MO,ab2023,mittel,unter Einstieg,98,1.093
MO,ab2023,weit,10-25,45,1.589
MO,ab2023,weit,40-100,183,2.357
MO,ab2023,weit,unter Einstieg,168,2.325
MO,ab2023,sehr weit,0-10,76,0.679
MO,ab2023,weit,0-10,48,0.645
MO,ab2023,sehr weit,25-40,15,0.809
MO,ab2023,mittel,0-10,37,-1.349
MO,ab2023,mittel,25-40,34,-0.348
MO,ab2023,sehr weit,10-25,21,0.209
MO,ab2023,sehr weit,40-100,69,2.095
MO,ab2023,sehr weit,unter Einstieg,22,3.264
MO,ab2023,weit,25-40,44,1.812
MPC,bis2022,mittel,10-25,127,0.956
MPC,bis2022,mittel,40-100,365,1.288
MPC,bis2022,mittel,unter Einstieg,427,1.583
MPC,bis2022,mittel,25-40,136,0.73
MPC,bis2022,weit,10-25,159,0.598
MPC,bis2022,sehr weit,0-10,156,0.057
MPC,bis2022,weit,25-40,138,1.061
MPC,bis2022,weit,0-10,100,0.189
MPC,bis2022,mittel,0-10,90,0.707
MPC,bis2022,sehr weit,10-25,136,0.526
MPC,bis2022,sehr weit,25-40,93,0.522
MPC,bis2022,weit,40-100,392,1.066
MPC,bis2022,weit,unter Einstieg,190,0.564
MPC,bis2022,sehr weit,40-100,204,0.398
MPC,bis2022,sehr weit,unter Einstieg,44,-1.322
MPC,ab2023,mittel,25-40,32,0.098
MPC,ab2023,mittel,40-100,132,-0.529
MPC,ab2023,mittel,unter Einstieg,151,-1.723
MPC,ab2023,mittel,0-10,29,0.12
MPC,ab2023,mittel,10-25,34,0.261
MPC,ab2023,weit,0-10,32,-0.034
MPC,ab2023,weit,10-25,32,0.693
MPC,ab2023,weit,25-40,19,0.829
MPC,ab2023,weit,40-100,41,2.575
MPC,ab2023,sehr weit,25-40,44,-0.346
MPC,ab2023,sehr weit,40-100,198,0.741
MPC,ab2023,sehr weit,10-25,48,0.006
MPC,ab2023,sehr weit,0-10,64,-0.284
MPC,ab2023,sehr weit,unter Einstieg,152,-0.067
MPC,ab2023,weit,unter Einstieg,22,-0.12
MRK,bis2022,mittel,10-25,190,0.804
MRK,bis2022,mittel,25-40,183,0.749
MRK,bis2022,weit,0-10,128,0.508
MRK,bis2022,sehr weit,0-10,148,-0.021
MRK,bis2022,mittel,0-10,118,0.421
MRK,bis2022,weit,10-25,179,0.866
MRK,bis2022,mittel,40-100,623,0.848
MRK,bis2022,mittel,unter Einstieg,619,1.62
MRK,bis2022,sehr weit,10-25,195,-0.271
MRK,bis2022,weit,40-100,339,1.494
MRK,bis2022,sehr weit,40-100,898,-0.092
MRK,bis2022,sehr weit,unter Einstieg,280,2.576
MRK,bis2022,sehr weit,25-40,223,-1.079
MRK,bis2022,weit,25-40,156,0.919
MRK,bis2022,weit,unter Einstieg,127,2.275
MRK,ab2023,mittel,25-40,23,-0.051
MRK,ab2023,weit,25-40,38,0.486
MRK,ab2023,weit,0-10,28,0.358
MRK,ab2023,sehr weit,0-10,44,1.579
MRK,ab2023,mittel,10-25,44,-0.494
MRK,ab2023,mittel,40-100,53,0.493
MRK,ab2023,weit,10-25,50,-0.634
MRK,ab2023,mittel,0-10,14,-0.949
MRK,ab2023,weit,unter Einstieg,120,1.62
MRK,ab2023,weit,40-100,83,2.633
MRK,ab2023,sehr weit,40-100,123,0.447
MRK,ab2023,sehr weit,25-40,48,0.186
MRK,ab2023,sehr weit,unter Einstieg,65,1.545
MRK,ab2023,sehr weit,10-25,31,0.819
MRK,ab2023,mittel,unter Einstieg,49,-1.025
MRK.DE,bis2022,weit,10-25,174,0.903
MRK.DE,bis2022,sehr weit,10-25,157,0.728
MRK.DE,bis2022,sehr weit,40-100,163,2.081
MRK.DE,bis2022,sehr weit,25-40,104,1.683
MRK.DE,bis2022,weit,0-10,142,-0.03
MRK.DE,bis2022,sehr weit,0-10,202,-0.062
MRK.DE,bis2022,mittel,40-100,433,0.588
MRK.DE,bis2022,mittel,10-25,154,0.305
MRK.DE,bis2022,mittel,unter Einstieg,547,0.118
MRK.DE,bis2022,mittel,25-40,134,0.489
MRK.DE,bis2022,weit,25-40,123,1.26
MRK.DE,bis2022,weit,40-100,351,1.176
MRK.DE,bis2022,weit,unter Einstieg,143,0.662
MRK.DE,bis2022,mittel,0-10,101,-0.356
MRK.DE,bis2022,sehr weit,unter Einstieg,18,1.733
MRK.DE,ab2023,mittel,25-40,54,-0.032
MRK.DE,ab2023,mittel,40-100,127,0.2
MRK.DE,ab2023,mittel,unter Einstieg,128,-0.324
MRK.DE,ab2023,mittel,0-10,47,0.476
MRK.DE,ab2023,sehr weit,10-25,27,-0.01
MRK.DE,ab2023,sehr weit,40-100,98,0.225
MRK.DE,ab2023,sehr weit,25-40,23,0.278
MRK.DE,ab2023,sehr weit,0-10,35,-0.598
MRK.DE,ab2023,sehr weit,unter Einstieg,53,-0.65
MRK.DE,ab2023,weit,25-40,37,0.197
MRK.DE,ab2023,weit,40-100,95,0.253
MRK.DE,ab2023,weit,unter Einstieg,84,-1.26
MRK.DE,ab2023,weit,10-25,58,-0.384
MRK.DE,ab2023,weit,0-10,17,0.699
MRK.DE,ab2023,mittel,10-25,60,0.503
MRNA,bis2022,mittel,25-40,59,-0.159
MRNA,bis2022,mittel,10-25,41,0.797
MRNA,bis2022,mittel,40-100,171,0.428
MRNA,bis2022,weit,0-10,19,0.543
MRNA,bis2022,sehr weit,0-10,32,1.727
MRNA,bis2022,sehr weit,10-25,41,2.114
MRNA,bis2022,frueh,unter Einstieg,77,0.579
MRNA,bis2022,mittel,unter Einstieg,346,0.732
MRNA,bis2022,mittel,0-10,31,-0.186
MRNA,bis2022,weit,40-100,44,2.468
MRNA,bis2022,weit,25-40,13,2.362
MRNA,bis2022,weit,10-25,18,1.812
MRNA,bis2022,sehr weit,40-100,41,8.394
MRNA,bis2022,sehr weit,25-40,22,6.158
MRNA,bis2022,frueh,25-40,3,2.082
MRNA,bis2022,frueh,40-100,9,-0.773
MRNA,bis2022,frueh,10-25,1,0.975
MRNA,bis2022,weit,unter Einstieg,18,3.57
MRNA,bis2022,frueh,0-10,1,5.353
MRNA,bis2022,sehr weit,unter Einstieg,1,5.548
MRNA,ab2023,frueh,0-10,2,-2.096
MRNA,ab2023,mittel,25-40,38,-0.845
MRNA,ab2023,weit,25-40,22,-1.765
MRNA,ab2023,weit,40-100,143,-1.104
MRNA,ab2023,weit,unter Einstieg,76,-1.337
MRNA,ab2023,mittel,0-10,22,-0.831
MRNA,ab2023,mittel,40-100,152,-0.769
MRNA,ab2023,mittel,unter Einstieg,239,-0.544
MRNA,ab2023,mittel,10-25,36,-0.93
MRNA,ab2023,weit,10-25,16,-0.351
MRNA,ab2023,weit,0-10,20,-0.275
MRNA,ab2023,sehr weit,40-100,122,0.06
MRNA,ab2023,sehr weit,unter Einstieg,103,-1.909
MRNA,ab2023,frueh,10-25,4,-2.259
MRNA,ab2023,frueh,40-100,8,0.335
MRNA,ab2023,sehr weit,0-10,29,0.022
MRNA,ab2023,sehr weit,25-40,19,0.38
MRNA,ab2023,sehr weit,10-25,12,1.249
MRNA,ab2023,frueh,unter Einstieg,34,2.578
MRNA,ab2023,frueh,25-40,1,3.062
MRVL,bis2022,mittel,40-100,553,-1.198
MRVL,bis2022,mittel,10-25,176,-0.63
MRVL,bis2022,sehr weit,10-25,160,-0.168
MRVL,bis2022,sehr weit,25-40,121,-0.128
MRVL,bis2022,sehr weit,40-100,356,-0.634
MRVL,bis2022,sehr weit,unter Einstieg,184,0.031
MRVL,bis2022,weit,10-25,174,-0.841
MRVL,bis2022,weit,40-100,447,-0.141
MRVL,bis2022,mittel,unter Einstieg,746,-0.726
MRVL,bis2022,mittel,0-10,117,-0.29
MRVL,bis2022,weit,0-10,166,-0.362
MRVL,bis2022,sehr weit,0-10,228,0.05
MRVL,bis2022,mittel,25-40,161,-1.002
MRVL,bis2022,weit,unter Einstieg,506,-0.477
MRVL,bis2022,weit,25-40,171,-0.436
MRVL,ab2023,mittel,40-100,59,-0.969
MRVL,ab2023,mittel,0-10,20,0.558
MRVL,ab2023,weit,10-25,36,-0.496
MRVL,ab2023,sehr weit,0-10,25,-0.02
MRVL,ab2023,weit,25-40,23,-1.305
MRVL,ab2023,weit,0-10,22,0.745
MRVL,ab2023,sehr weit,25-40,3,-0.981
MRVL,ab2023,sehr weit,40-100,14,-1.76
MRVL,ab2023,sehr weit,10-25,9,-1.001
MRVL,ab2023,mittel,10-25,38,-0.153
MRVL,ab2023,mittel,25-40,33,-1.053
MRVL,ab2023,weit,40-100,48,-0.943
MRVL,ab2023,weit,unter Einstieg,73,-1.484
MRVL,ab2023,mittel,unter Einstieg,50,-1.452
MRVL,ab2023,sehr weit,unter Einstieg,28,-1.883
MS,bis2022,sehr weit,0-10,199,0.001
MS,bis2022,sehr weit,10-25,138,0.306
MS,bis2022,mittel,25-40,239,0.479
MS,bis2022,mittel,10-25,241,0.001
MS,bis2022,mittel,unter Einstieg,855,0.05
MS,bis2022,mittel,40-100,613,0.085
MS,bis2022,weit,10-25,157,0.453
MS,bis2022,weit,25-40,147,0.215
MS,bis2022,weit,40-100,435,0.412
MS,bis2022,weit,0-10,188,-0.259
MS,bis2022,mittel,0-10,150,-0.064
MS,bis2022,weit,unter Einstieg,515,0.173
MS,bis2022,sehr weit,25-40,122,0.918
MS,bis2022,sehr weit,40-100,491,1.875
MS,bis2022,sehr weit,unter Einstieg,74,1.985
MS,ab2023,mittel,10-25,47,0.521
MS,ab2023,mittel,40-100,101,2.179
MS,ab2023,mittel,0-10,35,0.597
MS,ab2023,weit,0-10,31,0.043
MS,ab2023,sehr weit,10-25,21,-0.467
MS,ab2023,sehr weit,0-10,41,0.14
MS,ab2023,mittel,25-40,60,1.475
MS,ab2023,mittel,unter Einstieg,129,2.872
MS,ab2023,weit,25-40,23,1.153
MS,ab2023,weit,unter Einstieg,17,2.1
MS,ab2023,weit,10-25,48,0.382
MS,ab2023,sehr weit,25-40,7,-1.366
MS,ab2023,sehr weit,40-100,14,0.711
MS,ab2023,sehr weit,unter Einstieg,15,-1.404
MS,ab2023,weit,40-100,26,2.967
MSFT,bis2022,mittel,25-40,231,0.354
MSFT,bis2022,mittel,unter Einstieg,720,-0.082
MSFT,bis2022,mittel,40-100,640,0.332
MSFT,bis2022,frueh,0-10,8,0.313
MSFT,bis2022,mittel,10-25,255,0.319
MSFT,bis2022,mittel,0-10,168,-0.176
MSFT,bis2022,weit,10-25,162,0.402
MSFT,bis2022,weit,25-40,143,0.435
MSFT,bis2022,weit,40-100,404,0.866
MSFT,bis2022,weit,0-10,159,-0.076
MSFT,bis2022,sehr weit,10-25,98,-0.396
MSFT,bis2022,sehr weit,25-40,83,-0.685
MSFT,bis2022,sehr weit,40-100,284,-0.056
MSFT,bis2022,sehr weit,unter Einstieg,60,-0.515
MSFT,bis2022,frueh,25-40,7,0.523
MSFT,bis2022,frueh,unter Einstieg,21,3.532
MSFT,bis2022,frueh,40-100,28,1.172
MSFT,bis2022,sehr weit,0-10,98,-0.021
MSFT,bis2022,weit,unter Einstieg,148,0.835
MSFT,bis2022,frueh,10-25,10,0.941
MSFT,ab2023,mittel,25-40,47,-0.518
MSFT,ab2023,mittel,40-100,119,0.375
MSFT,ab2023,mittel,unter Einstieg,77,0.112
MSFT,ab2023,mittel,0-10,32,0.165
MSFT,ab2023,weit,0-10,25,0.522
MSFT,ab2023,sehr weit,0-10,21,0.685
MSFT,ab2023,sehr weit,10-25,11,1.227
MSFT,ab2023,mittel,10-25,27,-0.765
MSFT,ab2023,weit,25-40,28,0.601
MSFT,ab2023,weit,10-25,15,0.206
MSFT,ab2023,weit,40-100,36,1.157
MSFT,ab2023,sehr weit,25-40,5,2.196
MSFT,ab2023,sehr weit,unter Einstieg,8,4.715
MSFT,ab2023,sehr weit,40-100,18,3.863
MSFT,ab2023,frueh,0-10,1,1.986
MSFT,ab2023,frueh,25-40,1,1.935
MSFT,ab2023,weit,unter Einstieg,5,-1.345
MSTR,bis2022,mittel,0-10,94,-0.363
MSTR,bis2022,mittel,25-40,214,-0.147
MSTR,bis2022,mittel,40-100,714,-0.5
MSTR,bis2022,mittel,unter Einstieg,1132,-0.577
MSTR,bis2022,weit,10-25,221,-0.034
MSTR,bis2022,weit,unter Einstieg,538,0.294
MSTR,bis2022,weit,40-100,828,0.084
MSTR,bis2022,weit,25-40,192,-0.328
MSTR,bis2022,sehr weit,25-40,144,-0.106
MSTR,bis2022,sehr weit,40-100,425,-0.859
MSTR,bis2022,sehr weit,10-25,183,-0.636
MSTR,bis2022,sehr weit,0-10,183,-0.514
MSTR,bis2022,sehr weit,unter Einstieg,122,-0.379
MSTR,bis2022,mittel,10-25,238,0.111
MSTR,bis2022,weit,0-10,123,-0.003
MSTR,ab2023,mittel,40-100,158,1.402
MSTR,ab2023,weit,0-10,38,0.411
MSTR,ab2023,sehr weit,0-10,69,-0.057
MSTR,ab2023,weit,25-40,33,2.139
MSTR,ab2023,mittel,10-25,40,1.005
MSTR,ab2023,sehr weit,10-25,57,0.339
MSTR,ab2023,sehr weit,25-40,15,-0.587
MSTR,ab2023,sehr weit,40-100,53,-1.906
MSTR,ab2023,mittel,0-10,20,0.098
MSTR,ab2023,weit,40-100,166,2.075
MSTR,ab2023,weit,10-25,36,0.879
MSTR,ab2023,weit,unter Einstieg,187,2.499
MSTR,ab2023,mittel,25-40,27,0.556
MSTR,ab2023,mittel,unter Einstieg,187,0.645
MSTR,ab2023,sehr weit,unter Einstieg,25,-1.244
MTX.DE,bis2022,mittel,40-100,662,1.475
MTX.DE,bis2022,mittel,10-25,220,0.989
MTX.DE,bis2022,weit,25-40,238,0.71
MTX.DE,bis2022,weit,10-25,236,0.498
MTX.DE,bis2022,mittel,unter Einstieg,637,2.283
MTX.DE,bis2022,mittel,25-40,194,1.114
MTX.DE,bis2022,weit,0-10,202,0.463
MTX.DE,bis2022,sehr weit,0-10,235,0.396
MTX.DE,bis2022,mittel,0-10,148,1.104
MTX.DE,bis2022,sehr weit,25-40,152,0.915
MTX.DE,bis2022,sehr weit,40-100,402,2.089
MTX.DE,bis2022,sehr weit,10-25,166,0.551
MTX.DE,bis2022,weit,40-100,692,1.675
MTX.DE,bis2022,weit,unter Einstieg,287,1.674
MTX.DE,bis2022,sehr weit,unter Einstieg,131,1.186
MTX.DE,ab2023,mittel,40-100,142,1.108
MTX.DE,ab2023,mittel,unter Einstieg,33,-1.007
MTX.DE,ab2023,mittel,25-40,27,-0.369
MTX.DE,ab2023,mittel,10-25,40,1.038
MTX.DE,ab2023,mittel,0-10,18,-0.184
MTX.DE,ab2023,sehr weit,0-10,26,-0.51
MTX.DE,ab2023,weit,10-25,22,-1.377
MTX.DE,ab2023,weit,40-100,37,0.203
MTX.DE,ab2023,weit,unter Einstieg,20,-1.109
MTX.DE,ab2023,sehr weit,10-25,26,-2.313
MTX.DE,ab2023,sehr weit,25-40,14,-3.081
MTX.DE,ab2023,sehr weit,40-100,34,-2.9
MTX.DE,ab2023,sehr weit,unter Einstieg,55,-1.714
MTX.DE,ab2023,weit,0-10,34,-0.399
MTX.DE,ab2023,weit,25-40,6,-1.33
MU,bis2022,mittel,40-100,499,-0.114
MU,bis2022,mittel,unter Einstieg,777,-0.183
MU,bis2022,mittel,10-25,192,0.119
MU,bis2022,weit,40-100,400,-0.029
MU,bis2022,weit,25-40,164,-0.226
MU,bis2022,weit,0-10,181,-0.288
MU,bis2022,weit,unter Einstieg,417,-0.651
MU,bis2022,mittel,25-40,196,0.005
MU,bis2022,mittel,0-10,166,-0.056
MU,bis2022,sehr weit,25-40,73,-0.903
MU,bis2022,sehr weit,40-100,254,1.475
MU,bis2022,sehr weit,0-10,196,-0.016
MU,bis2022,weit,10-25,203,-0.118
MU,bis2022,sehr weit,10-25,139,-0.267
MU,bis2022,sehr weit,unter Einstieg,58,-0.539
MU,ab2023,mittel,10-25,29,1.397
MU,ab2023,mittel,40-100,46,1.701
MU,ab2023,weit,10-25,37,-0.626
MU,ab2023,weit,40-100,47,-0.651
MU,ab2023,weit,unter Einstieg,21,-1.15
MU,ab2023,weit,25-40,10,0.364
MU,ab2023,weit,0-10,17,1.156
MU,ab2023,sehr weit,0-10,26,0.404
MU,ab2023,mittel,unter Einstieg,14,1.861
MU,ab2023,mittel,25-40,14,1.208
MU,ab2023,sehr weit,10-25,34,-0.194
MU,ab2023,mittel,0-10,22,1.453
MU,ab2023,sehr weit,25-40,10,0.835
MU,ab2023,sehr weit,40-100,19,2.915
MUFG,bis2022,mittel,25-40,215,0.6
MUFG,bis2022,mittel,unter Einstieg,1008,0.579
MUFG,bis2022,mittel,40-100,616,0.66
MUFG,bis2022,mittel,0-10,163,0.22
MUFG,bis2022,weit,10-25,180,0.376
MUFG,bis2022,weit,0-10,168,0.35
MUFG,bis2022,sehr weit,0-10,291,0.928
MUFG,bis2022,mittel,10-25,255,0.521
MUFG,bis2022,weit,25-40,146,0.372
MUFG,bis2022,weit,40-100,388,-0.556
MUFG,bis2022,weit,unter Einstieg,464,-0.793
MUFG,bis2022,sehr weit,25-40,68,-0.412
MUFG,bis2022,sehr weit,10-25,136,0.292
MUFG,bis2022,sehr weit,40-100,195,-1.553
MUFG,bis2022,sehr weit,unter Einstieg,88,-1.311
MUFG,ab2023,mittel,0-10,22,0.463
MUFG,ab2023,weit,10-25,21,0.915
MUFG,ab2023,weit,0-10,29,0.958
MUFG,ab2023,sehr weit,0-10,57,0.15
MUFG,ab2023,sehr weit,10-25,32,-0.523
MUFG,ab2023,sehr weit,25-40,26,0.008
MUFG,ab2023,sehr weit,40-100,111,1.099
MUFG,ab2023,sehr weit,unter Einstieg,14,3.709
MUFG,ab2023,mittel,unter Einstieg,34,2.266
MUFG,ab2023,mittel,40-100,64,1.416
MUFG,ab2023,mittel,10-25,38,1.148
MUFG,ab2023,weit,40-100,13,4.95
MUFG,ab2023,mittel,25-40,22,1.517
MUFG,ab2023,weit,25-40,7,1.832
MUFG,ab2023,weit,unter Einstieg,3,7.157
MUV2.DE,bis2022,mittel,10-25,285,0.606
MUV2.DE,bis2022,mittel,40-100,601,0.548
MUV2.DE,bis2022,mittel,0-10,172,0.628
MUV2.DE,bis2022,weit,0-10,190,0.021
MUV2.DE,bis2022,weit,10-25,321,0.548
MUV2.DE,bis2022,mittel,25-40,218,0.766
MUV2.DE,bis2022,sehr weit,0-10,203,0.157
MUV2.DE,bis2022,weit,40-100,395,1.399
MUV2.DE,bis2022,weit,25-40,170,0.455
MUV2.DE,bis2022,sehr weit,10-25,122,-0.037
MUV2.DE,bis2022,sehr weit,40-100,375,2.163
MUV2.DE,bis2022,sehr weit,unter Einstieg,93,1.156
MUV2.DE,bis2022,sehr weit,25-40,85,0.641
MUV2.DE,bis2022,mittel,unter Einstieg,816,1.296
MUV2.DE,bis2022,weit,unter Einstieg,281,1.562
MUV2.DE,ab2023,mittel,10-25,42,0.497
MUV2.DE,ab2023,mittel,40-100,100,0.27
MUV2.DE,ab2023,mittel,25-40,16,1.115
MUV2.DE,ab2023,weit,0-10,44,1.123
MUV2.DE,ab2023,weit,10-25,52,0.362
MUV2.DE,ab2023,weit,25-40,42,0.244
MUV2.DE,ab2023,sehr weit,0-10,60,0.336
MUV2.DE,ab2023,mittel,0-10,37,0.898
MUV2.DE,ab2023,sehr weit,10-25,47,0.51
MUV2.DE,ab2023,sehr weit,25-40,25,0.698
MUV2.DE,ab2023,weit,40-100,87,0.673
MUV2.DE,ab2023,weit,unter Einstieg,54,2.816
MUV2.DE,ab2023,sehr weit,40-100,56,1.919
MUV2.DE,ab2023,sehr weit,unter Einstieg,73,0.311
MUV2.DE,ab2023,mittel,unter Einstieg,144,1.047
NEE,bis2022,mittel,25-40,191,1.16
NEE,bis2022,mittel,40-100,525,1.497
NEE,bis2022,mittel,unter Einstieg,329,1.877
NEE,bis2022,mittel,0-10,111,0.588
NEE,bis2022,mittel,10-25,207,0.923
NEE,bis2022,weit,10-25,208,0.7
NEE,bis2022,weit,25-40,177,1.03
NEE,bis2022,weit,40-100,396,1.773
NEE,bis2022,weit,unter Einstieg,177,3.302
NEE,bis2022,sehr weit,10-25,145,0.097
NEE,bis2022,sehr weit,25-40,75,0.335
NEE,bis2022,sehr weit,40-100,224,1.69
NEE,bis2022,sehr weit,unter Einstieg,88,2.674
NEE,bis2022,sehr weit,0-10,179,-0.25
NEE,bis2022,weit,0-10,157,0.428
NEE,ab2023,mittel,25-40,30,-1.094
NEE,ab2023,mittel,40-100,67,-1.5
NEE,ab2023,mittel,unter Einstieg,118,-1.272
NEE,ab2023,mittel,0-10,21,-1.343
NEE,ab2023,mittel,10-25,48,0.048
NEE,ab2023,weit,0-10,16,-0.774
NEE,ab2023,weit,10-25,35,-0.098
NEE,ab2023,weit,25-40,15,-0.573
NEE,ab2023,weit,40-100,68,-1.833
NEE,ab2023,sehr weit,10-25,9,0.952
NEE,ab2023,sehr weit,0-10,19,-1.206
NEE,ab2023,weit,unter Einstieg,89,-0.874
NEE,ab2023,sehr weit,40-100,59,-3.147
NEE,ab2023,sehr weit,unter Einstieg,14,-1.883
NEE,ab2023,sehr weit,25-40,5,-5.124
NEM,bis2022,mittel,40-100,534,0.439
NEM,bis2022,weit,40-100,690,0.486
NEM,bis2022,weit,25-40,226,0.357
NEM,bis2022,weit,10-25,254,0.259
NEM,bis2022,sehr weit,0-10,231,-0.033
NEM,bis2022,sehr weit,10-25,238,-0.107
NEM,bis2022,sehr weit,25-40,200,0.047
NEM,bis2022,sehr weit,40-100,411,-0.947
NEM,bis2022,sehr weit,unter Einstieg,219,0.318
NEM,bis2022,mittel,25-40,196,0.62
NEM,bis2022,weit,0-10,155,-0.252
NEM,bis2022,mittel,unter Einstieg,910,0.372
NEM,bis2022,mittel,10-25,204,0.531
NEM,bis2022,mittel,0-10,103,0.053
NEM,bis2022,weit,unter Einstieg,573,0.523
NEM,ab2023,mittel,unter Einstieg,122,-0.703
NEM,ab2023,mittel,40-100,70,0.119
NEM,ab2023,weit,10-25,34,0.362
NEM,ab2023,weit,25-40,27,1.301
NEM,ab2023,weit,40-100,89,1.215
NEM,ab2023,weit,0-10,36,0.05
NEM,ab2023,sehr weit,0-10,60,-0.194
NEM,ab2023,mittel,0-10,20,0.097
NEM,ab2023,mittel,10-25,20,0.178
NEM,ab2023,sehr weit,10-25,30,0.063
NEM,ab2023,mittel,25-40,16,-0.363
NEM,ab2023,sehr weit,40-100,46,0.676
NEM,ab2023,sehr weit,25-40,22,-0.439
NEM,ab2023,weit,unter Einstieg,32,0.256
NEM,ab2023,sehr weit,unter Einstieg,13,-0.85
NET,bis2022,frueh,25-40,6,-0.207
NET,bis2022,mittel,unter Einstieg,216,2.151
NET,bis2022,mittel,40-100,102,1.239
NET,bis2022,mittel,10-25,30,0.547
NET,bis2022,mittel,0-10,34,0.003
NET,bis2022,weit,10-25,51,0.69
NET,bis2022,weit,25-40,41,1.04
NET,bis2022,weit,40-100,142,0.835
NET,bis2022,sehr weit,25-40,17,-0.74
NET,bis2022,sehr weit,0-10,33,-0.062
NET,bis2022,sehr weit,10-25,18,-2.402
NET,bis2022,sehr weit,40-100,30,1.212
NET,bis2022,mittel,25-40,35,-0.032
NET,bis2022,weit,0-10,26,0.426
NET,bis2022,weit,unter Einstieg,55,1.708
NET,bis2022,frueh,40-100,5,-1.358
NET,bis2022,frueh,unter Einstieg,18,-0.651
NET,bis2022,frueh,10-25,2,-0.126
NET,bis2022,sehr weit,unter Einstieg,1,3.865
NET,bis2022,frueh,0-10,2,-3.637
NET,ab2023,mittel,0-10,36,0.616
NET,ab2023,weit,0-10,18,0.407
NET,ab2023,mittel,10-25,35,0.982
NET,ab2023,sehr weit,0-10,18,0.169
NET,ab2023,mittel,25-40,37,0.268
NET,ab2023,mittel,unter Einstieg,140,0.13
NET,ab2023,mittel,40-100,135,-0.103
NET,ab2023,weit,40-100,62,1.542
NET,ab2023,weit,unter Einstieg,72,0.244
NET,ab2023,weit,25-40,20,1.737
NET,ab2023,weit,10-25,16,1.498
NET,ab2023,sehr weit,10-25,16,0.59
NET,ab2023,frueh,0-10,2,-1.595
NET,ab2023,sehr weit,40-100,15,1.652
NET,ab2023,sehr weit,25-40,5,-0.2
NET,ab2023,frueh,10-25,1,-3.475
NET,ab2023,sehr weit,unter Einstieg,8,-2.155
NFLX,bis2022,mittel,10-25,173,1.01
NFLX,bis2022,mittel,unter Einstieg,669,1.782
NFLX,bis2022,mittel,40-100,580,1.148
NFLX,bis2022,mittel,25-40,176,0.416
NFLX,bis2022,mittel,0-10,132,0.411
NFLX,bis2022,weit,0-10,152,0.312
NFLX,bis2022,weit,10-25,160,0.762
NFLX,bis2022,sehr weit,0-10,165,0.01
NFLX,bis2022,weit,25-40,83,1.018
NFLX,bis2022,weit,40-100,276,1.232
NFLX,bis2022,sehr weit,10-25,93,-0.946
NFLX,bis2022,sehr weit,40-100,248,-0.152
NFLX,bis2022,sehr weit,25-40,99,0.091
NFLX,bis2022,sehr weit,unter Einstieg,83,-0.089
NFLX,bis2022,weit,unter Einstieg,217,0.186
NFLX,ab2023,mittel,40-100,55,-0.05
NFLX,ab2023,mittel,unter Einstieg,72,1.512
NFLX,ab2023,mittel,10-25,28,-1.456
NFLX,ab2023,weit,25-40,33,-1.139
NFLX,ab2023,weit,40-100,91,-2.417
NFLX,ab2023,weit,0-10,22,-0.388
NFLX,ab2023,sehr weit,0-10,51,0.429
NFLX,ab2023,sehr weit,10-25,22,1.968
NFLX,ab2023,sehr weit,25-40,6,1.909
NFLX,ab2023,weit,10-25,22,-1.946
NFLX,ab2023,sehr weit,40-100,6,3.013
NFLX,ab2023,mittel,25-40,7,2.807
NFLX,ab2023,mittel,0-10,14,0.851
NFLX,ab2023,weit,unter Einstieg,33,-1.468
NKE,bis2022,mittel,10-25,180,0.391
NKE,bis2022,mittel,40-100,419,0.753
NKE,bis2022,mittel,0-10,134,0.694
NKE,bis2022,weit,10-25,156,0.267
NKE,bis2022,weit,40-100,455,0.845
NKE,bis2022,weit,25-40,166,0.574
NKE,bis2022,weit,0-10,164,0.363
NKE,bis2022,sehr weit,0-10,238,-0.222
NKE,bis2022,mittel,25-40,124,0.677
NKE,bis2022,sehr weit,25-40,147,-0.227
NKE,bis2022,sehr weit,40-100,492,-0.54
NKE,bis2022,sehr weit,10-25,182,-1.135
NKE,bis2022,mittel,unter Einstieg,523,0.933
NKE,bis2022,sehr weit,unter Einstieg,135,1.147
NKE,bis2022,weit,unter Einstieg,285,1.722
NKE,ab2023,mittel,0-10,26,-1.116
NKE,ab2023,mittel,40-100,147,-1.241
NKE,ab2023,mittel,unter Einstieg,182,-1.156
NKE,ab2023,mittel,25-40,39,-0.64
NKE,ab2023,sehr weit,0-10,53,-0.204
NKE,ab2023,sehr weit,40-100,145,-0.176
NKE,ab2023,sehr weit,unter Einstieg,91,-0.55
NKE,ab2023,sehr weit,25-40,44,0.141
NKE,ab2023,weit,0-10,26,-0.455
NKE,ab2023,weit,unter Einstieg,126,-1.508
NKE,ab2023,weit,40-100,133,-2.059
NKE,ab2023,weit,25-40,38,-0.673
NKE,ab2023,sehr weit,10-25,27,-1.15
NKE,ab2023,mittel,10-25,54,-1.08
NKE,ab2023,weit,10-25,50,-1.751
NOW,bis2022,mittel,unter Einstieg,386,0.982
NOW,bis2022,weit,unter Einstieg,108,2.033
NOW,bis2022,mittel,0-10,143,0.39
NOW,bis2022,weit,40-100,246,1.077
NOW,bis2022,weit,25-40,105,0.338
NOW,bis2022,weit,10-25,112,0.234
NOW,bis2022,sehr weit,0-10,75,-0.038
NOW,bis2022,mittel,40-100,356,0.523
NOW,bis2022,mittel,10-25,138,0.397
NOW,bis2022,mittel,25-40,124,0.509
NOW,bis2022,weit,0-10,115,0.13
NOW,bis2022,frueh,10-25,4,1.509
NOW,bis2022,sehr weit,10-25,60,-0.135
NOW,bis2022,sehr weit,25-40,10,-1.675
NOW,bis2022,sehr weit,40-100,43,-1.939
NOW,bis2022,frueh,0-10,5,1.276
NOW,bis2022,frueh,unter Einstieg,12,4.107
NOW,bis2022,frueh,25-40,5,2.259
NOW,bis2022,frueh,40-100,9,2.757
NOW,bis2022,sehr weit,unter Einstieg,26,-1.755
NOW,ab2023,mittel,40-100,114,0.914
NOW,ab2023,mittel,0-10,21,-0.814
NOW,ab2023,sehr weit,10-25,28,0.144
NOW,ab2023,sehr weit,0-10,48,-0.098
NOW,ab2023,weit,10-25,31,-0.1
NOW,ab2023,weit,0-10,45,0.205
NOW,ab2023,mittel,25-40,50,0.435
NOW,ab2023,mittel,unter Einstieg,119,1.75
NOW,ab2023,mittel,10-25,56,-0.049
NOW,ab2023,weit,25-40,28,0.081
NOW,ab2023,frueh,0-10,2,1.513
NOW,ab2023,weit,40-100,71,-2.084
NOW,ab2023,frueh,25-40,2,2.693
NOW,ab2023,frueh,unter Einstieg,5,4.822
NOW,ab2023,frueh,40-100,2,3.203
NOW,ab2023,weit,unter Einstieg,39,-1.617
NOW,ab2023,sehr weit,40-100,33,-2.403
NOW,ab2023,sehr weit,25-40,11,-0.511
NOW,ab2023,sehr weit,unter Einstieg,10,-1.444
NVDA,bis2022,mittel,10-25,218,0.433
NVDA,bis2022,mittel,25-40,177,0.38
NVDA,bis2022,mittel,0-10,192,0.377
NVDA,bis2022,mittel,40-100,583,0.534
NVDA,bis2022,mittel,unter Einstieg,785,0.535
NVDA,bis2022,weit,0-10,187,0.053
NVDA,bis2022,weit,10-25,177,0.314
NVDA,bis2022,sehr weit,0-10,156,0.023
NVDA,bis2022,weit,25-40,144,0.592
NVDA,bis2022,weit,40-100,403,0.145
NVDA,bis2022,sehr weit,25-40,88,1.274
NVDA,bis2022,sehr weit,10-25,83,0.073
NVDA,bis2022,weit,unter Einstieg,277,0.784
NVDA,bis2022,sehr weit,40-100,250,2.625
NVDA,bis2022,sehr weit,unter Einstieg,25,2.832
NVDA,ab2023,mittel,25-40,38,-0.361
NVDA,ab2023,mittel,10-25,50,-0.299
NVDA,ab2023,mittel,0-10,48,-0.376
NVDA,ab2023,weit,0-10,36,0.447
NVDA,ab2023,sehr weit,0-10,35,-0.002
NVDA,ab2023,mittel,40-100,128,0.802
NVDA,ab2023,sehr weit,40-100,99,1.537
NVDA,ab2023,sehr weit,10-25,29,-0.044
NVDA,ab2023,sehr weit,25-40,14,-1.15
NVDA,ab2023,sehr weit,unter Einstieg,34,4.425
NVDA,ab2023,weit,40-100,84,-1.035
NVDA,ab2023,weit,10-25,42,0.072
NVDA,ab2023,mittel,unter Einstieg,249,1.73
NVDA,ab2023,weit,unter Einstieg,58,-0.78
NVDA,ab2023,weit,25-40,34,-0.237
NVO,bis2022,mittel,0-10,147,0.916
NVO,bis2022,sehr weit,0-10,203,-0.187
NVO,bis2022,weit,0-10,152,0.266
NVO,bis2022,mittel,10-25,201,0.233
NVO,bis2022,mittel,25-40,159,0.162
NVO,bis2022,mittel,40-100,342,0.407
NVO,bis2022,frueh,10-25,5,2.126
NVO,bis2022,frueh,40-100,9,1.394
NVO,bis2022,weit,10-25,159,-0.106
NVO,bis2022,weit,25-40,128,0.192
NVO,bis2022,weit,40-100,316,0.703
NVO,bis2022,sehr weit,10-25,154,0.834
NVO,bis2022,sehr weit,40-100,264,0.695
NVO,bis2022,sehr weit,unter Einstieg,54,1.906
NVO,bis2022,sehr weit,25-40,113,0.817
NVO,bis2022,mittel,unter Einstieg,402,0.88
NVO,bis2022,weit,unter Einstieg,205,0.045
NVO,bis2022,frueh,unter Einstieg,3,-0.598
NVO,bis2022,frueh,0-10,2,-0.764
NVO,ab2023,mittel,0-10,39,0.863
NVO,ab2023,weit,0-10,35,0.609
NVO,ab2023,weit,10-25,30,1.468
NVO,ab2023,mittel,25-40,62,2.047
NVO,ab2023,mittel,unter Einstieg,190,2.192
NVO,ab2023,mittel,40-100,179,2.381
NVO,ab2023,mittel,10-25,49,2.117
NVO,ab2023,weit,40-100,88,2.713
NVO,ab2023,weit,unter Einstieg,41,4.435
NVO,ab2023,sehr weit,0-10,33,0.054
NVO,ab2023,sehr weit,10-25,29,0.328
NVO,ab2023,weit,25-40,36,1.352
NVO,ab2023,sehr weit,40-100,59,5.141
NVO,ab2023,sehr weit,unter Einstieg,18,5.165
NVO,ab2023,sehr weit,25-40,14,-0.681
NVO,ab2023,frueh,10-25,1,-3.18
NVO,ab2023,frueh,25-40,2,-3.06
NVO,ab2023,frueh,40-100,1,-2.952
NVO,ab2023,frueh,0-10,1,1.23
NVS,bis2022,mittel,40-100,392,0.281
NVS,bis2022,mittel,10-25,164,0.282
NVS,bis2022,weit,10-25,231,-0.008
NVS,bis2022,weit,25-40,135,0.157
NVS,bis2022,weit,40-100,478,-0.528
NVS,bis2022,weit,unter Einstieg,443,-0.749
NVS,bis2022,sehr weit,10-25,190,0.145
NVS,bis2022,sehr weit,40-100,429,0.257
NVS,bis2022,sehr weit,unter Einstieg,176,-0.282
NVS,bis2022,sehr weit,25-40,152,0.155
NVS,bis2022,sehr weit,0-10,302,0.034
NVS,bis2022,weit,0-10,168,0.039
NVS,bis2022,mittel,25-40,140,0.566
NVS,bis2022,mittel,0-10,107,-0.189
NVS,bis2022,mittel,unter Einstieg,452,-0.119
NVS,ab2023,mittel,40-100,75,0.626
NVS,ab2023,mittel,10-25,28,1.021
NVS,ab2023,mittel,unter Einstieg,94,0.023
NVS,ab2023,mittel,25-40,15,1.769
NVS,ab2023,weit,0-10,22,-0.651
NVS,ab2023,weit,25-40,24,-0.376
NVS,ab2023,sehr weit,0-10,48,0.199
NVS,ab2023,sehr weit,40-100,38,0.352
NVS,ab2023,mittel,0-10,15,0.453
NVS,ab2023,weit,40-100,60,0.626
NVS,ab2023,sehr weit,25-40,23,1.036
NVS,ab2023,sehr weit,10-25,16,-0.429
NVS,ab2023,weit,10-25,34,0.015
NVS,ab2023,weit,unter Einstieg,56,0.555
NVS,ab2023,sehr weit,unter Einstieg,13,-1.891
NXPI,bis2022,mittel,40-100,324,0.322
NXPI,bis2022,mittel,0-10,114,0.304
NXPI,bis2022,weit,10-25,92,0.027
NXPI,bis2022,sehr weit,10-25,48,0.851
NXPI,bis2022,sehr weit,40-100,80,2.91
NXPI,bis2022,sehr weit,0-10,84,0.046
NXPI,bis2022,mittel,10-25,151,-0.319
NXPI,bis2022,weit,0-10,90,-0.039
NXPI,bis2022,mittel,25-40,97,0.491
NXPI,bis2022,mittel,unter Einstieg,329,-0.37
NXPI,bis2022,weit,25-40,73,0.76
NXPI,bis2022,weit,40-100,200,0.518
NXPI,bis2022,weit,unter Einstieg,179,0.042
NXPI,bis2022,sehr weit,25-40,61,1.649
NXPI,bis2022,sehr weit,unter Einstieg,2,4.497
NXPI,ab2023,mittel,0-10,55,-0.988
NXPI,ab2023,weit,10-25,50,0.193
NXPI,ab2023,weit,0-10,47,-0.308
NXPI,ab2023,mittel,40-100,295,-0.813
NXPI,ab2023,mittel,unter Einstieg,673,-1.141
NXPI,ab2023,mittel,25-40,78,-1.101
NXPI,ab2023,weit,40-100,203,-0.478
NXPI,ab2023,weit,unter Einstieg,263,-1.346
NXPI,ab2023,mittel,10-25,67,-1.096
NXPI,ab2023,sehr weit,0-10,49,-0.417
NXPI,ab2023,weit,25-40,42,1.463
NXPI,ab2023,sehr weit,10-25,28,1.746
NXPI,ab2023,sehr weit,25-40,17,1.581
NXPI,ab2023,sehr weit,40-100,36,-2.742
NXPI,ab2023,sehr weit,unter Einstieg,87,-1.376
ODFL,bis2022,mittel,0-10,157,0.895
ODFL,bis2022,mittel,25-40,167,0.61
ODFL,bis2022,mittel,40-100,537,0.983
ODFL,bis2022,mittel,unter Einstieg,670,1.168
ODFL,bis2022,weit,25-40,165,0.545
ODFL,bis2022,weit,40-100,473,0.796
ODFL,bis2022,weit,0-10,173,0.631
ODFL,bis2022,weit,10-25,202,0.18
ODFL,bis2022,sehr weit,10-25,260,0.807
ODFL,bis2022,sehr weit,25-40,256,1.008
ODFL,bis2022,sehr weit,40-100,744,1.464
ODFL,bis2022,sehr weit,0-10,330,-0.068
ODFL,bis2022,mittel,10-25,169,0.463
ODFL,bis2022,sehr weit,unter Einstieg,303,3.367
ODFL,bis2022,weit,unter Einstieg,437,0.972
ODFL,ab2023,mittel,10-25,31,-0.44
ODFL,ab2023,sehr weit,25-40,32,2.216
ODFL,ab2023,sehr weit,0-10,61,0.084
ODFL,ab2023,weit,10-25,45,0.225
ODFL,ab2023,weit,25-40,31,0.497
ODFL,ab2023,weit,40-100,146,1.803
ODFL,ab2023,weit,unter Einstieg,125,2.204
ODFL,ab2023,mittel,40-100,141,-0.046
ODFL,ab2023,mittel,unter Einstieg,237,-0.537
ODFL,ab2023,mittel,25-40,36,-0.054
ODFL,ab2023,weit,0-10,29,-0.689
ODFL,ab2023,mittel,0-10,27,-0.301
ODFL,ab2023,sehr weit,40-100,85,1.066
ODFL,ab2023,sehr weit,10-25,41,0.278
ODFL,ab2023,sehr weit,unter Einstieg,8,1.291
ON,bis2022,weit,10-25,138,-0.104
ON,bis2022,mittel,10-25,181,0.103
ON,bis2022,sehr weit,10-25,103,0.502
ON,bis2022,mittel,0-10,191,0.222
ON,bis2022,weit,0-10,146,0.165
ON,bis2022,weit,25-40,138,0.23
ON,bis2022,sehr weit,0-10,176,-0.138
ON,bis2022,sehr weit,40-100,328,0.721
ON,bis2022,sehr weit,unter Einstieg,202,0.387
ON,bis2022,sehr weit,25-40,106,1.037
ON,bis2022,frueh,unter Einstieg,17,1.72
ON,bis2022,frueh,40-100,20,0.103
ON,bis2022,mittel,25-40,163,0.445
ON,bis2022,mittel,40-100,439,0.53
ON,bis2022,weit,40-100,486,0.717
ON,bis2022,weit,unter Einstieg,401,0.625
ON,bis2022,mittel,unter Einstieg,753,0.875
ON,bis2022,frueh,10-25,8,0.212
ON,bis2022,frueh,0-10,7,1.134
ON,bis2022,frueh,25-40,5,-2.974
ON,ab2023,mittel,0-10,39,-0.64
ON,ab2023,weit,25-40,73,0.74
ON,ab2023,weit,10-25,81,0.047
ON,ab2023,sehr weit,10-25,50,0.826
ON,ab2023,sehr weit,40-100,189,1.278
ON,ab2023,sehr weit,25-40,58,1.438
ON,ab2023,sehr weit,0-10,51,-0.352
ON,ab2023,weit,40-100,350,-0.247
ON,ab2023,weit,unter Einstieg,259,0.273
ON,ab2023,mittel,40-100,299,-0.118
ON,ab2023,mittel,25-40,79,-0.388
ON,ab2023,weit,0-10,32,0.165
ON,ab2023,mittel,10-25,72,0.147
ON,ab2023,mittel,unter Einstieg,576,-1.027
ON,ab2023,sehr weit,unter Einstieg,192,1.71
ON,ab2023,frueh,0-10,1,-3.317
ON,ab2023,frueh,40-100,9,0.603
ON,ab2023,frueh,unter Einstieg,21,1.734
ON,ab2023,frueh,10-25,1,3.559
ORCL,bis2022,mittel,40-100,541,0.678
ORCL,bis2022,mittel,25-40,190,0.323
ORCL,bis2022,weit,0-10,182,0.088
ORCL,bis2022,weit,10-25,259,0.087
ORCL,bis2022,weit,40-100,507,0.496
ORCL,bis2022,weit,unter Einstieg,303,0.587
ORCL,bis2022,weit,25-40,188,-0.253
ORCL,bis2022,mittel,unter Einstieg,520,1.721
ORCL,bis2022,sehr weit,10-25,233,0.554
ORCL,bis2022,mittel,10-25,210,0.006
ORCL,bis2022,mittel,0-10,159,0.166
ORCL,bis2022,sehr weit,0-10,247,-0.268
ORCL,bis2022,sehr weit,25-40,167,1.113
ORCL,bis2022,sehr weit,40-100,384,1.615
ORCL,bis2022,sehr weit,unter Einstieg,87,1.261
ORCL,ab2023,weit,25-40,18,2.733
ORCL,ab2023,weit,40-100,37,1.738
ORCL,ab2023,weit,0-10,23,0.304
ORCL,ab2023,sehr weit,10-25,41,0.471
ORCL,ab2023,sehr weit,40-100,77,2.265
ORCL,ab2023,sehr weit,unter Einstieg,62,3.914
ORCL,ab2023,mittel,0-10,38,1.41
ORCL,ab2023,weit,10-25,21,0.836
ORCL,ab2023,sehr weit,25-40,16,1.966
ORCL,ab2023,sehr weit,0-10,61,1.172
ORCL,ab2023,mittel,10-25,38,0.208
ORCL,ab2023,mittel,25-40,24,0.227
ORCL,ab2023,mittel,40-100,76,1.315
ORCL,ab2023,mittel,unter Einstieg,96,1.247
ORCL,ab2023,weit,unter Einstieg,75,0.569
ORLY,bis2022,mittel,0-10,89,0.376
ORLY,bis2022,weit,10-25,208,0.852
ORLY,bis2022,weit,25-40,180,1.038
ORLY,bis2022,weit,40-100,485,1.169
ORLY,bis2022,weit,0-10,125,0.308
ORLY,bis2022,sehr weit,0-10,211,-0.032
ORLY,bis2022,mittel,10-25,122,0.768
ORLY,bis2022,mittel,25-40,103,0.254
ORLY,bis2022,mittel,40-100,451,0.775
ORLY,bis2022,weit,unter Einstieg,300,1.819
ORLY,bis2022,mittel,unter Einstieg,452,1.429
ORLY,bis2022,sehr weit,25-40,122,0.679
ORLY,bis2022,sehr weit,40-100,485,-0.439
ORLY,bis2022,sehr weit,unter Einstieg,298,-1.304
ORLY,bis2022,sehr weit,10-25,181,0.439
ORLY,ab2023,mittel,40-100,71,1.169
ORLY,ab2023,mittel,unter Einstieg,125,1.76
ORLY,ab2023,mittel,25-40,18,0.572
ORLY,ab2023,mittel,10-25,19,-0.024
ORLY,ab2023,weit,10-25,23,-0.016
ORLY,ab2023,sehr weit,25-40,16,1.285
ORLY,ab2023,sehr weit,0-10,70,-0.22
ORLY,ab2023,sehr weit,40-100,40,-2.924
ORLY,ab2023,weit,40-100,89,-2.751
ORLY,ab2023,weit,0-10,16,-0.478
ORLY,ab2023,mittel,0-10,10,1.58
ORLY,ab2023,weit,25-40,18,0.242
ORLY,ab2023,weit,unter Einstieg,90,-2.028
ORLY,ab2023,sehr weit,10-25,25,0.951
ORLY,ab2023,sehr weit,unter Einstieg,68,-1.823
P911.DE,bis2022,mittel,40-100,1,-3.412
P911.DE,bis2022,mittel,unter Einstieg,2,-1.931
P911.DE,bis2022,mittel,0-10,1,1.359
P911.DE,bis2022,weit,0-10,2,0.783
P911.DE,bis2022,sehr weit,0-10,1,0.0
P911.DE,ab2023,mittel,0-10,24,-0.098
P911.DE,ab2023,weit,0-10,24,-0.546
P911.DE,ab2023,sehr weit,0-10,37,-0.628
P911.DE,ab2023,mittel,10-25,71,-0.455
P911.DE,ab2023,sehr weit,10-25,43,-0.943
P911.DE,ab2023,mittel,40-100,197,-1.489
P911.DE,ab2023,mittel,unter Einstieg,207,-1.346
P911.DE,ab2023,mittel,25-40,55,-1.387
P911.DE,ab2023,weit,25-40,61,-3.33
P911.DE,ab2023,weit,40-100,163,-2.919
P911.DE,ab2023,weit,10-25,42,-0.968
P911.DE,ab2023,sehr weit,25-40,65,-1.858
P911.DE,ab2023,sehr weit,40-100,146,-2.218
P911.DE,ab2023,sehr weit,unter Einstieg,62,-1.745
P911.DE,ab2023,weit,unter Einstieg,228,-1.558
PAH3.DE,bis2022,mittel,40-100,429,1.376
PAH3.DE,bis2022,mittel,unter Einstieg,531,1.875
PAH3.DE,bis2022,weit,10-25,160,0.915
PAH3.DE,bis2022,weit,25-40,108,0.696
PAH3.DE,bis2022,sehr weit,25-40,119,1.703
PAH3.DE,bis2022,sehr weit,40-100,510,4.248
PAH3.DE,bis2022,sehr weit,0-10,341,3.147
PAH3.DE,bis2022,sehr weit,10-25,128,2.018
PAH3.DE,bis2022,mittel,25-40,167,1.213
PAH3.DE,bis2022,mittel,10-25,217,0.831
PAH3.DE,bis2022,mittel,0-10,71,1.381
PAH3.DE,bis2022,weit,0-10,124,0.556
PAH3.DE,bis2022,weit,40-100,308,0.156
PAH3.DE,bis2022,weit,unter Einstieg,256,0.656
PAH3.DE,bis2022,sehr weit,unter Einstieg,137,1.518
PAH3.DE,ab2023,mittel,10-25,47,-0.366
PAH3.DE,ab2023,mittel,0-10,22,0.703
PAH3.DE,ab2023,weit,25-40,28,1.267
PAH3.DE,ab2023,weit,10-25,54,0.954
PAH3.DE,ab2023,sehr weit,10-25,62,1.214
PAH3.DE,ab2023,sehr weit,25-40,41,2.087
PAH3.DE,ab2023,sehr weit,40-100,81,2.119
PAH3.DE,ab2023,sehr weit,0-10,39,0.663
PAH3.DE,ab2023,mittel,40-100,167,-0.684
PAH3.DE,ab2023,mittel,25-40,53,-0.612
PAH3.DE,ab2023,weit,0-10,13,0.673
PAH3.DE,ab2023,mittel,unter Einstieg,166,-0.656
PAH3.DE,ab2023,weit,40-100,93,-0.652
PAH3.DE,ab2023,weit,unter Einstieg,64,-1.656
PAH3.DE,ab2023,sehr weit,unter Einstieg,3,-1.616
PANW,bis2022,mittel,0-10,66,0.59
PANW,bis2022,mittel,10-25,108,0.383
PANW,bis2022,mittel,unter Einstieg,313,1.673
PANW,bis2022,mittel,40-100,307,1.402
PANW,bis2022,weit,25-40,53,0.395
PANW,bis2022,weit,unter Einstieg,98,1.003
PANW,bis2022,mittel,25-40,86,1.434
PANW,bis2022,weit,10-25,69,0.321
PANW,bis2022,weit,40-100,138,0.736
PANW,bis2022,weit,0-10,76,-0.084
PANW,bis2022,sehr weit,40-100,69,1.418
PANW,bis2022,sehr weit,0-10,51,-0.279
PANW,bis2022,sehr weit,25-40,33,-0.091
PANW,bis2022,sehr weit,unter Einstieg,11,1.162
PANW,bis2022,sehr weit,10-25,56,0.324
PANW,ab2023,mittel,0-10,40,-0.75
PANW,ab2023,weit,25-40,18,0.252
PANW,ab2023,weit,40-100,95,0.185
PANW,ab2023,weit,0-10,29,0.298
PANW,ab2023,sehr weit,0-10,56,0.418
PANW,ab2023,mittel,10-25,32,0.696
PANW,ab2023,mittel,25-40,26,0.718
PANW,ab2023,mittel,40-100,72,-1.056
PANW,ab2023,mittel,unter Einstieg,118,-0.868
PANW,ab2023,sehr weit,10-25,32,0.817
PANW,ab2023,sehr weit,25-40,22,1.584
PANW,ab2023,sehr weit,40-100,66,2.695
PANW,ab2023,weit,10-25,28,0.652
PANW,ab2023,weit,unter Einstieg,67,-0.237
PANW,ab2023,sehr weit,unter Einstieg,1,3.969
PAYX,bis2022,mittel,0-10,171,0.078
PAYX,bis2022,mittel,10-25,143,0.301
PAYX,bis2022,weit,0-10,224,-0.032
PAYX,bis2022,weit,25-40,182,0.342
PAYX,bis2022,weit,10-25,233,-0.03
PAYX,bis2022,sehr weit,0-10,316,0.317
PAYX,bis2022,mittel,25-40,129,0.918
PAYX,bis2022,mittel,40-100,415,0.631
PAYX,bis2022,mittel,unter Einstieg,517,0.711
PAYX,bis2022,weit,40-100,652,0.141
PAYX,bis2022,weit,unter Einstieg,630,0.669
PAYX,bis2022,sehr weit,40-100,451,0.136
PAYX,bis2022,sehr weit,unter Einstieg,332,0.756
PAYX,bis2022,sehr weit,25-40,135,0.633
PAYX,bis2022,sehr weit,10-25,175,0.341
PAYX,ab2023,weit,10-25,16,-1.235
PAYX,ab2023,sehr weit,40-100,51,-1.444
PAYX,ab2023,sehr weit,unter Einstieg,96,0.272
PAYX,ab2023,mittel,10-25,18,-2.278
PAYX,ab2023,mittel,40-100,85,0.104
PAYX,ab2023,mittel,25-40,13,-0.802
PAYX,ab2023,mittel,unter Einstieg,103,-0.558
PAYX,ab2023,sehr weit,10-25,29,-2.06
PAYX,ab2023,mittel,0-10,15,-0.834
PAYX,ab2023,sehr weit,25-40,27,-2.369
PAYX,ab2023,sehr weit,0-10,25,-0.756
PAYX,ab2023,weit,40-100,36,-0.772
PAYX,ab2023,weit,25-40,14,-0.334
PAYX,ab2023,weit,0-10,21,-1.095
PAYX,ab2023,weit,unter Einstieg,85,-1.591
PBR,bis2022,mittel,0-10,124,0.061
PBR,bis2022,mittel,40-100,568,-0.263
PBR,bis2022,mittel,25-40,203,-0.244
PBR,bis2022,mittel,10-25,232,-0.273
PBR,bis2022,mittel,unter Einstieg,926,-0.065
PBR,bis2022,weit,10-25,209,-0.121
PBR,bis2022,weit,0-10,170,0.303
PBR,bis2022,weit,40-100,613,0.178
PBR,bis2022,weit,25-40,188,0.04
PBR,bis2022,sehr weit,0-10,167,-0.03
PBR,bis2022,sehr weit,10-25,85,-0.731
PBR,bis2022,sehr weit,25-40,64,-0.351
PBR,bis2022,sehr weit,40-100,219,-0.342
PBR,bis2022,weit,unter Einstieg,514,0.654
PBR,bis2022,sehr weit,unter Einstieg,126,1.557
PBR,ab2023,mittel,10-25,25,1.029
PBR,ab2023,mittel,0-10,24,0.562
PBR,ab2023,weit,0-10,28,-0.038
PBR,ab2023,sehr weit,0-10,27,-0.08
PBR,ab2023,weit,40-100,39,1.394
PBR,ab2023,weit,10-25,32,-0.034
PBR,ab2023,sehr weit,10-25,16,0.322
PBR,ab2023,mittel,25-40,12,0.602
PBR,ab2023,mittel,40-100,13,-0.848
PBR,ab2023,mittel,unter Einstieg,9,-1.261
PBR,ab2023,weit,25-40,23,1.318
PBR,ab2023,sehr weit,25-40,9,1.062
PBR,ab2023,sehr weit,40-100,2,1.619
PBR,ab2023,weit,unter Einstieg,18,1.352
PCAR,bis2022,mittel,10-25,189,0.04
PCAR,bis2022,mittel,0-10,106,-0.155
PCAR,bis2022,sehr weit,10-25,305,0.143
PCAR,bis2022,sehr weit,0-10,373,-0.121
PCAR,bis2022,weit,0-10,163,-0.361
PCAR,bis2022,weit,10-25,215,0.265
PCAR,bis2022,sehr weit,25-40,190,-0.516
PCAR,bis2022,sehr weit,40-100,646,-0.586
PCAR,bis2022,sehr weit,unter Einstieg,381,-0.435
PCAR,bis2022,weit,25-40,160,-0.303
PCAR,bis2022,weit,40-100,570,-0.183
PCAR,bis2022,mittel,40-100,361,0.262
PCAR,bis2022,mittel,25-40,141,0.527
PCAR,bis2022,weit,unter Einstieg,746,-0.241
PCAR,bis2022,mittel,unter Einstieg,604,-0.183
PCAR,ab2023,mittel,10-25,27,0.945
PCAR,ab2023,mittel,40-100,82,-1.272
PCAR,ab2023,mittel,0-10,21,1.405
PCAR,ab2023,weit,10-25,27,0.629
PCAR,ab2023,weit,0-10,28,-0.196
PCAR,ab2023,sehr weit,25-40,55,-0.787
PCAR,ab2023,sehr weit,40-100,152,-0.61
PCAR,ab2023,sehr weit,unter Einstieg,41,-1.148
PCAR,ab2023,sehr weit,10-25,50,-0.474
PCAR,ab2023,sehr weit,0-10,67,-0.023
PCAR,ab2023,mittel,25-40,23,-1.063
PCAR,ab2023,weit,25-40,29,0.796
PCAR,ab2023,weit,unter Einstieg,60,-0.757
PCAR,ab2023,weit,40-100,61,0.3
PCAR,ab2023,mittel,unter Einstieg,87,-1.199
PDD,bis2022,mittel,25-40,57,-0.074
PDD,bis2022,mittel,40-100,240,0.24
PDD,bis2022,mittel,unter Einstieg,409,0.643
PDD,bis2022,weit,10-25,53,-0.878
PDD,bis2022,weit,0-10,30,-0.601
PDD,bis2022,mittel,10-25,66,0.005
PDD,bis2022,weit,40-100,270,-1.426
PDD,bis2022,weit,unter Einstieg,222,-1.634
PDD,bis2022,weit,25-40,57,-0.376
PDD,bis2022,sehr weit,10-25,32,0.085
PDD,bis2022,sehr weit,0-10,32,-0.213
PDD,bis2022,sehr weit,25-40,42,0.05
PDD,bis2022,sehr weit,40-100,114,-2.005
PDD,bis2022,mittel,0-10,26,-1.483
PDD,bis2022,sehr weit,unter Einstieg,57,-1.741
PDD,ab2023,mittel,25-40,58,-0.84
PDD,ab2023,mittel,40-100,183,-1.066
PDD,ab2023,mittel,10-25,66,0.04
PDD,ab2023,mittel,unter Einstieg,423,-0.93
PDD,ab2023,weit,0-10,29,0.703
PDD,ab2023,weit,10-25,29,0.283
PDD,ab2023,weit,25-40,31,-2.425
PDD,ab2023,weit,unter Einstieg,186,-0.555
PDD,ab2023,weit,40-100,176,-0.627
PDD,ab2023,sehr weit,10-25,115,1.161
PDD,ab2023,sehr weit,25-40,84,0.997
PDD,ab2023,sehr weit,40-100,165,1.552
PDD,ab2023,sehr weit,unter Einstieg,103,1.826
PDD,ab2023,mittel,0-10,29,-0.332
PDD,ab2023,sehr weit,0-10,85,0.51
PEP,bis2022,mittel,25-40,159,0.753
PEP,bis2022,mittel,40-100,503,0.962
PEP,bis2022,mittel,unter Einstieg,497,-0.04
PEP,bis2022,weit,10-25,215,0.057
PEP,bis2022,sehr weit,0-10,234,-0.267
PEP,bis2022,weit,0-10,173,0.098
PEP,bis2022,weit,25-40,171,0.088
PEP,bis2022,weit,40-100,520,0.785
PEP,bis2022,weit,unter Einstieg,332,1.172
PEP,bis2022,sehr weit,25-40,146,-0.056
PEP,bis2022,sehr weit,40-100,355,1.384
PEP,bis2022,mittel,0-10,109,0.232
PEP,bis2022,mittel,10-25,201,0.768
PEP,bis2022,sehr weit,10-25,170,-0.082
PEP,bis2022,sehr weit,unter Einstieg,162,1.234
PEP,ab2023,mittel,unter Einstieg,86,1.544
PEP,ab2023,weit,40-100,110,0.036
PEP,ab2023,weit,0-10,58,0.381
PEP,ab2023,sehr weit,0-10,91,-0.119
PEP,ab2023,sehr weit,25-40,90,0.439
PEP,ab2023,sehr weit,10-25,78,0.057
PEP,ab2023,sehr weit,40-100,210,0.133
PEP,ab2023,weit,25-40,42,0.045
PEP,ab2023,weit,10-25,59,-0.478
PEP,ab2023,mittel,25-40,40,1.303
PEP,ab2023,mittel,40-100,93,1.041
PEP,ab2023,mittel,10-25,44,0.756
PEP,ab2023,mittel,0-10,36,1.101
PEP,ab2023,sehr weit,unter Einstieg,94,0.937
PEP,ab2023,weit,unter Einstieg,47,-0.415
PFE,bis2022,mittel,40-100,514,0.928
PFE,bis2022,mittel,0-10,87,0.471
PFE,bis2022,weit,10-25,188,0.556
PFE,bis2022,weit,0-10,136,0.271
PFE,bis2022,mittel,10-25,203,0.468
PFE,bis2022,mittel,25-40,200,0.671
PFE,bis2022,mittel,unter Einstieg,507,0.865
PFE,bis2022,weit,25-40,174,0.776
PFE,bis2022,weit,40-100,384,1.475
PFE,bis2022,weit,unter Einstieg,311,0.907
PFE,bis2022,sehr weit,0-10,170,-0.224
PFE,bis2022,sehr weit,10-25,184,-0.019
PFE,bis2022,sehr weit,40-100,254,1.014
PFE,bis2022,sehr weit,unter Einstieg,38,-0.011
PFE,bis2022,sehr weit,25-40,116,0.837
PFE,ab2023,mittel,10-25,36,-0.62
PFE,ab2023,mittel,unter Einstieg,176,-0.471
PFE,ab2023,mittel,40-100,119,-1.159
PFE,ab2023,weit,40-100,121,-0.535
PFE,ab2023,weit,25-40,44,-1.029
PFE,ab2023,weit,unter Einstieg,72,-1.293
PFE,ab2023,weit,0-10,31,-0.446
PFE,ab2023,weit,10-25,46,-0.116
PFE,ab2023,sehr weit,0-10,35,-0.892
PFE,ab2023,sehr weit,25-40,50,-0.722
PFE,ab2023,sehr weit,10-25,35,-1.738
PFE,ab2023,mittel,25-40,26,-0.76
PFE,ab2023,sehr weit,40-100,225,-0.424
PFE,ab2023,sehr weit,unter Einstieg,49,-1.397
PFE,ab2023,mittel,0-10,21,-1.26
PG,bis2022,mittel,40-100,496,0.431
PG,bis2022,mittel,10-25,190,0.476
PG,bis2022,weit,25-40,158,0.834
PG,bis2022,weit,40-100,423,1.343
PG,bis2022,weit,10-25,189,0.837
PG,bis2022,weit,0-10,154,0.387
PG,bis2022,mittel,25-40,149,0.502
PG,bis2022,mittel,unter Einstieg,466,-0.772
PG,bis2022,mittel,0-10,107,0.311
PG,bis2022,sehr weit,10-25,174,1.771
PG,bis2022,sehr weit,unter Einstieg,104,3.881
PG,bis2022,weit,unter Einstieg,140,1.96
PG,bis2022,sehr weit,0-10,257,0.427
PG,bis2022,sehr weit,40-100,414,3.66
PG,bis2022,sehr weit,25-40,184,3.378
PG,ab2023,mittel,0-10,23,-0.31
PG,ab2023,mittel,25-40,30,-0.632
PG,ab2023,mittel,40-100,57,-1.253
PG,ab2023,weit,0-10,29,-0.01
PG,ab2023,weit,25-40,26,-1.724
PG,ab2023,weit,10-25,34,-0.107
PG,ab2023,mittel,unter Einstieg,84,-0.503
PG,ab2023,weit,40-100,55,-1.112
PG,ab2023,sehr weit,0-10,32,-0.226
PG,ab2023,mittel,10-25,35,-0.054
PG,ab2023,sehr weit,10-25,57,-0.849
PG,ab2023,sehr weit,40-100,155,-0.371
PG,ab2023,sehr weit,25-40,57,-0.442
PG,ab2023,weit,unter Einstieg,28,-0.3
PG,ab2023,sehr weit,unter Einstieg,100,-0.843
PGR,bis2022,mittel,0-10,176,0.257
PGR,bis2022,weit,40-100,655,0.292
PGR,bis2022,weit,10-25,144,0.038
PGR,bis2022,sehr weit,10-25,118,-0.426
PGR,bis2022,sehr weit,0-10,229,-0.004
PGR,bis2022,sehr weit,25-40,79,-1.086
PGR,bis2022,mittel,40-100,574,0.733
PGR,bis2022,mittel,unter Einstieg,742,1.199
PGR,bis2022,mittel,25-40,125,0.121
PGR,bis2022,weit,25-40,174,-0.228
PGR,bis2022,sehr weit,40-100,257,-2.746
PGR,bis2022,sehr weit,unter Einstieg,93,-1.493
PGR,bis2022,mittel,10-25,127,0.111
PGR,bis2022,weit,0-10,190,-0.086
PGR,bis2022,weit,unter Einstieg,521,-0.035
PGR,ab2023,sehr weit,0-10,43,0.193
PGR,ab2023,weit,0-10,31,1.052
PGR,ab2023,mittel,10-25,29,0.62
PGR,ab2023,sehr weit,10-25,26,0.857
PGR,ab2023,mittel,25-40,33,-1.228
PGR,ab2023,mittel,40-100,101,-0.602
PGR,ab2023,mittel,unter Einstieg,455,-0.105
PGR,ab2023,weit,10-25,34,0.045
PGR,ab2023,weit,25-40,26,0.659
PGR,ab2023,weit,40-100,143,2.104
PGR,ab2023,weit,unter Einstieg,214,2.963
PGR,ab2023,sehr weit,40-100,166,0.79
PGR,ab2023,sehr weit,25-40,21,2.194
PGR,ab2023,sehr weit,unter Einstieg,20,-0.477
PGR,ab2023,mittel,0-10,32,-0.085
PH,bis2022,sehr weit,40-100,257,-0.856
PH,bis2022,sehr weit,25-40,109,-0.776
PH,bis2022,sehr weit,0-10,217,-0.337
PH,bis2022,mittel,10-25,214,-0.104
PH,bis2022,mittel,25-40,150,-0.143
PH,bis2022,mittel,0-10,163,-0.076
PH,bis2022,weit,0-10,149,0.054
PH,bis2022,mittel,unter Einstieg,671,-0.149
PH,bis2022,mittel,40-100,450,0.27
PH,bis2022,weit,25-40,97,-0.043
PH,bis2022,weit,40-100,431,-1.143
PH,bis2022,weit,10-25,129,0.056
PH,bis2022,weit,unter Einstieg,535,-0.721
PH,bis2022,sehr weit,10-25,102,-0.061
PH,bis2022,sehr weit,unter Einstieg,183,0.26
PH,ab2023,mittel,10-25,11,0.967
PH,ab2023,weit,40-100,30,-0.141
PH,ab2023,weit,25-40,13,0.65
PH,ab2023,weit,0-10,13,-0.053
PH,ab2023,mittel,40-100,78,1.219
PH,ab2023,mittel,25-40,13,1.058
PH,ab2023,mittel,0-10,15,-1.448
PH,ab2023,mittel,unter Einstieg,86,1.655
PH,ab2023,weit,unter Einstieg,50,2.435
PH,ab2023,weit,10-25,10,-0.015
PH,ab2023,sehr weit,40-100,2,1.809
PH,ab2023,sehr weit,25-40,4,1.706
PH,ab2023,sehr weit,10-25,8,0.766
PH,ab2023,sehr weit,0-10,10,0.04
PLD,bis2022,mittel,0-10,230,0.238
PLD,bis2022,sehr weit,10-25,99,0.149
PLD,bis2022,mittel,10-25,220,0.495
PLD,bis2022,mittel,40-100,575,1.418
PLD,bis2022,mittel,25-40,204,1.247
PLD,bis2022,mittel,unter Einstieg,674,1.756
PLD,bis2022,weit,10-25,214,0.447
PLD,bis2022,weit,25-40,136,0.898
PLD,bis2022,weit,0-10,249,0.03
PLD,bis2022,weit,40-100,403,0.781
PLD,bis2022,sehr weit,0-10,239,-0.067
PLD,bis2022,sehr weit,25-40,66,-0.176
PLD,bis2022,sehr weit,40-100,173,-2.029
PLD,bis2022,sehr weit,unter Einstieg,117,-1.671
PLD,bis2022,weit,unter Einstieg,252,-0.32
PLD,ab2023,mittel,0-10,28,-1.026
PLD,ab2023,mittel,10-25,35,0.194
PLD,ab2023,mittel,40-100,91,-1.039
PLD,ab2023,mittel,unter Einstieg,88,-1.218
PLD,ab2023,weit,0-10,22,-0.795
PLD,ab2023,weit,25-40,43,-0.063
PLD,ab2023,weit,10-25,47,-0.106
PLD,ab2023,weit,40-100,78,0.182
PLD,ab2023,sehr weit,0-10,15,-2.674
PLD,ab2023,sehr weit,40-100,173,-1.207
PLD,ab2023,sehr weit,25-40,24,-0.318
PLD,ab2023,sehr weit,10-25,34,-0.418
PLD,ab2023,sehr weit,unter Einstieg,50,0.732
PLD,ab2023,mittel,25-40,24,-0.855
PLD,ab2023,weit,unter Einstieg,18,-0.58
PLTR,bis2022,mittel,10-25,37,-0.612
PLTR,bis2022,mittel,40-100,125,-0.265
PLTR,bis2022,mittel,unter Einstieg,163,-0.618
PLTR,bis2022,frueh,10-25,1,-3.381
PLTR,bis2022,frueh,40-100,6,-2.836
PLTR,bis2022,frueh,unter Einstieg,42,-1.789
PLTR,bis2022,frueh,0-10,5,-0.87
PLTR,bis2022,mittel,0-10,34,-0.511
PLTR,bis2022,weit,40-100,105,-1.516
PLTR,bis2022,weit,unter Einstieg,77,-1.436
PLTR,bis2022,mittel,25-40,38,0.068
PLTR,bis2022,weit,0-10,18,-0.71
PLTR,bis2022,weit,10-25,26,-1.405
PLTR,bis2022,sehr weit,10-25,10,-1.15
PLTR,bis2022,weit,25-40,22,-0.388
PLTR,bis2022,sehr weit,25-40,11,-1.5
PLTR,bis2022,frueh,25-40,1,-3.346
PLTR,bis2022,sehr weit,0-10,9,-4.306
PLTR,bis2022,sehr weit,40-100,24,-3.27
PLTR,bis2022,sehr weit,unter Einstieg,40,-0.966
PLTR,ab2023,frueh,40-100,10,0.634
PLTR,ab2023,frueh,unter Einstieg,19,1.39
PLTR,ab2023,frueh,10-25,1,0.585
PLTR,ab2023,mittel,40-100,100,3.191
PLTR,ab2023,mittel,25-40,29,4.227
PLTR,ab2023,mittel,10-25,34,2.065
PLTR,ab2023,weit,10-25,12,1.706
PLTR,ab2023,weit,40-100,38,4.793
PLTR,ab2023,weit,25-40,4,2.002
PLTR,ab2023,weit,unter Einstieg,86,6.111
PLTR,ab2023,sehr weit,0-10,51,0.775
PLTR,ab2023,sehr weit,10-25,2,0.207
PLTR,ab2023,mittel,unter Einstieg,97,5.022
PLTR,ab2023,mittel,0-10,32,0.72
PLTR,ab2023,frueh,0-10,3,3.69
PLTR,ab2023,weit,0-10,23,0.259
PLTR,ab2023,sehr weit,25-40,3,11.582
PLTR,ab2023,sehr weit,40-100,54,7.581
PLTR,ab2023,sehr weit,unter Einstieg,60,5.283
PM,bis2022,mittel,25-40,142,0.566
PM,bis2022,mittel,40-100,422,0.482
PM,bis2022,mittel,unter Einstieg,485,0.201
PM,bis2022,mittel,10-25,141,0.474
PM,bis2022,weit,40-100,328,-0.949
PM,bis2022,weit,unter Einstieg,271,-1.848
PM,bis2022,weit,25-40,128,0.352
PM,bis2022,mittel,0-10,160,-0.083
PM,bis2022,weit,10-25,190,0.063
PM,bis2022,weit,0-10,154,-0.015
PM,bis2022,sehr weit,10-25,86,0.319
PM,bis2022,sehr weit,25-40,53,1.4
PM,bis2022,sehr weit,0-10,156,-0.082
PM,bis2022,sehr weit,40-100,102,0.08
PM,bis2022,sehr weit,unter Einstieg,12,-1.73
PM,ab2023,mittel,10-25,38,0.638
PM,ab2023,mittel,unter Einstieg,121,1.513
PM,ab2023,mittel,0-10,31,0.37
PM,ab2023,mittel,25-40,23,0.732
PM,ab2023,mittel,40-100,70,1.397
PM,ab2023,weit,40-100,71,-2.081
PM,ab2023,weit,25-40,20,-1.598
PM,ab2023,weit,10-25,27,-1.37
PM,ab2023,weit,0-10,41,-0.206
PM,ab2023,sehr weit,10-25,10,-2.769
PM,ab2023,sehr weit,25-40,2,0.748
PM,ab2023,sehr weit,0-10,71,-0.878
PM,ab2023,weit,unter Einstieg,53,-1.932
PM,ab2023,sehr weit,40-100,12,-3.65
PM,ab2023,sehr weit,unter Einstieg,8,-1.178
PSX,bis2022,weit,10-25,120,0.605
PSX,bis2022,sehr weit,10-25,141,0.417
PSX,bis2022,sehr weit,40-100,154,1.009
PSX,bis2022,sehr weit,0-10,269,0.457
PSX,bis2022,mittel,10-25,105,0.626
PSX,bis2022,weit,40-100,297,1.384
PSX,bis2022,weit,25-40,120,0.69
PSX,bis2022,weit,0-10,125,0.447
PSX,bis2022,mittel,25-40,97,0.72
PSX,bis2022,mittel,40-100,353,0.628
PSX,bis2022,weit,unter Einstieg,174,0.065
PSX,bis2022,sehr weit,25-40,91,1.065
PSX,bis2022,mittel,unter Einstieg,477,0.568
PSX,bis2022,mittel,0-10,98,0.032
PSX,bis2022,sehr weit,unter Einstieg,59,-0.104
PSX,ab2023,weit,10-25,47,0.659
PSX,ab2023,weit,40-100,110,1.406
PSX,ab2023,weit,0-10,44,0.195
PSX,ab2023,sehr weit,10-25,57,0.299
PSX,ab2023,sehr weit,0-10,67,-0.051
PSX,ab2023,mittel,0-10,27,0.667
PSX,ab2023,weit,25-40,29,0.016
PSX,ab2023,sehr weit,25-40,59,0.586
PSX,ab2023,sehr weit,40-100,154,1.642
PSX,ab2023,sehr weit,unter Einstieg,97,1.538
PSX,ab2023,weit,unter Einstieg,55,2.269
PSX,ab2023,mittel,10-25,44,0.251
PSX,ab2023,mittel,25-40,38,0.882
PSX,ab2023,mittel,40-100,116,-0.201
PSX,ab2023,mittel,unter Einstieg,121,-0.524
PYPL,bis2022,mittel,unter Einstieg,312,1.444
PYPL,bis2022,mittel,40-100,312,0.1
PYPL,bis2022,mittel,10-25,114,0.135
PYPL,bis2022,mittel,25-40,114,0.152
PYPL,bis2022,mittel,0-10,101,-0.147
PYPL,bis2022,weit,10-25,71,-0.091
PYPL,bis2022,sehr weit,10-25,58,1.231
PYPL,bis2022,weit,0-10,68,0.299
PYPL,bis2022,weit,25-40,63,-0.031
PYPL,bis2022,weit,40-100,145,0.1
PYPL,bis2022,weit,unter Einstieg,111,0.061
PYPL,bis2022,sehr weit,0-10,84,0.607
PYPL,bis2022,sehr weit,40-100,99,2.448
PYPL,bis2022,sehr weit,unter Einstieg,19,2.386
PYPL,bis2022,sehr weit,25-40,48,1.899
PYPL,ab2023,mittel,40-100,130,0.1
PYPL,ab2023,mittel,unter Einstieg,159,-0.895
PYPL,ab2023,mittel,10-25,54,0.648
PYPL,ab2023,weit,40-100,125,-0.168
PYPL,ab2023,weit,unter Einstieg,69,-0.083
PYPL,ab2023,weit,25-40,22,1.038
PYPL,ab2023,mittel,0-10,28,0.544
PYPL,ab2023,mittel,25-40,41,0.518
PYPL,ab2023,weit,0-10,28,0.444
PYPL,ab2023,weit,10-25,25,0.819
PYPL,ab2023,sehr weit,0-10,32,0.086
PYPL,ab2023,sehr weit,25-40,27,1.231
PYPL,ab2023,sehr weit,40-100,124,1.213
PYPL,ab2023,sehr weit,unter Einstieg,59,1.007
PYPL,ab2023,sehr weit,10-25,56,-0.436
QCOM,bis2022,mittel,10-25,225,0.022
QCOM,bis2022,mittel,40-100,460,0.292
QCOM,bis2022,mittel,0-10,182,0.368
QCOM,bis2022,weit,10-25,179,0.72
QCOM,bis2022,weit,25-40,137,0.827
QCOM,bis2022,weit,40-100,380,0.382
QCOM,bis2022,weit,unter Einstieg,362,0.344
QCOM,bis2022,sehr weit,0-10,174,0.356
QCOM,bis2022,sehr weit,10-25,138,0.01
QCOM,bis2022,mittel,unter Einstieg,571,-0.276
QCOM,bis2022,mittel,25-40,177,0.179
QCOM,bis2022,weit,0-10,185,0.73
QCOM,bis2022,sehr weit,25-40,81,-1.274
QCOM,bis2022,sehr weit,40-100,444,-1.92
QCOM,bis2022,sehr weit,unter Einstieg,222,-1.527
QCOM,ab2023,mittel,10-25,47,0.83
QCOM,ab2023,weit,40-100,149,-0.686
QCOM,ab2023,weit,25-40,35,-1.722
QCOM,ab2023,weit,0-10,24,-0.428
QCOM,ab2023,sehr weit,0-10,33,-0.103
QCOM,ab2023,sehr weit,10-25,32,-0.263
QCOM,ab2023,sehr weit,40-100,99,-3.237
QCOM,ab2023,sehr weit,25-40,10,-0.123
QCOM,ab2023,mittel,0-10,42,0.001
QCOM,ab2023,weit,10-25,31,-0.332
QCOM,ab2023,mittel,40-100,106,-0.746
QCOM,ab2023,mittel,unter Einstieg,111,-1.568
QCOM,ab2023,weit,unter Einstieg,167,0.114
QCOM,ab2023,mittel,25-40,30,0.135
QCOM,ab2023,sehr weit,unter Einstieg,64,-1.379
QIA.DE,bis2022,mittel,10-25,208,0.73
QIA.DE,bis2022,mittel,25-40,166,1.036
QIA.DE,bis2022,mittel,0-10,130,1.278
QIA.DE,bis2022,weit,10-25,239,0.481
QIA.DE,bis2022,weit,0-10,154,0.561
QIA.DE,bis2022,sehr weit,10-25,273,0.732
QIA.DE,bis2022,sehr weit,0-10,206,0.382
QIA.DE,bis2022,weit,25-40,143,0.76
QIA.DE,bis2022,mittel,unter Einstieg,780,2.372
QIA.DE,bis2022,weit,40-100,571,0.958
QIA.DE,bis2022,weit,unter Einstieg,339,1.033
QIA.DE,bis2022,sehr weit,40-100,503,1.779
QIA.DE,bis2022,sehr weit,25-40,167,0.878
QIA.DE,bis2022,sehr weit,unter Einstieg,187,3.256
QIA.DE,bis2022,mittel,40-100,523,1.748
QIA.DE,ab2023,mittel,unter Einstieg,146,0.398
QIA.DE,ab2023,mittel,40-100,85,0.349
QIA.DE,ab2023,weit,40-100,74,-2.811
QIA.DE,ab2023,weit,unter Einstieg,111,-1.43
QIA.DE,ab2023,sehr weit,40-100,46,-0.483
QIA.DE,ab2023,sehr weit,unter Einstieg,30,-0.269
QIA.DE,ab2023,sehr weit,10-25,17,0.541
QIA.DE,ab2023,mittel,10-25,29,-1.727
QIA.DE,ab2023,mittel,25-40,35,-0.219
QIA.DE,ab2023,mittel,0-10,32,0.321
QIA.DE,ab2023,weit,25-40,36,-0.603
QIA.DE,ab2023,weit,0-10,22,-0.389
QIA.DE,ab2023,sehr weit,0-10,42,0.145
QIA.DE,ab2023,weit,10-25,30,0.578
QIA.DE,ab2023,sehr weit,25-40,10,2.339
REGN,bis2022,mittel,10-25,170,0.131
REGN,bis2022,mittel,0-10,122,0.47
REGN,bis2022,mittel,40-100,794,0.159
REGN,bis2022,mittel,unter Einstieg,1022,0.216
REGN,bis2022,mittel,25-40,181,0.032
REGN,bis2022,weit,0-10,99,0.695
REGN,bis2022,sehr weit,0-10,224,0.481
REGN,bis2022,weit,10-25,147,0.805
REGN,bis2022,sehr weit,10-25,100,1.274
REGN,bis2022,sehr weit,40-100,215,2.079
REGN,bis2022,weit,40-100,532,0.125
REGN,bis2022,weit,25-40,174,0.409
REGN,bis2022,sehr weit,25-40,76,1.948
REGN,bis2022,sehr weit,unter Einstieg,89,2.79
REGN,bis2022,weit,unter Einstieg,395,-0.578
REGN,ab2023,mittel,0-10,34,-0.991
REGN,ab2023,mittel,10-25,37,-1.952
REGN,ab2023,mittel,25-40,40,-1.517
REGN,ab2023,mittel,40-100,96,-1.127
REGN,ab2023,mittel,unter Einstieg,159,-0.503
REGN,ab2023,weit,10-25,26,-1.0
REGN,ab2023,sehr weit,0-10,32,-0.95
REGN,ab2023,sehr weit,10-25,6,-0.584
REGN,ab2023,weit,0-10,16,-1.166
REGN,ab2023,weit,25-40,21,-3.551
REGN,ab2023,weit,40-100,82,-2.404
REGN,ab2023,weit,unter Einstieg,62,-1.346
REGN,ab2023,sehr weit,40-100,97,-1.014
REGN,ab2023,sehr weit,unter Einstieg,38,-1.482
REGN,ab2023,sehr weit,25-40,14,-1.492
RHM.DE,bis2022,mittel,40-100,560,0.467
RHM.DE,bis2022,mittel,0-10,136,0.007
RHM.DE,bis2022,mittel,25-40,178,0.532
RHM.DE,bis2022,weit,0-10,139,-0.006
RHM.DE,bis2022,weit,40-100,551,1.182
RHM.DE,bis2022,weit,25-40,186,0.675
RHM.DE,bis2022,weit,10-25,178,0.116
RHM.DE,bis2022,sehr weit,25-40,105,1.473
RHM.DE,bis2022,sehr weit,10-25,155,0.41
RHM.DE,bis2022,sehr weit,0-10,164,0.181
RHM.DE,bis2022,mittel,unter Einstieg,707,-0.805
RHM.DE,bis2022,mittel,10-25,179,0.047
RHM.DE,bis2022,weit,unter Einstieg,321,0.855
RHM.DE,bis2022,sehr weit,40-100,327,2.267
RHM.DE,bis2022,sehr weit,unter Einstieg,41,4.026
RHM.DE,ab2023,mittel,10-25,30,-1.688
RHM.DE,ab2023,weit,25-40,17,0.768
RHM.DE,ab2023,weit,0-10,17,-0.898
RHM.DE,ab2023,weit,40-100,79,0.355
RHM.DE,ab2023,weit,unter Einstieg,70,2.458
RHM.DE,ab2023,weit,10-25,21,0.485
RHM.DE,ab2023,sehr weit,0-10,31,0.724
RHM.DE,ab2023,mittel,40-100,52,-2.573
RHM.DE,ab2023,sehr weit,10-25,5,1.406
RHM.DE,ab2023,mittel,25-40,12,-0.831
RHM.DE,ab2023,mittel,0-10,17,-0.668
RHM.DE,ab2023,mittel,unter Einstieg,81,-2.175
RHM.DE,ab2023,sehr weit,25-40,4,4.19
RHM.DE,ab2023,sehr weit,40-100,22,5.78
RHM.DE,ab2023,sehr weit,unter Einstieg,24,6.942
RIO,bis2022,mittel,0-10,154,0.536
RIO,bis2022,mittel,10-25,236,0.567
RIO,bis2022,mittel,40-100,464,0.724
RIO,bis2022,mittel,25-40,174,0.439
RIO,bis2022,sehr weit,0-10,317,-0.046
RIO,bis2022,mittel,unter Einstieg,662,0.869
RIO,bis2022,weit,0-10,232,0.153
RIO,bis2022,sehr weit,25-40,127,-0.111
RIO,bis2022,sehr weit,40-100,321,0.121
RIO,bis2022,sehr weit,10-25,230,-0.005
RIO,bis2022,weit,10-25,248,-0.209
RIO,bis2022,weit,40-100,438,0.062
RIO,bis2022,weit,unter Einstieg,379,-0.244
RIO,bis2022,weit,25-40,211,0.162
RIO,bis2022,sehr weit,unter Einstieg,181,0.474
RIO,ab2023,mittel,10-25,57,0.297
RIO,ab2023,mittel,40-100,77,-0.208
RIO,ab2023,mittel,25-40,31,-0.176
RIO,ab2023,mittel,unter Einstieg,93,-0.376
RIO,ab2023,mittel,0-10,19,0.974
RIO,ab2023,weit,0-10,32,0.836
RIO,ab2023,weit,10-25,42,0.012
RIO,ab2023,weit,40-100,69,0.938
RIO,ab2023,weit,25-40,39,0.453
RIO,ab2023,sehr weit,0-10,39,-0.175
RIO,ab2023,weit,unter Einstieg,48,1.987
RIO,ab2023,sehr weit,10-25,23,-1.199
RIO,ab2023,sehr weit,40-100,64,0.268
RIO,ab2023,sehr weit,unter Einstieg,20,-1.069
RIO,ab2023,sehr weit,25-40,33,-0.068
ROP,bis2022,weit,10-25,163,-0.134
ROP,bis2022,weit,0-10,165,-0.124
ROP,bis2022,weit,25-40,148,0.426
ROP,bis2022,weit,40-100,375,0.411
ROP,bis2022,sehr weit,10-25,139,0.417
ROP,bis2022,sehr weit,25-40,131,1.151
ROP,bis2022,mittel,0-10,129,0.194
ROP,bis2022,mittel,25-40,111,0.405
ROP,bis2022,sehr weit,40-100,434,1.124
ROP,bis2022,sehr weit,unter Einstieg,162,-0.116
ROP,bis2022,sehr weit,0-10,206,0.153
ROP,bis2022,mittel,40-100,298,0.582
ROP,bis2022,mittel,10-25,133,-0.064
ROP,bis2022,weit,unter Einstieg,280,0.779
ROP,bis2022,mittel,unter Einstieg,416,1.627
ROP,ab2023,mittel,25-40,40,-0.879
ROP,ab2023,mittel,40-100,143,-0.854
ROP,ab2023,mittel,unter Einstieg,116,-0.973
ROP,ab2023,mittel,0-10,21,0.151
ROP,ab2023,weit,10-25,51,-1.146
ROP,ab2023,weit,40-100,73,-0.656
ROP,ab2023,weit,25-40,28,-0.85
ROP,ab2023,mittel,10-25,38,-0.833
ROP,ab2023,weit,0-10,30,-0.376
ROP,ab2023,sehr weit,25-40,27,0.199
ROP,ab2023,sehr weit,40-100,77,-1.483
ROP,ab2023,sehr weit,10-25,32,-0.191
ROP,ab2023,sehr weit,0-10,38,-0.191
ROP,ab2023,sehr weit,unter Einstieg,55,-0.358
ROP,ab2023,weit,unter Einstieg,31,0.911
ROST,bis2022,mittel,25-40,138,0.951
ROST,bis2022,mittel,0-10,139,0.039
ROST,bis2022,mittel,unter Einstieg,589,1.683
ROST,bis2022,weit,0-10,149,0.102
ROST,bis2022,weit,10-25,178,0.175
ROST,bis2022,sehr weit,10-25,125,0.304
ROST,bis2022,sehr weit,0-10,177,0.168
ROST,bis2022,mittel,10-25,176,0.209
ROST,bis2022,mittel,40-100,478,0.679
ROST,bis2022,weit,40-100,442,0.236
ROST,bis2022,weit,unter Einstieg,366,0.343
ROST,bis2022,weit,25-40,128,0.344
ROST,bis2022,sehr weit,40-100,201,0.37
ROST,bis2022,sehr weit,unter Einstieg,91,-1.291
ROST,bis2022,sehr weit,25-40,98,1.243
ROST,ab2023,mittel,0-10,14,0.481
ROST,ab2023,weit,0-10,23,0.294
ROST,ab2023,sehr weit,25-40,27,0.85
ROST,ab2023,sehr weit,40-100,111,1.363
ROST,ab2023,sehr weit,unter Einstieg,38,1.296
ROST,ab2023,mittel,40-100,81,1.849
ROST,ab2023,mittel,unter Einstieg,153,2.408
ROST,ab2023,mittel,25-40,29,2.148
ROST,ab2023,mittel,10-25,17,1.478
ROST,ab2023,weit,10-25,36,0.961
ROST,ab2023,weit,25-40,22,1.773
ROST,ab2023,sehr weit,0-10,84,0.024
ROST,ab2023,weit,40-100,55,3.174
ROST,ab2023,sehr weit,10-25,33,0.678
ROST,ab2023,weit,unter Einstieg,35,3.809
RTX,bis2022,mittel,10-25,229,0.291
RTX,bis2022,mittel,unter Einstieg,967,-0.562
RTX,bis2022,sehr weit,10-25,120,0.563
RTX,bis2022,sehr weit,0-10,185,-0.112
RTX,bis2022,sehr weit,25-40,80,0.024
RTX,bis2022,sehr weit,40-100,191,0.041
RTX,bis2022,mittel,40-100,577,-0.63
RTX,bis2022,weit,40-100,359,-0.075
RTX,bis2022,weit,unter Einstieg,297,-0.034
RTX,bis2022,weit,0-10,142,-0.079
RTX,bis2022,weit,25-40,121,0.656
RTX,bis2022,weit,10-25,163,0.543
RTX,bis2022,mittel,0-10,148,-0.015
RTX,bis2022,mittel,25-40,165,-0.109
RTX,bis2022,sehr weit,unter Einstieg,111,1.425
RTX,ab2023,mittel,25-40,21,0.262
RTX,ab2023,weit,0-10,24,1.167
RTX,ab2023,sehr weit,0-10,27,0.06
RTX,ab2023,sehr weit,10-25,11,1.328
RTX,ab2023,sehr weit,25-40,7,1.149
RTX,ab2023,sehr weit,40-100,10,1.993
RTX,ab2023,mittel,0-10,26,0.769
RTX,ab2023,mittel,10-25,15,-1.448
RTX,ab2023,weit,10-25,30,1.023
RTX,ab2023,weit,25-40,12,0.492
RTX,ab2023,weit,40-100,77,0.611
RTX,ab2023,weit,unter Einstieg,32,2.6
RTX,ab2023,mittel,40-100,64,-0.721
RTX,ab2023,mittel,unter Einstieg,86,1.22
RWE.DE,bis2022,mittel,25-40,179,0.037
RWE.DE,bis2022,mittel,40-100,520,0.43
RWE.DE,bis2022,mittel,unter Einstieg,929,0.874
RWE.DE,bis2022,mittel,0-10,127,0.419
RWE.DE,bis2022,weit,10-25,216,0.003
RWE.DE,bis2022,weit,25-40,162,-0.391
RWE.DE,bis2022,weit,40-100,437,-0.617
RWE.DE,bis2022,weit,unter Einstieg,444,0.494
RWE.DE,bis2022,sehr weit,10-25,108,-0.186
RWE.DE,bis2022,sehr weit,25-40,81,-0.636
RWE.DE,bis2022,sehr weit,40-100,244,0.101
RWE.DE,bis2022,sehr weit,unter Einstieg,126,1.467
RWE.DE,bis2022,mittel,10-25,230,0.152
RWE.DE,bis2022,weit,0-10,111,0.527
RWE.DE,bis2022,sehr weit,0-10,153,0.276
RWE.DE,ab2023,mittel,10-25,39,0.03
RWE.DE,ab2023,sehr weit,0-10,30,-0.059
RWE.DE,ab2023,sehr weit,10-25,35,-0.037
RWE.DE,ab2023,sehr weit,25-40,20,-0.034
RWE.DE,ab2023,sehr weit,40-100,63,-1.202
RWE.DE,ab2023,sehr weit,unter Einstieg,60,-0.506
RWE.DE,ab2023,mittel,25-40,45,0.313
RWE.DE,ab2023,mittel,40-100,135,-0.255
RWE.DE,ab2023,mittel,unter Einstieg,208,-0.093
RWE.DE,ab2023,weit,0-10,34,0.451
RWE.DE,ab2023,weit,10-25,42,0.86
RWE.DE,ab2023,weit,25-40,41,-0.526
RWE.DE,ab2023,weit,40-100,195,0.529
RWE.DE,ab2023,mittel,0-10,19,0.646
RWE.DE,ab2023,weit,unter Einstieg,199,0.144
RY,bis2022,mittel,25-40,170,0.074
RY,bis2022,mittel,40-100,462,0.478
RY,bis2022,mittel,0-10,128,-0.004
RY,bis2022,mittel,10-25,172,0.151
RY,bis2022,mittel,unter Einstieg,519,0.186
RY,bis2022,weit,10-25,180,-0.049
RY,bis2022,weit,0-10,175,-0.018
RY,bis2022,sehr weit,0-10,241,0.128
RY,bis2022,weit,40-100,390,-0.597
RY,bis2022,weit,25-40,135,-0.222
RY,bis2022,sehr weit,10-25,108,0.429
RY,bis2022,sehr weit,25-40,70,0.249
RY,bis2022,sehr weit,40-100,188,0.033
RY,bis2022,weit,unter Einstieg,411,-1.052
RY,bis2022,sehr weit,unter Einstieg,99,-1.005
RY,ab2023,mittel,40-100,40,1.324
RY,ab2023,mittel,unter Einstieg,75,2.453
RY,ab2023,mittel,25-40,23,1.04
RY,ab2023,mittel,10-25,27,0.705
RY,ab2023,mittel,0-10,23,0.491
RY,ab2023,weit,10-25,20,-0.784
RY,ab2023,weit,0-10,37,-0.246
RY,ab2023,weit,25-40,21,0.16
RY,ab2023,weit,40-100,51,0.007
RY,ab2023,weit,unter Einstieg,24,1.147
RY,ab2023,sehr weit,0-10,78,0.16
RY,ab2023,sehr weit,10-25,24,0.023
RY,ab2023,sehr weit,40-100,54,-0.666
RY,ab2023,sehr weit,25-40,12,0.619
RY,ab2023,sehr weit,unter Einstieg,39,-2.785
SAN,bis2022,mittel,0-10,145,-0.087
SAN,bis2022,mittel,40-100,350,0.24
SAN,bis2022,mittel,25-40,136,0.156
SAN,bis2022,weit,0-10,201,0.053
SAN,bis2022,weit,40-100,610,0.105
SAN,bis2022,sehr weit,25-40,139,-0.116
SAN,bis2022,sehr weit,40-100,335,-0.975
SAN,bis2022,sehr weit,10-25,243,0.015
SAN,bis2022,sehr weit,0-10,490,0.128
SAN,bis2022,mittel,unter Einstieg,648,-0.471
SAN,bis2022,weit,10-25,231,0.512
SAN,bis2022,mittel,10-25,212,0.233
SAN,bis2022,weit,25-40,217,-0.138
SAN,bis2022,weit,unter Einstieg,732,0.262
SAN,bis2022,sehr weit,unter Einstieg,261,-0.917
SAN,ab2023,mittel,10-25,17,0.581
SAN,ab2023,weit,40-100,34,1.103
SAN,ab2023,weit,0-10,32,-0.22
SAN,ab2023,sehr weit,10-25,55,-1.153
SAN,ab2023,sehr weit,0-10,88,-0.41
SAN,ab2023,weit,25-40,20,0.952
SAN,ab2023,weit,10-25,28,-0.978
SAN,ab2023,mittel,25-40,23,-0.18
SAN,ab2023,mittel,0-10,32,-1.147
SAN,ab2023,mittel,40-100,34,-0.078
SAN,ab2023,mittel,unter Einstieg,49,0.277
SAN,ab2023,sehr weit,25-40,35,-0.3
SAN,ab2023,sehr weit,40-100,49,-0.491
SAN,ab2023,sehr weit,unter Einstieg,10,-1.251
SAN,ab2023,weit,unter Einstieg,20,4.437
SAP.DE,bis2022,mittel,40-100,641,0.362
SAP.DE,bis2022,mittel,25-40,224,0.328
SAP.DE,bis2022,weit,10-25,315,0.276
SAP.DE,bis2022,weit,40-100,682,0.379
SAP.DE,bis2022,mittel,10-25,269,0.498
SAP.DE,bis2022,mittel,unter Einstieg,807,0.685
SAP.DE,bis2022,weit,unter Einstieg,585,0.072
SAP.DE,bis2022,sehr weit,25-40,159,-2.133
SAP.DE,bis2022,sehr weit,40-100,543,-1.159
SAP.DE,bis2022,sehr weit,unter Einstieg,138,-0.638
SAP.DE,bis2022,weit,25-40,207,-0.038
SAP.DE,bis2022,weit,0-10,216,0.509
SAP.DE,bis2022,sehr weit,0-10,381,-0.586
SAP.DE,bis2022,sehr weit,10-25,244,-0.176
SAP.DE,bis2022,mittel,0-10,166,0.346
SAP.DE,ab2023,weit,10-25,31,-0.599
SAP.DE,ab2023,sehr weit,0-10,50,0.479
SAP.DE,ab2023,sehr weit,10-25,21,0.814
SAP.DE,ab2023,sehr weit,25-40,24,1.462
SAP.DE,ab2023,sehr weit,40-100,70,1.164
SAP.DE,ab2023,mittel,10-25,18,-0.041
SAP.DE,ab2023,sehr weit,unter Einstieg,30,-0.512
SAP.DE,ab2023,weit,40-100,98,-1.698
SAP.DE,ab2023,weit,unter Einstieg,66,-0.418
SAP.DE,ab2023,mittel,40-100,44,-1.957
SAP.DE,ab2023,mittel,0-10,14,0.177
SAP.DE,ab2023,mittel,unter Einstieg,64,-1.598
SAP.DE,ab2023,weit,0-10,12,-0.296
SAP.DE,ab2023,weit,25-40,12,-1.816
SAP.DE,ab2023,mittel,25-40,10,-3.32
SBUX,bis2022,mittel,25-40,111,-0.022
SBUX,bis2022,mittel,40-100,332,0.449
SBUX,bis2022,mittel,10-25,135,-0.458
SBUX,bis2022,weit,10-25,113,0.302
SBUX,bis2022,weit,40-100,360,-0.953
SBUX,bis2022,weit,unter Einstieg,311,-1.658
SBUX,bis2022,weit,25-40,112,-0.792
SBUX,bis2022,weit,0-10,109,-0.426
SBUX,bis2022,sehr weit,10-25,86,0.137
SBUX,bis2022,sehr weit,40-100,240,-0.691
SBUX,bis2022,sehr weit,unter Einstieg,147,0.028
SBUX,bis2022,mittel,unter Einstieg,452,-0.013
SBUX,bis2022,sehr weit,25-40,62,-0.751
SBUX,bis2022,sehr weit,0-10,148,0.315
SBUX,bis2022,mittel,0-10,115,-0.092
SBUX,ab2023,mittel,0-10,21,0.505
SBUX,ab2023,weit,25-40,32,2.15
SBUX,ab2023,weit,40-100,78,2.389
SBUX,ab2023,weit,unter Einstieg,26,4.463
SBUX,ab2023,weit,10-25,49,-0.032
SBUX,ab2023,weit,0-10,28,0.792
SBUX,ab2023,sehr weit,10-25,17,-1.604
SBUX,ab2023,sehr weit,0-10,33,0.166
SBUX,ab2023,mittel,25-40,39,0.612
SBUX,ab2023,mittel,40-100,82,0.164
SBUX,ab2023,mittel,unter Einstieg,191,-0.816
SBUX,ab2023,mittel,10-25,37,0.869
SBUX,ab2023,sehr weit,40-100,157,-0.83
SBUX,ab2023,sehr weit,25-40,26,-2.342
SBUX,ab2023,sehr weit,unter Einstieg,162,-1.319
SCCO,bis2022,mittel,10-25,166,-0.225
SCCO,bis2022,weit,10-25,242,0.799
SCCO,bis2022,sehr weit,0-10,433,0.873
SCCO,bis2022,mittel,25-40,168,0.331
SCCO,bis2022,weit,25-40,192,1.112
SCCO,bis2022,weit,unter Einstieg,729,2.549
SCCO,bis2022,weit,40-100,690,1.403
SCCO,bis2022,weit,0-10,199,0.412
SCCO,bis2022,mittel,unter Einstieg,1029,1.429
SCCO,bis2022,mittel,0-10,120,0.302
SCCO,bis2022,mittel,40-100,592,0.764
SCCO,bis2022,sehr weit,10-25,303,1.698
SCCO,bis2022,sehr weit,40-100,927,3.841
SCCO,bis2022,sehr weit,unter Einstieg,249,3.388
SCCO,bis2022,sehr weit,25-40,250,2.47
SCCO,ab2023,mittel,10-25,30,2.197
SCCO,ab2023,sehr weit,10-25,58,1.031
SCCO,ab2023,sehr weit,25-40,48,1.392
SCCO,ab2023,sehr weit,0-10,103,1.661
SCCO,ab2023,sehr weit,40-100,88,3.499
SCCO,ab2023,sehr weit,unter Einstieg,42,3.395
SCCO,ab2023,mittel,25-40,27,1.8
SCCO,ab2023,weit,40-100,121,2.696
SCCO,ab2023,weit,10-25,71,1.133
SCCO,ab2023,weit,0-10,35,1.081
SCCO,ab2023,mittel,0-10,15,1.605
SCCO,ab2023,weit,25-40,72,1.882
SCCO,ab2023,mittel,unter Einstieg,95,2.876
SCCO,ab2023,mittel,40-100,94,2.116
SCCO,ab2023,weit,unter Einstieg,82,4.62
SCHW,bis2022,mittel,40-100,603,0.962
SCHW,bis2022,weit,10-25,238,0.915
SCHW,bis2022,weit,40-100,827,0.924
SCHW,bis2022,mittel,25-40,174,1.04
SCHW,bis2022,mittel,unter Einstieg,838,1.321
SCHW,bis2022,mittel,10-25,158,1.226
SCHW,bis2022,weit,25-40,206,0.335
SCHW,bis2022,weit,0-10,197,0.375
SCHW,bis2022,weit,unter Einstieg,619,1.713
SCHW,bis2022,mittel,0-10,130,0.554
SCHW,bis2022,sehr weit,25-40,242,0.142
SCHW,bis2022,sehr weit,40-100,422,-1.319
SCHW,bis2022,sehr weit,10-25,311,0.263
SCHW,bis2022,sehr weit,0-10,312,0.057
SCHW,bis2022,sehr weit,unter Einstieg,271,-0.584
SCHW,ab2023,mittel,10-25,45,-0.015
SCHW,ab2023,mittel,40-100,187,-0.003
SCHW,ab2023,weit,10-25,53,-0.794
SCHW,ab2023,weit,0-10,41,-0.048
SCHW,ab2023,weit,25-40,55,1.031
SCHW,ab2023,weit,40-100,161,2.196
SCHW,ab2023,weit,unter Einstieg,158,1.135
SCHW,ab2023,mittel,unter Einstieg,235,0.425
SCHW,ab2023,sehr weit,0-10,35,-0.328
SCHW,ab2023,mittel,25-40,47,-0.561
SCHW,ab2023,mittel,0-10,25,0.076
SCHW,ab2023,sehr weit,10-25,43,0.211
SCHW,ab2023,sehr weit,25-40,31,0.503
SCHW,ab2023,sehr weit,40-100,74,1.481
SCHW,ab2023,sehr weit,unter Einstieg,84,-0.954
SHEL,bis2022,mittel,0-10,118,-0.377
SHEL,bis2022,mittel,40-100,402,-0.421
SHEL,bis2022,weit,25-40,169,-0.146
SHEL,bis2022,weit,0-10,184,-0.136
SHEL,bis2022,sehr weit,0-10,268,-0.3
SHEL,bis2022,sehr weit,40-100,676,-0.321
SHEL,bis2022,sehr weit,25-40,160,-0.776
SHEL,bis2022,sehr weit,unter Einstieg,266,0.139
SHEL,bis2022,mittel,unter Einstieg,787,0.026
SHEL,bis2022,mittel,10-25,153,-0.304
SHEL,bis2022,mittel,25-40,111,0.182
SHEL,bis2022,weit,unter Einstieg,696,-0.036
SHEL,bis2022,weit,10-25,200,-0.251
SHEL,bis2022,sehr weit,10-25,177,-0.322
SHEL,bis2022,weit,40-100,484,-0.215
SHEL,ab2023,mittel,40-100,32,-0.085
SHEL,ab2023,weit,10-25,28,-1.401
SHEL,ab2023,weit,25-40,19,-1.262
SHEL,ab2023,weit,40-100,48,-1.811
SHEL,ab2023,weit,unter Einstieg,101,-1.435
SHEL,ab2023,weit,0-10,25,0.079
SHEL,ab2023,mittel,10-25,28,0.395
SHEL,ab2023,mittel,0-10,14,-0.196
SHEL,ab2023,sehr weit,10-25,10,-0.051
SHEL,ab2023,mittel,25-40,19,-0.725
SHEL,ab2023,sehr weit,25-40,12,-0.696
SHEL,ab2023,sehr weit,40-100,96,-2.656
SHEL,ab2023,sehr weit,unter Einstieg,71,-1.941
SHEL,ab2023,sehr weit,0-10,30,-1.234
SHEL,ab2023,mittel,unter Einstieg,40,0.024
SHL.DE,bis2022,weit,40-100,118,0.756
SHL.DE,bis2022,weit,0-10,53,-0.327
SHL.DE,bis2022,sehr weit,25-40,58,-0.338
SHL.DE,bis2022,sehr weit,10-25,68,-0.814
SHL.DE,bis2022,sehr weit,40-100,129,0.436
SHL.DE,bis2022,sehr weit,0-10,71,-1.691
SHL.DE,bis2022,mittel,0-10,49,-0.484
SHL.DE,bis2022,weit,25-40,51,-0.174
SHL.DE,bis2022,weit,unter Einstieg,126,0.599
SHL.DE,bis2022,weit,10-25,52,-1.226
SHL.DE,bis2022,mittel,40-100,209,0.27
SHL.DE,bis2022,mittel,unter Einstieg,183,1.082
SHL.DE,bis2022,mittel,25-40,57,-0.246
SHL.DE,bis2022,mittel,10-25,43,0.26
SHL.DE,bis2022,sehr weit,unter Einstieg,92,-0.295
SHL.DE,ab2023,mittel,10-25,56,0.181
SHL.DE,ab2023,mittel,25-40,44,0.833
SHL.DE,ab2023,mittel,40-100,98,0.65
SHL.DE,ab2023,mittel,0-10,56,0.323
SHL.DE,ab2023,weit,10-25,43,0.212
SHL.DE,ab2023,mittel,unter Einstieg,131,1.452
SHL.DE,ab2023,weit,0-10,47,0.144
SHL.DE,ab2023,sehr weit,10-25,48,1.152
SHL.DE,ab2023,sehr weit,0-10,48,0.537
SHL.DE,ab2023,weit,25-40,23,0.558
SHL.DE,ab2023,weit,40-100,77,0.434
SHL.DE,ab2023,weit,unter Einstieg,51,0.705
SHL.DE,ab2023,sehr weit,25-40,64,1.832
SHL.DE,ab2023,sehr weit,40-100,133,2.706
SHL.DE,ab2023,sehr weit,unter Einstieg,35,4.121
SHOP,bis2022,mittel,40-100,325,0.143
SHOP,bis2022,mittel,25-40,92,0.769
SHOP,bis2022,mittel,unter Einstieg,514,-0.095
SHOP,bis2022,mittel,10-25,100,0.255
SHOP,bis2022,sehr weit,10-25,21,-2.161
SHOP,bis2022,sehr weit,25-40,18,-5.597
SHOP,bis2022,frueh,10-25,21,1.0
SHOP,bis2022,frueh,unter Einstieg,24,0.874
SHOP,bis2022,mittel,0-10,135,0.397
SHOP,bis2022,weit,10-25,52,0.784
SHOP,bis2022,weit,40-100,183,1.992
SHOP,bis2022,weit,25-40,52,1.992
SHOP,bis2022,weit,0-10,72,0.646
SHOP,bis2022,weit,unter Einstieg,94,1.989
SHOP,bis2022,sehr weit,40-100,47,-3.089
SHOP,bis2022,sehr weit,0-10,36,-0.636
SHOP,bis2022,frueh,0-10,17,0.168
SHOP,bis2022,frueh,25-40,19,1.833
SHOP,bis2022,frueh,40-100,30,0.077
SHOP,bis2022,sehr weit,unter Einstieg,24,-1.222
SHOP,ab2023,mittel,40-100,154,-1.06
SHOP,ab2023,mittel,unter Einstieg,161,-0.723
SHOP,ab2023,mittel,25-40,42,-0.354
SHOP,ab2023,mittel,0-10,64,-0.096
SHOP,ab2023,mittel,10-25,49,-0.666
SHOP,ab2023,frueh,0-10,6,-2.112
SHOP,ab2023,weit,25-40,23,-2.291
SHOP,ab2023,weit,10-25,19,-1.608
SHOP,ab2023,weit,40-100,78,-3.394
SHOP,ab2023,weit,0-10,39,-0.827
SHOP,ab2023,frueh,10-25,9,0.245
SHOP,ab2023,frueh,40-100,25,-1.626
SHOP,ab2023,sehr weit,10-25,8,1.569
SHOP,ab2023,sehr weit,0-10,29,-0.393
SHOP,ab2023,frueh,unter Einstieg,20,-1.738
SHOP,ab2023,sehr weit,25-40,6,0.408
SHOP,ab2023,sehr weit,40-100,2,1.361
SHOP,ab2023,frueh,25-40,6,1.706
SHOP,ab2023,weit,unter Einstieg,46,-1.564
SHW,bis2022,mittel,25-40,145,0.544
SHW,bis2022,mittel,0-10,93,0.077
SHW,bis2022,weit,0-10,131,0.261
SHW,bis2022,sehr weit,25-40,158,1.528
SHW,bis2022,weit,25-40,165,0.679
SHW,bis2022,mittel,40-100,488,0.984
SHW,bis2022,mittel,unter Einstieg,511,1.423
SHW,bis2022,weit,40-100,449,1.129
SHW,bis2022,sehr weit,10-25,206,0.673
SHW,bis2022,weit,10-25,163,0.717
SHW,bis2022,weit,unter Einstieg,349,1.283
SHW,bis2022,mittel,10-25,146,0.656
SHW,bis2022,sehr weit,40-100,254,2.045
SHW,bis2022,sehr weit,unter Einstieg,73,3.128
SHW,bis2022,sehr weit,0-10,210,0.596
SHW,ab2023,mittel,25-40,22,-0.404
SHW,ab2023,mittel,0-10,30,-1.072
SHW,ab2023,weit,40-100,117,1.001
SHW,ab2023,weit,unter Einstieg,110,1.2
SHW,ab2023,weit,25-40,28,0.673
SHW,ab2023,weit,0-10,36,-0.573
SHW,ab2023,weit,10-25,40,0.535
SHW,ab2023,mittel,40-100,72,0.918
SHW,ab2023,mittel,unter Einstieg,171,0.646
SHW,ab2023,mittel,10-25,24,-1.673
SHW,ab2023,sehr weit,10-25,51,-0.017
SHW,ab2023,sehr weit,0-10,52,0.077
SHW,ab2023,sehr weit,25-40,22,-1.324
SHW,ab2023,sehr weit,40-100,92,-0.177
SHW,ab2023,sehr weit,unter Einstieg,42,-1.012
SIE.DE,bis2022,mittel,0-10,133,0.329
SIE.DE,bis2022,mittel,40-100,633,0.341
SIE.DE,bis2022,weit,25-40,158,0.159
SIE.DE,bis2022,weit,0-10,159,0.352
SIE.DE,bis2022,weit,10-25,226,-0.145
SIE.DE,bis2022,sehr weit,10-25,114,0.438
SIE.DE,bis2022,sehr weit,25-40,72,1.084
SIE.DE,bis2022,sehr weit,40-100,302,2.018
SIE.DE,bis2022,sehr weit,0-10,200,0.081
SIE.DE,bis2022,mittel,25-40,267,0.473
SIE.DE,bis2022,mittel,unter Einstieg,839,0.375
SIE.DE,bis2022,mittel,10-25,305,0.231
SIE.DE,bis2022,weit,40-100,413,-0.553
SIE.DE,bis2022,weit,unter Einstieg,392,-0.605
SIE.DE,bis2022,sehr weit,unter Einstieg,77,2.563
SIE.DE,ab2023,mittel,0-10,27,-0.45
SIE.DE,ab2023,weit,0-10,18,0.447
SIE.DE,ab2023,weit,10-25,23,0.556
SIE.DE,ab2023,weit,25-40,15,0.948
SIE.DE,ab2023,sehr weit,0-10,20,-0.139
SIE.DE,ab2023,mittel,10-25,24,-0.182
SIE.DE,ab2023,mittel,25-40,19,-0.671
SIE.DE,ab2023,mittel,40-100,93,-2.121
SIE.DE,ab2023,mittel,unter Einstieg,151,-1.12
SIE.DE,ab2023,weit,unter Einstieg,9,-1.12
SIE.DE,ab2023,weit,40-100,39,1.662
SIE.DE,ab2023,sehr weit,10-25,12,0.763
SIE.DE,ab2023,sehr weit,40-100,31,2.974
SIE.DE,ab2023,sehr weit,unter Einstieg,6,5.725
SIE.DE,ab2023,sehr weit,25-40,15,1.404
SMFG,bis2022,sehr weit,40-100,455,0.456
SMFG,bis2022,sehr weit,unter Einstieg,145,1.827
SMFG,bis2022,mittel,40-100,855,0.244
SMFG,bis2022,mittel,unter Einstieg,1198,0.493
SMFG,bis2022,mittel,10-25,307,0.153
SMFG,bis2022,sehr weit,0-10,309,-0.012
SMFG,bis2022,sehr weit,10-25,212,-0.306
SMFG,bis2022,sehr weit,25-40,124,0.135
SMFG,bis2022,mittel,0-10,224,0.216
SMFG,bis2022,weit,25-40,184,-0.303
SMFG,bis2022,weit,40-100,580,0.589
SMFG,bis2022,weit,unter Einstieg,232,1.338
SMFG,bis2022,weit,0-10,209,0.122
SMFG,bis2022,weit,10-25,175,0.245
SMFG,bis2022,mittel,25-40,246,0.433
SMFG,bis2022,frueh,0-10,7,-1.463
SMFG,bis2022,frueh,10-25,11,-1.617
SMFG,bis2022,frueh,unter Einstieg,103,1.547
SMFG,bis2022,frueh,40-100,29,0.087
SMFG,bis2022,frueh,25-40,11,-0.761
SMFG,ab2023,mittel,10-25,53,0.873
SMFG,ab2023,mittel,0-10,40,0.339
SMFG,ab2023,mittel,40-100,61,1.481
SMFG,ab2023,weit,0-10,43,0.479
SMFG,ab2023,weit,10-25,47,0.91
SMFG,ab2023,weit,40-100,83,2.417
SMFG,ab2023,mittel,25-40,33,0.655
SMFG,ab2023,sehr weit,0-10,39,-0.525
SMFG,ab2023,sehr weit,40-100,6,-1.964
SMFG,ab2023,frueh,40-100,2,3.283
SMFG,ab2023,weit,25-40,41,1.646
SMFG,ab2023,sehr weit,10-25,7,-0.074
SMFG,ab2023,frueh,0-10,1,3.405
SMFG,ab2023,frueh,25-40,2,3.595
SMFG,ab2023,weit,unter Einstieg,15,5.351
SMFG,ab2023,sehr weit,25-40,3,1.874
SMFG,ab2023,frueh,10-25,1,3.529
SMFG,ab2023,mittel,unter Einstieg,34,3.932
SNDK,ab2023,frueh,40-100,16,2.104
SNDK,ab2023,mittel,25-40,5,1.334
SNDK,ab2023,mittel,unter Einstieg,5,2.955
SNDK,ab2023,mittel,40-100,20,2.128
SNDK,ab2023,mittel,10-25,14,0.566
SNDK,ab2023,mittel,0-10,7,0.29
SNDK,ab2023,frueh,10-25,25,1.034
SNDK,ab2023,frueh,25-40,8,1.101
SNDK,ab2023,frueh,0-10,2,0.847
SNDK,ab2023,frueh,unter Einstieg,5,2.813
SNOW,bis2022,mittel,0-10,43,-0.769
SNOW,bis2022,weit,10-25,31,-0.822
SNOW,bis2022,sehr weit,0-10,22,-0.158
SNOW,bis2022,mittel,10-25,47,0.31
SNOW,bis2022,weit,0-10,24,-0.34
SNOW,bis2022,weit,40-100,96,-1.234
SNOW,bis2022,weit,unter Einstieg,73,0.111
SNOW,bis2022,weit,25-40,17,-0.248
SNOW,bis2022,mittel,unter Einstieg,230,-0.143
SNOW,bis2022,mittel,40-100,141,-0.097
SNOW,bis2022,mittel,25-40,45,0.467
SNOW,bis2022,sehr weit,25-40,7,-2.682
SNOW,bis2022,sehr weit,10-25,10,-0.532
SNOW,bis2022,sehr weit,40-100,22,-3.442
SNOW,bis2022,sehr weit,unter Einstieg,6,-1.368
SNOW,ab2023,mittel,0-10,39,-0.141
SNOW,ab2023,mittel,25-40,45,-0.256
SNOW,ab2023,weit,10-25,38,-0.133
SNOW,ab2023,weit,40-100,160,0.246
SNOW,ab2023,weit,unter Einstieg,108,1.063
SNOW,ab2023,weit,25-40,51,-0.729
SNOW,ab2023,weit,0-10,28,-0.802
SNOW,ab2023,sehr weit,0-10,47,-0.565
SNOW,ab2023,mittel,40-100,122,-0.498
SNOW,ab2023,sehr weit,25-40,12,0.103
SNOW,ab2023,sehr weit,10-25,44,-0.005
SNOW,ab2023,sehr weit,40-100,32,1.06
SNOW,ab2023,sehr weit,unter Einstieg,8,-1.211
SNOW,ab2023,mittel,10-25,41,0.029
SNOW,ab2023,mittel,unter Einstieg,209,1.901
SNPS,bis2022,mittel,0-10,153,0.189
SNPS,bis2022,mittel,40-100,351,0.43
SNPS,bis2022,mittel,unter Einstieg,562,0.662
SNPS,bis2022,mittel,25-40,156,0.344
SNPS,bis2022,weit,10-25,196,0.275
SNPS,bis2022,mittel,10-25,113,0.521
SNPS,bis2022,weit,0-10,210,0.165
SNPS,bis2022,weit,40-100,560,0.61
SNPS,bis2022,weit,25-40,178,0.392
SNPS,bis2022,weit,unter Einstieg,529,1.424
SNPS,bis2022,sehr weit,25-40,106,1.287
SNPS,bis2022,sehr weit,40-100,242,1.218
SNPS,bis2022,sehr weit,10-25,191,0.492
SNPS,bis2022,sehr weit,0-10,317,0.183
SNPS,bis2022,sehr weit,unter Einstieg,112,1.631
SNPS,ab2023,mittel,40-100,88,0.81
SNPS,ab2023,mittel,0-10,23,0.357
SNPS,ab2023,weit,10-25,29,0.867
SNPS,ab2023,sehr weit,40-100,136,-1.898
SNPS,ab2023,sehr weit,10-25,40,-1.565
SNPS,ab2023,sehr weit,0-10,86,-0.18
SNPS,ab2023,mittel,10-25,40,1.31
SNPS,ab2023,mittel,25-40,37,0.496
SNPS,ab2023,weit,0-10,29,0.903
SNPS,ab2023,weit,25-40,28,1.485
SNPS,ab2023,sehr weit,25-40,27,-1.646
SNPS,ab2023,weit,unter Einstieg,28,1.85
SNPS,ab2023,weit,40-100,40,2.109
SNPS,ab2023,mittel,unter Einstieg,102,1.013
SNPS,ab2023,sehr weit,unter Einstieg,42,-0.047
SNY,bis2022,mittel,0-10,175,-0.038
SNY,bis2022,mittel,unter Einstieg,589,0.69
SNY,bis2022,mittel,40-100,533,0.78
SNY,bis2022,mittel,25-40,201,0.487
SNY,bis2022,weit,0-10,228,-0.096
SNY,bis2022,weit,25-40,216,0.89
SNY,bis2022,weit,40-100,570,1.063
SNY,bis2022,weit,unter Einstieg,448,1.659
SNY,bis2022,sehr weit,0-10,299,-0.724
SNY,bis2022,mittel,10-25,208,0.339
SNY,bis2022,weit,10-25,256,0.475
SNY,bis2022,sehr weit,25-40,197,0.341
SNY,bis2022,sehr weit,40-100,472,-0.129
SNY,bis2022,sehr weit,10-25,249,-0.232
SNY,bis2022,sehr weit,unter Einstieg,252,-0.051
SNY,ab2023,mittel,0-10,62,0.904
SNY,ab2023,weit,0-10,23,0.834
SNY,ab2023,sehr weit,10-25,76,0.562
SNY,ab2023,sehr weit,25-40,79,1.496
SNY,ab2023,sehr weit,40-100,126,2.235
SNY,ab2023,sehr weit,0-10,47,0.211
SNY,ab2023,mittel,40-100,186,1.182
SNY,ab2023,mittel,unter Einstieg,80,1.263
SNY,ab2023,mittel,25-40,54,0.996
SNY,ab2023,weit,10-25,34,0.361
SNY,ab2023,weit,25-40,41,0.948
SNY,ab2023,mittel,10-25,34,0.661
SNY,ab2023,weit,40-100,85,0.702
SNY,ab2023,weit,unter Einstieg,102,-0.856
SNY,ab2023,sehr weit,unter Einstieg,18,2.099
SO,bis2022,mittel,40-100,820,1.132
SO,bis2022,mittel,unter Einstieg,1009,1.449
SO,bis2022,mittel,10-25,249,0.369
SO,bis2022,mittel,0-10,184,0.705
SO,bis2022,weit,0-10,143,0.212
SO,bis2022,mittel,25-40,225,0.638
SO,bis2022,weit,10-25,164,0.242
SO,bis2022,sehr weit,0-10,175,0.308
SO,bis2022,sehr weit,10-25,268,1.149
SO,bis2022,sehr weit,25-40,273,1.747
SO,bis2022,sehr weit,40-100,711,3.096
SO,bis2022,weit,40-100,348,0.671
SO,bis2022,weit,unter Einstieg,245,1.284
SO,bis2022,weit,25-40,139,0.772
SO,bis2022,sehr weit,unter Einstieg,114,4.069
SO,ab2023,weit,unter Einstieg,79,-0.406
SO,ab2023,weit,40-100,108,0.965
SO,ab2023,mittel,10-25,20,0.753
SO,ab2023,mittel,25-40,27,1.582
SO,ab2023,mittel,40-100,72,1.863
SO,ab2023,mittel,unter Einstieg,79,1.688
SO,ab2023,weit,25-40,46,0.294
SO,ab2023,weit,10-25,48,0.13
SO,ab2023,sehr weit,0-10,48,0.039
SO,ab2023,sehr weit,10-25,24,0.296
SO,ab2023,sehr weit,25-40,21,1.542
SO,ab2023,sehr weit,40-100,58,2.076
SO,ab2023,mittel,0-10,26,0.473
SO,ab2023,weit,0-10,34,-0.296
SO,ab2023,sehr weit,unter Einstieg,4,0.88
SONY,bis2022,mittel,25-40,150,0.792
SONY,bis2022,mittel,40-100,427,0.567
SONY,bis2022,mittel,unter Einstieg,856,0.522
SONY,bis2022,mittel,0-10,156,-0.056
SONY,bis2022,sehr weit,0-10,296,0.381
SONY,bis2022,weit,10-25,149,0.643
SONY,bis2022,weit,0-10,166,0.37
SONY,bis2022,weit,25-40,111,0.375
SONY,bis2022,mittel,10-25,191,0.971
SONY,bis2022,weit,40-100,317,0.421
SONY,bis2022,weit,unter Einstieg,255,0.035
SONY,bis2022,sehr weit,25-40,54,1.599
SONY,bis2022,sehr weit,10-25,134,1.515
SONY,bis2022,sehr weit,40-100,166,2.157
SONY,bis2022,sehr weit,unter Einstieg,68,0.601
SONY,ab2023,weit,0-10,22,0.168
SONY,ab2023,sehr weit,10-25,25,-0.105
SONY,ab2023,sehr weit,0-10,47,-0.081
SONY,ab2023,mittel,40-100,52,1.224
SONY,ab2023,sehr weit,25-40,20,-0.954
SONY,ab2023,sehr weit,40-100,51,-0.341
SONY,ab2023,weit,10-25,29,0.683
SONY,ab2023,weit,40-100,40,0.918
SONY,ab2023,weit,25-40,20,-1.088
SONY,ab2023,mittel,0-10,13,0.67
SONY,ab2023,mittel,25-40,21,1.164
SONY,ab2023,mittel,10-25,27,0.821
SONY,ab2023,sehr weit,unter Einstieg,36,1.196
SONY,ab2023,mittel,unter Einstieg,26,-0.734
SONY,ab2023,weit,unter Einstieg,68,-0.611
SPG,bis2022,mittel,0-10,154,-0.366
SPG,bis2022,mittel,10-25,152,-0.253
SPG,bis2022,weit,25-40,195,0.362
SPG,bis2022,weit,40-100,642,0.182
SPG,bis2022,sehr weit,0-10,251,-0.031
SPG,bis2022,sehr weit,10-25,176,0.486
SPG,bis2022,mittel,25-40,126,0.346
SPG,bis2022,mittel,unter Einstieg,955,0.06
SPG,bis2022,mittel,40-100,577,-0.057
SPG,bis2022,weit,0-10,158,0.073
SPG,bis2022,weit,10-25,260,-0.131
SPG,bis2022,weit,unter Einstieg,538,0.127
SPG,bis2022,sehr weit,40-100,503,1.471
SPG,bis2022,sehr weit,25-40,184,0.708
SPG,bis2022,sehr weit,unter Einstieg,179,1.396
SPG,ab2023,mittel,40-100,88,1.503
SPG,ab2023,mittel,unter Einstieg,74,1.912
SPG,ab2023,mittel,10-25,25,1.511
SPG,ab2023,mittel,25-40,35,1.481
SPG,ab2023,mittel,0-10,16,0.699
SPG,ab2023,weit,0-10,39,0.961
SPG,ab2023,weit,10-25,28,0.902
SPG,ab2023,weit,25-40,59,1.274
SPG,ab2023,weit,40-100,43,1.462
SPG,ab2023,sehr weit,10-25,44,0.707
SPG,ab2023,sehr weit,25-40,65,1.433
SPG,ab2023,sehr weit,40-100,134,2.417
SPG,ab2023,sehr weit,unter Einstieg,15,-0.336
SPG,ab2023,sehr weit,0-10,86,0.417
SPGI,bis2022,weit,0-10,200,-0.156
SPGI,bis2022,weit,40-100,449,0.574
SPGI,bis2022,weit,10-25,180,0.277
SPGI,bis2022,sehr weit,10-25,150,0.197
SPGI,bis2022,sehr weit,25-40,145,0.961
SPGI,bis2022,sehr weit,40-100,380,0.036
SPGI,bis2022,sehr weit,unter Einstieg,113,0.181
SPGI,bis2022,sehr weit,0-10,215,-0.026
SPGI,bis2022,mittel,10-25,133,0.548
SPGI,bis2022,mittel,40-100,309,0.517
SPGI,bis2022,mittel,25-40,103,0.555
SPGI,bis2022,mittel,0-10,137,0.243
SPGI,bis2022,weit,25-40,185,0.537
SPGI,bis2022,weit,unter Einstieg,463,0.431
SPGI,bis2022,mittel,unter Einstieg,477,-0.26
SPGI,ab2023,mittel,25-40,52,-0.108
SPGI,ab2023,mittel,40-100,257,0.242
SPGI,ab2023,mittel,10-25,53,0.208
SPGI,ab2023,weit,25-40,34,0.462
SPGI,ab2023,weit,0-10,25,0.44
SPGI,ab2023,sehr weit,0-10,34,0.246
SPGI,ab2023,mittel,unter Einstieg,170,1.417
SPGI,ab2023,mittel,0-10,32,-0.135
SPGI,ab2023,weit,10-25,30,0.348
SPGI,ab2023,weit,40-100,87,-0.637
SPGI,ab2023,weit,unter Einstieg,14,-0.471
SPGI,ab2023,sehr weit,40-100,57,-0.986
SPGI,ab2023,sehr weit,25-40,21,0.301
SPGI,ab2023,sehr weit,unter Einstieg,10,-1.187
SPGI,ab2023,sehr weit,10-25,24,-0.236
SPOT,bis2022,mittel,0-10,65,0.02
SPOT,bis2022,mittel,10-25,65,-0.272
SPOT,bis2022,weit,0-10,51,-0.096
SPOT,bis2022,frueh,10-25,4,-1.471
SPOT,bis2022,mittel,25-40,78,-0.151
SPOT,bis2022,mittel,40-100,185,0.174
SPOT,bis2022,mittel,unter Einstieg,363,0.202
SPOT,bis2022,weit,40-100,89,-0.398
SPOT,bis2022,weit,unter Einstieg,97,1.004
SPOT,bis2022,weit,10-25,46,-1.499
SPOT,bis2022,weit,25-40,26,-0.847
SPOT,bis2022,frueh,25-40,2,-0.313
SPOT,bis2022,sehr weit,0-10,28,0.193
SPOT,bis2022,sehr weit,25-40,3,1.525
SPOT,bis2022,sehr weit,10-25,13,-1.1
SPOT,bis2022,sehr weit,40-100,17,-3.545
SPOT,bis2022,sehr weit,unter Einstieg,14,-1.878
SPOT,bis2022,frueh,0-10,2,-1.262
SPOT,bis2022,frueh,40-100,13,0.59
SPOT,bis2022,frueh,unter Einstieg,33,0.691
SPOT,ab2023,mittel,0-10,20,0.475
SPOT,ab2023,weit,0-10,15,0.946
SPOT,ab2023,sehr weit,0-10,29,0.854
SPOT,ab2023,frueh,10-25,1,4.908
SPOT,ab2023,mittel,40-100,48,0.81
SPOT,ab2023,mittel,10-25,18,0.757
SPOT,ab2023,mittel,25-40,16,0.541
SPOT,ab2023,mittel,unter Einstieg,35,-0.709
SPOT,ab2023,sehr weit,10-25,18,1.12
SPOT,ab2023,sehr weit,40-100,40,1.254
SPOT,ab2023,sehr weit,25-40,34,3.198
SPOT,ab2023,weit,40-100,32,-2.888
SPOT,ab2023,weit,10-25,18,-0.173
SPOT,ab2023,weit,25-40,9,1.477
SPOT,ab2023,weit,unter Einstieg,38,-2.012
SPOT,ab2023,frueh,0-10,1,-3.421
SPOT,ab2023,sehr weit,unter Einstieg,5,-1.304
SRT3.DE,bis2022,mittel,10-25,137,-0.412
SRT3.DE,bis2022,mittel,0-10,153,-0.267
SRT3.DE,bis2022,frueh,10-25,5,-0.404
SRT3.DE,bis2022,weit,10-25,100,-0.386
SRT3.DE,bis2022,weit,25-40,77,-0.427
SRT3.DE,bis2022,weit,40-100,309,0.06
SRT3.DE,bis2022,frueh,0-10,7,0.108
SRT3.DE,bis2022,weit,unter Einstieg,98,0.322
SRT3.DE,bis2022,mittel,25-40,158,-0.194
SRT3.DE,bis2022,mittel,40-100,725,-1.078
SRT3.DE,bis2022,mittel,unter Einstieg,1016,-0.903
SRT3.DE,bis2022,weit,0-10,85,-0.097
SRT3.DE,bis2022,sehr weit,0-10,124,0.183
SRT3.DE,bis2022,frueh,40-100,20,0.16
SRT3.DE,bis2022,sehr weit,25-40,58,0.566
SRT3.DE,bis2022,sehr weit,40-100,180,-0.142
SRT3.DE,bis2022,sehr weit,unter Einstieg,95,-0.212
SRT3.DE,bis2022,frueh,unter Einstieg,22,0.166
SRT3.DE,bis2022,sehr weit,10-25,113,1.058
SRT3.DE,bis2022,frueh,25-40,3,-1.829
SRT3.DE,ab2023,mittel,40-100,139,-1.948
SRT3.DE,ab2023,mittel,unter Einstieg,182,-1.248
SRT3.DE,ab2023,mittel,10-25,43,-0.824
SRT3.DE,ab2023,mittel,0-10,35,-1.53
SRT3.DE,ab2023,mittel,25-40,45,-1.795
SRT3.DE,ab2023,frueh,0-10,4,-1.538
SRT3.DE,ab2023,weit,0-10,26,-1.392
SRT3.DE,ab2023,sehr weit,0-10,18,-1.1
SRT3.DE,ab2023,weit,25-40,20,-2.797
SRT3.DE,ab2023,weit,40-100,81,-0.348
SRT3.DE,ab2023,weit,unter Einstieg,55,0.335
SRT3.DE,ab2023,frueh,40-100,8,-1.393
SRT3.DE,ab2023,frueh,unter Einstieg,12,-1.094
SRT3.DE,ab2023,weit,10-25,30,-1.478
SRT3.DE,ab2023,sehr weit,10-25,39,-0.684
SRT3.DE,ab2023,sehr weit,25-40,42,-1.165
SRT3.DE,ab2023,sehr weit,40-100,130,0.573
SRT3.DE,ab2023,frueh,10-25,4,-1.066
SRT3.DE,ab2023,sehr weit,unter Einstieg,44,2.263
STX,bis2022,mittel,10-25,234,0.251
STX,bis2022,weit,0-10,123,-0.498
STX,bis2022,weit,40-100,432,-0.527
STX,bis2022,weit,unter Einstieg,363,-0.723
STX,bis2022,weit,10-25,198,-0.151
STX,bis2022,mittel,25-40,189,0.311
STX,bis2022,mittel,0-10,98,-0.086
STX,bis2022,sehr weit,0-10,219,0.005
STX,bis2022,sehr weit,40-100,275,0.421
STX,bis2022,sehr weit,unter Einstieg,93,0.099
STX,bis2022,mittel,40-100,500,0.501
STX,bis2022,mittel,unter Einstieg,808,0.457
STX,bis2022,weit,25-40,159,-0.034
STX,bis2022,sehr weit,10-25,187,0.438
STX,bis2022,sehr weit,25-40,186,0.583
STX,ab2023,mittel,10-25,12,0.208
STX,ab2023,mittel,40-100,29,-0.618
STX,ab2023,mittel,unter Einstieg,12,1.246
STX,ab2023,mittel,0-10,16,1.566
STX,ab2023,mittel,25-40,12,0.772
STX,ab2023,weit,10-25,13,-0.649
STX,ab2023,weit,25-40,8,1.982
STX,ab2023,weit,40-100,50,1.251
STX,ab2023,weit,unter Einstieg,42,-1.715
STX,ab2023,weit,0-10,17,1.209
STX,ab2023,sehr weit,0-10,22,2.143
STX,ab2023,sehr weit,40-100,7,3.828
STX,ab2023,sehr weit,10-25,11,2.68
STX,ab2023,sehr weit,25-40,5,1.822
STX,ab2023,sehr weit,unter Einstieg,1,5.34
SY1.DE,bis2022,weit,10-25,186,0.288
SY1.DE,bis2022,sehr weit,40-100,435,0.782
SY1.DE,bis2022,sehr weit,25-40,143,1.036
SY1.DE,bis2022,sehr weit,0-10,192,0.155
SY1.DE,bis2022,mittel,10-25,179,0.266
SY1.DE,bis2022,weit,40-100,526,0.487
SY1.DE,bis2022,weit,unter Einstieg,419,0.309
SY1.DE,bis2022,weit,0-10,117,0.227
SY1.DE,bis2022,mittel,40-100,474,0.556
SY1.DE,bis2022,mittel,25-40,161,0.193
SY1.DE,bis2022,weit,25-40,169,-0.124
SY1.DE,bis2022,mittel,unter Einstieg,639,0.437
SY1.DE,bis2022,sehr weit,10-25,163,0.652
SY1.DE,bis2022,mittel,0-10,77,-0.079
SY1.DE,bis2022,sehr weit,unter Einstieg,236,-0.066
SY1.DE,ab2023,mittel,0-10,21,0.03
SY1.DE,ab2023,mittel,40-100,96,0.111
SY1.DE,ab2023,mittel,10-25,33,0.34
SY1.DE,ab2023,weit,10-25,48,0.155
SY1.DE,ab2023,sehr weit,25-40,32,1.575
SY1.DE,ab2023,sehr weit,40-100,74,1.667
SY1.DE,ab2023,sehr weit,10-25,40,0.785
SY1.DE,ab2023,weit,40-100,106,1.592
SY1.DE,ab2023,weit,25-40,37,0.035
SY1.DE,ab2023,sehr weit,0-10,63,0.118
SY1.DE,ab2023,mittel,unter Einstieg,173,0.433
SY1.DE,ab2023,mittel,25-40,27,-0.475
SY1.DE,ab2023,weit,0-10,32,0.169
SY1.DE,ab2023,weit,unter Einstieg,97,0.361
SY1.DE,ab2023,sehr weit,unter Einstieg,2,0.965
SYK,bis2022,mittel,40-100,729,0.552
SYK,bis2022,mittel,25-40,206,0.23
SYK,bis2022,weit,40-100,491,0.42
SYK,bis2022,weit,25-40,173,-0.359
SYK,bis2022,weit,0-10,212,-0.03
SYK,bis2022,sehr weit,0-10,198,-0.132
SYK,bis2022,sehr weit,10-25,76,-0.268
SYK,bis2022,mittel,10-25,231,0.372
SYK,bis2022,sehr weit,25-40,46,-0.364
SYK,bis2022,weit,10-25,179,-0.065
SYK,bis2022,sehr weit,40-100,162,-0.186
SYK,bis2022,sehr weit,unter Einstieg,33,-0.949
SYK,bis2022,mittel,unter Einstieg,475,1.33
SYK,bis2022,mittel,0-10,194,0.325
SYK,bis2022,weit,unter Einstieg,262,1.809
SYK,ab2023,mittel,0-10,42,0.272
SYK,ab2023,mittel,40-100,88,0.044
SYK,ab2023,weit,0-10,33,0.457
SYK,ab2023,weit,10-25,30,0.253
SYK,ab2023,weit,40-100,74,1.304
SYK,ab2023,weit,25-40,29,0.264
SYK,ab2023,sehr weit,0-10,22,-0.137
SYK,ab2023,mittel,unter Einstieg,100,0.105
SYK,ab2023,sehr weit,40-100,32,0.079
SYK,ab2023,sehr weit,25-40,10,-0.051
SYK,ab2023,sehr weit,unter Einstieg,28,-1.371
SYK,ab2023,sehr weit,10-25,13,-0.261
SYK,ab2023,mittel,25-40,20,-0.833
SYK,ab2023,weit,unter Einstieg,26,2.227
SYK,ab2023,mittel,10-25,21,0.129
T,bis2022,mittel,40-100,909,0.585
T,bis2022,mittel,25-40,243,0.562
T,bis2022,mittel,10-25,233,0.339
T,bis2022,weit,0-10,161,0.108
T,bis2022,sehr weit,0-10,219,0.15
T,bis2022,sehr weit,10-25,187,0.897
T,bis2022,mittel,0-10,183,0.697
T,bis2022,sehr weit,25-40,111,1.385
T,bis2022,weit,40-100,660,-0.377
T,bis2022,weit,unter Einstieg,556,-0.168
T,bis2022,mittel,unter Einstieg,1269,0.316
T,bis2022,weit,10-25,231,0.271
T,bis2022,weit,25-40,180,0.523
T,bis2022,sehr weit,40-100,246,1.677
T,bis2022,sehr weit,unter Einstieg,57,0.209
T,ab2023,mittel,0-10,19,-0.019
T,ab2023,mittel,25-40,41,-0.488
T,ab2023,mittel,40-100,69,-0.142
T,ab2023,mittel,10-25,33,0.392
T,ab2023,weit,0-10,24,1.968
T,ab2023,sehr weit,10-25,32,0.756
T,ab2023,sehr weit,0-10,45,0.86
T,ab2023,sehr weit,25-40,10,1.218
T,ab2023,weit,40-100,53,0.143
T,ab2023,weit,10-25,38,-0.152
T,ab2023,weit,25-40,33,0.335
T,ab2023,weit,unter Einstieg,57,-1.327
T,ab2023,sehr weit,40-100,16,1.845
T,ab2023,mittel,unter Einstieg,95,-1.329
TD,bis2022,mittel,10-25,159,0.552
TD,bis2022,weit,25-40,132,0.19
TD,bis2022,weit,10-25,175,0.29
TD,bis2022,weit,40-100,323,-1.072
TD,bis2022,weit,0-10,151,-0.316
TD,bis2022,mittel,40-100,431,-0.211
TD,bis2022,mittel,unter Einstieg,512,-0.077
TD,bis2022,sehr weit,25-40,100,-1.401
TD,bis2022,sehr weit,0-10,215,-0.092
TD,bis2022,mittel,25-40,136,0.255
TD,bis2022,mittel,0-10,118,-0.078
TD,bis2022,sehr weit,40-100,321,-0.378
TD,bis2022,sehr weit,10-25,139,-0.929
TD,bis2022,sehr weit,unter Einstieg,112,-0.455
TD,bis2022,weit,unter Einstieg,207,-1.582
TD,ab2023,mittel,0-10,30,1.943
TD,ab2023,weit,0-10,37,0.603
TD,ab2023,sehr weit,40-100,16,-2.397
TD,ab2023,sehr weit,25-40,6,-2.581
TD,ab2023,sehr weit,10-25,13,0.514
TD,ab2023,sehr weit,0-10,97,0.533
TD,ab2023,weit,40-100,67,-1.089
TD,ab2023,weit,25-40,18,0.211
TD,ab2023,weit,10-25,38,0.189
TD,ab2023,mittel,10-25,31,-0.331
TD,ab2023,mittel,25-40,15,1.597
TD,ab2023,mittel,40-100,47,1.695
TD,ab2023,mittel,unter Einstieg,35,2.662
TD,ab2023,weit,unter Einstieg,24,1.666
TEAM,bis2022,mittel,25-40,97,-0.564
TEAM,bis2022,mittel,40-100,259,0.452
TEAM,bis2022,mittel,0-10,80,-0.184
TEAM,bis2022,weit,0-10,70,-0.008
TEAM,bis2022,weit,40-100,235,0.121
TEAM,bis2022,weit,25-40,65,0.749
TEAM,bis2022,weit,10-25,70,0.644
TEAM,bis2022,weit,unter Einstieg,141,-0.129
TEAM,bis2022,sehr weit,0-10,92,0.14
TEAM,bis2022,mittel,unter Einstieg,302,-0.22
TEAM,bis2022,mittel,10-25,90,-0.537
TEAM,bis2022,sehr weit,40-100,45,-3.039
TEAM,bis2022,sehr weit,unter Einstieg,26,-2.217
TEAM,bis2022,sehr weit,10-25,29,-1.561
TEAM,bis2022,sehr weit,25-40,9,-3.243
TEAM,ab2023,mittel,0-10,44,-0.324
TEAM,ab2023,sehr weit,10-25,22,-1.212
TEAM,ab2023,sehr weit,0-10,44,0.076
TEAM,ab2023,weit,25-40,32,-0.225
TEAM,ab2023,weit,40-100,78,-0.396
TEAM,ab2023,weit,unter Einstieg,141,-0.976
TEAM,ab2023,weit,0-10,23,0.054
TEAM,ab2023,weit,10-25,42,-0.951
TEAM,ab2023,mittel,40-100,141,0.47
TEAM,ab2023,mittel,25-40,45,-0.117
TEAM,ab2023,mittel,10-25,52,-0.835
TEAM,ab2023,mittel,unter Einstieg,214,-0.918
TEAM,ab2023,sehr weit,40-100,48,-2.252
TEAM,ab2023,sehr weit,25-40,9,1.316
TEAM,ab2023,sehr weit,unter Einstieg,52,-2.237
TJX,bis2022,mittel,25-40,221,1.015
TJX,bis2022,mittel,40-100,669,1.564
TJX,bis2022,mittel,0-10,181,0.685
TJX,bis2022,mittel,10-25,248,1.36
TJX,bis2022,weit,0-10,197,0.529
TJX,bis2022,sehr weit,0-10,190,-0.162
TJX,bis2022,weit,40-100,469,1.7
TJX,bis2022,weit,25-40,164,0.628
TJX,bis2022,mittel,unter Einstieg,695,1.406
TJX,bis2022,weit,10-25,176,0.7
TJX,bis2022,weit,unter Einstieg,305,2.101
TJX,bis2022,sehr weit,10-25,158,0.058
TJX,bis2022,sehr weit,40-100,356,1.493
TJX,bis2022,sehr weit,25-40,173,0.244
TJX,bis2022,sehr weit,unter Einstieg,36,1.283
TJX,bis2022,frueh,10-25,11,0.41
TJX,bis2022,frueh,25-40,8,1.25
TJX,bis2022,frueh,40-100,29,1.956
TJX,bis2022,frueh,unter Einstieg,70,3.3
TJX,bis2022,frueh,0-10,9,-0.08
TJX,ab2023,mittel,0-10,7,1.413
TJX,ab2023,weit,0-10,12,0.143
TJX,ab2023,weit,10-25,38,0.217
TJX,ab2023,weit,25-40,19,0.447
TJX,ab2023,weit,40-100,47,0.048
TJX,ab2023,weit,unter Einstieg,13,-0.017
TJX,ab2023,mittel,40-100,31,0.678
TJX,ab2023,mittel,unter Einstieg,36,1.11
TJX,ab2023,mittel,25-40,17,1.264
TJX,ab2023,mittel,10-25,17,1.421
TJX,ab2023,sehr weit,10-25,2,-0.89
TJX,ab2023,sehr weit,40-100,21,1.853
TJX,ab2023,sehr weit,unter Einstieg,1,2.769
TJX,ab2023,sehr weit,25-40,5,0.139
TJX,ab2023,sehr weit,0-10,15,-0.337
TJX,ab2023,frueh,10-25,1,2.569
TM,bis2022,mittel,10-25,180,-0.005
TM,bis2022,weit,0-10,210,-0.377
TM,bis2022,weit,10-25,200,0.261
TM,bis2022,sehr weit,10-25,164,-0.629
TM,bis2022,sehr weit,0-10,293,-0.228
TM,bis2022,sehr weit,25-40,170,-1.615
TM,bis2022,sehr weit,40-100,657,-0.758
TM,bis2022,sehr weit,unter Einstieg,314,-0.237
TM,bis2022,mittel,0-10,141,-0.063
TM,bis2022,mittel,40-100,553,0.545
TM,bis2022,mittel,unter Einstieg,1001,0.654
TM,bis2022,mittel,25-40,141,-0.062
TM,bis2022,weit,40-100,546,0.489
TM,bis2022,weit,unter Einstieg,527,0.635
TM,bis2022,weit,25-40,171,-0.07
TM,ab2023,mittel,40-100,116,1.957
TM,ab2023,weit,0-10,35,1.493
TM,ab2023,weit,40-100,69,1.823
TM,ab2023,sehr weit,10-25,67,-0.704
TM,ab2023,mittel,unter Einstieg,65,3.222
TM,ab2023,weit,10-25,32,0.274
TM,ab2023,sehr weit,25-40,49,-1.457
TM,ab2023,sehr weit,40-100,126,-0.873
TM,ab2023,sehr weit,unter Einstieg,118,3.015
TM,ab2023,mittel,25-40,30,1.081
TM,ab2023,weit,25-40,24,2.258
TM,ab2023,weit,unter Einstieg,77,1.565
TM,ab2023,sehr weit,0-10,104,-0.181
TM,ab2023,mittel,0-10,17,-0.024
TM,ab2023,mittel,10-25,36,2.406
TMO,bis2022,mittel,40-100,451,0.313
TMO,bis2022,mittel,25-40,131,0.699
TMO,bis2022,mittel,0-10,128,-0.038
TMO,bis2022,sehr weit,10-25,101,0.4
TMO,bis2022,mittel,10-25,147,0.403
TMO,bis2022,weit,10-25,153,0.182
TMO,bis2022,weit,0-10,135,0.297
TMO,bis2022,weit,40-100,393,0.246
TMO,bis2022,weit,25-40,123,0.31
TMO,bis2022,sehr weit,40-100,234,2.529
TMO,bis2022,sehr weit,unter Einstieg,102,1.675
TMO,bis2022,sehr weit,25-40,71,2.114
TMO,bis2022,sehr weit,0-10,147,0.406
TMO,bis2022,mittel,unter Einstieg,671,0.529
TMO,bis2022,weit,unter Einstieg,279,-0.173
TMO,ab2023,mittel,0-10,26,1.552
TMO,ab2023,mittel,25-40,36,0.319
TMO,ab2023,mittel,10-25,28,1.434
TMO,ab2023,weit,25-40,35,1.411
TMO,ab2023,weit,10-25,41,0.561
TMO,ab2023,weit,0-10,23,-0.049
TMO,ab2023,mittel,40-100,124,1.406
TMO,ab2023,mittel,unter Einstieg,273,2.167
TMO,ab2023,weit,40-100,101,1.617
TMO,ab2023,sehr weit,0-10,34,-0.408
TMO,ab2023,sehr weit,10-25,32,0.074
TMO,ab2023,weit,unter Einstieg,68,2.363
TMO,ab2023,sehr weit,40-100,7,2.006
TMO,ab2023,sehr weit,25-40,1,0.559
TMUS,bis2022,mittel,0-10,167,0.181
TMUS,bis2022,mittel,10-25,217,0.578
TMUS,bis2022,mittel,40-100,484,0.458
TMUS,bis2022,mittel,unter Einstieg,573,0.958
TMUS,bis2022,mittel,25-40,176,0.438
TMUS,bis2022,frueh,10-25,7,0.382
TMUS,bis2022,frueh,40-100,26,-0.721
TMUS,bis2022,weit,10-25,144,0.166
TMUS,bis2022,sehr weit,10-25,75,-0.256
TMUS,bis2022,sehr weit,25-40,49,-2.128
TMUS,bis2022,sehr weit,40-100,156,-0.471
TMUS,bis2022,sehr weit,unter Einstieg,140,-1.09
TMUS,bis2022,weit,25-40,95,0.485
TMUS,bis2022,weit,0-10,140,0.073
TMUS,bis2022,weit,40-100,295,0.594
TMUS,bis2022,weit,unter Einstieg,183,0.62
TMUS,bis2022,frueh,0-10,5,0.862
TMUS,bis2022,frueh,25-40,14,0.179
TMUS,bis2022,sehr weit,0-10,112,-0.344
TMUS,bis2022,frueh,unter Einstieg,52,1.822
TMUS,ab2023,mittel,10-25,34,0.375
TMUS,ab2023,sehr weit,0-10,22,0.275
TMUS,ab2023,sehr weit,10-25,14,1.473
TMUS,ab2023,mittel,40-100,75,-0.414
TMUS,ab2023,mittel,unter Einstieg,39,-0.673
TMUS,ab2023,mittel,0-10,43,-0.006
TMUS,ab2023,weit,10-25,15,0.242
TMUS,ab2023,weit,0-10,23,0.526
TMUS,ab2023,weit,40-100,82,1.972
TMUS,ab2023,weit,25-40,19,-0.836
TMUS,ab2023,mittel,25-40,32,0.063
TMUS,ab2023,frueh,0-10,2,1.045
TMUS,ab2023,weit,unter Einstieg,32,2.02
TMUS,ab2023,sehr weit,25-40,8,3.136
TMUS,ab2023,sehr weit,40-100,20,4.571
TMUS,ab2023,frueh,25-40,4,-2.268
TMUS,ab2023,frueh,40-100,10,-2.885
TMUS,ab2023,frueh,unter Einstieg,8,-1.498
TMUS,ab2023,frueh,10-25,1,-3.634
TRV,bis2022,weit,0-10,174,0.378
TRV,bis2022,sehr weit,40-100,531,-0.808
TRV,bis2022,sehr weit,10-25,203,-0.397
TRV,bis2022,sehr weit,0-10,379,-0.178
TRV,bis2022,mittel,10-25,128,0.07
TRV,bis2022,mittel,40-100,518,0.804
TRV,bis2022,mittel,unter Einstieg,575,0.984
TRV,bis2022,mittel,0-10,129,0.441
TRV,bis2022,weit,10-25,217,0.413
TRV,bis2022,weit,40-100,929,1.079
TRV,bis2022,weit,25-40,215,0.501
TRV,bis2022,weit,unter Einstieg,534,0.997
TRV,bis2022,sehr weit,25-40,152,-0.413
TRV,bis2022,sehr weit,unter Einstieg,162,-1.346
TRV,bis2022,mittel,25-40,116,0.568
TRV,ab2023,sehr weit,0-10,93,1.077
TRV,ab2023,sehr weit,25-40,52,2.443
TRV,ab2023,sehr weit,10-25,67,1.604
TRV,ab2023,sehr weit,40-100,240,3.057
TRV,ab2023,sehr weit,unter Einstieg,60,3.599
TRV,ab2023,weit,0-10,21,0.77
TRV,ab2023,weit,40-100,114,-1.383
TRV,ab2023,weit,25-40,43,-0.589
TRV,ab2023,weit,unter Einstieg,203,0.115
TRV,ab2023,mittel,0-10,16,-0.634
TRV,ab2023,mittel,10-25,19,-0.592
TRV,ab2023,mittel,40-100,61,-1.372
TRV,ab2023,mittel,25-40,24,-0.562
TRV,ab2023,mittel,unter Einstieg,158,-0.388
TRV,ab2023,weit,10-25,36,0.785
TSLA,bis2022,mittel,10-25,175,-0.518
TSLA,bis2022,mittel,40-100,501,0.436
TSLA,bis2022,mittel,25-40,180,-0.309
TSLA,bis2022,weit,10-25,175,-0.012
TSLA,bis2022,weit,40-100,233,0.287
TSLA,bis2022,weit,25-40,82,0.442
TSLA,bis2022,sehr weit,0-10,62,-0.287
TSLA,bis2022,weit,0-10,113,-0.345
TSLA,bis2022,mittel,0-10,166,-0.374
TSLA,bis2022,mittel,unter Einstieg,733,-0.219
TSLA,bis2022,sehr weit,40-100,111,-3.005
TSLA,bis2022,sehr weit,25-40,15,-1.969
TSLA,bis2022,sehr weit,10-25,75,-0.597
TSLA,bis2022,weit,unter Einstieg,192,-0.745
TSLA,bis2022,sehr weit,unter Einstieg,41,-1.721
TSLA,bis2022,frueh,25-40,17,-1.213
TSLA,bis2022,frueh,40-100,33,0.523
TSLA,bis2022,frueh,0-10,4,-0.184
TSLA,bis2022,frueh,unter Einstieg,107,-0.807
TSLA,bis2022,frueh,10-25,5,0.261
TSLA,ab2023,frueh,25-40,2,2.499
TSLA,ab2023,frueh,40-100,6,-1.647
TSLA,ab2023,mittel,10-25,57,-0.789
TSLA,ab2023,mittel,25-40,39,-0.897
TSLA,ab2023,mittel,0-10,53,0.014
TSLA,ab2023,weit,25-40,35,0.901
TSLA,ab2023,weit,40-100,77,0.326
TSLA,ab2023,weit,10-25,59,0.543
TSLA,ab2023,sehr weit,0-10,34,-0.073
TSLA,ab2023,mittel,40-100,151,-0.195
TSLA,ab2023,weit,0-10,34,0.388
TSLA,ab2023,weit,unter Einstieg,26,-0.323
TSLA,ab2023,frueh,unter Einstieg,17,-1.613
TSLA,ab2023,frueh,0-10,2,1.199
TSLA,ab2023,mittel,unter Einstieg,138,0.397
TSLA,ab2023,sehr weit,25-40,2,4.565
TSLA,ab2023,sehr weit,40-100,1,4.876
TSLA,ab2023,sehr weit,10-25,4,1.502
TSM,bis2022,mittel,25-40,218,0.169
TSM,bis2022,mittel,40-100,657,0.443
TSM,bis2022,mittel,unter Einstieg,1111,0.989
TSM,bis2022,mittel,10-25,228,0.338
TSM,bis2022,weit,0-10,212,-0.126
TSM,bis2022,weit,25-40,156,0.166
TSM,bis2022,weit,40-100,538,0.11
TSM,bis2022,weit,unter Einstieg,366,0.207
TSM,bis2022,weit,10-25,183,0.225
TSM,bis2022,sehr weit,0-10,181,-0.264
TSM,bis2022,sehr weit,25-40,60,0.686
TSM,bis2022,sehr weit,40-100,131,1.129
TSM,bis2022,sehr weit,unter Einstieg,52,-0.66
TSM,bis2022,mittel,0-10,194,0.279
TSM,bis2022,sehr weit,10-25,86,0.402
TSM,ab2023,mittel,10-25,16,-0.758
TSM,ab2023,weit,0-10,23,0.228
TSM,ab2023,sehr weit,25-40,30,-0.289
TSM,ab2023,sehr weit,10-25,24,0.375
TSM,ab2023,sehr weit,40-100,52,0.091
TSM,ab2023,sehr weit,unter Einstieg,33,-0.183
TSM,ab2023,mittel,40-100,50,-0.262
TSM,ab2023,mittel,unter Einstieg,127,0.401
TSM,ab2023,weit,40-100,37,0.76
TSM,ab2023,weit,unter Einstieg,29,1.292
TSM,ab2023,mittel,25-40,22,0.851
TSM,ab2023,weit,10-25,20,0.586
TSM,ab2023,sehr weit,0-10,20,0.113
TSM,ab2023,weit,25-40,15,0.765
TSM,ab2023,mittel,0-10,22,1.162
TTD,bis2022,weit,25-40,66,2.463
TTD,bis2022,weit,40-100,203,3.591
TTD,bis2022,sehr weit,0-10,115,0.59
TTD,bis2022,sehr weit,10-25,65,1.507
TTD,bis2022,mittel,40-100,265,1.15
TTD,bis2022,mittel,unter Einstieg,327,1.564
TTD,bis2022,weit,0-10,52,2.241
TTD,bis2022,weit,10-25,71,1.862
TTD,bis2022,sehr weit,25-40,17,3.58
TTD,bis2022,sehr weit,40-100,58,3.271
TTD,bis2022,mittel,0-10,76,1.94
TTD,bis2022,mittel,10-25,92,0.499
TTD,bis2022,mittel,25-40,65,1.701
TTD,bis2022,sehr weit,unter Einstieg,11,2.695
TTD,bis2022,weit,unter Einstieg,147,4.147
TTD,ab2023,mittel,0-10,17,-0.064
TTD,ab2023,mittel,10-25,26,0.724
TTD,ab2023,mittel,40-100,54,-0.477
TTD,ab2023,weit,0-10,15,-0.367
TTD,ab2023,mittel,25-40,21,1.944
TTD,ab2023,weit,10-25,23,0.551
TTD,ab2023,sehr weit,0-10,14,0.135
TTD,ab2023,sehr weit,40-100,1,1.931
TTD,ab2023,sehr weit,25-40,3,0.282
TTD,ab2023,sehr weit,10-25,4,1.047
TTD,ab2023,weit,40-100,15,-0.053
TTD,ab2023,weit,25-40,8,0.093
TTD,ab2023,mittel,unter Einstieg,66,-1.817
TTD,ab2023,weit,unter Einstieg,13,-1.928
TTE,bis2022,mittel,10-25,191,0.55
TTE,bis2022,mittel,25-40,183,0.547
TTE,bis2022,mittel,40-100,481,0.712
TTE,bis2022,weit,25-40,235,0.453
TTE,bis2022,weit,unter Einstieg,374,1.204
TTE,bis2022,mittel,unter Einstieg,548,0.876
TTE,bis2022,weit,0-10,255,0.195
TTE,bis2022,mittel,0-10,138,0.434
TTE,bis2022,weit,10-25,329,0.282
TTE,bis2022,weit,40-100,564,0.828
TTE,bis2022,sehr weit,0-10,373,0.036
TTE,bis2022,sehr weit,10-25,273,-0.156
TTE,bis2022,sehr weit,40-100,772,0.089
TTE,bis2022,sehr weit,unter Einstieg,293,0.801
TTE,bis2022,sehr weit,25-40,261,-0.473
TTE,ab2023,weit,0-10,28,-0.064
TTE,ab2023,weit,10-25,38,0.845
TTE,ab2023,sehr weit,0-10,46,-1.291
TTE,ab2023,sehr weit,10-25,24,-0.287
TTE,ab2023,sehr weit,25-40,29,-1.007
TTE,ab2023,sehr weit,40-100,118,-0.829
TTE,ab2023,sehr weit,unter Einstieg,36,-1.225
TTE,ab2023,mittel,10-25,34,0.134
TTE,ab2023,mittel,40-100,44,0.336
TTE,ab2023,mittel,25-40,17,0.285
TTE,ab2023,weit,25-40,20,1.185
TTE,ab2023,mittel,unter Einstieg,110,0.388
TTE,ab2023,weit,40-100,38,0.158
TTE,ab2023,weit,unter Einstieg,22,-0.233
TTE,ab2023,mittel,0-10,13,0.69
TTWO,bis2022,mittel,10-25,237,-0.407
TTWO,bis2022,mittel,40-100,810,-0.036
TTWO,bis2022,mittel,25-40,186,-0.273
TTWO,bis2022,mittel,unter Einstieg,840,0.024
TTWO,bis2022,weit,0-10,137,-0.155
TTWO,bis2022,sehr weit,10-25,116,-0.072
TTWO,bis2022,sehr weit,40-100,252,0.031
TTWO,bis2022,sehr weit,unter Einstieg,66,0.711
TTWO,bis2022,sehr weit,25-40,131,0.19
TTWO,bis2022,mittel,0-10,196,-0.118
TTWO,bis2022,weit,25-40,129,-0.242
TTWO,bis2022,weit,40-100,382,0.438
TTWO,bis2022,weit,unter Einstieg,220,2.147
TTWO,bis2022,frueh,40-100,33,-0.138
TTWO,bis2022,frueh,unter Einstieg,67,-0.092
TTWO,bis2022,weit,10-25,143,-0.026
TTWO,bis2022,sehr weit,0-10,126,0.082
TTWO,bis2022,frueh,0-10,5,0.395
TTWO,bis2022,frueh,25-40,10,-0.42
TTWO,bis2022,frueh,10-25,4,1.747
TTWO,ab2023,mittel,0-10,21,1.348
TTWO,ab2023,weit,0-10,20,0.632
TTWO,ab2023,weit,10-25,36,0.598
TTWO,ab2023,sehr weit,0-10,20,0.294
TTWO,ab2023,weit,25-40,23,0.659
TTWO,ab2023,mittel,25-40,36,0.025
TTWO,ab2023,mittel,40-100,81,0.619
TTWO,ab2023,mittel,10-25,38,0.442
TTWO,ab2023,weit,40-100,146,0.679
TTWO,ab2023,mittel,unter Einstieg,65,-1.423
TTWO,ab2023,weit,unter Einstieg,52,1.742
TTWO,ab2023,sehr weit,40-100,23,1.19
TTWO,ab2023,sehr weit,unter Einstieg,1,-1.486
TTWO,ab2023,sehr weit,10-25,10,1.861
TTWO,ab2023,sehr weit,25-40,7,2.031
TTWO,ab2023,frueh,25-40,1,0.443
TTWO,ab2023,frueh,40-100,1,0.547
TTWO,ab2023,frueh,0-10,1,0.105
TXN,bis2022,mittel,0-10,168,0.429
TXN,bis2022,weit,10-25,215,0.404
TXN,bis2022,weit,40-100,449,0.722
TXN,bis2022,weit,25-40,180,0.614
TXN,bis2022,sehr weit,40-100,326,0.909
TXN,bis2022,sehr weit,unter Einstieg,120,0.27
TXN,bis2022,sehr weit,25-40,163,0.646
TXN,bis2022,sehr weit,0-10,256,0.215
TXN,bis2022,mittel,40-100,573,0.851
TXN,bis2022,mittel,unter Einstieg,852,1.031
TXN,bis2022,weit,unter Einstieg,427,1.006
TXN,bis2022,sehr weit,10-25,148,0.287
TXN,bis2022,mittel,10-25,173,0.166
TXN,bis2022,weit,0-10,195,0.479
TXN,bis2022,mittel,25-40,185,0.512
TXN,ab2023,mittel,0-10,35,1.353
TXN,ab2023,mittel,40-100,99,-0.433
TXN,ab2023,mittel,unter Einstieg,118,-1.134
TXN,ab2023,mittel,25-40,45,-0.38
TXN,ab2023,mittel,10-25,67,0.35
TXN,ab2023,weit,40-100,66,0.881
TXN,ab2023,weit,0-10,37,0.312
TXN,ab2023,weit,25-40,19,1.41
TXN,ab2023,weit,10-25,48,0.322
TXN,ab2023,sehr weit,0-10,59,-0.175
TXN,ab2023,sehr weit,10-25,28,0.236
TXN,ab2023,sehr weit,40-100,33,1.942
TXN,ab2023,sehr weit,25-40,10,0.722
TXN,ab2023,weit,unter Einstieg,50,0.078
TXN,ab2023,sehr weit,unter Einstieg,43,2.958
UBER,bis2022,mittel,40-100,90,0.02
UBER,bis2022,sehr weit,0-10,64,-0.318
UBER,bis2022,sehr weit,40-100,71,-0.609
UBER,bis2022,sehr weit,unter Einstieg,70,0.185
UBER,bis2022,weit,0-10,47,-0.195
UBER,bis2022,weit,40-100,78,0.495
UBER,bis2022,weit,unter Einstieg,82,1.135
UBER,bis2022,mittel,25-40,40,-0.692
UBER,bis2022,mittel,unter Einstieg,212,1.373
UBER,bis2022,mittel,0-10,26,-0.975
UBER,bis2022,mittel,10-25,24,0.358
UBER,bis2022,weit,10-25,44,-0.61
UBER,bis2022,sehr weit,10-25,54,-0.278
UBER,bis2022,sehr weit,25-40,30,-0.334
UBER,bis2022,weit,25-40,27,-0.533
UBER,ab2023,weit,25-40,33,-1.702
UBER,ab2023,sehr weit,0-10,43,-0.208
UBER,ab2023,weit,10-25,33,-1.478
UBER,ab2023,sehr weit,10-25,27,-0.217
UBER,ab2023,mittel,10-25,20,-0.393
UBER,ab2023,weit,40-100,167,-1.871
UBER,ab2023,mittel,25-40,19,-1.493
UBER,ab2023,mittel,40-100,42,-2.374
UBER,ab2023,mittel,unter Einstieg,107,-1.794
UBER,ab2023,weit,0-10,11,-1.865
UBER,ab2023,weit,unter Einstieg,295,-1.602
UBER,ab2023,sehr weit,25-40,18,0.522
UBER,ab2023,sehr weit,40-100,152,0.236
UBER,ab2023,sehr weit,unter Einstieg,174,-0.069
UBER,ab2023,mittel,0-10,5,-1.203
UBS,bis2022,mittel,0-10,98,0.185
UBS,bis2022,weit,40-100,505,-0.296
UBS,bis2022,weit,25-40,185,0.155
UBS,bis2022,weit,unter Einstieg,520,0.092
UBS,bis2022,weit,0-10,218,0.065
UBS,bis2022,weit,10-25,209,0.007
UBS,bis2022,mittel,10-25,139,-0.279
UBS,bis2022,sehr weit,0-10,437,0.001
UBS,bis2022,sehr weit,10-25,335,0.023
UBS,bis2022,sehr weit,40-100,657,0.75
UBS,bis2022,sehr weit,unter Einstieg,504,0.939
UBS,bis2022,mittel,25-40,107,0.208
UBS,bis2022,mittel,40-100,325,-0.043
UBS,bis2022,mittel,unter Einstieg,558,-0.273
UBS,bis2022,sehr weit,25-40,222,0.366
UBS,ab2023,weit,40-100,60,0.257
UBS,ab2023,sehr weit,0-10,57,0.801
UBS,ab2023,sehr weit,25-40,23,1.074
UBS,ab2023,sehr weit,40-100,64,3.613
UBS,ab2023,sehr weit,10-25,40,1.303
UBS,ab2023,mittel,25-40,19,1.266
UBS,ab2023,mittel,0-10,29,-0.271
UBS,ab2023,weit,0-10,40,0.386
UBS,ab2023,weit,25-40,18,0.4
UBS,ab2023,weit,unter Einstieg,57,0.77
UBS,ab2023,weit,10-25,43,-0.221
UBS,ab2023,mittel,10-25,41,-0.193
UBS,ab2023,sehr weit,unter Einstieg,43,4.942
UBS,ab2023,mittel,40-100,32,0.456
UBS,ab2023,mittel,unter Einstieg,49,0.521
UL,bis2022,weit,0-10,233,-0.041
UL,bis2022,sehr weit,10-25,300,2.748
UL,bis2022,sehr weit,25-40,214,3.139
UL,bis2022,sehr weit,40-100,568,2.961
UL,bis2022,sehr weit,unter Einstieg,281,1.095
UL,bis2022,sehr weit,0-10,357,2.337
UL,bis2022,mittel,0-10,152,0.344
UL,bis2022,weit,25-40,267,0.136
UL,bis2022,mittel,10-25,209,0.553
UL,bis2022,mittel,unter Einstieg,816,0.357
UL,bis2022,mittel,40-100,682,0.128
UL,bis2022,mittel,25-40,205,0.431
UL,bis2022,weit,10-25,321,0.211
UL,bis2022,weit,40-100,760,0.24
UL,bis2022,weit,unter Einstieg,496,0.211
UL,ab2023,mittel,0-10,25,0.265
UL,ab2023,mittel,10-25,36,-0.62
UL,ab2023,mittel,unter Einstieg,105,0.362
UL,ab2023,mittel,40-100,80,0.264
UL,ab2023,weit,0-10,34,0.119
UL,ab2023,sehr weit,25-40,29,1.528
UL,ab2023,sehr weit,40-100,66,1.127
UL,ab2023,sehr weit,unter Einstieg,59,4.259
UL,ab2023,weit,10-25,50,-0.067
UL,ab2023,weit,40-100,71,-0.135
UL,ab2023,weit,unter Einstieg,66,-0.002
UL,ab2023,sehr weit,0-10,76,0.131
UL,ab2023,sehr weit,10-25,41,0.967
UL,ab2023,mittel,25-40,27,0.105
UL,ab2023,weit,25-40,20,0.339
UNH,bis2022,weit,10-25,170,0.664
UNH,bis2022,weit,25-40,121,0.787
UNH,bis2022,weit,0-10,159,0.681
UNH,bis2022,sehr weit,0-10,231,0.286
UNH,bis2022,mittel,40-100,357,0.631
UNH,bis2022,mittel,25-40,123,0.843
UNH,bis2022,sehr weit,25-40,105,1.64
UNH,bis2022,sehr weit,10-25,171,0.693
UNH,bis2022,weit,40-100,350,0.809
UNH,bis2022,mittel,unter Einstieg,371,0.138
UNH,bis2022,mittel,10-25,178,0.57
UNH,bis2022,mittel,0-10,91,1.114
UNH,bis2022,weit,unter Einstieg,142,-0.293
UNH,bis2022,sehr weit,40-100,208,2.287
UNH,bis2022,sehr weit,unter Einstieg,21,4.622
UNH,ab2023,weit,unter Einstieg,99,1.68
UNH,ab2023,weit,40-100,142,0.976
UNH,ab2023,mittel,unter Einstieg,212,0.249
UNH,ab2023,mittel,40-100,193,-1.182
UNH,ab2023,mittel,25-40,46,-0.332
UNH,ab2023,mittel,0-10,35,-0.972
UNH,ab2023,weit,10-25,50,0.563
UNH,ab2023,weit,25-40,35,-0.337
UNH,ab2023,weit,0-10,30,-0.307
UNH,ab2023,sehr weit,0-10,68,-0.312
UNH,ab2023,mittel,10-25,39,-1.642
UNH,ab2023,sehr weit,10-25,73,-1.763
UNH,ab2023,sehr weit,40-100,118,-1.89
UNH,ab2023,sehr weit,25-40,37,-0.8
UNH,ab2023,sehr weit,unter Einstieg,31,-2.173
UNP,bis2022,mittel,40-100,511,0.189
UNP,bis2022,mittel,unter Einstieg,618,0.045
UNP,bis2022,weit,0-10,176,0.167
UNP,bis2022,weit,25-40,124,0.386
UNP,bis2022,sehr weit,10-25,199,0.183
UNP,bis2022,sehr weit,25-40,162,1.369
UNP,bis2022,sehr weit,40-100,305,-0.416
UNP,bis2022,sehr weit,0-10,229,-0.135
UNP,bis2022,mittel,25-40,157,0.606
UNP,bis2022,weit,10-25,155,-0.022
UNP,bis2022,mittel,0-10,124,0.288
UNP,bis2022,weit,40-100,353,0.695
UNP,bis2022,mittel,10-25,184,0.432
UNP,bis2022,weit,unter Einstieg,248,0.28
UNP,bis2022,sehr weit,unter Einstieg,113,-0.607
UNP,ab2023,mittel,10-25,44,1.28
UNP,ab2023,weit,10-25,41,0.343
UNP,ab2023,weit,25-40,64,1.054
UNP,ab2023,weit,40-100,114,0.285
UNP,ab2023,weit,unter Einstieg,76,-0.287
UNP,ab2023,sehr weit,10-25,63,-0.131
UNP,ab2023,sehr weit,40-100,195,1.61
UNP,ab2023,sehr weit,25-40,26,0.298
UNP,ab2023,sehr weit,unter Einstieg,146,2.231
UNP,ab2023,mittel,40-100,139,2.059
UNP,ab2023,mittel,0-10,30,0.863
UNP,ab2023,mittel,25-40,49,1.022
UNP,ab2023,mittel,unter Einstieg,140,2.095
UNP,ab2023,weit,0-10,38,0.637
UNP,ab2023,sehr weit,0-10,96,0.62
UPS,bis2022,mittel,40-100,459,0.649
UPS,bis2022,mittel,unter Einstieg,387,1.421
UPS,bis2022,mittel,25-40,143,0.119
UPS,bis2022,weit,40-100,479,0.829
UPS,bis2022,weit,unter Einstieg,310,0.775
UPS,bis2022,mittel,10-25,134,-0.016
UPS,bis2022,weit,25-40,142,-0.097
UPS,bis2022,weit,10-25,168,-0.229
UPS,bis2022,mittel,0-10,140,0.512
UPS,bis2022,weit,0-10,138,-0.099
UPS,bis2022,sehr weit,40-100,496,1.663
UPS,bis2022,sehr weit,unter Einstieg,166,0.96
UPS,bis2022,sehr weit,10-25,243,-0.2
UPS,bis2022,sehr weit,25-40,166,-0.108
UPS,bis2022,sehr weit,0-10,191,-0.394
UPS,ab2023,mittel,10-25,51,1.207
UPS,ab2023,weit,10-25,59,1.014
UPS,ab2023,weit,40-100,181,1.082
UPS,ab2023,mittel,25-40,61,1.537
UPS,ab2023,mittel,40-100,272,1.592
UPS,ab2023,mittel,unter Einstieg,325,2.129
UPS,ab2023,weit,0-10,41,0.146
UPS,ab2023,sehr weit,0-10,59,-0.021
UPS,ab2023,sehr weit,25-40,50,1.268
UPS,ab2023,sehr weit,40-100,170,0.563
UPS,ab2023,sehr weit,10-25,61,1.021
UPS,ab2023,mittel,0-10,38,0.444
UPS,ab2023,weit,25-40,56,0.86
UPS,ab2023,weit,unter Einstieg,40,1.238
UPS,ab2023,sehr weit,unter Einstieg,13,-1.456
USB,bis2022,mittel,10-25,198,0.195
USB,bis2022,mittel,40-100,636,0.332
USB,bis2022,mittel,unter Einstieg,697,1.029
USB,bis2022,mittel,0-10,119,-0.163
USB,bis2022,weit,40-100,734,0.399
USB,bis2022,weit,unter Einstieg,525,0.416
USB,bis2022,weit,25-40,287,0.092
USB,bis2022,sehr weit,10-25,323,0.065
USB,bis2022,sehr weit,25-40,230,-0.152
USB,bis2022,sehr weit,40-100,522,0.025
USB,bis2022,sehr weit,0-10,301,-0.038
USB,bis2022,mittel,25-40,177,0.26
USB,bis2022,weit,10-25,267,-0.594
USB,bis2022,weit,0-10,218,-0.06
USB,bis2022,sehr weit,unter Einstieg,274,0.056
USB,ab2023,weit,10-25,37,1.553
USB,ab2023,weit,40-100,140,1.867
USB,ab2023,weit,unter Einstieg,86,1.208
USB,ab2023,mittel,10-25,39,1.181
USB,ab2023,mittel,40-100,114,1.88
USB,ab2023,mittel,unter Einstieg,81,1.331
USB,ab2023,mittel,25-40,29,1.079
USB,ab2023,weit,25-40,36,1.472
USB,ab2023,weit,0-10,33,0.928
USB,ab2023,sehr weit,0-10,126,0.975
USB,ab2023,mittel,0-10,33,0.777
USB,ab2023,sehr weit,25-40,40,2.728
USB,ab2023,sehr weit,40-100,104,1.928
USB,ab2023,sehr weit,unter Einstieg,98,0.891
USB,ab2023,sehr weit,10-25,56,2.095
V,bis2022,mittel,10-25,111,-0.109
V,bis2022,mittel,40-100,417,-0.276
V,bis2022,mittel,unter Einstieg,625,0.046
V,bis2022,mittel,0-10,132,-0.041
V,bis2022,mittel,25-40,98,0.526
V,bis2022,weit,40-100,417,0.657
V,bis2022,weit,unter Einstieg,214,1.736
V,bis2022,weit,10-25,106,0.446
V,bis2022,weit,25-40,126,0.228
V,bis2022,weit,0-10,110,0.024
V,bis2022,sehr weit,10-25,67,0.976
V,bis2022,sehr weit,0-10,98,0.239
V,bis2022,sehr weit,25-40,68,0.123
V,bis2022,sehr weit,40-100,330,0.082
V,bis2022,sehr weit,unter Einstieg,165,0.143
V,ab2023,weit,0-10,21,0.041
V,ab2023,weit,40-100,183,-0.986
V,ab2023,weit,unter Einstieg,163,-0.37
V,ab2023,weit,10-25,31,-0.812
V,ab2023,mittel,0-10,17,0.117
V,ab2023,mittel,10-25,32,-0.31
V,ab2023,mittel,40-100,62,0.263
V,ab2023,mittel,25-40,43,-1.4
V,ab2023,weit,25-40,26,-0.915
V,ab2023,sehr weit,0-10,25,-0.321
V,ab2023,sehr weit,40-100,50,-2.334
V,ab2023,sehr weit,unter Einstieg,16,-1.718
V,ab2023,sehr weit,25-40,12,-3.294
V,ab2023,sehr weit,10-25,14,-1.935
V,ab2023,mittel,unter Einstieg,103,0.519
VLO,bis2022,mittel,0-10,154,0.063
VLO,bis2022,mittel,40-100,721,0.303
VLO,bis2022,weit,10-25,254,-0.233
VLO,bis2022,weit,40-100,635,-0.178
VLO,bis2022,weit,0-10,172,0.12
VLO,bis2022,sehr weit,10-25,177,0.59
VLO,bis2022,sehr weit,0-10,227,-0.003
VLO,bis2022,mittel,25-40,187,0.412
VLO,bis2022,mittel,10-25,218,-0.07
VLO,bis2022,weit,25-40,217,-0.233
VLO,bis2022,weit,unter Einstieg,522,-0.382
VLO,bis2022,mittel,unter Einstieg,822,0.282
VLO,bis2022,sehr weit,25-40,122,0.638
VLO,bis2022,sehr weit,40-100,212,0.985
VLO,bis2022,sehr weit,unter Einstieg,58,-0.323
VLO,ab2023,mittel,0-10,30,-0.368
VLO,ab2023,mittel,10-25,42,-0.038
VLO,ab2023,mittel,40-100,178,-0.101
VLO,ab2023,mittel,unter Einstieg,326,1.262
VLO,ab2023,mittel,25-40,50,-0.162
VLO,ab2023,weit,10-25,51,-0.784
VLO,ab2023,weit,25-40,63,-1.173
VLO,ab2023,weit,40-100,234,-1.12
VLO,ab2023,weit,unter Einstieg,301,-1.422
VLO,ab2023,weit,0-10,38,-0.46
VLO,ab2023,sehr weit,0-10,51,0.055
VLO,ab2023,sehr weit,10-25,28,-0.158
VLO,ab2023,sehr weit,25-40,31,-0.362
VLO,ab2023,sehr weit,40-100,123,-0.57
VLO,ab2023,sehr weit,unter Einstieg,98,-1.598
VNA.DE,bis2022,frueh,unter Einstieg,20,-0.491
VNA.DE,bis2022,frueh,40-100,16,-1.061
VNA.DE,bis2022,mittel,40-100,339,1.08
VNA.DE,bis2022,mittel,unter Einstieg,289,0.75
VNA.DE,bis2022,mittel,0-10,97,0.429
VNA.DE,bis2022,mittel,25-40,126,0.859
VNA.DE,bis2022,mittel,10-25,131,0.484
VNA.DE,bis2022,weit,10-25,101,0.86
VNA.DE,bis2022,weit,40-100,279,0.612
VNA.DE,bis2022,weit,0-10,115,0.52
VNA.DE,bis2022,weit,25-40,111,0.962
VNA.DE,bis2022,sehr weit,10-25,74,0.222
VNA.DE,bis2022,sehr weit,0-10,121,0.05
VNA.DE,bis2022,sehr weit,25-40,57,-0.38
VNA.DE,bis2022,sehr weit,40-100,87,0.094
VNA.DE,bis2022,weit,unter Einstieg,193,-0.087
VNA.DE,bis2022,frueh,0-10,7,-0.554
VNA.DE,bis2022,frueh,10-25,13,-1.684
VNA.DE,bis2022,sehr weit,unter Einstieg,23,-1.186
VNA.DE,bis2022,frueh,25-40,5,-0.189
VNA.DE,ab2023,mittel,0-10,22,-0.033
VNA.DE,ab2023,mittel,unter Einstieg,144,0.478
VNA.DE,ab2023,mittel,40-100,99,-0.442
VNA.DE,ab2023,weit,10-25,57,0.73
VNA.DE,ab2023,mittel,25-40,45,1.259
VNA.DE,ab2023,mittel,10-25,64,0.47
VNA.DE,ab2023,weit,0-10,48,0.469
VNA.DE,ab2023,weit,25-40,28,0.858
VNA.DE,ab2023,weit,40-100,47,1.285
VNA.DE,ab2023,sehr weit,0-10,48,0.303
VNA.DE,ab2023,frueh,10-25,9,0.225
VNA.DE,ab2023,frueh,40-100,3,2.255
VNA.DE,ab2023,frueh,unter Einstieg,4,4.329
VNA.DE,ab2023,weit,unter Einstieg,22,3.137
VNA.DE,ab2023,sehr weit,10-25,15,1.15
VNA.DE,ab2023,sehr weit,40-100,25,-0.132
VNA.DE,ab2023,sehr weit,25-40,16,-0.337
VNA.DE,ab2023,sehr weit,unter Einstieg,2,2.927
VNA.DE,ab2023,frueh,25-40,7,-0.33
VNA.DE,ab2023,frueh,0-10,2,1.417
VOW3.DE,bis2022,mittel,25-40,239,0.396
VOW3.DE,bis2022,mittel,10-25,276,0.303
VOW3.DE,bis2022,mittel,40-100,569,0.765
VOW3.DE,bis2022,weit,0-10,137,0.024
VOW3.DE,bis2022,sehr weit,0-10,194,0.332
VOW3.DE,bis2022,sehr weit,25-40,80,0.033
VOW3.DE,bis2022,sehr weit,40-100,422,1.237
VOW3.DE,bis2022,sehr weit,10-25,182,0.281
VOW3.DE,bis2022,sehr weit,unter Einstieg,207,1.581
VOW3.DE,bis2022,weit,10-25,214,0.214
VOW3.DE,bis2022,weit,40-100,381,0.797
VOW3.DE,bis2022,weit,25-40,137,-0.123
VOW3.DE,bis2022,weit,unter Einstieg,337,-0.573
VOW3.DE,bis2022,mittel,unter Einstieg,881,0.185
VOW3.DE,bis2022,mittel,0-10,101,0.18
VOW3.DE,ab2023,mittel,40-100,126,-1.671
VOW3.DE,ab2023,mittel,10-25,41,-0.287
VOW3.DE,ab2023,sehr weit,0-10,59,-0.279
VOW3.DE,ab2023,mittel,25-40,53,-0.525
VOW3.DE,ab2023,weit,0-10,30,0.749
VOW3.DE,ab2023,mittel,0-10,19,1.145
VOW3.DE,ab2023,sehr weit,10-25,58,0.742
VOW3.DE,ab2023,sehr weit,25-40,43,0.192
VOW3.DE,ab2023,sehr weit,unter Einstieg,44,1.753
VOW3.DE,ab2023,sehr weit,40-100,104,-0.055
VOW3.DE,ab2023,mittel,unter Einstieg,108,-0.291
VOW3.DE,ab2023,weit,25-40,15,1.235
VOW3.DE,ab2023,weit,10-25,27,0.856
VOW3.DE,ab2023,weit,40-100,79,0.84
VOW3.DE,ab2023,weit,unter Einstieg,55,-0.655
VRSK,bis2022,mittel,25-40,117,1.389
VRSK,bis2022,mittel,40-100,366,1.943
VRSK,bis2022,mittel,0-10,94,0.64
VRSK,bis2022,weit,10-25,130,1.137
VRSK,bis2022,weit,25-40,94,1.078
VRSK,bis2022,weit,0-10,111,0.31
VRSK,bis2022,sehr weit,0-10,188,-0.061
VRSK,bis2022,sehr weit,10-25,145,0.476
VRSK,bis2022,mittel,10-25,143,0.634
VRSK,bis2022,weit,40-100,326,2.798
VRSK,bis2022,weit,unter Einstieg,295,2.051
VRSK,bis2022,sehr weit,25-40,115,0.373
VRSK,bis2022,mittel,unter Einstieg,423,2.863
VRSK,bis2022,sehr weit,40-100,270,3.068
VRSK,bis2022,sehr weit,unter Einstieg,123,-0.523
VRSK,ab2023,sehr weit,40-100,26,2.717
VRSK,ab2023,sehr weit,10-25,23,0.715
VRSK,ab2023,sehr weit,0-10,49,-0.095
VRSK,ab2023,mittel,10-25,40,-1.66
VRSK,ab2023,weit,25-40,18,-0.119
VRSK,ab2023,weit,10-25,36,-1.39
VRSK,ab2023,sehr weit,unter Einstieg,12,0.956
VRSK,ab2023,mittel,40-100,142,-1.388
VRSK,ab2023,mittel,25-40,44,-1.262
VRSK,ab2023,weit,0-10,20,-0.079
VRSK,ab2023,mittel,0-10,14,0.655
VRSK,ab2023,mittel,unter Einstieg,93,-1.082
VRSK,ab2023,sehr weit,25-40,7,2.179
VRSK,ab2023,weit,40-100,60,0.369
VRSK,ab2023,weit,unter Einstieg,49,-0.018
VRTX,bis2022,mittel,25-40,210,0.504
VRTX,bis2022,mittel,40-100,652,0.113
VRTX,bis2022,mittel,unter Einstieg,934,0.151
VRTX,bis2022,weit,10-25,241,1.066
VRTX,bis2022,mittel,0-10,147,0.576
VRTX,bis2022,weit,0-10,155,0.223
VRTX,bis2022,sehr weit,10-25,227,0.237
VRTX,bis2022,sehr weit,40-100,567,1.85
VRTX,bis2022,sehr weit,25-40,271,1.139
VRTX,bis2022,sehr weit,0-10,281,-0.054
VRTX,bis2022,sehr weit,unter Einstieg,146,1.862
VRTX,bis2022,mittel,10-25,194,-0.114
VRTX,bis2022,weit,25-40,207,1.388
VRTX,bis2022,weit,40-100,666,1.542
VRTX,bis2022,weit,unter Einstieg,310,1.049
VRTX,ab2023,mittel,40-100,138,1.845
VRTX,ab2023,mittel,unter Einstieg,69,3.081
VRTX,ab2023,mittel,10-25,38,0.828
VRTX,ab2023,mittel,0-10,29,0.695
VRTX,ab2023,weit,0-10,33,0.634
VRTX,ab2023,sehr weit,0-10,83,-0.36
VRTX,ab2023,mittel,25-40,53,1.182
VRTX,ab2023,weit,40-100,45,2.709
VRTX,ab2023,weit,10-25,26,1.247
VRTX,ab2023,weit,25-40,20,1.827
VRTX,ab2023,sehr weit,25-40,29,0.735
VRTX,ab2023,sehr weit,10-25,48,0.321
VRTX,ab2023,sehr weit,40-100,50,1.547
VRTX,ab2023,weit,unter Einstieg,2,4.458
VRTX,ab2023,sehr weit,unter Einstieg,51,-1.532
VZ,bis2022,mittel,10-25,133,-0.189
VZ,bis2022,weit,10-25,180,-0.272
VZ,bis2022,weit,25-40,144,-0.089
VZ,bis2022,weit,40-100,395,-0.405
VZ,bis2022,weit,unter Einstieg,527,-0.748
VZ,bis2022,sehr weit,10-25,293,0.172
VZ,bis2022,sehr weit,25-40,170,0.451
VZ,bis2022,sehr weit,40-100,483,0.962
VZ,bis2022,sehr weit,unter Einstieg,272,0.81
VZ,bis2022,sehr weit,0-10,298,-0.006
VZ,bis2022,weit,0-10,103,0.019
VZ,bis2022,mittel,25-40,120,-0.171
VZ,bis2022,mittel,0-10,73,0.151
VZ,bis2022,mittel,40-100,359,0.258
VZ,bis2022,mittel,unter Einstieg,736,-0.061
VZ,ab2023,weit,25-40,38,1.918
VZ,ab2023,weit,0-10,18,1.21
VZ,ab2023,weit,40-100,155,2.592
VZ,ab2023,weit,10-25,24,1.387
VZ,ab2023,sehr weit,10-25,43,1.462
VZ,ab2023,sehr weit,0-10,97,0.515
VZ,ab2023,mittel,25-40,25,2.04
VZ,ab2023,mittel,10-25,19,0.601
VZ,ab2023,sehr weit,40-100,84,2.7
VZ,ab2023,sehr weit,unter Einstieg,64,5.803
VZ,ab2023,mittel,40-100,62,2.525
VZ,ab2023,mittel,unter Einstieg,118,4.504
VZ,ab2023,weit,unter Einstieg,115,3.49
VZ,ab2023,sehr weit,25-40,30,1.05
VZ,ab2023,mittel,0-10,23,0.829
WBD,bis2022,weit,25-40,200,-0.186
WBD,bis2022,weit,10-25,196,0.086
WBD,bis2022,sehr weit,0-10,272,-0.154
WBD,bis2022,sehr weit,10-25,196,-0.197
WBD,bis2022,sehr weit,25-40,217,-0.296
WBD,bis2022,sehr weit,40-100,694,0.897
WBD,bis2022,sehr weit,unter Einstieg,567,1.079
WBD,bis2022,mittel,25-40,183,0.29
WBD,bis2022,mittel,10-25,165,-0.521
WBD,bis2022,weit,0-10,157,-0.389
WBD,bis2022,mittel,0-10,132,0.123
WBD,bis2022,mittel,40-100,588,0.173
WBD,bis2022,weit,40-100,572,-0.075
WBD,bis2022,weit,unter Einstieg,329,-0.416
WBD,bis2022,mittel,unter Einstieg,639,0.234
WBD,ab2023,mittel,40-100,67,-1.902
WBD,ab2023,mittel,0-10,14,-2.269
WBD,ab2023,mittel,unter Einstieg,131,-1.25
WBD,ab2023,mittel,25-40,19,0.544
WBD,ab2023,mittel,10-25,37,-0.325
WBD,ab2023,weit,0-10,9,2.701
WBD,ab2023,weit,40-100,55,0.345
WBD,ab2023,weit,unter Einstieg,94,0.941
WBD,ab2023,weit,10-25,15,0.157
WBD,ab2023,sehr weit,10-25,21,-1.703
WBD,ab2023,sehr weit,0-10,23,-1.988
WBD,ab2023,weit,25-40,14,1.144
WBD,ab2023,sehr weit,25-40,22,-1.986
WBD,ab2023,sehr weit,unter Einstieg,56,1.16
WBD,ab2023,sehr weit,40-100,135,-2.192
WDAY,bis2022,mittel,10-25,143,-0.031
WDAY,bis2022,mittel,40-100,351,0.201
WDAY,bis2022,mittel,unter Einstieg,483,0.921
WDAY,bis2022,weit,10-25,115,0.89
WDAY,bis2022,weit,40-100,204,1.362
WDAY,bis2022,weit,25-40,92,-0.285
WDAY,bis2022,sehr weit,10-25,95,-0.599
WDAY,bis2022,mittel,25-40,132,-0.223
WDAY,bis2022,mittel,0-10,67,1.135
WDAY,bis2022,weit,0-10,126,1.301
WDAY,bis2022,sehr weit,0-10,147,0.363
WDAY,bis2022,weit,unter Einstieg,90,0.573
WDAY,bis2022,sehr weit,25-40,43,-1.047
WDAY,bis2022,sehr weit,40-100,52,3.147
WDAY,bis2022,sehr weit,unter Einstieg,81,-0.617
WDAY,ab2023,mittel,25-40,39,-1.544
WDAY,ab2023,mittel,40-100,102,-0.825
WDAY,ab2023,weit,0-10,29,0.456
WDAY,ab2023,weit,25-40,16,0.207
WDAY,ab2023,weit,10-25,30,0.717
WDAY,ab2023,sehr weit,0-10,44,-0.508
WDAY,ab2023,sehr weit,10-25,18,-2.498
WDAY,ab2023,mittel,0-10,23,-0.349
WDAY,ab2023,weit,40-100,59,-0.025
WDAY,ab2023,mittel,10-25,35,-0.759
WDAY,ab2023,mittel,unter Einstieg,160,-0.521
WDAY,ab2023,sehr weit,25-40,22,-2.5
WDAY,ab2023,sehr weit,40-100,127,-2.358
WDAY,ab2023,sehr weit,unter Einstieg,72,-0.546
WDAY,ab2023,weit,unter Einstieg,79,2.437
WDC,bis2022,mittel,25-40,155,0.009
WDC,bis2022,mittel,40-100,478,-0.397
WDC,bis2022,mittel,unter Einstieg,694,-0.636
WDC,bis2022,mittel,10-25,130,0.299
WDC,bis2022,weit,10-25,124,-0.438
WDC,bis2022,weit,40-100,346,-0.001
WDC,bis2022,weit,unter Einstieg,227,-0.745
WDC,bis2022,weit,25-40,115,0.34
WDC,bis2022,mittel,0-10,134,0.019
WDC,bis2022,weit,0-10,127,0.043
WDC,bis2022,sehr weit,0-10,175,0.405
WDC,bis2022,sehr weit,10-25,159,0.413
WDC,bis2022,sehr weit,40-100,225,0.897
WDC,bis2022,sehr weit,25-40,73,0.879
WDC,bis2022,sehr weit,unter Einstieg,69,-1.017
WDC,ab2023,mittel,0-10,40,0.724
WDC,ab2023,sehr weit,0-10,34,-0.456
WDC,ab2023,mittel,40-100,62,2.146
WDC,ab2023,mittel,unter Einstieg,17,1.328
WDC,ab2023,mittel,10-25,23,1.337
WDC,ab2023,weit,10-25,27,0.67
WDC,ab2023,weit,25-40,15,1.12
WDC,ab2023,weit,40-100,30,2.139
WDC,ab2023,weit,unter Einstieg,5,-1.077
WDC,ab2023,sehr weit,10-25,21,-0.087
WDC,ab2023,sehr weit,40-100,81,2.04
WDC,ab2023,sehr weit,unter Einstieg,19,2.011
WDC,ab2023,weit,0-10,19,0.75
WDC,ab2023,mittel,25-40,13,1.696
WDC,ab2023,sehr weit,25-40,9,1.135
WELL,bis2022,mittel,0-10,226,0.504
WELL,bis2022,weit,10-25,202,0.42
WELL,bis2022,sehr weit,0-10,254,0.018
WELL,bis2022,sehr weit,40-100,415,0.507
WELL,bis2022,sehr weit,25-40,164,0.305
WELL,bis2022,sehr weit,10-25,168,0.304
WELL,bis2022,mittel,40-100,706,0.324
WELL,bis2022,weit,0-10,259,0.163
WELL,bis2022,weit,25-40,181,0.612
WELL,bis2022,weit,40-100,508,0.887
WELL,bis2022,mittel,25-40,208,0.743
WELL,bis2022,mittel,unter Einstieg,748,0.27
WELL,bis2022,mittel,10-25,193,-0.006
WELL,bis2022,weit,unter Einstieg,390,1.74
WELL,bis2022,sehr weit,unter Einstieg,132,1.179
WELL,ab2023,mittel,0-10,18,1.288
WELL,ab2023,mittel,10-25,22,2.113
WELL,ab2023,mittel,25-40,13,2.385
WELL,ab2023,mittel,unter Einstieg,42,5.849
WELL,ab2023,mittel,40-100,35,3.712
WELL,ab2023,sehr weit,10-25,91,0.735
WELL,ab2023,weit,0-10,15,0.775
WELL,ab2023,weit,25-40,7,1.715
WELL,ab2023,weit,40-100,28,3.821
WELL,ab2023,weit,unter Einstieg,24,6.577
WELL,ab2023,weit,10-25,17,1.953
WELL,ab2023,sehr weit,0-10,38,0.472
WELL,ab2023,sehr weit,25-40,90,1.143
WELL,ab2023,sehr weit,40-100,130,2.268
WELL,ab2023,sehr weit,unter Einstieg,7,4.305
WFC,bis2022,mittel,10-25,181,-0.65
WFC,bis2022,mittel,40-100,633,-0.472
WFC,bis2022,mittel,25-40,165,-0.934
WFC,bis2022,mittel,unter Einstieg,1413,-0.4
WFC,bis2022,weit,0-10,147,-0.599
WFC,bis2022,weit,25-40,177,0.069
WFC,bis2022,weit,40-100,661,-0.623
WFC,bis2022,weit,unter Einstieg,795,-0.967
WFC,bis2022,mittel,0-10,122,-0.286
WFC,bis2022,sehr weit,0-10,192,-0.517
WFC,bis2022,sehr weit,25-40,226,-0.657
WFC,bis2022,sehr weit,40-100,819,-1.477
WFC,bis2022,weit,10-25,229,-0.369
WFC,bis2022,sehr weit,10-25,248,-0.287
WFC,bis2022,sehr weit,unter Einstieg,312,-0.716
WFC,ab2023,mittel,10-25,22,0.021
WFC,ab2023,mittel,0-10,32,-0.256
WFC,ab2023,weit,0-10,33,-0.159
WFC,ab2023,mittel,40-100,33,0.887
WFC,ab2023,mittel,25-40,23,0.029
WFC,ab2023,weit,25-40,12,0.098
WFC,ab2023,sehr weit,0-10,51,-0.989
WFC,ab2023,weit,10-25,30,-0.078
WFC,ab2023,mittel,unter Einstieg,21,-0.642
WFC,ab2023,sehr weit,10-25,46,-0.857
WFC,ab2023,sehr weit,25-40,27,-2.437
WFC,ab2023,sehr weit,40-100,47,-2.504
WFC,ab2023,sehr weit,unter Einstieg,29,-1.906
WFC,ab2023,weit,40-100,30,0.75
WFC,ab2023,weit,unter Einstieg,15,0.103
WMT,bis2022,mittel,10-25,240,0.456
WMT,bis2022,mittel,40-100,774,0.691
WMT,bis2022,mittel,unter Einstieg,940,1.161
WMT,bis2022,mittel,25-40,219,0.245
WMT,bis2022,sehr weit,25-40,135,0.25
WMT,bis2022,weit,25-40,221,0.626
WMT,bis2022,weit,40-100,765,0.68
WMT,bis2022,mittel,0-10,143,0.102
WMT,bis2022,weit,10-25,246,0.116
WMT,bis2022,weit,0-10,158,-0.087
WMT,bis2022,sehr weit,0-10,276,0.385
WMT,bis2022,sehr weit,10-25,175,0.497
WMT,bis2022,weit,unter Einstieg,618,1.122
WMT,bis2022,sehr weit,40-100,515,-0.058
WMT,bis2022,sehr weit,unter Einstieg,218,0.83
WMT,ab2023,mittel,10-25,16,1.49
WMT,ab2023,weit,40-100,72,1.944
WMT,ab2023,weit,unter Einstieg,68,1.122
WMT,ab2023,weit,25-40,18,1.419
WMT,ab2023,weit,10-25,25,0.852
WMT,ab2023,mittel,0-10,11,0.137
WMT,ab2023,weit,0-10,10,0.335
WMT,ab2023,sehr weit,0-10,52,0.536
WMT,ab2023,mittel,25-40,19,3.844
WMT,ab2023,mittel,40-100,40,3.763
WMT,ab2023,sehr weit,10-25,13,2.531
WMT,ab2023,mittel,unter Einstieg,16,2.638
WMT,ab2023,sehr weit,40-100,54,6.158
WMT,ab2023,sehr weit,25-40,17,4.113
WMT,ab2023,sehr weit,unter Einstieg,18,7.617
XEL,bis2022,mittel,40-100,1064,0.382
XEL,bis2022,weit,25-40,224,0.339
XEL,bis2022,weit,10-25,216,0.311
XEL,bis2022,weit,40-100,685,0.852
XEL,bis2022,weit,unter Einstieg,357,2.36
XEL,bis2022,mittel,unter Einstieg,950,0.236
XEL,bis2022,mittel,25-40,284,0.292
XEL,bis2022,weit,0-10,187,-0.099
XEL,bis2022,mittel,10-25,235,0.201
XEL,bis2022,sehr weit,0-10,197,0.266
XEL,bis2022,mittel,0-10,162,0.33
XEL,bis2022,sehr weit,10-25,137,0.486
XEL,bis2022,sehr weit,25-40,141,1.409
XEL,bis2022,sehr weit,40-100,317,2.196
XEL,bis2022,sehr weit,unter Einstieg,161,3.619
XEL,ab2023,mittel,25-40,40,0.875
XEL,ab2023,mittel,unter Einstieg,103,0.153
XEL,ab2023,mittel,40-100,149,1.467
XEL,ab2023,mittel,10-25,50,1.181
XEL,ab2023,sehr weit,10-25,39,1.245
XEL,ab2023,sehr weit,25-40,12,1.848
XEL,ab2023,sehr weit,40-100,47,3.212
XEL,ab2023,sehr weit,unter Einstieg,27,5.224
XEL,ab2023,sehr weit,0-10,41,0.154
XEL,ab2023,weit,25-40,58,2.336
XEL,ab2023,weit,40-100,114,2.561
XEL,ab2023,weit,unter Einstieg,56,1.851
XEL,ab2023,weit,0-10,38,0.818
XEL,ab2023,mittel,0-10,42,1.042
XEL,ab2023,weit,10-25,56,1.299
XOM,bis2022,mittel,40-100,442,0.715
XOM,bis2022,weit,10-25,216,0.362
XOM,bis2022,weit,0-10,195,0.372
XOM,bis2022,weit,40-100,506,1.055
XOM,bis2022,weit,25-40,181,0.468
XOM,bis2022,sehr weit,0-10,327,0.004
XOM,bis2022,sehr weit,10-25,246,0.506
XOM,bis2022,sehr weit,25-40,217,0.616
XOM,bis2022,mittel,10-25,164,0.48
XOM,bis2022,mittel,0-10,114,0.336
XOM,bis2022,mittel,unter Einstieg,647,0.136
XOM,bis2022,weit,unter Einstieg,438,1.048
XOM,bis2022,mittel,25-40,137,0.762
XOM,bis2022,sehr weit,40-100,542,0.228
XOM,bis2022,sehr weit,unter Einstieg,243,-0.04
XOM,ab2023,mittel,10-25,25,0.756
XOM,ab2023,weit,25-40,52,1.03
XOM,ab2023,weit,40-100,159,2.186
XOM,ab2023,weit,10-25,49,1.317
XOM,ab2023,sehr weit,0-10,75,0.471
XOM,ab2023,mittel,0-10,20,-0.224
XOM,ab2023,mittel,40-100,109,0.989
XOM,ab2023,mittel,unter Einstieg,170,1.156
XOM,ab2023,weit,0-10,38,0.692
XOM,ab2023,weit,unter Einstieg,107,2.159
XOM,ab2023,mittel,25-40,22,1.079
XOM,ab2023,sehr weit,10-25,118,1.106
XOM,ab2023,sehr weit,40-100,213,2.975
XOM,ab2023,sehr weit,25-40,65,1.114
XOM,ab2023,sehr weit,unter Einstieg,71,1.546
ZAL.DE,bis2022,mittel,10-25,109,-1.037
ZAL.DE,bis2022,mittel,0-10,94,-0.898
ZAL.DE,bis2022,mittel,25-40,105,-1.2
ZAL.DE,bis2022,weit,0-10,51,-0.541
ZAL.DE,bis2022,sehr weit,25-40,19,-2.915
ZAL.DE,bis2022,mittel,40-100,282,-0.832
ZAL.DE,bis2022,weit,10-25,72,-0.889
ZAL.DE,bis2022,sehr weit,10-25,26,-2.136
ZAL.DE,bis2022,mittel,unter Einstieg,442,-0.004
ZAL.DE,bis2022,weit,25-40,59,-1.101
ZAL.DE,bis2022,weit,40-100,184,-0.11
ZAL.DE,bis2022,weit,unter Einstieg,169,-0.208
ZAL.DE,bis2022,sehr weit,0-10,38,0.032
ZAL.DE,bis2022,sehr weit,40-100,51,-3.385
ZAL.DE,bis2022,sehr weit,unter Einstieg,42,-1.347
ZAL.DE,ab2023,mittel,unter Einstieg,140,-0.983
ZAL.DE,ab2023,mittel,10-25,38,-1.708
ZAL.DE,ab2023,weit,40-100,59,-0.557
ZAL.DE,ab2023,weit,unter Einstieg,57,-1.914
ZAL.DE,ab2023,weit,0-10,33,-0.508
ZAL.DE,ab2023,weit,10-25,39,-0.121
ZAL.DE,ab2023,weit,25-40,24,0.178
ZAL.DE,ab2023,sehr weit,0-10,55,0.029
ZAL.DE,ab2023,sehr weit,40-100,160,-2.018
ZAL.DE,ab2023,sehr weit,unter Einstieg,75,-0.022
ZAL.DE,ab2023,sehr weit,10-25,39,-2.288
ZAL.DE,ab2023,mittel,0-10,28,-1.036
ZAL.DE,ab2023,mittel,40-100,82,-1.655
ZAL.DE,ab2023,sehr weit,25-40,49,-4.037
ZAL.DE,ab2023,mittel,25-40,18,-0.488
ZS,bis2022,mittel,0-10,47,0.176
ZS,bis2022,weit,0-10,57,0.227
ZS,bis2022,sehr weit,0-10,60,0.029
ZS,bis2022,sehr weit,10-25,32,0.934
ZS,bis2022,sehr weit,25-40,26,-0.526
ZS,bis2022,mittel,10-25,97,0.478
ZS,bis2022,mittel,25-40,70,1.195
ZS,bis2022,mittel,40-100,184,1.372
ZS,bis2022,mittel,unter Einstieg,336,2.246
ZS,bis2022,weit,25-40,34,-0.47
ZS,bis2022,weit,10-25,39,-0.272
ZS,bis2022,weit,40-100,101,-0.478
ZS,bis2022,weit,unter Einstieg,129,-0.761
ZS,bis2022,sehr weit,40-100,79,-1.889
ZS,bis2022,sehr weit,unter Einstieg,78,-0.795
ZS,ab2023,mittel,40-100,125,-0.544
ZS,ab2023,mittel,25-40,40,-0.211
ZS,ab2023,weit,10-25,27,0.134
ZS,ab2023,sehr weit,25-40,15,1.167
ZS,ab2023,sehr weit,40-100,17,2.843
ZS,ab2023,sehr weit,10-25,28,0.789
ZS,ab2023,sehr weit,0-10,53,0.156
ZS,ab2023,weit,40-100,73,-0.518
ZS,ab2023,mittel,10-25,47,-0.288
ZS,ab2023,mittel,unter Einstieg,157,-1.028
ZS,ab2023,mittel,0-10,13,0.114
ZS,ab2023,weit,0-10,17,0.355
ZS,ab2023,weit,25-40,21,-0.7
ZS,ab2023,weit,unter Einstieg,24,-1.199
