ticker,merkmal,ziel,n_mit_bis2022,n_ohne_bis2022,diff_bis2022,n_mit_ab2023,n_ohne_ab2023,diff_ab2023
AAPL,rot,ganz_weg,1972,2733,-2.0,508,733,-0.3
AAPL,rot,halb_weg,1972,2733,3.6,508,733,-7.6
AAPL,rot_vol,ganz_weg,905,3800,-5.0,186,1055,-3.7
AAPL,rot_vol,halb_weg,905,3800,0.2,186,1055,-12.8
AAPL,alarm187,ganz_weg,1773,2932,-1.2,420,821,-0.4
AAPL,alarm187,halb_weg,1773,2932,3.3,420,821,-4.1
AAPL,hoch_heute,ganz_weg,2850,1855,-0.0,742,499,-0.4
AAPL,hoch_heute,halb_weg,2850,1855,-0.2,742,499,2.2
AAPL,rsi_hoch,ganz_weg,1995,2665,-2.2,506,735,-2.9
AAPL,rsi_hoch,halb_weg,1995,2665,-5.4,506,735,-4.0
AAPL,ema_weit,ganz_weg,1607,3053,-1.9,309,932,-1.6
AAPL,ema_weit,halb_weg,1607,3053,-2.8,309,932,-3.5
AAPL,schnell,ganz_weg,1073,3632,2.6,171,1070,9.3
AAPL,schnell,halb_weg,1073,3632,0.2,171,1070,15.4
AAPL,boden2,ganz_weg,1353,3352,-2.5,343,898,1.2
AAPL,boden2,halb_weg,1353,3352,-2.3,343,898,-3.8
ABBV,rot,ganz_weg,1121,1454,1.1,638,876,3.1
ABBV,rot,halb_weg,1121,1454,-1.0,638,876,4.3
ABBV,rot_vol,ganz_weg,415,2160,8.7,201,1313,2.3
ABBV,rot_vol,halb_weg,415,2160,3.8,201,1313,2.4
ABBV,alarm187,ganz_weg,819,1756,-2.5,500,1014,-3.1
ABBV,alarm187,halb_weg,819,1756,-2.4,500,1014,1.0
ABBV,hoch_heute,ganz_weg,1404,1171,-0.9,882,632,0.8
ABBV,hoch_heute,halb_weg,1404,1171,-0.1,882,632,3.1
ABBV,rsi_hoch,ganz_weg,1217,1358,-7.8,867,647,-2.4
ABBV,rsi_hoch,halb_weg,1217,1358,-7.1,867,647,-13.8
ABBV,ema_weit,ganz_weg,903,1672,-4.0,727,787,0.1
ABBV,ema_weit,halb_weg,903,1672,-1.8,727,787,-10.5
ABBV,schnell,ganz_weg,666,1909,1.7,492,1022,3.6
ABBV,schnell,halb_weg,666,1909,2.8,492,1022,0.2
ABBV,boden2,ganz_weg,1016,1559,-1.2,769,745,-3.0
ABBV,boden2,halb_weg,1016,1559,-3.1,769,745,-7.6
ABNB,rot,ganz_weg,99,129,8.2,439,702,12.5
ABNB,rot,halb_weg,99,129,-4.0,439,702,10.1
ABNB,rot_vol,ganz_weg,33,195,30.9,191,950,22.5
ABNB,rot_vol,halb_weg,33,195,20.7,191,950,16.9
ABNB,alarm187,ganz_weg,58,170,-1.8,315,826,3.5
ABNB,alarm187,halb_weg,58,170,-3.8,315,826,6.7
ABNB,hoch_heute,ganz_weg,108,120,3.7,599,542,-2.0
ABNB,hoch_heute,halb_weg,108,120,2.2,599,542,-6.3
ABNB,rsi_hoch,ganz_weg,59,169,8.2,559,582,7.0
ABNB,rsi_hoch,halb_weg,59,169,22.1,559,582,10.2
ABNB,ema_weit,ganz_weg,42,186,3.7,435,706,13.9
ABNB,ema_weit,halb_weg,42,186,7.1,435,706,25.6
ABNB,schnell,ganz_weg,55,173,7.9,330,811,8.7
ABNB,schnell,halb_weg,55,173,-11.3,330,811,8.3
ABNB,boden2,ganz_weg,82,146,3.6,539,602,-13.6
ABNB,boden2,halb_weg,82,146,4.7,539,602,-7.9
ABT,rot,ganz_weg,1894,2697,-2.1,421,702,5.4
ABT,rot,halb_weg,1894,2697,2.2,421,702,-2.6
ABT,rot_vol,ganz_weg,841,3750,1.8,140,983,12.4
ABT,rot_vol,halb_weg,841,3750,-1.8,140,983,4.1
ABT,alarm187,ganz_weg,1440,3151,-3.3,299,824,-0.0
ABT,alarm187,halb_weg,1440,3151,-0.4,299,824,-5.3
ABT,hoch_heute,ganz_weg,2577,2014,-0.4,676,447,1.0
ABT,hoch_heute,halb_weg,2577,2014,-2.4,676,447,3.1
ABT,rsi_hoch,ganz_weg,1672,2868,-2.8,534,589,-7.1
ABT,rsi_hoch,halb_weg,1672,2868,-4.7,534,589,-10.3
ABT,ema_weit,ganz_weg,1607,2933,-1.5,521,602,-6.4
ABT,ema_weit,halb_weg,1607,2933,-3.0,521,602,-10.3
ABT,schnell,ganz_weg,1291,3300,0.5,417,706,-0.6
ABT,schnell,halb_weg,1291,3300,1.3,417,706,-1.3
ABT,boden2,ganz_weg,1188,3403,5.8,398,725,0.0
ABT,boden2,halb_weg,1188,3403,2.3,398,725,-2.8
ACN,rot,ganz_weg,1600,2788,2.2,339,537,-3.2
ACN,rot,halb_weg,1600,2788,-1.1,339,537,-5.3
ACN,rot_vol,ganz_weg,614,3774,3.6,110,766,-9.7
ACN,rot_vol,halb_weg,614,3774,3.5,110,766,-7.0
ACN,alarm187,ganz_weg,1219,3169,0.1,251,625,-7.3
ACN,alarm187,halb_weg,1219,3169,-1.0,251,625,-10.2
ACN,hoch_heute,ganz_weg,2472,1916,-1.5,491,385,-4.0
ACN,hoch_heute,halb_weg,2472,1916,-4.0,491,385,-1.8
ACN,rsi_hoch,ganz_weg,1587,2801,-0.8,408,468,-18.7
ACN,rsi_hoch,halb_weg,1587,2801,1.5,408,468,-24.1
ACN,ema_weit,ganz_weg,1675,2713,-1.0,275,601,-14.2
ACN,ema_weit,halb_weg,1675,2713,1.4,275,601,-18.3
ACN,schnell,ganz_weg,815,3573,-1.2,201,675,-4.6
ACN,schnell,halb_weg,815,3573,-0.0,201,675,0.2
ACN,boden2,ganz_weg,1332,3056,3.3,416,460,-9.6
ACN,boden2,halb_weg,1332,3056,-1.4,416,460,-7.9
ADBE,rot,ganz_weg,1779,2478,-5.6,376,648,5.3
ADBE,rot,halb_weg,1779,2478,-1.8,376,648,7.4
ADBE,rot_vol,ganz_weg,756,3501,-7.5,179,845,-9.3
ADBE,rot_vol,halb_weg,756,3501,1.6,179,845,-1.0
ADBE,alarm187,ganz_weg,1391,2866,-4.9,254,770,-3.2
ADBE,alarm187,halb_weg,1391,2866,-0.6,254,770,-1.3
ADBE,hoch_heute,ganz_weg,2348,1909,1.1,551,473,-4.6
ADBE,hoch_heute,halb_weg,2348,1909,1.5,551,473,-8.1
ADBE,rsi_hoch,ganz_weg,2136,2097,-5.5,454,570,-13.8
ADBE,rsi_hoch,halb_weg,2136,2097,-4.2,454,570,-10.0
ADBE,ema_weit,ganz_weg,2030,2203,-3.6,294,730,-16.8
ADBE,ema_weit,halb_weg,2030,2203,-1.4,294,730,-4.8
ADBE,schnell,ganz_weg,1045,3212,2.1,414,610,-13.4
ADBE,schnell,halb_weg,1045,3212,0.5,414,610,-7.9
ADBE,boden2,ganz_weg,873,3384,0.7,445,579,2.7
ADBE,boden2,halb_weg,873,3384,-1.5,445,579,-1.9
ADI,rot,ganz_weg,2116,2563,-1.5,361,532,-4.4
ADI,rot,halb_weg,2116,2563,0.2,361,532,-8.0
ADI,rot_vol,ganz_weg,751,3928,2.2,165,728,13.1
ADI,rot_vol,halb_weg,751,3928,6.6,165,728,3.9
ADI,alarm187,ganz_weg,1555,3124,0.7,259,634,-0.0
ADI,alarm187,halb_weg,1555,3124,-0.2,259,634,-1.2
ADI,hoch_heute,ganz_weg,2528,2151,2.4,485,408,4.0
ADI,hoch_heute,halb_weg,2528,2151,2.2,485,408,2.8
ADI,rsi_hoch,ganz_weg,1370,3282,-2.1,460,433,-6.8
ADI,rsi_hoch,halb_weg,1370,3282,-1.0,460,433,-7.8
ADI,ema_weit,ganz_weg,1549,3103,-3.6,454,439,-6.8
ADI,ema_weit,halb_weg,1549,3103,-3.5,454,439,-9.3
ADI,schnell,ganz_weg,1355,3324,2.1,282,611,1.4
ADI,schnell,halb_weg,1355,3324,-1.5,282,611,-5.0
ADI,boden2,ganz_weg,1103,3576,8.0,335,558,-7.6
ADI,boden2,halb_weg,1103,3576,2.7,335,558,-3.6
ADP,rot,ganz_weg,2072,3107,0.8,389,450,0.7
ADP,rot,halb_weg,2072,3107,-0.7,389,450,7.7
ADP,rot_vol,ganz_weg,922,4257,7.1,176,663,1.8
ADP,rot_vol,halb_weg,922,4257,5.0,176,663,4.0
ADP,alarm187,ganz_weg,1499,3680,-2.0,260,579,-5.4
ADP,alarm187,halb_weg,1499,3680,-3.6,260,579,6.2
ADP,hoch_heute,ganz_weg,3012,2167,-1.1,450,389,3.3
ADP,hoch_heute,halb_weg,3012,2167,-0.7,450,389,6.5
ADP,rsi_hoch,ganz_weg,1965,3162,-0.9,266,573,-4.5
ADP,rsi_hoch,halb_weg,1965,3162,-7.1,266,573,-6.3
ADP,ema_weit,ganz_weg,2008,3119,-0.4,277,562,-5.0
ADP,ema_weit,halb_weg,2008,3119,-5.8,277,562,-6.8
ADP,schnell,ganz_weg,1291,3888,1.8,291,548,-6.9
ADP,schnell,halb_weg,1291,3888,-1.7,291,548,-3.2
ADP,boden2,ganz_weg,1275,3904,-2.8,265,574,11.7
ADP,boden2,halb_weg,1275,3904,-2.4,265,574,6.8
ADS.DE,rot,ganz_weg,1509,1967,0.6,540,692,-4.4
ADS.DE,rot,halb_weg,1509,1967,6.2,540,692,-4.0
ADS.DE,rot_vol,ganz_weg,540,2887,-0.7,203,981,16.8
ADS.DE,rot_vol,halb_weg,540,2887,7.3,203,981,7.0
ADS.DE,alarm187,ganz_weg,1216,2260,-2.0,419,813,-5.6
ADS.DE,alarm187,halb_weg,1216,2260,2.1,419,813,-6.5
ADS.DE,hoch_heute,ganz_weg,1925,1551,-0.1,645,587,0.8
ADS.DE,hoch_heute,halb_weg,1925,1551,-6.1,645,587,2.2
ADS.DE,rsi_hoch,ganz_weg,1313,2115,1.3,527,705,-14.6
ADS.DE,rsi_hoch,halb_weg,1313,2115,2.0,527,705,-29.2
ADS.DE,ema_weit,ganz_weg,1078,2350,1.2,430,802,-8.9
ADS.DE,ema_weit,halb_weg,1078,2350,3.2,430,802,-17.2
ADS.DE,schnell,ganz_weg,1063,2413,1.4,221,1011,1.6
ADS.DE,schnell,halb_weg,1063,2413,3.0,221,1011,11.5
ADS.DE,boden2,ganz_weg,610,2866,0.1,497,735,-1.6
ADS.DE,boden2,halb_weg,610,2866,5.6,497,735,0.4
ADSK,rot,ganz_weg,1852,2922,-2.9,433,700,2.1
ADSK,rot,halb_weg,1852,2922,-4.9,433,700,13.1
ADSK,rot_vol,ganz_weg,698,4076,3.8,157,976,6.4
ADSK,rot_vol,halb_weg,698,4076,-0.5,157,976,5.6
ADSK,alarm187,ganz_weg,1437,3337,-1.2,282,851,0.9
ADSK,alarm187,halb_weg,1437,3337,-5.1,282,851,7.6
ADSK,hoch_heute,ganz_weg,2661,2113,-1.6,648,485,-0.1
ADSK,hoch_heute,halb_weg,2661,2113,-0.8,648,485,-0.5
ADSK,rsi_hoch,ganz_weg,1789,2964,-5.1,418,715,-6.2
ADSK,rsi_hoch,halb_weg,1789,2964,-6.6,418,715,-4.6
ADSK,ema_weit,ganz_weg,1719,3034,-4.6,362,771,-6.8
ADSK,ema_weit,halb_weg,1719,3034,-5.9,362,771,-2.4
ADSK,schnell,ganz_weg,1578,3196,2.7,330,803,4.7
ADSK,schnell,halb_weg,1578,3196,0.8,330,803,6.5
ADSK,boden2,ganz_weg,1240,3534,2.3,327,806,-3.6
ADSK,boden2,halb_weg,1240,3534,1.5,327,806,-5.1
AEP,rot,ganz_weg,1781,2307,-0.9,445,493,4.7
AEP,rot,halb_weg,1781,2307,-0.3,445,493,6.3
AEP,rot_vol,ganz_weg,792,3296,0.7,249,689,-14.1
AEP,rot_vol,halb_weg,792,3296,1.3,249,689,-11.9
AEP,alarm187,ganz_weg,1259,2829,0.0,302,636,-6.5
AEP,alarm187,halb_weg,1259,2829,-1.7,302,636,-0.0
AEP,hoch_heute,ganz_weg,2268,1820,-0.1,507,431,1.9
AEP,hoch_heute,halb_weg,2268,1820,-1.1,507,431,-2.2
AEP,rsi_hoch,ganz_weg,1804,2221,-2.8,429,509,-6.5
AEP,rsi_hoch,halb_weg,1804,2221,-6.4,429,509,-6.0
AEP,ema_weit,ganz_weg,1355,2670,-1.9,361,577,-3.9
AEP,ema_weit,halb_weg,1355,2670,-5.1,361,577,2.5
AEP,schnell,ganz_weg,942,3146,-0.5,354,584,-2.1
AEP,schnell,halb_weg,942,3146,1.3,354,584,-5.4
AEP,boden2,ganz_weg,1200,2888,-0.6,245,693,6.4
AEP,boden2,halb_weg,1200,2888,-1.5,245,693,4.3
AIR.DE,rot,ganz_weg,1914,2502,-4.4,485,543,8.3
AIR.DE,rot,halb_weg,1914,2502,0.4,485,543,2.0
AIR.DE,rot_vol,ganz_weg,674,3540,-1.4,214,814,15.0
AIR.DE,rot_vol,halb_weg,674,3540,-2.2,214,814,8.7
AIR.DE,alarm187,ganz_weg,1473,2943,-1.0,397,631,5.6
AIR.DE,alarm187,halb_weg,1473,2943,3.5,397,631,0.7
AIR.DE,hoch_heute,ganz_weg,2511,1905,0.1,539,489,5.4
AIR.DE,hoch_heute,halb_weg,2511,1905,-1.1,539,489,6.7
AIR.DE,rsi_hoch,ganz_weg,2020,2396,-6.9,385,643,-2.6
AIR.DE,rsi_hoch,halb_weg,2020,2396,-4.7,385,643,-5.5
AIR.DE,ema_weit,ganz_weg,1920,2496,-4.6,346,682,-3.7
AIR.DE,ema_weit,halb_weg,1920,2496,-2.3,346,682,-9.9
AIR.DE,schnell,ganz_weg,1603,2813,-4.6,251,777,-1.5
AIR.DE,schnell,halb_weg,1603,2813,-2.6,251,777,5.8
AIR.DE,boden2,ganz_weg,1472,2944,-2.2,416,612,7.5
AIR.DE,boden2,halb_weg,1472,2944,-4.0,416,612,1.8
ALV.DE,rot,ganz_weg,2222,3287,1.7,414,660,-3.1
ALV.DE,rot,halb_weg,2222,3287,1.9,414,660,-6.5
ALV.DE,rot_vol,ganz_weg,833,4558,3.0,150,924,-0.0
ALV.DE,rot_vol,halb_weg,833,4558,-0.1,150,924,-3.1
ALV.DE,alarm187,ganz_weg,1719,3790,2.7,360,714,-4.8
ALV.DE,alarm187,halb_weg,1719,3790,3.0,360,714,-5.7
ALV.DE,hoch_heute,ganz_weg,3138,2371,-1.0,676,398,-1.6
ALV.DE,hoch_heute,halb_weg,3138,2371,-3.2,676,398,-1.8
ALV.DE,rsi_hoch,ganz_weg,2431,3036,-2.0,626,448,-6.5
ALV.DE,rsi_hoch,halb_weg,2431,3036,-5.0,626,448,-1.0
ALV.DE,ema_weit,ganz_weg,2122,3345,-3.5,583,491,-4.3
ALV.DE,ema_weit,halb_weg,2122,3345,-5.8,583,491,-0.5
ALV.DE,schnell,ganz_weg,1659,3850,-2.1,388,686,-1.4
ALV.DE,schnell,halb_weg,1659,3850,-4.1,388,686,2.9
ALV.DE,boden2,ganz_weg,1115,4394,0.8,239,835,1.9
ALV.DE,boden2,halb_weg,1115,4394,-0.1,239,835,3.1
AMAT,rot,ganz_weg,1863,2485,-2.1,482,604,0.4
AMAT,rot,halb_weg,1863,2485,1.6,482,604,1.7
AMAT,rot_vol,ganz_weg,754,3594,2.9,265,821,10.8
AMAT,rot_vol,halb_weg,754,3594,5.2,265,821,6.5
AMAT,alarm187,ganz_weg,1388,2960,-5.0,372,714,-5.3
AMAT,alarm187,halb_weg,1388,2960,-2.8,372,714,3.6
AMAT,hoch_heute,ganz_weg,2334,2014,2.3,615,471,4.8
AMAT,hoch_heute,halb_weg,2334,2014,0.2,615,471,5.3
AMAT,rsi_hoch,ganz_weg,2139,2174,-9.5,559,527,-0.8
AMAT,rsi_hoch,halb_weg,2139,2174,-11.8,559,527,-7.2
AMAT,ema_weit,ganz_weg,2102,2211,-6.0,485,601,-3.3
AMAT,ema_weit,halb_weg,2102,2211,-5.1,485,601,-1.2
AMAT,schnell,ganz_weg,1017,3331,0.4,382,704,-1.5
AMAT,schnell,halb_weg,1017,3331,-2.7,382,704,-2.9
AMAT,boden2,ganz_weg,1117,3231,2.8,370,716,-2.2
AMAT,boden2,halb_weg,1117,3231,1.3,370,716,1.0
AMD,rot,ganz_weg,1392,1569,-1.9,628,700,4.6
AMD,rot,halb_weg,1392,1569,-0.4,628,700,13.3
AMD,rot_vol,ganz_weg,796,2141,-1.1,331,997,2.8
AMD,rot_vol,halb_weg,796,2141,-4.2,331,997,10.6
AMD,alarm187,ganz_weg,1101,1860,-3.9,545,783,3.2
AMD,alarm187,halb_weg,1101,1860,-2.0,545,783,7.3
AMD,hoch_heute,ganz_weg,1548,1413,2.7,768,560,1.2
AMD,hoch_heute,halb_weg,1548,1413,5.3,768,560,2.5
AMD,rsi_hoch,ganz_weg,1492,1389,-3.3,834,494,-5.3
AMD,rsi_hoch,halb_weg,1492,1389,-7.0,834,494,-4.7
AMD,ema_weit,ganz_weg,1490,1391,-3.5,732,596,-10.3
AMD,ema_weit,halb_weg,1490,1391,-9.1,732,596,-7.4
AMD,schnell,ganz_weg,1129,1832,-2.5,566,762,-2.0
AMD,schnell,halb_weg,1129,1832,-3.4,566,762,0.3
AMD,boden2,ganz_weg,699,2262,-1.3,351,977,3.0
AMD,boden2,halb_weg,699,2262,0.2,351,977,1.8
AMGN,rot,ganz_weg,2108,2868,2.0,461,538,-3.1
AMGN,rot,halb_weg,2108,2868,3.1,461,538,1.0
AMGN,rot_vol,ganz_weg,857,4119,7.6,152,847,-17.5
AMGN,rot_vol,halb_weg,857,4119,10.4,152,847,2.2
AMGN,alarm187,ganz_weg,1618,3358,0.7,333,666,-1.5
AMGN,alarm187,halb_weg,1618,3358,3.6,333,666,1.5
AMGN,hoch_heute,ganz_weg,2819,2157,-1.8,552,447,-0.8
AMGN,hoch_heute,halb_weg,2819,2157,-5.3,552,447,-0.3
AMGN,rsi_hoch,ganz_weg,2293,2507,-2.6,330,669,-6.9
AMGN,rsi_hoch,halb_weg,2293,2507,-4.1,330,669,-10.4
AMGN,ema_weit,ganz_weg,2238,2562,-1.3,323,676,-6.9
AMGN,ema_weit,halb_weg,2238,2562,-0.5,323,676,-8.7
AMGN,schnell,ganz_weg,1859,3117,-1.9,353,646,-1.7
AMGN,schnell,halb_weg,1859,3117,-3.7,353,646,-0.9
AMGN,boden2,ganz_weg,1250,3726,0.8,258,741,-0.8
AMGN,boden2,halb_weg,1250,3726,-3.5,258,741,-2.0
AMT,rot,ganz_weg,1737,2431,3.2,414,482,-6.5
AMT,rot,halb_weg,1737,2431,1.9,414,482,0.1
AMT,rot_vol,ganz_weg,687,3481,1.8,141,755,-1.8
AMT,rot_vol,halb_weg,687,3481,-0.8,141,755,-1.4
AMT,alarm187,ganz_weg,1291,2877,-1.1,278,618,-5.1
AMT,alarm187,halb_weg,1291,2877,-1.8,278,618,-5.5
AMT,hoch_heute,ganz_weg,2317,1851,-0.5,480,416,3.0
AMT,hoch_heute,halb_weg,2317,1851,0.5,480,416,-1.5
AMT,rsi_hoch,ganz_weg,1786,2382,-1.4,417,479,-3.7
AMT,rsi_hoch,halb_weg,1786,2382,-6.7,417,479,-11.3
AMT,ema_weit,ganz_weg,1648,2520,-1.7,276,620,-9.8
AMT,ema_weit,halb_weg,1648,2520,-6.4,276,620,-15.9
AMT,schnell,ganz_weg,1140,3028,1.1,334,562,-3.9
AMT,schnell,halb_weg,1140,3028,0.7,334,562,-7.8
AMT,boden2,ganz_weg,1168,3000,-0.4,383,513,-1.2
AMT,boden2,halb_weg,1168,3000,-1.9,383,513,3.2
AMZN,rot,ganz_weg,1350,1751,0.8,437,481,4.2
AMZN,rot,halb_weg,1350,1751,-2.2,437,481,2.0
AMZN,rot_vol,ganz_weg,528,2573,1.7,206,712,-3.7
AMZN,rot_vol,halb_weg,528,2573,-4.6,206,712,-15.2
AMZN,alarm187,ganz_weg,1154,1947,0.9,346,572,7.2
AMZN,alarm187,halb_weg,1154,1947,-3.4,346,572,5.0
AMZN,hoch_heute,ganz_weg,1677,1424,0.1,484,434,-0.8
AMZN,hoch_heute,halb_weg,1677,1424,0.9,484,434,-3.1
AMZN,rsi_hoch,ganz_weg,992,2062,-0.5,361,557,-0.3
AMZN,rsi_hoch,halb_weg,992,2062,-3.8,361,557,2.5
AMZN,ema_weit,ganz_weg,800,2254,-4.2,271,647,-3.9
AMZN,ema_weit,halb_weg,800,2254,-8.4,271,647,0.5
AMZN,schnell,ganz_weg,773,2328,2.7,273,645,2.5
AMZN,schnell,halb_weg,773,2328,1.7,273,645,14.1
AMZN,boden2,ganz_weg,1090,2011,-3.8,251,667,0.5
AMZN,boden2,halb_weg,1090,2011,0.9,251,667,-1.1
ANET,rot,ganz_weg,935,1132,2.8,428,620,7.0
ANET,rot,halb_weg,935,1132,3.0,428,620,13.6
ANET,rot_vol,ganz_weg,319,1748,-7.1,144,904,15.1
ANET,rot_vol,halb_weg,319,1748,1.5,144,904,12.6
ANET,alarm187,ganz_weg,742,1325,3.4,371,677,4.5
ANET,alarm187,halb_weg,742,1325,-0.3,371,677,13.2
ANET,hoch_heute,ganz_weg,1176,891,-1.1,623,425,1.6
ANET,hoch_heute,halb_weg,1176,891,-0.9,623,425,-5.7
ANET,rsi_hoch,ganz_weg,867,1174,2.1,430,618,1.3
ANET,rsi_hoch,halb_weg,867,1174,4.1,430,618,12.4
ANET,ema_weit,ganz_weg,860,1181,4.2,386,662,-2.1
ANET,ema_weit,halb_weg,860,1181,5.1,386,662,3.1
ANET,schnell,ganz_weg,473,1594,-1.9,277,771,-0.7
ANET,schnell,halb_weg,473,1594,-4.2,277,771,0.8
ANET,boden2,ganz_weg,799,1268,3.2,362,686,-6.9
ANET,boden2,halb_weg,799,1268,5.0,362,686,-1.2
APH,rot,ganz_weg,1876,2529,4.0,471,786,-6.3
APH,rot,halb_weg,1876,2529,4.3,471,786,-6.4
APH,rot_vol,ganz_weg,764,3641,-3.7,196,1061,-1.2
APH,rot_vol,halb_weg,764,3641,-0.8,196,1061,0.9
APH,alarm187,ganz_weg,1547,2858,-1.4,398,859,-5.8
APH,alarm187,halb_weg,1547,2858,1.0,398,859,-5.6
APH,hoch_heute,ganz_weg,2482,1923,2.7,749,508,0.6
APH,hoch_heute,halb_weg,2482,1923,0.9,749,508,2.4
APH,rsi_hoch,ganz_weg,2022,2330,-4.0,743,514,-11.2
APH,rsi_hoch,halb_weg,2022,2330,-6.0,743,514,-9.8
APH,ema_weit,ganz_weg,1735,2617,-5.7,641,616,-7.8
APH,ema_weit,halb_weg,1735,2617,-8.0,641,616,-4.0
APH,schnell,ganz_weg,954,3451,-0.0,466,791,-0.7
APH,schnell,halb_weg,954,3451,2.8,466,791,2.1
APH,boden2,ganz_weg,1683,2722,0.9,422,835,-0.5
APH,boden2,halb_weg,1683,2722,-1.9,422,835,-2.4
APP,rot,ganz_weg,103,151,0.5,402,548,2.4
APP,rot,halb_weg,103,151,-11.6,402,548,2.7
APP,rot_vol,ganz_weg,40,214,5.3,166,784,-2.0
APP,rot_vol,halb_weg,40,214,-25.1,166,784,-7.1
APP,alarm187,ganz_weg,66,188,0.7,328,622,1.7
APP,alarm187,halb_weg,66,188,-14.9,328,622,2.2
APP,hoch_heute,ganz_weg,151,103,2.7,560,390,-1.5
APP,hoch_heute,halb_weg,151,103,9.7,560,390,-2.8
APP,rsi_hoch,ganz_weg,84,85,-11.5,440,510,-3.4
APP,rsi_hoch,halb_weg,84,85,-45.1,440,510,-3.7
APP,ema_weit,ganz_weg,91,78,-15.4,494,456,-7.2
APP,ema_weit,halb_weg,91,78,-54.8,494,456,-6.3
APP,schnell,ganz_weg,18,236,8.8,276,674,4.3
APP,schnell,halb_weg,18,236,12.3,276,674,-0.9
APP,boden2,ganz_weg,37,217,-2.6,140,810,4.4
APP,boden2,halb_weg,37,217,-12.8,140,810,7.2
ARM,rot,ganz_weg,0,0,,209,280,12.5
ARM,rot,halb_weg,0,0,,209,280,10.0
ARM,rot_vol,ganz_weg,0,0,,104,385,-10.2
ARM,rot_vol,halb_weg,0,0,,104,385,4.1
ARM,alarm187,ganz_weg,0,0,,193,296,10.5
ARM,alarm187,halb_weg,0,0,,193,296,11.8
ARM,hoch_heute,ganz_weg,0,0,,283,206,-11.9
ARM,hoch_heute,halb_weg,0,0,,283,206,-7.5
ARM,rsi_hoch,ganz_weg,0,0,,105,379,-4.5
ARM,rsi_hoch,halb_weg,0,0,,105,379,16.1
ARM,ema_weit,ganz_weg,0,0,,86,398,-9.4
ARM,ema_weit,halb_weg,0,0,,86,398,4.2
ARM,schnell,ganz_weg,0,0,,123,366,5.1
ARM,schnell,halb_weg,0,0,,123,366,-1.9
ARM,boden2,ganz_weg,0,0,,93,396,-2.8
ARM,boden2,halb_weg,0,0,,93,396,-5.7
ASML,rot,ganz_weg,1984,2498,-2.5,394,542,4.0
ASML,rot,halb_weg,1984,2498,3.2,394,542,-3.2
ASML,rot_vol,ganz_weg,717,3761,-7.5,181,755,5.0
ASML,rot_vol,halb_weg,717,3761,-0.0,181,755,3.2
ASML,alarm187,ganz_weg,1533,2949,-2.8,330,606,0.6
ASML,alarm187,halb_weg,1533,2949,1.6,330,606,-0.4
ASML,hoch_heute,ganz_weg,2440,2042,1.6,514,422,2.2
ASML,hoch_heute,halb_weg,2440,2042,-0.7,514,422,4.8
ASML,rsi_hoch,ganz_weg,1804,2674,-4.1,438,498,-10.7
ASML,rsi_hoch,halb_weg,1804,2674,-3.6,438,498,-12.3
ASML,ema_weit,ganz_weg,1653,2825,-4.2,340,596,-7.6
ASML,ema_weit,halb_weg,1653,2825,-1.4,340,596,-9.3
ASML,schnell,ganz_weg,1007,3475,3.3,311,625,-0.9
ASML,schnell,halb_weg,1007,3475,4.9,311,625,-8.5
ASML,boden2,ganz_weg,1275,3207,-0.8,195,741,2.7
ASML,boden2,halb_weg,1275,3207,1.7,195,741,3.4
AVGO,rot,ganz_weg,1557,2133,5.3,358,561,-0.4
AVGO,rot,halb_weg,1557,2133,7.2,358,561,-6.5
AVGO,rot_vol,ganz_weg,689,3001,1.8,177,742,-2.2
AVGO,rot_vol,halb_weg,689,3001,5.0,177,742,-0.3
AVGO,alarm187,ganz_weg,1324,2366,1.7,288,631,-9.0
AVGO,alarm187,halb_weg,1324,2366,1.8,288,631,-10.1
AVGO,hoch_heute,ganz_weg,2043,1647,-0.2,546,373,0.1
AVGO,hoch_heute,halb_weg,2043,1647,-2.8,546,373,0.2
AVGO,rsi_hoch,ganz_weg,986,2532,-2.1,489,430,-3.7
AVGO,rsi_hoch,halb_weg,986,2532,-0.9,489,430,-8.1
AVGO,ema_weit,ganz_weg,1243,2275,-2.4,500,419,-4.7
AVGO,ema_weit,halb_weg,1243,2275,-1.2,500,419,-5.0
AVGO,schnell,ganz_weg,975,2715,1.7,317,602,-4.8
AVGO,schnell,halb_weg,975,2715,2.6,317,602,4.8
AVGO,boden2,ganz_weg,1215,2475,-0.2,258,661,1.0
AVGO,boden2,halb_weg,1215,2475,-1.2,258,661,-7.6
AXON,rot,ganz_weg,1593,2173,4.4,220,428,7.4
AXON,rot,halb_weg,1593,2173,0.9,220,428,21.9
AXON,rot_vol,ganz_weg,787,2979,-1.7,61,587,-6.1
AXON,rot_vol,halb_weg,787,2979,-3.6,61,587,4.1
AXON,alarm187,ganz_weg,1238,2528,1.8,175,473,-1.2
AXON,alarm187,halb_weg,1238,2528,1.0,175,473,14.9
AXON,hoch_heute,ganz_weg,2062,1704,-1.4,357,291,-1.2
AXON,hoch_heute,halb_weg,2062,1704,-3.8,357,291,0.0
AXON,rsi_hoch,ganz_weg,1920,1791,-10.7,264,384,-2.5
AXON,rsi_hoch,halb_weg,1920,1791,-13.4,264,384,-2.6
AXON,ema_weit,ganz_weg,1921,1790,-7.8,249,399,-13.2
AXON,ema_weit,halb_weg,1921,1790,-7.7,249,399,-23.0
AXON,schnell,ganz_weg,1594,2172,-1.3,265,383,-5.4
AXON,schnell,halb_weg,1594,2172,-7.4,265,383,2.4
AXON,boden2,ganz_weg,851,2915,2.1,243,405,14.5
AXON,boden2,halb_weg,851,2915,8.1,243,405,5.4
AXP,rot,ganz_weg,1692,2407,0.3,456,577,6.1
AXP,rot,halb_weg,1692,2407,1.6,456,577,11.0
AXP,rot_vol,ganz_weg,816,3283,3.0,178,855,8.2
AXP,rot_vol,halb_weg,816,3283,0.4,178,855,16.5
AXP,alarm187,ganz_weg,1277,2822,-2.1,404,629,5.6
AXP,alarm187,halb_weg,1277,2822,-2.6,404,629,12.3
AXP,hoch_heute,ganz_weg,2255,1844,-2.3,616,417,-2.4
AXP,hoch_heute,halb_weg,2255,1844,-3.1,616,417,-9.3
AXP,rsi_hoch,ganz_weg,1733,2363,-4.0,438,595,-6.9
AXP,rsi_hoch,halb_weg,1733,2363,-3.7,438,595,-6.4
AXP,ema_weit,ganz_weg,1716,2380,-7.4,388,645,-4.6
AXP,ema_weit,halb_weg,1716,2380,-9.3,388,645,6.6
AXP,schnell,ganz_weg,1283,2816,0.3,355,678,-7.4
AXP,schnell,halb_weg,1283,2816,-4.1,355,678,-2.0
AXP,boden2,ganz_weg,1093,3006,-2.7,406,627,1.8
AXP,boden2,halb_weg,1093,3006,-0.6,406,627,1.6
AZN,rot,ganz_weg,2483,3365,1.2,617,642,-9.7
AZN,rot,halb_weg,2483,3365,-0.8,617,642,-13.7
AZN,rot_vol,ganz_weg,1246,4602,3.9,326,933,-8.5
AZN,rot_vol,halb_weg,1246,4602,3.6,326,933,-8.9
AZN,alarm187,ganz_weg,1899,3949,-0.9,521,738,-9.3
AZN,alarm187,halb_weg,1899,3949,-0.6,521,738,-13.5
AZN,hoch_heute,ganz_weg,3120,2728,-4.2,672,587,-0.6
AZN,hoch_heute,halb_weg,3120,2728,-5.0,672,587,-0.5
AZN,rsi_hoch,ganz_weg,2322,3502,-5.8,585,674,-2.3
AZN,rsi_hoch,halb_weg,2322,3502,-5.2,585,674,-8.5
AZN,ema_weit,ganz_weg,2352,3472,-6.6,465,794,1.7
AZN,ema_weit,halb_weg,2352,3472,-8.6,465,794,2.6
AZN,schnell,ganz_weg,1865,3983,-1.4,288,971,1.1
AZN,schnell,halb_weg,1865,3983,0.2,288,971,6.1
AZN,boden2,ganz_weg,1160,4688,-3.6,262,997,-3.7
AZN,boden2,halb_weg,1160,4688,-2.3,262,997,-5.4
BA,rot,ganz_weg,2100,2490,3.6,590,873,-3.3
BA,rot,halb_weg,2100,2490,3.3,590,873,-2.0
BA,rot_vol,ganz_weg,1050,3540,-5.4,275,1188,5.5
BA,rot_vol,halb_weg,1050,3540,2.4,275,1188,1.5
BA,alarm187,ganz_weg,1534,3056,1.1,415,1048,-2.1
BA,alarm187,halb_weg,1534,3056,2.8,415,1048,-4.7
BA,hoch_heute,ganz_weg,2464,2126,-0.2,844,619,-2.2
BA,hoch_heute,halb_weg,2464,2126,-4.3,844,619,-1.7
BA,rsi_hoch,ganz_weg,1759,2828,-4.8,889,574,-6.0
BA,rsi_hoch,halb_weg,1759,2828,-4.2,889,574,-16.4
BA,ema_weit,ganz_weg,1676,2911,-8.4,712,751,-2.1
BA,ema_weit,halb_weg,1676,2911,-8.2,712,751,-10.3
BA,schnell,ganz_weg,1230,3360,-4.5,451,1012,3.7
BA,schnell,halb_weg,1230,3360,3.5,451,1012,2.1
BA,boden2,ganz_weg,1007,3583,0.5,567,896,-5.3
BA,boden2,halb_weg,1007,3583,3.2,567,896,-5.7
BABA,rot,ganz_weg,1037,1062,6.8,737,803,-7.0
BABA,rot,halb_weg,1037,1062,6.4,737,803,-1.3
BABA,rot_vol,ganz_weg,341,1758,6.5,447,1093,-6.8
BABA,rot_vol,halb_weg,341,1758,8.8,447,1093,-8.4
BABA,alarm187,ganz_weg,715,1384,4.7,557,983,-12.9
BABA,alarm187,halb_weg,715,1384,2.8,557,983,-6.4
BABA,hoch_heute,ganz_weg,1087,1012,-2.2,840,700,4.7
BABA,hoch_heute,halb_weg,1087,1012,1.3,840,700,-5.4
BABA,rsi_hoch,ganz_weg,731,1359,-0.5,743,797,-15.0
BABA,rsi_hoch,halb_weg,731,1359,-0.3,743,797,-31.8
BABA,ema_weit,ganz_weg,624,1466,-2.5,719,821,-16.4
BABA,ema_weit,halb_weg,624,1466,-0.6,719,821,-20.8
BABA,schnell,ganz_weg,415,1684,5.3,748,792,-5.0
BABA,schnell,halb_weg,415,1684,7.5,748,792,-5.8
BABA,boden2,ganz_weg,425,1674,-0.2,296,1244,2.0
BABA,boden2,halb_weg,425,1674,-0.2,296,1244,-2.7
BAC,rot,ganz_weg,1897,2208,2.3,413,659,-0.2
BAC,rot,halb_weg,1897,2208,4.1,413,659,4.6
BAC,rot_vol,ganz_weg,874,3231,4.1,221,851,-6.6
BAC,rot_vol,halb_weg,874,3231,7.5,221,851,4.8
BAC,alarm187,ganz_weg,1448,2657,1.7,301,771,3.8
BAC,alarm187,halb_weg,1448,2657,5.0,301,771,-3.1
BAC,hoch_heute,ganz_weg,2225,1880,-1.9,583,489,-4.0
BAC,hoch_heute,halb_weg,2225,1880,-6.4,583,489,-0.7
BAC,rsi_hoch,ganz_weg,2123,1948,0.8,504,568,1.7
BAC,rsi_hoch,halb_weg,2123,1948,3.2,504,568,-3.7
BAC,ema_weit,ganz_weg,1809,2262,-1.8,314,758,1.6
BAC,ema_weit,halb_weg,1809,2262,-0.1,314,758,-2.5
BAC,schnell,ganz_weg,1657,2448,-4.1,246,826,-4.8
BAC,schnell,halb_weg,1657,2448,-2.5,246,826,7.4
BAC,boden2,ganz_weg,634,3471,2.4,345,727,-4.1
BAC,boden2,halb_weg,634,3471,9.2,345,727,-1.6
BAS.DE,rot,ganz_weg,1877,2785,3.1,483,753,11.9
BAS.DE,rot,halb_weg,1877,2785,5.5,483,753,2.2
BAS.DE,rot_vol,ganz_weg,716,3776,2.3,248,988,0.4
BAS.DE,rot_vol,halb_weg,716,3776,3.0,248,988,-5.0
BAS.DE,alarm187,ganz_weg,1356,3306,-1.1,274,962,5.5
BAS.DE,alarm187,halb_weg,1356,3306,1.4,274,962,-1.1
BAS.DE,hoch_heute,ganz_weg,2712,1950,0.8,618,618,-9.1
BAS.DE,hoch_heute,halb_weg,2712,1950,1.3,618,618,-11.5
BAS.DE,rsi_hoch,ganz_weg,1659,2988,-5.2,427,809,4.3
BAS.DE,rsi_hoch,halb_weg,1659,2988,-4.9,427,809,6.4
BAS.DE,ema_weit,ganz_weg,1618,3029,-4.5,351,885,4.5
BAS.DE,ema_weit,halb_weg,1618,3029,-4.7,351,885,0.1
BAS.DE,schnell,ganz_weg,1395,3267,1.1,453,783,-6.7
BAS.DE,schnell,halb_weg,1395,3267,-0.6,453,783,-6.2
BAS.DE,boden2,ganz_weg,979,3683,1.5,346,890,-11.1
BAS.DE,boden2,halb_weg,979,3683,1.4,346,890,1.7
BAYN.DE,rot,ganz_weg,1875,2277,-2.8,331,467,-0.2
BAYN.DE,rot,halb_weg,1875,2277,-1.9,331,467,2.1
BAYN.DE,rot_vol,ganz_weg,590,3359,-5.2,147,651,-1.8
BAYN.DE,rot_vol,halb_weg,590,3359,1.8,147,651,0.0
BAYN.DE,alarm187,ganz_weg,1381,2771,-3.3,243,555,-4.3
BAYN.DE,alarm187,halb_weg,1381,2771,-3.8,243,555,4.2
BAYN.DE,hoch_heute,ganz_weg,2260,1892,-2.5,463,335,-1.9
BAYN.DE,hoch_heute,halb_weg,2260,1892,-3.4,463,335,0.1
BAYN.DE,rsi_hoch,ganz_weg,1687,2375,-2.2,425,373,-2.7
BAYN.DE,rsi_hoch,halb_weg,1687,2375,-2.8,425,373,0.7
BAYN.DE,ema_weit,ganz_weg,1358,2704,-1.9,369,429,-3.8
BAYN.DE,ema_weit,halb_weg,1358,2704,-7.0,369,429,-2.1
BAYN.DE,schnell,ganz_weg,1186,2966,-3.5,372,426,-8.7
BAYN.DE,schnell,halb_weg,1186,2966,-5.2,372,426,-7.0
BAYN.DE,boden2,ganz_weg,881,3271,-1.3,172,626,2.2
BAYN.DE,boden2,halb_weg,881,3271,0.6,172,626,1.2
BBVA,rot,ganz_weg,2096,3510,-4.8,533,682,-1.4
BBVA,rot,halb_weg,2096,3510,-5.9,533,682,4.5
BBVA,rot_vol,ganz_weg,791,4815,-1.4,227,988,2.4
BBVA,rot_vol,halb_weg,791,4815,-3.0,227,988,11.0
BBVA,alarm187,ganz_weg,1469,4137,-2.9,451,764,-3.0
BBVA,alarm187,halb_weg,1469,4137,-4.4,451,764,3.3
BBVA,hoch_heute,ganz_weg,2969,2637,-0.2,705,510,2.1
BBVA,hoch_heute,halb_weg,2969,2637,-1.9,705,510,6.0
BBVA,rsi_hoch,ganz_weg,2626,2917,-3.8,587,628,-4.2
BBVA,rsi_hoch,halb_weg,2626,2917,-7.5,587,628,-5.1
BBVA,ema_weit,ganz_weg,2178,3365,-6.1,619,596,-4.8
BBVA,ema_weit,halb_weg,2178,3365,-7.1,619,596,-4.1
BBVA,schnell,ganz_weg,1620,3986,-2.4,449,766,0.1
BBVA,schnell,halb_weg,1620,3986,-3.4,449,766,-2.7
BBVA,boden2,ganz_weg,1196,4410,-2.5,190,1025,1.4
BBVA,boden2,halb_weg,1196,4410,4.1,190,1025,-0.2
BEI.DE,rot,ganz_weg,1418,1634,9.6,428,522,10.7
BEI.DE,rot,halb_weg,1418,1634,3.3,428,522,1.9
BEI.DE,rot_vol,ganz_weg,546,2407,13.3,169,781,16.1
BEI.DE,rot_vol,halb_weg,546,2407,-2.8,169,781,3.8
BEI.DE,alarm187,ganz_weg,842,2210,-0.2,278,672,5.9
BEI.DE,alarm187,halb_weg,842,2210,0.7,278,672,1.2
BEI.DE,hoch_heute,ganz_weg,1652,1400,-2.1,567,383,-6.5
BEI.DE,hoch_heute,halb_weg,1652,1400,-6.2,567,383,-4.4
BEI.DE,rsi_hoch,ganz_weg,1067,1985,-7.7,411,539,6.2
BEI.DE,rsi_hoch,halb_weg,1067,1985,-6.8,411,539,-5.9
BEI.DE,ema_weit,ganz_weg,715,2337,0.6,229,721,7.5
BEI.DE,ema_weit,halb_weg,715,2337,-0.9,229,721,0.5
BEI.DE,schnell,ganz_weg,1096,1956,-0.3,347,603,7.7
BEI.DE,schnell,halb_weg,1096,1956,2.8,347,603,3.1
BEI.DE,boden2,ganz_weg,913,2139,-5.9,306,644,0.9
BEI.DE,boden2,halb_weg,913,2139,-4.5,306,644,3.3
BHP,rot,ganz_weg,2315,3301,3.7,583,596,-3.5
BHP,rot,halb_weg,2315,3301,2.3,583,596,4.3
BHP,rot_vol,ganz_weg,940,4676,4.3,274,905,0.3
BHP,rot_vol,halb_weg,940,4676,1.1,274,905,0.3
BHP,alarm187,ganz_weg,1702,3914,2.8,390,789,0.4
BHP,alarm187,halb_weg,1702,3914,3.0,390,789,-2.8
BHP,hoch_heute,ganz_weg,3102,2514,-2.6,615,564,4.3
BHP,hoch_heute,halb_weg,3102,2514,-4.8,615,564,0.9
BHP,rsi_hoch,ganz_weg,1703,3701,-3.7,332,847,-4.9
BHP,rsi_hoch,halb_weg,1703,3701,-8.7,332,847,-13.3
BHP,ema_weit,ganz_weg,1351,4053,-6.1,315,864,-16.1
BHP,ema_weit,halb_weg,1351,4053,-11.3,315,864,-19.0
BHP,schnell,ganz_weg,1269,4347,-0.9,370,809,-8.2
BHP,schnell,halb_weg,1269,4347,-0.1,370,809,-8.9
BHP,boden2,ganz_weg,1080,4536,3.9,246,933,0.6
BHP,boden2,halb_weg,1080,4536,1.8,246,933,8.2
BIIB,rot,ganz_weg,1332,1646,-3.0,331,395,0.5
BIIB,rot,halb_weg,1332,1646,-1.3,331,395,5.3
BIIB,rot_vol,ganz_weg,639,2339,-4.1,120,606,-2.5
BIIB,rot_vol,halb_weg,639,2339,-6.0,120,606,-12.7
BIIB,alarm187,ganz_weg,932,2046,-3.9,194,532,-5.1
BIIB,alarm187,halb_weg,932,2046,-1.0,194,532,7.0
BIIB,hoch_heute,ganz_weg,1558,1420,0.0,343,383,7.5
BIIB,hoch_heute,halb_weg,1558,1420,-3.0,343,383,9.0
BIIB,rsi_hoch,ganz_weg,895,2078,-6.0,127,599,3.8
BIIB,rsi_hoch,halb_weg,895,2078,-6.4,127,599,-3.7
BIIB,ema_weit,ganz_weg,841,2132,-6.0,99,627,6.4
BIIB,ema_weit,halb_weg,841,2132,-4.3,99,627,11.8
BIIB,schnell,ganz_weg,1043,1935,-3.5,253,473,4.2
BIIB,schnell,halb_weg,1043,1935,-6.3,253,473,-6.3
BIIB,boden2,ganz_weg,955,2023,2.3,256,470,4.9
BIIB,boden2,halb_weg,955,2023,-3.0,256,470,-3.2
BKNG,rot,ganz_weg,1645,2060,2.7,343,447,-5.6
BKNG,rot,halb_weg,1645,2060,9.1,343,447,-8.3
BKNG,rot_vol,ganz_weg,692,3013,-5.8,117,673,-2.1
BKNG,rot_vol,halb_weg,692,3013,-7.3,117,673,-10.9
BKNG,alarm187,ganz_weg,1330,2375,0.9,265,525,-4.4
BKNG,alarm187,halb_weg,1330,2375,4.2,265,525,-9.3
BKNG,hoch_heute,ganz_weg,2046,1659,-1.9,462,328,1.7
BKNG,hoch_heute,halb_weg,2046,1659,-6.4,462,328,-0.4
BKNG,rsi_hoch,ganz_weg,1079,2576,2.4,296,494,-2.3
BKNG,rsi_hoch,halb_weg,1079,2576,4.5,296,494,-9.3
BKNG,ema_weit,ganz_weg,820,2835,-3.6,315,475,-3.0
BKNG,ema_weit,halb_weg,820,2835,-2.4,315,475,-8.4
BKNG,schnell,ganz_weg,1274,2431,-2.3,203,587,1.2
BKNG,schnell,halb_weg,1274,2431,-2.1,203,587,2.4
BKNG,boden2,ganz_weg,1355,2350,0.2,269,521,3.4
BKNG,boden2,halb_weg,1355,2350,-0.4,269,521,-1.6
BKR,rot,ganz_weg,2477,2978,-1.7,450,598,1.6
BKR,rot,halb_weg,2477,2978,0.8,450,598,10.8
BKR,rot_vol,ganz_weg,998,4448,-2.6,176,872,-7.5
BKR,rot_vol,halb_weg,998,4448,-0.4,176,872,-5.2
BKR,alarm187,ganz_weg,1791,3664,-4.6,324,724,-1.8
BKR,alarm187,halb_weg,1791,3664,-2.1,324,724,9.6
BKR,hoch_heute,ganz_weg,2998,2457,0.8,598,450,1.0
BKR,hoch_heute,halb_weg,2998,2457,-3.9,598,450,-8.6
BKR,rsi_hoch,ganz_weg,2549,2829,-3.4,490,558,-3.6
BKR,rsi_hoch,halb_weg,2549,2829,-2.0,490,558,-2.7
BKR,ema_weit,ganz_weg,1851,3527,-3.8,460,588,-1.4
BKR,ema_weit,halb_weg,1851,3527,1.2,460,588,0.7
BKR,schnell,ganz_weg,1505,3950,1.7,371,677,0.5
BKR,schnell,halb_weg,1505,3950,1.7,371,677,7.1
BKR,boden2,ganz_weg,1232,4223,0.0,118,930,3.0
BKR,boden2,halb_weg,1232,4223,-0.4,118,930,-2.7
BLK,rot,ganz_weg,1827,2388,-0.1,395,547,-10.4
BLK,rot,halb_weg,1827,2388,-1.5,395,547,-7.4
BLK,rot_vol,ganz_weg,682,3533,5.1,174,768,-5.1
BLK,rot_vol,halb_weg,682,3533,4.9,174,768,-10.8
BLK,alarm187,ganz_weg,1401,2814,-4.1,300,642,-7.2
BLK,alarm187,halb_weg,1401,2814,-3.7,300,642,-12.0
BLK,hoch_heute,ganz_weg,2312,1903,0.1,565,377,-6.6
BLK,hoch_heute,halb_weg,2312,1903,0.7,565,377,-2.6
BLK,rsi_hoch,ganz_weg,1915,2276,-9.8,383,559,3.2
BLK,rsi_hoch,halb_weg,1915,2276,-9.4,383,559,1.7
BLK,ema_weit,ganz_weg,1866,2325,-6.0,315,627,-7.6
BLK,ema_weit,halb_weg,1866,2325,-8.1,315,627,-11.1
BLK,schnell,ganz_weg,1067,3148,-1.8,195,747,-6.0
BLK,schnell,halb_weg,1067,3148,-4.1,195,747,-4.1
BLK,boden2,ganz_weg,1462,2753,-0.3,465,477,-3.5
BLK,boden2,halb_weg,1462,2753,-4.0,465,477,-7.4
BMO,rot,ganz_weg,1728,2578,4.1,518,766,-3.4
BMO,rot,halb_weg,1728,2578,4.6,518,766,-2.8
BMO,rot_vol,ganz_weg,752,3554,4.9,200,1084,-2.5
BMO,rot_vol,halb_weg,752,3554,4.1,200,1084,-1.8
BMO,alarm187,ganz_weg,1304,3002,1.3,402,882,-3.1
BMO,alarm187,halb_weg,1304,3002,2.3,402,882,-3.6
BMO,hoch_heute,ganz_weg,2485,1821,-3.2,848,436,-1.6
BMO,hoch_heute,halb_weg,2485,1821,-4.3,848,436,-3.4
BMO,rsi_hoch,ganz_weg,1845,2332,-5.8,631,653,-6.7
BMO,rsi_hoch,halb_weg,1845,2332,-8.8,631,653,-5.5
BMO,ema_weit,ganz_weg,1666,2511,-7.1,658,626,-10.4
BMO,ema_weit,halb_weg,1666,2511,-10.4,658,626,-11.3
BMO,schnell,ganz_weg,1420,2886,-4.7,265,1019,-1.4
BMO,schnell,halb_weg,1420,2886,-3.6,265,1019,3.1
BMO,boden2,ganz_weg,1100,3206,-5.0,359,925,5.2
BMO,boden2,halb_weg,1100,3206,-7.9,359,925,3.6
BMW.DE,rot,ganz_weg,2261,2743,0.6,256,375,3.5
BMW.DE,rot,halb_weg,2261,2743,5.0,256,375,2.2
BMW.DE,rot_vol,ganz_weg,900,3999,6.6,103,528,7.1
BMW.DE,rot_vol,halb_weg,900,3999,3.9,103,528,14.3
BMW.DE,alarm187,ganz_weg,1600,3404,1.0,155,476,6.6
BMW.DE,alarm187,halb_weg,1600,3404,3.1,155,476,-1.3
BMW.DE,hoch_heute,ganz_weg,2818,2186,-0.6,344,287,-0.8
BMW.DE,hoch_heute,halb_weg,2818,2186,-7.9,344,287,-10.6
BMW.DE,rsi_hoch,ganz_weg,1890,3082,-3.0,205,426,2.1
BMW.DE,rsi_hoch,halb_weg,1890,3082,-6.1,205,426,-0.1
BMW.DE,ema_weit,ganz_weg,1732,3240,-4.3,210,421,0.5
BMW.DE,ema_weit,halb_weg,1732,3240,-11.0,210,421,2.9
BMW.DE,schnell,ganz_weg,1493,3511,-0.7,326,305,-9.1
BMW.DE,schnell,halb_weg,1493,3511,-2.6,326,305,1.2
BMW.DE,boden2,ganz_weg,1396,3608,0.3,156,475,-1.6
BMW.DE,boden2,halb_weg,1396,3608,1.0,156,475,3.3
BMY,rot,ganz_weg,1703,2327,-3.0,277,319,3.1
BMY,rot,halb_weg,1703,2327,2.5,277,319,4.8
BMY,rot_vol,ganz_weg,701,3329,-2.1,144,452,-7.8
BMY,rot_vol,halb_weg,701,3329,6.9,144,452,-1.6
BMY,alarm187,ganz_weg,1262,2768,-4.5,126,470,-1.7
BMY,alarm187,halb_weg,1262,2768,1.7,126,470,0.7
BMY,hoch_heute,ganz_weg,2148,1882,-0.6,307,289,4.4
BMY,hoch_heute,halb_weg,2148,1882,0.9,307,289,10.9
BMY,rsi_hoch,ganz_weg,1650,2350,-1.6,203,393,-16.2
BMY,rsi_hoch,halb_weg,1650,2350,-0.3,203,393,-18.3
BMY,ema_weit,ganz_weg,1691,2309,-2.6,170,426,-10.2
BMY,ema_weit,halb_weg,1691,2309,-5.4,170,426,-14.0
BMY,schnell,ganz_weg,1136,2894,3.8,165,431,-5.2
BMY,schnell,halb_weg,1136,2894,-0.9,165,431,3.2
BMY,boden2,ganz_weg,804,3226,-0.1,142,454,-0.4
BMY,boden2,halb_weg,804,3226,-2.1,142,454,1.3
BNR.DE,rot,ganz_weg,1510,1771,5.4,471,675,-0.9
BNR.DE,rot,halb_weg,1510,1771,1.1,471,675,-1.7
BNR.DE,rot_vol,ganz_weg,603,2552,7.0,181,962,1.1
BNR.DE,rot_vol,halb_weg,603,2552,3.2,181,962,0.7
BNR.DE,alarm187,ganz_weg,1160,2121,-0.0,378,768,-1.9
BNR.DE,alarm187,halb_weg,1160,2121,-1.2,378,768,-2.2
BNR.DE,hoch_heute,ganz_weg,1732,1549,1.4,614,532,1.5
BNR.DE,hoch_heute,halb_weg,1732,1549,-0.6,614,532,3.2
BNR.DE,rsi_hoch,ganz_weg,1388,1865,-8.2,590,556,-7.3
BNR.DE,rsi_hoch,halb_weg,1388,1865,-6.2,590,556,-8.7
BNR.DE,ema_weit,ganz_weg,1076,2177,-5.6,506,640,-1.1
BNR.DE,ema_weit,halb_weg,1076,2177,0.5,506,640,-0.8
BNR.DE,schnell,ganz_weg,709,2572,1.5,377,769,-4.5
BNR.DE,schnell,halb_weg,709,2572,3.2,377,769,-5.4
BNR.DE,boden2,ganz_weg,1256,2025,-2.5,435,711,-3.9
BNR.DE,boden2,halb_weg,1256,2025,-4.9,435,711,1.6
BNS,rot,ganz_weg,1965,2641,-0.3,577,868,-4.7
BNS,rot,halb_weg,1965,2641,0.9,577,868,-9.6
BNS,rot_vol,ganz_weg,618,3988,4.3,209,1236,-0.6
BNS,rot_vol,halb_weg,618,3988,4.6,209,1236,-4.9
BNS,alarm187,ganz_weg,1479,3127,-0.1,471,974,-5.6
BNS,alarm187,halb_weg,1479,3127,-2.3,471,974,-9.2
BNS,hoch_heute,ganz_weg,2646,1960,-2.0,915,530,-0.5
BNS,hoch_heute,halb_weg,2646,1960,-3.9,915,530,0.8
BNS,rsi_hoch,ganz_weg,2052,2392,-4.2,794,651,-6.3
BNS,rsi_hoch,halb_weg,2052,2392,-3.4,794,651,-8.6
BNS,ema_weit,ganz_weg,1556,2888,-9.4,720,725,-4.1
BNS,ema_weit,halb_weg,1556,2888,-9.0,720,725,-5.7
BNS,schnell,ganz_weg,1022,3584,0.2,284,1161,3.4
BNS,schnell,halb_weg,1022,3584,2.6,284,1161,1.5
BNS,boden2,ganz_weg,1248,3358,-1.6,343,1102,-4.1
BNS,boden2,halb_weg,1248,3358,-1.0,343,1102,-4.2
BNY,rot,ganz_weg,1657,2215,-1.1,358,560,-2.5
BNY,rot,halb_weg,1657,2215,2.1,358,560,5.8
BNY,rot_vol,ganz_weg,737,3135,6.3,179,739,-0.0
BNY,rot_vol,halb_weg,737,3135,6.1,179,739,4.9
BNY,alarm187,ganz_weg,1227,2645,0.4,304,614,0.1
BNY,alarm187,halb_weg,1227,2645,0.8,304,614,4.4
BNY,hoch_heute,ganz_weg,2096,1776,-1.3,547,371,1.7
BNY,hoch_heute,halb_weg,2096,1776,-2.3,547,371,3.2
BNY,rsi_hoch,ganz_weg,1540,2332,-5.0,486,432,-3.2
BNY,rsi_hoch,halb_weg,1540,2332,-4.6,486,432,-15.0
BNY,ema_weit,ganz_weg,1549,2323,-4.4,472,446,-4.5
BNY,ema_weit,halb_weg,1549,2323,-4.7,472,446,-11.0
BNY,schnell,ganz_weg,1054,2818,-3.3,224,694,-2.5
BNY,schnell,halb_weg,1054,2818,2.3,224,694,-2.6
BNY,boden2,ganz_weg,1570,2302,-2.1,377,541,2.4
BNY,boden2,halb_weg,1570,2302,-1.0,377,541,-5.3
BP,rot,ganz_weg,2922,3458,3.7,469,489,-2.6
BP,rot,halb_weg,2922,3458,5.4,469,489,2.3
BP,rot_vol,ganz_weg,1481,4899,5.1,281,677,-17.2
BP,rot_vol,halb_weg,1481,4899,3.4,281,677,-2.4
BP,alarm187,ganz_weg,2198,4182,1.2,327,631,-13.1
BP,alarm187,halb_weg,2198,4182,4.6,327,631,-2.7
BP,hoch_heute,ganz_weg,3592,2788,-1.6,495,463,-8.0
BP,hoch_heute,halb_weg,3592,2788,-6.4,495,463,-12.0
BP,rsi_hoch,ganz_weg,2838,3495,-4.5,271,687,0.6
BP,rsi_hoch,halb_weg,2838,3495,-3.3,271,687,-7.8
BP,ema_weit,ganz_weg,2441,3892,-3.3,220,738,10.2
BP,ema_weit,halb_weg,2441,3892,-0.0,220,738,-8.6
BP,schnell,ganz_weg,1773,4607,1.2,197,761,19.4
BP,schnell,halb_weg,1773,4607,-0.2,197,761,2.7
BP,boden2,ganz_weg,1261,5119,3.2,313,645,2.6
BP,boden2,halb_weg,1261,5119,1.3,313,645,-0.9
BRK-B,rot,ganz_weg,1875,2289,1.0,276,346,-12.8
BRK-B,rot,halb_weg,1875,2289,8.7,276,346,-6.7
BRK-B,rot_vol,ganz_weg,756,3408,0.7,127,495,-27.4
BRK-B,rot_vol,halb_weg,756,3408,4.7,127,495,-3.9
BRK-B,alarm187,ganz_weg,1407,2757,1.1,192,430,-11.4
BRK-B,alarm187,halb_weg,1407,2757,7.1,192,430,-13.4
BRK-B,hoch_heute,ganz_weg,2398,1766,1.3,346,276,3.1
BRK-B,hoch_heute,halb_weg,2398,1766,-3.2,346,276,5.2
BRK-B,rsi_hoch,ganz_weg,2063,2098,-4.0,210,412,-8.6
BRK-B,rsi_hoch,halb_weg,2063,2098,-4.3,210,412,-10.0
BRK-B,ema_weit,ganz_weg,2003,2158,-8.2,177,445,-6.5
BRK-B,ema_weit,halb_weg,2003,2158,-8.6,177,445,-8.7
BRK-B,schnell,ganz_weg,1636,2528,-2.0,186,436,3.5
BRK-B,schnell,halb_weg,1636,2528,-2.7,186,436,0.6
BRK-B,boden2,ganz_weg,1172,2992,-1.0,230,392,-3.9
BRK-B,boden2,halb_weg,1172,2992,-1.8,230,392,-7.6
BTI,rot,ganz_weg,2703,3740,4.7,480,716,-0.7
BTI,rot,halb_weg,2703,3740,0.8,480,716,3.1
BTI,rot_vol,ganz_weg,1021,5422,-1.6,173,1023,6.2
BTI,rot_vol,halb_weg,1021,5422,-3.0,173,1023,9.7
BTI,alarm187,ganz_weg,2010,4433,2.6,337,859,-2.6
BTI,alarm187,halb_weg,2010,4433,2.4,337,859,10.3
BTI,hoch_heute,ganz_weg,3509,2934,-3.4,636,560,-5.5
BTI,hoch_heute,halb_weg,3509,2934,-5.9,636,560,-10.9
BTI,rsi_hoch,ganz_weg,2026,4388,-7.8,402,794,-14.8
BTI,rsi_hoch,halb_weg,2026,4388,-6.7,402,794,-15.4
BTI,ema_weit,ganz_weg,1961,4453,-6.4,369,827,-22.0
BTI,ema_weit,halb_weg,1961,4453,-7.8,369,827,-14.2
BTI,schnell,ganz_weg,1777,4666,-0.1,372,824,1.1
BTI,schnell,halb_weg,1777,4666,-0.7,372,824,-1.5
BTI,boden2,ganz_weg,2023,4420,-1.8,389,807,-8.9
BTI,boden2,halb_weg,2023,4420,-0.6,389,807,-4.5
C,rot,ganz_weg,2068,2586,4.1,418,687,-3.9
C,rot,halb_weg,2068,2586,5.2,418,687,2.5
C,rot_vol,ganz_weg,937,3717,-5.5,172,933,4.4
C,rot_vol,halb_weg,937,3717,0.2,172,933,5.3
C,alarm187,ganz_weg,1493,3161,0.1,354,751,-4.1
C,alarm187,halb_weg,1493,3161,-1.1,354,751,0.1
C,hoch_heute,ganz_weg,2457,2197,-1.9,631,474,2.1
C,hoch_heute,halb_weg,2457,2197,-2.0,631,474,2.7
C,rsi_hoch,ganz_weg,1544,3079,-0.2,518,587,-2.8
C,rsi_hoch,halb_weg,1544,3079,1.7,518,587,-7.0
C,ema_weit,ganz_weg,1978,2645,-4.1,616,489,-4.8
C,ema_weit,halb_weg,1978,2645,-2.5,616,489,-8.7
C,schnell,ganz_weg,1690,2964,0.9,269,836,-5.4
C,schnell,halb_weg,1690,2964,1.0,269,836,4.7
C,boden2,ganz_weg,1056,3598,7.0,392,713,-6.4
C,boden2,halb_weg,1056,3598,6.8,392,713,-2.1
CAT,rot,ganz_weg,1921,2496,2.6,536,692,1.0
CAT,rot,halb_weg,1921,2496,3.7,536,692,3.9
CAT,rot_vol,ganz_weg,744,3673,2.4,215,1013,3.0
CAT,rot_vol,halb_weg,744,3673,5.0,215,1013,5.1
CAT,alarm187,ganz_weg,1473,2944,3.0,472,756,1.2
CAT,alarm187,halb_weg,1473,2944,-0.9,472,756,3.1
CAT,hoch_heute,ganz_weg,2426,1991,0.4,723,505,-0.0
CAT,hoch_heute,halb_weg,2426,1991,-1.8,723,505,0.8
CAT,rsi_hoch,ganz_weg,1483,2869,0.6,689,539,0.7
CAT,rsi_hoch,halb_weg,1483,2869,-1.4,689,539,-0.7
CAT,ema_weit,ganz_weg,1284,3068,-4.5,619,609,-3.4
CAT,ema_weit,halb_weg,1284,3068,-6.0,619,609,-3.1
CAT,schnell,ganz_weg,1284,3133,0.7,247,981,6.7
CAT,schnell,halb_weg,1284,3133,-2.6,247,981,9.8
CAT,boden2,ganz_weg,1096,3321,-2.2,365,863,3.6
CAT,boden2,halb_weg,1096,3321,0.4,365,863,1.1
CB,rot,ganz_weg,1690,2145,-1.5,294,370,-14.8
CB,rot,halb_weg,1690,2145,-1.1,294,370,-15.6
CB,rot_vol,ganz_weg,703,3132,-0.7,151,513,-9.5
CB,rot_vol,halb_weg,703,3132,-0.4,151,513,-6.7
CB,alarm187,ganz_weg,1204,2631,0.3,221,443,-11.1
CB,alarm187,halb_weg,1204,2631,0.2,221,443,-11.5
CB,hoch_heute,ganz_weg,2126,1709,-0.5,410,254,-1.0
CB,hoch_heute,halb_weg,2126,1709,-1.6,410,254,-2.7
CB,rsi_hoch,ganz_weg,1102,2621,-2.8,285,379,-3.1
CB,rsi_hoch,halb_weg,1102,2621,-2.4,285,379,-2.9
CB,ema_weit,ganz_weg,1109,2614,-2.0,257,407,-2.3
CB,ema_weit,halb_weg,1109,2614,-3.1,257,407,-0.1
CB,schnell,ganz_weg,1206,2629,2.0,283,381,6.5
CB,schnell,halb_weg,1206,2629,1.2,283,381,1.8
CB,boden2,ganz_weg,848,2987,3.8,102,562,7.9
CB,boden2,halb_weg,848,2987,6.2,102,562,6.3
CBK.DE,rot,ganz_weg,2018,2512,-2.5,280,337,-3.9
CBK.DE,rot,halb_weg,2018,2512,6.2,280,337,-6.7
CBK.DE,rot_vol,ganz_weg,855,3531,0.4,123,494,5.6
CBK.DE,rot_vol,halb_weg,855,3531,7.2,123,494,-1.1
CBK.DE,alarm187,ganz_weg,1425,3105,-2.3,215,402,-4.8
CBK.DE,alarm187,halb_weg,1425,3105,5.3,215,402,-1.2
CBK.DE,hoch_heute,ganz_weg,2362,2168,1.0,331,286,3.2
CBK.DE,hoch_heute,halb_weg,2362,2168,1.9,331,286,-5.5
CBK.DE,rsi_hoch,ganz_weg,2334,2047,-7.1,291,326,-1.0
CBK.DE,rsi_hoch,halb_weg,2334,2047,-7.3,291,326,4.5
CBK.DE,ema_weit,ganz_weg,2154,2227,-6.2,276,341,0.7
CBK.DE,ema_weit,halb_weg,2154,2227,-5.0,276,341,2.9
CBK.DE,schnell,ganz_weg,1628,2902,1.3,164,453,-10.2
CBK.DE,schnell,halb_weg,1628,2902,-0.2,164,453,-6.0
CBK.DE,boden2,ganz_weg,777,3753,3.6,116,501,-9.3
CBK.DE,boden2,halb_weg,777,3753,5.5,116,501,-6.4
CCEP,rot,ganz_weg,1677,2584,1.3,349,508,-1.9
CCEP,rot,halb_weg,1677,2584,-1.0,349,508,14.0
CCEP,rot_vol,ganz_weg,673,3588,-4.0,149,708,5.3
CCEP,rot_vol,halb_weg,673,3588,-1.7,149,708,0.1
CCEP,alarm187,ganz_weg,1318,2943,-3.8,245,612,-10.9
CCEP,alarm187,halb_weg,1318,2943,-4.8,245,612,7.5
CCEP,hoch_heute,ganz_weg,2264,1997,0.6,525,332,1.7
CCEP,hoch_heute,halb_weg,2264,1997,-1.7,525,332,-11.6
CCEP,rsi_hoch,ganz_weg,1558,2684,-2.5,402,455,-2.3
CCEP,rsi_hoch,halb_weg,1558,2684,-8.5,402,455,-7.0
CCEP,ema_weit,ganz_weg,1391,2851,-3.9,322,535,-0.5
CCEP,ema_weit,halb_weg,1391,2851,-9.0,322,535,3.8
CCEP,schnell,ganz_weg,1298,2963,-0.1,244,613,9.3
CCEP,schnell,halb_weg,1298,2963,-1.3,244,613,5.1
CCEP,boden2,ganz_weg,1503,2758,-1.9,369,488,-9.0
CCEP,boden2,halb_weg,1503,2758,-3.0,369,488,-6.6
CDNS,rot,ganz_weg,1367,2264,0.4,458,771,1.1
CDNS,rot,halb_weg,1367,2264,-0.0,458,771,11.7
CDNS,rot_vol,ganz_weg,535,3096,-2.2,219,1010,-3.2
CDNS,rot_vol,halb_weg,535,3096,3.9,219,1010,14.5
CDNS,alarm187,ganz_weg,1040,2591,-2.8,355,874,3.9
CDNS,alarm187,halb_weg,1040,2591,0.0,355,874,15.0
CDNS,hoch_heute,ganz_weg,2029,1602,-1.7,732,497,0.9
CDNS,hoch_heute,halb_weg,2029,1602,-2.3,732,497,-3.0
CDNS,rsi_hoch,ganz_weg,1773,1758,-2.0,439,790,-3.9
CDNS,rsi_hoch,halb_weg,1773,1758,-1.8,439,790,2.0
CDNS,ema_weit,ganz_weg,1830,1701,-4.7,420,809,-4.7
CDNS,ema_weit,halb_weg,1830,1701,-4.7,420,809,-4.4
CDNS,schnell,ganz_weg,733,2898,4.2,375,854,4.3
CDNS,schnell,halb_weg,733,2898,2.7,375,854,1.5
CDNS,boden2,ganz_weg,871,2760,1.5,251,978,8.1
CDNS,boden2,halb_weg,871,2760,-0.3,251,978,0.5
CDW,rot,ganz_weg,969,1377,-0.4,462,583,6.4
CDW,rot,halb_weg,969,1377,1.0,462,583,8.8
CDW,rot_vol,ganz_weg,358,1988,4.1,169,876,3.3
CDW,rot_vol,halb_weg,358,1988,13.6,169,876,28.3
CDW,alarm187,ganz_weg,763,1583,-4.5,370,675,11.1
CDW,alarm187,halb_weg,763,1583,-2.1,370,675,16.4
CDW,hoch_heute,ganz_weg,1357,989,-2.1,603,442,1.7
CDW,hoch_heute,halb_weg,1357,989,-2.0,603,442,-11.0
CDW,rsi_hoch,ganz_weg,587,1622,-2.9,262,783,5.1
CDW,rsi_hoch,halb_weg,587,1622,-5.0,262,783,10.0
CDW,ema_weit,ganz_weg,769,1440,-4.6,150,895,11.7
CDW,ema_weit,halb_weg,769,1440,-8.8,150,895,25.8
CDW,schnell,ganz_weg,590,1756,0.8,265,780,7.8
CDW,schnell,halb_weg,590,1756,1.5,265,780,8.7
CDW,boden2,ganz_weg,830,1516,-0.4,491,554,-2.3
CDW,boden2,halb_weg,830,1516,4.0,491,554,1.8
CEG,rot,ganz_weg,4,9,,576,642,-1.8
CEG,rot,halb_weg,4,9,,576,642,-11.4
CEG,rot_vol,ganz_weg,2,11,,297,921,-2.2
CEG,rot_vol,halb_weg,2,11,,297,921,-10.4
CEG,alarm187,ganz_weg,4,9,,409,809,-7.2
CEG,alarm187,halb_weg,4,9,,409,809,-14.4
CEG,hoch_heute,ganz_weg,9,4,,683,535,-2.3
CEG,hoch_heute,halb_weg,9,4,,683,535,1.4
CEG,rsi_hoch,ganz_weg,2,11,,618,600,-8.6
CEG,rsi_hoch,halb_weg,2,11,,618,600,-16.2
CEG,ema_weit,ganz_weg,7,6,,432,786,-3.3
CEG,ema_weit,halb_weg,7,6,,432,786,-7.1
CEG,schnell,ganz_weg,7,6,,433,785,5.1
CEG,schnell,halb_weg,7,6,,433,785,5.3
CEG,boden2,ganz_weg,0,13,,525,693,3.6
CEG,boden2,halb_weg,0,13,,525,693,2.3
CHTR,rot,ganz_weg,1308,1835,4.0,318,383,23.0
CHTR,rot,halb_weg,1308,1835,3.0,318,383,12.3
CHTR,rot_vol,ganz_weg,447,2602,2.9,164,537,17.7
CHTR,rot_vol,halb_weg,447,2602,8.0,164,537,0.8
CHTR,alarm187,ganz_weg,1096,2047,1.6,143,558,3.7
CHTR,alarm187,halb_weg,1096,2047,-1.7,143,558,13.9
CHTR,hoch_heute,ganz_weg,1659,1484,-0.3,397,304,-1.2
CHTR,hoch_heute,halb_weg,1659,1484,1.0,397,304,-6.0
CHTR,rsi_hoch,ganz_weg,1212,1834,-3.3,226,475,3.0
CHTR,rsi_hoch,halb_weg,1212,1834,-8.4,226,475,5.3
CHTR,ema_weit,ganz_weg,1053,1993,-4.5,97,604,16.3
CHTR,ema_weit,halb_weg,1053,1993,-10.1,97,604,15.5
CHTR,schnell,ganz_weg,817,2326,-1.4,144,557,11.7
CHTR,schnell,halb_weg,817,2326,-2.5,144,557,2.1
CHTR,boden2,ganz_weg,943,2200,0.5,201,500,-8.5
CHTR,boden2,halb_weg,943,2200,2.9,201,500,2.5
CL,rot,ganz_weg,1883,2541,7.3,490,678,3.6
CL,rot,halb_weg,1883,2541,1.2,490,678,4.3
CL,rot_vol,ganz_weg,727,3697,1.5,223,945,10.9
CL,rot_vol,halb_weg,727,3697,-0.4,223,945,5.5
CL,alarm187,ganz_weg,1332,3092,4.5,304,864,-3.2
CL,alarm187,halb_weg,1332,3092,1.4,304,864,-4.4
CL,hoch_heute,ganz_weg,2358,2066,1.3,642,526,0.5
CL,hoch_heute,halb_weg,2358,2066,3.5,642,526,4.3
CL,rsi_hoch,ganz_weg,1503,2895,1.5,428,740,-2.9
CL,rsi_hoch,halb_weg,1503,2895,-4.3,428,740,-11.3
CL,ema_weit,ganz_weg,1295,3103,0.2,425,743,-3.6
CL,ema_weit,halb_weg,1295,3103,-4.6,425,743,-6.8
CL,schnell,ganz_weg,981,3443,2.0,362,806,7.9
CL,schnell,halb_weg,981,3443,5.6,362,806,9.6
CL,boden2,ganz_weg,1878,2546,2.7,359,809,5.8
CL,boden2,halb_weg,1878,2546,1.8,359,809,7.0
CM,rot,ganz_weg,2118,3074,5.5,497,889,-12.4
CM,rot,halb_weg,2118,3074,7.4,497,889,-9.7
CM,rot_vol,ganz_weg,776,4416,5.4,184,1202,3.2
CM,rot_vol,halb_weg,776,4416,5.1,184,1202,0.9
CM,alarm187,ganz_weg,1544,3648,-0.8,380,1006,-11.1
CM,alarm187,halb_weg,1544,3648,-1.0,380,1006,-13.4
CM,hoch_heute,ganz_weg,3123,2069,-2.4,867,519,-2.4
CM,hoch_heute,halb_weg,3123,2069,-5.2,867,519,-0.7
CM,rsi_hoch,ganz_weg,2680,2512,-4.8,765,621,-2.2
CM,rsi_hoch,halb_weg,2680,2512,-9.1,765,621,-6.1
CM,ema_weit,ganz_weg,2139,3053,-6.2,711,675,-6.8
CM,ema_weit,halb_weg,2139,3053,-7.2,711,675,-9.5
CM,schnell,ganz_weg,1409,3783,-0.6,427,959,-8.3
CM,schnell,halb_weg,1409,3783,0.7,427,959,-10.8
CM,boden2,ganz_weg,1945,3247,-0.1,461,925,7.9
CM,boden2,halb_weg,1945,3247,3.8,461,925,1.6
CMCSA,rot,ganz_weg,2175,2965,6.0,244,337,4.8
CMCSA,rot,halb_weg,2175,2965,0.4,244,337,8.2
CMCSA,rot_vol,ganz_weg,871,4269,7.3,135,446,12.9
CMCSA,rot_vol,halb_weg,871,4269,8.8,135,446,16.8
CMCSA,alarm187,ganz_weg,1666,3474,-1.4,152,429,3.6
CMCSA,alarm187,halb_weg,1666,3474,0.5,152,429,7.9
CMCSA,hoch_heute,ganz_weg,2865,2275,-1.2,277,304,-0.0
CMCSA,hoch_heute,halb_weg,2865,2275,0.0,277,304,-0.8
CMCSA,rsi_hoch,ganz_weg,1880,3254,1.3,198,383,6.9
CMCSA,rsi_hoch,halb_weg,1880,3254,-0.1,198,383,0.4
CMCSA,ema_weit,ganz_weg,1582,3552,1.1,132,449,9.9
CMCSA,ema_weit,halb_weg,1582,3552,2.6,132,449,8.1
CMCSA,schnell,ganz_weg,1368,3772,1.5,243,338,-0.2
CMCSA,schnell,halb_weg,1368,3772,-0.3,243,338,-7.6
CMCSA,boden2,ganz_weg,1597,3543,-0.9,179,402,-0.4
CMCSA,boden2,halb_weg,1597,3543,-0.4,179,402,-4.8
CNQ,rot,ganz_weg,2117,2899,-1.3,322,379,-3.7
CNQ,rot,halb_weg,2117,2899,1.9,322,379,7.9
CNQ,rot_vol,ganz_weg,843,4173,2.1,166,535,1.2
CNQ,rot_vol,halb_weg,843,4173,0.8,166,535,13.6
CNQ,alarm187,ganz_weg,1572,3444,-2.1,245,456,-4.1
CNQ,alarm187,halb_weg,1572,3444,1.8,245,456,4.2
CNQ,hoch_heute,ganz_weg,2712,2304,2.1,380,321,5.7
CNQ,hoch_heute,halb_weg,2712,2304,2.5,380,321,6.9
CNQ,rsi_hoch,ganz_weg,1831,2896,-3.2,214,487,2.3
CNQ,rsi_hoch,halb_weg,1831,2896,-2.9,214,487,5.1
CNQ,ema_weit,ganz_weg,1363,3364,-2.3,191,510,-1.7
CNQ,ema_weit,halb_weg,1363,3364,-4.7,191,510,4.4
CNQ,schnell,ganz_weg,1334,3682,1.4,265,436,-5.7
CNQ,schnell,halb_weg,1334,3682,1.9,265,436,-2.3
CNQ,boden2,ganz_weg,1053,3963,0.3,167,534,0.9
CNQ,boden2,halb_weg,1053,3963,0.8,167,534,-3.3
COF,rot,ganz_weg,1578,2131,3.9,464,684,4.0
COF,rot,halb_weg,1578,2131,3.7,464,684,-0.3
COF,rot_vol,ganz_weg,684,3025,-0.9,169,979,12.2
COF,rot_vol,halb_weg,684,3025,1.2,169,979,3.5
COF,alarm187,ganz_weg,1078,2631,-1.2,366,782,-0.9
COF,alarm187,halb_weg,1078,2631,2.9,366,782,-5.0
COF,hoch_heute,ganz_weg,2010,1699,-2.4,671,477,-3.8
COF,hoch_heute,halb_weg,2010,1699,-1.0,671,477,-2.1
COF,rsi_hoch,ganz_weg,1377,2257,-3.8,615,533,-3.7
COF,rsi_hoch,halb_weg,1377,2257,-7.6,615,533,-1.7
COF,ema_weit,ganz_weg,1530,2104,0.7,518,630,-4.6
COF,ema_weit,halb_weg,1530,2104,-3.3,518,630,-6.2
COF,schnell,ganz_weg,1239,2470,0.9,431,717,3.0
COF,schnell,halb_weg,1239,2470,-4.5,431,717,0.3
COF,boden2,ganz_weg,795,2914,-0.9,540,608,-3.0
COF,boden2,halb_weg,795,2914,2.9,540,608,-2.3
CON.DE,rot,ganz_weg,1810,2315,3.2,453,582,6.3
CON.DE,rot,halb_weg,1810,2315,7.1,453,582,5.0
CON.DE,rot_vol,ganz_weg,775,3235,6.3,160,845,3.7
CON.DE,rot_vol,halb_weg,775,3235,4.6,160,845,4.9
CON.DE,alarm187,ganz_weg,1350,2775,2.1,309,726,7.6
CON.DE,alarm187,halb_weg,1350,2775,7.7,309,726,9.6
CON.DE,hoch_heute,ganz_weg,2300,1825,-2.1,503,532,2.3
CON.DE,hoch_heute,halb_weg,2300,1825,-5.2,503,532,3.0
CON.DE,rsi_hoch,ganz_weg,1996,1988,-2.4,473,562,-3.0
CON.DE,rsi_hoch,halb_weg,1996,1988,-2.8,473,562,-5.2
CON.DE,ema_weit,ganz_weg,1481,2503,-1.6,393,642,-7.6
CON.DE,ema_weit,halb_weg,1481,2503,-4.3,393,642,-9.7
CON.DE,schnell,ganz_weg,1526,2599,2.4,450,585,4.4
CON.DE,schnell,halb_weg,1526,2599,-0.7,450,585,-2.2
CON.DE,boden2,ganz_weg,847,3278,0.7,202,833,3.8
CON.DE,boden2,halb_weg,847,3278,0.8,202,833,10.0
COP,rot,ganz_weg,2185,2862,-4.0,333,322,-5.9
COP,rot,halb_weg,2185,2862,-1.7,333,322,-9.0
COP,rot_vol,ganz_weg,975,4072,-2.5,100,555,28.0
COP,rot_vol,halb_weg,975,4072,-1.2,100,555,4.9
COP,alarm187,ganz_weg,1708,3339,-1.8,140,515,3.5
COP,alarm187,halb_weg,1708,3339,-0.4,140,515,-8.6
COP,hoch_heute,ganz_weg,2959,2088,-0.5,359,296,0.3
COP,hoch_heute,halb_weg,2959,2088,-3.8,359,296,4.6
COP,rsi_hoch,ganz_weg,1905,3118,-5.6,145,510,-3.3
COP,rsi_hoch,halb_weg,1905,3118,-6.2,145,510,-10.0
COP,ema_weit,ganz_weg,1748,3275,-4.2,145,510,-3.4
COP,ema_weit,halb_weg,1748,3275,-7.9,145,510,-9.6
COP,schnell,ganz_weg,1086,3961,0.4,166,489,-3.1
COP,schnell,halb_weg,1086,3961,0.5,166,489,-2.3
COP,boden2,ganz_weg,1419,3628,-0.6,237,418,0.9
COP,boden2,halb_weg,1419,3628,-2.1,237,418,4.3
COST,rot,ganz_weg,1542,2107,3.5,467,658,-4.6
COST,rot,halb_weg,1542,2107,1.7,467,658,3.5
COST,rot_vol,ganz_weg,584,3065,11.8,179,946,1.9
COST,rot_vol,halb_weg,584,3065,5.2,179,946,8.9
COST,alarm187,ganz_weg,1249,2400,-0.3,368,757,-1.2
COST,alarm187,halb_weg,1249,2400,-0.0,368,757,6.2
COST,hoch_heute,ganz_weg,1985,1664,-0.6,630,495,0.7
COST,hoch_heute,halb_weg,1985,1664,0.8,630,495,0.5
COST,rsi_hoch,ganz_weg,1672,1977,-3.3,385,740,-1.3
COST,rsi_hoch,halb_weg,1672,1977,-5.6,385,740,-4.0
COST,ema_weit,ganz_weg,1510,2139,-1.8,239,886,1.8
COST,ema_weit,halb_weg,1510,2139,-3.2,239,886,1.1
COST,schnell,ganz_weg,926,2723,-0.7,486,639,3.3
COST,schnell,halb_weg,926,2723,2.6,486,639,-4.1
COST,boden2,ganz_weg,1411,2238,-1.7,361,764,1.8
COST,boden2,halb_weg,1411,2238,-1.3,361,764,-1.9
CPRT,rot,ganz_weg,1593,2046,-3.3,319,301,6.3
CPRT,rot,halb_weg,1593,2046,-2.6,319,301,-7.2
CPRT,rot_vol,ganz_weg,675,2964,-0.6,175,445,7.7
CPRT,rot_vol,halb_weg,675,2964,-2.2,175,445,-9.3
CPRT,alarm187,ganz_weg,1205,2434,-6.1,167,453,-16.6
CPRT,alarm187,halb_weg,1205,2434,-6.4,167,453,-23.5
CPRT,hoch_heute,ganz_weg,2082,1557,-1.6,322,298,3.5
CPRT,hoch_heute,halb_weg,2082,1557,-4.8,322,298,-3.9
CPRT,rsi_hoch,ganz_weg,1616,2023,-2.3,166,454,-20.5
CPRT,rsi_hoch,halb_weg,1616,2023,-4.5,166,454,-16.1
CPRT,ema_weit,ganz_weg,1548,2091,-0.4,175,445,-19.9
CPRT,ema_weit,halb_weg,1548,2091,-0.0,175,445,-19.8
CPRT,schnell,ganz_weg,1143,2496,1.2,232,388,-5.7
CPRT,schnell,halb_weg,1143,2496,1.5,232,388,-0.1
CPRT,boden2,ganz_weg,1375,2264,1.3,207,413,2.3
CPRT,boden2,halb_weg,1375,2264,0.5,207,413,8.9
CRM,rot,ganz_weg,1940,2718,0.5,475,603,-13.0
CRM,rot,halb_weg,1940,2718,0.4,475,603,-9.8
CRM,rot_vol,ganz_weg,732,3926,-0.7,217,861,-12.8
CRM,rot_vol,halb_weg,732,3926,1.4,217,861,-10.7
CRM,alarm187,ganz_weg,1563,3095,-2.3,349,729,-9.8
CRM,alarm187,halb_weg,1563,3095,-0.8,349,729,-6.2
CRM,hoch_heute,ganz_weg,2453,2205,2.9,580,498,1.4
CRM,hoch_heute,halb_weg,2453,2205,2.9,580,498,4.5
CRM,rsi_hoch,ganz_weg,1421,3195,-2.7,370,708,-3.5
CRM,rsi_hoch,halb_weg,1421,3195,-1.5,370,708,-6.6
CRM,ema_weit,ganz_weg,1628,2988,-4.7,343,735,-10.8
CRM,ema_weit,halb_weg,1628,2988,-3.1,343,735,-12.6
CRM,schnell,ganz_weg,1248,3410,-1.3,452,626,-8.1
CRM,schnell,halb_weg,1248,3410,-0.8,452,626,-9.3
CRM,boden2,ganz_weg,1818,2840,4.3,479,599,6.3
CRM,boden2,halb_weg,1818,2840,0.3,479,599,2.1
CRWD,rot,ganz_weg,413,469,11.0,457,547,4.4
CRWD,rot,halb_weg,413,469,24.2,457,547,-0.5
CRWD,rot_vol,ganz_weg,147,735,9.9,178,826,4.9
CRWD,rot_vol,halb_weg,147,735,5.3,178,826,4.2
CRWD,alarm187,ganz_weg,369,513,4.1,373,631,1.7
CRWD,alarm187,halb_weg,369,513,16.3,373,631,-3.7
CRWD,hoch_heute,ganz_weg,513,369,-5.6,571,433,1.8
CRWD,hoch_heute,halb_weg,513,369,-7.8,571,433,3.3
CRWD,rsi_hoch,ganz_weg,160,533,-7.0,344,660,-0.6
CRWD,rsi_hoch,halb_weg,160,533,-10.5,344,660,-3.9
CRWD,ema_weit,ganz_weg,211,482,-5.4,386,618,-0.3
CRWD,ema_weit,halb_weg,211,482,-15.6,386,618,-2.7
CRWD,schnell,ganz_weg,245,637,4.0,261,743,3.2
CRWD,schnell,halb_weg,245,637,-4.3,261,743,-2.9
CRWD,boden2,ganz_weg,227,655,-1.9,307,697,8.7
CRWD,boden2,halb_weg,227,655,4.5,307,697,2.3
CSCO,rot,ganz_weg,1870,2940,-2.7,318,354,4.0
CSCO,rot,halb_weg,1870,2940,-1.4,318,354,-11.5
CSCO,rot_vol,ganz_weg,839,3971,2.1,160,512,10.6
CSCO,rot_vol,halb_weg,839,3971,3.1,160,512,-10.1
CSCO,alarm187,ganz_weg,1431,3379,-0.7,207,465,-1.2
CSCO,alarm187,halb_weg,1431,3379,-2.2,207,465,-9.6
CSCO,hoch_heute,ganz_weg,2627,2183,-1.8,380,292,-10.4
CSCO,hoch_heute,halb_weg,2627,2183,-1.5,380,292,-16.5
CSCO,rsi_hoch,ganz_weg,1845,2958,-5.3,244,428,-1.7
CSCO,rsi_hoch,halb_weg,1845,2958,-9.0,244,428,4.7
CSCO,ema_weit,ganz_weg,1958,2845,-5.8,186,486,-5.8
CSCO,ema_weit,halb_weg,1958,2845,-11.9,186,486,1.4
CSCO,schnell,ganz_weg,1374,3436,-1.4,198,474,15.5
CSCO,schnell,halb_weg,1374,3436,0.3,198,474,6.2
CSCO,boden2,ganz_weg,1576,3234,-1.6,183,489,-5.1
CSCO,boden2,halb_weg,1576,3234,-0.9,183,489,-7.6
CSGP,rot,ganz_weg,1229,1950,1.6,344,332,-5.0
CSGP,rot,halb_weg,1229,1950,-0.6,344,332,4.5
CSGP,rot_vol,ganz_weg,459,2720,3.9,96,580,-6.6
CSGP,rot_vol,halb_weg,459,2720,1.8,96,580,5.9
CSGP,alarm187,ganz_weg,958,2221,-1.7,229,447,2.9
CSGP,alarm187,halb_weg,958,2221,-0.3,229,447,11.9
CSGP,hoch_heute,ganz_weg,1811,1368,0.7,344,332,-4.1
CSGP,hoch_heute,halb_weg,1811,1368,0.2,344,332,-8.9
CSGP,rsi_hoch,ganz_weg,1137,2030,1.4,131,545,9.1
CSGP,rsi_hoch,halb_weg,1137,2030,1.6,131,545,4.2
CSGP,ema_weit,ganz_weg,1025,2142,2.8,116,560,10.9
CSGP,ema_weit,halb_weg,1025,2142,0.2,116,560,-4.2
CSGP,schnell,ganz_weg,948,2231,4.6,311,365,3.1
CSGP,schnell,halb_weg,948,2231,6.0,311,365,-7.0
CSGP,boden2,ganz_weg,1083,2096,-0.2,191,485,-5.9
CSGP,boden2,halb_weg,1083,2096,-0.5,191,485,-1.2
CSX,rot,ganz_weg,1876,2368,-2.7,448,744,-5.5
CSX,rot,halb_weg,1876,2368,1.8,448,744,-6.1
CSX,rot_vol,ganz_weg,745,3499,1.0,195,997,-10.4
CSX,rot_vol,halb_weg,745,3499,1.8,195,997,-5.8
CSX,alarm187,ganz_weg,1384,2860,-5.3,332,860,-9.3
CSX,alarm187,halb_weg,1384,2860,-0.1,332,860,-7.9
CSX,hoch_heute,ganz_weg,2302,1942,0.7,658,534,-0.1
CSX,hoch_heute,halb_weg,2302,1942,2.2,658,534,-2.6
CSX,rsi_hoch,ganz_weg,1357,2858,0.2,594,598,0.0
CSX,rsi_hoch,halb_weg,1357,2858,-2.8,594,598,3.9
CSX,ema_weit,ganz_weg,1276,2939,-1.9,467,725,-8.0
CSX,ema_weit,halb_weg,1276,2939,-4.0,467,725,-7.0
CSX,schnell,ganz_weg,905,3339,-0.1,205,987,0.7
CSX,schnell,halb_weg,905,3339,-2.2,205,987,8.9
CSX,boden2,ganz_weg,1686,2558,-3.6,446,746,2.5
CSX,boden2,halb_weg,1686,2558,-2.4,446,746,-1.2
CTAS,rot,ganz_weg,1866,2381,-5.1,257,348,-17.5
CTAS,rot,halb_weg,1866,2381,-6.2,257,348,-5.2
CTAS,rot_vol,ganz_weg,740,3507,0.4,84,521,-10.0
CTAS,rot_vol,halb_weg,740,3507,6.4,84,521,11.2
CTAS,alarm187,ganz_weg,1525,2722,-6.4,207,398,-18.1
CTAS,alarm187,halb_weg,1525,2722,-4.6,207,398,-10.7
CTAS,hoch_heute,ganz_weg,2345,1902,-1.3,326,279,3.9
CTAS,hoch_heute,halb_weg,2345,1902,0.2,326,279,8.8
CTAS,rsi_hoch,ganz_weg,2141,2034,-2.7,212,393,0.7
CTAS,rsi_hoch,halb_weg,2141,2034,-7.6,212,393,2.0
CTAS,ema_weit,ganz_weg,2211,1964,-0.6,168,437,-4.5
CTAS,ema_weit,halb_weg,2211,1964,-4.3,168,437,-9.7
CTAS,schnell,ganz_weg,871,3376,3.5,125,480,-3.5
CTAS,schnell,halb_weg,871,3376,5.6,125,480,7.8
CTAS,boden2,ganz_weg,1023,3224,-1.9,281,324,-2.4
CTAS,boden2,halb_weg,1023,3224,-2.7,281,324,-8.6
CTSH,rot,ganz_weg,1528,1830,3.9,317,539,-3.2
CTSH,rot,halb_weg,1528,1830,4.5,317,539,-7.0
CTSH,rot_vol,ganz_weg,648,2710,2.4,187,669,-14.7
CTSH,rot_vol,halb_weg,648,2710,9.8,187,669,-12.6
CTSH,alarm187,ganz_weg,1234,2124,0.4,239,617,-4.2
CTSH,alarm187,halb_weg,1234,2124,4.9,239,617,-3.6
CTSH,hoch_heute,ganz_weg,1776,1582,-1.5,496,360,-2.5
CTSH,hoch_heute,halb_weg,1776,1582,-3.0,496,360,1.8
CTSH,rsi_hoch,ganz_weg,1232,2005,-8.6,477,379,-6.3
CTSH,rsi_hoch,halb_weg,1232,2005,-11.2,477,379,-15.2
CTSH,ema_weit,ganz_weg,840,2397,-6.7,371,485,-8.2
CTSH,ema_weit,halb_weg,840,2397,-6.6,371,485,-15.3
CTSH,schnell,ganz_weg,1164,2194,5.1,350,506,0.2
CTSH,schnell,halb_weg,1164,2194,1.6,350,506,6.5
CTSH,boden2,ganz_weg,818,2540,-0.1,359,497,1.6
CTSH,boden2,halb_weg,818,2540,-0.6,359,497,2.6
CVS,rot,ganz_weg,1861,2563,4.5,245,421,-7.4
CVS,rot,halb_weg,1861,2563,4.8,245,421,-2.1
CVS,rot_vol,ganz_weg,693,3731,7.9,124,542,7.6
CVS,rot_vol,halb_weg,693,3731,5.0,124,542,-1.2
CVS,alarm187,ganz_weg,1302,3122,0.4,180,486,-7.5
CVS,alarm187,halb_weg,1302,3122,4.4,180,486,-7.9
CVS,hoch_heute,ganz_weg,2412,2012,1.7,388,278,3.3
CVS,hoch_heute,halb_weg,2412,2012,-1.3,388,278,1.2
CVS,rsi_hoch,ganz_weg,1832,2475,-1.8,324,342,2.1
CVS,rsi_hoch,halb_weg,1832,2475,-2.5,324,342,-3.9
CVS,ema_weit,ganz_weg,1575,2732,-3.4,229,437,-5.0
CVS,ema_weit,halb_weg,1575,2732,-3.6,229,437,-13.4
CVS,schnell,ganz_weg,1076,3348,1.4,297,369,-6.1
CVS,schnell,halb_weg,1076,3348,3.4,297,369,2.8
CVS,boden2,ganz_weg,1100,3324,0.1,356,310,-3.2
CVS,boden2,halb_weg,1100,3324,4.1,356,310,-4.3
CVX,rot,ganz_weg,2674,3853,-1.8,694,639,-7.4
CVX,rot,halb_weg,2674,3853,1.1,694,639,7.7
CVX,rot_vol,ganz_weg,1105,5422,6.8,290,1043,-8.2
CVX,rot_vol,halb_weg,1105,5422,2.7,290,1043,5.1
CVX,alarm187,ganz_weg,1929,4598,-0.9,470,863,-2.8
CVX,alarm187,halb_weg,1929,4598,-2.5,470,863,6.4
CVX,hoch_heute,ganz_weg,3686,2841,-0.2,695,638,2.8
CVX,hoch_heute,halb_weg,3686,2841,-1.9,695,638,7.1
CVX,rsi_hoch,ganz_weg,2995,3505,-3.0,540,793,-0.3
CVX,rsi_hoch,halb_weg,2995,3505,-7.7,540,793,-5.5
CVX,ema_weit,ganz_weg,2275,4225,-1.6,443,890,-3.7
CVX,ema_weit,halb_weg,2275,4225,-5.7,443,890,-5.5
CVX,schnell,ganz_weg,1813,4714,3.6,384,949,-7.9
CVX,schnell,halb_weg,1813,4714,2.9,384,949,-8.1
CVX,boden2,ganz_weg,1395,5132,1.1,255,1078,1.7
CVX,boden2,halb_weg,1395,5132,5.1,255,1078,6.8
DASH,rot,ganz_weg,170,161,11.3,510,530,-0.8
DASH,rot,halb_weg,170,161,6.0,510,530,-1.0
DASH,rot_vol,ganz_weg,81,250,16.3,212,828,-16.9
DASH,rot_vol,halb_weg,81,250,3.2,212,828,-9.1
DASH,alarm187,ganz_weg,65,266,12.7,384,656,-4.1
DASH,alarm187,halb_weg,65,266,12.0,384,656,-4.4
DASH,hoch_heute,ganz_weg,165,166,10.8,585,455,1.8
DASH,hoch_heute,halb_weg,165,166,14.6,585,455,4.2
DASH,rsi_hoch,ganz_weg,59,232,-13.1,524,516,-5.7
DASH,rsi_hoch,halb_weg,59,232,-13.7,524,516,-5.6
DASH,ema_weit,ganz_weg,43,248,-7.9,508,532,-9.3
DASH,ema_weit,halb_weg,43,248,-21.4,508,532,-4.6
DASH,schnell,ganz_weg,75,256,3.0,233,807,1.3
DASH,schnell,halb_weg,75,256,2.2,233,807,2.4
DASH,boden2,ganz_weg,26,305,4.7,375,665,2.6
DASH,boden2,halb_weg,26,305,3.8,375,665,-4.5
DB1.DE,rot,ganz_weg,2063,2962,4.5,394,733,-5.1
DB1.DE,rot,halb_weg,2063,2962,2.6,394,733,-6.4
DB1.DE,rot_vol,ganz_weg,749,4237,0.6,192,926,-1.5
DB1.DE,rot_vol,halb_weg,749,4237,2.6,192,926,-3.4
DB1.DE,alarm187,ganz_weg,1498,3527,2.9,280,847,0.1
DB1.DE,alarm187,halb_weg,1498,3527,1.8,280,847,-2.9
DB1.DE,hoch_heute,ganz_weg,2819,2206,-3.3,684,443,1.2
DB1.DE,hoch_heute,halb_weg,2819,2206,-4.3,684,443,1.6
DB1.DE,rsi_hoch,ganz_weg,2065,2935,1.9,613,514,-9.4
DB1.DE,rsi_hoch,halb_weg,2065,2935,-1.6,613,514,-14.2
DB1.DE,ema_weit,ganz_weg,1642,3358,-0.5,530,597,-5.5
DB1.DE,ema_weit,halb_weg,1642,3358,-5.3,530,597,-8.9
DB1.DE,schnell,ganz_weg,1517,3508,-0.5,296,831,10.6
DB1.DE,schnell,halb_weg,1517,3508,-1.7,296,831,6.8
DB1.DE,boden2,ganz_weg,1239,3786,-6.6,150,977,7.3
DB1.DE,boden2,halb_weg,1239,3786,-6.0,150,977,7.0
DBK.DE,rot,ganz_weg,1966,2560,4.8,374,553,11.4
DBK.DE,rot,halb_weg,1966,2560,8.5,374,553,-4.3
DBK.DE,rot_vol,ganz_weg,728,3607,2.3,147,780,3.9
DBK.DE,rot_vol,halb_weg,728,3607,0.5,147,780,7.6
DBK.DE,alarm187,ganz_weg,1384,3142,5.5,263,664,0.5
DBK.DE,alarm187,halb_weg,1384,3142,5.3,263,664,-2.6
DBK.DE,hoch_heute,ganz_weg,2530,1996,-4.5,551,376,3.6
DBK.DE,hoch_heute,halb_weg,2530,1996,-2.2,551,376,2.1
DBK.DE,rsi_hoch,ganz_weg,1915,2451,-3.1,308,619,-0.4
DBK.DE,rsi_hoch,halb_weg,1915,2451,-6.6,308,619,-2.9
DBK.DE,ema_weit,ganz_weg,1649,2717,-4.6,315,612,-0.8
DBK.DE,ema_weit,halb_weg,1649,2717,-7.6,315,612,-3.8
DBK.DE,schnell,ganz_weg,1591,2935,-0.9,339,588,-2.6
DBK.DE,schnell,halb_weg,1591,2935,1.2,339,588,-1.5
DBK.DE,boden2,ganz_weg,1132,3394,-4.3,105,822,-3.6
DBK.DE,boden2,halb_weg,1132,3394,-2.0,105,822,0.9
DDOG,rot,ganz_weg,265,442,11.4,687,934,-5.2
DDOG,rot,halb_weg,265,442,6.1,687,934,-2.0
DDOG,rot_vol,ganz_weg,81,626,-1.0,305,1316,-2.1
DDOG,rot_vol,halb_weg,81,626,-10.0,305,1316,-7.1
DDOG,alarm187,ganz_weg,206,501,-1.0,518,1103,-8.7
DDOG,alarm187,halb_weg,206,501,-1.4,518,1103,-5.0
DDOG,hoch_heute,ganz_weg,399,308,-2.3,947,674,0.7
DDOG,hoch_heute,halb_weg,399,308,2.7,947,674,1.6
DDOG,rsi_hoch,ganz_weg,333,353,-4.0,1002,619,-11.3
DDOG,rsi_hoch,halb_weg,333,353,-10.0,1002,619,-15.3
DDOG,ema_weit,ganz_weg,274,412,-11.3,1005,616,-9.4
DDOG,ema_weit,halb_weg,274,412,-16.6,1005,616,-10.6
DDOG,schnell,ganz_weg,101,606,16.0,311,1310,1.8
DDOG,schnell,halb_weg,101,606,13.2,311,1310,9.4
DDOG,boden2,ganz_weg,256,451,1.1,373,1248,-4.9
DDOG,boden2,halb_weg,256,451,0.5,373,1248,-4.9
DE,rot,ganz_weg,1481,2099,-6.7,383,481,1.2
DE,rot,halb_weg,1481,2099,-8.0,383,481,2.4
DE,rot_vol,ganz_weg,552,3028,-0.4,168,696,5.9
DE,rot_vol,halb_weg,552,3028,-0.7,168,696,2.1
DE,alarm187,ganz_weg,987,2593,-4.6,273,591,-6.2
DE,alarm187,halb_weg,987,2593,-8.9,273,591,-0.3
DE,hoch_heute,ganz_weg,1873,1707,1.9,493,371,0.4
DE,hoch_heute,halb_weg,1873,1707,-1.0,493,371,-11.8
DE,rsi_hoch,ganz_weg,1335,2226,0.1,333,531,-1.4
DE,rsi_hoch,halb_weg,1335,2226,-3.7,333,531,10.7
DE,ema_weit,ganz_weg,1094,2467,-0.5,309,555,-5.2
DE,ema_weit,halb_weg,1094,2467,-3.4,309,555,7.2
DE,schnell,ganz_weg,964,2616,2.1,263,601,-3.6
DE,schnell,halb_weg,964,2616,1.3,263,601,0.9
DE,boden2,ganz_weg,1413,2167,-1.1,342,522,2.6
DE,boden2,halb_weg,1413,2167,-7.7,342,522,-1.6
DELL,rot,ganz_weg,698,1037,5.9,385,390,-4.6
DELL,rot,halb_weg,698,1037,5.9,385,390,-10.4
DELL,rot_vol,ganz_weg,309,1426,1.8,131,644,-7.1
DELL,rot_vol,halb_weg,309,1426,5.6,131,644,-11.1
DELL,alarm187,ganz_weg,571,1164,0.8,330,445,-5.0
DELL,alarm187,halb_weg,571,1164,0.0,330,445,-9.9
DELL,hoch_heute,ganz_weg,971,764,1.2,412,363,-0.7
DELL,hoch_heute,halb_weg,971,764,2.3,412,363,3.7
DELL,rsi_hoch,ganz_weg,394,1258,-0.5,275,500,-7.8
DELL,rsi_hoch,halb_weg,394,1258,-7.9,275,500,-2.8
DELL,ema_weit,ganz_weg,383,1269,-5.3,275,500,-8.5
DELL,ema_weit,halb_weg,383,1269,-13.4,275,500,-5.1
DELL,schnell,ganz_weg,347,1388,-0.7,201,574,-2.8
DELL,schnell,halb_weg,347,1388,0.1,201,574,-6.7
DELL,boden2,ganz_weg,698,1037,0.7,223,552,-3.6
DELL,boden2,halb_weg,698,1037,1.2,223,552,-6.6
DHL.DE,rot,ganz_weg,1599,2121,2.1,356,610,-2.4
DHL.DE,rot,halb_weg,1599,2121,-0.5,356,610,0.6
DHL.DE,rot_vol,ganz_weg,593,2841,1.2,72,436,-4.4
DHL.DE,rot_vol,halb_weg,593,2841,4.0,72,436,4.8
DHL.DE,alarm187,ganz_weg,1187,2533,0.4,239,727,-8.3
DHL.DE,alarm187,halb_weg,1187,2533,-4.7,239,727,1.0
DHL.DE,hoch_heute,ganz_weg,2021,1699,-0.8,536,430,3.4
DHL.DE,hoch_heute,halb_weg,2021,1699,-4.4,536,430,-6.3
DHL.DE,rsi_hoch,ganz_weg,1244,2476,-1.1,342,624,-3.8
DHL.DE,rsi_hoch,halb_weg,1244,2476,0.7,342,624,-10.1
DHL.DE,ema_weit,ganz_weg,1118,2602,-3.9,291,675,-2.4
DHL.DE,ema_weit,halb_weg,1118,2602,-3.3,291,675,-5.7
DHL.DE,schnell,ganz_weg,708,3012,2.5,269,697,1.7
DHL.DE,schnell,halb_weg,708,3012,4.1,269,697,-1.2
DHL.DE,boden2,ganz_weg,1185,2535,-1.0,281,685,0.9
DHL.DE,boden2,halb_weg,1185,2535,-0.9,281,685,-13.4
DHR,rot,ganz_weg,2256,2832,6.3,478,521,8.3
DHR,rot,halb_weg,2256,2832,2.4,478,521,0.8
DHR,rot_vol,ganz_weg,830,4258,4.6,188,811,17.6
DHR,rot_vol,halb_weg,830,4258,7.4,188,811,2.4
DHR,alarm187,ganz_weg,1749,3339,1.0,289,710,-3.3
DHR,alarm187,halb_weg,1749,3339,0.9,289,710,-8.8
DHR,hoch_heute,ganz_weg,2729,2359,0.6,530,469,-0.3
DHR,hoch_heute,halb_weg,2729,2359,0.4,530,469,-0.6
DHR,rsi_hoch,ganz_weg,2302,2766,-3.6,304,695,-8.4
DHR,rsi_hoch,halb_weg,2302,2766,-6.0,304,695,-2.2
DHR,ema_weit,ganz_weg,2140,2928,-3.1,133,866,-3.2
DHR,ema_weit,halb_weg,2140,2928,-6.9,133,866,6.7
DHR,schnell,ganz_weg,1155,3933,-2.5,258,741,-6.6
DHR,schnell,halb_weg,1155,3933,1.4,258,741,8.4
DHR,boden2,ganz_weg,1755,3333,-1.5,407,592,-9.4
DHR,boden2,halb_weg,1755,3333,-0.9,407,592,-10.1
DIS,rot,ganz_weg,2014,2384,-3.5,384,580,5.1
DIS,rot,halb_weg,2014,2384,-1.0,384,580,1.1
DIS,rot_vol,ganz_weg,801,3597,-0.8,155,809,7.8
DIS,rot_vol,halb_weg,801,3597,-4.6,155,809,1.3
DIS,alarm187,ganz_weg,1506,2892,-6.0,262,702,-0.6
DIS,alarm187,halb_weg,1506,2892,-5.2,262,702,5.1
DIS,hoch_heute,ganz_weg,2362,2036,-0.4,531,433,4.8
DIS,hoch_heute,halb_weg,2362,2036,-2.7,531,433,5.0
DIS,rsi_hoch,ganz_weg,1938,2350,-1.8,580,384,-9.9
DIS,rsi_hoch,halb_weg,1938,2350,-8.0,580,384,-13.9
DIS,ema_weit,ganz_weg,1540,2748,0.1,482,482,-8.3
DIS,ema_weit,halb_weg,1540,2748,-4.5,482,482,-12.7
DIS,schnell,ganz_weg,1364,3034,0.5,340,624,-1.9
DIS,schnell,halb_weg,1364,3034,1.8,340,624,-0.6
DIS,boden2,ganz_weg,1199,3199,-1.8,426,538,1.6
DIS,boden2,halb_weg,1199,3199,-1.4,426,538,-3.2
DTE.DE,rot,ganz_weg,1868,2602,4.5,386,686,-4.5
DTE.DE,rot,halb_weg,1868,2602,3.7,386,686,3.4
DTE.DE,rot_vol,ganz_weg,780,3576,6.8,148,786,-0.6
DTE.DE,rot_vol,halb_weg,780,3576,6.8,148,786,5.2
DTE.DE,alarm187,ganz_weg,1275,3195,-0.4,313,759,-6.2
DTE.DE,alarm187,halb_weg,1275,3195,-0.8,313,759,-0.7
DTE.DE,hoch_heute,ganz_weg,2532,1938,-2.1,610,462,2.4
DTE.DE,hoch_heute,halb_weg,2532,1938,-4.5,610,462,3.6
DTE.DE,rsi_hoch,ganz_weg,1852,2511,-2.6,608,464,-6.9
DTE.DE,rsi_hoch,halb_weg,1852,2511,-7.0,608,464,-5.6
DTE.DE,ema_weit,ganz_weg,1333,3030,-4.2,547,525,-4.2
DTE.DE,ema_weit,halb_weg,1333,3030,-6.7,547,525,-3.9
DTE.DE,schnell,ganz_weg,1186,3284,2.6,495,577,4.8
DTE.DE,schnell,halb_weg,1186,3284,0.6,495,577,3.4
DTE.DE,boden2,ganz_weg,1038,3432,-5.1,215,857,3.5
DTE.DE,boden2,halb_weg,1038,3432,-5.0,215,857,7.4
DTG.DE,rot,ganz_weg,247,336,-12.2,461,609,4.4
DTG.DE,rot,halb_weg,247,336,-22.4,461,609,6.4
DTG.DE,rot_vol,ganz_weg,96,487,-13.1,142,928,-9.5
DTG.DE,rot_vol,halb_weg,96,487,-18.3,142,928,-10.3
DTG.DE,alarm187,ganz_weg,202,381,-13.9,355,715,-2.8
DTG.DE,alarm187,halb_weg,202,381,-22.7,355,715,1.3
DTG.DE,hoch_heute,ganz_weg,342,241,-16.4,571,499,1.2
DTG.DE,hoch_heute,halb_weg,342,241,-14.6,571,499,2.2
DTG.DE,rsi_hoch,ganz_weg,198,107,0.0,386,684,-5.3
DTG.DE,rsi_hoch,halb_weg,198,107,0.7,386,684,-10.4
DTG.DE,ema_weit,ganz_weg,150,155,0.0,296,774,-1.6
DTG.DE,ema_weit,halb_weg,150,155,0.0,296,774,-1.8
DTG.DE,schnell,ganz_weg,120,463,-1.4,488,582,2.3
DTG.DE,schnell,halb_weg,120,463,6.9,488,582,2.5
DTG.DE,boden2,ganz_weg,0,583,,310,760,-4.5
DTG.DE,boden2,halb_weg,0,583,,310,760,-6.6
DUK,rot,ganz_weg,1810,2458,-0.9,581,840,-5.5
DUK,rot,halb_weg,1810,2458,-2.4,581,840,-15.3
DUK,rot_vol,ganz_weg,823,3445,3.6,265,1156,-2.6
DUK,rot_vol,halb_weg,823,3445,3.9,265,1156,1.1
DUK,alarm187,ganz_weg,1181,3087,-1.9,430,991,-6.7
DUK,alarm187,halb_weg,1181,3087,-7.4,430,991,-13.5
DUK,hoch_heute,ganz_weg,2301,1967,0.5,805,616,0.1
DUK,hoch_heute,halb_weg,2301,1967,2.4,805,616,-4.6
DUK,rsi_hoch,ganz_weg,1246,3006,-2.4,444,977,-4.3
DUK,rsi_hoch,halb_weg,1246,3006,-5.0,444,977,-8.6
DUK,ema_weit,ganz_weg,1212,3040,-2.4,454,967,-0.9
DUK,ema_weit,halb_weg,1212,3040,-7.5,454,967,-5.0
DUK,schnell,ganz_weg,1033,3235,-2.9,428,993,0.3
DUK,schnell,halb_weg,1033,3235,2.6,428,993,-5.6
DUK,boden2,ganz_weg,1575,2693,-0.5,518,903,-1.7
DUK,boden2,halb_weg,1575,2693,-2.4,518,903,1.8
DXCM,rot,ganz_weg,1455,2066,-4.0,529,711,-0.3
DXCM,rot,halb_weg,1455,2066,1.7,529,711,0.3
DXCM,rot_vol,ganz_weg,582,2872,-2.2,207,1033,1.0
DXCM,rot_vol,halb_weg,582,2872,5.1,207,1033,-3.3
DXCM,alarm187,ganz_weg,1243,2278,-5.4,437,803,-2.0
DXCM,alarm187,halb_weg,1243,2278,-1.1,437,803,0.6
DXCM,hoch_heute,ganz_weg,1994,1527,0.5,696,544,0.1
DXCM,hoch_heute,halb_weg,1994,1527,-1.1,696,544,2.9
DXCM,rsi_hoch,ganz_weg,1795,1723,-0.9,486,754,-5.6
DXCM,rsi_hoch,halb_weg,1795,1723,-6.7,486,754,-13.9
DXCM,ema_weit,ganz_weg,1554,1964,-1.3,295,945,-7.0
DXCM,ema_weit,halb_weg,1554,1964,0.4,295,945,-17.4
DXCM,schnell,ganz_weg,1414,2107,-2.2,354,886,4.9
DXCM,schnell,halb_weg,1414,2107,-3.4,354,886,2.6
DXCM,boden2,ganz_weg,1163,2358,-1.8,422,818,-5.0
DXCM,boden2,halb_weg,1163,2358,-1.8,422,818,-7.9
EMR,rot,ganz_weg,2127,2701,0.9,545,764,-2.6
EMR,rot,halb_weg,2127,2701,3.1,545,764,-6.7
EMR,rot_vol,ganz_weg,818,4010,0.8,252,1057,4.0
EMR,rot_vol,halb_weg,818,4010,5.1,252,1057,-4.5
EMR,alarm187,ganz_weg,1577,3251,0.5,472,837,-6.9
EMR,alarm187,halb_weg,1577,3251,3.7,472,837,-6.5
EMR,hoch_heute,ganz_weg,2621,2207,1.4,718,591,3.1
EMR,hoch_heute,halb_weg,2621,2207,2.2,718,591,1.8
EMR,rsi_hoch,ganz_weg,1632,3126,0.1,741,568,-4.0
EMR,rsi_hoch,halb_weg,1632,3126,-1.4,741,568,-8.1
EMR,ema_weit,ganz_weg,1842,2916,-0.9,691,618,-9.4
EMR,ema_weit,halb_weg,1842,2916,-2.5,691,618,-15.2
EMR,schnell,ganz_weg,1156,3672,-0.8,428,881,3.3
EMR,schnell,halb_weg,1156,3672,-0.9,428,881,2.2
EMR,boden2,ganz_weg,1543,3285,-3.1,481,828,-3.5
EMR,boden2,halb_weg,1543,3285,-3.4,481,828,-2.1
ENB,rot,ganz_weg,2009,2574,4.3,365,604,-1.9
ENB,rot,halb_weg,2009,2574,4.0,365,604,0.9
ENB,rot_vol,ganz_weg,800,3783,2.7,147,822,-2.8
ENB,rot_vol,halb_weg,800,3783,7.8,147,822,-2.9
ENB,alarm187,ganz_weg,1538,3045,0.6,295,674,-3.7
ENB,alarm187,halb_weg,1538,3045,6.3,295,674,1.9
ENB,hoch_heute,ganz_weg,2607,1976,1.7,557,412,1.7
ENB,hoch_heute,halb_weg,2607,1976,0.8,557,412,0.1
ENB,rsi_hoch,ganz_weg,1869,2634,-2.3,393,576,-2.1
ENB,rsi_hoch,halb_weg,1869,2634,-9.8,393,576,2.0
ENB,ema_weit,ganz_weg,1513,2990,-3.1,395,574,-3.1
ENB,ema_weit,halb_weg,1513,2990,-6.8,395,574,-2.5
ENB,schnell,ganz_weg,1104,3479,-2.8,235,734,7.6
ENB,schnell,halb_weg,1104,3479,-3.1,235,734,5.7
ENB,boden2,ganz_weg,1209,3374,1.0,321,648,1.8
ENB,boden2,halb_weg,1209,3374,-1.0,321,648,0.7
ENR.DE,rot,ganz_weg,270,257,23.2,270,424,8.9
ENR.DE,rot,halb_weg,270,257,-2.7,270,424,-2.7
ENR.DE,rot_vol,ganz_weg,123,404,17.6,98,596,21.6
ENR.DE,rot_vol,halb_weg,123,404,0.6,98,596,5.0
ENR.DE,alarm187,ganz_weg,155,372,5.2,231,463,3.0
ENR.DE,alarm187,halb_weg,155,372,-5.9,231,463,-1.3
ENR.DE,hoch_heute,ganz_weg,298,229,-1.1,396,298,2.1
ENR.DE,hoch_heute,halb_weg,298,229,-4.3,396,298,4.5
ENR.DE,rsi_hoch,ganz_weg,275,252,-8.6,397,297,0.6
ENR.DE,rsi_hoch,halb_weg,275,252,-19.0,397,297,-1.6
ENR.DE,ema_weit,ganz_weg,243,284,-11.4,419,275,0.3
ENR.DE,ema_weit,halb_weg,243,284,-13.0,419,275,-7.3
ENR.DE,schnell,ganz_weg,68,459,0.1,107,587,-0.2
ENR.DE,schnell,halb_weg,68,459,10.9,107,587,8.5
ENR.DE,boden2,ganz_weg,152,375,-0.4,228,466,-6.4
ENR.DE,boden2,halb_weg,152,375,-10.1,228,466,0.3
EOAN.DE,rot,ganz_weg,2101,2386,3.4,366,387,6.4
EOAN.DE,rot,halb_weg,2101,2386,3.7,366,387,2.4
EOAN.DE,rot_vol,ganz_weg,862,3345,5.2,158,595,4.1
EOAN.DE,rot_vol,halb_weg,862,3345,9.4,158,595,1.5
EOAN.DE,alarm187,ganz_weg,1514,2973,-0.1,266,487,3.2
EOAN.DE,alarm187,halb_weg,1514,2973,2.8,266,487,-0.8
EOAN.DE,hoch_heute,ganz_weg,2523,1964,-1.8,464,289,5.6
EOAN.DE,hoch_heute,halb_weg,2523,1964,-8.8,464,289,9.5
EOAN.DE,rsi_hoch,ganz_weg,1703,2784,2.1,417,336,0.5
EOAN.DE,rsi_hoch,halb_weg,1703,2784,4.0,417,336,-5.9
EOAN.DE,ema_weit,ganz_weg,1299,3188,0.4,378,375,1.8
EOAN.DE,ema_weit,halb_weg,1299,3188,3.1,378,375,-5.0
EOAN.DE,schnell,ganz_weg,1284,3203,0.2,231,522,-4.4
EOAN.DE,schnell,halb_weg,1284,3203,2.4,231,522,-1.1
EOAN.DE,boden2,ganz_weg,1027,3460,0.9,182,571,-7.2
EOAN.DE,boden2,halb_weg,1027,3460,2.7,182,571,-0.8
EQIX,rot,ganz_weg,1514,2020,3.0,270,359,-3.4
EQIX,rot,halb_weg,1514,2020,2.2,270,359,10.1
EQIX,rot_vol,ganz_weg,551,2983,-5.8,116,513,-8.1
EQIX,rot_vol,halb_weg,551,2983,-3.3,116,513,-12.1
EQIX,alarm187,ganz_weg,1161,2373,0.1,203,426,0.6
EQIX,alarm187,halb_weg,1161,2373,-2.1,203,426,10.0
EQIX,hoch_heute,ganz_weg,1875,1659,-0.1,335,294,-3.7
EQIX,hoch_heute,halb_weg,1875,1659,1.0,335,294,-3.8
EQIX,rsi_hoch,ganz_weg,1023,2500,-3.3,193,436,4.6
EQIX,rsi_hoch,halb_weg,1023,2500,-10.5,193,436,-4.7
EQIX,ema_weit,ganz_weg,1005,2518,-3.5,154,475,-4.3
EQIX,ema_weit,halb_weg,1005,2518,-10.6,154,475,-16.0
EQIX,schnell,ganz_weg,859,2675,3.1,138,491,-7.0
EQIX,schnell,halb_weg,859,2675,0.4,138,491,-5.2
EQIX,boden2,ganz_weg,1186,2348,0.4,272,357,-0.2
EQIX,boden2,halb_weg,1186,2348,4.2,272,357,-3.7
EQNR,rot,ganz_weg,2544,3108,-5.7,498,749,-9.9
EQNR,rot,halb_weg,2544,3108,-8.3,498,749,-10.7
EQNR,rot_vol,ganz_weg,1157,4495,-4.8,298,949,-12.2
EQNR,rot_vol,halb_weg,1157,4495,-10.3,298,949,-7.5
EQNR,alarm187,ganz_weg,1934,3718,-4.1,350,897,-10.6
EQNR,alarm187,halb_weg,1934,3718,-8.6,350,897,-9.3
EQNR,hoch_heute,ganz_weg,3100,2552,-0.9,670,577,0.0
EQNR,hoch_heute,halb_weg,3100,2552,-2.0,670,577,2.9
EQNR,rsi_hoch,ganz_weg,2373,3233,-5.9,427,820,-7.2
EQNR,rsi_hoch,halb_weg,2373,3233,-9.0,427,820,-1.1
EQNR,ema_weit,ganz_weg,1600,4006,-4.0,262,985,-4.7
EQNR,ema_weit,halb_weg,1600,4006,-4.9,262,985,-5.7
EQNR,schnell,ganz_weg,1757,3895,2.5,485,762,6.3
EQNR,schnell,halb_weg,1757,3895,2.5,485,762,-2.8
EQNR,boden2,ganz_weg,1107,4545,1.6,278,969,-1.1
EQNR,boden2,halb_weg,1107,4545,1.0,278,969,-0.4
ETN,rot,ganz_weg,2001,2729,-1.3,548,649,-6.6
ETN,rot,halb_weg,2001,2729,-2.5,548,649,-4.1
ETN,rot_vol,ganz_weg,775,3955,-2.1,281,916,-10.5
ETN,rot_vol,halb_weg,775,3955,-0.5,281,916,-1.2
ETN,alarm187,ganz_weg,1557,3173,-3.7,382,815,-8.1
ETN,alarm187,halb_weg,1557,3173,-5.6,382,815,-5.4
ETN,hoch_heute,ganz_weg,2631,2099,0.8,639,558,3.5
ETN,hoch_heute,halb_weg,2631,2099,-0.3,639,558,6.0
ETN,rsi_hoch,ganz_weg,2116,2476,-4.2,526,671,-2.2
ETN,rsi_hoch,halb_weg,2116,2476,-4.7,526,671,-1.8
ETN,ema_weit,ganz_weg,1925,2667,-4.7,384,813,-1.3
ETN,ema_weit,halb_weg,1925,2667,-8.7,384,813,-1.3
ETN,schnell,ganz_weg,986,3744,-1.4,202,995,4.0
ETN,schnell,halb_weg,986,3744,-1.6,202,995,10.5
ETN,boden2,ganz_weg,1574,3156,-0.9,294,903,-2.4
ETN,boden2,halb_weg,1574,3156,-1.9,294,903,-1.2
EXC,rot,ganz_weg,1754,2507,7.5,570,612,13.8
EXC,rot,halb_weg,1754,2507,5.7,570,612,0.6
EXC,rot_vol,ganz_weg,889,3372,2.3,232,950,10.3
EXC,rot_vol,halb_weg,889,3372,2.7,232,950,-1.7
EXC,alarm187,ganz_weg,1337,2924,-3.9,402,780,1.6
EXC,alarm187,halb_weg,1337,2924,-0.4,402,780,-4.8
EXC,hoch_heute,ganz_weg,2399,1862,2.1,637,545,-0.6
EXC,hoch_heute,halb_weg,2399,1862,0.4,637,545,-5.5
EXC,rsi_hoch,ganz_weg,2093,2003,-4.8,454,728,-2.8
EXC,rsi_hoch,halb_weg,2093,2003,-4.4,454,728,-21.8
EXC,ema_weit,ganz_weg,1761,2335,-1.5,391,791,-0.3
EXC,ema_weit,halb_weg,1761,2335,0.9,391,791,-11.7
EXC,schnell,ganz_weg,1619,2642,3.8,499,683,-2.1
EXC,schnell,halb_weg,1619,2642,0.0,499,683,-12.6
EXC,boden2,ganz_weg,929,3332,-3.0,426,756,-1.5
EXC,boden2,halb_weg,929,3332,-1.8,426,756,-1.1
FANG,rot,ganz_weg,1179,1401,2.5,549,687,1.4
FANG,rot,halb_weg,1179,1401,1.7,549,687,-3.3
FANG,rot_vol,ganz_weg,481,2099,3.1,249,987,5.8
FANG,rot_vol,halb_weg,481,2099,6.4,249,987,4.5
FANG,alarm187,ganz_weg,853,1727,-2.5,389,847,-3.4
FANG,alarm187,halb_weg,853,1727,-2.5,389,847,-8.8
FANG,hoch_heute,ganz_weg,1380,1200,0.6,690,546,-0.6
FANG,hoch_heute,halb_weg,1380,1200,2.3,690,546,2.8
FANG,rsi_hoch,ganz_weg,639,1941,-2.8,588,648,-16.0
FANG,rsi_hoch,halb_weg,639,1941,-7.5,588,648,-17.8
FANG,ema_weit,ganz_weg,709,1871,-1.5,511,725,-15.9
FANG,ema_weit,halb_weg,709,1871,-4.6,511,725,-20.1
FANG,schnell,ganz_weg,786,1794,-0.4,379,857,1.9
FANG,schnell,halb_weg,786,1794,2.5,379,857,2.5
FANG,boden2,ganz_weg,997,1583,2.3,300,936,-6.5
FANG,boden2,halb_weg,997,1583,2.5,300,936,-7.0
FAST,rot,ganz_weg,1992,2905,-1.2,340,322,11.8
FAST,rot,halb_weg,1992,2905,-3.1,340,322,19.0
FAST,rot_vol,ganz_weg,709,4188,5.3,190,472,24.2
FAST,rot_vol,halb_weg,709,4188,1.5,190,472,30.3
FAST,alarm187,ganz_weg,1497,3400,-5.9,218,444,1.4
FAST,alarm187,halb_weg,1497,3400,-4.6,218,444,18.6
FAST,hoch_heute,ganz_weg,2695,2202,0.1,368,294,3.9
FAST,hoch_heute,halb_weg,2695,2202,-0.9,368,294,-5.6
FAST,rsi_hoch,ganz_weg,1837,3007,-1.9,210,452,6.4
FAST,rsi_hoch,halb_weg,1837,3007,-6.4,210,452,18.8
FAST,ema_weit,ganz_weg,1825,3019,-4.3,158,504,2.4
FAST,ema_weit,halb_weg,1825,3019,-4.0,158,504,12.0
FAST,schnell,ganz_weg,1393,3504,0.7,253,409,6.6
FAST,schnell,halb_weg,1393,3504,2.0,253,409,10.5
FAST,boden2,ganz_weg,1269,3628,0.1,287,375,-0.1
FAST,boden2,halb_weg,1269,3628,-0.2,287,375,5.0
FDX,rot,ganz_weg,1526,2033,-0.6,321,512,8.3
FDX,rot,halb_weg,1526,2033,3.3,321,512,2.2
FDX,rot_vol,ganz_weg,645,2914,-0.2,139,694,5.6
FDX,rot_vol,halb_weg,645,2914,0.6,139,694,-5.5
FDX,alarm187,ganz_weg,1083,2476,-4.0,231,602,6.6
FDX,alarm187,halb_weg,1083,2476,-3.5,231,602,1.8
FDX,hoch_heute,ganz_weg,1874,1685,-0.4,421,412,-1.4
FDX,hoch_heute,halb_weg,1874,1685,-1.0,421,412,-3.1
FDX,rsi_hoch,ganz_weg,1713,1735,-5.4,427,406,4.7
FDX,rsi_hoch,halb_weg,1713,1735,-11.2,427,406,0.4
FDX,ema_weit,ganz_weg,1378,2070,-8.9,409,424,6.3
FDX,ema_weit,halb_weg,1378,2070,-9.2,409,424,2.6
FDX,schnell,ganz_weg,1099,2460,-2.9,221,612,2.4
FDX,schnell,halb_weg,1099,2460,0.5,221,612,4.7
FDX,boden2,ganz_weg,934,2625,-3.6,109,724,-10.8
FDX,boden2,halb_weg,934,2625,-3.0,109,724,-8.8
FRE.DE,rot,ganz_weg,1564,1931,0.4,240,495,-0.9
FRE.DE,rot,halb_weg,1564,1931,6.0,240,495,6.3
FRE.DE,rot_vol,ganz_weg,563,2840,5.6,77,658,30.0
FRE.DE,rot_vol,halb_weg,563,2840,7.8,77,658,20.1
FRE.DE,alarm187,ganz_weg,1217,2278,-0.9,195,540,2.7
FRE.DE,alarm187,halb_weg,1217,2278,4.4,195,540,8.0
FRE.DE,hoch_heute,ganz_weg,1888,1607,1.1,479,256,-7.4
FRE.DE,hoch_heute,halb_weg,1888,1607,-2.2,479,256,-19.5
FRE.DE,rsi_hoch,ganz_weg,1259,2155,-3.1,450,285,3.9
FRE.DE,rsi_hoch,halb_weg,1259,2155,-8.4,450,285,6.1
FRE.DE,ema_weit,ganz_weg,955,2459,-4.2,399,336,7.2
FRE.DE,ema_weit,halb_weg,955,2459,-10.2,399,336,14.6
FRE.DE,schnell,ganz_weg,743,2752,5.7,342,393,0.3
FRE.DE,schnell,halb_weg,743,2752,5.3,342,393,-4.9
FRE.DE,boden2,ganz_weg,1199,2296,1.6,254,481,-2.2
FRE.DE,boden2,halb_weg,1199,2296,1.1,254,481,-7.7
FTNT,rot,ganz_weg,1186,1577,4.0,233,490,-9.7
FTNT,rot,halb_weg,1186,1577,6.3,233,490,-7.3
FTNT,rot_vol,ganz_weg,495,2268,5.1,89,634,-5.8
FTNT,rot_vol,halb_weg,495,2268,7.1,89,634,-13.2
FTNT,alarm187,ganz_weg,915,1848,1.4,162,561,-11.4
FTNT,alarm187,halb_weg,915,1848,7.2,162,561,-10.6
FTNT,hoch_heute,ganz_weg,1562,1201,-0.2,425,298,1.3
FTNT,hoch_heute,halb_weg,1562,1201,-4.3,425,298,3.4
FTNT,rsi_hoch,ganz_weg,1172,1567,-5.9,344,379,-14.2
FTNT,rsi_hoch,halb_weg,1172,1567,-5.9,344,379,-27.1
FTNT,ema_weit,ganz_weg,911,1828,-6.9,337,386,-12.6
FTNT,ema_weit,halb_weg,911,1828,-4.6,337,386,-27.8
FTNT,schnell,ganz_weg,812,1951,-2.4,313,410,-2.9
FTNT,schnell,halb_weg,812,1951,-4.6,313,410,-8.1
FTNT,boden2,ganz_weg,1042,1721,-2.7,225,498,7.4
FTNT,boden2,halb_weg,1042,1721,-1.4,225,498,12.7
GD,rot,ganz_weg,2079,2587,1.9,398,368,-7.0
GD,rot,halb_weg,2079,2587,-3.2,398,368,-3.2
GD,rot_vol,ganz_weg,874,3792,-7.2,183,583,-10.9
GD,rot_vol,halb_weg,874,3792,-5.1,183,583,-7.6
GD,alarm187,ganz_weg,1474,3192,1.2,261,505,-13.9
GD,alarm187,halb_weg,1474,3192,-0.4,261,505,-8.8
GD,hoch_heute,ganz_weg,2514,2152,0.4,386,380,4.0
GD,hoch_heute,halb_weg,2514,2152,-0.7,386,380,4.9
GD,rsi_hoch,ganz_weg,1812,2854,-5.0,210,556,-0.8
GD,rsi_hoch,halb_weg,1812,2854,-8.2,210,556,-10.4
GD,ema_weit,ganz_weg,1673,2993,-5.9,156,610,-7.0
GD,ema_weit,halb_weg,1673,2993,-11.2,156,610,-19.5
GD,schnell,ganz_weg,1185,3481,-2.6,217,549,1.5
GD,schnell,halb_weg,1185,3481,-5.2,217,549,-3.0
GD,boden2,ganz_weg,1602,3064,-1.3,338,428,-4.6
GD,boden2,halb_weg,1602,3064,2.1,338,428,11.5
GE,rot,ganz_weg,1829,2334,5.9,310,518,10.0
GE,rot,halb_weg,1829,2334,6.0,310,518,4.3
GE,rot_vol,ganz_weg,823,3340,-0.8,118,710,0.5
GE,rot_vol,halb_weg,823,3340,2.6,118,710,-4.5
GE,alarm187,ganz_weg,1369,2794,-1.6,245,583,-0.4
GE,alarm187,halb_weg,1369,2794,5.1,245,583,0.3
GE,hoch_heute,ganz_weg,2267,1896,0.8,494,334,1.7
GE,hoch_heute,halb_weg,2267,1896,-2.6,494,334,-5.1
GE,rsi_hoch,ganz_weg,2256,1858,-5.1,470,358,-8.4
GE,rsi_hoch,halb_weg,2256,1858,-5.8,470,358,-5.3
GE,ema_weit,ganz_weg,1741,2373,-2.8,452,376,-10.5
GE,ema_weit,halb_weg,1741,2373,0.3,452,376,-4.4
GE,schnell,ganz_weg,1683,2480,0.1,196,632,8.2
GE,schnell,halb_weg,1683,2480,-4.3,196,632,14.3
GE,boden2,ganz_weg,1220,2943,-2.0,173,655,-1.1
GE,boden2,halb_weg,1220,2943,-0.2,173,655,-9.2
GEHC,rot,ganz_weg,0,0,,410,456,3.1
GEHC,rot,halb_weg,0,0,,410,456,-2.4
GEHC,rot_vol,ganz_weg,0,0,,131,735,9.6
GEHC,rot_vol,halb_weg,0,0,,131,735,7.6
GEHC,alarm187,ganz_weg,0,0,,272,594,-13.1
GEHC,alarm187,halb_weg,0,0,,272,594,-0.1
GEHC,hoch_heute,ganz_weg,0,0,,476,390,-8.3
GEHC,hoch_heute,halb_weg,0,0,,476,390,-23.9
GEHC,rsi_hoch,ganz_weg,0,0,,333,515,-0.7
GEHC,rsi_hoch,halb_weg,0,0,,333,515,5.9
GEHC,ema_weit,ganz_weg,0,0,,97,751,20.9
GEHC,ema_weit,halb_weg,0,0,,97,751,40.6
GEHC,schnell,ganz_weg,0,0,,286,580,1.5
GEHC,schnell,halb_weg,0,0,,286,580,0.6
GEHC,boden2,ganz_weg,0,0,,128,738,5.4
GEHC,boden2,halb_weg,0,0,,128,738,8.1
GEV,rot,ganz_weg,0,0,,150,229,-2.2
GEV,rot,halb_weg,0,0,,150,229,0.8
GEV,rot_vol,ganz_weg,0,0,,60,319,-1.6
GEV,rot_vol,halb_weg,0,0,,60,319,21.8
GEV,alarm187,ganz_weg,0,0,,121,258,2.2
GEV,alarm187,halb_weg,0,0,,121,258,2.6
GEV,hoch_heute,ganz_weg,0,0,,233,146,0.1
GEV,hoch_heute,halb_weg,0,0,,233,146,5.1
GEV,rsi_hoch,ganz_weg,0,0,,173,206,-0.3
GEV,rsi_hoch,halb_weg,0,0,,173,206,-0.2
GEV,ema_weit,ganz_weg,0,0,,155,224,0.0
GEV,ema_weit,halb_weg,0,0,,155,224,-1.7
GEV,schnell,ganz_weg,0,0,,90,289,-6.1
GEV,schnell,halb_weg,0,0,,90,289,22.0
GEV,boden2,ganz_weg,0,0,,89,290,1.6
GEV,boden2,halb_weg,0,0,,89,290,-4.4
GFS,rot,ganz_weg,124,189,7.6,508,522,3.0
GFS,rot,halb_weg,124,189,15.1,508,522,2.2
GFS,rot_vol,ganz_weg,85,228,19.5,207,823,7.0
GFS,rot_vol,halb_weg,85,228,3.5,207,823,-4.2
GFS,alarm187,ganz_weg,92,221,4.4,250,780,4.0
GFS,alarm187,halb_weg,92,221,4.7,250,780,12.2
GFS,hoch_heute,ganz_weg,159,154,2.7,542,488,-8.6
GFS,hoch_heute,halb_weg,159,154,-11.7,542,488,-30.3
GFS,rsi_hoch,ganz_weg,39,197,0.0,206,824,16.3
GFS,rsi_hoch,halb_weg,39,197,20.9,206,824,15.5
GFS,ema_weit,ganz_weg,7,229,,289,741,9.9
GFS,ema_weit,halb_weg,7,229,,289,741,14.1
GFS,schnell,ganz_weg,174,139,-8.4,552,478,-6.5
GFS,schnell,halb_weg,174,139,-7.9,552,478,-2.4
GFS,boden2,ganz_weg,68,245,-23.4,304,726,4.0
GFS,boden2,halb_weg,68,245,-3.2,304,726,6.9
GILD,rot,ganz_weg,1658,2360,-3.6,308,414,-2.1
GILD,rot,halb_weg,1658,2360,-1.8,308,414,16.8
GILD,rot_vol,ganz_weg,725,3293,0.6,148,574,6.8
GILD,rot_vol,halb_weg,725,3293,2.4,148,574,29.7
GILD,alarm187,ganz_weg,1148,2870,-4.3,191,531,-5.4
GILD,alarm187,halb_weg,1148,2870,-1.4,191,531,23.1
GILD,hoch_heute,ganz_weg,2271,1747,-0.8,376,346,0.6
GILD,hoch_heute,halb_weg,2271,1747,-2.2,376,346,-1.0
GILD,rsi_hoch,ganz_weg,2052,1874,-10.6,249,473,-3.9
GILD,rsi_hoch,halb_weg,2052,1874,-8.9,249,473,-2.3
GILD,ema_weit,ganz_weg,1697,2229,-4.8,210,512,-4.0
GILD,ema_weit,halb_weg,1697,2229,-1.6,210,512,-9.8
GILD,schnell,ganz_weg,1650,2368,1.7,276,446,1.5
GILD,schnell,halb_weg,1650,2368,0.7,276,446,-0.8
GILD,boden2,ganz_weg,1020,2998,1.4,168,554,12.1
GILD,boden2,halb_weg,1020,2998,-0.6,168,554,0.7
GLW,rot,ganz_weg,1706,2177,-0.5,344,476,-2.4
GLW,rot,halb_weg,1706,2177,1.9,344,476,-2.8
GLW,rot_vol,ganz_weg,748,3135,0.5,189,631,1.6
GLW,rot_vol,halb_weg,748,3135,3.8,189,631,1.8
GLW,alarm187,ganz_weg,1293,2590,-1.0,266,554,-4.5
GLW,alarm187,halb_weg,1293,2590,0.0,266,554,-0.0
GLW,hoch_heute,ganz_weg,2080,1803,1.0,432,388,3.6
GLW,hoch_heute,halb_weg,2080,1803,0.7,432,388,2.7
GLW,rsi_hoch,ganz_weg,1650,2206,-7.8,421,399,-0.5
GLW,rsi_hoch,halb_weg,1650,2206,-11.2,421,399,3.5
GLW,ema_weit,ganz_weg,1439,2417,-8.4,439,381,0.1
GLW,ema_weit,halb_weg,1439,2417,-12.2,439,381,3.6
GLW,schnell,ganz_weg,1051,2832,-2.8,273,547,3.7
GLW,schnell,halb_weg,1051,2832,-0.6,273,547,8.7
GLW,boden2,ganz_weg,954,2929,1.4,369,451,-4.1
GLW,boden2,halb_weg,954,2929,4.0,369,451,-10.1
GM,rot,ganz_weg,1514,1786,6.1,425,520,5.2
GM,rot,halb_weg,1514,1786,2.1,425,520,8.1
GM,rot_vol,ganz_weg,616,2684,3.7,227,718,-6.8
GM,rot_vol,halb_weg,616,2684,-0.2,227,718,3.0
GM,alarm187,ganz_weg,1151,2149,0.8,317,628,3.3
GM,alarm187,halb_weg,1151,2149,-0.5,317,628,8.4
GM,hoch_heute,ganz_weg,1728,1572,-0.7,488,457,0.5
GM,hoch_heute,halb_weg,1728,1572,-2.3,488,457,-0.7
GM,rsi_hoch,ganz_weg,1164,2122,-3.1,496,449,0.7
GM,rsi_hoch,halb_weg,1164,2122,-3.9,496,449,-10.4
GM,ema_weit,ganz_weg,1168,2118,-2.5,432,513,3.8
GM,ema_weit,halb_weg,1168,2118,-0.9,432,513,-15.0
GM,schnell,ganz_weg,1166,2134,1.6,263,682,0.6
GM,schnell,halb_weg,1166,2134,0.9,263,682,-0.3
GM,boden2,ganz_weg,653,2647,4.5,201,744,0.6
GM,boden2,halb_weg,653,2647,5.4,201,744,-5.3
GOOG,rot,ganz_weg,1683,2074,3.4,342,464,-9.3
GOOG,rot,halb_weg,1683,2074,7.2,342,464,-8.5
GOOG,rot_vol,ganz_weg,686,3071,10.6,135,671,-16.1
GOOG,rot_vol,halb_weg,686,3071,8.2,135,671,-5.2
GOOG,alarm187,ganz_weg,1386,2371,0.0,298,508,-13.6
GOOG,alarm187,halb_weg,1386,2371,4.8,298,508,-10.2
GOOG,hoch_heute,ganz_weg,2091,1666,-1.0,430,376,1.1
GOOG,hoch_heute,halb_weg,2091,1666,-4.3,430,376,-2.8
GOOG,rsi_hoch,ganz_weg,1257,2468,-1.1,310,496,-0.6
GOOG,rsi_hoch,halb_weg,1257,2468,-3.0,310,496,-2.5
GOOG,ema_weit,ganz_weg,1184,2541,-1.1,264,542,-0.7
GOOG,ema_weit,halb_weg,1184,2541,-1.7,264,542,-5.5
GOOG,schnell,ganz_weg,1156,2601,3.7,257,549,-2.8
GOOG,schnell,halb_weg,1156,2601,-0.1,257,549,-12.7
GOOG,boden2,ganz_weg,1129,2628,-0.4,277,529,-1.9
GOOG,boden2,halb_weg,1129,2628,2.3,277,529,5.4
GOOGL,rot,ganz_weg,1692,2037,0.2,343,447,-1.8
GOOGL,rot,halb_weg,1692,2037,3.0,343,447,2.9
GOOGL,rot_vol,ganz_weg,666,3063,8.2,171,619,-9.6
GOOGL,rot_vol,halb_weg,666,3063,4.2,171,619,-2.9
GOOGL,alarm187,ganz_weg,1394,2335,-1.2,283,507,-7.8
GOOGL,alarm187,halb_weg,1394,2335,-0.1,283,507,-0.5
GOOGL,hoch_heute,ganz_weg,2066,1663,1.2,402,388,2.7
GOOGL,hoch_heute,halb_weg,2066,1663,-1.6,402,388,-0.7
GOOGL,rsi_hoch,ganz_weg,1439,2258,0.3,258,532,-3.5
GOOGL,rsi_hoch,halb_weg,1439,2258,0.2,258,532,-7.2
GOOGL,ema_weit,ganz_weg,1182,2515,-0.3,199,591,-2.4
GOOGL,ema_weit,halb_weg,1182,2515,-0.8,199,591,-14.4
GOOGL,schnell,ganz_weg,1199,2530,2.6,213,577,-1.5
GOOGL,schnell,halb_weg,1199,2530,-0.9,213,577,-11.6
GOOGL,boden2,ganz_weg,990,2739,1.4,238,552,-3.5
GOOGL,boden2,halb_weg,990,2739,1.4,238,552,10.7
GS,rot,ganz_weg,1762,2260,0.1,310,559,-5.3
GS,rot,halb_weg,1762,2260,4.2,310,559,-3.0
GS,rot_vol,ganz_weg,695,3327,1.3,158,711,-0.9
GS,rot_vol,halb_weg,695,3327,3.6,158,711,-2.7
GS,alarm187,ganz_weg,1276,2746,-1.2,266,603,-6.6
GS,alarm187,halb_weg,1276,2746,4.8,266,603,-4.8
GS,hoch_heute,ganz_weg,2254,1768,-2.5,506,363,-1.1
GS,hoch_heute,halb_weg,2254,1768,-10.2,506,363,1.1
GS,rsi_hoch,ganz_weg,1738,2284,-0.4,467,402,3.4
GS,rsi_hoch,halb_weg,1738,2284,-1.1,467,402,-1.3
GS,ema_weit,ganz_weg,1242,2780,-7.0,402,467,4.7
GS,ema_weit,halb_weg,1242,2780,-5.8,402,467,1.9
GS,schnell,ganz_weg,1141,2881,0.9,180,689,-3.8
GS,schnell,halb_weg,1141,2881,-2.8,180,689,-5.7
GS,boden2,ganz_weg,1093,2929,1.3,326,543,-3.1
GS,boden2,halb_weg,1093,2929,1.5,326,543,-3.3
GSK,rot,ganz_weg,2350,2786,1.4,532,574,10.6
GSK,rot,halb_weg,2350,2786,-6.2,532,574,4.7
GSK,rot_vol,ganz_weg,1194,3942,9.1,267,839,3.6
GSK,rot_vol,halb_weg,1194,3942,0.1,267,839,8.3
GSK,alarm187,ganz_weg,1598,3538,0.4,414,692,1.5
GSK,alarm187,halb_weg,1598,3538,-1.1,414,692,3.0
GSK,hoch_heute,ganz_weg,2755,2381,-5.6,587,519,4.2
GSK,hoch_heute,halb_weg,2755,2381,-8.2,587,519,10.0
GSK,rsi_hoch,ganz_weg,1967,3068,0.6,474,632,10.3
GSK,rsi_hoch,halb_weg,1967,3068,-2.7,474,632,9.2
GSK,ema_weit,ganz_weg,1863,3172,4.5,487,619,11.9
GSK,ema_weit,halb_weg,1863,3172,0.3,487,619,8.8
GSK,schnell,ganz_weg,1783,3353,-1.7,330,776,8.7
GSK,schnell,halb_weg,1783,3353,-0.4,330,776,3.9
GSK,boden2,ganz_weg,1291,3845,-1.1,299,807,3.2
GSK,boden2,halb_weg,1291,3845,-0.1,299,807,3.6
HD,rot,ganz_weg,1791,2493,-0.5,416,583,4.2
HD,rot,halb_weg,1791,2493,0.8,416,583,0.4
HD,rot_vol,ganz_weg,639,3645,4.6,150,849,4.3
HD,rot_vol,halb_weg,639,3645,11.1,150,849,-2.6
HD,alarm187,ganz_weg,1377,2907,0.9,294,705,4.7
HD,alarm187,halb_weg,1377,2907,-0.8,294,705,2.6
HD,hoch_heute,ganz_weg,2415,1869,0.6,549,450,0.0
HD,hoch_heute,halb_weg,2415,1869,0.9,549,450,-0.2
HD,rsi_hoch,ganz_weg,1728,2556,-3.7,302,697,-0.9
HD,rsi_hoch,halb_weg,1728,2556,-5.7,302,697,1.0
HD,ema_weit,ganz_weg,1833,2451,-1.3,294,705,-4.7
HD,ema_weit,halb_weg,1833,2451,-2.9,294,705,-3.2
HD,schnell,ganz_weg,917,3367,3.7,240,759,-3.3
HD,schnell,halb_weg,917,3367,2.4,240,759,6.4
HD,boden2,ganz_weg,1310,2974,-0.5,420,579,1.5
HD,boden2,halb_weg,1310,2974,-0.1,420,579,-3.6
HDB,rot,ganz_weg,2228,3476,-4.1,429,719,-6.2
HDB,rot,halb_weg,2228,3476,0.4,429,719,2.8
HDB,rot_vol,ganz_weg,790,4914,-1.0,220,928,-5.4
HDB,rot_vol,halb_weg,790,4914,-1.5,220,928,-1.3
HDB,alarm187,ganz_weg,1647,4057,-7.5,253,895,-4.1
HDB,alarm187,halb_weg,1647,4057,-3.0,253,895,-0.3
HDB,hoch_heute,ganz_weg,3190,2514,-2.2,688,460,-9.2
HDB,hoch_heute,halb_weg,3190,2514,-2.6,688,460,-17.7
HDB,rsi_hoch,ganz_weg,2573,3122,-6.8,424,724,4.6
HDB,rsi_hoch,halb_weg,2573,3122,-7.2,424,724,13.3
HDB,ema_weit,ganz_weg,2378,3317,-8.7,318,830,5.5
HDB,ema_weit,halb_weg,2378,3317,-10.9,318,830,16.9
HDB,schnell,ganz_weg,1499,4205,2.0,442,706,-6.2
HDB,schnell,halb_weg,1499,4205,4.6,442,706,-1.3
HDB,boden2,ganz_weg,2325,3379,-1.4,345,803,1.1
HDB,boden2,halb_weg,2325,3379,-0.8,345,803,-1.4
HEI.DE,rot,ganz_weg,1769,2069,-4.4,344,449,-7.7
HEI.DE,rot,halb_weg,1769,2069,-3.5,344,449,-0.6
HEI.DE,rot_vol,ganz_weg,691,3034,0.8,124,669,-3.1
HEI.DE,rot_vol,halb_weg,691,3034,0.0,124,669,2.7
HEI.DE,alarm187,ganz_weg,1246,2592,-4.4,259,534,-8.8
HEI.DE,alarm187,halb_weg,1246,2592,-5.0,259,534,-2.3
HEI.DE,hoch_heute,ganz_weg,2027,1811,2.7,467,326,3.1
HEI.DE,hoch_heute,halb_weg,2027,1811,2.2,467,326,-0.5
HEI.DE,rsi_hoch,ganz_weg,1379,2422,-0.5,319,474,-1.6
HEI.DE,rsi_hoch,halb_weg,1379,2422,-2.9,319,474,-4.5
HEI.DE,ema_weit,ganz_weg,1288,2513,0.6,367,426,-3.0
HEI.DE,ema_weit,halb_weg,1288,2513,-2.5,367,426,-9.1
HEI.DE,schnell,ganz_weg,899,2939,0.4,252,541,-1.2
HEI.DE,schnell,halb_weg,899,2939,1.7,252,541,0.5
HEI.DE,boden2,ganz_weg,1305,2533,-3.5,185,608,2.8
HEI.DE,boden2,halb_weg,1305,2533,-2.0,185,608,-5.1
HEN3.DE,rot,ganz_weg,1772,2504,1.6,409,635,13.6
HEN3.DE,rot,halb_weg,1772,2504,-2.0,409,635,17.8
HEN3.DE,rot_vol,ganz_weg,735,3272,-2.5,138,803,-0.0
HEN3.DE,rot_vol,halb_weg,735,3272,-2.4,138,803,11.4
HEN3.DE,alarm187,ganz_weg,1353,2923,-0.4,273,771,6.9
HEN3.DE,alarm187,halb_weg,1353,2923,-3.2,273,771,12.1
HEN3.DE,hoch_heute,ganz_weg,2314,1962,-1.9,580,464,-2.4
HEN3.DE,hoch_heute,halb_weg,2314,1962,-2.7,580,464,-3.5
HEN3.DE,rsi_hoch,ganz_weg,1715,2482,-1.5,538,506,-5.3
HEN3.DE,rsi_hoch,halb_weg,1715,2482,-3.8,538,506,-13.2
HEN3.DE,ema_weit,ganz_weg,1597,2600,-0.2,439,605,-6.7
HEN3.DE,ema_weit,halb_weg,1597,2600,-4.7,439,605,-11.2
HEN3.DE,schnell,ganz_weg,1404,2872,-0.1,501,543,-3.6
HEN3.DE,schnell,halb_weg,1404,2872,2.5,501,543,1.2
HEN3.DE,boden2,ganz_weg,933,3343,2.0,200,844,4.1
HEN3.DE,boden2,halb_weg,933,3343,5.7,200,844,4.8
HNR1.DE,rot,ganz_weg,1584,2370,1.7,440,518,-3.5
HNR1.DE,rot,halb_weg,1584,2370,-1.9,440,518,0.1
HNR1.DE,rot_vol,ganz_weg,730,3134,5.1,205,713,-0.6
HNR1.DE,rot_vol,halb_weg,730,3134,4.7,205,713,3.8
HNR1.DE,alarm187,ganz_weg,1190,2764,0.6,305,653,-2.5
HNR1.DE,alarm187,halb_weg,1190,2764,-1.8,305,653,-4.4
HNR1.DE,hoch_heute,ganz_weg,2291,1663,0.4,559,399,-1.9
HNR1.DE,hoch_heute,halb_weg,2291,1663,-0.8,559,399,-6.2
HNR1.DE,rsi_hoch,ganz_weg,1848,2073,-5.2,234,724,0.6
HNR1.DE,rsi_hoch,halb_weg,1848,2073,-9.6,234,724,-3.9
HNR1.DE,ema_weit,ganz_weg,1815,2106,-2.0,232,726,-2.0
HNR1.DE,ema_weit,halb_weg,1815,2106,-6.3,232,726,2.3
HNR1.DE,schnell,ganz_weg,1017,2937,-0.4,311,647,3.6
HNR1.DE,schnell,halb_weg,1017,2937,-0.6,311,647,0.0
HNR1.DE,boden2,ganz_weg,771,3183,5.2,281,677,2.5
HNR1.DE,boden2,halb_weg,771,3183,3.3,281,677,10.7
HON,rot,ganz_weg,1887,2494,1.9,322,384,-13.3
HON,rot,halb_weg,1887,2494,0.5,322,384,-7.1
HON,rot_vol,ganz_weg,753,3628,0.2,193,513,2.0
HON,rot_vol,halb_weg,753,3628,-2.1,193,513,2.9
HON,alarm187,ganz_weg,1511,2870,-2.4,198,508,-15.6
HON,alarm187,halb_weg,1511,2870,-1.3,198,508,-9.7
HON,hoch_heute,ganz_weg,2437,1944,-1.1,399,307,0.3
HON,hoch_heute,halb_weg,2437,1944,-5.6,399,307,-3.4
HON,rsi_hoch,ganz_weg,1492,2797,-1.3,298,408,5.3
HON,rsi_hoch,halb_weg,1492,2797,-4.4,298,408,11.5
HON,ema_weit,ganz_weg,1353,2936,-2.9,279,427,-15.2
HON,ema_weit,halb_weg,1353,2936,-4.2,279,427,-6.4
HON,schnell,ganz_weg,1078,3303,-1.6,95,611,12.6
HON,schnell,halb_weg,1078,3303,3.9,95,611,9.8
HON,boden2,ganz_weg,1652,2729,-1.1,361,345,3.4
HON,boden2,halb_weg,1652,2729,-4.3,361,345,3.5
HSBC,rot,ganz_weg,2829,3366,-3.5,602,650,0.3
HSBC,rot,halb_weg,2829,3366,-0.8,602,650,-1.7
HSBC,rot_vol,ganz_weg,1162,5033,-0.3,270,982,2.7
HSBC,rot_vol,halb_weg,1162,5033,2.8,270,982,-3.1
HSBC,alarm187,ganz_weg,1996,4199,-1.4,521,731,-4.0
HSBC,alarm187,halb_weg,1996,4199,-0.2,521,731,-3.4
HSBC,hoch_heute,ganz_weg,3283,2912,-0.4,698,554,2.2
HSBC,hoch_heute,halb_weg,3283,2912,-0.8,698,554,6.2
HSBC,rsi_hoch,ganz_weg,2773,3408,-6.9,505,747,0.1
HSBC,rsi_hoch,halb_weg,2773,3408,-7.8,505,747,-1.1
HSBC,ema_weit,ganz_weg,2563,3618,-8.5,635,617,-2.3
HSBC,ema_weit,halb_weg,2563,3618,-8.6,635,617,-10.1
HSBC,schnell,ganz_weg,1980,4215,0.5,214,1038,0.1
HSBC,schnell,halb_weg,1980,4215,-1.6,214,1038,0.2
HSBC,boden2,ganz_weg,1270,4925,3.2,297,955,-1.7
HSBC,boden2,halb_weg,1270,4925,3.5,297,955,-1.7
IBM,rot,ganz_weg,1784,2772,2.4,372,527,10.3
IBM,rot,halb_weg,1784,2772,1.8,372,527,28.0
IBM,rot_vol,ganz_weg,753,3803,3.4,148,751,4.2
IBM,rot_vol,halb_weg,753,3803,10.0,148,751,14.4
IBM,alarm187,ganz_weg,1361,3195,2.6,319,580,-1.2
IBM,alarm187,halb_weg,1361,3195,2.5,319,580,16.0
IBM,hoch_heute,ganz_weg,2531,2025,2.6,567,332,-5.1
IBM,hoch_heute,halb_weg,2531,2025,3.0,567,332,-9.0
IBM,rsi_hoch,ganz_weg,1734,2586,-2.4,549,350,-5.1
IBM,rsi_hoch,halb_weg,1734,2586,-5.3,549,350,-3.4
IBM,ema_weit,ganz_weg,1389,2931,-4.0,406,493,-1.4
IBM,ema_weit,halb_weg,1389,2931,-6.5,406,493,0.5
IBM,schnell,ganz_weg,1284,3272,3.4,340,559,5.8
IBM,schnell,halb_weg,1284,3272,-0.9,340,559,6.3
IBM,boden2,ganz_weg,1000,3556,4.2,538,361,-5.6
IBM,boden2,halb_weg,1000,3556,2.9,538,361,-1.8
IBN,rot,ganz_weg,2206,3181,0.6,483,597,0.0
IBN,rot,halb_weg,2206,3181,4.2,483,597,-4.0
IBN,rot_vol,ganz_weg,910,4477,-4.6,234,846,4.7
IBN,rot_vol,halb_weg,910,4477,-4.5,234,846,0.9
IBN,alarm187,ganz_weg,1729,3658,-2.0,364,716,0.2
IBN,alarm187,halb_weg,1729,3658,0.9,364,716,-2.2
IBN,hoch_heute,ganz_weg,2831,2556,2.5,610,470,1.1
IBN,hoch_heute,halb_weg,2831,2556,1.3,610,470,-8.4
IBN,rsi_hoch,ganz_weg,2031,3356,-6.0,467,613,-5.5
IBN,rsi_hoch,halb_weg,2031,3356,-10.1,467,613,1.6
IBN,ema_weit,ganz_weg,1655,3732,-3.9,240,840,-5.8
IBN,ema_weit,halb_weg,1655,3732,-5.3,240,840,15.4
IBN,schnell,ganz_weg,1679,3708,1.2,369,711,1.1
IBN,schnell,halb_weg,1679,3708,-1.1,369,711,7.0
IBN,boden2,ganz_weg,1550,3837,-1.4,302,778,-1.3
IBN,boden2,halb_weg,1550,3837,-1.4,302,778,1.0
IDXX,rot,ganz_weg,1361,2114,-2.0,260,421,7.4
IDXX,rot,halb_weg,1361,2114,0.9,260,421,4.6
IDXX,rot_vol,ganz_weg,607,2868,8.0,98,583,-7.2
IDXX,rot_vol,halb_weg,607,2868,7.6,98,583,-4.7
IDXX,alarm187,ganz_weg,1104,2371,-6.8,208,473,-2.2
IDXX,alarm187,halb_weg,1104,2371,-0.9,208,473,0.8
IDXX,hoch_heute,ganz_weg,1956,1519,-0.4,414,267,-2.3
IDXX,hoch_heute,halb_weg,1956,1519,-3.4,414,267,-4.7
IDXX,rsi_hoch,ganz_weg,1305,2097,-2.5,390,291,-10.1
IDXX,rsi_hoch,halb_weg,1305,2097,5.7,390,291,-7.7
IDXX,ema_weit,ganz_weg,1214,2188,-3.7,351,330,-18.0
IDXX,ema_weit,halb_weg,1214,2188,0.4,351,330,-23.2
IDXX,schnell,ganz_weg,936,2539,-1.4,260,421,-0.8
IDXX,schnell,halb_weg,936,2539,0.3,260,421,3.4
IDXX,boden2,ganz_weg,846,2629,0.1,174,507,13.3
IDXX,boden2,halb_weg,846,2629,5.2,174,507,21.8
IFX.DE,rot,ganz_weg,1618,2140,3.0,606,741,4.0
IFX.DE,rot,halb_weg,1618,2140,3.5,606,741,7.5
IFX.DE,rot_vol,ganz_weg,658,2924,-6.6,236,1111,8.2
IFX.DE,rot_vol,halb_weg,658,2924,-8.1,236,1111,-2.6
IFX.DE,alarm187,ganz_weg,1350,2408,4.7,486,861,0.9
IFX.DE,alarm187,halb_weg,1350,2408,3.4,486,861,9.4
IFX.DE,hoch_heute,ganz_weg,2127,1631,-1.1,768,579,0.7
IFX.DE,hoch_heute,halb_weg,2127,1631,-1.9,768,579,2.9
IFX.DE,rsi_hoch,ganz_weg,1663,2088,-2.3,737,610,-8.0
IFX.DE,rsi_hoch,halb_weg,1663,2088,-3.8,737,610,-16.4
IFX.DE,ema_weit,ganz_weg,1260,2491,-2.5,568,779,-4.8
IFX.DE,ema_weit,halb_weg,1260,2491,-4.8,568,779,-7.5
IFX.DE,schnell,ganz_weg,726,3032,6.9,366,981,-2.8
IFX.DE,schnell,halb_weg,726,3032,5.9,366,981,-2.8
IFX.DE,boden2,ganz_weg,948,2810,3.3,401,946,-4.1
IFX.DE,boden2,halb_weg,948,2810,1.8,401,946,-2.9
ILMN,rot,ganz_weg,1475,2121,-5.4,464,641,-11.0
ILMN,rot,halb_weg,1475,2121,-3.2,464,641,-4.3
ILMN,rot_vol,ganz_weg,532,3064,-1.0,222,883,-5.2
ILMN,rot_vol,halb_weg,532,3064,3.7,222,883,-7.5
ILMN,alarm187,ganz_weg,1154,2442,-5.9,343,762,-12.7
ILMN,alarm187,halb_weg,1154,2442,-3.5,343,762,-2.8
ILMN,hoch_heute,ganz_weg,1992,1604,-0.8,597,508,3.1
ILMN,hoch_heute,halb_weg,1992,1604,-1.6,597,508,-3.9
ILMN,rsi_hoch,ganz_weg,1216,2344,-6.0,293,812,-0.2
ILMN,rsi_hoch,halb_weg,1216,2344,-3.0,293,812,-4.4
ILMN,ema_weit,ganz_weg,1126,2434,-6.0,195,910,-1.6
ILMN,ema_weit,halb_weg,1126,2434,-7.8,195,910,-2.1
ILMN,schnell,ganz_weg,1154,2442,-4.5,197,908,5.3
ILMN,schnell,halb_weg,1154,2442,-2.4,197,908,-4.8
ILMN,boden2,ganz_weg,1242,2354,-0.0,781,324,-4.3
ILMN,boden2,halb_weg,1242,2354,-0.3,781,324,0.6
ING,rot,ganz_weg,2617,3461,-3.9,685,977,0.4
ING,rot,halb_weg,2617,3461,-2.0,685,977,-1.2
ING,rot_vol,ganz_weg,1128,4950,-5.5,313,1349,-5.7
ING,rot_vol,halb_weg,1128,4950,-1.0,313,1349,-9.5
ING,alarm187,ganz_weg,2078,4000,-5.8,603,1059,-1.4
ING,alarm187,halb_weg,2078,4000,-5.6,603,1059,1.3
ING,hoch_heute,ganz_weg,3302,2776,-0.6,988,674,-1.0
ING,hoch_heute,halb_weg,3302,2776,-3.1,988,674,-2.5
ING,rsi_hoch,ganz_weg,2636,3333,-3.5,805,857,-2.0
ING,rsi_hoch,halb_weg,2636,3333,-4.3,805,857,-1.8
ING,ema_weit,ganz_weg,2634,3335,-8.2,849,813,-0.5
ING,ema_weit,halb_weg,2634,3335,-10.0,849,813,-2.2
ING,schnell,ganz_weg,1808,4270,-0.6,446,1216,-3.1
ING,schnell,halb_weg,1808,4270,0.7,446,1216,-2.5
ING,boden2,ganz_weg,1713,4365,0.6,417,1245,-1.5
ING,boden2,halb_weg,1713,4365,0.7,417,1245,-2.3
INTC,rot,ganz_weg,1533,2225,-8.1,416,517,-20.6
INTC,rot,halb_weg,1533,2225,-6.6,416,517,-13.4
INTC,rot_vol,ganz_weg,659,3099,0.4,265,668,-10.6
INTC,rot_vol,halb_weg,659,3099,-1.6,265,668,-8.6
INTC,alarm187,ganz_weg,1151,2607,-5.1,308,625,-21.2
INTC,alarm187,halb_weg,1151,2607,-4.6,308,625,-18.5
INTC,hoch_heute,ganz_weg,2063,1695,-2.0,478,455,2.7
INTC,hoch_heute,halb_weg,2063,1695,-1.2,478,455,4.0
INTC,rsi_hoch,ganz_weg,1058,2410,-1.5,344,589,-3.7
INTC,rsi_hoch,halb_weg,1058,2410,-6.8,344,589,-7.2
INTC,ema_weit,ganz_weg,1082,2386,-2.0,287,646,-6.2
INTC,ema_weit,halb_weg,1082,2386,-8.6,287,646,-14.1
INTC,schnell,ganz_weg,1185,2573,-2.3,477,456,-13.1
INTC,schnell,halb_weg,1185,2573,-2.4,477,456,-7.9
INTC,boden2,ganz_weg,1150,2608,1.1,406,527,-4.6
INTC,boden2,halb_weg,1150,2608,3.6,406,527,-1.6
INTU,rot,ganz_weg,1729,2683,-0.6,295,294,17.6
INTU,rot,halb_weg,1729,2683,-3.2,295,294,18.2
INTU,rot_vol,ganz_weg,714,3698,-2.7,164,425,16.6
INTU,rot_vol,halb_weg,714,3698,-1.3,164,425,12.7
INTU,alarm187,ganz_weg,1460,2952,-4.9,206,383,-1.8
INTU,alarm187,halb_weg,1460,2952,-3.1,206,383,-0.4
INTU,hoch_heute,ganz_weg,2444,1968,1.1,334,255,2.6
INTU,hoch_heute,halb_weg,2444,1968,-2.0,334,255,-0.9
INTU,rsi_hoch,ganz_weg,1925,2453,0.6,222,367,-6.2
INTU,rsi_hoch,halb_weg,1925,2453,-4.0,222,367,-13.4
INTU,ema_weit,ganz_weg,1994,2384,1.9,206,383,-6.7
INTU,ema_weit,halb_weg,1994,2384,-3.1,206,383,-13.0
INTU,schnell,ganz_weg,1179,3233,3.2,217,372,10.3
INTU,schnell,halb_weg,1179,3233,-4.0,217,372,4.5
INTU,boden2,ganz_weg,830,3582,-1.5,248,341,-3.5
INTU,boden2,halb_weg,830,3582,-0.9,248,341,-4.6
ISRG,rot,ganz_weg,1660,2244,6.0,395,589,-13.6
ISRG,rot,halb_weg,1660,2244,8.9,395,589,-12.3
ISRG,rot_vol,ganz_weg,662,3242,2.5,191,793,-9.3
ISRG,rot_vol,halb_weg,662,3242,6.0,191,793,-8.5
ISRG,alarm187,ganz_weg,1156,2748,3.4,331,653,-9.8
ISRG,alarm187,halb_weg,1156,2748,6.0,331,653,-14.4
ISRG,hoch_heute,ganz_weg,2030,1874,1.3,565,419,-1.2
ISRG,hoch_heute,halb_weg,2030,1874,2.2,565,419,-1.0
ISRG,rsi_hoch,ganz_weg,1016,2757,2.8,437,547,-1.2
ISRG,rsi_hoch,halb_weg,1016,2757,3.8,437,547,-3.7
ISRG,ema_weit,ganz_weg,557,3216,-1.9,360,624,-2.4
ISRG,ema_weit,halb_weg,557,3216,-4.8,360,624,-3.7
ISRG,schnell,ganz_weg,1442,2462,-0.5,317,667,4.7
ISRG,schnell,halb_weg,1442,2462,3.1,317,667,4.8
ISRG,boden2,ganz_weg,1374,2530,-4.3,393,591,3.4
ISRG,boden2,halb_weg,1374,2530,-7.7,393,591,1.4
JNJ,rot,ganz_weg,2125,3290,6.6,391,620,-0.8
JNJ,rot,halb_weg,2125,3290,3.2,391,620,1.9
JNJ,rot_vol,ganz_weg,856,4559,6.5,164,847,1.8
JNJ,rot_vol,halb_weg,856,4559,6.7,164,847,1.0
JNJ,alarm187,ganz_weg,1494,3921,-0.7,256,755,-1.7
JNJ,alarm187,halb_weg,1494,3921,-1.2,256,755,0.7
JNJ,hoch_heute,ganz_weg,3077,2338,1.6,556,455,1.4
JNJ,hoch_heute,halb_weg,3077,2338,-0.5,556,455,2.2
JNJ,rsi_hoch,ganz_weg,2449,2966,-4.9,530,481,-7.2
JNJ,rsi_hoch,halb_weg,2449,2966,-6.2,530,481,-10.9
JNJ,ema_weit,ganz_weg,2546,2869,-3.0,491,520,-9.1
JNJ,ema_weit,halb_weg,2546,2869,-5.9,491,520,-16.8
JNJ,schnell,ganz_weg,1691,3724,-2.2,429,582,1.5
JNJ,schnell,halb_weg,1691,3724,0.3,429,582,2.9
JNJ,boden2,ganz_weg,1661,3754,-1.3,301,710,3.0
JNJ,boden2,halb_weg,1661,3754,-0.1,301,710,4.5
JPM,rot,ganz_weg,1920,2642,-3.7,454,517,4.6
JPM,rot,halb_weg,1920,2642,-4.1,454,517,9.2
JPM,rot_vol,ganz_weg,826,3736,0.5,157,814,9.1
JPM,rot_vol,halb_weg,826,3736,-5.7,157,814,5.4
JPM,alarm187,ganz_weg,1413,3149,-2.8,359,612,-0.9
JPM,alarm187,halb_weg,1413,3149,-6.5,359,612,5.3
JPM,hoch_heute,ganz_weg,2502,2060,-1.2,552,419,1.4
JPM,hoch_heute,halb_weg,2502,2060,-5.4,552,419,-2.2
JPM,rsi_hoch,ganz_weg,2055,2475,-2.1,455,516,3.0
JPM,rsi_hoch,halb_weg,2055,2475,-5.7,455,516,5.6
JPM,ema_weit,ganz_weg,2074,2456,-2.1,410,561,2.0
JPM,ema_weit,halb_weg,2074,2456,-9.3,410,561,-3.3
JPM,schnell,ganz_weg,1283,3279,0.5,253,718,3.0
JPM,schnell,halb_weg,1283,3279,-4.5,253,718,8.1
JPM,boden2,ganz_weg,1073,3489,-0.5,353,618,-2.3
JPM,boden2,halb_weg,1073,3489,4.5,353,618,-5.5
KDP,rot,ganz_weg,1400,1767,0.5,416,557,5.6
KDP,rot,halb_weg,1400,1767,1.5,416,557,2.9
KDP,rot_vol,ganz_weg,565,2602,11.6,190,783,5.3
KDP,rot_vol,halb_weg,565,2602,5.5,190,783,3.7
KDP,alarm187,ganz_weg,1075,2092,-2.8,286,687,-3.0
KDP,alarm187,halb_weg,1075,2092,-1.7,286,687,-0.0
KDP,hoch_heute,ganz_weg,1664,1503,1.6,492,481,4.4
KDP,hoch_heute,halb_weg,1664,1503,2.8,492,481,-4.3
KDP,rsi_hoch,ganz_weg,1181,1692,-6.8,448,525,0.5
KDP,rsi_hoch,halb_weg,1181,1692,-10.5,448,525,1.6
KDP,ema_weit,ganz_weg,938,1935,-5.9,278,695,3.7
KDP,ema_weit,halb_weg,938,1935,-8.1,278,695,11.4
KDP,schnell,ganz_weg,775,2392,-4.1,206,767,-18.2
KDP,schnell,halb_weg,775,2392,-2.9,206,767,-8.2
KDP,boden2,ganz_weg,926,2241,-2.0,451,522,-4.8
KDP,boden2,halb_weg,926,2241,0.1,451,522,-3.3
KHC,rot,ganz_weg,847,1022,-6.4,467,557,2.3
KHC,rot,halb_weg,847,1022,-6.8,467,557,1.0
KHC,rot_vol,ganz_weg,280,1589,2.7,179,845,7.8
KHC,rot_vol,halb_weg,280,1589,-2.3,179,845,3.6
KHC,alarm187,ganz_weg,527,1342,-4.8,227,797,0.4
KHC,alarm187,halb_weg,527,1342,-5.0,227,797,3.8
KHC,hoch_heute,ganz_weg,990,879,5.0,561,463,-9.0
KHC,hoch_heute,halb_weg,990,879,2.3,561,463,-7.4
KHC,rsi_hoch,ganz_weg,371,1398,-2.7,312,712,-0.0
KHC,rsi_hoch,halb_weg,371,1398,6.7,312,712,-6.8
KHC,ema_weit,ganz_weg,469,1300,-2.6,245,779,7.4
KHC,ema_weit,halb_weg,469,1300,0.2,245,779,-2.5
KHC,schnell,ganz_weg,633,1236,-4.7,371,653,-8.6
KHC,schnell,halb_weg,633,1236,5.4,371,653,4.7
KHC,boden2,ganz_weg,537,1332,-0.6,299,725,-9.4
KHC,boden2,halb_weg,537,1332,1.7,299,725,-10.1
KLAC,rot,ganz_weg,1915,2626,-7.2,372,532,4.1
KLAC,rot,halb_weg,1915,2626,-0.2,372,532,7.4
KLAC,rot_vol,ganz_weg,853,3688,-2.8,205,699,0.3
KLAC,rot_vol,halb_weg,853,3688,-3.3,205,699,2.9
KLAC,alarm187,ganz_weg,1523,3018,-5.2,306,598,1.9
KLAC,alarm187,halb_weg,1523,3018,-2.8,306,598,4.8
KLAC,hoch_heute,ganz_weg,2570,1971,0.3,514,390,4.0
KLAC,hoch_heute,halb_weg,2570,1971,0.4,514,390,1.4
KLAC,rsi_hoch,ganz_weg,1999,2498,-4.2,417,487,-8.9
KLAC,rsi_hoch,halb_weg,1999,2498,-3.1,417,487,-4.3
KLAC,ema_weit,ganz_weg,1798,2699,-3.8,406,498,-9.3
KLAC,ema_weit,halb_weg,1798,2699,-3.6,406,498,-6.0
KLAC,schnell,ganz_weg,938,3603,-2.5,176,728,-4.6
KLAC,schnell,halb_weg,938,3603,-0.2,176,728,6.8
KLAC,boden2,ganz_weg,1263,3278,-2.8,250,654,-0.1
KLAC,boden2,halb_weg,1263,3278,-2.0,250,654,-2.2
KO,rot,ganz_weg,1548,2381,1.2,516,672,5.8
KO,rot,halb_weg,1548,2381,3.1,516,672,9.6
KO,rot_vol,ganz_weg,633,3296,2.1,247,941,6.4
KO,rot_vol,halb_weg,633,3296,5.3,247,941,8.9
KO,alarm187,ganz_weg,1064,2865,-1.6,401,787,0.2
KO,alarm187,halb_weg,1064,2865,2.7,401,787,1.1
KO,hoch_heute,ganz_weg,2160,1769,1.8,696,492,2.0
KO,hoch_heute,halb_weg,2160,1769,-0.2,696,492,4.0
KO,rsi_hoch,ganz_weg,1311,2593,-3.6,561,627,-0.8
KO,rsi_hoch,halb_weg,1311,2593,-8.3,561,627,-5.1
KO,ema_weit,ganz_weg,1119,2785,-5.9,451,737,1.3
KO,ema_weit,halb_weg,1119,2785,-8.3,451,737,0.3
KO,schnell,ganz_weg,1115,2814,-2.9,418,770,-5.5
KO,schnell,halb_weg,1115,2814,-0.6,418,770,3.8
KO,boden2,ganz_weg,1415,2514,-3.9,354,834,-0.2
KO,boden2,halb_weg,1415,2514,-2.2,354,834,-0.6
LIN,rot,ganz_weg,1906,2375,-3.9,535,758,3.5
LIN,rot,halb_weg,1906,2375,2.7,535,758,-6.2
LIN,rot_vol,ganz_weg,825,3456,0.8,244,1049,0.1
LIN,rot_vol,halb_weg,825,3456,9.3,244,1049,0.6
LIN,alarm187,ganz_weg,1397,2884,-0.8,372,921,-1.3
LIN,alarm187,halb_weg,1397,2884,4.3,372,921,-4.9
LIN,hoch_heute,ganz_weg,2323,1958,0.9,771,522,-1.4
LIN,hoch_heute,halb_weg,2323,1958,-2.0,771,522,-4.8
LIN,rsi_hoch,ganz_weg,1424,2818,-3.9,565,728,-3.3
LIN,rsi_hoch,halb_weg,1424,2818,0.0,565,728,4.1
LIN,ema_weit,ganz_weg,1507,2735,-8.6,489,804,-2.6
LIN,ema_weit,halb_weg,1507,2735,-8.4,489,804,4.3
LIN,schnell,ganz_weg,872,3409,4.0,415,878,-5.4
LIN,schnell,halb_weg,872,3409,0.0,415,878,0.8
LIN,boden2,ganz_weg,1229,3052,-0.4,327,966,0.1
LIN,boden2,halb_weg,1229,3052,-0.8,327,966,-11.5
LLY,rot,ganz_weg,1438,2010,0.5,446,535,-2.9
LLY,rot,halb_weg,1438,2010,-2.9,446,535,3.2
LLY,rot_vol,ganz_weg,685,2763,1.9,172,809,-6.8
LLY,rot_vol,halb_weg,685,2763,5.8,172,809,0.9
LLY,alarm187,ganz_weg,1015,2433,-4.2,392,589,-1.8
LLY,alarm187,halb_weg,1015,2433,-4.5,392,589,0.9
LLY,hoch_heute,ganz_weg,1904,1544,2.1,584,397,-1.8
LLY,hoch_heute,halb_weg,1904,1544,-2.4,584,397,-0.8
LLY,rsi_hoch,ganz_weg,1439,1941,-4.4,586,395,-5.2
LLY,rsi_hoch,halb_weg,1439,1941,-3.9,586,395,-6.8
LLY,ema_weit,ganz_weg,1421,1959,-1.9,608,373,-5.8
LLY,ema_weit,halb_weg,1421,1959,-1.4,608,373,-7.2
LLY,schnell,ganz_weg,892,2556,-3.2,387,594,5.3
LLY,schnell,halb_weg,892,2556,0.8,387,594,1.8
LLY,boden2,ganz_weg,1043,2405,-6.8,294,687,-3.2
LLY,boden2,halb_weg,1043,2405,-5.8,294,687,-3.8
LMT,rot,ganz_weg,1536,1954,3.6,366,389,3.0
LMT,rot,halb_weg,1536,1954,5.1,366,389,-1.5
LMT,rot_vol,ganz_weg,558,2932,0.9,116,639,-4.1
LMT,rot_vol,halb_weg,558,2932,-1.1,116,639,-12.6
LMT,alarm187,ganz_weg,1218,2272,-0.9,281,474,-4.5
LMT,alarm187,halb_weg,1218,2272,0.5,281,474,-1.5
LMT,hoch_heute,ganz_weg,1888,1602,1.4,442,313,2.8
LMT,hoch_heute,halb_weg,1888,1602,0.8,442,313,-1.4
LMT,rsi_hoch,ganz_weg,1441,2049,-3.4,259,496,-8.0
LMT,rsi_hoch,halb_weg,1441,2049,-4.5,259,496,-8.5
LMT,ema_weit,ganz_weg,1136,2354,-5.4,207,548,-9.4
LMT,ema_weit,halb_weg,1136,2354,-5.8,207,548,-8.5
LMT,schnell,ganz_weg,898,2592,-0.3,290,465,-3.0
LMT,schnell,halb_weg,898,2592,3.3,290,465,-3.5
LMT,boden2,ganz_weg,1135,2355,0.0,324,431,5.8
LMT,boden2,halb_weg,1135,2355,-0.5,324,431,-0.7
LOW,rot,ganz_weg,1779,2279,-0.6,462,607,0.0
LOW,rot,halb_weg,1779,2279,1.2,462,607,0.6
LOW,rot_vol,ganz_weg,762,3296,-0.6,161,908,17.2
LOW,rot_vol,halb_weg,762,3296,-1.4,161,908,3.8
LOW,alarm187,ganz_weg,1247,2811,-3.3,293,776,6.6
LOW,alarm187,halb_weg,1247,2811,-0.0,293,776,-0.0
LOW,hoch_heute,ganz_weg,2142,1916,1.2,581,488,-3.6
LOW,hoch_heute,halb_weg,2142,1916,-0.4,581,488,-5.4
LOW,rsi_hoch,ganz_weg,1514,2544,-3.2,325,744,5.2
LOW,rsi_hoch,halb_weg,1514,2544,-7.4,325,744,-2.7
LOW,ema_weit,ganz_weg,1451,2607,-2.6,331,738,-0.4
LOW,ema_weit,halb_weg,1451,2607,-5.2,331,738,-6.5
LOW,schnell,ganz_weg,1020,3038,0.5,367,702,-1.8
LOW,schnell,halb_weg,1020,3038,3.6,367,702,4.8
LOW,boden2,ganz_weg,970,3088,0.4,150,919,5.8
LOW,boden2,halb_weg,970,3088,2.4,150,919,8.0
LRCX,rot,ganz_weg,1791,2358,-2.5,418,545,6.2
LRCX,rot,halb_weg,1791,2358,0.7,418,545,3.9
LRCX,rot_vol,ganz_weg,705,3444,5.2,180,783,4.1
LRCX,rot_vol,halb_weg,705,3444,6.7,180,783,-6.3
LRCX,alarm187,ganz_weg,1375,2774,-4.0,296,667,-4.3
LRCX,alarm187,halb_weg,1375,2774,-0.6,296,667,-9.3
LRCX,hoch_heute,ganz_weg,2362,1787,1.6,524,439,3.9
LRCX,hoch_heute,halb_weg,2362,1787,-1.7,524,439,5.3
LRCX,rsi_hoch,ganz_weg,1963,2077,-3.3,422,541,-5.6
LRCX,rsi_hoch,halb_weg,1963,2077,-1.8,422,541,-4.5
LRCX,ema_weit,ganz_weg,1699,2341,-5.0,403,560,-6.4
LRCX,ema_weit,halb_weg,1699,2341,-3.2,403,560,-7.0
LRCX,schnell,ganz_weg,948,3201,0.1,222,741,6.4
LRCX,schnell,halb_weg,948,3201,3.2,222,741,4.4
LRCX,boden2,ganz_weg,1126,3023,-2.6,227,736,2.3
LRCX,boden2,halb_weg,1126,3023,-2.9,227,736,-3.7
LULU,rot,ganz_weg,1796,2382,3.6,471,550,-4.3
LULU,rot,halb_weg,1796,2382,0.9,471,550,-2.7
LULU,rot_vol,ganz_weg,652,3526,3.7,227,794,1.1
LULU,rot_vol,halb_weg,652,3526,4.2,227,794,3.9
LULU,alarm187,ganz_weg,1397,2781,-1.6,352,669,-6.0
LULU,alarm187,halb_weg,1397,2781,-2.7,352,669,-4.4
LULU,hoch_heute,ganz_weg,2328,1850,0.7,511,510,-2.2
LULU,hoch_heute,halb_weg,2328,1850,-2.2,511,510,-8.3
LULU,rsi_hoch,ganz_weg,2097,2031,-8.5,548,473,-2.6
LULU,rsi_hoch,halb_weg,2097,2031,-11.5,548,473,-17.9
LULU,ema_weit,ganz_weg,1735,2393,-8.9,396,625,-14.2
LULU,ema_weit,halb_weg,1735,2393,-10.5,396,625,-15.1
LULU,schnell,ganz_weg,1284,2894,-0.5,382,639,6.3
LULU,schnell,halb_weg,1284,2894,-0.4,382,639,6.5
LULU,boden2,ganz_weg,1311,2867,3.4,366,655,2.6
LULU,boden2,halb_weg,1311,2867,3.8,366,655,3.1
MA,rot,ganz_weg,1437,2014,2.0,308,367,-8.8
MA,rot,halb_weg,1437,2014,0.0,308,367,1.2
MA,rot_vol,ganz_weg,531,2920,6.0,130,545,-10.6
MA,rot_vol,halb_weg,531,2920,2.9,130,545,-3.2
MA,alarm187,ganz_weg,1183,2268,-4.8,240,435,-10.5
MA,alarm187,halb_weg,1183,2268,-2.1,240,435,-2.2
MA,hoch_heute,ganz_weg,1874,1577,0.4,366,309,4.9
MA,hoch_heute,halb_weg,1874,1577,0.8,366,309,2.1
MA,rsi_hoch,ganz_weg,1017,2434,-6.3,154,521,-1.3
MA,rsi_hoch,halb_weg,1017,2434,-5.1,154,521,-7.1
MA,ema_weit,ganz_weg,1033,2418,-6.5,152,523,-1.4
MA,ema_weit,halb_weg,1033,2418,-8.8,152,523,-2.7
MA,schnell,ganz_weg,691,2760,-1.9,69,606,0.9
MA,schnell,halb_weg,691,2760,2.5,69,606,-0.9
MA,boden2,ganz_weg,1073,2378,-0.8,275,400,-0.3
MA,boden2,halb_weg,1073,2378,2.8,275,400,0.3
MAR,rot,ganz_weg,1991,2775,1.3,460,705,0.6
MAR,rot,halb_weg,1991,2775,3.6,460,705,8.6
MAR,rot_vol,ganz_weg,866,3900,3.8,217,948,7.3
MAR,rot_vol,halb_weg,866,3900,7.8,217,948,12.6
MAR,alarm187,ganz_weg,1588,3178,0.9,386,779,-2.0
MAR,alarm187,halb_weg,1588,3178,2.5,386,779,3.6
MAR,hoch_heute,ganz_weg,2611,2155,0.9,684,481,0.8
MAR,hoch_heute,halb_weg,2611,2155,0.6,684,481,-0.2
MAR,rsi_hoch,ganz_weg,2166,2587,-2.6,649,516,-0.2
MAR,rsi_hoch,halb_weg,2166,2587,-7.0,649,516,-1.2
MAR,ema_weit,ganz_weg,1728,3025,-2.4,610,555,0.4
MAR,ema_weit,halb_weg,1728,3025,-5.6,610,555,1.9
MAR,schnell,ganz_weg,930,3836,-5.0,179,986,7.2
MAR,schnell,halb_weg,930,3836,-3.3,179,986,3.2
MAR,boden2,ganz_weg,1542,3224,-1.1,341,824,-2.0
MAR,boden2,halb_weg,1542,3224,-3.6,341,824,-2.0
MBG.DE,rot,ganz_weg,2207,2849,0.6,252,342,2.7
MBG.DE,rot,halb_weg,2207,2849,3.2,252,342,8.8
MBG.DE,rot_vol,ganz_weg,672,4111,1.1,123,471,8.5
MBG.DE,rot_vol,halb_weg,672,4111,3.3,123,471,-2.0
MBG.DE,alarm187,ganz_weg,1559,3497,1.3,139,455,2.2
MBG.DE,alarm187,halb_weg,1559,3497,-0.0,139,455,6.2
MBG.DE,hoch_heute,ganz_weg,2840,2216,-0.2,324,270,-2.4
MBG.DE,hoch_heute,halb_weg,2840,2216,-1.6,324,270,-5.8
MBG.DE,rsi_hoch,ganz_weg,2145,2854,-9.7,149,445,-3.9
MBG.DE,rsi_hoch,halb_weg,2145,2854,-13.2,149,445,-8.4
MBG.DE,ema_weit,ganz_weg,1688,3311,-5.3,69,525,17.4
MBG.DE,ema_weit,halb_weg,1688,3311,-10.4,69,525,12.3
MBG.DE,schnell,ganz_weg,1356,3700,-0.5,238,356,-5.2
MBG.DE,schnell,halb_weg,1356,3700,0.1,238,356,11.7
MBG.DE,boden2,ganz_weg,1337,3719,-3.4,338,256,0.3
MBG.DE,boden2,halb_weg,1337,3719,0.3,338,256,1.2
MCD,rot,ganz_weg,1598,2181,-1.6,490,573,2.3
MCD,rot,halb_weg,1598,2181,-2.1,490,573,-2.9
MCD,rot_vol,ganz_weg,670,3109,2.4,201,862,-8.4
MCD,rot_vol,halb_weg,670,3109,1.9,201,862,-4.6
MCD,alarm187,ganz_weg,1179,2600,-2.0,272,791,-6.1
MCD,alarm187,halb_weg,1179,2600,-5.1,272,791,-8.7
MCD,hoch_heute,ganz_weg,2089,1690,-1.7,612,451,1.6
MCD,hoch_heute,halb_weg,2089,1690,-3.6,612,451,-9.1
MCD,rsi_hoch,ganz_weg,1425,2332,-1.3,387,676,-5.8
MCD,rsi_hoch,halb_weg,1425,2332,-3.0,387,676,-11.5
MCD,ema_weit,ganz_weg,1334,2423,0.3,352,711,-8.5
MCD,ema_weit,halb_weg,1334,2423,-0.6,352,711,-11.8
MCD,schnell,ganz_weg,688,3091,0.2,183,880,8.1
MCD,schnell,halb_weg,688,3091,-0.8,183,880,0.2
MCD,boden2,ganz_weg,1457,2322,-0.5,305,758,-1.1
MCD,boden2,halb_weg,1457,2322,-5.6,305,758,0.8
MCHP,rot,ganz_weg,1800,2122,3.1,494,632,-2.0
MCHP,rot,halb_weg,1800,2122,5.2,494,632,-1.1
MCHP,rot_vol,ganz_weg,721,3201,1.7,224,902,7.6
MCHP,rot_vol,halb_weg,721,3201,2.5,224,902,6.1
MCHP,alarm187,ganz_weg,1283,2639,-0.3,322,804,-4.9
MCHP,alarm187,halb_weg,1283,2639,-1.0,322,804,-5.9
MCHP,hoch_heute,ganz_weg,2132,1790,-1.5,649,477,1.5
MCHP,hoch_heute,halb_weg,2132,1790,-3.5,649,477,2.3
MCHP,rsi_hoch,ganz_weg,1268,2587,-2.3,612,514,-2.6
MCHP,rsi_hoch,halb_weg,1268,2587,-2.1,612,514,-1.4
MCHP,ema_weit,ganz_weg,1054,2801,1.2,528,598,-3.0
MCHP,ema_weit,halb_weg,1054,2801,-1.4,528,598,-2.3
MCHP,schnell,ganz_weg,1125,2797,-3.3,377,749,5.8
MCHP,schnell,halb_weg,1125,2797,1.3,377,749,4.8
MCHP,boden2,ganz_weg,1003,2919,-1.8,432,694,-2.0
MCHP,boden2,halb_weg,1003,2919,1.9,432,694,-6.7
MCK,rot,ganz_weg,1624,1954,1.7,374,522,-5.4
MCK,rot,halb_weg,1624,1954,5.2,374,522,-1.4
MCK,rot_vol,ganz_weg,740,2838,1.0,146,750,-5.4
MCK,rot_vol,halb_weg,740,2838,2.7,146,750,-10.2
MCK,alarm187,ganz_weg,1240,2338,1.9,276,620,1.7
MCK,alarm187,halb_weg,1240,2338,4.0,276,620,0.9
MCK,hoch_heute,ganz_weg,1937,1641,-1.4,521,375,2.5
MCK,hoch_heute,halb_weg,1937,1641,-7.0,521,375,1.8
MCK,rsi_hoch,ganz_weg,1767,1716,-5.3,478,418,-0.7
MCK,rsi_hoch,halb_weg,1767,1716,-1.3,478,418,-1.7
MCK,ema_weit,ganz_weg,1527,1956,-3.2,452,444,-0.5
MCK,ema_weit,halb_weg,1527,1956,2.5,452,444,-4.3
MCK,schnell,ganz_weg,1106,2472,0.9,226,670,3.1
MCK,schnell,halb_weg,1106,2472,-0.4,226,670,10.5
MCK,boden2,ganz_weg,1041,2537,6.7,329,567,-1.5
MCK,boden2,halb_weg,1041,2537,4.6,329,567,-1.5
MDB,rot,ganz_weg,472,715,-6.4,479,484,0.8
MDB,rot,halb_weg,472,715,-4.5,479,484,6.4
MDB,rot_vol,ganz_weg,226,961,-1.1,201,762,-1.0
MDB,rot_vol,halb_weg,226,961,-8.0,201,762,11.4
MDB,alarm187,ganz_weg,363,824,-7.6,381,582,-3.5
MDB,alarm187,halb_weg,363,824,-6.6,381,582,12.7
MDB,hoch_heute,ganz_weg,715,472,-2.7,495,468,1.6
MDB,hoch_heute,halb_weg,715,472,-12.8,495,468,-3.4
MDB,rsi_hoch,ganz_weg,357,560,-7.3,388,575,-7.2
MDB,rsi_hoch,halb_weg,357,560,-5.5,388,575,-7.9
MDB,ema_weit,ganz_weg,335,582,-6.3,289,674,-0.4
MDB,ema_weit,halb_weg,335,582,-3.5,289,674,1.4
MDB,schnell,ganz_weg,436,751,-6.0,362,601,7.2
MDB,schnell,halb_weg,436,751,1.7,362,601,-2.2
MDB,boden2,ganz_weg,304,883,3.3,301,662,0.8
MDB,boden2,halb_weg,304,883,4.3,301,662,8.3
MDLZ,rot,ganz_weg,1930,2719,7.1,374,575,-7.3
MDLZ,rot,halb_weg,1930,2719,4.9,374,575,-1.5
MDLZ,rot_vol,ganz_weg,737,3912,4.1,164,785,-4.8
MDLZ,rot_vol,halb_weg,737,3912,2.1,164,785,-2.1
MDLZ,alarm187,ganz_weg,1343,3306,-0.8,233,716,-7.9
MDLZ,alarm187,halb_weg,1343,3306,1.0,233,716,-4.2
MDLZ,hoch_heute,ganz_weg,2489,2160,-0.0,524,425,1.2
MDLZ,hoch_heute,halb_weg,2489,2160,-1.8,524,425,1.2
MDLZ,rsi_hoch,ganz_weg,1987,2654,-2.2,444,505,-1.5
MDLZ,rsi_hoch,halb_weg,1987,2654,-5.4,444,505,2.2
MDLZ,ema_weit,ganz_weg,1867,2774,0.5,269,680,7.6
MDLZ,ema_weit,halb_weg,1867,2774,-2.8,269,680,12.2
MDLZ,schnell,ganz_weg,1465,3184,-2.0,276,673,-2.5
MDLZ,schnell,halb_weg,1465,3184,-3.0,276,673,5.1
MDLZ,boden2,ganz_weg,1515,3134,-1.7,323,626,0.2
MDLZ,boden2,halb_weg,1515,3134,-4.2,323,626,-1.2
MDT,rot,ganz_weg,1731,2379,-3.2,454,677,8.3
MDT,rot,halb_weg,1731,2379,-3.9,454,677,7.7
MDT,rot_vol,ganz_weg,677,3433,6.6,192,939,2.3
MDT,rot_vol,halb_weg,677,3433,5.4,192,939,-0.4
MDT,alarm187,ganz_weg,1298,2812,-1.8,351,780,-0.3
MDT,alarm187,halb_weg,1298,2812,-1.9,351,780,4.0
MDT,hoch_heute,ganz_weg,2267,1843,0.8,603,528,0.9
MDT,hoch_heute,halb_weg,2267,1843,-0.3,603,528,-5.3
MDT,rsi_hoch,ganz_weg,1377,2727,-5.2,615,516,-3.8
MDT,rsi_hoch,halb_weg,1377,2727,-11.2,615,516,-1.2
MDT,ema_weit,ganz_weg,1432,2672,-6.9,496,635,-0.7
MDT,ema_weit,halb_weg,1432,2672,-9.9,496,635,9.8
MDT,schnell,ganz_weg,1046,3064,-1.2,415,716,0.5
MDT,schnell,halb_weg,1046,3064,2.4,415,716,6.8
MDT,boden2,ganz_weg,1124,2986,-1.7,340,791,1.1
MDT,boden2,halb_weg,1124,2986,-4.2,340,791,-1.6
MELI,rot,ganz_weg,1514,2007,-2.4,543,629,13.8
MELI,rot,halb_weg,1514,2007,0.9,543,629,4.1
MELI,rot_vol,ganz_weg,595,2926,0.5,242,930,3.5
MELI,rot_vol,halb_weg,595,2926,6.9,242,930,-2.9
MELI,alarm187,ganz_weg,1125,2396,-2.3,372,800,8.0
MELI,alarm187,halb_weg,1125,2396,-1.0,372,800,6.8
MELI,hoch_heute,ganz_weg,1915,1606,-0.5,629,543,1.2
MELI,hoch_heute,halb_weg,1915,1606,-0.8,629,543,1.1
MELI,rsi_hoch,ganz_weg,1113,2376,-2.5,451,721,-11.3
MELI,rsi_hoch,halb_weg,1113,2376,-1.7,451,721,-15.0
MELI,ema_weit,ganz_weg,1096,2393,-2.6,408,764,-5.1
MELI,ema_weit,halb_weg,1096,2393,-0.3,408,764,-6.9
MELI,schnell,ganz_weg,849,2672,0.3,364,808,-4.3
MELI,schnell,halb_weg,849,2672,5.5,364,808,-0.1
MELI,boden2,ganz_weg,1063,2458,-1.5,132,1040,-1.7
MELI,boden2,halb_weg,1063,2458,-0.4,132,1040,-6.9
META,rot,ganz_weg,1024,1294,8.7,397,512,10.6
META,rot,halb_weg,1024,1294,5.3,397,512,12.8
META,rot_vol,ganz_weg,471,1847,11.0,153,756,10.6
META,rot_vol,halb_weg,471,1847,5.1,153,756,1.1
META,alarm187,ganz_weg,819,1499,3.7,334,575,3.7
META,alarm187,halb_weg,819,1499,1.3,334,575,13.1
META,hoch_heute,ganz_weg,1254,1064,1.7,528,381,1.9
META,hoch_heute,halb_weg,1254,1064,3.6,528,381,-0.8
META,rsi_hoch,ganz_weg,805,1356,-4.1,390,519,-0.1
META,rsi_hoch,halb_weg,805,1356,-8.0,390,519,-0.8
META,ema_weit,ganz_weg,676,1485,-3.9,241,668,-4.4
META,ema_weit,halb_weg,676,1485,-6.9,241,668,-6.6
META,schnell,ganz_weg,623,1695,2.6,256,653,-3.1
META,schnell,halb_weg,623,1695,2.6,256,653,-6.7
META,boden2,ganz_weg,622,1696,1.0,358,551,-5.6
META,boden2,halb_weg,622,1696,-2.5,358,551,-8.4
MFG,rot,ganz_weg,1384,2661,2.6,210,456,5.9
MFG,rot,halb_weg,1384,2661,1.4,210,456,-1.2
MFG,rot_vol,ganz_weg,406,3639,5.3,96,570,8.6
MFG,rot_vol,halb_weg,406,3639,8.0,96,570,-7.7
MFG,alarm187,ganz_weg,928,3117,4.4,145,521,-5.3
MFG,alarm187,halb_weg,928,3117,1.1,145,521,-5.7
MFG,hoch_heute,ganz_weg,2064,1981,-5.3,324,342,5.7
MFG,hoch_heute,halb_weg,2064,1981,-8.2,324,342,10.3
MFG,rsi_hoch,ganz_weg,1955,2036,-0.4,235,431,-1.4
MFG,rsi_hoch,halb_weg,1955,2036,-7.9,235,431,-4.8
MFG,ema_weit,ganz_weg,1874,2117,0.1,289,377,-0.7
MFG,ema_weit,halb_weg,1874,2117,-6.2,289,377,-8.5
MFG,schnell,ganz_weg,1567,2478,-1.2,254,412,-2.3
MFG,schnell,halb_weg,1567,2478,1.9,254,412,6.8
MFG,boden2,ganz_weg,945,3100,-1.5,198,468,-8.8
MFG,boden2,halb_weg,945,3100,0.3,198,468,-11.1
MMM,rot,ganz_weg,1947,2898,3.3,422,468,1.0
MMM,rot,halb_weg,1947,2898,5.2,422,468,-11.0
MMM,rot_vol,ganz_weg,766,4079,2.6,203,687,1.8
MMM,rot_vol,halb_weg,766,4079,4.9,203,687,-7.5
MMM,alarm187,ganz_weg,1396,3449,1.1,281,609,-7.4
MMM,alarm187,halb_weg,1396,3449,3.1,281,609,-9.6
MMM,hoch_heute,ganz_weg,2683,2162,-2.3,474,416,-1.5
MMM,hoch_heute,halb_weg,2683,2162,-1.5,474,416,-0.7
MMM,rsi_hoch,ganz_weg,1892,2872,1.1,356,534,-3.1
MMM,rsi_hoch,halb_weg,1892,2872,-4.7,356,534,-8.2
MMM,ema_weit,ganz_weg,1896,2868,-1.4,274,616,0.5
MMM,ema_weit,halb_weg,1896,2868,-7.5,274,616,1.3
MMM,schnell,ganz_weg,1273,3572,-6.7,270,620,-1.7
MMM,schnell,halb_weg,1273,3572,-5.0,270,620,-2.1
MMM,boden2,ganz_weg,1520,3325,2.9,321,569,-2.5
MMM,boden2,halb_weg,1520,3325,1.5,321,569,-5.7
MNST,rot,ganz_weg,1738,2318,-0.2,485,530,-1.4
MNST,rot,halb_weg,1738,2318,-0.6,485,530,2.2
MNST,rot_vol,ganz_weg,608,3448,-4.0,221,794,-5.9
MNST,rot_vol,halb_weg,608,3448,3.8,221,794,0.1
MNST,alarm187,ganz_weg,1436,2620,-2.7,366,649,-6.0
MNST,alarm187,halb_weg,1436,2620,-2.3,366,649,-2.5
MNST,hoch_heute,ganz_weg,2197,1859,1.3,556,459,2.7
MNST,hoch_heute,halb_weg,2197,1859,1.6,556,459,8.3
MNST,rsi_hoch,ganz_weg,1830,2138,-1.8,423,592,-1.4
MNST,rsi_hoch,halb_weg,1830,2138,-6.1,423,592,1.1
MNST,ema_weit,ganz_weg,1771,2197,-7.8,376,639,-2.4
MNST,ema_weit,halb_weg,1771,2197,-15.9,376,639,-9.2
MNST,schnell,ganz_weg,959,3097,-2.3,202,813,-7.9
MNST,schnell,halb_weg,959,3097,1.2,202,813,1.4
MNST,boden2,ganz_weg,1190,2866,6.5,284,731,-1.0
MNST,boden2,halb_weg,1190,2866,5.9,284,731,0.2
MO,rot,ganz_weg,1889,2930,1.0,387,693,-4.6
MO,rot,halb_weg,1889,2930,5.3,387,693,9.0
MO,rot_vol,ganz_weg,792,4027,2.0,195,885,-2.6
MO,rot_vol,halb_weg,792,4027,-3.7,195,885,15.6
MO,alarm187,ganz_weg,1583,3236,-0.1,266,814,-10.5
MO,alarm187,halb_weg,1583,3236,2.7,266,814,-2.7
MO,hoch_heute,ganz_weg,2744,2075,-0.6,649,431,-2.2
MO,hoch_heute,halb_weg,2744,2075,-1.9,649,431,-12.5
MO,rsi_hoch,ganz_weg,2044,2760,0.5,567,513,-8.0
MO,rsi_hoch,halb_weg,2044,2760,-1.6,567,513,-5.1
MO,ema_weit,ganz_weg,1828,2976,1.2,443,637,-7.1
MO,ema_weit,halb_weg,1828,2976,-1.3,443,637,-2.2
MO,schnell,ganz_weg,893,3926,2.1,371,709,4.5
MO,schnell,halb_weg,893,3926,4.6,371,709,1.9
MO,boden2,ganz_weg,1828,2991,4.7,209,871,2.8
MO,boden2,halb_weg,1828,2991,2.1,209,871,-3.4
MPC,rot,ganz_weg,1678,2022,2.3,483,717,7.5
MPC,rot,halb_weg,1678,2022,3.7,483,717,-4.2
MPC,rot_vol,ganz_weg,735,2965,6.7,182,1018,-1.2
MPC,rot_vol,halb_weg,735,2965,7.5,182,1018,-10.3
MPC,alarm187,ganz_weg,1295,2405,-2.8,323,877,-6.1
MPC,alarm187,halb_weg,1295,2405,1.1,323,877,-4.8
MPC,hoch_heute,ganz_weg,2086,1614,0.9,745,455,-1.0
MPC,hoch_heute,halb_weg,2086,1614,-0.1,745,455,-0.1
MPC,rsi_hoch,ganz_weg,1875,1809,-1.6,635,565,-7.7
MPC,rsi_hoch,halb_weg,1875,1809,-3.2,635,565,-13.8
MPC,ema_weit,ganz_weg,1564,2120,-2.6,597,603,-6.2
MPC,ema_weit,halb_weg,1564,2120,0.8,597,603,-9.5
MPC,schnell,ganz_weg,894,2806,1.1,367,833,5.6
MPC,schnell,halb_weg,894,2806,-1.7,367,833,4.7
MPC,boden2,ganz_weg,1193,2507,-0.5,509,691,-2.1
MPC,boden2,halb_weg,1193,2507,-2.0,509,691,-9.4
MRK,rot,ganz_weg,1523,2014,6.0,334,436,1.5
MRK,rot,halb_weg,1523,2014,5.7,334,436,5.1
MRK,rot_vol,ganz_weg,666,2871,2.8,125,645,3.8
MRK,rot_vol,halb_weg,666,2871,4.0,125,645,4.4
MRK,alarm187,ganz_weg,1041,2496,0.5,234,536,3.1
MRK,alarm187,halb_weg,1041,2496,2.9,234,536,6.5
MRK,hoch_heute,ganz_weg,1951,1586,-0.5,429,341,1.4
MRK,hoch_heute,halb_weg,1951,1586,-0.2,429,341,-6.1
MRK,rsi_hoch,ganz_weg,1397,2140,0.6,300,470,-10.0
MRK,rsi_hoch,halb_weg,1397,2140,0.4,300,470,-12.6
MRK,ema_weit,ganz_weg,1443,2094,-0.9,299,471,-6.2
MRK,ema_weit,halb_weg,1443,2094,-2.2,299,471,-6.7
MRK,schnell,ganz_weg,1172,2365,-0.1,311,459,-4.4
MRK,schnell,halb_weg,1172,2365,-2.7,311,459,-9.0
MRK,boden2,ganz_weg,931,2606,0.5,114,656,3.1
MRK,boden2,halb_weg,931,2606,3.5,114,656,-5.0
MRK.DE,rot,ganz_weg,1853,2467,4.7,436,443,10.2
MRK.DE,rot,halb_weg,1853,2467,-1.0,436,443,9.2
MRK.DE,rot_vol,ganz_weg,789,3493,8.5,210,669,11.8
MRK.DE,rot_vol,halb_weg,789,3493,0.1,210,669,5.2
MRK.DE,alarm187,ganz_weg,1381,2939,0.5,283,596,-4.0
MRK.DE,alarm187,halb_weg,1381,2939,-1.6,283,596,-0.1
MRK.DE,hoch_heute,ganz_weg,2367,1953,-1.9,438,441,4.3
MRK.DE,hoch_heute,halb_weg,2367,1953,-0.1,438,441,9.1
MRK.DE,rsi_hoch,ganz_weg,1779,2383,-1.6,271,608,1.9
MRK.DE,rsi_hoch,halb_weg,1779,2383,-5.8,271,608,0.5
MRK.DE,ema_weit,ganz_weg,1700,2462,-4.1,223,656,6.9
MRK.DE,ema_weit,halb_weg,1700,2462,-9.4,223,656,-5.2
MRK.DE,schnell,ganz_weg,1050,3270,-2.0,193,686,1.2
MRK.DE,schnell,halb_weg,1050,3270,-3.4,193,686,12.4
MRK.DE,boden2,ganz_weg,1498,2822,0.6,303,576,-6.4
MRK.DE,boden2,halb_weg,1498,2822,0.9,303,576,-4.8
MRNA,rot,ganz_weg,321,558,15.6,284,399,-5.6
MRNA,rot,halb_weg,321,558,28.5,284,399,-6.1
MRNA,rot_vol,ganz_weg,186,693,8.8,85,598,-13.1
MRNA,rot_vol,halb_weg,186,693,13.3,85,598,0.2
MRNA,alarm187,ganz_weg,236,643,6.0,167,516,-8.2
MRNA,alarm187,halb_weg,236,643,32.5,167,516,-7.5
MRNA,hoch_heute,ganz_weg,502,377,-0.4,357,326,-4.1
MRNA,hoch_heute,halb_weg,502,377,1.1,357,326,-0.3
MRNA,rsi_hoch,ganz_weg,114,757,-7.1,250,433,-20.2
MRNA,rsi_hoch,halb_weg,114,757,-2.5,250,433,-15.7
MRNA,ema_weit,ganz_weg,70,801,-8.4,200,483,-5.7
MRNA,ema_weit,halb_weg,70,801,-2.1,200,483,3.6
MRNA,schnell,ganz_weg,315,564,-1.4,237,446,2.2
MRNA,schnell,halb_weg,315,564,-2.7,237,446,7.5
MRNA,boden2,ganz_weg,259,620,1.0,189,494,-0.5
MRNA,boden2,halb_weg,259,620,0.6,189,494,-3.2
MRVL,rot,ganz_weg,1672,2056,-4.0,533,571,-2.2
MRVL,rot,halb_weg,1672,2056,0.8,533,571,-0.7
MRVL,rot_vol,ganz_weg,693,3035,-0.3,250,854,1.3
MRVL,rot_vol,halb_weg,693,3035,2.1,250,854,6.1
MRVL,alarm187,ganz_weg,1129,2599,-2.8,418,686,-10.2
MRVL,alarm187,halb_weg,1129,2599,-2.2,418,686,-4.1
MRVL,hoch_heute,ganz_weg,1930,1798,0.6,596,508,1.8
MRVL,hoch_heute,halb_weg,1930,1798,1.3,596,508,0.4
MRVL,rsi_hoch,ganz_weg,1578,2092,-6.0,429,675,0.4
MRVL,rsi_hoch,halb_weg,1578,2092,-6.9,429,675,-0.1
MRVL,ema_weit,ganz_weg,1519,2151,-9.2,294,810,-0.8
MRVL,ema_weit,halb_weg,1519,2151,-11.2,294,810,4.6
MRVL,schnell,ganz_weg,1244,2484,0.4,370,734,1.1
MRVL,schnell,halb_weg,1244,2484,1.9,370,734,0.6
MRVL,boden2,ganz_weg,746,2982,1.9,220,884,1.2
MRVL,boden2,halb_weg,746,2982,-4.1,220,884,-5.5
MS,rot,ganz_weg,1679,2274,2.5,538,734,-3.5
MS,rot,halb_weg,1679,2274,0.2,538,734,-7.3
MS,rot_vol,ganz_weg,744,3209,-4.9,208,1064,-2.8
MS,rot_vol,halb_weg,744,3209,-2.8,208,1064,-9.8
MS,alarm187,ganz_weg,1265,2688,-5.3,461,811,1.2
MS,alarm187,halb_weg,1265,2688,-4.2,461,811,-4.7
MS,hoch_heute,ganz_weg,2127,1826,-2.9,730,542,-0.2
MS,hoch_heute,halb_weg,2127,1826,-7.2,730,542,-1.8
MS,rsi_hoch,ganz_weg,1704,2249,-2.3,748,524,0.4
MS,rsi_hoch,halb_weg,1704,2249,-1.9,748,524,3.3
MS,ema_weit,ganz_weg,1758,2195,-5.3,778,494,0.8
MS,ema_weit,halb_weg,1758,2195,-7.3,778,494,2.4
MS,schnell,ganz_weg,837,3116,6.4,275,997,2.4
MS,schnell,halb_weg,837,3116,6.6,275,997,-0.1
MS,boden2,ganz_weg,853,3100,2.1,535,737,-1.6
MS,boden2,halb_weg,853,3100,2.5,535,737,-2.7
MSFT,rot,ganz_weg,1341,1820,1.9,372,497,8.2
MSFT,rot,halb_weg,1341,1820,-9.2,372,497,2.2
MSFT,rot_vol,ganz_weg,667,2494,1.9,175,694,28.9
MSFT,rot_vol,halb_weg,667,2494,-7.2,175,694,20.5
MSFT,alarm187,ganz_weg,1036,2125,-6.3,296,573,9.0
MSFT,alarm187,halb_weg,1036,2125,-9.6,296,573,4.3
MSFT,hoch_heute,ganz_weg,1756,1405,0.5,523,346,1.0
MSFT,hoch_heute,halb_weg,1756,1405,1.2,523,346,1.2
MSFT,rsi_hoch,ganz_weg,1195,1814,-6.5,539,330,-7.3
MSFT,rsi_hoch,halb_weg,1195,1814,-6.8,539,330,-20.9
MSFT,ema_weit,ganz_weg,1143,1866,-7.1,441,428,-5.0
MSFT,ema_weit,halb_weg,1143,1866,-9.1,441,428,-17.7
MSFT,schnell,ganz_weg,749,2412,6.8,172,697,3.0
MSFT,schnell,halb_weg,749,2412,4.5,172,697,12.6
MSFT,boden2,ganz_weg,757,2404,2.2,131,738,10.0
MSFT,boden2,halb_weg,757,2404,-0.7,131,738,11.3
MSTR,rot,ganz_weg,1925,2171,8.6,576,730,-2.3
MSTR,rot,halb_weg,1925,2171,-6.1,576,730,6.3
MSTR,rot_vol,ganz_weg,895,3201,2.7,247,1059,-14.1
MSTR,rot_vol,halb_weg,895,3201,-2.8,247,1059,-15.8
MSTR,alarm187,ganz_weg,1337,2759,-5.4,455,851,0.1
MSTR,alarm187,halb_weg,1337,2759,-9.3,455,851,4.9
MSTR,hoch_heute,ganz_weg,2130,1966,1.3,762,544,2.8
MSTR,hoch_heute,halb_weg,2130,1966,4.3,762,544,0.7
MSTR,rsi_hoch,ganz_weg,958,3040,-1.8,640,666,-6.6
MSTR,rsi_hoch,halb_weg,958,3040,-10.2,640,666,-12.7
MSTR,ema_weit,ganz_weg,616,3382,-6.2,721,585,-7.2
MSTR,ema_weit,halb_weg,616,3382,-10.9,721,585,-9.9
MSTR,schnell,ganz_weg,1369,2727,2.5,735,571,-2.3
MSTR,schnell,halb_weg,1369,2727,2.7,735,571,-1.8
MSTR,boden2,ganz_weg,781,3315,-2.2,214,1092,-8.0
MSTR,boden2,halb_weg,781,3315,-6.2,214,1092,-16.3
MTX.DE,rot,ganz_weg,1777,2579,-8.1,412,569,-5.3
MTX.DE,rot,halb_weg,1777,2579,-3.2,412,569,-12.3
MTX.DE,rot_vol,ganz_weg,690,3542,-5.8,154,827,-0.1
MTX.DE,rot_vol,halb_weg,690,3542,-3.3,154,827,17.0
MTX.DE,alarm187,ganz_weg,1312,3044,-8.9,334,647,-5.6
MTX.DE,alarm187,halb_weg,1312,3044,-4.9,334,647,-7.6
MTX.DE,hoch_heute,ganz_weg,2317,2039,1.7,515,466,-0.8
MTX.DE,hoch_heute,halb_weg,2317,2039,0.0,515,466,2.3
MTX.DE,rsi_hoch,ganz_weg,1893,2352,-4.2,361,620,0.1
MTX.DE,rsi_hoch,halb_weg,1893,2352,-5.5,361,620,-0.7
MTX.DE,ema_weit,ganz_weg,1610,2635,-5.1,315,666,-4.7
MTX.DE,ema_weit,halb_weg,1610,2635,-5.0,315,666,-4.5
MTX.DE,schnell,ganz_weg,1182,3174,1.2,261,720,7.2
MTX.DE,schnell,halb_weg,1182,3174,-0.8,261,720,7.5
MTX.DE,boden2,ganz_weg,1261,3095,2.5,429,552,-0.4
MTX.DE,boden2,halb_weg,1261,3095,2.2,429,552,-1.2
MU,rot,ganz_weg,1673,2252,0.7,379,646,-5.4
MU,rot,halb_weg,1673,2252,-2.5,379,646,1.6
MU,rot_vol,ganz_weg,708,3217,-3.6,219,806,0.5
MU,rot_vol,halb_weg,708,3217,-3.9,219,806,2.8
MU,alarm187,ganz_weg,1269,2656,-2.0,316,709,-3.6
MU,alarm187,halb_weg,1269,2656,-4.2,316,709,0.5
MU,hoch_heute,ganz_weg,2185,1740,-1.2,599,426,0.9
MU,hoch_heute,halb_weg,2185,1740,-2.2,599,426,0.2
MU,rsi_hoch,ganz_weg,1803,2091,-11.5,612,413,-3.2
MU,rsi_hoch,halb_weg,1803,2091,-14.1,612,413,-10.5
MU,ema_weit,ganz_weg,1933,1961,-13.7,595,430,-4.2
MU,ema_weit,halb_weg,1933,1961,-19.0,595,430,-12.7
MU,schnell,ganz_weg,1154,2771,-2.0,431,594,-2.8
MU,schnell,halb_weg,1154,2771,1.0,431,594,-3.6
MU,boden2,ganz_weg,911,3014,-0.8,311,714,-3.0
MU,boden2,halb_weg,911,3014,2.7,311,714,-2.7
MUFG,rot,ganz_weg,1269,2484,-5.0,247,443,-6.4
MUFG,rot,halb_weg,1269,2484,-5.4,247,443,0.1
MUFG,rot_vol,ganz_weg,498,3255,-2.1,145,545,5.1
MUFG,rot_vol,halb_weg,498,3255,-3.6,145,545,-1.5
MUFG,alarm187,ganz_weg,944,2809,-4.9,195,495,-3.9
MUFG,alarm187,halb_weg,944,2809,-3.5,195,495,0.8
MUFG,hoch_heute,ganz_weg,2015,1738,-9.1,386,304,2.2
MUFG,hoch_heute,halb_weg,2015,1738,-12.4,386,304,1.2
MUFG,rsi_hoch,ganz_weg,1736,1956,-0.2,273,417,-6.0
MUFG,rsi_hoch,halb_weg,1736,1956,-2.8,273,417,-1.4
MUFG,ema_weit,ganz_weg,1744,1948,-1.3,357,333,-1.1
MUFG,ema_weit,halb_weg,1744,1948,-1.5,357,333,3.0
MUFG,schnell,ganz_weg,1671,2082,-3.3,326,364,1.8
MUFG,schnell,halb_weg,1671,2082,-5.2,326,364,10.9
MUFG,boden2,ganz_weg,732,3021,-0.5,91,599,-7.6
MUFG,boden2,halb_weg,732,3021,3.5,91,599,-7.5
MUV2.DE,rot,ganz_weg,2024,2777,1.6,468,498,1.4
MUV2.DE,rot,halb_weg,2024,2777,4.2,468,498,7.5
MUV2.DE,rot_vol,ganz_weg,756,3860,8.2,153,791,13.0
MUV2.DE,rot_vol,halb_weg,756,3860,6.2,153,791,8.9
MUV2.DE,alarm187,ganz_weg,1530,3271,1.7,350,616,-6.2
MUV2.DE,alarm187,halb_weg,1530,3271,4.6,350,616,3.4
MUV2.DE,hoch_heute,ganz_weg,2739,2062,-3.2,553,413,-0.7
MUV2.DE,hoch_heute,halb_weg,2739,2062,-6.8,553,413,-1.5
MUV2.DE,rsi_hoch,ganz_weg,2069,2562,0.6,293,673,8.8
MUV2.DE,rsi_hoch,halb_weg,2069,2562,-3.6,293,673,4.4
MUV2.DE,ema_weit,ganz_weg,2048,2583,3.4,217,749,4.5
MUV2.DE,ema_weit,halb_weg,2048,2583,-0.6,217,749,2.9
MUV2.DE,schnell,ganz_weg,1323,3478,-1.9,349,617,0.5
MUV2.DE,schnell,halb_weg,1323,3478,-0.0,349,617,-5.6
MUV2.DE,boden2,ganz_weg,925,3876,4.7,305,661,-3.3
MUV2.DE,boden2,halb_weg,925,3876,1.9,305,661,-3.3
NEE,rot,ganz_weg,1593,2232,-0.0,226,223,1.5
NEE,rot,halb_weg,1593,2232,-1.7,226,223,-6.2
NEE,rot_vol,ganz_weg,760,3065,0.1,81,368,9.2
NEE,rot_vol,halb_weg,760,3065,-0.1,81,368,9.1
NEE,alarm187,ganz_weg,1237,2588,-2.4,131,318,-12.7
NEE,alarm187,halb_weg,1237,2588,-2.7,131,318,-12.7
NEE,hoch_heute,ganz_weg,2201,1624,-0.5,219,230,-0.3
NEE,hoch_heute,halb_weg,2201,1624,-0.3,219,230,2.3
NEE,rsi_hoch,ganz_weg,1450,2375,-1.2,153,296,-6.2
NEE,rsi_hoch,halb_weg,1450,2375,1.0,153,296,-14.8
NEE,ema_weit,ganz_weg,1072,2753,-1.0,85,364,-25.2
NEE,ema_weit,halb_weg,1072,2753,-0.7,85,364,-30.5
NEE,schnell,ganz_weg,838,2987,4.3,196,253,-20.1
NEE,schnell,halb_weg,838,2987,3.8,196,253,-15.9
NEE,boden2,ganz_weg,1193,2632,2.4,113,336,9.2
NEE,boden2,halb_weg,1193,2632,0.3,113,336,7.8
NEM,rot,ganz_weg,1991,2298,2.0,463,681,-0.7
NEM,rot,halb_weg,1991,2298,5.1,463,681,0.2
NEM,rot_vol,ganz_weg,999,3290,3.0,193,951,-13.2
NEM,rot_vol,halb_weg,999,3290,1.8,193,951,-8.5
NEM,alarm187,ganz_weg,1210,3079,3.1,343,801,-3.8
NEM,alarm187,halb_weg,1210,3079,5.9,343,801,2.1
NEM,hoch_heute,ganz_weg,2267,2022,-1.2,618,526,-5.9
NEM,hoch_heute,halb_weg,2267,2022,-3.2,618,526,-0.5
NEM,rsi_hoch,ganz_weg,1499,2641,-1.2,547,597,-11.6
NEM,rsi_hoch,halb_weg,1499,2641,-5.8,547,597,-14.0
NEM,ema_weit,ganz_weg,1504,2636,-4.3,553,591,-6.6
NEM,ema_weit,halb_weg,1504,2636,-8.0,553,591,-7.3
NEM,schnell,ganz_weg,1098,3191,0.7,275,869,17.2
NEM,schnell,halb_weg,1098,3191,-1.6,275,869,15.3
NEM,boden2,ganz_weg,1078,3211,4.9,299,845,-3.8
NEM,boden2,halb_weg,1078,3211,0.8,299,845,-4.7
NET,rot,ganz_weg,205,342,-2.2,318,399,14.2
NET,rot,halb_weg,205,342,-13.0,318,399,15.9
NET,rot_vol,ganz_weg,73,474,-7.4,111,606,22.0
NET,rot_vol,halb_weg,73,474,-16.0,111,606,10.8
NET,alarm187,ganz_weg,134,413,-1.6,261,456,7.1
NET,alarm187,halb_weg,134,413,-21.9,261,456,16.1
NET,hoch_heute,ganz_weg,292,255,-6.2,450,267,2.7
NET,hoch_heute,halb_weg,292,255,-6.2,450,267,5.8
NET,rsi_hoch,ganz_weg,169,338,-9.7,386,331,1.0
NET,rsi_hoch,halb_weg,169,338,-16.0,386,331,-7.2
NET,ema_weit,ganz_weg,192,315,-26.9,359,358,-8.6
NET,ema_weit,halb_weg,192,315,-33.0,359,358,-9.9
NET,schnell,ganz_weg,109,438,-17.7,146,571,5.1
NET,schnell,halb_weg,109,438,-17.1,146,571,6.1
NET,boden2,ganz_weg,252,295,-10.7,377,340,2.6
NET,boden2,halb_weg,252,295,-8.5,377,340,-4.7
NFLX,rot,ganz_weg,1752,2176,-2.5,431,696,-5.1
NFLX,rot,halb_weg,1752,2176,-2.0,431,696,1.3
NFLX,rot_vol,ganz_weg,743,3185,-2.3,140,987,-4.8
NFLX,rot_vol,halb_weg,743,3185,-2.4,140,987,-10.4
NFLX,alarm187,ganz_weg,1478,2450,-2.8,348,779,-4.6
NFLX,alarm187,halb_weg,1478,2450,-3.1,348,779,-5.5
NFLX,hoch_heute,ganz_weg,2190,1738,-1.3,692,435,-1.4
NFLX,hoch_heute,halb_weg,2190,1738,-3.3,692,435,-7.5
NFLX,rsi_hoch,ganz_weg,1593,2335,-2.7,590,537,0.2
NFLX,rsi_hoch,halb_weg,1593,2335,0.4,590,537,-2.8
NFLX,ema_weit,ganz_weg,1275,2653,-5.2,361,766,2.7
NFLX,ema_weit,halb_weg,1275,2653,-3.5,361,766,-7.8
NFLX,schnell,ganz_weg,1082,2846,2.2,291,836,0.0
NFLX,schnell,halb_weg,1082,2846,3.5,291,836,-1.2
NFLX,boden2,ganz_weg,1031,2897,1.2,535,592,-0.7
NFLX,boden2,halb_weg,1031,2897,1.6,535,592,-0.6
NKE,rot,ganz_weg,1749,2409,0.9,455,639,-6.1
NKE,rot,halb_weg,1749,2409,0.9,455,639,-4.2
NKE,rot_vol,ganz_weg,725,3433,3.7,233,861,2.9
NKE,rot_vol,halb_weg,725,3433,1.6,233,861,0.8
NKE,alarm187,ganz_weg,1263,2895,-4.3,287,807,-5.8
NKE,alarm187,halb_weg,1263,2895,-4.4,287,807,-4.4
NKE,hoch_heute,ganz_weg,2211,1947,-0.2,563,531,5.1
NKE,hoch_heute,halb_weg,2211,1947,1.3,563,531,4.5
NKE,rsi_hoch,ganz_weg,1580,2578,-9.4,388,706,-11.1
NKE,rsi_hoch,halb_weg,1580,2578,-11.1,388,706,-18.0
NKE,ema_weit,ganz_weg,1478,2680,-3.2,257,837,-12.9
NKE,ema_weit,halb_weg,1478,2680,-4.0,257,837,-20.1
NKE,schnell,ganz_weg,1066,3092,2.0,380,714,-4.3
NKE,schnell,halb_weg,1066,3092,1.6,380,714,-4.1
NKE,boden2,ganz_weg,1501,2657,0.4,467,627,2.2
NKE,boden2,halb_weg,1501,2657,-0.3,467,627,0.1
NOW,rot,ganz_weg,940,1316,-7.0,425,778,1.8
NOW,rot,halb_weg,940,1316,0.6,425,778,0.0
NOW,rot_vol,ganz_weg,396,1860,-17.1,185,1018,8.5
NOW,rot_vol,halb_weg,396,1860,-9.6,185,1018,6.7
NOW,alarm187,ganz_weg,757,1499,-2.1,305,898,2.0
NOW,alarm187,halb_weg,757,1499,-1.5,305,898,6.0
NOW,hoch_heute,ganz_weg,1267,989,1.1,696,507,3.2
NOW,hoch_heute,halb_weg,1267,989,1.8,696,507,-1.2
NOW,rsi_hoch,ganz_weg,657,1593,-7.3,579,624,1.2
NOW,rsi_hoch,halb_weg,657,1593,-11.5,579,624,-2.9
NOW,ema_weit,ganz_weg,653,1597,-5.3,452,751,-0.3
NOW,ema_weit,halb_weg,653,1597,-5.1,452,751,-0.7
NOW,schnell,ganz_weg,482,1774,2.0,291,912,2.9
NOW,schnell,halb_weg,482,1774,0.1,291,912,2.4
NOW,boden2,ganz_weg,625,1631,-3.0,313,890,2.7
NOW,boden2,halb_weg,625,1631,-3.3,313,890,3.7
NVDA,rot,ganz_weg,1795,2288,8.1,401,549,-3.2
NVDA,rot,halb_weg,1795,2288,3.6,401,549,1.3
NVDA,rot_vol,ganz_weg,810,3273,1.6,226,724,9.7
NVDA,rot_vol,halb_weg,810,3273,1.2,226,724,0.4
NVDA,alarm187,ganz_weg,1455,2628,2.9,330,620,-4.9
NVDA,alarm187,halb_weg,1455,2628,2.5,330,620,-3.8
NVDA,hoch_heute,ganz_weg,2298,1785,-1.5,515,435,1.9
NVDA,hoch_heute,halb_weg,2298,1785,-4.1,515,435,0.1
NVDA,rsi_hoch,ganz_weg,2202,1873,-7.7,447,503,-2.4
NVDA,rsi_hoch,halb_weg,2202,1873,-9.2,447,503,-0.6
NVDA,ema_weit,ganz_weg,2021,2054,-6.7,358,592,-1.6
NVDA,ema_weit,halb_weg,2021,2054,-6.6,358,592,-0.1
NVDA,schnell,ganz_weg,1182,2901,-1.5,302,648,-2.9
NVDA,schnell,halb_weg,1182,2901,-4.3,302,648,7.1
NVDA,boden2,ganz_weg,1253,2830,-1.5,371,579,-3.1
NVDA,boden2,halb_weg,1253,2830,-0.1,371,579,6.9
NVO,rot,ganz_weg,2019,2548,-2.0,497,521,-10.1
NVO,rot,halb_weg,2019,2548,-1.5,497,521,-2.3
NVO,rot_vol,ganz_weg,786,3781,-0.3,137,881,-1.0
NVO,rot_vol,halb_weg,786,3781,-0.8,137,881,-6.6
NVO,alarm187,ganz_weg,1611,2956,-2.5,414,604,-7.7
NVO,alarm187,halb_weg,1611,2956,-3.3,414,604,-1.1
NVO,hoch_heute,ganz_weg,2360,2207,1.4,535,483,0.6
NVO,hoch_heute,halb_weg,2360,2207,1.9,535,483,-16.9
NVO,rsi_hoch,ganz_weg,1076,3491,-2.8,376,642,-4.9
NVO,rsi_hoch,halb_weg,1076,3491,-4.2,376,642,-2.7
NVO,ema_weit,ganz_weg,863,3704,-5.1,203,815,-5.4
NVO,ema_weit,halb_weg,863,3704,-6.3,203,815,-9.4
NVO,schnell,ganz_weg,1199,3368,0.4,289,729,-9.0
NVO,schnell,halb_weg,1199,3368,3.6,289,729,6.8
NVO,boden2,ganz_weg,1147,3420,3.0,181,837,2.8
NVO,boden2,halb_weg,1147,3420,3.7,181,837,1.9
NVS,rot,ganz_weg,2787,3410,2.4,691,721,-3.0
NVS,rot,halb_weg,2787,3410,2.9,691,721,-1.1
NVS,rot_vol,ganz_weg,1231,4966,2.4,321,1091,-8.2
NVS,rot_vol,halb_weg,1231,4966,3.9,321,1091,2.9
NVS,alarm187,ganz_weg,2054,4143,0.1,548,864,1.9
NVS,alarm187,halb_weg,2054,4143,1.8,548,864,0.0
NVS,hoch_heute,ganz_weg,3417,2780,1.8,840,572,-4.6
NVS,hoch_heute,halb_weg,3417,2780,1.8,840,572,-2.9
NVS,rsi_hoch,ganz_weg,2777,3372,0.3,755,657,-0.6
NVS,rsi_hoch,halb_weg,2777,3372,-5.4,755,657,-7.7
NVS,ema_weit,ganz_weg,2698,3451,0.9,697,715,1.0
NVS,ema_weit,halb_weg,2698,3451,-1.2,697,715,-4.1
NVS,schnell,ganz_weg,1726,4471,1.6,481,931,0.9
NVS,schnell,halb_weg,1726,4471,-0.7,481,931,-1.6
NVS,boden2,ganz_weg,1411,4786,-1.8,500,912,-3.2
NVS,boden2,halb_weg,1411,4786,-1.5,500,912,-1.7
NXPI,rot,ganz_weg,1103,1210,-3.0,547,665,6.2
NXPI,rot,halb_weg,1103,1210,-1.7,547,665,9.3
NXPI,rot_vol,ganz_weg,522,1791,0.7,253,959,8.6
NXPI,rot_vol,halb_weg,522,1791,1.9,253,959,7.3
NXPI,alarm187,ganz_weg,882,1431,-3.4,407,805,1.5
NXPI,alarm187,halb_weg,882,1431,-3.3,407,805,9.4
NXPI,hoch_heute,ganz_weg,1241,1072,-1.8,682,530,3.7
NXPI,hoch_heute,halb_weg,1241,1072,-3.1,682,530,-5.8
NXPI,rsi_hoch,ganz_weg,633,1654,-6.0,446,766,-3.9
NXPI,rsi_hoch,halb_weg,633,1654,-11.8,446,766,-8.8
NXPI,ema_weit,ganz_weg,523,1764,-5.1,411,801,-6.7
NXPI,ema_weit,halb_weg,523,1764,-12.7,411,801,-3.9
NXPI,schnell,ganz_weg,595,1718,2.5,348,864,2.9
NXPI,schnell,halb_weg,595,1718,0.8,348,864,3.7
NXPI,boden2,ganz_weg,712,1601,6.5,500,712,-1.9
NXPI,boden2,halb_weg,712,1601,10.1,500,712,0.4
ODFL,rot,ganz_weg,1963,2573,-4.3,432,615,3.0
ODFL,rot,halb_weg,1963,2573,-2.4,432,615,18.4
ODFL,rot_vol,ganz_weg,743,3793,-3.0,212,835,-4.9
ODFL,rot_vol,halb_weg,743,3793,-2.4,212,835,9.5
ODFL,alarm187,ganz_weg,1454,3082,-4.0,289,758,-1.3
ODFL,alarm187,halb_weg,1454,3082,-7.5,289,758,12.2
ODFL,hoch_heute,ganz_weg,2553,1983,2.0,591,456,-5.4
ODFL,hoch_heute,halb_weg,2553,1983,3.1,591,456,-5.0
ODFL,rsi_hoch,ganz_weg,2110,2358,0.0,398,649,-11.1
ODFL,rsi_hoch,halb_weg,2110,2358,-4.9,398,649,-11.8
ODFL,ema_weit,ganz_weg,2021,2447,-0.2,319,728,-8.8
ODFL,ema_weit,halb_weg,2021,2447,-3.9,319,728,-9.0
ODFL,schnell,ganz_weg,1051,3485,1.5,312,735,2.6
ODFL,schnell,halb_weg,1051,3485,5.3,312,735,1.1
ODFL,boden2,ganz_weg,1407,3129,-1.5,396,651,-0.2
ODFL,boden2,halb_weg,1407,3129,-1.6,396,651,-3.3
ON,rot,ganz_weg,1402,1745,4.1,464,676,-13.8
ON,rot,halb_weg,1402,1745,3.1,464,676,-10.6
ON,rot_vol,ganz_weg,613,2534,6.5,233,907,-4.0
ON,rot_vol,halb_weg,613,2534,2.4,233,907,0.4
ON,alarm187,ganz_weg,1020,2127,3.7,323,817,-19.9
ON,alarm187,halb_weg,1020,2127,0.9,323,817,-18.5
ON,hoch_heute,ganz_weg,1668,1479,-2.4,612,528,2.7
ON,hoch_heute,halb_weg,1668,1479,-0.1,612,528,3.8
ON,rsi_hoch,ganz_weg,1262,1831,-4.4,469,671,-5.3
ON,rsi_hoch,halb_weg,1262,1831,-3.3,469,671,-7.5
ON,ema_weit,ganz_weg,1128,1965,-7.8,446,694,-6.6
ON,ema_weit,halb_weg,1128,1965,-8.7,446,694,-17.5
ON,schnell,ganz_weg,1095,2052,-1.3,414,726,0.9
ON,schnell,halb_weg,1095,2052,-3.4,414,726,-2.0
ON,boden2,ganz_weg,823,2324,-3.3,385,755,-6.3
ON,boden2,halb_weg,823,2324,-2.3,385,755,-2.4
ORCL,rot,ganz_weg,1966,3168,2.8,532,624,-0.5
ORCL,rot,halb_weg,1966,3168,1.4,532,624,12.3
ORCL,rot_vol,ganz_weg,870,4264,1.5,263,893,-2.6
ORCL,rot_vol,halb_weg,870,4264,-5.7,263,893,0.3
ORCL,alarm187,ganz_weg,1405,3729,2.8,427,729,3.3
ORCL,alarm187,halb_weg,1405,3729,-1.1,427,729,11.8
ORCL,hoch_heute,ganz_weg,2903,2231,-1.0,669,487,-3.5
ORCL,hoch_heute,halb_weg,2903,2231,-4.1,669,487,-6.1
ORCL,rsi_hoch,ganz_weg,1842,3000,0.5,668,488,4.5
ORCL,rsi_hoch,halb_weg,1842,3000,5.5,668,488,-3.9
ORCL,ema_weit,ganz_weg,1611,3231,-2.6,562,594,-1.1
ORCL,ema_weit,halb_weg,1611,3231,-1.0,562,594,-2.6
ORCL,schnell,ganz_weg,1273,3861,-1.2,501,655,10.4
ORCL,schnell,halb_weg,1273,3861,-1.7,501,655,10.2
ORCL,boden2,ganz_weg,1389,3745,3.1,445,711,-2.0
ORCL,boden2,halb_weg,1389,3745,-0.0,445,711,-3.4
ORLY,rot,ganz_weg,1722,2238,2.9,325,476,4.0
ORLY,rot,halb_weg,1722,2238,2.8,325,476,13.2
ORLY,rot_vol,ganz_weg,609,3351,5.0,157,644,-6.7
ORLY,rot_vol,halb_weg,609,3351,1.8,157,644,3.3
ORLY,alarm187,ganz_weg,1184,2776,0.1,235,566,-1.8
ORLY,alarm187,halb_weg,1184,2776,1.0,235,566,5.8
ORLY,hoch_heute,ganz_weg,2215,1745,-2.6,486,315,-3.5
ORLY,hoch_heute,halb_weg,2215,1745,-2.6,486,315,-4.5
ORLY,rsi_hoch,ganz_weg,1486,2474,-2.7,425,376,-0.0
ORLY,rsi_hoch,halb_weg,1486,2474,-6.2,425,376,-8.7
ORLY,ema_weit,ganz_weg,1457,2503,-3.4,354,447,-5.4
ORLY,ema_weit,halb_weg,1457,2503,-4.9,354,447,-10.9
ORLY,schnell,ganz_weg,1336,2624,3.8,355,446,-5.6
ORLY,schnell,halb_weg,1336,2624,0.3,355,446,-2.8
ORLY,boden2,ganz_weg,1079,2881,1.4,273,528,6.7
ORLY,boden2,halb_weg,1079,2881,2.5,273,528,8.9
P911.DE,rot,ganz_weg,0,0,,457,505,1.1
P911.DE,rot,halb_weg,0,0,,457,505,2.1
P911.DE,rot_vol,ganz_weg,0,0,,189,773,-4.8
P911.DE,rot_vol,halb_weg,0,0,,189,773,-3.2
P911.DE,alarm187,ganz_weg,0,0,,272,690,0.4
P911.DE,alarm187,halb_weg,0,0,,272,690,-0.1
P911.DE,hoch_heute,ganz_weg,0,0,,511,451,-1.8
P911.DE,hoch_heute,halb_weg,0,0,,511,451,0.0
P911.DE,rsi_hoch,ganz_weg,0,0,,169,705,4.0
P911.DE,rsi_hoch,halb_weg,0,0,,169,705,11.5
P911.DE,ema_weit,ganz_weg,0,0,,192,682,-12.8
P911.DE,ema_weit,halb_weg,0,0,,192,682,-16.6
P911.DE,schnell,ganz_weg,0,0,,434,528,-8.2
P911.DE,schnell,halb_weg,0,0,,434,528,-3.0
P911.DE,boden2,ganz_weg,0,0,,116,846,17.6
P911.DE,boden2,halb_weg,0,0,,116,846,16.7
PAH3.DE,rot,ganz_weg,1398,2144,3.8,406,496,20.1
PAH3.DE,rot,halb_weg,1398,2144,8.2,406,496,14.8
PAH3.DE,rot_vol,ganz_weg,540,2859,0.2,146,756,19.6
PAH3.DE,rot_vol,halb_weg,540,2859,6.2,146,756,6.7
PAH3.DE,alarm187,ganz_weg,999,2543,-1.0,233,669,11.7
PAH3.DE,alarm187,halb_weg,999,2543,7.5,233,669,17.2
PAH3.DE,hoch_heute,ganz_weg,2047,1495,-2.8,464,438,-8.4
PAH3.DE,hoch_heute,halb_weg,2047,1495,-5.3,464,438,-14.4
PAH3.DE,rsi_hoch,ganz_weg,1444,2073,-5.5,200,702,12.4
PAH3.DE,rsi_hoch,halb_weg,1444,2073,-10.6,200,702,17.7
PAH3.DE,ema_weit,ganz_weg,1504,2013,-6.4,160,742,19.3
PAH3.DE,ema_weit,halb_weg,1504,2013,-9.1,160,742,17.2
PAH3.DE,schnell,ganz_weg,1602,1940,1.5,411,491,-5.5
PAH3.DE,schnell,halb_weg,1602,1940,-1.3,411,491,0.5
PAH3.DE,boden2,ganz_weg,854,2688,-1.0,281,621,-4.8
PAH3.DE,boden2,halb_weg,854,2688,7.4,281,621,-1.5
PANW,rot,ganz_weg,1047,1299,-3.1,379,620,0.4
PANW,rot,halb_weg,1047,1299,-0.0,379,620,-8.2
PANW,rot_vol,ganz_weg,486,1860,-4.8,134,865,12.1
PANW,rot_vol,halb_weg,486,1860,0.1,134,865,22.7
PANW,alarm187,ganz_weg,854,1492,-2.4,305,694,-7.6
PANW,alarm187,halb_weg,854,1492,-1.4,305,694,-9.3
PANW,hoch_heute,ganz_weg,1269,1077,-0.5,562,437,0.7
PANW,hoch_heute,halb_weg,1269,1077,0.3,562,437,-4.1
PANW,rsi_hoch,ganz_weg,981,1304,-3.3,368,631,1.9
PANW,rsi_hoch,halb_weg,981,1304,-1.5,368,631,2.2
PANW,ema_weit,ganz_weg,790,1495,-2.3,293,706,-2.7
PANW,ema_weit,halb_weg,790,1495,-0.9,293,706,-10.5
PANW,schnell,ganz_weg,664,1682,-2.5,342,657,-0.8
PANW,schnell,halb_weg,664,1682,2.5,342,657,1.5
PANW,boden2,ganz_weg,880,1466,-2.9,322,677,-0.1
PANW,boden2,halb_weg,880,1466,-5.5,322,677,-3.1
PAYX,rot,ganz_weg,2056,2836,2.3,320,306,14.4
PAYX,rot,halb_weg,2056,2836,0.5,320,306,10.0
PAYX,rot_vol,ganz_weg,777,4115,3.5,169,457,14.8
PAYX,rot_vol,halb_weg,777,4115,2.6,169,457,11.9
PAYX,alarm187,ganz_weg,1488,3404,-0.5,183,443,-9.8
PAYX,alarm187,halb_weg,1488,3404,-3.0,183,443,3.4
PAYX,hoch_heute,ganz_weg,2841,2051,-2.0,323,303,6.5
PAYX,hoch_heute,halb_weg,2841,2051,-4.7,323,303,15.7
PAYX,rsi_hoch,ganz_weg,2261,2631,-2.0,170,456,-7.3
PAYX,rsi_hoch,halb_weg,2261,2631,-1.6,170,456,-14.1
PAYX,ema_weit,ganz_weg,2224,2668,-1.0,165,461,-7.3
PAYX,ema_weit,halb_weg,2224,2668,1.3,165,461,-15.6
PAYX,schnell,ganz_weg,1214,3678,4.6,134,492,8.1
PAYX,schnell,halb_weg,1214,3678,3.4,134,492,1.6
PAYX,boden2,ganz_weg,1393,3499,1.3,183,443,3.4
PAYX,boden2,halb_weg,1393,3499,-0.1,183,443,-5.0
PBR,rot,ganz_weg,2212,2869,5.1,193,360,-3.3
PBR,rot,halb_weg,2212,2869,3.4,193,360,-7.5
PBR,rot_vol,ganz_weg,1008,4073,-2.9,81,472,-9.0
PBR,rot_vol,halb_weg,1008,4073,-0.2,81,472,-16.1
PBR,alarm187,ganz_weg,1768,3313,1.2,151,402,-5.2
PBR,alarm187,halb_weg,1768,3313,2.5,151,402,-2.5
PBR,hoch_heute,ganz_weg,2864,2217,-0.8,293,260,-5.5
PBR,hoch_heute,halb_weg,2864,2217,-4.6,293,260,-2.9
PBR,rsi_hoch,ganz_weg,2160,2887,-2.9,148,405,-8.4
PBR,rsi_hoch,halb_weg,2160,2887,-5.4,148,405,-11.4
PBR,ema_weit,ganz_weg,1800,3247,-3.2,115,438,-17.7
PBR,ema_weit,halb_weg,1800,3247,-4.5,115,438,-18.7
PBR,schnell,ganz_weg,1746,3335,1.0,215,338,-8.8
PBR,schnell,halb_weg,1746,3335,1.0,215,338,-4.0
PBR,boden2,ganz_weg,1264,3817,-3.4,210,343,-10.8
PBR,boden2,halb_weg,1264,3817,-1.4,210,343,-7.9
PCAR,rot,ganz_weg,2098,2971,1.9,540,718,-4.2
PCAR,rot,halb_weg,2098,2971,-4.3,540,718,0.9
PCAR,rot_vol,ganz_weg,857,4212,-1.6,289,969,-8.4
PCAR,rot_vol,halb_weg,857,4212,-4.3,289,969,-1.3
PCAR,alarm187,ganz_weg,1419,3650,-4.5,340,918,-7.2
PCAR,alarm187,halb_weg,1419,3650,-3.6,340,918,-0.9
PCAR,hoch_heute,ganz_weg,2803,2266,-2.0,681,577,2.5
PCAR,hoch_heute,halb_weg,2803,2266,-1.8,681,577,-6.8
PCAR,rsi_hoch,ganz_weg,2261,2723,-3.1,515,743,-8.2
PCAR,rsi_hoch,halb_weg,2261,2723,-2.9,515,743,-30.8
PCAR,ema_weit,ganz_weg,2077,2907,-5.1,448,810,-7.5
PCAR,ema_weit,halb_weg,2077,2907,-7.6,448,810,-17.9
PCAR,schnell,ganz_weg,1624,3445,-4.0,481,777,-2.9
PCAR,schnell,halb_weg,1624,3445,0.1,481,777,-7.8
PCAR,boden2,ganz_weg,1647,3422,0.7,319,939,5.5
PCAR,boden2,halb_weg,1647,3422,2.2,319,939,5.4
PDD,rot,ganz_weg,454,629,-16.3,483,649,-1.2
PDD,rot,halb_weg,454,629,-16.3,483,649,3.5
PDD,rot_vol,ganz_weg,175,908,-11.2,308,824,-0.7
PDD,rot_vol,halb_weg,175,908,-13.0,308,824,1.3
PDD,alarm187,ganz_weg,323,760,-12.3,294,838,-2.3
PDD,alarm187,halb_weg,323,760,-20.6,294,838,3.9
PDD,hoch_heute,ganz_weg,610,473,0.9,614,518,0.5
PDD,hoch_heute,halb_weg,610,473,0.5,614,518,-4.3
PDD,rsi_hoch,ganz_weg,608,391,-10.7,400,732,7.8
PDD,rsi_hoch,halb_weg,608,391,-10.1,400,732,15.6
PDD,ema_weit,ganz_weg,430,569,-4.0,239,893,7.9
PDD,ema_weit,halb_weg,430,569,-4.9,239,893,10.0
PDD,schnell,ganz_weg,558,525,2.9,464,668,2.7
PDD,schnell,halb_weg,558,525,-3.5,464,668,5.7
PDD,boden2,ganz_weg,295,788,1.3,349,783,-0.2
PDD,boden2,halb_weg,295,788,-3.1,349,783,3.3
PEP,rot,ganz_weg,1561,2421,0.5,618,676,0.8
PEP,rot,halb_weg,1561,2421,-4.1,618,676,10.7
PEP,rot_vol,ganz_weg,641,3341,9.1,228,1066,-7.3
PEP,rot_vol,halb_weg,641,3341,2.3,228,1066,0.1
PEP,alarm187,ganz_weg,1119,2863,-4.4,419,875,-4.0
PEP,alarm187,halb_weg,1119,2863,-6.1,419,875,10.9
PEP,hoch_heute,ganz_weg,2212,1770,-3.2,723,571,-1.2
PEP,hoch_heute,halb_weg,2212,1770,-2.9,723,571,-0.6
PEP,rsi_hoch,ganz_weg,1709,2230,-2.7,558,736,-0.7
PEP,rsi_hoch,halb_weg,1709,2230,-5.9,558,736,-5.8
PEP,ema_weit,ganz_weg,1464,2475,0.2,482,812,1.1
PEP,ema_weit,halb_weg,1464,2475,0.0,482,812,-3.3
PEP,schnell,ganz_weg,848,3134,0.8,362,932,-1.0
PEP,schnell,halb_weg,848,3134,-1.8,362,932,7.3
PEP,boden2,ganz_weg,1263,2719,-2.7,385,909,-2.5
PEP,boden2,halb_weg,1263,2719,-3.1,385,909,0.9
PFE,rot,ganz_weg,1577,2028,4.9,271,299,-6.1
PFE,rot,halb_weg,1577,2028,3.1,271,299,-7.2
PFE,rot_vol,ganz_weg,672,2933,2.4,91,479,-20.8
PFE,rot_vol,halb_weg,672,2933,2.9,91,479,-6.5
PFE,alarm187,ganz_weg,1076,2529,2.2,134,436,-11.9
PFE,alarm187,halb_weg,1076,2529,-0.2,134,436,0.7
PFE,hoch_heute,ganz_weg,1889,1716,1.2,288,282,6.3
PFE,hoch_heute,halb_weg,1889,1716,0.4,288,282,0.8
PFE,rsi_hoch,ganz_weg,1731,1874,-2.1,122,448,-8.7
PFE,rsi_hoch,halb_weg,1731,1874,-1.3,122,448,-6.1
PFE,ema_weit,ganz_weg,1564,2041,-3.3,116,454,-5.2
PFE,ema_weit,halb_weg,1564,2041,-4.1,116,454,6.8
PFE,schnell,ganz_weg,1181,2424,-1.5,266,304,8.8
PFE,schnell,halb_weg,1181,2424,1.2,266,304,0.8
PFE,boden2,ganz_weg,822,2783,3.3,103,467,3.5
PFE,boden2,halb_weg,822,2783,3.7,103,467,4.4
PG,rot,ganz_weg,1848,2968,-2.8,409,502,-6.8
PG,rot,halb_weg,1848,2968,-6.2,409,502,-5.6
PG,rot_vol,ganz_weg,709,4107,0.9,210,701,-0.3
PG,rot_vol,halb_weg,709,4107,-0.0,210,701,7.5
PG,alarm187,ganz_weg,1390,3426,-2.3,249,662,-1.0
PG,alarm187,halb_weg,1390,3426,-5.7,249,662,-6.0
PG,hoch_heute,ganz_weg,2698,2118,-3.1,467,444,-2.8
PG,hoch_heute,halb_weg,2698,2118,-4.8,467,444,-8.4
PG,rsi_hoch,ganz_weg,1639,3154,-0.5,299,612,-6.7
PG,rsi_hoch,halb_weg,1639,3154,-2.0,299,612,-24.2
PG,ema_weit,ganz_weg,1768,3025,0.9,230,681,-0.2
PG,ema_weit,halb_weg,1768,3025,-3.0,230,681,-19.1
PG,schnell,ganz_weg,1307,3509,-3.6,321,590,-11.4
PG,schnell,halb_weg,1307,3509,-1.1,321,590,-5.6
PG,boden2,ganz_weg,1623,3193,-4.5,337,574,-5.1
PG,boden2,halb_weg,1623,3193,-2.4,337,574,1.8
PGR,rot,ganz_weg,2013,2883,2.4,332,417,5.8
PGR,rot,halb_weg,2013,2883,2.5,332,417,0.2
PGR,rot_vol,ganz_weg,810,4086,-1.8,164,585,2.7
PGR,rot_vol,halb_weg,810,4086,-1.3,164,585,6.4
PGR,alarm187,ganz_weg,1526,3370,-2.4,225,524,0.6
PGR,alarm187,halb_weg,1526,3370,-2.6,225,524,5.5
PGR,hoch_heute,ganz_weg,2778,2118,1.2,442,307,-2.9
PGR,hoch_heute,halb_weg,2778,2118,0.1,442,307,-11.3
PGR,rsi_hoch,ganz_weg,2806,2039,-3.1,292,457,-5.4
PGR,rsi_hoch,halb_weg,2806,2039,-4.9,292,457,-13.8
PGR,ema_weit,ganz_weg,3110,1735,-4.6,256,493,-2.0
PGR,ema_weit,halb_weg,3110,1735,-6.3,256,493,-7.8
PGR,schnell,ganz_weg,1269,3627,0.6,302,447,-2.6
PGR,schnell,halb_weg,1269,3627,-0.5,302,447,-9.2
PGR,boden2,ganz_weg,1722,3174,-3.2,120,629,0.5
PGR,boden2,halb_weg,1722,3174,-5.3,120,629,-1.8
PH,rot,ganz_weg,1760,2502,-5.9,325,394,9.2
PH,rot,halb_weg,1760,2502,1.5,325,394,-4.3
PH,rot_vol,ganz_weg,668,3594,-5.6,146,573,4.5
PH,rot_vol,halb_weg,668,3594,-5.0,146,573,3.2
PH,alarm187,ganz_weg,1420,2842,-9.3,225,494,-2.5
PH,alarm187,halb_weg,1420,2842,1.0,225,494,4.2
PH,hoch_heute,ganz_weg,2407,1855,-4.2,380,339,2.3
PH,hoch_heute,halb_weg,2407,1855,-8.0,380,339,1.8
PH,rsi_hoch,ganz_weg,1732,2443,-0.1,319,400,-0.6
PH,rsi_hoch,halb_weg,1732,2443,-6.0,319,400,-6.9
PH,ema_weit,ganz_weg,1482,2693,1.1,245,474,-1.7
PH,ema_weit,halb_weg,1482,2693,-1.8,245,474,-10.2
PH,schnell,ganz_weg,1250,3012,4.1,116,603,9.1
PH,schnell,halb_weg,1250,3012,2.3,116,603,14.2
PH,boden2,ganz_weg,1320,2942,-0.3,239,480,-5.6
PH,boden2,halb_weg,1320,2942,-0.1,239,480,5.9
PLD,rot,ganz_weg,1775,2621,-3.6,448,431,4.3
PLD,rot,halb_weg,1775,2621,-2.8,448,431,4.3
PLD,rot_vol,ganz_weg,830,3566,-6.9,182,697,4.0
PLD,rot_vol,halb_weg,830,3566,-5.7,182,697,10.4
PLD,alarm187,ganz_weg,1345,3051,-1.1,317,562,-2.1
PLD,alarm187,halb_weg,1345,3051,-4.1,317,562,4.1
PLD,hoch_heute,ganz_weg,2472,1924,0.2,450,429,-2.4
PLD,hoch_heute,halb_weg,2472,1924,1.3,450,429,-4.4
PLD,rsi_hoch,ganz_weg,1657,2680,-2.2,232,647,-9.2
PLD,rsi_hoch,halb_weg,1657,2680,-6.3,232,647,-18.2
PLD,ema_weit,ganz_weg,1517,2820,-1.8,157,722,-7.8
PLD,ema_weit,halb_weg,1517,2820,-5.0,157,722,-6.6
PLD,schnell,ganz_weg,1300,3096,-4.1,240,639,-4.2
PLD,schnell,halb_weg,1300,3096,-1.7,240,639,-18.7
PLD,boden2,ganz_weg,1128,3268,-2.4,269,610,-4.1
PLD,boden2,halb_weg,1128,3268,-1.3,269,610,-1.1
PLTR,rot,ganz_weg,222,249,4.4,380,512,-3.0
PLTR,rot,halb_weg,222,249,7.7,380,512,-1.9
PLTR,rot_vol,ganz_weg,85,386,-9.7,184,708,-6.6
PLTR,rot_vol,halb_weg,85,386,11.2,184,708,-5.4
PLTR,alarm187,ganz_weg,148,323,14.5,328,564,-11.5
PLTR,alarm187,halb_weg,148,323,3.5,328,564,-0.1
PLTR,hoch_heute,ganz_weg,221,250,6.9,529,363,2.4
PLTR,hoch_heute,halb_weg,221,250,15.4,529,363,5.3
PLTR,rsi_hoch,ganz_weg,0,471,,380,512,-0.7
PLTR,rsi_hoch,halb_weg,0,471,,380,512,0.2
PLTR,ema_weit,ganz_weg,7,464,,456,436,-9.0
PLTR,ema_weit,halb_weg,7,464,,456,436,-4.2
PLTR,schnell,ganz_weg,59,412,-19.3,329,563,-2.3
PLTR,schnell,halb_weg,59,412,9.0,329,563,-3.3
PLTR,boden2,ganz_weg,168,303,-0.2,172,720,7.1
PLTR,boden2,halb_weg,168,303,4.1,172,720,4.3
PM,rot,ganz_weg,1616,2331,1.9,488,723,-0.9
PM,rot,halb_weg,1616,2331,2.6,488,723,-1.7
PM,rot_vol,ganz_weg,629,3318,-2.4,246,965,-1.3
PM,rot_vol,halb_weg,629,3318,0.0,246,965,-0.3
PM,alarm187,ganz_weg,1248,2699,-1.2,391,820,-2.0
PM,alarm187,halb_weg,1248,2699,-1.3,391,820,-1.7
PM,hoch_heute,ganz_weg,2251,1696,0.3,655,556,1.5
PM,hoch_heute,halb_weg,2251,1696,-1.4,655,556,2.0
PM,rsi_hoch,ganz_weg,1622,2325,-5.0,537,674,-7.0
PM,rsi_hoch,halb_weg,1622,2325,-7.1,537,674,-10.4
PM,ema_weit,ganz_weg,1403,2544,-8.8,534,677,-4.8
PM,ema_weit,halb_weg,1403,2544,-11.9,534,677,-9.1
PM,schnell,ganz_weg,918,3029,-1.0,519,692,-3.1
PM,schnell,halb_weg,918,3029,5.6,519,692,-12.4
PM,boden2,ganz_weg,1302,2645,1.6,389,822,2.9
PM,boden2,halb_weg,1302,2645,1.9,389,822,1.8
PSX,rot,ganz_weg,1486,2150,2.2,541,642,9.6
PSX,rot,halb_weg,1486,2150,3.2,541,642,9.2
PSX,rot_vol,ganz_weg,544,3092,-7.5,186,997,19.8
PSX,rot_vol,halb_weg,544,3092,-2.0,186,997,14.0
PSX,alarm187,ganz_weg,1073,2563,-2.9,344,839,-7.1
PSX,alarm187,halb_weg,1073,2563,0.6,344,839,-4.6
PSX,hoch_heute,ganz_weg,2126,1510,-4.0,680,503,-4.5
PSX,hoch_heute,halb_weg,2126,1510,-8.4,680,503,-16.0
PSX,rsi_hoch,ganz_weg,1130,2506,3.4,461,722,-15.2
PSX,rsi_hoch,halb_weg,1130,2506,5.9,461,722,-14.4
PSX,ema_weit,ganz_weg,1118,2518,4.0,412,771,-12.9
PSX,ema_weit,halb_weg,1118,2518,4.9,412,771,-11.6
PSX,schnell,ganz_weg,772,2864,-1.2,240,943,0.7
PSX,schnell,halb_weg,772,2864,0.2,240,943,5.5
PSX,boden2,ganz_weg,1093,2543,-1.0,434,749,-6.2
PSX,boden2,halb_weg,1093,2543,-0.9,434,749,3.3
PYPL,rot,ganz_weg,748,942,-3.0,430,549,-3.7
PYPL,rot,halb_weg,748,942,1.1,430,549,-4.5
PYPL,rot_vol,ganz_weg,344,1346,-1.8,214,765,8.3
PYPL,rot_vol,halb_weg,344,1346,0.8,214,765,11.4
PYPL,alarm187,ganz_weg,601,1089,-4.3,328,651,-4.2
PYPL,alarm187,halb_weg,601,1089,-2.0,328,651,-5.4
PYPL,hoch_heute,ganz_weg,908,782,0.7,549,430,-2.9
PYPL,hoch_heute,halb_weg,908,782,0.1,549,430,-2.7
PYPL,rsi_hoch,ganz_weg,677,895,5.3,323,656,6.7
PYPL,rsi_hoch,halb_weg,677,895,3.0,323,656,10.7
PYPL,ema_weit,ganz_weg,785,787,0.6,177,802,0.7
PYPL,ema_weit,halb_weg,785,787,1.6,177,802,-9.3
PYPL,schnell,ganz_weg,290,1400,3.5,259,720,2.0
PYPL,schnell,halb_weg,290,1400,13.3,259,720,-1.4
PYPL,boden2,ganz_weg,357,1333,1.5,465,514,-7.1
PYPL,boden2,halb_weg,357,1333,-4.1,465,514,-4.0
QCOM,rot,ganz_weg,1862,2571,3.3,604,688,3.3
QCOM,rot,halb_weg,1862,2571,1.4,604,688,10.4
QCOM,rot_vol,ganz_weg,741,3692,4.7,348,944,-0.3
QCOM,rot_vol,halb_weg,741,3692,4.5,348,944,-1.2
QCOM,alarm187,ganz_weg,1337,3096,2.3,443,849,-6.6
QCOM,alarm187,halb_weg,1337,3096,1.1,443,849,3.4
QCOM,hoch_heute,ganz_weg,2370,2063,-0.3,686,606,-3.6
QCOM,hoch_heute,halb_weg,2370,2063,-1.8,686,606,-5.8
QCOM,rsi_hoch,ganz_weg,1513,2839,3.7,702,590,-6.7
QCOM,rsi_hoch,halb_weg,1513,2839,3.1,702,590,-12.7
QCOM,ema_weit,ganz_weg,1418,2934,1.7,617,675,-6.1
QCOM,ema_weit,halb_weg,1418,2934,2.5,617,675,-17.4
QCOM,schnell,ganz_weg,1519,2914,1.3,778,514,-10.0
QCOM,schnell,halb_weg,1519,2914,-2.5,778,514,-13.5
QCOM,boden2,ganz_weg,1370,3063,2.8,335,957,-9.6
QCOM,boden2,halb_weg,1370,3063,1.7,335,957,5.7
QIA.DE,rot,ganz_weg,2048,2602,0.0,483,670,0.6
QIA.DE,rot,halb_weg,2048,2602,1.2,483,670,2.0
QIA.DE,rot_vol,ganz_weg,866,3618,1.5,260,893,0.5
QIA.DE,rot_vol,halb_weg,866,3618,6.3,260,893,5.1
QIA.DE,alarm187,ganz_weg,1514,3136,0.5,298,855,4.4
QIA.DE,alarm187,halb_weg,1514,3136,1.7,298,855,4.2
QIA.DE,hoch_heute,ganz_weg,2478,2172,0.5,620,533,-0.9
QIA.DE,hoch_heute,halb_weg,2478,2172,0.2,620,533,2.3
QIA.DE,rsi_hoch,ganz_weg,2338,2248,-3.9,453,700,7.8
QIA.DE,rsi_hoch,halb_weg,2338,2248,-7.5,453,700,4.0
QIA.DE,ema_weit,ganz_weg,2109,2477,-0.9,351,802,9.1
QIA.DE,ema_weit,halb_weg,2109,2477,-4.9,351,802,9.1
QIA.DE,schnell,ganz_weg,1206,3444,0.8,254,899,9.6
QIA.DE,schnell,halb_weg,1206,3444,0.7,254,899,3.3
QIA.DE,boden2,ganz_weg,1208,3442,0.2,261,892,-5.6
QIA.DE,boden2,halb_weg,1208,3442,3.7,261,892,-4.1
REGN,rot,ganz_weg,1401,1946,5.0,275,444,-4.2
REGN,rot,halb_weg,1401,1946,1.7,275,444,2.8
REGN,rot_vol,ganz_weg,631,2716,2.2,94,625,3.5
REGN,rot_vol,halb_weg,631,2716,3.8,94,625,13.8
REGN,alarm187,ganz_weg,1087,2260,0.6,176,543,-6.4
REGN,alarm187,halb_weg,1087,2260,-2.4,176,543,1.5
REGN,hoch_heute,ganz_weg,1913,1434,0.9,428,291,3.1
REGN,hoch_heute,halb_weg,1913,1434,-0.3,428,291,-1.1
REGN,rsi_hoch,ganz_weg,1339,1984,-4.4,273,446,-9.2
REGN,rsi_hoch,halb_weg,1339,1984,-5.7,273,446,-11.1
REGN,ema_weit,ganz_weg,1104,2219,-4.5,184,535,-7.6
REGN,ema_weit,halb_weg,1104,2219,-7.3,184,535,-10.2
REGN,schnell,ganz_weg,1196,2151,-2.7,127,592,8.4
REGN,schnell,halb_weg,1196,2151,2.9,127,592,0.7
REGN,boden2,ganz_weg,1075,2272,-1.6,293,426,-3.2
REGN,boden2,halb_weg,1075,2272,1.8,293,426,-13.9
RHM.DE,rot,ganz_weg,1652,2088,5.4,299,282,9.2
RHM.DE,rot,halb_weg,1652,2088,8.1,299,282,5.7
RHM.DE,rot_vol,ganz_weg,632,3064,2.3,160,418,12.4
RHM.DE,rot_vol,halb_weg,632,3064,-0.6,160,418,-0.4
RHM.DE,alarm187,ganz_weg,1237,2503,-1.8,254,327,3.8
RHM.DE,alarm187,halb_weg,1237,2503,4.9,254,327,-3.4
RHM.DE,hoch_heute,ganz_weg,1936,1804,2.9,347,234,0.3
RHM.DE,hoch_heute,halb_weg,1936,1804,-0.1,347,234,1.4
RHM.DE,rsi_hoch,ganz_weg,1220,2378,-6.1,333,248,-5.3
RHM.DE,rsi_hoch,halb_weg,1220,2378,-8.0,333,248,-10.1
RHM.DE,ema_weit,ganz_weg,1041,2557,-7.7,311,270,-2.3
RHM.DE,ema_weit,halb_weg,1041,2557,-3.0,311,270,-9.5
RHM.DE,schnell,ganz_weg,1082,2658,3.2,209,372,-1.7
RHM.DE,schnell,halb_weg,1082,2658,1.3,209,372,4.0
RHM.DE,boden2,ganz_weg,1028,2712,0.5,256,325,-6.3
RHM.DE,boden2,halb_weg,1028,2712,0.6,256,325,-2.6
RIO,rot,ganz_weg,2777,3583,1.2,663,648,1.0
RIO,rot,halb_weg,2777,3583,3.6,663,648,-2.6
RIO,rot_vol,ganz_weg,1223,5137,7.3,286,1025,11.2
RIO,rot_vol,halb_weg,1223,5137,9.3,286,1025,4.2
RIO,alarm187,ganz_weg,2101,4259,0.4,477,834,-0.1
RIO,alarm187,halb_weg,2101,4259,3.9,477,834,-4.6
RIO,hoch_heute,ganz_weg,3503,2857,1.1,688,623,-2.1
RIO,hoch_heute,halb_weg,3503,2857,-0.3,688,623,-7.7
RIO,rsi_hoch,ganz_weg,2318,3973,-4.4,349,962,-6.8
RIO,rsi_hoch,halb_weg,2318,3973,-0.9,349,962,-14.8
RIO,ema_weit,ganz_weg,1934,4357,-7.9,355,956,-6.5
RIO,ema_weit,halb_weg,1934,4357,-8.2,355,956,-18.8
RIO,schnell,ganz_weg,1644,4716,1.2,326,985,-3.9
RIO,schnell,halb_weg,1644,4716,0.3,326,985,6.6
RIO,boden2,ganz_weg,1401,4959,4.9,396,915,-1.4
RIO,boden2,halb_weg,1401,4959,0.6,396,915,0.2
ROP,rot,ganz_weg,1622,2319,-1.4,386,453,-1.7
ROP,rot,halb_weg,1622,2319,-0.1,386,453,0.9
ROP,rot_vol,ganz_weg,661,3280,1.1,120,719,6.8
ROP,rot_vol,halb_weg,661,3280,-0.3,120,719,-0.5
ROP,alarm187,ganz_weg,1219,2722,-1.0,252,587,-7.6
ROP,alarm187,halb_weg,1219,2722,-2.7,252,587,-0.9
ROP,hoch_heute,ganz_weg,2247,1694,-0.8,437,402,-0.2
ROP,hoch_heute,halb_weg,2247,1694,-1.9,437,402,-10.7
ROP,rsi_hoch,ganz_weg,1525,2408,-3.4,193,646,-10.4
ROP,rsi_hoch,halb_weg,1525,2408,-4.3,193,646,-25.8
ROP,ema_weit,ganz_weg,1367,2566,-4.2,115,724,-3.7
ROP,ema_weit,halb_weg,1367,2566,-5.5,115,724,-17.7
ROP,schnell,ganz_weg,1004,2937,6.7,234,605,7.4
ROP,schnell,halb_weg,1004,2937,2.4,234,605,6.0
ROP,boden2,ganz_weg,1283,2658,-2.3,325,514,-3.6
ROP,boden2,halb_weg,1283,2658,-3.5,325,514,-1.6
ROST,rot,ganz_weg,1694,2234,-4.3,444,566,1.2
ROST,rot,halb_weg,1694,2234,-1.9,444,566,2.9
ROST,rot_vol,ganz_weg,719,3209,-1.4,154,856,0.3
ROST,rot_vol,halb_weg,719,3209,-5.0,154,856,6.5
ROST,alarm187,ganz_weg,1288,2640,-5.8,308,702,3.5
ROST,alarm187,halb_weg,1288,2640,-3.4,308,702,5.3
ROST,hoch_heute,ganz_weg,2170,1758,-0.6,533,477,2.4
ROST,hoch_heute,halb_weg,2170,1758,-2.0,533,477,5.9
ROST,rsi_hoch,ganz_weg,1490,2438,-3.2,510,500,7.7
ROST,rsi_hoch,halb_weg,1490,2438,0.2,510,500,8.6
ROST,ema_weit,ganz_weg,1342,2586,-4.3,373,637,1.2
ROST,ema_weit,halb_weg,1342,2586,-3.7,373,637,5.8
ROST,schnell,ganz_weg,1139,2789,-0.9,330,680,5.9
ROST,schnell,halb_weg,1139,2789,0.6,330,680,4.6
ROST,boden2,ganz_weg,1682,2246,-4.6,281,729,17.0
ROST,boden2,halb_weg,1682,2246,-4.2,281,729,9.4
RTX,rot,ganz_weg,1992,2406,-1.5,386,442,5.9
RTX,rot,halb_weg,1992,2406,-0.7,386,442,5.4
RTX,rot_vol,ganz_weg,799,3599,2.7,215,613,-9.7
RTX,rot_vol,halb_weg,799,3599,-1.0,215,613,-6.6
RTX,alarm187,ganz_weg,1562,2836,-0.0,298,530,4.8
RTX,alarm187,halb_weg,1562,2836,-0.3,298,530,4.7
RTX,hoch_heute,ganz_weg,2453,1945,-1.7,493,335,-0.3
RTX,hoch_heute,halb_weg,2453,1945,-4.0,493,335,1.7
RTX,rsi_hoch,ganz_weg,1481,2902,-1.2,284,544,-3.2
RTX,rsi_hoch,halb_weg,1481,2902,-2.7,284,544,-1.3
RTX,ema_weit,ganz_weg,1336,3047,0.3,269,559,-2.8
RTX,ema_weit,halb_weg,1336,3047,-2.7,269,559,-5.8
RTX,schnell,ganz_weg,1146,3252,-1.2,321,507,-3.7
RTX,schnell,halb_weg,1146,3252,0.3,321,507,-8.6
RTX,boden2,ganz_weg,1408,2990,-3.2,374,454,-4.2
RTX,boden2,halb_weg,1408,2990,-1.0,374,454,-10.6
RWE.DE,rot,ganz_weg,1762,2053,4.5,420,508,12.0
RWE.DE,rot,halb_weg,1762,2053,6.2,420,508,7.2
RWE.DE,rot_vol,ganz_weg,626,3127,8.3,218,710,21.5
RWE.DE,rot_vol,halb_weg,626,3127,11.5,218,710,4.7
RWE.DE,alarm187,ganz_weg,1322,2493,3.6,288,640,10.2
RWE.DE,alarm187,halb_weg,1322,2493,5.4,288,640,7.4
RWE.DE,hoch_heute,ganz_weg,2106,1709,-2.8,531,397,-3.5
RWE.DE,hoch_heute,halb_weg,2106,1709,-4.9,531,397,0.1
RWE.DE,rsi_hoch,ganz_weg,1456,2314,-4.7,409,519,4.8
RWE.DE,rsi_hoch,halb_weg,1456,2314,-9.8,409,519,2.9
RWE.DE,ema_weit,ganz_weg,1424,2346,-4.2,332,596,12.1
RWE.DE,ema_weit,halb_weg,1424,2346,-7.8,332,596,10.5
RWE.DE,schnell,ganz_weg,1367,2448,-0.2,305,623,-1.6
RWE.DE,schnell,halb_weg,1367,2448,1.2,305,623,-4.9
RWE.DE,boden2,ganz_weg,840,2975,1.8,179,749,9.9
RWE.DE,boden2,halb_weg,840,2975,3.2,179,749,11.5
RY,rot,ganz_weg,1837,2598,-0.7,465,861,0.1
RY,rot,halb_weg,1837,2598,-0.2,465,861,-3.1
RY,rot_vol,ganz_weg,757,3678,0.6,128,1198,5.2
RY,rot_vol,halb_weg,757,3678,2.8,128,1198,6.5
RY,alarm187,ganz_weg,1360,3075,-2.8,384,942,-1.1
RY,alarm187,halb_weg,1360,3075,-3.0,384,942,-6.0
RY,hoch_heute,ganz_weg,2506,1929,2.1,868,458,-6.4
RY,hoch_heute,halb_weg,2506,1929,2.4,868,458,-5.2
RY,rsi_hoch,ganz_weg,1957,2263,-6.8,742,584,-1.6
RY,rsi_hoch,halb_weg,1957,2263,-6.3,742,584,-7.7
RY,ema_weit,ganz_weg,1423,2797,-4.1,706,620,-8.6
RY,ema_weit,halb_weg,1423,2797,-5.0,706,620,-13.6
RY,schnell,ganz_weg,1179,3256,-2.5,400,926,-2.9
RY,schnell,halb_weg,1179,3256,3.9,400,926,-3.6
RY,boden2,ganz_weg,1188,3247,-0.1,399,927,-1.4
RY,boden2,halb_weg,1188,3247,1.1,399,927,-4.1
SAN,rot,ganz_weg,2207,3474,-2.1,470,677,-1.9
SAN,rot,halb_weg,2207,3474,-4.5,470,677,2.0
SAN,rot_vol,ganz_weg,907,4774,-1.6,207,940,-1.9
SAN,rot_vol,halb_weg,907,4774,-6.1,207,940,2.9
SAN,alarm187,ganz_weg,1605,4076,-0.5,406,741,-2.2
SAN,alarm187,halb_weg,1605,4076,-2.3,406,741,-0.7
SAN,hoch_heute,ganz_weg,3058,2623,-3.0,661,486,0.4
SAN,hoch_heute,halb_weg,3058,2623,-4.2,661,486,-3.7
SAN,rsi_hoch,ganz_weg,2378,3291,-4.6,621,526,-6.0
SAN,rsi_hoch,halb_weg,2378,3291,-7.5,621,526,-1.2
SAN,ema_weit,ganz_weg,1835,3834,-3.8,666,481,-1.7
SAN,ema_weit,halb_weg,1835,3834,-10.1,666,481,-0.4
SAN,schnell,ganz_weg,1809,3872,-5.1,425,722,-3.7
SAN,schnell,halb_weg,1809,3872,-3.4,425,722,-0.5
SAN,boden2,ganz_weg,1161,4520,2.0,225,922,-0.5
SAN,boden2,halb_weg,1161,4520,2.3,225,922,3.2
SAP.DE,rot,ganz_weg,2323,3751,-0.0,377,563,-16.3
SAP.DE,rot,halb_weg,2323,3751,2.1,377,563,-7.8
SAP.DE,rot_vol,ganz_weg,815,4881,-2.3,141,799,-5.4
SAP.DE,rot_vol,halb_weg,815,4881,0.6,141,799,0.5
SAP.DE,alarm187,ganz_weg,1798,4276,-3.4,243,697,-9.7
SAP.DE,alarm187,halb_weg,1798,4276,0.3,243,697,-10.5
SAP.DE,hoch_heute,ganz_weg,3396,2678,-1.9,505,435,2.0
SAP.DE,hoch_heute,halb_weg,3396,2678,-3.7,505,435,-1.7
SAP.DE,rsi_hoch,ganz_weg,2578,3439,-4.1,349,591,-9.1
SAP.DE,rsi_hoch,halb_weg,2578,3439,-3.3,349,591,-8.7
SAP.DE,ema_weit,ganz_weg,2657,3360,-5.3,375,565,-8.3
SAP.DE,ema_weit,halb_weg,2657,3360,-4.1,375,565,-10.4
SAP.DE,schnell,ganz_weg,1798,4276,-0.8,376,564,-1.2
SAP.DE,schnell,halb_weg,1798,4276,-0.4,376,564,-4.2
SAP.DE,boden2,ganz_weg,1159,4915,1.3,129,811,11.2
SAP.DE,boden2,halb_weg,1159,4915,4.1,129,811,12.2
SBUX,rot,ganz_weg,1526,1962,4.7,408,519,-5.8
SBUX,rot,halb_weg,1526,1962,4.8,408,519,-7.6
SBUX,rot_vol,ganz_weg,602,2886,1.9,150,777,12.1
SBUX,rot_vol,halb_weg,602,2886,8.3,150,777,11.5
SBUX,alarm187,ganz_weg,1177,2311,-3.9,288,639,-2.9
SBUX,alarm187,halb_weg,1177,2311,-0.1,288,639,-6.3
SBUX,hoch_heute,ganz_weg,1893,1595,1.1,494,433,0.9
SBUX,hoch_heute,halb_weg,1893,1595,1.2,494,433,3.5
SBUX,rsi_hoch,ganz_weg,1815,1656,0.1,420,507,-3.8
SBUX,rsi_hoch,halb_weg,1815,1656,-2.9,420,507,-14.9
SBUX,ema_weit,ganz_weg,1605,1866,0.7,391,536,-2.1
SBUX,ema_weit,halb_weg,1605,1866,-1.1,391,536,-11.7
SBUX,schnell,ganz_weg,869,2619,5.9,407,520,-0.6
SBUX,schnell,halb_weg,869,2619,5.7,407,520,-1.0
SBUX,boden2,ganz_weg,901,2587,-3.3,320,607,0.1
SBUX,boden2,halb_weg,901,2587,1.9,320,607,4.7
SCCO,rot,ganz_weg,1838,2778,-1.3,561,769,2.4
SCCO,rot,halb_weg,1838,2778,1.7,561,769,4.4
SCCO,rot_vol,ganz_weg,809,3807,6.2,254,1076,-4.8
SCCO,rot_vol,halb_weg,809,3807,6.9,254,1076,-6.8
SCCO,alarm187,ganz_weg,1304,3312,-2.2,409,921,-6.8
SCCO,alarm187,halb_weg,1304,3312,-2.1,409,921,-3.7
SCCO,hoch_heute,ganz_weg,2551,2065,-4.1,776,554,-1.1
SCCO,hoch_heute,halb_weg,2551,2065,-5.9,776,554,-1.5
SCCO,rsi_hoch,ganz_weg,1597,2979,-4.1,605,725,-2.8
SCCO,rsi_hoch,halb_weg,1597,2979,-6.7,605,725,-10.6
SCCO,ema_weit,ganz_weg,1490,3086,-7.2,617,713,-4.7
SCCO,ema_weit,halb_weg,1490,3086,-12.7,617,713,-9.1
SCCO,schnell,ganz_weg,1369,3247,-1.6,604,726,-3.3
SCCO,schnell,halb_weg,1369,3247,-0.6,604,726,-9.5
SCCO,boden2,ganz_weg,1199,3417,1.1,244,1086,-0.1
SCCO,boden2,halb_weg,1199,3417,2.3,244,1086,6.0
SCHW,rot,ganz_weg,1945,2414,2.5,612,765,-9.0
SCHW,rot,halb_weg,1945,2414,2.7,612,765,-0.1
SCHW,rot_vol,ganz_weg,884,3475,0.8,302,1075,-2.5
SCHW,rot_vol,halb_weg,884,3475,1.5,302,1075,5.3
SCHW,alarm187,ganz_weg,1394,2965,-2.8,484,893,-9.4
SCHW,alarm187,halb_weg,1394,2965,-0.9,484,893,-7.3
SCHW,hoch_heute,ganz_weg,2315,2044,-2.6,834,543,0.8
SCHW,hoch_heute,halb_weg,2315,2044,-2.9,834,543,-4.7
SCHW,rsi_hoch,ganz_weg,1845,2508,-1.9,798,579,-9.3
SCHW,rsi_hoch,halb_weg,1845,2508,-1.1,798,579,-7.6
SCHW,ema_weit,ganz_weg,1784,2569,1.2,707,670,-7.9
SCHW,ema_weit,halb_weg,1784,2569,0.8,707,670,-5.0
SCHW,schnell,ganz_weg,1315,3044,5.1,467,910,9.7
SCHW,schnell,halb_weg,1315,3044,-2.3,467,910,13.2
SCHW,boden2,ganz_weg,1066,3293,7.2,418,959,6.1
SCHW,boden2,halb_weg,1066,3293,4.5,418,959,5.3
SHEL,rot,ganz_weg,2759,3388,-0.4,496,449,2.8
SHEL,rot,halb_weg,2759,3388,0.6,496,449,9.2
SHEL,rot_vol,ganz_weg,1298,4849,-2.0,261,684,3.9
SHEL,rot_vol,halb_weg,1298,4849,0.8,261,684,4.0
SHEL,alarm187,ganz_weg,2054,4093,-1.1,299,646,-9.7
SHEL,alarm187,halb_weg,2054,4093,-0.2,299,646,1.7
SHEL,hoch_heute,ganz_weg,3357,2790,0.6,494,451,2.6
SHEL,hoch_heute,halb_weg,3357,2790,-2.5,494,451,-0.7
SHEL,rsi_hoch,ganz_weg,2392,3730,-1.3,200,745,-2.9
SHEL,rsi_hoch,halb_weg,2392,3730,0.2,200,745,-9.1
SHEL,ema_weit,ganz_weg,2030,4092,-2.8,174,771,-1.4
SHEL,ema_weit,halb_weg,2030,4092,-3.0,174,771,-12.7
SHEL,schnell,ganz_weg,2077,4070,1.2,302,643,5.4
SHEL,schnell,halb_weg,2077,4070,-0.6,302,643,-0.6
SHEL,boden2,ganz_weg,1340,4807,4.2,193,752,0.2
SHEL,boden2,halb_weg,1340,4807,2.4,193,752,-1.0
SHL.DE,rot,ganz_weg,505,761,-9.4,432,556,10.6
SHL.DE,rot,halb_weg,505,761,-10.2,432,556,6.3
SHL.DE,rot_vol,ganz_weg,244,1022,-6.9,166,822,13.9
SHL.DE,rot_vol,halb_weg,244,1022,-10.5,166,822,18.7
SHL.DE,alarm187,ganz_weg,323,943,-7.6,269,719,12.0
SHL.DE,alarm187,halb_weg,323,943,-9.6,269,719,14.5
SHL.DE,hoch_heute,ganz_weg,657,609,0.4,510,478,-8.9
SHL.DE,hoch_heute,halb_weg,657,609,-5.1,510,478,-13.9
SHL.DE,rsi_hoch,ganz_weg,363,817,-3.4,179,809,11.0
SHL.DE,rsi_hoch,halb_weg,363,817,-13.3,179,809,4.2
SHL.DE,ema_weit,ganz_weg,336,844,-10.2,188,800,18.7
SHL.DE,ema_weit,halb_weg,336,844,-20.4,188,800,14.3
SHL.DE,schnell,ganz_weg,290,976,-3.3,213,775,-4.8
SHL.DE,schnell,halb_weg,290,976,-6.2,213,775,2.3
SHL.DE,boden2,ganz_weg,230,1036,-8.6,287,701,-5.2
SHL.DE,boden2,halb_weg,230,1036,7.8,287,701,-3.0
SHOP,rot,ganz_weg,767,930,-0.9,381,542,8.9
SHOP,rot,halb_weg,767,930,4.5,381,542,15.3
SHOP,rot_vol,ganz_weg,323,1374,-2.7,134,789,0.7
SHOP,rot_vol,halb_weg,323,1374,2.2,134,789,8.9
SHOP,alarm187,ganz_weg,619,1078,-7.3,296,627,0.1
SHOP,alarm187,halb_weg,619,1078,-3.3,296,627,6.9
SHOP,hoch_heute,ganz_weg,932,765,3.9,508,415,-2.7
SHOP,hoch_heute,halb_weg,932,765,3.0,508,415,0.8
SHOP,rsi_hoch,ganz_weg,543,1112,-7.4,213,710,-8.5
SHOP,rsi_hoch,halb_weg,543,1112,-8.0,213,710,-10.4
SHOP,ema_weit,ganz_weg,571,1084,-7.5,194,729,-11.6
SHOP,ema_weit,halb_weg,571,1084,-9.9,194,729,-9.7
SHOP,schnell,ganz_weg,226,1471,13.7,270,653,3.2
SHOP,schnell,halb_weg,226,1471,15.9,270,653,3.4
SHOP,boden2,ganz_weg,553,1144,0.7,271,652,-2.5
SHOP,boden2,halb_weg,553,1144,-4.8,271,652,-1.4
SHW,rot,ganz_weg,1574,2150,-0.0,535,742,-0.7
SHW,rot,halb_weg,1574,2150,-0.5,535,742,-3.2
SHW,rot_vol,ganz_weg,605,3119,5.3,180,1097,-5.1
SHW,rot_vol,halb_weg,605,3119,-1.1,180,1097,3.2
SHW,alarm187,ganz_weg,1161,2563,-2.4,415,862,0.7
SHW,alarm187,halb_weg,1161,2563,-4.5,415,862,-2.9
SHW,hoch_heute,ganz_weg,2004,1720,2.7,777,500,-1.7
SHW,hoch_heute,halb_weg,2004,1720,0.9,777,500,-1.5
SHW,rsi_hoch,ganz_weg,1886,1838,-1.7,705,572,-9.6
SHW,rsi_hoch,halb_weg,1886,1838,-3.3,705,572,-10.7
SHW,ema_weit,ganz_weg,1627,2097,-1.2,542,735,-6.4
SHW,ema_weit,halb_weg,1627,2097,-1.6,542,735,-7.7
SHW,schnell,ganz_weg,982,2742,2.5,420,857,6.3
SHW,schnell,halb_weg,982,2742,4.5,420,857,6.3
SHW,boden2,ganz_weg,1661,2063,-1.3,548,729,0.0
SHW,boden2,halb_weg,1661,2063,0.4,548,729,2.4
SIE.DE,rot,ganz_weg,1836,2500,3.3,367,538,-9.0
SIE.DE,rot,halb_weg,1836,2500,5.8,367,538,-2.4
SIE.DE,rot_vol,ganz_weg,710,3458,8.0,94,811,0.1
SIE.DE,rot_vol,halb_weg,710,3458,-2.4,94,811,0.7
SIE.DE,alarm187,ganz_weg,1371,2965,-0.6,291,614,-5.1
SIE.DE,alarm187,halb_weg,1371,2965,2.7,291,614,-6.9
SIE.DE,hoch_heute,ganz_weg,2393,1943,-1.2,523,382,1.3
SIE.DE,hoch_heute,halb_weg,2393,1943,-1.5,523,382,0.7
SIE.DE,rsi_hoch,ganz_weg,1455,2831,-5.9,300,605,-3.8
SIE.DE,rsi_hoch,halb_weg,1455,2831,-8.3,300,605,-8.7
SIE.DE,ema_weit,ganz_weg,1185,3101,-5.3,257,648,-3.6
SIE.DE,ema_weit,halb_weg,1185,3101,-9.0,257,648,-8.8
SIE.DE,schnell,ganz_weg,1138,3198,-0.3,161,744,-6.2
SIE.DE,schnell,halb_weg,1138,3198,-3.0,161,744,4.5
SIE.DE,boden2,ganz_weg,931,3405,-0.6,206,699,-2.6
SIE.DE,boden2,halb_weg,931,3405,1.9,206,699,-2.2
SMFG,rot,ganz_weg,1317,2481,-3.7,485,631,-4.6
SMFG,rot,halb_weg,1317,2481,0.2,485,631,-2.1
SMFG,rot_vol,ganz_weg,464,3318,4.3,224,892,2.4
SMFG,rot_vol,halb_weg,464,3318,1.4,224,892,-1.2
SMFG,alarm187,ganz_weg,1048,2750,-4.9,425,691,-6.2
SMFG,alarm187,halb_weg,1048,2750,-0.8,425,691,-8.3
SMFG,hoch_heute,ganz_weg,1951,1847,4.8,586,530,2.6
SMFG,hoch_heute,halb_weg,1951,1847,1.8,586,530,1.5
SMFG,rsi_hoch,ganz_weg,1662,2133,-0.2,464,652,-2.3
SMFG,rsi_hoch,halb_weg,1662,2133,-1.0,464,652,-9.0
SMFG,ema_weit,ganz_weg,1635,2160,-3.5,583,533,-3.8
SMFG,ema_weit,halb_weg,1635,2160,-3.3,583,533,-13.2
SMFG,schnell,ganz_weg,1445,2353,-1.8,489,627,-1.2
SMFG,schnell,halb_weg,1445,2353,-2.6,489,627,6.5
SMFG,boden2,ganz_weg,996,2802,-0.0,248,868,-3.3
SMFG,boden2,halb_weg,996,2802,-0.9,248,868,-5.4
SNDK,rot,ganz_weg,0,0,,89,127,0.0
SNDK,rot,halb_weg,0,0,,89,127,8.9
SNDK,rot_vol,ganz_weg,0,0,,39,177,0.0
SNDK,rot_vol,halb_weg,0,0,,39,177,-29.3
SNDK,alarm187,ganz_weg,0,0,,89,127,0.0
SNDK,alarm187,halb_weg,0,0,,89,127,8.9
SNDK,hoch_heute,ganz_weg,0,0,,156,60,0.0
SNDK,hoch_heute,halb_weg,0,0,,156,60,0.7
SNDK,rsi_hoch,ganz_weg,0,0,,89,58,0.0
SNDK,rsi_hoch,halb_weg,0,0,,89,58,0.0
SNDK,ema_weit,ganz_weg,0,0,,111,36,0.0
SNDK,ema_weit,halb_weg,0,0,,111,36,0.0
SNDK,schnell,ganz_weg,0,0,,90,126,0.0
SNDK,schnell,halb_weg,0,0,,90,126,-7.5
SNDK,boden2,ganz_weg,0,0,,0,216,
SNDK,boden2,halb_weg,0,0,,0,216,
SNOW,rot,ganz_weg,250,323,2.8,523,652,-1.8
SNOW,rot,halb_weg,250,323,3.2,523,652,-4.0
SNOW,rot_vol,ganz_weg,92,481,20.5,219,956,-0.6
SNOW,rot_vol,halb_weg,92,481,12.9,219,956,-1.2
SNOW,alarm187,ganz_weg,181,392,1.3,401,774,-5.8
SNOW,alarm187,halb_weg,181,392,6.6,401,774,-7.2
SNOW,hoch_heute,ganz_weg,286,287,1.4,628,547,2.5
SNOW,hoch_heute,halb_weg,286,287,0.4,628,547,3.2
SNOW,rsi_hoch,ganz_weg,298,225,-1.0,787,388,-8.3
SNOW,rsi_hoch,halb_weg,298,225,-1.1,787,388,-14.2
SNOW,ema_weit,ganz_weg,139,384,15.6,679,496,-6.9
SNOW,ema_weit,halb_weg,139,384,10.0,679,496,-8.6
SNOW,schnell,ganz_weg,219,354,1.8,401,774,-2.7
SNOW,schnell,halb_weg,219,354,-9.9,401,774,-2.9
SNOW,boden2,ganz_weg,119,454,-2.6,509,666,-4.5
SNOW,boden2,halb_weg,119,454,-1.7,509,666,-6.4
SNPS,rot,ganz_weg,1747,2682,0.5,521,751,0.3
SNPS,rot,halb_weg,1747,2682,4.0,521,751,0.7
SNPS,rot_vol,ganz_weg,703,3726,-0.2,235,1037,4.4
SNPS,rot_vol,halb_weg,703,3726,4.7,235,1037,-4.1
SNPS,alarm187,ganz_weg,1303,3126,-1.8,391,881,4.5
SNPS,alarm187,halb_weg,1303,3126,1.1,391,881,7.3
SNPS,hoch_heute,ganz_weg,2540,1889,-1.3,716,556,-3.9
SNPS,hoch_heute,halb_weg,2540,1889,0.0,716,556,-13.9
SNPS,rsi_hoch,ganz_weg,2073,2332,-6.5,592,680,4.3
SNPS,rsi_hoch,halb_weg,2073,2332,-7.5,592,680,13.4
SNPS,ema_weit,ganz_weg,1938,2467,-4.3,481,791,7.6
SNPS,ema_weit,halb_weg,1938,2467,-7.3,481,791,14.8
SNPS,schnell,ganz_weg,1211,3218,0.7,499,773,-1.3
SNPS,schnell,halb_weg,1211,3218,0.6,499,773,0.1
SNPS,boden2,ganz_weg,1360,3069,0.9,338,934,0.6
SNPS,boden2,halb_weg,1360,3069,1.4,338,934,1.3
SNY,rot,ganz_weg,2919,3853,3.0,789,701,-3.4
SNY,rot,halb_weg,2919,3853,1.4,789,701,-5.0
SNY,rot_vol,ganz_weg,1087,5685,0.6,313,1177,-2.4
SNY,rot_vol,halb_weg,1087,5685,-0.1,313,1177,-3.2
SNY,alarm187,ganz_weg,2105,4667,2.8,546,944,-3.5
SNY,alarm187,halb_weg,2105,4667,2.4,546,944,-6.8
SNY,hoch_heute,ganz_weg,3484,3288,-0.9,768,722,0.1
SNY,hoch_heute,halb_weg,3484,3288,2.0,768,722,1.4
SNY,rsi_hoch,ganz_weg,2421,4241,-3.9,455,1035,-6.2
SNY,rsi_hoch,halb_weg,2421,4241,-8.6,455,1035,-10.4
SNY,ema_weit,ganz_weg,1889,4773,-4.2,430,1060,-13.1
SNY,ema_weit,halb_weg,1889,4773,-6.2,430,1060,-14.5
SNY,schnell,ganz_weg,1478,5294,5.0,333,1157,-9.5
SNY,schnell,halb_weg,1478,5294,3.5,333,1157,0.9
SNY,boden2,ganz_weg,1629,5143,-3.3,450,1040,0.2
SNY,boden2,halb_weg,1629,5143,-2.7,450,1040,1.1
SO,rot,ganz_weg,1437,2142,3.3,414,548,-9.9
SO,rot,halb_weg,1437,2142,0.7,414,548,1.5
SO,rot_vol,ganz_weg,653,2926,6.2,176,786,-2.3
SO,rot_vol,halb_weg,653,2926,6.7,176,786,-0.3
SO,alarm187,ganz_weg,1056,2523,-1.7,284,678,-13.5
SO,alarm187,halb_weg,1056,2523,0.6,284,678,-3.9
SO,hoch_heute,ganz_weg,1906,1673,1.4,537,425,2.9
SO,hoch_heute,halb_weg,1906,1673,1.3,537,425,10.5
SO,rsi_hoch,ganz_weg,1476,2103,-2.6,320,642,-10.9
SO,rsi_hoch,halb_weg,1476,2103,-6.2,320,642,-14.0
SO,ema_weit,ganz_weg,1101,2478,-3.9,295,667,-10.2
SO,ema_weit,halb_weg,1101,2478,-4.7,295,667,-9.8
SO,schnell,ganz_weg,577,3002,-2.6,205,757,15.1
SO,schnell,halb_weg,577,3002,0.8,205,757,-1.5
SO,boden2,ganz_weg,1293,2286,1.6,380,582,3.5
SO,boden2,halb_weg,1293,2286,-1.2,380,582,11.9
SONY,rot,ganz_weg,2141,3047,-0.2,513,732,2.9
SONY,rot,halb_weg,2141,3047,-1.1,513,732,9.0
SONY,rot_vol,ganz_weg,1035,4153,-0.1,301,944,-5.8
SONY,rot_vol,halb_weg,1035,4153,-1.9,301,944,2.0
SONY,alarm187,ganz_weg,1709,3479,1.6,399,846,-0.2
SONY,alarm187,halb_weg,1709,3479,0.3,399,846,7.6
SONY,hoch_heute,ganz_weg,2751,2437,-0.9,649,596,-0.6
SONY,hoch_heute,halb_weg,2751,2437,1.5,649,596,-0.2
SONY,rsi_hoch,ganz_weg,1487,3431,-1.1,386,859,-10.4
SONY,rsi_hoch,halb_weg,1487,3431,-5.4,386,859,-1.5
SONY,ema_weit,ganz_weg,1490,3428,-5.6,323,922,-8.1
SONY,ema_weit,halb_weg,1490,3428,-13.9,323,922,5.5
SONY,schnell,ganz_weg,2225,2963,-5.5,594,651,-8.9
SONY,schnell,halb_weg,2225,2963,-7.3,594,651,5.7
SONY,boden2,ganz_weg,1182,4006,4.6,255,990,12.0
SONY,boden2,halb_weg,1182,4006,6.8,255,990,6.8
SPG,rot,ganz_weg,1718,2203,-4.6,531,699,3.0
SPG,rot,halb_weg,1718,2203,-0.1,531,699,1.6
SPG,rot_vol,ganz_weg,672,3249,1.2,208,1022,7.7
SPG,rot_vol,halb_weg,672,3249,3.4,208,1022,4.9
SPG,alarm187,ganz_weg,1060,2861,-7.5,391,839,-1.5
SPG,alarm187,halb_weg,1060,2861,-9.7,391,839,-2.2
SPG,hoch_heute,ganz_weg,2139,1782,0.9,676,554,-0.1
SPG,hoch_heute,halb_weg,2139,1782,4.4,676,554,7.0
SPG,rsi_hoch,ganz_weg,1571,2325,-3.9,653,577,-4.2
SPG,rsi_hoch,halb_weg,1571,2325,-11.2,653,577,-13.0
SPG,ema_weit,ganz_weg,1358,2538,-6.9,544,686,-0.4
SPG,ema_weit,halb_weg,1358,2538,-10.5,544,686,-11.8
SPG,schnell,ganz_weg,1115,2806,3.0,380,850,-5.3
SPG,schnell,halb_weg,1115,2806,4.7,380,850,-6.7
SPG,boden2,ganz_weg,969,2952,1.2,374,856,1.0
SPG,boden2,halb_weg,969,2952,2.5,374,856,-2.8
SPGI,rot,ganz_weg,1819,2762,-0.9,328,529,-6.6
SPGI,rot,halb_weg,1819,2762,-2.8,328,529,-1.7
SPGI,rot_vol,ganz_weg,708,3873,10.4,116,741,-13.7
SPGI,rot_vol,halb_weg,708,3873,8.8,116,741,-0.3
SPGI,alarm187,ganz_weg,1359,3222,-5.1,237,620,-4.0
SPGI,alarm187,halb_weg,1359,3222,-4.1,237,620,-7.3
SPGI,hoch_heute,ganz_weg,2566,2015,1.3,495,362,-0.6
SPGI,hoch_heute,halb_weg,2566,2015,1.5,495,362,2.1
SPGI,rsi_hoch,ganz_weg,2022,2541,-5.5,350,507,1.4
SPGI,rsi_hoch,halb_weg,2022,2541,-7.7,350,507,-2.7
SPGI,ema_weit,ganz_weg,1953,2610,-5.2,242,615,-0.6
SPGI,ema_weit,halb_weg,1953,2610,-7.5,242,615,-3.3
SPGI,schnell,ganz_weg,1087,3494,1.0,212,645,-1.0
SPGI,schnell,halb_weg,1087,3494,2.0,212,645,-2.0
SPGI,boden2,ganz_weg,1907,2674,-0.7,290,567,-7.5
SPGI,boden2,halb_weg,1907,2674,-0.4,290,567,-1.6
SPOT,rot,ganz_weg,384,516,4.6,280,361,2.4
SPOT,rot,halb_weg,384,516,4.7,280,361,13.2
SPOT,rot_vol,ganz_weg,174,726,-5.1,99,542,-26.6
SPOT,rot_vol,halb_weg,174,726,-8.3,99,542,0.3
SPOT,alarm187,ganz_weg,296,604,2.6,215,426,-4.5
SPOT,alarm187,halb_weg,296,604,7.5,215,426,12.5
SPOT,hoch_heute,ganz_weg,493,407,-6.7,360,281,-1.6
SPOT,hoch_heute,halb_weg,493,407,-5.1,360,281,-11.2
SPOT,rsi_hoch,ganz_weg,403,487,-7.2,273,368,-6.1
SPOT,rsi_hoch,halb_weg,403,487,-3.5,273,368,5.5
SPOT,ema_weit,ganz_weg,200,690,1.2,242,399,-8.5
SPOT,ema_weit,halb_weg,200,690,5.1,242,399,-7.9
SPOT,schnell,ganz_weg,185,715,-1.8,218,423,5.6
SPOT,schnell,halb_weg,185,715,-4.0,218,423,18.3
SPOT,boden2,ganz_weg,336,564,2.3,156,485,4.6
SPOT,boden2,halb_weg,336,564,-7.5,156,485,2.8
SRT3.DE,rot,ganz_weg,981,1525,4.1,351,490,0.6
SRT3.DE,rot,halb_weg,981,1525,-0.5,351,490,5.6
SRT3.DE,rot_vol,ganz_weg,448,2042,-3.5,141,700,11.5
SRT3.DE,rot_vol,halb_weg,448,2042,-3.5,141,700,12.5
SRT3.DE,alarm187,ganz_weg,781,1725,-1.4,233,608,-5.0
SRT3.DE,alarm187,halb_weg,781,1725,-2.6,233,608,2.5
SRT3.DE,hoch_heute,ganz_weg,1370,1136,-1.4,446,395,-5.6
SRT3.DE,hoch_heute,halb_weg,1370,1136,0.0,446,395,-8.7
SRT3.DE,rsi_hoch,ganz_weg,1134,1372,-2.4,198,643,12.2
SRT3.DE,rsi_hoch,halb_weg,1134,1372,-4.8,198,643,9.8
SRT3.DE,ema_weit,ganz_weg,909,1597,-8.2,110,731,20.8
SRT3.DE,ema_weit,halb_weg,909,1597,-7.0,110,731,20.8
SRT3.DE,schnell,ganz_weg,894,1612,3.0,261,580,-8.2
SRT3.DE,schnell,halb_weg,894,1612,6.0,261,580,2.4
SRT3.DE,boden2,ganz_weg,743,1763,4.6,252,589,-9.7
SRT3.DE,boden2,halb_weg,743,1763,0.3,252,589,-11.2
STX,rot,ganz_weg,1530,2129,-1.1,323,550,-0.1
STX,rot,halb_weg,1530,2129,-0.7,323,550,3.0
STX,rot_vol,ganz_weg,619,3040,2.0,172,701,7.1
STX,rot_vol,halb_weg,619,3040,7.4,172,701,1.9
STX,alarm187,ganz_weg,1074,2585,-2.9,264,609,0.5
STX,alarm187,halb_weg,1074,2585,-1.2,264,609,2.6
STX,hoch_heute,ganz_weg,2003,1656,0.3,596,277,0.2
STX,hoch_heute,halb_weg,2003,1656,-0.5,596,277,0.2
STX,rsi_hoch,ganz_weg,1510,2135,-11.2,672,201,1.2
STX,rsi_hoch,halb_weg,1510,2135,-8.3,672,201,2.4
STX,ema_weit,ganz_weg,1341,2304,-10.0,570,303,2.4
STX,ema_weit,halb_weg,1341,2304,-9.0,570,303,3.1
STX,schnell,ganz_weg,1112,2547,1.0,320,553,0.5
STX,schnell,halb_weg,1112,2547,2.0,320,553,4.6
STX,boden2,ganz_weg,1094,2565,4.7,371,502,1.4
STX,boden2,halb_weg,1094,2565,3.5,371,502,-2.5
SY1.DE,rot,ganz_weg,2013,2363,6.0,480,660,-3.1
SY1.DE,rot,halb_weg,2013,2363,3.8,480,660,1.2
SY1.DE,rot_vol,ganz_weg,817,3469,10.3,171,969,-5.9
SY1.DE,rot_vol,halb_weg,817,3469,2.6,171,969,0.7
SY1.DE,alarm187,ganz_weg,1388,2988,4.7,372,768,-0.3
SY1.DE,alarm187,halb_weg,1388,2988,1.1,372,768,-0.1
SY1.DE,hoch_heute,ganz_weg,2410,1966,1.9,612,528,-8.9
SY1.DE,hoch_heute,halb_weg,2410,1966,-1.8,612,528,-6.4
SY1.DE,rsi_hoch,ganz_weg,1876,2474,-0.4,658,482,-7.2
SY1.DE,rsi_hoch,halb_weg,1876,2474,2.7,658,482,-8.8
SY1.DE,ema_weit,ganz_weg,1789,2561,0.7,535,605,-7.6
SY1.DE,ema_weit,halb_weg,1789,2561,1.7,535,605,-11.9
SY1.DE,schnell,ganz_weg,990,3386,0.6,253,887,4.2
SY1.DE,schnell,halb_weg,990,3386,0.2,253,887,6.0
SY1.DE,boden2,ganz_weg,1449,2927,-0.0,240,900,2.6
SY1.DE,boden2,halb_weg,1449,2927,-0.4,240,900,-0.1
SYK,rot,ganz_weg,1764,2472,-6.4,332,408,-4.6
SYK,rot,halb_weg,1764,2472,-4.1,332,408,2.0
SYK,rot_vol,ganz_weg,835,3401,-3.2,151,589,-9.0
SYK,rot_vol,halb_weg,835,3401,-0.8,151,589,6.9
SYK,alarm187,ganz_weg,1376,2860,-8.6,238,502,-2.8
SYK,alarm187,halb_weg,1376,2860,-5.3,238,502,5.4
SYK,hoch_heute,ganz_weg,2344,1892,0.7,413,327,0.0
SYK,hoch_heute,halb_weg,2344,1892,-3.5,413,327,4.6
SYK,rsi_hoch,ganz_weg,1638,2598,-3.0,254,486,-3.4
SYK,rsi_hoch,halb_weg,1638,2598,-5.5,254,486,0.4
SYK,ema_weit,ganz_weg,1602,2634,-7.0,192,548,-9.3
SYK,ema_weit,halb_weg,1602,2634,-7.2,192,548,-10.3
SYK,schnell,ganz_weg,1134,3102,0.7,138,602,18.9
SYK,schnell,halb_weg,1134,3102,3.2,138,602,20.4
SYK,boden2,ganz_weg,1121,3115,-0.3,309,431,3.0
SYK,boden2,halb_weg,1121,3115,-2.2,309,431,4.8
T,rot,ganz_weg,2090,2510,8.2,181,368,13.6
T,rot,halb_weg,2090,2510,6.1,181,368,7.4
T,rot_vol,ganz_weg,949,3651,-0.0,60,489,-2.8
T,rot_vol,halb_weg,949,3651,-1.5,60,489,-4.4
T,alarm187,ganz_weg,1530,3070,2.7,141,408,16.7
T,alarm187,halb_weg,1530,3070,5.2,141,408,8.9
T,hoch_heute,ganz_weg,2451,2149,0.8,343,206,-10.4
T,hoch_heute,halb_weg,2451,2149,-4.1,343,206,-6.9
T,rsi_hoch,ganz_weg,1664,2908,-4.3,290,259,-20.0
T,rsi_hoch,halb_weg,1664,2908,-6.4,290,259,-18.0
T,ema_weit,ganz_weg,1498,3074,-3.2,291,258,-17.4
T,ema_weit,halb_weg,1498,3074,-6.8,291,258,-11.4
T,schnell,ganz_weg,1655,2945,-1.8,250,299,-9.5
T,schnell,halb_weg,1655,2945,-2.2,250,299,-0.8
T,boden2,ganz_weg,959,3641,2.0,73,476,-4.8
T,boden2,halb_weg,959,3641,-0.6,73,476,0.1
TD,rot,ganz_weg,1615,2334,1.3,460,765,7.7
TD,rot,halb_weg,1615,2334,-0.4,460,765,1.6
TD,rot_vol,ganz_weg,582,3367,6.8,132,1093,-0.5
TD,rot_vol,halb_weg,582,3367,1.1,132,1093,5.3
TD,alarm187,ganz_weg,1247,2702,-0.9,389,836,4.8
TD,alarm187,halb_weg,1247,2702,-2.2,389,836,0.3
TD,hoch_heute,ganz_weg,2253,1696,-1.8,748,477,1.0
TD,hoch_heute,halb_weg,2253,1696,0.6,748,477,2.2
TD,rsi_hoch,ganz_weg,1831,2086,-8.3,470,755,0.3
TD,rsi_hoch,halb_weg,1831,2086,-9.4,470,755,-0.4
TD,ema_weit,ganz_weg,1373,2544,-6.1,402,823,-2.0
TD,ema_weit,halb_weg,1373,2544,-7.2,402,823,-8.6
TD,schnell,ganz_weg,987,2962,-1.7,292,933,-4.5
TD,schnell,halb_weg,987,2962,-1.2,292,933,-4.8
TD,boden2,ganz_weg,1369,2580,-2.3,336,889,3.6
TD,boden2,halb_weg,1369,2580,-3.1,336,889,7.7
TEAM,rot,ganz_weg,554,883,-2.4,373,544,3.1
TEAM,rot,halb_weg,554,883,2.0,373,544,5.7
TEAM,rot_vol,ganz_weg,232,1205,-0.0,166,751,0.0
TEAM,rot_vol,halb_weg,232,1205,8.8,166,751,5.1
TEAM,alarm187,ganz_weg,437,1000,-4.7,290,627,-2.6
TEAM,alarm187,halb_weg,437,1000,-0.1,290,627,1.3
TEAM,hoch_heute,ganz_weg,807,630,0.4,469,448,-3.8
TEAM,hoch_heute,halb_weg,807,630,-4.0,469,448,1.8
TEAM,rsi_hoch,ganz_weg,474,844,1.8,341,576,-2.3
TEAM,rsi_hoch,halb_weg,474,844,-0.3,341,576,0.0
TEAM,ema_weit,ganz_weg,411,907,3.2,299,618,0.6
TEAM,ema_weit,halb_weg,411,907,1.5,299,618,-7.3
TEAM,schnell,ganz_weg,277,1160,8.5,323,594,0.5
TEAM,schnell,halb_weg,277,1160,11.1,323,594,-3.5
TEAM,boden2,ganz_weg,438,999,5.8,410,507,0.3
TEAM,boden2,halb_weg,438,999,4.0,410,507,6.8
TJX,rot,ganz_weg,1559,1991,-1.2,202,260,0.4
TJX,rot,halb_weg,1559,1991,-0.3,202,260,-3.2
TJX,rot_vol,ganz_weg,599,2951,-1.9,114,348,-9.2
TJX,rot_vol,halb_weg,599,2951,0.1,114,348,-14.7
TJX,alarm187,ganz_weg,1197,2353,0.5,132,330,-9.3
TJX,alarm187,halb_weg,1197,2353,0.2,132,330,-17.0
TJX,hoch_heute,ganz_weg,1912,1638,0.5,252,210,3.1
TJX,hoch_heute,halb_weg,1912,1638,0.9,252,210,5.6
TJX,rsi_hoch,ganz_weg,1599,1831,2.3,216,246,7.2
TJX,rsi_hoch,halb_weg,1599,1831,5.4,216,246,-4.2
TJX,ema_weit,ganz_weg,1539,1891,0.2,210,252,2.8
TJX,ema_weit,halb_weg,1539,1891,-0.9,210,252,-3.6
TJX,schnell,ganz_weg,949,2601,-4.6,196,266,-9.2
TJX,schnell,halb_weg,949,2601,-3.1,196,266,-8.9
TJX,boden2,ganz_weg,964,2586,1.4,235,227,-7.0
TJX,boden2,halb_weg,964,2586,1.3,235,227,-11.3
TM,rot,ganz_weg,2176,2814,-3.2,558,767,4.7
TM,rot,halb_weg,2176,2814,0.5,558,767,3.7
TM,rot_vol,ganz_weg,1113,3877,3.2,291,1034,-0.6
TM,rot_vol,halb_weg,1113,3877,0.2,291,1034,2.4
TM,alarm187,ganz_weg,1414,3576,-3.3,374,951,2.0
TM,alarm187,halb_weg,1414,3576,-0.5,374,951,7.6
TM,hoch_heute,ganz_weg,2769,2221,-1.6,710,615,5.3
TM,hoch_heute,halb_weg,2769,2221,-7.2,710,615,3.0
TM,rsi_hoch,ganz_weg,2167,2769,-6.3,530,795,-1.5
TM,rsi_hoch,halb_weg,2167,2769,-10.5,530,795,-6.1
TM,ema_weit,ganz_weg,2232,2704,-8.5,601,724,-10.0
TM,ema_weit,halb_weg,2232,2704,-14.9,601,724,-13.9
TM,schnell,ganz_weg,2044,2946,-1.8,796,529,-10.3
TM,schnell,halb_weg,2044,2946,-0.9,796,529,-3.4
TM,boden2,ganz_weg,1110,3880,2.3,218,1107,2.2
TM,boden2,halb_weg,1110,3880,3.1,218,1107,0.9
TMO,rot,ganz_weg,1792,2101,8.1,427,551,3.2
TMO,rot,halb_weg,1792,2101,8.9,427,551,6.8
TMO,rot_vol,ganz_weg,804,3089,9.0,264,714,15.7
TMO,rot_vol,halb_weg,804,3089,11.1,264,714,6.5
TMO,alarm187,ganz_weg,1419,2474,4.9,317,661,3.0
TMO,alarm187,halb_weg,1419,2474,6.8,317,661,-0.6
TMO,hoch_heute,ganz_weg,2108,1785,2.8,513,465,-3.6
TMO,hoch_heute,halb_weg,2108,1785,5.3,513,465,-1.0
TMO,rsi_hoch,ganz_weg,1508,2385,-1.7,397,581,-0.9
TMO,rsi_hoch,halb_weg,1508,2385,-5.7,397,581,3.2
TMO,ema_weit,ganz_weg,1237,2656,-1.9,156,822,-2.2
TMO,ema_weit,halb_weg,1237,2656,-5.6,156,822,-0.1
TMO,schnell,ganz_weg,750,3143,3.1,185,793,2.4
TMO,schnell,halb_weg,750,3143,-1.5,185,793,5.5
TMO,boden2,ganz_weg,1480,2413,1.6,289,689,2.8
TMO,boden2,halb_weg,1480,2413,1.2,289,689,2.1
TMUS,rot,ganz_weg,1055,1414,2.9,332,378,-0.2
TMUS,rot,halb_weg,1055,1414,5.0,332,378,-0.3
TMUS,rot_vol,ganz_weg,483,1986,1.0,116,594,11.9
TMUS,rot_vol,halb_weg,483,1986,1.7,116,594,12.8
TMUS,alarm187,ganz_weg,827,1642,2.9,249,461,-0.8
TMUS,alarm187,halb_weg,827,1642,1.6,249,461,-3.0
TMUS,hoch_heute,ganz_weg,1353,1116,-6.8,392,318,-1.0
TMUS,hoch_heute,halb_weg,1353,1116,-8.5,392,318,0.8
TMUS,rsi_hoch,ganz_weg,896,1573,3.6,298,412,-1.6
TMUS,rsi_hoch,halb_weg,896,1573,5.2,298,412,-7.6
TMUS,ema_weit,ganz_weg,923,1546,3.2,246,464,-2.8
TMUS,ema_weit,halb_weg,923,1546,2.6,246,464,-9.4
TMUS,schnell,ganz_weg,751,1718,3.4,271,439,-9.7
TMUS,schnell,halb_weg,751,1718,-3.3,271,439,-0.8
TMUS,boden2,ganz_weg,601,1868,-0.2,274,436,5.0
TMUS,boden2,halb_weg,601,1868,1.5,274,436,8.4
TRV,rot,ganz_weg,2211,2880,-2.9,450,618,-3.5
TRV,rot,halb_weg,2211,2880,-1.4,450,618,-6.8
TRV,rot_vol,ganz_weg,924,4167,-5.5,248,820,11.4
TRV,rot_vol,halb_weg,924,4167,-4.8,248,820,0.2
TRV,alarm187,ganz_weg,1486,3605,-4.8,259,809,2.1
TRV,alarm187,halb_weg,1486,3605,-0.6,259,809,-2.7
TRV,hoch_heute,ganz_weg,2854,2237,1.0,615,453,-2.4
TRV,hoch_heute,halb_weg,2854,2237,-3.5,615,453,-14.5
TRV,rsi_hoch,ganz_weg,2243,2830,-3.5,456,612,-3.6
TRV,rsi_hoch,halb_weg,2243,2830,-2.1,456,612,-1.7
TRV,ema_weit,ganz_weg,2363,2710,-5.4,373,695,-3.9
TRV,ema_weit,halb_weg,2363,2710,-3.8,373,695,3.0
TRV,schnell,ganz_weg,1196,3895,1.2,271,797,3.9
TRV,schnell,halb_weg,1196,3895,2.5,271,797,2.2
TRV,boden2,ganz_weg,1808,3283,-2.7,409,659,6.4
TRV,boden2,halb_weg,1808,3283,-5.8,409,659,6.7
TSLA,rot,ganz_weg,1393,1681,-3.2,481,616,1.4
TSLA,rot,halb_weg,1393,1681,-3.7,481,616,8.0
TSLA,rot_vol,ganz_weg,706,2368,-0.8,256,841,-4.0
TSLA,rot_vol,halb_weg,706,2368,-2.8,256,841,1.2
TSLA,alarm187,ganz_weg,1163,1911,-5.0,388,709,-0.3
TSLA,alarm187,halb_weg,1163,1911,-4.8,388,709,9.0
TSLA,hoch_heute,ganz_weg,1653,1421,2.2,632,465,0.7
TSLA,hoch_heute,halb_weg,1653,1421,4.4,632,465,0.1
TSLA,rsi_hoch,ganz_weg,1309,1658,-2.5,563,534,-2.9
TSLA,rsi_hoch,halb_weg,1309,1658,1.9,563,534,-4.4
TSLA,ema_weit,ganz_weg,1125,1842,-2.7,451,646,-5.3
TSLA,ema_weit,halb_weg,1125,1842,1.9,451,646,-4.7
TSLA,schnell,ganz_weg,651,2423,0.5,377,720,-7.6
TSLA,schnell,halb_weg,651,2423,-1.3,377,720,-2.8
TSLA,boden2,ganz_weg,927,2147,0.8,216,881,-0.6
TSLA,boden2,halb_weg,927,2147,5.2,216,881,-2.0
TSM,rot,ganz_weg,2046,2570,-2.4,561,629,-3.5
TSM,rot,halb_weg,2046,2570,0.3,561,629,-6.9
TSM,rot_vol,ganz_weg,850,3766,5.9,271,919,2.8
TSM,rot_vol,halb_weg,850,3766,-0.1,271,919,3.5
TSM,alarm187,ganz_weg,1571,3045,-2.8,491,699,-5.0
TSM,alarm187,halb_weg,1571,3045,0.1,491,699,-9.4
TSM,hoch_heute,ganz_weg,2370,2246,-0.4,642,548,2.7
TSM,hoch_heute,halb_weg,2370,2246,-3.9,642,548,4.7
TSM,rsi_hoch,ganz_weg,1705,2864,3.0,609,581,-1.5
TSM,rsi_hoch,halb_weg,1705,2864,2.2,609,581,-4.2
TSM,ema_weit,ganz_weg,1310,3259,4.4,548,642,-1.6
TSM,ema_weit,halb_weg,1310,3259,4.1,548,642,-7.4
TSM,schnell,ganz_weg,1024,3592,2.4,216,974,5.3
TSM,schnell,halb_weg,1024,3592,-0.2,216,974,9.5
TSM,boden2,ganz_weg,1210,3406,-2.4,381,809,1.6
TSM,boden2,halb_weg,1210,3406,-2.1,381,809,-3.7
TTD,rot,ganz_weg,592,902,3.4,272,281,-0.9
TTD,rot,halb_weg,592,902,3.7,272,281,2.1
TTD,rot_vol,ganz_weg,223,1271,-8.8,161,392,-5.5
TTD,rot_vol,halb_weg,223,1271,-3.6,161,392,10.2
TTD,alarm187,ganz_weg,469,1025,-1.9,219,334,-3.8
TTD,alarm187,halb_weg,469,1025,0.1,219,334,0.1
TTD,hoch_heute,ganz_weg,817,677,0.2,305,248,1.1
TTD,hoch_heute,halb_weg,817,677,1.4,305,248,-6.0
TTD,rsi_hoch,ganz_weg,626,832,-3.7,171,382,-1.7
TTD,rsi_hoch,halb_weg,626,832,-7.4,171,382,11.6
TTD,ema_weit,ganz_weg,490,968,-1.0,114,439,0.9
TTD,ema_weit,halb_weg,490,968,-2.2,114,439,15.8
TTD,schnell,ganz_weg,606,888,-1.1,225,328,0.3
TTD,schnell,halb_weg,606,888,0.7,225,328,3.3
TTD,boden2,ganz_weg,567,927,-1.6,163,390,0.7
TTD,boden2,halb_weg,567,927,-2.4,163,390,0.4
TTE,rot,ganz_weg,3129,3939,1.1,437,447,-3.0
TTE,rot,halb_weg,3129,3939,2.1,437,447,-5.7
TTE,rot_vol,ganz_weg,1225,5843,8.7,151,733,-7.6
TTE,rot_vol,halb_weg,1225,5843,6.2,151,733,-1.0
TTE,alarm187,ganz_weg,2295,4773,-0.1,323,561,-4.4
TTE,alarm187,halb_weg,2295,4773,-0.2,323,561,-8.5
TTE,hoch_heute,ganz_weg,3846,3222,-0.4,481,403,-4.1
TTE,hoch_heute,halb_weg,3846,3222,-3.6,481,403,-6.8
TTE,rsi_hoch,ganz_weg,2911,4151,-3.4,376,508,-9.2
TTE,rsi_hoch,halb_weg,2911,4151,-8.7,376,508,-7.7
TTE,ema_weit,ganz_weg,2441,4621,-5.5,359,525,-17.3
TTE,ema_weit,halb_weg,2441,4621,-9.8,359,525,-20.1
TTE,schnell,ganz_weg,1737,5331,-0.7,314,570,8.3
TTE,schnell,halb_weg,1737,5331,-0.0,314,570,-6.0
TTE,boden2,ganz_weg,1711,5357,0.1,115,769,17.8
TTE,boden2,halb_weg,1711,5357,-1.7,115,769,9.9
TTWO,rot,ganz_weg,1581,1887,5.3,437,522,-4.1
TTWO,rot,halb_weg,1581,1887,3.0,437,522,-1.5
TTWO,rot_vol,ganz_weg,601,2867,5.0,149,810,-1.0
TTWO,rot_vol,halb_weg,601,2867,1.0,149,810,-3.6
TTWO,alarm187,ganz_weg,1204,2264,-0.5,339,620,-2.0
TTWO,alarm187,halb_weg,1204,2264,0.4,339,620,-3.5
TTWO,hoch_heute,ganz_weg,1797,1671,0.9,518,441,2.1
TTWO,hoch_heute,halb_weg,1797,1671,0.6,518,441,-7.0
TTWO,rsi_hoch,ganz_weg,1001,2467,-2.8,360,599,-3.4
TTWO,rsi_hoch,halb_weg,1001,2467,-5.7,360,599,-8.1
TTWO,ema_weit,ganz_weg,934,2534,-3.8,236,723,-0.5
TTWO,ema_weit,halb_weg,934,2534,-5.0,236,723,1.6
TTWO,schnell,ganz_weg,1035,2433,2.5,251,708,-2.1
TTWO,schnell,halb_weg,1035,2433,2.1,251,708,5.0
TTWO,boden2,ganz_weg,1057,2411,0.9,316,643,-0.1
TTWO,boden2,halb_weg,1057,2411,-1.3,316,643,-8.3
TXN,rot,ganz_weg,1752,2321,-1.5,729,855,-3.9
TXN,rot,halb_weg,1752,2321,-1.3,729,855,-1.0
TXN,rot_vol,ganz_weg,738,3335,1.0,331,1253,8.0
TXN,rot_vol,halb_weg,738,3335,-0.2,331,1253,4.5
TXN,alarm187,ganz_weg,1265,2808,-1.7,561,1023,-5.8
TXN,alarm187,halb_weg,1265,2808,-5.1,561,1023,-11.8
TXN,hoch_heute,ganz_weg,2230,1843,-1.9,926,658,2.9
TXN,hoch_heute,halb_weg,2230,1843,-1.4,926,658,-2.0
TXN,rsi_hoch,ganz_weg,1919,2062,-2.1,854,730,-3.4
TXN,rsi_hoch,halb_weg,1919,2062,-4.3,854,730,-3.9
TXN,ema_weit,ganz_weg,1712,2269,-2.4,787,797,-10.7
TXN,ema_weit,halb_weg,1712,2269,-4.7,787,797,-11.7
TXN,schnell,ganz_weg,714,3359,6.6,371,1213,5.5
TXN,schnell,halb_weg,714,3359,4.5,371,1213,2.3
TXN,boden2,ganz_weg,913,3160,2.0,689,895,-1.0
TXN,boden2,halb_weg,913,3160,-3.4,689,895,0.1
UBER,rot,ganz_weg,368,427,1.3,471,611,-1.9
UBER,rot,halb_weg,368,427,3.9,471,611,6.1
UBER,rot_vol,ganz_weg,111,684,11.2,228,854,-9.2
UBER,rot_vol,halb_weg,111,684,-5.2,228,854,0.9
UBER,alarm187,ganz_weg,244,551,1.8,297,785,-3.7
UBER,alarm187,halb_weg,244,551,7.3,297,785,7.3
UBER,hoch_heute,ganz_weg,414,381,-1.4,628,454,3.0
UBER,hoch_heute,halb_weg,414,381,-8.6,628,454,4.7
UBER,rsi_hoch,ganz_weg,364,399,-14.8,571,511,-9.9
UBER,rsi_hoch,halb_weg,364,399,-6.1,571,511,-13.3
UBER,ema_weit,ganz_weg,228,535,-11.5,531,551,-4.6
UBER,ema_weit,halb_weg,228,535,-1.0,531,551,-11.4
UBER,schnell,ganz_weg,322,473,5.4,576,506,-7.6
UBER,schnell,halb_weg,322,473,2.8,576,506,-4.7
UBER,boden2,ganz_weg,156,639,-6.5,225,857,5.2
UBER,boden2,halb_weg,156,639,-4.3,225,857,-0.2
UBS,rot,ganz_weg,2329,3145,-2.8,797,1032,2.9
UBS,rot,halb_weg,2329,3145,-1.0,797,1032,0.7
UBS,rot_vol,ganz_weg,1017,4457,-5.8,326,1503,-3.0
UBS,rot_vol,halb_weg,1017,4457,-2.1,326,1503,3.7
UBS,alarm187,ganz_weg,1685,3789,-4.1,680,1149,0.3
UBS,alarm187,halb_weg,1685,3789,-0.3,680,1149,1.0
UBS,hoch_heute,ganz_weg,2957,2517,-0.2,1093,736,-0.3
UBS,hoch_heute,halb_weg,2957,2517,-2.1,1093,736,-3.6
UBS,rsi_hoch,ganz_weg,2761,2713,-0.2,1096,733,-4.6
UBS,rsi_hoch,halb_weg,2761,2713,-2.1,1096,733,-4.0
UBS,ema_weit,ganz_weg,2522,2952,-1.0,1085,744,-2.2
UBS,ema_weit,halb_weg,2522,2952,-0.8,1085,744,-6.3
UBS,schnell,ganz_weg,1912,3562,-2.2,643,1186,3.0
UBS,schnell,halb_weg,1912,3562,-2.4,643,1186,8.0
UBS,boden2,ganz_weg,1206,4268,-0.1,437,1392,-4.3
UBS,boden2,halb_weg,1206,4268,1.5,437,1392,0.1
UL,rot,ganz_weg,2642,2989,2.5,765,1018,-1.1
UL,rot,halb_weg,2642,2989,1.4,765,1018,-3.2
UL,rot_vol,ganz_weg,1097,4534,1.4,336,1447,4.4
UL,rot_vol,halb_weg,1097,4534,-0.0,336,1447,1.3
UL,alarm187,ganz_weg,1796,3835,-3.2,593,1190,1.8
UL,alarm187,halb_weg,1796,3835,-3.1,593,1190,-1.1
UL,hoch_heute,ganz_weg,2899,2732,0.1,1007,776,-1.6
UL,hoch_heute,halb_weg,2899,2732,1.0,1007,776,-3.6
UL,rsi_hoch,ganz_weg,1757,3874,-6.3,870,913,-5.5
UL,rsi_hoch,halb_weg,1757,3874,-8.9,870,913,-13.4
UL,ema_weit,ganz_weg,1367,4264,-8.0,731,1052,-4.5
UL,ema_weit,halb_weg,1367,4264,-12.8,731,1052,-20.2
UL,schnell,ganz_weg,1395,4236,1.8,614,1169,-2.2
UL,schnell,halb_weg,1395,4236,3.1,614,1169,-9.2
UL,boden2,ganz_weg,1296,4335,-3.6,553,1230,-5.1
UL,boden2,halb_weg,1296,4335,-3.1,553,1230,-4.6
UNH,rot,ganz_weg,2053,2657,0.4,523,633,-4.0
UNH,rot,halb_weg,2053,2657,1.1,523,633,-4.6
UNH,rot_vol,ganz_weg,769,3941,-4.8,176,980,-5.5
UNH,rot_vol,halb_weg,769,3941,1.5,176,980,-4.0
UNH,alarm187,ganz_weg,1669,3041,1.0,368,788,-9.0
UNH,alarm187,halb_weg,1669,3041,0.1,368,788,-8.3
UNH,hoch_heute,ganz_weg,2701,2009,-1.2,661,495,-8.9
UNH,hoch_heute,halb_weg,2701,2009,-5.1,661,495,-9.8
UNH,rsi_hoch,ganz_weg,1806,2828,-3.9,433,723,-4.8
UNH,rsi_hoch,halb_weg,1806,2828,-5.3,433,723,-8.0
UNH,ema_weit,ganz_weg,1687,2947,-3.5,342,814,-5.3
UNH,ema_weit,halb_weg,1687,2947,-4.3,342,814,-8.1
UNH,schnell,ganz_weg,1647,3063,-1.3,429,727,-6.8
UNH,schnell,halb_weg,1647,3063,-5.7,429,727,-3.6
UNH,boden2,ganz_weg,933,3777,-3.8,444,712,-5.9
UNH,boden2,halb_weg,933,3777,-1.6,444,712,-1.0
UNP,rot,ganz_weg,1762,2241,-5.3,488,626,-2.3
UNP,rot,halb_weg,1762,2241,-3.1,488,626,-2.7
UNP,rot_vol,ganz_weg,662,3341,0.3,232,882,-2.0
UNP,rot_vol,halb_weg,662,3341,-3.2,232,882,2.5
UNP,alarm187,ganz_weg,1362,2641,-4.2,357,757,-0.5
UNP,alarm187,halb_weg,1362,2641,-6.5,357,757,-1.3
UNP,hoch_heute,ganz_weg,2115,1888,-0.1,632,482,4.4
UNP,hoch_heute,halb_weg,2115,1888,-0.1,632,482,-4.3
UNP,rsi_hoch,ganz_weg,1238,2692,3.5,616,498,-0.6
UNP,rsi_hoch,halb_weg,1238,2692,3.2,616,498,-7.5
UNP,ema_weit,ganz_weg,1026,2904,2.9,448,666,-1.5
UNP,ema_weit,halb_weg,1026,2904,0.7,448,666,2.0
UNP,schnell,ganz_weg,1092,2911,2.2,372,742,7.8
UNP,schnell,halb_weg,1092,2911,1.3,372,742,9.4
UNP,boden2,ganz_weg,1496,2507,-3.4,410,704,3.0
UNP,boden2,halb_weg,1496,2507,-2.3,410,704,-3.3
UPS,rot,ganz_weg,1702,2393,3.3,520,542,-2.5
UPS,rot,halb_weg,1702,2393,1.9,520,542,5.5
UPS,rot_vol,ganz_weg,732,3363,5.7,227,835,26.9
UPS,rot_vol,halb_weg,732,3363,8.7,227,835,18.5
UPS,alarm187,ganz_weg,1163,2932,1.3,314,748,5.4
UPS,alarm187,halb_weg,1163,2932,1.2,314,748,12.0
UPS,hoch_heute,ganz_weg,2237,1858,-2.5,545,517,0.3
UPS,hoch_heute,halb_weg,2237,1858,-2.2,545,517,-0.9
UPS,rsi_hoch,ganz_weg,1816,2267,-5.7,285,777,-3.8
UPS,rsi_hoch,halb_weg,1816,2267,-5.1,285,777,10.1
UPS,ema_weit,ganz_weg,1689,2394,-2.1,159,903,-3.9
UPS,ema_weit,halb_weg,1689,2394,1.8,159,903,9.2
UPS,schnell,ganz_weg,1247,2848,-1.1,220,842,-2.3
UPS,schnell,halb_weg,1247,2848,-4.2,220,842,0.9
UPS,boden2,ganz_weg,946,3149,-1.9,305,757,-2.7
UPS,boden2,halb_weg,946,3149,-1.0,305,757,1.7
USB,rot,ganz_weg,2019,2866,3.1,558,937,1.5
USB,rot,halb_weg,2019,2866,6.6,558,937,7.4
USB,rot_vol,ganz_weg,882,4003,4.7,249,1246,-6.4
USB,rot_vol,halb_weg,882,4003,5.2,249,1246,-15.1
USB,alarm187,ganz_weg,1351,3534,-1.8,446,1049,-1.8
USB,alarm187,halb_weg,1351,3534,2.4,446,1049,9.6
USB,hoch_heute,ganz_weg,2649,2236,-4.4,878,617,-1.0
USB,hoch_heute,halb_weg,2649,2236,-6.5,878,617,-5.7
USB,rsi_hoch,ganz_weg,1669,3209,0.3,830,665,-2.2
USB,rsi_hoch,halb_weg,1669,3209,-6.2,830,665,-5.2
USB,ema_weit,ganz_weg,1818,3060,-2.3,808,687,1.1
USB,ema_weit,halb_weg,1818,3060,-9.0,808,687,-0.1
USB,schnell,ganz_weg,1859,3026,-6.9,538,957,1.3
USB,schnell,halb_weg,1859,3026,-6.1,538,957,2.9
USB,boden2,ganz_weg,940,3945,0.1,613,882,-0.6
USB,boden2,halb_weg,940,3945,-0.8,613,882,-1.3
V,rot,ganz_weg,1311,1490,3.7,314,306,7.0
V,rot,halb_weg,1311,1490,4.8,314,306,14.9
V,rot_vol,ganz_weg,491,2310,4.0,139,481,11.4
V,rot_vol,halb_weg,491,2310,2.3,139,481,10.8
V,alarm187,ganz_weg,1010,1791,0.6,224,396,8.3
V,alarm187,halb_weg,1010,1791,0.5,224,396,12.0
V,hoch_heute,ganz_weg,1513,1288,-1.4,334,286,-0.2
V,hoch_heute,halb_weg,1513,1288,-2.1,334,286,-4.3
V,rsi_hoch,ganz_weg,1007,1794,-2.0,279,341,-8.5
V,rsi_hoch,halb_weg,1007,1794,1.0,279,341,-4.7
V,ema_weit,ganz_weg,831,1970,-3.3,143,477,-4.5
V,ema_weit,halb_weg,831,1970,-4.1,143,477,-2.3
V,schnell,ganz_weg,650,2151,6.9,105,515,9.1
V,schnell,halb_weg,650,2151,4.2,105,515,3.5
V,boden2,ganz_weg,763,2038,2.6,250,370,1.4
V,boden2,halb_weg,763,2038,0.1,250,370,-4.5
VLO,rot,ganz_weg,2171,3027,-0.8,519,529,-4.5
VLO,rot,halb_weg,2171,3027,-0.2,519,529,-0.1
VLO,rot_vol,ganz_weg,979,4219,4.1,282,766,-7.8
VLO,rot_vol,halb_weg,979,4219,2.9,282,766,-11.8
VLO,alarm187,ganz_weg,1603,3595,-4.2,371,677,-16.2
VLO,alarm187,halb_weg,1603,3595,-5.4,371,677,-11.7
VLO,hoch_heute,ganz_weg,2859,2339,-5.7,569,479,0.2
VLO,hoch_heute,halb_weg,2859,2339,-6.6,569,479,-2.8
VLO,rsi_hoch,ganz_weg,2396,2720,-4.9,508,540,-13.9
VLO,rsi_hoch,halb_weg,2396,2720,-7.1,508,540,-15.3
VLO,ema_weit,ganz_weg,2332,2784,-4.3,435,613,-8.5
VLO,ema_weit,halb_weg,2332,2784,-7.9,435,613,-8.9
VLO,schnell,ganz_weg,1141,4057,0.1,342,706,-7.4
VLO,schnell,halb_weg,1141,4057,-3.2,342,706,-4.1
VLO,boden2,ganz_weg,1626,3572,-2.0,344,704,-0.8
VLO,boden2,halb_weg,1626,3572,0.3,344,704,3.5
VNA.DE,rot,ganz_weg,1200,1483,0.7,321,535,-2.1
VNA.DE,rot,halb_weg,1200,1483,-0.9,321,535,-14.2
VNA.DE,rot_vol,ganz_weg,525,2052,5.0,141,683,4.2
VNA.DE,rot_vol,halb_weg,525,2052,-2.0,141,683,0.0
VNA.DE,alarm187,ganz_weg,884,1799,-5.6,230,626,2.2
VNA.DE,alarm187,halb_weg,884,1799,-8.0,230,626,-10.0
VNA.DE,hoch_heute,ganz_weg,1605,1078,0.3,441,415,2.5
VNA.DE,hoch_heute,halb_weg,1605,1078,-0.9,441,415,-2.9
VNA.DE,rsi_hoch,ganz_weg,652,1947,0.4,293,563,-12.3
VNA.DE,rsi_hoch,halb_weg,652,1947,-4.3,293,563,-9.7
VNA.DE,ema_weit,ganz_weg,516,2083,-0.4,232,624,-7.9
VNA.DE,ema_weit,halb_weg,516,2083,-3.9,232,624,-10.6
VNA.DE,schnell,ganz_weg,546,2137,5.3,248,608,11.7
VNA.DE,schnell,halb_weg,546,2137,3.7,248,608,12.1
VNA.DE,boden2,ganz_weg,883,1800,-2.7,191,665,3.2
VNA.DE,boden2,halb_weg,883,1800,-3.8,191,665,3.0
VOW3.DE,rot,ganz_weg,1590,2124,-1.8,332,348,7.1
VOW3.DE,rot,halb_weg,1590,2124,6.1,332,348,20.1
VOW3.DE,rot_vol,ganz_weg,610,2820,2.5,178,502,18.5
VOW3.DE,rot_vol,halb_weg,610,2820,3.4,178,502,4.4
VOW3.DE,alarm187,ganz_weg,1201,2513,-3.0,222,458,12.3
VOW3.DE,alarm187,halb_weg,1201,2513,6.5,222,458,17.8
VOW3.DE,hoch_heute,ganz_weg,2114,1600,-4.2,366,314,-2.3
VOW3.DE,hoch_heute,halb_weg,2114,1600,-7.7,366,314,-9.2
VOW3.DE,rsi_hoch,ganz_weg,726,2925,-3.3,129,551,4.8
VOW3.DE,rsi_hoch,halb_weg,726,2925,-3.6,129,551,-4.5
VOW3.DE,ema_weit,ganz_weg,574,3077,-7.3,89,591,17.1
VOW3.DE,ema_weit,halb_weg,574,3077,-3.6,89,591,2.9
VOW3.DE,schnell,ganz_weg,1473,2241,-2.1,303,377,-9.1
VOW3.DE,schnell,halb_weg,1473,2241,-3.2,303,377,0.7
VOW3.DE,boden2,ganz_weg,1087,2627,1.0,314,366,-14.7
VOW3.DE,boden2,halb_weg,1087,2627,-0.2,314,366,-9.7
VRSK,rot,ganz_weg,1283,1833,-4.1,422,629,6.2
VRSK,rot,halb_weg,1283,1833,1.9,422,629,-9.9
VRSK,rot_vol,ganz_weg,517,2599,5.9,114,937,5.5
VRSK,rot_vol,halb_weg,517,2599,7.0,114,937,6.5
VRSK,alarm187,ganz_weg,938,2178,-5.4,284,767,-0.5
VRSK,alarm187,halb_weg,938,2178,-3.2,284,767,-3.6
VRSK,hoch_heute,ganz_weg,1739,1377,-1.6,635,416,-0.9
VRSK,hoch_heute,halb_weg,1739,1377,-5.7,635,416,1.9
VRSK,rsi_hoch,ganz_weg,1543,1536,3.9,463,588,-5.7
VRSK,rsi_hoch,halb_weg,1543,1536,2.1,463,588,-10.8
VRSK,ema_weit,ganz_weg,1301,1778,2.9,447,604,-2.7
VRSK,ema_weit,halb_weg,1301,1778,-0.5,447,604,-6.8
VRSK,schnell,ganz_weg,674,2442,3.1,350,701,3.7
VRSK,schnell,halb_weg,674,2442,6.0,350,701,-1.7
VRSK,boden2,ganz_weg,1070,2046,-2.5,268,783,1.0
VRSK,boden2,halb_weg,1070,2046,-4.0,268,783,-2.6
VRTX,rot,ganz_weg,1767,2386,-2.3,507,822,-6.8
VRTX,rot,halb_weg,1767,2386,-0.1,507,822,3.8
VRTX,rot_vol,ganz_weg,756,3388,6.5,188,1141,5.5
VRTX,rot_vol,halb_weg,756,3388,3.4,188,1141,0.6
VRTX,alarm187,ganz_weg,1252,2901,-4.8,394,935,-2.6
VRTX,alarm187,halb_weg,1252,2901,-3.2,394,935,12.6
VRTX,hoch_heute,ganz_weg,2273,1880,0.5,822,507,-1.5
VRTX,hoch_heute,halb_weg,2273,1880,2.5,822,507,-2.7
VRTX,rsi_hoch,ganz_weg,1979,2170,-3.5,656,673,0.2
VRTX,rsi_hoch,halb_weg,1979,2170,-8.2,656,673,1.3
VRTX,ema_weit,ganz_weg,1598,2551,-5.1,533,796,-1.5
VRTX,ema_weit,halb_weg,1598,2551,-9.6,533,796,-6.4
VRTX,schnell,ganz_weg,1680,2473,-2.8,523,806,4.3
VRTX,schnell,halb_weg,1680,2473,-2.4,523,806,0.5
VRTX,boden2,ganz_weg,702,3451,-1.0,393,936,-0.2
VRTX,boden2,halb_weg,702,3451,1.2,393,936,-4.8
VZ,rot,ganz_weg,1788,2466,1.8,462,757,11.0
VZ,rot,halb_weg,1788,2466,3.3,462,757,0.2
VZ,rot_vol,ganz_weg,811,3443,5.5,177,1042,9.9
VZ,rot_vol,halb_weg,811,3443,1.2,177,1042,0.3
VZ,alarm187,ganz_weg,1217,3037,1.9,295,924,6.6
VZ,alarm187,halb_weg,1217,3037,4.1,295,924,0.3
VZ,hoch_heute,ganz_weg,2316,1938,0.8,722,497,1.7
VZ,hoch_heute,halb_weg,2316,1938,1.0,722,497,2.9
VZ,rsi_hoch,ganz_weg,2243,2011,0.4,740,479,1.4
VZ,rsi_hoch,halb_weg,2243,2011,-8.7,740,479,-10.5
VZ,ema_weit,ganz_weg,2109,2145,3.6,692,527,-4.5
VZ,ema_weit,halb_weg,2109,2145,-5.7,692,527,-5.5
VZ,schnell,ganz_weg,1551,2703,-3.7,612,607,-5.7
VZ,schnell,halb_weg,1551,2703,-3.5,612,607,-4.1
VZ,boden2,ganz_weg,1118,3136,1.0,250,969,11.0
VZ,boden2,halb_weg,1118,3136,-0.1,250,969,6.2
WBD,rot,ganz_weg,1777,2157,-6.0,302,428,14.7
WBD,rot,halb_weg,1777,2157,-2.1,302,428,9.9
WBD,rot_vol,ganz_weg,802,3132,0.4,159,571,-4.3
WBD,rot_vol,halb_weg,802,3132,-1.2,159,571,-2.0
WBD,alarm187,ganz_weg,1142,2792,-1.5,209,521,-4.9
WBD,alarm187,halb_weg,1142,2792,-1.5,209,521,4.7
WBD,hoch_heute,ganz_weg,2102,1832,1.6,384,346,1.6
WBD,hoch_heute,halb_weg,2102,1832,0.1,384,346,6.0
WBD,rsi_hoch,ganz_weg,1177,2678,-3.6,406,324,-7.1
WBD,rsi_hoch,halb_weg,1177,2678,-6.3,406,324,-16.8
WBD,ema_weit,ganz_weg,938,2917,-7.0,352,378,-9.0
WBD,ema_weit,halb_weg,938,2917,-7.5,352,378,-13.6
WBD,schnell,ganz_weg,1349,2585,-2.3,383,347,-12.3
WBD,schnell,halb_weg,1349,2585,-3.1,383,347,-14.0
WBD,boden2,ganz_weg,1111,2823,4.7,202,528,0.9
WBD,boden2,halb_weg,1111,2823,3.1,202,528,1.4
WDAY,rot,ganz_weg,934,1440,0.1,276,379,7.6
WDAY,rot,halb_weg,934,1440,5.5,276,379,8.8
WDAY,rot_vol,ganz_weg,370,2004,5.0,134,521,13.6
WDAY,rot_vol,halb_weg,370,2004,2.5,134,521,9.4
WDAY,alarm187,ganz_weg,730,1644,-4.5,187,468,4.3
WDAY,alarm187,halb_weg,730,1644,1.4,187,468,-2.9
WDAY,hoch_heute,ganz_weg,1353,1021,-3.2,358,297,-4.8
WDAY,hoch_heute,halb_weg,1353,1021,-7.2,358,297,-8.8
WDAY,rsi_hoch,ganz_weg,796,1567,2.8,226,429,19.3
WDAY,rsi_hoch,halb_weg,796,1567,7.5,226,429,22.1
WDAY,ema_weit,ganz_weg,735,1628,-2.1,240,415,11.5
WDAY,ema_weit,halb_weg,735,1628,3.5,240,415,17.2
WDAY,schnell,ganz_weg,647,1727,-0.0,341,314,-8.0
WDAY,schnell,halb_weg,647,1727,5.9,341,314,-5.5
WDAY,boden2,ganz_weg,656,1718,1.0,175,480,3.0
WDAY,boden2,halb_weg,656,1718,-0.3,175,480,-0.5
WDC,rot,ganz_weg,1587,2189,-1.0,475,576,2.4
WDC,rot,halb_weg,1587,2189,0.5,475,576,5.4
WDC,rot_vol,ganz_weg,643,3133,-2.3,211,840,1.3
WDC,rot_vol,halb_weg,643,3133,-0.8,211,840,-0.5
WDC,alarm187,ganz_weg,1258,2518,-3.1,414,637,1.4
WDC,alarm187,halb_weg,1258,2518,-2.4,414,637,1.5
WDC,hoch_heute,ganz_weg,2001,1775,0.6,600,451,0.1
WDC,hoch_heute,halb_weg,2001,1775,-0.9,600,451,1.3
WDC,rsi_hoch,ganz_weg,1779,1910,-7.0,595,456,-7.9
WDC,rsi_hoch,halb_weg,1779,1910,-6.0,595,456,-8.1
WDC,ema_weit,ganz_weg,1474,2215,-3.7,464,587,-5.0
WDC,ema_weit,halb_weg,1474,2215,-4.5,464,587,-4.1
WDC,schnell,ganz_weg,1000,2776,2.8,228,823,-4.8
WDC,schnell,halb_weg,1000,2776,4.4,228,823,4.5
WDC,boden2,ganz_weg,1114,2662,-2.2,402,649,0.6
WDC,boden2,halb_weg,1114,2662,1.7,402,649,-5.1
WELL,rot,ganz_weg,1685,2621,0.9,258,416,-7.0
WELL,rot,halb_weg,1685,2621,2.1,258,416,-4.2
WELL,rot_vol,ganz_weg,661,3645,-3.7,110,564,8.9
WELL,rot_vol,halb_weg,661,3645,0.5,110,564,7.7
WELL,alarm187,ganz_weg,1262,3044,-2.5,213,461,-8.2
WELL,alarm187,halb_weg,1262,3044,1.9,213,461,-0.3
WELL,hoch_heute,ganz_weg,2479,1827,0.0,396,278,0.9
WELL,hoch_heute,halb_weg,2479,1827,-3.8,396,278,1.8
WELL,rsi_hoch,ganz_weg,2120,2112,-0.6,301,373,-1.1
WELL,rsi_hoch,halb_weg,2120,2112,-5.3,301,373,2.9
WELL,ema_weit,ganz_weg,1843,2389,0.1,273,401,-3.7
WELL,ema_weit,halb_weg,1843,2389,-3.5,273,401,-2.8
WELL,schnell,ganz_weg,981,3325,-1.1,173,501,-0.4
WELL,schnell,halb_weg,981,3325,-1.0,173,501,0.9
WELL,boden2,ganz_weg,1373,2933,-1.6,124,550,-2.0
WELL,boden2,halb_weg,1373,2933,-0.1,124,550,-7.7
WFC,rot,ganz_weg,1811,2055,-2.6,421,626,8.6
WFC,rot,halb_weg,1811,2055,-1.6,421,626,-7.5
WFC,rot_vol,ganz_weg,606,3260,1.1,166,881,-0.6
WFC,rot_vol,halb_weg,606,3260,-3.7,166,881,-6.7
WFC,alarm187,ganz_weg,1220,2646,-3.4,310,737,-1.5
WFC,alarm187,halb_weg,1220,2646,-5.2,310,737,-8.3
WFC,hoch_heute,ganz_weg,2071,1795,-1.3,632,415,-1.8
WFC,hoch_heute,halb_weg,2071,1795,-3.2,632,415,-3.2
WFC,rsi_hoch,ganz_weg,1299,2567,-1.9,493,554,-1.8
WFC,rsi_hoch,halb_weg,1299,2567,-4.2,493,554,-6.3
WFC,ema_weit,ganz_weg,1498,2368,-4.3,445,602,-2.4
WFC,ema_weit,halb_weg,1498,2368,-4.5,445,602,-6.1
WFC,schnell,ganz_weg,1349,2517,-1.0,414,633,0.2
WFC,schnell,halb_weg,1349,2517,-2.4,414,633,-2.5
WFC,boden2,ganz_weg,1335,2531,-0.7,396,651,0.3
WFC,boden2,halb_weg,1335,2531,-1.2,396,651,1.1
WMT,rot,ganz_weg,1885,2686,-0.7,366,454,-4.3
WMT,rot,halb_weg,1885,2686,1.0,366,454,7.2
WMT,rot_vol,ganz_weg,770,3801,5.5,155,665,1.4
WMT,rot_vol,halb_weg,770,3801,2.8,155,665,4.7
WMT,alarm187,ganz_weg,1301,3270,-1.0,279,541,-7.5
WMT,alarm187,halb_weg,1301,3270,0.9,279,541,-4.0
WMT,hoch_heute,ganz_weg,2542,2029,-0.3,470,350,1.0
WMT,hoch_heute,halb_weg,2542,2029,-3.0,470,350,-5.3
WMT,rsi_hoch,ganz_weg,2095,2435,-2.5,407,413,-0.1
WMT,rsi_hoch,halb_weg,2095,2435,-4.4,407,413,-9.3
WMT,ema_weit,ganz_weg,1925,2605,-2.3,445,375,-0.8
WMT,ema_weit,halb_weg,1925,2605,-4.0,445,375,-12.5
WMT,schnell,ganz_weg,1118,3453,1.7,324,496,3.9
WMT,schnell,halb_weg,1118,3453,-0.6,324,496,3.8
WMT,boden2,ganz_weg,1379,3192,2.3,180,640,-2.1
WMT,boden2,halb_weg,1379,3192,2.2,180,640,0.3
XEL,rot,ganz_weg,1619,2313,3.5,434,456,-1.9
XEL,rot,halb_weg,1619,2313,-2.4,434,456,3.4
XEL,rot_vol,ganz_weg,727,3198,1.5,227,663,-7.6
XEL,rot_vol,halb_weg,727,3198,0.7,227,663,2.3
XEL,alarm187,ganz_weg,1198,2734,-0.6,283,607,-12.2
XEL,alarm187,halb_weg,1198,2734,-5.4,283,607,3.0
XEL,hoch_heute,ganz_weg,2194,1738,2.4,474,416,-0.1
XEL,hoch_heute,halb_weg,2194,1738,6.4,474,416,-6.2
XEL,rsi_hoch,ganz_weg,1628,2304,-2.4,393,497,2.5
XEL,rsi_hoch,halb_weg,1628,2304,-2.4,393,497,-2.7
XEL,ema_weit,ganz_weg,1377,2555,-1.7,291,599,-7.7
XEL,ema_weit,halb_weg,1377,2555,-1.3,291,599,-5.3
XEL,schnell,ganz_weg,652,3280,1.4,211,679,6.5
XEL,schnell,halb_weg,652,3280,1.1,211,679,2.9
XEL,boden2,ganz_weg,1311,2621,-0.3,351,539,1.4
XEL,boden2,halb_weg,1311,2621,-0.2,351,539,8.8
XOM,rot,ganz_weg,2066,3094,1.9,483,668,-0.3
XOM,rot,halb_weg,2066,3094,0.4,483,668,0.2
XOM,rot_vol,ganz_weg,855,4305,6.2,177,974,4.8
XOM,rot_vol,halb_weg,855,4305,4.3,177,974,10.5
XOM,alarm187,ganz_weg,1453,3707,-1.0,236,915,-3.9
XOM,alarm187,halb_weg,1453,3707,-3.9,236,915,-2.8
XOM,hoch_heute,ganz_weg,2851,2309,0.7,620,531,-2.9
XOM,hoch_heute,halb_weg,2851,2309,-0.9,620,531,-2.5
XOM,rsi_hoch,ganz_weg,1995,2868,-5.5,352,799,1.8
XOM,rsi_hoch,halb_weg,1995,2868,-9.4,352,799,1.9
XOM,ema_weit,ganz_weg,1771,3092,-2.3,273,878,2.1
XOM,ema_weit,halb_weg,1771,3092,-4.0,273,878,-5.4
XOM,schnell,ganz_weg,1344,3816,-0.7,270,881,1.6
XOM,schnell,halb_weg,1344,3816,-1.1,270,881,5.4
XOM,boden2,ganz_weg,1054,4106,-1.0,212,939,3.4
XOM,boden2,halb_weg,1054,4106,2.0,212,939,-0.2
ZAL.DE,rot,ganz_weg,636,884,-12.0,307,558,-1.0
ZAL.DE,rot,halb_weg,636,884,-7.6,307,558,5.9
ZAL.DE,rot_vol,ganz_weg,245,1235,12.8,109,746,10.4
ZAL.DE,rot_vol,halb_weg,245,1235,6.4,109,746,0.4
ZAL.DE,alarm187,ganz_weg,492,1028,-16.9,196,669,-2.3
ZAL.DE,alarm187,halb_weg,492,1028,-9.6,196,669,1.3
ZAL.DE,hoch_heute,ganz_weg,843,677,4.8,493,372,1.5
ZAL.DE,hoch_heute,halb_weg,843,677,5.0,493,372,-2.6
ZAL.DE,rsi_hoch,ganz_weg,865,655,-8.0,400,465,-7.4
ZAL.DE,rsi_hoch,halb_weg,865,655,-9.8,400,465,-14.9
ZAL.DE,ema_weit,ganz_weg,830,690,-8.4,281,584,-8.2
ZAL.DE,ema_weit,halb_weg,830,690,-10.7,281,584,-8.1
ZAL.DE,schnell,ganz_weg,458,1062,-2.8,290,575,-12.7
ZAL.DE,schnell,halb_weg,458,1062,0.0,290,575,-4.5
ZAL.DE,boden2,ganz_weg,548,972,0.7,277,588,-1.5
ZAL.DE,boden2,halb_weg,548,972,-1.2,277,588,-9.1
ZS,rot,ganz_weg,413,566,-15.2,577,782,3.8
ZS,rot,halb_weg,413,566,-19.6,577,782,12.2
ZS,rot_vol,ganz_weg,144,835,-18.1,236,1123,3.7
ZS,rot_vol,halb_weg,144,835,-11.6,236,1123,3.5
ZS,alarm187,ganz_weg,312,667,-15.5,416,943,8.3
ZS,alarm187,halb_weg,312,667,-20.3,416,943,9.8
ZS,hoch_heute,ganz_weg,533,446,2.9,754,605,-1.3
ZS,hoch_heute,halb_weg,533,446,4.3,754,605,1.9
ZS,rsi_hoch,ganz_weg,267,704,0.4,528,831,-0.0
ZS,rsi_hoch,halb_weg,267,704,-7.4,528,831,-3.9
ZS,ema_weit,ganz_weg,241,730,-7.8,347,1012,-6.5
ZS,ema_weit,halb_weg,241,730,-16.4,347,1012,-7.9
ZS,schnell,ganz_weg,236,743,7.9,354,1005,-6.8
ZS,schnell,halb_weg,236,743,3.5,354,1005,-4.9
ZS,boden2,ganz_weg,366,613,-9.3,386,973,3.7
ZS,boden2,halb_weg,366,613,-14.5,386,973,2.6
