ticker,zeitraum,puffer,punkte,faelle,rendite_mittel,rendite_median,ko_quote
AAPL,ab2023,1.0,0,79,16.7,-34.9,31.6
AAPL,ab2023,1.0,1,164,24.3,-5.3,18.9
AAPL,ab2023,1.0,2,27,60.8,-0.4,11.1
AAPL,ab2023,1.0,3,3,35.8,30.2,0.0
AAPL,bis2022,1.0,0,380,47.5,-11.7,31.6
AAPL,bis2022,1.0,1,637,32.5,-12.1,20.3
AAPL,bis2022,1.0,2,139,21.3,-18.4,16.5
AAPL,bis2022,1.0,3,7,-2.4,-25.6,0.0
ABBV,ab2023,1.0,0,66,21.2,-44.9,39.4
ABBV,ab2023,1.0,1,129,2.3,-35.3,26.4
ABBV,ab2023,1.0,2,46,42.1,-11.8,19.6
ABBV,ab2023,1.0,3,2,-50.0,-50.0,50.0
ABBV,bis2022,1.0,0,195,29.6,-36.6,32.8
ABBV,bis2022,1.0,1,390,30.5,-13.6,20.3
ABBV,bis2022,1.0,2,132,28.3,-24.0,16.7
ABBV,bis2022,1.0,3,13,-11.0,-20.0,0.0
ABNB,ab2023,1.0,0,84,29.1,-18.2,28.6
ABNB,ab2023,1.0,1,132,-10.1,-47.4,27.3
ABNB,ab2023,1.0,2,48,53.1,39.9,6.2
ABNB,ab2023,1.0,3,4,10.1,8.7,25.0
ABNB,bis2022,1.0,0,40,5.9,-28.9,35.0
ABNB,bis2022,1.0,1,66,-16.0,-36.4,18.2
ABNB,bis2022,1.0,2,33,16.1,-24.3,9.1
ABNB,bis2022,1.0,3,5,-35.6,-51.9,0.0
ABT,ab2023,1.0,0,76,-3.2,-43.3,35.5
ABT,ab2023,1.0,1,114,2.3,-28.1,28.9
ABT,ab2023,1.0,2,44,-0.0,-33.8,29.5
ABT,ab2023,1.0,3,9,13.6,-5.2,0.0
ABT,bis2022,1.0,0,397,16.1,-26.3,33.5
ABT,bis2022,1.0,1,644,9.1,-25.5,22.2
ABT,bis2022,1.0,2,164,5.5,-24.4,18.3
ABT,bis2022,1.0,3,11,-5.1,-30.1,9.1
ACN,ab2023,1.0,0,78,-4.3,-46.9,38.5
ACN,ab2023,1.0,1,134,-6.7,-48.2,28.4
ACN,ab2023,1.0,2,56,-16.1,-52.4,26.8
ACN,ab2023,1.0,3,5,69.5,1.2,0.0
ACN,bis2022,1.0,0,411,25.6,-18.0,29.4
ACN,bis2022,1.0,1,679,22.3,-16.1,17.7
ACN,bis2022,1.0,2,149,30.3,-11.9,12.8
ACN,bis2022,1.0,3,11,55.7,56.0,9.1
ADBE,ab2023,1.0,0,75,-8.1,-77.5,49.3
ADBE,ab2023,1.0,1,120,-20.9,-65.2,39.2
ADBE,ab2023,1.0,2,67,-2.7,-25.7,19.4
ADBE,ab2023,1.0,3,2,-59.2,-59.2,0.0
ADBE,bis2022,1.0,0,366,18.6,-26.9,28.4
ADBE,bis2022,1.0,1,674,13.8,-15.3,16.0
ADBE,bis2022,1.0,2,123,33.8,1.4,8.1
ADBE,bis2022,1.0,3,9,-21.0,-49.5,22.2
ADI,ab2023,1.0,0,92,3.9,-61.7,42.4
ADI,ab2023,1.0,1,143,-0.2,-35.8,23.8
ADI,ab2023,1.0,2,37,35.7,-15.6,10.8
ADI,ab2023,1.0,3,2,-6.2,-6.2,0.0
ADI,bis2022,1.0,0,380,2.8,-53.6,40.0
ADI,bis2022,1.0,1,704,6.7,-25.9,20.0
ADI,bis2022,1.0,2,170,-7.3,-29.1,12.9
ADI,bis2022,1.0,3,8,39.4,-12.1,0.0
ADP,ab2023,1.0,0,81,0.3,-39.3,33.3
ADP,ab2023,1.0,1,119,5.8,-27.2,22.7
ADP,ab2023,1.0,2,41,-23.4,-38.1,22.0
ADP,ab2023,1.0,3,3,-39.0,-30.8,33.3
ADP,bis2022,1.0,0,400,10.1,-43.4,36.2
ADP,bis2022,1.0,1,721,-0.1,-25.5,18.6
ADP,bis2022,1.0,2,161,20.9,-12.4,8.7
ADP,bis2022,1.0,3,3,-2.8,-12.1,0.0
ADS.DE,ab2023,1.0,0,88,15.7,-42.6,37.5
ADS.DE,ab2023,1.0,1,132,-0.7,-28.7,21.2
ADS.DE,ab2023,1.0,2,42,-3.0,-18.5,19.0
ADS.DE,ab2023,1.0,3,5,-13.9,-59.8,20.0
ADS.DE,bis2022,1.0,0,352,20.1,-41.8,37.2
ADS.DE,bis2022,1.0,1,675,18.1,-26.7,23.1
ADS.DE,bis2022,1.0,2,140,-0.2,-22.9,17.1
ADS.DE,bis2022,1.0,3,9,19.7,-21.7,22.2
ADSK,ab2023,1.0,0,80,-18.9,-95.1,50.0
ADSK,ab2023,1.0,1,150,-0.4,-30.5,27.3
ADSK,ab2023,1.0,2,30,30.0,27.3,13.3
ADSK,ab2023,1.0,3,2,40.8,40.8,0.0
ADSK,bis2022,1.0,0,354,9.9,-44.0,35.6
ADSK,bis2022,1.0,1,615,7.7,-25.5,25.0
ADSK,bis2022,1.0,2,165,7.5,-25.3,18.2
ADSK,bis2022,1.0,3,13,2.1,-19.4,0.0
AEP,ab2023,1.0,0,81,51.4,-26.4,34.6
AEP,ab2023,1.0,1,131,15.5,-31.1,22.1
AEP,ab2023,1.0,2,31,-2.4,-20.7,9.7
AEP,ab2023,1.0,3,2,86.1,86.1,0.0
AEP,bis2022,1.0,0,373,19.8,-25.4,29.0
AEP,bis2022,1.0,1,623,7.0,-21.3,15.2
AEP,bis2022,1.0,2,149,13.1,-21.1,12.8
AEP,bis2022,1.0,3,15,34.8,3.9,6.7
AIR.DE,ab2023,1.0,0,94,5.6,-58.8,37.2
AIR.DE,ab2023,1.0,1,151,11.2,-18.7,25.2
AIR.DE,ab2023,1.0,2,45,29.9,9.0,13.3
AIR.DE,ab2023,1.0,3,3,-32.1,-53.8,33.3
AIR.DE,bis2022,1.0,0,344,12.6,-45.5,37.8
AIR.DE,bis2022,1.0,1,664,1.8,-34.9,27.6
AIR.DE,bis2022,1.0,2,175,21.1,-7.9,19.4
AIR.DE,bis2022,1.0,3,16,-17.1,-53.0,18.8
ALV.DE,ab2023,1.0,0,71,4.6,-43.7,29.6
ALV.DE,ab2023,1.0,1,149,1.0,-11.3,18.1
ALV.DE,ab2023,1.0,2,23,31.8,12.5,13.0
ALV.DE,ab2023,1.0,3,1,68.7,68.7,0.0
ALV.DE,bis2022,1.0,0,380,-7.1,-56.8,40.8
ALV.DE,bis2022,1.0,1,700,2.2,-30.6,25.1
ALV.DE,bis2022,1.0,2,135,8.8,-31.5,17.8
ALV.DE,bis2022,1.0,3,13,-12.2,-47.4,7.7
AMAT,ab2023,1.0,0,86,10.2,-23.9,38.4
AMAT,ab2023,1.0,1,169,11.8,-21.9,16.6
AMAT,ab2023,1.0,2,30,85.8,38.2,6.7
AMAT,ab2023,1.0,3,3,-42.6,-47.9,33.3
AMAT,bis2022,1.0,0,351,9.1,-37.8,30.8
AMAT,bis2022,1.0,1,649,11.3,-15.3,16.6
AMAT,bis2022,1.0,2,181,7.4,-22.6,16.0
AMAT,bis2022,1.0,3,9,-34.3,-30.2,22.2
AMD,ab2023,1.0,0,93,29.3,-52.1,44.1
AMD,ab2023,1.0,1,134,17.1,-26.1,24.6
AMD,ab2023,1.0,2,40,42.6,11.1,17.5
AMD,ab2023,1.0,3,4,248.3,268.8,0.0
AMD,bis2022,1.0,0,328,41.9,-33.9,38.4
AMD,bis2022,1.0,1,537,12.5,-31.0,26.8
AMD,bis2022,1.0,2,161,12.1,-13.8,23.0
AMD,bis2022,1.0,3,7,-37.3,-37.6,14.3
AMGN,ab2023,1.0,0,74,20.4,-90.9,48.6
AMGN,ab2023,1.0,1,147,27.0,-36.4,30.6
AMGN,ab2023,1.0,2,39,3.0,-48.5,33.3
AMGN,bis2022,1.0,0,384,6.2,-55.7,39.6
AMGN,bis2022,1.0,1,677,17.4,-25.9,20.7
AMGN,bis2022,1.0,2,159,11.9,-6.2,13.2
AMGN,bis2022,1.0,3,8,50.3,-33.3,0.0
AMT,ab2023,1.0,0,84,8.3,-100.0,51.2
AMT,ab2023,1.0,1,131,-4.9,-33.4,33.6
AMT,ab2023,1.0,2,42,-21.2,-31.7,26.2
AMT,ab2023,1.0,3,6,-58.4,-69.5,33.3
AMT,bis2022,1.0,0,349,-4.1,-35.4,36.7
AMT,bis2022,1.0,1,664,6.7,-23.7,19.9
AMT,bis2022,1.0,2,146,35.0,1.9,9.6
AMT,bis2022,1.0,3,14,21.3,17.1,0.0
AMZN,ab2023,1.0,0,92,16.8,-21.6,31.5
AMZN,ab2023,1.0,1,148,9.8,-8.1,16.2
AMZN,ab2023,1.0,2,30,23.9,-17.7,20.0
AMZN,ab2023,1.0,3,3,31.4,23.2,0.0
AMZN,bis2022,1.0,0,366,58.6,-5.9,34.7
AMZN,bis2022,1.0,1,629,27.4,-17.5,16.9
AMZN,bis2022,1.0,2,175,28.7,-8.1,10.3
AMZN,bis2022,1.0,3,16,-13.9,-38.6,18.8
ANET,ab2023,1.0,0,93,35.6,-3.6,36.6
ANET,ab2023,1.0,1,141,-5.6,-23.0,26.2
ANET,ab2023,1.0,2,34,52.6,14.0,8.8
ANET,ab2023,1.0,3,4,37.0,21.7,0.0
ANET,bis2022,1.0,0,181,14.3,-36.4,35.9
ANET,bis2022,1.0,1,330,17.9,-32.4,23.9
ANET,bis2022,1.0,2,107,18.9,-6.6,13.1
ANET,bis2022,1.0,3,4,-35.4,-45.3,0.0
APH,ab2023,1.0,0,80,7.2,-47.2,43.8
APH,ab2023,1.0,1,156,22.6,-8.5,22.4
APH,ab2023,1.0,2,36,49.0,-18.8,5.6
APH,ab2023,1.0,3,2,25.2,25.2,0.0
APH,bis2022,1.0,0,395,17.0,-21.4,26.3
APH,bis2022,1.0,1,662,2.6,-18.9,20.1
APH,bis2022,1.0,2,184,16.5,-17.5,16.3
APH,bis2022,1.0,3,16,11.0,-21.9,0.0
APP,ab2023,1.0,0,91,103.7,68.2,27.5
APP,ab2023,1.0,1,146,52.9,33.9,16.4
APP,ab2023,1.0,2,30,71.9,11.4,10.0
APP,ab2023,1.0,3,1,403.1,403.1,0.0
APP,bis2022,1.0,0,40,-68.8,-100.0,52.5
APP,bis2022,1.0,1,54,-24.5,-56.1,35.2
APP,bis2022,1.0,2,10,-41.7,-41.9,20.0
APP,bis2022,1.0,3,2,-30.3,-30.3,0.0
ARM,ab2023,1.0,0,64,104.4,-19.0,48.4
ARM,ab2023,1.0,1,109,38.5,-1.7,35.8
ARM,ab2023,1.0,2,23,9.2,-47.3,39.1
ARM,ab2023,1.0,3,2,24.7,24.7,0.0
ASML,ab2023,1.0,0,98,21.2,-48.1,32.7
ASML,ab2023,1.0,1,148,27.2,-14.8,23.0
ASML,ab2023,1.0,2,27,-5.6,-14.0,22.2
ASML,ab2023,1.0,3,2,-6.9,-6.9,0.0
ASML,bis2022,1.0,0,403,4.5,-44.3,37.2
ASML,bis2022,1.0,1,738,5.9,-20.9,22.8
ASML,bis2022,1.0,2,159,15.5,-13.3,16.4
ASML,bis2022,1.0,3,12,-41.2,-47.3,16.7
AVGO,ab2023,1.0,0,82,36.9,-27.8,34.1
AVGO,ab2023,1.0,1,153,14.9,-27.3,24.2
AVGO,ab2023,1.0,2,38,20.6,-13.0,5.3
AVGO,ab2023,1.0,3,3,5.3,-58.3,0.0
AVGO,bis2022,1.0,0,321,23.4,-39.7,34.9
AVGO,bis2022,1.0,1,541,19.4,-14.2,21.4
AVGO,bis2022,1.0,2,130,40.6,8.3,10.8
AVGO,bis2022,1.0,3,7,-9.2,-50.2,0.0
AXON,ab2023,1.0,0,73,25.9,-44.5,42.5
AXON,ab2023,1.0,1,122,43.8,0.1,19.7
AXON,ab2023,1.0,2,46,-9.1,-38.1,15.2
AXON,ab2023,1.0,3,2,0.2,0.2,0.0
AXON,bis2022,1.0,0,343,15.7,-69.5,45.2
AXON,bis2022,1.0,1,569,28.2,-23.8,27.4
AXON,bis2022,1.0,2,149,30.8,-7.7,10.7
AXON,bis2022,1.0,3,10,0.1,-38.0,30.0
AXP,ab2023,1.0,0,92,20.9,-55.0,42.4
AXP,ab2023,1.0,1,140,7.0,-27.2,30.7
AXP,ab2023,1.0,2,37,57.0,31.7,10.8
AXP,ab2023,1.0,3,4,-18.7,-38.5,25.0
AXP,bis2022,1.0,0,398,3.0,-56.7,40.7
AXP,bis2022,1.0,1,667,-1.0,-25.1,25.0
AXP,bis2022,1.0,2,128,14.7,-21.7,16.4
AXP,bis2022,1.0,3,16,-16.7,-32.4,18.8
AZN,ab2023,1.0,0,116,10.2,-79.8,48.3
AZN,ab2023,1.0,1,131,-24.6,-61.1,37.4
AZN,ab2023,1.0,2,30,-18.6,-40.2,23.3
AZN,ab2023,1.0,3,5,132.9,65.2,20.0
AZN,bis2022,1.0,0,363,-8.5,-67.4,44.9
AZN,bis2022,1.0,1,727,-9.7,-35.2,31.8
AZN,bis2022,1.0,2,130,23.7,8.0,17.7
AZN,bis2022,1.0,3,7,13.7,17.1,0.0
BA,ab2023,1.0,0,70,22.2,-29.8,34.3
BA,ab2023,1.0,1,141,-2.7,-31.8,26.2
BA,ab2023,1.0,2,36,99.1,-19.9,25.0
BA,ab2023,1.0,3,6,-11.1,-62.4,50.0
BA,bis2022,1.0,0,361,15.8,-56.2,42.4
BA,bis2022,1.0,1,685,26.4,-21.3,22.3
BA,bis2022,1.0,2,153,12.3,-17.0,14.4
BA,bis2022,1.0,3,18,-8.5,-32.6,16.7
BABA,ab2023,1.0,0,86,-9.4,-100.0,52.3
BABA,ab2023,1.0,1,145,-9.3,-47.2,33.1
BABA,ab2023,1.0,2,36,49.9,13.5,13.9
BABA,ab2023,1.0,3,1,71.6,71.6,0.0
BABA,bis2022,1.0,0,91,-8.0,-100.0,54.9
BABA,bis2022,1.0,1,114,-20.1,-67.1,45.6
BABA,bis2022,1.0,2,31,-32.8,-38.4,35.5
BABA,bis2022,1.0,3,7,-14.6,-37.8,14.3
BAC,ab2023,1.0,0,81,33.2,-35.1,42.0
BAC,ab2023,1.0,1,148,26.5,-7.4,20.3
BAC,ab2023,1.0,2,29,21.6,-25.4,20.7
BAC,bis2022,1.0,0,398,-8.4,-100.0,51.5
BAC,bis2022,1.0,1,674,15.3,-34.0,26.4
BAC,bis2022,1.0,2,132,-9.1,-25.6,21.2
BAC,bis2022,1.0,3,7,-28.1,-23.6,14.3
BAS.DE,ab2023,1.0,0,76,-37.4,-77.2,46.1
BAS.DE,ab2023,1.0,1,138,-17.2,-42.6,33.3
BAS.DE,ab2023,1.0,2,39,4.2,-9.7,7.7
BAS.DE,ab2023,1.0,3,1,-2.1,-2.1,0.0
BAS.DE,bis2022,1.0,0,381,11.4,-44.6,37.0
BAS.DE,bis2022,1.0,1,694,0.9,-28.4,24.2
BAS.DE,bis2022,1.0,2,186,0.2,-27.9,17.2
BAS.DE,bis2022,1.0,3,6,-7.5,-14.2,16.7
BAYN.DE,ab2023,1.0,0,70,20.2,-45.2,42.9
BAYN.DE,ab2023,1.0,1,138,5.9,-20.6,29.0
BAYN.DE,ab2023,1.0,2,49,-20.7,-40.2,34.7
BAYN.DE,ab2023,1.0,3,2,-79.8,-79.8,50.0
BAYN.DE,bis2022,1.0,0,348,-0.2,-37.7,38.5
BAYN.DE,bis2022,1.0,1,650,-2.6,-30.0,27.1
BAYN.DE,bis2022,1.0,2,189,4.1,-21.5,14.8
BAYN.DE,bis2022,1.0,3,14,-13.5,-29.7,0.0
BBVA,ab2023,1.0,0,87,22.9,6.6,35.6
BBVA,ab2023,1.0,1,133,17.4,9.4,13.5
BBVA,ab2023,1.0,2,25,26.7,13.9,4.0
BBVA,bis2022,1.0,0,378,-13.4,-54.4,36.2
BBVA,bis2022,1.0,1,576,-9.4,-33.9,23.4
BBVA,bis2022,1.0,2,184,-7.2,-31.4,18.5
BBVA,bis2022,1.0,3,19,-16.6,-35.6,21.1
BEI.DE,ab2023,1.0,0,77,-6.4,-55.1,40.3
BEI.DE,ab2023,1.0,1,137,-4.4,-16.3,26.3
BEI.DE,ab2023,1.0,2,52,16.6,-14.6,9.6
BEI.DE,ab2023,1.0,3,3,-22.3,-24.2,33.3
BEI.DE,bis2022,1.0,0,378,-2.9,-51.0,36.5
BEI.DE,bis2022,1.0,1,674,-11.3,-39.2,26.7
BEI.DE,bis2022,1.0,2,163,16.2,-7.5,15.3
BEI.DE,bis2022,1.0,3,9,23.9,-18.4,11.1
BHP,ab2023,1.0,0,138,0.5,-58.5,40.6
BHP,ab2023,1.0,1,166,-5.7,-33.8,22.9
BHP,ab2023,1.0,2,33,1.2,-2.0,12.1
BHP,ab2023,1.0,3,2,65.7,65.7,0.0
BHP,bis2022,1.0,0,530,13.0,-48.4,38.9
BHP,bis2022,1.0,1,782,15.1,-19.8,23.0
BHP,bis2022,1.0,2,168,11.0,-17.7,19.0
BHP,bis2022,1.0,3,9,32.7,12.0,0.0
BIIB,ab2023,1.0,0,71,-21.2,-67.4,45.1
BIIB,ab2023,1.0,1,124,-16.4,-35.8,26.6
BIIB,ab2023,1.0,2,44,-16.9,-39.4,31.8
BIIB,ab2023,1.0,3,2,117.1,117.1,0.0
BIIB,bis2022,1.0,0,306,40.5,-27.4,30.7
BIIB,bis2022,1.0,1,678,26.2,-26.5,24.5
BIIB,bis2022,1.0,2,192,3.5,-25.6,18.8
BIIB,bis2022,1.0,3,13,-20.7,-56.1,30.8
BKNG,ab2023,1.0,0,83,20.8,-45.3,38.6
BKNG,ab2023,1.0,1,143,25.7,-14.8,16.8
BKNG,ab2023,1.0,2,28,69.6,3.6,7.1
BKNG,ab2023,1.0,3,5,86.4,45.7,20.0
BKNG,bis2022,1.0,0,334,28.3,-8.1,34.7
BKNG,bis2022,1.0,1,656,20.9,-17.3,23.0
BKNG,bis2022,1.0,2,195,33.5,16.0,16.4
BKNG,bis2022,1.0,3,18,14.6,1.0,0.0
BKR,ab2023,1.0,0,75,41.1,-23.8,30.7
BKR,ab2023,1.0,1,158,18.3,-26.9,20.9
BKR,ab2023,1.0,2,30,39.6,7.7,6.7
BKR,ab2023,1.0,3,4,44.1,48.6,0.0
BKR,bis2022,1.0,0,401,-2.0,-57.9,38.9
BKR,bis2022,1.0,1,696,3.0,-30.3,22.0
BKR,bis2022,1.0,2,148,-8.2,-38.3,19.6
BKR,bis2022,1.0,3,9,18.7,21.8,22.2
BLK,ab2023,1.0,0,84,-4.2,-57.2,41.7
BLK,ab2023,1.0,1,148,32.3,-5.9,17.6
BLK,ab2023,1.0,2,35,78.3,55.9,8.6
BLK,ab2023,1.0,3,2,59.0,59.0,0.0
BLK,bis2022,1.0,0,351,15.2,-34.4,35.3
BLK,bis2022,1.0,1,676,7.3,-23.8,21.3
BLK,bis2022,1.0,2,191,1.1,-23.0,18.3
BLK,bis2022,1.0,3,12,21.6,-26.8,16.7
BMO,ab2023,1.0,0,88,40.2,-100.0,52.3
BMO,ab2023,1.0,1,163,22.6,-18.6,24.5
BMO,ab2023,1.0,2,37,8.4,-36.5,24.3
BMO,ab2023,1.0,3,2,120.9,120.9,0.0
BMO,bis2022,1.0,0,430,-2.8,-51.2,39.3
BMO,bis2022,1.0,1,678,14.6,-21.7,22.4
BMO,bis2022,1.0,2,136,10.4,-30.8,19.1
BMO,bis2022,1.0,3,11,22.4,0.1,9.1
BMW.DE,ab2023,1.0,0,85,15.9,-55.4,37.6
BMW.DE,ab2023,1.0,1,145,-19.9,-45.4,31.0
BMW.DE,ab2023,1.0,2,36,11.9,-29.4,33.3
BMW.DE,ab2023,1.0,3,4,151.4,17.2,25.0
BMW.DE,bis2022,1.0,0,398,-11.8,-73.5,47.0
BMW.DE,bis2022,1.0,1,658,-11.8,-47.9,33.7
BMW.DE,bis2022,1.0,2,155,8.2,-17.8,17.4
BMW.DE,bis2022,1.0,3,13,-6.9,-17.7,7.7
BMY,ab2023,1.0,0,61,4.2,-43.4,37.7
BMY,ab2023,1.0,1,114,-12.4,-43.4,27.2
BMY,ab2023,1.0,2,41,-23.7,-27.9,26.8
BMY,ab2023,1.0,3,2,6.9,6.9,0.0
BMY,bis2022,1.0,0,352,14.4,-37.9,37.8
BMY,bis2022,1.0,1,686,-2.4,-33.6,28.1
BMY,bis2022,1.0,2,132,-0.2,-19.4,20.5
BMY,bis2022,1.0,3,9,22.2,17.0,11.1
BNR.DE,ab2023,1.0,0,88,-38.9,-100.0,53.4
BNR.DE,ab2023,1.0,1,125,-25.2,-43.6,35.2
BNR.DE,ab2023,1.0,2,49,14.7,-18.9,20.4
BNR.DE,ab2023,1.0,3,3,88.0,55.2,0.0
BNR.DE,bis2022,1.0,0,252,17.5,-16.7,32.5
BNR.DE,bis2022,1.0,1,544,-4.3,-27.2,26.8
BNR.DE,bis2022,1.0,2,154,2.6,-28.7,18.8
BNR.DE,bis2022,1.0,3,10,-5.0,-15.8,0.0
BNS,ab2023,1.0,0,86,42.3,-30.7,36.0
BNS,ab2023,1.0,1,146,18.0,0.5,15.8
BNS,ab2023,1.0,2,32,1.2,21.6,28.1
BNS,bis2022,1.0,0,422,0.7,-29.7,33.9
BNS,bis2022,1.0,1,686,0.4,-22.7,22.0
BNS,bis2022,1.0,2,161,5.4,-21.3,19.3
BNS,bis2022,1.0,3,13,-36.6,-50.8,23.1
BNY,ab2023,1.0,0,84,56.9,13.1,26.2
BNY,ab2023,1.0,1,133,43.8,11.4,18.0
BNY,ab2023,1.0,2,28,38.7,-6.6,7.1
BNY,ab2023,1.0,3,3,-5.3,-73.2,33.3
BNY,bis2022,1.0,0,388,1.9,-40.8,32.5
BNY,bis2022,1.0,1,647,-3.8,-31.4,22.7
BNY,bis2022,1.0,2,200,13.1,-16.4,16.0
BNY,bis2022,1.0,3,12,-46.1,-40.8,16.7
BP,ab2023,1.0,0,88,7.2,-64.5,43.2
BP,ab2023,1.0,1,152,-5.6,-32.9,26.3
BP,ab2023,1.0,2,49,1.0,-18.1,16.3
BP,ab2023,1.0,3,3,-47.1,-100.0,66.7
BP,bis2022,1.0,0,384,22.0,-37.2,35.4
BP,bis2022,1.0,1,675,-2.7,-32.9,25.6
BP,bis2022,1.0,2,159,-8.5,-30.3,24.5
BP,bis2022,1.0,3,11,3.5,-33.2,9.1
BRK-B,ab2023,1.0,0,78,10.7,-39.8,39.7
BRK-B,ab2023,1.0,1,140,0.3,-18.5,22.1
BRK-B,ab2023,1.0,2,31,6.8,-9.3,3.2
BRK-B,ab2023,1.0,3,3,-3.8,-26.5,0.0
BRK-B,bis2022,1.0,0,349,30.9,-29.6,36.1
BRK-B,bis2022,1.0,1,706,8.8,-29.0,23.8
BRK-B,bis2022,1.0,2,145,34.2,-4.7,15.2
BRK-B,bis2022,1.0,3,10,10.1,-7.4,10.0
BTI,ab2023,1.0,0,68,-0.8,-77.2,47.1
BTI,ab2023,1.0,1,129,-2.1,-36.5,27.9
BTI,ab2023,1.0,2,66,-8.8,-20.7,28.8
BTI,ab2023,1.0,3,6,67.4,67.8,16.7
BTI,bis2022,1.0,0,323,-15.8,-55.8,40.2
BTI,bis2022,1.0,1,640,-6.6,-33.8,24.8
BTI,bis2022,1.0,2,202,22.4,-8.3,20.8
BTI,bis2022,1.0,3,15,12.3,-12.9,6.7
C,ab2023,1.0,0,93,51.4,-49.4,38.7
C,ab2023,1.0,1,135,48.2,4.0,13.3
C,ab2023,1.0,2,23,119.9,103.6,4.3
C,ab2023,1.0,3,4,14.1,-21.4,0.0
C,bis2022,1.0,0,404,-8.5,-62.6,43.3
C,bis2022,1.0,1,641,4.2,-31.7,26.4
C,bis2022,1.0,2,170,-18.0,-40.0,22.9
C,bis2022,1.0,3,14,-18.9,-23.4,7.1
CAT,ab2023,1.0,0,61,73.5,-29.3,32.8
CAT,ab2023,1.0,1,159,55.7,-0.2,16.4
CAT,ab2023,1.0,2,34,47.1,-27.5,20.6
CAT,ab2023,1.0,3,2,256.2,256.2,0.0
CAT,bis2022,1.0,0,397,24.5,-29.9,34.8
CAT,bis2022,1.0,1,681,16.7,-19.3,19.7
CAT,bis2022,1.0,2,141,31.4,0.4,15.6
CAT,bis2022,1.0,3,8,1.1,-34.6,25.0
CB,ab2023,1.0,0,84,23.2,-56.6,45.2
CB,ab2023,1.0,1,129,-5.5,-23.0,24.0
CB,ab2023,1.0,2,29,-2.9,-21.3,17.2
CB,ab2023,1.0,3,1,407.4,407.4,0.0
CB,bis2022,1.0,0,405,-3.2,-53.0,38.8
CB,bis2022,1.0,1,673,-5.9,-34.7,25.0
CB,bis2022,1.0,2,162,4.0,-32.3,14.2
CB,bis2022,1.0,3,14,-9.1,-47.5,28.6
CBK.DE,ab2023,1.0,0,73,61.2,-17.7,27.4
CBK.DE,ab2023,1.0,1,162,29.9,-12.2,22.2
CBK.DE,ab2023,1.0,2,19,129.1,27.3,0.0
CBK.DE,ab2023,1.0,3,1,-23.8,-23.8,0.0
CBK.DE,bis2022,1.0,0,355,-3.2,-80.9,46.2
CBK.DE,bis2022,1.0,1,624,9.1,-40.4,30.8
CBK.DE,bis2022,1.0,2,138,-10.6,-35.6,20.3
CBK.DE,bis2022,1.0,3,14,-41.7,-45.8,28.6
CCEP,ab2023,1.0,0,77,49.1,-32.4,28.6
CCEP,ab2023,1.0,1,143,3.2,-36.2,22.4
CCEP,ab2023,1.0,2,28,97.9,68.4,7.1
CCEP,ab2023,1.0,3,3,-39.1,-53.1,0.0
CCEP,bis2022,1.0,0,360,-0.9,-42.2,36.4
CCEP,bis2022,1.0,1,590,10.5,-25.0,23.4
CCEP,bis2022,1.0,2,188,20.1,-9.9,21.3
CCEP,bis2022,1.0,3,29,14.1,3.0,13.8
CDNS,ab2023,1.0,0,82,-24.1,-72.6,42.7
CDNS,ab2023,1.0,1,125,-10.7,-44.5,36.0
CDNS,ab2023,1.0,2,41,38.5,15.6,7.3
CDNS,ab2023,1.0,3,8,-27.6,-20.0,12.5
CDNS,bis2022,1.0,0,341,33.1,-35.0,32.0
CDNS,bis2022,1.0,1,641,21.7,-12.5,17.5
CDNS,bis2022,1.0,2,148,24.8,-21.5,12.8
CDNS,bis2022,1.0,3,10,27.9,13.8,20.0
CDW,ab2023,1.0,0,60,10.9,-12.6,38.3
CDW,ab2023,1.0,1,113,4.9,-29.0,30.1
CDW,ab2023,1.0,2,58,28.9,-12.1,27.6
CDW,ab2023,1.0,3,3,3.7,8.0,0.0
CDW,bis2022,1.0,0,218,15.0,-44.6,38.5
CDW,bis2022,1.0,1,350,2.9,-24.6,20.6
CDW,bis2022,1.0,2,123,3.0,-21.7,12.2
CDW,bis2022,1.0,3,5,-22.7,-3.0,20.0
CEG,ab2023,1.0,0,73,44.9,-55.1,35.6
CEG,ab2023,1.0,1,142,6.3,-33.2,19.7
CEG,ab2023,1.0,2,45,15.4,-14.2,8.9
CEG,ab2023,1.0,3,5,-13.6,-32.6,20.0
CEG,bis2022,1.0,0,22,151.7,39.6,36.4
CEG,bis2022,1.0,1,25,15.5,9.5,16.0
CEG,bis2022,1.0,2,6,-56.4,-60.1,0.0
CHTR,ab2023,1.0,0,65,-30.0,-100.0,52.3
CHTR,ab2023,1.0,1,141,-12.9,-52.8,33.3
CHTR,ab2023,1.0,2,43,-25.3,-45.7,39.5
CHTR,ab2023,1.0,3,1,24.9,24.9,0.0
CHTR,bis2022,1.0,0,249,24.0,-34.0,35.3
CHTR,bis2022,1.0,1,505,30.5,-11.5,21.8
CHTR,bis2022,1.0,2,157,13.3,-9.6,12.1
CHTR,bis2022,1.0,3,12,14.6,-21.9,8.3
CL,ab2023,1.0,0,78,10.4,-28.1,34.6
CL,ab2023,1.0,1,127,3.2,-21.1,26.0
CL,ab2023,1.0,2,38,-5.0,-12.4,26.3
CL,ab2023,1.0,3,4,85.2,-17.4,0.0
CL,bis2022,1.0,0,356,-7.4,-38.2,36.0
CL,bis2022,1.0,1,633,-7.5,-26.3,21.5
CL,bis2022,1.0,2,193,3.4,-6.3,17.6
CL,bis2022,1.0,3,30,-16.7,-20.3,10.0
CM,ab2023,1.0,0,89,42.7,-27.8,30.3
CM,ab2023,1.0,1,132,28.5,3.4,9.8
CM,ab2023,1.0,2,41,49.2,4.9,4.9
CM,ab2023,1.0,3,1,29.6,29.6,0.0
CM,bis2022,1.0,0,390,17.4,-44.4,35.9
CM,bis2022,1.0,1,655,6.1,-26.9,21.1
CM,bis2022,1.0,2,204,0.2,-28.7,22.1
CM,bis2022,1.0,3,20,-4.7,-41.0,20.0
CMCSA,ab2023,1.0,0,66,28.6,-37.1,36.4
CMCSA,ab2023,1.0,1,130,-23.5,-43.4,29.2
CMCSA,ab2023,1.0,2,41,-39.3,-59.1,43.9
CMCSA,ab2023,1.0,3,4,61.0,92.0,25.0
CMCSA,bis2022,1.0,0,388,8.9,-54.6,38.9
CMCSA,bis2022,1.0,1,654,0.9,-26.8,25.1
CMCSA,bis2022,1.0,2,170,-4.7,-35.0,21.8
CMCSA,bis2022,1.0,3,9,2.0,-30.2,22.2
CNQ,ab2023,1.0,0,77,3.1,-59.6,44.2
CNQ,ab2023,1.0,1,143,-7.0,-33.5,25.2
CNQ,ab2023,1.0,2,25,77.1,22.2,12.0
CNQ,ab2023,1.0,3,2,-13.2,-13.2,0.0
CNQ,bis2022,1.0,0,425,-0.6,-61.1,40.7
CNQ,bis2022,1.0,1,667,3.8,-22.0,23.7
CNQ,bis2022,1.0,2,157,-11.1,-31.0,18.5
CNQ,bis2022,1.0,3,11,31.6,-34.3,9.1
COF,ab2023,1.0,0,85,12.7,-58.9,43.5
COF,ab2023,1.0,1,137,15.7,-42.9,31.4
COF,ab2023,1.0,2,39,18.0,-24.3,20.5
COF,ab2023,1.0,3,3,3.0,-28.5,0.0
COF,bis2022,1.0,0,414,-1.4,-53.3,41.3
COF,bis2022,1.0,1,687,3.2,-23.0,24.3
COF,bis2022,1.0,2,148,-20.6,-36.7,21.6
COF,bis2022,1.0,3,12,-47.0,-69.8,25.0
CON.DE,ab2023,1.0,0,92,-19.9,-76.7,44.6
CON.DE,ab2023,1.0,1,150,-6.3,-45.3,32.0
CON.DE,ab2023,1.0,2,35,-0.4,-19.4,22.9
CON.DE,ab2023,1.0,3,2,-63.1,-63.1,0.0
CON.DE,bis2022,1.0,0,340,5.1,-61.9,41.5
CON.DE,bis2022,1.0,1,619,-2.2,-37.8,27.3
CON.DE,bis2022,1.0,2,183,1.7,-27.5,22.4
CON.DE,bis2022,1.0,3,9,-11.8,-27.8,0.0
COP,ab2023,1.0,0,76,-20.2,-64.9,44.7
COP,ab2023,1.0,1,136,17.2,-2.3,16.2
COP,ab2023,1.0,2,50,3.5,-18.9,12.0
COP,ab2023,1.0,3,3,-65.4,-72.6,0.0
COP,bis2022,1.0,0,413,7.7,-57.0,40.9
COP,bis2022,1.0,1,674,12.4,-22.6,19.7
COP,bis2022,1.0,2,185,24.7,-6.1,13.5
COP,bis2022,1.0,3,7,-60.9,-57.4,28.6
COST,ab2023,1.0,0,57,45.1,-16.8,33.3
COST,ab2023,1.0,1,146,15.8,-22.2,17.1
COST,ab2023,1.0,2,39,21.8,-18.2,15.4
COST,ab2023,1.0,3,3,12.0,10.8,0.0
COST,bis2022,1.0,0,366,32.8,-30.6,31.7
COST,bis2022,1.0,1,615,25.7,-18.9,15.8
COST,bis2022,1.0,2,157,7.0,-20.7,20.4
COST,bis2022,1.0,3,16,-19.4,-45.1,6.2
CPRT,ab2023,1.0,0,64,29.8,-38.5,34.4
CPRT,ab2023,1.0,1,126,-7.6,-37.1,29.4
CPRT,ab2023,1.0,2,51,-17.2,-29.0,29.4
CPRT,ab2023,1.0,3,6,-49.5,-51.3,16.7
CPRT,bis2022,1.0,0,341,29.2,-29.5,30.2
CPRT,bis2022,1.0,1,675,31.8,-17.7,16.9
CPRT,bis2022,1.0,2,167,12.7,-11.0,20.4
CPRT,bis2022,1.0,3,14,14.7,-30.2,21.4
CRM,ab2023,1.0,0,81,49.6,-35.4,35.8
CRM,ab2023,1.0,1,123,15.0,-45.0,26.8
CRM,ab2023,1.0,2,54,3.5,-18.5,24.1
CRM,ab2023,1.0,3,4,-6.4,3.7,0.0
CRM,bis2022,1.0,0,331,6.3,-42.9,36.3
CRM,bis2022,1.0,1,658,14.6,-22.5,22.2
CRM,bis2022,1.0,2,207,37.4,-8.3,12.6
CRM,bis2022,1.0,3,17,-2.6,-30.0,29.4
CRWD,ab2023,1.0,0,73,51.2,-2.9,34.2
CRWD,ab2023,1.0,1,137,42.5,4.5,17.5
CRWD,ab2023,1.0,2,31,9.1,-20.6,16.1
CRWD,ab2023,1.0,3,4,-33.0,-19.2,25.0
CRWD,bis2022,1.0,0,68,3.7,-45.5,45.6
CRWD,bis2022,1.0,1,136,6.7,-28.4,21.3
CRWD,bis2022,1.0,2,28,47.5,22.4,3.6
CRWD,bis2022,1.0,3,3,-3.9,-66.6,33.3
CSCO,ab2023,1.0,0,83,60.0,9.5,31.3
CSCO,ab2023,1.0,1,148,8.8,-12.4,20.9
CSCO,ab2023,1.0,2,32,15.8,5.9,12.5
CSCO,ab2023,1.0,3,3,65.2,112.5,0.0
CSCO,bis2022,1.0,0,388,12.4,-42.4,36.6
CSCO,bis2022,1.0,1,661,1.8,-32.1,25.6
CSCO,bis2022,1.0,2,174,23.9,-13.0,18.4
CSCO,bis2022,1.0,3,9,21.3,-6.6,0.0
CSGP,ab2023,1.0,0,70,16.8,-95.1,50.0
CSGP,ab2023,1.0,1,131,5.1,-61.1,37.4
CSGP,ab2023,1.0,2,54,-36.4,-75.9,44.4
CSGP,ab2023,1.0,3,6,22.6,-39.1,16.7
CSGP,bis2022,1.0,0,352,8.0,-36.5,38.4
CSGP,bis2022,1.0,1,614,15.1,-21.9,21.7
CSGP,bis2022,1.0,2,194,15.0,-6.6,17.5
CSGP,bis2022,1.0,3,15,33.9,28.7,20.0
CSX,ab2023,1.0,0,67,1.4,-40.4,35.8
CSX,ab2023,1.0,1,143,15.1,-11.6,19.6
CSX,ab2023,1.0,2,42,14.3,-38.8,21.4
CSX,ab2023,1.0,3,4,95.5,55.4,0.0
CSX,bis2022,1.0,0,346,12.9,-22.1,26.9
CSX,bis2022,1.0,1,639,3.7,-23.2,16.1
CSX,bis2022,1.0,2,180,26.5,-11.7,12.8
CSX,bis2022,1.0,3,11,7.5,-25.1,9.1
CTAS,ab2023,1.0,0,81,21.5,-27.0,25.9
CTAS,ab2023,1.0,1,148,9.8,-16.1,18.2
CTAS,ab2023,1.0,2,41,20.5,24.5,9.8
CTAS,ab2023,1.0,3,2,4.5,4.5,0.0
CTAS,bis2022,1.0,0,382,20.2,-23.1,30.9
CTAS,bis2022,1.0,1,736,15.1,-16.0,17.0
CTAS,bis2022,1.0,2,126,9.6,-18.5,19.8
CTAS,bis2022,1.0,3,9,26.9,21.4,0.0
CTSH,ab2023,1.0,0,73,-15.9,-100.0,52.1
CTSH,ab2023,1.0,1,130,-7.6,-57.1,31.5
CTSH,ab2023,1.0,2,47,-9.6,-42.8,31.9
CTSH,ab2023,1.0,3,4,-48.1,-58.3,25.0
CTSH,bis2022,1.0,0,386,9.7,-42.4,43.0
CTSH,bis2022,1.0,1,663,-4.2,-38.9,30.8
CTSH,bis2022,1.0,2,160,-12.6,-34.9,26.2
CTSH,bis2022,1.0,3,16,-1.2,-13.0,12.5
CVS,ab2023,1.0,0,67,3.4,-73.9,46.3
CVS,ab2023,1.0,1,117,-12.9,-44.6,32.5
CVS,ab2023,1.0,2,35,9.1,-17.9,25.7
CVS,ab2023,1.0,3,5,53.3,60.4,20.0
CVS,bis2022,1.0,0,354,9.3,-43.2,38.4
CVS,bis2022,1.0,1,645,8.0,-19.2,21.1
CVS,bis2022,1.0,2,178,14.5,-23.1,16.9
CVS,bis2022,1.0,3,8,-15.9,-27.0,12.5
CVX,ab2023,1.0,0,72,9.0,-27.0,22.2
CVX,ab2023,1.0,1,168,-1.7,-28.2,17.9
CVX,ab2023,1.0,2,27,23.8,8.9,0.0
CVX,ab2023,1.0,3,1,-63.9,-63.9,0.0
CVX,bis2022,1.0,0,455,4.4,-42.7,37.1
CVX,bis2022,1.0,1,680,12.6,-20.5,18.2
CVX,bis2022,1.0,2,150,9.2,-19.3,12.7
CVX,bis2022,1.0,3,6,-38.1,-29.3,16.7
DASH,ab2023,1.0,0,67,28.7,-26.0,25.4
DASH,ab2023,1.0,1,151,33.0,7.6,20.5
DASH,ab2023,1.0,2,43,-1.0,-12.8,9.3
DASH,ab2023,1.0,3,1,-23.4,-23.4,0.0
DASH,bis2022,1.0,0,42,-33.0,-82.5,42.9
DASH,bis2022,1.0,1,81,-18.4,-29.8,21.0
DASH,bis2022,1.0,2,19,-36.8,-66.0,26.3
DASH,bis2022,1.0,3,2,-20.4,-20.4,0.0
DB1.DE,ab2023,1.0,0,86,6.5,-52.5,40.7
DB1.DE,ab2023,1.0,1,126,7.0,-25.0,21.4
DB1.DE,ab2023,1.0,2,42,-9.3,-31.5,14.3
DB1.DE,ab2023,1.0,3,3,29.9,-27.6,0.0
DB1.DE,bis2022,1.0,0,385,-2.3,-42.0,36.4
DB1.DE,bis2022,1.0,1,653,-8.1,-35.5,22.5
DB1.DE,bis2022,1.0,2,141,31.5,-2.6,13.5
DB1.DE,bis2022,1.0,3,9,63.7,-41.1,11.1
DBK.DE,ab2023,1.0,0,83,24.1,-20.4,31.3
DBK.DE,ab2023,1.0,1,179,25.5,-6.5,22.3
DBK.DE,ab2023,1.0,2,21,29.3,-8.8,9.5
DBK.DE,ab2023,1.0,3,2,167.8,167.8,0.0
DBK.DE,bis2022,1.0,0,373,-7.5,-72.9,43.2
DBK.DE,bis2022,1.0,1,651,-17.3,-49.2,32.0
DBK.DE,bis2022,1.0,2,163,-10.4,-26.0,25.2
DBK.DE,bis2022,1.0,3,11,-16.9,-8.9,18.2
DDOG,ab2023,1.0,0,94,99.3,-4.5,29.8
DDOG,ab2023,1.0,1,136,42.4,-7.0,21.3
DDOG,ab2023,1.0,2,38,78.6,-22.1,15.8
DDOG,ab2023,1.0,3,6,28.9,-1.5,0.0
DDOG,bis2022,1.0,0,73,4.0,-56.7,38.4
DDOG,bis2022,1.0,1,122,34.2,-20.4,23.8
DDOG,bis2022,1.0,2,43,69.7,-11.3,7.0
DDOG,bis2022,1.0,3,1,-10.7,-10.7,0.0
DE,ab2023,1.0,0,72,-13.9,-58.1,40.3
DE,ab2023,1.0,1,129,-16.3,-52.3,29.5
DE,ab2023,1.0,2,50,2.6,-27.6,14.0
DE,ab2023,1.0,3,4,13.4,23.5,0.0
DE,bis2022,1.0,0,363,11.4,-35.6,35.5
DE,bis2022,1.0,1,653,16.3,-24.8,19.6
DE,bis2022,1.0,2,210,21.0,-20.1,12.4
DE,bis2022,1.0,3,11,-15.8,-42.4,0.0
DELL,ab2023,1.0,0,80,86.7,2.1,27.5
DELL,ab2023,1.0,1,154,21.4,-13.9,22.7
DELL,ab2023,1.0,2,38,12.4,-10.9,28.9
DELL,ab2023,1.0,3,2,153.3,153.3,0.0
DELL,bis2022,1.0,0,123,26.7,-21.2,32.5
DELL,bis2022,1.0,1,238,28.4,-14.4,16.8
DELL,bis2022,1.0,2,82,21.0,-9.3,14.6
DELL,bis2022,1.0,3,6,-0.7,-35.8,0.0
DHL.DE,ab2023,1.0,0,90,16.4,-26.2,37.8
DHL.DE,ab2023,1.0,1,150,2.5,-25.3,21.3
DHL.DE,ab2023,1.0,2,33,-5.2,-47.2,30.3
DHL.DE,ab2023,1.0,3,2,-41.3,-41.3,0.0
DHL.DE,bis2022,1.0,0,320,6.9,-41.5,38.1
DHL.DE,bis2022,1.0,1,672,16.6,-13.2,21.9
DHL.DE,bis2022,1.0,2,182,1.4,-33.9,24.2
DHL.DE,bis2022,1.0,3,11,-14.8,-29.7,18.2
DHR,ab2023,1.0,0,86,-6.6,-32.3,34.9
DHR,ab2023,1.0,1,145,-23.8,-38.1,28.3
DHR,ab2023,1.0,2,42,-7.5,-35.1,28.6
DHR,ab2023,1.0,3,1,-60.0,-60.0,0.0
DHR,bis2022,1.0,0,374,17.8,-32.8,31.3
DHR,bis2022,1.0,1,673,8.7,-21.8,20.7
DHR,bis2022,1.0,2,206,28.7,-17.7,13.6
DHR,bis2022,1.0,3,15,12.0,-25.1,13.3
DIS,ab2023,1.0,0,76,-13.3,-100.0,52.6
DIS,ab2023,1.0,1,133,-10.4,-49.2,33.8
DIS,ab2023,1.0,2,55,32.5,-8.8,18.2
DIS,ab2023,1.0,3,3,-42.1,-36.8,0.0
DIS,bis2022,1.0,0,340,2.7,-54.7,38.2
DIS,bis2022,1.0,1,712,11.7,-23.7,21.6
DIS,bis2022,1.0,2,189,16.3,-31.6,22.8
DIS,bis2022,1.0,3,8,31.2,-10.7,12.5
DTE.DE,ab2023,1.0,0,67,20.9,-31.4,34.3
DTE.DE,ab2023,1.0,1,130,14.9,-6.2,26.9
DTE.DE,ab2023,1.0,2,34,-3.1,-10.7,11.8
DTE.DE,ab2023,1.0,3,1,32.2,32.2,0.0
DTE.DE,bis2022,1.0,0,361,-2.8,-46.9,40.7
DTE.DE,bis2022,1.0,1,684,-1.5,-29.0,25.1
DTE.DE,bis2022,1.0,2,125,-1.6,-29.8,15.2
DTE.DE,bis2022,1.0,3,7,74.3,9.2,28.6
DTG.DE,ab2023,1.0,0,87,74.8,-0.6,36.8
DTG.DE,ab2023,1.0,1,126,2.6,-41.7,34.1
DTG.DE,ab2023,1.0,2,39,6.6,-55.6,33.3
DTG.DE,bis2022,1.0,0,29,-15.5,-100.0,58.6
DTG.DE,bis2022,1.0,1,51,7.6,-47.1,31.4
DTG.DE,bis2022,1.0,2,1,33.3,33.3,0.0
DUK,ab2023,1.0,0,76,-8.1,-62.7,39.5
DUK,ab2023,1.0,1,136,1.5,-31.8,22.1
DUK,ab2023,1.0,2,36,17.2,2.4,8.3
DUK,ab2023,1.0,3,2,39.7,39.7,0.0
DUK,bis2022,1.0,0,345,-4.4,-45.1,34.2
DUK,bis2022,1.0,1,608,-0.6,-23.4,18.8
DUK,bis2022,1.0,2,176,17.8,-17.0,19.3
DUK,bis2022,1.0,3,11,20.9,-55.6,9.1
DXCM,ab2023,1.0,0,71,-12.3,-70.4,45.1
DXCM,ab2023,1.0,1,135,1.6,-24.5,25.2
DXCM,ab2023,1.0,2,44,-12.4,-41.1,18.2
DXCM,ab2023,1.0,3,6,-32.3,-41.7,16.7
DXCM,bis2022,1.0,0,306,39.2,-19.5,34.0
DXCM,bis2022,1.0,1,626,35.5,-12.1,19.8
DXCM,bis2022,1.0,2,163,51.6,-9.7,17.2
DXCM,bis2022,1.0,3,13,22.0,-35.8,23.1
EMR,ab2023,1.0,0,87,26.4,-47.8,35.6
EMR,ab2023,1.0,1,141,28.6,-25.5,24.1
EMR,ab2023,1.0,2,34,34.9,-31.9,2.9
EMR,ab2023,1.0,3,3,50.8,58.9,0.0
EMR,bis2022,1.0,0,390,-0.4,-48.3,35.6
EMR,bis2022,1.0,1,687,-3.9,-29.9,23.7
EMR,bis2022,1.0,2,182,14.7,-23.1,16.5
EMR,bis2022,1.0,3,14,54.3,32.2,14.3
ENB,ab2023,1.0,0,70,-18.8,-56.4,42.9
ENB,ab2023,1.0,1,143,-0.4,-22.0,21.7
ENB,ab2023,1.0,2,29,-4.1,-3.0,20.7
ENB,ab2023,1.0,3,2,-95.6,-95.6,50.0
ENB,bis2022,1.0,0,367,5.0,-32.6,34.9
ENB,bis2022,1.0,1,714,13.8,-12.5,19.0
ENB,bis2022,1.0,2,151,5.4,-16.7,15.2
ENB,bis2022,1.0,3,14,4.5,-2.8,7.1
ENR.DE,ab2023,1.0,0,72,16.7,-28.9,31.9
ENR.DE,ab2023,1.0,1,152,21.4,-16.5,15.8
ENR.DE,ab2023,1.0,2,37,37.8,1.5,16.2
ENR.DE,ab2023,1.0,3,2,-69.6,-69.6,50.0
ENR.DE,bis2022,1.0,0,36,2.3,-60.3,38.9
ENR.DE,bis2022,1.0,1,86,9.6,-34.7,27.9
ENR.DE,bis2022,1.0,2,31,-5.5,-36.2,12.9
EOAN.DE,ab2023,1.0,0,71,28.8,-34.0,36.6
EOAN.DE,ab2023,1.0,1,139,19.2,-15.5,15.8
EOAN.DE,ab2023,1.0,2,24,67.1,45.5,8.3
EOAN.DE,ab2023,1.0,3,1,-45.3,-45.3,0.0
EOAN.DE,bis2022,1.0,0,337,-6.2,-59.7,41.8
EOAN.DE,bis2022,1.0,1,680,5.7,-31.7,26.8
EOAN.DE,bis2022,1.0,2,160,-10.5,-42.1,23.8
EOAN.DE,bis2022,1.0,3,11,11.9,3.2,9.1
EQIX,ab2023,1.0,0,81,18.2,-19.5,33.3
EQIX,ab2023,1.0,1,141,8.5,-28.0,25.5
EQIX,ab2023,1.0,2,38,6.8,-14.6,21.1
EQIX,ab2023,1.0,3,2,135.6,135.6,0.0
EQIX,bis2022,1.0,0,354,24.3,-34.0,33.6
EQIX,bis2022,1.0,1,642,17.8,-15.9,18.5
EQIX,bis2022,1.0,2,183,14.4,-21.8,14.8
EQIX,bis2022,1.0,3,12,45.3,12.2,0.0
EQNR,ab2023,1.0,0,100,-10.7,-100.0,55.0
EQNR,ab2023,1.0,1,131,-7.4,-36.8,26.0
EQNR,ab2023,1.0,2,47,29.8,17.3,21.3
EQNR,ab2023,1.0,3,3,56.0,-0.3,33.3
EQNR,bis2022,1.0,0,380,21.4,-42.2,37.9
EQNR,bis2022,1.0,1,652,3.2,-26.5,24.8
EQNR,bis2022,1.0,2,146,3.2,-34.9,20.5
EQNR,bis2022,1.0,3,6,-0.1,-33.2,16.7
ETN,ab2023,1.0,0,85,15.0,-29.8,34.1
ETN,ab2023,1.0,1,153,-4.3,-21.7,20.9
ETN,ab2023,1.0,2,32,12.9,-15.8,15.6
ETN,ab2023,1.0,3,2,19.6,19.6,0.0
ETN,bis2022,1.0,0,353,15.3,-21.1,32.3
ETN,bis2022,1.0,1,707,12.4,-21.3,21.5
ETN,bis2022,1.0,2,178,16.0,-23.4,16.9
ETN,bis2022,1.0,3,15,9.9,-19.2,13.3
EXC,ab2023,1.0,0,79,-11.3,-71.0,45.6
EXC,ab2023,1.0,1,124,-7.4,-38.2,21.8
EXC,ab2023,1.0,2,37,41.9,1.7,2.7
EXC,ab2023,1.0,3,2,25.3,25.3,0.0
EXC,bis2022,1.0,0,322,14.2,-37.0,34.8
EXC,bis2022,1.0,1,623,5.9,-28.2,23.3
EXC,bis2022,1.0,2,175,-16.9,-38.5,20.6
EXC,bis2022,1.0,3,13,-8.0,-37.9,23.1
FANG,ab2023,1.0,0,88,-12.5,-71.9,46.6
FANG,ab2023,1.0,1,146,-7.1,-32.4,23.3
FANG,ab2023,1.0,2,34,4.1,-19.8,8.8
FANG,ab2023,1.0,3,3,40.1,40.9,0.0
FANG,bis2022,1.0,0,228,1.9,-35.4,32.9
FANG,bis2022,1.0,1,407,-1.7,-29.1,23.3
FANG,bis2022,1.0,2,135,0.6,-18.1,17.0
FANG,bis2022,1.0,3,11,14.3,5.1,9.1
FAST,ab2023,1.0,0,78,34.1,-30.9,32.1
FAST,ab2023,1.0,1,152,12.6,-26.9,20.4
FAST,ab2023,1.0,2,36,10.7,-21.5,33.3
FAST,ab2023,1.0,3,2,27.5,27.5,0.0
FAST,bis2022,1.0,0,369,17.2,-37.7,40.1
FAST,bis2022,1.0,1,654,-5.7,-39.3,26.0
FAST,bis2022,1.0,2,172,28.3,-0.4,19.2
FAST,bis2022,1.0,3,12,-7.2,1.1,25.0
FDX,ab2023,1.0,0,84,25.1,-54.1,44.0
FDX,ab2023,1.0,1,148,-2.0,-28.6,25.0
FDX,ab2023,1.0,2,22,39.1,-28.6,22.7
FDX,ab2023,1.0,3,1,-100.0,-100.0,100.0
FDX,bis2022,1.0,0,388,10.1,-45.0,38.7
FDX,bis2022,1.0,1,653,7.4,-22.0,24.0
FDX,bis2022,1.0,2,151,7.8,-11.0,20.5
FDX,bis2022,1.0,3,4,64.6,-14.9,0.0
FRE.DE,ab2023,1.0,0,60,31.9,-22.4,38.3
FRE.DE,ab2023,1.0,1,134,16.7,-17.5,23.1
FRE.DE,ab2023,1.0,2,34,26.1,-25.1,11.8
FRE.DE,ab2023,1.0,3,2,-15.0,-15.0,0.0
FRE.DE,bis2022,1.0,0,330,11.9,-42.7,37.6
FRE.DE,bis2022,1.0,1,656,-1.6,-30.4,28.5
FRE.DE,bis2022,1.0,2,193,-1.4,-27.4,26.9
FRE.DE,bis2022,1.0,3,18,32.2,12.9,0.0
FTNT,ab2023,1.0,0,83,31.0,-36.6,38.6
FTNT,ab2023,1.0,1,127,16.8,-37.1,23.6
FTNT,ab2023,1.0,2,44,11.0,-18.0,13.6
FTNT,ab2023,1.0,3,7,48.7,16.5,14.3
FTNT,bis2022,1.0,0,272,24.1,-29.8,36.8
FTNT,bis2022,1.0,1,516,5.5,-24.1,24.4
FTNT,bis2022,1.0,2,140,22.1,-13.9,17.9
FTNT,bis2022,1.0,3,8,123.8,126.9,12.5
GD,ab2023,1.0,0,76,18.1,-47.7,31.6
GD,ab2023,1.0,1,127,6.8,-20.6,18.1
GD,ab2023,1.0,2,47,11.3,-15.4,12.8
GD,ab2023,1.0,3,5,15.4,17.4,0.0
GD,bis2022,1.0,0,346,18.7,-29.7,34.1
GD,bis2022,1.0,1,651,3.4,-25.8,21.7
GD,bis2022,1.0,2,218,24.4,-6.5,11.9
GD,bis2022,1.0,3,15,-32.9,-47.5,13.3
GE,ab2023,1.0,0,85,67.1,-1.8,25.9
GE,ab2023,1.0,1,152,48.3,7.2,12.5
GE,ab2023,1.0,2,14,54.8,54.1,7.1
GE,ab2023,1.0,3,2,152.9,152.9,0.0
GE,bis2022,1.0,0,369,-5.2,-64.8,43.1
GE,bis2022,1.0,1,605,2.3,-37.9,30.7
GE,bis2022,1.0,2,188,-2.4,-29.8,25.5
GE,bis2022,1.0,3,16,3.6,-11.0,0.0
GEHC,ab2023,1.0,0,72,7.1,-28.8,31.9
GEHC,ab2023,1.0,1,140,-14.9,-41.8,28.6
GEHC,ab2023,1.0,2,40,-21.9,-36.7,20.0
GEHC,ab2023,1.0,3,2,-7.5,-7.5,0.0
GEV,ab2023,1.0,0,30,80.3,-13.7,30.0
GEV,ab2023,1.0,1,113,18.4,-19.9,23.0
GEV,ab2023,1.0,2,16,27.1,-8.1,6.2
GEV,ab2023,1.0,3,3,264.2,212.5,0.0
GFS,ab2023,1.0,0,84,-3.7,-100.0,53.6
GFS,ab2023,1.0,1,134,-18.1,-69.6,41.0
GFS,ab2023,1.0,2,38,26.8,-1.1,15.8
GFS,ab2023,1.0,3,4,15.0,24.0,0.0
GFS,bis2022,1.0,0,28,-20.3,-63.5,35.7
GFS,bis2022,1.0,1,37,-34.2,-46.6,35.1
GFS,bis2022,1.0,2,9,35.6,-29.1,44.4
GFS,bis2022,1.0,3,1,-100.0,-100.0,100.0
GILD,ab2023,1.0,0,79,12.2,-74.7,38.0
GILD,ab2023,1.0,1,117,16.6,-30.2,22.2
GILD,ab2023,1.0,2,37,2.4,-13.7,8.1
GILD,ab2023,1.0,3,2,-61.7,-61.7,0.0
GILD,bis2022,1.0,0,332,1.6,-47.0,36.7
GILD,bis2022,1.0,1,665,7.9,-27.1,23.0
GILD,bis2022,1.0,2,168,-7.8,-35.3,23.2
GILD,bis2022,1.0,3,8,18.8,26.9,12.5
GLW,ab2023,1.0,0,85,81.6,-15.6,28.2
GLW,ab2023,1.0,1,125,51.4,-5.0,20.0
GLW,ab2023,1.0,2,35,83.7,79.8,0.0
GLW,ab2023,1.0,3,1,-100.0,-100.0,100.0
GLW,bis2022,1.0,0,357,3.6,-45.7,38.9
GLW,bis2022,1.0,1,650,-1.1,-32.1,27.1
GLW,bis2022,1.0,2,158,-6.0,-26.7,20.9
GLW,bis2022,1.0,3,14,1.1,-17.9,0.0
GM,ab2023,1.0,0,87,23.0,-42.3,32.2
GM,ab2023,1.0,1,155,3.9,-25.4,21.9
GM,ab2023,1.0,2,37,-21.1,-26.3,10.8
GM,ab2023,1.0,3,3,-43.4,-58.7,0.0
GM,bis2022,1.0,0,265,-4.2,-48.2,42.3
GM,bis2022,1.0,1,468,-3.6,-42.8,29.7
GM,bis2022,1.0,2,115,-23.1,-27.3,19.1
GM,bis2022,1.0,3,7,-19.9,-27.4,0.0
GOOG,ab2023,1.0,0,94,24.9,-37.6,37.2
GOOG,ab2023,1.0,1,143,29.5,-14.9,16.1
GOOG,ab2023,1.0,2,32,-6.9,-20.3,18.8
GOOG,ab2023,1.0,3,2,184.6,184.6,0.0
GOOG,bis2022,1.0,0,390,22.7,-32.8,35.1
GOOG,bis2022,1.0,1,657,23.7,-19.8,21.0
GOOG,bis2022,1.0,2,146,23.5,-7.1,14.4
GOOG,bis2022,1.0,3,4,-51.4,-46.3,25.0
GOOGL,ab2023,1.0,0,93,23.9,-28.2,34.4
GOOGL,ab2023,1.0,1,149,28.2,-10.9,16.8
GOOGL,ab2023,1.0,2,32,13.3,-12.6,15.6
GOOGL,ab2023,1.0,3,1,-46.8,-46.8,0.0
GOOGL,bis2022,1.0,0,396,17.7,-39.1,36.6
GOOGL,bis2022,1.0,1,682,24.4,-17.4,20.7
GOOGL,bis2022,1.0,2,137,18.0,-16.8,14.6
GOOGL,bis2022,1.0,3,5,-56.8,-54.4,20.0
GS,ab2023,1.0,0,90,59.7,-24.9,32.2
GS,ab2023,1.0,1,131,36.6,-6.2,13.0
GS,ab2023,1.0,2,32,127.0,69.4,3.1
GS,ab2023,1.0,3,3,71.5,43.9,0.0
GS,bis2022,1.0,0,397,7.7,-55.1,39.5
GS,bis2022,1.0,1,653,19.6,-26.3,26.2
GS,bis2022,1.0,2,163,16.2,-21.2,15.3
GS,bis2022,1.0,3,8,6.2,-10.6,25.0
GSK,ab2023,1.0,0,101,25.3,-33.1,37.6
GSK,ab2023,1.0,1,131,6.0,-27.1,25.2
GSK,ab2023,1.0,2,41,-0.6,-5.7,19.5
GSK,bis2022,1.0,0,365,-11.3,-58.7,40.0
GSK,bis2022,1.0,1,679,-5.1,-34.2,23.7
GSK,bis2022,1.0,2,167,-19.1,-29.1,26.3
GSK,bis2022,1.0,3,12,-23.7,-28.1,16.7
HD,ab2023,1.0,0,75,24.9,-27.8,29.3
HD,ab2023,1.0,1,137,-3.3,-21.6,24.8
HD,ab2023,1.0,2,48,36.3,-23.1,16.7
HD,ab2023,1.0,3,5,16.6,-18.6,0.0
HD,bis2022,1.0,0,364,26.7,-43.6,34.9
HD,bis2022,1.0,1,660,20.4,-17.1,21.8
HD,bis2022,1.0,2,149,3.2,-12.1,18.1
HD,bis2022,1.0,3,13,-2.1,-10.0,15.4
HDB,ab2023,1.0,0,75,10.9,-30.8,40.0
HDB,ab2023,1.0,1,149,9.3,-31.9,22.8
HDB,ab2023,1.0,2,37,42.8,6.5,8.1
HDB,ab2023,1.0,3,2,-11.3,-11.3,50.0
HDB,bis2022,1.0,0,366,15.0,-33.4,35.5
HDB,bis2022,1.0,1,682,20.6,-20.2,17.9
HDB,bis2022,1.0,2,160,15.9,-12.1,9.4
HDB,bis2022,1.0,3,19,-2.3,-5.5,26.3
HEI.DE,ab2023,1.0,0,70,16.3,-36.8,35.7
HEI.DE,ab2023,1.0,1,164,25.5,-17.7,17.1
HEI.DE,ab2023,1.0,2,26,-5.1,-12.0,7.7
HEI.DE,ab2023,1.0,3,1,258.4,258.4,0.0
HEI.DE,bis2022,1.0,0,369,2.2,-47.6,37.7
HEI.DE,bis2022,1.0,1,624,4.2,-24.0,24.0
HEI.DE,bis2022,1.0,2,210,0.1,-29.5,15.7
HEI.DE,bis2022,1.0,3,14,-36.7,-37.2,21.4
HEN3.DE,ab2023,1.0,0,80,18.3,-48.0,43.8
HEN3.DE,ab2023,1.0,1,123,24.0,-17.5,24.4
HEN3.DE,ab2023,1.0,2,37,-30.0,-39.4,29.7
HEN3.DE,ab2023,1.0,3,1,-8.1,-8.1,0.0
HEN3.DE,bis2022,1.0,0,347,8.5,-51.6,40.9
HEN3.DE,bis2022,1.0,1,693,-9.7,-38.9,31.3
HEN3.DE,bis2022,1.0,2,175,-1.9,-17.1,24.0
HEN3.DE,bis2022,1.0,3,7,-19.6,-31.2,14.3
HNR1.DE,ab2023,1.0,0,61,-4.7,-25.7,34.4
HNR1.DE,ab2023,1.0,1,134,-1.4,-37.3,22.4
HNR1.DE,ab2023,1.0,2,33,29.7,-2.0,6.1
HNR1.DE,ab2023,1.0,3,3,-14.6,-38.2,0.0
HNR1.DE,bis2022,1.0,0,378,15.5,-43.0,39.4
HNR1.DE,bis2022,1.0,1,685,3.3,-24.2,22.9
HNR1.DE,bis2022,1.0,2,124,7.1,-19.7,12.1
HNR1.DE,bis2022,1.0,3,12,3.4,-28.2,0.0
HON,ab2023,1.0,0,65,-37.1,-100.0,52.3
HON,ab2023,1.0,1,149,-3.9,-22.0,24.2
HON,ab2023,1.0,2,46,17.0,-2.4,6.5
HON,ab2023,1.0,3,2,-62.8,-62.8,50.0
HON,bis2022,1.0,0,403,16.5,-23.7,30.5
HON,bis2022,1.0,1,688,8.4,-24.5,17.2
HON,bis2022,1.0,2,184,23.3,-8.5,16.8
HON,bis2022,1.0,3,12,18.5,1.0,16.7
HSBC,ab2023,1.0,0,90,57.9,13.9,33.3
HSBC,ab2023,1.0,1,162,51.9,-2.5,14.2
HSBC,ab2023,1.0,2,26,46.3,-1.5,3.8
HSBC,ab2023,1.0,3,4,-24.5,-36.8,0.0
HSBC,bis2022,1.0,0,418,-6.6,-60.8,41.4
HSBC,bis2022,1.0,1,705,-18.1,-45.0,28.4
HSBC,bis2022,1.0,2,136,-5.2,-26.1,19.9
HSBC,bis2022,1.0,3,11,-20.6,-41.4,18.2
IBM,ab2023,1.0,0,74,33.2,-71.7,48.6
IBM,ab2023,1.0,1,119,12.3,-41.5,31.1
IBM,ab2023,1.0,2,56,39.4,-23.9,26.8
IBM,ab2023,1.0,3,2,150.8,150.8,0.0
IBM,bis2022,1.0,0,387,9.2,-45.3,39.8
IBM,bis2022,1.0,1,630,19.9,-28.9,25.1
IBM,bis2022,1.0,2,189,9.9,-15.6,17.5
IBM,bis2022,1.0,3,9,10.2,-8.4,11.1
IBN,ab2023,1.0,0,92,-16.9,-54.2,41.3
IBN,ab2023,1.0,1,144,7.1,-33.2,22.9
IBN,ab2023,1.0,2,46,29.1,-20.3,8.7
IBN,ab2023,1.0,3,3,55.9,60.7,0.0
IBN,bis2022,1.0,0,311,12.8,-51.8,39.2
IBN,bis2022,1.0,1,669,4.0,-28.8,24.4
IBN,bis2022,1.0,2,181,5.6,-26.8,17.7
IBN,bis2022,1.0,3,15,14.2,-2.6,6.7
IDXX,ab2023,1.0,0,66,-8.6,-71.1,34.8
IDXX,ab2023,1.0,1,139,-23.2,-59.8,33.8
IDXX,ab2023,1.0,2,54,-40.1,-52.8,31.5
IDXX,ab2023,1.0,3,1,46.5,46.5,0.0
IDXX,bis2022,1.0,0,327,49.2,-17.4,34.9
IDXX,bis2022,1.0,1,707,33.9,-14.6,21.9
IDXX,bis2022,1.0,2,170,31.9,2.2,9.4
IDXX,bis2022,1.0,3,11,43.4,9.9,0.0
IFX.DE,ab2023,1.0,0,85,17.9,-35.3,41.2
IFX.DE,ab2023,1.0,1,144,-5.8,-40.7,22.9
IFX.DE,ab2023,1.0,2,39,59.6,-15.3,7.7
IFX.DE,ab2023,1.0,3,4,-11.9,-32.9,0.0
IFX.DE,bis2022,1.0,0,343,24.4,-30.9,37.6
IFX.DE,bis2022,1.0,1,620,23.0,-9.3,19.2
IFX.DE,bis2022,1.0,2,165,9.8,-17.0,20.6
IFX.DE,bis2022,1.0,3,7,10.7,-24.6,14.3
ILMN,ab2023,1.0,0,72,-9.7,-66.5,43.1
ILMN,ab2023,1.0,1,117,-12.3,-50.6,38.5
ILMN,ab2023,1.0,2,69,22.4,-2.7,15.9
ILMN,ab2023,1.0,3,9,56.2,26.4,0.0
ILMN,bis2022,1.0,0,306,12.1,-47.0,39.5
ILMN,bis2022,1.0,1,620,18.7,-22.2,25.3
ILMN,bis2022,1.0,2,211,22.4,-14.9,17.5
ILMN,bis2022,1.0,3,11,-9.8,-35.4,18.2
ING,ab2023,1.0,0,87,48.6,-22.2,39.1
ING,ab2023,1.0,1,161,7.7,-22.7,25.5
ING,ab2023,1.0,2,22,35.5,2.7,18.2
ING,ab2023,1.0,3,2,69.6,69.6,0.0
ING,bis2022,1.0,0,391,-12.2,-64.4,43.7
ING,bis2022,1.0,1,657,-9.7,-37.4,30.3
ING,bis2022,1.0,2,153,4.5,-23.2,21.6
ING,bis2022,1.0,3,13,31.9,-36.7,0.0
INTC,ab2023,1.0,0,79,-3.2,-100.0,54.4
INTC,ab2023,1.0,1,118,34.8,-9.9,29.7
INTC,ab2023,1.0,2,65,55.6,20.9,10.8
INTC,ab2023,1.0,3,5,80.1,34.6,0.0
INTC,bis2022,1.0,0,374,7.1,-65.0,44.1
INTC,bis2022,1.0,1,635,13.5,-28.2,25.8
INTC,bis2022,1.0,2,204,13.9,-17.7,19.6
INTC,bis2022,1.0,3,12,0.0,-17.2,16.7
INTU,ab2023,1.0,0,64,19.7,-36.7,42.2
INTU,ab2023,1.0,1,156,-8.7,-39.8,32.1
INTU,ab2023,1.0,2,53,37.5,17.4,22.6
INTU,ab2023,1.0,3,4,9.6,-3.0,25.0
INTU,bis2022,1.0,0,384,18.5,-33.2,33.1
INTU,bis2022,1.0,1,677,18.3,-20.6,22.7
INTU,bis2022,1.0,2,123,37.2,0.8,13.0
INTU,bis2022,1.0,3,13,10.5,5.7,0.0
ISRG,ab2023,1.0,0,89,5.9,-55.7,40.4
ISRG,ab2023,1.0,1,130,12.7,-19.8,20.0
ISRG,ab2023,1.0,2,47,26.6,-18.5,17.0
ISRG,ab2023,1.0,3,4,-57.8,-60.0,50.0
ISRG,bis2022,1.0,0,360,37.5,-19.6,33.3
ISRG,bis2022,1.0,1,625,15.7,-25.8,21.9
ISRG,bis2022,1.0,2,178,5.5,-21.7,15.2
ISRG,bis2022,1.0,3,12,65.5,48.5,0.0
JNJ,ab2023,1.0,0,94,-5.4,-59.8,35.1
JNJ,ab2023,1.0,1,125,-1.3,-22.4,23.2
JNJ,ab2023,1.0,2,31,-25.2,-54.4,25.8
JNJ,ab2023,1.0,3,2,-36.1,-36.1,0.0
JNJ,bis2022,1.0,0,379,1.6,-41.7,33.0
JNJ,bis2022,1.0,1,673,10.5,-26.4,21.8
JNJ,bis2022,1.0,2,160,30.9,-5.3,9.4
JNJ,bis2022,1.0,3,12,-23.9,-26.7,0.0
JPM,ab2023,1.0,0,78,51.3,-12.6,25.6
JPM,ab2023,1.0,1,143,24.5,-13.1,16.1
JPM,ab2023,1.0,2,34,79.7,50.3,2.9
JPM,ab2023,1.0,3,2,193.2,193.2,0.0
JPM,bis2022,1.0,0,461,17.6,-40.7,35.6
JPM,bis2022,1.0,1,670,4.1,-31.3,22.2
JPM,bis2022,1.0,2,139,-10.1,-25.9,12.2
JPM,bis2022,1.0,3,15,-17.2,-40.4,13.3
KDP,ab2023,1.0,0,55,-14.0,-60.3,40.0
KDP,ab2023,1.0,1,131,-11.5,-39.1,30.5
KDP,ab2023,1.0,2,46,11.8,-50.0,34.8
KDP,ab2023,1.0,3,3,12.7,-32.6,0.0
KDP,bis2022,1.0,0,349,23.3,-22.0,34.4
KDP,bis2022,1.0,1,544,13.8,-24.6,21.9
KDP,bis2022,1.0,2,143,26.1,-3.2,12.6
KDP,bis2022,1.0,3,11,52.8,54.4,27.3
KHC,ab2023,1.0,0,72,-23.1,-78.2,47.2
KHC,ab2023,1.0,1,133,-28.1,-54.5,36.1
KHC,ab2023,1.0,2,30,4.1,-58.5,23.3
KHC,ab2023,1.0,3,4,9.6,-28.0,50.0
KHC,bis2022,1.0,0,163,8.6,-60.3,40.5
KHC,bis2022,1.0,1,272,7.3,-38.9,29.8
KHC,bis2022,1.0,2,86,-28.9,-46.1,33.7
KHC,bis2022,1.0,3,6,35.0,30.7,16.7
KLAC,ab2023,1.0,0,98,19.6,-38.2,29.6
KLAC,ab2023,1.0,1,146,15.0,-25.4,20.5
KLAC,ab2023,1.0,2,36,44.0,22.3,8.3
KLAC,ab2023,1.0,3,3,41.6,16.6,0.0
KLAC,bis2022,1.0,0,355,16.8,-37.4,34.1
KLAC,bis2022,1.0,1,673,19.0,-17.3,18.7
KLAC,bis2022,1.0,2,179,10.6,-22.0,19.0
KLAC,bis2022,1.0,3,13,-4.5,-36.4,7.7
KO,ab2023,1.0,0,87,-7.0,-59.5,37.9
KO,ab2023,1.0,1,141,4.2,-29.2,22.0
KO,ab2023,1.0,2,27,58.0,22.3,14.8
KO,ab2023,1.0,3,2,-15.0,-15.0,0.0
KO,bis2022,1.0,0,369,14.7,-36.7,33.1
KO,bis2022,1.0,1,661,-3.0,-35.7,23.3
KO,bis2022,1.0,2,155,41.2,4.0,9.0
KO,bis2022,1.0,3,12,-39.6,-30.9,8.3
LIN,ab2023,1.0,0,98,-8.1,-26.6,35.7
LIN,ab2023,1.0,1,167,-17.8,-26.2,21.6
LIN,ab2023,1.0,2,29,-1.4,-44.6,34.5
LIN,ab2023,1.0,3,2,190.4,190.4,0.0
LIN,bis2022,1.0,0,438,8.2,-26.1,32.6
LIN,bis2022,1.0,1,688,-3.6,-16.1,20.2
LIN,bis2022,1.0,2,167,11.9,-16.4,12.0
LIN,bis2022,1.0,3,13,-16.0,-34.3,7.7
LLY,ab2023,1.0,0,73,55.0,-11.8,30.1
LLY,ab2023,1.0,1,141,40.3,-4.3,23.4
LLY,ab2023,1.0,2,20,15.8,-5.5,20.0
LLY,ab2023,1.0,3,4,77.4,57.5,0.0
LLY,bis2022,1.0,0,375,23.6,-46.2,38.9
LLY,bis2022,1.0,1,656,30.0,-24.7,24.7
LLY,bis2022,1.0,2,154,36.7,4.4,7.8
LLY,bis2022,1.0,3,10,80.5,24.0,0.0
LMT,ab2023,1.0,0,56,25.1,-73.4,44.6
LMT,ab2023,1.0,1,143,-9.8,-40.1,28.0
LMT,ab2023,1.0,2,42,24.5,-11.2,19.0
LMT,ab2023,1.0,3,5,55.5,73.0,20.0
LMT,bis2022,1.0,0,354,-1.1,-50.1,43.2
LMT,bis2022,1.0,1,720,8.9,-28.4,24.4
LMT,bis2022,1.0,2,128,9.7,-18.8,17.2
LMT,bis2022,1.0,3,8,35.7,-34.2,25.0
LOW,ab2023,1.0,0,83,16.0,-67.6,42.2
LOW,ab2023,1.0,1,143,-2.3,-28.7,27.3
LOW,ab2023,1.0,2,42,-27.2,-41.9,31.0
LOW,ab2023,1.0,3,2,-12.2,-12.2,0.0
LOW,bis2022,1.0,0,360,11.0,-49.0,39.7
LOW,bis2022,1.0,1,657,13.4,-24.0,23.3
LOW,bis2022,1.0,2,153,-3.9,-27.7,23.5
LOW,bis2022,1.0,3,9,5.9,-33.9,11.1
LRCX,ab2023,1.0,0,98,38.7,0.1,28.6
LRCX,ab2023,1.0,1,156,13.0,-21.4,26.9
LRCX,ab2023,1.0,2,20,72.8,22.2,10.0
LRCX,ab2023,1.0,3,3,26.3,22.1,33.3
LRCX,bis2022,1.0,0,343,26.7,-45.3,36.2
LRCX,bis2022,1.0,1,689,22.0,-12.0,24.1
LRCX,bis2022,1.0,2,166,-1.4,-30.5,18.1
LRCX,bis2022,1.0,3,15,37.0,22.9,6.7
LULU,ab2023,1.0,0,87,-35.4,-100.0,56.3
LULU,ab2023,1.0,1,116,13.0,-19.4,29.3
LULU,ab2023,1.0,2,56,-13.8,-40.0,25.0
LULU,ab2023,1.0,3,2,-27.6,-27.6,0.0
LULU,bis2022,1.0,0,352,20.3,-38.9,36.6
LULU,bis2022,1.0,1,549,18.5,-20.0,19.3
LULU,bis2022,1.0,2,181,12.3,-17.4,23.8
LULU,bis2022,1.0,3,20,7.0,-11.2,20.0
MA,ab2023,1.0,0,85,-23.8,-68.0,45.9
MA,ab2023,1.0,1,149,-8.6,-32.7,22.1
MA,ab2023,1.0,2,46,22.6,-3.7,15.2
MA,bis2022,1.0,0,371,28.4,-22.4,31.5
MA,bis2022,1.0,1,664,22.6,-11.7,19.6
MA,bis2022,1.0,2,158,21.1,-4.7,19.0
MA,bis2022,1.0,3,15,78.3,-17.2,0.0
MAR,ab2023,1.0,0,66,41.6,-8.8,24.2
MAR,ab2023,1.0,1,144,0.1,-33.0,19.4
MAR,ab2023,1.0,2,29,70.0,19.5,3.4
MAR,ab2023,1.0,3,2,75.9,75.9,0.0
MAR,bis2022,1.0,0,384,16.6,-37.8,31.2
MAR,bis2022,1.0,1,666,22.3,-16.5,20.0
MAR,bis2022,1.0,2,163,50.2,-4.2,12.9
MAR,bis2022,1.0,3,11,-8.4,-55.3,18.2
MBG.DE,ab2023,1.0,0,91,-27.4,-75.6,39.6
MBG.DE,ab2023,1.0,1,125,-13.7,-34.9,30.4
MBG.DE,ab2023,1.0,2,55,12.6,-12.3,9.1
MBG.DE,ab2023,1.0,3,2,-39.7,-39.7,0.0
MBG.DE,bis2022,1.0,0,361,8.1,-35.3,34.1
MBG.DE,bis2022,1.0,1,691,-3.5,-28.0,21.9
MBG.DE,bis2022,1.0,2,190,4.2,-29.0,17.9
MBG.DE,bis2022,1.0,3,8,-41.0,-31.4,25.0
MCD,ab2023,1.0,0,77,-26.8,-65.1,40.3
MCD,ab2023,1.0,1,133,1.8,-21.7,15.0
MCD,ab2023,1.0,2,51,-35.5,-36.2,21.6
MCD,ab2023,1.0,3,4,27.8,19.7,0.0
MCD,bis2022,1.0,0,344,23.5,-21.9,33.4
MCD,bis2022,1.0,1,667,13.8,-15.7,18.4
MCD,bis2022,1.0,2,195,18.9,-9.8,12.8
MCD,bis2022,1.0,3,16,26.5,9.1,0.0
MCHP,ab2023,1.0,0,89,-1.7,-66.8,42.7
MCHP,ab2023,1.0,1,150,-14.7,-45.2,28.0
MCHP,ab2023,1.0,2,45,33.7,-30.1,15.6
MCHP,ab2023,1.0,3,2,156.2,156.2,0.0
MCHP,bis2022,1.0,0,353,2.0,-47.2,36.0
MCHP,bis2022,1.0,1,719,0.5,-26.9,21.8
MCHP,bis2022,1.0,2,143,5.1,-24.7,26.6
MCHP,bis2022,1.0,3,16,12.5,-20.8,18.8
MCK,ab2023,1.0,0,82,2.5,-39.8,39.0
MCK,ab2023,1.0,1,138,8.4,-12.4,20.3
MCK,ab2023,1.0,2,41,7.1,-49.3,26.8
MCK,bis2022,1.0,0,362,14.5,-38.6,32.3
MCK,bis2022,1.0,1,660,0.7,-26.5,20.5
MCK,bis2022,1.0,2,179,18.8,-2.6,13.4
MCK,bis2022,1.0,3,20,10.7,-21.2,10.0
MDB,ab2023,1.0,0,89,69.8,-30.1,33.7
MDB,ab2023,1.0,1,138,7.4,-34.8,27.5
MDB,ab2023,1.0,2,50,41.8,16.0,14.0
MDB,ab2023,1.0,3,3,-37.4,-100.0,66.7
MDB,bis2022,1.0,0,109,39.1,-38.7,38.5
MDB,bis2022,1.0,1,176,27.6,-23.9,23.9
MDB,bis2022,1.0,2,51,36.8,-3.3,15.7
MDB,bis2022,1.0,3,3,38.8,-21.1,33.3
MDLZ,ab2023,1.0,0,68,-17.9,-56.1,42.6
MDLZ,ab2023,1.0,1,129,-13.7,-34.7,27.9
MDLZ,ab2023,1.0,2,49,-24.3,-59.5,20.4
MDLZ,ab2023,1.0,3,1,-84.7,-84.7,0.0
MDLZ,bis2022,1.0,0,376,1.2,-49.5,39.1
MDLZ,bis2022,1.0,1,647,2.1,-25.6,23.3
MDLZ,bis2022,1.0,2,179,0.9,-23.3,19.0
MDLZ,bis2022,1.0,3,14,21.5,-23.4,0.0
MDT,ab2023,1.0,0,72,5.9,-44.1,36.1
MDT,ab2023,1.0,1,123,-4.8,-35.1,30.1
MDT,ab2023,1.0,2,43,8.7,-24.2,18.6
MDT,ab2023,1.0,3,3,42.8,15.8,0.0
MDT,bis2022,1.0,0,405,5.0,-51.5,38.3
MDT,bis2022,1.0,1,659,4.7,-23.6,24.6
MDT,bis2022,1.0,2,158,-7.8,-22.4,22.8
MDT,bis2022,1.0,3,9,-12.7,-29.9,22.2
MELI,ab2023,1.0,0,84,-26.6,-100.0,53.6
MELI,ab2023,1.0,1,149,-1.2,-39.2,22.8
MELI,ab2023,1.0,2,30,50.7,44.2,10.0
MELI,ab2023,1.0,3,1,114.6,114.6,0.0
MELI,bis2022,1.0,0,329,49.7,-5.1,30.1
MELI,bis2022,1.0,1,579,32.9,-19.7,20.9
MELI,bis2022,1.0,2,154,31.9,-14.3,11.7
MELI,bis2022,1.0,3,15,14.8,-21.0,13.3
META,ab2023,1.0,0,94,73.7,6.9,25.5
META,ab2023,1.0,1,150,17.7,-23.0,18.0
META,ab2023,1.0,2,31,28.7,-2.7,25.8
META,ab2023,1.0,3,2,-43.3,-43.3,0.0
META,bis2022,1.0,0,219,17.2,-27.4,37.4
META,bis2022,1.0,1,436,16.5,-29.2,22.7
META,bis2022,1.0,2,97,13.9,-17.0,16.5
META,bis2022,1.0,3,6,-52.0,-51.9,33.3
MFG,ab2023,1.0,0,84,104.0,61.6,26.2
MFG,ab2023,1.0,1,184,72.7,47.1,18.5
MFG,ab2023,1.0,2,17,11.6,-21.0,11.8
MFG,ab2023,1.0,3,1,97.5,97.5,0.0
MFG,bis2022,1.0,0,373,7.8,-73.2,48.3
MFG,bis2022,1.0,1,552,8.2,-42.3,33.0
MFG,bis2022,1.0,2,106,23.7,-22.1,13.2
MFG,bis2022,1.0,3,10,-26.0,-41.4,20.0
MMM,ab2023,1.0,0,66,26.2,-19.0,34.8
MMM,ab2023,1.0,1,120,23.0,-13.6,17.5
MMM,ab2023,1.0,2,44,19.9,-17.0,11.4
MMM,ab2023,1.0,3,5,33.6,5.4,0.0
MMM,bis2022,1.0,0,403,-0.2,-39.9,35.2
MMM,bis2022,1.0,1,681,0.2,-30.9,23.2
MMM,bis2022,1.0,2,170,-7.7,-26.8,22.9
MMM,bis2022,1.0,3,6,50.0,58.9,16.7
MNST,ab2023,1.0,0,61,8.8,-26.8,29.5
MNST,ab2023,1.0,1,147,9.1,-18.7,23.1
MNST,ab2023,1.0,2,36,-14.2,-34.8,25.0
MNST,ab2023,1.0,3,2,-38.8,-38.8,0.0
MNST,bis2022,1.0,0,317,28.6,-15.4,33.8
MNST,bis2022,1.0,1,652,17.4,-14.9,20.4
MNST,bis2022,1.0,2,180,22.4,-24.9,16.1
MNST,bis2022,1.0,3,25,-14.7,-42.1,24.0
MO,ab2023,1.0,0,69,-0.4,-51.6,33.3
MO,ab2023,1.0,1,121,-16.2,-36.6,27.3
MO,ab2023,1.0,2,27,5.2,-9.8,11.1
MO,bis2022,1.0,0,344,0.1,-28.5,35.5
MO,bis2022,1.0,1,613,13.8,-17.1,21.0
MO,bis2022,1.0,2,180,24.4,-2.1,12.8
MO,bis2022,1.0,3,6,3.7,-41.3,0.0
MPC,ab2023,1.0,0,78,51.0,-15.5,34.6
MPC,ab2023,1.0,1,135,17.6,-24.6,25.2
MPC,ab2023,1.0,2,43,55.6,9.5,7.0
MPC,ab2023,1.0,3,1,199.5,199.5,0.0
MPC,bis2022,1.0,0,241,5.0,-34.9,29.9
MPC,bis2022,1.0,1,481,8.4,-18.8,18.7
MPC,bis2022,1.0,2,111,23.8,-13.8,18.9
MPC,bis2022,1.0,3,4,-24.3,-25.0,25.0
MRK,ab2023,1.0,0,80,18.0,-43.1,37.5
MRK,ab2023,1.0,1,130,-16.3,-37.6,32.3
MRK,ab2023,1.0,2,33,-54.6,-65.4,39.4
MRK,ab2023,1.0,3,2,22.7,22.7,0.0
MRK,bis2022,1.0,0,353,-8.3,-49.1,38.5
MRK,bis2022,1.0,1,705,3.1,-28.8,22.4
MRK,bis2022,1.0,2,146,24.3,-14.2,16.4
MRK,bis2022,1.0,3,15,5.6,-17.8,6.7
MRK.DE,ab2023,1.0,0,84,-19.1,-65.7,40.5
MRK.DE,ab2023,1.0,1,143,8.2,-8.8,23.8
MRK.DE,ab2023,1.0,2,32,6.5,-20.9,21.9
MRK.DE,ab2023,1.0,3,3,22.9,5.3,0.0
MRK.DE,bis2022,1.0,0,362,18.3,-37.8,37.6
MRK.DE,bis2022,1.0,1,621,6.1,-23.3,20.5
MRK.DE,bis2022,1.0,2,202,15.1,-15.2,15.3
MRK.DE,bis2022,1.0,3,9,-17.3,-7.3,0.0
MRNA,ab2023,1.0,0,71,-3.8,-75.8,43.7
MRNA,ab2023,1.0,1,128,14.3,-48.0,38.3
MRNA,ab2023,1.0,2,48,-10.2,-32.6,31.2
MRNA,ab2023,1.0,3,5,-40.9,-32.7,20.0
MRNA,bis2022,1.0,0,76,0.6,-69.9,44.7
MRNA,bis2022,1.0,1,125,42.0,-27.0,31.2
MRNA,bis2022,1.0,2,40,37.1,0.8,12.5
MRNA,bis2022,1.0,3,8,-49.8,-61.8,50.0
MRVL,ab2023,1.0,0,95,56.0,-35.7,33.7
MRVL,ab2023,1.0,1,152,31.7,-34.9,25.7
MRVL,ab2023,1.0,2,33,6.9,-4.2,9.1
MRVL,ab2023,1.0,3,2,-31.2,-31.2,0.0
MRVL,bis2022,1.0,0,364,7.5,-54.5,38.5
MRVL,bis2022,1.0,1,635,-0.5,-32.9,24.1
MRVL,bis2022,1.0,2,147,-8.5,-33.6,19.7
MRVL,bis2022,1.0,3,9,29.4,-27.5,11.1
MS,ab2023,1.0,0,83,54.0,-40.8,37.3
MS,ab2023,1.0,1,142,45.0,-3.5,25.4
MS,ab2023,1.0,2,41,86.1,37.8,7.3
MS,ab2023,1.0,3,2,13.2,13.2,50.0
MS,bis2022,1.0,0,454,11.7,-37.6,36.6
MS,bis2022,1.0,1,637,11.5,-26.2,22.3
MS,bis2022,1.0,2,134,-4.7,-21.3,23.1
MS,bis2022,1.0,3,7,-29.8,-29.9,0.0
MSFT,ab2023,1.0,0,75,66.2,-6.3,30.7
MSFT,ab2023,1.0,1,141,20.5,-17.7,19.9
MSFT,ab2023,1.0,2,38,17.7,-29.7,18.4
MSFT,ab2023,1.0,3,2,-16.0,-16.0,0.0
MSFT,bis2022,1.0,0,392,24.2,-37.8,36.5
MSFT,bis2022,1.0,1,674,26.5,-8.1,17.8
MSFT,bis2022,1.0,2,158,41.1,-14.0,10.8
MSFT,bis2022,1.0,3,6,-23.3,-57.6,0.0
MSTR,ab2023,1.0,0,93,20.8,-56.2,44.1
MSTR,ab2023,1.0,1,135,31.4,-29.8,25.2
MSTR,ab2023,1.0,2,35,27.9,-35.4,17.1
MSTR,ab2023,1.0,3,6,38.0,3.5,33.3
MSTR,bis2022,1.0,0,362,10.4,-66.1,44.2
MSTR,bis2022,1.0,1,687,5.3,-37.3,26.8
MSTR,bis2022,1.0,2,181,10.1,-10.6,14.4
MSTR,bis2022,1.0,3,15,-1.5,-11.5,26.7
MTX.DE,ab2023,1.0,0,93,8.6,-30.3,35.5
MTX.DE,ab2023,1.0,1,140,1.0,-24.3,25.0
MTX.DE,ab2023,1.0,2,41,54.1,36.0,17.1
MTX.DE,ab2023,1.0,3,1,343.1,343.1,0.0
MTX.DE,bis2022,1.0,0,331,31.2,-21.0,30.8
MTX.DE,bis2022,1.0,1,660,6.3,-25.9,22.1
MTX.DE,bis2022,1.0,2,174,12.9,-17.7,11.5
MTX.DE,bis2022,1.0,3,14,19.2,-24.8,14.3
MU,ab2023,1.0,0,85,51.5,-23.2,38.8
MU,ab2023,1.0,1,142,49.4,-5.8,21.1
MU,ab2023,1.0,2,39,68.4,16.4,12.8
MU,ab2023,1.0,3,3,89.1,64.6,0.0
MU,bis2022,1.0,0,378,16.8,-27.8,35.2
MU,bis2022,1.0,1,616,4.9,-28.7,22.1
MU,bis2022,1.0,2,157,-0.8,-27.8,19.1
MU,bis2022,1.0,3,10,-8.6,-37.4,30.0
MUFG,ab2023,1.0,0,83,109.7,21.9,26.5
MUFG,ab2023,1.0,1,173,66.0,19.0,17.9
MUFG,ab2023,1.0,2,18,81.0,80.5,0.0
MUFG,ab2023,1.0,3,1,99.9,99.9,0.0
MUFG,bis2022,1.0,0,444,11.0,-100.0,50.5
MUFG,bis2022,1.0,1,644,0.3,-44.3,32.3
MUFG,bis2022,1.0,2,114,6.1,-28.9,18.4
MUFG,bis2022,1.0,3,8,28.0,-30.3,12.5
MUV2.DE,ab2023,1.0,0,82,6.7,-45.3,40.2
MUV2.DE,ab2023,1.0,1,154,21.7,-14.2,17.5
MUV2.DE,ab2023,1.0,2,25,43.8,-10.7,12.0
MUV2.DE,ab2023,1.0,3,4,6.7,-31.7,0.0
MUV2.DE,bis2022,1.0,0,373,24.2,-28.1,34.0
MUV2.DE,bis2022,1.0,1,714,10.1,-26.8,20.0
MUV2.DE,bis2022,1.0,2,121,6.2,-24.1,15.7
MUV2.DE,bis2022,1.0,3,11,20.9,-18.5,27.3
NEE,ab2023,1.0,0,65,28.3,-3.2,33.8
NEE,ab2023,1.0,1,138,-10.3,-28.3,29.0
NEE,ab2023,1.0,2,46,-19.2,-32.1,15.2
NEE,ab2023,1.0,3,3,-2.0,31.0,0.0
NEE,bis2022,1.0,0,353,24.4,-20.3,28.6
NEE,bis2022,1.0,1,661,12.6,-15.6,16.3
NEE,bis2022,1.0,2,150,12.4,-10.2,12.0
NEE,bis2022,1.0,3,12,4.3,-0.1,0.0
NEM,ab2023,1.0,0,113,2.7,-67.1,43.4
NEM,ab2023,1.0,1,154,37.0,-13.9,23.4
NEM,ab2023,1.0,2,33,-33.4,-44.9,21.2
NEM,ab2023,1.0,3,5,96.5,21.7,0.0
NEM,bis2022,1.0,0,412,-8.7,-51.7,41.5
NEM,bis2022,1.0,1,641,-5.9,-29.6,24.6
NEM,bis2022,1.0,2,201,-4.4,-22.4,23.4
NEM,bis2022,1.0,3,8,74.5,73.8,12.5
NET,ab2023,1.0,0,96,21.0,-44.0,39.6
NET,ab2023,1.0,1,127,10.4,-21.4,23.6
NET,ab2023,1.0,2,36,75.2,-5.8,13.9
NET,ab2023,1.0,3,6,58.6,55.2,0.0
NET,bis2022,1.0,0,64,2.2,-39.6,34.4
NET,bis2022,1.0,1,117,19.3,-29.1,22.2
NET,bis2022,1.0,2,42,47.3,-5.0,19.0
NET,bis2022,1.0,3,4,-30.6,-17.9,25.0
NFLX,ab2023,1.0,0,51,-10.7,-53.7,43.1
NFLX,ab2023,1.0,1,124,8.4,-19.0,26.6
NFLX,ab2023,1.0,2,57,27.2,-12.0,22.8
NFLX,ab2023,1.0,3,8,50.2,15.3,0.0
NFLX,bis2022,1.0,0,352,38.1,-30.9,34.1
NFLX,bis2022,1.0,1,606,21.2,-18.3,23.1
NFLX,bis2022,1.0,2,186,16.7,-17.8,13.4
NFLX,bis2022,1.0,3,15,30.6,11.3,13.3
NKE,ab2023,1.0,0,75,-51.1,-90.8,49.3
NKE,ab2023,1.0,1,115,-20.9,-46.5,38.3
NKE,ab2023,1.0,2,68,-4.7,-36.0,25.0
NKE,ab2023,1.0,3,9,-14.9,-24.1,11.1
NKE,bis2022,1.0,0,373,15.2,-33.3,34.3
NKE,bis2022,1.0,1,652,11.7,-20.6,21.6
NKE,bis2022,1.0,2,185,11.1,-16.7,19.5
NKE,bis2022,1.0,3,19,5.7,-1.9,5.3
NOW,ab2023,1.0,0,88,3.1,-39.1,42.0
NOW,ab2023,1.0,1,137,-2.0,-23.5,26.3
NOW,ab2023,1.0,2,40,8.8,-9.8,32.5
NOW,ab2023,1.0,3,4,-0.9,-1.9,0.0
NOW,bis2022,1.0,0,206,24.8,-28.1,33.0
NOW,bis2022,1.0,1,427,9.9,-22.0,22.7
NOW,bis2022,1.0,2,106,64.7,33.9,6.6
NOW,bis2022,1.0,3,10,-13.1,-15.2,30.0
NVDA,ab2023,1.0,0,81,93.1,-26.6,34.6
NVDA,ab2023,1.0,1,146,44.7,-19.0,22.6
NVDA,ab2023,1.0,2,30,85.4,40.0,0.0
NVDA,ab2023,1.0,3,3,-34.4,-48.2,0.0
NVDA,bis2022,1.0,0,349,30.6,-28.2,33.2
NVDA,bis2022,1.0,1,631,27.8,-14.9,17.9
NVDA,bis2022,1.0,2,172,16.3,-23.0,18.6
NVDA,bis2022,1.0,3,8,-17.6,0.8,12.5
NVO,ab2023,1.0,0,75,2.1,-100.0,50.7
NVO,ab2023,1.0,1,127,-9.2,-38.0,27.6
NVO,ab2023,1.0,2,54,-16.2,-32.5,16.7
NVO,ab2023,1.0,3,1,-28.9,-28.9,0.0
NVO,bis2022,1.0,0,345,31.3,-18.5,32.5
NVO,bis2022,1.0,1,611,19.6,-14.2,17.8
NVO,bis2022,1.0,2,178,5.2,-12.2,18.5
NVO,bis2022,1.0,3,16,9.2,5.3,6.2
NVS,ab2023,1.0,0,87,21.2,-39.7,34.5
NVS,ab2023,1.0,1,130,-17.2,-40.5,23.8
NVS,ab2023,1.0,2,30,-3.2,-16.9,10.0
NVS,ab2023,1.0,3,1,-10.7,-10.7,0.0
NVS,bis2022,1.0,0,399,-4.7,-51.0,39.1
NVS,bis2022,1.0,1,659,-10.5,-32.0,23.8
NVS,bis2022,1.0,2,117,10.5,-10.9,7.7
NVS,bis2022,1.0,3,6,28.5,-22.8,0.0
NXPI,ab2023,1.0,0,88,9.5,-58.3,42.0
NXPI,ab2023,1.0,1,137,-5.4,-42.5,27.7
NXPI,ab2023,1.0,2,49,59.7,-4.3,16.3
NXPI,ab2023,1.0,3,7,118.2,144.1,14.3
NXPI,bis2022,1.0,0,262,8.8,-50.5,40.1
NXPI,bis2022,1.0,1,492,13.8,-19.9,23.4
NXPI,bis2022,1.0,2,148,7.9,-25.4,24.3
NXPI,bis2022,1.0,3,11,10.0,-5.6,18.2
ODFL,ab2023,1.0,0,80,27.1,-13.0,31.2
ODFL,ab2023,1.0,1,123,1.1,-18.9,19.5
ODFL,ab2023,1.0,2,46,0.3,-19.7,19.6
ODFL,ab2023,1.0,3,2,160.1,160.1,0.0
ODFL,bis2022,1.0,0,338,-1.3,-50.5,35.5
ODFL,bis2022,1.0,1,665,18.5,-10.3,17.3
ODFL,bis2022,1.0,2,163,8.7,-20.4,16.0
ODFL,bis2022,1.0,3,11,-3.3,-35.1,0.0
ON,ab2023,1.0,0,80,10.5,-69.5,47.5
ON,ab2023,1.0,1,148,-12.0,-38.7,31.8
ON,ab2023,1.0,2,38,10.9,-63.0,36.8
ON,ab2023,1.0,3,5,140.1,182.2,20.0
ON,bis2022,1.0,0,344,47.6,-14.7,35.5
ON,bis2022,1.0,1,639,21.8,-24.6,26.9
ON,bis2022,1.0,2,163,10.8,-25.0,22.1
ON,bis2022,1.0,3,12,88.0,-28.2,25.0
ORCL,ab2023,1.0,0,75,67.8,-31.5,37.3
ORCL,ab2023,1.0,1,129,3.5,-45.2,27.9
ORCL,ab2023,1.0,2,46,74.7,2.6,30.4
ORCL,ab2023,1.0,3,5,62.6,37.3,20.0
ORCL,bis2022,1.0,0,407,3.3,-41.4,34.6
ORCL,bis2022,1.0,1,642,6.3,-27.9,22.0
ORCL,bis2022,1.0,2,167,3.8,-23.9,18.6
ORCL,bis2022,1.0,3,6,27.6,24.2,0.0
ORLY,ab2023,1.0,0,70,-2.5,-69.4,40.0
ORLY,ab2023,1.0,1,125,13.3,-22.2,20.0
ORLY,ab2023,1.0,2,40,-0.7,-16.6,15.0
ORLY,ab2023,1.0,3,3,-10.3,-45.5,33.3
ORLY,bis2022,1.0,0,370,25.5,-34.9,28.6
ORLY,bis2022,1.0,1,666,14.1,-20.3,16.5
ORLY,bis2022,1.0,2,157,16.3,-11.9,10.8
ORLY,bis2022,1.0,3,15,-3.4,-5.6,6.7
P911.DE,ab2023,1.0,0,81,-50.0,-100.0,67.9
P911.DE,ab2023,1.0,1,139,-25.1,-83.1,48.2
P911.DE,ab2023,1.0,2,34,-44.8,-56.1,35.3
P911.DE,ab2023,1.0,3,3,53.6,-100.0,66.7
P911.DE,bis2022,1.0,0,2,109.0,109.0,50.0
P911.DE,bis2022,1.0,1,6,-65.4,-76.1,50.0
PAH3.DE,ab2023,1.0,0,74,-35.5,-100.0,52.7
PAH3.DE,ab2023,1.0,1,140,-18.0,-56.5,35.7
PAH3.DE,ab2023,1.0,2,52,-28.6,-40.3,30.8
PAH3.DE,ab2023,1.0,3,5,-23.5,11.6,20.0
PAH3.DE,bis2022,1.0,0,271,-3.4,-100.0,51.3
PAH3.DE,bis2022,1.0,1,542,1.5,-49.1,33.6
PAH3.DE,bis2022,1.0,2,141,4.3,-24.2,30.5
PAH3.DE,bis2022,1.0,3,11,-18.1,-45.2,18.2
PANW,ab2023,1.0,0,75,30.4,-19.3,33.3
PANW,ab2023,1.0,1,129,18.5,-24.6,21.7
PANW,ab2023,1.0,2,40,48.7,23.7,10.0
PANW,ab2023,1.0,3,3,36.1,37.1,0.0
PANW,bis2022,1.0,0,219,9.3,-21.6,36.1
PANW,bis2022,1.0,1,395,8.6,-25.0,25.3
PANW,bis2022,1.0,2,122,14.8,-16.9,9.0
PANW,bis2022,1.0,3,6,-14.0,-29.6,33.3
PAYX,ab2023,1.0,0,71,-20.5,-51.6,36.6
PAYX,ab2023,1.0,1,135,-15.1,-41.5,28.1
PAYX,ab2023,1.0,2,42,-22.3,-26.2,21.4
PAYX,ab2023,1.0,3,2,-13.9,-13.9,50.0
PAYX,bis2022,1.0,0,359,17.1,-27.2,30.6
PAYX,bis2022,1.0,1,708,-5.1,-24.9,19.1
PAYX,bis2022,1.0,2,174,6.9,-28.5,14.9
PAYX,bis2022,1.0,3,7,-41.6,-43.9,14.3
PBR,ab2023,1.0,0,71,-0.2,-100.0,50.7
PBR,ab2023,1.0,1,129,1.2,-47.4,34.9
PBR,ab2023,1.0,2,48,30.2,-1.3,12.5
PBR,ab2023,1.0,3,2,44.8,44.8,0.0
PBR,bis2022,1.0,0,374,26.0,-36.0,36.1
PBR,bis2022,1.0,1,573,6.5,-34.9,26.9
PBR,bis2022,1.0,2,149,3.6,-16.4,22.8
PBR,bis2022,1.0,3,21,28.1,-0.0,9.5
PCAR,ab2023,1.0,0,71,3.3,-48.2,39.4
PCAR,ab2023,1.0,1,146,0.0,-34.9,23.3
PCAR,ab2023,1.0,2,38,-5.6,-44.9,23.7
PCAR,ab2023,1.0,3,2,-62.8,-62.8,0.0
PCAR,bis2022,1.0,0,384,-5.7,-42.3,37.5
PCAR,bis2022,1.0,1,606,-7.7,-36.5,26.4
PCAR,bis2022,1.0,2,185,6.9,-26.9,16.8
PCAR,bis2022,1.0,3,17,-37.4,-43.0,17.6
PDD,ab2023,1.0,0,114,16.1,-58.2,47.4
PDD,ab2023,1.0,1,148,8.1,-36.6,29.1
PDD,ab2023,1.0,2,51,10.0,-5.9,15.7
PDD,ab2023,1.0,3,5,-0.3,-9.8,0.0
PDD,bis2022,1.0,0,109,1.4,-81.9,49.5
PDD,bis2022,1.0,1,165,17.4,-40.7,34.5
PDD,bis2022,1.0,2,45,13.6,-35.7,20.0
PDD,bis2022,1.0,3,6,40.5,8.2,0.0
PEP,ab2023,1.0,0,70,1.3,-44.0,31.4
PEP,ab2023,1.0,1,147,-16.2,-27.1,29.9
PEP,ab2023,1.0,2,47,-2.4,-26.8,23.4
PEP,ab2023,1.0,3,2,-7.8,-7.8,0.0
PEP,bis2022,1.0,0,396,10.2,-31.8,31.1
PEP,bis2022,1.0,1,639,12.1,-18.0,19.9
PEP,bis2022,1.0,2,150,27.3,-7.8,10.7
PEP,bis2022,1.0,3,15,1.8,-35.9,26.7
PFE,ab2023,1.0,0,60,-19.9,-56.5,35.0
PFE,ab2023,1.0,1,130,-37.6,-52.1,37.7
PFE,ab2023,1.0,2,30,-15.6,-34.9,26.7
PFE,bis2022,1.0,0,426,29.5,-51.9,40.4
PFE,bis2022,1.0,1,661,0.9,-30.8,28.3
PFE,bis2022,1.0,2,119,16.7,-3.0,17.6
PFE,bis2022,1.0,3,7,-24.8,-20.1,14.3
PG,ab2023,1.0,0,78,-21.8,-49.8,35.9
PG,ab2023,1.0,1,132,-17.7,-37.1,29.5
PG,ab2023,1.0,2,34,11.3,5.0,11.8
PG,ab2023,1.0,3,1,-36.3,-36.3,0.0
PG,bis2022,1.0,0,400,2.1,-44.7,35.0
PG,bis2022,1.0,1,623,-1.1,-21.5,22.3
PG,bis2022,1.0,2,165,26.1,7.8,20.6
PG,bis2022,1.0,3,9,-28.9,-29.9,22.2
PGR,ab2023,1.0,0,75,20.9,-54.3,34.7
PGR,ab2023,1.0,1,142,10.0,-29.8,28.9
PGR,ab2023,1.0,2,33,-11.7,-25.5,18.2
PGR,ab2023,1.0,3,2,223.2,223.2,0.0
PGR,bis2022,1.0,0,388,15.2,-40.7,33.5
PGR,bis2022,1.0,1,631,14.3,-15.2,18.5
PGR,bis2022,1.0,2,172,7.3,-30.1,16.3
PGR,bis2022,1.0,3,8,78.2,2.5,0.0
PH,ab2023,1.0,0,96,77.4,-1.6,27.1
PH,ab2023,1.0,1,139,14.2,-25.1,22.3
PH,ab2023,1.0,2,33,56.8,8.5,15.2
PH,ab2023,1.0,3,1,81.5,81.5,0.0
PH,bis2022,1.0,0,386,8.4,-44.1,35.5
PH,bis2022,1.0,1,688,11.2,-20.1,20.1
PH,bis2022,1.0,2,153,1.3,-19.1,17.0
PH,bis2022,1.0,3,12,-28.1,-54.1,41.7
PLD,ab2023,1.0,0,92,10.5,-30.5,32.6
PLD,ab2023,1.0,1,149,-0.5,-27.3,16.1
PLD,ab2023,1.0,2,37,23.8,-15.9,13.5
PLD,ab2023,1.0,3,2,-55.4,-55.4,0.0
PLD,bis2022,1.0,0,347,19.7,-20.7,32.3
PLD,bis2022,1.0,1,685,14.7,-20.8,18.7
PLD,bis2022,1.0,2,133,22.4,-26.3,20.3
PLD,bis2022,1.0,3,9,37.0,-28.4,0.0
PLTR,ab2023,1.0,0,95,70.3,-9.2,28.4
PLTR,ab2023,1.0,1,130,21.5,-3.9,12.3
PLTR,ab2023,1.0,2,34,61.4,7.9,8.8
PLTR,ab2023,1.0,3,2,257.6,257.6,0.0
PLTR,bis2022,1.0,0,40,-7.7,-12.8,32.5
PLTR,bis2022,1.0,1,77,-1.4,-44.8,20.8
PLTR,bis2022,1.0,2,32,3.4,-16.7,25.0
PLTR,bis2022,1.0,3,1,-27.7,-27.7,0.0
PM,ab2023,1.0,0,91,17.1,-56.2,38.5
PM,ab2023,1.0,1,124,18.3,-27.3,24.2
PM,ab2023,1.0,2,38,40.4,-12.8,23.7
PM,ab2023,1.0,3,6,-27.1,-24.3,16.7
PM,bis2022,1.0,0,345,17.7,-28.2,32.8
PM,bis2022,1.0,1,600,14.9,-14.5,21.8
PM,bis2022,1.0,2,132,40.3,3.7,12.9
PM,bis2022,1.0,3,14,24.9,20.1,0.0
PSX,ab2023,1.0,0,94,41.4,-5.9,33.0
PSX,ab2023,1.0,1,128,7.6,-19.7,18.0
PSX,ab2023,1.0,2,45,24.0,4.1,0.0
PSX,bis2022,1.0,0,242,7.2,-45.3,37.6
PSX,bis2022,1.0,1,425,1.6,-24.9,22.4
PSX,bis2022,1.0,2,125,6.0,-31.9,20.0
PSX,bis2022,1.0,3,5,45.7,-29.8,40.0
PYPL,ab2023,1.0,0,77,5.2,-27.3,31.2
PYPL,ab2023,1.0,1,130,4.0,-26.1,25.4
PYPL,ab2023,1.0,2,45,-2.7,-26.1,15.6
PYPL,ab2023,1.0,3,3,46.2,35.4,0.0
PYPL,bis2022,1.0,0,163,23.5,-26.8,30.1
PYPL,bis2022,1.0,1,293,23.0,-7.9,23.2
PYPL,bis2022,1.0,2,86,18.6,-18.3,12.8
PYPL,bis2022,1.0,3,6,-40.5,-50.5,16.7
QCOM,ab2023,1.0,0,76,32.1,-42.6,35.5
QCOM,ab2023,1.0,1,167,6.5,-38.5,31.1
QCOM,ab2023,1.0,2,41,20.0,-1.4,31.7
QCOM,ab2023,1.0,3,4,-11.7,-27.8,50.0
QCOM,bis2022,1.0,0,391,4.6,-65.5,43.0
QCOM,bis2022,1.0,1,675,8.6,-34.1,25.3
QCOM,bis2022,1.0,2,183,28.2,-15.3,22.4
QCOM,bis2022,1.0,3,10,-21.1,-33.0,10.0
QIA.DE,ab2023,1.0,0,93,1.3,-58.0,40.9
QIA.DE,ab2023,1.0,1,132,15.1,-28.1,30.3
QIA.DE,ab2023,1.0,2,34,5.7,-15.1,26.5
QIA.DE,ab2023,1.0,3,2,75.1,75.1,0.0
QIA.DE,bis2022,1.0,0,364,5.6,-52.2,36.8
QIA.DE,bis2022,1.0,1,641,-1.3,-24.6,25.6
QIA.DE,bis2022,1.0,2,193,-4.4,-11.7,17.1
QIA.DE,bis2022,1.0,3,19,5.3,-4.2,15.8
REGN,ab2023,1.0,0,67,-1.7,-76.0,47.8
REGN,ab2023,1.0,1,124,5.8,-29.1,32.3
REGN,ab2023,1.0,2,42,-13.7,-48.9,31.0
REGN,bis2022,1.0,0,317,16.2,-37.7,37.9
REGN,bis2022,1.0,1,638,23.0,-33.7,27.3
REGN,bis2022,1.0,2,171,48.7,-2.7,19.9
REGN,bis2022,1.0,3,8,12.9,-16.5,0.0
RHM.DE,ab2023,1.0,0,52,-10.6,-100.0,51.9
RHM.DE,ab2023,1.0,1,156,10.4,-36.3,32.7
RHM.DE,ab2023,1.0,2,41,3.1,-36.2,9.8
RHM.DE,ab2023,1.0,3,3,-19.1,-22.5,0.0
RHM.DE,bis2022,1.0,0,314,9.3,-28.8,31.8
RHM.DE,bis2022,1.0,1,644,-2.1,-32.4,24.7
RHM.DE,bis2022,1.0,2,172,-6.4,-29.4,25.0
RHM.DE,bis2022,1.0,3,8,43.7,18.7,25.0
RIO,ab2023,1.0,0,103,-12.2,-63.6,44.7
RIO,ab2023,1.0,1,157,14.9,-19.7,28.0
RIO,ab2023,1.0,2,41,-7.9,-33.7,26.8
RIO,ab2023,1.0,3,4,-39.0,-32.6,25.0
RIO,bis2022,1.0,0,441,8.5,-47.9,38.3
RIO,bis2022,1.0,1,668,14.1,-17.0,22.6
RIO,bis2022,1.0,2,170,-6.9,-33.4,20.0
RIO,bis2022,1.0,3,7,-28.4,-59.9,28.6
ROP,ab2023,1.0,0,87,-18.9,-67.2,39.1
ROP,ab2023,1.0,1,148,-26.6,-40.0,31.8
ROP,ab2023,1.0,2,41,10.2,-14.0,22.0
ROP,ab2023,1.0,3,5,13.3,3.0,20.0
ROP,bis2022,1.0,0,367,15.5,-38.2,33.5
ROP,bis2022,1.0,1,664,17.1,-17.1,17.2
ROP,bis2022,1.0,2,192,32.9,-7.9,14.1
ROP,bis2022,1.0,3,12,29.7,2.3,16.7
ROST,ab2023,1.0,0,87,4.6,-39.4,29.9
ROST,ab2023,1.0,1,139,12.9,-7.4,22.3
ROST,ab2023,1.0,2,36,5.0,-15.4,11.1
ROST,ab2023,1.0,3,4,-10.2,-5.6,0.0
ROST,bis2022,1.0,0,355,6.3,-23.1,26.8
ROST,bis2022,1.0,1,657,7.2,-21.2,16.7
ROST,bis2022,1.0,2,205,5.2,-22.7,15.6
ROST,bis2022,1.0,3,17,24.2,20.9,11.8
RTX,ab2023,1.0,0,73,16.4,-48.9,43.8
RTX,ab2023,1.0,1,157,26.0,-8.5,19.1
RTX,ab2023,1.0,2,33,98.8,36.8,21.2
RTX,ab2023,1.0,3,3,42.4,-26.0,33.3
RTX,bis2022,1.0,0,377,0.5,-42.0,33.7
RTX,bis2022,1.0,1,702,4.3,-22.8,20.1
RTX,bis2022,1.0,2,176,-0.0,-19.3,19.9
RTX,bis2022,1.0,3,5,-71.2,-100.0,60.0
RWE.DE,ab2023,1.0,0,58,45.1,-27.0,39.7
RWE.DE,ab2023,1.0,1,158,34.6,-23.6,21.5
RWE.DE,ab2023,1.0,2,25,-18.5,-59.6,40.0
RWE.DE,ab2023,1.0,3,3,7.5,-3.6,0.0
RWE.DE,bis2022,1.0,0,327,0.5,-71.0,45.9
RWE.DE,bis2022,1.0,1,636,4.3,-32.6,28.9
RWE.DE,bis2022,1.0,2,169,-11.5,-40.8,28.4
RWE.DE,bis2022,1.0,3,7,-14.2,-17.0,0.0
RY,ab2023,1.0,0,92,54.7,-39.3,39.1
RY,ab2023,1.0,1,142,34.4,-12.2,15.5
RY,ab2023,1.0,2,28,2.6,-34.8,17.9
RY,ab2023,1.0,3,4,107.7,1.3,25.0
RY,bis2022,1.0,0,412,1.7,-41.7,38.1
RY,bis2022,1.0,1,687,16.0,-19.3,19.2
RY,bis2022,1.0,2,166,-11.6,-30.8,22.9
RY,bis2022,1.0,3,14,-9.2,-12.3,7.1
SAN,ab2023,1.0,0,93,70.9,3.4,24.7
SAN,ab2023,1.0,1,150,35.2,-15.3,15.3
SAN,ab2023,1.0,2,16,17.4,6.0,6.2
SAN,bis2022,1.0,0,346,-26.4,-73.3,42.5
SAN,bis2022,1.0,1,580,-9.1,-40.5,26.7
SAN,bis2022,1.0,2,219,-19.4,-39.0,26.9
SAN,bis2022,1.0,3,17,-41.7,-52.3,11.8
SAP.DE,ab2023,1.0,0,96,5.3,-56.7,41.7
SAP.DE,ab2023,1.0,1,142,3.4,-34.7,23.2
SAP.DE,ab2023,1.0,2,23,-2.3,-15.5,17.4
SAP.DE,ab2023,1.0,3,2,-22.8,-22.8,50.0
SAP.DE,bis2022,1.0,0,476,16.0,-48.7,39.5
SAP.DE,bis2022,1.0,1,689,1.3,-33.1,25.1
SAP.DE,bis2022,1.0,2,151,17.0,-10.8,15.2
SAP.DE,bis2022,1.0,3,13,-61.9,-80.3,46.2
SBUX,ab2023,1.0,0,72,-14.6,-66.1,41.7
SBUX,ab2023,1.0,1,124,9.0,-28.7,20.2
SBUX,ab2023,1.0,2,43,6.1,-20.5,16.3
SBUX,ab2023,1.0,3,2,15.8,15.8,0.0
SBUX,bis2022,1.0,0,406,28.3,-40.1,37.2
SBUX,bis2022,1.0,1,631,25.2,-24.1,22.0
SBUX,bis2022,1.0,2,132,-13.4,-36.8,23.5
SBUX,bis2022,1.0,3,14,-16.4,-42.8,21.4
SCCO,ab2023,1.0,0,113,0.4,-45.3,38.1
SCCO,ab2023,1.0,1,146,-3.9,-25.7,19.9
SCCO,ab2023,1.0,2,31,42.2,-8.1,3.2
SCCO,ab2023,1.0,3,3,101.1,56.8,0.0
SCCO,bis2022,1.0,0,433,13.7,-40.6,35.3
SCCO,bis2022,1.0,1,635,11.9,-24.1,21.6
SCCO,bis2022,1.0,2,162,2.2,-24.2,16.7
SCCO,bis2022,1.0,3,13,43.8,-10.0,0.0
SCHW,ab2023,1.0,0,75,7.4,-69.7,42.7
SCHW,ab2023,1.0,1,139,30.9,-22.3,24.5
SCHW,ab2023,1.0,2,44,23.9,-21.9,27.3
SCHW,ab2023,1.0,3,2,40.4,40.4,0.0
SCHW,bis2022,1.0,0,361,11.4,-32.4,32.4
SCHW,bis2022,1.0,1,671,7.7,-28.6,21.0
SCHW,bis2022,1.0,2,177,1.5,-20.7,18.6
SCHW,bis2022,1.0,3,15,10.4,-21.6,13.3
SHEL,ab2023,1.0,0,96,7.3,-50.9,41.7
SHEL,ab2023,1.0,1,141,-12.9,-36.3,23.4
SHEL,ab2023,1.0,2,39,10.0,-20.9,28.2
SHEL,ab2023,1.0,3,3,-13.1,-12.5,0.0
SHEL,bis2022,1.0,0,415,-12.9,-72.5,46.7
SHEL,bis2022,1.0,1,687,-11.8,-39.1,29.3
SHEL,bis2022,1.0,2,140,-11.5,-35.5,27.1
SHEL,bis2022,1.0,3,5,-52.5,-40.9,20.0
SHL.DE,ab2023,1.0,0,84,-24.1,-68.7,48.8
SHL.DE,ab2023,1.0,1,150,-23.4,-43.2,32.0
SHL.DE,ab2023,1.0,2,38,4.8,-30.8,10.5
SHL.DE,ab2023,1.0,3,1,-87.1,-87.1,0.0
SHL.DE,bis2022,1.0,0,108,-20.3,-55.6,40.7
SHL.DE,bis2022,1.0,1,185,14.7,-34.6,28.6
SHL.DE,bis2022,1.0,2,27,-7.6,-29.4,29.6
SHL.DE,bis2022,1.0,3,2,-26.9,-26.9,0.0
SHOP,ab2023,1.0,0,91,-3.2,-64.7,47.3
SHOP,ab2023,1.0,1,132,53.6,-14.6,17.4
SHOP,ab2023,1.0,2,31,10.9,2.5,16.1
SHOP,ab2023,1.0,3,6,2.3,-31.4,33.3
SHOP,bis2022,1.0,0,128,25.6,-27.0,31.2
SHOP,bis2022,1.0,1,308,41.7,-1.0,16.2
SHOP,bis2022,1.0,2,77,25.0,-13.3,7.8
SHOP,bis2022,1.0,3,1,-59.4,-59.4,0.0
SHW,ab2023,1.0,0,59,-2.0,-50.2,42.4
SHW,ab2023,1.0,1,139,12.9,-22.7,24.5
SHW,ab2023,1.0,2,64,2.2,-31.6,23.4
SHW,ab2023,1.0,3,3,-43.8,-36.3,33.3
SHW,bis2022,1.0,0,341,21.8,-30.8,36.7
SHW,bis2022,1.0,1,697,13.6,-20.3,20.7
SHW,bis2022,1.0,2,204,2.3,-24.7,14.7
SHW,bis2022,1.0,3,12,138.9,10.5,0.0
SIE.DE,ab2023,1.0,0,97,5.3,-67.0,43.3
SIE.DE,ab2023,1.0,1,150,13.2,-17.5,18.7
SIE.DE,ab2023,1.0,2,37,34.6,-9.6,13.5
SIE.DE,ab2023,1.0,3,3,41.4,54.3,0.0
SIE.DE,bis2022,1.0,0,404,12.7,-43.4,37.6
SIE.DE,bis2022,1.0,1,674,2.5,-28.6,24.6
SIE.DE,bis2022,1.0,2,140,1.8,-26.7,20.0
SIE.DE,bis2022,1.0,3,5,-34.8,-51.6,20.0
SKHY,ab2023,1.0,0,98,78.4,-27.6,29.6
SKHY,ab2023,1.0,1,147,64.8,0.8,14.3
SKHY,ab2023,1.0,2,27,71.6,-2.0,7.4
SKHY,ab2023,1.0,3,1,43.2,43.2,0.0
SKHY,bis2022,1.0,0,367,11.1,-38.4,35.4
SKHY,bis2022,1.0,1,580,8.1,-28.9,19.1
SKHY,bis2022,1.0,2,148,11.4,-20.9,12.8
SKHY,bis2022,1.0,3,14,-8.7,-8.7,0.0
SMFG,ab2023,1.0,0,84,100.2,32.7,29.8
SMFG,ab2023,1.0,1,166,48.0,7.6,18.7
SMFG,ab2023,1.0,2,18,145.6,86.2,0.0
SMFG,ab2023,1.0,3,1,3.8,3.8,0.0
SMFG,bis2022,1.0,0,443,6.9,-72.8,47.4
SMFG,bis2022,1.0,1,653,23.0,-23.8,26.8
SMFG,bis2022,1.0,2,155,-1.4,-27.2,18.1
SMFG,bis2022,1.0,3,9,-23.5,-37.2,11.1
SNDK,ab2023,1.0,0,28,224.1,98.4,25.0
SNDK,ab2023,1.0,1,60,139.4,72.2,5.0
SNDK,ab2023,1.0,2,11,31.4,29.9,0.0
SNOW,ab2023,1.0,0,88,69.3,-32.0,40.9
SNOW,ab2023,1.0,1,130,30.2,-24.5,24.6
SNOW,ab2023,1.0,2,51,44.6,-1.4,17.6
SNOW,ab2023,1.0,3,7,18.4,-12.6,0.0
SNOW,bis2022,1.0,0,61,-37.9,-77.7,47.5
SNOW,bis2022,1.0,1,78,-6.3,-43.9,24.4
SNOW,bis2022,1.0,2,16,9.6,-36.4,25.0
SNOW,bis2022,1.0,3,3,16.4,-7.1,0.0
SNPS,ab2023,1.0,0,82,-10.0,-65.4,41.5
SNPS,ab2023,1.0,1,131,20.3,-19.8,22.9
SNPS,ab2023,1.0,2,47,24.2,-16.6,19.1
SNPS,ab2023,1.0,3,2,27.1,27.1,0.0
SNPS,bis2022,1.0,0,391,22.2,-38.7,29.9
SNPS,bis2022,1.0,1,646,17.2,-26.8,18.0
SNPS,bis2022,1.0,2,167,41.9,3.0,9.0
SNPS,bis2022,1.0,3,10,85.1,23.9,10.0
SNY,ab2023,1.0,0,99,-18.5,-60.5,42.4
SNY,ab2023,1.0,1,150,-16.4,-40.1,26.7
SNY,ab2023,1.0,2,30,-38.2,-27.0,26.7
SNY,ab2023,1.0,3,1,-6.9,-6.9,0.0
SNY,bis2022,1.0,0,415,6.8,-36.3,33.7
SNY,bis2022,1.0,1,718,-6.4,-31.2,21.0
SNY,bis2022,1.0,2,127,-7.3,-20.7,16.5
SNY,bis2022,1.0,3,11,-11.4,-11.4,18.2
SO,ab2023,1.0,0,74,31.8,0.3,33.8
SO,ab2023,1.0,1,127,14.9,-15.7,21.3
SO,ab2023,1.0,2,43,0.8,-11.7,18.6
SO,ab2023,1.0,3,2,101.8,101.8,0.0
SO,bis2022,1.0,0,328,13.2,-20.0,25.3
SO,bis2022,1.0,1,603,7.6,-24.3,18.1
SO,bis2022,1.0,2,191,-8.1,-29.1,20.4
SO,bis2022,1.0,3,10,-8.7,-18.5,30.0
SONY,ab2023,1.0,0,116,-16.7,-100.0,54.3
SONY,ab2023,1.0,1,159,-1.6,-41.7,34.0
SONY,ab2023,1.0,2,32,-19.5,-46.8,25.0
SONY,ab2023,1.0,3,1,41.1,41.1,0.0
SONY,bis2022,1.0,0,428,20.6,-76.5,48.1
SONY,bis2022,1.0,1,654,22.3,-31.0,29.7
SONY,bis2022,1.0,2,149,-0.6,-39.3,27.5
SONY,bis2022,1.0,3,16,-16.6,-31.2,31.2
SPG,ab2023,1.0,0,85,-6.9,-48.1,38.8
SPG,ab2023,1.0,1,155,9.3,-9.9,12.3
SPG,ab2023,1.0,2,27,14.4,-4.3,33.3
SPG,ab2023,1.0,3,2,-36.8,-36.8,0.0
SPG,bis2022,1.0,0,374,13.7,-37.5,31.6
SPG,bis2022,1.0,1,634,-8.1,-32.8,23.5
SPG,bis2022,1.0,2,153,5.7,-21.8,11.1
SPG,bis2022,1.0,3,16,-13.2,-23.1,6.2
SPGI,ab2023,1.0,0,86,-10.3,-47.6,37.2
SPGI,ab2023,1.0,1,132,5.4,-20.2,17.4
SPGI,ab2023,1.0,2,42,8.0,-6.3,4.8
SPGI,ab2023,1.0,3,3,30.5,57.6,0.0
SPGI,bis2022,1.0,0,324,13.5,-27.8,30.9
SPGI,bis2022,1.0,1,695,13.0,-15.7,19.1
SPGI,bis2022,1.0,2,170,21.6,-8.3,17.1
SPGI,bis2022,1.0,3,17,30.2,-11.1,17.6
SPOT,ab2023,1.0,0,88,37.2,-21.9,36.4
SPOT,ab2023,1.0,1,149,55.5,12.1,14.1
SPOT,ab2023,1.0,2,26,36.2,-10.6,26.9
SPOT,ab2023,1.0,3,4,21.9,23.7,0.0
SPOT,bis2022,1.0,0,107,31.5,-33.8,33.6
SPOT,bis2022,1.0,1,168,7.4,-30.6,23.8
SPOT,bis2022,1.0,2,68,4.9,-23.3,16.2
SPOT,bis2022,1.0,3,4,-6.8,-23.9,25.0
SRT3.DE,ab2023,1.0,0,81,-21.4,-59.4,43.2
SRT3.DE,ab2023,1.0,1,132,-14.5,-52.2,37.1
SRT3.DE,ab2023,1.0,2,40,-27.6,-53.3,40.0
SRT3.DE,ab2023,1.0,3,1,86.0,86.0,0.0
SRT3.DE,bis2022,1.0,0,279,39.7,-24.8,38.7
SRT3.DE,bis2022,1.0,1,630,27.8,-15.2,25.7
SRT3.DE,bis2022,1.0,2,186,27.0,-6.3,14.0
SRT3.DE,bis2022,1.0,3,20,38.7,-28.0,20.0
STX,ab2023,1.0,0,79,74.5,14.0,34.2
STX,ab2023,1.0,1,155,49.4,6.5,18.7
STX,ab2023,1.0,2,34,22.7,-14.8,11.8
STX,ab2023,1.0,3,2,0.2,0.2,0.0
STX,bis2022,1.0,0,344,22.0,-29.5,32.8
STX,bis2022,1.0,1,610,12.2,-26.1,22.0
STX,bis2022,1.0,2,191,-11.7,-27.1,19.9
STX,bis2022,1.0,3,8,-15.6,-20.1,0.0
SY1.DE,ab2023,1.0,0,63,-11.7,-53.7,41.3
SY1.DE,ab2023,1.0,1,143,-9.5,-27.5,26.6
SY1.DE,ab2023,1.0,2,36,-17.4,-46.6,33.3
SY1.DE,ab2023,1.0,3,5,-37.9,-26.8,0.0
SY1.DE,bis2022,1.0,0,341,11.4,-31.5,26.7
SY1.DE,bis2022,1.0,1,631,-0.5,-27.2,18.5
SY1.DE,bis2022,1.0,2,182,-3.7,-24.1,11.5
SY1.DE,bis2022,1.0,3,22,-21.0,-39.1,4.5
SYK,ab2023,1.0,0,98,17.7,-42.7,35.7
SYK,ab2023,1.0,1,136,-3.5,-52.6,27.9
SYK,ab2023,1.0,2,43,29.2,11.4,14.0
SYK,ab2023,1.0,3,1,54.6,54.6,0.0
SYK,bis2022,1.0,0,410,12.2,-51.0,41.2
SYK,bis2022,1.0,1,654,10.9,-26.6,23.5
SYK,bis2022,1.0,2,160,32.5,-2.6,11.2
SYK,bis2022,1.0,3,15,-1.0,-17.1,13.3
T,ab2023,1.0,0,77,-2.4,-31.4,40.3
T,ab2023,1.0,1,115,-4.9,-31.5,27.8
T,ab2023,1.0,2,28,3.8,-21.0,25.0
T,ab2023,1.0,3,2,115.3,115.3,0.0
T,bis2022,1.0,0,356,1.8,-47.9,39.0
T,bis2022,1.0,1,656,-5.1,-29.0,25.0
T,bis2022,1.0,2,153,-8.8,-40.8,26.1
T,bis2022,1.0,3,14,-27.5,-48.3,14.3
TD,ab2023,1.0,0,89,29.7,-40.8,38.2
TD,ab2023,1.0,1,125,56.3,-12.1,17.6
TD,ab2023,1.0,2,42,-3.9,-26.5,16.7
TD,ab2023,1.0,3,3,81.2,-48.1,33.3
TD,bis2022,1.0,0,389,-0.5,-37.7,34.2
TD,bis2022,1.0,1,699,0.4,-18.5,20.0
TD,bis2022,1.0,2,172,20.7,-10.7,14.0
TD,bis2022,1.0,3,19,-21.1,-31.7,10.5
TEAM,ab2023,1.0,0,83,-11.4,-65.1,45.8
TEAM,ab2023,1.0,1,122,15.4,-33.2,29.5
TEAM,ab2023,1.0,2,44,38.9,-28.5,31.8
TEAM,ab2023,1.0,3,5,117.5,-1.3,0.0
TEAM,bis2022,1.0,0,148,26.4,-42.1,39.9
TEAM,bis2022,1.0,1,291,36.4,-2.3,24.7
TEAM,bis2022,1.0,2,65,15.4,-25.4,12.3
TEAM,bis2022,1.0,3,7,-38.2,-27.7,14.3
TJX,ab2023,1.0,0,80,57.1,25.9,30.0
TJX,ab2023,1.0,1,130,20.4,-2.9,23.1
TJX,ab2023,1.0,2,32,16.2,0.6,9.4
TJX,ab2023,1.0,3,5,-19.7,-4.3,20.0
TJX,bis2022,1.0,0,402,30.3,-16.9,32.1
TJX,bis2022,1.0,1,678,12.5,-18.2,18.4
TJX,bis2022,1.0,2,139,15.9,-27.9,20.1
TJX,bis2022,1.0,3,13,-22.5,-25.9,7.7
TM,ab2023,1.0,0,87,49.0,-77.4,44.8
TM,ab2023,1.0,1,174,16.2,-45.1,29.3
TM,ab2023,1.0,2,23,4.1,-13.3,4.3
TM,ab2023,1.0,3,1,-14.2,-14.2,0.0
TM,bis2022,1.0,0,439,3.2,-100.0,52.2
TM,bis2022,1.0,1,671,4.7,-42.9,33.8
TM,bis2022,1.0,2,119,14.0,-11.9,17.6
TM,bis2022,1.0,3,8,11.5,-25.4,12.5
TMO,ab2023,1.0,0,72,-7.4,-47.5,30.6
TMO,ab2023,1.0,1,135,-0.6,-34.1,23.7
TMO,ab2023,1.0,2,53,-28.1,-48.8,26.4
TMO,ab2023,1.0,3,4,-7.2,-4.4,0.0
TMO,bis2022,1.0,0,350,13.1,-30.6,31.7
TMO,bis2022,1.0,1,640,12.5,-14.8,18.3
TMO,bis2022,1.0,2,188,23.3,-2.2,16.5
TMO,bis2022,1.0,3,17,16.6,-1.7,11.8
TMUS,ab2023,1.0,0,77,-1.7,-56.8,41.6
TMUS,ab2023,1.0,1,127,10.0,-32.3,30.7
TMUS,ab2023,1.0,2,43,6.2,-34.0,34.9
TMUS,ab2023,1.0,3,2,-21.2,-21.2,0.0
TMUS,bis2022,1.0,0,317,24.1,-30.6,35.3
TMUS,bis2022,1.0,1,608,6.1,-23.2,22.9
TMUS,bis2022,1.0,2,142,2.2,-24.5,21.8
TMUS,bis2022,1.0,3,17,-25.3,-53.9,11.8
TRV,ab2023,1.0,0,83,10.8,-50.1,38.6
TRV,ab2023,1.0,1,133,29.5,-14.8,20.3
TRV,ab2023,1.0,2,43,19.4,8.3,16.3
TRV,ab2023,1.0,3,1,-66.2,-66.2,0.0
TRV,bis2022,1.0,0,407,2.3,-46.6,36.1
TRV,bis2022,1.0,1,679,-3.8,-31.3,24.7
TRV,bis2022,1.0,2,171,0.4,-19.5,13.5
TRV,bis2022,1.0,3,6,3.8,-33.1,0.0
TSLA,ab2023,1.0,0,80,54.9,-48.9,37.5
TSLA,ab2023,1.0,1,148,29.6,-25.3,24.3
TSLA,ab2023,1.0,2,23,65.5,-27.5,8.7
TSLA,ab2023,1.0,3,2,-27.7,-27.7,0.0
TSLA,bis2022,1.0,0,253,38.7,-33.0,35.6
TSLA,bis2022,1.0,1,463,41.7,-4.7,22.2
TSLA,bis2022,1.0,2,131,17.8,-11.0,11.5
TSLA,bis2022,1.0,3,14,-4.3,-23.0,0.0
TSM,ab2023,1.0,0,90,90.4,-9.0,34.4
TSM,ab2023,1.0,1,147,45.1,9.2,16.3
TSM,ab2023,1.0,2,21,29.6,-23.8,23.8
TSM,ab2023,1.0,3,2,167.5,167.5,0.0
TSM,bis2022,1.0,0,386,12.3,-40.1,39.1
TSM,bis2022,1.0,1,585,23.6,-21.3,21.7
TSM,bis2022,1.0,2,148,23.6,-3.2,15.5
TSM,bis2022,1.0,3,8,2.6,-10.9,12.5
TTD,ab2023,1.0,0,76,9.2,-79.4,48.7
TTD,ab2023,1.0,1,143,13.5,-26.2,30.8
TTD,ab2023,1.0,2,41,14.7,-37.8,26.8
TTD,ab2023,1.0,3,3,80.4,15.6,0.0
TTD,bis2022,1.0,0,122,11.4,-70.5,44.3
TTD,bis2022,1.0,1,231,12.9,-38.4,26.8
TTD,bis2022,1.0,2,68,71.9,5.3,13.2
TTD,bis2022,1.0,3,8,-42.5,-48.9,12.5
TTE,ab2023,1.0,0,115,-12.0,-55.9,42.6
TTE,ab2023,1.0,1,121,-10.5,-35.9,25.6
TTE,ab2023,1.0,2,39,14.1,-8.3,23.1
TTE,bis2022,1.0,0,421,3.8,-45.4,33.5
TTE,bis2022,1.0,1,686,-9.1,-28.8,22.3
TTE,bis2022,1.0,2,175,9.9,-21.1,11.4
TTE,bis2022,1.0,3,13,26.9,-28.8,7.7
TTWO,ab2023,1.0,0,71,1.7,-61.1,39.4
TTWO,ab2023,1.0,1,154,3.3,-12.6,24.0
TTWO,ab2023,1.0,2,32,12.3,4.8,9.4
TTWO,ab2023,1.0,3,2,-48.6,-48.6,0.0
TTWO,bis2022,1.0,0,346,10.6,-36.0,37.3
TTWO,bis2022,1.0,1,638,11.8,-17.8,21.0
TTWO,bis2022,1.0,2,170,17.4,-8.4,15.3
TTWO,bis2022,1.0,3,15,21.1,-10.5,13.3
TXN,ab2023,1.0,0,86,1.0,-69.7,43.0
TXN,ab2023,1.0,1,144,17.9,-24.1,22.2
TXN,ab2023,1.0,2,55,27.2,-6.2,7.3
TXN,ab2023,1.0,3,1,-71.0,-71.0,0.0
TXN,bis2022,1.0,0,417,16.4,-19.6,29.5
TXN,bis2022,1.0,1,693,-1.7,-27.1,18.0
TXN,bis2022,1.0,2,141,-8.1,-33.5,15.6
TXN,bis2022,1.0,3,7,83.7,38.7,14.3
UBER,ab2023,1.0,0,82,-27.9,-93.2,50.0
UBER,ab2023,1.0,1,135,-8.5,-39.5,28.9
UBER,ab2023,1.0,2,36,-4.4,-22.2,22.2
UBER,ab2023,1.0,3,2,74.4,74.4,0.0
UBER,bis2022,1.0,0,95,32.6,-54.8,40.0
UBER,bis2022,1.0,1,148,-24.6,-56.4,23.6
UBER,bis2022,1.0,2,18,-9.4,-33.2,22.2
UBER,bis2022,1.0,3,2,65.0,65.0,0.0
UBS,ab2023,1.0,0,83,37.7,-49.4,43.4
UBS,ab2023,1.0,1,150,19.4,-10.5,19.3
UBS,ab2023,1.0,2,33,21.4,1.0,15.2
UBS,bis2022,1.0,0,426,-8.6,-69.9,44.1
UBS,bis2022,1.0,1,613,-15.4,-42.3,26.6
UBS,bis2022,1.0,2,140,0.2,-24.0,19.3
UBS,bis2022,1.0,3,14,-13.8,-41.7,28.6
UL,ab2023,1.0,0,90,-8.6,-54.7,38.9
UL,ab2023,1.0,1,143,-25.0,-54.2,37.8
UL,ab2023,1.0,2,43,-11.1,-40.3,23.3
UL,ab2023,1.0,3,4,29.3,7.7,25.0
UL,bis2022,1.0,0,419,-5.0,-54.0,39.4
UL,bis2022,1.0,1,653,-4.2,-29.6,25.3
UL,bis2022,1.0,2,162,-5.7,-35.1,21.0
UL,bis2022,1.0,3,9,-35.6,-46.3,22.2
UNH,ab2023,1.0,0,73,-9.9,-72.5,43.8
UNH,ab2023,1.0,1,126,6.1,-12.0,29.4
UNH,ab2023,1.0,2,44,12.2,-26.6,22.7
UNH,ab2023,1.0,3,7,70.4,36.2,0.0
UNH,bis2022,1.0,0,396,12.8,-33.8,34.3
UNH,bis2022,1.0,1,691,10.6,-22.0,18.5
UNH,bis2022,1.0,2,117,26.1,-23.8,12.0
UNH,bis2022,1.0,3,4,17.1,3.9,0.0
UNP,ab2023,1.0,0,87,13.9,-100.0,54.0
UNP,ab2023,1.0,1,124,20.9,-21.4,25.0
UNP,ab2023,1.0,2,46,36.0,25.7,13.0
UNP,ab2023,1.0,3,4,-31.5,-42.8,0.0
UNP,bis2022,1.0,0,388,2.1,-44.6,37.9
UNP,bis2022,1.0,1,639,-3.2,-28.3,25.4
UNP,bis2022,1.0,2,204,25.5,-20.7,14.7
UNP,bis2022,1.0,3,9,-0.6,-20.8,0.0
UPS,ab2023,1.0,0,73,-22.6,-82.5,47.9
UPS,ab2023,1.0,1,127,-3.3,-21.2,28.3
UPS,ab2023,1.0,2,48,-22.6,-40.7,18.8
UPS,ab2023,1.0,3,4,-43.4,-53.5,25.0
UPS,bis2022,1.0,0,410,-0.6,-58.1,41.7
UPS,bis2022,1.0,1,685,9.9,-33.7,25.8
UPS,bis2022,1.0,2,129,-2.6,-38.2,15.5
UPS,bis2022,1.0,3,10,23.4,25.1,10.0
USB,ab2023,1.0,0,83,30.6,-63.0,38.6
USB,ab2023,1.0,1,142,36.2,-26.9,25.4
USB,ab2023,1.0,2,43,58.7,6.1,4.7
USB,ab2023,1.0,3,3,3.5,-42.1,0.0
USB,bis2022,1.0,0,446,-10.6,-62.3,44.2
USB,bis2022,1.0,1,680,-4.0,-37.5,23.5
USB,bis2022,1.0,2,136,-3.7,-35.0,12.5
USB,bis2022,1.0,3,9,16.6,-19.7,11.1
V,ab2023,1.0,0,74,-19.3,-35.6,35.1
V,ab2023,1.0,1,131,-7.3,-30.1,21.4
V,ab2023,1.0,2,54,11.0,-1.8,13.0
V,ab2023,1.0,3,2,-83.3,-83.3,0.0
V,bis2022,1.0,0,330,36.8,-10.0,24.5
V,bis2022,1.0,1,638,12.8,-18.7,20.1
V,bis2022,1.0,2,142,27.5,-1.3,13.4
V,bis2022,1.0,3,10,-15.3,-27.6,20.0
VLO,ab2023,1.0,0,79,34.5,-24.0,32.9
VLO,ab2023,1.0,1,149,3.5,-28.9,18.1
VLO,ab2023,1.0,2,30,33.2,3.8,3.3
VLO,ab2023,1.0,3,3,105.7,154.4,0.0
VLO,bis2022,1.0,0,337,20.4,-46.0,35.9
VLO,bis2022,1.0,1,619,19.4,-22.1,19.9
VLO,bis2022,1.0,2,172,43.1,-8.2,12.2
VLO,bis2022,1.0,3,9,-63.5,-83.5,44.4
VNA.DE,ab2023,1.0,0,76,2.6,-34.5,35.5
VNA.DE,ab2023,1.0,1,144,-6.6,-32.5,29.2
VNA.DE,ab2023,1.0,2,40,-10.6,-28.7,30.0
VNA.DE,ab2023,1.0,3,1,-35.4,-35.4,0.0
VNA.DE,bis2022,1.0,0,183,26.4,-11.8,29.5
VNA.DE,bis2022,1.0,1,376,5.4,-20.3,25.3
VNA.DE,bis2022,1.0,2,119,17.2,-3.9,17.6
VNA.DE,bis2022,1.0,3,7,-20.7,-39.2,0.0
VOW3.DE,ab2023,1.0,0,72,-42.9,-100.0,61.1
VOW3.DE,ab2023,1.0,1,132,-28.3,-50.7,35.6
VOW3.DE,ab2023,1.0,2,36,16.4,-3.3,19.4
VOW3.DE,ab2023,1.0,3,3,-31.4,-96.6,33.3
VOW3.DE,bis2022,1.0,0,336,10.1,-57.6,42.6
VOW3.DE,bis2022,1.0,1,614,11.7,-40.5,31.4
VOW3.DE,bis2022,1.0,2,185,16.6,-18.0,21.1
VOW3.DE,bis2022,1.0,3,8,50.7,-36.4,25.0
VRSK,ab2023,1.0,0,82,-25.6,-70.1,39.0
VRSK,ab2023,1.0,1,144,-6.3,-24.3,20.8
VRSK,ab2023,1.0,2,41,-31.9,-32.2,34.1
VRSK,ab2023,1.0,3,3,7.5,-12.4,0.0
VRSK,bis2022,1.0,0,298,21.1,-23.6,30.9
VRSK,bis2022,1.0,1,525,21.0,-17.3,18.7
VRSK,bis2022,1.0,2,152,12.3,-18.3,15.8
VRSK,bis2022,1.0,3,9,-5.8,-53.6,11.1
VRTX,ab2023,1.0,0,80,4.7,-70.8,43.8
VRTX,ab2023,1.0,1,127,-5.8,-42.7,23.6
VRTX,ab2023,1.0,2,43,105.0,85.8,14.0
VRTX,ab2023,1.0,3,1,101.6,101.6,0.0
VRTX,bis2022,1.0,0,339,16.7,-44.7,35.7
VRTX,bis2022,1.0,1,671,6.6,-40.6,26.2
VRTX,bis2022,1.0,2,118,12.8,-7.4,17.8
VRTX,bis2022,1.0,3,9,19.6,18.8,0.0
VZ,ab2023,1.0,0,66,-10.4,-100.0,51.5
VZ,ab2023,1.0,1,147,-6.0,-37.6,27.2
VZ,ab2023,1.0,2,32,49.1,12.7,6.2
VZ,ab2023,1.0,3,3,-31.4,-62.3,33.3
VZ,bis2022,1.0,0,380,1.9,-57.9,37.9
VZ,bis2022,1.0,1,640,1.8,-32.4,25.8
VZ,bis2022,1.0,2,147,8.8,-24.6,14.3
VZ,bis2022,1.0,3,7,-51.3,-66.2,28.6
WBD,ab2023,1.0,0,68,9.1,-100.0,51.5
WBD,ab2023,1.0,1,141,31.6,-38.0,26.2
WBD,ab2023,1.0,2,40,51.1,-5.5,10.0
WBD,ab2023,1.0,3,1,-100.0,-100.0,100.0
WBD,bis2022,1.0,0,308,10.6,-41.4,36.4
WBD,bis2022,1.0,1,621,1.7,-30.2,24.8
WBD,bis2022,1.0,2,210,-3.7,-32.6,22.9
WBD,bis2022,1.0,3,20,0.0,-12.7,5.0
WDAY,ab2023,1.0,0,93,-22.8,-100.0,50.5
WDAY,ab2023,1.0,1,122,-13.7,-56.8,35.2
WDAY,ab2023,1.0,2,49,-24.0,-100.0,51.0
WDAY,ab2023,1.0,3,4,-19.5,-15.6,25.0
WDAY,bis2022,1.0,0,219,1.9,-62.6,40.6
WDAY,bis2022,1.0,1,379,9.0,-26.6,28.0
WDAY,bis2022,1.0,2,106,8.1,-23.6,22.6
WDAY,bis2022,1.0,3,11,-16.9,-11.2,18.2
WDC,ab2023,1.0,0,84,116.9,27.3,31.0
WDC,ab2023,1.0,1,157,74.1,15.5,19.1
WDC,ab2023,1.0,2,39,69.2,7.8,7.7
WDC,ab2023,1.0,3,3,132.1,208.8,33.3
WDC,bis2022,1.0,0,353,22.4,-29.4,34.0
WDC,bis2022,1.0,1,620,10.0,-31.5,26.3
WDC,bis2022,1.0,2,180,11.5,-26.5,20.0
WDC,bis2022,1.0,3,12,-23.4,-20.5,8.3
WELL,ab2023,1.0,0,74,29.5,-18.0,33.8
WELL,ab2023,1.0,1,169,25.7,-1.8,14.8
WELL,ab2023,1.0,2,15,25.8,-14.3,13.3
WELL,bis2022,1.0,0,351,4.0,-49.4,38.5
WELL,bis2022,1.0,1,628,5.6,-22.2,21.7
WELL,bis2022,1.0,2,147,12.9,-33.0,15.0
WELL,bis2022,1.0,3,15,6.1,24.0,13.3
WFC,ab2023,1.0,0,74,3.8,-65.5,44.6
WFC,ab2023,1.0,1,145,14.4,-22.9,27.6
WFC,ab2023,1.0,2,35,29.7,18.2,14.3
WFC,ab2023,1.0,3,4,65.9,52.9,0.0
WFC,bis2022,1.0,0,395,-11.0,-54.5,39.0
WFC,bis2022,1.0,1,666,-6.7,-36.3,25.8
WFC,bis2022,1.0,2,185,-1.2,-33.5,14.6
WFC,bis2022,1.0,3,16,1.6,-12.2,6.2
WMT,ab2023,1.0,0,74,12.1,-53.2,32.4
WMT,ab2023,1.0,1,131,49.7,-1.6,15.3
WMT,ab2023,1.0,2,20,46.8,-11.7,10.0
WMT,ab2023,1.0,3,4,185.8,191.1,0.0
WMT,bis2022,1.0,0,407,8.0,-47.5,35.9
WMT,bis2022,1.0,1,629,11.9,-22.3,21.6
WMT,bis2022,1.0,2,153,3.9,-11.4,14.4
WMT,bis2022,1.0,3,8,-0.6,-61.6,12.5
XEL,ab2023,1.0,0,72,-12.7,-79.7,41.7
XEL,ab2023,1.0,1,132,2.2,-15.9,12.9
XEL,ab2023,1.0,2,36,-27.5,-36.3,16.7
XEL,ab2023,1.0,3,5,95.7,90.7,0.0
XEL,bis2022,1.0,0,339,14.4,-26.4,25.4
XEL,bis2022,1.0,1,645,11.4,-8.6,14.1
XEL,bis2022,1.0,2,169,22.8,-3.7,13.0
XEL,bis2022,1.0,3,11,-17.1,-40.6,18.2
XOM,ab2023,1.0,0,90,3.3,-34.0,32.2
XOM,ab2023,1.0,1,153,4.5,-34.2,19.0
XOM,ab2023,1.0,2,34,10.8,-2.2,17.6
XOM,ab2023,1.0,3,2,209.6,209.6,0.0
XOM,bis2022,1.0,0,472,6.0,-41.5,35.0
XOM,bis2022,1.0,1,689,8.0,-26.5,19.4
XOM,bis2022,1.0,2,138,8.7,-19.9,16.7
XOM,bis2022,1.0,3,8,-4.8,-19.1,0.0
ZAL.DE,ab2023,1.0,0,78,2.9,-72.9,44.9
ZAL.DE,ab2023,1.0,1,123,-17.5,-54.4,34.1
ZAL.DE,ab2023,1.0,2,33,15.0,-21.1,21.2
ZAL.DE,ab2023,1.0,3,4,-13.6,-48.1,25.0
ZAL.DE,bis2022,1.0,0,143,30.0,-17.4,33.6
ZAL.DE,bis2022,1.0,1,297,23.5,-18.3,24.2
ZAL.DE,bis2022,1.0,2,119,2.2,-24.6,23.5
ZAL.DE,bis2022,1.0,3,7,-54.0,-51.5,14.3
ZS,ab2023,1.0,0,65,28.7,-3.9,30.8
ZS,ab2023,1.0,1,133,19.7,-26.0,27.8
ZS,ab2023,1.0,2,48,-20.4,-57.4,45.8
ZS,ab2023,1.0,3,1,-100.0,-100.0,100.0
ZS,bis2022,1.0,0,84,3.6,-38.9,40.5
ZS,bis2022,1.0,1,187,17.7,-11.9,23.0
ZS,bis2022,1.0,2,58,38.2,0.3,17.2
ZS,bis2022,1.0,3,3,-31.2,-40.9,0.0
AAPL,ab2023,2.0,0,79,8.2,-20.0,7.6
AAPL,ab2023,2.0,1,164,15.8,-0.3,5.5
AAPL,ab2023,2.0,2,27,36.5,-0.4,11.1
AAPL,ab2023,2.0,3,3,28.0,23.7,0.0
AAPL,bis2022,2.0,0,380,30.1,0.4,8.2
AAPL,bis2022,2.0,1,637,25.1,-5.6,4.2
AAPL,bis2022,2.0,2,139,21.9,-11.3,2.9
AAPL,bis2022,2.0,3,7,-1.3,-20.5,0.0
ABBV,ab2023,2.0,0,66,7.8,-28.6,16.7
ABBV,ab2023,2.0,1,129,-0.5,-23.6,10.9
ABBV,ab2023,2.0,2,46,30.0,-6.1,4.3
ABBV,ab2023,2.0,3,2,-30.2,-30.2,0.0
ABBV,bis2022,2.0,0,195,16.5,-20.0,9.7
ABBV,bis2022,2.0,1,390,18.8,-5.8,5.9
ABBV,bis2022,2.0,2,132,16.6,-19.2,4.5
ABBV,bis2022,2.0,3,13,-8.4,-15.8,0.0
ABNB,ab2023,2.0,0,84,16.0,-8.8,10.7
ABNB,ab2023,2.0,1,132,-2.0,-21.0,7.6
ABNB,ab2023,2.0,2,48,35.7,29.2,2.1
ABNB,ab2023,2.0,3,4,1.6,7.1,25.0
ABNB,bis2022,2.0,0,40,-3.5,-18.7,15.0
ABNB,bis2022,2.0,1,66,-10.2,-25.4,1.5
ABNB,bis2022,2.0,2,33,8.4,-17.9,3.0
ABNB,bis2022,2.0,3,5,-26.2,-35.6,0.0
ABT,ab2023,2.0,0,76,-9.6,-28.7,21.1
ABT,ab2023,2.0,1,114,-4.8,-20.8,15.8
ABT,ab2023,2.0,2,44,-0.6,-25.3,9.1
ABT,ab2023,2.0,3,9,12.8,-3.6,0.0
ABT,bis2022,2.0,0,397,8.9,-12.6,9.1
ABT,bis2022,2.0,1,644,5.8,-15.4,5.1
ABT,bis2022,2.0,2,164,2.2,-16.8,5.5
ABT,bis2022,2.0,3,11,-2.8,-21.1,0.0
ACN,ab2023,2.0,0,78,-12.6,-26.0,21.8
ACN,ab2023,2.0,1,134,-9.4,-33.1,9.7
ACN,ab2023,2.0,2,56,-10.4,-35.4,3.6
ACN,ab2023,2.0,3,5,47.1,1.0,0.0
ACN,bis2022,2.0,0,411,15.7,-8.1,7.3
ACN,bis2022,2.0,1,679,14.6,-9.6,4.3
ACN,bis2022,2.0,2,149,18.9,-7.2,4.7
ACN,bis2022,2.0,3,11,37.5,35.8,0.0
ADBE,ab2023,2.0,0,75,-9.5,-33.4,17.3
ADBE,ab2023,2.0,1,120,-8.9,-34.4,5.0
ADBE,ab2023,2.0,2,67,-4.0,-19.4,7.5
ADBE,ab2023,2.0,3,2,-40.6,-40.6,0.0
ADBE,bis2022,2.0,0,366,10.6,-13.8,5.7
ADBE,bis2022,2.0,1,674,8.4,-10.1,4.3
ADBE,bis2022,2.0,2,123,22.1,0.9,2.4
ADBE,bis2022,2.0,3,9,-11.3,-35.5,0.0
ADI,ab2023,2.0,0,92,3.5,-28.7,6.5
ADI,ab2023,2.0,1,143,-0.0,-22.6,8.4
ADI,ab2023,2.0,2,37,34.0,-2.4,2.7
ADI,ab2023,2.0,3,2,-5.4,-5.4,0.0
ADI,bis2022,2.0,0,380,1.2,-28.8,10.8
ADI,bis2022,2.0,1,704,3.5,-16.6,5.4
ADI,bis2022,2.0,2,170,-2.3,-16.9,2.9
ADI,bis2022,2.0,3,8,28.1,-8.9,0.0
ADP,ab2023,2.0,0,81,2.6,-15.7,6.2
ADP,ab2023,2.0,1,119,1.3,-19.0,6.7
ADP,ab2023,2.0,2,41,-18.2,-30.1,7.3
ADP,ab2023,2.0,3,3,-24.7,-23.9,0.0
ADP,bis2022,2.0,0,400,8.8,-21.1,7.2
ADP,bis2022,2.0,1,721,-0.7,-17.7,4.0
ADP,bis2022,2.0,2,161,14.7,-8.0,0.6
ADP,bis2022,2.0,3,3,0.4,-8.7,0.0
ADS.DE,ab2023,2.0,0,88,13.2,-13.8,11.4
ADS.DE,ab2023,2.0,1,132,4.0,-15.2,5.3
ADS.DE,ab2023,2.0,2,42,3.8,-11.0,11.9
ADS.DE,ab2023,2.0,3,5,-19.4,-44.6,20.0
ADS.DE,bis2022,2.0,0,352,13.9,-19.7,12.2
ADS.DE,bis2022,2.0,1,675,13.7,-14.6,6.2
ADS.DE,bis2022,2.0,2,140,2.9,-13.4,6.4
ADS.DE,bis2022,2.0,3,9,13.3,-14.7,11.1
ADSK,ab2023,2.0,0,80,-15.4,-39.1,18.8
ADSK,ab2023,2.0,1,150,-2.6,-20.2,6.0
ADSK,ab2023,2.0,2,30,19.9,18.3,3.3
ADSK,ab2023,2.0,3,2,30.5,30.5,0.0
ADSK,bis2022,2.0,0,354,9.9,-17.7,6.5
ADSK,bis2022,2.0,1,615,4.1,-18.5,6.2
ADSK,bis2022,2.0,2,165,3.3,-19.9,6.1
ADSK,bis2022,2.0,3,13,0.9,-17.5,0.0
AEP,ab2023,2.0,0,81,30.7,-16.0,7.4
AEP,ab2023,2.0,1,131,11.2,-18.5,3.8
AEP,ab2023,2.0,2,31,-1.8,-16.0,0.0
AEP,ab2023,2.0,3,2,64.4,64.4,0.0
AEP,bis2022,2.0,0,373,12.7,-12.2,4.8
AEP,bis2022,2.0,1,623,4.6,-14.6,2.7
AEP,bis2022,2.0,2,149,8.5,-12.4,6.0
AEP,bis2022,2.0,3,15,24.0,3.2,0.0
AIR.DE,ab2023,2.0,0,94,7.5,-28.3,13.8
AIR.DE,ab2023,2.0,1,151,6.2,-13.7,6.6
AIR.DE,ab2023,2.0,2,45,21.2,6.6,4.4
AIR.DE,ab2023,2.0,3,3,-31.4,-40.3,33.3
AIR.DE,bis2022,2.0,0,344,7.4,-23.1,9.6
AIR.DE,bis2022,2.0,1,664,2.1,-23.8,5.6
AIR.DE,bis2022,2.0,2,175,14.8,-5.3,2.9
AIR.DE,bis2022,2.0,3,16,-11.5,-34.5,6.2
ALV.DE,ab2023,2.0,0,71,-2.2,-26.0,9.9
ALV.DE,ab2023,2.0,1,149,0.0,-4.6,7.4
ALV.DE,ab2023,2.0,2,23,23.0,10.2,4.3
ALV.DE,ab2023,2.0,3,1,48.8,48.8,0.0
ALV.DE,bis2022,2.0,0,380,-3.3,-26.4,10.5
ALV.DE,bis2022,2.0,1,700,1.0,-20.7,6.1
ALV.DE,bis2022,2.0,2,135,8.7,-22.2,5.9
ALV.DE,bis2022,2.0,3,13,-10.2,-35.6,0.0
AMAT,ab2023,2.0,0,86,5.9,-8.6,9.3
AMAT,ab2023,2.0,1,169,4.3,-15.1,4.7
AMAT,ab2023,2.0,2,30,55.1,29.6,3.3
AMAT,ab2023,2.0,3,3,-29.0,-39.2,0.0
AMAT,bis2022,2.0,0,351,6.8,-16.7,6.3
AMAT,bis2022,2.0,1,649,8.8,-9.1,2.5
AMAT,bis2022,2.0,2,181,4.0,-16.7,2.2
AMAT,bis2022,2.0,3,9,-22.3,-19.8,0.0
AMD,ab2023,2.0,0,93,30.7,-17.4,15.1
AMD,ab2023,2.0,1,134,13.9,-9.5,8.2
AMD,ab2023,2.0,2,40,33.4,8.0,0.0
AMD,ab2023,2.0,3,4,179.7,198.1,0.0
AMD,bis2022,2.0,0,328,30.2,-7.3,11.0
AMD,bis2022,2.0,1,537,10.5,-17.0,11.0
AMD,bis2022,2.0,2,161,6.0,-10.0,9.3
AMD,bis2022,2.0,3,7,-13.3,-30.2,0.0
AMGN,ab2023,2.0,0,74,18.5,-9.3,9.5
AMGN,ab2023,2.0,1,147,19.6,-22.3,8.2
AMGN,ab2023,2.0,2,39,-5.1,-35.1,15.4
AMGN,bis2022,2.0,0,384,6.1,-26.6,8.1
AMGN,bis2022,2.0,1,677,9.6,-17.3,5.6
AMGN,bis2022,2.0,2,159,8.4,-0.7,3.8
AMGN,bis2022,2.0,3,8,35.0,-25.7,0.0
AMT,ab2023,2.0,0,84,-2.0,-44.7,10.7
AMT,ab2023,2.0,1,131,-8.0,-18.8,7.6
AMT,ab2023,2.0,2,42,-13.8,-18.9,2.4
AMT,ab2023,2.0,3,6,-40.9,-51.7,0.0
AMT,bis2022,2.0,0,349,1.8,-15.5,6.3
AMT,bis2022,2.0,1,664,5.6,-14.8,3.9
AMT,bis2022,2.0,2,146,23.7,2.1,0.7
AMT,bis2022,2.0,3,14,16.8,12.7,0.0
AMZN,ab2023,2.0,0,92,12.6,-3.9,6.5
AMZN,ab2023,2.0,1,148,5.0,-5.1,5.4
AMZN,ab2023,2.0,2,30,14.2,-13.2,13.3
AMZN,ab2023,2.0,3,3,22.5,15.1,0.0
AMZN,bis2022,2.0,0,366,37.9,4.6,7.4
AMZN,bis2022,2.0,1,629,19.7,-9.1,3.7
AMZN,bis2022,2.0,2,175,19.4,-4.1,1.7
AMZN,bis2022,2.0,3,16,-6.6,-26.9,6.2
ANET,ab2023,2.0,0,93,27.4,18.2,12.9
ANET,ab2023,2.0,1,141,-0.3,-10.7,6.4
ANET,ab2023,2.0,2,34,35.2,10.0,2.9
ANET,ab2023,2.0,3,4,30.7,17.4,0.0
ANET,bis2022,2.0,0,181,9.9,-16.9,8.8
ANET,bis2022,2.0,1,330,11.8,-23.3,7.0
ANET,bis2022,2.0,2,107,11.9,-4.8,1.9
ANET,bis2022,2.0,3,4,-27.1,-34.4,0.0
APH,ab2023,2.0,0,80,5.2,-19.4,11.2
APH,ab2023,2.0,1,156,16.7,-6.3,5.8
APH,ab2023,2.0,2,36,31.1,-13.6,2.8
APH,ab2023,2.0,3,2,17.4,17.4,0.0
APH,bis2022,2.0,0,395,12.4,-8.6,6.1
APH,bis2022,2.0,1,662,0.9,-12.0,5.7
APH,bis2022,2.0,2,184,10.6,-11.9,1.6
APH,bis2022,2.0,3,16,3.8,-18.8,0.0
APP,ab2023,2.0,0,91,71.4,49.5,6.6
APP,ab2023,2.0,1,146,37.8,24.7,4.1
APP,ab2023,2.0,2,30,54.8,9.0,0.0
APP,ab2023,2.0,3,1,325.3,325.3,0.0
APP,bis2022,2.0,0,40,-52.7,-55.7,20.0
APP,bis2022,2.0,1,54,-16.0,-38.4,3.7
APP,bis2022,2.0,2,10,-30.4,-29.7,0.0
APP,bis2022,2.0,3,2,-23.4,-23.4,0.0
ARM,ab2023,2.0,0,64,64.9,26.4,21.9
ARM,ab2023,2.0,1,109,40.4,18.1,17.4
ARM,ab2023,2.0,2,23,4.5,-39.4,8.7
ARM,ab2023,2.0,3,2,22.9,22.9,0.0
ASML,ab2023,2.0,0,98,17.4,-23.0,14.3
ASML,ab2023,2.0,1,148,17.3,-7.7,7.4
ASML,ab2023,2.0,2,27,1.1,-6.0,0.0
ASML,ab2023,2.0,3,2,-5.3,-5.3,0.0
ASML,bis2022,2.0,0,403,2.2,-23.3,7.9
ASML,bis2022,2.0,1,738,5.1,-13.1,4.7
ASML,bis2022,2.0,2,159,12.1,-7.3,3.1
ASML,bis2022,2.0,3,12,-29.1,-35.0,0.0
AVGO,ab2023,2.0,0,82,20.8,-12.1,9.8
AVGO,ab2023,2.0,1,153,6.8,-18.6,7.2
AVGO,ab2023,2.0,2,38,18.2,-10.3,0.0
AVGO,ab2023,2.0,3,3,10.5,-39.3,0.0
AVGO,bis2022,2.0,0,321,14.3,-18.3,10.6
AVGO,bis2022,2.0,1,541,13.6,-7.4,5.5
AVGO,bis2022,2.0,2,130,27.4,8.4,3.1
AVGO,bis2022,2.0,3,7,-7.8,-39.3,0.0
AXON,ab2023,2.0,0,73,24.6,-17.9,27.4
AXON,ab2023,2.0,1,122,33.4,7.0,8.2
AXON,ab2023,2.0,2,46,-5.9,-22.4,8.7
AXON,ab2023,2.0,3,2,-0.2,-0.2,0.0
AXON,bis2022,2.0,0,343,7.9,-35.1,15.2
AXON,bis2022,2.0,1,569,19.8,-11.5,9.1
AXON,bis2022,2.0,2,149,21.8,-5.1,1.3
AXON,bis2022,2.0,3,10,0.8,-27.2,0.0
AXP,ab2023,2.0,0,92,12.8,-25.2,9.8
AXP,ab2023,2.0,1,140,5.0,-18.4,7.9
AXP,ab2023,2.0,2,37,39.7,22.0,0.0
AXP,ab2023,2.0,3,4,-7.1,-27.1,0.0
AXP,bis2022,2.0,0,398,4.9,-19.9,11.3
AXP,bis2022,2.0,1,667,1.7,-13.7,6.7
AXP,bis2022,2.0,2,128,9.8,-14.5,3.9
AXP,bis2022,2.0,3,16,-12.3,-25.8,6.2
AZN,ab2023,2.0,0,116,13.2,-32.5,12.1
AZN,ab2023,2.0,1,131,-18.2,-34.5,12.2
AZN,ab2023,2.0,2,30,-16.7,-29.2,16.7
AZN,ab2023,2.0,3,5,109.0,65.8,0.0
AZN,bis2022,2.0,0,363,-5.4,-27.5,16.8
AZN,bis2022,2.0,1,727,-6.7,-21.0,11.1
AZN,bis2022,2.0,2,130,16.9,7.6,5.4
AZN,bis2022,2.0,3,7,9.7,11.7,0.0
BA,ab2023,2.0,0,70,14.4,-13.8,10.0
BA,ab2023,2.0,1,141,-6.1,-22.8,10.6
BA,ab2023,2.0,2,36,57.3,-14.1,13.9
BA,ab2023,2.0,3,6,14.1,-0.2,0.0
BA,bis2022,2.0,0,361,9.2,-27.1,12.7
BA,bis2022,2.0,1,685,18.7,-11.8,5.8
BA,bis2022,2.0,2,153,9.5,-10.9,2.0
BA,bis2022,2.0,3,18,-1.7,-22.3,0.0
BABA,ab2023,2.0,0,86,-11.3,-49.5,17.4
BABA,ab2023,2.0,1,145,-10.3,-30.8,8.3
BABA,ab2023,2.0,2,36,34.8,10.2,2.8
BABA,ab2023,2.0,3,1,50.8,50.8,0.0
BABA,bis2022,2.0,0,91,-15.3,-45.1,22.0
BABA,bis2022,2.0,1,114,-21.2,-39.1,17.5
BABA,bis2022,2.0,2,31,-28.7,-27.3,19.4
BABA,bis2022,2.0,3,7,-12.0,-32.1,0.0
BAC,ab2023,2.0,0,81,22.5,-10.3,11.1
BAC,ab2023,2.0,1,148,16.6,-4.3,4.1
BAC,ab2023,2.0,2,29,17.6,-8.5,0.0
BAC,bis2022,2.0,0,398,-3.1,-32.7,15.3
BAC,bis2022,2.0,1,674,9.2,-22.3,8.2
BAC,bis2022,2.0,2,132,-2.1,-13.8,3.8
BAC,bis2022,2.0,3,7,-19.1,-18.1,0.0
BAS.DE,ab2023,2.0,0,76,-28.3,-45.6,14.5
BAS.DE,ab2023,2.0,1,138,-10.5,-25.4,7.2
BAS.DE,ab2023,2.0,2,39,4.3,-6.9,0.0
BAS.DE,ab2023,2.0,3,1,-1.7,-1.7,0.0
BAS.DE,bis2022,2.0,0,381,8.0,-20.0,9.4
BAS.DE,bis2022,2.0,1,694,-0.2,-19.0,5.8
BAS.DE,bis2022,2.0,2,186,1.1,-18.3,4.8
BAS.DE,bis2022,2.0,3,6,0.3,-10.9,0.0
BAYN.DE,ab2023,2.0,0,70,9.9,-15.9,20.0
BAYN.DE,ab2023,2.0,1,138,5.9,-11.0,9.4
BAYN.DE,ab2023,2.0,2,49,-16.5,-28.5,14.3
BAYN.DE,ab2023,2.0,3,2,-36.4,-36.4,0.0
BAYN.DE,bis2022,2.0,0,348,-1.5,-19.4,9.5
BAYN.DE,bis2022,2.0,1,650,-2.0,-18.3,6.9
BAYN.DE,bis2022,2.0,2,189,2.1,-13.4,4.8
BAYN.DE,bis2022,2.0,3,14,-10.7,-22.4,0.0
BBVA,ab2023,2.0,0,87,15.6,10.0,6.9
BBVA,ab2023,2.0,1,133,14.6,7.2,2.3
BBVA,ab2023,2.0,2,25,16.9,8.8,4.0
BBVA,bis2022,2.0,0,378,-8.4,-30.2,6.6
BBVA,bis2022,2.0,1,576,-6.3,-22.4,3.6
BBVA,bis2022,2.0,2,184,-5.8,-22.6,3.8
BBVA,bis2022,2.0,3,19,-9.2,-23.4,0.0
BEI.DE,ab2023,2.0,0,77,-0.9,-10.3,13.0
BEI.DE,ab2023,2.0,1,137,-3.8,-12.8,10.9
BEI.DE,ab2023,2.0,2,52,12.0,-11.7,1.9
BEI.DE,ab2023,2.0,3,3,-22.8,-19.3,0.0
BEI.DE,bis2022,2.0,0,378,-4.2,-26.4,11.1
BEI.DE,bis2022,2.0,1,674,-8.2,-24.0,7.1
BEI.DE,bis2022,2.0,2,163,10.2,-5.0,6.7
BEI.DE,bis2022,2.0,3,9,17.5,-14.7,0.0
BHP,ab2023,2.0,0,138,-2.7,-25.0,13.0
BHP,ab2023,2.0,1,166,-6.9,-24.8,3.6
BHP,ab2023,2.0,2,33,1.7,-1.6,0.0
BHP,ab2023,2.0,3,2,44.9,44.9,0.0
BHP,bis2022,2.0,0,530,7.1,-20.9,11.1
BHP,bis2022,2.0,1,782,8.5,-13.8,4.3
BHP,bis2022,2.0,2,168,5.2,-12.6,6.0
BHP,bis2022,2.0,3,9,24.4,9.3,0.0
BIIB,ab2023,2.0,0,71,-18.9,-40.1,8.5
BIIB,ab2023,2.0,1,124,-12.4,-25.8,4.0
BIIB,ab2023,2.0,2,44,-14.0,-29.6,4.5
BIIB,ab2023,2.0,3,2,88.4,88.4,0.0
BIIB,bis2022,2.0,0,306,23.6,-13.7,7.2
BIIB,bis2022,2.0,1,678,18.4,-16.6,5.9
BIIB,bis2022,2.0,2,192,3.7,-16.2,7.8
BIIB,bis2022,2.0,3,13,-20.6,-42.8,15.4
BKNG,ab2023,2.0,0,83,7.8,-28.7,9.6
BKNG,ab2023,2.0,1,143,15.3,-10.7,2.8
BKNG,ab2023,2.0,2,28,41.8,2.7,7.1
BKNG,ab2023,2.0,3,5,62.7,33.2,0.0
BKNG,bis2022,2.0,0,334,15.6,-0.0,15.9
BKNG,bis2022,2.0,1,656,11.7,-11.7,7.6
BKNG,bis2022,2.0,2,195,23.3,13.5,4.6
BKNG,bis2022,2.0,3,18,12.1,0.8,0.0
BKR,ab2023,2.0,0,75,27.0,-12.9,8.0
BKR,ab2023,2.0,1,158,13.7,-16.6,3.8
BKR,ab2023,2.0,2,30,25.9,5.6,0.0
BKR,ab2023,2.0,3,4,28.7,31.6,0.0
BKR,bis2022,2.0,0,401,-1.4,-29.1,7.5
BKR,bis2022,2.0,1,696,3.6,-18.7,4.0
BKR,bis2022,2.0,2,148,-2.3,-25.1,6.1
BKR,bis2022,2.0,3,9,9.1,17.1,11.1
BLK,ab2023,2.0,0,84,-5.3,-30.3,7.1
BLK,ab2023,2.0,1,148,26.3,-1.1,4.7
BLK,ab2023,2.0,2,35,51.0,36.0,0.0
BLK,ab2023,2.0,3,2,47.4,47.4,0.0
BLK,bis2022,2.0,0,351,11.6,-12.3,8.5
BLK,bis2022,2.0,1,676,5.4,-15.5,4.6
BLK,bis2022,2.0,2,191,2.4,-15.1,3.7
BLK,bis2022,2.0,3,12,14.4,-19.8,0.0
BMO,ab2023,2.0,0,88,16.1,-47.9,25.0
BMO,ab2023,2.0,1,163,17.6,-12.1,9.2
BMO,ab2023,2.0,2,37,15.9,-10.0,5.4
BMO,ab2023,2.0,3,2,91.3,91.3,0.0
BMO,bis2022,2.0,0,430,-2.0,-24.2,10.2
BMO,bis2022,2.0,1,678,9.8,-11.4,4.9
BMO,bis2022,2.0,2,136,6.0,-23.3,5.9
BMO,bis2022,2.0,3,11,14.9,0.1,0.0
BMW.DE,ab2023,2.0,0,85,7.7,-20.3,20.0
BMW.DE,ab2023,2.0,1,145,-16.2,-30.1,13.1
BMW.DE,ab2023,2.0,2,36,4.5,-11.3,16.7
BMW.DE,ab2023,2.0,3,4,81.4,13.9,0.0
BMW.DE,bis2022,2.0,0,398,-8.4,-31.7,17.6
BMW.DE,bis2022,2.0,1,658,-7.4,-28.7,9.7
BMW.DE,bis2022,2.0,2,155,2.8,-11.3,6.5
BMW.DE,bis2022,2.0,3,13,-4.7,-14.8,0.0
BMY,ab2023,2.0,0,61,1.0,-22.9,4.9
BMY,ab2023,2.0,1,114,-9.6,-30.8,5.3
BMY,ab2023,2.0,2,41,-18.5,-19.2,12.2
BMY,ab2023,2.0,3,2,7.7,7.7,0.0
BMY,bis2022,2.0,0,352,10.0,-8.8,9.7
BMY,bis2022,2.0,1,686,-2.4,-19.6,8.7
BMY,bis2022,2.0,2,132,-0.3,-12.8,6.1
BMY,bis2022,2.0,3,9,15.9,13.0,0.0
BNR.DE,ab2023,2.0,0,88,-27.7,-35.5,12.5
BNR.DE,ab2023,2.0,1,125,-20.5,-30.1,12.8
BNR.DE,ab2023,2.0,2,49,8.4,-13.7,6.1
BNR.DE,ab2023,2.0,3,3,66.4,38.5,0.0
BNR.DE,bis2022,2.0,0,252,9.5,-1.0,11.5
BNR.DE,bis2022,2.0,1,544,-4.1,-16.7,9.9
BNR.DE,bis2022,2.0,2,154,4.2,-21.0,3.2
BNR.DE,bis2022,2.0,3,10,-3.1,-11.4,0.0
BNS,ab2023,2.0,0,86,21.8,-19.1,11.6
BNS,ab2023,2.0,1,146,17.7,2.7,2.1
BNS,ab2023,2.0,2,32,3.5,16.5,12.5
BNS,bis2022,2.0,0,422,-1.3,-14.8,8.3
BNS,bis2022,2.0,1,686,1.4,-14.7,4.4
BNS,bis2022,2.0,2,161,2.1,-16.3,5.6
BNS,bis2022,2.0,3,13,-25.5,-33.5,0.0
BNY,ab2023,2.0,0,84,45.1,19.0,2.4
BNY,ab2023,2.0,1,133,30.8,10.5,2.3
BNY,ab2023,2.0,2,28,31.3,-4.4,0.0
BNY,ab2023,2.0,3,3,-0.6,-50.3,0.0
BNY,bis2022,2.0,0,388,0.8,-19.5,9.0
BNY,bis2022,2.0,1,647,-4.1,-19.9,6.6
BNY,bis2022,2.0,2,200,8.5,-11.3,2.5
BNY,bis2022,2.0,3,12,-35.8,-31.3,8.3
BP,ab2023,2.0,0,88,7.0,-24.9,13.6
BP,ab2023,2.0,1,152,-1.7,-23.7,11.8
BP,ab2023,2.0,2,49,3.1,-5.7,2.0
BP,ab2023,2.0,3,3,-42.0,-71.3,33.3
BP,bis2022,2.0,0,384,14.2,-16.8,7.6
BP,bis2022,2.0,1,675,-2.7,-20.9,6.1
BP,bis2022,2.0,2,159,-3.7,-20.0,7.5
BP,bis2022,2.0,3,11,-5.5,-23.0,9.1
BRK-B,ab2023,2.0,0,78,5.2,-16.1,7.7
BRK-B,ab2023,2.0,1,140,-1.6,-12.2,5.0
BRK-B,ab2023,2.0,2,31,4.5,-6.0,0.0
BRK-B,ab2023,2.0,3,3,-1.6,-21.5,0.0
BRK-B,bis2022,2.0,0,349,16.9,-14.2,9.2
BRK-B,bis2022,2.0,1,706,6.2,-17.4,5.1
BRK-B,bis2022,2.0,2,145,24.2,-0.6,2.1
BRK-B,bis2022,2.0,3,10,7.0,-5.5,10.0
BTI,ab2023,2.0,0,68,-6.2,-35.3,25.0
BTI,ab2023,2.0,1,129,-1.4,-21.9,10.9
BTI,ab2023,2.0,2,66,-0.9,-12.9,9.1
BTI,ab2023,2.0,3,6,40.9,49.5,16.7
BTI,bis2022,2.0,0,323,-12.5,-30.5,11.8
BTI,bis2022,2.0,1,640,-4.8,-21.2,7.8
BTI,bis2022,2.0,2,202,13.6,-4.3,6.9
BTI,bis2022,2.0,3,15,7.2,-11.7,0.0
C,ab2023,2.0,0,93,39.2,-13.6,10.8
C,ab2023,2.0,1,135,31.3,8.3,5.2
C,ab2023,2.0,2,23,83.8,69.1,0.0
C,ab2023,2.0,3,4,11.3,-16.3,0.0
C,bis2022,2.0,0,404,-7.3,-33.4,11.6
C,bis2022,2.0,1,641,3.4,-19.4,5.8
C,bis2022,2.0,2,170,-10.2,-26.7,2.4
C,bis2022,2.0,3,14,-16.3,-18.4,7.1
CAT,ab2023,2.0,0,61,57.4,-0.4,9.8
CAT,ab2023,2.0,1,159,36.7,0.7,4.4
CAT,ab2023,2.0,2,34,35.7,-20.4,2.9
CAT,ab2023,2.0,3,2,182.1,182.1,0.0
CAT,bis2022,2.0,0,397,13.3,-15.3,8.6
CAT,bis2022,2.0,1,681,12.2,-11.7,4.4
CAT,bis2022,2.0,2,141,22.8,3.5,2.8
CAT,bis2022,2.0,3,8,4.0,-25.4,0.0
CB,ab2023,2.0,0,84,12.3,-26.0,16.7
CB,ab2023,2.0,1,129,-2.2,-13.9,4.7
CB,ab2023,2.0,2,29,-2.5,-16.7,0.0
CB,ab2023,2.0,3,1,263.0,263.0,0.0
CB,bis2022,2.0,0,405,-2.6,-23.3,12.6
CB,bis2022,2.0,1,673,-3.1,-21.1,5.6
CB,bis2022,2.0,2,162,2.1,-21.7,5.6
CB,bis2022,2.0,3,14,8.8,-18.6,7.1
CBK.DE,ab2023,2.0,0,73,40.0,-10.2,5.5
CBK.DE,ab2023,2.0,1,162,19.6,-8.2,3.7
CBK.DE,ab2023,2.0,2,19,82.4,21.6,0.0
CBK.DE,ab2023,2.0,3,1,-17.8,-17.8,0.0
CBK.DE,bis2022,2.0,0,355,-1.4,-38.2,13.8
CBK.DE,bis2022,2.0,1,624,6.3,-22.9,8.5
CBK.DE,bis2022,2.0,2,138,-7.8,-26.2,4.3
CBK.DE,bis2022,2.0,3,14,-30.9,-31.7,7.1
CCEP,ab2023,2.0,0,77,31.8,-7.7,3.9
CCEP,ab2023,2.0,1,143,3.9,-23.4,2.8
CCEP,ab2023,2.0,2,28,69.9,49.8,3.6
CCEP,ab2023,2.0,3,3,-29.8,-37.1,0.0
CCEP,bis2022,2.0,0,360,1.0,-20.2,8.6
CCEP,bis2022,2.0,1,590,4.3,-18.0,5.3
CCEP,bis2022,2.0,2,188,12.1,-7.9,7.4
CCEP,bis2022,2.0,3,29,12.5,7.2,3.4
CDNS,ab2023,2.0,0,82,-15.8,-31.4,17.1
CDNS,ab2023,2.0,1,125,-9.4,-27.6,8.8
CDNS,ab2023,2.0,2,41,27.1,12.9,2.4
CDNS,ab2023,2.0,3,8,-11.3,-5.6,0.0
CDNS,bis2022,2.0,0,341,19.3,-16.3,8.5
CDNS,bis2022,2.0,1,641,13.8,-7.1,4.4
CDNS,bis2022,2.0,2,148,16.1,-14.0,4.7
CDNS,bis2022,2.0,3,10,14.8,9.2,10.0
CDW,ab2023,2.0,0,60,5.9,20.7,18.3
CDW,ab2023,2.0,1,113,-0.2,-17.0,15.9
CDW,ab2023,2.0,2,58,17.4,-0.4,10.3
CDW,ab2023,2.0,3,3,2.9,6.1,0.0
CDW,bis2022,2.0,0,218,5.0,-25.6,12.8
CDW,bis2022,2.0,1,350,2.6,-16.8,6.0
CDW,bis2022,2.0,2,123,2.1,-15.3,3.3
CDW,bis2022,2.0,3,5,-16.6,-2.3,0.0
CEG,ab2023,2.0,0,73,31.1,-28.5,9.6
CEG,ab2023,2.0,1,142,2.8,-20.3,8.5
CEG,ab2023,2.0,2,45,13.7,-10.9,4.4
CEG,ab2023,2.0,3,5,-3.5,-25.7,0.0
CEG,bis2022,2.0,0,22,91.5,34.4,18.2
CEG,bis2022,2.0,1,25,10.8,6.2,8.0
CEG,bis2022,2.0,2,6,-39.7,-42.0,0.0
CHTR,ab2023,2.0,0,65,-23.1,-43.7,18.5
CHTR,ab2023,2.0,1,141,-12.0,-33.7,13.5
CHTR,ab2023,2.0,2,43,-21.5,-36.3,16.3
CHTR,ab2023,2.0,3,1,19.2,19.2,0.0
CHTR,bis2022,2.0,0,249,21.1,-13.7,9.6
CHTR,bis2022,2.0,1,505,20.0,-2.2,5.7
CHTR,bis2022,2.0,2,157,10.2,-7.1,2.5
CHTR,bis2022,2.0,3,12,5.3,-16.9,0.0
CL,ab2023,2.0,0,78,3.7,-17.3,10.3
CL,ab2023,2.0,1,127,0.5,-14.1,5.5
CL,ab2023,2.0,2,38,-4.9,-8.0,7.9
CL,ab2023,2.0,3,4,48.3,-11.9,0.0
CL,bis2022,2.0,0,356,-3.4,-17.6,7.6
CL,bis2022,2.0,1,633,-5.5,-15.3,6.5
CL,bis2022,2.0,2,193,6.7,0.2,3.6
CL,bis2022,2.0,3,30,-13.8,-15.8,6.7
CM,ab2023,2.0,0,89,26.5,-8.0,9.0
CM,ab2023,2.0,1,132,24.1,3.9,1.5
CM,ab2023,2.0,2,41,34.1,5.8,0.0
CM,ab2023,2.0,3,1,19.8,19.8,0.0
CM,bis2022,2.0,0,390,9.8,-19.5,8.7
CM,bis2022,2.0,1,655,4.9,-18.2,4.3
CM,bis2022,2.0,2,204,1.8,-19.8,2.5
CM,bis2022,2.0,3,20,-2.6,-27.3,0.0
CMCSA,ab2023,2.0,0,66,18.6,-13.4,6.1
CMCSA,ab2023,2.0,1,130,-16.3,-24.8,7.7
CMCSA,ab2023,2.0,2,41,-35.7,-39.3,29.3
CMCSA,ab2023,2.0,3,4,33.0,65.1,25.0
CMCSA,bis2022,2.0,0,388,9.2,-18.8,9.5
CMCSA,bis2022,2.0,1,654,2.2,-16.2,5.0
CMCSA,bis2022,2.0,2,170,0.2,-16.4,3.5
CMCSA,bis2022,2.0,3,9,0.1,-22.7,0.0
CNQ,ab2023,2.0,0,77,0.1,-19.6,11.7
CNQ,ab2023,2.0,1,143,-4.7,-25.7,4.2
CNQ,ab2023,2.0,2,25,54.8,16.9,0.0
CNQ,ab2023,2.0,3,2,-10.5,-10.5,0.0
CNQ,bis2022,2.0,0,425,-1.3,-30.1,12.2
CNQ,bis2022,2.0,1,667,4.3,-11.7,6.6
CNQ,bis2022,2.0,2,157,-8.2,-22.3,2.5
CNQ,bis2022,2.0,3,11,17.9,-24.7,0.0
COF,ab2023,2.0,0,85,4.9,-19.4,14.1
COF,ab2023,2.0,1,137,11.3,-27.0,8.0
COF,ab2023,2.0,2,39,14.9,-16.8,2.6
COF,ab2023,2.0,3,3,3.1,-21.0,0.0
COF,bis2022,2.0,0,414,-0.0,-23.2,9.7
COF,bis2022,2.0,1,687,2.5,-14.2,7.4
COF,bis2022,2.0,2,148,-14.5,-26.6,4.1
COF,bis2022,2.0,3,12,-16.3,-41.4,0.0
CON.DE,ab2023,2.0,0,92,-14.3,-32.9,16.3
CON.DE,ab2023,2.0,1,150,-7.6,-31.4,14.0
CON.DE,ab2023,2.0,2,35,-1.3,-13.9,2.9
CON.DE,ab2023,2.0,3,2,-47.6,-47.6,0.0
CON.DE,bis2022,2.0,0,340,2.8,-28.5,13.5
CON.DE,bis2022,2.0,1,619,-1.8,-23.2,6.6
CON.DE,bis2022,2.0,2,183,-2.7,-17.8,9.8
CON.DE,bis2022,2.0,3,9,-10.0,-21.0,0.0
COP,ab2023,2.0,0,76,-19.1,-33.4,13.2
COP,ab2023,2.0,1,136,12.0,0.1,4.4
COP,ab2023,2.0,2,50,-1.6,-15.0,4.0
COP,ab2023,2.0,3,3,-48.9,-54.4,0.0
COP,bis2022,2.0,0,413,6.0,-25.9,8.5
COP,bis2022,2.0,1,674,8.8,-14.3,5.5
COP,bis2022,2.0,2,185,16.6,-2.9,2.2
COP,bis2022,2.0,3,7,-42.6,-39.8,0.0
COST,ab2023,2.0,0,57,30.0,-0.6,7.0
COST,ab2023,2.0,1,146,10.5,-16.5,3.4
COST,ab2023,2.0,2,39,19.8,-2.0,0.0
COST,ab2023,2.0,3,3,10.0,8.4,0.0
COST,bis2022,2.0,0,366,20.8,-14.3,9.0
COST,bis2022,2.0,1,615,18.3,-11.3,4.6
COST,bis2022,2.0,2,157,7.9,-12.6,4.5
COST,bis2022,2.0,3,16,-15.0,-35.8,0.0
CPRT,ab2023,2.0,0,64,21.3,-19.8,7.8
CPRT,ab2023,2.0,1,126,-6.2,-23.8,10.3
CPRT,ab2023,2.0,2,51,-9.6,-20.2,5.9
CPRT,ab2023,2.0,3,6,-34.4,-37.2,0.0
CPRT,bis2022,2.0,0,341,19.5,-13.9,7.0
CPRT,bis2022,2.0,1,675,20.0,-10.7,5.8
CPRT,bis2022,2.0,2,167,10.7,-7.3,4.2
CPRT,bis2022,2.0,3,14,6.9,-23.2,7.1
CRM,ab2023,2.0,0,81,23.3,-19.9,8.6
CRM,ab2023,2.0,1,123,8.7,-27.7,6.5
CRM,ab2023,2.0,2,54,3.7,-10.7,5.6
CRM,ab2023,2.0,3,4,-5.6,2.4,0.0
CRM,bis2022,2.0,0,331,1.7,-23.7,8.8
CRM,bis2022,2.0,1,658,8.0,-15.3,8.5
CRM,bis2022,2.0,2,207,24.5,-5.4,3.9
CRM,bis2022,2.0,3,17,-4.5,-23.3,11.8
CRWD,ab2023,2.0,0,73,36.4,11.6,6.8
CRWD,ab2023,2.0,1,137,28.9,4.1,2.9
CRWD,ab2023,2.0,2,31,6.8,-13.8,3.2
CRWD,ab2023,2.0,3,4,-24.5,-11.7,0.0
CRWD,bis2022,2.0,0,68,-3.0,-22.5,14.7
CRWD,bis2022,2.0,1,136,4.5,-20.2,4.4
CRWD,bis2022,2.0,2,28,29.9,14.7,0.0
CRWD,bis2022,2.0,3,3,0.9,-52.1,0.0
CSCO,ab2023,2.0,0,83,37.0,15.6,9.6
CSCO,ab2023,2.0,1,148,8.0,-7.2,4.1
CSCO,ab2023,2.0,2,32,10.0,4.5,6.2
CSCO,ab2023,2.0,3,3,44.1,68.1,0.0
CSCO,bis2022,2.0,0,388,7.5,-15.2,13.1
CSCO,bis2022,2.0,1,661,1.2,-20.0,8.0
CSCO,bis2022,2.0,2,174,18.8,-2.7,2.9
CSCO,bis2022,2.0,3,9,17.9,-4.9,0.0
CSGP,ab2023,2.0,0,70,7.9,-39.6,20.0
CSGP,ab2023,2.0,1,131,2.5,-36.6,14.5
CSGP,ab2023,2.0,2,54,-18.3,-31.8,5.6
CSGP,ab2023,2.0,3,6,11.2,-26.6,16.7
CSGP,bis2022,2.0,0,352,9.7,-12.6,6.8
CSGP,bis2022,2.0,1,614,11.4,-12.1,5.0
CSGP,bis2022,2.0,2,194,9.4,-4.1,5.7
CSGP,bis2022,2.0,3,15,24.1,22.8,0.0
CSX,ab2023,2.0,0,67,-1.2,-24.4,6.0
CSX,ab2023,2.0,1,143,12.4,-5.2,4.2
CSX,ab2023,2.0,2,42,9.9,-25.5,4.8
CSX,ab2023,2.0,3,4,66.2,42.5,0.0
CSX,bis2022,2.0,0,346,7.5,-11.4,4.9
CSX,bis2022,2.0,1,639,1.9,-15.6,3.8
CSX,bis2022,2.0,2,180,18.5,-4.0,2.8
CSX,bis2022,2.0,3,11,6.0,-20.1,0.0
CTAS,ab2023,2.0,0,81,19.1,-8.2,6.2
CTAS,ab2023,2.0,1,148,7.7,-4.1,3.4
CTAS,ab2023,2.0,2,41,13.1,18.9,2.4
CTAS,ab2023,2.0,3,2,3.2,3.2,0.0
CTAS,bis2022,2.0,0,382,13.7,-9.3,7.3
CTAS,bis2022,2.0,1,736,9.1,-10.0,5.0
CTAS,bis2022,2.0,2,126,6.0,-11.4,7.9
CTAS,bis2022,2.0,3,9,19.5,14.0,0.0
CTSH,ab2023,2.0,0,73,-15.7,-48.8,16.4
CTSH,ab2023,2.0,1,130,-10.1,-36.5,9.2
CTSH,ab2023,2.0,2,47,-4.3,-34.6,19.1
CTSH,ab2023,2.0,3,4,-31.3,-41.9,0.0
CTSH,bis2022,2.0,0,386,5.8,-20.3,17.6
CTSH,bis2022,2.0,1,663,-1.4,-23.0,10.0
CTSH,bis2022,2.0,2,160,-7.1,-16.2,7.5
CTSH,bis2022,2.0,3,16,0.5,-9.4,0.0
CVS,ab2023,2.0,0,67,5.0,-36.0,14.9
CVS,ab2023,2.0,1,117,-2.8,-21.8,12.0
CVS,ab2023,2.0,2,35,1.0,-12.6,11.4
CVS,ab2023,2.0,3,5,26.3,43.8,20.0
CVS,bis2022,2.0,0,354,3.6,-21.4,11.6
CVS,bis2022,2.0,1,645,5.7,-11.3,4.2
CVS,bis2022,2.0,2,178,8.0,-15.8,3.9
CVS,bis2022,2.0,3,8,-16.3,-20.7,12.5
CVX,ab2023,2.0,0,72,4.5,-16.7,2.8
CVX,ab2023,2.0,1,168,0.1,-19.0,5.4
CVX,ab2023,2.0,2,27,15.7,6.5,0.0
CVX,ab2023,2.0,3,1,-45.2,-45.2,0.0
CVX,bis2022,2.0,0,455,4.3,-21.4,6.8
CVX,bis2022,2.0,1,680,7.1,-13.8,4.3
CVX,bis2022,2.0,2,150,7.2,-12.6,0.7
CVX,bis2022,2.0,3,6,-32.8,-23.1,16.7
DASH,ab2023,2.0,0,67,17.8,-15.8,3.0
DASH,ab2023,2.0,1,151,23.0,6.4,4.6
DASH,ab2023,2.0,2,43,1.6,-9.2,0.0
DASH,ab2023,2.0,3,1,-16.5,-16.5,0.0
DASH,bis2022,2.0,0,42,-19.2,-40.8,2.4
DASH,bis2022,2.0,1,81,-11.3,-19.0,1.2
DASH,bis2022,2.0,2,19,-24.1,-47.1,0.0
DASH,bis2022,2.0,3,2,-13.2,-13.2,0.0
DB1.DE,ab2023,2.0,0,86,5.4,-19.1,15.1
DB1.DE,ab2023,2.0,1,126,7.1,-17.3,9.5
DB1.DE,ab2023,2.0,2,42,-7.5,-22.0,4.8
DB1.DE,ab2023,2.0,3,3,23.8,-19.4,0.0
DB1.DE,bis2022,2.0,0,385,-2.4,-20.3,7.8
DB1.DE,bis2022,2.0,1,653,-5.0,-21.8,4.3
DB1.DE,bis2022,2.0,2,141,22.7,0.6,2.1
DB1.DE,bis2022,2.0,3,9,41.9,-30.3,0.0
DBK.DE,ab2023,2.0,0,83,14.1,-8.9,12.0
DBK.DE,ab2023,2.0,1,179,17.3,-1.6,7.8
DBK.DE,ab2023,2.0,2,21,22.3,-6.5,0.0
DBK.DE,ab2023,2.0,3,2,117.0,117.0,0.0
DBK.DE,bis2022,2.0,0,373,-6.4,-34.8,11.5
DBK.DE,bis2022,2.0,1,651,-10.2,-28.8,8.3
DBK.DE,bis2022,2.0,2,163,-4.7,-17.8,4.9
DBK.DE,bis2022,2.0,3,11,-8.1,-6.3,0.0
DDOG,ab2023,2.0,0,94,58.4,-0.5,8.5
DDOG,ab2023,2.0,1,136,27.8,-4.6,3.7
DDOG,ab2023,2.0,2,38,54.5,-12.0,7.9
DDOG,ab2023,2.0,3,6,23.3,2.2,0.0
DDOG,bis2022,2.0,0,73,5.8,-25.1,8.2
DDOG,bis2022,2.0,1,122,23.8,-13.4,4.1
DDOG,bis2022,2.0,2,43,52.7,-5.2,2.3
DDOG,bis2022,2.0,3,1,-8.0,-8.0,0.0
DE,ab2023,2.0,0,72,-10.1,-33.5,5.6
DE,ab2023,2.0,1,129,-13.2,-33.6,10.1
DE,ab2023,2.0,2,50,-0.3,-21.1,2.0
DE,ab2023,2.0,3,4,9.9,16.1,0.0
DE,bis2022,2.0,0,363,5.5,-18.2,7.4
DE,bis2022,2.0,1,653,11.2,-15.0,4.0
DE,bis2022,2.0,2,210,14.7,-14.1,2.4
DE,bis2022,2.0,3,11,-12.3,-32.0,0.0
DELL,ab2023,2.0,0,80,51.5,6.7,7.5
DELL,ab2023,2.0,1,154,12.4,-7.8,8.4
DELL,ab2023,2.0,2,38,11.7,-8.2,2.6
DELL,ab2023,2.0,3,2,119.1,119.1,0.0
DELL,bis2022,2.0,0,123,20.2,1.1,9.8
DELL,bis2022,2.0,1,238,18.2,-8.0,5.5
DELL,bis2022,2.0,2,82,12.5,-6.5,6.1
DELL,bis2022,2.0,3,6,-1.0,-30.5,0.0
DHL.DE,ab2023,2.0,0,90,14.2,2.9,12.2
DHL.DE,ab2023,2.0,1,150,0.1,-17.8,8.0
DHL.DE,ab2023,2.0,2,33,-4.9,-33.5,9.1
DHL.DE,ab2023,2.0,3,2,-28.6,-28.6,0.0
DHL.DE,bis2022,2.0,0,320,7.8,-12.8,10.6
DHL.DE,bis2022,2.0,1,672,10.1,-6.1,6.5
DHL.DE,bis2022,2.0,2,182,-0.2,-22.2,7.1
DHL.DE,bis2022,2.0,3,11,18.5,-12.8,0.0
DHR,ab2023,2.0,0,86,-7.2,-17.3,11.6
DHR,ab2023,2.0,1,145,-16.7,-21.5,6.2
DHR,ab2023,2.0,2,42,-8.6,-27.4,9.5
DHR,ab2023,2.0,3,1,-42.8,-42.8,0.0
DHR,bis2022,2.0,0,374,9.4,-16.2,8.6
DHR,bis2022,2.0,1,673,6.6,-14.5,4.8
DHR,bis2022,2.0,2,206,17.8,-13.4,2.9
DHR,bis2022,2.0,3,15,16.4,-15.0,0.0
DIS,ab2023,2.0,0,76,-0.6,-43.7,18.4
DIS,ab2023,2.0,1,133,-11.5,-30.4,10.5
DIS,ab2023,2.0,2,55,21.2,-6.8,3.6
DIS,ab2023,2.0,3,3,-32.5,-26.5,0.0
DIS,bis2022,2.0,0,340,4.9,-19.8,9.4
DIS,bis2022,2.0,1,712,6.3,-15.1,7.0
DIS,bis2022,2.0,2,189,8.0,-23.0,11.1
DIS,bis2022,2.0,3,8,20.8,-7.6,0.0
DTE.DE,ab2023,2.0,0,67,14.4,-15.0,6.0
DTE.DE,ab2023,2.0,1,130,7.1,-4.1,10.8
DTE.DE,ab2023,2.0,2,34,-4.0,-6.7,8.8
DTE.DE,ab2023,2.0,3,1,22.7,22.7,0.0
DTE.DE,bis2022,2.0,0,361,-4.3,-23.5,11.6
DTE.DE,bis2022,2.0,1,684,-0.9,-16.6,6.3
DTE.DE,bis2022,2.0,2,125,-1.1,-17.3,4.8
DTE.DE,bis2022,2.0,3,7,51.5,7.4,14.3
DTG.DE,ab2023,2.0,0,87,38.2,-0.4,16.1
DTG.DE,ab2023,2.0,1,126,-1.5,-24.8,13.5
DTG.DE,ab2023,2.0,2,39,-2.9,-42.2,17.9
DTG.DE,bis2022,2.0,0,29,-20.5,-56.2,27.6
DTG.DE,bis2022,2.0,1,51,7.4,-29.4,11.8
DTG.DE,bis2022,2.0,2,1,26.5,26.5,0.0
DUK,ab2023,2.0,0,76,-9.7,-38.7,11.8
DUK,ab2023,2.0,1,136,-1.5,-20.5,7.4
DUK,ab2023,2.0,2,36,16.7,4.2,0.0
DUK,ab2023,2.0,3,2,26.3,26.3,0.0
DUK,bis2022,2.0,0,345,-1.7,-22.1,5.5
DUK,bis2022,2.0,1,608,-1.1,-16.2,3.5
DUK,bis2022,2.0,2,176,13.3,-10.6,1.7
DUK,bis2022,2.0,3,11,26.5,-34.1,0.0
DXCM,ab2023,2.0,0,71,-7.5,-27.9,15.5
DXCM,ab2023,2.0,1,135,-2.8,-15.7,8.1
DXCM,ab2023,2.0,2,44,-8.9,-26.0,4.5
DXCM,ab2023,2.0,3,6,-21.3,-31.3,0.0
DXCM,bis2022,2.0,0,306,23.6,-6.8,10.1
DXCM,bis2022,2.0,1,626,22.1,-6.4,5.9
DXCM,bis2022,2.0,2,163,36.3,-5.4,3.1
DXCM,bis2022,2.0,3,13,13.5,-28.4,7.7
EMR,ab2023,2.0,0,87,20.6,-9.1,9.2
EMR,ab2023,2.0,1,141,19.9,-15.6,3.5
EMR,ab2023,2.0,2,34,23.9,-26.3,0.0
EMR,ab2023,2.0,3,3,35.0,43.6,0.0
EMR,bis2022,2.0,0,390,-0.2,-20.1,8.5
EMR,bis2022,2.0,1,687,-1.4,-19.3,4.4
EMR,bis2022,2.0,2,182,8.8,-15.7,3.8
EMR,bis2022,2.0,3,14,34.2,22.5,0.0
ENB,ab2023,2.0,0,70,-1.4,-20.2,10.0
ENB,ab2023,2.0,1,143,-3.4,-17.0,7.7
ENB,ab2023,2.0,2,29,-1.7,-2.0,3.4
ENB,ab2023,2.0,3,2,-63.4,-63.4,0.0
ENB,bis2022,2.0,0,367,5.4,-14.4,8.7
ENB,bis2022,2.0,1,714,8.0,-8.3,5.6
ENB,bis2022,2.0,2,151,1.4,-11.5,5.3
ENB,bis2022,2.0,3,14,2.3,-2.2,0.0
ENR.DE,ab2023,2.0,0,72,17.5,-16.4,6.9
ENR.DE,ab2023,2.0,1,152,20.2,-9.8,2.6
ENR.DE,ab2023,2.0,2,37,25.9,1.1,8.1
ENR.DE,ab2023,2.0,3,2,-62.4,-62.4,50.0
ENR.DE,bis2022,2.0,0,36,-4.1,-38.5,8.3
ENR.DE,bis2022,2.0,1,86,8.6,-21.7,5.8
ENR.DE,bis2022,2.0,2,31,-6.3,-27.3,0.0
EOAN.DE,ab2023,2.0,0,71,15.1,-12.2,11.3
EOAN.DE,ab2023,2.0,1,139,13.8,-9.7,2.9
EOAN.DE,ab2023,2.0,2,24,48.0,31.9,0.0
EOAN.DE,ab2023,2.0,3,1,-31.0,-31.0,0.0
EOAN.DE,bis2022,2.0,0,337,-5.7,-28.8,12.2
EOAN.DE,bis2022,2.0,1,680,4.7,-17.9,8.2
EOAN.DE,bis2022,2.0,2,160,-8.5,-28.6,10.0
EOAN.DE,bis2022,2.0,3,11,6.3,2.4,9.1
EQIX,ab2023,2.0,0,81,8.3,-11.9,11.1
EQIX,ab2023,2.0,1,141,6.3,-12.2,7.1
EQIX,ab2023,2.0,2,38,15.2,-7.9,0.0
EQIX,ab2023,2.0,3,2,102.6,102.6,0.0
EQIX,bis2022,2.0,0,354,15.3,-18.2,7.1
EQIX,bis2022,2.0,1,642,12.9,-9.6,5.0
EQIX,bis2022,2.0,2,183,9.7,-13.9,4.4
EQIX,bis2022,2.0,3,12,32.8,8.8,0.0
EQNR,ab2023,2.0,0,100,-6.1,-42.2,11.0
EQNR,ab2023,2.0,1,131,-7.6,-25.0,8.4
EQNR,ab2023,2.0,2,47,17.4,11.7,6.4
EQNR,ab2023,2.0,3,3,34.5,-0.3,0.0
EQNR,bis2022,2.0,0,380,15.8,-16.2,11.1
EQNR,bis2022,2.0,1,652,2.4,-16.9,6.0
EQNR,bis2022,2.0,2,146,1.9,-23.5,5.5
EQNR,bis2022,2.0,3,6,-2.0,-22.3,0.0
ETN,ab2023,2.0,0,85,20.6,-2.8,11.8
ETN,ab2023,2.0,1,153,-3.5,-15.8,5.2
ETN,ab2023,2.0,2,32,8.9,-12.1,3.1
ETN,ab2023,2.0,3,2,17.9,17.9,0.0
ETN,bis2022,2.0,0,353,9.1,-10.5,7.6
ETN,bis2022,2.0,1,707,8.1,-14.2,4.1
ETN,bis2022,2.0,2,178,11.0,-15.6,2.2
ETN,bis2022,2.0,3,15,10.9,-15.1,0.0
EXC,ab2023,2.0,0,79,-5.5,-20.9,11.4
EXC,ab2023,2.0,1,124,-3.1,-21.6,6.5
EXC,ab2023,2.0,2,37,30.1,4.9,0.0
EXC,ab2023,2.0,3,2,18.0,18.0,0.0
EXC,bis2022,2.0,0,322,9.3,-13.1,9.9
EXC,bis2022,2.0,1,623,3.4,-18.1,5.5
EXC,bis2022,2.0,2,175,-9.9,-23.7,5.7
EXC,bis2022,2.0,3,13,-8.8,-31.5,0.0
FANG,ab2023,2.0,0,88,-6.3,-24.7,4.5
FANG,ab2023,2.0,1,146,-6.0,-20.6,4.8
FANG,ab2023,2.0,2,34,2.6,-17.1,0.0
FANG,ab2023,2.0,3,3,26.5,27.4,0.0
FANG,bis2022,2.0,0,228,0.1,-19.5,7.5
FANG,bis2022,2.0,1,407,-0.7,-17.6,4.4
FANG,bis2022,2.0,2,135,2.5,-12.5,3.0
FANG,bis2022,2.0,3,11,10.5,4.2,0.0
FAST,ab2023,2.0,0,78,28.4,-8.1,6.4
FAST,ab2023,2.0,1,152,10.7,-13.1,2.0
FAST,ab2023,2.0,2,36,3.2,-16.3,2.8
FAST,ab2023,2.0,3,2,24.1,24.1,0.0
FAST,bis2022,2.0,0,369,9.2,-16.7,10.0
FAST,bis2022,2.0,1,654,-1.6,-22.9,4.7
FAST,bis2022,2.0,2,172,21.3,3.9,4.7
FAST,bis2022,2.0,3,12,-6.5,0.5,8.3
FDX,ab2023,2.0,0,84,11.0,-27.5,15.5
FDX,ab2023,2.0,1,148,-2.2,-18.8,6.1
FDX,ab2023,2.0,2,22,14.4,-21.7,18.2
FDX,ab2023,2.0,3,1,-100.0,-100.0,100.0
FDX,bis2022,2.0,0,388,6.0,-21.9,10.8
FDX,bis2022,2.0,1,653,5.6,-14.4,5.2
FDX,bis2022,2.0,2,151,7.2,-5.7,2.0
FDX,bis2022,2.0,3,4,42.8,-11.4,0.0
FRE.DE,ab2023,2.0,0,60,22.0,-7.2,11.7
FRE.DE,ab2023,2.0,1,134,14.3,-10.4,8.2
FRE.DE,ab2023,2.0,2,34,16.2,-18.4,2.9
FRE.DE,ab2023,2.0,3,2,-11.4,-11.4,0.0
FRE.DE,bis2022,2.0,0,330,7.2,-20.2,11.8
FRE.DE,bis2022,2.0,1,656,0.1,-19.1,7.8
FRE.DE,bis2022,2.0,2,193,-0.3,-18.6,10.4
FRE.DE,bis2022,2.0,3,18,20.8,9.4,0.0
FTNT,ab2023,2.0,0,83,14.3,-21.9,9.6
FTNT,ab2023,2.0,1,127,12.1,-22.5,11.0
FTNT,ab2023,2.0,2,44,12.0,-11.3,4.5
FTNT,ab2023,2.0,3,7,29.9,11.0,14.3
FTNT,bis2022,2.0,0,272,15.1,-11.7,13.6
FTNT,bis2022,2.0,1,516,6.0,-15.4,6.4
FTNT,bis2022,2.0,2,140,12.7,-11.7,7.1
FTNT,bis2022,2.0,3,8,89.6,91.6,0.0
GD,ab2023,2.0,0,76,13.5,-22.1,5.3
GD,ab2023,2.0,1,127,2.0,-15.3,7.1
GD,ab2023,2.0,2,47,6.7,-12.9,0.0
GD,ab2023,2.0,3,5,12.5,14.2,0.0
GD,bis2022,2.0,0,346,9.5,-14.9,12.4
GD,bis2022,2.0,1,651,3.2,-15.1,5.8
GD,bis2022,2.0,2,218,18.3,-3.5,2.3
GD,bis2022,2.0,3,15,-22.9,-33.6,0.0
GE,ab2023,2.0,0,85,43.2,3.8,9.4
GE,ab2023,2.0,1,152,33.0,4.9,2.6
GE,ab2023,2.0,2,14,47.1,43.3,0.0
GE,ab2023,2.0,3,2,121.2,121.2,0.0
GE,bis2022,2.0,0,369,-6.6,-34.2,15.2
GE,bis2022,2.0,1,605,3.6,-24.5,7.8
GE,bis2022,2.0,2,188,-2.6,-20.0,4.8
GE,bis2022,2.0,3,16,4.3,-8.2,0.0
GEHC,ab2023,2.0,0,72,-0.9,-10.6,12.5
GEHC,ab2023,2.0,1,140,-11.8,-27.3,7.9
GEHC,ab2023,2.0,2,40,-20.1,-26.7,12.5
GEHC,ab2023,2.0,3,2,-5.2,-5.2,0.0
GEV,ab2023,2.0,0,30,48.0,-9.4,10.0
GEV,ab2023,2.0,1,113,20.2,-11.5,0.0
GEV,ab2023,2.0,2,16,21.7,-6.1,0.0
GEV,ab2023,2.0,3,3,193.2,169.5,0.0
GFS,ab2023,2.0,0,84,-4.5,-43.9,22.6
GFS,ab2023,2.0,1,134,-16.3,-45.2,14.2
GFS,ab2023,2.0,2,38,13.6,-0.9,2.6
GFS,ab2023,2.0,3,4,9.8,16.7,0.0
GFS,bis2022,2.0,0,28,-17.8,-34.8,21.4
GFS,bis2022,2.0,1,37,-18.7,-32.3,16.2
GFS,bis2022,2.0,2,9,16.1,-24.3,33.3
GFS,bis2022,2.0,3,1,-87.5,-87.5,0.0
GILD,ab2023,2.0,0,79,9.3,-34.9,6.3
GILD,ab2023,2.0,1,117,11.1,-18.4,0.9
GILD,ab2023,2.0,2,37,3.2,-7.9,0.0
GILD,ab2023,2.0,3,2,-42.4,-42.4,0.0
GILD,bis2022,2.0,0,332,-0.6,-28.0,9.6
GILD,bis2022,2.0,1,665,6.6,-17.3,5.0
GILD,bis2022,2.0,2,168,-6.9,-25.2,7.1
GILD,bis2022,2.0,3,8,15.7,20.4,0.0
GLW,ab2023,2.0,0,85,57.0,-5.0,8.2
GLW,ab2023,2.0,1,125,39.0,-3.2,5.6
GLW,ab2023,2.0,2,35,61.1,58.3,0.0
GLW,ab2023,2.0,3,1,-75.7,-75.7,0.0
GLW,bis2022,2.0,0,357,0.8,-23.1,12.6
GLW,bis2022,2.0,1,650,0.9,-20.2,7.8
GLW,bis2022,2.0,2,158,-3.8,-19.5,5.1
GLW,bis2022,2.0,3,14,-0.3,-13.9,0.0
GM,ab2023,2.0,0,87,9.6,-24.4,9.2
GM,ab2023,2.0,1,155,6.4,-12.1,3.9
GM,ab2023,2.0,2,37,-13.7,-18.7,0.0
GM,ab2023,2.0,3,3,-28.9,-37.4,0.0
GM,bis2022,2.0,0,265,-4.5,-26.2,13.2
GM,bis2022,2.0,1,468,-0.3,-23.2,6.6
GM,bis2022,2.0,2,115,-15.7,-18.0,2.6
GM,bis2022,2.0,3,7,-15.4,-20.8,0.0
GOOG,ab2023,2.0,0,94,14.4,-9.7,10.6
GOOG,ab2023,2.0,1,143,22.3,-9.4,2.1
GOOG,ab2023,2.0,2,32,-5.3,-14.7,6.2
GOOG,ab2023,2.0,3,2,138.3,138.3,0.0
GOOG,bis2022,2.0,0,390,13.9,-16.5,9.5
GOOG,bis2022,2.0,1,657,15.6,-12.8,6.2
GOOG,bis2022,2.0,2,146,16.0,-4.6,1.4
GOOG,bis2022,2.0,3,4,-37.0,-36.6,0.0
GOOGL,ab2023,2.0,0,93,13.4,-13.3,9.7
GOOGL,ab2023,2.0,1,149,19.3,-7.2,2.7
GOOGL,ab2023,2.0,2,32,9.0,-10.1,3.1
GOOGL,ab2023,2.0,3,1,-37.1,-37.1,0.0
GOOGL,bis2022,2.0,0,396,9.4,-18.6,10.1
GOOGL,bis2022,2.0,1,682,16.5,-9.8,6.2
GOOGL,bis2022,2.0,2,137,12.2,-14.4,2.2
GOOGL,bis2022,2.0,3,5,-39.1,-40.6,0.0
GS,ab2023,2.0,0,90,40.4,-7.1,7.8
GS,ab2023,2.0,1,131,27.6,-1.7,1.5
GS,ab2023,2.0,2,32,88.9,55.7,0.0
GS,ab2023,2.0,3,3,57.6,40.4,0.0
GS,bis2022,2.0,0,397,5.3,-24.3,12.1
GS,bis2022,2.0,1,653,11.7,-17.0,5.7
GS,bis2022,2.0,2,163,10.3,-14.3,5.5
GS,bis2022,2.0,3,8,0.4,-8.2,25.0
GSK,ab2023,2.0,0,101,14.2,-13.6,12.9
GSK,ab2023,2.0,1,131,-2.0,-19.1,13.0
GSK,ab2023,2.0,2,41,-8.6,-4.0,19.5
GSK,bis2022,2.0,0,365,-6.0,-28.9,10.4
GSK,bis2022,2.0,1,679,-4.7,-21.4,9.6
GSK,bis2022,2.0,2,167,-12.0,-20.2,4.8
GSK,bis2022,2.0,3,12,-15.7,-22.9,0.0
HD,ab2023,2.0,0,75,13.2,-10.5,12.0
HD,ab2023,2.0,1,137,-0.2,-11.8,5.1
HD,ab2023,2.0,2,48,16.8,-17.2,4.2
HD,ab2023,2.0,3,5,8.5,-13.8,0.0
HD,bis2022,2.0,0,364,19.1,-23.2,6.0
HD,bis2022,2.0,1,660,15.4,-10.6,5.0
HD,bis2022,2.0,2,149,6.3,-8.0,3.4
HD,bis2022,2.0,3,13,-2.2,-7.9,0.0
HDB,ab2023,2.0,0,75,4.3,-7.3,12.0
HDB,ab2023,2.0,1,149,4.7,-21.7,4.0
HDB,ab2023,2.0,2,37,30.1,6.7,0.0
HDB,ab2023,2.0,3,2,-22.0,-22.0,50.0
HDB,bis2022,2.0,0,366,12.0,-9.2,7.7
HDB,bis2022,2.0,1,682,12.1,-13.5,4.3
HDB,bis2022,2.0,2,160,10.4,-8.3,1.9
HDB,bis2022,2.0,3,19,-4.7,-3.2,10.5
HEI.DE,ab2023,2.0,0,70,7.9,-18.9,10.0
HEI.DE,ab2023,2.0,1,164,17.4,-10.8,4.9
HEI.DE,ab2023,2.0,2,26,-4.2,-10.1,0.0
HEI.DE,ab2023,2.0,3,1,169.9,169.9,0.0
HEI.DE,bis2022,2.0,0,369,-2.7,-27.0,11.4
HEI.DE,bis2022,2.0,1,624,3.1,-13.7,5.6
HEI.DE,bis2022,2.0,2,210,-0.8,-19.8,5.2
HEI.DE,bis2022,2.0,3,14,-26.1,-28.1,7.1
HEN3.DE,ab2023,2.0,0,80,13.2,-14.1,15.0
HEN3.DE,ab2023,2.0,1,123,22.5,-3.0,4.9
HEN3.DE,ab2023,2.0,2,37,-26.5,-25.7,16.2
HEN3.DE,ab2023,2.0,3,1,-6.0,-6.0,0.0
HEN3.DE,bis2022,2.0,0,347,4.2,-20.2,13.3
HEN3.DE,bis2022,2.0,1,693,-6.2,-23.6,8.7
HEN3.DE,bis2022,2.0,2,175,1.8,-8.1,6.3
HEN3.DE,bis2022,2.0,3,7,-12.4,-22.8,0.0
HNR1.DE,ab2023,2.0,0,61,1.4,-5.8,4.9
HNR1.DE,ab2023,2.0,1,134,2.9,-21.1,2.2
HNR1.DE,ab2023,2.0,2,33,16.9,-1.3,0.0
HNR1.DE,ab2023,2.0,3,3,-12.1,-31.7,0.0
HNR1.DE,bis2022,2.0,0,378,7.9,-22.9,11.4
HNR1.DE,bis2022,2.0,1,685,1.6,-14.9,7.4
HNR1.DE,bis2022,2.0,2,124,5.0,-14.0,4.8
HNR1.DE,bis2022,2.0,3,12,2.6,-21.8,0.0
HON,ab2023,2.0,0,65,-30.6,-40.3,24.6
HON,ab2023,2.0,1,149,-4.6,-15.5,6.0
HON,ab2023,2.0,2,46,9.4,-1.7,2.2
HON,ab2023,2.0,3,2,-45.0,-45.0,0.0
HON,bis2022,2.0,0,403,8.6,-8.7,8.4
HON,bis2022,2.0,1,688,5.1,-16.7,3.3
HON,bis2022,2.0,2,184,18.4,-0.1,4.9
HON,bis2022,2.0,3,12,14.0,-0.9,8.3
HSBC,ab2023,2.0,0,90,38.0,15.8,15.6
HSBC,ab2023,2.0,1,162,33.9,-1.4,6.2
HSBC,ab2023,2.0,2,26,29.8,-1.0,3.8
HSBC,ab2023,2.0,3,4,-16.5,-23.8,0.0
HSBC,bis2022,2.0,0,418,-3.6,-30.9,11.2
HSBC,bis2022,2.0,1,705,-14.0,-29.8,6.7
HSBC,bis2022,2.0,2,136,-0.5,-16.1,3.7
HSBC,bis2022,2.0,3,11,-14.4,-34.3,0.0
IBM,ab2023,2.0,0,74,14.9,-41.7,18.9
IBM,ab2023,2.0,1,119,13.5,-27.0,10.9
IBM,ab2023,2.0,2,56,23.7,-19.9,7.1
IBM,ab2023,2.0,3,2,122.4,122.4,0.0
IBM,bis2022,2.0,0,387,4.2,-22.1,12.9
IBM,bis2022,2.0,1,630,11.1,-16.4,9.4
IBM,bis2022,2.0,2,189,5.8,-9.7,7.9
IBM,bis2022,2.0,3,9,9.9,-5.7,0.0
IBN,ab2023,2.0,0,92,-7.9,-23.1,8.7
IBN,ab2023,2.0,1,144,1.9,-23.2,6.2
IBN,ab2023,2.0,2,46,17.5,-13.9,4.3
IBN,ab2023,2.0,3,3,42.8,44.4,0.0
IBN,bis2022,2.0,0,311,6.7,-20.2,10.3
IBN,bis2022,2.0,1,669,1.6,-19.1,5.8
IBN,bis2022,2.0,2,181,1.5,-19.9,5.5
IBN,bis2022,2.0,3,15,9.8,-1.8,0.0
IDXX,ab2023,2.0,0,66,-8.5,-42.1,7.6
IDXX,ab2023,2.0,1,139,-10.1,-38.8,5.8
IDXX,ab2023,2.0,2,54,-25.9,-29.8,9.3
IDXX,ab2023,2.0,3,1,32.8,32.8,0.0
IDXX,bis2022,2.0,0,327,25.4,-9.6,13.8
IDXX,bis2022,2.0,1,707,22.9,-7.1,6.9
IDXX,bis2022,2.0,2,170,21.3,4.4,2.9
IDXX,bis2022,2.0,3,11,28.9,7.3,0.0
IFX.DE,ab2023,2.0,0,85,14.8,-15.4,12.9
IFX.DE,ab2023,2.0,1,144,-0.1,-25.7,3.5
IFX.DE,ab2023,2.0,2,39,39.4,-11.3,0.0
IFX.DE,ab2023,2.0,3,4,-8.5,-23.6,0.0
IFX.DE,bis2022,2.0,0,343,19.6,-6.9,9.3
IFX.DE,bis2022,2.0,1,620,15.7,-4.9,5.5
IFX.DE,bis2022,2.0,2,165,5.6,-12.1,6.7
IFX.DE,bis2022,2.0,3,7,5.5,-21.1,0.0
ILMN,ab2023,2.0,0,72,-5.3,-16.6,6.9
ILMN,ab2023,2.0,1,117,-8.1,-32.4,6.0
ILMN,ab2023,2.0,2,69,16.6,-0.8,4.3
ILMN,ab2023,2.0,3,9,37.2,17.6,0.0
ILMN,bis2022,2.0,0,306,3.8,-19.5,14.1
ILMN,bis2022,2.0,1,620,11.3,-13.2,10.6
ILMN,bis2022,2.0,2,211,12.7,-12.2,7.1
ILMN,bis2022,2.0,3,11,-4.8,-26.7,0.0
ING,ab2023,2.0,0,87,27.8,-11.4,20.7
ING,ab2023,2.0,1,161,5.9,-15.2,8.7
ING,ab2023,2.0,2,22,32.0,9.7,4.5
ING,ab2023,2.0,3,2,53.8,53.8,0.0
ING,bis2022,2.0,0,391,-8.6,-32.1,13.3
ING,bis2022,2.0,1,657,-6.6,-24.2,6.7
ING,bis2022,2.0,2,153,3.4,-18.1,4.6
ING,bis2022,2.0,3,13,21.1,-28.4,0.0
INTC,ab2023,2.0,0,79,-7.4,-33.2,20.3
INTC,ab2023,2.0,1,118,22.2,-3.7,6.8
INTC,ab2023,2.0,2,65,36.0,20.8,6.2
INTC,ab2023,2.0,3,5,57.7,26.6,0.0
INTC,bis2022,2.0,0,374,3.2,-32.5,15.5
INTC,bis2022,2.0,1,635,7.6,-17.4,8.8
INTC,bis2022,2.0,2,204,8.6,-11.8,4.9
INTC,bis2022,2.0,3,12,-1.2,-13.4,0.0
INTU,ab2023,2.0,0,64,14.7,-20.1,4.7
INTU,ab2023,2.0,1,156,-4.5,-22.4,7.7
INTU,ab2023,2.0,2,53,27.8,19.4,5.7
INTU,ab2023,2.0,3,4,12.7,0.0,0.0
INTU,bis2022,2.0,0,384,16.2,-12.2,9.9
INTU,bis2022,2.0,1,677,13.2,-11.6,5.5
INTU,bis2022,2.0,2,123,22.9,2.0,3.3
INTU,bis2022,2.0,3,13,7.5,4.6,0.0
ISRG,ab2023,2.0,0,89,2.1,-25.8,11.2
ISRG,ab2023,2.0,1,130,6.5,-14.3,3.8
ISRG,ab2023,2.0,2,47,14.4,-12.3,4.3
ISRG,ab2023,2.0,3,4,-44.0,-33.3,25.0
ISRG,bis2022,2.0,0,360,22.1,-7.3,6.7
ISRG,bis2022,2.0,1,625,10.5,-16.6,6.2
ISRG,bis2022,2.0,2,178,3.9,-14.3,4.5
ISRG,bis2022,2.0,3,12,46.9,34.4,0.0
JNJ,ab2023,2.0,0,94,1.4,-29.4,6.4
JNJ,ab2023,2.0,1,125,-0.9,-15.3,4.0
JNJ,ab2023,2.0,2,31,-19.4,-37.6,0.0
JNJ,ab2023,2.0,3,2,-26.2,-26.2,0.0
JNJ,bis2022,2.0,0,379,0.5,-22.8,8.2
JNJ,bis2022,2.0,1,673,7.5,-16.7,4.0
JNJ,bis2022,2.0,2,160,21.3,-1.8,0.6
JNJ,bis2022,2.0,3,12,-18.9,-21.3,0.0
JPM,ab2023,2.0,0,78,28.6,-7.7,6.4
JPM,ab2023,2.0,1,143,18.2,-5.8,2.1
JPM,ab2023,2.0,2,34,66.3,40.4,0.0
JPM,ab2023,2.0,3,2,146.3,146.3,0.0
JPM,bis2022,2.0,0,461,9.3,-21.3,8.0
JPM,bis2022,2.0,1,670,2.1,-20.0,7.0
JPM,bis2022,2.0,2,139,-6.9,-20.5,2.9
JPM,bis2022,2.0,3,15,-10.8,-29.0,0.0
KDP,ab2023,2.0,0,55,-12.6,-30.9,12.7
KDP,ab2023,2.0,1,131,-10.5,-25.6,8.4
KDP,ab2023,2.0,2,46,7.9,-28.0,6.5
KDP,ab2023,2.0,3,3,9.8,-25.2,0.0
KDP,bis2022,2.0,0,349,15.0,-9.8,5.7
KDP,bis2022,2.0,1,544,6.8,-16.1,7.2
KDP,bis2022,2.0,2,143,13.9,-2.3,6.3
KDP,bis2022,2.0,3,11,39.1,36.7,0.0
KHC,ab2023,2.0,0,72,-17.5,-42.0,12.5
KHC,ab2023,2.0,1,133,-20.8,-34.1,10.5
KHC,ab2023,2.0,2,30,0.6,-39.5,3.3
KHC,ab2023,2.0,3,4,3.9,-17.5,25.0
KHC,bis2022,2.0,0,163,1.2,-32.0,14.7
KHC,bis2022,2.0,1,272,3.4,-23.4,10.3
KHC,bis2022,2.0,2,86,-19.7,-31.2,10.5
KHC,bis2022,2.0,3,6,21.6,23.2,0.0
KLAC,ab2023,2.0,0,98,16.2,-7.9,6.1
KLAC,ab2023,2.0,1,146,9.0,-15.3,0.7
KLAC,ab2023,2.0,2,36,33.3,18.4,0.0
KLAC,ab2023,2.0,3,3,34.3,14.8,0.0
KLAC,bis2022,2.0,0,355,10.7,-17.5,9.3
KLAC,bis2022,2.0,1,673,11.1,-11.0,5.9
KLAC,bis2022,2.0,2,179,10.4,-13.4,6.7
KLAC,bis2022,2.0,3,13,-2.6,-30.0,0.0
KO,ab2023,2.0,0,87,1.5,-25.9,5.7
KO,ab2023,2.0,1,141,4.4,-17.6,3.5
KO,ab2023,2.0,2,27,35.1,17.7,0.0
KO,ab2023,2.0,3,2,-12.0,-12.0,0.0
KO,bis2022,2.0,0,369,9.0,-19.1,10.0
KO,bis2022,2.0,1,661,-1.9,-22.5,5.3
KO,bis2022,2.0,2,155,28.0,3.9,0.0
KO,bis2022,2.0,3,12,-30.0,-22.3,0.0
LIN,ab2023,2.0,0,98,-1.1,-11.4,6.1
LIN,ab2023,2.0,1,167,-8.7,-17.1,3.6
LIN,ab2023,2.0,2,29,-5.0,-29.7,17.2
LIN,ab2023,2.0,3,2,124.3,124.3,0.0
LIN,bis2022,2.0,0,438,3.6,-11.6,10.0
LIN,bis2022,2.0,1,688,-2.1,-10.5,5.7
LIN,bis2022,2.0,2,167,6.8,-12.4,2.4
LIN,bis2022,2.0,3,13,-11.3,-24.0,0.0
LLY,ab2023,2.0,0,73,39.3,-5.7,9.6
LLY,ab2023,2.0,1,141,26.0,-3.5,5.0
LLY,ab2023,2.0,2,20,10.3,-3.9,5.0
LLY,ab2023,2.0,3,4,58.9,45.3,0.0
LLY,bis2022,2.0,0,375,13.2,-19.5,10.9
LLY,bis2022,2.0,1,656,17.8,-15.5,7.9
LLY,bis2022,2.0,2,154,24.0,3.3,2.6
LLY,bis2022,2.0,3,10,55.9,19.8,0.0
LMT,ab2023,2.0,0,56,18.9,-40.6,23.2
LMT,ab2023,2.0,1,143,-8.5,-26.5,13.3
LMT,ab2023,2.0,2,42,16.8,-7.4,2.4
LMT,ab2023,2.0,3,5,45.0,49.8,0.0
LMT,bis2022,2.0,0,354,-1.9,-26.1,8.5
LMT,bis2022,2.0,1,720,6.6,-18.4,5.7
LMT,bis2022,2.0,2,128,7.1,-12.6,1.6
LMT,bis2022,2.0,3,8,19.0,-24.6,12.5
LOW,ab2023,2.0,0,83,10.1,-26.8,10.8
LOW,ab2023,2.0,1,143,-3.8,-19.6,8.4
LOW,ab2023,2.0,2,42,-17.1,-23.1,2.4
LOW,ab2023,2.0,3,2,-8.8,-8.8,0.0
LOW,bis2022,2.0,0,360,5.3,-25.4,12.2
LOW,bis2022,2.0,1,657,7.4,-15.8,6.4
LOW,bis2022,2.0,2,153,-1.5,-19.8,7.2
LOW,bis2022,2.0,3,9,4.3,-22.9,11.1
LRCX,ab2023,2.0,0,98,22.3,4.4,9.2
LRCX,ab2023,2.0,1,156,9.5,-12.4,9.0
LRCX,ab2023,2.0,2,20,46.3,15.1,0.0
LRCX,ab2023,2.0,3,3,14.0,15.9,33.3
LRCX,bis2022,2.0,0,343,11.8,-25.9,10.2
LRCX,bis2022,2.0,1,689,14.9,-6.8,7.1
LRCX,bis2022,2.0,2,166,-1.1,-21.5,1.8
LRCX,bis2022,2.0,3,15,23.0,18.7,0.0
LULU,ab2023,2.0,0,87,-29.2,-53.4,19.5
LULU,ab2023,2.0,1,116,4.3,-13.8,16.4
LULU,ab2023,2.0,2,56,-10.9,-26.7,5.4
LULU,ab2023,2.0,3,2,-18.9,-18.9,0.0
LULU,bis2022,2.0,0,352,13.0,-21.2,11.4
LULU,bis2022,2.0,1,549,13.0,-13.1,4.9
LULU,bis2022,2.0,2,181,7.1,-10.7,7.7
LULU,bis2022,2.0,3,20,1.8,-9.1,10.0
MA,ab2023,2.0,0,85,-20.2,-37.5,15.3
MA,ab2023,2.0,1,149,-5.6,-20.8,6.0
MA,ab2023,2.0,2,46,21.7,1.5,2.2
MA,bis2022,2.0,0,371,22.5,-2.2,8.4
MA,bis2022,2.0,1,664,16.4,-4.3,5.3
MA,bis2022,2.0,2,158,18.3,0.1,1.9
MA,bis2022,2.0,3,15,52.1,-11.6,0.0
MAR,ab2023,2.0,0,66,29.5,3.4,4.5
MAR,ab2023,2.0,1,144,1.6,-22.1,2.1
MAR,ab2023,2.0,2,29,46.7,15.8,0.0
MAR,ab2023,2.0,3,2,57.4,57.4,0.0
MAR,bis2022,2.0,0,384,10.5,-19.2,8.3
MAR,bis2022,2.0,1,666,17.1,-7.7,2.6
MAR,bis2022,2.0,2,163,35.0,0.8,0.6
MAR,bis2022,2.0,3,11,30.3,-18.5,0.0
MBG.DE,ab2023,2.0,0,91,-21.4,-41.2,12.1
MBG.DE,ab2023,2.0,1,125,-12.0,-23.3,8.0
MBG.DE,ab2023,2.0,2,55,7.0,-8.2,0.0
MBG.DE,ab2023,2.0,3,2,-24.2,-24.2,0.0
MBG.DE,bis2022,2.0,0,361,4.5,-16.4,7.8
MBG.DE,bis2022,2.0,1,691,-1.7,-18.2,4.3
MBG.DE,bis2022,2.0,2,190,3.9,-21.2,3.2
MBG.DE,bis2022,2.0,3,8,-24.4,-22.4,0.0
MCD,ab2023,2.0,0,77,-18.7,-29.7,13.0
MCD,ab2023,2.0,1,133,0.3,-12.5,3.8
MCD,ab2023,2.0,2,51,-24.3,-25.2,0.0
MCD,ab2023,2.0,3,4,20.3,13.5,0.0
MCD,bis2022,2.0,0,344,14.8,-8.1,5.5
MCD,bis2022,2.0,1,667,8.7,-9.5,5.5
MCD,bis2022,2.0,2,195,12.0,-7.3,3.1
MCD,bis2022,2.0,3,16,18.4,7.1,0.0
MCHP,ab2023,2.0,0,89,-3.8,-23.7,12.4
MCHP,ab2023,2.0,1,150,-9.9,-26.2,7.3
MCHP,ab2023,2.0,2,45,26.4,-24.0,2.2
MCHP,ab2023,2.0,3,2,96.8,96.8,0.0
MCHP,bis2022,2.0,0,353,3.7,-17.2,7.4
MCHP,bis2022,2.0,1,719,1.0,-16.6,5.1
MCHP,bis2022,2.0,2,143,4.7,-16.8,11.2
MCHP,bis2022,2.0,3,16,8.5,-15.3,6.2
MCK,ab2023,2.0,0,82,6.4,-20.3,12.2
MCK,ab2023,2.0,1,138,3.9,-7.7,8.7
MCK,ab2023,2.0,2,41,2.2,-25.4,12.2
MCK,bis2022,2.0,0,362,9.3,-15.3,7.5
MCK,bis2022,2.0,1,660,1.4,-16.6,5.9
MCK,bis2022,2.0,2,179,12.2,0.6,5.0
MCK,bis2022,2.0,3,20,3.3,-18.6,5.0
MDB,ab2023,2.0,0,89,44.2,-4.0,6.7
MDB,ab2023,2.0,1,138,6.3,-14.4,5.1
MDB,ab2023,2.0,2,50,28.1,12.1,2.0
MDB,ab2023,2.0,3,3,-30.3,-63.2,33.3
MDB,bis2022,2.0,0,109,20.8,-19.0,10.1
MDB,bis2022,2.0,1,176,19.9,-16.3,6.2
MDB,bis2022,2.0,2,51,31.2,2.4,2.0
MDB,bis2022,2.0,3,3,29.9,-15.6,0.0
MDLZ,ab2023,2.0,0,68,-17.9,-30.8,16.2
MDLZ,ab2023,2.0,1,129,-8.4,-23.1,11.6
MDLZ,ab2023,2.0,2,49,-20.8,-40.5,14.3
MDLZ,ab2023,2.0,3,1,-58.6,-58.6,0.0
MDLZ,bis2022,2.0,0,376,5.0,-19.4,11.7
MDLZ,bis2022,2.0,1,647,0.0,-16.4,5.7
MDLZ,bis2022,2.0,2,179,3.6,-12.4,3.4
MDLZ,bis2022,2.0,3,14,13.4,-19.1,0.0
MDT,ab2023,2.0,0,72,-2.1,-25.5,12.5
MDT,ab2023,2.0,1,123,-3.0,-19.7,9.8
MDT,ab2023,2.0,2,43,4.6,-19.0,2.3
MDT,ab2023,2.0,3,3,34.2,12.4,0.0
MDT,bis2022,2.0,0,405,3.8,-22.6,9.1
MDT,bis2022,2.0,1,659,3.7,-14.9,4.6
MDT,bis2022,2.0,2,158,-2.5,-14.7,5.7
MDT,bis2022,2.0,3,9,-9.2,-24.0,0.0
MELI,ab2023,2.0,0,84,-21.9,-44.2,15.5
MELI,ab2023,2.0,1,149,-1.2,-26.7,3.4
MELI,ab2023,2.0,2,30,36.7,35.7,3.3
MELI,ab2023,2.0,3,1,88.8,88.8,0.0
MELI,bis2022,2.0,0,329,34.9,2.3,5.5
MELI,bis2022,2.0,1,579,23.6,-12.4,3.3
MELI,bis2022,2.0,2,154,21.8,-9.7,1.3
MELI,bis2022,2.0,3,15,11.0,-13.9,6.7
META,ab2023,2.0,0,94,46.4,15.9,7.4
META,ab2023,2.0,1,150,13.2,-11.2,7.3
META,ab2023,2.0,2,31,13.5,-2.2,12.9
META,ab2023,2.0,3,2,-36.0,-36.0,0.0
META,bis2022,2.0,0,219,9.0,-13.7,14.2
META,bis2022,2.0,1,436,11.9,-16.2,6.7
META,bis2022,2.0,2,97,6.8,-13.7,5.2
META,bis2022,2.0,3,6,-38.8,-41.9,0.0
MFG,ab2023,2.0,0,84,71.3,61.2,9.5
MFG,ab2023,2.0,1,184,51.1,38.6,3.8
MFG,ab2023,2.0,2,17,3.7,-15.9,5.9
MFG,ab2023,2.0,3,1,74.4,74.4,0.0
MFG,bis2022,2.0,0,373,3.9,-33.4,13.9
MFG,bis2022,2.0,1,552,4.4,-24.8,10.5
MFG,bis2022,2.0,2,106,11.9,-18.3,6.6
MFG,bis2022,2.0,3,10,-20.2,-31.5,10.0
MMM,ab2023,2.0,0,66,22.3,-8.8,1.5
MMM,ab2023,2.0,1,120,14.4,-5.9,2.5
MMM,ab2023,2.0,2,44,12.3,-13.9,0.0
MMM,ab2023,2.0,3,5,26.1,4.8,0.0
MMM,bis2022,2.0,0,403,-3.3,-22.7,10.7
MMM,bis2022,2.0,1,681,-2.5,-20.9,9.8
MMM,bis2022,2.0,2,170,-6.1,-20.8,6.5
MMM,bis2022,2.0,3,6,33.6,46.5,16.7
MNST,ab2023,2.0,0,61,8.1,-4.6,6.6
MNST,ab2023,2.0,1,147,11.3,-6.2,5.4
MNST,ab2023,2.0,2,36,-11.1,-27.7,8.3
MNST,ab2023,2.0,3,2,-28.7,-28.7,0.0
MNST,bis2022,2.0,0,317,16.4,-3.6,9.8
MNST,bis2022,2.0,1,652,13.1,-6.9,4.8
MNST,bis2022,2.0,2,180,12.8,-18.2,3.9
MNST,bis2022,2.0,3,25,-10.8,-30.7,4.0
MO,ab2023,2.0,0,69,2.6,-19.1,7.2
MO,ab2023,2.0,1,121,-7.4,-22.5,6.6
MO,ab2023,2.0,2,27,8.0,1.0,0.0
MO,bis2022,2.0,0,344,-2.9,-15.0,10.2
MO,bis2022,2.0,1,613,9.0,-9.6,8.2
MO,bis2022,2.0,2,180,17.6,0.3,1.7
MO,bis2022,2.0,3,6,0.9,-33.4,0.0
MPC,ab2023,2.0,0,78,29.3,-5.0,10.3
MPC,ab2023,2.0,1,135,17.1,-14.2,6.7
MPC,ab2023,2.0,2,43,44.8,7.3,0.0
MPC,ab2023,2.0,3,1,150.3,150.3,0.0
MPC,bis2022,2.0,0,241,4.5,-14.8,6.2
MPC,bis2022,2.0,1,481,4.2,-12.7,4.6
MPC,bis2022,2.0,2,111,13.0,-10.0,4.5
MPC,bis2022,2.0,3,4,-12.5,-18.4,0.0
MRK,ab2023,2.0,0,80,11.0,-19.4,12.5
MRK,ab2023,2.0,1,130,-10.9,-24.8,10.0
MRK,ab2023,2.0,2,33,-48.1,-49.9,27.3
MRK,ab2023,2.0,3,2,18.3,18.3,0.0
MRK,bis2022,2.0,0,353,-6.5,-21.0,10.8
MRK,bis2022,2.0,1,705,1.3,-17.9,6.4
MRK,bis2022,2.0,2,146,15.5,-6.6,5.5
MRK,bis2022,2.0,3,15,1.4,-13.5,6.7
MRK.DE,ab2023,2.0,0,84,-15.9,-32.6,15.5
MRK.DE,ab2023,2.0,1,143,3.6,-5.6,9.1
MRK.DE,ab2023,2.0,2,32,0.1,-16.5,6.2
MRK.DE,ab2023,2.0,3,3,15.7,3.7,0.0
MRK.DE,bis2022,2.0,0,362,10.6,-17.6,11.0
MRK.DE,bis2022,2.0,1,621,5.0,-13.1,5.5
MRK.DE,bis2022,2.0,2,202,8.7,-12.5,3.0
MRK.DE,bis2022,2.0,3,9,-12.9,-5.2,0.0
MRNA,ab2023,2.0,0,71,0.8,-32.5,16.9
MRNA,ab2023,2.0,1,128,7.3,-25.7,10.2
MRNA,ab2023,2.0,2,48,-12.3,-21.0,16.7
MRNA,ab2023,2.0,3,5,-36.6,-26.1,20.0
MRNA,bis2022,2.0,0,76,-0.6,-28.9,15.8
MRNA,bis2022,2.0,1,125,28.7,-5.0,13.6
MRNA,bis2022,2.0,2,40,23.3,0.8,0.0
MRNA,bis2022,2.0,3,8,-38.0,-43.8,0.0
MRVL,ab2023,2.0,0,95,31.0,-16.3,10.5
MRVL,ab2023,2.0,1,152,20.1,-24.1,7.9
MRVL,ab2023,2.0,2,33,4.2,-3.6,3.0
MRVL,ab2023,2.0,3,2,-24.6,-24.6,0.0
MRVL,bis2022,2.0,0,364,2.5,-26.6,11.5
MRVL,bis2022,2.0,1,635,0.7,-19.4,5.7
MRVL,bis2022,2.0,2,147,-7.5,-25.9,4.1
MRVL,bis2022,2.0,3,9,15.4,-21.5,0.0
MS,ab2023,2.0,0,83,34.1,-15.0,12.0
MS,ab2023,2.0,1,142,32.0,-0.8,12.0
MS,ab2023,2.0,2,41,57.3,29.8,2.4
MS,ab2023,2.0,3,2,-0.7,-0.7,50.0
MS,bis2022,2.0,0,454,8.9,-17.0,8.4
MS,bis2022,2.0,1,637,7.7,-16.7,5.0
MS,bis2022,2.0,2,134,-1.4,-12.3,3.0
MS,bis2022,2.0,3,7,-21.6,-25.3,0.0
MSFT,ab2023,2.0,0,75,46.7,12.7,5.3
MSFT,ab2023,2.0,1,141,15.5,-9.1,3.5
MSFT,ab2023,2.0,2,38,15.5,-21.4,5.3
MSFT,ab2023,2.0,3,2,-13.6,-13.6,0.0
MSFT,bis2022,2.0,0,392,14.6,-18.2,8.9
MSFT,bis2022,2.0,1,674,19.7,-3.1,4.0
MSFT,bis2022,2.0,2,158,25.4,-8.7,1.9
MSFT,bis2022,2.0,3,6,-18.3,-42.5,0.0
MSTR,ab2023,2.0,0,93,4.9,-34.0,15.1
MSTR,ab2023,2.0,1,135,21.1,-16.5,2.2
MSTR,ab2023,2.0,2,35,17.8,-23.5,5.7
MSTR,ab2023,2.0,3,6,27.2,2.4,0.0
MSTR,bis2022,2.0,0,362,3.1,-32.7,16.3
MSTR,bis2022,2.0,1,687,3.2,-21.9,7.4
MSTR,bis2022,2.0,2,181,8.3,-5.2,3.9
MSTR,bis2022,2.0,3,15,0.5,-7.9,6.7
MTX.DE,ab2023,2.0,0,93,7.2,-5.1,11.8
MTX.DE,ab2023,2.0,1,140,0.6,-11.7,5.7
MTX.DE,ab2023,2.0,2,41,32.8,22.1,4.9
MTX.DE,ab2023,2.0,3,1,209.9,209.9,0.0
MTX.DE,bis2022,2.0,0,331,18.5,-7.7,9.4
MTX.DE,bis2022,2.0,1,660,3.3,-17.9,5.9
MTX.DE,bis2022,2.0,2,174,5.7,-12.2,5.7
MTX.DE,bis2022,2.0,3,14,14.9,-18.4,0.0
MU,ab2023,2.0,0,85,29.7,-11.3,8.2
MU,ab2023,2.0,1,142,35.5,0.5,3.5
MU,ab2023,2.0,2,39,45.8,14.5,5.1
MU,ab2023,2.0,3,3,69.2,51.6,0.0
MU,bis2022,2.0,0,378,12.7,-12.9,7.7
MU,bis2022,2.0,1,616,4.4,-16.8,5.7
MU,bis2022,2.0,2,157,-1.7,-22.6,1.3
MU,bis2022,2.0,3,10,-6.3,-28.3,0.0
MUFG,ab2023,2.0,0,83,78.0,25.3,6.0
MUFG,ab2023,2.0,1,173,42.5,16.9,7.5
MUFG,ab2023,2.0,2,18,56.4,60.5,0.0
MUFG,ab2023,2.0,3,1,77.1,77.1,0.0
MUFG,bis2022,2.0,0,444,9.0,-29.7,21.4
MUFG,bis2022,2.0,1,644,-0.4,-27.5,12.7
MUFG,bis2022,2.0,2,114,3.0,-20.6,8.8
MUFG,bis2022,2.0,3,8,19.0,-23.6,0.0
MUV2.DE,ab2023,2.0,0,82,1.7,-21.7,15.9
MUV2.DE,ab2023,2.0,1,154,13.3,-6.3,8.4
MUV2.DE,ab2023,2.0,2,25,42.7,2.1,0.0
MUV2.DE,ab2023,2.0,3,4,0.6,-25.3,0.0
MUV2.DE,bis2022,2.0,0,373,13.7,-13.2,9.7
MUV2.DE,bis2022,2.0,1,714,9.0,-15.6,5.0
MUV2.DE,bis2022,2.0,2,121,4.8,-15.0,4.1
MUV2.DE,bis2022,2.0,3,11,23.4,-10.9,0.0
NEE,ab2023,2.0,0,65,17.1,-1.8,13.8
NEE,ab2023,2.0,1,138,-11.9,-18.4,13.0
NEE,ab2023,2.0,2,46,-13.0,-23.1,6.5
NEE,ab2023,2.0,3,3,1.4,22.4,0.0
NEE,bis2022,2.0,0,353,16.5,-10.8,7.1
NEE,bis2022,2.0,1,661,9.5,-8.1,2.7
NEE,bis2022,2.0,2,150,10.4,-7.0,0.7
NEE,bis2022,2.0,3,12,3.1,-0.9,0.0
NEM,ab2023,2.0,0,113,1.6,-29.8,13.3
NEM,ab2023,2.0,1,154,23.7,-3.3,7.1
NEM,ab2023,2.0,2,33,-21.6,-30.6,6.1
NEM,ab2023,2.0,3,5,66.0,17.1,0.0
NEM,bis2022,2.0,0,412,-5.4,-20.1,8.7
NEM,bis2022,2.0,1,641,-5.5,-18.9,6.1
NEM,bis2022,2.0,2,201,-4.2,-15.7,4.5
NEM,bis2022,2.0,3,8,50.0,54.5,12.5
NET,ab2023,2.0,0,96,12.8,-4.0,9.4
NET,ab2023,2.0,1,127,10.1,-12.7,6.3
NET,ab2023,2.0,2,36,50.1,-5.0,5.6
NET,ab2023,2.0,3,6,48.9,45.2,0.0
NET,bis2022,2.0,0,64,2.3,-19.1,9.4
NET,bis2022,2.0,1,117,11.2,-17.6,6.0
NET,bis2022,2.0,2,42,36.0,8.4,2.4
NET,bis2022,2.0,3,4,-17.5,-12.9,0.0
NFLX,ab2023,2.0,0,51,-11.7,-22.0,17.6
NFLX,ab2023,2.0,1,124,4.7,-13.6,4.8
NFLX,ab2023,2.0,2,57,16.9,-9.5,5.3
NFLX,ab2023,2.0,3,8,39.6,10.5,0.0
NFLX,bis2022,2.0,0,352,28.3,-5.5,9.1
NFLX,bis2022,2.0,1,606,13.2,-11.8,8.6
NFLX,bis2022,2.0,2,186,13.2,-11.7,4.3
NFLX,bis2022,2.0,3,15,20.5,7.6,6.7
NKE,ab2023,2.0,0,75,-33.7,-47.0,12.0
NKE,ab2023,2.0,1,115,-19.9,-26.2,14.8
NKE,ab2023,2.0,2,68,-5.8,-19.5,13.2
NKE,ab2023,2.0,3,9,-13.4,-20.5,11.1
NKE,bis2022,2.0,0,373,6.3,-16.3,13.7
NKE,bis2022,2.0,1,652,6.7,-13.5,7.5
NKE,bis2022,2.0,2,185,5.6,-12.3,5.9
NKE,bis2022,2.0,3,19,2.3,-1.1,5.3
NOW,ab2023,2.0,0,88,1.7,-16.2,11.4
NOW,ab2023,2.0,1,137,0.9,-15.1,4.4
NOW,ab2023,2.0,2,40,4.6,-3.0,12.5
NOW,ab2023,2.0,3,4,-1.0,-0.6,0.0
NOW,bis2022,2.0,0,206,16.4,-12.9,7.3
NOW,bis2022,2.0,1,427,7.3,-11.6,4.7
NOW,bis2022,2.0,2,106,43.1,23.5,0.9
NOW,bis2022,2.0,3,10,-9.8,-11.4,10.0
NVDA,ab2023,2.0,0,81,61.6,-13.7,7.4
NVDA,ab2023,2.0,1,146,29.1,-14.6,5.5
NVDA,ab2023,2.0,2,30,58.1,30.3,0.0
NVDA,ab2023,2.0,3,3,-27.2,-39.7,0.0
NVDA,bis2022,2.0,0,349,18.6,-10.5,10.0
NVDA,bis2022,2.0,1,631,20.3,-5.8,5.2
NVDA,bis2022,2.0,2,172,9.5,-16.1,3.5
NVDA,bis2022,2.0,3,8,-12.0,0.6,0.0
NVO,ab2023,2.0,0,75,1.2,-38.6,17.3
NVO,ab2023,2.0,1,127,-6.9,-27.3,8.7
NVO,ab2023,2.0,2,54,-14.8,-24.2,11.1
NVO,ab2023,2.0,3,1,-24.4,-24.4,0.0
NVO,bis2022,2.0,0,345,20.1,-7.4,8.4
NVO,bis2022,2.0,1,611,12.7,-8.6,5.1
NVO,bis2022,2.0,2,178,7.5,-6.2,4.5
NVO,bis2022,2.0,3,16,5.0,3.8,6.2
NVS,ab2023,2.0,0,87,6.4,-23.2,18.4
NVS,ab2023,2.0,1,130,-14.9,-30.6,7.7
NVS,ab2023,2.0,2,30,-2.5,-12.1,0.0
NVS,ab2023,2.0,3,1,-8.7,-8.7,0.0
NVS,bis2022,2.0,0,399,-6.2,-27.9,11.0
NVS,bis2022,2.0,1,659,-7.9,-22.8,7.0
NVS,bis2022,2.0,2,117,6.3,-7.4,2.6
NVS,bis2022,2.0,3,6,20.7,-16.8,0.0
NXPI,ab2023,2.0,0,88,3.9,-24.4,8.0
NXPI,ab2023,2.0,1,137,-1.1,-29.5,6.6
NXPI,ab2023,2.0,2,49,37.2,-2.9,2.0
NXPI,ab2023,2.0,3,7,88.3,114.1,0.0
NXPI,bis2022,2.0,0,262,3.4,-22.6,14.1
NXPI,bis2022,2.0,1,492,8.8,-9.9,7.7
NXPI,bis2022,2.0,2,148,6.7,-16.2,5.4
NXPI,bis2022,2.0,3,11,7.4,-4.3,9.1
ODFL,ab2023,2.0,0,80,16.2,-5.7,7.5
ODFL,ab2023,2.0,1,123,-0.4,-15.0,2.4
ODFL,ab2023,2.0,2,46,-0.6,-15.2,4.3
ODFL,ab2023,2.0,3,2,115.3,115.3,0.0
ODFL,bis2022,2.0,0,338,2.8,-25.1,6.5
ODFL,bis2022,2.0,1,665,12.1,-6.1,3.5
ODFL,bis2022,2.0,2,163,5.2,-12.0,1.8
ODFL,bis2022,2.0,3,11,-2.0,-26.3,0.0
ON,ab2023,2.0,0,80,7.5,-29.9,12.5
ON,ab2023,2.0,1,148,-0.6,-23.8,6.8
ON,ab2023,2.0,2,38,4.9,-37.7,13.2
ON,ab2023,2.0,3,5,98.6,142.8,20.0
ON,bis2022,2.0,0,344,33.1,0.4,9.9
ON,bis2022,2.0,1,639,13.6,-14.5,6.9
ON,bis2022,2.0,2,163,10.9,-16.0,6.1
ON,bis2022,2.0,3,12,63.8,-9.5,8.3
ORCL,ab2023,2.0,0,75,52.8,-16.7,8.0
ORCL,ab2023,2.0,1,129,-0.2,-29.7,7.8
ORCL,ab2023,2.0,2,46,53.4,2.3,8.7
ORCL,ab2023,2.0,3,5,50.5,31.8,0.0
ORCL,bis2022,2.0,0,407,2.8,-20.9,9.3
ORCL,bis2022,2.0,1,642,2.3,-17.6,5.8
ORCL,bis2022,2.0,2,167,2.3,-15.1,5.4
ORCL,bis2022,2.0,3,6,18.3,18.5,0.0
ORLY,ab2023,2.0,0,70,2.6,-36.8,12.9
ORLY,ab2023,2.0,1,125,13.7,-13.7,4.0
ORLY,ab2023,2.0,2,40,-1.4,-12.1,5.0
ORLY,ab2023,2.0,3,3,-19.4,-34.4,33.3
ORLY,bis2022,2.0,0,370,17.8,-18.1,6.8
ORLY,bis2022,2.0,1,666,9.3,-14.2,3.3
ORLY,bis2022,2.0,2,157,11.6,-8.2,1.9
ORLY,bis2022,2.0,3,15,-4.1,-4.4,6.7
P911.DE,ab2023,2.0,0,81,-36.8,-53.9,33.3
P911.DE,ab2023,2.0,1,139,-22.2,-42.3,21.6
P911.DE,ab2023,2.0,2,34,-32.3,-39.3,11.8
P911.DE,ab2023,2.0,3,3,52.0,-21.6,0.0
P911.DE,bis2022,2.0,0,2,50.8,50.8,50.0
P911.DE,bis2022,2.0,1,6,-61.8,-69.0,50.0
PAH3.DE,ab2023,2.0,0,74,-22.9,-46.2,23.0
PAH3.DE,ab2023,2.0,1,140,-15.4,-27.5,13.6
PAH3.DE,ab2023,2.0,2,52,-23.0,-28.2,9.6
PAH3.DE,ab2023,2.0,3,5,-21.8,8.5,20.0
PAH3.DE,bis2022,2.0,0,271,-2.8,-29.2,24.4
PAH3.DE,bis2022,2.0,1,542,1.7,-26.4,10.7
PAH3.DE,bis2022,2.0,2,141,2.8,-15.7,9.9
PAH3.DE,bis2022,2.0,3,11,-17.4,-34.8,9.1
PANW,ab2023,2.0,0,75,18.3,-8.7,13.3
PANW,ab2023,2.0,1,129,13.6,-18.4,5.4
PANW,ab2023,2.0,2,40,32.9,19.3,0.0
PANW,ab2023,2.0,3,3,27.2,30.0,0.0
PANW,bis2022,2.0,0,219,4.9,-8.8,7.8
PANW,bis2022,2.0,1,395,7.0,-14.8,5.8
PANW,bis2022,2.0,2,122,12.3,-9.1,2.5
PANW,bis2022,2.0,3,6,-6.0,-20.0,0.0
PAYX,ab2023,2.0,0,71,-11.0,-26.5,11.3
PAYX,ab2023,2.0,1,135,-11.1,-27.5,7.4
PAYX,ab2023,2.0,2,42,-14.4,-20.1,2.4
PAYX,ab2023,2.0,3,2,-10.0,-10.0,0.0
PAYX,bis2022,2.0,0,359,10.2,-12.1,8.4
PAYX,bis2022,2.0,1,708,-1.8,-16.0,3.1
PAYX,bis2022,2.0,2,174,3.4,-20.4,2.9
PAYX,bis2022,2.0,3,7,-29.4,-35.2,0.0
PBR,ab2023,2.0,0,71,-3.7,-49.0,14.1
PBR,ab2023,2.0,1,129,0.3,-27.9,7.0
PBR,ab2023,2.0,2,48,19.9,-1.1,4.2
PBR,ab2023,2.0,3,2,35.0,35.0,0.0
PBR,bis2022,2.0,0,374,16.7,-18.9,5.3
PBR,bis2022,2.0,1,573,3.6,-21.8,6.1
PBR,bis2022,2.0,2,149,0.8,-9.8,6.0
PBR,bis2022,2.0,3,21,17.4,-0.0,4.8
PCAR,ab2023,2.0,0,71,13.2,-21.9,5.6
PCAR,ab2023,2.0,1,146,4.1,-18.5,6.8
PCAR,ab2023,2.0,2,38,-2.7,-23.9,2.6
PCAR,ab2023,2.0,3,2,-47.5,-47.5,0.0
PCAR,bis2022,2.0,0,384,-2.3,-23.4,5.7
PCAR,bis2022,2.0,1,606,-4.1,-23.5,5.0
PCAR,bis2022,2.0,2,185,6.3,-18.8,3.2
PCAR,bis2022,2.0,3,17,-25.7,-34.1,0.0
PDD,ab2023,2.0,0,114,11.7,-19.0,19.3
PDD,ab2023,2.0,1,148,3.5,-20.0,10.1
PDD,ab2023,2.0,2,51,12.2,1.1,0.0
PDD,ab2023,2.0,3,5,-0.9,-8.9,0.0
PDD,bis2022,2.0,0,109,9.5,-26.9,9.2
PDD,bis2022,2.0,1,165,10.3,-17.7,9.7
PDD,bis2022,2.0,2,45,5.0,-26.1,2.2
PDD,bis2022,2.0,3,6,29.3,5.5,0.0
PEP,ab2023,2.0,0,70,1.3,-24.9,5.7
PEP,ab2023,2.0,1,147,-9.7,-15.0,7.5
PEP,ab2023,2.0,2,47,-5.5,-18.3,6.4
PEP,ab2023,2.0,3,2,-5.2,-5.2,0.0
PEP,bis2022,2.0,0,396,6.8,-14.6,7.1
PEP,bis2022,2.0,1,639,7.7,-11.1,5.6
PEP,bis2022,2.0,2,150,19.2,-3.8,0.7
PEP,bis2022,2.0,3,15,1.2,-26.7,6.7
PFE,ab2023,2.0,0,60,-17.0,-37.7,8.3
PFE,ab2023,2.0,1,130,-28.6,-33.5,12.3
PFE,ab2023,2.0,2,30,-8.3,-21.3,3.3
PFE,bis2022,2.0,0,426,15.6,-25.2,13.4
PFE,bis2022,2.0,1,661,1.9,-16.4,8.2
PFE,bis2022,2.0,2,119,12.0,-1.7,3.4
PFE,bis2022,2.0,3,7,-16.7,-16.7,0.0
PG,ab2023,2.0,0,78,-15.9,-26.3,10.3
PG,ab2023,2.0,1,132,-12.5,-21.9,4.5
PG,ab2023,2.0,2,34,20.4,16.5,2.9
PG,ab2023,2.0,3,1,-22.6,-22.6,0.0
PG,bis2022,2.0,0,400,-1.7,-26.1,9.5
PG,bis2022,2.0,1,623,-1.1,-14.2,5.0
PG,bis2022,2.0,2,165,20.6,8.2,6.7
PG,bis2022,2.0,3,9,-23.9,-23.3,11.1
PGR,ab2023,2.0,0,75,9.5,-29.3,10.7
PGR,ab2023,2.0,1,142,6.5,-14.8,9.9
PGR,ab2023,2.0,2,33,-8.5,-19.6,6.1
PGR,ab2023,2.0,3,2,141.4,141.4,0.0
PGR,bis2022,2.0,0,388,7.0,-22.0,11.3
PGR,bis2022,2.0,1,631,10.9,-9.2,4.0
PGR,bis2022,2.0,2,172,7.4,-19.5,4.1
PGR,bis2022,2.0,3,8,55.0,2.1,0.0
PH,ab2023,2.0,0,96,49.3,4.7,7.3
PH,ab2023,2.0,1,139,11.4,-16.2,3.6
PH,ab2023,2.0,2,33,39.9,7.0,0.0
PH,ab2023,2.0,3,1,64.6,64.6,0.0
PH,bis2022,2.0,0,386,2.3,-26.8,8.0
PH,bis2022,2.0,1,688,8.2,-12.5,4.8
PH,bis2022,2.0,2,153,-0.1,-13.6,3.3
PH,bis2022,2.0,3,12,-19.1,-37.7,8.3
PLD,ab2023,2.0,0,92,2.1,-17.8,13.0
PLD,ab2023,2.0,1,149,-0.8,-16.8,2.7
PLD,ab2023,2.0,2,37,15.7,-8.9,5.4
PLD,ab2023,2.0,3,2,-37.4,-37.4,0.0
PLD,bis2022,2.0,0,347,12.4,-5.2,6.6
PLD,bis2022,2.0,1,685,11.5,-12.9,3.8
PLD,bis2022,2.0,2,133,18.4,-15.7,6.0
PLD,bis2022,2.0,3,9,25.0,-19.3,0.0
PLTR,ab2023,2.0,0,95,40.0,-4.4,7.4
PLTR,ab2023,2.0,1,130,15.6,-0.1,3.1
PLTR,ab2023,2.0,2,34,41.1,9.2,0.0
PLTR,ab2023,2.0,3,2,201.2,201.2,0.0
PLTR,bis2022,2.0,0,40,-7.7,-8.1,5.0
PLTR,bis2022,2.0,1,77,-2.2,-29.3,5.2
PLTR,bis2022,2.0,2,32,5.5,-11.3,3.1
PLTR,bis2022,2.0,3,1,-19.7,-19.7,0.0
PM,ab2023,2.0,0,91,10.7,-22.7,3.3
PM,ab2023,2.0,1,124,8.8,-18.0,8.1
PM,ab2023,2.0,2,38,36.6,-5.6,7.9
PM,ab2023,2.0,3,6,-19.8,-19.5,0.0
PM,bis2022,2.0,0,345,8.4,-15.8,9.3
PM,bis2022,2.0,1,600,10.8,-7.8,6.7
PM,bis2022,2.0,2,132,27.9,2.9,0.8
PM,bis2022,2.0,3,14,18.0,15.5,0.0
PSX,ab2023,2.0,0,94,32.8,9.7,7.4
PSX,ab2023,2.0,1,128,6.1,-10.2,2.3
PSX,ab2023,2.0,2,45,14.2,3.3,0.0
PSX,bis2022,2.0,0,242,6.0,-22.6,7.0
PSX,bis2022,2.0,1,425,1.3,-16.1,2.8
PSX,bis2022,2.0,2,125,2.7,-21.9,4.0
PSX,bis2022,2.0,3,5,17.8,-22.7,20.0
PYPL,ab2023,2.0,0,77,1.9,-14.9,3.9
PYPL,ab2023,2.0,1,130,-1.1,-17.2,6.9
PYPL,ab2023,2.0,2,45,0.2,-15.7,0.0
PYPL,ab2023,2.0,3,3,36.5,27.4,0.0
PYPL,bis2022,2.0,0,163,17.8,-7.1,3.1
PYPL,bis2022,2.0,1,293,15.7,-5.6,4.4
PYPL,bis2022,2.0,2,86,7.2,-14.9,8.1
PYPL,bis2022,2.0,3,6,-35.6,-37.8,16.7
QCOM,ab2023,2.0,0,76,22.3,-13.0,9.2
QCOM,ab2023,2.0,1,167,9.0,-21.3,6.0
QCOM,ab2023,2.0,2,41,23.8,24.3,2.4
QCOM,ab2023,2.0,3,4,-12.7,-14.9,25.0
QCOM,bis2022,2.0,0,391,2.0,-33.0,13.8
QCOM,bis2022,2.0,1,675,5.2,-22.4,7.1
QCOM,bis2022,2.0,2,183,19.9,-9.4,6.6
QCOM,bis2022,2.0,3,10,-16.5,-24.7,10.0
QIA.DE,ab2023,2.0,0,93,-3.8,-36.6,16.1
QIA.DE,ab2023,2.0,1,132,7.3,-15.9,9.1
QIA.DE,ab2023,2.0,2,34,4.7,-11.9,5.9
QIA.DE,ab2023,2.0,3,2,58.8,58.8,0.0
QIA.DE,bis2022,2.0,0,364,2.1,-24.8,10.2
QIA.DE,bis2022,2.0,1,641,-0.3,-15.7,7.5
QIA.DE,bis2022,2.0,2,193,-2.7,-8.3,3.1
QIA.DE,bis2022,2.0,3,19,3.2,-3.3,0.0
REGN,ab2023,2.0,0,67,-8.0,-37.8,20.9
REGN,ab2023,2.0,1,124,4.3,-14.0,12.9
REGN,ab2023,2.0,2,42,2.3,-27.9,11.9
REGN,bis2022,2.0,0,317,16.0,-15.6,10.1
REGN,bis2022,2.0,1,638,18.4,-19.3,4.7
REGN,bis2022,2.0,2,171,34.7,-0.1,2.9
REGN,bis2022,2.0,3,8,5.7,-12.7,0.0
RHM.DE,ab2023,2.0,0,52,-1.0,-43.6,17.3
RHM.DE,ab2023,2.0,1,156,4.9,-24.3,10.3
RHM.DE,ab2023,2.0,2,41,2.4,-27.4,2.4
RHM.DE,ab2023,2.0,3,3,-13.8,-15.2,0.0
RHM.DE,bis2022,2.0,0,314,10.2,-8.9,8.3
RHM.DE,bis2022,2.0,1,644,-0.8,-19.8,6.5
RHM.DE,bis2022,2.0,2,172,-7.0,-23.2,8.7
RHM.DE,bis2022,2.0,3,8,24.6,12.3,12.5
RIO,ab2023,2.0,0,103,-13.6,-30.8,14.6
RIO,ab2023,2.0,1,157,10.1,-6.7,7.0
RIO,ab2023,2.0,2,41,-13.2,-23.5,12.2
RIO,ab2023,2.0,3,4,-35.5,-24.6,25.0
RIO,bis2022,2.0,0,441,9.6,-14.5,7.7
RIO,bis2022,2.0,1,668,9.8,-10.4,4.6
RIO,bis2022,2.0,2,170,-5.8,-23.5,2.9
RIO,bis2022,2.0,3,7,-30.0,-44.6,28.6
ROP,ab2023,2.0,0,87,-18.7,-41.1,14.9
ROP,ab2023,2.0,1,148,-16.0,-25.5,8.8
ROP,ab2023,2.0,2,41,7.0,-9.3,2.4
ROP,ab2023,2.0,3,5,15.1,1.9,0.0
ROP,bis2022,2.0,0,367,13.0,-15.7,7.1
ROP,bis2022,2.0,1,664,10.5,-11.2,4.1
ROP,bis2022,2.0,2,192,21.2,-5.8,3.1
ROP,bis2022,2.0,3,12,16.6,1.7,8.3
ROST,ab2023,2.0,0,87,3.0,-19.9,10.3
ROST,ab2023,2.0,1,139,8.5,-4.2,5.8
ROST,ab2023,2.0,2,36,5.4,-11.9,0.0
ROST,ab2023,2.0,3,4,-7.8,-4.5,0.0
ROST,bis2022,2.0,0,355,3.7,-12.4,7.6
ROST,bis2022,2.0,1,657,4.0,-14.1,3.8
ROST,bis2022,2.0,2,205,3.5,-16.0,3.4
ROST,bis2022,2.0,3,17,16.9,16.2,0.0
RTX,ab2023,2.0,0,73,14.2,-13.5,15.1
RTX,ab2023,2.0,1,157,17.0,-1.8,7.0
RTX,ab2023,2.0,2,33,70.8,31.2,9.1
RTX,ab2023,2.0,3,3,30.7,-20.3,0.0
RTX,bis2022,2.0,0,377,0.8,-19.2,6.9
RTX,bis2022,2.0,1,702,3.7,-13.5,3.7
RTX,bis2022,2.0,2,176,2.0,-12.9,8.0
RTX,bis2022,2.0,3,5,-51.2,-56.8,20.0
RWE.DE,ab2023,2.0,0,58,33.0,-11.7,5.2
RWE.DE,ab2023,2.0,1,158,24.1,-13.5,5.1
RWE.DE,ab2023,2.0,2,25,-13.8,-43.6,20.0
RWE.DE,ab2023,2.0,3,3,6.1,-2.4,0.0
RWE.DE,bis2022,2.0,0,327,-3.8,-33.1,15.6
RWE.DE,bis2022,2.0,1,636,3.5,-20.4,8.5
RWE.DE,bis2022,2.0,2,169,-7.2,-20.7,6.5
RWE.DE,bis2022,2.0,3,7,-10.9,-13.4,0.0
RY,ab2023,2.0,0,92,30.2,-21.8,14.1
RY,ab2023,2.0,1,142,23.6,-8.4,3.5
RY,ab2023,2.0,2,28,3.3,-25.0,0.0
RY,ab2023,2.0,3,4,75.8,0.0,0.0
RY,bis2022,2.0,0,412,-1.5,-20.9,11.4
RY,bis2022,2.0,1,687,9.2,-11.8,4.7
RY,bis2022,2.0,2,166,-6.7,-24.0,3.0
RY,bis2022,2.0,3,14,-7.2,-9.0,0.0
SAN,ab2023,2.0,0,93,44.3,7.8,6.5
SAN,ab2023,2.0,1,150,21.6,-9.7,5.3
SAN,ab2023,2.0,2,16,11.9,4.3,0.0
SAN,bis2022,2.0,0,346,-18.6,-39.9,9.8
SAN,bis2022,2.0,1,580,-5.1,-24.3,6.4
SAN,bis2022,2.0,2,219,-11.8,-24.7,5.5
SAN,bis2022,2.0,3,17,-27.7,-38.9,0.0
SAP.DE,ab2023,2.0,0,96,11.2,-20.1,9.4
SAP.DE,ab2023,2.0,1,142,2.0,-21.6,7.7
SAP.DE,ab2023,2.0,2,23,0.2,-11.3,4.3
SAP.DE,ab2023,2.0,3,2,-32.9,-32.9,50.0
SAP.DE,bis2022,2.0,0,476,14.8,-18.8,9.0
SAP.DE,bis2022,2.0,1,689,-0.5,-24.0,5.7
SAP.DE,bis2022,2.0,2,151,14.3,-4.8,1.3
SAP.DE,bis2022,2.0,3,13,-42.2,-45.8,7.7
SBUX,ab2023,2.0,0,72,-13.3,-32.9,13.9
SBUX,ab2023,2.0,1,124,4.8,-17.0,3.2
SBUX,ab2023,2.0,2,43,-1.2,-14.8,14.0
SBUX,ab2023,2.0,3,2,4.8,4.8,0.0
SBUX,bis2022,2.0,0,406,18.2,-15.0,9.6
SBUX,bis2022,2.0,1,631,16.8,-14.3,7.1
SBUX,bis2022,2.0,2,132,-10.6,-25.7,8.3
SBUX,bis2022,2.0,3,14,-10.2,-30.9,0.0
SCCO,ab2023,2.0,0,113,-0.2,-18.1,5.3
SCCO,ab2023,2.0,1,146,-2.8,-17.8,5.5
SCCO,ab2023,2.0,2,31,28.9,-6.8,0.0
SCCO,ab2023,2.0,3,3,68.0,41.8,0.0
SCCO,bis2022,2.0,0,433,7.8,-18.6,6.7
SCCO,bis2022,2.0,1,635,8.0,-16.1,3.6
SCCO,bis2022,2.0,2,162,0.5,-17.5,2.5
SCCO,bis2022,2.0,3,13,26.8,-7.2,0.0
SCHW,ab2023,2.0,0,75,-0.4,-41.0,13.3
SCHW,ab2023,2.0,1,139,19.7,-14.0,6.5
SCHW,ab2023,2.0,2,44,23.6,-16.3,2.3
SCHW,ab2023,2.0,3,2,34.0,34.0,0.0
SCHW,bis2022,2.0,0,361,7.7,-17.7,9.1
SCHW,bis2022,2.0,1,671,4.0,-18.6,4.6
SCHW,bis2022,2.0,2,177,4.2,-11.5,2.8
SCHW,bis2022,2.0,3,15,7.4,-16.2,0.0
SHEL,ab2023,2.0,0,96,2.5,-22.6,13.5
SHEL,ab2023,2.0,1,141,-11.9,-26.6,6.4
SHEL,ab2023,2.0,2,39,0.3,-16.7,15.4
SHEL,ab2023,2.0,3,3,-10.3,-9.7,0.0
SHEL,bis2022,2.0,0,415,-8.8,-36.5,14.9
SHEL,bis2022,2.0,1,687,-9.6,-24.7,7.7
SHEL,bis2022,2.0,2,140,-6.7,-24.1,6.4
SHEL,bis2022,2.0,3,5,-34.1,-28.4,0.0
SHL.DE,ab2023,2.0,0,84,-19.4,-31.2,19.0
SHL.DE,ab2023,2.0,1,150,-17.0,-27.4,10.0
SHL.DE,ab2023,2.0,2,38,-0.4,-24.8,2.6
SHL.DE,ab2023,2.0,3,1,-62.9,-62.9,0.0
SHL.DE,bis2022,2.0,0,108,-13.2,-26.0,13.9
SHL.DE,bis2022,2.0,1,185,13.6,-21.6,7.6
SHL.DE,bis2022,2.0,2,27,0.8,-2.1,14.8
SHL.DE,bis2022,2.0,3,2,-18.9,-18.9,0.0
SHOP,ab2023,2.0,0,91,6.6,-27.2,13.2
SHOP,ab2023,2.0,1,132,36.2,-4.9,3.8
SHOP,ab2023,2.0,2,31,14.4,14.0,9.7
SHOP,ab2023,2.0,3,6,-4.4,-22.3,16.7
SHOP,bis2022,2.0,0,128,18.8,-6.9,6.2
SHOP,bis2022,2.0,1,308,30.7,2.4,4.9
SHOP,bis2022,2.0,2,77,15.6,-9.8,2.6
SHOP,bis2022,2.0,3,1,-42.8,-42.8,0.0
SHW,ab2023,2.0,0,59,0.2,-31.4,3.4
SHW,ab2023,2.0,1,139,10.9,-13.5,3.6
SHW,ab2023,2.0,2,64,-1.9,-24.1,6.2
SHW,ab2023,2.0,3,3,-42.3,-30.5,33.3
SHW,bis2022,2.0,0,341,11.9,-14.8,9.7
SHW,bis2022,2.0,1,697,9.0,-14.4,6.0
SHW,bis2022,2.0,2,204,1.3,-18.8,5.9
SHW,bis2022,2.0,3,12,87.2,8.0,0.0
SIE.DE,ab2023,2.0,0,97,-0.2,-22.2,17.5
SIE.DE,ab2023,2.0,1,150,11.8,-8.1,4.0
SIE.DE,ab2023,2.0,2,37,23.7,-7.5,5.4
SIE.DE,ab2023,2.0,3,3,31.3,37.5,0.0
SIE.DE,bis2022,2.0,0,404,9.3,-16.4,11.1
SIE.DE,bis2022,2.0,1,674,4.2,-17.9,5.2
SIE.DE,bis2022,2.0,2,140,-0.0,-18.1,4.3
SIE.DE,bis2022,2.0,3,5,-27.3,-39.4,0.0
SKHY,ab2023,2.0,0,98,52.7,-3.5,4.1
SKHY,ab2023,2.0,1,147,47.5,7.5,2.0
SKHY,ab2023,2.0,2,27,47.7,-1.7,0.0
SKHY,ab2023,2.0,3,1,36.8,36.8,0.0
SKHY,bis2022,2.0,0,367,7.3,-18.3,5.2
SKHY,bis2022,2.0,1,580,5.0,-19.2,2.6
SKHY,bis2022,2.0,2,148,8.1,-15.2,2.0
SKHY,bis2022,2.0,3,14,-7.1,-6.8,0.0
SMFG,ab2023,2.0,0,84,65.1,39.0,10.7
SMFG,ab2023,2.0,1,166,33.9,6.5,4.2
SMFG,ab2023,2.0,2,18,98.2,60.5,0.0
SMFG,ab2023,2.0,3,1,2.8,2.8,0.0
SMFG,bis2022,2.0,0,443,2.4,-28.4,20.1
SMFG,bis2022,2.0,1,653,14.3,-14.1,8.6
SMFG,bis2022,2.0,2,155,1.1,-18.9,4.5
SMFG,bis2022,2.0,3,9,-17.3,-27.2,0.0
SNDK,ab2023,2.0,0,28,173.3,74.7,10.7
SNDK,ab2023,2.0,1,60,95.1,54.7,0.0
SNDK,ab2023,2.0,2,11,26.6,23.3,0.0
SNOW,ab2023,2.0,0,88,45.5,-7.2,10.2
SNOW,ab2023,2.0,1,130,25.4,-8.5,1.5
SNOW,ab2023,2.0,2,51,32.4,-0.8,3.9
SNOW,ab2023,2.0,3,7,14.9,-8.7,0.0
SNOW,bis2022,2.0,0,61,-12.0,-28.5,4.9
SNOW,bis2022,2.0,1,78,-4.9,-27.3,6.4
SNOW,bis2022,2.0,2,16,2.9,-27.6,6.2
SNOW,bis2022,2.0,3,3,11.9,-5.3,0.0
SNPS,ab2023,2.0,0,82,-10.4,-33.8,12.2
SNPS,ab2023,2.0,1,131,10.2,-13.3,4.6
SNPS,ab2023,2.0,2,47,17.0,-14.4,2.1
SNPS,ab2023,2.0,3,2,21.0,21.0,0.0
SNPS,bis2022,2.0,0,391,13.5,-18.6,7.2
SNPS,bis2022,2.0,1,646,11.3,-19.0,4.2
SNPS,bis2022,2.0,2,167,28.1,5.1,0.6
SNPS,bis2022,2.0,3,10,57.8,16.6,0.0
SNY,ab2023,2.0,0,99,-14.2,-32.2,15.2
SNY,ab2023,2.0,1,150,-13.4,-27.2,11.3
SNY,ab2023,2.0,2,30,-29.9,-18.3,10.0
SNY,ab2023,2.0,3,1,-4.9,-4.9,0.0
SNY,bis2022,2.0,0,415,2.3,-19.7,9.4
SNY,bis2022,2.0,1,718,-5.0,-21.5,4.5
SNY,bis2022,2.0,2,127,-3.7,-15.0,4.7
SNY,bis2022,2.0,3,11,-7.1,-8.8,0.0
SO,ab2023,2.0,0,74,26.0,5.3,4.1
SO,ab2023,2.0,1,127,10.8,-6.3,3.1
SO,ab2023,2.0,2,43,1.7,-8.3,2.3
SO,ab2023,2.0,3,2,75.2,75.2,0.0
SO,bis2022,2.0,0,328,7.4,-10.9,4.9
SO,bis2022,2.0,1,603,4.8,-15.4,4.5
SO,bis2022,2.0,2,191,-3.7,-20.2,5.2
SO,bis2022,2.0,3,10,0.4,-12.3,0.0
SONY,ab2023,2.0,0,116,-8.5,-30.1,26.7
SONY,ab2023,2.0,1,159,3.1,-11.2,11.3
SONY,ab2023,2.0,2,32,-17.9,-32.6,6.2
SONY,ab2023,2.0,3,1,34.7,34.7,0.0
SONY,bis2022,2.0,0,428,11.7,-24.3,24.8
SONY,bis2022,2.0,1,654,13.3,-12.8,12.4
SONY,bis2022,2.0,2,149,-3.3,-27.9,9.4
SONY,bis2022,2.0,3,16,-18.2,-25.4,25.0
SPG,ab2023,2.0,0,85,-0.3,-20.6,8.2
SPG,ab2023,2.0,1,155,6.2,-4.2,2.6
SPG,ab2023,2.0,2,27,13.8,-2.8,0.0
SPG,ab2023,2.0,3,2,-29.0,-29.0,0.0
SPG,bis2022,2.0,0,374,5.9,-19.4,10.4
SPG,bis2022,2.0,1,634,-4.7,-21.2,5.2
SPG,bis2022,2.0,2,153,3.0,-14.0,3.3
SPG,bis2022,2.0,3,16,-9.0,-17.4,0.0
SPGI,ab2023,2.0,0,86,-5.2,-19.1,12.8
SPGI,ab2023,2.0,1,132,0.1,-14.3,7.6
SPGI,ab2023,2.0,2,42,5.5,-4.8,0.0
SPGI,ab2023,2.0,3,3,24.8,44.0,0.0
SPGI,bis2022,2.0,0,324,11.0,-9.4,6.5
SPGI,bis2022,2.0,1,695,9.2,-10.2,4.7
SPGI,bis2022,2.0,2,170,16.8,-4.9,3.5
SPGI,bis2022,2.0,3,17,23.6,-7.1,0.0
SPOT,ab2023,2.0,0,88,27.3,8.5,8.0
SPOT,ab2023,2.0,1,149,37.5,11.6,2.7
SPOT,ab2023,2.0,2,26,25.8,12.7,7.7
SPOT,ab2023,2.0,3,4,12.4,13.5,0.0
SPOT,bis2022,2.0,0,107,16.1,-14.5,10.3
SPOT,bis2022,2.0,1,168,7.3,-16.5,5.4
SPOT,bis2022,2.0,2,68,1.9,-17.4,2.9
SPOT,bis2022,2.0,3,4,-4.7,-15.5,0.0
SRT3.DE,ab2023,2.0,0,81,-19.9,-37.8,18.5
SRT3.DE,ab2023,2.0,1,132,-16.7,-32.0,19.7
SRT3.DE,ab2023,2.0,2,40,-23.1,-33.7,10.0
SRT3.DE,ab2023,2.0,3,1,62.2,62.2,0.0
SRT3.DE,bis2022,2.0,0,279,18.9,-11.9,18.6
SRT3.DE,bis2022,2.0,1,630,19.8,-6.8,8.6
SRT3.DE,bis2022,2.0,2,186,20.4,-2.4,2.7
SRT3.DE,bis2022,2.0,3,20,23.7,-21.9,10.0
STX,ab2023,2.0,0,79,45.3,16.5,8.9
STX,ab2023,2.0,1,155,34.9,5.5,3.9
STX,ab2023,2.0,2,34,12.9,-12.1,8.8
STX,ab2023,2.0,3,2,2.9,2.9,0.0
STX,bis2022,2.0,0,344,11.8,-17.7,9.3
STX,bis2022,2.0,1,610,8.6,-14.5,5.9
STX,bis2022,2.0,2,191,-10.3,-19.4,6.8
STX,bis2022,2.0,3,8,-11.5,-15.3,0.0
SY1.DE,ab2023,2.0,0,63,-4.6,-31.2,9.5
SY1.DE,ab2023,2.0,1,143,-7.7,-18.0,7.0
SY1.DE,ab2023,2.0,2,36,-15.8,-31.6,11.1
SY1.DE,ab2023,2.0,3,5,-27.7,-23.3,0.0
SY1.DE,bis2022,2.0,0,341,6.8,-18.0,7.3
SY1.DE,bis2022,2.0,1,631,-1.1,-18.4,4.4
SY1.DE,bis2022,2.0,2,182,-2.1,-15.8,1.1
SY1.DE,bis2022,2.0,3,22,-14.8,-28.7,0.0
SYK,ab2023,2.0,0,98,11.2,-24.5,11.2
SYK,ab2023,2.0,1,136,1.6,-30.4,8.8
SYK,ab2023,2.0,2,43,20.2,8.6,2.3
SYK,ab2023,2.0,3,1,42.0,42.0,0.0
SYK,bis2022,2.0,0,410,7.9,-18.8,13.4
SYK,bis2022,2.0,1,654,8.5,-15.1,6.6
SYK,bis2022,2.0,2,160,22.0,0.1,1.9
SYK,bis2022,2.0,3,15,-1.9,-14.2,0.0
T,ab2023,2.0,0,77,-3.1,-11.3,16.9
T,ab2023,2.0,1,115,-6.1,-23.6,8.7
T,ab2023,2.0,2,28,2.3,-4.5,3.6
T,ab2023,2.0,3,2,89.4,89.4,0.0
T,bis2022,2.0,0,356,0.0,-25.1,10.7
T,bis2022,2.0,1,656,-3.2,-16.2,7.3
T,bis2022,2.0,2,153,-8.3,-30.4,5.2
T,bis2022,2.0,3,14,-21.2,-35.2,7.1
TD,ab2023,2.0,0,89,11.4,-24.8,13.5
TD,ab2023,2.0,1,125,33.3,-7.5,8.0
TD,ab2023,2.0,2,42,0.1,-16.2,2.4
TD,ab2023,2.0,3,3,63.5,-38.5,0.0
TD,bis2022,2.0,0,389,1.3,-16.0,5.4
TD,bis2022,2.0,1,699,1.9,-11.8,2.7
TD,bis2022,2.0,2,172,14.2,-5.7,3.5
TD,bis2022,2.0,3,19,-14.6,-23.9,0.0
TEAM,ab2023,2.0,0,83,-4.8,-30.8,18.1
TEAM,ab2023,2.0,1,122,18.3,-12.7,9.8
TEAM,ab2023,2.0,2,44,22.3,-18.9,6.8
TEAM,ab2023,2.0,3,5,76.2,-1.0,0.0
TEAM,bis2022,2.0,0,148,18.6,-20.6,11.5
TEAM,bis2022,2.0,1,291,25.4,-0.8,4.8
TEAM,bis2022,2.0,2,65,7.8,-19.9,3.1
TEAM,bis2022,2.0,3,7,-29.0,-21.0,0.0
TJX,ab2023,2.0,0,80,39.1,21.1,10.0
TJX,ab2023,2.0,1,130,14.1,-0.7,9.2
TJX,ab2023,2.0,2,32,13.1,0.4,0.0
TJX,ab2023,2.0,3,5,-15.4,-3.2,0.0
TJX,bis2022,2.0,0,402,21.2,-3.2,7.7
TJX,bis2022,2.0,1,678,7.4,-12.7,4.0
TJX,bis2022,2.0,2,139,11.5,-16.6,3.6
TJX,bis2022,2.0,3,13,-15.2,-20.9,0.0
TM,ab2023,2.0,0,87,36.8,-18.3,17.2
TM,ab2023,2.0,1,174,13.7,-29.9,6.9
TM,ab2023,2.0,2,23,3.2,-8.9,4.3
TM,ab2023,2.0,3,1,-10.7,-10.7,0.0
TM,bis2022,2.0,0,439,-1.2,-35.6,23.0
TM,bis2022,2.0,1,671,6.0,-23.0,10.7
TM,bis2022,2.0,2,119,9.9,-7.5,3.4
TM,bis2022,2.0,3,8,2.2,-19.0,12.5
TMO,ab2023,2.0,0,72,-7.9,-17.9,11.1
TMO,ab2023,2.0,1,135,-2.2,-21.5,8.9
TMO,ab2023,2.0,2,53,-18.9,-32.4,9.4
TMO,ab2023,2.0,3,4,-4.1,-3.4,0.0
TMO,bis2022,2.0,0,350,11.6,-10.3,4.6
TMO,bis2022,2.0,1,640,10.1,-9.0,2.0
TMO,bis2022,2.0,2,188,19.2,-0.7,2.7
TMO,bis2022,2.0,3,17,15.7,-1.2,0.0
TMUS,ab2023,2.0,0,77,2.7,-18.9,7.8
TMUS,ab2023,2.0,1,127,6.6,-15.2,11.8
TMUS,ab2023,2.0,2,43,7.1,-19.4,0.0
TMUS,ab2023,2.0,3,2,-16.8,-16.8,0.0
TMUS,bis2022,2.0,0,317,20.2,-10.4,7.6
TMUS,bis2022,2.0,1,608,7.7,-12.7,4.9
TMUS,bis2022,2.0,2,142,1.0,-17.2,5.6
TMUS,bis2022,2.0,3,17,-19.5,-40.6,0.0
TRV,ab2023,2.0,0,83,3.1,-27.6,15.7
TRV,ab2023,2.0,1,133,19.3,-9.7,6.8
TRV,ab2023,2.0,2,43,14.2,6.5,2.3
TRV,ab2023,2.0,3,1,-50.0,-50.0,0.0
TRV,bis2022,2.0,0,407,0.7,-24.4,9.1
TRV,bis2022,2.0,1,679,-2.4,-21.2,5.7
TRV,bis2022,2.0,2,171,1.7,-11.0,4.1
TRV,bis2022,2.0,3,6,3.8,-23.9,0.0
TSLA,ab2023,2.0,0,80,26.3,-29.9,15.0
TSLA,ab2023,2.0,1,148,15.4,-18.2,9.5
TSLA,ab2023,2.0,2,23,46.1,-19.8,0.0
TSLA,ab2023,2.0,3,2,-23.8,-23.8,0.0
TSLA,bis2022,2.0,0,253,22.0,-12.6,11.5
TSLA,bis2022,2.0,1,463,27.1,-2.1,7.1
TSLA,bis2022,2.0,2,131,10.8,-8.5,4.6
TSLA,bis2022,2.0,3,14,-4.1,-17.3,0.0
TSM,ab2023,2.0,0,90,53.4,5.5,16.7
TSM,ab2023,2.0,1,147,32.9,10.4,4.8
TSM,ab2023,2.0,2,21,22.0,-18.6,4.8
TSM,ab2023,2.0,3,2,126.0,126.0,0.0
TSM,bis2022,2.0,0,386,8.0,-14.3,15.5
TSM,bis2022,2.0,1,585,14.8,-13.3,6.3
TSM,bis2022,2.0,2,148,17.8,2.2,5.4
TSM,bis2022,2.0,3,8,4.4,-9.5,0.0
TTD,ab2023,2.0,0,76,10.2,-26.2,14.5
TTD,ab2023,2.0,1,143,6.0,-17.8,12.6
TTD,ab2023,2.0,2,41,12.5,-25.6,9.8
TTD,ab2023,2.0,3,3,61.6,10.9,0.0
TTD,bis2022,2.0,0,122,8.9,-32.8,15.6
TTD,bis2022,2.0,1,231,14.1,-23.7,5.2
TTD,bis2022,2.0,2,68,54.6,9.6,0.0
TTD,bis2022,2.0,3,8,-33.8,-33.1,12.5
TTE,ab2023,2.0,0,115,-9.1,-29.2,12.2
TTE,ab2023,2.0,1,121,-6.5,-24.4,2.5
TTE,ab2023,2.0,2,39,11.6,-5.7,0.0
TTE,bis2022,2.0,0,421,3.9,-22.1,5.9
TTE,bis2022,2.0,1,686,-4.5,-18.6,2.5
TTE,bis2022,2.0,2,175,6.3,-14.6,2.9
TTE,bis2022,2.0,3,13,19.1,-22.1,0.0
TTWO,ab2023,2.0,0,71,0.5,-24.6,15.5
TTWO,ab2023,2.0,1,154,3.4,-5.9,6.5
TTWO,ab2023,2.0,2,32,6.5,4.3,0.0
TTWO,ab2023,2.0,3,2,-34.9,-34.9,0.0
TTWO,bis2022,2.0,0,346,3.0,-18.4,11.8
TTWO,bis2022,2.0,1,638,6.6,-10.8,6.9
TTWO,bis2022,2.0,2,170,11.6,-5.1,4.7
TTWO,bis2022,2.0,3,15,13.5,-8.6,6.7
TXN,ab2023,2.0,0,86,-1.3,-29.7,7.0
TXN,ab2023,2.0,1,144,9.6,-15.7,4.2
TXN,ab2023,2.0,2,55,17.1,-5.0,0.0
TXN,ab2023,2.0,3,1,-55.9,-55.9,0.0
TXN,bis2022,2.0,0,417,11.8,-8.8,5.8
TXN,bis2022,2.0,1,693,-0.6,-18.0,4.8
TXN,bis2022,2.0,2,141,-6.0,-23.8,3.5
TXN,bis2022,2.0,3,7,57.8,26.4,0.0
UBER,ab2023,2.0,0,82,-24.3,-47.1,14.6
UBER,ab2023,2.0,1,135,-6.6,-24.6,8.9
UBER,ab2023,2.0,2,36,-3.4,-16.2,5.6
UBER,ab2023,2.0,3,2,62.4,62.4,0.0
UBER,bis2022,2.0,0,95,17.8,-26.9,11.6
UBER,bis2022,2.0,1,148,-16.9,-37.9,5.4
UBER,bis2022,2.0,2,18,-10.5,-25.1,5.6
UBER,bis2022,2.0,3,2,48.8,48.8,0.0
UBS,ab2023,2.0,0,83,29.0,-14.0,10.8
UBS,ab2023,2.0,1,150,15.5,-6.4,3.3
UBS,ab2023,2.0,2,33,12.9,0.8,0.0
UBS,bis2022,2.0,0,426,-6.2,-36.8,11.0
UBS,bis2022,2.0,1,613,-10.5,-27.1,6.7
UBS,bis2022,2.0,2,140,0.6,-14.2,5.7
UBS,bis2022,2.0,3,14,-10.5,-29.3,7.1
UL,ab2023,2.0,0,90,0.5,-21.2,10.0
UL,ab2023,2.0,1,143,-15.6,-33.8,9.8
UL,ab2023,2.0,2,43,-8.5,-26.2,9.3
UL,ab2023,2.0,3,4,13.4,7.9,25.0
UL,bis2022,2.0,0,419,-3.9,-28.5,10.3
UL,bis2022,2.0,1,653,-1.9,-18.6,6.6
UL,bis2022,2.0,2,162,-4.6,-19.9,6.2
UL,bis2022,2.0,3,9,-27.9,-35.4,11.1
UNH,ab2023,2.0,0,73,-12.4,-44.8,9.6
UNH,ab2023,2.0,1,126,-1.1,-8.2,15.1
UNH,ab2023,2.0,2,44,8.0,-19.0,11.4
UNH,ab2023,2.0,3,7,49.3,29.7,0.0
UNH,bis2022,2.0,0,396,5.9,-16.2,10.6
UNH,bis2022,2.0,1,691,6.2,-13.6,4.2
UNH,bis2022,2.0,2,117,14.7,-17.1,6.0
UNH,bis2022,2.0,3,4,14.6,3.4,0.0
UNP,ab2023,2.0,0,87,3.2,-47.7,14.9
UNP,ab2023,2.0,1,124,18.3,-12.2,4.8
UNP,ab2023,2.0,2,46,30.4,20.5,2.2
UNP,ab2023,2.0,3,4,-25.4,-35.4,0.0
UNP,bis2022,2.0,0,388,1.7,-15.3,10.3
UNP,bis2022,2.0,1,639,-0.8,-16.8,7.8
UNP,bis2022,2.0,2,204,17.8,-11.1,4.4
UNP,bis2022,2.0,3,9,0.8,-13.9,0.0
UPS,ab2023,2.0,0,73,-10.4,-21.3,19.2
UPS,ab2023,2.0,1,127,-5.1,-12.7,14.2
UPS,ab2023,2.0,2,48,-14.5,-22.8,6.2
UPS,ab2023,2.0,3,4,-28.0,-37.5,0.0
UPS,bis2022,2.0,0,410,-2.6,-26.4,11.0
UPS,bis2022,2.0,1,685,5.8,-22.4,7.0
UPS,bis2022,2.0,2,129,-4.9,-27.4,6.2
UPS,bis2022,2.0,3,10,15.2,17.0,0.0
USB,ab2023,2.0,0,83,21.4,-25.3,9.6
USB,ab2023,2.0,1,142,21.9,-18.7,5.6
USB,ab2023,2.0,2,43,37.5,4.8,2.3
USB,ab2023,2.0,3,3,4.8,-26.3,0.0
USB,bis2022,2.0,0,446,-4.7,-28.7,10.3
USB,bis2022,2.0,1,680,-2.4,-23.3,5.7
USB,bis2022,2.0,2,136,-0.3,-23.3,1.5
USB,bis2022,2.0,3,9,9.7,-14.6,0.0
V,ab2023,2.0,0,74,-14.9,-19.0,12.2
V,ab2023,2.0,1,131,-3.9,-19.2,3.1
V,ab2023,2.0,2,54,10.2,-1.2,0.0
V,ab2023,2.0,3,2,-59.8,-59.8,0.0
V,bis2022,2.0,0,330,23.1,-4.0,5.2
V,bis2022,2.0,1,638,7.4,-12.9,4.4
V,bis2022,2.0,2,142,19.8,-0.2,3.5
V,bis2022,2.0,3,10,-11.4,-21.7,0.0
VLO,ab2023,2.0,0,79,21.9,-0.2,6.3
VLO,ab2023,2.0,1,149,1.7,-18.9,2.7
VLO,ab2023,2.0,2,30,22.0,2.6,0.0
VLO,ab2023,2.0,3,3,70.1,119.0,0.0
VLO,bis2022,2.0,0,337,13.7,-24.3,8.0
VLO,bis2022,2.0,1,619,13.7,-14.1,4.8
VLO,bis2022,2.0,2,172,29.4,-4.3,1.2
VLO,bis2022,2.0,3,9,-42.7,-59.2,0.0
VNA.DE,ab2023,2.0,0,76,1.3,-12.0,10.5
VNA.DE,ab2023,2.0,1,144,-7.4,-22.2,10.4
VNA.DE,ab2023,2.0,2,40,-7.3,-23.2,2.5
VNA.DE,ab2023,2.0,3,1,-27.6,-27.6,0.0
VNA.DE,bis2022,2.0,0,183,15.5,-6.3,6.6
VNA.DE,bis2022,2.0,1,376,3.5,-13.0,6.1
VNA.DE,bis2022,2.0,2,119,12.4,-3.2,4.2
VNA.DE,bis2022,2.0,3,7,-14.7,-30.1,0.0
VOW3.DE,ab2023,2.0,0,72,-28.3,-51.5,23.6
VOW3.DE,ab2023,2.0,1,132,-20.4,-31.6,15.2
VOW3.DE,ab2023,2.0,2,36,14.7,-1.9,2.8
VOW3.DE,ab2023,2.0,3,3,-26.3,-63.4,0.0
VOW3.DE,bis2022,2.0,0,336,5.1,-24.3,13.1
VOW3.DE,bis2022,2.0,1,614,5.9,-24.8,9.1
VOW3.DE,bis2022,2.0,2,185,8.3,-13.1,7.6
VOW3.DE,bis2022,2.0,3,8,28.7,-27.8,12.5
VRSK,ab2023,2.0,0,82,-18.7,-38.3,13.4
VRSK,ab2023,2.0,1,144,-7.1,-16.7,9.7
VRSK,ab2023,2.0,2,41,-16.6,-21.5,19.5
VRSK,ab2023,2.0,3,3,7.4,-9.8,0.0
VRSK,bis2022,2.0,0,298,15.8,-9.0,7.0
VRSK,bis2022,2.0,1,525,13.9,-11.1,6.3
VRSK,bis2022,2.0,2,152,7.7,-13.0,4.6
VRSK,bis2022,2.0,3,9,-7.5,-38.1,11.1
VRTX,ab2023,2.0,0,80,10.1,-13.6,13.8
VRTX,ab2023,2.0,1,127,0.0,-21.7,4.7
VRTX,ab2023,2.0,2,43,67.5,62.3,11.6
VRTX,ab2023,2.0,3,1,77.1,77.1,0.0
VRTX,bis2022,2.0,0,339,9.6,-18.2,10.9
VRTX,bis2022,2.0,1,671,5.3,-26.7,6.0
VRTX,bis2022,2.0,2,118,7.6,-5.9,4.2
VRTX,bis2022,2.0,3,9,16.6,12.8,0.0
VZ,ab2023,2.0,0,66,-10.7,-43.8,19.7
VZ,ab2023,2.0,1,147,-7.4,-28.1,9.5
VZ,ab2023,2.0,2,32,25.7,8.8,3.1
VZ,ab2023,2.0,3,3,-17.4,-48.6,0.0
VZ,bis2022,2.0,0,380,0.1,-32.1,8.2
VZ,bis2022,2.0,1,640,1.4,-22.0,5.6
VZ,bis2022,2.0,2,147,7.2,-12.6,0.7
VZ,bis2022,2.0,3,7,-32.5,-46.3,0.0
WBD,ab2023,2.0,0,68,8.4,-39.7,14.7
WBD,ab2023,2.0,1,141,17.7,-19.8,7.8
WBD,ab2023,2.0,2,40,34.3,-4.7,5.0
WBD,ab2023,2.0,3,1,-69.7,-69.7,0.0
WBD,bis2022,2.0,0,308,3.1,-22.1,10.4
WBD,bis2022,2.0,1,621,2.4,-19.2,5.2
WBD,bis2022,2.0,2,210,-0.1,-21.6,3.8
WBD,bis2022,2.0,3,20,4.7,-0.6,0.0
WDAY,ab2023,2.0,0,93,-20.5,-40.9,17.2
WDAY,ab2023,2.0,1,122,-2.3,-30.3,12.3
WDAY,ab2023,2.0,2,49,-21.2,-47.4,22.4
WDAY,ab2023,2.0,3,4,-22.5,-14.4,25.0
WDAY,bis2022,2.0,0,219,-0.3,-31.5,13.2
WDAY,bis2022,2.0,1,379,5.6,-18.2,6.3
WDAY,bis2022,2.0,2,106,10.7,-13.5,1.9
WDAY,bis2022,2.0,3,11,-9.5,-8.5,0.0
WDC,ab2023,2.0,0,84,78.6,31.0,6.0
WDC,ab2023,2.0,1,157,52.0,14.3,3.8
WDC,ab2023,2.0,2,39,51.1,6.1,2.6
WDC,ab2023,2.0,3,3,114.9,190.0,0.0
WDC,bis2022,2.0,0,353,11.9,-10.5,11.9
WDC,bis2022,2.0,1,620,6.5,-20.5,6.9
WDC,bis2022,2.0,2,180,10.3,-14.1,3.9
WDC,bis2022,2.0,3,12,-16.2,-16.8,0.0
WELL,ab2023,2.0,0,74,21.2,4.2,10.8
WELL,ab2023,2.0,1,169,16.3,-0.3,3.0
WELL,ab2023,2.0,2,15,31.3,7.3,0.0
WELL,bis2022,2.0,0,351,2.5,-25.1,9.1
WELL,bis2022,2.0,1,628,2.8,-14.8,4.9
WELL,bis2022,2.0,2,147,5.4,-22.6,9.5
WELL,bis2022,2.0,3,15,7.4,15.1,0.0
WFC,ab2023,2.0,0,74,2.0,-33.3,14.9
WFC,ab2023,2.0,1,145,9.1,-15.7,6.9
WFC,ab2023,2.0,2,35,21.0,10.7,2.9
WFC,ab2023,2.0,3,4,45.2,39.9,0.0
WFC,bis2022,2.0,0,395,-8.2,-26.3,10.1
WFC,bis2022,2.0,1,666,-3.4,-21.1,4.2
WFC,bis2022,2.0,2,185,1.8,-19.6,2.7
WFC,bis2022,2.0,3,16,1.0,-9.7,0.0
WMT,ab2023,2.0,0,74,2.5,-32.1,9.5
WMT,ab2023,2.0,1,131,32.1,-1.1,3.8
WMT,ab2023,2.0,2,20,27.4,-8.2,5.0
WMT,ab2023,2.0,3,4,132.9,139.5,0.0
WMT,bis2022,2.0,0,407,1.0,-26.9,11.8
WMT,bis2022,2.0,1,629,6.8,-15.0,6.4
WMT,bis2022,2.0,2,153,3.0,-6.4,2.6
WMT,bis2022,2.0,3,8,-0.7,-47.9,0.0
XEL,ab2023,2.0,0,72,-6.8,-33.6,9.7
XEL,ab2023,2.0,1,132,1.2,-11.2,1.5
XEL,ab2023,2.0,2,36,-19.3,-25.8,2.8
XEL,ab2023,2.0,3,5,64.2,65.5,0.0
XEL,bis2022,2.0,0,339,10.0,-12.9,5.6
XEL,bis2022,2.0,1,645,7.9,-5.6,2.0
XEL,bis2022,2.0,2,169,18.6,-2.2,1.2
XEL,bis2022,2.0,3,11,-12.3,-32.9,0.0
XOM,ab2023,2.0,0,90,-1.5,-21.0,4.4
XOM,ab2023,2.0,1,153,3.4,-21.5,3.3
XOM,ab2023,2.0,2,34,6.9,-1.2,2.9
XOM,ab2023,2.0,3,2,132.7,132.7,0.0
XOM,bis2022,2.0,0,472,2.7,-22.0,7.6
XOM,bis2022,2.0,1,689,3.5,-17.8,6.0
XOM,bis2022,2.0,2,138,7.0,-13.5,3.6
XOM,bis2022,2.0,3,8,-4.0,-13.8,0.0
ZAL.DE,ab2023,2.0,0,78,-4.2,-28.6,20.5
ZAL.DE,ab2023,2.0,1,123,-17.4,-36.4,13.0
ZAL.DE,ab2023,2.0,2,33,5.8,-14.7,9.1
ZAL.DE,ab2023,2.0,3,4,-3.3,-36.7,0.0
ZAL.DE,bis2022,2.0,0,143,17.3,-6.4,13.3
ZAL.DE,bis2022,2.0,1,297,14.3,-8.8,9.8
ZAL.DE,bis2022,2.0,2,119,8.7,-16.2,5.0
ZAL.DE,bis2022,2.0,3,7,-44.6,-37.9,14.3
ZS,ab2023,2.0,0,65,16.2,-0.9,16.9
ZS,ab2023,2.0,1,133,11.8,-11.3,9.8
ZS,ab2023,2.0,2,48,-13.6,-32.3,10.4
ZS,ab2023,2.0,3,1,-39.6,-39.6,0.0
ZS,bis2022,2.0,0,84,2.6,-21.9,8.3
ZS,bis2022,2.0,1,187,11.5,-8.2,5.9
ZS,bis2022,2.0,2,58,25.2,7.6,6.9
ZS,bis2022,2.0,3,3,-22.1,-29.6,0.0
AAPL,ab2023,3.0,0,79,7.1,-15.8,0.0
AAPL,ab2023,3.0,1,164,11.7,-0.3,2.4
AAPL,ab2023,3.0,2,27,26.4,-0.3,7.4
AAPL,ab2023,3.0,3,3,23.0,19.5,0.0
AAPL,bis2022,3.0,0,380,22.0,0.3,2.4
AAPL,bis2022,3.0,1,637,19.1,-4.0,0.9
AAPL,bis2022,3.0,2,139,17.1,-9.1,0.7
AAPL,bis2022,3.0,3,7,-0.8,-17.0,0.0
ABBV,ab2023,3.0,0,66,5.9,-21.0,7.6
ABBV,ab2023,3.0,1,129,1.9,-17.7,0.8
ABBV,ab2023,3.0,2,46,22.2,-5.0,2.2
ABBV,ab2023,3.0,3,2,-22.9,-22.9,0.0
ABBV,bis2022,3.0,0,195,12.7,-15.2,2.6
ABBV,bis2022,3.0,1,390,14.2,-4.4,2.6
ABBV,bis2022,3.0,2,132,11.3,-16.5,3.8
ABBV,bis2022,3.0,3,13,-6.7,-13.1,0.0
ABNB,ab2023,3.0,0,84,12.6,-6.4,0.0
ABNB,ab2023,3.0,1,132,-0.3,-16.3,0.0
ABNB,ab2023,3.0,2,48,27.0,22.6,2.1
ABNB,ab2023,3.0,3,4,-3.6,6.0,25.0
ABNB,bis2022,3.0,0,40,-0.1,-13.8,0.0
ABNB,bis2022,3.0,1,66,-7.4,-20.0,0.0
ABNB,bis2022,3.0,2,33,6.1,-14.2,0.0
ABNB,bis2022,3.0,3,5,-20.7,-27.1,0.0
ABT,ab2023,3.0,0,76,-6.9,-21.1,5.3
ABT,ab2023,3.0,1,114,-3.0,-15.7,4.4
ABT,ab2023,3.0,2,44,0.4,-19.1,2.3
ABT,ab2023,3.0,3,9,11.6,-2.7,0.0
ABT,bis2022,3.0,0,397,7.2,-9.6,1.8
ABT,bis2022,3.0,1,644,4.5,-11.3,1.4
ABT,bis2022,3.0,2,164,1.8,-12.7,1.8
ABT,bis2022,3.0,3,11,-2.8,-16.2,0.0
ACN,ab2023,3.0,0,78,-6.2,-19.0,2.6
ACN,ab2023,3.0,1,134,-7.0,-24.7,3.0
ACN,ab2023,3.0,2,56,-7.4,-28.7,0.0
ACN,ab2023,3.0,3,5,35.7,0.9,0.0
ACN,bis2022,3.0,0,411,11.8,-5.8,2.2
ACN,bis2022,3.0,1,679,10.8,-7.7,1.5
ACN,bis2022,3.0,2,149,15.2,-4.9,0.0
ACN,bis2022,3.0,3,11,28.1,26.3,0.0
ADBE,ab2023,3.0,0,75,-6.8,-24.4,6.7
ADBE,ab2023,3.0,1,120,-6.2,-26.3,0.0
ADBE,ab2023,3.0,2,67,-2.9,-14.6,3.0
ADBE,ab2023,3.0,3,2,-31.0,-31.0,0.0
ADBE,bis2022,3.0,0,366,8.2,-10.6,0.8
ADBE,bis2022,3.0,1,674,6.7,-7.7,1.2
ADBE,bis2022,3.0,2,123,17.4,0.7,0.8
ADBE,bis2022,3.0,3,9,-9.1,-27.7,0.0
ADI,ab2023,3.0,0,92,2.9,-20.1,1.1
ADI,ab2023,3.0,1,143,0.4,-17.8,0.7
ADI,ab2023,3.0,2,37,25.8,-2.0,0.0
ADI,ab2023,3.0,3,2,-4.7,-4.7,0.0
ADI,bis2022,3.0,0,380,1.4,-20.3,1.8
ADI,bis2022,3.0,1,704,2.3,-12.8,1.8
ADI,bis2022,3.0,2,170,-1.3,-13.4,0.0
ADI,bis2022,3.0,3,8,21.9,-7.0,0.0
ADP,ab2023,3.0,0,81,2.8,-11.4,0.0
ADP,ab2023,3.0,1,119,1.0,-14.4,0.8
ADP,ab2023,3.0,2,41,-14.7,-24.9,4.9
ADP,ab2023,3.0,3,3,-18.2,-19.6,0.0
ADP,bis2022,3.0,0,400,6.3,-15.5,2.5
ADP,bis2022,3.0,1,721,-0.4,-14.7,1.5
ADP,bis2022,3.0,2,161,11.3,-6.7,0.0
ADP,bis2022,3.0,3,3,1.7,-6.8,0.0
ADS.DE,ab2023,3.0,0,88,9.0,-10.1,4.5
ADS.DE,ab2023,3.0,1,132,2.2,-12.3,2.3
ADS.DE,ab2023,3.0,2,42,-1.1,-8.7,11.9
ADS.DE,ab2023,3.0,3,5,-20.8,-35.6,20.0
ADS.DE,bis2022,3.0,0,352,10.8,-14.7,2.0
ADS.DE,bis2022,3.0,1,675,10.4,-11.4,0.9
ADS.DE,bis2022,3.0,2,140,1.7,-10.9,2.9
ADS.DE,bis2022,3.0,3,9,12.3,-11.1,0.0
ADSK,ab2023,3.0,0,80,-11.3,-27.2,5.0
ADSK,ab2023,3.0,1,150,-2.6,-15.6,3.3
ADSK,ab2023,3.0,2,30,16.4,13.7,0.0
ADSK,ab2023,3.0,3,2,24.3,24.3,0.0
ADSK,bis2022,3.0,0,354,7.7,-13.0,1.1
ADSK,bis2022,3.0,1,615,3.5,-14.7,1.8
ADSK,bis2022,3.0,2,165,1.9,-16.4,3.6
ADSK,bis2022,3.0,3,13,0.4,-16.0,0.0
AEP,ab2023,3.0,0,81,23.6,-11.4,0.0
AEP,ab2023,3.0,1,131,8.7,-14.1,0.8
AEP,ab2023,3.0,2,31,-1.6,-11.8,0.0
AEP,ab2023,3.0,3,2,51.5,51.5,0.0
AEP,bis2022,3.0,0,373,9.5,-8.7,1.3
AEP,bis2022,3.0,1,623,3.4,-10.5,1.1
AEP,bis2022,3.0,2,149,7.6,-10.1,0.0
AEP,bis2022,3.0,3,15,18.3,2.8,0.0
AIR.DE,ab2023,3.0,0,94,5.7,-17.5,4.3
AIR.DE,ab2023,3.0,1,151,5.0,-10.5,2.0
AIR.DE,ab2023,3.0,2,45,16.0,5.2,4.4
AIR.DE,ab2023,3.0,3,3,-31.3,-32.2,33.3
AIR.DE,bis2022,3.0,0,344,6.0,-16.0,1.5
AIR.DE,bis2022,3.0,1,664,1.2,-18.2,2.4
AIR.DE,bis2022,3.0,2,175,12.1,-4.1,0.0
AIR.DE,bis2022,3.0,3,16,-9.2,-25.9,6.2
ALV.DE,ab2023,3.0,0,71,-3.5,-18.5,7.0
ALV.DE,ab2023,3.0,1,149,0.5,-3.1,4.0
ALV.DE,ab2023,3.0,2,23,19.6,8.6,0.0
ALV.DE,ab2023,3.0,3,1,37.9,37.9,0.0
ALV.DE,bis2022,3.0,0,380,-1.8,-19.6,2.4
ALV.DE,bis2022,3.0,1,700,1.5,-15.9,1.4
ALV.DE,bis2022,3.0,2,135,7.1,-17.0,1.5
ALV.DE,bis2022,3.0,3,13,-8.0,-28.6,0.0
AMAT,ab2023,3.0,0,86,3.8,-5.9,3.5
AMAT,ab2023,3.0,1,169,2.4,-12.0,1.2
AMAT,ab2023,3.0,2,30,41.8,23.1,0.0
AMAT,ab2023,3.0,3,3,-23.2,-33.1,0.0
AMAT,bis2022,3.0,0,351,5.1,-12.2,2.0
AMAT,bis2022,3.0,1,649,6.8,-7.0,0.3
AMAT,bis2022,3.0,2,181,2.9,-13.3,0.6
AMAT,bis2022,3.0,3,9,-17.2,-14.8,0.0
AMD,ab2023,3.0,0,93,22.7,-12.8,1.1
AMD,ab2023,3.0,1,134,10.2,-7.2,2.2
AMD,ab2023,3.0,2,40,27.3,6.2,0.0
AMD,ab2023,3.0,3,4,141.1,157.2,0.0
AMD,bis2022,3.0,0,328,22.1,-5.4,1.2
AMD,bis2022,3.0,1,537,7.8,-12.6,1.9
AMD,bis2022,3.0,2,161,5.2,-7.8,1.2
AMD,bis2022,3.0,3,7,-12.3,-25.2,0.0
AMGN,ab2023,3.0,0,74,13.6,-6.7,2.7
AMGN,ab2023,3.0,1,147,14.7,-17.0,2.7
AMGN,ab2023,3.0,2,39,-5.3,-27.5,10.3
AMGN,bis2022,3.0,0,384,5.0,-19.4,1.8
AMGN,bis2022,3.0,1,677,7.0,-13.1,1.6
AMGN,bis2022,3.0,2,159,6.5,-0.6,0.6
AMGN,bis2022,3.0,3,8,26.7,-21.0,0.0
AMT,ab2023,3.0,0,84,-0.7,-33.5,0.0
AMT,ab2023,3.0,1,131,-4.7,-13.7,0.0
AMT,ab2023,3.0,2,42,-10.0,-14.4,0.0
AMT,ab2023,3.0,3,6,-31.3,-41.3,0.0
AMT,bis2022,3.0,0,349,2.3,-11.3,0.6
AMT,bis2022,3.0,1,664,4.3,-12.0,1.1
AMT,bis2022,3.0,2,146,18.1,1.6,0.0
AMT,bis2022,3.0,3,14,13.9,10.0,0.0
AMZN,ab2023,3.0,0,92,9.8,-2.8,0.0
AMZN,ab2023,3.0,1,148,3.9,-4.1,0.0
AMZN,ab2023,3.0,2,30,9.8,-10.6,10.0
AMZN,ab2023,3.0,3,3,17.6,11.2,0.0
AMZN,bis2022,3.0,0,366,27.5,3.2,1.4
AMZN,bis2022,3.0,1,629,14.5,-6.6,1.4
AMZN,bis2022,3.0,2,175,15.1,-2.8,0.0
AMZN,bis2022,3.0,3,16,-4.0,-21.8,0.0
ANET,ab2023,3.0,0,93,19.1,13.9,5.4
ANET,ab2023,3.0,1,141,-1.1,-9.0,4.3
ANET,ab2023,3.0,2,34,27.4,7.9,0.0
ANET,ab2023,3.0,3,4,26.2,14.5,0.0
ANET,bis2022,3.0,0,181,7.6,-11.2,3.3
ANET,bis2022,3.0,1,330,8.1,-18.6,4.2
ANET,bis2022,3.0,2,107,10.0,-3.8,0.0
ANET,bis2022,3.0,3,4,-21.9,-27.7,0.0
APH,ab2023,3.0,0,80,3.6,-13.7,3.8
APH,ab2023,3.0,1,156,14.7,-5.3,0.6
APH,ab2023,3.0,2,36,24.3,-10.7,0.0
APH,ab2023,3.0,3,2,13.3,13.3,0.0
APH,bis2022,3.0,0,395,9.1,-6.2,1.5
APH,bis2022,3.0,1,662,1.3,-9.7,1.2
APH,bis2022,3.0,2,184,8.5,-9.3,0.0
APH,bis2022,3.0,3,16,1.4,-16.5,0.0
APP,ab2023,3.0,0,91,52.8,36.6,1.1
APP,ab2023,3.0,1,146,30.3,19.9,0.7
APP,ab2023,3.0,2,30,44.3,7.5,0.0
APP,ab2023,3.0,3,1,272.7,272.7,0.0
APP,bis2022,3.0,0,40,-37.7,-40.1,2.5
APP,bis2022,3.0,1,54,-11.5,-28.8,0.0
APP,bis2022,3.0,2,10,-22.4,-23.3,0.0
APP,bis2022,3.0,3,2,-19.1,-19.1,0.0
ARM,ab2023,3.0,0,64,51.2,20.0,3.1
ARM,ab2023,3.0,1,109,31.6,13.3,0.9
ARM,ab2023,3.0,2,23,3.3,-33.5,0.0
ARM,ab2023,3.0,3,2,20.5,20.5,0.0
ASML,ab2023,3.0,0,98,13.4,-16.2,2.0
ASML,ab2023,3.0,1,148,12.7,-5.6,4.1
ASML,ab2023,3.0,2,27,1.1,-4.8,0.0
ASML,ab2023,3.0,3,2,-4.3,-4.3,0.0
ASML,bis2022,3.0,0,403,1.8,-17.4,1.5
ASML,bis2022,3.0,1,738,4.4,-10.0,1.1
ASML,bis2022,3.0,2,159,9.2,-5.7,1.3
ASML,bis2022,3.0,3,12,-23.1,-26.5,0.0
AVGO,ab2023,3.0,0,82,15.9,-8.9,1.2
AVGO,ab2023,3.0,1,153,7.1,-14.7,0.0
AVGO,ab2023,3.0,2,38,15.5,-8.6,0.0
AVGO,ab2023,3.0,3,3,11.8,-29.7,0.0
AVGO,bis2022,3.0,0,321,11.7,-13.3,1.6
AVGO,bis2022,3.0,1,541,10.4,-5.9,1.5
AVGO,bis2022,3.0,2,130,20.3,6.8,1.5
AVGO,bis2022,3.0,3,7,-6.7,-32.3,0.0
AXON,ab2023,3.0,0,73,22.7,-3.7,5.5
AXON,ab2023,3.0,1,122,27.8,5.6,0.0
AXON,ab2023,3.0,2,46,-3.6,-15.1,0.0
AXON,ab2023,3.0,3,2,-0.3,-0.3,0.0
AXON,bis2022,3.0,0,343,6.2,-24.4,5.0
AXON,bis2022,3.0,1,569,14.2,-9.4,3.5
AXON,bis2022,3.0,2,149,16.2,-4.3,0.7
AXON,bis2022,3.0,3,10,0.5,-20.7,0.0
AXP,ab2023,3.0,0,92,11.0,-18.7,0.0
AXP,ab2023,3.0,1,140,4.1,-15.2,1.4
AXP,ab2023,3.0,2,37,30.3,16.9,0.0
AXP,ab2023,3.0,3,4,-4.4,-21.0,0.0
AXP,bis2022,3.0,0,398,4.7,-14.1,1.5
AXP,bis2022,3.0,1,667,1.7,-10.6,1.6
AXP,bis2022,3.0,2,128,7.3,-11.3,1.6
AXP,bis2022,3.0,3,16,-8.4,-21.6,0.0
AZN,ab2023,3.0,0,116,7.9,-23.4,5.2
AZN,ab2023,3.0,1,131,-14.0,-27.5,3.8
AZN,ab2023,3.0,2,30,-15.2,-23.9,13.3
AZN,ab2023,3.0,3,5,79.4,48.0,0.0
AZN,bis2022,3.0,0,363,-3.5,-19.2,3.0
AZN,bis2022,3.0,1,727,-5.0,-17.2,3.0
AZN,bis2022,3.0,2,130,12.1,6.1,3.8
AZN,bis2022,3.0,3,7,7.5,8.9,0.0
BA,ab2023,3.0,0,70,10.3,-9.8,1.4
BA,ab2023,3.0,1,141,-3.6,-18.6,0.7
BA,ab2023,3.0,2,36,43.9,-10.7,0.0
BA,ab2023,3.0,3,6,13.6,-0.9,0.0
BA,bis2022,3.0,0,361,7.3,-19.5,1.7
BA,bis2022,3.0,1,685,14.1,-9.2,1.6
BA,bis2022,3.0,2,153,7.0,-8.8,0.0
BA,bis2022,3.0,3,18,-1.5,-18.3,0.0
BABA,ab2023,3.0,0,86,-8.9,-35.1,2.3
BABA,ab2023,3.0,1,145,-6.8,-23.1,1.4
BABA,ab2023,3.0,2,36,27.1,8.0,0.0
BABA,ab2023,3.0,3,1,39.3,39.3,0.0
BABA,bis2022,3.0,0,91,-13.2,-32.0,4.4
BABA,bis2022,3.0,1,114,-17.9,-29.9,5.3
BABA,bis2022,3.0,2,31,-24.1,-22.2,12.9
BABA,bis2022,3.0,3,7,-10.3,-27.9,0.0
BAC,ab2023,3.0,0,81,16.5,-7.6,1.2
BAC,ab2023,3.0,1,148,12.5,-3.5,0.7
BAC,ab2023,3.0,2,29,12.7,-7.4,0.0
BAC,bis2022,3.0,0,398,-1.4,-23.3,1.5
BAC,bis2022,3.0,1,674,7.1,-17.0,1.0
BAC,bis2022,3.0,2,132,-0.9,-10.5,0.0
BAC,bis2022,3.0,3,7,-14.5,-14.6,0.0
BAS.DE,ab2023,3.0,0,76,-20.2,-33.9,2.6
BAS.DE,ab2023,3.0,1,138,-7.0,-19.7,0.0
BAS.DE,ab2023,3.0,2,39,2.6,-5.8,0.0
BAS.DE,ab2023,3.0,3,1,-1.5,-1.5,0.0
BAS.DE,bis2022,3.0,0,381,6.5,-14.5,0.8
BAS.DE,bis2022,3.0,1,694,0.1,-15.2,1.0
BAS.DE,bis2022,3.0,2,186,2.0,-14.6,0.0
BAS.DE,bis2022,3.0,3,6,1.2,-8.9,0.0
BAYN.DE,ab2023,3.0,0,70,9.2,-10.0,2.9
BAYN.DE,ab2023,3.0,1,138,4.7,-8.8,3.6
BAYN.DE,ab2023,3.0,2,49,-12.1,-22.1,8.2
BAYN.DE,ab2023,3.0,3,2,-28.7,-28.7,0.0
BAYN.DE,bis2022,3.0,0,348,-1.4,-13.7,3.4
BAYN.DE,bis2022,3.0,1,650,-1.3,-14.2,1.7
BAYN.DE,bis2022,3.0,2,189,2.3,-10.3,0.0
BAYN.DE,bis2022,3.0,3,14,-8.8,-18.1,0.0
BBVA,ab2023,3.0,0,87,10.5,7.4,3.4
BBVA,ab2023,3.0,1,133,12.0,5.8,0.0
BBVA,ab2023,3.0,2,25,11.8,6.2,4.0
BBVA,bis2022,3.0,0,378,-5.2,-22.3,0.8
BBVA,bis2022,3.0,1,576,-4.5,-17.5,0.9
BBVA,bis2022,3.0,2,184,-4.2,-17.6,0.0
BBVA,bis2022,3.0,3,19,-7.4,-17.4,0.0
BEI.DE,ab2023,3.0,0,77,-0.7,-7.6,5.2
BEI.DE,ab2023,3.0,1,137,-1.9,-9.9,0.7
BEI.DE,ab2023,3.0,2,52,9.0,-9.7,0.0
BEI.DE,ab2023,3.0,3,3,-15.7,-16.1,0.0
BEI.DE,bis2022,3.0,0,378,-1.7,-18.3,2.1
BEI.DE,bis2022,3.0,1,674,-5.6,-17.5,1.9
BEI.DE,bis2022,3.0,2,163,8.0,-3.8,3.7
BEI.DE,bis2022,3.0,3,9,14.6,-12.2,0.0
BHP,ab2023,3.0,0,138,-1.0,-18.3,0.0
BHP,ab2023,3.0,1,166,-5.5,-18.1,0.6
BHP,ab2023,3.0,2,33,1.2,-1.3,0.0
BHP,ab2023,3.0,3,2,34.2,34.2,0.0
BHP,bis2022,3.0,0,530,5.3,-15.2,1.1
BHP,bis2022,3.0,1,782,6.5,-10.6,0.4
BHP,bis2022,3.0,2,168,3.8,-10.4,1.8
BHP,bis2022,3.0,3,9,19.4,7.5,0.0
BIIB,ab2023,3.0,0,71,-12.8,-29.1,1.4
BIIB,ab2023,3.0,1,124,-9.1,-19.7,0.8
BIIB,ab2023,3.0,2,44,-9.3,-23.1,0.0
BIIB,ab2023,3.0,3,2,70.9,70.9,0.0
BIIB,bis2022,3.0,0,306,17.2,-10.2,2.3
BIIB,bis2022,3.0,1,678,13.6,-13.3,1.2
BIIB,bis2022,3.0,2,192,2.9,-13.7,2.1
BIIB,bis2022,3.0,3,13,-17.0,-34.6,7.7
BKNG,ab2023,3.0,0,83,6.0,-16.7,3.6
BKNG,ab2023,3.0,1,143,12.2,-8.4,0.0
BKNG,ab2023,3.0,2,28,31.9,2.2,0.0
BKNG,ab2023,3.0,3,5,49.1,26.1,0.0
BKNG,bis2022,3.0,0,334,11.3,-0.0,5.1
BKNG,bis2022,3.0,1,656,9.3,-9.4,1.7
BKNG,bis2022,3.0,2,195,18.5,10.7,0.5
BKNG,bis2022,3.0,3,18,10.3,0.6,0.0
BKR,ab2023,3.0,0,75,21.5,-9.0,0.0
BKR,ab2023,3.0,1,158,11.0,-12.5,0.0
BKR,ab2023,3.0,2,30,19.4,4.4,0.0
BKR,ab2023,3.0,3,4,21.2,23.6,0.0
BKR,bis2022,3.0,0,401,0.0,-21.0,0.7
BKR,bis2022,3.0,1,696,3.2,-14.1,0.3
BKR,bis2022,3.0,2,148,-2.9,-19.7,3.4
BKR,bis2022,3.0,3,9,4.6,14.1,11.1
BLK,ab2023,3.0,0,84,-2.8,-21.3,0.0
BLK,ab2023,3.0,1,148,19.9,-0.8,0.0
BLK,ab2023,3.0,2,35,38.6,26.5,0.0
BLK,ab2023,3.0,3,2,39.6,39.6,0.0
BLK,bis2022,3.0,0,351,9.3,-8.7,1.7
BLK,bis2022,3.0,1,676,4.6,-11.6,0.6
BLK,bis2022,3.0,2,191,2.4,-12.0,0.5
BLK,bis2022,3.0,3,12,11.4,-15.7,0.0
BMO,ab2023,3.0,0,88,11.6,-32.2,9.1
BMO,ab2023,3.0,1,163,12.3,-9.5,6.1
BMO,ab2023,3.0,2,37,12.7,-7.4,2.7
BMO,ab2023,3.0,3,2,73.4,73.4,0.0
BMO,bis2022,3.0,0,430,-0.6,-17.8,1.4
BMO,bis2022,3.0,1,678,8.0,-8.7,0.4
BMO,bis2022,3.0,2,136,5.5,-18.5,0.7
BMO,bis2022,3.0,3,11,11.6,0.1,0.0
BMW.DE,ab2023,3.0,0,85,7.7,-13.3,3.5
BMW.DE,ab2023,3.0,1,145,-14.3,-23.1,7.6
BMW.DE,ab2023,3.0,2,36,4.2,-6.8,0.0
BMW.DE,ab2023,3.0,3,4,56.3,11.4,0.0
BMW.DE,bis2022,3.0,0,398,-5.2,-23.1,0.5
BMW.DE,bis2022,3.0,1,658,-4.6,-22.2,0.9
BMW.DE,bis2022,3.0,2,155,2.5,-8.5,0.0
BMW.DE,bis2022,3.0,3,13,-3.8,-12.7,0.0
BMY,ab2023,3.0,0,61,1.0,-16.9,0.0
BMY,ab2023,3.0,1,114,-8.0,-22.8,2.6
BMY,ab2023,3.0,2,41,-16.8,-16.7,9.8
BMY,ab2023,3.0,3,2,7.5,7.5,0.0
BMY,bis2022,3.0,0,352,8.1,-6.3,2.8
BMY,bis2022,3.0,1,686,-1.3,-14.7,2.6
BMY,bis2022,3.0,2,132,0.0,-9.6,2.3
BMY,bis2022,3.0,3,9,12.2,10.6,0.0
BNR.DE,ab2023,3.0,0,88,-18.5,-26.4,0.0
BNR.DE,ab2023,3.0,1,125,-16.0,-23.2,6.4
BNR.DE,ab2023,3.0,2,49,5.0,-10.7,6.1
BNR.DE,ab2023,3.0,3,3,53.1,29.6,0.0
BNR.DE,bis2022,3.0,0,252,7.6,-0.7,2.0
BNR.DE,bis2022,3.0,1,544,-2.7,-13.0,2.9
BNR.DE,bis2022,3.0,2,154,3.3,-17.0,1.3
BNR.DE,bis2022,3.0,3,10,-2.2,-8.9,0.0
BNS,ab2023,3.0,0,86,16.8,-13.8,1.2
BNS,ab2023,3.0,1,146,13.3,2.0,0.0
BNS,ab2023,3.0,2,32,1.0,13.4,12.5
BNS,bis2022,3.0,0,422,-0.6,-10.9,1.9
BNS,bis2022,3.0,1,686,1.6,-11.4,0.3
BNS,bis2022,3.0,2,161,2.9,-13.5,0.0
BNS,bis2022,3.0,3,13,-19.3,-25.0,0.0
BNY,ab2023,3.0,0,84,33.3,13.8,0.0
BNY,ab2023,3.0,1,133,23.7,7.8,0.0
BNY,ab2023,3.0,2,28,25.3,-3.3,0.0
BNY,ab2023,3.0,3,3,0.7,-38.3,0.0
BNY,bis2022,3.0,0,388,1.0,-14.1,1.8
BNY,bis2022,3.0,1,647,-2.6,-15.5,1.4
BNY,bis2022,3.0,2,200,6.2,-9.2,0.5
BNY,bis2022,3.0,3,12,-27.2,-26.1,0.0
BP,ab2023,3.0,0,88,5.4,-15.9,4.5
BP,ab2023,3.0,1,152,-0.8,-17.2,3.3
BP,ab2023,3.0,2,49,3.9,-4.2,0.0
BP,ab2023,3.0,3,3,-23.5,-53.0,0.0
BP,bis2022,3.0,0,384,10.4,-13.3,1.6
BP,bis2022,3.0,1,675,-2.3,-16.8,2.4
BP,bis2022,3.0,2,159,-3.7,-16.1,4.4
BP,bis2022,3.0,3,11,-8.3,-19.4,9.1
BRK-B,ab2023,3.0,0,78,3.1,-11.1,3.8
BRK-B,ab2023,3.0,1,140,0.0,-9.5,0.0
BRK-B,ab2023,3.0,2,31,3.5,-4.4,0.0
BRK-B,ab2023,3.0,3,3,-0.8,-18.1,0.0
BRK-B,bis2022,3.0,0,349,12.9,-10.5,1.1
BRK-B,bis2022,3.0,1,706,5.0,-13.4,0.8
BRK-B,bis2022,3.0,2,145,18.2,-0.4,0.0
BRK-B,bis2022,3.0,3,10,9.3,-4.3,0.0
BTI,ab2023,3.0,0,68,-8.6,-25.6,16.2
BTI,ab2023,3.0,1,129,-1.5,-16.1,4.7
BTI,ab2023,3.0,2,66,-0.9,-10.5,4.5
BTI,ab2023,3.0,3,6,27.2,39.0,16.7
BTI,bis2022,3.0,0,323,-8.6,-21.9,2.2
BTI,bis2022,3.0,1,640,-3.4,-15.6,1.6
BTI,bis2022,3.0,2,202,9.9,-3.4,4.0
BTI,bis2022,3.0,3,15,5.2,-10.7,0.0
C,ab2023,3.0,0,93,29.4,-9.8,3.2
C,ab2023,3.0,1,135,24.0,6.3,0.0
C,ab2023,3.0,2,23,63.9,49.3,0.0
C,ab2023,3.0,3,4,9.3,-13.2,0.0
C,bis2022,3.0,0,404,-4.8,-23.8,2.7
C,bis2022,3.0,1,641,3.1,-14.9,0.3
C,bis2022,3.0,2,170,-7.5,-20.7,0.0
C,bis2022,3.0,3,14,-12.0,-15.1,0.0
CAT,ab2023,3.0,0,61,43.0,-0.3,0.0
CAT,ab2023,3.0,1,159,28.1,0.6,0.6
CAT,ab2023,3.0,2,34,25.7,-16.6,2.9
CAT,ab2023,3.0,3,2,141.7,141.7,0.0
CAT,bis2022,3.0,0,397,10.5,-11.4,0.8
CAT,bis2022,3.0,1,681,9.5,-9.1,0.7
CAT,bis2022,3.0,2,141,18.1,2.8,0.7
CAT,bis2022,3.0,3,8,3.2,-20.0,0.0
CB,ab2023,3.0,0,84,10.9,-19.3,2.4
CB,ab2023,3.0,1,129,-1.0,-10.9,0.8
CB,ab2023,3.0,2,29,-2.0,-13.8,0.0
CB,ab2023,3.0,3,1,194.1,194.1,0.0
CB,bis2022,3.0,0,405,-1.9,-17.1,2.5
CB,bis2022,3.0,1,673,-2.0,-16.1,0.6
CB,bis2022,3.0,2,162,1.3,-17.1,0.6
CB,bis2022,3.0,3,14,5.0,-13.6,7.1
CBK.DE,ab2023,3.0,0,73,28.8,-7.4,2.7
CBK.DE,ab2023,3.0,1,162,14.9,-6.4,0.0
CBK.DE,ab2023,3.0,2,19,60.9,17.8,0.0
CBK.DE,ab2023,3.0,3,1,-14.2,-14.2,0.0
CBK.DE,bis2022,3.0,0,355,-0.2,-27.9,2.3
CBK.DE,bis2022,3.0,1,624,4.9,-17.4,2.1
CBK.DE,bis2022,3.0,2,138,-5.1,-20.4,0.0
CBK.DE,bis2022,3.0,3,14,-22.8,-24.6,0.0
CCEP,ab2023,3.0,0,77,22.8,-5.8,1.3
CCEP,ab2023,3.0,1,143,3.6,-17.7,0.0
CCEP,ab2023,3.0,2,28,55.7,39.4,0.0
CCEP,ab2023,3.0,3,3,-24.3,-28.6,0.0
CCEP,bis2022,3.0,0,360,0.3,-15.2,2.8
CCEP,bis2022,3.0,1,590,3.1,-14.2,1.4
CCEP,bis2022,3.0,2,188,9.2,-6.4,3.7
CCEP,bis2022,3.0,3,29,9.0,5.7,3.4
CDNS,ab2023,3.0,0,82,-9.9,-21.9,6.1
CDNS,ab2023,3.0,1,125,-5.2,-20.5,2.4
CDNS,ab2023,3.0,2,41,22.1,11.0,0.0
CDNS,ab2023,3.0,3,8,-8.8,-4.7,0.0
CDNS,bis2022,3.0,0,341,14.2,-12.0,1.8
CDNS,bis2022,3.0,1,641,10.7,-5.6,0.9
CDNS,bis2022,3.0,2,148,12.9,-10.9,0.0
CDNS,bis2022,3.0,3,10,8.9,7.0,10.0
CDW,ab2023,3.0,0,60,2.7,14.9,11.7
CDW,ab2023,3.0,1,113,-1.8,-12.4,9.7
CDW,ab2023,3.0,2,58,11.2,-0.5,6.9
CDW,ab2023,3.0,3,3,2.3,4.9,0.0
CDW,bis2022,3.0,0,218,5.4,-18.1,1.8
CDW,bis2022,3.0,1,350,3.2,-12.6,0.0
CDW,bis2022,3.0,2,123,1.9,-11.8,0.0
CDW,bis2022,3.0,3,5,-11.7,-1.9,0.0
CEG,ab2023,3.0,0,73,22.0,-21.1,5.5
CEG,ab2023,3.0,1,142,2.7,-15.2,2.8
CEG,ab2023,3.0,2,45,12.1,-8.8,0.0
CEG,ab2023,3.0,3,5,-1.9,-21.2,0.0
CEG,bis2022,3.0,0,22,69.1,25.6,0.0
CEG,bis2022,3.0,1,25,11.9,4.6,0.0
CEG,bis2022,3.0,2,6,-30.8,-32.4,0.0
CHTR,ab2023,3.0,0,65,-19.3,-32.0,12.3
CHTR,ab2023,3.0,1,141,-9.0,-24.3,5.0
CHTR,ab2023,3.0,2,43,-17.0,-27.0,2.3
CHTR,ab2023,3.0,3,1,15.6,15.6,0.0
CHTR,bis2022,3.0,0,249,15.6,-10.0,2.0
CHTR,bis2022,3.0,1,505,14.6,-1.5,2.4
CHTR,bis2022,3.0,2,157,8.2,-5.3,0.6
CHTR,bis2022,3.0,3,12,3.0,-13.7,0.0
CL,ab2023,3.0,0,78,4.7,-12.2,0.0
CL,ab2023,3.0,1,127,1.0,-10.7,0.0
CL,ab2023,3.0,2,38,-0.9,-5.9,0.0
CL,ab2023,3.0,3,4,33.4,-9.0,0.0
CL,bis2022,3.0,0,356,-1.5,-12.6,1.1
CL,bis2022,3.0,1,633,-3.8,-11.0,1.6
CL,bis2022,3.0,2,193,4.9,0.2,1.0
CL,bis2022,3.0,3,30,-8.2,-12.9,0.0
CM,ab2023,3.0,0,89,19.8,-5.7,2.2
CM,ab2023,3.0,1,132,19.0,3.0,0.8
CM,ab2023,3.0,2,41,25.2,4.9,0.0
CM,ab2023,3.0,3,1,14.8,14.8,0.0
CM,bis2022,3.0,0,390,8.5,-14.1,1.0
CM,bis2022,3.0,1,655,4.4,-14.0,0.5
CM,bis2022,3.0,2,204,1.7,-16.4,0.5
CM,bis2022,3.0,3,20,-1.8,-21.2,0.0
CMCSA,ab2023,3.0,0,66,11.7,-10.1,6.1
CMCSA,ab2023,3.0,1,130,-13.9,-19.9,6.2
CMCSA,ab2023,3.0,2,41,-29.3,-30.3,17.1
CMCSA,ab2023,3.0,3,4,18.9,50.5,25.0
CMCSA,bis2022,3.0,0,388,7.0,-13.5,1.5
CMCSA,bis2022,3.0,1,654,1.8,-13.0,1.1
CMCSA,bis2022,3.0,2,170,-0.2,-13.6,0.6
CMCSA,bis2022,3.0,3,9,-0.3,-18.1,0.0
CNQ,ab2023,3.0,0,77,2.0,-14.0,0.0
CNQ,ab2023,3.0,1,143,-3.2,-20.0,0.7
CNQ,ab2023,3.0,2,25,42.8,13.7,0.0
CNQ,ab2023,3.0,3,2,-8.8,-8.8,0.0
CNQ,bis2022,3.0,0,425,0.0,-21.4,0.9
CNQ,bis2022,3.0,1,667,3.8,-9.7,0.3
CNQ,bis2022,3.0,2,157,-6.3,-17.4,0.6
CNQ,bis2022,3.0,3,11,12.4,-19.3,0.0
COF,ab2023,3.0,0,85,5.9,-15.2,0.0
COF,ab2023,3.0,1,137,10.1,-17.6,0.7
COF,ab2023,3.0,2,39,12.3,-12.8,0.0
COF,ab2023,3.0,3,3,2.9,-16.6,0.0
COF,bis2022,3.0,0,414,-0.3,-16.9,2.7
COF,bis2022,3.0,1,687,1.9,-11.1,2.0
COF,bis2022,3.0,2,148,-10.7,-21.1,0.7
COF,bis2022,3.0,3,12,-13.2,-33.1,0.0
CON.DE,ab2023,3.0,0,92,-10.8,-22.6,5.4
CON.DE,ab2023,3.0,1,150,-5.2,-23.3,2.7
CON.DE,ab2023,3.0,2,35,0.0,-11.4,0.0
CON.DE,ab2023,3.0,3,2,-38.2,-38.2,0.0
CON.DE,bis2022,3.0,0,340,2.5,-20.9,2.1
CON.DE,bis2022,3.0,1,619,-1.1,-18.5,0.8
CON.DE,bis2022,3.0,2,183,-1.8,-14.2,2.7
CON.DE,bis2022,3.0,3,9,-8.6,-16.9,0.0
COP,ab2023,3.0,0,76,-12.2,-24.3,0.0
COP,ab2023,3.0,1,136,9.6,0.1,0.0
COP,ab2023,3.0,2,50,-1.3,-12.5,0.0
COP,ab2023,3.0,3,3,-39.2,-43.6,0.0
COP,bis2022,3.0,0,413,5.6,-18.9,0.2
COP,bis2022,3.0,1,674,7.3,-11.0,0.7
COP,bis2022,3.0,2,185,13.2,-2.5,0.0
COP,bis2022,3.0,3,7,-32.2,-30.6,0.0
COST,ab2023,3.0,0,57,23.5,-0.4,0.0
COST,ab2023,3.0,1,146,8.3,-13.0,0.7
COST,ab2023,3.0,2,39,14.0,-1.7,0.0
COST,ab2023,3.0,3,3,8.7,6.9,0.0
COST,bis2022,3.0,0,366,15.1,-10.5,2.7
COST,bis2022,3.0,1,615,13.7,-8.5,2.0
COST,bis2022,3.0,2,157,6.3,-9.6,1.3
COST,bis2022,3.0,3,16,-12.3,-28.4,0.0
CPRT,ab2023,3.0,0,64,16.0,-14.3,1.6
CPRT,ab2023,3.0,1,126,-1.6,-18.9,1.6
CPRT,ab2023,3.0,2,51,-5.0,-15.2,0.0
CPRT,ab2023,3.0,3,6,-26.5,-29.3,0.0
CPRT,bis2022,3.0,0,341,14.1,-9.9,1.8
CPRT,bis2022,3.0,1,675,14.8,-8.2,2.4
CPRT,bis2022,3.0,2,167,8.3,-5.5,1.2
CPRT,bis2022,3.0,3,14,4.8,-18.9,0.0
CRM,ab2023,3.0,0,81,17.5,-13.7,1.2
CRM,ab2023,3.0,1,123,7.2,-21.8,1.6
CRM,ab2023,3.0,2,54,3.9,-7.7,0.0
CRM,ab2023,3.0,3,4,-4.9,1.8,0.0
CRM,bis2022,3.0,0,331,1.9,-17.5,1.2
CRM,bis2022,3.0,1,658,6.4,-12.6,1.4
CRM,bis2022,3.0,2,207,19.0,-4.0,0.0
CRM,bis2022,3.0,3,17,-4.3,-19.1,5.9
CRWD,ab2023,3.0,0,73,26.9,8.6,0.0
CRWD,ab2023,3.0,1,137,23.1,3.7,0.0
CRWD,ab2023,3.0,2,31,6.0,-10.2,0.0
CRWD,ab2023,3.0,3,4,-17.6,-8.5,0.0
CRWD,bis2022,3.0,0,68,-1.5,-16.4,2.9
CRWD,bis2022,3.0,1,136,3.6,-15.9,0.7
CRWD,bis2022,3.0,2,28,21.9,11.0,0.0
CRWD,bis2022,3.0,3,3,2.5,-42.8,0.0
CSCO,ab2023,3.0,0,83,26.8,11.4,4.8
CSCO,ab2023,3.0,1,148,5.7,-5.6,2.7
CSCO,ab2023,3.0,2,32,6.4,3.6,6.2
CSCO,ab2023,3.0,3,3,33.6,48.9,0.0
CSCO,bis2022,3.0,0,388,4.7,-11.3,5.9
CSCO,bis2022,3.0,1,661,0.4,-15.6,2.7
CSCO,bis2022,3.0,2,174,13.9,-2.0,0.6
CSCO,bis2022,3.0,3,9,15.3,-3.9,0.0
CSGP,ab2023,3.0,0,70,5.9,-28.6,7.1
CSGP,ab2023,3.0,1,131,4.0,-23.9,3.8
CSGP,ab2023,3.0,2,54,-14.8,-25.4,3.7
CSGP,ab2023,3.0,3,6,8.6,-20.2,0.0
CSGP,bis2022,3.0,0,352,7.3,-9.1,1.4
CSGP,bis2022,3.0,1,614,8.7,-9.9,1.5
CSGP,bis2022,3.0,2,194,7.4,-3.2,1.5
CSGP,bis2022,3.0,3,15,18.5,18.9,0.0
CSX,ab2023,3.0,0,67,-0.8,-17.1,1.5
CSX,ab2023,3.0,1,143,10.6,-4.5,0.0
CSX,ab2023,3.0,2,42,9.6,-19.6,0.0
CSX,ab2023,3.0,3,4,50.7,34.4,0.0
CSX,bis2022,3.0,0,346,5.4,-8.3,1.7
CSX,bis2022,3.0,1,639,1.2,-12.1,1.3
CSX,bis2022,3.0,2,180,14.4,-3.2,0.6
CSX,bis2022,3.0,3,11,4.6,-16.8,0.0
CTAS,ab2023,3.0,0,81,14.5,-6.1,1.2
CTAS,ab2023,3.0,1,148,6.3,-3.2,0.7
CTAS,ab2023,3.0,2,41,10.7,15.5,0.0
CTAS,ab2023,3.0,3,2,2.5,2.5,0.0
CTAS,bis2022,3.0,0,382,10.5,-6.1,2.6
CTAS,bis2022,3.0,1,736,7.3,-7.4,1.0
CTAS,bis2022,3.0,2,126,4.6,-9.7,3.2
CTAS,bis2022,3.0,3,9,15.4,10.4,0.0
CTSH,ab2023,3.0,0,73,-11.6,-33.0,5.5
CTSH,ab2023,3.0,1,130,-9.0,-29.9,6.2
CTSH,ab2023,3.0,2,47,-3.4,-28.0,4.3
CTSH,ab2023,3.0,3,4,-24.1,-32.7,0.0
CTSH,bis2022,3.0,0,386,5.2,-13.8,4.4
CTSH,bis2022,3.0,1,663,-1.0,-17.4,3.2
CTSH,bis2022,3.0,2,160,-5.8,-13.5,3.1
CTSH,bis2022,3.0,3,16,0.7,-7.2,0.0
CVS,ab2023,3.0,0,67,3.4,-26.4,6.0
CVS,ab2023,3.0,1,117,-3.8,-16.8,6.0
CVS,ab2023,3.0,2,35,-2.7,-9.7,11.4
CVS,ab2023,3.0,3,5,13.7,34.4,20.0
CVS,bis2022,3.0,0,354,3.1,-15.0,3.1
CVS,bis2022,3.0,1,645,4.3,-8.9,1.7
CVS,bis2022,3.0,2,178,5.6,-12.8,1.7
CVS,bis2022,3.0,3,8,-10.8,-16.8,0.0
CVX,ab2023,3.0,0,72,3.9,-12.2,0.0
CVX,ab2023,3.0,1,168,1.3,-14.7,0.6
CVX,ab2023,3.0,2,27,11.8,5.7,0.0
CVX,ab2023,3.0,3,1,-35.0,-35.0,0.0
CVX,bis2022,3.0,0,455,3.1,-15.4,2.4
CVX,bis2022,3.0,1,680,5.7,-10.7,1.5
CVX,bis2022,3.0,2,150,5.6,-10.0,0.0
CVX,bis2022,3.0,3,6,-29.7,-19.1,16.7
DASH,ab2023,3.0,0,67,12.9,-11.3,1.5
DASH,ab2023,3.0,1,151,18.7,5.3,1.3
DASH,ab2023,3.0,2,43,1.6,-7.4,0.0
DASH,ab2023,3.0,3,1,-12.8,-12.8,0.0
DASH,bis2022,3.0,0,42,-13.2,-29.3,0.0
DASH,bis2022,3.0,1,81,-8.1,-14.0,0.0
DASH,bis2022,3.0,2,19,-17.8,-37.0,0.0
DASH,bis2022,3.0,3,2,-9.6,-9.6,0.0
DB1.DE,ab2023,3.0,0,86,5.1,-14.3,2.3
DB1.DE,ab2023,3.0,1,126,5.3,-13.6,4.8
DB1.DE,ab2023,3.0,2,42,-5.5,-16.2,0.0
DB1.DE,ab2023,3.0,3,3,19.6,-15.0,0.0
DB1.DE,bis2022,3.0,0,385,-1.2,-14.4,0.8
DB1.DE,bis2022,3.0,1,653,-3.5,-17.3,0.5
DB1.DE,bis2022,3.0,2,141,16.8,0.5,0.0
DB1.DE,bis2022,3.0,3,9,31.0,-23.9,0.0
DBK.DE,ab2023,3.0,0,83,10.3,-6.6,2.4
DBK.DE,ab2023,3.0,1,179,14.4,-1.4,1.7
DBK.DE,ab2023,3.0,2,21,17.3,-5.2,0.0
DBK.DE,ab2023,3.0,3,2,89.8,89.8,0.0
DBK.DE,bis2022,3.0,0,373,-3.7,-25.3,0.8
DBK.DE,bis2022,3.0,1,651,-6.8,-21.9,0.6
DBK.DE,bis2022,3.0,2,163,-3.1,-14.4,0.6
DBK.DE,bis2022,3.0,3,11,-6.6,-4.9,0.0
DDOG,ab2023,3.0,0,94,43.1,-0.4,2.1
DDOG,ab2023,3.0,1,136,21.3,-3.6,0.0
DDOG,ab2023,3.0,2,38,45.0,-9.6,0.0
DDOG,ab2023,3.0,3,6,19.5,3.5,0.0
DDOG,bis2022,3.0,0,73,4.9,-18.3,1.4
DDOG,bis2022,3.0,1,122,18.7,-10.2,0.0
DDOG,bis2022,3.0,2,43,40.5,-4.3,0.0
DDOG,bis2022,3.0,3,1,-6.3,-6.3,0.0
DE,ab2023,3.0,0,72,-7.8,-24.9,2.8
DE,ab2023,3.0,1,129,-9.2,-26.5,0.8
DE,ab2023,3.0,2,50,-0.4,-17.1,0.0
DE,ab2023,3.0,3,4,7.7,11.9,0.0
DE,bis2022,3.0,0,363,4.0,-13.2,1.1
DE,bis2022,3.0,1,653,8.4,-11.7,0.8
DE,bis2022,3.0,2,210,10.9,-11.7,0.5
DE,bis2022,3.0,3,11,-10.2,-25.7,0.0
DELL,ab2023,3.0,0,80,38.1,4.9,0.0
DELL,ab2023,3.0,1,154,10.9,-6.1,0.6
DELL,ab2023,3.0,2,38,9.6,-6.6,0.0
DELL,ab2023,3.0,3,2,97.4,97.4,0.0
DELL,bis2022,3.0,0,123,15.7,2.9,4.9
DELL,bis2022,3.0,1,238,13.6,-5.1,3.4
DELL,bis2022,3.0,2,82,10.3,-5.4,1.2
DELL,bis2022,3.0,3,6,-1.3,-26.2,0.0
DHL.DE,ab2023,3.0,0,90,11.0,2.1,2.2
DHL.DE,ab2023,3.0,1,150,0.5,-13.6,2.0
DHL.DE,ab2023,3.0,2,33,0.7,-20.1,0.0
DHL.DE,ab2023,3.0,3,2,-21.9,-21.9,0.0
DHL.DE,bis2022,3.0,0,320,5.7,-8.3,2.5
DHL.DE,bis2022,3.0,1,672,8.5,-4.5,0.4
DHL.DE,bis2022,3.0,2,182,0.2,-18.4,0.5
DHL.DE,bis2022,3.0,3,11,13.4,-10.2,0.0
DHR,ab2023,3.0,0,86,-4.5,-12.8,2.3
DHR,ab2023,3.0,1,145,-11.9,-16.7,1.4
DHR,ab2023,3.0,2,42,-6.5,-22.7,0.0
DHR,ab2023,3.0,3,1,-33.2,-33.2,0.0
DHR,bis2022,3.0,0,374,7.1,-11.4,3.2
DHR,bis2022,3.0,1,673,5.3,-11.3,1.2
DHR,bis2022,3.0,2,206,13.7,-10.2,0.0
DHR,bis2022,3.0,3,15,14.3,-10.4,0.0
DIS,ab2023,3.0,0,76,-0.1,-31.9,5.3
DIS,ab2023,3.0,1,133,-8.1,-24.9,4.5
DIS,ab2023,3.0,2,55,17.8,-5.5,0.0
DIS,ab2023,3.0,3,3,-26.6,-20.7,0.0
DIS,bis2022,3.0,0,340,3.5,-14.8,3.5
DIS,bis2022,3.0,1,712,5.2,-11.0,1.7
DIS,bis2022,3.0,2,189,7.8,-18.8,1.6
DIS,bis2022,3.0,3,8,15.6,-5.9,0.0
DTE.DE,ab2023,3.0,0,67,12.2,-10.8,0.0
DTE.DE,ab2023,3.0,1,130,5.0,-3.1,4.6
DTE.DE,ab2023,3.0,2,34,-1.8,-4.9,0.0
DTE.DE,ab2023,3.0,3,1,17.5,17.5,0.0
DTE.DE,bis2022,3.0,0,361,-2.6,-16.7,2.8
DTE.DE,bis2022,3.0,1,684,-0.6,-13.3,1.9
DTE.DE,bis2022,3.0,2,125,-0.1,-13.7,0.0
DTE.DE,bis2022,3.0,3,7,38.0,6.1,14.3
DTG.DE,ab2023,3.0,0,87,29.9,8.9,4.6
DTG.DE,ab2023,3.0,1,126,-1.2,-21.3,1.6
DTG.DE,ab2023,3.0,2,39,-0.6,-32.8,0.0
DTG.DE,bis2022,3.0,0,29,-5.5,-36.3,0.0
DTG.DE,bis2022,3.0,1,51,8.8,-7.5,0.0
DTG.DE,bis2022,3.0,2,1,22.0,22.0,0.0
DUK,ab2023,3.0,0,76,-6.7,-27.7,2.6
DUK,ab2023,3.0,1,136,0.2,-16.9,0.0
DUK,ab2023,3.0,2,36,12.3,3.3,0.0
DUK,ab2023,3.0,3,2,19.7,19.7,0.0
DUK,bis2022,3.0,0,345,-0.3,-16.1,0.3
DUK,bis2022,3.0,1,608,-0.5,-12.5,0.3
DUK,bis2022,3.0,2,176,10.6,-7.9,0.0
DUK,bis2022,3.0,3,11,16.6,-28.3,0.0
DXCM,ab2023,3.0,0,71,-4.6,-20.8,1.4
DXCM,ab2023,3.0,1,135,-3.2,-12.4,3.7
DXCM,ab2023,3.0,2,44,-6.8,-18.9,2.3
DXCM,ab2023,3.0,3,6,-17.2,-25.2,0.0
DXCM,bis2022,3.0,0,306,17.4,-4.9,3.3
DXCM,bis2022,3.0,1,626,16.7,-4.8,1.6
DXCM,bis2022,3.0,2,163,27.0,-4.3,0.6
DXCM,bis2022,3.0,3,13,9.2,-23.5,0.0
EMR,ab2023,3.0,0,87,14.1,-6.3,4.6
EMR,ab2023,3.0,1,141,15.3,-12.7,1.4
EMR,ab2023,3.0,2,34,18.3,-20.4,0.0
EMR,ab2023,3.0,3,3,26.6,34.6,0.0
EMR,bis2022,3.0,0,390,0.6,-14.4,1.5
EMR,bis2022,3.0,1,687,-0.4,-14.4,0.1
EMR,bis2022,3.0,2,182,6.6,-13.3,1.1
EMR,bis2022,3.0,3,14,26.0,17.3,0.0
ENB,ab2023,3.0,0,70,-2.0,-15.2,4.3
ENB,ab2023,3.0,1,143,-2.7,-12.8,2.1
ENB,ab2023,3.0,2,29,-0.6,-1.5,0.0
ENB,ab2023,3.0,3,2,-49.7,-49.7,0.0
ENB,bis2022,3.0,0,367,4.5,-10.5,1.1
ENB,bis2022,3.0,1,714,6.5,-6.4,0.7
ENB,bis2022,3.0,2,151,0.7,-8.8,1.3
ENB,bis2022,3.0,3,14,1.1,-1.7,0.0
ENR.DE,ab2023,3.0,0,72,13.8,-12.3,1.4
ENR.DE,ab2023,3.0,1,152,15.0,-7.6,0.7
ENR.DE,ab2023,3.0,2,37,23.5,0.9,0.0
ENR.DE,ab2023,3.0,3,2,-59.0,-59.0,50.0
ENR.DE,bis2022,3.0,0,36,-0.9,-26.3,2.8
ENR.DE,bis2022,3.0,1,86,6.9,-17.0,3.5
ENR.DE,bis2022,3.0,2,31,-5.5,-21.4,0.0
EOAN.DE,ab2023,3.0,0,71,11.1,-8.9,4.2
EOAN.DE,ab2023,3.0,1,139,10.5,-7.0,0.7
EOAN.DE,ab2023,3.0,2,24,38.2,24.6,0.0
EOAN.DE,ab2023,3.0,3,1,-23.5,-23.5,0.0
EOAN.DE,bis2022,3.0,0,337,-3.4,-20.8,2.4
EOAN.DE,bis2022,3.0,1,680,4.0,-14.5,1.3
EOAN.DE,bis2022,3.0,2,160,-5.2,-21.3,2.5
EOAN.DE,bis2022,3.0,3,11,6.3,2.0,0.0
EQIX,ab2023,3.0,0,81,6.1,-8.3,3.7
EQIX,ab2023,3.0,1,141,3.4,-9.7,5.0
EQIX,ab2023,3.0,2,38,11.3,-6.4,0.0
EQIX,ab2023,3.0,3,2,82.5,82.5,0.0
EQIX,bis2022,3.0,0,354,11.4,-13.1,2.3
EQIX,bis2022,3.0,1,642,10.2,-7.3,0.8
EQIX,bis2022,3.0,2,183,6.9,-10.8,1.6
EQIX,bis2022,3.0,3,12,25.8,6.9,0.0
EQNR,ab2023,3.0,0,100,-3.7,-29.9,0.0
EQNR,ab2023,3.0,1,131,-5.7,-19.8,0.8
EQNR,ab2023,3.0,2,47,15.6,8.4,0.0
EQNR,ab2023,3.0,3,3,23.7,-0.2,0.0
EQNR,bis2022,3.0,0,380,12.8,-11.6,1.1
EQNR,bis2022,3.0,1,652,2.0,-12.4,0.9
EQNR,bis2022,3.0,2,146,2.3,-17.9,0.0
EQNR,bis2022,3.0,3,6,-2.3,-17.7,0.0
ETN,ab2023,3.0,0,85,14.6,-2.0,3.5
ETN,ab2023,3.0,1,153,-3.0,-12.9,3.3
ETN,ab2023,3.0,2,32,6.5,-9.9,3.1
ETN,ab2023,3.0,3,2,16.0,16.0,0.0
ETN,bis2022,3.0,0,353,6.8,-8.0,2.3
ETN,bis2022,3.0,1,707,6.4,-11.0,0.8
ETN,bis2022,3.0,2,178,8.2,-12.3,0.6
ETN,bis2022,3.0,3,15,9.4,-12.4,0.0
EXC,ab2023,3.0,0,79,-2.2,-14.6,0.0
EXC,ab2023,3.0,1,124,-1.5,-15.9,0.8
EXC,ab2023,3.0,2,37,22.3,4.0,0.0
EXC,ab2023,3.0,3,2,14.0,14.0,0.0
EXC,bis2022,3.0,0,322,7.9,-9.3,2.2
EXC,bis2022,3.0,1,623,2.3,-13.7,1.8
EXC,bis2022,3.0,2,175,-8.0,-19.0,2.3
EXC,bis2022,3.0,3,13,-7.3,-27.0,0.0
FANG,ab2023,3.0,0,88,-4.3,-18.5,0.0
FANG,ab2023,3.0,1,146,-3.9,-15.3,1.4
FANG,ab2023,3.0,2,34,1.5,-15.0,0.0
FANG,ab2023,3.0,3,3,20.0,20.6,0.0
FANG,bis2022,3.0,0,228,0.6,-14.3,2.2
FANG,bis2022,3.0,1,407,-0.0,-13.5,0.5
FANG,bis2022,3.0,2,135,2.3,-9.5,0.7
FANG,bis2022,3.0,3,11,8.8,3.5,0.0
FAST,ab2023,3.0,0,78,20.8,-5.9,2.6
FAST,ab2023,3.0,1,152,8.1,-10.2,0.7
FAST,ab2023,3.0,2,36,1.5,-13.1,2.8
FAST,ab2023,3.0,3,2,20.9,20.9,0.0
FAST,bis2022,3.0,0,369,6.5,-12.1,3.3
FAST,bis2022,3.0,1,654,-1.1,-17.8,1.1
FAST,bis2022,3.0,2,172,16.4,3.3,0.6
FAST,bis2022,3.0,3,12,-2.8,0.3,0.0
FDX,ab2023,3.0,0,84,7.4,-20.1,7.1
FDX,ab2023,3.0,1,148,-1.8,-13.7,4.7
FDX,ab2023,3.0,2,22,10.2,-18.0,4.5
FDX,ab2023,3.0,3,1,-100.0,-100.0,100.0
FDX,bis2022,3.0,0,388,4.7,-15.3,2.1
FDX,bis2022,3.0,1,653,4.4,-11.7,0.6
FDX,bis2022,3.0,2,151,5.6,-4.5,0.0
FDX,bis2022,3.0,3,4,31.9,-8.7,0.0
FRE.DE,ab2023,3.0,0,60,15.1,-5.4,5.0
FRE.DE,ab2023,3.0,1,134,11.3,-8.7,1.5
FRE.DE,ab2023,3.0,2,34,11.3,-14.6,2.9
FRE.DE,ab2023,3.0,3,2,-9.2,-9.2,0.0
FRE.DE,bis2022,3.0,0,330,5.9,-15.0,2.4
FRE.DE,bis2022,3.0,1,656,0.5,-14.6,0.8
FRE.DE,bis2022,3.0,2,193,0.4,-14.0,2.1
FRE.DE,bis2022,3.0,3,18,15.1,7.2,0.0
FTNT,ab2023,3.0,0,83,8.7,-16.0,6.0
FTNT,ab2023,3.0,1,127,8.5,-17.5,4.7
FTNT,ab2023,3.0,2,44,8.2,-9.6,4.5
FTNT,ab2023,3.0,3,7,20.0,8.2,14.3
FTNT,bis2022,3.0,0,272,12.7,-8.5,2.2
FTNT,bis2022,3.0,1,516,5.0,-11.8,1.7
FTNT,bis2022,3.0,2,140,10.1,-9.4,2.9
FTNT,bis2022,3.0,3,8,69.0,71.7,0.0
GD,ab2023,3.0,0,76,9.6,-15.5,2.6
GD,ab2023,3.0,1,127,2.9,-8.9,2.4
GD,ab2023,3.0,2,47,4.7,-11.0,0.0
GD,ab2023,3.0,3,5,10.6,12.0,0.0
GD,bis2022,3.0,0,346,8.2,-10.5,2.3
GD,bis2022,3.0,1,651,3.2,-11.6,1.2
GD,bis2022,3.0,2,218,14.0,-3.2,0.0
GD,bis2022,3.0,3,15,-18.6,-26.4,0.0
GE,ab2023,3.0,0,85,31.4,2.9,2.4
GE,ab2023,3.0,1,152,25.3,3.7,1.3
GE,ab2023,3.0,2,14,38.1,35.0,0.0
GE,ab2023,3.0,3,2,100.3,100.3,0.0
GE,bis2022,3.0,0,369,-4.5,-24.4,2.7
GE,bis2022,3.0,1,605,2.9,-18.8,1.3
GE,bis2022,3.0,2,188,-2.0,-16.2,1.1
GE,bis2022,3.0,3,16,4.2,-6.6,0.0
GEHC,ab2023,3.0,0,72,-1.7,-7.4,5.6
GEHC,ab2023,3.0,1,140,-9.4,-21.9,3.6
GEHC,ab2023,3.0,2,40,-17.8,-20.8,10.0
GEHC,ab2023,3.0,3,2,-4.0,-4.0,0.0
GEV,ab2023,3.0,0,30,36.8,-7.1,0.0
GEV,ab2023,3.0,1,113,16.5,-8.1,0.0
GEV,ab2023,3.0,2,16,18.1,-5.0,0.0
GEV,ab2023,3.0,3,3,152.8,141.0,0.0
GFS,ab2023,3.0,0,84,-2.2,-28.4,0.0
GFS,ab2023,3.0,1,134,-8.6,-33.0,0.0
GFS,ab2023,3.0,2,38,9.2,-0.8,0.0
GFS,ab2023,3.0,3,4,7.1,12.8,0.0
GFS,bis2022,3.0,0,28,-12.9,-25.6,0.0
GFS,bis2022,3.0,1,37,-16.0,-25.2,2.7
GFS,bis2022,3.0,2,9,12.6,-20.8,0.0
GFS,bis2022,3.0,3,1,-65.6,-65.6,0.0
GILD,ab2023,3.0,0,79,6.6,-27.9,2.5
GILD,ab2023,3.0,1,117,7.9,-13.5,0.0
GILD,ab2023,3.0,2,37,2.8,-5.3,0.0
GILD,ab2023,3.0,3,2,-32.6,-32.6,0.0
GILD,bis2022,3.0,0,332,-0.6,-20.7,3.9
GILD,bis2022,3.0,1,665,5.3,-13.5,0.9
GILD,bis2022,3.0,2,168,-5.6,-20.8,3.0
GILD,bis2022,3.0,3,8,12.7,16.5,0.0
GLW,ab2023,3.0,0,85,40.9,-3.6,2.4
GLW,ab2023,3.0,1,125,30.3,-2.4,0.8
GLW,ab2023,3.0,2,35,48.4,42.2,0.0
GLW,ab2023,3.0,3,1,-56.6,-56.6,0.0
GLW,bis2022,3.0,0,357,0.4,-17.4,4.8
GLW,bis2022,3.0,1,650,1.2,-15.7,2.2
GLW,bis2022,3.0,2,158,-2.5,-16.1,0.6
GLW,bis2022,3.0,3,14,-0.6,-11.5,0.0
GM,ab2023,3.0,0,87,7.0,-16.6,1.1
GM,ab2023,3.0,1,155,5.4,-10.0,0.6
GM,ab2023,3.0,2,37,-10.7,-15.2,0.0
GM,ab2023,3.0,3,3,-21.7,-27.5,0.0
GM,bis2022,3.0,0,265,-2.0,-19.6,1.9
GM,bis2022,3.0,1,468,0.4,-18.3,0.4
GM,bis2022,3.0,2,115,-11.9,-15.2,0.0
GM,bis2022,3.0,3,7,-12.4,-16.8,0.0
GOOG,ab2023,3.0,0,94,10.5,-7.3,3.2
GOOG,ab2023,3.0,1,143,17.0,-6.9,0.0
GOOG,ab2023,3.0,2,32,-3.5,-12.9,0.0
GOOG,ab2023,3.0,3,2,110.5,110.5,0.0
GOOG,bis2022,3.0,0,390,10.4,-11.6,2.1
GOOG,bis2022,3.0,1,657,12.3,-10.0,1.5
GOOG,bis2022,3.0,2,146,12.7,-3.8,0.0
GOOG,bis2022,3.0,3,4,-29.8,-30.4,0.0
GOOGL,ab2023,3.0,0,93,10.5,-9.5,1.1
GOOGL,ab2023,3.0,1,149,14.5,-5.5,0.7
GOOGL,ab2023,3.0,2,32,8.0,-7.8,0.0
GOOGL,ab2023,3.0,3,1,-30.7,-30.7,0.0
GOOGL,bis2022,3.0,0,396,7.1,-13.1,2.3
GOOGL,bis2022,3.0,1,682,12.7,-7.7,1.6
GOOGL,bis2022,3.0,2,137,9.6,-11.1,0.7
GOOGL,bis2022,3.0,3,5,-31.1,-32.4,0.0
GS,ab2023,3.0,0,90,29.3,-5.2,2.2
GS,ab2023,3.0,1,131,20.9,-1.4,0.0
GS,ab2023,3.0,2,32,68.3,47.9,0.0
GS,ab2023,3.0,3,3,48.5,37.5,0.0
GS,bis2022,3.0,0,397,4.8,-17.7,1.8
GS,bis2022,3.0,1,653,9.1,-13.3,1.2
GS,bis2022,3.0,2,163,8.3,-11.7,1.8
GS,bis2022,3.0,3,8,5.5,-6.7,0.0
GSK,ab2023,3.0,0,101,11.7,-7.7,2.0
GSK,ab2023,3.0,1,131,0.4,-12.9,2.3
GSK,ab2023,3.0,2,41,-6.5,-3.1,4.9
GSK,bis2022,3.0,0,365,-4.6,-21.3,3.8
GSK,bis2022,3.0,1,679,-3.5,-16.3,2.2
GSK,bis2022,3.0,2,167,-8.7,-16.9,0.6
GSK,bis2022,3.0,3,12,-12.5,-19.5,0.0
HD,ab2023,3.0,0,75,10.6,-7.8,2.7
HD,ab2023,3.0,1,137,0.2,-10.1,1.5
HD,ab2023,3.0,2,48,12.2,-13.4,0.0
HD,ab2023,3.0,3,5,5.4,-10.4,0.0
HD,bis2022,3.0,0,364,14.1,-16.5,1.1
HD,bis2022,3.0,1,660,11.8,-8.4,1.7
HD,bis2022,3.0,2,149,5.3,-6.2,0.7
HD,bis2022,3.0,3,13,-1.9,-6.6,0.0
HDB,ab2023,3.0,0,75,4.1,-5.3,1.3
HDB,ab2023,3.0,1,149,3.4,-16.6,1.3
HDB,ab2023,3.0,2,37,22.4,5.6,0.0
HDB,ab2023,3.0,3,2,-17.0,-17.0,0.0
HDB,bis2022,3.0,0,366,9.1,-6.8,1.4
HDB,bis2022,3.0,1,682,9.0,-10.7,1.2
HDB,bis2022,3.0,2,160,7.8,-6.1,0.6
HDB,bis2022,3.0,3,19,-1.7,-2.2,0.0
HEI.DE,ab2023,3.0,0,70,7.1,-14.2,1.4
HEI.DE,ab2023,3.0,1,164,14.0,-8.1,0.6
HEI.DE,ab2023,3.0,2,26,-3.1,-8.2,0.0
HEI.DE,ab2023,3.0,3,1,126.6,126.6,0.0
HEI.DE,bis2022,3.0,0,369,-1.1,-19.6,1.4
HEI.DE,bis2022,3.0,1,624,2.9,-10.8,0.5
HEI.DE,bis2022,3.0,2,210,-0.9,-16.7,1.9
HEI.DE,bis2022,3.0,3,14,-18.5,-22.6,0.0
HEN3.DE,ab2023,3.0,0,80,9.4,-10.0,2.5
HEN3.DE,ab2023,3.0,1,123,16.3,-2.3,0.0
HEN3.DE,ab2023,3.0,2,37,-21.1,-18.3,2.7
HEN3.DE,ab2023,3.0,3,1,-4.8,-4.8,0.0
HEN3.DE,bis2022,3.0,0,347,2.8,-13.8,4.0
HEN3.DE,bis2022,3.0,1,693,-5.0,-18.5,2.7
HEN3.DE,bis2022,3.0,2,175,1.5,-6.4,1.7
HEN3.DE,bis2022,3.0,3,7,-8.3,-17.9,0.0
HNR1.DE,ab2023,3.0,0,61,1.6,-4.5,0.0
HNR1.DE,ab2023,3.0,1,134,1.9,-16.6,0.0
HNR1.DE,ab2023,3.0,2,33,11.8,-1.0,0.0
HNR1.DE,ab2023,3.0,3,3,-10.4,-27.1,0.0
HNR1.DE,bis2022,3.0,0,378,6.8,-16.4,2.1
HNR1.DE,bis2022,3.0,1,685,1.4,-11.3,2.0
HNR1.DE,bis2022,3.0,2,124,5.8,-10.4,0.8
HNR1.DE,bis2022,3.0,3,12,2.0,-17.8,0.0
HON,ab2023,3.0,0,65,-21.1,-24.7,9.2
HON,ab2023,3.0,1,149,-2.6,-12.0,2.7
HON,ab2023,3.0,2,46,7.6,-1.3,0.0
HON,ab2023,3.0,3,2,-34.9,-34.9,0.0
HON,bis2022,3.0,0,403,6.8,-7.2,1.2
HON,bis2022,3.0,1,688,4.2,-13.2,0.9
HON,bis2022,3.0,2,184,14.2,-0.1,1.1
HON,bis2022,3.0,3,12,9.6,-1.2,8.3
HSBC,ab2023,3.0,0,90,27.0,12.0,5.6
HSBC,ab2023,3.0,1,162,25.6,-1.1,1.9
HSBC,ab2023,3.0,2,26,23.7,-0.8,0.0
HSBC,ab2023,3.0,3,4,-12.5,-17.6,0.0
HSBC,bis2022,3.0,0,418,-2.0,-22.5,1.7
HSBC,bis2022,3.0,1,705,-10.3,-22.5,1.8
HSBC,bis2022,3.0,2,136,-0.2,-13.0,0.7
HSBC,bis2022,3.0,3,11,-11.3,-28.9,0.0
IBM,ab2023,3.0,0,74,9.0,-30.3,10.8
IBM,ab2023,3.0,1,119,11.2,-21.3,4.2
IBM,ab2023,3.0,2,56,17.2,-16.6,3.6
IBM,ab2023,3.0,3,2,103.1,103.1,0.0
IBM,bis2022,3.0,0,387,3.8,-15.8,2.8
IBM,bis2022,3.0,1,630,8.4,-12.2,2.9
IBM,bis2022,3.0,2,189,3.4,-7.7,3.2
IBM,bis2022,3.0,3,9,8.8,-4.3,0.0
IBN,ab2023,3.0,0,92,-4.7,-15.4,0.0
IBN,ab2023,3.0,1,144,3.9,-15.9,0.0
IBN,ab2023,3.0,2,46,16.6,-9.2,0.0
IBN,ab2023,3.0,3,3,34.7,35.0,0.0
IBN,bis2022,3.0,0,311,5.5,-14.4,1.3
IBN,bis2022,3.0,1,669,1.8,-14.5,0.9
IBN,bis2022,3.0,2,181,0.6,-15.4,1.1
IBN,bis2022,3.0,3,15,7.1,-1.4,0.0
IDXX,ab2023,3.0,0,66,-6.7,-30.9,3.0
IDXX,ab2023,3.0,1,139,-8.0,-28.9,2.2
IDXX,ab2023,3.0,2,54,-20.2,-24.2,3.7
IDXX,ab2023,3.0,3,1,25.3,25.3,0.0
IDXX,bis2022,3.0,0,327,19.1,-7.5,1.8
IDXX,bis2022,3.0,1,707,17.4,-5.4,1.6
IDXX,bis2022,3.0,2,170,16.1,4.7,0.0
IDXX,bis2022,3.0,3,11,21.8,5.8,0.0
IFX.DE,ab2023,3.0,0,85,12.0,-11.0,1.2
IFX.DE,ab2023,3.0,1,144,0.1,-18.6,0.7
IFX.DE,ab2023,3.0,2,39,30.4,-8.9,0.0
IFX.DE,ab2023,3.0,3,4,-6.6,-18.3,0.0
IFX.DE,bis2022,3.0,0,343,14.8,-5.1,0.9
IFX.DE,bis2022,3.0,1,620,12.5,-3.9,0.6
IFX.DE,bis2022,3.0,2,165,4.3,-9.9,2.4
IFX.DE,bis2022,3.0,3,7,2.4,-18.5,0.0
ILMN,ab2023,3.0,0,72,-4.2,-12.2,2.8
ILMN,ab2023,3.0,1,117,-6.3,-25.5,1.7
ILMN,ab2023,3.0,2,69,14.0,-0.6,0.0
ILMN,ab2023,3.0,3,9,27.8,13.3,0.0
ILMN,bis2022,3.0,0,306,3.4,-12.9,2.6
ILMN,bis2022,3.0,1,620,8.1,-9.8,4.4
ILMN,bis2022,3.0,2,211,10.3,-10.1,1.9
ILMN,bis2022,3.0,3,11,-2.9,-21.4,0.0
ING,ab2023,3.0,0,87,18.6,-8.2,8.0
ING,ab2023,3.0,1,161,5.2,-12.1,4.3
ING,ab2023,3.0,2,22,23.6,7.5,0.0
ING,ab2023,3.0,3,2,43.9,43.9,0.0
ING,bis2022,3.0,0,391,-5.6,-23.6,1.8
ING,bis2022,3.0,1,657,-4.7,-18.5,1.2
ING,bis2022,3.0,2,153,2.9,-14.8,0.7
ING,bis2022,3.0,3,13,15.7,-22.3,0.0
INTC,ab2023,3.0,0,79,-5.6,-23.2,0.0
INTC,ab2023,3.0,1,118,17.1,-2.8,0.8
INTC,ab2023,3.0,2,65,25.5,17.4,4.6
INTC,ab2023,3.0,3,5,45.2,21.7,0.0
INTC,bis2022,3.0,0,374,1.8,-23.9,5.1
INTC,bis2022,3.0,1,635,5.9,-13.5,2.0
INTC,bis2022,3.0,2,204,6.4,-10.0,0.5
INTC,bis2022,3.0,3,12,-1.1,-10.5,0.0
INTU,ab2023,3.0,0,64,9.9,-14.3,1.6
INTU,ab2023,3.0,1,156,-3.2,-18.0,1.9
INTU,ab2023,3.0,2,53,20.7,14.4,0.0
INTU,ab2023,3.0,3,4,10.1,0.9,0.0
INTU,bis2022,3.0,0,384,12.2,-9.0,2.3
INTU,bis2022,3.0,1,677,10.1,-8.7,1.8
INTU,bis2022,3.0,2,123,17.2,1.7,0.0
INTU,bis2022,3.0,3,13,5.8,3.8,0.0
ISRG,ab2023,3.0,0,89,3.0,-18.3,1.1
ISRG,ab2023,3.0,1,130,5.2,-10.8,1.5
ISRG,ab2023,3.0,2,47,10.5,-9.3,2.1
ISRG,ab2023,3.0,3,4,-25.9,-24.9,0.0
ISRG,bis2022,3.0,0,360,16.5,-5.3,1.7
ISRG,bis2022,3.0,1,625,8.4,-12.8,1.6
ISRG,bis2022,3.0,2,178,3.7,-10.8,0.6
ISRG,bis2022,3.0,3,12,36.9,26.8,0.0
JNJ,ab2023,3.0,0,94,2.3,-21.7,1.1
JNJ,ab2023,3.0,1,125,-0.3,-11.7,1.6
JNJ,ab2023,3.0,2,31,-14.2,-28.3,0.0
JNJ,ab2023,3.0,3,2,-20.6,-20.6,0.0
JNJ,bis2022,3.0,0,379,0.8,-16.2,2.6
JNJ,bis2022,3.0,1,673,5.6,-12.4,1.5
JNJ,bis2022,3.0,2,160,15.8,-1.4,0.0
JNJ,bis2022,3.0,3,12,-15.7,-17.7,0.0
JPM,ab2023,3.0,0,78,20.9,-5.6,1.3
JPM,ab2023,3.0,1,143,13.7,-5.0,0.7
JPM,ab2023,3.0,2,34,50.4,31.8,0.0
JPM,ab2023,3.0,3,2,117.8,117.8,0.0
JPM,bis2022,3.0,0,461,6.9,-14.7,1.5
JPM,bis2022,3.0,1,670,2.5,-14.8,1.0
JPM,bis2022,3.0,2,139,-5.1,-16.5,0.7
JPM,bis2022,3.0,3,15,-7.6,-23.1,0.0
KDP,ab2023,3.0,0,55,-10.1,-23.7,7.3
KDP,ab2023,3.0,1,131,-7.9,-17.4,5.3
KDP,ab2023,3.0,2,46,7.5,-20.7,0.0
KDP,ab2023,3.0,3,3,8.0,-20.6,0.0
KDP,bis2022,3.0,0,349,11.1,-7.3,1.7
KDP,bis2022,3.0,1,544,5.3,-12.4,2.8
KDP,bis2022,3.0,2,143,10.2,-1.8,2.8
KDP,bis2022,3.0,3,11,30.6,27.6,0.0
KHC,ab2023,3.0,0,72,-14.3,-30.7,8.3
KHC,ab2023,3.0,1,133,-16.0,-28.2,3.0
KHC,ab2023,3.0,2,30,1.2,-29.5,0.0
KHC,ab2023,3.0,3,4,12.4,-13.1,0.0
KHC,bis2022,3.0,0,163,1.0,-23.4,5.5
KHC,bis2022,3.0,1,272,2.1,-18.3,5.5
KHC,bis2022,3.0,2,86,-13.5,-22.9,3.5
KHC,bis2022,3.0,3,6,15.4,18.7,0.0
KLAC,ab2023,3.0,0,98,12.9,-5.5,0.0
KLAC,ab2023,3.0,1,146,6.3,-12.3,0.0
KLAC,ab2023,3.0,2,36,26.8,16.0,0.0
KLAC,ab2023,3.0,3,3,29.3,13.3,0.0
KLAC,bis2022,3.0,0,355,8.1,-13.1,2.0
KLAC,bis2022,3.0,1,673,8.6,-8.3,1.0
KLAC,bis2022,3.0,2,179,8.7,-9.9,0.6
KLAC,bis2022,3.0,3,13,-1.4,-25.4,0.0
KO,ab2023,3.0,0,87,1.6,-18.3,0.0
KO,ab2023,3.0,1,141,3.6,-15.1,0.7
KO,ab2023,3.0,2,27,25.9,13.3,0.0
KO,ab2023,3.0,3,2,-10.0,-10.0,0.0
KO,bis2022,3.0,0,369,6.3,-14.1,3.5
KO,bis2022,3.0,1,661,-0.9,-17.4,0.9
KO,bis2022,3.0,2,155,20.7,3.0,0.0
KO,bis2022,3.0,3,12,-24.0,-17.4,0.0
LIN,ab2023,3.0,0,98,-1.4,-8.4,4.1
LIN,ab2023,3.0,1,167,-6.6,-13.7,1.2
LIN,ab2023,3.0,2,29,-0.8,-22.2,3.4
LIN,ab2023,3.0,3,2,92.7,92.7,0.0
LIN,bis2022,3.0,0,438,3.0,-8.4,2.5
LIN,bis2022,3.0,1,688,-1.3,-8.2,1.3
LIN,bis2022,3.0,2,167,5.3,-9.8,0.0
LIN,bis2022,3.0,3,13,-8.9,-18.4,0.0
LLY,ab2023,3.0,0,73,26.3,-4.0,6.8
LLY,ab2023,3.0,1,141,19.6,-2.6,2.1
LLY,ab2023,3.0,2,20,9.2,-3.0,0.0
LLY,ab2023,3.0,3,4,47.6,37.4,0.0
LLY,bis2022,3.0,0,375,10.2,-13.9,2.7
LLY,bis2022,3.0,1,656,14.1,-12.1,1.8
LLY,bis2022,3.0,2,154,18.8,2.6,0.0
LLY,bis2022,3.0,3,10,42.9,16.8,0.0
LMT,ab2023,3.0,0,56,16.0,-24.2,7.1
LMT,ab2023,3.0,1,143,-6.2,-20.5,5.6
LMT,ab2023,3.0,2,42,13.9,-5.6,0.0
LMT,ab2023,3.0,3,5,36.0,37.8,0.0
LMT,bis2022,3.0,0,354,-1.3,-19.4,2.8
LMT,bis2022,3.0,1,720,5.4,-13.9,1.1
LMT,bis2022,3.0,2,128,4.7,-9.9,1.6
LMT,bis2022,3.0,3,8,15.5,-19.2,0.0
LOW,ab2023,3.0,0,83,8.3,-19.4,0.0
LOW,ab2023,3.0,1,143,-2.2,-16.3,0.7
LOW,ab2023,3.0,2,42,-12.4,-18.6,0.0
LOW,ab2023,3.0,3,2,-6.9,-6.9,0.0
LOW,bis2022,3.0,0,360,4.4,-18.4,1.9
LOW,bis2022,3.0,1,657,5.4,-12.2,2.3
LOW,bis2022,3.0,2,153,-1.5,-16.7,3.9
LOW,bis2022,3.0,3,9,2.5,-16.7,11.1
LRCX,ab2023,3.0,0,98,16.4,3.2,1.0
LRCX,ab2023,3.0,1,156,7.9,-9.5,0.6
LRCX,ab2023,3.0,2,20,35.0,11.5,0.0
LRCX,ab2023,3.0,3,3,19.7,12.4,0.0
LRCX,bis2022,3.0,0,343,8.6,-19.0,2.0
LRCX,bis2022,3.0,1,689,11.5,-5.6,1.0
LRCX,bis2022,3.0,2,166,-0.9,-16.7,0.6
LRCX,bis2022,3.0,3,15,16.9,15.8,0.0
LULU,ab2023,3.0,0,87,-21.7,-38.8,9.2
LULU,ab2023,3.0,1,116,2.6,-10.6,8.6
LULU,ab2023,3.0,2,56,-9.3,-21.7,3.6
LULU,ab2023,3.0,3,2,-14.3,-14.3,0.0
LULU,bis2022,3.0,0,352,10.6,-15.1,2.0
LULU,bis2022,3.0,1,549,10.0,-10.4,0.7
LULU,bis2022,3.0,2,181,5.1,-8.4,3.9
LULU,bis2022,3.0,3,20,-0.8,-7.7,10.0
MA,ab2023,3.0,0,85,-13.0,-25.7,2.4
MA,ab2023,3.0,1,149,-3.8,-15.4,1.3
MA,ab2023,3.0,2,46,17.9,1.3,0.0
MA,bis2022,3.0,0,371,16.5,-1.7,1.9
MA,bis2022,3.0,1,664,12.3,-3.4,1.4
MA,bis2022,3.0,2,158,14.4,0.1,0.0
MA,bis2022,3.0,3,15,38.9,-8.8,0.0
MAR,ab2023,3.0,0,66,22.7,2.6,0.0
MAR,ab2023,3.0,1,144,1.0,-17.3,0.7
MAR,ab2023,3.0,2,29,35.6,13.3,0.0
MAR,ab2023,3.0,3,2,46.3,46.3,0.0
MAR,bis2022,3.0,0,384,8.5,-13.5,1.3
MAR,bis2022,3.0,1,666,13.1,-6.0,0.3
MAR,bis2022,3.0,2,163,25.9,0.7,0.0
MAR,bis2022,3.0,3,11,21.9,-15.8,0.0
MBG.DE,ab2023,3.0,0,91,-13.8,-30.8,0.0
MBG.DE,ab2023,3.0,1,125,-8.4,-18.3,1.6
MBG.DE,ab2023,3.0,2,55,4.7,-6.2,0.0
MBG.DE,ab2023,3.0,3,2,-17.4,-17.4,0.0
MBG.DE,bis2022,3.0,0,361,4.7,-11.2,0.8
MBG.DE,bis2022,3.0,1,691,-0.8,-14.4,0.4
MBG.DE,bis2022,3.0,2,190,3.8,-16.5,0.0
MBG.DE,bis2022,3.0,3,8,-18.9,-17.7,0.0
MCD,ab2023,3.0,0,77,-12.7,-21.9,1.3
MCD,ab2023,3.0,1,133,0.2,-9.8,0.8
MCD,ab2023,3.0,2,51,-18.3,-19.2,0.0
MCD,ab2023,3.0,3,4,16.0,10.2,0.0
MCD,bis2022,3.0,0,344,10.9,-5.9,2.0
MCD,bis2022,3.0,1,667,7.3,-7.6,0.7
MCD,bis2022,3.0,2,195,9.5,-6.2,0.5
MCD,bis2022,3.0,3,16,14.1,5.8,0.0
MCHP,ab2023,3.0,0,89,-2.3,-17.4,3.4
MCHP,ab2023,3.0,1,150,-6.7,-19.0,1.3
MCHP,ab2023,3.0,2,45,19.9,-18.2,0.0
MCHP,ab2023,3.0,3,2,69.4,69.4,0.0
MCHP,bis2022,3.0,0,353,2.7,-12.8,1.4
MCHP,bis2022,3.0,1,719,0.7,-12.9,1.0
MCHP,bis2022,3.0,2,143,2.5,-14.2,5.6
MCHP,bis2022,3.0,3,16,5.4,-12.0,6.2
MCK,ab2023,3.0,0,82,5.8,-14.7,2.4
MCK,ab2023,3.0,1,138,2.4,-5.7,4.3
MCK,ab2023,3.0,2,41,3.4,-21.5,2.4
MCK,bis2022,3.0,0,362,7.5,-10.8,1.1
MCK,bis2022,3.0,1,660,1.6,-13.4,1.4
MCK,bis2022,3.0,2,179,10.0,0.4,1.1
MCK,bis2022,3.0,3,20,3.1,-16.5,0.0
MDB,ab2023,3.0,0,89,31.3,-2.8,2.2
MDB,ab2023,3.0,1,138,4.2,-11.1,1.4
MDB,ab2023,3.0,2,50,21.6,9.7,2.0
MDB,ab2023,3.0,3,3,-24.0,-48.0,0.0
MDB,bis2022,3.0,0,109,15.0,-13.7,1.8
MDB,bis2022,3.0,1,176,15.3,-12.5,0.6
MDB,bis2022,3.0,2,51,24.6,1.8,0.0
MDB,bis2022,3.0,3,3,23.1,-12.4,0.0
MDLZ,ab2023,3.0,0,68,-11.8,-22.5,1.5
MDLZ,ab2023,3.0,1,129,-6.0,-17.5,3.9
MDLZ,ab2023,3.0,2,49,-13.8,-29.3,0.0
MDLZ,ab2023,3.0,3,1,-44.8,-44.8,0.0
MDLZ,bis2022,3.0,0,376,4.0,-14.6,2.7
MDLZ,bis2022,3.0,1,647,0.2,-12.8,1.1
MDLZ,bis2022,3.0,2,179,2.7,-10.3,0.6
MDLZ,bis2022,3.0,3,14,9.5,-15.3,0.0
MDT,ab2023,3.0,0,72,-0.9,-18.8,2.8
MDT,ab2023,3.0,1,123,-2.3,-16.5,3.3
MDT,ab2023,3.0,2,43,4.0,-13.9,0.0
MDT,ab2023,3.0,3,3,28.4,10.3,0.0
MDT,bis2022,3.0,0,405,3.0,-16.6,2.0
MDT,bis2022,3.0,1,659,2.9,-11.3,1.5
MDT,bis2022,3.0,2,158,-1.8,-12.2,1.3
MDT,bis2022,3.0,3,9,-7.4,-20.1,0.0
MELI,ab2023,3.0,0,84,-15.2,-31.5,2.4
MELI,ab2023,3.0,1,149,-0.6,-20.2,0.7
MELI,ab2023,3.0,2,30,28.6,28.2,0.0
MELI,ab2023,3.0,3,1,72.4,72.4,0.0
MELI,bis2022,3.0,0,329,25.8,1.7,0.6
MELI,bis2022,3.0,1,579,18.4,-10.0,0.0
MELI,bis2022,3.0,2,154,17.1,-7.5,0.0
MELI,bis2022,3.0,3,15,11.3,-10.4,0.0
META,ab2023,3.0,0,94,33.0,11.5,2.1
META,ab2023,3.0,1,150,9.5,-8.5,2.7
META,ab2023,3.0,2,31,10.4,-1.9,3.2
META,ab2023,3.0,3,2,-30.9,-30.9,0.0
META,bis2022,3.0,0,219,6.3,-10.0,5.0
META,bis2022,3.0,1,436,8.3,-12.7,3.2
META,bis2022,3.0,2,97,4.9,-11.2,2.1
META,bis2022,3.0,3,6,-30.7,-35.2,0.0
MFG,ab2023,3.0,0,84,51.6,43.5,2.4
MFG,ab2023,3.0,1,184,38.6,28.3,0.5
MFG,ab2023,3.0,2,17,4.5,-12.8,0.0
MFG,ab2023,3.0,3,1,60.1,60.1,0.0
MFG,bis2022,3.0,0,373,2.8,-23.5,2.4
MFG,bis2022,3.0,1,552,3.0,-18.9,2.2
MFG,bis2022,3.0,2,106,8.8,-15.3,0.9
MFG,bis2022,3.0,3,10,-14.2,-25.4,0.0
MMM,ab2023,3.0,0,66,15.7,-6.3,1.5
MMM,ab2023,3.0,1,120,10.5,-5.0,0.8
MMM,ab2023,3.0,2,44,9.0,-11.5,0.0
MMM,ab2023,3.0,3,5,21.3,4.3,0.0
MMM,bis2022,3.0,0,403,-2.7,-16.6,4.7
MMM,bis2022,3.0,1,681,-2.2,-16.1,4.7
MMM,bis2022,3.0,2,170,-3.7,-17.2,1.8
MMM,bis2022,3.0,3,6,31.9,38.7,0.0
MNST,ab2023,3.0,0,61,4.9,-3.3,3.3
MNST,ab2023,3.0,1,147,8.6,-4.7,2.0
MNST,ab2023,3.0,2,36,-9.9,-23.0,8.3
MNST,ab2023,3.0,3,2,-22.9,-22.9,0.0
MNST,bis2022,3.0,0,317,12.5,-2.5,1.9
MNST,bis2022,3.0,1,652,9.6,-5.7,1.4
MNST,bis2022,3.0,2,180,9.3,-14.2,1.1
MNST,bis2022,3.0,3,25,-7.3,-24.7,0.0
MO,ab2023,3.0,0,69,3.0,-14.7,0.0
MO,ab2023,3.0,1,121,-5.7,-16.6,3.3
MO,ab2023,3.0,2,27,6.0,0.7,0.0
MO,bis2022,3.0,0,344,-2.3,-10.8,4.1
MO,bis2022,3.0,1,613,6.7,-7.3,4.1
MO,bis2022,3.0,2,180,13.5,0.2,0.6
MO,bis2022,3.0,3,6,-0.2,-28.0,0.0
MPC,ab2023,3.0,0,78,22.2,-3.7,2.6
MPC,ab2023,3.0,1,135,13.7,-11.7,2.2
MPC,ab2023,3.0,2,43,32.5,5.8,0.0
MPC,ab2023,3.0,3,1,120.5,120.5,0.0
MPC,bis2022,3.0,0,241,4.1,-10.7,0.4
MPC,bis2022,3.0,1,481,3.3,-9.7,0.8
MPC,bis2022,3.0,2,111,10.5,-8.8,0.0
MPC,bis2022,3.0,3,4,-9.0,-14.7,0.0
MRK,ab2023,3.0,0,80,9.6,-14.0,0.0
MRK,ab2023,3.0,1,130,-7.7,-19.7,2.3
MRK,ab2023,3.0,2,33,-33.1,-31.2,12.1
MRK,ab2023,3.0,3,2,15.4,15.4,0.0
MRK,bis2022,3.0,0,353,-4.2,-15.0,1.7
MRK,bis2022,3.0,1,705,0.9,-13.6,1.8
MRK,bis2022,3.0,2,146,11.7,-5.5,0.7
MRK,bis2022,3.0,3,15,-0.8,-10.7,6.7
MRK.DE,ab2023,3.0,0,84,-10.1,-24.3,2.4
MRK.DE,ab2023,3.0,1,143,3.8,-4.1,2.1
MRK.DE,ab2023,3.0,2,32,0.4,-13.0,0.0
MRK.DE,ab2023,3.0,3,3,11.9,2.9,0.0
MRK.DE,bis2022,3.0,0,362,7.6,-13.1,4.1
MRK.DE,bis2022,3.0,1,621,3.9,-10.2,1.6
MRK.DE,bis2022,3.0,2,202,6.7,-10.1,0.5
MRK.DE,bis2022,3.0,3,9,-10.4,-4.0,0.0
MRNA,ab2023,3.0,0,71,0.8,-22.9,4.2
MRNA,ab2023,3.0,1,128,5.3,-21.0,2.3
MRNA,ab2023,3.0,2,48,-11.6,-15.1,12.5
MRNA,ab2023,3.0,3,5,-25.5,-21.7,0.0
MRNA,bis2022,3.0,0,76,0.5,-18.7,5.3
MRNA,bis2022,3.0,1,125,22.1,-3.4,2.4
MRNA,bis2022,3.0,2,40,17.4,0.7,0.0
MRNA,bis2022,3.0,3,8,-29.3,-35.3,0.0
MRVL,ab2023,3.0,0,95,22.7,-11.7,1.1
MRVL,ab2023,3.0,1,152,15.1,-19.1,1.3
MRVL,ab2023,3.0,2,33,3.6,-3.2,0.0
MRVL,ab2023,3.0,3,2,-20.3,-20.3,0.0
MRVL,bis2022,3.0,0,364,2.5,-19.3,1.9
MRVL,bis2022,3.0,1,635,0.2,-14.5,1.4
MRVL,bis2022,3.0,2,147,-5.3,-21.0,1.4
MRVL,bis2022,3.0,3,9,11.1,-17.6,0.0
MS,ab2023,3.0,0,83,25.3,-10.6,2.4
MS,ab2023,3.0,1,142,24.6,-0.7,4.2
MS,ab2023,3.0,2,41,44.9,24.6,0.0
MS,ab2023,3.0,3,2,16.2,16.2,0.0
MS,bis2022,3.0,0,454,6.7,-12.2,1.5
MS,bis2022,3.0,1,637,6.0,-12.4,0.8
MS,bis2022,3.0,2,134,-0.5,-9.6,0.0
MS,bis2022,3.0,3,7,-17.1,-22.0,0.0
MSFT,ab2023,3.0,0,75,33.8,9.0,0.0
MSFT,ab2023,3.0,1,141,12.1,-7.2,0.7
MSFT,ab2023,3.0,2,38,12.9,-17.1,0.0
MSFT,ab2023,3.0,3,2,-11.7,-11.7,0.0
MSFT,bis2022,3.0,0,392,10.4,-12.6,3.1
MSFT,bis2022,3.0,1,674,15.1,-2.5,0.7
MSFT,bis2022,3.0,2,158,18.7,-6.9,0.0
MSFT,bis2022,3.0,3,6,-15.0,-33.1,0.0
MSTR,ab2023,3.0,0,93,4.1,-24.1,0.0
MSTR,ab2023,3.0,1,135,15.7,-11.9,0.0
MSTR,ab2023,3.0,2,35,13.5,-19.3,0.0
MSTR,ab2023,3.0,3,6,21.3,1.8,0.0
MSTR,bis2022,3.0,0,362,1.9,-24.7,5.8
MSTR,bis2022,3.0,1,687,1.7,-16.5,3.5
MSTR,bis2022,3.0,2,181,6.0,-4.3,2.8
MSTR,bis2022,3.0,3,15,4.4,-6.1,0.0
MTX.DE,ab2023,3.0,0,93,6.3,-3.7,4.3
MTX.DE,ab2023,3.0,1,140,0.5,-8.9,0.0
MTX.DE,ab2023,3.0,2,41,23.9,18.6,2.4
MTX.DE,ab2023,3.0,3,1,151.2,151.2,0.0
MTX.DE,bis2022,3.0,0,331,14.6,-5.6,0.6
MTX.DE,bis2022,3.0,1,660,2.9,-13.6,1.1
MTX.DE,bis2022,3.0,2,174,4.4,-9.8,0.0
MTX.DE,bis2022,3.0,3,14,11.5,-14.6,0.0
MU,ab2023,3.0,0,85,22.0,-8.3,2.4
MU,ab2023,3.0,1,142,26.9,0.4,2.1
MU,ab2023,3.0,2,39,36.0,13.0,0.0
MU,ab2023,3.0,3,3,56.6,42.9,0.0
MU,bis2022,3.0,0,378,9.6,-9.3,1.1
MU,bis2022,3.0,1,616,3.7,-13.4,1.0
MU,bis2022,3.0,2,157,-1.6,-18.9,0.6
MU,bis2022,3.0,3,10,-3.7,-22.8,0.0
MUFG,ab2023,3.0,0,83,56.6,18.8,1.2
MUFG,ab2023,3.0,1,173,34.7,14.2,0.6
MUFG,ab2023,3.0,2,18,43.5,48.6,0.0
MUFG,ab2023,3.0,3,1,62.8,62.8,0.0
MUFG,bis2022,3.0,0,444,6.2,-21.6,3.2
MUFG,bis2022,3.0,1,644,-1.2,-21.7,3.3
MUFG,bis2022,3.0,2,114,3.1,-16.4,0.0
MUFG,bis2022,3.0,3,8,15.3,-19.5,0.0
MUV2.DE,ab2023,3.0,0,82,4.2,-14.0,1.2
MUV2.DE,ab2023,3.0,1,154,11.9,-5.0,0.0
MUV2.DE,ab2023,3.0,2,25,32.0,1.7,0.0
MUV2.DE,ab2023,3.0,3,4,-1.3,-20.9,0.0
MUV2.DE,bis2022,3.0,0,373,9.9,-9.5,2.9
MUV2.DE,bis2022,3.0,1,714,7.5,-11.8,0.7
MUV2.DE,bis2022,3.0,2,121,3.6,-11.3,2.5
MUV2.DE,bis2022,3.0,3,11,18.5,-9.1,0.0
NEE,ab2023,3.0,0,65,13.7,-1.3,3.1
NEE,ab2023,3.0,1,138,-7.0,-14.4,2.9
NEE,ab2023,3.0,2,46,-9.0,-18.1,2.2
NEE,ab2023,3.0,3,3,2.6,17.5,0.0
NEE,bis2022,3.0,0,353,12.2,-8.2,2.3
NEE,bis2022,3.0,1,661,7.1,-6.3,0.6
NEE,bis2022,3.0,2,150,7.5,-5.7,0.0
NEE,bis2022,3.0,3,12,2.4,-0.8,0.0
NEM,ab2023,3.0,0,113,7.6,-19.1,0.9
NEM,ab2023,3.0,1,154,19.5,-2.2,0.6
NEM,ab2023,3.0,2,33,-15.1,-23.4,0.0
NEM,ab2023,3.0,3,5,50.3,14.1,0.0
NEM,bis2022,3.0,0,412,-3.2,-14.6,1.2
NEM,bis2022,3.0,1,641,-3.7,-14.5,1.1
NEM,bis2022,3.0,2,201,-2.7,-12.0,0.5
NEM,bis2022,3.0,3,8,41.8,42.3,0.0
NET,ab2023,3.0,0,96,8.8,-2.8,3.1
NET,ab2023,3.0,1,127,7.5,-9.8,2.4
NET,ab2023,3.0,2,36,38.8,-3.7,2.8
NET,ab2023,3.0,3,6,41.6,38.3,0.0
NET,bis2022,3.0,0,64,0.7,-13.8,3.1
NET,bis2022,3.0,1,117,9.4,-13.1,0.0
NET,bis2022,3.0,2,42,27.1,6.8,0.0
NET,bis2022,3.0,3,4,-13.1,-10.1,0.0
NFLX,ab2023,3.0,0,51,-8.0,-15.7,3.9
NFLX,ab2023,3.0,1,124,4.1,-10.8,0.8
NFLX,ab2023,3.0,2,57,14.3,-6.7,0.0
NFLX,ab2023,3.0,3,8,32.7,8.0,0.0
NFLX,bis2022,3.0,0,352,20.1,-3.9,2.8
NFLX,bis2022,3.0,1,606,10.6,-9.2,2.0
NFLX,bis2022,3.0,2,186,9.6,-9.6,2.7
NFLX,bis2022,3.0,3,15,14.8,5.7,6.7
NKE,ab2023,3.0,0,75,-25.2,-33.3,5.3
NKE,ab2023,3.0,1,115,-16.3,-21.0,7.0
NKE,ab2023,3.0,2,68,-5.9,-15.7,5.9
NKE,ab2023,3.0,3,9,-12.9,-17.9,11.1
NKE,bis2022,3.0,0,373,5.8,-11.4,2.1
NKE,bis2022,3.0,1,652,5.7,-10.6,1.7
NKE,bis2022,3.0,2,185,3.8,-10.3,2.2
NKE,bis2022,3.0,3,19,2.9,-0.8,0.0
NOW,ab2023,3.0,0,88,2.0,-11.5,2.3
NOW,ab2023,3.0,1,137,1.5,-11.8,0.0
NOW,ab2023,3.0,2,40,6.0,-2.1,2.5
NOW,ab2023,3.0,3,4,-1.1,-0.0,0.0
NOW,bis2022,3.0,0,206,12.8,-9.6,1.0
NOW,bis2022,3.0,1,427,5.7,-8.6,0.9
NOW,bis2022,3.0,2,106,32.4,18.7,0.9
NOW,bis2022,3.0,3,10,-9.0,-9.1,10.0
NVDA,ab2023,3.0,0,81,44.3,-9.6,1.2
NVDA,ab2023,3.0,1,146,22.9,-11.9,0.7
NVDA,ab2023,3.0,2,30,44.4,24.0,0.0
NVDA,ab2023,3.0,3,3,-22.5,-33.8,0.0
NVDA,bis2022,3.0,0,349,13.6,-7.5,2.9
NVDA,bis2022,3.0,1,631,15.5,-4.5,1.3
NVDA,bis2022,3.0,2,172,8.3,-12.8,0.0
NVDA,bis2022,3.0,3,8,-8.6,0.5,0.0
NVO,ab2023,3.0,0,75,0.4,-27.5,6.7
NVO,ab2023,3.0,1,127,-4.8,-20.2,3.1
NVO,ab2023,3.0,2,54,-11.3,-20.0,5.6
NVO,ab2023,3.0,3,1,-21.1,-21.1,0.0
NVO,bis2022,3.0,0,345,15.0,-5.3,1.4
NVO,bis2022,3.0,1,611,9.5,-6.2,1.8
NVO,bis2022,3.0,2,178,5.0,-5.2,2.2
NVO,bis2022,3.0,3,16,2.7,2.9,6.2
NVS,ab2023,3.0,0,87,4.3,-16.0,5.7
NVS,ab2023,3.0,1,130,-11.2,-23.7,3.8
NVS,ab2023,3.0,2,30,-1.8,-9.5,0.0
NVS,ab2023,3.0,3,1,-7.3,-7.3,0.0
NVS,bis2022,3.0,0,399,-4.2,-19.9,2.3
NVS,bis2022,3.0,1,659,-5.2,-17.6,0.9
NVS,bis2022,3.0,2,117,4.7,-6.0,0.9
NVS,bis2022,3.0,3,6,16.2,-13.4,0.0
NXPI,ab2023,3.0,0,88,3.6,-17.8,0.0
NXPI,ab2023,3.0,1,137,-0.8,-22.1,0.0
NXPI,ab2023,3.0,2,49,27.5,-2.2,0.0
NXPI,ab2023,3.0,3,7,71.3,94.4,0.0
NXPI,bis2022,3.0,0,262,3.4,-17.1,2.3
NXPI,bis2022,3.0,1,492,7.2,-7.6,1.0
NXPI,bis2022,3.0,2,148,5.6,-13.0,1.4
NXPI,bis2022,3.0,3,11,3.1,-3.5,9.1
ODFL,ab2023,3.0,0,80,14.0,-4.2,0.0
ODFL,ab2023,3.0,1,123,-0.3,-12.5,0.8
ODFL,ab2023,3.0,2,46,1.2,-11.6,0.0
ODFL,ab2023,3.0,3,2,90.2,90.2,0.0
ODFL,bis2022,3.0,0,338,2.9,-18.0,0.3
ODFL,bis2022,3.0,1,665,9.5,-4.9,0.6
ODFL,bis2022,3.0,2,163,3.8,-9.7,0.0
ODFL,bis2022,3.0,3,11,-1.4,-21.1,0.0
ON,ab2023,3.0,0,80,6.5,-21.7,0.0
ON,ab2023,3.0,1,148,1.0,-17.5,0.0
ON,ab2023,3.0,2,38,3.4,-30.2,2.6
ON,ab2023,3.0,3,5,74.5,117.4,20.0
ON,bis2022,3.0,0,344,24.5,0.3,0.9
ON,bis2022,3.0,1,639,10.5,-11.7,1.3
ON,bis2022,3.0,2,163,9.0,-12.3,0.0
ON,bis2022,3.0,3,12,50.0,-7.7,0.0
ORCL,ab2023,3.0,0,75,38.1,-12.4,2.7
ORCL,ab2023,3.0,1,129,-0.3,-22.7,4.7
ORCL,ab2023,3.0,2,46,43.2,2.1,0.0
ORCL,ab2023,3.0,3,5,42.0,27.8,0.0
ORCL,bis2022,3.0,0,407,2.3,-15.1,2.7
ORCL,bis2022,3.0,1,642,1.8,-13.8,1.1
ORCL,bis2022,3.0,2,167,1.5,-11.1,2.4
ORCL,bis2022,3.0,3,6,13.7,15.0,0.0
ORLY,ab2023,3.0,0,70,1.6,-26.4,4.3
ORLY,ab2023,3.0,1,125,10.6,-10.7,0.0
ORLY,ab2023,3.0,2,40,-2.6,-9.4,5.0
ORLY,ab2023,3.0,3,3,-23.5,-27.7,33.3
ORLY,bis2022,3.0,0,370,13.1,-13.2,2.4
ORLY,bis2022,3.0,1,666,6.4,-11.2,2.3
ORLY,bis2022,3.0,2,157,8.6,-6.1,1.3
ORLY,bis2022,3.0,3,15,-0.8,-3.7,0.0
P911.DE,ab2023,3.0,0,81,-24.5,-36.3,3.7
P911.DE,ab2023,3.0,1,139,-17.7,-33.8,4.3
P911.DE,ab2023,3.0,2,34,-23.0,-31.6,0.0
P911.DE,ab2023,3.0,3,3,39.1,-16.6,0.0
P911.DE,bis2022,3.0,0,2,32.2,32.2,0.0
P911.DE,bis2022,3.0,1,6,-44.8,-41.4,16.7
PAH3.DE,ab2023,3.0,0,74,-14.3,-29.1,2.7
PAH3.DE,ab2023,3.0,1,140,-12.0,-21.3,4.3
PAH3.DE,ab2023,3.0,2,52,-19.1,-23.6,5.8
PAH3.DE,ab2023,3.0,3,5,-13.2,6.8,0.0
PAH3.DE,bis2022,3.0,0,271,-0.2,-20.3,4.1
PAH3.DE,bis2022,3.0,1,542,1.4,-20.6,2.2
PAH3.DE,bis2022,3.0,2,141,2.1,-12.1,2.8
PAH3.DE,bis2022,3.0,3,11,-16.2,-29.6,9.1
PANW,ab2023,3.0,0,75,14.0,-6.5,2.7
PANW,ab2023,3.0,1,129,10.8,-14.1,0.8
PANW,ab2023,3.0,2,40,24.1,15.0,0.0
PANW,ab2023,3.0,3,3,21.9,25.2,0.0
PANW,bis2022,3.0,0,219,4.0,-6.4,2.7
PANW,bis2022,3.0,1,395,7.0,-10.5,0.5
PANW,bis2022,3.0,2,122,8.5,-7.7,1.6
PANW,bis2022,3.0,3,6,-6.2,-15.7,0.0
PAYX,ab2023,3.0,0,71,-7.5,-18.8,4.2
PAYX,ab2023,3.0,1,135,-8.3,-20.8,2.2
PAYX,ab2023,3.0,2,42,-11.7,-15.5,2.4
PAYX,ab2023,3.0,3,2,-7.4,-7.4,0.0
PAYX,bis2022,3.0,0,359,7.9,-8.5,2.5
PAYX,bis2022,3.0,1,708,-1.2,-12.7,0.6
PAYX,bis2022,3.0,2,174,3.0,-16.5,0.0
PAYX,bis2022,3.0,3,7,-23.3,-29.3,0.0
PBR,ab2023,3.0,0,71,-2.5,-37.4,1.4
PBR,ab2023,3.0,1,129,-0.2,-21.8,1.6
PBR,ab2023,3.0,2,48,15.5,-0.9,2.1
PBR,ab2023,3.0,3,2,29.0,29.0,0.0
PBR,bis2022,3.0,0,374,12.3,-13.7,0.3
PBR,bis2022,3.0,1,573,3.1,-16.1,0.9
PBR,bis2022,3.0,2,149,1.6,-8.4,0.7
PBR,bis2022,3.0,3,21,13.8,-0.0,0.0
PCAR,ab2023,3.0,0,71,10.4,-16.2,1.4
PCAR,ab2023,3.0,1,146,4.7,-13.8,0.0
PCAR,ab2023,3.0,2,38,-1.5,-17.5,0.0
PCAR,ab2023,3.0,3,2,-38.2,-38.2,0.0
PCAR,bis2022,3.0,0,384,-0.9,-17.2,0.8
PCAR,bis2022,3.0,1,606,-2.8,-17.8,0.7
PCAR,bis2022,3.0,2,185,5.2,-14.8,0.5
PCAR,bis2022,3.0,3,17,-19.9,-28.2,0.0
PDD,ab2023,3.0,0,114,8.6,-13.4,4.4
PDD,ab2023,3.0,1,148,1.2,-14.7,4.1
PDD,ab2023,3.0,2,51,9.3,0.8,0.0
PDD,ab2023,3.0,3,5,-1.2,-8.1,0.0
PDD,bis2022,3.0,0,109,6.9,-19.8,2.8
PDD,bis2022,3.0,1,165,8.3,-13.4,2.4
PDD,bis2022,3.0,2,45,2.6,-20.2,0.0
PDD,bis2022,3.0,3,6,23.0,4.1,0.0
PEP,ab2023,3.0,0,70,1.8,-17.4,0.0
PEP,ab2023,3.0,1,147,-6.7,-12.0,2.0
PEP,ab2023,3.0,2,47,-3.6,-13.9,2.1
PEP,ab2023,3.0,3,2,-3.8,-3.8,0.0
PEP,bis2022,3.0,0,396,5.6,-10.4,1.3
PEP,bis2022,3.0,1,639,6.6,-8.5,0.3
PEP,bis2022,3.0,2,150,14.4,-3.0,0.0
PEP,bis2022,3.0,3,15,2.7,-21.3,0.0
PFE,ab2023,3.0,0,60,-12.5,-28.3,1.7
PFE,ab2023,3.0,1,130,-21.6,-26.1,3.1
PFE,ab2023,3.0,2,30,-6.2,-16.0,0.0
PFE,bis2022,3.0,0,426,12.2,-17.5,2.1
PFE,bis2022,3.0,1,661,2.2,-13.4,1.4
PFE,bis2022,3.0,2,119,9.5,-1.4,0.8
PFE,bis2022,3.0,3,7,-13.8,-14.2,0.0
PG,ab2023,3.0,0,78,-9.8,-18.8,1.3
PG,ab2023,3.0,1,132,-9.3,-17.6,0.8
PG,ab2023,3.0,2,34,15.0,12.5,0.0
PG,ab2023,3.0,3,1,-16.4,-16.4,0.0
PG,bis2022,3.0,0,400,-0.6,-19.2,2.2
PG,bis2022,3.0,1,623,-1.0,-11.3,1.9
PG,bis2022,3.0,2,165,16.2,5.8,1.8
PG,bis2022,3.0,3,9,-15.9,-19.0,0.0
PGR,ab2023,3.0,0,75,4.8,-20.6,8.0
PGR,ab2023,3.0,1,142,4.3,-11.2,4.9
PGR,ab2023,3.0,2,33,-7.5,-15.9,6.1
PGR,ab2023,3.0,3,2,103.4,103.4,0.0
PGR,bis2022,3.0,0,388,5.5,-15.6,2.3
PGR,bis2022,3.0,1,631,8.8,-6.8,0.5
PGR,bis2022,3.0,2,172,6.0,-14.5,0.0
PGR,bis2022,3.0,3,8,42.5,1.8,0.0
PH,ab2023,3.0,0,96,36.2,3.4,2.1
PH,ab2023,3.0,1,139,9.3,-13.3,0.0
PH,ab2023,3.0,2,33,30.3,5.5,0.0
PH,ab2023,3.0,3,1,53.5,53.5,0.0
PH,bis2022,3.0,0,386,2.7,-19.5,0.5
PH,bis2022,3.0,1,688,6.1,-9.9,1.0
PH,bis2022,3.0,2,153,0.0,-10.6,0.7
PH,bis2022,3.0,3,12,-12.5,-29.0,0.0
PLD,ab2023,3.0,0,92,3.3,-12.5,1.1
PLD,ab2023,3.0,1,149,-0.3,-13.3,0.7
PLD,ab2023,3.0,2,37,12.4,-7.8,2.7
PLD,ab2023,3.0,3,2,-28.2,-28.2,0.0
PLD,bis2022,3.0,0,347,10.0,-3.8,0.3
PLD,bis2022,3.0,1,685,8.6,-10.0,1.0
PLD,bis2022,3.0,2,133,14.2,-12.1,1.5
PLD,bis2022,3.0,3,9,18.8,-14.7,0.0
PLTR,ab2023,3.0,0,95,29.7,-3.1,0.0
PLTR,ab2023,3.0,1,130,11.6,-0.1,1.5
PLTR,ab2023,3.0,2,34,30.5,7.3,0.0
PLTR,ab2023,3.0,3,2,166.1,166.1,0.0
PLTR,bis2022,3.0,0,40,-5.1,-6.0,0.0
PLTR,bis2022,3.0,1,77,-2.2,-21.1,2.6
PLTR,bis2022,3.0,2,32,5.6,-8.5,0.0
PLTR,bis2022,3.0,3,1,-15.3,-15.3,0.0
PM,ab2023,3.0,0,91,7.9,-16.5,2.2
PM,ab2023,3.0,1,124,6.1,-13.0,4.8
PM,ab2023,3.0,2,38,31.3,-2.9,0.0
PM,ab2023,3.0,3,6,-15.5,-16.2,0.0
PM,bis2022,3.0,0,345,7.1,-11.7,1.4
PM,bis2022,3.0,1,600,9.0,-5.4,2.2
PM,bis2022,3.0,2,132,21.0,2.3,0.8
PM,bis2022,3.0,3,14,14.1,12.6,0.0
PSX,ab2023,3.0,0,94,22.7,7.1,3.2
PSX,ab2023,3.0,1,128,4.4,-8.5,0.8
PSX,ab2023,3.0,2,45,10.2,2.7,0.0
PSX,bis2022,3.0,0,242,4.8,-16.6,1.2
PSX,bis2022,3.0,1,425,1.0,-12.1,0.7
PSX,bis2022,3.0,2,125,2.4,-17.3,0.8
PSX,bis2022,3.0,3,5,18.4,-18.3,0.0
PYPL,ab2023,3.0,0,77,1.4,-10.4,1.3
PYPL,ab2023,3.0,1,130,-1.7,-12.9,3.8
PYPL,ab2023,3.0,2,45,0.5,-12.0,0.0
PYPL,ab2023,3.0,3,3,30.1,22.3,0.0
PYPL,bis2022,3.0,0,163,13.2,-5.2,0.6
PYPL,bis2022,3.0,1,293,12.6,-4.4,0.3
PYPL,bis2022,3.0,2,86,5.1,-12.7,1.2
PYPL,bis2022,3.0,3,6,-25.9,-30.3,0.0
QCOM,ab2023,3.0,0,76,16.7,-9.4,1.3
QCOM,ab2023,3.0,1,167,6.6,-17.3,3.0
QCOM,ab2023,3.0,2,41,18.1,19.0,2.4
QCOM,ab2023,3.0,3,4,-13.5,-10.9,0.0
QCOM,bis2022,3.0,0,391,2.0,-22.5,4.6
QCOM,bis2022,3.0,1,675,4.2,-17.2,1.3
QCOM,bis2022,3.0,2,183,16.5,-6.3,1.1
QCOM,bis2022,3.0,3,10,-0.1,-7.3,0.0
QIA.DE,ab2023,3.0,0,93,-0.3,-26.8,1.1
QIA.DE,ab2023,3.0,1,132,6.0,-11.9,1.5
QIA.DE,ab2023,3.0,2,34,4.5,-9.7,2.9
QIA.DE,ab2023,3.0,3,2,48.4,48.4,0.0
QIA.DE,bis2022,3.0,0,364,2.3,-17.6,1.6
QIA.DE,bis2022,3.0,1,641,0.0,-11.7,2.8
QIA.DE,bis2022,3.0,2,193,-1.4,-7.2,0.0
QIA.DE,bis2022,3.0,3,19,2.4,-2.7,0.0
REGN,ab2023,3.0,0,67,-7.4,-28.4,9.0
REGN,ab2023,3.0,1,124,2.4,-10.0,8.1
REGN,ab2023,3.0,2,42,1.7,-22.1,2.4
REGN,bis2022,3.0,0,317,12.4,-11.3,0.3
REGN,bis2022,3.0,1,638,14.1,-14.7,0.2
REGN,bis2022,3.0,2,171,26.3,-0.1,0.6
REGN,bis2022,3.0,3,8,3.1,-10.5,0.0
RHM.DE,ab2023,3.0,0,52,0.6,-28.8,7.7
RHM.DE,ab2023,3.0,1,156,2.6,-19.0,6.4
RHM.DE,ab2023,3.0,2,41,1.7,-23.0,0.0
RHM.DE,ab2023,3.0,3,3,-10.8,-11.5,0.0
RHM.DE,bis2022,3.0,0,314,7.7,-6.4,1.6
RHM.DE,bis2022,3.0,1,644,-0.1,-15.7,1.7
RHM.DE,bis2022,3.0,2,172,-5.1,-18.2,2.9
RHM.DE,bis2022,3.0,3,8,15.5,9.2,12.5
RIO,ab2023,3.0,0,103,-8.6,-22.5,3.9
RIO,ab2023,3.0,1,157,9.2,-5.0,0.6
RIO,ab2023,3.0,2,41,-8.1,-18.1,2.4
RIO,ab2023,3.0,3,4,-26.5,-19.8,0.0
RIO,bis2022,3.0,0,441,7.8,-10.4,0.2
RIO,bis2022,3.0,1,668,7.4,-7.8,0.4
RIO,bis2022,3.0,2,170,-4.3,-18.8,0.0
RIO,bis2022,3.0,3,7,-25.8,-36.7,14.3
ROP,ab2023,3.0,0,87,-13.2,-29.9,5.7
ROP,ab2023,3.0,1,148,-12.3,-18.6,4.7
ROP,ab2023,3.0,2,41,6.1,-7.0,0.0
ROP,ab2023,3.0,3,5,12.3,1.4,0.0
ROP,bis2022,3.0,0,367,9.4,-11.6,1.9
ROP,bis2022,3.0,1,664,7.5,-8.9,1.2
ROP,bis2022,3.0,2,192,16.4,-4.6,0.0
ROP,bis2022,3.0,3,12,15.7,1.4,0.0
ROST,ab2023,3.0,0,87,4.1,-14.4,1.1
ROST,ab2023,3.0,1,139,5.5,-3.3,3.6
ROST,ab2023,3.0,2,36,4.2,-9.7,0.0
ROST,ab2023,3.0,3,4,-6.3,-3.8,0.0
ROST,bis2022,3.0,0,355,3.4,-9.7,2.0
ROST,bis2022,3.0,1,657,3.3,-10.7,0.8
ROST,bis2022,3.0,2,205,2.7,-12.3,0.5
ROST,bis2022,3.0,3,17,12.7,13.1,0.0
RTX,ab2023,3.0,0,73,8.4,-10.0,11.0
RTX,ab2023,3.0,1,157,11.8,-1.4,5.1
RTX,ab2023,3.0,2,33,49.9,24.6,6.1
RTX,ab2023,3.0,3,3,22.2,-16.6,0.0
RTX,bis2022,3.0,0,377,0.7,-13.9,1.6
RTX,bis2022,3.0,1,702,2.9,-10.7,0.9
RTX,bis2022,3.0,2,176,1.4,-9.7,3.4
RTX,bis2022,3.0,3,5,-27.9,-36.5,0.0
RWE.DE,ab2023,3.0,0,58,24.3,-8.5,0.0
RWE.DE,ab2023,3.0,1,158,17.5,-11.3,0.6
RWE.DE,ab2023,3.0,2,25,-11.5,-33.9,8.0
RWE.DE,ab2023,3.0,3,3,5.1,-1.8,0.0
RWE.DE,bis2022,3.0,0,327,-3.2,-24.4,5.5
RWE.DE,bis2022,3.0,1,636,3.1,-15.5,2.4
RWE.DE,bis2022,3.0,2,169,-5.2,-16.3,0.6
RWE.DE,bis2022,3.0,3,7,-8.8,-11.0,0.0
RY,ab2023,3.0,0,92,23.0,-15.6,2.2
RY,ab2023,3.0,1,142,18.5,-6.5,1.4
RY,ab2023,3.0,2,28,3.4,-19.2,0.0
RY,ab2023,3.0,3,4,56.8,-0.5,0.0
RY,bis2022,3.0,0,412,-0.5,-15.8,1.9
RY,bis2022,3.0,1,687,7.6,-8.7,0.4
RY,bis2022,3.0,2,166,-4.7,-19.9,0.0
RY,bis2022,3.0,3,14,-5.5,-7.1,0.0
SAN,ab2023,3.0,0,93,31.8,6.1,1.1
SAN,ab2023,3.0,1,150,15.9,-7.3,0.7
SAN,ab2023,3.0,2,16,9.6,3.4,0.0
SAN,bis2022,3.0,0,346,-12.7,-29.0,0.9
SAN,bis2022,3.0,1,580,-3.9,-18.8,1.7
SAN,bis2022,3.0,2,219,-9.1,-20.1,2.3
SAN,bis2022,3.0,3,17,-21.7,-31.0,0.0
SAP.DE,ab2023,3.0,0,96,8.9,-14.8,1.0
SAP.DE,ab2023,3.0,1,142,1.9,-16.6,1.4
SAP.DE,ab2023,3.0,2,23,1.6,-8.9,0.0
SAP.DE,ab2023,3.0,3,2,-37.6,-37.6,50.0
SAP.DE,bis2022,3.0,0,476,11.1,-13.5,1.3
SAP.DE,bis2022,3.0,1,689,-0.0,-18.5,1.2
SAP.DE,bis2022,3.0,2,151,10.6,-4.0,0.7
SAP.DE,bis2022,3.0,3,13,-34.2,-35.6,7.7
SBUX,ab2023,3.0,0,72,-9.6,-23.5,2.8
SBUX,ab2023,3.0,1,124,3.2,-14.4,0.8
SBUX,ab2023,3.0,2,43,0.1,-12.1,4.7
SBUX,ab2023,3.0,3,2,1.1,1.1,0.0
SBUX,bis2022,3.0,0,406,14.4,-10.7,1.0
SBUX,bis2022,3.0,1,631,13.3,-10.9,1.3
SBUX,bis2022,3.0,2,132,-8.4,-20.0,3.8
SBUX,bis2022,3.0,3,14,-7.9,-24.2,0.0
SCCO,ab2023,3.0,0,113,0.5,-12.9,0.9
SCCO,ab2023,3.0,1,146,-1.4,-15.1,0.0
SCCO,ab2023,3.0,2,31,22.0,-5.9,0.0
SCCO,ab2023,3.0,3,3,51.2,33.1,0.0
SCCO,bis2022,3.0,0,433,6.2,-13.7,0.7
SCCO,bis2022,3.0,1,635,6.4,-12.4,0.6
SCCO,bis2022,3.0,2,162,0.2,-13.8,1.2
SCCO,bis2022,3.0,3,13,19.3,-5.6,0.0
SCHW,ab2023,3.0,0,75,-0.7,-29.5,6.7
SCHW,ab2023,3.0,1,139,14.7,-10.6,2.9
SCHW,ab2023,3.0,2,44,18.0,-14.1,2.3
SCHW,ab2023,3.0,3,2,29.0,29.0,0.0
SCHW,bis2022,3.0,0,361,6.8,-12.9,0.8
SCHW,bis2022,3.0,1,671,3.2,-14.6,0.7
SCHW,bis2022,3.0,2,177,3.8,-8.1,0.0
SCHW,bis2022,3.0,3,15,5.7,-12.9,0.0
SHEL,ab2023,3.0,0,96,2.5,-16.4,2.1
SHEL,ab2023,3.0,1,141,-9.2,-20.9,2.1
SHEL,ab2023,3.0,2,39,-1.1,-13.9,7.7
SHEL,ab2023,3.0,3,3,-8.4,-7.9,0.0
SHEL,bis2022,3.0,0,415,-5.7,-26.1,2.4
SHEL,bis2022,3.0,1,687,-7.0,-19.2,1.7
SHEL,bis2022,3.0,2,140,-5.2,-18.3,2.1
SHEL,bis2022,3.0,3,5,-26.0,-22.1,0.0
SHL.DE,ab2023,3.0,0,84,-15.4,-21.6,8.3
SHL.DE,ab2023,3.0,1,150,-12.6,-20.8,3.3
SHL.DE,ab2023,3.0,2,38,-0.9,-20.8,0.0
SHL.DE,ab2023,3.0,3,1,-49.2,-49.2,0.0
SHL.DE,bis2022,3.0,0,108,-8.5,-17.5,4.6
SHL.DE,bis2022,3.0,1,185,9.9,-17.5,3.2
SHL.DE,bis2022,3.0,2,27,-1.8,-1.7,7.4
SHL.DE,bis2022,3.0,3,2,-14.8,-14.8,0.0
SHOP,ab2023,3.0,0,91,5.4,-19.9,3.3
SHOP,ab2023,3.0,1,132,26.7,-3.7,0.8
SHOP,ab2023,3.0,2,31,13.5,12.2,0.0
SHOP,ab2023,3.0,3,6,0.4,-17.3,0.0
SHOP,bis2022,3.0,0,128,14.6,-5.3,0.0
SHOP,bis2022,3.0,1,308,23.3,1.9,0.6
SHOP,bis2022,3.0,2,77,12.0,-7.8,0.0
SHOP,bis2022,3.0,3,1,-33.5,-33.5,0.0
SHW,ab2023,3.0,0,59,1.6,-22.0,0.0
SHW,ab2023,3.0,1,139,9.0,-11.6,0.7
SHW,ab2023,3.0,2,64,-0.6,-18.9,0.0
SHW,ab2023,3.0,3,3,-24.2,-26.4,0.0
SHW,bis2022,3.0,0,341,9.7,-10.1,2.1
SHW,bis2022,3.0,1,697,7.3,-11.1,1.7
SHW,bis2022,3.0,2,204,1.7,-14.7,1.0
SHW,bis2022,3.0,3,12,63.5,6.5,0.0
SIE.DE,ab2023,3.0,0,97,1.5,-14.7,5.2
SIE.DE,ab2023,3.0,1,150,8.8,-5.9,1.3
SIE.DE,ab2023,3.0,2,37,20.6,-6.2,0.0
SIE.DE,ab2023,3.0,3,3,25.4,28.6,0.0
SIE.DE,bis2022,3.0,0,404,7.4,-12.5,1.2
SIE.DE,bis2022,3.0,1,674,3.2,-13.5,1.2
SIE.DE,bis2022,3.0,2,140,-0.3,-14.0,1.4
SIE.DE,bis2022,3.0,3,5,-21.6,-33.9,0.0
SKHY,ab2023,3.0,0,98,37.5,-2.5,0.0
SKHY,ab2023,3.0,1,147,35.4,6.2,0.0
SKHY,ab2023,3.0,2,27,36.2,-1.4,0.0
SKHY,ab2023,3.0,3,1,32.0,32.0,0.0
SKHY,bis2022,3.0,0,367,5.9,-13.0,0.3
SKHY,bis2022,3.0,1,580,3.7,-14.5,0.3
SKHY,bis2022,3.0,2,148,6.7,-12.5,0.0
SKHY,bis2022,3.0,3,14,-5.9,-5.6,0.0
SMFG,ab2023,3.0,0,84,48.6,30.6,1.2
SMFG,ab2023,3.0,1,166,25.4,5.2,1.8
SMFG,ab2023,3.0,2,18,74.3,46.8,0.0
SMFG,ab2023,3.0,3,1,2.2,2.2,0.0
SMFG,bis2022,3.0,0,443,1.8,-20.2,2.7
SMFG,bis2022,3.0,1,653,10.4,-10.6,0.8
SMFG,bis2022,3.0,2,155,1.0,-14.9,0.0
SMFG,bis2022,3.0,3,9,-14.2,-21.0,0.0
SNDK,ab2023,3.0,0,28,123.6,55.2,3.6
SNDK,ab2023,3.0,1,60,71.6,43.4,0.0
SNDK,ab2023,3.0,2,11,23.1,19.1,0.0
SNOW,ab2023,3.0,0,88,32.1,-5.1,4.5
SNOW,ab2023,3.0,1,130,19.4,-7.1,0.0
SNOW,ab2023,3.0,2,51,25.6,-0.7,0.0
SNOW,ab2023,3.0,3,7,12.4,-6.6,0.0
SNOW,bis2022,3.0,0,61,-7.9,-20.5,0.0
SNOW,bis2022,3.0,1,78,-2.8,-19.5,0.0
SNOW,bis2022,3.0,2,16,4.2,-20.4,0.0
SNOW,bis2022,3.0,3,3,9.4,-4.3,0.0
SNPS,ab2023,3.0,0,82,-6.5,-23.7,3.7
SNPS,ab2023,3.0,1,131,7.2,-9.6,1.5
SNPS,ab2023,3.0,2,47,12.1,-12.7,2.1
SNPS,ab2023,3.0,3,2,17.1,17.1,0.0
SNPS,bis2022,3.0,0,391,10.8,-12.7,1.0
SNPS,bis2022,3.0,1,646,8.6,-15.2,1.5
SNPS,bis2022,3.0,2,167,20.9,3.9,0.6
SNPS,bis2022,3.0,3,10,42.8,12.5,0.0
SNY,ab2023,3.0,0,99,-9.8,-22.7,6.1
SNY,ab2023,3.0,1,150,-7.9,-17.8,4.0
SNY,ab2023,3.0,2,30,-16.3,-12.7,0.0
SNY,ab2023,3.0,3,1,-3.8,-3.8,0.0
SNY,bis2022,3.0,0,415,2.1,-14.3,1.7
SNY,bis2022,3.0,1,718,-3.4,-16.4,0.6
SNY,bis2022,3.0,2,127,-2.9,-11.7,0.8
SNY,bis2022,3.0,3,11,-5.9,-7.2,0.0
SO,ab2023,3.0,0,74,19.0,3.7,1.4
SO,ab2023,3.0,1,127,7.7,-5.4,0.8
SO,ab2023,3.0,2,43,2.2,-6.5,0.0
SO,ab2023,3.0,3,2,59.6,59.6,0.0
SO,bis2022,3.0,0,328,6.0,-7.8,0.9
SO,bis2022,3.0,1,603,4.1,-12.2,1.2
SO,bis2022,3.0,2,191,-2.1,-15.3,1.0
SO,bis2022,3.0,3,10,1.6,-9.2,0.0
SONY,ab2023,3.0,0,116,-8.1,-21.7,6.9
SONY,ab2023,3.0,1,159,2.0,-9.4,1.3
SONY,ab2023,3.0,2,32,-14.6,-26.0,3.1
SONY,ab2023,3.0,3,1,30.0,30.0,0.0
SONY,bis2022,3.0,0,428,8.8,-15.8,5.4
SONY,bis2022,3.0,1,654,10.9,-8.4,2.6
SONY,bis2022,3.0,2,149,-2.2,-20.8,1.3
SONY,bis2022,3.0,3,16,-15.7,-20.6,18.8
SPG,ab2023,3.0,0,85,-0.7,-15.3,3.5
SPG,ab2023,3.0,1,155,5.1,-3.5,0.0
SPG,ab2023,3.0,2,27,10.4,-2.1,0.0
SPG,ab2023,3.0,3,2,-24.0,-24.0,0.0
SPG,bis2022,3.0,0,374,5.8,-13.9,1.1
SPG,bis2022,3.0,1,634,-2.9,-16.6,0.6
SPG,bis2022,3.0,2,153,2.3,-11.0,0.0
SPG,bis2022,3.0,3,16,-7.3,-13.5,0.0
SPGI,ab2023,3.0,0,86,-2.8,-13.8,5.8
SPGI,ab2023,3.0,1,132,-0.5,-10.7,4.5
SPGI,ab2023,3.0,2,42,4.2,-4.1,0.0
SPGI,ab2023,3.0,3,3,20.7,35.5,0.0
SPGI,bis2022,3.0,0,324,9.3,-6.1,0.6
SPGI,bis2022,3.0,1,695,7.8,-7.6,1.3
SPGI,bis2022,3.0,2,170,13.2,-3.9,0.0
SPGI,bis2022,3.0,3,17,18.7,-5.2,0.0
SPOT,ab2023,3.0,0,88,20.9,6.1,0.0
SPOT,ab2023,3.0,1,149,28.0,8.8,1.3
SPOT,ab2023,3.0,2,26,20.2,10.6,0.0
SPOT,ab2023,3.0,3,4,8.3,9.1,0.0
SPOT,bis2022,3.0,0,107,12.0,-11.0,0.9
SPOT,bis2022,3.0,1,168,6.0,-12.6,0.0
SPOT,bis2022,3.0,2,68,1.3,-13.9,1.5
SPOT,bis2022,3.0,3,4,-3.0,-11.4,0.0
SRT3.DE,ab2023,3.0,0,81,-17.0,-27.7,11.1
SRT3.DE,ab2023,3.0,1,132,-12.0,-24.5,6.1
SRT3.DE,ab2023,3.0,2,40,-20.1,-29.1,7.5
SRT3.DE,ab2023,3.0,3,1,48.7,48.7,0.0
SRT3.DE,bis2022,3.0,0,279,14.6,-8.7,3.9
SRT3.DE,bis2022,3.0,1,630,15.6,-5.4,1.9
SRT3.DE,bis2022,3.0,2,186,15.8,-2.1,0.0
SRT3.DE,bis2022,3.0,3,20,17.0,-17.9,5.0
STX,ab2023,3.0,0,79,32.6,11.9,3.8
STX,ab2023,3.0,1,155,27.7,4.8,1.3
STX,ab2023,3.0,2,34,8.4,-10.4,5.9
STX,ab2023,3.0,3,2,3.6,3.6,0.0
STX,bis2022,3.0,0,344,9.2,-12.8,2.6
STX,bis2022,3.0,1,610,6.8,-11.1,2.3
STX,bis2022,3.0,2,191,-7.3,-14.6,1.6
STX,bis2022,3.0,3,8,-9.2,-12.1,0.0
SY1.DE,ab2023,3.0,0,63,-3.5,-23.3,1.6
SY1.DE,ab2023,3.0,1,143,-6.5,-14.2,4.2
SY1.DE,ab2023,3.0,2,36,-12.3,-25.8,5.6
SY1.DE,ab2023,3.0,3,5,-22.1,-20.6,0.0
SY1.DE,bis2022,3.0,0,341,6.0,-13.0,1.2
SY1.DE,bis2022,3.0,1,631,-0.4,-14.1,0.8
SY1.DE,bis2022,3.0,2,182,-2.1,-12.8,1.1
SY1.DE,bis2022,3.0,3,22,-11.3,-22.6,0.0
SYK,ab2023,3.0,0,98,9.2,-17.8,0.0
SYK,ab2023,3.0,1,136,1.9,-23.3,0.0
SYK,ab2023,3.0,2,43,15.4,6.9,0.0
SYK,ab2023,3.0,3,1,34.0,34.0,0.0
SYK,bis2022,3.0,0,410,6.1,-13.5,3.9
SYK,bis2022,3.0,1,654,6.7,-11.8,1.4
SYK,bis2022,3.0,2,160,16.2,0.1,0.6
SYK,bis2022,3.0,3,15,-1.4,-12.1,0.0
T,ab2023,3.0,0,77,0.5,-1.4,5.2
T,ab2023,3.0,1,115,-3.6,-17.5,2.6
T,ab2023,3.0,2,28,2.3,-3.4,0.0
T,ab2023,3.0,3,2,72.9,72.9,0.0
T,bis2022,3.0,0,356,0.0,-18.2,3.1
T,bis2022,3.0,1,656,-2.3,-12.1,2.3
T,bis2022,3.0,2,153,-5.7,-22.6,0.7
T,bis2022,3.0,3,14,-14.4,-27.7,0.0
TD,ab2023,3.0,0,89,8.9,-17.8,4.5
TD,ab2023,3.0,1,125,24.4,-5.5,4.0
TD,ab2023,3.0,2,42,3.4,-11.1,0.0
TD,ab2023,3.0,3,3,51.6,-32.1,0.0
TD,bis2022,3.0,0,389,1.7,-11.9,0.5
TD,bis2022,3.0,1,699,1.9,-9.2,0.1
TD,bis2022,3.0,2,172,11.3,-4.5,0.6
TD,bis2022,3.0,3,19,-11.1,-19.1,0.0
TEAM,ab2023,3.0,0,83,-3.7,-23.4,4.8
TEAM,ab2023,3.0,1,122,13.9,-9.8,3.3
TEAM,ab2023,3.0,2,44,16.1,-14.8,2.3
TEAM,ab2023,3.0,3,5,56.3,-0.8,0.0
TEAM,bis2022,3.0,0,148,15.5,-12.8,0.0
TEAM,bis2022,3.0,1,291,19.8,-0.7,0.7
TEAM,bis2022,3.0,2,65,5.4,-15.3,0.0
TEAM,bis2022,3.0,3,7,-22.9,-16.9,0.0
TJX,ab2023,3.0,0,80,29.5,15.4,0.0
TJX,ab2023,3.0,1,130,12.7,-0.5,0.0
TJX,ab2023,3.0,2,32,10.1,0.4,0.0
TJX,ab2023,3.0,3,5,-11.5,-2.6,0.0
TJX,bis2022,3.0,0,402,15.7,-2.4,1.0
TJX,bis2022,3.0,1,678,5.5,-9.8,0.4
TJX,bis2022,3.0,2,139,7.9,-13.7,0.7
TJX,bis2022,3.0,3,13,-11.7,-17.6,0.0
TM,ab2023,3.0,0,87,26.2,-13.3,1.1
TM,ab2023,3.0,1,174,10.4,-22.7,0.6
TM,ab2023,3.0,2,23,3.5,-6.9,0.0
TM,ab2023,3.0,3,1,-8.6,-8.6,0.0
TM,bis2022,3.0,0,439,-1.2,-24.3,3.6
TM,bis2022,3.0,1,671,3.8,-18.4,3.4
TM,bis2022,3.0,2,119,8.1,-6.0,0.8
TM,bis2022,3.0,3,8,1.2,-15.2,0.0
TMO,ab2023,3.0,0,72,-5.8,-13.0,2.8
TMO,ab2023,3.0,1,135,-1.2,-15.3,1.5
TMO,ab2023,3.0,2,53,-11.4,-24.3,0.0
TMO,ab2023,3.0,3,4,-2.7,-2.8,0.0
TMO,bis2022,3.0,0,350,8.9,-7.6,0.3
TMO,bis2022,3.0,1,640,7.7,-6.9,0.2
TMO,bis2022,3.0,2,188,15.0,-0.0,0.5
TMO,bis2022,3.0,3,17,12.0,-0.9,0.0
TMUS,ab2023,3.0,0,77,2.2,-13.7,1.3
TMUS,ab2023,3.0,1,127,4.9,-12.7,2.4
TMUS,ab2023,3.0,2,43,4.6,-13.5,0.0
TMUS,ab2023,3.0,3,2,-13.9,-13.9,0.0
TMUS,bis2022,3.0,0,317,14.6,-7.5,1.3
TMUS,bis2022,3.0,1,608,6.1,-9.8,0.8
TMUS,bis2022,3.0,2,142,0.6,-12.9,2.1
TMUS,bis2022,3.0,3,17,-16.0,-31.3,0.0
TRV,ab2023,3.0,0,83,3.2,-20.3,4.8
TRV,ab2023,3.0,1,133,16.2,-7.4,1.5
TRV,ab2023,3.0,2,43,10.9,5.2,0.0
TRV,ab2023,3.0,3,1,-40.1,-40.1,0.0
TRV,bis2022,3.0,0,407,0.9,-17.0,3.2
TRV,bis2022,3.0,1,679,-1.2,-16.4,1.5
TRV,bis2022,3.0,2,171,0.9,-9.3,1.8
TRV,bis2022,3.0,3,6,3.4,-18.8,0.0
TSLA,ab2023,3.0,0,80,18.7,-22.0,2.5
TSLA,ab2023,3.0,1,148,11.0,-14.0,3.4
TSLA,ab2023,3.0,2,23,35.5,-15.5,0.0
TSLA,ab2023,3.0,3,2,-20.9,-20.9,0.0
TSLA,bis2022,3.0,0,253,16.4,-9.6,1.6
TSLA,bis2022,3.0,1,463,21.0,-1.5,1.1
TSLA,bis2022,3.0,2,131,9.0,-6.9,0.0
TSLA,bis2022,3.0,3,14,-3.8,-14.0,0.0
TSM,ab2023,3.0,0,90,40.1,4.4,3.3
TSM,ab2023,3.0,1,147,24.8,9.4,1.4
TSM,ab2023,3.0,2,21,17.1,-12.4,0.0
TSM,ab2023,3.0,3,2,101.3,101.3,0.0
TSM,bis2022,3.0,0,386,4.9,-10.3,2.6
TSM,bis2022,3.0,1,585,11.1,-9.8,1.4
TSM,bis2022,3.0,2,148,14.4,2.6,1.4
TSM,bis2022,3.0,3,8,4.4,-8.4,0.0
TTD,ab2023,3.0,0,76,6.1,-18.7,5.3
TTD,ab2023,3.0,1,143,3.5,-13.4,5.6
TTD,ab2023,3.0,2,41,9.0,-18.5,4.9
TTD,ab2023,3.0,3,3,50.0,8.3,0.0
TTD,bis2022,3.0,0,122,8.8,-23.5,0.8
TTD,bis2022,3.0,1,231,10.3,-18.8,0.4
TTD,bis2022,3.0,2,68,41.5,7.4,0.0
TTD,bis2022,3.0,3,8,-29.1,-24.8,12.5
TTE,ab2023,3.0,0,115,-5.0,-21.2,0.9
TTE,ab2023,3.0,1,121,-5.0,-17.6,0.0
TTE,ab2023,3.0,2,39,7.9,-4.4,0.0
TTE,bis2022,3.0,0,421,3.2,-16.4,0.5
TTE,bis2022,3.0,1,686,-3.0,-14.2,0.1
TTE,bis2022,3.0,2,175,5.1,-12.3,0.0
TTE,bis2022,3.0,3,13,14.5,-17.9,0.0
TTWO,ab2023,3.0,0,71,-1.8,-17.7,8.5
TTWO,ab2023,3.0,1,154,2.1,-4.6,3.2
TTWO,ab2023,3.0,2,32,4.6,3.8,0.0
TTWO,ab2023,3.0,3,2,-27.2,-27.2,0.0
TTWO,bis2022,3.0,0,346,3.3,-12.4,2.0
TTWO,bis2022,3.0,1,638,5.5,-9.2,0.9
TTWO,bis2022,3.0,2,170,9.1,-4.1,1.2
TTWO,bis2022,3.0,3,15,9.4,-7.4,6.7
TXN,ab2023,3.0,0,86,-0.5,-21.4,2.3
TXN,ab2023,3.0,1,144,7.6,-12.5,0.7
TXN,ab2023,3.0,2,55,12.5,-4.2,0.0
TXN,ab2023,3.0,3,1,-46.1,-46.1,0.0
TXN,bis2022,3.0,0,417,8.7,-6.6,1.0
TXN,bis2022,3.0,1,693,-0.3,-13.6,0.9
TXN,bis2022,3.0,2,141,-5.2,-18.9,1.4
TXN,bis2022,3.0,3,7,44.0,20.1,0.0
UBER,ab2023,3.0,0,82,-16.2,-34.6,2.4
UBER,ab2023,3.0,1,135,-4.8,-18.6,2.2
UBER,ab2023,3.0,2,36,-2.4,-12.4,2.8
UBER,ab2023,3.0,3,2,53.8,53.8,0.0
UBER,bis2022,3.0,0,95,12.9,-19.4,0.0
UBER,bis2022,3.0,1,148,-13.2,-29.4,0.7
UBER,bis2022,3.0,2,18,-8.8,-20.3,0.0
UBER,bis2022,3.0,3,2,39.0,39.0,0.0
UBS,ab2023,3.0,0,83,20.7,-10.0,4.8
UBS,ab2023,3.0,1,150,12.3,-4.8,1.3
UBS,ab2023,3.0,2,33,9.1,0.6,0.0
UBS,bis2022,3.0,0,426,-4.1,-26.8,2.3
UBS,bis2022,3.0,1,613,-7.6,-21.3,1.0
UBS,bis2022,3.0,2,140,1.0,-11.1,0.7
UBS,bis2022,3.0,3,14,-5.3,-22.6,0.0
UL,ab2023,3.0,0,90,0.1,-15.0,3.3
UL,ab2023,3.0,1,143,-12.2,-25.6,3.5
UL,ab2023,3.0,2,43,-6.9,-21.3,2.3
UL,ab2023,3.0,3,4,5.0,7.6,25.0
UL,bis2022,3.0,0,419,-2.5,-20.1,2.4
UL,bis2022,3.0,1,653,-1.0,-14.4,1.1
UL,bis2022,3.0,2,162,-2.8,-15.5,1.2
UL,bis2022,3.0,3,9,-18.6,-28.7,0.0
UNH,ab2023,3.0,0,73,-9.8,-32.0,5.5
UNH,ab2023,3.0,1,126,-1.7,-6.3,7.9
UNH,ab2023,3.0,2,44,5.1,-14.9,9.1
UNH,ab2023,3.0,3,7,38.3,25.2,0.0
UNH,bis2022,3.0,0,396,5.0,-11.5,2.5
UNH,bis2022,3.0,1,691,4.5,-10.8,1.3
UNH,bis2022,3.0,2,117,10.7,-13.4,2.6
UNH,bis2022,3.0,3,4,12.7,3.0,0.0
UNP,ab2023,3.0,0,87,4.6,-34.6,0.0
UNP,ab2023,3.0,1,124,14.6,-9.4,0.0
UNP,ab2023,3.0,2,46,23.1,15.0,0.0
UNP,ab2023,3.0,3,4,-21.3,-30.2,0.0
UNP,bis2022,3.0,0,388,1.5,-11.1,2.3
UNP,bis2022,3.0,1,639,-0.3,-12.3,1.6
UNP,bis2022,3.0,2,204,14.3,-8.4,0.5
UNP,bis2022,3.0,3,9,1.3,-10.4,0.0
UPS,ab2023,3.0,0,73,-7.8,-15.5,9.6
UPS,ab2023,3.0,1,127,-6.1,-11.0,10.2
UPS,ab2023,3.0,2,48,-11.8,-17.4,4.2
UPS,ab2023,3.0,3,4,-21.1,-29.0,0.0
UPS,bis2022,3.0,0,410,-2.5,-19.1,4.9
UPS,bis2022,3.0,1,685,4.3,-17.2,2.5
UPS,bis2022,3.0,2,129,-3.4,-21.9,0.0
UPS,bis2022,3.0,3,10,11.4,12.9,0.0
USB,ab2023,3.0,0,83,17.0,-17.9,0.0
USB,ab2023,3.0,1,142,17.1,-14.8,0.7
USB,ab2023,3.0,2,43,28.6,3.9,0.0
USB,ab2023,3.0,3,3,4.7,-19.1,0.0
USB,bis2022,3.0,0,446,-3.0,-20.4,2.2
USB,bis2022,3.0,1,680,-1.1,-17.8,0.9
USB,bis2022,3.0,2,136,-0.6,-17.8,1.5
USB,bis2022,3.0,3,9,6.9,-11.7,0.0
V,ab2023,3.0,0,74,-6.6,-13.0,0.0
V,ab2023,3.0,1,131,-3.4,-13.2,1.5
V,ab2023,3.0,2,54,8.0,-0.9,0.0
V,ab2023,3.0,3,2,-46.6,-46.6,0.0
V,bis2022,3.0,0,330,17.1,-2.9,0.9
V,bis2022,3.0,1,638,5.8,-10.2,0.8
V,bis2022,3.0,2,142,15.8,-0.1,0.7
V,bis2022,3.0,3,10,-9.6,-17.4,0.0
VLO,ab2023,3.0,0,79,15.8,-0.1,3.8
VLO,ab2023,3.0,1,149,0.6,-14.4,1.3
VLO,ab2023,3.0,2,30,16.6,2.0,0.0
VLO,ab2023,3.0,3,3,53.0,96.8,0.0
VLO,bis2022,3.0,0,337,11.5,-18.0,0.0
VLO,bis2022,3.0,1,619,11.3,-10.7,0.3
VLO,bis2022,3.0,2,172,21.8,-3.6,0.6
VLO,bis2022,3.0,3,9,-33.1,-45.9,0.0
VNA.DE,ab2023,3.0,0,76,2.5,-8.2,0.0
VNA.DE,ab2023,3.0,1,144,-4.9,-17.4,2.8
VNA.DE,ab2023,3.0,2,40,-5.3,-19.0,0.0
VNA.DE,ab2023,3.0,3,1,-22.6,-22.6,0.0
VNA.DE,bis2022,3.0,0,183,11.4,-4.7,1.6
VNA.DE,bis2022,3.0,1,376,3.7,-10.2,0.0
VNA.DE,bis2022,3.0,2,119,12.7,-1.7,0.0
VNA.DE,bis2022,3.0,3,7,-11.5,-24.4,0.0
VOW3.DE,ab2023,3.0,0,72,-15.9,-33.6,4.2
VOW3.DE,ab2023,3.0,1,132,-15.4,-24.0,4.5
VOW3.DE,ab2023,3.0,2,36,10.9,-1.4,0.0
VOW3.DE,ab2023,3.0,3,3,-20.7,-47.2,0.0
VOW3.DE,bis2022,3.0,0,336,4.1,-18.1,1.8
VOW3.DE,bis2022,3.0,1,614,4.6,-19.3,2.4
VOW3.DE,bis2022,3.0,2,185,6.0,-9.7,1.6
VOW3.DE,bis2022,3.0,3,8,17.5,-22.5,12.5
VRSK,ab2023,3.0,0,82,-12.5,-25.6,4.9
VRSK,ab2023,3.0,1,144,-4.5,-12.2,2.8
VRSK,ab2023,3.0,2,41,-9.6,-16.0,4.9
VRSK,ab2023,3.0,3,3,6.8,-8.1,0.0
VRSK,bis2022,3.0,0,298,10.8,-6.6,3.7
VRSK,bis2022,3.0,1,525,9.8,-9.3,3.6
VRSK,bis2022,3.0,2,152,6.3,-11.0,0.7
VRSK,bis2022,3.0,3,9,-3.4,-29.6,0.0
VRTX,ab2023,3.0,0,80,7.1,-10.2,6.2
VRTX,ab2023,3.0,1,127,-0.7,-16.8,2.4
VRTX,ab2023,3.0,2,43,50.4,48.9,7.0
VRTX,ab2023,3.0,3,1,62.1,62.1,0.0
VRTX,bis2022,3.0,0,339,7.2,-13.0,2.9
VRTX,bis2022,3.0,1,671,4.1,-20.0,1.8
VRTX,bis2022,3.0,2,118,6.1,-4.4,0.8
VRTX,bis2022,3.0,3,9,14.1,9.8,0.0
VZ,ab2023,3.0,0,66,-7.6,-26.7,10.6
VZ,ab2023,3.0,1,147,-6.0,-21.5,4.8
VZ,ab2023,3.0,2,32,18.5,6.7,0.0
VZ,ab2023,3.0,3,3,-13.6,-39.8,0.0
VZ,bis2022,3.0,0,380,1.0,-24.4,1.1
VZ,bis2022,3.0,1,640,1.7,-17.3,0.8
VZ,bis2022,3.0,2,147,5.3,-9.6,0.7
VZ,bis2022,3.0,3,7,-24.3,-35.5,0.0
WBD,ab2023,3.0,0,68,5.5,-27.7,5.9
WBD,ab2023,3.0,1,141,14.1,-14.7,1.4
WBD,ab2023,3.0,2,40,25.2,-4.1,5.0
WBD,ab2023,3.0,3,1,-53.5,-53.5,0.0
WBD,bis2022,3.0,0,308,3.8,-13.3,1.6
WBD,bis2022,3.0,1,621,2.7,-14.5,0.2
WBD,bis2022,3.0,2,210,0.1,-15.9,1.4
WBD,bis2022,3.0,3,20,3.8,-0.5,0.0
WDAY,ab2023,3.0,0,93,-15.1,-30.4,4.3
WDAY,ab2023,3.0,1,122,-2.7,-24.2,3.3
WDAY,ab2023,3.0,2,49,-16.1,-33.1,12.2
WDAY,ab2023,3.0,3,4,-23.8,-12.6,25.0
WDAY,bis2022,3.0,0,219,0.0,-20.2,2.7
WDAY,bis2022,3.0,1,379,4.3,-13.9,1.6
WDAY,bis2022,3.0,2,106,8.5,-11.1,0.0
WDAY,bis2022,3.0,3,11,-6.6,-6.8,0.0
WDC,ab2023,3.0,0,84,57.7,22.1,0.0
WDC,ab2023,3.0,1,157,40.0,10.4,0.6
WDC,ab2023,3.0,2,39,40.9,5.1,2.6
WDC,ab2023,3.0,3,3,101.7,174.3,0.0
WDC,bis2022,3.0,0,353,9.7,-7.7,2.0
WDC,bis2022,3.0,1,620,5.4,-15.5,0.5
WDC,bis2022,3.0,2,180,7.8,-11.3,0.6
WDC,bis2022,3.0,3,12,-12.6,-14.3,0.0
WELL,ab2023,3.0,0,74,19.2,3.2,0.0
WELL,ab2023,3.0,1,169,12.6,-0.2,0.6
WELL,ab2023,3.0,2,15,23.2,5.4,0.0
WELL,bis2022,3.0,0,351,2.9,-17.6,1.4
WELL,bis2022,3.0,1,628,2.8,-11.9,0.3
WELL,bis2022,3.0,2,147,6.2,-17.6,0.0
WELL,bis2022,3.0,3,15,6.8,11.0,0.0
WFC,ab2023,3.0,0,74,2.8,-24.2,2.7
WFC,ab2023,3.0,1,145,8.4,-11.1,0.7
WFC,ab2023,3.0,2,35,17.6,8.5,0.0
WFC,ab2023,3.0,3,4,34.4,32.0,0.0
WFC,bis2022,3.0,0,395,-5.5,-19.4,1.8
WFC,bis2022,3.0,1,666,-2.3,-16.5,0.9
WFC,bis2022,3.0,2,185,1.8,-14.2,0.0
WFC,bis2022,3.0,3,16,0.7,-8.0,0.0
WMT,ab2023,3.0,0,74,0.7,-22.7,6.8
WMT,ab2023,3.0,1,131,24.4,-0.9,1.5
WMT,ab2023,3.0,2,20,19.2,-6.3,5.0
WMT,ab2023,3.0,3,4,103.4,109.9,0.0
WMT,bis2022,3.0,0,407,1.1,-19.0,3.9
WMT,bis2022,3.0,1,629,5.4,-11.4,1.3
WMT,bis2022,3.0,2,153,2.0,-4.9,2.0
WMT,bis2022,3.0,3,8,-1.2,-38.4,0.0
XEL,ab2023,3.0,0,72,-3.9,-24.6,1.4
XEL,ab2023,3.0,1,132,0.8,-8.6,0.8
XEL,ab2023,3.0,2,36,-14.6,-19.1,0.0
XEL,ab2023,3.0,3,5,48.3,51.3,0.0
XEL,bis2022,3.0,0,339,7.6,-9.3,0.9
XEL,bis2022,3.0,1,645,5.9,-4.5,0.5
XEL,bis2022,3.0,2,169,14.7,-1.3,0.0
XEL,bis2022,3.0,3,11,-10.5,-28.1,0.0
XOM,ab2023,3.0,0,90,-0.6,-15.2,0.0
XOM,ab2023,3.0,1,153,2.8,-16.0,0.0
XOM,ab2023,3.0,2,34,5.5,-1.0,0.0
XOM,ab2023,3.0,3,2,97.5,97.5,0.0
XOM,bis2022,3.0,0,472,2.8,-16.4,1.3
XOM,bis2022,3.0,1,689,3.5,-13.5,0.9
XOM,bis2022,3.0,2,138,5.8,-10.7,0.0
XOM,bis2022,3.0,3,8,-3.3,-10.8,0.0
ZAL.DE,ab2023,3.0,0,78,-3.2,-21.0,3.8
ZAL.DE,ab2023,3.0,1,123,-13.4,-27.4,3.3
ZAL.DE,ab2023,3.0,2,33,3.9,-11.2,3.0
ZAL.DE,ab2023,3.0,3,4,-0.7,-29.7,0.0
ZAL.DE,bis2022,3.0,0,143,11.9,-4.6,5.6
ZAL.DE,bis2022,3.0,1,297,11.7,-6.7,3.0
ZAL.DE,bis2022,3.0,2,119,5.6,-13.0,3.4
ZAL.DE,bis2022,3.0,3,7,-39.0,-30.3,14.3
ZS,ab2023,3.0,0,65,11.3,-0.6,7.7
ZS,ab2023,3.0,1,133,10.5,-8.5,3.0
ZS,ab2023,3.0,2,48,-6.6,-24.8,0.0
ZS,ab2023,3.0,3,1,-29.6,-29.6,0.0
ZS,bis2022,3.0,0,84,2.8,-16.4,1.2
ZS,bis2022,3.0,1,187,8.7,-6.3,2.7
ZS,bis2022,3.0,2,58,20.1,5.8,1.7
ZS,bis2022,3.0,3,3,-17.1,-23.3,0.0
