ticker,position,faelle,anstieg_median_atr,haelt_0.25_atr_pct,haelt_0.5_atr_pct,haelt_0.75_atr_pct,haelt_1.0_atr_pct,haelt_1.25_atr_pct,haelt_1.5_atr_pct,haelt_1.75_atr_pct,haelt_2.0_atr_pct,haelt_2.25_atr_pct,haelt_2.5_atr_pct,haelt_2.75_atr_pct,haelt_3.0_atr_pct,haelt_3.25_atr_pct,haelt_3.5_atr_pct,haelt_3.75_atr_pct,haelt_4.0_atr_pct,ohne_puffer_pct,p10,p25,p50,p75,p80,p85,p90,p95,p99,max
AAPL,alle,51,23.53,35.3,37.3,43.1,45.1,49.0,54.9,56.9,58.8,58.8,58.8,60.8,62.7,64.7,66.7,66.7,72.5,25.49,0.0,0.01,1.35,4.08,4.92,6.8,7.88,8.48,11.58,11.85
AAPL,Tief 1,24,24.09,37.5,37.5,41.7,41.7,41.7,41.7,45.8,50.0,50.0,50.0,54.2,54.2,58.3,62.5,62.5,70.8,25.0,0.0,0.02,2.19,4.05,4.89,7.01,8.26,10.87,11.72,11.85
AAPL,Tief 2,13,19.6,23.1,30.8,30.8,38.5,38.5,53.8,53.8,53.8,53.8,53.8,53.8,53.8,53.8,53.8,53.8,61.5,15.38,0.02,0.33,1.39,5.13,6.62,7.78,8.29,8.48,8.49,8.5
AAPL,Tief 3,7,28.85,14.3,14.3,28.6,28.6,42.9,57.1,57.1,57.1,57.1,57.1,57.1,71.4,71.4,71.4,71.4,71.4,14.29,0.38,0.94,1.35,3.59,3.95,4.56,5.66,6.77,7.66,7.88
AAPL,Tief 4,5,25.42,60.0,60.0,80.0,80.0,100.0,100.0,100.0,100.0,100.0,100.0,100.0,100.0,100.0,100.0,100.0,100.0,40.0,0.0,0.0,0.1,0.55,0.67,0.78,0.89,1.0,1.08,1.11
AAPL,Tief 5,2,38.41,100.0,100.0,100.0,100.0,100.0,100.0,100.0,100.0,100.0,100.0,100.0,100.0,100.0,100.0,100.0,100.0,100.0,0.0,0.0,0.0,0.0,0.0,0.0,0.0,0.0,0.0,0.0
ABNB,alle,56,13.42,23.2,26.8,26.8,33.9,35.7,39.3,41.1,44.6,51.8,53.6,57.1,60.7,64.3,66.1,69.6,69.6,19.64,0.0,0.47,2.16,4.63,6.2,6.62,6.99,8.45,11.76,13.29
ABNB,Tief 1,28,12.22,17.9,21.4,21.4,28.6,28.6,35.7,39.3,42.9,46.4,50.0,50.0,53.6,57.1,60.7,64.3,64.3,14.29,0.0,0.86,2.63,5.28,6.39,6.61,7.13,9.6,12.54,13.29
ABNB,Tief 2,16,14.96,25.0,25.0,25.0,31.2,37.5,37.5,37.5,37.5,50.0,50.0,62.5,62.5,62.5,62.5,68.8,68.8,18.75,0.0,0.68,2.34,4.63,4.8,6.16,6.84,7.37,8.09,8.27
ABNB,Tief 3,8,13.75,25.0,25.0,25.0,37.5,37.5,37.5,37.5,50.0,62.5,62.5,62.5,62.5,75.0,75.0,75.0,75.0,25.0,0.0,0.69,2.04,4.04,5.37,6.71,7.53,8.26,8.85,8.99
ABNB,Tief 4,3,13.87,33.3,66.7,66.7,66.7,66.7,66.7,66.7,66.7,66.7,66.7,66.7,100.0,100.0,100.0,100.0,100.0,33.33,0.1,0.24,0.48,1.64,1.87,2.1,2.33,2.57,2.75,2.8
ABNB,Tief 5,1,16.1,100.0,100.0,100.0,100.0,100.0,100.0,100.0,100.0,100.0,100.0,100.0,100.0,100.0,100.0,100.0,100.0,100.0,0.0,0.0,0.0,0.0,0.0,0.0,0.0,0.0,0.0,0.0
ADBE,alle,60,3.1,6.7,8.3,8.3,10.0,10.0,10.0,13.3,15.0,15.0,20.0,26.7,30.0,35.0,35.0,36.7,41.7,6.67,1.57,2.73,4.3,6.98,7.64,8.17,8.56,9.82,11.48,12.23
ADBE,Tief 1,22,2.62,0.0,4.5,4.5,4.5,4.5,4.5,4.5,4.5,4.5,18.2,18.2,27.3,31.8,31.8,31.8,31.8,0.0,2.44,3.02,4.45,6.43,7.71,8.59,10.49,10.96,11.96,12.23
ADBE,Tief 2,13,3.02,15.4,15.4,15.4,15.4,15.4,15.4,23.1,23.1,23.1,23.1,23.1,23.1,30.8,30.8,38.5,38.5,15.38,0.33,3.19,4.96,8.17,8.26,8.37,8.5,9.03,9.63,9.77
ADBE,Tief 3,10,3.28,10.0,10.0,10.0,10.0,10.0,10.0,20.0,20.0,20.0,20.0,30.0,30.0,30.0,30.0,30.0,40.0,10.0,1.5,3.0,5.15,7.01,7.22,7.42,7.77,8.64,9.35,9.52
ADBE,Tief 4,7,3.88,14.3,14.3,14.3,14.3,14.3,14.3,14.3,14.3,14.3,14.3,28.6,28.6,28.6,28.6,28.6,42.9,14.29,1.61,3.27,4.32,5.56,6.18,6.75,7.23,7.71,8.09,8.19
ADBE,Tief 5,4,4.66,0.0,0.0,0.0,25.0,25.0,25.0,25.0,25.0,25.0,25.0,50.0,50.0,50.0,50.0,50.0,75.0,0.0,1.37,2.11,3.14,4.63,5.15,5.68,6.2,6.73,7.15,7.25
ADBE,Tief 6,3,7.92,0.0,0.0,0.0,0.0,0.0,0.0,0.0,33.3,33.3,33.3,33.3,33.3,66.7,66.7,66.7,66.7,0.0,2.18,2.56,3.19,5.55,6.02,6.49,6.96,7.43,7.81,7.9
ADBE,Tief 7,1,11.1,0.0,0.0,0.0,0.0,0.0,0.0,0.0,0.0,0.0,0.0,100.0,100.0,100.0,100.0,100.0,100.0,0.0,2.74,2.74,2.74,2.74,2.74,2.74,2.74,2.74,2.74,2.74
ADI,alle,63,39.61,31.7,38.1,46.0,47.6,52.4,55.6,55.6,58.7,61.9,63.5,71.4,74.6,77.8,79.4,79.4,79.4,25.4,0.0,0.02,1.1,2.98,3.77,4.45,5.47,6.16,7.07,7.17
ADI,Tief 1,27,36.86,22.2,33.3,40.7,40.7,44.4,48.1,48.1,51.9,55.6,55.6,70.4,74.1,77.8,77.8,77.8,77.8,18.52,0.0,0.36,1.95,2.96,4.03,4.42,4.51,4.66,5.58,5.9
ADI,Tief 2,18,41.92,33.3,33.3,33.3,38.9,44.4,50.0,50.0,55.6,61.1,66.7,66.7,72.2,77.8,83.3,83.3,83.3,33.33,0.0,0.0,1.66,3.07,3.29,3.67,4.54,5.82,6.12,6.19
ADI,Tief 3,9,42.92,22.2,22.2,55.6,55.6,66.7,66.7,66.7,66.7,66.7,66.7,77.8,77.8,77.8,77.8,77.8,77.8,11.11,0.17,0.58,0.7,2.68,3.87,5.06,5.8,6.07,6.29,6.35
ADI,Tief 4,5,34.22,60.0,80.0,80.0,80.0,80.0,80.0,80.0,80.0,80.0,80.0,80.0,80.0,80.0,80.0,80.0,80.0,40.0,0.0,0.0,0.09,0.28,1.66,3.04,4.42,5.8,6.9,7.17
ADI,Tief 5,3,41.66,66.7,66.7,66.7,66.7,66.7,66.7,66.7,66.7,66.7,66.7,66.7,66.7,66.7,66.7,66.7,66.7,33.33,0.01,0.02,0.03,3.52,4.22,4.91,5.61,6.31,6.87,7.01
ADI,Tief 6,1,14.11,100.0,100.0,100.0,100.0,100.0,100.0,100.0,100.0,100.0,100.0,100.0,100.0,100.0,100.0,100.0,100.0,100.0,0.0,0.0,0.0,0.0,0.0,0.0,0.0,0.0,0.0,0.0
ADP,alle,58,11.27,25.9,29.3,31.0,34.5,36.2,41.4,44.8,46.6,50.0,53.4,60.3,62.1,63.8,65.5,65.5,65.5,22.41,0.0,0.27,2.26,6.49,7.93,9.55,11.31,13.55,14.09,14.23
ADP,Tief 1,22,13.28,22.7,27.3,27.3,31.8,31.8,40.9,45.5,50.0,54.5,59.1,63.6,63.6,68.2,68.2,68.2,68.2,13.64,0.02,0.58,1.93,4.54,5.72,7.95,11.75,13.47,13.89,13.98
ADP,Tief 2,14,13.41,42.9,42.9,42.9,42.9,50.0,50.0,57.1,57.1,57.1,64.3,64.3,64.3,64.3,71.4,71.4,71.4,42.86,0.0,0.0,1.37,3.97,6.56,10.16,10.83,12.0,13.28,13.6
ADP,Tief 3,8,12.11,12.5,25.0,37.5,50.0,50.0,62.5,62.5,62.5,62.5,62.5,75.0,75.0,75.0,75.0,75.0,75.0,12.5,0.32,0.61,1.15,3.77,5.38,6.99,9.32,11.78,13.74,14.23
ADP,Tief 4,6,15.66,50.0,50.0,50.0,50.0,50.0,50.0,50.0,50.0,50.0,50.0,66.7,83.3,83.3,83.3,83.3,83.3,50.0,0.0,0.0,1.33,2.8,2.84,5.06,7.28,9.49,11.27,11.71
ADP,Tief 5,3,9.26,0.0,0.0,0.0,0.0,0.0,0.0,0.0,0.0,33.3,33.3,66.7,66.7,66.7,66.7,66.7,66.7,0.0,2.32,2.44,2.64,6.23,6.94,7.66,8.38,9.1,9.67,9.81
ADP,Tief 6,1,0.25,0.0,0.0,0.0,0.0,0.0,0.0,0.0,0.0,0.0,0.0,0.0,0.0,0.0,0.0,0.0,0.0,0.0,8.96,8.96,8.96,8.96,8.96,8.96,8.96,8.96,8.96,8.96
ADP,Tief 7,1,0.67,0.0,0.0,0.0,0.0,0.0,0.0,0.0,0.0,0.0,0.0,0.0,0.0,0.0,0.0,0.0,0.0,0.0,6.66,6.66,6.66,6.66,6.66,6.66,6.66,6.66,6.66,6.66
ADP,Tief 8,1,1.04,0.0,0.0,0.0,0.0,0.0,0.0,0.0,0.0,0.0,0.0,0.0,0.0,0.0,0.0,0.0,0.0,0.0,7.37,7.37,7.37,7.37,7.37,7.37,7.37,7.37,7.37,7.37
ADP,Tief 9,1,5.9,0.0,0.0,0.0,0.0,0.0,0.0,0.0,0.0,0.0,0.0,0.0,0.0,0.0,0.0,0.0,0.0,0.0,4.61,4.61,4.61,4.61,4.61,4.61,4.61,4.61,4.61,4.61
ADP,Tief 10,1,8.64,0.0,0.0,0.0,0.0,0.0,0.0,0.0,0.0,0.0,0.0,0.0,0.0,0.0,0.0,0.0,0.0,0.0,9.33,9.33,9.33,9.33,9.33,9.33,9.33,9.33,9.33,9.33
ADS.DE,alle,60,7.24,20.0,21.7,26.7,30.0,36.7,38.3,40.0,43.3,46.7,50.0,51.7,51.7,55.0,58.3,61.7,63.3,16.67,0.0,0.68,2.5,6.97,7.4,8.36,9.27,12.32,13.22,13.36
ADS.DE,Tief 1,21,8.25,14.3,14.3,14.3,14.3,28.6,33.3,33.3,33.3,38.1,38.1,38.1,38.1,42.9,52.4,57.1,57.1,14.29,0.0,1.16,3.41,8.35,8.56,9.01,12.23,13.08,13.12,13.13
ADS.DE,Tief 2,15,6.87,6.7,13.3,26.7,26.7,26.7,26.7,26.7,26.7,26.7,40.0,46.7,46.7,53.3,53.3,53.3,60.0,6.67,0.44,1.48,3.09,6.51,7.17,7.43,9.9,11.76,12.18,12.28
ADS.DE,Tief 3,10,7.28,30.0,30.0,30.0,40.0,50.0,50.0,50.0,60.0,60.0,60.0,60.0,60.0,60.0,60.0,70.0,70.0,10.0,0.12,0.33,1.56,6.13,7.16,7.66,8.58,10.97,12.88,13.36
ADS.DE,Tief 4,7,7.71,28.6,28.6,42.9,57.1,57.1,57.1,71.4,71.4,85.7,85.7,85.7,85.7,85.7,85.7,85.7,85.7,28.57,0.0,0.32,0.79,1.9,2.03,2.75,4.64,6.53,8.04,8.42
ADS.DE,Tief 5,4,7.84,50.0,50.0,50.0,50.0,50.0,50.0,50.0,75.0,75.0,75.0,75.0,75.0,75.0,75.0,75.0,75.0,50.0,0.0,0.0,0.88,2.76,3.36,3.95,4.55,5.15,5.63,5.75
ADS.DE,Tief 6,1,1.3,0.0,0.0,0.0,0.0,0.0,0.0,0.0,0.0,0.0,0.0,0.0,0.0,0.0,0.0,0.0,0.0,0.0,6.93,6.93,6.93,6.93,6.93,6.93,6.93,6.93,6.93,6.93
ADS.DE,Tief 7,1,1.23,0.0,0.0,0.0,0.0,0.0,0.0,0.0,0.0,0.0,0.0,0.0,0.0,0.0,0.0,0.0,0.0,0.0,7.39,7.39,7.39,7.39,7.39,7.39,7.39,7.39,7.39,7.39
ADS.DE,Tief 8,1,3.69,100.0,100.0,100.0,100.0,100.0,100.0,100.0,100.0,100.0,100.0,100.0,100.0,100.0,100.0,100.0,100.0,100.0,0.0,0.0,0.0,0.0,0.0,0.0,0.0,0.0,0.0,0.0
ADSK,alle,51,6.05,21.6,23.5,23.5,25.5,27.5,33.3,33.3,39.2,41.2,41.2,41.2,43.1,47.1,51.0,51.0,52.9,17.65,0.0,0.94,3.36,7.08,7.54,8.5,9.95,11.08,12.8,12.9
ADSK,Tief 1,22,8.45,9.1,9.1,9.1,13.6,18.2,18.2,18.2,31.8,31.8,31.8,31.8,36.4,40.9,50.0,50.0,50.0,9.09,0.8,1.93,3.8,7.53,7.58,9.44,9.93,10.01,10.02,10.02
ADSK,Tief 2,13,9.51,30.8,38.5,38.5,38.5,38.5,53.8,53.8,53.8,53.8,53.8,53.8,53.8,61.5,61.5,61.5,69.2,30.77,0.0,0.0,1.43,6.19,6.34,6.74,7.63,9.84,12.14,12.71
ADSK,Tief 3,8,6.4,37.5,37.5,37.5,37.5,37.5,37.5,37.5,37.5,37.5,37.5,37.5,37.5,37.5,37.5,37.5,37.5,25.0,0.0,0.12,5.01,5.71,6.16,6.6,6.93,7.23,7.47,7.53
ADSK,Tief 4,3,2.32,0.0,0.0,0.0,0.0,0.0,33.3,33.3,33.3,66.7,66.7,66.7,66.7,66.7,66.7,66.7,66.7,0.0,1.52,1.73,2.08,4.1,4.5,4.91,5.31,5.71,6.04,6.12
ADSK,Tief 5,3,4.11,66.7,66.7,66.7,66.7,66.7,66.7,66.7,66.7,66.7,66.7,66.7,66.7,66.7,66.7,66.7,66.7,33.33,0.02,0.05,0.09,4.58,5.47,6.37,7.27,8.16,8.88,9.06
ADSK,Tief 6,1,3.04,0.0,0.0,0.0,0.0,0.0,0.0,0.0,0.0,0.0,0.0,0.0,0.0,0.0,0.0,0.0,0.0,0.0,12.9,12.9,12.9,12.9,12.9,12.9,12.9,12.9,12.9,12.9
ADSK,Tief 7,1,4.35,0.0,0.0,0.0,0.0,0.0,0.0,0.0,0.0,0.0,0.0,0.0,0.0,0.0,0.0,0.0,0.0,0.0,12.14,12.14,12.14,12.14,12.14,12.14,12.14,12.14,12.14,12.14
AEP,alle,60,31.22,28.3,35.0,45.0,48.3,55.0,58.3,60.0,61.7,66.7,68.3,70.0,76.7,80.0,80.0,81.7,85.0,21.67,0.0,0.17,1.08,2.91,3.32,3.93,4.08,4.98,7.23,8.19
AEP,Tief 1,26,26.34,23.1,23.1,26.9,30.8,34.6,34.6,38.5,42.3,50.0,50.0,53.8,61.5,69.2,69.2,73.1,76.9,15.38,0.0,0.72,2.39,3.8,4.07,4.09,4.53,5.88,7.69,8.19
AEP,Tief 2,16,27.23,18.8,31.2,50.0,56.2,62.5,68.8,68.8,68.8,75.0,75.0,75.0,87.5,87.5,87.5,87.5,93.8,12.5,0.0,0.36,0.75,2.25,2.78,2.94,3.45,4.57,6.16,6.56
AEP,Tief 3,11,33.13,36.4,54.5,72.7,72.7,90.9,90.9,90.9,90.9,90.9,90.9,90.9,90.9,90.9,90.9,90.9,90.9,36.36,0.0,0.0,0.41,0.88,1.11,1.13,1.15,2.93,4.36,4.72
AEP,Tief 4,4,39.81,75.0,75.0,75.0,75.0,75.0,75.0,75.0,75.0,75.0,75.0,75.0,75.0,75.0,75.0,75.0,75.0,50.0,0.0,0.0,0.1,1.17,1.75,2.33,2.91,3.49,3.96,4.07
AEP,Tief 5,2,38.42,50.0,50.0,50.0,50.0,50.0,50.0,50.0,50.0,50.0,100.0,100.0,100.0,100.0,100.0,100.0,100.0,50.0,0.24,0.6,1.21,1.81,1.93,2.06,2.18,2.3,2.39,2.42
AEP,Tief 6,1,27.87,0.0,0.0,0.0,0.0,0.0,100.0,100.0,100.0,100.0,100.0,100.0,100.0,100.0,100.0,100.0,100.0,0.0,1.34,1.34,1.34,1.34,1.34,1.34,1.34,1.34,1.34,1.34
AIR.DE,alle,59,21.6,33.9,39.0,40.7,44.1,44.1,44.1,49.2,52.5,52.5,52.5,52.5,55.9,57.6,59.3,61.0,61.0,25.42,0.0,0.04,1.76,5.81,6.09,7.49,10.16,13.36,15.7,16.26
AIR.DE,Tief 1,26,17.5,38.5,42.3,42.3,42.3,42.3,42.3,50.0,53.8,53.8,53.8,53.8,57.7,61.5,61.5,65.4,65.4,26.92,0.0,0.02,1.8,5.84,6.01,7.85,13.67,14.98,16.02,16.26
AIR.DE,Tief 2,14,20.9,28.6,28.6,28.6,35.7,35.7,35.7,35.7,42.9,42.9,42.9,42.9,42.9,42.9,50.0,50.0,50.0,28.57,0.0,0.23,4.1,9.01,10.01,10.15,10.21,10.79,11.62,11.83
AIR.DE,Tief 3,6,31.27,16.7,33.3,50.0,50.0,50.0,50.0,50.0,50.0,50.0,50.0,50.0,50.0,50.0,50.0,50.0,50.0,0.0,0.23,0.4,2.95,5.93,6.17,6.82,7.47,8.13,8.65,8.78
AIR.DE,Tief 4,6,32.3,33.3,50.0,50.0,50.0,50.0,50.0,50.0,50.0,50.0,50.0,50.0,50.0,50.0,50.0,50.0,50.0,33.33,0.0,0.09,2.33,4.76,4.92,5.42,5.93,6.43,6.84,6.94
AIR.DE,Tief 5,3,24.13,33.3,33.3,33.3,33.3,33.3,33.3,33.3,33.3,33.3,33.3,33.3,66.7,66.7,66.7,66.7,66.7,33.33,0.56,1.41,2.82,3.77,3.96,4.15,4.34,4.52,4.68,4.71
AIR.DE,Tief 6,2,15.28,50.0,50.0,50.0,50.0,50.0,50.0,100.0,100.0,100.0,100.0,100.0,100.0,100.0,100.0,100.0,100.0,0.0,0.36,0.56,0.88,1.19,1.26,1.32,1.39,1.45,1.5,1.51
AIR.DE,Tief 7,2,25.59,50.0,50.0,50.0,100.0,100.0,100.0,100.0,100.0,100.0,100.0,100.0,100.0,100.0,100.0,100.0,100.0,50.0,0.08,0.2,0.41,0.61,0.66,0.7,0.74,0.78,0.81,0.82
ALV.DE,alle,61,37.82,36.1,39.3,41.0,45.9,52.5,55.7,59.0,62.3,62.3,63.9,63.9,65.6,65.6,67.2,68.9,68.9,29.51,0.0,0.0,1.08,4.47,5.35,5.99,6.79,7.32,9.47,11.03
ALV.DE,Tief 1,29,45.44,17.2,24.1,24.1,27.6,31.0,34.5,41.4,44.8,44.8,48.3,48.3,51.7,51.7,51.7,51.7,51.7,17.24,0.0,0.76,2.97,5.99,6.8,7.16,7.48,8.3,10.3,11.03
ALV.DE,Tief 2,17,33.75,47.1,47.1,52.9,52.9,58.8,64.7,64.7,70.6,70.6,70.6,70.6,70.6,70.6,76.5,76.5,76.5,29.41,0.0,0.0,0.73,3.26,4.02,4.37,5.26,6.51,6.7,6.74
ALV.DE,Tief 3,9,26.43,44.4,44.4,44.4,55.6,77.8,77.8,77.8,77.8,77.8,77.8,77.8,77.8,77.8,77.8,88.9,88.9,33.33,0.0,0.0,0.79,1.08,2.08,3.09,4.04,4.94,5.65,5.83
ALV.DE,Tief 4,5,37.63,80.0,80.0,80.0,100.0,100.0,100.0,100.0,100.0,100.0,100.0,100.0,100.0,100.0,100.0,100.0,100.0,80.0,0.0,0.0,0.0,0.0,0.17,0.34,0.52,0.69,0.82,0.86
ALV.DE,Tief 5,1,21.73,100.0,100.0,100.0,100.0,100.0,100.0,100.0,100.0,100.0,100.0,100.0,100.0,100.0,100.0,100.0,100.0,100.0,0.0,0.0,0.0,0.0,0.0,0.0,0.0,0.0,0.0,0.0
AMAT,alle,68,87.16,33.8,36.8,42.6,44.1,47.1,51.5,57.4,58.8,60.3,66.2,67.6,70.6,75.0,75.0,80.9,82.4,30.88,0.0,0.0,1.47,3.29,3.73,4.71,6.04,7.41,9.22,9.28
AMAT,Tief 1,32,77.61,28.1,31.2,37.5,40.6,43.8,46.9,53.1,53.1,56.2,62.5,62.5,62.5,68.8,68.8,71.9,71.9,25.0,0.0,0.09,1.57,4.66,4.72,5.66,6.68,9.16,9.26,9.28
AMAT,Tief 2,20,92.21,40.0,45.0,50.0,50.0,50.0,60.0,70.0,70.0,70.0,70.0,70.0,80.0,80.0,80.0,85.0,90.0,35.0,0.0,0.0,0.97,2.9,3.1,3.62,4.17,6.65,7.3,7.46
AMAT,Tief 3,10,101.77,30.0,30.0,30.0,30.0,40.0,40.0,40.0,50.0,50.0,70.0,80.0,80.0,80.0,80.0,90.0,90.0,30.0,0.0,0.28,2.05,2.62,2.89,3.37,4.1,5.71,6.99,7.32
AMAT,Tief 4,4,70.53,50.0,50.0,75.0,75.0,75.0,75.0,75.0,75.0,75.0,75.0,75.0,75.0,75.0,75.0,100.0,100.0,50.0,0.0,0.0,0.25,1.3,1.78,2.26,2.74,3.22,3.61,3.7
AMAT,Tief 5,2,101.54,50.0,50.0,50.0,50.0,50.0,50.0,50.0,50.0,50.0,50.0,50.0,50.0,100.0,100.0,100.0,100.0,50.0,0.32,0.8,1.6,2.4,2.56,2.72,2.88,3.04,3.17,3.2
AMD,alle,61,67.22,29.5,36.1,36.1,36.1,44.3,45.9,50.8,52.5,55.7,55.7,59.0,63.9,67.2,70.5,72.1,72.1,24.59,0.0,0.02,1.65,4.62,4.94,6.19,6.95,7.7,8.34,8.44
AMD,Tief 1,25,56.18,36.0,44.0,44.0,44.0,56.0,60.0,64.0,64.0,72.0,72.0,76.0,76.0,76.0,84.0,88.0,88.0,32.0,0.0,0.0,1.17,2.55,3.31,3.58,4.47,5.98,7.67,8.13
AMD,Tief 2,11,58.54,36.4,36.4,36.4,36.4,45.5,45.5,54.5,63.6,63.6,63.6,63.6,72.7,81.8,81.8,81.8,81.8,27.27,0.0,0.08,1.62,3.0,3.03,3.95,4.86,5.95,6.81,7.03
AMD,Tief 3,8,55.48,37.5,37.5,37.5,37.5,37.5,37.5,50.0,50.0,50.0,50.0,50.0,62.5,75.0,75.0,75.0,75.0,37.5,0.0,0.0,2.2,3.43,3.99,4.54,5.38,6.27,6.98,7.15
AMD,Tief 4,5,71.33,0.0,40.0,40.0,40.0,40.0,40.0,40.0,40.0,40.0,40.0,60.0,60.0,60.0,60.0,60.0,60.0,0.0,0.3,0.37,2.53,5.31,5.49,5.67,5.84,6.02,6.16,6.19
AMD,Tief 5,3,59.09,33.3,33.3,33.3,33.3,66.7,66.7,66.7,66.7,66.7,66.7,66.7,66.7,66.7,66.7,66.7,66.7,0.0,0.43,0.7,1.16,3.05,3.43,3.81,4.19,4.56,4.87,4.94
AMD,Tief 6,2,81.59,0.0,0.0,0.0,0.0,0.0,0.0,0.0,0.0,0.0,0.0,0.0,50.0,50.0,50.0,50.0,50.0,0.0,3.36,4.18,5.55,6.91,7.19,7.46,7.73,8.01,8.22,8.28
AMD,Tief 7,1,100.23,0.0,0.0,0.0,0.0,0.0,0.0,0.0,0.0,0.0,0.0,0.0,0.0,0.0,0.0,0.0,0.0,0.0,6.95,6.95,6.95,6.95,6.95,6.95,6.95,6.95,6.95,6.95
AMD,Tief 8,1,96.23,0.0,0.0,0.0,0.0,0.0,0.0,0.0,0.0,0.0,0.0,0.0,0.0,0.0,0.0,0.0,0.0,0.0,4.85,4.85,4.85,4.85,4.85,4.85,4.85,4.85,4.85,4.85
AMD,Tief 9,1,104.24,0.0,0.0,0.0,0.0,0.0,0.0,0.0,0.0,0.0,0.0,0.0,0.0,0.0,0.0,0.0,0.0,0.0,8.44,8.44,8.44,8.44,8.44,8.44,8.44,8.44,8.44,8.44
AMD,Tief 10,1,99.04,0.0,0.0,0.0,0.0,0.0,0.0,0.0,0.0,0.0,0.0,0.0,0.0,0.0,0.0,0.0,0.0,0.0,7.7,7.7,7.7,7.7,7.7,7.7,7.7,7.7,7.7,7.7
AMD,Tief 11,1,100.09,0.0,0.0,0.0,0.0,0.0,0.0,0.0,0.0,0.0,0.0,0.0,0.0,0.0,0.0,0.0,0.0,0.0,6.33,6.33,6.33,6.33,6.33,6.33,6.33,6.33,6.33,6.33
AMD,Tief 12,1,111.65,0.0,0.0,0.0,0.0,0.0,0.0,0.0,0.0,0.0,0.0,0.0,0.0,0.0,0.0,0.0,0.0,0.0,4.21,4.21,4.21,4.21,4.21,4.21,4.21,4.21,4.21,4.21
AMD,Tief 13,1,79.76,100.0,100.0,100.0,100.0,100.0,100.0,100.0,100.0,100.0,100.0,100.0,100.0,100.0,100.0,100.0,100.0,100.0,0.0,0.0,0.0,0.0,0.0,0.0,0.0,0.0,0.0,0.0
AMGN,alle,52,23.69,25.0,30.8,32.7,34.6,36.5,42.3,44.2,51.9,57.7,61.5,65.4,67.3,73.1,80.8,80.8,80.8,21.15,0.0,0.29,1.94,3.3,3.44,4.49,5.82,6.66,8.68,10.3
AMGN,Tief 1,20,25.52,20.0,25.0,25.0,25.0,25.0,25.0,25.0,30.0,40.0,40.0,40.0,45.0,60.0,70.0,70.0,70.0,10.0,0.01,1.48,3.16,4.13,4.81,6.25,6.63,7.29,9.7,10.3
AMGN,Tief 2,11,20.3,27.3,27.3,27.3,27.3,27.3,27.3,36.4,36.4,45.5,54.5,63.6,63.6,63.6,81.8,81.8,81.8,27.27,0.0,0.86,2.49,3.43,3.44,3.99,4.53,4.93,5.24,5.32
AMGN,Tief 3,6,18.82,16.7,33.3,33.3,33.3,33.3,50.0,50.0,50.0,50.0,66.7,83.3,83.3,83.3,83.3,83.3,83.3,16.67,0.21,0.66,1.84,2.53,2.6,3.42,4.24,5.06,5.71,5.88
AMGN,Tief 4,5,33.53,20.0,20.0,20.0,20.0,20.0,40.0,40.0,80.0,80.0,80.0,80.0,80.0,80.0,80.0,80.0,80.0,20.0,0.6,1.5,1.8,2.0,2.95,3.9,4.85,5.8,6.56,6.75
AMGN,Tief 5,4,25.12,0.0,0.0,25.0,25.0,50.0,75.0,75.0,100.0,100.0,100.0,100.0,100.0,100.0,100.0,100.0,100.0,0.0,0.75,0.98,1.19,1.42,1.51,1.61,1.7,1.79,1.87,1.88
AMGN,Tief 6,4,29.34,50.0,75.0,75.0,100.0,100.0,100.0,100.0,100.0,100.0,100.0,100.0,100.0,100.0,100.0,100.0,100.0,50.0,0.0,0.0,0.19,0.48,0.54,0.6,0.66,0.72,0.76,0.78
AMGN,Tief 7,2,32.85,100.0,100.0,100.0,100.0,100.0,100.0,100.0,100.0,100.0,100.0,100.0,100.0,100.0,100.0,100.0,100.0,100.0,0.0,0.0,0.0,0.0,0.0,0.0,0.0,0.0,0.0,0.0
AMZN,alle,66,15.6,30.3,33.3,36.4,40.9,45.5,50.0,54.5,54.5,56.1,56.1,57.6,62.1,62.1,63.6,65.2,69.7,27.27,0.0,0.0,1.5,5.09,6.31,6.77,8.08,9.29,13.01,13.09
AMZN,Tief 1,28,17.08,25.0,28.6,32.1,39.3,42.9,50.0,53.6,53.6,57.1,57.1,60.7,71.4,71.4,75.0,75.0,75.0,25.0,0.0,0.29,1.5,3.72,5.04,6.32,8.07,11.75,13.06,13.09
AMZN,Tief 2,16,15.32,31.2,37.5,43.8,43.8,50.0,56.2,68.8,68.8,68.8,68.8,68.8,68.8,68.8,68.8,68.8,68.8,18.75,0.0,0.14,1.17,4.96,5.1,6.18,7.18,8.03,8.54,8.67
AMZN,Tief 3,11,14.37,36.4,36.4,36.4,45.5,54.5,54.5,54.5,54.5,54.5,54.5,54.5,54.5,54.5,54.5,54.5,63.6,36.36,0.0,0.0,1.05,5.94,6.31,7.04,7.78,8.06,8.28,8.33
AMZN,Tief 4,6,14.36,33.3,33.3,33.3,33.3,33.3,33.3,33.3,33.3,33.3,33.3,33.3,33.3,33.3,33.3,33.3,50.0,33.33,0.0,0.94,4.42,7.64,8.49,9.26,10.03,10.8,11.41,11.56
AMZN,Tief 5,3,16.01,33.3,33.3,33.3,33.3,33.3,33.3,33.3,33.3,33.3,33.3,33.3,33.3,33.3,33.3,66.7,66.7,33.33,0.72,1.8,3.6,5.05,5.34,5.63,5.91,6.2,6.43,6.49
AMZN,Tief 6,1,15.95,0.0,0.0,0.0,0.0,0.0,0.0,0.0,0.0,0.0,0.0,0.0,0.0,0.0,0.0,0.0,100.0,0.0,3.86,3.86,3.86,3.86,3.86,3.86,3.86,3.86,3.86,3.86
AMZN,Tief 7,1,13.03,100.0,100.0,100.0,100.0,100.0,100.0,100.0,100.0,100.0,100.0,100.0,100.0,100.0,100.0,100.0,100.0,100.0,0.0,0.0,0.0,0.0,0.0,0.0,0.0,0.0,0.0,0.0
APP,alle,51,21.26,43.1,47.1,47.1,51.0,52.9,54.9,60.8,64.7,66.7,66.7,72.5,74.5,74.5,78.4,78.4,82.4,35.29,0.0,0.0,0.88,3.03,3.84,4.27,5.12,6.67,7.88,8.24
APP,Tief 1,30,76.36,30.0,36.7,36.7,40.0,43.3,46.7,53.3,53.3,56.7,56.7,66.7,70.0,70.0,70.0,70.0,73.3,26.67,0.0,0.01,1.61,4.15,4.47,5.26,6.11,7.45,8.03,8.24
APP,Tief 2,12,94.6,50.0,50.0,50.0,50.0,50.0,50.0,58.3,75.0,75.0,75.0,75.0,75.0,75.0,83.3,83.3,91.7,41.67,0.0,0.0,0.95,2.31,3.06,3.51,3.79,4.27,4.68,4.79
APP,Tief 3,5,11.84,60.0,60.0,60.0,80.0,80.0,80.0,80.0,80.0,80.0,80.0,80.0,80.0,80.0,100.0,100.0,100.0,20.0,0.01,0.03,0.08,0.83,1.31,1.8,2.29,2.77,3.16,3.26
APP,Tief 4,4,11.16,100.0,100.0,100.0,100.0,100.0,100.0,100.0,100.0,100.0,100.0,100.0,100.0,100.0,100.0,100.0,100.0,100.0,0.0,0.0,0.0,0.0,0.0,0.0,0.0,0.0,0.0,0.0
ARM,alle,57,45.02,31.6,35.1,36.8,42.1,47.4,50.9,52.6,54.4,59.6,63.2,63.2,64.9,66.7,66.7,70.2,71.9,31.58,0.0,0.0,1.49,4.19,4.75,5.05,5.48,6.17,6.65,6.68
ARM,Tief 1,27,43.92,33.3,37.0,37.0,44.4,51.9,55.6,59.3,63.0,70.4,74.1,74.1,74.1,74.1,74.1,74.1,74.1,33.33,0.0,0.0,1.19,3.31,4.57,5.07,5.56,6.47,6.67,6.68
ARM,Tief 2,14,45.56,21.4,21.4,28.6,28.6,35.7,42.9,42.9,42.9,50.0,57.1,57.1,64.3,64.3,64.3,64.3,64.3,21.43,0.0,0.67,2.26,4.8,5.14,5.37,5.76,6.07,6.26,6.3
ARM,Tief 3,9,44.7,44.4,55.6,55.6,66.7,66.7,66.7,66.7,66.7,66.7,66.7,66.7,66.7,66.7,66.7,77.8,88.9,44.44,0.0,0.0,0.45,3.62,3.7,3.77,4.19,4.94,5.55,5.7
ARM,Tief 4,4,50.54,25.0,25.0,25.0,25.0,25.0,25.0,25.0,25.0,25.0,25.0,25.0,25.0,25.0,25.0,50.0,50.0,25.0,1.12,2.81,4.09,4.51,4.56,4.62,4.67,4.72,4.76,4.77
ARM,Tief 5,3,47.32,33.3,33.3,33.3,33.3,33.3,33.3,33.3,33.3,33.3,33.3,33.3,33.3,66.7,66.7,66.7,66.7,33.33,0.61,1.52,3.03,4.03,4.23,4.43,4.63,4.83,4.99,5.03
ASML,alle,68,46.16,29.4,32.4,39.7,41.2,45.6,52.9,58.8,63.2,66.2,69.1,72.1,76.5,76.5,79.4,80.9,80.9,23.53,0.0,0.09,1.39,2.9,3.5,4.08,4.87,6.86,8.5,8.89
ASML,Tief 1,36,44.98,22.2,25.0,30.6,30.6,36.1,44.4,50.0,58.3,58.3,58.3,63.9,66.7,66.7,72.2,75.0,75.0,16.67,0.0,0.49,1.7,3.65,4.27,5.46,6.63,8.2,8.69,8.89
ASML,Tief 2,17,42.13,35.3,41.2,47.1,47.1,52.9,52.9,58.8,58.8,70.6,76.5,76.5,82.4,82.4,82.4,82.4,82.4,29.41,0.0,0.0,1.08,2.38,2.86,3.62,4.04,4.09,4.2,4.23
ASML,Tief 3,9,54.69,55.6,55.6,55.6,66.7,66.7,77.8,77.8,77.8,77.8,77.8,77.8,88.9,88.9,88.9,88.9,88.9,44.44,0.0,0.0,0.14,1.44,2.02,2.59,3.39,4.42,5.24,5.44
ASML,Tief 4,3,43.38,0.0,0.0,33.3,33.3,33.3,33.3,66.7,66.7,66.7,100.0,100.0,100.0,100.0,100.0,100.0,100.0,0.0,0.88,1.16,1.62,1.98,2.05,2.12,2.19,2.26,2.32,2.33
ASML,Tief 5,2,93.97,0.0,0.0,50.0,50.0,50.0,100.0,100.0,100.0,100.0,100.0,100.0,100.0,100.0,100.0,100.0,100.0,0.0,0.66,0.76,0.93,1.1,1.14,1.17,1.21,1.24,1.27,1.27
ASML,Tief 6,1,105.31,100.0,100.0,100.0,100.0,100.0,100.0,100.0,100.0,100.0,100.0,100.0,100.0,100.0,100.0,100.0,100.0,100.0,0.0,0.0,0.0,0.0,0.0,0.0,0.0,0.0,0.0,0.0
AVGO,alle,65,36.77,32.3,38.5,41.5,49.2,50.8,60.0,64.6,67.7,72.3,76.9,76.9,78.5,83.1,84.6,86.2,89.2,30.77,0.0,0.0,1.03,2.39,3.08,3.46,4.03,5.08,7.03,8.69
AVGO,Tief 1,33,31.77,33.3,39.4,42.4,42.4,45.5,54.5,57.6,60.6,69.7,75.8,75.8,75.8,81.8,84.8,84.8,87.9,33.33,0.0,0.0,1.31,2.41,3.18,3.5,4.1,5.5,6.0,6.1
AVGO,Tief 2,15,29.85,13.3,13.3,13.3,40.0,40.0,60.0,66.7,66.7,66.7,66.7,66.7,66.7,73.3,73.3,73.3,80.0,13.33,0.31,0.91,1.44,3.51,3.98,4.04,4.08,5.48,8.05,8.69
AVGO,Tief 3,11,49.44,45.5,54.5,54.5,63.6,63.6,63.6,72.7,72.7,72.7,81.8,81.8,90.9,90.9,90.9,100.0,100.0,36.36,0.0,0.0,0.45,2.07,2.39,2.68,2.96,3.27,3.51,3.57
AVGO,Tief 4,4,40.77,25.0,50.0,75.0,75.0,75.0,75.0,75.0,100.0,100.0,100.0,100.0,100.0,100.0,100.0,100.0,100.0,25.0,0.09,0.24,0.46,0.95,1.16,1.37,1.58,1.79,1.96,2.0
AVGO,Tief 5,2,53.19,100.0,100.0,100.0,100.0,100.0,100.0,100.0,100.0,100.0,100.0,100.0,100.0,100.0,100.0,100.0,100.0,100.0,0.0,0.0,0.0,0.0,0.0,0.0,0.0,0.0,0.0,0.0
AXON,alle,50,55.1,36.0,42.0,46.0,54.0,56.0,58.0,60.0,64.0,70.0,72.0,78.0,84.0,86.0,88.0,90.0,90.0,34.0,0.0,0.0,0.95,2.6,2.83,3.1,3.81,6.31,8.19,8.21
AXON,Tief 1,24,56.45,25.0,37.5,41.7,50.0,54.2,54.2,54.2,58.3,58.3,62.5,75.0,83.3,87.5,87.5,91.7,91.7,25.0,0.0,0.24,1.1,2.75,2.85,3.05,3.55,4.66,7.44,8.21
AXON,Tief 2,13,62.18,61.5,61.5,61.5,69.2,69.2,76.9,76.9,76.9,84.6,84.6,84.6,92.3,92.3,92.3,92.3,92.3,53.85,0.0,0.0,0.0,1.31,1.77,2.26,2.78,5.04,7.53,8.16
AXON,Tief 3,5,11.32,40.0,40.0,40.0,40.0,40.0,40.0,40.0,40.0,80.0,80.0,80.0,80.0,80.0,80.0,80.0,80.0,40.0,0.0,0.0,2.02,2.1,3.19,4.27,5.36,6.44,7.31,7.52
AXON,Tief 4,2,38.64,0.0,0.0,0.0,0.0,0.0,0.0,50.0,50.0,50.0,50.0,50.0,50.0,50.0,50.0,50.0,50.0,0.0,1.98,2.44,3.2,3.97,4.12,4.28,4.43,4.58,4.7,4.74
AXON,Tief 5,2,40.59,0.0,0.0,50.0,50.0,50.0,50.0,50.0,50.0,50.0,50.0,50.0,50.0,50.0,100.0,100.0,100.0,0.0,0.97,1.36,2.01,2.67,2.8,2.93,3.06,3.19,3.3,3.32
AXON,Tief 6,2,52.57,50.0,50.0,50.0,50.0,50.0,50.0,50.0,100.0,100.0,100.0,100.0,100.0,100.0,100.0,100.0,100.0,50.0,0.19,0.48,0.97,1.45,1.55,1.64,1.74,1.84,1.91,1.93
AXON,Tief 7,1,11.41,0.0,0.0,0.0,100.0,100.0,100.0,100.0,100.0,100.0,100.0,100.0,100.0,100.0,100.0,100.0,100.0,0.0,0.99,0.99,0.99,0.99,0.99,0.99,0.99,0.99,0.99,0.99
AXON,Tief 8,1,10.91,100.0,100.0,100.0,100.0,100.0,100.0,100.0,100.0,100.0,100.0,100.0,100.0,100.0,100.0,100.0,100.0,100.0,0.0,0.0,0.0,0.0,0.0,0.0,0.0,0.0,0.0,0.0
AXP,alle,61,13.85,34.4,37.7,47.5,47.5,50.8,55.7,57.4,60.7,62.3,67.2,68.9,73.8,75.4,80.3,80.3,82.0,32.79,0.0,0.0,1.19,3.16,3.49,5.08,9.68,11.28,13.05,13.68
AXP,Tief 1,30,16.61,33.3,36.7,46.7,46.7,50.0,53.3,53.3,53.3,56.7,63.3,66.7,76.7,80.0,83.3,83.3,86.7,33.33,0.0,0.0,1.26,2.86,3.2,3.75,5.54,10.07,11.98,12.62
AXP,Tief 2,16,13.19,37.5,43.8,56.2,56.2,56.2,62.5,68.8,81.2,81.2,81.2,81.2,81.2,81.2,81.2,81.2,81.2,37.5,0.0,0.0,0.56,1.88,1.97,8.95,11.52,12.25,13.4,13.68
AXP,Tief 3,6,13.58,33.3,33.3,33.3,33.3,50.0,66.7,66.7,66.7,66.7,66.7,66.7,66.7,66.7,66.7,66.7,66.7,33.33,0.0,0.26,1.22,6.19,7.78,8.33,8.89,9.45,9.9,10.01
AXP,Tief 4,3,13.33,33.3,33.3,33.3,33.3,33.3,33.3,33.3,33.3,33.3,33.3,33.3,33.3,33.3,66.7,66.7,66.7,33.33,0.66,1.66,3.32,4.52,4.76,5.0,5.23,5.47,5.67,5.71
AXP,Tief 5,2,7.79,0.0,0.0,0.0,0.0,0.0,0.0,0.0,0.0,0.0,0.0,0.0,0.0,0.0,50.0,50.0,50.0,0.0,3.6,3.76,4.04,4.32,4.38,4.43,4.49,4.54,4.59,4.6
AXP,Tief 6,1,3.57,0.0,0.0,0.0,0.0,0.0,0.0,0.0,0.0,0.0,100.0,100.0,100.0,100.0,100.0,100.0,100.0,0.0,2.35,2.35,2.35,2.35,2.35,2.35,2.35,2.35,2.35,2.35
AXP,Tief 7,1,4.39,0.0,0.0,100.0,100.0,100.0,100.0,100.0,100.0,100.0,100.0,100.0,100.0,100.0,100.0,100.0,100.0,0.0,0.71,0.71,0.71,0.71,0.71,0.71,0.71,0.71,0.71,0.71
AXP,Tief 8,1,5.47,100.0,100.0,100.0,100.0,100.0,100.0,100.0,100.0,100.0,100.0,100.0,100.0,100.0,100.0,100.0,100.0,0.0,0.13,0.13,0.13,0.13,0.13,0.13,0.13,0.13,0.13,0.13
AXP,Tief 9,1,8.04,100.0,100.0,100.0,100.0,100.0,100.0,100.0,100.0,100.0,100.0,100.0,100.0,100.0,100.0,100.0,100.0,100.0,0.0,0.0,0.0,0.0,0.0,0.0,0.0,0.0,0.0,0.0
AZN,alle,67,25.36,31.3,37.3,37.3,37.3,41.8,41.8,41.8,44.8,50.7,55.2,56.7,56.7,59.7,61.2,64.2,64.2,25.37,0.0,0.01,2.17,5.13,7.41,7.57,8.49,13.41,16.75,18.52
AZN,Tief 1,32,26.14,28.1,34.4,34.4,34.4,43.8,43.8,43.8,46.9,46.9,53.1,56.2,56.2,56.2,59.4,65.6,65.6,21.88,0.0,0.17,2.44,5.78,7.46,7.62,8.13,14.49,15.43,15.83
AZN,Tief 2,15,26.72,26.7,26.7,26.7,26.7,26.7,26.7,26.7,33.3,53.3,53.3,53.3,53.3,60.0,60.0,60.0,60.0,20.0,0.0,1.08,2.17,6.13,7.34,7.48,9.58,13.23,17.46,18.52
AZN,Tief 3,11,24.64,18.2,36.4,36.4,36.4,36.4,36.4,36.4,36.4,36.4,45.5,45.5,45.5,54.5,54.5,54.5,54.5,9.09,0.17,0.31,3.24,4.87,5.04,6.43,7.83,8.86,9.69,9.89
AZN,Tief 4,9,21.62,66.7,66.7,66.7,66.7,66.7,66.7,66.7,66.7,77.8,77.8,77.8,77.8,77.8,77.8,77.8,77.8,66.67,0.0,0.0,0.0,2.15,4.14,6.12,7.48,8.23,8.82,8.97
BA,alle,67,12.35,10.4,11.9,13.4,13.4,16.4,22.4,23.9,26.9,34.3,37.3,40.3,49.3,49.3,52.2,55.2,58.2,10.45,0.25,1.87,3.29,6.4,6.8,7.26,7.85,9.11,12.46,14.83
BA,Tief 1,26,10.59,11.5,11.5,11.5,11.5,15.4,23.1,26.9,30.8,34.6,34.6,42.3,50.0,50.0,53.8,53.8,53.8,11.54,0.57,1.58,3.09,6.55,7.16,7.39,7.87,8.89,13.42,14.83
BA,Tief 2,15,11.6,6.7,6.7,13.3,13.3,13.3,20.0,20.0,20.0,26.7,40.0,40.0,40.0,40.0,40.0,46.7,60.0,6.67,1.02,2.26,3.8,6.84,7.14,7.25,8.6,10.02,11.0,11.24
BA,Tief 3,7,11.53,0.0,0.0,0.0,0.0,0.0,0.0,0.0,0.0,0.0,0.0,0.0,14.3,14.3,14.3,28.6,28.6,0.0,3.27,4.06,4.97,6.36,6.65,6.93,7.19,7.45,7.65,7.71
BA,Tief 4,6,11.16,16.7,16.7,16.7,16.7,16.7,16.7,16.7,16.7,33.3,33.3,33.3,66.7,66.7,66.7,66.7,66.7,16.67,1.09,2.35,2.89,3.85,4.16,4.75,5.34,5.93,6.4,6.52
BA,Tief 5,4,12.59,25.0,25.0,25.0,25.0,25.0,50.0,50.0,50.0,50.0,50.0,50.0,75.0,75.0,75.0,75.0,75.0,25.0,0.44,1.09,2.12,3.17,3.4,3.62,3.85,4.08,4.26,4.3
BA,Tief 6,3,15.93,0.0,0.0,0.0,0.0,33.3,33.3,33.3,33.3,66.7,66.7,66.7,66.7,66.7,66.7,66.7,66.7,0.0,1.41,1.7,2.19,5.39,6.03,6.67,7.31,7.95,8.47,8.6
BA,Tief 7,3,16.21,0.0,33.3,33.3,33.3,33.3,33.3,33.3,33.3,66.7,66.7,66.7,66.7,66.7,66.7,66.7,66.7,0.0,0.75,1.26,2.11,5.51,6.18,6.86,7.54,8.22,8.76,8.9
BA,Tief 8,1,14.11,0.0,0.0,0.0,0.0,0.0,0.0,0.0,0.0,0.0,0.0,0.0,0.0,0.0,100.0,100.0,100.0,0.0,3.43,3.43,3.43,3.43,3.43,3.43,3.43,3.43,3.43,3.43
BA,Tief 9,1,20.91,0.0,0.0,0.0,0.0,0.0,0.0,0.0,100.0,100.0,100.0,100.0,100.0,100.0,100.0,100.0,100.0,0.0,1.95,1.95,1.95,1.95,1.95,1.95,1.95,1.95,1.95,1.95
BA,Tief 10,1,18.16,100.0,100.0,100.0,100.0,100.0,100.0,100.0,100.0,100.0,100.0,100.0,100.0,100.0,100.0,100.0,100.0,100.0,0.0,0.0,0.0,0.0,0.0,0.0,0.0,0.0,0.0,0.0
BAS.DE,alle,63,15.27,28.6,36.5,41.3,42.9,49.2,50.8,54.0,54.0,54.0,55.6,55.6,57.1,58.7,63.5,66.7,73.0,19.05,0.0,0.19,1.38,4.22,5.14,5.57,6.29,8.62,10.4,10.56
BAS.DE,Tief 1,26,11.38,30.8,30.8,38.5,38.5,46.2,46.2,53.8,53.8,53.8,53.8,53.8,53.8,53.8,61.5,69.2,73.1,23.08,0.0,0.07,1.65,4.13,5.2,5.61,6.36,8.22,9.9,10.29
BAS.DE,Tief 2,13,15.33,30.8,46.2,53.8,61.5,61.5,61.5,61.5,61.5,61.5,61.5,61.5,61.5,61.5,69.2,69.2,76.9,15.38,0.03,0.18,0.66,3.84,5.0,5.9,6.25,8.05,10.06,10.56
BAS.DE,Tief 3,9,15.54,44.4,44.4,44.4,44.4,44.4,44.4,44.4,44.4,44.4,44.4,44.4,55.6,66.7,66.7,66.7,66.7,33.33,0.0,0.0,2.86,4.25,4.62,5.0,6.04,7.76,9.13,9.48
BAS.DE,Tief 4,5,17.52,20.0,20.0,20.0,20.0,20.0,40.0,40.0,40.0,40.0,60.0,60.0,60.0,60.0,60.0,60.0,60.0,20.0,0.55,1.38,2.46,5.09,5.64,6.19,6.75,7.3,7.74,7.85
BAS.DE,Tief 5,3,17.48,0.0,33.3,33.3,33.3,66.7,66.7,66.7,66.7,66.7,66.7,66.7,66.7,66.7,66.7,66.7,66.7,0.0,0.55,0.78,1.16,3.38,3.83,4.27,4.71,5.16,5.51,5.6
BAS.DE,Tief 6,3,17.62,0.0,33.3,33.3,33.3,66.7,66.7,66.7,66.7,66.7,66.7,66.7,66.7,66.7,66.7,66.7,66.7,0.0,0.42,0.64,1.0,2.92,3.3,3.69,4.07,4.46,4.76,4.84
BAS.DE,Tief 7,3,17.95,33.3,66.7,66.7,66.7,66.7,66.7,66.7,66.7,66.7,66.7,66.7,66.7,66.7,66.7,66.7,100.0,0.0,0.25,0.27,0.31,2.04,2.39,2.73,3.08,3.43,3.7,3.77
BAS.DE,Tief 8,1,17.73,0.0,0.0,0.0,0.0,0.0,0.0,0.0,0.0,0.0,0.0,0.0,0.0,0.0,0.0,0.0,100.0,0.0,3.86,3.86,3.86,3.86,3.86,3.86,3.86,3.86,3.86,3.86
BAYN.DE,alle,55,31.06,16.4,16.4,20.0,21.8,27.3,30.9,34.5,36.4,40.0,41.8,47.3,54.5,56.4,60.0,61.8,61.8,16.36,0.0,1.11,2.79,6.56,9.08,12.12,13.98,14.59,27.58,33.66
BAYN.DE,Tief 1,22,33.3,13.6,13.6,13.6,18.2,22.7,31.8,36.4,36.4,36.4,36.4,36.4,45.5,50.0,54.5,54.5,54.5,13.64,0.08,1.3,3.35,5.51,6.36,6.6,6.98,11.92,29.15,33.66
BAYN.DE,Tief 2,12,29.7,16.7,16.7,16.7,16.7,33.3,33.3,33.3,33.3,41.7,41.7,58.3,75.0,75.0,83.3,83.3,83.3,16.67,0.1,1.04,2.7,3.07,3.37,5.35,8.28,14.93,20.9,22.39
BAYN.DE,Tief 3,6,37.6,16.7,16.7,16.7,16.7,16.7,16.7,33.3,33.3,50.0,50.0,50.0,50.0,50.0,50.0,50.0,50.0,16.67,0.82,1.78,3.11,8.61,10.13,11.12,12.11,13.1,13.9,14.1
BAYN.DE,Tief 4,4,32.91,25.0,25.0,50.0,50.0,50.0,50.0,50.0,50.0,50.0,75.0,75.0,75.0,75.0,75.0,75.0,75.0,25.0,0.17,0.41,1.45,5.41,7.24,9.08,10.92,12.75,14.22,14.59
BAYN.DE,Tief 5,3,36.67,33.3,33.3,66.7,66.7,66.7,66.7,66.7,66.7,66.7,66.7,66.7,66.7,66.7,66.7,66.7,66.7,33.33,0.12,0.29,0.59,7.52,8.91,10.3,11.68,13.07,14.18,14.46
BAYN.DE,Tief 6,2,28.33,50.0,50.0,50.0,50.0,50.0,50.0,50.0,50.0,50.0,50.0,50.0,50.0,50.0,50.0,50.0,50.0,50.0,1.17,2.92,5.84,8.75,9.34,9.92,10.51,11.09,11.56,11.67
BAYN.DE,Tief 7,1,17.0,0.0,0.0,0.0,0.0,0.0,0.0,0.0,0.0,0.0,0.0,0.0,0.0,0.0,0.0,0.0,0.0,0.0,13.8,13.8,13.8,13.8,13.8,13.8,13.8,13.8,13.8,13.8
BAYN.DE,Tief 8,1,16.4,0.0,0.0,0.0,0.0,0.0,0.0,0.0,0.0,0.0,0.0,0.0,0.0,0.0,0.0,0.0,0.0,0.0,14.62,14.62,14.62,14.62,14.62,14.62,14.62,14.62,14.62,14.62
BAYN.DE,Tief 9,1,13.63,0.0,0.0,0.0,0.0,0.0,0.0,0.0,0.0,0.0,0.0,0.0,0.0,0.0,0.0,0.0,0.0,0.0,12.31,12.31,12.31,12.31,12.31,12.31,12.31,12.31,12.31,12.31
BAYN.DE,Tief 10,1,14.71,0.0,0.0,0.0,0.0,0.0,0.0,0.0,100.0,100.0,100.0,100.0,100.0,100.0,100.0,100.0,100.0,0.0,1.79,1.79,1.79,1.79,1.79,1.79,1.79,1.79,1.79,1.79
BAYN.DE,Tief 11,1,28.69,0.0,0.0,0.0,0.0,0.0,0.0,0.0,0.0,0.0,0.0,0.0,0.0,0.0,0.0,100.0,100.0,0.0,3.63,3.63,3.63,3.63,3.63,3.63,3.63,3.63,3.63,3.63
BAYN.DE,Tief 12,1,27.76,0.0,0.0,0.0,0.0,0.0,0.0,0.0,0.0,0.0,0.0,100.0,100.0,100.0,100.0,100.0,100.0,0.0,2.58,2.58,2.58,2.58,2.58,2.58,2.58,2.58,2.58,2.58
BEI.DE,alle,49,4.45,14.3,20.4,20.4,20.4,28.6,36.7,38.8,44.9,49.0,51.0,53.1,53.1,55.1,59.2,63.3,63.3,14.29,0.0,1.11,2.31,6.07,6.51,9.4,10.8,12.41,14.03,14.14
BEI.DE,Tief 1,19,4.2,10.5,15.8,15.8,15.8,21.1,26.3,26.3,31.6,31.6,36.8,36.8,36.8,36.8,42.1,52.6,52.6,10.53,0.4,1.54,3.66,6.19,7.88,11.07,13.0,13.93,14.1,14.14
BEI.DE,Tief 2,11,3.72,0.0,0.0,0.0,0.0,9.1,27.3,27.3,36.4,45.5,45.5,54.5,54.5,54.5,63.6,63.6,63.6,0.0,1.25,1.55,2.65,5.89,6.07,7.98,9.89,10.87,11.66,11.86
BEI.DE,Tief 3,8,5.43,0.0,25.0,25.0,25.0,37.5,50.0,50.0,62.5,62.5,62.5,62.5,62.5,62.5,62.5,62.5,62.5,0.0,0.32,0.89,1.67,6.46,8.38,10.29,10.93,11.35,11.69,11.78
BEI.DE,Tief 4,6,7.5,33.3,33.3,33.3,33.3,50.0,50.0,66.7,66.7,66.7,66.7,66.7,66.7,66.7,66.7,66.7,66.7,33.33,0.0,0.25,1.27,5.59,6.94,7.07,7.2,7.33,7.44,7.46
BEI.DE,Tief 5,3,3.67,33.3,33.3,33.3,33.3,33.3,33.3,33.3,33.3,66.7,66.7,66.7,66.7,100.0,100.0,100.0,100.0,33.33,0.42,1.06,2.12,2.64,2.74,2.84,2.94,3.05,3.13,3.15
BEI.DE,Tief 6,2,8.7,100.0,100.0,100.0,100.0,100.0,100.0,100.0,100.0,100.0,100.0,100.0,100.0,100.0,100.0,100.0,100.0,100.0,0.0,0.0,0.0,0.0,0.0,0.0,0.0,0.0,0.0,0.0
BIIB,alle,54,6.53,20.4,24.1,24.1,24.1,24.1,25.9,29.6,29.6,33.3,40.7,44.4,44.4,48.1,48.1,50.0,50.0,16.67,0.0,1.33,3.86,6.03,7.14,8.13,8.81,9.2,10.2,11.28
BIIB,Tief 1,20,6.04,30.0,35.0,35.0,35.0,35.0,40.0,45.0,45.0,50.0,50.0,55.0,55.0,55.0,55.0,55.0,55.0,25.0,0.0,0.13,2.35,5.73,5.86,6.41,8.21,9.01,9.18,9.22
BIIB,Tief 2,12,6.18,25.0,25.0,25.0,25.0,25.0,25.0,33.3,33.3,33.3,50.0,50.0,50.0,50.0,50.0,58.3,58.3,16.67,0.01,1.19,3.06,4.76,5.33,6.47,7.96,8.59,8.94,9.03
BIIB,Tief 3,5,3.22,0.0,0.0,0.0,0.0,0.0,0.0,0.0,0.0,20.0,20.0,20.0,20.0,60.0,60.0,60.0,60.0,0.0,2.57,3.12,3.16,8.02,8.25,8.49,8.72,8.95,9.14,9.19
BIIB,Tief 4,5,6.02,0.0,0.0,0.0,0.0,0.0,0.0,0.0,0.0,0.0,20.0,40.0,40.0,40.0,40.0,40.0,40.0,0.0,2.44,2.6,4.03,7.25,8.05,8.86,9.67,10.47,11.12,11.28
BIIB,Tief 5,5,5.81,20.0,20.0,20.0,20.0,20.0,20.0,20.0,20.0,20.0,40.0,40.0,40.0,40.0,40.0,40.0,40.0,20.0,1.0,2.49,4.23,6.25,6.85,7.44,8.04,8.64,9.11,9.23
BIIB,Tief 6,2,7.63,0.0,50.0,50.0,50.0,50.0,50.0,50.0,50.0,50.0,50.0,50.0,50.0,50.0,50.0,50.0,50.0,0.0,1.28,2.46,4.44,6.41,6.8,7.2,7.59,7.99,8.3,8.38
BIIB,Tief 7,2,8.69,50.0,50.0,50.0,50.0,50.0,50.0,50.0,50.0,50.0,50.0,50.0,50.0,50.0,50.0,50.0,50.0,50.0,0.71,1.77,3.54,5.31,5.66,6.01,6.37,6.72,7.0,7.08
BIIB,Tief 8,1,13.9,0.0,0.0,0.0,0.0,0.0,0.0,0.0,0.0,0.0,0.0,0.0,0.0,0.0,0.0,0.0,0.0,0.0,5.44,5.44,5.44,5.44,5.44,5.44,5.44,5.44,5.44,5.44
BIIB,Tief 9,1,18.73,0.0,0.0,0.0,0.0,0.0,0.0,0.0,0.0,0.0,0.0,0.0,0.0,0.0,0.0,0.0,0.0,0.0,5.26,5.26,5.26,5.26,5.26,5.26,5.26,5.26,5.26,5.26
BIIB,Tief 10,1,19.17,0.0,0.0,0.0,0.0,0.0,0.0,0.0,0.0,0.0,0.0,0.0,0.0,0.0,0.0,0.0,0.0,0.0,4.36,4.36,4.36,4.36,4.36,4.36,4.36,4.36,4.36,4.36
BKNG,alle,54,8.03,27.8,31.5,33.3,35.2,38.9,40.7,40.7,40.7,46.3,48.1,48.1,48.1,53.7,59.3,61.1,61.1,22.22,0.0,0.14,3.12,5.65,6.05,6.21,7.67,9.67,14.04,16.83
BKNG,Tief 1,24,14.69,20.8,25.0,29.2,33.3,37.5,37.5,37.5,37.5,37.5,41.7,41.7,41.7,45.8,54.2,54.2,54.2,20.83,0.0,0.57,3.34,7.15,8.53,9.31,10.03,11.38,15.62,16.83
BKNG,Tief 2,12,9.24,33.3,33.3,33.3,33.3,33.3,41.7,41.7,41.7,58.3,58.3,58.3,58.3,58.3,58.3,66.7,66.7,25.0,0.0,0.15,2.09,4.75,5.18,5.48,5.7,6.19,6.61,6.72
BKNG,Tief 3,8,7.36,25.0,37.5,37.5,37.5,50.0,50.0,50.0,50.0,50.0,50.0,50.0,50.0,50.0,62.5,62.5,62.5,25.0,0.0,0.35,2.36,4.07,4.09,4.1,4.72,5.44,6.02,6.17
BKNG,Tief 4,4,7.84,50.0,50.0,50.0,50.0,50.0,50.0,50.0,50.0,50.0,50.0,50.0,50.0,75.0,75.0,75.0,75.0,25.0,0.0,0.01,1.53,3.74,4.15,4.57,4.98,5.39,5.72,5.8
BKNG,Tief 5,2,21.96,50.0,50.0,50.0,50.0,50.0,50.0,50.0,50.0,50.0,50.0,50.0,50.0,100.0,100.0,100.0,100.0,0.0,0.43,0.89,1.65,2.42,2.57,2.72,2.88,3.03,3.15,3.18
BKNG,Tief 6,2,21.7,50.0,50.0,50.0,50.0,50.0,50.0,50.0,50.0,100.0,100.0,100.0,100.0,100.0,100.0,100.0,100.0,50.0,0.22,0.55,1.09,1.64,1.75,1.85,1.96,2.07,2.16,2.18
BKNG,Tief 7,1,4.19,0.0,0.0,0.0,0.0,0.0,0.0,0.0,0.0,0.0,0.0,0.0,0.0,0.0,0.0,0.0,0.0,0.0,4.76,4.76,4.76,4.76,4.76,4.76,4.76,4.76,4.76,4.76
BKNG,Tief 8,1,5.74,0.0,0.0,0.0,0.0,0.0,0.0,0.0,0.0,0.0,0.0,0.0,0.0,0.0,0.0,0.0,0.0,0.0,6.0,6.0,6.0,6.0,6.0,6.0,6.0,6.0,6.0,6.0
BKR,alle,45,26.97,24.4,28.9,35.6,40.0,44.4,48.9,51.1,53.3,60.0,60.0,66.7,71.1,73.3,73.3,75.6,77.8,24.44,0.0,0.37,1.59,3.54,4.51,4.68,6.27,7.79,8.03,8.11
BKR,Tief 1,21,21.43,14.3,14.3,23.8,28.6,28.6,28.6,33.3,38.1,47.6,47.6,57.1,61.9,66.7,66.7,71.4,71.4,14.29,0.0,0.95,2.59,4.51,4.53,6.38,7.7,7.81,7.89,7.92
BKR,Tief 2,9,28.84,22.2,33.3,33.3,44.4,55.6,66.7,66.7,66.7,66.7,66.7,66.7,77.8,77.8,77.8,77.8,77.8,22.22,0.0,0.39,1.22,2.91,3.59,4.28,5.31,6.71,7.83,8.11
BKR,Tief 3,7,48.67,42.9,42.9,42.9,42.9,57.1,71.4,71.4,71.4,85.7,85.7,85.7,85.7,85.7,85.7,85.7,85.7,42.86,0.0,0.0,1.07,1.78,1.99,2.53,3.72,4.92,5.87,6.11
BKR,Tief 4,4,49.52,25.0,25.0,50.0,50.0,50.0,50.0,50.0,50.0,50.0,50.0,50.0,50.0,50.0,50.0,50.0,75.0,25.0,0.22,0.54,2.35,4.18,4.3,4.42,4.54,4.66,4.76,4.78
BKR,Tief 5,2,55.19,0.0,50.0,50.0,50.0,50.0,50.0,50.0,50.0,50.0,50.0,100.0,100.0,100.0,100.0,100.0,100.0,0.0,0.59,0.91,1.45,1.98,2.09,2.2,2.3,2.41,2.5,2.52
BKR,Tief 6,2,53.19,100.0,100.0,100.0,100.0,100.0,100.0,100.0,100.0,100.0,100.0,100.0,100.0,100.0,100.0,100.0,100.0,100.0,0.0,0.0,0.0,0.0,0.0,0.0,0.0,0.0,0.0,0.0
BMW.DE,alle,62,7.67,17.7,19.4,22.6,25.8,25.8,32.3,35.5,35.5,35.5,37.1,37.1,38.7,41.9,43.5,43.5,46.8,14.52,0.0,1.0,4.22,6.7,7.29,7.61,8.35,9.12,11.32,11.35
BMW.DE,Tief 1,21,6.95,23.8,23.8,28.6,33.3,33.3,42.9,47.6,47.6,47.6,47.6,47.6,47.6,47.6,47.6,47.6,47.6,19.05,0.0,0.51,4.23,5.54,6.17,7.02,7.44,10.91,11.26,11.35
BMW.DE,Tief 2,13,7.37,15.4,23.1,23.1,23.1,23.1,30.8,30.8,30.8,30.8,30.8,30.8,30.8,38.5,38.5,38.5,38.5,7.69,0.15,1.37,4.38,5.8,6.55,7.26,7.91,8.31,8.52,8.57
BMW.DE,Tief 3,10,10.11,30.0,30.0,30.0,30.0,30.0,30.0,40.0,40.0,40.0,50.0,50.0,50.0,60.0,60.0,60.0,70.0,30.0,0.0,0.42,2.74,4.15,4.33,4.6,5.24,7.19,8.75,9.14
BMW.DE,Tief 4,6,9.51,0.0,0.0,0.0,16.7,16.7,33.3,33.3,33.3,33.3,33.3,33.3,33.3,33.3,33.3,33.3,50.0,0.0,1.13,2.08,4.73,6.53,6.87,7.25,7.62,7.99,8.29,8.37
BMW.DE,Tief 5,4,8.59,0.0,0.0,25.0,25.0,25.0,25.0,25.0,25.0,25.0,25.0,25.0,25.0,25.0,25.0,25.0,25.0,0.0,1.78,3.59,5.97,7.41,7.45,7.5,7.54,7.58,7.61,7.62
BMW.DE,Tief 6,3,5.19,33.3,33.3,33.3,33.3,33.3,33.3,33.3,33.3,33.3,33.3,33.3,33.3,33.3,66.7,66.7,66.7,33.33,0.68,1.71,3.42,5.48,5.89,6.3,6.72,7.13,7.46,7.54
BMW.DE,Tief 7,2,4.32,0.0,0.0,0.0,0.0,0.0,0.0,0.0,0.0,0.0,0.0,0.0,50.0,50.0,50.0,50.0,50.0,0.0,3.39,4.28,5.74,7.21,7.51,7.8,8.1,8.39,8.62,8.68
BMW.DE,Tief 8,2,5.47,0.0,0.0,0.0,0.0,0.0,0.0,0.0,0.0,0.0,0.0,0.0,0.0,0.0,0.0,0.0,0.0,0.0,4.87,5.42,6.33,7.25,7.43,7.62,7.8,7.98,8.13,8.17
BMW.DE,Tief 9,1,9.91,0.0,0.0,0.0,0.0,0.0,0.0,0.0,0.0,0.0,0.0,0.0,0.0,0.0,0.0,0.0,0.0,0.0,11.31,11.31,11.31,11.31,11.31,11.31,11.31,11.31,11.31,11.31
BNR.DE,alle,59,6.18,10.2,11.9,11.9,11.9,13.6,18.6,22.0,27.1,27.1,28.8,28.8,30.5,35.6,39.0,42.4,44.1,8.47,0.37,1.93,4.26,6.07,6.3,6.55,7.44,8.76,10.7,12.0
BNR.DE,Tief 1,22,5.94,9.1,13.6,13.6,13.6,18.2,22.7,27.3,31.8,31.8,31.8,31.8,31.8,36.4,45.5,45.5,45.5,4.55,0.48,1.67,4.39,5.97,6.17,6.32,6.43,7.26,11.02,12.0
BNR.DE,Tief 2,15,5.95,13.3,13.3,13.3,13.3,13.3,20.0,20.0,33.3,33.3,33.3,33.3,40.0,40.0,40.0,40.0,40.0,13.33,0.55,1.93,4.88,6.23,6.29,6.31,6.61,7.37,8.43,8.69
BNR.DE,Tief 3,9,7.6,11.1,11.1,11.1,11.1,11.1,22.2,22.2,22.2,22.2,33.3,33.3,33.3,33.3,33.3,44.4,44.4,11.11,1.19,2.38,4.24,5.94,6.5,7.07,7.44,7.61,7.74,7.77
BNR.DE,Tief 4,7,8.08,14.3,14.3,14.3,14.3,14.3,14.3,28.6,28.6,28.6,28.6,28.6,28.6,57.1,57.1,57.1,57.1,14.29,0.96,2.34,3.19,4.82,5.06,5.67,7.03,8.4,9.48,9.76
BNR.DE,Tief 5,2,7.18,0.0,0.0,0.0,0.0,0.0,0.0,0.0,0.0,0.0,0.0,0.0,0.0,0.0,0.0,0.0,0.0,0.0,5.23,5.91,7.06,8.2,8.43,8.66,8.89,9.12,9.3,9.35
BNR.DE,Tief 6,2,9.2,0.0,0.0,0.0,0.0,0.0,0.0,0.0,0.0,0.0,0.0,0.0,0.0,0.0,0.0,0.0,0.0,0.0,5.5,5.92,6.62,7.32,7.46,7.6,7.73,7.87,7.99,8.01
BNR.DE,Tief 7,1,18.52,0.0,0.0,0.0,0.0,0.0,0.0,0.0,0.0,0.0,0.0,0.0,0.0,0.0,0.0,0.0,100.0,0.0,4.0,4.0,4.0,4.0,4.0,4.0,4.0,4.0,4.0,4.0
BNR.DE,Tief 8,1,16.83,0.0,0.0,0.0,0.0,0.0,0.0,0.0,0.0,0.0,0.0,0.0,0.0,0.0,0.0,100.0,100.0,0.0,3.58,3.58,3.58,3.58,3.58,3.58,3.58,3.58,3.58,3.58
BTC-USD,alle,47,11.64,31.9,34.0,38.3,42.6,55.3,63.8,68.1,68.1,70.2,70.2,76.6,76.6,80.9,80.9,80.9,80.9,27.66,0.0,0.0,1.17,2.64,3.19,4.73,5.11,8.38,12.59,13.43
BTC-USD,Tief 1,22,16.76,36.4,36.4,36.4,36.4,54.5,72.7,72.7,72.7,72.7,72.7,81.8,81.8,86.4,86.4,86.4,86.4,27.27,0.0,0.0,1.2,2.34,2.65,2.99,4.79,5.47,10.33,11.62
BTC-USD,Tief 2,12,11.5,33.3,41.7,50.0,58.3,66.7,66.7,75.0,75.0,75.0,75.0,83.3,83.3,83.3,83.3,83.3,83.3,33.33,0.0,0.0,0.75,1.79,2.33,5.01,8.91,11.33,13.01,13.43
BTC-USD,Tief 3,7,8.09,14.3,14.3,14.3,28.6,42.9,42.9,57.1,57.1,57.1,57.1,57.1,57.1,71.4,71.4,71.4,71.4,14.29,0.47,0.89,1.71,3.98,4.43,4.73,4.74,4.75,4.76,4.76
BTC-USD,Tief 4,3,9.41,0.0,0.0,0.0,0.0,0.0,0.0,0.0,0.0,33.3,33.3,33.3,33.3,33.3,33.3,33.3,33.3,0.0,2.58,3.25,4.36,4.83,4.92,5.01,5.11,5.2,5.28,5.29
BTC-USD,Tief 5,1,2.47,100.0,100.0,100.0,100.0,100.0,100.0,100.0,100.0,100.0,100.0,100.0,100.0,100.0,100.0,100.0,100.0,100.0,0.0,0.0,0.0,0.0,0.0,0.0,0.0,0.0,0.0,0.0
BTC-USD,Tief 6,1,2.5,100.0,100.0,100.0,100.0,100.0,100.0,100.0,100.0,100.0,100.0,100.0,100.0,100.0,100.0,100.0,100.0,100.0,0.0,0.0,0.0,0.0,0.0,0.0,0.0,0.0,0.0,0.0
BTC-USD,Tief 7,1,6.45,0.0,0.0,100.0,100.0,100.0,100.0,100.0,100.0,100.0,100.0,100.0,100.0,100.0,100.0,100.0,100.0,0.0,0.54,0.54,0.54,0.54,0.54,0.54,0.54,0.54,0.54,0.54
CAT,alle,56,87.31,39.3,41.1,44.6,46.4,51.8,53.6,57.1,62.5,67.9,69.6,69.6,71.4,71.4,80.4,80.4,80.4,32.14,0.0,0.0,1.15,3.32,3.41,5.06,6.45,8.68,10.34,11.58
CAT,Tief 1,28,88.31,32.1,35.7,42.9,42.9,46.4,46.4,50.0,53.6,57.1,60.7,60.7,64.3,64.3,78.6,78.6,78.6,28.57,0.0,0.0,1.72,3.4,3.83,5.53,7.4,8.25,9.13,9.33
CAT,Tief 2,15,95.83,40.0,40.0,40.0,46.7,53.3,60.0,66.7,73.3,80.0,80.0,80.0,80.0,80.0,80.0,80.0,80.0,26.67,0.0,0.07,1.23,2.02,2.5,4.15,4.92,7.17,10.69,11.58
CAT,Tief 3,9,86.97,44.4,44.4,44.4,44.4,55.6,55.6,55.6,66.7,77.8,77.8,77.8,77.8,77.8,88.9,88.9,88.9,33.33,0.0,0.0,1.03,2.23,2.65,3.06,4.42,6.71,8.55,9.01
CAT,Tief 4,3,81.03,66.7,66.7,66.7,66.7,66.7,66.7,66.7,66.7,66.7,66.7,66.7,66.7,66.7,66.7,66.7,66.7,66.67,0.0,0.0,0.0,2.77,3.32,3.88,4.43,4.98,5.43,5.54
CAT,Tief 5,1,67.17,100.0,100.0,100.0,100.0,100.0,100.0,100.0,100.0,100.0,100.0,100.0,100.0,100.0,100.0,100.0,100.0,100.0,0.0,0.0,0.0,0.0,0.0,0.0,0.0,0.0,0.0,0.0
CBK.DE,alle,60,28.09,36.7,40.0,43.3,45.0,48.3,53.3,58.3,60.0,65.0,66.7,66.7,70.0,71.7,71.7,75.0,78.3,30.0,0.0,0.0,1.33,3.77,4.07,4.99,5.06,6.36,8.05,8.69
CBK.DE,Tief 1,28,28.09,28.6,35.7,35.7,39.3,42.9,50.0,53.6,53.6,53.6,57.1,57.1,57.1,60.7,60.7,67.9,71.4,25.0,0.0,0.08,1.43,4.78,5.0,5.04,5.49,7.15,8.4,8.69
CBK.DE,Tief 2,14,74.85,42.9,42.9,50.0,50.0,57.1,64.3,71.4,71.4,78.6,78.6,78.6,78.6,78.6,78.6,78.6,78.6,35.71,0.0,0.0,0.87,2.02,2.89,4.17,5.64,6.56,6.94,7.03
CBK.DE,Tief 3,8,35.96,50.0,50.0,50.0,50.0,50.0,50.0,50.0,50.0,62.5,62.5,62.5,75.0,75.0,75.0,75.0,75.0,50.0,0.0,0.0,1.03,3.17,3.62,4.08,4.41,4.73,4.99,5.05
CBK.DE,Tief 4,3,8.9,0.0,0.0,0.0,0.0,0.0,0.0,0.0,33.3,33.3,33.3,33.3,66.7,66.7,66.7,66.7,100.0,0.0,2.03,2.38,2.95,3.44,3.54,3.64,3.74,3.84,3.92,3.94
CBK.DE,Tief 5,3,8.6,0.0,0.0,33.3,33.3,33.3,33.3,66.7,66.7,100.0,100.0,100.0,100.0,100.0,100.0,100.0,100.0,0.0,0.84,1.12,1.59,1.8,1.84,1.88,1.92,1.96,2.0,2.01
CBK.DE,Tief 6,2,32.17,100.0,100.0,100.0,100.0,100.0,100.0,100.0,100.0,100.0,100.0,100.0,100.0,100.0,100.0,100.0,100.0,50.0,0.0,0.01,0.02,0.03,0.03,0.03,0.04,0.04,0.04,0.04
CBK.DE,Tief 7,1,7.11,100.0,100.0,100.0,100.0,100.0,100.0,100.0,100.0,100.0,100.0,100.0,100.0,100.0,100.0,100.0,100.0,0.0,0.02,0.02,0.02,0.02,0.02,0.02,0.02,0.02,0.02,0.02
CBK.DE,Tief 8,1,5.4,100.0,100.0,100.0,100.0,100.0,100.0,100.0,100.0,100.0,100.0,100.0,100.0,100.0,100.0,100.0,100.0,100.0,0.0,0.0,0.0,0.0,0.0,0.0,0.0,0.0,0.0,0.0
CCEP,alle,58,31.69,29.3,37.9,50.0,51.7,60.3,69.0,72.4,74.1,75.9,75.9,75.9,79.3,86.2,89.7,89.7,93.1,27.59,0.0,0.0,0.84,2.1,3.06,3.22,3.57,4.55,7.23,7.86
CCEP,Tief 1,30,29.45,26.7,30.0,36.7,36.7,46.7,56.7,60.0,63.3,66.7,66.7,66.7,70.0,80.0,86.7,86.7,90.0,23.33,0.0,0.23,1.29,3.19,3.25,3.45,3.84,5.18,7.29,7.86
CCEP,Tief 2,15,35.89,40.0,46.7,60.0,66.7,66.7,73.3,73.3,73.3,73.3,73.3,73.3,80.0,86.7,86.7,86.7,93.3,40.0,0.0,0.0,0.52,2.06,2.91,3.13,3.64,4.8,6.36,6.75
CCEP,Tief 3,6,35.77,50.0,50.0,50.0,50.0,83.3,83.3,100.0,100.0,100.0,100.0,100.0,100.0,100.0,100.0,100.0,100.0,50.0,0.0,0.0,0.56,1.14,1.14,1.23,1.33,1.42,1.49,1.51
CCEP,Tief 4,3,33.32,0.0,33.3,66.7,66.7,66.7,100.0,100.0,100.0,100.0,100.0,100.0,100.0,100.0,100.0,100.0,100.0,0.0,0.45,0.55,0.72,1.11,1.18,1.26,1.34,1.41,1.47,1.49
CCEP,Tief 5,3,28.72,0.0,66.7,100.0,100.0,100.0,100.0,100.0,100.0,100.0,100.0,100.0,100.0,100.0,100.0,100.0,100.0,0.0,0.29,0.29,0.29,0.45,0.48,0.51,0.54,0.57,0.6,0.6
CCEP,Tief 6,1,35.29,0.0,0.0,100.0,100.0,100.0,100.0,100.0,100.0,100.0,100.0,100.0,100.0,100.0,100.0,100.0,100.0,0.0,0.51,0.51,0.51,0.51,0.51,0.51,0.51,0.51,0.51,0.51
CDNS,alle,58,14.38,19.0,20.7,20.7,25.9,29.3,29.3,32.8,36.2,44.8,46.6,53.4,56.9,62.1,67.2,72.4,75.9,18.97,0.0,0.97,2.58,3.92,4.38,5.93,7.14,8.41,9.79,10.17
CDNS,Tief 1,23,13.35,17.4,21.7,21.7,21.7,21.7,21.7,21.7,26.1,30.4,30.4,34.8,43.5,52.2,60.9,60.9,69.6,17.39,0.0,1.93,3.21,4.82,5.46,6.47,7.63,8.2,9.11,9.36
CDNS,Tief 2,15,12.92,13.3,13.3,13.3,20.0,20.0,20.0,26.7,26.7,40.0,46.7,60.0,60.0,60.0,60.0,73.3,73.3,13.33,0.37,1.9,2.5,3.99,4.71,6.11,6.63,7.18,7.8,7.95
CDNS,Tief 3,10,15.14,30.0,30.0,30.0,40.0,50.0,50.0,50.0,50.0,70.0,70.0,70.0,70.0,80.0,90.0,90.0,90.0,30.0,0.0,0.23,1.56,2.82,3.15,3.32,4.12,7.15,9.57,10.17
CDNS,Tief 4,6,14.51,33.3,33.3,33.3,33.3,33.3,33.3,50.0,66.7,66.7,66.7,66.7,66.7,66.7,66.7,66.7,66.7,33.33,0.0,0.41,1.79,3.72,4.32,5.61,6.9,8.2,9.23,9.49
CDNS,Tief 5,2,16.07,0.0,0.0,0.0,0.0,0.0,0.0,0.0,0.0,0.0,0.0,50.0,50.0,50.0,50.0,100.0,100.0,0.0,2.62,2.77,3.02,3.27,3.31,3.36,3.41,3.46,3.5,3.51
CDNS,Tief 6,1,15.51,0.0,0.0,0.0,0.0,100.0,100.0,100.0,100.0,100.0,100.0,100.0,100.0,100.0,100.0,100.0,100.0,0.0,1.1,1.1,1.1,1.1,1.1,1.1,1.1,1.1,1.1,1.1
CDNS,Tief 7,1,17.97,0.0,0.0,0.0,100.0,100.0,100.0,100.0,100.0,100.0,100.0,100.0,100.0,100.0,100.0,100.0,100.0,0.0,0.86,0.86,0.86,0.86,0.86,0.86,0.86,0.86,0.86,0.86
CDW,alle,45,5.76,11.1,15.6,15.6,17.8,20.0,20.0,20.0,20.0,20.0,20.0,33.3,40.0,40.0,46.7,48.9,55.6,11.11,0.14,2.58,3.77,6.27,7.97,8.75,9.64,11.01,13.23,13.8
CDW,Tief 1,16,5.95,12.5,25.0,25.0,25.0,25.0,25.0,25.0,25.0,25.0,25.0,25.0,25.0,25.0,31.2,31.2,37.5,12.5,0.18,2.68,6.07,9.33,10.0,10.47,11.57,12.83,13.61,13.8
CDW,Tief 2,9,2.27,11.1,11.1,11.1,11.1,11.1,11.1,11.1,11.1,11.1,11.1,11.1,22.2,22.2,33.3,44.4,55.6,11.11,2.24,3.49,3.82,7.84,8.1,8.36,9.02,10.06,10.9,11.11
CDW,Tief 3,6,4.15,0.0,0.0,0.0,0.0,0.0,0.0,0.0,0.0,0.0,0.0,33.3,50.0,50.0,50.0,50.0,50.0,0.0,2.56,2.69,3.65,4.57,4.66,5.01,5.36,5.71,6.0,6.07
CDW,Tief 4,5,3.54,20.0,20.0,20.0,20.0,40.0,40.0,40.0,40.0,40.0,40.0,80.0,80.0,80.0,80.0,80.0,80.0,20.0,0.42,1.04,2.55,2.68,3.24,3.8,4.36,4.92,5.36,5.48
CDW,Tief 5,3,6.4,0.0,0.0,0.0,0.0,0.0,0.0,0.0,0.0,0.0,0.0,0.0,33.3,33.3,33.3,33.3,66.7,0.0,3.05,3.32,3.77,4.36,4.48,4.6,4.71,4.83,4.93,4.95
CDW,Tief 6,3,6.83,33.3,33.3,33.3,33.3,33.3,33.3,33.3,33.3,33.3,33.3,66.7,66.7,66.7,100.0,100.0,100.0,33.33,0.53,1.33,2.66,3.05,3.13,3.21,3.29,3.36,3.43,3.44
CDW,Tief 7,2,8.79,0.0,0.0,0.0,50.0,50.0,50.0,50.0,50.0,50.0,50.0,100.0,100.0,100.0,100.0,100.0,100.0,0.0,0.99,1.26,1.71,2.16,2.25,2.34,2.43,2.52,2.59,2.61
CDW,Tief 8,1,10.93,0.0,0.0,0.0,0.0,0.0,0.0,0.0,0.0,0.0,0.0,0.0,0.0,0.0,0.0,0.0,0.0,0.0,7.68,7.68,7.68,7.68,7.68,7.68,7.68,7.68,7.68,7.68
CEG,alle,56,16.16,28.6,33.9,35.7,37.5,41.1,41.1,41.1,44.6,48.2,53.6,57.1,64.3,66.1,67.9,73.2,76.8,21.43,0.0,0.13,2.37,3.84,4.39,4.6,5.5,6.04,7.73,8.24
CEG,Tief 1,24,12.88,25.0,29.2,33.3,37.5,37.5,37.5,37.5,41.7,50.0,50.0,54.2,66.7,70.8,70.8,79.2,79.2,20.83,0.0,0.27,2.32,3.57,4.03,4.57,5.34,7.0,8.01,8.24
CEG,Tief 2,14,14.78,28.6,35.7,35.7,35.7,35.7,35.7,35.7,35.7,35.7,50.0,50.0,50.0,50.0,50.0,57.1,64.3,14.29,0.0,0.25,3.06,4.7,5.09,5.53,5.59,6.21,7.09,7.31
CEG,Tief 3,9,18.9,22.2,33.3,33.3,33.3,44.4,44.4,44.4,44.4,44.4,44.4,55.6,66.7,66.7,66.7,66.7,66.7,22.22,0.0,0.49,2.61,4.23,4.29,4.36,4.61,5.04,5.39,5.47
CEG,Tief 4,6,13.82,33.3,33.3,33.3,33.3,50.0,50.0,50.0,66.7,66.7,83.3,83.3,83.3,83.3,83.3,83.3,100.0,16.67,0.07,0.38,1.43,2.21,2.35,2.75,3.14,3.54,3.86,3.94
CEG,Tief 5,2,19.36,50.0,50.0,50.0,50.0,50.0,50.0,50.0,50.0,50.0,50.0,50.0,50.0,50.0,100.0,100.0,100.0,50.0,0.33,0.83,1.66,2.49,2.65,2.82,2.99,3.15,3.29,3.32
CEG,Tief 6,1,16.77,100.0,100.0,100.0,100.0,100.0,100.0,100.0,100.0,100.0,100.0,100.0,100.0,100.0,100.0,100.0,100.0,100.0,0.0,0.0,0.0,0.0,0.0,0.0,0.0,0.0,0.0,0.0
CHTR,alle,57,6.37,14.0,15.8,17.5,21.1,22.8,26.3,28.1,31.6,31.6,40.4,40.4,47.4,54.4,54.4,56.1,59.6,10.53,0.01,1.44,3.02,7.86,9.4,10.16,11.37,12.24,13.98,14.18
CHTR,Tief 1,18,5.14,22.2,22.2,27.8,33.3,33.3,38.9,38.9,38.9,38.9,44.4,44.4,44.4,44.4,44.4,44.4,50.0,22.22,0.0,0.68,3.97,9.74,10.13,11.34,12.9,13.87,14.12,14.18
CHTR,Tief 2,13,3.65,7.7,7.7,7.7,7.7,7.7,7.7,7.7,15.4,15.4,15.4,15.4,30.8,53.8,53.8,53.8,53.8,0.0,2.13,2.99,3.2,7.3,7.58,8.42,10.4,11.41,11.83,11.94
CHTR,Tief 3,12,5.98,8.3,8.3,8.3,16.7,16.7,25.0,25.0,25.0,25.0,41.7,41.7,41.7,41.7,41.7,50.0,50.0,8.33,0.98,2.13,3.89,8.87,10.65,11.36,11.48,11.8,12.09,12.17
CHTR,Tief 4,7,8.66,0.0,14.3,14.3,14.3,28.6,28.6,28.6,28.6,28.6,42.9,42.9,57.1,57.1,57.1,57.1,71.4,0.0,0.8,1.69,2.82,5.97,7.17,8.16,8.72,9.27,9.71,9.82
CHTR,Tief 5,4,7.8,25.0,25.0,25.0,25.0,25.0,25.0,25.0,50.0,50.0,50.0,50.0,75.0,100.0,100.0,100.0,100.0,0.0,0.67,1.46,2.43,2.98,2.99,3.0,3.0,3.01,3.02,3.02
CHTR,Tief 6,3,10.47,33.3,33.3,33.3,33.3,33.3,33.3,66.7,66.7,66.7,100.0,100.0,100.0,100.0,100.0,100.0,100.0,33.33,0.32,0.81,1.61,1.94,2.0,2.07,2.13,2.2,2.25,2.26
CL=F,alle,54,21.42,25.9,27.8,29.6,35.2,35.2,37.0,42.6,46.3,50.0,53.7,59.3,64.8,64.8,66.7,68.5,70.4,20.37,0.0,0.28,2.3,4.8,5.64,7.74,8.22,9.22,10.71,11.6
CL=F,Tief 1,23,21.01,34.8,34.8,34.8,43.5,43.5,43.5,52.2,56.5,65.2,65.2,65.2,69.6,69.6,73.9,73.9,73.9,26.09,0.0,0.07,1.73,4.14,4.85,5.86,8.38,9.81,11.23,11.6
CL=F,Tief 2,11,22.23,18.2,18.2,27.3,36.4,36.4,45.5,45.5,45.5,45.5,54.5,54.5,63.6,63.6,63.6,63.6,63.6,18.18,0.0,0.75,2.38,6.32,8.07,8.56,9.04,9.3,9.51,9.56
CL=F,Tief 3,7,22.72,28.6,28.6,28.6,28.6,28.6,28.6,42.9,42.9,42.9,42.9,42.9,42.9,42.9,42.9,57.1,71.4,14.29,0.03,0.81,3.57,4.77,5.38,5.98,6.56,7.14,7.61,7.72
CL=F,Tief 4,4,20.47,0.0,25.0,25.0,25.0,25.0,25.0,25.0,25.0,25.0,25.0,50.0,50.0,50.0,50.0,50.0,50.0,0.0,1.07,2.06,3.64,5.51,6.01,6.51,7.01,7.51,7.91,8.01
CL=F,Tief 5,4,20.77,25.0,25.0,25.0,25.0,25.0,25.0,25.0,25.0,25.0,25.0,50.0,75.0,75.0,75.0,75.0,75.0,25.0,0.75,1.89,2.68,4.2,5.02,5.84,6.65,7.47,8.12,8.28
CL=F,Tief 6,3,22.73,0.0,0.0,0.0,0.0,0.0,0.0,0.0,0.0,0.0,33.3,66.7,66.7,66.7,66.7,66.7,66.7,0.0,2.53,2.59,2.69,4.12,4.41,4.69,4.98,5.26,5.49,5.55
CL=F,Tief 7,2,20.99,50.0,50.0,50.0,50.0,50.0,50.0,50.0,100.0,100.0,100.0,100.0,100.0,100.0,100.0,100.0,100.0,50.0,0.19,0.47,0.95,1.42,1.52,1.61,1.71,1.8,1.88,1.9
CMCSA,alle,43,4.68,16.3,16.3,16.3,18.6,18.6,20.9,23.3,23.3,23.3,25.6,25.6,25.6,34.9,34.9,34.9,37.2,13.95,0.0,2.71,5.17,7.32,7.88,8.36,8.5,9.39,10.61,11.3
CMCSA,Tief 1,12,4.35,25.0,25.0,25.0,33.3,33.3,33.3,41.7,41.7,41.7,50.0,50.0,50.0,58.3,58.3,58.3,58.3,16.67,0.01,0.66,2.78,8.25,8.42,8.58,8.73,9.9,11.02,11.3
CMCSA,Tief 2,8,2.79,12.5,12.5,12.5,12.5,12.5,25.0,25.0,25.0,25.0,25.0,25.0,25.0,37.5,37.5,37.5,37.5,12.5,0.88,2.65,5.19,7.78,8.56,9.35,9.52,9.59,9.64,9.66
CMCSA,Tief 3,7,4.32,0.0,0.0,0.0,0.0,0.0,0.0,0.0,0.0,0.0,0.0,0.0,0.0,14.3,14.3,14.3,14.3,0.0,3.74,4.84,5.77,8.04,8.28,8.45,8.47,8.49,8.5,8.51
CMCSA,Tief 4,5,4.76,0.0,0.0,0.0,0.0,0.0,0.0,0.0,0.0,0.0,0.0,0.0,0.0,0.0,0.0,0.0,20.0,0.0,4.12,4.51,6.22,6.38,6.71,7.04,7.37,7.71,7.97,8.04
CMCSA,Tief 5,5,5.92,0.0,0.0,0.0,0.0,0.0,0.0,0.0,0.0,0.0,0.0,0.0,0.0,0.0,0.0,0.0,0.0,0.0,4.49,5.17,5.51,5.75,6.06,6.37,6.68,6.99,7.24,7.3
CMCSA,Tief 6,5,6.38,40.0,40.0,40.0,40.0,40.0,40.0,40.0,40.0,40.0,40.0,40.0,40.0,60.0,60.0,60.0,60.0,40.0,0.0,0.0,3.2,5.77,6.08,6.39,6.71,7.02,7.27,7.33
CMCSA,Tief 7,1,7.22,100.0,100.0,100.0,100.0,100.0,100.0,100.0,100.0,100.0,100.0,100.0,100.0,100.0,100.0,100.0,100.0,100.0,0.0,0.0,0.0,0.0,0.0,0.0,0.0,0.0,0.0,0.0
CON.DE,alle,61,24.33,18.0,23.0,27.9,27.9,31.1,34.4,36.1,37.7,41.0,45.9,49.2,49.2,49.2,50.8,57.4,57.4,18.03,0.0,0.62,3.44,5.52,5.63,6.25,6.36,7.58,8.81,9.98
CON.DE,Tief 1,29,22.2,13.8,13.8,17.2,17.2,20.7,27.6,31.0,34.5,37.9,41.4,44.8,44.8,44.8,44.8,51.7,51.7,13.79,0.0,1.46,3.57,6.25,6.37,7.08,7.61,7.91,9.43,9.98
CON.DE,Tief 2,17,22.32,29.4,41.2,52.9,52.9,52.9,52.9,52.9,52.9,52.9,58.8,64.7,64.7,64.7,70.6,76.5,76.5,29.41,0.0,0.0,0.75,3.64,4.56,5.09,5.5,5.92,6.27,6.36
CON.DE,Tief 3,5,26.71,20.0,20.0,20.0,20.0,20.0,20.0,20.0,20.0,20.0,20.0,20.0,20.0,20.0,20.0,40.0,40.0,20.0,1.41,3.52,5.52,5.61,5.62,5.62,5.62,5.63,5.63,5.63
CON.DE,Tief 4,3,24.55,0.0,0.0,0.0,0.0,0.0,0.0,0.0,0.0,0.0,33.3,33.3,33.3,33.3,33.3,33.3,33.3,0.0,2.79,3.55,4.81,4.82,4.82,4.82,4.83,4.83,4.83,4.83
CON.DE,Tief 5,2,30.06,50.0,50.0,50.0,50.0,50.0,50.0,50.0,50.0,50.0,50.0,50.0,50.0,50.0,50.0,50.0,50.0,50.0,0.56,1.39,2.78,4.17,4.45,4.73,5.01,5.28,5.51,5.56
CON.DE,Tief 6,1,34.56,0.0,0.0,0.0,0.0,0.0,0.0,0.0,0.0,0.0,0.0,0.0,0.0,0.0,0.0,0.0,0.0,0.0,6.27,6.27,6.27,6.27,6.27,6.27,6.27,6.27,6.27,6.27
CON.DE,Tief 7,1,32.61,0.0,0.0,0.0,0.0,0.0,0.0,0.0,0.0,0.0,0.0,0.0,0.0,0.0,0.0,0.0,0.0,0.0,4.54,4.54,4.54,4.54,4.54,4.54,4.54,4.54,4.54,4.54
CON.DE,Tief 8,1,41.25,0.0,0.0,0.0,0.0,0.0,0.0,0.0,0.0,100.0,100.0,100.0,100.0,100.0,100.0,100.0,100.0,0.0,2.19,2.19,2.19,2.19,2.19,2.19,2.19,2.19,2.19,2.19
CON.DE,Tief 9,1,43.77,0.0,0.0,0.0,0.0,100.0,100.0,100.0,100.0,100.0,100.0,100.0,100.0,100.0,100.0,100.0,100.0,0.0,1.19,1.19,1.19,1.19,1.19,1.19,1.19,1.19,1.19,1.19
CON.DE,Tief 10,1,41.06,0.0,100.0,100.0,100.0,100.0,100.0,100.0,100.0,100.0,100.0,100.0,100.0,100.0,100.0,100.0,100.0,0.0,0.4,0.4,0.4,0.4,0.4,0.4,0.4,0.4,0.4,0.4
COST,alle,51,11.86,27.5,35.3,41.2,45.1,49.0,51.0,52.9,56.9,58.8,58.8,58.8,64.7,70.6,70.6,70.6,78.4,21.57,0.0,0.22,1.48,3.86,4.03,4.34,4.49,6.8,8.07,8.22
COST,Tief 1,23,13.63,34.8,47.8,52.2,52.2,56.5,56.5,56.5,56.5,60.9,60.9,60.9,60.9,69.6,69.6,69.6,73.9,26.09,0.0,0.11,0.74,4.07,4.35,4.39,4.47,5.84,7.73,8.22
COST,Tief 2,11,13.02,18.2,18.2,27.3,36.4,45.5,45.5,45.5,54.5,54.5,54.5,54.5,63.6,63.6,63.6,63.6,72.7,9.09,0.1,0.74,1.89,3.95,4.03,4.59,5.15,6.37,7.35,7.6
COST,Tief 3,7,9.82,28.6,28.6,28.6,42.9,42.9,42.9,42.9,42.9,42.9,42.9,42.9,71.4,71.4,71.4,71.4,85.7,28.57,0.0,0.47,2.87,3.38,3.61,4.17,5.42,6.67,7.67,7.92
COST,Tief 4,5,9.24,0.0,0.0,20.0,20.0,20.0,40.0,40.0,60.0,60.0,60.0,60.0,60.0,60.0,60.0,60.0,80.0,0.0,0.95,1.48,1.77,3.91,3.93,3.96,3.99,4.01,4.03,4.04
COST,Tief 5,3,10.82,33.3,66.7,66.7,66.7,66.7,66.7,66.7,66.7,66.7,66.7,66.7,66.7,100.0,100.0,100.0,100.0,33.33,0.07,0.16,0.33,1.69,1.97,2.24,2.52,2.79,3.01,3.06
COST,Tief 6,2,9.25,50.0,50.0,50.0,50.0,50.0,50.0,100.0,100.0,100.0,100.0,100.0,100.0,100.0,100.0,100.0,100.0,50.0,0.16,0.41,0.81,1.22,1.3,1.39,1.47,1.55,1.61,1.63
CPRT,alle,48,6.61,14.6,16.7,18.8,25.0,29.2,29.2,29.2,29.2,29.2,33.3,39.6,41.7,54.2,56.2,56.2,60.4,12.5,0.0,1.08,3.19,6.03,6.2,6.44,6.76,7.62,10.43,12.51
CPRT,Tief 1,20,7.83,5.0,10.0,15.0,20.0,25.0,25.0,25.0,25.0,25.0,30.0,30.0,30.0,45.0,45.0,45.0,50.0,0.0,0.5,2.09,4.17,6.11,6.18,6.5,6.86,7.67,11.54,12.51
CPRT,Tief 2,14,10.35,35.7,35.7,35.7,50.0,50.0,50.0,50.0,50.0,50.0,50.0,57.1,57.1,78.6,78.6,78.6,78.6,35.71,0.0,0.0,1.83,3.18,4.42,6.26,6.3,6.47,6.69,6.75
CPRT,Tief 3,7,3.17,14.3,14.3,14.3,14.3,28.6,28.6,28.6,28.6,28.6,28.6,42.9,57.1,57.1,57.1,57.1,57.1,14.29,0.67,1.84,2.83,5.65,5.66,5.91,6.64,7.36,7.94,8.08
CPRT,Tief 4,5,5.34,0.0,0.0,0.0,0.0,0.0,0.0,0.0,0.0,0.0,20.0,40.0,40.0,40.0,40.0,40.0,40.0,0.0,2.54,2.67,5.35,6.71,6.91,7.11,7.32,7.52,7.69,7.73
CPRT,Tief 5,1,6.59,0.0,0.0,0.0,0.0,0.0,0.0,0.0,0.0,0.0,0.0,0.0,0.0,0.0,0.0,0.0,100.0,0.0,3.94,3.94,3.94,3.94,3.94,3.94,3.94,3.94,3.94,3.94
CPRT,Tief 6,1,7.63,0.0,0.0,0.0,0.0,0.0,0.0,0.0,0.0,0.0,0.0,0.0,0.0,0.0,100.0,100.0,100.0,0.0,3.4,3.4,3.4,3.4,3.4,3.4,3.4,3.4,3.4,3.4
CRM,alle,48,5.23,16.7,18.8,18.8,22.9,27.1,29.2,35.4,37.5,39.6,43.8,45.8,45.8,47.9,47.9,52.1,58.3,16.67,0.0,1.15,3.68,7.04,7.39,8.03,10.04,10.81,12.26,13.22
CRM,Tief 1,19,4.44,10.5,15.8,15.8,15.8,21.1,21.1,31.6,36.8,42.1,42.1,42.1,42.1,47.4,47.4,47.4,57.9,10.53,0.22,1.63,3.83,8.64,10.05,10.18,10.42,11.39,12.85,13.22
CRM,Tief 2,13,5.78,30.8,30.8,30.8,38.5,38.5,38.5,38.5,38.5,38.5,46.2,53.8,53.8,53.8,53.8,53.8,53.8,30.77,0.0,0.0,2.6,6.8,6.91,7.44,8.82,10.02,10.9,11.12
CRM,Tief 3,7,3.47,14.3,14.3,14.3,14.3,14.3,28.6,42.9,42.9,42.9,42.9,42.9,42.9,42.9,42.9,57.1,57.1,14.29,0.9,1.59,3.65,5.76,6.78,7.47,7.51,7.56,7.59,7.6
CRM,Tief 4,5,5.19,20.0,20.0,20.0,40.0,60.0,60.0,60.0,60.0,60.0,80.0,80.0,80.0,80.0,80.0,80.0,80.0,20.0,0.35,0.87,1.1,2.29,3.44,4.59,5.75,6.9,7.82,8.05
CRM,Tief 5,2,3.19,0.0,0.0,0.0,0.0,0.0,0.0,0.0,0.0,0.0,0.0,0.0,0.0,0.0,0.0,0.0,0.0,0.0,5.77,5.86,6.01,6.16,6.19,6.22,6.25,6.28,6.3,6.31
CRM,Tief 6,1,1.9,0.0,0.0,0.0,0.0,0.0,0.0,0.0,0.0,0.0,0.0,0.0,0.0,0.0,0.0,0.0,100.0,0.0,3.98,3.98,3.98,3.98,3.98,3.98,3.98,3.98,3.98,3.98
CRM,Tief 7,1,1.47,0.0,0.0,0.0,0.0,0.0,0.0,0.0,0.0,0.0,0.0,0.0,0.0,0.0,0.0,100.0,100.0,0.0,3.71,3.71,3.71,3.71,3.71,3.71,3.71,3.71,3.71,3.71
CRWD,alle,60,34.72,31.7,35.0,36.7,38.3,40.0,43.3,45.0,51.7,58.3,66.7,73.3,75.0,76.7,76.7,78.3,81.7,26.67,0.0,0.0,1.88,2.89,3.9,5.73,6.6,9.03,14.95,15.86
CRWD,Tief 1,28,36.2,28.6,28.6,32.1,35.7,35.7,39.3,39.3,46.4,60.7,67.9,78.6,78.6,78.6,78.6,78.6,78.6,21.43,0.0,0.11,2.11,2.57,3.64,5.66,7.05,12.57,15.44,15.86
CRWD,Tief 2,16,38.44,43.8,50.0,50.0,50.0,50.0,56.2,56.2,68.8,68.8,75.0,75.0,81.2,81.2,81.2,81.2,87.5,43.75,0.0,0.0,0.91,2.54,2.85,3.68,5.82,8.02,8.82,9.02
CRWD,Tief 3,7,32.86,42.9,42.9,42.9,42.9,42.9,42.9,42.9,42.9,42.9,57.1,57.1,57.1,71.4,71.4,85.7,85.7,28.57,0.0,0.11,2.49,3.29,3.44,3.84,4.72,5.6,6.31,6.48
CRWD,Tief 4,3,34.88,0.0,0.0,0.0,0.0,0.0,0.0,0.0,0.0,0.0,33.3,33.3,33.3,33.3,33.3,33.3,66.7,0.0,2.68,3.14,3.89,6.15,6.61,7.06,7.51,7.97,8.33,8.42
CRWD,Tief 5,2,30.92,0.0,0.0,0.0,0.0,0.0,0.0,0.0,0.0,0.0,0.0,50.0,50.0,50.0,50.0,50.0,50.0,0.0,3.0,3.46,4.22,4.99,5.14,5.29,5.45,5.6,5.72,5.75
CRWD,Tief 6,2,28.83,0.0,0.0,0.0,0.0,50.0,50.0,100.0,100.0,100.0,100.0,100.0,100.0,100.0,100.0,100.0,100.0,0.0,1.19,1.27,1.4,1.54,1.57,1.59,1.62,1.65,1.67,1.67
CRWD,Tief 7,2,27.36,50.0,100.0,100.0,100.0,100.0,100.0,100.0,100.0,100.0,100.0,100.0,100.0,100.0,100.0,100.0,100.0,50.0,0.05,0.12,0.23,0.35,0.37,0.39,0.42,0.44,0.46,0.46
CSCO,alle,35,81.36,48.6,48.6,51.4,60.0,62.9,71.4,74.3,77.1,77.1,77.1,77.1,77.1,77.1,77.1,77.1,80.0,42.86,0.0,0.0,0.52,1.8,3.97,5.91,6.38,7.41,7.79,7.92
CSCO,Tief 1,20,67.35,45.0,45.0,45.0,50.0,55.0,70.0,75.0,80.0,80.0,80.0,80.0,80.0,80.0,80.0,80.0,85.0,40.0,0.0,0.0,0.98,1.75,2.3,3.93,4.8,6.37,7.16,7.36
CSCO,Tief 2,9,83.0,55.6,55.6,66.7,88.9,88.9,88.9,88.9,88.9,88.9,88.9,88.9,88.9,88.9,88.9,88.9,88.9,55.56,0.0,0.0,0.0,0.82,0.82,0.83,2.25,5.08,7.35,7.92
CSCO,Tief 3,4,103.31,75.0,75.0,75.0,75.0,75.0,75.0,75.0,75.0,75.0,75.0,75.0,75.0,75.0,75.0,75.0,75.0,50.0,0.0,0.0,0.05,1.95,3.07,4.18,5.3,6.41,7.3,7.53
CSCO,Tief 4,1,110.71,0.0,0.0,0.0,0.0,0.0,0.0,0.0,0.0,0.0,0.0,0.0,0.0,0.0,0.0,0.0,0.0,0.0,6.43,6.43,6.43,6.43,6.43,6.43,6.43,6.43,6.43,6.43
CSCO,Tief 5,1,108.24,0.0,0.0,0.0,0.0,0.0,0.0,0.0,0.0,0.0,0.0,0.0,0.0,0.0,0.0,0.0,0.0,0.0,6.05,6.05,6.05,6.05,6.05,6.05,6.05,6.05,6.05,6.05
CSGP,alle,58,7.97,19.0,22.4,25.9,29.3,36.2,37.9,39.7,39.7,43.1,48.3,48.3,50.0,50.0,50.0,53.4,55.2,13.79,0.0,0.74,3.23,5.36,6.42,7.58,8.25,10.38,12.22,14.31
CSGP,Tief 1,16,8.07,18.8,18.8,18.8,31.2,37.5,43.8,50.0,50.0,56.2,62.5,62.5,62.5,62.5,62.5,62.5,62.5,12.5,0.1,0.86,1.95,5.25,5.27,6.16,7.31,9.71,13.39,14.31
CSGP,Tief 2,11,8.32,18.2,18.2,27.3,27.3,54.5,54.5,54.5,54.5,54.5,54.5,54.5,54.5,54.5,54.5,54.5,54.5,9.09,0.09,0.94,1.23,6.16,7.48,7.78,8.07,8.59,9.01,9.12
CSGP,Tief 3,8,8.89,25.0,50.0,50.0,50.0,50.0,50.0,50.0,50.0,50.0,62.5,62.5,62.5,62.5,62.5,62.5,62.5,25.0,0.0,0.32,1.46,5.96,6.77,7.58,8.55,9.55,10.35,10.55
CSGP,Tief 4,6,11.25,33.3,33.3,33.3,33.3,33.3,33.3,33.3,33.3,33.3,50.0,50.0,50.0,50.0,50.0,50.0,50.0,16.67,0.1,0.75,3.34,4.37,4.4,5.96,7.52,9.08,10.33,10.64
CSGP,Tief 5,3,9.72,33.3,33.3,33.3,33.3,33.3,33.3,33.3,33.3,33.3,33.3,33.3,66.7,66.7,66.7,66.7,66.7,33.33,0.58,1.45,2.91,5.67,6.22,6.78,7.33,7.88,8.32,8.43
CSGP,Tief 6,2,7.33,0.0,0.0,0.0,0.0,0.0,0.0,0.0,0.0,50.0,50.0,50.0,50.0,50.0,50.0,50.0,50.0,0.0,3.05,4.27,6.3,8.32,8.73,9.13,9.54,9.94,10.27,10.35
CSGP,Tief 7,2,6.66,0.0,0.0,50.0,50.0,50.0,50.0,50.0,50.0,50.0,50.0,50.0,50.0,50.0,50.0,50.0,50.0,0.0,1.04,1.76,2.94,4.13,4.37,4.61,4.84,5.08,5.27,5.32
CSGP,Tief 8,2,8.88,50.0,50.0,50.0,50.0,50.0,50.0,50.0,50.0,50.0,50.0,50.0,50.0,50.0,50.0,50.0,100.0,50.0,0.4,0.99,1.98,2.96,3.16,3.36,3.56,3.76,3.91,3.95
CSGP,Tief 9,1,0.84,0.0,0.0,0.0,0.0,0.0,0.0,0.0,0.0,0.0,0.0,0.0,0.0,0.0,0.0,0.0,0.0,0.0,4.42,4.42,4.42,4.42,4.42,4.42,4.42,4.42,4.42,4.42
CSGP,Tief 10,1,0.42,0.0,0.0,0.0,0.0,0.0,0.0,0.0,0.0,0.0,0.0,0.0,0.0,0.0,0.0,0.0,0.0,0.0,5.12,5.12,5.12,5.12,5.12,5.12,5.12,5.12,5.12,5.12
CSGP,Tief 11,1,0.79,0.0,0.0,0.0,0.0,0.0,0.0,0.0,0.0,0.0,0.0,0.0,0.0,0.0,0.0,0.0,0.0,0.0,6.61,6.61,6.61,6.61,6.61,6.61,6.61,6.61,6.61,6.61
CSGP,Tief 12,1,0.68,0.0,0.0,0.0,0.0,0.0,0.0,0.0,0.0,0.0,0.0,0.0,0.0,0.0,0.0,0.0,0.0,0.0,5.84,5.84,5.84,5.84,5.84,5.84,5.84,5.84,5.84,5.84
CSGP,Tief 13,1,0.81,0.0,0.0,0.0,0.0,0.0,0.0,0.0,0.0,0.0,0.0,0.0,0.0,0.0,0.0,0.0,0.0,0.0,6.37,6.37,6.37,6.37,6.37,6.37,6.37,6.37,6.37,6.37
CSGP,Tief 14,1,1.76,0.0,0.0,0.0,0.0,0.0,0.0,0.0,0.0,0.0,0.0,0.0,0.0,0.0,0.0,0.0,0.0,0.0,4.13,4.13,4.13,4.13,4.13,4.13,4.13,4.13,4.13,4.13
CSGP,Tief 15,1,1.09,0.0,0.0,0.0,0.0,0.0,0.0,0.0,0.0,0.0,0.0,0.0,0.0,0.0,0.0,100.0,100.0,0.0,3.73,3.73,3.73,3.73,3.73,3.73,3.73,3.73,3.73,3.73
CSGP,Tief 16,1,1.41,0.0,0.0,0.0,0.0,0.0,0.0,0.0,0.0,0.0,0.0,0.0,0.0,0.0,0.0,100.0,100.0,0.0,3.55,3.55,3.55,3.55,3.55,3.55,3.55,3.55,3.55,3.55
CSX,alle,56,32.63,42.9,42.9,42.9,42.9,44.6,48.2,55.4,64.3,71.4,73.2,75.0,78.6,80.4,82.1,83.9,85.7,35.71,0.0,0.0,1.61,2.64,3.23,3.87,5.02,6.3,8.37,9.28
CSX,Tief 1,28,31.17,50.0,50.0,50.0,50.0,50.0,50.0,53.6,60.7,67.9,71.4,75.0,82.1,82.1,82.1,82.1,82.1,46.43,0.0,0.0,0.96,2.64,2.96,4.47,4.95,5.34,7.03,7.62
CSX,Tief 2,9,23.36,33.3,33.3,33.3,33.3,33.3,44.4,55.6,66.7,77.8,77.8,77.8,77.8,88.9,88.9,88.9,88.9,11.11,0.02,0.1,1.63,2.02,2.51,2.99,4.44,6.86,8.8,9.28
CSX,Tief 3,7,29.6,28.6,28.6,28.6,28.6,42.9,42.9,42.9,71.4,71.4,71.4,71.4,71.4,71.4,85.7,85.7,85.7,14.29,0.07,0.6,1.87,2.67,3.08,3.63,4.47,5.3,5.97,6.14
CSX,Tief 4,5,31.73,60.0,60.0,60.0,60.0,60.0,60.0,60.0,60.0,60.0,60.0,60.0,60.0,60.0,60.0,80.0,80.0,60.0,0.0,0.0,0.0,3.6,4.24,4.87,5.51,6.14,6.65,6.77
CSX,Tief 5,2,34.0,0.0,0.0,0.0,0.0,0.0,0.0,50.0,50.0,50.0,50.0,50.0,50.0,50.0,50.0,50.0,100.0,0.0,1.89,2.23,2.81,3.38,3.5,3.61,3.73,3.84,3.94,3.96
CSX,Tief 6,2,38.92,50.0,50.0,50.0,50.0,50.0,50.0,50.0,50.0,100.0,100.0,100.0,100.0,100.0,100.0,100.0,100.0,50.0,0.22,0.55,1.1,1.65,1.76,1.87,1.98,2.09,2.17,2.2
CSX,Tief 7,1,41.14,0.0,0.0,0.0,0.0,0.0,0.0,100.0,100.0,100.0,100.0,100.0,100.0,100.0,100.0,100.0,100.0,0.0,1.58,1.58,1.58,1.58,1.58,1.58,1.58,1.58,1.58,1.58
CSX,Tief 8,1,40.78,0.0,0.0,0.0,0.0,0.0,100.0,100.0,100.0,100.0,100.0,100.0,100.0,100.0,100.0,100.0,100.0,0.0,1.31,1.31,1.31,1.31,1.31,1.31,1.31,1.31,1.31,1.31
CSX,Tief 9,1,41.77,100.0,100.0,100.0,100.0,100.0,100.0,100.0,100.0,100.0,100.0,100.0,100.0,100.0,100.0,100.0,100.0,100.0,0.0,0.0,0.0,0.0,0.0,0.0,0.0,0.0,0.0,0.0
CTAS,alle,62,8.91,32.3,35.5,40.3,43.5,48.4,51.6,54.8,54.8,54.8,56.5,61.3,61.3,62.9,66.1,66.1,66.1,27.42,0.0,0.0,1.38,5.67,6.06,6.41,7.82,9.25,10.74,12.35
CTAS,Tief 1,32,8.19,28.1,28.1,31.2,34.4,37.5,43.8,50.0,50.0,50.0,53.1,59.4,59.4,62.5,65.6,65.6,65.6,18.75,0.0,0.06,2.03,5.63,5.97,6.95,8.93,9.28,11.4,12.35
CTAS,Tief 2,18,8.96,38.9,50.0,50.0,55.6,61.1,61.1,61.1,61.1,61.1,61.1,66.7,66.7,66.7,66.7,66.7,66.7,38.89,0.0,0.0,0.71,5.88,6.39,6.68,7.39,8.93,9.56,9.72
CTAS,Tief 3,6,8.88,50.0,50.0,66.7,66.7,66.7,66.7,66.7,66.7,66.7,66.7,66.7,66.7,66.7,66.7,66.7,66.7,50.0,0.0,0.0,0.35,4.82,6.2,6.23,6.27,6.31,6.34,6.35
CTAS,Tief 4,2,9.12,0.0,0.0,0.0,0.0,50.0,50.0,50.0,50.0,50.0,50.0,50.0,50.0,50.0,50.0,50.0,50.0,0.0,1.61,2.29,3.43,4.56,4.79,5.02,5.25,5.47,5.66,5.7
CTAS,Tief 5,2,9.88,0.0,0.0,50.0,50.0,50.0,50.0,50.0,50.0,50.0,50.0,50.0,50.0,50.0,50.0,50.0,50.0,0.0,1.03,1.72,2.86,4.0,4.23,4.45,4.68,4.91,5.09,5.14
CTAS,Tief 6,2,9.35,50.0,50.0,50.0,50.0,50.0,50.0,50.0,50.0,50.0,50.0,50.0,50.0,50.0,100.0,100.0,100.0,50.0,0.33,0.83,1.67,2.5,2.67,2.83,3.0,3.17,3.3,3.33
CTSH,alle,55,8.08,14.5,18.2,20.0,20.0,21.8,23.6,25.5,27.3,29.1,29.1,30.9,30.9,30.9,30.9,30.9,32.7,12.73,0.0,1.71,5.6,8.33,9.09,10.41,10.73,12.28,14.56,15.03
CTSH,Tief 1,18,8.52,22.2,33.3,33.3,33.3,33.3,33.3,38.9,38.9,38.9,38.9,38.9,38.9,38.9,38.9,38.9,44.4,16.67,0.0,0.34,5.61,10.35,10.5,10.79,11.39,12.17,12.68,12.8
CTSH,Tief 2,9,5.59,11.1,11.1,11.1,11.1,11.1,11.1,11.1,11.1,11.1,11.1,11.1,11.1,11.1,11.1,11.1,11.1,11.11,4.13,5.6,8.42,10.68,12.08,13.47,14.34,14.68,14.96,15.03
CTSH,Tief 3,6,7.13,0.0,0.0,0.0,0.0,0.0,0.0,0.0,0.0,0.0,0.0,0.0,0.0,0.0,0.0,0.0,0.0,0.0,5.69,6.06,7.22,8.06,8.25,8.66,9.07,9.49,9.82,9.9
CTSH,Tief 4,6,8.13,0.0,0.0,0.0,0.0,0.0,16.7,16.7,16.7,16.7,16.7,16.7,16.7,16.7,16.7,16.7,16.7,0.0,2.89,4.68,5.66,6.34,6.57,6.7,6.83,6.96,7.07,7.09
CTSH,Tief 5,5,15.41,20.0,20.0,20.0,20.0,20.0,20.0,20.0,20.0,40.0,40.0,40.0,40.0,40.0,40.0,40.0,40.0,20.0,0.85,2.12,4.55,4.89,4.98,5.07,5.15,5.24,5.31,5.33
CTSH,Tief 6,4,14.32,0.0,0.0,0.0,0.0,0.0,0.0,0.0,25.0,25.0,25.0,25.0,25.0,25.0,25.0,25.0,25.0,0.0,2.63,3.75,4.73,5.12,5.13,5.14,5.15,5.16,5.17,5.17
CTSH,Tief 7,4,14.37,25.0,25.0,25.0,25.0,50.0,50.0,50.0,50.0,50.0,50.0,75.0,75.0,75.0,75.0,75.0,75.0,25.0,0.33,0.82,1.82,4.14,5.09,6.04,6.99,7.94,8.7,8.89
CTSH,Tief 8,2,12.82,0.0,0.0,50.0,50.0,50.0,50.0,50.0,50.0,50.0,50.0,50.0,50.0,50.0,50.0,50.0,50.0,0.0,1.57,3.1,5.65,8.2,8.71,9.23,9.74,10.25,10.65,10.76
CTSH,Tief 9,1,22.37,100.0,100.0,100.0,100.0,100.0,100.0,100.0,100.0,100.0,100.0,100.0,100.0,100.0,100.0,100.0,100.0,100.0,0.0,0.0,0.0,0.0,0.0,0.0,0.0,0.0,0.0,0.0
CVX,alle,48,25.41,16.7,18.8,20.8,25.0,27.1,29.2,33.3,35.4,39.6,39.6,41.7,45.8,45.8,50.0,54.2,54.2,12.5,0.0,1.11,3.5,5.7,5.94,7.03,7.56,8.14,10.27,11.65
CVX,Tief 1,22,25.62,9.1,13.6,18.2,18.2,22.7,22.7,22.7,27.3,36.4,36.4,36.4,40.9,40.9,45.5,50.0,50.0,4.55,0.29,1.85,4.47,7.01,7.17,7.53,7.79,8.66,11.03,11.65
CVX,Tief 2,13,24.97,15.4,15.4,15.4,23.1,23.1,30.8,30.8,30.8,30.8,30.8,30.8,30.8,30.8,38.5,46.2,46.2,15.38,0.16,1.47,4.26,5.77,5.94,6.35,7.24,7.85,8.23,8.32
CVX,Tief 3,8,26.66,25.0,25.0,25.0,37.5,37.5,37.5,50.0,50.0,50.0,50.0,50.0,62.5,62.5,62.5,62.5,62.5,25.0,0.0,0.58,2.34,4.77,4.83,4.89,4.98,5.08,5.15,5.17
CVX,Tief 4,4,27.79,50.0,50.0,50.0,50.0,50.0,50.0,50.0,50.0,50.0,50.0,75.0,75.0,75.0,75.0,75.0,75.0,25.0,0.06,0.14,1.41,3.28,3.67,4.05,4.44,4.83,5.14,5.22
CVX,Tief 5,1,4.22,0.0,0.0,0.0,0.0,0.0,0.0,100.0,100.0,100.0,100.0,100.0,100.0,100.0,100.0,100.0,100.0,0.0,1.64,1.64,1.64,1.64,1.64,1.64,1.64,1.64,1.64,1.64
DASH,alle,63,21.57,30.2,33.3,39.7,39.7,42.9,46.0,52.4,57.1,61.9,61.9,63.5,63.5,65.1,65.1,66.7,66.7,23.81,0.0,0.12,1.68,5.14,6.07,6.93,7.88,10.26,11.45,11.48
DASH,Tief 1,28,19.49,28.6,32.1,42.9,42.9,50.0,50.0,57.1,60.7,60.7,60.7,64.3,64.3,64.3,64.3,67.9,67.9,25.0,0.0,0.17,1.43,6.7,6.9,7.89,8.67,10.79,11.36,11.48
DASH,Tief 2,15,32.87,26.7,33.3,33.3,33.3,33.3,40.0,40.0,53.3,60.0,60.0,60.0,60.0,60.0,60.0,60.0,60.0,20.0,0.0,0.3,1.89,5.21,5.64,6.4,7.21,8.8,10.91,11.44
DASH,Tief 3,11,10.85,36.4,36.4,45.5,45.5,45.5,54.5,54.5,54.5,54.5,54.5,54.5,54.5,63.6,63.6,63.6,63.6,18.18,0.0,0.12,1.5,4.97,5.28,5.33,5.38,7.49,9.18,9.6
DASH,Tief 4,6,20.76,50.0,50.0,50.0,50.0,50.0,50.0,66.7,66.7,83.3,83.3,83.3,83.3,83.3,83.3,83.3,83.3,50.0,0.0,0.0,0.84,1.94,2.02,3.27,4.52,5.77,6.77,7.02
DASH,Tief 5,2,29.74,0.0,0.0,0.0,0.0,0.0,0.0,0.0,0.0,50.0,50.0,50.0,50.0,50.0,50.0,50.0,50.0,0.0,2.38,2.71,3.26,3.81,3.92,4.03,4.14,4.26,4.34,4.37
DASH,Tief 6,1,5.66,0.0,0.0,0.0,0.0,0.0,0.0,100.0,100.0,100.0,100.0,100.0,100.0,100.0,100.0,100.0,100.0,0.0,1.58,1.58,1.58,1.58,1.58,1.58,1.58,1.58,1.58,1.58
DB1.DE,alle,54,24.94,27.8,33.3,37.0,42.6,50.0,55.6,59.3,59.3,63.0,66.7,68.5,68.5,70.4,79.6,79.6,79.6,27.78,0.0,0.0,1.25,3.28,3.71,4.43,5.75,8.83,10.94,11.14
DB1.DE,Tief 1,25,25.53,32.0,36.0,40.0,48.0,56.0,60.0,68.0,68.0,72.0,76.0,76.0,76.0,80.0,96.0,96.0,96.0,32.0,0.0,0.0,1.18,2.38,3.22,3.26,3.31,3.42,4.3,4.58
DB1.DE,Tief 2,12,39.34,16.7,25.0,33.3,33.3,50.0,58.3,58.3,58.3,66.7,75.0,83.3,83.3,83.3,83.3,83.3,83.3,16.67,0.03,0.52,1.25,2.54,2.65,3.19,3.98,5.08,6.02,6.25
DB1.DE,Tief 3,6,30.88,50.0,50.0,50.0,50.0,50.0,66.7,66.7,66.7,66.7,66.7,66.7,66.7,66.7,83.3,83.3,83.3,50.0,0.0,0.0,0.71,2.8,3.25,4.44,5.62,6.8,7.74,7.98
DB1.DE,Tief 4,3,15.03,33.3,33.3,33.3,66.7,66.7,66.7,66.7,66.7,66.7,66.7,66.7,66.7,66.7,66.7,66.7,66.7,33.33,0.19,0.49,0.97,5.69,6.63,7.57,8.51,9.46,10.21,10.4
DB1.DE,Tief 5,2,8.58,50.0,50.0,50.0,50.0,50.0,50.0,50.0,50.0,50.0,50.0,50.0,50.0,50.0,50.0,50.0,50.0,50.0,1.11,2.79,5.57,8.36,8.92,9.47,10.03,10.59,11.03,11.14
DB1.DE,Tief 6,1,7.44,0.0,0.0,0.0,0.0,0.0,0.0,0.0,0.0,0.0,0.0,0.0,0.0,0.0,0.0,0.0,0.0,0.0,7.4,7.4,7.4,7.4,7.4,7.4,7.4,7.4,7.4,7.4
DB1.DE,Tief 7,1,10.29,0.0,0.0,0.0,0.0,0.0,0.0,0.0,0.0,0.0,0.0,0.0,0.0,0.0,0.0,0.0,0.0,0.0,10.77,10.77,10.77,10.77,10.77,10.77,10.77,10.77,10.77,10.77
DB1.DE,Tief 8,1,16.07,0.0,0.0,0.0,0.0,0.0,0.0,0.0,0.0,0.0,0.0,0.0,0.0,0.0,0.0,0.0,0.0,0.0,4.57,4.57,4.57,4.57,4.57,4.57,4.57,4.57,4.57,4.57
DB1.DE,Tief 9,1,16.17,0.0,0.0,0.0,0.0,0.0,0.0,0.0,0.0,0.0,0.0,0.0,0.0,0.0,0.0,0.0,0.0,0.0,4.13,4.13,4.13,4.13,4.13,4.13,4.13,4.13,4.13,4.13
DB1.DE,Tief 10,1,16.7,0.0,0.0,0.0,0.0,0.0,0.0,0.0,0.0,0.0,0.0,0.0,0.0,0.0,0.0,0.0,0.0,0.0,4.42,4.42,4.42,4.42,4.42,4.42,4.42,4.42,4.42,4.42
DB1.DE,Tief 11,1,17.52,0.0,100.0,100.0,100.0,100.0,100.0,100.0,100.0,100.0,100.0,100.0,100.0,100.0,100.0,100.0,100.0,0.0,0.42,0.42,0.42,0.42,0.42,0.42,0.42,0.42,0.42,0.42
DBK.DE,alle,59,42.5,40.7,42.4,47.5,52.5,55.9,57.6,59.3,64.4,66.1,67.8,71.2,71.2,72.9,74.6,74.6,78.0,33.9,0.0,0.0,0.76,3.65,4.16,5.18,6.98,9.02,11.14,11.65
DBK.DE,Tief 1,30,42.06,30.0,33.3,40.0,50.0,53.3,56.7,56.7,63.3,63.3,66.7,73.3,73.3,73.3,73.3,73.3,80.0,23.33,0.0,0.17,1.09,3.49,4.02,5.67,6.43,7.95,10.84,11.65
DBK.DE,Tief 2,19,38.87,57.9,57.9,57.9,57.9,57.9,57.9,63.2,63.2,68.4,68.4,68.4,68.4,73.7,78.9,78.9,78.9,47.37,0.0,0.0,0.14,3.26,3.82,5.25,7.77,9.08,10.43,10.76
DBK.DE,Tief 3,5,54.98,20.0,20.0,40.0,40.0,40.0,40.0,40.0,60.0,60.0,60.0,60.0,60.0,60.0,60.0,60.0,60.0,20.0,0.28,0.69,1.94,4.07,5.28,6.48,7.69,8.9,9.87,10.11
DBK.DE,Tief 4,4,51.49,50.0,50.0,50.0,50.0,75.0,75.0,75.0,75.0,75.0,75.0,75.0,75.0,75.0,75.0,75.0,75.0,50.0,0.0,0.0,0.55,2.01,2.56,3.1,3.64,4.19,4.62,4.73
DBK.DE,Tief 5,1,8.04,100.0,100.0,100.0,100.0,100.0,100.0,100.0,100.0,100.0,100.0,100.0,100.0,100.0,100.0,100.0,100.0,100.0,0.0,0.0,0.0,0.0,0.0,0.0,0.0,0.0,0.0,0.0
DDOG,alle,55,38.19,30.9,34.5,36.4,40.0,41.8,41.8,43.6,49.1,54.5,58.2,61.8,63.6,63.6,65.5,67.3,67.3,25.45,0.0,0.03,2.08,4.86,5.44,7.14,9.35,10.11,14.2,14.9
DDOG,Tief 1,20,33.8,30.0,35.0,40.0,50.0,50.0,50.0,50.0,55.0,70.0,70.0,70.0,75.0,75.0,75.0,75.0,75.0,20.0,0.0,0.18,1.37,3.31,4.48,5.43,6.58,7.36,9.69,10.27
DDOG,Tief 2,12,37.99,33.3,33.3,33.3,33.3,33.3,33.3,41.7,41.7,41.7,50.0,58.3,58.3,58.3,58.3,58.3,58.3,25.0,0.0,0.06,2.59,5.73,7.26,8.29,9.04,9.57,9.95,10.04
DDOG,Tief 3,9,36.37,44.4,44.4,44.4,44.4,44.4,44.4,44.4,55.6,55.6,55.6,55.6,55.6,55.6,55.6,55.6,55.6,44.44,0.0,0.0,1.91,5.79,7.3,8.8,10.62,12.76,14.47,14.9
DDOG,Tief 4,5,42.63,0.0,0.0,0.0,0.0,0.0,0.0,0.0,0.0,0.0,20.0,40.0,40.0,40.0,40.0,40.0,40.0,0.0,2.41,2.54,5.35,9.46,10.29,11.11,11.94,12.77,13.43,13.6
DDOG,Tief 5,3,39.33,0.0,0.0,0.0,0.0,0.0,0.0,0.0,33.3,33.3,33.3,33.3,33.3,33.3,66.7,100.0,100.0,0.0,2.1,2.61,3.47,3.5,3.51,3.51,3.52,3.52,3.53,3.53
DDOG,Tief 6,3,52.28,0.0,33.3,33.3,33.3,66.7,66.7,66.7,66.7,66.7,66.7,66.7,66.7,66.7,66.7,66.7,66.7,0.0,0.59,0.76,1.05,2.57,2.88,3.18,3.48,3.79,4.03,4.09
DDOG,Tief 7,3,42.36,100.0,100.0,100.0,100.0,100.0,100.0,100.0,100.0,100.0,100.0,100.0,100.0,100.0,100.0,100.0,100.0,100.0,0.0,0.0,0.0,0.0,0.0,0.0,0.0,0.0,0.0,0.0
DHL.DE,alle,59,31.15,22.0,23.7,27.1,28.8,30.5,40.7,45.8,52.5,55.9,59.3,59.3,59.3,61.0,61.0,64.4,69.5,18.64,0.0,0.63,1.96,4.75,5.34,5.76,6.71,7.59,8.59,8.83
DHL.DE,Tief 1,23,31.15,26.1,30.4,30.4,30.4,30.4,34.8,43.5,47.8,52.2,52.2,52.2,52.2,52.2,52.2,56.5,56.5,21.74,0.0,0.24,2.12,5.76,6.01,6.7,6.97,7.47,8.55,8.83
DHL.DE,Tief 2,14,30.96,14.3,14.3,14.3,21.4,21.4,28.6,28.6,28.6,28.6,35.7,35.7,35.7,42.9,42.9,50.0,71.4,14.29,0.24,1.54,3.72,5.0,5.39,5.61,7.36,8.25,8.37,8.41
DHL.DE,Tief 3,8,29.59,25.0,25.0,25.0,25.0,25.0,50.0,50.0,50.0,62.5,62.5,62.5,62.5,62.5,62.5,62.5,62.5,12.5,0.1,1.01,1.8,4.5,4.52,4.55,5.18,5.92,6.51,6.66
DHL.DE,Tief 4,7,36.99,14.3,14.3,28.6,28.6,28.6,28.6,28.6,71.4,71.4,85.7,85.7,85.7,85.7,85.7,85.7,85.7,14.29,0.32,1.17,1.96,2.14,2.24,2.58,3.37,4.16,4.79,4.95
DHL.DE,Tief 5,4,33.35,25.0,25.0,25.0,25.0,25.0,75.0,100.0,100.0,100.0,100.0,100.0,100.0,100.0,100.0,100.0,100.0,25.0,0.38,0.94,1.34,1.48,1.51,1.55,1.59,1.62,1.65,1.66
DHL.DE,Tief 6,2,22.55,0.0,0.0,50.0,50.0,100.0,100.0,100.0,100.0,100.0,100.0,100.0,100.0,100.0,100.0,100.0,100.0,0.0,0.77,0.84,0.95,1.07,1.09,1.11,1.13,1.16,1.17,1.18
DHL.DE,Tief 7,1,15.24,100.0,100.0,100.0,100.0,100.0,100.0,100.0,100.0,100.0,100.0,100.0,100.0,100.0,100.0,100.0,100.0,100.0,0.0,0.0,0.0,0.0,0.0,0.0,0.0,0.0,0.0,0.0
DIS,alle,50,8.07,24.0,28.0,32.0,34.0,40.0,42.0,42.0,42.0,42.0,42.0,44.0,46.0,48.0,52.0,52.0,52.0,22.0,0.0,0.34,3.33,7.72,8.45,8.65,9.66,10.7,13.63,13.67
DIS,Tief 1,21,7.74,28.6,38.1,42.9,47.6,52.4,57.1,57.1,57.1,57.1,57.1,57.1,57.1,57.1,57.1,57.1,57.1,23.81,0.0,0.06,1.06,4.45,6.13,7.82,8.32,8.46,9.6,9.88
DIS,Tief 2,13,6.64,23.1,23.1,30.8,30.8,30.8,30.8,30.8,30.8,30.8,30.8,38.5,38.5,38.5,46.2,46.2,46.2,23.08,0.0,0.57,4.09,7.42,8.04,8.59,9.03,9.55,10.0,10.12
DIS,Tief 3,8,7.25,25.0,25.0,25.0,25.0,37.5,37.5,37.5,37.5,37.5,37.5,37.5,50.0,62.5,75.0,75.0,75.0,25.0,0.0,0.93,3.08,4.66,6.55,8.44,8.99,9.31,9.57,9.64
DIS,Tief 4,3,8.85,0.0,0.0,0.0,0.0,33.3,33.3,33.3,33.3,33.3,33.3,33.3,33.3,33.3,33.3,33.3,33.3,0.0,2.19,3.73,6.3,6.86,6.98,7.09,7.2,7.31,7.4,7.43
DIS,Tief 5,3,14.16,33.3,33.3,33.3,33.3,33.3,33.3,33.3,33.3,33.3,33.3,33.3,33.3,33.3,33.3,33.3,33.3,33.33,1.7,4.26,8.52,9.85,10.11,10.38,10.64,10.91,11.12,11.17
DIS,Tief 6,1,8.78,0.0,0.0,0.0,0.0,0.0,0.0,0.0,0.0,0.0,0.0,0.0,0.0,0.0,0.0,0.0,0.0,0.0,13.67,13.67,13.67,13.67,13.67,13.67,13.67,13.67,13.67,13.67
DIS,Tief 7,1,8.61,0.0,0.0,0.0,0.0,0.0,0.0,0.0,0.0,0.0,0.0,0.0,0.0,0.0,0.0,0.0,0.0,0.0,13.59,13.59,13.59,13.59,13.59,13.59,13.59,13.59,13.59,13.59
DTE.DE,alle,53,21.53,32.1,34.0,39.6,39.6,45.3,50.9,56.6,56.6,58.5,60.4,62.3,62.3,62.3,62.3,66.0,69.8,26.42,0.0,0.0,1.47,4.89,5.27,5.58,7.41,8.03,11.11,11.19
DTE.DE,Tief 1,23,34.2,26.1,26.1,34.8,34.8,43.5,47.8,56.5,56.5,56.5,60.9,65.2,65.2,65.2,65.2,69.6,69.6,21.74,0.0,0.27,1.56,4.97,6.24,7.32,7.62,8.11,10.41,11.04
DTE.DE,Tief 2,14,18.17,35.7,42.9,42.9,42.9,42.9,50.0,57.1,57.1,57.1,57.1,57.1,57.1,57.1,57.1,57.1,64.3,28.57,0.0,0.04,1.5,5.06,5.16,5.23,5.28,7.36,10.42,11.19
DTE.DE,Tief 3,9,11.77,55.6,55.6,55.6,55.6,66.7,66.7,66.7,66.7,77.8,77.8,77.8,77.8,77.8,77.8,77.8,77.8,44.44,0.0,0.0,0.15,2.05,3.46,4.87,6.05,7.0,7.76,7.95
DTE.DE,Tief 4,4,7.6,0.0,0.0,0.0,0.0,0.0,25.0,25.0,25.0,25.0,25.0,25.0,25.0,25.0,25.0,25.0,50.0,0.0,2.16,3.2,4.29,4.95,5.04,5.12,5.21,5.29,5.36,5.38
DTE.DE,Tief 5,2,28.14,0.0,0.0,50.0,50.0,50.0,50.0,50.0,50.0,50.0,50.0,50.0,50.0,50.0,50.0,100.0,100.0,0.0,1.04,1.48,2.2,2.93,3.07,3.22,3.36,3.51,3.62,3.65
DTE.DE,Tief 6,1,59.84,100.0,100.0,100.0,100.0,100.0,100.0,100.0,100.0,100.0,100.0,100.0,100.0,100.0,100.0,100.0,100.0,100.0,0.0,0.0,0.0,0.0,0.0,0.0,0.0,0.0,0.0,0.0
DTG.DE,alle,59,16.16,27.1,30.5,33.9,39.0,44.1,50.8,54.2,55.9,55.9,55.9,57.6,57.6,59.3,62.7,67.8,69.5,20.34,0.0,0.2,1.48,4.68,5.16,6.21,7.26,9.42,9.66,9.67
DTG.DE,Tief 1,24,14.49,20.8,20.8,20.8,29.2,37.5,41.7,45.8,45.8,45.8,45.8,45.8,45.8,50.0,54.2,58.3,62.5,20.83,0.0,0.91,3.31,4.92,5.16,5.87,6.35,9.16,9.66,9.67
DTG.DE,Tief 2,10,16.21,10.0,20.0,30.0,40.0,40.0,50.0,50.0,60.0,60.0,60.0,70.0,70.0,70.0,70.0,70.0,70.0,10.0,0.29,0.63,1.63,3.86,4.68,5.54,6.39,7.23,7.9,8.07
DTG.DE,Tief 3,7,13.28,42.9,42.9,42.9,42.9,57.1,57.1,57.1,57.1,57.1,57.1,57.1,57.1,57.1,71.4,71.4,71.4,28.57,0.0,0.12,1.21,4.11,4.56,5.11,5.87,6.63,7.24,7.39
DTG.DE,Tief 4,5,14.11,20.0,40.0,40.0,40.0,40.0,60.0,60.0,60.0,60.0,60.0,60.0,60.0,60.0,60.0,80.0,80.0,20.0,0.14,0.35,1.36,3.6,4.03,4.46,4.89,5.32,5.66,5.75
DTG.DE,Tief 5,4,16.39,25.0,25.0,25.0,25.0,25.0,50.0,75.0,75.0,75.0,75.0,75.0,75.0,75.0,75.0,100.0,100.0,25.0,0.39,0.96,1.47,2.11,2.4,2.68,2.96,3.24,3.46,3.52
DTG.DE,Tief 6,3,19.33,33.3,33.3,66.7,66.7,66.7,66.7,66.7,66.7,66.7,66.7,66.7,66.7,66.7,66.7,66.7,66.7,33.33,0.13,0.32,0.64,3.94,4.59,5.25,5.91,6.57,7.1,7.23
DTG.DE,Tief 7,2,23.5,50.0,50.0,50.0,50.0,50.0,50.0,50.0,50.0,50.0,50.0,50.0,50.0,50.0,50.0,50.0,50.0,0.0,1.09,2.49,4.83,7.17,7.64,8.11,8.57,9.04,9.42,9.51
DTG.DE,Tief 8,2,24.34,50.0,50.0,50.0,50.0,50.0,50.0,50.0,50.0,50.0,50.0,50.0,50.0,50.0,50.0,50.0,50.0,0.0,1.04,2.43,4.76,7.08,7.55,8.01,8.48,8.94,9.32,9.41
DTG.DE,Tief 9,1,23.65,100.0,100.0,100.0,100.0,100.0,100.0,100.0,100.0,100.0,100.0,100.0,100.0,100.0,100.0,100.0,100.0,0.0,0.1,0.1,0.1,0.1,0.1,0.1,0.1,0.1,0.1,0.1
DTG.DE,Tief 10,1,16.77,100.0,100.0,100.0,100.0,100.0,100.0,100.0,100.0,100.0,100.0,100.0,100.0,100.0,100.0,100.0,100.0,100.0,0.0,0.0,0.0,0.0,0.0,0.0,0.0,0.0,0.0,0.0
DXCM,alle,42,7.16,19.0,21.4,23.8,33.3,33.3,35.7,38.1,40.5,40.5,47.6,50.0,52.4,54.8,61.9,69.0,73.8,19.05,0.0,0.76,2.81,4.62,5.44,7.64,11.92,13.73,14.5,14.78
DXCM,Tief 1,16,6.38,18.8,18.8,25.0,37.5,37.5,43.8,43.8,43.8,43.8,50.0,50.0,56.2,62.5,75.0,75.0,87.5,18.75,0.0,0.71,2.67,3.47,3.82,3.85,4.37,5.32,6.39,6.66
DXCM,Tief 2,8,6.05,0.0,0.0,0.0,12.5,12.5,12.5,25.0,25.0,25.0,50.0,62.5,62.5,62.5,62.5,62.5,62.5,0.0,1.42,2.12,2.47,5.42,5.44,5.45,7.47,9.82,11.71,12.18
DXCM,Tief 3,5,6.35,20.0,40.0,40.0,40.0,40.0,40.0,40.0,60.0,60.0,60.0,60.0,60.0,60.0,60.0,60.0,60.0,20.0,0.2,0.5,1.79,7.81,9.07,10.33,11.59,12.85,13.86,14.11
DXCM,Tief 4,3,6.74,33.3,33.3,33.3,33.3,33.3,33.3,33.3,33.3,33.3,33.3,33.3,33.3,33.3,33.3,33.3,33.3,33.33,1.91,4.79,9.57,11.65,12.07,12.48,12.9,13.32,13.65,13.73
DXCM,Tief 5,2,4.24,0.0,0.0,0.0,0.0,0.0,0.0,0.0,0.0,0.0,0.0,0.0,0.0,0.0,0.0,50.0,50.0,0.0,4.62,6.12,8.61,11.1,11.6,12.09,12.59,13.09,13.49,13.59
DXCM,Tief 6,2,4.58,0.0,0.0,0.0,0.0,0.0,0.0,0.0,0.0,0.0,0.0,0.0,0.0,0.0,50.0,50.0,50.0,0.0,4.62,6.32,9.14,11.96,12.52,13.09,13.65,14.21,14.66,14.78
DXCM,Tief 7,2,6.27,50.0,50.0,50.0,50.0,50.0,50.0,50.0,50.0,50.0,50.0,50.0,50.0,50.0,50.0,100.0,100.0,50.0,0.37,0.92,1.83,2.75,2.93,3.12,3.3,3.48,3.63,3.67
DXCM,Tief 8,2,10.08,50.0,50.0,50.0,50.0,50.0,50.0,50.0,50.0,50.0,50.0,50.0,50.0,50.0,50.0,100.0,100.0,50.0,0.37,0.93,1.86,2.8,2.98,3.17,3.35,3.54,3.69,3.73
DXCM,Tief 9,1,11.86,0.0,0.0,0.0,100.0,100.0,100.0,100.0,100.0,100.0,100.0,100.0,100.0,100.0,100.0,100.0,100.0,0.0,0.86,0.86,0.86,0.86,0.86,0.86,0.86,0.86,0.86,0.86
DXCM,Tief 10,1,11.04,100.0,100.0,100.0,100.0,100.0,100.0,100.0,100.0,100.0,100.0,100.0,100.0,100.0,100.0,100.0,100.0,100.0,0.0,0.0,0.0,0.0,0.0,0.0,0.0,0.0,0.0,0.0
ENR.DE,alle,62,31.98,40.3,41.9,41.9,45.2,50.0,61.3,66.1,69.4,71.0,74.2,79.0,83.9,83.9,87.1,88.7,91.9,35.48,0.0,0.0,1.24,2.49,2.88,3.29,3.93,9.31,13.69,14.53
ENR.DE,Tief 1,33,37.5,33.3,36.4,36.4,42.4,51.5,63.6,63.6,66.7,69.7,72.7,78.8,87.9,87.9,93.9,93.9,97.0,30.3,0.0,0.0,1.22,2.53,2.79,2.98,3.28,3.63,4.18,4.29
ENR.DE,Tief 2,16,30.32,43.8,43.8,43.8,43.8,43.8,56.2,75.0,75.0,75.0,81.2,87.5,87.5,87.5,87.5,87.5,93.8,37.5,0.0,0.0,1.37,1.9,2.36,2.56,3.29,6.59,12.94,14.53
ENR.DE,Tief 3,7,21.66,42.9,42.9,42.9,42.9,42.9,57.1,57.1,71.4,71.4,71.4,71.4,71.4,71.4,71.4,85.7,85.7,28.57,0.0,0.12,1.32,2.77,3.36,4.69,7.51,10.33,12.59,13.16
ENR.DE,Tief 4,4,24.93,75.0,75.0,75.0,75.0,75.0,75.0,75.0,75.0,75.0,75.0,75.0,75.0,75.0,75.0,75.0,75.0,75.0,0.0,0.0,0.0,2.85,4.56,6.26,7.97,9.68,11.05,11.39
ENR.DE,Tief 5,1,433.22,0.0,0.0,0.0,0.0,0.0,0.0,0.0,0.0,0.0,0.0,0.0,0.0,0.0,0.0,0.0,0.0,0.0,9.57,9.57,9.57,9.57,9.57,9.57,9.57,9.57,9.57,9.57
ENR.DE,Tief 6,1,256.84,100.0,100.0,100.0,100.0,100.0,100.0,100.0,100.0,100.0,100.0,100.0,100.0,100.0,100.0,100.0,100.0,100.0,0.0,0.0,0.0,0.0,0.0,0.0,0.0,0.0,0.0,0.0
EOAN.DE,alle,56,39.67,28.6,32.1,33.9,35.7,37.5,44.6,51.8,57.1,57.1,64.3,64.3,69.6,71.4,73.2,82.1,83.9,25.0,0.0,0.08,1.69,3.54,3.72,4.43,5.03,7.54,10.78,10.98
EOAN.DE,Tief 1,27,33.45,29.6,29.6,33.3,33.3,37.0,48.1,55.6,55.6,55.6,59.3,59.3,59.3,63.0,66.7,81.5,85.2,29.63,0.0,0.0,1.57,3.65,3.73,3.96,4.91,6.55,9.69,10.61
EOAN.DE,Tief 2,13,39.67,7.7,15.4,15.4,23.1,23.1,30.8,30.8,46.2,46.2,69.2,69.2,84.6,84.6,84.6,92.3,92.3,7.69,0.47,1.45,2.31,2.83,2.91,3.12,3.57,6.62,10.11,10.98
EOAN.DE,Tief 3,8,42.35,37.5,50.0,50.0,50.0,50.0,50.0,62.5,75.0,75.0,75.0,75.0,87.5,87.5,87.5,87.5,87.5,25.0,0.0,0.08,1.0,2.11,2.51,2.9,4.77,6.88,8.57,8.99
EOAN.DE,Tief 4,5,43.0,60.0,60.0,60.0,60.0,60.0,60.0,80.0,80.0,80.0,80.0,80.0,80.0,80.0,80.0,80.0,80.0,40.0,0.0,0.0,0.19,1.67,2.69,3.71,4.73,5.75,6.57,6.77
EOAN.DE,Tief 5,2,29.11,50.0,50.0,50.0,50.0,50.0,50.0,50.0,50.0,50.0,50.0,50.0,50.0,50.0,50.0,50.0,50.0,50.0,0.47,1.17,2.35,3.52,3.76,3.99,4.23,4.46,4.65,4.7
EOAN.DE,Tief 6,1,41.32,0.0,0.0,0.0,0.0,0.0,0.0,0.0,0.0,0.0,0.0,0.0,0.0,0.0,0.0,0.0,0.0,0.0,4.71,4.71,4.71,4.71,4.71,4.71,4.71,4.71,4.71,4.71
EXC,alle,46,21.94,37.0,39.1,52.2,54.3,58.7,58.7,60.9,63.0,67.4,69.6,73.9,78.3,78.3,82.6,87.0,91.3,26.09,0.0,0.01,0.72,2.77,3.29,3.62,3.85,4.06,5.97,7.0
EXC,Tief 1,18,20.98,33.3,33.3,44.4,44.4,50.0,50.0,55.6,55.6,55.6,61.1,61.1,66.7,66.7,66.7,72.2,77.8,22.22,0.0,0.16,1.3,3.86,3.97,4.04,4.27,5.06,6.61,7.0
EXC,Tief 2,11,20.44,18.2,18.2,36.4,36.4,36.4,36.4,36.4,45.5,54.5,54.5,63.6,72.7,72.7,90.9,100.0,100.0,18.18,0.0,0.58,2.2,3.08,3.29,3.39,3.5,3.54,3.58,3.59
EXC,Tief 3,7,26.4,42.9,42.9,42.9,42.9,57.1,57.1,57.1,57.1,71.4,71.4,85.7,85.7,85.7,85.7,85.7,100.0,28.57,0.0,0.12,1.07,2.28,2.43,2.66,3.04,3.42,3.72,3.79
EXC,Tief 4,4,19.15,50.0,50.0,75.0,100.0,100.0,100.0,100.0,100.0,100.0,100.0,100.0,100.0,100.0,100.0,100.0,100.0,0.0,0.08,0.13,0.39,0.67,0.71,0.75,0.78,0.82,0.84,0.85
EXC,Tief 5,4,20.11,75.0,75.0,100.0,100.0,100.0,100.0,100.0,100.0,100.0,100.0,100.0,100.0,100.0,100.0,100.0,100.0,75.0,0.0,0.0,0.0,0.18,0.28,0.39,0.5,0.6,0.69,0.71
EXC,Tief 6,1,29.33,0.0,100.0,100.0,100.0,100.0,100.0,100.0,100.0,100.0,100.0,100.0,100.0,100.0,100.0,100.0,100.0,0.0,0.38,0.38,0.38,0.38,0.38,0.38,0.38,0.38,0.38,0.38
EXC,Tief 7,1,39.41,100.0,100.0,100.0,100.0,100.0,100.0,100.0,100.0,100.0,100.0,100.0,100.0,100.0,100.0,100.0,100.0,100.0,0.0,0.0,0.0,0.0,0.0,0.0,0.0,0.0,0.0,0.0
FANG,alle,50,12.08,22.0,26.0,32.0,38.0,42.0,44.0,48.0,48.0,56.0,64.0,66.0,66.0,68.0,68.0,68.0,68.0,18.0,0.0,0.5,2.07,4.11,5.16,5.85,7.31,9.72,14.95,15.42
FANG,Tief 1,19,11.46,21.1,26.3,31.6,36.8,36.8,36.8,42.1,42.1,52.6,68.4,68.4,68.4,68.4,68.4,68.4,68.4,15.79,0.0,0.47,2.23,4.21,5.01,6.42,7.96,11.2,14.58,15.42
FANG,Tief 2,13,15.38,7.7,15.4,23.1,23.1,38.5,38.5,38.5,38.5,53.8,61.5,69.2,69.2,76.9,76.9,76.9,76.9,7.69,0.49,1.16,2.13,3.03,3.68,4.38,5.21,9.07,13.38,14.46
FANG,Tief 3,9,12.83,33.3,33.3,44.4,55.6,55.6,66.7,77.8,77.8,77.8,77.8,77.8,77.8,77.8,77.8,77.8,77.8,22.22,0.0,0.11,0.77,1.66,3.07,4.48,5.84,7.16,8.22,8.48
FANG,Tief 4,6,12.93,50.0,50.0,50.0,66.7,66.7,66.7,66.7,66.7,66.7,66.7,66.7,66.7,66.7,66.7,66.7,66.7,50.0,0.0,0.0,0.47,4.1,5.15,5.77,6.39,7.01,7.5,7.63
FANG,Tief 5,1,13.97,0.0,0.0,0.0,0.0,0.0,0.0,0.0,0.0,0.0,0.0,0.0,0.0,0.0,0.0,0.0,0.0,0.0,7.09,7.09,7.09,7.09,7.09,7.09,7.09,7.09,7.09,7.09
FANG,Tief 6,1,14.15,0.0,0.0,0.0,0.0,0.0,0.0,0.0,0.0,0.0,0.0,0.0,0.0,0.0,0.0,0.0,0.0,0.0,4.08,4.08,4.08,4.08,4.08,4.08,4.08,4.08,4.08,4.08
FANG,Tief 7,1,14.11,0.0,0.0,0.0,0.0,0.0,0.0,0.0,0.0,0.0,0.0,0.0,0.0,0.0,0.0,0.0,0.0,0.0,4.04,4.04,4.04,4.04,4.04,4.04,4.04,4.04,4.04,4.04
FAST,alle,45,22.7,33.3,46.7,46.7,46.7,51.1,53.3,60.0,68.9,71.1,73.3,73.3,75.6,77.8,77.8,77.8,77.8,28.89,0.0,0.0,1.23,2.78,4.53,5.26,7.24,8.01,10.44,11.16
FAST,Tief 1,24,19.03,41.7,45.8,45.8,45.8,50.0,54.2,58.3,66.7,66.7,66.7,66.7,66.7,70.8,70.8,70.8,70.8,37.5,0.0,0.0,1.29,5.06,6.11,7.18,7.78,9.27,10.78,11.16
FAST,Tief 2,7,26.38,0.0,57.1,57.1,57.1,57.1,57.1,57.1,57.1,71.4,71.4,71.4,71.4,71.4,71.4,71.4,71.4,0.0,0.28,0.35,0.49,3.25,3.98,4.82,5.91,6.99,7.85,8.07
FAST,Tief 3,5,36.43,60.0,60.0,60.0,60.0,60.0,60.0,60.0,80.0,80.0,80.0,80.0,80.0,80.0,80.0,80.0,80.0,40.0,0.0,0.0,0.06,1.84,2.44,3.04,3.65,4.25,4.73,4.85
FAST,Tief 4,2,31.15,0.0,0.0,0.0,0.0,0.0,0.0,50.0,50.0,50.0,50.0,50.0,100.0,100.0,100.0,100.0,100.0,0.0,1.72,1.9,2.19,2.48,2.54,2.6,2.66,2.72,2.77,2.78
FAST,Tief 5,2,28.54,0.0,0.0,0.0,0.0,0.0,0.0,50.0,50.0,50.0,100.0,100.0,100.0,100.0,100.0,100.0,100.0,0.0,1.68,1.8,2.0,2.2,2.24,2.27,2.31,2.35,2.39,2.39
FAST,Tief 6,2,27.87,0.0,0.0,0.0,0.0,50.0,50.0,50.0,100.0,100.0,100.0,100.0,100.0,100.0,100.0,100.0,100.0,0.0,1.3,1.4,1.57,1.74,1.78,1.81,1.85,1.88,1.91,1.92
FAST,Tief 7,2,26.21,50.0,100.0,100.0,100.0,100.0,100.0,100.0,100.0,100.0,100.0,100.0,100.0,100.0,100.0,100.0,100.0,50.0,0.04,0.1,0.2,0.29,0.31,0.33,0.35,0.37,0.39,0.39
FAST,Tief 8,1,39.4,100.0,100.0,100.0,100.0,100.0,100.0,100.0,100.0,100.0,100.0,100.0,100.0,100.0,100.0,100.0,100.0,100.0,0.0,0.0,0.0,0.0,0.0,0.0,0.0,0.0,0.0,0.0
FRE.DE,alle,49,29.18,30.6,34.7,36.7,40.8,40.8,46.9,55.1,59.2,61.2,65.3,67.3,67.3,67.3,67.3,67.3,67.3,24.49,0.0,0.11,1.58,5.15,5.81,7.12,7.4,8.43,9.85,10.52
FRE.DE,Tief 1,22,20.68,27.3,36.4,40.9,45.5,45.5,50.0,63.6,63.6,68.2,68.2,72.7,72.7,72.7,72.7,72.7,72.7,22.73,0.0,0.19,1.44,4.71,6.06,7.11,7.38,8.39,10.08,10.52
FRE.DE,Tief 2,11,20.89,36.4,36.4,36.4,45.5,45.5,45.5,54.5,54.5,54.5,54.5,54.5,54.5,54.5,54.5,54.5,54.5,36.36,0.0,0.0,1.74,6.97,7.38,7.89,8.4,8.77,9.06,9.14
FRE.DE,Tief 3,4,28.26,25.0,25.0,25.0,25.0,25.0,25.0,25.0,25.0,25.0,25.0,25.0,25.0,25.0,25.0,25.0,25.0,25.0,1.39,3.48,4.89,5.71,6.05,6.39,6.73,7.07,7.34,7.41
FRE.DE,Tief 4,3,33.38,33.3,33.3,33.3,33.3,33.3,33.3,33.3,33.3,33.3,33.3,33.3,33.3,33.3,33.3,33.3,33.3,0.0,0.89,2.07,4.04,4.79,4.93,5.08,5.23,5.38,5.5,5.53
FRE.DE,Tief 5,3,42.06,33.3,33.3,33.3,33.3,33.3,33.3,33.3,66.7,66.7,100.0,100.0,100.0,100.0,100.0,100.0,100.0,33.33,0.38,0.95,1.91,2.14,2.19,2.23,2.28,2.33,2.37,2.38
FRE.DE,Tief 6,2,26.34,0.0,0.0,0.0,0.0,0.0,0.0,0.0,50.0,50.0,100.0,100.0,100.0,100.0,100.0,100.0,100.0,0.0,1.83,1.9,2.02,2.14,2.16,2.18,2.21,2.23,2.25,2.26
FRE.DE,Tief 7,1,47.99,0.0,0.0,0.0,0.0,0.0,100.0,100.0,100.0,100.0,100.0,100.0,100.0,100.0,100.0,100.0,100.0,0.0,1.42,1.42,1.42,1.42,1.42,1.42,1.42,1.42,1.42,1.42
FRE.DE,Tief 8,1,49.61,0.0,0.0,0.0,0.0,0.0,100.0,100.0,100.0,100.0,100.0,100.0,100.0,100.0,100.0,100.0,100.0,0.0,1.43,1.43,1.43,1.43,1.43,1.43,1.43,1.43,1.43,1.43
FRE.DE,Tief 9,1,36.5,100.0,100.0,100.0,100.0,100.0,100.0,100.0,100.0,100.0,100.0,100.0,100.0,100.0,100.0,100.0,100.0,0.0,0.12,0.12,0.12,0.12,0.12,0.12,0.12,0.12,0.12,0.12
FRE.DE,Tief 10,1,66.62,100.0,100.0,100.0,100.0,100.0,100.0,100.0,100.0,100.0,100.0,100.0,100.0,100.0,100.0,100.0,100.0,100.0,0.0,0.0,0.0,0.0,0.0,0.0,0.0,0.0,0.0,0.0
FTNT,alle,35,62.45,20.0,20.0,20.0,25.7,31.4,37.1,40.0,45.7,48.6,51.4,54.3,57.1,57.1,60.0,65.7,65.7,20.0,0.0,1.03,2.28,5.94,6.83,7.2,8.72,9.94,10.22,10.28
FTNT,Tief 1,14,47.01,14.3,14.3,14.3,28.6,42.9,50.0,50.0,50.0,50.0,50.0,50.0,50.0,50.0,57.1,57.1,57.1,14.29,0.28,1.0,2.36,5.36,5.88,6.27,6.65,8.04,9.83,10.28
FTNT,Tief 2,8,42.73,37.5,37.5,37.5,37.5,37.5,37.5,50.0,50.0,50.0,50.0,62.5,62.5,62.5,62.5,87.5,87.5,37.5,0.0,0.0,2.11,3.55,3.59,3.63,5.39,7.43,9.07,9.48
FTNT,Tief 3,4,79.54,0.0,0.0,0.0,0.0,0.0,0.0,0.0,0.0,25.0,50.0,50.0,75.0,75.0,75.0,75.0,75.0,0.0,2.1,2.21,2.63,4.76,5.82,6.89,7.96,9.02,9.88,10.09
FTNT,Tief 4,3,80.51,0.0,0.0,0.0,0.0,0.0,33.3,33.3,66.7,66.7,66.7,66.7,66.7,66.7,66.7,66.7,66.7,0.0,1.38,1.55,1.84,5.86,6.66,7.47,8.27,9.08,9.72,9.88
FTNT,Tief 5,3,71.65,33.3,33.3,33.3,33.3,33.3,33.3,33.3,66.7,66.7,66.7,66.7,66.7,66.7,66.7,66.7,66.7,33.33,0.36,0.91,1.81,4.7,5.27,5.85,6.43,7.0,7.47,7.58
FTNT,Tief 6,1,68.59,0.0,0.0,0.0,0.0,0.0,0.0,0.0,0.0,0.0,0.0,0.0,0.0,0.0,0.0,0.0,0.0,0.0,6.83,6.83,6.83,6.83,6.83,6.83,6.83,6.83,6.83,6.83
FTNT,Tief 7,1,73.98,0.0,0.0,0.0,0.0,0.0,0.0,0.0,0.0,0.0,0.0,0.0,0.0,0.0,0.0,0.0,0.0,0.0,7.24,7.24,7.24,7.24,7.24,7.24,7.24,7.24,7.24,7.24
FTNT,Tief 8,1,56.65,100.0,100.0,100.0,100.0,100.0,100.0,100.0,100.0,100.0,100.0,100.0,100.0,100.0,100.0,100.0,100.0,100.0,0.0,0.0,0.0,0.0,0.0,0.0,0.0,0.0,0.0,0.0
GC=F,alle,41,88.96,46.3,48.8,48.8,56.1,61.0,65.9,73.2,82.9,82.9,85.4,87.8,90.2,90.2,92.7,95.1,95.1,43.9,0.0,0.0,0.87,1.82,1.92,2.42,2.9,3.59,8.45,9.3
GC=F,Tief 1,23,86.32,43.5,43.5,43.5,52.2,52.2,60.9,69.6,78.3,78.3,82.6,82.6,87.0,87.0,91.3,95.7,95.7,39.13,0.0,0.0,0.95,1.92,2.22,2.76,3.27,3.56,6.39,7.18
GC=F,Tief 2,13,113.28,53.8,53.8,53.8,53.8,61.5,61.5,69.2,84.6,84.6,84.6,92.3,92.3,92.3,92.3,92.3,92.3,53.85,0.0,0.0,0.0,1.82,1.91,2.1,2.45,5.26,8.49,9.3
GC=F,Tief 3,4,97.52,25.0,50.0,50.0,75.0,100.0,100.0,100.0,100.0,100.0,100.0,100.0,100.0,100.0,100.0,100.0,100.0,25.0,0.12,0.31,0.67,0.95,0.97,0.98,0.99,1.0,1.01,1.02
GC=F,Tief 4,1,108.05,100.0,100.0,100.0,100.0,100.0,100.0,100.0,100.0,100.0,100.0,100.0,100.0,100.0,100.0,100.0,100.0,100.0,0.0,0.0,0.0,0.0,0.0,0.0,0.0,0.0,0.0,0.0
GEHC,alle,44,4.59,18.2,20.5,27.3,29.5,31.8,31.8,36.4,40.9,47.7,47.7,47.7,47.7,50.0,50.0,50.0,54.5,15.91,0.0,0.63,3.46,5.89,6.81,8.31,9.27,12.74,16.38,16.45
GEHC,Tief 1,15,4.54,6.7,6.7,20.0,20.0,20.0,20.0,26.7,33.3,46.7,46.7,46.7,46.7,53.3,53.3,53.3,53.3,6.67,0.56,1.68,3.03,5.92,6.07,6.16,10.36,14.14,15.99,16.45
GEHC,Tief 2,9,4.38,33.3,44.4,55.6,55.6,55.6,55.6,55.6,55.6,55.6,55.6,55.6,55.6,55.6,55.6,55.6,66.7,33.33,0.0,0.0,0.64,4.92,6.06,7.2,9.47,12.87,15.59,16.27
GEHC,Tief 3,6,4.27,33.3,33.3,33.3,33.3,33.3,33.3,33.3,33.3,33.3,33.3,33.3,33.3,33.3,33.3,33.3,33.3,33.33,0.0,1.27,5.47,7.92,8.61,8.84,9.08,9.31,9.5,9.54
GEHC,Tief 4,5,4.63,0.0,0.0,0.0,0.0,20.0,20.0,20.0,40.0,40.0,40.0,40.0,40.0,40.0,40.0,40.0,40.0,0.0,1.48,1.97,5.12,7.95,8.08,8.22,8.35,8.49,8.6,8.62
GEHC,Tief 5,4,4.51,0.0,0.0,0.0,25.0,25.0,25.0,50.0,50.0,50.0,50.0,50.0,50.0,50.0,50.0,50.0,75.0,0.0,1.07,1.39,2.74,5.53,6.5,7.48,8.46,9.44,10.22,10.41
GEHC,Tief 6,3,8.12,33.3,33.3,33.3,33.3,33.3,33.3,33.3,33.3,66.7,66.7,66.7,66.7,66.7,66.7,66.7,66.7,0.0,0.56,1.19,2.25,3.29,3.5,3.71,3.92,4.13,4.29,4.33
GEHC,Tief 7,2,6.14,50.0,50.0,50.0,50.0,50.0,50.0,50.0,50.0,50.0,50.0,50.0,50.0,50.0,50.0,50.0,50.0,50.0,0.49,1.23,2.47,3.7,3.95,4.19,4.44,4.69,4.88,4.93
GFS,alle,58,29.38,20.7,24.1,27.6,29.3,29.3,31.0,37.9,43.1,44.8,46.6,46.6,53.4,55.2,60.3,63.8,67.2,15.52,0.0,0.52,2.87,4.76,5.14,5.41,6.08,8.23,9.93,11.1
GFS,Tief 1,18,25.13,11.1,11.1,16.7,22.2,22.2,27.8,38.9,38.9,44.4,44.4,44.4,44.4,44.4,50.0,55.6,61.1,11.11,0.37,1.43,3.54,5.14,5.37,6.01,7.28,9.17,10.71,11.1
GFS,Tief 2,13,31.64,0.0,7.7,15.4,15.4,15.4,15.4,30.8,30.8,30.8,30.8,30.8,30.8,30.8,46.2,53.8,53.8,0.0,0.71,1.7,3.64,4.82,5.22,5.6,5.96,7.27,8.69,9.05
GFS,Tief 3,11,29.2,18.2,27.3,27.3,27.3,27.3,27.3,27.3,27.3,27.3,36.4,36.4,63.6,63.6,63.6,63.6,72.7,9.09,0.18,1.41,2.85,4.24,4.56,4.95,5.35,6.73,7.84,8.12
GFS,Tief 4,9,29.07,44.4,44.4,44.4,44.4,44.4,44.4,44.4,55.6,55.6,55.6,55.6,66.7,77.8,77.8,77.8,77.8,33.33,0.0,0.0,1.77,3.02,3.87,4.72,5.33,5.7,6.0,6.07
GFS,Tief 5,3,37.51,33.3,33.3,33.3,33.3,33.3,33.3,33.3,66.7,66.7,66.7,66.7,66.7,66.7,66.7,66.7,66.7,0.0,0.42,0.96,1.87,2.99,3.21,3.44,3.66,3.88,4.06,4.11
GFS,Tief 6,3,33.43,66.7,66.7,66.7,66.7,66.7,66.7,66.7,100.0,100.0,100.0,100.0,100.0,100.0,100.0,100.0,100.0,66.67,0.0,0.0,0.0,0.95,1.14,1.33,1.52,1.7,1.86,1.89
GFS,Tief 7,1,35.06,100.0,100.0,100.0,100.0,100.0,100.0,100.0,100.0,100.0,100.0,100.0,100.0,100.0,100.0,100.0,100.0,100.0,0.0,0.0,0.0,0.0,0.0,0.0,0.0,0.0,0.0,0.0
GILD,alle,56,31.57,28.6,32.1,37.5,42.9,48.2,50.0,53.6,57.1,58.9,64.3,64.3,64.3,64.3,66.1,69.6,73.2,23.21,0.0,0.12,1.42,4.13,4.33,5.09,5.69,9.31,11.36,11.81
GILD,Tief 1,28,26.29,35.7,39.3,46.4,50.0,53.6,57.1,60.7,60.7,60.7,67.9,67.9,67.9,67.9,67.9,67.9,71.4,25.0,0.0,0.08,1.03,4.29,4.95,5.11,5.63,9.2,11.59,11.81
GILD,Tief 2,15,19.71,26.7,33.3,33.3,46.7,53.3,53.3,60.0,60.0,66.7,66.7,66.7,66.7,66.7,73.3,80.0,80.0,26.67,0.0,0.21,1.11,3.42,3.7,4.25,5.27,7.08,9.3,9.86
GILD,Tief 3,8,13.89,25.0,25.0,37.5,37.5,37.5,37.5,37.5,50.0,50.0,50.0,50.0,50.0,50.0,50.0,50.0,62.5,25.0,0.0,0.44,2.93,4.52,4.96,5.4,6.56,7.84,8.87,9.13
GILD,Tief 4,3,63.4,0.0,0.0,0.0,0.0,33.3,33.3,33.3,33.3,33.3,33.3,33.3,33.3,33.3,33.3,66.7,66.7,0.0,1.56,2.3,3.53,3.89,3.96,4.04,4.11,4.18,4.24,4.25
GILD,Tief 5,1,90.97,0.0,0.0,0.0,0.0,0.0,0.0,0.0,0.0,0.0,100.0,100.0,100.0,100.0,100.0,100.0,100.0,0.0,2.31,2.31,2.31,2.31,2.31,2.31,2.31,2.31,2.31,2.31
GILD,Tief 6,1,88.81,0.0,0.0,0.0,0.0,0.0,0.0,0.0,100.0,100.0,100.0,100.0,100.0,100.0,100.0,100.0,100.0,0.0,1.99,1.99,1.99,1.99,1.99,1.99,1.99,1.99,1.99,1.99
GOOG,alle,66,48.18,30.3,33.3,37.9,42.4,47.0,48.5,59.1,62.1,65.2,68.2,69.7,72.7,74.2,74.2,75.8,77.3,30.3,0.0,0.0,1.54,3.57,4.74,5.83,7.62,8.96,11.46,11.84
GOOG,Tief 1,34,47.76,29.4,29.4,32.4,38.2,44.1,47.1,58.8,61.8,64.7,67.6,67.6,67.6,67.6,67.6,67.6,67.6,29.41,0.0,0.0,1.54,4.94,6.23,7.3,8.49,9.86,11.65,11.84
GOOG,Tief 2,19,51.76,36.8,36.8,47.4,52.6,52.6,52.6,57.9,63.2,68.4,73.7,78.9,78.9,78.9,78.9,78.9,78.9,36.84,0.0,0.0,0.91,2.45,3.8,5.63,6.28,8.22,9.7,10.07
GOOG,Tief 3,7,43.1,0.0,28.6,28.6,28.6,42.9,42.9,57.1,57.1,57.1,57.1,57.1,57.1,71.4,71.4,85.7,100.0,0.0,0.41,0.84,1.74,3.39,3.6,3.76,3.82,3.87,3.91,3.93
GOOG,Tief 4,5,46.47,40.0,40.0,40.0,40.0,40.0,40.0,60.0,60.0,60.0,60.0,60.0,100.0,100.0,100.0,100.0,100.0,40.0,0.0,0.0,1.57,2.85,2.86,2.87,2.88,2.88,2.89,2.89
GOOG,Tief 5,1,63.49,100.0,100.0,100.0,100.0,100.0,100.0,100.0,100.0,100.0,100.0,100.0,100.0,100.0,100.0,100.0,100.0,100.0,0.0,0.0,0.0,0.0,0.0,0.0,0.0,0.0,0.0,0.0
GOOGL,alle,66,50.57,30.3,33.3,37.9,43.9,47.0,50.0,60.6,63.6,66.7,68.2,69.7,72.7,72.7,74.2,75.8,77.3,30.3,0.0,0.0,1.49,3.62,4.9,5.66,7.45,8.66,11.31,11.38
GOOGL,Tief 1,34,48.6,26.5,26.5,32.4,35.3,41.2,44.1,55.9,58.8,61.8,64.7,64.7,64.7,64.7,67.6,67.6,67.6,26.47,0.0,0.13,1.57,5.0,5.91,7.25,8.24,9.66,11.34,11.38
GOOGL,Tief 2,20,53.5,40.0,40.0,45.0,55.0,55.0,55.0,65.0,70.0,75.0,75.0,80.0,80.0,80.0,80.0,80.0,80.0,40.0,0.0,0.0,0.85,2.27,3.3,5.65,5.91,7.81,9.54,9.97
GOOGL,Tief 3,7,44.43,0.0,28.6,28.6,42.9,42.9,42.9,57.1,57.1,57.1,57.1,57.1,71.4,71.4,71.4,85.7,100.0,0.0,0.47,0.66,1.58,3.22,3.5,3.69,3.73,3.77,3.8,3.81
GOOGL,Tief 4,4,58.66,50.0,50.0,50.0,50.0,50.0,75.0,75.0,75.0,75.0,75.0,75.0,100.0,100.0,100.0,100.0,100.0,50.0,0.0,0.0,0.71,1.79,2.02,2.24,2.47,2.69,2.87,2.91
GOOGL,Tief 5,1,65.5,100.0,100.0,100.0,100.0,100.0,100.0,100.0,100.0,100.0,100.0,100.0,100.0,100.0,100.0,100.0,100.0,100.0,0.0,0.0,0.0,0.0,0.0,0.0,0.0,0.0,0.0,0.0
GS,alle,59,37.19,45.8,54.2,59.3,61.0,64.4,66.1,69.5,74.6,78.0,79.7,81.4,81.4,83.1,83.1,84.7,84.7,38.98,0.0,0.0,0.41,2.06,2.55,3.7,4.69,5.82,12.05,12.35
GS,Tief 1,34,41.65,47.1,52.9,61.8,64.7,64.7,67.6,73.5,79.4,79.4,79.4,82.4,82.4,82.4,82.4,85.3,85.3,38.24,0.0,0.0,0.44,1.91,2.28,3.56,4.23,5.96,10.02,11.84
GS,Tief 2,13,37.09,61.5,69.2,69.2,69.2,69.2,69.2,69.2,76.9,84.6,84.6,84.6,84.6,84.6,84.6,84.6,84.6,53.85,0.0,0.0,0.0,1.93,2.06,2.72,4.47,7.97,11.47,12.35
GS,Tief 3,4,69.23,25.0,50.0,50.0,50.0,50.0,50.0,50.0,50.0,50.0,50.0,50.0,50.0,50.0,50.0,50.0,50.0,25.0,0.09,0.22,2.47,4.7,4.74,4.78,4.82,4.85,4.88,4.89
GS,Tief 4,2,75.38,0.0,0.0,0.0,0.0,0.0,0.0,0.0,0.0,50.0,50.0,50.0,50.0,100.0,100.0,100.0,100.0,0.0,2.3,2.45,2.7,2.96,3.01,3.06,3.11,3.16,3.2,3.21
GS,Tief 5,2,68.77,0.0,0.0,0.0,0.0,50.0,50.0,50.0,50.0,50.0,100.0,100.0,100.0,100.0,100.0,100.0,100.0,0.0,1.35,1.53,1.83,2.14,2.2,2.26,2.32,2.38,2.43,2.44
GS,Tief 6,2,76.9,50.0,50.0,50.0,50.0,100.0,100.0,100.0,100.0,100.0,100.0,100.0,100.0,100.0,100.0,100.0,100.0,50.0,0.12,0.31,0.61,0.92,0.98,1.04,1.1,1.16,1.21,1.22
GS,Tief 7,1,9.28,0.0,100.0,100.0,100.0,100.0,100.0,100.0,100.0,100.0,100.0,100.0,100.0,100.0,100.0,100.0,100.0,0.0,0.41,0.41,0.41,0.41,0.41,0.41,0.41,0.41,0.41,0.41
GS,Tief 8,1,11.02,100.0,100.0,100.0,100.0,100.0,100.0,100.0,100.0,100.0,100.0,100.0,100.0,100.0,100.0,100.0,100.0,100.0,0.0,0.0,0.0,0.0,0.0,0.0,0.0,0.0,0.0,0.0
HD,alle,63,6.76,27.0,27.0,30.2,31.7,34.9,36.5,38.1,42.9,42.9,44.4,50.8,52.4,54.0,57.1,58.7,58.7,22.22,0.0,0.16,2.73,5.25,6.12,6.62,7.4,8.29,10.1,11.49
HD,Tief 1,24,8.43,20.8,20.8,25.0,25.0,25.0,25.0,25.0,25.0,25.0,29.2,37.5,37.5,41.7,45.8,45.8,45.8,20.83,0.0,1.99,4.22,7.29,7.77,8.28,8.66,9.18,10.98,11.49
HD,Tief 2,13,8.26,15.4,15.4,15.4,15.4,15.4,23.1,23.1,38.5,38.5,38.5,53.8,53.8,53.8,53.8,53.8,53.8,0.0,0.46,1.77,2.73,6.16,6.52,6.81,6.95,7.18,7.4,7.45
HD,Tief 3,11,8.72,36.4,36.4,36.4,45.5,63.6,63.6,72.7,72.7,72.7,72.7,72.7,72.7,72.7,72.7,72.7,72.7,27.27,0.0,0.05,1.03,3.44,5.16,5.25,5.33,5.81,6.19,6.29
HD,Tief 4,8,6.16,50.0,50.0,62.5,62.5,62.5,62.5,62.5,62.5,62.5,62.5,62.5,62.5,62.5,62.5,62.5,62.5,50.0,0.0,0.0,0.25,4.27,4.54,4.81,4.91,4.97,5.02,5.03
HD,Tief 5,3,3.58,0.0,0.0,0.0,0.0,0.0,0.0,0.0,33.3,33.3,33.3,33.3,33.3,33.3,33.3,66.7,66.7,0.0,2.15,2.68,3.56,3.99,4.08,4.16,4.25,4.33,4.4,4.42
HD,Tief 6,3,5.64,66.7,66.7,66.7,66.7,66.7,66.7,66.7,66.7,66.7,66.7,66.7,66.7,66.7,100.0,100.0,100.0,66.67,0.0,0.0,0.0,1.74,2.09,2.43,2.78,3.13,3.41,3.48
HD,Tief 7,1,2.82,0.0,0.0,0.0,0.0,0.0,0.0,0.0,0.0,0.0,0.0,0.0,100.0,100.0,100.0,100.0,100.0,0.0,2.91,2.91,2.91,2.91,2.91,2.91,2.91,2.91,2.91,2.91
HEI.DE,alle,61,13.09,32.8,36.1,41.0,47.5,50.8,54.1,60.7,60.7,62.3,63.9,65.6,65.6,68.9,72.1,77.0,77.0,31.15,0.0,0.0,1.22,3.63,4.2,5.36,7.2,10.33,11.65,11.92
HEI.DE,Tief 1,34,33.59,29.4,29.4,32.4,44.1,50.0,52.9,58.8,58.8,58.8,61.8,64.7,64.7,70.6,76.5,79.4,79.4,26.47,0.0,0.01,1.34,3.41,3.84,5.33,6.69,9.56,11.78,11.92
HEI.DE,Tief 2,17,12.94,35.3,41.2,52.9,52.9,52.9,58.8,64.7,64.7,64.7,64.7,64.7,64.7,64.7,64.7,64.7,64.7,35.29,0.0,0.0,0.64,5.01,5.29,5.56,7.55,10.44,10.78,10.87
HEI.DE,Tief 3,6,11.56,50.0,50.0,50.0,50.0,50.0,50.0,50.0,50.0,66.7,66.7,66.7,66.7,66.7,66.7,83.3,83.3,50.0,0.0,0.0,1.1,3.27,3.63,5.26,6.88,8.51,9.81,10.14
HEI.DE,Tief 4,2,60.64,0.0,0.0,0.0,0.0,0.0,0.0,50.0,50.0,50.0,50.0,50.0,50.0,50.0,50.0,100.0,100.0,0.0,1.88,2.16,2.63,3.1,3.19,3.28,3.38,3.47,3.54,3.56
HEI.DE,Tief 5,1,2.97,0.0,100.0,100.0,100.0,100.0,100.0,100.0,100.0,100.0,100.0,100.0,100.0,100.0,100.0,100.0,100.0,0.0,0.29,0.29,0.29,0.29,0.29,0.29,0.29,0.29,0.29,0.29
HEI.DE,Tief 6,1,4.05,100.0,100.0,100.0,100.0,100.0,100.0,100.0,100.0,100.0,100.0,100.0,100.0,100.0,100.0,100.0,100.0,100.0,0.0,0.0,0.0,0.0,0.0,0.0,0.0,0.0,0.0,0.0
HEN3.DE,alle,44,11.37,25.0,29.5,31.8,34.1,34.1,36.4,38.6,43.2,43.2,45.5,47.7,54.5,61.4,63.6,70.5,70.5,22.73,0.0,0.33,2.83,5.01,5.27,6.48,10.71,13.77,14.69,14.71
HEN3.DE,Tief 1,19,7.93,21.1,21.1,21.1,21.1,21.1,26.3,31.6,31.6,31.6,36.8,36.8,36.8,42.1,42.1,57.9,57.9,21.05,0.0,1.52,3.66,6.41,7.6,9.36,11.95,13.05,14.38,14.71
HEN3.DE,Tief 2,12,11.33,8.3,16.7,16.7,16.7,16.7,16.7,16.7,25.0,25.0,25.0,33.3,41.7,58.3,58.3,58.3,58.3,8.33,0.53,2.46,3.12,5.21,5.24,8.29,13.06,14.26,14.59,14.67
HEN3.DE,Tief 3,7,7.6,28.6,28.6,42.9,57.1,57.1,57.1,57.1,57.1,57.1,57.1,57.1,85.7,85.7,100.0,100.0,100.0,28.57,0.0,0.26,0.88,2.88,2.92,2.99,3.1,3.21,3.31,3.33
HEN3.DE,Tief 4,5,11.81,60.0,80.0,80.0,80.0,80.0,80.0,80.0,100.0,100.0,100.0,100.0,100.0,100.0,100.0,100.0,100.0,40.0,0.0,0.0,0.22,0.36,0.68,1.01,1.33,1.65,1.91,1.97
HEN3.DE,Tief 5,1,19.55,100.0,100.0,100.0,100.0,100.0,100.0,100.0,100.0,100.0,100.0,100.0,100.0,100.0,100.0,100.0,100.0,100.0,0.0,0.0,0.0,0.0,0.0,0.0,0.0,0.0,0.0,0.0
HNR1.DE,alle,61,8.67,23.0,31.1,32.8,36.1,37.7,39.3,44.3,47.5,50.8,54.1,60.7,63.9,67.2,68.9,68.9,77.0,19.67,0.0,0.34,2.2,3.88,4.08,4.71,5.48,6.39,7.72,9.03
HNR1.DE,Tief 1,31,8.89,22.6,29.0,32.3,35.5,38.7,38.7,45.2,48.4,51.6,51.6,54.8,58.1,64.5,64.5,64.5,77.4,19.35,0.0,0.37,2.2,3.91,4.06,4.84,5.83,6.83,8.37,9.03
HNR1.DE,Tief 2,18,7.4,16.7,22.2,22.2,22.2,22.2,22.2,27.8,27.8,33.3,44.4,55.6,61.1,61.1,66.7,66.7,66.7,11.11,0.12,1.74,2.71,4.38,5.08,5.48,5.52,5.72,6.26,6.39
HNR1.DE,Tief 3,9,8.67,22.2,33.3,33.3,44.4,44.4,55.6,55.6,66.7,66.7,66.7,77.8,77.8,77.8,77.8,77.8,88.9,22.22,0.0,0.39,1.27,2.62,3.08,3.53,3.94,4.32,4.63,4.71
HNR1.DE,Tief 4,2,10.55,50.0,100.0,100.0,100.0,100.0,100.0,100.0,100.0,100.0,100.0,100.0,100.0,100.0,100.0,100.0,100.0,50.0,0.03,0.06,0.13,0.19,0.2,0.21,0.23,0.24,0.25,0.25
HNR1.DE,Tief 5,1,10.32,100.0,100.0,100.0,100.0,100.0,100.0,100.0,100.0,100.0,100.0,100.0,100.0,100.0,100.0,100.0,100.0,100.0,0.0,0.0,0.0,0.0,0.0,0.0,0.0,0.0,0.0,0.0
HON,alle,59,14.53,22.0,25.4,28.8,28.8,28.8,35.6,39.0,44.1,49.2,54.2,54.2,57.6,59.3,61.0,61.0,64.4,16.95,0.0,0.48,2.32,4.65,4.88,5.55,6.05,8.58,9.6,9.86
HON,Tief 1,28,14.96,21.4,25.0,28.6,28.6,28.6,28.6,32.1,39.3,46.4,50.0,50.0,53.6,57.1,57.1,57.1,60.7,17.86,0.0,0.55,2.61,4.73,4.92,5.04,5.84,6.23,8.59,9.41
HON,Tief 2,15,13.78,26.7,26.7,33.3,33.3,33.3,46.7,46.7,46.7,53.3,60.0,60.0,60.0,60.0,66.7,66.7,73.3,20.0,0.0,0.37,2.1,4.05,4.57,5.33,5.74,6.85,8.56,8.99
HON,Tief 3,7,11.88,28.6,28.6,28.6,28.6,28.6,42.9,42.9,42.9,42.9,57.1,57.1,71.4,71.4,71.4,71.4,71.4,14.29,0.12,0.73,2.32,5.7,7.35,8.59,9.01,9.43,9.77,9.86
HON,Tief 4,4,16.04,25.0,25.0,25.0,25.0,25.0,25.0,50.0,75.0,75.0,75.0,75.0,75.0,75.0,75.0,75.0,75.0,25.0,0.48,1.19,1.68,3.46,4.48,5.49,6.51,7.52,8.33,8.54
HON,Tief 5,3,18.29,0.0,33.3,33.3,33.3,33.3,66.7,66.7,66.7,66.7,66.7,66.7,66.7,66.7,66.7,66.7,66.7,0.0,0.61,0.91,1.41,3.09,3.43,3.76,4.1,4.43,4.7,4.77
HON,Tief 6,1,12.46,0.0,0.0,0.0,0.0,0.0,0.0,0.0,0.0,0.0,0.0,0.0,0.0,0.0,0.0,0.0,0.0,0.0,4.58,4.58,4.58,4.58,4.58,4.58,4.58,4.58,4.58,4.58
HON,Tief 7,1,12.84,0.0,0.0,0.0,0.0,0.0,0.0,0.0,0.0,0.0,0.0,0.0,0.0,0.0,0.0,0.0,0.0,0.0,4.37,4.37,4.37,4.37,4.37,4.37,4.37,4.37,4.37,4.37
IBM,alle,44,23.55,27.3,27.3,31.8,36.4,40.9,45.5,50.0,50.0,50.0,52.3,54.5,56.8,59.1,63.6,63.6,63.6,27.27,0.0,0.0,1.95,5.5,6.97,7.4,7.84,9.0,9.87,9.91
IBM,Tief 1,19,28.6,21.1,21.1,26.3,31.6,42.1,52.6,57.9,57.9,57.9,57.9,57.9,57.9,57.9,57.9,57.9,57.9,21.05,0.0,0.82,1.48,6.98,7.49,7.83,8.05,8.95,9.64,9.81
IBM,Tief 2,10,31.93,30.0,30.0,30.0,40.0,40.0,40.0,40.0,40.0,40.0,40.0,40.0,40.0,40.0,40.0,40.0,40.0,30.0,0.0,0.19,4.98,6.35,6.88,7.12,7.57,8.74,9.68,9.91
IBM,Tief 3,6,21.77,33.3,33.3,33.3,33.3,33.3,33.3,33.3,33.3,33.3,33.3,33.3,50.0,66.7,83.3,83.3,83.3,33.33,0.0,0.71,3.01,3.4,3.48,4.47,5.47,6.47,7.26,7.46
IBM,Tief 4,4,12.22,0.0,0.0,0.0,0.0,0.0,0.0,25.0,25.0,25.0,25.0,50.0,50.0,50.0,75.0,75.0,75.0,0.0,1.92,2.34,3.0,4.83,5.67,6.51,7.35,8.18,8.85,9.02
IBM,Tief 5,4,14.26,75.0,75.0,100.0,100.0,100.0,100.0,100.0,100.0,100.0,100.0,100.0,100.0,100.0,100.0,100.0,100.0,75.0,0.0,0.0,0.0,0.13,0.21,0.29,0.36,0.44,0.5,0.52
IBM,Tief 6,1,19.63,0.0,0.0,0.0,0.0,0.0,0.0,0.0,0.0,0.0,100.0,100.0,100.0,100.0,100.0,100.0,100.0,0.0,2.26,2.26,2.26,2.26,2.26,2.26,2.26,2.26,2.26,2.26
IDXX,alle,65,20.44,18.5,20.0,23.1,27.7,33.8,35.4,35.4,40.0,43.1,46.2,53.8,53.8,55.4,56.9,58.5,60.0,16.92,0.0,0.82,2.59,5.49,5.73,5.97,7.02,7.81,8.87,10.11
IDXX,Tief 1,25,18.19,28.0,32.0,36.0,40.0,48.0,48.0,48.0,52.0,56.0,56.0,56.0,56.0,60.0,60.0,64.0,68.0,24.0,0.0,0.24,1.88,5.74,6.02,6.98,7.57,8.11,9.65,10.11
IDXX,Tief 2,14,15.8,14.3,14.3,14.3,21.4,21.4,28.6,28.6,28.6,28.6,35.7,50.0,50.0,50.0,50.0,50.0,50.0,14.29,0.24,1.63,3.34,5.59,5.68,5.75,6.07,6.67,7.33,7.49
IDXX,Tief 3,10,20.11,0.0,0.0,0.0,0.0,0.0,0.0,0.0,10.0,20.0,20.0,50.0,50.0,50.0,50.0,50.0,50.0,0.0,2.05,2.59,3.88,5.5,5.6,5.71,5.95,6.61,7.14,7.28
IDXX,Tief 4,6,23.73,0.0,0.0,0.0,0.0,0.0,0.0,0.0,0.0,0.0,16.7,16.7,16.7,16.7,33.3,33.3,33.3,0.0,2.84,3.74,5.29,6.09,6.3,6.76,7.22,7.68,8.05,8.15
IDXX,Tief 5,5,24.5,20.0,20.0,20.0,40.0,60.0,60.0,60.0,80.0,80.0,80.0,80.0,80.0,80.0,80.0,80.0,80.0,20.0,0.33,0.84,1.12,1.89,2.45,3.01,3.58,4.14,4.59,4.7
IDXX,Tief 6,3,25.71,33.3,33.3,33.3,33.3,66.7,66.7,66.7,66.7,66.7,66.7,66.7,66.7,66.7,66.7,66.7,66.7,33.33,0.24,0.6,1.19,2.87,3.21,3.54,3.88,4.22,4.48,4.55
IDXX,Tief 7,1,27.84,0.0,0.0,100.0,100.0,100.0,100.0,100.0,100.0,100.0,100.0,100.0,100.0,100.0,100.0,100.0,100.0,0.0,0.5,0.5,0.5,0.5,0.5,0.5,0.5,0.5,0.5,0.5
IDXX,Tief 8,1,33.07,100.0,100.0,100.0,100.0,100.0,100.0,100.0,100.0,100.0,100.0,100.0,100.0,100.0,100.0,100.0,100.0,100.0,0.0,0.0,0.0,0.0,0.0,0.0,0.0,0.0,0.0,0.0
IFX.DE,alle,57,53.25,21.1,26.3,28.1,33.3,33.3,36.8,40.4,43.9,45.6,47.4,49.1,52.6,59.6,61.4,64.9,64.9,21.05,0.0,0.48,2.9,5.32,6.58,6.84,7.39,8.2,9.95,10.44
IFX.DE,Tief 1,26,52.38,23.1,30.8,30.8,30.8,30.8,38.5,38.5,46.2,46.2,46.2,50.0,50.0,57.7,61.5,65.4,65.4,23.08,0.0,0.39,2.86,5.03,6.22,7.37,7.7,8.9,10.13,10.44
IFX.DE,Tief 2,14,53.51,7.1,7.1,14.3,28.6,28.6,28.6,28.6,28.6,35.7,35.7,35.7,50.0,57.1,57.1,57.1,57.1,7.14,0.74,1.23,2.98,6.75,6.85,7.0,7.44,8.31,9.31,9.56
IFX.DE,Tief 3,9,54.36,22.2,33.3,33.3,44.4,44.4,44.4,55.6,55.6,55.6,55.6,55.6,55.6,66.7,66.7,66.7,66.7,22.22,0.0,0.43,1.66,4.92,5.64,6.36,6.76,6.82,6.87,6.88
IFX.DE,Tief 4,6,52.63,33.3,33.3,33.3,33.3,33.3,33.3,50.0,50.0,50.0,66.7,66.7,66.7,66.7,66.7,66.7,66.7,33.33,0.0,0.42,2.02,3.79,4.28,4.64,4.99,5.35,5.64,5.71
IFX.DE,Tief 5,2,54.0,50.0,50.0,50.0,50.0,50.0,50.0,50.0,50.0,50.0,50.0,50.0,50.0,50.0,50.0,100.0,100.0,50.0,0.36,0.9,1.81,2.71,2.89,3.07,3.25,3.43,3.58,3.61
ILMN,alle,46,21.85,28.3,28.3,34.8,41.3,41.3,50.0,52.2,56.5,56.5,56.5,58.7,60.9,69.6,69.6,73.9,73.9,23.91,0.0,0.12,1.53,4.03,4.5,5.17,5.4,7.56,8.91,9.41
ILMN,Tief 1,17,20.95,35.3,35.3,41.2,47.1,47.1,58.8,58.8,70.6,70.6,70.6,70.6,70.6,70.6,70.6,82.4,82.4,23.53,0.0,0.09,1.39,3.52,3.64,4.09,4.67,5.16,5.24,5.26
ILMN,Tief 2,9,21.7,22.2,22.2,33.3,44.4,44.4,55.6,66.7,66.7,66.7,66.7,66.7,77.8,77.8,77.8,77.8,77.8,22.22,0.0,0.72,1.4,2.83,3.76,4.68,5.39,5.88,6.28,6.37
ILMN,Tief 3,6,20.57,33.3,33.3,33.3,33.3,33.3,50.0,50.0,50.0,50.0,50.0,50.0,50.0,50.0,50.0,50.0,50.0,33.33,0.0,0.32,2.88,5.11,5.32,6.34,7.36,8.39,9.21,9.41
ILMN,Tief 4,4,20.76,0.0,0.0,0.0,25.0,25.0,25.0,25.0,25.0,25.0,25.0,25.0,25.0,50.0,50.0,50.0,50.0,0.0,1.63,2.62,4.32,6.18,6.6,7.03,7.45,7.87,8.21,8.3
ILMN,Tief 5,4,22.03,0.0,0.0,25.0,25.0,25.0,25.0,25.0,25.0,25.0,25.0,25.0,25.0,50.0,50.0,50.0,50.0,0.0,1.44,2.49,3.61,5.11,5.68,6.25,6.82,7.39,7.85,7.96
ILMN,Tief 6,3,29.64,33.3,33.3,33.3,33.3,33.3,33.3,33.3,33.3,33.3,33.3,66.7,66.7,100.0,100.0,100.0,100.0,33.33,0.51,1.26,2.53,2.88,2.95,3.02,3.09,3.16,3.22,3.23
ILMN,Tief 7,2,36.75,50.0,50.0,50.0,50.0,50.0,50.0,50.0,50.0,50.0,50.0,50.0,50.0,100.0,100.0,100.0,100.0,50.0,0.31,0.77,1.55,2.32,2.48,2.63,2.78,2.94,3.06,3.09
ILMN,Tief 8,1,32.9,100.0,100.0,100.0,100.0,100.0,100.0,100.0,100.0,100.0,100.0,100.0,100.0,100.0,100.0,100.0,100.0,100.0,0.0,0.0,0.0,0.0,0.0,0.0,0.0,0.0,0.0,0.0
INTC,alle,48,79.55,29.2,41.7,43.8,45.8,54.2,58.3,62.5,64.6,68.8,70.8,70.8,70.8,72.9,75.0,75.0,79.2,22.92,0.0,0.19,1.19,3.54,4.15,4.72,6.66,8.48,13.65,16.25
INTC,Tief 1,19,80.92,26.3,36.8,36.8,36.8,47.4,52.6,57.9,63.2,73.7,78.9,78.9,78.9,78.9,78.9,78.9,78.9,26.32,0.0,0.18,1.34,2.31,3.15,4.38,4.58,5.93,14.19,16.25
INTC,Tief 2,13,67.16,38.5,61.5,61.5,69.2,69.2,69.2,69.2,69.2,69.2,69.2,69.2,69.2,76.9,76.9,76.9,84.6,30.77,0.0,0.0,0.42,3.13,3.6,4.08,4.57,5.45,6.31,6.52
INTC,Tief 3,8,71.64,37.5,37.5,50.0,50.0,62.5,75.0,75.0,75.0,75.0,75.0,75.0,75.0,75.0,75.0,75.0,87.5,25.0,0.0,0.15,0.95,1.94,2.82,3.69,4.76,5.86,6.75,6.97
INTC,Tief 4,4,78.67,25.0,50.0,50.0,50.0,75.0,75.0,75.0,75.0,75.0,75.0,75.0,75.0,75.0,75.0,75.0,75.0,0.0,0.27,0.37,0.8,2.71,3.64,4.57,5.5,6.42,7.17,7.35
INTC,Tief 5,2,141.79,0.0,0.0,0.0,0.0,0.0,0.0,50.0,50.0,50.0,50.0,50.0,50.0,50.0,100.0,100.0,100.0,0.0,1.85,2.12,2.56,3.01,3.1,3.19,3.27,3.36,3.43,3.45
INTC,Tief 6,1,96.29,0.0,0.0,0.0,0.0,0.0,0.0,0.0,0.0,0.0,0.0,0.0,0.0,0.0,0.0,0.0,0.0,0.0,9.08,9.08,9.08,9.08,9.08,9.08,9.08,9.08,9.08,9.08
INTC,Tief 7,1,112.58,0.0,0.0,0.0,0.0,0.0,0.0,0.0,0.0,0.0,0.0,0.0,0.0,0.0,0.0,0.0,0.0,0.0,10.72,10.72,10.72,10.72,10.72,10.72,10.72,10.72,10.72,10.72
INTU,alle,58,9.42,15.5,17.2,19.0,19.0,22.4,27.6,29.3,32.8,36.2,41.4,44.8,48.3,51.7,55.2,58.6,63.8,15.52,0.0,1.41,3.07,5.04,7.37,8.09,9.13,13.78,17.43,19.71
INTU,Tief 1,22,9.53,18.2,18.2,22.7,22.7,22.7,27.3,27.3,31.8,36.4,45.5,50.0,50.0,54.5,59.1,59.1,68.2,18.18,0.0,1.4,2.8,5.99,7.25,8.5,9.13,13.3,15.25,15.71
INTU,Tief 2,16,8.53,25.0,31.2,31.2,31.2,37.5,43.8,43.8,43.8,43.8,43.8,50.0,50.0,50.0,50.0,56.2,56.2,25.0,0.0,0.29,3.1,7.77,9.11,9.61,12.52,16.38,19.05,19.71
INTU,Tief 3,7,8.58,14.3,14.3,14.3,14.3,14.3,14.3,28.6,28.6,28.6,28.6,28.6,28.6,28.6,28.6,28.6,42.9,14.29,0.99,2.73,4.16,6.29,7.32,8.02,8.08,8.13,8.18,8.19
INTU,Tief 4,4,7.89,0.0,0.0,0.0,0.0,0.0,0.0,0.0,0.0,0.0,0.0,0.0,25.0,25.0,25.0,50.0,50.0,0.0,3.09,3.49,4.16,5.36,5.81,6.25,6.69,7.14,7.49,7.58
INTU,Tief 5,4,9.64,0.0,0.0,0.0,0.0,25.0,25.0,25.0,25.0,25.0,25.0,25.0,25.0,50.0,75.0,75.0,75.0,0.0,1.8,2.64,3.2,3.58,3.75,3.93,4.1,4.27,4.41,4.45
INTU,Tief 6,3,4.03,0.0,0.0,0.0,0.0,0.0,0.0,0.0,33.3,66.7,66.7,66.7,100.0,100.0,100.0,100.0,100.0,0.0,1.92,1.99,2.1,2.54,2.63,2.71,2.8,2.89,2.96,2.98
INTU,Tief 7,1,15.87,0.0,0.0,0.0,0.0,0.0,0.0,0.0,0.0,0.0,100.0,100.0,100.0,100.0,100.0,100.0,100.0,0.0,2.46,2.46,2.46,2.46,2.46,2.46,2.46,2.46,2.46,2.46
INTU,Tief 8,1,13.84,0.0,0.0,0.0,0.0,0.0,100.0,100.0,100.0,100.0,100.0,100.0,100.0,100.0,100.0,100.0,100.0,0.0,1.49,1.49,1.49,1.49,1.49,1.49,1.49,1.49,1.49,1.49
ISRG,alle,55,12.86,34.5,36.4,38.2,40.0,43.6,45.5,50.9,52.7,56.4,58.2,60.0,60.0,63.6,63.6,67.3,69.1,27.27,0.0,0.0,1.67,4.7,5.61,6.19,7.41,8.19,10.04,10.19
ISRG,Tief 1,24,17.42,33.3,37.5,37.5,37.5,41.7,41.7,54.2,54.2,58.3,58.3,58.3,58.3,66.7,66.7,70.8,70.8,29.17,0.0,0.0,1.62,5.67,6.12,6.89,7.56,9.26,9.82,9.9
ISRG,Tief 2,13,15.06,38.5,38.5,38.5,46.2,46.2,53.8,53.8,53.8,53.8,53.8,53.8,53.8,53.8,53.8,53.8,53.8,38.46,0.0,0.0,1.45,4.86,6.37,7.41,7.54,8.63,9.88,10.19
ISRG,Tief 3,5,4.88,0.0,0.0,0.0,0.0,20.0,20.0,20.0,40.0,40.0,60.0,60.0,60.0,60.0,60.0,80.0,80.0,0.0,1.41,1.76,2.35,3.53,4.3,5.06,5.83,6.6,7.21,7.36
ISRG,Tief 4,5,3.98,20.0,20.0,20.0,20.0,20.0,20.0,20.0,20.0,40.0,40.0,60.0,60.0,60.0,60.0,60.0,60.0,0.0,0.94,2.06,2.68,4.45,4.74,5.03,5.32,5.61,5.85,5.91
ISRG,Tief 5,4,10.01,50.0,50.0,75.0,75.0,75.0,75.0,75.0,75.0,75.0,75.0,75.0,75.0,75.0,75.0,75.0,100.0,25.0,0.03,0.07,0.38,1.46,1.95,2.43,2.91,3.4,3.79,3.88
ISRG,Tief 6,3,13.39,66.7,66.7,66.7,66.7,66.7,66.7,66.7,66.7,66.7,66.7,66.7,66.7,66.7,66.7,66.7,66.7,33.33,0.03,0.07,0.15,2.42,2.88,3.33,3.79,4.24,4.61,4.7
ISRG,Tief 7,1,15.5,100.0,100.0,100.0,100.0,100.0,100.0,100.0,100.0,100.0,100.0,100.0,100.0,100.0,100.0,100.0,100.0,100.0,0.0,0.0,0.0,0.0,0.0,0.0,0.0,0.0,0.0,0.0
JNJ,alle,61,48.67,27.9,34.4,39.3,41.0,44.3,49.2,50.8,50.8,54.1,57.4,59.0,62.3,63.9,65.6,68.9,70.5,26.23,0.0,0.0,1.56,5.05,5.74,6.53,6.92,7.5,8.0,8.19
JNJ,Tief 1,26,44.43,19.2,30.8,42.3,42.3,46.2,57.7,57.7,57.7,61.5,61.5,61.5,69.2,69.2,73.1,76.9,76.9,15.38,0.0,0.39,1.39,3.6,4.93,5.85,6.73,7.41,7.74,7.84
JNJ,Tief 2,14,42.73,50.0,57.1,57.1,57.1,64.3,64.3,64.3,64.3,64.3,64.3,64.3,64.3,71.4,71.4,71.4,71.4,50.0,0.0,0.0,0.21,4.96,5.78,6.13,6.4,6.54,6.56,6.56
JNJ,Tief 3,7,60.02,14.3,14.3,14.3,14.3,14.3,14.3,14.3,14.3,28.6,28.6,42.9,42.9,42.9,42.9,42.9,57.1,14.29,1.2,2.34,3.93,5.85,6.32,6.73,6.99,7.24,7.45,7.5
JNJ,Tief 4,5,65.47,20.0,20.0,20.0,20.0,20.0,20.0,20.0,20.0,20.0,40.0,40.0,40.0,40.0,40.0,40.0,40.0,20.0,0.93,2.32,5.45,7.87,7.93,8.0,8.06,8.13,8.18,8.19
JNJ,Tief 5,3,63.07,0.0,0.0,0.0,0.0,0.0,0.0,33.3,33.3,33.3,66.7,66.7,66.7,66.7,66.7,66.7,66.7,0.0,1.71,1.93,2.29,4.61,5.07,5.53,5.99,6.46,6.83,6.92
JNJ,Tief 6,3,60.92,66.7,66.7,66.7,66.7,66.7,66.7,66.7,66.7,66.7,66.7,66.7,66.7,66.7,66.7,66.7,66.7,66.67,0.0,0.0,0.0,2.08,2.49,2.91,3.32,3.74,4.07,4.15
JNJ,Tief 7,1,64.06,0.0,0.0,0.0,0.0,0.0,0.0,0.0,0.0,0.0,0.0,0.0,0.0,0.0,0.0,100.0,100.0,0.0,3.56,3.56,3.56,3.56,3.56,3.56,3.56,3.56,3.56,3.56
JNJ,Tief 8,1,60.22,0.0,0.0,0.0,100.0,100.0,100.0,100.0,100.0,100.0,100.0,100.0,100.0,100.0,100.0,100.0,100.0,0.0,0.88,0.88,0.88,0.88,0.88,0.88,0.88,0.88,0.88,0.88
JNJ,Tief 9,1,65.22,100.0,100.0,100.0,100.0,100.0,100.0,100.0,100.0,100.0,100.0,100.0,100.0,100.0,100.0,100.0,100.0,100.0,0.0,0.0,0.0,0.0,0.0,0.0,0.0,0.0,0.0,0.0
JPM,alle,57,17.74,38.6,43.9,50.9,52.6,57.9,61.4,61.4,61.4,66.7,77.2,78.9,80.7,82.5,86.0,87.7,87.7,33.33,0.0,0.0,0.65,2.42,2.73,3.39,4.1,8.73,11.5,11.7
JPM,Tief 1,30,21.11,26.7,33.3,43.3,46.7,53.3,56.7,56.7,56.7,66.7,76.7,76.7,76.7,76.7,80.0,83.3,83.3,23.33,0.0,0.21,1.13,2.41,3.4,3.87,6.08,8.79,10.63,11.34
JPM,Tief 2,18,17.08,44.4,50.0,55.6,55.6,61.1,66.7,66.7,66.7,66.7,77.8,77.8,83.3,83.3,88.9,88.9,88.9,44.44,0.0,0.0,0.56,2.41,2.64,3.05,3.65,5.33,10.42,11.7
JPM,Tief 3,7,9.7,71.4,71.4,71.4,71.4,71.4,71.4,71.4,71.4,71.4,71.4,85.7,85.7,100.0,100.0,100.0,100.0,42.86,0.0,0.0,0.02,1.4,2.14,2.67,2.79,2.9,2.99,3.01
JPM,Tief 4,2,9.08,50.0,50.0,50.0,50.0,50.0,50.0,50.0,50.0,50.0,100.0,100.0,100.0,100.0,100.0,100.0,100.0,50.0,0.23,0.56,1.13,1.69,1.81,1.92,2.03,2.15,2.24,2.26
KDP,alle,53,10.96,32.1,37.7,41.5,45.3,45.3,47.2,47.2,50.9,50.9,54.7,58.5,60.4,60.4,64.2,67.9,71.7,28.3,0.0,0.0,1.94,4.33,4.89,5.52,6.63,11.65,13.77,15.17
KDP,Tief 1,20,7.47,35.0,40.0,45.0,45.0,45.0,45.0,45.0,45.0,45.0,50.0,50.0,50.0,50.0,50.0,55.0,60.0,25.0,0.0,0.15,2.98,5.12,6.56,11.47,12.12,12.6,14.66,15.17
KDP,Tief 2,11,8.71,54.5,54.5,54.5,54.5,54.5,54.5,54.5,54.5,54.5,54.5,63.6,63.6,63.6,72.7,81.8,90.9,54.55,0.0,0.0,0.0,3.41,3.55,3.73,3.91,5.16,6.15,6.4
KDP,Tief 3,5,8.99,0.0,0.0,0.0,20.0,20.0,20.0,20.0,40.0,40.0,60.0,60.0,60.0,60.0,80.0,80.0,80.0,0.0,1.29,1.77,2.4,3.32,3.9,4.47,5.04,5.61,6.07,6.18
KDP,Tief 4,4,13.12,0.0,0.0,0.0,0.0,0.0,0.0,0.0,25.0,25.0,25.0,25.0,50.0,50.0,50.0,50.0,50.0,0.0,2.21,2.61,4.02,5.72,6.03,6.34,6.65,6.97,7.21,7.28
KDP,Tief 5,4,15.12,0.0,0.0,25.0,25.0,25.0,50.0,50.0,50.0,50.0,50.0,50.0,50.0,50.0,50.0,50.0,50.0,0.0,0.85,1.25,3.05,5.14,5.45,5.76,6.07,6.38,6.63,6.69
KDP,Tief 6,4,15.31,25.0,50.0,50.0,50.0,50.0,50.0,50.0,50.0,50.0,50.0,75.0,75.0,75.0,75.0,75.0,75.0,25.0,0.14,0.35,1.51,2.93,3.16,3.39,3.62,3.85,4.04,4.08
KDP,Tief 7,3,14.38,66.7,66.7,66.7,100.0,100.0,100.0,100.0,100.0,100.0,100.0,100.0,100.0,100.0,100.0,100.0,100.0,66.67,0.0,0.0,0.0,0.45,0.54,0.63,0.72,0.81,0.88,0.9
KDP,Tief 8,1,13.6,0.0,100.0,100.0,100.0,100.0,100.0,100.0,100.0,100.0,100.0,100.0,100.0,100.0,100.0,100.0,100.0,0.0,0.33,0.33,0.33,0.33,0.33,0.33,0.33,0.33,0.33,0.33
KDP,Tief 9,1,19.97,100.0,100.0,100.0,100.0,100.0,100.0,100.0,100.0,100.0,100.0,100.0,100.0,100.0,100.0,100.0,100.0,100.0,0.0,0.0,0.0,0.0,0.0,0.0,0.0,0.0,0.0,0.0
KHC,alle,48,5.81,16.7,20.8,25.0,27.1,27.1,27.1,29.2,35.4,35.4,37.5,41.7,45.8,54.2,58.3,60.4,64.6,16.67,0.0,0.91,3.14,4.35,4.84,5.44,6.84,7.39,7.51,7.57
KHC,Tief 1,17,4.33,11.8,11.8,11.8,11.8,11.8,11.8,11.8,17.6,17.6,17.6,23.5,23.5,29.4,35.3,41.2,47.1,11.76,1.11,3.05,4.22,5.29,6.95,7.39,7.43,7.48,7.55,7.57
KHC,Tief 2,9,5.49,11.1,11.1,22.2,22.2,22.2,22.2,33.3,33.3,33.3,44.4,44.4,55.6,55.6,55.6,55.6,55.6,11.11,0.59,1.71,2.75,5.04,5.21,5.37,5.58,5.83,6.03,6.08
KHC,Tief 3,7,6.02,14.3,14.3,14.3,14.3,14.3,14.3,14.3,14.3,14.3,14.3,28.6,28.6,57.1,71.4,71.4,85.7,14.29,1.52,2.85,3.19,3.65,3.76,4.12,5.0,5.88,6.59,6.77
KHC,Tief 4,6,6.25,16.7,33.3,50.0,66.7,66.7,66.7,66.7,66.7,66.7,66.7,66.7,66.7,83.3,83.3,83.3,83.3,16.67,0.18,0.41,0.77,2.59,3.14,4.11,5.07,6.04,6.81,7.01
KHC,Tief 5,4,7.68,25.0,50.0,50.0,50.0,50.0,50.0,50.0,50.0,50.0,50.0,50.0,75.0,75.0,75.0,75.0,75.0,25.0,0.08,0.19,1.62,3.26,3.43,3.59,3.75,3.92,4.05,4.08
KHC,Tief 6,2,7.79,50.0,50.0,50.0,50.0,50.0,50.0,50.0,50.0,50.0,50.0,50.0,50.0,50.0,50.0,50.0,50.0,50.0,0.41,1.03,2.07,3.1,3.31,3.52,3.72,3.93,4.1,4.14
KHC,Tief 7,1,8.04,0.0,0.0,0.0,0.0,0.0,0.0,0.0,100.0,100.0,100.0,100.0,100.0,100.0,100.0,100.0,100.0,0.0,2.0,2.0,2.0,2.0,2.0,2.0,2.0,2.0,2.0,2.0
KHC,Tief 8,1,7.88,0.0,0.0,0.0,0.0,0.0,0.0,0.0,100.0,100.0,100.0,100.0,100.0,100.0,100.0,100.0,100.0,0.0,1.75,1.75,1.75,1.75,1.75,1.75,1.75,1.75,1.75,1.75
KHC,Tief 9,1,5.87,100.0,100.0,100.0,100.0,100.0,100.0,100.0,100.0,100.0,100.0,100.0,100.0,100.0,100.0,100.0,100.0,100.0,0.0,0.0,0.0,0.0,0.0,0.0,0.0,0.0,0.0,0.0
KLAC,alle,66,93.69,30.3,34.8,40.9,43.9,45.5,51.5,51.5,54.5,57.6,59.1,62.1,69.7,72.7,75.8,77.3,80.3,25.76,0.0,0.01,1.47,3.37,3.92,4.6,5.35,6.9,8.19,8.36
KLAC,Tief 1,31,89.57,16.1,22.6,29.0,32.3,35.5,41.9,41.9,45.2,48.4,48.4,51.6,58.1,64.5,67.7,71.0,74.2,6.45,0.19,0.66,2.61,3.99,4.53,4.97,5.47,5.63,6.82,7.29
KLAC,Tief 2,21,93.86,42.9,42.9,42.9,47.6,47.6,57.1,57.1,61.9,66.7,66.7,71.4,85.7,85.7,85.7,85.7,90.5,42.86,0.0,0.0,1.37,2.77,2.8,2.88,3.88,4.6,6.88,7.45
KLAC,Tief 3,9,105.26,44.4,55.6,77.8,77.8,77.8,77.8,77.8,77.8,77.8,88.9,88.9,88.9,88.9,88.9,88.9,88.9,44.44,0.0,0.0,0.34,0.73,1.42,2.11,3.64,6.0,7.89,8.36
KLAC,Tief 4,3,112.5,66.7,66.7,66.7,66.7,66.7,66.7,66.7,66.7,66.7,66.7,66.7,66.7,66.7,66.7,66.7,66.7,66.67,0.0,0.0,0.0,4.05,4.86,5.67,6.48,7.29,7.94,8.1
KLAC,Tief 5,1,86.27,0.0,0.0,0.0,0.0,0.0,0.0,0.0,0.0,0.0,0.0,0.0,0.0,0.0,0.0,0.0,0.0,0.0,4.6,4.6,4.6,4.6,4.6,4.6,4.6,4.6,4.6,4.6
KLAC,Tief 6,1,77.68,0.0,0.0,0.0,0.0,0.0,0.0,0.0,0.0,0.0,0.0,0.0,0.0,0.0,100.0,100.0,100.0,0.0,3.29,3.29,3.29,3.29,3.29,3.29,3.29,3.29,3.29,3.29
KO,alle,38,38.33,36.8,42.1,47.4,50.0,55.3,63.2,68.4,71.1,76.3,78.9,81.6,84.2,86.8,86.8,89.5,89.5,34.21,0.0,0.0,0.94,2.16,2.52,2.91,4.96,8.07,8.56,8.64
KO,Tief 1,23,30.3,34.8,34.8,43.5,43.5,47.8,56.5,56.5,56.5,60.9,65.2,69.6,73.9,78.3,78.3,82.6,82.6,30.43,0.0,0.0,1.33,2.93,3.42,6.7,8.01,8.38,8.59,8.64
KO,Tief 2,8,43.25,25.0,37.5,37.5,37.5,50.0,62.5,75.0,87.5,100.0,100.0,100.0,100.0,100.0,100.0,100.0,100.0,25.0,0.0,0.25,1.25,1.71,1.8,1.88,1.99,2.09,2.18,2.2
KO,Tief 3,7,48.92,57.1,71.4,71.4,85.7,85.7,85.7,100.0,100.0,100.0,100.0,100.0,100.0,100.0,100.0,100.0,100.0,57.14,0.0,0.0,0.0,0.62,0.74,0.89,1.14,1.38,1.57,1.62
LIN,alle,47,15.13,27.7,29.8,36.2,40.4,40.4,42.6,44.7,44.7,51.1,55.3,59.6,59.6,59.6,59.6,66.0,68.1,21.28,0.0,0.17,2.24,4.75,5.54,6.16,7.39,10.55,11.66,11.93
LIN,Tief 1,25,14.49,28.0,28.0,40.0,44.0,44.0,44.0,48.0,48.0,52.0,52.0,56.0,56.0,56.0,56.0,64.0,68.0,20.0,0.0,0.19,2.24,5.02,5.51,5.78,7.47,9.43,10.62,10.91
LIN,Tief 2,13,12.66,23.1,30.8,30.8,30.8,30.8,38.5,38.5,38.5,53.8,53.8,61.5,61.5,61.5,61.5,61.5,61.5,15.38,0.02,0.27,2.24,4.48,5.63,6.47,6.67,8.58,10.79,11.35
LIN,Tief 3,6,16.46,33.3,33.3,33.3,50.0,50.0,50.0,50.0,50.0,50.0,66.7,66.7,66.7,66.7,66.7,66.7,66.7,33.33,0.0,0.23,1.66,4.85,5.67,7.23,8.8,10.37,11.62,11.93
LIN,Tief 4,2,18.62,0.0,0.0,0.0,0.0,0.0,0.0,0.0,0.0,0.0,50.0,50.0,50.0,50.0,50.0,100.0,100.0,0.0,2.49,2.7,3.05,3.39,3.46,3.53,3.6,3.67,3.73,3.74
LIN,Tief 5,1,22.7,100.0,100.0,100.0,100.0,100.0,100.0,100.0,100.0,100.0,100.0,100.0,100.0,100.0,100.0,100.0,100.0,100.0,0.0,0.0,0.0,0.0,0.0,0.0,0.0,0.0,0.0,0.0
LRCX,alle,61,124.38,36.1,39.3,39.3,52.5,55.7,60.7,65.6,72.1,72.1,75.4,78.7,80.3,82.0,83.6,85.2,90.2,32.79,0.0,0.0,0.97,2.41,2.96,3.58,3.94,5.58,7.72,8.84
LRCX,Tief 1,33,104.28,30.3,33.3,33.3,45.5,51.5,54.5,60.6,66.7,66.7,69.7,75.8,75.8,78.8,81.8,81.8,84.8,27.27,0.0,0.0,1.09,2.72,3.25,3.96,5.16,6.45,8.24,8.84
LRCX,Tief 2,15,128.91,46.7,53.3,53.3,60.0,60.0,73.3,73.3,73.3,73.3,80.0,80.0,80.0,80.0,80.0,86.7,100.0,46.67,0.0,0.0,0.34,1.85,2.52,3.45,3.78,3.92,3.93,3.94
LRCX,Tief 3,6,140.44,16.7,16.7,16.7,33.3,33.3,33.3,33.3,66.7,66.7,66.7,66.7,83.3,83.3,83.3,83.3,83.3,16.67,0.49,1.2,1.85,2.69,2.96,3.62,4.27,4.93,5.45,5.58
LRCX,Tief 4,4,83.36,75.0,75.0,75.0,75.0,75.0,75.0,100.0,100.0,100.0,100.0,100.0,100.0,100.0,100.0,100.0,100.0,50.0,0.0,0.0,0.03,0.46,0.7,0.94,1.17,1.41,1.6,1.65
LRCX,Tief 5,1,124.38,0.0,0.0,0.0,100.0,100.0,100.0,100.0,100.0,100.0,100.0,100.0,100.0,100.0,100.0,100.0,100.0,0.0,0.87,0.87,0.87,0.87,0.87,0.87,0.87,0.87,0.87,0.87
LRCX,Tief 6,1,126.05,0.0,0.0,0.0,100.0,100.0,100.0,100.0,100.0,100.0,100.0,100.0,100.0,100.0,100.0,100.0,100.0,0.0,0.87,0.87,0.87,0.87,0.87,0.87,0.87,0.87,0.87,0.87
LRCX,Tief 7,1,171.41,100.0,100.0,100.0,100.0,100.0,100.0,100.0,100.0,100.0,100.0,100.0,100.0,100.0,100.0,100.0,100.0,100.0,0.0,0.0,0.0,0.0,0.0,0.0,0.0,0.0,0.0,0.0
LULU,alle,56,5.06,21.4,25.0,25.0,26.8,28.6,28.6,28.6,28.6,30.4,30.4,32.1,32.1,33.9,33.9,33.9,37.5,19.64,0.0,0.71,5.76,9.08,9.7,10.86,13.15,14.86,15.98,16.49
LULU,Tief 1,20,6.34,20.0,30.0,30.0,30.0,35.0,35.0,35.0,35.0,35.0,35.0,40.0,40.0,40.0,40.0,40.0,45.0,20.0,0.0,0.37,4.73,9.18,10.17,13.12,13.34,14.74,16.14,16.49
LULU,Tief 2,15,9.15,33.3,33.3,33.3,33.3,33.3,33.3,33.3,33.3,33.3,33.3,33.3,33.3,40.0,40.0,40.0,46.7,26.67,0.0,0.06,5.66,10.4,11.15,12.71,14.46,15.51,15.55,15.56
LULU,Tief 3,7,2.74,14.3,14.3,14.3,14.3,14.3,14.3,14.3,14.3,14.3,14.3,14.3,14.3,14.3,14.3,14.3,14.3,14.29,3.51,6.1,7.74,9.39,9.58,9.82,10.19,10.55,10.84,10.91
LULU,Tief 4,5,2.39,0.0,0.0,0.0,0.0,0.0,0.0,0.0,0.0,0.0,0.0,0.0,0.0,0.0,0.0,0.0,0.0,0.0,6.55,6.79,7.23,7.85,8.97,10.09,11.21,12.33,13.23,13.45
LULU,Tief 5,3,1.57,0.0,0.0,0.0,0.0,0.0,0.0,0.0,0.0,0.0,0.0,0.0,0.0,0.0,0.0,0.0,0.0,0.0,5.46,5.97,6.82,7.09,7.15,7.2,7.26,7.31,7.36,7.37
LULU,Tief 6,2,10.91,0.0,0.0,0.0,50.0,50.0,50.0,50.0,50.0,100.0,100.0,100.0,100.0,100.0,100.0,100.0,100.0,0.0,0.95,1.14,1.46,1.78,1.84,1.91,1.97,2.04,2.09,2.1
LULU,Tief 7,2,9.81,50.0,50.0,50.0,50.0,50.0,50.0,50.0,50.0,50.0,50.0,50.0,50.0,50.0,50.0,50.0,50.0,50.0,0.51,1.26,2.53,3.79,4.04,4.29,4.55,4.8,5.0,5.05
LULU,Tief 8,1,5.94,0.0,0.0,0.0,0.0,0.0,0.0,0.0,0.0,0.0,0.0,0.0,0.0,0.0,0.0,0.0,0.0,0.0,4.8,4.8,4.8,4.8,4.8,4.8,4.8,4.8,4.8,4.8
LULU,Tief 9,1,7.99,100.0,100.0,100.0,100.0,100.0,100.0,100.0,100.0,100.0,100.0,100.0,100.0,100.0,100.0,100.0,100.0,100.0,0.0,0.0,0.0,0.0,0.0,0.0,0.0,0.0,0.0,0.0
MAR,alle,56,32.03,30.4,35.7,37.5,41.1,41.1,46.4,46.4,48.2,51.8,57.1,57.1,60.7,60.7,62.5,64.3,67.9,25.0,0.0,0.09,2.13,4.56,5.36,6.35,8.1,9.0,12.75,14.36
MAR,Tief 1,25,30.44,28.0,36.0,40.0,40.0,40.0,44.0,44.0,44.0,48.0,56.0,56.0,60.0,60.0,64.0,64.0,68.0,24.0,0.0,0.19,2.36,4.6,5.1,6.45,8.29,10.11,13.44,14.36
MAR,Tief 2,16,33.33,12.5,18.8,18.8,25.0,25.0,37.5,37.5,37.5,43.8,43.8,43.8,43.8,43.8,43.8,50.0,50.0,6.25,0.29,1.18,3.99,5.8,6.57,7.04,7.66,8.22,8.43,8.48
MAR,Tief 3,11,31.26,54.5,54.5,54.5,63.6,63.6,63.6,63.6,63.6,63.6,72.7,72.7,72.7,72.7,72.7,72.7,81.8,45.45,0.0,0.0,0.14,3.17,3.91,4.79,5.67,8.55,10.85,11.43
MAR,Tief 4,3,52.03,33.3,33.3,33.3,33.3,33.3,33.3,33.3,66.7,66.7,66.7,66.7,100.0,100.0,100.0,100.0,100.0,33.33,0.39,0.98,1.97,2.39,2.48,2.56,2.65,2.73,2.8,2.82
MAR,Tief 5,1,19.33,100.0,100.0,100.0,100.0,100.0,100.0,100.0,100.0,100.0,100.0,100.0,100.0,100.0,100.0,100.0,100.0,100.0,0.0,0.0,0.0,0.0,0.0,0.0,0.0,0.0,0.0,0.0
MBG.DE,alle,62,4.83,16.1,19.4,22.6,24.2,25.8,29.0,29.0,32.3,35.5,37.1,40.3,43.5,50.0,53.2,54.8,56.5,16.13,0.0,1.23,3.3,6.03,6.3,7.05,7.27,8.05,8.49,8.92
MBG.DE,Tief 1,25,4.36,16.0,16.0,20.0,24.0,24.0,28.0,28.0,28.0,32.0,32.0,36.0,40.0,44.0,44.0,44.0,44.0,16.0,0.0,1.46,4.9,6.08,6.28,7.06,7.09,7.86,8.17,8.2
MBG.DE,Tief 2,17,3.8,0.0,11.8,11.8,11.8,17.6,23.5,23.5,23.5,29.4,35.3,35.3,35.3,47.1,52.9,52.9,58.8,0.0,0.9,2.24,3.35,5.64,6.0,6.59,6.97,7.26,7.9,8.06
MBG.DE,Tief 3,12,7.64,25.0,25.0,33.3,33.3,33.3,33.3,33.3,41.7,41.7,41.7,50.0,50.0,50.0,58.3,66.7,66.7,25.0,0.0,0.54,3.03,5.77,7.13,7.74,7.91,8.38,8.82,8.92
MBG.DE,Tief 4,7,7.04,42.9,42.9,42.9,42.9,42.9,42.9,42.9,57.1,57.1,57.1,57.1,71.4,71.4,71.4,71.4,71.4,42.86,0.0,0.0,1.99,4.62,5.66,6.45,6.73,7.0,7.23,7.28
MBG.DE,Tief 5,1,2.66,0.0,0.0,0.0,0.0,0.0,0.0,0.0,0.0,0.0,0.0,0.0,0.0,100.0,100.0,100.0,100.0,0.0,3.05,3.05,3.05,3.05,3.05,3.05,3.05,3.05,3.05,3.05
MCD,alle,60,9.91,20.0,25.0,28.3,33.3,40.0,41.7,43.3,45.0,46.7,50.0,51.7,51.7,56.7,58.3,60.0,66.7,16.67,0.0,0.55,2.56,6.03,6.52,7.01,7.67,8.49,9.3,9.77
MCD,Tief 1,24,9.61,25.0,33.3,41.7,41.7,54.2,54.2,54.2,54.2,54.2,54.2,54.2,54.2,58.3,62.5,62.5,66.7,20.83,0.0,0.26,1.11,4.89,6.76,7.81,8.4,8.89,9.59,9.77
MCD,Tief 2,11,9.85,9.1,9.1,9.1,18.2,27.3,27.3,27.3,27.3,27.3,45.5,45.5,45.5,45.5,45.5,45.5,72.7,0.0,0.76,1.73,3.79,4.95,5.91,7.0,8.09,8.5,8.83,8.91
MCD,Tief 3,7,10.04,14.3,14.3,14.3,14.3,14.3,14.3,14.3,28.6,42.9,42.9,57.1,57.1,71.4,71.4,85.7,85.7,14.29,1.13,1.99,2.65,3.36,3.48,3.85,4.73,5.61,6.31,6.49
MCD,Tief 4,5,9.97,20.0,20.0,20.0,20.0,20.0,40.0,40.0,40.0,40.0,40.0,40.0,40.0,60.0,60.0,60.0,60.0,20.0,0.54,1.35,3.12,6.65,6.72,6.78,6.84,6.91,6.96,6.97
MCD,Tief 5,4,11.35,25.0,50.0,50.0,50.0,50.0,50.0,50.0,50.0,50.0,50.0,50.0,50.0,50.0,50.0,50.0,50.0,25.0,0.13,0.32,3.41,6.5,6.57,6.63,6.69,6.76,6.81,6.82
MCD,Tief 6,3,11.01,33.3,33.3,33.3,33.3,33.3,33.3,33.3,33.3,33.3,33.3,33.3,33.3,33.3,33.3,33.3,33.3,33.33,1.12,2.81,5.62,6.43,6.59,6.75,6.92,7.08,7.21,7.24
MCD,Tief 7,2,11.31,0.0,0.0,0.0,50.0,50.0,50.0,50.0,50.0,50.0,50.0,50.0,50.0,50.0,50.0,50.0,50.0,0.0,1.59,2.6,4.27,5.95,6.29,6.62,6.96,7.29,7.56,7.63
MCD,Tief 8,2,12.08,0.0,0.0,0.0,50.0,50.0,50.0,50.0,50.0,50.0,50.0,50.0,50.0,50.0,50.0,50.0,50.0,0.0,1.37,2.09,3.28,4.46,4.7,4.94,5.18,5.42,5.61,5.65
MCD,Tief 9,2,12.68,50.0,50.0,50.0,50.0,50.0,50.0,100.0,100.0,100.0,100.0,100.0,100.0,100.0,100.0,100.0,100.0,50.0,0.16,0.39,0.78,1.17,1.25,1.32,1.4,1.48,1.54,1.56
MCHP,alle,61,13.4,16.4,18.0,21.3,26.2,27.9,27.9,31.1,34.4,39.3,44.3,49.2,50.8,50.8,52.5,55.7,59.0,14.75,0.0,0.88,2.88,5.32,5.98,6.64,7.98,8.5,10.24,11.6
MCHP,Tief 1,25,11.74,12.0,16.0,20.0,20.0,24.0,24.0,24.0,28.0,36.0,44.0,48.0,48.0,48.0,48.0,48.0,52.0,12.0,0.13,1.83,3.95,5.11,5.4,6.65,8.29,9.17,11.06,11.6
MCHP,Tief 2,14,12.93,14.3,14.3,14.3,28.6,28.6,28.6,35.7,35.7,42.9,50.0,50.0,50.0,50.0,50.0,57.1,64.3,7.14,0.37,1.08,3.02,5.21,6.57,8.07,8.09,8.48,9.05,9.19
MCHP,Tief 3,10,14.76,20.0,20.0,30.0,40.0,40.0,40.0,40.0,40.0,40.0,40.0,50.0,50.0,50.0,50.0,60.0,60.0,20.0,0.0,0.74,3.17,6.3,6.62,7.11,7.51,7.63,7.72,7.75
MCHP,Tief 4,4,13.19,0.0,0.0,0.0,0.0,0.0,0.0,0.0,0.0,0.0,0.0,0.0,0.0,0.0,25.0,25.0,25.0,0.0,3.82,4.48,5.61,6.44,6.48,6.52,6.56,6.6,6.63,6.64
MCHP,Tief 5,3,20.36,66.7,66.7,66.7,66.7,66.7,66.7,100.0,100.0,100.0,100.0,100.0,100.0,100.0,100.0,100.0,100.0,66.67,0.0,0.0,0.0,0.84,1.01,1.17,1.34,1.51,1.64,1.68
MCHP,Tief 6,2,19.35,50.0,50.0,50.0,50.0,50.0,50.0,50.0,50.0,50.0,50.0,50.0,50.0,50.0,50.0,50.0,50.0,50.0,0.44,1.1,2.2,3.29,3.51,3.73,3.95,4.17,4.35,4.39
MCHP,Tief 7,1,16.63,0.0,0.0,0.0,0.0,0.0,0.0,0.0,0.0,0.0,0.0,100.0,100.0,100.0,100.0,100.0,100.0,0.0,2.68,2.68,2.68,2.68,2.68,2.68,2.68,2.68,2.68,2.68
MCHP,Tief 8,1,19.24,0.0,0.0,0.0,0.0,0.0,0.0,0.0,0.0,0.0,0.0,0.0,100.0,100.0,100.0,100.0,100.0,0.0,2.88,2.88,2.88,2.88,2.88,2.88,2.88,2.88,2.88,2.88
MCHP,Tief 9,1,19.99,0.0,0.0,0.0,0.0,0.0,0.0,0.0,100.0,100.0,100.0,100.0,100.0,100.0,100.0,100.0,100.0,0.0,1.94,1.94,1.94,1.94,1.94,1.94,1.94,1.94,1.94,1.94
MDB,alle,59,11.21,25.4,32.2,39.0,40.7,44.1,47.5,50.8,57.6,61.0,64.4,64.4,67.8,67.8,69.5,72.9,74.6,18.64,0.0,0.26,1.73,4.19,5.16,7.87,8.39,9.72,12.11,13.71
MDB,Tief 1,24,10.73,16.7,20.8,29.2,29.2,33.3,41.7,45.8,54.2,62.5,66.7,66.7,70.8,70.8,70.8,75.0,79.2,16.67,0.0,0.61,1.96,3.67,4.22,5.33,7.51,9.4,10.49,10.75
MDB,Tief 2,14,14.24,35.7,42.9,50.0,57.1,57.1,57.1,64.3,71.4,71.4,71.4,71.4,71.4,71.4,78.6,78.6,78.6,21.43,0.0,0.12,0.79,3.06,3.86,4.66,7.02,10.07,12.98,13.71
MDB,Tief 3,9,11.31,22.2,22.2,33.3,33.3,44.4,44.4,44.4,55.6,55.6,66.7,66.7,66.7,66.7,66.7,77.8,77.8,11.11,0.06,0.68,1.76,3.59,5.26,6.93,8.13,8.86,9.44,9.58
MDB,Tief 4,5,13.4,40.0,60.0,60.0,60.0,60.0,60.0,60.0,60.0,60.0,60.0,60.0,60.0,60.0,60.0,60.0,60.0,40.0,0.0,0.0,0.37,6.77,7.08,7.39,7.7,8.01,8.26,8.32
MDB,Tief 5,3,9.85,33.3,33.3,33.3,33.3,33.3,33.3,33.3,33.3,33.3,33.3,33.3,33.3,33.3,33.3,33.3,33.3,0.0,1.03,2.36,4.59,7.77,8.4,9.04,9.67,10.31,10.82,10.94
MDB,Tief 6,2,6.97,0.0,0.0,0.0,0.0,0.0,0.0,0.0,0.0,0.0,0.0,0.0,50.0,50.0,50.0,50.0,50.0,0.0,3.55,4.4,5.82,7.24,7.53,7.81,8.09,8.38,8.61,8.66
MDB,Tief 7,1,7.26,0.0,100.0,100.0,100.0,100.0,100.0,100.0,100.0,100.0,100.0,100.0,100.0,100.0,100.0,100.0,100.0,0.0,0.48,0.48,0.48,0.48,0.48,0.48,0.48,0.48,0.48,0.48
MDB,Tief 8,1,16.95,100.0,100.0,100.0,100.0,100.0,100.0,100.0,100.0,100.0,100.0,100.0,100.0,100.0,100.0,100.0,100.0,100.0,0.0,0.0,0.0,0.0,0.0,0.0,0.0,0.0,0.0,0.0
MDLZ,alle,65,6.12,23.1,24.6,32.3,32.3,33.8,36.9,38.5,44.6,49.2,50.8,52.3,55.4,56.9,58.5,61.5,63.1,20.0,0.0,0.52,2.3,6.42,7.49,7.98,8.97,10.94,14.96,15.44
MDLZ,Tief 1,23,4.99,21.7,21.7,30.4,30.4,34.8,39.1,39.1,47.8,56.5,56.5,56.5,56.5,60.9,60.9,60.9,60.9,17.39,0.0,0.62,2.03,7.05,7.33,7.82,8.01,10.61,10.94,10.95
MDLZ,Tief 2,12,4.47,33.3,33.3,33.3,33.3,33.3,33.3,41.7,41.7,50.0,58.3,58.3,58.3,58.3,58.3,66.7,66.7,25.0,0.0,0.17,2.18,6.52,7.23,8.08,9.0,11.65,14.08,14.69
MDLZ,Tief 3,8,5.87,12.5,12.5,25.0,25.0,25.0,25.0,25.0,37.5,37.5,37.5,37.5,50.0,50.0,50.0,50.0,50.0,12.5,0.49,1.67,4.0,6.27,6.34,6.41,9.13,12.28,14.81,15.44
MDLZ,Tief 4,7,7.35,14.3,28.6,42.9,42.9,42.9,42.9,42.9,42.9,42.9,42.9,57.1,57.1,57.1,57.1,71.4,71.4,14.29,0.18,0.48,2.63,4.15,4.4,5.29,7.49,9.68,11.44,11.88
MDLZ,Tief 5,5,8.56,40.0,40.0,40.0,40.0,40.0,40.0,40.0,40.0,40.0,40.0,40.0,60.0,60.0,60.0,60.0,80.0,40.0,0.0,0.0,2.91,3.78,4.83,5.87,6.92,7.97,8.81,9.02
MDLZ,Tief 6,3,8.18,0.0,0.0,33.3,33.3,33.3,66.7,66.7,66.7,66.7,66.7,66.7,66.7,66.7,66.7,66.7,66.7,0.0,0.74,0.94,1.26,5.07,5.83,6.6,7.36,8.12,8.73,8.88
MDLZ,Tief 7,2,9.95,50.0,50.0,50.0,50.0,50.0,50.0,50.0,50.0,50.0,50.0,50.0,50.0,50.0,50.0,50.0,50.0,50.0,0.78,1.94,3.88,5.82,6.21,6.6,6.99,7.37,7.68,7.76
MDLZ,Tief 8,1,10.91,0.0,0.0,0.0,0.0,0.0,0.0,0.0,0.0,0.0,0.0,0.0,0.0,0.0,0.0,0.0,0.0,0.0,8.91,8.91,8.91,8.91,8.91,8.91,8.91,8.91,8.91,8.91
MDLZ,Tief 9,1,9.64,0.0,0.0,0.0,0.0,0.0,0.0,0.0,0.0,0.0,0.0,0.0,0.0,0.0,0.0,0.0,0.0,0.0,5.98,5.98,5.98,5.98,5.98,5.98,5.98,5.98,5.98,5.98
MDLZ,Tief 10,1,9.27,0.0,0.0,0.0,0.0,0.0,0.0,0.0,0.0,0.0,0.0,0.0,0.0,0.0,100.0,100.0,100.0,0.0,3.29,3.29,3.29,3.29,3.29,3.29,3.29,3.29,3.29,3.29
MDLZ,Tief 11,1,14.89,0.0,0.0,0.0,0.0,0.0,0.0,0.0,100.0,100.0,100.0,100.0,100.0,100.0,100.0,100.0,100.0,0.0,2.0,2.0,2.0,2.0,2.0,2.0,2.0,2.0,2.0,2.0
MDLZ,Tief 12,1,9.64,100.0,100.0,100.0,100.0,100.0,100.0,100.0,100.0,100.0,100.0,100.0,100.0,100.0,100.0,100.0,100.0,100.0,0.0,0.0,0.0,0.0,0.0,0.0,0.0,0.0,0.0,0.0
MELI,alle,62,9.5,14.5,16.1,17.7,19.4,22.6,25.8,30.6,37.1,38.7,40.3,40.3,45.2,46.8,48.4,50.0,53.2,12.9,0.0,1.49,3.76,5.46,6.24,7.11,7.85,8.68,8.97,9.14
MELI,Tief 1,27,9.81,14.8,14.8,18.5,18.5,18.5,22.2,25.9,29.6,33.3,37.0,37.0,48.1,48.1,51.9,51.9,55.6,14.81,0.0,1.71,3.34,5.12,5.48,7.7,8.65,8.8,8.85,8.86
MELI,Tief 2,19,9.19,21.1,26.3,26.3,31.6,42.1,42.1,47.4,47.4,47.4,47.4,47.4,47.4,52.6,52.6,57.9,57.9,15.79,0.0,0.54,3.15,4.82,5.79,6.92,7.18,8.01,8.91,9.14
MELI,Tief 3,10,8.45,0.0,0.0,0.0,0.0,0.0,10.0,20.0,30.0,30.0,30.0,30.0,30.0,30.0,30.0,30.0,30.0,0.0,1.54,2.36,4.43,6.04,6.29,6.79,7.29,7.75,8.12,8.21
MELI,Tief 4,5,14.71,20.0,20.0,20.0,20.0,20.0,20.0,20.0,40.0,40.0,40.0,40.0,40.0,40.0,40.0,40.0,60.0,20.0,0.77,1.93,3.93,6.28,6.45,6.62,6.79,6.96,7.1,7.13
MELI,Tief 5,1,6.21,0.0,0.0,0.0,0.0,0.0,0.0,0.0,100.0,100.0,100.0,100.0,100.0,100.0,100.0,100.0,100.0,0.0,1.77,1.77,1.77,1.77,1.77,1.77,1.77,1.77,1.77,1.77
META,alle,73,9.22,26.0,28.8,31.5,37.0,38.4,42.5,47.9,49.3,53.4,54.8,56.2,56.2,58.9,60.3,65.8,68.5,19.18,0.0,0.12,2.0,4.99,6.15,6.61,7.49,8.95,10.4,12.54
META,Tief 1,30,12.54,16.7,20.0,20.0,26.7,26.7,33.3,43.3,43.3,50.0,53.3,56.7,56.7,56.7,56.7,60.0,60.0,16.67,0.0,1.11,2.33,6.7,7.38,8.49,9.1,9.37,11.68,12.54
META,Tief 2,17,9.28,17.6,17.6,23.5,23.5,23.5,29.4,35.3,41.2,47.1,47.1,47.1,47.1,52.9,52.9,52.9,52.9,11.76,0.07,1.26,3.06,6.03,6.19,6.7,7.22,7.78,8.55,8.75
META,Tief 3,13,7.1,30.8,30.8,30.8,46.2,53.8,53.8,53.8,53.8,53.8,53.8,53.8,53.8,53.8,53.8,61.5,76.9,23.08,0.0,0.05,1.11,3.95,4.47,4.96,5.42,5.84,6.17,6.25
META,Tief 4,7,7.49,42.9,42.9,57.1,57.1,57.1,57.1,57.1,57.1,57.1,57.1,57.1,57.1,57.1,71.4,100.0,100.0,28.57,0.0,0.01,0.67,3.52,3.61,3.67,3.69,3.71,3.73,3.73
META,Tief 5,3,9.22,33.3,66.7,66.7,66.7,66.7,66.7,66.7,66.7,66.7,66.7,66.7,66.7,100.0,100.0,100.0,100.0,33.33,0.09,0.22,0.44,1.83,2.11,2.38,2.66,2.94,3.16,3.21
META,Tief 6,2,13.14,100.0,100.0,100.0,100.0,100.0,100.0,100.0,100.0,100.0,100.0,100.0,100.0,100.0,100.0,100.0,100.0,0.0,0.07,0.07,0.07,0.07,0.08,0.08,0.08,0.08,0.08,0.08
META,Tief 7,1,8.4,100.0,100.0,100.0,100.0,100.0,100.0,100.0,100.0,100.0,100.0,100.0,100.0,100.0,100.0,100.0,100.0,100.0,0.0,0.0,0.0,0.0,0.0,0.0,0.0,0.0,0.0,0.0
MMM,alle,56,15.14,32.1,39.3,42.9,50.0,55.4,55.4,57.1,58.9,60.7,62.5,64.3,64.3,69.6,71.4,71.4,73.2,28.57,0.0,0.0,1.03,4.04,4.1,5.15,6.59,7.58,8.89,9.1
MMM,Tief 1,24,22.98,25.0,29.2,33.3,41.7,50.0,50.0,54.2,54.2,54.2,54.2,58.3,58.3,66.7,70.8,70.8,70.8,20.83,0.0,0.26,1.43,4.08,4.24,5.2,6.71,7.49,7.62,7.64
MMM,Tief 2,14,14.19,28.6,28.6,35.7,42.9,50.0,50.0,50.0,57.1,64.3,64.3,64.3,64.3,71.4,71.4,71.4,78.6,28.57,0.0,0.13,1.56,3.79,4.04,4.25,6.19,7.79,8.84,9.1
MMM,Tief 3,9,14.73,22.2,44.4,44.4,55.6,55.6,55.6,55.6,55.6,55.6,66.7,66.7,66.7,66.7,66.7,66.7,66.7,22.22,0.0,0.34,0.91,4.03,4.86,5.69,6.63,7.68,8.52,8.73
MMM,Tief 4,6,12.73,50.0,66.7,66.7,66.7,66.7,66.7,66.7,66.7,66.7,66.7,66.7,66.7,66.7,66.7,66.7,66.7,33.33,0.0,0.01,0.21,3.52,4.57,4.77,4.96,5.15,5.3,5.34
MMM,Tief 5,3,15.33,100.0,100.0,100.0,100.0,100.0,100.0,100.0,100.0,100.0,100.0,100.0,100.0,100.0,100.0,100.0,100.0,100.0,0.0,0.0,0.0,0.0,0.0,0.0,0.0,0.0,0.0,0.0
MNST,alle,54,36.49,33.3,37.0,40.7,42.6,50.0,53.7,55.6,59.3,59.3,59.3,61.1,61.1,63.0,68.5,68.5,72.2,29.63,0.0,0.0,1.25,4.38,4.87,5.33,7.01,10.47,18.8,19.84
MNST,Tief 1,25,29.91,24.0,28.0,36.0,40.0,48.0,52.0,56.0,60.0,60.0,60.0,60.0,60.0,64.0,64.0,64.0,64.0,24.0,0.0,0.43,1.46,5.3,6.1,6.86,8.51,9.64,17.41,19.84
MNST,Tief 2,13,36.23,38.5,46.2,46.2,46.2,53.8,53.8,53.8,53.8,53.8,53.8,53.8,53.8,53.8,69.2,69.2,76.9,38.46,0.0,0.0,1.24,3.97,4.67,6.49,10.55,14.29,17.16,17.88
MNST,Tief 3,6,41.96,33.3,33.3,33.3,33.3,50.0,50.0,50.0,50.0,50.0,50.0,50.0,50.0,50.0,50.0,50.0,50.0,33.33,0.0,0.31,2.76,4.55,4.64,4.72,4.79,4.87,4.93,4.94
MNST,Tief 4,5,41.21,20.0,20.0,20.0,20.0,20.0,40.0,40.0,40.0,40.0,40.0,60.0,60.0,60.0,80.0,80.0,100.0,20.0,0.5,1.25,2.65,3.26,3.38,3.51,3.63,3.76,3.85,3.88
MNST,Tief 5,3,38.44,66.7,66.7,66.7,66.7,66.7,66.7,66.7,100.0,100.0,100.0,100.0,100.0,100.0,100.0,100.0,100.0,33.33,0.04,0.09,0.18,1.08,1.26,1.44,1.62,1.8,1.94,1.98
MNST,Tief 6,2,41.42,100.0,100.0,100.0,100.0,100.0,100.0,100.0,100.0,100.0,100.0,100.0,100.0,100.0,100.0,100.0,100.0,50.0,0.02,0.04,0.09,0.13,0.14,0.15,0.16,0.16,0.17,0.17
MRK,alle,50,28.94,30.0,32.0,32.0,34.0,42.0,44.0,46.0,52.0,52.0,56.0,56.0,62.0,64.0,70.0,74.0,74.0,28.0,0.0,0.0,1.9,5.02,6.4,7.51,7.96,10.88,12.22,12.34
MRK,Tief 1,20,27.19,35.0,40.0,40.0,40.0,40.0,40.0,40.0,40.0,40.0,50.0,50.0,60.0,60.0,75.0,80.0,80.0,30.0,0.0,0.0,2.67,3.46,4.38,7.71,8.4,12.05,12.28,12.34
MRK,Tief 2,13,20.94,23.1,23.1,23.1,23.1,38.5,38.5,46.2,53.8,53.8,53.8,53.8,53.8,61.5,61.5,69.2,69.2,23.08,0.0,1.15,1.98,5.49,6.83,8.07,9.13,10.52,11.77,12.09
MRK,Tief 3,8,25.73,37.5,37.5,37.5,37.5,50.0,62.5,62.5,75.0,75.0,75.0,75.0,87.5,87.5,87.5,87.5,87.5,37.5,0.0,0.0,1.35,2.01,2.37,2.73,4.33,6.14,7.59,7.95
MRK,Tief 4,4,26.55,25.0,25.0,25.0,50.0,50.0,50.0,50.0,75.0,75.0,75.0,75.0,75.0,75.0,75.0,75.0,75.0,25.0,0.23,0.57,1.28,3.17,3.99,4.8,5.61,6.43,7.08,7.24
MRK,Tief 5,2,32.34,0.0,0.0,0.0,0.0,50.0,50.0,50.0,50.0,50.0,50.0,50.0,50.0,50.0,50.0,50.0,50.0,0.0,1.54,2.33,3.66,4.98,5.25,5.51,5.78,6.04,6.25,6.31
MRK,Tief 6,2,31.73,50.0,50.0,50.0,50.0,50.0,50.0,50.0,50.0,50.0,50.0,50.0,50.0,50.0,50.0,50.0,50.0,50.0,0.68,1.69,3.38,5.07,5.41,5.74,6.08,6.42,6.69,6.76
MRK,Tief 7,1,29.02,0.0,0.0,0.0,0.0,0.0,0.0,0.0,0.0,0.0,0.0,0.0,0.0,0.0,0.0,0.0,0.0,0.0,5.58,5.58,5.58,5.58,5.58,5.58,5.58,5.58,5.58,5.58
MRK.DE,alle,64,7.71,18.8,23.4,26.6,31.2,32.8,35.9,39.1,42.2,48.4,50.0,50.0,51.6,51.6,53.1,56.2,56.2,15.62,0.0,0.6,2.65,5.74,6.16,6.46,8.77,10.4,14.62,16.98
MRK.DE,Tief 1,24,7.48,8.3,16.7,20.8,25.0,29.2,29.2,29.2,33.3,50.0,50.0,50.0,54.2,54.2,54.2,54.2,54.2,8.33,0.41,0.95,2.57,6.69,8.35,9.27,10.18,11.5,15.75,16.98
MRK.DE,Tief 2,16,7.65,31.2,37.5,37.5,43.8,43.8,43.8,50.0,56.2,56.2,62.5,62.5,62.5,62.5,62.5,68.8,68.8,31.25,0.0,0.0,1.72,6.11,6.21,6.3,6.94,8.97,12.38,13.23
MRK.DE,Tief 3,8,7.72,12.5,12.5,25.0,25.0,25.0,37.5,37.5,37.5,37.5,37.5,37.5,37.5,37.5,37.5,37.5,37.5,12.5,0.43,1.18,5.23,5.92,6.22,6.53,7.48,8.54,9.39,9.61
MRK.DE,Tief 4,7,8.38,28.6,28.6,28.6,28.6,28.6,42.9,42.9,42.9,42.9,42.9,42.9,42.9,42.9,42.9,42.9,42.9,28.57,0.0,0.68,5.44,5.54,5.58,5.65,5.81,5.97,6.1,6.14
MRK.DE,Tief 5,4,6.96,25.0,25.0,25.0,25.0,25.0,25.0,25.0,25.0,25.0,25.0,25.0,25.0,25.0,25.0,25.0,25.0,0.0,1.27,3.04,4.1,4.44,4.6,4.76,4.92,5.08,5.21,5.24
MRK.DE,Tief 6,2,14.7,0.0,0.0,0.0,0.0,0.0,0.0,0.0,0.0,0.0,0.0,0.0,0.0,0.0,50.0,100.0,100.0,0.0,3.37,3.42,3.5,3.58,3.6,3.62,3.63,3.65,3.66,3.67
MRK.DE,Tief 7,2,10.94,0.0,0.0,0.0,50.0,50.0,50.0,100.0,100.0,100.0,100.0,100.0,100.0,100.0,100.0,100.0,100.0,0.0,0.88,1.02,1.23,1.45,1.5,1.54,1.59,1.63,1.66,1.67
MRK.DE,Tief 8,1,7.74,100.0,100.0,100.0,100.0,100.0,100.0,100.0,100.0,100.0,100.0,100.0,100.0,100.0,100.0,100.0,100.0,0.0,0.15,0.15,0.15,0.15,0.15,0.15,0.15,0.15,0.15,0.15
MRNA,alle,57,44.21,19.3,24.6,28.1,36.8,40.4,43.9,45.6,47.4,52.6,57.9,63.2,68.4,68.4,70.2,75.4,75.4,15.79,0.0,0.71,2.06,3.68,6.41,7.32,8.34,9.59,11.07,11.24
MRNA,Tief 1,20,30.16,30.0,30.0,35.0,40.0,45.0,50.0,55.0,60.0,60.0,60.0,60.0,65.0,65.0,70.0,80.0,80.0,20.0,0.0,0.19,1.48,3.66,4.22,6.39,6.52,7.48,7.9,8.01
MRNA,Tief 2,11,45.25,9.1,27.3,36.4,45.5,54.5,54.5,54.5,54.5,72.7,72.7,72.7,81.8,81.8,81.8,90.9,90.9,9.09,0.34,0.55,1.24,2.42,2.77,3.21,3.64,6.08,8.03,8.52
MRNA,Tief 3,7,25.96,14.3,14.3,14.3,14.3,14.3,28.6,28.6,28.6,28.6,57.1,71.4,71.4,71.4,71.4,71.4,71.4,14.29,0.86,1.88,2.38,5.48,7.12,8.52,9.43,10.33,11.06,11.24
MRNA,Tief 4,5,21.78,40.0,40.0,40.0,60.0,60.0,60.0,60.0,60.0,60.0,80.0,80.0,80.0,80.0,80.0,80.0,80.0,40.0,0.0,0.0,0.96,2.41,3.02,3.63,4.24,4.85,5.34,5.46
MRNA,Tief 5,3,96.37,0.0,0.0,0.0,66.7,66.7,66.7,66.7,66.7,66.7,66.7,66.7,66.7,66.7,66.7,66.7,66.7,0.0,0.79,0.84,0.93,5.93,6.94,7.94,8.94,9.94,10.74,10.94
MRNA,Tief 6,2,61.28,0.0,50.0,50.0,50.0,50.0,50.0,50.0,50.0,50.0,50.0,50.0,50.0,50.0,50.0,50.0,50.0,0.0,1.14,2.14,3.8,5.46,5.79,6.12,6.45,6.78,7.05,7.12
MRNA,Tief 7,2,65.56,50.0,50.0,50.0,50.0,50.0,50.0,50.0,50.0,50.0,50.0,50.0,50.0,50.0,50.0,50.0,50.0,50.0,0.66,1.66,3.32,4.98,5.31,5.64,5.97,6.3,6.57,6.64
MRNA,Tief 8,1,50.36,0.0,0.0,0.0,0.0,0.0,0.0,0.0,0.0,0.0,0.0,0.0,0.0,0.0,0.0,0.0,0.0,0.0,9.38,9.38,9.38,9.38,9.38,9.38,9.38,9.38,9.38,9.38
MRNA,Tief 9,1,63.3,0.0,0.0,0.0,0.0,0.0,0.0,0.0,0.0,0.0,0.0,0.0,0.0,0.0,0.0,0.0,0.0,0.0,10.41,10.41,10.41,10.41,10.41,10.41,10.41,10.41,10.41,10.41
MRNA,Tief 10,1,60.56,0.0,0.0,0.0,0.0,0.0,0.0,0.0,0.0,0.0,0.0,0.0,0.0,0.0,0.0,0.0,0.0,0.0,9.06,9.06,9.06,9.06,9.06,9.06,9.06,9.06,9.06,9.06
MRNA,Tief 11,1,44.21,0.0,0.0,0.0,0.0,0.0,0.0,0.0,0.0,100.0,100.0,100.0,100.0,100.0,100.0,100.0,100.0,0.0,2.11,2.11,2.11,2.11,2.11,2.11,2.11,2.11,2.11,2.11
MRNA,Tief 12,1,47.68,0.0,0.0,0.0,0.0,0.0,0.0,0.0,0.0,0.0,0.0,0.0,100.0,100.0,100.0,100.0,100.0,0.0,2.95,2.95,2.95,2.95,2.95,2.95,2.95,2.95,2.95,2.95
MRNA,Tief 13,1,53.42,0.0,0.0,0.0,0.0,0.0,0.0,0.0,0.0,0.0,0.0,100.0,100.0,100.0,100.0,100.0,100.0,0.0,2.62,2.62,2.62,2.62,2.62,2.62,2.62,2.62,2.62,2.62
MRNA,Tief 14,1,58.74,0.0,0.0,0.0,0.0,0.0,0.0,0.0,0.0,0.0,0.0,100.0,100.0,100.0,100.0,100.0,100.0,0.0,2.57,2.57,2.57,2.57,2.57,2.57,2.57,2.57,2.57,2.57
MRVL,alle,48,73.25,37.5,41.7,45.8,45.8,45.8,52.1,56.2,58.3,66.7,75.0,79.2,79.2,83.3,85.4,87.5,89.6,31.25,0.0,0.0,1.42,2.47,2.87,3.46,3.96,4.92,8.31,8.76
MRVL,Tief 1,25,71.83,36.0,44.0,44.0,44.0,44.0,48.0,56.0,60.0,68.0,72.0,76.0,76.0,76.0,80.0,84.0,84.0,24.0,0.0,0.06,1.55,2.58,3.48,3.73,4.14,7.08,8.53,8.76
MRVL,Tief 2,15,82.65,33.3,33.3,40.0,40.0,40.0,40.0,40.0,40.0,53.3,73.3,80.0,80.0,93.3,93.3,93.3,93.3,33.33,0.0,0.0,2.24,2.51,2.68,3.01,3.14,3.83,5.01,5.31
MRVL,Tief 3,6,79.82,50.0,50.0,50.0,50.0,50.0,83.3,83.3,83.3,83.3,83.3,83.3,83.3,83.3,83.3,83.3,100.0,50.0,0.0,0.0,0.69,1.44,1.46,2.08,2.69,3.31,3.8,3.92
MRVL,Tief 4,2,57.6,50.0,50.0,100.0,100.0,100.0,100.0,100.0,100.0,100.0,100.0,100.0,100.0,100.0,100.0,100.0,100.0,50.0,0.05,0.14,0.27,0.41,0.43,0.46,0.49,0.51,0.53,0.54
MSFT,alle,57,15.02,19.3,22.8,24.6,28.1,31.6,35.1,36.8,38.6,42.1,45.6,52.6,59.6,63.2,64.9,64.9,66.7,19.3,0.0,0.76,2.57,5.62,5.67,6.53,8.19,8.65,9.36,9.67
MSFT,Tief 1,31,14.65,25.8,29.0,32.3,35.5,38.7,38.7,41.9,45.2,48.4,51.6,61.3,64.5,71.0,71.0,71.0,71.0,25.81,0.0,0.14,2.26,4.33,5.62,6.19,8.13,9.07,9.51,9.67
MSFT,Tief 2,11,15.49,0.0,0.0,0.0,9.1,18.2,27.3,27.3,27.3,27.3,27.3,36.4,45.5,45.5,45.5,45.5,45.5,0.0,1.03,1.94,4.3,5.67,5.68,6.32,6.96,7.62,8.15,8.28
MSFT,Tief 3,9,15.79,11.1,11.1,11.1,11.1,11.1,22.2,22.2,22.2,22.2,22.2,22.2,33.3,33.3,44.4,44.4,55.6,11.11,1.04,2.86,3.79,6.32,7.14,7.95,8.4,8.48,8.55,8.56
MSFT,Tief 4,4,17.47,25.0,50.0,50.0,50.0,50.0,50.0,50.0,50.0,75.0,75.0,75.0,100.0,100.0,100.0,100.0,100.0,25.0,0.12,0.29,1.3,2.36,2.45,2.54,2.63,2.72,2.79,2.81
MSFT,Tief 5,2,12.37,50.0,50.0,50.0,50.0,50.0,50.0,50.0,50.0,50.0,100.0,100.0,100.0,100.0,100.0,100.0,100.0,50.0,0.25,0.62,1.23,1.85,1.97,2.09,2.21,2.34,2.44,2.46
MSTR,alle,57,6.68,24.6,24.6,28.1,31.6,35.1,35.1,42.1,45.6,49.1,52.6,52.6,56.1,59.6,61.4,63.2,64.9,19.3,0.0,0.57,2.3,5.27,5.6,6.97,7.46,7.93,9.71,10.44
MSTR,Tief 1,22,19.82,22.7,22.7,22.7,27.3,31.8,31.8,40.9,40.9,50.0,54.5,54.5,59.1,63.6,63.6,63.6,68.2,18.18,0.0,0.9,2.22,4.25,5.0,5.35,5.62,6.88,7.43,7.56
MSTR,Tief 2,12,12.34,25.0,25.0,41.7,41.7,50.0,50.0,58.3,66.7,66.7,75.0,75.0,75.0,75.0,83.3,83.3,83.3,25.0,0.0,0.43,1.3,2.56,3.1,3.63,4.16,5.49,6.69,6.99
MSTR,Tief 3,7,26.08,28.6,28.6,28.6,42.9,42.9,42.9,57.1,57.1,57.1,57.1,57.1,71.4,71.4,71.4,71.4,71.4,14.29,0.12,0.48,1.65,3.91,4.56,5.18,5.72,6.26,6.69,6.8
MSTR,Tief 4,6,22.77,50.0,50.0,50.0,50.0,50.0,50.0,50.0,66.7,66.7,66.7,66.7,66.7,66.7,66.7,66.7,66.7,33.33,0.0,0.0,0.94,4.42,5.27,5.91,6.55,7.18,7.69,7.82
MSTR,Tief 5,2,3.8,50.0,50.0,50.0,50.0,50.0,50.0,50.0,50.0,50.0,50.0,50.0,50.0,50.0,50.0,50.0,50.0,50.0,1.04,2.61,5.22,7.83,8.35,8.87,9.39,9.92,10.33,10.44
MSTR,Tief 6,1,2.56,0.0,0.0,0.0,0.0,0.0,0.0,0.0,0.0,0.0,0.0,0.0,0.0,0.0,0.0,0.0,0.0,0.0,9.14,9.14,9.14,9.14,9.14,9.14,9.14,9.14,9.14,9.14
MSTR,Tief 7,1,0.57,0.0,0.0,0.0,0.0,0.0,0.0,0.0,0.0,0.0,0.0,0.0,0.0,0.0,0.0,0.0,0.0,0.0,7.76,7.76,7.76,7.76,7.76,7.76,7.76,7.76,7.76,7.76
MSTR,Tief 8,1,0.24,0.0,0.0,0.0,0.0,0.0,0.0,0.0,0.0,0.0,0.0,0.0,0.0,0.0,0.0,0.0,0.0,0.0,7.32,7.32,7.32,7.32,7.32,7.32,7.32,7.32,7.32,7.32
MSTR,Tief 9,1,0.45,0.0,0.0,0.0,0.0,0.0,0.0,0.0,0.0,0.0,0.0,0.0,0.0,0.0,0.0,0.0,0.0,0.0,8.38,8.38,8.38,8.38,8.38,8.38,8.38,8.38,8.38,8.38
MSTR,Tief 10,1,0.71,0.0,0.0,0.0,0.0,0.0,0.0,0.0,0.0,0.0,0.0,0.0,0.0,0.0,0.0,0.0,0.0,0.0,7.39,7.39,7.39,7.39,7.39,7.39,7.39,7.39,7.39,7.39
MSTR,Tief 11,1,0.44,0.0,0.0,0.0,0.0,0.0,0.0,0.0,0.0,0.0,0.0,0.0,0.0,0.0,0.0,0.0,0.0,0.0,5.34,5.34,5.34,5.34,5.34,5.34,5.34,5.34,5.34,5.34
MSTR,Tief 12,1,1.36,0.0,0.0,0.0,0.0,0.0,0.0,0.0,0.0,0.0,0.0,0.0,0.0,0.0,0.0,100.0,100.0,0.0,3.71,3.71,3.71,3.71,3.71,3.71,3.71,3.71,3.71,3.71
MSTR,Tief 13,1,1.07,0.0,0.0,0.0,0.0,0.0,0.0,0.0,0.0,0.0,0.0,0.0,0.0,100.0,100.0,100.0,100.0,0.0,3.23,3.23,3.23,3.23,3.23,3.23,3.23,3.23,3.23,3.23
MTX.DE,alle,49,11.43,32.7,32.7,40.8,44.9,49.0,51.0,51.0,53.1,59.2,63.3,63.3,69.4,71.4,73.5,73.5,77.6,26.53,0.0,0.0,1.35,3.8,4.33,5.28,6.6,9.72,11.97,12.64
MTX.DE,Tief 1,25,12.33,32.0,32.0,44.0,44.0,48.0,52.0,52.0,52.0,52.0,56.0,56.0,64.0,64.0,68.0,68.0,76.0,28.0,0.0,0.0,1.35,3.99,5.11,8.98,9.72,11.0,12.31,12.64
MTX.DE,Tief 2,12,13.47,41.7,41.7,50.0,50.0,50.0,50.0,50.0,50.0,66.7,66.7,66.7,75.0,83.3,83.3,83.3,83.3,25.0,0.0,0.11,1.35,2.92,3.13,3.97,5.19,5.7,5.99,6.07
MTX.DE,Tief 3,6,12.56,33.3,33.3,33.3,33.3,50.0,50.0,50.0,50.0,50.0,66.7,66.7,66.7,66.7,66.7,66.7,66.7,33.33,0.0,0.29,1.81,4.0,4.51,4.83,5.14,5.46,5.71,5.77
MTX.DE,Tief 4,3,6.17,0.0,0.0,0.0,33.3,33.3,33.3,33.3,33.3,66.7,66.7,66.7,66.7,66.7,66.7,66.7,66.7,0.0,1.14,1.55,2.23,3.5,3.75,4.01,4.26,4.52,4.72,4.77
MTX.DE,Tief 5,3,7.19,33.3,33.3,33.3,66.7,66.7,66.7,66.7,100.0,100.0,100.0,100.0,100.0,100.0,100.0,100.0,100.0,33.33,0.16,0.41,0.81,1.37,1.49,1.6,1.71,1.82,1.91,1.93
MU,alle,59,250.59,37.3,40.7,45.8,47.5,52.5,54.2,54.2,61.0,64.4,66.1,71.2,74.6,79.7,83.1,84.7,88.1,32.2,0.0,0.0,1.16,3.02,3.29,3.75,4.74,8.2,10.86,11.52
MU,Tief 1,27,237.14,29.6,37.0,44.4,48.1,55.6,55.6,55.6,59.3,59.3,59.3,70.4,74.1,77.8,85.2,85.2,92.6,25.93,0.0,0.1,1.04,2.98,3.34,3.44,3.77,7.01,10.71,11.52
MU,Tief 2,14,240.8,35.7,35.7,42.9,42.9,42.9,42.9,42.9,50.0,64.3,64.3,64.3,71.4,85.7,85.7,85.7,85.7,35.71,0.0,0.0,2.0,3.09,3.18,3.38,5.56,7.9,9.89,10.39
MU,Tief 3,8,247.35,37.5,37.5,37.5,37.5,37.5,37.5,37.5,62.5,62.5,75.0,75.0,75.0,75.0,75.0,75.0,75.0,37.5,0.0,0.0,1.82,3.3,4.6,5.9,6.71,7.45,8.04,8.18
MU,Tief 4,4,261.42,25.0,25.0,25.0,25.0,50.0,75.0,75.0,75.0,75.0,75.0,75.0,75.0,75.0,75.0,75.0,75.0,25.0,0.35,0.87,1.29,2.17,2.62,3.06,3.51,3.96,4.32,4.41
MU,Tief 5,3,308.41,66.7,66.7,66.7,66.7,66.7,66.7,66.7,66.7,66.7,66.7,66.7,66.7,66.7,66.7,100.0,100.0,66.67,0.0,0.0,0.0,1.87,2.25,2.62,2.99,3.37,3.67,3.74
MU,Tief 6,1,194.13,100.0,100.0,100.0,100.0,100.0,100.0,100.0,100.0,100.0,100.0,100.0,100.0,100.0,100.0,100.0,100.0,0.0,0.13,0.13,0.13,0.13,0.13,0.13,0.13,0.13,0.13,0.13
MU,Tief 7,1,293.22,100.0,100.0,100.0,100.0,100.0,100.0,100.0,100.0,100.0,100.0,100.0,100.0,100.0,100.0,100.0,100.0,0.0,0.19,0.19,0.19,0.19,0.19,0.19,0.19,0.19,0.19,0.19
MU,Tief 8,1,282.72,100.0,100.0,100.0,100.0,100.0,100.0,100.0,100.0,100.0,100.0,100.0,100.0,100.0,100.0,100.0,100.0,100.0,0.0,0.0,0.0,0.0,0.0,0.0,0.0,0.0,0.0,0.0
MUV2.DE,alle,50,9.15,20.0,26.0,28.0,30.0,34.0,34.0,34.0,42.0,48.0,54.0,60.0,66.0,70.0,72.0,74.0,76.0,20.0,0.0,0.43,2.37,3.73,4.31,4.75,5.49,5.81,7.4,8.5
MUV2.DE,Tief 1,25,16.89,8.0,16.0,16.0,20.0,20.0,20.0,20.0,24.0,36.0,40.0,40.0,48.0,56.0,56.0,56.0,60.0,8.0,0.34,2.01,3.09,5.09,5.49,5.52,5.84,6.21,7.96,8.5
MUV2.DE,Tief 2,15,7.06,26.7,33.3,33.3,33.3,33.3,33.3,33.3,53.3,53.3,60.0,73.3,80.0,80.0,80.0,86.7,86.7,26.67,0.0,0.16,2.0,2.82,3.03,3.45,3.93,4.25,4.3,4.31
MUV2.DE,Tief 3,6,10.6,33.3,33.3,33.3,33.3,50.0,50.0,50.0,50.0,50.0,66.7,83.3,83.3,83.3,100.0,100.0,100.0,33.33,0.0,0.3,1.78,2.5,2.54,2.72,2.91,3.09,3.24,3.28
MUV2.DE,Tief 4,2,10.0,50.0,50.0,50.0,50.0,100.0,100.0,100.0,100.0,100.0,100.0,100.0,100.0,100.0,100.0,100.0,100.0,50.0,0.11,0.29,0.57,0.86,0.92,0.97,1.03,1.09,1.13,1.15
MUV2.DE,Tief 5,1,5.18,0.0,0.0,100.0,100.0,100.0,100.0,100.0,100.0,100.0,100.0,100.0,100.0,100.0,100.0,100.0,100.0,0.0,0.55,0.55,0.55,0.55,0.55,0.55,0.55,0.55,0.55,0.55
MUV2.DE,Tief 6,1,5.9,100.0,100.0,100.0,100.0,100.0,100.0,100.0,100.0,100.0,100.0,100.0,100.0,100.0,100.0,100.0,100.0,100.0,0.0,0.0,0.0,0.0,0.0,0.0,0.0,0.0,0.0,0.0
NFLX,alle,63,20.58,22.2,22.2,25.4,27.0,30.2,36.5,38.1,41.3,41.3,47.6,50.8,54.0,57.1,58.7,61.9,63.5,17.46,0.0,0.8,2.63,5.15,6.37,7.98,8.06,8.83,9.83,10.17
NFLX,Tief 1,26,35.33,11.5,11.5,15.4,15.4,19.2,26.9,30.8,30.8,30.8,38.5,42.3,46.2,50.0,50.0,57.7,61.5,7.69,0.28,1.5,3.34,5.02,5.21,6.05,7.99,8.68,9.85,10.17
NFLX,Tief 2,17,31.37,29.4,29.4,29.4,29.4,35.3,47.1,47.1,52.9,52.9,58.8,64.7,64.7,64.7,70.6,70.6,70.6,23.53,0.0,0.09,1.92,4.24,4.32,6.54,8.05,8.25,8.74,8.86
NFLX,Tief 3,10,17.59,30.0,30.0,40.0,50.0,50.0,50.0,50.0,50.0,50.0,60.0,60.0,70.0,70.0,70.0,70.0,70.0,30.0,0.0,0.17,1.64,5.91,7.17,7.66,8.1,8.32,8.5,8.54
NFLX,Tief 4,4,13.65,50.0,50.0,50.0,50.0,50.0,50.0,50.0,50.0,50.0,50.0,50.0,50.0,50.0,50.0,50.0,50.0,25.0,0.03,0.09,2.31,5.79,6.56,7.33,8.09,8.86,9.47,9.63
NFLX,Tief 5,1,4.89,0.0,0.0,0.0,0.0,0.0,0.0,0.0,0.0,0.0,0.0,0.0,0.0,0.0,0.0,0.0,0.0,0.0,5.51,5.51,5.51,5.51,5.51,5.51,5.51,5.51,5.51,5.51
NFLX,Tief 6,1,9.9,0.0,0.0,0.0,0.0,0.0,0.0,0.0,0.0,0.0,0.0,0.0,0.0,0.0,0.0,0.0,0.0,0.0,8.0,8.0,8.0,8.0,8.0,8.0,8.0,8.0,8.0,8.0
NFLX,Tief 7,1,10.81,0.0,0.0,0.0,0.0,0.0,0.0,0.0,0.0,0.0,0.0,0.0,0.0,0.0,0.0,0.0,0.0,0.0,7.36,7.36,7.36,7.36,7.36,7.36,7.36,7.36,7.36,7.36
NFLX,Tief 8,1,9.96,0.0,0.0,0.0,0.0,0.0,0.0,0.0,0.0,0.0,0.0,0.0,0.0,100.0,100.0,100.0,100.0,0.0,3.02,3.02,3.02,3.02,3.02,3.02,3.02,3.02,3.02,3.02
NFLX,Tief 9,1,11.75,0.0,0.0,0.0,0.0,0.0,0.0,0.0,100.0,100.0,100.0,100.0,100.0,100.0,100.0,100.0,100.0,0.0,1.77,1.77,1.77,1.77,1.77,1.77,1.77,1.77,1.77,1.77
NFLX,Tief 10,1,11.46,100.0,100.0,100.0,100.0,100.0,100.0,100.0,100.0,100.0,100.0,100.0,100.0,100.0,100.0,100.0,100.0,100.0,0.0,0.0,0.0,0.0,0.0,0.0,0.0,0.0,0.0,0.0
NG=F,alle,63,26.79,25.4,30.2,33.3,34.9,39.7,47.6,52.4,54.0,60.3,63.5,69.8,69.8,76.2,79.4,79.4,82.5,19.05,0.0,0.3,1.55,3.17,3.67,4.22,4.74,5.31,8.01,8.06
NG=F,Tief 1,24,25.6,12.5,16.7,16.7,16.7,20.8,33.3,33.3,33.3,37.5,45.8,62.5,62.5,70.8,70.8,70.8,79.2,12.5,0.15,1.37,2.58,3.8,3.99,4.56,4.89,5.29,7.38,7.98
NG=F,Tief 2,17,28.16,29.4,35.3,41.2,41.2,47.1,47.1,52.9,52.9,64.7,64.7,64.7,64.7,70.6,82.4,82.4,82.4,17.65,0.0,0.18,1.55,3.35,3.46,3.92,4.26,5.02,7.23,7.78
NG=F,Tief 3,9,30.61,33.3,44.4,44.4,55.6,55.6,55.6,55.6,66.7,77.8,77.8,77.8,77.8,77.8,77.8,77.8,77.8,33.33,0.0,0.0,0.77,2.08,3.05,4.02,5.22,6.64,7.77,8.06
NG=F,Tief 4,7,36.04,14.3,14.3,28.6,28.6,42.9,42.9,71.4,71.4,71.4,71.4,71.4,71.4,85.7,85.7,85.7,85.7,0.0,0.46,0.84,1.51,2.37,2.75,3.18,3.72,4.26,4.69,4.8
NG=F,Tief 5,4,28.44,50.0,50.0,50.0,50.0,50.0,100.0,100.0,100.0,100.0,100.0,100.0,100.0,100.0,100.0,100.0,100.0,25.0,0.04,0.09,0.72,1.36,1.39,1.41,1.43,1.46,1.48,1.48
NG=F,Tief 6,2,27.2,100.0,100.0,100.0,100.0,100.0,100.0,100.0,100.0,100.0,100.0,100.0,100.0,100.0,100.0,100.0,100.0,100.0,0.0,0.0,0.0,0.0,0.0,0.0,0.0,0.0,0.0,0.0
NKE,alle,71,3.63,14.1,15.5,15.5,16.9,18.3,23.9,25.4,28.2,32.4,35.2,38.0,40.8,40.8,40.8,42.3,45.1,9.86,0.03,1.7,4.3,7.11,7.47,8.35,10.76,11.11,13.0,15.46
NKE,Tief 1,20,2.89,10.0,10.0,10.0,10.0,10.0,15.0,20.0,25.0,30.0,35.0,35.0,40.0,40.0,40.0,40.0,45.0,5.0,1.16,2.04,4.47,6.01,8.52,10.88,11.0,12.12,14.79,15.46
NKE,Tief 2,16,3.59,25.0,25.0,25.0,25.0,25.0,25.0,25.0,25.0,31.2,37.5,37.5,37.5,37.5,37.5,37.5,43.8,25.0,0.0,1.62,4.19,7.03,7.84,8.53,9.91,11.15,11.36,11.41
NKE,Tief 3,9,3.16,11.1,22.2,22.2,22.2,22.2,44.4,44.4,44.4,44.4,44.4,44.4,55.6,55.6,55.6,55.6,55.6,11.11,0.24,1.27,2.98,5.21,5.27,5.33,5.71,6.41,6.98,7.12
NKE,Tief 4,8,4.31,12.5,12.5,12.5,12.5,12.5,12.5,12.5,12.5,25.0,25.0,25.0,25.0,25.0,25.0,25.0,25.0,0.0,1.56,3.57,5.22,6.64,6.85,7.07,8.15,9.38,10.36,10.6
NKE,Tief 5,5,5.22,0.0,0.0,0.0,0.0,0.0,0.0,0.0,0.0,0.0,0.0,20.0,20.0,20.0,20.0,40.0,40.0,0.0,2.91,3.5,4.69,7.22,7.81,8.4,8.99,9.58,10.05,10.17
NKE,Tief 6,3,5.99,33.3,33.3,33.3,33.3,33.3,33.3,33.3,66.7,66.7,66.7,66.7,66.7,66.7,66.7,66.7,66.7,0.0,0.38,0.91,1.79,6.27,7.17,8.07,8.96,9.86,10.58,10.76
NKE,Tief 7,3,5.99,33.3,33.3,33.3,33.3,33.3,33.3,33.3,33.3,33.3,33.3,66.7,66.7,66.7,66.7,66.7,66.7,33.33,0.52,1.31,2.62,6.89,7.74,8.59,9.45,10.3,10.98,11.15
NKE,Tief 8,1,0.73,0.0,0.0,0.0,0.0,0.0,0.0,0.0,0.0,0.0,0.0,0.0,0.0,0.0,0.0,0.0,0.0,0.0,6.75,6.75,6.75,6.75,6.75,6.75,6.75,6.75,6.75,6.75
NKE,Tief 9,1,0.53,0.0,0.0,0.0,0.0,0.0,0.0,0.0,0.0,0.0,0.0,0.0,0.0,0.0,0.0,0.0,0.0,0.0,7.33,7.33,7.33,7.33,7.33,7.33,7.33,7.33,7.33,7.33
NKE,Tief 10,1,0.5,0.0,0.0,0.0,0.0,0.0,0.0,0.0,0.0,0.0,0.0,0.0,0.0,0.0,0.0,0.0,0.0,0.0,7.49,7.49,7.49,7.49,7.49,7.49,7.49,7.49,7.49,7.49
NKE,Tief 11,1,0.2,0.0,0.0,0.0,0.0,0.0,0.0,0.0,0.0,0.0,0.0,0.0,0.0,0.0,0.0,0.0,0.0,0.0,7.47,7.47,7.47,7.47,7.47,7.47,7.47,7.47,7.47,7.47
NKE,Tief 12,1,1.92,0.0,0.0,0.0,0.0,0.0,100.0,100.0,100.0,100.0,100.0,100.0,100.0,100.0,100.0,100.0,100.0,0.0,1.49,1.49,1.49,1.49,1.49,1.49,1.49,1.49,1.49,1.49
NKE,Tief 13,1,2.35,0.0,0.0,0.0,0.0,100.0,100.0,100.0,100.0,100.0,100.0,100.0,100.0,100.0,100.0,100.0,100.0,0.0,1.04,1.04,1.04,1.04,1.04,1.04,1.04,1.04,1.04,1.04
NKE,Tief 14,1,1.79,0.0,0.0,0.0,100.0,100.0,100.0,100.0,100.0,100.0,100.0,100.0,100.0,100.0,100.0,100.0,100.0,0.0,0.9,0.9,0.9,0.9,0.9,0.9,0.9,0.9,0.9,0.9
NVDA,alle,51,20.59,39.2,43.1,49.0,51.0,58.8,64.7,68.6,70.6,74.5,78.4,78.4,80.4,82.4,84.3,84.3,86.3,35.29,0.0,0.0,0.99,2.26,2.95,3.68,4.71,4.8,6.11,7.07
NVDA,Tief 1,28,20.96,39.3,46.4,53.6,53.6,57.1,64.3,71.4,71.4,78.6,78.6,78.6,82.1,82.1,82.1,82.1,82.1,32.14,0.0,0.0,0.7,2.07,2.65,3.99,4.76,5.05,6.55,7.07
NVDA,Tief 2,11,17.91,27.3,27.3,27.3,36.4,54.5,63.6,63.6,63.6,63.6,72.7,72.7,72.7,81.8,81.8,81.8,90.9,27.27,0.0,0.49,1.22,2.81,3.23,3.59,3.95,4.34,4.65,4.73
NVDA,Tief 3,8,20.91,37.5,37.5,50.0,50.0,62.5,62.5,62.5,75.0,75.0,87.5,87.5,87.5,87.5,87.5,87.5,87.5,37.5,0.0,0.0,0.88,1.97,2.13,2.29,3.04,3.89,4.57,4.74
NVDA,Tief 4,3,15.53,66.7,66.7,66.7,66.7,66.7,66.7,66.7,66.7,66.7,66.7,66.7,66.7,66.7,100.0,100.0,100.0,66.67,0.0,0.0,0.0,1.71,2.05,2.39,2.73,3.07,3.34,3.41
NVDA,Tief 5,1,23.3,100.0,100.0,100.0,100.0,100.0,100.0,100.0,100.0,100.0,100.0,100.0,100.0,100.0,100.0,100.0,100.0,100.0,0.0,0.0,0.0,0.0,0.0,0.0,0.0,0.0,0.0,0.0
NXPI,alle,60,17.97,20.0,26.7,30.0,35.0,36.7,38.3,38.3,38.3,46.7,53.3,56.7,56.7,58.3,61.7,63.3,65.0,15.0,0.0,0.43,2.31,5.32,5.6,6.12,6.74,9.77,10.22,10.63
NXPI,Tief 1,22,17.43,18.2,18.2,18.2,22.7,22.7,22.7,22.7,22.7,36.4,40.9,45.5,45.5,50.0,54.5,59.1,63.6,9.09,0.1,2.04,3.26,5.43,6.0,6.49,6.62,7.78,10.04,10.63
NXPI,Tief 2,17,15.92,11.8,23.5,29.4,35.3,35.3,41.2,41.2,41.2,47.1,58.8,58.8,58.8,58.8,64.7,64.7,64.7,5.88,0.3,0.66,2.27,4.97,5.28,5.54,5.75,6.66,9.15,9.77
NXPI,Tief 3,14,19.35,35.7,42.9,50.0,50.0,50.0,50.0,50.0,50.0,57.1,64.3,71.4,71.4,71.4,71.4,71.4,71.4,35.71,0.0,0.0,1.33,4.63,5.36,5.48,5.97,7.51,9.45,9.93
NXPI,Tief 4,5,20.98,0.0,20.0,20.0,40.0,60.0,60.0,60.0,60.0,60.0,60.0,60.0,60.0,60.0,60.0,60.0,60.0,0.0,0.56,0.79,1.02,4.87,5.44,6.01,6.57,7.14,7.59,7.71
NXPI,Tief 5,2,19.58,50.0,50.0,50.0,50.0,50.0,50.0,50.0,50.0,50.0,50.0,50.0,50.0,50.0,50.0,50.0,50.0,50.0,0.98,2.45,4.89,7.34,7.83,8.32,8.81,9.29,9.69,9.78
ODFL,alle,46,10.45,26.1,28.3,28.3,34.8,39.1,41.3,47.8,47.8,52.2,54.3,58.7,63.0,65.2,65.2,69.6,71.7,19.57,0.0,0.21,2.08,4.23,4.36,4.97,6.12,7.29,8.42,8.77
ODFL,Tief 1,19,8.03,26.3,26.3,26.3,36.8,42.1,42.1,42.1,42.1,47.4,52.6,57.9,57.9,63.2,63.2,68.4,68.4,21.05,0.0,0.47,2.38,4.74,5.33,6.27,7.06,8.07,8.63,8.77
ODFL,Tief 2,11,10.63,27.3,36.4,36.4,36.4,36.4,36.4,36.4,36.4,36.4,36.4,45.5,54.5,54.5,54.5,54.5,54.5,27.27,0.0,0.17,2.95,4.83,5.29,5.76,6.22,6.83,7.32,7.45
ODFL,Tief 3,8,9.64,12.5,12.5,12.5,12.5,12.5,25.0,62.5,62.5,62.5,62.5,62.5,75.0,75.0,75.0,75.0,87.5,12.5,0.92,1.46,1.66,3.09,3.4,3.72,3.92,4.11,4.26,4.3
ODFL,Tief 4,4,15.6,0.0,0.0,0.0,25.0,50.0,50.0,50.0,50.0,75.0,75.0,75.0,75.0,75.0,75.0,100.0,100.0,0.0,1.0,1.12,1.61,2.46,2.71,2.96,3.2,3.45,3.65,3.7
ODFL,Tief 5,3,12.29,66.7,66.7,66.7,66.7,66.7,66.7,66.7,66.7,66.7,66.7,66.7,66.7,66.7,66.7,66.7,66.7,33.33,0.02,0.05,0.11,2.09,2.48,2.88,3.27,3.67,3.98,4.06
ODFL,Tief 6,1,9.94,100.0,100.0,100.0,100.0,100.0,100.0,100.0,100.0,100.0,100.0,100.0,100.0,100.0,100.0,100.0,100.0,0.0,0.01,0.01,0.01,0.01,0.01,0.01,0.01,0.01,0.01,0.01
ON,alle,63,27.37,17.5,19.0,22.2,23.8,25.4,27.0,30.2,34.9,38.1,39.7,41.3,42.9,44.4,47.6,49.2,52.4,11.11,0.02,1.17,3.76,6.2,7.22,8.2,8.84,9.92,11.57,12.69
ON,Tief 1,21,27.96,19.0,19.0,19.0,19.0,23.8,28.6,33.3,38.1,47.6,47.6,52.4,52.4,57.1,57.1,61.9,66.7,9.52,0.1,1.31,2.56,4.07,4.32,4.76,5.88,6.04,7.85,8.3
ON,Tief 2,13,24.88,15.4,23.1,30.8,30.8,30.8,30.8,38.5,38.5,38.5,46.2,46.2,53.8,53.8,61.5,61.5,61.5,15.38,0.07,0.69,2.95,5.32,5.42,6.07,7.84,9.41,10.59,10.89
ON,Tief 3,10,25.96,20.0,20.0,20.0,30.0,30.0,30.0,30.0,40.0,40.0,40.0,40.0,40.0,40.0,50.0,50.0,60.0,0.0,0.21,1.17,3.56,6.91,7.26,7.65,8.14,8.95,9.6,9.76
ON,Tief 4,6,28.42,16.7,16.7,33.3,33.3,33.3,33.3,33.3,50.0,50.0,50.0,50.0,50.0,50.0,50.0,50.0,50.0,16.67,0.25,0.84,2.93,8.56,10.08,10.73,11.38,12.04,12.56,12.69
ON,Tief 5,3,29.94,33.3,33.3,33.3,33.3,33.3,33.3,33.3,33.3,33.3,33.3,33.3,33.3,33.3,33.3,33.3,33.3,33.33,1.67,4.19,8.37,8.65,8.71,8.77,8.82,8.88,8.92,8.94
ON,Tief 6,2,25.22,0.0,0.0,0.0,0.0,0.0,0.0,0.0,0.0,0.0,0.0,0.0,0.0,0.0,0.0,0.0,0.0,0.0,7.61,7.95,8.51,9.08,9.19,9.3,9.42,9.53,9.62,9.64
ON,Tief 7,2,29.68,0.0,0.0,0.0,0.0,0.0,0.0,0.0,0.0,0.0,0.0,0.0,0.0,0.0,0.0,0.0,0.0,0.0,6.91,7.41,8.26,9.1,9.27,9.44,9.6,9.77,9.91,9.94
ON,Tief 8,2,27.58,0.0,0.0,0.0,0.0,0.0,0.0,0.0,0.0,0.0,0.0,0.0,0.0,0.0,0.0,0.0,0.0,0.0,6.03,6.24,6.6,6.96,7.03,7.1,7.17,7.24,7.3,7.32
ON,Tief 9,2,26.0,50.0,50.0,50.0,50.0,50.0,50.0,50.0,50.0,50.0,50.0,50.0,50.0,50.0,50.0,50.0,50.0,50.0,0.53,1.33,2.65,3.98,4.25,4.51,4.78,5.04,5.26,5.31
ON,Tief 10,1,35.74,0.0,0.0,0.0,0.0,0.0,0.0,0.0,0.0,0.0,0.0,0.0,0.0,0.0,0.0,0.0,0.0,0.0,4.91,4.91,4.91,4.91,4.91,4.91,4.91,4.91,4.91,4.91
ON,Tief 11,1,38.24,0.0,0.0,0.0,0.0,0.0,0.0,0.0,0.0,0.0,0.0,0.0,0.0,0.0,0.0,0.0,0.0,0.0,4.44,4.44,4.44,4.44,4.44,4.44,4.44,4.44,4.44,4.44
ORCL,alle,61,30.13,19.7,21.3,21.3,24.6,26.2,27.9,29.5,31.1,31.1,32.8,34.4,36.1,37.7,37.7,41.0,45.9,16.39,0.0,1.11,4.19,6.75,6.81,7.03,8.13,8.7,9.64,10.02
ORCL,Tief 1,24,35.31,20.8,20.8,20.8,25.0,25.0,29.2,33.3,33.3,33.3,33.3,37.5,41.7,41.7,41.7,41.7,45.8,20.83,0.0,1.14,4.42,6.56,6.75,6.91,7.81,8.61,8.85,8.9
ORCL,Tief 2,14,34.45,14.3,14.3,14.3,21.4,21.4,21.4,21.4,21.4,21.4,21.4,21.4,21.4,21.4,21.4,28.6,35.7,14.29,0.27,3.59,5.67,6.78,6.9,7.12,8.2,9.16,9.85,10.02
ORCL,Tief 3,10,31.22,10.0,20.0,20.0,20.0,20.0,20.0,20.0,30.0,30.0,30.0,30.0,30.0,40.0,40.0,40.0,40.0,10.0,0.23,2.22,6.02,6.97,7.06,7.2,7.44,8.04,8.53,8.65
ORCL,Tief 4,6,19.85,16.7,16.7,16.7,16.7,16.7,16.7,16.7,16.7,16.7,33.3,33.3,33.3,33.3,33.3,33.3,50.0,0.0,1.29,2.76,4.03,4.64,4.83,5.97,7.11,8.25,9.16,9.39
ORCL,Tief 5,4,26.28,50.0,50.0,50.0,50.0,50.0,50.0,50.0,50.0,50.0,50.0,50.0,50.0,50.0,50.0,75.0,75.0,25.0,0.01,0.02,1.84,3.79,3.87,3.95,4.03,4.11,4.17,4.19
ORCL,Tief 6,3,16.04,33.3,33.3,33.3,33.3,66.7,66.7,66.7,66.7,66.7,66.7,66.7,66.7,66.7,66.7,66.7,66.7,33.33,0.22,0.55,1.11,2.59,2.89,3.19,3.48,3.78,4.02,4.08
ORLY,alle,48,19.21,31.2,35.4,39.6,47.9,52.1,56.2,60.4,70.8,75.0,79.2,79.2,83.3,83.3,83.3,85.4,85.4,22.92,0.0,0.08,1.23,2.23,2.67,3.49,5.05,5.9,7.24,7.85
ORLY,Tief 1,24,18.83,25.0,29.2,33.3,45.8,50.0,50.0,54.2,62.5,62.5,66.7,66.7,70.8,70.8,70.8,75.0,75.0,16.67,0.0,0.31,1.47,3.68,4.44,5.2,5.89,6.48,7.55,7.85
ORLY,Tief 2,13,19.58,38.5,38.5,46.2,53.8,53.8,53.8,53.8,69.2,76.9,84.6,84.6,92.3,92.3,92.3,92.3,92.3,30.77,0.0,0.0,0.95,2.22,2.37,2.53,2.73,3.91,5.25,5.59
ORLY,Tief 3,6,18.86,16.7,33.3,33.3,33.3,33.3,66.7,66.7,83.3,100.0,100.0,100.0,100.0,100.0,100.0,100.0,100.0,0.0,0.29,0.65,1.37,1.71,1.78,1.85,1.92,1.98,2.03,2.05
ORLY,Tief 4,5,40.19,60.0,60.0,60.0,60.0,80.0,80.0,100.0,100.0,100.0,100.0,100.0,100.0,100.0,100.0,100.0,100.0,60.0,0.0,0.0,0.0,1.24,1.33,1.43,1.53,1.62,1.7,1.72
P911.DE,alle,64,3.91,10.9,15.6,18.8,23.4,28.1,34.4,35.9,37.5,39.1,46.9,50.0,53.1,56.2,59.4,60.9,65.6,9.38,0.23,1.03,2.8,4.99,5.8,6.15,7.93,9.13,11.68,12.82
P911.DE,Tief 1,17,3.37,11.8,11.8,17.6,23.5,23.5,29.4,35.3,41.2,41.2,47.1,47.1,47.1,47.1,58.8,58.8,58.8,11.76,0.41,1.29,3.29,7.44,8.89,9.55,10.26,11.38,12.53,12.82
P911.DE,Tief 2,11,5.63,0.0,9.1,9.1,9.1,18.2,36.4,36.4,36.4,36.4,54.5,54.5,63.6,63.6,63.6,63.6,63.6,0.0,1.04,1.39,2.44,5.42,5.97,7.09,8.22,8.35,8.45,8.47
P911.DE,Tief 3,10,5.25,10.0,10.0,10.0,20.0,30.0,40.0,40.0,40.0,40.0,40.0,50.0,50.0,50.0,50.0,50.0,60.0,10.0,0.76,1.08,3.3,5.95,6.05,6.09,6.13,6.19,6.23,6.24
P911.DE,Tief 4,8,3.62,0.0,0.0,0.0,12.5,12.5,12.5,12.5,12.5,12.5,12.5,25.0,25.0,37.5,37.5,37.5,62.5,0.0,2.19,3.06,3.87,4.41,4.87,5.33,5.63,5.9,6.12,6.17
P911.DE,Tief 5,5,2.87,0.0,0.0,20.0,20.0,20.0,20.0,20.0,20.0,20.0,40.0,40.0,40.0,40.0,40.0,60.0,60.0,0.0,1.41,2.49,3.54,4.03,4.1,4.17,4.24,4.31,4.37,4.38
P911.DE,Tief 6,5,5.05,0.0,40.0,40.0,40.0,40.0,40.0,40.0,40.0,40.0,60.0,60.0,60.0,80.0,80.0,80.0,80.0,0.0,0.35,0.46,2.46,3.23,3.46,3.69,3.92,4.15,4.34,4.39
P911.DE,Tief 7,5,4.97,40.0,40.0,40.0,40.0,40.0,40.0,40.0,40.0,60.0,60.0,60.0,80.0,80.0,80.0,80.0,80.0,40.0,0.0,0.0,2.04,2.85,3.91,4.97,6.03,7.08,7.93,8.14
P911.DE,Tief 8,2,9.15,50.0,50.0,50.0,50.0,100.0,100.0,100.0,100.0,100.0,100.0,100.0,100.0,100.0,100.0,100.0,100.0,0.0,0.3,0.42,0.64,0.85,0.89,0.94,0.98,1.02,1.06,1.07
P911.DE,Tief 9,1,12.28,100.0,100.0,100.0,100.0,100.0,100.0,100.0,100.0,100.0,100.0,100.0,100.0,100.0,100.0,100.0,100.0,100.0,0.0,0.0,0.0,0.0,0.0,0.0,0.0,0.0,0.0,0.0
PAH3.DE,alle,56,5.24,16.1,16.1,21.4,21.4,23.2,26.8,28.6,30.4,33.9,39.3,41.1,42.9,48.2,53.6,55.4,57.1,12.5,0.0,1.46,3.4,5.69,6.0,6.92,7.43,9.23,11.02,11.4
PAH3.DE,Tief 1,23,4.89,8.7,8.7,13.0,13.0,13.0,17.4,17.4,21.7,26.1,34.8,34.8,39.1,39.1,47.8,47.8,47.8,4.35,0.76,2.27,4.15,7.06,7.17,8.08,8.83,10.0,11.12,11.4
PAH3.DE,Tief 2,14,5.33,14.3,14.3,21.4,21.4,21.4,28.6,28.6,28.6,28.6,35.7,35.7,35.7,50.0,50.0,50.0,57.1,7.14,0.21,1.69,3.46,5.17,5.38,5.73,6.46,8.17,10.2,10.71
PAH3.DE,Tief 3,10,6.83,20.0,20.0,20.0,20.0,30.0,30.0,30.0,30.0,40.0,40.0,40.0,40.0,40.0,50.0,60.0,60.0,20.0,0.0,1.33,3.48,5.62,5.89,6.1,6.41,7.05,7.57,7.7
PAH3.DE,Tief 4,6,5.93,33.3,33.3,50.0,50.0,50.0,50.0,66.7,66.7,66.7,66.7,83.3,83.3,83.3,83.3,83.3,83.3,33.33,0.0,0.14,1.08,2.37,2.63,3.48,4.32,5.16,5.84,6.0
PAH3.DE,Tief 5,3,5.19,33.3,33.3,33.3,33.3,33.3,33.3,33.3,33.3,33.3,33.3,33.3,33.3,66.7,66.7,66.7,66.7,33.33,0.62,1.54,3.08,4.17,4.38,4.6,4.81,5.03,5.2,5.25
PANW,alle,52,38.86,23.1,30.8,32.7,34.6,34.6,38.5,40.4,40.4,42.3,42.3,46.2,48.1,48.1,50.0,53.8,59.6,21.15,0.0,0.38,3.57,5.95,6.81,7.5,8.68,9.06,11.11,12.26
PANW,Tief 1,24,40.29,12.5,12.5,16.7,16.7,16.7,25.0,25.0,25.0,29.2,29.2,37.5,41.7,41.7,45.8,50.0,50.0,12.5,0.19,1.87,4.09,6.39,7.02,7.73,8.62,8.96,11.51,12.26
PANW,Tief 2,12,37.47,25.0,41.7,41.7,41.7,41.7,41.7,50.0,50.0,50.0,50.0,50.0,50.0,50.0,50.0,58.3,75.0,25.0,0.0,0.2,2.72,4.68,6.44,7.49,8.12,8.64,9.03,9.13
PANW,Tief 3,8,37.35,12.5,37.5,37.5,50.0,50.0,50.0,50.0,50.0,50.0,50.0,50.0,50.0,50.0,50.0,50.0,50.0,12.5,0.29,0.42,2.57,5.85,5.99,6.14,6.93,7.83,8.55,8.73
PANW,Tief 4,5,31.83,60.0,60.0,60.0,60.0,60.0,60.0,60.0,60.0,60.0,60.0,60.0,60.0,60.0,60.0,60.0,60.0,40.0,0.0,0.0,0.04,4.12,5.3,6.48,7.66,8.83,9.78,10.01
PANW,Tief 5,2,46.85,50.0,50.0,50.0,50.0,50.0,50.0,50.0,50.0,50.0,50.0,50.0,50.0,50.0,50.0,50.0,100.0,50.0,0.38,0.94,1.88,2.81,3.0,3.19,3.38,3.56,3.71,3.75
PANW,Tief 6,1,33.31,100.0,100.0,100.0,100.0,100.0,100.0,100.0,100.0,100.0,100.0,100.0,100.0,100.0,100.0,100.0,100.0,100.0,0.0,0.0,0.0,0.0,0.0,0.0,0.0,0.0,0.0,0.0
PAYX,alle,60,10.78,21.7,28.3,30.0,31.7,38.3,38.3,41.7,46.7,53.3,55.0,55.0,56.7,56.7,58.3,60.0,63.3,16.67,0.0,0.39,2.15,6.54,7.46,8.35,8.87,9.36,13.59,14.9
PAYX,Tief 1,20,11.45,20.0,25.0,25.0,30.0,40.0,40.0,40.0,50.0,55.0,60.0,60.0,65.0,65.0,65.0,65.0,70.0,10.0,0.05,0.72,2.03,4.59,5.27,6.19,8.39,9.1,13.74,14.9
PAYX,Tief 2,15,12.69,33.3,46.7,53.3,53.3,53.3,53.3,66.7,66.7,66.7,66.7,66.7,66.7,66.7,66.7,73.3,73.3,26.67,0.0,0.04,0.53,4.31,5.3,6.4,7.61,8.52,8.91,9.0
PAYX,Tief 3,8,11.55,25.0,25.0,25.0,25.0,50.0,50.0,50.0,50.0,75.0,75.0,75.0,75.0,75.0,75.0,75.0,75.0,25.0,0.0,0.77,1.63,3.73,5.85,7.98,8.48,8.7,8.89,8.93
PAYX,Tief 4,4,8.51,25.0,25.0,25.0,25.0,25.0,25.0,25.0,50.0,50.0,50.0,50.0,50.0,50.0,50.0,50.0,50.0,25.0,0.58,1.45,3.51,5.63,5.95,6.26,6.58,6.9,7.15,7.21
PAYX,Tief 5,3,2.99,33.3,33.3,33.3,33.3,33.3,33.3,33.3,33.3,33.3,33.3,33.3,33.3,33.3,33.3,33.3,66.7,33.33,0.76,1.89,3.79,6.54,7.09,7.64,8.2,8.75,9.19,9.3
PAYX,Tief 6,2,6.0,0.0,0.0,0.0,0.0,0.0,0.0,0.0,0.0,50.0,50.0,50.0,50.0,50.0,50.0,50.0,50.0,0.0,3.15,4.74,7.38,10.03,10.56,11.08,11.61,12.14,12.56,12.67
PAYX,Tief 7,2,6.21,0.0,50.0,50.0,50.0,50.0,50.0,50.0,50.0,50.0,50.0,50.0,50.0,50.0,50.0,50.0,50.0,0.0,1.48,3.0,5.54,8.07,8.58,9.09,9.6,10.1,10.51,10.61
PAYX,Tief 8,1,0.7,0.0,0.0,0.0,0.0,0.0,0.0,0.0,0.0,0.0,0.0,0.0,0.0,0.0,0.0,0.0,0.0,0.0,8.87,8.87,8.87,8.87,8.87,8.87,8.87,8.87,8.87,8.87
PAYX,Tief 9,1,1.24,0.0,0.0,0.0,0.0,0.0,0.0,0.0,0.0,0.0,0.0,0.0,0.0,0.0,0.0,0.0,0.0,0.0,7.26,7.26,7.26,7.26,7.26,7.26,7.26,7.26,7.26,7.26
PAYX,Tief 10,1,2.56,0.0,0.0,0.0,0.0,0.0,0.0,0.0,0.0,0.0,0.0,0.0,0.0,0.0,100.0,100.0,100.0,0.0,3.43,3.43,3.43,3.43,3.43,3.43,3.43,3.43,3.43,3.43
PAYX,Tief 11,1,5.73,0.0,0.0,0.0,0.0,0.0,0.0,0.0,0.0,0.0,0.0,0.0,0.0,0.0,0.0,0.0,0.0,0.0,6.26,6.26,6.26,6.26,6.26,6.26,6.26,6.26,6.26,6.26
PAYX,Tief 12,1,6.82,0.0,0.0,0.0,0.0,0.0,0.0,0.0,0.0,0.0,0.0,0.0,0.0,0.0,0.0,0.0,0.0,0.0,6.54,6.54,6.54,6.54,6.54,6.54,6.54,6.54,6.54,6.54
PAYX,Tief 13,1,7.79,0.0,0.0,0.0,0.0,0.0,0.0,0.0,0.0,0.0,0.0,0.0,0.0,0.0,0.0,0.0,0.0,0.0,8.4,8.4,8.4,8.4,8.4,8.4,8.4,8.4,8.4,8.4
PCAR,alle,58,15.51,31.0,31.0,32.8,34.5,39.7,44.8,51.7,51.7,56.9,56.9,60.3,60.3,63.8,65.5,65.5,67.2,20.69,0.0,0.13,1.6,4.43,4.87,5.79,6.66,7.74,8.98,9.89
PCAR,Tief 1,24,16.16,29.2,29.2,29.2,33.3,37.5,45.8,54.2,54.2,58.3,58.3,62.5,62.5,62.5,62.5,62.5,66.7,20.83,0.0,0.11,1.57,4.94,6.11,7.2,8.05,8.29,9.52,9.89
PCAR,Tief 2,14,15.75,42.9,42.9,42.9,42.9,50.0,50.0,57.1,57.1,64.3,64.3,64.3,64.3,71.4,71.4,71.4,71.4,35.71,0.0,0.0,1.33,4.03,5.07,6.24,6.57,6.95,7.28,7.37
PCAR,Tief 3,8,14.77,12.5,12.5,25.0,25.0,25.0,37.5,50.0,50.0,50.0,50.0,50.0,50.0,50.0,62.5,62.5,62.5,12.5,0.49,1.12,2.44,4.53,4.83,5.14,5.38,5.6,5.78,5.83
PCAR,Tief 4,4,13.25,25.0,25.0,25.0,25.0,25.0,25.0,25.0,25.0,25.0,25.0,25.0,25.0,50.0,50.0,50.0,50.0,0.0,1.07,2.47,3.66,4.26,4.38,4.5,4.62,4.73,4.83,4.85
PCAR,Tief 5,3,19.57,0.0,0.0,0.0,0.0,0.0,0.0,0.0,0.0,0.0,0.0,33.3,33.3,33.3,33.3,33.3,33.3,0.0,3.07,3.6,4.47,4.68,4.72,4.76,4.8,4.84,4.87,4.88
PCAR,Tief 6,2,11.59,50.0,50.0,50.0,50.0,50.0,50.0,50.0,50.0,100.0,100.0,100.0,100.0,100.0,100.0,100.0,100.0,0.0,0.34,0.64,1.14,1.64,1.74,1.84,1.94,2.04,2.12,2.14
PCAR,Tief 7,2,10.32,50.0,50.0,50.0,50.0,100.0,100.0,100.0,100.0,100.0,100.0,100.0,100.0,100.0,100.0,100.0,100.0,0.0,0.19,0.33,0.58,0.82,0.87,0.92,0.97,1.02,1.06,1.07
PCAR,Tief 8,1,14.27,100.0,100.0,100.0,100.0,100.0,100.0,100.0,100.0,100.0,100.0,100.0,100.0,100.0,100.0,100.0,100.0,100.0,0.0,0.0,0.0,0.0,0.0,0.0,0.0,0.0,0.0,0.0
PDD,alle,64,4.42,15.6,20.3,21.9,23.4,26.6,26.6,32.8,35.9,37.5,40.6,40.6,43.8,45.3,48.4,50.0,56.2,14.06,0.0,1.07,3.78,6.89,7.48,7.75,8.82,9.98,11.26,11.59
PDD,Tief 1,26,3.7,15.4,15.4,15.4,15.4,19.2,19.2,23.1,26.9,26.9,30.8,30.8,38.5,38.5,38.5,38.5,42.3,15.38,0.0,2.01,5.55,7.49,7.5,8.12,9.55,10.82,11.46,11.59
PDD,Tief 2,16,4.76,12.5,18.8,18.8,25.0,31.2,31.2,43.8,43.8,50.0,50.0,50.0,50.0,50.0,56.2,56.2,62.5,12.5,0.22,1.01,2.67,5.86,6.0,7.68,8.79,9.52,9.96,10.07
PDD,Tief 3,11,5.62,27.3,36.4,36.4,36.4,36.4,36.4,45.5,45.5,45.5,45.5,45.5,45.5,54.5,54.5,63.6,72.7,18.18,0.0,0.18,3.17,5.61,7.36,7.84,8.31,8.93,9.42,9.54
PDD,Tief 4,5,2.58,20.0,20.0,20.0,20.0,20.0,20.0,20.0,40.0,40.0,60.0,60.0,60.0,60.0,60.0,60.0,60.0,20.0,0.73,1.82,2.29,4.08,4.8,5.52,6.24,6.95,7.53,7.67
PDD,Tief 5,1,3.54,0.0,0.0,0.0,0.0,0.0,0.0,0.0,0.0,0.0,0.0,0.0,0.0,0.0,0.0,0.0,0.0,0.0,4.44,4.44,4.44,4.44,4.44,4.44,4.44,4.44,4.44,4.44
PDD,Tief 6,1,2.91,0.0,0.0,0.0,0.0,0.0,0.0,0.0,0.0,0.0,0.0,0.0,0.0,0.0,0.0,0.0,0.0,0.0,4.67,4.67,4.67,4.67,4.67,4.67,4.67,4.67,4.67,4.67
PDD,Tief 7,1,5.81,0.0,0.0,0.0,0.0,0.0,0.0,0.0,0.0,0.0,0.0,0.0,0.0,0.0,0.0,0.0,100.0,0.0,3.85,3.85,3.85,3.85,3.85,3.85,3.85,3.85,3.85,3.85
PDD,Tief 8,1,5.48,0.0,0.0,0.0,0.0,0.0,0.0,0.0,0.0,0.0,0.0,0.0,0.0,0.0,100.0,100.0,100.0,0.0,3.42,3.42,3.42,3.42,3.42,3.42,3.42,3.42,3.42,3.42
PDD,Tief 9,1,7.7,0.0,0.0,100.0,100.0,100.0,100.0,100.0,100.0,100.0,100.0,100.0,100.0,100.0,100.0,100.0,100.0,0.0,0.53,0.53,0.53,0.53,0.53,0.53,0.53,0.53,0.53,0.53
PDD,Tief 10,1,9.58,0.0,100.0,100.0,100.0,100.0,100.0,100.0,100.0,100.0,100.0,100.0,100.0,100.0,100.0,100.0,100.0,0.0,0.41,0.41,0.41,0.41,0.41,0.41,0.41,0.41,0.41,0.41
PEP,alle,52,8.03,19.2,23.1,28.8,34.6,34.6,36.5,40.4,40.4,40.4,42.3,50.0,53.8,55.8,55.8,61.5,69.2,13.46,0.0,0.53,2.72,4.73,5.12,6.19,6.49,9.17,11.22,11.94
PEP,Tief 1,19,5.85,10.5,10.5,15.8,21.1,21.1,21.1,26.3,26.3,26.3,31.6,42.1,42.1,47.4,47.4,57.9,68.4,5.26,0.41,1.95,3.6,4.83,5.8,6.18,6.31,7.04,10.96,11.94
PEP,Tief 2,12,10.29,16.7,25.0,25.0,33.3,33.3,41.7,50.0,50.0,50.0,50.0,58.3,66.7,66.7,66.7,66.7,66.7,8.33,0.15,0.82,2.11,4.35,4.71,5.42,6.31,8.3,10.08,10.52
PEP,Tief 3,10,8.01,40.0,50.0,50.0,60.0,60.0,60.0,60.0,60.0,60.0,60.0,60.0,60.0,60.0,60.0,60.0,60.0,40.0,0.0,0.0,0.53,4.84,5.55,7.02,8.3,8.89,9.37,9.49
PEP,Tief 4,4,8.25,25.0,25.0,50.0,50.0,50.0,50.0,50.0,50.0,50.0,50.0,75.0,75.0,75.0,75.0,75.0,75.0,0.0,0.2,0.41,1.61,4.24,5.18,6.11,7.05,7.98,8.73,8.92
PEP,Tief 5,3,8.32,33.3,33.3,33.3,33.3,33.3,33.3,33.3,33.3,33.3,33.3,33.3,33.3,33.3,33.3,33.3,66.7,33.33,0.8,2.0,3.99,4.59,4.7,4.82,4.94,5.06,5.15,5.18
PEP,Tief 6,2,4.79,0.0,0.0,0.0,0.0,0.0,0.0,0.0,0.0,0.0,0.0,0.0,50.0,50.0,50.0,50.0,100.0,0.0,2.86,3.01,3.27,3.53,3.58,3.64,3.69,3.74,3.78,3.79
PEP,Tief 7,2,6.28,0.0,0.0,50.0,50.0,50.0,50.0,50.0,50.0,50.0,50.0,50.0,50.0,50.0,50.0,100.0,100.0,0.0,1.01,1.42,2.12,2.82,2.96,3.1,3.24,3.37,3.49,3.51
PG,alle,62,6.97,14.5,19.4,22.6,29.0,37.1,40.3,45.2,46.8,48.4,51.6,54.8,56.5,62.9,66.1,74.2,75.8,9.68,0.11,0.82,2.37,3.81,4.24,4.67,4.93,5.56,6.98,7.97
PG,Tief 1,27,7.26,3.7,7.4,11.1,18.5,22.2,25.9,29.6,33.3,37.0,40.7,44.4,44.4,51.9,51.9,63.0,63.0,0.0,0.77,1.49,3.25,4.84,5.08,5.18,5.68,6.18,7.55,7.97
PG,Tief 2,15,6.97,20.0,20.0,20.0,20.0,26.7,33.3,33.3,33.3,33.3,33.3,33.3,40.0,53.3,60.0,73.3,73.3,13.33,0.08,1.16,3.22,3.95,4.21,4.29,4.52,4.74,4.88,4.91
PG,Tief 3,11,5.87,27.3,27.3,27.3,45.5,54.5,54.5,63.6,63.6,63.6,63.6,72.7,72.7,72.7,81.8,81.8,90.9,18.18,0.0,0.43,1.08,2.99,3.35,3.59,3.84,4.24,4.56,4.64
PG,Tief 4,7,5.95,28.6,57.1,71.4,71.4,85.7,85.7,85.7,85.7,85.7,100.0,100.0,100.0,100.0,100.0,100.0,100.0,28.57,0.0,0.17,0.41,0.85,0.97,1.17,1.56,1.95,2.26,2.34
PG,Tief 5,1,6.48,0.0,0.0,0.0,0.0,0.0,0.0,100.0,100.0,100.0,100.0,100.0,100.0,100.0,100.0,100.0,100.0,0.0,1.68,1.68,1.68,1.68,1.68,1.68,1.68,1.68,1.68,1.68
PG,Tief 6,1,7.81,0.0,0.0,0.0,0.0,100.0,100.0,100.0,100.0,100.0,100.0,100.0,100.0,100.0,100.0,100.0,100.0,0.0,1.21,1.21,1.21,1.21,1.21,1.21,1.21,1.21,1.21,1.21
PLTR,alle,55,26.27,36.4,38.2,40.0,45.5,49.1,56.4,56.4,63.6,70.9,72.7,72.7,72.7,78.2,81.8,83.6,87.3,30.91,0.0,0.0,1.38,3.08,3.36,3.93,4.59,5.3,5.76,6.18
PLTR,Tief 1,27,31.58,37.0,37.0,37.0,40.7,44.4,48.1,48.1,51.9,66.7,70.4,70.4,70.4,74.1,74.1,77.8,81.5,29.63,0.0,0.0,1.81,3.39,3.92,4.83,5.31,5.39,5.98,6.18
PLTR,Tief 2,16,15.82,31.2,31.2,31.2,37.5,43.8,50.0,50.0,62.5,62.5,62.5,62.5,62.5,75.0,81.2,81.2,87.5,25.0,0.0,0.05,1.63,3.17,3.35,3.8,4.13,4.48,4.89,5.0
PLTR,Tief 3,8,63.9,50.0,50.0,50.0,50.0,50.0,75.0,75.0,87.5,87.5,87.5,87.5,87.5,87.5,100.0,100.0,100.0,50.0,0.0,0.0,0.69,1.56,1.65,1.75,2.24,2.81,3.26,3.37
PLTR,Tief 4,3,13.11,33.3,33.3,66.7,100.0,100.0,100.0,100.0,100.0,100.0,100.0,100.0,100.0,100.0,100.0,100.0,100.0,33.33,0.13,0.31,0.63,0.76,0.79,0.81,0.84,0.87,0.89,0.89
PLTR,Tief 5,1,5.1,0.0,100.0,100.0,100.0,100.0,100.0,100.0,100.0,100.0,100.0,100.0,100.0,100.0,100.0,100.0,100.0,0.0,0.37,0.37,0.37,0.37,0.37,0.37,0.37,0.37,0.37,0.37
PYPL,alle,64,10.25,20.3,21.9,23.4,25.0,31.2,32.8,39.1,42.2,45.3,50.0,51.6,54.7,59.4,65.6,67.2,68.8,15.62,0.0,0.99,2.51,5.03,6.5,8.41,10.48,11.67,15.67,16.26
PYPL,Tief 1,23,9.15,13.0,13.0,13.0,17.4,26.1,30.4,39.1,39.1,43.5,52.2,52.2,52.2,60.9,65.2,69.6,69.6,13.04,0.2,1.19,2.49,5.89,6.63,6.96,9.25,10.65,11.47,11.67
PYPL,Tief 2,18,10.46,27.8,27.8,33.3,33.3,38.9,38.9,38.9,44.4,50.0,50.0,55.6,61.1,66.7,72.2,72.2,72.2,22.22,0.0,0.27,2.27,4.3,5.1,6.07,7.68,9.87,11.3,11.65
PYPL,Tief 3,9,11.01,11.1,22.2,22.2,22.2,22.2,22.2,33.3,33.3,33.3,44.4,44.4,55.6,55.6,55.6,55.6,55.6,0.0,0.3,1.74,2.88,4.49,4.66,4.82,5.89,7.88,9.47,9.87
PYPL,Tief 4,5,7.08,0.0,0.0,0.0,0.0,20.0,20.0,20.0,40.0,40.0,40.0,40.0,40.0,40.0,60.0,60.0,80.0,0.0,1.46,1.82,3.37,3.99,6.44,8.9,11.35,13.81,15.77,16.26
PYPL,Tief 5,3,5.81,33.3,33.3,33.3,33.3,33.3,33.3,33.3,33.3,33.3,33.3,33.3,33.3,33.3,66.7,66.7,66.7,33.33,0.66,1.65,3.3,9.31,10.51,11.72,12.92,14.12,15.08,15.33
PYPL,Tief 6,2,15.96,0.0,0.0,0.0,0.0,0.0,0.0,50.0,50.0,50.0,50.0,50.0,50.0,50.0,50.0,50.0,50.0,0.0,2.74,4.47,7.34,10.21,10.79,11.36,11.94,12.51,12.97,13.09
PYPL,Tief 7,2,18.22,50.0,50.0,50.0,50.0,50.0,50.0,50.0,50.0,50.0,50.0,50.0,50.0,50.0,50.0,50.0,50.0,50.0,1.08,2.69,5.38,8.07,8.61,9.15,9.69,10.23,10.66,10.76
PYPL,Tief 8,1,10.64,100.0,100.0,100.0,100.0,100.0,100.0,100.0,100.0,100.0,100.0,100.0,100.0,100.0,100.0,100.0,100.0,0.0,0.2,0.2,0.2,0.2,0.2,0.2,0.2,0.2,0.2,0.2
PYPL,Tief 9,1,10.46,100.0,100.0,100.0,100.0,100.0,100.0,100.0,100.0,100.0,100.0,100.0,100.0,100.0,100.0,100.0,100.0,100.0,0.0,0.0,0.0,0.0,0.0,0.0,0.0,0.0,0.0,0.0
QCOM,alle,54,25.36,27.8,29.6,29.6,31.5,33.3,38.9,46.3,48.1,53.7,55.6,57.4,61.1,63.0,64.8,64.8,66.7,27.78,0.0,0.0,2.05,5.42,5.91,6.32,7.84,9.59,12.44,14.3
QCOM,Tief 1,22,27.25,31.8,31.8,31.8,36.4,36.4,36.4,40.9,40.9,45.5,45.5,50.0,54.5,59.1,63.6,63.6,68.2,31.82,0.0,0.0,2.72,4.68,5.81,7.5,8.37,10.57,10.77,10.79
QCOM,Tief 2,11,25.68,27.3,27.3,27.3,27.3,27.3,36.4,45.5,45.5,54.5,63.6,63.6,63.6,63.6,63.6,63.6,63.6,27.27,0.0,0.74,2.05,5.01,5.46,7.23,9.0,11.65,13.77,14.3
QCOM,Tief 3,6,20.47,16.7,33.3,33.3,33.3,33.3,50.0,50.0,50.0,50.0,50.0,50.0,66.7,66.7,66.7,66.7,66.7,16.67,0.23,0.72,2.19,5.07,5.8,6.32,6.84,7.36,7.78,7.88
QCOM,Tief 4,4,23.85,25.0,25.0,25.0,25.0,25.0,25.0,25.0,50.0,50.0,50.0,50.0,50.0,50.0,50.0,50.0,50.0,25.0,0.55,1.36,4.04,6.27,6.28,6.29,6.3,6.31,6.32,6.32
QCOM,Tief 5,3,19.5,33.3,33.3,33.3,33.3,33.3,33.3,33.3,33.3,33.3,33.3,33.3,33.3,33.3,33.3,33.3,33.3,33.33,1.06,2.64,5.28,5.42,5.45,5.48,5.51,5.53,5.56,5.56
QCOM,Tief 6,2,25.7,0.0,0.0,0.0,0.0,0.0,0.0,0.0,0.0,50.0,50.0,50.0,50.0,50.0,50.0,50.0,50.0,0.0,2.47,3.12,4.19,5.27,5.48,5.7,5.91,6.13,6.3,6.34
QCOM,Tief 7,2,25.25,50.0,50.0,50.0,50.0,50.0,50.0,100.0,100.0,100.0,100.0,100.0,100.0,100.0,100.0,100.0,100.0,50.0,0.17,0.43,0.86,1.29,1.38,1.46,1.55,1.64,1.7,1.72
QCOM,Tief 8,1,30.77,0.0,0.0,0.0,0.0,0.0,0.0,100.0,100.0,100.0,100.0,100.0,100.0,100.0,100.0,100.0,100.0,0.0,1.64,1.64,1.64,1.64,1.64,1.64,1.64,1.64,1.64,1.64
QCOM,Tief 9,1,31.29,0.0,0.0,0.0,0.0,0.0,100.0,100.0,100.0,100.0,100.0,100.0,100.0,100.0,100.0,100.0,100.0,0.0,1.28,1.28,1.28,1.28,1.28,1.28,1.28,1.28,1.28,1.28
QCOM,Tief 10,1,36.44,0.0,0.0,0.0,0.0,100.0,100.0,100.0,100.0,100.0,100.0,100.0,100.0,100.0,100.0,100.0,100.0,0.0,1.04,1.04,1.04,1.04,1.04,1.04,1.04,1.04,1.04,1.04
QCOM,Tief 11,1,37.92,100.0,100.0,100.0,100.0,100.0,100.0,100.0,100.0,100.0,100.0,100.0,100.0,100.0,100.0,100.0,100.0,100.0,0.0,0.0,0.0,0.0,0.0,0.0,0.0,0.0,0.0,0.0
QIA.DE,alle,63,11.12,22.2,23.8,28.6,28.6,30.2,33.3,38.1,41.3,42.9,46.0,47.6,55.6,55.6,55.6,61.9,65.1,17.46,0.0,0.61,2.79,5.3,6.24,7.01,8.69,10.18,11.8,12.83
QIA.DE,Tief 1,22,10.76,31.8,31.8,31.8,31.8,31.8,31.8,31.8,36.4,40.9,40.9,40.9,45.5,45.5,45.5,50.0,59.1,22.73,0.0,0.05,3.78,6.38,6.99,8.57,9.5,10.03,12.25,12.83
QIA.DE,Tief 2,14,10.08,7.1,7.1,7.1,7.1,7.1,14.3,21.4,21.4,21.4,28.6,28.6,42.9,42.9,42.9,50.0,50.0,7.14,1.52,2.44,3.83,7.32,8.97,10.23,10.66,10.97,11.13,11.17
QIA.DE,Tief 3,10,10.77,10.0,10.0,20.0,20.0,20.0,20.0,30.0,30.0,30.0,40.0,50.0,60.0,60.0,60.0,70.0,70.0,10.0,0.63,1.8,2.68,5.14,5.81,6.08,6.44,7.13,7.67,7.81
QIA.DE,Tief 4,7,10.29,14.3,14.3,28.6,28.6,28.6,28.6,42.9,57.1,57.1,57.1,57.1,57.1,57.1,57.1,71.4,71.4,14.29,0.4,1.19,1.85,4.29,4.66,5.0,5.26,5.52,5.72,5.78
QIA.DE,Tief 5,6,13.07,33.3,50.0,50.0,50.0,66.7,66.7,66.7,66.7,66.7,66.7,66.7,83.3,83.3,83.3,83.3,83.3,16.67,0.11,0.26,0.78,2.52,2.96,3.9,4.85,5.79,6.55,6.74
QIA.DE,Tief 6,2,13.32,0.0,0.0,50.0,50.0,50.0,100.0,100.0,100.0,100.0,100.0,100.0,100.0,100.0,100.0,100.0,100.0,0.0,0.63,0.76,0.98,1.19,1.23,1.28,1.32,1.36,1.4,1.41
QIA.DE,Tief 7,2,13.86,100.0,100.0,100.0,100.0,100.0,100.0,100.0,100.0,100.0,100.0,100.0,100.0,100.0,100.0,100.0,100.0,100.0,0.0,0.0,0.0,0.0,0.0,0.0,0.0,0.0,0.0,0.0
REGN,alle,47,8.23,21.3,21.3,27.7,31.9,31.9,36.2,40.4,42.6,44.7,46.8,46.8,48.9,51.1,53.2,55.3,55.3,19.15,0.0,0.67,3.01,6.47,6.86,7.61,8.48,9.95,14.11,17.34
REGN,Tief 1,21,8.79,23.8,23.8,23.8,33.3,33.3,42.9,47.6,47.6,52.4,52.4,52.4,52.4,57.1,57.1,61.9,61.9,19.05,0.0,0.89,2.24,6.41,6.74,7.42,7.91,10.06,15.88,17.34
REGN,Tief 2,11,10.77,27.3,27.3,36.4,36.4,36.4,36.4,36.4,45.5,45.5,54.5,54.5,54.5,54.5,54.5,54.5,54.5,27.27,0.0,0.32,2.47,7.06,7.57,8.32,9.06,9.69,10.19,10.31
REGN,Tief 3,6,9.18,0.0,0.0,16.7,16.7,16.7,16.7,33.3,33.3,33.3,33.3,33.3,33.3,33.3,33.3,33.3,33.3,0.0,1.1,2.35,5.65,7.79,8.1,8.5,8.91,9.31,9.64,9.72
REGN,Tief 4,5,6.76,40.0,40.0,40.0,40.0,40.0,40.0,40.0,40.0,40.0,40.0,40.0,40.0,40.0,60.0,60.0,60.0,40.0,0.0,0.0,3.49,4.77,5.05,5.33,5.61,5.89,6.12,6.17
REGN,Tief 5,3,7.19,0.0,0.0,33.3,33.3,33.3,33.3,33.3,33.3,33.3,33.3,33.3,66.7,66.7,66.7,66.7,66.7,0.0,1.15,1.83,2.97,4.46,4.75,5.05,5.35,5.65,5.89,5.95
REGN,Tief 6,1,6.58,0.0,0.0,0.0,0.0,0.0,0.0,0.0,0.0,0.0,0.0,0.0,0.0,0.0,0.0,0.0,0.0,0.0,5.49,5.49,5.49,5.49,5.49,5.49,5.49,5.49,5.49,5.49
RHM.DE,alle,37,70.44,43.2,48.6,54.1,62.2,62.2,64.9,64.9,64.9,73.0,73.0,73.0,73.0,78.4,86.5,86.5,86.5,40.54,0.0,0.0,0.64,3.0,3.23,3.32,4.88,6.14,9.38,9.66
RHM.DE,Tief 1,21,70.44,42.9,47.6,47.6,57.1,57.1,61.9,61.9,61.9,71.4,71.4,71.4,71.4,76.2,76.2,76.2,76.2,42.86,0.0,0.0,0.82,3.17,4.64,5.24,5.46,8.89,9.51,9.66
RHM.DE,Tief 2,6,22.97,33.3,33.3,33.3,33.3,33.3,33.3,33.3,33.3,50.0,50.0,50.0,50.0,66.7,100.0,100.0,100.0,33.33,0.0,0.54,2.57,3.21,3.28,3.3,3.32,3.33,3.34,3.35
RHM.DE,Tief 3,4,54.39,0.0,25.0,50.0,75.0,75.0,75.0,75.0,75.0,75.0,75.0,75.0,75.0,75.0,100.0,100.0,100.0,0.0,0.38,0.56,0.78,1.49,1.84,2.19,2.55,2.9,3.18,3.25
RHM.DE,Tief 4,4,60.32,75.0,75.0,100.0,100.0,100.0,100.0,100.0,100.0,100.0,100.0,100.0,100.0,100.0,100.0,100.0,100.0,75.0,0.0,0.0,0.0,0.16,0.26,0.35,0.45,0.55,0.63,0.64
RHM.DE,Tief 5,1,97.99,100.0,100.0,100.0,100.0,100.0,100.0,100.0,100.0,100.0,100.0,100.0,100.0,100.0,100.0,100.0,100.0,0.0,0.15,0.15,0.15,0.15,0.15,0.15,0.15,0.15,0.15,0.15
RHM.DE,Tief 6,1,130.17,100.0,100.0,100.0,100.0,100.0,100.0,100.0,100.0,100.0,100.0,100.0,100.0,100.0,100.0,100.0,100.0,100.0,0.0,0.0,0.0,0.0,0.0,0.0,0.0,0.0,0.0,0.0
ROP,alle,48,6.16,18.8,25.0,29.2,29.2,33.3,33.3,35.4,45.8,47.9,47.9,47.9,47.9,47.9,50.0,56.2,66.7,14.58,0.0,0.52,3.41,4.24,4.42,5.35,6.98,8.4,12.94,15.95
ROP,Tief 1,23,6.1,8.7,13.0,17.4,17.4,26.1,26.1,30.4,39.1,39.1,39.1,39.1,39.1,39.1,39.1,47.8,56.5,4.35,0.44,1.37,3.92,4.28,4.42,4.47,5.21,5.64,7.88,8.51
ROP,Tief 2,16,6.37,25.0,31.2,37.5,37.5,37.5,37.5,37.5,50.0,50.0,50.0,50.0,50.0,50.0,56.2,62.5,81.2,25.0,0.0,0.33,2.58,3.9,3.98,4.26,5.53,7.08,7.97,8.19
ROP,Tief 3,4,4.81,25.0,25.0,25.0,25.0,25.0,25.0,25.0,50.0,50.0,50.0,50.0,50.0,50.0,50.0,50.0,50.0,25.0,0.59,1.46,4.78,9.69,10.94,12.19,13.44,14.7,15.7,15.95
ROP,Tief 4,2,5.34,50.0,50.0,50.0,50.0,50.0,50.0,50.0,50.0,50.0,50.0,50.0,50.0,50.0,50.0,50.0,50.0,0.0,0.97,2.4,4.78,7.16,7.64,8.11,8.59,9.07,9.45,9.54
ROP,Tief 5,2,6.93,50.0,50.0,50.0,50.0,50.0,50.0,50.0,50.0,100.0,100.0,100.0,100.0,100.0,100.0,100.0,100.0,50.0,0.21,0.52,1.04,1.56,1.66,1.77,1.87,1.98,2.06,2.08
ROP,Tief 6,1,6.46,0.0,100.0,100.0,100.0,100.0,100.0,100.0,100.0,100.0,100.0,100.0,100.0,100.0,100.0,100.0,100.0,0.0,0.46,0.46,0.46,0.46,0.46,0.46,0.46,0.46,0.46,0.46
ROST,alle,66,40.52,36.4,42.4,48.5,53.0,57.6,62.1,65.2,68.2,68.2,68.2,68.2,69.7,69.7,69.7,71.2,72.7,30.3,0.0,0.0,0.84,4.33,4.61,5.75,6.68,7.44,9.68,10.51
ROST,Tief 1,31,36.01,35.5,35.5,41.9,48.4,51.6,58.1,61.3,64.5,64.5,64.5,64.5,67.7,67.7,67.7,71.0,74.2,29.03,0.0,0.0,1.12,4.15,4.5,5.85,6.45,7.31,9.61,10.51
ROST,Tief 2,15,41.32,26.7,40.0,46.7,53.3,60.0,60.0,66.7,66.7,66.7,66.7,66.7,66.7,66.7,66.7,66.7,66.7,20.0,0.0,0.26,0.87,5.94,6.67,6.69,7.01,7.82,8.96,9.24
ROST,Tief 3,10,46.48,50.0,60.0,70.0,70.0,70.0,70.0,70.0,70.0,70.0,70.0,70.0,70.0,70.0,70.0,70.0,70.0,50.0,0.0,0.0,0.14,3.6,4.74,5.04,5.63,7.25,8.54,8.86
ROST,Tief 4,4,46.53,25.0,50.0,50.0,50.0,50.0,50.0,50.0,50.0,50.0,50.0,50.0,50.0,50.0,50.0,50.0,50.0,25.0,0.14,0.34,2.27,4.19,4.25,4.32,4.38,4.44,4.49,4.5
ROST,Tief 5,2,40.37,0.0,0.0,0.0,0.0,0.0,50.0,50.0,100.0,100.0,100.0,100.0,100.0,100.0,100.0,100.0,100.0,0.0,1.35,1.45,1.6,1.76,1.79,1.82,1.86,1.89,1.91,1.92
ROST,Tief 6,2,41.82,50.0,50.0,50.0,50.0,100.0,100.0,100.0,100.0,100.0,100.0,100.0,100.0,100.0,100.0,100.0,100.0,0.0,0.12,0.3,0.6,0.9,0.96,1.02,1.08,1.14,1.19,1.2
ROST,Tief 7,2,45.98,100.0,100.0,100.0,100.0,100.0,100.0,100.0,100.0,100.0,100.0,100.0,100.0,100.0,100.0,100.0,100.0,100.0,0.0,0.0,0.0,0.0,0.0,0.0,0.0,0.0,0.0,0.0
RWE.DE,alle,51,40.71,31.4,35.3,39.2,41.2,43.1,47.1,54.9,56.9,56.9,60.8,62.7,66.7,68.6,76.5,78.4,78.4,27.45,0.0,0.0,1.57,3.37,4.05,4.51,5.27,6.76,12.67,15.74
RWE.DE,Tief 1,22,40.79,18.2,27.3,31.8,31.8,36.4,40.9,54.5,59.1,59.1,63.6,63.6,68.2,68.2,72.7,77.3,77.3,18.18,0.0,0.48,1.66,3.48,3.96,4.98,5.25,7.57,14.05,15.74
RWE.DE,Tief 2,13,33.63,46.2,46.2,46.2,46.2,46.2,53.8,61.5,61.5,61.5,69.2,69.2,76.9,84.6,84.6,84.6,84.6,46.15,0.0,0.0,1.29,2.86,3.04,3.34,3.87,6.26,8.92,9.59
RWE.DE,Tief 3,7,40.71,28.6,28.6,28.6,42.9,42.9,42.9,42.9,42.9,42.9,42.9,42.9,42.9,42.9,71.4,71.4,71.4,14.29,0.13,0.54,3.28,3.82,4.12,4.48,4.93,5.38,5.73,5.82
RWE.DE,Tief 4,6,51.14,50.0,50.0,50.0,50.0,50.0,50.0,50.0,50.0,50.0,50.0,66.7,66.7,66.7,66.7,66.7,66.7,33.33,0.0,0.05,1.37,4.15,4.69,4.92,5.15,5.39,5.57,5.62
RWE.DE,Tief 5,2,51.74,50.0,50.0,50.0,50.0,50.0,50.0,50.0,50.0,50.0,50.0,50.0,50.0,50.0,100.0,100.0,100.0,50.0,0.34,0.84,1.68,2.52,2.69,2.85,3.02,3.19,3.32,3.36
RWE.DE,Tief 6,1,50.74,0.0,0.0,100.0,100.0,100.0,100.0,100.0,100.0,100.0,100.0,100.0,100.0,100.0,100.0,100.0,100.0,0.0,0.58,0.58,0.58,0.58,0.58,0.58,0.58,0.58,0.58,0.58
SAP.DE,alle,60,17.72,26.7,28.3,33.3,33.3,38.3,41.7,46.7,46.7,50.0,55.0,55.0,61.7,63.3,63.3,63.3,63.3,26.67,0.0,0.0,2.33,6.33,7.64,8.14,8.82,10.44,13.29,13.36
SAP.DE,Tief 1,26,21.44,30.8,30.8,34.6,34.6,38.5,42.3,50.0,50.0,53.8,57.7,57.7,65.4,69.2,69.2,69.2,69.2,30.77,0.0,0.0,1.9,5.33,6.24,6.96,8.46,9.71,12.38,13.24
SAP.DE,Tief 2,13,30.64,30.8,30.8,38.5,38.5,46.2,46.2,46.2,46.2,53.8,61.5,61.5,61.5,61.5,61.5,61.5,61.5,30.77,0.0,0.0,2.15,7.9,7.94,8.96,11.93,13.1,13.31,13.36
SAP.DE,Tief 3,7,2.58,14.3,14.3,14.3,14.3,28.6,28.6,28.6,28.6,28.6,28.6,28.6,42.9,42.9,42.9,42.9,42.9,14.29,0.61,1.93,5.86,8.63,8.71,8.92,9.38,9.84,10.21,10.31
SAP.DE,Tief 4,6,3.09,16.7,33.3,33.3,33.3,33.3,33.3,33.3,33.3,33.3,50.0,50.0,66.7,66.7,66.7,66.7,66.7,16.67,0.22,0.94,2.72,4.75,5.34,6.03,6.73,7.42,7.98,8.12
SAP.DE,Tief 5,5,5.93,40.0,40.0,40.0,40.0,40.0,40.0,60.0,60.0,60.0,60.0,60.0,60.0,60.0,60.0,60.0,60.0,40.0,0.0,0.0,1.57,5.44,6.01,6.57,7.14,7.7,8.16,8.27
SAP.DE,Tief 6,2,4.32,0.0,0.0,50.0,50.0,50.0,50.0,50.0,50.0,50.0,50.0,50.0,50.0,50.0,50.0,50.0,50.0,0.0,1.29,2.17,3.65,5.13,5.43,5.72,6.02,6.31,6.55,6.61
SAP.DE,Tief 7,1,4.99,0.0,0.0,0.0,0.0,0.0,100.0,100.0,100.0,100.0,100.0,100.0,100.0,100.0,100.0,100.0,100.0,0.0,1.47,1.47,1.47,1.47,1.47,1.47,1.47,1.47,1.47,1.47
SBUX,alle,53,10.83,26.4,28.3,30.2,32.1,35.8,37.7,41.5,43.4,49.1,50.9,50.9,52.8,54.7,56.6,58.5,64.2,18.87,0.0,0.22,2.37,5.12,5.78,6.52,10.97,12.22,15.62,18.72
SBUX,Tief 1,22,8.16,18.2,22.7,22.7,27.3,27.3,31.8,31.8,36.4,40.9,40.9,40.9,45.5,50.0,54.5,54.5,59.1,9.09,0.14,1.11,3.34,5.23,5.51,6.08,10.73,11.74,17.26,18.72
SBUX,Tief 2,14,11.61,28.6,28.6,35.7,35.7,42.9,42.9,50.0,50.0,57.1,64.3,64.3,64.3,64.3,64.3,64.3,71.4,28.57,0.0,0.16,1.81,4.12,4.59,5.16,5.69,8.18,11.51,12.35
SBUX,Tief 3,7,14.69,14.3,14.3,14.3,14.3,28.6,28.6,42.9,42.9,57.1,57.1,57.1,57.1,57.1,57.1,71.4,71.4,14.29,0.74,1.49,2.18,4.91,5.65,6.75,8.55,10.34,11.78,12.14
SBUX,Tief 4,4,17.69,25.0,25.0,25.0,25.0,25.0,25.0,25.0,25.0,25.0,25.0,25.0,25.0,25.0,25.0,25.0,50.0,0.0,1.34,3.03,5.92,9.1,9.84,10.57,11.3,12.04,12.62,12.77
SBUX,Tief 5,4,17.44,50.0,50.0,50.0,50.0,50.0,50.0,50.0,50.0,50.0,50.0,50.0,50.0,50.0,50.0,50.0,50.0,25.0,0.05,0.13,2.58,6.21,6.95,7.68,8.42,9.16,9.74,9.89
SBUX,Tief 6,2,13.55,100.0,100.0,100.0,100.0,100.0,100.0,100.0,100.0,100.0,100.0,100.0,100.0,100.0,100.0,100.0,100.0,100.0,0.0,0.0,0.0,0.0,0.0,0.0,0.0,0.0,0.0,0.0
SHL.DE,alle,52,5.68,21.2,28.8,34.6,40.4,40.4,42.3,44.2,46.2,46.2,46.2,48.1,48.1,50.0,53.8,53.8,53.8,13.46,0.0,0.44,3.25,6.24,7.39,8.5,10.21,11.44,11.93,12.32
SHL.DE,Tief 1,20,5.58,10.0,15.0,15.0,25.0,25.0,30.0,35.0,40.0,40.0,40.0,40.0,40.0,40.0,45.0,45.0,45.0,10.0,0.28,1.35,4.48,5.94,6.99,10.49,11.38,11.6,12.18,12.32
SHL.DE,Tief 2,10,6.92,30.0,30.0,30.0,30.0,30.0,30.0,30.0,30.0,30.0,30.0,30.0,30.0,30.0,40.0,40.0,40.0,20.0,0.0,0.88,4.58,7.74,8.61,9.62,10.52,11.03,11.43,11.54
SHL.DE,Tief 3,7,5.05,14.3,14.3,28.6,28.6,28.6,28.6,28.6,28.6,28.6,28.6,42.9,42.9,42.9,42.9,42.9,42.9,0.0,0.43,1.59,4.15,6.99,7.87,8.52,8.72,8.92,9.09,9.13
SHL.DE,Tief 4,6,6.8,16.7,33.3,66.7,66.7,66.7,66.7,66.7,66.7,66.7,66.7,66.7,66.7,66.7,66.7,66.7,66.7,16.67,0.24,0.49,0.52,5.83,7.6,7.84,8.09,8.33,8.53,8.58
SHL.DE,Tief 5,3,4.02,33.3,33.3,33.3,66.7,66.7,66.7,66.7,66.7,66.7,66.7,66.7,66.7,66.7,66.7,66.7,66.7,33.33,0.18,0.45,0.9,3.73,4.29,4.86,5.42,5.99,6.44,6.55
SHL.DE,Tief 6,2,4.51,50.0,50.0,50.0,50.0,50.0,50.0,50.0,50.0,50.0,50.0,50.0,50.0,100.0,100.0,100.0,100.0,0.0,0.43,0.9,1.68,2.45,2.61,2.77,2.92,3.08,3.2,3.23
SHL.DE,Tief 7,2,4.63,50.0,100.0,100.0,100.0,100.0,100.0,100.0,100.0,100.0,100.0,100.0,100.0,100.0,100.0,100.0,100.0,0.0,0.11,0.17,0.27,0.38,0.4,0.42,0.44,0.46,0.48,0.48
SHL.DE,Tief 8,1,6.13,0.0,100.0,100.0,100.0,100.0,100.0,100.0,100.0,100.0,100.0,100.0,100.0,100.0,100.0,100.0,100.0,0.0,0.3,0.3,0.3,0.3,0.3,0.3,0.3,0.3,0.3,0.3
SHL.DE,Tief 9,1,6.71,100.0,100.0,100.0,100.0,100.0,100.0,100.0,100.0,100.0,100.0,100.0,100.0,100.0,100.0,100.0,100.0,100.0,0.0,0.0,0.0,0.0,0.0,0.0,0.0,0.0,0.0,0.0
SHW,alle,69,5.96,18.8,21.7,21.7,21.7,26.1,29.0,33.3,33.3,36.2,43.5,47.8,50.7,56.5,62.3,63.8,68.1,11.59,0.0,1.23,2.92,4.49,5.1,5.83,6.36,7.43,8.64,9.99
SHW,Tief 1,23,4.12,13.0,17.4,17.4,17.4,26.1,26.1,26.1,26.1,34.8,39.1,39.1,39.1,43.5,47.8,47.8,52.2,8.7,0.14,1.68,3.98,5.64,6.1,6.56,6.77,7.66,9.5,9.99
SHW,Tief 2,16,6.01,18.8,18.8,18.8,18.8,18.8,25.0,25.0,25.0,25.0,37.5,37.5,37.5,50.0,56.2,56.2,56.2,0.0,0.23,2.13,3.31,5.92,6.21,6.75,7.39,7.9,7.98,8.0
SHW,Tief 3,13,6.05,30.8,30.8,30.8,30.8,30.8,30.8,46.2,46.2,46.2,46.2,53.8,53.8,61.5,61.5,69.2,76.9,23.08,0.0,0.09,2.65,3.83,4.03,4.34,4.84,5.41,5.9,6.02
SHW,Tief 4,8,5.29,12.5,12.5,12.5,12.5,12.5,25.0,37.5,37.5,37.5,37.5,62.5,62.5,62.5,87.5,87.5,100.0,12.5,0.95,1.57,2.57,3.33,3.38,3.44,3.59,3.75,3.89,3.92
SHW,Tief 5,6,5.57,0.0,16.7,16.7,16.7,33.3,33.3,33.3,33.3,33.3,50.0,50.0,83.3,83.3,83.3,83.3,83.3,0.0,0.79,1.4,2.55,2.9,2.92,3.23,3.55,3.86,4.1,4.17
SHW,Tief 6,2,14.68,50.0,50.0,50.0,50.0,50.0,50.0,50.0,50.0,50.0,100.0,100.0,100.0,100.0,100.0,100.0,100.0,50.0,0.23,0.56,1.13,1.69,1.8,1.91,2.03,2.14,2.23,2.25
SHW,Tief 7,1,24.78,100.0,100.0,100.0,100.0,100.0,100.0,100.0,100.0,100.0,100.0,100.0,100.0,100.0,100.0,100.0,100.0,100.0,0.0,0.0,0.0,0.0,0.0,0.0,0.0,0.0,0.0,0.0
SI=F,alle,50,141.5,32.0,32.0,36.0,42.0,48.0,54.0,56.0,60.0,64.0,64.0,76.0,80.0,80.0,80.0,84.0,84.0,32.0,0.0,0.0,1.34,2.65,2.98,4.23,5.1,5.75,8.55,8.66
SI=F,Tief 1,29,137.54,24.1,24.1,24.1,34.5,44.8,48.3,51.7,55.2,55.2,55.2,69.0,75.9,75.9,75.9,82.8,82.8,24.14,0.0,0.79,1.54,2.79,3.75,4.81,5.35,5.76,7.71,8.42
SI=F,Tief 2,15,144.43,40.0,40.0,53.3,53.3,53.3,60.0,60.0,66.7,73.3,73.3,80.0,80.0,80.0,80.0,80.0,80.0,40.0,0.0,0.0,0.63,2.3,2.93,4.29,4.66,5.94,8.12,8.66
SI=F,Tief 3,5,157.82,60.0,60.0,60.0,60.0,60.0,60.0,60.0,60.0,80.0,80.0,100.0,100.0,100.0,100.0,100.0,100.0,60.0,0.0,0.0,0.0,2.15,2.23,2.3,2.38,2.46,2.52,2.53
SI=F,Tief 4,1,149.2,0.0,0.0,0.0,0.0,0.0,100.0,100.0,100.0,100.0,100.0,100.0,100.0,100.0,100.0,100.0,100.0,0.0,1.46,1.46,1.46,1.46,1.46,1.46,1.46,1.46,1.46,1.46
SIE.DE,alle,60,16.19,31.7,36.7,36.7,41.7,45.0,48.3,51.7,55.0,58.3,58.3,60.0,61.7,63.3,66.7,71.7,75.0,25.0,0.0,0.06,1.62,4.09,5.36,6.59,8.16,9.29,9.97,10.41
SIE.DE,Tief 1,28,18.76,28.6,35.7,35.7,39.3,42.9,46.4,46.4,50.0,57.1,57.1,60.7,60.7,64.3,67.9,67.9,67.9,21.43,0.0,0.15,1.94,6.38,7.77,8.59,9.08,9.58,10.21,10.41
SIE.DE,Tief 2,16,13.34,25.0,31.2,31.2,31.2,37.5,37.5,43.8,43.8,43.8,43.8,43.8,43.8,43.8,50.0,62.5,62.5,18.75,0.0,0.23,3.52,5.48,6.46,6.47,7.12,8.14,9.05,9.28
SIE.DE,Tief 3,10,28.09,40.0,40.0,40.0,50.0,50.0,50.0,60.0,60.0,60.0,60.0,60.0,70.0,70.0,70.0,80.0,100.0,30.0,0.0,0.06,1.28,3.51,3.74,3.76,3.78,3.8,3.81,3.81
SIE.DE,Tief 4,4,17.97,50.0,50.0,50.0,50.0,50.0,75.0,75.0,100.0,100.0,100.0,100.0,100.0,100.0,100.0,100.0,100.0,50.0,0.0,0.0,0.71,1.57,1.65,1.73,1.82,1.9,1.97,1.98
SIE.DE,Tief 5,2,11.08,50.0,50.0,50.0,100.0,100.0,100.0,100.0,100.0,100.0,100.0,100.0,100.0,100.0,100.0,100.0,100.0,50.0,0.1,0.24,0.49,0.73,0.78,0.83,0.88,0.93,0.96,0.97
SNPS,alle,54,6.47,18.5,20.4,24.1,25.9,29.6,31.5,31.5,33.3,33.3,37.0,37.0,40.7,50.0,51.9,59.3,61.1,16.67,0.0,1.03,3.33,5.95,7.58,9.68,10.35,13.32,16.31,16.4
SNPS,Tief 1,22,6.56,9.1,9.1,13.6,18.2,18.2,18.2,18.2,22.7,22.7,27.3,27.3,27.3,31.8,31.8,40.9,45.5,9.09,0.77,2.5,4.26,7.63,8.65,9.52,10.16,10.37,11.49,11.79
SNPS,Tief 2,16,6.2,25.0,25.0,25.0,25.0,31.2,31.2,31.2,31.2,31.2,37.5,37.5,43.8,50.0,56.2,68.8,68.8,25.0,0.0,0.85,3.24,5.47,5.66,6.81,8.73,10.78,11.99,12.29
SNPS,Tief 3,6,8.24,0.0,16.7,16.7,16.7,16.7,33.3,33.3,33.3,33.3,33.3,33.3,33.3,66.7,66.7,66.7,66.7,0.0,0.81,1.75,3.16,5.6,6.39,8.6,10.81,13.02,14.79,15.23
SNPS,Tief 4,5,5.65,20.0,20.0,40.0,40.0,60.0,60.0,60.0,60.0,60.0,60.0,60.0,80.0,80.0,80.0,80.0,80.0,20.0,0.24,0.6,1.23,2.96,5.65,8.34,11.03,13.71,15.86,16.4
SNPS,Tief 5,3,9.23,33.3,33.3,33.3,33.3,33.3,33.3,33.3,33.3,33.3,33.3,33.3,33.3,66.7,66.7,66.7,66.7,33.33,0.63,1.58,3.17,9.7,11.0,12.31,13.61,14.92,15.96,16.22
SNPS,Tief 6,1,3.58,100.0,100.0,100.0,100.0,100.0,100.0,100.0,100.0,100.0,100.0,100.0,100.0,100.0,100.0,100.0,100.0,0.0,0.16,0.16,0.16,0.16,0.16,0.16,0.16,0.16,0.16,0.16
SNPS,Tief 7,1,10.43,100.0,100.0,100.0,100.0,100.0,100.0,100.0,100.0,100.0,100.0,100.0,100.0,100.0,100.0,100.0,100.0,100.0,0.0,0.0,0.0,0.0,0.0,0.0,0.0,0.0,0.0,0.0
SPGI,alle,53,8.71,22.6,26.4,28.3,32.1,39.6,41.5,41.5,43.4,49.1,49.1,50.9,52.8,54.7,56.6,60.4,64.2,18.87,0.0,0.39,2.68,6.3,6.91,7.88,9.28,10.48,15.6,16.97
SPGI,Tief 1,24,8.95,16.7,20.8,20.8,20.8,25.0,29.2,29.2,33.3,37.5,37.5,41.7,45.8,50.0,50.0,54.2,58.3,16.67,0.0,1.26,3.29,7.08,7.61,9.0,10.27,10.62,15.52,16.97
SPGI,Tief 2,14,9.94,14.3,14.3,14.3,21.4,42.9,42.9,42.9,42.9,50.0,50.0,50.0,50.0,50.0,57.1,64.3,64.3,7.14,0.27,1.1,2.77,5.61,6.11,6.3,8.38,11.08,13.68,14.33
SPGI,Tief 3,10,9.22,30.0,40.0,50.0,60.0,60.0,60.0,60.0,60.0,70.0,70.0,70.0,70.0,70.0,70.0,70.0,80.0,30.0,0.0,0.1,0.78,3.41,4.36,5.46,6.52,7.47,8.24,8.43
SPGI,Tief 4,4,7.81,50.0,50.0,50.0,50.0,50.0,50.0,50.0,50.0,50.0,50.0,50.0,50.0,50.0,50.0,50.0,50.0,25.0,0.06,0.15,3.3,7.07,7.47,7.87,8.26,8.66,8.98,9.06
SPGI,Tief 5,1,7.14,100.0,100.0,100.0,100.0,100.0,100.0,100.0,100.0,100.0,100.0,100.0,100.0,100.0,100.0,100.0,100.0,100.0,0.0,0.0,0.0,0.0,0.0,0.0,0.0,0.0,0.0,0.0
SRT3.DE,alle,54,4.15,22.2,25.9,29.6,31.5,33.3,35.2,37.0,37.0,38.9,44.4,50.0,50.0,50.0,55.6,59.3,59.3,18.52,0.0,0.51,3.05,6.15,6.58,7.69,8.68,10.67,12.81,13.77
SRT3.DE,Tief 1,19,3.36,21.1,26.3,26.3,31.6,31.6,31.6,36.8,36.8,36.8,47.4,47.4,47.4,47.4,47.4,57.9,57.9,21.05,0.0,0.6,3.53,6.12,7.05,8.66,9.54,10.68,13.15,13.77
SRT3.DE,Tief 2,12,3.67,8.3,16.7,25.0,25.0,25.0,25.0,25.0,25.0,25.0,33.3,41.7,41.7,41.7,66.7,66.7,66.7,0.0,0.5,1.88,3.47,5.19,5.99,6.77,7.55,9.61,11.49,11.96
SRT3.DE,Tief 3,10,4.13,30.0,30.0,30.0,30.0,40.0,50.0,50.0,50.0,50.0,50.0,60.0,60.0,60.0,60.0,60.0,60.0,30.0,0.0,0.26,2.05,5.96,6.7,7.89,9.06,10.17,11.07,11.29
SRT3.DE,Tief 4,5,3.79,0.0,0.0,20.0,20.0,20.0,20.0,20.0,20.0,40.0,40.0,40.0,40.0,40.0,40.0,40.0,40.0,0.0,1.28,2.19,4.43,5.91,6.23,6.56,6.88,7.21,7.47,7.53
SRT3.DE,Tief 5,4,5.2,50.0,50.0,50.0,50.0,50.0,50.0,50.0,50.0,50.0,50.0,50.0,50.0,50.0,50.0,50.0,50.0,50.0,0.0,0.0,2.09,4.89,5.32,5.75,6.17,6.6,6.94,7.03
SRT3.DE,Tief 6,2,6.38,50.0,50.0,50.0,50.0,50.0,50.0,50.0,50.0,50.0,50.0,50.0,50.0,50.0,50.0,50.0,50.0,50.0,0.78,1.95,3.89,5.84,6.23,6.62,7.01,7.4,7.71,7.79
SRT3.DE,Tief 7,1,8.91,0.0,0.0,0.0,0.0,0.0,0.0,0.0,0.0,0.0,0.0,100.0,100.0,100.0,100.0,100.0,100.0,0.0,2.56,2.56,2.56,2.56,2.56,2.56,2.56,2.56,2.56,2.56
SRT3.DE,Tief 8,1,9.09,100.0,100.0,100.0,100.0,100.0,100.0,100.0,100.0,100.0,100.0,100.0,100.0,100.0,100.0,100.0,100.0,0.0,0.04,0.04,0.04,0.04,0.04,0.04,0.04,0.04,0.04,0.04
SY1.DE,alle,59,8.59,25.4,28.8,30.5,30.5,33.9,35.6,37.3,40.7,42.4,45.8,54.2,54.2,55.9,57.6,57.6,59.3,18.64,0.0,0.23,2.58,6.71,7.68,8.65,9.86,10.92,13.35,15.11
SY1.DE,Tief 1,23,9.19,30.4,30.4,30.4,30.4,30.4,34.8,39.1,43.5,43.5,52.2,60.9,60.9,65.2,65.2,65.2,65.2,21.74,0.0,0.15,2.33,6.25,7.34,8.78,10.41,10.82,14.17,15.11
SY1.DE,Tief 2,12,10.87,16.7,33.3,41.7,41.7,50.0,50.0,50.0,50.0,50.0,50.0,58.3,58.3,58.3,66.7,66.7,66.7,8.33,0.21,0.4,1.83,5.91,8.8,9.86,9.89,10.87,11.83,12.07
SY1.DE,Tief 3,8,7.98,37.5,37.5,37.5,37.5,50.0,50.0,50.0,62.5,62.5,62.5,75.0,75.0,75.0,75.0,75.0,75.0,25.0,0.0,0.13,1.54,3.93,5.73,7.53,7.95,8.14,8.3,8.34
SY1.DE,Tief 4,5,7.23,40.0,40.0,40.0,40.0,40.0,40.0,40.0,40.0,60.0,60.0,60.0,60.0,60.0,60.0,60.0,60.0,40.0,0.0,0.0,2.2,5.06,5.99,6.92,7.85,8.78,9.52,9.71
SY1.DE,Tief 5,3,5.98,33.3,33.3,33.3,33.3,33.3,33.3,33.3,33.3,33.3,33.3,33.3,33.3,33.3,33.3,33.3,66.7,33.33,0.78,1.95,3.9,7.76,8.53,9.3,10.07,10.84,11.46,11.61
SY1.DE,Tief 6,2,5.43,0.0,0.0,0.0,0.0,0.0,0.0,0.0,0.0,0.0,0.0,50.0,50.0,50.0,50.0,50.0,50.0,0.0,2.93,3.32,3.95,4.59,4.72,4.84,4.97,5.1,5.2,5.23
SY1.DE,Tief 7,2,7.94,0.0,0.0,0.0,0.0,0.0,0.0,0.0,0.0,0.0,0.0,0.0,0.0,0.0,0.0,0.0,0.0,0.0,7.63,7.66,7.7,7.74,7.74,7.75,7.76,7.77,7.77,7.77
SY1.DE,Tief 8,2,9.23,0.0,0.0,0.0,0.0,0.0,0.0,0.0,0.0,0.0,0.0,0.0,0.0,0.0,0.0,0.0,0.0,0.0,6.15,6.15,6.15,6.15,6.15,6.15,6.15,6.16,6.16,6.16
SY1.DE,Tief 9,2,9.33,0.0,0.0,0.0,0.0,0.0,0.0,0.0,0.0,0.0,0.0,0.0,0.0,0.0,0.0,0.0,0.0,0.0,4.51,4.54,4.59,4.64,4.65,4.66,4.68,4.69,4.69,4.7
TEAM,alle,65,9.84,12.3,12.3,15.4,16.9,18.5,20.0,26.2,29.2,32.3,32.3,35.4,35.4,43.1,43.1,47.7,52.3,10.77,0.0,1.73,3.8,6.74,8.0,8.35,8.79,10.03,18.37,18.98
TEAM,Tief 1,18,8.47,16.7,16.7,22.2,22.2,22.2,22.2,27.8,27.8,27.8,27.8,27.8,27.8,33.3,33.3,33.3,33.3,11.11,0.01,1.98,5.41,8.34,8.58,8.75,9.03,10.9,16.6,18.03
TEAM,Tief 2,13,7.37,15.4,15.4,15.4,15.4,15.4,15.4,23.1,23.1,23.1,23.1,23.1,23.1,30.8,30.8,38.5,46.2,15.38,0.3,3.16,4.93,6.77,7.99,9.0,9.62,13.48,17.88,18.98
TEAM,Tief 3,11,7.78,9.1,9.1,18.2,18.2,18.2,18.2,27.3,27.3,27.3,27.3,27.3,27.3,36.4,36.4,45.5,45.5,9.09,0.58,2.4,4.95,8.15,8.35,9.22,10.09,10.32,10.51,10.56
TEAM,Tief 4,8,9.81,0.0,0.0,0.0,0.0,0.0,12.5,12.5,12.5,12.5,12.5,37.5,37.5,62.5,62.5,62.5,75.0,0.0,2.19,2.58,3.13,4.17,4.74,5.31,6.06,6.83,7.45,7.61
TEAM,Tief 5,7,15.24,0.0,0.0,0.0,0.0,14.3,14.3,28.6,42.9,57.1,57.1,57.1,57.1,57.1,57.1,57.1,71.4,0.0,1.45,1.76,2.22,4.26,4.47,4.79,5.33,5.87,6.31,6.42
TEAM,Tief 6,5,17.57,0.0,0.0,0.0,20.0,20.0,20.0,20.0,40.0,60.0,60.0,60.0,60.0,60.0,60.0,80.0,80.0,0.0,1.31,1.86,2.23,3.57,3.88,4.19,4.5,4.81,5.06,5.12
TEAM,Tief 7,3,20.46,66.7,66.7,66.7,66.7,66.7,66.7,66.7,66.7,66.7,66.7,66.7,66.7,66.7,66.7,66.7,66.7,66.67,0.0,0.0,0.0,2.84,3.4,3.97,4.54,5.11,5.56,5.67
TMUS,alle,48,7.74,35.4,37.5,37.5,41.7,41.7,45.8,47.9,52.1,54.2,56.2,60.4,66.7,70.8,70.8,72.9,75.0,27.08,0.0,0.0,1.81,4.0,4.56,5.8,6.44,7.62,9.77,11.11
TMUS,Tief 1,23,11.3,30.4,34.8,34.8,39.1,39.1,43.5,43.5,52.2,56.5,56.5,60.9,65.2,69.6,69.6,73.9,73.9,21.74,0.0,0.12,1.84,4.0,4.56,5.51,6.29,8.08,10.49,11.11
TMUS,Tief 2,12,20.26,50.0,50.0,50.0,58.3,58.3,58.3,66.7,66.7,66.7,66.7,66.7,66.7,66.7,66.7,66.7,75.0,33.33,0.0,0.0,0.53,4.53,5.82,6.52,6.89,7.42,7.87,7.98
TMUS,Tief 3,6,5.04,33.3,33.3,33.3,33.3,33.3,50.0,50.0,50.0,50.0,50.0,66.7,83.3,83.3,83.3,83.3,83.3,33.33,0.0,0.35,2.06,2.84,2.88,3.79,4.7,5.61,6.34,6.52
TMUS,Tief 4,3,6.51,33.3,33.3,33.3,33.3,33.3,33.3,33.3,33.3,33.3,33.3,33.3,66.7,66.7,66.7,66.7,66.7,33.33,0.58,1.44,2.88,3.98,4.2,4.42,4.65,4.87,5.04,5.09
TMUS,Tief 5,2,6.2,50.0,50.0,50.0,50.0,50.0,50.0,50.0,50.0,50.0,50.0,50.0,50.0,50.0,50.0,50.0,50.0,50.0,0.42,1.05,2.09,3.14,3.35,3.56,3.77,3.98,4.14,4.19
TMUS,Tief 6,1,1.11,0.0,0.0,0.0,0.0,0.0,0.0,0.0,0.0,0.0,0.0,0.0,0.0,100.0,100.0,100.0,100.0,0.0,3.11,3.11,3.11,3.11,3.11,3.11,3.11,3.11,3.11,3.11
TMUS,Tief 7,1,0.39,0.0,0.0,0.0,0.0,0.0,0.0,0.0,0.0,0.0,100.0,100.0,100.0,100.0,100.0,100.0,100.0,0.0,2.45,2.45,2.45,2.45,2.45,2.45,2.45,2.45,2.45,2.45
TRV,alle,55,30.9,27.3,29.1,30.9,32.7,40.0,47.3,52.7,56.4,56.4,69.1,69.1,72.7,74.5,76.4,76.4,76.4,25.45,0.0,0.09,1.58,3.22,4.25,4.68,5.06,5.78,7.03,7.63
TRV,Tief 1,29,31.36,17.2,17.2,17.2,17.2,20.7,24.1,34.5,37.9,37.9,55.2,55.2,58.6,62.1,65.5,65.5,65.5,17.24,0.0,1.56,2.37,4.4,5.0,5.27,5.69,6.47,7.32,7.63
TRV,Tief 2,13,31.3,23.1,30.8,30.8,30.8,46.2,53.8,53.8,53.8,53.8,69.2,69.2,76.9,76.9,76.9,76.9,76.9,15.38,0.04,0.3,1.42,2.85,3.71,4.36,4.62,4.79,4.88,4.91
TRV,Tief 3,9,28.11,44.4,44.4,55.6,55.6,66.7,88.9,88.9,100.0,100.0,100.0,100.0,100.0,100.0,100.0,100.0,100.0,44.44,0.0,0.0,0.72,1.26,1.33,1.4,1.53,1.73,1.88,1.92
TRV,Tief 4,4,33.49,75.0,75.0,75.0,100.0,100.0,100.0,100.0,100.0,100.0,100.0,100.0,100.0,100.0,100.0,100.0,100.0,75.0,0.0,0.0,0.0,0.2,0.32,0.44,0.57,0.69,0.78,0.81
TSLA,alle,61,12.54,31.1,32.8,32.8,34.4,39.3,41.0,41.0,47.5,52.5,52.5,54.1,55.7,60.7,67.2,67.2,77.0,24.59,0.0,0.03,2.07,3.97,4.13,4.81,5.78,6.18,8.41,9.62
TSLA,Tief 1,28,12.91,28.6,32.1,32.1,35.7,39.3,39.3,39.3,42.9,46.4,46.4,46.4,46.4,50.0,57.1,57.1,64.3,17.86,0.0,0.19,3.19,5.04,5.76,5.83,6.21,7.22,9.07,9.62
TSLA,Tief 2,16,15.91,31.2,31.2,31.2,31.2,31.2,37.5,37.5,50.0,56.2,56.2,62.5,68.8,68.8,68.8,68.8,75.0,31.25,0.0,0.0,2.02,4.02,4.13,4.39,5.08,5.82,6.11,6.18
TSLA,Tief 3,9,20.26,22.2,22.2,22.2,22.2,33.3,33.3,33.3,44.4,44.4,44.4,44.4,44.4,66.7,66.7,66.7,100.0,22.22,0.0,1.25,3.06,3.84,3.87,3.9,3.92,3.95,3.97,3.97
TSLA,Tief 4,3,11.62,66.7,66.7,66.7,66.7,66.7,66.7,66.7,66.7,66.7,66.7,66.7,66.7,66.7,100.0,100.0,100.0,33.33,0.03,0.06,0.13,1.78,2.11,2.44,2.77,3.1,3.36,3.43
TSLA,Tief 5,2,7.25,50.0,50.0,50.0,50.0,50.0,50.0,50.0,50.0,50.0,50.0,50.0,50.0,50.0,100.0,100.0,100.0,50.0,0.33,0.84,1.67,2.51,2.68,2.85,3.01,3.18,3.31,3.35
TSLA,Tief 6,1,5.53,0.0,0.0,0.0,0.0,0.0,0.0,0.0,0.0,100.0,100.0,100.0,100.0,100.0,100.0,100.0,100.0,0.0,2.07,2.07,2.07,2.07,2.07,2.07,2.07,2.07,2.07,2.07
TSLA,Tief 7,1,6.2,0.0,0.0,0.0,0.0,100.0,100.0,100.0,100.0,100.0,100.0,100.0,100.0,100.0,100.0,100.0,100.0,0.0,1.13,1.13,1.13,1.13,1.13,1.13,1.13,1.13,1.13,1.13
TSLA,Tief 8,1,7.25,100.0,100.0,100.0,100.0,100.0,100.0,100.0,100.0,100.0,100.0,100.0,100.0,100.0,100.0,100.0,100.0,100.0,0.0,0.0,0.0,0.0,0.0,0.0,0.0,0.0,0.0,0.0
TTD,alle,61,7.38,16.4,16.4,16.4,19.7,23.0,24.6,26.2,27.9,29.5,29.5,34.4,39.3,41.0,45.9,50.8,52.5,11.48,0.0,1.53,3.63,7.33,8.38,9.68,11.55,16.77,20.3,20.53
TTD,Tief 1,26,8.18,15.4,15.4,15.4,19.2,23.1,23.1,23.1,26.9,26.9,26.9,34.6,34.6,34.6,42.3,42.3,42.3,11.54,0.12,2.04,5.29,7.21,7.48,8.56,10.34,12.44,16.21,17.31
TTD,Tief 2,15,7.48,26.7,26.7,26.7,26.7,26.7,26.7,33.3,33.3,33.3,33.3,40.0,40.0,46.7,46.7,53.3,53.3,13.33,0.0,0.83,3.63,5.7,6.41,8.14,8.73,11.08,15.04,16.03
TTD,Tief 3,8,6.6,0.0,0.0,0.0,0.0,0.0,12.5,12.5,12.5,25.0,25.0,25.0,37.5,37.5,37.5,62.5,62.5,0.0,1.89,2.73,3.57,9.17,10.28,11.39,14.24,17.39,19.9,20.53
TTD,Tief 4,4,6.82,25.0,25.0,25.0,25.0,50.0,50.0,50.0,50.0,50.0,50.0,50.0,50.0,50.0,50.0,50.0,50.0,25.0,0.37,0.94,6.15,13.32,14.69,16.06,17.42,18.79,19.88,20.15
TTD,Tief 5,3,3.0,33.3,33.3,33.3,33.3,33.3,33.3,33.3,33.3,33.3,33.3,33.3,33.3,33.3,33.3,33.3,66.7,33.33,0.79,1.97,3.94,10.36,11.64,12.92,14.2,15.49,16.51,16.77
TTD,Tief 6,2,4.45,0.0,0.0,0.0,0.0,0.0,0.0,0.0,0.0,0.0,0.0,0.0,0.0,0.0,50.0,50.0,50.0,0.0,3.43,3.55,3.76,3.96,4.0,4.04,4.09,4.13,4.16,4.17
TTD,Tief 7,2,8.04,0.0,0.0,0.0,50.0,50.0,50.0,50.0,50.0,50.0,50.0,50.0,100.0,100.0,100.0,100.0,100.0,0.0,1.18,1.47,1.95,2.44,2.53,2.63,2.73,2.82,2.9,2.92
TTD,Tief 8,1,10.03,0.0,0.0,0.0,0.0,0.0,0.0,0.0,0.0,0.0,0.0,0.0,100.0,100.0,100.0,100.0,100.0,0.0,2.94,2.94,2.94,2.94,2.94,2.94,2.94,2.94,2.94,2.94
TTWO,alle,66,21.19,27.3,28.8,31.8,39.4,40.9,43.9,45.5,47.0,51.5,60.6,63.6,65.2,69.7,69.7,75.8,80.3,19.7,0.0,0.13,2.13,3.73,3.92,5.22,6.1,7.59,10.68,14.13
TTWO,Tief 1,26,15.51,30.8,30.8,30.8,30.8,34.6,34.6,34.6,34.6,42.3,50.0,53.8,57.7,65.4,65.4,65.4,73.1,26.92,0.0,0.02,2.56,4.48,5.06,5.71,6.8,8.5,12.8,14.13
TTWO,Tief 2,15,24.99,6.7,6.7,6.7,20.0,20.0,20.0,20.0,20.0,20.0,40.0,46.7,46.7,46.7,46.7,66.7,73.3,6.67,0.87,2.36,3.51,4.94,6.07,6.32,7.11,7.67,7.79,7.82
TTWO,Tief 3,13,22.26,23.1,30.8,30.8,38.5,38.5,53.8,61.5,69.2,69.2,69.2,69.2,69.2,76.9,76.9,84.6,84.6,7.69,0.13,0.46,1.42,3.07,3.47,4.0,4.82,5.5,5.99,6.12
TTWO,Tief 4,6,19.01,50.0,50.0,83.3,83.3,83.3,83.3,83.3,83.3,83.3,100.0,100.0,100.0,100.0,100.0,100.0,100.0,16.67,0.05,0.09,0.36,0.69,0.72,1.16,1.61,2.05,2.41,2.5
TTWO,Tief 5,4,23.88,75.0,75.0,75.0,75.0,75.0,75.0,75.0,75.0,100.0,100.0,100.0,100.0,100.0,100.0,100.0,100.0,75.0,0.0,0.0,0.0,0.51,0.81,1.11,1.42,1.72,1.96,2.02
TTWO,Tief 6,1,38.5,0.0,0.0,0.0,100.0,100.0,100.0,100.0,100.0,100.0,100.0,100.0,100.0,100.0,100.0,100.0,100.0,0.0,0.97,0.97,0.97,0.97,0.97,0.97,0.97,0.97,0.97,0.97
TTWO,Tief 7,1,38.42,0.0,0.0,0.0,100.0,100.0,100.0,100.0,100.0,100.0,100.0,100.0,100.0,100.0,100.0,100.0,100.0,0.0,0.79,0.79,0.79,0.79,0.79,0.79,0.79,0.79,0.79,0.79
TXN,alle,62,31.05,22.6,25.8,29.0,37.1,38.7,40.3,43.5,50.0,54.8,61.3,62.9,62.9,69.4,74.2,75.8,75.8,20.97,0.0,0.49,2.06,3.56,4.26,4.48,5.97,6.69,10.54,11.64
TXN,Tief 1,24,28.61,16.7,16.7,16.7,25.0,25.0,25.0,29.2,33.3,41.7,54.2,58.3,58.3,62.5,66.7,70.8,70.8,16.67,0.0,1.4,2.36,4.14,4.29,4.41,5.05,5.52,10.24,11.64
TXN,Tief 2,13,31.3,15.4,23.1,38.5,38.5,38.5,38.5,46.2,61.5,69.2,69.2,69.2,69.2,84.6,84.6,84.6,84.6,7.69,0.13,0.67,1.9,3.12,3.13,3.35,3.98,6.45,9.16,9.83
TXN,Tief 3,12,33.6,41.7,41.7,41.7,50.0,58.3,58.3,58.3,66.7,66.7,75.0,75.0,75.0,75.0,91.7,91.7,91.7,41.67,0.0,0.0,1.04,2.64,3.15,3.36,3.41,4.9,6.35,6.71
TXN,Tief 4,5,28.26,0.0,20.0,20.0,20.0,20.0,40.0,40.0,40.0,40.0,40.0,40.0,40.0,60.0,60.0,60.0,60.0,0.0,0.78,1.5,3.13,6.01,6.1,6.18,6.27,6.36,6.43,6.44
TXN,Tief 5,4,48.69,25.0,25.0,25.0,50.0,50.0,50.0,50.0,50.0,50.0,50.0,50.0,50.0,50.0,50.0,50.0,50.0,25.0,0.29,0.73,2.68,4.81,5.07,5.33,5.58,5.84,6.04,6.09
TXN,Tief 6,3,35.74,33.3,33.3,33.3,66.7,66.7,66.7,66.7,66.7,66.7,66.7,66.7,66.7,66.7,66.7,66.7,66.7,33.33,0.17,0.42,0.84,3.98,4.61,5.24,5.87,6.5,7.0,7.12
TXN,Tief 7,1,39.77,100.0,100.0,100.0,100.0,100.0,100.0,100.0,100.0,100.0,100.0,100.0,100.0,100.0,100.0,100.0,100.0,100.0,0.0,0.0,0.0,0.0,0.0,0.0,0.0,0.0,0.0,0.0
UNH,alle,47,11.73,19.1,21.3,31.9,31.9,31.9,31.9,31.9,34.0,34.0,36.2,38.3,42.6,42.6,42.6,44.7,44.7,17.02,0.0,0.62,4.77,6.98,7.2,7.37,8.66,10.31,15.94,20.32
UNH,Tief 1,23,11.73,21.7,26.1,43.5,43.5,43.5,43.5,43.5,43.5,43.5,47.8,52.2,52.2,52.2,52.2,52.2,52.2,17.39,0.0,0.44,2.67,6.88,7.11,8.16,9.61,10.43,18.16,20.32
UNH,Tief 2,11,13.04,18.2,18.2,18.2,18.2,18.2,18.2,18.2,27.3,27.3,27.3,27.3,27.3,27.3,27.3,36.4,36.4,18.18,0.0,2.71,5.23,5.8,6.18,6.76,7.33,7.54,7.7,7.74
UNH,Tief 3,5,7.93,0.0,0.0,0.0,0.0,0.0,0.0,0.0,0.0,0.0,0.0,0.0,20.0,20.0,20.0,20.0,20.0,0.0,3.86,5.39,7.32,8.8,9.2,9.6,10.0,10.4,10.71,10.79
UNH,Tief 4,4,8.31,25.0,25.0,25.0,25.0,25.0,25.0,25.0,25.0,25.0,25.0,25.0,25.0,25.0,25.0,25.0,25.0,25.0,1.62,4.05,6.21,7.04,7.06,7.07,7.08,7.09,7.1,7.1
UNH,Tief 5,2,9.9,0.0,0.0,50.0,50.0,50.0,50.0,50.0,50.0,50.0,50.0,50.0,50.0,50.0,50.0,50.0,50.0,0.0,1.08,1.67,2.65,3.63,3.83,4.02,4.22,4.41,4.57,4.61
UNH,Tief 6,2,15.76,50.0,50.0,50.0,50.0,50.0,50.0,50.0,50.0,50.0,50.0,50.0,100.0,100.0,100.0,100.0,100.0,50.0,0.29,0.72,1.44,2.16,2.3,2.45,2.59,2.74,2.85,2.88
V,alle,42,22.72,35.7,38.1,40.5,47.6,50.0,54.8,57.1,61.9,64.3,69.0,71.4,71.4,76.2,83.3,85.7,85.7,30.95,0.0,0.0,1.22,3.13,3.35,3.61,4.68,7.64,11.52,12.41
V,Tief 1,21,21.86,28.6,28.6,33.3,47.6,47.6,52.4,57.1,61.9,61.9,66.7,66.7,66.7,71.4,76.2,76.2,76.2,19.05,0.0,0.05,1.37,3.33,4.53,4.7,5.98,7.73,9.73,10.23
V,Tief 2,11,25.48,54.5,54.5,54.5,54.5,54.5,54.5,54.5,63.6,63.6,63.6,72.7,72.7,81.8,90.9,90.9,90.9,54.55,0.0,0.0,0.0,2.86,3.18,3.27,3.35,7.88,11.5,12.41
V,Tief 3,5,8.11,20.0,20.0,20.0,20.0,20.0,40.0,40.0,40.0,60.0,80.0,80.0,80.0,80.0,80.0,100.0,100.0,20.0,0.5,1.25,2.24,2.39,2.64,2.9,3.15,3.4,3.6,3.65
V,Tief 4,3,23.58,33.3,33.3,33.3,33.3,66.7,66.7,66.7,66.7,66.7,66.7,66.7,66.7,66.7,100.0,100.0,100.0,33.33,0.24,0.59,1.18,2.29,2.51,2.73,2.95,3.17,3.35,3.39
V,Tief 5,1,11.33,0.0,100.0,100.0,100.0,100.0,100.0,100.0,100.0,100.0,100.0,100.0,100.0,100.0,100.0,100.0,100.0,0.0,0.49,0.49,0.49,0.49,0.49,0.49,0.49,0.49,0.49,0.49
V,Tief 6,1,10.27,100.0,100.0,100.0,100.0,100.0,100.0,100.0,100.0,100.0,100.0,100.0,100.0,100.0,100.0,100.0,100.0,100.0,0.0,0.0,0.0,0.0,0.0,0.0,0.0,0.0,0.0,0.0
VNA.DE,alle,49,6.3,18.4,20.4,20.4,26.5,26.5,30.6,32.7,34.7,40.8,46.9,49.0,53.1,53.1,55.1,59.2,65.3,14.29,0.0,0.99,2.78,4.4,4.61,4.72,5.39,5.73,7.42,7.6
VNA.DE,Tief 1,22,6.54,18.2,22.7,22.7,31.8,31.8,36.4,36.4,36.4,40.9,45.5,45.5,45.5,45.5,45.5,50.0,63.6,13.64,0.01,0.82,3.75,4.59,4.83,5.3,5.48,5.57,7.18,7.6
VNA.DE,Tief 2,12,6.46,8.3,8.3,8.3,8.3,8.3,16.7,25.0,25.0,33.3,41.7,50.0,58.3,58.3,58.3,66.7,66.7,0.0,1.31,1.99,2.69,4.37,4.45,4.52,4.6,5.16,5.7,5.84
VNA.DE,Tief 3,10,6.45,20.0,20.0,20.0,30.0,30.0,30.0,30.0,30.0,40.0,40.0,40.0,50.0,50.0,60.0,60.0,60.0,20.0,0.0,1.22,3.05,4.3,4.44,4.53,4.87,6.05,6.99,7.23
VNA.DE,Tief 4,3,10.37,66.7,66.7,66.7,66.7,66.7,66.7,66.7,66.7,66.7,66.7,66.7,66.7,66.7,66.7,66.7,66.7,66.67,0.0,0.0,0.0,2.37,2.84,3.32,3.79,4.27,4.65,4.74
VNA.DE,Tief 5,1,2.58,0.0,0.0,0.0,0.0,0.0,0.0,0.0,0.0,0.0,100.0,100.0,100.0,100.0,100.0,100.0,100.0,0.0,2.48,2.48,2.48,2.48,2.48,2.48,2.48,2.48,2.48,2.48
VNA.DE,Tief 6,1,4.13,0.0,0.0,0.0,0.0,0.0,0.0,0.0,100.0,100.0,100.0,100.0,100.0,100.0,100.0,100.0,100.0,0.0,1.98,1.98,1.98,1.98,1.98,1.98,1.98,1.98,1.98,1.98
VOW3.DE,alle,62,5.94,17.7,22.6,25.8,29.0,30.6,35.5,37.1,41.9,45.2,46.8,50.0,51.6,54.8,54.8,58.1,59.7,14.52,0.0,0.69,2.86,5.23,6.28,7.28,8.24,8.82,10.18,10.97
VOW3.DE,Tief 1,23,4.77,8.7,13.0,13.0,17.4,17.4,21.7,26.1,26.1,26.1,26.1,26.1,26.1,26.1,26.1,30.4,34.8,8.7,0.42,2.64,4.44,7.58,8.41,8.64,9.17,9.64,10.69,10.97
VOW3.DE,Tief 2,15,5.01,20.0,20.0,26.7,26.7,26.7,26.7,26.7,26.7,26.7,33.3,40.0,40.0,53.3,53.3,53.3,53.3,13.33,0.01,1.53,3.12,6.64,7.0,7.39,7.93,8.43,8.75,8.83
VOW3.DE,Tief 3,10,6.5,20.0,20.0,20.0,20.0,20.0,30.0,30.0,50.0,60.0,60.0,70.0,80.0,80.0,80.0,80.0,80.0,20.0,0.0,1.46,1.98,2.92,3.39,4.31,5.26,6.29,7.11,7.32
VOW3.DE,Tief 4,7,7.82,0.0,0.0,14.3,28.6,28.6,42.9,42.9,57.1,71.4,71.4,71.4,71.4,71.4,71.4,85.7,85.7,0.0,0.75,1.1,1.95,2.92,3.33,3.7,3.99,4.28,4.51,4.57
VOW3.DE,Tief 5,3,10.09,33.3,66.7,66.7,66.7,100.0,100.0,100.0,100.0,100.0,100.0,100.0,100.0,100.0,100.0,100.0,100.0,33.33,0.08,0.2,0.41,0.74,0.8,0.87,0.94,1.0,1.05,1.07
VOW3.DE,Tief 6,2,14.36,50.0,100.0,100.0,100.0,100.0,100.0,100.0,100.0,100.0,100.0,100.0,100.0,100.0,100.0,100.0,100.0,0.0,0.07,0.13,0.23,0.33,0.35,0.37,0.39,0.41,0.43,0.43
VOW3.DE,Tief 7,2,14.98,100.0,100.0,100.0,100.0,100.0,100.0,100.0,100.0,100.0,100.0,100.0,100.0,100.0,100.0,100.0,100.0,100.0,0.0,0.0,0.0,0.0,0.0,0.0,0.0,0.0,0.0,0.0
VRSK,alle,45,7.34,15.6,15.6,17.8,26.7,28.9,31.1,33.3,35.6,40.0,42.2,44.4,44.4,44.4,46.7,46.7,53.3,15.56,0.0,0.99,3.87,7.95,8.86,9.98,11.41,13.3,14.2,14.31
VRSK,Tief 1,17,7.2,17.6,17.6,17.6,17.6,17.6,23.5,23.5,23.5,29.4,29.4,35.3,35.3,35.3,41.2,41.2,47.1,17.65,0.0,2.23,4.65,6.83,7.5,8.55,10.01,11.9,13.82,14.31
VRSK,Tief 2,8,5.66,25.0,25.0,25.0,25.0,25.0,25.0,25.0,37.5,50.0,50.0,50.0,50.0,50.0,50.0,50.0,62.5,25.0,0.0,1.39,3.0,5.6,6.7,7.79,9.78,11.92,13.64,14.06
VRSK,Tief 3,5,9.36,0.0,0.0,0.0,20.0,20.0,20.0,40.0,40.0,40.0,40.0,40.0,40.0,40.0,40.0,40.0,60.0,0.0,1.08,1.53,3.87,8.36,9.44,10.51,11.59,12.67,13.53,13.75
VRSK,Tief 4,3,1.42,33.3,33.3,33.3,33.3,33.3,33.3,33.3,33.3,33.3,33.3,33.3,33.3,33.3,33.3,33.3,33.3,33.33,0.86,2.15,4.3,7.89,8.61,9.33,10.05,10.77,11.34,11.48
VRSK,Tief 5,3,5.52,0.0,0.0,0.0,33.3,33.3,33.3,33.3,33.3,33.3,33.3,33.3,33.3,33.3,33.3,33.3,33.3,0.0,1.63,2.6,4.2,7.66,8.35,9.05,9.74,10.43,10.98,11.12
VRSK,Tief 6,3,8.38,0.0,0.0,0.0,33.3,33.3,33.3,33.3,33.3,33.3,66.7,66.7,66.7,66.7,66.7,66.7,66.7,0.0,1.16,1.61,2.36,6.95,7.86,8.78,9.7,10.62,11.35,11.53
VRSK,Tief 7,2,15.81,0.0,0.0,0.0,0.0,50.0,50.0,50.0,50.0,50.0,50.0,50.0,50.0,50.0,50.0,50.0,50.0,0.0,1.9,3.12,5.15,7.19,7.6,8.0,8.41,8.82,9.14,9.23
VRSK,Tief 8,2,14.31,0.0,0.0,0.0,50.0,50.0,50.0,50.0,50.0,50.0,50.0,50.0,50.0,50.0,50.0,50.0,50.0,0.0,1.66,2.85,4.83,6.81,7.21,7.6,8.0,8.39,8.71,8.79
VRSK,Tief 9,1,32.6,0.0,0.0,100.0,100.0,100.0,100.0,100.0,100.0,100.0,100.0,100.0,100.0,100.0,100.0,100.0,100.0,0.0,0.74,0.74,0.74,0.74,0.74,0.74,0.74,0.74,0.74,0.74
VRSK,Tief 10,1,28.68,100.0,100.0,100.0,100.0,100.0,100.0,100.0,100.0,100.0,100.0,100.0,100.0,100.0,100.0,100.0,100.0,100.0,0.0,0.0,0.0,0.0,0.0,0.0,0.0,0.0,0.0,0.0
VRTX,alle,49,9.68,16.3,22.4,28.6,34.7,38.8,40.8,42.9,46.9,51.0,55.1,57.1,59.2,61.2,65.3,67.3,69.4,16.33,0.0,0.51,2.25,4.23,5.41,7.55,8.2,9.38,10.0,10.04
VRTX,Tief 1,20,8.97,20.0,30.0,35.0,45.0,45.0,45.0,45.0,45.0,45.0,50.0,55.0,55.0,55.0,60.0,60.0,65.0,20.0,0.0,0.45,2.47,4.48,5.32,5.93,7.53,9.95,10.02,10.04
VRTX,Tief 2,12,9.03,8.3,8.3,16.7,16.7,16.7,16.7,25.0,25.0,33.3,33.3,33.3,41.7,41.7,50.0,58.3,58.3,8.33,0.62,2.11,3.56,7.96,8.31,8.6,8.87,9.26,9.6,9.68
VRTX,Tief 3,7,9.29,14.3,14.3,14.3,14.3,14.3,14.3,14.3,14.3,28.6,42.9,42.9,42.9,57.1,57.1,57.1,57.1,14.29,1.21,2.21,3.21,5.9,6.93,7.67,7.83,7.98,8.11,8.14
VRTX,Tief 4,3,9.68,33.3,33.3,33.3,33.3,33.3,33.3,33.3,100.0,100.0,100.0,100.0,100.0,100.0,100.0,100.0,100.0,33.33,0.38,0.96,1.92,1.94,1.95,1.96,1.96,1.97,1.97,1.97
VRTX,Tief 5,2,14.31,0.0,0.0,0.0,0.0,50.0,100.0,100.0,100.0,100.0,100.0,100.0,100.0,100.0,100.0,100.0,100.0,0.0,1.15,1.16,1.19,1.22,1.23,1.24,1.24,1.25,1.25,1.25
VRTX,Tief 6,2,15.49,0.0,0.0,50.0,50.0,100.0,100.0,100.0,100.0,100.0,100.0,100.0,100.0,100.0,100.0,100.0,100.0,0.0,0.58,0.68,0.85,1.02,1.06,1.09,1.13,1.16,1.19,1.2
VRTX,Tief 7,2,17.36,0.0,50.0,50.0,100.0,100.0,100.0,100.0,100.0,100.0,100.0,100.0,100.0,100.0,100.0,100.0,100.0,0.0,0.41,0.47,0.58,0.69,0.71,0.74,0.76,0.78,0.8,0.8
VRTX,Tief 8,1,21.06,100.0,100.0,100.0,100.0,100.0,100.0,100.0,100.0,100.0,100.0,100.0,100.0,100.0,100.0,100.0,100.0,100.0,0.0,0.0,0.0,0.0,0.0,0.0,0.0,0.0,0.0,0.0
VZ,alle,47,19.29,34.0,40.4,44.7,44.7,46.8,51.1,55.3,63.8,63.8,63.8,68.1,68.1,68.1,70.2,70.2,76.6,29.79,0.0,0.0,1.46,3.86,4.94,5.31,5.68,6.78,7.72,8.06
VZ,Tief 1,22,19.24,27.3,31.8,36.4,36.4,36.4,40.9,50.0,59.1,59.1,59.1,63.6,63.6,63.6,68.2,68.2,72.7,27.27,0.0,0.08,1.82,4.36,5.09,5.3,5.33,7.03,7.28,7.32
VZ,Tief 2,12,19.67,33.3,33.3,41.7,41.7,50.0,50.0,50.0,50.0,50.0,50.0,58.3,58.3,58.3,58.3,58.3,66.7,16.67,0.01,0.18,1.85,5.18,5.5,5.67,5.76,6.8,7.81,8.06
VZ,Tief 3,7,17.1,42.9,57.1,57.1,57.1,57.1,71.4,71.4,85.7,85.7,85.7,85.7,85.7,85.7,85.7,85.7,85.7,42.86,0.0,0.0,0.44,1.7,1.85,2.35,3.55,4.76,5.72,5.96
VZ,Tief 4,4,17.07,25.0,50.0,50.0,50.0,50.0,50.0,50.0,75.0,75.0,75.0,75.0,75.0,75.0,75.0,75.0,100.0,25.0,0.14,0.35,1.2,2.4,2.68,2.96,3.23,3.51,3.73,3.79
VZ,Tief 5,2,25.51,100.0,100.0,100.0,100.0,100.0,100.0,100.0,100.0,100.0,100.0,100.0,100.0,100.0,100.0,100.0,100.0,100.0,0.0,0.0,0.0,0.0,0.0,0.0,0.0,0.0,0.0,0.0
WBD,alle,51,40.36,21.6,23.5,25.5,27.5,29.4,35.3,39.2,39.2,43.1,45.1,49.0,56.9,60.8,62.7,66.7,66.7,17.65,0.0,0.82,2.82,4.92,5.26,5.72,6.4,6.96,7.76,7.82
WBD,Tief 1,20,37.59,25.0,30.0,30.0,35.0,40.0,45.0,45.0,45.0,45.0,50.0,50.0,55.0,60.0,65.0,65.0,65.0,20.0,0.0,0.34,2.59,5.11,5.44,6.33,6.45,6.89,7.01,7.04
WBD,Tief 2,13,34.56,15.4,15.4,15.4,15.4,15.4,15.4,23.1,23.1,23.1,23.1,23.1,46.2,53.8,53.8,61.5,61.5,7.69,0.34,2.82,3.07,4.29,4.58,4.87,5.16,5.74,6.31,6.45
WBD,Tief 3,8,35.55,37.5,37.5,37.5,37.5,37.5,37.5,37.5,37.5,50.0,50.0,62.5,62.5,62.5,62.5,75.0,75.0,37.5,0.0,0.0,2.42,4.05,4.63,5.22,5.55,5.84,6.08,6.14
WBD,Tief 4,3,56.17,0.0,0.0,0.0,0.0,0.0,33.3,33.3,33.3,33.3,33.3,66.7,66.7,66.7,66.7,66.7,66.7,0.0,1.62,1.96,2.51,5.11,5.63,6.15,6.67,7.18,7.6,7.7
WBD,Tief 5,2,52.09,0.0,0.0,0.0,0.0,0.0,50.0,50.0,50.0,50.0,50.0,50.0,50.0,50.0,50.0,50.0,50.0,0.0,2.05,3.01,4.62,6.22,6.54,6.86,7.18,7.5,7.76,7.82
WBD,Tief 6,2,50.53,0.0,0.0,50.0,50.0,50.0,50.0,50.0,50.0,50.0,50.0,50.0,50.0,50.0,50.0,50.0,50.0,0.0,1.11,1.8,2.97,4.13,4.36,4.59,4.83,5.06,5.24,5.29
WBD,Tief 7,2,40.94,50.0,50.0,50.0,50.0,50.0,50.0,50.0,50.0,100.0,100.0,100.0,100.0,100.0,100.0,100.0,100.0,50.0,0.21,0.52,1.05,1.57,1.68,1.78,1.89,1.99,2.07,2.1
WBD,Tief 8,1,53.98,0.0,0.0,0.0,0.0,0.0,0.0,100.0,100.0,100.0,100.0,100.0,100.0,100.0,100.0,100.0,100.0,0.0,1.7,1.7,1.7,1.7,1.7,1.7,1.7,1.7,1.7,1.7
WDAY,alle,62,4.55,19.4,24.2,25.8,29.0,29.0,29.0,30.6,33.9,38.7,38.7,43.5,48.4,51.6,51.6,54.8,54.8,16.13,0.0,0.69,3.21,7.02,7.85,8.84,9.6,11.54,13.04,15.09
WDAY,Tief 1,21,4.06,23.8,28.6,33.3,38.1,38.1,38.1,38.1,38.1,42.9,42.9,52.4,52.4,57.1,57.1,57.1,57.1,19.05,0.0,0.29,2.72,7.03,7.44,7.95,8.75,8.86,11.16,11.73
WDAY,Tief 2,14,3.54,14.3,21.4,21.4,21.4,21.4,21.4,21.4,28.6,35.7,35.7,35.7,50.0,50.0,50.0,57.1,57.1,7.14,0.15,1.91,3.26,5.61,6.62,8.06,8.6,9.67,10.87,11.18
WDAY,Tief 3,9,3.21,22.2,22.2,22.2,22.2,22.2,22.2,22.2,22.2,33.3,33.3,44.4,44.4,44.4,44.4,55.6,55.6,22.22,0.0,2.0,3.73,5.88,6.28,6.69,7.82,9.69,11.18,11.55
WDAY,Tief 4,6,4.69,0.0,16.7,16.7,16.7,16.7,16.7,16.7,33.3,33.3,33.3,33.3,33.3,33.3,33.3,33.3,33.3,0.0,1.09,2.54,4.6,8.43,9.66,11.02,12.38,13.73,14.82,15.09
WDAY,Tief 5,5,7.25,40.0,40.0,40.0,40.0,40.0,40.0,40.0,40.0,40.0,40.0,40.0,60.0,60.0,60.0,60.0,60.0,40.0,0.0,0.0,2.93,8.98,9.42,9.87,10.32,10.77,11.13,11.22
WDAY,Tief 6,3,6.51,33.3,33.3,33.3,33.3,33.3,33.3,33.3,33.3,33.3,33.3,33.3,33.3,33.3,33.3,33.3,33.3,33.33,1.41,3.52,7.03,9.32,9.78,10.24,10.7,11.16,11.53,11.62
WDAY,Tief 7,1,8.56,0.0,0.0,0.0,0.0,0.0,0.0,0.0,0.0,0.0,0.0,0.0,0.0,0.0,0.0,0.0,0.0,0.0,4.26,4.26,4.26,4.26,4.26,4.26,4.26,4.26,4.26,4.26
WDAY,Tief 8,1,8.93,0.0,0.0,0.0,0.0,0.0,0.0,0.0,0.0,0.0,0.0,0.0,0.0,100.0,100.0,100.0,100.0,0.0,3.25,3.25,3.25,3.25,3.25,3.25,3.25,3.25,3.25,3.25
WDAY,Tief 9,1,10.79,0.0,0.0,0.0,0.0,0.0,0.0,100.0,100.0,100.0,100.0,100.0,100.0,100.0,100.0,100.0,100.0,0.0,1.72,1.72,1.72,1.72,1.72,1.72,1.72,1.72,1.72,1.72
WDAY,Tief 10,1,10.27,0.0,0.0,0.0,100.0,100.0,100.0,100.0,100.0,100.0,100.0,100.0,100.0,100.0,100.0,100.0,100.0,0.0,0.86,0.86,0.86,0.86,0.86,0.86,0.86,0.86,0.86,0.86
WMT,alle,54,32.53,40.7,46.3,59.3,64.8,66.7,72.2,72.2,77.8,77.8,81.5,83.3,85.2,85.2,85.2,85.2,85.2,37.04,0.0,0.0,0.59,1.88,2.37,3.01,5.07,6.44,10.31,13.53
WMT,Tief 1,32,32.53,34.4,37.5,50.0,56.2,59.4,62.5,62.5,68.8,68.8,75.0,78.1,81.2,81.2,81.2,81.2,81.2,31.25,0.0,0.0,0.73,2.49,2.85,4.99,6.14,7.1,11.65,13.53
WMT,Tief 2,14,22.07,42.9,57.1,71.4,71.4,71.4,78.6,78.6,85.7,85.7,85.7,85.7,85.7,85.7,85.7,85.7,85.7,35.71,0.0,0.0,0.41,1.21,1.54,1.92,3.68,4.83,5.35,5.48
WMT,Tief 3,6,74.83,50.0,50.0,66.7,83.3,83.3,100.0,100.0,100.0,100.0,100.0,100.0,100.0,100.0,100.0,100.0,100.0,50.0,0.0,0.0,0.33,0.81,0.85,0.97,1.09,1.21,1.31,1.33
WMT,Tief 4,2,73.15,100.0,100.0,100.0,100.0,100.0,100.0,100.0,100.0,100.0,100.0,100.0,100.0,100.0,100.0,100.0,100.0,100.0,0.0,0.0,0.0,0.0,0.0,0.0,0.0,0.0,0.0,0.0
XEL,alle,49,13.54,44.9,49.0,53.1,59.2,61.2,65.3,71.4,73.5,77.6,79.6,81.6,83.7,83.7,85.7,85.7,85.7,32.65,0.0,0.0,0.64,2.06,2.49,3.35,4.62,10.22,12.96,13.89
XEL,Tief 1,27,13.54,37.0,40.7,40.7,44.4,48.1,51.9,59.3,63.0,66.7,70.4,74.1,77.8,77.8,81.5,81.5,81.5,18.52,0.0,0.1,1.48,2.7,3.35,4.24,7.06,11.67,13.39,13.89
XEL,Tief 2,14,11.34,42.9,42.9,57.1,71.4,71.4,71.4,78.6,78.6,85.7,85.7,85.7,85.7,85.7,85.7,85.7,85.7,35.71,0.0,0.0,0.67,1.42,1.78,2.26,4.37,6.64,8.56,9.04
XEL,Tief 3,6,19.34,66.7,83.3,83.3,83.3,83.3,100.0,100.0,100.0,100.0,100.0,100.0,100.0,100.0,100.0,100.0,100.0,66.67,0.0,0.0,0.0,0.34,0.46,0.69,0.93,1.16,1.35,1.4
XEL,Tief 4,2,16.27,100.0,100.0,100.0,100.0,100.0,100.0,100.0,100.0,100.0,100.0,100.0,100.0,100.0,100.0,100.0,100.0,100.0,0.0,0.0,0.0,0.0,0.0,0.0,0.0,0.0,0.0,0.0
ZAL.DE,alle,55,14.27,12.7,16.4,23.6,27.3,29.1,30.9,32.7,36.4,38.2,43.6,47.3,52.7,56.4,58.2,60.0,61.8,12.73,0.0,0.85,2.85,5.0,5.24,5.37,5.66,6.17,6.83,6.89
ZAL.DE,Tief 1,16,13.71,6.2,12.5,18.8,25.0,25.0,25.0,25.0,25.0,25.0,31.2,37.5,43.8,50.0,50.0,50.0,56.2,6.25,0.52,2.09,3.53,5.32,5.58,5.75,6.07,6.47,6.81,6.89
ZAL.DE,Tief 2,14,13.93,21.4,21.4,35.7,35.7,35.7,35.7,35.7,35.7,35.7,35.7,35.7,50.0,57.1,57.1,57.1,57.1,21.43,0.0,0.56,2.93,4.69,4.99,5.27,5.29,5.4,5.55,5.58
ZAL.DE,Tief 3,8,13.11,12.5,12.5,12.5,12.5,12.5,12.5,25.0,37.5,37.5,37.5,50.0,50.0,50.0,62.5,62.5,62.5,12.5,1.21,1.83,3.0,5.46,5.58,5.7,6.04,6.41,6.71,6.78
ZAL.DE,Tief 4,7,12.48,0.0,0.0,0.0,14.3,14.3,14.3,14.3,28.6,42.9,42.9,42.9,42.9,42.9,42.9,57.1,57.1,0.0,1.39,1.91,3.68,5.0,5.01,5.13,5.45,5.77,6.03,6.09
ZAL.DE,Tief 5,6,17.97,0.0,16.7,33.3,33.3,50.0,50.0,50.0,50.0,50.0,83.3,83.3,83.3,83.3,83.3,83.3,83.3,0.0,0.43,0.71,1.7,2.46,2.49,3.16,3.83,4.49,5.02,5.16
ZAL.DE,Tief 6,4,20.93,50.0,50.0,50.0,50.0,50.0,75.0,75.0,75.0,75.0,75.0,75.0,75.0,75.0,75.0,75.0,75.0,50.0,0.0,0.0,0.64,2.05,2.52,2.98,3.45,3.92,4.29,4.39
ZS,alle,59,14.14,20.3,23.7,25.4,28.8,28.8,28.8,32.2,33.9,39.0,47.5,49.2,55.9,59.3,66.1,67.8,69.5,13.56,0.0,0.76,2.86,4.84,6.11,7.77,9.87,13.22,16.22,16.82
ZS,Tief 1,24,15.66,16.7,25.0,25.0,29.2,29.2,29.2,29.2,29.2,33.3,33.3,37.5,41.7,45.8,54.2,54.2,54.2,8.33,0.03,0.81,3.41,6.08,6.75,7.8,9.15,11.81,12.95,13.17
ZS,Tief 2,14,17.44,28.6,28.6,28.6,35.7,35.7,35.7,35.7,35.7,42.9,50.0,50.0,50.0,57.1,71.4,78.6,78.6,14.29,0.03,0.36,2.79,3.49,4.11,5.14,6.99,10.62,14.76,15.79
ZS,Tief 3,9,15.73,33.3,33.3,33.3,33.3,33.3,33.3,44.4,44.4,55.6,77.8,77.8,88.9,88.9,88.9,88.9,88.9,33.33,0.0,0.0,2.14,2.42,2.61,2.8,4.48,7.66,10.2,10.84
ZS,Tief 4,4,6.0,0.0,0.0,25.0,25.0,25.0,25.0,25.0,25.0,25.0,50.0,50.0,75.0,75.0,75.0,75.0,75.0,0.0,1.19,1.92,2.6,4.09,4.82,5.55,6.28,7.01,7.59,7.74
ZS,Tief 5,4,7.1,0.0,0.0,0.0,0.0,0.0,0.0,0.0,25.0,25.0,25.0,25.0,50.0,50.0,50.0,50.0,75.0,0.0,2.11,2.59,3.34,6.28,7.75,9.22,10.7,12.17,13.35,13.65
ZS,Tief 6,3,7.98,33.3,33.3,33.3,33.3,33.3,33.3,33.3,33.3,33.3,66.7,66.7,66.7,66.7,66.7,66.7,66.7,33.33,0.47,1.18,2.36,9.59,11.04,12.48,13.93,15.37,16.53,16.82
ZS,Tief 7,1,27.16,0.0,0.0,0.0,0.0,0.0,0.0,100.0,100.0,100.0,100.0,100.0,100.0,100.0,100.0,100.0,100.0,0.0,1.54,1.54,1.54,1.54,1.54,1.54,1.54,1.54,1.54,1.54
