ticker,position,faelle,zurueckfall_atr_min,zurueckfall_atr_p25,zurueckfall_atr_median,zurueckfall_atr_p75,zurueckfall_atr_p90,zurueckfall_atr_p95,zurueckfall_atr_max,n_21t,haelt_21t_pct,ruecksetzer_21t_median,ruecksetzer_21t_p75,ruecksetzer_21t_p90,n_42t,haelt_42t_pct,ruecksetzer_42t_median,ruecksetzer_42t_p75,ruecksetzer_42t_p90,n_63t,haelt_63t_pct,ruecksetzer_63t_median,ruecksetzer_63t_p75,ruecksetzer_63t_p90,n_84t,haelt_84t_pct,ruecksetzer_84t_median,ruecksetzer_84t_p75,ruecksetzer_84t_p90,n_126t,haelt_126t_pct,ruecksetzer_126t_median,ruecksetzer_126t_p75,ruecksetzer_126t_p90,n_189t,haelt_189t_pct,ruecksetzer_189t_median,ruecksetzer_189t_p75,ruecksetzer_189t_p90,n_252t,haelt_252t_pct,ruecksetzer_252t_median,ruecksetzer_252t_p75,ruecksetzer_252t_p90
AAPL,alle,515,0.6051451369603439,2.042664605378405,3.7838585180116677,7.26721009754276,11.218158142436058,13.716122835983926,22.26303605742913,515,24.7,2.75,5.0,7.25,515,17.5,3.25,6.25,9.0,515,12.6,3.75,7.25,11.0,512,10.4,4.0,7.75,12.0,503,6.6,4.5,8.75,13.95,500,5.6,5.5,10.0,14.75,495,4.0,6.0,10.75,16.0
AAPL,Hoch 1,217,0.6278410606696355,1.941067681921231,3.1718988223172615,6.223254004496818,9.57353341163244,11.550910720332949,22.26303605742913,217,23.5,2.5,4.75,6.5,217,17.1,2.75,5.5,7.6,217,12.4,3.0,6.0,9.45,216,8.8,3.12,6.75,10.62,212,6.6,3.75,7.25,11.98,210,5.7,4.5,8.69,12.3,209,3.3,4.75,9.5,13.5
AAPL,Hoch 2,119,0.8174128081643941,2.1199062896596312,3.603907542441799,6.861520435471604,10.306700208627797,13.182489501837184,19.63604521653995,119,26.9,2.5,4.12,7.3,119,21.0,3.0,5.62,8.25,119,15.1,3.5,6.62,10.25,119,12.6,3.75,7.12,11.75,116,6.9,4.75,8.06,13.12,115,6.1,5.5,9.62,13.7,113,4.4,5.75,10.0,15.5
AAPL,Hoch 3,71,1.0307321857654554,2.4360221666944564,4.599697697545682,7.735073620393022,11.641505533676412,13.71781611159895,19.389732759876928,71,26.8,3.75,5.75,7.0,71,12.7,4.0,7.38,9.0,71,8.5,4.5,7.62,11.5,71,8.5,5.25,7.75,12.75,69,2.9,6.0,10.0,13.5,69,1.4,6.75,11.75,15.2,67,1.5,7.0,12.5,16.0
AAPL,Hoch 4,43,0.6051451369603439,1.9770518480522128,4.34238391328566,8.815125778774561,12.4190086532924,17.11227167689349,21.6827605404881,43,23.3,3.0,6.38,8.85,43,20.9,4.0,8.25,11.4,43,14.0,4.25,8.62,12.2,42,14.3,4.25,10.88,14.37,42,11.9,6.38,11.69,15.87,42,9.5,6.62,12.38,16.0,42,9.5,7.12,12.38,16.0
AAPL,Hoch 5,26,1.491369487186575,2.711934191926318,4.4479249049774605,7.859588644176549,13.60204284601521,15.212265078038794,18.772451641526356,26,19.2,2.75,5.62,8.38,26,11.5,4.0,7.06,10.5,26,7.7,4.38,7.69,13.5,25,8.0,4.5,7.75,15.3,25,4.0,5.0,14.0,16.0,25,4.0,5.0,14.0,16.0,25,4.0,5.0,14.0,16.0
AAPL,Hoch 6,18,0.6477915420547798,3.3070697998803436,7.0907775079353055,9.07978809825438,14.016009861513602,15.217289160033305,20.432272038250638,18,38.9,4.38,6.81,8.7,18,22.2,5.12,8.81,12.53,18,16.7,7.0,8.94,13.9,18,16.7,7.75,14.5,16.0,18,16.7,7.75,15.94,16.0,18,16.7,8.62,15.94,16.0,18,11.1,8.62,15.94,16.0
AAPL,Hoch 7,5,1.8897628712739087,1.9516231937653585,3.6131332799758087,4.372295608949221,14.621683908802886,18.03814667542077,21.45460944203866,5,0.0,1.75,4.25,5.9,5,0.0,3.5,4.25,11.3,5,0.0,3.5,4.25,11.3,5,0.0,3.5,4.25,11.3,5,0.0,3.5,4.25,11.3,5,0.0,3.5,4.25,11.3,5,0.0,3.5,9.5,13.4
AAPL,Hoch 8,4,2.3576715948230484,2.69308755744066,2.991781734234079,4.353754327179191,6.468905053822805,7.17395529603734,7.87900553825188,4,0.0,2.88,4.19,6.33,4,0.0,2.88,4.19,6.33,4,0.0,2.88,4.19,6.33,4,0.0,2.88,4.19,6.33,4,0.0,2.88,4.19,6.33,4,0.0,3.12,4.38,6.4,4,0.0,5.38,8.5,9.85
AAPL,Hoch 9,3,1.3136075314146365,3.5188043912756104,5.724001251136585,7.282785518369923,8.218056078709925,8.529812932156593,8.84156978560326,3,33.3,2.0,5.38,7.4,3,33.3,4.25,6.5,7.85,3,33.3,5.5,7.12,8.1,3,0.0,5.5,7.12,8.1,3,0.0,5.5,7.12,8.1,3,0.0,6.75,7.75,8.35,3,0.0,8.75,10.75,11.95
AAPL,Hoch 10,2,2.0909043586075904,3.1150715002684617,4.1392386419293326,5.163405783590203,5.777906068586727,5.982739496918901,6.187572925251075,2,0.0,2.88,3.31,3.58,2,0.0,4.0,5.0,5.6,2,0.0,4.0,5.0,5.6,2,0.0,4.0,5.0,5.6,2,0.0,4.75,5.38,5.75,2,0.0,5.38,6.31,6.88,2,0.0,8.5,10.75,12.1
AAPL,Hoch 11,2,4.669523167505832,5.459356851286894,6.249190535067955,7.039024218849017,7.512924429117654,7.670891165873866,7.828857902630078,2,0.0,3.88,4.44,4.78,2,0.0,5.25,6.5,7.25,2,0.0,6.12,6.94,7.42,2,0.0,7.0,7.38,7.6,2,0.0,7.25,7.5,7.65,2,0.0,7.88,8.44,8.78,2,0.0,11.25,13.25,14.45
AAPL,Hoch 12,2,4.833618571176101,5.78933619996723,6.74505382875836,7.700771457549489,8.274202034824167,8.465345560582392,8.656489086340619,2,0.0,3.62,4.81,5.53,2,0.0,6.62,7.56,8.12,2,0.0,6.62,7.56,8.12,2,0.0,7.38,7.94,8.28,2,0.0,7.62,8.06,8.32,2,0.0,8.25,9.0,9.45,2,0.0,11.62,13.81,15.12
AAPL,Hoch 13,2,10.031511465987187,10.034797928088794,10.038084390190402,10.04137085229201,10.043342729552975,10.044000021973297,10.044657314393618,2,50.0,5.0,6.12,6.8,2,50.0,9.12,9.56,9.82,2,50.0,10.0,10.0,10.0,2,50.0,10.38,10.56,10.68,2,0.0,10.38,10.56,10.68,2,0.0,11.0,11.12,11.2,2,0.0,13.5,14.75,15.5
AAPL,Hoch 14,1,10.663628912011907,10.663628912011907,10.663628912011907,10.663628912011907,10.663628912011907,10.663628912011907,10.663628912011907,1,100.0,9.0,9.0,9.0,1,100.0,9.0,9.0,9.0,1,100.0,10.5,10.5,10.5,1,100.0,11.25,11.25,11.25,1,0.0,11.25,11.25,11.25,1,0.0,11.75,11.75,11.75,1,0.0,11.75,11.75,11.75
ABBV,alle,378,0.5630527537872556,2.381906551857116,4.40334764196637,7.318999539256214,10.641090194382132,13.185977691793807,19.935583041744312,378,29.9,3.0,4.5,6.75,378,19.6,3.75,6.0,9.25,378,14.3,4.25,7.19,10.5,377,9.8,4.75,7.75,11.0,371,6.7,5.25,8.62,12.0,364,4.4,5.5,9.25,12.5,361,3.9,5.75,9.75,13.5
ABBV,Hoch 1,165,0.5630527537872556,2.3897838832820235,4.444442835689428,6.9746618703643595,9.982520565041316,11.328878795087686,19.89958751213648,165,31.5,3.0,4.75,7.3,165,20.6,3.75,6.0,9.25,165,14.5,4.25,6.75,9.9,165,8.5,4.75,7.25,10.25,162,5.6,5.12,8.0,10.95,158,3.8,5.25,8.75,11.9,157,2.5,5.25,9.5,13.1
ABBV,Hoch 2,86,0.6074451589367866,2.142534377836682,4.281941002461359,6.565692481435887,10.327841597676908,11.400189555223633,19.935583041744312,86,31.4,3.0,4.25,5.88,86,19.8,3.75,5.69,8.5,86,15.1,4.25,6.44,10.25,86,11.6,4.62,7.0,10.38,84,8.3,5.0,7.56,10.85,82,4.9,5.25,8.25,11.48,81,4.9,5.25,8.75,12.25
ABBV,Hoch 3,51,1.1312622991189185,2.126281319973574,3.6055634795432243,6.808792943531719,9.976542484240372,15.318061975226321,19.921809595090192,51,31.4,2.5,4.75,6.25,51,21.6,3.0,5.88,8.25,51,11.8,3.5,6.62,9.75,51,7.8,4.75,7.38,9.75,50,8.0,5.38,8.19,12.85,49,8.2,5.5,8.25,12.95,49,8.2,5.75,9.25,13.9
ABBV,Hoch 4,30,0.7730365061770891,2.4630735466264717,3.708264337530399,8.139958968381722,11.615408222011881,13.606921822166704,16.121111042284443,30,10.0,2.5,3.5,4.05,30,3.3,3.25,4.0,7.6,30,0.0,3.62,8.06,11.43,29,0.0,4.0,8.5,11.6,29,0.0,5.0,9.5,12.6,29,0.0,5.25,9.75,12.6,29,0.0,5.25,10.75,13.35
ABBV,Hoch 5,19,0.7650490036363926,3.5129421945616066,6.383610440346449,12.238671351379594,13.53669356661789,13.602012940160519,13.750604242869818,19,31.6,3.75,4.88,6.85,19,15.8,3.75,7.0,10.4,19,15.8,6.25,12.12,13.5,19,10.5,6.5,12.12,13.75,19,10.5,6.75,12.62,13.75,19,5.3,6.75,13.12,14.0,19,5.3,6.75,13.12,15.0
ABBV,Hoch 6,10,1.5480404909578698,3.468595925864125,5.005003402499582,10.402135760158906,14.067363932360896,14.194077108728006,14.320790285095118,10,30.0,2.5,4.75,6.75,10,30.0,2.75,7.0,11.5,10,30.0,4.88,10.38,14.03,10,30.0,7.0,13.12,14.4,10,10.0,8.75,13.19,14.42,10,0.0,8.75,13.19,14.42,10,0.0,8.75,13.19,16.0
ABBV,Hoch 7,5,1.598384635133767,2.1399104135357154,6.1483479351696095,6.328636840141342,7.646821590459374,8.08621650723205,8.525611424004728,5,20.0,2.0,2.0,4.55,5,0.0,5.25,6.25,6.7,5,0.0,6.0,6.25,7.6,5,0.0,6.25,7.25,8.0,5,0.0,6.25,7.25,8.0,5,0.0,6.25,7.25,8.0,5,0.0,6.25,7.25,8.0
ABBV,Hoch 8,4,2.377025887637796,3.3468319266571918,6.262622206965204,9.249076223273157,9.958154571484686,10.194514020888526,10.43087347029237,4,0.0,2.75,4.81,7.18,4,0.0,5.38,7.62,8.3,4,0.0,6.12,9.12,9.8,4,0.0,7.0,9.12,9.8,4,0.0,8.12,9.19,9.97,4,0.0,8.12,9.19,9.97,4,0.0,8.12,9.19,9.97
ABBV,Hoch 9,4,3.234319799084277,5.879379919907362,7.9383836849884,9.896326744959435,11.301453548255282,11.769829149353894,12.23820475045251,4,50.0,4.25,6.44,9.03,4,50.0,5.75,8.31,9.78,4,50.0,7.88,9.75,11.1,4,50.0,9.0,9.75,11.1,4,25.0,9.0,9.81,11.28,4,25.0,9.0,9.81,11.28,4,25.0,9.0,9.81,11.28
ABBV,Hoch 10,3,6.655450077142826,6.758644578533504,6.861839079924181,8.001778144197484,8.685741582761466,8.913729395616127,9.141717208470787,3,66.7,6.75,6.88,6.95,3,66.7,6.75,7.25,7.55,3,66.7,6.75,7.88,8.55,3,66.7,8.75,8.88,8.95,3,33.3,8.75,8.88,8.95,3,0.0,9.0,9.88,10.4,2,0.0,8.88,8.94,8.97
ABBV,Hoch 11,1,7.389685557855875,7.389685557855875,7.389685557855875,7.389685557855875,7.389685557855875,7.389685557855875,7.389685557855875,1,100.0,4.25,4.25,4.25,1,100.0,5.5,5.5,5.5,1,100.0,7.25,7.25,7.25,1,0.0,9.75,9.75,9.75,1,0.0,9.75,9.75,9.75,1,0.0,9.75,9.75,9.75,1,0.0,9.75,9.75,9.75
ABNB,alle,164,0.8184085146511862,2.6810628120486895,4.6595628447819255,6.786846548400443,9.637897002361607,12.130750583455637,16.233966429800926,164,31.1,2.88,4.75,6.25,164,23.2,3.75,5.75,8.0,164,18.3,4.5,6.75,9.5,164,15.2,5.0,8.0,10.25,160,13.1,6.12,9.25,12.0,152,11.8,7.12,10.06,12.7,148,11.5,8.12,10.94,14.0
ABNB,Hoch 1,81,0.8184085146511862,2.4752404827951087,4.623244774589558,5.857674506905934,8.401469905307772,9.4564877393007,12.253753880724348,81,27.2,2.75,4.5,5.75,81,17.3,3.5,5.0,6.25,81,11.1,4.5,5.75,8.25,81,9.9,4.75,6.5,9.25,80,8.8,5.38,8.31,11.25,75,9.3,6.5,8.75,11.25,72,9.7,7.25,10.12,13.2
ABNB,Hoch 2,36,1.2446553714563877,2.292544556609481,4.147055933795263,7.352544211436097,9.56851935890763,10.35109705358,13.468490954880517,36,22.2,2.75,4.25,5.62,36,13.9,3.38,6.0,8.0,36,11.1,4.12,7.12,9.38,36,2.8,4.75,8.12,9.88,35,2.9,6.0,9.5,11.3,32,3.1,7.75,10.25,12.0,31,3.2,8.5,10.25,14.0
ABNB,Hoch 3,23,1.3650552076927729,2.9734419800295626,4.254032966632841,7.705701605353167,10.831764254442664,11.991028068080315,12.973292528687686,23,39.1,3.0,5.0,6.6,23,39.1,4.25,6.38,9.0,23,30.4,4.25,7.62,10.7,23,26.1,4.75,8.12,11.2,21,19.0,6.5,9.5,12.0,21,19.0,8.75,11.5,12.25,21,19.0,9.5,12.0,15.25
ABNB,Hoch 4,13,1.3776126045493438,3.2309692852884613,5.18739308671787,6.656382970552067,12.031731108102349,13.835241485917155,14.859428822422023,13,30.8,3.25,4.5,5.65,13,23.1,3.5,5.75,9.7,13,23.1,5.0,6.5,11.9,13,23.1,5.75,7.25,12.0,13,23.1,6.75,9.0,13.4,13,23.1,8.0,13.5,13.95,13,23.1,8.0,13.5,14.75
ABNB,Hoch 5,8,1.404979096820012,5.699597863514756,6.908918973136201,9.074624232733957,13.213768173216508,14.00213108080737,14.790493988398234,8,62.5,4.75,6.56,9.0,8,50.0,5.75,7.75,11.42,8,50.0,6.75,8.94,13.17,8,50.0,7.12,9.44,13.53,8,37.5,8.25,10.25,15.12,8,25.0,8.38,10.56,16.0,8,12.5,8.38,10.56,16.0
ABNB,Hoch 6,3,8.589045190101974,9.309632783224693,10.030220376347412,13.132093403074169,14.993217219110223,15.613591824455574,16.233966429800926,3,100.0,7.5,11.75,14.3,3,100.0,7.5,11.75,14.3,3,100.0,10.0,13.0,14.8,3,100.0,10.0,13.0,14.8,3,100.0,11.5,13.75,15.1,3,33.3,13.75,14.88,15.55,3,33.3,13.75,14.88,15.55
ABT,alle,520,0.6497571788646698,2.401358243598963,4.191826039663928,7.069350489682554,9.740079275406037,11.744334118845575,23.75422356383348,520,30.4,2.75,4.25,6.5,520,20.4,3.25,5.75,8.5,519,14.8,4.0,7.0,9.55,518,11.6,4.5,7.5,10.25,511,7.6,5.0,8.25,11.75,506,5.5,5.25,9.75,13.25,499,4.6,5.75,10.5,14.75
ABT,Hoch 1,243,0.6497571788646698,2.3243546747785073,3.981277070710637,6.475320924587397,9.065903440658387,10.489271248185513,16.14311689186734,243,28.8,2.75,4.25,6.0,243,20.2,3.25,5.25,8.0,243,14.8,3.75,6.38,9.0,243,11.1,4.25,6.88,9.25,237,6.8,4.75,7.5,10.85,234,5.1,4.88,8.94,12.18,229,3.9,5.25,9.5,12.75
ABT,Hoch 2,123,0.6662852767960166,2.3828543520758547,4.459981650335683,7.209472730714545,9.609871772116634,12.626854243708726,23.75422356383348,123,31.7,2.75,4.5,6.0,123,22.8,3.5,5.62,8.5,123,17.9,4.25,7.0,9.4,123,15.4,4.5,7.62,10.65,122,10.7,5.25,8.5,11.98,121,9.1,5.25,9.75,13.75,119,7.6,5.75,11.0,14.45
ABT,Hoch 3,68,1.0288571146893406,2.437684207235115,4.125962010711561,6.613867635243919,9.466935006640911,10.918403844343286,22.63846445069141,68,29.4,2.5,3.56,6.4,68,16.2,3.25,5.56,8.58,68,11.8,4.0,6.44,9.3,67,7.5,5.25,7.0,10.55,67,4.5,5.75,8.5,11.75,66,3.0,5.75,9.94,13.12,66,3.0,7.0,10.69,16.0
ABT,Hoch 4,39,0.9767371580088058,2.5924778312125367,4.233355818346599,7.896371843825065,11.004224206075863,11.448110456863445,12.726064486836147,39,28.2,2.75,4.0,6.1,39,17.9,3.5,5.88,8.5,38,15.8,4.25,7.75,10.83,38,10.5,4.75,8.44,11.75,38,5.3,5.0,10.19,12.55,38,2.6,5.12,10.94,14.25,38,2.6,6.75,11.0,16.0
ABT,Hoch 5,23,1.1222025039784356,2.9809313456393767,5.807579054782053,9.804364432001211,12.161048184736083,12.535671737474448,14.774026495421584,23,30.4,3.0,7.0,8.65,23,17.4,4.75,8.75,10.2,23,8.7,5.75,9.62,12.15,23,8.7,5.75,9.75,12.15,23,8.7,5.75,9.75,13.05,23,4.3,6.25,12.0,15.35,23,4.3,9.0,12.75,16.0
ABT,Hoch 6,12,1.2560347160257834,2.7570127991023137,5.6972574086038215,11.609650447026972,13.41244638482688,14.12556357039512,14.956004638606656,12,41.7,3.25,6.56,10.5,12,41.7,5.62,8.75,11.22,12,16.7,5.62,11.5,13.22,12,16.7,5.62,11.56,13.93,12,16.7,7.0,11.56,13.93,12,8.3,8.38,12.5,13.93,12,8.3,8.38,13.44,14.22
ABT,Hoch 7,5,1.7675227304716514,1.8450770795293752,3.3531694116598745,5.089441848359225,7.139046139962827,7.822247570497359,8.505449001031893,5,40.0,3.25,4.0,6.7,5,20.0,3.25,4.0,6.7,5,0.0,3.25,5.0,7.1,5,0.0,3.25,8.5,8.65,5,0.0,8.5,9.5,10.4,5,0.0,10.25,11.5,12.55,5,0.0,10.25,11.5,13.75
ABT,Hoch 8,4,3.083157398249349,3.941914553153083,6.161928993463026,8.288770778075584,8.636314290762531,8.752162128324846,8.868009965887163,4,50.0,4.12,5.38,7.4,4,0.0,4.12,5.38,7.4,4,0.0,6.0,8.19,8.53,4,0.0,7.25,8.88,9.1,4,0.0,7.25,9.31,10.33,4,0.0,8.38,11.69,12.93,4,0.0,8.38,12.19,14.33
ABT,Hoch 9,2,3.3638984757857897,4.593684695689738,5.823470915593687,7.053257135497635,7.791128867440004,8.037086111420793,8.283043355401583,2,50.0,5.75,7.0,7.75,2,0.0,5.75,7.0,7.75,2,0.0,5.75,7.0,7.75,2,0.0,7.12,7.69,8.03,2,0.0,7.12,7.69,8.03,2,0.0,10.38,12.56,13.88,2,0.0,10.38,12.56,13.88
ABT,Hoch 10,1,4.394913215172089,4.394913215172089,4.394913215172089,4.394913215172089,4.394913215172089,4.394913215172089,4.394913215172089,1,100.0,4.25,4.25,4.25,1,100.0,4.25,4.25,4.25,1,100.0,4.25,4.25,4.25,1,100.0,7.25,7.25,7.25,1,100.0,7.25,7.25,7.25,1,0.0,7.25,7.25,7.25,1,0.0,7.25,7.25,7.25
ACN,alle,551,0.5870924189457655,2.3951395330980754,4.337131390945661,7.334929732752007,10.446086709359214,12.752223836903212,26.234448438988522,551,25.6,3.0,5.0,7.75,551,16.0,3.75,6.25,9.0,551,11.6,4.25,7.25,10.25,548,8.9,4.5,7.75,11.33,543,6.6,5.25,9.25,13.0,540,4.6,6.25,10.5,16.0,534,3.2,6.75,11.44,16.0
ACN,Hoch 1,250,0.7726102522490946,2.390211860258857,4.070852174004969,6.771614320442657,9.461862552357521,11.945213537589858,20.307524187335243,250,26.0,3.0,4.69,7.27,250,15.6,3.5,5.94,8.75,250,12.8,4.0,6.69,9.27,248,8.9,4.25,7.25,10.25,243,7.0,5.0,8.38,12.2,240,4.6,5.38,9.0,15.0,237,3.4,6.25,10.25,15.45
ACN,Hoch 2,122,0.5870924189457655,2.3347283259190363,4.40865767787316,7.161267006471959,10.101858601129736,11.240925080881572,13.476622647185497,122,27.0,3.0,4.5,7.23,122,17.2,3.75,6.25,9.2,122,10.7,4.25,7.0,10.0,121,8.3,4.25,7.5,10.5,121,6.6,5.25,8.75,11.75,121,5.0,6.5,10.25,14.75,119,4.2,7.25,10.62,16.0
ACN,Hoch 3,70,0.6739785389788305,2.2356543100551574,4.1158783771612875,7.858683406609726,11.223406325242,12.43635052613871,14.290055418698897,70,17.1,2.88,4.75,7.33,70,12.9,3.88,6.94,10.03,70,8.6,4.0,7.75,11.05,70,7.1,4.62,8.12,12.0,70,5.7,5.12,9.06,12.5,70,2.9,6.75,10.88,16.0,69,1.4,7.0,12.0,16.0
ACN,Hoch 4,42,0.8468629404766953,2.4219428110170744,4.943053616393089,7.515929957282077,11.728345771377791,13.671667096186432,17.09120977192202,42,33.3,3.25,6.0,7.72,42,19.0,3.88,6.75,8.92,42,16.7,4.75,7.31,11.62,42,14.3,5.62,9.94,13.67,42,7.1,6.38,11.94,15.87,42,7.1,7.38,13.19,16.0,42,4.8,8.0,15.69,16.0
ACN,Hoch 5,24,1.1939402527352465,3.113142066933157,5.153887480420076,7.4627302445837325,11.120583288196684,13.261318477769484,24.998317739543346,24,33.3,3.12,6.25,8.47,24,29.2,3.88,6.25,9.87,24,20.8,5.12,7.44,10.95,24,20.8,5.75,8.25,13.27,24,16.7,6.25,13.5,15.7,24,12.5,6.62,14.12,16.0,24,4.2,6.62,14.31,16.0
ACN,Hoch 6,15,1.4085963986935945,2.367886275988349,4.918273574386992,9.084563646186435,17.108366073337667,22.451883537658585,24.01354217701573,15,13.3,2.25,3.75,7.1,15,6.7,3.25,5.38,7.5,15,0.0,4.75,8.88,13.6,15,0.0,5.0,8.88,15.2,15,0.0,7.25,14.25,16.0,15,0.0,7.25,15.5,16.0,15,0.0,7.25,15.5,16.0
ACN,Hoch 7,10,1.1283535878914916,1.9704274645019653,4.340288432146121,5.71537038185281,10.838277511335283,18.536362975161886,26.234448438988522,10,10.0,2.12,3.06,3.85,10,0.0,2.5,3.62,5.8,10,0.0,4.25,5.5,9.7,10,0.0,5.25,6.88,9.7,10,0.0,5.25,11.44,14.65,10,0.0,6.12,11.44,14.65,10,0.0,7.75,11.44,14.65
ACN,Hoch 8,7,1.7639773800054477,2.268997934142071,5.183115810775808,10.68151779774393,16.744424316373703,21.17749340646111,25.610562496548543,7,28.6,1.75,3.38,6.4,7,0.0,5.0,6.62,8.95,7,0.0,5.0,10.62,12.85,7,0.0,5.0,10.62,12.85,7,0.0,5.25,10.62,12.85,7,0.0,6.5,10.62,12.85,7,0.0,10.5,11.0,13.15
ACN,Hoch 9,6,2.3059880103517476,5.304156737453718,6.047467916627735,10.010484017611436,16.44393310562291,19.1216348578185,21.799336610014084,6,33.3,5.38,9.94,13.12,6,16.7,5.88,9.94,13.5,6,0.0,6.0,9.94,13.5,6,0.0,6.25,9.94,13.5,6,0.0,8.25,10.69,13.5,6,0.0,8.25,10.69,13.5,6,0.0,11.0,13.06,14.88
ACN,Hoch 10,4,5.518618949362126,7.739415976932886,8.57288864234106,12.522147268308114,19.46304021385656,21.776671195706033,24.090302177555518,4,50.0,7.62,10.19,13.68,4,50.0,7.62,10.19,13.68,4,25.0,8.38,10.38,13.75,4,25.0,8.38,10.38,13.75,4,0.0,9.0,11.12,14.05,4,0.0,9.0,11.12,14.05,4,0.0,12.25,15.25,15.7
ACN,Hoch 11,1,9.391971431000911,9.391971431000911,9.391971431000911,9.391971431000911,9.391971431000911,9.391971431000911,9.391971431000911,1,0.0,7.75,7.75,7.75,1,0.0,9.0,9.0,9.0,1,0.0,9.25,9.25,9.25,1,0.0,9.25,9.25,9.25,1,0.0,9.25,9.25,9.25,1,0.0,9.25,9.25,9.25,1,0.0,15.5,15.5,15.5
ADBE,alle,574,0.6964275357326224,2.600282106998616,4.691633358771762,7.242983507006491,10.801475768791509,12.473963679240567,21.180080336478447,574,26.5,3.0,4.75,6.75,574,17.2,3.75,6.0,8.75,574,12.2,4.5,7.0,10.75,571,10.3,5.0,7.75,12.5,563,8.9,5.5,9.75,14.7,555,6.8,6.5,11.25,16.0,550,5.8,6.75,11.94,16.0
ADBE,Hoch 1,263,0.8337698258525695,2.8221162175618417,4.907770104256785,7.723152708050554,10.907202370748136,12.356085611496244,19.506275694835434,263,30.4,3.0,4.75,6.75,263,19.0,3.75,6.25,9.2,263,14.4,4.75,7.5,10.75,261,12.3,5.25,8.25,12.5,256,11.3,6.0,10.0,14.25,249,8.8,6.75,11.0,15.75,245,7.8,7.25,12.25,16.0
ADBE,Hoch 2,120,0.6964275357326224,2.602149365921076,4.639682206970129,7.335271840344939,10.837475904563739,12.223093234905503,18.275123819762495,120,22.5,2.88,4.75,6.78,120,16.7,3.75,6.0,8.75,120,12.5,4.5,7.25,10.8,119,10.9,4.75,7.75,12.35,116,7.8,5.0,8.81,14.75,115,5.2,6.25,10.38,15.9,114,4.4,6.75,11.5,16.0
ADBE,Hoch 3,72,0.8569526843103787,2.1651467500760724,4.502044831848837,6.686664313356532,11.772097257940484,14.619002982167267,20.804854453750455,72,22.2,2.75,4.5,6.5,72,16.7,3.5,6.12,8.7,72,11.1,4.38,6.5,11.67,72,8.3,4.88,7.56,13.2,72,8.3,5.75,9.56,15.2,72,5.6,6.25,11.19,16.0,72,5.6,6.5,12.31,16.0
ADBE,Hoch 4,47,0.8053470716215947,2.371838497925329,4.47272745287827,6.963514529460596,10.623800232239377,12.877392510495898,21.180080336478447,47,19.1,2.75,4.25,5.75,47,10.6,3.75,5.5,9.4,47,4.3,4.25,6.88,10.6,47,4.3,5.0,8.38,13.05,47,4.3,6.0,11.5,15.1,47,4.3,7.0,13.12,16.0,47,4.3,7.0,13.88,16.0
ADBE,Hoch 5,30,1.4808445113306723,2.5232326804561223,5.132169080986829,7.043018659095004,11.404578779371258,12.263081436355394,18.37529056951057,30,26.7,3.88,5.25,7.08,30,20.0,4.38,6.75,11.3,30,13.3,5.0,6.94,11.3,30,10.0,5.88,7.56,12.8,30,6.7,6.5,11.69,16.0,30,6.7,7.38,12.69,16.0,30,6.7,8.0,13.19,16.0
ADBE,Hoch 6,19,1.2200788188534024,2.890571770185878,5.325155623008364,6.407876951447219,8.875052564819484,10.991160889141987,14.41003925445207,19,42.1,3.5,5.75,7.65,19,21.1,4.25,6.25,8.35,19,10.5,5.25,6.25,8.7,19,10.5,5.25,8.0,11.05,19,5.3,5.25,9.62,13.05,19,5.3,5.25,10.0,13.65,19,0.0,6.25,11.38,13.65
ADBE,Hoch 7,9,1.4933327855816096,2.130005977838667,3.2711871190690536,4.07416222772055,5.617692824804771,5.8760624889924085,6.134432153180047,9,11.1,3.25,4.0,5.05,9,11.1,3.25,4.0,5.4,9,0.0,3.25,4.0,5.4,9,0.0,3.75,4.0,6.15,9,0.0,3.75,4.5,7.4,9,0.0,3.75,4.5,7.4,9,0.0,3.75,4.5,7.4
ADBE,Hoch 8,6,1.3968643104264362,2.484555577296794,3.1988003665631313,4.02961613261223,5.311136335252904,5.916930911514525,6.522725487776145,6,16.7,2.38,3.62,5.25,6,0.0,2.38,3.62,5.25,6,0.0,3.12,3.94,5.25,6,0.0,3.25,5.31,6.12,6,0.0,3.25,5.69,6.38,6,0.0,3.25,5.69,6.38,6,0.0,3.38,5.75,6.38
ADBE,Hoch 9,3,2.676696308203944,3.4829614043797372,4.289226500555531,4.521318106479677,4.6605730700341645,4.706991391218994,4.753409712403823,3,33.3,2.75,3.5,3.95,3,0.0,2.75,3.5,3.95,3,0.0,4.25,4.5,4.65,3,0.0,4.25,5.25,5.85,3,0.0,4.25,5.5,6.25,3,0.0,4.25,5.5,6.25,3,0.0,4.25,5.5,6.25
ADBE,Hoch 10,3,3.8490092094393096,5.166784465007009,6.484559720574708,6.863905177319764,7.091512451366798,7.167381542715809,7.24325063406482,3,33.3,3.75,4.62,5.15,3,33.3,3.75,5.0,5.75,3,33.3,6.25,6.62,6.85,3,33.3,6.25,6.62,6.85,3,33.3,7.5,7.62,7.7,3,33.3,7.5,7.62,7.7,3,0.0,7.5,7.62,7.7
ADBE,Hoch 11,1,5.175806247544466,5.175806247544466,5.175806247544466,5.175806247544466,5.175806247544466,5.175806247544466,5.175806247544466,1,0.0,5.0,5.0,5.0,1,0.0,5.0,5.0,5.0,1,0.0,5.0,5.0,5.0,1,0.0,5.0,5.0,5.0,1,0.0,5.0,5.0,5.0,1,0.0,5.0,5.0,5.0,1,0.0,5.0,5.0,5.0
ADBE,Hoch 12,1,6.931316526387012,6.931316526387012,6.931316526387012,6.931316526387012,6.931316526387012,6.931316526387012,6.931316526387012,1,0.0,6.75,6.75,6.75,1,0.0,6.75,6.75,6.75,1,0.0,6.75,6.75,6.75,1,0.0,6.75,6.75,6.75,1,0.0,6.75,6.75,6.75,1,0.0,6.75,6.75,6.75,1,0.0,6.75,6.75,6.75
ADI,alle,552,0.678422952514433,2.4013380389836945,4.032719898405112,6.118944350640085,8.882589441864104,11.29677233414158,23.63440632051233,552,29.3,2.75,4.5,6.25,552,17.8,3.5,5.5,7.75,552,11.8,4.0,6.0,8.75,547,8.4,4.0,6.5,9.5,542,5.2,4.5,7.75,12.25,531,3.6,5.25,9.0,13.5,526,3.4,5.75,10.25,14.25
ADI,Hoch 1,269,0.678422952514433,2.2906779213270663,3.7586089385170367,6.11271109776843,8.535487854124671,11.117195030272528,22.782858217858603,269,27.1,2.75,4.5,6.0,269,15.6,3.25,5.25,7.5,269,9.3,3.75,6.0,8.5,266,7.1,3.75,6.25,9.0,265,3.8,4.25,7.5,11.65,260,2.3,5.0,8.0,12.27,257,1.9,5.5,9.5,13.1
ADI,Hoch 2,127,0.8686858334745218,2.4964022638497365,3.4983780812019507,5.290067121671546,8.264940958319725,9.850595405529015,18.613231163030246,127,28.3,2.75,4.25,5.75,127,16.5,3.25,4.75,6.85,127,11.8,3.25,5.12,8.1,125,7.2,3.5,5.75,9.05,124,6.5,4.25,7.31,12.0,123,6.5,5.0,9.25,13.2,122,6.6,5.5,9.75,13.25
ADI,Hoch 3,67,0.6977857759225816,2.298518511085894,3.8058124197623573,4.931845548049303,9.736591843561648,12.80809526113357,15.180179300969325,67,28.4,2.5,4.0,6.0,67,19.4,3.25,4.62,8.35,67,16.4,3.75,4.75,9.55,67,10.4,4.0,6.0,11.55,66,4.5,4.38,7.12,13.12,65,4.6,5.0,9.75,14.0,64,4.7,5.88,10.94,14.6
ADI,Hoch 4,40,0.7426549503474731,2.525042596114954,5.143453704193231,6.207176216339227,10.063700756903438,10.522998687577116,18.44530584722456,40,47.5,2.88,4.5,5.88,40,22.5,4.62,5.81,7.33,40,15.0,5.0,6.06,10.03,40,12.5,5.38,7.38,10.25,39,7.7,5.5,8.0,12.15,38,2.6,5.88,9.94,13.9,38,2.6,6.5,12.69,15.65
ADI,Hoch 5,20,0.923557516725324,3.224512638526494,5.928944219009412,8.530861223536762,9.630101510639486,10.385785586539088,23.63440632051233,20,30.0,4.5,6.12,7.4,20,25.0,5.5,7.75,8.83,20,25.0,5.75,8.5,9.5,20,15.0,6.62,8.5,9.5,19,5.3,7.5,8.62,10.4,18,0.0,8.25,13.81,16.0,18,0.0,8.25,13.81,16.0
ADI,Hoch 6,13,1.132036141647016,4.185518081704359,4.892084910781173,6.625960535227382,9.037126804782048,10.438827598582685,12.258591810904178,13,15.4,2.0,6.25,8.5,13,15.4,4.75,6.5,8.75,13,7.7,4.75,6.5,8.85,13,7.7,4.75,8.25,8.9,13,7.7,5.5,9.0,11.7,12,0.0,6.88,12.31,15.65,12,0.0,8.88,12.31,15.65
ADI,Hoch 7,9,3.705676284197366,4.976836501946348,6.548368010625835,7.5821610857997275,9.6270999850109,11.60319975642687,13.579299527842842,9,44.4,3.75,5.75,8.05,9,33.3,5.75,7.0,8.7,9,22.2,6.5,7.5,9.5,9,22.2,6.5,8.5,12.3,9,22.2,7.0,13.5,14.0,8,12.5,7.75,13.5,14.25,8,12.5,9.0,13.5,14.25
ADI,Hoch 8,4,5.8052245260227595,6.339542263046724,6.6315096304570105,7.047390511405515,7.591025477988689,7.772237133516412,7.9534487890441365,4,25.0,3.88,4.62,5.75,4,25.0,6.25,6.75,7.2,4,0.0,6.5,6.81,7.38,4,0.0,6.5,6.81,7.38,4,0.0,7.12,9.75,13.35,4,0.0,7.12,9.75,13.35,4,0.0,11.12,15.81,15.93
ADI,Hoch 9,3,5.469035977315176,5.886151808758367,6.303267640201558,7.202711257788277,7.7423774283403075,7.9222661518576505,8.102154875374994,3,66.7,4.0,4.0,4.0,3,66.7,6.25,6.88,7.25,3,0.0,6.25,7.12,7.65,3,0.0,6.25,7.12,7.65,3,0.0,6.25,7.12,7.65,3,0.0,6.25,7.12,7.65,3,0.0,6.25,11.12,14.05
ADP,alle,527,0.49184425713248836,2.287883763271606,4.012841296325101,6.773765533267749,11.235336378089203,14.910426300003655,40.13820244641643,527,26.4,2.75,4.25,6.25,527,16.7,3.25,5.75,8.6,527,12.0,4.0,6.62,11.1,526,9.7,4.25,7.25,12.88,522,5.9,4.75,8.75,16.0,514,3.5,5.5,12.75,16.0,509,2.8,6.25,13.75,16.0
ADP,Hoch 1,242,0.49184425713248836,2.2193552134168346,4.104184008682754,6.421298282420833,11.576364744586861,14.263699692264794,40.13820244641643,242,28.1,2.75,4.25,6.25,242,16.9,3.25,5.75,9.2,242,13.6,4.0,6.25,11.48,242,11.6,4.25,7.25,12.48,240,7.1,4.5,9.25,16.0,234,4.7,5.5,13.0,16.0,231,3.9,6.0,13.5,16.0
ADP,Hoch 2,119,0.5817397788708272,2.2487755149657707,3.435411614773251,6.678587446427583,13.016737241726357,16.70504742380457,35.64070444934558,119,25.2,2.5,4.0,5.55,119,17.6,3.0,5.88,8.3,119,10.9,3.25,6.5,12.8,119,8.4,3.75,7.0,14.15,118,5.1,4.62,8.12,16.0,116,2.6,5.5,12.56,16.0,115,0.9,6.25,14.75,16.0
ADP,Hoch 3,73,1.1332522597818881,2.0506591473560536,3.417306473858584,6.356803112760139,9.422743081182109,15.307701623760156,39.752628973807134,73,15.1,2.25,3.75,4.95,73,8.2,2.5,5.25,7.9,73,5.5,3.25,6.25,9.4,73,5.5,3.5,7.0,11.7,72,5.6,4.38,8.19,15.95,72,1.4,5.62,13.75,16.0,71,1.4,6.25,13.38,16.0
ADP,Hoch 4,48,0.9354554796096922,2.9383573824013633,3.923458743943054,6.914616366463933,8.88275130085348,9.809693435609084,23.51828714382773,48,33.3,3.0,4.31,6.83,48,25.0,3.25,5.75,7.98,48,16.7,3.75,6.75,8.73,47,10.6,4.25,7.62,9.75,47,4.3,4.5,9.0,16.0,47,2.1,4.75,13.75,16.0,47,2.1,6.0,14.25,16.0
ADP,Hoch 5,20,0.8694924416908604,3.1548478918052547,4.871823711919644,8.553740942075782,9.980798631020427,10.641950119809431,13.562133106414153,20,30.0,3.12,4.88,7.05,20,25.0,3.62,7.19,8.28,20,15.0,4.75,8.44,9.8,20,10.0,4.75,9.81,11.7,20,10.0,5.25,9.81,13.6,20,10.0,5.25,9.81,13.6,20,10.0,5.25,10.44,13.6
ADP,Hoch 6,13,1.0913279532012323,3.8428076461650984,4.81241643097613,9.160434983017828,11.461296518129249,11.544580630245756,11.568200827231768,13,38.5,4.0,4.75,6.4,13,15.4,4.0,5.75,8.7,13,7.7,4.75,9.0,11.4,13,7.7,4.75,9.0,11.45,13,0.0,5.75,9.0,11.45,13,0.0,5.75,9.0,11.45,13,0.0,5.75,11.25,13.7
ADP,Hoch 7,6,2.652763038459845,3.457297416654728,5.894316580221481,10.146127224304587,14.782365704440663,16.52273853026894,18.263111356097212,6,33.3,3.88,6.12,7.62,6,16.7,3.88,6.12,8.88,6,16.7,5.75,10.06,13.62,6,16.7,6.0,10.19,13.62,6,0.0,7.0,10.69,13.62,6,0.0,7.0,10.69,13.62,6,0.0,7.0,10.69,13.62
ADP,Hoch 8,3,1.6690505208031747,2.2546702073543656,2.840289893905556,8.436616918560759,11.794413133353881,12.91367853828492,14.032943943215962,3,0.0,2.75,3.75,4.35,3,0.0,2.75,5.62,7.35,3,0.0,2.75,8.38,11.75,3,0.0,2.75,8.38,11.75,3,0.0,2.75,8.38,11.75,3,0.0,2.75,8.38,11.75,3,0.0,14.0,15.0,15.6
ADP,Hoch 9,1,4.1512308717936754,4.1512308717936754,4.1512308717936754,4.1512308717936754,4.1512308717936754,4.1512308717936754,4.1512308717936754,1,0.0,4.0,4.0,4.0,1,0.0,4.0,4.0,4.0,1,0.0,4.0,4.0,4.0,1,0.0,4.0,4.0,4.0,1,0.0,4.0,4.0,4.0,1,0.0,4.0,4.0,4.0,1,0.0,16.0,16.0,16.0
ADP,Hoch 10,1,5.132296250551182,5.132296250551182,5.132296250551182,5.132296250551182,5.132296250551182,5.132296250551182,5.132296250551182,1,0.0,5.0,5.0,5.0,1,0.0,5.0,5.0,5.0,1,0.0,5.0,5.0,5.0,1,0.0,5.0,5.0,5.0,1,0.0,5.0,5.0,5.0,1,0.0,5.0,5.0,5.0,1,0.0,16.0,16.0,16.0
ADP,Hoch 11,1,5.750251884378052,5.750251884378052,5.750251884378052,5.750251884378052,5.750251884378052,5.750251884378052,5.750251884378052,1,100.0,5.75,5.75,5.75,1,0.0,5.75,5.75,5.75,1,0.0,5.75,5.75,5.75,1,0.0,5.75,5.75,5.75,1,0.0,5.75,5.75,5.75,1,0.0,5.75,5.75,5.75,1,0.0,16.0,16.0,16.0
ADS.DE,alle,538,0.6642127261507971,2.569077446725019,4.371064246754347,7.358446505149127,10.837303344665528,13.261840138135538,29.835284272201836,538,29.9,3.0,4.75,6.75,538,19.7,3.75,6.0,9.0,538,16.4,4.25,7.25,10.75,535,14.0,4.75,7.88,12.0,529,11.0,5.25,9.5,14.5,520,8.8,6.0,11.25,16.0,511,7.4,6.75,14.5,16.0
ADS.DE,Hoch 1,268,0.6642127261507971,2.54941874355577,4.340040035338552,7.492470587055197,11.230670847107152,13.882838602173047,21.233716971690182,268,31.7,3.0,4.56,6.33,268,20.5,3.5,5.75,9.75,268,18.3,4.25,7.31,11.08,268,15.7,4.75,8.5,12.15,266,13.5,5.25,11.0,14.75,262,11.1,5.75,13.19,16.0,259,9.7,6.75,14.88,16.0
ADS.DE,Hoch 2,129,0.8424710901028628,2.5779207293385675,4.375584003939982,7.550735269620368,10.521220758439602,13.03046928207159,23.449520205597416,129,31.0,3.25,4.75,6.3,129,21.7,3.75,6.0,7.75,129,17.1,4.25,7.5,10.5,129,15.5,4.75,8.5,13.0,127,11.8,5.25,8.88,15.85,125,9.6,6.25,11.25,16.0,122,8.2,7.25,15.31,16.0
ADS.DE,Hoch 3,64,1.1091970595180176,2.5055032352335704,4.174215556134444,6.997890724297067,9.984723917378437,11.987785754644381,25.77670665489057,64,21.9,2.5,4.62,7.35,64,14.1,3.25,5.81,8.25,64,9.4,4.12,6.81,9.93,64,6.2,5.12,7.5,10.35,63,3.2,5.5,8.5,11.9,62,3.2,6.5,10.38,15.42,60,1.7,6.88,11.62,16.0
ADS.DE,Hoch 4,32,1.0215135003584965,3.1411760260874804,3.7329966235998726,6.093354740420548,11.292188443946797,12.774099929248766,29.835284272201836,32,31.2,2.62,4.44,9.25,32,21.9,3.12,5.56,11.08,32,21.9,3.62,5.94,11.25,32,21.9,4.38,8.94,11.25,31,16.1,4.5,9.25,11.5,30,10.0,4.88,9.38,16.0,29,6.9,5.5,11.25,16.0
ADS.DE,Hoch 5,18,1.242732189792663,3.558524577106354,4.417418254874137,7.395617435884237,8.536276181439229,9.98707597076365,10.590235935524714,18,16.7,3.38,6.0,6.88,18,11.1,4.25,6.19,8.18,18,5.6,4.38,7.25,8.35,17,0.0,4.5,7.5,10.5,17,0.0,6.0,7.5,10.5,16,0.0,6.12,8.25,13.25,16,0.0,6.38,11.5,15.62
ADS.DE,Hoch 6,13,0.9261148811043272,4.326979549249938,5.692609534837636,8.076681952210677,9.849857551728018,10.308980545910133,10.344192304743505,13,38.5,3.5,6.5,7.55,13,30.8,5.5,7.75,9.8,13,15.4,5.5,8.0,9.8,12,8.3,5.38,7.81,10.03,12,0.0,6.12,7.81,10.03,12,0.0,7.25,8.56,15.43,12,0.0,7.25,8.56,15.43
ADS.DE,Hoch 7,6,1.2244299948095425,2.943891841179884,4.640182337969009,6.00854341143093,7.533537568117422,8.181455542678007,8.82937351723859,6,16.7,3.5,3.94,4.5,6,0.0,4.5,5.25,6.25,6,0.0,4.5,5.81,7.38,5,0.0,3.75,5.25,5.7,5,0.0,3.75,5.25,7.5,5,0.0,3.75,9.0,13.2,5,0.0,3.75,9.0,13.2
ADS.DE,Hoch 8,3,2.5616963873271654,2.6782791284582954,2.7948618695894254,4.986348613097894,6.301240659202976,6.7395380079046685,7.177835356606363,3,0.0,2.5,4.75,6.1,3,0.0,2.75,4.88,6.15,3,0.0,2.75,4.88,6.15,3,0.0,2.75,4.88,6.15,3,0.0,2.75,4.88,6.15,3,0.0,2.75,9.38,13.35,3,0.0,2.75,9.38,13.35
ADS.DE,Hoch 9,3,3.602713961120888,4.043175655135503,4.483637349150118,5.696211142005163,6.423755417718191,6.666270176289199,6.908784934860209,3,33.3,3.75,5.25,6.15,3,33.3,4.25,5.5,6.25,3,33.3,4.25,5.5,6.25,3,33.3,4.25,5.5,6.25,3,0.0,4.25,5.5,6.25,3,0.0,4.25,10.12,13.65,3,0.0,4.25,10.12,13.65
ADS.DE,Hoch 10,2,5.174897945195691,5.62835889638822,6.081819847580749,6.535280798773278,6.807357369488796,6.898049559727301,6.988741749965807,2,100.0,5.12,5.19,5.22,2,0.0,5.88,6.31,6.58,2,0.0,5.88,6.31,6.58,2,0.0,5.88,6.31,6.58,2,0.0,5.88,6.31,6.58,2,0.0,5.88,6.31,6.58,2,0.0,5.88,6.31,6.58
ADSK,alle,542,0.6272695749688291,2.7032095168017736,4.393156397958928,7.055991467110116,11.04931088167453,13.478021127664432,23.658086713894136,542,28.6,3.0,4.75,6.75,542,18.1,3.75,5.75,8.75,542,13.3,4.25,7.0,10.98,541,11.1,4.5,7.75,12.75,535,8.4,5.0,8.75,14.4,532,6.6,5.75,10.75,16.0,532,5.8,6.0,12.06,16.0
ADSK,Hoch 1,254,0.6272695749688291,2.266421327591149,4.1363459464668715,6.789150876476128,9.259992436725279,11.241501427067197,17.88889400737642,254,27.6,2.75,4.25,6.0,254,16.5,3.38,5.5,8.0,254,11.8,4.0,6.69,9.18,253,10.3,4.0,7.0,10.25,250,8.4,4.5,7.94,12.3,247,6.9,4.75,9.5,13.7,247,6.1,5.25,10.38,16.0
ADSK,Hoch 2,136,0.9197739519396048,2.9302110040077567,4.70195005728891,7.377384659851739,11.644887386903743,13.534144878289151,19.352923289278326,136,28.7,3.25,5.0,7.38,136,19.9,4.12,6.0,10.25,136,15.4,4.5,7.25,11.5,136,14.0,4.75,8.0,12.88,134,10.4,5.0,9.12,14.0,134,7.5,5.5,9.94,16.0,134,6.7,6.0,11.5,16.0
ADSK,Hoch 3,65,0.8727070357070777,2.909116970059779,4.619091067396953,6.931108976484156,11.754327685373985,13.031770406444922,18.666668311945877,65,30.8,3.5,5.0,6.65,65,16.9,4.0,5.25,8.05,65,12.3,4.5,6.75,11.65,65,7.7,4.75,7.5,13.6,64,4.7,5.0,8.94,14.18,64,3.1,6.0,12.5,14.68,64,3.1,6.25,12.81,16.0
ADSK,Hoch 4,39,0.8078396257818621,2.5671097173459225,4.140845698231637,7.650686682796926,12.259962352750668,15.147392693706996,17.940588463356026,39,28.2,2.75,5.5,7.05,39,20.5,3.5,7.0,9.9,39,15.4,4.0,7.62,12.2,39,12.8,4.75,7.75,14.0,39,7.7,5.0,9.38,15.8,39,5.1,6.5,14.0,16.0,39,5.1,7.0,15.0,16.0
ADSK,Hoch 5,22,1.5846700917328884,3.3140052329707936,4.172117370145118,8.605834930902411,15.950244543223432,16.5529764565839,23.519991455081346,22,27.3,3.12,4.62,9.93,22,22.7,3.75,7.12,11.6,22,22.7,4.12,8.5,15.73,22,18.2,5.12,9.94,15.98,22,13.6,6.25,11.56,16.0,22,13.6,8.62,14.81,16.0,22,9.1,9.0,15.94,16.0
ADSK,Hoch 6,12,2.5826210663654035,3.3325750158344163,4.295279022641225,5.976770583964992,7.7249248529777494,14.978827420262785,23.658086713894136,12,8.3,3.12,4.12,4.72,12,0.0,4.25,5.0,6.2,12,0.0,4.25,5.88,7.6,12,0.0,5.88,9.31,9.72,12,0.0,6.38,9.38,15.38,12,0.0,9.5,16.0,16.0,12,0.0,9.5,16.0,16.0
ADSK,Hoch 7,8,4.144223529722876,5.204210046087792,5.667186544610211,8.703588016456248,15.15687618861142,18.74765066115276,22.33842513369411,8,37.5,4.12,5.5,6.17,8,25.0,5.38,5.75,9.35,8,12.5,5.5,8.62,13.2,8,12.5,5.5,12.31,14.07,8,12.5,10.38,14.31,16.0,8,12.5,13.5,16.0,16.0,8,12.5,13.5,16.0,16.0
ADSK,Hoch 8,5,5.672026706323176,5.814745886172073,6.056810651813149,6.150056128051485,13.454612853670675,15.889465095543732,18.324317337416797,5,80.0,5.5,5.75,11.9,5,40.0,6.0,6.0,12.0,5,0.0,6.0,6.0,12.0,5,0.0,6.0,8.0,12.8,5,0.0,11.5,16.0,16.0,5,0.0,14.75,16.0,16.0,5,0.0,14.75,16.0,16.0
ADSK,Hoch 9,1,21.3366242050245,21.3366242050245,21.3366242050245,21.3366242050245,21.3366242050245,21.3366242050245,21.3366242050245,1,100.0,16.0,16.0,16.0,1,100.0,16.0,16.0,16.0,1,100.0,16.0,16.0,16.0,1,0.0,16.0,16.0,16.0,1,0.0,16.0,16.0,16.0,1,0.0,16.0,16.0,16.0,1,0.0,16.0,16.0,16.0
AEP,alle,549,0.706278352566106,2.1782284840145225,3.634049639720982,6.040856366641887,9.463283747634097,12.406549926085727,35.92152611323998,549,28.2,2.75,4.0,6.0,549,17.3,3.0,5.25,7.75,549,12.2,3.5,6.0,9.25,546,8.8,3.75,6.69,10.88,539,5.9,4.0,7.25,12.0,533,5.1,4.75,8.75,13.75,527,3.6,5.0,9.25,14.6
AEP,Hoch 1,248,0.706278352566106,1.9639032793691542,3.219650466729207,5.501668462119863,9.16384018135306,12.401669460226328,17.44694684999668,248,25.8,2.5,3.75,5.75,248,16.9,2.75,4.75,7.75,248,11.3,3.0,5.31,9.08,247,8.9,3.25,5.75,10.5,243,5.8,3.75,6.25,11.4,241,4.1,4.0,8.0,13.25,238,2.9,4.25,8.19,13.58
AEP,Hoch 2,134,0.7315053736543878,2.1370675205917413,3.1989174283585777,5.439530499669579,7.9502983787438275,11.736566408797641,28.90109687674989,134,20.9,2.5,3.5,5.43,134,13.4,2.75,4.5,6.0,134,7.5,3.0,5.25,7.93,133,3.0,3.25,5.75,9.2,131,1.5,3.5,6.0,10.25,130,1.5,4.25,7.25,12.03,127,1.6,4.5,7.62,12.25
AEP,Hoch 3,69,1.20666800689863,2.8019555624188546,4.158338589180814,6.119854157851742,9.925727999077516,11.592491411413357,30.629705842860435,69,30.4,2.75,4.25,6.3,69,18.8,3.25,5.5,9.05,69,17.4,4.0,6.0,9.8,68,11.8,4.0,7.31,11.4,67,7.5,4.75,8.75,11.6,66,7.6,5.5,10.0,14.62,66,6.1,5.75,10.19,15.38
AEP,Hoch 4,37,1.0148567055873776,2.7906040060405246,3.6393533473546418,6.745908637224081,9.026510945275463,13.359009235567695,35.92152611323998,37,29.7,2.75,4.25,6.2,37,18.9,3.25,5.25,7.45,37,16.2,3.5,6.5,8.85,37,16.2,4.75,7.0,10.65,37,16.2,4.75,7.5,13.8,36,13.9,5.12,8.94,15.25,36,11.1,5.12,10.38,15.25
AEP,Hoch 5,25,1.092230180490222,3.9697815005507753,4.975261101407415,6.278178706764537,8.350752670598608,10.541120487849176,12.222990781351463,25,40.0,3.75,4.75,5.75,25,12.0,4.5,5.5,7.25,25,8.0,4.75,6.25,8.2,25,8.0,5.25,7.5,9.3,25,8.0,5.25,7.75,14.4,24,8.3,5.5,9.38,15.02,24,8.3,5.5,9.38,15.62
AEP,Hoch 6,18,1.2791036822196933,4.335715674197817,6.185803325243107,7.067974569064311,9.030176903671606,9.536462374471727,12.095681459135061,18,61.1,4.0,6.19,6.5,18,22.2,6.12,6.88,8.65,18,11.1,6.12,6.88,9.0,18,11.1,6.25,7.94,9.07,18,0.0,6.25,9.0,10.08,18,0.0,6.38,9.19,11.82,18,0.0,6.38,9.19,11.82
AEP,Hoch 7,8,2.450839736503172,6.330784893411803,8.114197237660685,9.701249648639017,10.800264268423938,11.85492746105827,12.909590653692605,8,62.5,3.25,5.25,8.62,8,50.0,6.62,9.31,9.57,8,50.0,8.0,9.56,10.65,8,25.0,8.0,9.69,11.0,8,12.5,8.0,10.0,11.88,8,12.5,8.0,10.0,11.88,8,0.0,9.38,10.0,11.88
AEP,Hoch 8,4,3.7516987619248408,7.034558941511105,9.715675578623294,12.749089553367869,15.35294086885792,16.2208913073546,17.088841745851283,4,75.0,4.38,6.06,7.98,4,50.0,7.38,10.0,13.6,4,50.0,9.62,12.44,14.58,4,25.0,9.62,12.44,14.58,4,25.0,10.12,13.19,14.88,4,25.0,10.12,13.19,14.88,4,0.0,14.12,16.0,16.0
AEP,Hoch 9,2,3.3528205895478305,5.5061695056685,7.659518421789169,9.81286733790984,11.104876687582241,11.535546470806374,11.966216254030508,2,0.0,2.62,2.94,3.12,2,0.0,5.75,7.0,7.75,2,0.0,7.5,9.62,10.9,2,0.0,7.5,9.62,10.9,2,0.0,8.0,10.38,11.8,2,0.0,8.0,10.38,11.8,2,0.0,14.38,15.19,15.68
AEP,Hoch 10,2,2.9082551721068794,5.452168333814364,7.9960814955218495,10.539994657229334,12.066342554253826,12.575125186595322,13.083907818936819,2,0.0,5.12,6.31,7.03,2,0.0,7.88,10.44,11.97,2,0.0,7.88,10.44,11.97,2,0.0,7.88,10.44,11.97,2,0.0,8.25,11.0,12.65,2,0.0,8.25,11.0,12.65,2,0.0,14.88,15.44,15.78
AEP,Hoch 11,2,3.4737016396444877,6.033519384328595,8.593337129012701,11.153154873696808,12.689045520507273,13.201009069444094,13.712972618380915,2,100.0,6.62,8.31,9.32,2,100.0,8.38,10.94,12.47,2,50.0,8.38,10.94,12.47,2,50.0,8.5,11.12,12.7,2,50.0,8.88,11.69,13.38,2,50.0,15.25,15.62,15.85,2,0.0,15.25,15.62,15.85
AIR.DE,alle,549,0.6847265722759447,2.6189566147839476,4.252573015896033,6.928372353516444,9.88875380779302,13.240291812864372,40.06334693532152,549,30.6,3.0,4.5,7.0,549,19.7,3.75,6.0,8.8,549,13.1,4.25,6.75,9.75,547,10.6,4.75,7.5,10.85,543,8.1,5.5,8.75,13.0,535,5.6,5.75,9.5,14.25,527,4.2,6.25,10.0,16.0
AIR.DE,Hoch 1,280,0.6847265722759447,2.376143164936672,4.039313560622797,6.239167319762123,8.776544743833934,11.157279401411493,40.06334693532152,280,27.5,3.0,4.25,6.5,280,16.4,3.5,5.75,8.0,280,10.7,4.0,6.06,8.75,280,8.9,4.25,6.75,9.75,278,6.5,5.25,8.0,11.5,272,4.8,5.38,8.81,12.75,268,3.4,5.75,9.25,15.15
AIR.DE,Hoch 2,138,0.8101316545640703,2.745843569677246,4.630192706901992,7.747760968249514,10.089017927136597,12.996275517418422,39.99080371797423,138,35.5,3.25,4.5,7.32,138,24.6,4.0,6.69,9.57,138,15.2,4.5,7.69,10.0,137,11.7,5.0,7.75,10.6,136,8.8,6.0,9.25,13.25,134,5.2,6.75,9.69,15.18,133,3.0,7.25,10.0,16.0
AIR.DE,Hoch 3,66,1.066389741992243,2.7443792366014605,4.915277348027841,7.834286141059495,10.936792566745552,14.82723936998688,38.45191071066078,66,36.4,3.25,4.75,6.75,66,24.2,3.88,6.44,9.75,66,18.2,4.88,7.75,10.88,65,15.4,5.75,9.5,13.7,64,12.5,6.0,10.0,15.28,64,7.8,6.75,10.88,16.0,63,6.3,6.75,10.75,16.0
AIR.DE,Hoch 4,32,0.7848932206803292,2.975531212856471,4.3160884110009,7.30172552036339,14.55216587690051,16.503772482284443,23.16234476777229,32,31.2,3.38,5.0,6.9,32,18.8,4.12,6.31,10.68,32,15.6,4.12,7.25,14.45,32,12.5,4.38,7.38,15.43,32,9.4,5.12,7.88,15.95,32,6.2,5.38,11.06,16.0,32,6.2,6.0,11.06,16.0
AIR.DE,Hoch 5,17,1.4622603441161812,2.9264144134188492,3.6550684237459596,6.589447693660276,9.447657640989052,11.355142708337711,12.26603457961064,17,17.6,3.25,3.75,7.8,17,11.8,3.5,6.5,9.15,17,11.8,3.5,6.5,9.35,17,5.9,3.75,6.5,9.35,17,5.9,3.75,8.25,11.5,17,5.9,5.75,12.25,12.85,16,6.2,5.88,9.25,12.62
AIR.DE,Hoch 6,10,1.867281615209935,3.2821472460403154,4.2924508648273685,5.490630446781063,6.219579613191718,7.317736101678598,8.415892590165482,10,20.0,3.88,4.25,5.3,10,10.0,4.12,5.38,6.0,10,0.0,4.12,5.38,6.0,10,0.0,4.12,5.38,6.0,10,0.0,4.88,6.31,10.15,10,0.0,5.88,10.0,13.97,9,0.0,5.5,7.75,11.95
AIR.DE,Hoch 7,3,5.3805063592897,5.401203234069378,5.421900108849057,5.661464420514644,5.805203007513997,5.853115869847114,5.901028732180232,3,0.0,4.25,4.5,4.65,3,0.0,4.25,4.75,5.05,3,0.0,5.25,5.5,5.65,3,0.0,5.25,5.75,6.05,3,0.0,6.5,7.75,8.5,3,0.0,9.0,9.62,10.0,3,0.0,10.0,10.88,11.4
AIR.DE,Hoch 8,2,6.331028136130168,7.607468708039185,8.883909279948202,10.160349851857221,10.92621419500263,11.181502309384435,11.436790423766238,2,100.0,6.75,7.38,7.75,2,100.0,8.38,9.44,10.07,2,50.0,8.75,10.0,10.75,2,50.0,10.38,10.94,11.28,2,50.0,12.88,14.44,15.38,2,50.0,12.88,14.44,15.38,2,50.0,13.38,14.69,15.47
AIR.DE,Hoch 9,1,12.840163805077447,12.840163805077447,12.840163805077447,12.840163805077447,12.840163805077447,12.840163805077447,12.840163805077447,1,100.0,9.0,9.0,9.0,1,100.0,11.75,11.75,11.75,1,100.0,12.75,12.75,12.75,1,100.0,12.75,12.75,12.75,1,100.0,16.0,16.0,16.0,1,100.0,16.0,16.0,16.0,1,100.0,16.0,16.0,16.0
ALV.DE,alle,572,0.5853740633806893,2.4018374692751,4.060274145219282,6.469758662045879,10.609265792856222,12.67637429451268,44.04086101840816,572,26.6,2.75,4.5,7.0,572,16.8,3.5,5.75,9.0,572,11.4,4.0,6.25,10.47,572,9.1,4.25,7.25,11.25,565,6.0,4.75,8.25,12.75,558,4.7,5.12,8.75,16.0,551,4.0,5.5,10.75,16.0
ALV.DE,Hoch 1,263,0.8687073422438193,2.3738835004934327,3.8543104654606744,6.142842691576023,10.57904800581946,13.008243189292244,35.50239626431172,263,27.0,2.75,4.62,7.5,263,18.6,3.25,5.5,8.5,263,11.8,3.75,6.0,10.45,263,10.3,4.25,6.88,11.25,260,7.7,4.25,7.75,12.75,256,5.9,4.75,8.5,15.88,253,4.7,5.25,10.0,16.0
ALV.DE,Hoch 2,128,0.7574078027059421,2.062139984279026,3.561245777065865,6.280888721278868,9.44428256079907,11.63428572720506,36.56092291069035,128,27.3,2.5,4.0,7.75,128,18.0,3.25,5.31,9.07,128,13.3,3.5,6.25,9.32,128,8.6,3.75,7.0,9.65,126,4.8,4.38,7.94,11.5,125,4.8,4.75,9.0,16.0,123,4.1,5.25,10.0,16.0
ALV.DE,Hoch 3,74,0.6533800925078666,2.2930062542220613,4.020986504975302,5.561823151031591,8.267625420603318,12.171898394234669,44.04086101840816,74,18.9,2.5,4.0,4.75,74,9.5,3.5,4.75,7.35,74,6.8,3.88,5.5,8.18,74,6.8,4.12,5.5,8.68,73,4.1,4.75,7.25,11.8,73,4.1,5.0,8.5,16.0,71,4.2,5.25,10.88,16.0
ALV.DE,Hoch 4,49,1.0655529026214383,3.2773318930324242,5.471398342154162,8.050018148905453,11.409409425978978,13.502408660771561,17.99481171703653,49,18.4,3.5,5.0,5.85,49,14.3,4.25,6.0,9.55,49,8.2,5.25,8.0,11.35,49,2.0,5.5,9.0,14.05,48,2.1,5.75,10.38,14.33,47,2.1,6.0,11.25,16.0,47,2.1,7.0,14.38,16.0
ALV.DE,Hoch 5,28,0.5853740633806893,4.116067064716672,5.3239142078819075,9.075880162546673,12.70443125108114,13.320990797869845,14.57010072681612,28,35.7,3.62,5.88,7.4,28,17.9,5.0,6.81,10.62,28,14.3,5.25,8.88,12.48,28,14.3,5.88,9.75,12.48,28,10.7,6.5,10.75,13.25,27,0.0,6.5,11.0,14.8,27,0.0,7.25,12.38,15.7
ALV.DE,Hoch 6,14,0.9187431916540464,3.810233464027827,5.0331661322239345,6.883187023403714,8.574217968718537,8.947411387070888,9.182673592849032,14,35.7,3.38,4.75,6.85,14,7.1,4.5,6.69,8.45,14,7.1,4.88,6.69,8.45,14,7.1,5.38,8.5,10.23,14,0.0,6.75,8.94,11.63,14,0.0,6.75,8.94,13.18,14,0.0,6.75,8.94,15.4
ALV.DE,Hoch 7,10,1.7611019573103581,4.176555370166378,5.964962210037706,8.377491985688069,10.164713571166812,10.565903846639415,10.967094122112018,10,60.0,4.25,6.44,7.75,10,30.0,5.88,7.44,8.65,10,20.0,5.88,8.25,10.07,10,20.0,6.0,8.25,10.1,10,10.0,6.62,9.62,13.97,10,10.0,6.62,9.62,13.97,10,10.0,6.62,9.62,13.97
ALV.DE,Hoch 8,3,2.1463842846100287,2.321706866639678,2.497029448669328,3.8754395075341947,4.702485542853115,4.978167554626088,5.253849566399062,3,0.0,2.25,3.25,3.85,3,0.0,2.25,3.75,4.65,3,0.0,2.25,3.75,4.65,3,0.0,2.25,3.75,4.65,3,0.0,4.0,4.62,5.0,3,0.0,4.0,4.62,5.0,3,0.0,4.0,4.62,5.0
ALV.DE,Hoch 9,2,5.094647528673205,5.365316592313759,5.635985655954313,5.906654719594868,6.0690561577792,6.123189970507311,6.177323783235422,2,50.0,5.5,5.75,5.9,2,0.0,5.5,5.75,5.9,2,0.0,5.5,5.75,5.9,2,0.0,5.5,5.75,5.9,2,0.0,6.62,7.44,7.92,2,0.0,6.62,7.44,7.92,2,0.0,6.62,7.44,7.92
ALV.DE,Hoch 10,1,5.756445513531754,5.756445513531754,5.756445513531754,5.756445513531754,5.756445513531754,5.756445513531754,5.756445513531754,1,100.0,5.75,5.75,5.75,1,100.0,5.75,5.75,5.75,1,100.0,5.75,5.75,5.75,1,100.0,5.75,5.75,5.75,1,0.0,5.75,5.75,5.75,1,0.0,5.75,5.75,5.75,1,0.0,5.75,5.75,5.75
AMAT,alle,605,0.6890468220797662,2.3759031753082134,3.995586845702067,6.4850914250511105,9.184536506149811,11.025083580141857,20.770940308934357,605,28.1,2.75,4.75,6.25,605,18.2,3.5,5.75,7.75,605,14.0,3.75,6.25,9.0,602,11.0,4.25,7.0,10.5,597,9.9,5.0,8.75,12.75,586,7.8,5.75,10.5,15.25,575,6.3,6.5,12.0,16.0
AMAT,Hoch 1,290,0.6890468220797662,2.2465721770000173,4.0936400623204765,6.176118998221213,9.176162821983992,10.91849471889384,19.427741386826334,290,27.6,2.75,4.5,6.0,290,18.3,3.5,5.5,7.5,290,14.8,4.0,6.0,9.0,289,10.7,4.5,7.0,10.5,287,10.1,5.0,8.62,12.6,283,7.4,5.75,10.12,14.2,279,5.7,6.25,11.38,16.0
AMAT,Hoch 2,146,0.6996598031153878,2.261684327150454,4.33398937845484,6.557568880426714,9.001522711529532,10.869111272561558,18.131213595188086,146,30.1,3.0,4.94,6.25,146,17.1,3.75,5.69,7.25,146,13.7,4.12,6.5,8.88,145,13.1,4.5,6.75,10.65,143,11.9,5.0,9.25,14.0,140,11.4,5.5,10.25,15.75,137,9.5,6.25,12.75,16.0
AMAT,Hoch 3,77,0.9101577040875195,2.4669871695161607,3.762321308786474,5.870711762785946,10.37704441460197,11.493382642861569,20.770940308934357,77,26.0,2.75,4.5,6.1,77,18.2,3.5,5.5,8.45,77,14.3,3.75,5.75,10.25,76,14.5,3.75,6.81,10.5,75,12.0,4.25,8.5,12.3,73,8.2,5.0,10.75,15.9,71,7.0,6.25,12.25,16.0
AMAT,Hoch 4,45,1.1729952641880026,2.8248689412126335,4.132682513333828,6.61295305383953,8.96602758325607,10.278319465121315,19.432881765540383,45,28.9,3.25,5.25,6.05,45,22.2,3.75,6.25,7.75,45,13.3,4.0,6.5,8.9,45,4.4,4.0,7.25,9.4,45,4.4,5.5,7.5,11.9,44,2.3,6.25,9.31,12.68,43,2.3,7.0,9.75,14.75
AMAT,Hoch 5,22,1.6195412530291444,2.8700968448717843,3.8342531449773922,6.891064903739201,8.360797791305954,11.441166145970705,16.297410982651428,22,31.8,2.75,4.19,6.43,22,18.2,3.25,6.06,7.45,22,9.1,3.75,6.81,8.2,22,4.5,4.0,7.19,11.25,22,4.5,5.12,8.25,12.88,21,4.8,7.0,11.5,13.5,20,0.0,8.25,11.56,15.78
AMAT,Hoch 6,12,1.1567176762173257,2.151901910805246,4.074452662577743,7.006351398256105,7.835111138076641,8.203078134629939,8.64384936734898,12,25.0,2.25,4.38,6.85,12,16.7,3.5,7.0,7.75,12,8.3,3.88,7.0,7.75,12,8.3,5.38,7.94,9.4,12,0.0,6.75,7.94,9.4,12,0.0,7.0,10.19,12.18,12,0.0,8.12,11.69,15.63
AMAT,Hoch 7,6,2.4382165981801656,2.9880023948088548,3.291494234430055,7.064945307392299,8.986888885663305,9.366650561355634,9.746412237047965,6,0.0,2.88,3.38,6.5,6,0.0,3.25,6.88,8.75,6,0.0,3.25,6.88,8.75,6,0.0,3.75,8.25,10.38,6,0.0,3.75,8.25,10.38,6,0.0,6.38,10.69,12.62,6,0.0,8.62,13.5,14.88
AMAT,Hoch 8,4,1.0802643466550645,3.0498654061991486,5.7382578173539525,8.328677585902,9.334087464936289,9.66922409128105,10.004360717625813,4,50.0,5.12,7.56,9.03,4,25.0,5.62,8.31,9.33,4,25.0,5.62,8.31,9.33,4,25.0,6.75,10.06,10.18,4,25.0,6.88,10.06,10.18,4,25.0,11.0,12.0,12.9,4,25.0,14.25,15.25,15.7
AMAT,Hoch 9,2,2.5544015452619813,4.467681615449024,6.380961685636066,8.294241755823109,9.442209797935334,9.824865811972742,10.20752182601015,2,50.0,5.25,6.62,7.45,2,50.0,5.25,6.62,7.45,2,50.0,6.25,8.12,9.25,2,0.0,6.25,8.12,9.25,2,0.0,9.38,9.69,9.88,2,0.0,13.75,14.88,15.55,2,0.0,16.0,16.0,16.0
AMAT,Hoch 10,1,2.944824140006431,2.944824140006431,2.944824140006431,2.944824140006431,2.944824140006431,2.944824140006431,2.944824140006431,1,0.0,2.75,2.75,2.75,1,0.0,2.75,2.75,2.75,1,0.0,2.75,2.75,2.75,1,0.0,2.75,2.75,2.75,1,0.0,9.0,9.0,9.0,1,0.0,16.0,16.0,16.0,1,0.0,16.0,16.0,16.0
AMD,alle,524,0.8337762530528908,2.9419452030094613,4.734202873140191,7.559123246126676,10.295783561913066,12.681156435477293,22.505127140621283,524,33.8,3.25,4.75,6.75,524,22.7,4.0,6.5,9.0,524,18.5,4.5,7.5,10.17,519,16.2,5.25,8.12,11.25,514,13.0,6.0,9.25,14.0,508,10.4,6.75,10.81,16.0,498,9.0,7.25,12.75,16.0
AMD,Hoch 1,260,0.8337762530528908,2.798447784441749,4.632170591768125,7.041714011792649,10.079561980538388,12.046245625102573,17.077586612056937,260,34.2,3.12,4.56,6.52,260,22.7,3.88,6.25,8.75,260,18.5,4.5,7.0,10.0,257,17.1,5.25,7.5,11.1,256,13.3,6.0,8.75,13.5,253,9.5,6.75,10.5,15.2,249,9.2,7.25,12.75,16.0
AMD,Hoch 2,117,0.918034012830832,3.125246406343879,5.186681974255665,8.26021261314605,10.836141198356154,13.265494460809865,16.16666852103369,117,30.8,3.25,4.75,7.35,117,21.4,4.25,6.5,8.85,117,16.2,5.0,8.25,10.75,115,13.9,5.5,8.88,12.65,114,10.5,5.75,9.62,14.75,112,9.8,7.0,11.38,16.0,110,9.1,7.38,13.62,16.0
AMD,Hoch 3,61,1.338726607976824,2.7999998447506824,5.296781153082376,8.51376736853,12.993751942739006,14.231032962218418,17.42524036756641,61,32.8,3.25,5.25,8.0,61,19.7,4.5,7.75,10.75,61,18.0,5.25,8.5,12.75,61,16.4,5.5,8.5,16.0,60,15.0,6.62,10.12,16.0,59,13.6,7.25,11.38,16.0,58,8.6,8.25,13.75,16.0
AMD,Hoch 4,36,1.059401670316637,2.7889334294902017,4.619384698603447,7.548414856591158,8.823161922976315,11.386799318315706,22.505127140621283,36,41.7,3.25,5.38,6.62,36,33.3,4.25,6.5,8.62,36,30.6,4.5,7.44,8.75,36,25.0,4.5,8.31,9.75,35,22.9,5.25,9.0,11.45,35,20.0,6.0,10.38,13.15,34,11.8,7.75,11.44,14.27
AMD,Hoch 5,21,1.3884282018000798,2.523081311105967,4.535331636834798,6.3698716937197535,9.502587582052103,10.196862886673305,10.959437390762641,21,42.9,3.75,5.25,8.0,21,28.6,4.5,6.0,8.0,21,19.0,4.5,6.25,9.5,21,14.3,4.5,6.25,9.5,20,15.0,5.0,7.31,12.03,20,10.0,5.88,7.88,13.7,19,10.5,6.25,11.62,15.6
AMD,Hoch 6,10,1.2480612332404795,3.222882605317667,3.875698910131841,6.015864185822316,8.05090016751525,9.018097151604344,9.985294135693442,10,20.0,2.38,3.75,6.6,10,10.0,3.38,4.31,6.82,10,0.0,3.75,6.0,7.95,10,0.0,4.25,7.06,7.95,10,0.0,4.25,8.94,12.15,10,0.0,5.62,12.69,15.32,9,0.0,6.75,16.0,16.0
AMD,Hoch 7,7,3.2778544408451133,4.590711673439977,7.3043508006870015,8.381063796980476,9.16463041361501,9.408632965712002,9.652635517808998,7,14.3,3.25,3.88,6.2,7,14.3,4.5,4.88,6.8,7,14.3,7.25,8.25,9.05,7,14.3,7.75,9.0,9.35,7,0.0,7.75,10.38,13.15,7,0.0,7.75,14.0,15.4,7,0.0,7.75,15.88,16.0
AMD,Hoch 8,6,3.677297627632859,4.390430919166794,6.4011675790771765,8.198390885613362,8.321667857973281,8.358177574791604,8.394687291609927,6,50.0,3.75,4.0,4.12,6,16.7,4.5,5.31,6.12,6,16.7,6.38,8.0,8.12,6,0.0,6.38,8.19,8.62,6,0.0,6.5,9.56,12.75,6,0.0,6.5,10.69,13.75,6,0.0,6.5,12.38,14.88
AMD,Hoch 9,4,4.8571428813201765,4.95157360421738,6.84920691921939,8.802907252180606,8.960486318245497,9.01301267360046,9.065539028955424,4,50.0,3.38,4.31,4.42,4,50.0,5.88,7.5,8.4,4,50.0,6.62,8.62,8.85,4,25.0,6.62,8.62,8.85,4,25.0,6.75,9.19,10.43,4,25.0,6.75,9.56,11.48,4,25.0,6.75,10.19,13.23
AMD,Hoch 10,2,4.265381866984436,5.856085712415822,7.446789557847207,9.037493403278592,9.991915710537425,10.310056479623702,10.628197248709979,2,0.0,2.75,3.38,3.75,2,0.0,6.0,8.25,9.6,2,0.0,7.38,8.94,9.88,2,0.0,7.38,8.94,9.88,2,0.0,7.38,8.94,9.88,2,0.0,7.38,8.94,9.88,2,0.0,7.38,8.94,9.88
AMGN,alle,477,0.687146380372654,2.5906794560970563,4.120892407622028,6.6731629260541645,9.89332623549893,12.229330212337432,19.785813263867087,477,32.5,3.0,4.5,6.5,477,20.3,3.5,6.0,8.25,477,14.7,4.0,6.5,9.75,475,11.6,4.25,7.0,10.75,470,7.7,5.0,7.75,11.53,460,3.9,5.25,8.75,11.78,453,3.5,5.5,9.0,12.0
AMGN,Hoch 1,231,0.687146380372654,2.382990866489265,3.7436511078990566,6.280897126470145,9.051589076661392,12.074294831836966,15.419406882397384,231,29.9,3.0,4.38,6.5,231,16.5,3.25,5.5,8.25,231,10.0,3.5,6.12,9.0,231,6.5,3.75,6.25,10.5,227,4.4,4.25,6.62,10.5,223,2.2,4.75,7.5,11.7,219,2.3,5.0,7.88,11.8
AMGN,Hoch 2,110,0.7831799019394834,2.4173582469971597,3.8736262209467878,7.303648894808881,9.667507900246356,12.633542220085058,16.044121089305698,110,32.7,2.75,4.25,6.53,110,20.9,3.5,6.0,8.25,110,16.4,3.75,7.25,9.53,109,12.8,4.25,7.25,10.8,108,8.3,4.62,7.75,11.65,104,5.8,5.25,8.75,12.5,102,4.9,5.5,9.19,12.95
AMGN,Hoch 3,63,1.4898644716698395,2.596795231553026,4.006463894309043,6.203268860493303,9.322168063323542,10.928767649445781,17.96227312562035,63,31.7,3.25,4.5,5.45,63,23.8,3.5,5.5,7.25,63,17.5,4.0,6.12,9.15,62,12.9,4.25,6.5,9.2,62,8.1,4.75,7.69,9.7,60,1.7,5.25,8.06,11.25,59,1.7,5.75,8.75,11.25
AMGN,Hoch 4,34,1.1573850679746343,2.965790298849996,4.4420710034175706,6.177868352929469,8.146460003918499,11.104484122430968,13.860164905469402,34,32.4,3.5,5.0,6.6,34,17.6,4.12,5.75,7.17,34,14.7,4.25,6.0,7.92,34,14.7,5.38,7.19,9.27,34,5.9,6.38,7.94,11.1,34,0.0,6.75,9.31,11.1,34,0.0,6.88,9.5,11.43
AMGN,Hoch 5,21,1.3505570992849147,3.3263802241306237,6.76569987400824,7.399903256710623,9.630670128272484,11.933344643195984,13.999975604452555,21,47.6,3.25,5.25,8.25,21,33.3,4.0,6.5,8.25,21,23.8,6.75,7.25,9.5,21,23.8,7.25,9.0,9.75,21,19.0,8.0,9.75,11.75,21,14.3,9.0,11.0,11.75,21,14.3,9.5,11.0,11.75
AMGN,Hoch 6,11,2.1085869431086572,5.7942541846648385,8.994022786139245,11.151721128571388,12.350906956550444,12.988623955360897,13.62634095417135,11,54.5,3.75,6.88,10.0,11,54.5,6.75,9.38,10.75,11,54.5,8.75,11.0,12.25,11,54.5,9.75,12.12,13.5,11,45.5,9.75,12.5,15.25,11,27.3,9.75,12.5,15.25,11,18.2,9.75,12.75,15.25
AMGN,Hoch 7,4,4.364298322003717,5.996133495518608,7.940255683916421,11.951777926823723,16.652199129049745,18.219006196458412,19.785813263867087,4,75.0,3.75,5.31,7.23,4,50.0,6.5,9.31,10.33,4,50.0,7.88,10.94,13.98,4,50.0,7.88,10.94,13.98,4,25.0,7.88,10.94,13.98,4,0.0,7.88,10.94,13.98,4,0.0,7.88,10.94,13.98
AMGN,Hoch 8,1,7.4266956874541545,7.4266956874541545,7.4266956874541545,7.4266956874541545,7.4266956874541545,7.4266956874541545,7.4266956874541545,1,0.0,1.25,1.25,1.25,1,0.0,1.25,1.25,1.25,1,0.0,7.25,7.25,7.25,1,0.0,7.25,7.25,7.25,1,0.0,7.25,7.25,7.25,1,0.0,7.25,7.25,7.25,1,0.0,7.25,7.25,7.25
AMGN,Hoch 9,1,9.819130711369901,9.819130711369901,9.819130711369901,9.819130711369901,9.819130711369901,9.819130711369901,9.819130711369901,1,0.0,1.25,1.25,1.25,1,0.0,4.25,4.25,4.25,1,0.0,9.75,9.75,9.75,1,0.0,9.75,9.75,9.75,1,0.0,9.75,9.75,9.75,1,0.0,9.75,9.75,9.75,1,0.0,9.75,9.75,9.75
AMGN,Hoch 10,1,12.95018052579846,12.95018052579846,12.95018052579846,12.95018052579846,12.95018052579846,12.95018052579846,12.95018052579846,1,0.0,4.5,4.5,4.5,1,0.0,12.75,12.75,12.75,1,0.0,12.75,12.75,12.75,1,0.0,12.75,12.75,12.75,1,0.0,12.75,12.75,12.75,1,0.0,12.75,12.75,12.75,1,0.0,12.75,12.75,12.75
AMT,alle,516,0.6887235416885416,2.5148170746490517,4.141856445191654,6.567133933487506,9.335213883797422,11.07405696629058,22.895405678212285,516,28.9,2.75,4.25,6.25,516,18.8,3.5,5.5,7.88,515,14.0,4.0,6.5,9.25,512,10.0,4.38,7.0,10.25,509,7.3,5.0,8.25,12.05,502,5.4,6.0,9.69,14.0,496,4.2,6.5,10.75,15.25
AMT,Hoch 1,253,0.6887235416885416,2.2195742090005828,3.8906439458146456,5.972900586888394,8.47229280702578,10.156887062200187,19.95845080837783,253,26.9,2.75,4.0,5.5,253,17.4,3.25,5.0,7.2,252,13.9,3.75,5.81,8.25,250,10.0,4.25,6.25,9.25,249,6.4,5.0,7.25,10.3,245,4.9,5.75,8.75,11.4,241,3.3,6.0,9.25,15.25
AMT,Hoch 2,122,1.0772711089744695,2.437432051609203,3.974921823037433,6.905321148038171,9.712206241949348,11.248489614994304,22.895405678212285,122,33.6,2.75,4.44,6.73,122,23.0,3.5,5.94,7.98,122,15.6,3.75,6.75,9.5,121,10.7,4.0,7.25,9.75,120,8.3,5.0,8.56,11.78,118,5.1,5.38,9.75,13.25,116,4.3,6.75,10.5,14.75
AMT,Hoch 3,67,1.0713813035807995,2.5915415982919128,4.418400038635964,7.388637410858212,9.761100601749432,11.01007070888353,13.926243081565106,67,23.9,2.75,4.0,6.65,67,16.4,4.0,5.5,8.1,67,10.4,4.25,7.38,9.6,67,7.5,4.5,8.38,10.7,66,4.5,5.12,9.0,12.25,65,3.1,5.75,11.25,14.0,65,3.1,7.75,11.75,14.5
AMT,Hoch 4,40,1.2594710124227406,3.4669048145345855,4.205794048899083,6.762235361701428,9.918236487598751,11.18547895395403,17.52849617452708,40,22.5,3.12,4.0,5.08,40,10.0,3.88,5.31,7.85,40,7.5,4.0,6.56,9.78,40,2.5,4.25,7.12,10.88,40,2.5,5.38,8.38,13.85,40,2.5,6.38,11.06,14.75,40,2.5,7.5,12.94,14.88
AMT,Hoch 5,21,0.8839583804598112,3.636407346009671,5.669238712322222,7.421697188134274,8.539803237324882,14.628692425259263,17.98692847010047,21,42.9,4.0,5.25,6.5,21,23.8,5.25,6.25,8.0,21,19.0,5.5,7.25,8.5,21,19.0,5.5,8.0,13.25,21,19.0,7.0,10.5,14.5,21,19.0,9.25,12.5,15.75,21,14.3,9.25,12.5,16.0
AMT,Hoch 6,8,1.4493263296656176,2.985131080805995,4.879110528313972,7.867369275348974,9.487797654476566,11.117146282792225,12.746494911107888,8,25.0,3.0,6.81,7.97,8,25.0,4.75,7.38,8.88,8,25.0,4.75,7.81,9.35,8,12.5,5.62,8.31,11.35,8,12.5,8.5,10.12,12.15,8,12.5,9.5,11.0,13.55,8,12.5,9.5,11.56,13.55
AMT,Hoch 7,4,3.127784345796407,4.110848792606084,6.5395489772219495,9.074835860035702,9.856530584877703,10.117095493158368,10.377660401439035,4,75.0,4.25,6.5,8.75,4,50.0,5.88,8.94,9.72,4,25.0,6.38,8.94,9.72,4,25.0,8.88,10.38,10.6,4,25.0,10.75,11.5,12.85,4,0.0,10.75,12.06,14.43,4,0.0,10.75,12.06,14.43
AMT,Hoch 8,1,10.950049563360645,10.950049563360645,10.950049563360645,10.950049563360645,10.950049563360645,10.950049563360645,10.950049563360645,1,100.0,5.5,5.5,5.5,1,100.0,10.25,10.25,10.25,1,100.0,10.75,10.75,10.75,1,100.0,14.75,14.75,14.75,1,100.0,14.75,14.75,14.75,1,100.0,14.75,14.75,14.75,1,100.0,14.75,14.75,14.75
AMZN,alle,561,0.5123023005717233,2.3209476389732764,4.088907512793583,7.2270761935691565,10.437159196064021,12.097862102610085,21.330010173015,561,27.5,3.0,4.75,7.0,561,16.6,3.5,6.0,8.75,561,11.8,4.0,7.0,10.25,558,8.1,4.25,7.75,11.25,553,5.4,4.75,8.75,12.5,548,4.0,5.5,9.5,13.25,541,2.8,5.75,10.0,14.25
AMZN,Hoch 1,261,0.5123023005717233,1.9795078507230275,3.602500537954637,6.397727436927434,9.5175017446965,11.4952733433401,15.386459067287092,261,27.2,2.75,4.25,6.75,261,15.7,3.25,5.5,8.0,261,10.3,3.5,6.25,9.5,259,5.8,3.75,6.75,10.8,257,4.7,4.25,7.75,12.25,254,3.5,4.75,8.25,12.5,250,2.8,5.0,9.25,13.57
AMZN,Hoch 2,132,0.7515668569032031,2.347709068538541,4.015427496050307,6.929078440444858,11.190120673955903,12.615050765327878,21.330010173015,132,24.2,2.75,4.5,6.73,132,18.2,3.38,5.5,8.7,132,12.9,3.88,6.75,10.98,131,10.7,4.25,7.5,11.5,130,7.7,4.5,8.44,12.28,128,6.2,5.0,8.81,13.57,126,4.0,5.38,9.56,14.88
AMZN,Hoch 3,77,0.7384147225167514,2.823430083155509,5.304860421214784,8.07669539033219,11.770072362177284,12.652164648920092,14.441389756051477,77,36.4,3.25,5.25,6.6,77,22.1,4.25,6.0,10.2,77,20.8,5.25,8.0,11.7,77,15.6,5.5,9.25,12.1,76,6.6,6.25,10.0,13.25,76,3.9,7.12,10.38,13.88,75,2.7,7.25,10.5,14.25
AMZN,Hoch 4,38,1.2143102808358681,2.686564218774982,4.768808591949325,7.566321872187575,9.608197151039759,10.092319285837714,11.583967833414661,38,28.9,3.75,5.19,6.48,38,13.2,4.25,7.0,7.75,38,2.6,4.62,7.38,9.4,38,2.6,5.12,9.19,10.33,37,2.7,6.0,10.0,12.65,37,2.7,6.0,10.0,12.65,37,2.7,6.0,10.25,12.65
AMZN,Hoch 5,27,1.3035476595894298,2.820359476412439,6.918859279592396,8.973035511518116,10.974313943034172,11.190078860538316,12.513721103599964,27,25.9,3.5,7.0,7.7,27,11.1,4.0,7.88,8.85,27,11.1,6.75,8.75,10.85,27,7.4,7.0,10.12,11.55,27,7.4,8.75,11.0,14.55,27,3.7,8.75,11.0,14.55,27,0.0,8.75,11.12,14.55
AMZN,Hoch 6,12,1.565878754131081,2.6953751212235275,4.259605609111667,9.355729109638016,11.13441876621232,12.20835716557389,13.47876847247641,12,25.0,3.25,3.81,7.9,12,16.7,3.25,7.56,8.72,12,8.3,4.12,9.25,10.97,12,8.3,4.12,9.31,13.03,12,0.0,4.75,11.56,15.73,12,0.0,6.0,11.56,15.73,12,0.0,6.0,11.56,15.73
AMZN,Hoch 7,7,1.913577393059031,2.2390581365709803,3.8950338896706818,6.527395024998931,8.110545020193547,9.169630292270115,10.22871556434669,7,0.0,2.25,3.5,4.75,7,0.0,3.75,5.88,7.45,7,0.0,3.75,6.38,7.9,7,0.0,3.75,6.38,10.3,7,0.0,5.75,6.38,10.3,7,0.0,6.25,7.0,10.9,7,0.0,6.25,7.0,10.9
AMZN,Hoch 8,5,2.802784758722736,4.804509452310029,5.57209727119875,7.3882415801176045,8.064195177264038,8.289513042979516,8.514830908694995,5,20.0,4.75,5.5,6.55,5,0.0,5.5,7.25,7.4,5,0.0,5.5,7.25,8.0,5,0.0,5.5,7.25,8.0,5,0.0,6.75,7.25,8.0,5,0.0,6.75,8.5,10.3,5,0.0,6.75,8.5,10.3
AMZN,Hoch 9,2,4.1192252415678645,5.474860310013874,6.830495378459883,8.186130446905892,8.999511487973498,9.270638501662699,9.541765515351901,2,50.0,3.88,4.56,4.97,2,50.0,6.75,8.12,8.95,2,50.0,6.75,8.12,8.95,2,0.0,6.75,8.12,8.95,2,0.0,9.0,9.25,9.4,2,0.0,9.0,9.25,9.4,2,0.0,9.0,9.25,9.4
ANET,alle,367,0.6975974804035947,2.5725276571775026,4.323521505101627,6.599100527418553,9.321444063335687,11.173042733974755,18.181704982238127,367,25.1,3.0,4.5,7.0,367,14.7,3.5,5.5,8.5,367,9.0,4.25,6.5,9.25,365,7.9,4.5,6.75,10.15,358,6.1,4.75,8.0,11.5,347,5.2,5.25,8.62,13.35,335,3.9,6.0,9.0,13.75
ANET,Hoch 1,161,0.6975974804035947,2.3320735254236173,3.700772485394065,6.034453300130952,8.14015101199488,9.342943404555724,18.181704982238127,161,19.9,2.5,4.25,6.5,161,10.6,3.25,5.0,7.5,161,6.8,3.5,6.0,8.0,160,5.0,3.75,6.06,8.5,157,3.8,4.25,6.5,10.6,152,2.6,5.0,7.5,10.98,146,2.1,5.62,8.0,11.38
ANET,Hoch 2,92,0.8100804158500533,2.54678058655488,4.28818630974686,6.45076545684745,9.056571073375025,10.524605971988738,14.485459402623716,92,28.3,3.0,4.81,6.7,92,14.1,3.25,6.0,8.48,92,10.9,4.12,6.31,8.98,92,10.9,4.38,6.56,9.45,90,7.8,5.0,7.62,11.0,86,5.8,6.0,8.75,13.0,83,4.8,6.25,9.38,13.15
ANET,Hoch 3,56,0.7788555173884315,3.400931052568551,4.762366224883065,7.490464311982797,9.807553610390592,11.386647892834006,16.58639945703165,56,26.8,3.38,4.88,7.5,56,17.9,3.5,5.56,9.5,56,8.9,4.75,7.31,9.75,55,7.3,4.75,8.25,11.3,54,3.7,5.25,8.69,11.68,52,3.8,5.25,9.56,14.2,49,2.0,5.75,10.5,14.35
ANET,Hoch 4,28,1.211648065910119,3.4643985484261934,4.896105619989168,7.08770089217402,11.03616548024715,11.69423679021662,16.755301780607066,28,28.6,2.88,4.31,5.7,28,21.4,4.0,5.31,10.82,28,14.3,4.75,7.0,10.82,28,14.3,5.0,8.0,12.5,27,14.8,5.25,10.0,12.75,27,14.8,5.5,12.88,14.25,27,14.8,8.25,12.88,14.25
ANET,Hoch 5,14,1.4530269253425048,3.940779939943556,6.321422908172013,9.221329333253296,12.541013021577772,13.776206860603201,15.531449450078512,14,35.7,3.62,5.62,9.0,14,28.6,5.5,9.0,11.6,14,7.1,6.12,9.0,12.45,14,7.1,6.12,9.0,14.38,14,7.1,7.25,10.5,15.13,14,7.1,7.25,13.44,15.28,14,0.0,7.25,13.44,15.28
ANET,Hoch 6,7,1.7940134546494713,3.2727455390191826,5.976018862170378,9.864490928715284,12.77932312327851,13.298939634978076,13.818556146677645,7,57.1,4.0,4.88,8.8,7,42.9,5.75,9.75,12.7,7,28.6,5.75,9.75,12.7,7,28.6,6.0,9.75,13.6,7,28.6,6.0,11.0,15.1,7,28.6,6.0,11.0,15.1,7,14.3,6.0,11.0,15.1
ANET,Hoch 7,3,2.2344404707891856,2.7136405999666415,3.192840729144098,5.853889532933119,7.450518815206531,7.982728575964335,8.514938336722139,3,33.3,3.0,5.12,6.4,3,33.3,3.0,5.75,7.4,3,0.0,3.0,5.75,7.4,3,0.0,3.25,5.88,7.45,3,0.0,3.25,5.88,7.45,3,0.0,3.25,5.88,7.45,3,0.0,3.25,5.88,7.45
ANET,Hoch 8,2,2.605417105624613,2.680281196888466,2.7551452881523186,2.830009379416172,2.8749278341744833,2.889900652427254,2.9048734706800245,2,0.0,2.62,2.69,2.73,2,0.0,2.62,2.69,2.73,2,0.0,2.62,2.69,2.73,2,0.0,3.75,4.25,4.55,2,0.0,3.75,4.25,4.55,2,0.0,3.75,4.25,4.55,2,0.0,3.75,4.25,4.55
ANET,Hoch 9,2,4.712420918146476,5.32984265581223,5.947264393477983,6.564686131143737,6.935139173743189,7.058623521276339,7.18210786880949,2,0.0,2.88,3.56,3.98,2,0.0,3.25,3.88,4.25,2,0.0,5.75,6.38,6.75,2,0.0,5.75,6.38,6.75,2,0.0,5.75,6.38,6.75,2,0.0,5.75,6.38,6.75,2,0.0,5.75,6.38,6.75
ANET,Hoch 10,2,4.826803803266511,5.832177042462381,6.837550281658251,7.842923520854121,8.446147464371643,8.647222112210816,8.84829676004999,2,50.0,4.0,4.12,4.2,2,0.0,4.88,4.94,4.97,2,0.0,6.75,7.75,8.35,2,0.0,6.75,7.75,8.35,2,0.0,6.75,7.75,8.35,2,0.0,6.75,7.75,8.35,2,0.0,6.75,7.75,8.35
APH,alle,587,0.6180604162744934,2.282397792603879,3.838169244441037,6.37679918321746,9.578656307857619,12.73445570530413,41.014869117849784,587,24.9,3.0,4.25,6.25,587,14.5,3.5,5.25,8.25,587,9.4,3.75,6.25,9.5,582,7.2,4.0,6.75,10.5,577,4.2,4.5,7.75,12.75,567,2.1,5.0,9.25,15.45,559,1.6,5.25,10.0,16.0
APH,Hoch 1,274,0.6180604162744934,2.4444458382654064,3.8248162797022953,6.715549352378721,9.749798166059234,13.697850403367822,26.051275153225916,274,22.6,2.75,4.25,6.85,274,15.0,3.5,5.5,8.5,274,8.4,3.75,6.5,9.68,272,6.6,4.0,6.81,11.23,269,4.5,4.25,7.75,12.75,264,2.3,4.75,9.06,15.75,260,1.5,5.25,11.31,16.0
APH,Hoch 2,139,0.6325959719597328,2.1001497414004664,3.827620192877889,5.805990363379259,9.264325125002207,11.949606902261108,19.16482480813161,139,28.8,3.0,4.5,6.25,139,18.0,3.75,5.38,8.05,139,14.4,3.75,5.75,9.25,137,10.9,3.75,6.25,9.6,136,5.1,4.0,7.06,11.75,132,3.0,4.62,9.31,14.18,130,2.3,5.0,9.69,16.0
APH,Hoch 3,77,0.9695423353552874,2.1196135127499147,3.833631801523632,5.88942153473683,9.259102737322351,11.601483583951996,16.65502380883108,77,28.6,3.0,4.25,6.35,77,13.0,3.75,5.5,9.05,77,7.8,3.75,5.75,9.2,76,5.3,3.88,6.75,9.62,75,4.0,4.25,8.88,13.0,74,1.4,4.38,9.5,15.63,73,1.4,4.75,10.5,16.0
APH,Hoch 4,45,0.9328146739007898,2.242960316883181,3.4875230688875307,5.334437982766155,6.974823369203517,9.490804760565737,13.698264773693726,45,26.7,2.5,4.0,5.15,45,11.1,3.25,5.0,5.8,45,4.4,3.25,5.25,6.95,45,4.4,4.25,5.5,9.15,45,0.0,5.25,7.0,13.5,45,0.0,5.25,8.0,14.25,44,0.0,5.25,9.0,16.0
APH,Hoch 5,25,1.486283163421744,2.4441762910188416,4.636573437094727,6.815444438292632,7.804001634984722,10.485803174777624,30.0063539189,25,16.0,2.75,4.5,5.4,25,4.0,4.0,6.0,6.75,25,4.0,4.5,6.75,7.75,25,4.0,5.25,7.25,9.9,25,4.0,5.25,8.25,14.3,25,4.0,6.0,8.75,15.4,25,4.0,6.75,9.5,16.0
APH,Hoch 6,13,1.091084031856947,3.1144776416672713,4.214491033692234,7.941033787778086,12.076557712639648,23.711943592153776,39.778414386108686,13,15.4,3.0,4.0,6.2,13,15.4,3.0,5.75,7.8,13,15.4,4.0,7.75,12.05,13,7.7,4.0,7.75,14.25,13,0.0,4.0,8.25,14.45,13,0.0,4.75,9.25,14.45,13,0.0,7.75,9.25,14.9
APH,Hoch 7,5,2.7144311210210503,2.8467212673277604,3.254344719305929,5.092331941907223,26.645854247472762,33.83036168266126,41.014869117849784,5,20.0,3.25,5.0,7.85,5,20.0,3.25,5.0,11.6,5,20.0,3.25,5.0,11.6,5,20.0,3.25,5.0,11.6,5,20.0,3.25,5.0,11.6,5,0.0,3.75,9.75,13.5,5,0.0,3.75,9.75,13.5
APH,Hoch 8,2,3.1857035632329667,3.7077843724194945,4.229865181606022,4.75194599079255,5.065194476304467,5.169610638141772,5.274026799979078,2,50.0,4.12,4.69,5.03,2,0.0,4.12,4.69,5.03,2,0.0,4.12,4.69,5.03,2,0.0,6.0,6.38,6.6,2,0.0,6.12,6.56,6.83,2,0.0,7.0,7.88,8.4,2,0.0,7.0,7.88,8.4
APH,Hoch 9,2,1.857609205540564,2.235165592030999,2.612721978521434,2.9902783650118696,3.2168121969061305,3.2923234742042173,3.3678347515023046,2,0.0,2.5,2.88,3.1,2,0.0,2.5,2.88,3.1,2,0.0,2.5,2.88,3.1,2,0.0,5.88,6.44,6.78,2,0.0,6.88,7.94,8.57,2,0.0,6.88,7.94,8.57,2,0.0,6.88,7.94,8.57
APH,Hoch 10,2,6.959710853459147,7.439310769036084,7.918910684613021,8.398510600189956,8.686270549536118,8.782190532651507,8.878110515766894,2,50.0,2.12,2.94,3.42,2,0.0,2.12,2.94,3.42,2,0.0,7.75,8.25,8.55,2,0.0,7.75,8.25,8.55,2,0.0,8.5,9.38,9.9,2,0.0,8.5,9.38,9.9,2,0.0,8.5,9.38,9.9
APH,Hoch 11,2,8.075264453754995,8.777662923475596,9.480061393196197,10.182459862916797,10.603898944749158,10.744378638693277,10.884858332637398,2,50.0,2.62,2.94,3.12,2,0.0,2.75,3.0,3.15,2,0.0,9.38,10.06,10.47,2,0.0,9.38,10.06,10.47,2,0.0,10.0,10.38,10.6,2,0.0,10.0,10.38,10.6,2,0.0,10.0,10.38,10.6
APH,Hoch 12,1,12.878528860529698,12.878528860529698,12.878528860529698,12.878528860529698,12.878528860529698,12.878528860529698,12.878528860529698,1,0.0,4.0,4.0,4.0,1,0.0,7.5,7.5,7.5,1,0.0,12.75,12.75,12.75,1,0.0,12.75,12.75,12.75,1,0.0,12.75,12.75,12.75,1,0.0,12.75,12.75,12.75,1,0.0,12.75,12.75,12.75
APP,alle,150,0.8830619774513342,2.27880411802357,4.102647947995407,7.128437059950461,9.327980706521128,10.772406789515921,13.989405599845671,150,29.3,3.0,4.75,6.75,150,23.3,3.62,5.94,8.07,150,19.3,4.0,6.94,9.25,149,16.8,4.25,7.5,10.05,145,15.9,5.25,8.0,10.75,138,12.3,5.25,9.5,12.32,134,10.4,5.25,9.75,13.85
APP,Hoch 1,67,0.8830619774513342,2.281271820032837,4.161401408956297,6.678923506083431,8.583833196537663,9.104161613197324,10.821943521074804,67,28.4,3.0,4.0,5.35,67,25.4,3.75,5.62,7.35,67,22.4,4.0,6.5,8.5,67,19.4,4.5,7.5,8.85,65,18.5,5.25,7.75,9.9,61,13.1,6.5,9.75,11.75,59,13.6,6.5,10.38,12.55
APP,Hoch 2,37,1.3634480873144945,2.806355409206543,3.887357122581256,7.93267038129085,10.535970114537108,11.70039861360845,13.989405599845671,37,32.4,2.75,5.25,8.2,37,21.6,3.25,5.5,9.7,37,18.9,3.75,7.75,10.5,37,18.9,4.0,8.5,11.3,35,20.0,4.5,9.12,13.1,33,18.2,5.25,10.0,14.55,32,12.5,5.25,10.5,14.63
APP,Hoch 3,18,1.2863565825253775,1.757756721381824,3.637539063238556,6.386471584783099,9.219819150638852,9.502922962265812,11.039362282380477,18,27.8,2.75,4.94,5.83,18,16.7,3.25,5.0,6.23,18,11.1,3.62,6.19,9.0,17,5.9,3.5,5.25,9.0,17,5.9,4.5,6.5,9.0,16,6.2,4.5,5.56,10.25,16,6.2,4.5,7.12,11.0
APP,Hoch 4,11,1.9218601704527516,2.2137798812127967,3.7897459545095518,8.246410850730037,10.282989786323608,11.094928773878642,11.906867761433679,11,9.1,2.75,5.75,6.75,11,9.1,3.75,6.88,7.0,11,9.1,3.75,8.12,10.25,11,9.1,4.0,8.12,10.25,11,9.1,4.0,8.12,10.25,11,9.1,4.0,9.5,13.0,11,9.1,4.0,11.5,14.0
APP,Hoch 5,9,1.2008935779243475,2.6041453312257166,5.313501626278518,6.699216551895055,9.61283572002821,10.186240502756874,10.759645285485538,9,44.4,4.75,5.5,8.5,9,33.3,5.25,6.5,9.55,9,22.2,5.25,6.5,9.55,9,11.1,5.25,6.5,9.55,9,11.1,5.25,6.5,9.55,9,0.0,5.25,6.5,11.05,9,0.0,5.5,7.25,11.8
APP,Hoch 6,4,1.231324752581852,1.4742169338601514,4.367333313340616,7.324572774344359,7.585729629853241,7.672781915022868,7.759834200192495,4,50.0,3.0,4.69,5.03,4,50.0,3.0,5.12,6.25,4,25.0,4.25,7.19,7.53,4,25.0,4.25,7.5,8.4,4,0.0,6.25,7.5,8.4,4,0.0,6.25,7.5,8.4,4,0.0,7.5,8.25,8.7
APP,Hoch 7,2,1.7875959455180404,1.9416240907155187,2.095652235912997,2.2496803811104753,2.3420972682289625,2.372902897268458,2.4037085263079536,2,0.0,2.0,2.12,2.2,2,0.0,2.0,2.12,2.2,2,0.0,2.0,2.12,2.2,2,0.0,2.0,2.12,2.2,2,0.0,4.38,5.44,6.08,2,0.0,4.38,5.44,6.08,2,0.0,5.75,7.5,8.55
APP,Hoch 8,1,6.903312521873579,6.903312521873579,6.903312521873579,6.903312521873579,6.903312521873579,6.903312521873579,6.903312521873579,1,0.0,4.75,4.75,4.75,1,0.0,6.75,6.75,6.75,1,0.0,6.75,6.75,6.75,1,0.0,6.75,6.75,6.75,1,0.0,11.75,11.75,11.75,1,0.0,11.75,11.75,11.75,1,0.0,14.0,14.0,14.0
APP,Hoch 9,1,9.34460710723638,9.34460710723638,9.34460710723638,9.34460710723638,9.34460710723638,9.34460710723638,9.34460710723638,1,100.0,7.25,7.25,7.25,1,100.0,9.25,9.25,9.25,1,100.0,9.25,9.25,9.25,1,100.0,10.75,10.75,10.75,1,100.0,14.0,14.0,14.0,1,100.0,14.0,14.0,14.0,0,,,,
ARM,alle,61,0.8623064482131126,2.602137340668698,3.8905575091478046,7.034765234876567,8.324143007130692,9.046752831512794,11.916176196851024,61,27.9,3.0,4.25,5.5,61,19.7,3.5,5.25,7.25,61,19.7,3.75,7.0,8.25,59,11.9,3.75,7.12,9.25,56,3.6,4.25,8.06,10.62,48,4.2,7.0,9.06,11.58,41,4.9,6.75,9.25,11.5
ARM,Hoch 1,29,1.396536015858418,2.602137340668698,3.3819678759863967,5.33612449587212,7.300244366008142,7.804108976973891,9.3786190663634,29,24.1,2.75,4.0,5.25,29,17.2,2.75,5.25,5.9,29,17.2,3.25,5.25,7.25,29,10.3,3.75,6.0,7.25,29,0.0,4.0,6.75,9.05,24,0.0,6.12,8.31,9.18,21,0.0,6.25,8.5,9.25
ARM,Hoch 2,15,0.8623064482131126,2.4951337880608238,3.8905575091478046,6.7633907650265535,7.960685637382707,9.516731337171347,11.916176196851024,15,33.3,3.25,4.88,6.35,15,20.0,3.25,6.0,7.75,15,20.0,3.75,6.62,7.75,15,6.7,3.75,7.62,11.05,15,6.7,5.0,9.12,11.55,12,8.3,7.62,11.31,11.72,11,9.1,7.0,11.38,11.75
ARM,Hoch 3,7,1.732095774821475,2.638727854153573,3.7774304626984074,7.454707790806074,8.799390686988879,9.630724460353461,10.462058233718047,7,28.6,3.75,4.12,4.75,7,14.3,3.75,4.88,6.3,7,14.3,3.75,7.25,8.6,7,14.3,3.75,9.38,12.05,6,0.0,5.0,10.56,12.12,6,0.0,7.5,10.81,12.12,5,0.0,7.0,8.0,10.7
ARM,Hoch 4,5,1.8973444137616882,3.7281659500129134,4.181269083361319,8.34392348595841,8.76562109329104,8.906186962401918,9.046752831512794,5,0.0,3.5,4.0,4.45,5,0.0,4.0,6.5,7.55,5,0.0,4.0,8.25,8.7,5,0.0,4.0,8.25,8.85,4,0.0,6.12,8.5,8.95,4,0.0,6.38,8.5,8.95,3,0.0,4.5,7.25,8.9
ARM,Hoch 5,3,2.3029338966062554,5.053124651508542,7.803315406410827,8.063729206770759,8.21997748698672,8.272060247058706,8.324143007130692,3,66.7,5.5,6.88,7.7,3,66.7,7.0,7.62,8.0,3,66.7,7.75,8.0,8.15,3,66.7,7.75,8.0,8.15,2,50.0,8.0,8.12,8.2,2,50.0,8.75,9.25,9.55,1,100.0,9.75,9.75,9.75
ARM,Hoch 6,1,7.080924427351454,7.080924427351454,7.080924427351454,7.080924427351454,7.080924427351454,7.080924427351454,7.080924427351454,1,0.0,4.25,4.25,4.25,1,0.0,7.0,7.0,7.0,1,0.0,7.0,7.0,7.0,0,,,,,0,,,,,0,,,,,0,,,,
ARM,Hoch 7,1,5.332199867879992,5.332199867879992,5.332199867879992,5.332199867879992,5.332199867879992,5.332199867879992,5.332199867879992,1,100.0,4.75,4.75,4.75,1,100.0,5.25,5.25,5.25,1,100.0,5.25,5.25,5.25,0,,,,,0,,,,,0,,,,,0,,,,
ASML,alle,592,0.5938961905962113,2.5620084636035876,4.271236826145447,6.554125870011637,9.664261458755911,11.433546020074978,21.52857623528887,592,25.0,3.0,4.75,6.25,592,16.0,3.75,5.75,8.0,591,11.8,4.25,6.5,9.5,586,10.4,4.5,7.19,10.25,580,7.9,5.25,8.5,12.75,569,6.0,6.0,10.0,14.25,564,4.1,6.5,10.5,15.25
ASML,Hoch 1,279,0.7287331312549551,2.392464505839091,4.150048633972674,6.5969366049629485,9.556257446109463,11.170393107189717,21.24675654136446,279,19.7,2.75,4.5,6.0,279,13.3,3.5,5.75,8.4,279,11.1,4.0,6.5,9.5,278,9.4,4.5,7.44,10.25,275,7.3,5.25,8.38,12.3,271,5.5,6.0,9.75,13.25,269,4.5,6.25,10.25,14.3
ASML,Hoch 2,146,0.5938961905962113,2.6387567420745297,4.2808672282747,6.445293793567202,9.356289195829747,11.58902239167157,18.609277546736195,146,29.5,3.25,4.75,6.12,146,21.2,3.5,5.75,7.5,145,14.5,4.0,6.25,9.3,144,13.9,4.62,6.81,10.25,143,9.1,5.5,8.5,12.7,140,7.1,6.0,9.5,13.08,139,3.6,6.75,10.0,14.3
ASML,Hoch 3,76,0.8219861755538955,2.651638069526003,4.310511550440889,6.680776896359888,9.952348289416836,13.287350253419913,17.81420515109231,76,26.3,3.0,4.06,6.38,76,18.4,3.75,6.25,7.38,76,11.8,4.12,6.56,9.75,75,12.0,4.75,7.5,11.9,74,10.8,5.12,9.38,14.7,73,9.6,5.75,10.25,15.7,72,6.9,7.0,11.88,16.0
ASML,Hoch 4,47,1.0813226385840524,2.582347888222709,4.63107440179321,6.14413180338279,8.738048717507224,11.531828392891429,21.52857623528887,47,31.9,2.5,4.5,5.6,47,19.1,4.0,5.5,6.85,47,12.8,4.5,6.0,8.6,46,10.9,4.5,6.75,10.75,45,8.9,5.25,9.25,13.8,44,4.5,6.12,11.56,15.1,43,2.3,6.75,11.62,16.0
ASML,Hoch 5,25,1.346339147799191,3.207742247431069,4.293869763289698,6.052796279291076,9.040853170532914,10.19206959514194,13.471042832526637,25,20.0,2.75,5.0,6.4,25,4.0,4.0,5.75,7.5,25,4.0,4.25,6.0,8.9,24,4.2,4.38,6.12,9.05,24,4.2,4.88,8.44,14.35,23,0.0,6.75,12.12,14.8,23,0.0,6.75,12.12,15.4
ASML,Hoch 6,11,2.1065436854973885,2.4963407967265123,5.263346104167858,6.697299108405514,8.306384968029517,9.104177490816559,9.9019700136036,11,54.5,4.0,5.12,8.25,11,27.3,4.5,6.12,8.25,11,18.2,5.25,6.62,8.25,11,0.0,5.25,6.75,8.25,11,0.0,5.25,8.38,15.75,10,0.0,5.75,12.5,16.0,10,0.0,6.0,13.75,16.0
ASML,Hoch 7,4,1.599816350551658,3.114522815042589,6.010794079962749,8.479749823685271,8.619405764224078,8.66595774440368,8.712509724583283,4,25.0,5.88,8.31,8.43,4,0.0,5.88,8.31,8.43,4,0.0,5.88,8.31,8.43,4,0.0,5.88,8.31,8.43,4,0.0,6.0,10.38,13.75,4,0.0,6.0,10.38,13.75,4,0.0,6.0,10.38,13.75
ASML,Hoch 8,2,4.252656603274726,4.527330563079423,4.80200452288412,5.076678482688818,5.241482858571636,5.296417650532575,5.351352442493515,2,50.0,3.88,3.94,3.98,2,0.0,4.75,5.0,5.15,2,0.0,4.75,5.0,5.15,2,0.0,4.75,5.0,5.15,2,0.0,4.75,5.0,5.15,2,0.0,4.75,5.0,5.15,2,0.0,4.75,5.0,5.15
ASML,Hoch 9,2,6.255478383807297,6.398590918672553,6.541703453537808,6.684815988403065,6.770683509322218,6.799306016295269,6.82792852326832,2,100.0,6.5,6.62,6.7,2,0.0,6.5,6.62,6.7,2,0.0,6.5,6.62,6.7,2,0.0,6.5,6.62,6.7,2,0.0,6.5,6.62,6.7,2,0.0,6.5,6.62,6.7,2,0.0,6.5,6.62,6.7
AVGO,alle,438,0.5665255274254423,2.164139646021689,3.674684553203588,5.3348036823818905,7.668326051576261,9.709531684685915,28.202698723073627,438,27.2,2.75,4.0,5.5,438,17.1,3.25,4.75,6.75,438,12.1,3.5,5.25,7.58,436,8.5,3.75,5.75,8.0,431,4.6,4.0,6.12,9.0,424,3.3,4.12,6.75,10.25,418,1.9,4.25,7.5,11.83
AVGO,Hoch 1,178,0.7444254421789585,2.079853411175104,3.4498168040293304,5.005916629286082,7.130775662399729,8.584580299447266,27.70038319835287,178,25.3,2.5,4.0,5.0,178,14.6,3.0,4.69,6.08,178,9.6,3.38,4.94,7.0,177,7.3,3.5,5.25,7.3,176,4.5,3.75,5.75,8.5,171,3.5,4.0,6.62,9.25,169,2.4,4.25,7.5,11.05
AVGO,Hoch 2,107,0.5665255274254423,2.0511959463863487,3.5212241064052714,5.113205278208467,7.31266956511889,9.188123760748669,28.202698723073627,107,25.2,2.75,4.0,5.25,107,14.0,3.0,4.5,6.25,107,8.4,3.5,5.0,7.25,107,5.6,3.75,5.62,7.5,106,1.9,4.0,5.75,8.25,104,1.0,4.25,7.06,10.1,102,1.0,4.25,7.25,12.45
AVGO,Hoch 3,72,1.0851409571734056,2.6051711819593186,3.986637558231866,5.955047252968562,7.556325266063117,10.092661764950277,14.792657601850118,72,31.9,3.25,4.25,5.45,72,23.6,3.62,5.0,6.97,72,19.4,3.88,5.75,7.45,72,12.5,4.25,6.06,9.95,71,5.6,4.75,6.88,10.0,71,4.2,4.75,8.38,10.0,70,2.9,4.75,8.94,13.18
AVGO,Hoch 4,38,1.369347480468212,2.008752045339701,3.963931571528727,6.083729461859464,7.604414006923867,10.459756192381391,12.13342457747423,38,26.3,3.0,4.0,5.58,38,18.4,3.5,5.69,6.58,38,13.2,3.75,5.94,7.43,38,13.2,3.88,6.19,7.73,37,8.1,3.75,6.5,10.35,37,8.1,3.75,6.75,10.7,36,0.0,3.62,6.88,12.25
AVGO,Hoch 5,23,1.4752847028000595,2.7917957513488236,4.547638507635243,6.216392931890326,9.538218522291992,10.618747198271771,15.78188410888371,23,34.8,4.0,5.38,8.1,23,30.4,4.5,6.12,8.7,23,21.7,4.5,6.12,9.35,23,13.0,4.5,6.38,9.35,22,9.1,4.25,7.25,9.43,22,4.5,4.25,7.25,10.33,22,4.5,4.25,7.25,10.33
AVGO,Hoch 6,12,1.3771931946903544,3.1920911368310207,4.615796825749426,6.653020605385213,9.894049906055386,12.197039744934177,14.791092544212283,12,33.3,4.5,5.31,7.3,12,25.0,4.5,6.38,9.75,12,25.0,4.5,6.56,9.83,11,9.1,4.25,5.62,10.0,11,9.1,4.25,5.62,10.0,11,0.0,4.25,5.62,10.0,11,0.0,4.25,5.62,10.0
AVGO,Hoch 7,4,1.9663871973841176,2.1143325647794655,2.6853017073440593,4.040202120225651,5.540045627233454,6.0399934629027205,6.539941298571989,4,50.0,2.5,3.88,5.45,4,0.0,2.5,3.88,5.45,4,0.0,2.5,3.88,5.45,4,0.0,2.5,3.88,5.45,4,0.0,2.5,3.88,5.45,4,0.0,2.75,3.88,5.45,4,0.0,2.75,3.88,5.45
AVGO,Hoch 8,2,1.46438476048799,1.8189834053472613,2.173582050206533,2.528180695065804,2.740939881981367,2.811859610953221,2.8827793399250754,2,0.0,2.0,2.38,2.6,2,0.0,2.0,2.38,2.6,2,0.0,2.0,2.38,2.6,2,0.0,2.0,2.38,2.6,2,0.0,2.0,2.38,2.6,2,0.0,2.0,2.38,2.6,2,0.0,2.0,2.38,2.6
AVGO,Hoch 9,1,2.2488566031814705,2.2488566031814705,2.2488566031814705,2.2488566031814705,2.2488566031814705,2.2488566031814705,2.2488566031814705,1,0.0,2.0,2.0,2.0,1,0.0,2.0,2.0,2.0,1,0.0,2.0,2.0,2.0,1,0.0,2.0,2.0,2.0,1,0.0,2.0,2.0,2.0,1,0.0,2.0,2.0,2.0,1,0.0,2.0,2.0,2.0
AVGO,Hoch 10,1,2.454557968492266,2.454557968492266,2.454557968492266,2.454557968492266,2.454557968492266,2.454557968492266,2.454557968492266,1,0.0,2.25,2.25,2.25,1,0.0,2.25,2.25,2.25,1,0.0,2.25,2.25,2.25,1,0.0,2.25,2.25,2.25,1,0.0,2.25,2.25,2.25,1,0.0,2.25,2.25,2.25,1,0.0,2.25,2.25,2.25
AXON,alle,486,0.557142028586098,2.4002347792810936,4.167014584725358,6.791215368982298,10.102867473875563,11.555278910244102,16.918315617147716,486,30.7,3.0,4.5,6.75,486,20.8,3.5,6.0,8.5,486,15.8,4.0,6.75,10.0,485,12.2,4.5,7.5,11.15,481,9.8,4.75,8.75,12.0,478,6.9,5.5,9.75,13.83,470,5.5,5.75,9.94,14.78
AXON,Hoch 1,232,0.8374682215311169,2.3305700015145767,3.909418769881081,6.312180513851015,8.940918540269491,10.207901271525877,16.918315617147716,232,29.7,2.75,4.25,6.0,232,18.5,3.5,5.0,7.48,232,13.4,3.75,6.25,8.75,232,10.3,4.0,6.75,9.75,229,8.3,4.5,8.0,11.3,228,5.7,4.75,8.0,12.9,225,5.3,4.75,8.5,13.55
AXON,Hoch 2,116,0.7082728015247467,2.707827526750317,4.695246799063362,6.921210474035476,10.217109510650364,11.503944413846003,15.107873190440369,116,32.8,3.0,4.75,7.0,116,25.0,3.75,6.25,8.62,116,21.6,4.5,6.75,10.12,115,16.5,5.0,7.62,11.25,114,13.2,5.62,8.75,12.18,113,8.0,5.75,10.0,13.45,111,6.3,6.0,10.0,14.0
AXON,Hoch 3,57,0.8932234979670374,2.70776197375523,4.448163633991773,7.280613564389883,11.505149418365576,12.499522274462178,16.30326729993137,57,35.1,3.25,4.75,7.85,57,24.6,4.0,6.5,9.65,57,14.0,4.25,7.25,11.35,57,12.3,4.75,9.0,12.95,57,8.8,4.75,10.25,14.15,57,7.0,6.5,11.0,14.85,55,3.6,6.25,11.12,14.75
AXON,Hoch 4,32,0.7717807847301603,2.2125295962415206,5.498939773263737,9.888498421421108,12.12085324413648,13.395275354554645,15.600990377077357,32,31.2,3.12,5.81,8.5,32,15.6,4.12,7.19,10.2,32,12.5,5.38,9.75,12.08,32,9.4,5.38,9.81,12.7,32,9.4,5.75,9.81,12.7,32,9.4,6.12,11.62,14.1,31,6.5,6.75,12.38,15.5
AXON,Hoch 5,17,0.557142028586098,2.3014226723430458,3.249686884920471,6.410635962016152,12.968197804511464,15.130508130377097,16.773762543785075,17,35.3,2.75,4.25,7.05,17,29.4,3.0,6.25,10.5,17,29.4,3.0,6.25,12.85,17,23.5,3.0,6.25,12.85,17,17.6,4.75,10.0,12.85,16,12.5,5.38,10.62,13.75,16,6.2,6.25,11.0,16.0
AXON,Hoch 6,11,1.3027029215249315,2.260741487357592,3.4024755964228066,5.11598596566677,5.911420019886053,7.117014020562203,8.322608021238352,11,9.1,3.0,3.88,5.0,11,9.1,3.25,4.38,5.75,11,9.1,3.25,5.0,5.75,11,0.0,3.5,5.0,5.75,11,0.0,4.75,7.38,11.5,11,0.0,6.25,8.12,13.75,11,0.0,7.5,10.75,16.0
AXON,Hoch 7,7,1.2563395702058953,2.1349555820147703,3.4251346300418213,4.826753099320152,6.206558083191757,6.261124792726868,6.315691502261979,7,28.6,2.5,3.12,4.45,7,14.3,3.25,4.75,6.1,7,14.3,3.25,4.75,6.1,7,0.0,4.25,6.75,8.75,7,0.0,4.75,10.0,13.25,7,0.0,7.75,11.88,16.0,7,0.0,7.75,14.0,16.0
AXON,Hoch 8,5,2.2132350113909136,2.8958733978086597,3.589276097271759,3.847940725590343,5.645843352501087,6.245144228138001,6.844445103774916,5,20.0,2.75,3.0,3.45,5,20.0,3.5,3.75,3.75,5,0.0,3.5,3.75,5.55,5,0.0,3.75,6.5,7.25,5,0.0,3.75,7.75,9.4,5,0.0,8.0,8.25,9.6,5,0.0,8.0,10.5,12.0
AXON,Hoch 9,3,3.421221841944973,4.267080554162233,5.1129392663794935,6.707697018912298,7.6645516704319805,7.983503220938541,8.302454771445102,3,0.0,1.75,2.0,2.15,3,0.0,3.25,3.88,4.25,3,0.0,5.0,6.62,7.6,3,0.0,5.0,6.62,7.6,3,0.0,7.5,7.88,8.1,3,0.0,8.5,8.62,8.7,3,0.0,8.5,10.75,12.1
AXON,Hoch 10,3,4.295633569388263,6.48508968952993,8.674545809671597,10.210585926125813,11.132209995998341,11.439418019289183,11.746626042580028,3,0.0,4.25,4.88,5.25,3,0.0,6.75,7.62,8.15,3,0.0,8.5,10.0,10.9,3,0.0,11.25,11.38,11.45,3,0.0,11.5,11.75,11.9,3,0.0,12.0,12.0,12.0,3,0.0,12.0,13.5,14.4
AXON,Hoch 11,2,7.018736089410265,8.25565304138878,9.492569993367294,10.729486945345807,11.471637116532916,11.719020506928619,11.966403897324321,2,50.0,6.12,6.56,6.83,2,50.0,8.75,9.62,10.15,2,50.0,9.38,10.56,11.28,2,50.0,9.38,10.56,11.28,2,50.0,10.38,11.06,11.47,2,50.0,11.88,12.06,12.18,2,50.0,13.88,14.69,15.18
AXON,Hoch 12,1,6.990814313975872,6.990814313975872,6.990814313975872,6.990814313975872,6.990814313975872,6.990814313975872,6.990814313975872,1,100.0,6.75,6.75,6.75,1,100.0,6.75,6.75,6.75,1,100.0,6.75,6.75,6.75,1,100.0,6.75,6.75,6.75,1,100.0,10.25,10.25,10.25,1,100.0,10.25,10.25,10.25,1,100.0,13.25,13.25,13.25
AXP,alle,564,0.6134078001971174,2.4998530203621794,4.220899342156734,6.970089363398435,9.848051365595344,12.774653264949439,40.20936129098517,564,28.7,3.0,4.5,6.75,564,19.3,3.75,6.0,8.67,564,15.2,4.0,6.75,9.75,559,13.1,4.5,7.75,11.25,552,10.1,5.25,8.75,13.48,544,8.8,5.75,10.5,16.0,537,6.7,6.0,11.75,16.0
AXP,Hoch 1,277,0.7518737792036221,2.4794793057727467,4.003732146371089,6.944580513174293,9.378147872933626,11.774915917750508,40.20936129098517,277,29.2,2.75,4.5,6.85,277,19.5,3.5,5.75,8.5,277,15.2,4.0,6.75,9.25,275,13.1,4.25,7.38,11.0,272,10.7,5.25,8.56,13.45,265,9.4,5.75,10.5,16.0,263,7.2,6.25,12.88,16.0
AXP,Hoch 2,136,0.6134078001971174,2.5372501323571015,4.45336091663432,7.462930919150912,10.509941100103557,11.866176258408428,38.572433796672364,136,27.9,3.0,4.5,6.5,136,20.6,3.75,6.0,8.62,136,17.6,4.25,7.31,10.38,134,14.2,4.5,7.94,11.18,133,10.5,5.75,9.0,12.95,132,8.3,6.12,10.5,16.0,130,6.2,6.5,11.5,16.0
AXP,Hoch 3,72,0.9184248242721116,2.5568835867719866,4.574656379115302,7.516773737471951,12.566345387840249,15.562138950343622,35.27058810918879,72,33.3,3.25,5.25,6.97,72,22.2,4.0,6.56,9.25,72,15.3,4.5,7.31,12.52,71,15.5,5.25,8.88,13.25,70,14.3,5.88,9.75,15.78,70,14.3,6.5,12.5,16.0,68,10.3,6.5,13.5,16.0
AXP,Hoch 4,39,0.8667104724724624,2.428630175866579,4.028317515704583,7.06004243245658,9.35230827126415,10.656278904479606,14.4805452519752,39,23.1,2.5,5.25,6.35,39,15.4,3.5,6.12,7.85,39,10.3,4.0,6.88,9.35,39,10.3,4.0,7.5,9.95,38,5.3,5.25,8.12,10.98,38,2.6,5.25,9.38,13.3,37,2.7,5.25,9.75,13.3
AXP,Hoch 5,19,1.788954951804699,3.0013919284421506,4.0657298542278895,7.587017146661577,9.178629264982419,10.00786376012864,12.47459751845588,19,21.1,3.0,4.0,5.05,19,10.5,3.75,5.62,8.6,19,10.5,4.0,7.5,9.1,19,10.5,4.0,7.5,10.05,18,5.6,4.25,8.5,12.48,18,5.6,4.25,8.5,13.9,18,5.6,4.25,8.5,13.9
AXP,Hoch 6,10,1.5436955129017726,2.3548231527736587,3.9323354188391386,5.067604682679535,7.407188354750172,10.04959587524402,12.692003395737876,10,20.0,3.12,4.44,5.97,10,10.0,3.12,4.44,5.97,10,10.0,3.75,5.06,7.32,10,0.0,4.38,6.0,7.32,10,0.0,4.38,6.38,11.15,10,0.0,4.38,6.38,11.15,10,0.0,4.38,6.38,11.15
AXP,Hoch 7,4,2.3984358555310394,3.2033667155376326,3.8234261204428277,4.739715374939806,5.755887620208972,6.094611701965359,6.433335783721748,4,50.0,3.62,4.0,4.0,4,0.0,3.62,4.0,4.0,4,0.0,3.62,4.56,5.58,4,0.0,3.62,6.81,11.88,4,0.0,3.62,7.0,12.4,4,0.0,3.62,7.0,12.4,4,0.0,9.62,16.0,16.0
AXP,Hoch 8,4,1.6904188057820384,2.4055578141722576,3.531941115906797,7.487025871385474,13.007771893159056,14.848020567083577,16.688269241008108,4,25.0,3.38,4.62,5.3,4,25.0,3.38,6.06,9.33,4,25.0,3.38,7.19,12.48,4,25.0,3.38,7.19,12.48,4,0.0,4.0,7.19,12.48,4,0.0,4.0,7.19,12.48,4,0.0,10.12,16.0,16.0
AXP,Hoch 9,2,3.6751483218707506,4.008658960664274,4.342169599457798,4.6756802382513225,4.875786621527436,4.942488749286141,5.009190877044846,2,0.0,3.5,3.5,3.5,2,0.0,4.25,4.62,4.85,2,0.0,4.25,4.62,4.85,2,0.0,4.25,4.62,4.85,2,0.0,4.88,4.94,4.97,2,0.0,4.88,4.94,4.97,2,0.0,10.5,13.25,14.9
AXP,Hoch 10,1,7.258337920548435,7.258337920548435,7.258337920548435,7.258337920548435,7.258337920548435,7.258337920548435,7.258337920548435,1,100.0,6.25,6.25,6.25,1,100.0,7.25,7.25,7.25,1,100.0,7.25,7.25,7.25,1,0.0,7.25,7.25,7.25,1,0.0,7.25,7.25,7.25,1,0.0,7.25,7.25,7.25,1,0.0,7.25,7.25,7.25
AZN,alle,617,0.5389690696196346,2.748706378832031,4.7471065011126035,7.700022094323809,10.744488399717856,13.627666163983328,27.546921115075392,617,29.8,3.0,5.0,7.35,617,18.0,4.0,6.5,9.5,617,12.6,4.5,7.5,10.6,615,10.9,5.25,8.5,11.5,607,7.4,6.0,9.25,13.0,601,5.2,6.75,10.0,13.75,597,3.4,6.75,10.5,14.5
AZN,Hoch 1,302,0.5389690696196346,2.857902947174124,4.574985352447008,7.344528807774919,10.289624366859321,12.35592021584104,19.92731997495055,302,28.5,3.0,4.75,7.25,302,15.6,3.75,6.5,9.25,302,9.9,4.5,7.25,10.23,300,8.0,5.0,8.0,11.0,296,6.4,5.5,8.75,12.25,293,4.8,6.25,9.5,13.5,292,2.4,6.5,10.0,13.73
AZN,Hoch 2,146,0.6338613552126249,2.7490594563539643,5.455643341340151,7.633032609556606,11.058269722570605,13.708860334712872,20.817148619418642,146,29.5,3.25,5.25,7.12,146,18.5,4.75,6.69,9.5,146,13.7,5.25,7.5,11.0,146,11.6,5.75,9.44,12.75,144,8.3,6.5,10.0,13.0,142,5.6,7.0,10.25,13.23,141,4.3,7.25,10.75,14.0
AZN,Hoch 3,74,0.6164531293753577,2.788389475060199,4.6086495138846235,8.757659113464076,12.931830388682313,14.492780782967468,20.808955374542073,74,32.4,3.38,5.44,8.5,74,27.0,4.25,8.0,11.28,74,21.6,4.5,8.69,12.8,74,20.3,4.62,10.0,13.5,73,11.0,5.75,10.25,13.7,73,6.8,7.5,11.25,14.25,72,6.9,7.62,11.62,15.4
AZN,Hoch 4,39,0.7653475387243273,2.274301242990304,4.066185522056622,8.343091858127611,13.056411740942494,15.663092916070598,25.438319837612404,39,28.2,2.75,5.25,7.9,39,17.9,3.5,6.12,9.25,39,10.3,4.0,8.25,13.0,39,10.3,5.5,8.25,14.6,38,2.6,5.88,9.0,15.0,38,0.0,6.75,10.06,15.23,37,0.0,6.75,10.5,15.75
AZN,Hoch 5,26,0.6588212906904863,2.5271280888827694,4.332392674539286,8.164488378232576,11.441147397199025,12.663249466249791,27.546921115075392,26,53.8,3.38,5.25,7.75,26,34.6,3.75,6.69,8.88,26,26.9,4.12,8.12,11.25,26,23.1,5.62,9.0,11.38,26,15.4,6.88,12.19,14.62,25,12.0,6.75,12.75,15.05,25,8.0,7.0,13.0,15.35
AZN,Hoch 6,10,1.3713801171026245,2.1485660965671327,3.1572322063556566,3.5572306388902413,5.823580717490206,7.915500984823899,10.0074212521576,10,10.0,1.88,2.88,3.02,10,10.0,2.12,3.19,3.25,10,10.0,3.0,3.44,5.72,10,10.0,3.12,3.69,6.0,10,10.0,3.75,5.62,6.92,10,10.0,5.25,6.12,7.15,10,0.0,5.5,6.12,7.6
AZN,Hoch 7,8,0.9628864198232322,3.439462312149552,4.644166652006477,5.15292477113186,6.187341089375758,7.208123073432597,8.22890505748944,8,12.5,2.88,4.5,4.58,8,0.0,4.12,4.56,4.9,8,0.0,4.5,5.06,6.07,8,0.0,4.5,5.06,6.07,8,0.0,4.88,7.31,7.65,8,0.0,6.38,7.62,8.67,8,0.0,6.62,7.62,8.82
AZN,Hoch 8,6,1.1209903242360797,5.712934315494097,6.7763598017240305,8.314696905941085,9.127104805169314,9.327324224343018,9.527543643516724,6,50.0,3.25,4.38,5.0,6,0.0,5.75,7.94,9.0,6,0.0,6.62,8.12,9.0,6,0.0,7.62,8.44,9.0,6,0.0,7.62,8.44,9.0,6,0.0,8.38,9.25,10.25,6,0.0,8.38,9.25,10.5
AZN,Hoch 9,4,1.8666580580862064,5.9708338611536735,8.14599606514507,9.155742524683744,9.52049966650932,9.642085380451178,9.763671094393038,4,25.0,3.0,4.12,4.8,4,0.0,8.0,9.0,9.45,4,0.0,8.0,9.0,9.45,4,0.0,8.0,9.0,9.45,4,0.0,9.25,10.44,11.68,4,0.0,9.25,10.5,11.85,4,0.0,9.25,10.62,12.2
AZN,Hoch 10,2,4.220148461197436,5.642190941233612,7.064233421269789,8.486275901305966,9.33950138932767,9.623909885334905,9.908318381342141,2,0.0,3.5,3.75,3.9,2,0.0,6.88,8.31,9.18,2,0.0,6.88,8.31,9.18,2,0.0,6.88,8.31,9.18,2,0.0,12.88,14.44,15.38,2,0.0,12.88,14.44,15.38,2,0.0,12.88,14.44,15.38
BA,alle,526,0.6529567934629139,2.4425280530127655,4.435669198051375,7.1591719388886474,10.821791474139012,12.937653665947028,38.660822324197184,526,29.7,3.0,4.75,7.0,526,20.5,3.75,6.0,9.5,526,14.4,4.25,7.0,10.62,523,12.6,4.75,8.25,12.25,515,10.1,5.25,9.5,13.75,506,8.7,6.5,11.25,16.0,496,7.3,6.88,12.81,16.0
BA,Hoch 1,252,0.6559756564157785,2.2495481956838876,4.113999547435471,6.874956914663713,10.95863838633757,13.149119442386644,38.660822324197184,252,28.6,2.75,4.56,6.73,252,18.3,3.5,5.75,8.73,252,12.7,4.0,6.75,10.75,250,12.0,4.5,7.44,12.0,248,9.7,5.25,9.06,13.08,244,8.6,6.5,11.25,16.0,237,7.2,6.75,12.75,16.0
BA,Hoch 2,127,0.6529567934629139,2.3620219121865524,4.322412462389217,7.097160951160257,10.326162372890723,12.64855108105413,35.90739862145492,127,31.5,3.0,5.0,6.85,127,21.3,3.75,6.0,8.85,127,14.2,4.25,7.0,10.2,126,12.7,5.0,8.44,12.38,125,10.4,5.25,9.75,14.05,124,8.9,6.12,12.75,16.0,122,8.2,6.88,14.19,16.0
BA,Hoch 3,63,0.8184468118317225,2.6571180502104723,4.403629656889848,8.141647488144136,9.889348541587502,10.492507634422944,15.183111007810504,63,31.7,2.75,4.88,7.65,63,23.8,3.75,6.25,9.3,63,19.0,4.25,8.0,9.75,63,12.7,4.5,8.5,10.45,62,9.7,5.5,9.75,13.95,61,8.2,6.75,10.25,16.0,60,6.7,7.25,10.69,16.0
BA,Hoch 4,35,0.701634120763933,3.3831087101606787,5.755348784174178,8.351197746946514,11.271209762735372,12.701953916222179,14.374799279205673,35,37.1,2.75,5.12,7.75,35,28.6,4.75,7.0,9.4,35,17.1,5.75,8.25,11.1,35,14.3,6.75,10.25,13.05,34,11.8,8.0,11.44,15.77,33,12.1,8.75,14.25,16.0,33,9.1,9.0,14.25,16.0
BA,Hoch 5,21,1.3153203312377915,2.899235647474143,4.943962845779854,10.041250284937712,11.981220989762889,13.012293822293508,18.15185354022343,21,14.3,3.0,5.25,6.75,21,14.3,4.0,8.0,10.0,21,9.5,4.75,10.0,11.75,21,4.8,4.75,10.0,13.75,20,0.0,5.0,10.31,15.1,19,0.0,5.25,9.5,15.2,19,0.0,6.25,9.5,16.0
BA,Hoch 6,15,1.6443851733133268,3.652827737139633,5.390655923376091,10.040555337142177,16.642524591042086,18.56300626178784,19.25288589722899,15,40.0,4.25,5.88,10.25,15,33.3,4.5,8.25,13.8,15,26.7,5.25,9.88,15.2,15,26.7,5.25,9.88,15.2,14,28.6,6.0,10.19,15.78,13,15.4,5.25,9.25,15.85,13,15.4,6.25,10.0,15.85
BA,Hoch 7,6,3.280593850198341,3.8671828863407645,4.634404900631067,5.413550520199515,5.597201446105417,5.6119079731978925,5.626614500290367,6,16.7,3.38,4.44,4.88,6,16.7,4.5,4.94,5.25,6,16.7,4.5,5.31,5.5,6,16.7,4.5,5.31,6.0,5,0.0,4.25,5.5,7.45,5,0.0,5.5,6.0,7.65,5,0.0,5.5,7.0,8.05
BA,Hoch 8,3,1.7361868772269262,3.064174246242282,4.392161615257638,4.558169526902352,4.657774273889181,4.690975856218124,4.724177438547067,3,0.0,3.75,4.0,4.15,3,0.0,4.25,4.38,4.45,3,0.0,4.25,4.38,4.45,3,0.0,4.25,4.38,4.45,3,0.0,4.25,4.38,4.45,3,0.0,4.25,5.88,6.85,3,0.0,4.25,5.88,6.85
BA,Hoch 9,1,3.1185874199031076,3.1185874199031076,3.1185874199031076,3.1185874199031076,3.1185874199031076,3.1185874199031076,3.1185874199031076,1,0.0,0.75,0.75,0.75,1,0.0,0.75,0.75,0.75,1,0.0,3.0,3.0,3.0,1,0.0,3.5,3.5,3.5,1,0.0,3.5,3.5,3.5,1,0.0,3.5,3.5,3.5,1,0.0,3.5,3.5,3.5
BA,Hoch 10,1,7.1831885526448565,7.1831885526448565,7.1831885526448565,7.1831885526448565,7.1831885526448565,7.1831885526448565,7.1831885526448565,1,0.0,1.5,1.5,1.5,1,0.0,5.5,5.5,5.5,1,0.0,7.0,7.0,7.0,1,0.0,7.0,7.0,7.0,1,0.0,7.0,7.0,7.0,1,0.0,7.0,7.0,7.0,1,0.0,7.0,7.0,7.0
BA,Hoch 11,1,9.291910606900139,9.291910606900139,9.291910606900139,9.291910606900139,9.291910606900139,9.291910606900139,9.291910606900139,1,0.0,3.0,3.0,3.0,1,0.0,8.75,8.75,8.75,1,0.0,9.25,9.25,9.25,1,0.0,9.25,9.25,9.25,1,0.0,9.25,9.25,9.25,1,0.0,9.25,9.25,9.25,1,0.0,9.25,9.25,9.25
BA,Hoch 12,1,10.541844161464512,10.541844161464512,10.541844161464512,10.541844161464512,10.541844161464512,10.541844161464512,10.541844161464512,1,100.0,10.0,10.0,10.0,1,100.0,10.5,10.5,10.5,1,100.0,10.5,10.5,10.5,1,100.0,10.5,10.5,10.5,1,100.0,10.5,10.5,10.5,1,100.0,10.5,10.5,10.5,1,0.0,10.5,10.5,10.5
BABA,alle,386,0.5860004140207158,2.868042590278829,5.075873633265974,8.048212962184065,10.314157825386468,12.156661404075209,21.093073506695237,386,33.4,3.5,5.25,7.0,386,25.6,4.25,7.0,8.38,386,21.5,5.0,8.0,10.25,384,19.0,5.5,8.75,10.75,379,14.0,6.25,9.5,12.3,370,11.6,6.75,10.25,14.78,361,11.1,7.0,11.25,16.0
BABA,Hoch 1,201,0.603290187961365,2.8735235852684515,4.92251634216227,7.919466938684954,9.433120730858812,10.865403305093631,18.18598160933522,201,32.8,3.25,5.0,6.75,201,24.9,4.0,6.75,8.25,201,18.9,4.75,7.75,9.25,199,16.1,5.5,8.5,10.05,197,11.7,6.5,9.25,12.25,189,9.0,6.75,10.0,15.05,184,9.2,7.0,10.31,15.93
BABA,Hoch 2,85,1.0961916782680081,3.154611732785493,4.7268866618287495,8.26148552475839,10.192860074640159,12.82560116334649,21.093073506695237,85,36.5,4.0,5.5,7.4,85,25.9,4.5,7.25,8.4,85,23.5,4.5,8.25,10.15,85,22.4,5.0,8.75,11.05,84,15.5,6.25,9.62,12.43,83,13.3,6.5,10.75,14.1,82,13.4,7.88,11.69,16.0
BABA,Hoch 3,40,0.9164260000765141,2.701679593877272,5.281553865945051,8.304103639442591,10.686809537791923,12.262951132602282,13.975666439729158,40,32.5,3.5,5.25,7.25,40,27.5,4.5,6.5,8.88,40,25.0,5.12,8.06,10.53,40,25.0,5.88,9.81,11.1,39,20.5,6.0,10.38,12.25,39,20.5,7.0,12.0,15.1,38,18.4,7.88,12.75,16.0
BABA,Hoch 4,24,0.5860004140207158,3.1189611430554476,5.931094185433054,8.188608726345826,11.189757452781143,12.426680249178807,12.740801391575054,24,33.3,3.75,6.25,6.92,24,25.0,5.25,7.5,11.1,24,25.0,5.75,8.06,11.1,24,16.7,6.5,8.44,11.25,23,17.4,6.75,7.88,11.25,23,17.4,6.75,10.0,13.65,23,13.0,6.75,10.75,14.2
BABA,Hoch 5,14,1.1445294936010444,3.410759677337306,5.408502578388471,8.485264077389145,9.706602437558258,11.767255634914397,14.936651128314368,14,21.4,3.12,5.56,6.68,14,21.4,4.75,6.75,8.1,14,21.4,5.25,8.44,9.63,14,14.3,5.38,8.62,11.4,14,14.3,6.12,9.12,13.75,14,14.3,6.12,11.19,14.45,13,15.4,6.0,8.75,14.2
BABA,Hoch 6,10,1.9173580551214238,3.721352563375602,6.933141315448084,7.846876650400312,9.882372921237614,12.395639285391647,14.908905649545689,10,40.0,3.88,5.19,6.05,10,30.0,5.25,6.69,7.5,10,20.0,6.75,7.69,9.8,10,20.0,6.88,8.06,10.7,10,10.0,7.0,9.75,11.6,10,10.0,7.0,9.75,14.8,9,0.0,6.5,8.25,11.15
BABA,Hoch 7,4,1.268942230601088,5.046047939591942,6.655525127074588,9.12096900759172,12.92797248044831,14.196973638067167,15.465974795686032,4,25.0,4.25,6.44,7.23,4,25.0,6.62,8.81,12.08,4,25.0,6.62,9.06,12.78,4,25.0,6.88,9.44,12.93,4,0.0,6.88,9.44,12.93,4,0.0,6.88,9.44,12.93,4,0.0,6.88,9.44,12.93
BABA,Hoch 8,3,1.67141129962476,4.7373713335967365,7.803331367568712,7.812278796053626,7.817647253144574,7.819436738841556,7.821226224538539,3,66.7,3.5,5.62,6.9,3,66.7,7.0,7.38,7.6,3,66.7,7.75,7.75,7.75,3,66.7,7.75,7.75,7.75,3,33.3,7.75,7.75,7.75,3,0.0,7.75,7.75,7.75,3,0.0,7.75,7.75,7.75
BABA,Hoch 9,2,0.913823811767142,2.6834531003155337,4.453082388863925,6.222711677412317,7.284489250541352,7.63841510825103,7.992340965960708,2,50.0,2.12,2.81,3.23,2,50.0,4.0,5.62,6.6,2,50.0,4.25,6.0,7.05,2,50.0,4.25,6.0,7.05,2,50.0,4.25,6.0,7.05,2,0.0,4.25,6.0,7.05,2,0.0,4.25,6.0,7.05
BABA,Hoch 10,1,1.0243972651072668,1.0243972651072668,1.0243972651072668,1.0243972651072668,1.0243972651072668,1.0243972651072668,1.0243972651072668,1,0.0,1.0,1.0,1.0,1,0.0,1.0,1.0,1.0,1,0.0,1.0,1.0,1.0,1,0.0,1.0,1.0,1.0,1,0.0,1.0,1.0,1.0,1,0.0,1.0,1.0,1.0,1,0.0,1.0,1.0,1.0
BABA,Hoch 11,1,3.065220975899289,3.065220975899289,3.065220975899289,3.065220975899289,3.065220975899289,3.065220975899289,3.065220975899289,1,0.0,3.0,3.0,3.0,1,0.0,3.0,3.0,3.0,1,0.0,3.0,3.0,3.0,1,0.0,3.0,3.0,3.0,1,0.0,3.0,3.0,3.0,1,0.0,3.0,3.0,3.0,1,0.0,3.0,3.0,3.0
BABA,Hoch 12,1,5.777221984931063,5.777221984931063,5.777221984931063,5.777221984931063,5.777221984931063,5.777221984931063,5.777221984931063,1,0.0,5.75,5.75,5.75,1,0.0,5.75,5.75,5.75,1,0.0,5.75,5.75,5.75,1,0.0,5.75,5.75,5.75,1,0.0,5.75,5.75,5.75,1,0.0,5.75,5.75,5.75,1,0.0,5.75,5.75,5.75
BAC,alle,536,0.6115326027664487,2.6383021686721686,4.610418170247006,7.447196026817719,11.285976404055575,14.446704235442075,41.4029952407059,536,30.4,3.0,4.75,6.88,536,19.4,3.5,6.5,9.5,536,16.2,4.5,7.31,11.25,534,14.0,5.25,8.25,12.75,532,11.7,6.12,10.25,15.25,522,9.8,7.0,12.69,16.0,510,8.0,8.5,15.75,16.0
BAC,Hoch 1,273,0.8096547154228827,2.533480890145121,4.575340365281335,7.062701076117806,11.035970760440215,14.256630912831088,28.48635762381006,273,28.2,2.75,4.75,6.75,273,19.0,3.5,6.5,9.95,273,16.5,4.5,7.0,10.95,273,15.4,5.0,8.25,12.7,273,13.9,5.5,10.5,15.2,266,12.0,6.75,12.5,16.0,261,9.2,8.75,15.75,16.0
BAC,Hoch 2,118,0.6115326027664487,2.741759438743042,4.859356972269575,7.2521782386625375,10.779180207271141,13.162227268086307,41.4029952407059,118,35.6,2.88,4.5,6.9,118,22.9,3.75,6.69,9.5,118,17.8,4.75,7.19,10.57,118,12.7,5.12,7.75,11.97,117,9.4,6.25,9.5,14.35,116,7.8,7.0,12.31,16.0,113,7.1,8.25,15.75,16.0
BAC,Hoch 3,67,0.8880307264771765,2.807071316960867,4.513158762103083,7.968305985147614,10.252039846453167,14.095315422553856,25.38023116634876,67,31.3,3.0,4.88,6.95,67,17.9,3.75,6.25,8.75,67,13.4,4.5,7.88,10.05,67,10.4,6.0,7.88,10.8,66,7.6,6.5,9.69,14.88,66,6.1,7.75,12.5,16.0,63,4.8,9.0,13.75,16.0
BAC,Hoch 4,36,0.8419618715928983,2.423094844278454,4.084275517120336,7.149048357603321,11.598888675258191,15.966743885031647,21.801677610571595,36,22.2,3.25,4.56,6.12,36,16.7,3.5,5.75,7.75,36,16.7,4.0,7.0,11.5,35,17.1,6.0,9.0,11.5,35,11.4,7.0,10.88,16.0,34,8.8,7.0,12.62,16.0,33,9.1,7.25,14.75,16.0
BAC,Hoch 5,21,1.4801751927491091,2.806396872039372,3.7787783788189735,7.69980727506804,9.64326753754593,11.300853406360678,12.785762872927606,21,38.1,3.5,4.75,6.5,21,14.3,3.5,5.25,7.5,21,9.5,3.75,7.5,9.5,20,10.0,6.12,10.12,13.08,20,5.0,6.12,12.88,15.1,19,0.0,4.75,15.5,16.0,19,0.0,5.25,15.5,16.0
BAC,Hoch 6,12,1.5957172594691738,3.8385252960943905,6.795515124154452,11.325179048272853,12.831484156178643,15.471962081487241,18.692841147260374,12,33.3,3.88,5.0,6.35,12,25.0,4.5,6.44,9.47,12,25.0,6.75,11.25,12.75,12,16.7,7.12,11.38,15.73,12,16.7,7.12,15.81,16.0,12,16.7,7.12,16.0,16.0,12,16.7,9.62,16.0,16.0
BAC,Hoch 7,4,1.3233167524228624,3.3116971492296248,4.775629859734885,8.180669187587304,12.867689336896246,14.430029386665888,15.992369436435538,4,50.0,3.5,6.81,9.18,4,25.0,3.75,7.31,10.58,4,25.0,4.62,8.06,12.68,4,25.0,4.62,8.12,12.85,4,25.0,4.62,8.12,12.85,4,25.0,4.62,8.12,12.85,4,25.0,6.88,10.19,13.68
BAC,Hoch 8,2,2.057418457009305,3.063078294822544,4.068738132635783,5.074397970449022,5.677793873136966,5.878925840699614,6.080057808262262,2,50.0,2.12,2.69,3.02,2,0.0,3.38,4.06,4.47,2,0.0,4.0,5.0,5.6,2,0.0,4.25,5.12,5.65,2,0.0,5.0,5.5,5.8,2,0.0,5.38,5.69,5.88,2,0.0,12.12,13.81,14.82
BAC,Hoch 9,1,7.601837634463415,7.601837634463415,7.601837634463415,7.601837634463415,7.601837634463415,7.601837634463415,7.601837634463415,1,0.0,6.75,6.75,6.75,1,0.0,6.75,6.75,6.75,1,0.0,7.5,7.5,7.5,1,0.0,8.25,8.25,8.25,1,0.0,10.0,10.0,10.0,1,0.0,10.0,10.0,10.0,1,0.0,16.0,16.0,16.0
BAC,Hoch 10,1,8.23072760848134,8.23072760848134,8.23072760848134,8.23072760848134,8.23072760848134,8.23072760848134,8.23072760848134,1,0.0,7.5,7.5,7.5,1,0.0,8.0,8.0,8.0,1,0.0,8.0,8.0,8.0,1,0.0,8.75,8.75,8.75,1,0.0,10.5,10.5,10.5,1,0.0,14.25,14.25,14.25,1,0.0,16.0,16.0,16.0
BAC,Hoch 11,1,8.714808963933056,8.714808963933056,8.714808963933056,8.714808963933056,8.714808963933056,8.714808963933056,8.714808963933056,1,0.0,7.25,7.25,7.25,1,0.0,8.0,8.0,8.0,1,0.0,8.5,8.5,8.5,1,0.0,8.5,8.5,8.5,1,0.0,10.0,10.0,10.0,1,0.0,13.5,13.5,13.5,1,0.0,16.0,16.0,16.0
BAS.DE,alle,551,0.5323752702563667,2.5525152732816285,4.416579071811668,7.417318255249961,11.878048003160693,14.967571823084889,30.83348766163733,551,31.9,3.0,4.75,6.75,551,23.0,3.75,6.25,10.25,551,17.4,4.25,7.25,11.75,549,15.3,4.75,8.25,13.5,544,10.8,5.5,10.0,16.0,537,8.9,7.0,12.25,16.0,529,6.6,7.5,14.5,16.0
BAS.DE,Hoch 1,278,0.5323752702563667,2.450748736182606,4.226529150516374,7.557179115263542,12.71452367449222,20.164392343278475,30.83348766163733,278,34.2,3.0,4.75,7.33,278,26.3,3.75,6.25,10.83,278,19.8,4.12,7.5,12.58,276,17.8,4.38,8.5,14.5,273,12.8,5.25,10.0,16.0,270,10.0,6.62,12.75,16.0,266,7.1,7.25,14.94,16.0
BAS.DE,Hoch 2,129,0.8376046059810336,2.767245324508291,4.251796158418118,7.083710979813574,10.340288138914188,14.361063257497674,25.703954150606553,129,33.3,2.75,4.75,6.55,129,21.7,3.5,6.25,10.25,129,16.3,4.25,7.0,10.25,129,14.7,4.25,7.5,12.4,128,10.2,5.0,8.81,13.82,125,8.0,7.0,11.75,16.0,122,4.9,7.62,14.0,16.0
BAS.DE,Hoch 3,64,0.8558417133543528,2.1992352474989594,4.275722187935212,6.556808596402742,9.538899990029659,11.611830104200765,19.824024228183543,64,20.3,2.75,4.5,5.85,64,14.1,3.25,5.81,7.5,64,10.9,4.25,6.5,9.35,64,9.4,4.88,7.5,10.43,63,6.3,6.0,10.0,15.45,62,6.5,7.12,10.44,16.0,61,6.6,8.0,11.5,16.0
BAS.DE,Hoch 4,39,0.7895024736708728,3.441694037649689,5.3763631394364415,7.4079855377169395,10.69455989475026,12.842681170961967,14.617908977991892,39,33.3,3.25,5.12,7.25,39,20.5,4.0,6.75,7.8,39,15.4,5.25,7.38,10.55,39,10.3,6.5,8.0,13.5,39,5.1,7.0,11.38,15.8,39,5.1,8.0,12.75,16.0,39,2.6,8.25,13.62,16.0
BAS.DE,Hoch 5,25,1.4676982636187594,3.0094149517345907,4.874092483957987,8.361105791870887,11.712424348364374,12.358086262691378,14.056467332649211,25,32.0,3.25,4.5,6.0,25,20.0,4.5,6.0,8.2,25,20.0,4.75,8.25,11.65,25,16.0,6.0,8.5,13.9,25,12.0,6.0,12.25,16.0,25,12.0,6.25,15.25,16.0,25,12.0,6.25,16.0,16.0
BAS.DE,Hoch 6,10,1.5539576922020497,2.747863530015747,6.635999979404705,11.498118242823873,12.937053735744337,13.931777134546053,14.926500533347772,10,30.0,2.12,4.25,6.87,10,30.0,5.25,8.75,12.67,10,20.0,6.5,11.31,12.72,10,20.0,7.62,11.69,13.07,10,20.0,8.12,15.12,16.0,10,20.0,8.12,16.0,16.0,10,20.0,8.12,16.0,16.0
BAS.DE,Hoch 7,5,2.4838957808833984,2.5180559300167307,3.95635757201007,8.189202394727296,12.805355874894428,14.344073701616804,15.882791528339181,5,0.0,2.5,4.0,4.6,5,0.0,3.75,8.0,12.65,5,0.0,3.75,8.0,12.65,5,0.0,5.5,8.0,12.8,5,0.0,6.75,8.0,12.8,5,0.0,6.75,8.0,12.8,5,0.0,6.75,8.0,12.8
BAS.DE,Hoch 8,1,4.416579071811668,4.416579071811668,4.416579071811668,4.416579071811668,4.416579071811668,4.416579071811668,4.416579071811668,1,100.0,4.25,4.25,4.25,1,100.0,4.25,4.25,4.25,1,0.0,4.25,4.25,4.25,1,0.0,4.25,4.25,4.25,1,0.0,4.25,4.25,4.25,1,0.0,4.25,4.25,4.25,1,0.0,4.25,4.25,4.25
BAYN.DE,alle,577,0.5562647646830419,2.6075674151075403,4.62951477463579,7.224898248613862,11.533905703402427,14.42108820005104,33.74070781018547,577,30.3,3.0,4.75,7.0,577,21.5,3.75,6.0,9.35,577,16.1,4.5,7.0,11.35,574,14.1,4.75,7.75,13.0,569,12.8,5.75,10.5,16.0,559,9.3,6.5,12.25,16.0,556,7.9,7.75,14.06,16.0
BAYN.DE,Hoch 1,293,0.6643218868682444,2.419282082878168,4.49556809319668,6.867427288107396,11.59067486668865,15.279015371117698,30.274545755641903,293,28.7,3.0,4.75,6.25,293,19.8,3.5,5.5,9.25,293,13.3,4.25,6.75,11.45,292,11.6,4.75,7.31,13.45,291,11.0,5.5,9.38,16.0,287,7.3,6.25,12.0,16.0,285,6.3,7.0,13.0,16.0
BAYN.DE,Hoch 2,145,0.6652493689614755,2.5649405948387387,4.856100620601486,7.408330582196183,11.830859693766516,14.756209905842775,33.74070781018547,145,30.3,3.0,4.75,7.25,145,22.8,3.75,6.25,10.25,145,20.7,4.75,7.25,11.65,144,19.4,5.0,7.75,12.6,142,18.3,6.25,9.75,15.93,141,12.8,7.0,12.75,16.0,140,10.7,8.0,14.81,16.0
BAYN.DE,Hoch 3,72,0.5562647646830419,2.522213785098442,4.640945627889601,7.808867323338336,10.089562110012762,13.78029476665193,20.388946750914368,72,34.7,2.75,4.5,7.65,72,25.0,4.12,6.31,8.5,72,16.7,4.5,7.75,10.0,71,15.5,5.25,8.12,11.25,70,12.9,6.25,10.94,15.78,69,11.6,6.75,12.75,16.0,69,8.7,8.0,16.0,16.0
BAYN.DE,Hoch 4,35,1.104979499761386,2.96586232824595,4.8150770619234,7.208216281441219,10.64795929085814,11.80076640799466,13.178220155474717,35,34.3,3.25,5.0,7.15,35,22.9,3.5,6.88,8.7,35,17.1,4.75,7.12,10.45,35,11.4,4.75,8.12,11.4,34,8.8,5.12,10.75,12.5,33,6.1,6.5,11.5,13.6,33,6.1,8.0,12.0,16.0
BAYN.DE,Hoch 5,18,1.3014016806846882,2.8780873238764375,4.671982239450714,6.179747694420289,10.285231256390805,13.272236471511308,14.406254867546059,18,38.9,3.75,5.0,7.6,18,22.2,4.5,5.75,9.68,18,16.7,4.5,6.12,10.2,18,11.1,5.12,10.12,13.38,18,11.1,6.62,12.5,13.9,17,11.8,5.75,13.0,15.4,17,11.8,5.75,13.25,16.0
BAYN.DE,Hoch 6,10,2.9682172541046272,3.651997584363463,4.061768285382955,7.812018319304963,10.838195027264561,16.767166081513448,22.69613713576236,10,20.0,3.25,4.75,7.92,10,20.0,4.0,7.62,8.6,10,20.0,4.0,7.75,10.15,10,10.0,6.75,11.81,14.2,10,10.0,10.62,13.75,15.78,9,11.1,10.75,14.0,15.8,9,11.1,10.75,14.0,16.0
BAYN.DE,Hoch 7,3,3.8110073790881493,4.086596562073174,4.362185745058198,7.892340430078278,10.010433241090327,10.716464178094341,11.422495115098359,3,33.3,3.75,7.5,9.75,3,33.3,4.25,7.75,9.85,3,33.3,4.25,7.75,9.85,3,33.3,4.25,8.62,11.25,3,0.0,13.0,14.5,15.4,2,0.0,13.88,14.94,15.57,2,0.0,13.88,14.94,15.57
BAYN.DE,Hoch 8,1,4.884010112837028,4.884010112837028,4.884010112837028,4.884010112837028,4.884010112837028,4.884010112837028,4.884010112837028,1,0.0,3.0,3.0,3.0,1,0.0,4.75,4.75,4.75,1,0.0,4.75,4.75,4.75,1,0.0,4.75,4.75,4.75,1,0.0,16.0,16.0,16.0,1,0.0,16.0,16.0,16.0,1,0.0,16.0,16.0,16.0
BBVA,alle,711,0.6443526605118416,2.862166815177115,5.020348729578868,8.580632865154577,12.645189531283842,14.982872535704693,36.47708832600276,711,28.4,3.25,5.25,7.75,711,20.4,4.25,6.75,10.5,711,15.5,5.0,8.5,12.5,706,13.9,5.5,9.94,14.38,699,11.0,6.75,11.88,16.0,685,9.3,8.25,15.0,16.0,674,8.0,10.0,16.0,16.0
BBVA,Hoch 1,355,0.6443526605118416,2.5681222617654678,4.913197815120238,8.274477273840525,12.163297469979453,14.977697490643964,36.47708832600276,355,28.5,3.0,5.0,7.4,355,21.7,4.0,6.5,10.15,355,14.6,4.75,8.12,12.0,352,12.5,5.5,9.5,13.98,349,10.9,6.5,11.25,16.0,342,9.4,8.0,14.75,16.0,338,8.0,9.62,16.0,16.0
BBVA,Hoch 2,164,0.6975255305436251,2.708882215522538,4.963723574698781,9.594939041645514,12.49175144450141,14.654022804906921,32.47995708335719,164,29.3,3.0,5.0,7.0,164,18.3,4.0,7.06,10.43,164,16.5,4.75,9.5,12.43,163,14.7,5.5,10.0,14.4,162,12.3,7.0,12.0,16.0,158,10.1,9.5,15.94,16.0,156,10.3,11.0,16.0,16.0
BBVA,Hoch 3,87,1.020405295950968,2.784014443874656,4.3812950858107005,8.631581733209636,12.64915076822228,14.207406562308321,33.508192588750866,87,24.1,3.0,4.88,7.5,87,17.2,4.0,6.38,12.1,87,14.9,4.25,8.5,12.5,86,15.1,5.0,10.44,13.12,85,10.6,7.25,12.25,16.0,83,7.2,7.75,15.25,16.0,82,6.1,10.0,16.0,16.0
BBVA,Hoch 4,52,1.4583946939643246,3.2483426561368978,5.569506964882731,8.093165178682552,12.839487602092753,13.264979237729351,17.710040697987836,52,34.6,3.88,5.81,9.95,52,25.0,5.0,7.06,11.22,52,19.2,5.38,8.0,12.75,52,17.3,5.75,10.06,12.97,51,9.8,6.25,12.0,16.0,50,10.0,6.88,15.81,16.0,49,6.1,8.0,16.0,16.0
BBVA,Hoch 5,27,1.803276914274732,4.124642026157686,6.455551110449752,9.457562662932755,12.870900035244187,14.688346268514987,17.962252384005325,27,29.6,4.0,5.62,9.6,27,22.2,5.0,9.0,11.1,27,18.5,6.25,9.38,12.75,27,18.5,6.75,10.5,15.4,26,15.4,7.5,12.75,16.0,26,15.4,8.75,13.31,16.0,25,8.0,9.25,16.0,16.0
BBVA,Hoch 6,13,3.555955978938557,4.512138722537346,5.938277942389418,7.931352432103865,12.80622732669819,14.442572711923033,15.724106361453936,13,15.4,3.5,6.0,9.0,13,7.7,4.75,7.75,12.7,13,0.0,5.75,7.75,12.7,13,0.0,7.25,9.0,12.7,13,0.0,8.0,9.0,12.7,13,0.0,8.5,10.75,13.1,12,0.0,9.0,12.31,13.4
BBVA,Hoch 7,7,3.037731379760296,6.920312887804909,8.984321479241235,12.388713526266852,15.125215023429313,16.091955304529566,17.058695585629827,7,42.9,4.0,9.88,11.95,7,28.6,6.25,12.25,14.25,7,28.6,8.75,12.25,14.65,7,28.6,8.75,12.25,14.65,7,14.3,9.75,12.25,14.65,7,14.3,9.75,12.25,14.65,6,16.7,11.88,13.56,14.88
BBVA,Hoch 8,3,4.849159968191867,5.867735623102503,6.886311278013139,8.936137657046435,10.166033484466414,10.575998760273073,10.985964036079732,3,0.0,3.0,4.25,5.0,3,0.0,6.75,7.0,7.15,3,0.0,6.75,8.75,9.95,3,0.0,6.75,8.75,9.95,3,0.0,6.75,9.25,10.75,3,0.0,10.25,11.0,11.45,3,0.0,11.75,13.88,15.15
BBVA,Hoch 9,2,6.8883195802786155,8.210466376661225,9.532613173043835,10.854759969426443,11.648048047256008,11.912477406532531,12.176906765809052,2,0.0,5.88,6.81,7.38,2,0.0,6.62,7.44,7.92,2,0.0,9.38,10.69,11.47,2,0.0,9.88,11.44,12.38,2,0.0,9.88,11.44,12.38,2,0.0,12.25,12.62,12.85,2,0.0,14.5,15.25,15.7
BBVA,Hoch 10,1,8.2642254620482,8.2642254620482,8.2642254620482,8.2642254620482,8.2642254620482,8.2642254620482,8.2642254620482,1,100.0,6.25,6.25,6.25,1,100.0,7.5,7.5,7.5,1,100.0,8.25,8.25,8.25,1,100.0,8.25,8.25,8.25,1,0.0,8.25,8.25,8.25,1,0.0,13.0,13.0,13.0,1,0.0,16.0,16.0,16.0
BEI.DE,alle,550,0.5901249971858118,2.752360639846879,4.614715397690938,7.317874919500053,9.810642443605675,12.043057992291164,23.501127435159553,550,31.6,3.0,4.75,6.5,550,22.7,3.88,6.0,8.25,550,18.7,4.5,7.25,9.75,548,17.0,5.12,8.0,11.0,543,12.2,6.0,9.25,13.5,534,7.5,6.75,10.5,15.42,527,6.3,7.25,11.0,16.0
BEI.DE,Hoch 1,273,0.5901249971858118,2.7999970253712956,4.534229883423261,7.320903772553303,9.595452765965343,12.218347150024282,22.017130941489977,273,28.6,3.0,4.75,6.45,273,21.2,3.75,5.75,8.25,273,17.2,4.5,7.25,9.5,272,15.1,5.0,7.75,11.23,269,11.2,5.75,9.0,13.85,266,6.4,6.5,10.19,16.0,263,6.1,6.75,11.0,16.0
BEI.DE,Hoch 2,128,0.755940175147885,3.0577184189536317,4.776432398380582,7.33246327409492,9.640576862390269,11.940305380123142,17.895398165620378,128,39.1,3.38,4.81,6.9,128,26.6,4.12,6.5,8.65,128,21.1,4.75,7.25,9.5,127,20.5,5.25,8.5,10.6,125,15.2,6.25,9.25,13.9,123,10.6,7.25,10.38,14.75,121,6.6,8.0,10.75,15.5
BEI.DE,Hoch 3,66,0.717297572678398,2.7354579553947156,4.417669548797603,7.273922675119081,9.515985360704377,12.679293068914754,23.501127435159553,66,36.4,3.25,5.0,6.5,66,24.2,3.62,6.44,8.12,66,21.2,4.25,7.19,9.38,66,19.7,5.5,7.75,11.0,66,10.6,5.75,9.44,14.0,64,7.8,6.38,10.56,14.45,62,8.1,7.38,11.44,15.2
BEI.DE,Hoch 4,37,1.4996491771232539,2.110141213059818,4.247693552311257,6.561969134693797,9.445440245211362,12.700226256945193,19.360896979795772,37,29.7,2.5,4.75,6.45,37,24.3,3.0,6.0,8.1,37,24.3,4.0,6.5,9.3,37,21.6,5.0,8.0,9.3,37,16.2,6.0,8.75,12.45,35,11.4,6.75,9.25,13.15,35,8.6,7.5,11.0,16.0
BEI.DE,Hoch 5,18,1.156645486914587,2.55859763416508,2.9680065889710514,5.21675292321415,7.645405289423099,8.292034695100122,10.181250995636981,18,22.2,2.25,3.94,5.5,18,22.2,2.75,4.94,6.03,18,16.7,2.88,5.19,7.58,18,11.1,5.0,7.38,7.98,18,11.1,5.75,8.12,10.23,18,5.6,7.12,9.81,10.98,18,5.6,8.0,11.5,14.43
BEI.DE,Hoch 6,13,2.5716454029672833,2.7292912338290822,4.655574094303134,6.811705947090259,10.648067470624708,11.208445056733545,11.25817345547091,13,23.1,3.25,4.0,4.95,13,15.4,4.0,5.0,5.2,13,7.7,4.5,6.75,10.5,13,7.7,5.25,8.5,10.6,13,7.7,5.25,11.0,11.65,13,0.0,10.5,11.5,16.0,13,0.0,10.5,14.75,16.0
BEI.DE,Hoch 7,8,1.8159940470336564,3.048337111937375,5.441459454302653,8.283520320529165,10.484214940684714,10.694482354425324,10.904749768165935,8,25.0,3.25,3.88,5.22,8,0.0,4.12,5.38,6.12,8,0.0,5.25,8.19,10.4,8,0.0,5.88,8.31,11.12,8,0.0,6.0,10.94,12.25,8,0.0,8.75,12.62,16.0,8,0.0,8.75,12.62,16.0
BEI.DE,Hoch 8,4,3.1324111191418456,5.835904202022004,7.051354083022003,8.300543573247168,9.983370719580561,10.544313101691689,11.105255483802821,4,25.0,3.0,3.25,3.7,4,25.0,5.25,6.19,6.98,4,25.0,6.88,8.19,9.88,4,25.0,7.5,8.38,9.95,4,25.0,7.62,8.56,10.03,4,0.0,7.75,8.75,10.1,4,0.0,9.25,10.62,10.85
BEI.DE,Hoch 9,2,4.349514371057295,5.4613585759013725,6.573202780745449,7.685046985589526,8.352153508495974,8.574522349464788,8.796891190433604,2,0.0,5.0,5.38,5.6,2,0.0,6.0,6.88,7.4,2,0.0,6.5,7.62,8.3,2,0.0,6.5,7.62,8.3,2,0.0,6.5,7.62,8.3,2,0.0,7.75,9.5,10.55,2,0.0,7.75,9.5,10.55
BEI.DE,Hoch 10,1,9.81291981164684,9.81291981164684,9.81291981164684,9.81291981164684,9.81291981164684,9.81291981164684,9.81291981164684,1,100.0,8.0,8.0,8.0,1,100.0,9.25,9.25,9.25,1,100.0,9.75,9.75,9.75,1,100.0,9.75,9.75,9.75,1,0.0,9.75,9.75,9.75,1,0.0,12.25,12.25,12.25,1,0.0,12.25,12.25,12.25
BHP,alle,721,0.6837542606411127,2.8377630327044945,4.763659593472361,7.491949028175905,11.72725222286837,14.405595074082896,45.78411037318026,721,27.2,3.25,5.25,7.0,721,18.7,4.25,6.5,9.75,721,14.1,4.75,7.25,11.5,718,12.3,4.75,8.5,13.08,715,9.5,5.75,10.25,15.15,701,7.3,6.75,12.25,16.0,689,6.0,7.75,14.25,16.0
BHP,Hoch 1,373,0.6837542606411127,2.6875645266319204,4.531488295640702,7.2519088327419166,11.918423508237613,14.304623172114864,24.839743788464407,373,24.1,3.25,4.75,7.0,373,16.6,4.0,6.5,9.95,373,12.3,4.5,7.25,11.75,371,11.3,4.75,8.62,13.25,371,9.2,5.25,10.5,15.5,365,7.4,6.25,12.75,16.0,359,5.8,7.75,14.38,16.0
BHP,Hoch 2,168,0.7416603838780964,2.869742576216785,5.24116207687366,7.612465779048693,11.184911955569955,14.21713503811243,18.195045879293616,168,32.7,3.38,5.75,7.0,168,22.0,4.5,6.5,9.33,168,17.3,5.12,7.5,11.08,168,14.3,5.25,8.06,13.08,167,8.4,6.0,10.12,14.5,166,6.0,6.75,11.94,16.0,162,4.9,7.88,14.69,16.0
BHP,Hoch 3,84,0.7247732879490132,2.996989562688949,4.782111085399544,7.973682281311942,11.54524531744499,17.328500945218458,30.779976171097147,84,26.2,3.0,5.0,8.28,84,17.9,4.38,6.56,9.75,84,15.5,4.62,7.81,11.35,84,10.7,5.0,8.81,12.63,83,10.8,6.25,9.88,14.5,82,9.8,7.5,12.5,16.0,80,8.8,7.75,14.56,16.0
BHP,Hoch 4,49,1.07692139911137,3.3603847320015476,5.36348989080305,7.260877679146992,11.232634549172015,11.79652735284317,45.78411037318026,49,26.5,3.5,5.5,6.8,49,18.4,4.75,6.5,9.95,49,10.2,5.25,7.25,11.1,49,10.2,6.25,8.5,11.55,48,6.2,6.62,10.81,13.73,46,2.2,7.0,11.69,16.0,46,2.2,7.0,13.06,16.0
BHP,Hoch 5,25,1.1643967604304044,4.10643567530102,5.63796782112384,8.859640217894041,12.963117291756438,14.472826722870913,19.411953823128943,25,40.0,4.0,5.25,6.25,25,36.0,5.0,7.75,10.25,25,28.0,5.5,8.75,12.85,24,25.0,5.75,10.5,14.45,24,25.0,6.0,11.56,15.62,23,21.7,7.75,12.12,16.0,23,17.4,8.0,12.88,16.0
BHP,Hoch 6,12,0.8870545459494918,3.5414261961803986,4.650808197882167,5.338840317651362,7.045645921280401,7.898572756121318,8.880843803556504,12,25.0,4.38,4.75,5.43,12,8.3,4.38,4.75,6.1,12,8.3,4.5,5.19,6.95,12,8.3,4.5,5.25,6.97,12,8.3,4.5,6.06,7.0,11,0.0,5.5,8.75,11.0,11,0.0,5.75,10.38,11.25
BHP,Hoch 7,6,1.5244632756442869,3.1153025441243103,4.75075320811953,6.835263331948941,9.421557230437912,10.394051010712898,11.366544790987886,6,33.3,4.62,5.88,6.75,6,16.7,4.62,6.25,7.0,6,16.7,4.62,6.62,9.25,6,16.7,4.62,6.62,9.25,6,16.7,4.62,6.62,9.25,5,0.0,7.0,9.75,10.65,5,0.0,10.0,10.0,13.6
BHP,Hoch 8,2,1.855831177423137,3.43023445724962,5.004637737076103,6.579041016902585,7.523682984798476,7.8385636407637715,8.153444296729068,2,50.0,4.88,6.44,7.38,2,50.0,4.88,6.44,7.38,2,0.0,4.88,6.44,7.38,2,0.0,4.88,6.44,7.38,2,0.0,6.75,7.38,7.75,1,0.0,7.5,7.5,7.5,1,0.0,7.5,7.5,7.5
BHP,Hoch 9,1,3.8909235580387107,3.8909235580387107,3.8909235580387107,3.8909235580387107,3.8909235580387107,3.8909235580387107,3.8909235580387107,1,0.0,3.75,3.75,3.75,1,0.0,3.75,3.75,3.75,1,0.0,3.75,3.75,3.75,1,0.0,3.75,3.75,3.75,1,0.0,8.75,8.75,8.75,1,0.0,8.75,8.75,8.75,1,0.0,8.75,8.75,8.75
BHP,Hoch 10,1,4.687953682805956,4.687953682805956,4.687953682805956,4.687953682805956,4.687953682805956,4.687953682805956,4.687953682805956,1,0.0,4.5,4.5,4.5,1,0.0,4.5,4.5,4.5,1,0.0,4.5,4.5,4.5,1,0.0,4.5,4.5,4.5,1,0.0,8.75,8.75,8.75,1,0.0,8.75,8.75,8.75,1,0.0,8.75,8.75,8.75
BIIB,alle,497,0.6116094396027999,2.6214103994263014,4.244945414009307,7.034712651541651,9.64841528120431,11.692159881520004,18.8866241238038,497,31.0,3.0,4.25,6.25,497,22.1,3.75,6.0,8.6,497,17.7,4.0,7.0,9.5,495,15.6,4.5,7.5,11.0,490,13.1,5.0,8.75,12.78,486,10.1,6.25,11.0,14.62,484,7.9,7.0,12.0,16.0
BIIB,Hoch 1,234,0.6664291172116013,2.5294417111306577,4.26660452282924,7.010114717219355,9.64078985716794,11.191086798814473,17.919277866518954,234,27.4,2.75,4.0,5.93,234,19.2,3.5,5.5,7.93,234,14.5,4.25,6.94,9.5,233,12.9,4.5,7.25,10.75,232,10.8,4.75,8.81,13.15,231,9.5,6.0,11.25,14.75,230,7.4,7.0,11.75,16.0
BIIB,Hoch 2,120,0.8310360148972072,2.7868996010377622,4.244318277142924,7.328525225430239,9.582205248097535,12.617489845546142,18.8866241238038,120,39.2,3.0,4.5,6.75,120,26.7,4.0,6.31,8.55,120,21.7,4.12,7.25,9.5,119,20.2,4.5,8.12,12.5,118,17.8,5.0,8.5,13.82,117,13.7,6.25,11.25,15.35,116,10.3,7.0,12.25,16.0
BIIB,Hoch 3,63,0.6116094396027999,3.1327632270581605,4.418957785811612,7.438236892628617,10.21420240218649,10.665140488447127,13.890596412054276,63,39.7,3.25,4.62,8.0,63,30.2,4.0,6.75,8.9,63,23.8,4.25,7.38,10.05,63,20.6,4.5,8.25,10.45,62,16.1,5.25,8.5,10.95,60,8.3,5.88,10.06,12.5,60,8.3,8.0,11.06,13.55
BIIB,Hoch 4,32,0.9298419264975467,2.5344337021377044,3.990320715656666,6.061621701551085,9.159077076429664,9.80778274177688,11.46778964820167,32,21.9,2.75,4.25,5.65,32,15.6,3.5,5.0,8.0,32,15.6,3.88,5.88,8.98,32,12.5,4.12,6.56,8.98,31,9.7,4.5,7.5,11.0,31,6.5,5.0,10.0,12.5,31,3.2,5.5,10.75,15.5
BIIB,Hoch 5,16,0.9211942483586878,2.930749549500999,3.9714458886645065,5.44754878781895,10.882563733327643,12.096890749175538,13.7524715266906,16,25.0,3.38,4.31,5.62,16,12.5,3.75,5.38,9.5,16,6.2,3.88,5.38,10.75,16,6.2,4.12,6.69,11.88,15,6.7,6.5,7.88,12.25,15,6.7,7.25,10.88,13.45,15,6.7,7.25,11.38,15.1
BIIB,Hoch 6,12,0.9567345309800503,2.525503609572089,4.212119267501629,7.299486400236299,10.022052476253238,12.39929667231375,15.164904316581847,12,25.0,2.12,3.31,6.2,12,25.0,3.25,7.06,9.88,12,25.0,4.12,7.06,9.88,12,8.3,5.38,7.62,9.88,12,8.3,7.62,9.06,14.5,12,0.0,7.62,11.19,14.97,12,0.0,8.62,11.25,15.9
BIIB,Hoch 7,8,1.3277213342408358,1.685907310000889,3.958456256628156,6.2089547268958745,7.1694265692570855,7.592798243849763,8.016169918442442,8,0.0,2.62,4.19,4.83,8,0.0,3.5,6.19,7.12,8,0.0,3.88,6.19,7.12,8,0.0,6.38,7.56,7.83,8,0.0,7.75,8.94,11.45,8,0.0,7.75,10.38,15.47,8,0.0,8.62,13.19,16.0
BIIB,Hoch 8,6,2.2580637094224425,3.432764939166167,6.2719584385296585,7.172601995900363,8.154793340907274,8.611528295101138,9.068263249295004,6,50.0,4.5,5.5,6.38,6,50.0,4.88,6.62,8.0,6,50.0,6.12,6.94,8.0,6,50.0,7.62,8.44,8.75,6,33.3,7.75,9.62,13.0,6,33.3,7.75,14.12,16.0,6,16.7,11.75,15.19,16.0
BIIB,Hoch 9,2,1.3142563982360471,3.0900791858002425,4.865901973364438,6.641724760928634,7.707218433467151,8.06238299097999,8.417547548492829,2,0.0,1.62,1.81,1.93,2,0.0,1.62,1.81,1.93,2,0.0,4.75,6.5,7.55,2,0.0,4.75,6.5,7.55,2,0.0,4.75,6.5,7.55,2,0.0,4.75,6.5,7.55,2,0.0,7.0,9.88,11.6
BIIB,Hoch 10,2,2.031343770328255,4.3052621018566395,6.579180433385023,8.853098764913408,10.217449763830437,10.672233430136114,11.127017096441792,2,50.0,3.75,4.62,5.15,2,50.0,6.5,8.75,10.1,2,50.0,6.5,8.75,10.1,2,50.0,6.5,8.75,10.1,2,50.0,6.5,8.75,10.1,2,50.0,6.5,8.75,10.1,2,50.0,8.88,12.31,14.38
BIIB,Hoch 11,1,2.25758325999328,2.25758325999328,2.25758325999328,2.25758325999328,2.25758325999328,2.25758325999328,2.25758325999328,1,0.0,1.5,1.5,1.5,1,0.0,2.25,2.25,2.25,1,0.0,2.25,2.25,2.25,1,0.0,2.25,2.25,2.25,1,0.0,2.25,2.25,2.25,1,0.0,2.25,2.25,2.25,1,0.0,2.25,2.25,2.25
BIIB,Hoch 12,1,2.9552603525049728,2.9552603525049728,2.9552603525049728,2.9552603525049728,2.9552603525049728,2.9552603525049728,2.9552603525049728,1,0.0,2.25,2.25,2.25,1,0.0,2.75,2.75,2.75,1,0.0,2.75,2.75,2.75,1,0.0,2.75,2.75,2.75,1,0.0,2.75,2.75,2.75,1,0.0,2.75,2.75,2.75,1,0.0,2.75,2.75,2.75
BKNG,alle,516,0.48733477334625885,2.48800365470437,4.159757563512265,6.61948768508186,9.648906714614569,11.954583578306515,37.42802488335598,516,26.0,2.75,4.5,6.75,516,14.7,3.5,5.75,8.5,516,10.3,4.0,6.5,9.5,513,7.8,4.5,7.0,10.2,509,5.9,4.75,8.25,12.5,505,4.2,5.25,9.5,13.75,500,2.2,6.25,10.5,14.5
BKNG,Hoch 1,227,0.6068274127617993,2.2714604925879023,3.61801616677732,6.070408232301415,8.729213831643998,10.117179738021608,22.897669151192595,227,23.8,2.75,4.25,6.0,227,12.3,3.25,5.25,7.5,227,7.0,3.5,6.0,8.5,225,5.3,4.0,6.75,9.25,223,3.6,4.5,7.5,10.45,220,1.8,5.38,8.62,13.0,215,0.9,5.75,9.0,13.25
BKNG,Hoch 2,116,0.48733477334625885,2.5910288000475497,4.006685960232942,6.449212434434553,9.155365297763744,10.977491166311873,20.111557078666713,116,26.7,2.5,4.0,6.62,116,18.1,3.5,5.06,8.25,116,13.8,3.88,6.38,9.0,115,12.2,4.0,7.0,10.8,115,9.6,4.5,8.25,12.4,114,7.0,5.0,9.75,14.38,114,5.3,6.5,10.5,14.75
BKNG,Hoch 3,66,1.0861319555716356,3.3521269228585178,5.077668295010561,7.2410584584060524,10.782914592139807,12.210369207443396,28.787135010488512,66,24.2,3.0,5.25,8.12,66,13.6,4.62,6.12,8.5,66,12.1,5.0,7.12,10.62,66,9.1,5.12,7.19,11.88,65,7.7,5.5,8.75,12.9,65,6.2,5.75,10.25,13.9,65,3.1,7.25,12.25,14.9
BKNG,Hoch 4,47,1.1262842313822994,3.6623474210570945,5.680593446627589,8.356314827688394,12.308054311894788,17.213264424596336,36.65754222265628,47,42.6,3.75,6.12,8.95,47,21.3,4.75,7.88,10.95,47,12.8,5.5,8.25,12.2,47,8.5,5.75,8.75,14.3,46,6.5,5.75,11.0,14.38,46,4.3,6.25,12.25,16.0,46,0.0,8.88,13.56,16.0
BKNG,Hoch 5,25,1.4962963314961835,2.787780050508573,5.3755231108221455,7.803482508902795,11.395200614363226,13.20010114005148,37.42802488335598,25,24.0,3.75,5.5,8.5,25,12.0,4.25,6.0,11.35,25,12.0,5.25,7.75,11.35,25,12.0,5.5,8.0,11.75,25,12.0,5.75,9.5,13.55,25,12.0,6.0,9.5,14.2,25,4.0,6.0,13.25,15.4
BKNG,Hoch 6,14,1.17551993553612,2.1836092162138505,2.9493881479201516,8.171947848722521,11.423366386429553,12.692153251193284,13.261531651698927,14,28.6,2.75,5.69,6.18,14,21.4,2.75,8.0,11.28,14,21.4,2.75,8.0,11.28,14,7.1,2.75,8.0,11.28,14,0.0,3.25,8.56,11.28,14,0.0,3.5,8.56,12.95,14,0.0,3.5,8.56,12.95
BKNG,Hoch 7,10,1.4132659035456547,2.5311327637914443,3.7211827308690415,8.756980211043492,11.435092386554185,12.695569638054057,13.956046889553933,10,20.0,3.5,6.19,6.92,10,20.0,3.5,8.62,11.27,10,10.0,3.5,8.62,11.27,10,0.0,3.5,8.62,11.27,10,0.0,4.12,8.62,11.27,10,0.0,4.38,9.75,13.8,10,0.0,4.38,9.75,13.97
BKNG,Hoch 8,5,0.744690453869063,2.472543615445821,4.9621715848282,5.880341435280217,6.502100570831281,6.709353616014969,6.916606661198657,5,20.0,4.75,5.75,6.35,5,0.0,4.75,5.75,6.35,5,0.0,4.75,5.75,6.35,5,0.0,4.75,5.75,6.35,5,0.0,5.25,5.75,6.35,5,0.0,5.25,5.75,6.35,5,0.0,5.25,5.75,6.35
BKNG,Hoch 9,2,1.3586060155371726,1.8038095591926508,2.249013102848129,2.694216646503607,2.961338772696894,3.0503794814279894,3.1394201901590852,2,0.0,1.25,1.25,1.25,2,0.0,1.25,1.25,1.25,2,0.0,2.12,2.56,2.83,2,0.0,2.12,2.56,2.83,2,0.0,3.88,5.19,5.97,2,0.0,3.88,5.19,5.97,2,0.0,3.88,5.19,5.97
BKNG,Hoch 10,2,1.9862094756066095,2.4271581504603668,2.8681068253141238,3.309055500167881,3.5736247050801353,3.6618144400508865,3.750004175021638,2,0.0,1.25,1.5,1.65,2,0.0,1.25,1.5,1.65,2,0.0,2.75,3.25,3.55,2,0.0,2.75,3.25,3.55,2,0.0,4.5,5.88,6.7,2,0.0,4.5,5.88,6.7,2,0.0,4.5,5.88,6.7
BKNG,Hoch 11,2,3.017238564286996,3.2374696964040917,3.4577008285211868,3.677931960638282,3.810070639908539,3.8541168663319585,3.8981630927553774,2,0.0,1.88,2.44,2.77,2,0.0,1.88,2.44,2.77,2,0.0,3.38,3.56,3.67,2,0.0,3.38,3.56,3.67,2,0.0,5.25,6.38,7.05,2,0.0,5.25,6.38,7.05,2,0.0,5.25,6.38,7.05
BKR,alle,560,0.7319232719041218,2.720556186925129,4.42094434536015,6.97344895222683,10.117588739306342,13.584446192250162,34.83610102474684,560,34.6,3.0,4.5,6.78,560,23.8,3.75,6.0,8.5,560,19.8,4.25,6.75,10.0,560,16.4,4.75,7.75,12.53,558,13.3,5.25,9.5,14.5,549,11.5,6.5,11.75,16.0,544,10.3,7.0,13.5,16.0
BKR,Hoch 1,282,0.7319232719041218,2.667496645353628,4.224718735557955,6.879357890464019,10.112700283575293,14.0447102055618,31.101528999653848,282,36.5,2.75,4.25,6.73,282,24.8,3.75,5.5,8.7,282,20.9,4.12,6.75,10.0,282,18.4,4.75,7.25,11.25,281,16.0,5.0,9.0,13.25,279,14.0,5.5,11.0,15.55,276,12.3,6.0,13.25,16.0
BKR,Hoch 2,132,1.0087148781844242,2.7370494356967416,4.412314948297291,7.2791743885032725,10.428011050982553,14.624793038420467,34.83610102474684,132,30.3,3.0,4.5,5.75,132,22.7,3.75,5.75,9.0,132,18.9,4.38,7.06,10.23,132,15.9,4.75,8.0,11.98,131,12.2,5.25,9.38,15.0,130,10.0,6.25,11.94,16.0,129,9.3,6.5,13.0,16.0
BKR,Hoch 3,71,1.130314959547511,3.254735979257344,4.6438380026169845,6.946448752970343,9.403303942252531,10.381121353997003,22.431789364361496,71,39.4,3.5,4.88,6.75,71,21.1,4.25,6.5,8.0,71,16.9,4.5,6.75,9.25,71,11.3,5.0,7.62,11.0,71,7.0,6.0,9.5,15.25,70,4.3,7.12,12.88,16.0,69,2.9,7.25,13.25,16.0
BKR,Hoch 4,35,1.0092990142577833,3.1512885092613714,5.0880245517218645,7.461178812022865,9.745244111682103,10.695690765889674,14.814355894389893,35,28.6,3.5,4.5,7.45,35,20.0,4.5,6.5,8.95,35,17.1,5.0,7.25,9.65,35,14.3,5.0,8.62,12.05,35,8.6,7.5,10.0,15.05,34,8.8,8.62,12.75,16.0,34,8.8,9.0,13.94,16.0
BKR,Hoch 5,17,1.0567481192782886,2.555297525625602,4.202270805779487,6.094677326135676,10.98701966320665,11.35831546382689,12.248771781562896,17,29.4,2.5,4.0,6.5,17,29.4,3.5,5.5,7.1,17,23.5,4.0,6.0,10.85,17,5.9,4.5,10.0,14.35,17,5.9,4.75,12.0,16.0,16,6.2,9.0,12.88,16.0,16,6.2,9.88,15.06,16.0
BKR,Hoch 6,9,1.5298804131022439,1.7976825809796204,4.371381199751449,6.927341705327065,10.260334449427853,11.071633098006073,11.882931746584296,9,33.3,1.75,4.5,4.55,9,33.3,4.25,5.0,6.35,9,22.2,4.25,6.75,10.15,9,22.2,4.25,11.5,16.0,9,22.2,5.0,13.25,16.0,8,25.0,11.75,13.94,16.0,8,25.0,11.75,16.0,16.0
BKR,Hoch 7,6,1.3764914717587853,3.0601371631669254,4.4404193675851324,4.943997236369084,6.39687771440355,7.081280443824785,7.765683173246021,6,0.0,3.88,4.44,4.75,6,0.0,4.12,4.81,6.38,6,0.0,4.25,4.88,6.38,6,0.0,4.5,5.94,9.88,6,0.0,5.38,6.12,10.0,5,0.0,10.25,13.25,13.55,5,0.0,10.25,13.25,14.9
BKR,Hoch 8,5,2.2552644052820794,5.553732820562724,6.862492169085698,7.4310087388706005,8.40398451605502,8.728309775116493,9.052635034177968,5,60.0,6.25,7.0,7.15,5,40.0,6.25,7.25,8.3,5,40.0,6.75,7.25,8.3,5,40.0,8.0,8.5,11.95,5,20.0,8.0,8.5,11.95,4,25.0,10.62,13.12,13.8,4,25.0,10.62,13.56,15.03
BKR,Hoch 9,3,3.201061572499105,4.591751130602017,5.982440688704928,8.22492139748798,9.570409822757812,10.018905964514422,10.467402106271033,3,66.7,5.75,6.88,7.55,3,33.3,5.75,7.12,7.95,3,33.3,5.75,8.0,9.35,3,33.3,7.0,10.25,12.2,3,33.3,8.75,11.12,12.55,3,33.3,13.5,13.75,13.9,3,33.3,14.0,15.0,15.6
BLK,alle,592,0.7181874092108539,2.3234920790836746,4.092924607360578,7.417791824679875,11.384292047190419,13.535089673173928,32.107287599000095,592,30.2,3.0,4.56,6.75,592,18.8,3.75,6.0,9.5,592,14.5,4.0,7.25,11.25,589,12.6,4.25,8.0,12.0,582,8.6,5.0,9.0,14.25,572,6.3,5.75,10.81,16.0,565,5.3,6.75,12.0,16.0
BLK,Hoch 1,292,0.7181874092108539,2.0813767916156,4.009886508894015,7.004156782309817,11.066827320208866,13.605488018762982,25.66333745712851,292,30.8,2.75,4.5,6.75,292,19.5,3.5,5.75,9.25,292,16.1,4.0,6.81,10.98,290,14.1,4.25,7.5,12.0,288,8.7,4.75,8.5,13.4,282,7.1,5.5,10.25,14.75,278,5.8,6.5,11.25,15.83
BLK,Hoch 2,142,0.8509518612058055,2.307488280790392,4.008904014725475,7.747596034773826,11.097849290269064,13.023968163873855,32.107287599000095,142,28.2,2.75,4.5,6.73,142,17.6,3.75,6.19,9.5,142,14.1,3.88,7.69,10.98,141,12.8,4.0,8.5,11.75,140,11.4,4.75,9.25,14.03,137,8.8,6.5,11.25,16.0,135,8.9,7.25,12.88,16.0
BLK,Hoch 3,79,0.7609795808244051,2.4710602345962935,3.927074669826219,8.666086970119995,11.773040067058767,13.109534576245768,28.888192872382582,79,24.1,3.25,4.88,6.45,79,16.5,3.75,6.25,9.55,79,10.1,3.75,8.62,11.75,79,8.9,4.5,8.75,11.85,77,6.5,5.0,10.0,14.85,76,2.6,5.75,11.88,16.0,75,2.7,6.5,13.5,16.0
BLK,Hoch 4,47,1.1175945406803824,2.734305845514086,4.1118617559489445,6.855338683793628,12.265186970433113,14.884251428067829,25.142418811337343,47,34.0,3.5,5.0,6.65,47,21.3,4.0,6.25,9.45,47,12.8,4.0,6.75,12.2,47,8.5,4.5,8.0,12.6,46,8.7,5.5,9.56,14.88,46,4.3,5.88,11.94,16.0,46,0.0,7.0,14.38,16.0
BLK,Hoch 5,21,1.7289659054533182,3.937126311091016,4.963409606831401,7.086210324511433,7.767721415399301,13.157877663740594,13.49482421579427,21,42.9,3.5,5.5,6.75,21,14.3,4.25,6.75,7.5,21,14.3,4.75,7.0,7.75,21,9.5,6.75,7.25,13.25,20,0.0,6.75,8.0,13.75,20,0.0,6.75,9.88,16.0,20,0.0,6.75,13.38,16.0
BLK,Hoch 6,8,2.1536126192342397,3.9020590877508567,8.536602783941358,9.009235043489625,10.982297257330165,12.975005341944616,14.967713426559072,8,37.5,3.5,6.12,8.9,8,12.5,4.12,6.62,10.9,8,12.5,8.5,8.88,10.9,8,12.5,9.0,11.56,15.12,8,0.0,9.0,11.56,15.12,8,0.0,9.0,11.56,15.12,8,0.0,9.88,15.06,16.0
BLK,Hoch 7,2,5.233335510079762,6.371202194501517,7.509068878923274,8.64693556334503,9.329655573998084,9.557228910882435,9.784802247766786,2,50.0,4.62,5.44,5.92,2,50.0,5.62,5.94,6.12,2,50.0,7.38,8.56,9.28,2,50.0,7.88,9.31,10.18,2,0.0,7.88,9.31,10.18,2,0.0,7.88,9.31,10.18,2,0.0,7.88,9.31,10.18
BLK,Hoch 8,1,5.762989597618655,5.762989597618655,5.762989597618655,5.762989597618655,5.762989597618655,5.762989597618655,5.762989597618655,1,100.0,3.75,3.75,3.75,1,100.0,5.75,5.75,5.75,1,0.0,5.75,5.75,5.75,1,0.0,5.75,5.75,5.75,1,0.0,5.75,5.75,5.75,1,0.0,5.75,5.75,5.75,1,0.0,5.75,5.75,5.75
BMO,alle,612,0.4405316427900353,2.694906152344462,4.864955245235144,8.671927560447745,12.217314821813982,14.535040073014631,68.95298324305166,612,28.1,3.25,5.5,7.75,612,19.0,4.25,7.25,10.25,612,13.7,4.75,8.5,12.0,610,11.8,5.25,9.75,13.03,606,7.9,6.5,11.0,16.0,598,6.5,7.75,12.5,16.0,590,3.6,8.75,15.0,16.0
BMO,Hoch 1,288,0.4405316427900353,2.590197114524317,4.521851541782366,8.080701820197461,11.932324814965048,14.047335928137052,65.20302541358893,288,26.7,3.25,5.06,7.33,288,17.0,4.0,7.0,10.25,288,12.2,4.5,8.0,11.83,287,10.1,4.75,9.25,12.5,286,7.0,5.75,10.25,14.5,283,5.3,7.25,11.75,16.0,278,1.4,8.0,13.75,16.0
BMO,Hoch 2,141,0.6026479731429447,2.697416349053448,4.750256009346512,8.83896119637125,11.804744993960451,13.968640715554786,68.95298324305166,141,28.4,3.25,5.25,8.75,141,19.9,3.75,7.25,11.25,141,14.9,4.75,8.75,11.75,140,12.1,5.0,9.81,12.33,139,9.4,7.0,11.12,15.6,139,9.4,8.0,12.0,16.0,138,5.8,8.75,15.06,16.0
BMO,Hoch 3,80,1.0747724250933046,2.546143727376773,4.804115198891676,8.439152531896337,11.888351015972596,13.438634182621046,44.52175524074558,80,30.0,3.12,5.81,7.78,80,21.2,4.0,7.31,10.08,80,13.8,4.75,8.25,11.78,80,12.5,5.12,9.81,13.28,79,8.9,6.75,11.38,16.0,79,6.3,8.0,12.25,16.0,78,6.4,9.25,14.94,16.0
BMO,Hoch 4,50,1.3565439851507353,2.4308344656947956,4.8305866422645485,7.540397470024333,11.093861670162617,12.731477100106769,14.797942931708747,50,24.0,2.5,4.75,6.8,50,16.0,3.62,6.69,8.8,50,12.0,4.75,7.44,11.03,50,10.0,4.88,9.62,12.3,49,8.2,6.5,10.75,16.0,48,6.2,7.75,12.56,16.0,47,4.3,8.25,13.88,16.0
BMO,Hoch 5,27,1.3442010736069234,3.35867069328948,6.162053643664479,10.187670555467514,11.894369096134861,14.045645833215106,15.099127818511711,27,37.0,3.5,5.25,7.25,27,22.2,5.75,8.25,10.0,27,14.8,6.0,10.12,11.7,27,14.8,7.0,11.12,15.7,27,7.4,7.5,12.0,16.0,26,3.8,10.25,15.38,16.0,26,3.8,10.25,16.0,16.0
BMO,Hoch 6,15,2.30058756354791,4.978398883403083,6.963043987701132,13.662799512883307,17.689319844093067,21.679533247076623,28.209221522232422,15,33.3,4.5,6.5,9.05,15,26.7,6.75,8.12,11.9,15,26.7,6.75,13.62,15.9,15,26.7,7.75,14.0,15.9,15,6.7,8.75,14.0,15.9,14,7.1,10.25,15.56,16.0,14,7.1,10.25,15.94,16.0
BMO,Hoch 7,6,4.416268471322664,6.522213325138706,7.730060696527088,11.291983692303452,13.589822375531611,14.192484177431961,14.79514597933231,6,16.7,5.38,5.5,6.5,6,16.7,6.62,7.62,10.0,6,16.7,7.62,11.19,13.5,6,16.7,9.75,12.06,14.0,6,0.0,11.88,13.94,15.12,5,0.0,14.5,15.75,15.75,5,0.0,15.75,15.75,15.9
BMO,Hoch 8,4,5.60275030386565,6.725272219766374,10.065342291296915,13.124548159652848,13.29250574347899,13.348491604754372,13.404477466029753,4,50.0,7.0,9.06,10.98,4,50.0,7.75,9.69,11.83,4,25.0,10.0,13.06,13.18,4,25.0,10.0,13.06,13.18,4,25.0,10.0,13.06,13.18,3,33.3,13.0,14.5,15.4,3,0.0,13.0,14.5,15.4
BMO,Hoch 9,1,15.248792849768856,15.248792849768856,15.248792849768856,15.248792849768856,15.248792849768856,15.248792849768856,15.248792849768856,1,100.0,10.25,10.25,10.25,1,100.0,10.25,10.25,10.25,1,100.0,15.0,15.0,15.0,1,100.0,15.0,15.0,15.0,1,0.0,15.0,15.0,15.0,1,0.0,15.0,15.0,15.0,1,0.0,15.0,15.0,15.0
BMW.DE,alle,534,0.6268701302484215,2.8879300029090844,4.7020900404988435,7.040961980591856,9.434728187512034,11.592225166512124,31.12689972082592,534,31.8,3.0,4.5,6.17,534,20.8,4.0,5.75,7.92,534,16.5,4.5,7.0,9.25,533,13.7,5.0,7.75,11.25,530,10.6,5.75,8.75,14.03,523,8.4,6.5,11.25,16.0,517,7.2,7.5,13.0,16.0
BMW.DE,Hoch 1,280,0.6268701302484215,2.7801565435637565,4.6084268706959595,6.919474892691445,9.59099982119586,11.416863862025728,27.289735371968217,280,30.4,3.0,4.25,6.0,280,19.6,3.88,5.5,7.25,280,16.8,4.5,6.75,9.5,279,14.3,5.0,7.5,11.25,278,11.9,5.62,8.25,13.75,274,10.2,6.25,10.75,15.0,271,8.5,7.0,12.5,16.0
BMW.DE,Hoch 2,128,0.7170336280727359,2.9616837491047088,4.811876724661127,7.391276592492647,9.513544563664963,12.888331136355367,31.12689972082592,128,35.9,3.0,4.75,6.0,128,24.2,4.0,6.25,8.57,128,18.0,4.75,7.25,9.4,128,13.3,5.0,8.06,11.57,127,10.2,5.75,8.75,13.6,126,8.7,7.0,11.5,16.0,123,7.3,7.25,13.0,16.0
BMW.DE,Hoch 3,65,0.9874842184592221,3.3635631701379434,4.830235295961287,6.791449022850843,10.258560790740326,12.297352744868617,17.73971494531262,65,38.5,3.25,5.0,6.15,65,24.6,4.0,5.75,8.15,65,15.4,4.75,6.75,10.15,65,13.8,4.75,7.25,10.9,64,6.2,5.38,9.56,13.85,63,3.2,6.5,10.25,14.7,63,3.2,7.75,11.12,16.0
BMW.DE,Hoch 4,27,0.6870403160298084,2.82607646053451,3.99399693609782,6.377549043834762,8.165125765104051,8.83542059014049,13.846891612661441,27,18.5,3.25,4.0,4.95,27,7.4,3.5,5.62,7.95,27,7.4,3.75,6.25,8.1,27,7.4,4.0,6.25,9.5,27,7.4,6.0,9.25,14.75,26,3.8,6.38,13.5,16.0,26,3.8,8.25,14.81,16.0
BMW.DE,Hoch 5,14,1.1384763693660491,2.0623804103958387,4.060504921274221,6.999415858739411,7.795269886213085,9.194473472669658,11.572890971268535,14,28.6,3.38,6.06,7.0,14,21.4,3.75,6.88,7.68,14,14.3,3.88,6.88,7.68,14,14.3,5.5,7.38,10.75,14,7.1,6.38,8.88,11.43,14,0.0,8.75,12.5,16.0,14,0.0,8.75,15.94,16.0
BMW.DE,Hoch 6,9,1.6551453752446053,2.599568465562667,4.7187683630707165,7.052549562273037,7.528328227029084,8.003773038562843,8.479217850096601,9,22.2,3.0,4.5,6.8,9,11.1,3.75,6.25,7.25,9,11.1,4.5,7.0,7.45,9,0.0,5.75,8.25,11.0,9,0.0,8.25,9.5,14.8,9,0.0,9.5,12.75,16.0,9,0.0,9.5,16.0,16.0
BMW.DE,Hoch 7,5,2.856772688601688,2.933658856030664,4.872337176997113,6.183696385622335,8.293047671414902,8.99616476667909,9.69928186194328,5,20.0,2.5,2.75,5.15,5,20.0,2.75,2.75,6.05,5,20.0,4.75,6.0,8.1,5,20.0,6.25,7.25,10.85,5,20.0,11.5,15.25,15.7,5,20.0,11.5,16.0,16.0,5,20.0,11.5,16.0,16.0
BMW.DE,Hoch 8,3,3.436630738976719,3.604677400812693,3.7727240626486673,5.075777364462771,5.857609345551232,6.118220005914052,6.3788306662768735,3,0.0,2.0,2.88,3.4,3,0.0,3.75,4.25,4.55,3,0.0,3.75,5.0,5.75,3,0.0,4.5,6.25,7.3,3,0.0,4.5,10.25,13.7,3,0.0,5.25,10.62,13.85,3,0.0,9.0,12.5,14.6
BMW.DE,Hoch 9,2,5.76500056702109,6.325288316660483,6.885576066299875,7.445863815939267,7.7820364657229035,7.894094015650782,8.00615156557866,2,50.0,3.12,3.44,3.62,2,50.0,6.12,6.31,6.42,2,50.0,6.88,7.44,7.78,2,50.0,8.5,9.38,9.9,2,50.0,11.38,13.69,15.07,2,0.0,11.62,13.81,15.12,2,0.0,13.25,14.62,15.45
BMW.DE,Hoch 10,1,9.0333762697398,9.0333762697398,9.0333762697398,9.0333762697398,9.0333762697398,9.0333762697398,9.0333762697398,1,100.0,4.75,4.75,4.75,1,100.0,7.75,7.75,7.75,1,100.0,9.0,9.0,9.0,1,100.0,10.75,10.75,10.75,1,100.0,16.0,16.0,16.0,1,100.0,16.0,16.0,16.0,1,100.0,16.0,16.0,16.0
BMY,alle,501,0.7127676016024342,2.4424899800429127,4.386749484654261,6.738878302937827,10.152335871488116,13.07841535869026,24.28774526564657,501,30.9,3.0,4.5,6.75,501,21.4,3.75,6.0,8.75,501,16.2,4.25,6.5,10.0,500,13.4,4.75,7.5,11.5,498,9.0,5.75,9.25,13.0,487,6.4,6.5,10.5,14.75,484,5.2,7.0,11.5,16.0
BMY,Hoch 1,237,0.7127676016024342,2.386100809683854,4.393036366835976,6.698324714874642,10.083101364222184,11.955721102679059,17.546621703014278,237,30.8,2.75,4.5,7.25,237,21.9,3.5,5.75,8.7,237,14.3,4.25,6.5,10.0,236,11.0,4.75,7.31,11.25,234,8.1,5.5,9.0,12.0,229,7.0,6.25,10.0,14.5,228,6.1,6.25,10.75,16.0
BMY,Hoch 2,117,0.87096102491869,2.5357646115157744,4.430012337965222,6.876050434934507,9.243261036658842,12.82483505274277,22.92385756975693,117,31.6,3.0,4.5,6.35,117,23.1,4.0,6.25,8.25,117,20.5,4.25,6.75,9.1,117,19.7,5.0,7.75,11.0,117,14.5,5.5,8.5,13.1,115,7.8,6.75,10.25,14.25,113,6.2,7.25,11.25,16.0
BMY,Hoch 3,64,0.8589099815623045,2.3172481215049348,4.361644279029743,6.656589627089861,9.626698200297664,13.027127080088187,22.332274289510636,64,32.8,3.0,4.31,5.5,64,20.3,3.5,5.56,9.2,64,18.8,4.25,6.56,9.5,64,14.1,4.75,7.5,11.18,64,7.8,5.75,9.56,13.18,62,3.2,7.12,10.94,13.95,62,1.6,8.25,11.69,14.97
BMY,Hoch 4,39,1.1799984766221523,2.5337051086117492,4.262460917485512,6.09664676722088,12.705380128289319,13.865313424508617,19.27934914224557,39,20.5,3.25,4.12,6.2,39,15.4,4.0,5.75,9.45,39,10.3,4.25,6.0,12.6,39,7.7,4.25,8.12,13.3,39,2.6,5.75,9.62,13.3,38,2.6,7.5,11.5,14.95,38,2.6,8.12,12.44,16.0
BMY,Hoch 5,23,1.135326117046912,2.9414021025806325,4.393623142469045,7.232749372037757,12.32904243800131,13.745930397371378,24.28774526564657,23,34.8,3.75,5.62,7.85,23,21.7,4.25,6.25,12.3,23,17.4,4.25,7.12,12.3,23,17.4,5.25,9.25,13.65,23,13.0,7.0,11.75,13.7,22,13.6,7.88,13.62,16.0,22,9.1,8.88,14.69,16.0
BMY,Hoch 6,10,1.6003254799268911,3.7849510934001707,4.476187687791857,7.25772316537836,8.775168191130705,13.109943034280462,17.444717877430236,10,40.0,4.38,5.62,7.82,10,30.0,4.38,5.62,8.57,10,20.0,4.38,7.12,8.57,10,10.0,4.38,7.12,9.7,10,0.0,6.0,10.38,16.0,10,0.0,6.0,13.5,16.0,10,0.0,6.0,13.5,16.0
BMY,Hoch 7,5,1.6757080366291228,4.98676167930408,5.870472512255256,11.230678973213807,15.703696873891918,17.19470284078462,18.685708807677322,5,40.0,5.75,6.0,7.95,5,20.0,5.75,6.0,12.0,5,20.0,5.75,11.0,14.0,5,20.0,5.75,13.5,15.0,5,0.0,5.75,13.5,15.0,5,0.0,5.75,14.0,15.2,5,0.0,5.75,14.0,15.2
BMY,Hoch 8,1,1.9720588724370518,1.9720588724370518,1.9720588724370518,1.9720588724370518,1.9720588724370518,1.9720588724370518,1.9720588724370518,1,0.0,1.75,1.75,1.75,1,0.0,1.75,1.75,1.75,1,0.0,1.75,1.75,1.75,1,0.0,1.75,1.75,1.75,1,0.0,2.25,2.25,2.25,1,0.0,2.25,2.25,2.25,1,0.0,2.25,2.25,2.25
BMY,Hoch 9,1,0.9223074926486415,0.9223074926486415,0.9223074926486415,0.9223074926486415,0.9223074926486415,0.9223074926486415,0.9223074926486415,1,0.0,0.75,0.75,0.75,1,0.0,0.75,0.75,0.75,1,0.0,0.75,0.75,0.75,1,0.0,0.75,0.75,0.75,1,0.0,2.5,2.5,2.5,1,0.0,2.5,2.5,2.5,1,0.0,2.5,2.5,2.5
BMY,Hoch 10,1,1.5261699950605034,1.5261699950605034,1.5261699950605034,1.5261699950605034,1.5261699950605034,1.5261699950605034,1.5261699950605034,1,0.0,1.5,1.5,1.5,1,0.0,1.5,1.5,1.5,1,0.0,1.5,1.5,1.5,1,0.0,1.5,1.5,1.5,1,0.0,4.25,4.25,4.25,1,0.0,4.25,4.25,4.25,1,0.0,4.25,4.25,4.25
BMY,Hoch 11,1,1.312419805123031,1.312419805123031,1.312419805123031,1.312419805123031,1.312419805123031,1.312419805123031,1.312419805123031,1,0.0,0.75,0.75,0.75,1,0.0,0.75,0.75,0.75,1,0.0,1.25,1.25,1.25,1,0.0,1.25,1.25,1.25,1,0.0,5.75,5.75,5.75,1,0.0,5.75,5.75,5.75,1,0.0,5.75,5.75,5.75
BMY,Hoch 12,1,5.464411468956428,5.464411468956428,5.464411468956428,5.464411468956428,5.464411468956428,5.464411468956428,5.464411468956428,1,100.0,4.0,4.0,4.0,1,0.0,4.0,4.0,4.0,1,0.0,5.25,5.25,5.25,1,0.0,5.25,5.25,5.25,1,0.0,9.75,9.75,9.75,1,0.0,9.75,9.75,9.75,1,0.0,9.75,9.75,9.75
BMY,Hoch 13,1,4.785190687134635,4.785190687134635,4.785190687134635,4.785190687134635,4.785190687134635,4.785190687134635,4.785190687134635,1,100.0,3.5,3.5,3.5,1,0.0,4.75,4.75,4.75,1,0.0,4.75,4.75,4.75,1,0.0,4.75,4.75,4.75,1,0.0,8.5,8.5,8.5,1,0.0,8.5,8.5,8.5,1,0.0,8.5,8.5,8.5
BNR.DE,alle,478,0.7875015225884601,2.6100148257092286,4.749454702317166,7.248954149217369,9.810972944059811,11.96228085107529,31.04470067567326,478,28.2,3.25,4.75,6.75,478,18.2,4.0,6.25,8.75,478,13.4,4.62,7.19,9.75,474,11.0,5.0,8.25,10.92,470,8.3,5.75,9.5,12.5,465,5.2,7.25,11.75,15.25,461,4.8,8.25,13.0,16.0
BNR.DE,Hoch 1,236,0.7875015225884601,2.629184755798431,4.708200091460148,7.183742829428324,9.693578230456495,11.332169238589143,31.04470067567326,236,25.4,3.0,4.75,6.75,236,15.7,3.75,5.75,8.75,236,12.7,4.5,7.0,9.5,232,10.3,5.0,8.0,10.0,232,7.8,5.75,9.31,11.75,230,4.3,7.38,11.69,14.75,227,4.4,8.25,12.88,16.0
BNR.DE,Hoch 2,122,0.7900397525698968,2.4778027138178413,4.907937289905497,7.66366682429143,9.743425354754171,11.659495586893248,26.405511522203444,122,33.6,3.5,5.25,7.0,122,24.6,4.38,7.0,8.5,122,17.2,4.75,7.5,9.7,122,13.9,5.25,8.5,10.98,121,9.1,6.25,9.5,13.25,119,6.7,7.75,13.12,16.0,118,5.9,8.62,14.44,16.0
BNR.DE,Hoch 3,59,0.8913156618806894,2.3136797349965748,4.548341936072996,7.0554653300434795,10.835537183967872,12.712887580478817,17.70278365357689,59,25.4,2.75,4.75,6.05,59,13.6,3.5,5.88,8.6,59,10.2,4.5,7.0,10.7,59,8.5,4.75,8.88,12.3,58,6.9,6.0,10.69,14.15,57,5.3,7.25,12.5,15.85,57,5.3,8.5,13.5,16.0
BNR.DE,Hoch 4,35,1.1047838974105941,3.2421843403740365,4.953000776294138,7.0641123065427625,10.947839866136414,13.526210928750887,16.586564136587636,35,31.4,3.25,5.25,6.25,35,17.1,4.0,6.5,8.75,35,8.6,4.75,7.0,10.8,35,8.6,5.5,7.75,11.6,34,8.8,6.25,9.5,12.35,34,5.9,7.0,11.38,14.93,34,2.9,10.0,12.19,15.7
BNR.DE,Hoch 5,15,2.1905699591870347,2.390226328465161,4.166439748707565,6.5580427652794455,10.597681798187452,15.082934604766539,21.73178598735608,15,26.7,3.75,4.0,4.65,15,26.7,4.0,6.38,10.1,15,20.0,4.0,6.38,10.4,15,13.3,4.0,6.38,10.8,14,14.3,4.38,7.44,11.1,14,0.0,5.12,8.62,11.48,14,0.0,5.25,11.56,16.0
BNR.DE,Hoch 6,5,2.89026387061205,3.3210817674560675,3.80953160326448,5.825770675266661,6.862679226747653,7.208315410574649,7.553951594401647,5,40.0,3.75,4.75,5.35,5,20.0,3.75,4.75,5.35,5,0.0,3.75,5.75,6.8,5,0.0,3.75,5.75,6.8,5,0.0,3.75,5.75,8.9,5,0.0,5.75,11.0,12.05,5,0.0,5.75,12.75,14.7
BNR.DE,Hoch 7,5,3.7846833253667036,4.261230037063703,4.309907837153857,6.07772870054345,7.985626268837773,8.62159212493588,9.257557981033989,5,40.0,4.25,6.0,6.45,5,20.0,4.25,6.0,7.95,5,20.0,4.25,6.0,7.95,5,20.0,4.25,6.0,7.95,5,20.0,4.25,6.0,9.6,5,20.0,6.0,12.75,13.5,5,20.0,6.0,14.0,15.2
BNR.DE,Hoch 8,1,4.875479715921178,4.875479715921178,4.875479715921178,4.875479715921178,4.875479715921178,4.875479715921178,4.875479715921178,1,0.0,4.75,4.75,4.75,1,0.0,4.75,4.75,4.75,1,0.0,4.75,4.75,4.75,1,0.0,4.75,4.75,4.75,1,0.0,4.75,4.75,4.75,1,0.0,4.75,4.75,4.75,1,0.0,4.75,4.75,4.75
BNS,alle,600,0.564497481305559,2.4404580095892188,4.73285736594931,7.993831257956871,11.218414826492793,14.164273350415447,56.9474667505592,600,28.5,3.25,5.0,7.25,600,19.0,3.88,6.75,9.25,600,15.3,4.62,7.75,11.03,598,12.5,5.0,8.75,13.08,594,9.3,6.0,10.5,16.0,585,7.2,7.25,13.0,16.0,579,6.0,8.25,15.12,16.0
BNS,Hoch 1,288,0.652808913844235,2.6319785763462904,4.681504911265618,7.748122714384083,11.589427819507746,14.19012907057197,55.41391756511584,288,29.2,3.25,5.0,7.08,288,19.4,3.88,6.56,9.5,288,15.3,4.5,7.56,11.5,287,11.8,5.0,8.38,12.75,286,9.4,5.5,10.0,15.25,280,7.1,6.75,12.38,16.0,279,5.4,7.75,14.5,16.0
BNS,Hoch 2,138,0.8257557367292994,2.2806168780697043,4.870915732272717,8.021336637696681,10.786331536463653,18.061129891318632,56.9474667505592,138,26.8,3.0,5.0,7.4,138,19.6,4.0,6.94,8.82,138,15.2,4.75,8.0,10.75,137,11.7,5.0,8.75,13.0,136,8.8,6.25,10.5,15.25,135,7.4,7.0,12.0,16.0,133,6.0,7.75,13.0,16.0
BNS,Hoch 3,74,0.564497481305559,2.489273393896865,4.70238928047781,8.416146134897144,11.67196206566728,13.248842500590932,21.118881434920166,74,32.4,3.5,5.0,7.7,74,23.0,4.0,7.0,9.0,74,20.3,4.62,8.25,11.53,74,18.9,5.0,9.38,12.45,73,12.3,7.0,10.5,14.95,73,8.2,8.25,13.75,16.0,72,8.3,9.25,15.19,16.0
BNS,Hoch 4,41,1.0952076340305916,2.252779451785932,4.545598554388342,6.911514768601843,10.217476815033468,10.50160881975235,17.23621649892739,41,29.3,3.0,5.5,7.0,41,17.1,3.75,6.75,8.75,41,14.6,4.5,6.75,10.0,41,12.2,5.0,9.5,13.0,40,7.5,6.88,10.38,16.0,40,5.0,8.75,15.12,16.0,39,5.1,9.75,15.62,16.0
BNS,Hoch 5,24,1.053162804964679,2.636832865518935,5.4456605561343965,8.85242563260338,12.552748168872087,14.06730195680537,18.320072162122685,24,25.0,3.12,5.88,7.67,24,16.7,3.88,7.31,9.3,24,16.7,5.38,8.62,12.42,24,16.7,6.0,9.94,15.77,24,8.3,8.25,12.5,16.0,24,8.3,9.12,16.0,16.0,23,8.7,11.25,16.0,16.0
BNS,Hoch 6,13,1.5813627129935952,2.8851593856174587,4.828737436072397,5.353083992208493,10.04560528008081,10.638202268851368,10.866103932860632,13,23.1,3.0,4.5,4.95,13,15.4,3.75,4.75,8.45,13,7.7,4.75,5.25,9.85,13,7.7,4.75,8.25,9.9,13,7.7,4.75,8.5,10.85,12,8.3,5.0,14.0,15.95,12,8.3,7.0,15.62,16.0
BNS,Hoch 7,8,1.090521645930744,1.6012696929863839,4.386968096743004,7.57985472139057,10.196670101799883,11.046386448205599,11.896102794611314,8,37.5,2.88,4.12,6.22,8,0.0,3.38,5.62,8.02,8,0.0,4.25,7.38,10.0,8,0.0,6.25,8.88,11.27,8,0.0,7.75,10.62,15.12,7,0.0,6.75,14.88,16.0,7,0.0,6.75,16.0,16.0
BNS,Hoch 8,3,3.4085383550937154,3.5254526322567883,3.642366909419861,4.737965588363494,5.395324795729674,5.6144445315184,5.833564267307127,3,0.0,3.25,3.38,3.45,3,0.0,3.25,3.38,3.45,3,0.0,3.5,4.62,5.3,3,0.0,3.5,9.62,13.3,3,0.0,3.5,9.75,13.5,3,0.0,3.5,9.75,13.5,3,0.0,3.5,9.75,13.5
BNS,Hoch 9,3,1.2544841376909945,1.324607545287006,1.3947309528830178,5.62971607640378,8.170707150516238,9.01770417522039,9.864701199924543,3,0.0,1.25,1.38,1.45,3,0.0,1.25,2.5,3.25,3,0.0,1.25,5.5,8.05,3,0.0,1.25,8.62,13.05,3,0.0,1.25,8.62,13.05,3,0.0,1.25,8.62,13.05,3,0.0,1.25,8.62,13.05
BNS,Hoch 10,3,1.1503936977138471,1.5957452521730047,2.041096806632162,5.70814155639258,7.908368406248832,8.641777356200915,9.375186306153,3,0.0,1.5,2.75,3.5,3,0.0,2.0,3.0,3.6,3,0.0,2.0,5.62,7.8,3,0.0,2.0,8.25,12.0,3,0.0,2.0,9.0,13.2,3,0.0,2.5,9.25,13.3,3,0.0,2.5,9.25,13.3
BNS,Hoch 11,3,1.262375698438352,2.206854008164078,3.151332317889804,8.657353330163666,11.960965937527982,13.062170139982753,14.163374342437526,3,33.3,3.0,3.88,4.4,3,0.0,3.0,3.88,4.4,3,0.0,3.0,8.5,11.8,3,0.0,3.0,9.12,12.8,3,0.0,3.0,9.5,13.4,3,0.0,3.75,9.88,13.55,3,0.0,3.75,9.88,13.55
BNS,Hoch 12,2,1.3980015388078473,6.241209979737547,11.084418420667246,15.927626861596945,18.833551926154765,19.802193614340705,20.770835302526645,2,50.0,3.75,5.12,5.95,2,50.0,7.25,10.25,12.05,2,50.0,8.62,12.31,14.53,2,50.0,8.62,12.31,14.53,2,50.0,8.62,12.31,14.53,2,50.0,8.62,12.31,14.53,2,50.0,8.62,12.31,14.53
BNY,alle,514,0.5650442470050411,2.229910190687482,3.8572055854740084,6.5274561055902485,9.764042955253084,13.084589903469531,43.25265892425904,514,26.5,2.5,4.25,6.75,514,16.5,3.25,5.5,8.5,514,13.2,3.75,6.44,9.67,510,10.8,4.0,7.0,11.0,505,9.7,4.75,8.25,13.0,499,8.0,5.0,9.75,15.55,492,6.3,5.75,11.5,16.0
BNY,Hoch 1,243,0.5650442470050411,2.1460691751383427,3.5257998629605605,5.93683956977683,9.249604660578138,14.049586799149868,24.460186617787922,243,21.8,2.5,4.0,6.0,243,14.8,3.0,5.0,8.5,243,11.9,3.5,5.75,9.2,243,10.7,3.75,6.88,10.65,241,10.0,4.25,7.75,12.5,239,8.4,4.5,9.25,15.3,235,7.2,5.5,11.5,16.0
BNY,Hoch 2,115,0.7167538540993071,2.0446475436497513,3.621273807099136,6.606619433205424,9.989829479004573,13.020230182602555,17.211089878491666,115,27.0,2.5,4.38,7.15,115,16.5,3.0,5.5,9.1,115,13.0,3.5,6.5,9.9,114,8.8,4.5,6.88,11.95,114,8.8,5.0,8.25,13.18,112,8.0,5.25,10.0,15.98,110,7.3,6.25,11.81,16.0
BNY,Hoch 3,71,0.8364383495960828,2.85677763689774,4.525866508476797,6.65578134770184,8.833646088688509,10.231336165008209,12.86349585725774,71,26.8,2.75,4.75,6.0,71,12.7,3.75,5.5,8.0,71,8.5,4.5,6.5,8.75,70,8.6,4.62,7.25,9.08,69,5.8,5.5,8.75,11.3,68,2.9,5.5,10.06,13.73,67,1.5,6.5,11.0,16.0
BNY,Hoch 4,42,0.776513655969004,2.7038785263201772,4.56117816889711,7.13565821163351,9.189288740541349,13.101272787879598,13.407705947073554,42,40.5,2.75,4.94,7.22,42,28.6,3.62,6.5,8.22,42,26.2,4.5,7.0,9.0,41,19.5,5.25,8.5,10.25,40,17.5,6.0,10.0,14.25,39,15.4,6.75,12.25,15.5,39,7.7,6.75,13.25,16.0
BNY,Hoch 5,25,0.8936271128395707,3.092455401526776,4.217955328470349,6.563700823080055,7.701720836520839,8.525759480930578,14.098701254455932,25,36.0,3.25,4.0,5.65,25,20.0,3.5,6.0,7.45,25,20.0,4.0,6.5,7.55,24,12.5,4.38,7.38,12.65,23,13.0,5.0,8.12,14.2,23,8.7,5.0,9.5,16.0,23,4.3,5.0,11.25,16.0
BNY,Hoch 6,11,1.2494032221150817,2.34629281737263,4.68390985578353,7.976716097274458,16.661907783949168,26.70020539075549,36.73850299756181,11,27.3,2.5,4.75,10.0,11,18.2,4.25,6.38,10.0,11,9.1,4.5,7.88,16.0,11,9.1,4.5,7.88,16.0,11,0.0,5.0,8.75,16.0,11,0.0,5.0,8.75,16.0,11,0.0,5.0,8.75,16.0
BNY,Hoch 7,5,1.3213729017906568,2.095168022935292,2.9631381608273397,9.739752156008187,29.8474962169587,36.55007757060886,43.25265892425904,5,40.0,2.75,4.0,8.95,5,20.0,2.75,5.0,11.6,5,20.0,2.75,9.5,13.4,5,20.0,2.75,9.5,13.4,5,20.0,2.75,9.5,13.4,5,20.0,2.75,9.5,13.4,5,20.0,2.75,9.5,13.4
BNY,Hoch 8,2,3.9051060331674106,6.000687153297845,8.096268273428278,10.191849393558712,11.449198065636972,11.868314289663058,12.287430513689145,2,100.0,8.0,10.12,11.4,2,50.0,8.0,10.12,11.4,2,0.0,8.0,10.12,11.4,2,0.0,8.0,10.12,11.4,2,0.0,8.0,10.12,11.4,2,0.0,8.0,10.12,11.4,2,0.0,8.0,10.12,11.4
BP,alle,683,0.6809500726044702,2.480503564852529,4.6126701949359505,8.126411086511848,12.767901143386617,15.858401736114985,57.621834714273525,683,29.3,3.0,5.0,7.0,683,21.7,3.75,6.62,10.0,683,17.3,4.5,8.0,12.7,680,14.4,5.0,9.25,14.03,679,10.9,6.0,11.12,16.0,668,8.7,7.25,13.25,16.0,660,7.9,8.5,15.75,16.0
BP,Hoch 1,348,0.803252922678629,2.3448352723975945,4.485450185593191,8.339739460885278,12.8793683735738,16.1349916679225,57.621834714273525,348,29.9,3.0,5.0,7.25,348,23.9,3.88,6.81,10.33,348,18.7,4.25,8.25,12.75,346,15.3,4.75,9.69,14.0,346,12.1,6.0,10.75,16.0,343,10.2,6.75,12.12,16.0,339,9.4,8.0,14.75,16.0
BP,Hoch 2,155,0.6809500726044702,2.366259883330308,4.444905683378026,7.739945623876309,11.472655586954664,14.290764903822955,50.256357268338135,155,27.7,2.75,4.75,6.75,155,19.4,3.5,6.25,8.65,155,16.1,4.25,7.62,11.4,154,13.0,4.38,8.88,13.75,154,8.4,5.62,11.0,16.0,151,6.6,6.5,11.88,16.0,149,6.0,7.5,12.75,16.0
BP,Hoch 3,82,1.1208583232719762,2.6651347579912184,4.211663705212037,7.334877698697889,12.236381487482632,13.522073030727794,35.258225086697074,82,26.8,3.25,5.0,7.45,82,18.3,3.75,6.44,9.73,82,17.1,4.12,7.19,12.0,82,15.9,4.38,8.31,13.45,82,12.2,6.12,11.25,16.0,79,7.6,7.0,14.62,16.0,78,6.4,7.62,16.0,16.0
BP,Hoch 4,44,1.4364958882572092,2.9787739820159427,5.059498883150439,7.0582683517816935,11.405797581046084,14.263390520595276,39.88958072288966,44,27.3,3.25,4.69,6.93,44,18.2,3.62,6.5,10.4,44,13.6,5.0,7.0,11.35,44,11.4,5.5,9.44,12.9,44,6.8,6.25,11.12,15.63,43,4.7,8.75,13.88,16.0,42,4.8,11.0,15.88,16.0
BP,Hoch 5,30,1.2195514083173853,3.996607831615503,6.109133285135032,8.083115140351042,10.386599300817606,15.128759274902741,38.115088239518855,30,30.0,3.88,6.0,8.03,30,16.7,4.25,6.69,9.33,30,10.0,6.0,7.94,10.25,30,6.7,6.62,9.88,13.75,30,6.7,7.0,14.44,16.0,29,3.4,12.0,16.0,16.0,29,0.0,13.25,16.0,16.0
BP,Hoch 6,13,1.7712124828318865,4.828271894607649,6.150809326702041,9.321019976310243,15.215787307170586,27.08021547282025,44.20587078822701,13,23.1,3.75,5.25,6.85,13,15.4,5.25,7.75,11.65,13,7.7,6.0,9.25,15.05,13,7.7,6.0,13.0,15.65,12,0.0,6.88,14.69,16.0,12,0.0,12.88,16.0,16.0,12,0.0,14.25,16.0,16.0
BP,Hoch 7,8,1.3876257072887874,4.721788879761038,6.769197579815657,15.418346386387679,24.715167239610466,35.06951992918334,45.423872618756235,8,62.5,5.75,7.19,10.75,8,50.0,6.25,10.44,14.07,8,37.5,6.62,15.38,15.82,8,37.5,6.62,15.44,16.0,8,37.5,10.5,15.44,16.0,8,37.5,15.62,16.0,16.0,8,37.5,15.62,16.0,16.0
BP,Hoch 8,3,2.7680687134863415,5.47200546364221,8.175942213798079,8.35768132565336,8.466724792766529,8.503072615137587,8.539420437508642,3,66.7,5.25,6.62,7.45,3,33.3,5.75,6.88,7.55,3,33.3,8.0,8.25,8.4,3,33.3,8.0,8.25,8.4,3,33.3,8.0,9.0,9.6,3,33.3,8.0,11.5,13.6,3,33.3,8.0,11.5,13.6
BRK-B,alle,519,0.44420330109478623,2.459644382815812,3.8425150764356193,6.061684438791458,8.651169471498338,10.762887210280029,36.734784506349456,519,30.6,2.75,4.25,6.0,519,19.5,3.5,5.25,8.0,519,14.1,3.75,6.0,8.5,518,11.8,4.0,6.25,9.5,512,8.4,4.25,7.0,11.5,511,4.9,4.75,7.75,14.25,502,4.2,4.75,8.75,16.0
BRK-B,Hoch 1,253,0.44420330109478623,2.360946259393388,3.6738995559117007,5.62445186726609,8.23874543533951,10.202943549067049,21.476182579990013,253,28.9,2.75,3.75,5.45,253,17.0,3.25,5.0,7.0,253,12.6,3.5,5.5,8.0,253,11.1,3.75,5.75,9.0,250,6.8,3.75,6.25,11.25,249,4.4,4.25,7.0,13.1,244,3.3,4.5,8.5,15.0
BRK-B,Hoch 2,112,0.7526687142580432,2.2256093056399084,3.5730728560033613,5.253798602803497,7.458388668878406,8.853550235633717,12.882460414129111,112,30.4,2.5,3.75,5.73,112,17.0,2.75,4.81,6.73,112,10.7,3.5,5.06,7.25,111,9.0,3.5,5.75,8.0,109,7.3,3.75,6.5,8.8,109,4.6,4.25,6.75,11.25,108,4.6,4.5,7.06,12.95
BRK-B,Hoch 3,65,0.6243455579060349,2.3152920684598683,3.584381760459488,5.356152724120147,7.282033528542851,8.322460820492468,13.140473053595292,65,24.6,2.5,3.5,4.65,65,20.0,3.0,5.0,6.4,65,13.8,3.5,5.25,7.25,65,12.3,3.75,5.5,8.55,64,9.4,4.25,6.62,8.75,64,4.7,4.5,7.75,12.08,62,4.8,4.62,8.94,15.6
BRK-B,Hoch 4,38,1.2560590793719628,2.820243875727962,4.824183431366491,6.601169494257161,8.977870798712145,11.018275273537038,20.306411383051064,38,34.2,3.12,4.62,6.33,38,21.1,4.0,6.0,8.23,38,18.4,4.75,6.5,8.83,38,10.5,4.75,6.88,10.63,38,7.9,4.75,8.69,14.23,38,2.6,4.75,9.44,16.0,37,2.7,4.75,13.75,16.0
BRK-B,Hoch 5,23,2.17039994531762,4.3690777610403835,5.759677647567239,6.615463769262554,9.352112760394071,10.585610967465211,15.049383537762436,23,39.1,4.25,6.12,7.25,23,26.1,4.75,6.5,9.3,23,17.4,5.75,6.5,9.3,23,13.0,6.0,7.0,13.9,23,8.7,6.25,9.12,15.4,23,4.3,6.25,12.12,16.0,23,4.3,6.25,12.5,16.0
BRK-B,Hoch 6,12,2.8735653804300316,6.07795993537223,7.129819392322092,10.076590643739221,14.7251271280462,21.013181177110905,28.323136007555977,12,33.3,5.12,7.31,9.22,12,25.0,6.75,8.5,11.5,12,25.0,7.0,9.88,14.68,12,16.7,7.0,9.88,15.58,12,16.7,7.75,11.5,15.7,12,8.3,7.88,12.62,15.7,12,8.3,7.88,13.75,16.0
BRK-B,Hoch 7,10,3.2347497930474276,6.698104038543705,7.927174554747044,11.089105257471896,14.49795473882134,24.848625971476157,35.199297204131014,10,70.0,5.38,8.5,9.8,10,60.0,7.88,9.44,11.57,10,40.0,7.88,10.88,12.4,10,40.0,7.88,10.94,12.4,10,40.0,8.25,11.88,13.07,10,20.0,8.25,11.88,16.0,10,20.0,8.25,11.88,16.0
BRK-B,Hoch 8,3,7.683759271119559,7.98072012277684,8.277680974434121,22.506232740391788,31.04336379996639,33.88907415315792,36.734784506349456,3,33.3,4.0,5.62,6.6,3,33.3,8.25,12.12,14.45,3,0.0,8.25,12.12,14.45,3,0.0,8.25,12.12,14.45,3,0.0,8.25,12.12,14.45,3,0.0,8.25,12.12,14.45,3,0.0,8.25,12.12,14.45
BRK-B,Hoch 9,2,8.628896392654603,15.186626597144066,21.74435680163353,28.302087006122992,32.23672512881667,33.54827116971456,34.859817210612455,2,50.0,5.62,5.94,6.12,2,50.0,12.25,14.12,15.25,2,50.0,12.25,14.12,15.25,2,50.0,12.25,14.12,15.25,2,50.0,12.25,14.12,15.25,2,50.0,12.25,14.12,15.25,2,0.0,12.25,14.12,15.25
BRK-B,Hoch 10,1,11.275962822428177,11.275962822428177,11.275962822428177,11.275962822428177,11.275962822428177,11.275962822428177,11.275962822428177,1,100.0,9.0,9.0,9.0,1,100.0,11.25,11.25,11.25,1,100.0,11.25,11.25,11.25,1,100.0,11.25,11.25,11.25,1,0.0,11.25,11.25,11.25,1,0.0,11.25,11.25,11.25,1,0.0,11.25,11.25,11.25
BTC-USD,alle,314,0.6585799523726823,2.3442113341394797,4.30211812242718,7.161021831222355,10.4044436904615,14.98721665506621,26.04502106085877,314,32.5,3.0,4.75,7.5,314,22.9,3.38,5.75,9.25,314,18.5,4.25,7.0,10.25,311,16.7,4.75,8.0,11.25,308,12.7,5.38,9.25,13.58,301,9.6,5.75,9.75,15.5,296,7.8,5.75,10.0,16.0
BTC-USD,Hoch 1,133,0.6585799523726823,2.0689613264923303,3.5733758096611825,6.769531549856226,10.056104061083706,14.264331120041962,19.58135035086751,133,32.3,2.5,4.5,8.2,133,23.3,3.0,5.75,9.25,133,18.8,3.5,6.75,9.9,132,18.2,4.5,7.56,11.48,130,12.3,5.0,9.0,13.03,128,10.9,5.62,10.0,14.4,125,8.8,6.0,10.0,14.95
BTC-USD,Hoch 2,71,0.799866411599709,2.842904957570112,4.208008043814042,6.3709823755046235,10.829591977474493,15.535654096403716,22.334571623425052,71,31.0,3.0,4.5,5.75,71,19.7,3.25,5.0,8.0,71,18.3,4.0,6.12,10.75,70,14.3,4.75,7.62,11.43,69,10.1,5.5,8.5,15.35,68,8.8,5.88,9.31,15.83,67,9.0,6.0,10.12,16.0
BTC-USD,Hoch 3,44,0.8513139174717642,2.6017595321270353,5.081195608358049,8.959987281410841,11.257334342361032,15.375108328067174,26.04502106085877,44,29.5,2.75,4.88,8.6,44,18.2,3.5,6.25,10.0,44,15.9,5.0,8.88,11.18,43,14.0,5.5,9.88,15.8,43,11.6,5.5,10.38,15.8,42,4.8,5.75,10.62,16.0,41,2.4,5.75,11.0,16.0
BTC-USD,Hoch 4,29,1.518039595578982,3.0589225323833884,5.578592073062939,8.694537903574405,10.442246707098215,13.441884409482327,18.234147442050272,29,41.4,3.75,5.75,8.5,29,31.0,4.75,7.0,9.25,29,27.6,5.5,8.5,10.3,29,24.1,5.75,8.5,10.8,29,20.7,7.0,9.25,13.45,28,14.3,7.0,9.38,15.32,28,14.3,7.0,9.44,16.0
BTC-USD,Hoch 5,15,0.9496640883482167,2.4266089350376054,3.3378715007691198,6.1476936556920085,7.856404081291982,8.581513978581816,9.781078915726072,15,26.7,3.0,3.62,6.25,15,26.7,3.25,5.62,7.8,15,6.7,3.25,6.0,7.8,15,6.7,3.25,6.0,7.8,15,6.7,3.25,6.25,8.85,14,0.0,3.25,7.38,10.18,14,0.0,3.62,7.38,10.18
BTC-USD,Hoch 6,11,0.9735037214665136,2.926621250136782,5.18930215176429,6.728500972332162,8.374074348404424,10.990579106665914,13.607083864927404,11,45.5,3.75,5.5,7.5,11,27.3,4.75,6.5,8.25,11,27.3,5.0,6.62,8.25,11,27.3,5.0,6.62,9.0,11,27.3,5.5,9.5,12.25,10,20.0,5.25,7.31,11.9,10,0.0,5.25,7.31,11.95
BTC-USD,Hoch 7,8,2.1705694483141755,3.26799284388984,4.723841777533963,5.819016321609463,7.121691610605414,7.369457802701392,7.617223994797372,8,37.5,3.25,5.31,6.1,8,37.5,4.5,5.31,6.1,8,12.5,4.5,5.62,6.97,8,12.5,4.5,5.81,7.72,8,12.5,4.88,7.44,11.52,8,12.5,4.88,8.19,13.02,8,12.5,4.88,8.19,13.02
BTC-USD,Hoch 8,2,3.7567514611144306,4.255372743258764,4.753994025403097,5.252615307547431,5.551788076834031,5.651512333262898,5.751236589691764,2,0.0,4.75,5.25,5.55,2,0.0,4.75,5.25,5.55,2,0.0,4.75,5.25,5.55,2,0.0,4.75,5.25,5.55,2,0.0,4.75,5.25,5.55,2,0.0,4.75,5.25,5.55,2,0.0,4.75,5.25,5.55
BTC-USD,Hoch 9,1,5.953163825802868,5.953163825802868,5.953163825802868,5.953163825802868,5.953163825802868,5.953163825802868,5.953163825802868,1,0.0,5.75,5.75,5.75,1,0.0,5.75,5.75,5.75,1,0.0,5.75,5.75,5.75,1,0.0,5.75,5.75,5.75,1,0.0,5.75,5.75,5.75,1,0.0,5.75,5.75,5.75,1,0.0,5.75,5.75,5.75
BTI,alle,651,0.6265953545040401,2.5500973419022186,4.860133411216784,7.7891710762325275,11.852059102889623,15.037730389319071,37.1563025470106,651,26.9,3.25,5.0,7.5,651,18.7,4.25,6.75,10.25,650,15.1,4.75,7.75,11.75,648,12.5,5.25,8.5,12.5,641,9.7,5.75,10.0,14.75,631,8.1,6.5,11.0,16.0,622,6.6,7.0,12.25,16.0
BTI,Hoch 1,302,0.7109333016347447,2.679865286696845,4.7024647768376955,7.579587652722414,11.156870666867412,14.171269642979313,37.1563025470106,302,25.8,3.5,5.0,7.5,302,18.9,4.25,6.75,10.5,301,14.3,4.5,7.5,11.0,300,11.3,4.75,8.25,12.03,295,8.5,5.75,9.88,13.4,289,7.3,6.0,10.75,16.0,284,6.3,6.75,11.5,16.0
BTI,Hoch 2,148,0.6265953545040401,2.3875262009395186,4.9903902221694905,7.748801341523157,11.138758357206417,12.52404463835873,34.71363734259074,148,30.4,3.25,5.25,7.83,148,18.9,4.25,6.5,9.83,148,14.2,4.88,7.56,11.0,147,12.9,5.25,8.5,11.5,146,11.0,5.75,9.62,12.88,143,7.7,6.25,11.0,15.35,141,6.4,6.75,12.0,16.0
BTI,Hoch 3,86,0.6396421965833153,2.4555384938346063,5.195392641675115,8.630581780060847,12.997087528876861,14.889899041364744,33.31998566600602,86,31.4,3.25,5.25,8.0,86,25.6,4.38,6.75,11.12,86,23.3,5.12,8.5,12.88,86,17.4,5.25,9.31,14.0,85,12.9,6.0,10.0,15.15,84,10.7,6.38,10.56,16.0,83,7.2,6.5,12.12,16.0
BTI,Hoch 4,44,0.7041571024543002,2.23786015140071,4.465840228494455,6.9380979936923675,11.574329407480779,14.559313597966328,21.64778896883981,44,20.5,2.5,4.31,6.68,44,11.4,4.0,6.5,9.05,44,9.1,4.38,6.88,11.38,44,6.8,5.12,8.0,11.93,44,4.5,5.62,9.56,12.88,44,4.5,6.62,9.75,15.85,43,2.3,7.25,12.0,16.0
BTI,Hoch 5,31,1.1644639239532033,2.237100563680209,4.847716938567775,7.785935474300075,14.04601159506615,15.497219903602229,16.138838226454226,31,16.1,2.75,4.5,6.25,31,9.7,3.5,6.38,8.5,31,9.7,4.75,7.62,14.0,31,9.7,5.5,9.12,15.0,31,6.5,5.75,9.12,15.5,31,6.5,7.25,11.62,16.0,31,3.2,8.0,15.5,16.0
BTI,Hoch 6,16,1.052712515024593,2.8366539316661856,5.53092394036186,8.200521920397618,16.235205710278464,17.40853239659911,17.579527097466652,16,31.2,3.25,5.81,6.62,16,12.5,3.25,5.81,7.75,16,12.5,5.38,8.06,15.5,16,12.5,6.38,8.81,16.0,16,12.5,6.38,9.31,16.0,16,12.5,8.12,10.75,16.0,16,12.5,8.75,16.0,16.0
BTI,Hoch 7,11,1.5276289761397148,2.5320638841387186,5.55855688841884,8.676748575567933,10.823075635005395,16.588616177107667,22.354156719209936,11,27.3,3.25,4.12,7.75,11,18.2,4.0,5.5,7.75,11,18.2,5.5,8.62,10.75,11,18.2,5.5,10.12,11.75,11,9.1,5.5,10.12,11.75,11,9.1,7.75,11.62,13.25,11,9.1,9.0,13.25,16.0
BTI,Hoch 8,7,2.266823190550159,2.771285438672323,3.3939152300814386,5.998070650316792,13.793823033673606,19.465333160520096,25.136843287366617,7,0.0,2.75,3.5,4.55,7,0.0,3.25,5.88,6.7,7,0.0,3.25,5.88,10.0,7,0.0,5.75,9.0,13.6,7,0.0,7.0,11.75,13.6,7,0.0,10.75,11.75,13.6,7,0.0,10.75,13.75,16.0
BTI,Hoch 9,2,3.1491514211079714,10.893150766522671,18.637150111937373,26.381149457352073,31.027549064600894,32.57634893368383,34.12514880276677,2,50.0,2.5,3.25,3.7,2,50.0,8.5,12.25,14.5,2,50.0,9.5,12.75,14.7,2,50.0,9.5,12.75,14.7,2,50.0,11.5,13.75,15.1,2,50.0,13.0,14.5,15.4,2,50.0,13.0,14.5,15.4
BTI,Hoch 10,2,4.805877599480529,12.648105576503973,20.490333553527417,28.33256153055086,33.037898316764924,34.60634391216961,36.1747895075743,2,50.0,3.75,4.38,4.75,2,50.0,9.25,12.62,14.65,2,50.0,10.38,13.19,14.88,2,50.0,10.38,13.19,14.88,2,50.0,12.25,14.12,15.25,2,50.0,13.75,14.88,15.55,2,50.0,13.75,14.88,15.55
BTI,Hoch 11,1,9.01939929384822,9.01939929384822,9.01939929384822,9.01939929384822,9.01939929384822,9.01939929384822,9.01939929384822,1,0.0,5.0,5.0,5.0,1,0.0,9.0,9.0,9.0,1,0.0,9.0,9.0,9.0,1,0.0,15.0,15.0,15.0,1,0.0,16.0,16.0,16.0,1,0.0,16.0,16.0,16.0,1,0.0,16.0,16.0,16.0
BTI,Hoch 12,1,10.15862828356618,10.15862828356618,10.15862828356618,10.15862828356618,10.15862828356618,10.15862828356618,10.15862828356618,1,100.0,7.0,7.0,7.0,1,100.0,7.0,7.0,7.0,1,100.0,10.0,10.0,10.0,1,100.0,12.0,12.0,12.0,1,100.0,15.5,15.5,15.5,1,100.0,15.5,15.5,15.5,1,100.0,15.5,15.5,15.5
BZ=F,alle,491,0.6001888194286138,2.772622933642955,4.510952706752162,8.153685226455554,13.857088828742611,17.25715342124503,49.78018555308009,491,32.8,3.0,5.5,7.75,491,25.9,3.75,6.88,11.25,491,20.8,4.5,8.0,13.75,490,18.2,5.25,8.75,14.78,489,14.9,6.0,11.0,16.0,484,12.2,7.25,13.5,16.0,482,11.2,8.25,16.0,16.0
BZ=F,Hoch 1,241,0.6001888194286138,2.8679342016530662,4.817814055150169,8.492262504500577,15.156825504480448,18.52501256272258,38.628049183649985,241,37.3,3.5,5.5,8.25,241,31.1,4.25,7.75,12.25,241,24.5,4.75,8.25,15.0,240,21.2,5.25,9.31,16.0,240,17.1,6.12,11.56,16.0,240,15.0,7.25,13.56,16.0,238,13.4,8.62,16.0,16.0
BZ=F,Hoch 2,102,1.2669047669378328,2.6921940413796706,4.215744099002162,6.816159564888511,12.386719860060802,15.291686390845229,49.78018555308009,102,25.5,2.75,4.5,7.0,102,19.6,3.75,6.19,9.7,102,16.7,4.0,6.69,12.18,102,13.7,4.62,7.0,13.18,102,12.7,5.5,9.88,16.0,101,6.9,6.5,11.5,16.0,101,6.9,7.75,15.0,16.0
BZ=F,Hoch 3,62,1.0153656997142377,2.801291676417681,4.679077731852283,8.36867052611001,13.449937892778907,14.673948438004766,22.144559826349358,62,37.1,3.38,5.75,8.25,62,29.0,3.62,7.0,11.12,62,22.6,4.5,8.25,13.25,62,19.4,5.88,9.19,14.2,62,16.1,6.75,10.75,16.0,61,13.1,7.75,14.25,16.0,61,13.1,9.0,16.0,16.0
BZ=F,Hoch 4,29,1.0135735307232676,2.5074611994380436,3.70738824607553,6.508112846148915,9.18983674137499,11.325564365906448,18.571983181304446,29,17.2,2.5,3.25,4.55,29,3.4,3.0,4.0,6.4,29,3.4,3.5,6.5,9.0,29,3.4,4.0,7.25,14.0,29,3.4,4.25,8.75,16.0,28,3.6,6.38,12.25,16.0,28,3.6,7.38,16.0,16.0
BZ=F,Hoch 5,22,1.1502146264041113,2.4383865925518697,4.694454380671462,7.123932687372963,9.9706604935615,15.00061433645964,16.127985735688693,22,31.8,2.88,3.5,5.73,22,22.7,3.38,5.5,8.45,22,22.7,4.5,7.0,9.73,22,22.7,5.62,8.94,15.6,22,18.2,7.12,11.69,16.0,21,14.3,7.5,12.0,16.0,21,14.3,7.75,12.0,16.0
BZ=F,Hoch 6,10,1.6309890476041402,2.9299683006106694,5.111356563847368,7.983065876019121,9.081875510932832,9.631386259972162,10.180897009011495,10,40.0,2.88,5.06,6.07,10,20.0,2.88,7.81,8.88,10,20.0,5.0,7.81,8.88,10,20.0,6.62,8.38,9.78,10,10.0,7.88,9.62,13.75,9,11.1,8.25,13.5,14.4,9,11.1,10.0,16.0,16.0
BZ=F,Hoch 7,8,1.1257101260190174,2.35857435404204,3.818584244294316,7.505756504915992,8.605213103875721,9.621792351807631,10.638371599739544,8,25.0,2.12,3.19,4.58,8,25.0,2.12,4.12,8.4,8,12.5,3.62,7.31,8.4,8,12.5,5.12,8.19,10.32,7,0.0,3.0,10.38,12.7,7,0.0,4.75,10.38,12.7,7,0.0,8.0,13.25,16.0
BZ=F,Hoch 8,6,2.469247521964873,3.32642017014484,5.235470484134011,6.955234695246578,8.827773936679193,9.756447133127066,10.68512032957494,6,0.0,2.62,2.94,3.38,6,0.0,3.62,6.0,8.62,6,0.0,5.12,6.75,8.62,6,0.0,5.12,11.25,13.25,6,0.0,5.12,12.0,14.88,6,0.0,6.25,12.0,14.88,6,0.0,11.88,16.0,16.0
BZ=F,Hoch 9,5,1.55751883423469,4.2496948318847805,5.287128963598041,8.79788058015915,10.456869621817448,11.00986596903688,11.562862316256314,5,20.0,4.0,5.25,7.35,5,20.0,5.25,8.75,10.4,5,20.0,5.25,8.75,10.4,5,20.0,5.25,8.75,12.35,5,20.0,6.5,8.75,12.35,5,20.0,7.75,8.75,12.35,5,20.0,8.0,16.0,16.0
BZ=F,Hoch 10,4,3.0197251136346157,4.1098559298644,6.42785721920845,9.782526093261325,12.302606235475082,13.142632949546332,13.982659663617586,4,50.0,5.75,7.5,7.95,4,50.0,6.25,9.62,12.1,4,25.0,6.25,9.62,12.1,4,25.0,6.38,10.19,13.68,4,25.0,7.0,10.19,13.68,4,25.0,7.0,10.19,13.68,4,25.0,10.88,16.0,16.0
BZ=F,Hoch 11,1,10.421720878585164,10.421720878585164,10.421720878585164,10.421720878585164,10.421720878585164,10.421720878585164,10.421720878585164,1,0.0,7.25,7.25,7.25,1,0.0,7.25,7.25,7.25,1,0.0,10.25,10.25,10.25,1,0.0,12.0,12.0,12.0,1,0.0,12.0,12.0,12.0,1,0.0,12.0,12.0,12.0,1,0.0,12.0,12.0,12.0
BZ=F,Hoch 12,1,12.704070684161987,12.704070684161987,12.704070684161987,12.704070684161987,12.704070684161987,12.704070684161987,12.704070684161987,1,100.0,9.5,9.5,9.5,1,100.0,9.5,9.5,9.5,1,100.0,12.5,12.5,12.5,1,100.0,14.25,14.25,14.25,1,100.0,14.25,14.25,14.25,1,100.0,14.25,14.25,14.25,1,0.0,14.25,14.25,14.25
C,alle,534,0.5415576223585289,2.741919265078442,4.67108436326716,7.894003757193336,11.157573410391512,13.713760753184651,48.14882180440697,534,30.1,3.0,5.0,7.17,534,21.0,3.75,6.19,9.5,534,18.0,4.5,7.75,11.0,531,16.0,5.0,8.75,12.5,524,12.0,5.88,10.0,16.0,514,11.1,7.0,13.75,16.0,512,9.8,8.25,16.0,16.0
C,Hoch 1,263,0.6907104309981407,2.760365413327251,4.317231494480778,7.567756450720536,10.526888940934763,13.647680024465965,48.14882180440697,263,28.5,3.0,4.75,7.45,263,20.5,3.75,6.0,9.25,263,17.5,4.25,7.5,10.45,262,14.9,4.75,8.69,11.23,258,10.5,5.75,10.0,16.0,253,10.3,7.0,13.75,16.0,253,8.7,8.5,16.0,16.0
C,Hoch 2,114,0.5415576223585289,2.7031121538283163,4.992746077630102,7.667819567903528,11.523020958933902,13.697031462835296,46.54557161011062,114,31.6,3.25,5.0,6.43,114,24.6,4.0,5.75,9.28,114,21.9,4.88,7.5,11.5,113,21.2,5.25,8.25,12.75,112,16.1,5.62,9.5,15.98,110,15.5,6.5,12.62,16.0,110,14.5,7.88,15.75,16.0
C,Hoch 3,69,0.8147650191317973,2.7071813195644165,4.647446475146684,7.856974562161849,13.159436273853133,13.818900028403403,47.032276324508366,69,29.0,3.5,4.5,6.5,69,15.9,3.75,6.0,8.55,69,15.9,4.5,7.75,13.05,68,11.8,4.88,8.44,14.08,67,10.4,7.25,10.75,16.0,66,9.1,7.5,14.44,16.0,66,9.1,8.25,15.62,16.0
C,Hoch 4,37,0.8397863093985611,2.5066957909660603,5.998096011372429,9.01120587455449,12.077133516186107,15.660216541309712,17.083750463509276,37,29.7,3.25,5.75,7.8,37,24.3,4.5,7.5,10.15,37,16.2,5.75,9.0,12.0,37,16.2,6.0,9.75,13.6,36,11.1,7.62,10.19,16.0,36,5.6,7.88,13.19,16.0,36,2.8,9.25,16.0,16.0
C,Hoch 5,22,0.8350236147351373,2.691879301871678,3.691968849642989,8.520288423967555,11.652079785442972,12.60977644411641,15.591877187918575,22,40.9,2.75,3.69,8.6,22,27.3,3.12,5.94,10.4,22,22.7,3.62,8.44,11.45,22,22.7,4.38,9.31,12.4,22,18.2,6.62,11.44,15.95,22,13.6,6.62,15.88,16.0,21,9.5,11.25,16.0,16.0
C,Hoch 6,15,2.2110129489141706,3.1255579478249063,5.0031260315747765,6.444404311026018,9.672723519409438,10.802661594551978,11.066685779650065,15,33.3,3.5,4.62,6.15,15,13.3,4.0,5.12,6.55,15,6.7,5.0,6.38,9.5,15,6.7,5.0,7.62,9.6,15,6.7,5.0,9.0,14.55,15,6.7,5.0,10.12,16.0,14,7.1,5.12,14.06,16.0
C,Hoch 7,8,1.248960137814399,4.236301397987827,5.366199470540806,8.25781243566417,9.172055393008538,9.9996337392664,10.827212085524264,8,25.0,4.62,5.12,5.88,8,12.5,5.25,6.69,8.45,8,12.5,5.25,8.06,9.0,8,12.5,5.25,8.69,10.82,8,12.5,5.25,9.12,13.32,7,14.3,5.0,9.0,13.9,7,14.3,5.0,10.75,16.0
C,Hoch 8,4,3.6261500293846645,4.979960910711953,6.784362007672251,9.179236224387726,11.054374368743416,11.679420416861976,12.30446646498054,4,25.0,5.12,6.0,7.35,4,0.0,6.62,8.81,10.28,4,0.0,6.62,9.06,10.98,4,0.0,6.62,9.31,11.68,4,0.0,6.62,9.5,12.2,3,0.0,5.25,9.88,12.65,3,0.0,5.25,10.62,13.85
C,Hoch 9,2,6.076331735215462,7.6833910275001776,9.290450319784892,10.897509612069607,11.861745187440436,12.183157045897378,12.504568904354322,2,100.0,7.12,7.69,8.03,2,50.0,9.25,10.88,11.85,2,50.0,9.25,10.88,11.85,2,50.0,9.62,11.44,12.53,2,50.0,10.0,12.0,13.2,2,50.0,10.38,12.56,13.88,2,50.0,11.0,13.5,15.0
CAT,alle,555,0.5553813506811136,2.271027795096577,4.122392619652842,7.012931663926035,11.035147026806268,13.655167066313295,30.849587569800562,555,27.7,2.75,4.5,7.0,555,17.1,3.5,5.75,9.25,555,13.0,4.0,7.0,10.9,551,11.1,4.25,7.5,13.0,546,8.6,5.0,9.0,14.62,539,6.1,6.5,11.75,16.0,533,5.4,7.5,13.5,16.0
CAT,Hoch 1,255,0.5553813506811136,2.4287297140269444,4.14409099389159,6.918750200044235,10.911659716200624,13.302996826882401,30.849587569800562,255,26.3,2.75,4.0,6.9,255,16.1,3.5,5.75,9.0,255,10.6,4.0,6.75,10.8,254,9.1,4.25,7.0,12.78,254,7.5,5.0,8.19,14.25,251,5.6,6.5,11.25,16.0,251,4.4,7.25,13.0,16.0
CAT,Hoch 2,128,0.7220903551248514,2.222328358115921,4.276848676885502,6.846675210042058,10.326640649043059,12.297269314741339,24.671416461504013,128,34.4,3.0,4.5,6.5,128,24.2,3.62,5.75,9.32,128,20.3,4.25,6.75,10.25,127,16.5,4.5,7.0,11.5,126,12.7,5.5,8.75,13.75,124,8.1,6.5,11.12,16.0,123,7.3,7.0,13.0,16.0
CAT,Hoch 3,72,0.7059043272111126,2.1504777066533602,3.7628754696027356,7.337565554683646,10.665618441307823,14.684445928631286,27.109431039295185,72,29.2,3.25,4.81,7.22,72,13.9,3.25,6.0,9.97,72,9.7,3.62,7.12,10.45,71,7.0,4.75,8.12,11.75,70,4.3,4.88,9.75,15.55,69,2.9,6.25,11.75,16.0,68,2.9,7.75,14.5,16.0
CAT,Hoch 4,40,0.719352709248506,2.0304036877765337,3.144171879400104,6.676342108384376,13.382700163926414,16.644071407426225,28.803419934090275,40,20.0,2.5,3.88,7.2,40,7.5,2.75,5.0,9.65,40,7.5,3.0,6.62,13.35,39,7.7,3.5,7.88,14.05,38,5.3,4.25,9.81,16.0,37,2.7,4.75,10.75,16.0,36,2.8,7.12,13.31,16.0
CAT,Hoch 5,25,1.3459356728256202,2.397678312368994,4.589242811495735,8.092993389874485,11.439583433524103,15.460442490569921,19.146642559738577,25,20.0,2.25,3.5,6.2,25,12.0,3.0,5.75,7.85,25,12.0,4.5,8.0,11.3,25,12.0,4.75,8.5,14.8,24,12.5,6.12,9.38,15.77,24,12.5,6.75,11.62,16.0,23,13.0,8.25,14.38,16.0
CAT,Hoch 6,17,0.9918961502494081,3.169544638574059,5.397661240047476,7.083942482974243,10.416300609526811,11.883047854522808,13.30973744403975,17,23.5,3.0,3.75,8.0,17,17.6,3.25,4.0,9.55,17,17.6,5.25,7.0,10.3,17,17.6,5.5,9.5,12.8,16,18.8,7.38,10.94,15.12,16,12.5,8.12,13.31,16.0,15,13.3,12.25,15.25,16.0
CAT,Hoch 7,10,1.1042947858274739,2.6148039538658003,4.8193356084921914,10.05181853564102,11.18119543896112,12.38732068733635,13.593445935711586,10,10.0,3.75,4.44,7.32,10,10.0,4.38,8.88,10.07,10,10.0,4.75,10.0,11.02,10,10.0,4.75,10.19,11.47,10,0.0,7.5,10.94,11.47,10,0.0,11.0,13.69,16.0,9,0.0,11.25,16.0,16.0
CAT,Hoch 8,5,1.3703305022910202,3.0246457731738925,6.782629373551515,11.237637831217825,12.315171036846612,12.674348772056208,13.033526507265803,5,60.0,6.0,6.75,7.05,5,60.0,6.75,10.0,10.6,5,40.0,6.75,11.0,12.2,5,40.0,6.75,11.0,12.2,5,20.0,6.75,11.0,12.2,5,20.0,11.0,13.0,14.8,5,20.0,11.0,13.0,14.8
CAT,Hoch 9,1,1.7933976139188006,1.7933976139188006,1.7933976139188006,1.7933976139188006,1.7933976139188006,1.7933976139188006,1.7933976139188006,1,0.0,1.75,1.75,1.75,1,0.0,1.75,1.75,1.75,1,0.0,1.75,1.75,1.75,1,0.0,1.75,1.75,1.75,1,0.0,1.75,1.75,1.75,1,0.0,1.75,1.75,1.75,1,0.0,1.75,1.75,1.75
CAT,Hoch 10,1,4.137227024795034,4.137227024795034,4.137227024795034,4.137227024795034,4.137227024795034,4.137227024795034,4.137227024795034,1,0.0,4.0,4.0,4.0,1,0.0,4.0,4.0,4.0,1,0.0,4.0,4.0,4.0,1,0.0,4.0,4.0,4.0,1,0.0,4.0,4.0,4.0,1,0.0,4.0,4.0,4.0,1,0.0,4.0,4.0,4.0
CAT,Hoch 11,1,4.663061075963511,4.663061075963511,4.663061075963511,4.663061075963511,4.663061075963511,4.663061075963511,4.663061075963511,1,100.0,4.5,4.5,4.5,1,0.0,4.5,4.5,4.5,1,0.0,4.5,4.5,4.5,1,0.0,4.5,4.5,4.5,1,0.0,4.5,4.5,4.5,1,0.0,4.5,4.5,4.5,1,0.0,4.5,4.5,4.5
CB,alle,529,0.8491188030579556,2.3721731485681654,3.6217622859923604,6.050902590243648,8.61956549444748,10.765571880823293,44.02910937566399,529,29.5,2.75,4.25,5.75,529,18.1,3.25,5.0,7.3,529,13.2,3.5,6.0,8.5,528,11.2,3.75,6.25,9.25,523,6.5,4.0,6.5,10.75,512,2.9,4.5,7.5,11.73,503,1.4,4.75,8.0,14.5
CB,Hoch 1,256,0.8491188030579556,2.2310161595884344,3.418858523223017,5.203270764462575,8.022385353213068,9.741180708263357,35.47341499703298,256,29.7,2.5,4.0,5.5,256,18.4,3.0,4.75,7.12,256,13.7,3.25,5.06,8.0,255,10.6,3.5,5.5,8.4,251,6.4,3.75,6.12,10.0,244,2.9,4.12,7.25,11.18,242,1.7,4.25,7.44,13.48
CB,Hoch 2,120,0.9045191777789208,2.34036899759225,3.5539735797085217,6.060002121981411,9.350660720107353,10.935964241752998,37.42639972714589,120,20.8,2.62,3.5,5.55,120,13.3,3.12,4.56,7.25,120,9.2,3.5,6.0,9.25,120,8.3,3.62,6.0,9.3,119,5.9,3.75,6.0,9.8,117,2.6,4.0,6.75,11.4,114,0.9,4.38,7.25,12.0
CB,Hoch 3,74,0.9641608531227288,2.6019823273877294,4.335065568232707,6.385950106437056,9.167495000732107,11.017699957323577,36.17421629329813,74,35.1,3.12,4.25,6.0,74,20.3,4.0,5.0,7.25,74,13.5,4.25,6.25,9.1,74,12.2,4.5,7.25,9.93,74,6.8,4.62,7.25,11.1,72,0.0,5.12,8.0,11.2,70,0.0,5.5,9.12,15.33
CB,Hoch 4,35,1.0210145535717647,2.5617251231931384,4.732403163336594,7.342614103329922,11.493977366588686,13.082920625214165,44.02910937566399,35,34.3,3.25,4.62,6.8,35,25.7,4.5,6.25,10.6,35,22.9,4.5,7.12,11.4,35,20.0,4.75,8.12,11.4,35,11.4,4.75,9.88,12.3,35,8.6,5.0,9.88,14.9,33,3.0,5.25,11.25,16.0
CB,Hoch 5,18,1.4999284489691544,2.7807341487044708,3.659524887065692,6.330748243438866,8.340427174705821,8.695442553434756,8.894972156680064,18,38.9,2.75,3.81,5.4,18,22.2,3.25,5.12,6.6,18,16.7,3.5,6.12,8.15,18,16.7,3.5,8.19,8.82,18,5.6,3.5,8.44,9.73,18,5.6,3.5,8.44,10.32,18,0.0,5.0,9.38,10.88
CB,Hoch 6,13,1.6059049425190275,3.489690540547381,5.360552966284611,7.004132290873916,10.066171947160676,10.860565904655575,11.537360951002935,13,30.8,3.5,5.25,6.25,13,23.1,4.75,5.25,6.3,13,15.4,5.25,7.0,9.9,13,15.4,5.25,8.5,10.65,13,7.7,5.25,10.25,10.65,13,7.7,5.25,10.25,10.65,13,7.7,5.25,10.25,12.55
CB,Hoch 7,7,2.1366454352583797,3.0152434089132263,4.924780623617982,6.433345473313694,8.784538600071626,10.309645216167329,11.83475183226304,7,57.1,3.5,5.5,6.5,7,14.3,4.5,6.38,7.35,7,0.0,4.75,6.38,8.75,7,0.0,4.75,6.38,8.75,7,0.0,4.75,6.38,8.75,7,0.0,6.0,8.0,10.25,7,0.0,6.0,9.25,13.45
CB,Hoch 8,4,3.031777243376333,3.1080766080576234,4.8779861579806845,6.626972740543337,6.635091018103377,6.63779711062339,6.640503203143403,4,25.0,2.5,3.5,4.85,4,0.0,4.75,6.5,6.5,4,0.0,4.75,6.5,6.5,4,0.0,4.75,6.5,6.5,4,0.0,4.75,6.5,6.5,4,0.0,6.5,8.88,13.15,4,0.0,6.5,8.88,13.15
CB,Hoch 9,2,3.2460312193254928,4.374050533731445,5.502069848137399,6.630089162543352,7.306900751186924,7.532504614068114,7.758108476949305,2,50.0,3.38,4.19,4.67,2,50.0,5.38,6.56,7.28,2,50.0,5.38,6.56,7.28,2,50.0,5.38,6.56,7.28,2,0.0,5.38,6.56,7.28,2,0.0,5.38,6.56,7.28,2,0.0,5.38,6.56,7.28
CBK.DE,alle,534,0.6893453519839173,2.847610705336506,4.922980919751864,8.1004855957747,12.111974049878905,14.386699593114221,20.418304695608494,534,35.2,3.12,5.0,7.5,534,26.8,4.0,6.75,9.75,534,22.3,4.75,8.0,12.0,531,19.2,5.5,9.25,13.75,527,17.3,6.25,11.0,16.0,515,16.3,7.5,14.5,16.0,503,15.3,9.0,16.0,16.0
CBK.DE,Hoch 1,279,0.7337540130981112,2.701048358825174,4.435263456852348,8.355675542501416,11.90500069197016,14.174658633913262,16.689604736984588,279,32.6,3.0,4.5,7.5,279,26.2,3.75,6.5,9.3,279,21.5,4.25,8.25,11.75,278,18.7,5.25,9.69,13.25,278,17.3,5.75,11.0,15.58,270,16.7,7.25,14.5,16.0,265,15.8,9.5,16.0,16.0
CBK.DE,Hoch 2,125,0.6893453519839173,3.0330480291260367,5.1623332743884545,9.18391904693306,12.74146518002086,16.054478060379147,19.881535025156445,125,40.0,3.25,5.25,7.5,125,26.4,4.25,7.0,10.8,125,20.8,5.0,9.0,12.65,124,21.0,5.75,11.0,14.93,123,18.7,6.5,11.75,16.0,121,17.4,7.25,15.0,16.0,119,16.8,11.0,16.0,16.0
CBK.DE,Hoch 3,63,1.3098422130250151,3.4857147967732027,4.837732450122172,7.482968833692341,12.367201010255213,16.601808550376745,20.418304695608494,63,34.9,3.5,5.25,7.15,63,27.0,4.25,6.62,11.1,63,23.8,4.75,7.38,12.25,63,17.5,5.5,8.5,12.25,62,12.9,6.75,11.06,15.97,61,13.1,7.5,14.5,16.0,59,13.6,8.25,16.0,16.0
CBK.DE,Hoch 4,35,1.3057321083669595,3.5509587304335453,5.638292578251042,8.015114116236727,10.005137984146334,12.514046755036944,19.04097064477928,35,37.1,3.75,5.38,6.45,35,31.4,4.25,7.12,9.15,35,31.4,5.5,7.88,9.95,35,28.6,5.75,8.88,11.0,34,26.5,6.75,10.62,15.38,34,20.6,7.62,12.25,16.0,32,15.6,8.12,16.0,16.0
CBK.DE,Hoch 5,18,1.8926400711028732,3.442898941246442,4.82162166044172,6.099419102297755,8.66197119914183,8.891579509137753,9.199123798702297,18,27.8,3.38,3.94,4.75,18,22.2,4.25,5.0,5.9,18,22.2,4.62,6.0,8.57,18,5.6,5.0,6.19,9.0,17,5.9,5.75,8.5,9.9,17,5.9,6.0,9.0,16.0,16,6.2,6.12,12.25,16.0
CBK.DE,Hoch 6,9,2.5957915864202676,3.190163851946538,5.17740751253316,7.62293529612262,7.851165906621869,7.925583610542698,8.000001314463526,9,44.4,3.0,3.75,5.35,9,33.3,5.0,7.0,7.55,9,22.2,5.0,7.5,7.8,8,12.5,6.75,7.81,8.15,8,12.5,7.62,8.12,10.75,7,14.3,7.75,8.38,11.5,7,14.3,7.75,12.25,16.0
CBK.DE,Hoch 7,3,5.331389616397279,6.58463435053687,7.8378790846764606,8.379232412372746,8.704044408990518,8.812315074529774,8.920585740069031,3,33.3,7.75,8.25,8.55,3,33.3,7.75,8.25,8.55,3,33.3,7.75,8.25,8.55,3,33.3,7.75,8.25,8.55,3,33.3,8.5,8.62,8.7,3,33.3,8.75,9.12,9.35,3,0.0,8.75,9.38,9.75
CBK.DE,Hoch 8,2,5.255970635191751,5.843030353752848,6.430090072313946,7.0171497908750435,7.369385622011701,7.486797565723921,7.60420950943614,2,100.0,6.38,6.94,7.28,2,50.0,6.38,6.94,7.28,2,0.0,6.38,6.94,7.28,2,0.0,7.62,7.69,7.72,2,0.0,7.75,7.88,7.95,2,0.0,8.12,8.44,8.62,2,0.0,8.5,9.0,9.3
CC=F,alle,528,0.037154989384288746,2.6796181878207213,4.66452805368964,7.482753027323707,11.265805010489945,13.025910625824919,30.358359621451104,528,28.2,3.25,5.25,7.5,528,19.5,4.0,6.25,10.0,528,15.5,4.5,7.25,11.08,526,14.3,4.75,8.0,11.75,520,11.9,5.5,9.25,13.5,511,9.6,6.25,10.25,15.0,506,7.9,6.75,11.0,16.0
CC=F,Hoch 1,277,0.037154989384288746,2.3970479704797047,4.0962962962962965,6.766415500538213,10.244631474719972,12.787598596832732,24.273631840796018,277,23.1,3.0,4.75,6.75,277,15.9,3.5,6.0,8.85,277,13.0,4.0,6.75,10.1,276,12.0,4.5,7.25,11.62,273,9.5,5.0,8.5,13.5,267,7.5,6.0,9.25,14.35,264,6.4,6.25,10.31,14.93
CC=F,Hoch 2,128,0.941469489414695,3.087957362739038,4.666598974954066,7.437644835577135,10.846897253306206,12.374380630237123,30.358359621451104,128,32.8,3.5,4.81,7.32,128,24.2,3.88,5.81,9.3,128,17.2,4.62,7.38,10.75,127,15.0,4.75,8.0,11.95,125,14.4,5.75,9.0,13.7,124,12.1,6.5,9.81,15.13,122,9.8,7.62,10.0,16.0
CC=F,Hoch 3,67,0.9866342648845686,3.262725300095709,5.2629629629629635,8.771007246925738,11.55782199397839,12.835245348500909,16.64142091152815,67,28.4,3.5,5.88,8.0,67,22.4,4.75,6.88,10.6,67,20.9,5.25,8.62,11.5,67,19.4,6.0,9.12,11.6,66,16.7,6.25,10.25,12.75,64,10.9,7.12,11.31,13.63,64,9.4,8.25,11.56,16.0
CC=F,Hoch 4,35,1.4352582040193336,3.3300478886298186,5.553571428571429,8.855876663825322,11.465952511215669,12.442029378531073,13.07819947043248,35,34.3,3.5,5.62,7.4,35,17.1,5.25,7.38,10.2,35,14.3,5.5,8.75,11.25,35,14.3,6.0,9.75,11.5,35,11.4,6.75,10.75,13.6,35,11.4,7.0,13.38,14.65,35,8.6,7.25,13.88,16.0
CC=F,Hoch 5,17,0.6784140969162995,4.231766612641816,8.954166666666667,12.92749658002736,13.587164566733282,13.771078131366924,14.165680473372781,17,58.8,4.75,9.5,11.1,17,35.3,6.25,11.0,12.75,17,23.5,8.75,12.75,13.5,17,23.5,8.75,12.75,13.5,17,17.6,10.75,12.75,13.7,17,17.6,11.0,15.75,16.0,17,11.8,11.0,16.0,16.0
CC=F,Hoch 6,3,5.988439306358382,6.390406093857157,6.7923728813559325,7.331013324588353,7.654197590527806,7.76192567917429,7.8696537678207745,3,66.7,5.75,6.25,6.55,3,33.3,5.75,6.25,6.55,3,33.3,6.75,7.25,7.55,3,33.3,6.75,7.25,7.55,3,0.0,6.75,10.38,12.55,3,0.0,6.75,11.12,13.75,3,0.0,6.75,11.38,14.15
CC=F,Hoch 7,1,8.33511586452763,8.33511586452763,8.33511586452763,8.33511586452763,8.33511586452763,8.33511586452763,8.33511586452763,1,0.0,4.0,4.0,4.0,1,0.0,4.0,4.0,4.0,1,0.0,8.25,8.25,8.25,1,0.0,8.25,8.25,8.25,1,0.0,13.75,13.75,13.75,1,0.0,15.0,15.0,15.0,1,0.0,16.0,16.0,16.0
CCEP,alle,523,0.8675409590767055,2.273174607694858,3.939200660670891,6.107687608872988,10.16743485116738,14.066327266079798,43.253978102917365,523,27.9,2.75,4.25,6.2,523,15.9,3.5,5.5,7.75,523,11.7,3.75,6.0,10.0,521,9.0,4.25,7.0,11.75,516,6.0,4.5,8.0,13.62,511,4.7,5.25,9.75,16.0,507,3.6,5.75,10.75,16.0
CCEP,Hoch 1,248,0.8675409590767055,2.211585695920797,3.90864685180647,6.000219960855788,9.675709903808565,14.117334964156555,38.7430305348363,248,27.8,2.75,4.0,6.0,248,15.3,3.5,5.25,7.5,248,10.1,3.75,5.81,9.5,246,9.3,4.0,6.75,11.38,243,6.2,4.75,7.88,13.15,242,5.0,5.0,9.44,16.0,241,3.7,5.5,10.0,16.0
CCEP,Hoch 2,129,0.981868013925902,2.565896372416483,4.075587583323722,6.3791240769168525,9.67732560051161,13.481732037245092,43.253978102917365,129,30.2,3.0,4.5,6.5,129,17.8,3.5,5.5,8.05,129,14.7,4.0,6.25,9.6,129,9.3,4.25,7.5,12.3,127,5.5,4.75,8.88,13.6,126,4.0,5.5,10.5,16.0,124,2.4,5.75,10.75,16.0
CCEP,Hoch 3,67,0.9922064462446728,1.8318897635484659,3.8846193916071585,6.145607020665803,10.027203060312974,14.277381636401959,24.556537974680687,67,28.4,2.75,3.75,5.75,67,17.9,3.5,5.12,7.8,67,16.4,3.75,6.0,9.9,67,11.9,4.25,7.0,12.05,67,9.0,4.5,7.25,13.55,66,7.6,5.62,11.12,15.88,65,6.2,6.0,13.25,16.0
CCEP,Hoch 4,40,1.2386163501930327,2.4792928816537962,4.020095581398268,6.85632336112368,11.249907033789007,13.559036600345944,23.043530347447994,40,25.0,3.0,4.0,5.75,40,12.5,3.75,5.25,6.78,40,7.5,4.0,6.69,11.08,40,5.0,4.25,8.44,12.1,40,5.0,4.5,8.44,14.13,39,5.1,5.0,10.75,16.0,39,5.1,6.0,14.0,16.0
CCEP,Hoch 5,20,1.3734709373126617,2.30924183264137,3.8890378762447355,6.510367868348585,10.095447011433587,10.548277602015943,16.838763426444565,20,10.0,3.62,4.75,7.73,20,10.0,3.62,6.31,10.0,20,5.0,3.75,6.31,10.0,20,5.0,4.0,7.94,10.15,20,0.0,4.88,9.81,10.35,19,0.0,4.25,8.62,10.7,19,0.0,5.5,9.88,14.0
CCEP,Hoch 6,15,1.9182299590469212,2.6561300180211314,4.628079074017536,6.837949891242474,10.408379236976685,12.73113419621061,17.04795587089787,15,40.0,3.25,5.25,7.4,15,13.3,4.0,5.25,8.9,15,6.7,4.5,6.62,10.25,15,0.0,4.5,6.62,10.25,15,0.0,5.0,8.38,10.45,15,0.0,5.0,8.5,10.45,15,0.0,6.0,9.75,13.9
CCEP,Hoch 7,3,0.9776029769760015,2.1755199274633874,3.373436877950773,4.6594896777107815,5.431121357566786,5.688331917518788,5.94554247747079,3,33.3,2.25,4.0,5.05,3,33.3,2.25,4.0,5.05,3,33.3,3.25,4.5,5.25,3,33.3,3.25,4.75,5.65,3,33.3,6.5,9.0,10.5,3,0.0,7.5,9.5,10.7,3,0.0,11.5,13.75,15.1
CCEP,Hoch 8,1,1.6499396182830446,1.6499396182830446,1.6499396182830446,1.6499396182830446,1.6499396182830446,1.6499396182830446,1.6499396182830446,1,0.0,1.5,1.5,1.5,1,0.0,1.5,1.5,1.5,1,0.0,1.5,1.5,1.5,1,0.0,1.5,1.5,1.5,1,0.0,4.75,4.75,4.75,1,0.0,6.25,6.25,6.25,1,0.0,6.25,6.25,6.25
CDNS,alle,563,0.5631908826654926,2.361962103173161,4.19047717906033,7.08544324719809,9.904110872377963,13.14947545623906,19.319992523195396,563,25.0,2.75,4.5,6.5,563,13.9,3.5,5.5,8.75,563,9.6,4.0,7.0,9.75,561,6.8,4.25,7.5,10.5,556,4.0,4.75,8.25,11.5,549,2.9,5.25,8.75,13.55,548,2.4,5.5,9.0,14.15
CDNS,Hoch 1,267,0.842971670179505,2.1687493086093004,4.088237745481065,6.813670895750691,9.396928052502796,12.743178212477062,18.085043701218577,267,24.3,2.5,4.25,6.85,267,13.9,3.5,5.5,8.75,267,10.5,4.0,6.75,9.25,267,8.6,4.25,7.0,10.1,265,4.5,4.5,8.25,11.5,260,3.1,5.25,8.5,12.8,259,2.3,5.5,8.75,13.35
CDNS,Hoch 2,120,0.8107424029665395,2.227899230111678,3.480984353050732,6.687941624620083,9.806931799343298,13.708493953866698,18.895320231179987,120,23.3,2.5,3.75,6.53,120,13.3,3.0,5.0,8.78,120,10.8,3.25,6.62,9.75,120,7.5,3.75,7.25,10.78,118,5.1,4.62,7.69,12.62,116,3.4,5.12,9.0,13.62,116,3.4,5.12,9.56,14.25
CDNS,Hoch 3,68,0.5631908826654926,3.1105044536203854,4.3386413150334375,6.884447856116812,10.085068227686236,12.43898937050459,19.319992523195396,68,27.9,3.12,4.5,6.5,68,16.2,3.88,4.75,7.9,68,7.4,4.25,6.81,10.0,68,4.4,4.5,8.06,10.98,67,4.5,4.75,9.0,11.5,67,4.5,6.0,10.0,15.75,67,3.0,6.0,10.12,15.85
CDNS,Hoch 4,45,0.8605733884548503,2.5493803694750747,4.704450152007548,7.134906725752269,9.3855666730319,11.815581624270452,18.68666355551887,45,26.7,2.5,4.25,6.15,45,8.9,4.0,4.75,7.5,45,4.4,4.5,7.0,9.3,44,0.0,4.88,7.56,10.03,44,0.0,4.88,7.75,10.25,44,0.0,5.25,7.81,12.38,44,0.0,5.38,7.81,14.5
CDNS,Hoch 5,27,1.2727265117449869,2.6299210738126555,4.760874943037562,7.761276189212518,9.081465979649531,12.47310697242501,14.681324113778638,27,25.9,3.0,4.12,5.45,27,22.2,3.5,5.25,6.7,27,14.8,4.75,7.62,9.0,26,3.8,4.75,7.44,9.75,26,3.8,5.0,7.44,9.88,26,3.8,5.0,7.44,9.88,26,3.8,6.0,8.19,11.0
CDNS,Hoch 6,20,1.7934994051843418,3.292914842135382,4.819325093825393,7.556186481536476,10.18800164188848,13.619040906002448,13.800150051244072,20,30.0,3.75,4.81,5.28,20,10.0,4.75,5.56,6.63,20,0.0,4.75,7.38,10.13,20,0.0,4.88,7.75,10.15,20,0.0,5.5,7.88,10.18,20,0.0,6.62,7.88,10.18,20,0.0,7.12,8.38,11.75
CDNS,Hoch 7,10,2.3661963885271566,4.024742841009835,5.445866043236279,8.983008779509376,10.93791319499175,12.792805219736396,14.647697244481048,10,10.0,4.0,4.75,5.15,10,0.0,5.25,7.38,9.1,10,0.0,5.25,8.94,10.9,10,0.0,7.25,10.12,11.35,10,0.0,7.5,10.12,11.37,10,0.0,8.12,10.12,11.37,10,0.0,8.88,10.88,12.72
CDNS,Hoch 8,6,2.6425656512655333,4.352763604701422,5.456260833144824,7.8312437632663165,10.674469126460961,11.78756481603866,12.900660505616361,6,50.0,5.25,6.12,7.0,6,33.3,5.25,7.44,10.0,6,33.3,5.25,7.62,10.5,6,33.3,7.0,9.94,11.62,6,0.0,7.0,9.94,11.62,6,0.0,7.0,9.94,11.62,6,0.0,9.38,12.19,13.12
CDW,alle,316,0.5384740907782655,2.6905472386068494,4.523558253349407,7.423098380140245,10.753299707777323,13.258924252820636,37.06653733569614,316,28.5,3.0,5.25,7.0,316,16.5,3.75,6.0,9.0,316,12.3,4.5,7.25,10.62,315,8.9,4.75,8.0,11.5,312,7.4,5.25,9.06,13.23,303,5.3,6.0,10.25,16.0,299,3.7,6.5,12.0,16.0
CDW,Hoch 1,153,0.5384740907782655,2.6635729310362564,4.504158368499548,7.509187681367067,9.724411391289976,12.763563942296889,25.346692558608726,153,30.1,3.0,5.25,7.45,153,17.6,3.75,6.25,8.5,153,13.7,4.5,7.5,9.5,152,10.5,4.75,7.75,10.75,152,9.9,5.25,8.31,12.0,146,7.5,5.75,9.75,14.0,143,5.6,6.25,11.5,15.75
CDW,Hoch 2,65,0.7642585380750152,2.1894448438270673,4.41096639558165,7.134266629851228,9.66256123030011,11.6330226029929,23.992042903070477,65,30.8,2.75,5.25,7.0,65,20.0,4.0,6.25,8.9,65,15.4,4.25,7.0,9.55,65,10.8,4.75,7.5,11.05,65,7.7,5.5,9.25,11.5,62,3.2,6.38,11.06,13.47,61,3.3,7.25,12.0,16.0
CDW,Hoch 3,37,0.837858206105623,2.7277551536310156,4.139040915617011,6.405679615443364,10.116230955942578,10.517809392900332,12.969810661051755,37,32.4,3.25,4.75,5.75,37,16.2,3.5,5.75,9.25,37,8.1,4.0,6.25,10.1,37,5.4,4.5,8.0,10.25,36,2.8,4.75,9.81,12.88,36,2.8,6.25,10.31,15.38,36,0.0,8.0,12.62,16.0
CDW,Hoch 4,24,1.2062268141702532,3.2533645307272687,5.097279971068708,7.324536611548838,10.928430509497185,11.566645330945292,15.933311111352229,24,20.8,3.25,4.56,6.45,24,4.2,3.88,5.5,9.37,24,4.2,5.0,7.12,10.85,24,4.2,5.12,8.75,11.35,23,0.0,5.5,10.0,15.3,23,0.0,6.25,11.25,16.0,23,0.0,6.5,15.88,16.0
CDW,Hoch 5,14,0.8514576013613119,2.9903751493850472,4.539094075515032,6.602188539435496,12.693703493458555,14.200419266857203,16.09833879720051,14,14.3,2.88,4.44,8.95,14,14.3,3.75,4.75,11.13,14,7.1,4.5,6.5,12.55,14,7.1,4.75,11.44,16.0,13,7.7,4.75,8.75,16.0,13,7.7,4.75,9.75,16.0,13,7.7,5.75,14.5,16.0
CDW,Hoch 6,11,0.864575147772537,2.991382379415653,4.501574105796765,7.56781384590517,13.500309221265496,20.749224572479662,27.998139923693824,11,0.0,3.25,5.38,5.5,11,0.0,4.5,5.5,5.5,11,0.0,4.5,7.38,13.5,11,0.0,4.5,9.25,16.0,11,0.0,4.5,10.62,16.0,11,0.0,4.5,11.88,16.0,11,0.0,5.5,15.5,16.0
CDW,Hoch 7,6,1.6311592761497429,2.6678618801387115,5.521252847762224,10.733807551700217,23.567955441668033,29.144310419785615,34.7206653979032,6,33.3,5.12,5.69,9.0,6,16.7,5.38,10.56,14.12,6,16.7,5.38,10.56,14.12,6,0.0,5.38,10.56,14.12,6,0.0,5.38,13.0,15.75,6,0.0,5.62,13.44,16.0,6,0.0,5.62,13.44,16.0
CDW,Hoch 8,4,2.3638779735804873,3.135210033635991,5.409454298522093,14.836575241466305,28.17455249800421,32.620544916850164,37.06653733569614,4,50.0,5.25,7.5,7.95,4,50.0,5.25,9.44,13.38,4,50.0,5.25,9.44,13.38,4,25.0,5.25,9.44,13.38,4,25.0,5.88,9.44,13.38,4,25.0,6.88,9.44,13.38,4,0.0,6.88,9.44,13.38
CDW,Hoch 9,1,3.4748748819081006,3.4748748819081006,3.4748748819081006,3.4748748819081006,3.4748748819081006,3.4748748819081006,3.4748748819081006,1,0.0,2.25,2.25,2.25,1,0.0,2.25,2.25,2.25,1,0.0,3.25,3.25,3.25,1,0.0,5.0,5.0,5.0,1,0.0,7.0,7.0,7.0,1,0.0,7.0,7.0,7.0,1,0.0,7.0,7.0,7.0
CDW,Hoch 10,1,5.308839236221983,5.308839236221983,5.308839236221983,5.308839236221983,5.308839236221983,5.308839236221983,5.308839236221983,1,100.0,4.0,4.0,4.0,1,0.0,4.0,4.0,4.0,1,0.0,5.25,5.25,5.25,1,0.0,7.0,7.0,7.0,1,0.0,9.0,9.0,9.0,1,0.0,9.0,9.0,9.0,1,0.0,9.0,9.0,9.0
CEG,alle,119,0.8735681393302164,2.61609412610712,3.881454649244726,5.868878448412519,7.505739405121976,9.314978081800188,12.018026643375945,119,34.5,3.25,4.38,5.05,119,24.4,3.5,5.12,6.85,119,16.8,3.75,5.75,7.5,118,11.9,4.25,6.25,8.4,111,9.9,4.75,7.25,9.25,103,4.9,5.25,8.0,9.45,97,0.0,5.25,7.75,9.6
CEG,Hoch 1,55,0.8811498826262261,2.658835970284251,3.7138290441865807,5.859437682341808,7.274748319811792,8.48766730713955,11.593477487220627,55,30.9,3.0,4.25,4.75,55,20.0,3.25,5.25,6.25,55,14.5,3.5,5.75,7.15,54,13.0,3.62,6.12,7.43,50,10.0,5.0,7.0,9.03,45,6.7,5.25,7.5,9.15,42,0.0,5.0,7.25,9.47
CEG,Hoch 2,30,0.8735681393302164,2.9684578896660487,4.662594358255686,6.209555958290822,7.562082735842436,8.725036150940717,9.93177060368724,30,43.3,3.75,4.69,6.03,30,36.7,4.38,6.12,7.5,30,16.7,4.62,6.12,7.53,30,10.0,4.75,6.62,7.53,28,7.1,6.38,8.25,9.15,26,3.8,6.0,8.44,9.38,25,0.0,5.75,8.25,9.75
CEG,Hoch 3,17,1.5710911513730876,2.747898570004121,4.7052916075337174,6.2468586428689505,7.654748101905477,9.619002438349831,12.018026643375945,17,41.2,3.25,4.5,5.05,17,29.4,4.5,4.75,6.65,17,29.4,4.5,6.0,7.5,17,17.6,4.75,7.0,9.1,16,18.8,4.75,7.31,9.12,15,0.0,6.25,7.88,9.75,14,0.0,5.75,7.56,9.18
CEG,Hoch 4,6,1.3576260390846362,2.339985587337716,3.525680925900099,4.7405896944602555,5.606846850180127,5.849152630188294,6.09145841019646,6,33.3,2.25,4.06,4.75,6,16.7,3.0,4.19,4.75,6,16.7,3.38,4.62,5.5,6,16.7,3.5,4.62,7.0,6,16.7,3.5,4.62,7.0,6,16.7,6.0,8.69,9.25,5,0.0,3.5,8.75,9.5
CEG,Hoch 5,3,1.542156226106486,2.544916175533088,3.5476761249596898,4.385334675975892,4.887929806585614,5.055461516788855,5.222993226992095,3,0.0,3.5,3.5,3.5,3,0.0,3.5,4.25,4.7,3,0.0,3.5,4.25,4.7,3,0.0,3.5,4.38,4.9,3,0.0,4.5,4.88,5.1,3,0.0,4.5,4.88,5.1,3,0.0,4.5,4.88,5.1
CEG,Hoch 6,3,3.1935378692221827,3.4530770463044265,3.7126162233866697,4.782073557486605,5.423747957946565,5.637639424766552,5.851530891586539,3,66.7,3.5,4.5,5.1,3,33.3,3.5,4.5,5.1,3,33.3,3.5,4.62,5.3,3,0.0,4.75,5.25,5.55,3,0.0,5.75,6.0,6.15,3,0.0,5.75,6.0,6.15,3,0.0,5.75,6.0,6.15
CEG,Hoch 7,2,1.9382166299810188,3.7793530580887964,5.620489486196575,7.461625914304353,8.566307771169019,8.934535056790574,9.30276234241213,2,0.0,2.5,2.88,3.1,2,0.0,2.5,2.88,3.1,2,0.0,5.5,7.38,8.5,2,0.0,5.5,7.38,8.5,2,0.0,5.5,7.38,8.5,2,0.0,5.5,7.38,8.5,2,0.0,5.5,7.38,8.5
CEG,Hoch 8,2,2.015786746481477,3.9259983267491636,5.836209907016851,7.746421487284538,8.89254843544515,9.274590751498687,9.656633067552225,2,0.0,2.88,3.31,3.58,2,0.0,4.25,5.38,6.05,2,0.0,5.75,7.62,8.75,2,0.0,5.75,7.62,8.75,2,0.0,5.75,7.62,8.75,2,0.0,5.75,7.62,8.75,2,0.0,5.75,7.62,8.75
CEG,Hoch 9,1,2.1203669935132767,2.1203669935132767,2.1203669935132767,2.1203669935132767,2.1203669935132767,2.1203669935132767,2.1203669935132767,1,0.0,2.0,2.0,2.0,1,0.0,2.0,2.0,2.0,1,0.0,2.0,2.0,2.0,1,0.0,2.0,2.0,2.0,1,0.0,2.0,2.0,2.0,1,0.0,2.0,2.0,2.0,1,0.0,2.0,2.0,2.0
CHTR,alle,389,0.6997157656292834,2.5410008604400436,4.4864992278969575,7.724924426169738,10.660499218711287,13.164272734756134,22.388499676117394,389,30.3,3.0,4.75,7.25,389,20.6,3.75,6.0,9.25,389,15.7,4.25,7.5,10.55,386,14.0,4.75,8.5,12.5,383,11.0,5.5,10.25,15.2,381,10.0,6.25,12.5,16.0,374,8.0,6.75,13.19,16.0
CHTR,Hoch 1,182,0.9143756986567857,2.588947744308771,4.327289471354584,7.344887859282699,10.190133697655495,11.541616514883955,18.396150546668974,182,29.7,3.25,4.75,7.73,182,19.8,3.75,6.0,9.18,182,14.3,4.25,7.25,10.0,180,12.2,4.62,8.25,11.27,178,10.7,5.25,9.94,14.33,176,10.8,5.75,12.0,16.0,171,8.2,5.75,12.25,16.0
CHTR,Hoch 2,96,1.0197619573737078,2.484384611555993,4.67563919863891,8.094979272896422,11.232616452465162,14.099480459878862,17.918437657984907,96,31.2,2.88,4.75,6.75,96,18.8,4.25,6.06,8.75,96,14.6,4.62,8.0,11.12,95,13.7,4.75,8.5,12.8,94,10.6,5.75,10.25,15.78,94,10.6,7.12,12.81,16.0,93,10.8,7.25,14.0,16.0
CHTR,Hoch 3,52,0.6997157656292834,2.458887892592455,4.762038948925351,8.734540320013702,12.12959786515204,13.002370658161542,22.388499676117394,52,34.6,3.12,4.88,7.87,52,25.0,4.38,7.0,9.67,52,17.3,4.62,8.56,11.9,52,17.3,5.25,9.12,12.97,52,15.4,6.0,11.06,15.17,52,11.5,7.75,13.5,16.0,52,9.6,8.62,14.25,16.0
CHTR,Hoch 4,27,0.9652143796256133,2.1621344847163146,4.463671166837154,7.978274888587617,10.79253159674416,12.575844502355974,16.451365889398097,27,25.9,2.75,4.5,5.8,27,22.2,2.75,6.75,10.0,27,18.5,4.25,7.88,10.65,27,14.8,4.25,8.12,11.95,27,3.7,5.5,11.5,15.1,27,0.0,6.25,12.88,16.0,27,0.0,6.5,15.25,16.0
CHTR,Hoch 5,15,0.9933930461399676,2.7351253390517414,3.3859742198110823,6.07759741519058,12.79699479525023,15.586954727597966,20.193746632074504,15,26.7,2.75,4.62,7.0,15,13.3,3.25,5.38,11.4,15,13.3,3.25,6.0,12.7,15,13.3,3.25,9.88,16.0,15,6.7,4.5,13.62,16.0,15,6.7,6.25,16.0,16.0,14,0.0,6.38,14.06,16.0
CHTR,Hoch 6,8,1.2051877174866277,2.7232791273657835,3.7696730889747765,5.568848018380916,10.75483097855125,14.27954973832513,17.80426849809902,8,12.5,2.75,2.75,4.7,8,12.5,2.75,4.56,7.9,8,12.5,3.62,5.44,10.05,8,12.5,3.62,5.81,11.1,8,12.5,4.62,9.25,16.0,8,12.5,5.75,10.56,16.0,8,12.5,5.75,10.56,16.0
CHTR,Hoch 7,3,1.2921772163822978,2.1633779665928756,3.0345787168034537,4.246312700296493,4.973353090392317,5.215699887090925,5.458046683789533,3,0.0,3.0,3.25,3.4,3,0.0,3.0,4.12,4.8,3,0.0,3.0,4.12,4.8,3,0.0,3.0,4.12,4.8,3,0.0,5.25,6.5,7.25,3,0.0,5.25,6.5,7.25,3,0.0,5.25,6.5,7.25
CHTR,Hoch 8,2,3.1454862483631234,3.5094266724335843,3.8733670965040456,4.2373075205745065,4.455671775016783,4.528459859830875,4.6012479446449674,2,50.0,2.75,2.88,2.95,2,50.0,3.5,4.0,4.3,2,50.0,3.75,4.12,4.35,2,0.0,8.25,10.12,11.25,2,0.0,8.25,10.12,11.25,2,0.0,8.25,10.12,11.25,2,0.0,9.88,10.94,11.57
CHTR,Hoch 9,2,3.1799642347019366,3.7834303099216156,4.386896385141294,4.9903624603609735,5.352442105492781,5.473135320536716,5.593828535580652,2,50.0,2.0,2.5,2.8,2,50.0,4.0,4.5,4.8,2,50.0,4.25,4.88,5.25,2,50.0,8.62,10.19,11.12,2,50.0,9.12,10.44,11.22,2,0.0,10.88,11.31,11.57,2,0.0,12.38,12.69,12.88
CHTR,Hoch 10,2,5.330579335084875,5.92916560785609,6.5277518806273065,7.126338153398523,7.485489917061252,7.605207171615495,7.724924426169738,2,100.0,3.5,3.88,4.1,2,100.0,5.75,6.25,6.55,2,100.0,6.38,6.94,7.28,2,100.0,10.0,12.38,13.8,2,50.0,10.38,12.56,13.88,2,50.0,12.12,13.44,14.22,2,0.0,13.88,14.31,14.57
CL,alle,551,0.5638120735925062,2.3823816044354005,4.0951998445911855,6.622669616426658,9.34821834424665,11.757244813438959,25.361177930511673,551,29.6,2.75,4.38,6.5,551,18.1,3.25,5.5,8.0,551,14.7,4.0,6.5,9.25,546,11.0,4.25,7.25,10.38,536,7.5,5.25,8.5,11.62,527,4.9,6.0,9.62,13.25,521,3.6,6.5,10.5,14.75
CL,Hoch 1,253,0.643235286574491,2.335289667387271,3.7959195355400985,6.297928603875453,8.873817877810723,10.346645134288686,20.74860570189904,253,31.6,2.5,4.25,6.5,253,17.8,3.0,5.25,7.5,253,13.4,3.75,6.25,8.75,252,8.3,3.75,6.75,9.75,245,5.7,5.0,8.0,10.9,241,3.3,5.75,8.75,12.75,237,2.1,6.25,9.75,13.5
CL,Hoch 2,121,0.5638120735925062,2.214832946643714,4.135539711016456,6.4952366158089925,8.809299650686325,10.479617238269158,18.520368842805194,121,28.1,2.75,4.0,5.75,121,15.7,3.0,5.0,7.75,121,13.2,4.0,6.25,8.75,120,10.0,4.25,7.06,10.03,118,5.9,5.5,8.25,11.07,116,5.2,6.25,10.0,12.88,114,2.6,7.12,10.44,13.75
CL,Hoch 3,71,0.7891824799888656,2.4243841801939507,4.300039323391909,7.433435657005873,10.585232195828569,13.312932171075628,20.940868419722236,71,28.2,3.0,4.75,6.75,71,23.9,3.75,6.38,9.25,71,21.1,4.25,7.25,10.5,70,18.6,5.25,7.69,11.28,69,14.5,6.25,9.25,12.15,68,10.3,6.88,10.81,14.38,68,8.8,7.38,11.81,16.0
CL,Hoch 4,39,0.8357018176902438,2.540942509598692,3.5517066316282233,6.259338529779685,10.182873121229456,12.596925214043793,25.361177930511673,39,25.6,3.25,4.5,6.6,39,15.4,3.5,6.0,8.9,39,12.8,3.5,6.12,10.0,37,13.5,4.75,8.0,11.95,37,10.8,5.5,9.75,13.75,36,2.8,6.0,11.06,16.0,36,2.8,6.0,11.69,16.0
CL,Hoch 5,26,0.9007184979177704,2.6218416084815988,4.144835717511052,7.758252942982013,9.778428004892913,15.610110647812908,23.208783095495836,26,30.8,2.62,4.56,8.88,26,26.9,3.25,5.94,9.38,26,23.1,4.0,7.69,9.62,26,23.1,4.38,9.38,11.12,26,15.4,5.38,9.5,14.25,25,12.0,6.0,9.75,16.0,25,12.0,6.75,12.0,16.0
CL,Hoch 6,16,1.1539575290614372,3.277826171924704,4.220306001437559,6.359661582127207,8.262417560940822,8.368142801678353,8.391052229612567,16,6.2,3.12,3.81,4.62,16,6.2,3.88,4.38,5.62,16,6.2,4.12,6.19,8.12,16,6.2,4.12,7.44,9.0,16,6.2,4.38,7.44,9.0,16,6.2,4.75,8.06,9.88,16,6.2,4.75,9.62,12.62
CL,Hoch 7,12,1.6835970886528482,3.150357647682517,5.345794919635852,6.389550549178389,10.338002343487126,11.12986763390323,11.731785824381548,12,41.7,3.62,5.56,7.33,12,25.0,4.62,5.75,7.33,12,16.7,5.25,6.19,10.2,12,8.3,5.25,6.19,10.2,12,0.0,5.38,6.75,10.2,12,0.0,5.38,7.94,10.38,12,0.0,5.38,9.75,15.45
CL,Hoch 8,7,3.9499354276756784,4.738372216335022,5.3845705329529405,7.62425750376252,9.304354766604606,10.543529284550484,11.78270380249637,7,42.9,3.75,4.88,6.15,7,14.3,4.5,6.38,7.5,7,14.3,5.25,7.5,9.2,7,0.0,5.75,7.5,9.2,7,0.0,5.75,7.88,9.65,7,0.0,5.75,10.62,11.75,7,0.0,5.75,10.62,13.45
CL,Hoch 9,2,5.302068592359643,6.0480763979656516,6.794084203571659,7.540092009177667,7.987696692541272,8.136898253662473,8.286099814783675,2,50.0,3.75,4.5,4.95,2,0.0,6.75,7.5,7.95,2,0.0,6.75,7.5,7.95,2,0.0,6.75,7.5,7.95,2,0.0,6.75,7.5,7.95,2,0.0,6.75,7.5,7.95,2,0.0,6.75,7.5,7.95
CL,Hoch 10,1,8.869952037765039,8.869952037765039,8.869952037765039,8.869952037765039,8.869952037765039,8.869952037765039,8.869952037765039,1,0.0,2.75,2.75,2.75,1,0.0,8.75,8.75,8.75,1,0.0,8.75,8.75,8.75,1,0.0,8.75,8.75,8.75,1,0.0,8.75,8.75,8.75,1,0.0,8.75,8.75,8.75,1,0.0,8.75,8.75,8.75
CL,Hoch 11,1,10.0566725806519,10.0566725806519,10.0566725806519,10.0566725806519,10.0566725806519,10.0566725806519,10.0566725806519,1,0.0,10.0,10.0,10.0,1,0.0,10.0,10.0,10.0,1,0.0,10.0,10.0,10.0,1,0.0,10.0,10.0,10.0,1,0.0,10.0,10.0,10.0,1,0.0,10.0,10.0,10.0,1,0.0,10.0,10.0,10.0
CL,Hoch 12,1,11.855792355539887,11.855792355539887,11.855792355539887,11.855792355539887,11.855792355539887,11.855792355539887,11.855792355539887,1,0.0,11.75,11.75,11.75,1,0.0,11.75,11.75,11.75,1,0.0,11.75,11.75,11.75,1,0.0,11.75,11.75,11.75,1,0.0,11.75,11.75,11.75,1,0.0,11.75,11.75,11.75,1,0.0,11.75,11.75,11.75
CL,Hoch 13,1,12.12937820962318,12.12937820962318,12.12937820962318,12.12937820962318,12.12937820962318,12.12937820962318,12.12937820962318,1,100.0,12.0,12.0,12.0,1,100.0,12.0,12.0,12.0,1,100.0,12.0,12.0,12.0,1,100.0,12.0,12.0,12.0,1,0.0,12.0,12.0,12.0,1,0.0,12.0,12.0,12.0,1,0.0,12.0,12.0,12.0
CL=F,alle,483,0.7460472978907726,2.5516204740941557,4.396570697523329,7.542236820319022,11.894906146121922,15.829916871497064,61.860007554631345,483,36.2,3.25,5.0,7.0,483,25.9,3.75,6.75,9.75,483,19.0,4.25,7.5,11.75,483,15.3,4.75,7.75,13.75,483,13.5,5.5,9.75,16.0,478,11.1,6.88,12.0,16.0,476,9.5,7.62,15.25,16.0
CL=F,Hoch 1,239,0.7460472978907726,2.4513175030592933,4.1977730471859696,7.179603124816114,12.623759745372485,16.20781719405602,61.860007554631345,239,38.5,3.25,4.88,7.0,239,28.5,3.75,6.62,10.0,239,20.9,4.0,7.0,12.6,239,16.3,4.5,7.75,14.8,239,13.4,5.25,9.88,16.0,238,11.3,6.5,11.94,16.0,236,9.7,7.25,14.25,16.0
CL=F,Hoch 2,96,1.0387779200426928,2.2254469074481893,4.197810032573138,7.6105966318621965,12.053733097828239,16.23584789215057,56.58482726054969,96,31.2,2.75,4.81,7.38,96,22.9,3.5,7.0,9.5,96,15.6,4.0,7.5,11.88,96,11.5,4.12,7.75,13.25,96,11.5,5.25,9.31,16.0,94,7.4,6.5,11.94,16.0,94,5.3,7.12,14.5,16.0
CL=F,Hoch 3,62,1.0450387735395328,2.744265247730489,4.24791800808202,7.9579091391174295,11.072241219561546,12.922978114060417,46.70640174382683,62,33.9,3.5,5.0,7.92,62,21.0,3.62,6.81,9.45,62,17.7,4.12,7.88,10.97,62,14.5,5.0,8.38,12.6,62,14.5,5.62,10.56,16.0,61,13.1,7.5,12.75,16.0,61,11.5,8.0,16.0,16.0
CL=F,Hoch 4,38,1.2085826893809968,3.35359396539203,5.434171235209613,8.659466714771202,12.600278688909285,15.249299018036503,40.37436068732315,38,44.7,3.38,5.75,7.65,38,26.3,4.38,7.0,12.0,38,18.4,5.38,8.5,12.53,38,18.4,6.38,8.94,16.0,38,15.8,6.5,10.69,16.0,37,13.5,7.75,15.0,16.0,37,13.5,7.75,16.0,16.0
CL=F,Hoch 5,20,0.9340811379552926,3.1317657683681865,4.513190515627228,7.419206890242535,9.971653772423869,10.326168521748976,14.660092171941972,20,30.0,2.88,4.25,6.1,20,20.0,3.62,6.25,7.78,20,20.0,4.38,7.38,9.78,20,20.0,4.38,7.81,11.95,20,20.0,6.38,8.5,11.95,20,15.0,7.62,10.56,16.0,20,10.0,7.75,12.62,16.0
CL=F,Hoch 6,11,1.6381593866223483,3.161445056320699,4.833698803307274,5.630573154440288,8.476396118597577,9.204657126005475,9.932918133413372,11,18.2,2.75,4.25,5.25,11,18.2,4.75,5.0,8.25,11,18.2,4.75,5.5,8.25,11,9.1,4.75,6.25,8.25,11,0.0,6.75,8.38,9.75,11,0.0,6.75,9.75,16.0,11,0.0,8.0,9.75,16.0
CL=F,Hoch 7,7,1.1973203973022377,3.6547921677416184,5.405142400113629,7.6651361330765555,9.258593590113929,9.35176220712331,9.44493082413269,7,28.6,2.5,5.62,6.0,7,28.6,5.25,7.5,9.1,7,14.3,5.25,7.5,9.1,7,14.3,5.25,7.62,9.35,7,14.3,6.0,10.0,11.75,7,14.3,6.5,11.25,14.35,7,14.3,9.25,16.0,16.0
CL=F,Hoch 8,6,2.5817353963169754,3.9660484634496007,6.754897951272433,8.01006707573626,9.106402597737826,9.501216530430707,9.896030463123587,6,50.0,5.12,6.12,6.62,6,33.3,6.62,7.94,9.0,6,16.7,6.62,7.94,9.0,6,16.7,6.62,8.31,9.25,6,16.7,8.38,11.62,13.0,6,16.7,8.38,11.62,14.12,6,16.7,12.88,16.0,16.0
CL=F,Hoch 9,3,3.647340982525712,4.40200361079863,5.156666239071548,5.806190267735631,6.195904684934081,6.325809490666897,6.455714296399714,3,33.3,5.0,5.62,6.0,3,33.3,5.0,5.62,6.0,3,33.3,5.0,5.62,6.0,3,33.3,5.0,5.62,6.0,3,33.3,6.25,6.5,6.65,3,33.3,6.25,7.12,7.65,3,33.3,8.25,12.12,14.45
CL=F,Hoch 10,1,4.1879026330028895,4.1879026330028895,4.1879026330028895,4.1879026330028895,4.1879026330028895,4.1879026330028895,4.1879026330028895,1,100.0,4.0,4.0,4.0,1,100.0,4.0,4.0,4.0,1,0.0,4.0,4.0,4.0,1,0.0,4.0,4.0,4.0,1,0.0,4.0,4.0,4.0,1,0.0,4.0,4.0,4.0,1,0.0,4.0,4.0,4.0
CM,alle,590,0.4714009548794114,2.372515737101383,4.60861944546061,8.494561087752063,11.814912746428408,16.067137695521357,59.4237703811775,590,28.6,3.0,5.25,8.0,590,18.6,4.0,7.0,10.25,590,13.9,4.5,8.44,11.75,588,10.9,4.75,9.5,13.33,584,7.4,5.75,10.75,15.68,576,5.2,7.12,12.25,16.0,570,4.2,8.25,14.0,16.0
CM,Hoch 1,273,0.5347590986901524,2.5482979482157138,4.717164099652807,8.527609892850544,11.619767550610954,17.999644976114574,59.4237703811775,273,27.8,3.0,5.0,8.0,273,16.1,4.25,7.25,9.75,273,11.7,4.5,8.5,11.5,272,9.9,4.88,9.5,12.0,271,5.9,6.0,10.5,15.0,268,3.7,7.75,12.0,16.0,266,3.0,8.75,13.75,16.0
CM,Hoch 2,138,0.4714009548794114,2.346288859524944,4.871375477545499,8.764257901508497,11.926335167531313,15.827507871286988,45.357187033293265,138,31.9,2.75,5.75,7.75,138,22.5,4.25,7.25,10.25,138,18.1,4.75,8.69,11.75,138,13.0,5.0,9.5,13.5,137,10.9,5.75,11.0,16.0,137,6.6,7.0,12.25,16.0,135,5.2,8.5,15.88,16.0
CM,Hoch 3,77,0.7802131630678791,2.570327203352716,4.19885963828834,8.554075609314397,12.32080548216125,15.80635302657258,25.9906480296281,77,27.3,3.0,5.5,8.7,77,22.1,3.25,6.5,10.95,77,15.6,4.0,8.5,12.15,77,11.7,4.75,10.25,15.0,76,6.6,6.25,12.5,15.75,75,6.7,7.0,13.75,16.0,74,5.4,8.5,15.69,16.0
CM,Hoch 4,46,0.6585469606296069,2.190349252955432,4.520011814455027,10.173296944277032,14.22340860086936,16.853210162199485,25.501271287947382,46,23.9,3.0,4.94,7.75,46,19.6,4.12,6.19,9.88,46,15.2,4.38,10.12,14.12,46,13.0,5.38,11.69,15.38,45,8.9,6.25,11.75,16.0,44,9.1,7.25,13.06,16.0,43,9.3,10.25,14.62,16.0
CM,Hoch 5,27,0.7224975070098069,1.9484025923515542,3.9878043025189953,6.4179771986889875,10.84502751420232,14.271542451382105,24.065525959957252,27,22.2,3.25,4.5,6.25,27,14.8,3.5,6.38,9.9,27,11.1,3.75,6.38,10.7,26,7.7,4.25,8.5,13.62,26,7.7,5.12,10.25,14.75,25,4.0,6.5,12.0,15.8,25,4.0,6.5,14.0,16.0
CM,Hoch 6,14,0.8298241487252519,1.6220103921528948,3.289322284339472,5.49663352040218,8.604610682020196,10.380301331801864,11.488058895317916,14,21.4,3.12,4.81,5.35,14,14.3,3.12,5.38,7.33,14,14.3,3.12,5.38,8.55,14,7.1,3.12,5.38,8.55,14,0.0,4.0,5.69,9.0,13,0.0,3.25,5.75,14.7,13,0.0,5.0,6.25,14.7
CM,Hoch 7,9,1.6389358187932606,1.8750696485522516,2.4895240021657363,6.308882256572879,7.230392951340391,8.419919275456147,9.609445599571908,9,44.4,2.0,5.5,7.1,9,22.2,2.25,6.25,7.1,9,11.1,2.25,6.25,7.1,9,11.1,2.25,6.25,7.1,9,11.1,2.25,6.5,9.5,8,12.5,3.75,8.44,15.3,8,0.0,3.75,8.44,15.3
CM,Hoch 8,4,1.951342463375418,2.538506876000138,3.4607650450866756,4.607580235509394,5.36408152148935,5.6162486168160015,5.868415712142655,4,50.0,3.0,3.75,4.2,4,0.0,3.25,4.44,5.23,4,0.0,3.25,4.44,5.23,4,0.0,3.25,4.44,5.23,4,0.0,3.25,4.44,5.23,4,0.0,4.88,5.81,5.92,4,0.0,4.88,5.81,5.92
CM,Hoch 9,2,4.362221513992297,4.793368735558422,5.224515957124547,5.655663178690673,5.914351511630348,6.000580955943573,6.086810400256798,2,100.0,4.12,4.19,4.22,2,50.0,5.12,5.56,5.83,2,0.0,5.12,5.56,5.83,2,0.0,5.12,5.56,5.83,2,0.0,6.88,8.19,8.97,2,0.0,6.88,8.19,8.97,2,0.0,6.88,8.19,8.97
CMCSA,alle,540,0.6099822397091744,2.4674539097036483,4.189350629232552,7.05601269647414,10.017850723144264,12.588905698971594,24.940888358579212,540,29.6,3.0,4.25,6.5,540,20.0,3.5,6.25,8.25,540,14.4,4.0,7.0,10.0,537,12.3,4.5,8.0,11.75,536,9.1,5.25,9.5,13.88,531,7.5,6.25,11.25,16.0,526,7.2,6.75,12.5,16.0
CMCSA,Hoch 1,275,0.6644618176029952,2.3987996272961367,4.150233293828182,7.01735927923589,9.334191686333341,12.389525486381437,24.940888358579212,275,29.5,2.75,4.25,6.4,275,21.1,3.5,5.88,7.75,275,14.5,4.0,7.0,9.15,273,11.7,4.5,7.75,10.7,272,8.5,5.25,9.0,13.0,270,7.8,6.25,10.5,15.02,266,7.9,6.62,12.0,16.0
CMCSA,Hoch 2,135,0.6099822397091744,2.4697887751110965,4.247314217590376,7.366226439392101,10.763204235718788,13.03457659993136,18.778351455143085,135,24.4,2.75,4.25,5.9,135,18.5,3.75,6.25,8.25,135,16.3,4.0,7.25,10.65,134,13.4,4.5,8.19,12.18,134,10.4,5.5,9.94,13.68,133,6.8,7.25,11.75,15.7,132,6.1,7.62,12.75,16.0
CMCSA,Hoch 3,73,0.9805787910662682,2.8642611491127483,4.071728112355125,7.584134043069184,11.780115080805514,12.89280389558956,21.27528817110437,73,34.2,3.25,5.25,6.75,73,23.3,3.5,6.75,9.35,73,16.4,4.0,7.5,11.7,73,16.4,4.75,8.25,13.15,73,12.3,6.25,10.75,13.95,71,9.9,6.75,11.88,16.0,71,9.9,7.5,14.25,16.0
CMCSA,Hoch 4,34,1.4933507986238097,3.0408676544136917,4.665451369249657,6.606930546477397,7.926974863984007,9.30655198910369,15.453655253211048,34,41.2,3.5,5.44,6.6,34,17.6,4.0,6.12,7.7,34,5.9,4.5,6.44,7.85,34,5.9,5.62,6.69,7.85,34,2.9,5.75,8.38,15.1,34,2.9,5.88,13.06,16.0,34,0.0,5.88,13.62,16.0
CMCSA,Hoch 5,10,2.0956797097789424,2.5174635609566587,3.579146955152754,5.875307649034758,7.251437229111568,7.881180693765723,8.51092415841988,10,20.0,2.62,3.31,4.52,10,10.0,3.25,4.25,7.15,10,10.0,3.5,5.81,7.15,10,10.0,3.5,6.88,9.87,10,10.0,3.5,8.75,15.28,10,10.0,3.5,8.75,15.32,10,10.0,3.5,8.75,16.0
CMCSA,Hoch 6,7,0.8828797943954279,2.228039433371013,4.243707942179355,7.695334245963645,8.804358899663754,9.14440085939218,9.48444281912061,7,28.6,2.25,4.0,5.9,7,0.0,4.0,4.12,6.25,7,0.0,4.0,7.62,8.65,7,0.0,4.0,7.75,8.75,7,0.0,4.0,7.75,11.35,7,0.0,4.0,7.75,11.35,7,0.0,4.0,7.75,11.35
CMCSA,Hoch 7,4,1.2276707305551005,2.4904138021721405,5.478942115027917,8.49103332461285,9.291092381695554,9.557778734056456,9.824465086417357,4,50.0,3.38,5.75,8.0,4,25.0,3.62,5.81,8.18,4,25.0,5.38,8.44,9.22,4,25.0,5.38,8.94,10.62,4,25.0,5.38,10.0,13.6,4,25.0,5.38,10.0,13.6,4,25.0,5.38,10.0,13.6
CMCSA,Hoch 8,2,1.2845878755964815,1.8730186728043274,2.4614494700121736,3.0498802672200194,3.402938745544727,3.5206249049862963,3.6383110644278656,2,50.0,2.38,2.94,3.27,2,0.0,2.38,2.94,3.27,2,0.0,2.38,2.94,3.27,2,0.0,2.38,2.94,3.27,2,0.0,2.38,2.94,3.27,2,0.0,2.38,2.94,3.27,2,0.0,2.38,2.94,3.27
CNQ,alle,619,0.5572029839800465,2.7315282388150006,4.378812863135578,7.286480720110287,10.374246168288002,12.57795051077281,41.31275779398437,619,30.4,3.25,4.75,6.75,619,19.4,3.75,6.25,8.5,619,16.0,4.25,7.12,10.25,619,13.2,4.5,7.75,11.75,613,11.1,5.25,9.25,14.5,605,9.1,6.0,10.75,16.0,597,8.0,6.5,13.0,16.0
CNQ,Hoch 1,316,0.5572029839800465,2.6118244355509592,4.106706504843751,7.408009316638016,10.45305350032254,12.431977798453032,39.643824005741216,316,27.2,3.0,4.5,6.5,316,18.0,3.62,6.25,8.25,316,15.5,4.0,7.25,10.25,316,13.6,4.25,8.0,12.0,312,12.2,4.75,9.0,13.98,310,9.4,5.75,11.12,16.0,306,7.8,6.25,12.0,16.0
CNQ,Hoch 2,146,0.8129665537723605,2.830458075569155,4.47757403196961,6.848322571835981,10.10388933339418,13.191146569882441,37.168936215998166,146,30.1,3.0,4.75,6.88,146,18.5,4.0,6.0,9.12,146,15.8,4.38,6.75,10.0,146,13.7,4.75,7.0,11.12,145,11.7,5.25,8.75,14.95,143,9.8,5.75,10.38,16.0,141,9.2,6.25,12.5,16.0
CNQ,Hoch 3,87,0.9612025433256033,2.825906235688681,4.904140477187283,7.2962538657473495,9.665530393071137,14.763938162690476,41.31275779398437,87,34.5,3.25,5.5,7.1,87,20.7,4.0,6.25,8.7,87,14.9,4.75,7.12,9.5,87,9.2,5.0,8.12,11.65,87,8.0,5.75,9.62,15.5,86,8.1,6.38,12.25,16.0,84,7.1,6.88,15.5,16.0
CNQ,Hoch 4,38,1.3575830520224614,2.9524004607163885,5.223709843730687,9.108534989391718,10.731853392246414,10.904998333604873,11.783834487336994,38,44.7,4.12,5.94,7.08,38,31.6,5.12,7.94,9.33,38,23.7,5.12,8.94,10.5,38,15.8,5.38,9.56,11.83,38,13.2,7.75,10.44,16.0,37,10.8,8.75,15.25,16.0,37,10.8,10.0,16.0,16.0
CNQ,Hoch 5,16,1.4626655116183167,2.588801242706037,3.5809064191841493,5.562651696841496,6.963347846992519,8.410393325890754,9.632844694237956,16,18.8,2.75,4.31,6.12,16,0.0,3.12,5.25,6.38,16,0.0,3.38,5.38,6.88,16,0.0,4.38,6.31,7.5,16,0.0,5.25,7.62,9.38,15,0.0,5.25,8.75,10.1,15,0.0,5.25,8.75,16.0
CNQ,Hoch 6,9,1.8563655861287314,3.922233407568213,6.096817308295217,7.125787070165509,7.948164836211567,8.565014488690117,9.181864141168669,9,44.4,5.5,6.0,6.1,9,33.3,5.5,6.0,6.15,9,22.2,6.0,7.0,7.8,9,22.2,6.0,7.5,8.2,9,0.0,6.25,8.0,9.05,8,0.0,6.12,7.69,10.12,8,0.0,6.12,9.44,16.0
CNQ,Hoch 7,6,3.278707801236263,4.238027244346842,6.687654686393274,8.964931258768676,9.73046784144519,10.043222175819285,10.35597651019338,6,66.7,5.0,6.19,6.62,6,50.0,5.12,6.81,7.75,6,50.0,6.62,8.88,9.62,6,50.0,6.62,8.88,10.25,5,20.0,8.5,9.0,10.65,5,20.0,8.5,9.0,12.15,5,20.0,8.5,15.75,15.9
CNQ,Hoch 8,1,3.6536484665056155,3.6536484665056155,3.6536484665056155,3.6536484665056155,3.6536484665056155,3.6536484665056155,3.6536484665056155,1,0.0,1.5,1.5,1.5,1,0.0,2.5,2.5,2.5,1,0.0,3.5,3.5,3.5,1,0.0,3.5,3.5,3.5,1,0.0,3.5,3.5,3.5,1,0.0,5.75,5.75,5.75,1,0.0,5.75,5.75,5.75
COF,alle,557,0.7333429077212593,2.7129005582406904,4.271837713784344,6.551598901845804,10.405022169500498,13.322292556327215,39.78701533667218,557,29.8,3.0,4.5,6.75,557,20.6,3.75,5.75,9.0,556,15.3,4.25,6.5,10.25,552,13.0,4.75,7.5,11.5,546,10.1,5.25,9.25,15.0,535,7.7,6.25,11.0,16.0,532,5.8,7.25,13.0,16.0
COF,Hoch 1,265,0.7333429077212593,2.610513169335689,4.1082874276998185,6.4907084195489615,9.745718899275612,11.342279122198857,31.98580871350136,265,24.9,2.75,4.25,6.75,265,17.0,3.5,5.5,9.15,265,12.8,4.0,6.25,9.65,262,9.9,4.5,7.25,10.5,259,6.9,5.0,8.62,12.15,252,4.8,6.25,10.75,16.0,249,3.2,7.25,12.25,16.0
COF,Hoch 2,137,0.7623947115797611,2.8464561654775293,4.5501624134804715,6.982393863382704,11.129068801016743,13.397997669708895,21.22590139450379,137,34.3,3.25,4.75,7.6,137,24.1,4.0,6.0,9.1,136,20.6,4.5,6.81,11.0,135,19.3,5.0,7.5,12.3,133,15.8,5.75,9.75,15.0,130,11.5,6.5,11.0,16.0,130,8.5,7.0,13.25,16.0
COF,Hoch 3,63,0.9277845844997018,2.86456589092656,4.223948643800681,5.7737846075403825,9.80756116396746,12.272400433317038,19.815744308189252,63,33.3,3.0,4.25,5.7,63,22.2,3.75,5.5,7.7,63,14.3,4.0,5.62,9.6,63,12.7,4.5,7.25,11.0,62,9.7,5.62,9.44,16.0,61,8.2,6.0,10.75,16.0,61,8.2,6.0,12.5,16.0
COF,Hoch 4,37,1.20827060900819,3.3429417547919,4.892916628911097,6.381260368814493,7.947891779639513,8.792170341997382,17.877055928407284,37,35.1,3.25,5.0,5.75,37,24.3,3.75,5.5,7.1,37,13.5,4.75,6.25,7.8,37,8.1,5.25,7.75,10.65,37,8.1,7.5,10.75,15.85,37,8.1,8.0,14.25,16.0,37,8.1,8.75,16.0,16.0
COF,Hoch 5,21,1.181219351300837,2.547183679886351,5.396234530137985,7.144085016261485,13.752401306993827,18.019374119150793,21.259202344598542,21,28.6,3.25,5.5,6.75,21,23.8,3.5,6.75,11.25,21,19.0,5.25,7.0,13.75,21,19.0,5.25,8.5,16.0,21,9.5,6.75,9.25,16.0,21,4.8,7.75,12.0,16.0,21,4.8,8.25,12.0,16.0
COF,Hoch 6,15,1.8130913074174082,2.9862158611356797,4.401938342115457,10.753202353860928,20.655828934150005,27.104633438785083,39.78701533667218,15,33.3,3.25,6.0,8.35,15,26.7,3.75,7.5,13.4,15,20.0,4.25,10.62,16.0,15,20.0,4.25,11.12,16.0,15,20.0,4.25,11.12,16.0,15,20.0,10.25,12.12,16.0,15,13.3,10.5,15.88,16.0
COF,Hoch 7,7,1.1481006661409363,1.469565319660975,2.0532945035194583,11.720126912782174,27.616078368933024,33.05946577353886,38.50285317814473,7,28.6,2.0,5.12,10.05,7,28.6,2.0,9.5,16.0,7,28.6,2.0,9.5,16.0,7,28.6,2.0,9.5,16.0,7,28.6,2.0,9.5,16.0,7,28.6,3.0,12.88,16.0,7,14.3,3.0,12.88,16.0
COF,Hoch 8,5,0.9579020583178426,2.0530880208768587,3.9342031443965517,4.527849584164862,4.550949312989921,4.558649222598274,4.566349132206627,5,20.0,3.75,4.5,4.5,5,20.0,3.75,4.5,4.5,5,0.0,3.75,4.5,4.5,5,0.0,3.75,4.5,4.65,5,0.0,3.75,4.5,10.8,5,0.0,3.75,4.5,10.8,5,0.0,3.75,4.5,10.8
COF,Hoch 9,4,3.2200836196316556,3.237091755808525,3.9182514759440568,4.72025416616591,4.9479763940274095,5.023883803314575,5.099791212601742,4,50.0,3.62,4.62,4.85,4,25.0,3.75,4.62,4.85,4,0.0,3.75,4.62,4.85,4,0.0,4.75,5.31,5.88,4,0.0,4.75,5.81,7.28,4,0.0,4.75,5.81,7.28,4,0.0,4.75,5.81,7.28
COF,Hoch 10,2,4.8082242833339865,4.906634444929012,5.005044606524038,5.103454768119063,5.162500865076078,5.182182897395084,5.201864929714088,2,100.0,3.0,3.0,3.0,2,50.0,3.88,4.31,4.58,2,0.0,4.88,4.94,4.97,2,0.0,5.25,5.5,5.65,2,0.0,6.25,7.0,7.45,2,0.0,6.25,7.0,7.45,2,0.0,6.25,7.0,7.45
COF,Hoch 11,1,5.418071497334934,5.418071497334934,5.418071497334934,5.418071497334934,5.418071497334934,5.418071497334934,5.418071497334934,1,100.0,5.25,5.25,5.25,1,0.0,5.25,5.25,5.25,1,0.0,5.25,5.25,5.25,1,0.0,5.25,5.25,5.25,1,0.0,5.25,5.25,5.25,1,0.0,5.25,5.25,5.25,1,0.0,5.25,5.25,5.25
CON.DE,alle,534,0.5770200150933648,2.5679515376219184,4.214238579895383,6.987424883435175,10.004642765868413,13.047852400183194,36.99837110867076,534,28.7,3.0,4.5,6.0,534,20.6,3.62,5.5,8.25,534,15.4,4.0,6.75,9.92,531,13.4,4.5,8.0,11.75,528,11.6,5.25,9.25,15.25,518,9.3,6.25,11.75,16.0,512,8.0,7.0,15.0,16.0
CON.DE,Hoch 1,268,0.5770200150933648,2.505428430813144,4.210701271382036,6.9830866351580205,9.909682134758086,13.719177910516416,30.6652419141504,268,27.6,2.75,4.25,6.0,268,19.4,3.5,5.5,8.08,268,14.2,4.0,6.75,9.75,267,11.6,4.75,7.62,11.25,266,9.8,5.25,8.94,14.62,262,7.6,6.25,11.38,16.0,259,6.6,6.75,14.5,16.0
CON.DE,Hoch 2,136,0.6708711931179243,2.516616849414913,4.18473741896926,7.030718248964472,10.013378183272952,15.11905499977112,36.99837110867076,136,30.1,3.12,4.25,6.0,136,22.1,3.75,5.75,8.75,136,15.4,4.0,6.81,9.88,134,14.2,4.62,8.0,10.75,133,12.8,5.75,9.0,15.45,132,10.6,7.0,12.06,16.0,129,10.1,7.0,15.0,16.0
CON.DE,Hoch 3,64,1.0076566567202752,2.7006028066609264,4.4036792737371995,7.231388469234554,10.241307360561153,11.781392220336999,21.151341453602587,64,31.2,3.0,4.62,7.18,64,23.4,3.88,6.0,8.5,64,20.3,4.25,7.06,10.1,64,18.8,4.5,9.56,11.93,63,19.0,5.5,10.62,16.0,61,13.1,6.25,12.75,16.0,61,13.1,8.25,15.0,16.0
CON.DE,Hoch 4,34,1.263647153037845,2.663534689981545,3.9460675918807517,6.952668049857398,10.640712337348088,11.992806596961183,12.49545424614366,34,20.6,3.0,4.75,6.42,34,11.8,3.5,5.5,6.92,34,8.8,3.88,6.88,10.5,34,8.8,4.0,7.44,13.65,34,5.9,4.75,9.56,15.25,32,6.2,6.5,10.94,15.25,32,0.0,7.25,14.88,16.0
CON.DE,Hoch 5,22,1.703763399370969,3.2900022438030625,4.629460092232767,7.358998906262579,9.413247548893402,11.407015062715876,14.738700762660883,22,27.3,4.38,5.0,6.23,22,18.2,4.38,5.62,7.58,22,13.6,4.5,7.25,9.2,22,13.6,5.0,7.94,14.2,22,13.6,5.12,8.94,15.1,21,14.3,5.25,11.25,16.0,21,9.5,5.25,15.0,16.0
CON.DE,Hoch 6,6,2.534763582734974,3.394570000906731,3.7651948391377195,4.1771203858441694,6.896021581335125,8.231016914301932,9.56601224726874,6,33.3,3.0,3.38,5.25,6,33.3,3.38,3.69,5.75,6,16.7,3.75,4.0,6.75,6,16.7,3.75,7.38,12.25,6,16.7,4.0,7.38,12.25,6,16.7,4.0,13.0,16.0,6,16.7,4.0,13.0,16.0
CON.DE,Hoch 7,3,3.85530638267142,4.075135851951657,4.294965321231894,5.008506431791764,5.436631098127686,5.57933932023966,5.722047542351634,3,66.7,3.0,3.5,3.8,3,66.7,4.25,4.88,5.25,3,66.7,4.25,4.88,5.25,3,33.3,4.5,5.12,5.5,3,0.0,4.5,5.12,5.5,3,0.0,4.5,5.12,5.5,3,0.0,4.5,5.12,5.5
CON.DE,Hoch 8,1,5.06630503255541,5.06630503255541,5.06630503255541,5.06630503255541,5.06630503255541,5.06630503255541,5.06630503255541,1,100.0,2.75,2.75,2.75,1,100.0,4.75,4.75,4.75,1,100.0,5.0,5.0,5.0,1,100.0,5.0,5.0,5.0,1,0.0,5.0,5.0,5.0,1,0.0,5.0,5.0,5.0,1,0.0,5.0,5.0,5.0
COP,alle,577,0.7755912125756267,2.508503125212006,4.353476782286074,6.63166005015015,9.711587751595967,12.649622215605755,43.26833607421915,577,28.8,3.0,4.75,6.25,577,20.8,3.75,5.75,7.75,577,17.2,4.25,6.5,9.6,573,15.4,4.5,7.25,10.75,569,10.7,5.25,8.5,13.75,565,9.0,6.0,10.25,16.0,559,7.9,6.25,11.38,16.0
COP,Hoch 1,280,0.8607820354622885,2.5365427384264976,4.34086498952958,6.701156225013811,9.582083588513356,13.895260119731676,25.488477845969197,280,30.4,3.0,4.25,6.02,280,21.4,3.75,5.75,8.0,280,18.6,4.25,6.5,9.5,277,17.0,4.5,7.25,10.75,275,12.7,4.75,8.0,13.75,275,10.9,5.75,9.75,15.0,271,9.2,6.25,11.5,16.0
COP,Hoch 2,133,0.7755912125756267,2.7294827061692617,4.520312349971853,6.40090219941611,9.146638244153143,12.862353438103497,21.376956720630346,133,30.1,3.0,4.75,6.2,133,21.8,4.0,5.25,7.25,133,18.0,4.5,6.25,8.95,132,15.9,4.75,6.88,10.0,131,13.0,5.0,8.0,12.5,131,9.9,5.75,9.88,13.75,129,8.5,6.0,11.0,16.0
COP,Hoch 3,66,0.8610700535511463,2.2452071246293888,4.147030216754854,6.7515710596843315,10.194224462256702,11.061345171330494,41.13830717553246,66,25.8,3.25,5.19,6.5,66,18.2,3.38,6.19,10.0,66,13.6,4.0,6.69,10.0,66,12.1,4.25,6.94,10.38,66,4.5,5.25,8.94,11.12,65,4.6,6.0,9.75,16.0,65,4.6,6.0,10.5,16.0
COP,Hoch 4,42,1.0058224190165512,2.2865549038058828,3.0955622641046254,6.326268942670798,8.393937189635169,9.85317101111915,43.26833607421915,42,28.6,2.75,5.12,6.45,42,19.0,2.88,5.44,7.45,42,11.9,3.0,6.19,8.25,42,11.9,3.75,6.88,9.72,42,7.1,4.88,8.44,10.95,41,4.9,6.25,8.75,14.5,41,4.9,6.25,9.0,16.0
COP,Hoch 5,21,1.3256343045898633,2.2501747413074833,2.951163477692469,6.7765153300688095,7.506672266737582,7.899699111350406,11.546724275736524,21,19.0,2.75,5.25,6.25,21,19.0,2.75,5.25,6.75,21,14.3,2.75,6.75,7.5,21,9.5,4.0,7.75,10.75,21,4.8,6.0,10.0,11.5,20,5.0,7.38,10.31,11.95,20,5.0,7.5,10.31,11.95
COP,Hoch 6,11,1.2198753757443535,2.4199986728541667,3.740131048764207,5.667922671668893,8.223165836203846,9.359020773820715,10.494875711437585,11,9.1,2.75,3.25,4.0,11,9.1,3.0,4.38,6.5,11,9.1,3.5,5.5,8.0,11,9.1,4.0,6.75,12.0,11,0.0,4.75,8.12,12.0,10,0.0,8.38,9.69,12.4,10,0.0,8.38,9.75,12.4
COP,Hoch 7,8,2.0490783443157343,4.437627134213056,5.869559757838287,7.3426458802473284,8.837758745955593,9.589026371808197,10.340293997660805,8,37.5,4.38,5.81,7.58,8,37.5,4.88,6.38,7.65,8,25.0,5.75,7.25,8.67,8,25.0,5.75,8.56,11.07,7,0.0,6.0,9.62,13.15,7,0.0,9.5,11.12,13.75,7,0.0,9.5,11.12,13.75
COP,Hoch 8,5,0.9163796998655548,4.959267569377128,4.966620684980019,5.927706339383525,8.442155768933759,9.280305578783835,10.118455388633913,5,20.0,3.75,4.75,5.2,5,0.0,4.75,5.5,6.7,5,0.0,4.75,5.75,8.3,5,0.0,4.75,5.75,11.6,5,0.0,8.5,11.0,14.0,5,0.0,11.25,12.0,14.4,5,0.0,11.25,12.0,14.4
COP,Hoch 9,3,1.2386709579280764,3.1751017333949956,5.111532508861915,7.9293077119909725,9.619972833868408,10.183527874494217,10.74708291512003,3,66.7,3.25,3.62,3.85,3,66.7,5.0,5.75,6.2,3,66.7,5.0,7.75,9.4,3,33.3,5.0,9.75,12.6,3,33.3,9.5,12.75,14.7,3,33.3,12.5,14.25,15.3,3,33.3,12.5,14.25,15.3
COP,Hoch 10,2,1.5724386808989765,3.85516500691896,6.137891332938943,8.420617658958927,9.790253454570916,10.246798719774912,10.70334398497891,2,50.0,3.38,4.31,4.88,2,50.0,4.25,5.62,6.45,2,50.0,6.0,8.25,9.6,2,50.0,8.75,12.38,14.55,2,50.0,15.0,15.5,15.8,2,50.0,16.0,16.0,16.0,2,50.0,16.0,16.0,16.0
COP,Hoch 11,1,1.4844819748013918,1.4844819748013918,1.4844819748013918,1.4844819748013918,1.4844819748013918,1.4844819748013918,1.4844819748013918,1,0.0,1.25,1.25,1.25,1,0.0,1.25,1.25,1.25,1,0.0,1.25,1.25,1.25,1,0.0,1.25,1.25,1.25,1,0.0,14.5,14.5,14.5,1,0.0,16.0,16.0,16.0,1,0.0,16.0,16.0,16.0
COP,Hoch 12,1,2.0913908039982223,2.0913908039982223,2.0913908039982223,2.0913908039982223,2.0913908039982223,2.0913908039982223,2.0913908039982223,1,0.0,2.0,2.0,2.0,1,0.0,2.0,2.0,2.0,1,0.0,2.0,2.0,2.0,1,0.0,3.5,3.5,3.5,1,0.0,16.0,16.0,16.0,1,0.0,16.0,16.0,16.0,1,0.0,16.0,16.0,16.0
COP,Hoch 13,1,5.507381703698463,5.507381703698463,5.507381703698463,5.507381703698463,5.507381703698463,5.507381703698463,5.507381703698463,1,0.0,1.25,1.25,1.25,1,0.0,3.75,3.75,3.75,1,0.0,5.5,5.5,5.5,1,0.0,15.75,15.75,15.75,1,0.0,16.0,16.0,16.0,1,0.0,16.0,16.0,16.0,1,0.0,16.0,16.0,16.0
COP,Hoch 14,1,5.773537923036194,5.773537923036194,5.773537923036194,5.773537923036194,5.773537923036194,5.773537923036194,5.773537923036194,1,0.0,1.25,1.25,1.25,1,0.0,4.0,4.0,4.0,1,0.0,5.75,5.75,5.75,1,0.0,16.0,16.0,16.0,1,0.0,16.0,16.0,16.0,1,0.0,16.0,16.0,16.0,1,0.0,16.0,16.0,16.0
COP,Hoch 15,1,9.056340576474724,9.056340576474724,9.056340576474724,9.056340576474724,9.056340576474724,9.056340576474724,9.056340576474724,1,0.0,4.0,4.0,4.0,1,0.0,7.5,7.5,7.5,1,0.0,9.0,9.0,9.0,1,0.0,16.0,16.0,16.0,1,0.0,16.0,16.0,16.0,1,0.0,16.0,16.0,16.0,1,0.0,16.0,16.0,16.0
COP,Hoch 16,1,13.32310483391501,13.32310483391501,13.32310483391501,13.32310483391501,13.32310483391501,13.32310483391501,13.32310483391501,1,0.0,7.0,7.0,7.0,1,0.0,7.5,7.5,7.5,1,0.0,13.25,13.25,13.25,1,0.0,16.0,16.0,16.0,1,0.0,16.0,16.0,16.0,1,0.0,16.0,16.0,16.0,1,0.0,16.0,16.0,16.0
COST,alle,531,0.6663852316846975,2.1612578320528275,3.693621585834563,6.417851262634494,9.182829704557049,10.702007273623906,19.454706142578637,531,26.4,2.5,4.38,6.25,531,15.3,3.25,5.5,8.0,531,11.1,3.5,6.25,9.0,530,8.9,3.75,6.69,9.75,528,4.9,4.25,7.56,11.08,522,3.3,4.5,8.5,11.5,514,2.3,4.75,8.75,12.25
COST,Hoch 1,231,0.6663852316846975,2.1385826747939927,3.542117904521835,6.093151012936509,8.948155557170018,10.313564474187352,17.63994285644831,231,30.3,2.5,4.25,6.0,231,18.6,2.75,5.0,7.75,231,13.4,3.5,6.0,8.75,230,10.4,3.75,6.44,9.02,229,5.7,4.0,6.75,9.75,228,3.9,4.25,8.0,10.33,223,3.1,4.5,8.12,11.5
COST,Hoch 2,114,0.8182507641407091,1.8359875093174982,3.404858944801684,6.060700926306326,8.6849026903172,10.188834534353532,19.454706142578637,114,18.4,2.12,3.25,5.43,114,8.8,3.0,5.0,6.93,114,7.0,3.25,6.0,8.5,114,7.0,3.5,6.44,9.75,113,2.7,3.5,6.5,10.4,111,0.0,3.5,7.25,11.25,109,0.0,3.75,7.75,11.45
COST,Hoch 3,75,0.7208177875283017,2.3323075715747557,3.593417360491363,6.602533801540794,9.185312074981733,10.186965113053459,17.70036189463827,75,17.3,2.75,4.12,5.5,75,8.0,3.25,5.62,8.65,75,5.3,3.5,6.5,9.05,75,2.7,3.5,7.25,9.9,75,1.3,4.0,8.5,10.55,74,1.4,3.88,8.5,11.28,73,0.0,4.25,8.75,11.5
COST,Hoch 4,45,0.7717244592531423,2.0759523087448466,4.560583588113267,7.288286856277759,9.73669922844286,11.815896721581046,16.8862525226279,45,31.1,3.0,5.25,6.65,45,22.2,4.25,6.25,9.3,45,20.0,4.5,7.25,9.65,45,17.8,5.0,8.0,11.2,45,13.3,5.75,9.25,13.9,44,11.4,5.75,9.31,14.35,44,9.1,6.0,10.19,15.78
COST,Hoch 5,27,1.1421975945634624,1.8291470442169744,2.9776270398149607,7.204155604163514,9.641808900331254,11.221611497147178,17.34345839746228,27,33.3,2.75,4.38,7.0,27,22.2,2.75,5.25,8.4,27,11.1,2.75,7.12,9.6,27,7.4,3.0,7.12,9.6,27,7.4,4.25,8.75,10.8,26,7.7,4.5,9.0,11.38,26,3.8,4.75,9.56,11.38
COST,Hoch 6,18,2.17345468210508,2.9896839707877088,3.8365168070552196,4.757786439645683,7.616564693864224,8.29932231549878,11.146043041245106,18,27.8,2.88,3.94,6.45,18,16.7,3.75,4.5,6.45,18,5.6,3.75,4.69,7.58,18,5.6,3.88,4.94,7.75,18,0.0,4.25,5.88,11.07,18,0.0,5.75,8.12,11.48,18,0.0,5.75,8.12,11.48
COST,Hoch 7,11,2.685133522616623,4.0934693827826,5.012853812383748,5.40757307359341,11.623027826120103,13.54674040359242,15.470452981064735,11,27.3,3.75,4.12,5.0,11,9.1,4.5,5.0,5.5,11,9.1,5.0,5.25,11.5,11,0.0,5.0,5.88,11.5,11,0.0,5.0,9.12,11.5,11,0.0,7.0,10.25,11.5,11,0.0,7.0,10.25,11.5
COST,Hoch 8,7,4.570143105622385,5.476053476503792,6.229617402581255,8.46043281102311,12.489659717888744,14.126681307307111,15.763702896725489,7,42.9,5.75,8.0,10.9,7,14.3,5.75,8.12,12.45,7,14.3,6.0,8.38,12.45,7,14.3,6.0,11.12,15.85,7,14.3,6.5,12.0,15.85,7,0.0,8.25,13.5,15.85,7,0.0,8.25,13.5,15.85
COST,Hoch 9,2,8.152426242744895,10.301507661839636,12.450589080934376,14.599670500029116,15.889119351485963,16.31893563530491,16.74875191912386,2,50.0,12.0,14.0,15.2,2,50.0,12.0,14.0,15.2,2,50.0,12.0,14.0,15.2,2,50.0,12.0,14.0,15.2,2,0.0,12.0,14.0,15.2,2,0.0,12.0,14.0,15.2,2,0.0,12.0,14.0,15.2
COST,Hoch 10,1,6.315382255659306,6.315382255659306,6.315382255659306,6.315382255659306,6.315382255659306,6.315382255659306,6.315382255659306,1,100.0,6.25,6.25,6.25,1,0.0,6.25,6.25,6.25,1,0.0,6.25,6.25,6.25,1,0.0,6.25,6.25,6.25,1,0.0,6.25,6.25,6.25,1,0.0,6.25,6.25,6.25,1,0.0,6.25,6.25,6.25
CPRT,alle,530,0.5296129561529891,2.382968919830996,3.9532715587182916,6.826078746220897,9.875380969953847,13.061859618425897,32.180147444926305,530,25.5,2.75,4.5,6.5,530,15.7,3.5,5.75,8.53,529,11.2,3.75,6.75,9.75,528,9.5,4.12,7.5,11.5,523,7.5,4.75,9.0,14.95,518,4.2,5.5,10.0,16.0,511,3.1,6.25,10.75,16.0
CPRT,Hoch 1,237,0.5296129561529891,2.246305231804413,3.7171938879456707,6.037056313996829,9.13967225997874,9.97033089450303,19.501227146940607,237,26.6,2.5,4.0,5.6,237,18.6,3.25,5.0,7.85,236,13.1,3.5,6.0,9.0,235,11.5,3.75,6.88,9.5,233,9.4,4.25,8.0,11.75,229,5.7,4.75,9.0,13.4,223,3.6,5.25,9.0,13.95
CPRT,Hoch 2,128,0.7388912789625716,2.5332686149953205,4.200307899892931,7.17213755174434,9.552315348739068,11.916066901504863,19.975057844305827,128,27.3,3.0,4.56,6.25,128,15.6,3.62,6.0,8.15,128,10.2,4.0,7.0,9.47,128,9.4,4.5,7.5,11.75,126,5.6,4.88,8.5,14.75,126,3.2,6.12,9.69,16.0,125,2.4,6.5,9.75,16.0
CPRT,Hoch 3,76,0.9265445280224653,2.652977935894528,4.230295518959158,7.9504912726040935,10.639337555998745,12.963326726883771,20.381373532119273,76,22.4,3.0,4.06,7.25,76,13.2,3.75,6.25,9.38,76,9.2,4.12,7.81,10.5,76,6.6,4.12,8.56,12.62,75,5.3,6.25,10.12,16.0,74,2.7,6.88,11.12,16.0,74,2.7,7.62,11.88,16.0
CPRT,Hoch 4,37,0.8960769807143905,2.878427544389621,4.841272758963562,8.256407044012802,13.158301163016953,18.233704403928787,26.214549033879734,37,24.3,3.25,5.0,6.35,37,8.1,4.25,6.5,9.85,37,5.4,4.75,8.25,13.1,37,2.7,5.0,8.5,13.85,37,2.7,5.75,9.25,16.0,37,0.0,6.25,14.5,16.0,37,0.0,8.0,14.5,16.0
CPRT,Hoch 5,20,1.5330741466827802,3.004988998076713,5.024595292597837,9.20929436705935,14.854262236602292,18.457520536180745,26.863976020017795,20,25.0,3.38,5.62,8.53,20,15.0,4.25,6.69,10.6,20,15.0,4.88,9.06,14.65,20,10.0,5.0,9.06,14.65,20,10.0,6.38,12.0,16.0,20,10.0,7.0,15.62,16.0,20,10.0,8.62,15.62,16.0
CPRT,Hoch 6,12,1.5738581894240078,2.9082090755214596,5.576007153147948,8.962102102282309,14.650906509242105,21.46807824271339,29.139866413166462,12,25.0,3.5,5.31,7.53,12,8.3,4.5,6.25,9.62,12,8.3,5.5,8.81,14.48,12,8.3,5.5,9.88,14.53,12,8.3,9.12,13.06,15.73,12,0.0,9.75,16.0,16.0,12,0.0,10.12,16.0,16.0
CPRT,Hoch 7,7,0.7939952410147029,1.3581194785585193,3.1428603557560586,5.214395881819304,16.76446945574242,24.472308450334342,32.180147444926305,7,0.0,1.25,3.88,6.1,7,0.0,3.0,3.88,8.8,7,0.0,3.0,5.0,10.15,7,0.0,3.0,6.38,11.8,7,0.0,3.75,12.25,15.7,7,0.0,3.75,13.12,16.0,7,0.0,8.0,13.5,16.0
CPRT,Hoch 8,5,1.6236494745563879,1.7999967302603088,2.998571803634438,6.970246564946768,18.9362755573555,22.924951888158407,26.91362821896132,5,20.0,2.75,6.75,10.65,5,0.0,2.75,6.75,12.3,5,0.0,2.75,6.75,12.3,5,0.0,2.75,12.5,14.6,5,0.0,3.25,16.0,16.0,5,0.0,3.25,16.0,16.0,5,0.0,11.0,16.0,16.0
CPRT,Hoch 9,5,2.1978038824904664,2.401879108588898,3.1818189174349043,6.639037468055351,16.72147272529036,20.08228447770203,23.443096230113703,5,20.0,2.25,6.5,11.45,5,20.0,3.0,6.5,12.2,5,20.0,3.0,6.5,12.2,5,20.0,3.5,12.75,14.7,5,20.0,3.5,16.0,16.0,5,20.0,3.5,16.0,16.0,5,20.0,12.0,16.0,16.0
CPRT,Hoch 10,3,3.0631812018129527,3.8624219107954447,4.661662619777936,14.690130561052477,20.707211325817205,22.71290491407211,24.71859850232702,3,33.3,3.0,9.5,13.4,3,33.3,4.25,10.12,13.65,3,33.3,4.5,10.25,13.7,3,33.3,5.0,10.5,13.8,3,33.3,5.0,10.5,13.8,3,0.0,5.0,10.5,13.8,3,0.0,12.75,14.38,15.35
CRM,alle,512,0.6240047970613264,2.370060013792972,4.058767105840856,6.675609620141845,9.437063804324808,13.539458491616157,25.6530407565089,512,29.7,3.0,4.75,6.73,512,19.3,3.5,5.5,7.98,512,15.4,4.0,6.5,9.25,509,13.0,4.25,7.0,12.0,507,10.7,5.0,8.5,13.5,499,7.6,5.5,9.5,14.25,495,6.3,5.75,10.5,14.75
CRM,Hoch 1,251,0.7377958636458953,2.131503177434925,4.061783550374366,6.385729342447155,9.443535752088444,12.667220359404176,22.040512387186684,251,27.1,2.75,4.25,6.75,251,18.3,3.5,5.25,7.5,251,15.5,4.0,6.25,9.25,249,13.7,4.25,6.75,10.25,247,11.3,4.75,7.38,11.85,242,8.7,5.0,8.75,13.0,240,6.7,5.25,10.25,14.25
CRM,Hoch 2,121,0.6240047970613264,2.2608722026952006,4.088682838133328,6.924497357636236,9.944396330752932,14.092090813831481,20.439641616835605,121,35.5,3.25,5.25,6.25,121,26.4,3.75,6.25,8.0,121,19.0,4.0,6.75,9.75,120,15.8,4.75,7.5,12.55,120,13.3,5.38,8.62,13.55,119,9.2,5.75,9.75,14.35,117,7.7,6.0,11.0,14.85
CRM,Hoch 3,63,0.6493373527308396,2.5139080572799966,3.889084816013824,6.536278650206697,8.591702486421347,11.845236595342982,25.6530407565089,63,34.9,3.25,5.0,6.75,63,19.0,3.5,5.12,7.75,63,14.3,3.75,6.38,8.45,63,12.7,4.0,7.62,12.6,63,9.5,5.25,8.88,13.9,61,4.9,5.25,10.5,14.25,61,4.9,6.25,11.5,14.25
CRM,Hoch 4,33,1.5098287367979761,2.6369908986647363,3.678434292797813,5.422676468851401,6.75543606549626,7.586856134102844,14.402511130789408,33,21.2,3.25,4.0,5.2,33,9.1,3.5,4.0,5.2,33,6.1,3.5,5.25,6.7,33,3.0,3.75,6.0,12.9,33,0.0,5.0,8.0,14.25,33,0.0,5.0,9.25,14.45,33,0.0,5.25,10.25,15.3
CRM,Hoch 5,20,1.5620742724412262,3.5494883488167934,4.240995994513092,6.0353225288216095,8.066696948161168,11.389608083509478,14.909234361567508,20,35.0,3.38,4.19,6.53,20,15.0,3.88,4.75,6.53,20,15.0,4.12,6.0,7.85,20,10.0,4.25,6.0,7.85,20,10.0,6.25,8.56,11.08,20,10.0,6.25,8.56,12.05,20,10.0,6.75,10.31,14.53
CRM,Hoch 6,9,0.9855209409468391,3.0004731261366424,5.186609631342565,5.989012001903685,7.5702438312759925,8.26807487353888,8.965905915801772,9,11.1,3.5,4.0,4.3,9,0.0,3.5,5.5,5.85,9,0.0,5.0,5.75,7.35,9,0.0,5.25,5.75,9.75,9,0.0,5.75,8.75,13.2,9,0.0,5.75,8.75,13.2,9,0.0,6.5,12.5,16.0
CRM,Hoch 7,7,1.2207252189064348,4.3760317143650065,8.08888207335086,9.406832470804922,11.580067217255067,12.663581356038609,13.747095494822158,7,28.6,3.5,4.88,6.45,7,14.3,6.0,7.62,8.3,7,14.3,8.0,9.25,11.4,7,0.0,8.0,9.38,12.4,7,0.0,8.0,10.0,12.4,7,0.0,8.0,10.0,12.4,7,0.0,10.0,13.0,16.0
CRM,Hoch 8,3,1.9212728790617062,5.650044576756887,9.378816274452069,13.959375836543046,16.707711573797635,17.62382348621583,18.539935398634025,3,0.0,2.75,3.0,3.15,3,0.0,7.25,9.0,10.05,3,0.0,9.25,12.62,14.65,3,0.0,10.0,13.0,14.8,3,0.0,10.75,13.38,14.95,3,0.0,10.75,13.38,14.95,3,0.0,10.75,13.38,14.95
CRM,Hoch 9,2,8.85592152450511,11.668865673731652,14.481809822958192,17.294753972184733,18.982520461720657,19.545109291565964,20.107698121411275,2,0.0,7.0,9.0,10.2,2,0.0,10.38,11.31,11.88,2,0.0,12.38,14.19,15.28,2,0.0,13.0,14.5,15.4,2,0.0,13.0,14.5,15.4,2,0.0,13.0,14.5,15.4,2,0.0,13.0,14.5,15.4
CRM,Hoch 10,2,8.348653705024672,11.532975608005898,14.717297510987123,17.90161941396835,19.812212555757085,20.44907693635333,21.085941316949576,2,50.0,9.12,10.69,11.62,2,50.0,12.0,14.0,15.2,2,50.0,12.12,14.06,15.22,2,50.0,12.62,14.31,15.32,2,50.0,12.62,14.31,15.32,2,50.0,12.62,14.31,15.32,2,50.0,12.62,14.31,15.32
CRM,Hoch 11,1,8.32453781093107,8.32453781093107,8.32453781093107,8.32453781093107,8.32453781093107,8.32453781093107,8.32453781093107,1,100.0,6.75,6.75,6.75,1,100.0,8.0,8.0,8.0,1,100.0,8.25,8.25,8.25,1,100.0,9.25,9.25,9.25,1,100.0,9.25,9.25,9.25,1,0.0,9.25,9.25,9.25,1,0.0,9.25,9.25,9.25
CRWD,alle,203,0.6911721687395027,2.3737113697676246,4.126216640502355,6.721737870501474,10.745969950183666,12.493323533953491,18.140207893648398,203,26.1,3.0,4.5,6.45,203,16.7,3.5,5.75,9.0,203,14.8,4.0,6.62,10.7,200,12.0,4.25,8.0,11.27,197,10.2,5.25,8.75,12.25,193,6.7,6.75,10.5,12.5,186,4.3,7.0,10.75,12.75
CRWD,Hoch 1,93,0.6911721687395027,1.874206937585368,4.141518022935583,6.409853259319152,9.615803748690613,11.26574676653918,13.009491579822276,93,32.3,3.0,4.75,6.75,93,19.4,3.75,5.5,8.25,93,18.3,4.0,6.25,9.45,92,15.2,4.12,7.56,10.43,92,12.0,5.0,8.0,11.2,88,6.8,6.0,9.06,11.32,85,5.9,6.25,9.5,11.4
CRWD,Hoch 2,50,0.7203075437974645,2.241396727392506,3.9034550870362077,6.821260472267479,10.835276421953719,12.584078183616462,18.140207893648398,50,28.0,2.75,4.5,6.13,50,24.0,3.38,5.69,9.7,50,18.0,3.75,6.75,10.83,49,12.2,4.25,7.0,11.65,48,10.4,5.25,9.31,12.33,48,6.2,7.0,10.75,12.58,46,2.2,7.5,10.75,12.62
CRWD,Hoch 3,33,1.3596220414823856,2.5132507668913924,3.75584977460558,6.091395676910469,12.309993678824325,12.840835127318407,15.182748118601772,33,18.2,2.75,3.75,5.9,33,6.1,2.75,5.25,9.95,33,6.1,3.75,6.0,12.15,33,6.1,3.75,7.0,12.45,32,6.2,5.25,10.12,12.48,32,6.2,7.25,10.69,12.48,30,3.3,7.25,10.38,12.58
CRWD,Hoch 4,14,2.112764740788693,2.906035839941318,5.148408731227532,8.125738191079918,11.05780235554294,12.117727926204925,13.71057737893272,14,7.1,2.88,3.19,4.5,14,7.1,3.0,4.5,8.28,14,7.1,5.0,7.94,11.03,14,7.1,5.12,9.81,11.03,13,7.7,5.75,10.5,12.05,13,7.7,9.75,11.5,12.85,13,0.0,9.75,12.25,13.0
CRWD,Hoch 5,8,2.3558158101596254,3.516328877344006,5.582533448695404,8.310206970147465,10.771384613381063,13.109424402868168,15.44746419235528,8,0.0,3.12,4.0,4.83,8,0.0,4.5,6.38,8.32,8,0.0,5.38,8.19,10.7,7,0.0,6.0,9.12,11.8,7,0.0,8.0,10.12,13.0,7,0.0,11.5,11.88,13.3,7,0.0,11.5,13.0,14.5
CRWD,Hoch 6,4,3.0229240511925504,5.558354267450922,7.782353897479962,10.747855167841815,13.603816250195901,14.555803277647259,15.507790305098624,4,50.0,4.0,4.31,4.88,4,25.0,5.38,8.31,11.13,4,25.0,7.62,10.62,13.55,4,25.0,8.5,11.56,13.93,4,25.0,9.38,12.88,14.45,4,25.0,11.25,12.88,14.45,4,25.0,11.25,12.88,14.45
CRWD,Hoch 7,1,3.7227217242932626,3.7227217242932626,3.7227217242932626,3.7227217242932626,3.7227217242932626,3.7227217242932626,3.7227217242932626,1,0.0,3.5,3.5,3.5,1,0.0,3.5,3.5,3.5,1,0.0,3.5,3.5,3.5,1,0.0,3.5,3.5,3.5,1,0.0,6.0,6.0,6.0,1,0.0,11.5,11.5,11.5,1,0.0,11.5,11.5,11.5
CSCO,alle,588,0.7189651926067949,2.458680441048112,4.084289294552775,7.4523769401574524,10.99685620052382,13.370187418084763,23.293601686344367,588,26.4,2.75,4.75,7.75,588,17.7,3.5,6.0,10.0,588,12.9,4.0,7.25,10.83,585,10.6,4.5,8.25,12.75,579,7.9,5.5,10.0,13.75,573,5.6,6.75,11.25,15.0,566,3.7,7.25,12.0,16.0
CSCO,Hoch 1,269,0.7189651926067949,2.2551778637997497,4.004285596683538,7.227249203001455,10.666766410325074,12.323847811280183,20.370485832949758,269,24.9,2.75,4.5,7.05,269,17.8,3.5,5.75,9.25,269,14.1,4.0,7.0,10.5,268,11.6,4.75,7.5,11.25,267,9.7,5.5,8.75,12.75,263,6.1,6.0,10.25,13.75,262,3.4,6.75,11.0,14.7
CSCO,Hoch 2,144,0.8534007267241386,2.5394002374839464,4.324176742102072,7.620769871006408,11.523853500399737,13.356417445880378,23.293601686344367,144,27.1,2.75,5.0,8.0,144,16.7,3.62,6.56,10.25,144,11.1,4.25,7.5,11.35,143,10.5,4.75,8.62,13.0,141,7.1,6.0,10.5,14.0,139,5.8,6.75,11.62,15.1,137,4.4,8.0,13.0,16.0
CSCO,Hoch 3,73,0.8416868955907507,2.443648603042899,3.972296109740476,7.55340322796069,10.973010187220142,13.071957525626782,15.842201609918902,73,27.4,3.0,4.5,7.5,73,16.4,3.5,6.0,9.95,73,8.2,3.75,7.5,10.95,73,8.2,4.0,8.0,12.65,72,5.6,5.38,10.56,14.0,72,2.8,6.25,11.81,15.2,70,1.4,7.25,13.31,16.0
CSCO,Hoch 4,41,1.0484434048574933,2.4543270526178973,3.39010243467321,6.5514352765886645,11.657636938861174,15.248661842869085,15.816949922510034,41,29.3,2.75,4.25,8.5,41,17.1,3.25,5.5,11.0,41,12.2,3.25,6.5,11.5,41,4.9,3.5,6.5,14.75,40,2.5,4.62,8.56,16.0,40,2.5,5.25,11.69,16.0,39,2.6,6.5,11.88,16.0
CSCO,Hoch 5,26,1.1313057724880307,2.970993579886395,4.003126256052326,6.212080036638723,12.91302863986657,15.80321502144729,21.670898225653037,26,19.2,3.25,4.94,9.12,26,7.7,3.62,4.94,11.0,26,3.8,3.88,6.12,12.75,26,3.8,4.0,8.69,13.88,25,4.0,5.0,10.75,16.0,25,4.0,7.75,12.5,16.0,24,0.0,7.88,13.38,16.0
CSCO,Hoch 6,17,1.228069556760182,3.2986051357062514,4.278580090578204,7.399194759058294,10.417659266922335,13.918989207341863,16.25731947486119,17,29.4,3.25,4.25,9.55,17,29.4,4.0,5.25,10.05,17,23.5,4.25,7.25,10.25,16,18.8,4.5,8.75,13.88,16,12.5,6.62,10.44,14.12,16,12.5,7.88,10.81,16.0,16,12.5,9.0,13.12,16.0
CSCO,Hoch 7,7,2.6398613395883235,3.586870133785659,4.1260767709307125,8.772618967900959,12.221668773187854,12.815470330571554,13.409271887955256,7,57.1,3.75,4.88,7.6,7,42.9,3.75,6.0,8.9,7,42.9,4.0,8.62,12.05,7,42.9,9.5,12.88,14.9,7,14.3,10.0,12.88,14.9,7,14.3,11.25,13.62,15.4,7,14.3,11.25,15.5,16.0
CSCO,Hoch 8,6,3.3717332664341892,4.722122084761691,7.551299985339828,10.64920658725604,11.512449177851359,11.564497733661664,11.616546289471971,6,33.3,3.88,5.5,7.12,6,33.3,4.88,5.94,7.12,6,33.3,7.38,10.5,11.38,6,16.7,9.75,11.44,12.62,6,16.7,10.5,11.44,12.62,6,16.7,11.38,11.69,13.0,6,16.7,11.38,13.56,15.12
CSCO,Hoch 9,3,8.013767903672765,8.505731038777167,8.99769417388157,9.055218018547613,9.089732325347239,9.101237094280448,9.112741863213657,3,0.0,3.25,6.0,7.65,3,0.0,8.75,8.88,8.95,3,0.0,8.75,8.88,8.95,3,0.0,8.75,8.88,8.95,3,0.0,9.0,10.75,11.8,3,0.0,9.0,10.75,11.8,3,0.0,9.0,10.75,11.8
CSCO,Hoch 10,2,8.586840309472743,8.875574910797186,9.16430951212163,9.453044113446072,9.626284874240739,9.684031794505627,9.741778714770515,2,50.0,4.62,4.81,4.92,2,50.0,8.12,8.81,9.22,2,50.0,9.0,9.25,9.4,2,0.0,10.75,11.38,11.75,2,0.0,11.38,12.31,12.88,2,0.0,11.38,12.31,12.88,2,0.0,11.38,12.31,12.88
CSGP,alle,483,0.7795728292988875,2.4365502797642073,3.928138073707998,6.8488622497622185,9.918977053216345,12.544122261566333,22.29212421358924,483,29.8,3.0,4.5,6.5,483,21.5,3.5,6.0,8.45,483,18.2,3.75,6.75,9.75,483,14.5,4.25,7.25,11.5,477,8.6,5.25,8.25,12.5,470,5.1,6.25,9.5,14.5,466,3.6,6.5,11.0,15.0
CSGP,Hoch 1,234,0.7898047697140584,2.3208982616575295,3.9314760528163237,6.8619025976581876,9.60535246583145,11.70892624966759,18.42783587470266,234,29.9,2.75,4.5,6.68,234,23.9,3.5,6.0,8.0,234,20.1,3.75,6.75,9.5,234,16.7,4.25,7.0,10.0,228,9.2,5.5,7.75,11.75,222,5.4,6.0,8.5,14.18,219,4.1,6.5,10.0,14.5
CSGP,Hoch 2,118,0.7795728292988875,2.4276298793465547,4.019605703949402,6.4794946651663885,9.729425381887186,11.271193168726386,20.314119531288828,118,30.5,3.0,4.19,6.0,118,20.3,3.5,5.25,7.97,118,16.9,4.0,6.44,9.5,118,10.2,4.25,7.0,11.37,118,6.8,5.38,8.75,13.0,117,4.3,6.25,9.75,14.1,116,2.6,6.62,11.12,14.62
CSGP,Hoch 3,60,0.8410014953586349,2.5495726603356306,3.945938400559336,7.269156779265228,12.778046364317824,16.548138560125025,22.29212421358924,60,28.3,3.0,4.75,6.28,60,20.0,3.75,5.81,8.03,60,16.7,3.75,7.25,12.63,60,15.0,4.5,7.56,12.75,60,10.0,5.5,10.56,15.0,60,5.0,7.5,12.5,16.0,60,3.3,7.5,13.19,16.0
CSGP,Hoch 4,32,1.265630284543312,2.7035329691953907,3.7643525647431724,6.9726279388046235,11.869430363071608,13.909481658724374,16.395123992295108,32,28.1,3.25,4.25,6.23,32,15.6,3.62,6.12,8.5,32,12.5,3.75,6.75,11.65,32,12.5,3.75,7.0,11.98,32,6.2,4.25,10.94,13.63,32,6.2,6.25,11.81,14.43,32,6.2,6.25,11.81,15.1
CSGP,Hoch 5,14,1.1961485797816218,2.122909875067673,3.4857660592252278,7.059757472833872,9.573777877111802,10.846340621671873,12.628563138110433,14,28.6,2.75,4.06,5.2,14,21.4,2.88,6.38,9.0,14,21.4,3.25,6.94,9.45,14,14.3,3.25,7.69,11.35,14,14.3,3.5,7.94,11.35,14,7.1,4.62,8.75,11.5,14,7.1,5.12,9.88,11.5
CSGP,Hoch 6,11,0.8846441813720801,2.06720948667807,3.1444289402837446,6.849665880943179,8.545904383635426,10.358389508550617,12.170874633465809,11,27.3,2.5,3.5,5.0,11,18.2,2.5,5.25,7.5,11,18.2,3.0,6.75,8.5,11,18.2,3.0,6.75,8.5,11,9.1,3.25,6.75,8.5,11,9.1,5.25,8.38,8.75,11,0.0,5.25,8.62,9.25
CSGP,Hoch 7,7,2.8190025800532865,3.080238635269837,4.475892542183412,6.249235852446413,8.059299113001222,8.574266357896201,9.089233602791184,7,28.6,2.75,4.5,6.35,7,28.6,4.25,6.12,7.95,7,28.6,4.25,6.12,7.95,7,28.6,4.25,6.12,7.95,7,14.3,4.25,6.12,7.95,7,0.0,7.25,8.25,9.4,7,0.0,9.0,9.5,10.2
CSGP,Hoch 8,4,3.264256174752847,4.7285557234395705,5.2421079265512285,5.776660541423144,6.693041011803643,6.998501168597142,7.303961325390642,4,50.0,4.0,4.44,4.78,4,0.0,5.12,5.75,6.65,4,0.0,5.12,5.75,6.65,4,0.0,5.12,5.75,6.65,4,0.0,5.12,5.75,6.65,4,0.0,6.25,8.75,11.45,4,0.0,6.88,8.75,11.45
CSGP,Hoch 9,3,4.6479443687711575,4.767787134252958,4.887629899734759,6.279674665261265,7.114901524577169,7.39331047768247,7.671719430787771,3,33.3,4.5,6.0,6.9,3,0.0,4.75,6.12,6.95,3,0.0,4.75,6.12,6.95,3,0.0,4.75,6.12,6.95,3,0.0,4.75,6.12,6.95,3,0.0,7.5,9.75,11.1,3,0.0,8.0,10.0,11.2
CSX,alle,589,0.6769837657204874,2.265076613572844,3.7680074265853047,6.076618458607251,9.045393048386098,11.953954910382569,28.653825555418145,589,26.8,2.75,4.25,6.5,589,16.8,3.25,5.25,8.0,589,11.7,3.75,6.0,8.85,586,9.4,4.0,7.0,10.88,581,6.2,4.5,8.0,13.75,574,4.9,5.25,9.75,15.68,566,4.1,5.75,11.75,16.0
CSX,Hoch 1,283,0.7109095002494675,2.2972015588295784,3.8152692288922845,5.900766019612251,9.958015124273595,12.642816241427223,25.874606409586235,283,25.4,2.75,4.12,5.95,283,16.3,3.25,5.25,7.95,283,11.0,3.75,5.75,9.9,282,8.5,4.25,7.0,11.48,282,5.3,4.75,8.25,13.98,278,4.3,5.12,10.5,15.65,275,4.0,5.75,12.38,16.0
CSX,Hoch 2,137,0.7662908120564582,1.9575500467289737,3.684202910991793,6.522112154918948,10.044310880449022,13.905536197033957,21.13515422808767,137,30.7,2.5,4.25,6.5,137,21.2,3.25,5.75,8.25,137,15.3,3.5,6.5,9.85,136,11.8,3.88,7.5,10.25,135,8.1,5.0,9.25,14.45,134,7.5,5.62,11.38,16.0,133,6.0,6.5,13.5,16.0
CSX,Hoch 3,75,0.8538400383403345,2.3770650134495463,3.7527525082500546,6.212113505630095,8.361884503666753,11.318424420609126,19.814303094294182,75,24.0,2.75,4.12,6.55,75,12.0,3.5,5.5,7.9,75,10.7,3.75,6.12,8.3,75,10.7,3.75,6.88,10.4,74,8.1,4.25,7.69,13.28,73,6.8,5.0,8.0,15.6,71,5.6,5.75,11.12,16.0
CSX,Hoch 4,40,0.6769837657204874,1.854953055867302,3.550946359320481,5.131318634440463,8.50514303962972,10.947154488432814,28.653825555418145,40,30.0,2.25,4.25,7.05,40,17.5,3.38,5.06,7.53,40,10.0,3.5,5.06,8.35,40,7.5,3.75,6.44,9.25,39,5.1,4.25,6.88,9.8,38,2.6,4.5,7.94,12.85,37,0.0,4.5,8.25,16.0
CSX,Hoch 5,26,1.702087796523373,2.5529187627377112,3.6351447559786814,5.703630304380074,8.034325329111937,8.433023318515943,11.835827018512854,26,19.2,2.75,4.25,5.62,26,15.4,3.25,4.75,6.88,26,7.7,3.62,5.62,8.0,26,7.7,3.62,5.94,8.25,25,4.0,4.25,7.5,8.3,25,0.0,5.5,7.5,13.0,24,0.0,5.62,7.62,13.75
CSX,Hoch 6,16,1.9764843491570552,2.9275145851188813,3.398903454504558,6.572606397855269,7.336486411795537,8.165210304062278,9.937608756682641,16,25.0,3.25,5.19,7.0,16,18.8,3.25,5.38,7.0,16,12.5,3.25,6.44,7.25,16,6.2,3.88,6.44,7.25,15,6.7,4.75,7.5,8.45,15,0.0,6.5,8.0,9.35,15,0.0,6.75,8.0,9.35
CSX,Hoch 7,8,2.269710881351552,2.6122479719055063,4.294812624529342,5.0588466603451,7.053886631516618,7.073895719175691,7.093904806834764,8,37.5,4.25,4.25,4.77,8,12.5,4.25,4.69,6.22,8,12.5,4.25,4.94,7.0,7,14.3,4.25,5.62,7.0,7,0.0,4.25,5.75,7.85,7,0.0,7.25,8.12,10.95,7,0.0,7.25,8.12,10.95
CSX,Hoch 8,3,4.9373873765731675,5.031470699691211,5.125554022809255,6.484911282340493,7.300525638059234,7.572397089965482,7.844268541871729,3,66.7,4.75,5.88,6.55,3,0.0,4.75,5.88,6.55,3,0.0,5.0,6.38,7.2,3,0.0,5.0,6.5,7.4,3,0.0,5.0,6.5,7.4,3,0.0,5.0,6.5,7.4,3,0.0,5.0,6.5,7.4
CSX,Hoch 9,1,7.463081139717087,7.463081139717087,7.463081139717087,7.463081139717087,7.463081139717087,7.463081139717087,7.463081139717087,1,0.0,6.5,6.5,6.5,1,0.0,7.0,7.0,7.0,1,0.0,7.25,7.25,7.25,1,0.0,7.75,7.75,7.75,1,0.0,7.75,7.75,7.75,1,0.0,7.75,7.75,7.75,1,0.0,7.75,7.75,7.75
CTAS,alle,551,0.6586668035579193,2.2277405267268415,3.80864615156242,6.364815717281971,9.749051031470563,11.682717367795545,33.11417629721667,551,25.8,2.75,4.25,6.0,551,15.8,3.25,5.25,8.0,550,10.9,3.75,6.25,9.53,548,7.8,4.25,7.0,10.5,542,4.8,4.5,8.0,12.25,535,3.6,4.75,9.62,14.5,525,2.9,5.0,10.5,16.0
CTAS,Hoch 1,258,0.6586668035579193,1.9493824284419896,3.681742678009921,6.3771333816792914,9.17548587403196,10.765480373786941,18.874020464299875,258,26.0,2.75,4.25,5.75,258,16.3,3.12,5.25,7.75,257,10.5,3.5,6.25,9.0,257,7.4,4.0,7.0,9.85,253,4.7,4.25,8.0,11.45,249,3.6,4.25,9.75,13.75,244,2.5,4.25,10.06,15.75
CTAS,Hoch 2,132,0.8292491567343927,2.384084386765571,3.962388533802297,6.302739023106464,10.039080800425165,12.106145395707747,29.722134315498575,132,23.5,2.75,4.5,6.2,132,12.9,3.5,5.25,8.0,132,8.3,3.75,6.25,9.98,131,5.3,4.25,7.0,11.0,130,3.1,4.75,7.94,13.03,128,1.6,5.0,10.19,14.75,126,1.6,5.0,10.94,16.0
CTAS,Hoch 3,77,0.8593366538652528,2.386856302431358,3.80864615156242,7.306198192379421,11.24485910473717,13.736541380789708,26.255404946808756,77,29.9,2.75,4.25,7.45,77,20.8,3.25,5.5,10.5,77,16.9,3.75,7.25,11.1,76,11.8,4.38,7.81,12.5,75,9.3,5.25,9.12,13.8,74,6.8,5.38,10.19,15.43,72,5.6,5.5,11.88,16.0
CTAS,Hoch 4,41,0.7090396081435861,2.5732132944092987,3.6178106657126685,6.089840893184899,9.649531110805164,11.681261189468518,33.11417629721667,41,22.0,3.0,4.0,6.0,41,14.6,3.5,5.0,8.75,41,9.8,3.5,6.0,9.5,41,9.8,4.25,6.0,9.5,41,2.4,4.25,8.5,11.5,41,2.4,4.75,9.5,14.5,40,2.5,4.88,9.62,15.33
CTAS,Hoch 5,21,1.4835384710614303,2.7125716775206086,3.6639086825456837,5.034591017362199,5.799276652421532,6.129143490297974,7.038848451592119,21,9.5,2.5,3.25,4.75,21,4.8,3.5,4.75,5.5,21,4.8,3.5,5.0,5.75,21,0.0,4.5,6.0,7.0,21,0.0,4.75,6.0,7.25,21,0.0,5.5,6.5,11.25,21,0.0,5.75,8.0,15.25
CTAS,Hoch 6,9,2.7734329674959906,4.768722350804812,5.943707231845121,6.103329043561092,7.119724739732697,7.163307927085999,7.2068911144392995,9,44.4,4.25,4.75,5.15,9,22.2,4.75,5.75,5.8,9,22.2,5.75,6.0,7.0,9,22.2,5.75,7.0,7.8,9,0.0,5.75,7.0,8.55,9,0.0,5.75,7.0,8.55,9,0.0,5.75,7.0,9.0
CTAS,Hoch 7,6,1.7671643268984565,4.144771372127374,6.650432187366974,10.064520645199739,11.581713645371536,11.798497090462904,12.015280535554272,6,33.3,3.5,6.0,7.5,6,16.7,6.0,9.56,11.25,6,0.0,6.5,9.94,11.5,6,0.0,8.38,10.75,11.5,6,0.0,8.88,11.75,12.75,6,0.0,8.88,11.75,12.75,6,0.0,8.88,11.75,14.0
CTAS,Hoch 8,3,3.5065463669416013,3.6085661104328426,3.710585853924084,5.750478741860113,6.974414474621731,7.382393052208935,7.790371629796142,3,33.3,3.5,3.88,4.1,3,33.3,3.5,4.62,5.3,3,33.3,3.5,5.62,6.9,3,33.3,3.5,7.25,9.5,3,33.3,3.5,9.12,12.5,3,33.3,3.5,9.12,12.5,3,33.3,3.5,9.75,13.5
CTAS,Hoch 9,3,4.498685144198941,5.222704333170013,5.9467235221410855,7.926102304832542,9.113729574447417,9.509605330985707,9.905481087523999,3,66.7,5.0,5.38,5.6,3,33.3,5.75,6.25,6.55,3,33.3,5.75,7.75,8.95,3,33.3,5.75,9.12,11.15,3,33.3,5.75,10.88,13.95,3,33.3,5.75,10.88,13.95,3,33.3,5.75,10.88,13.95
CTAS,Hoch 10,1,5.454551193662673,5.454551193662673,5.454551193662673,5.454551193662673,5.454551193662673,5.454551193662673,5.454551193662673,1,100.0,4.5,4.5,4.5,1,0.0,4.75,4.75,4.75,1,0.0,5.25,5.25,5.25,1,0.0,5.25,5.25,5.25,1,0.0,5.25,5.25,5.25,1,0.0,5.25,5.25,5.25,1,0.0,5.25,5.25,5.25
CTSH,alle,532,0.5063989520195414,2.7601791791371806,4.469814774697355,7.9062171238960985,11.999870752263375,13.794850800064502,27.485254404180683,532,32.1,3.0,4.75,7.0,532,22.0,3.75,6.5,9.75,532,17.1,4.25,7.75,11.98,530,15.7,4.75,9.19,13.0,523,12.4,6.25,10.75,14.5,512,8.2,7.88,12.75,16.0,508,7.3,8.75,13.75,16.0
CTSH,Hoch 1,272,0.666655521247032,2.56896389132069,4.2016353198901015,7.748477184681726,11.891744867633689,13.473924638405402,25.987496453638027,272,29.4,2.75,4.56,7.23,272,19.5,3.62,6.5,9.73,272,14.7,4.0,7.56,11.73,271,12.2,4.5,8.25,12.75,266,9.0,6.0,10.19,13.25,258,5.0,7.62,12.44,16.0,257,4.3,8.25,13.0,16.0
CTSH,Hoch 2,136,0.5063989520195414,2.8359663509156676,4.251186888167277,8.057642108506439,11.826210638170874,13.929497694252078,27.485254404180683,136,35.3,3.0,5.0,7.0,136,26.5,3.75,6.75,10.75,136,22.1,4.12,8.0,11.75,136,22.1,4.5,10.0,13.75,134,18.7,6.5,11.5,14.68,132,12.1,8.62,13.5,16.0,131,10.7,9.25,14.0,16.0
CTSH,Hoch 3,60,1.0748399794113386,3.5846370060636357,5.049010159931152,9.031917215266404,11.764505014651036,12.729545700842074,26.47360264962361,60,40.0,3.5,4.88,7.55,60,23.3,4.25,6.62,9.03,60,16.7,4.88,8.88,11.58,59,15.3,5.5,10.0,13.75,59,11.9,7.5,11.88,16.0,59,10.2,9.0,14.38,16.0,58,10.3,10.0,15.0,16.0
CTSH,Hoch 4,32,1.5144136785691702,2.9397490785215066,4.825576178521164,8.18502056757982,12.16327413096255,13.346238397180535,14.637543424725152,32,34.4,3.25,4.56,6.43,32,25.0,4.25,6.31,10.15,32,15.6,4.75,8.06,11.93,32,15.6,5.38,11.0,14.13,32,15.6,5.75,11.5,14.73,32,12.5,10.62,14.31,16.0,31,12.9,10.75,15.25,16.0
CTSH,Hoch 5,16,1.1983931946395052,3.8764820569263043,5.25811241315483,7.0752164573265235,13.3057521856094,14.696594132449114,15.984890768859374,16,25.0,4.0,6.06,6.5,16,25.0,4.62,6.81,11.5,16,25.0,5.12,6.94,13.25,16,25.0,6.25,8.62,14.0,16,18.8,6.38,9.62,14.0,15,13.3,6.5,12.25,15.9,15,13.3,7.5,12.25,16.0
CTSH,Hoch 6,9,3.0067997607460426,3.623656365304217,5.816531593394813,7.125434271309896,8.170458352988348,9.30055727370974,10.430656194431137,9,33.3,3.5,3.75,6.15,9,11.1,3.5,5.75,7.0,9,11.1,5.75,7.0,8.05,9,11.1,6.0,7.0,8.55,9,0.0,6.0,7.0,8.6,9,0.0,6.5,7.25,13.6,9,0.0,7.25,12.25,13.6
CTSH,Hoch 7,3,2.4363101698646497,2.8970099071506055,3.3577096444365613,5.495304332123093,6.777861144735013,7.205380082272319,7.632899019809625,3,0.0,2.0,4.25,5.6,3,0.0,2.0,4.75,6.4,3,0.0,3.25,5.38,6.65,3,0.0,3.25,5.38,6.65,3,0.0,3.25,5.38,6.65,3,0.0,7.25,7.38,7.45,3,0.0,7.25,7.88,8.25
CTSH,Hoch 8,1,2.451350786046659,2.451350786046659,2.451350786046659,2.451350786046659,2.451350786046659,2.451350786046659,2.451350786046659,1,0.0,1.5,1.5,1.5,1,0.0,1.5,1.5,1.5,1,0.0,2.25,2.25,2.25,1,0.0,2.75,2.75,2.75,1,0.0,3.75,3.75,3.75,1,0.0,5.0,5.0,5.0,1,0.0,5.0,5.0,5.0
CTSH,Hoch 9,1,4.29451457912267,4.29451457912267,4.29451457912267,4.29451457912267,4.29451457912267,4.29451457912267,4.29451457912267,1,0.0,1.0,1.0,1.0,1,0.0,1.75,1.75,1.75,1,0.0,4.25,4.25,4.25,1,0.0,4.25,4.25,4.25,1,0.0,5.5,5.5,5.5,1,0.0,7.25,7.25,7.25,1,0.0,7.25,7.25,7.25
CTSH,Hoch 10,1,6.696735309538757,6.696735309538757,6.696735309538757,6.696735309538757,6.696735309538757,6.696735309538757,6.696735309538757,1,0.0,2.25,2.25,2.25,1,0.0,5.75,5.75,5.75,1,0.0,6.5,6.5,6.5,1,0.0,6.5,6.5,6.5,1,0.0,8.25,8.25,8.25,1,0.0,10.25,10.25,10.25,1,0.0,10.25,10.25,10.25
CTSH,Hoch 11,1,6.734542437305333,6.734542437305333,6.734542437305333,6.734542437305333,6.734542437305333,6.734542437305333,6.734542437305333,1,100.0,2.5,2.5,2.5,1,100.0,6.0,6.0,6.0,1,100.0,6.5,6.5,6.5,1,100.0,6.5,6.5,6.5,1,100.0,8.5,8.5,8.5,1,100.0,9.75,9.75,9.75,1,0.0,9.75,9.75,9.75
CVS,alle,556,0.5807830965549549,2.547912343341737,4.421098427467378,7.186991669922218,11.965051026348853,14.057713911456418,21.89474945588925,556,28.2,3.0,4.5,6.88,556,17.6,3.75,5.81,9.25,555,13.0,4.25,7.0,11.75,554,11.4,4.75,7.75,13.5,551,9.1,5.25,10.25,15.75,542,7.4,6.38,12.44,16.0,532,6.0,7.88,13.5,16.0
CVS,Hoch 1,275,0.5807830965549549,2.4305537058150506,4.121518177111487,7.28338980431477,11.827783684898383,13.312348690443223,21.89474945588925,275,26.2,3.0,4.25,6.5,275,17.5,3.5,5.88,9.8,275,13.5,4.0,7.12,11.65,275,12.4,4.25,7.5,12.9,274,10.2,5.0,9.94,14.93,267,9.4,6.0,12.25,16.0,263,6.8,8.0,13.5,16.0
CVS,Hoch 2,131,0.644081484872113,2.5134621145941125,4.685261469504888,7.085774669190206,11.699343582526353,15.053593557236368,20.529465516038318,131,31.3,3.25,4.88,7.5,131,19.8,4.0,5.88,9.0,131,13.7,4.5,7.0,11.5,131,10.7,5.0,8.38,14.5,130,8.5,5.25,11.19,16.0,128,6.2,6.62,12.81,16.0,126,5.6,8.88,14.0,16.0
CVS,Hoch 3,75,0.7217042652431289,2.7835992235700067,4.498215940166246,6.787737121029471,13.286064171871269,14.027884211030406,19.691102702062764,75,22.7,3.5,4.75,7.15,75,13.3,4.25,5.75,7.5,75,9.3,4.25,6.75,13.15,75,9.3,5.0,7.5,13.5,74,8.1,5.5,9.06,15.33,74,4.1,6.5,11.44,16.0,73,4.1,7.75,13.5,16.0
CVS,Hoch 4,40,1.2198427158645448,2.9145631597542976,4.6720764981782015,6.528105741235638,13.168681645780081,13.691982859365487,19.035607053624254,40,32.5,3.0,5.25,6.83,40,12.5,3.88,5.81,7.53,40,10.0,4.62,6.31,13.03,39,7.7,5.0,7.88,13.05,39,2.6,5.25,8.88,13.75,39,2.6,6.25,11.75,15.75,38,2.6,6.38,12.19,16.0
CVS,Hoch 5,20,0.9935146780568708,2.811137568958598,4.535409016782681,7.5810591660583295,12.059376482324303,13.842836656580255,19.684647325415575,20,35.0,2.5,4.62,6.85,20,25.0,3.88,6.25,10.08,19,15.8,4.25,7.12,12.1,19,10.5,4.75,8.62,13.7,19,10.5,6.0,8.88,14.4,19,10.5,7.25,13.25,16.0,18,11.1,6.88,13.38,16.0
CVS,Hoch 6,10,3.571270129469382,3.9423202229724996,4.86123319311123,6.172842590664176,7.326974770760354,7.588448661552173,7.849922552343992,10,60.0,4.12,4.44,4.9,10,30.0,4.12,5.62,5.8,10,20.0,4.75,6.12,7.3,10,20.0,5.25,6.12,8.12,10,10.0,5.62,8.88,10.15,10,0.0,6.75,11.0,13.52,9,0.0,5.75,11.5,13.8
CVS,Hoch 7,5,3.645968990002954,4.812535903974386,5.197247639443092,6.5447143050842636,11.137603329871176,12.668566338133477,14.199529346395783,5,20.0,3.5,4.25,5.0,5,20.0,5.0,5.0,5.9,5,20.0,5.0,6.5,11.0,5,20.0,6.5,7.0,12.4,5,20.0,11.75,16.0,16.0,5,20.0,12.25,16.0,16.0,5,20.0,13.0,16.0,16.0
CVX,alle,597,0.66995618108224,2.4159822819080716,4.090000679565369,7.2710457657528735,10.77653763318132,13.784419375737944,52.96343140141064,597,27.6,2.75,4.75,7.25,597,19.3,3.5,6.25,9.1,597,15.4,4.0,7.25,10.75,593,11.5,4.5,7.5,11.25,584,8.6,5.25,8.25,12.43,577,6.1,5.75,9.75,15.75,568,4.4,6.25,10.5,16.0
CVX,Hoch 1,279,0.66995618108224,2.2820099005607677,3.939226422860329,6.638613153300396,10.49196143965289,15.309613772027662,44.82132256595461,279,21.9,2.5,4.25,6.6,279,14.3,3.25,5.75,8.3,279,11.1,3.75,6.5,10.3,276,8.7,4.25,7.25,11.0,270,5.9,4.75,7.75,13.02,270,5.2,5.25,9.12,16.0,264,2.7,5.75,10.31,16.0
CVX,Hoch 2,147,0.7579153189623398,2.4646285217875485,4.057153088471577,6.969201680530455,9.903784637247982,12.00194268157725,42.513184145686644,147,32.0,3.0,4.5,6.75,147,21.1,3.5,6.25,8.2,147,17.0,4.0,6.88,9.85,146,11.6,4.5,7.44,10.5,144,11.1,5.25,8.5,11.93,143,5.6,6.0,9.5,15.35,141,3.5,6.25,10.0,16.0
CVX,Hoch 3,78,1.0048802164046187,2.699693406156463,4.195505670433409,7.549766308953143,10.967432997737228,13.955461106149619,44.92528367073241,78,33.3,3.25,5.12,7.25,78,25.6,3.88,6.75,9.3,78,17.9,4.0,7.5,10.75,78,11.5,4.75,7.75,11.55,78,9.0,5.88,9.69,13.82,77,6.5,6.25,10.0,15.85,76,6.6,6.75,10.69,16.0
CVX,Hoch 4,43,1.0929939872171779,2.7481153471319395,5.002985923301484,7.893777262287758,11.358661600799786,14.807435160751725,52.96343140141064,43,37.2,3.0,5.0,8.95,43,27.9,3.5,6.0,8.95,43,25.6,5.0,7.75,11.25,43,18.6,5.0,8.38,12.9,43,16.3,5.25,8.88,14.95,42,9.5,6.5,10.81,15.9,42,9.5,6.5,11.81,16.0
CVX,Hoch 5,23,1.5374355121001013,2.270343012288372,4.12056784260308,9.05378000616981,10.781036364515346,11.813823547423565,14.178222878062167,23,26.1,2.25,4.0,6.3,23,26.1,3.5,6.38,9.9,23,26.1,4.0,9.0,10.75,23,21.7,4.25,9.12,10.95,23,8.7,6.0,9.88,12.75,22,9.1,6.75,10.94,12.98,22,9.1,6.75,10.94,13.68
CVX,Hoch 6,12,1.3755288003469401,2.1736562897079006,5.108409699870706,11.131090738462671,12.176545265773925,13.035222173060381,13.953002006390241,12,41.7,2.5,6.06,8.28,12,25.0,4.12,9.88,11.0,12,25.0,5.0,11.0,12.12,12,25.0,6.5,11.06,12.15,12,16.7,6.5,11.06,12.15,11,18.2,6.25,11.12,12.25,11,18.2,8.25,11.12,12.25
CVX,Hoch 7,6,1.3949409327161562,2.5096128122591637,3.206409243763906,6.819478272908338,10.145741787401995,11.314989981290715,12.484238175179435,6,16.7,2.0,2.62,5.75,6,0.0,3.12,5.44,7.88,6,0.0,3.12,6.75,10.0,6,0.0,4.75,7.5,10.0,6,0.0,4.75,7.5,10.0,5,0.0,3.75,8.75,10.85,5,0.0,5.75,8.75,10.85
CVX,Hoch 8,4,1.7539874794323704,3.2992325611121744,6.393052084932915,9.770318491156026,11.207669928488173,11.686787074265554,12.165904220042938,4,0.0,5.38,7.62,8.3,4,0.0,5.5,7.88,9.0,4,0.0,6.25,9.56,11.03,4,0.0,6.88,10.5,11.4,4,0.0,6.88,10.5,11.4,3,0.0,3.75,7.88,10.35,3,0.0,3.75,7.88,10.35
CVX,Hoch 9,3,3.9279711680255645,7.382772317280732,10.837573466535899,11.43533338736788,11.79398933986707,11.913541324033465,12.033093308199861,3,66.7,8.25,8.5,8.65,3,66.7,8.25,8.88,9.25,3,66.7,10.75,11.38,11.75,3,66.7,10.75,11.38,11.75,2,0.0,7.88,9.94,11.18,2,0.0,8.25,10.12,11.25,2,0.0,8.25,10.12,11.25
CVX,Hoch 10,1,4.14239516068838,4.14239516068838,4.14239516068838,4.14239516068838,4.14239516068838,4.14239516068838,4.14239516068838,1,0.0,2.25,2.25,2.25,1,0.0,4.0,4.0,4.0,1,0.0,4.0,4.0,4.0,1,0.0,4.0,4.0,4.0,1,0.0,4.0,4.0,4.0,1,0.0,4.75,4.75,4.75,1,0.0,4.75,4.75,4.75
CVX,Hoch 11,1,8.465201148100371,8.465201148100371,8.465201148100371,8.465201148100371,8.465201148100371,8.465201148100371,8.465201148100371,1,100.0,8.25,8.25,8.25,1,100.0,8.25,8.25,8.25,1,0.0,8.25,8.25,8.25,1,0.0,8.25,8.25,8.25,1,0.0,8.25,8.25,8.25,1,0.0,8.75,8.75,8.75,1,0.0,8.75,8.75,8.75
DASH,alle,168,0.8472209917705309,2.5575494375074106,4.383575425188986,6.917820306686176,9.861517011856584,11.718315943170364,18.443563925823174,168,32.1,3.0,4.25,6.5,168,23.8,3.75,5.75,8.58,168,19.6,4.25,6.81,9.75,166,16.9,4.75,7.44,11.62,162,13.6,5.75,9.0,12.95,154,10.4,6.25,10.25,15.43,144,6.9,6.5,10.25,16.0
DASH,Hoch 1,92,0.8949935335498903,2.601240724362519,4.727609833076015,6.9095862207098895,9.725268463261429,11.854192222012047,17.49270069024945,92,33.7,3.12,4.5,6.48,92,27.2,4.0,6.0,8.5,92,22.8,4.62,6.81,9.68,91,20.9,4.75,7.12,10.5,88,17.0,5.38,8.62,11.4,81,12.3,5.75,9.0,13.25,76,9.2,5.88,9.06,13.5
DASH,Hoch 2,36,0.8472209917705309,2.7542484291873386,4.962667203019635,7.611839545265162,9.640206441556874,10.425816724485268,18.443563925823174,36,33.3,2.88,4.38,6.5,36,27.8,4.0,6.25,8.62,36,19.4,4.75,7.38,9.5,35,17.1,5.75,7.5,10.1,34,14.7,6.0,9.5,12.1,33,12.1,6.25,10.5,14.7,31,9.7,7.0,10.62,15.5
DASH,Hoch 3,17,1.1871302293897854,2.02442036254085,4.001536279206702,7.708573411128154,10.089370774326673,11.298407992117875,13.117677767707939,17,23.5,2.75,4.0,7.2,17,17.6,3.75,5.75,8.8,17,17.6,4.0,7.5,10.0,17,5.9,4.0,7.5,11.65,17,0.0,4.25,7.75,12.85,17,0.0,6.75,9.0,13.6,16,0.0,5.38,9.31,12.38
DASH,Hoch 4,9,1.0997158200443888,1.5216998262494188,2.6307513061574426,4.667144762636275,11.84453024878206,12.357553112556694,12.870575976331327,9,33.3,2.5,4.25,5.85,9,11.1,2.5,4.5,6.55,9,11.1,2.5,4.5,11.75,9,11.1,2.5,4.5,13.75,9,11.1,5.5,6.0,16.0,9,11.1,6.0,13.5,16.0,8,0.0,5.88,12.75,15.82
DASH,Hoch 5,6,1.4070764587181475,3.0031361077410197,3.6565626611178788,4.104345444913287,7.48521187144695,9.117150521838399,10.749089172229848,6,16.7,3.62,3.94,6.75,6,16.7,3.62,3.94,7.25,6,16.7,3.62,3.94,7.25,6,16.7,3.62,4.5,8.88,6,16.7,6.12,6.69,10.75,6,16.7,8.88,13.5,14.5,5,0.0,6.5,13.25,14.9
DASH,Hoch 6,3,2.493685615211103,2.7334742007726875,2.973262786334272,3.0177420170866442,3.044429555538068,3.0533254016885425,3.062221247839017,3,0.0,2.25,2.5,2.65,3,0.0,2.75,2.88,2.95,3,0.0,2.75,2.88,2.95,3,0.0,3.0,5.5,7.0,3,0.0,7.5,8.62,9.3,3,0.0,14.5,15.12,15.5,3,0.0,15.75,15.88,15.95
DASH,Hoch 7,2,3.058779895795883,3.2502326008004943,3.4416853058051053,3.633138010809717,3.7480096338124835,3.7863001748134058,3.824590715814328,2,50.0,3.38,3.56,3.67,2,0.0,3.38,3.56,3.67,2,0.0,3.38,3.56,3.67,2,0.0,7.75,9.75,10.95,2,0.0,8.75,10.25,11.15,2,0.0,10.88,13.44,14.97,2,0.0,10.88,13.44,14.97
DASH,Hoch 8,2,3.507765216851243,3.7623060914518947,4.0168469660525465,4.2713878406531975,4.424112365413589,4.475020540333719,4.525928715253849,2,50.0,4.0,4.25,4.4,2,0.0,4.0,4.25,4.4,2,0.0,4.0,4.25,4.4,2,0.0,9.62,11.06,11.93,2,0.0,9.62,11.06,11.93,2,0.0,11.38,13.69,15.07,2,0.0,11.38,13.69,15.07
DASH,Hoch 9,1,11.285718222432985,11.285718222432985,11.285718222432985,11.285718222432985,11.285718222432985,11.285718222432985,11.285718222432985,1,100.0,6.0,6.0,6.0,1,0.0,6.0,6.0,6.0,1,0.0,11.25,11.25,11.25,1,0.0,12.75,12.75,12.75,1,0.0,13.5,13.5,13.5,1,0.0,16.0,16.0,16.0,1,0.0,16.0,16.0,16.0
DB1.DE,alle,542,0.6272894733301781,2.400962486068245,3.936362300413703,6.170444535020668,8.490732994137511,12.06236581955629,32.09589427525139,542,28.2,3.0,4.5,5.75,542,19.7,3.5,5.25,7.5,542,14.2,3.75,6.0,8.25,542,12.4,4.0,6.5,9.73,541,10.7,4.5,7.75,12.5,537,8.8,5.0,8.75,15.35,533,7.3,5.75,10.0,16.0
DB1.DE,Hoch 1,262,0.6272894733301781,2.41262633527882,3.825290958150713,6.280559992658983,8.459512684016167,11.956166731253049,22.55061204293327,262,30.5,3.0,4.25,5.98,262,20.6,3.5,5.25,7.73,262,15.6,3.75,6.19,8.25,262,14.9,4.0,6.75,9.48,262,13.0,4.5,7.75,11.95,261,9.6,4.75,8.5,13.5,257,7.8,5.25,9.5,15.5
DB1.DE,Hoch 2,126,0.7790122001556516,2.355545328531834,3.9026384985410694,5.885715575463629,8.190596821921394,10.72489915824685,32.09589427525139,126,25.4,2.75,4.5,5.75,126,15.9,3.25,5.38,6.75,126,10.3,3.75,5.75,8.0,126,9.5,4.0,6.0,8.75,126,9.5,4.5,6.94,10.88,125,8.0,4.75,8.25,13.7,125,7.2,5.5,9.25,16.0
DB1.DE,Hoch 3,68,0.8272776565033285,2.3583120691732384,3.952047970478442,6.03821349477873,7.490002190377836,9.696195317315642,26.939935389214625,68,23.5,2.88,4.0,5.0,68,14.7,3.62,4.75,6.0,68,8.8,3.75,6.0,7.33,68,5.9,3.88,6.0,10.15,68,4.4,4.5,7.31,11.65,67,4.5,5.0,8.75,15.85,67,4.5,6.0,9.62,16.0
DB1.DE,Hoch 4,41,0.9048688615184142,2.572019600843572,4.180624651798056,7.474570989589258,10.339126351250593,13.582393873918935,29.05653551997308,41,29.3,3.0,4.5,6.25,41,26.8,3.75,5.75,7.5,41,24.4,4.0,7.25,10.25,41,19.5,4.25,8.0,12.25,41,14.6,5.25,9.5,16.0,40,15.0,6.12,11.0,16.0,40,10.0,7.12,11.38,16.0
DB1.DE,Hoch 5,22,1.6521686474123853,2.2883533204537625,4.705076556185235,6.489481912121858,16.41624700994531,25.157521471173045,26.279320890791098,22,36.4,2.88,4.81,6.73,22,31.8,3.62,6.0,8.25,22,18.2,4.62,6.44,15.28,22,4.5,4.62,6.44,15.28,21,4.8,5.25,8.75,16.0,21,4.8,6.25,14.25,16.0,21,4.8,6.5,16.0,16.0
DB1.DE,Hoch 6,12,1.9320004746677548,2.6863438666022903,3.545562856032886,5.545281235176008,8.599078265058639,16.97857924288902,26.9183363730366,12,25.0,2.75,3.88,5.68,12,25.0,3.38,5.5,8.5,12,16.7,3.38,5.5,8.5,12,16.7,3.62,6.12,15.28,12,8.3,5.12,10.56,16.0,12,8.3,8.25,15.25,16.0,12,8.3,8.25,15.25,16.0
DB1.DE,Hoch 7,4,1.3325131932467784,1.866395895936872,3.3518166763789363,5.170023451356254,6.089367863133767,6.395816000392937,6.702264137652109,4,0.0,2.62,4.19,4.53,4,0.0,3.12,4.38,4.6,4,0.0,3.25,5.0,5.9,4,0.0,3.25,5.0,5.9,4,0.0,3.25,5.0,5.9,4,0.0,6.25,7.94,10.53,4,0.0,6.25,8.06,10.88
DB1.DE,Hoch 8,3,2.836467341019354,3.106674814341012,3.37688228766267,4.882455952960976,5.785800152139961,6.086914885199621,6.388029618259283,3,33.3,2.0,4.0,5.2,3,33.3,3.25,4.75,5.65,3,0.0,3.25,4.75,5.65,3,0.0,3.25,4.75,5.65,3,0.0,3.25,5.5,6.85,3,0.0,7.75,10.25,11.75,3,0.0,7.75,10.5,12.15
DB1.DE,Hoch 9,2,4.724763752331179,4.952167384978736,5.179571017626293,5.406974650273849,5.543416829862384,5.588897556391895,5.634378282921406,2,0.0,4.0,4.75,5.2,2,0.0,5.0,5.25,5.4,2,0.0,5.0,5.25,5.4,2,0.0,5.0,5.25,5.4,2,0.0,6.12,6.94,7.42,2,0.0,9.62,11.44,12.53,2,0.0,9.75,11.62,12.75
DB1.DE,Hoch 10,2,5.975416297021342,6.031898568728657,6.088380840435972,6.144863112143288,6.178752475167678,6.190048929509141,6.201345383850604,2,50.0,5.0,5.5,5.8,2,50.0,5.88,5.94,5.97,2,50.0,5.88,5.94,5.97,2,50.0,5.88,5.94,5.97,2,50.0,7.62,8.56,9.12,2,50.0,9.88,11.19,11.97,2,50.0,10.0,11.38,12.2
DBK.DE,alle,575,0.3999996148124857,3.055227955295766,5.177990819247854,7.908195489167031,11.949622114816169,14.710651044274716,26.32623722174002,575,34.8,3.25,5.0,7.15,575,25.0,4.25,6.5,10.0,575,21.4,5.0,7.75,11.75,574,19.5,5.75,9.19,13.25,568,17.3,6.88,11.0,15.25,558,14.3,8.38,13.5,16.0,554,12.1,10.0,15.69,16.0
DBK.DE,Hoch 1,309,0.3999996148124857,3.095718493992609,5.105202536512344,7.739272915140443,12.469134257574723,14.069410151237165,23.425617727913984,309,35.0,3.0,5.25,7.55,309,26.2,4.0,6.25,10.0,309,23.6,5.0,7.5,12.25,309,22.0,5.75,9.25,13.05,307,18.2,6.75,10.88,15.5,300,15.0,8.38,13.25,16.0,297,13.5,10.0,15.5,16.0
DBK.DE,Hoch 2,128,0.5165179247293861,3.0362269974421894,5.4897843799600246,8.158052770347954,11.480753776146294,13.469351744639065,26.32623722174002,128,34.4,3.25,4.81,6.32,128,25.8,4.62,6.25,9.75,128,21.9,5.38,8.06,11.32,128,18.0,6.0,8.81,12.32,126,17.5,7.0,10.94,14.25,123,14.6,8.5,13.12,16.0,122,9.8,9.5,15.0,16.0
DBK.DE,Hoch 3,70,0.9989080162029508,2.8725461169185524,4.94936097623548,8.022117614281603,10.339462627879568,13.462753078196943,18.624978619577107,70,30.0,3.0,4.5,5.78,70,18.6,4.12,7.0,9.0,70,12.9,4.75,7.94,10.25,69,11.6,5.0,8.0,10.65,68,11.8,6.25,9.5,14.33,68,8.8,7.62,11.81,16.0,68,7.4,8.75,14.62,16.0
DBK.DE,Hoch 4,37,1.3721426480374488,3.1478858409803543,5.51356936881914,8.864086382902943,12.634323479597557,15.317061323175478,21.26592409258332,37,45.9,3.5,5.5,6.5,37,27.0,4.25,6.5,10.1,37,18.9,5.5,8.75,12.5,37,18.9,6.25,9.75,14.2,36,19.4,6.38,11.56,14.62,36,16.7,8.62,14.56,16.0,36,16.7,10.25,16.0,16.0
DBK.DE,Hoch 5,17,1.5539582437419182,3.7014016711082727,4.662583996089471,7.1946174345411045,12.212292702210128,15.997946359535806,16.733190037641364,17,35.3,3.25,4.25,5.75,17,23.5,4.25,6.5,9.65,17,23.5,4.5,7.0,12.15,17,23.5,4.75,9.5,12.15,17,17.6,5.75,9.75,15.7,17,17.6,7.75,16.0,16.0,17,11.8,10.75,16.0,16.0
DBK.DE,Hoch 6,7,2.2504180499482884,3.1644241937098485,6.622083870963577,8.539951785569224,12.716791479119761,14.558020386472332,16.399249293824912,7,14.3,2.5,4.0,5.25,7,14.3,3.5,8.38,12.55,7,0.0,6.5,8.5,12.55,7,0.0,6.5,9.88,12.55,7,0.0,7.5,10.62,12.85,7,0.0,13.75,15.0,16.0,7,0.0,14.0,16.0,16.0
DBK.DE,Hoch 7,5,3.0016006222502534,6.277814200329356,9.72716580919927,11.808782843111219,15.252329534960268,16.400178432243283,17.5480273295263,5,20.0,5.5,6.0,8.1,5,0.0,6.25,9.5,13.4,5,0.0,9.5,11.75,14.3,5,0.0,9.5,13.5,15.0,5,0.0,11.0,16.0,16.0,5,0.0,13.0,16.0,16.0,5,0.0,16.0,16.0,16.0
DBK.DE,Hoch 8,2,10.239856223428976,11.789599603098242,13.339342982767509,14.889086362436775,15.818932390238334,16.128881066172188,16.43882974210604,2,100.0,13.0,14.5,15.4,2,100.0,13.0,14.5,15.4,2,100.0,13.0,14.5,15.4,2,100.0,13.0,14.5,15.4,2,100.0,13.75,14.88,15.55,2,100.0,14.75,15.38,15.75,2,100.0,14.75,15.38,15.75
DDOG,alle,210,0.6951319062584259,2.5171678221862215,4.328349741790673,6.439633629773283,8.22352634268026,10.352558220146577,17.666183233445246,210,31.9,2.75,4.25,5.75,210,23.3,3.5,5.5,7.25,210,18.6,4.25,6.25,8.02,209,15.3,4.75,6.75,9.05,203,11.3,5.5,7.5,10.45,197,9.6,6.5,8.75,12.85,190,7.4,7.0,9.44,13.5
DDOG,Hoch 1,106,0.7443719131696858,2.494188305202788,4.206465295026479,6.050557999777586,8.6360604190733,11.028146151522288,17.666183233445246,106,32.1,3.0,4.25,5.62,106,25.5,3.75,5.69,7.25,106,20.8,4.0,5.94,8.5,106,15.1,4.5,6.69,8.88,103,11.7,5.5,7.38,10.45,99,9.1,6.0,8.5,12.1,95,7.4,6.25,8.88,12.8
DDOG,Hoch 2,51,0.6951319062584259,2.454478129809498,4.292349205319712,6.26253879796219,7.456250342873763,9.167266245158942,14.47900149961026,51,25.5,2.5,4.25,5.75,51,19.6,3.25,4.88,7.0,51,15.7,4.25,6.12,7.25,51,13.7,5.0,6.5,8.0,50,10.0,6.0,7.25,9.53,49,8.2,6.5,8.0,12.85,48,6.2,7.12,9.75,13.33
DDOG,Hoch 3,30,1.2226802154900622,2.7921241715839265,4.216974296543988,6.434867433038587,8.462385149920738,10.059647724157458,12.076624758108778,30,36.7,2.88,4.94,5.5,30,23.3,3.25,5.5,7.75,30,20.0,4.12,6.25,8.33,30,20.0,4.75,7.0,9.53,29,13.8,5.5,7.75,10.35,28,14.3,7.12,9.38,13.32,28,10.7,7.62,9.81,14.4
DDOG,Hoch 4,14,0.8720256396366162,2.9350924615619425,5.516720100014098,7.206931405289504,7.834342207901797,8.22001167975312,8.694774486777385,14,42.9,3.5,4.88,5.68,14,28.6,3.5,5.69,6.95,14,14.3,5.38,7.0,7.68,14,14.3,5.38,7.06,8.43,13,7.7,7.0,8.25,9.45,13,7.7,7.75,9.5,11.05,13,7.7,8.75,10.0,11.05
DDOG,Hoch 5,6,1.7201961802477266,2.5366681637394284,5.140299348777013,5.9216802693719925,6.643990582639429,6.941972487737816,7.239954392836204,6,33.3,2.75,4.06,4.88,6,0.0,3.12,4.44,5.0,6,0.0,5.0,5.88,6.5,5,0.0,4.5,7.25,9.2,5,0.0,5.5,8.25,10.5,5,0.0,8.25,11.75,11.9,4,0.0,8.12,9.19,10.88
DDOG,Hoch 6,3,2.7467961160092744,4.295681343129396,5.844566570249518,6.804530377794079,7.380508662320816,7.572501423829728,7.76449418533864,3,33.3,2.75,4.25,5.15,3,33.3,4.0,4.88,5.4,3,33.3,5.75,6.75,7.35,3,33.3,5.75,7.88,9.15,3,33.3,6.5,9.0,10.5,3,33.3,11.5,12.88,13.7,2,0.0,10.88,12.69,13.78
DE,alle,552,0.6300812761227614,2.3625459226275423,3.7971095225340563,6.500994361215333,9.641915339348207,10.99409864979654,26.43839696577066,552,27.2,2.75,4.25,6.48,552,17.2,3.5,5.5,8.25,552,11.8,3.75,6.31,9.5,551,10.0,4.0,7.0,10.75,550,7.3,4.25,7.94,12.3,542,4.8,5.0,9.25,15.73,536,4.3,5.75,10.0,16.0
DE,Hoch 1,262,0.6300812761227614,2.479656850845079,3.843922631273319,6.129297054542148,9.00881495951782,11.007526310314965,26.04148747140468,262,25.6,2.75,4.25,5.98,262,16.0,3.5,5.0,7.5,262,10.3,3.75,6.0,8.95,261,9.6,4.0,6.5,9.75,261,5.7,4.25,7.0,10.75,257,3.5,5.0,8.0,14.25,253,3.6,5.5,9.25,15.7
DE,Hoch 2,132,0.9015193752631174,2.3978171513239,3.7055060393849857,7.109653384064639,9.717174209599442,14.527400467043206,25.982280534984717,132,29.5,3.0,4.31,7.48,132,18.2,3.5,6.06,8.73,132,13.6,3.5,7.0,9.5,132,10.6,4.0,7.5,11.9,131,8.4,4.75,8.75,13.75,129,6.2,5.75,9.5,16.0,128,6.2,6.62,10.81,16.0
DE,Hoch 3,72,0.9048146016844927,2.2468713491216192,3.759932489889418,7.639984118650987,9.980452595529114,10.534570302885594,26.43839696577066,72,26.4,2.5,4.06,7.4,72,19.4,3.38,6.62,9.17,72,15.3,3.62,7.5,9.75,72,9.7,3.75,8.12,10.72,72,8.3,4.25,9.0,12.25,70,7.1,6.0,10.19,16.0,69,5.8,6.75,10.25,16.0
DE,Hoch 4,37,1.1851061591925798,2.3413602769320696,4.474636723721418,8.437204480227958,8.83717939087784,12.33200750620158,13.239408912273063,37,32.4,2.75,4.75,6.45,37,27.0,4.25,6.75,8.5,37,18.9,4.25,8.25,8.6,37,18.9,4.25,8.5,11.95,37,18.9,5.0,8.75,13.0,37,8.1,6.0,12.0,15.7,37,5.4,7.0,12.0,15.7
DE,Hoch 5,19,1.60310081384957,2.2188912461857058,3.091677954323446,4.468645067985072,9.793667478210715,10.210435204234747,10.567992621447685,19,26.3,2.75,4.25,5.25,19,10.5,3.0,4.38,8.8,19,5.3,3.0,4.38,9.6,19,5.3,3.0,4.38,9.85,19,5.3,3.0,7.75,11.6,19,5.3,4.25,10.38,15.0,19,0.0,4.25,12.12,16.0
DE,Hoch 6,11,1.449743705106621,2.0246109251409266,3.1327223874131556,4.034379862082643,4.5990431383910675,4.868458733263655,5.137874328136242,11,9.1,2.0,3.25,4.25,11,0.0,2.75,3.75,4.5,11,0.0,3.0,3.88,4.5,11,0.0,3.25,4.0,5.0,11,0.0,3.25,4.62,9.75,11,0.0,3.25,6.12,15.25,11,0.0,3.25,10.12,16.0
DE,Hoch 7,9,0.9168826691704197,2.6468214918208526,3.912226562699443,4.830689410939771,5.070694547302953,5.266313952306339,5.461933357309726,9,33.3,3.0,4.0,4.85,9,11.1,3.75,4.75,4.85,9,0.0,3.75,4.75,4.85,9,0.0,3.75,4.75,5.6,9,0.0,3.75,4.75,6.85,9,0.0,3.75,4.75,7.4,9,0.0,3.75,4.75,7.4
DE,Hoch 8,5,2.368988993690375,3.5305396923931553,4.624274586454231,5.241897640948274,6.031229236308817,6.294339768095664,6.557450299882512,5,60.0,3.5,4.5,5.7,5,40.0,4.5,5.0,5.9,5,20.0,4.5,5.0,5.9,5,20.0,4.5,5.0,7.85,5,0.0,4.5,5.0,11.6,5,0.0,4.5,5.0,11.6,5,0.0,4.5,5.0,11.6
DE,Hoch 9,3,1.9541647616824163,2.928910517408487,3.9036562731345574,5.36706552409022,6.245111074663618,6.537792924854751,6.830474775045883,3,33.3,2.0,4.38,5.8,3,0.0,3.75,5.25,6.15,3,0.0,3.75,5.25,6.15,3,0.0,3.75,6.88,8.75,3,0.0,3.75,9.88,13.55,3,0.0,3.75,9.88,13.55,3,0.0,3.75,9.88,13.55
DE,Hoch 10,2,2.545450791637924,2.8884308244984758,3.2314108573590277,3.574390890219579,3.7801789099359104,3.8487749165080207,3.917370923080131,2,0.0,2.38,2.44,2.48,2,0.0,3.12,3.44,3.62,2,0.0,3.12,3.44,3.62,2,0.0,3.12,3.44,3.62,2,0.0,3.12,3.44,3.62,2,0.0,3.12,3.44,3.62,2,0.0,3.12,3.44,3.62
DELL,alle,278,0.7405934314365652,2.106197066030793,4.2741483481294065,7.368466513047717,11.142730160427726,14.081389917993208,22.348236064983908,278,21.9,2.75,4.75,7.25,278,12.6,3.5,6.25,9.25,278,9.4,4.25,7.25,11.0,277,7.9,4.5,8.25,13.85,271,4.4,5.25,10.38,15.75,263,3.4,6.5,11.25,16.0,254,2.8,7.12,13.75,16.0
DELL,Hoch 1,112,0.855754216142039,2.02125074021028,4.655300153759558,7.045543756032622,10.683985194316122,12.09014314579982,20.964010202854173,112,17.9,2.5,4.75,6.7,112,10.7,3.5,6.0,7.98,112,6.2,4.5,7.0,10.68,112,4.5,4.5,7.62,12.45,110,4.5,5.25,10.75,15.5,106,2.8,7.12,11.75,15.88,104,2.9,8.0,12.62,16.0
DELL,Hoch 2,63,0.900066285111479,1.943340622161506,3.665647035615023,7.234724581412637,10.248376670041988,12.823645233657146,20.00684968564255,63,25.4,2.5,3.88,6.7,63,14.3,3.25,4.88,8.95,63,11.1,3.5,7.0,10.1,62,11.3,3.5,7.94,12.95,61,8.2,4.5,10.25,16.0,58,6.9,7.0,13.75,16.0,57,3.5,7.5,15.0,16.0
DELL,Hoch 3,38,0.8144777009826216,2.4118811176156236,4.055651930857972,7.467805572064378,11.937324786359993,14.88771791916721,22.348236064983908,38,18.4,2.5,4.25,6.95,38,7.9,3.88,6.62,10.15,38,7.9,3.88,7.44,11.8,38,5.3,3.88,8.81,14.8,37,2.7,4.0,10.5,15.4,36,2.8,6.88,10.56,16.0,34,2.9,7.0,14.56,16.0
DELL,Hoch 4,29,1.3218636246019493,2.7197936308276565,5.249161318764179,8.606406471805204,13.006680958575181,18.748190313080457,22.29963192728305,29,27.6,3.75,5.0,8.85,29,13.8,5.0,7.0,11.0,29,10.3,5.0,8.5,12.6,29,6.9,5.25,9.5,16.0,28,0.0,5.38,11.06,16.0,28,0.0,6.62,11.25,16.0,26,0.0,8.0,15.19,16.0
DELL,Hoch 5,15,0.7405934314365652,1.9161575425896515,3.15401239061709,7.842443429703703,11.538317151213324,14.110998550247514,19.500004412138676,15,26.7,3.0,5.12,7.6,15,26.7,3.0,7.25,10.55,15,26.7,3.0,7.75,11.45,15,26.7,3.0,7.75,13.4,14,7.1,4.38,8.62,14.5,14,7.1,5.75,10.62,14.88,13,7.7,5.5,13.5,15.95
DELL,Hoch 6,8,2.352406929718326,2.79428622565195,3.7610041921334987,6.237797500843257,10.800506088758635,11.878645351858937,12.956784614959243,8,37.5,3.62,5.94,8.97,8,37.5,3.62,5.94,9.95,8,25.0,3.62,6.19,10.65,8,25.0,3.88,6.94,11.62,8,0.0,4.12,6.94,11.62,8,0.0,4.12,6.94,11.62,7,0.0,3.75,5.25,10.0
DELL,Hoch 7,4,2.040331443816779,2.932656180022213,5.956253211201529,9.96904448849974,12.28498897323701,13.05697046814943,13.828951963061856,4,0.0,3.5,5.5,8.2,4,0.0,5.62,9.25,11.05,4,0.0,5.75,9.81,12.18,4,0.0,5.75,10.38,13.75,4,0.0,5.75,10.38,13.75,4,0.0,5.75,10.38,13.75,4,0.0,5.75,10.38,13.75
DELL,Hoch 8,3,2.338355125758548,2.970502379005447,3.6026496322523456,6.0400456063943135,7.502483190879494,7.989962385707887,8.477441580536281,3,0.0,3.5,5.0,5.9,3,0.0,3.5,5.88,7.3,3,0.0,3.5,5.88,7.3,3,0.0,3.5,5.88,7.3,3,0.0,3.5,5.88,7.3,3,0.0,3.5,5.88,7.3,3,0.0,3.5,5.88,7.3
DELL,Hoch 9,1,1.8018758574862537,1.8018758574862537,1.8018758574862537,1.8018758574862537,1.8018758574862537,1.8018758574862537,1.8018758574862537,1,0.0,1.75,1.75,1.75,1,0.0,1.75,1.75,1.75,1,0.0,1.75,1.75,1.75,1,0.0,1.75,1.75,1.75,1,0.0,1.75,1.75,1.75,1,0.0,1.75,1.75,1.75,1,0.0,1.75,1.75,1.75
DELL,Hoch 10,1,2.359655388235795,2.359655388235795,2.359655388235795,2.359655388235795,2.359655388235795,2.359655388235795,2.359655388235795,1,100.0,2.25,2.25,2.25,1,0.0,2.25,2.25,2.25,1,0.0,2.25,2.25,2.25,1,0.0,2.25,2.25,2.25,1,0.0,2.25,2.25,2.25,1,0.0,2.25,2.25,2.25,1,0.0,2.25,2.25,2.25
DELL,Hoch 11,1,3.2847043279358963,3.2847043279358963,3.2847043279358963,3.2847043279358963,3.2847043279358963,3.2847043279358963,3.2847043279358963,1,0.0,2.75,2.75,2.75,1,0.0,2.75,2.75,2.75,1,0.0,3.25,3.25,3.25,1,0.0,3.25,3.25,3.25,1,0.0,3.25,3.25,3.25,1,0.0,3.25,3.25,3.25,1,0.0,3.25,3.25,3.25
DELL,Hoch 12,1,6.024773895875687,6.024773895875687,6.024773895875687,6.024773895875687,6.024773895875687,6.024773895875687,6.024773895875687,1,100.0,3.5,3.5,3.5,1,0.0,6.0,6.0,6.0,1,0.0,6.0,6.0,6.0,1,0.0,6.0,6.0,6.0,1,0.0,6.0,6.0,6.0,1,0.0,6.0,6.0,6.0,1,0.0,6.0,6.0,6.0
DELL,Hoch 13,1,6.011163634529099,6.011163634529099,6.011163634529099,6.011163634529099,6.011163634529099,6.011163634529099,6.011163634529099,1,0.0,6.0,6.0,6.0,1,0.0,6.0,6.0,6.0,1,0.0,6.0,6.0,6.0,1,0.0,6.0,6.0,6.0,1,0.0,6.0,6.0,6.0,1,0.0,6.0,6.0,6.0,1,0.0,6.0,6.0,6.0
DELL,Hoch 14,1,8.43624466637034,8.43624466637034,8.43624466637034,8.43624466637034,8.43624466637034,8.43624466637034,8.43624466637034,1,100.0,8.25,8.25,8.25,1,0.0,8.25,8.25,8.25,1,0.0,8.25,8.25,8.25,1,0.0,8.25,8.25,8.25,1,0.0,8.25,8.25,8.25,1,0.0,8.25,8.25,8.25,1,0.0,8.25,8.25,8.25
DHL.DE,alle,546,0.4029668833342648,2.2094260726235495,4.217862065446374,7.401200588685249,10.799759403488927,14.152707087764954,30.53495234153681,546,27.1,2.75,4.5,7.12,546,18.1,3.5,5.94,9.12,546,13.4,4.0,7.25,10.75,544,11.9,4.5,8.0,11.75,535,9.5,5.0,10.0,15.4,528,7.8,6.25,12.75,16.0,523,7.3,7.75,14.75,16.0
DHL.DE,Hoch 1,255,0.6048881939489624,2.279103061872171,4.217630163350485,7.507613146601173,11.303782710254593,14.567353112203657,29.542983990260314,255,25.5,2.5,4.5,7.5,255,17.6,3.5,5.75,9.5,255,12.9,4.0,7.38,11.15,255,11.0,4.25,8.0,12.15,250,8.8,5.12,10.38,15.55,245,8.2,6.5,12.75,16.0,243,7.8,7.75,14.75,16.0
DHL.DE,Hoch 2,126,0.5298923596492736,2.1921165587705405,4.524734043074694,7.4281576695077165,10.489654986298413,16.708980291184318,26.51862625081173,126,27.0,2.75,4.44,6.38,126,18.3,3.5,6.0,9.38,126,13.5,4.38,7.38,10.38,126,11.1,4.75,8.12,14.0,123,7.3,5.25,9.12,15.85,122,4.9,6.25,11.81,16.0,120,5.0,6.88,14.25,16.0
DHL.DE,Hoch 3,74,0.4029668833342648,2.2757070973161095,4.056940868544636,6.988049574338409,10.584927122989601,11.407258883133283,19.876815856025566,74,32.4,2.88,4.5,7.0,74,16.2,3.5,5.94,8.43,74,13.5,4.0,6.94,10.55,73,13.7,4.5,7.5,11.2,72,12.5,4.75,9.12,15.77,71,9.9,6.0,11.38,16.0,70,8.6,8.25,13.56,16.0
DHL.DE,Hoch 4,39,0.9366587345143363,2.11494161675972,4.372914682202174,6.529596984806584,11.23275316053249,14.025441825896737,30.53495234153681,39,30.8,3.0,4.25,6.7,39,23.1,4.0,6.12,7.7,39,15.4,4.25,6.38,11.2,38,15.8,4.88,8.06,11.78,38,15.8,5.0,10.38,13.23,38,10.5,6.12,13.38,16.0,38,7.9,9.25,14.88,16.0
DHL.DE,Hoch 5,22,0.9060229997227859,1.8599974864717004,3.3103898577437896,7.631256063778211,8.744751261334171,9.907826573487805,10.692419757151695,22,27.3,3.0,4.12,5.5,22,22.7,3.12,6.56,7.98,22,18.2,3.12,7.44,8.68,22,18.2,3.25,7.62,9.88,22,13.6,3.62,8.88,11.7,22,9.1,3.62,10.94,15.88,22,9.1,6.25,12.31,16.0
DHL.DE,Hoch 6,13,1.1288198412565897,1.7762251771972855,3.137519590378506,5.30764098788904,10.531722264555652,11.106476429077826,11.537722922352781,13,23.1,3.0,4.0,8.45,13,23.1,3.0,5.25,8.85,13,15.4,3.0,5.25,10.45,13,15.4,3.25,7.75,11.05,13,7.7,3.25,10.0,12.9,13,7.7,3.25,11.5,15.45,13,7.7,5.25,13.0,15.45
DHL.DE,Hoch 7,8,1.4456807174293942,3.0109849633850483,3.658278551909719,6.244944549083854,9.548766607653302,11.515120959141704,13.48147531063011,8,25.0,3.5,4.75,5.5,8,12.5,3.5,4.75,7.22,8,0.0,3.5,6.06,9.4,8,0.0,3.5,8.19,12.8,8,0.0,5.12,9.06,14.2,8,0.0,5.12,11.31,15.47,8,0.0,8.5,12.81,15.47
DHL.DE,Hoch 8,3,1.169304116817861,1.8064821227693397,2.4436601287208184,6.853721208404629,9.499757856214915,10.381770072151676,11.26378228808844,3,0.0,2.25,3.38,4.05,3,0.0,2.25,3.38,4.05,3,0.0,2.25,6.75,9.45,3,0.0,2.25,6.75,9.45,3,0.0,4.5,8.75,11.3,3,0.0,12.5,14.25,15.3,3,0.0,16.0,16.0,16.0
DHL.DE,Hoch 9,2,1.792150646753753,1.9281452925158766,2.064139938278,2.200134584040124,2.281731371497398,2.308930300649823,2.3361292298022476,2,0.0,2.0,2.12,2.2,2,0.0,2.0,2.12,2.2,2,0.0,2.0,2.12,2.2,2,0.0,3.38,3.94,4.28,2,0.0,4.0,4.88,5.4,2,0.0,8.25,11.25,13.05,2,0.0,9.12,12.56,14.62
DHL.DE,Hoch 10,1,2.3153283574729264,2.3153283574729264,2.3153283574729264,2.3153283574729264,2.3153283574729264,2.3153283574729264,2.3153283574729264,1,0.0,2.25,2.25,2.25,1,0.0,2.25,2.25,2.25,1,0.0,2.25,2.25,2.25,1,0.0,7.25,7.25,7.25,1,0.0,7.25,7.25,7.25,1,0.0,16.0,16.0,16.0,1,0.0,16.0,16.0,16.0
DHL.DE,Hoch 11,1,6.184590134186939,6.184590134186939,6.184590134186939,6.184590134186939,6.184590134186939,6.184590134186939,6.184590134186939,1,100.0,2.5,2.5,2.5,1,0.0,2.5,2.5,2.5,1,0.0,6.0,6.0,6.0,1,0.0,7.25,7.25,7.25,1,0.0,7.25,7.25,7.25,1,0.0,16.0,16.0,16.0,1,0.0,16.0,16.0,16.0
DHL.DE,Hoch 12,1,8.833582929873879,8.833582929873879,8.833582929873879,8.833582929873879,8.833582929873879,8.833582929873879,8.833582929873879,1,0.0,5.75,5.75,5.75,1,0.0,8.75,8.75,8.75,1,0.0,8.75,8.75,8.75,1,0.0,8.75,8.75,8.75,1,0.0,13.0,13.0,13.0,1,0.0,16.0,16.0,16.0,1,0.0,16.0,16.0,16.0
DHL.DE,Hoch 13,1,10.021589436215613,10.021589436215613,10.021589436215613,10.021589436215613,10.021589436215613,10.021589436215613,10.021589436215613,1,100.0,7.0,7.0,7.0,1,100.0,10.0,10.0,10.0,1,100.0,10.0,10.0,10.0,1,100.0,10.0,10.0,10.0,1,100.0,16.0,16.0,16.0,1,100.0,16.0,16.0,16.0,1,100.0,16.0,16.0,16.0
DHR,alle,587,0.46086533362647913,2.4121757996662434,3.9026144870268595,6.268183945813387,9.127301004188043,11.051694874410364,23.276352802615502,587,26.7,2.75,4.25,6.5,587,16.4,3.5,5.5,8.1,587,10.1,3.75,6.25,9.0,584,9.2,4.0,6.75,9.75,577,5.9,4.5,7.75,12.1,570,4.7,5.25,9.25,13.78,565,4.2,5.5,9.75,15.25
DHR,Hoch 1,283,0.7599822688283603,2.407888629774438,3.868819403038882,5.9181062431542895,8.67342683527664,9.980393486062653,21.01220609974157,283,25.1,2.75,4.25,6.25,283,15.2,3.5,5.0,7.25,283,9.9,3.75,5.75,8.5,283,8.5,4.0,6.5,9.0,277,5.1,4.25,7.0,10.5,272,3.7,5.0,8.75,13.0,270,3.0,5.25,9.69,15.25
DHR,Hoch 2,138,0.7488457766719738,2.339422467482307,3.525967171595732,5.708170546727343,8.223976316828107,10.18616253110918,19.816214397719136,138,26.8,2.5,4.0,6.32,138,17.4,3.12,5.19,8.0,138,8.7,3.5,5.5,8.07,137,8.0,4.25,6.25,9.7,136,5.9,4.5,7.5,11.88,135,5.9,5.0,8.12,14.2,133,5.3,5.5,9.0,15.2
DHR,Hoch 3,73,0.46086533362647913,2.6130492108411443,4.315636080874308,7.361366373338971,9.679800210228885,11.15248857070748,19.931489354862087,73,26.0,3.0,4.25,6.65,73,11.0,4.0,5.25,9.0,73,8.2,4.25,7.25,9.65,72,8.3,5.0,8.5,10.2,72,5.6,5.5,9.0,12.65,71,2.8,6.25,9.5,13.5,70,2.9,6.5,9.69,14.43
DHR,Hoch 4,43,0.7850630225289694,2.5008520859250574,4.639179093352177,8.07871063667678,10.473176190207758,12.79221933627063,14.576970599651,43,37.2,2.75,5.12,6.45,43,27.9,3.5,6.5,9.1,43,20.9,4.5,8.0,10.4,42,21.4,5.25,8.38,11.25,42,11.9,6.12,9.25,13.82,42,11.9,6.75,9.94,14.5,42,11.9,8.12,11.0,14.5
DHR,Hoch 5,23,1.4065324110912318,3.087759089211838,5.2415708557474945,7.915414593799858,12.832459700486808,15.945701883279476,23.276352802615502,23,26.1,3.25,5.5,8.15,23,17.4,4.0,6.88,11.7,23,8.7,5.0,7.75,12.75,23,8.7,5.0,7.75,12.85,23,4.3,5.5,9.5,14.1,23,4.3,7.25,10.0,15.5,23,4.3,7.25,11.62,15.5
DHR,Hoch 6,14,1.9843405436405592,2.7806427878013817,4.758019845857975,8.200714653621922,13.41108418113214,17.358786299212603,21.88713582394799,14,35.7,2.75,6.0,11.05,14,28.6,4.62,7.56,12.73,14,14.3,4.62,8.0,13.25,14,14.3,4.62,8.38,13.25,14,14.3,4.62,9.69,14.93,14,7.1,5.75,10.19,15.63,14,7.1,5.75,10.75,15.63
DHR,Hoch 7,7,1.8273905514752078,2.0669464049347974,3.079984819296239,4.340108724577938,5.387853045627427,5.757708056583336,6.127563067539247,7,28.6,3.0,3.5,4.15,7,0.0,3.0,4.25,5.25,7,0.0,3.0,4.25,5.25,7,0.0,3.0,4.25,5.25,7,0.0,3.0,4.25,5.25,7,0.0,3.0,5.38,9.1,7,0.0,3.0,5.38,9.1
DHR,Hoch 8,3,1.5785369608901938,2.1588133294673435,2.7390896980444936,5.13510885512408,6.572720349371832,7.051924180787749,7.531128012203666,3,33.3,1.5,3.0,3.9,3,33.3,2.5,5.0,6.5,3,0.0,2.5,5.0,6.5,3,0.0,2.5,5.0,6.5,3,0.0,2.5,5.0,6.5,3,0.0,2.5,5.0,6.5,3,0.0,2.75,5.12,6.55
DHR,Hoch 9,1,3.351754358694962,3.351754358694962,3.351754358694962,3.351754358694962,3.351754358694962,3.351754358694962,3.351754358694962,1,0.0,3.25,3.25,3.25,1,0.0,3.25,3.25,3.25,1,0.0,3.25,3.25,3.25,1,0.0,3.25,3.25,3.25,1,0.0,3.25,3.25,3.25,1,0.0,3.25,3.25,3.25,1,0.0,3.25,3.25,3.25
DHR,Hoch 10,1,3.37955867083216,3.37955867083216,3.37955867083216,3.37955867083216,3.37955867083216,3.37955867083216,3.37955867083216,1,0.0,2.0,2.0,2.0,1,0.0,3.25,3.25,3.25,1,0.0,3.25,3.25,3.25,1,0.0,3.25,3.25,3.25,1,0.0,3.25,3.25,3.25,1,0.0,3.25,3.25,3.25,1,0.0,3.25,3.25,3.25
DHR,Hoch 11,1,3.461037462991622,3.461037462991622,3.461037462991622,3.461037462991622,3.461037462991622,3.461037462991622,3.461037462991622,1,0.0,3.25,3.25,3.25,1,0.0,3.25,3.25,3.25,1,0.0,3.25,3.25,3.25,1,0.0,3.25,3.25,3.25,1,0.0,3.25,3.25,3.25,1,0.0,3.25,3.25,3.25,1,0.0,3.25,3.25,3.25
DIS,alle,548,0.6670571601336395,2.5988855942435047,4.513661343381064,7.574967349305483,12.17289578853868,14.850346272844197,40.07452507819114,548,29.7,2.75,4.5,6.83,548,20.4,3.75,6.25,9.5,548,16.2,4.5,7.5,12.0,545,13.6,5.0,9.0,14.4,542,10.5,6.0,10.5,16.0,537,7.6,7.0,12.75,16.0,531,6.2,7.75,14.5,16.0
DIS,Hoch 1,271,0.689708923758926,2.8486938494700387,4.625460279689091,7.697174284928687,13.06585115615377,15.240894115459461,40.07452507819114,271,31.7,3.0,4.62,7.5,271,20.3,3.75,6.12,10.0,271,16.2,4.5,7.5,13.0,269,13.4,5.25,9.0,14.8,268,11.6,6.0,10.75,16.0,264,7.6,7.25,13.5,16.0,260,5.8,7.75,14.81,16.0
DIS,Hoch 2,117,0.7089595723968379,2.414507492060552,4.575489809311626,7.31603236743843,12.374768040496294,15.043652294835182,31.928110618495527,117,32.5,2.75,5.0,6.6,117,22.2,3.75,6.25,9.05,117,17.9,4.5,7.25,12.35,116,13.8,5.25,8.75,14.0,115,7.0,6.5,11.25,16.0,115,6.1,7.25,12.62,16.0,113,4.4,7.5,14.25,16.0
DIS,Hoch 3,67,1.0402796890458992,2.725084598555954,3.936394402376801,8.237791494838534,12.946968528000212,16.56312745496845,20.63082489911856,67,23.9,2.75,4.25,6.15,67,22.4,3.5,6.38,9.45,67,16.4,3.75,8.12,12.8,67,14.9,5.0,9.88,16.0,66,10.6,6.75,12.38,16.0,65,9.2,8.25,15.25,16.0,65,7.7,9.0,16.0,16.0
DIS,Hoch 4,35,0.6670571601336395,2.6778401114797794,4.494947882291665,8.58031503945452,10.258477876217288,15.168471436004571,20.086835102031174,35,25.7,3.0,4.62,7.6,35,17.1,4.0,7.38,9.05,35,17.1,4.25,8.38,10.2,35,17.1,5.75,9.5,13.7,35,17.1,6.75,11.5,15.7,35,11.4,10.5,12.88,16.0,35,11.4,11.0,14.5,16.0
DIS,Hoch 5,20,0.9866379716678475,1.4297502055523812,4.161377232653713,6.869364810569486,9.565112290019878,9.826983489663844,10.127465201119922,20,20.0,2.0,4.5,6.85,20,15.0,2.75,6.31,8.8,20,10.0,4.12,6.62,9.53,20,10.0,4.12,8.0,9.53,20,10.0,5.0,9.12,11.05,20,10.0,6.38,10.94,16.0,20,10.0,6.38,10.94,16.0
DIS,Hoch 6,13,1.4206768742308253,2.420095308930981,3.387686816070982,4.276118590904192,8.963743605317212,10.418389281170118,11.055368246546807,13,23.1,2.25,3.75,4.4,13,15.4,3.25,4.25,8.75,13,7.7,3.25,4.25,8.75,13,0.0,3.25,4.75,8.9,13,0.0,3.75,5.5,9.35,13,0.0,4.0,6.75,9.35,13,0.0,5.5,7.75,9.4
DIS,Hoch 7,11,1.005642942736118,2.3885135038626557,3.879355961111291,5.305229887178639,6.387732218517664,8.504207582762897,10.62068294700813,11,36.4,2.25,5.0,6.25,11,18.2,2.5,5.12,6.25,11,18.2,3.75,5.12,6.25,11,18.2,4.5,5.38,7.0,11,9.1,4.5,6.62,9.5,11,0.0,6.0,8.25,9.5,11,0.0,6.25,9.5,10.5
DIS,Hoch 8,7,1.6550373140865853,2.2582558479723587,2.6438899701005076,4.413954948047017,6.645743427099571,7.201071497266299,7.7563995674330295,7,0.0,2.5,2.88,3.1,7,0.0,2.5,2.88,3.3,7,0.0,2.5,4.25,6.55,7,0.0,2.5,4.25,7.15,7,0.0,3.0,5.38,9.85,7,0.0,3.0,9.38,12.4,7,0.0,3.0,11.25,13.9
DIS,Hoch 9,5,2.328418338044117,2.531133358500586,3.607606697099829,5.111084531220522,9.069787150482377,10.389354690236328,11.70892222999028,5,40.0,2.5,3.0,4.8,5,40.0,3.5,4.75,8.2,5,40.0,3.5,5.0,8.9,5,40.0,3.5,5.0,11.15,5,40.0,3.5,5.0,11.6,5,40.0,3.5,8.5,13.0,5,40.0,3.5,10.5,13.8
DIS,Hoch 10,2,2.7818486001435936,3.43635835021375,4.090868100283906,4.745377850354061,5.138083700396155,5.268985650410186,5.399887600424218,2,50.0,3.62,4.06,4.33,2,50.0,4.0,4.62,5.0,2,0.0,4.0,4.62,5.0,2,0.0,4.0,4.62,5.0,2,0.0,4.0,4.62,5.0,2,0.0,4.0,4.62,5.0,2,0.0,4.0,4.62,5.0
DTE.DE,alle,545,0.7455579329310617,2.4991613038069413,4.174141183400276,6.942980647056914,10.02156813231215,12.495237396197052,30.072158413832796,545,29.9,3.0,4.5,6.5,545,19.3,3.5,5.75,8.75,545,15.2,4.0,6.75,9.9,544,12.1,4.75,7.5,11.17,540,7.8,5.25,8.75,13.5,532,5.1,5.88,10.25,15.23,522,3.8,6.5,11.75,16.0
DTE.DE,Hoch 1,260,0.7455579329310617,2.3387200603122995,3.9021007475899614,6.1230033020123,9.899765988719281,11.451441707708112,27.962697301609705,260,28.1,2.75,4.5,6.5,260,17.7,3.25,5.25,7.5,260,13.1,3.75,6.0,9.75,259,10.0,4.5,7.12,10.8,256,6.2,5.0,8.25,12.25,253,4.7,5.5,10.0,14.2,248,3.2,6.25,11.0,15.15
DTE.DE,Hoch 2,130,0.9171470275660962,2.5320734202380306,4.079449998267405,6.55765574419612,9.562792829511139,11.649902625435233,26.83528246106514,130,29.2,3.0,4.25,6.5,130,17.7,3.75,5.5,7.75,130,14.6,4.0,6.44,9.53,130,12.3,4.25,7.19,9.75,129,8.5,5.0,8.25,11.75,126,5.6,5.62,9.44,13.88,124,4.8,6.12,11.75,16.0
DTE.DE,Hoch 3,80,0.903072742149768,2.6188078289083676,4.631479979357494,6.769261643265739,8.881164032771446,9.932686567906607,29.04548668471179,80,35.0,2.75,4.56,6.03,80,25.0,3.75,6.31,8.28,80,20.0,4.62,6.62,8.78,80,13.8,4.88,7.75,10.53,80,11.2,5.38,8.56,12.08,78,5.1,5.75,9.19,14.72,76,2.6,5.75,10.56,16.0
DTE.DE,Hoch 4,38,1.2271049781739305,2.8310510398132465,4.829492896965927,7.419051023318465,11.885944171166363,15.662807720885468,30.072158413832796,38,34.2,3.25,4.69,6.4,38,21.1,4.12,7.25,9.65,38,18.4,4.75,7.25,11.8,38,15.8,5.5,8.94,11.8,38,10.5,5.88,9.5,15.3,38,7.9,6.88,12.25,16.0,37,8.1,7.25,14.0,16.0
DTE.DE,Hoch 5,17,1.4985520342810308,3.5326835737365054,6.42928320629885,8.605117899376138,12.92401855818231,15.530325669753378,24.926504856623403,17,17.6,3.5,5.5,6.1,17,11.8,5.25,6.25,12.85,17,11.8,6.25,8.5,12.85,17,11.8,6.25,8.5,14.2,17,5.9,7.0,13.0,16.0,17,5.9,7.25,16.0,16.0,17,5.9,7.25,16.0,16.0
DTE.DE,Hoch 6,11,2.3466654658162103,3.4428032029503144,7.196048458782688,10.673751188624273,13.312048314448694,13.32074668775225,13.329445061055806,11,27.3,4.0,5.0,6.25,11,9.1,4.0,8.12,13.25,11,9.1,7.0,10.5,13.25,11,9.1,7.0,11.75,13.25,11,0.0,9.0,12.75,13.5,11,0.0,9.0,14.12,16.0,11,0.0,9.0,14.12,16.0
DTE.DE,Hoch 7,6,2.314238526459701,5.392387684905335,9.557944986572146,12.145758539266325,13.331766758580194,13.69280560301579,14.053844447451384,6,33.3,3.5,5.88,7.12,6,33.3,6.12,11.88,12.5,6,33.3,9.5,12.06,13.25,6,33.3,9.5,13.19,15.0,6,0.0,10.38,13.44,15.0,6,0.0,10.38,13.44,15.0,6,0.0,10.38,13.44,15.0
DTE.DE,Hoch 8,3,3.8594563776643533,8.451851217660451,13.044246057656547,13.143056798859647,13.202343243581508,13.222105391822128,13.241867540062747,3,100.0,5.25,6.5,7.25,3,100.0,13.0,13.0,13.0,3,66.7,13.0,13.0,13.0,3,66.7,13.0,13.38,13.6,3,33.3,13.0,13.38,13.6,3,0.0,13.0,13.38,13.6,3,0.0,13.0,13.38,13.6
DTG.DE,alle,140,0.7972783153825858,2.3858156098445495,3.923934747777917,6.538127706324203,9.21762867747382,10.511413150451121,17.63680027204062,140,31.4,3.0,4.5,6.28,140,20.7,3.38,5.5,8.0,140,13.6,3.75,6.5,9.03,140,10.0,4.25,7.0,9.5,134,3.7,5.0,7.5,9.5,126,3.2,5.38,7.94,9.62,117,1.7,5.5,8.0,9.85
DTG.DE,Hoch 1,66,0.7972783153825858,2.2926346058545213,3.69564537085487,5.678001972847033,8.396233140869853,10.475841643969613,11.122013607541252,66,31.8,3.25,4.44,6.12,66,19.7,3.38,4.94,7.75,66,13.6,3.5,5.5,8.38,66,9.1,3.88,5.94,8.88,64,1.6,4.25,6.06,9.03,61,1.6,4.5,6.25,9.25,55,0.0,4.75,7.12,9.25
DTG.DE,Hoch 2,29,0.8806481963306247,2.074071284032217,3.850862620377256,5.8349164049869895,9.554687542705437,10.549524966993673,17.63680027204062,29,37.9,2.5,4.5,5.55,29,27.6,3.0,4.75,7.6,29,17.2,3.75,5.75,9.5,29,13.8,4.5,7.5,9.5,27,7.4,5.25,7.75,9.5,27,7.4,5.25,7.75,9.5,26,3.8,5.38,7.88,9.5
DTG.DE,Hoch 3,15,1.235289010344226,1.5612491449904815,3.0495762730068092,6.482718152698874,8.766207443662898,10.072384666934274,10.510533473737754,15,6.7,2.0,3.75,5.4,15,0.0,2.0,5.88,7.0,15,0.0,3.0,6.38,8.65,15,0.0,3.0,6.88,8.75,14,0.0,5.25,6.94,9.0,14,0.0,5.62,7.19,9.08,13,0.0,6.0,7.25,9.3
DTG.DE,Hoch 4,12,1.4502848142307594,2.881709430617621,3.4675125875951807,6.726215366543999,7.853751399098715,9.088964972046217,10.528127008005125,12,33.3,3.12,4.0,7.08,12,8.3,3.38,5.0,7.7,12,8.3,3.38,6.69,7.7,12,0.0,4.0,6.88,7.7,11,0.0,6.0,7.5,9.25,11,0.0,6.75,8.38,9.25,10,0.0,7.0,8.69,9.38
DTG.DE,Hoch 5,7,2.9708884914397813,4.400160125059351,4.9488424893127965,6.171214808779334,8.249449656399626,9.23353436198628,10.217619067572938,7,28.6,3.0,3.75,5.35,7,28.6,4.25,5.5,7.45,7,14.3,4.75,6.0,8.05,7,14.3,5.25,8.0,9.25,7,14.3,7.25,9.38,10.7,6,16.7,8.0,9.69,10.88,6,16.7,8.0,9.69,10.88
DTG.DE,Hoch 6,4,3.569251705562523,4.909952662789472,6.125469413822676,7.396600433886224,8.301126692477013,8.602635445340608,8.904144198204206,4,25.0,3.38,4.12,4.8,4,25.0,4.88,5.62,6.3,4,25.0,6.0,7.25,8.15,4,25.0,6.0,7.88,9.9,4,25.0,7.62,9.0,10.35,3,0.0,8.25,9.75,10.65,3,0.0,8.25,9.75,10.65
DTG.DE,Hoch 7,3,3.301418537089334,4.4584258976423925,5.615433258195452,6.418507683531161,6.900352338732587,7.060967223799729,7.221582108866871,3,33.3,4.75,5.12,5.35,3,33.3,5.5,6.25,6.7,3,0.0,5.5,6.25,6.7,3,0.0,5.5,6.25,6.7,3,0.0,7.25,7.75,8.05,2,0.0,7.75,8.0,8.15,2,0.0,7.75,8.0,8.15
DTG.DE,Hoch 8,2,3.696677664661413,4.8286895915300505,5.960701518398688,7.092713445267325,7.771920601388508,7.9983229867622345,8.224725372135962,2,50.0,4.0,5.12,5.8,2,50.0,5.75,6.88,7.55,2,50.0,5.75,6.88,7.55,2,50.0,5.88,7.06,7.78,2,0.0,5.88,7.06,7.78,1,0.0,8.25,8.25,8.25,1,0.0,8.25,8.25,8.25
DTG.DE,Hoch 9,2,5.135760665603647,6.178028061381012,7.220295457158377,8.26256285293574,8.88792329040216,9.096376769557633,9.304830248713106,2,100.0,6.62,7.94,8.72,2,100.0,7.12,8.19,8.82,2,50.0,7.12,8.19,8.82,2,50.0,7.25,8.38,9.05,2,0.0,7.25,8.38,9.05,1,0.0,9.5,9.5,9.5,1,0.0,9.5,9.5,9.5
DUK,alle,514,0.5841112925618802,2.286150084914952,3.7545024706186187,5.899964509425294,8.599641124458744,11.607653831282686,34.768243066800366,514,26.3,2.5,4.0,5.75,514,16.9,3.12,5.25,7.75,514,12.1,3.75,5.75,8.5,510,8.6,4.0,6.5,9.5,501,6.6,4.25,7.5,12.0,492,4.7,4.75,8.56,15.25,486,2.7,5.0,9.5,16.0
DUK,Hoch 1,238,0.5841112925618802,1.921869294058174,3.483290743783642,5.359873308914589,7.939735289699019,9.307677736112081,17.261770647314194,238,23.5,2.5,4.0,5.83,238,16.4,3.0,5.0,7.58,238,11.3,3.25,5.25,7.75,237,8.4,3.75,5.75,8.25,231,6.5,4.0,6.62,10.0,230,4.8,4.38,7.75,11.5,227,2.6,4.5,8.12,14.0
DUK,Hoch 2,126,0.8671550969439796,2.2989972668093692,3.6275278540002427,5.631693405930012,8.143975270140238,10.196856213993454,13.743680117986651,126,23.8,2.62,3.94,4.75,126,14.3,3.0,4.69,6.88,126,7.9,3.5,5.5,8.0,125,5.6,3.75,6.0,9.15,122,2.5,4.0,6.69,10.0,120,2.5,4.5,7.81,12.35,119,0.8,4.5,9.0,14.2
DUK,Hoch 3,71,1.0937626126927351,2.5579837693671905,3.3763180766361227,6.505389055918148,9.53484150680019,11.120387499698094,30.165046114988378,71,25.4,2.5,4.12,6.0,71,12.7,3.0,5.62,7.75,71,12.7,3.25,6.38,9.5,70,11.4,3.75,6.88,9.78,70,8.6,4.5,8.19,10.88,68,4.4,4.75,8.75,13.68,68,4.4,5.25,8.94,15.83
DUK,Hoch 4,41,1.1396876978398203,2.877346587117093,4.258380426133155,7.567391719842935,11.352583836126877,12.578065579088513,28.29674253482318,41,36.6,2.75,4.0,5.5,41,24.4,3.5,5.5,8.5,41,17.1,4.25,7.5,11.25,40,10.0,4.62,7.94,11.33,40,10.0,5.88,10.75,15.05,38,7.9,6.25,11.75,16.0,38,5.3,6.88,12.56,16.0
DUK,Hoch 5,20,2.319366702828626,3.7048603271332743,5.53770730013868,6.703487752037928,12.26009155458057,13.864696133518605,34.768243066800366,20,40.0,3.88,5.25,7.05,20,25.0,5.38,5.75,8.4,20,25.0,5.38,6.62,12.08,20,15.0,5.62,7.81,12.4,20,15.0,6.62,8.88,16.0,18,5.6,7.38,11.88,16.0,17,0.0,8.0,12.0,16.0
DUK,Hoch 6,11,1.327884683380446,5.309866689166847,5.87631564414367,7.573231601683634,16.19330693071921,24.598522399722626,33.00373786872604,11,36.4,5.0,5.5,7.25,11,27.3,5.25,7.38,7.75,11,18.2,5.75,7.5,16.0,11,0.0,7.25,10.5,16.0,11,0.0,7.75,14.62,16.0,11,0.0,13.25,16.0,16.0,10,0.0,14.5,16.0,16.0
DUK,Hoch 7,5,3.851736178915188,5.869337365472887,5.888963111610679,14.924323243838002,24.37313590920151,27.52274013098934,30.672344352777177,5,60.0,3.75,5.75,11.9,5,40.0,5.75,9.5,13.4,5,20.0,5.75,14.75,15.5,5,20.0,7.0,14.75,15.5,5,20.0,7.25,14.75,15.5,5,20.0,16.0,16.0,16.0,5,20.0,16.0,16.0,16.0
DUK,Hoch 8,2,7.429825137968455,9.544380886193446,11.658936634418438,13.773492382643429,15.042225831578424,15.465136981223424,15.888048130868421,2,50.0,3.12,3.44,3.62,2,50.0,9.88,11.19,11.97,2,50.0,11.5,13.62,14.9,2,50.0,11.5,13.62,14.9,2,50.0,15.75,15.75,15.75,2,50.0,15.88,15.94,15.97,2,0.0,15.88,15.94,15.97
DXCM,alle,447,0.8600203027939871,2.3456931390288904,4.029520028565651,7.082994998796806,10.325045316771838,13.284872614683552,23.223730483721873,447,34.2,3.0,4.5,6.75,447,22.1,3.5,5.75,8.5,447,17.0,4.0,7.0,10.25,445,15.3,4.25,8.25,11.65,441,13.2,4.75,9.0,14.5,438,10.3,6.0,10.25,16.0,428,8.2,7.25,11.81,16.0
DXCM,Hoch 1,204,0.8600203027939871,2.172388889457771,3.9157876517282704,6.923081457585552,10.440805925946048,12.788299554590958,19.03465560890017,204,33.8,2.62,4.31,6.43,204,24.0,3.25,5.5,8.18,204,18.1,3.75,6.75,10.25,204,16.7,4.0,8.06,11.25,201,13.9,4.5,9.0,14.5,199,10.1,5.5,10.25,15.3,192,8.3,6.75,11.75,16.0
DXCM,Hoch 2,101,1.080249669055751,2.2867516074323424,3.8659992418377525,7.417492924679383,10.992991333005353,13.415353456607306,23.223730483721873,101,36.6,2.75,4.25,7.0,101,20.8,3.0,5.75,8.75,101,16.8,3.75,7.25,10.75,101,15.8,4.0,9.25,12.25,100,16.0,5.0,9.25,14.53,99,13.1,6.0,10.38,16.0,98,10.2,7.62,12.12,16.0
DXCM,Hoch 3,55,1.096884583879547,2.479304066403121,4.124518265982796,6.470912584103592,9.907859806485359,13.956895370820702,20.627325222740485,55,30.9,3.25,4.38,6.75,55,20.0,3.5,5.5,8.65,55,14.5,4.0,6.38,9.75,54,11.1,4.38,7.0,10.95,54,9.3,5.25,8.25,14.1,54,7.4,6.38,10.81,14.1,53,5.7,7.0,11.75,15.85
DXCM,Hoch 4,35,1.0340121144969436,3.1948040585250768,4.025258233525863,6.6276129038898794,9.560413570641083,10.919696353264122,17.416002591854408,35,40.0,3.75,4.5,6.05,35,28.6,3.75,5.5,6.9,35,22.9,4.0,6.5,9.45,34,20.6,4.25,7.81,10.25,34,17.6,5.12,8.19,14.35,34,14.7,6.62,10.25,15.77,33,12.1,7.0,14.25,16.0
DXCM,Hoch 5,19,1.1102832895559922,2.5959792255817247,4.336030326061923,5.07951465952484,8.48985847908376,10.786966097962084,15.275647680697572,19,26.3,3.25,4.25,4.6,19,21.1,3.5,4.38,5.1,19,15.8,4.25,5.0,8.45,19,15.8,4.25,5.62,8.45,19,10.5,4.5,6.62,8.45,19,10.5,6.25,8.25,16.0,19,5.3,6.25,9.75,16.0
DXCM,Hoch 6,10,1.8721379355476733,2.602035750407101,3.562790816474636,4.205985096047051,6.069338738173184,6.6953081263976495,7.321277514622117,10,30.0,1.75,3.69,3.8,10,10.0,3.25,4.12,5.9,10,0.0,3.5,4.12,5.9,10,0.0,4.0,6.12,7.28,10,0.0,4.0,6.12,7.4,10,0.0,5.0,8.38,16.0,10,0.0,5.0,8.38,16.0
DXCM,Hoch 7,8,2.9662239917995086,4.203808699744341,5.773485521003156,7.121155601386603,8.085741114995601,8.787055402982794,9.48836969096999,8,12.5,2.38,2.75,4.02,8,0.0,3.5,6.81,7.67,8,0.0,5.62,7.06,7.85,8,0.0,7.0,9.25,10.6,8,0.0,7.0,9.25,10.82,8,0.0,8.12,10.56,14.95,8,0.0,8.38,10.75,14.95
DXCM,Hoch 8,7,3.180270850086397,5.513763098741846,7.421278201384369,9.24970327262297,13.753745797929481,16.546404585068935,19.3390633722084,7,28.6,4.5,5.25,6.6,7,28.6,5.0,8.62,12.4,7,28.6,7.25,9.12,12.4,7,28.6,8.25,9.88,12.4,7,14.3,9.75,10.25,12.7,7,14.3,9.75,13.0,16.0,7,14.3,9.75,13.0,16.0
DXCM,Hoch 9,5,4.184308596131464,5.882827160332087,6.162912048907464,7.366654117520923,8.818486624290202,9.302430793213293,9.786374962136387,5,60.0,5.0,7.25,7.4,5,20.0,6.0,7.25,7.4,5,20.0,6.0,7.25,8.75,5,0.0,6.0,9.5,9.65,5,0.0,6.0,9.5,13.4,5,0.0,6.0,9.5,13.4,5,0.0,9.5,9.5,13.4
DXCM,Hoch 10,3,5.922075803465995,6.743925134201674,7.565774464937353,8.124253213301921,8.459340462320663,8.571036211993578,8.68273196166649,3,66.7,6.75,7.0,7.15,3,0.0,7.25,7.88,8.25,3,0.0,7.5,8.0,8.3,3,0.0,8.5,9.12,9.5,3,0.0,9.75,12.5,14.15,3,0.0,9.75,12.5,14.15,3,0.0,9.75,12.5,14.15
EMR,alle,576,0.7278433752374444,2.4070971141344035,4.34968707076395,7.149914106339079,11.175878467428877,13.417455118146432,44.23783853096417,576,29.3,3.0,4.75,7.12,576,17.2,3.75,6.0,9.75,576,12.7,4.25,7.0,11.0,574,10.6,4.75,7.75,11.75,568,7.4,5.25,9.0,14.0,557,5.0,6.0,10.75,16.0,549,4.0,6.75,12.25,16.0
EMR,Hoch 1,285,0.794153483323176,2.4153007425015547,3.9478817218349187,6.439818906001602,10.756143716078256,13.59250714470111,37.70066328881076,285,27.7,3.0,4.5,6.65,285,18.6,3.5,5.0,9.75,285,15.1,3.75,6.25,10.65,284,13.0,4.0,6.81,11.85,280,8.9,4.75,8.56,13.52,274,6.9,5.5,10.5,15.93,270,5.2,6.0,12.0,16.0
EMR,Hoch 2,140,0.7278433752374444,2.4190740440176586,4.573764752940411,6.924614908784422,10.489364285187296,11.197214546860016,23.221354586171923,140,40.0,3.12,4.75,7.03,140,15.7,4.0,6.06,8.83,140,8.6,4.5,6.81,10.28,139,5.8,4.75,7.38,11.0,138,3.6,5.25,8.25,12.75,136,2.9,5.88,10.06,15.38,134,3.0,6.5,11.69,16.0
EMR,Hoch 3,64,0.9114609772096379,2.3673387352182664,4.10300000731157,7.004655545073321,9.073940253669669,12.616008941300967,23.125161745250924,64,15.6,2.5,3.81,5.43,64,6.2,3.5,5.31,7.75,64,4.7,4.0,6.81,9.0,64,1.6,4.38,7.56,12.0,63,0.0,4.75,8.5,15.8,62,0.0,5.75,10.19,16.0,61,0.0,6.5,12.75,16.0
EMR,Hoch 4,42,0.9309554551406206,2.063717908144506,5.424512471367574,9.924140077967298,13.432737049294127,17.15735669870998,32.66168979532334,42,26.2,3.25,5.19,9.32,42,23.8,4.5,8.12,11.25,42,19.0,5.25,9.69,13.3,42,19.0,6.38,9.69,16.0,42,16.7,6.75,11.25,16.0,41,9.8,7.5,15.5,16.0,40,10.0,9.5,16.0,16.0
EMR,Hoch 5,22,1.9098978852367263,2.565075433801244,4.992369362267931,10.89743420573744,14.799465333590806,15.337305640837558,44.23783853096417,22,27.3,2.25,5.88,7.75,22,22.7,4.88,8.94,12.45,22,18.2,4.88,10.81,14.75,22,18.2,5.38,10.81,15.65,22,13.6,7.75,11.0,15.68,21,0.0,7.0,11.0,16.0,21,0.0,8.5,12.5,16.0
EMR,Hoch 6,12,1.8082423170693123,4.52957520303353,5.852691969913181,9.77017815753165,11.77756331608296,25.251806398700914,41.67489475489463,12,33.3,3.38,5.69,7.9,12,25.0,5.38,8.62,11.48,12,8.3,5.75,9.56,11.7,12,8.3,6.62,9.56,11.7,12,8.3,8.75,10.12,11.7,12,0.0,8.75,10.12,11.7,12,0.0,9.38,11.38,15.58
EMR,Hoch 7,6,1.7398017773595547,6.4328839419591795,6.698093229292889,7.755788128029641,24.155360412906273,32.19491379097715,40.234467169048024,6,33.3,3.62,6.19,7.5,6,16.7,5.25,7.62,12.0,6,16.7,6.62,7.69,12.0,6,16.7,7.12,7.94,12.0,6,16.7,9.5,11.0,13.5,6,16.7,9.5,11.0,13.5,6,0.0,11.0,14.0,15.5
EMR,Hoch 8,3,2.2767356525334645,5.0891680900012375,7.901600527469011,8.774755866258975,9.298649069532951,9.473280137290944,9.647911205048937,3,0.0,6.0,7.75,8.8,3,0.0,7.75,8.62,9.15,3,0.0,7.75,8.62,9.15,3,0.0,7.75,8.62,9.15,3,0.0,9.5,11.12,12.1,3,0.0,9.5,11.12,12.1,3,0.0,12.75,14.0,14.75
EMR,Hoch 9,2,8.296292670929468,9.002947770589879,9.70960287025029,10.416257969910701,10.840251029706948,10.98158204963903,11.122913069571112,2,50.0,9.62,10.31,10.72,2,50.0,9.62,10.31,10.72,2,50.0,9.62,10.31,10.72,2,50.0,11.12,11.19,11.22,2,0.0,11.88,12.31,12.57,2,0.0,11.88,12.31,12.57,2,0.0,13.5,14.75,15.5
ENB,alle,544,0.6293689436314713,2.4758936251832426,4.067705556170228,6.833040533395992,9.68905809889668,11.73937457101399,46.83411759254556,544,26.3,3.0,4.5,7.0,544,16.4,3.5,5.5,8.5,544,11.6,4.0,6.75,9.5,544,9.2,4.25,7.5,10.75,540,6.7,5.0,8.5,13.03,534,5.8,5.25,9.25,15.42,524,5.0,5.75,10.25,16.0
ENB,Hoch 1,259,0.7260439065218741,2.3702634220211154,3.906474261877209,6.492722597446731,9.221915837763076,10.696790583245056,46.83411759254556,259,23.9,2.75,4.25,6.5,259,13.9,3.25,5.25,8.0,259,10.0,3.75,6.38,9.0,259,9.3,4.0,7.0,10.5,257,7.0,4.5,8.0,13.1,256,6.2,4.88,9.0,15.62,250,5.2,5.0,9.5,16.0
ENB,Hoch 2,129,0.9333493815677754,2.4902739611743536,4.051494058377888,6.718795978430835,9.10413754948844,12.699719427544725,46.49398385418836,129,27.1,3.0,4.5,6.3,129,16.3,3.75,5.25,8.5,129,10.9,4.0,6.5,9.05,129,8.5,4.25,6.5,10.75,128,6.2,4.5,7.56,12.82,126,4.0,5.25,9.25,14.12,124,2.4,5.88,9.69,15.18
ENB,Hoch 3,69,0.8744389215427179,2.7460294192599277,4.057969558724234,8.165258542046853,11.378493752548016,14.989135424456295,42.41283841521445,69,27.5,3.25,5.25,7.8,69,20.3,3.75,7.0,9.55,69,17.4,4.0,8.0,11.3,69,14.5,4.5,8.25,13.35,69,13.0,5.5,9.5,15.2,68,13.2,6.0,11.81,16.0,68,13.2,6.0,14.56,16.0
ENB,Hoch 4,37,1.0025464114707816,2.348440837669026,4.3148136668085675,7.517491126036249,10.894133956813917,12.345497449969484,45.5336900621813,37,27.0,3.25,4.75,8.45,37,16.2,4.25,5.5,9.45,37,8.1,4.25,7.5,10.85,37,5.4,4.5,8.5,11.3,37,0.0,5.0,8.75,13.3,36,0.0,5.12,10.81,15.75,36,0.0,5.12,11.19,16.0
ENB,Hoch 5,19,0.6293689436314713,3.366573866145717,4.698923476466893,7.084044969884868,10.576109924959106,14.4063520562287,46.063681475852896,19,42.1,3.5,4.38,5.8,19,26.3,3.75,6.5,9.35,19,21.1,4.5,7.0,10.35,19,10.5,4.5,8.38,11.0,19,5.3,6.25,9.38,13.35,18,5.6,6.12,9.94,15.82,18,5.6,7.0,10.0,15.82
ENB,Hoch 6,12,1.8745538625687155,2.424911201780251,4.507624133533415,6.427837750693255,8.206830404236092,8.40788221971212,8.637159560358404,12,33.3,3.12,4.38,5.2,12,25.0,4.25,4.75,7.68,12,8.3,4.38,6.31,8.0,12,0.0,5.25,8.12,8.72,11,0.0,7.0,8.62,8.75,11,0.0,7.0,8.62,8.75,11,0.0,8.0,8.75,16.0
ENB,Hoch 7,9,1.8525418405728387,2.386367207296511,5.225625586752025,5.714784780927789,8.212988974910594,8.959005448294546,9.705021921678497,9,11.1,2.25,4.5,5.8,9,11.1,4.25,5.5,6.3,9,0.0,5.0,5.5,8.1,9,0.0,6.25,7.75,8.9,9,0.0,6.25,8.0,8.9,9,0.0,6.25,8.0,8.9,8,0.0,7.0,8.12,10.75
ENB,Hoch 8,7,2.164755290519944,5.31090121267286,9.069716553238816,9.733049547738455,10.381488273578489,10.706943727422901,11.032399181267317,7,42.9,7.0,7.25,8.0,7,28.6,7.0,7.88,8.6,7,28.6,9.0,9.62,10.25,7,0.0,9.25,9.62,10.25,7,0.0,9.25,9.62,10.25,7,0.0,9.25,9.62,10.25,6,0.0,8.88,10.69,13.5
ENB,Hoch 9,2,3.887955260388742,5.111974482963248,6.335993705537754,7.5600129281122594,8.294424461656964,8.539228306171864,8.784032150686766,2,50.0,5.75,6.88,7.55,2,50.0,5.88,6.94,7.58,2,50.0,6.25,7.5,8.25,2,50.0,8.25,8.5,8.65,2,0.0,8.25,8.5,8.65,2,0.0,8.25,8.5,8.65,2,0.0,11.88,13.94,15.18
ENB,Hoch 10,1,4.292321476465019,4.292321476465019,4.292321476465019,4.292321476465019,4.292321476465019,4.292321476465019,4.292321476465019,1,0.0,4.0,4.0,4.0,1,0.0,4.25,4.25,4.25,1,0.0,4.25,4.25,4.25,1,0.0,7.75,7.75,7.75,1,0.0,7.75,7.75,7.75,1,0.0,7.75,7.75,7.75,1,0.0,7.75,7.75,7.75
ENR.DE,alle,159,0.6830475429711563,2.3168444865522897,3.763308713790422,6.837107891763305,10.804002039275202,13.663163986117539,19.50428162880852,159,25.8,2.75,4.25,6.15,159,17.6,3.25,5.0,8.6,159,14.5,3.75,6.75,10.75,158,13.3,4.25,8.0,12.58,155,11.0,4.75,9.25,14.6,144,10.4,6.75,12.5,16.0,130,10.0,8.62,15.75,16.0
ENR.DE,Hoch 1,74,0.7092686050847078,2.6707273170494217,3.9634488910073715,7.051453421166624,11.010063779501289,14.048563359814818,19.50428162880852,74,25.7,2.75,4.19,7.93,74,17.6,3.25,5.19,9.78,74,13.5,3.88,6.94,10.93,73,11.0,4.75,8.0,12.1,73,9.6,5.0,9.5,13.35,69,8.7,7.75,12.5,15.4,62,8.1,9.0,15.0,16.0
ENR.DE,Hoch 2,37,0.6830475429711563,2.053171720247381,4.061476725932315,8.541907058312429,11.07073428598376,13.727802405457824,18.57364811669868,37,32.4,2.5,4.5,7.0,37,24.3,3.25,6.25,9.1,37,24.3,4.0,8.5,10.9,37,24.3,5.0,8.5,13.4,36,22.2,6.5,9.5,14.88,35,20.0,6.75,13.12,16.0,31,19.4,9.0,15.88,16.0
ENR.DE,Hoch 3,19,1.114453669200001,2.6649930887354527,3.3882056935594194,4.780366733614383,8.334295166211223,10.418203536346429,13.21137484285011,19,21.1,2.5,3.75,5.35,19,15.8,3.0,4.25,7.15,19,10.5,3.25,4.75,8.2,19,10.5,3.25,7.0,8.4,18,11.1,3.5,7.0,11.58,17,11.8,4.0,7.75,12.4,14,14.3,7.0,10.94,15.93
ENR.DE,Hoch 4,9,1.2550124755268826,2.0481949268392623,2.862327383368299,6.972363351889727,11.272017651913867,14.607907454563962,17.943797257214065,9,22.2,2.25,2.25,3.85,9,22.2,2.25,6.75,9.8,9,22.2,2.75,6.75,10.8,9,22.2,2.75,7.5,10.8,8,0.0,3.12,5.0,11.45,7,0.0,5.5,8.12,12.1,7,0.0,7.25,12.5,15.7
ENR.DE,Hoch 5,7,0.9425730431458039,1.31301890848346,2.6178255658686407,3.6309762584803336,9.289516017875215,13.52787955294578,17.76624308801637,7,0.0,2.5,2.88,3.25,7,0.0,2.5,3.38,8.5,7,0.0,2.5,3.5,8.5,7,0.0,2.5,3.5,8.5,7,0.0,3.5,3.75,8.8,6,0.0,5.25,7.19,11.62,6,0.0,5.62,13.94,16.0
ENR.DE,Hoch 6,5,2.0519731025645447,2.9114314989756225,3.0618262468649498,4.289019436682304,4.553833669449582,4.642105080372008,4.730376491294433,5,20.0,3.0,4.0,4.15,5,0.0,3.0,4.25,4.25,5,0.0,3.0,4.25,4.4,5,0.0,3.0,4.25,4.4,5,0.0,4.25,4.5,4.5,4,0.0,6.12,9.0,11.25,4,0.0,6.25,10.0,13.6
ENR.DE,Hoch 7,3,1.771601519802896,3.154479276763443,4.53735703372399,4.853144265049705,5.042616603845135,5.105774050110278,5.168931496375421,3,0.0,3.75,4.0,4.15,3,0.0,3.75,4.12,4.35,3,0.0,4.5,4.75,4.9,3,0.0,4.5,4.75,4.9,3,0.0,5.0,7.38,8.8,2,0.0,9.88,12.31,13.78,2,0.0,10.5,13.25,14.9
ENR.DE,Hoch 8,3,3.4249989558968954,4.713127209375331,6.001255462853766,6.20995546129989,6.335175460367564,6.376915460056789,6.418655459746014,3,100.0,4.75,5.38,5.75,3,33.3,6.0,6.12,6.2,3,0.0,6.0,6.12,6.2,3,0.0,6.0,6.12,6.2,3,0.0,6.25,8.0,9.05,2,0.0,10.38,12.44,13.68,2,0.0,11.12,13.56,15.03
ENR.DE,Hoch 9,1,5.206523768115344,5.206523768115344,5.206523768115344,5.206523768115344,5.206523768115344,5.206523768115344,5.206523768115344,1,0.0,5.0,5.0,5.0,1,0.0,5.0,5.0,5.0,1,0.0,5.0,5.0,5.0,1,0.0,13.0,13.0,13.0,1,0.0,15.75,15.75,15.75,1,0.0,16.0,16.0,16.0,1,0.0,16.0,16.0,16.0
ENR.DE,Hoch 10,1,5.17941113395521,5.17941113395521,5.17941113395521,5.17941113395521,5.17941113395521,5.17941113395521,5.17941113395521,1,0.0,5.0,5.0,5.0,1,0.0,5.0,5.0,5.0,1,0.0,5.0,5.0,5.0,1,0.0,12.75,12.75,12.75,1,0.0,16.0,16.0,16.0,1,0.0,16.0,16.0,16.0,1,0.0,16.0,16.0,16.0
EOAN.DE,alle,520,0.8292687021648216,2.579865343190962,4.242749594990522,7.437897444303889,11.460332493367412,15.49707329236686,27.6801307249897,520,34.0,3.0,4.5,7.0,520,24.4,3.75,6.25,9.75,519,20.0,4.25,7.25,11.3,519,17.5,4.75,8.25,13.8,517,14.1,5.5,9.5,16.0,509,10.8,6.5,10.75,16.0,501,10.4,7.5,13.25,16.0
EOAN.DE,Hoch 1,264,0.9278450513821866,2.439976711864378,3.951349135690213,7.3833494040287375,12.426645943402443,15.86017911046339,25.230145459617955,264,35.2,3.0,4.75,7.25,264,23.5,3.5,6.0,9.75,263,20.9,3.75,7.25,12.4,263,17.9,4.5,7.62,15.15,262,15.3,5.25,9.0,16.0,258,11.2,6.38,10.44,16.0,255,11.4,7.25,13.12,16.0
EOAN.DE,Hoch 2,122,0.9832690930256263,2.5592511239095677,4.412830829792794,7.365208739391441,11.282806006772445,14.062006360853548,27.6801307249897,122,35.2,3.0,4.69,6.73,122,29.5,3.75,6.5,9.2,122,22.1,4.25,7.12,11.2,122,19.7,5.12,8.25,12.5,121,13.2,5.75,9.75,15.25,119,10.9,6.75,11.0,16.0,118,9.3,8.25,14.5,16.0
EOAN.DE,Hoch 3,60,0.9424869949266209,2.3926090121146992,4.453190593246002,7.213282099205292,10.629451830335581,11.497599501776541,18.976933108033197,60,18.3,2.5,4.0,6.03,60,11.7,4.0,5.25,9.6,60,8.3,4.25,7.06,10.55,60,8.3,4.62,8.5,11.55,60,8.3,5.75,10.06,14.8,59,5.1,6.75,10.5,16.0,58,5.2,7.75,14.81,16.0
EOAN.DE,Hoch 4,39,0.8292687021648216,3.042418400326981,4.697219086294195,7.989606768457617,10.776460268066955,13.956527916293805,22.36001830166973,39,33.3,3.0,4.25,5.5,39,20.5,3.5,6.38,8.75,39,17.9,4.5,7.88,10.6,39,12.8,5.25,8.62,11.95,39,7.7,6.0,9.62,15.4,38,7.9,6.38,12.19,16.0,37,8.1,6.75,13.5,16.0
EOAN.DE,Hoch 5,25,0.9655176580597078,3.076155648068884,4.39641528775951,7.578009724489339,13.76042549614275,17.55643581615204,21.86672557553207,25,48.0,3.5,5.0,5.95,25,36.0,4.25,6.5,12.75,25,28.0,4.25,7.5,13.7,25,28.0,5.0,9.5,14.3,25,28.0,5.5,10.5,15.6,25,24.0,7.25,11.75,16.0,24,20.8,7.75,12.0,16.0
EOAN.DE,Hoch 6,8,1.0279890246659902,4.865606847173643,6.668782667653494,7.607120054774551,10.15199998968265,12.321616505176213,14.49123302066978,8,62.5,5.25,6.25,7.0,8,62.5,6.25,7.31,9.52,8,37.5,6.5,7.5,10.05,8,37.5,7.12,7.69,10.05,8,25.0,7.12,8.56,10.92,8,12.5,7.12,8.56,11.15,7,14.3,8.25,10.0,12.7
EOAN.DE,Hoch 7,1,2.2052510143131925,2.2052510143131925,2.2052510143131925,2.2052510143131925,2.2052510143131925,2.2052510143131925,2.2052510143131925,1,0.0,2.0,2.0,2.0,1,0.0,2.0,2.0,2.0,1,0.0,2.0,2.0,2.0,1,0.0,2.0,2.0,2.0,1,0.0,2.0,2.0,2.0,1,0.0,2.0,2.0,2.0,1,0.0,2.0,2.0,2.0
EOAN.DE,Hoch 8,1,4.099170747957617,4.099170747957617,4.099170747957617,4.099170747957617,4.099170747957617,4.099170747957617,4.099170747957617,1,0.0,4.0,4.0,4.0,1,0.0,4.0,4.0,4.0,1,0.0,4.0,4.0,4.0,1,0.0,4.0,4.0,4.0,1,0.0,4.0,4.0,4.0,1,0.0,4.0,4.0,4.0,1,0.0,4.0,4.0,4.0
EQIX,alle,554,0.5459262500757924,2.0995657707764357,3.9346762699544042,6.590020176458651,9.786661477907085,11.505674226052818,17.3388518979157,554,24.2,2.75,4.25,6.25,554,14.6,3.25,5.5,8.0,554,11.2,3.75,6.5,9.75,553,8.5,4.5,7.25,10.25,550,6.0,4.75,8.5,12.0,544,4.4,6.12,9.75,13.25,539,3.5,6.5,10.25,14.25
EQIX,Hoch 1,248,0.8472316978035145,2.119266565757676,3.9159898404884315,6.464415580371996,9.279412541945673,10.889953244287367,12.978696682984511,248,25.0,2.5,4.0,6.08,248,14.5,3.25,5.5,7.5,248,10.9,3.75,6.25,9.25,247,7.3,4.5,6.88,9.75,247,4.5,4.75,7.75,11.25,247,3.2,5.75,9.25,11.85,243,2.5,6.25,9.75,12.75
EQIX,Hoch 2,128,0.5459262500757924,2.1249421498050514,3.7423061754076468,6.860202026903887,9.634024492531061,10.61654945013485,13.82713185905561,128,24.2,2.75,4.0,6.32,128,15.6,3.12,5.5,7.82,128,11.7,3.62,6.75,9.5,128,8.6,4.5,7.75,10.32,128,6.2,5.0,8.06,11.75,127,5.5,6.75,9.75,13.45,126,4.8,7.0,9.94,14.12
EQIX,Hoch 3,77,0.8417618450155273,2.1124910650459126,3.6787634425125457,7.9031179857303515,11.471556056368081,12.867864900571828,17.3388518979157,77,23.4,3.0,4.5,6.95,77,14.3,3.25,5.5,8.35,77,10.4,3.5,7.75,11.35,77,10.4,4.0,8.25,12.7,77,7.8,4.5,9.25,13.1,76,5.3,7.0,10.25,13.88,76,5.3,7.38,10.75,14.62
EQIX,Hoch 4,47,0.7490034347421369,2.069259652123759,4.3571933190393555,8.248694216393833,11.980667844210883,12.734248656929067,15.63944450010145,47,25.5,3.0,4.38,6.7,47,14.9,3.5,5.5,10.0,47,12.8,4.25,8.12,11.9,47,10.6,4.5,8.75,11.9,47,8.5,5.5,10.5,12.5,46,6.5,7.75,11.0,14.38,46,4.3,8.25,11.69,14.38
EQIX,Hoch 5,29,0.9811302907948714,1.6244383086688399,4.94232811827437,6.235369584350294,10.564502945909966,12.96160967406418,15.178169251348764,29,20.7,2.5,4.75,6.4,29,13.8,3.5,5.75,8.85,29,10.3,4.75,6.0,10.35,29,6.9,5.0,7.0,10.35,29,6.9,5.25,10.75,14.4,28,3.6,7.0,10.88,15.0,28,0.0,8.12,13.06,15.0
EQIX,Hoch 6,12,0.8419114116736427,2.381516529773139,3.424516156968817,5.071457677036713,7.518156168643156,7.94465711945003,8.1391315706845,12,16.7,2.75,3.44,4.0,12,8.3,2.75,3.62,4.9,12,8.3,3.25,5.0,7.48,12,8.3,3.62,5.0,7.48,12,8.3,3.62,6.5,11.22,11,0.0,4.0,10.38,14.25,11,0.0,5.0,11.88,14.5
EQIX,Hoch 7,8,1.4213260294942132,2.6304254940797245,4.177346114109758,5.651555473555307,7.8522730879211124,9.258449990163697,10.664626892406286,8,25.0,3.25,4.25,6.65,8,12.5,3.38,4.31,6.82,8,12.5,4.12,5.56,7.7,8,12.5,4.38,5.56,8.15,8,12.5,4.62,8.12,12.32,7,14.3,5.25,13.0,14.8,7,14.3,5.25,14.75,15.7
EQIX,Hoch 8,3,1.7635205598043393,2.529630276600399,3.295739993396459,3.9707993901433722,4.37583502819152,4.510846907540902,4.645858786890285,3,0.0,3.25,3.88,4.25,3,0.0,3.25,3.88,4.25,3,0.0,3.25,3.88,4.25,3,0.0,3.25,3.88,4.25,2,0.0,3.88,4.19,4.38,2,0.0,3.88,4.19,4.38,2,0.0,3.88,4.19,4.38
EQIX,Hoch 9,1,3.023606424403311,3.023606424403311,3.023606424403311,3.023606424403311,3.023606424403311,3.023606424403311,3.023606424403311,1,0.0,0.75,0.75,0.75,1,0.0,1.0,1.0,1.0,1,0.0,3.0,3.0,3.0,1,0.0,3.0,3.0,3.0,0,,,,,0,,,,,0,,,,
EQIX,Hoch 10,1,6.041793610455187,6.041793610455187,6.041793610455187,6.041793610455187,6.041793610455187,6.041793610455187,6.041793610455187,1,100.0,3.75,3.75,3.75,1,100.0,4.25,4.25,4.25,1,100.0,6.0,6.0,6.0,1,100.0,6.0,6.0,6.0,0,,,,,0,,,,,0,,,,
EQNR,alle,686,0.5613174034437171,2.4359511707581314,4.856936392417669,7.858267842766352,11.221827376158794,13.31693270315649,46.42964891414,686,28.4,3.0,5.0,7.0,686,20.8,4.0,6.5,9.62,686,15.3,4.75,7.75,11.0,684,13.3,5.12,8.5,12.68,675,10.8,6.0,10.0,15.25,665,8.6,7.25,12.0,16.0,661,7.3,8.0,13.25,16.0
EQNR,Hoch 1,341,0.5613174034437171,2.258073834634644,4.716911081131885,7.779446130829854,10.88109773852218,13.545897010612954,26.471041466456914,341,27.0,3.0,5.0,6.75,341,20.5,4.25,6.5,8.75,341,15.8,4.5,7.75,10.75,339,14.2,5.0,8.38,13.0,335,11.3,6.0,9.5,14.25,333,8.7,7.0,11.25,16.0,330,7.0,7.75,13.19,16.0
EQNR,Hoch 2,160,0.7214409400552858,2.3721905197149455,4.425268508520267,7.346233507810764,11.273751726357736,12.279575868390467,46.38367606108559,160,26.9,3.0,5.25,7.0,160,21.2,3.5,6.56,9.3,160,15.6,4.25,7.25,11.25,160,12.5,4.75,8.25,11.8,157,10.2,5.5,9.75,15.2,154,7.1,7.12,11.5,16.0,153,5.9,8.0,13.25,16.0
EQNR,Hoch 3,91,0.711405722698418,3.014936216984187,5.019551279908182,7.776683774183059,10.80515157144866,15.534909339503614,46.42964891414,91,34.1,3.5,4.88,7.5,91,23.1,4.25,6.5,10.75,91,15.4,5.0,7.62,10.75,91,14.3,5.25,8.75,15.0,90,11.1,6.5,10.0,16.0,88,11.4,7.5,12.31,16.0,88,10.2,7.88,13.25,16.0
EQNR,Hoch 4,45,0.8780435734701725,3.3731751589758554,5.276365268584176,7.5984335123703515,10.428433813429358,11.595364993441937,13.655586038830926,45,33.3,3.75,5.25,6.65,45,17.8,4.0,6.75,8.5,45,8.9,5.25,7.5,10.3,45,6.7,5.5,8.5,11.0,45,6.7,7.0,11.0,15.15,44,4.5,8.25,12.38,16.0,44,4.5,10.5,13.5,16.0
EQNR,Hoch 5,25,1.1682700231865126,2.5423333393761607,4.354745625151136,9.22935016334377,11.847406775754019,12.74482925979565,13.49944317491205,25,32.0,3.25,5.0,8.15,25,20.0,4.0,6.25,11.55,25,16.0,4.25,9.0,11.7,25,12.0,4.25,11.0,13.55,25,12.0,6.0,11.25,14.2,24,8.3,9.5,12.44,15.85,24,8.3,10.0,14.56,15.85
EQNR,Hoch 6,12,2.215959434438184,3.6517832014169453,4.982307857712836,7.199401947997083,9.547767269414852,12.312627494076427,15.402907847535056,12,8.3,3.25,3.94,4.5,12,8.3,4.5,5.56,6.88,12,8.3,4.88,7.06,9.5,12,8.3,6.0,7.06,9.5,12,8.3,6.0,8.44,14.7,11,9.1,7.0,10.25,15.0,11,9.1,7.0,12.62,15.0
EQNR,Hoch 7,9,2.730370402986748,4.33033205016318,5.763367469200236,7.292895147936439,10.612474674881843,12.021952087271286,13.431429499660732,9,33.3,4.75,5.25,5.9,9,22.2,5.25,5.75,8.95,9,22.2,5.75,7.25,10.45,9,22.2,5.75,8.5,10.45,8,12.5,5.75,10.44,13.55,8,12.5,9.0,12.56,13.72,8,12.5,9.0,13.12,15.3
EQNR,Hoch 8,3,3.738449380117265,4.804357499558211,5.8702656189991576,10.282496398222689,12.929834865756808,13.812281021601512,14.69472717744622,3,66.7,5.0,6.75,7.8,3,66.7,5.75,8.25,9.75,3,33.3,5.75,10.12,12.75,3,33.3,6.0,10.25,12.8,3,33.3,6.0,11.0,14.0,3,33.3,8.5,12.25,14.5,3,33.3,8.5,12.25,14.5
ETN,alle,621,0.43941408652300823,2.3268761155243483,4.155342915389016,6.978737011347464,11.472005861628862,14.869477323163837,34.73324157406377,621,25.3,3.0,4.75,6.75,621,16.1,3.5,5.75,9.5,621,10.1,4.0,6.75,11.25,619,8.4,4.5,7.5,12.3,612,6.5,5.0,8.5,14.45,604,4.5,5.75,11.25,16.0,595,3.9,6.75,13.12,16.0
ETN,Hoch 1,294,0.6726778747612591,2.314066091050356,4.166927363177217,6.655200411787476,10.85962785624496,14.32045096851413,34.30796168414544,294,26.5,3.0,4.75,7.0,294,16.7,3.5,5.5,9.25,294,11.2,4.0,6.5,10.67,293,9.6,4.25,7.0,11.7,289,8.0,4.75,8.0,14.55,286,6.6,5.5,10.5,16.0,281,5.7,6.25,12.5,16.0
ETN,Hoch 2,138,0.43941408652300823,2.3294717215994427,3.8412897368663934,6.388650324070566,10.222771317772077,12.23065332249437,28.893958829625376,138,21.0,2.62,3.94,5.75,138,13.8,3.25,5.25,9.0,138,8.0,3.75,6.19,10.0,137,5.8,4.0,6.75,11.7,135,3.0,4.75,7.75,13.8,133,1.5,5.5,10.75,16.0,131,1.5,6.25,12.88,16.0
ETN,Hoch 3,88,1.0521676357569576,2.6507060789852495,4.673567498433169,7.080422453205015,12.130368990169801,13.21635850713724,20.953149017621858,88,31.8,3.25,5.0,7.07,88,19.3,4.0,6.38,10.5,88,12.5,4.5,7.0,12.0,88,11.4,4.75,7.38,12.62,87,8.0,5.25,9.25,13.7,86,4.7,5.5,11.31,16.0,86,4.7,6.25,13.12,16.0
ETN,Hoch 4,43,1.0042287015875953,2.522408755060977,4.712299174126482,6.937864033997723,12.393906030891282,17.38990425142304,34.369586519905525,43,32.6,3.0,5.25,6.9,43,18.6,4.5,6.38,8.3,43,9.3,4.5,6.75,12.35,43,7.0,6.0,7.0,12.4,43,7.0,6.0,9.12,12.65,42,0.0,6.25,11.38,15.52,41,0.0,6.75,13.5,15.75
ETN,Hoch 5,21,1.000502842885378,2.0114192517030554,3.817197239361808,7.227807091615836,11.355389250752866,19.082679918683763,34.73324157406377,21,23.8,2.0,4.0,5.5,21,19.0,2.75,6.25,8.0,21,9.5,3.75,7.0,11.25,21,9.5,4.75,8.5,11.25,21,9.5,6.0,9.25,13.5,20,5.0,6.0,12.75,16.0,19,5.3,6.0,13.12,16.0
ETN,Hoch 6,12,1.1643464707149416,2.097503539173529,2.4991114767358646,7.998665649381205,11.942496979721128,13.195451341249534,14.437271406408831,12,8.3,2.12,2.62,5.25,12,8.3,2.38,5.94,8.6,12,0.0,2.38,7.88,11.78,12,0.0,2.38,9.56,11.78,12,0.0,2.75,9.56,11.78,12,0.0,2.75,10.12,15.6,12,0.0,5.5,10.12,15.6
ETN,Hoch 7,6,2.0847472738064496,2.8352461453846236,3.5745629048895493,6.823802702066661,12.303846072994485,14.516976766287137,16.730107459579788,6,0.0,2.25,3.06,3.25,6,0.0,3.25,6.25,11.62,6,0.0,3.38,6.69,11.88,6,0.0,4.5,8.56,12.75,6,0.0,7.25,9.31,12.75,6,0.0,7.25,9.31,12.75,6,0.0,9.12,11.56,14.12
ETN,Hoch 8,5,2.070078117436924,2.4803028396614177,7.328478591978807,12.76794943155403,14.558517922631736,15.155374086324304,15.752230250016874,5,0.0,2.75,3.25,7.45,5,0.0,3.75,10.5,13.65,5,0.0,7.25,12.75,14.55,5,0.0,7.25,12.75,14.7,5,0.0,10.0,12.75,14.7,5,0.0,10.25,12.75,14.7,5,0.0,12.75,16.0,16.0
ETN,Hoch 9,5,1.4370819910100245,5.056756121470137,11.472117279404811,13.311327215306147,15.64468824355314,16.422475252968805,17.20026226238447,5,0.0,7.25,7.5,9.45,5,0.0,11.0,11.25,14.1,5,0.0,11.25,13.25,14.9,5,0.0,12.75,13.25,14.9,5,0.0,12.75,13.25,14.9,5,0.0,12.75,13.25,14.9,5,0.0,15.25,16.0,16.0
ETN,Hoch 10,3,1.699773287377124,6.107729184997285,10.515685082617447,14.044015479755547,16.161013718038408,16.866679797466027,17.572345876893646,3,66.7,8.0,9.62,10.6,3,66.7,10.5,12.88,14.3,3,66.7,10.5,13.25,14.9,3,33.3,10.5,13.25,14.9,3,33.3,10.5,13.25,14.9,3,33.3,10.75,13.38,14.95,3,0.0,15.75,15.88,15.95
ETN,Hoch 11,1,1.7303156958910064,1.7303156958910064,1.7303156958910064,1.7303156958910064,1.7303156958910064,1.7303156958910064,1.7303156958910064,1,0.0,1.5,1.5,1.5,1,0.0,1.5,1.5,1.5,1,0.0,1.5,1.5,1.5,1,0.0,1.75,1.75,1.75,1,0.0,4.0,4.0,4.0,1,0.0,12.0,12.0,12.0,1,0.0,16.0,16.0,16.0
ETN,Hoch 12,1,3.233358480234764,3.233358480234764,3.233358480234764,3.233358480234764,3.233358480234764,3.233358480234764,3.233358480234764,1,0.0,1.75,1.75,1.75,1,0.0,1.75,1.75,1.75,1,0.0,3.0,3.0,3.0,1,0.0,3.0,3.0,3.0,1,0.0,6.25,6.25,6.25,1,0.0,16.0,16.0,16.0,1,0.0,16.0,16.0,16.0
ETN,Hoch 13,1,4.644801254317745,4.644801254317745,4.644801254317745,4.644801254317745,4.644801254317745,4.644801254317745,4.644801254317745,1,0.0,3.0,3.0,3.0,1,0.0,3.0,3.0,3.0,1,0.0,4.5,4.5,4.5,1,0.0,4.5,4.5,4.5,1,0.0,8.0,8.0,8.0,1,0.0,16.0,16.0,16.0,1,0.0,16.0,16.0,16.0
ETN,Hoch 14,1,4.364395033471063,4.364395033471063,4.364395033471063,4.364395033471063,4.364395033471063,4.364395033471063,4.364395033471063,1,0.0,2.75,2.75,2.75,1,0.0,2.75,2.75,2.75,1,0.0,4.25,4.25,4.25,1,0.0,4.25,4.25,4.25,1,0.0,7.5,7.5,7.5,1,0.0,16.0,16.0,16.0,1,0.0,16.0,16.0,16.0
ETN,Hoch 15,1,4.999608965302079,4.999608965302079,4.999608965302079,4.999608965302079,4.999608965302079,4.999608965302079,4.999608965302079,1,0.0,3.5,3.5,3.5,1,0.0,4.75,4.75,4.75,1,0.0,4.75,4.75,4.75,1,0.0,4.75,4.75,4.75,1,0.0,8.0,8.0,8.0,1,0.0,16.0,16.0,16.0,1,0.0,16.0,16.0,16.0
ETN,Hoch 16,1,4.709973423798564,4.709973423798564,4.709973423798564,4.709973423798564,4.709973423798564,4.709973423798564,4.709973423798564,1,0.0,3.5,3.5,3.5,1,0.0,4.5,4.5,4.5,1,0.0,4.5,4.5,4.5,1,0.0,4.5,4.5,4.5,1,0.0,7.25,7.25,7.25,1,0.0,16.0,16.0,16.0,1,0.0,16.0,16.0,16.0
EXC,alle,492,0.5348908312407662,2.3465259100053304,4.084805294930536,6.6579107061862395,9.909785449890073,14.45167902282599,36.002930912725986,492,28.9,2.75,4.25,6.0,492,19.1,3.5,5.56,8.25,492,15.0,4.0,6.5,9.75,491,12.2,4.5,7.25,10.5,484,9.7,4.88,8.5,14.25,478,7.5,5.75,9.94,16.0,471,6.4,6.75,12.38,16.0
EXC,Hoch 1,236,0.5348908312407662,2.103636401936185,3.5852317751921836,6.20436761845244,9.274227603802586,12.064257094051893,25.159345593937473,236,28.0,2.75,4.25,5.88,236,20.3,3.0,5.25,7.75,236,15.7,3.5,6.0,9.25,236,12.3,3.75,6.5,10.5,231,9.5,4.25,8.0,13.75,228,7.9,5.25,9.56,15.4,225,6.7,6.0,12.0,16.0
EXC,Hoch 2,121,0.9990672856123791,2.2998235478857603,4.194013620742545,6.274504870287827,9.398611669113194,13.258413835077821,36.002930912725986,121,26.4,2.5,4.0,5.75,121,14.0,3.25,5.75,7.75,121,9.9,4.0,6.25,9.25,120,8.3,4.5,6.5,10.45,119,7.6,4.75,8.38,14.8,118,5.1,5.12,9.75,16.0,116,5.2,5.75,12.62,16.0
EXC,Hoch 3,63,0.931533926519824,3.0406059860072703,4.104707573562172,6.488757247164671,8.813947003866481,11.236742106490661,33.588651095360305,63,27.0,2.75,3.62,5.45,63,15.9,3.5,5.62,8.3,63,12.7,4.0,6.38,8.7,63,12.7,4.5,7.12,9.7,62,11.3,4.88,7.38,15.82,61,8.2,5.5,9.75,16.0,60,8.3,6.12,14.06,16.0
EXC,Hoch 4,34,1.0479840503624052,3.3960997864235285,4.730219847853476,6.904643800446017,10.30515693054985,16.232347459883222,30.38839548102962,34,38.2,3.25,5.38,6.92,34,26.5,3.75,6.0,8.27,34,23.5,4.62,6.75,10.25,34,20.6,5.62,7.62,10.25,34,11.8,6.0,8.31,12.02,33,9.1,7.0,9.5,16.0,32,6.2,7.75,12.5,16.0
EXC,Hoch 5,19,1.3048526274682533,3.6334317130521585,5.430187472157639,7.1534014376935176,8.18024257057548,11.498057738321037,27.601633764848906,19,21.1,3.0,4.62,5.55,19,15.8,4.0,5.0,6.75,19,15.8,5.25,7.0,8.1,19,10.5,6.5,8.12,8.9,19,10.5,7.25,8.62,11.95,19,5.3,7.25,10.0,15.8,19,0.0,8.5,10.75,15.8
EXC,Hoch 6,12,2.84207390587288,6.062141451670318,8.58750222994488,9.461914516530456,14.642414051153711,22.04471549934528,30.55606216456119,12,41.7,4.62,6.44,8.95,12,33.3,6.12,9.0,13.05,12,25.0,8.38,9.38,14.55,12,8.3,8.62,9.94,14.55,12,0.0,9.0,12.31,15.12,12,0.0,9.25,12.75,15.97,12,0.0,9.38,15.81,16.0
EXC,Hoch 7,6,4.4424738800808665,6.397212474645127,10.142805951410878,17.648715551347937,26.329831721032605,29.456249079423444,32.58266643781428,6,66.7,5.75,13.06,15.62,6,50.0,8.38,14.56,16.0,6,50.0,10.0,14.56,16.0,6,50.0,10.0,14.56,16.0,6,50.0,13.12,15.75,16.0,6,50.0,13.12,15.75,16.0,6,33.3,15.5,16.0,16.0
EXC,Hoch 8,1,5.225655920352475,5.225655920352475,5.225655920352475,5.225655920352475,5.225655920352475,5.225655920352475,5.225655920352475,1,100.0,5.0,5.0,5.0,1,0.0,5.0,5.0,5.0,1,0.0,5.0,5.0,5.0,1,0.0,5.0,5.0,5.0,1,0.0,5.0,5.0,5.0,1,0.0,5.0,5.0,5.0,1,0.0,5.0,5.0,5.0
FANG,alle,361,0.7418854974670763,2.4457248164133927,3.9840565471915244,6.246350590464122,8.660023721800384,10.811543854850502,39.062123658653334,361,30.7,2.75,4.5,6.5,361,19.4,3.5,5.5,8.0,361,15.2,3.75,6.0,8.5,359,12.5,4.0,6.75,9.5,353,9.6,4.25,7.5,11.2,343,7.9,4.75,8.25,14.4,335,6.6,5.0,8.75,16.0
FANG,Hoch 1,168,0.7418854974670763,2.3152230471767745,3.864711471572212,5.900346469051732,8.38515646169819,9.714367578717292,25.793081195604845,168,30.4,2.88,4.25,5.83,168,16.7,3.25,4.81,7.5,168,13.1,3.75,5.75,8.25,167,12.0,3.75,6.25,8.85,163,9.2,4.0,7.0,10.5,161,8.1,4.5,8.0,13.5,157,6.4,4.75,8.75,15.7
FANG,Hoch 2,82,0.9257484162259745,2.7466990014545085,4.026675207889992,6.668073664844319,9.101229328760466,11.105462695899053,26.939642603927176,82,31.7,2.88,4.5,6.48,82,23.2,3.62,5.69,7.73,82,19.5,4.0,6.5,8.95,81,13.6,4.5,7.0,9.25,80,10.0,5.0,7.88,11.63,78,6.4,5.0,8.5,14.87,76,5.3,5.38,9.0,16.0
FANG,Hoch 3,49,1.1085139774705721,2.6319092912682565,4.4897151458369295,7.041180185816747,9.838661212955039,13.392345800208219,31.344463935908433,49,30.6,3.0,4.75,7.5,49,20.4,4.25,6.75,8.65,49,14.3,4.25,7.0,9.75,49,12.2,4.5,7.75,11.0,49,8.2,4.75,8.25,13.4,47,6.4,5.0,9.75,16.0,45,6.7,6.0,11.75,16.0
FANG,Hoch 4,27,1.0710802266697192,2.7785290516249344,3.57059362492496,7.327517049724097,8.969675907737017,13.359472967909463,39.062123658653334,27,37.0,3.0,5.0,7.75,27,25.9,3.0,6.5,8.8,27,22.2,3.5,7.25,8.8,27,18.5,3.5,7.5,9.45,27,14.8,4.75,8.38,10.45,25,12.0,4.75,8.5,12.7,25,12.0,4.75,8.5,15.8
FANG,Hoch 5,14,1.2801374853915608,2.540844588076809,3.423984962818679,5.875367824368254,7.164392322762906,7.7802172877477584,8.87665144923912,14,28.6,2.75,5.25,5.75,14,14.3,3.25,5.25,6.63,14,14.3,3.25,5.69,7.0,14,14.3,3.25,5.69,7.88,13,15.4,5.5,7.0,8.85,12,16.7,5.5,7.69,8.93,12,8.3,5.5,7.69,8.93
FANG,Hoch 6,9,1.7321407324174636,2.575266268110584,2.74553634591209,5.712537348013257,6.697487630431856,7.0178810970088,7.3382745635857445,9,22.2,2.0,2.5,4.0,9,22.2,2.5,5.5,6.65,9,11.1,2.5,5.5,6.65,9,11.1,2.5,6.75,8.35,9,11.1,2.5,7.25,11.9,8,12.5,3.12,8.25,12.22,8,12.5,3.12,8.25,12.22
FANG,Hoch 7,6,2.4457248164133927,2.9751154006662266,4.309773102667107,5.09682926448184,6.793204484085129,7.544608703662727,8.296012923240326,6,16.7,2.88,4.75,6.12,6,16.7,3.75,5.06,6.75,6,0.0,4.25,5.06,6.75,6,0.0,4.25,5.06,6.75,6,0.0,4.25,5.06,6.75,6,0.0,4.25,5.06,6.75,6,0.0,4.25,5.06,6.75
FANG,Hoch 8,4,2.331559190588751,2.4834058862850745,3.4262701917829306,4.339087855685463,4.3761119182316754,4.388453272413746,4.400794626595816,4,0.0,2.38,2.56,2.67,4,0.0,2.88,3.5,3.95,4,0.0,3.38,4.25,4.25,4,0.0,3.38,4.25,4.25,4,0.0,3.38,4.25,4.25,4,0.0,3.38,4.25,4.25,4,0.0,3.38,4.25,4.25
FANG,Hoch 9,2,4.685114743846606,4.893379530675702,5.101644317504798,5.309909104333895,5.434867976431352,5.476520933797171,5.5181738911629905,2,100.0,4.0,4.12,4.2,2,50.0,5.0,5.25,5.4,2,50.0,5.0,5.25,5.4,2,0.0,5.0,5.25,5.4,2,0.0,5.0,5.25,5.4,2,0.0,5.0,5.25,5.4,2,0.0,5.0,5.25,5.4
FAST,alle,534,0.6203709324601273,2.7121081791214845,4.176508991519841,6.232745724738624,8.749635965068856,10.779973476881922,20.43518254583272,534,28.3,3.0,4.5,6.0,534,17.4,3.5,5.25,7.5,534,11.8,4.0,6.0,8.67,532,10.0,4.25,6.75,9.5,529,6.6,5.0,7.5,10.75,524,4.0,5.0,8.5,11.5,515,3.3,5.25,8.75,12.15
FAST,Hoch 1,262,0.9004810725823913,2.6814580386440583,3.8040901672941736,5.538953589367447,7.513858171665588,8.778588124415093,19.386972540943255,262,26.0,2.75,4.0,5.25,262,16.4,3.25,4.75,6.73,262,10.7,3.75,5.44,7.48,261,8.8,3.75,6.0,8.0,259,6.2,4.0,6.5,9.0,257,3.9,4.25,7.0,9.5,250,4.0,4.5,7.25,10.0
FAST,Hoch 2,123,0.6203709324601273,2.6649216062727934,4.531288768622336,5.992389193620729,7.631759565684816,9.924257839754231,13.673780081267795,123,34.1,3.0,4.5,5.7,123,17.9,3.75,5.25,7.2,123,12.2,4.5,5.88,7.5,122,10.7,4.62,6.75,9.23,122,4.1,4.88,7.19,10.45,120,2.5,5.0,7.81,11.03,119,1.7,5.25,8.25,11.9
FAST,Hoch 3,66,0.8166037331263098,2.9097577223292497,5.010065372189004,7.2849385386897545,9.737744772544266,10.921140805206552,16.256646765794336,66,31.8,3.25,5.5,7.0,66,22.7,4.12,6.75,8.88,66,16.7,5.0,7.12,9.5,66,13.6,5.0,7.25,9.5,65,10.8,5.5,8.5,10.3,64,4.7,5.88,9.12,12.23,63,3.2,6.5,9.62,12.75
FAST,Hoch 4,36,1.4667246022624107,2.5508446192643572,4.6570592612796755,7.090745068467376,11.293950814858261,13.051469404940619,15.221027396984546,36,30.6,3.25,5.5,7.75,36,22.2,4.0,6.88,11.12,36,16.7,4.5,6.94,11.12,36,13.9,5.12,7.31,11.12,36,11.1,5.88,8.31,12.38,36,8.3,7.12,9.81,14.62,36,5.6,7.62,10.81,15.38
FAST,Hoch 5,15,2.0543713338823077,3.6913027941340175,4.374240303547955,6.702338200576477,7.153008063003419,8.815402093848455,12.526445748852712,15,13.3,3.5,4.62,5.4,15,0.0,4.0,4.75,6.4,15,0.0,4.25,6.62,7.0,15,0.0,5.5,7.75,11.3,15,0.0,7.25,9.62,11.8,15,0.0,9.5,11.75,13.95,15,0.0,9.75,12.25,13.95
FAST,Hoch 6,9,1.2556030614009992,1.9960187658155635,5.085096018838027,7.069106922935387,8.315038027535973,10.584208639655413,12.853379251774859,9,33.3,3.25,5.0,5.3,9,11.1,3.75,5.0,6.75,9,0.0,5.0,7.0,8.15,9,0.0,6.75,9.25,11.75,9,0.0,8.0,12.75,13.05,9,0.0,8.5,12.75,14.55,9,0.0,10.0,12.75,14.6
FAST,Hoch 7,5,1.2932716355235991,2.640162103444612,4.138703559275839,9.894842746650511,11.408296579781284,11.912781190824875,12.417265801868465,5,0.0,1.5,2.75,3.5,5,0.0,4.0,4.25,6.95,5,0.0,4.0,9.75,11.25,5,0.0,4.5,12.25,12.7,5,0.0,6.25,12.25,13.3,5,0.0,6.25,14.0,14.45,5,0.0,6.25,14.0,15.2
FAST,Hoch 8,5,2.240366838473908,7.048328090104714,9.58773652401328,11.808776056952528,16.984619950280646,18.70990124805668,20.43518254583272,5,20.0,3.0,3.25,3.7,5,20.0,6.5,9.75,11.55,5,20.0,9.5,11.75,14.3,5,20.0,11.75,12.0,14.4,5,20.0,11.75,12.0,14.4,5,20.0,12.0,14.0,15.2,5,20.0,12.0,15.25,15.7
FAST,Hoch 9,4,2.9442505306223863,7.231227654747826,9.45357532070362,12.748997760001371,17.252718626492157,18.753958915322414,20.255199204152678,4,0.0,1.75,3.62,6.1,4,0.0,5.38,9.62,12.55,4,0.0,9.25,11.5,14.2,4,0.0,10.88,12.62,14.65,4,0.0,10.88,12.62,14.65,4,0.0,10.88,12.62,14.65,4,0.0,10.88,12.62,14.65
FAST,Hoch 10,3,3.067828414748013,6.824200691125884,10.580572967503755,11.183965611503844,11.546001197903895,11.666679726703913,11.78735825550393,3,0.0,3.75,5.25,6.15,3,0.0,7.5,8.5,9.1,3,0.0,10.5,11.12,11.5,3,0.0,10.75,11.5,11.95,3,0.0,10.75,11.5,11.95,3,0.0,10.75,11.5,11.95,3,0.0,10.75,11.5,11.95
FAST,Hoch 11,3,5.10917647556958,8.411908275866466,11.71464007616335,12.137812971663859,12.391716708964164,12.476351288064265,12.560985867164367,3,66.7,4.25,6.25,7.45,3,66.7,9.0,9.5,9.8,3,66.7,11.5,12.0,12.3,3,66.7,12.0,12.25,12.4,3,66.7,12.0,12.25,12.4,3,33.3,12.0,12.25,12.4,3,0.0,12.0,12.25,12.4
FAST,Hoch 12,1,5.926295532014187,5.926295532014187,5.926295532014187,5.926295532014187,5.926295532014187,5.926295532014187,5.926295532014187,1,0.0,2.75,2.75,2.75,1,0.0,5.5,5.5,5.5,1,0.0,5.75,5.75,5.75,1,0.0,5.75,5.75,5.75,1,0.0,5.75,5.75,5.75,1,0.0,5.75,5.75,5.75,1,0.0,5.75,5.75,5.75
FAST,Hoch 13,1,6.492579972819156,6.492579972819156,6.492579972819156,6.492579972819156,6.492579972819156,6.492579972819156,6.492579972819156,1,0.0,5.5,5.5,5.5,1,0.0,6.0,6.0,6.0,1,0.0,6.25,6.25,6.25,1,0.0,6.25,6.25,6.25,1,0.0,6.25,6.25,6.25,1,0.0,6.25,6.25,6.25,1,0.0,6.25,6.25,6.25
FAST,Hoch 14,1,9.794690567606024,9.794690567606024,9.794690567606024,9.794690567606024,9.794690567606024,9.794690567606024,9.794690567606024,1,100.0,9.25,9.25,9.25,1,100.0,9.75,9.75,9.75,1,0.0,9.75,9.75,9.75,1,0.0,9.75,9.75,9.75,1,0.0,9.75,9.75,9.75,1,0.0,9.75,9.75,9.75,1,0.0,9.75,9.75,9.75
FDX,alle,558,0.5723578237459688,2.4305752243536114,4.072988746157346,7.185083761577855,10.389711886110904,13.370648386103353,24.866765027804476,558,29.0,2.75,4.5,7.0,558,20.1,3.5,5.5,8.83,558,15.9,4.0,7.0,10.25,554,13.0,4.25,7.75,12.42,549,10.0,5.25,9.25,15.25,543,8.3,6.25,12.25,16.0,534,6.7,7.5,14.75,16.0
FDX,Hoch 1,263,0.5723578237459688,2.329503004518287,3.7980475453422278,6.79389635556784,10.85492449715483,12.909483993259478,18.95058328674286,263,28.5,2.5,4.5,6.75,263,18.3,3.25,5.38,9.0,263,14.4,3.75,6.62,10.75,261,11.1,3.75,7.25,12.5,259,9.3,4.75,9.0,13.3,257,6.2,6.25,12.0,16.0,256,5.9,7.88,13.75,16.0
FDX,Hoch 2,126,0.8914416496242057,2.380632154309318,3.8213516772873697,7.089777966061346,12.15401279441873,15.153170541912399,19.652663190547376,126,27.8,2.5,4.19,8.12,126,19.8,3.0,5.69,9.0,126,17.5,3.75,6.94,12.0,125,14.4,4.0,7.75,13.85,124,12.1,5.25,10.12,16.0,124,10.5,7.0,15.0,16.0,122,7.4,8.38,16.0,16.0
FDX,Hoch 3,73,0.9187956903806292,2.3900710623242847,4.072297484451857,7.2954621185192465,9.587863220761353,10.93834184079057,24.866765027804476,73,31.5,3.0,5.0,6.95,73,24.7,3.5,6.25,9.1,73,17.8,4.0,7.25,9.55,72,16.7,4.75,8.12,12.15,71,15.5,5.75,10.38,16.0,71,15.5,6.0,14.38,16.0,69,13.0,7.5,16.0,16.0
FDX,Hoch 4,37,1.6122524801883908,2.98162636765984,4.4352660527617385,5.772943521000231,8.714777800152453,9.696153203227814,16.56242015757455,37,21.6,3.0,4.25,5.25,37,13.5,4.0,5.25,7.5,37,10.8,4.25,5.75,8.7,37,5.4,4.75,7.75,9.8,36,2.8,5.25,8.62,14.0,36,2.8,5.25,10.06,16.0,35,0.0,8.0,13.0,16.0
FDX,Hoch 5,23,1.1712800516780983,3.4087364864971805,5.304367710916185,7.758176145255974,9.255727432364887,9.833135415655283,19.33912095203394,23,26.1,3.25,5.38,6.45,23,13.0,4.25,5.62,7.7,23,13.0,5.25,7.62,9.2,23,8.7,5.5,7.88,9.65,23,4.3,5.5,7.88,9.85,23,4.3,5.5,8.5,15.45,22,4.5,7.38,11.81,16.0
FDX,Hoch 6,16,1.2984792445395303,4.028514016566065,6.193895263361993,8.375104630169455,9.937018890731597,10.12710407454302,10.343662821415284,16,62.5,4.38,5.81,7.88,16,56.2,5.0,6.81,8.38,16,37.5,6.12,8.19,9.88,16,37.5,6.38,8.38,10.0,16,12.5,6.38,8.38,10.25,16,12.5,6.38,9.0,14.0,15,6.7,7.25,10.25,16.0
FDX,Hoch 7,6,1.5208127469647403,1.9937484543426827,3.689359369119579,6.630839849182659,9.791314620457783,11.014841878694886,12.23836913693199,6,16.7,2.12,3.31,3.62,6,16.7,3.25,4.12,7.0,6,0.0,3.5,6.5,9.62,6,0.0,3.5,6.5,11.62,6,0.0,3.5,6.5,11.62,6,0.0,3.5,6.5,11.62,5,0.0,4.25,7.25,12.5
FDX,Hoch 8,5,1.578354058808293,3.0675086841753743,3.3227176083607755,8.658402456247723,15.63193462767402,17.95644535148278,20.28095607529155,5,20.0,2.5,3.0,7.8,5,20.0,3.0,5.25,10.05,5,20.0,3.25,8.5,13.0,5,20.0,3.25,8.5,13.0,5,20.0,3.25,8.5,13.0,4,25.0,5.88,10.38,13.75,4,25.0,5.88,10.38,13.75
FDX,Hoch 9,3,2.763868176918031,3.4221799776680197,4.080491778418009,7.636381811637801,9.769915831569676,10.481093838213633,11.192271844857592,3,0.0,2.75,3.0,3.15,3,0.0,2.75,5.75,7.55,3,0.0,4.0,7.5,9.6,3,0.0,4.0,7.5,9.6,3,0.0,4.0,7.5,9.6,2,0.0,7.5,9.25,10.3,2,0.0,7.5,9.25,10.3
FDX,Hoch 10,3,3.044927287325707,3.893074546435165,4.7412218055446225,7.333452253981541,8.888790523043692,9.407236612731076,9.92568270241846,3,33.3,2.5,5.25,6.9,3,33.3,4.5,7.12,8.7,3,33.3,4.5,7.12,8.7,3,33.3,4.5,7.12,8.7,3,0.0,4.5,7.12,8.7,2,0.0,7.12,8.44,9.22,2,0.0,7.12,8.44,9.22
FDX,Hoch 11,2,5.479398064007701,5.583246346531852,5.687094629056004,5.790942911580155,5.8532518810946454,5.874021537599475,5.894791194104306,2,50.0,3.38,4.31,4.88,2,0.0,5.5,5.62,5.7,2,0.0,5.5,5.62,5.7,2,0.0,5.5,5.62,5.7,2,0.0,5.5,5.62,5.7,1,0.0,5.75,5.75,5.75,1,0.0,5.75,5.75,5.75
FDX,Hoch 12,1,7.3607722118556325,7.3607722118556325,7.3607722118556325,7.3607722118556325,7.3607722118556325,7.3607722118556325,7.3607722118556325,1,100.0,7.25,7.25,7.25,1,100.0,7.25,7.25,7.25,1,100.0,7.25,7.25,7.25,1,100.0,7.25,7.25,7.25,1,0.0,7.25,7.25,7.25,1,0.0,7.25,7.25,7.25,1,0.0,7.25,7.25,7.25
FRE.DE,alle,523,0.5354183617583623,2.5084084503008546,4.381574214590675,7.548065633748203,10.969554162184535,12.774505006297904,32.2954273342724,523,30.8,2.75,4.5,6.5,523,18.7,3.75,6.25,9.25,523,14.0,4.25,7.5,10.75,520,11.7,4.75,8.25,12.25,515,8.9,5.25,9.25,15.5,508,7.9,6.0,10.75,16.0,503,6.8,6.25,12.12,16.0
FRE.DE,Hoch 1,253,0.9669963770276327,2.409780700534484,4.2636858166391205,7.548303116335827,10.68917984090533,12.799509062743839,31.784389309878016,253,29.2,2.75,4.5,6.45,253,17.0,3.75,6.25,9.2,253,13.0,4.25,7.5,10.5,252,11.5,4.5,8.0,12.48,247,8.9,5.0,8.75,15.0,242,7.4,5.75,10.94,16.0,241,7.1,6.25,12.75,16.0
FRE.DE,Hoch 2,131,0.5354183617583623,2.7114275599478685,4.74604807571482,8.834283477408409,11.20908796736386,12.679948737320538,32.2954273342724,131,33.6,2.75,4.5,8.0,131,24.4,3.75,6.75,10.5,131,18.3,4.5,8.75,11.0,130,15.4,5.0,9.5,12.33,130,11.5,5.75,10.0,16.0,128,10.2,6.25,11.5,16.0,126,8.7,6.75,12.56,16.0
FRE.DE,Hoch 3,76,0.9195739549999933,2.8375720134759597,4.477609059441908,7.113589885129926,10.135492502191525,12.393291708484437,14.748536229543129,76,32.9,3.12,4.25,6.0,76,21.1,3.62,6.0,8.12,76,14.5,4.38,7.06,10.0,75,10.7,4.75,7.38,11.9,75,8.0,5.75,9.12,15.1,75,8.0,6.0,11.12,16.0,73,6.8,6.0,12.25,16.0
FRE.DE,Hoch 4,31,0.72564735233425,2.133267869673892,4.188380690904528,6.047216011320609,8.881421249241853,10.182848089067427,16.53209694756526,31,25.8,2.75,3.75,5.25,31,3.2,3.5,5.62,7.5,31,3.2,4.0,5.88,8.75,31,0.0,4.25,7.0,8.75,31,0.0,4.5,7.88,10.75,31,0.0,5.25,8.38,10.75,31,0.0,6.25,9.5,13.25
FRE.DE,Hoch 5,17,1.1596406873399545,1.694605920836962,4.288888462284872,5.796922062615085,11.44855427832886,16.902345198103177,32.03869595076874,17,41.2,3.0,3.75,6.05,17,29.4,3.75,5.75,8.75,17,23.5,4.25,5.75,11.35,17,23.5,4.25,8.25,13.5,17,17.6,5.25,8.75,14.2,17,17.6,6.25,8.75,14.2,17,5.9,6.5,11.5,16.0
FRE.DE,Hoch 6,6,1.3678514037257092,1.542630707900645,2.679054978141981,4.921232705907377,5.594873707883416,5.70851618064573,5.822158653408043,6,16.7,1.5,3.06,3.62,6,0.0,2.38,3.38,4.0,6,0.0,2.62,4.81,5.5,6,0.0,4.38,5.62,7.12,6,0.0,4.38,5.62,7.12,6,0.0,5.88,7.62,8.25,6,0.0,5.88,8.0,12.25
FRE.DE,Hoch 7,5,1.5291399735366251,2.117230631941891,2.143615914543351,5.201057276972394,6.150361716581169,6.4667965297840935,6.783231342987019,5,20.0,2.0,2.75,4.1,5,20.0,2.0,5.0,5.6,5,0.0,2.0,5.0,6.05,5,0.0,5.0,6.75,8.25,5,0.0,5.5,6.75,8.25,5,0.0,6.75,8.5,8.95,5,0.0,6.75,9.25,13.3
FRE.DE,Hoch 8,3,4.944950391820856,6.878836195675158,8.81272199952946,10.044046892748357,10.782841828679695,11.029106807323474,11.275371785967254,3,33.3,4.25,4.5,4.65,3,0.0,4.75,6.75,7.95,3,0.0,8.75,10.0,10.75,3,0.0,8.75,10.0,10.75,3,0.0,8.75,10.0,10.75,3,0.0,8.75,10.0,10.75,3,0.0,8.75,10.0,10.75
FRE.DE,Hoch 9,1,11.860455893899521,11.860455893899521,11.860455893899521,11.860455893899521,11.860455893899521,11.860455893899521,11.860455893899521,1,0.0,2.5,2.5,2.5,1,0.0,3.0,3.0,3.0,1,0.0,11.75,11.75,11.75,1,0.0,11.75,11.75,11.75,1,0.0,11.75,11.75,11.75,1,0.0,11.75,11.75,11.75,1,0.0,11.75,11.75,11.75
FTNT,alle,449,0.6036951204362521,2.459459676186036,4.20813855554958,6.800072878890117,10.510131096682493,12.558576474819946,22.435722659969347,449,26.1,3.0,4.5,6.6,449,16.0,3.5,5.75,8.75,449,11.8,4.0,6.75,10.5,448,8.7,4.5,7.31,10.5,444,6.3,5.0,8.0,11.42,434,4.6,5.5,8.75,13.5,426,3.5,5.88,9.5,13.75
FTNT,Hoch 1,208,0.6036951204362521,2.5904669171989054,4.213539475743204,6.533102189013075,9.916592782915576,11.459638570469433,16.181918271220646,208,25.5,2.75,4.5,7.33,208,14.4,3.5,5.75,8.5,208,9.6,4.12,6.5,9.83,208,7.2,4.5,7.06,10.25,206,5.3,5.0,7.75,10.5,200,4.5,5.38,8.0,11.52,196,3.1,5.5,8.12,12.25
FTNT,Hoch 2,113,0.8294625138679868,2.3424424833456046,4.575314112388929,7.116282737545853,10.622461548976691,11.44785929117348,16.778953711960217,113,31.9,3.0,4.75,6.45,113,21.2,3.75,6.0,9.1,113,16.8,4.5,7.0,10.45,113,13.3,4.75,7.75,10.7,112,8.9,5.75,8.25,10.98,110,6.4,6.0,8.94,12.8,107,4.7,6.0,9.62,13.95
FTNT,Hoch 3,54,0.9946703080193962,2.287738806294004,3.465596998638715,6.377254655791164,11.9121021914547,13.193402786916696,18.493827313116615,54,22.2,2.88,4.69,7.03,54,16.7,3.0,5.69,9.43,54,16.7,3.38,6.19,11.88,54,9.3,4.62,7.19,12.03,53,7.5,5.75,8.25,12.75,52,3.8,6.88,9.31,13.65,51,3.9,7.0,10.88,16.0
FTNT,Hoch 4,31,0.6754722180985637,2.778118854483061,3.7140646207945265,7.192355908304766,10.74660655154484,12.355933850587046,19.31620069821719,31,22.6,3.0,4.38,6.5,31,12.9,3.25,5.12,9.5,31,9.7,3.5,7.0,10.5,30,10.0,4.62,7.88,10.6,30,10.0,4.62,9.25,13.98,29,6.9,5.0,10.5,16.0,29,6.9,5.0,10.5,16.0
FTNT,Hoch 5,16,1.5336898894089384,2.256027325799467,3.6214038056878683,6.6262871191924395,9.166980027068302,13.058591168557598,18.34324886503716,16,12.5,2.5,3.38,6.0,16,6.2,2.75,5.69,6.62,16,6.2,3.5,6.56,9.12,16,0.0,3.5,7.06,10.5,16,0.0,3.75,7.88,13.25,16,0.0,3.88,11.31,16.0,16,0.0,5.12,11.31,16.0
FTNT,Hoch 6,11,2.458948680544521,3.009768193978627,3.9745409529978306,6.577597972513027,9.023315970072174,15.72951931502076,22.435722659969347,11,18.2,2.75,3.88,5.0,11,9.1,3.25,4.0,5.0,11,0.0,3.75,6.5,9.0,11,0.0,3.75,6.62,10.25,11,0.0,4.5,7.5,14.0,11,0.0,4.75,9.88,16.0,11,0.0,5.0,10.62,16.0
FTNT,Hoch 7,9,0.7585151881520549,3.3638092218563327,3.9781413778610974,7.2199334391363825,12.239166238793121,14.930607537046956,17.622048835300795,9,22.2,3.5,4.0,8.05,9,22.2,3.5,4.0,8.8,9,0.0,3.75,7.0,11.8,9,0.0,4.0,7.0,11.8,9,0.0,5.75,8.5,11.8,9,0.0,6.75,11.0,14.4,9,0.0,6.75,11.0,14.4
FTNT,Hoch 8,5,2.505072142789715,4.20813855554958,6.89989964500712,7.361915947551384,7.534931700858373,7.592603618627369,7.650275536396366,5,40.0,4.0,5.75,6.8,5,20.0,4.0,5.75,6.8,5,20.0,6.75,7.25,7.4,5,20.0,6.75,7.5,7.5,5,0.0,6.75,8.75,8.9,5,0.0,8.75,9.5,10.4,5,0.0,8.75,9.5,10.4
FTNT,Hoch 9,2,3.1035352335518693,4.324827578557879,5.5461199235638885,6.767412268569898,7.500187675573504,7.744446144574706,7.988704613575908,2,50.0,5.38,6.56,7.28,2,0.0,5.38,6.56,7.28,2,0.0,5.38,6.56,7.28,2,0.0,5.38,6.56,7.28,2,0.0,6.25,7.88,8.85,2,0.0,6.5,8.25,9.3,2,0.0,6.5,8.25,9.3
GC=F,alle,514,0.053134037262620754,2.4555658030858214,4.110196173396163,6.857476450305316,9.833771003348863,11.397075156279067,26.69199460369603,514,29.2,2.88,4.5,7.0,514,22.4,3.5,6.0,8.75,514,16.5,4.0,6.75,9.75,512,12.9,4.25,7.25,10.25,507,9.3,4.75,8.0,12.5,499,6.0,5.0,9.0,14.0,492,6.1,5.75,10.0,15.23
GC=F,Hoch 1,239,0.5902743548579727,2.207349024001113,3.8272779401949633,6.632417828894077,9.910311043787255,11.759011843638437,26.69199460369603,239,26.8,2.75,4.25,6.5,239,19.7,3.25,5.75,9.0,239,15.5,3.75,6.5,9.75,237,11.4,3.75,7.0,10.35,234,6.8,4.25,7.75,12.75,231,5.6,5.0,8.5,13.75,230,5.7,5.5,9.75,15.07
GC=F,Hoch 2,125,0.053134037262620754,2.5955604384977926,3.883509067903838,7.04365531805203,10.225105102737103,13.948821926505573,25.495703483290434,125,30.4,3.0,4.25,7.25,125,24.8,3.25,6.5,9.25,125,18.4,3.75,7.0,10.05,125,13.6,4.0,7.25,11.4,124,12.9,4.5,8.31,14.78,122,7.4,4.75,9.25,15.38,121,7.4,5.75,9.5,15.75
GC=F,Hoch 3,73,0.4912297438183784,2.432486141737548,4.2813064329024,6.770051879721021,9.049359050580238,9.581666977703048,15.212316606024963,73,31.5,3.0,5.5,7.0,73,26.0,3.75,5.75,7.95,73,17.8,4.25,6.75,8.95,73,17.8,4.75,7.0,9.5,72,12.5,5.25,7.56,10.25,70,5.7,5.38,8.81,13.78,69,5.8,6.0,10.0,14.0
GC=F,Hoch 4,38,1.1937994123986913,2.5551646148272944,3.6380681545872706,7.010991597695509,8.676226451355154,10.621981618159495,14.384446051958742,38,31.6,2.75,4.75,6.25,38,23.7,3.5,5.75,7.75,38,13.2,3.5,6.88,8.58,38,7.9,4.12,7.19,8.58,38,5.3,4.38,7.62,9.2,38,2.6,5.0,8.0,12.88,37,2.7,6.5,8.75,14.65
GC=F,Hoch 5,19,1.4623514275312302,3.8324794617407734,5.06578540538153,6.4645664923392605,9.144221261055947,9.672929922644968,10.950744212069228,19,21.1,3.5,4.38,5.15,19,10.5,4.5,6.25,7.5,19,10.5,5.0,6.38,9.1,19,10.5,5.0,8.0,10.15,19,5.3,5.0,8.88,10.85,19,5.3,5.75,9.62,14.65,18,5.6,5.38,11.12,14.73
GC=F,Hoch 6,13,1.407329982230922,4.240036403240485,6.637281465542187,10.211845539032009,10.470902586562216,10.880435718758894,11.42658745978915,13,38.5,4.0,7.0,8.5,13,30.8,5.5,8.5,9.9,13,23.1,6.5,10.0,10.45,13,15.4,6.75,10.25,10.5,13,7.7,8.5,10.5,11.1,12,0.0,9.38,10.5,11.18,12,0.0,9.38,10.69,15.53
GC=F,Hoch 7,6,2.802804895429764,4.289644294735975,5.101298230193764,5.5550725185256224,8.409114689943484,9.778884624961538,11.148654559979592,6,50.0,4.88,5.0,7.25,6,33.3,4.88,5.38,8.25,6,33.3,4.88,5.38,8.25,6,33.3,4.88,6.88,9.25,6,33.3,4.88,6.88,11.75,6,33.3,4.88,8.56,12.88,5,40.0,5.0,9.75,13.5
GC=F,Hoch 8,1,4.884997924763234,4.884997924763234,4.884997924763234,4.884997924763234,4.884997924763234,4.884997924763234,4.884997924763234,1,100.0,4.75,4.75,4.75,1,100.0,4.75,4.75,4.75,1,0.0,4.75,4.75,4.75,1,0.0,4.75,4.75,4.75,1,0.0,4.75,4.75,4.75,1,0.0,4.75,4.75,4.75,0,,,,
GD,alle,566,0.7010463345084245,2.346167171440757,3.997020124147504,6.595669321172134,9.471366924153473,13.72092822008966,39.56059340107282,566,27.4,2.75,4.44,6.5,566,17.1,3.25,5.5,8.25,566,12.5,3.75,6.5,9.38,565,11.2,4.25,7.25,11.0,563,8.2,4.75,8.25,15.25,561,5.2,5.5,9.75,16.0,558,3.4,6.25,12.75,16.0
GD,Hoch 1,265,0.8138604994633812,2.2739551240575304,3.9953828271638927,6.133034773755071,9.042279052276477,13.72986312300704,39.56059340107282,265,27.2,2.75,4.5,6.25,265,17.4,3.5,5.25,7.5,265,12.1,3.75,6.0,9.0,265,10.2,4.25,6.75,11.75,263,7.6,4.75,7.88,15.2,263,4.9,5.5,9.25,16.0,262,2.3,6.0,12.5,16.0
GD,Hoch 2,136,0.7010463345084245,2.2676491451866334,3.8607923368126835,6.4497455068198795,10.026840394704436,12.66051485487776,34.944493605478996,136,22.8,2.75,3.81,5.88,136,14.7,3.25,5.31,7.62,136,12.5,3.75,6.31,9.88,135,12.6,4.0,7.0,11.4,135,8.1,4.25,7.88,15.7,134,5.2,5.25,9.94,16.0,134,3.7,6.5,14.0,16.0
GD,Hoch 3,76,0.9136341860451612,2.3166047046200093,3.993339035443719,6.582850321571007,8.84088575346648,13.985100703229785,35.23680850089094,76,28.9,2.5,4.75,6.62,76,14.5,3.25,5.56,8.5,76,11.8,3.88,6.38,8.75,76,10.5,4.5,7.56,10.75,76,5.3,4.75,8.5,15.12,75,1.3,6.0,11.75,16.0,75,1.3,6.5,13.75,16.0
GD,Hoch 4,41,0.9521981021604911,2.7787182604851677,3.8088815076783478,6.845449891821806,9.601323050743066,11.93120165419038,25.033145757592333,41,31.7,3.0,5.25,8.25,41,22.0,3.25,6.25,9.5,41,17.1,3.75,6.75,9.5,41,12.2,4.5,8.25,9.5,41,12.2,4.5,9.25,13.5,41,7.3,6.25,10.25,16.0,41,7.3,6.25,10.25,16.0
GD,Hoch 5,22,1.0790729607924017,2.660118120073343,4.686546070710014,7.390752966101907,9.599101347665162,12.686917687489412,13.137965837080511,22,31.8,3.0,4.44,6.68,22,13.6,4.0,5.88,9.38,22,13.6,4.62,7.25,9.38,22,13.6,5.12,7.44,10.05,22,13.6,5.25,7.5,15.85,22,9.1,7.12,9.0,16.0,22,9.1,7.5,10.19,16.0
GD,Hoch 6,11,1.7167751124663844,2.1567566967707603,4.797311453930247,6.674769681810423,9.26679037246731,13.051496616800577,16.836202861133845,11,36.4,2.25,3.62,4.5,11,27.3,2.5,5.62,6.5,11,9.1,4.75,6.5,9.25,11,9.1,4.75,7.12,9.25,11,9.1,6.5,8.12,16.0,11,9.1,6.5,10.0,16.0,11,9.1,6.5,10.0,16.0
GD,Hoch 7,6,2.5527032139027632,2.9908395873769322,3.4780394953559046,7.8210979576182105,13.524524040700356,15.692615761447032,17.860707482193707,6,16.7,2.88,3.44,3.75,6,0.0,3.0,7.56,10.75,6,0.0,3.25,7.62,12.5,6,0.0,5.38,8.69,12.5,6,0.0,6.12,12.81,15.0,6,0.0,7.25,12.81,15.0,6,0.0,7.25,12.81,15.0
GD,Hoch 8,4,3.4130306674280324,3.7352753999809285,4.257182642388135,5.629612256459164,7.353899364985782,7.928661734494653,8.503424104003527,4,50.0,3.88,5.12,7.15,4,50.0,4.0,5.31,7.23,4,25.0,4.12,5.5,7.3,4,25.0,4.12,5.5,7.3,4,25.0,4.12,6.38,9.75,4,25.0,6.0,8.62,10.65,3,33.3,4.5,8.25,10.5
GD,Hoch 9,3,4.306000899069864,4.646270182662517,4.986539466255169,7.735448839564068,9.384794463549406,9.934576338211185,10.484358212872966,3,66.7,3.75,7.0,8.95,3,66.7,4.25,7.25,9.05,3,33.3,4.75,7.5,9.15,3,33.3,4.75,7.5,9.15,3,33.3,7.5,11.12,13.3,3,33.3,7.5,11.12,13.3,2,0.0,9.75,12.25,13.75
GD,Hoch 10,1,6.32496304549041,6.32496304549041,6.32496304549041,6.32496304549041,6.32496304549041,6.32496304549041,6.32496304549041,1,0.0,3.75,3.75,3.75,1,0.0,6.25,6.25,6.25,1,0.0,6.25,6.25,6.25,1,0.0,6.25,6.25,6.25,1,0.0,6.25,6.25,6.25,1,0.0,6.25,6.25,6.25,1,0.0,6.25,6.25,6.25
GD,Hoch 11,1,6.596141923406699,6.596141923406699,6.596141923406699,6.596141923406699,6.596141923406699,6.596141923406699,6.596141923406699,1,100.0,5.5,5.5,5.5,1,100.0,6.5,6.5,6.5,1,0.0,6.5,6.5,6.5,1,0.0,6.5,6.5,6.5,1,0.0,6.5,6.5,6.5,1,0.0,6.5,6.5,6.5,1,0.0,6.5,6.5,6.5
GE,alle,548,0.4745222422820987,2.634321834838068,4.409851242714612,7.600117265857819,11.40514828854688,14.390801535295603,24.70485722683436,548,30.1,3.0,4.5,7.0,548,19.9,3.75,6.0,9.0,548,15.9,4.25,7.5,11.25,544,12.9,4.5,8.0,13.42,540,11.5,5.25,10.25,16.0,532,9.6,6.25,13.0,16.0,526,7.2,7.12,15.44,16.0
GE,Hoch 1,274,0.5309943416789894,2.473461428244884,4.251328648069878,7.34227912255267,11.443282521176819,14.384745848525577,23.90731442081324,274,27.0,3.0,4.5,6.25,274,17.5,3.75,5.75,8.5,274,13.9,4.12,7.25,11.25,274,9.9,4.38,7.75,13.68,272,9.9,5.25,10.5,16.0,269,8.2,6.5,13.75,16.0,266,6.4,7.25,16.0,16.0
GE,Hoch 2,125,0.7321360120437975,2.786720560380943,4.434800848339415,7.448458240041616,11.742205788502925,14.976589463315833,20.740389292785228,125,29.6,2.75,4.5,6.9,125,22.4,3.75,5.75,9.05,125,17.6,4.25,7.25,11.55,125,15.2,4.5,7.75,13.25,123,12.2,4.75,9.12,15.8,121,9.9,6.0,13.0,16.0,121,8.3,6.0,15.0,16.0
GE,Hoch 3,67,1.2217898839159589,2.86453522015677,4.49912800682511,8.882121081334953,10.52578772299186,12.783501662168709,24.70485722683436,67,37.3,3.0,4.38,7.1,67,22.4,4.0,7.12,10.25,67,19.4,4.25,8.75,10.35,66,18.2,4.88,9.5,13.25,66,15.2,5.62,10.69,15.88,64,14.1,6.25,12.81,16.0,63,9.5,7.5,14.25,16.0
GE,Hoch 4,39,1.216914557226795,2.8934188988839753,4.7523123073201115,7.44113804997209,11.054253705568897,12.981632809377286,19.550771709494633,39,38.5,3.75,4.62,7.05,39,25.6,4.25,7.25,9.25,39,23.1,4.75,7.25,10.85,38,21.1,5.0,8.12,13.08,38,18.4,5.0,11.69,16.0,37,16.2,6.5,13.75,16.0,36,8.3,6.88,16.0,16.0
GE,Hoch 5,21,0.4745222422820987,2.7242807079562326,5.031670672957422,7.591537210999838,11.434036153328258,12.15960794957441,17.614332953491843,21,38.1,2.75,5.0,9.25,21,19.0,4.0,7.5,11.25,21,14.3,5.0,7.5,11.25,20,10.0,4.75,7.62,11.33,20,10.0,5.25,7.62,11.33,20,5.0,5.75,9.12,12.4,19,5.3,6.25,9.88,16.0
GE,Hoch 6,10,0.9021851322869665,2.468242080205048,6.735742631924894,8.664770504489335,12.96881419126984,16.415399168959418,19.861984146649014,10,40.0,3.25,4.31,6.55,10,20.0,4.38,8.62,12.4,10,10.0,6.62,8.62,12.4,9,11.1,7.0,8.75,12.8,9,11.1,7.0,8.75,12.8,9,11.1,8.25,12.0,15.2,9,11.1,8.25,12.0,15.2
GE,Hoch 7,6,0.925917166251434,2.9176010989455277,3.6905831585625855,5.447684815145743,8.258650749498777,9.37618299016452,10.49371523083026,6,16.7,3.0,3.5,5.38,6,16.7,3.5,4.81,7.75,6,16.7,3.5,5.38,8.12,6,16.7,3.5,5.38,8.12,6,0.0,3.5,5.38,8.12,6,0.0,4.75,9.19,12.62,6,0.0,4.75,9.19,12.62
GE,Hoch 8,3,1.961161258130377,2.8000725369608124,3.6389838157912475,5.72984192593548,6.98435679202202,7.402528414050866,7.820700036079713,3,0.0,3.5,5.25,6.3,3,0.0,3.5,5.62,6.9,3,0.0,3.5,5.62,6.9,3,0.0,3.5,5.62,6.9,3,0.0,3.5,5.62,6.9,3,0.0,3.5,5.62,6.9,3,0.0,3.5,5.62,6.9
GE,Hoch 9,2,2.006378068931526,3.674532434033094,5.342686799134661,7.010841164236229,8.01173378329717,8.345364656317484,8.678995529337797,2,50.0,4.88,6.31,7.17,2,50.0,5.25,6.88,7.85,2,0.0,5.25,6.88,7.85,2,0.0,5.25,6.88,7.85,2,0.0,5.25,6.88,7.85,2,0.0,5.25,6.88,7.85,2,0.0,5.25,6.88,7.85
GE,Hoch 10,1,2.7572226577200065,2.7572226577200065,2.7572226577200065,2.7572226577200065,2.7572226577200065,2.7572226577200065,2.7572226577200065,1,0.0,2.75,2.75,2.75,1,0.0,2.75,2.75,2.75,1,0.0,2.75,2.75,2.75,1,0.0,2.75,2.75,2.75,1,0.0,2.75,2.75,2.75,1,0.0,2.75,2.75,2.75,1,0.0,2.75,2.75,2.75
GEHC,alle,86,0.9413681042826755,2.994173638061508,5.194744016113756,7.833382902373112,11.986831420970717,14.338153440665465,17.833471448665318,86,37.2,3.5,5.44,7.12,86,26.7,4.25,7.0,9.75,85,18.8,5.25,7.75,11.95,83,18.1,5.75,8.75,13.75,75,16.0,7.0,11.38,15.8,69,7.2,9.5,13.75,16.0,66,4.5,11.0,15.31,16.0
GEHC,Hoch 1,45,0.9413681042826755,2.9871330164354095,4.80511985011192,7.010545616763255,10.842567669205469,12.908618820740656,17.833471448665318,45,42.2,3.5,5.75,6.75,45,33.3,4.25,7.0,9.8,44,18.2,4.75,7.0,10.88,44,15.9,6.0,9.31,12.75,41,14.6,6.75,10.75,16.0,36,5.6,9.0,12.75,16.0,35,2.9,9.5,13.75,16.0
GEHC,Hoch 2,18,1.613421077747671,3.1821301259599424,5.451001968208976,7.16658413762994,9.037515581243353,11.492916379754782,15.729405591645747,18,22.2,3.12,5.06,5.88,18,5.6,4.62,6.06,7.4,18,5.6,5.25,7.06,8.93,18,5.6,5.38,7.62,9.23,15,0.0,7.75,11.25,12.25,15,0.0,11.5,12.25,15.8,14,0.0,11.75,14.94,16.0
GEHC,Hoch 3,11,1.118908382541472,3.4018063361953788,7.094903978462722,8.975139238117846,11.541842874258535,13.17746976043383,14.813096646609125,11,27.3,3.5,5.75,7.75,11,18.2,4.0,7.12,9.5,11,18.2,7.0,8.88,11.5,10,20.0,7.5,11.25,14.07,9,22.2,11.25,12.25,15.0,9,22.2,12.25,16.0,16.0,8,12.5,13.5,16.0,16.0
GEHC,Hoch 4,8,2.127086212912657,3.643829189071726,6.476530448436694,12.550890942843306,14.093863087217562,15.477248842592758,16.86063459796796,8,50.0,3.62,7.75,8.95,8,37.5,6.12,10.44,12.05,8,37.5,6.38,12.38,13.72,7,42.9,8.5,14.88,16.0,6,33.3,9.38,15.44,16.0,5,0.0,13.75,16.0,16.0,5,0.0,13.75,16.0,16.0
GEHC,Hoch 5,2,1.324625675122912,2.8603534758848603,4.396081276646809,5.931809077408758,6.853245757865927,7.160391318018316,7.467536878170706,2,50.0,2.12,2.56,2.83,2,50.0,4.25,5.75,6.65,2,50.0,4.25,5.75,6.65,2,50.0,4.62,6.31,7.33,2,50.0,6.0,7.0,7.6,2,0.0,7.25,7.62,7.85,2,0.0,7.25,7.62,7.85
GEHC,Hoch 6,2,1.9176409397961074,3.3997284496794125,4.881815959562717,6.363903469446022,7.253155975376004,7.5495734773526655,7.8459909793293265,2,50.0,2.75,3.25,3.55,2,50.0,4.5,5.88,6.7,2,50.0,4.75,6.25,7.15,2,50.0,4.88,6.44,7.38,2,50.0,7.5,7.75,7.9,2,50.0,8.25,8.38,8.45,2,50.0,8.25,8.38,8.45
GEV,alle,53,0.7973063070994987,1.7841492989446626,3.010098564925984,3.8203402088707348,5.766662994056931,6.786026550029307,10.771606342297934,53,17.0,2.5,3.25,4.45,53,9.4,2.75,3.5,4.95,53,3.8,3.0,3.75,5.7,51,2.0,3.0,4.62,6.0,49,0.0,3.0,4.75,6.15,43,0.0,3.0,5.0,6.6,36,0.0,3.38,5.12,6.75
GEV,Hoch 1,20,0.9190878137966956,1.7125754782190015,2.954130555370283,3.7987909174241272,5.181911692072334,5.78635948775734,5.8266571469800965,20,10.0,2.38,3.06,3.55,20,5.0,2.88,3.5,4.53,20,0.0,2.88,3.62,5.08,18,0.0,2.62,3.5,4.83,17,0.0,2.5,3.5,4.85,15,0.0,2.75,3.75,4.9,13,0.0,3.0,4.0,4.95
GEV,Hoch 2,15,0.7973063070994987,1.7258133142295944,3.0663967432590726,5.034979036609669,7.087989537110641,8.316552129693193,9.01844226774811,15,20.0,2.75,4.38,4.75,15,13.3,3.0,4.88,6.85,15,0.0,3.0,4.88,7.0,15,0.0,3.0,4.88,7.0,14,0.0,2.75,4.5,5.35,13,0.0,3.0,4.75,5.4,11,0.0,3.25,4.88,5.5
GEV,Hoch 3,7,1.074427743470652,2.306708120362735,3.0249189849498137,4.767955388796994,7.888372258737765,9.329989300517845,10.771606342297934,7,28.6,2.75,4.0,5.9,7,28.6,2.75,4.0,6.6,7,28.6,3.0,4.62,7.75,7,14.3,3.0,4.75,7.9,7,0.0,3.5,4.88,7.9,6,0.0,3.38,5.44,8.38,5,0.0,3.75,6.0,8.85
GEV,Hoch 4,4,1.0453821158123502,1.5994575031615845,2.212554246888146,3.2504536790904024,4.347543750756195,4.7132404413114575,5.078937131866723,4,0.0,2.12,2.88,3.55,4,0.0,2.12,2.88,3.55,4,0.0,2.12,3.12,4.25,4,0.0,2.12,3.12,4.25,4,0.0,3.75,5.12,5.35,4,0.0,3.75,5.12,5.35,3,0.0,5.0,5.25,5.4
GEV,Hoch 5,3,1.9889265578671198,2.524519097567321,3.060111637267522,3.170281429268681,3.2363833044693773,3.258417262869609,3.280451221269841,3,33.3,3.0,3.12,3.2,3,0.0,3.0,3.12,3.2,3,0.0,3.0,3.12,3.2,3,0.0,3.25,3.88,4.25,3,0.0,3.25,4.62,5.45,3,0.0,3.25,4.62,5.45,2,0.0,4.5,5.25,5.7
GEV,Hoch 6,2,1.6693043495375604,2.0004882730432336,2.3316721965489067,2.66285612005458,2.861566474157984,2.9278032588591185,2.994040043560253,2,0.0,2.0,2.25,2.4,2,0.0,2.12,2.44,2.62,2,0.0,2.12,2.44,2.62,2,0.0,4.12,5.44,6.22,2,0.0,4.75,6.38,7.35,1,0.0,8.0,8.0,8.0,1,0.0,8.0,8.0,8.0
GEV,Hoch 7,2,3.575344530956398,3.636593450434982,3.697842369913566,3.7590912893921504,3.7958406410793013,3.808090424975018,3.8203402088707348,2,50.0,3.12,3.31,3.42,2,0.0,3.12,3.31,3.42,2,0.0,3.62,3.69,3.73,2,0.0,4.62,5.19,5.53,2,0.0,5.12,5.94,6.42,1,0.0,6.75,6.75,6.75,1,0.0,6.75,6.75,6.75
GFS,alle,102,0.7040458393875166,3.6507554522772607,5.023486835317479,6.59805012480225,8.060716347991871,8.545195224068001,13.513913504308539,102,36.3,3.25,4.75,6.25,102,26.5,4.25,5.94,7.25,102,19.6,5.0,6.44,7.98,102,16.7,5.25,7.25,8.25,99,13.1,6.0,8.0,9.55,94,12.8,7.12,9.25,12.1,90,12.2,8.0,9.75,14.3
GFS,Hoch 1,54,1.1416861885797613,3.323809361392016,4.6199516481900815,5.610598987243132,6.372380790076226,7.30901854349407,7.993854942304949,54,37.0,2.88,4.25,5.5,54,20.4,3.88,5.0,5.93,54,14.8,4.5,5.5,6.25,54,13.0,4.62,6.0,7.18,54,7.4,5.38,7.69,9.1,53,7.5,6.5,8.75,10.9,51,7.8,7.25,9.38,13.25
GFS,Hoch 2,22,0.7040458393875166,3.503365619008028,6.113824105842145,7.318345249569917,8.272678912326665,8.331343318298515,10.350755994436412,22,31.8,3.25,4.94,5.48,22,27.3,4.0,6.69,7.93,22,13.6,6.0,7.19,8.25,22,9.1,6.12,7.81,8.48,21,9.5,6.25,8.0,10.25,21,9.5,6.5,8.75,12.25,20,5.0,7.38,10.06,13.08
GFS,Hoch 3,12,3.297032792102742,5.198601318419631,6.23283909515511,7.710206265588331,8.192926708015246,10.225271540382874,12.658295992469524,12,41.7,4.38,5.81,7.8,12,41.7,5.5,6.62,7.97,12,33.3,6.12,7.56,7.97,12,25.0,7.0,8.06,8.47,11,27.3,6.75,8.38,8.5,11,18.2,8.0,9.0,12.5,10,20.0,8.12,9.38,14.2
GFS,Hoch 4,7,1.6906949754383658,5.301452720504725,6.816563536481796,7.6944434576973055,10.53934202208356,12.026627763196045,13.513913504308539,7,28.6,3.0,4.62,7.3,7,28.6,6.5,7.25,9.75,7,28.6,6.75,7.62,10.5,7,28.6,8.25,9.25,11.9,6,16.7,6.75,9.19,12.5,5,20.0,8.25,13.5,15.0,5,20.0,9.5,15.0,15.6
GFS,Hoch 5,5,2.3437866102697766,5.618654808289196,7.330163478175996,8.655740443021411,11.05116059961872,11.849633985151156,12.648107370683594,5,60.0,4.5,7.75,9.25,5,60.0,5.5,8.5,10.9,5,60.0,7.25,8.5,10.9,5,60.0,7.25,10.25,12.5,5,60.0,7.25,10.25,12.5,4,75.0,10.25,12.44,14.58,4,75.0,10.38,12.62,14.65
GFS,Hoch 6,1,3.7798226190123745,3.7798226190123745,3.7798226190123745,3.7798226190123745,3.7798226190123745,3.7798226190123745,3.7798226190123745,1,0.0,3.75,3.75,3.75,1,0.0,3.75,3.75,3.75,1,0.0,3.75,3.75,3.75,1,0.0,3.75,3.75,3.75,1,0.0,3.75,3.75,3.75,0,,,,,0,,,,
GFS,Hoch 7,1,4.255545667690598,4.255545667690598,4.255545667690598,4.255545667690598,4.255545667690598,4.255545667690598,4.255545667690598,1,0.0,4.25,4.25,4.25,1,0.0,4.25,4.25,4.25,1,0.0,4.25,4.25,4.25,1,0.0,4.25,4.25,4.25,1,0.0,4.25,4.25,4.25,0,,,,,0,,,,
GILD,alle,543,0.7787673046367144,2.592810842653561,4.0863056128981485,5.990643131901367,8.289974488195215,10.545289094266733,18.97464630407776,543,31.1,3.0,4.25,6.0,543,20.4,3.5,5.25,7.25,543,16.0,4.0,5.75,8.2,540,12.2,4.25,6.5,9.5,532,7.9,4.5,7.5,11.0,525,6.1,5.25,8.75,12.25,520,5.2,6.0,9.0,13.25
GILD,Hoch 1,260,0.7787673046367144,2.432305145577308,3.8164039968873644,5.56587963848831,7.501146644727319,9.018179504776114,17.427257593799666,260,29.2,3.0,4.25,5.75,260,19.6,3.25,5.0,6.52,260,15.0,3.75,5.5,7.27,258,11.2,4.0,6.19,8.25,253,7.9,4.25,6.5,9.25,248,6.0,4.75,7.5,11.0,247,5.3,5.25,8.12,12.1
GILD,Hoch 2,132,0.8260075729451414,2.5184318300575974,3.9953876225569034,5.953094147545938,8.132425022772837,10.102319521805617,13.765480045073428,132,29.5,2.75,4.25,5.73,132,20.5,3.5,5.25,7.7,132,14.4,3.88,5.75,8.0,131,11.5,4.25,6.62,9.75,129,7.0,4.5,7.75,10.5,128,6.2,5.25,8.81,13.07,127,4.7,6.0,9.12,13.1
GILD,Hoch 3,70,0.9512631862672731,2.729869982103395,3.9513883288561478,6.086202474221709,9.857632837377029,11.392932707839185,13.169092780024371,70,35.7,3.0,4.69,6.28,70,17.1,3.38,5.19,6.83,70,15.7,3.75,6.0,9.75,70,10.0,4.25,6.19,11.03,69,5.8,4.5,7.25,11.6,68,2.9,5.12,8.25,12.33,67,3.0,6.25,9.0,12.6
GILD,Hoch 4,35,0.8849463081306338,3.011055635445563,4.387168758816044,6.304895901486036,10.155960709761727,11.491553248945138,15.119936389695873,35,28.6,3.5,4.25,7.3,35,14.3,4.0,5.0,9.1,35,11.4,4.25,6.12,9.95,35,11.4,5.0,6.88,10.6,35,2.9,6.25,8.25,10.8,35,2.9,7.0,9.38,11.15,34,2.9,7.75,10.69,11.5
GILD,Hoch 5,22,1.383114477194831,3.904930624436423,5.5492888768436694,8.100838134862885,11.77641852135323,13.059620047327746,14.761201826768648,22,31.8,3.12,4.69,5.23,22,27.3,4.62,5.62,7.15,22,22.7,5.38,7.94,11.7,22,18.2,6.25,8.75,11.7,22,13.6,6.75,9.0,14.5,22,13.6,8.38,12.0,14.63,21,9.5,8.75,13.5,15.5
GILD,Hoch 6,13,1.6616496891465593,4.76810438450144,6.566215005472086,7.335184058664326,12.308239016334877,13.886787418729169,14.806277487534755,13,38.5,3.5,4.0,4.65,13,38.5,5.0,5.75,7.1,13,38.5,6.5,7.25,12.25,13,38.5,6.5,8.25,13.95,13,23.1,7.75,9.0,15.35,13,7.7,8.25,11.0,15.9,13,7.7,8.25,12.75,15.9
GILD,Hoch 7,7,1.1349255227901027,3.14654202400522,5.337653798004692,10.99527555417032,15.80128790973417,16.73689123608664,17.67249456243912,7,57.1,3.5,5.0,8.25,7,42.9,5.25,6.0,9.55,7,28.6,5.25,10.88,15.1,7,14.3,5.25,14.12,15.1,7,14.3,9.75,16.0,16.0,7,14.3,10.75,16.0,16.0,7,14.3,10.75,16.0,16.0
GILD,Hoch 8,4,2.0547619813072258,3.770017809705489,5.037338771755237,9.043342419273612,15.002124750156103,16.988385527116925,18.97464630407776,4,75.0,4.88,6.06,7.08,4,50.0,4.88,8.12,12.85,4,50.0,4.88,8.12,12.85,4,25.0,5.88,9.62,13.45,4,25.0,7.38,11.88,14.35,4,25.0,7.88,12.62,14.65,4,25.0,10.12,12.62,14.65
GLW,alle,554,0.5995574161013301,2.6867983847815973,4.557396241737177,7.2353125507385165,11.817112631418173,14.089470398497497,28.548201716054447,554,30.9,3.0,4.75,7.0,554,20.6,4.0,6.25,9.5,554,14.6,4.5,7.0,11.75,551,12.7,4.75,7.75,12.5,546,9.5,5.0,9.44,15.12,540,8.3,6.0,11.5,16.0,533,7.5,7.0,12.5,16.0
GLW,Hoch 1,282,0.5995574161013301,2.6145257536392164,4.431194715098507,6.8539096516727875,11.694429890753812,14.223398923579353,17.793775187844954,282,31.2,3.0,4.75,6.75,282,19.9,3.75,6.19,9.23,282,13.5,4.25,6.75,11.5,281,11.7,4.75,7.5,13.25,279,8.2,5.0,8.88,14.8,278,7.6,5.75,11.44,16.0,274,6.9,6.75,12.25,16.0
GLW,Hoch 2,132,0.6428566517919139,2.846737815250734,4.5213802414366855,7.230928926330361,10.672779844763918,13.944334496784284,20.054759795053922,132,30.3,3.0,4.5,6.68,132,21.2,4.0,6.25,8.5,132,15.2,4.38,7.0,10.43,130,12.3,4.75,7.69,12.05,129,7.8,5.0,9.0,15.8,127,7.1,6.0,11.0,16.0,125,6.4,7.25,12.5,16.0
GLW,Hoch 3,69,0.735034932821179,2.8608747816766518,4.935773709430022,8.0287991736012,11.368864664910147,13.136476450772806,21.8208473708535,69,33.3,3.0,4.25,6.85,69,23.2,4.25,6.75,10.8,69,17.4,4.75,8.0,11.15,69,15.9,5.0,9.0,12.3,68,14.7,5.25,10.38,16.0,67,11.9,7.25,13.75,16.0,67,9.0,7.5,15.5,16.0
GLW,Hoch 4,34,1.1846916860843173,2.6028612041869703,5.267606859103058,8.145973550274856,11.671239853512402,13.082535541945123,28.548201716054447,34,23.5,3.0,4.5,5.75,34,17.6,4.75,6.44,11.6,34,14.7,5.25,8.06,11.6,34,14.7,5.25,8.12,11.75,33,15.2,5.25,9.75,15.0,32,12.5,6.62,11.31,15.93,32,12.5,8.12,11.69,16.0
GLW,Hoch 5,19,0.9681193787413416,2.9380260949349823,5.4295890279902865,10.002548304897246,12.410259839002,12.745170694893474,14.070149786746375,19,26.3,3.75,5.75,7.9,19,21.1,5.25,8.88,12.05,19,21.1,5.25,9.88,12.3,19,21.1,5.25,11.62,12.9,19,15.8,6.0,11.88,14.8,18,11.1,6.5,12.19,14.95,18,11.1,8.25,12.25,16.0
GLW,Hoch 6,11,1.7563140753403792,3.6559335889096176,4.2567160125844685,7.717745087832787,12.976851960359818,13.46342621859769,13.950000476835562,11,54.5,4.25,7.38,9.0,11,36.4,4.25,7.5,12.75,11,18.2,4.25,7.5,12.75,11,9.1,4.25,9.0,12.75,11,9.1,5.25,11.75,12.75,11,9.1,5.25,11.75,12.75,11,9.1,5.75,13.5,15.25
GLW,Hoch 7,3,2.218052125214675,2.3369008529138244,2.4557495806129737,3.273639199273929,3.7643729704705025,3.9279508942026933,4.0915288179348845,3,0.0,2.25,3.12,3.65,3,0.0,2.25,3.12,3.65,3,0.0,2.25,3.12,3.65,3,0.0,2.25,3.12,3.65,3,0.0,2.25,3.12,3.65,3,0.0,2.25,7.38,10.45,3,0.0,2.25,9.12,13.25
GLW,Hoch 8,2,1.401634519456315,2.2651052005334993,3.1285758816106832,3.992046562687867,4.510128971334178,4.6828231075496145,4.855517243765052,2,50.0,3.0,3.88,4.4,2,0.0,3.0,3.88,4.4,2,0.0,3.0,3.88,4.4,2,0.0,3.0,3.88,4.4,2,0.0,3.0,3.88,4.4,2,0.0,7.62,10.81,12.72,2,0.0,8.62,12.31,14.53
GLW,Hoch 9,1,1.4312667552205771,1.4312667552205771,1.4312667552205771,1.4312667552205771,1.4312667552205771,1.4312667552205771,1.4312667552205771,1,0.0,1.25,1.25,1.25,1,0.0,1.25,1.25,1.25,1,0.0,1.25,1.25,1.25,1,0.0,1.25,1.25,1.25,1,0.0,1.25,1.25,1.25,1,0.0,1.25,1.25,1.25,1,0.0,1.25,1.25,1.25
GLW,Hoch 10,1,2.282117257559347,2.282117257559347,2.282117257559347,2.282117257559347,2.282117257559347,2.282117257559347,2.282117257559347,1,0.0,2.25,2.25,2.25,1,0.0,2.25,2.25,2.25,1,0.0,2.25,2.25,2.25,1,0.0,2.25,2.25,2.25,1,0.0,2.25,2.25,2.25,1,0.0,2.25,2.25,2.25,0,,,,
GM,alle,478,0.9165625153028182,3.0075092376466563,4.709689947822027,7.444623912984088,10.369341229477426,12.14466578509976,40.47819584046205,478,32.4,3.5,5.0,6.75,478,20.7,4.25,6.25,9.0,478,15.9,4.5,7.25,10.25,473,13.1,5.0,8.25,12.0,469,10.9,6.0,9.5,13.5,460,8.5,7.0,11.06,16.0,455,5.9,7.5,12.75,16.0
GM,Hoch 1,254,1.0360340174018459,2.754867613107812,4.314061273750636,7.342430322670338,10.016648648942793,11.892638342298447,31.00226989266179,254,32.3,3.0,4.5,7.25,254,19.7,4.0,5.94,9.0,254,13.8,4.25,7.25,9.93,250,12.4,4.62,8.0,11.5,248,10.9,5.38,9.0,13.08,242,9.1,6.5,10.19,15.9,241,6.6,7.0,12.5,16.0
GM,Hoch 2,101,0.9165625153028182,3.1184153079252064,4.829331141099031,7.506914414339788,10.61072970849167,13.459089766070905,40.47819584046205,101,29.7,3.75,5.0,6.5,101,20.8,4.5,6.25,9.5,101,18.8,4.75,7.5,10.5,100,14.0,5.25,7.81,12.03,99,10.1,5.75,9.25,13.9,97,7.2,6.75,10.75,16.0,96,4.2,7.38,12.25,16.0
GM,Hoch 3,60,0.9646572155583246,3.5646336832955274,5.235345317579882,7.689124416118597,10.960622970824486,11.473933788634865,13.505205951984296,60,35.0,4.12,5.25,6.3,60,23.3,4.75,6.62,9.0,60,18.3,5.12,7.56,10.78,60,15.0,5.5,9.81,12.03,59,10.2,6.25,10.88,13.3,59,6.8,7.25,12.0,16.0,57,7.0,9.5,13.5,16.0
GM,Hoch 4,32,1.7047375104796707,3.977497491721395,5.016674765442884,6.864065956829357,10.447451048815005,12.292289293125691,14.253216386037666,32,40.6,4.25,5.0,6.15,32,25.0,4.5,6.06,9.45,32,18.8,5.0,6.75,10.23,32,12.5,6.12,7.69,12.9,32,12.5,6.5,11.62,13.45,32,6.2,7.12,12.81,16.0,31,3.2,7.25,15.88,16.0
GM,Hoch 5,17,1.9683238348801344,3.8643791576232176,5.805174082522413,7.220321748305543,8.261030526409423,8.894085036441473,9.688139323952276,17,35.3,3.75,5.25,6.45,17,29.4,4.25,7.0,7.5,17,23.5,5.75,7.0,8.05,17,17.6,7.25,9.25,13.1,17,17.6,7.75,10.75,14.95,16,18.8,7.88,13.94,16.0,16,6.2,7.88,16.0,16.0
GM,Hoch 6,9,1.775276883289324,3.246748089781368,5.6958311205505625,7.531250059762809,9.479120119018239,9.705021011817587,9.930921904616936,9,11.1,2.5,5.25,6.1,9,0.0,3.75,6.75,7.5,9,0.0,5.5,7.5,9.35,9,0.0,7.5,9.0,10.3,9,0.0,7.5,9.0,11.0,9,0.0,7.5,9.0,16.0,9,0.0,7.5,11.5,16.0
GM,Hoch 7,4,3.4947089106210827,4.864593951137974,6.845899316424665,8.624424473347197,9.081351122601845,9.233660005686726,9.38596888877161,4,50.0,3.38,3.62,3.85,4,25.0,4.25,5.88,7.0,4,25.0,6.75,8.5,8.95,4,25.0,9.75,10.5,10.95,4,25.0,9.75,10.5,10.95,4,25.0,9.75,10.5,10.95,4,25.0,10.25,11.62,12.3
GM,Hoch 8,1,11.013273930573106,11.013273930573106,11.013273930573106,11.013273930573106,11.013273930573106,11.013273930573106,11.013273930573106,1,0.0,2.25,2.25,2.25,1,0.0,7.5,7.5,7.5,1,0.0,11.0,11.0,11.0,1,0.0,11.0,11.0,11.0,1,0.0,11.0,11.0,11.0,1,0.0,11.0,11.0,11.0,1,0.0,11.0,11.0,11.0
GOOG,alle,565,0.6673053016667814,2.257992771548245,4.090583644385129,6.93527715374712,10.158852971956065,13.05766313689648,22.96807000320918,565,25.1,2.75,4.75,7.0,565,17.2,3.25,6.0,8.75,565,12.6,4.0,6.75,10.0,561,9.6,4.25,7.5,11.25,555,6.1,4.5,8.25,13.25,550,4.4,5.25,9.75,14.5,541,2.8,5.75,10.25,15.75
GOOG,Hoch 1,266,0.8249878658452696,2.193664684541433,3.8284581165144367,6.212147891034061,9.319856065011518,11.447850380460201,22.96807000320918,266,26.7,2.75,4.75,6.75,266,18.8,3.25,5.75,8.25,266,13.2,3.75,6.0,9.25,262,9.5,4.0,6.69,10.23,261,6.1,4.25,7.25,11.75,258,4.7,4.75,8.75,13.0,253,3.2,5.0,9.0,13.75
GOOG,Hoch 2,131,0.6673053016667814,2.0190062043688513,3.700034672345217,6.228038707435781,9.431596063336974,12.126496174798548,20.850137419126387,131,17.6,2.5,4.38,6.5,131,12.2,3.0,5.25,7.5,131,9.2,3.5,6.0,9.25,131,6.9,4.0,6.62,10.5,130,3.8,4.25,7.75,11.78,130,1.5,4.75,8.69,12.08,126,1.6,5.0,9.25,13.0
GOOG,Hoch 3,76,0.6757223124219369,2.1824458978819328,4.556263628824455,7.459791662070988,10.607879738982804,13.60404416780002,17.926169469147908,76,26.3,2.5,4.75,6.88,76,18.4,3.38,6.06,8.88,76,15.8,4.38,7.38,10.5,76,13.2,4.62,8.38,11.38,75,8.0,5.0,9.25,14.9,74,5.4,6.0,9.88,14.93,74,2.7,6.25,10.56,16.0
GOOG,Hoch 4,44,0.9938966385988589,2.4363331021850674,3.7152830172320965,8.249475986066741,11.11561766839973,13.107867348795134,15.699496957768943,44,13.6,3.0,4.38,7.03,44,6.8,3.25,6.31,9.68,44,4.5,3.62,8.19,10.95,44,4.5,4.5,9.56,13.1,43,4.7,5.0,10.0,15.7,42,4.8,5.5,12.0,15.85,42,2.4,6.38,13.12,16.0
GOOG,Hoch 5,28,1.8783197830788092,4.212191958174991,6.8794350709708025,8.948170571120238,13.506024302010863,14.235675493557403,14.774723551787345,28,46.4,4.62,6.19,8.7,28,25.0,5.88,8.31,11.68,28,21.4,6.75,8.75,13.32,28,14.3,7.25,9.81,13.62,27,7.4,7.5,11.62,15.1,27,3.7,8.25,12.75,16.0,27,0.0,8.5,13.5,16.0
GOOG,Hoch 6,12,1.7392663047550612,2.8680677786037405,7.907341651397912,9.3338384271077,9.98548104400862,12.22729652252644,14.966021204735908,12,41.7,3.5,5.81,7.72,12,41.7,4.5,7.56,9.33,12,25.0,7.75,9.19,9.75,12,25.0,7.75,9.75,9.75,11,18.2,9.75,11.12,16.0,11,18.2,9.75,16.0,16.0,11,9.1,11.75,16.0,16.0
GOOG,Hoch 7,4,3.061849822681927,3.073675114685714,6.3600904159669165,11.371239685998898,14.482856004952573,15.520061444603794,16.55726688425502,4,50.0,6.25,11.0,13.7,4,25.0,6.25,11.12,14.05,4,0.0,6.25,11.12,14.05,4,0.0,6.25,11.12,14.05,4,0.0,8.38,14.31,15.33,4,0.0,10.75,16.0,16.0,4,0.0,16.0,16.0,16.0
GOOG,Hoch 8,2,3.789936201206368,7.162620589860248,10.535304978514127,13.907989367168007,15.931600000360335,16.60613687809111,17.280673755821887,2,50.0,9.12,12.56,14.62,2,50.0,9.12,12.56,14.62,2,50.0,9.88,12.94,14.78,2,50.0,9.88,12.94,14.78,2,50.0,11.25,13.62,15.05,2,50.0,13.75,14.88,15.55,2,50.0,16.0,16.0,16.0
GOOG,Hoch 9,1,6.619547822713033,6.619547822713033,6.619547822713033,6.619547822713033,6.619547822713033,6.619547822713033,6.619547822713033,1,0.0,3.25,3.25,3.25,1,0.0,6.5,6.5,6.5,1,0.0,6.5,6.5,6.5,1,0.0,6.5,6.5,6.5,1,0.0,10.0,10.0,10.0,1,0.0,16.0,16.0,16.0,1,0.0,16.0,16.0,16.0
GOOG,Hoch 10,1,8.194286551156479,8.194286551156479,8.194286551156479,8.194286551156479,8.194286551156479,8.194286551156479,8.194286551156479,1,100.0,8.0,8.0,8.0,1,0.0,8.0,8.0,8.0,1,0.0,8.0,8.0,8.0,1,0.0,8.0,8.0,8.0,1,0.0,11.5,11.5,11.5,1,0.0,16.0,16.0,16.0,1,0.0,16.0,16.0,16.0
GOOGL,alle,571,0.667322524535163,2.279872332546667,4.08119099696678,6.892883778807221,10.11929432782059,13.022751825801397,26.94673624081374,571,25.0,2.75,4.75,7.0,571,17.0,3.5,6.0,8.75,571,12.1,4.0,6.75,10.0,567,9.3,4.25,7.5,11.0,562,5.7,4.62,8.25,13.23,557,3.8,5.25,9.75,14.5,548,2.4,5.75,10.25,15.75
GOOGL,Hoch 1,273,0.7056002805415451,2.2192039060624076,3.8010599623652923,6.128090099675273,9.406350873246055,11.321017780471193,23.396457455818105,273,26.4,2.75,4.75,6.75,273,18.7,3.25,5.75,8.25,273,12.5,3.75,6.0,9.25,269,9.3,4.0,6.5,10.0,268,5.6,4.38,7.25,11.75,266,3.8,4.75,9.0,13.12,261,2.3,5.0,9.0,14.0
GOOGL,Hoch 2,135,0.667322524535163,2.0980651972734727,3.80407276317303,6.319335273969916,9.405989674306126,11.640912188617047,20.8501798353497,135,20.7,2.5,4.25,6.65,135,13.3,3.25,5.5,7.65,135,10.4,3.75,6.25,9.25,135,7.4,4.0,6.75,10.4,134,4.5,4.38,7.5,11.68,133,1.5,4.75,8.75,12.6,129,1.6,5.5,9.5,13.6
GOOGL,Hoch 3,77,0.9100466647844405,2.2246675626149957,4.376309284857209,7.280888462340357,10.502590055869328,14.332405543816552,26.94673624081374,77,22.1,2.5,4.75,5.95,77,15.6,3.0,5.75,8.9,77,14.3,4.25,7.25,10.35,77,11.7,4.75,8.75,11.85,76,6.6,4.75,9.12,15.12,75,5.3,5.75,9.62,15.35,75,4.0,6.0,10.25,16.0
GOOGL,Hoch 4,43,0.9938913428988652,2.5294067904698276,3.8795366211486604,7.622044486809396,10.322366056222705,11.81052446778437,15.69951388694432,43,16.3,3.25,4.0,6.45,43,7.0,3.75,6.0,9.2,43,2.3,3.75,7.5,10.2,43,2.3,5.0,9.0,12.55,42,2.4,5.12,9.56,14.37,41,2.4,5.75,11.5,14.5,41,0.0,6.0,12.25,16.0
GOOGL,Hoch 5,27,1.8600663005261442,4.231304438022574,6.292020095906584,8.987441722069107,13.569321422537904,14.043884505344153,14.774723152302204,27,40.7,4.75,5.62,8.85,27,22.2,5.25,8.0,11.9,27,22.2,6.25,8.88,13.35,27,18.5,7.5,9.38,13.55,26,7.7,7.5,12.12,15.0,26,3.8,7.88,13.06,16.0,26,0.0,7.88,13.06,16.0
GOOGL,Hoch 6,11,2.6594383548479468,3.699066774713832,7.9230363045621495,9.28107579756988,9.986519216104535,12.476277795156552,14.966036374208569,11,36.4,3.75,7.62,8.5,11,36.4,5.25,8.12,9.5,11,18.2,7.75,9.12,9.75,11,18.2,8.25,9.38,9.75,11,18.2,9.0,11.0,16.0,11,18.2,9.0,16.0,16.0,11,9.1,10.75,16.0,16.0
GOOGL,Hoch 7,4,3.084689675565713,7.305535231635996,9.177528208033985,11.371246220955758,14.48285862034074,15.520062753469064,16.557266886597393,4,75.0,9.0,11.0,13.7,4,50.0,9.0,11.12,14.05,4,0.0,9.0,11.12,14.05,4,0.0,9.0,11.12,14.05,4,0.0,11.12,14.31,15.33,4,0.0,12.25,16.0,16.0,4,0.0,12.25,16.0,16.0
GOOGL,Hoch 8,1,17.280705793558184,17.280705793558184,17.280705793558184,17.280705793558184,17.280705793558184,17.280705793558184,17.280705793558184,1,100.0,16.0,16.0,16.0,1,100.0,16.0,16.0,16.0,1,100.0,16.0,16.0,16.0,1,100.0,16.0,16.0,16.0,1,100.0,16.0,16.0,16.0,1,100.0,16.0,16.0,16.0,1,100.0,16.0,16.0,16.0
GS,alle,589,0.5336338577073179,2.3319012179040453,3.9913765811321382,6.507917204312663,10.724902592974171,13.774973190874318,33.19964759384464,589,24.8,2.75,4.5,6.0,589,15.1,3.5,5.25,8.0,589,12.2,3.75,6.5,10.5,586,11.3,4.25,7.25,13.12,579,8.3,5.0,9.0,16.0,571,7.0,5.75,12.0,16.0,568,5.8,6.5,14.81,16.0
GS,Hoch 1,287,0.5336338577073179,2.254710666785088,3.9480060942776674,6.193349302346569,11.704781571728132,13.80471940662287,23.920159701829224,287,24.0,2.75,4.25,5.95,287,15.7,3.25,5.25,8.75,287,13.2,3.75,6.0,11.5,286,12.6,4.0,6.75,13.5,285,9.5,4.5,8.75,16.0,280,7.5,5.5,11.56,16.0,279,5.7,6.0,14.5,16.0
GS,Hoch 2,142,0.8586403461500601,2.3179556459277455,3.899082245884719,6.827762324572544,10.716719866338996,13.787071559323916,33.15688231413337,142,25.4,3.0,4.25,6.0,142,16.9,3.5,5.25,8.45,142,14.1,3.75,6.69,10.48,142,13.4,4.0,7.44,11.25,141,7.8,5.0,8.5,14.75,140,7.1,5.62,9.62,16.0,139,6.5,6.25,13.5,16.0
GS,Hoch 3,74,0.8369629575939309,2.831099351802811,4.082828185404248,6.342446533483217,9.01793474232318,10.391734128941911,33.19964759384464,74,24.3,2.75,4.44,5.5,74,9.5,3.75,5.19,6.85,74,4.1,4.0,6.19,8.95,74,2.7,4.12,6.94,10.25,73,1.4,5.75,10.25,15.7,71,1.4,6.5,13.25,16.0,70,1.4,6.75,15.5,16.0
GS,Hoch 4,39,1.0068292797213765,2.8271897858307504,4.783999755761244,6.694932819764101,10.865692068092372,11.775124303481027,28.77752915440241,39,28.2,2.75,4.75,5.75,39,17.9,3.75,5.5,6.9,39,15.4,4.75,6.5,10.7,39,15.4,5.0,11.25,13.5,38,15.8,6.62,13.5,16.0,38,13.2,8.62,15.81,16.0,38,10.5,9.25,16.0,16.0
GS,Hoch 5,21,0.89182058054939,2.6795751545575266,4.716397089303541,7.26429992322285,9.04022882874879,15.324589786484253,16.444196846742773,21,38.1,3.75,5.0,6.0,21,19.0,4.25,5.75,7.0,21,14.3,4.5,7.25,9.0,21,9.5,6.75,9.75,16.0,20,10.0,7.25,11.0,16.0,20,10.0,8.38,16.0,16.0,20,10.0,8.38,16.0,16.0
GS,Hoch 6,10,0.9294037608243081,2.3095636654834384,5.8906462476720876,7.015129603226368,9.354544242693146,12.010529068315762,14.666513893938388,10,10.0,2.25,5.25,5.88,10,10.0,4.25,5.94,6.32,10,10.0,5.75,6.81,9.32,10,0.0,5.75,6.81,10.37,9,0.0,5.75,7.0,11.0,9,0.0,5.75,14.75,16.0,9,0.0,6.25,14.75,16.0
GS,Hoch 7,8,1.6250015066018668,1.7701611112432294,4.561855556733671,7.381137250062992,12.020349000110672,14.749876321200494,17.479403642290322,8,25.0,2.5,5.56,5.83,8,12.5,3.12,6.12,9.35,8,12.5,4.5,7.25,11.45,8,12.5,4.75,7.56,12.32,7,14.3,6.0,8.62,12.85,7,14.3,6.0,12.12,14.5,7,14.3,6.0,12.12,14.5
GS,Hoch 8,5,1.7057687481318666,2.4218531877487535,3.4221186986565018,4.988154101150862,8.606999952906804,9.813281903492117,11.01956385407743,5,0.0,2.5,3.0,4.05,5,0.0,3.25,4.25,4.55,5,0.0,3.25,4.75,8.5,4,0.0,3.5,6.31,9.13,4,0.0,3.5,6.31,9.13,4,0.0,3.5,6.31,9.13,4,0.0,3.5,6.31,9.13
GS,Hoch 9,2,2.179190601057161,2.5304106581737074,2.881630715290254,3.2328507724068007,3.4435828066767282,3.513826818100038,3.584070829523347,2,0.0,2.25,2.5,2.65,2,0.0,2.75,3.12,3.35,2,0.0,2.75,3.12,3.35,1,0.0,2.0,2.0,2.0,1,0.0,2.0,2.0,2.0,1,0.0,2.0,2.0,2.0,1,0.0,2.0,2.0,2.0
GS,Hoch 10,1,3.1559395288787884,3.1559395288787884,3.1559395288787884,3.1559395288787884,3.1559395288787884,3.1559395288787884,3.1559395288787884,1,100.0,3.0,3.0,3.0,1,0.0,3.0,3.0,3.0,1,0.0,3.0,3.0,3.0,1,0.0,3.0,3.0,3.0,1,0.0,3.0,3.0,3.0,1,0.0,3.0,3.0,3.0,1,0.0,3.0,3.0,3.0
GSK,alle,661,0.4198692409667857,2.644421616491019,4.798139481449238,7.9428104843408365,12.148812749042108,16.355291735458017,38.127645219173175,661,29.2,3.25,5.0,8.0,661,19.7,3.75,6.75,10.5,661,15.6,4.75,7.75,12.0,658,11.9,5.25,8.75,13.75,653,8.9,6.25,10.5,16.0,644,7.3,7.62,12.75,16.0,634,5.5,8.62,15.0,16.0
GSK,Hoch 1,334,0.5721867033889223,2.5388224581588927,4.740261850676989,7.721195263492431,11.875229060614457,15.391141893627,38.127645219173175,334,29.3,3.25,5.0,7.5,334,19.2,3.75,6.75,9.75,334,15.0,4.62,7.5,11.75,333,10.5,5.25,8.5,13.25,330,8.5,6.0,10.44,15.5,325,6.8,7.25,12.0,16.0,321,5.3,8.0,14.5,16.0
GSK,Hoch 2,159,0.4198692409667857,2.386049398427313,4.3801420165347125,7.470670121883339,11.084623725223272,14.285438026635774,38.03667887551575,159,26.4,3.0,4.75,8.5,159,16.4,3.75,6.25,10.8,159,14.5,4.25,7.38,11.0,157,13.4,5.0,8.5,12.6,156,9.6,5.5,10.56,16.0,154,9.1,6.88,13.62,16.0,151,6.6,9.0,15.5,16.0
GSK,Hoch 3,84,0.9104947480394552,2.8792436592972344,4.7273868736328915,8.108872797153584,13.090910299958441,15.338529438749442,33.763288180866816,84,26.2,3.0,5.0,8.18,84,20.2,4.12,7.12,11.85,84,15.5,4.62,8.0,12.9,84,11.9,5.75,8.56,13.93,83,9.6,5.75,10.38,16.0,81,6.2,7.75,14.5,16.0,79,6.3,8.25,15.12,16.0
GSK,Hoch 4,47,1.3077752349570193,3.1259888126733966,6.1814249864771,8.953643374328799,10.943635902741379,13.136058782191698,31.852119588201496,47,40.4,3.5,5.62,8.5,47,31.9,4.75,8.5,10.0,47,23.4,6.0,8.88,10.75,47,17.0,6.75,9.12,13.25,47,10.6,7.5,9.75,14.5,47,8.5,8.5,12.62,16.0,46,4.3,8.88,14.44,16.0
GSK,Hoch 5,18,1.5821744585786066,3.1999095650385927,5.444448196648416,8.337699822345508,11.586880764173044,15.151896283588984,26.78143368622887,18,27.8,2.88,4.06,7.6,18,11.1,3.88,5.62,8.48,18,5.6,5.38,8.19,11.43,18,0.0,7.25,10.38,13.57,18,0.0,7.62,12.5,14.4,18,0.0,10.25,14.12,16.0,18,0.0,12.38,16.0,16.0
GSK,Hoch 6,9,2.5572345573737687,3.956051564695249,8.092677925921551,15.221961701364059,17.778901938895622,21.64976041718279,25.520618895469966,9,55.6,4.25,6.0,8.1,9,44.4,5.0,8.0,9.95,9,33.3,8.0,15.0,15.8,9,22.2,10.0,15.75,16.0,9,22.2,12.75,15.75,16.0,9,22.2,14.25,16.0,16.0,9,11.1,16.0,16.0,16.0
GSK,Hoch 7,4,2.874424059011482,3.4116921552492414,3.7580807109701784,10.67331838707024,22.81960766149533,26.868370752970343,30.91713384444538,4,0.0,2.62,2.94,3.28,4,0.0,3.12,5.31,8.58,4,0.0,3.62,6.81,12.33,4,0.0,4.75,8.5,13.0,4,0.0,6.0,9.06,13.23,4,0.0,7.25,9.81,13.53,4,0.0,11.25,15.06,15.62
GSK,Hoch 8,3,3.4596382999877027,4.3068962161452005,5.154154132302698,19.434061987744265,28.002006701009208,30.85798827209752,33.713969843185836,3,0.0,3.25,3.5,3.65,3,0.0,5.0,10.5,13.8,3,0.0,5.0,10.5,13.8,3,0.0,7.5,11.75,14.3,3,0.0,7.5,11.75,14.3,3,0.0,8.25,12.12,14.45,3,0.0,8.25,12.12,14.45
GSK,Hoch 9,2,5.7486813243513,6.031529382545617,6.314377440739934,6.59722549893425,6.766934333850841,6.823503945489704,6.880073557128568,2,50.0,5.0,5.0,5.0,2,50.0,5.88,6.31,6.58,2,50.0,6.12,6.44,6.62,2,50.0,8.25,9.0,9.45,2,0.0,10.0,10.12,10.2,2,0.0,10.0,10.12,10.2,2,0.0,10.0,10.12,10.2
GSK,Hoch 10,1,6.855957005778381,6.855957005778381,6.855957005778381,6.855957005778381,6.855957005778381,6.855957005778381,6.855957005778381,1,100.0,6.25,6.25,6.25,1,100.0,6.25,6.25,6.25,1,100.0,6.75,6.75,6.75,1,100.0,8.5,8.5,8.5,1,0.0,10.75,10.75,10.75,1,0.0,10.75,10.75,10.75,1,0.0,10.75,10.75,10.75
HD,alle,586,0.6541318761760293,2.4637716341132747,4.325981059740815,6.5667487879671285,10.048857857670766,13.02259242166872,30.562239086583332,586,27.6,3.0,4.5,6.12,586,16.0,3.5,5.75,8.0,586,13.5,4.25,6.5,9.88,583,9.1,4.5,7.25,12.0,576,6.2,5.25,9.06,14.12,567,3.4,5.75,10.5,16.0,559,2.7,6.0,11.75,16.0
HD,Hoch 1,280,0.6541318761760293,2.566763497258739,4.158038622128117,6.246990452928006,9.98371961380825,11.772391050415084,27.557669625348815,280,24.6,3.0,4.25,6.05,280,15.4,3.5,5.5,8.0,280,12.1,4.0,6.06,9.77,279,7.2,4.25,6.75,11.5,273,4.8,5.0,9.25,14.15,266,2.6,5.5,9.94,16.0,260,1.9,5.75,11.06,16.0
HD,Hoch 2,138,0.8176220006035457,2.421067449426894,4.187707632371437,6.631761250779668,8.497865623777402,12.097454516925701,29.942091605237337,138,29.7,3.0,4.5,5.82,138,15.9,3.62,5.75,7.32,138,13.8,4.0,6.5,8.32,137,9.5,4.5,7.25,11.1,136,8.1,5.0,8.25,13.0,134,5.2,5.62,9.88,15.85,133,4.5,5.75,11.75,16.0
HD,Hoch 3,75,0.6969007760098267,2.390702037933786,4.215656751734335,6.379547253937785,8.329560779632125,9.658343068097766,26.72796105282103,75,29.3,3.0,4.5,5.55,75,14.7,3.5,5.25,7.7,75,12.0,4.0,6.25,8.25,74,6.8,4.38,6.75,9.68,74,2.7,5.12,8.12,12.6,74,2.7,6.5,9.69,15.1,73,2.7,6.5,11.5,16.0
HD,Hoch 4,39,0.8709552738532523,2.0620365533497056,4.672720383129205,6.301937401174801,11.160608916652137,14.24206149411873,30.547759178438394,39,30.8,2.5,4.5,6.1,39,15.4,3.75,6.12,8.4,39,15.4,4.5,6.25,10.95,39,15.4,4.75,8.62,13.55,39,5.1,6.25,10.0,16.0,39,0.0,7.25,12.88,16.0,39,0.0,7.25,14.0,16.0
HD,Hoch 5,21,1.0309076075196653,3.3133249399321665,5.443354379280934,11.556981607021731,15.460682404405478,16.698601604548408,30.562239086583332,21,28.6,3.25,4.75,11.5,21,19.0,4.75,8.5,12.5,21,14.3,5.25,11.5,15.25,21,9.5,6.0,13.0,15.25,21,9.5,6.25,13.0,16.0,21,0.0,8.75,14.5,16.0,21,0.0,11.25,15.75,16.0
HD,Hoch 6,15,0.9263752655305697,3.4483765890946825,6.882577559258614,9.65028612015096,13.139457122874491,13.902448887886017,14.738114836246677,15,53.3,3.75,4.62,7.7,15,46.7,4.75,7.5,11.7,15,46.7,6.75,9.62,13.1,15,40.0,7.25,12.75,14.1,15,33.3,8.0,13.25,14.9,15,20.0,8.0,14.12,15.2,15,13.3,12.5,14.5,15.65
HD,Hoch 7,4,0.9333796743721762,1.1043185770816797,1.2676037443974488,2.8238060355459833,5.4336202000706635,6.30355825491222,7.173496309753782,4,0.0,1.0,1.19,1.53,4,0.0,1.12,1.44,1.78,4,0.0,1.12,2.69,5.28,4,0.0,1.12,4.38,10.0,4,0.0,1.38,4.75,10.15,4,0.0,1.38,4.75,10.15,4,0.0,1.38,4.75,10.15
HD,Hoch 8,4,1.9347736194523606,2.529690591897703,2.891159229424626,6.042161053547169,11.420270972886494,13.212974279332927,15.005677585779372,4,25.0,2.75,3.69,4.93,4,0.0,2.75,3.94,5.63,4,0.0,2.75,6.0,11.4,4,0.0,2.75,6.19,11.93,4,0.0,3.0,6.56,12.08,4,0.0,3.0,6.56,12.08,4,0.0,3.0,6.56,12.08
HD,Hoch 9,3,1.8962613083161066,3.6031837886066804,5.310106268897254,11.144027210754208,14.644379775868382,15.811163964239771,16.977948152611162,3,33.3,1.75,4.88,6.75,3,33.3,3.75,7.88,10.35,3,33.3,5.25,10.62,13.85,3,33.3,5.25,10.62,13.85,3,33.3,5.25,10.62,13.85,3,0.0,5.25,10.62,13.85,3,0.0,5.25,10.62,13.85
HD,Hoch 10,2,2.9066617615263346,3.5078968261496657,4.109131890772996,4.710366955396328,5.071107994170326,5.191355007094992,5.3116020200196585,2,0.0,2.25,2.5,2.65,2,0.0,4.0,4.62,5.0,2,0.0,4.0,4.62,5.0,2,0.0,4.0,4.62,5.0,2,0.0,4.0,4.62,5.0,2,0.0,4.0,4.62,5.0,2,0.0,4.0,4.62,5.0
HD,Hoch 11,2,4.839982884366499,5.249757933467931,5.659532982569362,6.0693080316707935,6.315173061131653,6.397128070951939,6.4790830807722255,2,50.0,3.12,3.94,4.42,2,0.0,5.5,5.88,6.1,2,0.0,5.5,5.88,6.1,2,0.0,5.5,5.88,6.1,2,0.0,5.5,5.88,6.1,2,0.0,5.5,5.88,6.1,2,0.0,5.5,5.88,6.1
HD,Hoch 12,1,6.532284158254644,6.532284158254644,6.532284158254644,6.532284158254644,6.532284158254644,6.532284158254644,6.532284158254644,1,0.0,1.5,1.5,1.5,1,0.0,6.5,6.5,6.5,1,0.0,6.5,6.5,6.5,1,0.0,6.5,6.5,6.5,1,0.0,6.5,6.5,6.5,1,0.0,6.5,6.5,6.5,1,0.0,6.5,6.5,6.5
HD,Hoch 13,1,7.534482841992178,7.534482841992178,7.534482841992178,7.534482841992178,7.534482841992178,7.534482841992178,7.534482841992178,1,0.0,7.5,7.5,7.5,1,0.0,7.5,7.5,7.5,1,0.0,7.5,7.5,7.5,1,0.0,7.5,7.5,7.5,1,0.0,7.5,7.5,7.5,1,0.0,7.5,7.5,7.5,1,0.0,7.5,7.5,7.5
HD,Hoch 14,1,8.486060049995798,8.486060049995798,8.486060049995798,8.486060049995798,8.486060049995798,8.486060049995798,8.486060049995798,1,100.0,8.25,8.25,8.25,1,0.0,8.25,8.25,8.25,1,0.0,8.25,8.25,8.25,1,0.0,8.25,8.25,8.25,1,0.0,8.25,8.25,8.25,1,0.0,8.25,8.25,8.25,1,0.0,8.25,8.25,8.25
HDB,alle,623,0.538750135006903,2.439316034368991,4.443118610220737,7.667993080387768,10.443780515963901,12.410439271723671,39.898353206789196,623,31.0,3.0,4.5,6.75,623,20.7,3.75,6.25,9.25,623,15.4,4.25,7.5,10.25,620,13.5,5.25,8.25,11.25,612,10.0,6.0,9.5,13.97,604,6.5,6.5,10.75,16.0,601,4.8,7.5,12.5,16.0
HDB,Hoch 1,309,0.7783540662414883,2.4152910360437874,4.413925549808799,7.206266927452184,10.138964818388722,12.584187677205575,34.26847174384523,309,32.4,3.0,4.5,6.5,309,21.4,3.5,6.25,9.25,309,15.5,4.25,7.0,10.0,307,14.0,5.25,7.75,10.75,301,9.3,5.75,9.25,13.75,294,5.1,6.25,10.25,15.92,293,3.8,7.0,11.75,16.0
HDB,Hoch 2,148,0.7395716700697816,2.26152099496984,4.38179521925813,7.567438437289502,10.004678221510364,11.728178757072282,31.713415396868907,148,30.4,2.75,4.5,6.83,148,21.6,3.62,6.5,9.5,148,15.5,4.25,7.38,9.9,147,14.3,5.25,8.12,11.1,145,11.0,6.25,10.0,14.25,144,6.9,6.75,10.81,16.0,143,5.6,7.75,12.75,16.0
HDB,Hoch 3,75,0.9342701289484028,2.6381241225948964,3.9089114089531174,8.17832848765654,10.637797704145706,11.628723952093992,15.681663830339332,75,29.3,3.0,4.5,7.15,75,16.0,3.5,5.88,9.3,75,14.7,3.75,8.0,10.55,75,12.0,4.25,9.0,11.65,75,10.7,5.0,9.5,12.15,75,6.7,5.75,10.25,14.55,74,5.4,7.38,11.25,15.43
HDB,Hoch 4,44,0.7769453904436601,3.4804903083924015,5.398614745710344,7.819265498557299,10.918300800743317,13.388072419109195,14.39516178940389,44,34.1,3.62,5.0,6.03,44,25.0,4.38,6.31,9.53,44,20.5,5.25,7.75,10.78,44,13.6,5.75,7.88,12.7,44,11.4,6.25,8.94,15.18,44,11.4,6.38,12.0,16.0,44,9.1,7.0,14.75,16.0
HDB,Hoch 5,21,1.2334595116558877,4.049211889050967,6.549536035975079,8.150875330065167,12.116731676127232,14.592062021902358,29.86434641362697,21,19.0,3.75,4.75,6.75,21,14.3,4.5,7.5,8.25,21,4.8,6.5,8.0,12.0,21,4.8,7.5,8.25,14.5,21,4.8,8.0,9.75,14.5,21,4.8,8.0,13.75,16.0,21,0.0,8.25,14.5,16.0
HDB,Hoch 6,14,0.9743094992928765,2.639609896346394,7.615065006612994,8.12844759301273,10.877344392957479,21.724563257413465,39.898353206789196,14,42.9,3.12,6.56,7.43,14,28.6,4.62,7.5,8.03,14,21.4,7.5,8.06,10.7,14,21.4,7.5,9.0,12.3,14,14.3,7.5,9.0,12.3,14,14.3,7.5,11.19,13.13,14,7.1,8.38,12.5,15.7
HDB,Hoch 7,4,0.538750135006903,0.8651466626252107,1.978280318299692,4.6004932124912195,7.512673758392889,8.483400607026775,9.454127455660666,4,0.0,0.88,1.44,2.23,4,0.0,1.75,3.81,5.73,4,0.0,1.75,4.38,7.3,4,0.0,1.88,4.5,7.65,4,0.0,5.75,9.0,9.45,4,0.0,5.75,9.12,9.8,4,0.0,5.88,10.56,13.83
HDB,Hoch 8,3,1.9146435497771053,2.1404889856461997,2.3663344215152944,7.353073481079212,10.345116916817563,11.342464728730345,12.33981254064313,3,0.0,2.25,2.38,2.45,3,0.0,2.25,5.75,7.85,3,0.0,2.25,7.25,10.25,3,0.0,8.75,10.75,11.95,3,0.0,12.75,12.88,12.95,3,0.0,13.0,14.5,15.4,3,0.0,13.0,14.5,15.4
HDB,Hoch 9,3,2.5516355436756357,3.009532936489461,3.467430329303286,10.581920606875531,14.85061477341888,16.273512828933324,17.696410884447776,3,33.3,3.25,8.25,11.25,3,33.3,3.25,9.5,13.25,3,33.3,3.25,9.62,13.45,3,33.3,10.5,13.25,14.9,3,33.3,14.75,15.38,15.75,3,33.3,14.75,15.38,15.75,3,33.3,14.75,15.38,15.75
HDB,Hoch 10,1,1.9556884730380029,1.9556884730380029,1.9556884730380029,1.9556884730380029,1.9556884730380029,1.9556884730380029,1.9556884730380029,1,0.0,1.75,1.75,1.75,1,0.0,1.75,1.75,1.75,1,0.0,1.75,1.75,1.75,1,0.0,1.75,1.75,1.75,1,0.0,1.75,1.75,1.75,1,0.0,1.75,1.75,1.75,1,0.0,1.75,1.75,1.75
HDB,Hoch 11,1,2.971009079507452,2.971009079507452,2.971009079507452,2.971009079507452,2.971009079507452,2.971009079507452,2.971009079507452,1,0.0,2.75,2.75,2.75,1,0.0,2.75,2.75,2.75,1,0.0,2.75,2.75,2.75,1,0.0,2.75,2.75,2.75,1,0.0,2.75,2.75,2.75,1,0.0,2.75,2.75,2.75,1,0.0,2.75,2.75,2.75
HEI.DE,alle,569,0.6256988650522969,2.659646746890567,4.718152864049815,7.0636961372894564,10.601847730462325,13.934174529633612,32.44516465893201,569,31.8,3.0,4.75,6.25,569,22.5,3.75,5.75,8.5,569,19.2,4.5,7.0,10.5,568,16.2,5.25,8.0,12.58,565,12.4,6.0,9.0,16.0,555,10.1,6.75,11.5,16.0,547,7.3,7.25,14.38,16.0
HEI.DE,Hoch 1,281,0.8831806700688807,2.857073103373923,4.778896792936851,7.276389113654806,11.439027807252526,16.857136457459724,32.44516465893201,281,34.9,3.0,4.75,6.25,281,26.0,3.75,6.0,8.25,281,23.1,4.75,7.25,11.25,281,20.3,5.25,8.25,13.75,279,15.1,6.0,9.25,16.0,273,12.5,7.0,12.75,16.0,269,8.9,7.5,15.25,16.0
HEI.DE,Hoch 2,128,0.6256988650522969,2.437530043509198,4.865730818059616,7.291406131793544,9.14325674998528,13.125386359215785,31.79276246061241,128,32.0,2.88,4.75,5.82,128,24.2,3.5,6.0,8.07,128,20.3,4.75,7.25,9.07,127,15.7,5.5,8.0,11.7,127,12.6,6.75,9.0,16.0,125,9.6,7.0,12.0,16.0,123,6.5,8.0,16.0,16.0
HEI.DE,Hoch 3,71,0.8187912350465318,2.4410096026339714,4.157769182315342,8.033905655623025,11.259935287733217,12.939175851972811,17.75679033081288,71,23.9,3.0,4.25,6.0,71,15.5,3.25,6.12,9.25,71,12.7,4.0,7.88,11.25,71,9.9,5.5,8.88,12.5,70,7.1,6.75,9.62,16.0,69,5.8,7.75,12.75,16.0,67,6.0,8.25,15.62,16.0
HEI.DE,Hoch 4,42,0.9323554272778373,2.84210057769531,4.645860067521184,6.5590604172115174,12.00455369648487,13.72955948810559,15.72063621151543,42,31.0,3.25,4.94,6.0,42,21.4,3.88,5.75,10.65,42,14.3,4.5,6.38,11.97,42,14.3,4.88,9.38,13.2,42,14.3,5.12,10.0,13.47,41,12.2,7.5,11.25,16.0,41,9.8,7.5,13.25,16.0
HEI.DE,Hoch 5,20,1.2241617843172525,2.3084612436997527,3.1938628589897124,4.7701923498963055,6.297609546539567,8.09242275821042,8.174913681973408,20,10.0,2.5,3.31,4.65,20,10.0,2.88,4.0,5.78,20,5.0,3.12,4.56,6.2,20,5.0,3.25,4.69,6.2,20,0.0,3.62,5.25,6.98,20,0.0,5.12,9.06,10.43,20,0.0,5.12,10.38,13.5
HEI.DE,Hoch 6,13,1.113405291491657,3.1654356732560704,4.4558115165522425,5.455435682775432,6.031783858474494,7.472623423996177,9.495868447654672,13,38.5,3.25,4.25,5.9,13,7.7,4.25,4.5,5.9,13,7.7,4.25,5.25,5.9,13,7.7,4.25,5.25,5.9,13,7.7,4.25,5.5,6.6,13,7.7,4.25,6.75,11.8,13,0.0,5.25,11.0,11.85
HEI.DE,Hoch 7,7,1.6010070529079998,2.5582601550009993,5.806860069798852,6.23369063583698,7.130807992716395,7.489689172040623,7.848570351364853,7,42.9,4.5,6.12,7.0,7,14.3,4.75,6.12,7.0,7,14.3,5.75,6.12,7.0,7,0.0,5.75,6.12,7.0,7,0.0,5.75,6.12,8.0,7,0.0,5.75,6.12,8.0,7,0.0,5.75,6.12,10.1
HEI.DE,Hoch 8,4,2.2400023839301,4.708304184918284,5.88881748556922,6.437992159364153,6.782563711616259,6.897420895700293,7.012278079784329,4,50.0,5.75,6.25,6.7,4,0.0,5.75,6.25,6.7,4,0.0,5.75,6.25,6.7,4,0.0,5.75,6.25,6.7,4,0.0,6.25,7.12,7.35,4,0.0,6.25,7.12,7.35,4,0.0,6.25,7.12,7.35
HEI.DE,Hoch 9,2,5.022415572612872,5.25449258611777,5.486569599622668,5.718646613127566,5.857892821230505,5.904308223931484,5.950723626632464,2,0.0,4.0,4.88,5.4,2,0.0,5.38,5.56,5.67,2,0.0,5.38,5.56,5.67,2,0.0,5.38,5.56,5.67,2,0.0,5.38,5.56,5.67,2,0.0,5.38,5.56,5.67,2,0.0,5.38,5.56,5.67
HEI.DE,Hoch 10,1,5.486939493873968,5.486939493873968,5.486939493873968,5.486939493873968,5.486939493873968,5.486939493873968,5.486939493873968,1,0.0,5.25,5.25,5.25,1,0.0,5.25,5.25,5.25,1,0.0,5.25,5.25,5.25,1,0.0,5.25,5.25,5.25,1,0.0,5.25,5.25,5.25,1,0.0,5.25,5.25,5.25,1,0.0,5.25,5.25,5.25
HEN3.DE,alle,479,0.793782263907922,2.557324982466554,4.456331726154726,7.057980527867155,9.63297544736037,11.2708701572699,15.96150420278778,479,31.5,3.0,4.5,6.0,479,21.5,3.75,5.75,8.25,479,15.7,4.25,7.0,9.5,477,12.8,4.75,7.75,10.5,470,9.4,5.5,8.75,13.0,465,7.3,6.25,10.5,15.75,458,6.6,6.75,12.0,16.0
HEN3.DE,Hoch 1,244,0.7957861411932609,2.5766704206540467,4.239166676112628,6.705428546433586,9.304989140334282,10.225834779569743,15.96150420278778,244,32.0,3.0,4.25,6.0,244,20.9,3.75,5.75,7.75,244,16.0,4.12,6.56,9.25,243,12.3,4.75,7.25,10.45,239,9.6,5.5,8.5,13.25,237,8.0,6.25,10.5,16.0,233,7.7,6.5,13.0,16.0
HEN3.DE,Hoch 2,109,0.793782263907922,2.519238465046514,4.596697287222243,6.754063228938804,9.237547832467968,10.39064770479873,13.386665240271489,109,31.2,2.75,4.75,6.85,109,18.3,3.5,5.25,8.25,109,12.8,4.5,6.75,9.1,108,9.3,4.75,7.5,9.82,106,4.7,5.25,8.5,11.25,105,3.8,5.75,9.5,13.55,103,3.9,6.0,10.38,16.0
HEN3.DE,Hoch 3,58,0.900474926791514,2.571006352678197,4.632729614919447,8.163740644938288,11.537621393058975,13.045064314822735,15.260012190548746,58,39.7,3.25,5.25,7.23,58,31.0,4.38,6.94,10.9,58,22.4,4.5,8.0,11.5,58,20.7,5.25,9.19,11.65,57,17.5,5.75,10.75,13.0,56,14.3,6.0,11.56,15.12,55,10.9,6.75,12.0,15.9
HEN3.DE,Hoch 4,26,1.0848009419398215,2.6435947812525487,4.403229479709998,7.223086269703282,10.491826444264067,11.584263735453828,15.445165842003771,26,19.2,2.75,4.0,4.88,26,19.2,3.38,4.88,8.12,26,7.7,4.25,7.12,10.38,26,7.7,4.75,7.56,12.62,26,3.8,5.38,8.69,14.62,25,0.0,5.75,11.0,15.2,25,0.0,6.5,12.25,15.5
HEN3.DE,Hoch 5,17,1.2447174075063747,3.4082197300733394,7.845542400092046,8.70758887414791,10.350093948569096,11.560210265558917,13.507299660557202,17,41.2,3.25,4.0,7.15,17,35.3,3.75,7.75,9.45,17,23.5,7.75,8.5,10.25,17,23.5,7.75,8.5,10.75,17,17.6,8.0,9.25,12.75,17,11.8,8.0,11.5,14.5,17,5.9,8.5,13.5,16.0
HEN3.DE,Hoch 6,9,1.5753690738679234,1.7869049541235564,2.079763131067711,7.635443041265203,8.57163112797255,8.581410060490757,8.591188993008965,9,0.0,2.0,2.5,4.3,9,0.0,2.0,6.25,7.7,9,0.0,2.0,7.5,8.5,9,0.0,2.0,7.5,8.5,9,0.0,2.0,8.5,8.65,9,0.0,3.5,8.5,10.45,9,0.0,7.5,8.5,10.6
HEN3.DE,Hoch 7,7,1.5902180576739382,3.010789199775868,3.6376432131128564,8.31699630225511,8.74203676313849,8.793952692340827,8.845868621543163,7,28.6,3.25,4.12,5.25,7,28.6,3.5,6.12,8.15,7,28.6,3.5,8.12,8.6,7,28.6,3.5,8.12,8.6,7,28.6,3.75,8.62,10.45,7,14.3,8.25,10.88,14.1,7,14.3,8.75,11.25,14.2
HEN3.DE,Hoch 8,4,1.3639279177397794,2.277322653128077,3.2279421191507844,3.950964973490472,4.089327913694015,4.135448893761862,4.18156987382971,4,0.0,2.38,2.81,3.38,4,0.0,3.12,3.81,3.92,4,0.0,3.12,3.81,3.92,4,0.0,3.62,5.06,5.62,4,0.0,4.25,7.06,8.98,4,0.0,5.75,9.25,10.6,4,0.0,6.38,10.19,10.97
HEN3.DE,Hoch 9,4,1.8897692011781833,2.8976184541651877,4.178507307576775,5.636909989301759,6.561144432058073,6.86922257964351,7.177300727228949,4,50.0,2.75,3.19,3.53,4,25.0,4.0,5.19,5.53,4,25.0,4.0,5.5,6.4,4,25.0,4.38,6.31,7.33,4,0.0,5.5,8.62,9.75,4,0.0,7.38,11.06,11.18,4,0.0,7.5,11.62,12.3
HEN3.DE,Hoch 10,1,4.715475210547331,4.715475210547331,4.715475210547331,4.715475210547331,4.715475210547331,4.715475210547331,4.715475210547331,1,0.0,2.5,2.5,2.5,1,0.0,4.5,4.5,4.5,1,0.0,4.5,4.5,4.5,1,0.0,5.25,5.25,5.25,1,0.0,9.75,9.75,9.75,1,0.0,10.25,10.25,10.25,1,0.0,10.25,10.25,10.25
HG=F,alle,508,0.29319215168040175,2.8645687802930304,4.805139292894113,7.967359132546952,12.129591001367555,16.633165785817248,33.287081687309055,508,31.5,3.25,5.0,8.0,508,23.4,4.0,6.75,10.5,508,19.3,4.75,7.75,12.08,507,16.8,5.0,9.0,13.75,500,13.4,5.75,10.5,16.0,492,10.8,6.25,13.31,16.0,484,10.1,8.25,16.0,16.0
HG=F,Hoch 1,253,0.5862188306178743,2.8760967532786816,4.807949845248736,7.961342720993762,12.607041109223223,17.372869304312058,33.287081687309055,253,32.0,3.25,5.0,8.5,253,23.7,4.0,7.0,10.75,253,18.2,4.75,7.75,12.5,253,15.4,5.0,9.5,14.35,250,12.4,5.5,10.94,16.0,245,9.0,6.25,13.25,16.0,243,8.2,8.0,16.0,16.0
HG=F,Hoch 2,114,0.5843122471126695,2.7288434188278963,4.570714348315999,7.8627498813571215,10.569311184034888,14.13025888779239,21.98984428321333,114,30.7,3.0,5.19,6.68,114,21.9,4.0,6.62,9.0,114,19.3,4.5,7.69,10.43,113,17.7,4.5,8.25,12.15,112,14.3,5.0,9.81,15.95,110,12.7,5.88,13.19,16.0,107,13.1,7.5,15.88,16.0
HG=F,Hoch 3,60,0.29319215168040175,3.3670070375040932,5.246722364683444,8.294401041817245,11.103830169589534,14.861131182903762,24.104500624514838,60,26.7,3.5,5.06,6.98,60,21.7,3.75,6.31,9.38,60,18.3,5.12,8.25,10.95,60,15.0,5.5,8.38,12.85,59,8.5,6.25,10.5,16.0,58,6.9,7.5,13.75,16.0,56,7.1,8.12,16.0,16.0
HG=F,Hoch 4,34,0.7620001495867607,2.9899017027685946,5.570132003226192,8.027013084871564,14.907303985813742,17.134187719586237,20.840879467755904,34,38.2,3.62,6.38,9.5,34,32.4,4.0,6.94,9.88,34,29.4,5.5,7.88,14.65,34,23.5,6.62,10.19,15.02,33,18.2,6.75,10.75,16.0,33,12.1,8.25,14.25,16.0,32,12.5,8.5,14.88,16.0
HG=F,Hoch 5,16,0.902990473004178,1.7214123145511775,5.46508171112038,8.679592836499259,10.876408199098131,14.725527605647468,20.731431275846486,16,37.5,3.25,5.0,7.38,16,31.2,4.12,6.81,9.88,16,25.0,5.38,8.5,10.75,16,25.0,5.38,9.75,12.5,15,26.7,8.25,9.75,13.85,15,26.7,8.25,15.25,16.0,15,26.7,8.25,15.25,16.0
HG=F,Hoch 6,11,0.920188216462924,2.834962891473077,5.712189416605222,10.576968138589418,15.447466659770036,20.28182497517966,25.116183290589284,11,36.4,2.5,6.38,7.75,11,27.3,5.5,6.75,13.5,11,27.3,5.5,10.38,15.25,11,27.3,5.5,10.75,16.0,11,27.3,9.0,12.0,16.0,11,27.3,10.0,16.0,16.0,11,27.3,10.0,16.0,16.0
HG=F,Hoch 7,7,0.7772312412477922,2.9938059723912005,4.403468946290153,5.426835343957949,7.284632673516981,8.280022072271732,9.27541147102649,7,28.6,4.25,4.75,4.95,7,14.3,4.25,5.25,6.55,7,14.3,4.25,5.25,7.15,7,14.3,4.25,5.62,7.6,7,14.3,4.25,7.5,8.8,7,14.3,4.25,9.62,12.4,7,0.0,9.25,10.38,12.85
HG=F,Hoch 8,4,0.35636718498034736,0.941721552380599,2.5557083925266393,4.104085970147928,4.337201918043527,4.4149072340087265,4.492612549973926,4,0.0,2.38,3.88,4.1,4,0.0,2.38,3.88,4.1,4,0.0,2.38,3.88,4.1,4,0.0,2.38,3.88,4.1,4,0.0,2.38,3.88,4.1,4,0.0,2.38,3.88,4.1,4,0.0,8.75,13.56,14.12
HG=F,Hoch 9,4,2.4102532931462597,3.763783127222884,5.453763519737028,6.702051676911966,6.719123553747368,6.724814179359168,6.730504804970969,4,50.0,5.25,6.5,6.5,4,0.0,5.25,6.5,6.5,4,0.0,5.25,6.5,6.5,4,0.0,5.25,6.5,6.5,4,0.0,5.25,6.5,6.5,4,0.0,5.25,6.5,6.5,4,0.0,10.25,14.44,15.22
HG=F,Hoch 10,3,3.175081582256067,3.8785279361433265,4.581974290030586,5.674862537412681,6.330595485841938,6.549173135318357,6.767750784794776,3,0.0,3.25,3.88,4.25,3,0.0,4.5,5.62,6.3,3,0.0,4.5,5.62,6.3,3,0.0,4.5,6.38,7.5,3,0.0,4.5,6.38,7.5,3,0.0,4.5,6.38,7.5,3,0.0,8.25,11.5,13.45
HG=F,Hoch 11,2,3.098298965333311,3.9847402142733923,4.871181463213474,5.757622712153555,6.289487461517604,6.46677571130562,6.644063961093637,2,50.0,3.38,3.56,3.67,2,50.0,4.75,5.62,6.15,2,50.0,4.75,5.62,6.15,2,50.0,5.38,6.56,7.28,2,50.0,5.38,6.56,7.28,2,50.0,5.38,6.56,7.28,2,0.0,10.5,11.88,12.7
HNR1.DE,alle,504,0.6086991155833037,2.3302130848394604,3.9157427723979517,6.986513561259305,10.251280356381626,11.708730394603103,39.147241268019364,504,25.8,2.75,4.5,6.75,504,13.9,3.5,5.75,8.5,504,10.1,3.75,6.75,10.17,502,7.4,4.0,7.75,11.0,499,4.2,4.75,8.25,11.75,492,3.0,5.25,9.5,13.95,485,1.9,5.75,10.0,16.0
HNR1.DE,Hoch 1,223,0.7264396493567803,2.218661787544691,3.639183730116496,6.74189749620928,10.120780475085931,11.344182341701373,39.147241268019364,223,22.9,2.5,4.25,6.5,223,12.1,3.25,5.62,8.5,223,7.2,3.5,6.5,10.0,222,5.0,3.75,7.25,10.5,220,3.2,4.25,7.75,11.0,217,2.8,4.75,8.5,12.5,215,1.4,5.0,9.62,14.5
HNR1.DE,Hoch 2,123,0.6086991155833037,2.3022963134681103,4.020407212528176,7.940137826725337,10.760158462394637,12.943839591910425,39.0471796987057,123,23.6,2.75,4.0,6.95,123,14.6,3.25,5.75,9.8,123,12.2,4.0,7.75,10.7,122,9.0,4.25,8.25,11.75,122,4.9,4.88,8.69,11.98,121,2.5,5.5,10.25,14.0,119,0.8,5.5,10.62,15.2
HNR1.DE,Hoch 3,70,1.133415905313006,2.7967324252941648,3.9717151541176157,7.138818582783558,10.731946484870434,12.237666656868157,33.159004618106,70,31.4,3.12,4.75,6.55,70,15.7,3.5,6.0,9.05,70,11.4,3.75,6.94,10.58,70,8.6,3.88,8.0,11.28,70,5.7,5.0,9.19,11.83,69,5.8,6.0,10.0,14.6,67,4.5,6.0,10.12,15.55
HNR1.DE,Hoch 4,40,1.2755069278701336,2.7875250501327065,3.8814676252518687,5.732770505882622,8.718972055264755,9.78390347085494,36.91551959341514,40,22.5,3.0,4.0,5.25,40,7.5,3.5,5.25,7.75,40,5.0,3.75,5.56,8.6,40,5.0,4.62,6.25,9.88,40,2.5,5.12,7.88,11.23,39,0.0,5.25,8.0,11.45,38,0.0,5.38,8.44,14.38
HNR1.DE,Hoch 5,25,1.0736267526374603,3.156496525752022,4.92772993913225,6.997303606910116,8.22207571458173,11.051292517101967,12.265503692713818,25,44.0,3.5,6.0,7.0,25,32.0,4.25,6.25,7.55,25,28.0,4.75,6.75,8.05,25,20.0,5.5,7.75,8.55,25,12.0,6.0,8.25,10.7,24,8.3,6.38,8.94,12.02,24,8.3,6.75,9.5,13.47
HNR1.DE,Hoch 6,13,0.9645737349746759,3.7492462885980262,4.4234259611341,6.210642133916453,7.292250344437146,8.638031140751218,10.308465193496025,13,30.8,3.5,4.25,7.0,13,7.7,4.25,5.25,7.25,13,7.7,4.25,6.0,7.25,13,7.7,4.5,6.25,7.7,12,0.0,4.75,6.56,7.72,12,0.0,7.62,8.81,15.38,12,0.0,7.75,8.81,15.38
HNR1.DE,Hoch 7,7,1.3611061280791596,3.890204377739931,6.440568413921405,6.8633152604557,7.65343298343814,7.962480397115984,8.27152781079383,7,57.1,5.25,5.88,7.05,7,28.6,6.25,6.62,7.5,7,28.6,6.25,6.62,7.5,7,14.3,6.25,7.5,8.1,7,0.0,7.0,8.12,11.35,7,0.0,8.0,12.12,16.0,7,0.0,8.25,12.5,16.0
HNR1.DE,Hoch 8,1,1.4612751881680714,1.4612751881680714,1.4612751881680714,1.4612751881680714,1.4612751881680714,1.4612751881680714,1.4612751881680714,1,0.0,1.25,1.25,1.25,1,0.0,1.25,1.25,1.25,1,0.0,1.25,1.25,1.25,1,0.0,10.25,10.25,10.25,1,0.0,16.0,16.0,16.0,1,0.0,16.0,16.0,16.0,1,0.0,16.0,16.0,16.0
HNR1.DE,Hoch 9,1,1.198769119000268,1.198769119000268,1.198769119000268,1.198769119000268,1.198769119000268,1.198769119000268,1.198769119000268,1,0.0,1.0,1.0,1.0,1,0.0,1.0,1.0,1.0,1,0.0,1.0,1.0,1.0,1,0.0,16.0,16.0,16.0,1,0.0,16.0,16.0,16.0,1,0.0,16.0,16.0,16.0,1,0.0,16.0,16.0,16.0
HNR1.DE,Hoch 10,1,1.3647739278446538,1.3647739278446538,1.3647739278446538,1.3647739278446538,1.3647739278446538,1.3647739278446538,1.3647739278446538,1,0.0,1.25,1.25,1.25,1,0.0,1.25,1.25,1.25,1,0.0,1.25,1.25,1.25,1,0.0,16.0,16.0,16.0,1,0.0,16.0,16.0,16.0,1,0.0,16.0,16.0,16.0,1,0.0,16.0,16.0,16.0
HON,alle,583,0.6874837712515903,2.1595047478345943,3.8629248154598597,6.22152375891915,9.841526158132648,12.456748707406689,37.44501420398806,583,25.4,2.75,4.25,6.25,583,14.1,3.5,5.5,7.75,583,9.9,3.75,6.0,9.75,578,9.0,4.0,6.75,11.0,574,5.2,4.62,8.0,13.0,566,2.7,5.25,9.75,15.38,561,1.8,6.0,10.75,16.0
HON,Hoch 1,267,0.7751008496549473,2.247614191822108,3.748726072182749,6.129971993812095,9.888490810805239,13.2801997749563,29.244579752326462,267,21.3,2.75,4.25,5.85,267,12.0,3.25,5.25,7.5,267,7.9,3.5,6.0,9.75,264,7.6,3.75,6.5,11.35,262,3.8,4.5,8.0,13.45,261,2.3,5.0,9.5,15.5,258,1.9,6.0,10.5,16.0
HON,Hoch 2,143,0.8933444344767638,2.5876484923444547,4.391036445594635,6.870117217798203,9.92863552386363,11.532097200985406,37.44501420398806,143,33.6,3.25,4.75,7.0,143,19.6,4.0,6.0,8.45,143,14.0,4.25,6.75,9.75,141,10.6,4.25,7.25,11.0,139,6.5,5.0,8.12,13.5,139,2.9,5.25,10.38,15.5,137,2.2,6.75,11.75,16.0
HON,Hoch 3,67,0.9741058904270691,2.1454604825283283,4.21255858538659,6.164292923817177,9.691223912720272,13.085991969938513,24.057863657020206,67,25.4,3.25,4.5,6.85,67,13.4,3.5,5.5,7.75,67,9.0,4.0,6.0,9.55,67,9.0,4.5,6.12,12.8,67,6.0,5.0,6.88,13.55,66,3.0,5.25,8.69,14.38,66,0.0,6.0,9.0,14.88
HON,Hoch 4,38,0.8232977294238152,1.8942129124854785,3.6754794579624397,6.341896922967881,10.207720147193287,12.717838444598812,26.084592450185365,38,31.6,2.88,4.0,6.78,38,18.4,3.38,5.75,10.13,38,13.2,3.5,6.25,10.13,38,13.2,3.75,6.62,11.08,38,7.9,4.5,8.44,11.7,37,2.7,5.75,10.25,14.2,37,0.0,5.75,12.25,16.0
HON,Hoch 5,22,1.058849243864698,1.3576265283314624,3.2374536447173745,4.781455687975178,8.41709373865141,11.900660481385206,22.915360191816262,22,22.7,2.0,3.69,4.23,22,18.2,2.38,4.56,6.2,22,18.2,3.12,4.69,8.25,22,18.2,3.25,5.44,9.73,22,13.6,3.75,7.31,9.93,21,9.5,3.75,9.25,12.25,21,9.5,4.0,9.25,16.0
HON,Hoch 6,13,0.6874837712515903,1.9023606564019617,3.018726607906893,4.698725343654216,5.638360442385657,6.850092101633201,8.374211603353322,13,15.4,1.75,3.25,4.1,13,0.0,1.75,3.25,4.1,13,0.0,3.0,4.5,5.55,13,0.0,3.5,5.0,5.65,13,0.0,4.25,6.0,9.25,12,0.0,4.12,5.81,9.68,12,0.0,4.75,5.81,9.68
HON,Hoch 7,11,1.7863042065345531,2.343717964344452,2.9234455788594618,5.769076486868295,7.386350981925091,8.82587862061105,10.26540625929701,11,9.1,2.0,3.0,4.0,11,9.1,2.5,3.88,6.25,11,9.1,2.75,5.62,7.25,11,9.1,5.0,6.25,7.5,11,0.0,5.5,7.62,10.75,10,0.0,5.5,7.56,10.82,10,0.0,5.88,7.56,10.82
HON,Hoch 8,8,2.2590589367071243,3.034148906044678,3.6420677561190207,4.189107917435456,5.564593950727723,6.718810966048429,7.873027981369139,8,37.5,2.75,3.5,4.02,8,0.0,3.38,3.5,4.77,8,0.0,3.5,4.12,5.47,8,0.0,3.75,6.19,7.12,8,0.0,5.0,7.12,8.25,7,0.0,5.5,6.62,7.35,7,0.0,6.5,7.0,7.65
HON,Hoch 9,4,1.0316506634814435,2.8676084364764334,4.4452089383763855,6.253230471569892,7.769562991695285,8.275007165070413,8.780451338445545,4,50.0,3.12,3.94,5.18,4,25.0,3.88,5.56,7.48,4,25.0,4.25,6.12,7.7,4,25.0,5.5,8.06,8.62,4,25.0,6.25,9.69,10.47,3,0.0,8.25,8.75,9.05,3,0.0,8.5,8.88,9.1
HON,Hoch 10,1,1.5264301935475404,1.5264301935475404,1.5264301935475404,1.5264301935475404,1.5264301935475404,1.5264301935475404,1.5264301935475404,1,0.0,1.5,1.5,1.5,1,0.0,1.5,1.5,1.5,1,0.0,1.5,1.5,1.5,1,0.0,1.5,1.5,1.5,1,0.0,1.5,1.5,1.5,1,0.0,9.0,9.0,9.0,1,0.0,9.5,9.5,9.5
HON,Hoch 11,1,0.883772134870917,0.883772134870917,0.883772134870917,0.883772134870917,0.883772134870917,0.883772134870917,0.883772134870917,1,0.0,0.75,0.75,0.75,1,0.0,0.75,0.75,0.75,1,0.0,0.75,0.75,0.75,1,0.0,0.75,0.75,0.75,1,0.0,0.75,0.75,0.75,1,0.0,10.5,10.5,10.5,1,0.0,10.75,10.75,10.75
HON,Hoch 12,1,1.777406363258662,1.777406363258662,1.777406363258662,1.777406363258662,1.777406363258662,1.777406363258662,1.777406363258662,1,0.0,1.75,1.75,1.75,1,0.0,1.75,1.75,1.75,1,0.0,1.75,1.75,1.75,1,0.0,1.75,1.75,1.75,1,0.0,1.75,1.75,1.75,1,0.0,12.5,12.5,12.5,1,0.0,13.0,13.0,13.0
HON,Hoch 13,1,1.2615315976452808,1.2615315976452808,1.2615315976452808,1.2615315976452808,1.2615315976452808,1.2615315976452808,1.2615315976452808,1,0.0,1.25,1.25,1.25,1,0.0,1.25,1.25,1.25,1,0.0,1.25,1.25,1.25,1,0.0,1.25,1.25,1.25,1,0.0,1.25,1.25,1.25,1,0.0,14.0,14.0,14.0,1,0.0,14.5,14.5,14.5
HON,Hoch 14,1,1.8000281056560212,1.8000281056560212,1.8000281056560212,1.8000281056560212,1.8000281056560212,1.8000281056560212,1.8000281056560212,1,0.0,1.75,1.75,1.75,1,0.0,1.75,1.75,1.75,1,0.0,1.75,1.75,1.75,1,0.0,1.75,1.75,1.75,1,0.0,1.75,1.75,1.75,1,0.0,15.5,15.5,15.5,1,0.0,15.5,15.5,15.5
HON,Hoch 15,1,1.6561659190674565,1.6561659190674565,1.6561659190674565,1.6561659190674565,1.6561659190674565,1.6561659190674565,1.6561659190674565,1,0.0,1.5,1.5,1.5,1,0.0,1.5,1.5,1.5,1,0.0,1.5,1.5,1.5,1,0.0,1.5,1.5,1.5,1,0.0,1.5,1.5,1.5,1,0.0,16.0,16.0,16.0,1,0.0,16.0,16.0,16.0
HON,Hoch 16,1,1.562277984334785,1.562277984334785,1.562277984334785,1.562277984334785,1.562277984334785,1.562277984334785,1.562277984334785,1,0.0,1.5,1.5,1.5,1,0.0,1.5,1.5,1.5,1,0.0,1.5,1.5,1.5,1,0.0,1.5,1.5,1.5,1,0.0,1.5,1.5,1.5,1,0.0,16.0,16.0,16.0,1,0.0,16.0,16.0,16.0
HON,Hoch 17,1,3.591535127613616,3.591535127613616,3.591535127613616,3.591535127613616,3.591535127613616,3.591535127613616,3.591535127613616,1,0.0,2.25,2.25,2.25,1,0.0,3.5,3.5,3.5,1,0.0,3.5,3.5,3.5,1,0.0,3.5,3.5,3.5,1,0.0,9.5,9.5,9.5,1,0.0,15.0,15.0,15.0,1,0.0,15.0,15.0,15.0
HON,Hoch 18,1,4.430847898773542,4.430847898773542,4.430847898773542,4.430847898773542,4.430847898773542,4.430847898773542,4.430847898773542,1,0.0,4.25,4.25,4.25,1,0.0,4.25,4.25,4.25,1,0.0,4.25,4.25,4.25,1,0.0,4.25,4.25,4.25,1,0.0,15.75,15.75,15.75,1,0.0,16.0,16.0,16.0,1,0.0,16.0,16.0,16.0
HON,Hoch 19,1,5.861435825764851,5.861435825764851,5.861435825764851,5.861435825764851,5.861435825764851,5.861435825764851,5.861435825764851,1,100.0,5.75,5.75,5.75,1,0.0,5.75,5.75,5.75,1,0.0,5.75,5.75,5.75,1,0.0,5.75,5.75,5.75,1,0.0,16.0,16.0,16.0,1,0.0,16.0,16.0,16.0,1,0.0,16.0,16.0,16.0
HSBC,alle,760,0.3664978024261089,2.7085631416440608,5.139810736230583,8.74837629107294,12.180786332793591,14.475289240122699,40.97461767331823,760,27.1,3.25,5.0,8.0,760,19.3,4.0,7.25,10.0,760,16.2,5.0,8.56,12.0,754,13.9,5.75,9.5,14.68,749,11.2,7.0,11.25,16.0,735,9.0,8.0,13.75,16.0,727,8.4,8.75,16.0,16.0
HSBC,Hoch 1,397,0.3664978024261089,2.7771334056042436,5.400372448478344,8.850326997578499,12.29750622294157,15.438045246489056,40.97461767331823,397,25.7,3.0,5.25,8.0,397,18.1,4.25,7.25,10.5,397,15.6,5.25,8.75,12.25,394,13.7,6.0,9.75,15.0,392,10.7,7.25,11.5,16.0,386,9.3,8.25,13.5,16.0,382,8.6,9.0,16.0,16.0
HSBC,Hoch 2,175,0.4411161074251718,2.8667196469968577,4.783584557982505,8.93445553182545,12.53007938843973,15.386570780160238,39.13804802215857,175,29.7,3.25,5.0,8.5,175,21.1,4.0,7.62,10.5,175,17.1,4.75,8.75,12.4,173,15.0,5.25,9.5,15.15,173,11.6,7.5,12.25,16.0,170,8.2,8.5,14.38,16.0,167,7.8,9.25,16.0,16.0
HSBC,Hoch 3,84,0.6895145352296658,2.229901872865267,4.670889245681398,7.14040212738348,9.748118616703257,12.17856850602678,24.402947258482715,84,28.6,2.75,4.5,6.0,84,20.2,3.62,5.75,7.85,84,19.0,4.5,7.06,9.53,83,14.5,5.25,8.25,11.2,82,13.4,5.5,9.62,15.9,80,7.5,7.25,12.31,16.0,79,7.6,7.75,12.88,16.0
HSBC,Hoch 4,46,1.0213669176536335,2.6102078993186884,4.212134194648769,7.415144650898511,9.847854579625794,12.00749956969863,38.7400486123446,46,21.7,3.0,5.0,7.0,46,15.2,3.38,6.75,9.12,46,10.9,4.0,7.38,9.75,46,10.9,4.38,8.75,13.0,45,6.7,5.0,9.25,16.0,44,6.8,6.25,13.12,16.0,44,6.8,7.0,14.5,16.0
HSBC,Hoch 5,31,0.7444501307954219,2.8612792400555653,4.121282107523181,8.08149417217636,10.989261419920316,13.084486993564653,15.215278630290298,31,29.0,3.5,5.25,9.0,31,16.1,3.75,7.25,10.75,31,12.9,4.0,7.88,10.75,31,12.9,4.0,8.75,14.25,30,13.3,6.38,10.88,16.0,29,13.8,7.25,15.5,16.0,29,10.3,8.5,15.75,16.0
HSBC,Hoch 6,13,0.9122090513400354,2.9581983970225774,4.456031544580013,9.679725927019861,13.941334062299601,14.151750152413383,14.455006204415003,13,30.8,3.0,5.5,8.95,13,30.8,3.0,8.25,11.35,13,30.8,4.25,9.5,13.75,13,30.8,5.0,9.5,13.75,13,30.8,5.0,13.75,14.2,12,25.0,7.88,14.69,16.0,12,25.0,8.88,14.69,16.0
HSBC,Hoch 7,5,1.4509375683558812,3.5681503267575616,5.0934410153255225,7.063232545463718,8.093993146867668,8.437580014002318,8.781166881136969,5,20.0,1.25,4.5,4.8,5,20.0,2.0,5.0,7.25,5,0.0,5.0,7.0,8.05,5,0.0,5.0,7.0,8.5,5,0.0,5.0,7.0,8.5,5,0.0,5.0,7.0,12.4,5,0.0,5.0,7.0,12.4
HSBC,Hoch 8,4,5.867153654236914,5.881829800340273,7.205740585757777,8.578160911123625,8.674283770692655,8.706324723882332,8.738365677072009,4,50.0,4.25,5.19,5.53,4,50.0,4.88,6.44,7.68,4,25.0,7.12,8.5,8.5,4,0.0,7.12,8.62,8.85,4,0.0,7.12,8.62,8.85,4,0.0,7.12,10.06,12.88,4,0.0,7.12,10.06,12.88
HSBC,Hoch 9,3,5.784795129229694,7.576808730086205,9.368822330942715,10.038826390324688,10.440828825953872,10.574829637830268,10.708830449706662,3,33.3,7.0,8.12,8.8,3,33.3,7.25,8.25,8.85,3,33.3,9.25,9.88,10.25,3,0.0,9.75,10.12,10.35,3,0.0,9.75,10.12,10.35,3,0.0,10.5,13.0,14.5,3,0.0,10.5,13.0,14.5
HSBC,Hoch 10,2,7.892207878350551,8.379797147900195,8.86738641744984,9.354975686999484,9.64752924872927,9.7450471026392,9.842564956549129,2,50.0,8.12,8.94,9.43,2,50.0,8.75,9.25,9.55,2,0.0,8.75,9.25,9.55,2,0.0,9.0,9.62,10.0,2,0.0,9.0,9.62,10.0,2,0.0,11.62,13.56,14.72,2,0.0,11.62,13.56,14.72
IBM,alle,552,0.5082446885531388,2.5331509150590423,4.637802738117054,7.610777650965242,11.151528940983921,14.502546466943441,31.611562851547248,552,29.3,3.0,4.75,7.5,552,19.2,3.75,6.25,9.98,552,14.3,4.5,7.5,11.0,551,11.6,4.75,8.75,12.75,549,8.4,5.5,9.75,16.0,540,6.1,6.5,11.31,16.0,530,4.9,7.25,13.0,16.0
IBM,Hoch 1,261,0.7548829628216104,2.4102004968629274,4.147972697980325,7.300099252697323,10.963998564592416,14.1848162376739,31.611562851547248,261,30.3,2.75,4.75,7.5,261,19.9,3.5,6.25,9.25,261,14.6,4.0,7.25,10.75,261,12.3,4.5,8.25,12.75,260,8.1,5.0,9.25,16.0,254,7.1,6.0,10.5,16.0,250,5.2,7.12,12.25,16.0
IBM,Hoch 2,131,0.6318559628938388,2.3337242375564937,4.650172435098391,7.417861128790216,10.496450369573605,15.348708797525353,30.190661306231792,131,24.4,2.75,4.5,7.5,131,16.0,3.75,6.12,10.0,131,9.9,4.5,7.25,10.25,131,8.4,5.0,8.62,12.75,130,6.2,6.0,10.19,16.0,127,4.7,6.5,11.5,16.0,123,4.1,7.25,13.88,16.0
IBM,Hoch 3,75,1.14197234891322,2.7671762412700565,5.860604112414186,8.887682661983941,11.27708536721884,16.434912989347218,30.5392062871501,75,26.7,3.25,5.0,6.4,75,17.3,4.25,6.5,9.65,75,13.3,5.75,8.88,11.15,74,9.5,5.88,9.38,12.75,74,8.1,6.12,10.5,15.4,74,4.1,7.12,13.19,16.0,72,4.2,8.0,14.31,16.0
IBM,Hoch 4,44,0.6965748574680268,3.0204610943350416,5.248265701043554,9.783290837244865,12.163279195678886,13.059715779845869,23.04689913221415,44,38.6,4.0,6.12,7.85,44,29.5,4.88,8.88,11.5,44,25.0,5.12,9.69,12.03,44,20.5,5.12,10.06,12.7,44,15.9,5.62,10.44,13.43,44,9.1,6.12,13.06,15.7,44,9.1,7.38,13.38,16.0
IBM,Hoch 5,19,0.5082446885531388,2.4653958970774807,3.907243888773765,7.411156663040284,11.151219848475394,12.589664018099569,25.532482307486873,19,31.6,3.25,4.25,8.1,19,21.1,3.5,7.25,11.0,19,21.1,3.75,7.25,11.0,19,10.5,3.75,7.25,11.0,19,10.5,5.0,7.25,11.0,19,5.3,6.5,9.88,16.0,19,0.0,6.5,9.88,16.0
IBM,Hoch 6,13,2.067218131381238,3.1592887297853656,3.7400583766491042,5.6063103064223325,7.197057010702521,8.283759139564886,9.33525423957842,13,38.5,3.0,4.0,7.1,13,15.4,3.5,5.5,7.1,13,15.4,3.5,5.5,7.1,13,15.4,4.0,5.5,7.4,13,7.7,5.5,7.5,8.95,13,0.0,5.75,9.25,15.15,13,0.0,5.75,9.25,15.15
IBM,Hoch 7,6,2.5731198748468334,4.175097132182504,5.79082848059138,7.36206372718467,8.446624426740403,8.871672660480465,9.296720894220527,6,33.3,3.38,4.62,7.0,6,0.0,4.0,4.62,7.0,6,0.0,5.62,7.25,8.38,6,0.0,6.38,8.81,9.88,6,0.0,8.38,12.06,14.5,6,0.0,8.38,12.81,15.0,6,0.0,8.38,12.81,15.0
IBM,Hoch 8,3,3.589037748172359,4.600926743831048,5.612815739489736,10.750089195300145,13.83245326878639,14.859907959948469,15.887362651110552,3,33.3,2.5,3.5,4.1,3,33.3,5.5,8.5,10.3,3,33.3,5.5,10.62,13.7,3,33.3,8.0,11.88,14.2,3,33.3,16.0,16.0,16.0,3,33.3,16.0,16.0,16.0,3,33.3,16.0,16.0,16.0
IBN,alle,675,0.5223857435482083,2.5573489426848277,4.514992170808528,7.432995142848965,10.890651944826601,13.785163196939614,56.59997546753179,675,30.2,3.25,5.0,7.0,675,18.2,3.75,6.5,9.25,675,13.3,4.5,7.25,10.75,671,11.2,5.0,8.25,12.0,668,9.0,5.5,9.5,14.83,656,6.6,6.0,10.81,16.0,651,4.9,6.5,13.38,16.0
IBN,Hoch 1,342,0.5223857435482083,2.512432795208138,4.636059870774217,7.278962742196854,10.627731750022173,13.459541929109934,56.59997546753179,342,27.5,3.25,5.0,6.75,342,16.7,3.75,6.25,9.5,342,12.9,4.5,7.25,10.5,341,11.1,5.0,8.0,11.75,339,9.7,5.25,9.25,14.5,330,7.0,6.0,11.25,16.0,327,4.9,6.5,13.25,16.0
IBN,Hoch 2,163,0.6705619065482387,2.709713112429145,4.721902168501354,7.671961967481183,10.66240787501929,12.239569746077725,35.988048457444584,163,34.4,3.25,5.75,7.25,163,20.9,4.0,6.75,9.0,163,14.7,4.5,7.5,10.45,161,11.8,5.0,8.25,11.5,160,8.1,5.5,9.0,14.25,157,5.1,6.0,10.5,16.0,156,4.5,6.5,12.38,16.0
IBN,Hoch 3,77,1.03564249558666,2.503312156673766,5.107208985740572,7.943964590236869,11.327577212259282,13.108859700930896,18.078762938992273,77,33.8,2.75,5.0,6.1,77,19.5,3.5,6.5,8.9,77,14.3,5.0,7.75,11.2,76,11.8,5.25,8.56,12.25,76,10.5,5.62,9.56,16.0,76,10.5,5.75,10.31,16.0,75,8.0,6.0,12.88,16.0
IBN,Hoch 4,37,0.8888920027721381,1.7530433503856704,3.9016422596636926,7.288502967876784,11.0446004583871,13.904524436424117,14.800218254163024,37,29.7,2.25,4.5,7.25,37,16.2,3.5,6.25,9.1,37,10.8,3.75,7.25,10.95,37,5.4,4.0,7.75,12.35,37,5.4,4.75,9.0,16.0,37,5.4,5.75,9.0,16.0,37,5.4,6.5,10.75,16.0
IBN,Hoch 5,22,0.8606008112781892,2.0697262581853444,3.1690270563719762,6.806042892745605,10.897782380806278,14.547251101219363,16.820440476266896,22,13.6,2.38,3.44,6.68,22,13.6,2.88,6.19,7.25,22,13.6,3.0,6.75,10.68,22,13.6,3.88,9.25,14.2,22,9.1,5.62,10.0,15.85,22,4.5,7.25,10.38,16.0,22,4.5,8.88,15.94,16.0
IBN,Hoch 6,15,1.5244658494899663,2.7921144727145846,3.9891242346372464,7.102432622057236,11.893025715571273,16.4053261563277,22.887447826932917,15,33.3,3.25,4.12,7.4,15,13.3,3.75,7.0,9.25,15,13.3,3.75,7.0,11.8,15,13.3,4.5,8.25,15.4,15,13.3,4.75,9.5,15.4,15,6.7,7.25,12.5,15.4,15,0.0,7.25,15.25,16.0
IBN,Hoch 7,11,3.2040196798557306,4.434184017937251,5.991429734850506,8.311167784174732,10.86897924893212,23.698574353916577,36.52816945890103,11,45.5,4.75,6.38,7.5,11,27.3,4.75,6.75,9.0,11,18.2,5.75,8.25,10.75,11,18.2,5.75,9.12,11.75,11,0.0,7.25,10.25,11.75,11,0.0,7.5,11.75,16.0,11,0.0,7.5,13.25,16.0
IBN,Hoch 8,4,3.795578444256282,4.175120713278878,5.761736707992349,16.427608524319403,32.99799436463742,38.52145631141007,44.044918258182754,4,25.0,4.0,4.88,6.0,4,25.0,4.5,5.31,6.33,4,0.0,5.62,9.25,13.3,4,0.0,6.62,9.25,13.3,4,0.0,9.38,11.12,14.05,4,0.0,10.75,13.0,14.8,4,0.0,12.38,15.44,15.78
IBN,Hoch 9,3,2.323418535752816,3.0032189235102353,3.6830193112676546,5.527555142950648,6.634276641960445,7.0031838082970435,7.372090974633642,3,66.7,3.5,5.38,6.5,3,66.7,3.5,5.38,6.5,3,0.0,3.5,5.38,6.5,3,0.0,6.75,7.0,7.15,3,0.0,9.0,9.25,9.4,3,0.0,9.5,10.5,11.1,3,0.0,9.5,12.0,13.5
IBN,Hoch 10,1,2.8965367314740194,2.8965367314740194,2.8965367314740194,2.8965367314740194,2.8965367314740194,2.8965367314740194,2.8965367314740194,1,100.0,2.0,2.0,2.0,1,0.0,2.75,2.75,2.75,1,0.0,2.75,2.75,2.75,1,0.0,2.75,2.75,2.75,1,0.0,2.75,2.75,2.75,1,0.0,2.75,2.75,2.75,1,0.0,2.75,2.75,2.75
IDXX,alle,482,0.5259348423111458,2.4125915793614157,3.9791955142190654,6.316073901035461,8.9316744588307,10.972413676655643,24.790904835250235,482,30.3,3.0,4.5,6.25,482,18.5,3.5,5.5,7.5,481,12.5,3.75,6.25,8.75,477,10.3,4.0,7.0,9.75,470,8.3,4.62,8.19,12.0,465,3.9,5.25,9.5,14.3,463,3.0,5.75,10.25,15.5
IDXX,Hoch 1,222,0.5259348423111458,2.4005502206147646,3.737427525937064,5.928729500186496,8.443829748875611,10.538370082638359,21.04324774318854,222,31.5,2.75,4.75,6.25,222,19.4,3.5,5.5,7.5,221,13.1,3.5,5.75,8.25,219,10.5,4.0,6.5,9.25,215,8.4,4.5,8.0,11.15,212,2.8,5.12,9.31,13.98,212,1.9,5.5,10.06,14.5
IDXX,Hoch 2,114,0.6753579447975139,2.6582557176019197,4.040309367442145,5.987348562845119,8.115761078564173,10.141160016158125,24.790904835250235,114,27.2,3.0,4.25,5.93,114,14.9,3.5,5.44,7.68,114,8.8,4.0,5.75,7.93,113,7.1,4.5,6.75,8.9,111,4.5,5.0,8.0,10.75,109,1.8,5.5,8.5,15.1,109,0.9,5.75,9.0,15.75
IDXX,Hoch 3,66,0.7291336096379081,2.1183091832260437,4.097602955287219,6.7435901728108,11.091129776149142,14.830724329248262,17.60930309454807,66,33.3,3.0,4.5,7.12,66,22.7,3.25,5.62,8.0,66,13.6,3.88,6.69,11.0,66,10.6,4.12,7.12,11.0,65,9.2,5.0,9.75,13.2,65,4.6,5.25,9.75,16.0,65,4.6,6.0,11.75,16.0
IDXX,Hoch 4,36,1.094850466559424,2.646067293256255,4.323749129787107,7.2193855735122,9.71884669555472,11.105797590909791,15.048313977273983,36,19.4,3.25,4.75,6.5,36,11.1,3.75,5.12,7.25,36,8.3,4.25,7.12,9.5,35,8.6,4.5,7.88,11.3,35,8.6,4.5,9.62,12.55,35,5.7,4.75,11.0,13.6,34,5.9,5.38,10.94,13.82
IDXX,Hoch 5,22,1.5847644588082264,2.4702072437304565,3.8943860293545236,6.860472866691464,9.589510390366469,10.224081530848034,15.773318373984422,22,31.8,3.0,4.25,5.43,22,22.7,3.5,4.69,6.5,22,22.7,3.75,6.69,9.53,22,18.2,3.75,6.69,10.23,22,13.6,3.75,6.94,12.85,22,9.1,4.12,8.81,15.25,21,4.8,5.75,9.0,16.0
IDXX,Hoch 6,12,1.184485992110542,3.4455876995797197,4.393762729458746,5.962254168238598,8.450511657134681,12.099592892846653,16.430066894996557,12,50.0,3.75,4.31,5.62,12,25.0,4.0,5.56,7.18,12,16.7,4.25,5.75,8.38,12,16.7,4.25,5.75,8.38,12,16.7,4.25,5.75,15.13,12,16.7,6.12,9.44,15.4,12,16.7,6.38,9.44,15.4
IDXX,Hoch 7,4,1.3004666748312916,1.598962441572569,3.3774425118596705,5.8635353590166535,7.3163358174272055,7.800602636897389,8.284869456367574,4,0.0,2.5,3.88,4.55,4,0.0,3.25,5.5,6.4,4,0.0,3.25,5.81,7.28,4,0.0,4.88,7.31,7.88,4,0.0,5.88,8.81,9.83,4,0.0,7.88,11.31,11.88,4,0.0,7.88,11.31,11.88
IDXX,Hoch 8,3,3.20806658059284,4.656978851756332,6.105891122919824,6.622972733188853,6.93322169935027,7.036638021404075,7.140054343457881,3,33.3,3.0,4.0,4.6,3,0.0,6.0,6.5,6.8,3,0.0,6.0,6.5,6.8,3,0.0,7.0,7.88,8.4,3,0.0,7.0,7.88,8.4,3,0.0,9.75,10.12,10.35,3,0.0,9.75,10.12,10.35
IDXX,Hoch 9,3,3.287504866854515,5.3860247318571615,7.484544596859807,9.049824476095369,9.988992403636706,10.302048379483818,10.61510435533093,3,66.7,3.25,5.25,6.45,3,66.7,7.25,8.5,9.25,3,66.7,7.25,8.88,9.85,3,66.7,7.25,8.88,9.85,3,66.7,7.25,9.5,10.85,3,33.3,10.5,11.12,11.5,3,33.3,10.5,11.12,11.5
IFX.DE,alle,567,0.6930755547390144,2.3824641719760034,4.393141313293149,7.38203837167679,11.749065984117951,13.881281254141149,24.14665530964448,567,28.2,3.0,4.75,6.75,567,19.0,4.0,6.38,9.0,567,16.2,4.25,7.25,11.6,565,12.4,4.75,8.25,12.75,560,10.2,5.5,9.5,14.75,553,6.9,6.5,11.25,15.5,546,6.2,7.0,12.5,16.0
IFX.DE,Hoch 1,265,0.6930755547390144,2.3080356030620126,4.270688366141926,7.063772350532182,11.38063767362415,13.641055678850124,22.749014402741537,265,27.2,3.0,4.75,7.15,265,19.6,3.75,6.25,9.5,265,17.0,4.25,7.0,11.25,265,12.1,4.25,8.0,12.4,264,10.2,5.5,9.06,13.75,259,7.3,6.75,10.62,15.25,256,6.2,7.0,11.5,16.0
IFX.DE,Hoch 2,132,0.854167292147551,2.528958822979848,4.527421726638418,7.374742423780636,11.995178047236918,13.97614729510554,24.14665530964448,132,31.8,3.25,5.0,6.75,132,18.9,4.0,6.5,8.73,132,15.2,4.5,7.25,11.98,132,13.6,4.75,8.0,12.48,131,12.2,5.5,10.25,14.25,129,7.8,6.25,11.75,14.8,127,7.1,7.25,12.5,16.0
IFX.DE,Hoch 3,71,1.0083504357976665,2.491638939034857,4.516527791591467,6.90646913382864,9.224301871519906,14.38001965556394,19.289013439720197,71,28.2,3.25,4.75,6.0,71,16.9,4.0,6.25,8.0,71,15.5,4.5,6.75,9.0,71,14.1,4.75,8.38,12.75,70,10.0,5.62,10.06,14.75,70,4.3,6.25,12.0,15.3,69,4.3,7.0,14.25,16.0
IFX.DE,Hoch 4,37,1.139710385248019,2.4832798377894076,4.1366849210246865,6.853752788622231,9.346429522427835,11.801471592802779,17.848510073986706,37,16.2,2.75,4.5,5.85,37,10.8,3.75,6.0,8.45,37,10.8,4.0,6.75,9.3,37,8.1,4.25,7.25,11.05,36,5.6,5.25,9.19,15.38,36,5.6,6.25,10.81,15.5,36,5.6,6.62,13.12,16.0
IFX.DE,Hoch 5,24,1.5210266356397801,2.756012183289984,4.575200230050767,5.6755016121930995,10.380710893147238,13.73906348236328,17.17691396390328,24,29.2,3.12,4.5,5.1,24,20.8,3.62,5.31,7.95,24,16.7,4.5,5.56,10.3,24,12.5,4.5,7.94,14.42,23,13.0,5.0,10.0,15.8,23,8.7,7.25,12.12,16.0,22,9.1,7.25,13.19,16.0
IFX.DE,Hoch 6,16,1.7525399908691526,2.731306687090562,6.579613408877142,8.340092817397457,10.966477443630346,13.254298646462226,13.885024468124016,16,31.2,2.75,3.81,5.75,16,25.0,3.5,7.75,8.62,16,18.8,6.38,8.19,10.88,15,0.0,6.75,8.38,11.3,15,0.0,6.75,9.62,14.8,15,0.0,6.75,9.88,14.8,15,0.0,7.75,9.88,14.8
IFX.DE,Hoch 7,12,1.2029071138521223,3.964223421505209,6.841306640118374,11.758246762902987,17.952558824523884,20.22690353822518,22.670113477426302,12,33.3,4.62,6.31,8.38,12,25.0,4.75,8.25,12.98,12,25.0,6.75,11.69,15.93,11,18.2,6.25,14.88,16.0,11,9.1,6.25,15.62,16.0,11,9.1,6.5,15.62,16.0,11,9.1,7.25,15.62,16.0
IFX.DE,Hoch 8,5,1.7925297120528685,1.8120558580732533,3.61623072713816,8.075467118593641,10.417116556370727,11.197666368963088,11.97821618155545,5,20.0,3.0,5.25,8.7,5,20.0,3.5,8.0,10.25,5,20.0,3.5,8.0,10.25,5,20.0,4.0,8.0,12.8,5,20.0,4.0,8.0,12.8,5,20.0,7.0,8.0,12.8,5,20.0,7.0,8.0,12.8
IFX.DE,Hoch 9,3,1.883868225703709,2.8399815476707206,3.7960948696377326,6.812677400813635,8.622626919519176,9.225943425754355,9.829259931989537,3,66.7,3.75,5.12,5.95,3,33.3,3.75,6.75,8.55,3,33.3,3.75,6.75,8.55,3,33.3,4.0,6.88,8.6,3,0.0,4.0,6.88,8.6,3,0.0,9.75,10.62,11.15,3,0.0,9.75,10.62,11.15
IFX.DE,Hoch 10,1,5.448772248593109,5.448772248593109,5.448772248593109,5.448772248593109,5.448772248593109,5.448772248593109,5.448772248593109,1,0.0,3.25,3.25,3.25,1,0.0,5.25,5.25,5.25,1,0.0,5.25,5.25,5.25,1,0.0,5.25,5.25,5.25,1,0.0,5.25,5.25,5.25,1,0.0,13.0,13.0,13.0,1,0.0,13.0,13.0,13.0
IFX.DE,Hoch 11,1,8.341266727659692,8.341266727659692,8.341266727659692,8.341266727659692,8.341266727659692,8.341266727659692,8.341266727659692,1,100.0,6.75,6.75,6.75,1,100.0,8.25,8.25,8.25,1,0.0,8.25,8.25,8.25,1,0.0,8.25,8.25,8.25,1,0.0,16.0,16.0,16.0,1,0.0,16.0,16.0,16.0,1,0.0,16.0,16.0,16.0
ILMN,alle,504,0.5303139562520097,2.2815016882288877,4.12118468463027,7.019377728846746,12.071496403644401,15.001141560973744,27.441552322874635,504,30.6,3.0,4.5,7.0,504,20.0,3.5,5.75,10.25,504,15.3,4.0,7.0,12.0,500,12.6,4.25,8.25,13.5,494,9.7,5.12,10.5,15.5,489,7.8,6.25,12.0,16.0,482,6.6,7.75,13.25,16.0
ILMN,Hoch 1,236,0.8126133897519366,2.246100886035184,4.08943993714822,6.870912583545229,11.515465184328388,14.65989363193493,27.441552322874635,236,30.1,3.0,4.25,6.25,236,21.6,3.5,5.5,10.12,236,15.7,4.0,6.75,11.38,235,13.2,4.25,7.75,11.9,233,10.3,5.0,10.25,14.55,231,8.7,5.75,11.0,15.75,229,7.4,7.5,12.25,16.0
ILMN,Hoch 2,114,0.5303139562520097,2.354346918960199,3.863913505977955,6.359240946637923,11.786397261378541,14.613793850730824,21.898402922705596,114,25.4,3.0,4.44,6.68,114,12.3,3.5,5.19,7.68,114,9.6,3.75,6.19,11.68,113,7.1,4.0,6.5,13.5,111,6.3,4.75,9.5,14.75,110,5.5,6.0,11.25,15.78,109,5.5,7.25,12.25,16.0
ILMN,Hoch 3,67,0.8461326499318078,2.3204219946066047,4.124016430761392,7.810625787427254,12.779677836217191,13.90920624587791,23.507870449694085,67,31.3,3.0,4.88,7.25,67,19.4,3.5,5.88,11.35,67,14.9,4.0,7.75,12.75,66,12.1,4.88,10.62,14.0,65,9.2,6.0,12.25,15.8,65,7.7,6.75,13.0,16.0,64,7.8,9.38,14.12,16.0
ILMN,Hoch 4,40,0.920417562553943,2.880235261686538,4.758273227049553,9.04516718162386,13.533424268524884,16.68527751362812,23.14901403983715,40,45.0,3.5,5.88,9.08,40,30.0,3.75,7.19,12.3,40,22.5,4.62,9.0,13.5,39,20.5,5.5,12.12,16.0,38,15.8,6.62,12.62,16.0,38,7.9,8.0,14.31,16.0,37,5.4,9.0,16.0,16.0
ILMN,Hoch 5,19,1.259430851046881,2.2693672111768466,3.738044368699889,9.874519054865008,15.986569271692648,16.82332992406689,23.02175966035674,19,36.8,2.75,3.62,8.15,19,36.8,3.25,6.62,11.4,19,31.6,3.5,9.75,15.8,19,31.6,3.5,11.25,16.0,19,26.3,6.75,13.38,16.0,19,21.1,7.0,15.75,16.0,18,11.1,8.5,16.0,16.0
ILMN,Hoch 6,10,1.4713711882540068,1.7690952044076915,4.026015834902674,5.511742672444687,6.899847193458604,8.588097682338109,10.27634817121762,10,30.0,2.5,3.75,4.32,10,10.0,3.25,5.38,6.87,10,10.0,3.88,5.38,6.87,10,0.0,4.12,6.31,9.47,10,0.0,4.88,8.19,10.37,10,0.0,6.12,11.56,16.0,9,0.0,6.0,16.0,16.0
ILMN,Hoch 7,7,1.6765637621606435,3.6785145636301344,4.1367265063008904,7.73339929532657,12.587587216118349,14.798429816984948,17.00927241785156,7,28.6,3.25,4.88,6.85,7,0.0,3.25,7.62,10.1,7,0.0,4.0,7.62,12.1,7,0.0,5.75,9.25,12.1,7,0.0,5.75,9.25,12.1,6,0.0,7.38,11.25,14.0,6,0.0,7.38,14.25,16.0
ILMN,Hoch 8,4,1.1002521817723845,4.478589928873793,5.938918919499001,6.515006890317573,6.950375702926475,7.095498640462775,7.240621577999076,4,50.0,3.0,5.5,6.4,4,50.0,5.25,5.69,6.48,4,50.0,5.88,6.44,6.78,4,25.0,5.88,6.44,6.78,4,0.0,5.88,6.44,6.78,3,0.0,6.25,9.38,11.25,3,0.0,6.25,11.12,14.05
ILMN,Hoch 9,2,3.201552872268409,4.877347241788913,6.553141611309416,8.22893598082992,9.234412602542221,9.569571476446322,9.904730350350423,2,0.0,5.75,7.25,8.15,2,0.0,6.25,8.0,9.05,2,0.0,6.38,8.06,9.07,2,0.0,6.38,8.06,9.07,2,0.0,6.38,8.06,9.07,2,0.0,12.0,13.12,13.8,2,0.0,12.88,14.44,15.38
ILMN,Hoch 10,2,3.8427479641953917,5.166242176846396,6.4897363894973985,7.813230602148402,8.607327129739005,8.872025972269205,9.136724814799406,2,50.0,4.75,6.38,7.35,2,50.0,6.0,7.5,8.4,2,50.0,6.38,7.69,8.47,2,50.0,6.38,7.69,8.47,2,0.0,6.38,7.69,8.47,2,0.0,12.5,14.25,15.3,2,0.0,12.5,14.25,15.3
ILMN,Hoch 11,1,5.0410929510935025,5.0410929510935025,5.0410929510935025,5.0410929510935025,5.0410929510935025,5.0410929510935025,5.0410929510935025,1,0.0,1.75,1.75,1.75,1,0.0,5.0,5.0,5.0,1,0.0,5.0,5.0,5.0,1,0.0,5.0,5.0,5.0,1,0.0,5.0,5.0,5.0,1,0.0,16.0,16.0,16.0,1,0.0,16.0,16.0,16.0
ILMN,Hoch 12,1,4.933532811445858,4.933532811445858,4.933532811445858,4.933532811445858,4.933532811445858,4.933532811445858,4.933532811445858,1,0.0,2.25,2.25,2.25,1,0.0,4.75,4.75,4.75,1,0.0,4.75,4.75,4.75,1,0.0,4.75,4.75,4.75,1,0.0,4.75,4.75,4.75,1,0.0,16.0,16.0,16.0,1,0.0,16.0,16.0,16.0
ILMN,Hoch 13,1,6.457708091512634,6.457708091512634,6.457708091512634,6.457708091512634,6.457708091512634,6.457708091512634,6.457708091512634,1,0.0,5.75,5.75,5.75,1,0.0,6.25,6.25,6.25,1,0.0,6.25,6.25,6.25,1,0.0,6.25,6.25,6.25,1,0.0,13.75,13.75,13.75,1,0.0,16.0,16.0,16.0,1,0.0,16.0,16.0,16.0
ING,alle,732,0.4363631606135784,2.673093360899212,5.005347259698333,9.027871839061401,12.861360221588647,14.923167997231236,50.40005936439617,732,27.2,3.25,5.25,8.5,732,19.1,4.0,7.5,11.5,732,13.9,4.88,9.0,12.75,731,11.1,5.25,9.5,14.25,724,8.4,6.5,11.75,16.0,712,7.6,7.5,13.75,16.0,703,6.3,8.5,16.0,16.0
ING,Hoch 1,373,0.5013259682265437,2.609647918077519,4.61855791216168,8.635504258180378,12.673487101886694,14.920736786637057,38.01626948736216,373,26.5,3.0,5.0,8.45,373,19.6,3.75,7.0,11.2,373,13.9,4.5,8.5,12.45,372,11.6,5.0,9.31,13.98,370,9.7,5.75,10.75,16.0,363,8.8,6.75,13.62,16.0,359,7.5,7.75,16.0,16.0
ING,Hoch 2,156,0.4363631606135784,2.5170467120214783,5.119753146950783,8.651961315517806,12.235443443933631,14.14566623770972,32.41633916514256,156,24.4,3.0,5.25,7.75,156,16.0,4.0,7.31,11.0,156,10.9,5.0,8.5,12.0,156,7.7,5.5,9.0,13.0,154,5.8,6.88,10.94,15.63,152,5.3,7.12,13.31,16.0,149,3.4,8.5,16.0,16.0
ING,Hoch 3,99,0.6574564385971474,2.6662721239016283,6.047518528517078,9.31943877748795,13.259074927824859,14.347724181469815,17.375881007126953,99,28.3,3.0,5.62,8.25,99,22.2,4.25,8.25,11.85,99,18.2,6.0,9.25,13.1,99,14.1,6.5,9.62,14.1,97,9.3,7.5,11.75,16.0,95,8.4,8.25,13.5,16.0,94,6.4,9.62,16.0,16.0
ING,Hoch 4,55,0.7798440252152384,2.869260589982985,5.6689635235149645,9.079844740216839,12.649155034373763,15.644314671972786,44.114248808359186,55,25.5,3.5,5.62,8.65,55,18.2,5.0,8.75,12.05,55,12.7,5.5,9.0,12.5,55,9.1,5.75,10.38,15.45,54,5.6,7.75,12.25,16.0,53,5.7,8.5,13.0,16.0,52,5.8,9.12,15.06,16.0
ING,Hoch 5,30,1.1129863019950177,3.604470370952123,6.311740177545461,11.432836068116373,14.714696683532958,15.437218354865635,50.40005936439617,30,43.3,4.5,8.0,10.03,30,20.0,6.25,11.25,14.28,30,16.7,6.25,11.25,14.55,30,16.7,6.5,13.75,16.0,30,10.0,8.0,14.19,16.0,30,6.7,9.0,15.62,16.0,30,6.7,10.75,15.62,16.0
ING,Hoch 6,14,2.7673937316659893,3.8949045434021223,6.019156247023815,10.552090898167494,14.365599023335458,15.838844545061091,16.680886042697175,14,42.9,4.5,6.62,10.45,14,28.6,4.88,9.75,14.2,14,21.4,5.88,10.38,14.2,14,14.3,6.12,13.38,15.78,14,7.1,6.5,15.19,16.0,14,7.1,10.38,15.19,16.0,14,7.1,11.38,15.81,16.0
ING,Hoch 7,3,3.1235168326635265,3.540015571901136,3.9565143111387457,8.185946374535675,10.723605612573833,11.569492025253219,12.415378437932604,3,33.3,3.0,3.38,3.6,3,0.0,3.75,5.0,5.75,3,0.0,3.75,8.0,10.55,3,0.0,3.75,8.0,10.55,3,0.0,3.75,8.12,10.75,3,0.0,3.75,9.12,12.35,3,0.0,9.5,12.0,13.5
ING,Hoch 8,1,13.255165163150973,13.255165163150973,13.255165163150973,13.255165163150973,13.255165163150973,13.255165163150973,13.255165163150973,1,0.0,2.0,2.0,2.0,1,0.0,7.0,7.0,7.0,1,0.0,13.25,13.25,13.25,1,0.0,13.25,13.25,13.25,1,0.0,13.25,13.25,13.25,1,0.0,15.5,15.5,15.5,1,0.0,15.5,15.5,15.5
ING,Hoch 9,1,14.786889468731141,14.786889468731141,14.786889468731141,14.786889468731141,14.786889468731141,14.786889468731141,14.786889468731141,1,0.0,2.5,2.5,2.5,1,0.0,8.0,8.0,8.0,1,0.0,14.75,14.75,14.75,1,0.0,14.75,14.75,14.75,1,0.0,14.75,14.75,14.75,1,0.0,16.0,16.0,16.0,1,0.0,16.0,16.0,16.0
INTC,alle,548,0.7209136858762701,2.596001163187689,4.4973178215549074,7.282050549032738,10.77725877054335,12.818320511129578,21.68450644222654,548,30.3,3.0,4.5,6.5,548,20.6,3.75,6.31,9.0,548,16.2,4.38,7.25,10.75,547,13.0,4.75,8.25,11.75,543,10.9,5.75,10.0,13.25,536,8.2,6.5,11.5,16.0,528,6.6,6.75,12.75,16.0
INTC,Hoch 1,271,0.7209136858762701,2.3843129653152815,4.1847961380643,7.050365195766986,10.210680832739543,12.150060000813761,19.781700063336483,271,28.4,2.75,4.38,6.5,271,20.3,3.5,5.75,8.25,271,16.6,4.0,7.0,10.0,271,13.3,4.5,8.12,11.5,270,11.9,5.62,9.94,13.0,266,8.6,6.25,11.25,15.12,263,5.7,6.5,12.12,16.0
INTC,Hoch 2,130,0.7590514753550571,2.527172903365193,4.6480472084153455,7.335520947620091,11.529121986809248,14.149811848677972,21.68450644222654,130,26.2,3.0,4.75,6.75,130,18.5,3.88,6.5,9.53,130,16.9,4.5,7.25,11.35,130,13.8,4.62,8.0,12.78,129,11.6,6.0,9.5,14.25,128,8.6,6.75,12.25,16.0,126,8.7,7.12,13.69,16.0
INTC,Hoch 3,77,0.8585964985301623,2.628675596850404,4.350121856910944,8.060111886371851,10.88603943532612,14.725627028599675,20.5091299997773,77,33.8,3.25,4.5,7.8,77,19.5,3.75,6.75,9.1,77,10.4,4.25,8.0,10.7,77,9.1,4.5,8.5,12.1,76,6.6,5.88,10.31,15.25,75,5.3,7.5,12.62,16.0,74,5.4,7.75,14.25,16.0
INTC,Hoch 4,44,1.2556571991362877,3.034557611752812,4.546936301920333,7.034939640926745,9.674419249395307,11.1329978535631,13.990965918778562,44,38.6,3.25,4.5,5.85,44,25.0,4.25,6.12,9.18,44,18.2,4.5,6.88,9.5,44,15.9,4.75,8.75,11.5,43,9.3,5.25,10.0,13.0,42,7.1,6.38,11.62,16.0,41,4.9,6.5,12.5,16.0
INTC,Hoch 5,16,1.477376200565618,3.3696635399209423,5.507226234084111,6.292289006479143,9.703247908213406,12.022150188737243,12.51997441748325,16,37.5,2.75,4.12,5.38,16,25.0,4.5,6.12,9.0,16,18.8,5.38,6.12,9.62,15,13.3,5.0,9.5,12.2,15,13.3,5.0,9.5,13.85,15,13.3,5.0,10.0,15.7,14,14.3,6.25,11.31,15.78
INTC,Hoch 6,6,1.8154917547256981,4.952710375005703,5.823867023768177,6.583031374948032,7.787507679631566,8.276952386591741,8.766397093551918,6,33.3,2.38,3.25,4.38,6,33.3,5.5,6.5,7.12,6,16.7,5.62,6.5,7.75,6,16.7,6.25,7.31,9.62,6,16.7,6.62,7.31,9.62,6,16.7,7.12,8.06,12.12,6,16.7,7.12,9.38,13.0
INTC,Hoch 7,2,4.479121254332119,5.184918739097492,5.890716223862865,6.596513708628239,7.019992199487462,7.161151696440537,7.302311193393612,2,100.0,5.62,6.44,6.92,2,50.0,5.75,6.5,6.95,2,50.0,5.75,6.5,6.95,2,0.0,5.75,6.5,6.95,2,0.0,5.75,6.5,6.95,2,0.0,5.75,6.5,6.95,2,0.0,5.75,6.5,6.95
INTC,Hoch 8,2,5.199660316765935,6.098723191926276,6.9977860670866185,7.89684894224696,8.436286667343165,8.616099242375233,8.795911817407301,2,100.0,6.88,7.81,8.38,2,50.0,6.88,7.81,8.38,2,50.0,6.88,7.81,8.38,2,0.0,6.88,7.81,8.38,2,0.0,6.88,7.81,8.38,2,0.0,6.88,7.81,8.38,2,0.0,6.88,7.81,8.38
INTU,alle,524,0.6584377210555082,2.133328901688824,3.916345013898014,5.927024686294747,8.907932214260342,12.028609453201241,23.595912731350264,524,27.5,2.75,4.25,6.0,524,16.4,3.5,5.25,8.0,524,11.8,3.75,5.75,8.75,521,10.7,4.0,6.5,10.25,518,7.9,4.5,7.75,12.33,513,5.3,5.0,8.75,14.0,507,3.0,5.25,9.62,14.75
INTU,Hoch 1,247,0.7959228967543196,2.0226494138290185,3.7946822210836446,5.874129025560691,8.933816318910457,12.229528937461637,23.595912731350264,247,27.5,2.75,4.0,5.75,247,17.0,3.25,5.25,8.1,247,11.7,3.75,5.75,8.85,244,11.5,3.75,6.5,10.43,242,9.1,4.25,7.94,12.93,237,6.3,4.75,8.25,13.1,233,3.9,5.0,9.0,13.7
INTU,Hoch 2,123,0.6584377210555082,2.0663585387840655,3.596107702487105,5.972996500338175,8.44464482293192,10.73625500916381,21.981661812344225,123,25.2,2.5,4.12,5.7,123,16.3,3.25,5.25,6.75,123,13.8,3.5,5.88,8.25,123,13.0,3.75,6.0,9.2,122,7.4,4.0,7.44,11.25,122,3.3,4.62,8.25,12.95,120,0.8,4.62,9.31,13.03
INTU,Hoch 3,76,1.0994365980626017,2.4148562666453275,3.943743237391285,5.660276330121839,9.264733578969015,11.812720291648475,22.895579018975894,76,32.9,3.0,4.75,6.0,76,18.4,3.62,5.06,8.0,76,11.8,3.75,5.56,9.12,76,7.9,3.75,5.75,9.62,76,7.9,4.62,8.5,12.5,76,5.3,4.75,11.56,14.5,76,5.3,5.12,12.0,14.88
INTU,Hoch 4,38,1.2036539683885374,2.1174056602200535,3.6971351638055294,5.528889619244883,7.9587730903713645,9.37297446719231,18.711108230251213,38,23.7,3.0,4.25,6.25,38,7.9,3.5,5.06,6.4,38,5.3,3.5,5.44,7.83,38,2.6,4.0,5.5,10.15,38,0.0,4.0,6.06,10.68,38,0.0,4.38,8.75,15.05,38,0.0,4.88,9.56,15.83
INTU,Hoch 5,18,1.7022628689929684,2.8215532698906554,4.601100066200381,6.550456342091119,8.297253551330204,11.161735587681944,21.819046465574417,18,16.7,2.62,4.5,5.88,18,16.7,3.38,5.44,7.05,18,16.7,4.5,6.5,8.2,18,16.7,5.38,7.5,11.28,18,11.1,5.38,7.5,11.28,18,11.1,5.62,8.88,16.0,18,0.0,7.25,14.25,16.0
INTU,Hoch 6,10,2.4320800381462377,4.456959590173945,6.720503081397789,9.923165427969806,11.973126524483304,13.934483380201742,15.895840235920188,10,40.0,3.62,4.75,5.95,10,20.0,5.0,7.38,9.22,10,20.0,6.62,9.81,11.92,10,20.0,6.75,9.81,11.95,10,20.0,6.88,9.81,13.3,10,20.0,7.5,14.62,16.0,10,10.0,8.75,14.62,16.0
INTU,Hoch 7,4,3.188283409982997,3.8371611244189734,4.397213459755699,4.943460104974246,5.307936491423111,5.429428620239399,5.550920749055687,4,25.0,2.25,3.25,4.6,4,0.0,3.5,4.38,5.05,4,0.0,4.25,4.75,5.2,4,0.0,4.75,6.12,7.25,4,0.0,5.5,6.12,7.25,4,0.0,8.75,11.12,14.05,4,0.0,9.25,11.88,14.35
INTU,Hoch 8,3,5.2235501080241455,5.754113529827128,6.284676951630111,6.841211087665748,7.17513156928713,7.286438396494257,7.397745223701385,3,33.3,3.5,5.38,6.5,3,0.0,6.25,6.75,7.05,3,0.0,6.25,6.75,7.05,3,0.0,7.25,7.88,8.25,3,0.0,8.5,10.62,11.9,3,0.0,8.5,12.25,14.5,3,0.0,8.5,12.25,14.5
INTU,Hoch 9,2,4.79790393515846,5.581083963943071,6.3642639927276825,7.147444021512293,7.61735203878306,7.773988044539982,7.930624050296904,2,0.0,5.38,6.56,7.28,2,0.0,5.88,6.81,7.38,2,0.0,6.25,7.0,7.45,2,0.0,7.75,7.75,7.75,2,0.0,7.75,7.75,7.75,2,0.0,7.75,7.75,7.75,2,0.0,7.75,7.75,7.75
INTU,Hoch 10,2,5.164029957696472,5.987668953288318,6.811307948880165,7.634946944472011,8.12913034182712,8.293858140945488,8.458585940063857,2,50.0,5.75,7.0,7.75,2,50.0,6.5,7.38,7.9,2,0.0,6.62,7.44,7.92,2,0.0,7.75,8.0,8.15,2,0.0,7.75,8.0,8.15,2,0.0,7.75,8.0,8.15,2,0.0,7.88,8.06,8.18
INTU,Hoch 11,1,7.495189231186406,7.495189231186406,7.495189231186406,7.495189231186406,7.495189231186406,7.495189231186406,7.495189231186406,1,100.0,3.25,3.25,3.25,1,100.0,4.75,4.75,4.75,1,0.0,7.25,7.25,7.25,1,0.0,7.25,7.25,7.25,1,0.0,7.25,7.25,7.25,1,0.0,7.25,7.25,7.25,1,0.0,7.5,7.5,7.5
ISRG,alle,497,0.5885540357702361,2.4066955476620535,3.928098762652558,7.034689717079823,10.287184351277293,12.82639253378005,30.321605364208402,497,29.4,2.75,4.5,6.25,497,18.1,3.25,5.5,8.25,497,11.7,3.75,7.0,10.25,493,10.1,4.25,7.5,11.5,486,7.4,4.62,8.94,13.75,477,4.8,5.25,9.5,15.6,473,3.6,6.0,11.5,16.0
ISRG,Hoch 1,227,0.7598336917814579,2.330728199917575,3.535776103295439,6.243929728464227,9.647098660303415,11.951244081147237,29.9631976981791,227,29.5,2.75,4.0,6.25,227,20.3,3.25,5.25,8.5,227,12.8,3.5,6.12,9.5,224,10.7,4.0,7.25,11.0,219,8.7,4.25,7.75,13.5,213,5.2,4.75,8.25,15.9,212,3.8,5.12,11.31,16.0
ISRG,Hoch 2,117,0.8330510048612634,2.2472669163520584,4.3177816800737405,7.218803916526503,10.610177929767648,12.861478340402448,19.87238317831462,117,29.1,2.75,4.5,6.6,117,17.1,3.25,5.25,7.6,117,11.1,4.25,7.0,10.5,116,10.3,4.75,7.25,12.0,115,5.2,5.0,9.0,13.5,113,3.5,6.0,9.5,15.2,111,1.8,6.0,11.0,16.0
ISRG,Hoch 3,67,0.5885540357702361,2.7858169164791047,4.057339233793244,7.868078703716449,11.515598147795357,12.872724789411517,14.828876276609998,67,32.8,3.0,4.75,6.0,67,17.9,3.5,6.0,8.0,67,13.4,4.0,7.75,11.35,67,11.9,4.75,8.12,12.0,66,10.6,5.12,10.81,14.12,65,7.7,6.25,11.25,15.7,64,6.2,6.25,12.0,16.0
ISRG,Hoch 4,40,1.4483560385166243,2.393370171205349,4.071779826244576,7.369395705951494,10.206046684578489,12.53294604621989,15.469217674417981,40,22.5,3.62,4.38,6.08,40,12.5,3.88,5.5,8.85,40,7.5,4.0,7.19,10.1,40,7.5,4.12,8.0,12.53,40,5.0,5.38,9.62,15.28,40,2.5,5.62,11.38,16.0,40,2.5,6.5,12.94,16.0
ISRG,Hoch 5,22,0.7722420642595481,2.242299060264846,3.1648171708668418,6.837007576660276,10.300033957403379,13.411760056030467,28.427235908871893,22,27.3,2.88,4.94,5.25,22,13.6,3.0,4.94,7.28,22,4.5,3.0,6.62,10.23,22,0.0,3.0,7.0,10.23,22,0.0,3.25,8.0,14.53,22,0.0,4.38,9.56,14.98,22,0.0,4.38,10.19,15.23
ISRG,Hoch 6,13,1.6197754807617728,2.742248094494114,3.1935707410350216,6.88761297039898,12.175411542264294,19.503725723153956,29.517800130939776,13,46.2,2.75,4.75,7.15,13,23.1,3.0,5.75,8.95,13,15.4,3.0,6.75,12.1,13,15.4,3.0,6.75,13.3,13,7.7,3.0,8.5,13.3,13,7.7,3.75,8.5,13.3,13,7.7,3.75,9.5,15.65
ISRG,Hoch 7,5,1.8261795696367453,2.635426374893821,4.809121279764504,7.107715207968887,21.0360493017126,25.678827332960495,30.321605364208402,5,0.0,3.0,3.75,4.65,5,0.0,4.75,5.75,8.45,5,0.0,4.75,7.0,12.4,5,0.0,4.75,11.25,14.1,5,0.0,4.75,11.25,14.1,5,0.0,4.75,11.25,14.1,5,0.0,4.75,12.75,14.7
ISRG,Hoch 8,3,4.01338047165716,5.001812360702706,5.990244249748253,6.520966233030416,6.839399422999714,6.945543819656146,7.051688216312579,3,0.0,4.0,5.5,6.4,3,0.0,5.75,6.38,6.75,3,0.0,5.75,6.38,6.75,3,0.0,7.0,8.12,8.8,3,0.0,7.0,8.12,8.8,3,0.0,7.0,8.12,8.8,3,0.0,7.0,8.75,9.8
ISRG,Hoch 9,3,4.45155430317497,6.079714210413121,7.70787411765127,8.055048900396248,8.263353770043233,8.332788726592227,8.402223683141223,3,66.7,6.5,7.38,7.9,3,33.3,7.25,7.75,8.05,3,33.3,7.5,7.88,8.1,3,33.3,8.25,9.0,9.45,3,33.3,8.25,9.0,9.45,3,33.3,8.25,9.0,9.45,3,33.3,8.25,9.38,10.05
JNJ,alle,519,0.7444540741704238,2.4638396963448157,4.116414720367524,7.165680972013826,11.014270427719993,14.496058967904798,23.668497738996763,519,28.3,2.75,4.5,6.75,519,17.3,3.5,5.75,9.25,519,11.9,4.0,7.0,10.8,518,8.5,4.5,7.75,11.75,514,5.6,5.38,8.5,13.75,504,4.4,6.0,9.5,14.67,498,3.4,6.25,10.25,16.0
JNJ,Hoch 1,244,0.8627473169811978,2.4699969221015468,3.845626689886529,6.586832868413534,9.740363514961546,13.368682259212903,23.576924506867368,244,28.7,2.75,4.25,6.95,244,16.4,3.25,5.5,8.5,244,11.9,3.75,6.5,9.68,243,9.1,4.25,7.25,10.5,240,5.8,4.75,8.06,11.52,238,5.5,5.5,9.0,13.83,237,3.4,5.5,9.5,16.0
JNJ,Hoch 2,119,0.9059436327287491,2.3976023068990737,4.0521562938801345,6.305800308998544,10.12021795790175,11.407256822266287,19.725560446959232,119,29.4,2.75,4.62,6.05,119,19.3,3.5,5.25,8.25,119,12.6,4.0,6.12,10.05,119,8.4,4.5,7.25,10.55,118,4.2,5.25,8.25,11.82,117,2.6,6.0,9.5,12.75,116,2.6,6.25,10.5,14.88
JNJ,Hoch 3,60,0.9911611202393563,2.4989812761311265,4.324195874879463,6.9035907141996695,10.962330887891344,12.349204928211455,15.14285734349341,60,23.3,2.75,4.12,5.78,60,15.0,3.88,5.5,7.38,60,11.7,4.12,6.75,10.83,60,5.0,4.88,7.31,11.58,60,5.0,6.25,9.12,12.6,60,3.3,6.75,10.12,13.28,59,3.4,7.0,12.12,15.6
JNJ,Hoch 4,38,1.2235748299241533,2.704025053915208,4.712630629679621,8.03156707023805,13.987343878374592,14.516983085014648,18.307230636797424,38,31.6,2.62,3.94,5.95,38,21.1,3.62,6.94,9.23,38,15.8,4.62,7.88,13.83,38,13.2,5.5,9.44,14.23,38,13.2,6.62,9.75,14.98,37,8.1,6.75,10.0,15.05,37,8.1,6.75,13.75,16.0
JNJ,Hoch 5,19,0.9764796892731963,2.6023107262376497,6.2131870158135545,11.858582455673055,16.262470732587506,18.5931159884758,21.237109805771876,19,36.8,2.5,4.38,9.8,19,21.1,4.0,9.5,13.7,19,5.3,6.0,11.62,15.8,19,5.3,7.25,11.62,15.8,19,5.3,8.5,13.5,16.0,18,5.6,8.88,13.62,16.0,17,5.9,9.5,15.75,16.0
JNJ,Hoch 6,12,0.7444540741704238,2.3413281213866584,7.904141187091033,10.467060036231793,19.384663822725905,21.15260173100099,22.423319255522244,12,33.3,2.38,4.06,5.38,12,16.7,3.88,10.31,15.68,12,16.7,7.75,10.31,15.68,12,16.7,7.75,10.38,15.7,12,8.3,7.75,10.38,15.7,11,0.0,9.5,11.25,16.0,10,0.0,9.5,12.12,16.0
JNJ,Hoch 7,8,1.1949524540120127,2.7402526320903204,4.335539598639237,11.378272986051606,22.9919692312476,23.330233485122182,23.668497738996763,8,0.0,2.0,3.5,7.17,8,0.0,3.25,9.62,16.0,8,0.0,4.25,9.62,16.0,8,0.0,4.25,9.62,16.0,8,0.0,4.25,9.62,16.0,7,0.0,3.75,11.75,16.0,6,0.0,5.62,13.88,16.0
JNJ,Hoch 8,7,1.3950173602523945,3.6182309569697253,7.155815512688853,14.86853141423303,21.90276059856677,22.005773554539292,22.108786510511816,7,14.3,3.0,5.62,8.4,7,14.3,6.0,11.88,16.0,7,0.0,7.0,11.88,16.0,7,0.0,7.0,11.88,16.0,7,0.0,7.0,11.88,16.0,6,0.0,6.0,13.94,16.0,6,0.0,6.0,13.94,16.0
JNJ,Hoch 9,5,1.1144536309105801,3.434920177778751,7.163753957393806,7.3354237002398435,7.336422375754989,7.336755267593371,7.337088159431753,5,40.0,4.0,4.75,6.25,5,40.0,6.25,7.0,7.15,5,20.0,7.0,7.25,7.25,5,20.0,7.0,7.25,7.25,5,0.0,7.0,7.25,7.25,4,0.0,5.88,7.06,7.17,4,0.0,5.88,7.06,7.17
JNJ,Hoch 10,3,1.6951063339912873,2.093684722648282,2.4922631113052773,5.250129756194005,6.904849743127241,7.456423072104986,8.007996401082732,3,33.3,2.25,3.5,4.25,3,33.3,2.25,4.62,6.05,3,33.3,2.25,5.12,6.85,3,0.0,2.25,5.12,6.85,3,0.0,6.25,7.12,7.65,2,0.0,3.88,5.06,5.78,2,0.0,3.88,5.06,5.78
JNJ,Hoch 11,2,2.6042024056825026,2.6502036097881994,2.696204813893896,2.7422060179995933,2.7698067404630113,2.7790069812841507,2.78820722210529,2,0.0,2.12,2.31,2.42,2,0.0,2.62,2.69,2.73,2,0.0,2.62,2.69,2.73,2,0.0,2.62,2.69,2.73,2,0.0,4.62,5.56,6.12,2,0.0,4.62,5.56,6.12,2,0.0,4.62,5.56,6.12
JNJ,Hoch 12,1,2.795393755696954,2.795393755696954,2.795393755696954,2.795393755696954,2.795393755696954,2.795393755696954,2.795393755696954,1,0.0,1.5,1.5,1.5,1,0.0,2.75,2.75,2.75,1,0.0,2.75,2.75,2.75,1,0.0,2.75,2.75,2.75,1,0.0,2.75,2.75,2.75,1,0.0,2.75,2.75,2.75,1,0.0,2.75,2.75,2.75
JNJ,Hoch 13,1,8.168775487469055,8.168775487469055,8.168775487469055,8.168775487469055,8.168775487469055,8.168775487469055,8.168775487469055,1,100.0,8.0,8.0,8.0,1,0.0,8.0,8.0,8.0,1,0.0,8.0,8.0,8.0,1,0.0,8.0,8.0,8.0,1,0.0,8.0,8.0,8.0,1,0.0,8.0,8.0,8.0,1,0.0,8.0,8.0,8.0
JPM,alle,595,0.5380632830525032,2.3762498678140527,3.8740321461155074,6.692344668634314,11.852132526522224,14.808672366785524,38.13129826554234,595,24.7,2.75,4.25,6.5,595,14.5,3.25,5.25,8.9,595,11.4,3.75,6.5,11.75,593,10.1,4.25,7.5,13.5,589,6.6,4.75,9.0,15.25,577,4.9,5.5,11.0,16.0,571,2.3,6.5,13.25,16.0
JPM,Hoch 1,279,0.6698194646102786,2.29333671400369,3.660591520762202,6.208933993218626,11.401553769484293,14.861956232540038,38.13129826554234,279,26.5,2.5,4.0,6.3,279,16.1,3.25,5.25,9.3,279,12.9,3.5,6.12,11.3,279,11.5,4.0,7.25,13.3,277,8.3,4.75,8.75,14.75,270,5.6,5.62,10.69,16.0,266,2.3,7.0,11.94,16.0
JPM,Hoch 2,142,0.5380632830525032,2.4245338959560683,4.041109432967936,7.143873333955694,12.378380562372843,15.619893933170516,37.737865999717584,142,25.4,2.75,4.25,6.75,142,16.2,3.5,5.75,8.73,142,12.7,4.0,7.0,12.25,141,10.6,4.25,7.5,13.75,140,6.4,5.25,8.88,15.05,137,4.4,6.25,10.75,16.0,135,3.0,8.0,13.25,16.0
JPM,Hoch 3,79,0.6209480300418491,2.306682185137645,4.032942389618391,7.182097218893071,12.865239830444928,14.510319958087454,31.49418719286052,79,21.5,2.75,4.12,6.5,79,12.7,3.25,5.25,9.05,79,10.1,4.0,7.12,12.8,78,10.3,4.25,7.94,13.65,77,5.2,4.5,11.25,15.85,75,5.3,6.0,13.75,16.0,75,2.7,6.5,15.88,16.0
JPM,Hoch 4,42,0.8787879843621647,2.4950431995379483,4.020233984654447,5.7539536041535815,8.403395874022943,12.758808329977747,19.789177913619465,42,21.4,3.0,4.75,5.5,42,9.5,3.5,4.94,6.2,42,4.8,3.88,5.69,8.35,42,4.8,4.5,6.81,12.97,42,2.4,5.12,9.31,15.25,42,2.4,5.12,12.0,16.0,42,2.4,5.5,12.94,16.0
JPM,Hoch 5,23,1.0290242785665444,2.409316526223191,3.7838954124697235,6.797908084451625,12.77310565799039,14.68179725984895,19.811010180104766,23,21.7,2.5,4.12,6.3,23,13.0,3.25,5.25,7.8,23,13.0,3.75,6.62,12.6,23,13.0,5.5,10.88,15.75,23,8.7,5.5,12.75,15.75,23,8.7,5.5,14.5,16.0,23,0.0,8.25,15.38,16.0
JPM,Hoch 6,17,1.155569150093011,2.7201054719943945,4.234287264919453,7.436182444023124,10.663723183211653,13.418213971182604,20.997540105054142,17,17.6,3.0,4.25,5.65,17,5.9,4.0,4.75,8.35,17,5.9,4.0,7.25,10.6,17,0.0,4.25,7.25,11.2,17,0.0,5.0,7.5,13.9,17,0.0,5.0,11.0,16.0,17,0.0,6.5,16.0,16.0
JPM,Hoch 7,6,1.2651106600824527,2.5977005897746,4.110668086852649,5.267806408608655,7.001060078376802,7.799560289823248,8.598060501269693,6,16.7,3.25,4.44,6.62,6,0.0,4.0,4.75,6.62,6,0.0,4.0,5.12,6.88,6,0.0,4.0,6.25,7.62,6,0.0,4.0,7.0,8.38,6,0.0,4.0,7.38,8.62,6,0.0,6.0,8.75,12.5
JPM,Hoch 8,3,1.4197228221155471,2.3470106308883,3.274298439661053,5.0469440858505115,6.110531473564187,6.465060602802079,6.8195897320399705,3,33.3,3.25,5.0,6.05,3,0.0,3.25,5.0,6.05,3,0.0,3.25,5.0,6.05,3,0.0,3.25,5.0,6.05,3,0.0,3.25,5.0,6.05,3,0.0,3.25,5.0,6.05,3,0.0,3.25,5.0,6.05
JPM,Hoch 9,2,3.9113632943064447,4.696702347635709,5.482041400964974,6.267380454294239,6.7385838862917975,6.89565169695765,7.052719507623503,2,50.0,5.0,6.0,6.6,2,0.0,5.0,6.0,6.6,2,0.0,5.38,6.19,6.67,2,0.0,5.38,6.19,6.67,2,0.0,5.38,6.19,6.67,2,0.0,5.38,6.19,6.67,2,0.0,5.38,6.19,6.67
JPM,Hoch 10,1,4.5149429871954485,4.5149429871954485,4.5149429871954485,4.5149429871954485,4.5149429871954485,4.5149429871954485,4.5149429871954485,1,0.0,3.75,3.75,3.75,1,0.0,4.0,4.0,4.0,1,0.0,4.5,4.5,4.5,1,0.0,4.5,4.5,4.5,1,0.0,4.5,4.5,4.5,1,0.0,4.5,4.5,4.5,1,0.0,4.5,4.5,4.5
JPM,Hoch 11,1,4.735723080687756,4.735723080687756,4.735723080687756,4.735723080687756,4.735723080687756,4.735723080687756,4.735723080687756,1,0.0,4.0,4.0,4.0,1,0.0,4.5,4.5,4.5,1,0.0,4.5,4.5,4.5,1,0.0,4.5,4.5,4.5,1,0.0,4.5,4.5,4.5,1,0.0,4.5,4.5,4.5,1,0.0,4.5,4.5,4.5
KDP,alle,502,0.7148618173132195,2.537962548660533,3.886402522659707,6.170359458140643,9.243820598838695,12.23117233509643,29.774645021432516,502,28.5,2.75,4.0,6.5,502,16.7,3.5,5.5,8.0,502,12.9,3.75,6.0,9.23,499,9.8,4.0,6.5,10.1,493,6.5,4.75,7.75,11.5,487,3.3,5.25,9.0,14.0,480,2.7,5.75,9.5,14.25
KDP,Hoch 1,237,0.7149120823997986,2.511128924876381,3.764644508728417,5.86144097654699,9.303121285464286,12.056732903715043,29.774645021432516,237,29.5,2.75,4.0,6.6,237,16.5,3.25,5.25,8.0,237,12.7,3.75,5.75,9.25,237,9.7,4.0,6.25,9.85,234,5.6,4.75,7.75,11.5,230,3.5,5.38,9.0,14.02,226,2.2,5.75,9.5,14.25
KDP,Hoch 2,120,0.8925711168685647,2.6352110492443552,3.9816654774564846,6.308754526214364,8.749745659777181,12.157484641532175,18.857963012737123,120,28.3,2.75,4.0,5.3,120,16.7,3.5,5.31,7.5,120,12.5,3.88,6.25,8.53,119,7.6,4.5,6.62,9.35,118,5.9,4.88,7.94,11.82,117,2.6,5.5,9.5,14.1,115,2.6,6.0,9.75,14.15
KDP,Hoch 3,69,0.7148618173132195,2.1801166692086187,3.7621632390296127,6.628208132549409,9.149927222125244,13.931531795060566,20.775281300272052,69,27.5,2.75,4.0,7.0,69,18.8,3.5,5.75,8.05,69,13.0,3.75,6.5,9.05,68,10.3,4.12,7.06,10.08,67,9.0,4.75,7.62,12.5,66,3.0,5.25,8.56,13.5,65,3.1,5.75,9.25,13.55
KDP,Hoch 4,36,1.037585751816122,2.3622970580818534,4.130167315519005,6.200807901496436,8.890028669639204,10.887334920057445,13.12813232484565,36,25.0,3.0,3.81,5.12,36,13.9,3.62,5.12,6.75,36,13.9,4.0,6.06,8.75,35,14.3,4.0,6.5,10.05,34,11.8,4.12,7.69,10.3,34,2.9,4.75,8.88,10.93,34,2.9,5.0,9.19,12.57
KDP,Hoch 5,21,1.1308924043693012,2.6355999707403606,4.446882424991197,7.408327770342958,10.572931451302022,10.678870698068964,20.195421271859214,21,33.3,2.75,5.25,7.25,21,23.8,4.0,5.75,10.5,21,19.0,4.25,7.25,10.5,21,14.3,4.25,7.25,10.5,21,4.8,4.5,8.0,10.5,21,4.8,5.25,10.5,10.75,21,4.8,5.25,10.5,12.75
KDP,Hoch 6,10,1.2810630974071533,3.4748962318256686,4.9705949689681255,5.675083012469732,8.0576532379221,14.092285571510462,20.12691790509885,10,30.0,4.88,5.44,5.8,10,10.0,4.88,5.5,7.05,10,10.0,4.88,5.5,7.45,10,10.0,4.88,5.5,7.45,10,0.0,5.12,5.5,9.02,10,0.0,5.12,5.5,11.95,10,0.0,5.12,5.5,13.3
KDP,Hoch 7,5,2.7233156797051867,2.787522265919056,2.872642341924145,5.752482457345818,7.268263162903208,7.773523398089004,8.278783633274802,5,20.0,2.75,2.75,5.15,5,20.0,2.75,5.75,7.25,5,20.0,2.75,5.75,7.25,5,20.0,4.0,5.75,7.25,5,20.0,5.0,8.25,9.15,5,20.0,5.0,8.25,11.4,5,20.0,8.25,14.75,15.5
KDP,Hoch 8,2,3.200681629445049,3.219011025273998,3.237340421102947,3.255669816931896,3.2666674544292658,3.2703333335950555,3.2739992127608453,2,0.0,2.0,2.25,2.4,2,0.0,2.75,2.88,2.95,2,0.0,3.12,3.19,3.23,2,0.0,4.12,4.69,5.03,2,0.0,4.38,4.81,5.08,2,0.0,4.38,4.81,5.08,2,0.0,10.5,12.75,14.1
KDP,Hoch 9,1,4.141306750494192,4.141306750494192,4.141306750494192,4.141306750494192,4.141306750494192,4.141306750494192,4.141306750494192,1,0.0,3.25,3.25,3.25,1,0.0,4.0,4.0,4.0,1,0.0,4.0,4.0,4.0,1,0.0,4.5,4.5,4.5,1,0.0,4.5,4.5,4.5,1,0.0,4.5,4.5,4.5,1,0.0,6.75,6.75,6.75
KDP,Hoch 10,1,5.792528952430481,5.792528952430481,5.792528952430481,5.792528952430481,5.792528952430481,5.792528952430481,5.792528952430481,1,0.0,4.75,4.75,4.75,1,0.0,5.75,5.75,5.75,1,0.0,5.75,5.75,5.75,1,0.0,6.25,6.25,6.25,1,0.0,6.25,6.25,6.25,1,0.0,6.25,6.25,6.25,1,0.0,9.0,9.0,9.0
KHC,alle,306,0.6969815170203605,3.0547045681263034,5.3374193430319945,8.32800977928857,11.577966697739969,14.401843831133515,24.71983913866581,306,34.6,3.25,5.25,7.5,306,26.8,4.75,7.0,9.88,306,20.3,5.25,8.25,11.5,304,18.1,6.25,9.25,13.42,299,14.4,7.0,10.75,16.0,295,11.2,9.0,12.5,16.0,288,10.1,10.0,14.75,16.0
KHC,Hoch 1,168,0.8111064063850857,3.028104058940044,5.116071929233929,8.375684427601204,11.48476560766733,14.70779056410458,22.328785387083546,168,33.3,3.25,5.25,8.25,168,28.6,4.75,7.0,9.83,168,18.5,5.0,8.25,11.33,167,16.8,5.75,9.25,13.35,164,14.0,7.38,10.75,16.0,161,10.6,9.25,12.25,16.0,156,10.9,10.5,15.38,16.0
KHC,Hoch 2,70,0.6969815170203605,3.029097637183199,5.550579527338041,8.09939571089778,11.68752438613415,13.164859921168027,20.046428664166697,70,28.6,2.88,4.44,6.78,70,21.4,4.25,6.69,9.03,70,17.1,5.5,7.94,11.55,70,14.3,6.12,8.5,13.05,68,10.3,6.88,9.81,16.0,67,9.0,8.25,12.38,16.0,65,6.2,10.0,14.0,16.0
KHC,Hoch 3,36,0.9056490632980129,4.1514663895953765,6.862462567064169,8.97161198820297,12.589178575338671,16.235642829712408,22.262768454800952,36,44.4,4.12,5.62,6.62,36,33.3,5.38,7.38,10.88,36,33.3,6.75,8.94,12.5,35,34.3,7.25,10.12,13.4,35,25.7,8.5,11.25,16.0,35,20.0,9.25,15.25,16.0,35,17.1,9.25,15.5,16.0
KHC,Hoch 4,19,1.3426730973432424,3.853213024430705,6.715618646708325,9.19257596276416,13.265870825900814,16.88019156418141,24.71983913866581,19,52.6,3.5,5.88,7.4,19,31.6,6.5,8.0,12.0,19,31.6,6.5,9.0,13.2,19,26.3,7.5,10.88,16.0,19,21.1,8.0,13.12,16.0,19,15.8,8.0,15.12,16.0,19,10.5,9.75,15.12,16.0
KHC,Hoch 5,6,1.8508697889901862,2.9483347834353726,4.830222950692434,8.554100354557809,9.637103522221729,9.8084375946303,9.979771667038873,6,50.0,4.25,6.0,7.38,6,16.7,4.75,8.5,9.5,6,16.7,4.75,8.5,9.5,6,0.0,4.88,8.5,9.5,6,0.0,5.12,8.88,10.75,6,0.0,7.88,11.12,13.75,6,0.0,9.12,14.75,15.88
KHC,Hoch 6,3,2.1861577531861784,3.214698892913222,4.243240032640265,5.56557894220763,6.358982287948049,6.623450069861521,6.887917851774994,3,33.3,2.0,4.38,5.8,3,0.0,2.75,4.75,5.95,3,0.0,4.0,5.38,6.2,3,0.0,4.5,5.62,6.3,3,0.0,6.0,6.38,6.6,3,0.0,8.75,10.12,10.95,3,0.0,8.75,11.62,13.35
KHC,Hoch 7,2,2.7889042894597607,3.2529250464418125,3.7169458034238647,4.180966560405917,4.459379014595148,4.552183165991559,4.644987317387969,2,0.0,2.0,2.12,2.2,2,0.0,2.38,2.69,2.88,2,0.0,3.62,4.06,4.33,2,0.0,5.0,5.12,5.2,2,0.0,5.88,5.94,5.97,2,0.0,10.25,11.0,11.45,2,0.0,11.75,13.25,14.15
KHC,Hoch 8,1,3.188627128556169,3.188627128556169,3.188627128556169,3.188627128556169,3.188627128556169,3.188627128556169,3.188627128556169,1,0.0,1.75,1.75,1.75,1,0.0,1.75,1.75,1.75,1,0.0,3.0,3.0,3.0,1,0.0,5.75,5.75,5.75,1,0.0,6.75,6.75,6.75,1,0.0,9.5,9.5,9.5,1,0.0,9.5,9.5,9.5
KHC,Hoch 9,1,3.574800181963997,3.574800181963997,3.574800181963997,3.574800181963997,3.574800181963997,3.574800181963997,3.574800181963997,1,0.0,2.25,2.25,2.25,1,0.0,2.25,2.25,2.25,1,0.0,3.5,3.5,3.5,1,0.0,6.5,6.5,6.5,1,0.0,7.25,7.25,7.25,1,0.0,10.25,10.25,10.25,1,0.0,10.25,10.25,10.25
KLAC,alle,598,0.5722112248319126,2.3621227180380373,4.137241653298817,6.1013064119573475,8.90106375834675,11.005995914233646,23.354677367357397,598,22.9,2.75,4.25,6.0,598,13.0,3.5,5.5,7.83,598,9.7,4.0,6.0,8.75,593,7.4,4.25,6.75,10.0,587,5.5,4.75,7.75,11.5,575,4.3,5.25,9.0,13.0,565,3.2,5.75,9.75,14.25
KLAC,Hoch 1,286,0.5722112248319126,2.092294328365395,3.9840075135101296,5.976183932015945,8.744178868774103,11.113874783934447,23.354677367357397,286,20.6,2.75,4.19,5.5,286,13.6,3.25,5.25,7.5,286,10.8,3.75,5.75,8.62,284,8.1,4.0,6.75,10.18,281,6.8,4.5,8.0,11.25,277,5.8,5.0,8.75,13.0,271,4.4,5.5,9.25,14.5
KLAC,Hoch 2,144,0.7787577154659107,2.567118432946873,4.0091885657302795,5.991168835908237,8.794490105330592,10.273004211104235,18.45977456039459,144,19.4,2.75,4.25,6.0,144,8.3,3.5,5.56,8.1,144,6.2,3.88,5.81,8.68,143,5.6,4.25,6.25,9.45,141,5.0,4.5,7.25,11.0,138,3.6,5.0,8.88,12.75,135,2.2,5.75,9.5,13.25
KLAC,Hoch 3,78,0.640746287814445,2.710695746256855,4.638338892060323,6.192380400745492,10.106603213375577,12.153604840254205,19.410665264184274,78,34.6,3.5,4.75,6.9,78,19.2,4.25,5.44,9.07,78,14.1,4.5,6.19,10.05,77,10.4,4.5,6.25,11.1,76,3.9,5.0,8.44,12.75,74,2.7,5.25,9.38,13.0,73,2.7,5.25,10.75,13.6
KLAC,Hoch 4,42,1.4200665705594366,2.5790960870008104,5.2341365241835245,6.447303215857408,9.28915077151265,11.687217028644287,21.87227391710257,42,23.8,3.0,4.94,6.25,42,11.9,4.38,6.12,7.97,42,7.1,5.12,6.25,9.1,41,2.4,5.5,7.25,10.0,41,2.4,5.5,9.25,12.5,39,0.0,6.25,10.25,14.8,39,0.0,6.25,11.12,16.0
KLAC,Hoch 5,26,0.8846102960218232,3.926342288436502,4.975430926258532,6.871564254821422,8.489327030948576,9.073850577442268,11.985336226638408,26,38.5,3.75,4.44,5.88,26,23.1,4.5,6.0,7.25,26,11.5,4.88,6.69,8.38,26,11.5,5.75,7.44,9.62,26,3.8,5.88,7.44,11.0,25,4.0,6.25,8.75,13.15,25,4.0,6.5,8.75,16.0
KLAC,Hoch 6,8,2.0110999872161526,3.454502893185641,4.157304427651498,5.437232906832898,5.928435816663558,6.0706424486914194,6.212849080719282,8,25.0,3.5,4.06,4.7,8,0.0,3.88,4.31,5.4,8,0.0,4.0,5.38,5.83,8,0.0,4.0,5.88,6.4,8,0.0,5.12,6.38,6.75,8,0.0,6.0,7.25,10.85,8,0.0,6.0,9.25,12.32
KLAC,Hoch 7,4,1.6298168443284373,2.885643819079558,3.5836387956137,4.505304315567076,5.661407478572371,6.046775199574134,6.4321429205759,4,0.0,2.0,2.31,2.88,4,0.0,2.0,2.44,3.23,4,0.0,3.5,4.38,5.5,4,0.0,3.88,4.56,5.58,4,0.0,4.75,5.88,6.1,4,0.0,5.0,6.94,8.18,4,0.0,5.0,6.94,8.18
KLAC,Hoch 8,2,2.105592322870696,2.5554779375565078,3.0053635522423194,3.4552491669281316,3.7251805357396184,3.815157658676781,3.9051347816139432,2,0.0,1.5,1.75,1.9,2,0.0,2.12,2.19,2.23,2,0.0,2.88,3.31,3.58,2,0.0,3.25,3.88,4.25,2,0.0,5.75,7.62,8.75,2,0.0,6.0,8.0,9.2,2,0.0,6.0,8.0,9.2
KLAC,Hoch 9,2,1.0274770224133838,3.2376267386571405,5.447776454900898,7.657926171144654,8.98401600089091,9.42604594413966,9.868075887388411,2,0.0,3.5,4.75,5.5,2,0.0,4.88,6.81,7.98,2,0.0,5.38,7.56,8.88,2,0.0,6.5,9.25,10.9,2,0.0,8.5,12.25,14.5,2,0.0,8.5,12.25,14.5,2,0.0,8.5,12.25,14.5
KLAC,Hoch 10,2,1.5443466627597404,3.2026841765543104,4.861021690348879,6.519359204143449,7.514361712420191,7.846029215179105,8.17769671793802,2,50.0,3.5,4.5,5.1,2,50.0,4.38,5.81,6.67,2,50.0,4.75,6.38,7.35,2,50.0,5.62,7.69,8.93,2,50.0,7.25,9.88,11.45,2,50.0,7.38,10.06,11.68,2,0.0,7.38,10.06,11.68
KLAC,Hoch 11,1,1.7541977649649687,1.7541977649649687,1.7541977649649687,1.7541977649649687,1.7541977649649687,1.7541977649649687,1.7541977649649687,1,0.0,1.75,1.75,1.75,1,0.0,1.75,1.75,1.75,1,0.0,1.75,1.75,1.75,1,0.0,1.75,1.75,1.75,1,0.0,2.5,2.5,2.5,1,0.0,2.5,2.5,2.5,1,0.0,2.5,2.5,2.5
KLAC,Hoch 12,1,2.403036849350526,2.403036849350526,2.403036849350526,2.403036849350526,2.403036849350526,2.403036849350526,2.403036849350526,1,0.0,2.25,2.25,2.25,1,0.0,2.25,2.25,2.25,1,0.0,2.25,2.25,2.25,1,0.0,4.0,4.0,4.0,1,0.0,6.0,6.0,6.0,1,0.0,6.0,6.0,6.0,1,0.0,6.0,6.0,6.0
KLAC,Hoch 13,1,2.343957453012245,2.343957453012245,2.343957453012245,2.343957453012245,2.343957453012245,2.343957453012245,2.343957453012245,1,0.0,2.25,2.25,2.25,1,0.0,2.25,2.25,2.25,1,0.0,2.25,2.25,2.25,1,0.0,4.0,4.0,4.0,1,0.0,6.0,6.0,6.0,1,0.0,6.0,6.0,6.0,1,0.0,6.0,6.0,6.0
KLAC,Hoch 14,1,4.471582833099874,4.471582833099874,4.471582833099874,4.471582833099874,4.471582833099874,4.471582833099874,4.471582833099874,1,0.0,2.5,2.5,2.5,1,0.0,2.5,2.5,2.5,1,0.0,4.25,4.25,4.25,1,0.0,6.0,6.0,6.0,1,0.0,6.25,6.25,6.25,1,0.0,6.25,6.25,6.25,1,0.0,6.25,6.25,6.25
KO,alle,519,0.668912763871944,2.261972116138864,3.7520428118691327,5.805595962972479,8.743399220868788,11.318766495489077,40.689804608007194,519,27.9,2.75,4.0,6.0,519,17.3,3.25,5.25,7.75,519,13.7,3.75,5.75,8.55,518,11.4,3.75,6.0,9.25,511,7.6,4.0,6.88,11.25,504,4.6,4.5,8.0,13.42,501,3.6,5.0,8.75,14.5
KO,Hoch 1,230,0.668912763871944,2.0623227348527573,3.386367490237735,5.563117854882995,8.731726551130894,11.381673576203355,40.689804608007194,230,25.2,2.5,3.69,5.52,230,16.5,3.0,4.5,7.0,230,13.9,3.25,5.44,8.52,229,11.8,3.5,5.75,9.5,226,8.4,3.5,6.5,11.25,224,5.4,4.25,7.56,13.25,222,4.5,4.5,8.19,13.98
KO,Hoch 2,133,0.7731355932366042,2.3565075494316097,3.945698078684563,5.745666133826384,7.931716705296399,10.152854275878163,31.13487122937932,133,30.8,2.75,4.25,5.75,133,17.3,3.5,5.5,7.25,133,15.0,3.75,5.5,7.75,133,12.0,4.0,6.0,9.2,131,6.1,4.25,6.25,9.75,129,3.9,4.75,7.5,11.8,128,1.6,5.25,7.81,13.57
KO,Hoch 3,67,1.154459973916954,2.406019272103383,4.239504889373824,5.871995173840438,8.747599208762685,12.868409142325698,36.06711185208761,67,31.3,3.0,5.0,7.1,67,16.4,3.75,5.5,7.6,67,10.4,4.0,5.75,8.65,67,9.0,4.25,6.0,9.55,65,7.7,4.5,7.25,11.05,64,1.6,5.38,8.62,11.6,64,1.6,5.62,9.56,11.93
KO,Hoch 4,38,1.1716582742672594,2.705803185156183,4.589695286506689,7.049667396765802,8.531216219874219,16.124224315997747,37.83179760975914,38,26.3,3.25,4.5,7.73,38,13.2,4.0,6.62,8.25,38,10.5,4.5,6.81,8.33,38,7.9,4.5,6.94,8.33,38,7.9,4.5,8.06,13.0,37,5.4,5.0,11.75,15.55,37,5.4,5.25,12.75,16.0
KO,Hoch 5,25,1.0686744306935536,2.075308597013929,5.3224313586937,7.594502002701962,9.062532124576071,9.18999385439141,9.696353695808073,25,40.0,3.0,5.25,8.35,25,40.0,3.5,6.0,8.9,25,24.0,5.25,7.5,8.9,25,20.0,5.25,7.75,8.9,25,16.0,5.25,7.75,9.4,24,12.5,6.62,9.31,13.45,24,12.5,7.62,13.0,16.0
KO,Hoch 6,11,1.1266836399167193,1.4889970465988895,4.859855938645442,6.903514259993171,8.494649194868886,11.117855780394649,13.741062365920413,11,36.4,1.5,4.0,5.0,11,27.3,4.25,6.0,7.0,11,18.2,4.75,6.75,8.25,11,18.2,4.75,6.75,8.25,11,0.0,4.75,6.88,8.25,11,0.0,4.75,8.0,11.5,11,0.0,4.75,11.12,14.75
KO,Hoch 7,5,1.5173775485870507,2.0623550393341743,2.643251504016963,4.2516625634168355,5.1911542049386865,5.50431808544597,5.817481965953254,5,0.0,2.0,2.5,2.5,5,0.0,2.5,4.25,5.15,5,0.0,2.5,4.25,5.15,5,0.0,2.5,4.25,5.15,5,0.0,2.5,4.25,5.3,5,0.0,2.5,4.25,8.45,5,0.0,3.75,4.25,11.3
KO,Hoch 8,5,1.5194794612333684,2.812611675226297,4.095767347256229,4.404333199185818,6.1763382970299645,6.767006662978012,7.357675028926062,5,0.0,1.75,2.75,2.9,5,0.0,4.0,4.25,6.05,5,0.0,4.0,4.25,6.05,5,0.0,4.0,4.25,6.05,5,0.0,4.0,4.25,6.35,5,0.0,4.25,6.25,10.75,5,0.0,4.25,7.25,12.5
KO,Hoch 9,4,2.763392849363398,3.703857834335495,4.153843378809093,5.351906697108156,7.262725680977256,7.899665342266952,8.536605003556653,4,0.0,3.5,3.75,3.75,4,0.0,4.12,5.31,7.23,4,0.0,4.12,5.31,7.23,4,0.0,4.12,5.31,7.23,4,0.0,4.12,6.0,9.15,4,0.0,5.75,9.31,13.03,4,0.0,6.25,10.19,13.68
KO,Hoch 10,1,4.610923977454502,4.610923977454502,4.610923977454502,4.610923977454502,4.610923977454502,4.610923977454502,4.610923977454502,1,100.0,4.5,4.5,4.5,1,0.0,4.5,4.5,4.5,1,0.0,4.5,4.5,4.5,1,0.0,4.5,4.5,4.5,1,0.0,4.5,4.5,4.5,1,0.0,4.5,4.5,4.5,1,0.0,4.5,4.5,4.5
LIN,alle,567,0.6179686271051831,2.157198712743328,3.7310016302860585,6.429571913442194,9.402695921860763,13.503371965614644,27.401451686869244,567,24.3,2.75,4.25,6.5,567,12.7,3.25,5.25,8.5,566,8.7,3.5,6.25,9.38,564,6.2,4.0,6.75,11.0,558,4.5,4.25,7.75,13.33,553,4.0,4.75,8.5,14.75,549,3.3,5.25,9.25,16.0
LIN,Hoch 1,246,0.7863050802847273,1.9082755865397822,3.442403386377586,5.53593739518294,8.797125661298782,13.646283728861658,25.114318910757646,246,24.4,2.75,4.19,6.12,246,13.0,3.0,5.0,8.0,246,8.1,3.25,5.44,8.75,245,6.5,3.25,5.75,9.7,244,5.3,3.75,6.56,13.0,243,4.5,4.25,7.75,14.85,239,3.3,4.5,8.62,15.1
LIN,Hoch 2,141,0.6179686271051831,2.2723285827362893,3.8177744300357572,5.791836389907354,8.625655912697054,10.531975438507741,20.74218052468308,141,24.1,2.5,4.25,5.75,141,12.1,3.25,5.25,7.25,141,9.2,3.75,5.75,8.5,140,7.1,4.0,5.81,9.0,138,6.5,4.25,7.0,12.25,137,5.8,4.75,7.75,15.6,137,5.1,5.0,8.5,15.85
LIN,Hoch 3,78,0.7366326236902551,2.568336144274671,3.7536717310283874,6.119216248401788,8.864592927140736,11.31781048753455,24.382388285518587,78,20.5,2.75,4.25,5.5,78,11.5,3.25,4.75,7.57,77,9.1,3.5,5.75,8.85,77,5.2,4.25,6.5,9.15,75,1.3,4.5,7.88,11.25,74,1.4,4.88,8.19,14.03,74,1.4,5.25,9.44,15.63
LIN,Hoch 4,43,0.9556496657517447,2.6632637410420905,4.483014994021835,7.477189231257746,9.754457996686845,12.127180465138697,24.927776097173997,43,30.2,3.0,5.0,8.4,43,14.0,4.0,6.0,8.7,43,9.3,4.25,7.38,9.7,43,7.0,5.5,8.75,10.85,42,2.4,6.0,9.44,14.62,41,2.4,6.5,10.25,14.75,41,2.4,6.5,11.25,16.0
LIN,Hoch 5,28,1.55657286065171,2.8004425058165614,5.1108576861372175,7.571277728469093,11.476189632910122,13.446830123029585,27.401451686869244,28,25.0,3.75,4.88,6.75,28,3.6,4.25,6.56,9.75,28,3.6,5.0,7.44,11.28,28,3.6,5.62,8.25,14.43,28,3.6,6.25,9.25,15.65,27,3.7,6.5,9.5,16.0,27,3.7,6.5,11.25,16.0
LIN,Hoch 6,15,1.758252750254924,3.594904024182399,7.638549596650316,8.143547324634572,12.246045380252928,14.391204792604848,14.691331778208752,15,40.0,3.75,6.25,7.6,15,33.3,5.5,8.0,9.45,15,20.0,7.5,8.0,12.15,15,6.7,8.0,8.5,14.4,15,0.0,8.0,9.0,14.4,15,0.0,8.0,9.0,14.4,15,0.0,8.0,9.62,14.5
LIN,Hoch 7,5,1.4021002099962927,3.8275553495218104,4.70003023309045,7.9522686756532455,11.747341282409575,13.012365484661684,14.277389686913795,5,0.0,2.0,4.25,10.25,5,0.0,4.5,5.75,10.85,5,0.0,4.5,7.75,11.65,5,0.0,5.75,7.75,11.65,5,0.0,6.5,9.5,12.35,5,0.0,6.5,9.5,12.35,5,0.0,6.5,9.5,12.35
LIN,Hoch 8,4,1.775252798193574,4.367111733936484,7.385063018156052,10.536032761443828,12.330581349212348,12.928764211801854,13.526947074391362,4,50.0,4.5,7.12,10.95,4,50.0,6.25,9.0,11.7,4,25.0,7.25,10.5,12.3,4,0.0,8.0,11.62,12.75,4,0.0,9.0,11.62,12.75,4,0.0,9.0,11.62,12.75,4,0.0,9.0,11.62,12.75
LIN,Hoch 9,2,1.4404001845027332,3.5448819718790237,5.649363759255314,7.753845546631604,9.016534619057378,9.437430976532635,9.858327334007894,2,0.0,2.75,3.5,3.95,2,0.0,5.5,7.62,8.9,2,0.0,5.5,7.62,8.9,2,0.0,6.25,8.75,10.25,2,0.0,6.62,8.94,10.32,2,0.0,6.62,8.94,10.32,2,0.0,6.62,8.94,10.32
LIN,Hoch 10,1,2.5807556445294852,2.5807556445294852,2.5807556445294852,2.5807556445294852,2.5807556445294852,2.5807556445294852,2.5807556445294852,1,0.0,2.0,2.0,2.0,1,0.0,2.0,2.0,2.0,1,0.0,2.5,2.5,2.5,1,0.0,2.5,2.5,2.5,1,0.0,4.0,4.0,4.0,1,0.0,4.0,4.0,4.0,1,0.0,4.0,4.0,4.0
LIN,Hoch 11,1,5.767284119622692,5.767284119622692,5.767284119622692,5.767284119622692,5.767284119622692,5.767284119622692,5.767284119622692,1,0.0,3.25,3.25,3.25,1,0.0,3.25,3.25,3.25,1,0.0,5.75,5.75,5.75,1,0.0,7.25,7.25,7.25,1,0.0,7.25,7.25,7.25,1,0.0,7.25,7.25,7.25,1,0.0,7.25,7.25,7.25
LIN,Hoch 12,1,11.062440160481728,11.062440160481728,11.062440160481728,11.062440160481728,11.062440160481728,11.062440160481728,11.062440160481728,1,0.0,7.25,7.25,7.25,1,0.0,9.25,9.25,9.25,1,0.0,11.0,11.0,11.0,1,0.0,11.0,11.0,11.0,1,0.0,11.0,11.0,11.0,1,0.0,11.0,11.0,11.0,1,0.0,11.0,11.0,11.0
LIN,Hoch 13,1,12.461199257401324,12.461199257401324,12.461199257401324,12.461199257401324,12.461199257401324,12.461199257401324,12.461199257401324,1,0.0,10.5,10.5,10.5,1,0.0,10.5,10.5,10.5,1,0.0,12.25,12.25,12.25,1,0.0,12.25,12.25,12.25,1,0.0,12.25,12.25,12.25,1,0.0,12.25,12.25,12.25,1,0.0,12.25,12.25,12.25
LIN,Hoch 14,1,11.98764349272581,11.98764349272581,11.98764349272581,11.98764349272581,11.98764349272581,11.98764349272581,11.98764349272581,1,0.0,10.25,10.25,10.25,1,0.0,10.25,10.25,10.25,1,0.0,11.75,11.75,11.75,1,0.0,11.75,11.75,11.75,1,0.0,11.75,11.75,11.75,1,0.0,11.75,11.75,11.75,1,0.0,11.75,11.75,11.75
LLY,alle,485,0.7016214124010588,2.305978707502972,3.8110296807181534,6.369519755913831,9.172007242298246,11.337658613505935,18.0958691514975,485,27.0,2.75,4.25,6.25,485,16.5,3.25,5.25,8.0,485,11.3,3.75,6.25,9.0,483,9.7,3.75,6.5,10.2,480,7.1,4.25,7.25,11.0,472,4.4,4.75,7.75,11.75,465,3.4,4.75,8.0,12.9
LLY,Hoch 1,220,0.7016214124010588,2.059994906523766,3.473209229691891,5.776827330609926,8.186477763922909,10.480682689766345,18.0958691514975,220,26.4,2.75,4.5,6.25,220,18.2,2.88,5.0,7.25,220,10.0,3.38,5.56,8.02,220,8.2,3.62,6.25,9.27,218,6.0,4.0,7.0,10.5,211,4.7,4.25,7.25,11.25,208,3.8,4.62,7.75,13.48
LLY,Hoch 2,112,0.935394869361902,2.1714920296626676,3.4226117509602325,5.385993981399177,9.177270886672005,10.78385789656101,17.750418242567243,112,22.3,2.5,4.0,5.73,112,10.7,3.0,4.5,7.93,112,9.8,3.25,5.25,9.0,112,8.9,3.38,5.75,9.98,111,6.3,3.75,6.38,10.25,110,5.5,4.0,6.94,11.03,108,2.8,4.38,7.75,11.32
LLY,Hoch 3,63,1.282750526707736,2.6360524435239046,4.150698185205133,5.588346888760286,8.479640168825027,9.718845954376679,16.056113098677585,63,25.4,2.75,3.62,5.25,63,12.7,3.0,5.25,7.65,63,12.7,4.0,5.5,8.3,62,11.3,4.25,6.25,9.7,62,9.7,4.62,6.62,10.7,62,4.8,4.88,7.62,11.5,61,4.9,5.0,7.75,12.25
LLY,Hoch 4,45,1.1411048895642373,2.7576072098432505,4.311985519355759,6.957195969834092,9.478914823486015,10.34363911826344,16.674497230412122,45,31.1,3.25,4.25,5.8,45,20.0,3.75,6.5,9.1,45,17.8,4.25,6.75,9.3,44,15.9,4.38,8.0,10.1,44,11.4,4.88,8.25,11.53,44,4.5,5.0,8.31,12.18,43,4.7,5.0,8.38,12.2
LLY,Hoch 5,24,1.3628543748785578,3.2481448197607072,5.377148785896145,8.522834596538068,11.793246224604271,12.959118976242387,13.32388257680937,24,37.5,3.25,6.25,7.92,24,12.5,3.5,7.06,10.43,24,4.2,5.25,8.31,11.6,24,4.2,5.25,9.5,12.1,24,4.2,5.75,9.5,13.18,24,0.0,5.88,10.44,13.52,24,0.0,5.88,10.44,13.52
LLY,Hoch 6,15,2.201197329528993,4.909583052416812,6.1480763088405945,8.057580246123303,11.437482744984125,11.822973720248031,12.614749339157527,15,40.0,3.5,4.75,6.15,15,33.3,6.0,7.5,10.15,15,13.3,6.0,7.88,11.25,15,13.3,6.0,8.38,11.25,15,6.7,6.75,9.5,12.0,15,0.0,6.75,11.38,12.8,15,0.0,7.25,11.38,12.8
LLY,Hoch 7,5,5.656907996560434,6.150383598582616,6.6880260856193985,8.569813872348647,8.747403876123595,8.806600544048578,8.865797211973561,5,40.0,3.0,5.25,5.4,5,40.0,6.0,7.75,8.2,5,40.0,6.5,8.5,8.65,5,40.0,8.5,8.5,8.65,5,20.0,8.5,8.5,8.65,5,0.0,8.5,8.75,9.2,5,0.0,8.5,8.75,9.2
LLY,Hoch 8,1,8.159523331283815,8.159523331283815,8.159523331283815,8.159523331283815,8.159523331283815,8.159523331283815,8.159523331283815,1,100.0,7.0,7.0,7.0,1,100.0,8.0,8.0,8.0,1,100.0,8.0,8.0,8.0,1,0.0,8.0,8.0,8.0,1,0.0,8.0,8.0,8.0,1,0.0,8.0,8.0,8.0,1,0.0,8.0,8.0,8.0
LMT,alle,544,0.6443261281645244,2.3167052833983126,4.010453545525969,6.6978885786482145,9.462663548484304,11.850751780976573,29.007827378343652,544,26.8,2.75,4.25,6.75,544,19.3,3.5,5.81,8.42,543,14.2,4.0,6.5,9.25,540,11.9,4.5,7.0,10.5,533,7.7,4.75,8.0,12.2,526,3.4,5.75,9.25,14.75,520,2.9,5.75,9.75,16.0
LMT,Hoch 1,250,0.6966035069332847,2.212212550444696,3.7633691461886976,6.152376103761361,8.938775856143527,10.52151301925039,27.927142955428977,250,25.2,2.5,4.0,6.5,250,18.4,3.25,5.5,7.77,249,12.4,3.75,6.0,8.75,248,10.9,4.0,6.56,9.83,243,6.6,4.25,7.0,10.95,242,2.9,5.25,8.0,12.25,238,2.9,5.5,8.25,14.23
LMT,Hoch 2,128,1.1968412373899882,2.527240306972031,3.97322429351334,6.52005661103095,8.786596916039235,10.635789488748438,29.007827378343652,128,29.7,2.75,4.31,6.5,128,18.0,3.0,5.5,7.4,128,13.3,3.88,6.5,8.75,127,11.0,4.25,6.5,10.25,126,7.9,4.5,7.69,10.88,124,1.6,5.25,9.0,13.2,124,1.6,5.38,9.31,14.68
LMT,Hoch 3,73,0.6443261281645244,2.717604689661259,5.009588272965049,7.298665994326169,9.700922476974593,11.662082952934758,25.574763612557632,73,21.9,3.0,4.25,7.1,73,15.1,3.75,6.0,8.45,73,15.1,5.0,7.25,9.5,73,13.7,5.5,7.25,10.7,72,11.1,6.12,8.81,12.2,70,7.1,6.38,10.06,13.3,69,5.8,6.75,11.25,15.8
LMT,Hoch 4,43,0.8568771038987874,2.360529767070356,5.517840109636194,8.59193902636876,9.67059983613072,11.10867589468694,17.202292738434178,43,30.2,3.5,4.75,7.9,43,27.9,4.25,7.38,9.15,43,16.3,5.5,8.5,9.5,42,9.5,6.5,8.5,9.5,42,4.8,7.38,10.69,13.62,41,2.4,7.5,11.0,13.75,40,0.0,7.5,11.31,16.0
LMT,Hoch 5,22,1.1671961959622748,2.139335240840031,3.5944670880548455,8.071706124393492,11.207387102844612,19.421239215624375,20.00581022726109,22,22.7,2.75,4.88,7.4,22,22.7,3.38,7.06,11.18,22,22.7,3.5,7.88,11.2,22,22.7,4.88,8.0,15.53,22,13.6,5.12,11.25,16.0,21,4.8,8.0,13.5,16.0,21,4.8,8.0,13.5,16.0
LMT,Hoch 6,13,1.1964522823526982,2.85274542738413,3.0233573856238602,4.455501879818085,7.775406309210451,9.986292342264118,12.743059008801964,13,38.5,2.75,3.75,4.45,13,23.1,2.75,4.25,7.65,13,15.4,3.0,4.25,7.65,13,15.4,3.75,6.25,9.4,13,7.7,3.75,6.25,9.4,13,7.7,5.75,9.0,14.75,13,0.0,6.25,9.0,15.4
LMT,Hoch 7,7,1.5456954351016803,3.5051176908674178,4.0581415412209125,6.656886565045884,11.590194892849773,13.777456539892077,15.964718186934393,7,14.3,3.25,4.0,5.8,7,14.3,4.0,5.88,8.55,7,14.3,4.0,6.5,11.4,7,14.3,4.0,6.88,11.95,7,0.0,4.5,9.62,12.4,7,0.0,9.25,13.0,16.0,7,0.0,9.25,13.0,16.0
LMT,Hoch 8,6,3.7712967781633746,3.9541627296605792,4.766203564505538,10.449471947189618,14.028557821549544,14.921568135468702,15.81457844938786,6,50.0,4.62,7.44,9.0,6,33.3,4.62,9.69,12.0,6,16.7,4.62,10.25,13.88,6,0.0,4.62,10.25,14.0,6,0.0,7.12,11.31,14.0,6,0.0,7.12,11.31,14.0,6,0.0,7.12,11.31,14.0
LMT,Hoch 9,2,4.1684279759705785,8.000472362587665,11.83251674920475,15.664561135821836,17.963787767792088,18.730196645115505,19.496605522438923,2,100.0,7.62,9.44,10.53,2,100.0,10.0,13.0,14.8,2,100.0,10.0,13.0,14.8,2,50.0,10.0,13.0,14.8,2,50.0,13.12,14.56,15.43,2,50.0,13.12,14.56,15.43,2,50.0,13.12,14.56,15.43
LOW,alle,598,0.6748326945872246,2.5764319418502835,4.266202206381179,7.051646980004871,10.572967050224864,12.988024479766308,40.50499188747913,598,30.3,3.0,4.75,6.75,598,19.4,3.62,6.19,9.25,598,15.1,4.25,7.0,10.5,597,12.4,4.75,7.75,11.6,591,7.6,5.25,8.75,13.0,584,3.3,6.25,10.5,15.0,574,2.8,6.25,10.75,16.0
LOW,Hoch 1,286,0.6748326945872246,2.7126832119452633,4.432997406893975,7.009783633353779,10.2280111170021,12.373407644138803,31.94568843765361,286,28.3,3.0,4.5,7.0,286,20.3,3.75,5.94,9.25,286,16.1,4.25,6.94,10.0,285,12.6,4.75,7.75,10.8,281,7.5,5.25,8.75,12.5,276,3.6,5.75,9.81,13.88,271,2.6,6.25,10.25,15.0
LOW,Hoch 2,135,0.8158855883155149,2.6305125103868345,4.346412226055213,6.676609880088405,10.17127548774034,12.745370103068964,29.809146457424838,135,30.4,3.0,5.0,6.5,135,19.3,3.75,6.25,8.25,135,13.3,4.25,6.5,10.0,135,9.6,4.75,6.75,10.5,133,6.8,5.25,7.75,11.7,132,3.0,6.0,9.5,13.7,130,3.1,6.0,10.44,14.08
LOW,Hoch 3,77,1.033131686455641,2.5096236661691047,3.814931116085324,6.796691380311298,11.634882988950547,12.653066058309438,17.594037843592226,77,32.5,2.75,5.0,6.6,77,19.5,3.25,6.25,9.75,77,14.3,3.75,6.75,11.55,77,13.0,4.5,7.0,11.55,77,6.5,5.25,9.0,12.2,76,1.3,6.0,10.31,14.5,74,1.4,6.25,10.94,16.0
LOW,Hoch 4,41,1.2540578630959753,3.029790924233637,5.035652847904081,7.1054700951702685,10.509719075977236,13.344389076555311,19.02605019036289,41,34.1,3.0,4.75,7.25,41,22.0,3.5,6.5,10.0,41,22.0,5.0,7.0,10.5,41,22.0,5.5,8.75,13.25,41,14.6,6.5,11.0,14.5,41,4.9,7.0,12.25,16.0,40,5.0,7.12,13.94,16.0
LOW,Hoch 5,21,0.8406063155741228,2.3878916379534805,5.347282240031096,7.4176562427545205,8.731471894012842,8.930400579191248,17.79485033964847,21,28.6,2.25,4.0,6.25,21,14.3,3.75,6.0,7.25,21,9.5,5.25,7.25,8.5,21,9.5,5.25,8.5,12.75,21,4.8,6.25,10.0,14.5,21,0.0,8.0,12.75,16.0,21,0.0,8.5,12.75,16.0
LOW,Hoch 6,15,1.2173873054414357,3.0455897739028828,4.109111726149316,7.770620497045771,10.379749395590132,12.645065831500947,16.177925319296488,15,26.7,3.0,5.0,6.4,15,6.7,4.0,6.38,8.7,15,6.7,4.0,7.62,10.3,15,6.7,6.25,8.75,14.0,15,6.7,7.0,12.5,15.6,15,6.7,8.0,15.38,16.0,15,6.7,8.0,15.38,16.0
LOW,Hoch 7,10,1.1559710738492273,3.1583516795998565,6.489839542524043,10.205764263245559,16.953819190059214,23.99024633875517,31.026673487451156,10,40.0,3.5,5.88,7.9,10,30.0,3.75,7.94,10.05,10,20.0,6.38,10.06,15.32,10,20.0,7.62,10.06,15.55,10,20.0,8.75,10.44,15.55,10,10.0,9.5,14.25,16.0,10,10.0,9.5,14.25,16.0
LOW,Hoch 8,6,0.9136245954545039,2.791695705425142,3.4623081382859766,9.66568657801644,26.072034494663164,33.28851319107115,40.50499188747913,6,33.3,3.25,3.88,6.12,6,16.7,3.25,8.75,13.25,6,16.7,3.25,9.5,13.75,6,16.7,5.0,10.5,13.88,6,0.0,7.12,11.44,13.88,6,0.0,7.38,11.44,13.88,6,0.0,7.38,11.44,13.88
LOW,Hoch 9,5,2.2326773712101375,2.3915846707147606,4.08743105226285,7.159212783984064,23.34160525818656,28.735736082920717,34.129866907654886,5,40.0,3.75,4.0,4.15,5,0.0,4.0,4.25,11.3,5,0.0,4.0,7.0,12.4,5,0.0,7.0,7.5,12.6,5,0.0,8.0,11.5,14.2,5,0.0,8.0,11.5,14.2,5,0.0,8.0,11.5,14.2
LOW,Hoch 10,2,2.4465048816509594,3.4820362981964315,4.5175677147419036,5.553099131287375,6.174417981214659,6.381524264523753,6.588630547832848,2,100.0,3.75,4.5,4.95,2,0.0,3.75,4.5,4.95,2,0.0,4.38,5.44,6.08,2,0.0,4.38,5.44,6.08,2,0.0,4.38,5.44,6.08,2,0.0,4.38,5.44,6.08,2,0.0,4.38,5.44,6.08
LRCX,alle,563,0.6109247365218702,2.545629838258824,4.176990072148781,6.218889071180255,9.211376605646448,10.995936097364844,20.66016706404845,563,27.5,2.75,4.5,6.0,563,18.1,3.5,5.5,7.75,563,14.2,4.0,6.0,9.0,559,11.3,4.5,6.75,10.25,554,8.7,5.25,8.5,11.25,542,7.2,6.0,10.25,13.23,534,5.4,6.75,10.5,15.17
LRCX,Hoch 1,275,0.6109247365218702,2.3702020678158626,3.761316869659518,6.078026925723405,8.418590555729603,9.781515651828197,20.66016706404845,275,27.6,2.75,4.5,6.0,275,18.2,3.0,5.0,7.4,275,14.5,3.75,6.0,8.25,273,13.6,4.25,6.75,9.45,271,10.3,5.25,8.0,10.5,267,8.6,6.0,10.0,12.0,263,5.7,6.75,10.25,13.95
LRCX,Hoch 2,135,0.9699370385703311,2.6945092704800424,3.8318295427012035,6.0266451408461705,9.203378715045176,10.489747457021048,20.183595569748032,135,24.4,3.0,4.5,5.75,135,13.3,3.5,5.38,7.15,135,11.1,3.75,5.88,9.0,133,8.3,4.0,7.0,10.25,131,6.1,5.5,8.5,11.0,127,5.5,5.75,10.75,13.6,127,5.5,7.25,11.12,15.6
LRCX,Hoch 3,71,0.6562578360077873,2.9860847506745367,5.1553047209067815,6.863702769536272,10.671123618516624,11.690820342253765,19.087401308931817,71,42.3,3.5,5.12,6.75,71,29.6,4.5,6.12,8.25,71,19.7,5.0,6.75,10.5,71,14.1,5.25,7.88,11.0,70,10.0,6.0,9.12,12.85,69,8.7,6.25,11.5,16.0,69,7.2,6.75,12.0,16.0
LRCX,Hoch 4,28,1.062937521894821,2.595213639009839,4.3179392248112025,7.508819529804635,10.53131948363202,11.908936535090142,12.844278377162238,28,25.0,2.75,4.06,5.5,28,17.9,3.75,5.81,8.25,28,14.3,4.12,7.38,10.4,28,7.1,4.75,8.12,11.8,28,7.1,5.0,9.31,12.57,27,0.0,6.0,10.62,12.95,26,0.0,6.62,10.81,13.38
LRCX,Hoch 5,19,0.9086530567838558,2.493639945712026,3.523605286416487,8.470721471042049,11.452881612499693,12.08525700727994,13.869649349683053,19,10.5,2.5,3.62,6.85,19,10.5,3.5,6.75,8.5,19,5.3,3.5,8.25,11.35,19,5.3,3.5,9.38,11.55,19,5.3,3.5,9.88,12.0,18,5.6,4.38,10.69,12.65,17,5.9,5.25,10.75,15.15
LRCX,Hoch 6,14,0.7404026727448039,2.138565452949239,4.680771920746425,8.739915637244389,12.26499851381332,13.060414380740903,13.436248929280994,14,21.4,3.0,4.38,7.55,14,21.4,4.62,7.69,8.75,14,21.4,4.62,8.62,12.15,14,7.1,4.62,9.75,12.45,14,7.1,4.75,9.75,12.93,13,7.7,4.75,10.75,13.95,12,0.0,5.62,11.62,15.83
LRCX,Hoch 7,9,1.121373355305447,2.493450724522412,2.8368322536809516,5.029494363580634,8.11738948471241,8.937906916078843,9.75842434744528,9,22.2,2.5,2.75,5.05,9,11.1,2.5,5.0,7.3,9,11.1,2.75,5.0,7.95,9,0.0,3.25,5.0,7.95,9,0.0,4.5,7.5,10.1,9,0.0,4.5,7.5,10.6,8,0.0,3.88,8.12,11.8
LRCX,Hoch 8,7,2.832552895435111,3.594047970817583,3.90591207734826,4.325176449316363,7.957746249968659,10.383884690471662,12.81002313097468,7,14.3,3.5,3.88,6.2,7,14.3,3.75,3.88,7.2,7,14.3,3.75,4.12,7.8,7,14.3,3.75,4.75,8.4,7,14.3,4.5,8.38,13.45,7,14.3,4.5,8.38,13.45,7,14.3,4.5,8.38,13.45
LRCX,Hoch 9,3,2.7439264146937274,3.763909347968319,4.7838922812429105,5.817219796251285,6.437216305256309,6.643881808257984,6.850547311259659,3,33.3,4.0,4.0,4.0,3,33.3,4.0,4.75,5.2,3,33.3,4.75,5.75,6.35,3,0.0,4.75,5.75,6.35,3,0.0,4.75,5.75,6.35,3,0.0,4.75,5.75,6.35,3,0.0,4.75,5.75,6.35
LRCX,Hoch 10,1,4.6220749039861175,4.6220749039861175,4.6220749039861175,4.6220749039861175,4.6220749039861175,4.6220749039861175,4.6220749039861175,1,0.0,4.5,4.5,4.5,1,0.0,4.5,4.5,4.5,1,0.0,4.5,4.5,4.5,1,0.0,4.5,4.5,4.5,1,0.0,4.5,4.5,4.5,1,0.0,4.5,4.5,4.5,1,0.0,4.5,4.5,4.5
LRCX,Hoch 11,1,4.52364143713812,4.52364143713812,4.52364143713812,4.52364143713812,4.52364143713812,4.52364143713812,4.52364143713812,1,0.0,4.5,4.5,4.5,1,0.0,4.5,4.5,4.5,1,0.0,4.5,4.5,4.5,1,0.0,4.5,4.5,4.5,1,0.0,4.5,4.5,4.5,1,0.0,4.5,4.5,4.5,1,0.0,4.5,4.5,4.5
LULU,alle,517,0.6431669520026834,2.58231608035058,4.218657486287517,7.296019999639407,10.710431396191671,14.90741366482338,29.747974459267162,517,32.1,3.0,4.5,7.25,517,21.3,3.75,6.0,9.5,517,16.4,4.0,7.25,10.5,515,13.0,4.5,8.5,12.0,511,11.2,5.25,9.88,15.0,505,7.9,6.25,11.25,16.0,496,6.7,7.38,12.75,16.0
LULU,Hoch 1,246,0.6819388853688565,2.477054367428348,3.9991642602049433,7.045587915599983,10.278028658511708,12.140280201024945,26.494449846661965,246,31.7,2.88,4.25,6.38,246,21.5,3.5,5.75,9.0,246,15.4,3.75,6.94,10.25,244,10.7,4.25,8.25,11.25,242,9.5,5.0,9.38,12.98,236,6.4,5.75,10.81,14.88,232,5.2,6.88,11.75,16.0
LULU,Hoch 2,124,0.6431669520026834,2.7930795593657973,4.196993605201323,6.8624250795695545,10.519860577822037,15.135768384945644,29.747974459267162,124,31.5,3.0,4.5,7.25,124,20.2,3.75,6.06,9.18,124,15.3,4.0,6.81,10.35,124,12.9,4.25,8.0,12.53,123,9.8,5.0,9.75,15.55,123,8.1,6.0,11.0,16.0,121,7.4,7.0,13.0,16.0
LULU,Hoch 3,67,0.7282021971170084,2.4614927415721057,4.658120006455641,7.828475239298525,11.671127281385377,15.916188850217454,29.319428794874174,67,28.4,3.0,4.62,8.3,67,22.4,3.75,6.38,10.6,67,20.9,4.5,7.75,11.55,67,17.9,4.5,9.12,15.25,66,15.2,5.5,10.69,16.0,66,10.6,7.0,12.0,16.0,65,9.2,8.25,14.0,16.0
LULU,Hoch 4,37,0.796281734481524,2.6387723611987908,4.719642044675549,7.142036373869946,9.686993915376913,11.413705519659851,19.97639858873801,37,24.3,3.5,5.0,7.5,37,8.1,4.5,5.5,8.25,37,8.1,4.5,7.0,9.5,37,8.1,4.75,8.5,9.95,37,8.1,5.0,9.25,14.35,37,5.4,6.5,10.25,16.0,36,5.6,8.0,13.94,16.0
LULU,Hoch 5,23,1.2492477798335935,2.9775474755655513,6.171052582046007,8.818867301846895,10.634305359582937,11.103099790721675,20.489919364102093,23,47.8,4.25,6.12,9.55,23,30.4,5.25,6.25,9.8,23,21.7,6.0,8.75,10.45,23,17.4,6.0,9.5,10.9,23,17.4,8.75,9.88,13.2,23,13.0,9.25,14.5,16.0,22,9.1,9.38,16.0,16.0
LULU,Hoch 6,12,1.660679131374113,2.7200401535387564,6.04849057108208,10.23990265599543,12.437030168567102,14.133847746250716,15.976369958947114,12,50.0,3.25,9.06,9.93,12,41.7,5.38,9.62,12.25,12,41.7,5.88,10.12,12.3,12,41.7,5.88,11.0,12.5,12,33.3,9.25,11.69,15.18,12,16.7,14.75,15.81,16.0,12,8.3,15.12,16.0,16.0
LULU,Hoch 7,4,0.851974043065308,1.3742619328892562,3.0222468025143874,7.048740193376325,11.643428265496949,13.174990956203818,14.706553646910695,4,50.0,2.88,4.81,5.83,4,50.0,2.88,5.12,6.7,4,25.0,2.88,6.81,11.43,4,25.0,4.62,7.75,12.7,4,25.0,7.0,11.31,14.13,4,25.0,7.0,11.31,14.13,4,25.0,7.0,11.31,14.13
LULU,Hoch 8,2,1.290698558610318,1.863507144077408,2.436315729544498,3.0091243150115883,3.352809466291842,3.4673711833852603,3.5819329004786784,2,0.0,2.38,2.94,3.27,2,0.0,2.38,2.94,3.27,2,0.0,2.38,2.94,3.27,2,0.0,4.88,6.69,7.78,2,0.0,6.12,8.56,10.03,2,0.0,6.12,8.56,10.03,2,0.0,6.25,8.62,10.05
LULU,Hoch 9,1,3.490714376299438,3.490714376299438,3.490714376299438,3.490714376299438,3.490714376299438,3.490714376299438,3.490714376299438,1,100.0,3.25,3.25,3.25,1,0.0,3.25,3.25,3.25,1,0.0,3.25,3.25,3.25,1,0.0,3.25,3.25,3.25,1,0.0,3.25,3.25,3.25,1,0.0,4.75,4.75,4.75,1,0.0,4.75,4.75,4.75
LULU,Hoch 10,1,3.633088064210792,3.633088064210792,3.633088064210792,3.633088064210792,3.633088064210792,3.633088064210792,3.633088064210792,1,100.0,3.5,3.5,3.5,1,0.0,3.5,3.5,3.5,1,0.0,3.5,3.5,3.5,1,0.0,3.5,3.5,3.5,1,0.0,3.5,3.5,3.5,1,0.0,4.75,4.75,4.75,1,0.0,4.75,4.75,4.75
MA,alle,554,0.5775358595026875,2.2692624034295483,3.8391713142701054,6.436931871279259,9.325429864550022,13.670970023279281,30.327693910732,554,23.6,2.75,4.25,6.5,554,13.4,3.25,5.5,8.0,554,9.4,3.75,6.25,9.25,549,7.3,4.0,7.0,10.75,543,4.8,4.5,8.0,11.95,535,2.6,4.75,9.0,13.15,525,1.3,5.0,9.25,13.9
MA,Hoch 1,236,0.7892145537584369,2.158724221614839,3.47901907783136,6.050021736269851,8.967859817576334,12.126433170173117,27.1515946600082,236,24.2,2.75,4.06,6.38,236,16.1,3.0,5.0,7.62,236,11.0,3.25,6.0,8.88,233,9.0,3.75,6.25,9.75,230,6.1,4.25,7.25,10.75,224,2.2,4.5,8.0,11.43,218,1.4,4.62,8.0,11.75
MA,Hoch 2,127,0.5775358595026875,2.082731418513668,3.543540685617394,6.089260534727181,8.691699520519139,11.106070427758798,25.0999207642683,127,24.4,2.25,3.88,5.85,127,11.8,3.25,4.88,7.35,127,7.9,3.5,6.0,8.6,126,4.8,3.75,6.5,9.25,124,1.6,4.25,8.25,11.6,122,1.6,4.5,8.44,11.98,119,0.8,4.75,8.75,11.8
MA,Hoch 3,79,1.018020116441254,2.4079563972071716,4.411201314304856,6.84897851834169,9.169712413083762,14.942881801762784,21.84166410909149,79,21.5,3.0,4.75,6.25,79,8.9,3.5,6.0,8.55,79,6.3,4.25,6.75,9.1,78,5.1,4.62,7.75,10.45,77,3.9,5.25,8.75,14.95,77,2.6,5.5,10.0,15.25,76,1.3,6.62,10.44,15.62
MA,Hoch 4,47,0.9984126168565004,2.7972376879119336,5.325053344024858,7.519072196125637,14.140484152147629,15.928004973294424,25.982635950316677,47,31.9,3.25,5.62,7.35,47,17.0,4.75,7.0,9.55,47,12.8,5.25,7.38,13.95,47,10.6,5.5,8.5,14.45,47,8.5,6.5,9.12,15.25,47,4.3,6.5,12.62,16.0,47,2.1,6.75,13.5,16.0
MA,Hoch 5,27,1.3448778581314509,3.307696489282425,4.5017095966608816,6.590331783233299,12.077163721211118,17.49188384731477,30.327693910732,27,18.5,3.25,4.75,6.85,27,11.1,3.75,6.38,8.75,27,7.4,4.5,6.38,12.0,27,3.7,5.0,7.12,13.65,27,3.7,5.0,7.88,13.65,27,3.7,5.0,9.0,14.85,27,3.7,5.5,10.62,14.85
MA,Hoch 6,15,1.4628952578842445,3.4285614792135144,4.259679636226902,5.57715167129872,7.449589567513694,10.345123192028936,17.01628274666719,15,13.3,3.5,4.12,4.8,15,6.7,3.75,4.88,5.4,15,6.7,4.25,5.38,7.25,15,6.7,4.25,5.38,7.25,15,0.0,4.5,7.0,9.7,15,0.0,4.5,7.0,10.3,15,0.0,4.5,7.0,11.2
MA,Hoch 7,6,1.7289120931249002,2.3165290958726423,4.507337596810624,6.0992167141884925,7.335771114025486,7.8493445526022505,8.362917991179014,6,33.3,3.75,4.94,5.75,6,16.7,4.38,5.62,6.0,6,16.7,4.38,6.0,7.25,6,16.7,4.38,6.0,7.25,6,16.7,4.38,6.0,9.12,6,16.7,4.38,6.38,9.88,6,0.0,4.38,6.75,11.0
MA,Hoch 8,3,1.9969541033174292,2.756834955202118,3.5167158070868068,3.940519622931329,4.1948019124380425,4.279562675606947,4.364323438775851,3,0.0,3.5,3.88,4.1,3,0.0,3.5,3.88,4.1,3,0.0,3.5,3.88,4.1,3,0.0,3.5,3.88,4.1,3,0.0,3.5,3.88,4.1,3,0.0,3.5,3.88,4.1,3,0.0,3.5,3.88,4.1
MA,Hoch 9,2,3.690806078654065,3.890427123825692,4.090048168997319,4.2896692141689465,4.4094418412719225,4.449366050306248,4.4892902593405735,2,50.0,3.88,4.06,4.17,2,0.0,3.88,4.06,4.17,2,0.0,3.88,4.06,4.17,2,0.0,3.88,4.06,4.17,2,0.0,3.88,4.06,4.17,2,0.0,3.88,4.06,4.17,2,0.0,3.88,4.06,4.17
MA,Hoch 10,1,4.088319229969931,4.088319229969931,4.088319229969931,4.088319229969931,4.088319229969931,4.088319229969931,4.088319229969931,1,0.0,4.0,4.0,4.0,1,0.0,4.0,4.0,4.0,1,0.0,4.0,4.0,4.0,1,0.0,4.0,4.0,4.0,1,0.0,4.0,4.0,4.0,1,0.0,4.0,4.0,4.0,1,0.0,4.0,4.0,4.0
MA,Hoch 11,1,1.5870365580435881,1.5870365580435881,1.5870365580435881,1.5870365580435881,1.5870365580435881,1.5870365580435881,1.5870365580435881,1,0.0,1.5,1.5,1.5,1,0.0,1.5,1.5,1.5,1,0.0,1.5,1.5,1.5,1,0.0,1.5,1.5,1.5,1,0.0,3.0,3.0,3.0,1,0.0,3.0,3.0,3.0,1,0.0,3.0,3.0,3.0
MA,Hoch 12,1,2.3615129427484973,2.3615129427484973,2.3615129427484973,2.3615129427484973,2.3615129427484973,2.3615129427484973,2.3615129427484973,1,0.0,2.25,2.25,2.25,1,0.0,2.25,2.25,2.25,1,0.0,2.25,2.25,2.25,1,0.0,2.25,2.25,2.25,1,0.0,3.75,3.75,3.75,1,0.0,3.75,3.75,3.75,1,0.0,3.75,3.75,3.75
MA,Hoch 13,1,1.501720982092166,1.501720982092166,1.501720982092166,1.501720982092166,1.501720982092166,1.501720982092166,1.501720982092166,1,0.0,1.25,1.25,1.25,1,0.0,1.25,1.25,1.25,1,0.0,1.5,1.5,1.5,1,0.0,1.5,1.5,1.5,1,0.0,3.5,3.5,3.5,1,0.0,3.5,3.5,3.5,1,0.0,3.5,3.5,3.5
MA,Hoch 14,1,1.7199138340384534,1.7199138340384534,1.7199138340384534,1.7199138340384534,1.7199138340384534,1.7199138340384534,1.7199138340384534,1,0.0,0.75,0.75,0.75,1,0.0,0.75,0.75,0.75,1,0.0,1.5,1.5,1.5,1,0.0,1.5,1.5,1.5,1,0.0,3.75,3.75,3.75,1,0.0,3.75,3.75,3.75,1,0.0,3.75,3.75,3.75
MA,Hoch 15,1,3.104222707983102,3.104222707983102,3.104222707983102,3.104222707983102,3.104222707983102,3.104222707983102,3.104222707983102,1,0.0,1.0,1.0,1.0,1,0.0,1.0,1.0,1.0,1,0.0,3.0,3.0,3.0,1,0.0,3.0,3.0,3.0,1,0.0,5.25,5.25,5.25,1,0.0,5.25,5.25,5.25,1,0.0,5.25,5.25,5.25
MA,Hoch 16,1,4.63927586096013,4.63927586096013,4.63927586096013,4.63927586096013,4.63927586096013,4.63927586096013,4.63927586096013,1,0.0,2.0,2.0,2.0,1,0.0,4.5,4.5,4.5,1,0.0,4.5,4.5,4.5,1,0.0,4.5,4.5,4.5,1,0.0,7.5,7.5,7.5,1,0.0,7.5,7.5,7.5,1,0.0,7.5,7.5,7.5
MA,Hoch 17,1,7.926770936433803,7.926770936433803,7.926770936433803,7.926770936433803,7.926770936433803,7.926770936433803,7.926770936433803,1,0.0,1.75,1.75,1.75,1,0.0,7.75,7.75,7.75,1,0.0,7.75,7.75,7.75,1,0.0,10.75,10.75,10.75,1,0.0,10.75,10.75,10.75,1,0.0,10.75,10.75,10.75,1,0.0,10.75,10.75,10.75
MA,Hoch 18,1,7.690994671733699,7.690994671733699,7.690994671733699,7.690994671733699,7.690994671733699,7.690994671733699,7.690994671733699,1,0.0,1.25,1.25,1.25,1,0.0,7.5,7.5,7.5,1,0.0,7.5,7.5,7.5,1,0.0,10.25,10.25,10.25,1,0.0,10.25,10.25,10.25,1,0.0,10.25,10.25,10.25,1,0.0,10.25,10.25,10.25
MA,Hoch 19,1,8.407282128666582,8.407282128666582,8.407282128666582,8.407282128666582,8.407282128666582,8.407282128666582,8.407282128666582,1,0.0,5.75,5.75,5.75,1,0.0,8.25,8.25,8.25,1,0.0,8.25,8.25,8.25,1,0.0,10.5,10.5,10.5,1,0.0,10.5,10.5,10.5,1,0.0,10.5,10.5,10.5,1,0.0,10.5,10.5,10.5
MA,Hoch 20,1,9.680046346386355,9.680046346386355,9.680046346386355,9.680046346386355,9.680046346386355,9.680046346386355,9.680046346386355,1,0.0,9.5,9.5,9.5,1,0.0,9.5,9.5,9.5,1,0.0,9.5,9.5,9.5,1,0.0,12.0,12.0,12.0,1,0.0,12.0,12.0,12.0,1,0.0,12.0,12.0,12.0,1,0.0,12.0,12.0,12.0
MA,Hoch 21,1,15.443906054330466,15.443906054330466,15.443906054330466,15.443906054330466,15.443906054330466,15.443906054330466,15.443906054330466,1,100.0,12.5,12.5,12.5,1,100.0,12.5,12.5,12.5,1,100.0,15.25,15.25,15.25,1,100.0,15.25,15.25,15.25,1,100.0,15.25,15.25,15.25,1,100.0,15.25,15.25,15.25,1,0.0,15.25,15.25,15.25
MAR,alle,567,0.5913272108652294,2.3788739556548624,4.043989315170872,6.780795990160627,10.358871623900317,12.755099707964543,56.212654513205926,567,26.5,3.0,4.5,6.75,567,17.5,3.5,5.75,8.35,567,13.2,4.0,6.75,10.25,563,11.0,4.25,7.5,11.5,562,9.6,5.0,9.25,14.23,559,7.2,5.5,10.75,16.0,552,6.3,6.0,13.0,16.0
MAR,Hoch 1,269,0.6773150035563634,2.2618284351126516,3.8291184899446926,6.439374215643196,9.82126443541444,10.987411320542348,23.74821792806323,269,26.0,2.75,4.5,6.25,269,15.6,3.5,5.5,7.8,269,11.9,3.75,6.25,9.75,268,9.3,4.12,7.25,10.25,268,8.6,4.75,9.31,13.75,268,7.1,5.0,11.0,16.0,263,6.1,5.75,12.62,16.0
MAR,Hoch 2,131,0.5913272108652294,2.624113830300205,4.098060329486165,6.3671251327142055,9.511759266987902,13.08641767663821,24.310712519892768,131,29.8,3.0,4.25,6.0,131,22.1,3.75,5.25,8.0,131,16.0,4.0,6.25,9.5,131,16.0,4.0,7.25,12.25,131,13.7,5.0,8.75,14.0,130,11.5,5.12,11.69,16.0,129,10.1,5.5,13.25,16.0
MAR,Hoch 3,72,0.7567588611603967,2.102011581004947,3.9068713439558156,6.60994798892195,10.376308325919043,13.529471537777221,18.324663292025573,72,25.0,2.75,5.0,6.5,72,15.3,3.62,5.56,7.67,72,8.3,3.75,6.5,10.32,72,8.3,4.12,6.75,12.62,72,6.9,4.12,8.06,14.2,71,4.2,4.25,8.25,16.0,70,4.3,5.38,9.81,16.0
MAR,Hoch 4,37,1.0204568046090272,2.6777043063978234,4.043989315170872,7.285111988883732,11.497590951780435,12.707779396959005,16.29660616590866,37,24.3,3.0,4.25,7.35,37,18.9,3.25,5.75,8.3,37,16.2,4.0,7.25,11.4,37,10.8,5.5,8.0,14.5,37,8.1,5.75,9.25,16.0,36,2.8,6.25,10.38,16.0,36,2.8,6.25,14.5,16.0
MAR,Hoch 5,27,1.5593630974304677,2.8319619713405997,5.114643915801833,7.771146041776676,10.763121904684182,11.910498028876157,18.42280657146542,27,25.9,3.0,4.75,7.95,27,18.5,3.25,5.88,8.55,27,18.5,5.0,7.75,10.6,27,11.1,5.75,8.5,11.45,26,11.5,5.75,10.31,12.88,26,3.8,6.75,10.69,14.5,26,3.8,6.75,12.06,16.0
MAR,Hoch 6,14,2.748802900542802,3.4974943927663205,5.973993311179703,8.478212159484313,9.82167628795159,15.55106873910623,25.664054790895428,14,28.6,2.88,3.62,6.18,14,14.3,4.25,6.12,8.93,14,14.3,5.88,8.44,9.7,13,7.7,5.75,9.0,9.8,13,7.7,6.25,10.0,14.35,13,0.0,6.75,10.25,14.35,13,0.0,7.75,10.25,15.8
MAR,Hoch 7,8,1.622783263068505,4.054476829302026,7.005372100416887,10.059761327764637,26.471011569127707,41.341833041166794,56.212654513205926,8,12.5,4.12,4.62,6.65,8,12.5,6.5,8.81,14.25,8,12.5,6.88,9.94,14.25,7,14.3,6.5,10.38,14.5,7,14.3,7.25,10.75,14.5,7,14.3,7.25,12.38,14.5,7,14.3,8.25,12.38,14.5
MAR,Hoch 8,4,1.3313373314796877,7.023791817994274,9.232864717101247,11.38006015445108,14.684153415196981,15.78551783544561,16.886882255694246,4,50.0,5.62,6.5,7.4,4,50.0,8.0,10.56,13.83,4,50.0,9.12,11.12,14.05,3,33.3,8.75,12.38,14.55,3,0.0,8.75,12.38,14.55,3,0.0,8.75,12.38,14.55,3,0.0,10.75,13.38,14.95
MAR,Hoch 9,2,1.309646650230023,5.318396900030514,9.327147149831003,13.335897399631493,15.741147549511789,16.542897599471885,17.344647649431984,2,0.0,5.62,7.81,9.12,2,0.0,8.62,12.31,14.53,2,0.0,8.62,12.31,14.53,2,0.0,8.62,12.31,14.53,2,0.0,8.62,12.31,14.53,2,0.0,10.75,13.38,14.95,2,0.0,14.25,15.12,15.65
MAR,Hoch 10,2,2.378866313488751,6.1254715004177775,9.872076687346803,13.618681874275829,15.866644986433247,16.615966023819052,17.365287061204857,2,0.0,7.88,11.06,12.97,2,0.0,9.12,12.56,14.62,2,0.0,9.12,12.56,14.62,2,0.0,9.62,12.81,14.72,2,0.0,10.12,13.06,14.82,2,0.0,12.25,14.12,15.25,2,0.0,16.0,16.0,16.0
MAR,Hoch 11,1,3.957714868096003,3.957714868096003,3.957714868096003,3.957714868096003,3.957714868096003,3.957714868096003,3.957714868096003,1,0.0,3.0,3.0,3.0,1,0.0,3.75,3.75,3.75,1,0.0,3.75,3.75,3.75,1,0.0,4.75,4.75,4.75,1,0.0,7.25,7.25,7.25,1,0.0,10.0,10.0,10.0,1,0.0,16.0,16.0,16.0
MBG.DE,alle,604,0.7295516800988612,2.4476564344845615,4.5600320503974565,7.6023651754768,10.656631286411322,13.403452744756075,35.484152866955625,604,31.0,3.0,4.5,6.5,604,22.7,3.75,6.0,8.75,604,18.2,4.5,7.5,10.5,601,15.6,5.0,8.5,11.5,594,13.1,5.75,9.75,14.25,586,9.0,6.62,12.0,16.0,578,7.8,7.25,13.5,16.0
MBG.DE,Hoch 1,308,0.7295516800988612,2.377328651522677,4.715653183999704,7.545593783126044,10.708220841135965,13.582570071514377,31.415514354985635,308,29.5,3.0,4.25,6.5,308,21.4,3.75,6.0,8.75,308,18.8,4.5,7.5,10.58,306,15.7,4.75,8.5,11.38,303,12.5,5.25,9.38,14.0,297,7.7,6.0,11.75,16.0,294,5.8,6.5,12.88,16.0
MBG.DE,Hoch 2,147,0.8919537607697333,2.6864598585261845,4.823759218829959,7.869748223050143,10.719137407619893,11.878162920245645,35.484152866955625,147,38.8,3.0,5.12,6.6,147,27.2,3.75,6.5,8.75,147,21.1,4.75,7.75,10.6,146,19.2,5.38,8.44,11.38,144,16.7,6.12,10.0,13.43,142,11.3,6.62,12.44,15.75,140,10.7,7.5,14.25,16.0
MBG.DE,Hoch 3,71,0.7621396801474122,2.1079448187748664,4.025587872164695,7.632598428221691,9.83086204888061,11.826495060846398,21.483691273126457,71,21.1,2.25,4.0,5.5,71,14.1,3.0,4.75,9.5,71,12.7,4.0,7.5,9.75,71,9.9,4.25,8.0,11.0,70,8.6,5.38,9.5,13.75,70,7.1,5.5,12.19,16.0,68,5.9,7.0,13.56,16.0
MBG.DE,Hoch 4,37,0.8390215777564346,2.8960601154183694,3.940000450622049,6.828902884664474,10.268333877608972,12.858062701355571,17.377639036867183,37,21.6,2.75,3.5,5.65,37,18.9,3.5,5.5,6.85,37,10.8,3.75,6.75,10.1,37,10.8,4.75,6.75,11.6,36,11.1,5.38,10.31,16.0,36,11.1,6.75,11.19,16.0,35,11.4,7.0,12.12,16.0
MBG.DE,Hoch 5,22,1.1535573658655165,3.410282460186785,5.09035980511789,7.366010794161039,9.752121000989792,14.23960110394635,15.252760288143012,22,40.9,4.25,5.19,5.95,22,40.9,4.75,5.5,7.75,22,22.7,5.0,7.31,9.55,22,18.2,5.5,7.75,14.93,22,13.6,6.88,10.5,15.25,22,9.1,8.12,11.94,15.93,22,9.1,9.0,12.81,15.93
MBG.DE,Hoch 6,10,1.9079299213932641,2.716347899251604,3.936845461085113,6.245349930689881,8.050250858516337,13.558913085224226,19.067575311932135,10,20.0,3.38,5.31,6.07,10,20.0,3.62,5.31,6.97,10,0.0,3.75,6.12,7.67,10,0.0,4.5,8.19,15.1,10,0.0,5.88,9.81,15.1,10,0.0,10.38,14.88,16.0,10,0.0,11.12,14.88,16.0
MBG.DE,Hoch 7,4,4.108407827582696,5.316043488454213,6.281449247746459,7.4218745412746285,8.4614910994222,8.808029952138057,9.154568804853914,4,75.0,4.75,5.75,6.2,4,50.0,5.12,6.0,6.9,4,50.0,6.12,7.31,8.33,4,50.0,8.25,11.06,13.88,4,50.0,8.75,11.12,14.05,4,50.0,12.0,14.88,15.55,4,50.0,12.75,16.0,16.0
MBG.DE,Hoch 8,2,4.492964931553235,6.106867001602803,7.720769071652369,9.334671141701936,10.303012383731676,10.625792797741589,10.948573211751503,2,0.0,6.12,7.06,7.62,2,0.0,7.0,8.38,9.2,2,0.0,7.5,9.12,10.1,2,0.0,8.38,9.56,10.28,2,0.0,11.0,13.5,15.0,2,0.0,11.0,13.5,15.0,2,0.0,11.38,13.69,15.07
MBG.DE,Hoch 9,2,5.733945049939135,6.781403471794317,7.828861893649499,8.87632031550468,9.50479536861779,9.714287052988826,9.923778737359862,2,50.0,6.0,6.62,7.0,2,0.0,6.75,7.75,8.35,2,0.0,7.62,8.69,9.32,2,0.0,8.12,8.94,9.43,2,0.0,11.25,13.62,15.05,2,0.0,11.25,13.62,15.05,2,0.0,11.75,13.88,15.15
MBG.DE,Hoch 10,1,11.726906068228807,11.726906068228807,11.726906068228807,11.726906068228807,11.726906068228807,11.726906068228807,11.726906068228807,1,100.0,9.0,9.0,9.0,1,100.0,11.5,11.5,11.5,1,100.0,11.5,11.5,11.5,1,100.0,11.5,11.5,11.5,1,100.0,16.0,16.0,16.0,1,100.0,16.0,16.0,16.0,1,100.0,16.0,16.0,16.0
MCD,alle,570,0.6660253222086342,2.29968519486518,3.8081623647232616,6.535153556794896,9.533173831872805,11.794424416099995,38.63838003933553,570,24.6,2.75,4.19,6.25,570,15.3,3.38,5.25,8.25,570,12.3,3.75,6.5,9.5,568,9.7,4.0,7.5,10.5,560,6.1,4.25,8.5,12.0,550,3.3,4.5,8.5,12.53,545,0.7,5.25,9.25,14.0
MCD,Hoch 1,248,0.8068693334665356,2.3399461291881614,3.685864176761739,6.349953995589019,8.702736377797489,10.865972646232033,34.24392603260263,248,25.8,2.75,4.0,6.5,248,13.7,3.25,5.25,8.25,248,11.3,3.5,6.25,8.58,248,8.1,3.75,7.06,9.75,242,4.1,3.88,8.0,12.23,237,0.8,4.25,8.25,12.25,235,0.0,4.5,8.25,12.9
MCD,Hoch 2,131,0.6660253222086342,2.108303638924853,3.712750672678136,5.78919420347385,8.703341678847556,10.707432808395426,31.105300118466825,131,25.2,2.75,4.0,5.5,131,16.0,3.25,5.0,8.0,131,10.7,3.5,5.62,8.5,131,10.7,3.75,7.0,10.0,129,7.8,4.0,8.5,11.25,127,5.5,4.75,8.5,12.15,124,1.6,5.12,9.0,12.93
MCD,Hoch 3,75,0.7372903546905492,2.2543785356308135,4.124873072914254,6.5112681181533585,10.421463279437443,12.20098096099173,37.85326100037846,75,21.3,2.75,4.25,6.05,75,17.3,3.5,5.25,8.4,75,16.0,4.0,6.38,10.4,74,12.2,4.25,7.0,10.93,74,9.5,4.62,8.5,12.0,73,6.8,5.5,8.5,12.6,73,1.4,6.25,9.5,16.0
MCD,Hoch 4,47,1.132204735302009,2.552027025234725,3.9143392847152345,7.312471257130644,10.616959846678244,12.780390276330534,38.63838003933553,47,21.3,2.5,4.38,5.85,47,14.9,3.5,5.88,9.35,47,12.8,3.75,7.25,10.5,46,6.5,4.5,7.5,11.0,46,2.2,6.0,9.19,11.62,45,2.2,6.0,9.0,12.95,45,2.2,6.25,10.5,14.9
MCD,Hoch 5,27,1.522687024761502,2.4410971907247103,4.989606546241337,7.9094082839406905,11.183299619519353,14.879838003996644,36.95481940699214,27,22.2,2.25,3.75,6.25,27,11.1,3.5,6.25,11.1,27,11.1,4.75,7.75,11.1,27,11.1,5.5,7.75,11.45,27,11.1,6.25,10.38,12.05,26,3.8,5.88,10.88,12.12,26,0.0,6.5,11.25,14.5
MCD,Hoch 6,20,0.8330571619318651,2.7367193217107157,5.120368007063048,8.629335702088184,10.073061117524238,13.01138590788621,35.084922593518534,20,25.0,2.62,4.38,7.3,20,20.0,4.0,5.56,9.5,20,20.0,5.0,8.5,9.95,20,15.0,5.88,9.06,10.85,20,10.0,6.88,10.38,11.95,20,10.0,6.88,11.0,12.98,20,0.0,7.5,12.38,15.1
MCD,Hoch 7,10,1.5567005795817046,3.4532294514842636,5.252735845924487,8.566344793762859,12.297503999593705,23.415492730358615,34.533481461123564,10,30.0,3.75,5.75,6.5,10,30.0,4.5,6.44,9.02,10,10.0,5.12,8.38,10.37,10,10.0,5.25,9.06,10.82,10,0.0,5.25,9.06,14.65,10,0.0,5.25,9.06,15.78,10,0.0,6.75,14.25,16.0
MCD,Hoch 8,5,1.8763686820946632,2.799997443382248,4.078506273024519,8.691474686394567,9.840542357995929,10.223564915196382,10.606587472396836,5,60.0,4.0,5.0,6.8,5,40.0,4.0,5.5,7.6,5,40.0,4.0,8.5,9.7,5,40.0,4.0,9.25,10.0,5,20.0,4.0,10.5,12.3,5,0.0,4.25,10.5,12.3,5,0.0,10.5,13.5,15.0
MCD,Hoch 9,1,1.8821029544735455,1.8821029544735455,1.8821029544735455,1.8821029544735455,1.8821029544735455,1.8821029544735455,1.8821029544735455,1,0.0,1.75,1.75,1.75,1,0.0,1.75,1.75,1.75,1,0.0,1.75,1.75,1.75,1,0.0,1.75,1.75,1.75,1,0.0,1.75,1.75,1.75,1,0.0,1.75,1.75,1.75,1,0.0,1.75,1.75,1.75
MCD,Hoch 10,1,0.9106390680977898,0.9106390680977898,0.9106390680977898,0.9106390680977898,0.9106390680977898,0.9106390680977898,0.9106390680977898,1,0.0,0.75,0.75,0.75,1,0.0,0.75,0.75,0.75,1,0.0,0.75,0.75,0.75,1,0.0,0.75,0.75,0.75,1,0.0,0.75,0.75,0.75,1,0.0,0.75,0.75,0.75,1,0.0,0.75,0.75,0.75
MCD,Hoch 11,1,1.4804068570510998,1.4804068570510998,1.4804068570510998,1.4804068570510998,1.4804068570510998,1.4804068570510998,1.4804068570510998,1,0.0,1.25,1.25,1.25,1,0.0,1.25,1.25,1.25,1,0.0,1.25,1.25,1.25,1,0.0,1.25,1.25,1.25,1,0.0,1.25,1.25,1.25,1,0.0,1.25,1.25,1.25,1,0.0,1.25,1.25,1.25
MCD,Hoch 12,1,1.5091387433259218,1.5091387433259218,1.5091387433259218,1.5091387433259218,1.5091387433259218,1.5091387433259218,1.5091387433259218,1,0.0,1.5,1.5,1.5,1,0.0,1.5,1.5,1.5,1,0.0,1.5,1.5,1.5,1,0.0,1.5,1.5,1.5,1,0.0,1.5,1.5,1.5,1,0.0,1.5,1.5,1.5,1,0.0,1.5,1.5,1.5
MCD,Hoch 13,1,4.09978220788579,4.09978220788579,4.09978220788579,4.09978220788579,4.09978220788579,4.09978220788579,4.09978220788579,1,0.0,4.0,4.0,4.0,1,0.0,4.0,4.0,4.0,1,0.0,4.0,4.0,4.0,1,0.0,4.0,4.0,4.0,1,0.0,4.0,4.0,4.0,1,0.0,4.0,4.0,4.0,1,0.0,4.0,4.0,4.0
MCD,Hoch 14,1,2.041511135421019,2.041511135421019,2.041511135421019,2.041511135421019,2.041511135421019,2.041511135421019,2.041511135421019,1,0.0,1.75,1.75,1.75,1,0.0,2.0,2.0,2.0,1,0.0,2.0,2.0,2.0,1,0.0,2.0,2.0,2.0,1,0.0,2.0,2.0,2.0,1,0.0,3.25,3.25,3.25,1,0.0,3.25,3.25,3.25
MCD,Hoch 15,1,2.3145064568382328,2.3145064568382328,2.3145064568382328,2.3145064568382328,2.3145064568382328,2.3145064568382328,2.3145064568382328,1,0.0,2.25,2.25,2.25,1,0.0,2.25,2.25,2.25,1,0.0,2.25,2.25,2.25,1,0.0,2.25,2.25,2.25,1,0.0,2.25,2.25,2.25,1,0.0,3.5,3.5,3.5,1,0.0,3.5,3.5,3.5
MCHP,alle,535,0.7096285069872468,2.4453127052009287,4.274602273680736,7.29270193089145,10.50312681153861,13.45224889252708,29.44443178129421,535,28.4,2.75,4.5,6.75,535,17.8,3.5,6.12,8.75,535,12.3,4.25,7.25,10.4,535,10.8,4.75,8.25,12.0,529,8.7,5.25,10.0,15.0,522,6.5,6.5,12.0,16.0,518,5.6,7.5,13.25,16.0
MCHP,Hoch 1,250,0.825415149912663,2.3172219806279672,3.993626464185021,7.282023919723159,11.122891436063309,14.291375135040635,27.888838586470712,250,25.6,2.5,4.44,7.0,250,15.2,3.25,5.69,9.75,250,12.4,3.75,7.12,11.05,250,10.8,4.5,8.44,12.27,249,8.8,5.0,10.25,14.8,246,6.9,6.25,11.5,16.0,243,5.8,7.25,13.12,16.0
MCHP,Hoch 2,131,0.7617559906158664,2.2909680438278484,3.687444754322881,7.111740396553344,10.120733222355458,13.178923637131106,21.243505803041362,131,24.4,2.75,4.0,6.25,131,16.8,3.25,5.88,8.5,131,9.9,3.5,7.0,10.0,131,9.2,4.0,8.0,11.0,130,7.7,5.38,9.81,13.78,128,5.5,6.38,11.62,15.57,128,3.9,7.25,12.5,16.0
MCHP,Hoch 3,75,0.7857837049144207,2.6999656073971146,4.982526416934653,7.483664401165761,10.491127950167085,12.819764686177175,23.677030511684627,75,30.7,2.75,4.5,6.15,75,21.3,4.0,6.12,7.75,75,14.7,4.75,7.38,10.3,75,13.3,4.75,8.12,11.5,74,10.8,5.25,9.5,15.93,73,8.2,7.0,13.25,16.0,72,8.3,8.12,13.56,16.0
MCHP,Hoch 4,40,0.7096285069872468,2.8820077629186893,4.475388047036523,7.535398996938491,10.632759847496777,14.640257817198837,29.44443178129421,40,27.5,3.0,4.31,5.55,40,12.5,4.25,6.06,10.28,40,7.5,4.25,7.38,10.4,40,7.5,4.5,8.25,16.0,39,5.1,5.25,9.38,16.0,38,5.3,8.12,14.44,16.0,38,5.3,8.62,15.62,16.0
MCHP,Hoch 5,25,1.3342843932619726,4.274602273680736,5.356630500210098,7.3762196437184295,8.572236921121544,9.590970771617869,16.056892483982963,25,52.0,4.25,5.75,7.8,25,32.0,5.0,7.25,8.4,25,20.0,5.25,7.25,8.5,25,16.0,5.25,8.5,11.65,24,12.5,5.75,10.0,15.62,24,8.3,8.75,13.25,16.0,24,8.3,8.75,15.62,16.0
MCHP,Hoch 6,9,1.940800707412307,4.178354694270969,6.379038125891917,7.229412970434842,7.825296033204844,8.10144724251223,8.377598451819615,9,55.6,4.5,6.25,7.25,9,33.3,6.25,6.25,7.25,9,22.2,6.25,7.0,7.65,9,11.1,6.25,8.25,10.2,8,0.0,7.25,10.31,12.0,8,0.0,10.88,12.94,15.82,8,0.0,10.88,15.81,16.0
MCHP,Hoch 7,4,4.298174351502327,6.384594427879262,7.190432834434548,7.657855973676208,8.300560538337843,8.514795393225052,8.729030248112265,4,75.0,5.88,6.62,6.85,4,75.0,5.88,6.62,6.85,4,25.0,7.12,7.56,8.12,4,25.0,9.12,9.88,10.1,4,25.0,9.12,10.38,11.5,4,0.0,9.12,10.38,11.5,4,0.0,11.0,13.19,14.88
MCHP,Hoch 8,1,6.264045008588929,6.264045008588929,6.264045008588929,6.264045008588929,6.264045008588929,6.264045008588929,6.264045008588929,1,100.0,4.5,4.5,4.5,1,0.0,6.25,6.25,6.25,1,0.0,6.25,6.25,6.25,1,0.0,6.25,6.25,6.25,1,0.0,6.25,6.25,6.25,1,0.0,6.25,6.25,6.25,1,0.0,6.25,6.25,6.25
MCK,alle,499,0.723653642008795,2.3484758074018854,3.6737831135267003,5.87934121363098,9.674193071518996,12.500643491086867,29.045173136633117,499,26.1,2.75,4.25,6.3,499,16.4,3.25,5.12,8.0,499,10.8,3.5,5.75,9.5,498,9.4,3.75,6.5,10.75,497,7.6,4.5,7.75,13.75,490,4.9,5.12,9.5,16.0,482,4.1,5.5,10.25,16.0
MCK,Hoch 1,220,0.723653642008795,2.1759863530709977,3.5865492902553084,6.05063527165461,10.159340657730036,14.126756189311722,29.045173136633117,220,26.8,2.62,4.0,6.77,220,19.1,3.0,5.25,8.27,220,10.5,3.5,6.0,10.05,220,10.0,3.75,6.75,13.52,219,8.2,4.5,7.75,16.0,217,5.5,5.0,9.5,16.0,215,4.2,5.25,10.12,16.0
MCK,Hoch 2,116,0.7732629051048472,2.2034440586680253,3.485989958713291,5.998371866371011,9.147801806213382,12.87388364802055,27.790363848807626,116,26.7,2.62,4.31,6.38,116,14.7,3.0,5.31,8.12,116,13.8,3.38,5.81,9.0,115,11.3,4.25,6.5,11.5,115,9.6,4.75,7.88,13.15,113,6.2,5.5,9.75,16.0,112,6.2,5.88,10.38,16.0
MCK,Hoch 3,69,1.2791460060068023,2.7049771411582424,3.598690094576383,5.793506186427285,8.69852888622201,11.687430553622058,24.48882468443149,69,24.6,3.0,3.5,4.6,69,14.5,3.25,4.5,7.45,69,13.0,3.5,5.75,8.5,69,10.1,3.75,6.5,9.95,69,7.2,4.5,7.75,13.5,67,1.5,5.5,11.5,14.8,67,1.5,5.75,12.12,15.7
MCK,Hoch 4,43,1.167654276081015,2.8837505142116613,4.2712681961762815,5.01853872253413,7.540752152822904,9.930287649860484,17.434094523668385,43,27.9,3.0,4.12,4.5,43,18.6,3.75,4.75,6.45,43,7.0,4.25,4.88,7.35,43,4.7,4.25,5.25,7.5,43,4.7,4.25,6.25,11.0,42,4.8,4.62,8.81,14.72,41,2.4,4.75,9.0,14.75
MCK,Hoch 5,23,1.039885879277265,2.347723075384641,3.8068005605520865,5.202513808663409,7.406250740451687,9.594666167061899,10.399657716540553,23,17.4,3.0,4.62,6.5,23,8.7,3.75,5.0,7.3,23,4.3,3.75,5.0,7.3,23,4.3,3.75,5.12,7.3,23,0.0,3.75,5.25,9.35,23,0.0,4.75,7.25,12.55,22,0.0,4.88,7.5,12.9
MCK,Hoch 6,11,1.2352553186419974,2.323041087572504,2.92111945140945,5.154862551923165,8.164384726340938,8.905227450032212,9.646070173723487,11,0.0,2.75,3.75,8.0,11,0.0,2.75,3.75,8.0,11,0.0,2.75,5.0,8.0,11,0.0,2.75,5.0,8.0,11,0.0,2.75,6.88,9.75,11,0.0,4.25,8.12,9.75,10,0.0,5.0,8.19,10.37
MCK,Hoch 7,10,2.5286260145127675,3.223625187097927,3.958638954347868,6.168591994199043,7.766053741597778,8.95558460996933,10.145115478340886,10,30.0,3.25,5.25,7.6,10,20.0,3.62,5.25,7.75,10,10.0,3.75,6.12,7.75,10,10.0,3.75,6.12,7.75,10,10.0,5.5,7.19,11.15,10,10.0,6.75,7.88,11.27,9,11.1,6.5,8.0,12.0
MCK,Hoch 8,6,3.3792916408274585,4.11161340257737,4.95081046489706,5.961366430467085,8.51597907335715,9.68416619971893,10.852353326080713,6,50.0,4.25,5.62,7.62,6,16.7,4.88,5.81,8.38,6,16.7,4.88,5.81,8.38,6,16.7,4.88,5.81,8.38,6,16.7,6.75,7.69,11.0,6,16.7,7.12,10.12,13.38,5,20.0,6.75,11.0,14.0
MCK,Hoch 9,1,4.325038696459395,4.325038696459395,4.325038696459395,4.325038696459395,4.325038696459395,4.325038696459395,4.325038696459395,1,100.0,4.25,4.25,4.25,1,0.0,4.25,4.25,4.25,1,0.0,4.25,4.25,4.25,1,0.0,4.25,4.25,4.25,1,0.0,7.25,7.25,7.25,1,0.0,10.25,10.25,10.25,1,0.0,10.25,10.25,10.25
MDB,alle,218,0.583163723857413,2.2547826858762265,4.114561584297067,6.320744575001996,10.740138846711247,12.007730285992315,17.622339019573115,218,31.7,3.0,4.5,6.15,218,17.9,3.75,5.5,9.08,218,11.0,4.0,6.25,10.58,217,10.1,4.25,7.0,11.5,211,9.0,5.25,9.38,12.25,203,6.4,6.0,10.75,12.75,192,4.7,6.0,11.5,14.0
MDB,Hoch 1,101,0.7384562915529611,2.2178344238996424,3.6035267978051326,6.01681993282283,10.337082090662872,11.99111044784919,17.622339019573115,101,25.7,3.0,4.0,5.75,101,14.9,3.25,5.0,8.75,101,8.9,3.5,6.0,10.25,101,7.9,4.0,6.5,10.75,99,6.1,4.25,8.75,12.0,92,3.3,5.75,10.31,12.23,88,2.3,5.88,10.81,13.75
MDB,Hoch 2,48,0.583163723857413,2.0222645641702712,4.385755586802949,6.565489102679566,9.857130567925982,10.951634705032568,12.733163377523791,48,35.4,3.12,4.75,5.83,48,20.8,4.0,5.5,8.55,48,12.5,4.25,6.5,9.75,48,12.5,4.38,7.06,11.1,47,12.8,5.25,9.62,11.45,46,13.0,8.0,11.0,13.12,42,11.9,6.12,12.5,14.17
MDB,Hoch 3,29,1.0759189649687309,2.474203506634634,3.796083696431503,6.391896194949573,10.854106058987677,11.878830793015165,13.12143502296422,29,27.6,3.0,4.0,6.1,29,17.2,3.75,5.75,7.65,29,13.8,3.75,6.25,10.7,29,10.3,4.0,8.5,11.3,28,7.1,5.75,9.81,12.0,28,7.1,6.38,11.31,12.3,26,7.7,6.0,11.75,14.25
MDB,Hoch 4,21,1.3220976585775484,3.9205987107954745,5.02348190238337,5.651693685300292,11.125616075694843,11.537486371476183,14.03817067162657,21,42.9,4.5,5.5,6.75,21,14.3,4.75,5.5,9.0,21,9.5,5.0,5.5,11.0,21,9.5,5.0,10.25,11.5,20,10.0,5.62,12.5,13.55,20,5.0,6.0,12.5,15.55,19,0.0,5.5,12.0,15.6
MDB,Hoch 5,11,1.7692926638837303,2.716082677943808,5.256621419426029,6.645940401290655,11.992509179083015,12.085002306487564,12.177495433892112,11,45.5,3.25,5.5,7.25,11,18.2,3.25,5.5,10.25,11,9.1,5.25,6.5,11.75,11,9.1,5.25,7.0,11.75,10,10.0,6.12,9.06,11.78,10,10.0,6.62,10.75,12.0,10,0.0,6.62,10.75,12.1
MDB,Hoch 6,4,1.9281691923862758,4.03942233716333,5.110363489886369,6.560609011637182,8.510108762753408,9.15994201312548,9.809775263497556,4,50.0,3.25,5.19,6.43,4,50.0,4.88,6.19,7.88,4,25.0,4.88,6.38,8.4,3,33.3,5.25,7.5,8.85,3,33.3,5.25,7.5,8.85,3,0.0,5.25,7.5,8.85,3,0.0,6.0,7.88,9.0
MDB,Hoch 7,2,2.786215747985254,3.647267948882217,4.50832014977918,5.369372350676143,5.88600367121432,6.0582141113937125,6.230424551573106,2,50.0,3.75,4.88,5.55,2,50.0,3.75,4.88,5.55,2,0.0,4.38,5.19,5.67,2,0.0,4.75,5.38,5.75,2,0.0,4.88,5.44,5.78,2,0.0,4.88,5.44,5.78,2,0.0,7.25,7.88,8.25
MDB,Hoch 8,1,5.7792529228040594,5.7792529228040594,5.7792529228040594,5.7792529228040594,5.7792529228040594,5.7792529228040594,5.7792529228040594,1,0.0,2.5,2.5,2.5,1,0.0,4.5,4.5,4.5,1,0.0,5.75,5.75,5.75,1,0.0,5.75,5.75,5.75,1,0.0,5.75,5.75,5.75,1,0.0,5.75,5.75,5.75,1,0.0,12.25,12.25,12.25
MDB,Hoch 9,1,7.277311609340121,7.277311609340121,7.277311609340121,7.277311609340121,7.277311609340121,7.277311609340121,7.277311609340121,1,100.0,6.0,6.0,6.0,1,100.0,6.0,6.0,6.0,1,100.0,7.25,7.25,7.25,1,100.0,7.25,7.25,7.25,1,100.0,7.25,7.25,7.25,1,0.0,7.25,7.25,7.25,1,0.0,14.0,14.0,14.0
MDLZ,alle,527,0.7567688915343653,2.495120896935365,4.324067670622915,6.784831609426247,9.779096571149209,11.33333097762197,24.011610802338573,527,27.5,2.75,4.75,6.25,527,19.0,3.75,6.0,8.25,527,14.2,4.25,6.75,9.75,525,10.5,4.5,7.25,10.25,518,6.2,5.0,8.0,11.25,509,4.1,5.5,9.5,12.75,502,2.6,5.88,10.19,14.25
MDLZ,Hoch 1,255,0.8270783999759654,2.419729882466869,4.129162469725121,6.281769129426261,8.796611209752076,10.327887281936158,16.653882849701677,255,27.5,2.75,4.75,6.4,255,18.0,3.5,5.5,7.5,255,13.3,4.0,6.25,8.75,253,8.7,4.25,6.75,9.95,249,5.6,4.75,7.25,10.3,245,2.4,5.0,8.5,11.75,240,2.1,5.25,9.75,13.8
MDLZ,Hoch 2,128,0.7567688915343653,2.4019992495429165,3.91900134755745,5.968189804082487,8.681233831404485,10.25024426963836,13.64086222432464,128,21.1,2.75,4.06,5.5,128,14.1,3.25,5.25,7.25,128,8.6,3.75,5.81,8.5,128,7.8,4.12,6.5,9.75,126,4.0,4.5,7.69,10.5,124,3.2,5.12,8.0,12.25,123,0.8,5.5,8.38,13.95
MDLZ,Hoch 3,69,0.9678615979505464,2.3803759617671587,4.423620249414281,8.0940743632868,10.10014722165314,11.610317962225615,21.805039399479078,69,26.1,2.75,4.75,5.75,69,14.5,3.75,6.0,8.6,69,8.7,4.25,8.0,10.0,69,8.7,4.75,8.25,10.65,68,4.4,5.0,9.5,11.55,67,4.5,6.25,10.0,13.6,67,4.5,6.5,10.75,15.1
MDLZ,Hoch 4,40,0.8727859843572765,3.276688660808178,5.747599695552742,8.946722968595704,11.507485323343458,13.467896280521032,24.011610802338573,40,37.5,3.5,5.31,7.0,40,32.5,5.0,8.56,9.9,40,27.5,5.62,8.81,11.35,40,20.0,6.0,9.56,12.35,40,10.0,6.75,11.25,13.55,39,7.7,8.25,11.25,13.6,38,2.6,8.25,12.0,14.6
MDLZ,Hoch 5,20,1.838353715676952,4.316651163772413,6.7890570747265695,8.455127177017884,9.98626273946712,11.45582384270725,18.318502369682253,20,35.0,4.12,6.12,6.85,20,35.0,6.62,7.06,9.08,20,35.0,6.62,8.38,9.88,20,20.0,6.62,9.81,11.55,20,15.0,6.88,11.25,13.05,19,15.8,8.0,12.25,14.35,19,15.8,8.75,13.62,15.8
MDLZ,Hoch 6,10,1.662938223095869,4.791949651423828,5.916941851328057,9.363099289909842,11.842816733216008,14.092431554152508,16.342046375089016,10,50.0,4.38,5.38,8.9,10,40.0,5.88,7.88,10.15,10,40.0,5.88,9.19,11.72,10,40.0,7.88,9.44,11.72,10,20.0,7.88,10.19,11.72,10,10.0,8.25,10.75,13.07,10,0.0,8.75,11.81,13.07
MDLZ,Hoch 7,4,4.192682905777154,4.886577705281554,5.195869606036044,6.811014532756004,9.577886859196493,10.500177634676653,11.422468410156817,4,50.0,3.75,4.5,5.4,4,50.0,4.62,5.81,6.83,4,50.0,5.12,6.75,9.45,4,25.0,6.38,8.44,10.12,4,25.0,6.88,8.44,10.12,4,25.0,7.12,8.81,10.28,4,0.0,9.0,11.38,11.6
MDLZ,Hoch 8,1,5.638729397007777,5.638729397007777,5.638729397007777,5.638729397007777,5.638729397007777,5.638729397007777,5.638729397007777,1,100.0,3.75,3.75,3.75,1,0.0,3.75,3.75,3.75,1,0.0,5.5,5.5,5.5,1,0.0,5.5,5.5,5.5,1,0.0,6.5,6.5,6.5,1,0.0,6.5,6.5,6.5,1,0.0,6.5,6.5,6.5
MDT,alle,553,0.6898961751846654,2.3322079415212724,4.10672875542664,7.261332640490695,11.969841259951611,14.87929747677575,31.249335111688715,553,33.5,3.0,4.5,7.0,553,23.5,3.75,6.25,9.5,553,19.2,4.0,7.25,11.75,552,16.5,4.25,8.0,13.5,547,12.2,5.5,10.0,16.0,538,8.0,6.62,12.69,16.0,533,6.2,7.75,13.25,16.0
MDT,Hoch 1,260,0.6898961751846654,2.1867316089397084,3.7859461285606955,7.348973654012371,11.924262699801403,15.69101725736965,31.15100386594246,260,32.7,2.75,4.5,7.25,260,24.2,3.5,6.25,9.77,260,21.2,3.75,7.25,11.75,259,18.1,4.0,8.0,12.8,256,12.9,5.38,9.56,16.0,250,7.6,6.5,11.75,16.0,247,6.9,7.5,12.38,16.0
MDT,Hoch 2,132,0.7031060362514058,2.2602736387106903,3.838928581712072,5.988876111666923,9.673343343164595,13.946523750481452,29.86176542836197,132,31.8,2.75,4.25,6.23,132,20.5,3.5,5.25,8.48,132,15.2,3.75,5.81,9.5,132,13.6,4.0,7.56,12.33,130,10.0,4.38,9.69,15.33,128,5.5,5.75,12.25,16.0,126,3.2,6.75,12.44,16.0
MDT,Hoch 3,77,0.7647636475526459,2.4413845452263145,4.229010492333983,6.475746901148649,11.86211870165438,14.487077358199166,31.249335111688715,77,28.6,2.75,4.5,6.55,77,18.2,4.0,5.75,7.85,77,13.0,4.0,6.25,11.7,77,11.7,4.25,7.0,14.75,77,7.8,5.25,11.0,16.0,76,3.9,6.12,14.38,16.0,76,2.6,7.25,14.81,16.0
MDT,Hoch 4,46,1.0363480986379785,3.177179713285647,4.722020431238135,8.19650612284071,13.062076178530473,13.434155235855107,29.68543314138352,46,41.3,3.25,5.0,7.0,46,23.9,3.88,7.25,9.5,46,19.6,4.5,8.12,13.0,46,13.0,5.0,8.25,14.25,46,8.7,6.5,13.94,16.0,46,8.7,8.25,16.0,16.0,46,2.2,9.5,16.0,16.0
MDT,Hoch 5,21,1.1718503158628608,4.077021298024927,5.464383073439249,10.546090204604466,12.705646945276886,18.775471457735826,19.252504100139777,21,33.3,3.25,4.75,7.5,21,28.6,4.5,8.25,10.5,21,19.0,5.25,10.5,12.5,21,19.0,6.5,10.5,15.25,21,19.0,8.5,15.25,16.0,21,19.0,10.5,16.0,16.0,21,14.3,10.75,16.0,16.0
MDT,Hoch 6,12,1.1636585731698208,4.455419963074678,6.388148878904543,11.791830568152506,18.088848573290246,20.70669568016299,23.30135193860935,12,58.3,4.5,7.0,8.43,12,50.0,5.38,10.06,13.03,12,41.7,6.25,11.62,15.75,12,41.7,6.25,12.62,16.0,12,41.7,7.88,12.62,16.0,12,33.3,10.88,16.0,16.0,12,33.3,10.88,16.0,16.0
MDT,Hoch 7,3,2.3322079415212724,3.9263881646884116,5.520568387855551,6.454807305265262,7.015350655711088,7.20219843919303,7.389046222674972,3,66.7,5.5,5.88,6.1,3,66.7,5.5,6.38,6.9,3,66.7,5.5,6.38,6.9,3,33.3,5.5,6.38,6.9,3,33.3,7.25,9.12,10.25,3,33.3,7.25,9.12,10.25,3,33.3,7.25,9.12,10.25
MDT,Hoch 8,2,3.2405051951958037,3.7788914088264676,4.317277622457132,4.855663836087795,5.178695564266194,5.286372806992326,5.39405004971846,2,50.0,4.12,4.69,5.03,2,50.0,4.12,4.69,5.03,2,50.0,4.12,4.69,5.03,2,50.0,4.25,4.88,5.25,2,50.0,7.0,8.88,10.0,2,50.0,8.12,9.44,10.22,2,50.0,8.12,9.44,10.22
MELI,alle,500,0.5155664000722968,2.574974331564802,4.286589269410731,6.70000829345006,9.613817945039886,11.019751391906064,19.955909203936,500,29.4,3.0,4.5,6.5,500,19.4,3.75,5.75,8.28,500,14.4,4.25,6.5,9.5,496,12.9,4.5,7.5,10.25,489,10.2,5.0,8.25,11.05,479,7.9,5.5,9.0,12.55,471,5.1,6.25,9.5,13.5
MELI,Hoch 1,239,0.5155664000722968,2.5495312805920527,4.10244032412269,6.399341927730484,9.377779525576978,11.279712056119703,19.955909203936,239,28.9,3.0,4.25,6.25,239,17.6,3.5,5.5,7.6,239,13.4,4.0,6.25,9.25,237,11.4,4.25,7.0,9.75,233,9.0,4.5,7.75,10.5,228,7.5,5.25,8.75,11.83,222,4.1,6.0,9.25,13.0
MELI,Hoch 2,116,1.0269583834152558,2.3122216791848307,4.4936980669798885,6.5420064024624445,8.482807465868689,10.12164729732228,15.71779464388736,116,31.0,3.0,4.75,6.75,116,21.6,4.0,5.75,7.62,116,12.1,4.38,6.5,8.38,116,11.2,4.75,7.75,9.38,113,8.8,5.0,8.0,10.45,110,6.4,5.5,8.75,11.28,109,4.6,6.25,9.5,12.6
MELI,Hoch 3,66,1.0102141516077277,2.3311122784398672,4.035272779949937,7.104183428195242,10.107905217636691,10.713329970849406,14.300462022685432,66,34.8,3.0,4.44,5.5,66,21.2,3.5,5.88,8.5,66,19.7,3.88,7.0,10.0,65,20.0,4.5,7.5,10.4,65,16.9,5.5,8.5,11.65,64,14.1,5.75,9.31,13.68,63,9.5,7.0,10.62,13.7
MELI,Hoch 4,35,1.3745922681726683,3.2946845101876843,4.097069621313376,6.705657646263877,10.315308594263543,10.85859608336845,15.562846546293155,35,22.9,3.25,4.5,5.55,35,20.0,3.75,6.0,7.85,35,17.1,4.0,6.5,10.25,34,17.6,4.25,6.5,10.77,34,14.7,4.5,9.0,12.9,33,9.1,4.5,9.25,15.35,33,6.1,4.5,9.25,15.95
MELI,Hoch 5,23,1.5178640499651284,3.820542351459891,5.222966575156385,8.064997342384258,9.869312315680121,10.399652503663217,11.584142497466084,23,26.1,4.0,4.88,6.25,23,17.4,4.5,7.38,9.2,23,17.4,5.0,8.0,9.7,23,13.0,5.25,8.62,9.7,23,8.7,5.75,9.25,13.05,23,4.3,5.75,9.25,14.45,23,4.3,6.25,9.38,14.45
MELI,Hoch 6,12,1.2014865944537978,3.608344056279237,4.660107673462624,8.090051561976772,10.535498395637111,10.638087881994986,10.706261310884315,12,16.7,3.25,3.75,6.53,12,16.7,3.38,6.56,10.13,12,16.7,4.5,7.94,10.45,12,8.3,7.0,9.81,10.45,12,0.0,7.25,10.12,10.5,12,0.0,7.25,10.12,10.5,12,0.0,8.12,10.5,10.72
MELI,Hoch 7,6,1.9025502376943129,5.439717295136767,6.6504234321458355,8.019656068645585,8.629380113243364,8.734327516602727,8.83927491996209,6,33.3,5.75,6.69,7.12,6,33.3,6.5,7.31,8.12,6,0.0,6.5,7.88,8.5,6,0.0,7.75,11.0,12.25,6,0.0,7.75,11.0,12.62,6,0.0,7.75,11.0,13.88,6,0.0,8.25,12.94,15.0
MELI,Hoch 8,2,5.553474972830625,7.774329723606613,9.995184474382599,12.216039225158585,13.54855207562418,13.992723025779375,14.436893975934574,2,0.0,5.38,5.44,5.47,2,0.0,7.25,8.12,8.65,2,0.0,9.88,12.06,13.38,2,0.0,10.75,13.38,14.95,2,0.0,10.75,13.38,14.95,2,0.0,10.75,13.38,14.95,2,0.0,10.75,13.38,14.95
MELI,Hoch 9,1,18.516416040227845,18.516416040227845,18.516416040227845,18.516416040227845,18.516416040227845,18.516416040227845,18.516416040227845,1,100.0,8.5,8.5,8.5,1,100.0,10.0,10.0,10.0,1,100.0,16.0,16.0,16.0,1,100.0,16.0,16.0,16.0,1,100.0,16.0,16.0,16.0,1,100.0,16.0,16.0,16.0,1,100.0,16.0,16.0,16.0
META,alle,386,0.5821406016520339,2.182812314727371,4.150083802042987,7.227707918066447,11.306875490521403,14.280161973712358,26.452641386042483,386,26.2,2.75,4.5,6.75,386,16.3,3.38,5.75,9.62,386,11.1,4.0,7.19,11.25,385,9.1,4.25,8.0,13.25,383,5.2,4.75,9.0,14.75,381,4.2,5.75,10.75,16.0,373,3.8,5.75,11.5,16.0
META,Hoch 1,175,0.7847054853171747,2.1439912482259267,3.849042959315541,6.957769482217596,11.211187965231446,14.186451423651983,25.288649813485858,175,29.1,2.75,4.38,6.65,175,16.0,3.25,5.62,9.5,175,12.0,3.75,6.88,11.15,174,8.6,4.12,7.75,13.18,173,5.2,4.75,9.75,14.25,172,4.7,5.75,10.5,16.0,167,4.2,5.75,10.62,16.0
META,Hoch 2,89,0.5821406016520339,2.4300134686216577,4.386335047224346,7.253392361762716,12.716503234916393,16.10239703438648,26.452641386042483,89,22.5,3.0,4.25,7.55,89,13.5,3.25,5.75,9.8,89,6.7,4.25,7.25,12.6,89,6.7,4.25,9.0,15.05,88,2.3,4.5,9.81,16.0,88,2.3,5.62,11.56,16.0,86,2.3,5.75,11.69,16.0
META,Hoch 3,53,0.9592862092125488,2.4199133492418707,4.192695815177343,7.57211349183908,10.381810303220755,11.448886538198895,20.573124484964946,53,22.6,3.0,4.5,6.1,53,17.0,4.0,5.5,8.45,53,13.2,4.0,7.5,10.25,53,13.2,4.25,7.75,10.45,53,11.3,4.75,8.75,11.9,52,7.7,5.12,10.31,14.22,51,5.9,6.0,10.38,14.0
META,Hoch 4,31,1.074979535648538,2.4847916137064274,4.795215245479519,7.441280803696778,8.647886360934256,12.294963419058723,17.78231567683912,31,35.5,2.75,5.12,6.5,31,29.0,4.5,6.38,7.5,31,19.4,4.75,7.38,8.5,31,16.1,5.5,7.75,11.75,31,9.7,6.5,8.75,12.5,31,6.5,6.5,11.62,16.0,31,6.5,7.5,12.62,16.0
META,Hoch 5,17,1.2347309238666702,1.9478217993152551,5.029808984674341,8.022375861539723,11.443182128713465,12.751544570643581,14.61110646594153,17,29.4,3.0,4.0,6.45,17,23.5,3.25,8.0,10.6,17,11.8,5.0,8.0,11.35,17,11.8,5.0,10.75,13.9,17,0.0,5.0,10.75,15.1,17,0.0,5.75,10.75,15.1,17,0.0,5.75,12.25,16.0
META,Hoch 6,8,1.099272565695652,2.088631369606377,4.443368330042183,8.031552653513627,11.35567190905605,12.025568750174246,12.695465591292447,8,25.0,3.0,3.44,6.55,8,12.5,3.62,6.25,11.28,8,12.5,4.38,7.94,11.28,8,0.0,4.38,12.94,14.78,8,0.0,4.38,13.38,16.0,8,0.0,4.38,13.38,16.0,8,0.0,4.38,13.38,16.0
META,Hoch 7,5,1.289070372109501,1.673044081438561,2.3617132521495336,4.782275786096759,5.2629228327928725,5.42313851502491,5.583354197256948,5,0.0,2.0,2.25,4.2,5,0.0,2.0,2.25,4.2,5,0.0,2.25,4.75,5.2,5,0.0,2.25,4.75,5.2,5,0.0,2.25,4.75,5.2,5,0.0,2.25,4.75,5.2,5,0.0,2.25,4.75,5.2
META,Hoch 8,3,1.3229869027540542,1.7444939395023589,2.166000976250664,3.177379828310142,3.784207139545829,3.9864829099577244,4.18875868036962,3,0.0,1.25,1.62,1.85,3,0.0,1.25,1.62,1.85,3,0.0,2.0,3.0,3.6,3,0.0,2.0,3.0,3.6,3,0.0,2.0,3.0,3.6,3,0.0,2.0,3.0,3.6,3,0.0,2.0,3.0,3.6
META,Hoch 9,2,1.5054237331273197,2.6575961762287763,3.8097686193302325,4.9619410624316895,5.653244528292563,5.883679016912854,6.114113505533146,2,0.0,1.38,1.44,1.48,2,0.0,3.75,4.88,5.55,2,0.0,3.75,4.88,5.55,2,0.0,3.75,4.88,5.55,2,0.0,3.75,4.88,5.55,2,0.0,3.75,4.88,5.55,2,0.0,3.75,4.88,5.55
META,Hoch 10,2,2.91885343921522,4.10352532626498,5.2881972133147395,6.472869100364499,7.183672232594355,7.420606610004307,7.657540987414259,2,0.0,2.5,2.62,2.7,2,0.0,5.12,6.31,7.03,2,0.0,5.12,6.31,7.03,2,0.0,5.12,6.31,7.03,2,0.0,5.12,6.31,7.03,2,0.0,5.12,6.31,7.03,2,0.0,5.12,6.31,7.03
META,Hoch 11,1,8.652932415736272,8.652932415736272,8.652932415736272,8.652932415736272,8.652932415736272,8.652932415736272,8.652932415736272,1,0.0,3.75,3.75,3.75,1,0.0,8.5,8.5,8.5,1,0.0,8.5,8.5,8.5,1,0.0,8.5,8.5,8.5,1,0.0,8.5,8.5,8.5,1,0.0,8.5,8.5,8.5,1,0.0,8.5,8.5,8.5
MFG,alle,568,0.5311843211166016,2.6333558780903994,4.718245239663011,7.602687711489438,12.146179139736274,15.351161900572173,36.08886506432031,568,32.0,3.0,4.75,6.75,568,23.2,3.75,6.5,9.33,568,19.4,4.5,7.5,12.0,566,17.3,5.0,8.5,13.38,558,14.7,6.0,10.25,16.0,549,12.6,7.25,12.0,16.0,538,11.5,8.25,15.19,16.0
MFG,Hoch 1,295,0.6542052190142005,2.4890302465169194,4.429378823320927,7.18181193487169,11.512481057360644,15.342318549846038,36.08886506432031,295,29.2,3.0,4.5,6.25,295,22.4,3.75,5.75,8.75,295,16.9,4.25,7.0,11.4,295,15.3,4.75,7.5,12.25,293,12.6,5.75,9.75,14.75,288,10.8,7.25,11.25,16.0,284,9.2,8.5,14.31,16.0
MFG,Hoch 2,126,0.5311843211166016,2.4973369200266236,4.69288040619775,7.923492059669016,11.794493208411321,16.728070819383493,35.304300892593226,126,38.1,3.0,4.5,7.0,126,27.8,3.75,6.5,9.12,126,25.4,4.5,7.88,11.75,125,22.4,5.0,9.25,12.4,123,17.9,6.5,10.25,16.0,123,13.8,7.25,12.88,16.0,121,14.0,8.25,15.75,16.0
MFG,Hoch 3,69,0.9438207025041829,2.775861854341848,4.088495819903899,7.094914532274165,10.533915134209813,12.412672584313386,30.13891721883683,69,29.0,3.0,4.75,6.8,69,15.9,3.5,6.0,8.65,69,14.5,4.0,7.0,10.5,68,14.7,4.62,8.0,12.83,66,15.2,5.5,10.5,16.0,66,15.2,6.88,12.88,16.0,64,14.1,7.25,15.25,16.0
MFG,Hoch 4,39,0.8484892606928673,2.5681126668075684,5.178073293946026,7.205876330687722,10.376087663592347,12.282868503349698,16.84746795249937,39,35.9,3.25,5.0,6.5,39,23.1,4.75,6.62,7.9,39,20.5,5.0,7.0,10.2,39,17.9,5.75,8.75,14.15,37,18.9,6.0,10.75,16.0,36,13.9,6.5,11.75,16.0,35,14.3,7.25,12.62,16.0
MFG,Hoch 5,21,1.2537311233318547,3.6128997795961935,6.4509814106110674,10.281232532744818,14.121014525178992,14.45651394028897,17.033324779255533,21,28.6,4.75,5.75,6.5,21,28.6,5.75,7.75,11.0,21,23.8,6.25,10.25,14.0,21,19.0,7.25,13.75,15.75,21,19.0,7.25,13.75,16.0,20,20.0,7.12,14.06,16.0,19,15.8,7.75,15.12,16.0
MFG,Hoch 6,9,1.7230782779385467,7.913040113058772,8.931034562136967,9.47473749997383,14.455812926400808,15.367447975456942,16.279083024513078,9,22.2,5.75,7.5,9.4,9,11.1,7.75,8.75,12.8,9,11.1,8.75,9.25,14.2,9,11.1,8.75,11.5,16.0,9,11.1,8.75,12.5,16.0,8,12.5,8.62,15.62,16.0,7,14.3,9.0,16.0,16.0
MFG,Hoch 7,6,2.9615398370104793,8.877137494583181,9.946620580889867,12.46013285060803,15.049908068306294,15.973235886217324,16.896563704128354,6,50.0,5.38,8.62,12.62,6,33.3,9.0,10.81,13.62,6,33.3,9.75,12.25,14.5,6,16.7,9.75,12.25,14.5,6,0.0,9.75,13.0,15.0,5,0.0,10.0,16.0,16.0,5,0.0,10.0,16.0,16.0
MFG,Hoch 8,3,5.074995704345946,7.787502312810224,10.500008921274501,12.137104064711604,13.119361150773868,13.446780179461287,13.774199208148708,3,100.0,7.0,9.5,11.0,3,66.7,10.25,12.0,13.05,3,66.7,10.5,12.12,13.1,3,66.7,10.5,12.5,13.7,3,33.3,10.5,13.0,14.5,3,33.3,10.5,13.25,14.9,3,33.3,10.5,13.25,14.9
MMM,alle,580,0.4738124743142522,2.513123273871365,4.385142183232185,7.622700787872817,11.482894963028345,13.160002024069467,27.24767858983365,580,27.4,2.75,4.5,6.75,580,17.4,3.75,6.25,9.78,580,13.8,4.25,7.5,11.28,578,10.9,5.0,8.75,13.0,573,8.9,6.0,10.5,15.45,566,8.5,7.25,12.5,16.0,561,6.6,8.0,14.0,16.0
MMM,Hoch 1,277,0.4738124743142522,2.478603173531009,4.338913511193454,6.917053964947676,10.69588326998543,12.220268686318665,18.010545060977254,277,24.2,2.75,4.25,6.35,277,14.1,3.5,5.75,9.0,277,10.5,4.25,6.75,10.5,277,9.7,5.0,8.0,11.6,275,7.3,5.75,9.5,14.95,270,6.7,6.75,12.0,16.0,268,5.2,7.12,13.5,16.0
MMM,Hoch 2,137,0.6431739333851524,2.8121144234966864,4.4876482427155135,8.316191052768623,11.73909093986988,13.686116840053026,23.40095404265336,137,28.5,3.0,4.75,6.6,137,19.7,4.0,6.75,10.8,137,17.5,4.25,8.25,11.6,137,12.4,5.75,9.5,13.6,135,11.1,7.25,12.0,16.0,134,11.2,8.0,14.38,16.0,133,9.8,9.5,16.0,16.0
MMM,Hoch 3,79,1.0902198568898342,2.81826717239674,4.729868391250322,8.827858025649165,12.409230431213237,14.07614463004255,24.810637558454587,79,35.4,3.5,4.75,8.05,79,22.8,4.0,7.12,12.0,79,19.0,4.5,8.62,12.25,78,14.1,6.75,10.19,13.75,77,13.0,7.75,12.25,15.6,76,11.8,8.88,13.38,16.0,75,8.0,9.25,14.12,16.0
MMM,Hoch 4,38,0.7598826505102406,2.452077725317713,5.0437591856050545,8.490568190246563,10.992940304928869,13.19291840199386,27.24767858983365,38,42.1,3.25,4.75,6.65,38,28.9,4.38,7.31,10.65,38,21.1,4.88,8.44,10.88,37,16.2,5.25,9.75,13.65,37,13.5,6.0,10.5,14.25,37,13.5,8.25,11.75,15.85,36,8.3,8.25,13.88,16.0
MMM,Hoch 5,18,0.9629392750046903,2.3900740674108065,3.1840013010593946,7.181247557103495,15.07297822423865,16.586207633972112,18.88051441109424,18,27.8,2.62,3.88,8.7,18,22.2,2.75,7.12,13.98,18,16.7,3.0,7.12,14.95,18,11.1,3.0,8.94,14.95,18,5.6,4.25,8.94,14.95,18,5.6,6.88,10.81,16.0,18,5.6,7.0,13.69,16.0
MMM,Hoch 6,11,0.771502870147764,2.0468784413684773,3.690393210291365,6.250203958037277,8.822745355999048,9.134422160706038,9.446098965413025,11,18.2,2.25,4.38,8.75,11,18.2,2.25,4.62,8.75,11,9.1,3.5,6.12,8.75,11,0.0,3.5,7.12,9.25,11,0.0,5.5,8.25,9.25,11,0.0,5.5,9.12,11.75,11,0.0,5.5,10.5,12.25
MMM,Hoch 7,7,1.723532821809294,2.646479422096766,4.421031768146635,5.308715303189488,7.344060505352044,8.630614602063742,9.917168698775448,7,14.3,2.75,3.88,4.1,7,0.0,2.75,4.0,4.75,7,0.0,4.25,5.12,7.2,7,0.0,4.25,5.12,8.3,7,0.0,5.5,8.62,10.85,7,0.0,6.25,12.12,14.05,7,0.0,6.25,14.12,15.1
MMM,Hoch 8,5,1.4303726721152052,3.603816654902773,4.353047534065106,6.429192836606371,10.344384378702195,11.649448226067467,12.954512073432742,5,0.0,2.25,3.25,5.05,5,0.0,3.5,4.25,5.45,5,0.0,4.25,6.25,10.15,5,0.0,4.25,6.25,11.05,5,0.0,4.25,11.75,13.7,5,0.0,4.75,13.25,14.9,5,0.0,4.75,16.0,16.0
MMM,Hoch 9,3,2.0388132428135686,3.0939044240773454,4.148995605341122,10.798006979377185,14.78741380379882,16.11721607860603,17.447018353413245,3,33.3,2.0,3.38,4.2,3,0.0,4.0,5.88,7.0,3,0.0,4.0,10.0,13.6,3,0.0,4.0,10.0,13.6,3,0.0,4.0,10.0,13.6,3,0.0,4.5,10.25,13.7,3,0.0,4.5,10.25,13.7
MMM,Hoch 10,2,1.8076502017777227,2.7590769600745837,3.710503718371444,4.661930476668306,5.232786531646422,5.423071883305794,5.613357234965166,2,0.0,3.25,4.12,4.65,2,0.0,3.62,4.56,5.12,2,0.0,3.62,4.56,5.12,2,0.0,3.62,4.56,5.12,2,0.0,3.62,4.56,5.12,2,0.0,3.88,4.94,5.58,2,0.0,3.88,4.94,5.58
MMM,Hoch 11,2,3.9476148192224403,4.672710143947321,5.3978054686722015,6.122900793397082,6.55795798823201,6.702977053176986,6.847996118121962,2,0.0,5.25,6.0,6.45,2,0.0,5.25,6.0,6.45,2,0.0,5.25,6.0,6.45,2,0.0,5.25,6.0,6.45,2,0.0,5.25,6.0,6.45,2,0.0,5.5,6.38,6.9,2,0.0,5.5,6.38,6.9
MMM,Hoch 12,1,3.6996949930668994,3.6996949930668994,3.6996949930668994,3.6996949930668994,3.6996949930668994,3.6996949930668994,3.6996949930668994,1,0.0,3.5,3.5,3.5,1,0.0,3.5,3.5,3.5,1,0.0,3.5,3.5,3.5,1,0.0,3.5,3.5,3.5,1,0.0,3.5,3.5,3.5,1,0.0,3.5,3.5,3.5,1,0.0,3.5,3.5,3.5
MNST,alle,490,0.5072998114520544,2.357958515569331,4.0757726703330714,6.655824414330159,10.47972922090795,13.343815257001559,26.047137600439214,490,26.5,2.75,4.5,7.0,490,15.9,3.5,5.75,8.75,490,11.2,4.0,6.5,10.28,487,8.6,4.25,7.5,11.7,482,6.2,4.75,8.5,13.0,475,4.4,5.5,9.75,14.75,470,2.6,5.75,10.19,14.78
MNST,Hoch 1,225,0.5117336350202922,2.286027205018695,3.8598417997048453,6.1473323004441776,9.760972318576924,12.30051157544978,24.974467169023125,225,25.8,2.75,4.5,6.25,225,16.4,3.25,5.5,8.3,225,11.6,3.75,6.0,9.65,224,8.5,4.0,6.5,10.43,222,5.9,4.5,7.94,11.5,220,4.5,4.88,8.5,12.5,219,1.4,5.5,8.75,13.0
MNST,Hoch 2,110,0.5072998114520544,1.9814478628417702,3.738438774389077,6.612576145283292,9.86869420662447,12.373753193197999,25.92420045640227,110,29.1,2.62,4.44,6.38,110,16.4,3.5,5.94,8.25,110,12.7,3.5,6.5,9.78,109,9.2,3.75,7.25,10.25,108,5.6,4.75,8.25,12.15,108,4.6,5.0,8.88,13.82,107,3.7,5.5,9.62,14.1
MNST,Hoch 3,67,1.1279150769841286,2.1589431772901158,4.3115669161588706,5.722349598150934,10.837726363810578,13.436819366789877,17.84031871883041,67,26.9,3.25,4.5,7.25,67,11.9,3.75,5.0,8.75,67,9.0,4.25,5.5,10.7,66,7.6,4.5,6.88,11.75,65,7.7,5.0,9.75,14.5,64,6.2,5.75,10.12,15.5,64,4.7,5.88,11.62,15.93
MNST,Hoch 4,37,1.181899401500581,2.4216232935122166,4.126557108602842,6.9562539637126575,10.725158394025396,11.97091071151575,21.71046777492839,37,27.0,2.5,4.25,5.85,37,18.9,3.25,5.0,8.6,37,13.5,4.0,6.75,10.6,37,10.8,4.5,7.5,13.0,36,8.3,4.75,10.94,13.88,35,0.0,7.0,12.12,14.75,34,0.0,7.62,12.94,15.62
MNST,Hoch 5,21,1.6081945048452715,3.8702745356670043,5.152636160793544,7.422647259260401,10.78689048769685,14.776613668859023,25.88370833879709,21,23.8,2.75,4.0,7.0,21,9.5,4.0,6.5,7.5,21,4.8,5.0,7.25,10.75,21,4.8,5.0,7.5,13.75,21,0.0,5.25,7.5,14.75,20,0.0,6.62,12.81,14.85,19,0.0,7.0,13.75,14.95
MNST,Hoch 6,14,1.0977039141698863,3.5520728348550907,5.473006317119539,10.560483526397105,17.763533705785672,22.24682985413766,26.047137600439214,14,14.3,2.88,3.69,5.18,14,14.3,4.38,8.69,14.5,14,7.1,5.25,10.44,14.8,14,7.1,5.25,10.62,14.8,14,7.1,6.62,10.62,16.0,13,0.0,8.5,14.75,16.0,12,0.0,11.12,15.06,16.0
MNST,Hoch 7,9,3.026115765417404,4.571757720222605,8.764608014367209,12.587444254944995,20.202005636459162,21.97416595301959,23.74632626958002,9,22.2,5.75,7.75,11.0,9,11.1,8.75,12.5,16.0,9,0.0,8.75,12.5,16.0,9,0.0,8.75,16.0,16.0,9,0.0,9.75,16.0,16.0,8,0.0,16.0,16.0,16.0,8,0.0,16.0,16.0,16.0
MNST,Hoch 8,4,2.4250017881410484,3.492504546155919,4.100984112820641,6.354491079034862,9.956042053032885,11.156559044365553,12.35707603569823,4,25.0,3.0,5.88,9.7,4,25.0,3.62,5.88,9.7,4,25.0,4.0,6.25,9.85,4,25.0,6.75,10.12,13.5,4,25.0,8.12,11.06,13.88,4,25.0,11.25,15.75,15.75,4,25.0,11.25,15.75,15.75
MNST,Hoch 9,2,6.510466175955134,6.820132491861388,7.129798807767642,7.439465123673897,7.6252649132176495,7.6871981763989,7.749131439580151,2,50.0,6.12,6.56,6.83,2,50.0,6.12,6.56,6.83,2,50.0,7.0,7.25,7.4,2,50.0,8.75,9.88,10.55,2,50.0,10.88,13.06,14.38,2,50.0,10.88,13.06,14.38,2,50.0,10.88,13.06,14.38
MNST,Hoch 10,1,8.792637121468411,8.792637121468411,8.792637121468411,8.792637121468411,8.792637121468411,8.792637121468411,8.792637121468411,1,100.0,7.5,7.5,7.5,1,100.0,8.75,8.75,8.75,1,0.0,8.75,8.75,8.75,1,0.0,8.75,8.75,8.75,1,0.0,8.75,8.75,8.75,1,0.0,8.75,8.75,8.75,1,0.0,8.75,8.75,8.75
MO,alle,503,0.547254886270906,2.347593597066165,3.937974884265237,6.706427719389802,9.83143411069775,12.0849731976021,29.191219225441213,503,27.8,2.75,4.5,6.7,503,15.5,3.5,5.75,8.95,503,11.9,3.75,6.5,9.75,503,8.5,4.25,8.0,11.45,498,6.2,4.75,8.75,12.65,490,5.3,5.5,9.44,14.78,480,5.0,5.75,9.75,16.0
MO,Hoch 1,221,0.7220016635416737,2.171983284960539,3.6821248243098483,6.380412926622104,9.583556009642885,12.083303737315292,29.191219225441213,221,26.2,2.75,4.5,6.25,221,14.9,3.25,5.75,9.0,221,12.2,3.5,6.25,9.5,221,7.7,4.0,7.5,10.5,218,6.0,4.5,8.44,11.65,213,5.2,5.25,9.0,14.45,208,5.3,5.25,9.25,14.83
MO,Hoch 2,122,0.547254886270906,2.365189973618569,3.9859756950653176,6.293956212471287,9.20864189898754,11.63896268134359,24.99765547887323,122,29.5,2.88,4.5,6.25,122,15.6,3.5,5.5,8.5,122,12.3,3.75,6.19,9.0,122,9.8,4.0,7.5,11.48,120,6.7,4.75,8.75,12.28,118,5.9,5.12,9.0,14.65,115,6.1,5.25,9.25,16.0
MO,Hoch 3,64,1.0293733637740372,2.8475562614841623,4.035605306424035,6.501871494544924,9.580670875649135,11.53782995746071,18.796854067689132,64,31.2,2.75,4.25,6.43,64,17.2,3.62,6.0,8.28,64,14.1,3.88,6.31,9.53,64,7.8,4.5,7.25,10.85,64,6.2,5.5,8.56,12.28,63,6.3,6.0,8.88,14.35,61,4.9,6.25,10.25,16.0
MO,Hoch 4,38,1.037841621714751,2.582337184215969,4.701907622672007,8.430206672990149,10.853126452408937,12.140314774938444,14.127864535221265,38,42.1,3.75,4.25,6.58,38,26.3,4.25,5.62,8.25,38,15.8,4.62,8.38,10.83,38,15.8,4.75,9.25,12.45,38,13.2,6.12,10.0,14.3,38,7.9,7.12,10.56,15.15,38,7.9,7.12,11.88,16.0
MO,Hoch 5,19,1.8725745029056535,2.983484401741075,4.182708814993536,7.363232054013553,10.587550390784612,12.687878320594113,13.816600840580127,19,21.1,2.75,4.25,6.05,19,10.5,4.0,6.0,9.0,19,5.3,4.0,7.25,10.5,19,5.3,4.5,9.38,12.75,19,0.0,6.25,9.38,12.75,19,0.0,6.75,11.12,14.2,19,0.0,6.75,12.38,16.0
MO,Hoch 6,13,1.257252773774305,2.327978063465707,4.04510446489048,8.98945082936344,11.012872672115286,11.824394477299684,12.301314649302064,13,15.4,3.0,4.75,7.95,13,0.0,3.75,4.75,8.35,13,0.0,4.0,8.75,11.0,13,0.0,4.0,8.75,11.6,13,0.0,4.75,9.0,14.05,13,0.0,4.75,9.0,14.05,13,0.0,4.75,9.0,14.05
MO,Hoch 7,10,1.113058827386437,2.3774470044713056,4.441632975993436,8.63511383797542,10.52444841740989,13.157513280556826,15.790578143703772,10,20.0,1.5,6.12,7.67,10,10.0,3.62,6.12,7.67,10,10.0,4.25,8.5,10.35,10,10.0,4.25,8.5,10.37,10,10.0,7.12,9.62,14.88,10,10.0,7.62,9.62,14.88,10,0.0,7.62,9.62,14.88
MO,Hoch 8,7,1.2950095631444205,2.529647509922402,3.182214701067822,9.006457620961662,17.26200638635519,23.019584563751184,28.77716274114721,7,0.0,2.25,4.62,7.85,7,0.0,3.0,8.88,12.1,7,0.0,3.0,8.88,12.1,7,0.0,3.0,8.88,12.1,7,0.0,8.75,12.75,16.0,7,0.0,8.75,12.75,16.0,7,0.0,8.75,12.75,16.0
MO,Hoch 9,4,1.429473866873062,2.9542662400493014,3.4771336524306475,4.924968014607721,7.504783948145773,8.364722592658454,9.22466123717114,4,0.0,2.0,3.81,6.18,4,0.0,3.25,4.69,7.28,4,0.0,3.25,4.69,7.28,4,0.0,3.38,4.88,7.35,4,0.0,3.38,6.62,12.25,4,0.0,3.38,6.62,12.25,4,0.0,3.38,6.62,12.25
MO,Hoch 10,3,1.8925606017611316,3.1443509203959916,4.396141239030852,6.690982332241196,8.067886988167404,8.526855206809472,8.98582342545154,3,33.3,3.0,5.25,6.6,3,33.3,4.25,6.5,7.85,3,0.0,4.25,6.5,7.85,3,0.0,4.25,6.5,7.85,3,0.0,4.25,10.12,13.65,3,0.0,4.25,10.12,13.65,3,0.0,4.25,10.12,13.65
MO,Hoch 11,1,6.451855504306985,6.451855504306985,6.451855504306985,6.451855504306985,6.451855504306985,6.451855504306985,6.451855504306985,1,0.0,4.75,4.75,4.75,1,0.0,6.25,6.25,6.25,1,0.0,6.25,6.25,6.25,1,0.0,6.25,6.25,6.25,1,0.0,6.25,6.25,6.25,1,0.0,6.25,6.25,6.25,1,0.0,6.25,6.25,6.25
MO,Hoch 12,1,9.705852607740665,9.705852607740665,9.705852607740665,9.705852607740665,9.705852607740665,9.705852607740665,9.705852607740665,1,100.0,9.5,9.5,9.5,1,100.0,9.5,9.5,9.5,1,100.0,9.5,9.5,9.5,1,100.0,9.5,9.5,9.5,1,0.0,9.5,9.5,9.5,1,0.0,9.5,9.5,9.5,1,0.0,9.5,9.5,9.5
MPC,alle,431,0.632601403717547,2.3588348237000196,3.8104366470584234,6.433745524236934,9.531174784254661,12.372412505197842,33.44092677504784,431,26.0,2.75,4.5,6.5,431,16.7,3.25,5.75,8.5,431,11.6,3.75,6.25,9.5,428,9.8,4.25,6.75,10.58,423,6.6,5.0,8.0,11.75,414,5.3,5.25,9.0,13.17,407,3.9,5.25,10.5,16.0
MPC,Hoch 1,195,0.632601403717547,2.3172245987734197,3.912990900485498,6.3333831588483696,9.27521985470323,12.177277443539644,33.44092677504784,195,28.2,2.75,4.38,6.5,195,17.4,3.25,5.5,8.5,195,11.3,3.75,6.25,9.15,193,9.8,4.25,6.25,10.95,191,7.9,5.0,7.75,12.0,187,7.0,5.5,8.62,12.75,184,4.9,5.5,10.5,16.0
MPC,Hoch 2,96,0.6507549567777716,2.2087153976486746,3.4292341596859632,5.941289975492359,8.71030302965536,11.345160670326303,30.104645876264023,96,22.9,2.5,4.0,5.25,96,14.6,3.12,5.25,7.12,96,12.5,3.25,5.81,8.5,95,11.6,3.5,6.62,8.55,93,6.5,4.5,8.0,11.25,91,3.3,5.25,8.62,12.5,89,2.2,5.25,9.5,16.0
MPC,Hoch 3,52,0.8560741378700341,2.3303751139854616,3.9804160486340727,7.431676813884816,9.0684858794199,10.18047323780266,24.898722602944666,52,15.4,3.0,3.62,5.95,52,13.5,3.38,5.81,8.67,52,9.6,3.88,7.25,8.97,52,5.8,4.25,7.81,9.47,52,3.8,5.12,8.19,11.7,50,4.0,5.25,9.62,15.1,49,4.1,5.25,10.0,16.0
MPC,Hoch 4,38,1.4197840070772776,2.779354978996846,3.8095801550721173,6.564368154910549,10.621353399285464,12.483813366943417,13.36915596538341,38,31.6,2.88,5.25,8.25,38,23.7,3.62,6.0,10.33,38,15.8,3.75,6.38,10.58,38,13.2,4.62,6.5,11.05,37,8.1,4.25,9.5,12.35,36,5.6,5.62,12.31,14.62,36,2.8,5.75,12.31,16.0
MPC,Hoch 5,26,1.6116822239475401,2.866967327222163,4.121773112642401,6.905646046849705,9.16047908856941,11.786296189425368,12.653721133818374,26,34.6,3.0,5.12,6.62,26,23.1,3.75,6.44,7.75,26,11.5,4.0,6.69,9.0,26,11.5,4.12,6.69,10.38,26,3.8,4.25,7.31,10.75,26,3.8,4.62,8.06,15.62,25,4.0,4.5,11.0,15.7
MPC,Hoch 6,9,1.702049374757998,2.263647966009866,4.809148937187059,6.172844764124957,9.661244614403726,11.238097723715711,12.8149508330277,9,11.1,3.0,5.75,6.4,9,0.0,4.0,6.0,9.0,9,0.0,4.75,6.0,9.55,9,0.0,4.75,6.0,10.2,9,0.0,4.75,6.5,10.2,9,0.0,5.75,7.75,10.2,9,0.0,5.75,10.75,15.2
MPC,Hoch 7,7,1.560561971612301,3.8525639008232346,6.762068620908433,7.438921815237526,8.948660785121856,9.649480500104644,10.350300215087437,7,28.6,5.0,6.0,8.15,7,14.3,5.25,7.25,8.75,7,14.3,6.75,7.38,8.9,7,0.0,6.75,8.12,9.8,7,0.0,6.75,8.5,10.25,7,0.0,6.75,8.5,12.55,7,0.0,6.75,11.12,15.7
MPC,Hoch 8,3,4.495017487936878,7.453316036554385,10.411614585171892,11.742849405148068,12.541590297133773,12.807837261129007,13.074084225124244,3,66.7,10.0,10.12,10.2,3,33.3,10.25,11.0,11.45,3,33.3,10.25,11.62,12.45,3,33.3,10.25,12.25,13.45,3,33.3,10.25,12.25,13.45,3,33.3,10.25,13.12,14.85,3,33.3,15.25,15.62,15.85
MPC,Hoch 9,1,4.9411594368046305,4.9411594368046305,4.9411594368046305,4.9411594368046305,4.9411594368046305,4.9411594368046305,4.9411594368046305,1,100.0,4.75,4.75,4.75,1,0.0,4.75,4.75,4.75,1,0.0,4.75,4.75,4.75,1,0.0,4.75,4.75,4.75,1,0.0,4.75,4.75,4.75,1,0.0,4.75,4.75,4.75,1,0.0,4.75,4.75,4.75
MPC,Hoch 10,1,1.733454046954201,1.733454046954201,1.733454046954201,1.733454046954201,1.733454046954201,1.733454046954201,1.733454046954201,1,0.0,1.5,1.5,1.5,1,0.0,1.5,1.5,1.5,1,0.0,1.5,1.5,1.5,1,0.0,1.5,1.5,1.5,1,0.0,1.5,1.5,1.5,1,0.0,1.5,1.5,1.5,1,0.0,1.5,1.5,1.5
MPC,Hoch 11,1,2.067307982396945,2.067307982396945,2.067307982396945,2.067307982396945,2.067307982396945,2.067307982396945,2.067307982396945,1,0.0,2.0,2.0,2.0,1,0.0,2.0,2.0,2.0,1,0.0,2.0,2.0,2.0,1,0.0,2.0,2.0,2.0,1,0.0,2.0,2.0,2.0,1,0.0,2.0,2.0,2.0,1,0.0,2.0,2.0,2.0
MPC,Hoch 12,1,2.5468188407382994,2.5468188407382994,2.5468188407382994,2.5468188407382994,2.5468188407382994,2.5468188407382994,2.5468188407382994,1,0.0,2.5,2.5,2.5,1,0.0,2.5,2.5,2.5,1,0.0,2.5,2.5,2.5,1,0.0,2.5,2.5,2.5,1,0.0,2.5,2.5,2.5,1,0.0,2.5,2.5,2.5,1,0.0,2.5,2.5,2.5
MPC,Hoch 13,1,3.3959171321622943,3.3959171321622943,3.3959171321622943,3.3959171321622943,3.3959171321622943,3.3959171321622943,3.3959171321622943,1,0.0,3.25,3.25,3.25,1,0.0,3.25,3.25,3.25,1,0.0,3.25,3.25,3.25,1,0.0,3.25,3.25,3.25,1,0.0,3.25,3.25,3.25,1,0.0,3.25,3.25,3.25,1,0.0,3.25,3.25,3.25
MRK,alle,518,0.601158887940542,2.6926958136948445,4.225887545132016,6.4601926972753665,11.107399632355026,13.736788897934861,26.068829577071977,518,29.2,3.0,4.25,6.33,518,18.3,3.75,5.5,9.25,518,13.9,4.0,6.25,11.0,516,10.9,4.25,7.0,12.38,512,8.0,5.0,9.0,14.0,505,6.3,5.75,10.75,15.0,503,5.0,6.0,12.25,16.0
MRK,Hoch 1,239,0.601158887940542,2.5026717756775727,3.8908985295510647,6.879975468656198,11.166332789799197,13.71179013234145,20.761800895801994,239,26.4,2.75,4.25,6.5,239,16.3,3.5,5.5,9.55,239,12.6,3.75,6.75,11.05,238,10.1,4.0,7.69,12.33,235,7.7,5.0,9.5,13.75,233,6.4,5.5,10.5,14.65,232,5.2,6.0,12.31,16.0
MRK,Hoch 2,123,0.857132715199089,2.7311863706651023,4.248586389070118,6.401868592039008,11.08728100254476,14.682161191233796,22.689264824033117,123,35.0,3.0,4.25,6.7,123,21.1,3.5,5.75,9.5,123,15.4,4.0,6.25,10.95,122,13.1,4.25,6.94,12.43,121,11.6,5.5,10.0,14.0,121,10.7,6.25,11.5,14.75,120,7.5,6.25,12.31,16.0
MRK,Hoch 3,70,0.6341621367607174,3.3279175402197128,4.437210585360944,6.52760063048803,10.403841305682565,12.747974525589123,14.459814376902465,70,37.1,3.38,4.5,6.9,70,27.1,3.75,5.25,9.33,70,18.6,4.25,6.44,10.33,70,14.3,4.5,7.19,11.68,70,7.1,5.12,8.69,13.35,69,2.9,5.75,9.25,16.0,69,2.9,6.0,10.25,16.0
MRK,Hoch 4,33,1.2306818588045687,2.938796248903519,4.3059441606711255,6.485177006831803,8.469931544801815,9.816621030807253,13.160068995291846,33,12.1,2.5,3.25,4.45,33,9.1,3.75,5.0,6.2,33,6.1,4.25,6.25,8.35,33,3.0,4.25,6.75,10.35,33,0.0,4.5,7.75,10.65,32,0.0,5.88,9.12,13.58,32,0.0,6.0,11.44,14.7
MRK,Hoch 5,20,1.4718455390476632,2.930067688650789,4.398713223613406,6.832542566365383,12.273130909815087,15.330076237899823,22.281959135389254,20,20.0,3.0,4.06,4.88,20,10.0,4.25,5.38,8.65,20,10.0,4.25,6.75,12.05,20,10.0,4.25,6.75,14.8,20,5.0,4.62,8.81,14.8,19,0.0,6.75,14.25,15.2,19,0.0,6.75,14.62,16.0
MRK,Hoch 6,15,1.3968252002522925,3.1190508811035387,5.441621555507531,8.111812371894185,14.483418903668984,18.402361066276388,26.068829577071977,15,40.0,4.25,5.38,6.8,15,33.3,5.25,5.75,11.45,15,33.3,5.25,8.0,14.4,15,20.0,5.25,8.0,15.3,15,20.0,5.75,9.38,15.6,14,14.3,9.12,15.38,16.0,14,14.3,11.12,15.56,16.0
MRK,Hoch 7,7,2.100029271459919,3.316881796163542,3.867523386387275,5.947237962399535,6.260623590528572,6.311395905876982,6.362168221225392,7,28.6,3.25,5.0,6.1,7,14.3,3.25,5.5,6.1,7,14.3,3.75,5.75,6.1,7,0.0,4.25,5.75,6.1,7,0.0,5.5,8.0,10.15,6,0.0,5.0,8.88,12.88,6,0.0,5.0,8.88,12.88
MRK,Hoch 8,4,1.4102867658604263,3.205928057003365,4.0220029076248665,4.550796001747906,5.111073614736437,5.297832819065947,5.484592023395458,4,0.0,2.25,2.88,3.55,4,0.0,3.88,4.31,4.88,4,0.0,3.88,4.31,4.88,4,0.0,4.62,5.5,5.95,4,0.0,4.62,6.56,8.93,4,0.0,4.62,6.56,8.93,4,0.0,4.62,6.56,8.93
MRK,Hoch 9,3,1.7326872160618019,3.2490903909194384,4.765493565777075,5.1570526220717365,5.3919880558485325,5.470299867107465,5.548611678366397,3,33.3,3.25,4.0,4.45,3,0.0,4.75,5.12,5.35,3,0.0,4.75,5.12,5.35,3,0.0,4.75,5.12,5.35,3,0.0,4.75,5.12,5.35,3,0.0,4.75,5.12,5.35,3,0.0,4.75,5.12,5.35
MRK,Hoch 10,2,2.848436850320903,3.5342629296932007,4.220089009065498,4.905915088437795,5.3174107360611735,5.454575951935633,5.591741167810093,2,0.0,3.12,3.31,3.42,2,0.0,4.12,4.81,5.22,2,0.0,4.12,4.81,5.22,2,0.0,4.12,4.81,5.22,2,0.0,4.12,4.81,5.22,2,0.0,4.25,4.88,5.25,2,0.0,4.25,4.88,5.25
MRK,Hoch 11,1,4.3907472911427226,4.3907472911427226,4.3907472911427226,4.3907472911427226,4.3907472911427226,4.3907472911427226,4.3907472911427226,1,100.0,4.25,4.25,4.25,1,0.0,4.25,4.25,4.25,1,0.0,4.25,4.25,4.25,1,0.0,4.25,4.25,4.25,1,0.0,4.25,4.25,4.25,1,0.0,4.75,4.75,4.75,1,0.0,4.75,4.75,4.75
MRK,Hoch 12,1,4.6478252730109615,4.6478252730109615,4.6478252730109615,4.6478252730109615,4.6478252730109615,4.6478252730109615,4.6478252730109615,1,100.0,4.5,4.5,4.5,1,0.0,4.5,4.5,4.5,1,0.0,4.5,4.5,4.5,1,0.0,4.5,4.5,4.5,1,0.0,4.5,4.5,4.5,1,0.0,5.0,5.0,5.0,1,0.0,5.0,5.0,5.0
MRK.DE,alle,547,0.6877816717234908,2.582514817512779,4.293343612733078,7.179511808014222,10.52040263872475,12.901290928520448,25.08898102349587,547,29.3,3.0,4.5,6.75,547,18.8,3.75,5.75,8.85,547,14.3,4.25,7.0,10.5,546,13.0,4.5,7.5,11.5,538,9.9,5.38,9.0,14.0,529,8.1,6.25,10.75,15.3,523,6.7,6.75,11.75,16.0
MRK.DE,Hoch 1,257,0.7782785627102047,2.505798232722125,4.054983358219437,5.982746030687705,9.469840795115296,11.400126256984557,20.87523440885525,257,29.2,3.0,4.5,6.0,257,17.5,3.5,5.5,7.6,257,12.5,4.0,5.75,9.35,257,10.5,4.0,6.5,10.1,255,7.8,4.75,8.12,12.4,249,6.8,5.25,10.0,14.55,245,5.7,5.5,11.0,15.9
MRK.DE,Hoch 2,125,0.6877816717234908,2.376530116546443,4.320227739674446,6.842798758860151,10.31255785720768,13.141177418928887,25.08898102349587,125,28.0,2.5,4.75,6.9,125,16.8,4.0,6.0,9.4,125,12.8,4.25,6.75,10.25,125,12.8,4.75,7.5,12.25,123,9.8,5.5,8.88,13.75,121,8.3,6.5,11.25,15.75,119,6.7,7.0,12.38,16.0
MRK.DE,Hoch 3,71,0.8362248827256598,2.4478939798892374,4.352858317774139,7.511411306978016,11.418569784890872,12.59929816778596,23.668633196724432,71,25.4,2.75,4.75,7.0,71,19.7,4.0,6.5,9.25,71,18.3,4.25,7.38,11.25,71,16.9,4.75,8.38,11.25,69,15.9,5.75,9.5,13.6,68,14.7,7.0,10.94,14.83,68,11.8,8.25,11.75,16.0
MRK.DE,Hoch 4,48,0.8847033590073526,3.191073266082965,5.373132028886642,8.072429408085096,11.475858551755808,11.993785874886989,22.38342889247029,48,33.3,3.0,5.81,7.33,48,25.0,3.88,7.0,9.55,48,16.7,5.25,7.88,11.33,47,14.9,6.25,8.62,11.35,46,6.5,6.75,10.81,12.5,46,4.3,7.62,11.25,13.88,46,2.2,8.12,12.0,16.0
MRK.DE,Hoch 5,25,1.1721953417363113,3.5026431356907732,5.109357313508231,9.73115525820804,14.159908926615042,15.282131251999795,21.96316850609125,25,40.0,3.5,4.75,7.75,25,28.0,4.25,7.75,12.95,25,24.0,5.0,9.5,14.1,25,24.0,6.5,10.5,14.1,24,20.8,7.5,12.94,15.93,24,8.3,7.75,13.94,15.93,24,8.3,8.5,15.56,16.0
MRK.DE,Hoch 6,11,1.066489497624403,3.33553990080328,5.397588763068799,7.657433499915535,14.297742784443267,18.94698102726364,23.59621927008401,11,18.2,3.0,4.38,5.25,11,9.1,5.25,6.12,7.75,11,9.1,5.25,7.62,14.25,11,9.1,7.0,13.0,16.0,11,9.1,7.0,14.38,16.0,11,9.1,8.5,15.38,16.0,11,9.1,8.5,16.0,16.0
MRK.DE,Hoch 7,6,0.7531075461438481,2.778374086060317,6.5716856548894285,8.592616706355305,10.557447548594713,11.351954303781358,12.146461058968006,6,50.0,4.25,5.19,5.62,6,33.3,4.88,5.5,7.12,6,16.7,6.38,8.38,10.38,6,16.7,6.38,8.38,11.25,6,0.0,7.12,11.94,13.88,6,0.0,8.88,12.0,13.88,6,0.0,8.88,13.31,14.75
MRK.DE,Hoch 8,3,1.3958719788098524,1.9428000746427623,2.489728170475672,6.056638573075929,8.196784814636084,8.910166895156134,9.623548975676187,3,33.3,2.25,4.62,6.05,3,33.3,2.25,5.62,7.65,3,33.3,2.25,5.88,8.05,3,33.3,2.25,6.62,9.25,3,33.3,2.75,9.0,12.75,3,33.3,2.75,9.12,12.95,3,33.3,2.75,9.38,13.35
MRK.DE,Hoch 9,1,3.4662427186439633,3.4662427186439633,3.4662427186439633,3.4662427186439633,3.4662427186439633,3.4662427186439633,3.4662427186439633,1,0.0,3.25,3.25,3.25,1,0.0,3.25,3.25,3.25,1,0.0,3.25,3.25,3.25,1,0.0,3.25,3.25,3.25,1,0.0,4.75,4.75,4.75,1,0.0,4.75,4.75,4.75,1,0.0,4.75,4.75,4.75
MRNA,alle,177,0.7413908804107208,2.999206097956885,4.300365474610178,6.575839351807384,9.821301063140204,11.918381511788493,13.351676496266087,177,33.3,3.25,4.5,6.5,177,24.3,4.0,5.75,8.75,177,20.9,4.25,6.5,9.7,175,17.7,4.5,7.25,11.4,170,16.5,4.62,8.75,12.75,165,15.2,5.25,10.25,14.95,153,11.1,6.5,11.75,15.45
MRNA,Hoch 1,98,1.0710049966922341,2.9139981465661995,3.9665848226298976,6.206047338257756,9.49200262365724,12.145665427935969,13.351676496266087,98,34.7,3.0,4.44,6.15,98,27.6,3.75,5.25,9.0,98,22.4,3.75,6.12,9.3,97,19.6,4.0,7.0,11.35,95,18.9,4.25,9.38,13.4,94,18.1,4.5,10.19,15.43,86,14.0,5.88,11.94,15.75
MRNA,Hoch 2,41,0.7413908804107208,3.002903347789421,4.640729122540941,6.1031214255711435,10.977602079502123,11.863363288533886,12.635506028867852,41,31.7,3.0,4.5,6.25,41,19.5,3.75,5.75,8.75,41,17.1,4.5,6.0,10.75,40,12.5,4.62,6.38,12.03,39,12.8,5.0,8.25,12.3,38,7.9,5.62,10.25,12.88,35,2.9,6.5,11.38,13.9
MRNA,Hoch 3,23,2.3407687612183814,3.8115585008962274,4.711796085773168,6.796780070711328,8.694911331801194,8.780973265089706,9.66228386677825,23,13.0,4.0,4.88,5.5,23,8.7,4.25,6.12,6.7,23,8.7,4.5,6.62,8.5,23,8.7,5.25,7.0,9.35,22,9.1,6.38,8.56,10.5,22,9.1,6.62,9.5,15.55,21,4.8,7.75,11.75,16.0
MRNA,Hoch 4,13,2.3935510584866386,4.228670355286067,4.7203308420802506,8.00866509787096,10.457318336163224,11.498310861496098,12.511972342341013,13,61.5,4.25,6.5,7.2,13,46.2,4.5,7.5,8.2,13,46.2,4.5,8.0,10.35,13,38.5,5.5,8.5,10.35,12,25.0,6.62,8.75,10.55,11,27.3,8.75,9.88,10.75,11,27.3,8.75,10.88,12.25
MRNA,Hoch 5,1,2.484669090837893,2.484669090837893,2.484669090837893,2.484669090837893,2.484669090837893,2.484669090837893,2.484669090837893,1,0.0,2.25,2.25,2.25,1,0.0,2.25,2.25,2.25,1,0.0,2.25,2.25,2.25,1,0.0,2.25,2.25,2.25,1,0.0,2.25,2.25,2.25,0,,,,,0,,,,
MRNA,Hoch 6,1,5.8537198201838025,5.8537198201838025,5.8537198201838025,5.8537198201838025,5.8537198201838025,5.8537198201838025,5.8537198201838025,1,100.0,5.75,5.75,5.75,1,0.0,5.75,5.75,5.75,1,0.0,5.75,5.75,5.75,1,0.0,5.75,5.75,5.75,1,0.0,5.75,5.75,5.75,0,,,,,0,,,,
MRVL,alle,553,0.7087854245596856,2.604652701033664,4.334892472137716,7.071138671615382,9.81531172834738,12.089749533247232,23.989007375012637,553,31.1,3.0,4.5,6.25,553,22.6,3.75,5.75,8.5,553,18.1,4.25,7.0,9.75,550,14.9,4.75,8.0,11.03,545,11.6,5.5,9.75,13.4,543,9.2,7.0,11.25,15.0,535,7.1,8.25,12.75,16.0
MRVL,Hoch 1,274,0.7087854245596856,2.56681257068046,4.505701237205365,7.071014452251348,9.812193311284906,11.838031786070907,17.89831492566633,274,30.7,3.0,4.75,6.5,274,22.6,3.75,6.0,8.35,274,18.2,4.38,7.0,9.75,274,15.0,5.0,8.0,11.0,274,10.6,5.75,9.75,12.93,273,7.7,7.25,10.75,13.5,268,6.7,8.5,12.25,15.33
MRVL,Hoch 2,138,0.8139610363174471,2.568248099394073,4.228363403810717,7.488593522968681,9.875191375822217,13.070154340316034,23.989007375012637,138,30.4,3.0,4.69,6.57,138,22.5,3.75,5.75,8.57,138,16.7,4.0,7.44,9.8,138,14.5,4.5,7.94,10.87,138,12.3,5.5,9.25,13.5,137,9.5,7.25,11.0,14.65,135,7.4,7.75,12.38,15.75
MRVL,Hoch 3,66,0.7279147396272048,2.86817718872346,4.379376684410504,7.080564473489682,10.561655248427222,12.187326594274145,17.251664012624005,66,36.4,3.25,4.94,7.12,66,25.8,3.75,5.5,9.38,66,24.2,4.25,6.94,10.38,66,22.7,4.62,8.81,11.5,65,18.5,5.5,10.5,14.3,65,16.9,7.5,12.5,15.75,64,9.4,9.25,13.44,16.0
MRVL,Hoch 4,31,1.4097404785158778,2.6232111700391227,4.392162335943229,6.237358015277233,9.551795280803573,10.995681049613232,19.053051829426742,31,29.0,2.75,3.88,6.0,31,25.8,3.75,6.0,8.5,31,12.9,4.25,6.12,9.5,31,6.5,4.25,8.0,11.75,30,3.3,5.38,9.69,12.98,30,3.3,6.38,14.25,16.0,30,3.3,7.25,15.19,16.0
MRVL,Hoch 5,18,1.8201297359933608,3.048079873040005,3.961591247176455,6.1615068604786805,8.242139084635443,11.447859251711472,14.13037918187712,18,27.8,3.0,3.75,4.48,18,11.1,3.5,5.25,5.83,18,11.1,3.75,5.94,8.13,18,5.6,4.12,5.94,10.68,17,5.9,4.25,10.0,14.2,17,5.9,4.75,14.0,16.0,17,0.0,6.0,14.0,16.0
MRVL,Hoch 6,12,1.6247512491687601,2.15688789033237,4.490640139253886,6.1623421286902005,7.38103376137417,9.094157200349017,11.089523426909723,12,25.0,2.75,4.06,4.7,12,25.0,3.38,5.0,5.75,12,25.0,4.38,5.94,7.18,12,16.7,4.88,6.44,8.95,11,18.2,5.0,12.0,13.25,11,18.2,5.5,15.25,16.0,11,18.2,10.0,15.25,16.0
MRVL,Hoch 7,8,2.1814670004453345,2.747074498375228,4.763522861212848,7.546829901989243,8.50435553925392,9.070236752748585,9.636117966243253,8,25.0,3.12,3.5,5.07,8,12.5,3.62,5.44,6.3,8,12.5,4.62,7.44,8.45,8,12.5,4.62,8.31,8.8,7,14.3,6.25,10.5,13.3,7,14.3,8.25,14.38,16.0,7,14.3,11.75,16.0,16.0
MRVL,Hoch 8,3,3.0815975976128445,3.4514849338695566,3.821372270126269,4.627993448910146,5.111966156180472,5.273290391937247,5.434614627694023,3,33.3,3.0,3.5,3.8,3,0.0,3.75,4.5,4.95,3,0.0,3.75,4.5,4.95,2,0.0,4.12,4.69,5.03,2,0.0,4.62,4.94,5.12,2,0.0,7.5,8.62,9.3,2,0.0,7.5,8.62,9.3
MRVL,Hoch 9,2,3.7051663280507765,4.700661158422252,5.696155988793729,6.691650819165204,7.2889477173880906,7.488046683462385,7.687145649536681,2,50.0,4.12,4.44,4.62,2,0.0,5.5,6.5,7.1,2,0.0,5.5,6.5,7.1,1,0.0,3.5,3.5,3.5,1,0.0,4.75,4.75,4.75,1,0.0,10.0,10.0,10.0,1,0.0,10.0,10.0,10.0
MRVL,Hoch 10,1,4.280743637760783,4.280743637760783,4.280743637760783,4.280743637760783,4.280743637760783,4.280743637760783,4.280743637760783,1,100.0,3.75,3.75,3.75,1,100.0,4.25,4.25,4.25,1,100.0,4.25,4.25,4.25,0,,,,,0,,,,,0,,,,,0,,,,
MS,alle,610,0.5126250590639049,2.63668825601054,4.295599686802015,7.074141358805497,10.466966726297462,12.883107536425356,40.334213303405704,610,29.3,3.0,4.5,6.5,610,19.3,3.75,5.75,8.5,610,14.1,4.25,7.0,10.28,607,12.9,4.75,8.0,12.0,602,10.6,5.25,9.75,14.72,589,9.3,6.0,12.0,16.0,581,8.3,7.25,13.75,16.0
MS,Hoch 1,303,0.5126250590639049,2.549775046699521,4.2303491766964,6.721504012731677,10.385425661370629,12.911448717052755,40.334213303405704,303,26.1,2.75,4.5,6.25,303,20.1,3.5,5.38,8.0,303,15.2,4.0,6.62,10.25,302,13.6,4.5,7.75,11.98,300,12.0,5.0,9.25,14.03,294,10.5,5.62,11.75,16.0,289,9.3,7.0,13.5,16.0
MS,Hoch 2,133,0.6841789771201799,2.451367117260581,4.289864574379468,7.503609455046381,11.183043133965137,12.291348837472414,29.641063652915516,133,35.3,3.25,4.75,6.7,133,22.6,3.75,6.25,8.95,133,16.5,4.25,7.5,10.95,133,15.8,4.5,8.0,12.2,131,12.2,5.75,9.25,15.5,128,10.9,6.5,11.31,16.0,126,10.3,7.25,13.75,16.0
MS,Hoch 3,74,1.0049944905338664,2.7538813444011288,4.205278219322452,7.743019897417214,11.559613512644104,12.710952015952527,29.99650939157874,74,27.0,3.0,4.5,6.25,74,17.6,4.0,6.44,8.68,74,14.9,4.0,7.69,11.35,73,13.7,4.75,7.75,12.0,72,11.1,6.12,9.5,14.0,70,10.0,6.75,12.44,16.0,69,7.2,7.5,12.75,16.0
MS,Hoch 4,45,0.8316943586039949,3.041340749254422,3.7227974341287546,6.04908939816112,9.028683396206821,10.409787395572453,38.055210979466885,45,28.9,3.25,4.75,6.0,45,17.8,3.5,6.0,8.65,45,6.7,3.5,6.0,8.9,44,6.8,5.75,8.5,10.68,44,4.5,6.0,10.25,14.68,43,2.3,6.5,10.75,16.0,43,2.3,9.5,15.75,16.0
MS,Hoch 5,27,1.8418999550165231,3.4188865991549457,4.531064478230186,5.60071722438568,7.521012194586793,9.11058010081657,11.004064131085157,27,33.3,3.5,4.0,6.7,27,14.8,4.0,4.5,6.9,27,11.1,4.5,5.5,7.35,27,7.4,4.75,7.75,10.7,27,7.4,4.75,9.75,12.1,26,7.7,4.88,11.75,16.0,26,7.7,6.12,11.88,16.0
MS,Hoch 6,15,1.6949501056384335,4.162156313171611,4.8957081958428175,6.269032006757907,7.478024865941469,8.043644252559224,9.07625919715403,15,53.3,3.75,4.62,6.0,15,6.7,4.25,5.38,6.2,15,6.7,4.75,6.12,7.4,15,6.7,5.75,7.12,12.0,15,0.0,6.5,10.5,12.45,15,0.0,6.5,12.5,15.3,15,0.0,6.5,13.62,16.0
MS,Hoch 7,5,1.6310864956897213,3.6297524818144047,3.8209063505784795,5.416300483285995,6.70111853808827,7.129391223022361,7.557663907956453,5,20.0,3.5,5.25,6.6,5,0.0,3.5,5.25,6.6,5,0.0,3.75,5.25,6.6,5,0.0,5.25,7.75,11.95,5,0.0,5.25,10.75,13.45,5,0.0,5.25,14.0,15.2,5,0.0,5.25,16.0,16.0
MS,Hoch 8,2,1.3427323564570952,5.200988573401448,9.059244790345799,12.917501007290152,15.232454737456763,16.004105980845633,16.775757224234503,2,0.0,1.5,1.62,1.7,2,0.0,2.12,2.56,2.83,2,0.0,8.62,12.31,14.53,2,0.0,8.62,12.31,14.53,2,0.0,8.62,12.31,14.53,2,0.0,8.62,12.31,14.53,2,0.0,8.62,12.31,14.53
MS,Hoch 9,2,4.50068181058082,7.430331221577465,10.359980632574107,13.289630043570751,15.047419690168738,15.633349572368067,16.219279454567396,2,0.0,2.62,3.06,3.33,2,0.0,2.62,3.06,3.33,2,0.0,10.25,13.12,14.85,2,0.0,10.25,13.12,14.85,2,0.0,10.25,13.12,14.85,2,0.0,10.25,13.12,14.85,2,0.0,10.25,13.12,14.85
MS,Hoch 10,2,5.530656680334014,8.141129698183256,10.7516027160325,13.362075733881742,14.928359544591288,15.450454148161135,15.972548751730985,2,50.0,3.5,3.75,3.9,2,0.0,5.0,5.25,5.4,2,0.0,10.62,13.19,14.72,2,0.0,10.75,13.38,14.95,2,0.0,10.75,13.38,14.95,2,0.0,10.75,13.38,14.95,2,0.0,10.75,13.38,14.95
MS,Hoch 11,2,7.404496635684681,9.627657916875267,11.850819198065851,14.073980479256438,15.407877247970788,15.852509504208905,16.297141760447023,2,50.0,4.38,4.44,4.47,2,50.0,11.62,13.81,15.12,2,0.0,11.62,13.81,15.12,2,0.0,11.62,13.81,15.12,2,0.0,11.62,13.81,15.12,2,0.0,11.62,13.81,15.12,2,0.0,11.62,13.81,15.12
MSFT,alle,559,0.6669686059846601,2.189302770975736,3.9650926905910935,6.590563630043123,9.7133204144838,11.088825437948161,19.653761427625177,559,29.3,2.75,4.5,6.05,559,17.5,3.5,5.75,8.0,559,13.8,3.75,6.5,9.5,557,10.6,4.25,7.0,10.1,549,7.1,4.5,7.25,11.55,542,5.2,4.75,8.44,13.75,535,4.1,5.0,9.0,14.75
MSFT,Hoch 1,263,0.6669686059846601,2.1702441753055792,3.8759365828553882,6.30527319609375,9.257874156377214,10.33467702267005,19.653761427625177,263,28.5,2.75,4.5,6.2,263,19.0,3.5,5.5,8.0,263,14.4,3.75,6.25,9.2,262,11.5,4.25,6.75,9.75,258,7.4,4.5,7.0,11.33,252,4.4,4.5,7.75,12.7,247,4.0,4.75,7.88,12.35
MSFT,Hoch 2,131,0.6710482181049928,2.2001552303896768,4.092862572378725,6.624004617046747,9.47432920506327,11.276893389665966,17.97393656306587,131,38.2,2.75,4.88,6.25,131,22.9,3.75,6.12,8.5,131,18.3,4.0,6.5,9.25,130,13.1,4.5,6.75,10.53,128,10.2,4.62,7.12,11.57,127,9.4,4.75,8.88,13.5,125,5.6,5.0,9.0,14.15
MSFT,Hoch 3,65,0.734612728465061,2.197540267374563,2.8561072933580163,5.609342024667767,9.892666616344737,10.529957229800882,12.389440403671939,65,18.5,2.5,3.25,5.4,65,9.2,2.5,4.75,6.4,65,6.2,2.75,5.5,9.75,65,6.2,3.0,6.0,9.9,64,3.1,3.0,6.81,10.75,64,3.1,3.12,7.31,13.18,64,3.1,4.12,8.0,13.6
MSFT,Hoch 4,39,0.7033641572399096,1.8251688628916585,3.996360315185504,6.191984423791542,9.945573811892416,14.696682088405268,17.528311411074487,39,23.1,2.75,4.25,5.05,39,7.7,3.25,5.38,7.4,39,7.7,3.75,6.0,9.75,39,7.7,4.0,6.5,9.95,38,7.9,4.0,7.69,11.05,38,2.6,4.12,8.94,14.0,38,2.6,4.75,9.69,15.83
MSFT,Hoch 5,23,1.0310243818070883,2.5701569205875465,3.9908440420309894,5.777451609979202,8.315040479845392,9.060203760661624,16.2649957247117,23,21.7,2.5,3.75,4.75,23,8.7,3.5,4.75,6.6,23,8.7,3.75,5.62,8.2,23,8.7,4.5,6.12,8.8,23,4.3,4.5,6.5,11.6,23,4.3,4.75,7.38,12.4,23,4.3,4.75,9.38,14.7
MSFT,Hoch 6,14,1.119378669987871,3.315519787829365,5.1029211021274286,7.734905638993323,9.51849760180051,11.94790211030487,15.524838441606619,14,28.6,3.38,5.12,6.28,14,21.4,3.75,7.44,9.48,14,14.3,4.88,7.69,9.48,14,0.0,5.0,7.94,11.05,14,0.0,5.0,7.94,14.3,14,0.0,6.38,11.0,15.43,14,0.0,6.88,11.06,15.85
MSFT,Hoch 7,8,1.35411892945192,2.187594534545465,7.440119145339089,9.804738418626904,11.927717265187546,13.414108460420387,14.900499655653233,8,12.5,2.75,4.75,6.17,8,0.0,4.75,7.38,9.85,8,0.0,7.25,9.75,11.77,8,0.0,7.25,9.75,11.77,8,0.0,7.25,9.75,11.77,8,0.0,9.88,11.56,15.12,8,0.0,10.5,11.56,15.12
MSFT,Hoch 8,7,1.483221394575478,4.733095083750969,7.801686999019325,11.554625842245919,13.3365325285251,13.48517796632346,13.633823404121822,7,71.4,5.5,8.0,10.7,7,42.9,6.75,9.0,11.35,7,42.9,7.75,11.38,13.2,7,28.6,7.75,11.38,13.2,7,14.3,7.75,11.38,13.2,7,14.3,13.0,13.5,14.5,7,14.3,13.0,13.5,14.5
MSFT,Hoch 9,4,1.805390216033059,3.1233661642524373,5.651281859299548,7.807374170323117,7.928877648012371,7.969378807242122,8.009879966471873,4,25.0,3.62,5.75,7.1,4,0.0,5.5,7.62,7.85,4,0.0,5.5,7.62,7.85,4,0.0,5.5,7.62,7.85,4,0.0,6.25,7.62,7.85,4,0.0,7.75,10.0,13.6,4,0.0,7.75,10.0,13.6
MSFT,Hoch 10,3,1.9910938629366182,4.462977846573604,6.934861830210589,7.662945223826743,8.099795259996435,8.245411938719666,8.391028617442897,3,66.7,6.75,7.5,7.95,3,33.3,6.75,7.5,7.95,3,33.3,6.75,7.5,7.95,3,33.3,6.75,7.5,7.95,3,0.0,6.75,7.5,7.95,3,0.0,8.25,12.12,14.45,3,0.0,8.25,12.12,14.45
MSFT,Hoch 11,1,2.526708599223514,2.526708599223514,2.526708599223514,2.526708599223514,2.526708599223514,2.526708599223514,2.526708599223514,1,0.0,1.25,1.25,1.25,1,0.0,2.5,2.5,2.5,1,0.0,2.5,2.5,2.5,1,0.0,2.5,2.5,2.5,1,0.0,8.25,8.25,8.25,1,0.0,16.0,16.0,16.0,1,0.0,16.0,16.0,16.0
MSFT,Hoch 12,1,3.4790218404002085,3.4790218404002085,3.4790218404002085,3.4790218404002085,3.4790218404002085,3.4790218404002085,3.4790218404002085,1,0.0,2.25,2.25,2.25,1,0.0,3.25,3.25,3.25,1,0.0,3.25,3.25,3.25,1,0.0,3.25,3.25,3.25,1,0.0,10.25,10.25,10.25,1,0.0,16.0,16.0,16.0,1,0.0,16.0,16.0,16.0
MSTR,alle,523,0.4967670256729008,2.642743699545927,4.4908809831662815,7.511100005904225,11.013097285726202,14.834785116184733,30.30600509519619,523,32.5,3.0,4.75,6.95,523,23.1,3.75,6.12,9.25,523,17.6,4.25,7.38,10.95,520,14.6,4.75,8.5,13.53,512,12.1,5.5,10.25,15.48,503,10.7,6.25,11.5,16.0,492,8.5,6.75,13.0,16.0
MSTR,Hoch 1,258,0.4967670256729008,2.461253835680577,4.275656503891343,7.700606031763856,11.894583366223383,15.520302742982615,30.30600509519619,258,31.8,2.75,4.5,7.0,258,20.9,3.75,6.0,9.08,258,17.4,4.25,7.5,11.75,255,15.3,4.5,8.88,14.4,251,12.7,5.25,10.5,16.0,246,12.2,6.12,12.25,16.0,236,9.7,6.75,13.31,16.0
MSTR,Hoch 2,126,0.74041429697541,2.5825495155467397,4.601275525213982,7.348873457250749,12.237086017492484,15.496755858864297,24.47783619694663,126,34.9,3.25,4.94,6.62,126,25.4,4.0,6.19,10.0,126,19.8,4.5,7.25,12.0,126,14.3,5.12,8.0,13.0,125,10.4,6.0,9.25,14.75,122,6.6,7.0,10.5,15.95,121,5.8,7.25,12.5,16.0
MSTR,Hoch 3,62,1.001123735743675,2.8008121667214185,4.843084617192433,6.687928584392266,9.998858197369879,12.592343079109341,22.76129873794118,62,33.9,3.38,5.19,6.97,62,29.0,4.0,6.25,8.42,62,16.1,4.75,6.62,9.97,62,12.9,5.25,8.5,12.37,61,11.5,6.5,10.5,13.25,60,10.0,7.38,11.44,16.0,60,6.7,8.12,13.12,16.0
MSTR,Hoch 4,29,1.478896084538265,2.971169680589099,3.8487546235265198,6.796377712600147,9.409579933555412,11.355753170972106,13.810730947245894,29,31.0,2.75,3.75,4.85,29,24.1,3.0,4.75,6.75,29,10.3,3.75,6.75,9.3,29,10.3,4.5,8.0,10.95,28,10.7,5.12,8.56,14.12,28,10.7,5.25,10.5,15.3,28,3.6,5.62,11.62,16.0
MSTR,Hoch 5,18,1.3596897578797156,3.1725816700654574,4.805971326693577,6.373468821829563,10.762124729180654,11.331352169704212,14.049811060810905,18,22.2,2.75,4.0,6.05,18,16.7,4.0,5.5,7.43,18,11.1,4.75,6.19,10.57,18,11.1,4.75,8.81,10.57,17,5.9,4.75,8.25,12.35,17,5.9,5.0,13.25,14.25,17,5.9,5.25,14.0,14.95
MSTR,Hoch 6,13,1.1868725890543474,3.6542205492276816,4.634571924429585,8.2057156978061,9.525663348698135,11.680316466880978,14.865283216625835,13,38.5,3.0,4.25,5.1,13,23.1,4.5,6.5,7.65,13,23.1,4.5,8.0,9.45,13,15.4,5.0,9.5,10.65,13,15.4,5.75,9.5,13.85,13,15.4,5.75,11.5,15.75,13,15.4,6.0,14.75,15.8
MSTR,Hoch 7,8,2.618441467651051,3.660416103171811,6.831088963175336,10.389675468097463,11.972680741579053,12.753004103682999,13.533327465786947,8,50.0,3.88,5.0,7.77,8,37.5,6.12,8.94,10.7,8,37.5,6.62,10.31,11.92,8,37.5,6.62,11.62,12.45,8,37.5,6.75,12.38,14.25,8,37.5,6.75,14.12,16.0,8,37.5,7.38,14.12,16.0
MSTR,Hoch 8,3,2.7117650382935827,3.3027127082216072,3.8936603781496317,5.015928931669706,5.689290063781752,5.913743774485766,6.138197485189782,3,0.0,3.75,4.88,5.55,3,0.0,3.75,4.88,5.55,3,0.0,3.75,4.88,5.55,3,0.0,4.75,5.38,5.75,3,0.0,4.75,5.38,5.75,3,0.0,4.75,5.38,5.75,3,0.0,6.0,6.25,6.4
MSTR,Hoch 9,3,0.8149594540823336,4.222166542067216,7.629373630052099,8.315541349756293,8.727241981578809,8.864475525519648,9.001709069460487,3,33.3,7.5,8.12,8.5,3,33.3,7.5,8.12,8.5,3,33.3,7.5,8.25,8.7,3,33.3,7.5,8.88,9.7,3,33.3,7.5,8.88,9.7,3,33.3,7.5,8.88,9.7,3,33.3,7.5,9.38,10.5
MSTR,Hoch 10,1,1.2564898557194475,1.2564898557194475,1.2564898557194475,1.2564898557194475,1.2564898557194475,1.2564898557194475,1.2564898557194475,1,0.0,1.25,1.25,1.25,1,0.0,1.25,1.25,1.25,1,0.0,1.25,1.25,1.25,1,0.0,1.25,1.25,1.25,1,0.0,1.25,1.25,1.25,1,0.0,1.25,1.25,1.25,1,0.0,1.25,1.25,1.25
MSTR,Hoch 11,1,2.33075484257355,2.33075484257355,2.33075484257355,2.33075484257355,2.33075484257355,2.33075484257355,2.33075484257355,1,0.0,2.25,2.25,2.25,1,0.0,2.25,2.25,2.25,1,0.0,2.25,2.25,2.25,1,0.0,2.25,2.25,2.25,1,0.0,2.25,2.25,2.25,1,0.0,2.25,2.25,2.25,1,0.0,2.25,2.25,2.25
MSTR,Hoch 12,1,2.4177529930816837,2.4177529930816837,2.4177529930816837,2.4177529930816837,2.4177529930816837,2.4177529930816837,2.4177529930816837,1,0.0,2.25,2.25,2.25,1,0.0,2.25,2.25,2.25,1,0.0,2.25,2.25,2.25,1,0.0,2.25,2.25,2.25,1,0.0,2.25,2.25,2.25,1,0.0,2.25,2.25,2.25,1,0.0,2.25,2.25,2.25
MTX.DE,alle,540,0.4487171249407881,2.3799782564233807,3.8217698062552983,6.142684828149102,9.074406644542377,11.845740798938005,40.92338385982585,540,26.1,2.75,4.25,6.0,540,15.6,3.25,5.25,7.03,540,11.9,3.75,6.0,9.0,535,9.9,4.25,6.5,10.25,527,7.8,4.75,7.75,12.0,521,4.4,5.25,9.25,13.75,516,3.5,5.75,9.81,15.38
MTX.DE,Hoch 1,254,0.4487171249407881,2.1446523405100026,3.614618451330383,5.841834425810571,8.442967559113495,10.137513120969457,36.88259652206856,254,23.6,2.5,4.0,5.68,254,14.6,3.25,5.0,6.75,254,11.0,3.5,5.75,8.25,252,8.7,3.75,6.5,9.5,250,7.2,4.5,7.75,11.0,245,3.7,4.75,8.75,12.3,242,3.3,5.25,9.0,14.25
MTX.DE,Hoch 2,138,0.5068951983259822,2.3846803361383877,3.8002975214613746,6.363785429225525,10.105672518098883,12.590407065986222,35.50565616054601,138,28.3,2.75,4.0,5.5,138,14.5,3.25,5.25,7.22,138,11.6,3.75,6.25,9.9,137,8.0,4.0,6.75,11.45,134,6.0,5.0,8.0,12.85,133,1.5,5.5,9.25,14.45,131,1.5,5.5,9.62,14.75
MTX.DE,Hoch 3,74,0.8927557225221231,2.3894071582197847,4.349495275125472,6.617565194465609,9.76544364316253,14.463192196409409,40.92338385982585,74,33.8,3.5,4.75,6.18,74,20.3,3.88,5.94,7.35,74,14.9,4.25,6.44,9.68,73,15.1,4.5,7.0,9.7,72,12.5,5.5,7.5,13.42,72,11.1,6.0,9.31,14.4,72,6.9,6.25,10.06,15.97
MTX.DE,Hoch 4,37,0.8567006203897132,3.0636212581372892,3.9939620355163146,6.165708351615397,11.264684447522628,12.198542859155088,40.69275847154366,37,32.4,3.0,4.75,6.5,37,21.6,3.5,6.0,8.75,37,16.2,3.75,6.0,11.15,36,16.7,4.12,6.5,11.25,35,11.4,5.5,8.5,13.7,35,8.6,5.75,10.38,15.6,35,5.7,6.0,13.12,16.0
MTX.DE,Hoch 5,15,1.4471325335186331,3.3297176710038148,4.81037211387423,6.2453972201324826,8.14531488222445,18.517923617818596,40.14308053867895,15,26.7,3.5,5.12,6.15,15,20.0,4.25,5.38,7.9,15,13.3,4.75,6.12,7.9,15,13.3,4.75,6.12,10.65,14,14.3,4.75,8.25,12.88,14,7.1,6.38,12.0,15.18,14,7.1,9.5,12.75,15.18
MTX.DE,Hoch 6,9,1.4422686208805566,2.795434929850677,4.608372977339902,5.1287822253812,7.371641292774845,9.544071640197304,11.716501987619766,9,11.1,4.0,4.5,5.6,9,11.1,4.25,4.5,5.6,9,11.1,4.5,5.0,7.3,9,11.1,4.5,5.25,7.5,9,0.0,4.5,6.5,8.9,9,0.0,5.0,10.25,12.05,9,0.0,6.5,10.5,12.05
MTX.DE,Hoch 7,6,1.8872492199824804,3.6858155459632687,4.723892354297299,5.245125695484539,6.191763073297373,6.6499688865754925,7.1081746998536115,6,0.0,3.5,4.81,5.12,6,0.0,4.0,4.81,5.12,6,0.0,4.62,5.19,6.12,6,0.0,4.62,5.19,6.25,6,0.0,4.88,5.19,6.25,6,0.0,6.25,8.94,12.75,6,0.0,6.25,11.19,14.25
MTX.DE,Hoch 8,3,2.665806088659615,3.669910677102459,4.674015265545303,4.691323550988946,4.7017085222551325,4.7051701793438605,4.708631836432589,3,0.0,4.5,4.5,4.5,3,0.0,4.5,4.5,4.5,3,0.0,4.5,4.5,4.5,3,0.0,4.5,4.5,4.5,3,0.0,5.75,5.88,5.95,3,0.0,11.75,13.88,15.15,3,0.0,14.75,15.38,15.75
MTX.DE,Hoch 9,2,3.5880223933897852,4.080770418363736,4.573518443337687,5.066266468311639,5.3619152832960095,5.460464888290799,5.55901449328559,2,0.0,3.88,4.69,5.17,2,0.0,3.88,4.69,5.17,2,0.0,4.5,5.0,5.3,2,0.0,4.5,5.0,5.3,2,0.0,5.25,6.12,6.65,2,0.0,8.12,10.44,11.82,2,0.0,9.62,12.69,14.53
MTX.DE,Hoch 10,1,4.351706918378484,4.351706918378484,4.351706918378484,4.351706918378484,4.351706918378484,4.351706918378484,4.351706918378484,1,0.0,2.0,2.0,2.0,1,0.0,2.25,2.25,2.25,1,0.0,4.25,4.25,4.25,1,0.0,4.25,4.25,4.25,1,0.0,4.25,4.25,4.25,1,0.0,4.25,4.25,4.25,1,0.0,4.25,4.25,4.25
MTX.DE,Hoch 11,1,5.310228545345042,5.310228545345042,5.310228545345042,5.310228545345042,5.310228545345042,5.310228545345042,5.310228545345042,1,0.0,3.25,3.25,3.25,1,0.0,5.25,5.25,5.25,1,0.0,5.25,5.25,5.25,1,0.0,5.25,5.25,5.25,1,0.0,5.25,5.25,5.25,1,0.0,5.25,5.25,5.25,1,0.0,5.25,5.25,5.25
MU,alle,572,0.5197678259904082,2.5733936404363953,4.29248914797051,6.711637414199914,10.192382947226484,12.484781491474003,19.38224229264057,572,30.8,3.0,4.25,6.0,572,21.5,3.75,5.75,8.0,572,17.3,4.25,6.5,10.0,568,15.8,4.5,7.5,11.33,563,13.7,5.25,8.75,13.75,555,10.3,6.25,11.0,15.65,546,9.0,6.75,12.5,16.0
MU,Hoch 1,276,0.5197678259904082,2.424509829395484,4.431481181926918,6.6106591020226535,10.452809599709106,12.616089749266806,17.101149827439635,276,32.2,3.0,4.5,6.38,276,22.1,3.75,6.25,8.25,276,18.5,4.25,6.5,10.38,275,16.4,4.75,7.25,11.3,274,13.9,5.25,8.94,13.93,271,9.6,6.5,11.0,16.0,269,8.6,7.0,12.75,16.0
MU,Hoch 2,134,0.743161183900007,2.34432924172921,4.246237248785706,7.2419825757575556,9.733542081881696,11.998736660389863,18.716179051841024,134,29.1,2.75,4.0,6.6,134,23.9,3.5,5.5,8.25,134,20.9,4.12,7.19,9.6,134,20.1,4.25,8.0,11.35,133,18.8,5.25,8.75,13.5,131,14.5,6.25,10.75,14.75,129,11.6,6.75,12.0,16.0
MU,Hoch 3,72,1.2146122331595326,2.81655553982179,3.8969187181702933,6.502739414114378,9.847136419317339,10.944462423015858,15.028781082126955,72,25.0,3.0,4.0,5.22,72,19.4,3.12,5.0,6.7,72,11.1,3.75,6.31,9.7,72,9.7,4.12,7.31,10.5,71,8.5,5.0,8.75,14.5,70,7.1,5.75,10.44,16.0,69,7.2,6.25,12.5,16.0
MU,Hoch 4,42,1.467883143329342,3.2188158471999153,4.423244740199857,6.181607053791054,10.472968221288758,13.333349959010704,19.38224229264057,42,33.3,3.12,4.19,5.25,42,19.0,4.0,5.44,7.25,42,16.7,4.25,6.06,10.27,42,16.7,4.75,8.06,11.67,41,14.6,5.0,9.75,14.5,40,12.5,5.88,11.94,16.0,39,10.3,8.25,14.5,16.0
MU,Hoch 5,22,1.523449646194218,3.621308649811783,5.080332152607186,8.102419914496,12.520378828513522,13.875527105499149,16.88607619036187,22,31.8,3.5,4.94,5.25,22,13.6,4.62,6.06,8.35,22,13.6,5.0,8.06,12.35,22,13.6,5.25,8.12,12.68,21,4.8,5.25,8.75,12.75,20,5.0,6.62,11.75,13.3,19,5.3,11.0,15.25,16.0
MU,Hoch 6,10,1.525029528849205,2.9025660016723096,4.874678332916121,6.561908215011599,9.2005903208441,9.588322759463242,9.976055198082387,10,30.0,3.38,3.75,4.17,10,20.0,4.75,6.5,7.65,10,10.0,4.75,6.5,9.07,9,11.1,4.0,6.75,9.35,9,11.1,4.0,6.75,10.9,9,11.1,4.0,11.0,11.1,8,12.5,6.25,11.12,12.85
MU,Hoch 7,7,1.1035065556840893,4.001576635719419,4.3639770024232245,5.002596234215513,6.818822241279579,8.164621284984435,9.510420328689296,7,14.3,4.0,4.5,4.75,7,0.0,4.25,4.75,6.65,7,0.0,4.25,4.88,6.8,6,0.0,4.5,5.69,7.75,6,0.0,4.5,5.69,9.0,6,0.0,4.5,5.69,9.0,5,0.0,4.75,9.0,10.8
MU,Hoch 8,4,1.5396148750205927,3.4082495814289318,4.602333451679614,5.435711117502546,5.907620773377596,6.064923992002612,6.222227210627629,4,25.0,4.12,4.44,4.78,4,0.0,4.5,5.0,5.0,4,0.0,4.5,5.25,5.7,3,0.0,4.0,5.0,5.6,3,0.0,4.0,5.0,5.6,3,0.0,4.0,5.0,5.6,3,0.0,4.0,6.38,7.8
MU,Hoch 9,3,3.9375068332197283,4.086321134793484,4.23513543636724,6.775451405323899,8.299640986697895,8.807704180489226,9.31576737428056,3,100.0,4.0,6.0,7.2,3,66.7,4.0,6.0,7.2,3,33.3,4.0,6.62,8.2,3,0.0,4.0,6.62,8.2,3,0.0,4.0,6.62,8.2,3,0.0,4.0,6.62,8.2,3,0.0,4.0,8.0,10.4
MU,Hoch 10,1,5.26547370177199,5.26547370177199,5.26547370177199,5.26547370177199,5.26547370177199,5.26547370177199,5.26547370177199,1,0.0,2.25,2.25,2.25,1,0.0,4.0,4.0,4.0,1,0.0,5.25,5.25,5.25,1,0.0,5.25,5.25,5.25,1,0.0,5.25,5.25,5.25,1,0.0,5.25,5.25,5.25,1,0.0,5.25,5.25,5.25
MU,Hoch 11,1,6.097429703464268,6.097429703464268,6.097429703464268,6.097429703464268,6.097429703464268,6.097429703464268,6.097429703464268,1,100.0,4.25,4.25,4.25,1,100.0,5.5,5.5,5.5,1,0.0,6.0,6.0,6.0,1,0.0,6.0,6.0,6.0,1,0.0,6.0,6.0,6.0,1,0.0,6.0,6.0,6.0,1,0.0,6.0,6.0,6.0
MUFG,alle,568,0.5436865817916202,2.8474650246718003,4.930310970022465,8.267235458541473,11.84398074834837,14.230896970117184,39.633713096055395,568,30.6,3.25,5.0,7.0,568,21.0,4.25,6.5,10.25,568,19.0,4.75,8.25,11.83,566,16.1,5.62,9.5,12.75,558,12.9,6.5,11.0,15.5,552,10.5,7.25,12.75,16.0,541,8.9,8.75,14.75,16.0
MUFG,Hoch 1,304,0.5436865817916202,2.6043792674007693,4.599142878232498,7.989800566535941,11.680002143634965,15.879650403434551,39.633713096055395,304,28.6,3.25,4.75,6.67,304,19.7,3.88,6.25,10.42,304,17.4,4.5,7.81,11.5,304,15.5,4.75,9.0,12.5,302,13.6,5.75,10.75,14.48,299,11.0,7.0,13.0,16.0,292,9.2,9.0,15.06,16.0
MUFG,Hoch 2,133,1.3000033389369376,2.861316081865967,5.271605639316512,8.457658632820344,12.352892388588764,13.899217462528163,25.85278663621287,133,32.3,3.25,5.5,7.2,133,22.6,4.25,7.25,10.45,133,21.8,5.25,8.25,12.25,133,16.5,6.0,9.0,12.95,131,13.0,6.75,11.0,15.75,129,10.1,7.5,12.0,16.0,126,9.5,8.5,14.44,16.0
MUFG,Hoch 3,65,0.8901762000702658,3.3055561256246824,5.484540636017261,7.5185184204349405,10.684039648214677,12.514491352992291,19.70766885409038,65,35.4,3.75,5.5,7.2,65,21.5,5.0,6.5,8.9,65,18.5,5.25,7.5,10.55,65,16.9,6.0,8.25,11.15,63,9.5,6.5,10.88,15.45,62,9.7,6.88,12.19,16.0,61,6.6,7.75,12.75,16.0
MUFG,Hoch 4,31,0.7368430014601843,3.905134448767776,6.4067719606846385,8.164305967766616,11.611759014262676,11.995646659415222,12.384620727148125,31,45.2,3.5,5.12,6.75,31,29.0,4.5,6.25,9.0,31,25.8,6.25,8.0,11.5,31,22.6,6.75,10.5,12.5,30,16.7,7.75,11.5,15.78,30,13.3,8.0,12.69,16.0,30,10.0,9.12,13.94,16.0
MUFG,Hoch 5,13,1.1741902741475485,2.696114432871919,4.739131213604529,9.122801846976728,10.268320724979805,19.969676283855847,34.26319185760875,13,23.1,2.5,4.0,5.5,13,15.4,2.5,4.5,8.35,13,15.4,4.5,9.0,10.1,13,15.4,7.75,9.5,13.05,12,8.3,9.12,11.06,15.53,12,8.3,9.12,14.88,15.93,12,8.3,9.12,15.62,16.0
MUFG,Hoch 6,10,1.1127666881751441,1.8858680019884686,4.979959482397504,11.446368399275965,14.862942100138795,26.856478557047964,38.85001501395718,10,10.0,2.5,2.94,4.35,10,10.0,2.88,4.62,9.52,10,10.0,4.88,11.25,12.4,9,11.1,9.5,12.0,13.2,9,11.1,10.75,12.5,14.4,9,11.1,10.75,16.0,16.0,9,11.1,10.75,16.0,16.0
MUFG,Hoch 7,9,2.5846188726551995,3.5427583849254916,4.307687927621702,11.01472190659423,12.937502758419981,14.369722677943873,15.801942597467766,9,11.1,3.5,4.0,5.8,9,11.1,3.5,4.25,7.0,9,11.1,4.25,11.0,12.75,8,0.0,6.75,11.25,13.12,8,0.0,9.88,12.88,15.57,8,0.0,9.88,13.0,16.0,8,0.0,9.88,13.0,16.0
MUFG,Hoch 8,3,6.441710828308778,7.267371536006674,8.093032243704572,8.594286017866478,8.895038282363622,8.995289037196004,9.095539792028385,3,66.7,6.25,6.5,6.65,3,66.7,6.25,7.12,7.65,3,66.7,8.0,8.5,8.8,3,33.3,8.0,9.12,9.8,3,33.3,12.75,14.38,15.35,3,0.0,12.75,14.38,15.35,3,0.0,12.75,14.38,15.35
MUV2.DE,alle,560,0.6968922397010715,2.33805811536989,4.036105897598723,6.754954232861922,10.222402036007395,12.510392762075012,52.036343500260884,560,25.2,2.75,4.5,6.5,560,14.3,3.5,5.75,8.53,560,10.5,4.0,6.56,10.03,558,8.6,4.25,7.25,11.0,554,5.4,4.75,7.75,12.5,546,4.2,5.25,9.0,14.25,545,3.5,5.75,10.5,16.0
MUV2.DE,Hoch 1,265,0.8646142774190728,2.227260034686122,3.6718711787825535,6.113241050776649,8.720826105915622,11.4610674966756,39.58732584223858,265,24.9,2.75,4.0,5.9,265,12.1,3.25,5.0,7.75,265,8.7,3.5,6.0,8.5,264,7.2,3.75,6.25,9.75,261,4.6,4.25,7.0,11.5,258,3.1,4.5,7.94,12.83,258,2.7,5.0,9.0,14.33
MUV2.DE,Hoch 2,134,0.6968922397010715,2.113438048210954,3.619237018992487,6.2221193396398995,10.548550474743564,12.601018197982059,39.82025503202589,134,22.4,2.75,4.25,6.25,134,13.4,3.25,5.5,9.2,134,10.4,3.5,6.0,10.35,133,9.0,3.75,7.25,10.75,132,5.3,4.12,7.56,12.1,130,3.8,4.5,8.44,13.83,129,3.1,5.25,10.0,16.0
MUV2.DE,Hoch 3,76,0.9947337108073869,3.101232474992943,4.5268040632431426,7.218007339789707,11.422339468995915,12.597645967643052,41.87344799103035,76,28.9,3.38,4.81,7.25,76,19.7,3.75,6.06,9.12,76,13.2,4.38,7.06,11.25,76,9.2,4.75,8.5,11.25,76,7.9,5.25,8.56,11.75,75,8.0,5.5,9.38,14.85,75,6.7,6.0,10.88,16.0
MUV2.DE,Hoch 4,38,1.0558601292881173,3.1572878302148943,4.9493489529559636,7.321698159423876,11.142643913958132,13.700877192138286,52.036343500260884,38,34.2,3.12,6.38,9.0,38,23.7,3.75,6.94,11.0,38,18.4,4.75,7.19,11.0,38,13.2,5.0,9.19,11.68,38,10.5,6.25,9.69,13.55,37,8.1,6.5,10.75,15.2,37,5.4,6.5,11.5,15.7
MUV2.DE,Hoch 5,16,1.2840346932575444,4.734540389318959,5.357951250565682,6.836789041925858,7.35738539113008,8.120490298175264,10.212671152037798,16,12.5,2.75,3.88,5.12,16,0.0,4.62,5.56,6.12,16,0.0,5.12,6.81,7.25,16,0.0,5.12,7.06,8.5,16,0.0,5.88,7.44,11.0,15,0.0,6.25,9.12,14.3,15,0.0,6.25,9.12,14.4
MUV2.DE,Hoch 6,12,2.379590652436281,5.725988801608884,6.89474910989397,7.481433537818405,7.757810003498715,9.910942157090284,12.526277178029712,12,16.7,3.12,4.88,5.93,12,0.0,6.12,7.25,7.7,12,0.0,6.75,7.31,7.72,12,0.0,6.75,7.38,7.97,12,0.0,7.12,7.81,12.73,12,0.0,7.25,8.88,13.08,12,0.0,7.25,8.94,13.1
MUV2.DE,Hoch 7,9,0.8977856512455455,5.8960278186962585,7.330463676875008,8.632133591946417,9.888283939247687,11.25153703879666,12.614790138345633,9,44.4,5.25,6.5,7.2,9,44.4,7.0,7.25,9.6,9,33.3,7.25,8.5,9.7,9,33.3,7.25,8.5,9.7,9,0.0,7.25,9.0,13.8,9,0.0,8.5,12.0,13.8,9,0.0,8.5,12.0,13.8
MUV2.DE,Hoch 8,5,1.210961385762661,6.313810402150906,6.558355592123633,7.6319975135595435,12.015916081008521,13.47722227015818,14.93852845930784,5,20.0,3.5,6.0,9.0,5,20.0,6.5,7.5,11.55,5,20.0,6.5,7.5,11.85,5,20.0,6.5,7.5,11.85,5,20.0,7.75,15.75,15.9,5,20.0,12.5,15.75,15.9,5,20.0,12.5,15.75,15.9
MUV2.DE,Hoch 9,2,1.8574839384627293,3.5100018428091877,5.162519747155646,6.815037651502104,7.80654839410998,8.13705197497927,8.467555555848563,2,50.0,4.75,6.25,7.15,2,50.0,5.0,6.62,7.6,2,50.0,5.0,6.62,7.6,2,50.0,12.12,14.06,15.22,2,0.0,12.12,14.06,15.22,2,0.0,12.12,14.06,15.22,2,0.0,12.12,14.06,15.22
MUV2.DE,Hoch 10,1,16.05763679018036,16.05763679018036,16.05763679018036,16.05763679018036,16.05763679018036,16.05763679018036,16.05763679018036,1,0.0,2.75,2.75,2.75,1,0.0,2.75,2.75,2.75,1,0.0,16.0,16.0,16.0,1,0.0,16.0,16.0,16.0,1,0.0,16.0,16.0,16.0,1,0.0,16.0,16.0,16.0,1,0.0,16.0,16.0,16.0
MUV2.DE,Hoch 11,1,37.61013718852702,37.61013718852702,37.61013718852702,37.61013718852702,37.61013718852702,37.61013718852702,37.61013718852702,1,0.0,2.25,2.25,2.25,1,0.0,2.25,2.25,2.25,1,0.0,16.0,16.0,16.0,1,0.0,16.0,16.0,16.0,1,0.0,16.0,16.0,16.0,1,0.0,16.0,16.0,16.0,1,0.0,16.0,16.0,16.0
MUV2.DE,Hoch 12,1,45.20607503522635,45.20607503522635,45.20607503522635,45.20607503522635,45.20607503522635,45.20607503522635,45.20607503522635,1,0.0,3.0,3.0,3.0,1,0.0,16.0,16.0,16.0,1,0.0,16.0,16.0,16.0,1,0.0,16.0,16.0,16.0,1,0.0,16.0,16.0,16.0,1,0.0,16.0,16.0,16.0,1,0.0,16.0,16.0,16.0
NEE,alle,549,0.6254595010781135,2.174669996267997,3.768848922797259,6.366899816545071,9.642541578270125,12.383560340430959,28.79646917862657,549,24.0,2.5,4.25,6.25,549,14.0,3.25,5.75,8.0,549,9.5,3.75,6.25,9.5,545,7.9,3.75,7.0,10.5,539,5.4,4.25,7.75,13.05,531,4.1,4.5,9.0,16.0,525,2.9,5.0,10.0,16.0
NEE,Hoch 1,230,0.637360826429599,2.1250049848258943,3.7009306444255694,5.901140965153234,9.424372546856148,13.18793466824015,22.069130889673538,230,23.0,2.5,4.25,6.25,230,12.2,3.0,5.0,7.75,230,7.8,3.5,5.75,9.27,228,6.6,3.75,6.25,10.33,224,4.5,3.75,7.06,13.43,221,2.7,4.5,9.25,16.0,218,2.8,4.5,10.0,16.0
NEE,Hoch 2,128,0.6254595010781135,2.060247432299164,3.9497288107972297,6.412674493155828,8.578599423151784,10.466013675894514,21.039949059662046,128,21.9,2.38,3.81,6.0,128,14.1,3.12,5.25,7.9,128,9.4,3.75,6.25,8.5,126,8.7,4.0,6.75,9.62,124,6.5,4.25,7.0,11.6,122,6.6,5.0,8.5,15.98,120,2.5,5.5,9.06,16.0
NEE,Hoch 3,81,0.9904262202298771,2.6687856577063602,4.205858668723152,6.25864362198882,8.237364778362247,10.529005399074295,13.823549834585998,81,24.7,3.0,4.25,6.0,81,13.6,3.5,5.75,7.25,81,8.6,4.0,6.25,8.0,81,6.2,4.5,7.0,8.5,81,2.5,5.0,7.5,11.0,79,2.5,5.75,8.0,13.2,78,1.3,5.75,8.69,15.47
NEE,Hoch 4,43,0.8855761470640092,2.6643755887820912,5.99361720962436,7.133032179741901,10.068811151204763,12.514786052825764,28.309298221497954,43,34.9,3.0,5.0,6.2,43,23.3,3.75,6.0,8.0,43,18.6,5.75,7.0,9.9,43,14.0,6.0,8.0,10.4,43,9.3,6.0,9.25,15.15,42,4.8,6.5,9.38,15.4,42,4.8,6.75,10.06,16.0
NEE,Hoch 5,23,1.4082254962866405,2.13073423482334,2.885465178009699,8.886213834654288,11.553025951210989,14.587948209863079,23.386007064586828,23,26.1,2.25,4.12,7.05,23,17.4,2.75,8.12,11.45,23,13.0,2.75,8.75,11.45,23,8.7,2.75,9.88,12.9,23,8.7,2.75,9.88,13.05,23,4.3,3.0,10.75,14.25,23,4.3,3.0,11.75,15.75
NEE,Hoch 6,17,1.7630062375935804,2.5649673580172685,3.5716519601935834,9.161814301372736,11.738099107360556,14.270798515003197,23.70573502116042,17,17.6,2.5,3.5,7.6,17,11.8,3.5,7.25,11.6,17,11.8,3.5,9.0,11.6,17,11.8,3.5,9.0,12.25,17,11.8,3.5,11.5,13.6,17,11.8,3.5,11.5,14.3,17,5.9,3.5,13.0,15.7
NEE,Hoch 7,10,1.4191439576615892,2.50662074873007,2.9648312822674985,6.46162102532889,11.924710371461602,20.36058977504407,28.79646917862657,10,30.0,2.5,3.81,5.87,10,10.0,2.88,6.44,8.8,10,10.0,2.88,6.44,10.6,10,10.0,2.88,6.44,10.6,10,0.0,2.88,8.69,12.62,10,0.0,2.88,10.19,14.2,10,0.0,2.88,11.69,16.0
NEE,Hoch 8,9,1.9312736964586836,3.115766040280398,3.6346104470006173,6.080578744337777,7.9796398855776625,9.051935958565759,10.124232031553857,9,22.2,3.0,3.5,4.85,9,11.1,3.5,6.0,7.45,9,11.1,3.5,6.0,7.8,9,11.1,3.5,6.0,7.8,9,11.1,3.5,6.0,10.55,9,11.1,3.5,6.0,12.3,9,11.1,3.5,6.0,14.8
NEE,Hoch 9,5,1.760171083225559,3.8204365730872216,4.765950279898939,7.280449067714474,7.599586682800492,7.705965887829165,7.8123450928578375,5,40.0,4.75,7.25,7.55,5,40.0,4.75,7.25,7.55,5,0.0,4.75,7.25,7.55,5,0.0,4.75,7.25,7.55,5,0.0,4.75,7.75,10.45,5,0.0,4.75,7.75,11.35,5,0.0,4.75,7.75,11.35
NEE,Hoch 10,1,1.7857336493967044,1.7857336493967044,1.7857336493967044,1.7857336493967044,1.7857336493967044,1.7857336493967044,1.7857336493967044,1,0.0,1.75,1.75,1.75,1,0.0,1.75,1.75,1.75,1,0.0,1.75,1.75,1.75,1,0.0,1.75,1.75,1.75,1,0.0,1.75,1.75,1.75,1,0.0,1.75,1.75,1.75,1,0.0,1.75,1.75,1.75
NEE,Hoch 11,1,1.6370349631541163,1.6370349631541163,1.6370349631541163,1.6370349631541163,1.6370349631541163,1.6370349631541163,1.6370349631541163,1,0.0,1.5,1.5,1.5,1,0.0,1.5,1.5,1.5,1,0.0,1.5,1.5,1.5,1,0.0,1.5,1.5,1.5,1,0.0,1.5,1.5,1.5,1,0.0,1.5,1.5,1.5,1,0.0,1.5,1.5,1.5
NEE,Hoch 12,1,3.1339541266929687,3.1339541266929687,3.1339541266929687,3.1339541266929687,3.1339541266929687,3.1339541266929687,3.1339541266929687,1,0.0,3.0,3.0,3.0,1,0.0,3.0,3.0,3.0,1,0.0,3.0,3.0,3.0,1,0.0,3.0,3.0,3.0,1,0.0,3.0,3.0,3.0,1,0.0,3.0,3.0,3.0,1,0.0,3.0,3.0,3.0
NEM,alle,607,0.7036303393295628,2.904241020449369,4.484867993221863,6.473427392328407,10.190879164142284,13.225449905519708,19.22840042710929,607,32.5,3.0,4.5,6.25,607,22.2,4.0,5.5,8.5,607,18.3,4.25,6.25,10.1,605,15.9,4.5,7.0,12.0,599,12.9,5.25,9.0,13.25,583,10.3,6.25,11.0,15.0,575,8.3,7.25,12.0,15.65
NEM,Hoch 1,312,0.7036303393295628,2.5240586471130824,4.190531090041031,6.454955117058385,9.913674206917488,12.99385060349506,19.22840042710929,312,33.0,2.75,4.25,6.23,312,22.4,3.75,5.31,8.0,312,18.3,4.0,6.31,9.73,310,16.5,4.25,6.75,11.78,307,13.4,5.0,8.5,12.6,300,10.0,5.75,10.5,13.55,297,8.4,6.75,11.5,14.75
NEM,Hoch 2,141,0.7159921229467432,3.079291772328937,4.291159290251668,6.062382853352102,9.828135042767014,12.354169433772658,18.522103985436072,141,30.5,3.0,4.75,6.0,141,21.3,4.0,5.75,8.25,141,19.1,4.25,6.0,9.75,141,15.6,4.5,7.0,11.0,140,12.1,5.0,8.31,13.05,136,11.0,6.5,10.56,14.62,135,6.7,7.25,11.88,15.4
NEM,Hoch 3,74,0.9147278061707832,3.410838042799046,4.952460004425076,6.093950745852162,11.610956717389252,12.828184336804622,18.037878150622852,74,31.1,3.5,5.0,6.43,74,23.0,4.12,5.5,8.85,74,17.6,4.75,6.0,11.5,74,12.2,5.0,7.0,11.93,73,11.0,5.25,9.0,13.2,70,10.0,7.62,11.88,15.53,69,10.1,8.25,12.75,15.8
NEM,Hoch 4,41,1.1720059949588,3.6909049281939375,5.1935519347025565,6.416455408200991,7.7621386883294585,10.272911900609667,15.27468663376393,41,24.4,3.5,5.0,6.0,41,14.6,4.25,5.25,6.5,41,12.2,5.0,6.25,7.75,41,12.2,5.75,6.75,10.75,40,7.5,6.12,8.69,13.35,39,7.7,6.5,12.0,15.6,39,7.7,9.0,12.12,16.0
NEM,Hoch 5,23,1.4272327009630021,4.2008875338519225,6.048097888714181,8.057240371629234,12.840769946840037,13.365168237407916,15.770048316824791,23,39.1,3.75,5.38,6.95,23,30.4,4.75,6.88,8.75,23,21.7,6.0,8.0,12.8,23,21.7,6.75,8.75,14.0,23,17.4,6.75,11.88,15.25,22,9.1,6.88,13.12,15.73,22,4.5,8.25,13.44,15.73
NEM,Hoch 6,10,3.3259628697707924,5.069678100197922,6.857125098369503,10.341481293811897,16.72647663902914,17.079150381081988,17.431824123134835,10,60.0,4.25,5.06,6.07,10,40.0,5.62,8.62,10.15,10,30.0,6.75,10.25,16.0,10,30.0,7.12,12.56,16.0,10,30.0,7.12,13.38,16.0,10,20.0,8.5,15.38,16.0,10,20.0,10.38,15.38,16.0
NEM,Hoch 7,4,3.6252621348071,4.7539414012286505,7.529625671739973,10.437778085854433,11.35342830419301,11.658645043639202,11.963861783085395,4,50.0,3.38,3.88,4.55,4,25.0,6.25,7.88,8.55,4,25.0,7.38,10.25,11.15,4,25.0,7.5,11.25,13.5,4,25.0,8.88,13.31,14.33,4,25.0,10.0,15.25,15.7,3,33.3,15.0,15.5,15.8
NEM,Hoch 8,1,5.285715034529754,5.285715034529754,5.285715034529754,5.285715034529754,5.285715034529754,5.285715034529754,5.285715034529754,1,0.0,5.25,5.25,5.25,1,0.0,5.25,5.25,5.25,1,0.0,5.25,5.25,5.25,1,0.0,5.25,5.25,5.25,1,0.0,5.25,5.25,5.25,1,0.0,5.25,5.25,5.25,0,,,,
NEM,Hoch 9,1,7.105655265144208,7.105655265144208,7.105655265144208,7.105655265144208,7.105655265144208,7.105655265144208,7.105655265144208,1,100.0,7.0,7.0,7.0,1,0.0,7.0,7.0,7.0,1,0.0,7.0,7.0,7.0,1,0.0,7.0,7.0,7.0,1,0.0,7.0,7.0,7.0,1,0.0,7.0,7.0,7.0,0,,,,
NET,alle,184,0.8559559952921092,2.3734047673003023,4.029763419917829,5.889716833754218,7.7302452757694935,8.964808178139942,13.618114256140558,184,27.7,3.0,4.56,5.93,184,15.2,3.5,5.31,6.68,184,9.8,4.0,5.75,7.68,183,7.7,4.25,6.25,8.25,178,5.1,4.75,6.75,9.0,170,4.7,5.0,7.0,9.25,162,4.3,5.0,7.5,10.0
NET,Hoch 1,88,0.8559559952921092,2.005600027312415,3.4616226195819797,5.467032339861998,7.35681860745026,7.9144324241617365,12.926173203103163,88,21.6,2.5,4.0,5.5,88,12.5,3.25,5.06,6.0,88,6.8,3.38,5.25,7.25,88,6.8,3.75,5.56,7.75,85,4.7,4.0,6.5,7.9,80,5.0,4.0,6.56,8.5,75,5.3,4.0,6.5,8.8
NET,Hoch 2,46,0.9051734573450371,2.8336149637045915,4.833192522204554,6.744224740001995,9.191426252158882,10.39545231387758,13.618114256140558,46,37.0,3.0,5.0,7.38,46,21.7,3.88,5.69,8.25,46,15.2,4.75,6.69,9.12,45,11.1,4.75,6.75,9.25,44,9.1,5.25,8.25,9.6,42,7.1,5.0,8.12,9.7,40,5.0,5.25,8.25,9.33
NET,Hoch 3,26,0.9232700568498319,2.796677681723148,5.312978548425338,6.633248695469442,7.348733824657485,7.716285066735055,10.67459613241437,26,42.3,3.62,5.19,6.5,26,19.2,4.5,5.75,6.62,26,15.4,5.12,6.5,7.25,26,7.7,5.75,6.5,7.25,25,0.0,5.75,7.0,9.6,24,0.0,5.75,7.12,9.77,23,0.0,5.75,8.0,9.95
NET,Hoch 4,12,1.7248939308218012,2.6550115896350914,4.8200459322410545,5.679806577820613,6.255542965934873,7.027670832943405,7.911433843527305,12,16.7,4.0,5.5,5.5,12,8.3,4.0,5.5,5.5,12,0.0,4.75,5.56,6.2,12,0.0,5.5,6.06,6.93,12,0.0,5.5,6.06,7.83,12,0.0,5.62,6.31,7.85,12,0.0,5.62,6.69,15.2
NET,Hoch 5,8,1.6296466505676774,2.5696735750903215,3.0022171042289685,4.0144021870132995,6.406347951853104,7.444891085256569,8.483434218660037,8,12.5,2.88,3.75,4.8,8,12.5,2.88,4.0,5.88,8,12.5,2.88,4.0,6.32,8,12.5,3.12,7.5,8.4,8,12.5,4.12,7.5,9.45,8,12.5,6.25,7.5,10.57,8,12.5,6.38,10.19,16.0
NET,Hoch 6,2,2.3044413786961693,2.3826198191283323,2.4607982595604954,2.538976699992658,2.585883764251956,2.601519452338388,2.617155140424821,2,0.0,2.38,2.44,2.48,2,0.0,2.38,2.44,2.48,2,0.0,2.38,2.44,2.48,2,0.0,2.38,2.44,2.48,2,0.0,3.38,3.81,4.08,2,0.0,7.0,7.62,8.0,2,0.0,10.88,13.44,14.97
NET,Hoch 7,2,3.0799734795725895,3.3146001725005596,3.5492268654285297,3.7838535583565,3.9246295741132817,3.971554912698876,4.01848025128447,2,50.0,3.5,3.75,3.9,2,0.0,3.5,3.75,3.9,2,0.0,3.5,3.75,3.9,2,0.0,3.62,3.94,4.12,2,0.0,4.88,5.81,6.38,2,0.0,8.12,8.69,9.03,2,0.0,11.5,13.75,15.1
NFLX,alle,533,0.7072009152847387,2.5008511670335993,4.443452937731694,7.136495815863079,11.520231990580761,15.15573158429875,22.720507309197,533,28.5,3.0,4.75,7.25,533,17.8,4.0,6.25,9.75,533,13.3,4.25,7.0,11.45,531,12.2,4.5,8.25,12.75,526,9.5,5.0,9.44,15.0,519,7.5,5.5,11.0,16.0,512,5.1,6.0,11.25,16.0
NFLX,Hoch 1,254,0.811823969752844,2.462075670654289,4.329496867818102,7.1054559628492076,12.830726413156228,15.226531923060797,21.39175494479726,254,28.3,3.0,4.75,7.0,254,19.7,4.0,6.25,11.0,254,14.2,4.25,7.0,12.68,252,13.1,4.5,8.25,12.98,249,10.0,4.75,9.75,14.3,243,9.1,5.25,11.62,16.0,238,5.9,6.0,11.69,16.0
NFLX,Hoch 2,121,0.7072009152847387,2.4203669824838,4.443452937731694,7.237652460898264,10.688372234152997,14.3995447430273,22.720507309197,121,26.4,3.0,4.75,7.0,121,15.7,3.75,6.0,9.25,121,11.6,4.25,7.0,10.5,121,11.6,4.5,8.5,12.5,120,10.0,5.25,10.5,15.75,119,8.4,6.0,11.0,16.0,117,6.0,6.5,11.75,16.0
NFLX,Hoch 3,69,0.9348160693735573,2.5428934969694263,4.184252611622344,7.728794847995583,10.984829174736173,13.56963265060055,20.283314328742254,69,27.5,3.0,5.25,7.6,69,14.5,3.75,7.0,9.8,69,11.6,4.0,7.5,10.9,69,8.7,4.25,8.0,12.9,68,4.4,4.88,9.06,14.45,68,2.9,5.88,10.81,16.0,68,2.9,6.5,11.12,16.0
NFLX,Hoch 4,40,1.0767332082124779,2.6456147368486898,4.835140705274245,7.6196530790876205,13.188389409335686,15.805418138523494,21.116623295697956,40,35.0,3.5,5.44,8.5,40,22.5,4.62,6.75,9.93,40,17.5,4.75,7.38,13.03,40,17.5,5.12,8.62,13.03,40,12.5,5.38,9.31,15.55,40,5.0,6.62,11.0,16.0,40,5.0,6.62,11.0,16.0
NFLX,Hoch 5,25,0.8312966639933728,2.988439309485859,4.7600253099173555,7.722366564455909,13.6054852681394,17.159673521559665,21.9352084132133,25,32.0,4.25,5.5,8.25,25,20.0,4.25,5.5,9.65,25,20.0,4.75,7.5,13.4,25,16.0,4.75,8.75,13.4,25,16.0,5.25,8.75,15.8,25,8.0,7.0,11.75,16.0,25,4.0,8.75,11.75,16.0
NFLX,Hoch 6,11,1.9034094465847646,2.2510961911259626,4.25595961129669,5.418300468159624,5.975832415369947,7.31487176821777,8.653911121065594,11,36.4,3.0,4.12,5.5,11,18.2,3.25,4.88,5.75,11,9.1,4.25,5.25,5.75,11,9.1,4.25,5.25,5.75,11,9.1,4.25,5.62,9.25,11,9.1,4.25,7.75,10.5,11,0.0,4.25,8.5,10.5
NFLX,Hoch 7,5,2.2253409261108725,3.5520711227314847,4.417749400617287,4.640297687370381,5.440386518755879,5.707082795884378,5.973779073012877,5,20.0,3.5,4.25,4.7,5,0.0,4.25,4.5,4.8,5,0.0,4.25,4.5,5.25,5,0.0,4.25,4.5,5.25,5,0.0,4.25,4.5,5.25,5,0.0,4.25,4.5,5.25,5,0.0,4.25,4.5,6.6
NFLX,Hoch 8,4,4.006183500157055,4.573689387140108,5.011707111393664,5.3722535780101515,5.57330884645326,5.64032726926763,5.707345692081999,4,25.0,3.25,4.31,4.88,4,0.0,5.0,5.31,5.42,4,0.0,5.0,5.31,5.42,4,0.0,5.0,5.31,5.42,4,0.0,5.0,5.31,5.42,4,0.0,5.0,5.31,5.42,4,0.0,5.0,5.31,5.42
NFLX,Hoch 9,2,5.648823596422003,5.655895752451724,5.662967908481447,5.670040064511168,5.674283358129001,5.675697789334945,5.67711222054089,2,50.0,2.88,3.56,3.98,2,0.0,5.5,5.5,5.5,2,0.0,5.5,5.5,5.5,2,0.0,5.5,5.5,5.5,2,0.0,5.5,5.5,5.5,2,0.0,5.5,5.5,5.5,2,0.0,5.5,5.5,5.5
NFLX,Hoch 10,1,6.298226095475567,6.298226095475567,6.298226095475567,6.298226095475567,6.298226095475567,6.298226095475567,6.298226095475567,1,0.0,6.25,6.25,6.25,1,0.0,6.25,6.25,6.25,1,0.0,6.25,6.25,6.25,1,0.0,6.25,6.25,6.25,1,0.0,6.25,6.25,6.25,1,0.0,6.25,6.25,6.25,1,0.0,6.25,6.25,6.25
NFLX,Hoch 11,1,6.868400047648259,6.868400047648259,6.868400047648259,6.868400047648259,6.868400047648259,6.868400047648259,6.868400047648259,1,0.0,6.75,6.75,6.75,1,0.0,6.75,6.75,6.75,1,0.0,6.75,6.75,6.75,1,0.0,6.75,6.75,6.75,1,0.0,6.75,6.75,6.75,1,0.0,6.75,6.75,6.75,1,0.0,6.75,6.75,6.75
NG=F,alle,576,0.6549705482411107,2.857025497478317,4.479994192210963,6.358806734077599,8.633234922302382,10.21812303681061,17.250455302657585,576,33.2,3.0,4.25,5.25,576,22.9,4.0,5.25,7.0,575,19.8,4.25,6.25,8.5,574,17.1,4.5,7.25,9.75,567,14.8,5.25,8.5,11.75,557,11.0,6.25,10.25,13.35,553,8.9,6.75,11.0,15.0
NG=F,Hoch 1,320,0.6549705482411107,2.5596737588199403,4.1055507912188425,5.8816986878195,8.299718119051658,9.779888420533645,14.023242067414023,320,33.1,3.0,4.0,5.25,320,22.8,3.5,5.0,6.75,320,20.0,4.0,5.75,8.25,320,17.2,4.5,6.75,9.5,316,15.8,5.0,8.0,11.5,308,11.4,5.75,9.75,13.08,307,9.1,6.25,10.62,14.5
NG=F,Hoch 2,129,1.1565685020551175,2.8437493268156944,4.482830237662553,6.818963109018402,8.426264878256369,9.823271153062496,14.28571471715436,129,30.2,3.0,4.0,5.25,129,22.5,3.75,5.75,6.75,129,18.6,4.25,6.75,8.3,129,17.8,5.0,7.25,9.55,127,15.0,5.5,8.75,11.5,125,11.2,6.75,10.5,12.9,124,9.7,7.25,11.25,13.85
NG=F,Hoch 3,70,1.0640401576885237,3.689171930540973,4.637687017778557,7.428788825418836,9.787160911345342,11.388502630080149,16.998273101115824,70,35.7,3.5,4.69,6.03,70,24.3,4.25,6.0,7.75,70,20.0,4.5,7.25,9.55,70,18.6,4.5,7.75,11.28,69,13.0,6.0,9.0,12.15,69,11.6,7.25,10.75,14.35,68,8.8,7.5,12.38,16.0
NG=F,Hoch 4,32,2.219815477919571,4.163910175777232,4.784915921307174,6.335698482226885,9.488235171441458,10.641741043712459,17.250455302657585,32,31.2,3.62,4.5,5.93,32,12.5,4.25,5.56,7.45,32,12.5,4.75,6.25,9.48,31,6.5,4.75,7.25,12.0,31,6.5,4.75,8.5,12.75,31,6.5,6.5,10.38,13.75,30,6.7,6.75,10.44,16.0
NG=F,Hoch 5,17,2.1986495309362852,4.02612208875024,4.89053061217308,5.781625183308575,8.700600672849781,10.301063881827442,10.662567517738028,17,29.4,3.25,4.5,5.6,17,23.5,4.25,5.0,6.45,16,18.8,4.62,5.56,8.75,16,12.5,4.75,6.0,10.75,16,6.2,5.0,8.38,11.38,16,6.2,6.5,9.38,13.75,16,0.0,7.5,11.81,14.5
NG=F,Hoch 6,6,2.432447877647881,4.398535346069939,5.044686275507647,6.21050514709815,6.74670333216717,6.822713485466997,6.898723638766822,6,83.3,3.38,4.69,5.0,6,66.7,4.5,5.19,6.0,6,66.7,5.0,6.12,6.62,6,33.3,5.38,6.5,8.0,6,33.3,5.38,6.5,8.0,6,0.0,7.0,7.44,8.38,6,0.0,7.25,8.88,11.0
NG=F,Hoch 7,1,4.6809079656915165,4.6809079656915165,4.6809079656915165,4.6809079656915165,4.6809079656915165,4.6809079656915165,4.6809079656915165,1,0.0,1.75,1.75,1.75,1,0.0,4.5,4.5,4.5,1,0.0,4.5,4.5,4.5,1,0.0,4.5,4.5,4.5,1,0.0,4.5,4.5,4.5,1,0.0,4.5,4.5,4.5,1,0.0,5.5,5.5,5.5
NG=F,Hoch 8,1,8.220685681164873,8.220685681164873,8.220685681164873,8.220685681164873,8.220685681164873,8.220685681164873,8.220685681164873,1,100.0,8.0,8.0,8.0,1,100.0,8.0,8.0,8.0,1,100.0,8.0,8.0,8.0,1,100.0,8.0,8.0,8.0,1,100.0,8.0,8.0,8.0,1,100.0,9.5,9.5,9.5,1,100.0,9.5,9.5,9.5
NKE,alle,560,0.6413337682357504,2.57269162732262,4.302435480898321,7.989123737573066,10.972595470667777,13.073500077580505,35.196283030301466,560,29.1,3.0,4.56,7.0,560,17.9,3.75,6.25,9.5,560,14.6,4.25,7.75,10.75,559,10.9,4.5,8.75,12.0,551,8.9,5.5,10.0,13.75,542,6.5,5.75,11.25,15.73,536,5.4,6.75,12.75,16.0
NKE,Hoch 1,276,0.7847525738191962,2.8417270926900007,4.6620175953687895,8.125677985919001,11.167900145173125,12.987988498786347,32.02730179417688,276,32.2,3.0,5.0,7.25,276,19.6,4.0,6.5,9.5,276,16.3,4.5,8.0,11.0,275,12.4,5.25,9.0,12.0,268,10.1,5.75,10.5,14.0,261,6.9,6.5,11.5,15.25,258,6.6,7.0,13.0,16.0
NKE,Hoch 2,124,0.7482057628072696,2.392085993089248,4.157692536559601,8.095315966530475,11.206137414452474,15.141439767221152,35.196283030301466,124,32.3,2.75,4.62,6.75,124,21.8,3.62,6.88,10.18,124,18.5,4.0,8.0,11.1,124,12.9,4.38,9.0,12.43,123,11.4,5.5,9.88,13.85,121,8.3,6.75,11.25,15.75,119,5.9,7.25,13.0,16.0
NKE,Hoch 3,74,0.6413337682357504,2.23253366473027,4.135308745388891,7.117031758230419,9.932766183582624,12.490462107654153,32.75516073751449,74,25.7,3.0,4.19,6.68,74,10.8,3.62,5.44,9.5,74,8.1,4.0,7.0,9.75,74,8.1,4.5,7.69,11.45,74,4.1,4.75,9.69,12.7,74,4.1,5.38,10.69,15.43,73,1.4,5.5,12.0,15.45
NKE,Hoch 4,40,0.9210480159630313,2.0322324990506186,3.322542420111873,7.659044498784816,11.651041136221659,12.352330007277379,13.071501632770687,40,15.0,2.5,3.81,6.0,40,15.0,3.0,6.88,9.83,40,15.0,3.25,7.5,11.5,40,7.5,3.5,9.81,13.88,40,7.5,4.75,10.31,13.88,40,7.5,6.38,11.31,16.0,40,7.5,6.88,11.56,16.0
NKE,Hoch 5,24,1.5063176920533532,2.6109493728226756,3.179097243907388,6.927434411185257,9.564315504636319,9.87055767850405,14.597229637301607,24,20.8,2.88,4.31,5.52,24,16.7,3.0,4.75,7.97,24,8.3,3.0,6.81,9.45,24,8.3,3.38,6.81,9.45,24,8.3,4.5,9.0,14.85,24,4.2,4.5,9.0,15.02,24,4.2,4.5,10.19,15.02
NKE,Hoch 6,11,2.829256137124364,3.23466162649176,3.6132225905382986,5.240766539563787,9.102901545578678,9.40389941037035,9.704897275162022,11,9.1,3.25,3.5,5.5,11,0.0,3.25,3.75,5.5,11,0.0,3.5,5.12,9.0,11,0.0,3.5,6.38,9.0,11,0.0,3.5,8.12,9.5,11,0.0,3.5,8.12,9.5,11,0.0,3.5,8.38,11.75
NKE,Hoch 7,5,2.7076420100620786,3.583677865011183,3.7544865733193182,4.053560166500788,5.429980607718313,5.888787421457487,6.347594235196662,5,40.0,2.5,3.75,4.2,5,0.0,3.75,4.0,4.3,5,0.0,3.75,4.0,5.35,5,0.0,4.75,6.25,6.7,5,0.0,4.75,6.25,6.7,5,0.0,4.75,6.25,6.7,5,0.0,4.75,6.25,6.7
NKE,Hoch 8,2,5.059453378738464,5.392174320413779,5.724895262089094,6.057616203764408,6.257248768769597,6.3237929571046605,6.390337145439723,2,0.0,3.38,4.19,4.67,2,0.0,3.38,4.19,4.67,2,0.0,5.62,5.94,6.12,2,0.0,6.12,6.69,7.03,2,0.0,6.12,6.69,7.03,2,0.0,6.12,6.69,7.03,2,0.0,6.12,6.69,7.03
NKE,Hoch 9,1,7.596547093840435,7.596547093840435,7.596547093840435,7.596547093840435,7.596547093840435,7.596547093840435,7.596547093840435,1,0.0,2.0,2.0,2.0,1,0.0,2.0,2.0,2.0,1,0.0,7.5,7.5,7.5,1,0.0,7.5,7.5,7.5,1,0.0,7.5,7.5,7.5,1,0.0,7.5,7.5,7.5,1,0.0,7.5,7.5,7.5
NKE,Hoch 10,1,8.19549635153543,8.19549635153543,8.19549635153543,8.19549635153543,8.19549635153543,8.19549635153543,8.19549635153543,1,0.0,3.25,3.25,3.25,1,0.0,5.0,5.0,5.0,1,0.0,8.0,8.0,8.0,1,0.0,8.0,8.0,8.0,1,0.0,8.0,8.0,8.0,1,0.0,8.0,8.0,8.0,1,0.0,8.0,8.0,8.0
NKE,Hoch 11,1,9.5091147177455,9.5091147177455,9.5091147177455,9.5091147177455,9.5091147177455,9.5091147177455,9.5091147177455,1,0.0,4.0,4.0,4.0,1,0.0,7.75,7.75,7.75,1,0.0,9.5,9.5,9.5,1,0.0,9.5,9.5,9.5,1,0.0,9.5,9.5,9.5,1,0.0,9.5,9.5,9.5,1,0.0,9.5,9.5,9.5
NKE,Hoch 12,1,11.95934924487065,11.95934924487065,11.95934924487065,11.95934924487065,11.95934924487065,11.95934924487065,11.95934924487065,1,100.0,5.25,5.25,5.25,1,100.0,11.75,11.75,11.75,1,0.0,11.75,11.75,11.75,1,0.0,11.75,11.75,11.75,1,0.0,11.75,11.75,11.75,1,0.0,11.75,11.75,11.75,1,0.0,11.75,11.75,11.75
NOW,alle,438,0.5557339959800252,2.3472087321741255,4.091767691320843,6.447311213872981,9.154729909970635,12.870680159923017,24.803058153490568,438,26.9,2.75,4.5,6.25,438,16.4,3.5,5.5,8.0,438,12.3,4.0,6.25,9.0,435,10.1,4.25,6.75,10.25,432,7.2,4.75,8.25,13.25,425,6.6,5.5,8.75,16.0,415,4.6,5.5,9.25,16.0
NOW,Hoch 1,206,0.5557339959800252,2.1732850555572067,3.836833469423861,6.247413872015962,8.920531879998663,12.210396172555466,21.769840241119184,206,24.8,2.75,4.25,6.12,206,16.5,3.25,5.25,8.0,206,13.6,3.75,6.19,8.75,204,12.3,4.0,6.75,9.75,202,9.4,4.5,8.25,13.15,198,9.1,5.0,8.25,15.25,192,6.8,5.0,8.88,14.98
NOW,Hoch 2,111,0.7813139420962006,2.470020788031542,4.089904951026239,6.1272116829405325,8.678540174148349,10.27212113760148,16.02887857821964,111,28.8,2.75,4.25,6.0,111,16.2,3.25,5.38,7.75,111,12.6,4.0,6.0,8.5,111,9.0,4.25,6.25,9.0,110,4.5,4.5,7.94,10.53,108,3.7,5.38,8.5,15.47,106,3.8,5.62,8.5,15.62
NOW,Hoch 3,62,1.0946206198884847,2.684723008707541,4.341961925937467,7.052984395413808,8.714845815359771,11.333856410390531,18.574930152182514,62,30.6,3.38,4.5,7.22,62,17.7,3.75,5.0,7.75,62,11.3,4.25,6.88,8.5,61,8.2,4.25,7.75,9.5,61,6.6,4.5,8.25,11.5,60,6.7,5.12,8.5,15.55,59,1.7,5.0,9.38,16.0
NOW,Hoch 4,31,0.9695955512390425,2.625648857165304,4.533430876586781,6.523052239560474,13.174295489469259,17.030021365308823,22.795770097992666,31,32.3,3.5,4.75,5.75,31,19.4,4.25,5.75,8.25,31,9.7,4.5,6.38,13.0,31,6.5,4.5,6.38,13.0,31,3.2,5.0,7.5,15.5,31,3.2,5.75,7.5,16.0,30,0.0,5.75,7.88,16.0
NOW,Hoch 5,13,1.3861152268824315,3.8922211898124983,4.569333098803251,6.767736803493007,11.321385849714403,17.055404151649256,24.803058153490568,13,7.7,3.75,4.5,6.65,13,0.0,4.5,6.75,10.75,13,0.0,4.5,6.75,11.2,13,0.0,4.5,8.25,14.15,13,0.0,6.25,8.25,15.15,13,0.0,7.25,10.0,15.15,13,0.0,7.25,10.0,15.15
NOW,Hoch 6,7,2.3127591008357014,4.087150177101295,4.576318426597987,9.09080052229032,17.164297001771992,20.872186651563595,24.580076301355223,7,42.9,4.25,5.5,8.7,7,28.6,4.5,8.88,13.6,7,14.3,4.5,8.88,13.6,7,14.3,4.5,9.62,13.6,7,14.3,7.25,9.75,13.6,7,14.3,7.25,12.0,13.6,7,14.3,7.25,12.0,13.6
NOW,Hoch 7,3,2.2435673009033397,2.674560792623234,3.105554284343129,4.717064938140352,5.683971330418686,6.0062734611781305,6.328575591937575,3,33.3,3.0,4.0,4.6,3,33.3,3.0,4.62,5.6,3,33.3,3.0,4.62,5.6,3,33.3,3.0,5.25,6.6,3,33.3,7.5,9.75,11.1,3,0.0,7.5,9.75,11.1,3,0.0,7.5,9.75,11.1
NOW,Hoch 8,1,2.2861394540314186,2.2861394540314186,2.2861394540314186,2.2861394540314186,2.2861394540314186,2.2861394540314186,2.2861394540314186,1,0.0,2.25,2.25,2.25,1,0.0,2.25,2.25,2.25,1,0.0,2.25,2.25,2.25,1,0.0,4.5,4.5,4.5,1,0.0,13.25,13.25,13.25,1,0.0,13.25,13.25,13.25,1,0.0,13.25,13.25,13.25
NOW,Hoch 9,1,4.5120836426563065,4.5120836426563065,4.5120836426563065,4.5120836426563065,4.5120836426563065,4.5120836426563065,4.5120836426563065,1,0.0,3.0,3.0,3.0,1,0.0,3.0,3.0,3.0,1,0.0,4.5,4.5,4.5,1,0.0,13.25,13.25,13.25,1,0.0,16.0,16.0,16.0,1,0.0,16.0,16.0,16.0,1,0.0,16.0,16.0,16.0
NOW,Hoch 10,1,8.04729727460872,8.04729727460872,8.04729727460872,8.04729727460872,8.04729727460872,8.04729727460872,8.04729727460872,1,0.0,1.25,1.25,1.25,1,0.0,3.25,3.25,3.25,1,0.0,8.0,8.0,8.0,1,0.0,12.75,12.75,12.75,1,0.0,16.0,16.0,16.0,1,0.0,16.0,16.0,16.0,1,0.0,16.0,16.0,16.0
NOW,Hoch 11,1,14.675570306363099,14.675570306363099,14.675570306363099,14.675570306363099,14.675570306363099,14.675570306363099,14.675570306363099,1,0.0,4.75,4.75,4.75,1,0.0,6.0,6.0,6.0,1,0.0,14.5,14.5,14.5,1,0.0,16.0,16.0,16.0,1,0.0,16.0,16.0,16.0,1,0.0,16.0,16.0,16.0,1,0.0,16.0,16.0,16.0
NOW,Hoch 12,1,14.816082548617599,14.816082548617599,14.816082548617599,14.816082548617599,14.816082548617599,14.816082548617599,14.816082548617599,1,100.0,6.0,6.0,6.0,1,0.0,7.25,7.25,7.25,1,0.0,14.75,14.75,14.75,1,0.0,16.0,16.0,16.0,1,0.0,16.0,16.0,16.0,1,0.0,16.0,16.0,16.0,1,0.0,16.0,16.0,16.0
NVDA,alle,550,0.5517189690258889,2.187367869103468,3.787324831553188,6.1444415167760225,9.693096595780466,12.755022386732751,24.388391089687094,550,26.5,2.75,4.5,6.5,550,17.3,3.25,5.5,7.78,550,13.3,3.75,6.0,9.5,550,11.5,4.12,6.75,10.5,548,8.2,4.5,7.5,12.25,534,5.8,4.75,9.0,13.25,526,5.1,5.25,9.94,14.5
NVDA,Hoch 1,234,0.7034755731859824,2.18043199155745,3.8070649144867987,5.9710710065536965,8.119560092818222,11.589990775011612,22.492565114663,234,25.6,2.75,4.25,6.25,234,17.1,3.25,5.25,7.18,234,12.0,3.75,5.75,8.0,234,11.1,4.25,6.5,10.1,233,7.7,4.5,7.0,10.75,226,5.3,4.75,8.5,13.0,223,4.5,5.25,9.38,13.5
NVDA,Hoch 2,124,0.6698941887188781,2.491322882590049,4.442706434478853,6.992415321460768,10.831245530981231,13.872679188770443,24.388391089687094,124,30.6,3.0,4.75,6.93,124,19.4,3.5,6.0,8.68,124,15.3,4.38,6.81,10.78,124,12.9,4.5,8.0,12.25,123,10.6,5.25,8.75,12.7,118,6.8,5.75,10.0,14.9,116,6.9,6.0,10.38,16.0
NVDA,Hoch 3,70,0.5517189690258889,1.8096623434389043,3.857693277493391,7.267875149342417,11.201299243024772,13.096059039811125,15.538378550217743,70,32.9,2.88,4.5,6.53,70,24.3,3.25,6.0,8.78,70,21.4,3.75,7.19,11.05,70,18.6,4.25,8.69,11.58,70,11.4,4.88,9.75,12.93,68,8.8,5.25,10.56,14.15,66,6.1,5.38,10.75,15.25
NVDA,Hoch 4,38,0.7590489034715173,2.2901786258656824,3.781250172745235,4.862259874022336,8.200767388049217,10.954317573385383,14.679872944890779,38,26.3,2.5,4.25,5.08,38,10.5,3.25,4.5,7.15,38,7.9,3.75,4.69,8.1,38,7.9,4.0,5.69,8.4,38,7.9,4.25,5.81,12.5,38,7.9,4.38,6.0,13.8,37,8.1,4.5,7.5,14.5
NVDA,Hoch 5,28,1.4388247954556956,2.25088352487519,3.36465164603941,5.821076690760435,7.521183278048668,12.552179240530032,15.393756126018488,28,10.7,2.62,3.81,5.0,28,3.6,3.25,5.31,6.58,28,3.6,3.25,5.69,7.45,28,3.6,3.62,5.69,8.4,28,3.6,3.62,6.06,12.58,28,3.6,3.75,6.06,14.57,28,3.6,4.62,7.69,15.12
NVDA,Hoch 6,20,0.9575892193858242,1.8027487593717533,3.0101640363089137,5.534514395450713,7.759752000565292,9.116810224983745,9.333316374584369,20,20.0,2.62,4.38,5.25,20,20.0,2.75,5.38,6.98,20,15.0,2.88,5.38,7.65,20,5.0,3.25,5.38,9.03,20,5.0,3.62,6.19,9.28,20,0.0,4.12,6.19,10.7,20,0.0,5.25,8.44,14.65
NVDA,Hoch 7,12,1.017574561677437,2.4263374629329633,3.3495683618811327,5.678560839793626,7.092663201184923,7.484616337405291,7.915865993980059,12,16.7,2.5,4.12,6.38,12,0.0,3.25,5.38,6.43,12,0.0,3.25,5.56,6.95,12,0.0,3.25,5.56,6.95,12,0.0,3.5,5.56,6.95,12,0.0,4.5,6.81,7.97,12,0.0,5.88,8.62,11.7
NVDA,Hoch 8,8,1.4922601604016,2.2473341526774044,3.378165823001888,5.4438506075047846,8.923298741966569,10.986447968681997,13.04959719539743,8,12.5,2.5,3.25,4.9,8,12.5,3.38,5.31,7.97,8,0.0,3.38,5.31,8.8,8,0.0,3.38,5.31,8.8,8,0.0,4.38,5.88,8.8,8,0.0,5.12,11.62,12.3,8,0.0,5.12,12.25,13.9
NVDA,Hoch 9,6,2.229133493096611,2.2967420381451835,2.4483181028197056,5.541196259688151,9.701516128911285,11.285297921453006,12.869079713994726,6,16.7,2.25,2.44,4.5,6,16.7,2.38,5.31,9.5,6,16.7,2.38,5.5,9.62,6,0.0,3.25,5.88,9.62,6,0.0,4.5,8.44,11.0,6,0.0,4.5,9.94,12.0,6,0.0,4.5,9.94,12.0
NVDA,Hoch 10,5,3.073848790319547,3.2336861230498664,3.5665178185331095,5.240568229420392,6.564112981394967,7.005294565386491,7.446476149378016,5,40.0,3.5,5.0,5.9,5,20.0,3.5,5.0,6.35,5,20.0,3.5,5.0,6.35,5,20.0,5.75,6.75,7.2,5,20.0,5.75,6.75,9.45,5,20.0,5.75,6.75,9.6,5,20.0,5.75,6.75,9.6
NVDA,Hoch 11,2,2.0822288967261415,2.2503559828891455,2.41848306905215,2.586610155215154,2.6874864069129565,2.721111824145557,2.754737241378158,2,0.0,1.88,1.94,1.98,2,0.0,1.88,1.94,1.98,2,0.0,2.38,2.56,2.67,2,0.0,2.38,2.56,2.67,2,0.0,2.38,2.56,2.67,2,0.0,2.38,2.56,2.67,2,0.0,2.38,2.56,2.67
NVDA,Hoch 12,2,1.9216363589641932,2.829277528412285,3.7369186978603763,4.644559867308468,5.189144568977323,5.370672802866941,5.55220103675656,2,50.0,3.12,3.81,4.22,2,50.0,3.5,4.38,4.9,2,50.0,3.62,4.56,5.12,2,50.0,3.62,4.56,5.12,2,0.0,3.62,4.56,5.12,2,0.0,3.75,4.62,5.15,2,0.0,3.75,4.62,5.15
NVDA,Hoch 13,1,6.458329391408069,6.458329391408069,6.458329391408069,6.458329391408069,6.458329391408069,6.458329391408069,6.458329391408069,1,100.0,6.25,6.25,6.25,1,100.0,6.25,6.25,6.25,1,100.0,6.25,6.25,6.25,1,100.0,6.25,6.25,6.25,1,0.0,6.5,6.5,6.5,1,0.0,6.5,6.5,6.5,1,0.0,6.5,6.5,6.5
NVO,alle,692,0.5391991893578487,2.3686742035516772,4.0576945361937184,7.11077521113026,10.807919051953123,13.375511401048184,36.592145578673055,692,22.7,2.75,4.75,7.47,692,13.6,3.5,6.0,9.25,692,9.7,4.0,7.0,10.72,688,8.0,4.25,7.5,12.25,682,6.7,4.75,8.5,13.5,676,5.2,5.25,10.0,16.0,669,4.3,5.5,11.25,16.0
NVO,Hoch 1,313,0.5613048690963728,2.3333356323908356,3.780706657168788,6.960412709532921,11.231030413916544,13.79236898983483,24.960109633489452,313,20.8,2.5,4.25,7.0,313,11.2,3.25,5.75,9.0,313,8.3,3.75,6.75,11.1,311,7.4,4.0,7.38,12.5,309,7.1,4.25,8.25,14.3,307,5.9,5.0,10.62,15.75,301,4.3,5.25,12.25,16.0
NVO,Hoch 2,164,0.7552802708002694,2.3724551622511965,3.8633289855710693,6.533015833672708,9.91020036088549,11.797927003126485,17.450136074141632,164,23.8,2.75,4.25,6.43,164,15.2,3.25,5.5,7.43,164,8.5,3.75,6.5,9.85,162,7.4,4.38,6.75,11.23,161,4.3,4.5,7.25,13.0,161,2.5,5.25,9.5,14.75,160,2.5,5.62,10.25,16.0
NVO,Hoch 3,94,0.899993096528254,2.345701582565045,4.437482481588265,7.193016484635933,9.01859624964132,12.764273902604069,27.19874392779939,94,23.4,3.12,4.75,7.5,94,13.8,3.5,5.5,8.5,94,9.6,4.25,7.0,8.93,94,7.4,4.62,7.5,10.5,93,5.4,4.75,8.5,12.9,92,4.3,5.12,9.56,16.0,92,4.3,5.75,11.25,16.0
NVO,Hoch 4,51,0.5391991893578487,2.5002027714366912,4.594188783973915,8.90934324687833,11.16111089215462,14.562546820131164,36.592145578673055,51,29.4,3.5,5.62,9.0,51,17.6,4.25,7.62,9.5,51,15.7,4.5,8.75,11.0,51,11.8,4.5,9.25,11.75,50,12.0,5.75,9.5,13.3,49,12.2,5.5,9.5,16.0,49,10.2,6.0,11.0,16.0
NVO,Hoch 5,31,0.74479786115074,2.751819416445943,4.571330103879606,8.38480782957835,12.39856826777554,12.964567512247823,16.32279993612251,31,16.1,4.0,5.5,8.5,31,12.9,4.5,8.0,11.0,31,9.7,4.5,8.25,12.25,31,3.2,4.75,8.25,12.25,30,3.3,5.75,9.31,12.53,29,3.4,5.75,10.25,13.3,29,3.4,5.75,12.25,15.6
NVO,Hoch 6,18,0.8730979500177293,3.0490570737258893,5.271709683572626,10.45538233111504,12.797486558372725,15.240014300793382,15.474208370387736,18,38.9,4.0,7.31,9.48,18,33.3,5.12,9.25,11.23,18,27.8,5.12,10.31,12.73,18,22.2,5.75,10.69,13.6,18,16.7,6.88,10.69,15.4,17,5.9,6.75,11.75,16.0,17,5.9,6.75,11.75,16.0
NVO,Hoch 7,7,1.2715192312272507,2.1278179967624298,3.871607923839347,6.389861280711903,8.76251805812744,10.04667662180092,11.330835185474408,7,14.3,2.5,5.38,8.6,7,14.3,2.75,6.25,8.7,7,14.3,3.75,6.25,8.7,7,14.3,3.75,6.38,9.7,7,14.3,3.75,6.38,10.6,7,0.0,3.75,6.38,10.6,7,0.0,3.75,6.5,10.6
NVO,Hoch 8,5,1.4165527509083298,2.9528331095611136,3.9247916148770954,5.814774526952652,13.614401332109995,16.214276933829105,18.81415253554822,5,20.0,2.75,3.75,11.1,5,20.0,3.75,5.75,11.9,5,20.0,3.75,5.75,11.9,5,20.0,5.0,5.75,11.9,5,20.0,5.0,5.75,11.9,5,20.0,5.0,5.75,11.9,5,20.0,5.0,5.75,11.9
NVO,Hoch 9,4,2.719320529122038,3.117061038133159,4.128562942094164,5.306753860148822,5.8454383909240715,6.024999901182488,6.2045614114409045,4,25.0,3.75,4.62,4.85,4,0.0,4.0,5.25,5.7,4,0.0,4.0,5.25,5.7,4,0.0,5.12,5.44,5.78,4,0.0,5.12,5.44,5.78,4,0.0,5.12,5.44,5.78,4,0.0,5.12,5.44,5.78
NVO,Hoch 10,2,5.217907439381376,5.53360218047722,5.849296921573064,6.164991662668909,6.354408507326415,6.417547455545583,6.480686403764753,2,0.0,4.12,4.44,4.62,2,0.0,5.62,5.94,6.12,2,0.0,5.62,5.94,6.12,2,0.0,5.62,5.94,6.12,2,0.0,5.62,5.94,6.12,2,0.0,5.62,5.94,6.12,2,0.0,5.62,5.94,6.12
NVO,Hoch 11,2,5.484703376886175,6.170833065852101,6.856962754818027,7.543092443783953,7.954770257163508,8.091996194956693,8.229222132749879,2,0.0,6.12,7.06,7.62,2,0.0,6.62,7.31,7.72,2,0.0,6.62,7.31,7.72,2,0.0,6.62,7.31,7.72,2,0.0,6.62,7.31,7.72,2,0.0,6.62,7.31,7.72,2,0.0,6.62,7.31,7.72
NVO,Hoch 12,1,5.460780165425775,5.460780165425775,5.460780165425775,5.460780165425775,5.460780165425775,5.460780165425775,5.460780165425775,1,100.0,5.25,5.25,5.25,1,0.0,5.25,5.25,5.25,1,0.0,5.25,5.25,5.25,1,0.0,5.25,5.25,5.25,1,0.0,5.25,5.25,5.25,1,0.0,5.25,5.25,5.25,1,0.0,5.25,5.25,5.25
NVS,alle,688,0.5660878976517543,2.4225632088534277,4.5449477094585475,7.301952171255329,10.412570165648583,13.741093253001688,34.59528809921873,688,23.5,3.0,4.75,7.0,688,15.8,3.75,6.25,9.0,688,12.6,4.5,7.25,10.25,686,9.9,4.75,8.0,12.12,679,7.2,6.0,9.25,14.0,669,4.8,6.5,10.75,16.0,663,3.6,7.25,12.0,16.0
NVS,Hoch 1,306,0.5660878976517543,2.1607447324535873,4.290646310337422,7.252254561949821,11.1427966016679,13.814941792265563,32.5429636009317,306,26.8,3.0,5.0,7.25,306,18.3,3.75,6.25,9.25,306,15.0,4.25,7.19,11.12,305,11.5,4.5,8.0,12.0,303,7.6,5.75,9.25,13.65,300,4.7,6.12,10.81,16.0,298,4.4,7.12,11.94,16.0
NVS,Hoch 2,145,0.7720039358290772,2.3486563078428153,4.1444524593463585,6.727936944793737,8.95668366201455,10.293029948016363,22.049350254226045,145,17.2,2.5,4.5,6.4,145,11.0,3.25,5.75,8.25,145,8.3,4.0,6.5,8.9,144,5.6,4.5,7.06,9.68,142,3.5,5.88,8.69,13.75,142,2.8,6.5,9.75,14.73,139,2.2,7.0,11.0,16.0
NVS,Hoch 3,97,0.8631704313999331,2.9829351591393065,5.188082800119774,7.713696427284232,11.26980213749915,14.402262965127209,21.199218441253304,97,26.8,3.0,5.25,7.55,97,20.6,4.0,6.5,10.45,97,18.6,5.0,7.5,11.2,97,16.5,5.25,8.75,13.75,95,14.7,6.0,10.25,15.1,95,10.5,7.0,11.38,16.0,94,6.4,8.0,13.19,16.0
NVS,Hoch 4,62,0.7770682860496068,2.9811191796940077,4.418508350231542,6.814443406998128,9.507546895270957,12.967216507500622,32.53615486830466,62,19.4,3.25,4.44,5.7,62,6.5,3.62,6.0,8.6,62,4.8,4.25,6.69,9.47,62,4.8,5.0,8.44,12.15,61,3.3,6.0,9.25,13.5,60,3.3,7.0,11.06,16.0,60,0.0,7.88,11.88,16.0
NVS,Hoch 5,39,1.319720631900791,4.18056244738983,6.110212501951747,8.610781710112093,10.505987475414825,13.974944588198223,34.59528809921873,39,20.5,3.5,5.0,6.3,39,12.8,4.5,6.75,9.4,39,10.3,6.0,8.5,10.35,39,7.7,6.0,9.12,13.3,39,5.1,6.5,10.12,14.15,38,2.6,7.88,13.69,16.0,38,2.6,8.62,13.94,16.0
NVS,Hoch 6,17,1.3068091286330918,2.324587069307028,5.46840343392979,5.854057485846197,9.921068626093664,11.440903162551658,14.717508832304937,17,17.6,2.75,4.75,5.45,17,17.6,4.5,5.5,5.95,17,5.9,5.25,5.75,9.75,17,5.9,5.5,6.25,9.75,17,5.9,5.75,10.5,14.05,16,0.0,7.0,11.31,16.0,16,0.0,7.0,11.31,16.0
NVS,Hoch 7,10,2.2681235674526623,2.700225128236127,5.992582514717905,7.258484550985556,9.251989632953343,12.78592739335803,16.31986515376273,10,30.0,3.12,4.81,7.35,10,20.0,5.12,6.88,7.57,10,0.0,5.88,7.19,9.02,10,0.0,6.38,8.0,10.6,10,0.0,7.12,11.25,13.97,9,0.0,8.25,13.75,16.0,9,0.0,8.25,13.75,16.0
NVS,Hoch 8,6,1.2162322021270005,4.683650234674737,7.831502658121043,7.93860922097655,13.568475231453121,16.37914278494647,19.18981033843982,6,0.0,4.75,6.38,7.12,6,0.0,6.12,7.44,8.25,6,0.0,7.62,7.75,11.88,6,0.0,7.62,7.75,11.88,6,0.0,7.62,7.75,11.88,5,0.0,7.5,7.75,12.7,5,0.0,7.5,7.75,12.7
NVS,Hoch 9,4,1.3933259428606308,6.447594689946859,8.338136959426432,10.889218088881595,15.110749285089396,16.51792635049199,17.925103415894593,4,50.0,4.88,6.88,7.1,4,50.0,7.25,8.0,8.45,4,50.0,8.25,10.38,13.75,4,25.0,8.25,10.38,13.75,4,25.0,8.25,10.38,13.75,3,33.3,8.5,12.25,14.5,3,33.3,8.5,12.25,14.5
NVS,Hoch 10,2,2.0566772147846692,3.713450522377344,5.370223829970018,7.026997137562693,8.021061122118297,8.352415783636832,8.683770445155368,2,50.0,4.75,6.12,6.95,2,50.0,5.25,6.88,7.85,2,50.0,5.25,6.88,7.85,2,50.0,5.75,7.12,7.95,2,50.0,5.75,7.12,7.95,1,0.0,3.0,3.0,3.0,1,0.0,3.0,3.0,3.0
NXPI,alle,414,0.5541280368040177,2.401878623825974,4.462012326903953,7.191410776787735,10.20446487169464,11.898776421124692,37.997966005915664,414,30.4,2.88,4.5,6.75,414,17.9,3.75,6.25,8.25,414,15.7,4.25,7.0,10.0,410,13.4,4.62,7.75,11.25,403,8.7,5.75,9.0,12.25,397,7.6,6.5,10.5,14.75,389,6.7,7.5,11.75,16.0
NXPI,Hoch 1,197,0.7369968467707062,2.4076448297541626,4.479968451395042,7.489870470266958,10.195594101957902,11.336753204948295,18.39323755718119,197,32.0,3.0,4.5,6.6,197,19.8,3.75,6.25,8.35,197,17.8,4.25,7.25,10.0,195,15.4,5.0,8.0,11.15,193,12.4,6.0,9.0,12.45,188,11.2,6.75,11.0,14.33,182,10.4,7.5,11.44,14.98
NXPI,Hoch 2,89,1.0954395593182054,2.4360367166870147,4.85841960764868,7.3242768510533285,9.943338917575248,11.496781576907606,27.370506635629802,89,33.7,3.0,5.0,6.75,89,22.5,4.0,6.5,8.0,89,18.0,4.75,7.25,9.85,87,13.8,5.25,7.5,10.35,86,7.0,5.88,8.94,12.0,85,5.9,7.0,10.25,14.2,83,4.8,7.25,11.75,16.0
NXPI,Hoch 3,48,0.5541280368040177,2.2164848104961097,3.383212472100187,7.1034162595612145,9.177135177890278,13.363573761279257,31.86311450353633,48,12.5,2.5,3.75,5.83,48,4.2,2.75,4.5,6.73,48,4.2,3.25,7.0,8.98,48,4.2,3.75,7.81,12.55,47,0.0,4.5,8.88,14.0,47,0.0,4.75,11.88,15.05,47,0.0,6.5,12.62,15.7
NXPI,Hoch 4,33,1.1072781507405196,2.3079011980857866,3.450127948850766,8.470473347316656,14.083654911585565,17.311517176023568,37.997966005915664,33,24.2,3.0,3.75,8.35,33,15.2,3.25,6.75,9.4,33,15.2,3.25,8.25,13.95,33,15.2,3.5,9.5,15.25,32,12.5,4.38,10.06,15.38,32,9.4,5.5,11.12,15.98,32,6.2,6.5,13.19,16.0
NXPI,Hoch 5,20,0.7815077519135706,2.8681561102450566,4.423138309044559,5.9020289255841885,7.893509482019338,9.729039904113755,15.972265227131686,20,40.0,3.38,4.06,5.05,20,15.0,3.62,5.12,7.05,20,15.0,4.38,5.88,7.68,20,15.0,5.12,7.12,8.95,19,5.3,5.5,7.75,10.25,19,5.3,5.5,7.75,10.85,19,5.3,6.5,9.12,16.0
NXPI,Hoch 6,11,1.2090083591496392,3.3823063332173646,4.496718187782856,6.712356590190801,7.869097383349244,8.48326913939701,9.097440895444777,11,45.5,3.25,4.38,4.75,11,27.3,4.25,6.25,7.75,11,18.2,4.25,6.5,7.75,11,18.2,6.0,8.25,9.0,10,0.0,5.75,8.5,9.05,10,0.0,5.75,8.5,9.05,10,0.0,8.25,9.19,10.15
NXPI,Hoch 7,4,1.014828999493911,1.722715866501166,3.7747576944116696,5.741818474157021,6.013584707664098,6.104173452166457,6.194762196668816,4,25.0,1.62,2.81,4.73,4,25.0,1.62,2.81,4.73,4,25.0,3.62,5.62,5.85,4,25.0,3.62,6.75,9.0,4,0.0,3.62,6.75,9.0,4,0.0,3.62,6.75,9.0,4,0.0,8.0,11.88,14.35
NXPI,Hoch 8,3,2.111677837590339,2.774170291254535,3.4366627449187312,4.706593286342798,5.468551611197237,5.722537719482051,5.976523827766864,3,33.3,2.0,2.62,3.0,3,0.0,2.0,2.62,3.0,3,0.0,3.25,4.5,5.25,3,0.0,3.25,4.5,5.25,3,0.0,3.25,4.5,5.25,3,0.0,3.25,4.5,5.25,3,0.0,5.75,10.88,13.95
NXPI,Hoch 9,3,1.507718890166225,2.37989645586058,3.252074021554935,4.886506754243917,5.867166393857306,6.194052940395102,6.520939486932899,3,66.7,3.25,3.25,3.25,3,0.0,3.25,4.88,5.85,3,0.0,3.25,4.88,5.85,3,0.0,3.25,4.88,5.85,3,0.0,3.25,4.88,5.85,3,0.0,3.25,4.88,5.85,3,0.0,6.5,11.25,14.1
NXPI,Hoch 10,2,2.0596335977072653,3.665064172428455,5.270494747149645,6.8759253218708345,7.839183666703549,8.160269781647786,8.481355896592024,2,0.0,5.12,6.69,7.62,2,0.0,5.12,6.69,7.62,2,0.0,5.12,6.69,7.62,2,0.0,5.12,6.69,7.62,2,0.0,5.12,6.69,7.62,2,0.0,12.12,14.06,15.22,2,0.0,12.12,14.06,15.22
NXPI,Hoch 11,2,3.3666449245881824,4.840193685879267,6.313742447170353,7.787291208461438,8.67142046523609,8.966130217494305,9.260839969752523,2,100.0,6.12,7.69,8.62,2,50.0,6.12,7.69,8.62,2,50.0,6.25,7.75,8.65,2,0.0,6.25,7.75,8.65,2,0.0,6.25,7.75,8.65,2,0.0,12.62,14.31,15.32,2,0.0,12.62,14.31,15.32
NXPI,Hoch 12,1,8.153829411783914,8.153829411783914,8.153829411783914,8.153829411783914,8.153829411783914,8.153829411783914,8.153829411783914,1,0.0,8.0,8.0,8.0,1,0.0,8.0,8.0,8.0,1,0.0,8.0,8.0,8.0,1,0.0,8.0,8.0,8.0,1,0.0,8.0,8.0,8.0,1,0.0,16.0,16.0,16.0,1,0.0,16.0,16.0,16.0
NXPI,Hoch 13,1,7.523707354255093,7.523707354255093,7.523707354255093,7.523707354255093,7.523707354255093,7.523707354255093,7.523707354255093,1,0.0,7.5,7.5,7.5,1,0.0,7.5,7.5,7.5,1,0.0,7.5,7.5,7.5,1,0.0,7.5,7.5,7.5,1,0.0,7.5,7.5,7.5,1,0.0,16.0,16.0,16.0,1,0.0,16.0,16.0,16.0
ODFL,alle,555,0.6211991427088539,2.208895446874539,3.608934719306549,5.782837183696627,8.612847818610462,10.26448724385091,15.18637550645855,555,28.5,2.75,4.25,5.75,555,15.5,3.25,5.12,7.75,555,9.4,3.5,5.75,8.5,554,7.6,3.75,6.5,9.0,550,5.6,4.0,7.0,10.5,543,3.7,4.5,8.25,11.75,538,2.4,5.0,8.5,12.83
ODFL,Hoch 1,270,0.6850224598079142,2.124713444477596,3.496837156433034,5.6045229202831655,8.211751949117886,9.789170950009169,12.527003974372235,270,28.9,2.75,4.25,6.0,270,15.2,3.0,4.94,7.52,270,8.1,3.25,5.5,8.02,270,7.4,3.5,6.25,9.0,268,6.0,4.0,7.25,10.08,266,3.4,4.25,8.25,10.88,263,1.9,5.0,8.62,11.95
ODFL,Hoch 2,124,0.6211991427088539,2.1618862959079825,3.5320695818480674,6.123957437188537,8.957232186808923,11.296838067078202,12.829962174436002,124,27.4,2.75,4.25,5.43,124,19.4,3.25,5.25,6.93,124,13.7,3.5,6.0,8.93,123,9.8,4.0,6.12,9.25,123,7.3,4.0,6.88,11.2,122,5.7,4.75,8.5,12.5,120,4.2,5.25,9.25,13.3
ODFL,Hoch 3,66,0.8916608464289812,2.4065674040835896,3.5967585768947137,5.595917358223277,8.648957435000128,11.186719256041552,15.18637550645855,66,21.2,2.75,4.19,5.5,66,13.6,3.5,5.19,7.62,66,10.6,3.5,5.5,8.5,66,7.6,3.5,6.44,9.0,65,6.2,3.75,6.5,12.75,64,4.7,4.38,8.06,13.43,64,3.1,5.0,9.06,14.43
ODFL,Hoch 4,40,1.0072788937691202,2.1793940826651275,3.6144239313198705,5.68485657257513,7.598824734730508,8.706235462688694,12.059215968174255,40,27.5,2.75,4.06,5.75,40,10.0,3.5,4.94,7.58,40,7.5,3.5,5.5,7.58,40,5.0,3.5,6.0,8.5,39,2.6,3.5,6.75,10.65,38,2.6,3.75,8.44,12.0,38,2.6,3.75,8.5,12.08
ODFL,Hoch 5,22,1.0327107799866817,2.3620001365684313,3.6535853493873667,6.033059597999117,9.220717181196086,11.47571766029535,14.59984608551731,22,31.8,3.12,4.19,5.0,22,22.7,3.5,4.75,8.25,22,4.5,3.5,5.88,9.15,22,4.5,3.88,6.25,9.15,22,0.0,4.75,6.25,9.15,21,0.0,4.75,6.5,9.25,21,0.0,4.75,6.5,9.25
ODFL,Hoch 6,14,0.9205767590718894,2.7538598056231525,3.6968377194187356,5.43760912160486,7.7401890101988196,8.248660288701926,8.701122726226451,14,50.0,2.75,4.75,5.25,14,7.1,2.75,5.25,5.6,14,7.1,3.5,5.25,7.7,14,7.1,4.0,5.44,7.7,14,7.1,4.38,5.44,8.0,13,0.0,3.75,5.5,8.0,13,0.0,5.0,6.75,8.0
ODFL,Hoch 7,5,1.478780012310319,2.0110669978546034,3.5656764866476784,3.718104116212453,5.521049181444847,6.122030869855645,6.7230125582664435,5,20.0,1.25,3.0,3.3,5,0.0,3.5,3.5,5.3,5,0.0,3.5,3.5,5.3,5,0.0,3.5,4.0,5.5,5,0.0,3.5,4.0,5.5,5,0.0,3.5,4.0,6.55,5,0.0,4.0,4.5,7.05
ODFL,Hoch 8,5,1.6205710638886741,2.7634173403925817,3.8027825526285812,7.330273011320076,7.546372602437027,7.618405799476012,7.690438996514995,5,40.0,1.75,3.5,5.9,5,20.0,2.75,7.25,7.4,5,20.0,3.75,7.25,7.4,5,20.0,5.75,7.25,7.4,5,0.0,5.75,7.25,7.4,5,0.0,5.75,7.5,8.4,5,0.0,7.5,9.0,9.3
ODFL,Hoch 9,3,3.1058549192031415,3.7564278222614798,4.407000725319818,5.045644074929449,5.428830084695228,5.556558754617154,5.684287424539081,3,0.0,2.75,4.12,4.95,3,0.0,3.75,4.62,5.15,3,0.0,4.25,4.88,5.25,3,0.0,5.5,6.0,6.3,3,0.0,5.5,6.0,6.3,3,0.0,5.5,6.0,6.3,3,0.0,6.5,9.25,10.9
ODFL,Hoch 10,3,6.705296126337737,7.24707327300381,7.788850419669883,8.742849364025451,9.315248730638793,9.506048519509905,9.69684830838102,3,66.7,6.5,8.0,8.9,3,0.0,6.5,8.0,8.9,3,0.0,7.75,8.62,9.15,3,0.0,8.0,8.75,9.2,3,0.0,8.0,8.75,9.2,3,0.0,8.0,9.25,10.0,3,0.0,8.0,11.75,14.0
ODFL,Hoch 11,3,8.370113092373812,8.563583210062259,8.757053327750707,9.00269916641553,9.150086669614424,9.199215837347388,9.248345005080353,3,66.7,8.25,8.5,8.65,3,33.3,8.75,8.75,8.75,3,0.0,8.75,8.88,8.95,3,0.0,8.75,8.88,8.95,3,0.0,8.75,8.88,8.95,3,0.0,9.0,10.75,11.8,3,0.0,9.0,11.38,12.8
ON,alle,545,0.46069545693637637,2.668289176330128,4.423453338916626,6.613371066301978,10.849029569816738,12.805533993305493,36.53394211492538,545,31.6,3.0,4.75,6.5,545,20.2,3.75,6.0,8.75,545,17.1,4.25,6.5,10.75,541,15.2,4.5,7.5,12.0,534,12.0,5.12,9.25,13.25,524,9.7,6.25,11.5,15.0,519,8.5,7.0,12.5,16.0
ON,Hoch 1,253,0.46069545693637637,2.6391460101512334,4.15648425167413,7.304568247700085,11.607980906707782,12.594439170843035,32.74347864764027,253,31.2,3.0,4.75,6.7,253,21.7,3.75,6.0,9.7,253,18.2,4.0,7.25,11.45,251,16.7,4.25,8.12,12.0,249,13.3,5.0,9.5,13.25,244,10.2,6.25,11.5,13.75,239,9.6,7.5,12.25,15.0
ON,Hoch 2,117,0.696519990624576,2.4285324967728132,4.220782603567996,5.759997874669534,8.68425948085901,12.548816891078577,30.641167005097394,117,28.2,3.0,4.25,5.75,117,17.9,3.75,5.5,6.95,117,15.4,4.0,5.75,8.6,116,12.1,4.25,6.0,11.5,114,7.9,5.0,8.75,12.93,111,6.3,5.5,11.0,15.25,111,6.3,6.25,12.75,16.0
ON,Hoch 3,72,1.1200005340576737,3.090766687462887,4.758809498262867,6.5962838178100895,12.25330724752712,14.212386983288873,17.596836213392375,72,38.9,3.5,5.0,6.5,72,22.2,4.0,5.75,7.97,72,19.4,4.75,6.56,12.22,71,16.9,4.75,7.62,13.0,70,14.3,5.12,10.38,14.1,68,13.2,6.62,13.31,16.0,68,11.8,7.62,14.44,16.0
ON,Hoch 4,38,1.103398265457898,2.50941142678608,4.603948148744701,6.148480766660646,9.568703007057993,12.216569058517196,35.657927544281925,38,28.9,2.5,5.0,7.23,38,18.4,3.62,6.0,8.43,38,15.8,4.5,6.0,9.55,38,15.8,4.88,7.56,11.23,37,13.5,6.0,9.25,14.6,37,10.8,7.0,11.5,15.25,37,5.4,7.75,11.5,16.0
ON,Hoch 5,25,1.0017872424057552,2.94407261072925,4.971276979577182,6.013064039668697,10.194097728617022,13.883287799361902,36.53394211492538,25,28.0,2.75,5.5,7.9,25,4.0,3.75,5.75,7.9,25,4.0,4.75,6.0,10.0,25,4.0,5.25,7.25,10.85,24,4.2,6.0,8.5,12.75,24,0.0,8.0,11.5,15.75,24,0.0,8.0,14.81,16.0
ON,Hoch 6,16,1.5555542876123192,2.503139128209685,4.244147040918294,5.82142329708611,7.328299048140734,7.578299725057835,8.230720132601876,16,12.5,2.62,4.25,5.38,16,12.5,2.62,4.5,6.38,16,12.5,4.12,5.75,7.25,16,12.5,4.25,7.25,8.38,16,6.2,4.88,8.31,8.88,16,6.2,6.38,9.81,15.12,16,6.2,6.62,10.06,15.12
ON,Hoch 7,12,2.9177110171425995,4.31761544033543,4.968303803507291,7.085165145060824,7.695954501340657,8.24705656373975,8.87963343566205,12,41.7,3.12,4.38,4.97,12,33.3,4.12,5.56,7.18,12,16.7,4.88,6.88,7.47,12,16.7,4.88,7.12,8.7,12,16.7,4.88,7.56,10.45,12,16.7,5.12,7.81,12.12,12,16.7,6.38,11.06,12.6
ON,Hoch 8,7,4.283371343250769,4.754750170902774,6.949396439141454,7.20045464546866,7.720305994834047,8.080741117214238,8.44117623959443,7,57.1,4.25,5.75,7.5,7,42.9,5.0,6.5,7.5,7,42.9,6.75,7.0,7.5,7,28.6,6.75,7.0,8.0,7,28.6,6.75,7.0,9.0,7,28.6,6.75,8.0,10.4,7,0.0,7.75,10.75,13.9
ON,Hoch 9,4,4.3247703880939685,4.69559701895641,5.410874270329533,6.846404982841106,8.365357191407783,8.87167459426334,9.3779919971189,4,50.0,5.12,5.62,5.85,4,25.0,5.38,6.81,8.28,4,25.0,5.38,6.81,8.28,4,25.0,5.38,6.81,8.28,4,25.0,5.38,6.81,8.28,4,25.0,5.38,6.81,8.28,4,25.0,7.38,10.81,12.28
ON,Hoch 10,1,6.59379017882998,6.59379017882998,6.59379017882998,6.59379017882998,6.59379017882998,6.59379017882998,6.59379017882998,1,100.0,6.5,6.5,6.5,1,0.0,6.5,6.5,6.5,1,0.0,6.5,6.5,6.5,1,0.0,6.5,6.5,6.5,1,0.0,6.5,6.5,6.5,1,0.0,6.5,6.5,6.5,1,0.0,14.25,14.25,14.25
ORCL,alle,499,0.39188831455575623,2.46169572209903,4.492916256832157,6.826755507970935,9.874998795654607,11.397153339831092,21.959192810125483,499,25.9,3.0,4.75,6.75,499,15.0,3.75,6.12,8.75,499,10.0,4.25,6.75,9.75,497,8.5,4.5,7.25,10.75,491,5.5,5.0,8.88,12.5,484,3.3,5.75,9.56,13.75,479,2.3,6.25,10.25,15.05
ORCL,Hoch 1,228,0.7431417463585,2.4286417554174466,4.445284508904407,6.466103416005005,9.999265658643534,11.654146467008045,21.959192810125483,228,24.1,2.75,4.5,6.25,228,13.2,3.75,5.75,8.15,228,7.5,4.25,6.25,9.83,227,5.7,4.5,6.88,10.75,224,4.0,4.88,8.75,12.25,220,2.3,5.75,9.0,13.02,216,1.4,6.0,9.5,14.38
ORCL,Hoch 2,111,0.39188831455575623,2.604272711818181,4.404838891932147,6.930466930763655,9.419328350335753,11.560521697953181,16.729701730274023,111,25.2,2.75,5.12,6.75,111,15.3,4.0,6.25,8.5,111,14.4,4.25,6.75,9.25,110,12.7,4.5,7.25,11.25,108,7.4,5.62,8.81,13.65,106,6.6,5.88,9.69,14.38,105,4.8,6.5,10.0,15.25
ORCL,Hoch 3,62,0.7853727987872401,2.155756595578193,4.173936391043858,7.818721828537471,9.27224189820861,9.93554137191176,12.283123982153977,62,22.6,2.62,4.44,7.2,62,16.1,3.75,6.75,8.7,62,8.1,4.0,7.62,9.25,62,8.1,4.12,8.0,9.75,61,4.9,4.5,8.75,10.0,60,0.0,5.0,8.88,11.28,60,0.0,6.38,9.38,11.63
ORCL,Hoch 4,38,0.7135440042374445,2.429996677008312,4.722786660936509,7.02012303316418,10.47969255987237,10.968941677844015,11.936559774331592,38,31.6,3.0,4.75,6.05,38,13.2,3.5,6.19,9.5,38,7.9,4.62,6.88,10.33,38,5.3,4.75,7.38,10.5,38,5.3,5.12,10.0,13.9,38,2.6,6.5,10.5,14.78,38,2.6,7.38,12.69,16.0
ORCL,Hoch 5,28,1.090914050491584,2.7748155825645924,4.806146975714238,6.117796962595682,9.875827427782708,10.785892073810118,16.546984162747474,28,35.7,3.88,5.38,7.43,28,21.4,4.25,5.94,9.75,28,14.3,4.62,6.0,9.75,28,14.3,4.88,7.5,13.32,28,3.6,5.12,10.06,13.62,28,3.6,6.25,12.56,15.12,28,3.6,6.38,12.56,16.0
ORCL,Hoch 6,16,0.8536598446630338,3.5110348962794613,5.034403331012477,6.774162228980093,8.304979024320984,10.418413154091699,12.628876541401304,16,25.0,3.38,5.06,6.5,16,12.5,3.88,6.25,8.12,16,12.5,5.0,6.75,8.12,16,6.2,5.12,6.75,12.88,16,6.2,5.75,10.31,15.0,16,6.2,6.75,13.69,15.38,16,6.2,6.75,13.69,15.38
ORCL,Hoch 7,8,1.0670898808853901,3.49072242428584,5.268076717625357,6.428897851476371,7.524099318492879,8.529730779774429,9.53536224105598,8,37.5,3.75,4.0,4.75,8,25.0,4.62,5.19,7.4,8,25.0,5.12,6.31,7.4,8,25.0,5.5,6.5,7.4,8,25.0,6.38,7.56,9.02,8,0.0,6.38,8.81,12.07,8,0.0,6.38,8.81,12.07
ORCL,Hoch 8,4,2.9450896838664082,4.14637799792972,6.299059307189969,8.461197666992787,9.1989933464074,9.444925239545604,9.690857132683808,4,50.0,4.38,4.88,5.55,4,50.0,6.25,8.38,9.05,4,25.0,6.25,8.38,9.05,4,25.0,6.25,8.38,9.05,4,25.0,6.25,9.0,10.8,4,25.0,6.25,9.0,10.8,4,0.0,7.25,9.0,10.8
ORCL,Hoch 9,3,3.233354107053423,3.7958369937963825,4.358319880539343,5.753397484247467,6.59044404647234,6.869459567213965,7.14847508795559,3,33.3,3.0,4.25,5.0,3,33.3,3.0,5.0,6.2,3,0.0,4.25,5.62,6.45,3,0.0,4.25,5.62,6.45,3,0.0,4.25,5.62,6.45,3,0.0,4.25,5.62,6.45,3,0.0,7.0,9.0,10.2
ORCL,Hoch 10,1,7.291506730197167,7.291506730197167,7.291506730197167,7.291506730197167,7.291506730197167,7.291506730197167,7.291506730197167,1,0.0,7.25,7.25,7.25,1,0.0,7.25,7.25,7.25,1,0.0,7.25,7.25,7.25,1,0.0,7.25,7.25,7.25,1,0.0,7.25,7.25,7.25,1,0.0,11.0,11.0,11.0,1,0.0,13.75,13.75,13.75
ORLY,alle,492,0.755617796321327,2.217985883892619,3.706179836359251,5.597328790180478,8.92962862661624,11.645863224089396,32.433551652164695,492,29.3,2.75,4.25,6.0,492,17.3,3.25,4.81,7.5,492,12.4,3.5,5.5,8.75,488,10.0,3.75,6.0,9.25,480,7.9,4.0,6.5,10.75,472,3.4,4.25,7.31,13.73,465,2.4,4.25,7.75,15.4
ORLY,Hoch 1,222,0.755617796321327,2.2524712579235704,3.4785100843393044,5.282288606088098,9.044883218928211,12.089835840913288,28.228204376122168,222,27.9,2.75,4.0,6.25,222,17.1,3.25,4.75,8.25,222,12.2,3.25,5.25,8.98,220,8.6,3.75,5.75,9.32,216,6.9,3.75,6.25,10.75,211,2.8,3.75,7.75,13.5,208,1.4,4.0,8.25,14.33
ORLY,Hoch 2,122,0.8241407534786624,2.0822411531191074,3.7164665515401523,5.9137612555165315,9.103943577466696,10.965658929192863,32.433551652164695,122,33.6,2.88,4.25,6.23,122,19.7,3.25,4.94,8.63,122,14.8,3.5,5.75,8.98,121,13.2,3.75,6.0,9.25,119,10.9,4.0,6.5,9.35,117,3.4,4.0,7.25,13.7,116,3.4,4.12,7.5,15.88
ORLY,Hoch 3,61,0.8717190029598507,1.8919720389373698,3.099218931506786,5.138626341618363,7.587727182168316,11.770004549772585,31.086166978811658,61,19.7,2.25,3.75,5.0,61,13.1,2.75,4.5,6.75,61,8.2,3.0,5.0,7.5,60,8.3,3.5,5.5,8.28,59,5.1,3.75,5.88,10.95,58,0.0,4.38,6.38,13.2,57,0.0,4.25,7.5,16.0
ORLY,Hoch 4,40,0.9765356855150414,3.1382448829706155,4.306133420135733,6.137229203580651,7.5571204602508635,10.602930743163311,15.173719050527039,40,32.5,3.75,4.5,5.55,40,15.0,3.88,5.25,6.78,40,12.5,4.25,6.06,7.48,40,7.5,4.5,6.75,8.38,39,7.7,4.75,6.75,10.65,39,7.7,5.25,7.38,15.2,38,7.9,5.12,7.44,16.0
ORLY,Hoch 5,21,1.0612550315112965,2.2210172001914037,4.071182376956583,6.654488892072837,8.134650342142997,8.180458665775513,15.179548752936249,21,38.1,2.5,4.75,6.25,21,23.8,3.0,5.5,6.5,21,14.3,4.0,6.5,8.0,21,14.3,4.25,7.25,9.5,21,14.3,4.5,8.0,10.25,21,9.5,4.5,8.0,12.0,20,5.0,4.5,7.81,10.05
ORLY,Hoch 6,13,2.1254154641642344,2.940515754896011,4.278000013968219,5.9408263439756075,10.425946642875351,12.781063857915454,14.757883658225799,13,30.8,2.5,3.75,5.25,13,15.4,3.75,5.25,6.15,13,7.7,4.25,5.75,10.25,13,7.7,5.0,6.0,10.25,13,0.0,5.25,6.25,10.75,13,0.0,5.25,6.25,10.75,13,0.0,5.25,6.25,10.75
ORLY,Hoch 7,7,1.8632731116429229,4.111292628858657,4.5165271044513,6.646514000612828,9.409845577305852,11.20006664942205,12.990287721538259,7,28.6,3.25,3.88,5.05,7,28.6,4.5,5.5,8.85,7,28.6,4.5,6.62,9.3,7,28.6,4.5,6.62,9.3,7,14.3,4.5,6.62,9.3,7,14.3,4.5,6.62,9.3,7,0.0,4.5,6.62,9.3
ORLY,Hoch 8,3,2.071376343359113,3.4387608876412807,4.806145431923448,6.041796260083039,6.783186756978793,7.030316922610711,7.27744708824263,3,33.3,4.5,4.62,4.7,3,0.0,4.75,6.0,6.75,3,0.0,4.75,6.0,6.75,3,0.0,4.75,6.0,6.75,3,0.0,4.75,6.0,6.75,3,0.0,4.75,6.0,6.75,3,0.0,4.75,6.0,6.75
ORLY,Hoch 9,2,2.4220962171671325,3.190110172241015,3.958124127314898,4.72613808238878,5.18694645543311,5.340549246447886,5.494152037462663,2,50.0,3.75,4.5,4.95,2,0.0,3.75,4.5,4.95,2,0.0,3.75,4.5,4.95,2,0.0,3.75,4.5,4.95,2,0.0,3.75,4.5,4.95,2,0.0,3.75,4.5,4.95,2,0.0,3.75,4.5,4.95
ORLY,Hoch 10,1,2.465582041034063,2.465582041034063,2.465582041034063,2.465582041034063,2.465582041034063,2.465582041034063,2.465582041034063,1,0.0,2.25,2.25,2.25,1,0.0,2.25,2.25,2.25,1,0.0,2.25,2.25,2.25,1,0.0,2.25,2.25,2.25,1,0.0,2.25,2.25,2.25,1,0.0,2.25,2.25,2.25,1,0.0,2.25,2.25,2.25
P911.DE,alle,92,0.9454161504457104,3.2484366299980487,5.466354547099739,8.136170865597323,10.680908178762232,12.00299994373191,14.596535420477855,92,44.6,3.62,5.25,6.75,92,37.0,5.0,6.5,8.7,92,30.4,5.25,8.0,10.48,89,28.1,6.25,8.75,11.75,85,27.1,8.5,11.5,13.8,80,27.5,10.38,13.31,16.0,77,28.6,12.25,16.0,16.0
P911.DE,Hoch 1,55,0.9454161504457104,3.5944827109188564,5.945464811393849,8.110340811873606,10.259341413106888,11.073312486491565,13.740510053177838,55,45.5,3.75,5.38,6.75,55,38.2,5.25,6.62,8.7,55,32.7,5.75,8.0,10.05,55,29.1,6.25,8.25,10.9,54,29.6,8.62,10.94,13.43,49,30.6,10.25,13.5,16.0,47,31.9,13.0,16.0,16.0
P911.DE,Hoch 2,20,1.0639151937950202,3.003034523525378,5.399532489521064,8.605156750579985,12.25822587525933,12.56200526839458,14.596535420477855,20,40.0,3.5,5.56,7.55,20,35.0,4.0,7.5,8.88,20,35.0,5.38,8.44,12.03,20,35.0,7.62,9.5,12.03,19,31.6,8.75,11.88,15.2,19,31.6,10.75,13.12,16.0,18,33.3,11.75,13.56,16.0
P911.DE,Hoch 3,9,1.80959750222426,3.668288167901674,5.441650514857946,8.151498554989429,10.243904143393285,11.57763227938408,12.91136041537488,9,55.6,4.0,5.0,5.45,9,44.4,4.75,6.0,6.8,9,22.2,5.25,8.0,10.15,9,22.2,6.25,10.75,12.85,8,12.5,7.88,11.62,12.9,8,12.5,9.0,12.88,14.07,8,12.5,11.25,12.88,14.07
P911.DE,Hoch 4,2,1.7704575662954987,2.1526750642253876,2.5348925621552763,2.917110060085165,3.146440558843098,3.222884058429076,3.2993275580150536,2,0.0,2.12,2.31,2.42,2,0.0,2.38,2.69,2.88,2,0.0,2.5,2.88,3.1,2,0.0,2.5,2.88,3.1,1,0.0,1.75,1.75,1.75,1,0.0,6.25,6.25,6.25,1,0.0,11.0,11.0,11.0
P911.DE,Hoch 5,2,3.316563869792753,3.6135424941129264,3.9105211184331,4.207499742753273,4.385686917345377,4.445082642209412,4.504478367073447,2,50.0,3.12,3.56,3.83,2,50.0,3.88,4.19,4.38,2,0.0,3.88,4.19,4.38,1,0.0,3.25,3.25,3.25,1,0.0,3.25,3.25,3.25,1,0.0,10.5,10.5,10.5,1,0.0,13.25,13.25,13.25
P911.DE,Hoch 6,2,3.07792095196642,3.602510380453727,4.127099808941033,4.651689237428339,4.966442894520724,5.071360780218185,5.176278665915646,2,0.0,3.88,4.31,4.58,2,0.0,4.0,4.5,4.8,2,0.0,4.0,4.5,4.8,1,0.0,3.0,3.0,3.0,1,0.0,8.0,8.0,8.0,1,0.0,10.0,10.0,10.0,1,0.0,12.0,12.0,12.0
P911.DE,Hoch 7,2,5.491058579341531,5.626612836565673,5.762167093789816,5.897721351013958,5.979053905348444,6.006164756793272,6.0332756082381005,2,100.0,5.5,5.62,5.7,2,50.0,5.5,5.62,5.7,2,50.0,5.62,5.81,5.92,1,0.0,6.5,6.5,6.5,1,0.0,15.0,15.0,15.0,1,0.0,16.0,16.0,16.0,1,0.0,16.0,16.0,16.0
PA=F,alle,639,0.08162513579425291,3.3412533733069365,6.50709169094276,10.562248933469728,15.878409670872585,19.867546411165254,35.793860879195165,639,26.1,4.0,6.88,10.25,639,16.9,5.5,9.0,12.75,639,14.9,6.5,10.5,15.75,637,13.7,7.0,12.0,16.0,628,10.8,7.75,14.25,16.0,611,8.3,9.25,16.0,16.0,609,6.7,10.25,16.0,16.0
PA=F,Hoch 1,311,0.13543952116650404,3.1041480511797754,5.967213867024758,9.394142471778137,15.112511284876128,19.175533787514052,31.71255470050602,311,24.4,3.75,6.25,9.5,311,16.7,5.0,8.0,12.5,311,14.8,5.75,9.25,15.0,309,13.6,6.5,10.0,16.0,304,11.5,7.0,13.06,16.0,294,8.8,8.25,15.19,16.0,294,7.5,9.25,16.0,16.0
PA=F,Hoch 2,154,0.08162513579425291,3.8460346234400684,6.721990983920697,11.25422862151442,16.924324234483244,19.836299605826966,30.08647856841216,154,29.9,4.5,7.38,10.5,154,20.1,6.12,9.19,12.5,154,18.2,6.62,11.25,16.0,154,17.5,7.12,12.5,16.0,152,13.2,8.25,15.81,16.0,150,11.3,9.5,16.0,16.0,150,9.3,10.38,16.0,16.0
PA=F,Hoch 3,80,0.3398751317235675,3.514107762028358,7.259429374515621,11.840857195647724,15.923647411924668,19.44746668176166,35.793860879195165,80,28.8,4.25,7.25,10.03,80,15.0,5.75,9.88,12.5,80,13.8,7.12,11.81,15.78,80,11.2,7.88,14.06,16.0,79,10.1,9.25,15.75,16.0,77,6.5,10.0,16.0,16.0,77,3.9,10.75,16.0,16.0
PA=F,Hoch 4,41,0.8321281403695334,4.155842273450965,7.394635521255901,12.678047635017691,20.056947242502023,23.821536933502074,34.7405585298799,41,34.1,5.0,7.0,10.25,41,14.6,6.25,10.75,13.25,41,9.8,7.25,12.5,16.0,41,9.8,9.25,13.25,16.0,40,7.5,10.0,13.56,16.0,39,2.6,11.25,16.0,16.0,38,2.6,12.12,16.0,16.0
PA=F,Hoch 5,22,0.6199072439295275,2.8699364982457105,5.5651389182842035,14.652133892905189,15.835582736492066,22.266347475369358,34.58831358493161,22,27.3,5.38,8.19,11.98,22,22.7,5.38,11.44,14.83,22,22.7,5.38,14.56,15.73,22,18.2,5.38,15.19,15.98,22,9.1,9.12,15.56,16.0,22,9.1,10.25,15.56,16.0,21,4.8,12.5,16.0,16.0
PA=F,Hoch 6,11,0.5442756492780109,2.1505434501916283,6.915381855132147,12.92039187806419,18.41146125975629,18.427589855611238,18.443718451466182,11,0.0,3.75,8.0,11.75,11,0.0,3.75,8.25,14.25,11,0.0,6.75,12.75,16.0,11,0.0,6.75,12.75,16.0,11,0.0,8.5,14.5,16.0,10,0.0,9.5,15.56,16.0,10,0.0,12.75,15.88,16.0
PA=F,Hoch 7,9,1.882451682029529,3.637787934274331,5.399838981550915,10.552867796528776,18.499113907304775,20.051903992642508,21.604694077980245,9,0.0,4.75,5.25,10.8,9,0.0,5.25,5.75,16.0,9,0.0,5.25,10.5,16.0,9,0.0,5.25,10.5,16.0,9,0.0,10.5,16.0,16.0,8,0.0,10.62,16.0,16.0,8,0.0,13.0,16.0,16.0
PA=F,Hoch 8,4,3.330704208153448,3.3566322218128817,5.219641625568913,7.14274157934639,7.266461377580653,7.307701310325406,7.34894124307016,4,25.0,5.0,6.81,6.92,4,25.0,5.12,7.06,7.17,4,0.0,5.12,7.06,7.17,4,0.0,5.88,7.06,7.17,4,0.0,6.0,9.44,13.38,4,0.0,6.88,9.44,13.38,4,0.0,6.88,9.44,13.38
PA=F,Hoch 9,2,7.060822037913017,7.330341472844072,7.5998609077751285,7.869380342706185,8.031092003664819,8.08499589065103,8.13889977763724,2,0.0,4.38,6.19,7.28,2,0.0,6.75,7.38,7.75,2,0.0,7.5,7.75,7.9,2,0.0,7.5,7.75,7.9,2,0.0,11.5,13.75,15.1,2,0.0,11.5,13.75,15.1,2,0.0,11.5,13.75,15.1
PA=F,Hoch 10,2,7.223405519932312,7.343755455622449,7.464105391312586,7.584455327002723,7.656665288416805,7.680735275554833,7.70480526269286,2,0.0,3.75,5.62,6.75,2,0.0,6.62,7.06,7.33,2,0.0,7.25,7.38,7.45,2,0.0,7.25,7.38,7.45,2,0.0,11.5,13.75,15.1,2,0.0,11.5,13.75,15.1,2,0.0,11.5,13.75,15.1
PA=F,Hoch 11,1,13.980287744398288,13.980287744398288,13.980287744398288,13.980287744398288,13.980287744398288,13.980287744398288,13.980287744398288,1,0.0,2.75,2.75,2.75,1,0.0,12.25,12.25,12.25,1,0.0,13.75,13.75,13.75,1,0.0,13.75,13.75,13.75,1,0.0,13.75,13.75,13.75,1,0.0,13.75,13.75,13.75,1,0.0,13.75,13.75,13.75
PA=F,Hoch 12,1,10.521807690631855,10.521807690631855,10.521807690631855,10.521807690631855,10.521807690631855,10.521807690631855,10.521807690631855,1,0.0,9.5,9.5,9.5,1,0.0,9.5,9.5,9.5,1,0.0,10.5,10.5,10.5,1,0.0,10.5,10.5,10.5,1,0.0,10.5,10.5,10.5,1,0.0,10.5,10.5,10.5,1,0.0,10.5,10.5,10.5
PA=F,Hoch 13,1,15.383210458939736,15.383210458939736,15.383210458939736,15.383210458939736,15.383210458939736,15.383210458939736,15.383210458939736,1,100.0,14.0,14.0,14.0,1,100.0,15.25,15.25,15.25,1,100.0,15.25,15.25,15.25,1,100.0,15.25,15.25,15.25,1,0.0,15.25,15.25,15.25,1,0.0,15.25,15.25,15.25,1,0.0,15.25,15.25,15.25
PAH3.DE,alle,452,0.5904042607565979,3.0081812913333863,4.66795868363765,7.123023791361559,10.015893938468963,12.226784154025127,36.03192207816176,452,31.4,3.25,4.75,6.5,452,22.1,3.88,6.0,8.25,452,18.8,4.5,7.0,9.98,449,17.6,5.0,7.75,11.25,444,14.0,5.75,9.5,14.17,438,10.7,6.5,11.5,16.0,433,9.7,7.75,12.75,16.0
PAH3.DE,Hoch 1,226,0.5904042607565979,2.398548794770307,4.291671961864104,6.55066781104538,10.107780056691661,12.775048821218636,36.03192207816176,226,27.9,2.75,4.5,6.25,226,18.6,3.5,5.75,8.12,226,16.8,4.25,6.5,10.0,223,15.7,4.5,7.0,11.1,221,11.3,5.0,9.0,13.25,217,8.3,5.75,10.25,16.0,216,7.4,6.75,11.75,16.0
PAH3.DE,Hoch 2,109,0.8352236524458381,3.0443524604003773,4.576047970603728,7.589713493136387,10.022737366321891,11.62489505924221,33.98165334091108,109,34.9,3.25,4.75,7.55,109,23.9,3.75,6.5,8.75,109,19.3,4.5,7.5,10.0,109,19.3,5.25,8.25,10.55,107,16.8,6.25,10.0,13.95,106,14.2,6.62,12.06,16.0,105,12.4,7.75,12.75,16.0
PAH3.DE,Hoch 3,57,1.5878803811712028,3.683218030426968,5.525788998160076,7.828293962883274,9.496172448725355,11.299043420622505,15.116463952648957,57,31.6,3.5,5.0,6.6,57,21.1,4.25,6.0,8.75,57,19.3,5.5,7.75,9.35,57,17.5,5.5,8.5,11.05,56,16.1,6.5,10.38,16.0,55,10.9,7.25,12.25,16.0,54,11.1,9.12,14.0,16.0
PAH3.DE,Hoch 4,32,1.3109847592444261,3.8757947002989317,5.430671652724621,7.652664784280452,8.989500889011365,10.294059071456598,16.542272245682106,32,37.5,3.62,5.06,5.98,32,34.4,4.25,5.75,6.25,32,25.0,5.38,7.56,8.98,32,25.0,5.62,8.56,11.25,32,18.8,5.88,10.5,15.95,32,15.6,9.25,13.31,16.0,31,16.1,11.5,15.0,16.0
PAH3.DE,Hoch 5,14,1.2235892362226142,4.2751997987802035,5.276079540328901,6.86329245274459,11.517357989480633,13.610675046356416,15.135424358377,14,42.9,3.25,4.69,7.13,14,35.7,4.0,6.06,8.18,14,28.6,5.12,6.62,11.48,14,21.4,5.75,8.0,14.55,14,21.4,6.12,8.31,14.93,14,21.4,12.12,15.75,16.0,13,15.4,12.25,15.75,16.0
PAH3.DE,Hoch 6,6,2.0226640150500605,5.730076219560631,6.480120314024347,7.198229168348536,8.493690875863289,9.106269177058355,9.71884747825342,6,33.3,5.12,5.75,6.25,6,33.3,6.25,6.94,7.12,6,33.3,6.25,7.12,8.38,6,16.7,6.5,7.12,8.38,6,0.0,6.5,7.12,8.38,6,0.0,9.12,12.88,15.0,6,0.0,10.5,14.88,16.0
PAH3.DE,Hoch 7,3,1.252954217745109,3.9301245319600886,6.607294846175068,6.699113483306787,6.754204665585819,6.772568393012163,6.790932120438507,3,33.3,3.75,5.12,5.95,3,33.3,4.5,5.5,6.1,3,0.0,6.5,6.62,6.7,3,0.0,6.5,6.75,6.9,3,0.0,6.5,6.75,6.9,3,0.0,7.0,11.5,14.2,3,0.0,7.0,11.5,14.2
PAH3.DE,Hoch 8,2,0.9870140851955571,2.6057024991377493,4.224390913079942,5.843079327022134,6.814292375387449,7.138030058175888,7.461767740964326,2,50.0,2.75,3.75,4.35,2,50.0,3.75,5.25,6.15,2,50.0,4.0,5.62,6.6,2,50.0,4.0,5.62,6.6,2,50.0,4.0,5.62,6.6,2,0.0,4.12,5.69,6.62,2,0.0,5.5,6.38,6.9
PAH3.DE,Hoch 9,1,3.713869593924414,3.713869593924414,3.713869593924414,3.713869593924414,3.713869593924414,3.713869593924414,3.713869593924414,1,0.0,2.75,2.75,2.75,1,0.0,3.5,3.5,3.5,1,0.0,3.5,3.5,3.5,1,0.0,3.5,3.5,3.5,1,0.0,3.5,3.5,3.5,1,0.0,5.0,5.0,5.0,1,0.0,6.5,6.5,6.5
PAH3.DE,Hoch 10,1,5.277877828698531,5.277877828698531,5.277877828698531,5.277877828698531,5.277877828698531,5.277877828698531,5.277877828698531,1,0.0,5.25,5.25,5.25,1,0.0,5.25,5.25,5.25,1,0.0,5.25,5.25,5.25,1,0.0,5.25,5.25,5.25,1,0.0,5.25,5.25,5.25,1,0.0,6.75,6.75,6.75,1,0.0,8.75,8.75,8.75
PAH3.DE,Hoch 11,1,7.188592164651341,7.188592164651341,7.188592164651341,7.188592164651341,7.188592164651341,7.188592164651341,7.188592164651341,1,100.0,7.0,7.0,7.0,1,0.0,7.0,7.0,7.0,1,0.0,7.0,7.0,7.0,1,0.0,7.0,7.0,7.0,1,0.0,7.0,7.0,7.0,1,0.0,9.0,9.0,9.0,1,0.0,11.5,11.5,11.5
PANW,alle,369,0.5736139535271969,2.680466039741711,4.553802215027432,7.383761843343393,10.13381313236508,12.619199514631104,37.245293326784434,369,26.0,3.0,4.75,6.75,369,16.8,3.75,6.0,8.75,369,13.0,4.5,7.25,10.0,368,10.3,5.0,8.0,10.75,363,6.6,5.5,8.75,11.75,355,4.5,6.25,10.0,14.65,350,3.4,6.75,10.44,16.0
PANW,Hoch 1,160,0.7564300403019679,2.217949111967539,4.096706664425503,6.760118990555039,9.167817386270489,10.846531654136129,28.658437310629587,160,24.4,2.75,4.25,6.77,160,14.4,3.12,5.31,8.27,160,10.6,4.0,6.56,9.05,160,6.2,4.12,7.06,9.52,159,3.8,5.0,7.62,10.3,154,2.6,6.0,8.75,11.5,152,1.3,6.25,9.31,14.15
PANW,Hoch 2,88,0.657778591462414,2.9653070507066235,4.392227077121172,6.3647489364472225,9.150331083631135,10.39368172555489,30.500440539124636,88,30.7,3.0,5.0,6.32,88,18.2,3.88,5.81,8.0,88,13.6,4.25,6.25,8.97,88,12.5,4.75,7.5,9.82,87,4.6,5.25,8.75,10.85,85,4.7,5.75,10.0,12.75,84,4.8,6.5,10.25,14.3
PANW,Hoch 3,49,0.5736139535271969,2.559699238965792,4.20000132547976,6.852472637139985,9.095442536038204,11.831716311005325,34.99523983850495,49,24.5,2.75,5.25,6.35,49,16.3,3.25,6.25,8.35,49,12.2,4.0,6.75,8.9,49,12.2,4.75,6.75,10.55,48,10.4,5.25,8.38,10.88,47,4.3,5.75,9.5,12.15,47,2.1,6.25,10.12,12.45
PANW,Hoch 4,25,1.2743050476405422,2.7672070273573213,4.775628602047938,7.954904474696391,10.18796292598795,11.4497492121229,37.245293326784434,25,20.0,2.75,3.75,3.9,25,16.0,3.75,6.0,9.35,25,12.0,4.75,7.75,10.0,25,8.0,6.0,8.25,11.1,24,8.3,6.25,9.19,15.25,24,8.3,6.62,13.19,16.0,24,8.3,7.12,13.19,16.0
PANW,Hoch 5,16,1.1656056792101532,3.188525163340775,7.885512179271272,10.099347335156668,13.103875347545952,17.651179420006628,30.593151969152693,16,25.0,2.62,5.44,6.5,16,18.8,6.5,8.81,11.25,16,18.8,7.75,10.06,13.0,16,12.5,8.62,11.56,14.62,15,6.7,8.75,13.38,16.0,15,0.0,9.5,15.88,16.0,14,0.0,9.62,15.94,16.0
PANW,Hoch 6,13,1.0546382376683432,3.6896476473556103,7.629081032625345,10.729304104529946,16.90272346137523,22.652904620015413,30.936096434611503,13,46.2,3.5,7.5,8.2,13,38.5,3.75,8.0,14.45,13,38.5,7.5,10.5,15.95,12,41.7,8.38,16.0,16.0,12,33.3,8.38,16.0,16.0,12,16.7,10.38,16.0,16.0,11,9.1,10.25,16.0,16.0
PANW,Hoch 7,7,4.102889017691445,4.246137008321941,4.631559118785807,8.3949304306268,19.549392753216985,25.673249911219855,31.79710706922276,7,0.0,3.25,3.88,8.75,7,0.0,4.25,6.88,11.5,7,0.0,4.5,8.25,13.15,7,0.0,5.5,9.88,13.15,7,0.0,9.0,11.5,13.45,7,0.0,9.0,13.88,16.0,7,0.0,10.0,13.88,16.0
PANW,Hoch 8,5,4.3036705468016585,5.0453020033001215,5.557436836338046,9.449716261755317,10.078684186092453,10.288340160871499,10.497996135650544,5,20.0,4.5,5.0,5.6,5,20.0,4.5,5.0,8.15,5,20.0,5.5,9.25,9.85,5,20.0,5.5,10.25,10.25,5,20.0,10.25,10.5,11.55,5,20.0,10.5,12.25,14.5,5,20.0,12.25,12.25,14.5
PANW,Hoch 9,3,4.8022836966075575,5.82122364533755,6.840163594067543,9.567818322995484,11.20441116035225,11.749942106137837,12.295473051923425,3,33.3,5.5,8.88,10.9,3,33.3,5.5,8.88,10.9,3,33.3,6.75,9.5,11.15,3,33.3,6.75,9.5,11.15,3,33.3,6.75,9.88,11.75,3,33.3,6.75,11.38,14.15,3,33.3,6.75,11.38,14.15
PANW,Hoch 10,2,5.738084354239044,6.32257120233775,6.907058050436455,7.49154489853516,7.842237007394384,7.959134377014125,8.076031746633866,2,50.0,6.12,6.44,6.62,2,50.0,6.12,6.44,6.62,2,0.0,6.75,7.38,7.75,2,0.0,6.75,7.38,7.75,2,0.0,6.75,7.38,7.75,2,0.0,6.75,7.38,7.75,2,0.0,6.75,7.38,7.75
PANW,Hoch 11,1,5.762606196123314,5.762606196123314,5.762606196123314,5.762606196123314,5.762606196123314,5.762606196123314,5.762606196123314,1,0.0,5.75,5.75,5.75,1,0.0,5.75,5.75,5.75,1,0.0,5.75,5.75,5.75,1,0.0,5.75,5.75,5.75,1,0.0,5.75,5.75,5.75,1,0.0,5.75,5.75,5.75,1,0.0,5.75,5.75,5.75
PAYX,alle,532,0.7263924813642758,2.3248227671500556,3.9765500756753442,6.621602220717153,10.056544577769873,12.44857700054909,42.47853607512178,532,28.9,2.75,4.25,6.5,532,18.4,3.25,5.75,8.48,532,15.0,3.75,6.5,9.98,529,12.1,4.25,7.5,11.3,525,9.5,4.75,8.5,14.25,517,6.8,5.25,10.5,15.75,509,5.3,5.75,11.5,16.0
PAYX,Hoch 1,260,0.7754612277482373,2.248461827735421,3.9224658079127193,6.339924038116345,10.479367339126345,12.285673056971051,37.01559803702667,260,30.0,2.5,4.5,6.77,260,19.6,3.25,5.5,8.27,260,16.5,3.75,6.31,10.27,259,13.1,4.25,7.25,11.55,257,11.3,4.75,9.25,13.6,250,8.4,5.12,10.69,15.77,245,6.5,5.25,11.75,16.0
PAYX,Hoch 2,128,0.7263924813642758,2.204376278682502,3.8800753861265918,6.697417804444157,9.277117732842486,13.732005876280708,42.47853607512178,128,27.3,2.75,4.25,6.25,128,18.0,3.25,5.81,8.32,128,13.3,3.75,6.62,9.25,128,9.4,4.25,7.31,10.47,127,6.3,4.75,8.38,14.75,126,5.6,5.25,10.0,15.75,124,4.8,5.25,10.31,16.0
PAYX,Hoch 3,68,1.0088654918976807,2.4007613781692205,4.273958898252275,6.8383901801987115,9.84662674451569,14.18121172732554,35.45279690010658,68,30.9,2.75,4.44,6.58,68,20.6,3.25,6.5,9.33,68,19.1,4.12,6.81,9.65,68,16.2,4.38,8.0,13.25,67,13.4,5.25,9.0,14.5,67,6.0,5.5,11.0,16.0,66,6.1,5.75,11.5,16.0
PAYX,Hoch 4,33,0.9799444430369527,2.5544239904120123,3.6874515576832083,5.939972493049733,8.25629226234068,9.815235240327825,13.598834528789919,33,15.2,2.5,3.5,5.45,33,6.1,3.0,5.0,7.5,33,3.0,3.5,5.75,8.15,32,3.1,3.62,6.69,10.55,32,3.1,4.0,7.38,14.18,32,3.1,5.12,9.56,15.45,32,0.0,6.0,9.94,15.9
PAYX,Hoch 5,21,1.405583819396873,2.911036793982429,4.0029488559292306,7.130320785071263,8.349516516072764,10.161162418659982,13.048806627545071,21,33.3,3.0,5.0,7.0,21,19.0,3.5,7.0,8.25,21,9.5,4.0,7.0,8.25,20,10.0,5.12,7.69,10.53,20,5.0,5.12,8.06,13.3,20,5.0,6.12,8.75,13.3,20,0.0,7.0,10.94,14.2
PAYX,Hoch 6,12,1.568388734806031,4.185323838355763,6.4591852670303975,8.541188716392933,10.08896168738906,11.158638991628663,12.275229945514734,12,58.3,4.25,6.31,7.25,12,33.3,6.25,8.25,9.83,12,33.3,6.38,8.31,9.85,12,33.3,6.38,8.69,10.68,12,16.7,7.62,8.69,10.68,12,8.3,7.88,9.06,10.68,12,8.3,7.88,9.25,15.48
PAYX,Hoch 7,4,1.1192297929589172,1.7528105525390139,3.0755325450469306,4.187203148872621,4.187459104992673,4.187544423699357,4.187629742406041,4,25.0,2.88,4.0,4.0,4,0.0,2.88,4.0,4.0,4,0.0,2.88,4.0,4.0,4,0.0,2.88,4.25,4.7,4,0.0,3.0,5.12,7.15,4,0.0,6.5,9.0,9.0,4,0.0,9.0,10.75,13.9
PAYX,Hoch 8,2,1.3451940368970194,1.4151101193224536,1.4850262017478875,1.5549422841733214,1.5968919336285818,1.6108751501136687,1.6248583665987555,2,0.0,1.38,1.44,1.48,2,0.0,1.38,1.44,1.48,2,0.0,1.38,1.44,1.48,2,0.0,1.38,1.44,1.48,2,0.0,2.12,2.56,2.83,2,0.0,5.62,7.81,9.12,2,0.0,13.0,14.5,15.4
PAYX,Hoch 9,2,1.6883343752825228,1.7365741841213365,1.7848139929601503,1.8330538017989642,1.8619976871022523,1.871645648870015,1.8812936106377778,2,0.0,1.62,1.69,1.73,2,0.0,1.62,1.69,1.73,2,0.0,1.62,1.69,1.73,2,0.0,1.75,1.75,1.75,2,0.0,3.38,3.69,3.88,2,0.0,7.5,9.88,11.3,2,0.0,14.12,15.06,15.62
PAYX,Hoch 10,1,2.4160743263954743,2.4160743263954743,2.4160743263954743,2.4160743263954743,2.4160743263954743,2.4160743263954743,2.4160743263954743,1,0.0,2.25,2.25,2.25,1,0.0,2.25,2.25,2.25,1,0.0,2.25,2.25,2.25,1,0.0,3.75,3.75,3.75,1,0.0,4.25,4.25,4.25,1,0.0,4.25,4.25,4.25,1,0.0,16.0,16.0,16.0
PAYX,Hoch 11,1,2.5120948100017473,2.5120948100017473,2.5120948100017473,2.5120948100017473,2.5120948100017473,2.5120948100017473,2.5120948100017473,1,0.0,2.5,2.5,2.5,1,0.0,2.5,2.5,2.5,1,0.0,2.5,2.5,2.5,1,0.0,3.5,3.5,3.5,1,0.0,4.25,4.25,4.25,1,0.0,4.25,4.25,4.25,1,0.0,16.0,16.0,16.0
PBR,alle,583,0.6905067247910349,2.664054221758784,4.837209554405709,7.867276663262275,11.470454742778557,13.289910439242695,25.456747429612253,583,33.6,3.25,5.0,7.2,583,23.5,4.0,6.5,9.5,583,19.4,4.75,7.75,11.25,579,16.4,5.0,8.5,12.3,573,14.0,6.0,9.75,14.0,566,12.7,7.0,11.5,16.0,560,11.6,8.0,13.25,16.0
PBR,Hoch 1,305,0.697816166398152,2.636856304465692,4.429873486193535,7.560800615119724,11.173799728100192,13.113694036640663,25.456747429612253,305,34.8,3.25,5.0,6.9,305,22.3,3.75,6.5,9.5,305,18.4,4.25,7.5,11.0,301,15.9,4.75,7.75,11.5,299,14.0,5.5,8.62,14.0,298,13.1,6.75,11.0,16.0,294,11.6,7.62,13.25,16.0
PBR,Hoch 2,118,0.6905067247910349,2.414276049488552,4.9254403976353895,7.864792225939887,11.458855676030016,12.999792004345457,25.30150620386614,118,30.5,3.0,4.69,7.65,118,24.6,4.0,6.5,9.07,118,20.3,4.88,7.69,11.32,118,16.9,5.25,8.25,13.0,118,15.3,6.38,10.31,15.25,117,12.8,7.5,11.25,16.0,116,11.2,8.75,12.12,16.0
PBR,Hoch 3,70,0.9907688744521034,2.5909583446906734,5.083008016725341,8.247816819360082,11.362151353702497,12.548612209898062,17.06850254236045,70,40.0,3.0,4.44,6.8,70,28.6,3.62,6.94,8.83,70,22.9,5.0,8.19,11.3,70,20.0,5.88,8.94,12.28,70,15.7,6.62,10.44,14.8,69,15.9,7.25,13.0,16.0,69,15.9,8.75,13.0,16.0
PBR,Hoch 4,39,0.861195949827092,2.864885988588056,5.6805131126384065,7.680164781197336,10.639270180184665,13.015092297133183,16.155903325371437,39,28.2,3.0,4.88,6.85,39,20.5,3.5,6.62,8.55,39,15.4,5.5,7.62,10.5,39,10.3,5.5,9.38,12.55,39,10.3,6.75,9.75,13.75,38,7.9,7.75,12.06,15.33,37,8.1,7.75,12.75,15.5
PBR,Hoch 5,24,0.8357567064714192,3.5361450866978568,5.904100679287037,8.386723079403119,11.135644743970637,12.922019686669602,13.293647550847458,24,25.0,3.75,5.12,7.62,24,20.8,4.62,6.25,8.68,24,16.7,5.75,8.25,10.95,24,16.7,6.75,10.06,11.6,24,12.5,7.5,11.5,12.93,23,8.7,9.0,12.5,14.6,23,8.7,9.0,12.62,16.0
PBR,Hoch 6,14,1.5332465917907638,4.637260944072455,5.215042057284773,11.317160758125155,13.026138021326366,13.93543708298763,14.927139321142661,14,28.6,3.88,5.31,6.43,14,21.4,4.75,9.44,11.55,14,21.4,5.12,11.12,12.88,14,21.4,7.0,11.19,13.93,14,14.3,7.0,11.62,15.63,13,15.4,10.5,14.75,16.0,13,15.4,10.5,14.75,16.0
PBR,Hoch 7,6,3.4515256978020252,5.332465518601183,6.27243068043031,7.3204923127373425,10.407334899534,11.854059033312215,13.300783167090431,6,16.7,3.5,4.25,8.88,6,16.7,4.38,6.12,9.88,6,16.7,6.12,7.25,10.38,6,0.0,6.38,7.25,10.38,6,0.0,6.38,7.25,10.38,5,0.0,6.5,7.5,10.95,5,0.0,6.5,7.5,10.95
PBR,Hoch 8,4,4.349928488902882,6.683483555052316,8.579294158923837,10.81314167244248,12.821741149496965,13.491274308515125,14.160807467533289,4,50.0,5.12,8.0,11.6,4,25.0,6.88,10.62,12.65,4,25.0,8.38,10.62,12.65,4,0.0,8.38,10.62,12.65,3,0.0,9.5,11.75,13.1,3,0.0,9.5,11.75,13.1,3,0.0,9.5,11.75,13.1
PBR,Hoch 9,1,7.3951141869670325,7.3951141869670325,7.3951141869670325,7.3951141869670325,7.3951141869670325,7.3951141869670325,7.3951141869670325,1,0.0,3.0,3.0,3.0,1,0.0,5.0,5.0,5.0,1,0.0,7.25,7.25,7.25,1,0.0,7.25,7.25,7.25,0,,,,,0,,,,,0,,,,
PBR,Hoch 10,1,8.79119210058237,8.79119210058237,8.79119210058237,8.79119210058237,8.79119210058237,8.79119210058237,8.79119210058237,1,100.0,5.0,5.0,5.0,1,100.0,8.75,8.75,8.75,1,100.0,8.75,8.75,8.75,1,100.0,8.75,8.75,8.75,0,,,,,0,,,,,0,,,,
PBR,Hoch 11,1,9.641861758224584,9.641861758224584,9.641861758224584,9.641861758224584,9.641861758224584,9.641861758224584,9.641861758224584,1,100.0,6.5,6.5,6.5,1,100.0,9.5,9.5,9.5,1,100.0,9.5,9.5,9.5,1,100.0,9.5,9.5,9.5,0,,,,,0,,,,,0,,,,
PCAR,alle,542,0.6534371841749433,2.5126196564616965,3.977153167961422,6.2761222457681285,9.89822180466346,12.06861934950962,25.667255385621353,542,28.4,3.0,4.5,6.25,542,18.3,3.5,5.5,8.48,542,13.3,3.75,6.25,9.75,540,10.7,4.0,6.56,10.53,535,7.7,4.5,7.88,12.75,527,5.9,5.0,9.5,14.85,522,5.4,5.62,11.19,16.0
PCAR,Hoch 1,277,0.6534371841749433,2.4192901052038582,3.656908642630481,5.163670106746442,9.084779503797476,11.58488580582641,25.667255385621353,277,23.8,2.5,4.0,6.0,277,16.2,3.0,4.5,7.1,277,11.2,3.5,5.0,9.0,275,9.1,3.5,5.5,9.4,273,7.3,4.0,6.5,10.7,268,4.9,4.25,7.75,13.58,266,4.1,4.75,9.44,14.5
PCAR,Hoch 2,124,0.757280685288058,2.58404464868572,4.1996174159695965,5.693296186294759,8.054094738772893,9.250712738178715,14.133413392865238,124,29.0,3.25,4.25,5.25,124,15.3,4.0,5.06,7.18,124,9.7,4.0,5.5,8.0,124,7.3,4.5,6.06,8.25,123,2.4,4.5,7.38,10.45,121,1.7,5.0,8.25,11.5,120,1.7,5.25,9.0,14.78
PCAR,Hoch 3,73,0.797059742282913,2.845747488782886,4.455664904586732,7.574630134300114,9.870331296989756,10.755660892265533,17.90571891902449,73,38.4,3.25,5.25,6.5,73,20.5,4.25,6.5,8.95,73,19.2,4.25,7.5,9.75,73,16.4,5.25,7.75,10.5,72,11.1,5.62,9.56,12.72,72,11.1,6.12,10.56,15.17,71,11.3,7.0,12.75,16.0
PCAR,Hoch 4,34,1.152519903098187,2.4502697289383266,4.131529943062473,8.388709972032059,10.388232543835093,11.697315338235498,12.395866759816133,34,29.4,3.12,4.81,8.75,34,20.6,3.88,6.62,10.02,34,14.7,4.0,8.25,10.25,34,8.8,5.25,8.88,11.12,33,6.1,6.25,10.5,13.55,33,6.1,7.25,12.25,16.0,32,6.2,8.88,13.75,16.0
PCAR,Hoch 5,16,1.5890690158712553,3.22677487265215,6.503945793037888,10.0662264548103,13.993969433144283,14.452715146947435,14.600593486164264,16,37.5,2.88,5.31,7.88,16,31.2,4.88,9.25,12.62,16,12.5,6.38,10.0,13.88,16,12.5,6.62,11.69,14.0,16,12.5,9.38,12.0,15.88,15,13.3,10.25,15.0,16.0,15,13.3,10.25,15.25,16.0
PCAR,Hoch 6,8,1.9651093578122116,6.088849780387776,7.777176254487957,13.68728816699062,14.730228287597921,15.14663224891038,15.563036210222842,8,37.5,4.12,6.19,8.17,8,37.5,7.12,11.69,13.9,8,37.5,7.62,13.5,14.62,8,37.5,11.5,14.56,15.65,8,37.5,14.0,14.88,16.0,8,37.5,14.0,14.88,16.0,8,25.0,15.25,16.0,16.0
PCAR,Hoch 7,6,1.8563594685967493,9.26994387829242,11.154328549692378,13.805644889864666,14.825044128201263,15.08991484998922,15.354785571777178,6,33.3,6.12,7.0,8.12,6,33.3,9.38,11.62,13.75,6,33.3,11.0,13.75,14.75,6,16.7,12.88,14.75,15.62,6,16.7,13.75,15.19,15.62,6,0.0,13.75,15.19,15.62,6,0.0,15.12,15.62,15.88
PCAR,Hoch 8,4,2.210090240085637,9.507177643486457,13.532764839387111,17.387772552009704,21.45898192414969,22.81605171486301,24.173121505576344,4,75.0,6.88,11.44,13.12,4,75.0,8.25,11.62,13.65,4,75.0,13.38,15.25,15.7,4,75.0,15.25,15.62,15.85,4,50.0,15.5,16.0,16.0,4,25.0,15.5,16.0,16.0,4,25.0,15.75,16.0,16.0
PDD,alle,249,0.8220134122059121,2.9047041616923748,4.742251190570488,7.340328635033544,9.919343854866051,11.109062079181825,14.056674796455404,249,32.9,3.25,4.5,6.55,249,24.5,4.0,6.5,8.5,249,19.3,4.5,7.25,9.75,247,15.8,5.5,8.0,10.5,239,9.6,6.0,8.5,11.5,230,7.4,6.0,9.44,12.75,226,6.6,6.38,10.0,14.25
PDD,Hoch 1,126,0.8220134122059121,3.1290449242953944,4.7392036914857805,7.159296442596131,10.176932647917699,11.159201446781672,12.452943169994171,126,31.0,3.25,4.75,7.5,126,20.6,3.75,6.5,9.25,126,15.1,4.5,7.0,10.0,124,12.9,5.5,8.0,10.43,118,6.8,5.88,8.5,11.32,114,6.1,5.75,9.19,12.93,111,5.4,5.75,9.38,14.5
PDD,Hoch 2,56,1.041471412557779,3.7392823788273075,5.923060726412768,8.1911024321242,10.437125214073529,11.24512956730655,14.056674796455404,56,42.9,3.75,4.75,7.0,56,35.7,4.5,7.12,9.75,56,30.4,5.75,8.0,10.25,56,25.0,6.38,9.12,11.0,54,14.8,7.0,9.94,11.85,50,10.0,7.0,10.19,13.75,50,8.0,7.0,11.19,14.28
PDD,Hoch 3,25,1.1051288876944672,3.028588355467483,5.089892203181164,7.340328635033544,8.59204081953692,8.814318533110038,11.879230174440325,25,36.0,3.5,5.25,5.95,25,32.0,4.0,6.75,8.15,25,20.0,5.0,7.25,8.55,25,20.0,5.5,7.75,8.75,25,16.0,5.75,8.75,11.25,24,12.5,5.5,8.81,11.55,24,12.5,6.62,9.19,14.5
PDD,Hoch 4,15,1.1420240295440478,2.7710002716369786,3.641927314242378,7.538178122865001,9.231517359173841,10.182393271681448,11.436964402656095,15,33.3,3.5,3.75,5.05,15,20.0,3.5,5.0,7.15,15,20.0,3.5,7.38,9.1,15,20.0,3.5,7.38,9.55,15,20.0,3.5,7.38,11.05,15,13.3,7.0,7.88,11.3,15,13.3,7.0,8.75,13.65
PDD,Hoch 5,10,1.757691554321867,3.3658311795867464,4.95527788384482,6.885352314677279,7.873585618161883,8.607750418930266,9.34191521969865,10,30.0,3.25,3.94,4.97,10,20.0,4.38,5.75,7.03,10,20.0,4.88,6.69,7.67,10,0.0,5.38,7.38,7.75,10,0.0,5.5,7.38,7.92,10,0.0,7.25,7.88,11.05,9,0.0,7.5,7.5,8.5
PDD,Hoch 6,6,2.122085811752994,3.02236676047842,3.8703145763345925,6.148088186860199,7.567953307612445,7.934104353991502,8.30025540037056,6,16.7,3.0,3.88,4.75,6,16.7,3.75,4.56,5.62,6,16.7,3.75,6.06,7.5,6,0.0,4.12,6.12,7.5,6,0.0,5.5,6.5,7.5,6,0.0,7.0,8.81,9.62,6,0.0,7.5,9.75,10.88
PDD,Hoch 7,4,2.336408636876167,2.662079543293392,4.4231666819813285,6.940103498302945,8.496035461893905,9.014679449757557,9.533323437621211,4,0.0,2.5,2.88,3.1,4,0.0,3.0,4.12,5.7,4,0.0,4.38,6.88,8.45,4,0.0,5.62,6.88,8.45,4,0.0,6.88,7.62,8.75,4,0.0,8.62,11.44,13.12,4,0.0,9.75,13.12,13.8
PDD,Hoch 8,3,0.9879846609137358,1.9066016808986823,2.825218700883629,4.309702324102231,5.200392498033393,5.4972892226771135,5.794185947320834,3,0.0,2.5,2.62,2.7,3,0.0,2.75,3.62,4.15,3,0.0,2.75,4.25,5.15,3,0.0,5.0,5.62,6.0,3,0.0,6.5,6.88,7.1,3,0.0,6.5,8.12,9.1,3,0.0,6.5,9.25,10.9
PDD,Hoch 9,1,1.2278579600969997,1.2278579600969997,1.2278579600969997,1.2278579600969997,1.2278579600969997,1.2278579600969997,1.2278579600969997,1,0.0,1.0,1.0,1.0,1,0.0,1.0,1.0,1.0,1,0.0,1.0,1.0,1.0,1,0.0,1.0,1.0,1.0,1,0.0,1.0,1.0,1.0,1,0.0,1.0,1.0,1.0,1,0.0,1.0,1.0,1.0
PDD,Hoch 10,1,2.739624290427585,2.739624290427585,2.739624290427585,2.739624290427585,2.739624290427585,2.739624290427585,2.739624290427585,1,0.0,2.0,2.0,2.0,1,0.0,2.5,2.5,2.5,1,0.0,2.5,2.5,2.5,1,0.0,4.0,4.0,4.0,1,0.0,4.0,4.0,4.0,1,0.0,4.0,4.0,4.0,1,0.0,4.0,4.0,4.0
PDD,Hoch 11,1,3.465028458793392,3.465028458793392,3.465028458793392,3.465028458793392,3.465028458793392,3.465028458793392,3.465028458793392,1,0.0,2.5,2.5,2.5,1,0.0,2.5,2.5,2.5,1,0.0,3.25,3.25,3.25,1,0.0,3.75,3.75,3.75,1,0.0,3.75,3.75,3.75,1,0.0,3.75,3.75,3.75,1,0.0,3.75,3.75,3.75
PDD,Hoch 12,1,4.742251190570488,4.742251190570488,4.742251190570488,4.742251190570488,4.742251190570488,4.742251190570488,4.742251190570488,1,100.0,3.5,3.5,3.5,1,100.0,3.5,3.5,3.5,1,100.0,4.5,4.5,4.5,1,100.0,4.5,4.5,4.5,1,0.0,4.5,4.5,4.5,1,0.0,4.5,4.5,4.5,1,0.0,4.5,4.5,4.5
PEP,alle,533,0.6199838986376767,2.2508322697837477,3.8964241238115704,6.05156138303577,8.820200568319924,11.488746018609435,26.301635836718347,533,26.6,2.5,4.25,5.95,533,16.5,3.25,5.5,7.5,533,11.6,3.75,6.0,8.7,529,9.1,4.0,6.5,10.25,524,5.2,4.25,7.0,11.85,516,2.9,4.75,8.31,14.5,508,2.0,5.25,10.5,16.0
PEP,Hoch 1,254,0.6795008056430178,2.2280399611618265,3.618511226225487,5.549118098216818,8.202886208655372,10.831745994395908,26.301635836718347,254,23.6,2.5,4.19,5.68,254,12.6,3.25,5.0,7.0,254,9.8,3.5,5.5,8.1,251,8.4,3.75,6.0,10.0,247,4.9,4.0,6.5,10.75,243,2.9,4.5,7.75,14.15,238,1.7,5.0,9.19,15.83
PEP,Hoch 2,128,1.00208367095112,2.412186064790496,4.075965660252555,6.007887982361292,8.223197828490227,9.990201247476884,25.56298532056772,128,25.0,2.5,4.5,6.25,128,17.2,3.38,5.5,7.25,128,11.7,3.88,5.81,8.07,127,7.9,4.25,6.25,9.5,126,4.0,4.5,6.5,10.5,124,0.8,4.75,7.62,13.85,121,0.0,5.25,9.5,16.0
PEP,Hoch 3,75,0.6199838986376767,2.268849686812165,3.9614479059965473,6.384583313972202,8.703402383120963,14.164713719410033,25.966059449493365,75,32.0,2.5,4.12,5.4,75,24.0,3.5,5.75,7.5,75,14.7,3.75,6.25,8.6,75,9.3,4.25,7.5,12.15,75,8.0,4.5,8.0,13.65,73,4.1,4.5,9.25,15.8,73,2.7,5.0,10.5,16.0
PEP,Hoch 4,37,1.5241575676858063,2.4469053552398212,3.9329734247568595,6.3634838628180255,9.333026592339289,11.386180660255642,18.844593810598855,37,21.6,2.5,3.75,5.15,37,10.8,3.25,4.75,7.4,37,8.1,3.75,6.25,9.15,37,5.4,3.75,6.75,9.95,37,0.0,4.25,7.5,12.25,37,0.0,4.5,8.75,12.75,37,0.0,5.75,11.75,15.4
PEP,Hoch 5,23,1.6957443931883376,3.2776317780222888,6.763792364653693,7.759799926447572,9.530457201265316,10.867426609606794,15.058196965005012,23,47.8,4.0,5.12,6.7,23,30.4,4.25,7.62,8.75,23,21.7,6.75,7.62,9.35,23,21.7,7.0,8.88,10.75,23,8.7,7.5,8.88,15.2,23,8.7,7.5,10.5,15.35,23,8.7,8.75,11.5,16.0
PEP,Hoch 6,11,1.5706132184485189,2.803670574405067,4.382402998498636,10.250594399841269,12.114609990814893,12.797023802765597,13.479437614716304,11,45.5,3.5,4.5,6.0,11,36.4,4.0,7.62,10.75,11,27.3,4.25,10.12,12.0,11,27.3,5.25,10.25,13.75,11,18.2,5.25,10.5,14.75,11,18.2,5.5,11.62,16.0,11,18.2,6.0,15.25,16.0
PEP,Hoch 7,4,2.092931740053539,2.578589202954454,3.3361902994573303,4.297359994698435,4.955177950167796,5.174450601990915,5.393723253814036,4,25.0,2.25,3.06,4.08,4,25.0,3.12,4.12,4.8,4,0.0,3.12,4.12,4.8,4,0.0,3.12,4.12,4.8,4,0.0,3.12,4.12,4.8,4,0.0,3.12,4.44,5.68,4,0.0,7.38,11.56,13.03
PEP,Hoch 8,1,7.440424576554509,7.440424576554509,7.440424576554509,7.440424576554509,7.440424576554509,7.440424576554509,7.440424576554509,1,100.0,6.0,6.0,6.0,1,0.0,7.25,7.25,7.25,1,0.0,7.25,7.25,7.25,1,0.0,7.25,7.25,7.25,1,0.0,7.25,7.25,7.25,1,0.0,7.25,7.25,7.25,1,0.0,7.5,7.5,7.5
PFE,alle,523,0.7352586508209813,2.645145329249795,4.433837758307333,7.281668121347178,11.280440791529996,13.220820658886097,24.710751072412208,523,37.5,3.0,4.75,6.75,523,26.6,3.75,6.25,9.5,523,20.7,4.25,7.12,11.2,520,16.9,5.0,8.25,12.0,514,13.8,6.0,10.19,14.0,512,10.5,6.5,11.75,15.75,511,8.8,7.0,12.75,16.0
PFE,Hoch 1,268,0.7352586508209813,2.5203038518080936,4.769654535497912,7.223419159920688,10.903653310740092,12.557834352882033,17.20110600262488,268,32.5,2.75,4.5,6.75,268,23.5,3.75,6.25,9.58,268,17.9,4.75,7.0,10.75,267,13.5,5.25,8.25,11.35,263,11.4,5.5,10.12,13.5,263,8.7,6.5,11.62,15.25,262,8.0,7.5,13.0,16.0
PFE,Hoch 2,126,0.8347007467314372,2.5868446270021357,4.264052585288917,7.294079237304869,10.804161387513954,13.041901054279155,20.469306983419745,126,38.9,3.25,4.5,6.62,126,29.4,3.75,6.19,9.0,126,23.8,4.12,7.19,10.75,125,22.4,4.5,8.25,12.9,124,16.1,5.62,9.56,14.43,123,13.8,6.0,11.25,15.5,123,11.4,6.5,12.62,16.0
PFE,Hoch 3,66,1.0924897938690024,3.0428843059351447,4.305766813240185,8.32647491455448,13.53320147959501,15.585687825145683,24.710751072412208,66,47.0,3.5,5.38,7.5,66,30.3,4.0,6.88,10.5,66,25.8,4.25,8.12,13.5,65,20.0,5.25,8.5,13.55,65,18.5,6.25,10.25,14.45,64,10.9,6.88,11.19,15.93,64,7.8,6.88,13.75,16.0
PFE,Hoch 4,35,1.6671011059941456,3.3268472791059733,4.255584654151173,6.662740951161293,9.127783701426553,13.404673789263871,24.10200861990542,35,45.7,3.5,4.5,6.15,35,34.3,4.0,5.38,7.25,35,22.9,4.25,6.62,9.05,35,17.1,4.75,7.88,10.65,34,14.7,5.75,10.44,12.95,34,11.8,6.62,11.5,15.17,34,8.8,6.62,11.69,16.0
PFE,Hoch 5,15,2.254532682579727,3.480143625053584,5.861167735606895,10.062145405083019,14.97827478283662,18.393273165974428,21.367458726859248,15,40.0,3.25,4.75,7.6,15,20.0,3.75,7.38,13.0,15,13.3,5.75,10.0,14.3,15,13.3,5.75,11.75,14.4,15,13.3,7.0,13.38,15.6,15,6.7,7.0,13.5,16.0,15,0.0,8.0,14.0,16.0
PFE,Hoch 6,9,1.8344619465984437,4.002142700237309,4.8301136881115365,6.909711337710638,8.630131213435913,10.931131850912744,13.23213248838958,9,77.8,4.25,5.0,7.15,9,44.4,4.75,6.75,7.85,9,33.3,4.75,6.75,8.4,9,33.3,4.75,7.25,8.6,9,22.2,7.25,10.25,13.7,9,22.2,7.25,11.0,13.8,9,22.2,7.5,11.0,13.8
PFE,Hoch 7,1,1.899758301822932,1.899758301822932,1.899758301822932,1.899758301822932,1.899758301822932,1.899758301822932,1.899758301822932,1,0.0,1.75,1.75,1.75,1,0.0,1.75,1.75,1.75,1,0.0,1.75,1.75,1.75,1,0.0,1.75,1.75,1.75,1,0.0,6.25,6.25,6.25,1,0.0,6.25,6.25,6.25,1,0.0,6.25,6.25,6.25
PFE,Hoch 8,1,1.6286428542507687,1.6286428542507687,1.6286428542507687,1.6286428542507687,1.6286428542507687,1.6286428542507687,1.6286428542507687,1,0.0,1.5,1.5,1.5,1,0.0,1.5,1.5,1.5,1,0.0,1.5,1.5,1.5,1,0.0,1.5,1.5,1.5,1,0.0,7.75,7.75,7.75,1,0.0,7.75,7.75,7.75,1,0.0,7.75,7.75,7.75
PFE,Hoch 9,1,2.3140434161115477,2.3140434161115477,2.3140434161115477,2.3140434161115477,2.3140434161115477,2.3140434161115477,2.3140434161115477,1,0.0,2.0,2.0,2.0,1,0.0,2.25,2.25,2.25,1,0.0,2.25,2.25,2.25,1,0.0,2.25,2.25,2.25,1,0.0,8.25,8.25,8.25,1,0.0,8.25,8.25,8.25,1,0.0,8.25,8.25,8.25
PFE,Hoch 10,1,3.261049485282228,3.261049485282228,3.261049485282228,3.261049485282228,3.261049485282228,3.261049485282228,3.261049485282228,1,0.0,3.0,3.0,3.0,1,0.0,3.25,3.25,3.25,1,0.0,3.25,3.25,3.25,1,0.0,3.25,3.25,3.25,1,0.0,9.0,9.0,9.0,1,0.0,9.0,9.0,9.0,1,0.0,9.0,9.0,9.0
PG,alle,566,0.8163193834762758,2.4060513911793397,4.262212165229494,6.780663343503786,10.769333334733425,14.30909610540612,43.01476265669648,566,27.6,3.0,4.5,6.5,566,18.6,3.75,6.0,8.25,566,13.8,4.12,6.75,10.62,562,10.3,4.75,7.25,11.5,558,5.9,5.25,8.44,14.58,550,3.6,6.0,11.0,16.0,540,2.6,6.5,12.0,16.0
PG,Hoch 1,263,0.8163193834762758,2.4217799912530666,4.48049523300505,6.525319350135086,10.35653052575233,12.673657490857545,43.01476265669648,263,27.4,3.25,4.75,6.5,263,17.5,3.75,6.0,7.95,263,12.2,4.25,6.5,10.15,260,8.5,4.75,7.25,11.5,257,4.7,5.25,8.5,14.6,253,3.2,5.75,10.75,16.0,246,2.0,6.25,12.0,16.0
PG,Hoch 2,134,0.9613948290072902,2.188845526316857,3.977984555739957,7.065037313689017,11.323793433389234,14.206114873726309,42.062480448473785,134,33.6,2.62,4.94,6.68,134,23.9,3.25,6.19,9.18,134,17.2,3.88,7.0,11.18,133,14.3,5.0,7.5,12.1,132,9.8,5.5,8.06,16.0,130,5.4,6.25,11.19,16.0,127,3.9,6.5,13.25,16.0
PG,Hoch 3,71,0.8445014818095543,2.2999065402873584,3.7039521606718244,6.758506155989175,11.375814122081287,16.277568790969255,40.54503352907212,71,16.9,2.25,3.5,5.25,71,11.3,3.0,5.75,10.25,71,9.9,3.5,6.62,11.25,71,5.6,4.25,7.38,11.75,71,2.8,5.0,8.38,13.75,70,1.4,6.0,11.94,16.0,70,1.4,6.38,13.69,16.0
PG,Hoch 4,44,0.8470976617834777,2.5276237062207914,5.070560417447018,7.000631701157547,8.332560636230426,14.10613874110995,27.98501565954717,44,20.5,2.5,4.38,5.6,44,18.2,3.62,5.38,7.75,44,11.4,4.88,6.88,8.18,44,11.4,5.25,8.06,10.25,44,6.8,5.5,8.31,10.85,43,4.7,5.75,10.75,15.8,43,4.7,6.75,11.38,16.0
PG,Hoch 5,27,0.9681428780918339,2.810957484150153,4.173717596257915,7.724747552853399,11.218501407017307,13.958633909878495,32.32805209230727,27,29.6,3.5,4.38,6.1,27,22.2,3.75,5.5,7.8,27,22.2,4.0,7.5,11.05,27,18.5,4.0,8.75,11.05,27,7.4,5.0,9.88,13.45,27,7.4,6.5,10.62,13.75,27,3.7,8.25,11.12,16.0
PG,Hoch 6,13,1.8266295907805383,2.912385184849078,3.5922618891284395,5.423329962973902,7.866937454298967,9.532172959230916,11.172899431623097,13,46.2,2.75,3.5,5.8,13,23.1,3.5,5.0,5.85,13,23.1,3.5,5.25,7.7,13,15.4,3.5,5.25,7.7,13,7.7,5.0,8.25,10.9,13,0.0,5.0,8.25,10.95,13,0.0,6.0,10.5,10.95
PG,Hoch 7,9,2.356925004796338,4.025481615119637,5.030586567213622,5.99811511322591,7.80047671962073,8.029961918616328,8.259447117611929,9,44.4,3.25,5.75,7.5,9,22.2,5.0,5.75,7.65,9,22.2,5.0,5.75,7.65,9,11.1,5.0,5.75,7.65,9,0.0,5.75,8.25,11.0,9,0.0,5.75,8.25,11.0,9,0.0,7.5,9.75,12.0
PG,Hoch 8,2,3.3285840606541095,4.001363550594101,4.674143040534094,5.346922530474087,5.750590224438082,5.885146122426081,6.019702020414079,2,0.0,2.5,2.88,3.1,2,0.0,4.12,5.06,5.62,2,0.0,4.62,5.31,5.72,2,0.0,4.62,5.31,5.72,2,0.0,4.62,5.31,5.72,2,0.0,4.62,5.31,5.72,2,0.0,6.0,6.0,6.0
PG,Hoch 9,2,4.539936029846978,4.9338422400767525,5.327748450306526,5.7216546605363,5.9579983866741655,6.03677962872012,6.115560870766075,2,0.0,2.88,3.19,3.38,2,0.0,5.25,5.62,5.85,2,0.0,5.25,5.62,5.85,2,0.0,5.25,5.62,5.85,2,0.0,5.25,5.62,5.85,2,0.0,5.25,5.62,5.85,2,0.0,6.88,7.31,7.58
PG,Hoch 10,1,5.44406989221351,5.44406989221351,5.44406989221351,5.44406989221351,5.44406989221351,5.44406989221351,5.44406989221351,1,0.0,2.75,2.75,2.75,1,0.0,5.25,5.25,5.25,1,0.0,5.25,5.25,5.25,1,0.0,5.25,5.25,5.25,1,0.0,5.25,5.25,5.25,1,0.0,5.25,5.25,5.25,1,0.0,9.25,9.25,9.25
PGR,alle,565,0.5354104772898883,2.4189356965851045,4.1446682174378076,6.656139425119516,9.932256458257106,11.583565833230583,18.32293375940905,565,26.4,2.75,4.5,6.5,565,18.1,3.75,5.75,8.25,565,13.5,4.0,6.5,9.75,564,10.6,4.25,7.0,10.42,561,6.4,4.75,8.0,12.0,553,4.0,5.5,9.5,12.75,546,2.9,5.75,10.0,13.75
PGR,Hoch 1,250,0.5354104772898883,2.415729234800434,4.058800868247104,6.168541697376977,9.123917621704754,10.643011180280581,18.32293375940905,250,27.2,2.75,4.25,6.0,250,18.0,3.38,5.69,7.77,250,14.4,4.0,6.0,9.0,249,11.2,4.0,6.5,9.8,247,6.1,4.5,7.62,10.35,241,3.3,5.0,8.5,11.5,237,2.5,5.25,9.75,12.45
PGR,Hoch 2,134,0.6199586541743254,2.7179990178036344,4.181973391600284,6.9971984170690344,9.534640392566953,11.302636766627135,16.490069462150853,134,23.9,3.0,4.25,6.5,134,19.4,3.5,5.5,7.75,134,12.7,4.0,6.88,9.35,134,9.7,4.62,7.5,10.25,133,6.0,4.75,8.0,12.7,131,5.3,6.0,9.75,12.75,130,3.8,6.62,10.5,14.25
PGR,Hoch 3,74,0.5790908955098212,3.429739732498427,4.951882197600212,6.960835777498657,10.697949793133217,12.81676909813349,16.48472216240561,74,29.7,3.5,4.75,6.68,74,16.2,4.25,6.25,9.7,74,13.5,4.88,6.75,10.68,74,12.2,5.25,8.19,11.93,74,9.5,5.38,9.0,12.75,74,5.4,6.12,10.5,13.78,73,4.1,6.5,10.75,15.25
PGR,Hoch 4,40,0.8141910851253622,1.7063380487292372,4.934357840157672,6.839473618529272,11.130025029484168,14.193544268839403,17.876550891964918,40,30.0,2.88,4.81,6.55,40,25.0,4.25,6.06,8.45,40,20.0,4.88,6.81,11.1,40,17.5,5.25,6.81,12.43,40,7.5,5.62,8.56,14.03,40,5.0,5.75,9.31,14.75,39,5.1,5.75,9.88,14.85
PGR,Hoch 5,22,1.0204099931786574,1.8506643075570597,2.8651069517888543,7.034460927931585,11.299105175666007,12.235646886037797,12.610461136751583,22,31.8,2.38,4.69,7.23,22,18.2,2.5,5.69,7.7,22,9.1,2.75,6.88,11.25,22,9.1,2.75,6.88,11.25,22,9.1,4.5,8.69,12.4,22,4.5,5.38,8.69,12.48,22,0.0,5.38,8.69,12.48
PGR,Hoch 6,16,1.1727919799097588,2.681329336027752,3.546009466010636,6.397272374411612,10.727174180449374,11.006850193463148,11.5953861311476,16,18.8,2.5,5.44,9.38,16,18.8,3.5,6.19,9.75,16,12.5,3.5,6.19,10.62,16,6.2,3.75,6.19,10.62,16,6.2,6.12,10.56,12.12,16,0.0,6.25,10.56,12.62,16,0.0,6.25,10.75,12.62
PGR,Hoch 7,11,0.7304449334607068,2.889305149478814,3.6434406903882266,4.3592111288241755,4.866830847007292,5.465418847134414,6.064006847261536,11,9.1,2.75,3.25,3.5,11,9.1,3.5,4.25,4.75,11,9.1,3.5,4.25,4.75,11,0.0,3.75,4.25,4.75,11,0.0,4.5,7.88,11.0,11,0.0,4.5,7.88,11.75,11,0.0,4.5,8.75,11.75
PGR,Hoch 8,7,0.9785958755194345,2.452273045101477,4.028772103023116,5.28038668543765,7.47958048480849,8.821358012723895,10.163135540639306,7,14.3,2.0,3.5,6.25,7,14.3,4.0,5.12,7.3,7,0.0,4.0,5.12,7.3,7,0.0,4.75,5.38,7.3,7,0.0,4.75,7.12,9.25,7,0.0,4.75,7.12,9.25,7,0.0,4.75,7.12,9.25
PGR,Hoch 9,5,0.9972358175218636,1.669998032961106,6.432675425798387,6.847109904362934,9.329209048999731,10.156575430545328,10.983941812090928,5,20.0,4.0,6.25,8.95,5,0.0,6.25,6.75,9.15,5,0.0,6.25,6.75,9.15,5,0.0,6.25,6.75,9.15,5,0.0,6.25,6.75,9.15,5,0.0,6.25,6.75,9.15,5,0.0,6.25,6.75,9.15
PGR,Hoch 10,4,1.0117759666869528,1.971875169830465,4.379426073597651,7.473992123490389,9.28667890840249,9.890907836706521,10.495136765010557,4,25.0,4.25,7.25,9.05,4,0.0,4.25,7.25,9.05,4,0.0,4.25,7.25,9.05,4,0.0,4.25,7.25,9.05,4,0.0,4.25,7.25,9.05,4,0.0,4.25,7.25,9.05,4,0.0,4.25,7.25,9.05
PGR,Hoch 11,1,2.9461917521041032,2.9461917521041032,2.9461917521041032,2.9461917521041032,2.9461917521041032,2.9461917521041032,2.9461917521041032,1,0.0,2.0,2.0,2.0,1,0.0,2.75,2.75,2.75,1,0.0,2.75,2.75,2.75,1,0.0,2.75,2.75,2.75,1,0.0,2.75,2.75,2.75,1,0.0,2.75,2.75,2.75,1,0.0,2.75,2.75,2.75
PGR,Hoch 12,1,5.542771155086142,5.542771155086142,5.542771155086142,5.542771155086142,5.542771155086142,5.542771155086142,5.542771155086142,1,100.0,5.5,5.5,5.5,1,0.0,5.5,5.5,5.5,1,0.0,5.5,5.5,5.5,1,0.0,5.5,5.5,5.5,1,0.0,5.5,5.5,5.5,1,0.0,5.5,5.5,5.5,1,0.0,5.5,5.5,5.5
PH,alle,583,0.549725629732826,2.121727508119602,3.7205887577775294,6.414854017916463,9.721038518711856,12.990758528304001,29.533021351431497,583,25.4,2.5,4.0,5.95,583,15.3,3.25,5.25,7.7,582,12.4,3.5,6.25,9.5,581,9.5,4.0,7.0,11.25,575,7.1,4.5,8.0,14.0,560,5.2,5.5,10.75,16.0,553,3.6,6.0,12.0,16.0
PH,Hoch 1,265,0.549725629732826,2.016796023834591,3.7205887577775294,6.422127502113682,10.220903121075622,12.886097136469063,29.533021351431497,265,24.9,2.75,4.0,5.75,265,16.6,3.25,5.25,7.5,265,13.2,3.5,6.25,10.15,264,11.4,4.0,7.0,11.93,260,9.2,4.5,7.75,13.55,255,6.7,5.5,10.0,15.25,253,4.3,6.0,12.0,16.0
PH,Hoch 2,138,0.9012481623189575,1.994035292727519,3.6135468850040566,6.392272612115386,9.045979384289238,11.553471914281348,21.410226234953996,138,28.3,2.62,4.0,6.07,138,15.9,3.25,5.25,7.57,137,13.9,3.5,6.25,9.0,137,6.6,3.75,7.0,10.5,136,4.4,4.25,8.0,13.5,134,2.2,5.38,10.69,15.75,131,1.5,6.5,11.12,16.0
PH,Hoch 3,75,1.170051092716899,2.3638092799238413,3.767660218065725,5.860593848880347,8.756279387890707,11.650222524999327,25.9512531435458,75,29.3,2.5,4.38,5.25,75,14.7,3.0,5.25,6.65,75,10.7,3.75,5.75,8.6,75,8.0,4.5,6.75,10.35,74,4.1,4.62,7.75,14.8,72,2.8,5.25,10.81,16.0,70,1.4,5.88,12.25,16.0
PH,Hoch 4,48,1.1952602401579133,2.2633942148460466,4.156109172601132,6.047906801877973,8.358930385562921,9.682895770336,14.986857617053566,48,20.8,2.38,4.25,5.9,48,10.4,3.25,4.62,6.65,48,8.3,4.0,5.81,8.23,48,8.3,4.38,6.62,9.9,48,6.2,5.62,9.31,14.53,46,6.5,6.12,11.19,16.0,46,4.3,6.25,12.06,16.0
PH,Hoch 5,22,0.7728490104927553,2.2740397162493027,3.282845772719406,5.5564323061539005,8.174832902580805,11.84837955080725,21.977589007354663,22,18.2,2.75,3.25,5.73,22,9.1,3.0,3.88,7.23,22,9.1,3.12,5.5,8.0,22,9.1,3.75,6.56,8.9,22,9.1,4.38,7.94,11.7,20,5.0,4.38,9.0,16.0,20,5.0,4.38,9.44,16.0
PH,Hoch 6,14,1.1283240917397452,1.7468883321589759,3.8526663233618565,8.04657100896138,9.379140286984544,9.58152276093165,9.64439372336183,14,14.3,2.12,2.69,5.9,14,14.3,2.62,4.31,7.28,14,14.3,3.75,7.94,9.28,14,14.3,4.62,8.69,10.2,14,7.1,4.62,8.81,11.08,12,8.3,4.62,12.69,15.95,12,8.3,4.62,12.81,16.0
PH,Hoch 7,8,1.9593968872611178,2.554773756310583,3.8396943513377373,10.355606312899779,13.537889342899506,14.165798208830996,14.793707074762487,8,12.5,2.12,2.62,4.05,8,12.5,2.75,9.75,12.75,8,12.5,3.75,10.12,13.35,8,12.5,5.75,12.0,14.25,8,12.5,5.75,12.0,14.25,8,12.5,5.75,12.0,14.25,8,12.5,5.75,12.0,14.25
PH,Hoch 8,6,1.0454248358079443,5.032196327530088,7.5726024404696,12.632215315538005,14.900830628038737,15.204097251782416,15.507363875526096,6,0.0,2.62,3.81,6.88,6,0.0,3.62,10.0,13.75,6,0.0,7.38,12.56,14.88,6,0.0,7.38,12.56,15.12,6,0.0,7.38,12.56,15.12,6,0.0,7.38,12.56,15.12,6,0.0,7.38,12.56,15.12
PH,Hoch 9,4,2.6957125929755863,7.200819668336259,9.42078587038684,11.915041859091339,15.111827720284793,16.177423007349276,17.243018294413762,4,75.0,4.5,7.12,11.4,4,25.0,6.62,10.38,13.75,4,25.0,9.25,11.5,14.2,4,25.0,9.25,11.5,14.2,4,25.0,9.25,11.5,14.2,4,25.0,9.25,11.5,14.2,4,25.0,9.25,11.5,14.2
PH,Hoch 10,1,6.013020050776678,6.013020050776678,6.013020050776678,6.013020050776678,6.013020050776678,6.013020050776678,6.013020050776678,1,0.0,2.0,2.0,2.0,1,0.0,3.25,3.25,3.25,1,0.0,6.0,6.0,6.0,1,0.0,6.0,6.0,6.0,1,0.0,6.0,6.0,6.0,1,0.0,6.0,6.0,6.0,1,0.0,6.0,6.0,6.0
PH,Hoch 11,1,9.03401754724494,9.03401754724494,9.03401754724494,9.03401754724494,9.03401754724494,9.03401754724494,9.03401754724494,1,0.0,4.5,4.5,4.5,1,0.0,9.0,9.0,9.0,1,0.0,9.0,9.0,9.0,1,0.0,9.0,9.0,9.0,1,0.0,9.0,9.0,9.0,1,0.0,9.0,9.0,9.0,1,0.0,9.0,9.0,9.0
PH,Hoch 12,1,6.56022890804213,6.56022890804213,6.56022890804213,6.56022890804213,6.56022890804213,6.56022890804213,6.56022890804213,1,100.0,5.25,5.25,5.25,1,100.0,6.5,6.5,6.5,1,0.0,6.5,6.5,6.5,1,0.0,6.5,6.5,6.5,1,0.0,6.5,6.5,6.5,1,0.0,6.5,6.5,6.5,1,0.0,6.5,6.5,6.5
PL=F,alle,638,0.05716615608840896,3.378739311754626,6.196121116533342,10.743567373629318,15.613317465567293,20.39522141269238,46.636219226712626,638,29.9,4.25,7.0,10.0,638,22.9,5.25,9.25,12.83,637,18.4,6.0,10.5,15.5,635,15.6,7.0,11.75,16.0,627,11.8,7.5,14.0,16.0,610,9.8,9.25,16.0,16.0,596,9.7,11.25,16.0,16.0
PL=F,Hoch 1,341,0.19163368138070344,3.185373010428675,5.915002928416679,10.234038421818784,15.177282282938373,20.458702503799696,46.636219226712626,341,29.9,3.75,6.5,9.5,341,21.4,5.0,8.75,12.75,340,18.2,5.75,10.06,15.08,338,16.0,6.25,11.5,16.0,334,12.9,7.0,12.94,16.0,324,11.1,8.25,16.0,16.0,317,11.0,10.0,16.0,16.0
PL=F,Hoch 2,142,0.16358499402128565,3.123841962570458,6.983483666790609,11.244798990598444,16.945689563030093,19.510284136804767,45.73732018639833,142,28.2,4.5,6.69,9.25,142,21.1,5.38,9.69,13.0,142,15.5,6.88,11.19,15.98,142,13.4,7.5,12.44,16.0,140,10.7,8.25,15.31,16.0,135,8.9,9.75,16.0,16.0,131,9.2,11.75,16.0,16.0
PL=F,Hoch 3,77,0.07858300768248848,4.416520916901449,6.5498217040922,11.041957371288424,14.864692764222887,19.655276218162538,38.7266486459724,77,29.9,5.25,7.75,10.0,77,26.0,5.5,10.25,13.45,77,20.8,6.5,11.0,14.75,77,18.2,7.0,12.25,15.6,76,10.5,7.75,13.06,16.0,75,6.7,10.25,16.0,16.0,74,6.8,11.62,16.0,16.0
PL=F,Hoch 4,41,0.14170015975368527,4.791528566422503,7.628579777836075,11.22819251888916,14.578237941074665,15.396770572037486,36.10865381465915,41,36.6,5.0,7.75,10.0,41,29.3,7.0,10.5,12.0,41,24.4,7.5,11.0,14.5,41,19.5,8.75,11.5,15.25,40,12.5,8.62,11.56,16.0,39,10.3,10.5,16.0,16.0,38,10.5,12.38,16.0,16.0
PL=F,Hoch 5,20,0.87599520606824,5.194419808807101,8.521167701070548,11.743080555259349,16.62294385589601,18.56013248080987,26.0262461494493,20,40.0,6.12,9.19,11.03,20,40.0,7.88,11.31,12.85,20,25.0,8.38,11.56,16.0,20,15.0,8.75,11.56,16.0,20,10.0,10.88,13.38,16.0,20,10.0,12.0,16.0,16.0,19,5.3,12.5,16.0,16.0
PL=F,Hoch 6,6,2.2007908959789515,5.556586978798071,7.489142561388734,9.362349826826554,11.686399869489566,12.764463506839133,13.8425271441887,6,16.7,4.12,7.88,11.25,6,16.7,5.62,8.06,11.25,6,16.7,7.38,9.31,11.62,6,0.0,7.38,12.5,14.12,6,0.0,11.25,15.06,15.75,6,0.0,12.12,15.88,16.0,6,0.0,15.75,16.0,16.0
PL=F,Hoch 7,2,0.31048371814175607,2.7646003280686724,5.2187169379955884,7.6728335479225045,9.145303513878655,9.636126835864038,10.126950157849421,2,50.0,5.12,7.56,9.03,2,50.0,5.12,7.56,9.03,2,0.0,5.12,7.56,9.03,2,0.0,5.12,7.56,9.03,2,0.0,13.0,14.5,15.4,2,0.0,13.0,14.5,15.4,2,0.0,16.0,16.0,16.0
PL=F,Hoch 8,1,0.05716615608840896,0.05716615608840896,0.05716615608840896,0.05716615608840896,0.05716615608840896,0.05716615608840896,0.05716615608840896,1,0.0,0.0,0.0,0.0,1,0.0,0.0,0.0,0.0,1,0.0,0.0,0.0,0.0,1,0.0,0.0,0.0,0.0,1,0.0,16.0,16.0,16.0,1,0.0,16.0,16.0,16.0,1,0.0,16.0,16.0,16.0
PL=F,Hoch 9,1,0.6685161133323713,0.6685161133323713,0.6685161133323713,0.6685161133323713,0.6685161133323713,0.6685161133323713,0.6685161133323713,1,0.0,0.5,0.5,0.5,1,0.0,0.5,0.5,0.5,1,0.0,0.5,0.5,0.5,1,0.0,0.5,0.5,0.5,1,0.0,16.0,16.0,16.0,1,0.0,16.0,16.0,16.0,1,0.0,16.0,16.0,16.0
PL=F,Hoch 10,1,0.9192784914473632,0.9192784914473632,0.9192784914473632,0.9192784914473632,0.9192784914473632,0.9192784914473632,0.9192784914473632,1,0.0,0.75,0.75,0.75,1,0.0,0.75,0.75,0.75,1,0.0,0.75,0.75,0.75,1,0.0,0.75,0.75,0.75,1,0.0,16.0,16.0,16.0,1,0.0,16.0,16.0,16.0,1,0.0,16.0,16.0,16.0
PL=F,Hoch 11,1,0.45106765064912413,0.45106765064912413,0.45106765064912413,0.45106765064912413,0.45106765064912413,0.45106765064912413,0.45106765064912413,1,0.0,0.25,0.25,0.25,1,0.0,0.25,0.25,0.25,1,0.0,0.25,0.25,0.25,1,0.0,0.25,0.25,0.25,1,0.0,16.0,16.0,16.0,1,0.0,16.0,16.0,16.0,1,0.0,16.0,16.0,16.0
PL=F,Hoch 12,1,1.4725988313755245,1.4725988313755245,1.4725988313755245,1.4725988313755245,1.4725988313755245,1.4725988313755245,1.4725988313755245,1,0.0,1.25,1.25,1.25,1,0.0,1.25,1.25,1.25,1,0.0,1.25,1.25,1.25,1,0.0,1.25,1.25,1.25,1,0.0,16.0,16.0,16.0,1,0.0,16.0,16.0,16.0,1,0.0,16.0,16.0,16.0
PL=F,Hoch 13,1,3.078989621021862,3.078989621021862,3.078989621021862,3.078989621021862,3.078989621021862,3.078989621021862,3.078989621021862,1,0.0,3.0,3.0,3.0,1,0.0,3.0,3.0,3.0,1,0.0,3.0,3.0,3.0,1,0.0,16.0,16.0,16.0,1,0.0,16.0,16.0,16.0,1,0.0,16.0,16.0,16.0,1,0.0,16.0,16.0,16.0
PL=F,Hoch 14,1,4.655443611378687,4.655443611378687,4.655443611378687,4.655443611378687,4.655443611378687,4.655443611378687,4.655443611378687,1,0.0,4.5,4.5,4.5,1,0.0,4.5,4.5,4.5,1,0.0,4.5,4.5,4.5,1,0.0,16.0,16.0,16.0,1,0.0,16.0,16.0,16.0,1,0.0,16.0,16.0,16.0,1,0.0,16.0,16.0,16.0
PL=F,Hoch 15,1,6.877492294198424,6.877492294198424,6.877492294198424,6.877492294198424,6.877492294198424,6.877492294198424,6.877492294198424,1,0.0,5.25,5.25,5.25,1,0.0,5.25,5.25,5.25,1,0.0,6.75,6.75,6.75,1,0.0,16.0,16.0,16.0,1,0.0,16.0,16.0,16.0,1,0.0,16.0,16.0,16.0,1,0.0,16.0,16.0,16.0
PL=F,Hoch 16,1,25.25015292685911,25.25015292685911,25.25015292685911,25.25015292685911,25.25015292685911,25.25015292685911,25.25015292685911,1,100.0,7.75,7.75,7.75,1,100.0,7.75,7.75,7.75,1,100.0,16.0,16.0,16.0,1,100.0,16.0,16.0,16.0,1,100.0,16.0,16.0,16.0,1,100.0,16.0,16.0,16.0,1,100.0,16.0,16.0,16.0
PLD,alle,538,0.6706062911634391,2.1621430135142123,3.6970829986023817,6.617761956775225,10.111271423945308,12.575518222522058,26.567385225093258,538,25.3,2.62,4.25,6.25,538,14.3,3.25,5.75,8.25,538,10.0,3.5,6.5,10.0,535,7.9,4.0,7.62,11.65,531,5.1,4.5,9.38,13.75,524,3.8,6.62,11.0,16.0,519,3.1,7.5,11.5,16.0
PLD,Hoch 1,243,0.7361570072738517,2.040244895490681,3.6115255450162635,6.615136839751985,10.00699604227466,11.278946501819004,23.41270007962501,243,24.3,2.75,4.25,6.45,243,13.2,3.25,5.5,8.0,243,9.9,3.5,6.5,9.95,241,8.3,4.0,7.5,11.25,241,5.4,4.25,8.5,13.25,237,4.2,6.5,10.5,15.5,235,3.8,7.0,11.0,16.0
PLD,Hoch 2,128,0.6706062911634391,2.0267765887800024,3.54854961846231,6.525578328801484,10.43246454063937,12.84178685336292,26.567385225093258,128,25.0,2.25,4.5,6.75,128,14.1,3.0,5.75,8.07,128,8.6,3.5,6.5,10.4,127,5.5,3.75,7.0,11.75,126,2.4,5.12,9.0,13.0,124,2.4,6.5,10.81,16.0,123,0.8,7.25,11.5,16.0
PLD,Hoch 3,77,1.0294833124893936,2.049448854272037,3.665442067640782,6.174472370338746,9.43652464996853,14.023992983008666,23.034601372710643,77,24.7,2.5,3.5,5.5,77,14.3,3.25,5.5,7.45,77,9.1,3.5,6.0,9.35,77,9.1,3.75,7.25,11.4,76,3.9,4.5,9.75,13.75,75,1.3,7.25,11.88,16.0,74,1.4,7.88,12.94,16.0
PLD,Hoch 4,43,1.385314198144492,2.2686578277753267,3.9471169876700607,7.06638965178635,9.68832006167122,15.18121438731297,19.623268476280096,43,32.6,3.0,3.88,5.75,43,20.9,3.75,5.12,8.45,43,14.0,3.75,6.88,9.65,43,9.3,4.0,9.0,11.2,42,9.5,5.62,10.75,14.22,42,4.8,8.25,11.19,15.97,42,2.4,8.75,11.44,16.0
PLD,Hoch 5,21,0.7595837915830447,3.003022951622798,3.8081385270416597,7.421474973723945,9.546920472707217,9.66241153636601,16.22054964240349,21,19.0,3.0,4.0,5.5,21,9.5,3.75,6.25,8.0,21,9.5,3.75,7.25,9.5,21,9.5,4.25,7.25,11.25,20,10.0,5.38,10.5,15.78,20,10.0,6.12,12.38,16.0,20,10.0,8.5,12.94,16.0
PLD,Hoch 6,13,1.7032167657112267,2.6967232381971704,4.600439384808685,7.160823572806262,10.247059647166592,13.483926744725258,18.286475767717253,13,46.2,3.25,4.25,6.8,13,23.1,3.5,7.0,9.85,13,23.1,4.5,7.0,10.2,13,7.7,5.0,7.0,10.2,13,7.7,6.75,10.25,16.0,13,7.7,7.0,15.25,16.0,13,7.7,9.75,16.0,16.0
PLD,Hoch 7,7,2.1181743362884364,3.1404961700024434,4.140437640447501,8.443230059909652,11.43715459618328,13.19993296458474,14.962711332986208,7,28.6,3.75,4.88,7.35,7,28.6,4.0,7.75,10.55,7,14.3,4.0,8.38,11.3,7,14.3,4.0,8.38,11.3,7,14.3,4.0,8.38,11.3,7,14.3,7.75,11.88,15.25,6,16.7,10.12,13.88,15.38
PLD,Hoch 8,3,2.6942847120587072,3.143781934376639,3.5932791566945705,6.76800807826557,8.67284543120817,9.307791215522368,9.942736999836569,3,0.0,2.5,3.5,4.1,3,0.0,3.5,6.0,7.5,3,0.0,3.5,6.62,8.5,3,0.0,3.5,6.62,8.5,3,0.0,3.5,6.62,8.5,3,0.0,3.5,6.62,8.5,3,0.0,9.75,11.5,12.55
PLD,Hoch 9,2,5.95081588323505,7.130964747770918,8.311113612306784,9.491262476842651,10.199351795564173,10.435381568471346,10.67141134137852,2,0.0,4.5,5.0,5.3,2,0.0,8.12,9.31,10.03,2,0.0,8.12,9.31,10.03,2,0.0,8.12,9.31,10.03,2,0.0,8.12,9.31,10.03,2,0.0,9.5,10.0,10.3,2,0.0,13.12,14.44,15.22
PLD,Hoch 10,1,5.828052075590961,5.828052075590961,5.828052075590961,5.828052075590961,5.828052075590961,5.828052075590961,5.828052075590961,1,0.0,3.5,3.5,3.5,1,0.0,5.75,5.75,5.75,1,0.0,5.75,5.75,5.75,1,0.0,5.75,5.75,5.75,1,0.0,5.75,5.75,5.75,1,0.0,9.5,9.5,9.5,1,0.0,15.25,15.25,15.25
PLTR,alle,173,1.1444516477857047,2.7766500625636357,4.203618114261203,6.1905828680093125,8.967207986679355,9.917059407455216,19.15010766453193,173,28.9,3.0,4.5,6.25,173,22.5,3.75,5.75,8.0,173,14.5,4.0,6.0,8.95,170,12.9,4.5,6.5,9.25,168,12.5,4.75,7.75,11.58,161,9.9,5.0,8.0,13.0,152,8.6,5.0,8.56,13.25
PLTR,Hoch 1,77,1.1509668256637406,2.5653661017983196,3.9277993665747797,5.956356966686973,8.710115770554912,9.2463868223717,10.402090706083667,77,29.9,2.75,4.0,6.25,77,24.7,3.5,5.0,7.8,77,18.2,3.75,5.75,8.6,76,17.1,4.12,6.31,9.12,74,17.6,4.25,8.12,10.48,69,11.6,4.75,8.5,12.25,64,12.5,4.75,8.25,12.75
PLTR,Hoch 2,43,1.1595127018090565,3.0697681251671245,4.40815399069239,5.995659074927993,9.111228116334681,10.557662902634382,12.598349722753294,43,23.3,3.25,4.5,5.4,43,16.3,3.75,5.62,8.0,43,7.0,4.25,5.88,8.9,41,4.9,4.25,6.5,9.0,41,4.9,4.5,7.75,10.75,40,5.0,5.0,8.0,12.55,37,2.7,5.0,8.0,12.7
PLTR,Hoch 3,25,1.1444516477857047,3.726448545046019,4.875895386461056,6.716579664206031,9.36882993143855,11.46096692751107,19.15010766453193,25,32.0,4.5,5.0,7.1,25,28.0,4.75,6.5,8.95,25,20.0,4.75,6.5,9.25,25,16.0,5.0,6.5,9.55,25,12.0,5.5,7.5,12.2,24,12.5,6.0,8.25,13.38,23,4.3,5.5,9.88,15.3
PLTR,Hoch 4,11,1.4240890707529383,3.428138544517296,4.016722439472412,4.542526868210967,7.744773333731773,12.239701926055261,16.73463051837875,11,27.3,3.75,4.12,6.25,11,9.1,3.75,4.5,7.5,11,9.1,4.0,4.5,7.5,11,9.1,4.5,5.88,7.5,11,9.1,4.5,7.25,13.25,11,9.1,4.5,10.88,16.0,11,9.1,4.5,11.75,16.0
PLTR,Hoch 5,8,1.1769594957598255,4.182088609781161,5.292490659284029,7.070797616642235,7.979971841418102,8.495467456515058,9.010963071612016,8,37.5,4.38,5.44,6.08,8,37.5,5.12,5.62,6.97,8,12.5,5.25,6.94,7.95,8,12.5,5.25,7.56,8.72,8,12.5,6.38,7.75,10.22,8,12.5,6.38,9.75,15.82,8,12.5,6.38,10.94,16.0
PLTR,Hoch 6,5,2.800692988856241,3.003575085026484,8.0475838726213,8.398795892045175,10.450106294130263,11.133876428158626,11.817646562186988,5,60.0,6.25,8.0,8.15,5,40.0,7.25,8.0,8.15,5,20.0,8.0,8.25,10.35,5,20.0,8.0,8.25,12.3,5,20.0,8.0,11.5,14.2,5,20.0,8.0,16.0,16.0,5,20.0,8.0,16.0,16.0
PLTR,Hoch 7,2,2.9520565837752475,4.135646488561267,5.319236393347286,6.502826298133305,7.212980241004917,7.449698221962121,7.686416202919325,2,0.0,5.12,6.31,7.03,2,0.0,5.12,6.31,7.03,2,0.0,5.12,6.31,7.03,2,0.0,5.12,6.31,7.03,2,0.0,5.12,6.31,7.03,2,0.0,5.12,6.31,7.03,2,0.0,5.12,6.31,7.03
PLTR,Hoch 8,1,1.3650860208733382,1.3650860208733382,1.3650860208733382,1.3650860208733382,1.3650860208733382,1.3650860208733382,1.3650860208733382,1,0.0,1.25,1.25,1.25,1,0.0,1.25,1.25,1.25,1,0.0,1.25,1.25,1.25,1,0.0,1.25,1.25,1.25,1,0.0,1.25,1.25,1.25,1,0.0,1.25,1.25,1.25,1,0.0,1.25,1.25,1.25
PLTR,Hoch 9,1,1.751216485290248,1.751216485290248,1.751216485290248,1.751216485290248,1.751216485290248,1.751216485290248,1.751216485290248,1,0.0,1.75,1.75,1.75,1,0.0,1.75,1.75,1.75,1,0.0,1.75,1.75,1.75,1,0.0,1.75,1.75,1.75,1,0.0,1.75,1.75,1.75,1,0.0,1.75,1.75,1.75,1,0.0,1.75,1.75,1.75
PM,alle,527,0.7533159736979661,2.407571988275785,4.328541984015024,6.987998773935928,9.664002784046556,12.537361222825863,25.431088317098013,527,26.6,3.0,4.5,6.25,527,16.7,3.5,6.0,8.1,527,12.0,4.25,6.75,9.5,525,9.5,4.5,7.75,11.25,519,5.6,5.5,9.0,13.0,512,4.7,6.0,9.75,13.98,506,3.2,6.38,10.25,15.25
PM,Hoch 1,243,0.8455251215997402,2.340278324620236,3.8990391325425167,5.99537693282071,8.714918946200541,11.069180981363354,23.186807400166842,243,26.3,2.75,4.25,5.75,243,15.6,3.25,5.0,7.45,243,10.3,3.75,5.88,8.5,242,8.3,4.25,6.75,10.23,239,5.0,4.5,8.0,11.5,236,4.7,5.0,8.5,11.88,231,2.6,5.5,9.0,12.5
PM,Hoch 2,125,0.7533159736979661,2.3902363527070123,4.214174062778267,6.627743022032192,8.935456345695366,11.544992622883196,21.238135076114578,125,24.8,2.5,4.0,6.05,125,16.8,3.5,5.5,7.65,125,11.2,4.0,6.5,8.75,124,8.9,4.5,7.31,10.93,123,4.1,5.75,9.38,12.7,121,2.5,6.25,10.0,13.75,120,2.5,6.5,10.25,14.28
PM,Hoch 3,68,1.033290436762445,3.1081938116811823,4.960841769106933,8.671502964292245,12.753292940068105,13.534963995144334,25.18359436762138,68,30.9,3.5,4.81,6.48,68,20.6,4.75,7.0,9.5,68,17.6,4.75,8.5,12.65,68,11.8,5.62,9.5,13.25,67,7.5,6.75,11.12,13.5,66,4.5,7.38,11.44,16.0,66,4.5,7.38,12.44,16.0
PM,Hoch 4,41,1.1683407868129545,3.0181684803692157,6.033562874889329,8.301295108215395,12.994725140660929,14.629588021098579,25.00289818517798,41,34.1,4.0,5.5,6.5,41,22.0,4.75,6.75,9.5,41,14.6,6.0,8.25,12.75,41,12.2,6.0,8.5,12.75,40,10.0,6.88,9.69,14.03,39,10.3,7.25,11.0,14.35,39,7.7,7.25,11.62,16.0
PM,Hoch 5,19,1.03150704156042,2.2762509247044544,4.496462203495699,9.680925727884745,14.503131789936955,16.077008110909606,25.431088317098013,19,26.3,3.0,5.62,6.4,19,15.8,4.0,7.5,13.45,19,15.8,4.25,9.62,14.4,19,15.8,4.25,10.0,14.4,19,10.5,7.25,11.25,15.2,19,10.5,8.25,12.88,16.0,19,5.3,8.25,12.88,16.0
PM,Hoch 6,14,1.1360762218715155,2.5767767297463813,4.1107295446395735,7.522184855206298,10.67237083339851,13.226594253245832,15.977749705529753,14,14.3,3.0,3.5,6.15,14,7.1,3.0,4.94,7.63,14,7.1,4.0,7.38,10.45,14,7.1,4.5,7.69,10.45,14,7.1,5.12,8.0,15.93,14,7.1,6.62,10.06,15.93,14,0.0,7.62,10.38,15.93
PM,Hoch 7,8,1.4470438952534255,2.726538030484639,4.012659008575527,7.473161400876462,7.680734999317197,7.916945123676852,8.153155248036507,8,0.0,3.0,4.06,4.33,8,0.0,3.75,4.88,6.97,8,0.0,3.88,7.25,7.47,8,0.0,4.75,7.25,7.47,8,0.0,6.62,8.0,10.4,8,0.0,8.0,8.19,10.92,8,0.0,8.0,9.25,12.32
PM,Hoch 8,7,3.6486520611894235,5.340957562278314,6.103465600213256,8.186656113715992,9.598668158215727,10.424662325604665,11.250656492993608,7,28.6,4.75,6.0,6.8,7,28.6,6.0,6.88,9.15,7,28.6,6.0,8.0,9.45,7,28.6,7.5,8.0,9.45,7,0.0,7.75,9.75,10.8,7,0.0,9.0,10.0,12.1,7,0.0,9.0,10.0,12.2
PM,Hoch 9,2,6.007854588023488,6.023020702544986,6.038186817066483,6.053352931587982,6.0624526003008805,6.06548582320518,6.06851904610948,2,50.0,6.0,6.0,6.0,2,0.0,6.0,6.0,6.0,2,0.0,6.0,6.0,6.0,2,0.0,6.0,6.0,6.0,2,0.0,9.25,10.88,11.85,2,0.0,9.25,10.88,11.85,2,0.0,9.25,10.88,11.85
PSX,alle,429,0.6854677092980994,2.6692088919656434,4.2735663211849735,6.9209249073504715,10.759634573305547,12.948926793066413,47.27570091332085,429,27.5,3.0,4.5,6.75,429,19.3,3.75,6.25,9.25,429,14.2,4.25,6.75,10.55,425,12.7,4.5,7.5,11.5,420,10.5,5.0,8.75,14.58,414,6.0,5.5,9.75,16.0,405,5.7,6.25,11.75,16.0
PSX,Hoch 1,202,0.6854677092980994,2.4578136189489728,4.078748413549096,6.633414257959413,10.373872878971165,16.481553998957068,47.27570091332085,202,26.7,3.0,4.5,6.5,202,18.3,3.5,5.5,9.25,202,13.4,4.0,6.5,10.23,200,13.0,4.25,7.31,11.5,198,11.1,5.0,8.56,15.5,196,6.1,5.25,9.56,16.0,194,5.7,5.88,11.69,16.0
PSX,Hoch 2,101,0.8472071373164697,2.4438376649752525,4.12853038443501,6.0746566467968615,9.670299509875022,10.745807831584845,18.183412590474514,101,24.8,2.75,4.0,6.5,101,20.8,3.5,5.25,7.5,101,13.9,4.0,6.0,9.5,101,9.9,4.5,7.25,9.5,99,9.1,5.0,8.75,12.3,97,5.2,5.25,9.5,15.7,94,4.3,5.5,10.19,16.0
PSX,Hoch 3,59,0.8282265623649415,2.9802854968254495,4.288409761431052,6.894274980633886,11.115641060702401,12.168277679531581,16.032509030032596,59,28.8,3.25,4.25,5.45,59,15.3,3.75,6.5,9.05,59,13.6,4.25,6.88,11.0,58,13.8,4.75,7.88,11.65,58,10.3,5.38,8.38,14.25,57,7.0,5.75,9.75,16.0,55,7.3,6.25,11.5,16.0
PSX,Hoch 4,34,2.1743740348131895,3.242524884630243,4.351471265360258,7.716419530876774,11.435535353902717,12.853111574163561,20.107751177591105,34,26.5,3.25,4.69,6.6,34,20.6,4.25,6.94,8.88,34,20.6,4.25,7.69,11.27,33,18.2,4.75,8.0,11.55,33,9.1,6.75,9.25,13.05,32,6.2,6.88,11.88,15.85,31,6.5,7.5,12.75,16.0
PSX,Hoch 5,19,1.7553771254160795,3.7357863111764553,4.442054028743096,7.565366608699847,11.626746564535743,11.855187264889194,12.419832352231483,19,31.6,3.0,4.25,7.0,19,26.3,4.25,6.5,10.5,19,26.3,4.25,7.5,11.55,19,21.1,4.5,7.75,12.9,18,22.2,5.88,11.06,15.65,18,11.1,6.0,15.88,16.0,17,11.8,7.75,16.0,16.0
PSX,Hoch 6,10,2.424370616928878,3.9938100259455176,4.873476684855214,5.8544050462581545,7.562866877425553,10.113897483275178,12.664928089124812,10,50.0,4.75,5.38,7.02,10,30.0,4.75,5.69,7.32,10,0.0,4.75,5.69,7.32,10,0.0,4.88,5.69,7.32,10,0.0,5.25,7.5,12.55,10,0.0,5.25,7.5,12.85,10,0.0,6.12,9.81,16.0
PSX,Hoch 7,2,6.379940114422505,7.665727023208415,8.951513931994327,10.237300840780238,11.008772986051785,11.265930367808966,11.523087749566148,2,50.0,8.88,10.19,10.97,2,50.0,8.88,10.19,10.97,2,0.0,8.88,10.19,10.97,2,0.0,8.88,10.19,10.97,2,0.0,8.88,10.19,10.97,2,0.0,8.88,10.19,10.97,2,0.0,12.38,14.19,15.28
PSX,Hoch 8,1,7.235862818497165,7.235862818497165,7.235862818497165,7.235862818497165,7.235862818497165,7.235862818497165,7.235862818497165,1,0.0,7.0,7.0,7.0,1,0.0,7.0,7.0,7.0,1,0.0,7.0,7.0,7.0,1,0.0,7.0,7.0,7.0,1,0.0,7.0,7.0,7.0,1,0.0,7.0,7.0,7.0,1,0.0,9.75,9.75,9.75
PSX,Hoch 9,1,8.275328091498658,8.275328091498658,8.275328091498658,8.275328091498658,8.275328091498658,8.275328091498658,8.275328091498658,1,100.0,8.25,8.25,8.25,1,0.0,8.25,8.25,8.25,1,0.0,8.25,8.25,8.25,1,0.0,8.25,8.25,8.25,1,0.0,8.25,8.25,8.25,1,0.0,8.25,8.25,8.25,1,0.0,13.0,13.0,13.0
PYPL,alle,331,0.7878130298805048,2.6783177801114713,4.542475739173929,7.2190234780768385,11.276865659015897,14.020225931457457,19.505863946647032,331,28.1,3.0,5.0,6.75,331,19.3,4.0,6.0,8.75,331,16.6,4.5,7.12,11.25,328,14.9,5.0,7.56,13.4,324,12.0,5.5,9.0,15.0,318,11.0,6.0,11.0,16.0,311,10.0,6.5,11.75,16.0
PYPL,Hoch 1,157,0.7878130298805048,2.4173983311347067,4.585453864017568,6.757494613318779,12.2193282757021,14.885197346881256,19.505863946647032,157,30.6,2.75,4.25,7.0,157,21.7,4.0,5.75,8.95,157,19.7,4.5,6.75,12.1,155,17.4,4.75,7.62,13.9,152,15.1,5.5,8.81,15.98,146,14.4,5.88,11.19,16.0,142,12.7,6.5,11.94,16.0
PYPL,Hoch 2,79,0.8243903043788088,2.604800193315497,4.573066078972438,7.389919083837421,10.195067265708314,13.980648834214714,19.302342639129915,79,22.8,2.75,4.88,6.35,79,17.7,4.0,6.5,9.55,79,12.7,4.5,7.25,10.05,78,11.5,5.12,7.75,11.9,77,10.4,6.25,10.0,14.25,77,9.1,7.25,12.25,16.0,76,7.9,8.12,13.38,16.0
PYPL,Hoch 3,49,0.8551808111401187,3.3633400677409053,5.184724982112305,7.682314984496875,11.299159496934097,12.824081030188225,18.63854479603227,49,30.6,3.5,5.75,7.65,49,22.4,4.25,7.25,10.25,49,18.4,5.0,7.5,11.25,49,18.4,5.75,9.75,14.05,49,10.2,6.25,10.75,15.75,49,10.2,7.25,11.25,15.8,48,10.4,8.12,11.56,15.75
PYPL,Hoch 4,25,1.4557537939163705,3.221643789704444,5.625704089508555,6.76724935607853,9.163907823238697,14.02896913405945,17.629332825843797,25,32.0,3.75,5.25,6.45,25,20.0,4.0,6.0,7.65,25,20.0,5.5,6.75,9.05,25,16.0,5.5,7.25,12.7,25,12.0,5.75,7.25,12.8,25,8.0,5.75,9.25,13.8,24,8.3,6.38,10.25,14.1
PYPL,Hoch 5,6,1.425567459380294,2.103487285869947,3.5344305061504073,5.188287407186008,6.822925477144233,7.479053010083561,8.135180543022889,6,33.3,2.88,5.12,6.75,6,0.0,3.38,5.12,6.75,6,0.0,3.38,5.12,6.75,6,0.0,4.12,6.81,7.62,6,0.0,4.12,6.81,7.62,6,0.0,4.25,6.88,7.62,6,0.0,5.0,7.44,7.75
PYPL,Hoch 6,3,1.5788416905093283,1.8388979474137108,2.0989542043180935,3.1358261800332787,3.75794936546239,3.9653237606054272,4.172698155748464,3,33.3,2.0,2.88,3.4,3,0.0,2.0,3.0,3.6,3,0.0,2.0,3.0,3.6,3,0.0,2.0,3.0,3.6,3,0.0,2.0,3.0,3.6,3,0.0,2.0,3.0,3.6,3,0.0,2.0,3.0,3.6
PYPL,Hoch 7,2,1.4685314529268885,1.5832393870652757,1.6979473212036627,1.8126552553420496,1.881480015825082,1.9044216026527594,1.9273631894804368,2,0.0,1.5,1.62,1.7,2,0.0,1.5,1.62,1.7,2,0.0,1.5,1.62,1.7,2,0.0,1.5,1.62,1.7,2,0.0,1.5,1.62,1.7,2,0.0,1.5,1.62,1.7,2,0.0,1.5,1.62,1.7
PYPL,Hoch 8,2,1.8854965152721535,2.081839527372332,2.2781825394725104,2.474525551572689,2.592331358832796,2.6315999612528316,2.6708685636728675,2,0.0,2.12,2.31,2.42,2,0.0,2.12,2.31,2.42,2,0.0,2.12,2.31,2.42,2,0.0,2.12,2.31,2.42,2,0.0,2.12,2.31,2.42,2,0.0,2.12,2.31,2.42,2,0.0,2.12,2.31,2.42
PYPL,Hoch 9,2,2.13785759216933,2.4016868310328525,2.665516069896375,2.9293453087598977,3.0876428520780115,3.140408699850716,3.1931745476234203,2,0.0,2.5,2.75,2.9,2,0.0,2.5,2.75,2.9,2,0.0,2.5,2.75,2.9,2,0.0,2.5,2.75,2.9,2,0.0,2.5,2.75,2.9,2,0.0,2.5,2.75,2.9,2,0.0,2.5,2.75,2.9
PYPL,Hoch 10,2,2.127724469853053,2.4598608731518357,2.7919972764506182,3.1241336797494013,3.3234155217286707,3.389842802388427,3.456270083048184,2,0.0,2.25,2.75,3.05,2,0.0,2.62,2.94,3.12,2,0.0,2.62,2.94,3.12,2,0.0,2.62,2.94,3.12,2,0.0,2.62,2.94,3.12,2,0.0,2.62,2.94,3.12,2,0.0,2.62,2.94,3.12
PYPL,Hoch 11,1,2.2164300911971693,2.2164300911971693,2.2164300911971693,2.2164300911971693,2.2164300911971693,2.2164300911971693,2.2164300911971693,1,0.0,0.75,0.75,0.75,1,0.0,2.0,2.0,2.0,1,0.0,2.0,2.0,2.0,1,0.0,2.0,2.0,2.0,1,0.0,2.0,2.0,2.0,1,0.0,2.0,2.0,2.0,1,0.0,2.0,2.0,2.0
PYPL,Hoch 12,1,4.542475739173929,4.542475739173929,4.542475739173929,4.542475739173929,4.542475739173929,4.542475739173929,4.542475739173929,1,0.0,4.5,4.5,4.5,1,0.0,4.5,4.5,4.5,1,0.0,4.5,4.5,4.5,1,0.0,4.5,4.5,4.5,1,0.0,4.5,4.5,4.5,1,0.0,4.5,4.5,4.5,1,0.0,4.5,4.5,4.5
PYPL,Hoch 13,1,5.84250511081536,5.84250511081536,5.84250511081536,5.84250511081536,5.84250511081536,5.84250511081536,5.84250511081536,1,0.0,5.75,5.75,5.75,1,0.0,5.75,5.75,5.75,1,0.0,5.75,5.75,5.75,1,0.0,5.75,5.75,5.75,1,0.0,5.75,5.75,5.75,1,0.0,5.75,5.75,5.75,1,0.0,5.75,5.75,5.75
PYPL,Hoch 14,1,6.2078208962286405,6.2078208962286405,6.2078208962286405,6.2078208962286405,6.2078208962286405,6.2078208962286405,6.2078208962286405,1,100.0,6.0,6.0,6.0,1,0.0,6.0,6.0,6.0,1,0.0,6.0,6.0,6.0,1,0.0,6.0,6.0,6.0,1,0.0,6.0,6.0,6.0,1,0.0,6.0,6.0,6.0,1,0.0,6.0,6.0,6.0
QCOM,alle,561,0.7190721839451756,2.46001466282114,4.262798663495541,6.91599851401068,10.42255555752858,12.454741080532184,20.768883080640588,561,32.8,2.75,4.5,6.5,561,22.3,3.5,5.75,9.25,561,16.9,4.25,6.75,10.25,557,13.6,4.75,7.5,11.25,551,9.4,5.5,8.5,13.0,540,6.9,6.5,9.5,14.25,534,4.9,6.75,10.44,14.5
QCOM,Hoch 1,283,0.7461194059750679,2.4526755126063966,4.09709438450867,6.4700615472850265,9.523620627108219,11.383520323614222,18.215567830143097,283,31.8,2.75,4.5,6.2,283,20.8,3.5,5.62,8.2,283,15.2,4.0,6.25,9.45,281,11.4,4.5,6.75,10.5,278,8.3,5.0,7.5,11.25,269,6.7,5.75,8.25,12.3,266,6.0,6.0,8.75,12.75
QCOM,Hoch 2,132,0.7190721839451756,2.4284074926506873,4.478785425053361,7.871888392004307,11.122270965808399,12.469250817786286,20.768883080640588,132,37.1,2.75,5.0,6.73,132,28.8,3.5,6.75,10.73,132,21.2,4.38,7.81,10.98,131,16.8,4.75,8.5,11.5,130,10.0,5.88,9.19,12.33,129,7.0,7.0,10.0,14.3,127,5.5,7.25,10.62,14.35
QCOM,Hoch 3,66,0.9825359972444816,2.551856349972769,4.361984353414611,7.789987394479273,11.275567419880222,14.353170530897847,17.85930187214783,66,27.3,3.0,4.12,6.0,66,16.7,3.5,5.69,9.25,66,16.7,4.25,7.69,11.12,66,15.2,4.75,8.19,11.75,65,7.7,6.0,9.75,14.45,64,3.1,7.62,11.31,15.1,64,1.6,7.75,11.94,16.0
QCOM,Hoch 4,42,1.0643811605759392,2.7571379490119114,4.496306213327465,6.291993917588244,10.967811119768182,13.261752954569648,16.61928701061133,42,31.0,3.0,5.38,6.47,42,21.4,3.38,6.0,9.9,42,14.3,4.38,6.19,10.9,42,14.3,5.0,8.38,11.9,41,12.2,6.25,11.5,14.5,41,9.8,7.75,12.25,15.5,40,2.5,7.88,12.31,16.0
QCOM,Hoch 5,23,1.6174660081172723,2.6600702023159988,4.282062049282588,7.7917481927875665,12.215859548395475,12.598101433740398,13.37315097495961,23,43.5,3.0,4.5,6.7,23,26.1,4.25,5.88,12.05,23,26.1,4.25,7.62,12.05,22,22.7,5.25,10.0,12.15,22,22.7,6.25,13.0,14.68,22,13.6,8.38,13.0,14.75,22,4.5,9.12,13.81,14.75
QCOM,Hoch 6,8,2.1054179817525496,2.749719211667679,4.238284215795122,5.8876669096977245,8.11416151572638,8.707144436466184,9.300127357205987,8,25.0,3.25,4.75,4.75,8,0.0,3.88,4.75,4.9,8,0.0,4.0,5.81,8.03,8,0.0,4.62,8.88,9.78,8,0.0,7.5,11.56,13.7,8,0.0,9.0,11.56,14.07,8,0.0,10.12,12.88,14.07
QCOM,Hoch 7,5,2.215466948158409,2.762984460340363,3.494277045868593,5.127210515844888,9.327121188126693,10.727091412220627,12.127061636314563,5,40.0,3.25,5.0,5.75,5,40.0,3.25,5.0,5.75,5,20.0,3.25,5.0,9.2,5,20.0,5.0,6.75,9.9,5,20.0,6.75,12.0,13.65,5,20.0,9.75,12.0,14.4,5,0.0,12.0,13.5,15.0
QCOM,Hoch 8,1,2.333325113725783,2.333325113725783,2.333325113725783,2.333325113725783,2.333325113725783,2.333325113725783,2.333325113725783,1,0.0,2.25,2.25,2.25,1,0.0,2.25,2.25,2.25,1,0.0,2.25,2.25,2.25,1,0.0,2.25,2.25,2.25,1,0.0,2.25,2.25,2.25,1,0.0,2.25,2.25,2.25,1,0.0,2.25,2.25,2.25
QCOM,Hoch 9,1,2.556997609213619,2.556997609213619,2.556997609213619,2.556997609213619,2.556997609213619,2.556997609213619,2.556997609213619,1,0.0,2.5,2.5,2.5,1,0.0,2.5,2.5,2.5,1,0.0,2.5,2.5,2.5,1,0.0,2.5,2.5,2.5,1,0.0,2.5,2.5,2.5,1,0.0,2.5,2.5,2.5,1,0.0,2.5,2.5,2.5
QIA.DE,alle,502,0.6337453661815103,2.731710470192885,4.682786383842447,7.016888088796927,10.341374587211547,12.46167878352433,19.692531595175556,502,32.3,3.0,5.0,7.0,502,20.7,3.75,6.25,9.0,502,16.3,4.5,7.0,10.25,500,12.4,4.75,7.5,11.03,492,9.8,5.5,8.25,12.73,488,7.6,6.0,9.81,15.08,483,5.0,6.75,11.5,15.75
QIA.DE,Hoch 1,249,0.7390024125621915,2.4807205517922513,4.09624699415235,6.591341222331106,9.519294974923557,12.134653397622808,19.692531595175556,249,32.9,3.0,4.75,6.5,249,19.7,3.5,5.5,8.0,249,14.9,4.0,6.5,9.3,248,10.1,4.0,6.81,10.58,244,7.8,4.75,8.0,12.0,242,6.6,5.38,9.5,14.7,239,5.0,6.25,10.75,14.8
QIA.DE,Hoch 2,125,0.6337453661815103,2.767184712975331,4.854835821397859,6.415920730748265,8.43196062021238,10.953278770334057,15.809990815577835,125,30.4,3.0,4.75,6.65,125,16.0,3.75,5.75,8.0,125,13.6,4.75,6.25,8.4,124,10.5,5.0,7.25,8.93,121,8.3,5.5,7.75,12.25,120,4.2,6.25,9.0,15.03,118,3.4,6.75,10.19,15.07
QIA.DE,Hoch 3,65,0.9905732556459502,3.327049765258913,5.3684204084990235,7.8112591446846436,11.010485771071851,13.386986875332843,15.33748422112706,65,30.8,3.75,6.0,7.75,65,27.7,4.25,7.25,10.15,65,21.5,5.25,7.75,10.85,65,18.5,5.5,8.25,12.4,64,15.6,6.0,9.0,13.18,63,12.7,7.25,10.5,15.05,63,7.9,7.75,12.62,15.95
QIA.DE,Hoch 4,32,1.4231284905704582,4.02580231625916,5.586597105920344,8.307677847136048,12.040623981621538,13.083355907651107,15.268257030111817,32,31.2,3.88,5.69,7.73,32,25.0,4.75,8.12,10.25,32,21.9,5.5,8.12,11.93,32,15.6,6.0,9.38,12.68,32,12.5,6.5,9.88,12.98,32,9.4,7.5,12.06,15.08,32,3.1,8.62,12.75,15.95
QIA.DE,Hoch 5,18,1.3641057742239167,5.084091005215416,6.413395785186591,10.366638798688106,12.147406754626498,14.784234293912178,16.865601655566063,18,38.9,4.38,5.38,8.38,18,33.3,5.25,9.31,11.6,18,22.2,6.25,10.31,11.98,18,22.2,6.25,11.0,13.03,18,22.2,6.38,11.19,15.48,18,22.2,6.62,11.81,16.0,18,5.6,7.12,14.0,16.0
QIA.DE,Hoch 6,7,0.9386541327113084,2.4867745109163577,6.294773946567147,7.460113598566571,8.759223891229107,9.551888210553829,10.344552529878554,7,28.6,2.5,5.0,6.75,7,28.6,3.0,6.62,7.2,7,28.6,6.25,7.25,8.6,7,28.6,6.25,7.25,10.5,7,14.3,6.25,7.25,10.9,7,14.3,7.0,9.25,13.0,7,14.3,7.5,14.88,16.0
QIA.DE,Hoch 7,2,3.4744534636800637,4.208585902589321,4.942718341498578,5.676850780407834,6.117330243753389,6.26415673153524,6.4109832193170915,2,0.0,2.0,2.12,2.2,2,0.0,3.38,3.44,3.48,2,0.0,4.75,5.5,5.95,2,0.0,7.12,7.56,7.83,2,0.0,7.25,7.62,7.85,2,0.0,9.25,9.88,10.25,2,0.0,12.0,14.0,15.2
QIA.DE,Hoch 8,2,8.570091240087574,8.574639155812058,8.57918707153654,8.583734987261021,8.58646373669571,8.587373319840609,8.588282902985505,2,50.0,5.5,5.75,5.9,2,50.0,6.62,7.44,7.92,2,50.0,8.5,8.5,8.5,2,50.0,9.25,9.62,9.85,2,0.0,9.25,9.62,9.85,2,0.0,13.0,14.5,15.4,2,0.0,13.0,14.5,15.4
QIA.DE,Hoch 9,1,10.851060856356424,10.851060856356424,10.851060856356424,10.851060856356424,10.851060856356424,10.851060856356424,10.851060856356424,1,100.0,5.75,5.75,5.75,1,0.0,5.75,5.75,5.75,1,0.0,10.75,10.75,10.75,1,0.0,10.75,10.75,10.75,1,0.0,10.75,10.75,10.75,1,0.0,10.75,10.75,10.75,1,0.0,10.75,10.75,10.75
QIA.DE,Hoch 10,1,9.32118786824421,9.32118786824421,9.32118786824421,9.32118786824421,9.32118786824421,9.32118786824421,9.32118786824421,1,100.0,5.0,5.0,5.0,1,0.0,5.0,5.0,5.0,1,0.0,9.25,9.25,9.25,1,0.0,9.25,9.25,9.25,1,0.0,9.25,9.25,9.25,1,0.0,9.25,9.25,9.25,1,0.0,9.25,9.25,9.25
REGN,alle,505,0.7630605817817283,2.555023669114506,4.236683824558523,6.424042012229477,9.142659033846426,11.700238723850898,22.21690453199025,505,32.3,2.75,4.5,6.25,505,22.4,3.5,5.75,7.9,505,19.0,4.0,6.25,9.0,504,14.5,4.25,6.75,9.92,498,9.4,4.75,7.5,12.0,490,7.1,5.25,8.5,13.0,487,5.1,5.5,9.0,13.5
REGN,Hoch 1,253,0.8177325871413124,2.338407681812032,3.7797421456979747,5.576697101460775,8.34276760063999,10.255199793081532,18.50662938392687,253,30.8,2.75,4.25,6.25,253,21.7,3.25,5.0,7.5,253,17.4,3.75,5.5,8.2,252,13.5,4.0,6.25,9.0,248,9.3,4.25,7.0,10.23,244,6.6,4.75,7.31,12.28,242,4.1,4.75,7.69,13.0
REGN,Hoch 2,121,0.7630605817817283,2.772058765564898,4.3285818924489075,6.611212125640821,9.550823311148624,11.275500065309444,17.147939932134857,121,32.2,3.0,4.75,6.25,121,21.5,4.0,5.75,7.75,121,18.2,4.25,6.5,9.5,121,15.7,4.25,6.75,9.75,119,9.2,5.75,8.25,12.35,117,7.7,6.0,9.0,13.1,116,5.2,6.12,9.5,13.62
REGN,Hoch 3,65,1.027237578287889,3.0249804882976754,4.601408277583398,6.875297477760806,8.849452449784595,10.728421026987016,12.355941275543913,65,32.3,3.0,4.0,6.65,65,23.1,4.25,6.5,7.65,65,21.5,4.5,6.75,8.75,65,15.4,5.0,8.0,9.85,65,9.2,5.5,8.75,11.65,64,7.8,6.12,9.25,12.03,64,6.2,6.75,9.81,13.2
REGN,Hoch 4,32,1.4754845914441246,2.616734341542391,5.418245031225437,7.662612426146544,8.871726726803137,10.928734862201246,17.524584745612454,32,28.1,3.12,4.06,5.48,32,25.0,4.5,6.0,7.5,32,21.9,5.25,7.5,8.73,32,12.5,5.25,7.69,11.83,32,9.4,5.5,9.0,12.23,31,6.5,5.5,10.88,15.0,31,6.5,6.0,12.0,16.0
REGN,Hoch 5,19,1.8410536090135834,2.6439079674146875,5.796603783913142,6.8848833947353265,12.241436418365094,13.372481052257694,22.21690453199025,19,36.8,2.75,5.38,6.75,19,21.1,5.0,6.25,9.75,19,21.1,5.75,6.75,12.05,19,21.1,5.75,7.75,12.3,19,15.8,5.75,7.75,12.3,19,10.5,5.75,8.5,14.0,19,10.5,5.75,12.75,16.0
REGN,Hoch 6,9,3.222896582443545,4.0519646998802274,5.380764715039395,7.234673794860993,12.448666018669137,12.538462536236425,12.628259053803715,9,66.7,3.75,5.25,7.55,9,33.3,4.0,7.0,9.8,9,33.3,5.25,7.0,12.3,9,11.1,5.25,7.0,12.3,9,11.1,5.25,7.0,12.3,9,11.1,7.0,8.5,12.3,9,11.1,7.0,12.25,13.2
REGN,Hoch 7,3,3.91032713443495,4.926170670197594,5.9420142059602385,6.894754276063532,7.466398318125507,7.656946332146165,7.847494346166824,3,66.7,5.75,6.75,7.35,3,33.3,5.75,6.75,7.35,3,33.3,5.75,6.75,7.35,3,33.3,5.75,7.38,8.35,3,0.0,5.75,7.38,8.35,3,0.0,5.75,7.38,8.35,3,0.0,5.75,7.38,8.35
REGN,Hoch 8,2,4.622604544522591,5.032840231450226,5.443075918377861,5.853311605305497,6.099453017462078,6.181500154847605,6.263547292233132,2,0.0,3.75,4.38,4.75,2,0.0,3.88,4.56,4.97,2,0.0,5.38,5.81,6.08,2,0.0,5.38,5.81,6.08,2,0.0,5.38,5.81,6.08,2,0.0,5.38,5.81,6.08,2,0.0,5.38,5.81,6.08
REGN,Hoch 9,1,5.605915915637371,5.605915915637371,5.605915915637371,5.605915915637371,5.605915915637371,5.605915915637371,5.605915915637371,1,100.0,4.75,4.75,4.75,1,100.0,5.5,5.5,5.5,1,100.0,5.5,5.5,5.5,1,0.0,5.5,5.5,5.5,1,0.0,5.5,5.5,5.5,1,0.0,5.5,5.5,5.5,1,0.0,5.5,5.5,5.5
RHM.DE,alle,558,0.6902348181291801,2.647268922685228,4.253837525005886,6.900005376679285,10.70528800724809,12.461158524484457,39.403588132759566,558,31.4,3.0,4.75,6.5,558,21.3,3.75,6.0,8.5,558,16.8,4.12,6.75,10.58,558,14.7,4.5,7.75,11.83,555,11.9,5.25,8.62,14.75,546,8.6,5.5,10.0,16.0,540,7.2,6.0,13.5,16.0
RHM.DE,Hoch 1,265,0.6902348181291801,2.4310745084770544,4.278481177793428,7.199050619509532,10.965750554252566,12.918258212184167,33.27263847126887,265,32.5,3.0,4.75,7.15,265,21.5,3.75,6.25,10.15,265,17.7,4.25,7.0,10.75,265,15.1,4.5,8.0,12.25,262,11.8,5.25,9.0,15.48,257,10.1,5.5,10.75,16.0,253,9.1,5.75,13.75,16.0
RHM.DE,Hoch 2,133,0.7327507467779164,2.7523668108181343,4.4532470378959,6.899665453066245,10.390370563882229,11.34896338271329,36.92650240251203,133,31.6,3.0,4.75,5.7,133,24.8,3.5,5.5,8.25,133,18.8,4.25,6.75,10.25,133,17.3,4.75,7.5,10.75,133,13.5,5.0,8.0,13.95,130,7.7,5.62,9.44,15.55,130,6.9,5.75,13.0,16.0
RHM.DE,Hoch 3,75,1.3529628008456904,2.574726690688421,4.1139048538962975,7.217702107472684,10.782998398691246,11.93464112412484,36.10680133689214,75,32.0,3.0,4.5,6.25,75,20.0,3.75,6.0,8.15,75,16.0,4.0,7.12,10.65,75,14.7,4.5,8.12,12.7,75,13.3,4.5,8.5,13.65,74,8.1,5.5,8.94,16.0,74,6.8,7.0,13.88,16.0
RHM.DE,Hoch 4,42,1.5434362112378446,3.052129149833805,3.7457251304317296,6.419403926747828,9.529374967453709,11.157642805148019,39.403588132759566,42,23.8,3.0,4.0,5.75,42,9.5,3.12,5.62,7.92,42,4.8,3.62,6.31,9.4,42,4.8,4.5,8.19,10.95,42,4.8,5.5,8.25,13.0,42,4.8,6.12,10.25,16.0,41,2.4,6.75,13.75,16.0
RHM.DE,Hoch 5,25,1.709109274182221,2.974318674507086,5.090432668251892,6.3777790569873325,9.414575272068303,11.834282918295564,12.733075749051,25,36.0,3.75,5.5,6.25,25,28.0,4.25,6.25,7.15,25,24.0,5.0,6.25,9.25,25,20.0,5.5,6.5,9.85,25,20.0,5.5,6.75,11.45,25,12.0,5.75,7.75,11.45,24,4.2,6.0,10.69,15.62
RHM.DE,Hoch 6,9,2.7649475585013326,3.9226674252419635,4.358908749388281,5.032730338977719,5.476734914489854,5.820630817576864,6.164526720663876,9,22.2,3.75,4.5,4.6,9,22.2,4.0,4.5,5.05,9,11.1,4.25,5.0,5.4,9,0.0,4.25,5.25,5.8,9,0.0,5.0,5.5,7.15,9,0.0,5.5,7.25,7.95,9,0.0,5.5,11.0,16.0
RHM.DE,Hoch 7,4,1.1512489601302482,3.6412981889582356,5.141372030831338,5.924876802438188,6.1290820132557275,6.197150416861573,6.26521882046742,4,50.0,4.62,5.19,5.53,4,25.0,5.0,5.88,6.1,4,25.0,5.0,5.88,6.1,4,25.0,5.25,6.5,6.95,4,0.0,5.25,7.06,8.53,4,0.0,6.75,7.81,8.83,4,0.0,7.88,11.12,14.05
RHM.DE,Hoch 8,2,1.7003384458256443,2.646126544120051,3.591914642414458,4.537702740708865,5.105175599685509,5.294333219344391,5.483490839003272,2,0.0,3.38,4.31,4.88,2,0.0,3.38,4.31,4.88,2,0.0,3.38,4.31,4.88,2,0.0,3.38,4.31,4.88,2,0.0,3.38,4.31,4.88,2,0.0,4.75,6.38,7.35,2,0.0,8.75,12.38,14.55
RHM.DE,Hoch 9,1,2.2835833920782695,2.2835833920782695,2.2835833920782695,2.2835833920782695,2.2835833920782695,2.2835833920782695,2.2835833920782695,1,0.0,2.25,2.25,2.25,1,0.0,2.25,2.25,2.25,1,0.0,2.25,2.25,2.25,1,0.0,2.25,2.25,2.25,1,0.0,2.25,2.25,2.25,1,0.0,2.25,2.25,2.25,1,0.0,2.25,2.25,2.25
RHM.DE,Hoch 10,1,2.2755294699452744,2.2755294699452744,2.2755294699452744,2.2755294699452744,2.2755294699452744,2.2755294699452744,2.2755294699452744,1,0.0,1.5,1.5,1.5,1,0.0,2.25,2.25,2.25,1,0.0,2.25,2.25,2.25,1,0.0,2.25,2.25,2.25,1,0.0,2.25,2.25,2.25,1,0.0,2.25,2.25,2.25,1,0.0,2.25,2.25,2.25
RHM.DE,Hoch 11,1,3.5346335954674486,3.5346335954674486,3.5346335954674486,3.5346335954674486,3.5346335954674486,3.5346335954674486,3.5346335954674486,1,0.0,2.75,2.75,2.75,1,0.0,3.5,3.5,3.5,1,0.0,3.5,3.5,3.5,1,0.0,3.5,3.5,3.5,1,0.0,3.5,3.5,3.5,1,0.0,3.5,3.5,3.5,1,0.0,3.5,3.5,3.5
RIO,alle,681,0.6446643449109052,2.32761289452979,4.286881595020139,7.2930498213072115,10.391935546582033,13.320591923019146,38.77251652776886,681,25.7,3.0,4.75,7.0,681,17.5,3.75,6.25,9.0,681,12.8,4.25,7.25,10.25,680,11.0,4.5,7.75,12.25,674,8.2,5.0,9.0,14.0,660,5.9,6.0,10.75,16.0,648,4.8,6.5,13.0,16.0
RIO,Hoch 1,337,0.6446643449109052,2.205930048760853,3.93272690172566,7.064503584788466,10.236593046460325,13.296883565704308,38.77251652776886,337,22.6,2.75,4.5,6.5,337,14.2,3.25,5.75,8.25,337,10.4,3.75,7.0,10.1,336,8.0,4.0,7.25,11.25,334,6.0,4.5,8.25,14.0,329,4.9,5.25,10.0,16.0,327,4.6,5.75,11.88,16.0
RIO,Hoch 2,154,0.7468872009813339,2.3429629036844015,4.076621625345023,7.541952784125478,9.931830435368243,12.352355749572274,32.100954421139384,154,26.0,2.75,4.69,7.18,154,22.7,3.25,6.25,9.25,154,16.2,4.0,7.44,9.75,154,14.9,4.75,7.69,10.35,153,11.1,5.25,9.5,13.05,151,6.6,6.0,10.0,16.0,148,3.4,6.75,11.81,16.0
RIO,Hoch 3,93,0.8472158724036727,2.774292875275098,4.452704545890547,7.3157488555733865,10.489246298805293,13.707323690898358,28.596505319076883,93,32.3,3.5,4.75,7.5,93,19.4,4.0,6.0,10.0,93,17.2,4.25,7.25,10.25,93,16.1,4.75,9.5,12.3,92,10.9,5.25,10.31,15.23,91,6.6,6.0,10.88,16.0,88,5.7,6.75,14.56,16.0
RIO,Hoch 4,48,1.1964449827949886,2.3420227761850008,5.419380283344037,7.5053340516087115,9.66571573790097,11.43006952155057,13.928828194865158,48,31.2,3.88,5.25,6.83,48,20.8,5.0,6.56,8.75,48,16.7,5.25,7.31,9.58,48,14.6,5.75,9.31,12.9,47,12.8,7.0,9.38,14.8,46,10.9,7.62,12.56,16.0,44,9.1,9.0,14.06,16.0
RIO,Hoch 5,25,0.8550166583925791,2.3866240176905253,5.319511231572899,6.78940190570685,10.096081210842163,12.335057193313629,19.408537235424102,25,32.0,2.75,5.25,6.4,25,16.0,4.0,6.25,7.0,25,8.0,5.25,6.75,10.0,25,8.0,5.25,8.5,13.2,24,4.2,5.0,8.94,13.5,23,4.3,5.75,10.88,14.7,21,4.8,7.25,14.0,16.0
RIO,Hoch 6,12,0.9278384825295579,1.9492719073681015,5.980778654571374,12.643691035831027,13.391862634194068,17.308579086377108,22.04430240974806,12,16.7,3.12,5.31,8.5,12,16.7,4.5,11.31,12.85,12,8.3,5.88,12.62,13.22,12,8.3,5.88,13.06,13.25,12,8.3,6.5,13.06,13.25,10,10.0,8.0,13.19,15.1,10,10.0,8.0,13.19,16.0
RIO,Hoch 7,8,1.8428950703332163,3.5029810820901206,4.831018685887598,7.478042883998334,19.121289202438238,25.84036131569434,32.55943342895046,8,37.5,4.75,6.38,9.22,8,12.5,4.75,7.44,14.07,8,0.0,4.75,7.44,14.07,8,0.0,5.38,8.0,14.07,8,0.0,5.38,13.06,14.07,6,0.0,10.25,13.44,14.75,6,0.0,11.5,13.44,14.75
RIO,Hoch 8,3,4.286881595020139,4.66119012642706,5.035498657833982,5.892779821710928,6.4071485200370955,6.578604752812484,6.750060985587873,3,0.0,5.0,5.75,6.2,3,0.0,5.0,5.88,6.4,3,0.0,5.0,5.88,6.4,3,0.0,6.75,6.75,6.75,3,0.0,6.75,9.62,11.35,3,0.0,11.5,12.25,12.7,3,0.0,11.5,12.25,12.7
RIO,Hoch 9,1,6.494418264426195,6.494418264426195,6.494418264426195,6.494418264426195,6.494418264426195,6.494418264426195,6.494418264426195,1,100.0,6.25,6.25,6.25,1,100.0,6.25,6.25,6.25,1,0.0,6.25,6.25,6.25,1,0.0,6.25,6.25,6.25,1,0.0,6.25,6.25,6.25,1,0.0,10.5,10.5,10.5,1,0.0,10.5,10.5,10.5
ROP,alle,549,0.7306081826418945,2.41833946054504,4.114702151908369,6.412315757858934,9.326534393180895,12.180028323528694,27.813200225994557,549,26.6,2.75,4.25,6.25,549,13.7,3.5,5.5,8.25,549,10.2,4.0,6.25,9.25,548,7.7,4.25,6.81,11.25,540,6.3,4.75,8.0,13.0,534,4.1,5.25,9.0,15.25,526,3.2,5.25,9.75,16.0
ROP,Hoch 1,262,0.7371621762769799,2.475849862286538,3.688979406034209,5.945597014354426,9.227687030995764,11.914673875885688,21.472427673693883,262,24.0,3.0,4.0,5.75,262,12.2,3.25,5.25,7.25,262,8.0,3.5,5.75,9.0,262,6.1,4.25,6.25,11.7,258,5.8,4.25,7.25,13.0,254,3.1,4.75,8.75,13.5,250,2.0,4.88,9.0,15.25
ROP,Hoch 2,130,0.8539666611891369,2.4261081316558446,4.474594022891795,6.233522723916825,8.902576173130875,10.436866935791821,16.841161785125426,130,29.2,3.0,4.5,6.03,130,12.3,3.88,5.5,7.78,130,11.5,4.25,6.19,8.75,129,7.8,4.75,6.75,8.75,127,4.7,5.0,7.5,12.2,126,3.2,5.5,8.75,15.12,124,3.2,5.62,9.38,16.0
ROP,Hoch 3,66,0.8007360694733499,2.9687065686110614,4.703645478334424,7.879760650883785,9.876353708561837,13.767061359673889,26.037115669607374,66,31.8,3.12,5.0,6.62,66,18.2,4.0,6.0,8.12,66,12.1,4.5,7.75,9.75,66,10.6,5.38,8.0,12.0,65,9.2,6.0,8.5,14.05,64,6.2,6.25,11.25,16.0,63,6.3,6.25,11.25,16.0
ROP,Hoch 4,41,0.8863269911626411,2.9649565019152546,5.748211681761385,9.220616512267377,13.839687250617265,15.229084549562359,25.555444163515475,41,36.6,2.75,6.0,8.25,41,24.4,4.75,8.5,13.0,41,24.4,5.5,9.0,13.75,41,17.1,6.0,9.25,14.5,40,12.5,7.5,10.62,14.65,40,10.0,7.88,12.31,16.0,39,7.7,7.5,11.38,16.0
ROP,Hoch 5,17,0.7306081826418945,1.7319873126530432,3.375684033121524,6.444722728848288,13.104408299090814,20.965167409288032,27.813200225994557,17,5.9,2.5,3.5,5.65,17,5.9,3.25,6.25,8.0,17,0.0,3.25,6.25,11.8,17,0.0,3.75,6.25,11.8,17,0.0,3.75,8.0,13.75,17,0.0,3.75,8.0,16.0,17,0.0,3.75,8.0,16.0
ROP,Hoch 6,11,1.1227946663405983,1.677419452950586,2.84355224584919,8.654270788489583,9.72042193411396,11.531565865756445,13.34270979739893,11,27.3,2.75,5.25,6.5,11,27.3,2.75,7.75,9.0,11,18.2,2.75,8.5,9.5,11,18.2,2.75,8.5,9.5,11,18.2,2.75,8.5,9.5,11,18.2,2.75,8.5,9.5,11,9.1,2.75,8.5,9.5
ROP,Hoch 7,5,1.184700630827053,1.8147237204375768,1.818824604843696,3.2744612032773506,3.384342180563494,3.420969172992209,3.4575961654209233,5,20.0,1.75,2.75,3.05,5,0.0,1.75,2.75,3.05,5,0.0,1.75,3.25,3.25,5,0.0,1.75,3.25,3.4,5,0.0,1.75,3.25,3.4,5,0.0,2.75,3.5,3.8,5,0.0,3.5,4.0,11.2
ROP,Hoch 8,5,0.9883644986335015,1.432795370671195,2.139296094235108,2.955782051680964,3.989452714723154,4.334009602403883,4.678566490084614,5,0.0,2.0,2.75,3.5,5,0.0,2.0,2.75,3.8,5,0.0,2.0,2.75,3.8,5,0.0,2.0,2.75,3.8,5,0.0,2.75,3.75,4.2,5,0.0,4.5,4.75,5.5,5,0.0,5.25,6.75,12.3
ROP,Hoch 9,5,1.8005472707347252,2.823897341788836,3.1188568095779634,3.793440126138639,4.7087435589108395,5.013844703168239,5.318945847425639,5,20.0,3.0,3.75,4.2,5,0.0,3.0,3.75,4.65,5,0.0,3.0,3.75,4.65,5,0.0,3.75,4.5,4.95,5,0.0,4.5,4.75,5.05,5,0.0,5.75,7.25,7.85,5,0.0,6.25,14.75,15.5
ROP,Hoch 10,4,2.8209737618222275,4.040731899922327,4.52335473035145,5.3005815342499005,6.562723569354748,6.9834375810563625,7.404151592757979,4,25.0,3.5,4.31,4.42,4,0.0,3.5,4.31,4.42,4,0.0,4.38,5.19,6.43,4,0.0,4.38,5.19,6.43,4,0.0,4.62,5.38,6.5,4,0.0,8.38,9.81,10.38,4,0.0,13.12,16.0,16.0
ROP,Hoch 11,2,5.274677225063405,6.266579459863035,7.258481694662666,8.250383929462297,8.845525270342074,9.043905717302,9.242286164261927,2,50.0,4.0,4.62,5.0,2,0.0,4.75,5.0,5.15,2,0.0,7.12,8.06,8.62,2,0.0,7.12,8.06,8.62,2,0.0,7.38,8.44,9.07,2,0.0,11.75,12.25,12.55,2,0.0,13.75,14.88,15.55
ROP,Hoch 12,1,8.830335731813596,8.830335731813596,8.830335731813596,8.830335731813596,8.830335731813596,8.830335731813596,8.830335731813596,1,100.0,3.5,3.5,3.5,1,100.0,6.0,6.0,6.0,1,0.0,8.75,8.75,8.75,1,0.0,8.75,8.75,8.75,1,0.0,11.5,11.5,11.5,1,0.0,11.75,11.75,11.75,1,0.0,16.0,16.0,16.0
ROST,alle,576,0.5964113990044346,2.3127868133512237,3.4452996659874104,6.124674761485043,9.164050973014113,10.80015202541599,36.7481847971604,576,25.5,2.75,4.0,6.0,576,15.6,3.0,5.25,7.5,576,12.8,3.25,6.0,9.0,574,11.0,3.75,6.5,10.18,569,7.0,4.25,8.0,11.5,565,4.6,5.25,10.0,14.75,558,2.0,5.75,10.5,16.0
ROST,Hoch 1,274,0.5964113990044346,2.3073592355706602,3.42247089168696,6.212218462761694,8.78817877320838,10.6385899557991,31.58826885856001,274,27.0,2.88,4.25,6.25,274,19.0,3.0,5.25,7.5,274,14.6,3.25,6.0,8.75,273,12.1,3.75,6.75,9.7,273,8.8,4.5,8.0,11.45,272,4.8,5.75,10.25,15.48,271,1.8,6.25,10.62,16.0
ROST,Hoch 2,129,0.7038281442635949,2.2303284522859683,3.3227578946212954,6.134532953270796,9.322974400138,11.142614224137558,36.7481847971604,129,24.8,2.25,4.0,6.25,129,14.0,3.0,5.0,7.3,129,13.2,3.25,6.0,9.1,128,10.2,3.75,6.88,11.0,127,7.1,4.5,8.12,12.25,127,6.3,5.5,10.62,16.0,126,3.2,6.12,11.94,16.0
ROST,Hoch 3,68,0.9572490639519852,2.2748443487432284,3.304693758340874,6.271834156208018,9.88806433046176,10.346715328139213,13.62707309024757,68,27.9,2.5,3.56,5.15,68,13.2,3.0,5.5,6.98,68,13.2,3.25,6.25,9.75,68,13.2,3.25,6.56,11.08,67,7.5,4.5,9.62,12.95,67,6.0,5.5,10.5,14.05,66,1.5,5.75,10.94,16.0
ROST,Hoch 4,39,0.7581173801903311,2.5593473574879892,3.685740863473741,5.360829512359421,9.836770463651066,11.412763998666497,13.034665451779341,39,20.5,3.0,3.62,6.35,39,10.3,3.25,4.38,6.45,39,7.7,3.5,5.12,9.65,39,7.7,4.0,5.88,9.8,38,2.6,4.38,6.69,10.13,38,0.0,4.5,6.69,11.78,37,0.0,4.5,6.75,11.95
ROST,Hoch 5,26,1.1176579941058107,2.8670342368381654,4.055646649653754,5.3414047774963915,7.958774104897037,8.57819272960063,11.562639712779141,26,23.1,3.0,3.94,5.12,26,3.8,3.25,4.5,5.25,26,3.8,3.88,5.25,7.75,26,3.8,3.88,5.44,8.0,25,4.0,3.75,5.5,8.25,25,4.0,4.0,5.5,8.9,24,4.2,5.12,6.94,9.88
ROST,Hoch 6,15,0.9409131813533769,2.1000499189226076,3.6788796578563585,6.137854892875185,7.5523370499317535,8.572628427553534,9.312633989832555,15,6.7,2.5,4.25,5.65,15,6.7,3.0,5.0,6.25,15,6.7,3.5,6.0,7.45,15,6.7,3.5,6.0,7.95,14,0.0,3.25,5.62,8.03,14,0.0,3.62,7.06,8.1,13,0.0,5.25,7.75,9.65
ROST,Hoch 7,12,1.619573548186716,2.398806065893236,4.313294118761298,6.371553524705876,8.372060397833517,8.770551366512644,9.23001691196812,12,41.7,2.38,4.62,5.97,12,33.3,4.25,5.0,7.78,12,16.7,4.25,6.31,8.22,12,16.7,4.25,6.38,8.93,12,0.0,4.25,6.38,9.15,12,0.0,4.5,6.38,9.15,11,0.0,4.75,8.75,10.25
ROST,Hoch 8,7,2.3668868156600786,3.1807573497652406,3.5933943723076034,5.011959566408539,7.685272889153913,9.325759640168451,10.966246391183,7,14.3,2.75,3.12,4.05,7,0.0,3.5,4.75,6.85,7,0.0,3.5,4.88,7.45,7,0.0,3.5,4.88,7.45,7,0.0,3.5,4.88,7.45,6,0.0,4.0,5.06,8.0,6,0.0,4.0,5.06,8.0
ROST,Hoch 9,4,2.469161753426139,2.472351656712933,4.2253115229733,7.524190647798911,10.308759255188429,11.236948790984933,12.16513832678144,4,25.0,2.25,2.75,3.65,4,25.0,4.0,7.31,10.13,4,25.0,4.0,7.31,10.13,4,25.0,4.0,7.31,10.13,4,0.0,4.0,7.31,10.13,3,0.0,5.75,8.88,10.75,3,0.0,5.75,8.88,10.75
ROST,Hoch 10,2,3.23015679724855,3.9457363314893517,4.661315865730153,5.376895399970955,5.806243120515436,5.949359027363596,6.092474934211757,2,0.0,2.38,2.69,2.88,2,0.0,4.38,5.06,5.47,2,0.0,4.5,5.25,5.7,2,0.0,4.5,5.25,5.7,2,0.0,4.5,5.25,5.7,1,0.0,6.0,6.0,6.0,1,0.0,6.0,6.0,6.0
RTX,alle,557,0.5463003736384284,2.3421895891148212,3.993834081349537,6.533983400057505,10.538718185880366,12.779869478086356,53.83991555487043,557,29.1,2.75,4.5,6.75,557,18.0,3.5,5.5,9.0,557,11.7,3.75,6.5,10.5,554,9.2,4.25,7.0,11.5,550,6.4,4.75,8.25,14.75,542,4.6,5.5,11.25,16.0,533,3.2,6.0,13.5,16.0
RTX,Hoch 1,260,0.5463003736384284,2.3599751184219,3.755956876754343,6.761791500792884,10.663770340615562,12.479724384274444,29.86070995820072,260,28.8,2.75,4.5,7.0,260,17.3,3.5,5.5,9.0,260,10.8,3.62,6.56,10.5,259,9.3,4.0,7.0,11.3,256,7.0,4.5,7.31,14.75,254,5.5,5.0,10.69,16.0,248,4.0,5.75,12.81,16.0
RTX,Hoch 2,123,0.5572041999251779,2.136657064857907,3.8641910929011396,6.050885261815029,10.707637494945049,12.694702370692516,45.03566431639647,123,30.9,2.75,4.25,6.15,123,21.1,3.25,5.5,8.7,123,14.6,3.75,6.0,10.65,122,11.5,4.0,6.25,10.93,121,5.8,4.5,8.0,12.0,119,3.4,5.5,11.25,15.55,117,1.7,5.75,12.5,16.0
RTX,Hoch 3,71,0.9434785408117564,2.482212026267728,4.428479797479167,5.87284300453517,11.003566957431762,14.070744303458753,53.83991555487043,71,26.8,2.75,4.5,5.25,71,16.9,4.25,5.25,9.5,71,8.5,4.25,5.75,11.0,70,5.7,5.0,7.19,11.05,70,4.3,5.25,9.44,15.55,69,2.9,6.5,12.75,16.0,68,1.5,7.12,14.5,16.0
RTX,Hoch 4,42,1.258138753892671,2.455624856903491,5.705388887001808,7.0509361985451555,10.143875662102136,13.028722904397167,44.919530343030154,42,33.3,3.25,5.69,6.9,42,19.0,4.12,6.19,9.87,42,11.9,5.5,6.88,9.92,42,7.1,5.88,8.44,12.92,42,4.8,6.0,10.94,15.95,41,4.9,7.75,15.0,16.0,41,4.9,7.75,16.0,16.0
RTX,Hoch 5,25,0.9628659523800922,2.7398021449045538,5.7119177820874345,7.6708140564322065,9.650615147075907,10.436079932152978,12.745563292066814,25,24.0,2.75,4.0,7.3,25,16.0,3.75,6.0,7.65,25,16.0,5.5,7.5,9.55,25,12.0,5.75,9.25,14.1,25,12.0,6.25,10.5,15.3,24,8.3,6.12,12.56,16.0,24,4.2,6.12,13.38,16.0
RTX,Hoch 6,17,1.5321168923174593,4.2885141299113645,5.067783257470802,6.245685232918316,7.067529849221428,9.911548164766414,21.109199534183897,17,41.2,4.5,5.25,6.4,17,17.6,4.75,5.75,6.85,17,17.6,5.0,6.0,7.0,17,11.8,5.0,6.75,10.6,17,11.8,5.0,7.0,16.0,16,6.2,5.5,7.12,16.0,16,6.2,5.75,7.12,16.0
RTX,Hoch 7,6,1.3693344486047063,1.8173090644381051,2.9586913305490476,4.62933168857832,6.316405264584773,6.9466589926337985,7.576912720682824,6,16.7,2.0,2.5,5.0,6,0.0,2.88,3.44,5.5,6,0.0,2.88,4.56,6.25,6,0.0,2.88,4.56,6.25,6,0.0,2.88,4.56,6.25,6,0.0,5.88,6.94,7.25,6,0.0,6.88,7.38,11.75
RTX,Hoch 8,4,1.287250014555783,1.491624518033429,2.097280587439073,3.7851351340005777,5.855717094967716,6.545911081956759,7.236105068945807,4,0.0,2.0,2.75,3.2,4,0.0,2.0,3.62,5.65,4,0.0,2.0,3.62,5.65,4,0.0,2.0,3.62,5.65,4,0.0,2.0,3.62,5.65,4,0.0,4.75,7.44,8.22,4,0.0,5.62,10.56,13.83
RTX,Hoch 9,3,1.913480673124429,2.0474699796021905,2.181459286079952,5.689659644032805,7.794579858804516,8.496219930395085,9.197860001985656,3,0.0,1.5,3.62,4.9,3,0.0,2.0,5.5,7.6,3,0.0,2.0,5.5,7.6,3,0.0,2.0,5.5,7.6,3,0.0,2.0,5.5,7.6,3,0.0,9.0,9.88,10.4,3,0.0,10.75,13.38,14.95
RTX,Hoch 10,3,2.6069784938286777,2.64046203835725,2.673945582885823,6.6160263700953905,8.981274842421131,9.769690999863045,10.558107157304958,3,33.3,2.0,5.38,7.4,3,33.3,2.5,6.5,8.9,3,33.3,2.5,6.5,8.9,3,33.3,2.5,6.5,8.9,3,0.0,2.5,6.5,8.9,3,0.0,10.5,12.0,12.9,3,0.0,13.5,14.75,15.5
RTX,Hoch 11,1,2.5220138822899543,2.5220138822899543,2.5220138822899543,2.5220138822899543,2.5220138822899543,2.5220138822899543,2.5220138822899543,1,0.0,1.5,1.5,1.5,1,0.0,2.5,2.5,2.5,1,0.0,2.5,2.5,2.5,1,0.0,2.5,2.5,2.5,1,0.0,2.5,2.5,2.5,1,0.0,2.5,2.5,2.5,1,0.0,2.5,2.5,2.5
RTX,Hoch 12,1,4.164198461545831,4.164198461545831,4.164198461545831,4.164198461545831,4.164198461545831,4.164198461545831,4.164198461545831,1,0.0,3.5,3.5,3.5,1,0.0,4.0,4.0,4.0,1,0.0,4.0,4.0,4.0,1,0.0,4.0,4.0,4.0,1,0.0,4.0,4.0,4.0,1,0.0,4.0,4.0,4.0,1,0.0,4.0,4.0,4.0
RTX,Hoch 13,1,5.038723677719868,5.038723677719868,5.038723677719868,5.038723677719868,5.038723677719868,5.038723677719868,5.038723677719868,1,100.0,5.0,5.0,5.0,1,100.0,5.0,5.0,5.0,1,0.0,5.0,5.0,5.0,1,0.0,5.0,5.0,5.0,1,0.0,5.0,5.0,5.0,1,0.0,5.0,5.0,5.0,1,0.0,5.0,5.0,5.0
RWE.DE,alle,476,0.4597731774602844,2.502931111094694,4.671884489751234,7.390198616007521,12.629249776972475,15.146657191305545,30.496005561441095,476,31.9,3.0,4.75,6.5,476,23.7,3.88,6.0,9.25,475,19.8,4.5,7.25,12.5,474,16.7,5.0,8.25,14.25,471,14.2,6.0,11.5,16.0,465,12.3,7.25,13.25,16.0,459,11.8,8.0,15.5,16.0
RWE.DE,Hoch 1,242,0.4597731774602844,2.315147992364123,4.490510628260106,7.634514142079455,13.070402827285,17.700754438065466,26.866864051672245,242,30.2,3.25,4.5,6.5,242,21.1,4.0,6.25,9.0,242,18.6,4.25,7.5,12.95,241,18.3,4.75,8.5,15.5,240,15.0,5.62,10.5,16.0,239,13.4,7.25,13.5,16.0,236,13.1,8.0,16.0,16.0
RWE.DE,Hoch 2,112,0.9798857970467229,2.361516268231303,4.2783870301198235,6.854014005084811,11.99747210475349,13.509376252217846,30.496005561441095,112,34.8,2.88,4.56,6.2,112,28.6,3.5,5.81,10.35,111,20.7,4.25,6.88,12.0,111,12.6,4.5,8.0,12.5,111,11.7,5.75,10.62,14.5,110,10.9,6.38,12.0,16.0,108,10.2,7.38,14.81,16.0
RWE.DE,Hoch 3,56,0.7997160483048545,2.545133596615815,4.1198660486692,8.121881227156685,12.898299972981617,14.81620641501681,15.851778558213317,56,21.4,2.5,4.25,5.88,56,14.3,3.25,5.62,10.12,56,12.5,4.0,7.94,12.75,56,12.5,4.25,10.88,13.5,56,8.9,5.75,12.31,15.25,54,3.7,7.25,12.69,16.0,53,3.8,7.25,14.75,16.0
RWE.DE,Hoch 4,37,0.9270096638576829,3.809983321998791,5.492544386598874,7.992770837404177,13.959003542723375,15.440149186248162,17.40307155060762,37,43.2,3.5,5.25,6.0,37,35.1,5.0,6.25,11.7,37,32.4,5.25,7.75,13.85,37,27.0,5.75,8.0,15.35,36,25.0,6.25,13.94,16.0,35,22.9,7.75,15.62,16.0,35,20.0,8.0,16.0,16.0
RWE.DE,Hoch 5,17,1.1609179369274931,3.9346410257744004,5.039047227140044,6.6337459636340705,7.193175000883089,9.05263672079373,16.394363779024456,17,35.3,3.0,4.75,5.7,17,29.4,4.75,5.5,5.7,17,29.4,5.0,6.5,7.0,17,17.6,5.0,7.0,11.45,16,18.8,5.75,14.12,15.88,15,13.3,7.0,14.5,15.9,15,13.3,8.25,14.5,16.0
RWE.DE,Hoch 6,9,1.745883087966146,6.003695044511562,6.425870489395219,7.186136942136162,7.386723835435094,7.629650052359515,7.872576269283936,9,55.6,5.75,6.0,7.1,9,44.4,6.0,6.0,7.15,9,22.2,6.25,7.0,7.35,9,11.1,7.0,7.75,9.15,9,11.1,7.25,14.5,15.0,9,11.1,7.75,14.5,15.0,9,11.1,8.75,14.75,16.0
RWE.DE,Hoch 7,2,6.723334848281138,6.723730458858735,6.7241260694363305,6.724521680013927,6.724759046360485,6.724838168476005,6.724917290591524,2,0.0,6.5,6.5,6.5,2,0.0,6.5,6.5,6.5,2,0.0,6.5,6.5,6.5,2,0.0,6.5,6.5,6.5,2,0.0,6.5,6.5,6.5,2,0.0,8.88,10.06,10.78,2,0.0,8.88,10.06,10.78
RWE.DE,Hoch 8,1,6.568845021163384,6.568845021163384,6.568845021163384,6.568845021163384,6.568845021163384,6.568845021163384,6.568845021163384,1,100.0,6.5,6.5,6.5,1,0.0,6.5,6.5,6.5,1,0.0,6.5,6.5,6.5,1,0.0,6.5,6.5,6.5,1,0.0,6.5,6.5,6.5,1,0.0,10.75,10.75,10.75,1,0.0,10.75,10.75,10.75
RY,alle,593,0.5823993777848862,2.547576216966378,4.3005784801011515,7.324219172663728,11.326411702981858,13.452529845343303,56.00023831691348,593,28.2,3.0,5.0,7.25,593,18.2,3.75,6.25,9.5,593,12.3,4.25,7.25,11.25,589,9.5,4.75,8.0,12.5,582,6.0,5.38,9.69,15.25,569,3.9,6.25,11.75,16.0,564,2.1,7.75,13.5,16.0
RY,Hoch 1,274,0.6356288274845394,2.3526581153154376,4.203583333360352,6.613252687489216,10.203965565897187,12.313286096221125,33.50722495541336,274,26.6,3.0,4.5,7.0,274,17.9,3.75,5.75,8.68,274,12.0,4.0,6.5,10.18,274,9.1,4.25,7.19,11.43,272,5.9,5.0,8.75,13.73,265,3.8,5.75,10.75,16.0,263,1.5,7.5,12.88,16.0
RY,Hoch 2,138,0.5823993777848862,2.4225072471707163,4.175046928861558,6.606875559845727,11.292321605818396,13.000754745285176,56.00023831691348,138,29.7,3.25,5.0,7.07,138,19.6,4.0,5.75,9.5,138,12.3,4.0,6.5,11.25,138,8.0,4.5,7.0,11.97,136,6.6,5.0,8.38,14.62,133,4.5,6.0,10.5,16.0,132,3.8,7.0,13.31,16.0
RY,Hoch 3,85,0.69239335703365,2.5831158136376287,4.20173536069789,7.297281415100986,10.631623390028459,12.896510696086626,48.886694882149904,85,27.1,3.0,5.5,7.65,85,15.3,3.75,6.5,9.75,85,8.2,4.0,7.25,10.5,85,7.1,4.75,8.25,11.0,83,2.4,6.0,9.38,13.65,82,0.0,6.38,12.38,16.0,80,0.0,8.0,13.88,16.0
RY,Hoch 4,44,0.9859149670659929,2.732486603757807,4.515710722503664,9.598851350420041,12.46255784333034,16.68111940997835,50.39686531999841,44,25.0,3.25,3.88,7.45,44,18.2,3.75,6.81,10.93,44,15.9,4.38,9.44,12.43,44,11.4,4.75,11.88,14.68,43,9.3,7.0,13.25,16.0,42,9.5,6.88,15.38,16.0,42,4.8,7.0,16.0,16.0
RY,Hoch 5,24,1.3314056816404978,2.6344652231332653,5.457116767515297,9.94959258414583,13.675597048006654,15.34657091222654,21.377922616966945,24,37.5,3.0,4.31,6.02,24,16.7,3.62,7.25,9.93,24,12.5,5.38,9.75,13.52,23,13.0,6.25,11.88,15.7,23,8.7,7.0,13.75,16.0,22,9.1,6.62,15.94,16.0,22,4.5,7.12,15.94,16.0
RY,Hoch 6,14,1.4206291773236834,4.328688878612237,5.874969469315878,11.641235385473053,15.624672019506331,16.648242198272918,17.48321323194924,14,28.6,3.88,5.38,7.6,14,14.3,4.5,7.44,9.75,14,7.1,5.75,11.56,15.48,13,7.7,7.75,14.25,16.0,13,0.0,8.0,14.25,16.0,13,0.0,8.75,16.0,16.0,13,0.0,8.75,16.0,16.0
RY,Hoch 7,7,0.896221567453934,5.259080253193195,7.058160382514095,10.667259184803594,15.535749999600199,18.946118265650878,22.356486531701574,7,28.6,3.0,6.38,10.45,7,14.3,6.25,7.38,11.05,7,14.3,7.0,10.5,12.85,6,16.7,8.62,10.62,13.38,6,16.7,10.0,10.62,13.38,6,0.0,10.0,10.62,13.38,6,0.0,10.0,10.62,13.38
RY,Hoch 8,5,2.081734135937281,7.044221692418311,8.527128507561503,10.486637883411033,11.940158098364787,12.424664836682705,12.909171575000624,5,40.0,1.75,4.25,6.35,5,40.0,5.75,7.75,9.55,5,40.0,8.5,10.25,11.75,4,50.0,9.38,10.88,12.0,4,25.0,10.88,11.81,12.38,4,0.0,10.88,11.81,12.38,4,0.0,10.88,11.81,12.38
RY,Hoch 9,1,11.002902414586869,11.002902414586869,11.002902414586869,11.002902414586869,11.002902414586869,11.002902414586869,11.002902414586869,1,100.0,5.75,5.75,5.75,1,100.0,7.0,7.0,7.0,1,100.0,11.0,11.0,11.0,1,100.0,11.0,11.0,11.0,1,0.0,11.0,11.0,11.0,1,0.0,11.0,11.0,11.0,1,0.0,11.0,11.0,11.0
RY,Hoch 10,1,11.46595688153224,11.46595688153224,11.46595688153224,11.46595688153224,11.46595688153224,11.46595688153224,11.46595688153224,1,100.0,7.25,7.25,7.25,1,100.0,7.25,7.25,7.25,1,100.0,11.25,11.25,11.25,1,100.0,11.25,11.25,11.25,1,0.0,11.25,11.25,11.25,1,0.0,11.25,11.25,11.25,1,0.0,11.25,11.25,11.25
SAN,alle,722,0.6810793377073342,2.8148003814842726,4.853912354001601,8.358910450383958,11.889569284864871,14.216222568445025,32.24244474868603,722,28.3,3.25,5.0,7.5,722,20.8,4.25,6.5,10.25,722,16.6,4.75,8.25,11.75,721,14.4,5.25,9.5,14.0,714,12.7,6.25,11.0,16.0,702,11.4,7.5,14.5,16.0,694,10.4,8.88,16.0,16.0
SAN,Hoch 1,365,0.6911768151165568,2.6751578937023304,4.597558949459552,7.915932091549804,11.809797775939224,14.200794148667852,28.119299586173806,365,26.3,3.0,4.75,7.4,365,19.5,3.75,6.0,10.25,365,14.2,4.5,7.75,11.75,365,12.6,5.0,9.25,14.4,363,11.0,6.0,11.0,16.0,358,10.1,7.5,14.19,16.0,355,8.7,9.25,16.0,16.0
SAN,Hoch 2,171,0.793529921500988,2.757385093191404,4.851469153383607,8.552424454565475,11.694981646747928,14.494972100283618,26.761056424006473,171,28.1,3.25,4.75,6.5,171,20.5,4.25,6.5,9.75,171,17.5,4.75,8.38,11.5,170,15.3,5.62,9.0,13.25,169,13.0,6.5,10.5,16.0,167,12.6,7.25,14.5,16.0,166,11.4,8.75,16.0,16.0
SAN,Hoch 3,90,0.6810793377073342,2.89836976742218,5.14380794532815,9.370897718551436,12.358218072487897,15.08354268608447,32.24244474868603,90,28.9,3.62,5.5,7.33,90,20.0,4.25,7.12,10.75,90,17.8,5.0,9.25,12.33,90,15.6,5.25,9.94,12.8,89,12.4,6.25,11.75,16.0,87,10.3,7.75,15.25,16.0,86,9.3,9.75,16.0,16.0
SAN,Hoch 4,50,0.9130459526554878,3.4103636017674024,5.771590538510587,9.245240955551669,11.806400262562525,13.08134846258772,15.998408105553999,50,34.0,3.62,5.94,8.35,50,30.0,5.0,8.19,11.03,50,28.0,5.75,9.06,11.75,50,22.0,6.0,10.19,15.25,49,22.4,7.0,10.25,16.0,48,18.8,7.62,15.38,16.0,48,18.8,8.0,15.81,16.0
SAN,Hoch 5,23,1.495142235344196,3.625901232257311,6.250000812028811,9.668165826906344,11.836195030118171,12.564172697968953,15.544072621605315,23,39.1,4.0,6.62,7.5,23,21.7,4.5,9.25,11.7,23,13.0,6.25,9.62,11.7,23,8.7,6.5,9.62,12.35,22,9.1,7.0,10.25,12.43,21,9.5,6.75,11.5,16.0,20,10.0,9.25,13.94,16.0
SAN,Hoch 6,14,1.6219375349532206,4.553020575724963,5.580520560148729,7.36477853051206,11.448260591729,12.100082990271465,12.663185147381533,14,35.7,4.25,5.5,8.05,14,28.6,5.38,6.12,10.48,14,21.4,5.38,7.19,11.38,14,21.4,5.38,7.25,11.38,13,23.1,5.75,11.0,12.55,12,16.7,5.62,11.19,15.58,11,18.2,6.5,14.25,16.0
SAN,Hoch 7,6,2.0017599828268744,3.64065996921713,5.294095576357959,7.432268150091303,10.601366792151822,11.859798763372014,13.118230734592208,6,16.7,3.25,4.81,5.75,6,0.0,4.12,7.31,8.25,6,0.0,5.12,7.31,10.5,6,0.0,5.12,7.31,10.5,6,0.0,6.62,12.12,13.75,6,0.0,9.75,13.0,14.75,5,0.0,12.75,13.5,15.0
SAN,Hoch 8,3,2.9865923553263984,5.639681701187262,8.292771047048126,11.53326208478375,13.477556707425126,14.12565491497225,14.773753122519375,3,66.7,6.0,8.0,9.2,3,66.7,8.25,11.5,13.45,3,66.7,8.25,11.5,13.45,3,66.7,11.5,13.12,14.1,3,66.7,15.25,15.62,15.85,3,33.3,15.25,15.62,15.85,3,33.3,16.0,16.0,16.0
SAP.DE,alle,583,0.5334425619070949,2.6315714849346596,4.344325250174321,7.048151156431453,11.066937857268982,13.497370968637766,28.674529035209794,583,29.0,3.0,4.5,6.5,583,19.6,3.75,5.75,8.75,583,15.4,4.25,7.0,11.0,579,13.0,4.5,8.25,12.5,575,8.9,5.25,10.38,14.25,568,5.6,6.25,11.75,16.0,561,4.6,7.0,12.5,16.0
SAP.DE,Hoch 1,282,0.5334425619070949,2.6346352071090546,4.303212680868921,7.123342266176964,10.983431874188467,13.427478450603132,21.857761363708896,282,29.8,3.0,4.5,6.75,282,20.6,3.75,5.75,8.73,282,17.0,4.25,7.0,10.75,280,14.3,4.5,8.06,12.02,278,10.4,5.0,9.75,14.25,272,6.6,5.75,11.0,15.75,268,5.2,6.5,11.81,16.0
SAP.DE,Hoch 2,129,0.9244145225615286,2.426429501367911,4.1710502780813075,6.267388264529129,10.884400711980303,13.884071001132684,24.057481668686542,129,24.0,2.75,4.25,5.3,129,16.3,3.75,5.25,7.55,129,12.4,4.0,6.25,10.8,128,9.4,4.25,7.06,11.72,126,4.8,5.0,8.69,13.38,125,1.6,6.0,10.75,14.9,123,1.6,6.25,10.75,15.15
SAP.DE,Hoch 3,76,1.0720475396446458,2.5225673704773097,4.178896068449209,7.354614486978904,12.01181430598913,13.870410769136162,23.715880158109314,76,36.8,3.0,5.0,6.5,76,22.4,4.0,6.56,8.0,76,13.2,4.0,7.25,11.88,75,12.0,4.75,8.75,13.0,75,8.0,5.25,11.25,13.9,75,5.3,7.25,12.0,15.8,74,4.1,7.75,12.25,16.0
SAP.DE,Hoch 4,39,1.3904094307798862,2.7123040826272384,4.523926104060627,7.079614808884342,9.031567762803109,12.757088848325202,28.674529035209794,39,20.5,2.75,4.25,6.05,39,7.7,4.0,6.12,7.15,39,7.7,4.5,6.88,8.85,39,7.7,5.0,9.38,13.45,39,2.6,7.5,11.12,16.0,39,2.6,9.25,13.75,16.0,39,2.6,10.25,15.0,16.0
SAP.DE,Hoch 5,24,1.5231047331160967,3.1546498942579975,5.565501761456996,8.628873917174069,10.964612224765983,11.531483170388844,11.641452329661044,24,37.5,4.0,5.25,6.27,24,29.2,4.88,7.19,9.02,24,29.2,5.5,8.56,10.75,24,20.8,5.5,10.75,11.68,24,16.7,8.25,10.81,12.55,24,12.5,10.88,13.88,16.0,24,8.3,11.0,15.62,16.0
SAP.DE,Hoch 6,12,1.075087470517271,3.2209798437371604,4.745861814435052,9.230140252173904,10.83930000386299,11.544483389019131,12.38930612903825,12,25.0,3.12,5.19,7.85,12,25.0,4.62,6.94,10.43,12,16.7,4.62,9.0,10.72,12,16.7,5.5,11.06,12.22,12,16.7,7.25,11.44,12.22,12,8.3,9.88,12.5,15.73,12,8.3,9.88,16.0,16.0
SAP.DE,Hoch 7,9,2.433397051731065,3.369472246223598,5.118196936422195,5.272730593301796,13.485367921627716,14.271661249329897,15.05795457703208,9,33.3,3.25,4.5,8.35,9,33.3,4.5,5.0,11.8,9,22.2,5.0,5.25,13.4,9,22.2,5.0,13.0,13.6,9,11.1,5.5,13.0,13.6,9,11.1,10.5,13.25,13.9,9,11.1,10.5,13.25,16.0
SAP.DE,Hoch 8,5,2.8190059025795704,3.463714759031898,4.476421563340227,6.067780733327016,6.492339350783722,6.633858889935958,6.775378429088193,5,40.0,3.25,3.75,4.5,5,20.0,3.5,3.75,4.5,5,20.0,4.25,6.0,6.45,5,20.0,6.0,6.75,11.55,5,20.0,6.0,13.0,14.05,5,20.0,13.0,13.5,14.25,5,20.0,13.0,14.75,15.5
SAP.DE,Hoch 9,2,1.4552998490021916,5.494514501157693,9.533729153313194,13.572943805468697,15.996472596761997,16.804315527193097,17.612158457624197,2,50.0,3.25,4.25,4.85,2,50.0,8.62,12.31,14.53,2,50.0,8.62,12.31,14.53,2,50.0,8.62,12.31,14.53,2,50.0,8.62,12.31,14.53,2,50.0,8.62,12.31,14.53,2,50.0,8.62,12.31,14.53
SAP.DE,Hoch 10,1,3.0284120170729243,3.0284120170729243,3.0284120170729243,3.0284120170729243,3.0284120170729243,3.0284120170729243,3.0284120170729243,1,0.0,3.0,3.0,3.0,1,0.0,3.0,3.0,3.0,1,0.0,3.0,3.0,3.0,1,0.0,3.0,3.0,3.0,1,0.0,3.0,3.0,3.0,1,0.0,3.0,3.0,3.0,1,0.0,3.0,3.0,3.0
SAP.DE,Hoch 11,1,1.6118222784656293,1.6118222784656293,1.6118222784656293,1.6118222784656293,1.6118222784656293,1.6118222784656293,1.6118222784656293,1,0.0,1.25,1.25,1.25,1,0.0,1.25,1.25,1.25,1,0.0,1.5,1.5,1.5,1,0.0,1.5,1.5,1.5,1,0.0,1.5,1.5,1.5,1,0.0,1.5,1.5,1.5,1,0.0,1.5,1.5,1.5
SAP.DE,Hoch 12,1,3.6889868783642177,3.6889868783642177,3.6889868783642177,3.6889868783642177,3.6889868783642177,3.6889868783642177,3.6889868783642177,1,0.0,3.0,3.0,3.0,1,0.0,3.0,3.0,3.0,1,0.0,3.5,3.5,3.5,1,0.0,3.5,3.5,3.5,1,0.0,3.5,3.5,3.5,1,0.0,3.5,3.5,3.5,1,0.0,3.5,3.5,3.5
SAP.DE,Hoch 13,1,4.230646083093507,4.230646083093507,4.230646083093507,4.230646083093507,4.230646083093507,4.230646083093507,4.230646083093507,1,0.0,3.0,3.0,3.0,1,0.0,4.0,4.0,4.0,1,0.0,4.0,4.0,4.0,1,0.0,4.0,4.0,4.0,1,0.0,4.0,4.0,4.0,1,0.0,4.0,4.0,4.0,1,0.0,4.0,4.0,4.0
SAP.DE,Hoch 14,1,4.7617640293871855,4.7617640293871855,4.7617640293871855,4.7617640293871855,4.7617640293871855,4.7617640293871855,4.7617640293871855,1,0.0,3.5,3.5,3.5,1,0.0,4.75,4.75,4.75,1,0.0,4.75,4.75,4.75,1,0.0,4.75,4.75,4.75,1,0.0,4.75,4.75,4.75,1,0.0,4.75,4.75,4.75,1,0.0,4.75,4.75,4.75
SB=F,alle,462,0.7964732394280094,2.6894558987623487,4.488290690399021,6.801008653982496,9.06674196047036,11.328341523118908,16.973451055574067,462,36.1,3.0,4.25,6.0,462,24.7,3.75,5.75,7.98,462,20.8,4.25,6.75,9.0,462,18.4,4.75,7.25,10.0,460,14.8,5.25,8.5,10.75,454,12.6,6.25,9.5,12.25,451,10.6,7.5,10.25,14.25
SB=F,Hoch 1,249,0.893618179730675,2.4356156616731615,4.303029752569038,6.266130942584181,8.635227367572858,10.335375163375025,14.238167692871825,249,33.7,2.75,4.0,5.55,249,22.5,3.5,5.25,7.25,249,18.5,4.25,6.25,8.5,249,15.3,4.5,6.75,8.8,248,12.1,5.0,8.0,10.25,244,9.8,6.0,8.81,11.5,241,8.3,6.75,9.75,12.5
SB=F,Hoch 2,109,1.2268367975946695,2.896552476143431,4.633942837851539,6.938777025233863,9.937624847521372,11.888478983970183,16.94570290881512,109,38.5,3.0,4.5,6.0,109,27.5,3.75,6.0,8.1,109,21.1,4.5,6.75,9.9,109,19.3,5.0,7.75,10.65,109,17.4,5.75,8.75,12.0,107,14.0,6.75,10.0,12.8,107,13.1,7.5,11.12,15.45
SB=F,Hoch 3,54,0.7964732394280094,2.9725121388356586,4.394366775505554,7.433799084318838,9.199388357706418,12.259979381477262,16.30651535032189,54,38.9,3.0,3.94,6.0,54,27.8,3.62,6.25,8.03,54,27.8,4.38,7.38,9.03,54,25.9,5.12,8.06,10.35,53,20.8,5.75,9.75,12.0,53,18.9,8.0,10.0,13.85,53,13.2,8.0,10.75,15.45
SB=F,Hoch 4,30,1.2462101384958897,3.188093978726105,4.763349372290596,7.622687145293624,9.927833299149698,13.243398514631563,16.973451055574067,30,40.0,3.25,4.25,6.05,30,26.7,4.25,6.25,8.55,30,26.7,4.62,7.56,9.83,30,26.7,4.88,8.25,12.78,30,20.0,5.0,10.0,14.43,30,20.0,6.75,11.44,16.0,30,16.7,8.75,12.19,16.0
SB=F,Hoch 5,13,2.0184044557078153,4.255505973121295,5.421657036781465,8.537704900809754,10.460948957685467,12.077041904337635,13.785405271300217,13,46.2,4.5,5.25,7.15,13,30.8,4.75,6.0,9.7,13,23.1,5.25,8.5,10.3,13,23.1,5.75,8.5,11.85,13,7.7,5.75,8.5,12.65,13,7.7,6.75,11.25,14.0,13,7.7,10.5,11.25,14.0
SB=F,Hoch 6,5,2.7535110570221875,2.8424728403175594,4.551571489033953,4.757018738361804,5.285145112516301,5.4611872372344665,5.637229361952633,5,20.0,3.0,3.25,4.0,5,0.0,3.25,4.5,5.1,5,0.0,4.5,4.75,5.2,5,0.0,4.5,4.75,5.35,5,0.0,4.5,5.75,6.05,5,0.0,5.75,7.25,10.25,5,0.0,9.25,12.0,12.15
SB=F,Hoch 7,2,4.016950013577746,4.987169071358402,5.9573881291390585,6.927607186919714,7.509738621588108,7.703782433144239,7.89782624470037,2,50.0,5.12,5.69,6.03,2,50.0,5.88,6.81,7.38,2,50.0,5.88,6.81,7.38,2,50.0,6.0,7.0,7.6,2,50.0,6.5,7.75,8.5,2,50.0,7.12,8.69,9.62,2,50.0,8.12,10.19,11.43
SBUX,alle,529,0.5698228024680936,2.2057729501996084,4.096151978597262,7.080726006524616,10.255674553092408,14.577503209920426,36.15499194252441,529,27.6,3.0,4.5,6.25,529,20.2,3.5,5.5,8.25,529,16.3,4.0,7.0,10.05,528,14.8,4.5,8.25,12.25,520,12.3,5.0,9.0,15.25,512,10.2,5.75,11.25,16.0,508,8.5,6.5,13.56,16.0
SBUX,Hoch 1,254,0.7251829015638763,2.161909535383631,4.1054582439012925,7.104373616930709,9.517352673470619,12.96298234128035,21.231740865292437,254,29.5,2.88,4.5,6.25,254,22.0,3.5,5.75,8.0,254,18.5,4.0,7.0,9.43,253,16.6,4.5,7.75,11.4,249,14.1,5.25,9.25,15.25,245,11.8,5.75,11.5,16.0,243,9.5,6.5,13.75,16.0
SBUX,Hoch 2,127,0.883443562167799,2.051216847861489,3.904220474648144,5.672970186474232,8.901416315739732,11.958393863614068,19.52716822242716,127,26.0,2.75,4.5,5.5,127,18.1,3.5,5.0,8.0,127,15.0,3.75,5.62,8.85,127,13.4,4.25,8.0,11.05,124,11.3,4.75,8.5,14.18,122,7.4,5.25,9.69,15.73,121,6.6,5.5,12.0,16.0
SBUX,Hoch 3,67,0.8231287150507757,2.511528750534864,4.548255760002826,6.59509352231562,9.646939396522713,10.831737893512686,15.63584326279854,67,31.3,2.75,4.25,5.8,67,20.9,3.5,5.0,7.2,67,13.4,4.5,6.5,9.55,67,11.9,4.5,7.88,10.75,66,9.1,5.0,8.25,12.5,64,7.8,6.38,10.06,15.93,63,7.9,6.5,12.25,16.0
SBUX,Hoch 4,35,0.5698228024680936,2.1927464204400926,3.919455759072091,7.327270447061674,13.708915433514903,15.199193109355948,18.795932782783666,35,22.9,2.5,3.88,6.3,35,20.0,3.25,4.88,10.1,35,14.3,3.75,7.25,13.6,35,14.3,4.0,8.25,13.6,35,11.4,4.75,9.25,14.85,35,11.4,6.5,12.12,15.7,35,8.6,7.0,13.75,16.0
SBUX,Hoch 5,23,0.9249958786510999,2.211147142864687,4.004274802943795,7.376114945027281,18.29248685313853,20.086590267617932,29.374383026458787,23,17.4,2.75,4.12,6.25,23,8.7,3.0,5.5,7.2,23,4.3,4.0,7.25,15.95,23,4.3,6.25,8.25,15.95,23,4.3,6.75,8.38,15.95,23,4.3,7.5,13.62,16.0,23,4.3,8.25,14.88,16.0
SBUX,Hoch 6,12,1.2126035615965003,3.6914514918942554,6.615600829556888,10.883193191711953,19.257220806589103,26.805231009060726,35.79838166449554,12,16.7,4.12,5.5,6.62,12,16.7,5.88,9.69,15.95,12,16.7,6.5,10.38,16.0,12,16.7,8.38,16.0,16.0,12,16.7,8.38,16.0,16.0,12,16.7,8.38,16.0,16.0,12,16.7,8.38,16.0,16.0
SBUX,Hoch 7,6,3.088431537218866,3.310799336969371,5.78890913053135,9.337965225482975,22.98456279217286,29.569777367348635,36.15499194252441,6,33.3,3.88,5.38,6.12,6,33.3,5.0,7.44,11.88,6,33.3,5.62,9.25,12.88,6,33.3,6.62,12.75,14.88,6,16.7,6.62,12.75,14.88,6,16.7,6.62,12.75,14.88,6,16.7,6.62,12.75,14.88
SBUX,Hoch 8,3,2.773427956359215,3.0763815805459647,3.3793352047327145,19.16828328562039,28.641652134153,31.79944175033053,34.95723136650807,3,0.0,3.25,5.25,6.45,3,0.0,3.25,9.62,13.45,3,0.0,3.25,9.62,13.45,3,0.0,3.25,9.62,13.45,3,0.0,3.25,9.62,13.45,3,0.0,3.25,9.62,13.45,3,0.0,3.25,9.62,13.45
SBUX,Hoch 9,2,3.3077082939484943,9.613573338066853,15.919438382185213,22.225303426303572,26.008822452774588,27.26999546159826,28.53116847042193,2,50.0,5.88,7.19,7.97,2,50.0,9.62,12.81,14.72,2,50.0,9.62,12.81,14.72,2,50.0,9.62,12.81,14.72,2,50.0,9.62,12.81,14.72,2,50.0,9.62,12.81,14.72,2,0.0,9.62,12.81,14.72
SCCO,alle,640,0.7054947215492513,2.355668624065609,4.3255540236661165,7.018126596242567,9.498691408519463,11.464705072731796,30.111620838702443,640,29.2,3.0,4.5,6.5,640,19.7,3.75,6.0,8.0,640,15.9,4.25,7.0,9.28,639,13.6,4.75,7.5,10.8,634,9.8,5.25,8.5,12.75,623,7.1,6.25,10.0,14.95,611,5.7,7.0,11.25,16.0
SCCO,Hoch 1,324,0.7054947215492513,2.3470766644768535,4.126687162189923,6.785554280541996,9.474256844996203,10.796167268130054,30.111620838702443,324,27.8,2.75,4.5,6.0,324,19.4,3.5,5.75,7.75,324,16.4,4.0,6.75,9.25,323,13.0,4.5,7.5,10.25,321,9.3,5.0,8.0,12.25,317,7.3,5.75,9.25,14.6,313,6.1,6.5,10.0,14.75
SCCO,Hoch 2,150,0.8305025087333323,2.3480344673885147,4.084349763311387,7.318274513522738,9.42353488151453,12.794727492260877,21.21003725649804,150,33.3,3.12,4.25,6.52,150,21.3,3.62,6.19,8.27,150,14.0,3.88,7.25,9.25,150,12.7,4.25,7.5,10.75,149,12.1,5.0,8.5,11.8,147,8.2,6.25,10.38,14.2,144,6.2,6.75,11.25,15.75
SCCO,Hoch 3,79,0.8603004741022641,2.790253431198788,4.834317203015208,7.519058302168945,10.0332948384746,11.182025271761278,25.301737761363,79,31.6,3.0,4.75,6.75,79,26.6,4.25,6.25,9.0,79,22.8,4.75,7.38,9.9,79,21.5,5.25,8.38,11.0,78,11.5,6.25,9.69,12.15,77,6.5,7.0,11.0,14.3,75,5.3,7.75,12.0,16.0
SCCO,Hoch 4,40,0.9214498151512555,2.4584522939923352,4.549384456449974,7.565307381757095,8.710017658246043,9.34422444092564,11.657231261322194,40,27.5,3.5,4.25,5.53,40,15.0,4.25,5.75,7.03,40,15.0,4.5,7.38,8.53,40,12.5,4.5,8.56,11.53,39,5.1,5.75,9.75,14.55,39,5.1,6.75,11.25,16.0,37,2.7,8.5,15.0,16.0
SCCO,Hoch 5,23,1.4691779933548907,1.8930117819679815,3.6139820421987303,6.251418758944401,8.626121279475564,9.236848642273637,12.349313496710023,23,13.0,2.5,4.88,6.25,23,0.0,3.25,5.5,6.65,23,0.0,3.5,6.12,8.55,23,0.0,3.75,7.0,12.35,23,0.0,6.25,9.0,14.95,22,0.0,6.88,13.56,15.95,21,0.0,9.75,15.5,16.0
SCCO,Hoch 6,16,1.7285564502995376,2.243862330264061,4.609667265916495,6.92790057745724,10.328767201107167,11.449888612018269,13.492789806739866,16,31.2,3.38,6.56,7.5,16,18.8,4.0,6.56,8.25,16,18.8,4.5,6.75,10.25,16,18.8,5.25,7.25,12.62,16,12.5,6.25,8.38,14.38,15,6.7,6.75,13.0,15.7,15,6.7,10.25,14.75,16.0
SCCO,Hoch 7,6,1.787513764984268,4.159881806698964,4.747498642538235,4.937683054804593,12.072877862374902,15.639429366372205,19.20598087036951,6,50.0,3.88,4.38,7.0,6,16.7,4.5,4.69,7.88,6,16.7,4.62,4.75,10.38,6,16.7,5.25,8.0,12.38,6,16.7,6.62,8.69,12.38,5,20.0,8.75,13.25,14.9,5,20.0,12.75,16.0,16.0
SCCO,Hoch 8,2,1.8835410432554576,2.7645399197526066,3.645538796249755,4.526537672746905,5.055136998645194,5.231336773944624,5.407536549244053,2,0.0,2.0,2.12,2.2,2,0.0,3.5,4.38,4.9,2,0.0,3.5,4.38,4.9,2,0.0,3.5,4.38,4.9,2,0.0,3.5,4.38,4.9,1,0.0,1.75,1.75,1.75,1,0.0,3.25,3.25,3.25
SCHW,alle,584,0.6212865951959147,2.4183079057196393,4.021289240017231,6.855813202097481,10.358149860032267,13.560782280877444,28.83847446768146,584,26.5,2.75,4.5,6.75,584,18.7,3.5,5.75,9.25,584,13.7,3.88,6.75,10.25,582,10.7,4.25,7.5,12.75,575,8.9,5.0,8.75,13.75,566,6.7,6.0,10.5,16.0,562,5.2,7.25,12.0,16.0
SCHW,Hoch 1,287,0.6212865951959147,2.3608340368194276,3.7855990438105698,6.500037075263861,10.476920478173769,14.054536585568632,28.83847446768146,287,22.0,2.75,4.0,6.25,287,15.3,3.25,5.5,9.25,287,10.5,3.75,6.38,10.35,286,8.4,4.0,7.0,12.62,282,7.8,4.25,8.0,13.75,279,5.7,5.5,9.25,15.0,277,4.7,6.75,11.0,15.85
SCHW,Hoch 2,148,0.7686958674470443,2.3463053607276514,4.433604342287372,6.812745749730004,9.832781964988168,13.608953775019055,25.21091384089239,148,31.1,3.0,4.75,6.83,148,20.9,3.75,6.0,9.33,148,16.2,4.25,6.75,9.65,147,13.6,4.5,7.5,13.15,145,11.7,5.0,8.75,14.9,143,9.1,6.0,9.5,15.95,142,7.7,6.88,11.69,16.0
SCHW,Hoch 3,74,1.0841235396778468,2.596992791052792,4.12864720579723,6.879155162775717,9.344163186503717,12.232355812134424,22.638615202897547,74,35.1,2.75,4.75,7.03,74,24.3,3.38,5.88,8.25,74,20.3,4.0,6.69,9.25,74,12.2,4.5,7.44,11.28,73,8.2,5.5,8.5,12.75,72,5.6,7.25,10.12,15.12,71,2.8,7.75,12.38,16.0
SCHW,Hoch 4,37,0.9263773385857486,2.5328345241076367,4.283019455218798,6.143870022801136,8.670800075253092,12.238094186498733,13.574138256235459,37,16.2,3.0,4.0,6.0,37,16.2,3.25,4.75,7.75,37,8.1,4.25,6.0,8.55,37,8.1,4.75,7.75,12.3,37,5.4,5.75,9.0,12.3,36,2.8,6.75,12.12,13.62,36,2.8,7.62,12.75,16.0
SCHW,Hoch 5,21,1.386090053035111,2.770539395505453,4.150090050156954,7.531720846203923,10.114130252623037,10.809738532563394,13.22377028435097,21,28.6,2.5,4.25,6.25,21,14.3,3.5,6.0,8.5,21,14.3,4.0,7.5,10.0,21,9.5,6.75,8.5,10.75,21,9.5,6.75,10.75,13.0,20,10.0,7.75,13.06,16.0,20,5.0,7.75,13.06,16.0
SCHW,Hoch 6,11,2.0316825865012746,3.8648593212704396,5.465620884576057,8.00552846103653,11.471795126849777,12.960334158331708,14.448873189813641,11,45.5,2.75,5.25,6.0,11,45.5,5.0,7.38,9.25,11,36.4,5.25,7.88,11.25,11,27.3,7.25,9.38,11.25,11,9.1,8.0,11.88,14.25,10,10.0,11.88,15.56,16.0,10,10.0,11.88,15.56,16.0
SCHW,Hoch 7,4,3.7011637983353953,5.053722588525979,7.5571967466110355,12.2576319572246,17.023697125890266,18.61238551544548,20.201073905000705,4,25.0,3.75,4.5,4.95,4,25.0,4.5,8.12,12.85,4,0.0,7.5,11.12,14.05,4,0.0,8.38,12.44,14.58,4,0.0,10.25,12.44,14.58,4,0.0,16.0,16.0,16.0,4,0.0,16.0,16.0,16.0
SCHW,Hoch 8,2,10.488054558283348,12.579229478766502,14.670404399249655,16.76157931973281,18.016284272022702,18.43451925611933,18.852754240215962,2,100.0,6.38,7.69,8.47,2,50.0,9.88,12.94,14.78,2,50.0,13.12,14.56,15.43,2,50.0,14.12,15.06,15.62,2,50.0,14.12,15.06,15.62,2,50.0,16.0,16.0,16.0,2,0.0,16.0,16.0,16.0
SHEL,alle,676,0.6300269390343771,2.6709976499933488,4.614538986520678,7.388811873968055,11.439194102512761,14.440622171587961,64.34429024607141,676,26.2,3.0,4.75,7.0,676,17.2,4.0,6.31,9.5,676,12.9,4.5,7.25,11.25,673,11.6,5.0,8.0,13.25,668,7.6,5.5,9.75,15.33,657,6.1,6.0,11.25,16.0,646,5.6,6.25,12.25,16.0
SHEL,Hoch 1,339,0.6300269390343771,2.6698915336174007,4.403309460602826,7.210138309499955,11.370935773924714,15.338080464657162,43.66504276506966,339,24.5,3.0,4.62,6.5,339,16.2,4.0,6.12,9.25,339,12.1,4.25,7.0,11.25,337,11.9,4.5,8.0,12.75,335,8.1,5.25,9.5,14.75,333,6.6,5.75,10.75,16.0,326,6.7,5.75,11.5,16.0
SHEL,Hoch 2,165,0.8530210577402872,2.667378856158313,4.833369887254472,7.683950034923775,11.267333594541814,13.48569469962751,55.44776438540756,165,28.5,3.25,4.75,7.5,165,17.6,4.25,6.5,9.5,165,12.7,4.75,7.5,11.15,164,9.1,4.88,8.0,11.93,162,6.2,5.75,9.69,14.18,159,5.0,6.0,11.25,16.0,155,3.9,6.0,11.88,16.0
SHEL,Hoch 3,80,1.0022137019800523,2.731812608763605,5.133861363151226,7.541777473570741,12.375037382797403,14.401448001381338,64.34429024607141,80,27.5,3.25,5.25,7.53,80,17.5,4.25,7.0,10.25,80,16.2,5.0,7.5,12.35,80,15.0,5.25,7.75,14.0,80,11.2,6.12,10.56,15.25,77,9.1,7.0,11.75,16.0,77,6.5,7.5,12.75,16.0
SHEL,Hoch 4,46,1.0703047236318732,2.684308357953679,4.967293551593258,7.446606233574084,13.17061118440141,14.521435200457034,62.39016816586281,46,23.9,3.12,5.5,7.62,46,17.4,4.38,7.19,11.12,46,15.2,4.75,7.25,13.0,46,13.0,5.88,9.38,14.88,46,6.5,6.75,12.44,16.0,44,4.5,7.5,13.25,16.0,44,4.5,7.88,13.69,16.0
SHEL,Hoch 5,25,1.1690372656769235,2.676787350827176,4.257306680745943,6.682180253528022,9.407917143834784,11.911709333110913,15.065765926352624,25,28.0,3.0,5.0,6.2,25,20.0,3.25,5.5,8.25,25,8.0,4.25,6.5,9.2,25,8.0,5.25,8.25,13.9,25,4.0,5.25,12.25,16.0,24,0.0,6.5,12.94,16.0,24,0.0,6.75,13.19,16.0
SHEL,Hoch 6,11,1.2115055499987792,2.8873191276813652,4.567101491698231,6.941762986608138,9.18708116696975,9.446825779059914,9.70657039115008,11,27.3,3.0,5.0,6.5,11,27.3,3.75,6.12,7.0,11,18.2,4.5,6.75,9.0,11,18.2,4.5,8.0,9.5,10,0.0,4.38,6.88,9.7,10,0.0,5.38,8.5,11.72,10,0.0,5.62,10.69,12.85
SHEL,Hoch 7,6,1.1243973962768625,3.9528428383121934,5.658566952110152,6.555926336776362,6.641964889236981,6.680837135230608,6.719709381224236,6,33.3,3.5,4.81,5.75,6,0.0,4.62,6.06,6.5,6,0.0,5.62,6.5,6.5,6,0.0,5.62,6.5,11.25,6,0.0,5.88,6.5,11.25,6,0.0,5.88,10.81,14.12,6,0.0,8.75,12.25,14.12
SHEL,Hoch 8,3,1.9472558935906015,4.611008226955336,7.27476056032007,9.415333121902252,10.699676658851562,11.127791171167997,11.555905683484434,3,66.7,4.0,5.62,6.6,3,66.7,5.0,6.12,6.8,3,33.3,7.25,9.38,10.65,3,33.3,7.25,11.62,14.25,3,33.3,7.25,11.62,14.25,3,33.3,7.25,11.62,14.25,3,33.3,7.25,11.62,14.25
SHEL,Hoch 9,1,2.074481626003148,2.074481626003148,2.074481626003148,2.074481626003148,2.074481626003148,2.074481626003148,2.074481626003148,1,0.0,2.0,2.0,2.0,1,0.0,2.0,2.0,2.0,1,0.0,2.0,2.0,2.0,1,0.0,2.0,2.0,2.0,1,0.0,2.0,2.0,2.0,1,0.0,2.0,2.0,2.0,1,0.0,2.0,2.0,2.0
SHL.DE,alle,228,0.5640997317728389,2.609416837549724,4.668177823018933,7.88691943144419,11.146693147890373,13.508274424999,23.862258024488685,228,36.0,3.12,4.75,7.08,228,25.4,4.0,6.75,9.58,228,21.5,4.5,7.75,11.0,224,17.4,5.38,8.25,12.18,215,14.4,6.25,9.25,13.5,209,9.6,7.75,11.25,15.05,202,7.4,8.25,12.75,16.0
SHL.DE,Hoch 1,108,0.5868847299121802,2.994541932367945,4.487536389709215,7.161180079025888,10.552271344326847,13.234616228521066,22.638792127243676,108,34.3,3.25,5.0,6.57,108,26.9,4.12,6.75,9.9,108,22.2,4.38,7.0,10.5,106,17.0,5.38,7.75,10.75,100,15.0,6.5,9.0,12.75,96,10.4,7.88,10.75,14.5,92,8.7,8.75,12.06,15.45
SHL.DE,Hoch 2,51,0.5867257732181065,3.2889508183659935,5.694074451786947,7.912094423634382,9.001741998509878,11.703638529518908,23.862258024488685,51,37.3,3.25,5.38,7.25,51,21.6,4.0,7.25,8.75,51,19.6,5.5,7.75,9.0,50,12.0,6.0,8.19,11.33,47,10.6,6.5,9.12,14.7,47,6.4,8.25,12.62,15.1,45,4.4,8.25,13.0,15.7
SHL.DE,Hoch 3,28,0.6145118251357867,2.1129893920439335,5.751665760630093,9.667518633984255,10.871437445138966,11.815131115011066,13.703173329908479,28,42.9,2.75,4.31,7.65,28,28.6,3.25,7.38,9.57,28,25.0,5.62,9.56,10.8,27,25.9,7.75,10.0,11.75,27,14.8,8.5,10.62,12.75,27,11.1,9.0,12.88,15.25,26,3.8,9.12,14.44,16.0
SHL.DE,Hoch 4,15,0.9400467027021466,1.8820448812048145,4.483731021222154,11.675403115089633,13.298888900663275,13.7873256321608,14.829460752807622,15,33.3,2.25,4.5,5.35,15,20.0,2.25,6.0,8.35,15,13.3,4.25,11.5,13.15,15,13.3,4.25,12.62,15.5,15,13.3,5.5,13.88,15.7,14,14.3,5.12,13.0,15.63,14,14.3,7.12,14.38,16.0
SHL.DE,Hoch 5,10,0.5640997317728389,2.2090779892936365,3.5183667460474206,4.956076953972366,14.291974553529464,15.555245885567066,16.818517217604672,10,20.0,2.5,3.75,5.25,10,20.0,2.75,4.38,12.2,10,20.0,3.5,4.88,14.2,10,20.0,3.5,4.88,14.2,10,20.0,4.12,6.25,14.2,9,11.1,5.25,6.25,8.2,9,11.1,6.0,6.75,12.6
SHL.DE,Hoch 6,7,0.7324527816431275,1.8488984715959718,4.39505994865667,5.985343190453159,9.408823815940277,11.288573583832672,13.168323351725077,7,28.6,4.0,4.62,5.0,7,14.3,4.25,5.38,8.65,7,14.3,4.25,5.88,9.25,7,14.3,4.25,6.75,9.25,7,14.3,5.0,6.88,9.4,7,14.3,6.75,7.12,9.7,7,14.3,7.5,12.25,14.35
SHL.DE,Hoch 7,4,2.288959222896752,2.800591675245997,3.76724450646119,4.935363043242133,5.604980784670029,5.8281866984793265,6.051392612288626,4,25.0,2.5,3.38,4.5,4,25.0,3.62,4.88,5.55,4,25.0,3.62,4.88,5.55,4,25.0,4.12,4.94,5.73,4,25.0,4.75,5.38,6.05,4,0.0,5.75,7.0,7.9,4,0.0,9.12,13.38,13.6
SHL.DE,Hoch 8,3,1.538079039415286,4.002539983892959,6.467000928370631,6.5410476289414845,6.585475649283998,6.600284989398168,6.615094329512339,3,66.7,4.25,4.75,5.05,3,66.7,4.75,5.5,5.95,3,33.3,6.25,6.38,6.45,3,33.3,6.25,7.5,8.25,3,33.3,6.25,7.5,8.25,3,0.0,8.75,9.62,10.15,3,0.0,8.75,12.12,14.15
SHL.DE,Hoch 9,1,5.275233049340829,5.275233049340829,5.275233049340829,5.275233049340829,5.275233049340829,5.275233049340829,5.275233049340829,1,100.0,5.25,5.25,5.25,1,100.0,5.25,5.25,5.25,1,100.0,5.25,5.25,5.25,1,100.0,5.25,5.25,5.25,1,0.0,5.25,5.25,5.25,1,0.0,5.25,5.25,5.25,1,0.0,5.25,5.25,5.25
SHL.DE,Hoch 10,1,4.812136238542372,4.812136238542372,4.812136238542372,4.812136238542372,4.812136238542372,4.812136238542372,4.812136238542372,1,100.0,4.75,4.75,4.75,1,0.0,4.75,4.75,4.75,1,0.0,4.75,4.75,4.75,1,0.0,4.75,4.75,4.75,1,0.0,4.75,4.75,4.75,1,0.0,4.75,4.75,4.75,1,0.0,4.75,4.75,4.75
SHOP,alle,318,0.7182041853704597,2.6647446289378593,4.145762455586957,5.956320785577108,9.523830741090604,11.180341844181816,17.0372878705177,318,23.3,3.0,4.25,6.58,318,15.7,3.75,5.25,8.5,318,11.3,4.0,5.75,9.5,317,8.8,4.25,6.75,9.85,311,5.8,4.5,7.75,11.0,305,3.6,4.5,8.0,11.65,298,2.7,4.5,8.44,12.08
SHOP,Hoch 1,146,0.8024271831302207,2.394984173882053,3.9881221590094045,5.865891090155953,8.729937097411103,10.366928299444643,13.14942009524995,146,24.0,2.75,4.0,6.25,146,17.1,3.25,5.0,8.0,146,13.0,3.88,5.75,8.62,146,9.6,4.0,6.44,9.5,142,6.3,4.25,7.19,10.25,138,4.3,4.25,7.75,11.82,135,4.4,4.25,8.25,12.8
SHOP,Hoch 2,82,0.7182041853704597,2.963411945136842,4.155253229150484,5.90640683943761,9.785162535602211,11.403550645840875,16.997064120555365,82,20.7,3.0,4.38,6.7,82,13.4,3.88,5.19,7.5,82,9.8,4.0,5.75,9.73,81,8.6,4.25,6.75,10.25,80,7.5,4.62,7.81,10.8,78,3.8,4.5,8.19,11.25,76,1.3,4.62,8.5,11.25
SHOP,Hoch 3,47,1.391225288342066,2.733964009294086,5.1098575385029825,6.0230633147596695,9.631714559924447,10.37090831185619,17.0372878705177,47,25.5,3.25,4.75,6.85,47,12.8,4.0,5.75,8.35,47,10.6,5.0,5.88,9.6,47,8.5,5.0,5.88,9.85,46,4.3,5.25,7.19,11.12,46,2.2,5.25,7.62,12.0,45,2.2,5.25,7.75,12.75
SHOP,Hoch 4,21,1.3903463215400784,3.12218945844657,4.116580835410046,5.9639666367908095,8.631721905002886,9.324076999307666,9.90344331023414,21,23.8,3.5,4.0,5.75,21,19.0,3.5,5.5,8.25,21,14.3,4.0,5.75,8.5,21,9.5,4.25,5.75,8.5,21,4.8,4.25,7.0,9.25,21,4.8,4.25,7.0,9.25,20,0.0,4.38,7.25,9.58
SHOP,Hoch 5,12,1.7747122168919875,3.6662091861972828,4.247769772195999,5.300277358186273,8.591397821682516,9.58600770504817,10.394741168416092,12,16.7,2.5,4.0,4.9,12,8.3,4.0,4.81,8.38,12,0.0,4.12,5.12,8.43,12,0.0,4.12,5.12,8.43,12,0.0,4.62,5.81,8.55,12,0.0,4.62,6.19,8.55,12,0.0,4.62,6.19,8.55
SHOP,Hoch 6,7,2.3536496504829296,3.263954209313137,4.885529121392686,8.898271653786985,11.168155083176899,12.267125039965352,13.366094996753814,7,28.6,3.0,6.38,8.6,7,28.6,4.75,8.75,11.0,7,14.3,4.75,8.75,11.0,7,14.3,4.75,8.75,11.0,7,0.0,4.75,8.75,11.0,7,0.0,4.75,8.75,11.0,7,0.0,4.75,8.75,11.0
SHOP,Hoch 7,1,11.830748257405048,11.830748257405048,11.830748257405048,11.830748257405048,11.830748257405048,11.830748257405048,11.830748257405048,1,0.0,4.0,4.0,4.0,1,0.0,11.75,11.75,11.75,1,0.0,11.75,11.75,11.75,1,0.0,11.75,11.75,11.75,1,0.0,11.75,11.75,11.75,1,0.0,11.75,11.75,11.75,1,0.0,11.75,11.75,11.75
SHOP,Hoch 8,1,11.358602207465038,11.358602207465038,11.358602207465038,11.358602207465038,11.358602207465038,11.358602207465038,11.358602207465038,1,0.0,4.5,4.5,4.5,1,0.0,11.25,11.25,11.25,1,0.0,11.25,11.25,11.25,1,0.0,11.25,11.25,11.25,1,0.0,11.25,11.25,11.25,1,0.0,11.25,11.25,11.25,1,0.0,11.25,11.25,11.25
SHOP,Hoch 9,1,12.28299958365854,12.28299958365854,12.28299958365854,12.28299958365854,12.28299958365854,12.28299958365854,12.28299958365854,1,100.0,12.0,12.0,12.0,1,100.0,12.25,12.25,12.25,1,0.0,12.25,12.25,12.25,1,0.0,12.25,12.25,12.25,1,0.0,12.25,12.25,12.25,1,0.0,12.25,12.25,12.25,1,0.0,12.25,12.25,12.25
SHW,alle,515,0.6061838502748792,2.1798395807364934,3.6555518488342185,6.099790996870749,9.451478024528315,12.030980239090628,33.402670584895674,515,27.4,2.75,4.25,6.25,515,16.3,3.25,5.25,8.4,515,12.8,3.5,6.0,9.25,512,9.4,4.0,6.75,9.98,505,5.3,4.75,8.25,12.15,497,3.0,5.0,9.5,14.75,490,2.4,5.38,10.25,15.53
SHW,Hoch 1,233,0.6732813278717587,2.252752699550542,3.6577013317329334,5.724007052405138,8.921636216519902,11.205014614458209,31.2059554198317,233,26.6,2.75,4.25,5.95,233,15.9,3.25,5.0,7.5,233,13.3,3.5,5.5,8.75,231,10.8,3.75,6.25,9.5,226,6.2,4.62,7.5,12.0,222,4.5,5.0,9.25,13.98,217,4.1,5.0,9.75,15.35
SHW,Hoch 2,121,0.8165275678694335,1.9774160482908296,3.4406239381927537,5.81699899337382,8.531228791926196,11.239176660838744,21.235617117575813,121,29.8,2.5,4.25,5.75,121,18.2,3.0,5.0,7.75,121,11.6,3.25,5.75,8.5,120,5.8,3.62,6.25,9.5,118,4.2,4.5,8.25,12.0,116,3.4,5.0,9.75,14.75,114,1.8,5.38,10.0,15.6
SHW,Hoch 3,63,0.6061838502748792,1.8907371666883614,3.251888806619116,6.796556081902272,10.009312230617237,13.192055089660611,14.75358100827546,63,23.8,2.25,4.0,7.55,63,14.3,2.5,5.38,8.15,63,12.7,3.25,6.75,9.9,63,9.5,3.5,7.38,10.7,63,6.3,4.5,8.88,12.4,61,1.6,4.75,9.25,13.25,61,1.6,5.0,10.25,14.0
SHW,Hoch 4,39,0.7804876885170862,2.064195810036754,3.641100527293679,6.246576461512828,9.015643049231146,10.14685650338748,16.989006859153672,39,23.1,2.5,3.88,4.8,39,7.7,3.0,4.5,7.6,39,7.7,3.5,6.12,8.95,39,5.1,3.75,7.5,9.75,39,2.6,4.25,8.62,10.35,39,0.0,5.5,9.0,16.0,39,0.0,6.0,9.62,16.0
SHW,Hoch 5,26,1.1569155942284752,2.9521003550066602,4.897292515979679,7.898689058549782,10.085058859031907,14.329068684658644,16.322945661295023,26,34.6,3.38,5.19,6.88,26,23.1,4.25,7.5,9.88,26,15.4,4.88,7.75,9.88,26,11.5,5.0,8.38,13.0,26,7.7,6.75,8.44,13.38,26,0.0,7.38,10.69,15.75,26,0.0,7.38,11.38,16.0
SHW,Hoch 6,12,0.8659667340805253,2.7144108409563596,3.694325192846413,9.174922618162817,17.462895032840635,23.813053266951588,30.530945488272355,12,25.0,2.62,5.5,8.5,12,16.7,2.75,9.0,15.38,12,8.3,3.5,9.0,15.38,12,8.3,6.12,9.0,15.38,12,0.0,6.12,11.31,16.0,12,0.0,8.88,13.56,16.0,12,0.0,8.88,13.56,16.0
SHW,Hoch 7,8,1.4368245829920596,2.8723206855043,4.907642310307313,12.295714726917193,24.517305220703314,28.95998790279949,33.402670584895674,8,50.0,3.38,4.88,8.77,8,50.0,4.75,8.69,16.0,8,50.0,4.75,10.94,16.0,8,37.5,4.75,10.94,16.0,8,12.5,5.75,10.94,16.0,8,0.0,7.12,11.88,16.0,8,0.0,7.12,11.88,16.0
SHW,Hoch 8,4,1.543727181642787,2.5509835973932007,3.5420964562890305,4.808396516579285,5.908087328539498,6.274650932526234,6.641214536512972,4,25.0,3.38,4.62,5.75,4,0.0,3.38,4.62,5.75,4,0.0,3.38,4.62,5.75,4,0.0,3.62,4.62,5.75,4,0.0,5.25,6.62,6.85,4,0.0,5.25,6.62,6.85,4,0.0,5.25,6.88,7.55
SHW,Hoch 9,3,2.87247809584896,3.7104186699865314,4.548359244124103,4.630334186530744,4.67951915197473,4.695914140456058,4.712309128937386,3,33.3,2.75,3.62,4.15,3,0.0,2.75,3.62,4.15,3,0.0,4.5,4.5,4.5,3,0.0,4.5,4.75,4.9,3,0.0,4.5,6.5,7.7,3,0.0,4.5,6.5,7.7,3,0.0,4.5,7.12,8.7
SHW,Hoch 10,2,3.5700866033540373,3.907581195990999,4.24507578862796,4.582570381264922,4.785067136847099,4.852566055374491,4.920064973901884,2,0.0,2.88,3.19,3.38,2,0.0,4.12,4.44,4.62,2,0.0,4.12,4.44,4.62,2,0.0,4.38,4.81,5.08,2,0.0,5.5,6.5,7.1,2,0.0,5.5,6.5,7.1,2,0.0,6.0,7.25,8.0
SHW,Hoch 11,2,4.166583794303569,4.5014702853956425,4.836356776487716,5.17124326757979,5.372175162235034,5.439152460453449,5.506129758671864,2,0.0,2.5,3.25,3.7,2,0.0,4.75,5.12,5.35,2,0.0,4.75,5.12,5.35,2,0.0,5.88,6.81,7.38,2,0.0,6.12,7.19,7.83,2,0.0,6.12,7.19,7.83,2,0.0,6.62,7.94,8.72
SHW,Hoch 12,1,10.194479667125757,10.194479667125757,10.194479667125757,10.194479667125757,10.194479667125757,10.194479667125757,10.194479667125757,1,0.0,9.5,9.5,9.5,1,0.0,9.5,9.5,9.5,1,0.0,10.0,10.0,10.0,1,0.0,13.5,13.5,13.5,1,0.0,13.5,13.5,13.5,1,0.0,13.5,13.5,13.5,1,0.0,14.5,14.5,14.5
SHW,Hoch 13,1,11.61765524075236,11.61765524075236,11.61765524075236,11.61765524075236,11.61765524075236,11.61765524075236,11.61765524075236,1,100.0,9.0,9.0,9.0,1,100.0,9.0,9.0,9.0,1,100.0,11.5,11.5,11.5,1,100.0,12.0,12.0,12.0,1,0.0,12.0,12.0,12.0,1,0.0,12.0,12.0,12.0,1,0.0,13.0,13.0,13.0
SI=F,alle,567,0.20468017141266154,3.035674675934115,5.515961122376157,9.143415449417043,12.86571249558217,18.435171106171847,42.93300079049309,567,27.9,3.5,6.0,8.75,567,19.2,4.5,8.0,10.75,567,15.3,5.5,9.0,12.75,565,12.7,6.0,10.0,14.25,558,9.3,7.0,11.5,16.0,546,7.9,8.25,13.44,16.0,538,7.2,9.75,16.0,16.0
SI=F,Hoch 1,275,0.20468017141266154,2.749004222684991,5.052904714549158,8.216211301974269,12.730711789197281,20.7001935408077,33.90065326450418,275,24.0,3.25,5.5,7.75,275,17.8,4.25,7.25,10.75,275,14.2,5.0,8.0,12.65,273,11.4,5.5,9.25,14.9,271,10.0,6.5,11.5,16.0,266,7.9,7.25,12.69,16.0,265,7.5,9.5,16.0,16.0
SI=F,Hoch 2,142,0.4012014385766821,3.315994599056766,5.793333171050927,9.358626443535346,12.586502987207588,16.678098575902577,42.93300079049309,142,33.1,3.88,6.5,8.75,142,19.0,4.75,8.0,10.5,142,14.8,5.62,9.25,12.45,142,12.7,6.75,10.0,14.48,140,5.7,7.62,12.0,16.0,138,5.1,8.88,14.75,16.0,137,4.4,10.25,16.0,16.0
SI=F,Hoch 3,71,1.082535622327269,3.1255463249999247,5.168831674356658,9.856002932807025,13.416675243117547,18.592405927777122,33.5860779889993,71,29.6,3.0,5.88,9.25,71,19.7,4.5,8.25,10.5,71,16.9,5.0,9.75,13.25,71,14.1,6.25,10.12,13.25,70,8.6,8.0,11.0,16.0,70,8.6,9.25,13.19,16.0,69,7.2,9.75,15.0,16.0
SI=F,Hoch 4,39,0.4388002897206436,4.465333131941747,6.972481964444891,9.719516000340974,11.943086614681926,14.475933143588218,16.086931572493942,39,33.3,4.0,7.62,9.75,39,23.1,6.0,8.75,10.55,39,15.4,6.75,9.5,11.9,39,15.4,8.0,10.5,12.3,38,15.8,8.75,11.38,15.83,38,15.8,9.38,12.5,16.0,37,13.5,10.75,13.25,16.0
SI=F,Hoch 5,22,0.9700558759368678,4.109798038760201,6.579709116542446,10.378619958479153,12.3517024801861,15.837929654575797,18.33269143052693,22,36.4,3.75,6.44,10.25,22,31.8,6.0,10.12,10.98,22,31.8,6.38,10.25,12.33,22,22.7,6.38,10.25,13.4,21,14.3,7.0,10.75,16.0,21,14.3,10.0,12.5,16.0,20,15.0,10.5,14.81,16.0
SI=F,Hoch 6,8,2.5573791564710797,2.970226306556449,4.5434466296345555,8.875576739032601,9.641232737236258,9.682657098427082,9.724081459617905,8,0.0,3.62,5.0,6.87,8,0.0,3.88,8.31,8.8,8,0.0,4.38,8.75,9.5,8,0.0,4.38,8.75,9.5,8,0.0,4.88,9.19,12.0,7,0.0,4.75,11.12,14.65,6,0.0,11.12,15.44,16.0
SI=F,Hoch 7,4,2.1777333792409017,4.708677264169235,7.179468403532608,9.334398669507372,10.284415428364873,10.601087681317372,10.917759934269874,4,25.0,6.12,8.88,10.0,4,25.0,6.38,9.25,10.15,4,0.0,7.12,9.25,10.15,4,0.0,7.12,9.25,10.15,4,0.0,7.62,10.56,13.83,3,0.0,8.75,12.38,14.55,2,0.0,12.38,14.19,15.28
SI=F,Hoch 8,3,3.8923499326930604,4.888628120682127,5.884906308671194,9.1724192274519,11.144926978720322,11.802429562476464,12.459932146232605,3,0.0,4.5,8.38,10.7,3,0.0,5.75,9.0,10.95,3,0.0,5.75,9.0,10.95,3,0.0,5.75,9.0,10.95,3,0.0,6.75,11.38,14.15,2,0.0,9.88,12.94,14.78,1,0.0,16.0,16.0,16.0
SI=F,Hoch 9,2,9.126791804380709,10.079180804903096,11.031569805425484,11.983958805947873,12.555392206261306,12.745870006365783,12.93634780647026,2,50.0,10.25,11.5,12.25,2,50.0,10.88,11.81,12.38,2,50.0,10.88,11.81,12.38,2,50.0,11.62,12.94,13.72,2,50.0,13.0,14.5,15.4,1,0.0,16.0,16.0,16.0,1,0.0,16.0,16.0,16.0
SI=F,Hoch 10,1,7.914632858661925,7.914632858661925,7.914632858661925,7.914632858661925,7.914632858661925,7.914632858661925,7.914632858661925,1,100.0,6.75,6.75,6.75,1,100.0,7.75,7.75,7.75,1,100.0,7.75,7.75,7.75,1,100.0,7.75,7.75,7.75,1,100.0,8.5,8.5,8.5,0,,,,,0,,,,
SIE.DE,alle,569,0.5244929598214846,2.61673985127598,4.1141489777849225,6.725338184517552,10.796948073079834,13.55838299872461,31.374983117881477,569,27.2,3.0,4.75,6.75,569,16.0,3.75,5.5,8.8,568,12.3,4.0,6.5,10.75,565,10.1,4.5,7.75,11.9,560,7.7,5.0,9.5,14.0,552,6.2,6.5,11.0,16.0,545,5.7,7.0,12.5,16.0
SIE.DE,Hoch 1,281,0.7688540404773502,2.561676911566774,3.813495249058475,6.7407420366501425,10.57793623366687,13.664877346466062,26.540311502309166,281,27.8,3.0,4.5,6.75,281,16.4,3.5,5.5,9.0,281,13.2,3.75,6.5,10.5,279,10.0,4.0,7.62,11.75,277,8.3,4.75,9.25,13.25,273,7.7,6.5,10.5,16.0,271,7.0,7.0,12.0,16.0
SIE.DE,Hoch 2,131,0.8843105582314695,2.5776335872634473,4.210442324634949,6.807369288546122,10.481084345806533,12.424214836869066,31.374983117881477,131,25.2,3.0,4.38,6.0,131,13.0,3.75,5.25,8.25,130,9.2,4.12,6.69,10.33,129,9.3,4.5,8.0,11.25,128,7.0,5.0,9.5,13.82,127,4.7,6.0,11.0,16.0,125,4.0,7.0,12.5,16.0
SIE.DE,Hoch 3,75,0.5244929598214846,2.7252747158845763,4.373020398131066,6.855767191637987,10.729707132727139,13.923017206645827,18.376959439075247,75,30.7,2.75,5.0,7.0,75,21.3,4.0,6.5,9.65,75,16.0,4.25,6.75,10.55,75,10.7,5.25,7.62,13.45,74,5.4,6.0,11.38,15.93,74,4.1,7.88,13.38,16.0,72,4.2,8.88,14.0,16.0
SIE.DE,Hoch 4,40,1.9312567818135444,3.054517962691449,4.0927033682537015,5.537424322730829,8.843525343570315,12.36426615116448,19.90844585112323,40,25.0,3.0,4.31,5.28,40,15.0,3.5,4.81,7.15,40,10.0,4.0,5.38,8.8,40,10.0,4.38,6.56,11.55,39,5.1,4.5,9.5,14.95,39,5.1,6.25,10.12,16.0,38,5.3,6.38,11.38,16.0
SIE.DE,Hoch 5,19,1.5686934188385846,3.5896703458934356,5.5089374659844434,9.53889000980264,12.008641188056147,13.271335117864057,20.02752624988235,19,26.3,4.0,5.0,6.15,19,21.1,4.75,7.25,11.05,19,21.1,5.5,9.5,11.9,19,21.1,5.5,11.38,14.0,19,21.1,5.5,12.62,15.4,18,11.1,6.38,14.06,16.0,18,11.1,6.38,14.06,16.0
SIE.DE,Hoch 6,10,0.9259244246173886,2.481082223372194,4.894999382169319,6.868967757403484,11.92822339501263,12.096422527893504,12.26462166077438,10,40.0,4.0,4.81,6.55,10,20.0,4.25,6.06,8.77,10,10.0,4.75,6.69,11.8,10,10.0,4.75,6.69,11.92,10,10.0,5.62,7.25,12.17,9,0.0,5.5,7.25,9.0,9,0.0,5.75,7.25,14.4
SIE.DE,Hoch 7,6,1.9556297152782334,2.5976347772635116,3.5178616447867475,4.751879947609822,8.283272999158172,9.866847328915052,11.450421658671933,6,16.7,3.38,4.62,5.88,6,0.0,3.38,4.62,8.12,6,0.0,3.38,4.62,8.12,6,0.0,3.38,4.62,8.12,6,0.0,4.25,8.38,10.38,5,0.0,6.0,6.5,8.3,5,0.0,6.0,9.5,12.2
SIE.DE,Hoch 8,3,2.7476648662973124,3.707172232284428,4.666679598271544,4.940517959548723,5.104820976315032,5.159588648570467,5.214356320825903,3,33.3,2.5,3.75,4.5,3,0.0,2.5,3.75,4.5,3,0.0,4.5,4.75,4.9,3,0.0,4.5,4.75,4.9,3,0.0,5.0,7.25,8.6,3,0.0,7.25,8.38,9.05,3,0.0,9.5,11.75,13.1
SIE.DE,Hoch 9,2,5.018873768512476,5.25846739015155,5.4980610117906235,5.737654633429697,5.881410806413141,5.929329530740956,5.977248255068771,2,0.0,3.0,3.0,3.0,2,0.0,3.0,3.0,3.0,2,0.0,5.38,5.56,5.67,2,0.0,7.5,8.25,8.7,2,0.0,8.62,9.94,10.72,2,0.0,9.75,10.5,10.95,2,0.0,14.0,14.12,14.2
SIE.DE,Hoch 10,2,5.19777025315485,5.487512867731053,5.777255482307256,6.0669980968834585,6.24084366562918,6.298792188544421,6.356740711459661,2,0.0,3.12,3.19,3.23,2,0.0,3.5,3.75,3.9,2,0.0,5.62,5.94,6.12,2,0.0,8.0,8.88,9.4,2,0.0,8.62,9.81,10.53,2,0.0,9.88,10.44,10.78,2,0.0,14.12,14.44,14.62
SMFG,alle,611,0.5419271906043126,2.7565866137318205,4.780482238322067,8.001855862425858,11.759995188153814,14.379519465997635,39.6667010142433,611,27.7,3.25,5.0,7.0,611,19.1,4.0,6.75,9.75,610,15.2,4.75,7.94,11.75,607,13.2,5.25,8.88,12.6,599,11.7,6.5,10.5,16.0,591,9.3,7.5,13.0,16.0,587,7.5,8.75,14.75,16.0
SMFG,Hoch 1,313,0.5419271906043126,2.6178866239312835,4.3016771264960205,7.515153436103308,11.733025548291529,14.962201149711934,37.80008880764663,313,27.5,3.0,4.75,6.95,313,18.2,3.75,6.0,9.7,312,13.8,4.25,7.5,11.5,312,11.5,4.75,8.0,12.5,310,11.3,5.62,10.25,15.03,307,9.4,7.0,12.5,16.0,307,7.5,8.25,14.0,16.0
SMFG,Hoch 2,137,0.6596925795236613,2.93022872023101,5.073397910623298,8.192587525736863,11.639911896223301,14.198501068058235,28.325607202450758,137,29.9,3.25,5.25,7.1,137,24.1,4.25,6.75,9.5,137,19.7,5.0,8.0,11.5,137,16.8,5.5,9.0,12.45,135,15.6,6.75,10.38,15.8,134,11.9,7.75,13.06,16.0,134,10.4,9.25,14.75,16.0
SMFG,Hoch 3,72,0.9655163955662112,2.7262698466025936,5.690599239051723,8.160767100310682,11.919169720842977,13.652773547278192,17.41983530034495,72,31.9,4.25,5.75,7.75,72,19.4,4.88,7.56,10.47,72,15.3,5.5,8.06,11.72,72,13.9,6.25,10.0,12.2,70,10.0,7.88,11.5,16.0,70,5.7,8.5,13.69,16.0,70,5.7,9.88,16.0,16.0
SMFG,Hoch 4,36,0.7656298952037089,2.857192974545854,4.44816486056914,8.0581062670553,12.92962139052625,13.364263079120759,20.461498469311707,36,22.2,3.25,5.06,10.25,36,16.7,3.88,7.38,10.75,36,16.7,4.25,7.88,12.75,36,16.7,5.75,10.38,13.12,35,8.6,7.25,12.75,16.0,35,8.6,7.75,14.12,16.0,34,2.9,9.38,16.0,16.0
SMFG,Hoch 5,18,1.316831094191871,3.378334090646014,5.3008066203222475,7.546459720416798,9.322777028413116,11.266522403134118,14.344247097650152,18,16.7,3.38,5.81,7.83,18,11.1,4.0,6.38,8.4,18,11.1,5.12,7.38,9.1,18,11.1,6.0,9.88,13.38,17,11.8,7.0,11.75,16.0,17,5.9,7.0,14.25,16.0,16,0.0,9.75,15.06,16.0
SMFG,Hoch 6,11,1.348618994846656,2.280890273353611,4.388054166871426,8.276924270742374,10.880431341663588,25.273566177953445,39.6667010142433,11,9.1,3.0,4.25,4.75,11,0.0,4.25,5.38,5.75,11,0.0,4.25,8.12,10.75,10,0.0,5.0,9.31,11.5,10,0.0,6.5,12.25,16.0,10,0.0,9.0,14.75,16.0,9,0.0,10.75,16.0,16.0
SMFG,Hoch 7,8,1.4672432928885863,2.6920978240252746,4.4539855597964655,7.257268937092308,16.867959623851064,27.970361151318357,39.07276267878568,8,25.0,3.75,4.81,5.22,8,12.5,4.25,7.06,8.3,8,12.5,4.25,7.06,9.87,7,14.3,5.75,7.12,10.75,7,14.3,6.75,7.12,10.75,7,14.3,7.0,10.5,14.35,6,16.7,8.0,13.5,15.5
SMFG,Hoch 8,6,3.5185171729465354,4.374032240962677,5.270677947407408,5.8966460765393585,7.063358513284193,7.626023961355153,8.188689409426113,6,33.3,3.0,4.25,5.25,6,33.3,4.88,5.75,6.88,6,16.7,5.25,5.75,6.88,5,20.0,5.75,6.0,7.2,5,0.0,7.0,7.25,7.7,4,0.0,7.62,8.0,8.0,4,0.0,7.62,8.31,8.88
SMFG,Hoch 9,4,5.99199332957008,6.041859840204264,7.109954694952677,8.659363580136679,9.55564874130125,9.854410461689438,10.153172182077629,4,25.0,3.25,3.56,4.12,4,0.0,5.88,6.44,7.23,4,0.0,7.0,8.5,9.4,4,0.0,7.88,8.5,9.4,4,0.0,8.38,9.06,9.62,3,0.0,9.75,9.88,9.95,3,0.0,10.0,10.5,10.8
SMFG,Hoch 10,3,6.953178400001787,7.093816656346146,7.234454912690504,8.595569040465291,9.412237517130164,9.68446034268512,9.956683168240078,3,33.3,5.25,6.12,6.65,3,33.3,6.75,6.88,6.95,3,33.3,7.0,8.38,9.2,3,33.3,9.5,9.62,9.7,3,33.3,9.5,9.62,9.7,2,50.0,10.0,10.12,10.2,2,50.0,10.5,10.88,11.1
SMFG,Hoch 11,2,9.704750229114468,9.742379330651897,9.780008432189327,9.817637533726757,9.840214994649212,9.8477408149567,9.855266635264185,2,50.0,5.62,7.56,8.72,2,50.0,5.62,7.56,8.72,2,50.0,9.62,9.69,9.72,2,0.0,9.62,9.69,9.72,2,0.0,9.62,9.69,9.72,1,0.0,9.75,9.75,9.75,1,0.0,9.75,9.75,9.75
SMFG,Hoch 12,1,10.499989231569756,10.499989231569756,10.499989231569756,10.499989231569756,10.499989231569756,10.499989231569756,10.499989231569756,1,0.0,3.5,3.5,3.5,1,0.0,10.25,10.25,10.25,1,0.0,10.25,10.25,10.25,1,0.0,10.25,10.25,10.25,1,0.0,10.25,10.25,10.25,1,0.0,10.25,10.25,10.25,1,0.0,10.25,10.25,10.25
SNDK,alle,28,0.7723012563470083,1.4402214918761334,2.482794899290143,4.729064792321686,7.223796706432502,7.42734002161895,7.848514989825027,28,25.0,2.12,3.62,5.4,28,14.3,2.12,4.0,7.08,28,10.7,2.38,4.69,7.08,24,4.2,1.88,3.81,5.02,19,0.0,2.0,3.5,4.1,15,0.0,2.0,2.88,4.3,6,0.0,2.88,3.81,5.5
SNDK,Hoch 1,7,1.1384072254244697,1.3236331675232618,1.4985150935953706,4.397717273060251,6.730970661175204,7.0780860958142835,7.425201530453366,7,14.3,1.25,2.75,4.2,7,14.3,1.25,4.38,6.65,7,14.3,1.25,4.38,6.65,5,0.0,1.25,1.25,2.0,4,0.0,1.25,1.56,2.12,3,0.0,1.25,1.88,2.25,1,0.0,2.5,2.5,2.5
SNDK,Hoch 2,7,1.3609125427922193,1.5534076966377632,2.06325705457113,5.263363288322035,7.253884818713204,7.34118816778758,7.428491516861957,7,28.6,2.0,4.25,5.95,7,14.3,2.0,5.12,7.1,7,14.3,2.0,5.12,7.1,6,16.7,1.75,2.94,5.12,5,0.0,2.0,3.25,5.5,4,0.0,2.62,4.19,5.88,2,0.0,5.12,6.06,6.62
SNDK,Hoch 3,4,1.3953776265634725,3.229096240129593,3.9876246186694564,5.063313841971717,6.7344345306837035,7.2914747602543635,7.848514989825027,4,75.0,3.75,4.44,5.23,4,50.0,3.88,4.94,6.63,4,25.0,3.88,4.94,6.63,3,0.0,3.75,3.88,3.95,2,0.0,3.88,3.94,3.98,1,0.0,4.0,4.0,4.0,1,0.0,4.0,4.0,4.0
SNDK,Hoch 4,3,1.3596366537238216,2.751684189261663,4.143731724799504,4.7367222550398775,5.092516573184103,5.211114679232177,5.329712785280252,3,0.0,1.75,2.88,3.55,3,0.0,1.75,2.88,3.55,3,0.0,4.0,4.62,5.0,3,0.0,4.0,4.62,5.0,2,0.0,2.62,3.31,3.73,1,0.0,1.25,1.25,1.25,1,0.0,1.25,1.25,1.25
SNDK,Hoch 5,2,2.706822874419209,3.4812138104224477,4.255604746425686,5.0299956824289245,5.494630244030868,5.649508431231515,5.804386618432163,2,0.0,2.75,2.88,2.95,2,0.0,2.75,2.88,2.95,2,0.0,4.12,4.94,5.42,2,0.0,4.12,4.94,5.42,1,0.0,2.5,2.5,2.5,1,0.0,2.5,2.5,2.5,1,0.0,2.5,2.5,2.5
SNDK,Hoch 6,1,2.4383053341162118,2.4383053341162118,2.4383053341162118,2.4383053341162118,2.4383053341162118,2.4383053341162118,2.4383053341162118,1,0.0,2.25,2.25,2.25,1,0.0,2.25,2.25,2.25,1,0.0,2.25,2.25,2.25,1,0.0,2.25,2.25,2.25,1,0.0,2.25,2.25,2.25,1,0.0,2.25,2.25,2.25,0,,,,
SNDK,Hoch 7,1,0.7723012563470083,0.7723012563470083,0.7723012563470083,0.7723012563470083,0.7723012563470083,0.7723012563470083,0.7723012563470083,1,0.0,0.75,0.75,0.75,1,0.0,0.75,0.75,0.75,1,0.0,0.75,0.75,0.75,1,0.0,0.75,0.75,0.75,1,0.0,0.75,0.75,0.75,1,0.0,0.75,0.75,0.75,0,,,,
SNDK,Hoch 8,1,1.926288608419575,1.926288608419575,1.926288608419575,1.926288608419575,1.926288608419575,1.926288608419575,1.926288608419575,1,0.0,1.75,1.75,1.75,1,0.0,1.75,1.75,1.75,1,0.0,1.75,1.75,1.75,1,0.0,1.75,1.75,1.75,1,0.0,1.75,1.75,1.75,1,0.0,1.75,1.75,1.75,0,,,,
SNDK,Hoch 9,1,1.8133010461511219,1.8133010461511219,1.8133010461511219,1.8133010461511219,1.8133010461511219,1.8133010461511219,1.8133010461511219,1,0.0,1.75,1.75,1.75,1,0.0,1.75,1.75,1.75,1,0.0,1.75,1.75,1.75,1,0.0,1.75,1.75,1.75,1,0.0,1.75,1.75,1.75,1,0.0,1.75,1.75,1.75,0,,,,
SNDK,Hoch 10,1,4.52884879466883,4.52884879466883,4.52884879466883,4.52884879466883,4.52884879466883,4.52884879466883,4.52884879466883,1,100.0,4.5,4.5,4.5,1,0.0,4.5,4.5,4.5,1,0.0,4.5,4.5,4.5,1,0.0,4.5,4.5,4.5,1,0.0,4.5,4.5,4.5,1,0.0,4.5,4.5,4.5,0,,,,
SNOW,alle,160,0.7996306110007907,3.0084943361856937,5.206975870693784,7.4060887577189884,9.98411697781459,12.994500886797379,17.968786401330167,160,35.0,3.5,5.0,6.75,160,26.2,4.5,6.31,8.25,160,21.2,5.0,7.25,9.75,159,17.0,5.25,8.25,11.0,152,13.2,5.75,10.31,14.23,146,9.6,7.75,11.75,16.0,140,9.3,8.5,13.62,16.0
SNOW,Hoch 1,80,0.9685363876230784,2.8678712913696187,4.856541118395163,6.709037297422126,8.247073120393207,8.707137049959355,12.972053065607453,80,35.0,3.0,4.75,5.53,80,31.2,4.25,5.75,7.28,80,23.8,4.75,6.56,8.03,80,17.5,5.25,7.38,10.0,77,15.6,5.5,8.25,11.6,74,10.8,6.0,9.19,12.35,71,9.9,7.0,9.88,15.5
SNOW,Hoch 2,35,0.9877577857296395,2.720918277010122,5.079190798326063,7.097275936954506,9.074177709717958,11.256522892928494,17.968786401330167,35,40.0,3.75,5.0,6.8,35,28.6,4.5,5.62,8.05,35,22.9,5.0,7.0,9.0,35,20.0,5.0,7.88,10.9,33,12.1,5.5,9.75,13.5,30,10.0,8.12,10.75,13.75,29,10.3,8.75,11.5,16.0
SNOW,Hoch 3,18,0.7996306110007907,2.572618937296422,4.1840620118832685,5.332329460850363,8.172293939737798,8.852466765128733,12.053928124950103,18,27.8,3.5,4.25,5.93,18,5.6,3.5,4.44,8.07,18,5.6,4.12,5.25,8.07,18,5.6,4.25,6.56,8.85,17,5.9,5.5,8.25,12.6,17,5.9,8.0,15.0,16.0,17,5.9,11.25,15.5,16.0
SNOW,Hoch 4,10,0.9507937811398831,4.0185503586017,6.3142804792523854,9.399377847190879,10.456478977034635,12.549120290422941,14.641761603811254,10,10.0,3.38,5.31,6.87,10,0.0,4.0,6.31,7.15,10,0.0,6.25,9.19,10.22,10,0.0,7.62,10.12,11.37,9,0.0,11.5,14.75,15.4,9,0.0,14.25,14.75,16.0,8,0.0,14.12,15.06,16.0
SNOW,Hoch 5,8,3.9327805173256123,4.501423459128008,10.066139846163463,13.69472276501871,14.546457074265616,14.582150637076285,14.617844199886957,8,37.5,5.25,6.06,7.37,8,25.0,7.5,9.06,10.0,8,25.0,10.0,13.56,14.5,7,28.6,10.0,14.12,15.25,7,14.3,13.25,14.75,16.0,7,0.0,13.5,15.75,16.0,6,0.0,13.75,15.12,15.75
SNOW,Hoch 6,5,5.337771828880352,5.503263800031415,9.143755670454432,10.717742320925357,13.052911865859882,13.831301714171389,14.609691562482897,5,40.0,6.75,6.75,6.9,5,40.0,8.25,10.25,10.4,5,40.0,9.0,10.5,12.9,5,20.0,10.5,11.0,14.0,5,0.0,10.5,13.5,15.0,5,0.0,12.0,13.5,15.0,5,0.0,13.5,16.0,16.0
SNOW,Hoch 7,3,6.929933004284319,8.675191168081094,10.420449331877869,12.926501474180641,14.430132759562305,14.93134318802286,15.432553616483414,3,100.0,8.75,8.75,8.75,3,66.7,9.5,11.0,11.9,3,66.7,10.25,12.75,14.25,3,66.7,12.25,14.12,15.25,3,66.7,14.25,15.12,15.65,3,66.7,14.5,15.25,15.7,3,66.7,16.0,16.0,16.0
SNOW,Hoch 8,1,6.660424182973102,6.660424182973102,6.660424182973102,6.660424182973102,6.660424182973102,6.660424182973102,6.660424182973102,1,0.0,6.0,6.0,6.0,1,0.0,6.5,6.5,6.5,1,0.0,6.5,6.5,6.5,1,0.0,6.5,6.5,6.5,1,0.0,6.5,6.5,6.5,1,0.0,16.0,16.0,16.0,1,0.0,16.0,16.0,16.0
SNPS,alle,523,0.7264106581191865,2.2232932602549944,4.105693246967294,6.8149062382043475,10.498974759252286,12.885435171663417,19.378591284123505,523,24.7,2.75,4.25,6.5,523,16.1,3.25,5.5,8.5,523,11.3,4.0,6.75,10.45,521,9.6,4.25,7.25,11.5,515,6.4,4.75,8.38,12.75,510,3.9,5.5,9.75,14.0,505,2.4,6.0,10.5,14.9
SNPS,Hoch 1,243,0.8473049990688964,2.111426011457482,4.138916493270013,6.479294964496139,9.445114327126461,11.152813751769903,17.352258476786314,243,24.7,2.75,4.25,6.45,243,16.0,3.25,5.5,7.95,243,11.5,4.0,6.25,9.25,241,10.0,4.25,6.75,10.0,239,6.7,4.5,7.25,11.05,236,3.8,5.25,8.75,12.88,233,2.1,5.75,9.25,13.25
SNPS,Hoch 2,129,0.9348537460167761,2.2602840396799557,3.894168274240024,6.320876030651061,10.093003286179702,12.015380533555652,19.378591284123505,129,24.8,2.75,4.5,6.3,129,15.5,3.25,5.0,8.3,129,10.9,3.75,6.25,10.05,129,7.8,4.25,7.5,10.6,128,3.9,4.75,8.56,12.22,126,2.4,5.0,9.5,13.0,125,1.6,5.5,10.5,13.5
SNPS,Hoch 3,66,1.0835596877918898,2.3417887457146938,3.99924595025638,7.067323709782929,11.385033438815555,14.571165944076768,17.809894221627943,66,22.7,2.5,3.94,6.25,66,16.7,3.38,5.0,9.38,66,12.1,3.88,6.88,11.25,66,10.6,4.5,8.0,13.75,65,9.2,5.5,10.5,14.45,65,6.2,6.25,12.0,14.55,64,3.1,8.12,12.75,14.93
SNPS,Hoch 4,41,1.1203810039201247,2.64476321437622,4.840803583972027,8.075249227738784,11.744270960422975,15.527474099032494,18.837021950667573,41,34.1,2.75,4.0,8.0,41,24.4,3.5,6.5,11.5,41,17.1,4.75,8.0,11.5,41,17.1,5.5,8.5,13.25,40,12.5,5.62,11.75,14.1,40,10.0,7.0,13.25,16.0,40,7.5,7.88,14.06,16.0
SNPS,Hoch 5,23,0.7400355884238123,3.1835738222788903,4.998201741175599,8.043897186804369,10.61090592169694,11.82255852922583,17.90226539884772,23,26.1,3.5,4.62,6.4,23,13.0,3.5,6.12,7.0,23,4.3,4.75,7.88,10.5,23,4.3,5.0,9.25,11.65,22,4.5,4.88,9.69,14.08,22,0.0,5.62,12.5,14.93,22,0.0,5.88,12.5,14.93
SNPS,Hoch 6,12,0.7264106581191865,2.064993703312567,3.7445425074269725,7.97440226355984,11.392730227608782,12.153426211781115,13.004958159714725,12,8.3,3.0,3.56,5.55,12,0.0,3.5,6.31,9.58,12,0.0,3.62,7.94,11.2,12,0.0,4.75,10.19,11.2,12,0.0,4.75,11.56,14.68,12,0.0,4.75,14.44,15.97,12,0.0,5.62,14.5,16.0
SNPS,Hoch 7,5,2.6033255121493477,2.892654532288247,8.317543119280396,11.755008168886524,13.739802403794096,14.40140048209662,15.062998560399144,5,20.0,3.25,8.25,8.25,5,20.0,8.25,8.25,10.35,5,20.0,8.25,11.75,13.7,5,20.0,8.25,11.75,13.7,5,0.0,8.25,11.75,13.7,5,0.0,8.25,15.75,15.9,5,0.0,8.25,16.0,16.0
SNPS,Hoch 8,2,2.215825528880675,2.451837813276328,2.687850097671981,2.923862382067634,3.065469752705026,3.1126722095841566,3.159874666463287,2,0.0,2.0,2.25,2.4,2,0.0,2.5,2.75,2.9,2,0.0,2.5,2.75,2.9,2,0.0,3.88,4.31,4.58,2,0.0,4.75,5.62,6.15,2,0.0,4.75,5.62,6.15,2,0.0,6.62,6.69,6.72
SNPS,Hoch 9,1,3.3632747171636947,3.3632747171636947,3.3632747171636947,3.3632747171636947,3.3632747171636947,3.3632747171636947,3.3632747171636947,1,0.0,1.5,1.5,1.5,1,0.0,2.25,2.25,2.25,1,0.0,3.25,3.25,3.25,1,0.0,4.75,4.75,4.75,1,0.0,6.5,6.5,6.5,1,0.0,6.5,6.5,6.5,1,0.0,6.5,6.5,6.5
SNPS,Hoch 10,1,4.971882257477825,4.971882257477825,4.971882257477825,4.971882257477825,4.971882257477825,4.971882257477825,4.971882257477825,1,0.0,1.75,1.75,1.75,1,0.0,2.25,2.25,2.25,1,0.0,4.75,4.75,4.75,1,0.0,4.75,4.75,4.75,1,0.0,6.5,6.5,6.5,1,0.0,6.5,6.5,6.5,1,0.0,6.5,6.5,6.5
SNY,alle,700,0.6113574396298468,2.7674723717790486,4.7891610647190115,7.532855504294047,12.13604200287103,14.769591617370285,27.7657922584455,700,26.0,3.0,5.0,7.0,700,18.6,4.0,6.25,9.5,700,14.4,4.75,7.5,12.0,698,12.6,5.25,8.25,13.25,690,9.7,6.0,10.0,15.25,681,6.6,7.25,12.5,16.0,677,4.3,8.0,13.25,16.0
SNY,Hoch 1,329,0.7144487554484238,2.438627597874984,4.246513535292886,6.687222488070426,11.658872139962062,14.082290134556558,26.448811702533074,329,24.9,2.75,4.5,7.0,329,17.3,3.75,5.75,9.35,329,14.9,4.0,6.5,11.5,327,13.8,4.75,8.0,12.75,321,10.6,5.25,9.5,13.5,315,6.7,6.5,11.5,15.25,312,4.5,7.0,12.5,15.75
SNY,Hoch 2,175,0.6113574396298468,3.0582047613395433,4.778063373268166,7.789784889803576,12.709277728004901,14.490005472421508,27.7657922584455,175,29.7,3.25,5.0,7.25,175,20.0,4.0,6.25,9.25,175,11.4,4.75,7.75,12.65,175,8.6,5.0,8.0,13.25,173,6.4,5.75,10.0,15.25,171,3.5,6.75,12.75,16.0,170,2.4,7.75,13.94,16.0
SNY,Hoch 3,87,0.7337950754200818,3.5094827356872944,5.713003723990687,8.214003802832943,11.953967953511562,16.667726104730395,20.299095423405554,87,27.6,3.0,5.38,6.75,87,20.7,4.5,6.62,9.7,87,16.1,5.5,8.12,11.8,87,14.9,6.0,9.38,15.1,87,11.5,6.75,12.12,16.0,86,8.1,8.12,14.25,16.0,86,4.7,8.5,15.81,16.0
SNY,Hoch 4,47,0.7924379528632345,3.561396451779699,5.789089601608537,8.721439308542129,12.35722087705303,14.136344903937957,17.980621230181274,47,19.1,3.25,4.62,7.85,47,17.0,4.75,6.88,9.35,47,14.9,5.75,8.62,12.25,47,14.9,5.75,10.5,13.6,47,10.6,6.75,11.38,16.0,47,8.5,8.75,13.75,16.0,47,4.3,10.25,15.25,16.0
SNY,Hoch 5,29,1.281962320172414,3.8896870589740438,5.128587847947101,7.562430664816434,9.55703096054205,12.194123814067526,20.784560663475517,29,20.7,2.75,4.75,6.05,29,17.2,3.75,6.25,9.35,29,17.2,5.0,7.5,9.35,29,10.3,5.5,8.0,11.5,29,6.9,6.75,10.5,15.0,29,6.9,8.25,13.25,16.0,29,3.4,9.0,14.75,16.0
SNY,Hoch 6,17,1.8076315045233127,3.6981146186724905,5.558625655957762,7.930529344565777,11.612939774644508,16.044975395399156,21.16062594992874,17,23.5,2.75,5.25,8.2,17,17.6,5.0,7.5,10.4,17,11.8,5.5,7.75,11.6,17,11.8,6.5,8.0,12.0,17,11.8,8.0,10.75,15.85,17,11.8,9.75,15.0,16.0,17,11.8,9.75,15.0,16.0
SNY,Hoch 7,9,2.184500218720338,6.286880178690326,6.426663006677383,7.621935077608464,12.107784012694667,12.395247209183642,12.68271040567262,9,44.4,6.25,6.5,8.1,9,44.4,6.25,7.5,11.9,9,44.4,6.25,7.5,11.9,9,33.3,7.0,9.5,11.9,9,33.3,7.5,12.75,14.0,9,33.3,10.5,15.0,16.0,9,22.2,10.5,15.0,16.0
SNY,Hoch 8,3,3.8153669305956925,3.836996708895731,3.8586264871957696,6.10690096864136,7.455865657508714,7.905520553797832,8.35517545008695,3,33.3,2.75,5.5,7.15,3,0.0,2.75,5.5,7.15,3,0.0,3.75,6.0,7.35,3,0.0,4.0,6.12,7.4,3,0.0,7.25,7.75,8.05,3,0.0,7.25,7.75,8.05,3,0.0,7.25,7.75,8.05
SNY,Hoch 9,1,3.8919598702855205,3.8919598702855205,3.8919598702855205,3.8919598702855205,3.8919598702855205,3.8919598702855205,3.8919598702855205,1,0.0,2.25,2.25,2.25,1,0.0,3.75,3.75,3.75,1,0.0,3.75,3.75,3.75,1,0.0,3.75,3.75,3.75,1,0.0,6.25,6.25,6.25,1,0.0,6.25,6.25,6.25,1,0.0,6.25,6.25,6.25
SNY,Hoch 10,1,4.0843288602455585,4.0843288602455585,4.0843288602455585,4.0843288602455585,4.0843288602455585,4.0843288602455585,4.0843288602455585,1,0.0,1.25,1.25,1.25,1,0.0,4.0,4.0,4.0,1,0.0,4.0,4.0,4.0,1,0.0,6.0,6.0,6.0,1,0.0,6.0,6.0,6.0,1,0.0,6.0,6.0,6.0,1,0.0,6.0,6.0,6.0
SNY,Hoch 11,1,5.258792913720088,5.258792913720088,5.258792913720088,5.258792913720088,5.258792913720088,5.258792913720088,5.258792913720088,1,0.0,2.25,2.25,2.25,1,0.0,5.25,5.25,5.25,1,0.0,5.25,5.25,5.25,1,0.0,7.25,7.25,7.25,1,0.0,7.25,7.25,7.25,1,0.0,7.25,7.25,7.25,1,0.0,7.25,7.25,7.25
SNY,Hoch 12,1,5.352171577726489,5.352171577726489,5.352171577726489,5.352171577726489,5.352171577726489,5.352171577726489,5.352171577726489,1,0.0,2.5,2.5,2.5,1,0.0,5.25,5.25,5.25,1,0.0,5.25,5.25,5.25,1,0.0,7.5,7.5,7.5,1,0.0,7.5,7.5,7.5,1,0.0,7.5,7.5,7.5,1,0.0,7.5,7.5,7.5
SO,alle,517,0.7081022636434862,2.2942357325465355,3.9182419066035976,6.266032468504509,9.206689857179779,11.370202392500858,33.61229470572884,517,27.7,2.75,4.0,6.0,517,19.5,3.25,5.5,7.85,517,13.7,3.75,6.25,9.1,512,9.4,4.0,6.75,10.0,505,6.1,4.5,7.75,11.25,497,4.6,5.25,8.25,13.2,491,3.3,5.5,9.25,14.0
SO,Hoch 1,230,0.7081022636434862,1.9787464163505908,3.587477755230124,5.495768125042736,8.494083256156395,10.090410850185974,23.86587154286676,230,29.6,2.62,4.0,5.5,230,17.8,3.25,5.0,7.02,230,10.4,3.5,5.44,8.27,229,7.4,4.0,6.25,9.75,224,6.2,4.0,6.81,10.6,223,4.5,4.75,7.5,11.9,218,1.8,4.75,7.75,12.0
SO,Hoch 2,121,0.8531081820740143,2.506396392836197,3.8705421412351413,5.875400190325302,9.473558964593627,11.661556039761926,33.61229470572884,121,25.6,2.5,4.25,6.25,121,20.7,3.0,5.5,8.0,121,16.5,3.75,5.75,9.25,119,12.6,4.25,6.5,10.3,117,6.0,4.5,7.75,11.35,115,3.5,5.25,8.38,12.9,115,3.5,5.5,8.75,13.4
SO,Hoch 3,67,0.9178220580571881,2.5260947961918565,3.8964861190532933,6.040361145975018,8.68530345606924,10.79559582636284,17.625951203186958,67,22.4,2.75,3.75,5.35,67,14.9,3.25,4.75,7.2,67,11.9,3.75,6.0,8.6,66,7.6,3.88,6.62,9.12,66,3.0,4.75,7.19,9.75,64,3.1,5.12,8.25,11.13,64,3.1,5.25,8.75,11.68
SO,Hoch 4,40,1.3074588246964562,2.3580441506874115,4.546386964829397,6.912226366226806,8.107892453186826,11.733900064126624,17.633322796610603,40,22.5,2.25,4.06,6.1,40,20.0,3.25,6.0,7.55,40,12.5,4.5,6.81,8.05,39,7.7,5.25,7.25,8.7,39,7.7,5.5,8.88,11.3,37,8.1,6.0,9.5,14.3,37,5.4,6.0,9.75,15.25
SO,Hoch 5,26,1.2584955398022957,2.6842791702988356,4.361191792370865,7.628225592232722,10.822918086639186,11.495063032345197,17.289807580999256,26,34.6,2.75,4.19,6.0,26,30.8,3.5,5.69,8.25,26,23.1,4.25,7.56,10.62,26,15.4,5.12,7.75,10.75,26,7.7,6.62,10.44,11.5,25,8.0,6.75,10.5,14.5,25,8.0,6.75,10.5,14.5
SO,Hoch 6,17,2.00975636008787,3.418447928619603,5.237457539409535,7.297138823107229,10.840824587995177,11.164898816476656,11.972191373574104,17,41.2,3.5,5.0,6.3,17,29.4,4.0,7.25,9.7,17,23.5,5.0,7.25,10.75,17,11.8,6.0,7.25,10.75,17,5.9,7.25,10.75,12.65,17,0.0,7.25,10.75,12.65,16,0.0,7.25,9.62,12.5
SO,Hoch 7,6,3.023318154029637,7.305525003514125,7.768062931894812,9.572159313681457,10.692771710108694,11.005892502319824,11.319013294530953,6,50.0,4.5,5.94,6.62,6,50.0,7.62,8.38,9.88,6,50.0,7.62,9.5,10.62,6,16.7,8.0,9.5,10.88,6,16.7,8.0,11.19,13.12,6,16.7,8.0,11.19,13.12,6,16.7,10.12,13.56,14.62
SO,Hoch 8,3,2.3616151494530153,5.282237356380319,8.202859563307623,10.031680919416747,11.128973733082221,11.494738004304045,11.86050227552587,3,0.0,3.25,6.25,8.05,3,0.0,4.25,8.0,10.25,3,0.0,8.0,9.88,11.0,3,0.0,8.0,10.12,11.4,3,0.0,8.0,11.0,12.8,3,0.0,8.0,11.0,12.8,3,0.0,14.0,14.12,14.2
SO,Hoch 9,2,1.6310741504891835,4.4799449532269024,7.328815755964622,10.17768655870234,11.887009040344973,12.456783200892517,13.02655736144006,2,50.0,6.38,8.81,10.28,2,50.0,7.25,10.12,11.85,2,50.0,7.25,10.12,11.85,2,50.0,7.5,10.5,12.3,2,50.0,8.38,11.81,13.88,2,50.0,8.38,11.81,13.88,2,50.0,15.5,15.62,15.7
SO,Hoch 10,1,1.7835605069536953,1.7835605069536953,1.7835605069536953,1.7835605069536953,1.7835605069536953,1.7835605069536953,1.7835605069536953,1,0.0,1.75,1.75,1.75,1,0.0,1.75,1.75,1.75,1,0.0,1.75,1.75,1.75,1,0.0,1.75,1.75,1.75,1,0.0,1.75,1.75,1.75,1,0.0,1.75,1.75,1.75,1,0.0,15.0,15.0,15.0
SO,Hoch 11,1,1.8370528251458955,1.8370528251458955,1.8370528251458955,1.8370528251458955,1.8370528251458955,1.8370528251458955,1.8370528251458955,1,0.0,1.75,1.75,1.75,1,0.0,1.75,1.75,1.75,1,0.0,1.75,1.75,1.75,1,0.0,1.75,1.75,1.75,1,0.0,1.75,1.75,1.75,1,0.0,1.75,1.75,1.75,1,0.0,14.25,14.25,14.25
SO,Hoch 12,1,3.1821368326164037,3.1821368326164037,3.1821368326164037,3.1821368326164037,3.1821368326164037,3.1821368326164037,3.1821368326164037,1,0.0,3.0,3.0,3.0,1,0.0,3.0,3.0,3.0,1,0.0,3.0,3.0,3.0,1,0.0,3.0,3.0,3.0,1,0.0,3.0,3.0,3.0,1,0.0,3.0,3.0,3.0,1,0.0,16.0,16.0,16.0
SO,Hoch 13,1,2.5044060204265364,2.5044060204265364,2.5044060204265364,2.5044060204265364,2.5044060204265364,2.5044060204265364,2.5044060204265364,1,0.0,2.5,2.5,2.5,1,0.0,2.5,2.5,2.5,1,0.0,2.5,2.5,2.5,1,0.0,2.5,2.5,2.5,1,0.0,2.5,2.5,2.5,1,0.0,2.5,2.5,2.5,1,0.0,16.0,16.0,16.0
SO,Hoch 14,1,2.7121721215668297,2.7121721215668297,2.7121721215668297,2.7121721215668297,2.7121721215668297,2.7121721215668297,2.7121721215668297,1,0.0,2.5,2.5,2.5,1,0.0,2.5,2.5,2.5,1,0.0,2.5,2.5,2.5,1,0.0,2.5,2.5,2.5,1,0.0,2.5,2.5,2.5,1,0.0,16.0,16.0,16.0,1,0.0,16.0,16.0,16.0
SONY,alle,682,0.6037478886596425,2.4289072505253033,4.625926840548098,8.289250583586334,12.973500168342973,16.46578018150261,29.63549004053972,682,27.1,3.25,5.0,7.72,682,18.0,4.0,6.69,10.5,682,14.8,4.5,8.19,12.75,679,13.3,5.0,9.5,15.25,672,11.5,6.5,11.25,16.0,664,9.6,7.75,13.5,16.0,656,7.6,8.5,14.5,16.0
SONY,Hoch 1,353,0.6037478886596425,2.2852608853719305,4.791751779060388,8.70365917946004,13.112429274990193,16.35574579427468,23.148109194022666,353,26.9,3.25,4.75,8.0,353,18.7,4.0,6.75,10.5,353,15.9,4.75,8.5,12.95,350,15.1,5.0,9.75,15.75,346,13.3,6.62,11.0,16.0,339,10.9,8.0,12.75,16.0,334,8.1,8.62,14.0,16.0
SONY,Hoch 2,158,0.7071670351820555,2.5179507576037383,4.799579506738147,8.906402695524582,12.187634795584762,17.258835839282938,20.36883077418736,158,28.5,3.25,5.25,7.4,158,19.6,4.0,7.25,10.5,158,16.5,4.62,8.69,12.08,158,12.7,5.25,9.5,15.25,156,9.6,6.75,11.5,16.0,155,7.7,8.25,13.62,16.0,152,6.6,9.0,14.31,16.0
SONY,Hoch 3,81,0.7548089827968232,2.2408952173166967,4.4227013057720574,7.579693093721374,11.30420012817045,15.783392482974351,22.371891742185767,81,27.2,3.0,5.25,8.25,81,22.2,3.5,6.0,10.75,81,16.0,4.25,7.5,11.25,81,14.8,4.5,9.25,14.0,80,15.0,6.38,11.31,16.0,80,13.8,7.5,14.5,16.0,80,12.5,8.62,16.0,16.0
SONY,Hoch 4,44,1.3109284660443739,2.415545648346387,4.306346003027365,6.3353295222553,9.471794403039457,13.318539722076306,29.63549004053972,44,15.9,2.5,4.25,5.93,44,6.8,3.38,5.31,7.53,44,4.5,4.12,6.25,9.35,44,4.5,4.38,7.06,12.13,44,4.5,5.88,9.5,15.33,44,4.5,6.62,12.62,16.0,44,4.5,7.38,13.38,16.0
SONY,Hoch 5,25,1.6024169666427064,2.594460987653032,3.912705491877831,6.125876039873653,12.12216172741447,14.088762667547321,26.202372510386397,25,20.0,3.25,4.5,5.15,25,0.0,3.5,5.5,9.8,25,0.0,3.75,6.0,12.0,25,0.0,4.75,10.0,14.15,25,0.0,6.0,12.75,15.4,25,0.0,9.0,14.25,16.0,25,0.0,10.25,14.5,16.0
SONY,Hoch 6,12,1.5435838575245098,2.3797348019050597,4.865337305775857,9.42509536927127,14.650859826040119,18.227219627508568,22.144924344830553,12,41.7,4.38,5.69,9.93,12,25.0,4.38,6.38,11.1,12,25.0,4.75,9.38,14.63,12,25.0,5.38,14.56,15.5,12,16.7,10.75,15.62,16.0,12,16.7,10.75,15.62,16.0,12,8.3,11.38,15.62,16.0
SONY,Hoch 7,5,2.0535069399484915,5.526939454893835,5.60430825035455,6.957812293905692,8.480955769468022,8.988670261322131,9.496384753176242,5,80.0,5.5,5.5,6.25,5,20.0,5.5,6.25,6.55,5,20.0,5.5,6.75,8.25,5,0.0,5.5,6.75,10.5,5,0.0,5.5,6.75,12.3,5,0.0,5.5,7.75,12.7,5,0.0,5.5,7.75,12.7
SONY,Hoch 8,2,2.6113558164963218,5.873259602748191,9.135163389000061,12.39706717525193,14.354209447003052,15.006590204253424,15.6589709615038,2,50.0,3.0,4.0,4.6,2,0.0,6.5,9.25,10.9,2,0.0,9.0,12.25,14.2,2,0.0,9.25,12.62,14.65,2,0.0,9.25,12.62,14.65,2,0.0,9.25,12.62,14.65,2,0.0,9.25,12.62,14.65
SONY,Hoch 9,1,3.4585872377096853,3.4585872377096853,3.4585872377096853,3.4585872377096853,3.4585872377096853,3.4585872377096853,3.4585872377096853,1,0.0,1.5,1.5,1.5,1,0.0,1.75,1.75,1.75,1,0.0,3.25,3.25,3.25,1,0.0,3.25,3.25,3.25,1,0.0,3.25,3.25,3.25,1,0.0,3.25,3.25,3.25,1,0.0,3.25,3.25,3.25
SONY,Hoch 10,1,5.5975199396482545,5.5975199396482545,5.5975199396482545,5.5975199396482545,5.5975199396482545,5.5975199396482545,5.5975199396482545,1,100.0,3.5,3.5,3.5,1,100.0,5.5,5.5,5.5,1,0.0,5.5,5.5,5.5,1,0.0,5.5,5.5,5.5,1,0.0,5.5,5.5,5.5,1,0.0,5.5,5.5,5.5,1,0.0,5.5,5.5,5.5
SPG,alle,564,0.7557487720270513,2.392591905569418,3.979928659844621,6.528806448456965,9.487511949915083,12.103000502858144,48.715545547098046,564,29.4,2.75,4.5,6.75,564,18.8,3.5,5.75,8.25,563,14.2,3.75,6.5,9.45,561,12.5,4.0,7.25,10.75,556,9.7,4.75,8.25,12.88,549,7.8,5.25,9.5,15.6,544,6.6,5.75,11.25,16.0
SPG,Hoch 1,267,0.7557487720270513,2.1964105766675317,3.7472634093007984,6.2345524371567596,9.205721250476794,11.599268875343412,48.715545547098046,267,27.3,2.5,4.25,6.25,267,18.4,3.25,5.25,7.25,267,14.2,3.5,6.12,9.1,266,11.7,4.12,6.75,10.5,263,8.7,5.0,7.75,12.7,261,7.7,5.25,9.25,16.0,258,6.6,5.75,10.75,16.0
SPG,Hoch 2,142,0.8179857254858575,2.2860067936886224,3.874105978903984,6.946635679205228,9.151602239159253,11.43862675592523,45.76564871616731,142,32.4,2.75,4.44,7.0,142,20.4,3.25,6.0,7.98,142,14.8,3.75,6.94,9.0,141,14.2,3.75,7.0,10.0,139,10.8,4.25,8.25,12.1,139,7.9,5.0,9.0,14.4,138,7.2,5.25,11.38,16.0
SPG,Hoch 3,73,1.1097743821765147,2.42784211153542,3.8148103301457836,7.35782437972019,9.416872263002016,12.193468653314927,14.474853396345232,73,32.9,2.75,4.75,7.85,73,19.2,3.5,6.5,8.7,72,15.3,3.75,7.31,9.25,72,12.5,4.0,7.88,11.75,72,11.1,4.88,8.31,12.5,71,5.6,6.0,9.25,14.25,71,4.2,6.0,11.62,16.0
SPG,Hoch 4,37,1.6746783113303647,2.598351444968561,3.990338305596235,7.213879183793874,10.24906718105446,11.372889109335617,14.929548651302134,37,29.7,3.25,4.25,6.95,37,21.6,3.5,6.25,10.0,37,13.5,3.75,7.0,10.1,37,13.5,4.0,9.0,11.1,37,10.8,4.0,9.5,14.65,36,11.1,5.5,10.25,15.75,36,11.1,5.5,10.38,16.0
SPG,Hoch 5,22,1.5154366477368586,3.017690160092937,4.405616589703618,7.416098569022228,9.389598027006137,12.129958779553062,14.085220187906883,22,22.7,3.0,3.75,5.93,22,13.6,3.62,4.44,8.03,22,13.6,4.25,7.25,9.23,22,13.6,4.38,8.94,12.0,22,9.1,5.25,9.94,13.23,21,9.5,6.75,10.5,15.5,21,4.8,6.75,12.25,16.0
SPG,Hoch 6,12,2.3975907027228027,4.296189478493751,5.08769136344209,9.772006140458481,11.441955157785028,13.397379427493798,15.700035448860723,12,25.0,3.5,4.88,5.47,12,16.7,4.5,5.88,8.05,12,16.7,5.0,9.62,11.43,12,16.7,5.25,10.0,15.63,12,16.7,5.5,10.0,15.63,11,18.2,9.25,12.88,16.0,11,9.1,9.25,13.5,16.0
SPG,Hoch 7,8,4.288643809691535,4.6726102183910125,5.534685334398174,6.431319411033886,7.739037901812345,9.16787912398766,10.59672034616298,8,25.0,4.12,4.69,5.62,8,0.0,4.5,4.88,5.62,8,0.0,5.5,6.31,7.7,8,0.0,5.5,6.81,8.57,8,0.0,6.12,6.81,8.57,7,0.0,6.25,9.12,10.8,7,0.0,6.25,9.12,10.8
SPG,Hoch 8,3,4.154572867254859,4.866289928267089,5.578006989279319,5.929268972238607,6.1400261620141805,6.210278558606038,6.280530955197896,3,66.7,5.25,5.38,5.45,3,33.3,5.25,5.38,5.45,3,0.0,5.5,5.88,6.1,3,0.0,5.5,5.88,6.1,3,0.0,6.25,6.5,6.65,3,0.0,6.25,8.38,9.65,2,0.0,8.38,9.44,10.07
SPGI,alle,526,0.6882429640645108,2.4472704904605758,4.326618293586531,8.281403131265463,11.845580341358673,17.074571168553078,25.218135424678426,526,24.9,2.75,4.75,7.25,526,15.6,3.75,6.5,10.5,526,11.6,4.25,8.19,11.75,522,8.6,4.75,9.19,12.75,520,6.9,5.75,10.75,15.28,515,5.0,7.25,12.38,16.0,508,4.7,8.12,14.0,16.0
SPGI,Hoch 1,228,0.6903135387341226,2.405779364501713,4.221188288831006,7.849547776877392,10.59091543767805,12.490940650391165,25.218135424678426,228,24.6,2.75,4.56,7.08,228,16.2,3.5,5.81,9.83,228,12.7,4.0,7.81,10.5,226,9.3,4.5,8.75,11.75,225,8.4,6.0,10.0,13.9,224,7.1,7.25,11.81,16.0,220,7.3,7.75,12.56,16.0
SPGI,Hoch 2,118,0.6882429640645108,2.3653664555719,4.17175903842133,7.8057207150401515,10.961399532673656,12.836657107924133,24.485512148109503,118,23.7,2.5,4.25,6.0,118,12.7,3.5,6.0,9.0,118,8.5,4.0,7.69,10.9,116,4.3,4.75,8.25,12.0,116,2.6,5.88,10.25,14.12,115,0.9,7.25,11.88,16.0,114,0.9,7.75,12.19,16.0
SPGI,Hoch 3,71,0.8623155524550815,2.446721588770214,5.012812921008101,8.824795513297577,13.388086412031823,17.615630297436187,23.87597330084329,71,28.2,2.75,4.75,6.75,71,18.3,3.75,7.25,12.0,71,11.3,5.0,8.75,13.25,71,8.5,5.5,10.0,13.25,70,7.1,6.62,11.5,16.0,70,5.7,9.25,12.69,16.0,69,2.9,9.75,14.25,16.0
SPGI,Hoch 4,43,1.1789430440498019,2.65075581817129,4.949419822013517,11.026894483438276,17.784140301910146,19.255558993928716,23.62586776401226,43,32.6,3.25,5.25,7.2,43,20.9,4.0,8.12,13.35,43,16.3,4.75,10.88,15.75,43,16.3,5.0,10.88,15.75,43,11.6,6.75,11.75,16.0,43,9.3,10.0,15.12,16.0,42,9.5,10.12,15.25,16.0
SPGI,Hoch 5,24,0.8308896947876253,2.058649733140291,4.42604893058272,10.536076547271179,19.880064498604767,20.384726633352905,22.20867134330523,24,20.8,2.5,4.5,12.8,24,8.3,4.0,8.31,16.0,24,8.3,4.38,10.44,16.0,24,8.3,4.5,11.81,16.0,24,4.2,4.5,12.62,16.0,23,0.0,8.0,15.25,16.0,23,0.0,10.5,15.75,16.0
SPGI,Hoch 6,17,0.9026299184851463,2.9462929717012494,5.192060964244026,9.011231496588838,19.284963305291257,20.229249649908837,22.529986107417205,17,23.5,3.0,5.75,10.85,17,23.5,4.25,7.75,15.1,17,23.5,5.0,9.0,16.0,17,17.6,5.75,10.0,16.0,17,11.8,5.75,14.75,16.0,16,6.2,5.75,14.75,16.0,16,6.2,7.25,15.06,16.0
SPGI,Hoch 7,10,1.338716267801836,2.6070753381394662,4.654927771170403,6.1967907883035,9.74235713018754,14.597415104454916,19.45247307872231,10,10.0,4.5,6.06,8.12,10,10.0,4.5,6.06,9.25,10,10.0,4.5,6.06,9.25,10,10.0,4.5,6.06,15.78,10,10.0,4.5,6.06,15.78,9,0.0,5.0,6.25,10.95,9,0.0,6.25,8.25,15.8
SPGI,Hoch 8,8,2.352173129246607,3.0828760343191055,4.19883442884319,6.087711370810627,7.413713078729434,7.703320419709262,7.99292776068909,8,12.5,4.0,5.88,7.15,8,12.5,4.0,5.88,7.22,8,0.0,4.0,5.88,7.22,8,0.0,4.0,5.88,9.17,8,0.0,4.0,5.88,9.17,8,0.0,4.12,5.88,9.17,8,0.0,5.0,8.19,10.92
SPGI,Hoch 9,5,2.8099828859580023,3.705358311010368,4.322300374001834,5.731508652281454,7.609729371374883,8.235802944406025,8.861876517437167,5,20.0,4.25,5.5,7.45,5,0.0,4.25,5.5,7.45,5,0.0,4.25,5.5,7.45,5,0.0,4.25,5.5,11.5,5,0.0,4.25,5.5,11.5,5,0.0,4.25,5.5,11.5,5,0.0,8.25,8.5,12.7
SPGI,Hoch 10,2,2.9795516545593643,4.329378113570144,5.6792045725809235,7.029031031591703,7.8389269069981715,8.108892198800326,8.378857490602483,2,50.0,4.5,6.38,7.5,2,0.0,5.5,6.88,7.7,2,0.0,5.5,6.88,7.7,2,0.0,8.62,11.56,13.32,2,0.0,8.62,11.56,13.32,2,0.0,8.62,11.56,13.32,2,0.0,11.62,13.06,13.93
SPOT,alle,238,0.8212064254849148,2.507203553019384,4.287343028763217,7.094864740847739,9.960434259126812,11.188240224169862,16.464870159850815,238,34.9,2.75,4.5,6.25,238,23.5,3.75,6.25,7.83,238,19.7,4.12,7.0,9.83,237,19.0,4.75,7.25,10.7,234,16.2,5.5,8.5,12.25,230,14.3,6.12,9.94,14.25,220,11.4,6.38,10.25,15.27
SPOT,Hoch 1,119,0.8644417517317785,2.5658728711414964,4.9594485086432165,7.614987623984982,10.423473702684756,11.067613442035544,14.26236454315891,119,37.8,3.0,5.25,6.05,119,26.9,4.0,6.5,8.3,119,23.5,4.75,7.5,10.25,119,23.5,5.5,8.0,11.3,117,19.7,5.75,9.0,13.0,114,18.4,6.62,10.25,14.18,105,13.3,6.75,10.25,15.05
SPOT,Hoch 2,50,0.8212064254849148,2.2561767547560088,3.9223956717502566,6.668879971145557,9.386916865266954,11.86569230390827,13.677903756046982,50,38.0,2.62,4.25,7.25,50,24.0,3.25,5.94,7.75,50,20.0,3.75,6.5,9.3,50,18.0,4.5,6.94,11.53,49,18.4,5.75,8.75,12.25,48,14.6,5.88,9.62,15.83,47,12.8,6.25,9.75,16.0
SPOT,Hoch 3,28,1.164378355593383,2.6991941820732976,4.246320466132785,5.599916370949168,9.094640327389156,10.375970020935465,13.940748343660202,28,28.6,2.62,4.06,5.33,28,21.4,3.0,4.25,6.4,28,17.9,4.12,5.56,8.95,27,18.5,4.25,6.62,9.2,27,18.5,4.25,8.5,11.7,27,14.8,4.75,10.12,13.05,27,14.8,6.0,10.12,13.05
SPOT,Hoch 4,16,0.8356106693316397,2.3859157196605705,3.4636849300922945,6.140289405292985,6.996147906151442,7.7915877007434275,8.659524767467513,16,12.5,2.5,3.81,5.38,16,6.2,2.5,4.88,6.25,16,0.0,3.25,6.06,6.88,16,0.0,4.0,6.06,7.75,16,0.0,4.25,6.56,8.12,16,0.0,6.12,7.69,8.62,16,0.0,6.12,8.25,9.75
SPOT,Hoch 5,13,1.3292406355368973,2.927656042625874,4.232097809233269,7.126829199165881,8.958109669826563,12.142684578675366,16.464870159850815,13,30.8,2.75,4.75,6.85,13,23.1,3.5,7.0,7.7,13,15.4,4.0,7.0,8.9,13,7.7,4.5,7.0,8.9,13,0.0,4.75,7.5,8.9,13,0.0,7.0,9.0,13.25,13,0.0,7.0,10.0,13.55
SPOT,Hoch 6,6,1.5502090625592106,2.2701955106996854,3.8892388017915778,5.128539323831044,8.204241375297077,9.689793130253841,11.175344885210606,6,33.3,2.38,4.25,7.88,6,16.7,3.75,4.94,8.0,6,16.7,3.75,4.94,8.0,6,16.7,3.75,4.94,8.0,6,0.0,3.75,7.38,9.62,6,0.0,3.75,9.44,12.88,6,0.0,3.75,9.44,12.88
SPOT,Hoch 7,3,2.472501944261432,3.427593670203413,4.382685396145394,5.889515801466615,6.793614044659347,7.094980125723591,7.396346206787835,3,33.3,4.25,5.75,6.65,3,33.3,4.25,5.75,6.65,3,33.3,4.25,5.75,6.65,3,33.3,4.25,5.75,6.65,3,33.3,4.25,7.25,9.05,3,33.3,4.25,10.12,13.65,3,33.3,4.25,10.12,13.65
SPOT,Hoch 8,2,2.5705831169771263,2.8324158189575197,3.0942485209379136,3.3560812229183075,3.5131808441065435,3.565547384502622,3.617913924898701,2,50.0,3.0,3.25,3.4,2,0.0,3.0,3.25,3.4,2,0.0,3.0,3.25,3.4,2,0.0,3.0,3.25,3.4,2,0.0,3.0,3.25,3.4,2,0.0,3.0,3.25,3.4,2,0.0,3.0,3.25,3.4
SPOT,Hoch 9,1,4.47404595333013,4.47404595333013,4.47404595333013,4.47404595333013,4.47404595333013,4.47404595333013,4.47404595333013,1,100.0,3.0,3.0,3.0,1,0.0,4.25,4.25,4.25,1,0.0,4.25,4.25,4.25,1,0.0,4.25,4.25,4.25,1,0.0,4.25,4.25,4.25,1,0.0,4.25,4.25,4.25,1,0.0,4.25,4.25,4.25
SRT3.DE,alle,438,0.8458847837132595,2.709766557092108,4.550917814601297,7.185877527502331,9.963163609222153,11.830013252825077,20.092578133614865,438,35.2,3.25,5.0,7.08,438,21.5,4.0,6.5,8.75,438,16.7,4.5,7.0,9.83,435,14.5,4.75,7.75,10.75,427,10.8,5.5,8.75,12.0,420,8.1,5.75,9.81,15.0,412,7.8,6.0,10.75,15.98
SRT3.DE,Hoch 1,196,0.8918872438827711,2.4971019209270704,4.342215086515661,6.539458508897914,9.685461087696165,11.485422216603503,20.092578133614865,196,34.2,3.0,4.75,7.0,196,22.4,4.0,6.0,7.88,196,16.3,4.25,6.5,9.62,194,14.9,4.75,7.25,10.0,191,12.0,5.0,8.5,11.75,185,9.7,5.25,10.0,15.0,181,9.4,5.5,10.75,16.0
SRT3.DE,Hoch 2,98,0.8458847837132595,2.537135063118109,4.398243656617641,7.264186350782672,9.895814367473443,11.870340333859012,16.74301479154098,98,32.7,3.25,4.75,5.75,98,17.3,3.88,5.94,8.75,98,14.3,4.25,7.19,9.75,98,13.3,5.0,8.19,11.32,95,10.5,5.5,8.75,11.75,94,8.5,5.75,9.25,14.48,92,8.7,5.88,10.5,15.23
SRT3.DE,Hoch 3,59,0.9765467310714613,3.3186407068649553,5.698588977093378,8.040784266751803,12.260794295073948,13.962743079759052,18.715226867648624,59,39.0,3.75,6.0,7.3,59,27.1,4.0,7.38,9.55,59,23.7,5.5,7.88,12.1,59,18.6,5.5,8.5,12.1,57,8.8,6.0,8.75,13.5,57,8.8,6.75,9.5,15.3,56,8.9,7.12,9.62,15.38
SRT3.DE,Hoch 4,34,1.3496219979909032,2.6286624250579522,5.066781407694782,7.266561380037945,8.897502494617386,9.91009626439986,15.745806716649987,34,35.3,4.25,5.44,7.6,34,20.6,4.88,6.69,8.8,34,14.7,4.88,7.19,8.8,33,9.1,5.25,7.25,9.2,33,9.1,5.25,7.25,9.75,33,9.1,5.5,7.5,10.55,32,6.2,5.62,8.0,12.33
SRT3.DE,Hoch 5,19,2.082816754695601,3.3447836825363817,5.157895717509077,7.375177972292327,9.01332760036559,9.511850322990146,11.098825530756779,19,31.6,3.5,5.38,7.35,19,21.1,4.25,7.0,7.75,19,21.1,5.0,7.25,8.85,19,15.8,5.0,7.5,9.55,19,10.5,6.75,8.38,9.55,19,0.0,6.75,8.62,10.95,19,0.0,6.75,8.62,10.95
SRT3.DE,Hoch 6,12,1.7901597799071518,3.8147202742707353,4.498217849858199,7.342033940419605,10.321218517224262,10.70114059219991,10.862757028401386,12,41.7,3.62,4.31,6.6,12,25.0,4.12,7.25,10.25,12,16.7,4.38,7.25,10.25,12,16.7,4.38,8.62,10.72,12,8.3,4.75,9.38,10.72,12,0.0,5.88,10.56,10.75,12,0.0,6.88,10.75,11.65
SRT3.DE,Hoch 7,7,3.00282511644669,4.035956555483627,4.846403326750846,6.342707363186433,8.36855176981949,9.72188568102435,11.07521959222922,7,28.6,3.5,4.25,5.3,7,0.0,4.75,6.25,8.3,7,0.0,4.75,6.25,8.3,7,0.0,6.0,7.12,9.05,7,0.0,6.5,10.38,11.4,7,0.0,6.5,12.75,15.1,7,0.0,6.5,12.75,15.1
SRT3.DE,Hoch 8,5,2.9773751650629348,4.216277969100142,4.304156956338826,6.452697640249152,7.363972122880284,7.667730283757328,7.971488444634372,5,20.0,4.0,4.0,4.15,5,0.0,4.25,6.25,6.25,5,0.0,4.25,6.25,7.15,5,0.0,4.25,6.25,7.15,5,0.0,4.25,8.25,11.1,5,0.0,4.25,11.5,14.2,5,0.0,4.25,11.5,14.2
SRT3.DE,Hoch 9,4,3.0965247660289017,4.112224150257518,5.60505426606826,7.659184422224829,9.27894412538449,9.818864026437709,10.35878392749093,4,50.0,4.62,5.88,7.45,4,25.0,5.5,7.19,7.98,4,25.0,5.5,7.62,9.2,4,25.0,5.5,7.75,9.55,4,25.0,8.0,12.56,14.03,4,0.0,10.88,15.06,15.62,4,0.0,10.88,15.06,15.62
SRT3.DE,Hoch 10,2,8.341192076692046,8.769444784997827,9.197697493303608,9.625950201609388,9.882901826592857,9.968552368254013,10.054202909915169,2,100.0,9.0,9.5,9.8,2,50.0,9.12,9.56,9.82,2,0.0,9.12,9.56,9.82,2,0.0,9.12,9.56,9.82,2,0.0,15.25,15.62,15.85,2,0.0,16.0,16.0,16.0,2,0.0,16.0,16.0,16.0
SRT3.DE,Hoch 11,1,11.550007538534814,11.550007538534814,11.550007538534814,11.550007538534814,11.550007538534814,11.550007538534814,11.550007538534814,1,100.0,4.25,4.25,4.25,1,0.0,4.25,4.25,4.25,1,0.0,11.5,11.5,11.5,1,0.0,11.5,11.5,11.5,1,0.0,12.5,12.5,12.5,1,0.0,12.5,12.5,12.5,1,0.0,12.5,12.5,12.5
SRT3.DE,Hoch 12,1,15.002057670411459,15.002057670411459,15.002057670411459,15.002057670411459,15.002057670411459,15.002057670411459,15.002057670411459,1,100.0,6.5,6.5,6.5,1,100.0,15.0,15.0,15.0,1,100.0,15.0,15.0,15.0,1,100.0,16.0,16.0,16.0,1,100.0,16.0,16.0,16.0,1,0.0,16.0,16.0,16.0,1,0.0,16.0,16.0,16.0
STX,alle,555,0.633297131729643,2.0747846413293005,4.341093117474339,6.935872598928702,10.109195713203269,12.533803306426194,24.06695896761812,555,27.2,3.0,4.75,6.5,555,19.6,3.75,6.0,8.25,555,15.0,4.25,6.75,10.0,553,12.3,4.75,7.75,12.0,548,9.5,5.0,9.75,14.0,540,7.2,6.0,11.81,16.0,531,6.2,6.75,12.75,16.0
STX,Hoch 1,249,0.679543125296184,2.177367587344535,4.31914333876114,6.9219902589636275,9.91514506776586,12.387744048521524,21.879839276283175,249,26.5,3.0,4.5,6.3,249,22.1,3.75,6.0,8.25,249,15.7,4.25,6.75,9.75,248,12.1,4.75,8.0,11.75,247,9.7,5.25,9.75,13.75,243,7.8,6.25,11.62,15.9,238,6.3,7.25,12.69,16.0
STX,Hoch 2,127,0.6734741059676395,2.0465414165549456,4.896897651585003,7.725994200518031,10.618943195744327,14.863107492149824,24.06695896761812,127,31.5,3.0,5.25,6.6,127,20.5,4.0,6.75,8.6,127,18.1,4.75,7.5,10.45,126,15.1,4.88,8.5,13.0,125,12.0,5.5,11.5,14.7,124,10.5,6.88,12.75,16.0,122,9.0,7.88,13.44,16.0
STX,Hoch 3,67,0.8400495253617976,1.9889409874680868,3.4412534570801174,7.386573875563258,10.890411081016923,11.644615320001503,21.962828273943238,67,23.9,2.75,4.5,7.55,67,14.9,3.25,6.12,9.1,67,10.4,3.25,7.25,10.7,67,10.4,3.5,7.5,13.0,66,7.6,4.5,10.69,14.25,65,6.2,6.75,14.0,16.0,64,6.2,6.88,14.25,16.0
STX,Hoch 4,46,0.633297131729643,1.733103823078145,3.9041571353908315,5.789431430120618,8.923152916378326,10.584329372845321,15.495723002886654,46,21.7,3.38,4.75,6.0,46,15.2,3.62,5.5,8.0,46,8.7,3.75,5.69,8.75,46,8.7,4.12,7.06,10.62,45,6.7,4.75,9.25,13.65,44,2.3,5.25,12.88,16.0,44,2.3,5.5,13.38,16.0
STX,Hoch 5,30,1.345809020597096,1.7701318109109412,4.109023092410185,6.424067250713742,6.9474976069231715,9.088371035819877,11.185607132351171,30,30.0,3.5,4.88,6.05,30,16.7,4.0,6.0,6.53,30,13.3,4.0,6.25,6.83,30,10.0,4.88,6.25,8.03,29,6.9,5.75,7.5,12.35,28,3.6,5.88,8.94,14.6,28,3.6,6.25,9.25,16.0
STX,Hoch 6,17,0.9572602601495268,2.1702471974686888,3.7297749565761245,4.833252134977658,6.696253728847162,8.147031948918515,12.031834101736136,17,29.4,2.25,3.0,4.9,17,11.8,2.75,4.0,6.45,17,11.8,3.5,4.75,6.55,17,11.8,4.0,6.25,10.3,17,11.8,4.75,8.0,12.4,17,5.9,4.75,9.25,13.0,17,5.9,6.75,11.5,13.15
STX,Hoch 7,10,2.903013211331668,3.428335572435915,4.366707058199858,5.60122676406242,6.4881072056122635,7.903168483850921,9.318229762089585,10,20.0,3.25,4.12,4.32,10,10.0,3.5,4.44,4.78,10,10.0,4.25,5.56,6.32,10,10.0,4.62,5.75,9.52,10,0.0,4.62,6.0,9.52,10,0.0,4.62,6.0,9.52,9,0.0,6.0,10.5,12.25
STX,Hoch 8,6,2.8433152005833446,3.918484720714746,5.263181850935843,6.176485837072554,6.280075040531996,6.3242197105586095,6.3683643805852235,6,33.3,3.62,3.94,4.88,6,33.3,4.0,4.81,5.5,6,33.3,5.12,6.0,6.12,6,16.7,5.12,6.19,9.25,6,16.7,5.12,6.19,9.25,6,0.0,5.62,6.19,9.25,6,0.0,6.12,10.19,11.88
STX,Hoch 9,2,4.2912027988676495,4.616482303566162,4.941761808264674,5.267041312963186,5.462209015782293,5.527264916721996,5.592320817661698,2,0.0,4.0,4.12,4.2,2,0.0,4.75,5.0,5.15,2,0.0,4.88,5.19,5.38,2,0.0,5.38,5.94,6.28,2,0.0,5.38,5.94,6.28,2,0.0,5.38,5.94,6.28,2,0.0,5.38,5.94,6.28
STX,Hoch 10,1,7.897758445900537,7.897758445900537,7.897758445900537,7.897758445900537,7.897758445900537,7.897758445900537,7.897758445900537,1,100.0,5.5,5.5,5.5,1,100.0,7.25,7.25,7.25,1,100.0,7.75,7.75,7.75,1,100.0,9.0,9.0,9.0,1,0.0,9.0,9.0,9.0,1,0.0,9.0,9.0,9.0,1,0.0,9.0,9.0,9.0
SY1.DE,alle,516,0.6261127843747586,2.435613278645725,4.228488935578596,6.502522955639183,9.837970777260626,12.007925106899762,21.40431410806252,516,29.3,3.0,4.5,6.25,516,20.0,3.5,5.5,8.0,516,16.3,4.0,6.31,9.75,515,12.4,4.5,7.0,10.4,511,9.8,5.0,8.0,12.0,504,7.1,5.38,9.75,14.0,496,5.4,5.75,10.25,14.38
SY1.DE,Hoch 1,244,0.6261127843747586,2.351910672612389,3.8532428152935534,5.883326986909482,9.335761982839285,11.185207835014582,14.662711483048763,244,31.1,2.88,4.5,6.5,244,19.7,3.62,5.25,7.5,244,16.4,3.75,5.75,9.28,244,14.3,4.0,6.5,10.0,243,10.7,4.75,7.5,11.0,241,7.5,5.0,8.75,13.25,237,5.9,5.25,9.75,13.65
SY1.DE,Hoch 2,123,0.8986630311387975,2.1906579560002934,4.269021444668835,5.927332344489322,8.53560676427344,10.54361863790286,15.971487642909103,123,26.8,2.75,4.75,6.25,123,19.5,3.5,5.5,7.95,123,17.1,4.25,5.75,8.45,123,12.2,4.5,7.25,8.95,122,11.5,5.0,8.0,10.95,120,8.3,5.5,8.75,12.78,117,6.0,5.75,9.0,13.75
SY1.DE,Hoch 3,61,0.823528092237602,2.2547826360571355,3.880228139786439,6.85363499453209,8.693450632666437,11.689057488462593,18.634743159659603,61,27.9,2.5,4.25,5.75,61,18.0,2.75,5.0,7.0,61,14.8,3.75,6.75,8.5,61,9.8,3.75,6.75,10.5,60,6.7,4.38,6.94,11.6,59,5.1,5.25,9.5,13.3,58,3.4,5.38,10.19,13.33
SY1.DE,Hoch 4,35,1.1396778980402102,2.832383873091061,4.433018627680876,7.216870252948904,11.89403896857698,13.852458486314752,18.969011387731555,35,14.3,3.0,4.12,5.3,35,11.4,3.5,5.12,7.95,35,5.7,4.25,7.0,11.85,35,5.7,4.5,8.12,14.1,34,5.9,5.25,9.12,15.43,33,6.1,6.25,12.0,15.45,33,3.0,7.0,12.5,15.85
SY1.DE,Hoch 5,26,1.2453074474836532,3.462583979169251,5.4085907389049925,7.588077620519394,14.198294379977945,16.618337755434144,21.40431410806252,26,38.5,3.38,4.5,6.38,26,26.9,4.25,5.75,10.62,26,23.1,5.38,7.5,14.12,25,12.0,5.75,9.25,15.2,25,8.0,7.25,12.25,15.7,24,8.3,7.62,12.38,16.0,24,8.3,9.12,12.88,16.0
SY1.DE,Hoch 6,15,1.8883354160528951,4.028649858272823,5.169742576823922,8.914466122741894,11.563434796942795,13.82547434641025,18.225777389626113,15,40.0,3.5,5.12,7.35,15,33.3,4.25,8.0,10.65,15,20.0,5.0,8.75,11.35,15,13.3,5.75,9.0,12.85,15,6.7,8.0,11.62,14.6,15,6.7,8.75,13.75,16.0,15,6.7,10.75,13.75,16.0
SY1.DE,Hoch 7,6,1.8186290057818602,3.9359084539977167,6.521962984972774,7.7290416556411685,8.873186655960192,9.400507141143176,9.927827626326163,6,33.3,3.62,5.69,7.12,6,33.3,4.25,6.94,8.75,6,16.7,6.38,7.62,8.75,6,16.7,7.12,8.0,9.0,6,16.7,7.12,8.0,9.0,6,0.0,8.5,11.06,13.75,6,0.0,9.62,11.62,14.12
SY1.DE,Hoch 8,3,3.177483047221007,3.609302713348367,4.041122379475727,6.2142590386246175,7.518141034113952,7.952768365943729,8.387395697773508,3,0.0,4.0,4.5,4.8,3,0.0,4.0,5.38,6.2,3,0.0,4.0,6.12,7.4,3,0.0,5.0,6.62,7.6,3,0.0,5.0,7.5,9.0,3,0.0,5.0,10.5,13.8,3,0.0,12.0,14.0,15.2
SY1.DE,Hoch 9,2,4.864130635324966,5.441042998301327,6.0179553612776875,6.5948677242540485,6.941015142039865,7.056397614635137,7.17178008723041,2,50.0,3.25,3.62,3.85,2,50.0,5.12,6.06,6.62,2,50.0,5.88,6.44,6.78,2,0.0,5.88,6.44,6.78,2,0.0,7.12,8.31,9.03,2,0.0,9.25,11.5,12.85,2,0.0,11.75,12.75,13.35
SY1.DE,Hoch 10,1,7.375068643858632,7.375068643858632,7.375068643858632,7.375068643858632,7.375068643858632,7.375068643858632,7.375068643858632,1,100.0,5.75,5.75,5.75,1,100.0,7.25,7.25,7.25,1,100.0,7.25,7.25,7.25,1,0.0,7.25,7.25,7.25,1,0.0,7.25,7.25,7.25,1,0.0,7.25,7.25,7.25,1,0.0,12.75,12.75,12.75
SYK,alle,519,0.8077149670410927,2.389627486752719,3.9368480898456757,6.317657440559613,8.560615017572655,11.406787942201733,29.687731851947174,519,27.2,2.75,4.25,6.25,519,15.8,3.5,5.5,7.3,519,11.4,3.75,6.25,8.5,519,9.2,4.25,7.0,9.75,512,6.8,5.0,8.25,13.75,506,3.8,5.75,9.94,16.0,496,3.2,6.0,11.81,16.0
SYK,Hoch 1,237,0.8085755182013389,2.245564302091714,3.622137084421183,6.030356371000511,8.434449327847478,10.48538493107749,29.687731851947174,237,24.1,2.75,4.0,5.5,237,9.7,3.0,5.0,6.85,237,7.2,3.5,6.0,8.25,237,6.3,3.75,6.5,9.75,232,5.2,4.75,8.25,13.98,229,3.1,5.5,9.75,16.0,223,2.7,5.75,11.0,16.0
SYK,Hoch 2,126,0.8077149670410927,2.352430843259972,3.947192215857243,6.487994183417715,9.556878575363509,13.13812428082875,28.520610884017042,126,25.4,3.0,4.25,5.5,126,17.5,3.62,5.5,7.12,126,12.7,3.75,6.25,9.5,126,11.1,4.25,6.75,10.38,125,7.2,5.0,8.0,14.0,123,4.9,5.75,11.5,16.0,120,4.2,6.0,12.5,16.0
SYK,Hoch 3,78,0.940882676180856,2.677929135084521,4.756219778608651,6.231640482921902,8.750992903312588,11.772456315952526,28.132707240894533,78,29.5,3.38,5.25,7.07,78,19.2,4.25,5.69,7.72,78,14.1,4.62,6.19,8.57,78,11.5,5.0,7.69,10.05,77,9.1,5.25,9.25,14.15,76,5.3,5.88,10.12,15.88,75,4.0,6.75,12.38,16.0
SYK,Hoch 4,41,0.97633811902449,3.095782216757425,4.986681646865072,6.593975724266587,7.870057689183618,9.510880245776573,11.930785079995937,41,34.1,3.0,4.75,6.25,41,24.4,4.5,6.25,7.75,41,14.6,4.75,6.5,7.75,41,9.8,5.0,7.25,9.5,41,4.9,5.75,8.0,11.25,41,0.0,6.25,9.5,15.0,41,0.0,7.25,11.0,16.0
SYK,Hoch 5,23,0.8350412269989355,3.7305117626342392,4.626746033332416,6.518457831324698,8.677186816041953,9.87970624074148,14.593404812296482,23,47.8,3.75,5.88,6.45,23,39.1,4.25,6.25,6.9,23,30.4,4.5,6.38,8.5,23,17.4,5.75,6.38,9.75,23,13.0,6.0,7.62,13.8,23,8.7,6.0,10.38,14.7,23,8.7,6.0,10.38,15.75
SYK,Hoch 6,6,1.9574426809883365,2.7456164217113286,3.4233364165050792,6.432154095492645,7.710030615302117,7.895691145549595,8.081351675797071,6,16.7,3.25,6.31,7.62,6,16.7,3.25,6.31,7.62,6,16.7,3.25,6.31,7.62,6,16.7,3.25,6.31,7.62,6,16.7,3.25,6.88,8.62,6,0.0,5.75,9.5,12.12,6,0.0,5.88,9.56,12.12
SYK,Hoch 7,4,2.6969462696974937,3.012722208933665,3.527414472595699,5.295398845383183,7.740790205350694,8.555920658673195,9.371051111995701,4,50.0,3.38,5.12,7.6,4,25.0,3.38,5.12,7.6,4,0.0,3.38,5.12,7.6,4,0.0,3.38,5.12,7.6,4,0.0,4.0,5.5,7.75,4,0.0,6.88,9.75,10.65,4,0.0,7.0,9.94,10.72
SYK,Hoch 8,2,2.7176874693749977,3.2071209006225625,3.696554331870127,4.185987763117692,4.47964782186623,4.577534508115743,4.675421194365256,2,0.0,2.0,2.25,2.4,2,0.0,3.5,4.0,4.3,2,0.0,3.5,4.0,4.3,2,0.0,3.5,4.0,4.3,2,0.0,4.62,5.19,5.53,2,0.0,8.75,9.12,9.35,2,0.0,8.75,9.12,9.35
SYK,Hoch 9,1,6.297983980166045,6.297983980166045,6.297983980166045,6.297983980166045,6.297983980166045,6.297983980166045,6.297983980166045,1,0.0,2.75,2.75,2.75,1,0.0,6.25,6.25,6.25,1,0.0,6.25,6.25,6.25,1,0.0,6.25,6.25,6.25,1,0.0,9.5,9.5,9.5,1,0.0,10.0,10.0,10.0,1,0.0,10.0,10.0,10.0
SYK,Hoch 10,1,8.495442405705143,8.495442405705143,8.495442405705143,8.495442405705143,8.495442405705143,8.495442405705143,8.495442405705143,1,100.0,7.5,7.5,7.5,1,100.0,8.25,8.25,8.25,1,100.0,8.25,8.25,8.25,1,100.0,8.25,8.25,8.25,1,100.0,12.0,12.0,12.0,1,0.0,12.0,12.0,12.0,1,0.0,12.0,12.0,12.0
T,alle,557,0.8022631824201423,2.5571053099147014,4.226203164006856,6.7788841393814625,10.052141590287457,12.125717593048986,38.44998494590708,557,31.2,3.0,4.75,6.75,557,19.6,3.75,6.0,8.25,556,14.6,4.0,6.75,9.88,555,11.9,4.5,7.5,11.25,550,8.2,5.12,9.0,13.0,543,5.7,6.0,10.25,14.0,533,4.7,6.5,11.25,16.0
T,Hoch 1,272,0.8022631824201423,2.5149769745209003,4.094583301828887,6.752867874673525,10.163060534461058,11.632543742433903,31.12979323681236,272,30.5,2.75,4.25,6.75,272,19.5,3.5,5.75,8.0,271,12.9,4.0,6.75,10.0,270,11.1,4.25,7.5,11.27,267,7.9,4.75,8.75,13.0,263,6.1,6.0,9.5,13.75,256,5.5,6.25,10.56,14.88
T,Hoch 2,140,0.9190472044662805,2.828239778944794,4.436937494950241,6.570716354794024,9.847318332474151,10.728135044276325,17.09095685888283,140,26.4,3.25,4.56,6.25,140,15.7,3.88,6.0,8.3,140,12.9,4.25,6.5,9.75,140,10.0,5.0,7.5,10.03,138,5.8,5.5,9.0,12.82,135,3.0,6.25,10.25,13.75,134,1.5,7.38,11.75,16.0
T,Hoch 3,83,1.089095859099757,2.5922016037006865,4.637485346994524,7.40471740741671,9.947192710733274,11.852008722632714,23.352356667941656,83,37.3,3.25,5.25,7.25,83,24.1,3.75,6.75,9.1,83,20.5,4.5,7.25,9.75,83,15.7,5.0,8.88,11.7,83,10.8,5.25,10.12,12.85,83,8.4,7.0,11.75,14.0,82,7.3,7.62,12.25,16.0
T,Hoch 4,41,1.2265882308062037,2.729434909036409,4.856388469981458,7.5419140856375595,12.3601391970496,13.201498428017668,31.985790265154616,41,43.9,3.25,5.25,6.5,41,29.3,4.5,6.25,8.5,41,24.4,4.75,7.5,12.25,41,19.5,4.75,7.5,13.0,41,14.6,5.5,8.25,13.0,41,7.3,7.0,11.5,14.75,40,5.0,7.12,12.62,14.88
T,Hoch 5,14,0.9502384904435947,1.8159004282349842,3.1542330655856157,4.841601195942923,10.034779596273822,21.318369684344283,38.44998494590708,14,21.4,2.62,4.31,4.93,14,7.1,3.0,4.69,8.33,14,0.0,3.0,4.69,9.9,14,0.0,3.5,4.94,11.03,14,0.0,3.75,5.0,13.98,14,0.0,3.88,5.0,15.1,14,0.0,4.38,6.88,16.0
T,Hoch 6,5,1.8451589823620473,1.9545420198328654,3.581568391397597,5.182080093185845,10.209478842291581,11.885278425326824,13.56107800836207,5,20.0,3.5,5.0,6.5,5,20.0,3.5,5.0,8.75,5,20.0,3.5,5.0,10.1,5,20.0,5.0,6.0,12.0,5,20.0,5.0,6.0,12.0,5,20.0,5.0,6.0,12.0,5,20.0,5.0,6.0,12.0
T,Hoch 7,2,2.875848210567532,3.232699826936117,3.5895514433047024,3.9464030596732877,4.160514029494439,4.231884352768156,4.303254676041873,2,50.0,3.5,3.88,4.1,2,0.0,3.5,3.88,4.1,2,0.0,3.5,3.88,4.1,2,0.0,3.5,3.88,4.1,2,0.0,3.5,3.88,4.1,2,0.0,4.0,4.12,4.2,2,0.0,4.0,4.12,4.2
TD,alle,621,0.5912257869221516,2.4613481885388357,4.313910304585485,7.468755419215796,10.376982273999875,13.290884868146692,53.88965839402244,621,26.6,3.0,4.75,7.0,621,17.2,3.75,6.25,9.0,621,12.1,4.25,7.25,10.25,618,9.1,4.5,8.0,12.33,614,7.0,5.25,8.75,14.75,603,5.1,6.0,10.5,16.0,599,4.2,7.0,12.0,16.0
TD,Hoch 1,292,0.8024546081213787,2.3863812869893026,4.258007971753182,6.868601489013493,10.10030726780766,12.843113144995613,48.44992044397399,292,25.7,3.0,4.5,7.0,292,15.8,3.75,5.75,8.48,292,12.0,4.12,6.75,10.0,291,8.9,4.25,7.5,11.5,290,6.6,4.88,8.19,13.78,284,4.9,5.5,9.75,16.0,283,3.5,6.5,11.12,16.0
TD,Hoch 2,139,0.8653136090238244,2.16088198796747,4.538375434795842,7.5012338126887546,9.328272633286035,12.713480228661831,53.88965839402244,139,29.5,3.0,5.0,7.0,139,20.9,4.0,6.75,8.55,139,12.2,4.5,7.38,9.25,139,7.9,4.75,8.0,10.75,137,5.8,5.5,8.75,13.4,136,4.4,6.12,9.0,15.62,135,3.0,7.25,10.88,16.0
TD,Hoch 3,82,0.5912257869221516,2.4769838815717797,4.249976840375783,7.418941373711755,10.01293353059018,12.486621816347657,25.22840161527823,82,28.0,2.75,4.75,6.5,82,22.0,3.5,5.75,9.75,82,14.6,4.12,7.31,9.98,82,12.2,4.38,8.38,10.73,81,9.9,5.0,9.5,12.5,79,5.1,5.75,10.0,15.8,79,5.1,6.5,11.75,16.0
TD,Hoch 4,48,0.9939767898329784,2.579962573072529,3.7090299841054324,8.123491210725511,11.161000821397785,13.426196007762526,18.693708476383158,48,20.8,3.12,5.06,7.0,48,10.4,3.38,6.56,10.65,48,6.2,3.5,8.06,11.08,47,6.4,4.0,8.75,13.4,47,6.4,5.5,9.75,16.0,45,6.7,6.75,14.0,16.0,44,6.8,8.0,14.38,16.0
TD,Hoch 5,33,1.2326941716030158,2.823751184570738,5.192179397222442,8.64781546373126,13.064581404391362,15.21492120225194,21.516812136652245,33,24.2,2.75,5.25,8.5,33,15.2,3.5,7.5,12.15,33,15.2,5.0,8.5,12.95,32,9.4,7.0,11.81,14.63,32,6.2,7.38,12.38,15.98,32,6.2,8.38,15.81,16.0,31,6.5,10.5,16.0,16.0
TD,Hoch 6,16,1.921962557436429,3.588507673701357,5.972740279365866,8.464799953840567,11.707153433649305,12.169886474337586,13.40627189022232,16,25.0,2.75,4.06,5.62,16,18.8,4.25,6.81,8.75,16,12.5,5.88,8.38,11.62,16,12.5,6.75,11.31,14.75,16,12.5,8.75,13.12,16.0,16,12.5,10.5,16.0,16.0,16,12.5,11.88,16.0,16.0
TD,Hoch 7,8,2.417631841142283,3.694107031971286,4.579454343015403,8.578782746162558,10.899255102102513,12.360478534750062,13.821701967397614,8,25.0,3.12,3.75,3.97,8,12.5,3.62,5.44,9.07,8,12.5,4.5,8.38,10.77,8,12.5,4.5,11.06,15.82,8,12.5,5.12,11.06,15.82,8,0.0,7.5,16.0,16.0,8,0.0,12.75,16.0,16.0
TD,Hoch 8,3,4.171518559504243,4.453825837700461,4.7361331158966795,13.54979076630411,18.837985356548568,20.60071688663005,22.363448416711538,3,66.7,4.5,5.38,5.9,3,0.0,4.5,7.62,9.5,3,0.0,4.5,10.25,13.7,3,0.0,4.5,10.25,13.7,3,0.0,4.5,10.25,13.7,3,0.0,4.5,10.25,13.7,3,0.0,4.5,10.25,13.7
TEAM,alle,296,0.7588927896653396,2.6414729150895875,4.222955929680653,6.6541297585447765,9.510945488693022,10.933434734008108,21.560446666518587,296,32.4,3.0,4.5,6.38,296,20.6,3.75,5.5,8.0,296,17.6,4.0,6.5,9.38,295,13.2,4.5,7.75,10.65,290,12.1,5.0,8.75,12.25,284,8.1,5.25,9.5,15.35,275,7.3,5.25,10.12,16.0
TEAM,Hoch 1,152,0.8259699438115684,2.496496516400702,3.9989797704677876,6.385630658270048,8.605098742571974,10.07336106970329,21.560446666518587,152,28.9,2.75,4.25,6.0,152,19.1,3.5,5.25,7.23,152,17.8,3.88,6.25,8.48,152,12.5,4.5,7.0,9.95,149,10.1,5.0,8.0,11.6,144,5.6,5.0,8.81,14.25,138,5.8,5.0,9.25,14.32
TEAM,Hoch 2,69,0.7588927896653396,2.8438724248287275,4.058624678626344,7.231442749391671,8.951136226225094,10.845883953408933,19.674694816888003,69,29.0,3.25,4.5,5.5,69,18.8,4.0,6.0,7.55,69,13.0,4.0,7.0,8.75,69,10.1,4.0,7.5,9.6,67,10.4,5.0,8.62,11.6,66,9.1,5.25,9.62,15.0,64,9.4,5.62,10.19,15.78
TEAM,Hoch 3,42,1.385990878502814,3.1113215652011377,4.809129408424818,8.015203168830364,10.228711732409884,10.909320515073718,11.510419315164032,42,47.6,3.5,5.62,6.72,42,35.7,4.25,6.25,9.0,42,28.6,4.75,7.88,10.2,41,24.4,4.75,9.0,10.75,41,24.4,5.75,9.5,13.75,41,14.6,5.75,10.0,16.0,40,10.0,5.75,10.62,16.0
TEAM,Hoch 4,16,1.1465681765851998,3.093942775324366,4.02910918715842,8.2537484186088,10.406707952549777,12.097907518661946,14.701295733705185,16,37.5,3.5,4.5,6.5,16,12.5,3.75,5.62,9.38,16,12.5,3.88,8.19,10.25,16,6.2,5.75,10.06,12.75,16,6.2,6.62,10.81,14.12,16,6.2,7.38,12.31,15.25,16,6.2,9.75,14.5,16.0
TEAM,Hoch 5,8,1.490100433260958,2.303497493737302,5.321540149407877,9.019803993978712,10.95610082543747,12.57603710240298,14.195973379368494,8,37.5,3.5,5.81,7.05,8,12.5,3.5,6.25,8.27,8,12.5,5.12,8.94,10.85,8,12.5,6.5,13.56,14.42,8,12.5,7.88,14.12,16.0,8,12.5,9.0,15.62,16.0,8,12.5,9.0,16.0,16.0
TEAM,Hoch 6,4,2.0147954928568663,2.8712495511279204,3.35278270392301,4.568006111995043,6.402521006456175,7.01402597127655,7.625530936096928,4,25.0,3.25,4.19,5.43,4,0.0,3.25,4.5,6.3,4,0.0,3.25,4.5,6.3,4,0.0,3.25,5.12,8.05,4,0.0,3.25,5.56,9.28,4,0.0,3.25,6.06,10.68,4,0.0,3.25,6.06,10.68
TEAM,Hoch 7,3,3.5110194996018183,4.150226381652626,4.789433263703434,7.907263469443642,9.777961592887767,10.401527634035807,11.025093675183848,3,33.3,4.75,5.88,6.55,3,33.3,4.75,6.5,7.55,3,33.3,4.75,7.88,9.75,3,33.3,4.75,8.75,11.15,3,33.3,4.75,8.75,11.15,3,33.3,4.75,9.88,12.95,3,0.0,4.75,9.88,12.95
TEAM,Hoch 8,1,5.462310827638834,5.462310827638834,5.462310827638834,5.462310827638834,5.462310827638834,5.462310827638834,5.462310827638834,1,0.0,5.25,5.25,5.25,1,0.0,5.25,5.25,5.25,1,0.0,5.25,5.25,5.25,1,0.0,5.25,5.25,5.25,1,0.0,5.25,5.25,5.25,1,0.0,5.25,5.25,5.25,1,0.0,5.25,5.25,5.25
TEAM,Hoch 9,1,7.328537346687827,7.328537346687827,7.328537346687827,7.328537346687827,7.328537346687827,7.328537346687827,7.328537346687827,1,100.0,7.25,7.25,7.25,1,0.0,7.25,7.25,7.25,1,0.0,7.25,7.25,7.25,1,0.0,7.25,7.25,7.25,1,0.0,7.25,7.25,7.25,1,0.0,7.25,7.25,7.25,1,0.0,7.25,7.25,7.25
TJX,alle,542,0.7464346416416929,2.1385326022050535,3.392186481648445,5.5303409998959046,7.636570076293592,10.1602138826481,40.48343149593765,542,24.4,2.5,4.0,5.5,542,15.7,3.0,4.75,7.0,542,10.3,3.25,5.5,7.5,540,7.8,3.62,5.75,8.53,531,5.1,3.75,6.0,9.5,527,2.1,4.25,6.75,11.5,522,0.4,4.5,7.5,13.0
TJX,Hoch 1,248,0.7464346416416929,2.089895256345305,3.3165518644116077,5.32088218588496,7.3723551808979,9.866390874341374,34.01744446321147,248,20.2,2.75,4.06,5.58,248,14.5,3.0,4.75,6.58,248,10.1,3.25,5.25,7.25,247,8.5,3.5,5.5,8.75,240,5.8,3.75,5.81,9.05,239,2.1,4.0,6.5,11.05,239,0.0,4.25,7.62,12.55
TJX,Hoch 2,126,0.9233789645362864,2.0848505121573284,3.5869083563118167,5.324038121738446,7.327408853260064,9.575563368749402,30.35393374114576,126,33.3,2.62,4.19,5.5,126,20.6,3.0,4.75,6.5,126,15.1,3.5,5.25,7.25,125,10.4,3.75,5.5,7.4,124,5.6,4.0,5.56,8.1,123,2.4,4.25,6.62,11.05,123,1.6,4.5,7.5,12.7
TJX,Hoch 3,70,1.1385826114080229,2.2757400794995535,3.740342060974367,5.525762945987511,7.197106680735954,9.673558445623398,39.7274033676792,70,22.9,2.5,3.75,5.05,70,14.3,3.0,4.75,6.0,70,7.1,3.5,5.44,7.03,70,4.3,4.38,5.75,8.0,69,1.4,4.75,7.0,11.75,68,0.0,4.75,7.38,14.33,68,0.0,4.88,7.81,14.33
TJX,Hoch 4,38,0.9798790890563734,2.4257240930496677,3.2311273276225325,6.044555371505566,9.32554791115368,13.834390266798422,40.48343149593765,38,28.9,2.5,3.44,5.65,38,10.5,2.75,5.94,7.48,38,5.3,3.0,5.94,9.15,38,5.3,3.5,6.0,9.98,38,5.3,3.5,6.62,11.8,38,2.6,3.62,7.0,13.2,37,0.0,3.75,7.0,14.55
TJX,Hoch 5,17,1.1858490571398126,2.103451618061956,3.8438699665044687,5.825305101808567,6.899058383547879,8.160842252528333,10.5488174621561,17,23.5,2.0,3.5,4.2,17,17.6,2.25,4.0,5.85,17,5.9,3.75,5.75,6.75,17,5.9,3.75,5.75,8.3,17,5.9,3.75,5.75,9.1,17,5.9,3.75,6.5,10.45,16,0.0,3.88,6.75,10.62
TJX,Hoch 6,13,1.1592645392648493,2.237961869256507,3.0317739544902453,4.966150341807248,6.658403381202616,7.4955642950657015,8.344049067080475,13,15.4,2.0,2.5,2.9,13,0.0,2.5,3.5,4.75,13,0.0,3.0,4.75,6.5,13,0.0,3.25,5.0,6.5,13,0.0,3.25,5.0,6.5,13,0.0,3.75,5.5,6.5,12,0.0,4.0,5.81,11.48
TJX,Hoch 7,11,1.2290441932770253,2.378927756482436,5.769237656215865,7.228363523796765,9.356545391729204,10.384200453613092,11.41185551549698,11,27.3,3.0,4.75,5.25,11,27.3,5.75,7.0,7.5,11,18.2,5.75,7.0,9.25,11,9.1,5.75,7.0,9.25,11,9.1,5.75,7.0,9.25,11,9.1,6.0,7.38,9.25,10,0.0,6.62,8.81,16.0
TJX,Hoch 8,6,1.8646918774553447,1.9729497731316483,4.083840966460771,6.20370872126138,7.8000648663327485,8.552292892162384,9.304520917992019,6,16.7,1.75,2.5,3.25,6,16.7,3.88,6.12,7.62,6,16.7,3.88,6.12,7.75,6,16.7,3.88,6.12,7.75,6,16.7,3.88,6.12,7.75,6,0.0,4.12,8.5,12.62,5,0.0,2.0,9.25,13.3
TJX,Hoch 9,5,1.347070807135759,2.4339396132783713,3.7317110565527716,6.384878942357997,7.385261094737692,7.7187218121975905,8.05218252965749,5,20.0,2.5,3.5,5.15,5,0.0,3.5,6.25,7.3,5,0.0,3.5,6.25,7.3,5,0.0,3.5,6.25,7.3,5,0.0,3.5,6.25,7.3,4,0.0,2.88,4.62,6.65,4,0.0,2.88,6.62,12.25
TJX,Hoch 10,3,1.2074650546108956,3.813188550954139,6.418912047297383,7.99509427478526,8.940803611277987,9.256040056775563,9.571276502273138,3,33.3,6.0,6.12,6.2,3,33.3,6.25,7.88,8.85,3,33.3,6.25,7.88,8.85,3,0.0,6.25,7.88,8.85,3,0.0,6.25,7.88,8.85,3,0.0,6.25,7.88,8.85,3,0.0,6.25,11.12,14.05
TJX,Hoch 11,2,1.503989428490687,3.4310926641146473,5.358195899738607,7.285299135362568,8.441561076736944,8.826981723861735,9.212402370986528,2,50.0,3.75,4.88,5.55,2,50.0,5.25,7.12,8.25,2,0.0,5.25,7.12,8.25,2,0.0,5.25,7.12,8.25,2,0.0,5.25,7.12,8.25,2,0.0,5.25,7.12,8.25,2,0.0,8.75,12.38,14.55
TJX,Hoch 12,1,2.0130819784470186,2.0130819784470186,2.0130819784470186,2.0130819784470186,2.0130819784470186,2.0130819784470186,2.0130819784470186,1,0.0,2.0,2.0,2.0,1,0.0,2.0,2.0,2.0,1,0.0,2.0,2.0,2.0,1,0.0,2.0,2.0,2.0,1,0.0,2.0,2.0,2.0,1,0.0,2.0,2.0,2.0,1,0.0,2.0,2.0,2.0
TJX,Hoch 13,1,2.694497031493003,2.694497031493003,2.694497031493003,2.694497031493003,2.694497031493003,2.694497031493003,2.694497031493003,1,0.0,2.5,2.5,2.5,1,0.0,2.5,2.5,2.5,1,0.0,2.5,2.5,2.5,1,0.0,2.5,2.5,2.5,1,0.0,2.5,2.5,2.5,1,0.0,2.5,2.5,2.5,1,0.0,2.5,2.5,2.5
TJX,Hoch 14,1,3.44978220868629,3.44978220868629,3.44978220868629,3.44978220868629,3.44978220868629,3.44978220868629,3.44978220868629,1,0.0,3.25,3.25,3.25,1,0.0,3.25,3.25,3.25,1,0.0,3.25,3.25,3.25,1,0.0,3.25,3.25,3.25,1,0.0,3.25,3.25,3.25,1,0.0,3.25,3.25,3.25,1,0.0,3.25,3.25,3.25
TM,alle,637,0.5108062809819839,2.721400526180527,5.1325933261617385,8.188520470933108,11.628723138410981,14.671801523921507,31.89133861360193,637,33.3,3.25,5.25,7.25,637,23.5,4.25,7.0,9.5,637,20.1,5.0,8.0,11.5,635,17.3,5.5,8.88,13.65,628,14.0,6.0,10.56,16.0,616,11.4,7.25,13.0,16.0,612,9.6,8.0,14.25,16.0
TM,Hoch 1,331,0.5108062809819839,2.4809143125745456,5.027438181481422,7.723290106142958,12.155352528071102,15.66576267615595,31.89133861360193,331,31.1,3.0,5.12,6.75,331,22.7,4.25,6.75,9.25,331,18.7,5.0,7.5,12.0,329,16.1,5.5,8.5,14.05,325,12.0,6.0,10.25,16.0,317,9.1,6.75,12.5,16.0,315,7.3,7.0,13.62,16.0
TM,Hoch 2,147,0.614370304126111,3.222960133761739,5.026094892262317,8.691651154973805,11.620381729872383,14.882933950189804,28.797711514187586,147,34.7,3.25,5.5,7.6,147,24.5,4.25,7.0,9.75,147,22.4,5.0,8.5,11.5,147,19.7,5.5,9.62,13.7,145,17.2,6.25,11.0,16.0,142,15.5,7.62,12.75,16.0,141,14.9,8.25,14.0,16.0
TM,Hoch 3,76,0.6306478013561411,3.610938757283405,5.987052807608665,8.689566456689697,11.274563980376751,11.925585108160758,14.078192820372298,76,43.4,4.0,5.75,8.5,76,28.9,5.25,7.56,9.38,76,23.7,5.88,8.56,11.12,76,21.1,6.25,9.56,11.75,75,17.3,7.0,11.5,15.4,74,13.5,8.5,13.75,16.0,73,12.3,9.75,15.5,16.0
TM,Hoch 4,41,1.2593170079947928,3.5862654201859194,5.682998997275534,8.722584320813713,11.390437186877922,13.01566082548682,20.407448377713962,41,31.7,4.0,6.25,8.0,41,19.5,5.0,7.25,10.5,41,19.5,5.5,8.5,11.25,41,12.2,5.5,8.5,13.0,41,12.2,6.0,10.5,14.5,41,9.8,8.25,13.5,16.0,41,4.9,10.25,14.0,16.0
TM,Hoch 5,22,0.8469889494407132,2.876786969589158,4.301260675324496,6.289319211795976,9.254147692231028,13.969067111118422,19.042052419285596,22,27.3,3.75,4.5,6.25,22,18.2,3.88,6.25,6.75,22,18.2,4.25,6.25,9.23,22,18.2,4.5,6.62,9.4,22,13.6,4.75,8.56,13.93,22,9.1,7.25,14.69,16.0,22,9.1,8.5,15.81,16.0
TM,Hoch 6,7,1.6072073870676429,1.7147119451924322,2.7303507893863497,4.68152322968518,6.996102088275299,8.459881340313576,9.923660592351862,7,42.9,1.5,4.62,5.3,7,28.6,1.5,4.62,6.2,7,14.3,2.5,4.62,6.9,7,14.3,5.0,7.5,12.25,7,14.3,5.0,12.88,16.0,7,14.3,10.0,14.62,16.0,7,14.3,10.0,15.88,16.0
TM,Hoch 7,4,1.0603343015417164,2.3070857573857335,3.1279835622997503,4.192124108188086,5.378011915448268,5.773307851201661,6.168603786955056,4,25.0,2.12,3.12,4.25,4,25.0,2.12,3.19,4.43,4,25.0,3.0,4.12,5.25,4,25.0,5.38,10.19,13.68,4,25.0,9.25,16.0,16.0,4,25.0,14.0,16.0,16.0,4,0.0,14.0,16.0,16.0
TM,Hoch 8,3,1.5484299532792674,2.468574040740126,3.388718128200985,6.067906714004343,7.675419865486358,8.211257582647029,8.7470952998077,3,0.0,3.25,3.75,4.05,3,0.0,3.25,4.38,5.05,3,0.0,3.25,5.88,7.45,3,0.0,3.25,8.38,11.45,3,0.0,16.0,16.0,16.0,3,0.0,16.0,16.0,16.0,3,0.0,16.0,16.0,16.0
TM,Hoch 9,3,2.5373056553338342,4.545764314104527,6.55422297287522,9.497573833910575,11.263584350531787,11.852254522738857,12.44092469494593,3,33.3,3.5,4.88,5.7,3,33.3,4.0,5.88,7.0,3,33.3,6.5,9.38,11.1,3,33.3,8.75,12.38,14.55,3,33.3,16.0,16.0,16.0,3,33.3,16.0,16.0,16.0,3,33.3,16.0,16.0,16.0
TM,Hoch 10,1,6.205209557994124,6.205209557994124,6.205209557994124,6.205209557994124,6.205209557994124,6.205209557994124,6.205209557994124,1,0.0,6.0,6.0,6.0,1,0.0,6.0,6.0,6.0,1,0.0,6.0,6.0,6.0,1,0.0,6.0,6.0,6.0,1,0.0,6.0,6.0,6.0,1,0.0,6.25,6.25,6.25,1,0.0,9.0,9.0,9.0
TM,Hoch 11,1,6.868091099218604,6.868091099218604,6.868091099218604,6.868091099218604,6.868091099218604,6.868091099218604,6.868091099218604,1,0.0,6.75,6.75,6.75,1,0.0,6.75,6.75,6.75,1,0.0,6.75,6.75,6.75,1,0.0,6.75,6.75,6.75,1,0.0,6.75,6.75,6.75,1,0.0,7.0,7.0,7.0,1,0.0,9.75,9.75,9.75
TM,Hoch 12,1,8.104567274734947,8.104567274734947,8.104567274734947,8.104567274734947,8.104567274734947,8.104567274734947,8.104567274734947,1,100.0,8.0,8.0,8.0,1,100.0,8.0,8.0,8.0,1,0.0,8.0,8.0,8.0,1,0.0,8.0,8.0,8.0,1,0.0,8.0,8.0,8.0,1,0.0,8.25,8.25,8.25,1,0.0,10.5,10.5,10.5
TMO,alle,603,0.7256262643983719,2.245479928588184,3.9074728654545727,6.447833459082263,9.773745685493882,12.58790022724024,28.681523444208278,603,26.2,2.75,4.38,6.25,603,15.8,3.25,5.5,8.25,603,11.1,3.75,6.25,9.75,602,8.3,4.25,7.25,11.0,595,6.1,4.75,7.88,12.25,589,3.9,5.5,9.5,13.5,585,3.4,5.75,10.0,15.65
TMO,Hoch 1,280,0.7256262643983719,2.167237603037196,3.630594726573169,6.192950750787477,9.267078377038407,11.511288312035134,28.681523444208278,280,27.1,2.75,4.25,6.52,280,16.1,3.0,5.5,8.52,280,10.7,3.5,6.0,9.25,280,7.9,3.75,6.75,10.02,277,5.4,4.5,7.5,11.5,274,3.6,5.25,9.0,12.75,273,3.7,5.5,9.5,15.65
TMO,Hoch 2,141,0.87647250589681,2.0444125590672173,3.483376748450012,6.173729991541198,9.762109048612482,12.751615770762776,27.084092927260915,141,22.0,2.75,4.0,5.5,141,14.9,3.25,5.0,8.0,141,10.6,3.25,6.0,9.75,140,7.1,4.0,7.06,11.5,139,3.6,4.5,8.12,12.25,138,1.4,5.0,9.69,13.07,137,1.5,5.5,10.25,15.5
TMO,Hoch 3,88,0.9309656062005233,2.421426982623975,4.369802622091317,6.670364541812649,10.809832174309333,12.693534710861618,23.96225912988259,88,27.3,3.0,4.5,6.5,88,14.8,3.25,5.31,8.57,88,9.1,4.25,6.56,10.65,88,8.0,4.62,7.38,11.0,87,5.7,5.0,8.0,12.1,86,4.7,5.75,10.38,13.62,85,4.7,6.25,10.5,15.0
TMO,Hoch 4,52,1.2079582934893782,2.5824594237119167,4.899252549200214,7.664693239376528,9.9300060525332,12.151958804475342,14.037821912848255,52,28.8,3.88,5.31,6.22,52,17.3,4.0,6.06,8.22,52,17.3,4.75,7.56,9.7,52,11.5,5.12,7.75,11.0,51,11.8,5.5,8.5,11.5,50,6.0,5.88,10.62,13.25,49,4.1,6.0,10.75,15.8
TMO,Hoch 5,25,1.7953561831196774,3.4022115937430226,4.594741012811224,6.196453730456238,8.86985486215679,12.045791556996898,14.099915256917182,25,40.0,4.0,5.0,6.15,25,20.0,4.0,5.0,7.25,25,12.0,4.5,6.0,8.75,25,12.0,4.75,7.25,11.7,24,12.5,5.38,7.25,12.93,24,12.5,5.75,7.25,13.7,24,4.2,5.75,9.12,13.85
TMO,Hoch 6,10,0.9566854303214214,3.4345319513885144,3.856018912471146,6.871037248903983,8.261836899720944,11.495462913365314,14.729088927009697,10,10.0,3.0,4.12,5.28,10,10.0,3.12,4.94,5.7,10,10.0,3.75,6.81,8.2,10,10.0,4.75,9.62,14.53,10,10.0,4.75,11.31,14.65,10,10.0,4.75,11.31,14.65,10,10.0,5.0,11.31,14.65
TMO,Hoch 7,5,2.314451980043851,3.7074967081679553,6.729562723102901,7.980807973960885,11.244591588011406,12.332519459361578,13.420447330711752,5,20.0,2.5,6.0,6.3,5,20.0,3.5,6.0,6.3,5,20.0,6.5,7.75,11.05,5,20.0,6.75,11.5,14.2,5,20.0,6.75,13.5,15.0,5,0.0,6.75,13.5,15.0,5,0.0,6.75,13.5,15.0
TMO,Hoch 8,2,3.4955541970178015,6.078549081460748,8.661543965903695,11.244538850346641,12.79433578101241,13.310934757900998,13.827533734789588,2,0.0,2.38,2.69,2.88,2,0.0,3.0,3.0,3.0,2,0.0,8.5,11.12,12.7,2,0.0,9.62,12.81,14.72,2,0.0,9.75,12.88,14.75,2,0.0,9.75,12.88,14.75,2,0.0,11.25,13.62,15.05
TMUS,alle,471,0.6935340396759472,2.5178646741417787,4.240110840612878,6.846596371468943,9.743699225395032,12.825746999477154,22.57183536701843,471,31.6,3.0,4.5,6.5,471,21.0,3.75,5.75,8.25,471,16.8,4.0,6.75,9.5,470,14.3,4.5,7.25,11.03,466,10.7,4.88,8.25,13.0,460,7.2,5.75,9.75,14.75,455,5.9,6.5,10.5,15.5
TMUS,Hoch 1,228,0.6935340396759472,2.5204954628271077,4.055367125403652,6.6390276758463695,9.467758731504064,11.705832176227823,18.978669143319056,228,30.7,2.75,4.25,6.33,228,21.1,3.5,5.5,8.0,228,15.8,4.0,6.5,9.25,227,13.7,4.25,7.0,10.6,223,9.0,4.75,7.88,11.5,221,6.3,5.25,9.0,12.75,216,4.2,6.0,9.31,13.75
TMUS,Hoch 2,109,0.7832881493282882,2.4054726278829746,4.421052659188476,6.859644475567185,9.77236094490513,12.177085067432719,18.635884223583496,109,33.9,3.0,4.75,5.8,109,18.3,3.75,5.75,7.75,109,16.5,4.25,6.75,9.55,109,15.6,4.75,7.25,11.0,109,12.8,5.0,8.25,12.55,107,10.3,6.0,9.75,15.05,107,9.3,6.75,9.88,15.7
TMUS,Hoch 3,61,1.0426935116584246,2.302963273274402,4.807999085136044,7.752362302902114,11.549629339965083,15.956168627840515,22.57183536701843,61,29.5,3.0,5.0,7.0,61,23.0,3.75,6.5,9.0,61,19.7,4.75,7.75,11.5,61,14.8,4.75,7.75,12.25,61,11.5,5.0,9.25,16.0,60,6.7,6.25,11.12,16.0,60,6.7,7.38,11.94,16.0
TMUS,Hoch 4,33,1.2298684904388064,2.991850236833588,4.394580962255669,7.248893296783791,12.528788003735063,15.356992483803847,18.33622300520204,33,36.4,3.0,4.75,6.7,33,24.2,3.5,6.0,8.75,33,24.2,4.25,7.0,12.3,33,24.2,4.5,7.25,14.35,33,21.2,5.25,10.5,16.0,32,9.4,5.25,11.38,16.0,32,9.4,5.75,13.56,16.0
TMUS,Hoch 5,18,0.7628194524853192,3.262776359123253,4.239366759657816,7.197740663556141,8.527043331627155,11.002203195271443,18.05950223437329,18,5.6,3.5,4.81,6.8,18,5.6,4.12,7.12,8.53,18,5.6,4.12,7.12,8.53,18,0.0,4.12,7.38,8.53,18,0.0,5.12,7.5,11.63,18,0.0,6.5,9.12,12.5,18,0.0,6.5,11.62,14.78
TMUS,Hoch 6,14,0.9725391111659666,3.519372286839574,5.514059679060843,7.435753927070701,9.853180633701234,11.854288946050245,14.630030017972706,14,57.1,3.62,6.44,8.28,14,50.0,5.38,7.06,9.73,14,21.4,5.38,7.25,9.73,14,7.1,6.88,8.44,13.23,14,7.1,6.88,8.44,13.23,14,0.0,7.25,9.81,13.53,14,0.0,7.88,11.94,14.35
TMUS,Hoch 7,6,1.51120119850243,2.260170220580115,4.39584018904658,5.241746273032327,6.364604550630471,6.8223556836734565,7.280106816716441,6,33.3,3.25,4.44,4.88,6,16.7,4.25,5.06,6.25,6,16.7,4.25,5.06,6.25,6,16.7,4.88,7.88,12.38,6,16.7,4.88,7.88,12.38,6,16.7,8.0,11.69,14.0,6,16.7,9.62,14.56,15.38
TMUS,Hoch 8,2,2.0098632563871615,2.3411455037425757,2.6724277510979895,3.0037099984534033,3.2024793468666517,3.268735796337735,3.3349922458088175,2,50.0,2.62,2.94,3.12,2,0.0,2.62,2.94,3.12,2,0.0,2.62,2.94,3.12,2,0.0,2.62,2.94,3.12,2,0.0,2.62,2.94,3.12,2,0.0,8.25,11.38,13.25,2,0.0,9.0,12.5,14.6
TRV,alle,539,0.5476772785501641,2.3543202242823655,4.087712478453989,6.387214917453798,9.007386119928666,10.836137383099295,47.64816333430411,539,29.9,2.75,4.25,6.25,539,20.2,3.5,5.5,7.75,539,13.5,4.0,6.25,8.8,537,10.2,4.25,6.75,9.85,530,8.1,4.75,7.44,11.03,522,5.0,5.5,8.44,12.5,512,2.7,5.75,9.25,15.25
TRV,Hoch 1,247,0.5476772785501641,2.2917232970734616,3.8782974006374236,6.154913010215337,8.423279116167265,11.304965647416388,44.654383187422255,247,27.9,2.75,4.0,6.25,247,20.6,3.25,5.25,7.25,247,13.0,3.75,6.0,8.35,246,9.8,4.0,6.69,9.88,241,7.9,4.5,7.25,11.5,237,4.6,5.0,8.0,12.7,233,1.7,5.5,9.25,15.2
TRV,Hoch 2,126,0.6474562059022608,2.37294645717016,4.130122027610579,6.488500122938512,9.079963039519342,10.459127488213493,39.370635660239806,126,31.7,3.0,4.69,6.25,126,22.2,3.75,5.44,8.12,126,15.9,4.0,6.44,9.0,125,12.8,4.5,7.25,9.65,124,10.5,4.88,7.81,11.2,123,8.1,5.25,8.5,12.75,120,5.8,5.62,9.62,16.0
TRV,Hoch 3,77,0.7114213549452474,2.9162247521610216,4.294232873173622,6.654089131788986,9.235731046563162,10.924216985006279,44.53998234497849,77,42.9,3.5,4.75,6.1,77,23.4,4.25,5.75,6.85,77,16.9,4.25,6.5,9.0,77,14.3,4.5,7.25,10.85,76,10.5,5.5,7.94,12.38,75,6.7,5.75,8.75,13.25,73,4.1,6.25,9.25,15.45
TRV,Hoch 4,36,0.7799119908417448,2.7105854467710886,3.82556310952417,5.782491799260986,8.52249533942211,9.995026806573055,41.934984879720425,36,11.1,2.62,3.75,5.0,36,5.6,3.25,4.56,6.25,36,5.6,3.75,5.62,8.38,36,2.8,3.88,6.12,10.25,36,2.8,4.38,6.88,11.0,35,0.0,5.5,7.5,11.0,35,0.0,5.5,8.5,13.7
TRV,Hoch 5,23,1.3038248442335645,1.907110389341039,4.67450881371613,6.180524199149657,7.7785164911144715,9.366685119054019,47.64816333430411,23,30.4,3.0,4.12,4.7,23,26.1,3.5,5.25,6.15,23,13.0,4.5,6.0,7.7,23,4.3,4.5,6.0,9.1,23,4.3,4.5,6.5,9.1,22,0.0,5.38,8.25,9.73,22,0.0,5.38,8.44,9.98
TRV,Hoch 6,10,0.9395884869585189,1.727474218486352,2.588814427077674,8.299656584887263,8.734015676216998,8.735016970066084,8.736018263915168,10,40.0,2.5,5.56,7.38,10,10.0,2.5,6.19,7.38,10,0.0,2.5,8.19,8.5,10,0.0,2.62,8.19,8.5,10,0.0,3.62,8.19,8.5,10,0.0,3.75,8.5,10.03,9,0.0,3.0,8.5,10.05
TRV,Hoch 7,7,1.6836542511035864,1.8742311302391557,3.065607877523782,5.488595750187295,8.184429304322686,8.676851368846034,9.169273433369387,7,28.6,3.0,3.62,5.2,7,28.6,3.0,5.38,8.0,7,28.6,3.0,5.38,8.1,7,14.3,3.0,5.62,8.1,7,14.3,3.75,6.38,8.1,7,0.0,3.75,6.62,8.8,7,0.0,3.75,6.62,8.8
TRV,Hoch 8,3,3.161227854390219,3.3629434486535006,3.564659042916782,4.000571820767072,4.262119487477246,4.349302043047304,4.436484598617362,3,33.3,1.5,2.75,3.5,3,0.0,1.5,2.75,3.5,3,0.0,3.5,3.88,4.1,3,0.0,3.5,3.88,4.1,3,0.0,3.5,3.88,4.1,3,0.0,3.5,3.88,4.1,3,0.0,3.5,3.88,4.1
TRV,Hoch 9,2,3.0704535037662315,3.4000597643581254,3.7296660249500198,4.059272285541914,4.25703604189705,4.322957294015429,4.388878546133808,2,0.0,1.0,1.0,1.0,2,0.0,1.75,2.12,2.35,2,0.0,3.62,3.94,4.12,2,0.0,3.62,3.94,4.12,2,0.0,3.75,4.0,4.15,2,0.0,3.75,4.0,4.15,2,0.0,3.75,4.0,4.15
TRV,Hoch 10,2,6.087074006397103,6.1600060660091485,6.232938125621194,6.305870185233239,6.349629421000467,6.364215832922875,6.378802244845285,2,0.0,1.75,1.75,1.75,2,0.0,5.12,5.69,6.03,2,0.0,6.12,6.19,6.22,2,0.0,6.12,6.19,6.22,2,0.0,6.38,6.56,6.67,2,0.0,6.38,6.56,6.67,2,0.0,6.38,6.56,6.67
TRV,Hoch 11,2,7.774048924730692,7.8887751543194895,8.003501383908288,8.118227613497085,8.187063351250364,8.210008597168125,8.232953843085884,2,0.0,1.75,1.88,1.95,2,0.0,7.88,7.94,7.97,2,0.0,7.88,7.94,7.97,2,0.0,8.12,8.19,8.22,2,0.0,8.12,8.19,8.22,2,0.0,8.12,8.19,8.22,2,0.0,8.12,8.19,8.22
TRV,Hoch 12,2,8.89482443475252,9.062940372180405,9.23105630960829,9.399172247036175,9.500041809492906,9.533664996978482,9.56728818446406,2,0.0,5.88,7.31,8.18,2,0.0,9.12,9.31,9.43,2,0.0,9.12,9.31,9.43,2,0.0,9.38,9.44,9.47,2,0.0,9.38,9.44,9.47,2,0.0,9.38,9.44,9.47,2,0.0,9.38,9.44,9.47
TRV,Hoch 13,1,10.433341642174288,10.433341642174288,10.433341642174288,10.433341642174288,10.433341642174288,10.433341642174288,10.433341642174288,1,0.0,9.75,9.75,9.75,1,0.0,9.75,9.75,9.75,1,0.0,10.25,10.25,10.25,1,0.0,10.25,10.25,10.25,1,0.0,10.25,10.25,10.25,1,0.0,10.25,10.25,10.25,1,0.0,10.25,10.25,10.25
TRV,Hoch 14,1,11.255656683798266,11.255656683798266,11.255656683798266,11.255656683798266,11.255656683798266,11.255656683798266,11.255656683798266,1,100.0,10.75,10.75,10.75,1,100.0,10.75,10.75,10.75,1,100.0,11.25,11.25,11.25,1,100.0,11.25,11.25,11.25,1,0.0,11.25,11.25,11.25,1,0.0,11.25,11.25,11.25,1,0.0,11.25,11.25,11.25
TSLA,alle,440,0.645161273040369,2.6857313247121057,4.687692081039052,6.93571346959547,9.162990419726446,10.890367095189921,16.544271269365133,440,31.6,3.0,5.0,6.75,440,20.5,4.0,6.25,8.5,440,16.6,4.5,6.75,9.0,439,13.9,5.0,7.62,9.8,435,11.3,5.5,8.25,10.75,429,6.5,6.0,9.25,12.5,418,4.5,6.5,9.75,13.0
TSLA,Hoch 1,209,0.645161273040369,2.4063401337719745,4.545446663861038,6.34353336247076,8.50404764535912,9.859508923125993,15.487396554912042,209,28.7,3.0,4.75,6.3,209,14.4,3.75,5.75,8.0,209,10.5,4.5,6.25,8.3,208,8.7,4.75,6.75,9.08,206,6.8,5.25,7.75,10.0,200,2.0,5.5,8.25,11.02,195,0.5,5.75,9.0,11.65
TSLA,Hoch 2,101,0.749449314309386,2.6924455960685827,4.813072295295578,7.121889213708079,9.37107633486073,10.38688986847411,13.929386967476754,101,35.6,3.5,5.5,7.25,101,24.8,4.0,6.5,9.25,101,19.8,4.75,7.0,9.25,101,16.8,5.25,8.25,10.0,100,14.0,5.75,8.81,11.03,100,9.0,6.25,9.81,13.8,97,7.2,6.75,10.0,13.95
TSLA,Hoch 3,55,0.7536713215130479,3.183975540363531,4.985994156979593,7.361860864309686,9.200874788643548,10.90000992104279,16.544271269365133,55,32.7,3.0,5.0,6.75,55,25.5,3.75,6.5,7.8,55,21.8,4.75,7.25,9.0,55,20.0,5.75,8.62,10.05,54,18.5,6.38,9.19,10.75,54,14.8,7.38,9.75,13.53,53,11.3,7.5,10.5,14.35
TSLA,Hoch 4,34,1.0265278931149369,2.579782143758208,4.178379119824297,7.23914578635615,9.513110378976494,11.080625739929665,12.588566259188713,34,26.5,2.62,4.44,6.5,34,26.5,3.38,6.44,7.17,34,26.5,4.0,7.19,9.27,34,20.6,5.38,7.44,10.45,34,14.7,6.25,8.94,10.6,34,5.9,7.12,9.75,12.9,33,6.1,7.25,10.25,13.9
TSLA,Hoch 5,20,1.516958293687787,3.778120398931855,5.481735497344085,8.607468234344154,11.187544244320383,12.880150400577726,13.336817407602487,20,35.0,3.38,4.75,6.8,20,30.0,4.62,6.81,9.15,20,25.0,5.38,8.56,11.18,20,20.0,6.38,9.06,11.18,20,15.0,6.62,9.69,12.8,20,15.0,7.0,10.25,13.03,19,15.8,8.0,11.38,13.3
TSLA,Hoch 6,11,2.8124277129406137,4.177578058949213,6.918055906475939,10.674176031512305,12.510385871418377,12.52418041118829,12.537974950958201,11,63.6,5.25,6.0,7.0,11,45.5,5.5,8.25,12.25,11,45.5,6.75,10.62,12.5,11,36.4,6.75,10.62,12.5,11,27.3,6.75,10.62,12.5,11,18.2,7.0,10.62,12.5,11,0.0,7.5,10.75,12.5
TSLA,Hoch 7,4,2.0158661735606263,2.4427523467775187,3.6439105074701286,6.787011109229266,10.538639207079154,11.789181906362444,13.039724605645743,4,0.0,3.5,4.5,4.5,4,0.0,3.5,6.62,10.45,4,0.0,3.5,6.62,10.45,4,0.0,3.5,6.62,10.45,4,0.0,3.5,6.62,10.45,4,0.0,3.5,7.38,12.55,4,0.0,6.5,11.88,14.35
TSLA,Hoch 8,2,3.245265842924893,3.519132822849484,3.7929998027740757,4.066866782698667,4.231186970653422,4.2859603666383395,4.340733762623258,2,50.0,3.62,3.94,4.12,2,0.0,3.62,3.94,4.12,2,0.0,3.62,3.94,4.12,2,0.0,3.62,3.94,4.12,2,0.0,3.62,3.94,4.12,2,0.0,3.62,3.94,4.12,2,0.0,3.62,3.94,4.12
TSLA,Hoch 9,2,3.191887133669473,3.3736134620662055,3.555339790462938,3.7370661188596697,3.8461019158977092,3.8824471815770556,3.918792447256402,2,0.0,3.38,3.56,3.67,2,0.0,3.38,3.56,3.67,2,0.0,3.38,3.56,3.67,2,0.0,3.38,3.56,3.67,2,0.0,3.38,3.56,3.67,2,0.0,3.38,3.56,3.67,2,0.0,3.38,3.56,3.67
TSLA,Hoch 10,2,6.043824685368735,6.118341930907132,6.192859176445529,6.267376421983925,6.312086769306963,6.326990218414642,6.341893667522322,2,50.0,6.12,6.19,6.22,2,50.0,6.12,6.19,6.22,2,0.0,6.12,6.19,6.22,2,0.0,6.12,6.19,6.22,2,0.0,6.12,6.19,6.22,2,0.0,6.12,6.19,6.22,2,0.0,6.12,6.19,6.22
TSM,alle,616,0.5899672821774428,2.2071459467504893,3.831056433118351,6.725374637825526,9.154883244401788,10.834362626676336,17.491687596521675,616,25.0,2.75,4.25,6.25,616,15.4,3.25,5.56,8.25,616,11.5,3.75,6.5,9.0,612,8.7,3.75,7.25,10.0,605,4.8,4.5,8.25,11.5,601,2.7,5.0,9.25,12.5,593,1.2,5.5,10.0,13.25
TSM,Hoch 1,295,0.5899672821774428,2.1243942242561573,3.68588953989462,6.734465647145508,9.146429570452801,10.771861872926673,16.25749186854072,295,25.8,2.75,4.5,6.15,295,16.3,3.25,5.75,7.5,295,11.2,3.5,6.5,9.0,293,8.2,4.0,7.25,10.0,290,3.1,4.62,8.19,11.03,288,2.4,5.0,9.06,12.5,284,1.4,5.5,10.25,13.25
TSM,Hoch 2,141,0.815397458510535,2.025724190305157,3.582208956389419,6.035024359355294,8.656832276834377,10.669799271513272,14.484728547923538,141,23.4,2.5,4.0,6.75,141,14.2,3.0,5.25,7.75,141,14.2,3.5,6.0,8.5,139,11.5,3.5,6.5,10.25,137,7.3,3.75,7.5,11.75,136,2.9,4.0,8.5,13.12,134,1.5,4.62,9.25,13.43
TSM,Hoch 3,83,0.7619045964005494,2.5983688860799887,3.977708507173266,6.152417105923778,9.259619218907556,10.25782971168447,17.491687596521675,83,21.7,2.75,3.88,5.45,83,9.6,3.25,5.25,8.7,83,6.0,3.75,6.0,9.15,83,4.8,3.75,6.5,9.9,81,4.9,4.5,8.5,11.5,80,1.2,4.62,9.12,12.53,80,1.2,5.0,9.62,12.9
TSM,Hoch 4,45,1.0359469904932828,2.4936616352682957,4.805961428083521,7.626778599357117,11.182964022897425,13.067190929079825,16.81706659845802,45,24.4,3.0,4.25,5.65,45,15.6,4.0,6.25,9.15,45,11.1,4.75,7.5,11.05,45,6.7,4.75,8.5,12.4,45,4.4,5.0,9.25,12.8,45,4.4,5.25,9.75,12.8,44,0.0,6.25,10.25,12.85
TSM,Hoch 5,28,1.1843790528548268,2.1253226135013867,4.540225692712037,7.7565030135276585,9.230085172706868,10.974266283729861,11.979639668818189,28,39.3,2.75,4.56,6.7,28,28.6,3.62,6.0,7.83,28,21.4,4.38,7.56,9.1,28,14.3,4.38,7.56,9.8,28,7.1,4.88,8.0,11.0,28,3.6,5.38,8.0,11.0,27,0.0,5.75,10.62,11.85
TSM,Hoch 6,10,1.394293472199348,2.2931430886156345,3.7195663056941664,5.862425823272107,8.194235671320474,8.571689143973046,8.94914261662562,10,10.0,2.5,2.94,5.65,10,0.0,2.62,5.31,5.75,10,0.0,3.62,5.69,8.07,10,0.0,4.25,5.69,8.17,10,0.0,5.12,7.25,8.17,10,0.0,5.12,7.56,8.17,10,0.0,5.12,7.56,8.17
TSM,Hoch 7,8,0.8466807508096995,3.9587481992437406,4.757608817982166,7.013140557493841,8.584481756194004,8.677584663707814,8.770687571221623,8,12.5,2.62,3.12,4.7,8,12.5,4.0,7.0,8.57,8,12.5,4.62,7.0,8.57,8,12.5,4.75,7.0,8.8,8,12.5,5.88,8.75,9.72,8,0.0,6.12,8.75,9.72,8,0.0,6.12,8.75,9.72
TSM,Hoch 8,4,2.365867119318832,6.218387792257747,7.944562984581311,8.403029534074795,8.432666380744001,8.442545329633736,8.452424278523472,4,50.0,4.88,6.81,6.92,4,50.0,7.88,8.25,8.25,4,25.0,7.88,8.25,8.25,4,25.0,7.88,8.25,8.25,4,25.0,8.25,9.38,11.4,4,25.0,8.38,9.56,11.48,4,0.0,8.38,9.56,11.48
TSM,Hoch 9,2,3.253231417039101,4.925823050042916,6.598414683046731,8.271006316050546,9.274561295852836,9.609079622453597,9.943597949054361,2,50.0,5.88,7.19,7.97,2,50.0,6.5,8.12,9.1,2,0.0,6.5,8.12,9.1,2,0.0,8.62,9.19,9.53,2,0.0,13.0,14.0,14.6,2,0.0,13.0,14.0,14.6,2,0.0,13.0,14.0,14.6
TTD,alle,282,0.6397028032863268,2.939992051340443,4.966575702677224,7.521450432707971,11.428098377565542,13.66913762066973,20.963960530765227,282,32.3,3.25,5.0,6.98,282,21.6,4.38,6.0,9.0,282,17.4,4.75,7.44,11.2,277,12.6,5.25,8.5,13.0,272,10.3,5.75,9.56,14.73,265,6.8,6.25,10.75,16.0,259,4.6,7.0,11.12,16.0
TTD,Hoch 1,141,0.6397028032863268,2.76291886277601,4.733248570922075,6.857771699527138,9.376283133233548,13.673492578505018,20.963960530765227,141,33.3,2.75,4.0,6.5,141,22.7,4.0,5.75,9.0,141,17.0,4.5,6.75,9.25,138,11.6,4.75,7.75,11.2,135,8.9,5.25,9.0,13.5,130,6.2,6.0,10.69,14.8,127,5.5,6.75,10.75,14.45
TTD,Hoch 2,72,0.9854383470496662,2.896975498800514,4.924988529335954,7.611073573555235,10.58116443595482,13.156707882452544,18.605369872630334,72,33.3,3.25,4.81,5.97,72,22.2,4.5,6.25,9.65,72,16.7,4.75,7.56,10.47,71,11.3,5.25,9.5,13.0,70,8.6,5.75,10.25,14.08,69,4.3,5.75,10.5,15.6,67,3.0,5.75,11.25,15.05
TTD,Hoch 3,38,1.1818989126863497,3.114188355066035,5.5633043894391925,8.027396333985987,11.08643079061493,13.707157740018843,19.424292639246016,38,28.9,3.75,5.44,8.38,38,18.4,5.0,6.38,8.73,38,18.4,5.5,7.94,10.95,37,16.2,6.0,8.5,14.1,36,13.9,7.0,8.56,15.88,35,8.6,7.75,9.62,16.0,34,2.9,7.75,10.44,15.93
TTD,Hoch 4,18,1.2254851971331593,3.4657294417620332,5.28365841761692,7.829535323271989,11.077504653448477,14.465412276590975,14.997520238702412,18,22.2,3.38,5.69,6.85,18,22.2,4.5,6.12,8.28,18,22.2,5.12,7.75,10.93,18,16.7,6.38,7.75,11.95,18,16.7,7.75,9.06,15.12,18,11.1,7.88,10.38,15.3,18,5.6,7.88,11.31,16.0
TTD,Hoch 5,6,3.380714823509648,4.281997855590742,5.909490993582883,9.300334908115365,12.516917018363202,13.744800812189567,14.972684606015932,6,50.0,4.38,6.38,9.88,6,16.7,4.88,6.5,10.88,6,16.7,5.88,9.25,12.38,6,16.7,5.88,9.25,13.0,6,16.7,5.88,11.31,14.38,6,16.7,7.25,11.44,14.38,6,16.7,8.75,12.19,14.38
TTD,Hoch 6,2,2.9109001284706646,5.096332547312291,7.281764966153918,9.467197384995544,10.77845683630052,11.215543320068845,11.65262980383717,2,0.0,4.38,5.19,5.67,2,0.0,4.5,5.38,5.9,2,0.0,7.12,9.31,10.62,2,0.0,7.12,9.31,10.62,2,0.0,8.62,11.56,13.32,2,0.0,8.62,11.56,13.32,2,0.0,8.62,11.56,13.32
TTD,Hoch 7,2,2.6621077220631,5.073684239739492,7.485260757415885,9.896837275092278,11.343783185698113,11.826098489233392,12.30841379276867,2,0.0,4.25,5.38,6.05,2,0.0,4.38,5.56,6.28,2,0.0,7.38,9.81,11.28,2,0.0,7.38,9.81,11.28,2,0.0,8.88,12.06,13.97,2,0.0,8.88,12.06,13.97,2,0.0,8.88,12.06,13.97
TTD,Hoch 8,2,4.756102157132546,6.8818121310840565,9.007522105035568,11.133232078987078,12.408658063357985,12.833800058148286,13.258942052938588,2,50.0,5.75,6.62,7.15,2,50.0,6.25,7.0,7.45,2,50.0,9.0,11.12,12.4,2,50.0,9.0,11.12,12.4,2,50.0,10.38,13.19,14.88,2,50.0,10.38,13.19,14.88,2,0.0,11.62,13.81,15.12
TTD,Hoch 9,1,4.91182427965823,4.91182427965823,4.91182427965823,4.91182427965823,4.91182427965823,4.91182427965823,4.91182427965823,1,100.0,4.25,4.25,4.25,1,0.0,4.75,4.75,4.75,1,0.0,4.75,4.75,4.75,1,0.0,4.75,4.75,4.75,1,0.0,4.75,4.75,4.75,1,0.0,4.75,4.75,4.75,1,0.0,9.25,9.25,9.25
TTE,alle,718,0.5074469126843318,2.6829807839059603,4.483094507740105,7.659413215873146,11.567303540065303,13.914478724534176,61.87839718517995,718,28.1,3.0,4.75,7.25,718,18.0,4.0,6.5,9.75,718,13.8,4.25,7.5,11.5,714,10.6,4.62,8.0,13.0,708,7.5,5.12,9.5,15.0,699,6.0,6.0,11.62,16.0,689,5.2,6.75,12.5,16.0
TTE,Hoch 1,348,0.5074469126843318,2.628415289918436,4.2128178634493345,7.613667666936603,11.2933480433897,13.907374890543583,49.96006330388282,348,26.7,3.0,4.75,7.33,348,17.5,3.75,6.5,10.0,348,14.1,4.0,7.5,11.08,346,11.3,4.25,8.19,12.75,344,7.8,4.5,9.31,14.17,341,5.9,5.25,10.75,16.0,336,5.1,6.12,11.5,16.0
TTE,Hoch 2,178,0.6179731279317142,2.701725229912397,4.492407727583835,7.706913682948476,11.985273840548752,14.04564465727246,49.38722865866129,178,30.9,3.0,4.75,7.4,178,18.0,4.0,6.69,9.75,178,13.5,4.38,7.5,11.83,177,10.2,4.5,8.0,13.0,174,6.9,4.75,9.88,14.68,172,5.2,5.88,11.81,16.0,169,4.7,6.5,12.75,16.0
TTE,Hoch 3,93,0.8758331864497612,3.1528931867007457,4.834581552518316,7.7240599597966,12.046192507758049,13.677536138025843,61.87839718517995,93,28.0,3.0,5.25,7.2,93,16.1,4.25,6.75,9.95,93,11.8,4.75,7.5,11.95,92,9.8,5.12,7.81,14.4,91,7.7,6.0,10.62,16.0,90,6.7,6.75,13.5,16.0,88,6.8,7.62,15.44,16.0
TTE,Hoch 4,43,1.1746019460596306,3.5903763278711778,5.000646320176621,7.170880274335368,8.952081267343695,12.057872873277354,60.77445393544068,43,23.3,3.0,5.12,6.5,43,16.3,4.25,6.5,8.6,43,11.6,5.0,7.12,8.75,43,7.0,5.5,7.5,9.15,43,4.7,6.25,8.5,15.65,42,4.8,6.62,10.0,16.0,42,4.8,8.0,11.94,16.0
TTE,Hoch 5,31,1.0323758831553904,3.9535141850337956,5.891753401837869,7.717027225679747,8.870268040028433,12.100396342704592,19.059387085118118,31,35.5,3.0,4.75,6.75,31,29.0,4.75,6.25,8.75,31,22.6,5.75,7.62,8.75,31,12.9,6.5,8.75,12.25,31,9.7,7.25,9.12,12.75,30,10.0,7.62,12.12,16.0,30,6.7,8.12,14.44,16.0
TTE,Hoch 6,12,1.4017349637613787,3.772496670176864,5.93394382525496,7.691725369920796,8.830961050770401,8.937640200418844,9.03130940481983,12,33.3,2.75,4.06,5.83,12,25.0,4.25,6.12,7.47,12,8.3,5.75,7.56,8.72,12,8.3,7.5,8.56,9.43,12,0.0,7.5,9.75,15.75,11,0.0,8.25,11.0,16.0,11,0.0,8.25,14.38,16.0
TTE,Hoch 7,4,1.1758416357190589,2.333755019558348,5.314295204461471,8.612586959124908,9.879287814997044,10.301521433621087,10.723755052245133,4,25.0,2.38,3.12,4.25,4,25.0,2.75,4.62,7.55,4,25.0,5.12,8.44,9.68,4,25.0,6.5,11.62,13.65,4,25.0,8.75,15.25,15.7,4,25.0,8.75,15.25,15.7,4,0.0,9.25,16.0,16.0
TTE,Hoch 8,3,1.5283387082545745,1.9595289996591254,2.390719291063676,6.667247863995264,9.233165007754218,10.088470722340535,10.943776436926854,3,0.0,2.25,2.88,3.25,3,0.0,2.25,5.0,6.65,3,0.0,2.25,6.5,9.05,3,0.0,2.25,9.12,13.25,3,0.0,2.25,9.12,13.25,3,0.0,2.25,9.12,13.25,3,0.0,2.25,9.12,13.25
TTE,Hoch 9,3,1.5083034999751443,2.155726766406939,2.803150032838733,8.844996204355173,12.470103907265038,13.678473141568325,14.886842375871614,3,33.3,2.75,5.38,6.95,3,33.3,2.75,7.12,9.75,3,33.3,2.75,8.75,12.35,3,33.3,2.75,9.38,13.35,3,33.3,2.75,9.38,13.35,3,33.3,2.75,9.38,13.35,3,33.3,2.75,9.38,13.35
TTE,Hoch 10,2,3.392696938301082,3.5123187232236384,3.6319405081461946,3.751562293068751,3.8233353640222845,3.847259721006796,3.871184077991307,2,0.0,3.5,3.62,3.7,2,0.0,3.5,3.62,3.7,2,0.0,3.5,3.62,3.7,2,0.0,3.75,4.0,4.15,2,0.0,3.75,4.0,4.15,2,0.0,3.75,4.0,4.15,2,0.0,3.75,4.0,4.15
TTE,Hoch 11,1,4.8614607918964285,4.8614607918964285,4.8614607918964285,4.8614607918964285,4.8614607918964285,4.8614607918964285,4.8614607918964285,1,100.0,4.25,4.25,4.25,1,0.0,4.25,4.25,4.25,1,0.0,4.75,4.75,4.75,1,0.0,4.75,4.75,4.75,1,0.0,4.75,4.75,4.75,1,0.0,4.75,4.75,4.75,1,0.0,4.75,4.75,4.75
TTWO,alle,489,0.6650468391871712,2.49435386384409,4.275650026944522,6.20711999629641,9.637573513714589,11.67540736611101,24.916300022657428,489,28.8,2.75,4.5,6.5,489,19.2,3.75,5.75,8.25,489,14.9,4.25,6.0,9.5,488,11.3,4.38,7.0,10.33,482,8.1,5.0,8.0,11.23,477,6.1,5.5,9.25,12.75,469,5.1,5.75,9.5,14.0
TTWO,Hoch 1,235,0.6650468391871712,2.2418520934312567,3.8226968598867717,6.175689808032793,9.648348312895758,13.241388565295008,24.916300022657428,235,26.0,2.75,4.5,6.25,235,18.3,3.5,5.5,8.5,235,14.9,3.75,6.0,9.5,234,11.5,4.25,6.69,10.0,231,8.7,4.75,7.75,12.0,227,6.6,5.25,9.0,13.55,222,5.0,5.5,9.25,14.48
TTWO,Hoch 2,117,0.8534575472671111,2.610451716016389,4.202081475817482,5.6828449726402015,9.443520712868992,11.4470772934566,23.803785739557185,117,29.9,2.75,4.75,6.6,117,17.1,3.75,5.5,7.25,117,13.7,4.0,5.5,9.25,117,11.1,4.25,6.0,9.85,116,8.6,4.62,7.38,10.38,115,6.1,5.0,9.12,12.9,113,5.3,5.5,9.25,13.45
TTWO,Hoch 3,61,1.2727269167838133,2.9875145186986454,4.693548856710385,7.505908836351258,10.776791259864876,11.600597920241169,14.1282403819699,61,32.8,3.25,4.5,6.5,61,24.6,4.0,6.25,8.5,61,19.7,4.5,7.5,10.75,61,13.1,5.0,8.0,11.25,60,8.3,5.62,8.75,12.58,60,5.0,6.12,9.75,12.58,59,5.1,6.25,10.0,13.35
TTWO,Hoch 4,36,1.3725043605536984,2.76867883410406,4.872980532231674,7.092528961870635,9.902745780933351,10.78933775048839,11.809444658373863,36,22.2,3.25,4.88,6.38,36,13.9,3.75,6.0,6.75,36,8.3,4.75,7.06,9.75,36,8.3,5.25,7.44,10.38,35,5.7,5.75,8.75,10.65,35,5.7,6.0,10.0,14.4,35,5.7,6.25,10.0,14.4
TTWO,Hoch 5,18,1.5197365098217477,3.7491356798792568,5.816055228453867,7.678629854801846,10.807860734393156,11.276695655286415,11.597139977120907,18,50.0,4.12,5.69,6.73,18,38.9,5.62,6.38,8.58,18,22.2,5.62,7.56,10.65,18,22.2,5.62,8.69,10.65,18,11.1,6.12,8.69,10.65,18,11.1,7.0,10.88,11.57,18,11.1,7.0,11.5,11.75
TTWO,Hoch 6,7,1.2921242581634325,2.5730991063229416,3.347227437571339,5.884427140492367,8.019830674281241,8.749409432375572,9.478988190469908,7,57.1,3.25,4.0,5.2,7,14.3,3.25,5.38,7.45,7,14.3,3.25,5.75,7.9,7,0.0,3.25,5.75,7.9,7,0.0,3.25,5.75,7.9,7,0.0,4.75,6.25,9.2,7,0.0,4.75,7.75,11.5
TTWO,Hoch 7,4,0.9597151619589059,2.1534955256935477,2.676442207628318,3.5748394754195756,4.966918748202039,5.430945172462858,5.894971596723679,4,0.0,2.12,2.56,2.67,4,0.0,2.62,3.5,4.85,4,0.0,2.62,3.5,4.85,4,0.0,2.62,3.88,5.9,4,0.0,3.88,6.0,7.35,4,0.0,6.38,7.69,8.03,4,0.0,6.38,7.69,8.03
TTWO,Hoch 8,4,0.6676176711991427,1.9722186531226649,4.272015188914983,6.247355617098426,6.446095212556563,6.512341744375942,6.578588276195322,4,25.0,3.88,5.75,6.2,4,25.0,4.12,6.12,6.35,4,25.0,4.12,6.12,6.35,4,0.0,4.38,6.81,7.38,4,0.0,5.0,8.44,9.68,4,0.0,7.38,8.44,9.68,4,0.0,7.38,8.44,9.68
TTWO,Hoch 9,4,2.515469713283848,3.6201479603205113,5.19302722985062,6.55971994527763,6.85139109611405,6.948614813059523,7.045838530004996,4,50.0,5.0,6.44,6.78,4,50.0,5.0,6.44,6.78,4,25.0,5.0,6.44,6.78,4,0.0,5.38,7.31,7.88,4,0.0,6.0,8.5,8.95,4,0.0,7.75,8.5,8.95,4,0.0,7.75,8.5,8.95
TTWO,Hoch 10,2,3.5355876982038743,3.876184136801166,4.216780575398457,4.557377013995748,4.761734877154123,4.8298541648735815,4.89797345259304,2,0.0,3.88,4.31,4.58,2,0.0,4.12,4.44,4.62,2,0.0,4.12,4.44,4.62,2,0.0,4.12,4.44,4.62,2,0.0,4.12,4.44,4.62,2,0.0,6.38,7.81,8.68,2,0.0,6.38,7.81,8.68
TTWO,Hoch 11,1,4.063484340975747,4.063484340975747,4.063484340975747,4.063484340975747,4.063484340975747,4.063484340975747,4.063484340975747,1,100.0,4.0,4.0,4.0,1,0.0,4.0,4.0,4.0,1,0.0,4.0,4.0,4.0,1,0.0,4.0,4.0,4.0,1,0.0,4.0,4.0,4.0,1,0.0,4.0,4.0,4.0,1,0.0,4.0,4.0,4.0
TXN,alle,569,0.7353529953734861,2.3581976824562165,3.9531757862011654,6.289652034007726,9.724451316612404,12.002671521814817,22.316485104480936,569,28.1,2.75,4.25,6.0,569,18.6,3.5,5.25,7.5,569,14.2,3.75,6.25,9.5,565,10.6,4.0,7.0,11.25,560,8.2,4.5,8.5,13.25,553,4.9,5.25,10.75,14.5,543,3.9,5.75,11.5,15.7
TXN,Hoch 1,277,0.7353529953734861,2.3581976824562165,3.9019987561465572,6.314742459141831,9.712215304101726,11.938144253283754,21.22169889323627,277,28.9,2.75,4.25,6.0,277,18.1,3.25,5.25,7.5,277,13.4,3.75,6.25,9.5,275,9.1,4.0,6.88,11.55,274,8.0,4.5,8.25,13.0,272,4.0,5.38,10.06,13.98,266,4.1,5.75,11.0,14.88
TXN,Hoch 2,132,0.751768586599936,2.357909186589291,3.732089829931185,6.1432854027397035,10.050630355436345,12.17258982611134,22.316485104480936,132,25.8,2.75,4.5,6.23,132,16.7,3.25,5.25,7.98,132,15.2,3.62,6.0,9.98,131,13.0,4.0,7.0,11.25,129,8.5,4.5,9.25,13.3,129,4.7,5.25,10.5,14.0,126,2.4,5.88,10.75,14.25
TXN,Hoch 3,74,1.0911831896268027,1.9892849535300612,3.7951900141533517,6.777626344488358,10.278584248125986,13.153386437578193,15.805506429588906,74,35.1,2.75,4.0,6.78,74,25.7,3.12,5.75,7.93,74,18.9,3.62,6.62,10.18,74,12.2,4.25,7.94,13.2,72,8.3,4.62,8.56,13.4,71,7.0,5.5,9.88,15.0,70,5.7,6.0,12.12,16.0
TXN,Hoch 4,37,1.1933144286123032,2.2136668017289454,4.1924263901217556,6.695153475864696,9.285903559265394,11.378484779501417,17.11693770972524,37,27.0,2.75,4.25,6.0,37,24.3,4.0,4.25,6.8,37,16.2,4.0,6.5,9.15,36,13.9,4.0,7.56,10.88,36,11.1,4.12,9.81,13.38,35,8.6,4.75,11.88,15.4,35,2.9,6.0,12.38,16.0
TXN,Hoch 5,20,1.2192675751567528,3.0734442632215404,4.661472666244517,5.6778998750075225,7.655722004050531,10.212131975124777,20.610500316425505,20,25.0,3.5,5.0,5.78,20,15.0,4.12,5.38,7.03,20,10.0,4.62,5.56,7.48,20,10.0,4.62,6.06,9.5,20,10.0,4.88,6.5,12.85,19,5.3,5.0,11.38,16.0,19,5.3,6.75,13.0,16.0
TXN,Hoch 6,12,1.3548481684923002,3.331929413031764,4.6006813459347615,5.714200319172847,6.364078171131452,6.441705380684432,6.452294603863305,12,16.7,3.38,5.0,5.22,12,8.3,4.5,5.5,5.72,12,8.3,4.5,5.5,6.18,12,8.3,4.5,5.69,6.25,12,0.0,4.5,6.25,10.75,11,0.0,5.5,12.88,13.75,11,0.0,6.25,13.12,13.75
TXN,Hoch 7,6,1.8915256346383562,2.8802791022442387,3.5657441841423294,4.712365104695629,5.589376540995772,5.841339262096746,6.093301983197719,6,33.3,3.5,3.69,4.5,6,16.7,3.5,4.62,5.5,6,0.0,3.5,4.62,5.5,6,0.0,3.5,4.62,5.5,6,0.0,3.5,4.62,5.5,5,0.0,3.5,5.0,11.6,5,0.0,5.0,7.0,12.4
TXN,Hoch 8,3,1.5004641469557674,2.188310426907326,2.8761567068588847,3.6263239730049133,4.076424332692531,4.2264577859217365,4.376491239150942,3,0.0,2.25,2.5,2.65,3,0.0,2.75,3.5,3.95,3,0.0,2.75,3.5,3.95,3,0.0,2.75,3.5,3.95,3,0.0,2.75,5.38,6.95,3,0.0,2.75,9.38,13.35,3,0.0,2.75,9.38,13.35
TXN,Hoch 9,3,1.3892286664387048,2.518352259859541,3.647475853280377,3.9438419347789493,4.121661583678093,4.180934799977807,4.2402080162775215,3,0.0,1.5,2.75,3.5,3,0.0,3.5,3.75,3.9,3,0.0,3.5,3.75,3.9,3,0.0,3.5,3.75,3.9,3,0.0,4.0,5.75,6.8,3,0.0,4.0,9.38,12.6,3,0.0,4.0,9.38,12.6
TXN,Hoch 10,2,1.4743357439074491,2.0986236453520903,2.7229115467967313,3.3471994482413727,3.721772189108157,3.8466297693970852,3.9714873496860137,2,0.0,1.0,1.12,1.2,2,0.0,2.5,3.12,3.5,2,0.0,2.5,3.12,3.5,2,0.0,2.5,3.12,3.5,2,0.0,5.38,7.44,8.68,2,0.0,7.75,11.0,12.95,2,0.0,7.75,11.0,12.95
TXN,Hoch 11,1,4.873803711512492,4.873803711512492,4.873803711512492,4.873803711512492,4.873803711512492,4.873803711512492,4.873803711512492,1,0.0,2.5,2.5,2.5,1,0.0,4.75,4.75,4.75,1,0.0,4.75,4.75,4.75,1,0.0,4.75,4.75,4.75,1,0.0,14.0,14.0,14.0,1,0.0,15.5,15.5,15.5,1,0.0,15.5,15.5,15.5
TXN,Hoch 12,1,7.5165392353902485,7.5165392353902485,7.5165392353902485,7.5165392353902485,7.5165392353902485,7.5165392353902485,7.5165392353902485,1,0.0,7.5,7.5,7.5,1,0.0,7.5,7.5,7.5,1,0.0,7.5,7.5,7.5,1,0.0,9.75,9.75,9.75,1,0.0,16.0,16.0,16.0,1,0.0,16.0,16.0,16.0,1,0.0,16.0,16.0,16.0
TXN,Hoch 13,1,6.029510322432971,6.029510322432971,6.029510322432971,6.029510322432971,6.029510322432971,6.029510322432971,6.029510322432971,1,100.0,6.0,6.0,6.0,1,100.0,6.0,6.0,6.0,1,100.0,6.0,6.0,6.0,1,100.0,7.75,7.75,7.75,1,100.0,16.0,16.0,16.0,1,100.0,16.0,16.0,16.0,1,100.0,16.0,16.0,16.0
UBER,alle,208,0.8613687944670492,2.7650124168641423,4.82182816338825,6.992877942899613,9.020593668348017,11.037799425783554,21.061306893844023,208,27.4,3.0,4.0,6.0,208,21.6,3.75,5.75,8.25,208,16.3,4.75,6.81,8.83,206,15.5,5.25,7.5,10.38,197,13.2,5.75,9.25,12.25,192,10.4,6.88,10.06,14.73,185,8.6,7.0,11.0,16.0
UBER,Hoch 1,108,0.9016034877429487,2.7454078499162984,4.730143121989933,6.525472601958041,8.294535558227595,9.627900669156768,20.66973171566515,108,24.1,2.75,3.81,6.0,108,20.4,3.62,5.25,7.5,108,14.8,4.5,6.31,8.25,106,14.2,5.0,7.38,9.75,100,12.0,5.75,9.06,11.5,98,9.2,6.75,11.19,13.75,94,8.5,7.0,11.69,16.0
UBER,Hoch 2,48,0.8613687944670492,2.6903225425104496,5.0945304986306255,7.3604684608115365,9.1064541354695,10.450607379156734,20.675313326984178,48,18.8,2.5,3.81,6.15,48,14.6,3.88,5.56,8.08,48,10.4,4.88,7.25,9.0,48,10.4,5.5,7.75,10.95,46,8.7,5.88,9.25,12.88,44,9.1,6.5,9.56,15.93,42,4.8,6.25,10.5,16.0
UBER,Hoch 3,27,0.8840656379924833,3.8485175871440815,6.04353407296791,8.570177119293835,10.723432686885417,17.374841878382018,21.061306893844023,27,48.1,3.25,4.5,5.45,27,33.3,4.0,7.25,9.05,27,29.6,6.0,8.5,10.7,27,29.6,6.25,8.62,11.1,26,26.9,6.25,9.25,12.5,25,28.0,8.25,10.25,15.6,24,25.0,8.25,11.44,16.0
UBER,Hoch 4,12,1.5365067550902431,3.0783496694312467,4.140296654182469,6.141950460656633,8.709792858747008,13.447478255109136,18.899920858194587,12,25.0,3.25,4.31,6.22,12,8.3,3.38,6.0,8.48,12,8.3,4.0,6.0,8.48,12,8.3,4.25,6.0,8.48,12,0.0,4.25,6.69,9.43,12,0.0,5.5,7.81,9.43,12,0.0,5.5,8.0,9.43
UBER,Hoch 5,7,1.153101900220065,3.269381463949636,3.483587019735735,7.698378038011388,12.70676592963103,15.258788662602045,17.810811395573076,7,42.9,3.0,6.25,11.25,7,42.9,3.25,6.5,11.95,7,28.6,3.25,7.62,11.95,7,28.6,5.0,7.75,11.95,7,28.6,5.75,9.12,11.95,7,0.0,9.0,9.38,12.1,7,0.0,9.0,9.5,12.25
UBER,Hoch 6,4,2.1036811048874777,3.58473862710916,5.419637837559061,6.815331329990144,6.913395550889282,6.946083624522328,6.978771698155374,4,75.0,3.5,4.12,4.35,4,75.0,4.25,4.81,5.38,4,50.0,5.38,6.75,6.75,4,25.0,5.38,6.75,6.75,4,25.0,6.5,7.5,8.85,4,0.0,8.12,9.56,9.68,4,0.0,8.25,9.81,9.93
UBER,Hoch 7,1,3.829227809377329,3.829227809377329,3.829227809377329,3.829227809377329,3.829227809377329,3.829227809377329,3.829227809377329,1,0.0,3.0,3.0,3.0,1,0.0,3.75,3.75,3.75,1,0.0,3.75,3.75,3.75,1,0.0,3.75,3.75,3.75,1,0.0,5.75,5.75,5.75,1,0.0,7.75,7.75,7.75,1,0.0,9.5,9.5,9.5
UBER,Hoch 8,1,4.089575069362394,4.089575069362394,4.089575069362394,4.089575069362394,4.089575069362394,4.089575069362394,4.089575069362394,1,0.0,3.25,3.25,3.25,1,0.0,4.0,4.0,4.0,1,0.0,4.0,4.0,4.0,1,0.0,4.0,4.0,4.0,1,0.0,5.75,5.75,5.75,1,0.0,7.75,7.75,7.75,1,0.0,9.5,9.5,9.5
UBS,alle,705,0.4104124567505464,2.954539518669441,5.605970014933079,8.625003987227558,12.75112567062621,15.425484364405374,38.76350622191232,705,30.5,3.5,5.5,8.25,705,21.3,4.5,7.25,11.0,705,16.0,5.5,8.5,12.65,702,14.2,6.0,10.0,14.5,694,11.4,7.5,12.0,16.0,684,9.2,8.75,14.75,16.0,677,8.6,10.0,16.0,16.0
UBS,Hoch 1,362,0.4104124567505464,2.827114791811396,5.206912262236225,8.09217205216638,12.136872865317995,14.959305385396268,29.81297369063084,362,29.3,3.25,5.25,8.25,362,19.3,4.25,6.75,10.48,362,14.6,5.0,8.0,12.0,362,13.3,5.75,9.25,13.25,360,9.7,7.0,11.0,16.0,354,9.0,8.0,13.75,16.0,349,8.9,9.0,16.0,16.0
UBS,Hoch 2,158,0.6110937785491569,2.843758423111552,5.453419455170964,8.293014121205756,12.40373723352221,14.455257413715092,29.784084423390834,158,30.4,3.0,5.0,7.25,158,20.3,4.12,7.25,10.25,158,15.8,5.38,8.19,12.25,158,14.6,5.88,9.69,13.9,156,13.5,7.38,11.75,16.0,154,10.4,8.38,14.25,16.0,152,9.2,10.0,16.0,16.0
UBS,Hoch 3,85,0.8728987556980385,3.1091565545662587,5.756043203006442,9.90707603656359,14.01946750382537,15.6021491389544,21.149843501572924,85,25.9,3.75,6.0,7.8,85,21.2,4.25,8.0,11.75,85,12.9,5.75,9.75,13.95,85,10.6,6.0,10.25,15.8,83,9.6,7.5,13.38,16.0,82,7.3,9.5,16.0,16.0,82,6.1,10.38,16.0,16.0
UBS,Hoch 4,55,1.0649327519492373,3.654294939205056,6.670019664744522,9.915406711116514,14.91422328819404,16.574233590674716,19.47778763386765,55,43.6,4.5,6.62,10.8,55,38.2,5.5,9.38,13.05,55,29.1,6.5,9.75,14.8,55,23.6,6.75,10.62,16.0,53,18.9,9.25,13.5,16.0,52,15.4,9.88,16.0,16.0,52,13.5,10.88,16.0,16.0
UBS,Hoch 5,22,1.569876057631554,4.338440246515208,6.602112767662838,9.575007476368127,10.731229320695087,11.914920255068434,12.03462823112919,22,36.4,4.12,6.31,7.95,22,18.2,5.62,8.38,9.9,22,18.2,6.5,9.44,10.68,21,14.3,8.25,11.25,16.0,21,14.3,8.5,12.25,16.0,21,4.8,10.75,16.0,16.0,21,4.8,11.75,16.0,16.0
UBS,Hoch 6,11,2.079156458915016,4.792693044447839,8.029275745577241,11.16821502211536,11.420479683296831,25.091992952604578,38.76350622191232,11,36.4,5.0,8.12,9.0,11,36.4,8.0,11.12,11.25,11,27.3,8.0,11.12,11.25,10,30.0,9.5,11.19,11.72,10,10.0,11.12,12.0,16.0,10,0.0,11.25,14.88,16.0,10,0.0,11.75,16.0,16.0
UBS,Hoch 7,6,2.246790837541201,2.5567707889820115,6.946964028055421,11.786032339318439,24.1346439872067,30.157603976906294,36.18056396660589,6,33.3,3.12,8.12,10.75,6,16.7,6.5,11.69,14.0,6,16.7,6.88,11.69,14.0,5,20.0,11.75,12.0,14.4,5,20.0,12.0,13.25,14.9,5,0.0,13.25,16.0,16.0,5,0.0,13.25,16.0,16.0
UBS,Hoch 8,2,3.3771265767833367,11.710263346984647,20.04340011718596,28.37653688738727,33.37641894950806,35.043046303548316,36.70967365758858,2,0.0,3.25,4.38,5.05,2,0.0,9.62,12.81,14.72,2,0.0,9.62,12.81,14.72,2,0.0,9.88,12.94,14.78,2,0.0,12.62,14.31,15.32,2,0.0,16.0,16.0,16.0,2,0.0,16.0,16.0,16.0
UBS,Hoch 9,2,3.411865812255772,11.011726408792697,18.61158700532962,26.21144760186655,30.771363959788705,32.291336079096084,33.811308198403474,2,0.0,3.12,4.31,5.03,2,0.0,9.62,12.81,14.72,2,0.0,9.62,12.81,14.72,2,0.0,10.25,13.12,14.85,2,0.0,12.62,14.31,15.32,2,0.0,16.0,16.0,16.0,2,0.0,16.0,16.0,16.0
UBS,Hoch 10,1,4.929370175083045,4.929370175083045,4.929370175083045,4.929370175083045,4.929370175083045,4.929370175083045,4.929370175083045,1,0.0,2.25,2.25,2.25,1,0.0,4.75,4.75,4.75,1,0.0,4.75,4.75,4.75,1,0.0,8.5,8.5,8.5,1,0.0,10.5,10.5,10.5,1,0.0,16.0,16.0,16.0,1,0.0,16.0,16.0,16.0
UBS,Hoch 11,1,6.130579089372375,6.130579089372375,6.130579089372375,6.130579089372375,6.130579089372375,6.130579089372375,6.130579089372375,1,100.0,4.0,4.0,4.0,1,0.0,5.5,5.5,5.5,1,0.0,6.0,6.0,6.0,1,0.0,11.5,11.5,11.5,1,0.0,11.5,11.5,11.5,1,0.0,16.0,16.0,16.0,1,0.0,16.0,16.0,16.0
UL,alle,707,0.4590528690051315,2.769968924340601,4.848125245903095,8.28841151650308,11.61000225123004,13.530613467642638,28.650077717195956,707,26.2,3.0,5.0,7.5,707,17.8,3.75,7.0,9.75,707,12.9,4.75,8.25,11.5,704,10.4,5.25,8.75,12.75,698,7.4,5.75,10.5,15.75,689,5.4,6.5,11.5,16.0,676,3.8,6.62,12.0,16.0
UL,Hoch 1,352,0.4590528690051315,2.568832146352172,4.715932157629604,7.795820968613888,11.376789044455034,12.416445101229748,27.10802211062507,352,23.0,3.0,5.0,7.25,352,15.6,3.75,6.5,9.5,352,10.8,4.5,7.75,11.25,351,8.8,5.0,8.5,12.25,346,6.1,5.75,10.5,15.5,341,4.1,6.25,11.25,16.0,333,2.7,6.25,11.0,16.0
UL,Hoch 2,170,0.6748643642524605,2.777769688507569,5.096747371326641,8.783470076529452,12.766257059323886,13.657424543379644,25.78585037145772,170,29.4,3.5,5.25,8.25,170,18.8,4.25,7.69,10.3,170,15.3,4.88,8.75,12.75,168,12.5,5.5,10.06,13.83,167,9.0,6.5,11.12,16.0,165,6.7,6.75,12.25,16.0,161,5.0,6.75,12.5,16.0
UL,Hoch 3,89,0.9175440575540624,3.2750481461714993,5.227333215776202,8.90878735189521,13.369010711288743,15.369985778669053,19.16218165277807,89,33.7,3.25,5.25,7.8,89,25.8,4.5,7.25,10.85,89,18.0,5.0,8.75,13.3,89,12.4,5.25,9.5,14.6,89,9.0,5.5,11.0,16.0,88,6.8,6.88,11.25,16.0,87,4.6,7.25,12.25,16.0
UL,Hoch 4,44,1.2277228575483743,2.71815296982924,4.106950024267155,7.848395818262233,9.541001591242958,13.825591303096099,26.94347427454847,44,22.7,2.5,4.19,7.13,44,18.2,3.25,6.0,9.1,44,11.4,4.0,7.62,9.43,44,11.4,4.88,7.62,10.7,44,6.8,5.25,9.94,12.88,43,4.7,6.0,10.5,13.65,43,4.7,7.5,11.75,16.0
UL,Hoch 5,25,0.6073255697199641,3.0160397804226258,4.043947523456034,7.31948207854096,9.208380707438545,10.841974769531195,28.650077717195956,25,20.0,2.5,3.0,8.85,25,16.0,3.0,6.25,8.85,25,16.0,4.0,7.25,9.05,25,12.0,4.25,7.25,10.1,25,12.0,5.0,8.75,14.1,25,8.0,5.75,12.75,14.1,25,8.0,8.5,13.5,16.0
UL,Hoch 6,18,1.92893940462485,3.2898546306517207,5.308217927962776,7.6819973232073755,8.829349729185349,9.102004824338186,9.729234342620865,18,33.3,3.0,4.56,5.75,18,22.2,4.38,7.19,7.8,18,11.1,5.25,7.5,8.75,18,11.1,6.0,7.5,8.75,18,11.1,6.5,8.5,13.05,18,11.1,7.12,13.94,16.0,18,5.6,7.88,14.88,16.0
UL,Hoch 7,5,3.1564890809711694,3.203192912934585,3.692145145684214,8.244925980420085,8.694499044210668,8.844356732140861,8.994214420071055,5,0.0,3.0,3.25,5.35,5,0.0,3.5,5.25,6.9,5,0.0,3.5,8.0,8.45,5,0.0,3.5,8.0,8.45,5,0.0,3.5,8.0,8.45,5,0.0,3.5,8.0,10.7,5,0.0,3.5,8.0,12.8
UL,Hoch 8,3,5.026442893145808,6.989221408253183,8.951999923360558,9.053060345422974,9.113696598660422,9.133908683072905,9.154120767485388,3,66.7,5.0,6.75,7.8,3,0.0,8.75,8.88,8.95,3,0.0,8.75,8.88,8.95,3,0.0,8.75,8.88,8.95,3,0.0,8.75,8.88,8.95,3,0.0,8.75,10.62,11.75,3,0.0,8.75,12.38,14.55
UL,Hoch 9,1,5.294523182227803,5.294523182227803,5.294523182227803,5.294523182227803,5.294523182227803,5.294523182227803,5.294523182227803,1,100.0,5.25,5.25,5.25,1,0.0,5.25,5.25,5.25,1,0.0,5.25,5.25,5.25,1,0.0,5.25,5.25,5.25,1,0.0,5.25,5.25,5.25,1,0.0,5.25,5.25,5.25,1,0.0,5.25,5.25,5.25
UNH,alle,517,0.6357965471521053,2.3532013302883232,4.251253918058211,6.826132921827726,10.785268489471747,13.547565754951899,29.503227065449487,517,28.4,3.0,4.75,7.25,517,18.4,3.5,5.75,8.75,516,13.6,4.12,6.75,10.75,515,11.1,4.25,7.5,12.25,510,8.2,5.0,8.0,13.25,502,5.6,5.62,8.94,15.0,496,4.2,5.75,9.75,16.0
UNH,Hoch 1,224,0.6357965471521053,2.0584827834281816,3.8351242493898012,6.579808749111368,9.563084215557353,13.530379831249334,20.231036948484064,224,25.4,2.75,4.5,7.18,224,17.0,3.38,5.75,8.43,224,12.9,3.75,6.5,9.43,224,10.7,4.12,6.75,10.25,223,9.4,4.5,7.12,12.5,220,7.3,5.25,7.75,13.52,217,6.5,5.25,8.75,15.3
UNH,Hoch 2,120,0.666924208979042,2.1960885362587534,3.9767507743578854,6.409430867213264,10.518595063790217,12.606905704013915,29.503227065449487,120,25.8,3.0,4.56,6.83,120,15.0,3.62,5.75,8.83,120,12.5,3.88,6.19,10.4,120,9.2,4.25,7.75,12.0,119,6.7,4.75,8.0,12.05,117,3.4,5.5,8.5,14.5,116,2.6,5.5,8.75,16.0
UNH,Hoch 3,78,0.8781399156516149,2.465948486502737,4.608154091299421,7.289016902411744,10.736437679918302,13.255227760172422,26.83571709489958,78,34.6,3.5,5.19,7.65,78,25.6,4.25,5.94,9.07,78,17.9,4.5,7.06,10.57,78,14.1,4.75,7.44,12.47,77,7.8,5.5,7.75,12.55,75,6.7,5.5,9.25,15.9,75,2.7,5.75,9.5,16.0
UNH,Hoch 4,42,1.2136920895156658,2.852909477563417,4.656113625285581,7.229381328652646,10.625430740511993,12.279898978630666,13.68496209077581,42,35.7,3.25,4.5,7.45,42,19.0,4.0,5.94,8.0,42,11.9,4.62,7.06,10.6,42,11.9,4.75,7.44,12.92,41,4.9,5.75,9.25,13.25,40,5.0,6.25,11.25,14.65,39,2.6,6.5,11.0,16.0
UNH,Hoch 5,28,0.8450458805639837,3.349772905481318,4.918359281018242,7.216116490601532,10.556109571658826,11.169065108316374,21.241666216169886,28,35.7,3.12,4.81,6.58,28,21.4,4.0,6.62,9.18,28,17.9,4.88,7.06,10.4,28,14.3,4.88,8.12,12.8,27,11.1,6.5,11.12,13.85,27,0.0,6.5,11.12,14.05,26,0.0,6.5,11.19,14.38
UNH,Hoch 6,13,1.0907783021179627,3.799552486647673,4.972893948298945,6.961552259358882,9.70523828970436,13.822175681069204,19.828214169836116,13,23.1,3.75,4.5,5.55,13,15.4,3.75,5.0,9.15,13,7.7,4.75,6.75,9.65,12,8.3,5.25,7.38,11.05,12,8.3,7.5,11.88,15.4,12,8.3,7.75,11.88,15.4,12,8.3,9.62,13.38,15.4
UNH,Hoch 7,7,2.513598037589296,5.196544345557658,6.796055350065954,7.457246899716987,8.782024993523718,9.447787937417031,10.113550881310347,7,57.1,4.0,5.0,5.6,7,42.9,4.5,7.38,8.15,6,16.7,6.88,7.56,8.88,6,16.7,7.38,10.94,14.0,6,16.7,8.75,12.75,14.75,6,0.0,9.12,12.94,14.75,6,0.0,9.75,13.25,14.75
UNH,Hoch 8,2,2.7510019789376003,4.1495877925788225,5.548173606220043,6.946759419861265,7.785910908045998,8.065628070774242,8.345345233502487,2,0.0,2.25,2.5,2.65,2,0.0,2.62,2.69,2.73,2,0.0,5.5,6.88,7.7,2,0.0,9.38,12.69,14.68,2,0.0,9.38,12.69,14.68,2,0.0,9.38,12.69,14.68,2,0.0,9.38,12.69,14.68
UNH,Hoch 9,1,22.444603460631356,22.444603460631356,22.444603460631356,22.444603460631356,22.444603460631356,22.444603460631356,22.444603460631356,1,0.0,5.75,5.75,5.75,1,0.0,11.0,11.0,11.0,1,0.0,16.0,16.0,16.0,1,0.0,16.0,16.0,16.0,1,0.0,16.0,16.0,16.0,1,0.0,16.0,16.0,16.0,1,0.0,16.0,16.0,16.0
UNH,Hoch 10,1,20.850175281998897,20.850175281998897,20.850175281998897,20.850175281998897,20.850175281998897,20.850175281998897,20.850175281998897,1,0.0,5.5,5.5,5.5,1,0.0,16.0,16.0,16.0,1,0.0,16.0,16.0,16.0,1,0.0,16.0,16.0,16.0,1,0.0,16.0,16.0,16.0,1,0.0,16.0,16.0,16.0,1,0.0,16.0,16.0,16.0
UNH,Hoch 11,1,19.39836601022014,19.39836601022014,19.39836601022014,19.39836601022014,19.39836601022014,19.39836601022014,19.39836601022014,1,0.0,6.75,6.75,6.75,1,0.0,16.0,16.0,16.0,1,0.0,16.0,16.0,16.0,1,0.0,16.0,16.0,16.0,1,0.0,16.0,16.0,16.0,1,0.0,16.0,16.0,16.0,1,0.0,16.0,16.0,16.0
UNP,alle,549,0.48303653316909784,2.4569454379122417,3.880950570122878,6.38327667653424,9.183400549186736,11.554883687930518,31.78039633064196,549,28.1,2.75,4.25,6.25,549,16.2,3.25,5.5,7.75,549,10.9,3.75,6.25,9.0,547,8.8,4.0,6.75,10.25,542,5.4,4.88,7.94,12.25,535,4.9,5.25,9.0,14.75,526,3.8,5.5,10.0,16.0
UNP,Hoch 1,256,0.48303653316909784,2.3820092533796102,3.685013665909639,6.009207436261265,8.362618667733521,11.07366424862218,31.213608529234367,256,23.0,2.75,4.0,5.62,256,12.5,3.25,5.06,7.25,256,9.0,3.5,5.81,8.25,255,7.1,4.0,6.5,9.55,255,5.1,4.5,7.5,11.8,251,5.2,5.0,8.38,14.75,248,4.0,5.12,9.81,16.0
UNP,Hoch 2,135,0.6442401183533628,2.4135131317654164,3.7834308547519035,6.800348376898278,9.261346092328544,12.863494383935477,26.318824849857723,135,29.6,3.0,4.38,6.4,135,20.7,3.25,5.75,7.75,135,14.1,3.75,6.75,9.15,135,12.6,4.0,6.88,10.9,134,7.5,5.5,7.75,12.45,132,6.1,5.75,9.25,15.2,130,5.4,5.75,9.62,16.0
UNP,Hoch 3,64,1.2349060877282532,2.3246182354673506,3.502264820339741,6.451016944132613,8.882918035520738,11.679931975779018,30.270087456572295,64,32.8,2.75,4.25,6.25,64,14.1,3.25,5.56,7.5,64,7.8,3.38,6.31,8.75,64,7.8,3.88,7.56,10.43,63,4.8,4.5,8.0,12.7,62,3.2,5.38,8.56,15.97,60,1.7,5.38,11.62,16.0
UNP,Hoch 4,41,1.1660832700448405,3.1276940837321208,4.587388024665772,6.179032042650145,8.800329337806284,9.25567055254754,31.78039633064196,41,34.1,3.0,4.25,5.25,41,19.5,3.5,5.5,8.5,41,12.2,4.5,6.0,8.75,41,7.3,5.0,6.75,10.25,40,7.5,5.5,9.0,12.8,40,7.5,5.88,11.62,15.1,39,5.1,6.0,11.88,16.0
UNP,Hoch 5,24,1.0464868380861503,2.4895747787325693,4.22214057496992,6.8798506330302285,9.290138849229724,9.930120396013786,10.791189437398808,24,33.3,2.62,4.75,5.75,24,16.7,3.88,5.75,8.62,24,8.3,4.12,6.75,9.18,24,8.3,4.25,6.75,9.77,23,0.0,4.5,8.0,13.4,23,0.0,5.75,8.5,13.8,22,0.0,5.38,9.81,14.25
UNP,Hoch 6,13,2.2714379253356776,3.3916046106258824,4.0696411720027434,6.65706803338249,11.359490101602136,12.096231237926919,12.20443865455419,13,30.8,2.75,4.75,7.1,13,7.7,4.0,4.75,7.9,13,7.7,4.0,6.5,11.3,13,0.0,4.0,6.5,11.3,12,0.0,4.0,7.0,11.65,12,0.0,4.0,8.31,11.65,12,0.0,4.0,9.19,13.8
UNP,Hoch 7,10,2.8548973632853243,4.3833261364137295,5.117880850892035,5.4554418586778635,8.43683699928242,11.678069635420895,14.919302271559385,10,50.0,3.38,4.0,5.22,10,40.0,4.62,5.25,7.5,10,30.0,5.0,5.25,8.22,9,22.2,5.25,6.25,8.95,9,0.0,5.25,7.5,10.95,9,0.0,5.25,7.5,10.95,9,0.0,5.25,7.5,15.0
UNP,Hoch 8,4,4.957026004115486,5.661641450810637,7.352883583649781,9.193096682547592,9.884013689470287,10.114319358444517,10.344625027418749,4,25.0,4.75,6.31,8.68,4,25.0,6.75,9.12,9.8,4,0.0,7.25,9.12,9.8,4,0.0,7.88,9.12,9.8,4,0.0,8.88,9.31,9.88,4,0.0,8.88,9.31,9.88,4,0.0,9.5,11.69,14.28
UNP,Hoch 9,2,8.501956015241579,8.794348776032008,9.086741536822437,9.379134297612868,9.554569954087127,9.613048506245212,9.671527058403298,2,100.0,6.75,8.12,8.95,2,100.0,8.38,8.94,9.28,2,100.0,9.0,9.25,9.4,2,50.0,9.0,9.25,9.4,2,0.0,9.0,9.25,9.4,2,0.0,9.0,9.25,9.4,2,0.0,9.0,9.25,9.4
UPS,alle,535,0.5979306185658271,2.41398853758104,4.324776271195981,7.8450917714954365,11.821672350127207,14.31883237134647,20.749489632940406,535,30.7,3.0,4.75,7.25,535,19.6,3.75,6.5,9.5,535,16.1,4.25,7.75,11.75,534,12.9,4.5,9.0,12.75,528,9.7,5.25,10.25,14.25,521,7.7,6.5,11.5,16.0,516,5.2,7.75,12.75,16.0
UPS,Hoch 1,249,0.5979306185658271,2.1538633547656225,4.038557302034209,6.796409278419445,11.83883607447179,14.639159976987884,20.749489632940406,249,30.5,3.0,4.75,7.25,249,17.3,3.5,6.0,9.25,249,13.7,4.0,6.75,11.75,248,10.9,4.25,8.56,12.58,245,8.2,5.0,9.5,14.25,240,7.5,6.0,11.25,16.0,239,4.6,6.75,12.25,16.0
UPS,Hoch 2,132,0.9113477769255182,2.5876011521400892,4.168404172740278,7.8870756483958075,11.56100576430318,13.755610912783206,20.688963449471792,132,30.3,2.75,4.31,6.7,132,20.5,3.25,6.0,9.73,132,17.4,4.0,7.75,11.48,132,12.1,4.38,9.06,11.98,131,7.6,5.75,9.75,13.5,129,5.4,6.5,11.25,16.0,127,3.9,8.25,12.12,16.0
UPS,Hoch 3,75,0.9373381264144167,3.1328618988935544,4.927027969970452,8.82438414523978,11.935707607084948,13.556589263873583,15.624262517172147,75,32.0,3.0,5.0,6.9,75,22.7,4.5,6.88,9.05,75,18.7,4.75,8.75,11.8,75,16.0,5.25,10.25,13.55,74,14.9,5.38,11.19,14.25,74,10.8,8.25,12.38,15.85,73,6.8,8.75,12.75,16.0
UPS,Hoch 4,44,0.8460377529790718,3.458611144913669,5.455167776099746,8.572783259104677,11.827795460295425,14.256817479826662,16.548060462577993,44,34.1,3.25,5.56,9.73,44,27.3,4.75,7.44,11.43,44,20.5,5.25,8.38,11.68,44,18.2,5.25,9.5,13.33,43,14.0,6.5,11.25,14.2,43,7.0,9.25,12.12,14.75,42,4.8,10.12,13.5,15.87
UPS,Hoch 5,19,1.4068554611927115,2.5633724195070844,5.218202804099828,9.100645436344344,10.631215043167437,12.40898789813456,13.676249993894274,19,21.1,2.25,4.25,7.35,19,15.8,4.5,7.25,9.75,19,15.8,5.0,9.0,10.45,19,15.8,5.0,9.0,12.1,19,10.5,5.5,11.88,14.35,19,10.5,10.0,13.38,15.8,19,10.5,10.0,13.38,15.8
UPS,Hoch 6,9,1.377189684906045,3.2799177447171965,4.559368231603604,8.882573016322276,13.402101808957564,14.46759923725994,15.533096665562319,9,22.2,3.25,8.75,10.7,9,22.2,3.25,8.75,13.3,9,22.2,4.5,8.75,13.3,9,22.2,5.0,8.75,13.3,9,11.1,9.0,12.75,15.55,9,11.1,11.75,15.5,15.8,9,11.1,12.75,15.75,16.0
UPS,Hoch 7,4,1.5551192184444151,3.5437047977010256,4.283510930259683,5.599863059216424,7.830797200286941,8.574441913977111,9.318086627667284,4,50.0,3.5,5.12,7.6,4,25.0,3.75,5.5,7.75,4,25.0,4.12,5.5,7.75,4,25.0,4.38,5.69,7.83,4,25.0,6.0,8.5,9.85,4,25.0,6.0,9.81,13.53,4,25.0,8.12,13.0,14.8
UPS,Hoch 8,2,1.9750413372351385,2.752236526896872,3.529431716558605,4.306626906220338,4.772944020017379,4.928383057949725,5.083822095882072,2,50.0,3.38,4.19,4.67,2,0.0,3.38,4.19,4.67,2,0.0,3.38,4.19,4.67,2,0.0,3.38,4.19,4.67,2,0.0,3.38,4.19,4.67,2,0.0,3.38,4.19,4.67,2,0.0,3.38,4.19,4.67
UPS,Hoch 9,1,3.9514446880350707,3.9514446880350707,3.9514446880350707,3.9514446880350707,3.9514446880350707,3.9514446880350707,3.9514446880350707,1,0.0,3.75,3.75,3.75,1,0.0,3.75,3.75,3.75,1,0.0,3.75,3.75,3.75,1,0.0,3.75,3.75,3.75,1,0.0,3.75,3.75,3.75,1,0.0,3.75,3.75,3.75,1,0.0,3.75,3.75,3.75
USB,alle,547,0.7037064651775241,2.6705905824900302,4.515600885950343,6.954598038800188,10.309783412415475,13.071631011903253,41.42495102856935,547,32.5,2.75,4.5,6.5,547,20.8,3.75,6.0,9.0,547,16.3,4.5,6.75,10.1,546,12.5,4.75,7.75,11.75,541,9.1,5.25,9.0,12.75,532,6.4,6.38,11.5,16.0,529,4.5,7.75,12.5,16.0
USB,Hoch 1,267,0.730901672697125,2.4602653934523184,4.4760726806075155,7.222655993491044,10.814971445194734,15.257614191664958,41.42495102856935,267,33.0,2.75,4.5,6.85,267,22.8,3.5,6.0,9.35,267,18.0,4.25,7.0,10.75,267,12.4,4.5,7.5,11.6,266,9.8,5.0,8.75,12.38,263,6.8,6.25,10.75,16.0,260,4.6,7.75,12.25,16.0
USB,Hoch 2,127,0.7037064651775241,2.728951814595964,4.412374807044777,6.363057001807739,9.457793477657601,12.555371413998454,39.21714662819379,127,32.3,2.75,4.25,5.85,127,15.7,3.5,5.25,7.35,127,11.8,4.25,6.25,9.25,127,10.2,4.5,7.0,9.85,126,7.9,5.38,8.5,12.25,124,5.6,6.25,10.31,14.2,124,4.8,7.62,11.75,15.0
USB,Hoch 3,67,0.9843786349744694,2.353927368668947,4.083305229045815,6.020337612940379,10.250761813684118,10.889429339185591,28.72061739880476,67,22.4,2.25,3.75,5.6,67,10.4,3.25,5.5,9.25,67,9.0,4.0,5.88,10.1,66,9.1,5.0,7.94,10.5,65,6.2,5.75,10.0,12.65,64,3.1,7.5,12.25,15.28,64,1.6,8.62,12.75,16.0
USB,Hoch 4,41,1.2598084749727105,3.4546986809548534,5.261156034959331,6.898836230757622,7.771703605861574,13.02808896369439,15.501427729258895,41,34.1,3.0,5.0,6.5,41,29.3,4.75,5.75,7.0,41,22.0,5.25,6.75,7.75,41,22.0,5.25,8.75,11.75,40,12.5,5.62,10.19,15.55,39,10.3,7.0,12.12,16.0,39,7.7,7.75,16.0,16.0
USB,Hoch 5,26,2.2410874085552366,3.5701059585644854,5.47277085564039,8.983937986617798,10.03363198568486,11.713892611882182,15.906257139827563,26,57.7,3.75,5.88,7.5,26,38.5,5.38,6.75,8.5,26,30.8,5.38,8.81,9.88,26,15.4,5.38,9.94,15.0,25,8.0,5.5,10.0,15.9,24,8.3,6.25,12.81,16.0,24,4.2,8.12,16.0,16.0
USB,Hoch 6,13,2.09912399413791,3.2496511748400225,6.088704777581006,8.988440912474871,12.328276417249372,17.823749608504784,25.983143350024758,13,38.5,3.0,6.0,8.7,13,30.8,6.0,8.75,10.9,13,23.1,6.0,8.75,12.2,13,23.1,6.0,12.0,15.35,13,15.4,6.5,12.0,15.35,12,8.3,9.0,13.75,16.0,12,8.3,9.0,16.0,16.0
USB,Hoch 7,4,3.6932481212725414,4.074239720164381,4.355090426681713,5.154262551474459,6.3158360637053095,6.703027234448925,7.090218405192542,4,0.0,3.62,4.0,4.0,4,0.0,4.25,4.69,5.03,4,0.0,4.25,5.12,6.25,4,0.0,5.25,6.25,6.7,4,0.0,5.75,7.38,8.05,4,0.0,5.75,9.25,13.3,4,0.0,5.88,9.25,13.3
USB,Hoch 8,2,4.704472884620973,5.49035039839682,6.276227912172667,7.062105425948513,7.533631934214021,7.69080743696919,7.84798293972436,2,0.0,4.25,4.38,4.45,2,0.0,5.5,6.0,6.3,2,0.0,6.12,6.94,7.42,2,0.0,6.12,6.94,7.42,2,0.0,6.12,6.94,7.42,2,0.0,6.12,6.94,7.42,2,0.0,6.12,6.94,7.42
V,alle,529,0.6651107189329123,2.2196630743599055,3.7184096216766096,6.0489348596461054,8.523045432220757,10.698415922861727,29.48367222712819,529,24.4,2.5,4.25,6.25,529,14.7,3.0,5.25,7.75,529,8.9,3.5,6.0,8.5,529,6.8,4.0,6.5,9.25,525,5.0,4.5,7.75,10.75,514,3.9,4.75,8.25,11.75,507,2.8,5.0,8.25,12.1
V,Hoch 1,243,0.8690344892809433,2.08584779322411,3.544145067544001,5.525608238322162,7.364299383539802,9.232764661142552,28.06704363719548,243,20.6,2.5,4.25,5.75,243,13.6,2.75,4.75,6.5,243,8.2,3.5,5.5,7.25,243,6.2,3.75,5.75,8.0,242,4.5,4.25,6.75,9.25,235,3.0,4.5,7.25,10.5,231,2.2,4.75,7.38,10.75
V,Hoch 2,126,0.6651107189329123,2.2909899349295193,3.6144230333558283,6.413806393113342,8.729062047990258,10.568708627893336,27.068939110960475,126,24.6,2.5,4.25,6.38,126,10.3,3.0,5.25,7.75,126,7.9,3.5,6.25,8.5,126,5.6,3.88,7.19,9.38,124,5.6,4.5,8.25,10.43,122,4.9,5.0,8.94,11.73,120,3.3,5.12,8.81,11.78
V,Hoch 3,72,0.7135076645119621,2.4389580566803177,4.409806863738746,7.11553244090768,11.124826645618635,12.057829858725778,26.732546661520466,72,37.5,3.0,5.31,7.45,72,29.2,3.38,6.56,10.47,72,15.3,4.25,6.94,10.97,72,12.5,4.38,7.81,10.97,71,8.5,5.5,8.88,11.75,69,7.2,6.0,10.25,12.1,68,4.4,6.38,10.31,13.65
V,Hoch 4,39,1.0948500048601204,2.22954156253258,3.7102456982960272,5.97190046567405,7.439454652559408,10.433382832840062,29.48367222712819,39,17.9,2.5,3.5,6.25,39,7.7,3.0,4.88,6.4,39,2.6,3.5,5.88,7.2,39,2.6,4.0,6.25,8.55,39,0.0,4.5,8.25,10.6,39,0.0,4.75,8.75,12.9,39,0.0,4.75,8.75,13.7
V,Hoch 5,26,1.1500535904143696,2.2263450289553166,4.682115790394184,6.491149438287945,9.399644609546847,11.717060117543992,14.628356810602273,26,23.1,3.0,4.88,5.62,26,7.7,3.5,5.19,5.88,26,3.8,4.5,6.38,9.25,26,3.8,4.5,6.38,9.25,26,0.0,4.5,7.94,11.25,26,0.0,4.75,10.12,13.12,26,0.0,5.0,10.12,13.25
V,Hoch 6,13,1.2727392816610579,2.455811079479746,3.7400269402412696,7.425487958455097,8.187099649933725,11.863957478062906,17.36249539864241,13,30.8,3.0,6.0,6.6,13,23.1,3.5,6.25,7.7,13,7.7,3.5,7.25,8.0,13,0.0,3.5,8.0,9.8,13,0.0,6.0,8.0,14.15,13,0.0,6.0,8.0,15.3,13,0.0,6.5,11.0,15.7
V,Hoch 7,7,2.7082026751189265,2.8896822991813784,3.221696973471038,9.43826692636486,13.39726022716421,16.15333059635129,18.909400965538385,7,28.6,3.0,6.62,10.15,7,28.6,3.0,8.62,10.9,7,28.6,3.0,9.25,12.1,7,28.6,3.0,10.62,13.75,7,14.3,7.0,13.5,16.0,7,14.3,7.0,14.88,16.0,7,14.3,15.5,16.0,16.0
V,Hoch 8,3,3.550680463561524,4.005970549597737,4.461260635633949,6.529221080442708,7.769997347327963,8.183589436289715,8.597181525251466,3,66.7,4.25,4.88,5.25,3,33.3,4.25,6.38,7.65,3,33.3,4.25,6.38,7.65,3,33.3,4.25,9.0,11.85,3,33.3,4.25,9.5,12.65,3,33.3,4.25,9.88,13.25,3,33.3,15.5,15.75,15.9
VLO,alle,592,0.676688205345924,2.5413183185072232,4.284342777906957,6.978964416146483,9.353934217527044,11.198254250768505,37.0365102302705,592,29.7,2.75,4.25,6.5,592,20.3,3.5,5.75,8.0,592,15.2,4.25,6.75,9.25,590,13.6,4.5,7.5,10.0,583,11.0,5.25,8.5,11.75,570,7.9,5.75,9.25,15.5,563,6.6,6.25,10.0,16.0
VLO,Hoch 1,300,0.8388489800677679,2.397837983038296,4.057898822489676,6.244225421951841,9.164705670807335,11.275827589377556,37.0365102302705,300,34.0,2.75,4.25,6.03,300,23.0,3.5,5.5,7.78,300,16.3,4.0,6.06,9.0,298,14.8,4.5,7.25,10.08,294,11.9,5.0,8.19,11.25,289,9.3,5.25,9.25,15.0,285,7.7,5.5,9.75,15.75
VLO,Hoch 2,131,0.676688205345924,2.575382904652126,3.9276029670919366,6.944946834266709,8.975766430032117,11.699571876197126,33.72995646553408,131,27.5,2.75,4.0,6.25,131,19.8,3.25,5.5,7.5,131,14.5,3.75,6.75,8.75,131,13.7,4.0,7.25,9.0,129,10.1,4.75,8.25,11.0,125,4.0,6.0,8.75,15.05,124,1.6,6.62,9.75,16.0
VLO,Hoch 3,72,0.7808950837740706,2.5727310509884287,4.284342777906957,6.241765298197915,8.654043012149819,10.160796645363815,20.74720156850845,72,18.1,2.5,3.5,6.37,72,9.7,3.5,5.0,7.5,72,8.3,4.25,6.12,8.47,72,8.3,4.25,7.31,9.2,72,8.3,4.75,8.0,11.6,69,5.8,5.75,8.5,15.6,68,5.9,6.62,9.31,16.0
VLO,Hoch 4,45,0.9766313738724955,2.5576105571587373,5.275903025912411,7.80731656025445,9.953066743203214,10.195427793789841,15.686143068081392,45,24.4,2.5,4.25,5.75,45,20.0,4.75,6.0,7.9,45,20.0,5.25,7.75,9.9,45,13.3,5.25,8.0,10.0,44,13.6,5.88,9.38,13.2,43,14.0,6.0,10.0,16.0,43,14.0,6.75,10.12,16.0
VLO,Hoch 5,22,0.9457188143079578,3.541655544843099,6.425200486451979,9.006713033850506,10.035643135018457,10.560116436901996,10.79543378286944,22,36.4,3.38,5.75,6.95,22,18.2,5.5,6.94,9.2,22,18.2,6.25,8.94,9.93,22,18.2,6.25,9.12,10.73,22,13.6,6.75,9.81,15.55,22,13.6,8.12,12.06,16.0,21,14.3,8.25,16.0,16.0
VLO,Hoch 6,11,2.1497248633782875,4.759971541097739,6.070080337876558,8.31576400532361,10.692816144452873,11.407963234475421,12.123110324497969,11,36.4,4.25,6.25,8.75,11,27.3,6.0,8.25,10.5,11,18.2,6.0,8.25,10.5,11,9.1,7.0,8.5,10.5,11,0.0,7.0,9.5,10.5,11,0.0,7.25,10.12,12.0,11,0.0,7.25,11.62,15.0
VLO,Hoch 7,5,1.8162889186495421,3.2950479743408616,7.399046796028912,9.180098891208242,10.93548540398897,11.520614241582544,12.10574307917612,5,20.0,6.25,9.0,10.8,5,20.0,7.25,9.0,10.8,5,20.0,7.25,9.0,10.8,5,20.0,7.25,12.0,12.3,5,20.0,7.25,12.0,12.9,5,0.0,12.0,13.5,14.1,5,0.0,13.5,14.5,15.4
VLO,Hoch 8,3,0.7144968408971152,4.296125847884228,7.87775485487134,9.663102317840425,10.734310795621875,11.09138028821569,11.448449780809508,3,33.3,6.75,9.0,10.35,3,33.3,7.75,9.5,10.55,3,0.0,7.75,9.5,10.55,3,0.0,7.75,9.5,10.55,3,0.0,7.75,9.5,10.55,3,0.0,7.75,9.5,10.55,3,0.0,7.75,11.88,14.35
VLO,Hoch 9,1,5.921281115835687,5.921281115835687,5.921281115835687,5.921281115835687,5.921281115835687,5.921281115835687,5.921281115835687,1,0.0,2.0,2.0,2.0,1,0.0,4.25,4.25,4.25,1,0.0,5.75,5.75,5.75,1,0.0,5.75,5.75,5.75,1,0.0,6.75,6.75,6.75,1,0.0,6.75,6.75,6.75,1,0.0,6.75,6.75,6.75
VLO,Hoch 10,1,6.8243483682354835,6.8243483682354835,6.8243483682354835,6.8243483682354835,6.8243483682354835,6.8243483682354835,6.8243483682354835,1,0.0,3.0,3.0,3.0,1,0.0,6.0,6.0,6.0,1,0.0,6.75,6.75,6.75,1,0.0,6.75,6.75,6.75,1,0.0,7.75,7.75,7.75,1,0.0,7.75,7.75,7.75,1,0.0,7.75,7.75,7.75
VLO,Hoch 11,1,8.464905691906655,8.464905691906655,8.464905691906655,8.464905691906655,8.464905691906655,8.464905691906655,8.464905691906655,1,0.0,4.25,4.25,4.25,1,0.0,8.25,8.25,8.25,1,0.0,8.25,8.25,8.25,1,0.0,8.25,8.25,8.25,1,0.0,9.5,9.5,9.5,1,0.0,9.5,9.5,9.5,1,0.0,9.5,9.5,9.5
VNA.DE,alle,357,0.6778850534036652,2.910008964966246,4.961393979813452,7.595832881786021,10.419894105181724,11.9390326469935,27.82503291566974,357,30.8,3.25,4.75,6.5,357,19.9,4.25,6.25,8.5,357,16.8,4.75,7.5,10.35,354,13.0,5.5,8.25,11.25,348,9.8,6.25,9.5,12.58,339,7.1,6.75,11.12,15.75,334,6.3,7.5,12.0,16.0
VNA.DE,Hoch 1,172,0.6778850534036652,2.8273824042360323,4.806101634178013,7.349766248115093,9.582864382571934,11.03068189395885,23.69343256452434,172,29.1,3.25,4.5,6.48,172,18.6,4.12,5.75,8.25,172,15.1,4.75,7.25,9.5,171,12.3,5.5,8.0,10.0,168,8.9,6.25,9.5,12.08,164,6.1,6.75,11.25,15.68,161,5.6,7.75,12.0,16.0
VNA.DE,Hoch 2,84,0.9036017395430918,2.5214759870301173,5.350623327095238,7.702443071227782,10.674189713538908,12.368612159808707,25.129319379429884,84,32.1,3.25,4.56,6.28,84,20.2,4.12,6.56,8.18,84,17.9,5.25,7.56,10.5,83,13.3,5.25,8.12,10.95,82,11.0,6.0,9.94,12.23,79,8.9,6.5,10.38,15.8,78,7.7,7.62,12.69,15.82
VNA.DE,Hoch 3,47,0.8534117392629126,3.031318477865697,5.000009056321589,7.84645894163206,10.899248291207575,13.09401692841978,27.82503291566974,47,36.2,3.5,5.0,6.0,47,23.4,4.25,6.88,9.25,47,21.3,5.0,7.75,10.8,46,15.2,5.12,8.19,12.25,45,13.3,6.25,9.5,13.85,43,9.3,7.0,9.62,15.95,42,9.5,7.25,9.69,15.95
VNA.DE,Hoch 4,24,1.2077061274826715,2.551868855158559,5.001011692292915,8.380377906333704,10.893631959641207,11.892642546583048,26.362087639714435,24,25.0,3.25,5.12,6.45,24,20.8,4.25,6.94,9.2,24,12.5,4.88,8.19,10.8,24,8.3,5.5,8.19,12.1,23,0.0,6.25,10.62,14.05,23,0.0,6.75,11.38,15.55,23,0.0,7.25,13.75,15.95
VNA.DE,Hoch 5,16,2.740199580095322,5.335059980690418,6.966944913031947,10.847124743499801,12.271973559259834,15.349222416861902,24.267732534610015,16,37.5,4.25,5.94,6.62,16,18.8,5.5,9.0,10.62,16,18.8,6.88,10.75,12.12,16,18.8,6.88,11.06,13.38,16,12.5,8.0,11.06,13.38,16,12.5,8.25,13.56,15.38,16,6.2,8.25,13.56,15.38
VNA.DE,Hoch 6,7,2.2915010420535435,4.127709496746644,5.861056126670406,7.45767752099824,9.66520189092488,10.68167112259944,11.698140354274004,7,14.3,3.5,4.5,5.65,7,14.3,5.25,5.88,8.2,7,14.3,5.75,7.38,9.55,7,14.3,5.75,8.38,9.7,7,14.3,5.75,9.62,11.2,7,0.0,5.75,9.88,11.8,7,0.0,5.75,9.88,11.8
VNA.DE,Hoch 7,5,3.429667919222409,4.9081434263751325,5.743584869498427,6.092471671962802,6.991509081370996,7.291188217840394,7.590867354309792,5,60.0,5.5,5.5,5.8,5,40.0,5.5,6.0,6.9,5,40.0,5.5,6.0,6.9,5,20.0,5.5,6.0,8.1,5,20.0,5.5,6.0,10.65,5,20.0,6.0,6.0,10.65,5,20.0,6.0,8.0,11.45
VNA.DE,Hoch 8,2,3.509979486450681,3.8728331097913737,4.2356867331320665,4.598540356472759,4.816252530477175,4.888823255145313,4.961393979813452,2,0.0,2.75,3.12,3.35,2,0.0,2.88,3.19,3.38,2,0.0,4.12,4.44,4.62,2,0.0,4.12,4.44,4.62,2,0.0,4.12,4.44,4.62,2,0.0,4.88,5.56,5.97,2,0.0,5.62,6.69,7.33
VOW3.DE,alle,470,0.7567500683254162,2.4487192281127435,4.563717177964415,7.161614036019192,10.173969876674414,13.64106370921967,32.65259592388182,470,34.0,3.0,4.75,7.0,470,21.1,3.75,6.19,8.53,470,16.4,4.5,7.0,10.03,466,14.2,4.75,7.5,11.5,460,10.4,5.0,8.25,14.78,458,8.1,6.0,10.44,16.0,455,6.4,6.5,12.62,16.0
VOW3.DE,Hoch 1,242,0.7594593033963694,2.2956255218519224,4.230964494232806,6.8828047060107,10.252921735856235,14.180687710717963,26.722248445231752,242,34.3,2.88,4.94,7.0,242,20.7,3.75,6.0,8.23,242,16.5,4.12,6.75,10.2,238,14.3,4.25,7.19,11.73,235,10.6,4.75,7.5,14.8,233,8.2,5.75,9.25,16.0,232,6.9,6.25,12.25,16.0
VOW3.DE,Hoch 2,110,0.7567500683254162,2.4552821608931374,4.106866063989194,6.872664490562601,9.414973587348623,11.972275721041395,21.686997771050873,110,26.4,2.88,4.25,6.03,110,15.5,3.5,5.75,7.75,110,11.8,4.0,6.75,9.28,110,9.1,4.5,7.19,9.78,107,4.7,4.5,7.75,13.85,107,2.8,5.75,10.38,16.0,106,1.9,6.0,11.88,16.0
VOW3.DE,Hoch 3,64,0.8849250196929619,3.1836106055350744,5.153719972123021,7.117265542649173,10.629406702676327,12.269708929690045,21.184791850993857,64,39.1,3.25,5.06,6.5,64,23.4,4.5,6.31,8.68,64,15.6,5.0,7.0,10.5,64,14.1,5.25,8.5,12.55,64,10.9,5.62,9.19,15.63,64,9.4,5.75,11.56,16.0,63,6.3,6.75,13.62,16.0
VOW3.DE,Hoch 4,31,1.3608448393253465,3.5142768444000607,5.515419891297027,8.655271232478439,11.50098740453835,23.90122609277659,32.65259592388182,31,32.3,3.5,4.75,7.75,31,22.6,4.75,7.75,9.0,31,19.4,5.5,8.5,11.5,31,16.1,5.5,8.88,15.0,31,16.1,6.75,9.75,16.0,31,16.1,8.25,12.62,16.0,31,12.9,8.75,15.5,16.0
VOW3.DE,Hoch 5,16,2.318419273506668,4.056434472711169,5.145133541925635,7.52239971626814,10.400148138184766,12.330872015502514,17.09614982567386,16,56.2,4.5,5.06,7.25,16,43.8,5.0,7.38,9.62,16,31.2,5.0,7.44,10.25,16,31.2,5.25,7.44,10.88,16,18.8,5.62,9.06,13.62,16,12.5,6.5,10.88,16.0,16,12.5,9.0,14.69,16.0
VOW3.DE,Hoch 6,5,2.3033073061382554,3.9960043739371307,5.508580583868294,5.932424248969339,6.101479585252291,6.157831364013275,6.214183142774259,5,40.0,4.0,4.5,5.1,5,20.0,4.0,5.5,5.8,5,20.0,5.5,5.75,5.9,5,20.0,5.5,5.75,6.65,5,20.0,5.75,7.25,11.0,5,0.0,6.75,7.5,12.6,5,0.0,6.75,10.5,13.8
VOW3.DE,Hoch 7,2,6.689040030772986,6.903844095628619,7.118648160484251,7.333452225339883,7.462334664253263,7.505295477224389,7.548256290195516,2,100.0,4.5,4.62,4.7,2,100.0,6.0,6.0,6.0,2,100.0,7.0,7.25,7.4,2,100.0,7.5,8.0,8.3,2,100.0,10.5,12.5,13.7,2,100.0,11.75,13.88,15.15,2,50.0,11.75,13.88,15.15
VRSK,alle,414,0.7783252167393632,2.351702212951175,4.210392116826604,7.430230126017468,9.969731063680417,13.045433920220878,24.50648681458346,414,26.3,2.75,4.5,6.92,414,16.2,3.5,6.25,9.0,414,13.3,4.0,7.25,9.75,412,9.2,4.75,7.75,11.2,408,7.6,5.25,8.5,12.33,405,4.7,5.5,9.0,15.4,394,3.6,5.75,9.69,16.0
VRSK,Hoch 1,184,0.7785922999136559,2.246381315199174,4.095681447779956,6.974428005084524,9.96973106368042,12.659029973127577,17.053130654925972,184,28.8,2.75,4.56,6.43,184,16.8,3.5,6.0,8.93,184,13.0,4.0,6.75,9.75,184,11.4,4.5,7.25,10.18,181,9.4,5.0,8.0,11.75,180,5.6,5.25,8.75,14.27,174,4.6,5.38,9.0,15.5
VRSK,Hoch 2,91,0.9867407056684073,2.4639536347819777,4.48918235499146,6.750994194718885,8.727647489410122,10.245629337638494,19.381614540456262,91,22.0,2.5,4.0,6.0,91,13.2,2.75,5.25,7.5,91,12.1,4.25,6.62,8.5,90,6.7,4.75,7.75,9.03,89,3.4,5.25,8.5,11.25,89,2.2,5.5,9.0,14.05,86,1.2,5.75,9.19,15.12
VRSK,Hoch 3,52,0.8731663980588672,2.34792760692896,3.8530805551106626,8.054783435880838,10.759094412166087,12.778828556579263,22.420826541574385,52,15.4,2.5,3.56,4.97,52,11.5,3.0,6.19,9.17,52,9.6,3.75,7.88,10.6,51,5.9,4.0,8.5,12.25,51,5.9,5.0,8.62,14.0,50,2.0,5.38,10.38,16.0,49,2.0,6.0,10.75,16.0
VRSK,Hoch 4,35,1.0612958029525834,2.531784829992062,4.696720775856289,9.105682488399765,12.389849558411617,13.939931481886909,22.677802296084284,35,31.4,3.0,4.5,7.15,35,20.0,3.75,8.12,9.4,35,20.0,4.5,9.0,12.25,35,8.6,6.0,9.38,13.65,35,8.6,6.0,9.38,14.4,34,5.9,5.88,9.5,15.55,33,0.0,7.5,11.5,15.65
VRSK,Hoch 5,23,1.5456651435897915,1.9730902556097512,5.317940373900774,8.754163584517878,13.320209752073765,15.283712549548284,23.10557591542776,23,39.1,3.0,6.0,7.65,23,30.4,5.25,8.62,12.0,23,21.7,5.25,8.62,13.25,23,17.4,5.25,8.62,13.25,23,17.4,5.75,9.12,13.7,23,13.0,5.75,10.0,15.6,23,13.0,7.25,12.12,15.7
VRSK,Hoch 6,15,1.8344695429507045,3.0914955310550107,4.212186554842344,8.57817987679893,9.677693575623685,13.781150334504852,22.374240051958083,15,20.0,3.75,6.62,9.0,15,13.3,4.0,8.5,9.6,15,13.3,4.0,8.5,9.6,15,6.7,4.25,8.5,9.6,15,6.7,5.25,9.0,11.65,15,6.7,6.0,9.38,14.7,15,6.7,8.0,11.38,14.9
VRSK,Hoch 7,7,2.7402216541814712,3.3863207156970407,4.762049970684474,7.2354143525244865,14.518755652500367,19.5126212335419,24.50648681458346,7,42.9,4.0,7.12,11.05,7,14.3,4.5,7.12,11.05,7,14.3,4.75,7.12,11.05,7,0.0,6.5,7.25,11.05,7,0.0,6.5,7.25,11.05,7,0.0,6.75,8.38,11.8,7,0.0,6.75,8.38,11.8
VRSK,Hoch 8,4,0.910007865639385,3.9103027228632916,6.1940519781128005,7.508195929218639,7.563083296094376,7.581379085052955,7.5996748740115345,4,25.0,5.62,7.31,7.42,4,0.0,6.0,7.31,7.42,4,0.0,6.0,7.31,7.42,4,0.0,6.0,7.31,7.42,4,0.0,6.0,7.31,7.42,4,0.0,7.38,7.88,8.55,4,0.0,7.38,7.88,8.55
VRSK,Hoch 9,1,0.7783252167393632,0.7783252167393632,0.7783252167393632,0.7783252167393632,0.7783252167393632,0.7783252167393632,0.7783252167393632,1,0.0,0.75,0.75,0.75,1,0.0,0.75,0.75,0.75,1,0.0,0.75,0.75,0.75,1,0.0,0.75,0.75,0.75,1,0.0,0.75,0.75,0.75,1,0.0,0.75,0.75,0.75,1,0.0,0.75,0.75,0.75
VRSK,Hoch 10,1,2.111308267758084,2.111308267758084,2.111308267758084,2.111308267758084,2.111308267758084,2.111308267758084,2.111308267758084,1,0.0,1.75,1.75,1.75,1,0.0,1.75,1.75,1.75,1,0.0,2.0,2.0,2.0,1,0.0,2.0,2.0,2.0,1,0.0,2.0,2.0,2.0,1,0.0,3.0,3.0,3.0,1,0.0,3.0,3.0,3.0
VRSK,Hoch 11,1,4.9388801487431735,4.9388801487431735,4.9388801487431735,4.9388801487431735,4.9388801487431735,4.9388801487431735,4.9388801487431735,1,100.0,3.25,3.25,3.25,1,100.0,4.75,4.75,4.75,1,0.0,4.75,4.75,4.75,1,0.0,4.75,4.75,4.75,1,0.0,5.75,5.75,5.75,1,0.0,5.75,5.75,5.75,1,0.0,5.75,5.75,5.75
VRTX,alle,477,0.7224512914836989,2.6491837600379147,4.304667802640483,6.655841171796954,9.344232714557984,11.30407552293078,15.226340795879317,477,34.2,3.0,4.5,6.25,477,22.2,3.5,5.75,8.25,477,15.7,4.25,6.5,9.25,476,14.3,4.5,7.0,10.25,469,10.9,5.25,8.25,11.25,463,6.5,5.75,9.25,12.0,458,4.8,6.25,10.0,13.5
VRTX,Hoch 1,234,0.7539327167034441,2.1411300020885067,3.7291391243050986,6.04899937394562,8.867146643222569,11.034158851398114,15.135309691723867,234,29.9,2.5,4.0,5.68,234,17.5,3.25,5.25,7.25,234,11.1,3.5,6.0,8.68,233,9.9,4.0,6.75,9.5,228,7.5,4.75,7.31,10.25,224,3.6,5.25,8.5,10.93,224,2.7,5.62,9.25,12.68
VRTX,Hoch 2,129,0.7224512914836989,2.7163247079553443,4.711593596355264,7.0936406603586555,9.862153337684559,10.378756256730306,14.981325673391284,129,39.5,3.75,5.0,6.5,129,27.1,4.25,6.25,8.25,129,19.4,4.5,7.0,9.75,129,17.1,5.25,7.5,10.3,127,11.0,5.75,9.0,11.1,126,7.1,5.88,9.75,12.5,125,5.6,6.5,10.25,13.95
VRTX,Hoch 3,62,1.0864177197782605,3.2171962013848536,5.316063017767361,6.960734995555603,8.389619931683061,10.512242008431137,13.808547141193394,62,40.3,3.62,5.44,6.72,62,27.4,4.5,6.25,7.7,62,19.4,5.25,6.75,8.25,62,17.7,5.25,7.19,10.0,62,14.5,5.88,9.25,11.72,62,9.7,6.75,9.69,12.65,61,6.6,7.0,10.25,13.5
VRTX,Hoch 4,29,1.0193938176219504,3.286019610035297,5.702211371651336,7.682547854375352,11.457693510494538,12.729914930303728,13.491081315955098,29,27.6,3.5,5.0,5.8,29,20.7,4.5,6.75,7.85,29,20.7,5.5,7.5,11.4,29,20.7,5.5,8.25,12.0,29,17.2,5.75,11.25,13.05,29,13.8,6.75,12.0,13.05,28,7.1,7.75,12.31,14.65
VRTX,Hoch 5,13,2.002415168763326,3.1046554688342987,3.8689344638278356,8.181301323704375,12.190307262350252,13.646068803743752,15.226340795879317,13,30.8,3.5,4.25,4.85,13,30.8,3.75,8.0,8.25,13,30.8,3.75,8.0,12.1,13,30.8,4.25,8.0,12.5,13,30.8,6.25,11.0,13.1,13,23.1,6.25,11.0,13.45,12,25.0,7.12,11.56,15.28
VRTX,Hoch 6,7,2.6500690080124234,3.311156949083121,3.7879637084614393,6.372981492256927,7.915878854180438,8.582800141323496,9.24972142846656,7,42.9,3.25,5.38,7.8,7,28.6,3.25,5.38,7.8,7,14.3,3.75,6.25,7.8,7,14.3,4.75,6.75,7.8,7,14.3,6.5,8.0,8.7,7,0.0,6.5,8.0,8.7,6,0.0,7.0,8.25,8.75
VRTX,Hoch 7,3,3.3696475471833485,3.6170618587447363,3.864476170306124,5.315149543935224,6.1855535681126845,6.475688242838504,6.765822917564324,3,66.7,3.75,5.12,5.95,3,33.3,3.75,5.12,5.95,3,33.3,3.75,5.25,6.15,3,33.3,4.75,5.88,6.55,3,33.3,5.5,6.25,6.7,2,0.0,6.0,6.5,6.8,2,0.0,6.0,6.5,6.8
VZ,alle,519,0.6904233328479544,2.6538214600450316,4.227578143427635,6.672069848435859,9.671046746217492,12.394335876116505,22.738148347907675,519,30.3,3.0,4.5,6.55,519,20.8,3.75,5.75,8.0,519,15.0,4.0,6.5,9.5,517,11.6,4.25,7.25,11.75,514,8.2,5.0,8.25,13.5,505,5.5,5.75,9.75,15.15,500,3.8,6.0,10.81,16.0
VZ,Hoch 1,259,0.8325770035991427,2.515423913561187,3.9684772181483683,6.41296622740051,9.580583808369685,12.402982682540689,22.43668208206411,259,29.3,3.0,4.25,6.55,259,20.1,3.5,5.25,8.0,259,15.1,3.75,6.25,9.35,258,10.5,4.0,6.75,11.75,256,7.0,4.5,8.0,12.62,253,5.1,5.5,9.25,14.75,250,3.2,6.0,10.44,16.0
VZ,Hoch 2,126,0.8529569230073684,2.47787330126683,4.317149091739396,6.194914520437315,9.812773334891865,12.66738168561533,20.74866195702024,126,33.3,2.5,4.25,6.0,126,23.0,3.38,5.75,7.5,126,15.9,4.25,6.0,9.62,126,13.5,4.38,7.19,11.38,125,10.4,4.75,8.5,14.7,124,4.8,5.75,10.31,15.18,123,4.1,6.25,11.0,16.0
VZ,Hoch 3,65,0.9325799400826172,3.0911807013730392,4.570857834903842,6.851801377031793,8.717316043056588,11.601903030438491,14.40975574151068,65,33.8,3.0,4.5,6.65,65,20.0,3.75,6.0,8.65,65,16.9,4.5,6.75,8.65,64,15.6,4.62,7.25,11.93,64,10.9,5.12,8.12,12.93,63,9.5,6.25,9.88,13.0,62,6.5,6.25,10.5,15.97
VZ,Hoch 4,33,1.0659297096659102,3.720340480115781,4.6528328645378405,7.361370721094245,10.027176780072779,12.12894422375548,14.381289708116574,33,15.2,3.25,4.0,5.2,33,15.2,4.0,5.75,7.95,33,9.1,4.5,7.25,9.9,33,6.1,4.5,7.25,12.0,33,3.0,5.25,9.75,12.85,32,0.0,5.88,10.31,13.7,32,0.0,6.75,10.31,13.7
VZ,Hoch 5,18,0.6904233328479544,4.013492601333831,5.050493267963329,8.275725488139946,10.340909939229402,12.504921176838959,15.700922716201624,18,38.9,3.5,6.62,7.33,18,33.3,4.88,7.69,8.62,18,22.2,5.0,8.19,10.18,18,16.7,5.0,8.19,13.03,18,16.7,7.38,10.69,16.0,17,17.6,8.0,11.5,16.0,17,11.8,8.0,11.75,16.0
VZ,Hoch 6,10,1.645211305866971,4.304190905001723,5.414101060590209,6.561201406165594,9.180302782781302,15.959225565344475,22.738148347907675,10,20.0,3.88,4.62,6.55,10,10.0,4.62,6.25,6.6,10,0.0,5.25,6.44,8.35,10,0.0,5.25,7.25,10.6,10,0.0,5.88,7.25,10.6,9,0.0,6.0,10.75,15.2,9,0.0,6.0,10.75,15.4
VZ,Hoch 7,5,1.3101340233904373,5.156790234118545,5.842784296564628,7.109955944703403,7.292631040747318,7.353522739428622,7.414414438109927,5,40.0,5.0,5.75,6.5,5,20.0,5.75,6.0,6.6,5,20.0,5.75,7.0,7.15,5,20.0,5.75,7.25,9.35,5,0.0,7.25,8.25,9.75,4,0.0,6.62,10.19,13.68,4,0.0,6.62,10.19,13.68
VZ,Hoch 8,2,2.080851015911787,3.5370933059597354,4.993335596007683,6.449577886055632,7.3233232600844005,7.61457171809399,7.90582017610358,2,50.0,3.38,4.44,5.08,2,50.0,4.5,6.12,7.1,2,0.0,4.88,6.31,7.17,2,0.0,6.0,8.0,9.2,2,0.0,7.75,8.88,9.55,2,0.0,7.75,8.88,9.55,2,0.0,7.75,8.88,9.55
VZ,Hoch 9,1,2.5678102808624974,2.5678102808624974,2.5678102808624974,2.5678102808624974,2.5678102808624974,2.5678102808624974,2.5678102808624974,1,0.0,1.75,1.75,1.75,1,0.0,2.5,2.5,2.5,1,0.0,2.5,2.5,2.5,1,0.0,2.5,2.5,2.5,1,0.0,6.0,6.0,6.0,1,0.0,6.0,6.0,6.0,1,0.0,6.0,6.0,6.0
WBD,alle,548,0.5930679017340835,2.642156999961005,4.63757080606455,6.793575887002954,9.133917152760937,11.292997485355743,17.70588776686019,548,33.4,3.25,4.75,6.58,548,21.5,4.0,5.75,8.0,548,16.4,4.5,6.75,9.0,548,14.2,4.88,7.5,10.0,548,11.3,5.75,8.5,12.08,548,9.5,6.25,10.5,14.75,539,7.8,7.25,12.25,16.0
WBD,Hoch 1,285,0.7607916468326524,2.595365261929365,4.306868956182835,6.14193675700081,8.89068407231672,10.692990811633164,17.70588776686019,285,33.3,3.0,4.5,6.25,285,21.1,3.75,5.5,7.75,285,16.1,4.25,6.0,8.75,285,13.7,4.5,7.0,9.5,285,10.5,5.5,8.5,10.75,285,9.1,6.25,10.25,14.4,282,6.0,7.25,11.75,16.0
WBD,Hoch 2,132,0.6307336310208841,2.779169079792478,4.698640761895952,6.848857457310473,8.81085743860033,11.460982490766698,16.782183375816537,132,34.8,3.75,4.75,6.75,132,23.5,4.12,5.5,8.0,132,16.7,4.62,6.75,8.75,132,14.4,4.88,7.5,10.45,132,12.9,5.5,8.5,11.75,132,9.1,6.38,10.5,14.25,130,9.2,7.38,12.69,15.33
WBD,Hoch 3,63,0.5930679017340835,2.520907870828152,4.8194981304931614,6.51589234629536,9.259971130465166,11.139017370987286,13.702720737358472,63,28.6,2.75,4.62,5.5,63,19.0,4.25,5.62,7.5,63,15.9,4.75,6.38,9.1,63,14.3,5.0,7.62,10.25,63,9.5,5.75,8.62,13.65,63,9.5,6.25,11.88,15.45,61,8.2,7.75,14.25,16.0
WBD,Hoch 4,33,0.8934153350834844,2.8760869817607655,5.647059255610574,7.23838859984505,8.85625172304652,11.000569141059021,13.945674826326869,33,39.4,2.75,5.0,5.95,33,24.2,5.0,6.25,8.05,33,18.2,5.5,7.0,8.65,33,15.2,6.25,7.5,9.0,33,12.1,6.25,8.25,13.45,33,12.1,6.25,9.5,16.0,31,12.9,6.75,13.0,16.0
WBD,Hoch 5,15,1.5448273427799688,2.5099229101168437,6.0465084555755215,7.1151200339789735,8.080016500877388,8.588744232396559,8.71697992064213,15,33.3,2.5,4.38,6.3,15,26.7,5.5,6.5,7.15,15,20.0,6.0,7.0,8.0,15,20.0,6.0,7.12,10.45,15,20.0,6.0,7.12,11.85,15,13.3,6.0,9.25,13.75,15,13.3,6.5,9.25,15.5
WBD,Hoch 6,8,1.581820334623395,2.7942693352901204,5.85005970690285,8.856171623480147,10.192463203874542,10.249639100271622,10.3068149966687,8,37.5,5.75,7.69,8.4,8,25.0,5.75,8.56,9.72,8,25.0,5.75,8.69,10.07,8,25.0,5.75,8.69,11.72,8,12.5,6.75,8.69,11.8,8,12.5,7.88,10.94,16.0,8,12.5,7.88,13.0,16.0
WBD,Hoch 7,4,2.6677319798058705,2.9032068234628814,3.661065217067178,5.267338264478085,6.935769547524192,7.491913308539559,8.048057069554929,4,25.0,2.62,4.06,6.43,4,0.0,3.0,4.62,6.65,4,0.0,3.5,5.19,6.88,4,0.0,4.38,5.38,6.95,4,0.0,6.12,8.19,8.53,4,0.0,7.38,8.69,9.93,4,0.0,8.62,10.19,11.88
WBD,Hoch 8,3,3.6613566434529146,4.730827839059495,5.800299034666075,6.656008727633228,7.169434543413521,7.340576482006951,7.511718420600382,3,0.0,4.25,4.5,4.65,3,0.0,5.75,6.62,7.15,3,0.0,5.75,6.62,7.15,3,0.0,5.75,7.5,8.55,3,0.0,5.75,8.38,9.95,3,0.0,10.5,11.62,12.3,3,0.0,10.5,12.12,13.1
WBD,Hoch 9,2,5.3068583629567145,7.24022545542808,9.173592547899446,11.10695964037081,12.26697989585363,12.653653314347903,13.040326732842177,2,50.0,4.12,4.69,5.03,2,0.0,8.0,9.38,10.2,2,0.0,9.12,11.06,12.22,2,0.0,9.5,11.62,12.9,2,0.0,10.0,12.38,13.8,2,0.0,10.62,13.31,14.93,2,0.0,10.62,13.31,14.93
WBD,Hoch 10,1,12.144732263506832,12.144732263506832,12.144732263506832,12.144732263506832,12.144732263506832,12.144732263506832,12.144732263506832,1,0.0,10.5,10.5,10.5,1,0.0,10.5,10.5,10.5,1,0.0,12.0,12.0,12.0,1,0.0,12.5,12.5,12.5,1,0.0,13.0,13.0,13.0,1,0.0,14.5,14.5,14.5,1,0.0,14.75,14.75,14.75
WBD,Hoch 11,1,12.888321604366048,12.888321604366048,12.888321604366048,12.888321604366048,12.888321604366048,12.888321604366048,12.888321604366048,1,0.0,11.5,11.5,11.5,1,0.0,11.75,11.75,11.75,1,0.0,12.75,12.75,12.75,1,0.0,13.25,13.25,13.25,1,0.0,13.75,13.75,13.75,1,0.0,14.75,14.75,14.75,1,0.0,15.0,15.0,15.0
WBD,Hoch 12,1,12.662992507500837,12.662992507500837,12.662992507500837,12.662992507500837,12.662992507500837,12.662992507500837,12.662992507500837,1,100.0,11.0,11.0,11.0,1,100.0,12.0,12.0,12.0,1,100.0,12.5,12.5,12.5,1,100.0,13.0,13.0,13.0,1,100.0,13.5,13.5,13.5,1,100.0,14.5,14.5,14.5,1,100.0,14.5,14.5,14.5
WDAY,alle,319,0.4995369019733357,2.631277816898569,4.401812570647191,7.074010864583363,12.560995984531163,15.666422975465743,21.149666364180874,319,32.3,3.25,4.5,6.25,319,20.4,3.75,5.62,10.0,319,15.0,4.25,7.0,12.5,317,12.6,4.5,8.25,14.25,309,11.0,5.5,11.0,15.55,302,7.6,6.5,12.44,16.0,293,5.8,6.5,13.0,16.0
WDAY,Hoch 1,159,0.7216662555525882,2.345860494910248,3.950907367477518,7.113097752897188,12.105164400988576,13.98087536755984,18.46180859306098,159,30.8,3.0,4.25,6.5,159,22.0,3.75,5.75,10.3,159,17.6,3.75,7.0,12.0,158,15.2,4.25,7.75,12.65,154,13.0,5.5,10.94,14.85,148,8.8,6.25,12.0,16.0,142,7.0,6.62,11.75,16.0
WDAY,Hoch 2,81,0.4995369019733357,2.717379222061882,4.46310501886247,6.465958881764225,9.62070527812812,14.441029610420342,18.32345888791159,81,34.6,3.0,4.75,6.25,81,19.8,3.75,5.25,7.75,81,13.6,4.25,6.25,9.5,80,11.2,4.62,6.75,14.28,77,9.1,5.25,9.0,15.7,76,5.3,6.25,13.88,16.0,74,4.1,6.12,15.44,16.0
WDAY,Hoch 3,35,1.0191644465378256,2.984576906426933,4.828014665195304,6.146703259974951,11.083892709191028,13.576290582613362,20.118294124141766,35,28.6,3.25,4.5,5.75,35,17.1,3.75,5.5,6.0,35,11.4,4.75,6.0,11.0,35,8.6,5.5,9.88,12.65,34,8.8,5.75,12.12,15.85,34,5.9,7.0,12.12,16.0,33,3.0,7.0,12.25,16.0
WDAY,Hoch 4,21,1.408254823146658,3.210366649190217,4.8448469751167,8.368886001716836,14.135235394600672,17.821369617172714,19.400503862379562,21,33.3,3.5,5.5,7.25,21,19.0,4.0,7.5,10.0,21,9.5,4.75,8.25,14.0,21,4.8,4.75,8.25,16.0,21,4.8,6.25,9.75,16.0,21,4.8,7.25,10.25,16.0,21,4.8,7.25,11.0,16.0
WDAY,Hoch 5,13,1.4322926507581903,3.3417033735621064,5.1828935005819865,13.717557954562258,16.858464167594125,18.203844535087583,19.83699121304147,13,46.2,3.5,4.5,5.8,13,30.8,4.5,7.0,10.6,13,23.1,5.0,13.5,15.95,13,23.1,5.0,13.75,16.0,13,23.1,6.75,13.75,16.0,13,23.1,8.75,13.75,16.0,13,15.4,8.75,13.75,16.0
WDAY,Hoch 6,6,3.395011123788474,4.472277588726291,4.841956171948171,5.245407401027629,13.239626985019079,17.194646674599976,21.149666364180874,6,33.3,3.38,4.12,4.5,6,0.0,4.12,4.62,10.38,6,0.0,4.62,5.12,10.62,6,0.0,4.75,7.38,12.12,6,0.0,5.0,12.94,15.75,6,0.0,7.25,14.44,16.0,6,0.0,7.25,14.44,16.0
WDAY,Hoch 7,3,4.2270412047050385,4.5664154336704,4.905789662635761,6.247674433903468,7.052805296664093,7.321182250917634,7.5895592051711755,3,33.3,2.25,3.12,3.65,3,0.0,4.0,4.62,5.0,3,0.0,4.75,6.12,6.95,3,0.0,5.0,7.0,8.2,3,0.0,5.0,10.25,13.4,3,0.0,5.0,10.5,13.8,3,0.0,5.0,10.5,13.8
WDAY,Hoch 8,1,8.591450258711342,8.591450258711342,8.591450258711342,8.591450258711342,8.591450258711342,8.591450258711342,8.591450258711342,1,0.0,2.25,2.25,2.25,1,0.0,6.25,6.25,6.25,1,0.0,8.5,8.5,8.5,1,0.0,15.5,15.5,15.5,1,0.0,16.0,16.0,16.0,1,0.0,16.0,16.0,16.0,1,0.0,16.0,16.0,16.0
WDC,alle,570,0.5730187975878597,2.3781393648029425,4.355932535830016,7.3000217939464465,10.704152773987142,12.942966364316197,21.1789217930613,570,27.0,3.0,4.75,6.75,570,19.6,3.5,6.0,8.5,570,15.4,4.25,7.25,10.53,567,13.4,4.75,8.12,12.0,563,11.4,5.75,9.5,14.5,554,9.9,7.0,12.25,16.0,548,6.9,8.0,13.75,16.0
WDC,Hoch 1,279,0.7742698137953983,2.4710788479466532,4.731840863532283,7.431808603493279,10.569207889875624,13.179581291294053,21.10720200615554,279,26.9,3.0,4.75,6.75,279,20.1,3.75,6.25,8.5,279,17.2,4.5,7.38,10.5,278,15.1,5.0,8.25,12.08,277,12.6,6.0,10.0,14.85,275,10.9,7.5,12.0,16.0,273,6.6,9.0,13.75,16.0
WDC,Hoch 2,126,0.5730187975878597,2.52184610732139,4.723468126388743,7.560577775824532,10.91478021592032,12.384973740333526,18.607866528439647,126,29.4,3.25,5.0,7.38,126,20.6,3.75,6.5,9.0,126,13.5,4.62,7.44,10.75,126,11.9,5.0,8.38,12.25,125,10.4,6.25,10.75,14.65,124,8.9,7.38,14.0,16.0,123,6.5,9.25,14.38,16.0
WDC,Hoch 3,72,0.7828652609741625,2.3693673429638586,4.3443568656118146,8.196269442192659,10.845286786207112,12.441955996188772,18.61618192539764,72,36.1,3.25,4.88,7.65,72,27.8,3.75,6.5,9.22,72,22.2,4.25,8.06,10.67,72,16.7,4.62,8.56,12.05,71,14.1,5.75,9.25,13.75,70,12.9,7.12,12.75,16.0,70,12.9,7.62,13.44,16.0
WDC,Hoch 4,35,0.9605904250175143,2.230356883420526,2.8817437620144655,5.386705309537932,9.146791256742825,11.495228294949127,19.343739534691792,35,17.1,2.5,3.0,5.65,35,11.4,2.75,4.5,7.0,35,11.4,2.75,5.25,8.95,35,11.4,3.5,6.38,10.6,34,8.8,3.75,8.56,11.7,33,9.1,4.25,12.0,16.0,33,6.1,7.25,14.25,16.0
WDC,Hoch 5,22,0.9036409895471271,2.1364902890625195,3.5771065815927288,4.825648143418012,7.790178396264689,11.955589945966521,21.1789217930613,22,18.2,2.75,3.44,3.98,22,4.5,3.5,4.69,7.58,22,0.0,3.5,4.75,7.58,21,0.0,4.5,6.25,9.0,21,0.0,4.75,6.25,9.75,20,0.0,5.62,9.75,13.98,20,0.0,6.75,14.12,16.0
WDC,Hoch 6,16,1.312879998892681,2.6669618092418044,4.547990903012897,7.173315228387637,10.362002003436457,13.93174848527336,19.66614999458721,16,25.0,3.62,4.69,5.38,16,18.8,4.25,5.44,10.25,16,18.8,4.38,7.06,10.25,15,20.0,6.25,8.62,10.8,15,20.0,6.25,8.62,11.1,14,14.3,7.5,8.69,11.5,14,7.1,8.12,9.94,15.18
WDC,Hoch 7,8,1.5204200774898236,2.3725354205788545,3.9975376449938906,7.156082460447019,8.605399496870017,8.728630639574915,8.851861782279814,8,12.5,2.75,3.44,4.83,8,12.5,2.75,3.44,4.83,8,0.0,3.88,6.94,8.4,8,0.0,3.88,6.94,8.78,8,0.0,3.88,7.31,8.78,7,0.0,4.75,7.75,8.95,7,0.0,4.75,8.62,10.4
WDC,Hoch 8,4,1.5378085820555367,1.6744994273913072,2.2232306055599453,5.647292296663844,10.90490172714878,12.657438203977083,14.409974680805398,4,25.0,2.0,3.25,4.6,4,25.0,2.0,5.44,10.73,4,0.0,2.0,5.44,10.73,4,0.0,2.0,5.44,10.73,4,0.0,2.0,5.44,10.73,3,0.0,1.5,7.88,11.7,3,0.0,1.5,8.75,13.1
WDC,Hoch 9,2,2.0043200075324643,2.1252190138146467,2.246118020096829,2.367017026379012,2.4395564301483215,2.463736231404758,2.4879160326611944,2,0.0,2.12,2.19,2.23,2,0.0,2.12,2.19,2.23,2,0.0,2.12,2.19,2.23,2,0.0,2.12,2.19,2.23,2,0.0,2.12,2.19,2.23,2,0.0,2.12,2.19,2.23,2,0.0,2.12,2.19,2.23
WDC,Hoch 10,1,2.328943983136926,2.328943983136926,2.328943983136926,2.328943983136926,2.328943983136926,2.328943983136926,2.328943983136926,1,0.0,2.25,2.25,2.25,1,0.0,2.25,2.25,2.25,1,0.0,2.25,2.25,2.25,1,0.0,2.25,2.25,2.25,1,0.0,2.25,2.25,2.25,1,0.0,2.25,2.25,2.25,1,0.0,2.25,2.25,2.25
WDC,Hoch 11,1,1.3884584024902384,1.3884584024902384,1.3884584024902384,1.3884584024902384,1.3884584024902384,1.3884584024902384,1.3884584024902384,1,0.0,1.25,1.25,1.25,1,0.0,1.25,1.25,1.25,1,0.0,1.25,1.25,1.25,1,0.0,1.25,1.25,1.25,1,0.0,1.25,1.25,1.25,1,0.0,1.25,1.25,1.25,1,0.0,1.25,1.25,1.25
WDC,Hoch 12,1,2.3152905148166054,2.3152905148166054,2.3152905148166054,2.3152905148166054,2.3152905148166054,2.3152905148166054,2.3152905148166054,1,0.0,2.25,2.25,2.25,1,0.0,2.25,2.25,2.25,1,0.0,2.25,2.25,2.25,1,0.0,2.25,2.25,2.25,1,0.0,2.25,2.25,2.25,1,0.0,2.25,2.25,2.25,1,0.0,2.25,2.25,2.25
WDC,Hoch 13,1,4.385797759981729,4.385797759981729,4.385797759981729,4.385797759981729,4.385797759981729,4.385797759981729,4.385797759981729,1,0.0,4.25,4.25,4.25,1,0.0,4.25,4.25,4.25,1,0.0,4.25,4.25,4.25,1,0.0,4.25,4.25,4.25,1,0.0,4.25,4.25,4.25,1,0.0,4.25,4.25,4.25,0,,,,
WDC,Hoch 14,1,3.5147849724084015,3.5147849724084015,3.5147849724084015,3.5147849724084015,3.5147849724084015,3.5147849724084015,3.5147849724084015,1,0.0,3.5,3.5,3.5,1,0.0,3.5,3.5,3.5,1,0.0,3.5,3.5,3.5,1,0.0,3.5,3.5,3.5,1,0.0,3.5,3.5,3.5,1,0.0,3.5,3.5,3.5,0,,,,
WDC,Hoch 15,1,4.291482302848924,4.291482302848924,4.291482302848924,4.291482302848924,4.291482302848924,4.291482302848924,4.291482302848924,1,0.0,4.25,4.25,4.25,1,0.0,4.25,4.25,4.25,1,0.0,4.25,4.25,4.25,1,0.0,4.25,4.25,4.25,1,0.0,4.25,4.25,4.25,1,0.0,4.25,4.25,4.25,0,,,,
WELL,alle,520,0.7257117785912272,2.308354069041845,3.705801389948425,6.296336501800584,10.515507462776075,13.551493492208623,48.55338473061585,520,28.5,2.75,4.25,6.5,520,16.2,3.25,5.5,8.5,520,11.9,3.5,6.25,10.5,518,10.2,3.75,6.75,12.33,515,7.6,4.5,8.75,14.75,509,6.1,5.25,11.25,16.0,502,4.6,6.0,13.75,16.0
WELL,Hoch 1,236,0.8523454790457321,2.144987742995693,3.5453789107796223,6.128683313223492,10.804663796988285,13.632493448033118,43.235583245052624,236,28.0,2.5,4.25,6.5,236,17.8,3.0,5.06,8.62,236,12.7,3.5,6.0,10.75,235,11.1,3.75,7.0,12.25,234,8.5,4.25,9.5,14.93,231,6.9,5.25,11.38,16.0,228,4.8,6.25,12.81,16.0
WELL,Hoch 2,122,0.7257117785912272,2.290870924265338,3.5954702104616176,6.118596275449717,10.858699662263817,13.819927416024422,43.645383070288666,122,23.8,2.5,3.5,6.0,122,13.9,2.88,4.75,7.93,122,11.5,3.5,6.0,10.75,121,9.1,3.5,6.5,13.75,120,7.5,3.5,8.31,15.55,119,5.9,4.0,11.25,16.0,118,4.2,5.38,13.62,16.0
WELL,Hoch 3,77,1.064864607869101,2.7630658522596856,4.427003347786189,6.6446620952999575,12.252709908528237,16.874219715355412,48.55338473061585,77,28.6,3.0,4.5,7.85,77,10.4,3.5,6.0,9.05,77,7.8,4.25,6.5,12.2,77,6.5,4.25,6.75,14.05,76,5.3,4.62,8.75,15.0,75,4.0,5.0,12.75,16.0,73,2.7,6.5,14.75,16.0
WELL,Hoch 4,41,1.0864530197523314,2.826898478807886,3.9985282649393157,5.789165258838615,8.906529415858266,9.393896004275806,11.34656449270295,41,36.6,2.75,5.0,6.25,41,14.6,3.0,5.75,8.0,41,9.8,3.75,5.75,8.75,41,7.3,4.5,5.75,8.75,41,4.9,4.75,7.75,13.0,40,5.0,5.25,10.12,15.5,39,5.1,5.25,12.25,16.0
WELL,Hoch 5,24,1.0490833969702338,2.257065291632167,4.325521712563546,6.547399255420216,8.486754749853132,9.39423218353945,11.289096779702183,24,33.3,3.0,4.81,6.77,24,16.7,4.25,5.69,7.17,24,12.5,4.25,6.31,8.27,24,12.5,4.25,6.75,8.43,24,8.3,5.0,8.19,12.12,24,4.2,5.88,12.5,16.0,24,4.2,7.12,14.56,16.0
WELL,Hoch 6,13,0.9141766611814647,3.49333007555626,5.586728437216649,6.830390982228918,7.476697129738238,7.569775167995212,7.707077468125612,13,38.5,3.75,5.0,6.0,13,38.5,4.25,6.75,7.25,13,30.8,5.5,6.75,7.25,13,30.8,5.5,7.25,7.9,13,7.7,6.0,7.5,12.2,13,7.7,7.5,12.25,16.0,13,7.7,7.5,14.0,16.0
WELL,Hoch 7,3,1.900338808461602,2.432549423826378,2.9647600391911535,4.7868210370497675,5.880057635764936,6.244469835336658,6.608882034908381,3,0.0,2.0,3.62,4.6,3,0.0,2.0,3.62,4.6,3,0.0,2.75,4.62,5.75,3,0.0,2.75,4.62,5.75,3,0.0,6.5,7.0,7.3,3,0.0,6.5,8.5,9.7,3,0.0,6.5,9.25,10.9
WELL,Hoch 8,3,3.8359901725044634,4.077215304123065,4.318440435741667,5.964948821973627,6.952853853712802,7.282155530959193,7.611457208205586,3,66.7,4.25,5.25,5.85,3,33.3,4.25,5.88,6.85,3,0.0,4.25,5.88,6.85,3,0.0,5.5,6.5,7.1,3,0.0,7.5,7.75,7.9,3,0.0,7.5,8.88,9.7,3,0.0,7.5,9.62,10.9
WELL,Hoch 9,1,6.327294822268166,6.327294822268166,6.327294822268166,6.327294822268166,6.327294822268166,6.327294822268166,6.327294822268166,1,100.0,4.5,4.5,4.5,1,100.0,6.25,6.25,6.25,1,100.0,6.25,6.25,6.25,1,100.0,7.75,7.75,7.75,1,100.0,10.25,10.25,10.25,1,100.0,12.5,12.5,12.5,1,100.0,13.75,13.75,13.75
WFC,alle,572,0.7456869250480863,2.551151955239611,4.342797826186922,6.976625102422125,10.340106651667947,13.36806478278836,44.51971016734061,572,28.7,2.75,4.25,6.22,572,19.2,3.5,5.75,8.5,572,13.8,4.25,6.75,10.25,570,12.3,4.75,7.75,11.5,568,9.5,5.5,9.0,13.25,556,7.7,6.25,10.06,14.88,550,5.6,6.75,11.5,16.0
WFC,Hoch 1,289,0.7456869250480863,2.4251710365695422,3.9491186388569193,5.962145725458643,9.031949243075267,11.47579673168419,44.51971016734061,289,27.0,2.75,4.25,5.75,289,17.0,3.25,5.5,7.6,289,13.1,3.75,5.75,9.0,288,11.5,4.5,7.0,9.33,288,9.7,5.12,8.25,11.33,282,7.4,5.5,9.0,13.73,278,5.0,6.0,10.19,14.98
WFC,Hoch 2,137,0.8504080318012285,2.476226407270291,4.052628222460793,6.855891817704863,9.821661701720961,11.126554592548654,33.236932586438996,137,30.7,2.75,4.0,6.0,137,21.2,3.5,5.5,7.2,137,14.6,4.0,6.75,9.6,136,13.2,4.5,7.06,10.12,136,8.1,5.88,8.25,11.0,134,8.2,6.38,9.5,13.93,132,6.8,6.75,10.06,15.0
WFC,Hoch 3,67,1.1553891597838417,2.5834987426464147,4.641792977476531,7.5798776600989655,9.304339394078253,11.465677130154056,13.649526073145397,67,23.9,2.75,3.5,6.0,67,13.4,3.5,6.12,7.6,67,7.5,4.5,7.5,9.2,67,6.0,4.75,8.25,11.85,66,4.5,6.25,8.88,13.12,64,3.1,7.0,11.5,15.25,64,3.1,7.25,11.81,16.0
WFC,Hoch 4,41,0.8082124182057674,3.128556236745123,5.613634018716274,8.939137172766634,13.244213060294792,13.841487974748542,17.656873903763508,41,36.6,3.25,5.0,7.5,41,31.7,5.0,6.75,11.75,41,22.0,5.5,8.75,13.0,41,19.5,5.75,10.75,13.75,40,15.0,7.75,12.06,15.33,38,10.5,8.25,13.25,16.0,38,7.9,10.75,13.69,16.0
WFC,Hoch 5,18,1.1849139104901127,3.363114117460751,5.356907994809417,9.68134957381172,14.127873384360845,15.645835447223387,22.27282402096059,18,38.9,4.0,4.94,8.82,18,33.3,5.25,8.44,9.9,18,16.7,5.25,9.56,13.9,18,16.7,8.25,11.06,14.07,18,11.1,9.5,12.06,14.07,18,5.6,10.12,13.94,15.3,18,0.0,10.12,14.81,16.0
WFC,Hoch 6,8,1.3676077757533167,3.880992151047747,7.649715110843653,12.539516911877055,17.96724347394329,21.478586634673018,24.98992979540275,8,37.5,4.5,5.56,7.55,8,25.0,6.88,9.88,11.15,8,25.0,7.62,12.31,15.12,8,25.0,10.75,12.69,15.12,8,25.0,11.0,14.0,15.12,8,25.0,12.5,14.94,15.65,8,12.5,12.5,15.62,16.0
WFC,Hoch 7,5,1.8457355376490878,3.704345878825406,13.124313991502131,15.339895291854361,17.12448334348851,17.71934602736656,18.314208711244607,5,20.0,3.5,6.25,10.3,5,20.0,3.5,10.0,13.6,5,20.0,13.0,15.25,15.7,5,20.0,13.0,15.25,15.7,5,20.0,15.25,15.25,15.7,5,20.0,15.25,16.0,16.0,5,20.0,15.25,16.0,16.0
WFC,Hoch 8,3,2.159520429817557,8.101398469456154,14.043276509094751,16.45541588985901,17.90269951831757,18.385127394470423,18.867555270623274,3,33.3,3.25,8.38,11.45,3,33.3,3.25,9.62,13.45,3,33.3,14.0,15.0,15.6,3,33.3,14.0,15.0,15.6,3,33.3,14.0,15.0,15.6,3,33.3,16.0,16.0,16.0,3,33.3,16.0,16.0,16.0
WFC,Hoch 9,2,3.1586540188148877,5.740714193599414,8.322774368383943,10.90483454316847,12.454070648039185,12.97048268299609,13.486894717952996,2,50.0,3.25,3.38,3.45,2,0.0,3.25,3.38,3.45,2,0.0,8.12,10.69,12.22,2,0.0,8.12,10.69,12.22,2,0.0,10.62,11.94,12.72,2,0.0,12.0,14.0,15.2,2,0.0,12.0,14.0,15.2
WFC,Hoch 10,1,13.175730911226234,13.175730911226234,13.175730911226234,13.175730911226234,13.175730911226234,13.175730911226234,13.175730911226234,1,0.0,3.5,3.5,3.5,1,0.0,3.5,3.5,3.5,1,0.0,13.0,13.0,13.0,1,0.0,13.0,13.0,13.0,1,0.0,13.0,13.0,13.0,1,0.0,16.0,16.0,16.0,1,0.0,16.0,16.0,16.0
WFC,Hoch 11,1,14.12228632182001,14.12228632182001,14.12228632182001,14.12228632182001,14.12228632182001,14.12228632182001,14.12228632182001,1,0.0,4.25,4.25,4.25,1,0.0,14.0,14.0,14.0,1,0.0,14.0,14.0,14.0,1,0.0,14.0,14.0,14.0,1,0.0,14.0,14.0,14.0,1,0.0,16.0,16.0,16.0,1,0.0,16.0,16.0,16.0
WMT,alle,537,0.7400708022599589,2.3833374201980204,3.9955777563776347,6.674962406891138,9.861109169148628,11.421759745590306,19.68911452294389,537,27.4,2.75,4.25,6.25,537,18.1,3.5,5.5,8.25,537,12.3,3.75,6.5,9.75,533,10.1,4.25,7.25,10.25,527,7.6,4.75,7.75,11.0,517,4.6,5.0,8.5,11.25,508,3.3,5.5,8.81,12.5
WMT,Hoch 1,250,0.7400708022599589,2.2195264070768865,3.735447780763788,6.684428045330321,9.979752913370994,12.771803508455273,19.638729746136637,250,25.2,2.5,4.0,6.0,250,18.8,3.0,5.25,8.02,250,13.2,3.62,6.5,9.75,248,10.9,4.0,6.81,10.0,246,8.1,4.25,7.5,10.62,241,5.8,4.5,8.0,11.25,237,4.6,5.0,8.5,12.35
WMT,Hoch 2,137,0.796750327985303,2.4645874117739193,4.181742872408476,6.474573331289621,9.430693324115976,10.824733571241461,19.68911452294389,137,33.6,2.75,4.25,6.0,137,17.5,3.5,5.5,8.0,137,9.5,4.0,6.25,9.35,136,8.1,4.62,6.75,10.0,134,6.0,4.75,7.75,10.18,129,3.1,5.0,8.25,11.0,126,1.6,5.5,8.69,11.88
WMT,Hoch 3,71,0.8047635541851529,2.4504248128438793,4.177319976927041,6.307753216119359,9.196872012433664,10.313187203192289,16.387001630846246,71,21.1,3.0,4.38,6.25,71,11.3,3.75,5.38,8.0,71,7.0,4.0,6.25,9.0,70,4.3,4.38,7.69,10.28,69,2.9,4.75,7.75,11.0,69,2.9,5.25,8.5,11.4,68,2.9,5.75,9.06,12.08
WMT,Hoch 4,41,1.2086389872511383,2.7136681677855745,4.522954335863376,7.837420273145339,9.708527888092686,10.921648631441164,12.100638907184067,41,24.4,3.25,5.0,7.5,41,22.0,3.75,7.25,9.5,41,17.1,4.5,7.75,9.5,41,14.6,4.75,7.75,10.75,40,10.0,5.38,8.44,10.3,40,2.5,6.12,9.56,11.25,39,0.0,7.75,10.12,12.05
WMT,Hoch 5,19,1.5367023006701808,2.4648845191858912,3.5579968064960767,5.990503388644345,10.074467127937297,11.232946999000147,11.416952665426482,19,21.1,2.75,4.75,7.05,19,21.1,3.25,5.88,8.35,19,21.1,3.5,5.88,10.0,19,15.8,4.25,6.25,10.0,19,10.5,4.75,8.88,11.0,19,10.5,6.5,8.88,11.0,19,5.3,7.25,10.5,11.75
WMT,Hoch 6,10,1.9014794232112209,3.6103203784234195,4.185598641745256,4.801616869760439,6.199841895717336,7.287415684938713,8.374989474160095,10,50.0,3.62,4.56,4.78,10,30.0,3.88,4.75,6.0,10,20.0,4.12,4.75,6.0,10,20.0,4.75,5.75,7.12,10,20.0,5.75,7.88,9.25,10,0.0,5.75,7.88,12.77,10,0.0,5.75,7.88,12.82
WMT,Hoch 7,3,1.921034179540394,2.6145209826359137,3.3080077857314336,7.386050955985904,9.832876858138587,10.64848549218948,11.464094126240374,3,33.3,1.75,2.5,2.95,3,0.0,3.25,5.12,6.25,3,0.0,3.25,7.25,9.65,3,0.0,6.75,9.25,10.75,3,0.0,6.75,10.38,12.55,3,0.0,6.75,10.38,12.55,3,0.0,6.75,10.38,12.55
WMT,Hoch 8,3,1.7256915456913058,5.320605504007041,8.915519462322777,11.54705084994901,13.125969682524751,13.652275960049996,14.178582237575243,3,0.0,2.0,3.38,4.2,3,0.0,8.5,10.5,11.7,3,0.0,8.75,11.38,12.95,3,0.0,8.75,12.38,14.55,3,0.0,8.75,12.38,14.55,3,0.0,8.75,12.38,14.55,3,0.0,8.75,12.38,14.55
WMT,Hoch 9,2,7.40246429344625,9.182155147954004,10.96184600246176,12.741536856969514,13.809351369674168,14.165289540575719,14.52122771147727,2,100.0,8.62,10.81,12.12,2,50.0,9.38,11.94,13.47,2,50.0,10.88,12.69,13.78,2,50.0,12.88,14.44,15.38,2,50.0,12.88,14.44,15.38,2,50.0,12.88,14.44,15.38,2,50.0,12.88,14.44,15.38
WMT,Hoch 10,1,15.49001705542456,15.49001705542456,15.49001705542456,15.49001705542456,15.49001705542456,15.49001705542456,15.49001705542456,1,100.0,13.0,13.0,13.0,1,100.0,15.25,15.25,15.25,1,100.0,15.25,15.25,15.25,1,100.0,15.25,15.25,15.25,1,100.0,15.25,15.25,15.25,1,0.0,15.25,15.25,15.25,1,0.0,15.25,15.25,15.25
XEL,alle,542,0.7127235709797023,2.1926836253802913,3.7132262975362957,5.960328620259518,8.704513853008429,11.116451930170097,29.992859617130513,542,26.9,2.75,4.0,6.25,542,16.2,3.25,5.19,7.5,542,11.6,3.5,5.75,8.5,539,8.7,3.75,6.5,9.75,533,5.6,4.25,7.75,11.7,527,4.0,5.0,9.12,12.85,522,2.5,5.25,9.75,13.5
XEL,Hoch 1,238,0.7127235709797023,2.011356205203954,3.3563356167920766,5.412692288094536,7.822299688540519,9.73640928280859,13.42216112474425,238,26.5,2.25,3.94,6.0,238,13.4,2.75,4.75,7.08,238,9.7,3.25,5.25,7.75,237,8.0,3.5,5.75,8.5,234,5.1,3.75,7.19,10.5,231,3.0,4.75,8.5,11.5,229,1.3,4.75,9.25,13.0
XEL,Hoch 2,129,0.8302999969967201,2.199554956763668,3.49938385844861,5.742226478862412,8.179853570435588,10.805756800482602,22.314565052281758,129,23.3,2.75,3.75,5.55,129,15.5,3.0,4.75,7.25,129,10.9,3.25,5.5,8.05,128,8.6,3.5,6.31,8.75,125,4.0,3.75,7.0,10.95,123,4.1,4.25,8.0,12.0,122,3.3,4.62,8.62,12.48
XEL,Hoch 3,78,1.0301061000499718,2.750318860142775,4.4697832065255625,6.531359295766168,9.583626166141162,11.210075931586008,27.05435785238675,78,35.9,3.0,4.5,6.5,78,21.8,4.12,5.69,7.82,78,14.1,4.38,6.44,9.5,77,10.4,4.5,7.0,9.75,77,7.8,5.0,7.5,11.95,76,3.9,5.12,9.75,15.5,75,4.0,5.5,9.75,16.0
XEL,Hoch 4,42,0.8309428720857006,2.2346833782924396,4.24423606095012,6.964758205797198,9.532277637662313,14.398700852919966,29.424219517442342,42,26.2,2.88,4.25,7.2,42,19.0,3.75,5.88,8.22,42,16.7,4.12,6.81,9.47,42,9.5,4.38,8.19,11.9,42,7.1,4.62,9.5,15.42,42,7.1,6.25,10.06,15.42,41,7.3,8.0,10.25,15.5
XEL,Hoch 5,23,1.0859663290145638,1.9537686535803949,4.484331871733693,6.128195809944364,13.522000879956813,17.79916194450942,29.992859617130513,23,21.7,2.75,4.25,6.95,23,17.4,4.25,6.0,8.55,23,13.0,4.25,6.0,13.35,23,13.0,4.5,7.0,15.55,23,8.7,5.0,10.25,16.0,23,4.3,5.0,12.88,16.0,23,0.0,5.0,12.88,16.0
XEL,Hoch 6,15,1.1062868415277813,2.41463984686432,3.1889003382382644,5.999438942223351,10.70919108844493,13.59841943654628,15.648697836586642,15,40.0,2.75,3.88,4.4,15,26.7,3.0,5.62,6.9,15,13.3,3.0,5.88,10.5,15,6.7,3.0,5.88,10.5,15,6.7,5.75,10.62,14.3,15,6.7,6.5,12.38,14.7,15,0.0,7.5,13.0,15.1
XEL,Hoch 7,7,1.5002498938782238,2.076345028447428,3.0321784884341483,5.056990124011689,8.67080032092521,10.757792437493288,12.844784554061377,7,14.3,2.75,4.25,5.0,7,14.3,3.0,4.38,5.15,7,14.3,3.0,4.88,8.55,7,0.0,3.0,4.88,8.55,7,0.0,6.5,12.0,14.05,7,0.0,6.5,12.62,14.05,7,0.0,6.5,12.62,14.05
XEL,Hoch 8,4,1.4106171515507524,3.0748773511352994,3.639311853596854,4.296855549324605,5.463008216954489,5.851725772831116,6.2404433287077445,4,0.0,3.25,4.12,5.25,4,0.0,3.5,4.12,5.25,4,0.0,3.5,4.12,5.25,4,0.0,3.62,4.31,5.33,4,0.0,5.62,9.81,13.53,4,0.0,5.88,9.81,13.53,4,0.0,8.12,10.38,13.75
XEL,Hoch 9,2,2.3072861848452915,2.6622301055093813,3.017174026173471,3.3721179468375615,3.5850842992360152,3.6560730833688333,3.7270618675016514,2,50.0,2.75,3.12,3.35,2,50.0,2.75,3.12,3.35,2,50.0,2.88,3.19,3.38,2,0.0,3.88,4.06,4.17,2,0.0,4.25,4.62,4.85,2,0.0,6.25,6.88,7.25,2,0.0,6.25,6.88,7.25
XEL,Hoch 10,1,9.54604843845444,9.54604843845444,9.54604843845444,9.54604843845444,9.54604843845444,9.54604843845444,9.54604843845444,1,0.0,2.75,2.75,2.75,1,0.0,7.5,7.5,7.5,1,0.0,9.5,9.5,9.5,1,0.0,9.5,9.5,9.5,1,0.0,10.0,10.0,10.0,1,0.0,10.0,10.0,10.0,1,0.0,10.0,10.0,10.0
XEL,Hoch 11,1,8.829014577571561,8.829014577571561,8.829014577571561,8.829014577571561,8.829014577571561,8.829014577571561,8.829014577571561,1,0.0,3.25,3.25,3.25,1,0.0,8.5,8.5,8.5,1,0.0,8.75,8.75,8.75,1,0.0,9.0,9.0,9.0,1,0.0,9.25,9.25,9.25,1,0.0,9.25,9.25,9.25,1,0.0,9.25,9.25,9.25
XEL,Hoch 12,1,9.501688083630865,9.501688083630865,9.501688083630865,9.501688083630865,9.501688083630865,9.501688083630865,9.501688083630865,1,0.0,5.25,5.25,5.25,1,0.0,9.25,9.25,9.25,1,0.0,9.5,9.5,9.5,1,0.0,9.75,9.75,9.75,1,0.0,10.0,10.0,10.0,1,0.0,10.0,10.0,10.0,1,0.0,10.0,10.0,10.0
XEL,Hoch 13,1,10.115728004879108,10.115728004879108,10.115728004879108,10.115728004879108,10.115728004879108,10.115728004879108,10.115728004879108,1,100.0,8.25,8.25,8.25,1,100.0,10.0,10.0,10.0,1,100.0,10.0,10.0,10.0,1,100.0,10.25,10.25,10.25,1,100.0,10.5,10.5,10.5,1,100.0,10.5,10.5,10.5,1,0.0,10.5,10.5,10.5
XOM,alle,615,0.7569891358876321,2.5153223763647414,4.298048729275319,7.042046468417192,9.737050167178362,12.11909159831892,22.535858702533105,615,26.5,2.75,4.5,6.5,615,17.6,3.75,5.75,8.5,615,13.5,4.25,7.0,9.65,611,10.8,4.5,7.5,11.25,603,7.6,5.25,8.5,13.75,593,6.6,6.0,10.5,15.25,586,5.6,6.75,11.5,16.0
XOM,Hoch 1,288,0.7767622128714653,2.3706880800370764,4.074173274731179,6.844573905899348,9.588001087966857,11.60236026749393,22.535858702533105,288,28.8,2.75,4.5,6.25,288,19.1,3.5,5.5,8.83,288,14.2,4.0,6.75,9.5,284,10.6,4.38,7.25,10.25,280,7.9,5.0,8.5,13.27,278,6.8,6.0,10.0,14.65,275,5.1,6.5,11.0,16.0
XOM,Hoch 2,143,0.8474411880231383,2.6943823846861914,4.225868711269168,6.35195785042337,8.644697566822376,11.064790850785759,14.381671786910452,143,21.0,2.75,4.0,5.7,143,12.6,3.5,5.25,7.95,143,7.7,4.0,6.12,8.5,143,6.3,4.5,7.0,10.1,141,5.0,5.25,8.0,12.0,139,4.3,5.75,9.62,14.05,137,4.4,6.75,10.5,14.75
XOM,Hoch 3,84,1.2189662091426832,2.741389795406402,4.9515062046022065,8.27055594149397,10.459986168605122,11.16751606829363,16.51600199877306,84,35.7,3.25,5.06,6.43,84,22.6,4.5,6.5,8.43,84,17.9,4.75,8.25,10.35,84,15.5,5.12,8.5,13.6,83,9.6,6.0,9.5,15.85,81,8.6,6.5,12.75,16.0,79,7.6,8.25,13.5,16.0
XOM,Hoch 4,35,1.2888521661306531,2.7785026716634356,4.5525436199771825,8.313126468605223,11.357504466034118,15.176479417039848,18.989273092567153,35,22.9,2.5,4.62,7.55,35,22.9,3.75,6.62,9.9,35,22.9,4.5,8.12,11.25,35,20.0,5.0,8.38,12.75,35,14.3,6.0,8.5,14.3,34,14.7,7.25,11.5,16.0,34,14.7,8.0,14.31,16.0
XOM,Hoch 5,21,1.6422976472811832,3.432215440190593,4.352604728218765,6.5636713417960575,10.073787746209444,15.023203256228674,16.930305419458296,21,14.3,2.75,4.5,10.0,21,9.5,4.0,5.5,10.0,21,9.5,4.25,6.5,10.0,21,9.5,5.5,9.25,13.25,21,4.8,5.75,11.0,15.0,20,5.0,7.12,12.81,16.0,20,5.0,7.75,15.44,16.0
XOM,Hoch 6,15,0.7569891358876321,4.716000109259852,5.701596589046084,7.413563001648555,13.003397898463033,15.68948725801303,16.671707052063965,15,20.0,4.25,4.88,10.7,15,13.3,4.75,7.0,11.15,15,13.3,5.5,7.38,12.95,15,13.3,6.0,8.75,14.65,15,6.7,6.0,11.88,15.7,14,7.1,6.75,12.88,15.78,14,7.1,6.88,14.88,16.0
XOM,Hoch 7,11,1.1674754903721338,2.970887754538174,6.516704638864238,8.359909948784182,16.043753229082622,16.124546677681714,16.205340126280802,11,18.2,2.5,5.88,13.25,11,9.1,6.0,7.25,13.25,11,9.1,6.5,8.25,16.0,11,9.1,6.75,8.62,16.0,11,9.1,6.75,8.62,16.0,10,0.0,6.62,9.56,16.0,10,0.0,6.88,9.75,16.0
XOM,Hoch 8,6,1.1623697448966865,2.9239796944070586,5.902245738273339,8.916472555018823,12.305492778968908,13.764861196234937,15.224229613500965,6,33.3,2.38,6.44,10.25,6,33.3,5.12,7.69,10.88,6,33.3,5.88,8.81,12.12,6,33.3,5.88,8.81,12.12,5,20.0,4.25,7.5,12.0,5,0.0,7.5,10.25,13.1,5,0.0,8.0,10.25,13.1
XOM,Hoch 9,4,1.318621766679721,1.708825801171193,3.019116749018191,5.324477503250787,7.349725575439746,8.024808266169396,8.69989095689905,4,25.0,2.25,3.56,5.03,4,25.0,2.38,4.38,6.85,4,25.0,2.88,5.12,7.15,4,0.0,2.88,5.12,7.15,4,0.0,3.0,5.12,7.15,4,0.0,6.62,9.25,10.6,4,0.0,6.88,9.62,10.75
XOM,Hoch 10,2,2.0442090874626757,2.475168182383503,2.9061272773043303,3.337086372225158,3.5956618291776543,3.6818536481618196,3.7680454671459853,2,0.0,2.75,3.12,3.35,2,0.0,2.88,3.31,3.58,2,0.0,2.88,3.31,3.58,2,0.0,2.88,3.31,3.58,2,0.0,3.0,3.5,3.8,2,0.0,8.25,10.38,11.65,2,0.0,8.25,10.38,11.65
XOM,Hoch 11,2,2.409582753677726,2.7970750394108355,3.184567325143945,3.572059610877055,3.8045549823169207,3.8820534394635424,3.9595518966101646,2,50.0,3.0,3.38,3.6,2,0.0,3.0,3.38,3.6,2,0.0,3.0,3.38,3.6,2,0.0,3.0,3.38,3.6,2,0.0,3.25,3.75,4.05,2,0.0,8.25,10.25,11.45,2,0.0,8.25,10.25,11.45
XOM,Hoch 12,1,1.264437174768253,1.264437174768253,1.264437174768253,1.264437174768253,1.264437174768253,1.264437174768253,1.264437174768253,1,0.0,1.25,1.25,1.25,1,0.0,1.25,1.25,1.25,1,0.0,1.25,1.25,1.25,1,0.0,1.25,1.25,1.25,1,0.0,1.5,1.5,1.5,1,0.0,11.5,11.5,11.5,1,0.0,11.5,11.5,11.5
XOM,Hoch 13,1,1.045784437797059,1.045784437797059,1.045784437797059,1.045784437797059,1.045784437797059,1.045784437797059,1.045784437797059,1,0.0,1.0,1.0,1.0,1,0.0,1.0,1.0,1.0,1,0.0,1.0,1.0,1.0,1,0.0,1.0,1.0,1.0,1,0.0,2.25,2.25,2.25,1,0.0,11.5,11.5,11.5,1,0.0,11.5,11.5,11.5
XOM,Hoch 14,1,3.685387849684909,3.685387849684909,3.685387849684909,3.685387849684909,3.685387849684909,3.685387849684909,3.685387849684909,1,0.0,1.5,1.5,1.5,1,0.0,3.5,3.5,3.5,1,0.0,3.5,3.5,3.5,1,0.0,3.5,3.5,3.5,1,0.0,7.25,7.25,7.25,1,0.0,12.5,12.5,12.5,1,0.0,12.5,12.5,12.5
XOM,Hoch 15,1,3.939764218045669,3.939764218045669,3.939764218045669,3.939764218045669,3.939764218045669,3.939764218045669,3.939764218045669,1,0.0,2.75,2.75,2.75,1,0.0,3.75,3.75,3.75,1,0.0,3.75,3.75,3.75,1,0.0,3.75,3.75,3.75,1,0.0,13.0,13.0,13.0,1,0.0,13.0,13.0,13.0,1,0.0,13.0,13.0,13.0
ZAL.DE,alle,305,0.7131885753957649,3.1315808386266446,5.292776109753898,7.576085581896775,11.714716595492618,15.975137035943968,24.437058824590874,305,31.1,3.5,5.25,7.0,305,23.6,4.5,6.75,9.5,305,20.7,5.25,7.5,11.5,303,17.8,5.75,8.38,14.2,296,13.2,6.5,10.31,16.0,290,10.7,7.75,13.0,16.0,283,9.5,9.0,15.88,16.0
ZAL.DE,Hoch 1,154,0.7131885753957649,2.875304468046444,4.901794644913682,7.131504057209211,10.737258335327542,12.998715713654594,20.486706502229953,154,32.5,3.25,5.25,6.93,154,25.3,4.5,6.5,8.68,154,22.1,4.75,7.0,10.5,154,19.5,5.5,8.0,11.85,150,16.0,6.5,10.0,15.55,146,13.0,7.62,12.25,16.0,142,12.0,9.0,14.75,16.0
ZAL.DE,Hoch 2,68,0.971856602527182,2.6238703940593346,5.236142826599757,7.4511759356958756,11.499894358781177,14.863185174661083,23.02631607841587,68,25.0,3.38,5.25,6.75,68,20.6,4.25,6.81,10.4,68,17.6,5.12,7.31,11.33,68,14.7,5.62,8.44,13.23,66,9.1,6.88,10.31,16.0,65,7.7,7.75,12.5,16.0,63,4.8,9.75,16.0,16.0
ZAL.DE,Hoch 3,39,0.8391042688529751,4.451719788477271,6.252273754837188,8.052527578958308,11.690191659257218,13.508549799069366,21.418283518451844,39,33.3,4.25,6.38,7.8,39,17.9,5.0,7.25,9.25,39,17.9,6.25,8.0,11.55,38,15.8,6.75,8.62,14.55,37,13.5,7.0,9.25,16.0,37,10.8,7.75,12.0,16.0,36,11.1,9.38,16.0,16.0
ZAL.DE,Hoch 4,23,1.6583775260500275,4.359004883643278,6.044634913753443,8.452009878985354,18.631392313421177,20.1303690935244,24.437058824590874,23,56.5,4.25,6.12,9.6,23,43.5,5.5,7.88,10.2,23,34.8,6.0,8.38,15.35,22,27.3,6.38,9.69,16.0,22,9.1,6.38,9.69,16.0,21,9.5,7.25,16.0,16.0,21,9.5,8.25,16.0,16.0
ZAL.DE,Hoch 5,7,1.5008465879233486,3.7354417502591932,4.420856754484052,5.134289813804788,12.530133828788621,17.94369014875315,23.35724646871771,7,0.0,2.75,3.12,3.8,7,0.0,3.75,4.38,8.7,7,0.0,4.25,5.0,9.55,7,0.0,5.25,7.62,12.25,7,0.0,5.5,9.12,12.7,7,0.0,8.0,15.12,16.0,7,0.0,10.5,15.12,16.0
ZAL.DE,Hoch 6,5,1.8332037733689233,5.18743961788887,5.458273268041256,7.783498847402556,16.432432486328608,19.315410365970624,22.198388245612644,5,0.0,2.0,3.75,4.05,5,0.0,5.25,6.5,12.2,5,0.0,5.25,7.75,12.7,5,0.0,6.25,12.75,14.7,5,0.0,11.25,15.25,15.7,5,0.0,13.75,16.0,16.0,5,0.0,14.75,16.0,16.0
ZAL.DE,Hoch 7,5,1.947466973159659,6.66226961781132,6.733163053491282,13.163984526186786,17.707503815221266,19.222010244899423,20.736516674577583,5,40.0,4.25,6.0,7.05,5,40.0,6.5,7.75,12.7,5,40.0,6.5,13.0,14.8,5,40.0,8.0,14.25,15.3,5,40.0,11.75,16.0,16.0,5,20.0,14.0,16.0,16.0,5,20.0,15.0,16.0,16.0
ZAL.DE,Hoch 8,2,1.2128239873068989,2.4861585925571332,3.7594931978073673,5.032827803057602,5.796828566207743,6.051495487257789,6.306162408307836,2,0.0,2.12,2.69,3.02,2,0.0,3.62,4.94,5.72,2,0.0,3.62,4.94,5.72,2,0.0,4.25,5.88,6.85,2,0.0,6.0,8.5,10.0,2,0.0,7.0,10.0,11.8,2,0.0,7.75,11.12,13.15
ZAL.DE,Hoch 9,1,3.79716761796656,3.79716761796656,3.79716761796656,3.79716761796656,3.79716761796656,3.79716761796656,3.79716761796656,1,0.0,3.75,3.75,3.75,1,0.0,3.75,3.75,3.75,1,0.0,3.75,3.75,3.75,1,0.0,3.75,3.75,3.75,1,0.0,3.75,3.75,3.75,1,0.0,3.75,3.75,3.75,1,0.0,3.75,3.75,3.75
ZAL.DE,Hoch 10,1,4.104658635109224,4.104658635109224,4.104658635109224,4.104658635109224,4.104658635109224,4.104658635109224,4.104658635109224,1,0.0,4.0,4.0,4.0,1,0.0,4.0,4.0,4.0,1,0.0,4.0,4.0,4.0,1,0.0,4.0,4.0,4.0,1,0.0,4.0,4.0,4.0,1,0.0,4.0,4.0,4.0,1,0.0,4.0,4.0,4.0
ZS,alle,226,0.7714094627793124,2.6861150101153735,4.907655645089035,7.657543428420981,10.748631121281525,13.241520414614122,22.30452885329907,226,31.9,3.25,4.94,7.25,226,23.9,4.12,6.5,8.75,226,18.6,4.75,7.5,10.62,224,14.7,5.38,8.0,11.5,215,13.0,6.5,9.5,13.8,208,9.6,7.0,10.81,16.0,199,6.5,7.5,11.5,16.0
ZS,Hoch 1,110,0.959231016189461,2.5433393253787493,4.553664269679611,6.665730247418538,9.525367586050397,12.753660023447562,19.308851918942295,110,32.7,3.0,4.5,6.28,110,27.3,3.75,5.75,8.53,110,20.0,4.5,6.5,9.3,108,18.5,5.0,7.75,10.9,104,18.3,5.75,8.81,14.2,99,13.1,6.0,9.12,14.55,94,8.5,6.5,9.88,13.93
ZS,Hoch 2,52,0.7714094627793124,2.918920756604552,5.04112800480379,7.67930874609167,11.2975508894734,13.21430367809579,22.30452885329907,52,28.8,3.25,5.25,7.5,52,21.2,3.88,6.5,9.4,52,17.3,4.88,7.5,11.15,52,13.5,5.5,8.06,11.25,49,12.2,6.75,10.25,12.65,47,8.5,7.5,11.0,12.0,46,6.5,8.0,12.12,14.88
ZS,Hoch 3,27,1.2785267102026063,2.2943735432625445,6.178786268748784,8.249442584963543,10.743042194071382,12.468101293992817,19.48576506825685,27,25.9,3.5,5.38,7.9,27,18.5,4.0,6.62,10.6,27,14.8,6.0,8.12,10.6,27,14.8,6.25,8.75,11.35,26,7.7,7.25,10.5,13.75,26,7.7,7.88,12.38,16.0,24,4.2,7.88,12.19,13.75
ZS,Hoch 4,18,1.2833830828229658,3.7593865252819327,5.239762824924165,8.114325960811836,10.694392582008614,11.759922905719584,13.680783118906735,18,38.9,3.25,4.12,7.73,18,11.1,4.0,5.88,8.4,18,11.1,5.12,8.06,10.55,18,0.0,5.62,9.25,12.1,17,0.0,6.5,9.5,13.5,17,0.0,6.5,13.5,16.0,16,0.0,7.88,13.5,15.25
ZS,Hoch 5,8,1.8788291695054036,4.01310047345519,6.190657463574185,7.629183927112443,9.8912691799934,11.125420798457625,12.359572416921855,8,25.0,3.25,3.94,4.95,8,12.5,4.62,6.56,6.75,8,12.5,6.12,7.44,9.8,8,0.0,6.12,7.81,10.32,8,0.0,7.12,8.81,11.1,8,0.0,7.12,10.56,16.0,8,0.0,8.12,15.81,16.0
ZS,Hoch 6,5,1.3155325109503944,7.617196110098356,7.799420170946713,7.987098021395638,13.038910853421026,14.722848464096153,16.406786074771283,5,40.0,5.0,7.0,9.25,5,40.0,7.5,7.5,10.65,5,40.0,7.75,7.75,12.7,5,20.0,7.75,7.75,12.7,5,0.0,7.75,12.25,14.5,5,0.0,7.75,16.0,16.0,5,0.0,7.75,16.0,16.0
ZS,Hoch 7,4,1.6617202102502142,5.506198865786697,7.93011328533256,10.492342702614573,13.047996891861537,13.89988162161052,14.75176635135951,4,75.0,5.88,7.06,8.98,4,75.0,7.88,10.44,13.03,4,50.0,7.88,10.44,13.03,4,25.0,7.88,10.75,13.9,4,25.0,10.38,12.81,14.73,4,25.0,12.5,16.0,16.0,4,25.0,12.88,16.0,16.0
ZS,Hoch 8,1,2.9315378765962277,2.9315378765962277,2.9315378765962277,2.9315378765962277,2.9315378765962277,2.9315378765962277,2.9315378765962277,1,0.0,2.25,2.25,2.25,1,0.0,2.75,2.75,2.75,1,0.0,2.75,2.75,2.75,1,0.0,2.75,2.75,2.75,1,0.0,7.5,7.5,7.5,1,0.0,9.5,9.5,9.5,1,0.0,11.0,11.0,11.0
ZS,Hoch 9,1,4.256890540055612,4.256890540055612,4.256890540055612,4.256890540055612,4.256890540055612,4.256890540055612,4.256890540055612,1,0.0,4.25,4.25,4.25,1,0.0,4.25,4.25,4.25,1,0.0,4.25,4.25,4.25,1,0.0,4.25,4.25,4.25,1,0.0,9.5,9.5,9.5,1,0.0,12.0,12.0,12.0,1,0.0,14.0,14.0,14.0
ZW=F,alle,519,0.7504621072088724,3.0339602485819133,4.486746987951808,6.338609339318056,8.426260229591506,10.015148379372265,14.289655172413793,519,35.5,3.0,4.25,5.55,519,24.5,4.0,5.5,7.0,519,19.5,4.25,6.25,8.3,517,15.3,4.75,6.75,9.25,514,11.3,5.25,7.75,10.5,506,9.1,5.75,9.0,12.0,503,8.0,6.25,10.0,13.0
ZW=F,Hoch 1,278,0.7504621072088724,2.763438669979813,4.086950385508678,5.94557461492986,8.226311844077962,9.877725979568082,13.408888888888887,278,34.2,3.0,3.75,5.25,278,21.2,3.62,5.0,6.58,278,15.8,4.0,5.75,8.0,276,11.2,4.38,6.0,8.75,276,8.3,5.0,7.25,10.25,274,5.8,5.5,8.25,11.75,273,4.8,6.0,9.75,12.25
ZW=F,Hoch 2,113,1.1009174311926606,3.0986666666666665,4.596314907872697,5.977077363896848,7.660185613352117,10.481061786040119,14.289655172413793,113,34.5,3.0,4.25,5.25,113,22.1,4.0,5.25,6.75,113,17.7,4.5,5.75,7.5,113,14.2,4.75,6.75,9.25,113,8.0,5.25,7.25,9.9,112,6.2,5.88,8.88,11.95,111,5.4,6.5,9.5,13.0
ZW=F,Hoch 3,63,1.588132635253054,3.1957338587728543,5.210434782608696,6.60938219267538,8.197778771615983,10.219906159992565,13.64406779661017,63,39.7,3.25,4.75,6.0,63,33.3,4.25,5.75,7.15,63,30.2,5.0,6.5,8.15,63,25.4,5.25,6.75,9.3,63,19.0,6.25,7.88,10.3,62,16.1,6.5,9.12,12.0,61,14.8,7.25,11.0,13.5
ZW=F,Hoch 4,32,1.6655948553054662,3.3498447457712,5.730844457483742,7.9203626220362615,9.277253235348113,9.660045200332998,10.233301975540922,32,28.1,3.38,4.69,5.73,32,28.1,4.12,6.25,8.13,32,21.9,5.5,7.81,9.2,32,21.9,5.5,8.5,9.75,32,18.8,6.38,8.81,10.98,31,19.4,7.0,9.75,11.5,31,16.1,8.75,11.12,15.0
ZW=F,Hoch 5,16,1.7419354838709677,4.154203990508861,5.4252466859364095,9.11088466183575,9.734175376988908,9.810420953320566,9.812449474535166,16,50.0,3.5,5.31,6.62,16,43.8,4.38,6.81,8.88,16,37.5,5.25,9.0,9.62,16,31.2,5.75,9.19,10.12,16,31.2,7.62,10.06,11.62,15,26.7,9.75,11.88,13.55,15,26.7,9.75,13.5,15.2
ZW=F,Hoch 6,7,2.1538461538461537,4.52820632777252,6.590195145168966,7.746065782763896,8.887779415779416,9.605505869505867,10.323232323232324,7,42.9,3.75,4.38,6.35,7,42.9,6.5,6.75,8.3,7,42.9,6.5,7.62,8.75,7,42.9,6.5,7.62,8.75,7,28.6,7.5,8.38,11.1,6,33.3,8.38,9.81,12.12,6,33.3,8.5,10.44,12.5
ZW=F,Hoch 7,4,4.038461538461538,4.884187302423603,5.75172264400066,6.954168117556933,8.064441813496762,8.434533045476705,8.804624277456648,4,50.0,4.0,4.44,4.78,4,25.0,5.25,6.12,7.25,4,25.0,5.62,6.88,8.0,4,0.0,5.62,6.88,8.0,4,0.0,5.62,7.19,8.88,3,0.0,6.5,8.38,9.5,3,0.0,7.25,8.88,9.85
ZW=F,Hoch 8,3,5.666666666666667,5.895833333333334,6.125,7.63042873051225,8.5336859688196,8.83477171492205,9.1358574610245,3,33.3,5.25,5.62,5.85,3,33.3,6.0,7.12,7.8,3,0.0,6.0,7.5,8.4,3,0.0,6.0,7.5,8.4,2,0.0,8.12,9.19,9.82,2,0.0,8.5,9.5,10.1,2,0.0,8.62,9.69,10.32
ZW=F,Hoch 9,2,5.919753086419753,6.868133398885611,7.81651371135147,8.764894023817329,9.333922211296843,9.523598273790014,9.713274336283186,2,50.0,6.5,7.0,7.3,2,50.0,7.38,8.19,8.68,2,50.0,7.62,8.56,9.12,2,50.0,7.62,8.56,9.12,1,100.0,10.75,10.75,10.75,1,100.0,10.75,10.75,10.75,1,100.0,11.0,11.0,11.0
ZW=F,Hoch 10,1,5.980842911877395,5.980842911877395,5.980842911877395,5.980842911877395,5.980842911877395,5.980842911877395,5.980842911877395,1,100.0,5.75,5.75,5.75,1,0.0,5.75,5.75,5.75,1,0.0,5.75,5.75,5.75,1,0.0,5.75,5.75,5.75,0,,,,,0,,,,,0,,,,
