ticker,name,boerse,branche,kurs,atr14,bezugstief,bezugstief_datum,bezugstief_bestaetigt,position,fortsetzungskette,rsi_heute,rsi_min,rsi_max,rsi_schwelle,rsi_schwelle_faelle,rsi_schwelle_anteil_serien,quelle,boden_punkte,kaufanteil_pct,banken,kursziel,eigenes_ziel,korrektur_atr,korrektur_tage,korrektur_ueblich_atr,vp_spitzen,chart_tiefs,korr_tief_faelle,korr_tief_p90,korr_tief_p95,korr_tief_max,long_anteil_tr,luecken,daten_fehlend,daten_gefuellt,daten_wochenkontrolle,anker_atr,vp_leiste,ct_leiste,anker_rendite_eigen_pct,anker_rendite_analyst_pct,filter_ergebnis,filter_variante,marke_9von10_atr,marke_9von10_ko,marke_9von10_abstand_pct,marke_9von10_einsatz,marke_9von10_haelt_position_pct,marke_9von10_haelt_position_n,marke_9von10_haelt_alle_pct,marke_9von10_haelt_alle_n,marke_19von20_atr,marke_19von20_ko,marke_19von20_abstand_pct,marke_19von20_einsatz,marke_19von20_haelt_position_pct,marke_19von20_haelt_position_n,marke_19von20_haelt_alle_pct,marke_19von20_haelt_alle_n,marke_9von10_rendite_eigen_pct,marke_9von10_rendite_analyst_pct,marke_19von20_rendite_eigen_pct,marke_19von20_rendite_analyst_pct,p0.25_abstand_pct,p0.25_einsatz,p0.25_haelt63_alle_n,p0.25_haelt63_alle_pct,p0.25_haelt63_position_n,p0.25_haelt63_position_pct,p0.25_ist_anker,p0.25_ko,p0.25_rendite_analyst_pct,p0.25_rendite_eigen_pct,p0.25_reserve_atr,p0.5_abstand_pct,p0.5_einsatz,p0.5_haelt63_alle_n,p0.5_haelt63_alle_pct,p0.5_haelt63_position_n,p0.5_haelt63_position_pct,p0.5_ist_anker,p0.5_ko,p0.5_rendite_analyst_pct,p0.5_rendite_eigen_pct,p0.5_reserve_atr,p0.75_abstand_pct,p0.75_einsatz,p0.75_haelt63_alle_n,p0.75_haelt63_alle_pct,p0.75_haelt63_position_n,p0.75_haelt63_position_pct,p0.75_ist_anker,p0.75_ko,p0.75_rendite_analyst_pct,p0.75_rendite_eigen_pct,p0.75_reserve_atr,p1_abstand_pct,p1_einsatz,p1_haelt63_alle_n,p1_haelt63_alle_pct,p1_haelt63_position_n,p1_haelt63_position_pct,p1_ist_anker,p1_ko,p1_rendite_analyst_pct,p1_rendite_eigen_pct,p1_reserve_atr,p1.25_abstand_pct,p1.25_einsatz,p1.25_haelt63_alle_n,p1.25_haelt63_alle_pct,p1.25_haelt63_position_n,p1.25_haelt63_position_pct,p1.25_ist_anker,p1.25_ko,p1.25_rendite_analyst_pct,p1.25_rendite_eigen_pct,p1.25_reserve_atr,p1.5_abstand_pct,p1.5_einsatz,p1.5_haelt63_alle_n,p1.5_haelt63_alle_pct,p1.5_haelt63_position_n,p1.5_haelt63_position_pct,p1.5_ist_anker,p1.5_ko,p1.5_rendite_analyst_pct,p1.5_rendite_eigen_pct,p1.5_reserve_atr,p1.75_abstand_pct,p1.75_einsatz,p1.75_haelt63_alle_n,p1.75_haelt63_alle_pct,p1.75_haelt63_position_n,p1.75_haelt63_position_pct,p1.75_ist_anker,p1.75_ko,p1.75_rendite_analyst_pct,p1.75_rendite_eigen_pct,p1.75_reserve_atr,p2_abstand_pct,p2_einsatz,p2_haelt63_alle_n,p2_haelt63_alle_pct,p2_haelt63_position_n,p2_haelt63_position_pct,p2_ist_anker,p2_ko,p2_rendite_analyst_pct,p2_rendite_eigen_pct,p2_reserve_atr,p2.25_abstand_pct,p2.25_einsatz,p2.25_haelt63_alle_n,p2.25_haelt63_alle_pct,p2.25_haelt63_position_n,p2.25_haelt63_position_pct,p2.25_ist_anker,p2.25_ko,p2.25_rendite_analyst_pct,p2.25_rendite_eigen_pct,p2.25_reserve_atr,p2.5_abstand_pct,p2.5_einsatz,p2.5_haelt63_alle_n,p2.5_haelt63_alle_pct,p2.5_haelt63_position_n,p2.5_haelt63_position_pct,p2.5_ist_anker,p2.5_ko,p2.5_rendite_analyst_pct,p2.5_rendite_eigen_pct,p2.5_reserve_atr,p2.75_abstand_pct,p2.75_einsatz,p2.75_haelt63_alle_n,p2.75_haelt63_alle_pct,p2.75_haelt63_position_n,p2.75_haelt63_position_pct,p2.75_ist_anker,p2.75_ko,p2.75_rendite_analyst_pct,p2.75_rendite_eigen_pct,p2.75_reserve_atr,p3_abstand_pct,p3_einsatz,p3_haelt63_alle_n,p3_haelt63_alle_pct,p3_haelt63_position_n,p3_haelt63_position_pct,p3_ist_anker,p3_ko,p3_rendite_analyst_pct,p3_rendite_eigen_pct,p3_reserve_atr,p3.25_abstand_pct,p3.25_einsatz,p3.25_haelt63_alle_n,p3.25_haelt63_alle_pct,p3.25_haelt63_position_n,p3.25_haelt63_position_pct,p3.25_ist_anker,p3.25_ko,p3.25_rendite_analyst_pct,p3.25_rendite_eigen_pct,p3.25_reserve_atr,p3.5_abstand_pct,p3.5_einsatz,p3.5_haelt63_alle_n,p3.5_haelt63_alle_pct,p3.5_haelt63_position_n,p3.5_haelt63_position_pct,p3.5_ist_anker,p3.5_ko,p3.5_rendite_analyst_pct,p3.5_rendite_eigen_pct,p3.5_reserve_atr,p3.75_abstand_pct,p3.75_einsatz,p3.75_haelt63_alle_n,p3.75_haelt63_alle_pct,p3.75_haelt63_position_n,p3.75_haelt63_position_pct,p3.75_ist_anker,p3.75_ko,p3.75_rendite_analyst_pct,p3.75_rendite_eigen_pct,p3.75_reserve_atr,p4_abstand_pct,p4_einsatz,p4_haelt63_alle_n,p4_haelt63_alle_pct,p4_haelt63_position_n,p4_haelt63_position_pct,p4_ist_anker,p4_ko,p4_rendite_analyst_pct,p4_rendite_eigen_pct,p4_reserve_atr,p4.25_abstand_pct,p4.25_einsatz,p4.25_haelt63_alle_n,p4.25_haelt63_alle_pct,p4.25_haelt63_position_n,p4.25_haelt63_position_pct,p4.25_ist_anker,p4.25_ko,p4.25_rendite_analyst_pct,p4.25_rendite_eigen_pct,p4.25_reserve_atr,p4.5_abstand_pct,p4.5_einsatz,p4.5_haelt63_alle_n,p4.5_haelt63_alle_pct,p4.5_haelt63_position_n,p4.5_haelt63_position_pct,p4.5_ist_anker,p4.5_ko,p4.5_rendite_analyst_pct,p4.5_rendite_eigen_pct,p4.5_reserve_atr,p4.75_abstand_pct,p4.75_einsatz,p4.75_haelt63_alle_n,p4.75_haelt63_alle_pct,p4.75_haelt63_position_n,p4.75_haelt63_position_pct,p4.75_ist_anker,p4.75_ko,p4.75_rendite_analyst_pct,p4.75_rendite_eigen_pct,p4.75_reserve_atr,p5_abstand_pct,p5_einsatz,p5_haelt63_alle_n,p5_haelt63_alle_pct,p5_haelt63_position_n,p5_haelt63_position_pct,p5_ist_anker,p5_ko,p5_rendite_analyst_pct,p5_rendite_eigen_pct,p5_reserve_atr,p5.25_abstand_pct,p5.25_einsatz,p5.25_haelt63_alle_n,p5.25_haelt63_alle_pct,p5.25_haelt63_position_n,p5.25_haelt63_position_pct,p5.25_ist_anker,p5.25_ko,p5.25_rendite_analyst_pct,p5.25_rendite_eigen_pct,p5.25_reserve_atr,p5.5_abstand_pct,p5.5_einsatz,p5.5_haelt63_alle_n,p5.5_haelt63_alle_pct,p5.5_haelt63_position_n,p5.5_haelt63_position_pct,p5.5_ist_anker,p5.5_ko,p5.5_rendite_analyst_pct,p5.5_rendite_eigen_pct,p5.5_reserve_atr,p5.75_abstand_pct,p5.75_einsatz,p5.75_haelt63_alle_n,p5.75_haelt63_alle_pct,p5.75_haelt63_position_n,p5.75_haelt63_position_pct,p5.75_ist_anker,p5.75_ko,p5.75_rendite_analyst_pct,p5.75_rendite_eigen_pct,p5.75_reserve_atr,p6_abstand_pct,p6_einsatz,p6_haelt63_alle_n,p6_haelt63_alle_pct,p6_haelt63_position_n,p6_haelt63_position_pct,p6_ist_anker,p6_ko,p6_rendite_analyst_pct,p6_rendite_eigen_pct,p6_reserve_atr,p6.25_abstand_pct,p6.25_einsatz,p6.25_haelt63_alle_n,p6.25_haelt63_alle_pct,p6.25_haelt63_position_n,p6.25_haelt63_position_pct,p6.25_ist_anker,p6.25_ko,p6.25_rendite_analyst_pct,p6.25_rendite_eigen_pct,p6.25_reserve_atr
AIR.DE,Airbus SE,DAX,Industrials,193.62,4.345,188.14,2026-09-25,1,4.0,Tief1→2: 117/315 (37 %) · Tief2→3: 56/117 (48 %) · Tief3→4: 28/56 (50 %) · »Tief4→5: 13/28 (46 %)« · Tief5→6: 7/13 (25 % kum. ab Tief4) · Tief6→7: 3/7 (11 % kum. ab Tief4) · Tief7→8: 1/3 (4 % kum. ab Tief4),40.49,15.48,46.94,39.14,28,8.9,alt,,nan,0,,,6.69,36.0,2.37,170.35:43;175.78:65;195.34:100;204.03:59;213.80:35,86.53:3:2022-10-07;96.64:3:2022-07-29;101.54:2:2022-05-13;106.24:4:2022-12-23;112.02:2:2023-03-24;120.08:3:2023-10-27;124.74:5:2024-10-11;129.82:1:2025-04-11;135.10:2:2024-11-22;143.60:1:2024-02-23;153.12:1:2024-05-03;157.48:3:2026-04-03;162.34:3:2026-05-22;167.46:2:2026-06-05;182.46:1:2025-12-05;190.80:1:2026-07-24,28,11.55,14.538,18.137,nicht erfasst - bitte Screenshot,"Quote 99 % (1011/1026), Median 0 Tag. 1 offen (letzte 364 T) — aufwärts: 76 Tage alt (unter Kurs), binnen 19 Tagen zu 9 %.",,2026-09-28:archiv,,2.25,"KO 178 · 176 (0,6 ATR)","191 · 182 · KO 178 · 167 (2x) (2,5 ATR)",,,raus - keine Analystendaten,,7.21,156.81255,19.010148744964372,410.5,96.42857142857143,28,90.0,540,9.22,148.07909999999998,23.520762317942374,511.00000000000006,100.0,28,95.0,540,,,,,,,,,,,,,,,,,,,,,,,,,,,,,,,,,,,,,,,,,,,,,,,,,5.63539407086046,112.5,540,40.55555555555556,28,39.285714285714285,0,182.70874999999998,,,5.96,6.196415659539319,125.0,540,44.44444444444444,28,39.285714285714285,0,181.62249999999997,,,5.71,6.757437248218164,137.5,540,47.40740740740741,28,42.857142857142854,0,180.53625,,,5.46,7.3184588368970225,150.0,540,49.81481481481482,28,50.0,0,179.45,,,5.21,7.879480425575881,162.5,540,52.407407407407405,28,60.71428571428571,1,178.36374999999998,,,4.96,8.44050201425474,175.0,540,55.925925925925924,28,60.71428571428571,0,177.27749999999997,,,4.71,9.001523602933585,187.5,540,58.14814814814815,28,60.71428571428571,0,176.19125,,,4.46,9.562545191612443,200.0,540,60.0,28,64.28571428571429,0,175.105,,,4.21,10.123566780291302,212.5,540,61.66666666666667,28,67.85714285714286,0,174.01874999999998,,,3.96,,,,,,,,,,,,,,,,,,,,,,,,,,,,,,,,,,,,,,,,,,,,,,,,,,,,,,,,,,,,,,,,,,,,,,,,,,,,,,,,,,,,,,,,,,,,,,,,,,,,,,,,,,,,,,,,,,,,,,,,,,,,,,,,,,,,
BAS.DE,BASF SE,DAX,Basic Materials,50.26,1.222,49.4525,2026-09-28,0,2,Tief1→2: 122/320 (38 %) · »Tief2→3: 58/122 (48 %)« · Tief3→4: 24/58 (20 % kum. ab Tief2) · Tief4→5: 12/24 (10 % kum. ab Tief2) · Tief5→6: 5/12 (4 % kum. ab Tief2) · Tief6→7: 1/5 (1 % kum. ab Tief2),39.29,16.0,69.24,49.36,122,38.1,alt,,45.0,20,55.0,52.25,3.71,17.0,2.12,43.53:100;46.28:52;48.72:86;51.16:100,37.40:2:2025-04-11;39.33:4:2024-08-09;40.75:11:2025-11-21;42.29:3:2024-09-13;43.90:5:2026-03-13;46.04:3:2026-07-03;49.72:2:2026-05-08;57.06:2:2021-12-24;61.86:1:2021-10-08,122,8.629,9.675,15.097,nicht erfasst - bitte Screenshot,"Quote 100 % (1009/1014), Median 0 Tag. 0 offen (letzte 364 T)",,2026-09-28:archiv,,2.5,"48,7 · KO 46,4 · 46,3 (0,1 ATR)","49,7 (2x) · KO 46,4 · 46,0 (3x) (0,3 ATR)",51.52103559870559,122.71844660194189,raus - Analysten 45 %,,8.32,39.28546,21.83553521687226,466.0,92.62295081967213,122,90.03690036900369,542,11.75,35.094,30.175089534421005,637.5,97.54098360655738,122,95.01845018450184,542,18.132878462331927,43.19087633741371,13.121455888170924,31.254121060266403,,,,,,,,,,,,,,,,,,,,,,,,,,,,,,,,,,,,,,,,,,,,,,,,,,,,,,,,5.253680859530434,125.0,542,41.32841328413284,122,47.540983606557376,0,47.6195,179.51145616360574,75.36451429653495,6.82,5.861520095503379,137.5,542,45.75645756457565,122,54.91803278688525,0,47.314,160.89613034623235,67.54921928038029,6.57,6.469359331476324,150.0,542,49.2619926199262,122,58.19672131147541,0,47.0085,145.7788712901738,61.202521912963306,6.32,7.077198567449254,162.5,542,53.321033210332104,122,59.01639344262295,0,46.703,133.25836378971067,55.94602192859164,6.07,7.685037803422199,175.0,542,55.71955719557196,122,62.295081967213115,1,46.3975,122.71844660194189,51.52103559870559,5.82,8.292877039395144,187.5,542,58.30258302583026,122,62.295081967213115,0,46.092,113.72360844529756,47.74472168905955,5.57,8.900716275368074,200.0,542,60.70110701107011,122,63.934426229508205,0,45.786500000000004,105.95730412428766,44.48418464289716,5.32,9.50855551134102,212.5,542,62.91512915129152,122,65.57377049180327,0,45.481,99.18392969240438,41.64051056706432,5.07,10.116394747313965,225.0,542,64.94464944649447,122,68.0327868852459,0,45.1755,93.2245058511162,39.1385583636543,4.82,,,,,,,,,,,,,,,,,,,,,,,,,,,,,,,,,,,,,,,,,,,,,,,,,,,,,,,,,,,,,,,,,,,,,,,,,,,,,,,,,,,,,,,,,,,,,,,,,,,,,,,,,,,,,,,,,,,,,,,,,
EOAN.DE,E.ON SE,DAX,Utilities,17.165,0.3096,17.025,2026-09-24,1,2.0,Tief1→2: 117/292 (40 %) · »Tief2→3: 61/117 (52 %)« · Tief3→4: 29/61 (25 % kum. ab Tief2) · Tief4→5: 12/29 (10 % kum. ab Tief2) · Tief5→6: 7/12 (6 % kum. ab Tief2) · Tief6→7: 4/7 (3 % kum. ab Tief2) · Tief7→8: 2/4 (2 % kum. ab Tief2),39.14,17.69,68.32,49.51,117,40.1,alt,,69.0,16,21.03,19.9785,8.77,45.0,2.28,15.26:70;16.03:58;16.89:33;17.43:100;18.12:100;18.51:74;18.98:86,7.28:1:2022-10-14;7.60:2:2022-09-30;8.28:1:2022-09-02;9.62:2:2023-02-10;9.96:2:2023-03-03;10.43:5:2025-01-17;11.14:1:2023-09-08;11.48:3:2024-11-22;11.81:3:2024-08-09;12.13:2:2024-06-14;12.68:2:2025-04-11;14.55:2:2025-09-05;14.98:2:2025-12-12;17.32:1:2026-06-26;17.65:3:2026-06-05,117,8.701,10.625,19.268,nicht erfasst - bitte Screenshot,"Quote 99 % (789/797), Median 0 Tag. 1 offen (letzte 364 T) — aufwärts: 172 Tage alt (unter Kurs), binnen 5 Tagen zu 0 %.",,2026-09-28:archiv,,3.0,"16,9 · KO 16,1 · 16,0 (0,2 ATR)","KO 16,1 · 15,0 (2x) (3,6 ATR)",263.23914670658706,361.62050898203626,raus - Analysten 69 %,,9.463,14.095255199999999,17.88374482959511,523.15,89.74358974358975,117,90.07633587786259,524,13.712,12.779764799999999,25.547539761141863,735.6,94.87179487179486,117,95.0381679389313,524,91.65256994653109,125.90623168414525,64.1584743276712,88.13666368453855,,,,,,,,,,,,,,,,,,,,,,,,,,,,,,,,,,,,,,,,,,,,,,,,,,,,,,,,,,,,,,,,,,,,,,,,,,,,,,4.422953684823769,150.0,524,51.335877862595424,117,51.28205128205128,0,16.4058,509.0885142255009,370.58746048472096,7.46,4.873871249635891,162.5,524,54.961832061068705,117,52.991452991452995,0,16.3284,461.9890031078172,336.30169734640197,7.21,5.324788814448014,175.0,524,57.44274809160306,117,57.26495726495726,0,16.250999999999998,422.8665207877457,307.822757111597,6.96,5.775706379260114,187.5,524,60.30534351145038,117,59.82905982905983,0,16.1736,389.85273350817096,283.7905991527138,6.71,6.226623944072237,200.0,524,62.40458015267175,117,62.39316239316239,1,16.0962,361.62050898203626,263.23914670658706,6.46,6.67754150888436,212.5,524,64.12213740458014,117,64.1025641025641,0,16.0188,337.2011865294016,245.4632699354389,6.21,7.128459073696482,225.0,524,65.2671755725191,117,64.95726495726495,0,15.941399999999998,315.8711997384765,229.93625367767234,5.96,7.579376638508595,237.5,524,67.36641221374046,117,70.08547008547008,0,15.863999999999999,297.0791698693314,216.25672559569566,5.71,8.030294203320716,250.0,524,69.65648854961832,117,71.7948717948718,0,15.786599999999998,280.3975623911781,204.11346488682526,5.46,,,,,,,,,,,,,,,,,,,,,,,,,,,,,,,,,,,,,,,,,,,,,,,,,,,,,,,,,,,,,,,,,,,,,,,,,,,,,,,,,,,,,,,,,,,,,,,,,,,
HEI.DE,Heidelberg Materials AG,DAX,Basic Materials,143.75,4.2357,142.55,2026-09-24,1,5.0,Tief1→2: 125/318 (39 %) · Tief2→3: 54/125 (43 %) · Tief3→4: 22/54 (41 %) · Tief4→5: 12/22 (55 %) · »Tief5→6: 4/12 (33 %)« · Tief6→7: 1/4 (8 % kum. ab Tief5) · Tief7→8: 1/1 (8 % kum. ab Tief5),32.19,23.63,38.82,32.31,12,3.8,beide,2.0,75.0,20,216.5,205.67499999999998,12.61,101.0,2.3,145.20:29;162.14:63;170.61:74;180.14:57;187.55:100;202.38:34;215.09:29;221.44:34;230.97:28,38.73:1:2022-09-30;43.12:4:2022-09-02;48.80:3:2022-12-09;56.60:4:2023-03-24;61.46:2:2023-10-20;66.66:5:2023-10-06;81.94:2:2024-08-09;90.22:4:2024-09-13;95.50:1:2024-10-04;115.60:2:2024-12-20;130.00:2:2025-04-11;155.50:2:2026-08-21;163.75:1:2026-05-22;169.65:2:2026-06-12;181.60:2:2026-05-01;191.20:2:2025-09-05;213.20:1:2025-12-19,12,13.648,20.199,20.199,nicht erfasst - bitte Screenshot,"Quote 99 % (947/952), Median 0 Tag. 1 offen (letzte 364 T) — abwärts: 165 Tage alt (über Kurs), binnen 14 Tagen zu 0 %.",,2026-09-28:archiv,,3.5,KO 128 (keine darunter),"130 (2x) · KO 128 · 116 (2x) (2,9 ATR)",386.42866280394026,453.9795755993001,drin,Hauptregel,8.208,107.78337440000001,25.02026128695651,460.40000000000003,100.0,12,90.13035381750466,537,13.183,86.71076690000001,39.67946650434782,709.15,100.0,12,95.15828677839852,537,172.17350520644897,202.2708518977661,108.56562515739714,127.54379055632852,,,,,,,,,,,,,,,,,,,,,,,,,,,,,,,,,,,,,,,,,,,,,,,,,,,,,,,,,,,,,,,,,,,,,,,,,,,,,,,,,,,,,,,,,,,,,,,,,,,,8.201217391304334,175.0,537,51.21042830540037,12,41.66666666666667,0,131.96075000000002,617.0876009924306,525.2666624255155,5.71,8.937860869565215,187.5,537,54.7486033519553,12,41.66666666666667,0,130.901825,566.2282775569295,481.975066497771,5.46,9.674504347826076,200.0,537,57.16945996275605,12,58.333333333333336,0,129.84290000000001,523.1140928015192,445.2761539069975,5.21,10.411147826086959,212.5,537,59.217877094972074,12,58.333333333333336,0,128.783975,486.10101880759913,413.77052356921746,4.96,11.14779130434782,225.0,537,62.56983240223464,12,66.66666666666666,1,127.72505000000001,453.9795755993001,386.42866280394026,4.71,11.88443478260869,237.5,537,65.54934823091247,12,75.0,0,126.66612500000001,425.84015628772767,362.4763117267014,4.46,12.621078260869561,250.0,537,68.52886405959032,12,75.0,0,125.6072,400.9855149150077,341.31997266133124,4.21,13.35772173913042,262.5,537,70.94972067039106,12,75.0,0,124.54827500000002,378.8722106998203,322.49706732077476,3.96,14.094365217391294,275.0,537,72.25325884543761,12,75.0,0,123.48935000000002,359.07041481887336,305.6417242289859,3.71,,,,,,,,,,,,,,,,,,,,,,,,,,,,,,,,,,,,,,,,,,,,,,,,,,,,,,,,,,,,,,,,,,,,,,,,,,,,,
HEN3.DE,Henkel AG & Co. KGaA,DAX,Consumer Defensive,74.24,1.3714,72.0,2026-09-21,1,3.0,Tief1→2: 116/292 (40 %) · Tief2→3: 57/116 (49 %) · »Tief3→4: 24/57 (42 %)« · Tief4→5: 8/24 (14 % kum. ab Tief3),48.34,20.4,64.17,39.13,57,19.5,alt,,37.0,19,80.0,76.0,6.11,28.0,2.39,66.49:45;69.92:100;73.69:34,56.56:2:2022-06-17;59.12:3:2022-10-14;60.64:3:2026-05-01;63.08:2:2023-01-27;64.58:5:2026-06-05;66.02:4:2025-08-08;67.80:5:2026-01-09;69.36:6:2025-11-07;71.74:4:2026-09-18;74.26:1:2026-08-21;75.78:3:2024-11-08;78.50:1:2024-09-13;80.20:3:2025-01-17;81.64:2:2025-02-28,57,11.83,13.761,20.941,nicht erfasst - bitte Screenshot,"Quote 98 % (854/868), Median 0 Tag. 5 offen (letzte 364 T) — abwärts: 13 Tage alt (über Kurs), binnen 8 Tagen zu 22 %; 33 Tage alt (über Kurs), binnen 8 Tagen zu 21 %; 147 Tage alt (über Kurs), binnen 8 Tagen zu 0 %. aufwärts: 68 Tage alt (unter Kurs), binnen 8 Tagen zu 24 %; 103 Tage alt (unter Kurs), binnen 8 Tagen zu 8 %.",,2026-09-28:archiv,,3.75,"73,7 · 69,9 · KO 66,9 · 66,5 (0,3 ATR)","71,7 (4x) · 69,4 (6x) · 67,8 (5x) · KO 66,9 · 66,0 (4x) (0,6 ATR)",23.839355253801155,78.01970810334907,raus - Analysten 37 %,,8.119,60.8656034,18.01508162715517,455.95,92.98245614035088,57,90.14084507042254,497,10.026,58.2503436,21.537791487068958,551.3,98.24561403508771,57,95.17102615694165,497,13.1594721813469,43.067363502589764,11.007115825203135,36.02328815521019,,,,,,,,,,,,,,,,,,,,,,,,,,,,,,,,,,,,,,,,,,,,,,,,,,,,,,,,,,,,,,,,,,,,,,,,,,,,,,,,,,,,,,,,,,,,,,,,,,,,,,,,,,,,,,,8.097184806034473,187.5,497,55.33199195171026,57,57.89473684210527,0,68.22865,95.81874287805587,29.27794921273935,5.37,8.558997844827577,200.0,497,57.54527162977867,57,59.64912280701754,0,67.8858,90.64870479367997,27.69821535362449,5.12,9.020810883620676,212.5,497,59.356136820925556,57,59.64912280701754,0,67.54295,86.0080184558875,26.280227861521233,4.87,9.482623922413778,225.0,497,61.3682092555332,57,59.64912280701754,0,67.2001,81.81934402477329,25.00035511868078,4.62,9.9444369612069,237.5,497,63.17907444668008,57,61.40350877192983,1,66.85725,78.01970810334907,23.839355253801155,4.37,10.40625,250.0,497,65.59356136820925,57,64.91228070175438,0,66.5144,74.55731593662634,22.781402091746987,4.12,10.868063038793101,262.5,497,66.80080482897385,57,64.91228070175438,0,66.17155,71.38917635977178,21.813359443263643,3.87,11.329876077586205,275.0,497,68.41046277665997,57,66.66666666666666,0,65.8287,68.47930759811214,20.92423287720098,3.62,11.791689116379306,287.5,497,69.61770623742454,57,66.66666666666666,0,65.48585,65.79736467846688,20.104750318420475,3.37,,,,,,,,,,,,,,,,,,,,,,,,,,,,,,,,,,,,,,,,,,,,,,,,,,,,,,,,,,,,,,,,,,
MBG.DE,Mercedes-Benz Group AG,DAX,Consumer Cyclical,41.505,1.1486,41.0,2026-09-25,1,2.0,Tief1→2: 133/347 (38 %) · »Tief2→3: 59/133 (44 %)« · Tief3→4: 32/59 (24 % kum. ab Tief2) · Tief4→5: 13/32 (10 % kum. ab Tief2) · Tief5→6: 4/13 (3 % kum. ab Tief2) · Tief6→7: 2/4 (2 % kum. ab Tief2),28.37,16.51,68.57,51.05,133,38.3,beide,2.0,52.0,23,55.5,52.724999999999994,7.61,74.0,2.14,45.16:83;46.89:64;48.32:60;50.05:85;52.06:79;53.78:60;55.21:51;58.66:100;61.24:45,42.62:1:2026-07-03;44.10:1:2026-08-28;45.60:1:2025-04-11;47.40:2:2026-05-01;48.69:4:2026-05-22;50.19:3:2024-11-15;51.78:2:2025-10-17;53.23:2:2024-09-20;54.65:5:2026-02-13;55.91:2:2025-11-21;58.84:2:2025-12-26;60.31:2:2022-05-06;62.06:2:2024-06-14;64.68:2:2023-09-08;66.48:5:2023-04-07;68.77:1:2023-07-28;70.58:1:2023-06-30,133,8.346,8.902,20.68,nicht erfasst - bitte Screenshot,"Quote 99 % (1016/1028), Median 0 Tag. 3 offen (letzte 364 T) — abwärts: 2 Tage alt (über Kurs), binnen 20 Tagen zu 65 %; 115 Tage alt (über Kurs), binnen 20 Tagen zu 13 %; 147 Tage alt (über Kurs), binnen 20 Tagen zu 16 %.",,2026-09-28:archiv,,3.5,"KO 37,0 (keine darunter)","KO 37,0 (keine darunter)",247.95032153985517,309.2749331506484,raus - Analysten 52 %,,8.058,31.7445812,23.51624816287195,452.9,91.72932330827066,133,90.0,590,10.765,28.635320999999998,31.007538850740886,588.25,96.99248120300751,133,95.08474576271186,590,114.95408373255447,143.38524080544568,87.18166164051169,108.74397100347252,,,,,,,,,,,,,,,,,,,,,,,,,,,,,,,,,,,,,,,,,,,,,,,,,,,,,,,,,,,,,,,,,,,,,,,,,,,,,,,,,,,,,,,,,,,,,,,,,,,,8.135164438019515,175.0,590,52.03389830508475,133,50.37593984962406,0,38.1285,414.48245224344726,332.29675699689005,5.56,8.8270087941212,187.5,590,54.74576271186441,133,51.8796992481203,0,37.84135,381.9960967887211,306.25196184133256,5.31,9.518853150222867,200.0,590,57.45762711864407,133,54.13533834586466,0,37.5542,354.23205426748996,283.99311531841624,5.06,10.21069750632455,212.5,590,59.83050847457627,133,57.89473684210527,0,37.26705,330.2304180087066,264.75064594910225,4.81,10.902541862426219,225.0,590,63.72881355932203,133,63.1578947368421,1,36.9799,309.2749331506484,247.95032153985517,4.56,11.594386218527884,237.5,590,64.7457627118644,133,63.1578947368421,0,36.692750000000004,290.820302353369,233.15496908930325,4.31,12.286230574629569,250.0,590,66.94915254237289,133,66.16541353383458,0,36.4056,274.44405224144,220.02588539828184,4.06,12.978074930731253,262.5,590,68.47457627118644,133,69.17293233082707,0,36.118449999999996,259.813795472055,208.29659058209756,3.81,13.669919286832922,275.0,590,71.35593220338983,133,72.18045112781954,0,35.8313,246.66443414350402,197.75455170347365,3.56,,,,,,,,,,,,,,,,,,,,,,,,,,,,,,,,,,,,,,,,,,,,,,,,,,,,,,,,,,,,,,,,,,,,,,,,,,,,,
ADBE,Adobe Inc.,NASDAQ,Technology,231.01,8.7907,224.67,2026-09-28,0,3,Tief1→2: 103/334 (31 %) · Tief2→3: 51/103 (50 %) · »Tief3→4: 21/51 (41 %)« · Tief4→5: 10/21 (20 % kum. ab Tief3) · Tief5→6: 7/10 (14 % kum. ab Tief3) · Tief6→7: 2/7 (4 % kum. ab Tief3),34.51,20.5,50.07,40.65,51,15.3,alt,,28.0,25,270.0,256.5,7.95,18.0,2.01,202.21:36;221.99:36;250.56:100;272.53:47;290.11:25;336.27:30;351.65:32,190.12:1:2026-06-19;210.88:1:2026-07-24;224.13:2:2026-05-15;236.66:3:2026-09-11;274.73:3:2022-11-04;311.59:3:2025-11-21;322.44:3:2025-10-17;331.50:4:2025-09-05;358.71:2:2025-07-18;368.35:2:2023-04-14;403.75:2:2025-01-17;416.81:1:2022-02-25;432.10:2:2025-02-28;460.36:2:2024-05-17;475.05:2:2024-11-01;486.40:2:2024-11-22;498.70:4:2024-08-09;510.44:1:2023-07-28;528.01:1:2024-02-23;538.05:1:2021-12-24;552.14:1:2021-10-08;563.34:1:2024-01-05,51,11.299,15.323,17.093,nicht erfasst - bitte Screenshot,"Quote 97 % (931/955), Median 0 Tag. 5 offen (letzte 364 T) — abwärts: 0 Tage alt (über Kurs), binnen 15 Tagen zu 88 %; 8 Tage alt (über Kurs), binnen 15 Tagen zu 50 %; 15 Tage alt (über Kurs), binnen 15 Tagen zu 36 %; 177 Tage alt (über Kurs), binnen 15 Tagen zu 0 %. aufwärts: 61 Tage alt (unter Kurs), binnen 11 Tagen zu 3 %.",,,,2.25,"222 · KO 205 · 202 (0,3 ATR)","224 (2x) · 211 · KO 205 · 190 (1,7 ATR)",97.59151118483331,149.27787450359554,raus - Analysten 28 %,,8.77,147.575561,36.11724124496775,488.5,94.11764705882352,51,90.15151515151516,528,11.217,126.0647181,45.42889134669495,610.85,96.07843137254902,51,95.07575757575758,528,30.550933529977964,46.731302406192256,24.288847996319507,37.15269452242046,,,,,,,,,,,,,,,,,,,,,,,,,,,,,,,,,,,,,,,,,,,,,7.50113631444526,112.5,528,37.5,51,47.05882352941176,0,213.681625,225.0066725818204,147.09977132881772,7.52,8.452469590061035,125.0,528,41.28787878787879,51,52.94117647058824,0,211.48395,199.68196332591597,130.54355591632722,7.27,9.403802865676813,137.5,528,45.07575757575758,51,58.82352941176471,0,209.286275,179.48118934482923,117.33715097203637,7.02,10.355136141292586,150.0,528,47.159090909090914,51,58.82352941176471,0,207.08859999999999,162.99213256749186,106.5573085187322,6.77,11.306469416908364,162.5,528,48.86363636363637,51,60.78431372549019,1,204.89092499999998,149.27787450359554,97.59151118483331,6.52,12.25780269252414,175.0,528,51.515151515151516,51,66.66666666666666,0,202.69324999999998,137.69235523144425,90.01739253268825,6.27,13.209135968139915,187.5,528,53.40909090909091,51,70.58823529411765,0,200.49557499999997,127.77563398294409,83.53426289369698,6.02,14.16046924375568,200.0,528,56.060606060606055,51,70.58823529411765,0,198.2979,119.19136955438515,77.92223672585989,5.77,15.111802519371453,212.5,528,58.333333333333336,51,70.58823529411765,0,196.100225,111.68791549071861,73.01679830362703,5.52,,,,,,,,,,,,,,,,,,,,,,,,,,,,,,,,,,,,,,,,,,,,,,,,,,,,,,,,,,,,,,,,,,,,,,,,,,,,,,,,,,,,,,,,,,,,,,,,,,,,,,,,,,,,,,,,,,,,,,,,,,,,,,,,,,,,
ADP,"Automatic Data Processing, Inc.",NASDAQ,Technology,261.8,5.0321,259.3,2026-09-28,0,3,Tief1→2: 112/345 (32 %) · Tief2→3: 52/112 (46 %) · »Tief3→4: 23/52 (44 %)« · Tief4→5: 7/23 (13 % kum. ab Tief3) · Tief5→6: 3/7 (6 % kum. ab Tief3),37.88,16.9,56.5,42.67,52,15.1,alt,,25.0,8,287.0,272.65,5.68,20.0,2.11,203.89:56;212.69:100;218.98:81;232.82:30;259.24:93;265.53:53;271.82:42;281.88:38,188.16:2:2026-04-10;196.61:2:2022-06-17;203.26:5:2026-02-27;209.14:5:2026-06-26;218.80:1:2022-10-14;224.55:4:2023-12-22;231.27:3:2024-07-12;238.83:4:2026-07-24;247.18:2:2026-01-02;264.86:1:2026-09-11;272.18:2:2025-04-11;280.34:2:2025-04-25;285.48:1:2025-01-17;295.06:3:2025-08-08,52,8.53,10.897,12.227,nicht erfasst - bitte Screenshot,"Quote 98 % (984/999), Median 0 Tag. 3 offen (letzte 364 T) — abwärts: 15 Tage alt (über Kurs), binnen 6 Tagen zu 19 %. aufwärts: 61 Tage alt (unter Kurs), binnen 7 Tagen zu 9 %; 104 Tage alt (unter Kurs), binnen 7 Tagen zu 0 %.",,,,2.5,"259 · KO 247 · 233 (2,8 ATR)","247 (2x) · KO 247 · 239 (4x) (1,6 ATR)",71.94840934334617,167.105982990998,raus - Analysten 25 %,,9.365,212.1743835,18.955544881589002,518.25,86.53846153846155,52,90.03690036900369,542,13.541,191.1603339,26.98230179526356,727.0500000000001,92.3076923076923,52,95.01845018450184,542,21.863708232219068,50.78022557160572,15.359642250630579,35.67400780791628,,,,,,,,,,,,,,,,,,,,,,,,,,,,,,,,,,,,,,,,,,,,,,,,,,,,,,,,3.838101604278072,125.0,542,47.7859778597786,52,53.84615384615385,0,251.75185000000002,250.79243442822815,107.98007593437573,7.87,4.318630634071809,137.5,542,50.7380073800738,52,55.769230769230774,0,250.49382500000002,222.8870506603692,95.96525792321425,7.62,4.799159663865546,150.0,542,53.874538745387454,52,57.692307692307686,0,249.2358,200.56987313159604,86.3564731538814,7.37,5.279688693659282,162.5,542,55.904059040590404,52,59.61538461538461,0,247.977775,182.315075901311,78.49676879084203,7.12,5.76021772345302,175.0,542,58.671586715867164,52,61.53846153846154,1,246.71975,167.105982990998,71.94840934334617,6.87,6.240746753246757,187.5,542,60.51660516605166,52,67.3076923076923,0,245.461725,154.23904910402092,66.40847947534216,6.62,6.721275783040483,200.0,542,62.17712177121771,52,69.23076923076923,0,244.20370000000003,143.21192523428226,61.660690031426924,6.37,7.20180481283422,212.5,542,64.02214022140221,52,69.23076923076923,0,242.94567500000002,133.65633614568543,57.54647806272551,6.12,7.6823338426279575,225.0,542,64.94464944649447,52,71.15384615384616,0,241.68765000000002,125.29614888364611,53.94695299156971,5.87,,,,,,,,,,,,,,,,,,,,,,,,,,,,,,,,,,,,,,,,,,,,,,,,,,,,,,,,,,,,,,,,,,,,,,,,,,,,,,,,,,,,,,,,,,,,,,,,,,,,,,,,,,,,,,,,,,,,,,,,,
ADSK,"Autodesk, Inc.",NASDAQ,Technology,207.19,7.1579,202.09,2026-09-28,0,2,Tief1→2: 115/303 (38 %) · »Tief2→3: 49/115 (43 %)« · Tief3→4: 23/49 (20 % kum. ab Tief2) · Tief4→5: 13/23 (11 % kum. ab Tief2) · Tief5→6: 6/13 (5 % kum. ab Tief2),35.52,18.56,69.41,51.03,115,38.0,alt,,73.0,15,307.5,292.125,9.73,21.0,2.19,195.35:38;209.67:52;218.62:58;240.09:100;268.72:22;300.93:41,163.20:2:2022-07-15;175.41:5:2023-01-06;185.50:7:2026-06-26;195.29:5:2024-05-31;206.33:1:2026-09-11;214.10:3:2026-05-29;223.03:4:2026-05-15;232.67:1:2025-04-11;241.33:3:2026-08-21;249.13:2:2024-09-06;271.09:1:2021-10-08;279.84:2:2025-11-21;290.63:1:2025-06-13;298.80:1:2025-10-17,115,9.636,12.466,28.725,nicht erfasst - bitte Screenshot,"Quote 98 % (839/857), Median 0 Tag. 5 offen (letzte 364 T) — abwärts: 0 Tage alt (über Kurs), binnen 21 Tagen zu 89 %; 15 Tage alt (über Kurs), binnen 21 Tagen zu 33 %; 18 Tage alt (über Kurs), binnen 21 Tagen zu 31 %; 180 Tage alt (über Kurs), binnen 21 Tagen zu 17 %. aufwärts: 61 Tage alt (unter Kurs), binnen 21 Tagen zu 14 %.",,,,3.5,195 · KO 177 (keine darunter),"206 · 195 (5x) · 186 (7x) · KO 177 · 175 (5x) (0,2 ATR)",281.6833677968604,332.6739109166193,raus - Analysten 73 %,,9.24,135.951004,34.38341425744485,512.0,90.43478260869566,115,90.17681728880157,509,12.368,113.56109280000001,45.18987750374052,668.4,94.78260869565217,115,95.08840864440079,509,119.22543097041967,140.80771155169006,90.71450531679389,107.13571588070401,,,,,,,,,,,,,,,,,,,,,,,,,,,,,,,,,,,,,,,,,,,,,,,,,,,,,,,,,,,,,,,,,,,,,,,,,,,,,,,,,,,,,,,,,,,,,,,,,,,,11.09838795308653,175.0,509,52.25933202357563,115,52.17391304347826,0,184.19525000000002,436.23000902379925,369.3669207101624,6.74,11.962075872387661,187.5,509,53.83104125736738,115,53.04347826086957,0,182.405775,404.73325270408907,342.6978249269446,6.49,12.825763791688791,200.0,509,55.5992141453831,115,54.78260869565217,0,180.6163,377.4784843661214,319.6205270624715,6.24,13.689451710989905,212.5,509,58.7426326129666,115,58.26086956521739,0,178.826825,353.66280397028913,299.4551914586433,5.99,14.553139630291035,225.0,509,60.90373280943025,115,60.86956521739131,1,177.03735,332.6739109166193,281.6833677968604,5.74,15.416827549592163,237.5,509,63.45776031434185,115,64.34782608695652,0,175.247875,314.0367148397296,265.902785115267,5.49,16.28051546889328,250.0,509,65.81532416502947,115,67.82608695652173,0,173.4584,297.3769403170915,251.79653499982223,5.24,17.14420338819441,262.5,509,66.99410609037328,115,68.69565217391305,0,171.668925,282.39573267419416,239.11156968081627,4.99,18.007891307495523,275.0,509,68.95874263261297,115,71.30434782608695,0,169.87945000000002,268.85157147241216,227.64338772813605,4.74,,,,,,,,,,,,,,,,,,,,,,,,,,,,,,,,,,,,,,,,,,,,,,,,,,,,,,,,,,,,,,,,,,,,,,,,,,,,,
AXON,"Axon Enterprise, Inc.",NASDAQ,Industrials,424.75,21.795,414.6,2026-09-28,0,4,Tief1→2: 104/261 (40 %) · Tief2→3: 49/104 (47 %) · Tief3→4: 22/49 (45 %) · »Tief4→5: 8/22 (36 %)« · Tief5→6: 6/8 (27 % kum. ab Tief4) · Tief6→7: 1/6 (5 % kum. ab Tief4),32.87,25.75,43.35,37.11,22,8.4,alt,,83.0,6,700.0,665.0,10.87,27.0,2.58,396.44:100;440.03:92;543.55:61;565.35:66;603.49:60;712.46:20,82.49:3:2022-07-15;109.31:5:2022-09-23;138.68:1:2021-12-17;161.85:5:2023-08-04;189.12:4:2023-10-27;241.72:2:2024-02-02;273.52:4:2024-08-09;304.18:2:2024-04-05;339.01:2:2026-04-10;366.00:1:2026-05-15;396.41:2:2026-06-19;422.38:1:2024-11-01;469.24:2:2026-07-24;508.72:1:2025-11-21;543.48:2:2026-01-02;638.50:1:2025-10-17;694.72:2:2025-09-05,22,14.543,15.187,46.43,nicht erfasst - bitte Screenshot,"Quote 97 % (692/713), Median 0 Tag. 3 offen (letzte 364 T) — abwärts: 223 Tage alt (über Kurs), binnen 13 Tagen zu 0 %; 224 Tage alt (über Kurs), binnen 13 Tagen zu 0 %. aufwärts: 115 Tage alt (unter Kurs), binnen 25 Tagen zu 10 %.",,,,2.0,396 · KO 371 (keine darunter),"422 · 396 (2x) · KO 371 · 366 (0,2 ATR)",447.05991812430216,512.1883141049497,drin,Hauptregel,6.874,264.78117000000003,37.66187875220717,393.7,100.0,22,90.02217294900223,451,8.574,227.72967,46.38501000588581,478.7,100.0,22,95.1219512195122,451,150.18550801428006,172.06477036807738,121.94173058181357,139.70639476646903,,,,,,,,,,,,,,,,,,,,,,,,,,,,,,,,,,7.520894643908179,100.0,451,40.79822616407982,22,50.0,0,392.805,861.6371889184538,752.0738769760528,5.87,8.803708063566793,112.5,451,44.12416851441242,22,54.54545454545454,0,387.35625000000005,736.0855757980955,642.4870466321252,5.62,10.08652148322542,125.0,451,47.671840354767184,22,54.54545454545454,0,381.9075,642.4695104160592,560.7749314349073,5.37,11.369334902884047,137.5,451,50.554323725055426,22,59.09090909090909,0,376.45875,569.9790334687962,497.5021354800301,5.12,12.652148322542676,150.0,451,54.988913525498894,22,63.63636363636363,1,371.01,512.1883141049497,447.05991812430216,4.87,13.934961742201288,162.5,451,58.09312638580931,22,68.18181818181817,0,365.56125000000003,465.0376971975251,405.90483833498786,4.62,15.217775161859915,175.0,451,61.86252771618626,22,68.18181818181817,0,360.1125,425.836395281377,371.688261458132,4.37,16.50058858151853,187.5,451,64.52328159645234,22,68.18181818181817,0,354.66375000000005,392.73038577467076,342.79191710214224,4.12,17.783402001177155,200.0,451,67.62749445676275,22,81.81818181818183,0,349.21500000000003,364.40060898921047,318.0644734229167,3.87,,,,,,,,,,,,,,,,,,,,,,,,,,,,,,,,,,,,,,,,,,,,,,,,,,,,,,,,,,,,,,,,,,,,,,,,,,,,,,,,,,,,,,,,,,,,,,,,,,,,,,,,,,,,,,,,,,,,,,,,,,,,,,,,,,,,,,,,,,,,,,,
BHP,BHP Group Limited,Watchlist,Basic Materials,84.58,2.3293,82.93,2026-09-28,0,3,Tief1→2: 160/419 (38 %) · Tief2→3: 77/160 (48 %) · »Tief3→4: 39/77 (51 %)« · Tief4→5: 18/39 (23 % kum. ab Tief3) · Tief5→6: 6/18 (8 % kum. ab Tief3) · Tief6→7: 5/6 (6 % kum. ab Tief3) · Tief7→8: 1/5 (1 % kum. ab Tief3),39.47,16.97,58.86,42.93,77,18.4,alt,,12.0,8,76.5,72.675,6.77,23.0,2.13,55.97:100;58.88:30;61.21:28;65.28:30;69.36:50;72.27:47;77.51:34;79.84:46;83.92:61;87.99:36;92.65:26,39.73:1:2025-04-11;45.74:7:2025-06-27;48.15:3:2025-08-01;50.90:5:2025-11-21;54.15:12:2025-11-07;56.48:6:2024-03-01;59.68:4:2026-01-02;64.53:1:2026-03-20;76.81:1:2026-07-10;80.98:2:2026-09-18,77,10.954,12.303,16.217,nicht erfasst - bitte Screenshot,"Quote 99 % (2373/2396), Median 1 Tag. 12 offen (letzte 364 T) — abwärts: 3 Tage alt (über Kurs), binnen 34 Tagen zu 74 %; 12 Tage alt (über Kurs), binnen 34 Tagen zu 51 %. aufwärts: 48 Tage alt (unter Kurs), binnen 26 Tagen zu 21 %; 56 Tage alt (unter Kurs), binnen 26 Tagen zu 18 %; 119 Tage alt (unter Kurs), binnen 26 Tagen zu 8 %; 130 Tage alt (unter Kurs), binnen 26 Tagen zu 13 %; 184 Tage alt (unter Kurs), binnen 26 Tagen zu 15 %; 191 Tage alt (unter Kurs), binnen 26 Tagen zu 15 %; 204 Tage alt (unter Kurs), binnen 26 Tagen zu 7 %; 206 Tage alt (unter Kurs), binnen 26 Tagen zu 5 %; 208 Tage alt (unter Kurs), binnen 26 Tagen zu 0 %; 209 Tage alt (unter Kurs), binnen 26 Tagen zu 0 %.",,,,3.25,"83,9 · 79,8 · 77,5 · KO 75,4 · 72,3 (1,3 ATR)","81,0 (2x) · 76,8 · KO 75,4 · 64,5 (4,6 ATR)",-129.11832411898865,-87.6334362773144,raus - Analysten 12 %,,10.219,59.12688330000001,30.093540671553548,560.95,89.6103896103896,77,90.06896551724138,725,12.617,53.54122190000001,36.697538543390856,680.85,94.8051948051948,77,95.03448275862068,725,-46.77226816785076,-31.7446389581045,-38.355246980550454,-26.031952591587366,,,,,,,,,,,,,,,,,,,,,,,,,,,,,,,,,,,,,,,,,,,,,,,,,,,,,,,,,,,,,,,,,,,,,,,,,,,,,,,,,,,,,,,,,8.147227476944899,162.5,725,47.724137931034484,77,49.35064935064935,0,77.689075,-117.25566596647043,-172.76345338252858,7.97,8.835717663750287,175.0,725,50.206896551724135,77,50.649350649350644,0,77.10675,-108.11895761549535,-159.30150871441492,7.72,9.524207850555676,187.5,725,53.241379310344826,77,54.54545454545454,0,76.52442500000001,-100.30320616467488,-147.785850172086,7.47,10.212698037361063,200.0,725,56.00000000000001,77,57.14285714285714,0,75.94210000000001,-93.54125424003531,-137.8228504613392,7.22,10.901188224166452,212.5,725,58.758620689655174,77,61.038961038961034,1,75.35977500000001,-87.6334362773144,-129.11832411898865,6.97,11.589678410971857,225.0,725,59.724137931034484,77,63.63636363636363,0,74.77745,-82.42753161167249,-121.44799057388134,6.72,12.278168597777245,237.5,725,62.206896551724135,77,63.63636363636363,0,74.195125,-77.80546227085067,-114.63787479387098,6.47,12.966658784582632,250.0,725,64.41379310344828,77,68.83116883116884,0,73.61280000000001,-73.67422860894307,-108.55095192938956,6.22,13.65514897138802,262.5,725,66.89655172413794,77,70.12987012987013,0,73.03047500000001,-69.9595870825857,-103.07783220522066,5.97,,,,,,,,,,,,,,,,,,,,,,,,,,,,,,,,,,,,,,,,,,,,,,,,,,,,,,,,,,,,,,,,,,,,,,,,,,,,,,,,,,,,,,,,
CNQ,Canadian Natural Resources Limi,Watchlist,Energy,47.55,1.2743,46.99,2026-09-25,1,3.0,Tief1→2: 135/346 (39 %) · Tief2→3: 64/135 (47 %) · »Tief3→4: 26/64 (41 %)« · Tief4→5: 8/26 (12 % kum. ab Tief3) · Tief5→6: 4/8 (6 % kum. ab Tief3) · Tief6→7: 2/4 (3 % kum. ab Tief3),41.37,18.39,57.82,41.45,64,18.5,alt,,48.0,23,46.2,43.89,4.17,11.0,2.33,31.75:100;33.66:75;36.21:20;39.72:43;41.31:33;42.58:61;44.81:86;46.72:89;48.64:79;50.87:56,17.37:2:2021-12-24;19.15:1:2021-12-03;21.84:2:2022-09-30;23.39:6:2025-04-11;25.62:6:2025-03-07;27.14:3:2025-05-09;28.47:8:2025-10-24;30.13:10:2026-01-09;31.66:4:2025-11-28;33.04:2:2024-11-01;36.67:2:2024-05-17;38.83:1:2026-07-03;42.10:1:2026-04-17;44.79:1:2026-05-29,64,9.054,11.568,18.38,nicht erfasst - bitte Screenshot,"Quote 98 % (1238/1257), Median 0 Tag. 4 offen (letzte 364 T) — abwärts: 5 Tage alt (über Kurs), binnen 14 Tagen zu 55 %. aufwärts: 34 Tage alt (unter Kurs), binnen 15 Tagen zu 9 %; 57 Tage alt (unter Kurs), binnen 15 Tagen zu 5 %; 177 Tage alt (unter Kurs), binnen 15 Tagen zu 0 %.",,,,2.5,"46,7 · 44,8 · KO 43,8 · 42,6 (1,0 ATR)","44,8 · KO 43,8 · 42,1 (1,3 ATR)",-97.71073883734907,-36.0408462924647,raus - Analysten 48 %,,7.702,37.1753414,21.81841976866456,435.1,89.0625,64,90.08547008547009,585,9.272,35.1746904,26.025887697160872,513.6,93.75,64,95.04273504273503,585,-35.27826930131462,-13.012476381632402,-29.575017662588404,-10.908817990298965,,,,,,,,,,,,,,,,,,,,,,,,,,,,,,,,,,,,,,,,,,,,,,,,,,,,,,,,5.197581493165084,125.0,585,42.05128205128205,64,45.3125,0,45.07855,-54.62380383985093,-148.0912015213741,6.2,5.867560462670858,137.5,585,45.2991452991453,64,50.0,0,44.759975000000004,-48.386663201942554,-131.18162023637802,5.95,6.537539432176648,150.0,585,48.034188034188034,64,54.6875,0,44.4414,-43.427909669947766,-117.73788843852545,5.7,7.207518401682436,162.5,585,51.11111111111111,64,59.375,0,44.122825,-39.391043643817284,-106.79349610101609,5.45,7.877497371188211,175.0,585,54.35897435897436,64,60.9375,1,43.80425,-36.0408462924647,-97.71073883734907,5.2,8.547476340693999,187.5,585,56.41025641025641,64,65.625,0,43.485675,-33.21584764997866,-90.05185362883135,4.95,9.217455310199774,200.0,585,58.46153846153847,64,65.625,0,43.167100000000005,-30.801524105044532,-83.50635424034321,4.7,9.887434279705563,212.5,585,60.85470085470085,64,65.625,0,42.848525,-28.714392823528694,-77.84790943267805,4.45,10.557413249211352,225.0,585,62.9059829059829,64,65.625,0,42.52995,-26.89216242866097,-72.90764036214775,4.2,,,,,,,,,,,,,,,,,,,,,,,,,,,,,,,,,,,,,,,,,,,,,,,,,,,,,,,,,,,,,,,,,,,,,,,,,,,,,,,,,,,,,,,,,,,,,,,,,,,,,,,,,,,,,,,,,,,,,,,,,
CRM,"Salesforce, Inc.",DOW,Technology,227.27,8.525,221.18,2026-09-28,0,2,Tief1→2: 127/326 (39 %) · »Tief2→3: 62/127 (49 %)« · Tief3→4: 25/62 (20 % kum. ab Tief2) · Tief4→5: 8/25 (6 % kum. ab Tief2) · Tief5→6: 5/8 (4 % kum. ab Tief2) · Tief6→7: 3/5 (2 % kum. ab Tief2) · Tief7→8: 1/3 (1 % kum. ab Tief2) · Tief8→9: 1/1 (1 % kum. ab Tief2),45.33,16.69,71.52,51.45,127,39.0,alt,,63.0,27,280.0,266.0,5.52,16.0,2.16,153.78:23;168.70:49;183.62:100;194.27:87;230.50:31;241.16:47;258.21:61,126.34:1:2022-12-23;137.59:2:2022-10-14;146.32:2:2026-06-26;155.15:5:2026-07-24;164.33:1:2026-05-15;174.57:1:2026-02-27;184.44:4:2023-04-28;193.68:3:2023-10-27;204.78:3:2024-05-31;221.96:3:2025-11-21;233.51:1:2025-10-03;245.25:3:2025-12-19;266.14:2:2024-05-03;276.42:2:2024-10-25;293.77:1:2024-03-15;313.80:2:2025-01-17,127,7.977,9.089,15.863,nicht erfasst - bitte Screenshot,"Quote 98 % (943/964), Median 0 Tag. 5 offen (letzte 364 T) — abwärts: 0 Tage alt (über Kurs), binnen 13 Tagen zu 89 %; 7 Tage alt (über Kurs), binnen 13 Tagen zu 42 %. aufwärts: 21 Tage alt (unter Kurs), binnen 18 Tagen zu 24 %; 35 Tage alt (unter Kurs), binnen 18 Tagen zu 10 %; 44 Tage alt (unter Kurs), binnen 18 Tagen zu 4 %.",,,,2.25,"KO 202 · 194 (0,9 ATR)","222 (3x) · 205 (3x) · KO 202 · 194 (3x) (1,0 ATR)",153.25715981599635,208.65608151555608,raus - Analysten 63 %,,7.42,157.9245,30.51238614863379,421.0,92.1259842519685,127,90.14336917562724,558,11.183,125.844925,44.62756853082237,609.15,96.06299212598425,127,95.16129032258065,558,55.85077618590966,76.03954113821369,38.185823377503034,51.9891161036854,,,,,,,,,,,,,,,,,,,,,,,,,,,,,,,,,,,,,,,,,,,,,7.368438421261056,112.5,558,44.44444444444444,127,49.60629921259843,0,210.52375,314.8764648801969,231.2756587295662,6.17,8.306199674396092,125.0,558,47.31182795698925,127,53.54330708661418,0,208.3925,279.3272414249768,205.16487882399682,5.92,9.243960927531127,137.5,558,51.61290322580645,127,56.69291338582677,0,206.26125000000002,250.99065865413226,184.3517581959898,5.67,10.181722180666174,150.0,558,55.19713261648745,127,59.84251968503938,0,204.13,227.87381158167656,167.37251512532396,5.42,11.119483433801209,162.5,558,58.96057347670251,127,63.77952755905512,1,201.99875,208.65608151555608,153.25715981599635,5.17,12.057244686936244,175.0,558,61.29032258064516,127,64.56692913385827,0,199.8675,192.4276982027187,141.3374692090137,4.92,12.99500594007128,187.5,558,63.44086021505376,127,67.71653543307087,0,197.73625,178.54149913234855,131.1381047107123,4.67,13.932767193206313,200.0,558,65.94982078853047,127,70.86614173228347,0,195.60500000000002,166.52455392389075,122.31170061582188,4.42,14.87052844634136,212.5,558,68.10035842293907,127,71.65354330708661,0,193.47375,156.02322742907856,114.59851314864807,4.17,,,,,,,,,,,,,,,,,,,,,,,,,,,,,,,,,,,,,,,,,,,,,,,,,,,,,,,,,,,,,,,,,,,,,,,,,,,,,,,,,,,,,,,,,,,,,,,,,,,,,,,,,,,,,,,,,,,,,,,,,,,,,,,,,,,,
CSCO,"Cisco Systems, Inc.",NASDAQ/DOW,Technology,106.74,2.845,104.51,2026-09-22,0,2,Tief1→2: 113/315 (36 %) · »Tief2→3: 44/113 (39 %)« · Tief3→4: 18/44 (16 % kum. ab Tief2) · Tief4→5: 7/18 (6 % kum. ab Tief2) · Tief5→6: 2/7 (2 % kum. ab Tief2) · Tief6→7: 2/2 (2 % kum. ab Tief2) · Tief7→8: 1/2 (1 % kum. ab Tief2),41.78,22.62,68.77,51.03,113,35.9,alt,,73.0,11,135.0,128.25,2.71,7.0,2.15,70.72:30;77.84:100;82.10:31;111.98:47;118.38:44,38.60:3:2022-10-14;44.50:8:2024-08-16;47.85:1:2024-09-13;51.08:6:2025-04-11;54.53:3:2024-12-20;58.76:1:2025-01-31;65.75:4:2025-10-17;72.80:1:2026-01-16;107.53:1:2026-07-17,113,8.748,10.688,19.398,nicht erfasst - bitte Screenshot,"Quote 98 % (994/1014), Median 0 Tag. 4 offen (letzte 364 T) — abwärts: 31 Tage alt (über Kurs), binnen 26 Tagen zu 37 %. aufwärts: 93 Tage alt (unter Kurs), binnen 14 Tagen zu 9 %; 97 Tage alt (unter Kurs), binnen 14 Tagen zu 9 %; 112 Tage alt (unter Kurs), binnen 14 Tagen zu 4 %.",,,,1.75,"KO 99,5 · 82,1 (6,1 ATR)","KO 99,5 · 72,8 (9,4 ATR)",298.38737645222847,392.02358245188174,raus - Analysten 73 %,,8.873,79.266315,25.738884204609324,493.65,92.85714285714286,112,90.01996007984032,501,11.593,71.52791500000001,32.98864999063143,629.65,96.42857142857143,112,95.00998003992017,501,78.29310119847416,102.86206600971082,61.086981926801585,80.25653692475187,,,,,,,,,,,,,,,,,,,,,,,4.088204984073446,87.5,501,33.33333333333333,112,42.857142857142854,0,102.37625,647.608135204813,492.924663420224,8.12,4.7545437511710595,100.0,501,37.72455089820359,112,44.642857142857146,0,101.665,556.8472906403954,423.8423645320208,7.87,5.420882518268686,112.5,501,42.51497005988024,112,50.89285714285714,0,100.95375,488.3992222942325,371.7433570965655,7.62,6.0872212853663,125.0,501,46.30738522954092,112,55.35714285714286,0,100.2425,434.9365140438639,331.05040400153973,7.37,6.753560052463927,137.5,501,49.50099800399202,112,60.71428571428571,1,99.53125,392.02358245188174,298.38737645222847,7.12,7.41989881956154,150.0,501,53.49301397205589,112,63.39285714285714,0,98.82000000000001,356.81818181818244,271.5909090909096,6.87,8.086237586659168,162.5,501,56.087824351297414,112,65.17857142857143,0,98.10875,327.4149167270097,249.21071687183223,6.62,8.75257635375678,175.0,501,58.28343313373253,112,68.75,0,97.39750000000001,302.48862724110296,230.23815895103064,6.37,9.418915120854408,187.5,501,60.079840319361274,112,68.75,0,96.68625,281.08914584110425,213.95001864975774,6.12,,,,,,,,,,,,,,,,,,,,,,,,,,,,,,,,,,,,,,,,,,,,,,,,,,,,,,,,,,,,,,,,,,,,,,,,,,,,,,,,,,,,,,,,,,,,,,,,,,,,,,,,,,,,,,,,,,,,,,,,,,,,,,,,,,,,,,,,,,,,,,,,,,,,,,,,,,
CSX,CSX Corporation,NASDAQ,Industrials,46.76,0.9043,45.79,2026-09-21,1,2.0,Tief1→2: 132/380 (35 %) · »Tief2→3: 54/132 (41 %)« · Tief3→4: 24/54 (18 % kum. ab Tief2) · Tief4→5: 11/24 (8 % kum. ab Tief2) · Tief5→6: 7/11 (5 % kum. ab Tief2) · Tief6→7: 4/7 (3 % kum. ab Tief2) · Tief7→8: 2/4 (2 % kum. ab Tief2) · Tief8→9: 1/2 (1 % kum. ab Tief2),35.29,20.26,66.71,51.59,132,34.7,beide,2.0,64.0,14,54.0,51.3,8.64,39.0,2.05,35.78:100;39.85:36;40.98:37;42.34:29;45.96:60;47.09:40;48.67:30;50.25:43,25.80:3:2025-04-11;27.60:3:2023-03-24;29.03:5:2023-10-27;30.03:6:2023-09-29;31.43:5:2025-09-12;32.45:7:2024-10-25;33.45:3:2025-11-21;34.42:3:2026-01-16;37.88:1:2026-03-20;45.15:1:2026-06-19;49.42:1:2026-08-07,132,7.558,9.989,15.005,nicht erfasst - bitte Screenshot,"Quote 98 % (953/971), Median 0 Tag. 1 offen (letzte 364 T) — aufwärts: 108 Tage alt (unter Kurs), binnen 16 Tagen zu 6 %.",,,,2.25,"46,0 · KO 43,8 · 42,3 (1,6 ATR)","45,1 · KO 43,8 · 37,9 (6,5 ATR)",151.09787248204884,240.95784069824538,raus - Analysten 64 %,,6.802,39.638951399999996,15.22893199315655,390.09999999999997,89.39393939393939,132,90.08130081300813,615,9.717,37.0029169,20.86630260906757,535.85,93.93939393939394,132,95.1219512195122,615,63.754655459028854,101.67041971880377,46.5302996138262,74.20250422997837,,,,,,,,,,,,,,,,,,,,,,,,,,,,,,,,,,,,,,,,,,,,,4.4918199315654395,112.5,615,43.73983739837398,132,43.18181818181818,0,44.659625,344.700351127775,216.15187764089745,5.55,4.975299401197607,125.0,615,48.13008130081301,132,48.484848484848484,0,44.43355,311.2037653936254,195.14711255346114,5.3,5.45877887082976,137.5,615,51.54471544715447,132,53.03030303030303,0,44.207475,283.64070871000337,177.86309634577552,5.05,5.942258340461928,150.0,615,55.77235772357724,132,59.09090909090909,0,43.9814,260.56287338947703,163.39163607572172,4.8,6.425737810094096,162.5,615,58.536585365853654,132,61.36363636363637,1,43.755325,240.95784069824538,151.09787248204884,4.55,6.9092172797262625,175.0,615,61.6260162601626,132,64.39393939393939,0,43.52925,224.09657200340482,140.52464598003556,4.3,7.392696749358431,187.5,615,64.39024390243902,132,66.66666666666666,0,43.303174999999996,209.4407440353503,131.33438921553727,4.05,7.876176218990583,200.0,615,66.66666666666666,132,68.93939393939394,0,43.0771,196.58421352738355,123.27242118982333,3.8,8.359655688622752,212.5,615,68.9430894308943,132,70.45454545454545,0,42.851025,185.21479415959442,116.14297865808815,3.55,,,,,,,,,,,,,,,,,,,,,,,,,,,,,,,,,,,,,,,,,,,,,,,,,,,,,,,,,,,,,,,,,,,,,,,,,,,,,,,,,,,,,,,,,,,,,,,,,,,,,,,,,,,,,,,,,,,,,,,,,,,,,,,,,,,,
CTSH,Cognizant Technology Solutions,NASDAQ,Technology,56.75,2.0779,55.63,2026-09-28,0,2,Tief1→2: 123/288 (43 %) · »Tief2→3: 48/123 (39 %)« · Tief3→4: 24/48 (20 % kum. ab Tief2) · Tief4→5: 12/24 (10 % kum. ab Tief2) · Tief5→6: 8/12 (7 % kum. ab Tief2) · Tief6→7: 5/8 (4 % kum. ab Tief2) · Tief7→8: 1/5 (1 % kum. ab Tief2),40.92,21.54,66.47,51.11,123,42.7,alt,,50.0,12,66.0,62.699999999999996,4.71,16.0,2.51,39.42:29;42.02:73;52.40:86;58.12:59;61.24:100;64.35:57;67.47:46;72.66:37;76.82:21;84.61:41,37.08:1:2026-07-03;45.48:1:2026-05-15;51.33:1:2022-11-04;54.25:2:2022-12-23;56.45:4:2026-09-11;58.84:2:2026-03-27;61.23:3:2023-11-03;63.79:6:2025-10-17;66.55:3:2025-08-15;69.35:1:2022-05-20;71.55:4:2024-11-01;73.96:7:2025-07-18;76.79:1:2021-12-03;80.52:3:2026-01-02,123,9.262,11.062,15.514,nicht erfasst - bitte Screenshot,"Quote 98 % (956/972), Median 0 Tag. 8 offen (letzte 364 T) — abwärts: 156 Tage alt (über Kurs), binnen 17 Tagen zu 11 %; 159 Tage alt (über Kurs), binnen 17 Tagen zu 11 %; 163 Tage alt (über Kurs), binnen 17 Tagen zu 0 %. aufwärts: 42 Tage alt (unter Kurs), binnen 22 Tagen zu 18 %; 43 Tage alt (unter Kurs), binnen 22 Tagen zu 16 %; 44 Tage alt (unter Kurs), binnen 22 Tagen zu 14 %; 45 Tage alt (unter Kurs), binnen 22 Tagen zu 14 %; 61 Tage alt (unter Kurs), binnen 22 Tagen zu 16 %.",,,,3.0,"52,4 · KO 49,4 · 42,0 (3,5 ATR)","56,5 (4x) · 54,2 (2x) · 51,3 · KO 49,4 · 45,5 (1,9 ATR)",80.91164991772847,125.787018779662,raus - Analysten 50 %,,10.065,34.7159365,38.82654361233481,553.25,90.2439024390244,123,90.17681728880157,509,12.058,30.5746818,46.12390872246696,652.9,93.4959349593496,123,95.08840864440079,509,27.003643699220504,41.98045449038485,22.731337798980398,35.338634393372914,,,,,,,,,,,,,,,,,,,,,,,,,,,,,,,,,,,,,,,,,,,,,,,,,,,,,,,,,,,,,,,,,,,,,,,,,,,,,,9.296563876651977,150.0,509,48.33005893909627,123,52.84552845528455,0,51.4742,175.32886007809253,112.77910459077296,8.06,10.211938325991184,162.5,509,51.47347740667977,123,55.28455284552846,0,50.954725,159.61278800402062,102.66984741880236,7.81,11.12731277533039,175.0,509,54.223968565815326,123,58.536585365853654,0,50.43525,146.48244190189644,94.22384100716575,7.56,12.042687224669598,187.5,509,57.36738703339882,123,59.34959349593496,0,49.915775000000004,135.34819237002006,87.06181022720205,7.31,12.958061674008803,200.0,509,58.546168958742626,123,60.16260162601627,1,49.396300000000004,125.787018779662,80.91164991772847,7.06,13.873436123348009,212.5,509,59.921414538310415,123,60.97560975609756,0,48.876825000000004,117.48754473258889,75.57306931447604,6.81,14.788810572687217,225.0,509,61.493123772102166,123,62.601626016260155,0,48.357350000000004,110.21548616944594,70.89536677926517,6.56,15.704185022026426,237.5,509,64.24361493123773,123,65.85365853658537,0,47.837875000000004,103.7911833597487,66.76297740437884,6.31,16.619559471365633,250.0,509,66.2082514734774,123,69.91869918699187,0,47.318400000000004,98.07455786929052,63.08579668348953,6.06,,,,,,,,,,,,,,,,,,,,,,,,,,,,,,,,,,,,,,,,,,,,,,,,,,,,,,,,,,,,,,,,,,,,,,,,,,,,,,,,,,,,,,,,,,,,,,,,,,,
EQNR,Equinor ASA,Watchlist,Energy,42.27,1.2171,41.93,2026-09-25,1,2.0,Tief1→2: 144/381 (38 %) · »Tief2→3: 71/144 (49 %)« · Tief3→4: 34/71 (24 % kum. ab Tief2) · Tief4→5: 12/34 (8 % kum. ab Tief2) · Tief5→6: 6/12 (4 % kum. ab Tief2) · Tief6→7: 5/6 (3 % kum. ab Tief2) · Tief7→8: 3/5 (2 % kum. ab Tief2),47.6,22.43,67.18,49.98,144,37.8,alt,,17.0,6,36.85,35.0075,3.71,5.0,2.25,23.02:100;28.80:25;31.54:46;33.97:35;37.93:68;39.76:57;41.58:69,21.41:7:2025-12-19;22.72:4:2026-01-09;23.95:6:2024-10-18;25.23:4:2024-05-03;26.78:6:2024-06-21;28.06:2:2023-07-07;29.52:3:2023-12-08;30.83:5:2026-06-26;32.34:4:2023-10-27;34.44:1:2026-04-17;35.88:1:2022-08-19;40.72:1:2026-08-28,144,8.582,10.055,18.952,nicht erfasst - bitte Screenshot,"Quote 99 % (2344/2365), Median 1 Tag. 11 offen (letzte 364 T) — aufwärts: 34 Tage alt (unter Kurs), binnen 22 Tagen zu 18 %; 50 Tage alt (unter Kurs), binnen 22 Tagen zu 21 %; 54 Tage alt (unter Kurs), binnen 22 Tagen zu 22 %; 58 Tage alt (unter Kurs), binnen 22 Tagen zu 20 %; 60 Tage alt (unter Kurs), binnen 22 Tagen zu 20 %; 145 Tage alt (unter Kurs), binnen 22 Tagen zu 10 %; 152 Tage alt (unter Kurs), binnen 22 Tagen zu 20 %; 153 Tage alt (unter Kurs), binnen 22 Tagen zu 22 %; 160 Tage alt (unter Kurs), binnen 22 Tagen zu 20 %; 170 Tage alt (unter Kurs), binnen 22 Tagen zu 12 %; 177 Tage alt (unter Kurs), binnen 22 Tagen zu 0 %.",,,,3.5,"41,6 · 39,8 · 37,9 · KO 37,7 · 34,0 (3,0 ATR)","40,7 · KO 37,7 · 35,9 (1,5 ATR)",-157.8855832255399,-117.82992923682289,raus - Analysten 17 %,,8.927,31.064948299999998,26.508284125857596,496.34999999999997,90.27777777777779,144,90.09146341463415,656,11.281,28.199894899999997,33.2862670925006,614.0500000000001,95.83333333333334,144,95.1219512195122,656,-64.81451575988712,-48.37103964455602,-51.616529858046334,-38.52138958080704,,,,,,,,,,,,,,,,,,,,,,,,,,,,,,,,,,,,,,,,,,,,,,,,,,,,,,,,,,,,,,,,,,,,,,,,,,,,,,,,,,,,,,,,,,,,,,,,,,,,8.002720605630474,175.0,656,51.0670731707317,144,51.388888888888886,0,38.88725,-160.22466927795432,-214.69218830832898,6.43,8.722557369292655,187.5,656,52.743902439024396,144,54.861111111111114,0,38.582975,-147.00198669659125,-196.9745255321022,6.18,9.442394132954819,200.0,656,55.33536585365854,144,56.94444444444444,0,38.2787,-135.7953548969007,-181.95825921378994,5.93,10.162230896617002,212.5,656,57.3170731707317,144,59.72222222222222,0,37.974425,-126.17635590113065,-169.06933297637664,5.68,10.882067660279166,225.0,656,58.6890243902439,144,61.111111111111114,1,37.67015,-117.82992923682289,-157.8855832255399,5.43,11.60190442394133,237.5,656,62.80487804878049,144,65.97222222222221,0,37.365875,-110.51920577065229,-148.08961843346168,5.18,12.321741187603513,250.0,656,65.2439024390244,144,68.75,0,37.0616,-104.06266799784957,-139.43821519084548,4.93,13.041577951265676,262.5,656,67.53048780487805,144,70.83333333333334,0,36.757325,-98.31887423075005,-131.74184946509635,4.68,13.761414714927858,275.0,656,68.29268292682927,144,71.52777777777779,0,36.45305,-93.17597710140187,-124.85065197397253,4.43,,,,,,,,,,,,,,,,,,,,,,,,,,,,,,,,,,,,,,,,,,,,,,,,,,,,,,,,,,,,,,,,,,,,,,,,,,,,,
GSK,GSK plc,Watchlist,Healthcare,49.7,0.9314,48.98,2026-09-28,0,2.0,Tief1→2: 147/365 (40 %) · »Tief2→3: 61/147 (41 %)« · Tief3→4: 34/61 (23 % kum. ab Tief2) · Tief4→5: 10/34 (7 % kum. ab Tief2) · Tief5→6: 4/10 (3 % kum. ab Tief2) · Tief6→7: 2/4 (1 % kum. ab Tief2),46.53,19.73,71.37,51.15,147,40.3,alt,,38.0,8,59.0,56.05,5.48,16.0,2.24,43.74:51;46.76:41;48.86:53;50.95:100;52.12:72;54.45:37;59.10:42,28.47:1:2022-09-30;31.22:2:2025-01-17;32.38:2:2025-04-11;33.33:5:2023-11-03;34.52:2:2025-07-18;35.77:2:2025-05-16;36.75:1:2025-08-08;37.79:5:2025-06-27;39.16:4:2025-09-26;40.81:2:2022-06-17;41.75:2:2024-03-22;43.28:1:2022-01-07;45.81:1:2025-11-21;47.62:2:2026-09-11;48.57:3:2026-08-14;49.89:1:2026-07-24;51.55:1:2026-03-20,147,8.976,10.965,24.459,nicht erfasst - bitte Screenshot,"Quote 100 % (2103/2110), Median 1 Tag. 4 offen (letzte 364 T) — abwärts: 110 Tage alt (über Kurs), binnen 26 Tagen zu 24 %. aufwärts: 10 Tage alt (unter Kurs), binnen 24 Tagen zu 51 %; 228 Tage alt (unter Kurs), binnen 24 Tagen zu 18 %; 249 Tage alt (unter Kurs), binnen 24 Tagen zu 11 %.",,,,4.5,"48,9 · 46,8 · KO 44,8 · 43,7 (1,1 ATR)","48,6 (3x) · 47,6 (2x) · 45,8 · KO 44,8 · 43,3 (1,6 ATR)",129.29366970048642,189.35923278968886,raus - Analysten 38 %,,10.005,39.661342999999995,20.198505030181103,550.25,91.15646258503402,147,90.0481540930979,623,12.429,37.4036294,24.741188329979884,671.45,96.5986394557823,147,95.02407704654897,623,63.25547331679915,92.64187430649329,51.64125420878249,75.63207309317755,,,,,,,,,,,,,,,,,,,,,,,,,,,,,,,,,,,,,,,,,,,,,,,,,,,,,,,,,,,,,,,,,,,,,,,,,,,,,,,,,,,,,,,,,,,,,,,,,,,,,,,,,,,,,,,,,,,,,,,,,,,,,,,,,,,,,,,,,,,,,,,,8.007847082494985,225.0,623,56.17977528089888,147,55.10204081632652,0,45.720099999999995,233.67421291992207,159.55174753134455,6.51,8.476358148893373,237.5,623,57.9454253611557,147,56.4625850340136,0,45.487249999999996,220.75841196368125,150.7328941902554,6.26,8.944869215291762,250.0,623,59.3900481540931,147,57.14285714285714,0,45.2544,209.19560914162284,142.83786215583916,6.01,9.41338028169015,262.5,623,60.99518459069021,147,59.863945578231295,0,45.02155,198.78378522801327,135.7287135696649,5.76,9.881891348088539,275.0,623,62.60032102728732,147,61.224489795918366,1,44.7887,189.35923278968886,129.29366970048642,5.51,10.350402414486929,287.5,623,64.20545746388443,147,62.585034013605444,0,44.55585,180.78788526773113,123.44119047850452,5.26,10.818913480885332,300.0,623,66.93418940609952,147,68.02721088435374,0,44.32299999999999,172.95889901431988,118.09559233773447,5.01,11.287424547283718,312.5,623,68.86035313001605,147,69.38775510204081,0,44.090149999999994,165.77983368539236,113.1937574088431,4.76,11.755935613682107,325.0,623,70.30497592295345,147,71.42857142857143,0,43.857299999999995,159.17298509250836,108.68262960617498,4.51,,,,,,,,,,,,,,,,,,,,,,,,,,,,,,,,,
HON,Honeywell International Inc.,NASDAQ/DOW,Industrials,211.52,4.2193,209.73,2026-09-28,0,4.0,Tief1→2: 121/366 (33 %) · Tief2→3: 51/121 (42 %) · Tief3→4: 23/51 (45 %) · »Tief4→5: 6/23 (26 %)« · Tief5→6: 1/6 (4 % kum. ab Tief4),47.45,17.21,42.69,35.44,23,6.3,alt,,71.0,14,265.0,251.75,13.04,33.0,2.09,201.67:70;206.94:100;223.82:85;233.31:69;241.75:83;254.41:38,164.71:2:2022-09-30;172.41:2:2023-10-27;177.06:4:2025-04-11;182.11:4:2023-08-25;187.44:3:2025-04-25;193.32:7:2026-09-18;198.30:5:2025-10-17;202.78:1:2026-01-02;208.13:4:2025-08-15;215.54:4:2026-07-10;230.55:1:2026-03-20,23,9.326,9.738,13.702,nicht erfasst - bitte Screenshot,"Quote 98 % (1000/1019), Median 0 Tag. 0 offen (letzte 364 T)",,,,1.0,"207 · KO 206 · 202 (0,9 ATR)","208 (4x) · KO 206 · 203 (0,6 ATR)",669.462333383253,889.9539047809191,raus - Analysten 71 %,,7.201,179.3468207,15.21046676437217,410.04999999999995,91.30434782608695,23,90.14084507042254,568,10.143,166.9336401,21.07902794062028,557.1500000000001,95.65217391304348,23,95.07042253521126,568,125.04204084052076,166.22541248200474,90.22938874182455,119.9469975121247,1.344943740544636,62.5,568,31.690140845070424,23,47.82608695652174,0,208.675175,1879.9047393073288,1414.1467401333925,6.95,1.843631807866872,75.0,568,35.38732394366197,23,56.52173913043478,0,207.62035,1371.405126101057,1031.6310438116216,6.7,2.342319875189122,87.5,568,38.90845070422535,23,56.52173913043478,0,206.56552499999998,1079.428193703665,811.9931980684078,6.45,2.8410079425113577,100.0,568,42.25352112676056,23,65.21739130434783,1,205.51069999999999,889.9539047809191,669.462333383253,6.2,3.339696009833594,112.5,568,45.774647887323944,23,65.21739130434783,0,204.455875,757.0647461645972,569.497283810803,5.95,3.8383840771558297,125.0,568,50.176056338028175,23,69.56521739130434,0,203.40105,658.7058671379909,495.5074239895544,5.7,4.337072144478067,137.5,568,54.401408450704224,23,73.91304347826086,0,202.346225,582.9661180920608,438.532665124226,5.45,4.835760211800316,150.0,568,56.690140845070424,23,73.91304347826086,0,201.29139999999998,522.8477015427316,393.30895723754844,5.2,5.334448279122552,162.5,568,59.50704225352113,23,73.91304347826086,0,200.236575,473.9695615471356,356.5406780299413,4.95,,,,,,,,,,,,,,,,,,,,,,,,,,,,,,,,,,,,,,,,,,,,,,,,,,,,,,,,,,,,,,,,,,,,,,,,,,,,,,,,,,,,,,,,,,,,,,,,,,,,,,,,,,,,,,,,,,,,,,,,,,,,,,,,,,,,,,,,,,,,,,,,,,,,,,,,,,,,,,,,,,,,,,,,,,,,,,,,
IBN,ICICI Bank Limited,Watchlist,Financial Services,27.3,0.4886,27.07,2026-09-28,0,3,Tief1→2: 154/379 (41 %) · Tief2→3: 73/154 (47 %) · »Tief3→4: 32/73 (44 %)« · Tief4→5: 19/32 (26 % kum. ab Tief3) · Tief5→6: 7/19 (10 % kum. ab Tief3) · Tief6→7: 4/7 (5 % kum. ab Tief3) · Tief7→8: 1/4 (1 % kum. ab Tief3),28.54,23.91,55.41,44.27,73,19.3,alt,,100.0,4,36.5,34.675,7.37,16.0,2.24,26.12:66;26.73:44;27.46:32;28.20:51;29.17:84;30.15:100;30.88:93,16.36:1:2022-03-11;17.07:2:2022-06-17;18.24:2:2021-12-10;19.34:1:2023-03-17;20.32:3:2022-10-14;21.34:1:2022-09-02;21.88:4:2023-11-17;22.49:4:2023-08-18;23.04:3:2024-01-19;23.54:1:2024-02-09;25.08:5:2026-06-05;25.57:2:2024-04-05;27.26:3:2025-02-28;28.68:2:2026-01-23;29.25:5:2026-08-21;30.15:1:2025-10-03;31.26:1:2025-09-05;32.19:2:2025-08-15,73,9.713,10.727,19.468,nicht erfasst - bitte Screenshot,"Quote 98 % (2139/2176), Median 1 Tag. 7 offen (letzte 364 T) — abwärts: 0 Tage alt (über Kurs), binnen 28 Tagen zu 90 %; 9 Tage alt (über Kurs), binnen 28 Tagen zu 54 %; 14 Tage alt (über Kurs), binnen 28 Tagen zu 49 %; 155 Tage alt (über Kurs), binnen 28 Tagen zu 8 %; 235 Tage alt (über Kurs), binnen 28 Tagen zu 9 %. aufwärts: 74 Tage alt (unter Kurs), binnen 34 Tagen zu 22 %; 76 Tage alt (unter Kurs), binnen 34 Tagen zu 20 %.",,,,3.75,"26,7 · 26,1 · KO 25,2 (keine darunter)","27,3 (3x) · 25,6 (2x) · KO 25,2 · 25,1 (5x) (0,3 ATR)",357.6191053461026,446.11468056734174,drin,Hauptregel,9.216,22.5670624,17.336767765567764,510.79999999999995,87.67123287671232,73,90.13452914798206,669,11.883,21.263966200000002,22.110013919413912,644.15,93.15068493150685,73,95.06726457399103,669,155.82288682614362,194.3824486509182,122.18288108327025,152.41796691065582,,,,,,,,,,,,,,,,,,,,,,,,,,,,,,,,,,,,,,,,,,,,,,,,,,,,,,,,,,,,,,,,,,,,,,,,,,,,,,,,,,,,,,,,,,,,,,,,,,,,,,,,,,,,,,,5.764285714285716,187.5,669,51.569506726457405,73,49.31506849315068,0,25.72635,584.6280939217739,468.65567311663926,6.47,6.211721611721619,200.0,669,54.7085201793722,73,50.68493150684932,0,25.6042,542.5168062271488,434.8979832527413,6.22,6.659157509157508,212.5,669,57.548579970104626,73,53.42465753424658,0,25.48205,506.0645232267114,405.67672378228207,5.97,7.106593406593411,225.0,669,59.79073243647235,73,58.9041095890411,0,25.3599,474.20236070305623,380.13504458533026,5.72,7.5540293040293,237.5,669,62.18236173393124,73,61.64383561643836,1,25.237750000000002,446.11468056734174,357.6191053461026,5.47,8.001465201465201,250.0,669,64.42451420029896,73,63.013698630136986,0,25.1156,421.1682841970335,337.62131477751313,5.22,8.448901098901104,262.5,669,66.21823617339312,73,63.013698630136986,0,24.99345,398.8641043983436,319.74160542801985,4.97,8.896336996336993,275.0,669,68.75934230194319,73,65.75342465753424,0,24.8713,378.80347511014133,303.66039444970556,4.72,9.343772893772895,287.5,669,70.10463378176382,73,65.75342465753424,0,24.74915,360.6640923613696,289.11931317011954,4.47,,,,,,,,,,,,,,,,,,,,,,,,,,,,,,,,,,,,,,,,,,,,,,,,,,,,,,,,,,,,,,,,,,
LIN,Linde plc,NASDAQ,Basic Materials,472.04,6.885,454.19,2026-09-18,1,7.0,Tief1→2: 118/362 (33 %) · Tief2→3: 48/118 (41 %) · Tief3→4: 16/48 (33 %) · Tief4→5: 5/16 (31 %) · Tief5→6: 2/5 (40 %) · »Tief6→7: 1/2 (50 %)«,48.6,33.06,33.06,33.06,1,0.3,beide,2.0,100.0,7,550.0,522.5,13.65,52.0,2.01,392.08:20;409.30:35;419.62:58;433.39:28;452.33:45;467.82:54;481.59:79;491.92:100;509.13:95,262.47:3:2022-09-30;273.30:1:2022-09-02;283.67:2:2022-06-17;296.32:3:2023-01-06;315.80:1:2021-12-03;323.05:3:2023-03-17;350.60:1:2023-06-02;358.37:2:2023-10-27;366.50:1:2023-10-06;373.47:1:2023-08-25;387.78:1:2025-12-12;396.07:2:2024-02-09;408.65:4:2025-11-07;433.15:2:2025-05-02;440.93:1:2024-08-09;449.32:5:2026-09-18;460.77:2:2025-09-05;471.14:2:2026-03-27;488.88:2:2026-06-05,1,8.456,8.456,8.456,nicht erfasst - bitte Screenshot,"Quote 98 % (1153/1172), Median 0 Tag. 4 offen (letzte 364 T) — abwärts: 14 Tage alt (über Kurs), binnen 9 Tagen zu 17 %; 40 Tage alt (über Kurs), binnen 9 Tagen zu 23 %. aufwärts: 197 Tage alt (unter Kurs), binnen 9 Tagen zu 0 %; 198 Tage alt (unter Kurs), binnen 9 Tagen zu 0 %.",,,,1.25,"468 · 452 · KO 446 · 433 (1,8 ATR)","471 (2x) · 461 (2x) · 449 (5x) · KO 446 · 441 (0,7 ATR)",190.7299787384832,294.6751712733284,raus - Rendite 191 %,,7.836,400.23914,15.210757562918396,441.8,100.0,1,90.03623188405797,552,11.494,375.05381,20.546180408439966,624.7,100.0,1,95.1086956521739,552,70.27770976559331,108.57808666915685,52.02802584574151,80.38257817942942,4.146099906787565,62.5,552,29.71014492753623,1,0.0,0,452.46875,398.33940090694205,257.8271699559299,7.59,4.5107406152021055,75.0,552,34.60144927536232,1,0.0,0,450.7475,366.1383116120696,236.98485382176796,7.34,4.875381323616646,87.5,552,39.311594202898554,1,0.0,0,449.02625,338.7540057574273,219.26022486556923,7.09,5.240022032031186,100.0,552,44.02173913043478,1,0.0,0,447.305,315.18091772791564,204.00242571255288,6.84,5.604662740445727,112.5,552,47.46376811594203,1,100.0,1,445.58375,294.6751712733284,190.7299787384832,6.59,5.969303448860268,125.0,552,51.08695652173913,1,100.0,0,443.8625,276.6746517611568,179.0790524354537,6.34,6.333944157274808,137.5,552,53.985507246376805,1,100.0,0,442.14125,260.74668673439515,168.76959739119516,6.09,6.698584865689348,150.0,552,56.15942028985508,1,100.0,0,440.42,246.5528146742567,159.58254269449708,5.84,7.06322557410389,162.5,552,59.60144927536232,1,100.0,0,438.69875,233.82446668916126,151.34405578675057,5.59,,,,,,,,,,,,,,,,,,,,,,,,,,,,,,,,,,,,,,,,,,,,,,,,,,,,,,,,,,,,,,,,,,,,,,,,,,,,,,,,,,,,,,,,,,,,,,,,,,,,,,,,,,,,,,,,,,,,,,,,,,,,,,,,,,,,,,,,,,,,,,,,,,,,,,,,,,,,,,,,,,,,,,,,,,,,,,,,
LOW,"Lowe's Companies, Inc.",SP100,Consumer Cyclical,187.66,4.1786,186.3,2026-09-28,0,5,Tief1→2: 117/313 (37 %) · Tief2→3: 52/117 (44 %) · Tief3→4: 27/52 (52 %) · Tief4→5: 14/27 (52 %) · »Tief5→6: 7/14 (50 %)« · Tief6→7: 3/7 (21 % kum. ab Tief5) · Tief7→8: 2/3 (14 % kum. ab Tief5),31.89,19.41,42.92,36.54,14,4.5,alt,,73.0,15,255.0,242.25,9.45,27.0,2.19,195.18:27;202.49:32;207.72:52;217.12:99;234.88:78;243.23:100;251.59:33;269.35:23;276.66:44,170.12:1:2022-06-24;176.50:3:2022-11-04;181.85:3:2023-10-27;187.44:1:2023-03-24;193.59:3:2023-05-19;199.00:3:2026-07-24;203.40:3:2026-06-05;210.33:5:2026-06-26;216.25:3:2025-11-21;224.15:3:2026-03-20;231.61:1:2025-10-10;239.54:4:2025-12-26;244.51:1:2021-12-03;257.25:2:2024-11-22;262.67:1:2026-01-30,14,15.733,18.751,18.751,nicht erfasst - bitte Screenshot,"Quote 99 % (888/901), Median 0 Tag. 2 offen (letzte 364 T) — abwärts: 21 Tage alt (über Kurs), binnen 11 Tagen zu 17 %; 148 Tage alt (über Kurs), binnen 11 Tagen zu 0 %.",,,,4.0,KO 170 (keine darunter),187 · 182 (3x) · 176 (3x) · 170 · KO 170 (keine darunter),302.02938963395746,372.5711503563051,raus - Analysten 73 %,,8.524,150.68161360000002,19.704991154215058,476.19999999999993,92.85714285714286,14,90.09345794392523,535,11.011,140.2894354,25.242760630928274,600.55,92.85714285714286,14,95.14018691588785,535,147.62677692177516,182.10637768661547,115.24034062283481,142.15578929367462,,,,,,,,,,,,,,,,,,,,,,,,,,,,,,,,,,,,,,,,,,,,,,,,,,,,,,,,,,,,,,,,,,,,,,,,,,,,,,,,,,,,,,,,,,,,,,,,,,,,,,,,,,,,,,,,,,,,,,,,,,7.404774592347853,200.0,535,58.87850467289719,14,57.14285714285714,0,173.76420000000002,484.60685962665053,392.8525165877465,5.52,7.961446232548225,212.5,535,60.747663551401864,14,57.14285714285714,0,172.71955,450.722702462108,365.3839074458936,5.27,8.518117872748581,225.0,535,62.99065420560748,14,57.14285714285714,0,171.6749,421.26730517794726,341.50552702203953,5.02,9.07478951294894,237.5,535,65.04672897196262,14,57.14285714285714,0,170.63025000000002,395.42565216753087,320.5566728812817,4.77,9.63146115314931,250.0,535,67.4766355140187,14,85.71428571428571,1,169.5856,372.5711503563051,302.02938963395746,4.52,10.188132793349668,262.5,535,69.53271028037383,14,85.71428571428571,0,168.54095,352.2141528998567,285.5267390377662,4.27,10.744804433550026,275.0,535,71.96261682242991,14,92.85714285714286,0,167.49630000000002,333.9664843257938,270.73404186731636,4.02,11.301476073750399,287.5,535,73.83177570093457,14,92.85714285714286,0,166.45165,317.516449888841,257.3986189401817,3.77,11.858147713950755,300.0,535,75.14018691588785,14,92.85714285714286,0,165.407,302.610883925763,245.31523839482335,3.52,,,,,,,,,,,,,,,,,,,,,,,,,,,,,,,,,,,,,,,,,,,,,,,,,,,,,,,
LULU,lululemon athletica inc.,NASDAQ,Consumer Cyclical,100.58,3.7079,98.37,2026-09-28,0,2,Tief1→2: 108/308 (35 %) · »Tief2→3: 53/108 (49 %)« · Tief3→4: 26/53 (24 % kum. ab Tief2) · Tief4→5: 13/26 (12 % kum. ab Tief2) · Tief5→6: 7/13 (6 % kum. ab Tief2) · Tief6→7: 3/7 (3 % kum. ab Tief2) · Tief7→8: 2/3 (2 % kum. ab Tief2) · Tief8→9: 1/2 (1 % kum. ab Tief2),41.04,15.12,78.8,51.59,108,35.1,alt,,0.0,23,100.0,95.0,1.58,3.0,2.11,99.52:100;119.91:96;126.40:35;131.97:26;144.94:23;165.34:49;177.39:54;182.02:38;209.83:26,95.35:1:2026-09-18;104.44:1:2026-06-26;109.20:1:2026-07-24;114.69:2:2026-08-21;143.96:1:2026-03-27;159.25:4:2025-11-21;168.39:1:2026-02-13;185.95:1:2025-08-15;219.97:1:2025-06-27;226.01:1:2024-08-09;234.84:1:2025-04-04;243.37:1:2024-09-13;251.51:1:2022-05-27;256.50:2:2024-10-04;267.78:1:2022-06-17;277.50:3:2022-10-14;281.57:3:2022-09-02;286.58:2:2023-03-17;293.03:2:2024-05-31;298.20:1:2024-11-22;306.38:1:2022-12-23;326.93:2:2024-04-19;354.66:1:2023-10-06;359.81:1:2023-08-25;366.45:4:2025-01-17;383.24:2:2023-10-27;440.26:2:2024-03-08;450.61:1:2021-11-12,108,11.952,14.993,33.148,nicht erfasst - bitte Screenshot,"Quote 98 % (783/802), Median 0 Tag. 5 offen (letzte 364 T) — abwärts: 15 Tage alt (über Kurs), binnen 13 Tagen zu 22 %; 104 Tage alt (über Kurs), binnen 13 Tagen zu 0 %; 108 Tage alt (über Kurs), binnen 13 Tagen zu 0 %; 145 Tage alt (über Kurs), binnen 13 Tagen zu 0 %; 173 Tage alt (über Kurs), binnen 13 Tagen zu 11 %.",,,,2.5,"99,5 · KO 89,1 (keine darunter)","95,3 · KO 89,1 (keine darunter)",-48.60733029900477,-5.052374833946719,raus - Analysten 0 %,,8.519,66.7823999,33.6027044143965,475.95,88.88888888888889,108,90.01919385796545,521,12.291,52.796201100000005,47.508251043945116,664.5500000000001,95.37037037037037,108,95.00959692898272,521,-16.510048001899396,-1.7160981794088936,-11.677598115791499,-1.2138005209962457,,,,,,,,,,,,,,,,,,,,,,,,,,,,,,,,,,,,,,,,,,,,,,,,,,,,,,,,7.727033207397084,125.0,521,44.33781190019194,108,48.148148148148145,0,92.80815000000001,-7.462830600178842,-71.7975771534449,7.02,8.648662756015112,137.5,521,46.83301343570058,108,48.148148148148145,0,91.881175,-6.667567171428305,-64.14659451132766,6.77,9.570292304633126,150.0,521,50.287907869481764,108,51.85185185185185,0,90.9542,-6.025473207421704,-57.96920775416069,6.52,10.49192185325114,162.5,521,52.783109404990405,108,54.629629629629626,0,90.027225,-5.4961846528519605,-52.877086832610374,6.27,11.413551401869155,175.0,521,56.4299424184261,108,60.18518518518518,1,89.10025,-5.052374833946719,-48.60733029900477,6.02,12.33518095048717,187.5,521,58.92514395393474,108,62.03703703703704,0,88.173275,-4.674883984290766,-44.97560798679749,5.77,13.256810499105184,200.0,521,60.46065259117083,108,62.03703703703704,0,87.2463,-4.349880378289586,-41.8488491566482,5.52,14.178440047723198,212.5,521,62.38003838771593,108,63.888888888888886,0,86.319325,-4.067128659758382,-39.12858262319281,5.27,15.100069596341212,225.0,521,64.87523992322457,108,65.74074074074075,0,85.39235000000001,-3.8188923236972054,-36.740377872811145,5.02,,,,,,,,,,,,,,,,,,,,,,,,,,,,,,,,,,,,,,,,,,,,,,,,,,,,,,,,,,,,,,,,,,,,,,,,,,,,,,,,,,,,,,,,,,,,,,,,,,,,,,,,,,,,,,,,,,,,,,,,,
MDB,"MongoDB, Inc.",Watchlist,Technology,334.68,26.6079,300.0,2026-09-28,0,3,Tief1→2: 61/151 (40 %) · Tief2→3: 29/61 (48 %) · »Tief3→4: 10/29 (34 %)« · Tief4→5: 3/10 (10 % kum. ab Tief3) · Tief5→6: 2/3 (7 % kum. ab Tief3) · Tief6→7: 1/2 (3 % kum. ab Tief3) · Tief7→8: 1/1 (3 % kum. ab Tief3),37.0,13.96,54.22,41.29,29,19.2,alt,,92.0,25,466.0,442.7,6.51,30.0,2.35,258.92:57;325.44:100;378.65:45;411.91:43,135.15:3:2025-04-11;164.59:4:2025-05-30;198.47:7:2026-04-10;229.40:6:2025-01-17;272.50:3:2026-07-24;306.43:7:2026-02-06;337.31:6:2026-09-11;392.50:3:2026-01-02;434.45:1:2021-10-08,28,15.385,19.68,23.431,nicht erfasst - bitte Screenshot,"Quote 99 % (383/387), Median 0 Tag. 2 offen (letzte 364 T) — abwärts: 0 Tage alt (über Kurs), binnen 13 Tagen zu 89 %. aufwärts: 98 Tage alt (unter Kurs), binnen 23 Tagen zu 0 %.",,,,2.25,325 · 259 · KO 240 (keine darunter),"306 (7x) · 272 (3x) · KO 240 · 229 (6x) (0,4 ATR)",114.24911903003532,138.89274496412,raus - Rendite 114 %,,8.318,78.67548780000001,76.49232466833992,465.9,96.55172413793103,29,90.31007751937985,258,9.604,44.45772840000001,86.71634743635711,530.1999999999999,100.0,29,95.34883720930233,258,42.1945687877606,51.29597086843846,37.219748644541994,45.24807805963021,,,,,,,,,,,,,,,,,,,,,,,,,,,,,,,,,,,,,,,,,,,,,20.29995069917534,112.5,258,46.51162790697674,29,48.275862068965516,0,266.740125,193.2885510902102,158.99352184560234,7.07,22.287513445679462,125.0,258,50.775193798449614,29,55.172413793103445,0,260.08815,176.05140507977742,144.81474852815683,6.82,24.27507619218358,137.5,258,53.48837209302325,29,58.620689655172406,0,253.436175,161.6368997889993,132.9577971002719,6.57,26.262638938687704,150.0,258,55.81395348837209,29,58.620689655172406,0,246.7842,149.40418085960874,122.89551946736927,6.32,28.250201685191822,162.5,258,60.07751937984496,29,62.06896551724138,1,240.132225,138.89274496412,114.24911903003532,6.07,30.237764431695947,175.0,258,63.17829457364341,29,65.51724137931035,0,233.48025,129.7631664109842,106.7393941190566,5.82,32.225327178200075,187.5,258,64.34108527131784,29,65.51724137931035,0,226.828275,121.75975859449626,100.15602439367564,5.57,34.2128899247042,200.0,258,66.66666666666666,29,65.51724137931035,0,220.1763,114.68625031330863,94.33756289098079,5.32,36.20045267120832,212.5,258,68.6046511627907,29,65.51724137931035,0,213.524325,108.38947494617976,89.15801921783687,5.07,,,,,,,,,,,,,,,,,,,,,,,,,,,,,,,,,,,,,,,,,,,,,,,,,,,,,,,,,,,,,,,,,,,,,,,,,,,,,,,,,,,,,,,,,,,,,,,,,,,,,,,,,,,,,,,,,,,,,,,,,,,,,,,,,,,,
MDLZ,"Mondelez International, Inc.",NASDAQ,Consumer Defensive,60.18,1.1179,59.75,2026-09-28,0,4,Tief1→2: 112/315 (36 %) · Tief2→3: 53/112 (47 %) · Tief3→4: 14/53 (26 %) · »Tief4→5: 8/14 (57 %)« · Tief5→6: 2/8 (14 % kum. ab Tief4),39.24,23.36,42.47,39.42,14,4.4,alt,,100.0,4,70.0,66.5,6.17,42.0,2.19,54.14:31;57.21:63;61.68:100,51.20:1:2026-01-09;53.95:4:2026-03-13;55.79:2:2026-04-24;57.63:4:2026-07-03;58.90:5:2025-09-05;60.26:3:2025-10-17;62.99:6:2025-05-16;64.18:2:2024-07-19;65.66:3:2025-07-11;69.02:3:2024-05-10;70.14:3:2024-03-15;72.28:1:2024-01-12,14,12.7,16.854,16.854,nicht erfasst - bitte Screenshot,"Quote 99 % (879/887), Median 0 Tag. 2 offen (letzte 364 T) — abwärts: 1 Tage alt (über Kurs), binnen 8 Tagen zu 63 %. aufwärts: 135 Tage alt (unter Kurs), binnen 10 Tagen zu 0 %.",,,,2.5,"57,2 · KO 57,0 · 54,1 (2,5 ATR)","58,9 (5x) · 57,6 (4x) · KO 57,0 · 55,8 (2x) (1,0 ATR)",195.98418482052872,304.5197302116443,raus - Rendite 196 %,,7.488,51.3791648,14.624186108341645,424.40000000000003,85.71428571428571,14,90.07936507936508,504,9.017,49.6698957,17.46444715852443,500.84999999999997,100.0,14,95.03968253968253,504,71.8113662666925,111.58031910425954,60.13260972110428,93.43389675019684,,,,,,,,,,,,,,,,,,,,,,,,,,,,,,,,,,,,,,,,,,,,,,,,,,,,,,,,3.500913924891993,125.0,504,42.26190476190476,14,57.14285714285714,0,58.07315,466.09867812136565,299.9738946768871,5.99,3.9653123961448973,137.5,504,45.43650793650794,14,57.14285714285714,0,57.793675,411.511424470682,264.8423831623941,5.74,4.4297108673978025,150.0,504,47.817460317460316,14,57.14285714285714,0,57.5142,368.36972015905206,237.07705004126365,5.49,4.894109338650718,162.5,504,50.99206349206349,14,57.14285714285714,0,57.234725,333.4153856600824,214.5809814024156,5.24,5.358507809903623,175.0,504,54.166666666666664,14,64.28571428571429,1,56.95525,304.5197302116443,195.98418482052872,4.99,5.822906281156527,187.5,504,56.74603174603175,14,71.42857142857143,0,56.675775,280.23314712953663,180.35371587155515,4.74,6.287304752409444,200.0,504,59.32539682539682,14,78.57142857142857,0,56.3963,259.53431825990407,167.03227000026416,4.49,6.751703223662347,212.5,504,62.89682539682539,14,78.57142857142857,0,56.116825,241.68292037630664,155.54338663729715,4.24,7.2161016949152526,225.0,504,67.85714285714286,14,85.71428571428571,0,55.83735,226.12920682072013,145.53325734286673,3.99,,,,,,,,,,,,,,,,,,,,,,,,,,,,,,,,,,,,,,,,,,,,,,,,,,,,,,,,,,,,,,,,,,,,,,,,,,,,,,,,,,,,,,,,,,,,,,,,,,,,,,,,,,,,,,,,,,,,,,,,,
MNST,Monster Beverage Corporation,NASDAQ,Consumer Defensive,41.86,0.9893,41.22,2026-09-28,0,2,Tief1→2: 104/297 (35 %) · »Tief2→3: 40/104 (38 %)« · Tief3→4: 16/40 (15 % kum. ab Tief2) · Tief4→5: 10/16 (10 % kum. ab Tief2) · Tief5→6: 5/10 (5 % kum. ab Tief2) · Tief6→7: 5/5 (5 % kum. ab Tief2),31.89,22.54,74.8,52.91,104,35.0,alt,,64.0,11,50.0,47.5,8.11,23.0,2.14,33.62:54;34.60:50;38.56:92;40.79:68;42.02:32;43.01:91;44.50:100;45.73:57;46.72:70;47.71:57;48.70:64,17.94:1:2022-03-11;20.23:3:2022-06-17;21.40:5:2024-08-09;22.85:4:2025-02-07;24.31:6:2024-10-11;25.44:4:2024-11-22;27.36:5:2025-04-11;29.15:1:2025-07-18;30.64:3:2025-09-26;32.94:1:2025-10-31;35.43:2:2026-04-03;37.44:1:2026-01-09;42.19:1:2026-09-11;44.75:1:2026-08-07;46.47:1:2026-07-24,104,9.314,11.465,25.245,nicht erfasst - bitte Screenshot,"Quote 98 % (738/756), Median 0 Tag. 3 offen (letzte 364 T) — abwärts: 21 Tage alt (über Kurs), binnen 11 Tagen zu 23 %. aufwärts: 97 Tage alt (unter Kurs), binnen 12 Tagen zu 4 %; 221 Tage alt (unter Kurs), binnen 12 Tagen zu 5 %.",,,,2.75,"40,8 · 38,6 · KO 38,5 · 34,6 (3,9 ATR)","KO 38,5 · 37,4 (1,1 ATR)",167.828422219412,242.22045334503787,raus - Analysten 64 %,,8.552,32.7595064,21.74030960344004,477.59999999999997,92.3076923076923,104,90.14675052410901,477,11.901,29.4463407,29.655182274247487,645.05,96.15384615384616,104,95.17819706498952,477,61.974660363477426,89.44569775863587,45.43382304684325,65.57292900732342,,,,,,,,,,,,,,,,,,,,,,,,,,,,,,,,,,,,,,,,,,,,,,,,,,,,,,,,,,,,,,,,,,,5.664775441949348,137.5,477,49.266247379454924,104,54.807692307692314,0,39.488725,343.2752422220118,237.84672802606224,6.8,6.2556139512661275,150.0,477,51.78197064989518,104,55.769230769230774,0,39.2414,310.8531276254487,215.38226533262045,6.55,6.8464524605828885,162.5,477,53.66876310272537,104,56.730769230769226,0,38.994075,284.02697209452475,196.7951010581228,6.3,7.437290969899668,175.0,477,55.9748427672956,104,58.65384615384615,0,38.74675,261.4631012607403,181.1611659841002,6.05,8.02812947921643,187.5,477,59.74842767295597,104,63.46153846153846,1,38.499425,242.22045334503787,167.828422219412,5.8,8.618967988533207,200.0,477,61.84486373165618,104,64.42307692307693,0,38.2521,225.61600931289667,156.32362316028713,5.55,9.20980649784997,212.5,477,64.57023060796647,104,69.23076923076923,0,38.004775,211.1420215421929,146.2949633289887,5.3,9.800645007166748,225.0,477,67.29559748427673,104,72.11538461538461,0,37.75745,198.41318204531325,137.47547257193696,5.05,10.39148351648351,237.5,477,68.76310272536688,104,72.11538461538461,0,37.510125,187.13181413259014,129.6588982442025,4.8,,,,,,,,,,,,,,,,,,,,,,,,,,,,,,,,,,,,,,,,,,,,,,,,,,,,,,,,,,,,,,,,,,,,,,,,,,,,,,,,,,,,,,,,,,,,,,,,,,,,,,,,,,,,,,
NEM,Newmont Corporation,Watchlist,Basic Materials,116.05,4.2779,114.63,2026-09-28,0,3,Tief1→2: 128/338 (38 %) · Tief2→3: 60/128 (47 %) · »Tief3→4: 31/60 (52 %)« · Tief4→5: 15/31 (25 % kum. ab Tief3) · Tief5→6: 11/15 (18 % kum. ab Tief3) · Tief6→7: 4/11 (7 % kum. ab Tief3) · Tief7→8: 3/4 (5 % kum. ab Tief3),40.98,20.11,53.85,40.96,60,17.8,alt,,100.0,8,140.0,133.0,4.83,23.0,2.23,89.42:86;93.69:100;99.04:85;108.67:91;115.08:96;124.71:70,29.42:2:2024-03-01;34.81:6:2025-01-03;39.95:12:2025-04-11;44.77:4:2025-05-16;50.02:7:2025-05-02;57.87:2:2022-01-28;63.68:1:2022-05-20;70.91:1:2022-03-18;76.05:1:2025-10-31;81.34:1:2025-11-21;88.75:2:2026-07-17;94.34:2:2026-03-20;106.87:2:2026-05-01,60,12.737,14.747,40.484,nicht erfasst - bitte Screenshot,"Quote 99 % (1201/1212), Median 0 Tag. 4 offen (letzte 364 T) — abwärts: 0 Tage alt (über Kurs), binnen 32 Tagen zu 90 %. aufwärts: 35 Tage alt (unter Kurs), binnen 11 Tagen zu 12 %; 37 Tage alt (unter Kurs), binnen 11 Tagen zu 9 %; 38 Tage alt (unter Kurs), binnen 11 Tagen zu 9 %.",,,,2.75,"115 · 109 · KO 103 · 99,0 (0,9 ATR)","107 (2x) · KO 103 · 94,3 (2x) (2,0 ATR)",128.5627331147641,181.65648720345723,raus - Rendite 129 %,,7.956,80.5950276,30.551462645411466,447.8,86.66666666666667,60,90.0,590,10.595,69.30564949999999,40.27949202929773,579.75,91.66666666666666,60,95.08474576271186,590,47.807116611942426,67.55046860507498,36.26106645764604,51.23613815106918,,,,,,,,,,,,,,,,,,,,,,,,,,,,,,,,,,,,,,,,,,,,,,,,,,,,,,,,,,,,,,,,,,,7.674558380008613,137.5,590,41.186440677966104,60,50.0,0,107.143675,268.910016196355,190.31418682790053,6.21,8.596122361051277,150.0,590,44.74576271186441,60,53.333333333333336,0,106.07419999999999,240.0809960103449,169.91118506786415,5.96,9.517686342093928,162.5,590,48.644067796610166,60,56.666666666666664,0,105.004725,216.83480040107642,153.45928462623155,5.71,10.43925032313658,175.0,590,51.69491525423729,60,58.333333333333336,0,103.93525,197.69289502466003,139.9120906333189,5.46,11.36081430417923,187.5,590,55.254237288135585,60,61.66666666666667,1,102.865775,181.65648720345723,128.5627331147641,5.21,12.282378285221883,200.0,590,58.47457627118644,60,63.33333333333333,0,101.7963,168.02654749293174,118.91649185825442,4.96,13.203942266264546,212.5,590,62.54237288135593,60,68.33333333333333,0,100.72682499999999,156.29920039417414,110.6167618656055,4.71,14.125506247307198,225.0,590,66.77966101694915,60,73.33333333333333,0,99.65735,146.10206403479606,103.3999993899705,4.46,15.047070228349849,237.5,590,69.49152542372882,60,75.0,0,98.587875,137.15398326377806,97.06722406350889,4.21,,,,,,,,,,,,,,,,,,,,,,,,,,,,,,,,,,,,,,,,,,,,,,,,,,,,,,,,,,,,,,,,,,,,,,,,,,,,,,,,,,,,,,,,,,,,,,,,,,,,,,,,,,,,,,
NOW,"ServiceNow, Inc.",SP100,Technology,131.45,5.5457,126.75,2026-09-28,0,2,Tief1→2: 81/234 (35 %) · »Tief2→3: 34/81 (42 %)« · Tief3→4: 15/34 (19 % kum. ab Tief2) · Tief4→5: 4/15 (5 % kum. ab Tief2) · Tief5→6: 3/4 (4 % kum. ab Tief2) · Tief6→7: 1/3 (1 % kum. ab Tief2),47.01,18.25,66.94,49.9,81,34.6,alt,,88.0,24,142.5,135.375,3.75,9.0,2.26,90.25:58;102.73:100;115.21:46;124.91:36;131.84:23;137.39:27,67.40:3:2023-01-06;73.54:3:2022-12-09;81.07:7:2026-04-10;89.39:2:2026-07-24;95.87:5:2026-02-27;105.60:2:2023-09-29;117.40:2:2021-12-17;127.60:2:2026-09-11;134.24:3:2025-04-11;145.85:2:2024-07-26;155.58:2:2025-11-21;168.01:2:2025-08-15;177.46:1:2025-10-10;186.83:2:2025-07-11;198.92:2:2025-05-23,81,7.426,8.799,14.382,nicht erfasst - bitte Screenshot,"Quote 98 % (616/631), Median 0 Tag. 5 offen (letzte 364 T) — abwärts: 0 Tage alt (über Kurs), binnen 11 Tagen zu 89 %; 196 Tage alt (über Kurs), binnen 11 Tagen zu 25 %. aufwärts: 21 Tage alt (unter Kurs), binnen 14 Tagen zu 18 %; 35 Tage alt (unter Kurs), binnen 14 Tagen zu 13 %; 44 Tage alt (unter Kurs), binnen 14 Tagen zu 7 %.",,,,2.0,"125 · KO 116 · 115 (0,1 ATR)","128 (2x) · 117 (2x) · KO 116 · 106 (2x) (1,8 ATR)",24.85530098661307,69.97479640817168,raus - Rendite 25 %,,7.005,87.9023715,33.12866375047546,400.25,91.35802469135803,81,90.05376344086021,372,9.627,73.3615461,44.19053168505135,531.35,97.53086419753086,81,95.16129032258065,372,9.013119968174644,25.374516088746407,6.756936596654731,19.02271322115532,,,,,,,,,,,,,,,,,,,,,,,,,,,,,,,,,,7.7943704830734015,100.0,372,41.935483870967744,81,44.44444444444444,0,121.2043,107.85012249041088,38.30875391627724,6.0,8.849087105363248,112.5,372,43.81720430107527,81,49.382716049382715,0,119.817875,94.9955403677318,33.74275981387765,5.75,9.903803727653093,125.0,372,48.655913978494624,81,53.086419753086425,0,118.43145,84.87888436116172,30.14928697896474,5.5,10.958520349942939,137.5,372,52.41935483870967,81,58.0246913580247,0,117.045025,76.70960900661068,27.24753080099072,5.25,12.013236972232775,150.0,372,56.451612903225815,81,62.96296296296296,1,115.6586,69.97479640817168,24.85530098661307,5.0,13.067953594522622,162.5,372,58.87096774193549,81,62.96296296296296,0,114.272175,64.32711941121778,22.849225673215408,4.75,14.122670216812466,175.0,372,62.096774193548384,81,66.66666666666666,0,112.88575,59.52300793191224,21.142787885317286,4.5,15.177386839102313,187.5,372,65.59139784946237,81,70.37037037037037,0,111.499325,55.386597195333074,19.67351981825183,4.25,16.23210346139216,200.0,372,67.20430107526882,81,70.37037037037037,0,110.1129,51.787731228705006,18.39518959933643,4.0,,,,,,,,,,,,,,,,,,,,,,,,,,,,,,,,,,,,,,,,,,,,,,,,,,,,,,,,,,,,,,,,,,,,,,,,,,,,,,,,,,,,,,,,,,,,,,,,,,,,,,,,,,,,,,,,,,,,,,,,,,,,,,,,,,,,,,,,,,,,,,,
NVO,Novo Nordisk A/S,Watchlist,Healthcare,38.71,1.1443,37.92,2026-09-24,1,3.0,Tief1→2: 147/414 (36 %) · Tief2→3: 55/147 (37 %) · »Tief3→4: 22/55 (40 %)« · Tief4→5: 7/22 (13 % kum. ab Tief3) · Tief5→6: 2/7 (4 % kum. ab Tief3) · Tief6→7: 1/2 (2 % kum. ab Tief3) · Tief7→8: 1/1 (2 % kum. ab Tief3),30.76,17.43,57.32,44.21,55,13.3,beide,2.0,21.0,14,44.25,42.0375,12.41,40.0,2.09,36.69:63;38.41:78;39.84:53;44.42:77;46.99:100;48.99:88;51.86:32;57.29:24;59.29:41,35.12:2:2026-04-03;41.00:1:2026-06-12;43.08:2:2026-05-22;45.05:3:2025-11-07;47.38:3:2022-09-30;50.24:3:2022-05-20;52.12:3:2025-09-12;53.74:2:2025-10-03;57.00:1:2025-04-25;65.05:2:2023-02-03;66.87:2:2025-06-27;73.80:1:2025-03-14;75.56:1:2023-07-14;77.18:4:2025-02-14;79.25:1:2023-05-05;86.96:1:2023-10-06;94.73:1:2023-12-15;99.42:1:2024-11-22;113.79:1:2024-10-04;118.80:1:2024-08-09;121.79:1:2024-04-19;139.78:1:2024-06-21,55,9.543,14.283,24.119,nicht erfasst - bitte Screenshot,"Quote 97 % (2246/2311), Median 1 Tag. 5 offen (letzte 364 T) — abwärts: 5 Tage alt (über Kurs), binnen 15 Tagen zu 60 %; 11 Tage alt (über Kurs), binnen 15 Tagen zu 48 %; 14 Tage alt (über Kurs), binnen 15 Tagen zu 36 %; 40 Tage alt (über Kurs), binnen 15 Tagen zu 20 %; 167 Tage alt (über Kurs), binnen 15 Tagen zu 6 %.",,,,2.75,"38,4 · 36,7 · KO 34,8 (keine darunter)","35,1 (2x) · KO 34,8 (keine darunter)",84.52242606669084,140.72253656182332,raus - Analysten 21 %,,8.675,27.9931975,27.684842417979848,483.75000000000006,87.27272727272727,55,90.13867488443759,649,11.097,25.2217029,34.84447713769052,604.85,94.54545454545455,55,95.0693374422188,649,31.049373168909295,51.6945236230676,24.669533710078202,41.072642149912305,,,,,,,,,,,,,,,,,,,,,,,,,,,,,,,,,,,,,,,,,,,,,,,,,,,,,,,,,,,,,,,,,,,7.21396280030999,137.5,649,45.91679506933744,55,52.72727272727272,0,35.917475,198.38676466638628,119.15739339844775,6.93,7.952983725135628,150.0,649,49.30662557781202,55,52.72727272727272,0,35.6314,179.95192620022075,108.08484376015069,6.68,8.692004649961246,162.5,649,51.92604006163328,55,52.72727272727272,0,35.345325,164.65186087809377,98.89513846062405,6.43,9.431025574786881,175.0,649,55.007704160246526,55,58.18181818181818,0,35.05925,151.74964048483176,91.14565500239674,6.18,10.1700464996125,187.5,649,58.39753466872111,55,60.0,1,34.773175,140.72253656182332,84.52242606669084,5.93,10.909067424438136,200.0,649,60.708782742681045,55,61.81818181818181,0,34.4871,131.18946695398884,78.7965616045845,5.68,11.648088349263755,212.5,649,63.02003081664098,55,65.45454545454545,0,34.201025,122.86606157718771,73.79725990940294,5.43,12.387109274089372,225.0,649,64.86902927580893,55,65.45454545454545,0,33.914950000000005,115.53581297379596,69.39447972388199,5.18,13.126130198915009,237.5,649,66.71802773497689,55,69.0909090909091,0,33.628875,109.0309724716475,65.48746586631898,4.93,,,,,,,,,,,,,,,,,,,,,,,,,,,,,,,,,,,,,,,,,,,,,,,,,,,,,,,,,,,,,,,,,,,,,,,,,,,,,,,,,,,,,,,,,,,,,,,,,,,,,,,,,,,,,,
ODFL,"Old Dominion Freight Line, Inc.",NASDAQ,Industrials,176.85,4.8493,172.65,2026-09-25,1,4.0,Tief1→2: 133/346 (38 %) · Tief2→3: 60/133 (45 %) · Tief3→4: 19/60 (32 %) · »Tief4→5: 10/19 (53 %)« · Tief5→6: 5/10 (26 % kum. ab Tief4) · Tief6→7: 2/5 (11 % kum. ab Tief4),36.02,18.3,47.87,38.19,19,5.5,beide,2.0,50.0,14,232.0,220.39999999999998,14.2,45.0,2.1,136.31:100;158.14:54;173.90:60;179.96:46;187.23:66;199.36:86;209.05:70;219.97:80;234.51:41,115.65:3:2022-09-23;121.75:4:2025-11-21;128.51:1:2022-04-15;133.69:2:2025-10-17;138.74:6:2025-08-15;144.90:3:2025-04-25;155.05:4:2025-07-18;160.38:2:2023-04-07;165.49:1:2024-06-07;174.80:3:2026-03-13;179.82:2:2024-09-06;185.37:5:2026-05-15;194.12:2:2023-09-29;208.32:3:2026-07-03,19,13.106,13.164,13.164,nicht erfasst - bitte Screenshot,"Quote 99 % (774/784), Median 0 Tag. 1 offen (letzte 364 T) — abwärts: 42 Tage alt (über Kurs), binnen 12 Tagen zu 33 %.",,,,2.25,"174 · KO 162 · 158 (0,7 ATR)","175 (3x) · 165 · KO 162 · 160 (2x) (0,3 ATR)",288.2020789594286,364.9677303010906,raus - Analysten 50 %,,6.026,143.4281182,18.89843471868815,351.3,94.73684210526315,19,90.08695652173913,575,7.42,136.668194,22.720840260107433,421.0,100.0,19,95.1304347826087,575,130.3038538063407,165.01165413133626,108.3823857991848,137.25117283180356,,,,,,,,,,,,,,,,,,,,,,,,,,,,,,,,,,,,,,,,,,,,,5.802445575346328,112.5,575,49.04347826086956,19,47.368421052631575,0,166.588375,537.4392457334984,424.39672079227284,4.78,6.487955894826126,125.0,575,53.565217391304344,19,47.368421052631575,0,165.37605,480.6540031985497,379.55542772977026,4.53,7.173466214305907,137.5,575,57.21739130434783,19,47.368421052631575,0,164.163725,434.7217760926673,343.2843762254878,4.28,7.858976533785687,150.0,575,60.52173913043478,19,57.89473684210527,0,162.9514,396.8025556530878,313.34091203430575,4.03,8.544486853265468,162.5,575,63.30434782608696,19,63.1578947368421,1,161.739075,364.9677303010906,288.2020789594286,3.78,9.229997172745266,175.0,575,65.73913043478261,19,68.42105263157895,0,160.52675,337.86163907310123,266.7973595944434,3.53,9.915507492225046,187.5,575,69.3913043478261,19,68.42105263157895,0,159.314425,314.50351642304304,248.35227815455153,3.28,10.601017811704827,200.0,575,71.65217391304348,19,68.42105263157895,0,158.1021,294.16627995668875,232.29268344721282,3.03,11.286528131184609,212.5,575,74.26086956521739,19,73.68421052631578,0,156.88977500000001,276.2994906119548,218.18391325749099,2.78,,,,,,,,,,,,,,,,,,,,,,,,,,,,,,,,,,,,,,,,,,,,,,,,,,,,,,,,,,,,,,,,,,,,,,,,,,,,,,,,,,,,,,,,,,,,,,,,,,,,,,,,,,,,,,,,,,,,,,,,,,,,,,,,,,,,
PCAR,PACCAR Inc.,NASDAQ,Industrials,111.65,2.7921,110.17,2026-09-24,0,6,Tief1→2: 108/316 (34 %) · Tief2→3: 57/108 (53 %) · Tief3→4: 25/57 (44 %) · Tief4→5: 16/25 (64 %) · Tief5→6: 6/16 (38 %) · »Tief6→7: 2/6 (33 %)« · Tief7→8: 2/2 (33 % kum. ab Tief6) · Tief8→9: 2/2 (33 % kum. ab Tief6) · Tief9→10: 1/2 (17 % kum. ab Tief6) · Tief10→11: 1/1 (17 % kum. ab Tief6) · Tief11→12: 1/1 (17 % kum. ab Tief6),23.85,17.96,44.37,37.48,6,1.9,beide,2.0,43.0,7,140.0,133.0,10.41,41.0,2.17,98.88:68;112.14:100;118.43:90;124.01:93;126.80:91;131.69:49,51.33:4:2022-07-15;54.53:5:2022-09-30;64.33:1:2022-12-16;67.48:2:2023-06-02;71.29:1:2023-03-03;80.94:1:2023-11-03;84.65:1:2025-05-02;90.04:7:2025-10-17;93.86:2:2025-11-21;99.46:2:2025-02-14;102.64:1:2025-01-03;107.78:2:2026-05-22,6,14.216,14.216,14.216,nicht erfasst - bitte Screenshot,"Quote 99 % (926/932), Median 0 Tag. 0 offen (letzte 364 T)",,,,2.75,"KO 102 · 98,9 (1,3 ATR)","108 (2x) · 103 · KO 102 · 99,5 (2x) (1,1 ATR)",233.12250396499326,309.5561118223681,raus - Analysten 43 %,,7.817,88.3441543,20.874022122704886,440.85,83.33333333333334,6,90.13035381750466,537,11.226,78.8258854,29.399117420510525,611.3000000000001,83.33333333333334,6,95.15828677839852,537,91.60791792249783,121.64330084790696,65.04364324879609,86.36942792053253,,,,,,,,,,,,,,,,,,,,,,,,,,,,,,,,,,,,,,,,,,,,,,,,,,,,,,,,,,,,,,,,,,,5.701903269144647,137.5,537,49.162011173184354,6,50.0,0,105.28382500000001,445.32234819181065,335.366212835808,6.07,6.327093596059112,150.0,537,54.00372439478585,6,50.0,0,104.5858,401.3193284448344,302.22813623623335,5.82,6.952283922973579,162.5,537,57.91433891992551,6,50.0,0,103.887775,365.23033022103834,275.0500017713992,5.57,7.577474249888044,175.0,537,60.14897579143389,6,50.0,0,103.18975,335.0964806004549,252.35660884725615,5.32,8.20266457680251,187.5,537,62.75605214152699,6,83.33333333333334,1,102.491725,309.5561118223681,233.12250396499326,5.07,8.827854903716977,200.0,537,65.54934823091247,6,83.33333333333334,0,101.7937,287.6332903828007,216.6127248561832,4.82,9.453045230631442,212.5,537,68.71508379888269,6,83.33333333333334,0,101.095675,268.6102616699787,202.28674026998394,4.57,10.07823555754591,225.0,537,70.57728119180634,6,83.33333333333334,0,100.39765,251.94737099361447,189.73814358778372,4.32,10.703425884460374,237.5,537,72.43947858472998,6,83.33333333333334,0,99.699625,237.2310492348564,178.6554815225462,4.07,,,,,,,,,,,,,,,,,,,,,,,,,,,,,,,,,,,,,,,,,,,,,,,,,,,,,,,,,,,,,,,,,,,,,,,,,,,,,,,,,,,,,,,,,,,,,,,,,,,,,,,,,,,,,,
PDD,PDD Holdings Inc.,NASDAQ,Consumer Cyclical,78.49,1.625,77.36,2026-09-25,1,3.0,Tief1→2: 58/123 (47 %) · Tief2→3: 28/58 (48 %) · »Tief3→4: 14/28 (50 %)« · Tief4→5: 6/14 (21 % kum. ab Tief3) · Tief5→6: 5/6 (18 % kum. ab Tief3) · Tief6→7: 2/5 (7 % kum. ab Tief3) · Tief7→8: 1/2 (4 % kum. ab Tief3),40.93,11.78,49.07,44.35,28,22.8,alt,,25.0,4,114.73,108.9935,9.81,23.0,2.44,76.21:31;78.64:55;82.30:81;84.33:100;97.74:67;100.17:76;102.21:87;106.27:60;111.96:35;113.58:27;118.46:29;131.46:23;133.89:37;135.92:23;137.55:24,23.21:1:2022-03-18;31.01:1:2022-05-13;38.80:1:2022-10-28;44.82:1:2022-08-05;47.67:2:2022-01-28;52.56:1:2022-06-17;58.79:2:2023-05-12;66.40:1:2023-06-30;71.94:1:2026-06-26;75.44:1:2023-08-25;78.82:1:2022-12-30;81.82:2:2026-07-24;83.75:1:2021-10-08;87.11:2:2025-04-11;89.36:2:2023-02-10;94.25:4:2026-03-27;97.94:3:2026-03-06;104.19:2:2025-12-19;108.87:3:2025-08-01;110.65:1:2024-04-19;118.77:2:2025-09-05;122.07:2:2025-10-10;130.05:1:2024-07-05;136.00:1:2024-01-19;140.31:1:2024-06-07,27,12.88,13.513,18.668,nicht erfasst - bitte Screenshot,"Quote 99 % (554/562), Median 0 Tag. 6 offen (letzte 364 T) — abwärts: 14 Tage alt (über Kurs), binnen 18 Tagen zu 34 %; 85 Tage alt (über Kurs), binnen 18 Tagen zu 17 %; 176 Tage alt (über Kurs), binnen 18 Tagen zu 0 %; 177 Tage alt (über Kurs), binnen 18 Tagen zu 0 %; 214 Tage alt (über Kurs), binnen 18 Tagen zu 0 %; 216 Tage alt (über Kurs), binnen 18 Tagen zu 0 %.",,,,3.75,"76,2 · KO 71,3 (keine darunter)","75,4 · 71,9 · KO 71,3 · 66,4 (3,0 ATR)",422.2668281709641,501.67849108842404,raus - Analysten 25 %,,7.684,64.8735,17.348069817811172,434.2,89.28571428571429,28,90.2542372881356,236,9.12,62.54,20.32106000764428,505.99999999999994,92.85714285714286,28,95.33898305084746,236,224.01865383909248,266.1476884661994,191.24451410658315,227.21003134796248,,,,,,,,,,,,,,,,,,,,,,,,,,,,,,,,,,,,,,,,,,,,,,,,,,,,,,,,,,,,,,,,,,,,,,,,,,,,,,,,,,,,,,,,,,,,,,,,,,,,,,,,,,,,,,,7.133074276977953,187.5,236,54.23728813559322,28,50.0,0,72.89125,647.2873409243141,544.8269703058724,4.93,7.650656134539427,200.0,236,57.20338983050848,28,53.57142857142857,0,72.485,603.4970857618657,507.9683597002502,4.68,8.168237992100899,212.5,236,58.89830508474576,28,57.14285714285714,0,72.07875,565.2563852602852,475.7808539676354,4.43,8.685819849662373,225.0,236,60.59322033898306,28,57.14285714285714,0,71.6725,531.573157315732,447.4294096076278,4.18,9.203401707223845,237.5,236,62.28813559322034,28,60.71428571428571,1,71.26625,501.67849108842404,422.2668281709641,3.93,9.720983564785318,250.0,236,65.67796610169492,28,64.28571428571429,0,70.86,474.9672346002625,399.78374836173026,3.68,10.23856542234679,262.5,236,66.52542372881356,28,67.85714285714286,0,70.45375,450.95660289314077,379.57380619069863,3.43,10.756147279908264,275.0,236,68.22033898305084,28,67.85714285714286,0,70.0475,429.25673674859377,361.30885401243734,3.18,11.273729137469736,287.5,236,70.33898305084746,28,71.42857142857143,0,69.64125,409.5493713801387,344.72100579177874,2.93,,,,,,,,,,,,,,,,,,,,,,,,,,,,,,,,,,,,,,,,,,,,,,,,,,,,,,,,,,,,,,,,,,
PEP,"Pepsico, Inc.",NASDAQ,Consumer Defensive,128.5,2.1557,126.72,2026-09-28,0,3,Tief1→2: 126/341 (37 %) · Tief2→3: 51/126 (40 %) · »Tief3→4: 25/51 (49 %)« · Tief4→5: 11/25 (22 % kum. ab Tief3) · Tief5→6: 3/11 (6 % kum. ab Tief3) · Tief6→7: 2/3 (4 % kum. ab Tief3) · Tief7→8: 1/2 (2 % kum. ab Tief3),28.64,23.77,66.27,44.75,51,15.0,alt,,29.0,14,153.5,145.825,6.95,17.0,2.1,130.22:24;138.31:68;142.62:100;149.63:74;155.55:49;167.95:22,127.60:2:2025-06-27;133.73:1:2026-07-24;136.01:3:2026-08-14;138.33:3:2026-06-12;141.26:3:2025-11-14;143.91:2:2025-12-12;149.03:2:2026-03-27;151.75:2:2026-04-10;154.86:3:2024-11-22;158.03:2:2024-07-12;160.63:3:2026-02-20;164.36:7:2024-10-11;166.75:3:2023-02-03;169.12:1:2023-03-03;173.48:2:2023-09-08;179.33:2:2023-06-30,50,8.914,9.309,14.177,nicht erfasst - bitte Screenshot,"Quote 100 % (813/816), Median 0 Tag. 3 offen (letzte 364 T) — abwärts: 6 Tage alt (über Kurs), binnen 8 Tagen zu 33 %; 9 Tage alt (über Kurs), binnen 8 Tagen zu 32 %; 23 Tage alt (über Kurs), binnen 8 Tagen zu 25 %.",,,,2.0,KO 122 (keine darunter),128 (2x) · KO 122 (keine darunter),284.41737531601876,410.41468299569834,raus - Analysten 29 %,,7.464,110.6298552,13.906727470817126,423.20000000000005,92.15686274509804,51,90.0,560,11.045,102.9102935,19.914168482490275,602.25,96.07843137254902,51,95.0,560,96.94941028121934,139.89813893393855,67.70300394027569,97.69553238135028,,,,,,,,,,,,,,,,,,,,,,,,,,,,,,,,,,3.062801556420231,100.0,560,38.392857142857146,51,43.13725490196079,0,124.5643,635.211017099881,440.2012348502173,6.46,3.482198443579769,112.5,560,40.17857142857143,51,45.09803921568628,0,124.025375,558.7060368187275,387.18328351537787,6.21,3.901595330739296,125.0,560,43.392857142857146,51,47.05882352941176,0,123.48645,498.64866212564004,345.56352285306826,5.96,4.320992217898834,137.5,560,46.42857142857143,51,50.98039215686274,0,122.947525,450.2496634383765,312.02301676279467,5.71,4.740389105058371,150.0,560,51.60714285714286,51,60.78431372549019,1,122.40859999999999,410.41468299569834,284.41737531601876,5.46,5.159785992217898,162.5,560,53.57142857142857,51,62.745098039215684,0,121.869675,377.0554233766822,261.2994084000406,5.21,5.579182879377436,175.0,560,55.892857142857146,51,62.745098039215684,0,121.33075,348.7115109669768,241.65707710011475,4.96,5.998579766536963,187.5,560,58.57142857142858,51,66.66666666666666,0,120.791825,324.33098625809623,224.76137347686054,4.71,6.4179766536965,200.0,560,61.42857142857143,51,72.54901960784314,0,120.2529,303.1368602296564,210.07384413915173,4.46,,,,,,,,,,,,,,,,,,,,,,,,,,,,,,,,,,,,,,,,,,,,,,,,,,,,,,,,,,,,,,,,,,,,,,,,,,,,,,,,,,,,,,,,,,,,,,,,,,,,,,,,,,,,,,,,,,,,,,,,,,,,,,,,,,,,,,,,,,,,,,,
RIO,Rio Tinto Plc,Watchlist,Basic Materials,94.41,2.1714,92.84,2026-09-28,0,4,Tief1→2: 162/426 (38 %) · Tief2→3: 75/162 (46 %) · Tief3→4: 41/75 (55 %) · »Tief4→5: 17/41 (41 %)« · Tief5→6: 8/17 (20 % kum. ab Tief4) · Tief6→7: 2/8 (5 % kum. ab Tief4) · Tief7→8: 1/2 (2 % kum. ab Tief4),36.39,18.58,47.03,40.07,41,9.6,alt,,50.0,10,102.0,96.89999999999999,6.45,23.0,2.16,68.82:72;71.53:53;73.70:38;80.76:43;85.10:55;89.45:61;93.79:89;96.50:90;99.22:100;104.65:51,50.92:3:2025-04-11;53.21:2:2022-09-09;55.64:2:2025-06-27;57.85:9:2025-08-01;60.08:9:2025-08-22;62.87:5:2024-10-25;65.13:2:2024-07-05;67.50:5:2025-11-21;70.25:1:2022-02-04;73.61:1:2022-02-25;82.35:1:2026-03-20;86.72:1:2026-07-10;94.09:1:2026-02-20;96.37:2:2026-06-12;99.72:1:2026-05-22,41,11.82,14.562,15.717,nicht erfasst - bitte Screenshot,"Quote 99 % (2487/2515), Median 1 Tag. 10 offen (letzte 364 T) — abwärts: 3 Tage alt (über Kurs), binnen 30 Tagen zu 72 %; 10 Tage alt (über Kurs), binnen 30 Tagen zu 54 %; 12 Tage alt (über Kurs), binnen 30 Tagen zu 52 %; 79 Tage alt (über Kurs), binnen 30 Tagen zu 26 %; 80 Tage alt (über Kurs), binnen 30 Tagen zu 26 %. aufwärts: 184 Tage alt (unter Kurs), binnen 26 Tagen zu 7 %; 191 Tage alt (unter Kurs), binnen 26 Tagen zu 7 %; 194 Tage alt (unter Kurs), binnen 26 Tagen zu 8 %; 204 Tage alt (unter Kurs), binnen 26 Tagen zu 7 %; 209 Tage alt (unter Kurs), binnen 26 Tagen zu 4 %.",,,,2.5,"93,8 · 89,5 · KO 87,4 · 85,1 (1,1 ATR)","94,1 · KO 87,4 · 86,7 (0,3 ATR)",35.579052654140135,108.45181110237925,raus - Analysten 50 %,,8.412,74.5741832,21.01029213007097,470.6,95.1219512195122,41,90.02732240437157,732,11.821,67.17188060000001,28.850883804681697,641.05,97.5609756097561,41,95.08196721311475,732,12.55304999590435,38.26411625257601,9.141600282433581,27.865359897056646,,,,,,,,,,,,,,,,,,,,,,,,,,,,,,,,,,,,,,,,,,,,,,,,,,,,,,,,5.112911767821192,125.0,732,42.349726775956285,41,51.21951219512195,0,89.58290000000001,157.23726461022193,51.58376665078415,6.91,5.687903823747472,137.5,732,45.21857923497268,41,51.21951219512195,0,89.04005000000001,141.34209815733888,46.369146826320545,6.66,6.262895879673754,150.0,732,47.950819672131146,41,56.09756097560976,0,88.4972,128.36557975916682,42.112028142335255,6.41,6.837887935600033,162.5,732,50.0,41,56.09756097560976,0,87.95435,117.57142967787928,38.57086428167572,6.16,7.412879991526314,175.0,732,53.68852459016394,41,63.41463414634146,1,87.4115,108.45181110237925,35.579052654140135,5.91,7.987872047452595,187.5,732,56.01092896174863,41,68.29268292682927,0,86.86865,100.64510996041835,33.017960975156925,5.66,8.562864103378875,200.0,732,59.01639344262295,41,75.60975609756098,0,86.3258,93.88684099849097,30.800821355236092,5.41,9.137856159305155,212.5,732,61.20218579234973,41,78.04878048780488,0,85.78295,87.97908902811513,28.86270509617999,5.16,9.712848215231435,225.0,732,63.114754098360656,41,78.04878048780488,0,85.2401,82.77080447987443,27.154058386678102,4.91,,,,,,,,,,,,,,,,,,,,,,,,,,,,,,,,,,,,,,,,,,,,,,,,,,,,,,,,,,,,,,,,,,,,,,,,,,,,,,,,,,,,,,,,,,,,,,,,,,,,,,,,,,,,,,,,,,,,,,,,,
ROP,"Roper Technologies, Inc.",NASDAQ,Technology,354.0,9.2857,348.77,2026-09-28,0,3,Tief1→2: 133/354 (38 %) · Tief2→3: 44/133 (33 %) · »Tief3→4: 15/44 (34 %)« · Tief4→5: 6/15 (14 % kum. ab Tief3) · Tief5→6: 1/6 (2 % kum. ab Tief3) · Tief6→7: 1/1 (2 % kum. ab Tief3),27.48,23.38,56.62,43.22,44,12.4,alt,,40.0,5,422.0,400.9,8.7,16.0,2.09,323.37:27;332.66:59;353.55:100;409.26:21;446.41:53,305.96:3:2026-05-29;320.11:1:2026-06-26;335.50:2:2026-07-24;356.22:2:2022-10-14;369.51:1:2022-06-17;402.06:1:2022-05-20;416.78:5:2023-03-17;430.61:2:2022-03-18;441.06:1:2023-05-26;459.58:2:2021-12-24;474.46:3:2023-10-27;489.93:2:2025-09-26;499.47:2:2025-01-17;513.87:4:2025-08-15;524.32:2:2024-05-31;534.91:1:2025-04-25;549.24:2:2025-06-20;559.60:2:2025-03-14,44,9.133,10.013,15.203,nicht erfasst - bitte Screenshot,"Quote 99 % (911/924), Median 0 Tag. 5 offen (letzte 364 T) — abwärts: 0 Tage alt (über Kurs), binnen 5 Tagen zu 89 %; 8 Tage alt (über Kurs), binnen 5 Tagen zu 32 %; 9 Tage alt (über Kurs), binnen 5 Tagen zu 31 %; 14 Tage alt (über Kurs), binnen 5 Tagen zu 15 %; 232 Tage alt (über Kurs), binnen 5 Tagen zu 0 %.",,,,1.5,"354 · KO 335 · 333 (0,2 ATR)","336 (2x) · KO 335 · 320 (1,6 ATR)",244.79931936393933,354.93291506925124,raus - Analysten 40 %,,7.288,281.0958184,20.594401581920906,414.40000000000003,93.18181818181817,44,90.07220216606498,554,9.963,256.2565709,27.611138163841815,548.15,97.72727272727273,44,95.30685920577618,554,64.33101499900792,93.27311343139745,47.98276511459119,69.56989398277616,,,,,,,,,,,,2.7889406779661097,75.0,554,34.83754512635379,44,36.36363636363637,0,344.12715,688.7575522772026,475.04013532059986,6.79,3.4447104519774023,87.5,554,38.08664259927797,44,40.909090909090914,0,341.805725,557.6387280096601,384.6067109360742,6.54,4.100480225988711,100.0,554,40.974729241877256,44,40.909090909090914,0,339.48429999999996,468.4582899894584,323.0984382427293,6.29,4.756250000000004,112.5,554,44.765342960288805,44,47.72727272727273,0,337.162875,403.86942545119757,278.55111843619346,6.04,5.412019774011297,125.0,554,49.81949458483754,44,63.63636363636363,1,334.84145,354.93291506925124,244.79931936393933,5.79,6.067789548022605,137.5,554,53.97111913357401,44,68.18181818181817,0,332.520025,316.57392524898154,218.34289844378273,5.54,6.723559322033898,150.0,554,57.5812274368231,44,75.0,0,330.1986,285.6974799801692,197.04723251573427,5.29,7.379329096045208,162.5,554,60.83032490974729,44,75.0,0,327.87717499999997,260.30875297752027,179.53647815655432,5.04,8.035098870056501,175.0,554,63.898916967509024,44,75.0,0,325.55575,239.06413422747997,164.88393963630597,4.79,,,,,,,,,,,,,,,,,,,,,,,,,,,,,,,,,,,,,,,,,,,,,,,,,,,,,,,,,,,,,,,,,,,,,,,,,,,,,,,,,,,,,,,,,,,,,,,,,,,,,,,,,,,,,,,,,,,,,,,,,,,,,,,,,,,,,,,,,,,,,,,,,,,,,,,,,,,,,,,,,,,,,
SONY,Sony Group Corporation,Watchlist,Technology,23.33,0.435,23.17,2026-09-28,0,4.0,Tief1→2: 147/386 (38 %) · Tief2→3: 69/147 (47 %) · Tief3→4: 38/69 (55 %) · »Tief4→5: 26/38 (68 %)« · Tief5→6: 11/26 (29 % kum. ab Tief4) · Tief6→7: 8/11 (21 % kum. ab Tief4) · Tief7→8: 5/8 (13 % kum. ab Tief4) · Tief8→9: 3/5 (8 % kum. ab Tief4) · Tief9→10: 1/3 (3 % kum. ab Tief4) · Tief10→11: 1/1 (3 % kum. ab Tief4) · Tief11→12: 1/1 (3 % kum. ab Tief4),46.6,16.02,47.89,36.71,38,9.8,alt,,75.0,4,31.5,29.924999999999997,5.54,17.0,2.19,20.69:76;21.45:96;22.21:100;23.52:57;25.15:23;25.80:29;27.98:29;28.74:45,12.34:1:2022-10-14;12.79:1:2022-09-30;14.96:2:2024-05-10;15.79:9:2024-08-09;16.24:3:2023-03-17;16.98:1:2024-03-01;17.42:2:2024-10-25;17.95:2:2024-09-06;18.57:2:2023-06-02;19.32:3:2026-06-26;19.85:1:2025-01-17;20.42:4:2026-07-24;21.18:2:2026-05-29;22.68:1:2025-03-14;23.55:3:2025-07-18;24.35:1:2025-05-09;26.59:1:2025-09-05;27.35:1:2025-11-07;27.79:1:2025-10-03,38,18.804,24.147,31.005,nicht erfasst - bitte Screenshot,"Quote 97 % (2325/2393), Median 1 Tag. 16 offen (letzte 364 T) — abwärts: 6 Tage alt (über Kurs), binnen 34 Tagen zu 63 %; 9 Tage alt (über Kurs), binnen 34 Tagen zu 54 %; 15 Tage alt (über Kurs), binnen 34 Tagen zu 44 %; 181 Tage alt (über Kurs), binnen 34 Tagen zu 2 %; 194 Tage alt (über Kurs), binnen 34 Tagen zu 4 %; 195 Tage alt (über Kurs), binnen 34 Tagen zu 2 %; 199 Tage alt (über Kurs), binnen 34 Tagen zu 9 %; 201 Tage alt (über Kurs), binnen 34 Tagen zu 11 %; 202 Tage alt (über Kurs), binnen 34 Tagen zu 11 %; 206 Tage alt (über Kurs), binnen 34 Tagen zu 13 %; 215 Tage alt (über Kurs), binnen 34 Tagen zu 15 %. aufwärts: 1 Tage alt (unter Kurs), binnen 35 Tagen zu 80 %; 36 Tage alt (unter Kurs), binnen 35 Tagen zu 24 %; 44 Tage alt (unter Kurs), binnen 35 Tagen zu 22 %; 60 Tage alt (unter Kurs), binnen 35 Tagen zu 17 %; 63 Tage alt (unter Kurs), binnen 35 Tagen zu 16 %.",,,,5.25,"22,2 · 21,4 · KO 20,9 · 20,7 (0,5 ATR)","22,7 · 21,2 (2x) · KO 20,9 · 20,4 (4x) (1,1 ATR)",269.87212276214854,334.32225063938654,drin,Hauptregel,11.21,18.29365,21.587441063008995,610.5,89.47368421052632,38,90.08620689655173,696,14.699,16.775935,28.092863266180874,784.95,94.73684210526315,38,95.11494252873564,696,130.94800798197107,162.2206558321007,100.62457421462865,124.65546191562038,,,,,,,,,,,,,,,,,,,,,,,,,,,,,,,,,,,,,,,,,,,,,,,,,,,,,,,,,,,,,,,,,,,,,,,,,,,,,,,,,,,,,,,,,,,,,,,,,,,,,,,,,,,,,,,,,,,,,,,,,,,,,,,,,,,,,,,,,,,,,,,,,,,,,,,,,,,,,,,,,,,,,,,,,,,,,,,,,8.61015859408485,262.5,696,61.06321839080459,38,47.368421052631575,0,21.321250000000003,406.7205973864353,328.31362787803425,6.96,9.076296613801956,275.0,696,63.36206896551724,38,55.26315789473685,0,21.212500000000002,385.83234946871386,311.45218417945745,6.71,9.542434633519061,287.5,696,65.22988505747126,38,55.26315789473685,0,21.10375,366.9848399775413,296.2380685008426,6.46,10.008572653236165,300.0,696,66.37931034482759,38,55.26315789473685,0,20.995,349.89293361884415,282.4411134903643,6.21,10.47471067295327,312.5,696,67.95977011494253,38,60.526315789473685,1,20.88625,334.32225063938654,269.87212276214854,5.96,10.940848692670361,325.0,696,69.54022988505747,38,63.1578947368421,0,20.777500000000003,320.0783545543592,258.37414299706217,5.71,11.406986712387464,337.5,696,70.54597701149426,38,63.1578947368421,0,20.668750000000003,306.99859088774133,247.81587599812158,5.46,11.87312473210457,350.0,696,71.98275862068965,38,68.42105263157895,0,20.560000000000002,294.94584837545176,238.0866425992783,5.21,12.339262751821675,362.5,696,73.13218390804597,38,71.05263157894737,0,20.45125,283.8037342596617,229.09248805905364,4.96
TMUS,"T-Mobile US, Inc.",NASDAQ,Communication Services,166.45,5.2443,164.52,2026-09-28,0,2.0,Tief1→2: 111/292 (38 %) · »Tief2→3: 38/111 (34 %)« · Tief3→4: 20/38 (18 % kum. ab Tief2) · Tief4→5: 10/20 (9 % kum. ab Tief2) · Tief5→6: 4/10 (4 % kum. ab Tief2) · Tief6→7: 1/4 (1 % kum. ab Tief2) · Tief7→8: 1/1 (1 % kum. ab Tief2) · Tief8→9: 1/1 (1 % kum. ab Tief2) · Tief9→10: 1/1 (1 % kum. ab Tief2) · Tief10→11: 1/1 (1 % kum. ab Tief2),38.44,21.6,71.99,50.56,111,38.0,alt,,83.0,12,235.0,223.25,5.48,13.0,2.38,167.04:30;181.46:100;186.71:86;197.19:77;207.68:43;215.55:58;228.66:28,101.51:2:2022-01-21;114.69:4:2022-03-11;120.90:4:2023-06-02;129.55:4:2023-08-25;135.82:4:2023-10-06;142.39:2:2023-01-20;153.84:2:2024-03-22;159.14:3:2024-05-10;165.66:2:2026-07-31;173.74:3:2026-08-28;181.36:1:2026-01-23;192.61:1:2024-09-06;199.41:1:2025-11-07;205.33:2:2025-11-28;220.00:1:2025-06-20;225.28:1:2025-07-18;232.83:1:2024-11-22;238.65:1:2025-04-11;248.86:1:2025-08-29,111,8.61,13.876,37.3,nicht erfasst - bitte Screenshot,"Quote 99 % (718/724), Median 0 Tag. 0 offen (letzte 364 T)",,,,2.0,KO 154 (keine darunter),"166 (2x) · 159 (3x) · KO 154 · 154 (2x) (0,0 ATR)",457.37844845634896,551.9945887620197,drin,Hauptregel,7.543,124.96224510000002,24.9250555121658,427.15000000000003,91.8918918918919,111,90.0,480,10.378,110.09465460000001,33.85722162811654,568.9,96.3963963963964,111,95.0,480,136.90786627743034,165.22947593869452,100.78901938555067,121.63886054365314,,,,,,,,,,,,,,,,,,,,,,,,,,,,,,,,,,4.310183238209666,100.0,480,41.458333333333336,111,44.14414414414414,0,159.2757,955.4939157827262,791.7148711372553,6.54,5.0978522078702175,112.5,480,46.041666666666664,111,52.25225225225225,0,157.964625,807.8605836512847,669.3870335724723,6.29,5.885521177530786,125.0,480,48.541666666666664,111,53.153153153153156,0,156.65355,699.7432743493823,579.8018670028434,6.04,6.673190147191338,137.5,480,51.66666666666667,111,57.65765765765766,0,155.342475,617.1491848994275,511.365043067651,5.79,7.460859116851889,150.0,480,55.625,111,62.16216216216216,1,154.03140000000002,551.9945887620197,457.37844845634896,5.54,8.248528086512458,162.5,480,58.12500000000001,111,63.96396396396396,0,152.720325,499.2834863170474,413.7024365106972,5.29,9.03619705617301,175.0,480,59.583333333333336,111,64.86486486486487,0,151.40925000000001,455.76184698236546,377.6407426491372,5.04,9.82386602583358,187.5,480,61.66666666666667,111,66.66666666666666,0,150.098175,419.2192614585837,347.3618388161569,4.79,10.61153499549413,200.0,480,65.0,111,69.36936936936937,0,148.7871,388.1016141177275,321.57799681819,4.54,,,,,,,,,,,,,,,,,,,,,,,,,,,,,,,,,,,,,,,,,,,,,,,,,,,,,,,,,,,,,,,,,,,,,,,,,,,,,,,,,,,,,,,,,,,,,,,,,,,,,,,,,,,,,,,,,,,,,,,,,,,,,,,,,,,,,,,,,,,,,,,
TTWO,"Take-Two Interactive Software,",NASDAQ,Communication Services,202.35,6.5386,199.46,2026-09-28,0,2,Tief1→2: 95/273 (35 %) · »Tief2→3: 46/95 (48 %)« · Tief3→4: 19/46 (20 % kum. ab Tief2) · Tief4→5: 8/19 (8 % kum. ab Tief2) · Tief5→6: 5/8 (5 % kum. ab Tief2) · Tief6→7: 1/5 (1 % kum. ab Tief2) · Tief7→8: 1/1 (1 % kum. ab Tief2) · Tief8→9: 1/1 (1 % kum. ab Tief2) · Tief9→10: 1/1 (1 % kum. ab Tief2) · Tief10→11: 1/1 (1 % kum. ab Tief2),33.94,19.09,69.92,51.17,95,34.8,alt,,100.0,10,290.0,275.5,3.79,10.0,2.41,194.99:38;203.16:48;212.97:90;226.04:41;242.39:100;253.83:56,90.00:1:2022-11-11;97.21:3:2023-01-13;104.13:4:2023-03-17;117.20:5:2023-05-05;130.34:5:2024-08-09;138.19:4:2024-04-26;146.76:3:2024-10-04;153.99:2:2024-06-21;179.00:1:2024-12-20;187.63:3:2026-03-27;197.00:1:2025-03-14;206.00:1:2026-06-12;216.34:1:2025-08-08;227.25:3:2026-08-07,95,9.959,14.376,22.813,nicht erfasst - bitte Screenshot,"Quote 98 % (679/695), Median 0 Tag. 0 offen (letzte 364 T)",,,,2.5,195 · KO 183 (keine darunter),"197 · 188 (3x) · KO 183 · 179 (0,6 ATR)",380.26668052920274,455.6442180230297,drin,Hauptregel,7.527,150.2439578,25.750453274030143,426.35,89.47368421052632,95,90.02217294900223,451,9.382,138.11485480000002,31.744573857178143,519.0999999999999,94.73684210526315,95,95.1219512195122,451,140.3867899220333,168.21465668716635,113.87846913437043,136.45178153967967,,,,,,,,,,,,,,,,,,,,,,,,,,,,,,,,,,,,,,,,,,,,,,,,,,,,,,,,6.275216209537918,125.0,451,47.006651884700666,95,46.31578947368421,0,189.65210000000002,690.2716197166474,576.0795092101855,6.03,7.08304917222634,137.5,451,49.889135254988915,95,51.578947368421055,0,188.01745,611.545049555034,510.3767298910523,5.78,7.890882134914748,150.0,451,53.88026607538803,95,55.78947368421052,0,186.3828,548.9378225361995,458.1266596522875,5.53,8.698715097603156,162.5,451,56.76274944567628,95,55.78947368421052,0,184.74815,497.9590213528696,415.58131673659346,5.28,9.506548060291562,175.0,451,60.532150776053214,95,63.1578947368421,1,183.11350000000002,455.6442180230297,380.26668052920274,5.03,10.31438102297997,187.5,451,62.08425720620843,95,65.26315789473685,0,181.47885000000002,419.95769279603724,350.4838018029678,4.78,11.122213985668393,200.0,451,64.30155210643017,95,68.42105263157895,0,179.8442,389.4551626691788,325.0273262892233,4.53,11.930046948356802,212.5,451,66.96230598669624,95,72.63157894736842,0,178.20955,363.08353821076264,303.0183778678527,4.28,12.73787991104521,225.0,451,68.95787139689578,95,73.68421052631578,0,176.5749,340.0568765979572,283.80103277969846,4.03,,,,,,,,,,,,,,,,,,,,,,,,,,,,,,,,,,,,,,,,,,,,,,,,,,,,,,,,,,,,,,,,,,,,,,,,,,,,,,,,,,,,,,,,,,,,,,,,,,,,,,,,,,,,,,,,,,,,,,,,,
UL,Unilever PLC,Watchlist,Consumer Defensive,62.53,0.8636,61.75,2026-09-28,0,3.0,Tief1→2: 158/426 (37 %) · Tief2→3: 69/158 (44 %) · »Tief3→4: 32/69 (46 %)« · Tief4→5: 18/32 (26 % kum. ab Tief3) · Tief5→6: 10/18 (14 % kum. ab Tief3) · Tief6→7: 3/10 (4 % kum. ab Tief3),47.77,19.92,58.25,45.1,69,16.2,alt,,60.0,5,72.38,68.761,4.76,10.0,2.05,55.72:66;57.88:100;60.04:42;61.98:88;64.36:82;65.22:95;66.52:83;68.24:62;70.62:28;73.43:27,47.79:5:2022-10-14;49.50:3:2022-09-02;51.88:4:2024-04-19;52.84:2:2023-12-15;54.70:4:2026-06-05;55.82:6:2026-05-15;56.98:1:2021-12-03;58.76:1:2021-10-15;59.90:2:2026-07-24;60.98:5:2026-08-21;61.99:1:2025-12-12;63.96:2:2025-04-11;64.94:3:2025-10-10;66.22:1:2025-11-21;67.64:2:2025-05-16;72.26:1:2024-09-20,69,10.535,11.088,14.602,nicht erfasst - bitte Screenshot,"Quote 99 % (2384/2415), Median 1 Tag. 9 offen (letzte 364 T) — abwärts: 142 Tage alt (über Kurs), binnen 23 Tagen zu 3 %; 144 Tage alt (über Kurs), binnen 23 Tagen zu 3 %; 145 Tage alt (über Kurs), binnen 23 Tagen zu 3 %; 148 Tage alt (über Kurs), binnen 23 Tagen zu 3 %. aufwärts: 28 Tage alt (unter Kurs), binnen 22 Tagen zu 24 %; 66 Tage alt (unter Kurs), binnen 22 Tagen zu 15 %; 67 Tage alt (unter Kurs), binnen 22 Tagen zu 14 %; 76 Tage alt (unter Kurs), binnen 22 Tagen zu 6 %; 78 Tage alt (unter Kurs), binnen 22 Tagen zu 6 %.",,,,3.5,"62,0 · 60,0 · KO 58,7 · 57,9 (1,0 ATR)","62,0 · 61,0 (5x) · 59,9 (2x) · 58,8 · KO 58,7 · 57,0 (2,0 ATR)",163.86156840056796,259.0332930100457,raus - Analysten 60 %,,8.93,54.038052,13.580598112905806,496.5,95.65217391304348,69,90.08379888268156,716,11.488,51.828963200000004,17.11344442667519,624.4,97.10144927536231,69,95.11173184357543,716,73.37539042867425,115.99223169995851,58.22800272960463,92.04715565504827,,,,,,,,,,,,,,,,,,,,,,,,,,,,,,,,,,,,,,,,,,,,,,,,,,,,,,,,,,,,,,,,,,,,,,,,,,,,,,,,,,,,,,,,,,,,,,,,,,,,4.700143930913161,175.0,716,49.72067039106145,69,49.275362318840585,0,59.591,335.1480095270498,212.0108880571621,6.43,5.04541819926435,187.5,716,51.536312849162016,69,52.17391304347826,0,59.3751,312.21274842308793,197.50229801261526,6.18,5.3906924676155485,200.0,716,53.351955307262564,69,55.072463768115945,0,59.1592,292.21549780467507,184.85226059095731,5.93,5.735966735966737,212.5,716,55.865921787709496,69,57.971014492753625,0,58.9433,274.62570050464194,173.72515125324097,5.68,6.081241004317924,225.0,716,59.217877094972074,69,60.86956521739131,1,58.7274,259.0332930100457,163.86156840056796,5.43,6.426515272669124,237.5,716,61.1731843575419,69,63.76811594202898,0,58.5115,245.11633694164456,155.0578574094809,5.18,6.77178954102031,250.0,716,62.43016759776536,69,63.76811594202898,0,58.2956,232.6185528055921,147.15189873417705,4.93,7.117063809371499,262.5,716,64.3854748603352,69,65.21739130434783,0,58.0797,221.3333932543873,140.0130328292474,4.68,7.462338077722698,275.0,716,66.34078212290503,69,68.11594202898551,0,57.8638,211.09253782521083,133.53478204963332,4.43,,,,,,,,,,,,,,,,,,,,,,,,,,,,,,,,,,,,,,,,,,,,,,,,,,,,,,,,,,,,,,,,,,,,,,,,,,,,,
WDC,Western Digital Corporation,Watchlist,Technology,453.23,24.8929,432.04,2026-09-28,0,3.0,Tief1→2: 129/344 (38 %) · Tief2→3: 45/129 (35 %) · »Tief3→4: 25/45 (56 %)« · Tief4→5: 16/25 (36 % kum. ab Tief3) · Tief5→6: 6/16 (13 % kum. ab Tief3) · Tief6→7: 3/6 (7 % kum. ab Tief3) · Tief7→8: 1/3 (2 % kum. ab Tief3) · Tief8→9: 1/1 (2 % kum. ab Tief3),48.69,22.78,55.84,41.03,45,13.1,alt,,82.0,11,640.0,608.0,6.94,31.0,2.31,127.39:100;158.50:69;276.75:91;457.22:71;531.90:42,22.47:30:2025-04-11;47.96:4:2024-11-01;132.43:1:2025-11-21;165.47:1:2025-12-19;238.00:2:2026-04-03;407.12:1:2026-09-18;434.00:1:2026-05-22;480.87:1:2026-06-12,45,12.49,16.046,24.475,nicht erfasst - bitte Screenshot,"Quote 98 % (1001/1019), Median 0 Tag. 5 offen (letzte 364 T) — abwärts: 61 Tage alt (über Kurs), binnen 9 Tagen zu 9 %. aufwärts: 104 Tage alt (unter Kurs), binnen 22 Tagen zu 11 %; 119 Tage alt (unter Kurs), binnen 22 Tagen zu 2 %; 123 Tage alt (unter Kurs), binnen 22 Tagen zu 2 %; 228 Tage alt (unter Kurs), binnen 22 Tagen zu 0 %.",,,,3.25,"KO 351 · 277 (3,0 ATR)","434 · 407 · KO 351 · 238 (2x) (4,5 ATR)",151.59866953238463,182.9429702691961,raus - Rendite 152 %,,8.558,219.00656180000001,51.678714604064155,477.9,91.11111111111111,45,90.15817223198594,569,10.952,159.4129592,64.8273593539704,597.6,93.33333333333333,45,95.07908611599298,569,66.0779301975083,79.74009835878158,52.675637729722844,63.56676913342596,,,,,,,,,,,,,,,,,,,,,,,,,,,,,,,,,,,,,,,,,,,,,,,,,,,,,,,,,,,,,,,,,,,,,,,,,,,,,,,,,,,,,,,,,17.03307923129537,162.5,569,52.899824253075565,45,46.666666666666664,0,376.030975,241.93310731579828,200.4818066031274,6.31,18.406162434084244,175.0,569,55.88752196836555,45,53.333333333333336,0,369.80775,223.88511458274016,185.52604371135993,6.06,19.779245636873117,187.5,569,57.46924428822495,45,55.55555555555556,0,363.584525,208.34291970676705,172.64675099328764,5.81,21.15232883966198,200.0,569,59.57820738137083,45,57.77777777777777,0,357.3613,194.81853827161524,161.43955222090213,5.56,22.525412042450853,212.5,569,61.86291739894551,45,60.0,1,351.138075,182.9429702691961,151.59866953238463,5.31,23.898495245239726,225.0,569,63.79613356766256,45,64.44444444444444,0,344.91485,172.43201897426164,142.88859868633332,5.06,25.271578448028585,237.5,569,65.02636203866432,45,64.44444444444444,0,338.69162500000004,163.06325281810575,135.1250181434825,4.81,26.644661650817465,250.0,569,67.13532513181019,45,68.88888888888889,0,332.46840000000003,154.6600906248344,128.1616010387408,4.56,28.017744853606334,262.5,569,68.89279437609842,45,68.88888888888889,0,326.245175,147.0805665165109,121.88070503699949,4.31,,,,,,,,,,,,,,,,,,,,,,,,,,,,,,,,,,,,,,,,,,,,,,,,,,,,,,,,,,,,,,,,,,,,,,,,,,,,,,,,,,,,,,,,
