datum,^GSPC,^NDX,^DJI,^GDAXI
2011-01-03,1271.87,2254.23,11670.75,6989.74
2011-01-04,1270.20,2251.46,11691.18,6975.35
2011-01-05,1276.56,2270.40,11722.89,6939.82
2011-01-06,1273.85,2277.51,11697.31,6981.39
2011-01-07,1271.50,2276.70,11674.76,6947.84
2011-01-10,1269.75,2284.38,11637.45,6857.06
2011-01-11,1274.48,2288.73,11671.88,6941.57
2011-01-12,1285.96,2304.88,11755.44,7068.78
2011-01-13,1283.76,2305.53,11731.90,7075.11
2011-01-14,1293.24,2323.43,11787.38,7075.70
2011-01-17,,,,7078.06
2011-01-18,1295.02,2328.79,11837.93,7143.45
2011-01-19,1281.92,2303.32,11825.29,7082.76
2011-01-20,1280.26,2286.08,11822.80,7024.27
2011-01-21,1283.35,2268.32,11871.84,7062.42
2011-01-24,1290.84,2300.39,11980.52,7067.77
2011-01-25,1291.18,2304.03,11977.19,7059.01
2011-01-26,1296.63,2314.19,11985.44,7127.35
2011-01-27,1299.54,2330.07,11989.83,7155.58
2011-01-28,1276.34,2270.51,11823.70,7102.80
2011-01-31,1286.12,2281.91,11891.93,7077.48
2011-02-01,1307.59,2324.95,12040.16,7184.27
2011-02-02,1304.03,2321.09,12041.97,7183.67
2011-02-03,1307.10,2323.07,12062.26,7193.68
2011-02-04,1310.87,2338.20,12092.15,7216.21
2011-02-07,1319.05,2349.20,12161.63,7283.62
2011-02-08,1324.57,2363.61,12233.15,7323.24
2011-02-09,1320.88,2360.95,12239.89,7320.90
2011-02-10,1321.87,2364.35,12229.29,7340.28
2011-02-11,1329.15,2379.15,12273.26,7371.20
2011-02-14,1332.32,2385.60,12268.19,7396.63
2011-02-15,1328.01,2381.92,12226.64,7400.04
2011-02-16,1336.32,2397.94,12288.17,7414.30
2011-02-17,1340.43,2397.57,12318.14,7405.51
2011-02-18,1343.01,2392.47,12391.25,7426.81
2011-02-21,,,,7321.81
2011-02-22,1315.44,2322.86,12212.79,7318.35
2011-02-23,1307.40,2300.94,12105.78,7194.60
2011-02-24,1306.10,2313.31,12068.50,7130.50
2011-02-25,1319.88,2346.29,12130.45,7185.17
2011-02-28,1327.22,2350.99,12226.34,7272.32
2011-03-01,1306.33,2315.26,12058.02,7223.30
2011-03-02,1308.44,2326.77,12066.80,7181.12
2011-03-03,1330.97,2371.76,12258.20,7225.96
2011-03-04,1321.15,2359.96,12169.88,7178.90
2011-03-07,1310.13,2328.07,12090.03,7161.93
2011-03-08,1321.82,2337.55,12214.38,7164.75
2011-03-09,1320.02,2322.69,12213.09,7131.80
2011-03-10,1295.11,2284.29,11984.61,7063.09
2011-03-11,1304.28,2299.26,12044.40,6981.49
2011-03-14,1296.39,2290.72,11993.16,6866.63
2011-03-15,1281.87,2259.62,11855.42,6647.66
2011-03-16,1256.88,2202.97,11613.30,6513.84
2011-03-17,1273.72,2225.24,11774.59,6656.88
2011-03-18,1279.21,2221.07,11858.52,6664.40
2011-03-21,1298.38,2262.70,12036.53,6816.12
2011-03-22,1293.77,2257.96,12018.63,6780.97
2011-03-23,1297.54,2270.50,12086.02,6804.45
2011-03-24,1309.66,2312.09,12170.56,6933.58
2011-03-25,1313.80,2316.36,12220.59,6946.36
2011-03-28,1310.19,2303.10,12197.88,6938.63
2011-03-29,1319.44,2325.54,12279.01,6934.44
2011-03-30,1328.26,2336.52,12350.61,7057.15
2011-03-31,1325.83,2338.99,12319.73,7041.31
2011-04-01,1332.41,2342.92,12376.72,7179.81
2011-04-04,1332.87,2334.54,12400.03,7175.33
2011-04-05,1332.63,2327.87,12393.90,7175.31
2011-04-06,1335.54,2332.34,12426.75,7215.11
2011-04-07,1333.51,2332.88,12409.49,7178.78
2011-04-08,1328.17,2321.18,12380.05,7217.02
2011-04-11,1324.46,2314.50,12381.11,7204.86
2011-04-12,1314.16,2298.30,12263.58,7102.91
2011-04-13,1314.41,2316.63,12270.99,7177.97
2011-04-14,1314.52,2311.25,12285.15,7146.56
2011-04-15,1319.68,2307.58,12341.83,7178.29
2011-04-18,1305.14,2292.34,12201.59,7026.85
2011-04-19,1312.62,2306.77,12266.75,7039.31
2011-04-20,1330.36,2357.76,12453.54,7249.19
2011-04-21,1337.38,2377.30,12505.99,7295.49
2011-04-25,1335.25,2383.72,12479.88,
2011-04-26,1347.24,2396.03,12595.37,7356.51
2011-04-27,1355.66,2413.59,12690.96,7404.95
2011-04-28,1360.48,2409.90,12763.31,7475.22
2011-04-29,1363.61,2404.08,12810.54,7514.46
2011-05-02,1361.22,2404.24,12807.36,7527.64
2011-05-03,1356.62,2392.80,12807.51,7500.70
2011-05-04,1347.32,2387.51,12723.58,7373.93
2011-05-05,1335.10,2375.21,12584.17,7376.96
2011-05-06,1340.20,2383.18,12638.74,7492.25
2011-05-09,1346.29,2390.97,12684.68,7410.52
2011-05-10,1357.16,2411.35,12760.36,7501.52
2011-05-11,1342.08,2393.08,12630.03,7495.05
2011-05-12,1348.65,2407.89,12695.92,7443.95
2011-05-13,1337.77,2379.24,12595.75,7403.31
2011-05-16,1329.47,2337.85,12548.37,7387.54
2011-05-17,1328.98,2343.51,12479.58,7256.65
2011-05-18,1340.68,2362.95,12560.18,7303.53
2011-05-19,1343.60,2369.67,12605.32,7358.23
2011-05-20,1333.27,2351.43,12512.04,7266.82
2011-05-23,1317.37,2316.78,12381.26,7121.52
2011-05-24,1316.28,2303.55,12356.21,7150.66
2011-05-25,1320.47,2310.95,12394.66,7170.94
2011-05-26,1325.69,2325.93,12402.76,7114.09
2011-05-27,1331.10,2336.09,12441.58,7163.47
2011-05-30,,,,7160.30
2011-05-31,1345.20,2372.54,12569.79,7293.69
2011-06-01,1314.55,2322.48,12290.14,7217.43
2011-06-02,1312.94,2326.70,12248.55,7074.12
2011-06-03,1300.16,2292.31,12151.26,7109.03
2011-06-06,1286.17,2274.48,12089.96,7084.57
2011-06-07,1284.94,2268.96,12070.81,7103.25
2011-06-08,1279.56,2252.89,12048.94,7060.23
2011-06-09,1289.00,2256.65,12124.36,7159.66
2011-06-10,1270.98,2221.09,11951.91,7069.90
2011-06-13,1271.83,2222.28,11952.97,7085.14
2011-06-14,1287.87,2250.34,12076.11,7204.79
2011-06-15,1265.42,2209.01,11897.27,7115.08
2011-06-16,1267.64,2199.93,11961.52,7110.20
2011-06-17,1271.50,2192.96,12004.36,7164.05
2011-06-20,1278.36,2204.36,12080.38,7150.21
2011-06-21,1295.52,2251.82,12190.01,7285.51
2011-06-22,1287.14,2235.75,12109.67,7278.19
2011-06-23,1283.50,2255.05,12050.00,7149.44
2011-06-24,1268.45,2217.06,11934.58,7121.38
2011-06-27,1280.10,2252.24,12043.56,7107.90
2011-06-28,1296.67,2285.75,12188.69,7170.43
2011-06-29,1307.41,2294.43,12261.42,7294.14
2011-06-30,1320.64,2325.07,12414.34,7376.24
2011-07-01,1339.67,2361.39,12582.77,7419.44
2011-07-04,,,,7442.96
2011-07-05,1337.88,2371.21,12569.87,7439.44
2011-07-06,1339.22,2378.58,12626.02,7431.19
2011-07-07,1353.22,2412.89,12719.49,7471.44
2011-07-08,1343.80,2405.89,12657.20,7402.73
2011-07-11,1319.49,2362.00,12505.76,7230.25
2011-07-12,1313.64,2343.79,12446.88,7174.14
2011-07-13,1317.72,2352.43,12491.61,7267.87
2011-07-14,1308.87,2325.06,12437.12,7214.74
2011-07-15,1316.14,2356.67,12479.73,7220.12
2011-07-18,1305.44,2344.01,12385.16,7107.92
2011-07-19,1326.73,2398.17,12587.42,7192.67
2011-07-20,1325.84,2387.80,12571.91,7221.36
2011-07-21,1343.80,2404.24,12724.41,7290.14
2011-07-22,1345.02,2429.50,12681.16,7326.39
2011-07-25,1337.43,2424.15,12592.80,7344.54
2011-07-26,1331.94,2429.45,12501.30,7349.45
2011-07-27,1304.89,2367.16,12302.55,7252.68
2011-07-28,1300.67,2371.77,12240.11,7190.06
2011-07-29,1292.28,2362.81,12143.24,7158.77
2011-08-01,1286.94,2354.05,12132.49,6953.98
2011-08-02,1254.05,2292.85,11866.62,6796.75
2011-08-03,1260.34,2312.78,11896.44,6640.59
2011-08-04,1200.07,2207.20,11383.68,6414.76
2011-08-05,1199.38,2194.38,11444.61,6236.16
2011-08-08,1119.46,2060.29,10809.85,5923.27
2011-08-09,1172.53,2160.79,11239.77,5917.08
2011-08-10,1120.76,2073.09,10719.94,5613.42
2011-08-11,1172.64,2167.07,11143.31,5797.66
2011-08-12,1178.81,2182.05,11269.02,5997.74
2011-08-15,1204.49,2214.12,11482.90,6022.24
2011-08-16,1192.76,2194.27,11405.93,5994.90
2011-08-17,1193.89,2181.62,11410.21,5948.94
2011-08-18,1140.65,2073.03,10990.58,5602.80
2011-08-19,1123.53,2038.22,10817.65,5480.00
2011-08-22,1123.82,2044.73,10854.65,5473.78
2011-08-23,1162.35,2129.27,11176.76,5532.38
2011-08-24,1177.60,2145.04,11320.71,5681.08
2011-08-25,1159.27,2108.21,11149.82,5584.14
2011-08-26,1176.80,2161.97,11284.54,5537.48
2011-08-29,1210.08,2223.96,11539.25,5670.07
2011-08-30,1212.92,2237.69,11559.95,5643.92
2011-08-31,1218.89,2241.01,11613.53,5784.85
2011-09-01,1204.42,2219.05,11493.57,5730.63
2011-09-02,1173.97,2167.83,11240.26,5538.33
2011-09-05,,,,5246.18
2011-09-06,1165.24,2167.60,11139.30,5193.97
2011-09-07,1198.62,2223.75,11414.86,5405.53
2011-09-08,1185.90,2214.29,11295.81,5408.46
2011-09-09,1154.23,2163.66,10992.13,5189.93
2011-09-12,1162.27,2191.84,11061.12,5072.33
2011-09-13,1172.87,2220.58,11105.85,5166.36
2011-09-14,1188.68,2252.75,11246.73,5340.19
2011-09-15,1209.11,2286.56,11433.18,5508.24
2011-09-16,1216.01,2306.09,11509.09,5573.51
2011-09-19,1204.09,2308.76,11401.01,5415.91
2011-09-20,1202.09,2295.89,11408.66,5571.68
2011-09-21,1166.76,2258.30,11124.84,5433.80
2011-09-22,1129.56,2184.59,10733.83,5164.21
2011-09-23,1136.43,2206.86,10771.48,5196.56
2011-09-26,1162.95,2234.28,11043.86,5345.56
2011-09-27,1175.38,2253.55,11190.69,5628.44
2011-09-28,1151.06,2220.84,11010.90,5578.42
2011-09-29,1160.40,2197.68,11153.98,5639.58
2011-09-30,1131.42,2139.18,10913.38,5502.02
2011-10-03,1099.23,2085.04,10655.30,
2011-10-04,1123.95,2129.21,10808.71,5216.71
2011-10-05,1144.03,2182.77,10939.95,5473.03
2011-10-06,1164.97,2217.99,11123.33,5645.25
2011-10-07,1155.46,2202.76,11103.12,5675.70
2011-10-10,1194.89,2278.65,11433.18,5847.29
2011-10-11,1195.54,2294.92,11416.30,5865.01
2011-10-12,1207.25,2307.18,11518.85,5994.47
2011-10-13,1203.66,2326.88,11478.13,5914.84
2011-10-14,1224.58,2371.94,11644.49,5967.20
2011-10-17,1200.86,2334.38,11397.00,5859.43
2011-10-18,1225.38,2364.87,11577.05,5877.41
2011-10-19,1209.88,2316.81,11504.62,5913.53
2011-10-20,1215.39,2306.29,11541.78,5766.48
2011-10-21,1238.25,2335.93,11808.79,5970.96
2011-10-24,1254.19,2384.42,11913.62,6055.27
2011-10-25,1229.05,2335.87,11706.62,6046.75
2011-10-26,1242.00,2334.79,11869.04,6016.07
2011-10-27,1284.59,2399.83,12208.55,6337.84
2011-10-28,1285.09,2401.29,12231.11,6346.19
2011-10-31,1253.30,2360.08,11955.01,6141.34
2011-11-01,1218.28,2298.37,11657.96,5834.51
2011-11-02,1237.90,2318.32,11836.04,5965.63
2011-11-03,1261.15,2367.71,12044.47,6133.18
2011-11-04,1253.23,2356.32,11983.24,5966.16
2011-11-07,1261.12,2371.04,12068.39,5928.68
2011-11-08,1275.92,2400.01,12170.18,5961.44
2011-11-09,1229.10,2314.10,11780.94,5829.54
2011-11-10,1239.70,2312.07,11893.86,5867.81
2011-11-11,1263.85,2355.78,12153.68,6057.03
2011-11-14,1251.78,2341.32,12078.98,5985.02
2011-11-15,1257.81,2366.24,12096.16,5933.14
2011-11-16,1236.91,2324.37,11905.59,5913.36
2011-11-17,1216.13,2272.09,11770.73,5850.17
2011-11-18,1215.65,2253.95,11796.16,5800.24
2011-11-21,1192.98,2211.14,11547.31,5606.00
2011-11-22,1188.04,2216.33,11493.72,5537.39
2011-11-23,1161.79,2166.54,11257.55,5457.77
2011-11-24,,,,5428.11
2011-11-25,1158.67,2150.88,11231.65,5492.87
2011-11-28,1192.55,2224.22,11523.01,5745.33
2011-11-29,1195.19,2211.39,11555.63,5799.91
2011-11-30,1246.96,2295.20,12045.68,6088.84
2011-12-01,1244.58,2309.20,12020.03,6035.88
2011-12-02,1244.28,2302.04,12019.42,6080.68
2011-12-05,1257.08,2326.95,12097.83,6106.09
2011-12-06,1258.47,2321.49,12150.13,6028.82
2011-12-07,1261.01,2320.54,12196.37,5994.73
2011-12-08,1234.35,2282.59,11997.70,5874.44
2011-12-09,1255.19,2318.68,12184.26,5986.71
2011-12-12,1236.47,2292.24,12021.39,5785.43
2011-12-13,1225.73,2268.37,11954.94,5774.26
2011-12-14,1211.82,2233.03,11823.48,5675.14
2011-12-15,1215.75,2226.71,11868.81,5730.62
2011-12-16,1219.66,2238.18,11866.39,5701.78
2011-12-19,1205.35,2215.27,11766.26,5670.71
2011-12-20,1241.30,2281.94,12103.58,5847.03
2011-12-21,1243.72,2249.03,12107.74,5791.53
2011-12-22,1254.00,2266.77,12169.65,5852.18
2011-12-23,1265.33,2287.57,12294.00,5878.93
2011-12-27,1265.43,2293.12,12291.35,5889.76
2011-12-28,1249.64,2267.08,12151.41,5771.27
2011-12-29,1263.02,2285.07,12287.04,5848.78
2011-12-30,1257.60,2277.83,12217.56,5898.35
2012-01-02,,,,6075.52
2012-01-03,1277.06,2321.96,12397.38,6166.57
2012-01-04,1277.30,2329.71,12418.42,6111.55
2012-01-05,1281.06,2348.98,12415.70,6095.99
2012-01-06,1277.81,2356.17,12359.92,6057.92
2012-01-09,1280.70,2350.65,12392.69,6017.23
2012-01-10,1292.08,2367.38,12462.47,6162.98
2012-01-11,1292.48,2372.25,12449.45,6152.34
2012-01-12,1295.50,2381.99,12471.02,6179.21
2012-01-13,1289.09,2371.98,12422.06,6143.08
2012-01-16,,,,6220.01
2012-01-17,1293.67,2393.24,12482.07,6332.93
2012-01-18,1308.04,2425.96,12578.95,6354.57
2012-01-19,1314.50,2441.70,12623.98,6416.26
2012-01-20,1315.38,2437.02,12720.48,6404.39
2012-01-23,1316.00,2437.22,12708.82,6436.62
2012-01-24,1314.65,2433.96,12675.75,6419.22
2012-01-25,1326.06,2465.66,12758.85,6421.85
2012-01-26,1318.43,2454.63,12734.63,6539.85
2012-01-27,1316.33,2461.77,12660.46,6511.98
2012-01-30,1313.01,2465.32,12653.72,6444.45
2012-01-31,1312.41,2467.95,12632.91,6458.91
2012-02-01,1324.09,2488.18,12716.46,6616.64
2012-02-02,1325.54,2495.83,12705.41,6655.63
2012-02-03,1344.90,2529.17,12862.23,6766.67
2012-02-06,1344.33,2528.30,12845.13,6764.83
2012-02-07,1347.05,2532.06,12878.20,6754.20
2012-02-08,1349.96,2545.72,12883.95,6748.76
2012-02-09,1351.95,2563.93,12890.46,6788.80
2012-02-10,1342.64,2547.32,12801.23,6692.96
2012-02-13,1351.77,2569.49,12874.04,6738.47
2012-02-14,1350.50,2575.24,12878.28,6728.19
2012-02-15,1343.23,2556.01,12780.95,6757.94
2012-02-16,1358.04,2592.29,12904.08,6751.96
2012-02-17,1361.23,2584.24,12949.87,6848.03
2012-02-20,,,,6948.25
2012-02-21,1362.21,2590.24,12965.69,6908.18
2012-02-22,1357.66,2579.78,12938.67,6843.87
2012-02-23,1363.46,2594.93,12984.69,6809.46
2012-02-24,1365.74,2604.21,12982.95,6864.43
2012-02-27,1367.59,2606.76,12981.51,6849.60
2012-02-28,1372.18,2633.46,13005.12,6887.63
2012-02-29,1365.68,2623.10,12952.07,6856.08
2012-03-01,1374.09,2643.54,12980.30,6941.77
2012-03-02,1369.63,2641.58,12977.57,6921.37
2012-03-05,1364.33,2614.92,12962.81,6866.46
2012-03-06,1343.36,2588.95,12759.15,6633.11
2012-03-07,1352.63,2607.85,12837.33,6671.11
2012-03-08,1365.91,2637.18,12907.94,6834.54
2012-03-09,1370.87,2646.85,12922.02,6880.21
2012-03-12,1371.09,2646.85,12959.71,6901.35
2012-03-13,1395.95,2697.43,13177.68,6995.91
2012-03-14,1394.28,2708.41,13194.10,7079.42
2012-03-15,1402.60,2714.79,13252.76,7144.45
2012-03-16,1404.17,2712.78,13232.62,7157.82
2012-03-19,1409.75,2733.26,13239.13,7154.22
2012-03-20,1405.52,2737.63,13170.19,7054.94
2012-03-21,1402.89,2736.88,13124.62,7071.32
2012-03-22,1392.78,2731.50,13046.14,6981.26
2012-03-23,1397.11,2728.55,13080.73,6995.62
2012-03-26,1416.51,2778.02,13241.63,7079.23
2012-03-27,1412.52,2782.12,13197.73,7078.90
2012-03-28,1405.54,2770.97,13126.21,6998.80
2012-03-29,1403.28,2762.05,13145.82,6875.15
2012-03-30,1408.47,2755.27,13212.04,6946.83
2012-04-02,1419.04,2784.42,13264.49,7056.65
2012-04-03,1413.38,2782.78,13199.55,6982.28
2012-04-04,1398.96,2745.00,13074.75,6784.06
2012-04-05,1398.08,2762.50,13060.14,6775.26
2012-04-09,1382.20,2739.98,12929.59,
2012-04-10,1358.59,2695.12,12715.93,6606.43
2012-04-11,1368.71,2708.13,12805.39,6674.73
2012-04-12,1387.57,2740.26,12986.58,6743.24
2012-04-13,1370.26,2698.99,12849.59,6583.90
2012-04-16,1369.57,2670.10,12921.41,6625.19
2012-04-17,1390.78,2723.58,13115.54,6801.00
2012-04-18,1385.14,2716.14,13032.75,6732.03
2012-04-19,1376.92,2686.82,12964.10,6671.22
2012-04-20,1378.53,2676.04,13029.26,6750.12
2012-04-23,1366.94,2653.50,12927.17,6523.00
2012-04-24,1371.97,2638.73,13001.56,6590.41
2012-04-25,1390.69,2709.62,13090.72,6704.50
2012-04-26,1399.98,2725.23,13204.62,6739.90
2012-04-27,1403.36,2741.34,13228.31,6801.32
2012-04-30,1397.91,2723.68,13213.63,6761.19
2012-05-01,1405.82,2726.92,13279.32,
2012-05-02,1402.31,2734.77,13268.57,6710.77
2012-05-03,1391.57,2704.59,13206.59,6694.44
2012-05-04,1369.10,2637.92,13038.27,6561.47
2012-05-07,1369.58,2639.28,13008.53,6569.48
2012-05-08,1363.72,2629.87,12932.09,6444.74
2012-05-09,1354.58,2621.35,12835.06,6475.31
2012-05-10,1357.99,2616.24,12855.04,6518.00
2012-05-11,1353.39,2615.98,12820.60,6579.93
2012-05-14,1338.35,2590.28,12695.35,6451.97
2012-05-15,1330.66,2580.75,12632.00,6401.06
2012-05-16,1324.80,2561.56,12598.55,6384.26
2012-05-17,1304.86,2509.05,12442.49,6308.96
2012-05-18,1295.22,2478.53,12369.38,6271.22
2012-05-21,1315.99,2545.43,12504.48,6331.04
2012-05-22,1316.63,2539.20,12502.81,6435.60
2012-05-23,1318.86,2547.08,12496.15,6285.75
2012-05-24,1320.68,2531.35,12529.75,6315.89
2012-05-25,1317.82,2527.05,12454.83,6339.94
2012-05-28,,,,6323.19
2012-05-29,1332.42,2558.97,12580.69,6396.84
2012-05-30,1313.32,2537.40,12419.86,6280.80
2012-05-31,1310.33,2524.87,12393.45,6264.38
2012-06-01,1278.04,2458.83,12118.57,6050.29
2012-06-04,1278.18,2478.13,12101.46,5978.23
2012-06-05,1285.50,2487.50,12127.95,5969.40
2012-06-06,1315.13,2546.32,12414.79,6093.99
2012-06-07,1314.99,2535.41,12460.96,6144.22
2012-06-08,1325.66,2559.21,12554.20,6130.82
2012-06-11,1308.93,2517.18,12411.23,6141.05
2012-06-12,1324.18,2546.20,12573.80,6161.24
2012-06-13,1314.88,2527.44,12496.38,6152.49
2012-06-14,1329.10,2539.97,12651.91,6138.61
2012-06-15,1342.84,2571.23,12767.17,6229.41
2012-06-18,1344.78,2592.52,12741.82,6248.20
2012-06-19,1357.98,2620.83,12837.33,6363.36
2012-06-20,1355.69,2623.33,12824.39,6392.13
2012-06-21,1325.51,2556.96,12573.57,6343.13
2012-06-22,1335.02,2585.53,12640.78,6263.25
2012-06-25,1313.72,2533.54,12502.66,6132.39
2012-06-26,1319.99,2549.84,12534.67,6136.69
2012-06-27,1331.85,2565.53,12627.01,6228.99
2012-06-28,1329.04,2536.65,12602.26,6149.91
2012-06-29,1362.16,2615.72,12880.09,6416.28
2012-07-02,1365.51,2625.03,12871.39,6496.08
2012-07-03,1374.02,2645.84,12943.66,6578.21
2012-07-04,,,,6564.80
2012-07-05,1367.58,2647.47,12896.67,6535.56
2012-07-06,1354.68,2612.29,12772.47,6410.11
2012-07-09,1352.46,2610.31,12736.29,6387.57
2012-07-10,1341.47,2585.52,12653.12,6438.33
2012-07-11,1341.45,2570.99,12604.53,6453.85
2012-07-12,1334.76,2545.30,12573.27,6419.35
2012-07-13,1356.78,2584.97,12777.09,6557.10
2012-07-16,1353.64,2577.05,12727.21,6565.72
2012-07-17,1363.67,2591.65,12805.54,6577.64
2012-07-18,1372.78,2625.87,12908.70,6684.42
2012-07-19,1376.51,2655.81,12943.36,6758.39
2012-07-20,1362.66,2618.04,12822.57,6630.02
2012-07-23,1350.52,2589.93,12721.46,6419.33
2012-07-24,1338.31,2567.46,12617.32,6390.41
2012-07-25,1337.89,2549.20,12676.05,6406.52
2012-07-26,1360.02,2584.85,12887.93,6582.96
2012-07-27,1385.97,2647.03,13075.66,6689.40
2012-07-30,1385.30,2642.12,13073.01,6774.06
2012-07-31,1379.32,2642.53,13008.68,6772.26
2012-08-01,1375.32,2635.13,12976.13,6754.46
2012-08-02,1365.00,2625.52,12878.88,6606.09
2012-08-03,1390.99,2676.00,13096.17,6865.66
2012-08-06,1394.23,2694.09,13117.51,6918.72
2012-08-07,1401.35,2717.16,13168.60,6967.95
2012-08-08,1402.22,2714.02,13175.64,6966.15
2012-08-09,1402.80,2719.61,13165.19,6964.99
2012-08-10,1405.87,2722.96,13207.95,6944.56
2012-08-13,1404.11,2728.68,13169.43,6909.68
2012-08-14,1403.93,2727.79,13172.14,6974.39
2012-08-15,1405.53,2735.47,13164.78,6946.80
2012-08-16,1415.51,2768.09,13250.11,6996.29
2012-08-17,1418.16,2780.30,13275.20,7040.88
2012-08-20,1418.13,2784.33,13271.64,7033.68
2012-08-21,1413.17,2772.20,13203.58,7089.32
2012-08-22,1413.49,2783.42,13172.76,7017.75
2012-08-23,1402.08,2762.02,13057.46,6949.57
2012-08-24,1411.13,2778.05,13157.97,6971.07
2012-08-27,1410.44,2782.55,13124.67,7047.45
2012-08-28,1409.30,2782.69,13102.99,7002.68
2012-08-29,1410.49,2784.00,13107.48,7010.57
2012-08-30,1399.48,2753.74,13000.71,6895.49
2012-08-31,1406.58,2772.24,13090.84,6970.79
2012-09-03,,,,7014.83
2012-09-04,1404.94,2772.03,13035.94,6932.58
2012-09-05,1403.44,2766.95,13047.48,6964.69
2012-09-06,1432.12,2829.71,13292.00,7167.33
2012-09-07,1437.92,2825.11,13306.64,7214.50
2012-09-10,1429.08,2788.35,13254.29,7213.70
2012-09-11,1433.56,2784.89,13323.36,7310.11
2012-09-12,1436.56,2791.68,13333.35,7343.53
2012-09-13,1459.99,2831.35,13539.86,7310.32
2012-09-14,1465.77,2855.23,13593.37,7412.13
2012-09-17,1461.19,2856.44,13553.10,7403.69
2012-09-18,1459.32,2857.38,13564.64,7347.69
2012-09-19,1461.05,2864.03,13577.96,7390.76
2012-09-20,1460.26,2861.70,13596.93,7389.49
2012-09-21,1460.15,2861.64,13579.47,7451.62
2012-09-24,1456.89,2843.98,13558.92,7413.16
2012-09-25,1441.59,2804.53,13457.55,7425.11
2012-09-26,1433.32,2781.63,13413.51,7276.51
2012-09-27,1447.15,2821.60,13485.97,7290.02
2012-09-28,1440.67,2799.19,13437.13,7216.15
2012-10-01,1444.49,2794.28,13515.11,7326.73
2012-10-02,1445.75,2799.29,13482.36,7305.86
2012-10-03,1450.99,2818.84,13494.61,
2012-10-04,1461.40,2828.60,13575.36,7305.21
2012-10-05,1460.93,2811.94,13610.15,7397.87
2012-10-08,1455.88,2786.92,13583.65,7291.21
2012-10-09,1441.48,2741.92,13473.53,7234.53
2012-10-10,1432.56,2728.54,13344.97,7205.23
2012-10-11,1432.84,2719.21,13326.39,7281.70
2012-10-12,1428.59,2720.14,13328.85,7232.49
2012-10-15,1440.13,2739.87,13424.23,7261.25
2012-10-16,1454.92,2778.38,13551.78,7376.27
2012-10-17,1460.91,2775.62,13557.00,7394.55
2012-10-18,1457.34,2744.17,13548.94,7437.23
2012-10-19,1433.19,2678.32,13343.51,7380.64
2012-10-22,1433.82,2694.56,13345.89,7328.05
2012-10-23,1413.11,2666.02,13102.53,7173.69
2012-10-24,1408.75,2655.55,13077.34,7192.85
2012-10-25,1412.97,2657.66,13103.68,7200.23
2012-10-26,1411.94,2665.83,13107.21,7231.85
2012-10-29,,,,7203.16
2012-10-30,,,,7284.40
2012-10-31,1412.16,2647.92,13096.46,7260.63
2012-11-01,1427.59,2687.52,13232.62,7335.67
2012-11-02,1414.20,2656.28,13093.16,7363.85
2012-11-05,1417.26,2672.91,13112.44,7326.47
2012-11-06,1428.39,2681.05,13245.68,7377.76
2012-11-07,1394.53,2612.69,12932.73,7232.83
2012-11-08,1377.51,2572.57,12811.32,7204.96
2012-11-09,1379.85,2584.10,12815.39,7163.50
2012-11-12,1380.03,2582.77,12815.08,7168.76
2012-11-13,1374.53,2561.86,12756.18,7169.12
2012-11-14,1355.49,2531.87,12570.95,7101.92
2012-11-15,1353.33,2524.36,12542.38,7043.42
2012-11-16,1359.88,2534.16,12588.31,6950.53
2012-11-19,1386.89,2595.83,12795.96,7123.84
2012-11-20,1387.81,2594.66,12788.51,7172.99
2012-11-21,1391.03,2600.48,12836.89,7184.71
2012-11-22,,,,7244.99
2012-11-23,1409.15,2639.59,13009.53,7309.13
2012-11-26,1406.29,2651.67,12967.37,7292.03
2012-11-27,1398.94,2641.42,12878.13,7332.33
2012-11-28,1409.93,2665.27,12985.11,7343.41
2012-11-29,1415.95,2680.03,13021.82,7400.96
2012-11-30,1416.18,2677.88,13025.58,7405.50
2012-12-03,1409.46,2671.84,12965.60,7435.21
2012-12-04,1407.05,2667.89,12951.78,7435.12
2012-12-05,1409.28,2637.89,13034.49,7454.55
2012-12-06,1413.94,2656.30,13074.04,7534.54
2012-12-07,1418.07,2640.54,13155.13,7517.80
2012-12-10,1418.55,2647.57,13169.88,7530.92
2012-12-11,1427.84,2682.07,13248.44,7589.75
2012-12-12,1428.48,2674.57,13245.45,7614.79
2012-12-13,1419.45,2654.01,13170.72,7581.98
2012-12-14,1413.58,2628.09,13135.01,7596.47
2012-12-17,1430.36,2664.26,13235.39,7604.94
2012-12-18,1446.79,2705.39,13350.96,7653.58
2012-12-19,1435.81,2690.99,13251.97,7668.50
2012-12-20,1443.69,2693.55,13311.72,7672.10
2012-12-21,1430.15,2664.67,13190.84,7636.23
2012-12-24,1426.66,2658.05,13138.93,
2012-12-26,1419.83,2637.18,13114.59,
2012-12-27,1418.10,2632.94,13096.31,7655.88
2012-12-28,1402.43,2606.36,12938.11,7612.39
2012-12-31,1426.19,2660.93,13104.14,
2013-01-02,1462.42,2746.47,13412.55,7778.78
2013-01-03,1459.37,2732.26,13391.36,7756.44
2013-01-04,1466.47,2724.49,13435.21,7776.37
2013-01-07,1461.89,2724.22,13384.29,7732.66
2013-01-08,1457.15,2718.72,13328.85,7695.83
2013-01-09,1461.02,2727.65,13390.51,7720.47
2013-01-10,1472.12,2744.18,13471.22,7708.47
2013-01-11,1472.05,2748.26,13488.43,7715.53
2013-01-14,1470.68,2735.70,13507.32,7729.52
2013-01-15,1472.34,2722.98,13534.89,7675.91
2013-01-16,1472.63,2734.73,13511.23,7691.13
2013-01-17,1480.94,2747.15,13596.02,7735.46
2013-01-18,1485.98,2743.24,13649.70,7702.23
2013-01-21,,,,7748.86
2013-01-22,1492.56,2746.19,13712.21,7696.21
2013-01-23,1494.81,2762.17,13779.33,7707.54
2013-01-24,1494.82,2723.53,13825.33,7748.13
2013-01-25,1502.96,2736.73,13895.98,7857.97
2013-01-28,1500.18,2742.43,13881.93,7833.00
2013-01-29,1507.84,2743.58,13954.42,7848.57
2013-01-30,1501.96,2738.71,13910.42,7811.31
2013-01-31,1498.11,2731.53,13860.58,7776.05
2013-02-01,1513.17,2763.96,14009.79,7833.39
2013-02-04,1495.71,2715.68,13880.08,7638.23
2013-02-05,1511.29,2754.99,13979.30,7664.66
2013-02-06,1512.12,2746.35,13986.52,7581.18
2013-02-07,1509.39,2746.50,13944.05,7590.85
2013-02-08,1517.93,2775.56,13992.97,7652.14
2013-02-11,1517.01,2774.64,13971.24,7633.74
2013-02-12,1519.43,2762.62,14018.70,7660.19
2013-02-13,1520.33,2773.77,13982.91,7711.89
2013-02-14,1521.38,2771.43,13973.39,7631.19
2013-02-15,1519.79,2764.67,13981.76,7593.51
2013-02-18,,,,7628.73
2013-02-19,1530.94,2782.86,14035.67,7752.45
2013-02-20,1511.95,2739.99,13927.54,7728.90
2013-02-21,1502.42,2711.51,13880.62,7583.57
2013-02-22,1515.60,2737.28,14000.57,7661.91
2013-02-25,1487.85,2700.97,13784.17,7773.19
2013-02-26,1496.94,2713.02,13900.13,7597.11
2013-02-27,1515.99,2741.26,14075.37,7675.83
2013-02-28,1514.68,2738.58,14054.49,7741.70
2013-03-01,1518.20,2747.75,14089.66,7708.16
2013-03-04,1525.20,2759.53,14127.82,7691.68
2013-03-05,1539.79,2799.25,14253.77,7870.31
2013-03-06,1541.46,2792.56,14296.24,7919.33
2013-03-07,1544.26,2799.49,14329.49,7939.77
2013-03-08,1551.18,2804.11,14397.07,7986.47
2013-03-11,1556.22,2811.86,14447.29,7984.29
2013-03-12,1552.48,2800.81,14450.06,7966.12
2013-03-13,1554.52,2798.68,14455.28,7970.91
2013-03-14,1563.23,2807.30,14539.14,8058.37
2013-03-15,1560.70,2799.41,14514.11,8042.85
2013-03-18,1552.10,2792.30,14452.06,8010.70
2013-03-19,1548.34,2787.27,14455.82,7947.79
2013-03-20,1558.71,2805.91,14511.73,8001.97
2013-03-21,1545.80,2774.85,14421.49,7932.51
2013-03-22,1556.89,2800.81,14512.03,7911.35
2013-03-25,1551.69,2789.45,14447.75,7870.90
2013-03-26,1563.77,2806.50,14559.65,7879.67
2013-03-27,1562.85,2809.98,14526.16,7789.09
2013-03-28,1569.19,2818.69,14578.54,7795.31
2013-04-01,1562.17,2797.07,14572.85,
2013-04-02,1570.25,2820.62,14662.01,7943.87
2013-04-03,1553.69,2795.04,14550.35,7874.75
2013-04-04,1559.98,2794.92,14606.11,7817.39
2013-04-05,1553.28,2771.75,14565.25,7658.75
2013-04-08,1563.07,2786.13,14613.48,7662.64
2013-04-09,1568.61,2804.67,14673.46,7637.51
2013-04-10,1587.73,2859.21,14802.24,7810.63
2013-04-11,1593.37,2859.07,14865.14,7871.63
2013-04-12,1588.85,2856.48,14865.06,7744.77
2013-04-15,1552.36,2797.47,14599.20,7712.63
2013-04-16,1574.57,2838.41,14756.78,7682.58
2013-04-17,1552.01,2781.98,14618.59,7503.03
2013-04-18,1541.61,2741.95,14537.14,7473.73
2013-04-19,1555.25,2780.46,14547.51,7459.96
2013-04-22,1562.50,2810.07,14567.17,7478.11
2013-04-23,1578.78,2835.37,14719.46,7658.21
2013-04-24,1578.79,2834.12,14676.30,7759.03
2013-04-25,1585.16,2848.66,14700.80,7832.86
2013-04-26,1582.24,2840.55,14712.55,7814.76
2013-04-29,1593.61,2866.95,14818.75,7873.50
2013-04-30,1597.57,2887.44,14839.80,7913.71
2013-05-01,1582.70,2873.35,14700.95,
2013-05-02,1597.59,2911.14,14831.58,7961.71
2013-05-03,1614.42,2944.59,14973.96,8122.29
2013-05-06,1617.50,2955.36,14968.89,8112.08
2013-05-07,1625.96,2952.88,15056.20,8181.78
2013-05-08,1632.69,2968.24,15105.12,8249.71
2013-05-09,1626.67,2961.12,15082.62,8262.55
2013-05-10,1633.70,2981.02,15118.49,8278.59
2013-05-13,1633.77,2982.09,15091.68,8279.29
2013-05-14,1650.34,2996.05,15215.25,8339.11
2013-05-15,1658.78,3002.62,15275.69,8362.42
2013-05-16,1650.47,2999.34,15233.22,8369.87
2013-05-17,1667.47,3028.96,15354.40,8398.00
2013-05-20,1666.29,3020.97,15335.28,8455.83
2013-05-21,1669.16,3026.45,15387.58,8472.20
2013-05-22,1655.35,2999.13,15307.17,8530.89
2013-05-23,1650.51,2991.45,15294.50,8351.98
2013-05-24,1649.60,2991.02,15303.10,8305.32
2013-05-27,,,,8383.30
2013-05-28,1660.06,3011.94,15409.39,8480.87
2013-05-29,1648.36,2994.82,15302.80,8336.58
2013-05-30,1654.41,3011.83,15324.53,8400.20
2013-05-31,1630.74,2981.76,15115.57,8348.84
2013-06-03,1640.42,2990.79,15254.03,8285.80
2013-06-04,1631.38,2973.69,15177.54,8295.96
2013-06-05,1608.90,2937.14,14960.59,8196.18
2013-06-06,1622.56,2950.30,15040.62,8098.81
2013-06-07,1643.38,2990.87,15248.12,8254.68
2013-06-10,1642.81,2990.49,15238.59,8307.69
2013-06-11,1626.13,2959.84,15122.02,8222.46
2013-06-12,1612.52,2926.14,14995.23,8143.27
2013-06-13,1636.36,2962.90,15176.08,8095.39
2013-06-14,1626.73,2943.86,15070.18,8127.96
2013-06-17,1639.04,2971.26,15179.85,8215.73
2013-06-18,1651.81,2996.09,15318.23,8229.51
2013-06-19,1628.93,2959.50,15112.19,8197.08
2013-06-20,1588.19,2890.33,14758.32,7928.48
2013-06-21,1592.43,2877.94,14799.40,7789.24
2013-06-24,1573.09,2848.20,14659.56,7692.45
2013-06-25,1588.03,2866.50,14760.31,7811.30
2013-06-26,1603.26,2893.85,14910.14,7940.99
2013-06-27,1613.20,2906.84,15024.49,7990.75
2013-06-28,1606.28,2909.60,14909.60,7959.22
2013-07-01,1614.96,2927.35,14974.96,7983.92
2013-07-02,1614.08,2929.63,14932.41,7910.77
2013-07-03,1615.41,2941.41,14988.37,7829.32
2013-07-04,,,,7994.31
2013-07-05,1631.89,2963.22,15135.84,7806.00
2013-07-08,1640.46,2966.13,15224.69,7968.54
2013-07-09,1652.32,2984.32,15300.34,8057.75
2013-07-10,1652.62,3000.66,15291.66,8066.48
2013-07-11,1675.02,3059.46,15460.92,8158.80
2013-07-12,1680.19,3079.07,15464.30,8212.77
2013-07-15,1682.50,3079.85,15484.26,8234.81
2013-07-16,1676.26,3077.47,15451.85,8201.05
2013-07-17,1680.91,3085.28,15470.52,8254.72
2013-07-18,1689.37,3077.82,15548.54,8337.09
2013-07-19,1692.09,3044.93,15543.74,8331.57
2013-07-22,1695.53,3055.23,15545.55,8331.06
2013-07-23,1692.39,3031.40,15567.74,8314.23
2013-07-24,1685.94,3041.16,15542.24,8379.11
2013-07-25,1690.25,3061.67,15555.61,8298.98
2013-07-26,1691.65,3076.23,15558.83,8244.91
2013-07-29,1685.33,3068.95,15521.97,8259.03
2013-07-30,1685.96,3085.33,15520.59,8271.02
2013-07-31,1685.73,3090.19,15499.54,8275.97
2013-08-01,1706.87,3126.30,15628.02,8410.73
2013-08-02,1709.67,3143.52,15658.36,8406.94
2013-08-05,1707.14,3143.19,15612.13,8398.38
2013-08-06,1697.37,3122.20,15518.74,8299.73
2013-08-07,1690.91,3118.69,15470.67,8260.48
2013-08-08,1697.48,3130.13,15498.32,8318.32
2013-08-09,1691.42,3118.57,15425.51,8338.31
2013-08-12,1689.47,3125.93,15419.68,8359.25
2013-08-13,1694.16,3141.06,15451.01,8415.76
2013-08-14,1685.39,3129.45,15337.66,8438.12
2013-08-15,1661.32,3076.23,15112.19,8376.29
2013-08-16,1655.83,3073.91,15081.47,8391.94
2013-08-19,1646.06,3069.76,15010.74,8366.29
2013-08-20,1652.35,3082.17,15002.99,8300.03
2013-08-21,1642.80,3071.47,14897.55,8285.41
2013-08-22,1656.96,3101.82,14963.74,8397.89
2013-08-23,1663.50,3124.27,15010.51,8416.99
2013-08-26,1656.78,3122.67,14946.46,8435.15
2013-08-27,1630.48,3059.58,14776.13,8242.56
2013-08-28,1634.96,3072.17,14824.51,8157.90
2013-08-29,1638.17,3093.36,14840.95,8194.55
2013-08-30,1632.97,3073.81,14810.31,8103.15
2013-09-02,,,,8243.87
2013-09-03,1639.77,3091.76,14833.96,8180.71
2013-09-04,1653.08,3124.54,14930.87,8195.92
2013-09-05,1655.08,3129.94,14937.48,8234.98
2013-09-06,1655.17,3133.38,14922.50,8275.67
2013-09-09,1671.71,3169.93,15063.12,8276.32
2013-09-10,1683.99,3185.07,15191.06,8446.54
2013-09-11,1689.13,3179.86,15326.60,8495.73
2013-09-12,1683.42,3175.57,15300.64,8494.00
2013-09-13,1687.99,3178.28,15376.06,8509.42
2013-09-16,1697.60,3168.69,15494.78,8613.00
2013-09-17,1704.76,3190.83,15529.73,8596.95
2013-09-18,1725.52,3231.31,15676.94,8636.06
2013-09-19,1722.34,3237.61,15636.55,8694.18
2013-09-20,1709.91,3224.73,15451.09,8675.73
2013-09-23,1701.84,3219.34,15401.38,8635.29
2013-09-24,1697.42,3218.66,15334.59,8664.60
2013-09-25,1692.77,3208.55,15273.26,8665.63
2013-09-26,1698.67,3234.04,15328.30,8664.10
2013-09-27,1691.75,3230.30,15258.24,8661.51
2013-09-30,1681.55,3218.20,15129.67,8594.40
2013-10-01,1695.00,3253.05,15191.70,8689.14
2013-10-02,1693.87,3253.26,15133.14,8629.42
2013-10-03,1678.66,3213.83,14996.48,
2013-10-04,1690.50,3242.57,15072.58,8622.97
2013-10-07,1676.12,3215.69,14936.24,8591.58
2013-10-08,1655.45,3153.87,14776.53,8555.89
2013-10-09,1656.40,3142.54,14802.98,8516.69
2013-10-10,1692.56,3210.84,15126.07,8685.77
2013-10-11,1703.20,3233.83,15237.11,8724.83
2013-10-14,1710.14,3256.02,15301.26,8723.81
2013-10-15,1698.06,3244.66,15168.01,8804.44
2013-10-16,1721.54,3281.67,15373.83,8846.00
2013-10-17,1733.15,3301.28,15371.65,8811.98
2013-10-18,1744.50,3353.88,15399.65,8865.10
2013-10-21,1744.66,3361.18,15392.20,8867.22
2013-10-22,1754.67,3366.93,15467.66,8947.46
2013-10-23,1746.38,3346.05,15413.33,8919.86
2013-10-24,1752.07,3362.38,15509.21,8980.63
2013-10-25,1759.77,3383.83,15570.28,8985.74
2013-10-28,1762.11,3382.68,15568.93,8978.65
2013-10-29,1771.95,3391.75,15680.35,9022.04
2013-10-30,1763.31,3385.38,15618.76,9010.27
2013-10-31,1756.54,3377.73,15545.75,9033.92
2013-11-01,1761.64,3379.76,15615.55,9007.83
2013-11-04,1767.93,3384.75,15639.12,9037.23
2013-11-05,1762.97,3388.82,15618.22,9009.11
2013-11-06,1770.49,3385.38,15746.88,9040.87
2013-11-07,1747.15,3321.41,15593.98,9081.03
2013-11-08,1770.61,3366.84,15761.78,9078.28
2013-11-11,1771.89,3362.98,15783.10,9107.86
2013-11-12,1767.69,3365.23,15750.67,9076.48
2013-11-13,1782.00,3405.56,15821.63,9054.83
2013-11-14,1790.62,3415.14,15876.22,9149.66
2013-11-15,1798.18,3422.58,15961.70,9168.69
2013-11-18,1791.53,3388.87,15976.02,9225.43
2013-11-19,1787.87,3378.13,15967.03,9193.29
2013-11-20,1781.37,3367.17,15900.82,9202.07
2013-11-21,1795.85,3402.74,16009.99,9196.08
2013-11-22,1804.76,3422.02,16064.77,9219.04
2013-11-25,1802.48,3427.49,16072.54,9299.95
2013-11-26,1802.75,3445.76,16072.80,9290.07
2013-11-27,1807.23,3470.48,16097.33,9351.13
2013-11-28,,,,9387.37
2013-11-29,1805.81,3487.82,16086.41,9405.30
2013-12-02,1800.90,3481.15,16008.77,9401.96
2013-12-03,1795.15,3479.34,15914.62,9223.40
2013-12-04,1792.81,3483.01,15889.77,9140.63
2013-12-05,1785.03,3477.73,15821.51,9084.95
2013-12-06,1805.09,3504.26,16020.20,9172.41
2013-12-09,1808.37,3516.17,16025.53,9195.17
2013-12-10,1802.62,3514.20,15973.13,9114.44
2013-12-11,1782.22,3468.99,15843.53,9077.11
2013-12-12,1775.50,3460.29,15739.43,9017.00
2013-12-13,1775.32,3456.40,15755.36,9006.46
2013-12-16,1786.54,3475.79,15884.57,9163.56
2013-12-17,1781.00,3469.32,15875.26,9085.12
2013-12-18,1810.65,3509.63,16167.97,9181.75
2013-12-19,1809.60,3498.63,16179.08,9335.74
2013-12-20,1818.32,3531.19,16221.14,9400.18
2013-12-23,1827.99,3569.40,16294.61,9488.82
2013-12-24,1833.32,3572.80,16357.55,
2013-12-26,1842.02,3584.58,16479.88,
2013-12-27,1841.40,3574.02,16478.41,9589.39
2013-12-30,1841.07,3570.08,16504.29,9552.16
2013-12-31,1848.36,3592.00,16576.66,
2014-01-02,1831.98,3563.57,16441.35,9400.04
2014-01-03,1831.37,3538.73,16469.99,9435.15
2014-01-06,1826.77,3526.96,16425.10,9428.00
2014-01-07,1837.88,3557.85,16530.94,9506.20
2014-01-08,1837.49,3567.54,16462.74,9497.84
2014-01-09,1838.13,3552.58,16444.76,9421.61
2014-01-10,1842.37,3565.08,16437.05,9473.24
2014-01-13,1819.20,3512.80,16257.94,9510.17
2014-01-14,1838.88,3580.65,16373.86,9540.51
2014-01-15,1848.38,3609.84,16481.94,9733.81
2014-01-16,1845.89,3611.29,16417.01,9717.71
2014-01-17,1838.70,3591.25,16458.56,9742.96
2014-01-20,,,,9715.90
2014-01-21,1843.80,3617.70,16414.44,9730.12
2014-01-22,1844.86,3627.72,16373.34,9720.11
2014-01-23,1828.46,3613.76,16197.35,9631.04
2014-01-24,1790.29,3541.48,15879.11,9392.02
2014-01-27,1781.56,3509.02,15837.88,9349.22
2014-01-28,1792.50,3505.72,15928.56,9406.91
2014-01-29,1774.20,3467.82,15738.79,9336.73
2014-01-30,1794.19,3532.41,15848.61,9373.48
2014-01-31,1782.59,3521.92,15698.85,9306.48
2014-02-03,1741.89,3440.50,15372.80,9186.52
2014-02-04,1755.20,3470.20,15445.24,9127.91
2014-02-05,1751.64,3454.90,15440.23,9116.32
2014-02-06,1773.43,3497.60,15628.53,9256.58
2014-02-07,1797.02,3561.91,15794.08,9301.92
2014-02-10,1799.84,3582.11,15801.79,9289.86
2014-02-11,1819.75,3621.72,15994.77,9478.77
2014-02-12,1819.26,3627.36,15963.94,9540.00
2014-02-13,1829.83,3659.56,16027.59,9596.77
2014-02-14,1838.63,3663.88,16154.39,9662.40
2014-02-17,,,,9656.76
2014-02-18,1840.76,3679.43,16130.40,9659.78
2014-02-19,1828.75,3652.85,16040.56,9660.05
2014-02-20,1839.78,3671.93,16133.23,9618.85
2014-02-21,1836.25,3662.60,16103.30,9656.95
2014-02-24,1847.61,3685.81,16207.14,9708.94
2014-02-25,1845.12,3679.14,16179.66,9699.35
2014-02-26,1845.16,3676.60,16198.41,9661.73
2014-02-27,1854.29,3699.80,16272.65,9588.33
2014-02-28,1859.45,3696.10,16321.71,9692.08
2014-03-03,1845.73,3668.37,16168.03,9358.89
2014-03-04,1873.91,3719.93,16395.88,9589.15
2014-03-05,1873.81,3727.19,16360.18,9542.02
2014-03-06,1877.03,3720.93,16421.89,9542.87
2014-03-07,1878.04,3703.40,16452.72,9350.75
2014-03-10,1877.17,3706.34,16418.68,9265.50
2014-03-11,1867.63,3691.50,16351.25,9307.79
2014-03-12,1868.20,3707.06,16340.08,9188.69
2014-03-13,1846.34,3651.49,16108.89,9017.79
2014-03-14,1841.13,3627.87,16065.67,9056.41
2014-03-17,1858.83,3662.51,16247.22,9180.89
2014-03-18,1872.25,3706.62,16336.19,9242.55
2014-03-19,1860.77,3682.74,16222.17,9277.05
2014-03-20,1872.01,3693.97,16331.05,9296.12
2014-03-21,1866.52,3653.07,16302.77,9342.94
2014-03-24,1857.44,3617.39,16276.69,9188.77
2014-03-25,1865.62,3629.73,16367.88,9338.40
2014-03-26,1852.56,3582.89,16268.99,9448.58
2014-03-27,1849.04,3563.13,16264.23,9451.21
2014-03-28,1857.62,3571.49,16323.06,9587.19
2014-03-31,1872.34,3595.74,16457.66,9555.91
2014-04-01,1885.52,3658.40,16532.61,9603.71
2014-04-02,1890.90,3665.99,16573.00,9623.36
2014-04-03,1888.77,3637.58,16572.55,9628.82
2014-04-04,1865.09,3539.38,16412.71,9695.77
2014-04-07,1845.04,3507.75,16245.87,9510.85
2014-04-08,1851.96,3538.23,16256.14,9490.79
2014-04-09,1872.18,3600.44,16437.18,9506.35
2014-04-10,1833.08,3487.76,16170.22,9454.54
2014-04-11,1815.69,3446.85,16026.75,9315.29
2014-04-14,1830.61,3474.63,16173.24,9339.17
2014-04-15,1842.98,3487.85,16262.56,9173.71
2014-04-16,1862.31,3533.09,16424.85,9317.82
2014-04-17,1864.85,3534.53,16408.54,9409.71
2014-04-21,1871.89,3559.95,16449.25,
2014-04-22,1879.55,3588.81,16514.37,9600.09
2014-04-23,1875.39,3557.04,16501.65,9544.19
2014-04-24,1878.61,3591.03,16501.65,9548.68
2014-04-25,1863.40,3533.10,16361.46,9401.55
2014-04-28,1869.43,3545.03,16448.74,9446.36
2014-04-29,1878.33,3573.99,16535.37,9584.12
2014-04-30,1883.95,3582.02,16580.84,9603.23
2014-05-01,1883.68,3594.36,16558.87,
2014-05-02,1881.14,3587.64,16512.89,9556.02
2014-05-05,1884.66,3605.09,16530.55,9529.50
2014-05-06,1867.72,3556.51,16401.02,9467.53
2014-05-07,1878.21,3546.47,16518.54,9521.30
2014-05-08,1875.63,3540.42,16550.97,9607.40
2014-05-09,1878.48,3555.70,16583.34,9581.45
2014-05-12,1896.65,3612.73,16695.47,9702.46
2014-05-13,1897.45,3611.13,16715.44,9754.43
2014-05-14,1888.53,3593.25,16613.97,9754.39
2014-05-15,1870.85,3565.17,16446.81,9656.05
2014-05-16,1877.86,3587.20,16491.31,9629.10
2014-05-19,1885.08,3615.62,16511.86,9659.39
2014-05-20,1872.83,3600.31,16374.31,9639.08
2014-05-21,1888.03,3635.61,16533.06,9697.87
2014-05-22,1892.49,3650.86,16543.08,9720.91
2014-05-23,1900.53,3677.33,16606.27,9768.01
2014-05-26,,,,9892.82
2014-05-27,1911.91,3723.07,16675.50,9940.82
2014-05-28,1909.78,3712.26,16633.18,9939.17
2014-05-29,1920.03,3735.72,16698.74,9938.90
2014-05-30,1923.57,3736.82,16717.17,9943.27
2014-06-02,1924.97,3732.96,16743.63,9950.12
2014-06-03,1924.24,3730.07,16722.34,9919.74
2014-06-04,1927.88,3743.59,16737.53,9926.67
2014-06-05,1940.46,3776.95,16836.11,9947.83
2014-06-06,1949.44,3794.57,16924.28,9987.19
2014-06-09,1951.27,3795.74,16943.10,10008.63
2014-06-10,1950.79,3800.86,16945.92,10028.80
2014-06-11,1943.89,3797.85,16843.88,9949.81
2014-06-12,1930.11,3763.80,16734.19,9938.70
2014-06-13,1936.16,3775.56,16775.74,9912.87
2014-06-16,1937.78,3779.93,16781.01,9883.98
2014-06-17,1941.99,3781.32,16808.49,9920.32
2014-06-18,1956.98,3804.61,16906.62,9930.33
2014-06-19,1959.48,3800.80,16921.46,10004.00
2014-06-20,1962.87,3802.64,16947.08,9987.24
2014-06-23,1962.61,3805.31,16937.26,9920.92
2014-06-24,1949.98,3799.53,16818.13,9938.08
2014-06-25,1959.53,3827.33,16867.51,9867.75
2014-06-26,1957.22,3826.91,16846.13,9804.90
2014-06-27,1960.96,3844.44,16851.84,9815.17
2014-06-30,1960.23,3849.48,16826.60,9833.07
2014-07-01,1973.32,3894.33,16956.07,9902.41
2014-07-02,1974.62,3899.27,16976.24,9911.27
2014-07-03,1985.44,3923.01,17068.26,10029.43
2014-07-04,,,,10009.08
2014-07-07,1977.65,3910.71,17024.21,9906.07
2014-07-08,1963.71,3864.07,16906.62,9772.67
2014-07-09,1972.83,3892.91,16985.61,9808.20
2014-07-10,1964.68,3880.04,16915.07,9659.13
2014-07-11,1967.57,3904.58,16943.81,9666.34
2014-07-14,1977.10,3929.46,17055.42,9783.01
2014-07-15,1973.28,3914.46,17060.68,9719.41
2014-07-16,1981.57,3932.33,17138.20,9859.27
2014-07-17,1958.12,3878.01,16976.81,9753.88
2014-07-18,1978.22,3939.89,17100.18,9720.02
2014-07-21,1973.63,3934.14,17051.73,9612.05
2014-07-22,1983.53,3961.62,17113.54,9734.33
2014-07-23,1987.01,3986.19,17086.63,9753.56
2014-07-24,1987.98,3983.19,17083.80,9794.06
2014-07-25,1978.34,3965.17,16960.57,9644.01
2014-07-28,1978.91,3967.24,16982.59,9598.17
2014-07-29,1969.95,3959.03,16912.11,9653.63
2014-07-30,1970.07,3976.07,16880.36,9593.68
2014-07-31,1930.67,3892.50,16563.30,9407.48
2014-08-01,1925.15,3879.67,16493.37,9210.08
2014-08-04,1938.99,3908.77,16569.28,9154.14
2014-08-05,1920.21,3874.94,16429.47,9189.74
2014-08-06,1920.24,3874.27,16443.34,9130.04
2014-08-07,1909.57,3857.94,16368.27,9038.97
2014-08-08,1931.59,3888.09,16553.93,9009.32
2014-08-11,1936.92,3910.46,16569.98,9180.74
2014-08-12,1933.75,3905.23,16560.54,9069.47
2014-08-13,1946.72,3949.20,16651.80,9198.88
2014-08-14,1955.18,3969.11,16713.58,9225.10
2014-08-15,1955.06,3987.51,16662.91,9092.60
2014-08-18,1971.74,4020.50,16838.74,9245.33
2014-08-19,1981.60,4040.13,16919.59,9334.28
2014-08-20,1986.51,4040.71,16979.13,9314.57
2014-08-21,1992.37,4047.03,17039.49,9401.53
2014-08-22,1988.40,4052.75,17001.22,9339.17
2014-08-25,1997.92,4067.48,17076.87,9510.14
2014-08-26,2000.02,4071.67,17106.70,9588.15
2014-08-27,2000.12,4073.18,17122.01,9569.71
2014-08-28,1996.74,4066.27,17079.57,9462.56
2014-08-29,2003.37,4082.56,17098.45,9470.17
2014-09-01,,,,9479.03
2014-09-02,2002.28,4095.81,17067.56,9507.02
2014-09-03,2000.72,4070.96,17078.28,9626.49
2014-09-04,1997.65,4066.13,17069.58,9724.26
2014-09-05,2007.71,4089.92,17137.36,9747.02
2014-09-08,2001.54,4095.47,17111.42,9758.03
2014-09-09,1988.44,4061.88,17013.87,9710.70
2014-09-10,1995.69,4094.97,17068.71,9700.17
2014-09-11,1997.45,4092.65,17049.00,9691.28
2014-09-12,1985.54,4069.23,16987.51,9651.13
2014-09-15,1984.13,4029.89,17031.14,9659.63
2014-09-16,1998.98,4067.27,17131.97,9632.93
2014-09-17,2001.57,4073.57,17156.85,9661.50
2014-09-18,2011.36,4103.08,17265.99,9798.13
2014-09-19,2010.40,4100.09,17279.74,9799.26
2014-09-22,1994.29,4061.23,17172.68,9749.54
2014-09-23,1982.77,4051.57,17055.87,9595.03
2014-09-24,1998.30,4094.31,17210.06,9661.97
2014-09-25,1965.99,4007.82,16945.80,9510.01
2014-09-26,1982.85,4053.72,17113.15,9490.55
2014-09-29,1977.80,4047.18,17071.22,9422.91
2014-09-30,1972.29,4049.45,17042.90,9474.30
2014-10-01,1946.16,3984.74,16804.71,9382.03
2014-10-02,1946.17,3985.87,16801.05,9195.68
2014-10-03,1967.90,4027.31,17009.69,
2014-10-06,1964.82,4016.27,16991.91,9209.51
2014-10-07,1935.10,3958.59,16719.39,9086.21
2014-10-08,1968.89,4041.12,16994.22,8995.33
2014-10-09,1928.21,3969.32,16659.25,9005.02
2014-10-10,1906.13,3870.86,16544.10,8788.81
2014-10-13,1874.74,3808.00,16321.07,8812.43
2014-10-14,1877.70,3810.45,16315.19,8825.21
2014-10-15,1862.49,3785.97,16141.74,8571.95
2014-10-16,1862.76,3765.28,16117.24,8582.90
2014-10-17,1886.76,3815.47,16380.41,8850.27
2014-10-20,1904.01,3870.08,16399.67,8717.76
2014-10-21,1941.28,3971.39,16614.81,8886.96
2014-10-22,1927.11,3949.59,16461.32,8940.14
2014-10-23,1950.82,4012.27,16677.90,9047.31
2014-10-24,1964.58,4042.02,16805.41,8987.80
2014-10-27,1961.63,4046.02,16817.94,8902.61
2014-10-28,1985.05,4106.63,17005.75,9068.19
2014-10-29,1982.30,4090.55,16974.31,9082.81
2014-10-30,1994.65,4100.64,17195.42,9114.84
2014-10-31,2018.05,4158.21,17390.52,9326.87
2014-11-03,2017.81,4169.28,17366.24,9251.70
2014-11-04,2012.10,4156.23,17383.84,9166.47
2014-11-05,2023.57,4153.27,17484.53,9315.48
2014-11-06,2031.21,4164.08,17554.47,9377.41
2014-11-07,2031.92,4160.50,17573.93,9291.83
2014-11-10,2038.26,4175.95,17613.74,9351.87
2014-11-11,2039.68,4187.16,17614.90,9369.03
2014-11-12,2038.25,4195.40,17612.20,9210.96
2014-11-13,2039.33,4213.48,17652.79,9248.51
2014-11-14,2039.82,4224.99,17634.74,9252.94
2014-11-17,2041.32,4213.79,17647.75,9306.35
2014-11-18,2051.80,4242.19,17687.82,9456.53
2014-11-19,2048.72,4222.66,17685.73,9472.80
2014-11-20,2052.75,4242.09,17719.00,9483.97
2014-11-21,2063.50,4251.32,17810.06,9732.55
2014-11-24,2069.41,4284.32,17817.90,9785.54
2014-11-25,2067.03,4288.23,17814.94,9861.21
2014-11-26,2072.83,4317.99,17827.75,9915.56
2014-11-27,,,,9974.87
2014-11-28,2067.56,4337.79,17828.24,9980.85
2014-12-01,2053.44,4287.81,17776.80,9963.51
2014-12-02,2066.55,4305.96,17879.55,9934.08
2014-12-03,2074.33,4312.93,17912.62,9971.79
2014-12-04,2071.92,4311.93,17900.10,9851.35
2014-12-05,2075.37,4311.57,17958.79,10087.12
2014-12-08,2060.31,4278.34,17852.48,10014.99
2014-12-09,2059.82,4294.67,17801.20,9793.71
2014-12-10,2026.14,4224.87,17533.15,9799.73
2014-12-11,2035.33,4246.48,17596.34,9862.53
2014-12-12,2002.33,4199.28,17280.83,9594.73
2014-12-15,1989.63,4157.41,17180.84,9334.01
2014-12-16,1972.74,4089.60,17068.87,9563.89
2014-12-17,2012.89,4165.10,17356.87,9544.43
2014-12-18,2061.23,4267.77,17778.15,9811.06
2014-12-19,2070.65,4281.78,17804.80,9786.96
2014-12-22,2078.54,4293.67,17959.44,9865.76
2014-12-23,2082.17,4279.30,18024.17,9922.11
2014-12-24,2081.88,4283.10,18030.21,
2014-12-26,2088.77,4314.09,18053.71,
2014-12-29,2090.57,4312.64,18038.23,9927.13
2014-12-30,2080.35,4282.35,17983.07,9805.55
2014-12-31,2058.90,4236.28,17823.07,
2015-01-02,2058.20,4230.24,17832.99,9764.73
2015-01-05,2020.58,4160.96,17501.65,9473.16
2015-01-06,2002.61,4110.83,17371.64,9469.66
2015-01-07,2025.90,4160.00,17584.52,9518.18
2015-01-08,2062.14,4240.55,17907.87,9837.61
2015-01-09,2044.81,4213.28,17737.37,9648.50
2015-01-12,2028.26,4169.97,17640.84,9781.90
2015-01-13,2023.03,4166.20,17613.68,9941.00
2015-01-14,2011.27,4145.84,17427.09,9817.08
2015-01-15,1992.67,4089.65,17320.71,10032.61
2015-01-16,2019.42,4142.14,17511.57,10167.77
2015-01-19,,,,10242.35
2015-01-20,2022.55,4171.21,17515.23,10257.13
2015-01-21,2032.12,4192.09,17554.28,10299.23
2015-01-22,2063.15,4270.36,17813.98,10435.62
2015-01-23,2051.82,4278.14,17672.60,10649.58
2015-01-26,2057.09,4275.72,17678.70,10798.33
2015-01-27,2029.55,4165.50,17387.21,10628.58
2015-01-28,2002.16,4140.38,17191.37,10710.97
2015-01-29,2021.25,4181.35,17416.85,10737.87
2015-01-30,1994.99,4148.43,17164.95,10694.32
2015-02-02,2020.85,4188.59,17361.04,10828.01
2015-02-03,2050.03,4229.15,17666.40,10890.95
2015-02-04,2041.51,4221.20,17673.02,10911.32
2015-02-05,2062.52,4256.18,17884.88,10905.41
2015-02-06,2055.47,4228.68,17824.29,10846.39
2015-02-09,2046.74,4216.09,17729.21,10663.51
2015-02-10,2068.59,4281.16,17868.76,10753.83
2015-02-11,2068.53,4297.28,17862.14,10752.11
2015-02-12,2088.48,4347.97,17972.38,10919.65
2015-02-13,2096.99,4384.03,18019.35,10963.40
2015-02-16,,,,10923.23
2015-02-17,2100.34,4385.34,18047.58,10895.62
2015-02-18,2099.68,4390.91,18029.85,10961.00
2015-02-19,2097.45,4411.86,17985.77,11001.94
2015-02-20,2110.30,4443.05,18140.44,11050.64
2015-02-23,2109.66,4449.49,18116.84,11130.92
2015-02-24,2115.48,4451.03,18209.19,11205.74
2015-02-25,2113.86,4440.59,18224.57,11210.27
2015-02-26,2110.74,4462.27,18214.42,11327.19
2015-02-27,2104.50,4440.67,18132.70,11401.66
2015-03-02,2117.39,4483.05,18288.63,11410.36
2015-03-03,2107.78,4458.78,18203.37,11280.36
2015-03-04,2098.53,4445.36,18096.90,11390.38
2015-03-05,2101.04,4452.06,18135.72,11504.01
2015-03-06,2071.26,4399.23,17856.78,11550.97
2015-03-09,2079.43,4412.99,17995.72,11582.11
2015-03-10,2044.16,4329.08,17662.94,11500.38
2015-03-11,2040.24,4305.38,17635.39,11805.99
2015-03-12,2065.95,4336.23,17895.22,11799.39
2015-03-13,2053.40,4314.90,17749.31,11901.61
2015-03-16,2081.19,4370.47,17977.42,12167.72
2015-03-17,2074.28,4375.63,17849.08,11980.85
2015-03-18,2099.50,4422.50,18076.19,11922.77
2015-03-19,2089.27,4426.82,17959.03,11899.40
2015-03-20,2108.10,4458.54,18127.65,12039.37
2015-03-23,2104.42,4445.54,18116.04,11895.84
2015-03-24,2091.50,4430.99,18011.14,12005.69
2015-03-25,2061.05,4329.29,17718.54,11865.32
2015-03-26,2056.15,4315.26,17678.23,11843.68
2015-03-27,2061.02,4332.86,17712.66,11868.33
2015-03-30,2086.24,4382.82,17976.31,12086.01
2015-03-31,2067.89,4333.69,17776.12,11966.17
2015-04-01,2059.69,4311.26,17698.18,12001.38
2015-04-02,2066.96,4316.01,17763.24,11967.39
2015-04-06,2080.62,4350.98,17880.85,
2015-04-07,2076.33,4344.08,17875.42,12123.52
2015-04-08,2081.90,4375.96,17902.51,12035.86
2015-04-09,2091.18,4403.95,17958.73,12166.44
2015-04-10,2102.06,4422.02,18057.65,12374.73
2015-04-13,2092.43,4409.21,17977.04,12338.73
2015-04-14,2095.84,4397.64,18036.70,12227.60
2015-04-15,2106.63,4424.53,18112.61,12231.34
2015-04-16,2104.99,4418.83,18105.77,11998.86
2015-04-17,2081.18,4351.80,17826.30,11688.70
2015-04-20,2100.40,4417.40,18034.93,11891.91
2015-04-21,2097.29,4435.98,17949.59,11939.58
2015-04-22,2107.96,4460.81,18038.27,11867.37
2015-04-23,2112.93,4477.07,18058.69,11723.58
2015-04-24,2117.69,4536.78,18080.14,11810.85
2015-04-27,2108.92,4525.04,18037.97,12039.16
2015-04-28,2114.76,4515.27,18110.14,11811.66
2015-04-29,2106.85,4488.15,18035.53,11432.72
2015-04-30,2085.51,4414.25,17840.52,11454.38
2015-05-01,2108.29,4479.06,18024.06,
2015-05-04,2114.49,4482.61,18070.40,11619.85
2015-05-05,2089.46,4409.39,17928.20,11327.68
2015-05-06,2080.15,4379.75,17841.98,11350.15
2015-05-07,2088.00,4401.55,17924.06,11407.97
2015-05-08,2116.10,4458.65,18191.11,11709.73
2015-05-11,2105.33,4438.64,18105.17,11673.35
2015-05-12,2099.12,4420.65,18068.23,11472.41
2015-05-13,2098.48,4426.56,18060.49,11351.46
2015-05-14,2121.10,4495.04,18252.24,11559.82
2015-05-15,2122.73,4494.29,18272.56,11447.03
2015-05-18,2129.20,4512.95,18298.88,11594.28
2015-05-19,2127.83,4503.72,18312.39,11853.33
2015-05-20,2125.85,4505.30,18285.40,11848.47
2015-05-21,2130.82,4529.47,18285.74,11864.59
2015-05-22,2126.06,4527.16,18232.02,11815.01
2015-05-26,2104.20,4472.96,18041.54,11625.13
2015-05-27,2123.48,4546.06,18162.99,11771.13
2015-05-28,2120.79,4535.66,18126.12,11677.57
2015-05-29,2107.39,4508.25,18010.68,11413.82
2015-06-01,2111.73,4521.85,18040.37,11436.05
2015-06-02,2109.60,4508.89,18011.94,11328.80
2015-06-03,2114.07,4519.86,18076.27,11419.62
2015-06-04,2095.84,4487.03,17905.58,11340.60
2015-06-05,2092.83,4477.19,17849.46,11197.15
2015-06-08,2079.28,4431.51,17766.55,11064.92
2015-06-09,2080.15,4427.61,17764.04,11001.29
2015-06-10,2105.20,4485.46,18000.40,11265.39
2015-06-11,2108.86,4488.47,18039.37,11332.78
2015-06-12,2094.11,4453.79,17898.84,11196.49
2015-06-15,2084.43,4432.92,17791.17,10984.97
2015-06-16,2096.29,4455.90,17904.48,11044.01
2015-06-17,2100.44,4468.98,17935.74,10978.01
2015-06-18,2121.24,4531.85,18115.84,11100.30
2015-06-19,2109.99,4513.42,18015.95,11040.10
2015-06-22,2122.85,4544.04,18119.78,11460.50
2015-06-23,2124.20,4548.74,18144.07,11542.54
2015-06-24,2108.58,4524.60,17966.07,11471.26
2015-06-25,2102.31,4514.01,17890.36,11473.13
2015-06-26,2101.49,4484.28,17946.68,11492.43
2015-06-29,2057.64,4379.87,17596.35,11083.20
2015-06-30,2063.11,4396.76,17619.51,10944.97
2015-07-01,2077.42,4429.23,17757.91,11180.50
2015-07-02,2076.78,4433.39,17730.11,11099.35
2015-07-03,,,,11058.39
2015-07-06,2068.76,4418.66,17683.58,10890.63
2015-07-07,2081.34,4429.06,17776.91,10676.78
2015-07-08,2046.68,4351.58,17515.42,10747.30
2015-07-09,2051.31,4352.03,17548.62,10996.41
2015-07-10,2076.62,4420.15,17760.41,11315.63
2015-07-13,2099.60,4494.47,17977.68,11484.38
2015-07-14,2108.95,4523.47,18053.58,11516.90
2015-07-15,2107.40,4528.36,18050.17,11539.66
2015-07-16,2124.29,4594.90,18120.25,11716.76
2015-07-17,2126.64,4661.60,18086.45,11673.42
2015-07-20,2128.28,4679.68,18100.41,11735.72
2015-07-21,2119.21,4674.41,17919.29,11604.80
2015-07-22,2114.15,4623.24,17851.04,11520.67
2015-07-23,2102.15,4602.83,17731.92,11512.11
2015-07-24,2079.65,4557.37,17568.53,11347.45
2015-07-27,2067.64,4519.09,17440.59,11056.40
2015-07-28,2093.25,4560.23,17630.27,11173.91
2015-07-29,2108.57,4581.60,17751.39,11211.85
2015-07-30,2108.63,4598.59,17745.98,11257.15
2015-07-31,2103.84,4588.91,17689.86,11308.99
2015-08-03,2098.04,4580.46,17598.20,11443.72
2015-08-04,2093.32,4567.47,17550.69,11456.07
2015-08-05,2099.84,4602.24,17540.47,11636.30
2015-08-06,2083.56,4528.51,17419.75,11585.10
2015-08-07,2077.57,4520.08,17373.38,11490.83
2015-08-10,2104.18,4573.11,17615.17,11604.78
2015-08-11,2084.07,4513.99,17402.84,11293.65
2015-08-12,2086.05,4528.19,17402.51,10924.61
2015-08-13,2083.39,4519.32,17408.25,11014.63
2015-08-14,2091.54,4530.74,17477.40,10985.14
2015-08-17,2102.44,4566.37,17545.18,10940.33
2015-08-18,2096.92,4542.07,17511.34,10915.92
2015-08-19,2079.61,4510.90,17348.73,10682.15
2015-08-20,2035.73,4385.13,16990.69,10432.19
2015-08-21,1970.89,4197.27,16459.75,10124.52
2015-08-24,1893.21,4038.60,15871.35,9648.43
2015-08-25,1867.61,4016.32,15666.44,10128.12
2015-08-26,1940.51,4219.60,16285.51,9997.43
2015-08-27,1987.66,4324.82,16654.77,10315.62
2015-08-28,1988.87,4329.12,16643.01,10298.53
2015-08-31,1972.18,4274.58,16528.03,10259.46
2015-09-01,1913.85,4142.63,16058.35,10015.57
2015-09-02,1948.86,4256.23,16351.38,10048.05
2015-09-03,1951.13,4234.65,16374.76,10317.84
2015-09-04,1921.22,4184.72,16102.38,10038.04
2015-09-07,,,,10108.61
2015-09-08,1969.41,4303.53,16492.68,10271.36
2015-09-09,1942.04,4253.45,16253.57,10303.12
2015-09-10,1952.29,4296.30,16330.40,10210.44
2015-09-11,1961.05,4323.23,16433.09,10123.56
2015-09-14,1953.03,4308.76,16370.96,10131.74
2015-09-15,1978.09,4360.28,16599.85,10188.13
2015-09-16,1995.31,4383.67,16739.95,10227.21
2015-09-17,1990.20,4384.96,16674.74,10229.58
2015-09-18,1958.03,4323.86,16384.58,9916.16
2015-09-21,1966.97,4336.13,16510.19,9948.51
2015-09-22,1942.74,4274.10,16330.47,9570.66
2015-09-23,1938.76,4273.53,16279.89,9612.62
2015-09-24,1932.24,4261.10,16201.32,9427.64
2015-09-25,1931.34,4224.74,16314.67,9688.53
2015-09-28,1881.77,4103.47,16001.89,9483.55
2015-09-29,1884.09,4083.37,16049.13,9450.40
2015-09-30,1920.03,4181.06,16284.70,9660.44
2015-10-01,1923.82,4192.96,16272.01,9509.25
2015-10-02,1951.36,4267.45,16472.37,9553.07
2015-10-05,1987.05,4331.43,16776.43,9814.79
2015-10-06,1979.92,4306.70,16790.19,9902.83
2015-10-07,1995.83,4333.46,16912.29,9970.40
2015-10-08,2013.43,4350.15,17050.75,9993.07
2015-10-09,2014.89,4370.01,17084.49,10096.60
2015-10-12,2017.46,4382.56,17131.86,10119.83
2015-10-13,2003.69,4352.94,17081.89,10032.82
2015-10-14,1994.24,4346.92,16924.75,9915.85
2015-10-15,2023.86,4418.22,17141.75,10064.80
2015-10-16,2033.11,4438.62,17215.97,10104.43
2015-10-19,2033.66,4462.07,17230.54,10164.31
2015-10-20,2030.77,4438.18,17217.11,10147.68
2015-10-21,2018.94,4413.52,17168.61,10238.10
2015-10-22,2052.51,4503.22,17489.16,10491.97
2015-10-23,2075.15,4624.09,17646.70,10794.54
2015-10-26,2071.18,4630.85,17623.05,10801.34
2015-10-27,2065.89,4639.23,17581.43,10692.19
2015-10-28,2090.35,4678.58,17779.52,10831.96
2015-10-29,2089.41,4670.76,17755.80,10800.84
2015-10-30,2079.36,4648.83,17663.54,10850.14
2015-11-02,2104.05,4703.92,17828.76,10950.67
2015-11-03,2109.79,4719.05,17918.15,10951.15
2015-11-04,2102.31,4717.55,17867.58,10845.24
2015-11-05,2099.93,4702.90,17863.43,10887.74
2015-11-06,2099.20,4707.23,17910.33,10988.03
2015-11-09,2078.58,4655.52,17730.48,10815.45
2015-11-10,2081.72,4641.73,17758.21,10832.52
2015-11-11,2075.00,4636.94,17702.22,10907.87
2015-11-12,2045.97,4588.93,17448.07,10782.63
2015-11-13,2023.04,4502.14,17245.24,10708.40
2015-11-16,2053.19,4565.47,17483.01,10713.23
2015-11-17,2050.44,4565.82,17489.50,10971.04
2015-11-18,2083.58,4653.44,17737.16,10959.95
2015-11-19,2081.24,4655.35,17732.75,11085.44
2015-11-20,2089.17,4686.36,17823.81,11119.83
2015-11-23,2086.59,4674.79,17792.68,11092.31
2015-11-24,2089.14,4669.41,17812.19,10933.99
2015-11-25,2088.87,4672.88,17813.39,11169.54
2015-11-26,,,,11320.77
2015-11-27,2090.11,4680.47,17813.39,11293.76
2015-11-30,2080.41,4664.51,17719.92,11382.23
2015-12-01,2102.63,4716.16,17888.35,11261.24
2015-12-02,2079.51,4686.22,17729.68,11190.02
2015-12-03,2049.62,4606.75,17477.67,10789.24
2015-12-04,2091.69,4716.12,17847.63,10752.10
2015-12-07,2077.07,4693.62,17730.51,10886.09
2015-12-08,2063.59,4694.77,17568.00,10673.60
2015-12-09,2047.62,4622.14,17492.30,10592.49
2015-12-10,2052.23,4643.05,17574.75,10598.93
2015-12-11,2012.37,4537.56,17265.21,10340.06
2015-12-14,2021.94,4570.16,17368.50,10139.34
2015-12-15,2043.41,4597.33,17524.91,10450.38
2015-12-16,2073.07,4664.56,17749.09,10469.26
2015-12-17,2041.89,4598.14,17495.84,10738.12
2015-12-18,2005.55,4514.83,17128.55,10608.19
2015-12-21,2021.15,4560.55,17251.62,10497.77
2015-12-22,2038.97,4589.26,17417.27,10488.75
2015-12-23,2064.29,4624.59,17602.61,10727.64
2015-12-24,2060.99,4622.77,17552.17,
2015-12-28,2056.50,4621.35,17528.27,10653.91
2015-12-29,2078.36,4691.08,17720.98,10860.14
2015-12-30,2063.36,4652.01,17603.87,10743.01
2015-12-31,2043.94,4593.27,17425.03,
2016-01-04,2012.66,4497.86,17148.94,10283.44
2016-01-05,2016.71,4484.18,17158.66,10310.10
2016-01-06,1990.26,4443.99,16906.51,10214.02
2016-01-07,1943.09,4305.72,16514.10,9979.85
2016-01-08,1922.03,4270.78,16346.45,9849.34
2016-01-11,1923.67,4283.55,16398.57,9825.07
2016-01-12,1938.68,4333.72,16516.22,9985.43
2016-01-13,1890.28,4183.12,16151.41,9960.96
2016-01-14,1921.84,4272.97,16379.05,9794.20
2016-01-15,1880.33,4141.08,15988.08,9545.27
2016-01-18,,,,9521.85
2016-01-19,1881.33,4147.07,16016.02,9664.21
2016-01-20,1859.33,4136.28,15766.74,9391.64
2016-01-21,1868.99,4142.60,15882.68,9574.16
2016-01-22,1906.90,4259.77,16093.51,9764.88
2016-01-25,1877.08,4196.53,15885.22,9736.15
2016-01-26,1903.63,4233.85,16167.23,9822.75
2016-01-27,1882.95,4128.86,15944.46,9880.82
2016-01-28,1893.36,4186.06,16069.64,9639.59
2016-01-29,1940.24,4279.17,16466.30,9798.11
2016-02-01,1939.38,4286.56,16449.18,9757.88
2016-02-02,1903.03,4193.10,16153.54,9581.04
2016-02-03,1912.53,4171.97,16336.66,9434.82
2016-02-04,1915.45,4167.77,16416.58,9393.36
2016-02-05,1880.05,4024.47,16204.97,9286.23
2016-02-08,1853.44,3960.67,16027.05,8979.36
2016-02-09,1852.21,3947.80,16014.38,8879.40
2016-02-10,1851.86,3966.28,15914.74,9017.29
2016-02-11,1829.08,3962.22,15660.18,8752.87
2016-02-12,1864.78,4019.19,15973.84,8967.51
2016-02-15,,,,9206.84
2016-02-16,1895.58,4104.33,16196.41,9135.11
2016-02-17,1926.82,4199.10,16453.83,9377.21
2016-02-18,1917.83,4151.49,16413.43,9463.64
2016-02-19,1917.78,4164.09,16391.99,9388.05
2016-02-22,1945.50,4231.27,16620.66,9573.59
2016-02-23,1921.27,4162.54,16431.78,9416.77
2016-02-24,1929.80,4200.66,16484.99,9167.80
2016-02-25,1951.70,4241.06,16697.29,9331.48
2016-02-26,1948.05,4235.62,16639.97,9513.30
2016-02-29,1932.23,4201.12,16516.50,9495.40
2016-03-01,1978.35,4333.61,16865.08,9717.16
2016-03-02,1986.45,4334.39,16899.32,9776.62
2016-03-03,1993.40,4325.86,16943.90,9751.92
2016-03-04,1999.99,4329.00,17006.77,9824.17
2016-03-07,2001.76,4303.33,17073.95,9778.93
2016-03-08,1979.26,4265.51,16964.10,9692.82
2016-03-09,1989.26,4293.23,17000.36,9723.09
2016-03-10,1989.57,4286.97,16995.13,9498.15
2016-03-11,2022.19,4361.83,17213.31,9831.13
2016-03-14,2019.64,4367.33,17229.13,9990.26
2016-03-15,2015.93,4367.08,17251.53,9933.85
2016-03-16,2027.22,4404.20,17325.76,9983.41
2016-03-17,2040.59,4400.26,17481.49,9892.20
2016-03-18,2049.58,4410.83,17602.30,9950.80
2016-03-21,2051.60,4426.98,17623.87,9948.64
2016-03-22,2049.80,4437.62,17582.57,9990.00
2016-03-23,2036.71,4402.56,17502.59,10022.93
2016-03-24,2035.94,4405.53,17515.73,9851.35
2016-03-28,2037.05,4398.07,17535.39,
2016-03-29,2055.01,4467.72,17633.11,9887.94
2016-03-30,2063.95,4490.88,17716.66,10046.61
2016-03-31,2059.74,4483.66,17685.09,9965.51
2016-04-01,2072.78,4532.08,17792.75,9794.64
2016-04-04,2066.13,4511.70,17737.00,9822.08
2016-04-05,2045.17,4470.75,17603.32,9563.36
2016-04-06,2066.66,4543.78,17716.05,9624.51
2016-04-07,2041.91,4475.29,17541.96,9530.62
2016-04-08,2047.60,4474.93,17576.96,9622.26
2016-04-11,2041.99,4458.71,17556.41,9682.99
2016-04-12,2061.72,4496.04,17721.25,9761.47
2016-04-13,2082.42,4554.72,17908.28,10026.10
2016-04-14,2082.78,4554.63,17926.43,10093.65
2016-04-15,2080.73,4543.16,17897.46,10051.57
2016-04-18,2094.34,4569.31,18004.16,10120.31
2016-04-19,2100.80,4537.09,18053.60,10349.59
2016-04-20,2102.40,4540.44,18096.27,10421.29
2016-04-21,2091.48,4540.80,17982.52,10435.73
2016-04-22,2091.58,4474.19,18003.75,10373.49
2016-04-25,2087.79,4474.13,17977.24,10294.35
2016-04-26,2091.70,4452.97,17990.32,10259.59
2016-04-27,2095.15,4416.63,18041.55,10299.83
2016-04-28,2075.81,4363.99,17830.76,10321.15
2016-04-29,2065.30,4341.30,17773.64,10038.97
2016-05-02,2081.43,4381.30,17891.16,10123.27
2016-05-03,2063.37,4341.39,17750.91,9926.77
2016-05-04,2051.12,4312.01,17651.26,9828.25
2016-05-05,2050.63,4309.48,17660.71,9851.86
2016-05-06,2057.14,4330.17,17740.63,9869.95
2016-05-09,2058.69,4341.23,17705.91,9980.49
2016-05-10,2084.39,4402.04,17928.35,10045.44
2016-05-11,2064.46,4361.03,17711.12,9975.32
2016-05-12,2064.11,4342.81,17720.50,9862.12
2016-05-13,2046.61,4326.53,17535.32,9952.90
2016-05-16,2066.66,4380.48,17710.71,
2016-05-17,2047.21,4322.56,17529.98,9890.19
2016-05-18,2047.63,4338.23,17526.62,9943.23
2016-05-19,2040.04,4315.58,17435.40,9795.89
2016-05-20,2052.32,4362.90,17500.94,9916.02
2016-05-23,2048.04,4355.10,17492.93,9842.29
2016-05-24,2076.06,4444.30,17706.05,10057.31
2016-05-25,2090.54,4476.43,17851.51,10205.21
2016-05-26,2090.10,4487.96,17828.29,10272.71
2016-05-27,2099.06,4512.54,17873.22,10286.31
2016-05-30,,,,10333.23
2016-05-31,2096.95,4523.89,17787.20,10262.74
2016-06-01,2099.33,4520.07,17789.67,10204.44
2016-06-02,2105.26,4531.35,17838.56,10208.00
2016-06-03,2099.13,4509.79,17807.06,10103.26
2016-06-06,2109.41,4523.63,17920.33,10121.08
2016-06-07,2112.13,4513.09,17938.28,10287.68
2016-06-08,2119.12,4520.63,18005.05,10217.03
2016-06-09,2115.48,4512.69,17985.19,10088.87
2016-06-10,2096.07,4461.05,17865.34,9834.62
2016-06-13,2079.06,4422.76,17732.48,9657.44
2016-06-14,2075.32,4424.91,17674.82,9519.20
2016-06-15,2071.50,4409.51,17640.17,9606.71
2016-06-16,2077.99,4424.23,17733.10,9550.47
2016-06-17,2071.22,4374.38,17675.16,9631.36
2016-06-20,2083.25,4400.16,17804.87,9962.02
2016-06-21,2088.90,4413.40,17829.73,10015.54
2016-06-22,2085.45,4404.73,17780.83,10071.06
2016-06-23,2113.32,4467.48,18011.07,10257.03
2016-06-24,2037.41,4285.70,17400.75,9557.16
2016-06-27,2000.54,4201.05,17140.24,9268.66
2016-06-28,2036.09,4290.47,17409.72,9447.28
2016-06-29,2070.77,4364.74,17694.68,9612.27
2016-06-30,2098.86,4417.70,17929.99,9680.09
2016-07-01,2102.95,4437.45,17949.37,9776.12
2016-07-04,,,,9709.09
2016-07-05,2088.55,4410.75,17840.62,9532.61
2016-07-06,2099.73,4444.70,17918.62,9373.26
2016-07-07,2097.90,4459.58,17895.88,9418.78
2016-07-08,2129.90,4528.36,18146.74,9629.66
2016-07-11,2137.16,4554.71,18226.93,9833.41
2016-07-12,2152.14,4577.61,18347.67,9964.07
2016-07-13,2152.43,4565.77,18372.12,9930.71
2016-07-14,2163.75,4596.49,18506.41,10068.30
2016-07-15,2161.74,4589.83,18516.55,10066.90
2016-07-18,2166.89,4619.68,18533.05,10063.13
2016-07-19,2163.78,4603.28,18559.01,9981.24
2016-07-20,2173.02,4657.20,18595.03,10142.01
2016-07-21,2165.17,4647.02,18517.23,10156.21
2016-07-22,2175.03,4666.07,18570.85,10147.46
2016-07-25,2168.48,4665.93,18493.06,10198.24
2016-07-26,2169.18,4672.11,18473.75,10247.76
2016-07-27,2166.58,4702.88,18472.17,10319.55
2016-07-28,2170.06,4721.41,18456.35,10274.93
2016-07-29,2173.60,4730.23,18432.24,10337.50
2016-08-01,2170.84,4756.04,18404.51,10330.52
2016-08-02,2157.03,4719.21,18313.77,10144.34
2016-08-03,2163.79,4734.33,18355.00,10170.21
2016-08-04,2164.25,4743.81,18352.05,10227.86
2016-08-05,2182.87,4791.21,18543.53,10367.21
2016-08-08,2180.89,4784.74,18529.29,10432.36
2016-08-09,2181.74,4795.75,18533.05,10692.90
2016-08-10,2175.49,4783.39,18495.66,10650.89
2016-08-11,2185.79,4803.31,18613.52,10742.84
2016-08-12,2184.05,4807.08,18576.47,10713.43
2016-08-15,2190.15,4827.12,18636.05,10739.21
2016-08-16,2178.15,4797.19,18552.02,10676.65
2016-08-17,2182.22,4805.45,18573.94,10537.67
2016-08-18,2187.02,4808.68,18597.70,10603.03
2016-08-19,2183.87,4806.14,18552.57,10544.36
2016-08-22,2182.64,4808.56,18529.42,10494.35
2016-08-23,2186.90,4818.48,18547.30,10592.88
2016-08-24,2175.44,4783.49,18481.48,10622.97
2016-08-25,2172.47,4775.43,18448.41,10529.59
2016-08-26,2169.04,4783.69,18395.40,10587.77
2016-08-29,2180.38,4791.09,18502.99,10544.44
2016-08-30,2176.12,4775.99,18454.30,10657.64
2016-08-31,2170.95,4771.05,18400.88,10592.69
2016-09-01,2170.86,4783.94,18419.30,10534.31
2016-09-02,2179.98,4798.74,18491.96,10683.82
2016-09-05,,,,10672.22
2016-09-06,2186.48,4829.51,18538.12,10687.14
2016-09-07,2186.16,4831.86,18526.14,10752.98
2016-09-08,2181.30,4804.00,18479.91,10675.29
2016-09-09,2127.81,4681.54,18085.45,10573.44
2016-09-12,2159.04,4764.65,18325.07,10431.77
2016-09-13,2127.02,4722.85,18066.75,10386.60
2016-09-14,2125.77,4746.06,18034.77,10378.40
2016-09-15,2147.26,4819.90,18212.48,10431.20
2016-09-16,2139.16,4818.05,18123.80,10276.17
2016-09-19,2139.12,4796.07,18120.17,10373.87
2016-09-20,2139.76,4805.22,18129.96,10393.86
2016-09-21,2163.12,4853.75,18293.70,10436.49
2016-09-22,2177.18,4891.36,18392.46,10674.18
2016-09-23,2164.69,4858.91,18261.45,10626.97
2016-09-26,2146.10,4817.17,18094.83,10393.71
2016-09-27,2159.93,4866.71,18228.30,10361.48
2016-09-28,2171.37,4875.27,18339.24,10438.34
2016-09-29,2151.13,4838.30,18143.45,10405.54
2016-09-30,2168.27,4875.70,18308.15,10511.02
2016-10-03,2161.20,4866.63,18253.85,
2016-10-04,2150.49,4859.47,18168.45,10619.61
2016-10-05,2159.73,4877.75,18281.03,10585.78
2016-10-06,2160.77,4873.92,18268.50,10568.80
2016-10-07,2153.74,4864.52,18240.49,10490.86
2016-10-10,2163.66,4893.77,18329.04,10624.08
2016-10-11,2136.73,4821.91,18128.66,10577.16
2016-10-12,2139.18,4819.64,18144.20,10523.07
2016-10-13,2132.55,4803.10,18098.94,10414.07
2016-10-14,2132.98,4808.48,18138.38,10580.38
2016-10-17,2126.50,4796.17,18086.40,10503.57
2016-10-18,2139.60,4839.72,18161.94,10631.55
2016-10-19,2144.29,4836.61,18202.62,10645.68
2016-10-20,2141.34,4832.71,18162.35,10701.39
2016-10-21,2141.16,4851.86,18145.71,10710.73
2016-10-24,2151.33,4909.97,18223.03,10761.17
2016-10-25,2143.16,4891.45,18169.27,10757.31
2016-10-26,2139.43,4860.59,18199.33,10709.68
2016-10-27,2133.04,4836.45,18169.68,10717.08
2016-10-28,2126.41,4805.59,18161.19,10696.19
2016-10-31,2126.15,4801.27,18142.42,10665.01
2016-11-01,2111.72,4766.94,18037.10,10526.16
2016-11-02,2097.94,4726.91,17959.64,10370.93
2016-11-03,2088.66,4679.10,17930.67,10325.88
2016-11-04,2085.18,4660.46,17888.28,10259.13
2016-11-07,2131.52,4773.73,18259.60,10456.95
2016-11-08,2139.56,4804.92,18332.74,10482.32
2016-11-09,2163.26,4825.18,18589.69,10646.01
2016-11-10,2167.48,4747.03,18807.88,10630.12
2016-11-11,2164.45,4751.95,18847.66,10667.95
2016-11-14,2164.20,4702.04,18868.69,10693.69
2016-11-15,2180.39,4764.47,18923.06,10735.14
2016-11-16,2176.94,4792.27,18868.14,10663.87
2016-11-17,2187.12,4826.59,18903.82,10685.54
2016-11-18,2181.90,4808.04,18867.93,10664.56
2016-11-21,2198.18,4859.00,18956.69,10685.13
2016-11-22,2202.94,4873.84,19023.87,10713.85
2016-11-23,2204.72,4853.86,19083.18,10662.44
2016-11-24,,,,10689.26
2016-11-25,2213.35,4870.02,19152.14,10699.27
2016-11-28,2201.72,4857.02,19097.90,10582.67
2016-11-29,2204.66,4873.21,19121.60,10620.49
2016-11-30,2198.81,4810.81,19123.58,10640.30
2016-12-01,2191.08,4734.10,19191.93,10534.05
2016-12-02,2191.95,4739.37,19170.42,10513.35
2016-12-05,2204.71,4778.14,19216.24,10684.83
2016-12-06,2212.23,4788.67,19251.78,10775.32
2016-12-07,2241.35,4851.94,19549.62,10986.69
2016-12-08,2246.19,4859.19,19614.81,11179.42
2016-12-09,2259.53,4895.90,19756.85,11203.63
2016-12-12,2256.96,4874.30,19796.43,11190.21
2016-12-13,2271.72,4935.84,19911.21,11284.65
2016-12-14,2253.28,4921.22,19792.53,11244.84
2016-12-15,2262.03,4933.41,19852.24,11366.40
2016-12-16,2258.07,4914.86,19843.41,11404.01
2016-12-19,2262.53,4934.85,19883.06,11426.70
2016-12-20,2270.76,4953.80,19974.62,11464.74
2016-12-21,2265.18,4948.91,19941.96,11468.64
2016-12-22,2260.96,4934.39,19918.88,11456.10
2016-12-23,2263.79,4940.02,19933.81,11449.93
2016-12-27,2268.88,4965.81,19945.04,11472.24
2016-12-28,2249.92,4926.29,19833.68,11474.99
2016-12-29,2249.26,4918.28,19819.78,11451.05
2016-12-30,2238.83,4863.62,19762.60,11481.06
2017-01-02,,,,11598.33
2017-01-03,2257.83,4911.33,19881.76,11584.24
2017-01-04,2270.75,4937.21,19942.16,11584.31
2017-01-05,2269.00,4964.95,19899.29,11584.94
2017-01-06,2276.98,5007.08,19963.80,11599.01
2017-01-09,2268.90,5024.90,19887.38,11563.99
2017-01-10,2268.90,5035.17,19855.53,11583.30
2017-01-11,2275.32,5050.21,19954.28,11646.17
2017-01-12,2270.44,5041.43,19891.00,11521.04
2017-01-13,2274.64,5059.51,19885.73,11629.18
2017-01-16,,,,11554.71
2017-01-17,2267.89,5044.65,19826.77,11540.00
2017-01-18,2271.89,5055.85,19804.72,11599.39
2017-01-19,2263.69,5051.17,19732.40,11596.89
2017-01-20,2271.31,5063.20,19827.25,11630.13
2017-01-23,2265.20,5065.70,19799.85,11545.75
2017-01-24,2280.07,5101.06,19912.71,11594.94
2017-01-25,2298.37,5151.47,20068.51,11806.05
2017-01-26,2296.68,5156.92,20100.91,11848.63
2017-01-27,2294.69,5168.06,20093.78,11814.27
2017-01-30,2280.90,5129.33,19971.13,11681.89
2017-01-31,2278.87,5116.77,19864.09,11535.31
2017-02-01,2279.55,5152.69,19890.94,11659.50
2017-02-02,2280.85,5147.70,19884.91,11627.95
2017-02-03,2297.42,5161.60,20071.46,11651.49
2017-02-06,2292.56,5167.96,20052.42,11509.84
2017-02-07,2293.08,5185.88,20090.29,11549.44
2017-02-08,2294.67,5196.58,20054.34,11543.38
2017-02-09,2307.87,5212.16,20172.40,11642.86
2017-02-10,2316.10,5226.69,20269.37,11666.97
2017-02-13,2328.25,5256.82,20412.16,11774.43
2017-02-14,2337.58,5271.07,20504.41,11771.81
2017-02-15,2349.25,5302.39,20611.86,11793.93
2017-02-16,2347.22,5300.64,20619.77,11757.24
2017-02-17,2351.16,5324.72,20624.05,11757.02
2017-02-20,,,,11827.62
2017-02-21,2365.38,5350.73,20743.00,11967.49
2017-02-22,2362.82,5352.13,20775.60,11998.59
2017-02-23,2363.81,5332.37,20810.32,11947.83
2017-02-24,2367.34,5343.31,20821.76,11804.03
2017-02-27,2369.75,5347.55,20837.44,11822.67
2017-02-28,2363.64,5330.31,20812.24,11834.41
2017-03-01,2395.96,5390.99,21115.55,12067.19
2017-03-02,2381.92,5363.26,21002.97,12059.57
2017-03-03,2383.12,5373.48,21005.71,12027.36
2017-03-06,2375.31,5360.31,20954.34,11958.40
2017-03-07,2368.39,5351.28,20924.76,11966.14
2017-03-08,2362.98,5359.81,20855.73,11967.31
2017-03-09,2364.87,5363.98,20858.19,11978.39
2017-03-10,2372.60,5385.90,20902.98,11963.18
2017-03-13,2373.47,5394.57,20881.48,11990.03
2017-03-14,2365.45,5382.17,20837.37,11988.79
2017-03-15,2385.26,5416.25,20950.10,12009.87
2017-03-16,2381.38,5412.08,20934.55,12083.18
2017-03-17,2378.25,5408.76,20914.62,12095.24
2017-03-20,2373.47,5413.31,20905.86,12052.90
2017-03-21,2344.02,5332.53,20668.01,11962.13
2017-03-22,2348.45,5367.55,20661.30,11904.12
2017-03-23,2345.96,5355.14,20656.58,12039.68
2017-03-24,2343.98,5364.00,20596.72,12064.27
2017-03-27,2341.59,5374.27,20550.98,11996.07
2017-03-28,2358.57,5407.21,20701.50,12149.42
2017-03-29,2361.13,5430.27,20659.32,12203.00
2017-03-30,2368.06,5439.74,20728.49,12256.43
2017-03-31,2362.72,5436.23,20663.22,12312.87
2017-04-03,2358.84,5432.20,20650.21,12257.20
2017-04-04,2360.16,5440.41,20689.24,12282.34
2017-04-05,2352.95,5418.52,20648.15,12217.54
2017-04-06,2357.49,5420.88,20662.95,12230.89
2017-04-07,2355.54,5418.37,20656.10,12225.06
2017-04-10,2357.16,5421.68,20658.02,12200.52
2017-04-11,2353.78,5398.40,20651.30,12139.35
2017-04-12,2344.93,5377.03,20591.86,12154.70
2017-04-13,2328.95,5353.59,20453.25,12109.00
2017-04-17,2349.01,5399.20,20636.92,
2017-04-18,2342.19,5391.66,20523.28,12000.44
2017-04-19,2338.17,5399.64,20404.49,12016.45
2017-04-20,2355.84,5443.53,20578.71,12027.32
2017-04-21,2348.69,5442.05,20547.76,12048.57
2017-04-24,2374.15,5508.03,20763.89,12454.98
2017-04-25,2388.61,5548.19,20996.12,12467.04
2017-04-26,2387.45,5541.09,20975.09,12472.80
2017-04-27,2388.77,5571.28,20981.33,12443.79
2017-04-28,2384.20,5583.53,20940.51,12438.01
2017-05-01,2388.33,5629.63,20913.46,
2017-05-02,2391.17,5644.07,20949.89,12507.90
2017-05-03,2388.13,5625.16,20957.90,12527.84
2017-05-04,2389.52,5626.32,20951.47,12647.78
2017-05-05,2399.29,5646.09,21006.94,12716.89
2017-05-08,2399.38,5659.07,21012.28,12694.55
2017-05-09,2396.92,5678.31,20975.78,12749.12
2017-05-10,2399.63,5681.68,20943.11,12757.46
2017-05-11,2394.44,5674.22,20919.42,12711.06
2017-05-12,2390.90,5686.81,20896.61,12770.41
2017-05-15,2402.32,5704.48,20981.94,12807.04
2017-05-16,2400.67,5724.44,20979.75,12804.53
2017-05-17,2357.03,5580.55,20606.93,12631.61
2017-05-18,2365.72,5626.31,20663.02,12590.06
2017-05-19,2381.73,5651.56,20804.84,12638.69
2017-05-22,2394.02,5699.40,20894.83,12619.46
2017-05-23,2398.42,5703.35,20937.91,12659.15
2017-05-24,2404.39,5730.30,21012.42,12642.87
2017-05-25,2415.07,5778.37,21082.95,12621.72
2017-05-26,2415.82,5788.36,21080.28,12602.18
2017-05-29,,,,12628.95
2017-05-30,2412.91,5794.63,21029.47,12598.68
2017-05-31,2411.80,5788.80,21008.65,12615.06
2017-06-01,2430.06,5816.51,21144.18,12664.92
2017-06-02,2439.07,5881.46,21206.29,12822.94
2017-06-05,2436.10,5878.12,21184.04,
2017-06-06,2429.33,5856.77,21136.23,12690.12
2017-06-07,2433.14,5877.59,21173.69,12672.49
2017-06-08,2433.79,5885.30,21182.53,12713.58
2017-06-09,2431.77,5741.94,21271.97,12815.72
2017-06-12,2429.39,5708.18,21235.67,12690.44
2017-06-13,2440.35,5751.82,21328.47,12764.98
2017-06-14,2437.92,5727.07,21374.56,12805.95
2017-06-15,2432.46,5700.89,21359.90,12691.81
2017-06-16,2433.15,5681.48,21384.28,12752.73
2017-06-19,2453.46,5772.22,21528.99,12888.95
2017-06-20,2437.03,5726.31,21467.14,12814.79
2017-06-21,2435.61,5782.39,21410.03,12774.26
2017-06-22,2434.50,5779.87,21397.29,12794.00
2017-06-23,2438.30,5803.11,21394.76,12733.41
2017-06-26,2439.07,5777.59,21409.55,12770.83
2017-06-27,2419.38,5671.60,21310.66,12671.02
2017-06-28,2440.69,5753.03,21454.61,12647.27
2017-06-29,2419.70,5653.02,21287.03,12416.19
2017-06-30,2423.41,5646.92,21349.63,12325.12
2017-07-03,2429.01,5596.96,21479.27,12475.31
2017-07-04,,,,12437.13
2017-07-05,2432.54,5648.82,21478.17,12453.68
2017-07-06,2409.75,5597.90,21320.04,12381.25
2017-07-07,2425.18,5656.47,21414.34,12388.68
2017-07-10,2427.43,5694.15,21408.52,12445.92
2017-07-11,2425.53,5709.80,21409.07,12437.02
2017-07-12,2443.25,5778.95,21532.14,12626.58
2017-07-13,2447.83,5793.36,21553.09,12641.33
2017-07-14,2459.27,5838.08,21637.74,12631.72
2017-07-17,2459.14,5839.74,21629.72,12587.16
2017-07-18,2460.61,5880.10,21574.73,12430.39
2017-07-19,2473.83,5916.16,21640.75,12452.05
2017-07-20,2473.45,5921.22,21611.78,12447.25
2017-07-21,2472.54,5921.53,21580.07,12240.06
2017-07-24,2469.91,5941.37,21513.17,12208.95
2017-07-25,2477.13,5930.65,21613.43,12264.31
2017-07-26,2477.83,5950.73,21711.01,12305.11
2017-07-27,2475.42,5917.03,21796.55,12212.04
2017-07-28,2472.10,5908.92,21830.31,12162.70
2017-07-31,2470.30,5880.33,21891.12,12118.25
2017-08-01,2476.35,5895.17,21963.92,12251.29
2017-08-02,2477.57,5914.23,22016.24,12181.48
2017-08-03,2472.16,5891.20,22026.10,12154.72
2017-08-04,2476.83,5899.91,22092.81,12297.72
2017-08-07,2480.91,5934.73,22118.42,12257.17
2017-08-08,2474.92,5926.35,22085.34,12292.05
2017-08-09,2474.02,5919.39,22048.70,12154.00
2017-08-10,2438.21,5788.19,21844.01,12014.30
2017-08-11,2441.32,5831.53,21858.32,12014.06
2017-08-14,2465.84,5908.17,21993.71,12165.12
2017-08-15,2464.61,5907.73,21998.99,12177.04
2017-08-16,2468.11,5917.42,22024.87,12263.86
2017-08-17,2430.01,5796.32,21750.73,12203.46
2017-08-18,2425.55,5790.91,21674.51,12165.19
2017-08-21,2428.37,5786.54,21703.75,12065.99
2017-08-22,2452.51,5873.33,21899.89,12229.34
2017-08-23,2444.04,5851.78,21812.09,12174.30
2017-08-24,2438.97,5834.44,21783.40,12180.83
2017-08-25,2443.05,5822.53,21813.67,12167.94
2017-08-28,2444.24,5838.08,21808.40,12123.47
2017-08-29,2446.30,5862.14,21865.37,11945.88
2017-08-30,2457.59,5932.90,21892.43,12002.47
2017-08-31,2471.65,5988.60,21948.10,12055.84
2017-09-01,2476.55,5987.90,21987.56,12142.64
2017-09-04,,,,12102.21
2017-09-05,2457.85,5932.73,21753.31,12123.71
2017-09-06,2465.54,5951.13,21807.64,12214.54
2017-09-07,2465.10,5964.31,21784.78,12296.63
2017-09-08,2461.43,5913.37,21797.79,12303.98
2017-09-11,2488.11,5980.53,22057.37,12475.24
2017-09-12,2496.48,5995.64,22118.86,12524.77
2017-09-13,2498.37,6004.38,22158.18,12553.57
2017-09-14,2495.62,5968.82,22203.48,12540.45
2017-09-15,2500.23,5988.00,22268.34,12518.81
2017-09-18,2503.87,5981.12,22331.35,12559.39
2017-09-19,2506.65,5991.08,22370.80,12561.79
2017-09-20,2508.24,5973.61,22412.59,12569.17
2017-09-21,2500.60,5934.91,22359.23,12600.03
2017-09-22,2502.22,5932.32,22349.59,12592.35
2017-09-25,2496.66,5867.35,22296.09,12594.81
2017-09-26,2496.84,5881.34,22284.32,12605.20
2017-09-27,2507.04,5937.79,22340.71,12657.41
2017-09-28,2510.06,5933.07,22381.20,12704.65
2017-09-29,2519.36,5979.30,22405.09,12828.86
2017-10-02,2529.12,5981.92,22557.60,12902.65
2017-10-03,2534.58,5995.06,22641.67,
2017-10-04,2537.74,5998.84,22661.64,12970.52
2017-10-05,2552.07,6057.14,22775.39,12968.05
2017-10-06,2549.33,6064.57,22773.67,12955.94
2017-10-09,2544.73,6058.53,22761.07,12976.40
2017-10-10,2550.64,6063.52,22830.68,12949.25
2017-10-11,2555.24,6081.25,22872.89,12970.68
2017-10-12,2550.93,6069.99,22841.01,12982.89
2017-10-13,2553.17,6092.45,22871.72,12991.87
2017-10-16,2557.64,6114.53,22956.96,13003.70
2017-10-17,2559.36,6122.61,22997.44,12995.06
2017-10-18,2561.26,6114.35,23157.60,13043.03
2017-10-19,2562.10,6092.62,23163.04,12990.10
2017-10-20,2575.21,6108.82,23328.63,12991.28
2017-10-23,2564.98,6067.83,23273.96,13003.14
2017-10-24,2569.13,6080.22,23441.76,13013.19
2017-10-25,2557.15,6055.04,23329.46,12953.41
2017-10-26,2560.40,6037.87,23400.86,13133.28
2017-10-27,2581.07,6213.47,23434.19,13217.54
2017-10-30,2572.83,6227.59,23348.74,13229.57
2017-10-31,2575.26,6248.56,23377.24,
2017-11-01,2579.36,6248.65,23435.01,13465.51
2017-11-02,2579.85,6236.39,23516.26,13440.93
2017-11-03,2587.84,6295.58,23539.19,13478.86
2017-11-06,2591.13,6313.61,23548.42,13468.79
2017-11-07,2590.64,6320.78,23557.23,13379.27
2017-11-08,2594.38,6345.81,23563.36,13382.42
2017-11-09,2584.62,6312.21,23461.94,13182.56
2017-11-10,2582.30,6309.07,23422.21,13127.47
2017-11-13,2584.84,6316.18,23439.70,13074.42
2017-11-14,2578.87,6293.64,23409.47,13033.48
2017-11-15,2564.62,6258.36,23271.28,12976.37
2017-11-16,2585.64,6339.14,23458.36,13047.22
2017-11-17,2578.85,6314.51,23358.24,12993.73
2017-11-20,2582.14,6308.61,23430.33,13058.66
2017-11-21,2599.03,6378.63,23590.83,13167.54
2017-11-22,2597.08,6386.12,23526.18,13015.04
2017-11-23,,,,13008.55
2017-11-24,2602.42,6409.29,23557.99,13059.84
2017-11-27,2601.42,6405.97,23580.78,13000.20
2017-11-28,2627.04,6422.56,23836.71,13059.53
2017-11-29,2626.07,6311.38,23940.68,13061.87
2017-11-30,2647.58,6365.56,24272.35,13023.98
2017-12-01,2642.22,6337.87,24231.59,12861.49
2017-12-04,2639.44,6263.70,24290.05,13058.55
2017-12-05,2629.57,6265.11,24180.64,13048.54
2017-12-06,2629.27,6293.05,24140.91,12998.85
2017-12-07,2636.98,6316.28,24211.48,13045.15
2017-12-08,2651.50,6344.57,24329.16,13153.70
2017-12-11,2659.99,6393.89,24386.03,13123.65
2017-12-12,2664.11,6383.65,24504.80,13183.53
2017-12-13,2662.85,6394.67,24585.43,13125.64
2017-12-14,2652.01,6389.91,24508.66,13068.08
2017-12-15,2675.81,6466.32,24651.74,13103.56
2017-12-18,2690.16,6513.27,24792.20,13312.30
2017-12-19,2681.47,6480.67,24754.75,13215.79
2017-12-20,2679.25,6472.48,24726.65,13069.17
2017-12-21,2684.57,6472.69,24782.29,13109.74
2017-12-22,2683.34,6465.17,24754.06,13072.79
2017-12-26,2680.50,6433.16,24746.21,
2017-12-27,2682.62,6435.15,24774.30,13070.02
2017-12-28,2687.54,6441.42,24837.51,12979.94
2017-12-29,2673.61,6396.42,24719.22,12917.64
2018-01-02,2695.81,6511.34,24824.01,12871.39
2018-01-03,2713.06,6575.80,24922.68,12978.21
2018-01-04,2723.99,6584.58,25075.13,13167.89
2018-01-05,2743.15,6653.29,25295.87,13319.64
2018-01-08,2747.71,6676.63,25283.00,13367.78
2018-01-09,2751.29,6677.94,25385.80,13385.59
2018-01-10,2748.23,6662.66,25369.13,13281.34
2018-01-11,2767.56,6708.49,25574.73,13202.90
2018-01-12,2786.24,6758.54,25803.19,13245.03
2018-01-15,,,,13200.51
2018-01-16,2776.42,6737.14,25792.86,13246.33
2018-01-17,2802.56,6810.28,26115.65,13183.96
2018-01-18,2798.03,6811.38,26017.81,13281.43
2018-01-19,2810.30,6834.33,26071.72,13434.45
2018-01-22,2832.97,6906.28,26214.60,13463.69
2018-01-23,2839.13,6963.46,26210.81,13559.60
2018-01-24,2837.54,6919.35,26252.12,13414.74
2018-01-25,2839.25,6916.30,26392.79,13298.36
2018-01-26,2872.87,7022.97,26616.71,13340.17
2018-01-29,2853.53,6988.32,26439.48,13324.48
2018-01-30,2822.43,6930.73,26076.89,13197.71
2018-01-31,2823.81,6949.99,26149.39,13189.48
2018-02-01,2821.98,6901.50,26186.71,13003.90
2018-02-02,2762.13,6760.29,25520.96,12785.16
2018-02-05,2648.94,6495.92,24345.75,12687.49
2018-02-06,2695.14,6665.98,24912.77,12392.66
2018-02-07,2681.66,6582.02,24893.35,12590.43
2018-02-08,2581.00,6306.10,23860.46,12260.29
2018-02-09,2619.55,6412.68,24190.90,12107.48
2018-02-12,2656.00,6523.85,24601.27,12282.77
2018-02-13,2662.94,6553.86,24640.45,12196.50
2018-02-14,2698.63,6675.03,24893.49,12339.16
2018-02-15,2731.20,6794.92,25200.37,12346.17
2018-02-16,2732.22,6770.66,25219.38,12451.96
2018-02-19,,,,12385.60
2018-02-20,2716.26,6779.69,24964.75,12487.90
2018-02-21,2701.33,6759.26,24797.78,12470.49
2018-02-22,2703.96,6761.85,24962.48,12461.91
2018-02-23,2747.30,6896.60,25309.99,12483.79
2018-02-26,2779.60,6989.10,25709.27,12527.04
2018-02-27,2744.28,6900.35,25410.03,12490.73
2018-02-28,2713.83,6854.42,25029.20,12435.85
2018-03-01,2677.67,6750.54,24608.98,12190.94
2018-03-02,2691.25,6811.04,24538.06,11913.71
2018-03-05,2720.94,6881.28,24874.76,12090.87
2018-03-06,2728.12,6913.02,24884.12,12113.87
2018-03-07,2726.80,6929.39,24801.36,12245.36
2018-03-08,2738.97,6966.43,24895.21,12355.57
2018-03-09,2786.57,7101.18,25335.74,12346.68
2018-03-12,2783.02,7131.12,25178.61,12418.39
2018-03-13,2765.31,7046.51,25007.03,12221.03
2018-03-14,2749.48,7040.98,24758.12,12237.74
2018-03-15,2747.33,7030.97,24873.66,12345.56
2018-03-16,2752.01,7019.95,24946.51,12389.58
2018-03-19,2712.92,6864.88,24610.91,12217.02
2018-03-20,2716.94,6885.92,24727.27,12307.33
2018-03-21,2711.93,6853.45,24682.31,12309.15
2018-03-22,2643.69,6682.26,23957.89,12100.08
2018-03-23,2588.26,6508.09,23533.20,11886.31
2018-03-26,2658.55,6753.83,24202.60,11787.26
2018-03-27,2612.62,6529.84,23857.71,11970.83
2018-03-28,2605.00,6460.81,23848.42,11940.71
2018-03-29,2640.87,6581.13,24103.11,12096.73
2018-04-02,2581.88,6390.84,23644.19,
2018-04-03,2614.45,6458.83,24033.36,12002.45
2018-04-04,2644.69,6560.06,24264.30,11957.90
2018-04-05,2662.84,6594.84,24505.22,12305.19
2018-04-06,2604.47,6433.21,23932.76,12241.27
2018-04-09,2613.16,6472.34,23979.10,12261.75
2018-04-10,2656.87,6615.87,24408.00,12397.32
2018-04-11,2642.19,6583.44,24189.45,12293.97
2018-04-12,2663.99,6656.26,24483.05,12415.01
2018-04-13,2656.30,6628.34,24360.14,12442.40
2018-04-16,2677.84,6675.18,24573.04,12391.41
2018-04-17,2706.39,6816.37,24786.63,12585.57
2018-04-18,2708.64,6833.21,24748.07,12590.83
2018-04-19,2693.13,6774.89,24664.89,12567.42
2018-04-20,2670.14,6667.75,24462.94,12540.50
2018-04-23,2670.29,6648.80,24448.69,12572.39
2018-04-24,2634.56,6509.05,24024.13,12550.82
2018-04-25,2639.40,6513.94,24083.83,12422.30
2018-04-26,2666.94,6649.65,24322.34,12500.47
2018-04-27,2669.91,6656.35,24311.19,12580.87
2018-04-30,2648.05,6605.57,24163.15,12612.11
2018-05-01,2654.80,6681.96,24099.05,
2018-05-02,2635.67,6644.48,23924.98,12802.25
2018-05-03,2629.73,6643.48,23930.15,12690.15
2018-05-04,2663.42,6769.12,24262.51,12819.60
2018-05-07,2672.63,6821.87,24357.32,12948.14
2018-05-08,2671.92,6815.48,24360.21,12912.21
2018-05-09,2697.79,6893.21,24542.54,12943.06
2018-05-10,2723.07,6963.55,24739.53,13022.87
2018-05-11,2727.72,6952.56,24831.17,13001.24
2018-05-14,2730.13,6964.37,24899.41,12977.71
2018-05-15,2711.45,6888.54,24706.41,12970.04
2018-05-16,2722.46,6929.97,24768.93,12996.33
2018-05-17,2720.13,6901.63,24713.98,13114.61
2018-05-18,2712.97,6866.25,24715.09,13077.72
2018-05-21,2733.01,6905.53,25013.29,
2018-05-22,2724.44,6893.62,24834.41,13169.92
2018-05-23,2733.29,6953.63,24886.81,12976.84
2018-05-24,2727.76,6949.70,24811.76,12855.09
2018-05-25,2721.33,6960.92,24753.09,12938.01
2018-05-28,,,,12863.46
2018-05-29,2689.86,6926.54,24361.45,12666.51
2018-05-30,2724.01,6976.37,24667.78,12783.76
2018-05-31,2705.27,6967.73,24415.84,12604.89
2018-06-01,2734.62,7083.93,24635.21,12724.27
2018-06-04,2746.87,7143.57,24813.69,12770.75
2018-06-05,2748.80,7166.75,24799.98,12787.13
2018-06-06,2772.35,7210.08,25146.39,12830.07
2018-06-07,2770.37,7152.83,25241.41,12811.05
2018-06-08,2779.03,7152.62,25316.53,12766.55
2018-06-11,2782.00,7168.48,25322.31,12842.91
2018-06-12,2786.85,7209.18,25320.73,12842.30
2018-06-13,2775.63,7205.26,25201.20,12890.58
2018-06-14,2782.49,7279.59,25175.31,13107.10
2018-06-15,2779.66,7255.76,25090.48,13010.55
2018-06-18,2773.75,7251.41,24987.47,12834.11
2018-06-19,2762.59,7228.04,24700.21,12677.97
2018-06-20,2767.32,7280.70,24657.80,12695.16
2018-06-21,2749.76,7217.49,24461.70,12511.91
2018-06-22,2754.88,7197.51,24580.89,12579.72
2018-06-25,2717.07,7038.17,24252.80,12270.33
2018-06-26,2723.06,7068.20,24283.11,12234.34
2018-06-27,2699.63,6969.67,24117.59,12348.61
2018-06-28,2716.31,7031.60,24216.05,12177.23
2018-06-29,2718.37,7040.80,24271.41,12306.00
2018-07-02,2726.71,7097.82,24307.18,12238.17
2018-07-03,2713.22,7014.55,24174.82,12349.14
2018-07-04,,,,12317.61
2018-07-05,2736.61,7101.05,24356.74,12464.29
2018-07-06,2759.82,7207.33,24456.48,12496.17
2018-07-09,2784.17,7276.00,24776.59,12543.89
2018-07-10,2793.84,7282.60,24919.66,12609.85
2018-07-11,2774.02,7243.98,24700.45,12417.13
2018-07-12,2798.29,7366.25,24924.89,12492.97
2018-07-13,2801.31,7375.82,25019.41,12540.73
2018-07-16,2798.43,7357.90,25064.36,12561.02
2018-07-17,2809.55,7403.89,25119.89,12661.54
2018-07-18,2815.62,7390.13,25199.29,12765.94
2018-07-19,2804.49,7352.36,25064.50,12686.29
2018-07-20,2801.83,7350.23,25058.12,12561.42
2018-07-23,2806.98,7371.78,25044.29,12548.57
2018-07-24,2820.40,7406.25,25241.94,12689.39
2018-07-25,2846.07,7508.59,25414.10,12579.33
2018-07-26,2837.44,7400.75,25527.07,12809.23
2018-07-27,2818.82,7296.78,25451.06,12860.40
2018-07-30,2802.60,7193.10,25306.83,12798.20
2018-07-31,2816.29,7231.98,25415.19,12805.50
2018-08-01,2813.36,7272.89,25333.82,12737.05
2018-08-02,2827.22,7372.15,25326.16,12546.33
2018-08-03,2840.35,7395.49,25462.58,12615.76
2018-08-06,2850.40,7438.99,25502.18,12598.21
2018-08-07,2858.45,7462.65,25628.91,12648.19
2018-08-08,2857.70,7469.55,25583.75,12633.54
2018-08-09,2853.58,7466.96,25509.23,12676.11
2018-08-10,2833.28,7408.30,25313.14,12424.35
2018-08-13,2821.93,7401.17,25187.70,12358.74
2018-08-14,2839.96,7447.17,25299.92,12358.87
2018-08-15,2818.37,7354.66,25162.41,12163.01
2018-08-16,2840.69,7374.29,25558.73,12237.17
2018-08-17,2850.13,7377.54,25669.32,12210.55
2018-08-20,2857.05,7371.42,25758.69,12331.30
2018-08-21,2862.96,7397.23,25822.29,12384.49
2018-08-22,2861.82,7424.60,25733.60,12385.70
2018-08-23,2856.98,7413.84,25656.98,12365.58
2018-08-24,2874.69,7485.40,25790.35,12394.52
2018-08-27,2896.74,7559.13,26049.64,12538.31
2018-08-28,2897.52,7570.25,26064.02,12527.42
2018-08-29,2914.04,7660.18,26124.57,12561.68
2018-08-30,2901.13,7642.67,25986.92,12494.24
2018-08-31,2901.52,7654.55,25964.82,12364.06
2018-09-03,,,,12346.41
2018-09-04,2896.72,7622.32,25952.48,12210.21
2018-09-05,2888.60,7523.26,25974.99,12040.46
2018-09-06,2878.05,7453.17,25995.87,11955.25
2018-09-07,2871.68,7430.26,25916.54,11959.63
2018-09-10,2877.13,7447.68,25857.07,11986.34
2018-09-11,2887.89,7507.87,25971.06,11970.27
2018-09-12,2888.92,7488.06,25998.92,12032.30
2018-09-13,2904.18,7561.69,26145.99,12055.55
2018-09-14,2904.98,7545.50,26154.67,12124.33
2018-09-17,2888.80,7434.73,26062.12,12096.41
2018-09-18,2904.31,7494.40,26246.96,12157.67
2018-09-19,2907.95,7490.32,26405.76,12219.02
2018-09-20,2930.75,7569.03,26656.98,12326.48
2018-09-21,2929.67,7531.07,26743.50,12430.88
2018-09-24,2919.37,7548.75,26562.05,12350.82
2018-09-25,2915.56,7563.19,26492.21,12374.66
2018-09-26,2905.97,7563.09,26385.28,12385.89
2018-09-27,2914.00,7629.57,26439.93,12435.59
2018-09-28,2913.98,7627.65,26458.31,12246.73
2018-10-01,2924.59,7645.45,26651.21,12339.03
2018-10-02,2923.43,7628.28,26773.94,12287.58
2018-10-03,2925.51,7637.43,26828.39,
2018-10-04,2901.61,7490.00,26627.48,12244.14
2018-10-05,2885.57,7399.01,26447.05,12111.90
2018-10-08,2884.43,7352.82,26486.78,11947.16
2018-10-09,2880.34,7371.62,26430.57,11977.22
2018-10-10,2785.68,7044.50,25598.74,11712.50
2018-10-11,2728.37,6964.03,25052.83,11539.35
2018-10-12,2767.13,7157.21,25339.99,11523.81
2018-10-15,2750.79,7068.67,25250.55,11614.16
2018-10-16,2809.92,7276.43,25798.42,11776.55
2018-10-17,2809.21,7278.63,25706.68,11715.03
2018-10-18,2768.78,7116.09,25379.45,11589.21
2018-10-19,2767.78,7107.23,25444.34,11553.83
2018-10-22,2755.88,7141.21,25317.41,11524.34
2018-10-23,2740.69,7118.67,25191.43,11274.28
2018-10-24,2656.10,6789.15,24583.42,11191.63
2018-10-25,2705.57,7016.39,24984.55,11307.12
2018-10-26,2658.69,6852.40,24688.31,11200.62
2018-10-29,2641.25,6713.90,24442.92,11335.48
2018-10-30,2682.63,6810.12,24874.64,11287.39
2018-10-31,2711.74,6967.10,25115.76,11447.51
2018-11-01,2740.37,7069.17,25380.74,11468.54
2018-11-02,2723.06,6965.29,25270.83,11518.99
2018-11-05,2738.31,6937.09,25461.70,11494.96
2018-11-06,2755.45,6988.85,25635.01,11484.34
2018-11-07,2813.89,7203.13,26180.30,11579.10
2018-11-08,2806.83,7158.59,26191.22,11527.32
2018-11-09,2781.01,7039.15,25989.30,11529.16
2018-11-12,2726.22,6829.10,25387.18,11325.44
2018-11-13,2722.18,6830.91,25286.49,11472.22
2018-11-14,2701.58,6769.87,25080.50,11412.53
2018-11-15,2730.20,6890.45,25289.27,11353.67
2018-11-16,2736.27,6867.02,25413.22,11341.00
2018-11-19,2690.73,6642.92,25017.44,11244.54
2018-11-20,2641.89,6526.96,24465.64,11066.41
2018-11-21,2649.93,6575.66,24464.69,11244.17
2018-11-22,,,,11138.49
2018-11-23,2632.56,6527.35,24285.95,11192.69
2018-11-26,2673.45,6678.34,24640.24,11354.72
2018-11-27,2682.17,6701.04,24748.73,11309.11
2018-11-28,2743.79,6913.33,25366.43,11298.88
2018-11-29,2737.80,6892.40,25338.84,11298.23
2018-11-30,2760.17,6949.01,25538.46,11257.24
2018-12-03,2790.37,7062.13,25826.43,11465.46
2018-12-04,2700.06,6795.21,25027.07,11335.32
2018-12-05,,,,11200.24
2018-12-06,2695.95,6838.85,24947.67,10810.98
2018-12-07,2633.08,6613.28,24388.95,10788.09
2018-12-10,2637.72,6682.74,24423.26,10622.07
2018-12-11,2636.78,6704.24,24370.24,10780.51
2018-12-12,2651.07,6763.96,24527.27,10929.43
2018-12-13,2650.54,6767.97,24597.38,10924.70
2018-12-14,2599.95,6594.96,24100.51,10865.77
2018-12-17,2545.94,6448.39,23592.98,10772.20
2018-12-18,2546.16,6491.52,23675.64,10740.89
2018-12-19,2506.96,6342.97,23323.66,10766.21
2018-12-20,2467.42,6243.19,22859.60,10611.10
2018-12-21,2416.62,6046.56,22445.37,10633.82
2018-12-24,2351.10,5899.35,21792.20,
2018-12-26,2467.70,6262.77,22878.45,
2018-12-27,2488.83,6288.30,23138.82,10381.51
2018-12-28,2485.74,6285.27,23062.40,10558.96
2018-12-31,2506.85,6329.97,23327.46,
2019-01-02,2510.03,6360.87,23346.24,10580.19
2019-01-03,2447.89,6147.13,22686.22,10416.66
2019-01-04,2531.94,6422.67,23433.16,10767.69
2019-01-07,2549.69,6488.25,23531.35,10747.81
2019-01-08,2574.41,6551.85,23787.45,10803.98
2019-01-09,2584.96,6600.69,23879.12,10893.32
2019-01-10,2596.64,6620.94,24001.92,10921.59
2019-01-11,2596.26,6601.40,23995.95,10887.46
2019-01-14,2582.61,6541.04,23909.84,10855.91
2019-01-15,2610.30,6669.64,24065.59,10891.79
2019-01-16,2616.10,6668.56,24207.16,10931.24
2019-01-17,2635.96,6718.45,24370.10,10918.62
2019-01-18,2670.71,6784.61,24706.35,11205.54
2019-01-21,,,,11136.20
2019-01-22,2632.90,6646.81,24404.48,11090.11
2019-01-23,2638.70,6658.76,24575.62,11071.54
2019-01-24,2642.33,6702.55,24553.24,11130.18
2019-01-25,2664.76,6787.37,24737.20,11281.79
2019-01-28,2643.85,6697.09,24528.22,11210.31
2019-01-29,2640.00,6632.79,24579.96,11218.83
2019-01-30,2681.05,6807.91,25014.86,11181.66
2019-01-31,2704.10,6906.84,24999.67,11173.10
2019-02-01,2706.53,6875.52,25063.89,11180.66
2019-02-04,2724.87,6959.96,25239.37,11176.58
2019-02-05,2737.70,7023.52,25411.52,11367.98
2019-02-06,2731.61,6997.62,25390.30,11324.72
2019-02-07,2706.05,6904.98,25169.53,11022.02
2019-02-08,2707.88,6913.13,25106.33,10906.78
2019-02-11,2709.80,6909.18,25053.11,11014.59
2019-02-12,2744.73,7014.67,25425.76,11126.08
2019-02-13,2753.03,7015.88,25543.27,11167.22
2019-02-14,2745.73,7022.42,25439.39,11089.79
2019-02-15,2775.60,7055.18,25883.25,11299.80
2019-02-18,,,,11299.20
2019-02-19,2779.76,7066.61,25891.32,11309.21
2019-02-20,2784.70,7062.34,25954.44,11401.97
2019-02-21,2774.88,7035.16,25850.63,11423.28
2019-02-22,2792.67,7090.63,26031.81,11457.70
2019-02-25,2796.11,7115.43,26091.95,11505.39
2019-02-26,2793.90,7123.22,26057.98,11540.79
2019-02-27,2792.38,7117.00,25985.16,11487.33
2019-02-28,2784.49,7097.53,25916.00,11515.64
2019-03-01,2803.69,7151.57,26026.32,11601.68
2019-03-04,2792.81,7150.83,25819.65,11592.66
2019-03-05,2789.65,7156.79,25806.63,11620.74
2019-03-06,2771.45,7112.47,25673.46,11587.63
2019-03-07,2748.93,7026.88,25473.23,11517.80
2019-03-08,2743.07,7015.69,25450.24,11457.84
2019-03-11,2783.30,7164.02,25650.88,11543.48
2019-03-12,2791.52,7201.28,25554.66,11524.17
2019-03-13,2810.92,7256.98,25702.89,11572.41
2019-03-14,2808.48,7243.01,25709.94,11587.47
2019-03-15,2822.48,7306.99,25848.87,11685.69
2019-03-18,2832.94,7326.28,25914.10,11657.06
2019-03-19,2832.57,7349.28,25887.38,11788.41
2019-03-20,2824.23,7380.75,25745.67,11603.89
2019-03-21,2854.88,7493.27,25962.51,11549.96
2019-03-22,2800.71,7326.06,25502.32,11364.17
2019-03-25,2798.36,7316.96,25516.83,11346.65
2019-03-26,2818.46,7351.15,25657.73,11419.48
2019-03-27,2805.37,7308.19,25625.59,11419.04
2019-03-28,2815.44,7320.47,25717.46,11428.16
2019-03-29,2834.40,7378.77,25928.68,11526.04
2019-04-01,2867.19,7478.42,26258.42,11681.99
2019-04-02,2867.24,7499.64,26179.13,11754.79
2019-04-03,2873.40,7544.97,26218.13,11954.40
2019-04-04,2879.39,7540.57,26384.63,11988.01
2019-04-05,2892.74,7578.84,26424.99,12009.75
2019-04-08,2895.77,7599.74,26341.02,11963.40
2019-04-09,2878.20,7568.49,26150.58,11850.57
2019-04-10,2888.21,7611.49,26157.16,11905.91
2019-04-11,2888.32,7594.89,26143.05,11935.20
2019-04-12,2907.41,7628.15,26412.30,11999.93
2019-04-15,2905.58,7629.12,26384.77,12020.28
2019-04-16,2907.06,7654.73,26452.66,12101.32
2019-04-17,2900.45,7680.72,26449.54,12153.07
2019-04-18,2905.03,7689.72,26559.54,12222.39
2019-04-22,2907.97,7713.49,26511.05,
2019-04-23,2933.68,7810.71,26656.39,12235.51
2019-04-24,2927.25,7784.41,26597.05,12313.16
2019-04-25,2926.17,7816.92,26462.08,12282.60
2019-04-26,2939.88,7826.68,26543.33,12315.18
2019-04-29,2943.03,7839.04,26554.39,12328.02
2019-04-30,2945.83,7781.46,26592.91,12344.08
2019-05-01,2923.73,7751.85,26430.14,
2019-05-02,2917.52,7724.06,26307.79,12345.42
2019-05-03,2945.64,7845.73,26504.95,12412.75
2019-05-06,2932.47,7794.09,26438.48,12286.88
2019-05-07,2884.05,7640.15,25965.09,12092.74
2019-05-08,2879.42,7617.55,25967.33,12179.93
2019-05-09,2870.72,7582.75,25828.36,11973.92
2019-05-10,2881.40,7586.53,25942.37,12059.83
2019-05-13,2811.87,7324.13,25324.99,11876.65
2019-05-14,2834.41,7401.88,25532.05,11991.62
2019-05-15,2850.96,7503.25,25648.02,12099.57
2019-05-16,2876.32,7580.14,25862.68,12310.37
2019-05-17,2859.53,7503.68,25764.00,12238.94
2019-05-20,2840.23,7376.70,25679.90,12041.29
2019-05-21,2864.36,7451.02,25877.33,12143.47
2019-05-22,2856.27,7420.66,25776.61,12168.74
2019-05-23,2822.24,7307.93,25490.47,11952.41
2019-05-24,2826.06,7300.96,25585.69,12011.04
2019-05-27,,,,12071.18
2019-05-28,2802.39,7278.38,25347.77,12027.05
2019-05-29,2783.02,7216.86,25126.41,11837.81
2019-05-30,2788.86,7245.40,25169.88,11902.08
2019-05-31,2752.06,7127.96,24815.04,11726.84
2019-06-03,2744.45,6978.02,24819.78,11792.81
2019-06-04,2803.27,7166.75,25332.18,11971.17
2019-06-05,2826.15,7220.90,25539.57,11980.81
2019-06-06,2843.49,7275.93,25720.66,11953.14
2019-06-07,2873.34,7417.29,25983.94,12045.38
2019-06-10,2886.73,7501.93,26062.68,
2019-06-11,2885.72,7513.85,26048.51,12155.81
2019-06-12,2879.84,7472.29,26004.83,12115.68
2019-06-13,2891.64,7510.68,26106.77,12169.05
2019-06-14,2886.98,7479.11,26089.61,12096.40
2019-06-17,2889.67,7526.52,26112.53,12085.82
2019-06-18,2917.75,7635.40,26465.54,12331.75
2019-06-19,2926.46,7667.74,26504.00,12308.53
2019-06-20,2954.18,7738.05,26753.17,12355.39
2019-06-21,2950.46,7728.78,26719.13,12339.92
2019-06-24,2945.35,7723.02,26727.54,12274.57
2019-06-25,2917.38,7591.54,26548.22,12228.44
2019-06-26,2913.78,7627.05,26536.82,12245.32
2019-06-27,2924.92,7657.05,26526.58,12271.03
2019-06-28,2941.76,7671.08,26599.96,12398.80
2019-07-01,2964.33,7768.14,26717.43,12521.38
2019-07-02,2973.01,7799.82,26786.68,12526.72
2019-07-03,2995.82,7857.69,26966.00,12616.24
2019-07-04,,,,12629.90
2019-07-05,2990.41,7841.30,26922.12,12568.53
2019-07-08,2975.95,7785.79,26806.14,12543.51
2019-07-09,2979.63,7826.86,26783.49,12436.55
2019-07-10,2993.07,7903.40,26860.20,12373.41
2019-07-11,2999.91,7896.78,27088.08,12332.12
2019-07-12,3013.77,7943.24,27332.03,12323.32
2019-07-15,3014.30,7966.93,27359.16,12387.34
2019-07-16,3004.04,7927.08,27335.63,12430.97
2019-07-17,2984.42,7888.76,27219.85,12341.03
2019-07-18,2995.11,7904.13,27222.97,12227.85
2019-07-19,2976.61,7834.90,27154.20,12260.07
2019-07-22,2985.03,7905.12,27171.90,12289.40
2019-07-23,3005.47,7954.56,27349.19,12490.74
2019-07-24,3019.56,8010.61,27269.97,12522.89
2019-07-25,3003.67,7929.87,27140.98,12362.10
2019-07-26,3025.86,8016.95,27192.45,12419.90
2019-07-29,3020.97,7989.08,27221.35,12417.47
2019-07-30,3013.18,7952.47,27198.02,12147.24
2019-07-31,2980.38,7848.78,26864.27,12189.04
2019-08-01,2953.56,7801.15,26583.42,12253.15
2019-08-02,2932.05,7692.80,26485.01,11872.44
2019-08-05,2844.74,7415.69,25717.74,11658.51
2019-08-06,2881.77,7521.32,26029.52,11567.96
2019-08-07,2883.98,7551.90,26007.07,11650.15
2019-08-08,2938.09,7724.83,26378.19,11845.41
2019-08-09,2918.65,7646.27,26287.44,11693.80
2019-08-12,2882.70,7561.68,25896.44,11679.68
2019-08-13,2926.32,7728.15,26279.91,11750.13
2019-08-14,2840.60,7490.13,25479.42,11492.66
2019-08-15,2847.60,7484.89,25579.39,11412.67
2019-08-16,2888.68,7604.11,25886.01,11562.74
2019-08-19,2923.65,7719.32,26135.79,11715.37
2019-08-20,2900.51,7664.47,25962.44,11651.18
2019-08-21,2924.43,7733.22,26202.73,11802.85
2019-08-22,2922.95,7707.43,26252.24,11747.04
2019-08-23,2847.11,7464.99,25628.90,11611.51
2019-08-26,2878.38,7575.02,25898.83,11658.04
2019-08-27,2869.16,7566.03,25777.90,11730.02
2019-08-28,2887.94,7587.90,26036.10,11701.02
2019-08-29,2924.58,7702.31,26362.25,11838.88
2019-08-30,2926.46,7691.00,26403.28,11939.28
2019-09-02,,,,11953.78
2019-09-03,2906.27,7609.51,26118.02,11910.86
2019-09-04,2937.78,7719.25,26355.47,12025.04
2019-09-05,2976.00,7862.54,26728.15,12126.78
2019-09-06,2978.71,7852.54,26797.46,12191.73
2019-09-09,2978.43,7832.40,26835.51,12226.10
2019-09-10,2979.39,7814.74,26909.43,12268.71
2019-09-11,3000.93,7887.58,27137.04,12359.07
2019-09-12,3009.57,7917.34,27182.45,12410.25
2019-09-13,3007.39,7892.95,27219.52,12468.53
2019-09-16,2997.96,7852.41,27076.82,12380.31
2019-09-17,3005.70,7888.79,27110.80,12372.61
2019-09-18,3006.73,7888.56,27147.08,12389.62
2019-09-19,3006.79,7901.79,27094.79,12457.70
2019-09-20,2992.07,7823.55,26935.07,12468.01
2019-09-23,2991.78,7818.61,26949.99,12342.33
2019-09-24,2966.60,7710.04,26807.77,12307.15
2019-09-25,2984.87,7803.54,26970.71,12234.18
2019-09-26,2977.62,7771.99,26891.12,12288.54
2019-09-27,2961.79,7681.58,26820.25,12380.94
2019-09-30,2976.74,7749.45,26916.83,12428.08
2019-10-01,2940.25,7684.14,26573.04,12263.83
2019-10-02,2887.61,7550.79,26078.62,11925.25
2019-10-03,2910.63,7638.39,26201.04,
2019-10-04,2952.01,7754.10,26573.72,12012.81
2019-10-07,2938.79,7725.13,26478.02,12097.43
2019-10-08,2893.06,7604.27,26164.04,11970.20
2019-10-09,2919.40,7690.53,26346.01,12094.26
2019-10-10,2938.13,7740.36,26496.67,12164.20
2019-10-11,2970.27,7843.88,26816.59,12511.65
2019-10-14,2966.15,7842.33,26787.36,12486.56
2019-10-15,2995.68,7942.85,27024.80,12629.79
2019-10-16,2989.69,7920.21,27001.98,12670.11
2019-10-17,2997.95,7942.14,27025.88,12654.95
2019-10-18,2986.20,7868.49,26770.20,12633.60
2019-10-21,3006.72,7940.33,26827.64,12747.96
2019-10-22,2995.99,7874.62,26788.10,12754.69
2019-10-23,3004.52,7889.47,26833.95,12798.19
2019-10-24,3010.29,7966.72,26805.53,12872.10
2019-10-25,3022.55,8029.22,26958.06,12894.51
2019-10-28,3039.42,8110.67,27090.72,12941.71
2019-10-29,3036.89,8047.51,27071.46,12939.62
2019-10-30,3046.77,8083.11,27186.69,12910.23
2019-10-31,3037.56,8083.83,27046.23,12866.79
2019-11-01,3066.91,8161.17,27347.36,12961.05
2019-11-04,3078.27,8210.66,27462.11,13136.28
2019-11-05,3074.62,8210.18,27492.63,13148.50
2019-11-06,3076.78,8196.03,27492.56,13179.89
2019-11-07,3085.18,8219.65,27674.80,13289.46
2019-11-08,3093.08,8255.89,27681.24,13228.56
2019-11-11,3087.01,8241.91,27691.49,13198.37
2019-11-12,3091.84,8263.79,27691.49,13283.51
2019-11-13,3094.04,8259.81,27783.59,13230.07
2019-11-14,3096.63,8257.83,27781.96,13180.23
2019-11-15,3120.46,8315.52,28004.89,13241.75
2019-11-18,3122.03,8328.48,28036.22,13207.01
2019-11-19,3120.18,8338.74,27934.02,13221.12
2019-11-20,3108.46,8283.75,27821.09,13158.14
2019-11-21,3103.54,8265.62,27766.29,13137.70
2019-11-22,3110.29,8272.05,27875.62,13163.88
2019-11-25,3133.64,8371.93,28066.47,13246.45
2019-11-26,3140.52,8385.75,28121.68,13236.42
2019-11-27,3153.63,8444.71,28164.00,13287.07
2019-11-28,,,,13245.58
2019-11-29,3140.98,8403.68,28051.41,13236.38
2019-12-02,3113.87,8309.26,27783.04,12964.68
2019-12-03,3093.20,8254.74,27502.81,12989.29
2019-12-04,3112.76,8296.53,27649.78,13140.57
2019-12-05,3117.43,8308.40,27677.79,13054.80
2019-12-06,3145.91,8397.37,28015.06,13166.58
2019-12-09,3135.96,8362.74,27909.60,13105.61
2019-12-10,3132.52,8354.29,27881.72,13070.72
2019-12-11,3141.63,8402.61,27911.30,13146.74
2019-12-12,3168.57,8466.89,28132.05,13221.64
2019-12-13,3168.80,8487.71,28135.38,13282.72
2019-12-16,3191.45,8570.33,28235.89,13407.66
2019-12-17,3192.52,8575.70,28267.16,13287.83
2019-12-18,3191.14,8580.62,28239.28,13222.16
2019-12-19,3205.37,8641.29,28376.96,13211.96
2019-12-20,3221.22,8678.49,28455.09,13318.90
2019-12-23,3224.01,8696.01,28551.53,13300.98
2019-12-24,3223.38,8699.51,28515.45,
2019-12-26,3239.91,8778.31,28621.39,
2019-12-27,3240.02,8770.98,28645.26,13337.11
2019-12-30,3221.29,8709.73,28462.14,13249.01
2019-12-31,3230.78,8733.07,28538.44,
2020-01-02,3257.85,8872.22,28868.80,13385.93
2020-01-03,3234.85,8793.90,28634.88,13219.14
2020-01-06,3246.28,8848.52,28703.38,13126.99
2020-01-07,3237.18,8846.45,28583.68,13226.83
2020-01-08,3253.05,8912.37,28745.09,13320.18
2020-01-09,3274.70,8989.63,28956.90,13495.06
2020-01-10,3265.35,8966.64,28823.77,13483.31
2020-01-13,3288.13,9070.65,28907.05,13451.52
2020-01-14,3283.15,9033.42,28939.67,13456.49
2020-01-15,3289.29,9035.67,29030.22,13432.30
2020-01-16,3316.81,9125.00,29297.64,13429.43
2020-01-17,3329.62,9173.73,29348.10,13526.13
2020-01-20,,,,13548.94
2020-01-21,3320.79,9166.63,29196.04,13555.87
2020-01-22,3321.75,9188.58,29186.27,13515.75
2020-01-23,3325.54,9216.98,29160.09,13388.42
2020-01-24,3295.47,9141.47,28989.73,13576.68
2020-01-27,3243.63,8952.18,28535.80,13204.77
2020-01-28,3276.24,9090.93,28722.85,13323.69
2020-01-29,3273.40,9101.61,28734.45,13345.00
2020-01-30,3283.66,9136.09,28859.44,13157.12
2020-01-31,3225.52,8991.51,28256.03,12981.97
2020-02-03,3248.92,9126.23,28399.81,13045.19
2020-02-04,3297.59,9334.06,28807.63,13281.74
2020-02-05,3334.69,9367.48,29290.85,13478.33
2020-02-06,3345.78,9445.92,29379.77,13574.82
2020-02-07,3327.71,9401.10,29102.51,13513.81
2020-02-10,3352.09,9516.84,29276.82,13494.03
2020-02-11,3357.75,9517.86,29276.34,13627.84
2020-02-12,3379.45,9613.20,29551.42,13749.78
2020-02-13,3373.94,9595.70,29423.31,13745.43
2020-02-14,3380.16,9623.58,29398.08,13744.21
2020-02-17,,,,13783.89
2020-02-18,3370.29,9629.80,29232.19,13681.19
2020-02-19,3386.15,9718.73,29348.03,13789.00
2020-02-20,3373.23,9627.83,29219.98,13664.00
2020-02-21,3337.75,9446.69,28992.41,13579.33
2020-02-24,3225.89,9079.63,27960.80,13035.24
2020-02-25,3128.21,8834.87,27081.36,12790.49
2020-02-26,3116.39,8873.76,26957.59,12774.88
2020-02-27,2978.76,8436.67,25766.64,12367.46
2020-02-28,2954.22,8461.83,25409.36,11890.35
2020-03-02,3090.23,8877.98,26703.32,11857.87
2020-03-03,3003.37,8594.49,25917.41,11985.39
2020-03-04,3130.12,8949.28,27090.86,12127.69
2020-03-05,3023.94,8671.66,26121.28,11944.72
2020-03-06,2972.37,8530.34,25864.78,11541.87
2020-03-09,2746.56,7948.03,23851.02,10625.02
2020-03-10,2882.23,8372.27,25018.16,10475.49
2020-03-11,2741.38,8006.12,23553.22,10438.68
2020-03-12,2480.64,7263.65,21200.62,9161.13
2020-03-13,2711.02,7995.26,23185.62,9232.08
2020-03-16,2386.13,7020.38,20188.52,8742.25
2020-03-17,2529.19,7473.95,21237.38,8939.10
2020-03-18,2398.10,7175.18,19898.92,8441.71
2020-03-19,2409.39,7288.52,20087.19,8610.43
2020-03-20,2304.92,6994.29,19173.98,8928.95
2020-03-23,2237.40,7006.92,18591.93,8741.15
2020-03-24,2447.33,7553.83,20704.91,9700.57
2020-03-25,2475.56,7469.62,21200.55,9874.26
2020-03-26,2630.07,7897.13,22552.17,10000.96
2020-03-27,2541.47,7588.37,21636.78,9632.52
2020-03-30,2626.65,7889.01,22327.48,9815.97
2020-03-31,2584.59,7813.50,21917.16,9935.84
2020-04-01,2470.50,7486.29,20943.51,9544.75
2020-04-02,2526.90,7635.66,21413.44,9570.82
2020-04-03,2488.65,7528.11,21052.53,9525.77
2020-04-06,2663.68,8081.66,22679.99,10075.17
2020-04-07,2659.41,8049.31,22653.86,10356.70
2020-04-08,2749.98,8229.54,23433.57,10332.89
2020-04-09,2789.82,8238.53,23719.37,10564.74
2020-04-13,2761.63,8332.74,23390.77,
2020-04-14,2846.06,8692.16,23949.76,10696.56
2020-04-15,2783.36,8591.96,23504.35,10279.76
2020-04-16,2799.55,8757.83,23537.68,10301.54
2020-04-17,2874.56,8832.41,24242.49,10625.78
2020-04-20,2823.16,8726.51,23650.44,10675.90
2020-04-21,2736.56,8403.00,23018.88,10249.85
2020-04-22,2799.31,8664.64,23475.82,10415.03
2020-04-23,2797.80,8641.50,23515.26,10513.79
2020-04-24,2836.74,8786.60,23775.27,10336.09
2020-04-27,2878.48,8837.66,24133.78,10659.99
2020-04-28,2863.39,8677.60,24101.55,10795.63
2020-04-29,2939.51,8982.76,24633.86,11107.74
2020-04-30,2912.43,9000.51,24345.72,10861.64
2020-05-01,2830.71,8718.18,23723.69,
2020-05-04,2842.74,8834.11,23749.76,10466.80
2020-05-05,2868.44,8930.62,23883.09,10729.46
2020-05-06,2848.42,8984.86,23664.64,10606.20
2020-05-07,2881.19,9101.88,23875.89,10759.27
2020-05-08,2929.80,9220.35,24331.32,10904.48
2020-05-11,2930.19,9298.92,24221.99,10824.99
2020-05-12,2870.12,9112.45,23764.78,10819.50
2020-05-13,2820.00,9000.08,23247.97,10542.66
2020-05-14,2852.50,9094.42,23625.34,10337.02
2020-05-15,2863.70,9152.64,23685.42,10465.17
2020-05-18,2953.91,9331.93,24597.37,11058.87
2020-05-19,2922.94,9298.54,24206.86,11075.29
2020-05-20,2971.61,9485.02,24575.90,11223.71
2020-05-21,2948.51,9377.99,24474.12,11065.93
2020-05-22,2955.45,9413.99,24465.16,11073.87
2020-05-25,,,,11391.28
2020-05-26,2991.77,9389.98,24995.11,11504.65
2020-05-27,3036.13,9442.05,25548.27,11657.69
2020-05-28,3029.73,9416.71,25400.64,11781.13
2020-05-29,3044.31,9555.53,25383.11,11586.85
2020-06-01,3055.73,9598.89,25475.02,
2020-06-02,3080.82,9657.31,25742.65,12021.28
2020-06-03,3122.87,9704.69,26269.89,12487.36
2020-06-04,3112.35,9629.66,26281.82,12430.56
2020-06-05,3193.93,9824.39,27110.98,12847.68
2020-06-08,3232.39,9901.52,27572.44,12819.59
2020-06-09,3207.18,9967.17,27272.30,12617.99
2020-06-10,3190.14,10094.26,26989.99,12530.16
2020-06-11,3002.10,9588.48,25128.17,11970.29
2020-06-12,3041.31,9663.78,25605.54,11949.28
2020-06-15,3066.59,9776.89,25763.16,11911.35
2020-06-16,3124.74,9949.37,26289.98,12315.66
2020-06-17,3113.49,9982.48,26119.61,12382.14
2020-06-18,3115.34,10012.05,26080.10,12281.53
2020-06-19,3097.74,10008.64,25871.46,12330.76
2020-06-22,3117.86,10130.33,26024.96,12262.97
2020-06-23,3131.29,10209.82,26156.10,12523.76
2020-06-24,3050.33,10002.70,25445.94,12093.94
2020-06-25,3083.76,10101.83,25745.60,12177.87
2020-06-26,3009.05,9849.36,25015.55,12089.39
2020-06-29,3053.24,9961.16,25595.80,12232.12
2020-06-30,3100.29,10156.85,25812.88,12310.93
2020-07-01,3115.86,10279.25,25734.97,12260.57
2020-07-02,3130.01,10341.89,25827.36,12608.46
2020-07-03,,,,12528.18
2020-07-06,3179.72,10604.06,26287.03,12733.45
2020-07-07,3145.32,10524.01,25890.18,12616.80
2020-07-08,3169.94,10666.70,26067.28,12494.81
2020-07-09,3152.05,10754.59,25706.09,12489.46
2020-07-10,3185.04,10836.33,26075.30,12633.71
2020-07-13,3155.22,10602.21,26085.80,12799.97
2020-07-14,3197.52,10689.52,26642.59,12697.36
2020-07-15,3226.56,10701.68,26870.10,12930.98
2020-07-16,3215.57,10626.46,26734.71,12874.97
2020-07-17,3224.73,10645.22,26671.95,12919.61
2020-07-20,3251.84,10952.08,26680.87,13046.92
2020-07-21,3257.30,10833.07,26840.40,13171.83
2020-07-22,3276.02,10870.75,27005.84,13104.25
2020-07-23,3235.66,10580.59,26652.33,13103.39
2020-07-24,3215.63,10483.13,26469.89,12838.06
2020-07-27,3239.41,10674.38,26584.77,12838.66
2020-07-28,3218.44,10532.50,26379.28,12835.28
2020-07-29,3258.44,10662.98,26539.57,12822.26
2020-07-30,3246.22,10715.51,26313.65,12379.65
2020-07-31,3271.12,10905.88,26428.32,12313.36
2020-08-03,3294.61,11055.08,26664.40,12646.98
2020-08-04,3306.51,11096.54,26828.47,12600.87
2020-08-05,3327.77,11125.44,27201.52,12660.25
2020-08-06,3349.16,11267.08,27386.98,12591.68
2020-08-07,3351.28,11139.39,27433.48,12674.88
2020-08-10,3360.47,11085.17,27791.44,12687.53
2020-08-11,3333.69,10876.08,27686.91,12946.89
2020-08-12,3380.35,11157.72,27976.84,13058.63
2020-08-13,3373.43,11178.37,27896.72,12993.71
2020-08-14,3372.85,11164.45,27931.02,12901.34
2020-08-17,3381.99,11288.57,27844.91,12920.66
2020-08-18,3389.78,11399.03,27778.07,12881.76
2020-08-19,3374.85,11318.64,27692.88,12977.33
2020-08-20,3385.51,11477.05,27739.73,12830.00
2020-08-21,3397.16,11555.16,27930.33,12764.80
2020-08-24,3431.28,11626.17,28308.46,13066.54
2020-08-25,3443.62,11721.81,28248.44,13061.62
2020-08-26,3478.73,11971.94,28331.92,13190.15
2020-08-27,3484.55,11926.16,28492.27,13096.36
2020-08-28,3508.01,11995.85,28653.87,13033.20
2020-08-31,3500.31,12110.70,28430.05,12945.38
2020-09-01,3526.65,12292.86,28645.66,12974.25
2020-09-02,3580.84,12420.54,29100.50,13243.43
2020-09-03,3455.06,11771.37,28292.73,13057.77
2020-09-04,3426.96,11622.13,28133.31,12842.66
2020-09-07,,,,13100.28
2020-09-08,3331.84,11068.26,27500.89,12968.33
2020-09-09,3398.96,11395.85,27940.47,13237.21
2020-09-10,3339.19,11154.12,27534.58,13208.89
2020-09-11,3340.97,11087.40,27665.64,13202.84
2020-09-14,3383.54,11277.76,27993.33,13193.66
2020-09-15,3401.20,11438.87,27995.60,13217.67
2020-09-16,3385.49,11247.60,28032.38,13255.37
2020-09-17,3357.01,11080.95,27901.98,13208.12
2020-09-18,3319.47,10936.98,27657.42,13116.25
2020-09-21,3281.06,10980.22,27147.70,12542.44
2020-09-22,3315.57,11186.37,27288.18,12594.39
2020-09-23,3236.92,10833.33,26763.13,12642.97
2020-09-24,3246.59,10896.47,26815.44,12606.57
2020-09-25,3298.46,11151.13,27173.96,12469.20
2020-09-28,3351.60,11364.45,27584.06,12870.87
2020-09-29,3335.47,11322.95,27452.66,12825.82
2020-09-30,3363.00,11418.06,27781.70,12760.73
2020-10-01,3380.80,11583.20,27816.90,12730.77
2020-10-02,3348.42,11255.69,27682.81,12689.04
2020-10-05,3408.60,11509.06,28148.64,12828.31
2020-10-06,3360.97,11291.27,27772.76,12906.02
2020-10-07,3419.44,11503.19,28303.46,12928.57
2020-10-08,3446.83,11550.94,28425.51,13042.21
2020-10-09,3477.14,11725.85,28586.90,13051.23
2020-10-12,3534.22,12088.11,28837.52,13138.41
2020-10-13,3511.93,12083.17,28679.81,13018.99
2020-10-14,3488.67,11985.36,28514.00,13028.06
2020-10-15,3483.34,11898.57,28494.20,12703.75
2020-10-16,3483.81,11852.17,28606.31,12908.99
2020-10-19,3426.92,11634.35,28195.42,12854.66
2020-10-20,3443.12,11677.84,28308.79,12736.95
2020-10-21,3435.56,11665.37,28210.82,12557.64
2020-10-22,3453.49,11662.91,28363.66,12543.06
2020-10-23,3465.39,11692.57,28335.57,12645.75
2020-10-26,3400.97,11504.52,27685.38,12177.18
2020-10-27,3390.68,11598.95,27463.19,12063.57
2020-10-28,3271.03,11142.76,26519.95,11560.51
2020-10-29,3310.11,11350.74,26659.11,11598.07
2020-10-30,3269.96,11052.95,26501.60,11556.48
2020-11-02,3310.24,11084.76,26925.05,11788.28
2020-11-03,3369.16,11279.91,27480.03,12088.98
2020-11-04,3443.44,11777.02,27847.66,12324.22
2020-11-05,3510.45,12078.07,28390.18,12568.09
2020-11-06,3509.44,12091.35,28323.40,12480.02
2020-11-09,3550.50,11830.39,29157.97,13095.97
2020-11-10,3545.53,11624.29,29420.92,13163.11
2020-11-11,3572.66,11892.93,29397.63,13216.18
2020-11-12,3537.01,11827.14,29080.17,13052.95
2020-11-13,3585.15,11937.84,29479.81,13076.72
2020-11-16,3626.91,12013.38,29950.44,13138.61
2020-11-17,3609.53,11977.49,29783.35,13133.47
2020-11-18,3567.79,11894.71,29438.42,13201.89
2020-11-19,3581.87,11985.43,29483.23,13086.16
2020-11-20,3557.54,11906.44,29263.48,13137.25
2020-11-23,3577.59,11905.94,29591.27,13126.97
2020-11-24,3635.41,12079.81,30046.24,13292.44
2020-11-25,3629.65,12152.22,29872.47,13289.80
2020-11-26,,,,13286.57
2020-11-27,3638.35,12258.21,29910.37,13335.68
2020-11-30,3621.63,12268.32,29638.64,13291.16
2020-12-01,3662.45,12455.33,29823.92,13382.30
2020-12-02,3669.01,12456.41,29883.79,13313.24
2020-12-03,3666.72,12467.13,29969.52,13252.86
2020-12-04,3699.12,12528.48,30218.26,13298.96
2020-12-07,3691.96,12596.47,30069.79,13271.00
2020-12-08,3702.25,12635.72,30173.88,13278.49
2020-12-09,3672.82,12364.64,30068.81,13340.26
2020-12-10,3668.10,12401.74,29999.26,13295.73
2020-12-11,3663.46,12375.41,30046.37,13114.30
2020-12-14,3647.49,12462.21,29861.55,13223.16
2020-12-15,3694.62,12595.92,30199.31,13362.87
2020-12-16,3701.17,12668.16,30154.54,13565.98
2020-12-17,3722.48,12752.06,30303.37,13667.25
2020-12-18,3709.41,12738.18,30179.05,13630.51
2020-12-21,3694.92,12690.26,30216.45,13246.30
2020-12-22,3687.26,12717.56,30015.51,13418.11
2020-12-23,3690.01,12653.14,30129.83,13587.23
2020-12-24,3703.06,12711.01,30199.87,
2020-12-28,3735.36,12838.86,30403.97,13790.29
2020-12-29,3727.04,12843.49,30335.67,13761.38
2020-12-30,3732.04,12845.36,30409.56,13718.78
2020-12-31,3756.07,12888.28,30606.48,
2021-01-04,3700.65,12694.66,30223.89,13726.74
2021-01-05,3726.86,12802.38,30391.60,13651.22
2021-01-06,3748.14,12623.35,30829.40,13891.97
2021-01-07,3803.79,12939.57,31041.13,13968.24
2021-01-08,3824.68,13105.20,31097.97,14049.53
2021-01-11,3799.61,12902.49,31008.69,13936.66
2021-01-12,3801.19,12892.09,31068.69,13925.06
2021-01-13,3809.84,12973.63,31060.47,13939.71
2021-01-14,3795.54,12898.69,30991.52,13988.70
2021-01-15,3768.25,12803.93,30814.26,13787.73
2021-01-18,,,,13848.35
2021-01-19,3798.91,12996.54,30930.52,13815.06
2021-01-20,3851.85,13296.45,31188.38,13921.37
2021-01-21,3853.07,13404.99,31176.01,13906.67
2021-01-22,3841.47,13366.40,30996.98,13873.97
2021-01-25,3855.36,13483.29,30960.00,13643.95
2021-01-26,3849.62,13490.19,30937.04,13870.99
2021-01-27,3750.77,13112.65,30303.17,13620.46
2021-01-28,3787.38,13201.53,30603.36,13665.93
2021-01-29,3714.24,12925.38,29982.62,13432.87
2021-02-01,3773.86,13248.90,30211.91,13622.02
2021-02-02,3826.31,13456.12,30687.48,13835.16
2021-02-03,3830.17,13402.37,30723.60,13933.63
2021-02-04,3871.74,13560.89,31055.86,14060.29
2021-02-05,3886.83,13603.96,31148.24,14056.72
2021-02-08,3915.59,13695.02,31385.76,14059.91
2021-02-09,3911.23,13687.08,31375.83,14011.80
2021-02-10,3909.88,13655.27,31437.80,13932.97
2021-02-11,3916.38,13734.35,31430.70,14040.91
2021-02-12,3934.83,13807.70,31458.40,14049.89
2021-02-15,,,,14109.48
2021-02-16,3932.59,13773.77,31522.75,14064.60
2021-02-17,3931.33,13699.71,31613.02,13909.27
2021-02-18,3913.97,13637.51,31493.34,13886.93
2021-02-19,3906.71,13580.78,31494.32,13993.23
2021-02-22,3876.50,13223.74,31521.69,13950.04
2021-02-23,3881.37,13194.71,31537.35,13864.81
2021-02-24,3925.43,13302.19,31961.86,13976.00
2021-02-25,3829.34,12828.31,31402.01,13879.33
2021-02-26,3811.15,12909.44,30932.37,13786.29
2021-03-01,3901.82,13282.95,31535.51,14012.82
2021-03-02,3870.29,13059.95,31391.52,14039.80
2021-03-03,3819.72,12683.33,31270.09,14080.03
2021-03-04,3768.47,12464.00,30924.14,14056.34
2021-03-05,3841.94,12668.51,31496.30,13920.69
2021-03-08,3821.35,12299.08,31802.44,14380.91
2021-03-09,3875.44,12794.49,31832.74,14437.94
2021-03-10,3898.81,12752.07,32297.02,14540.25
2021-03-11,3939.34,13052.90,32485.59,14569.39
2021-03-12,3943.34,12937.29,32778.64,14502.39
2021-03-15,3968.94,13082.54,32953.46,14461.42
2021-03-16,3962.71,13152.28,32825.95,14557.58
2021-03-17,3974.12,13202.38,33015.37,14596.61
2021-03-18,3915.46,12789.14,32862.30,14775.52
2021-03-19,3913.10,12866.99,32627.97,14621.00
2021-03-22,3940.59,13086.51,32731.20,14657.21
2021-03-23,3910.52,13017.79,32423.15,14662.02
2021-03-24,3889.14,12798.88,32420.06,14610.39
2021-03-25,3909.52,12780.51,32619.48,14621.36
2021-03-26,3974.54,12979.12,33072.88,14748.94
2021-03-29,3971.09,12965.74,33171.37,14817.72
2021-03-30,3958.55,12896.53,33066.96,15008.61
2021-03-31,3972.89,13091.44,32981.55,15008.34
2021-04-01,4019.87,13329.52,33153.21,15107.17
2021-04-05,4077.91,13598.16,33527.19,
2021-04-06,4073.94,13578.46,33430.24,15212.68
2021-04-07,4079.95,13616.70,33446.26,15176.36
2021-04-08,4097.17,13758.51,33503.57,15202.68
2021-04-09,4128.80,13845.06,33800.60,15234.16
2021-04-12,4127.99,13819.35,33745.40,15215.00
2021-04-13,4141.59,13986.49,33677.27,15234.36
2021-04-14,4124.66,13803.91,33730.89,15209.15
2021-04-15,4170.42,14026.19,34035.99,15255.33
2021-04-16,4185.47,14041.91,34200.67,15459.75
2021-04-19,4163.26,13907.67,34077.63,15368.39
2021-04-20,4134.94,13809.30,33821.30,15129.51
2021-04-21,4173.42,13935.15,34137.31,15195.97
2021-04-22,4134.98,13762.36,33815.90,15320.52
2021-04-23,4180.17,13941.44,34043.49,15279.62
2021-04-26,4187.62,14026.16,33981.57,15296.34
2021-04-27,4186.72,13960.28,33984.93,15249.27
2021-04-28,4183.18,13901.62,33820.38,15292.18
2021-04-29,4211.47,13970.20,34060.36,15154.20
2021-04-30,4181.17,13860.76,33874.85,15135.91
2021-05-03,4192.66,13799.72,34113.23,15236.47
2021-05-04,4164.66,13544.67,34133.03,14856.48
2021-05-05,4167.59,13503.37,34230.34,15170.78
2021-05-06,4201.62,13613.73,34548.53,15196.74
2021-05-07,4232.60,13719.63,34777.76,15399.65
2021-05-10,4188.43,13359.08,34742.82,15400.41
2021-05-11,4152.10,13351.27,34269.16,15119.75
2021-05-12,4063.04,13001.63,33587.66,15150.22
2021-05-13,4112.50,13109.15,34021.45,15199.68
2021-05-14,4173.85,13393.12,34382.13,15416.64
2021-05-17,4163.29,13312.91,34327.79,15396.62
2021-05-18,4127.83,13217.68,34060.66,15386.58
2021-05-19,4115.68,13237.91,33896.04,15113.56
2021-05-20,4159.12,13494.09,34084.15,15370.26
2021-05-21,4155.86,13411.74,34207.84,15437.51
2021-05-24,4197.05,13641.75,34393.98,
2021-05-25,4188.13,13657.73,34312.46,15465.09
2021-05-26,4195.99,13702.74,34323.05,15450.72
2021-05-27,4200.88,13657.85,34464.64,15406.73
2021-05-28,4204.11,13686.51,34529.45,15519.98
2021-05-31,,,,15421.13
2021-06-01,4202.04,13654.59,34575.31,15567.36
2021-06-02,4208.12,13675.79,34600.38,15602.71
2021-06-03,4192.85,13529.68,34577.04,15632.67
2021-06-04,4229.89,13770.77,34756.39,15692.90
2021-06-07,4226.52,13802.89,34630.24,15677.15
2021-06-08,4227.26,13810.86,34599.82,15640.60
2021-06-09,4219.55,13814.94,34447.14,15581.14
2021-06-10,4239.18,13960.35,34466.24,15571.22
2021-06-11,4247.44,13998.30,34479.60,15693.27
2021-06-14,4255.15,14128.20,34393.75,15673.64
2021-06-15,4246.59,14030.41,34299.33,15729.52
2021-06-16,4223.70,13983.01,34033.67,15710.57
2021-06-17,4221.86,14163.81,33823.45,15727.67
2021-06-18,4166.45,14049.58,33290.08,15448.04
2021-06-21,4224.79,14137.23,33876.97,15603.24
2021-06-22,4246.44,14270.42,33945.58,15636.33
2021-06-23,4241.84,14274.24,33874.24,15456.39
2021-06-24,4266.49,14365.96,34196.82,15589.23
2021-06-25,4280.70,14345.18,34433.84,15607.97
2021-06-28,4290.61,14524.98,34283.27,15554.18
2021-06-29,4291.80,14572.75,34292.29,15690.59
2021-06-30,4297.50,14554.80,34502.51,15531.04
2021-07-01,4319.94,14560.05,34633.53,15603.81
2021-07-02,4352.34,14727.63,34786.35,15650.09
2021-07-05,,,,15661.97
2021-07-06,4343.54,14786.36,34577.37,15511.38
2021-07-07,4358.13,14810.54,34681.79,15692.71
2021-07-08,4320.82,14722.14,34421.93,15420.64
2021-07-09,4369.55,14826.09,34870.16,15687.93
2021-07-12,4384.63,14877.89,34996.18,15790.51
2021-07-13,4369.21,14874.54,34888.79,15789.64
2021-07-14,4374.30,14900.44,34933.23,15788.98
2021-07-15,4360.03,14794.69,34987.02,15629.66
2021-07-16,4327.16,14681.38,34687.85,15540.31
2021-07-19,4258.49,14549.09,33962.04,15133.20
2021-07-20,4323.06,14728.21,34511.99,15216.27
2021-07-21,4358.69,14842.63,34798.00,15422.50
2021-07-22,4367.48,14940.17,34823.35,15514.54
2021-07-23,4411.79,15111.79,35061.55,15669.29
2021-07-26,4422.30,15125.95,35144.31,15618.98
2021-07-27,4401.46,14956.97,35058.52,15519.13
2021-07-28,4400.64,15018.10,34930.93,15570.36
2021-07-29,4419.15,15048.36,35084.53,15640.47
2021-07-30,4395.26,14959.90,34935.47,15544.39
2021-08-02,4387.16,14963.62,34838.16,15568.73
2021-08-03,4423.15,15061.42,35116.40,15555.08
2021-08-04,4402.66,15083.39,34792.67,15692.13
2021-08-05,4429.10,15181.64,35064.25,15744.67
2021-08-06,4436.52,15109.36,35208.51,15761.45
2021-08-09,4432.35,15133.11,35101.85,15745.41
2021-08-10,4436.75,15053.58,35264.67,15770.71
2021-08-11,4442.41,15027.76,35484.97,15826.09
2021-08-12,4460.83,15088.98,35499.85,15937.51
2021-08-13,4468.00,15136.68,35515.38,15977.44
2021-08-16,4479.71,15140.77,35625.40,15925.73
2021-08-17,4448.08,15002.83,35343.28,15921.95
2021-08-18,4400.27,14857.92,34960.69,15965.97
2021-08-19,4405.80,14933.94,34894.12,15765.81
2021-08-20,4441.67,15092.57,35120.08,15808.04
2021-08-23,4479.53,15312.82,35335.71,15852.79
2021-08-24,4486.23,15357.68,35366.26,15905.85
2021-08-25,4496.19,15368.92,35405.50,15860.66
2021-08-26,4470.00,15278.52,35213.12,15793.62
2021-08-27,4509.37,15432.95,35455.80,15851.75
2021-08-30,4528.79,15605.09,35399.84,15887.31
2021-08-31,4522.68,15582.51,35360.73,15835.09
2021-09-01,4524.09,15611.57,35312.53,15824.29
2021-09-02,4536.95,15604.25,35443.82,15840.59
2021-09-03,4535.43,15652.86,35369.09,15781.20
2021-09-06,,,,15932.12
2021-09-07,4520.03,15675.76,35100.00,15843.09
2021-09-08,4514.07,15620.85,35031.07,15610.28
2021-09-09,4493.28,15561.05,34879.38,15623.15
2021-09-10,4458.58,15440.75,34607.72,15609.81
2021-09-13,4468.73,15434.50,34869.63,15701.42
2021-09-14,4443.05,15382.90,34577.57,15722.99
2021-09-15,4480.70,15503.53,34814.39,15616.00
2021-09-16,4473.75,15515.91,34751.32,15651.75
2021-09-17,4432.99,15333.47,34584.88,15490.17
2021-09-20,4357.73,15012.19,33970.47,15132.06
2021-09-21,4354.19,15027.77,33919.84,15348.53
2021-09-22,4395.64,15176.51,34258.32,15506.74
2021-09-23,4448.98,15316.58,34764.82,15643.97
2021-09-24,4455.48,15329.68,34798.00,15531.75
2021-09-27,4443.11,15204.82,34869.37,15573.88
2021-09-28,4352.63,14770.30,34299.99,15248.56
2021-09-29,4359.46,14752.89,34390.72,15365.27
2021-09-30,4307.54,14689.62,33843.92,15260.69
2021-10-01,4357.04,14791.87,34326.46,15156.44
2021-10-04,4300.46,14472.12,34002.92,15036.55
2021-10-05,4345.72,14674.15,34314.67,15194.49
2021-10-06,4363.55,14766.75,34416.99,14973.33
2021-10-07,4399.76,14897.13,34754.94,15250.86
2021-10-08,4391.34,14820.75,34746.25,15206.13
2021-10-11,4361.19,14713.73,34496.06,15199.14
2021-10-12,4350.65,14662.11,34378.34,15146.87
2021-10-13,4363.80,14774.60,34377.81,15249.38
2021-10-14,4438.26,15052.42,34912.56,15462.72
2021-10-15,4471.37,15146.92,35294.76,15587.36
2021-10-18,4486.46,15300.89,35258.61,15474.47
2021-10-19,4519.63,15410.72,35457.31,15515.83
2021-10-20,4536.19,15388.71,35609.34,15522.92
2021-10-21,4549.78,15489.59,35603.08,15472.56
2021-10-22,4544.90,15355.07,35677.02,15542.98
2021-10-25,4566.48,15514.19,35741.15,15599.23
2021-10-26,4574.79,15559.49,35756.88,15757.06
2021-10-27,4551.68,15598.39,35490.69,15705.81
2021-10-28,4596.42,15778.16,35730.48,15696.33
2021-10-29,4605.38,15850.47,35819.56,15688.77
2021-11-01,4613.67,15905.28,35913.84,15806.29
2021-11-02,4630.65,15972.49,36052.63,15954.45
2021-11-03,4660.57,16144.50,36157.58,15959.98
2021-11-04,4680.06,16346.24,36124.23,16029.65
2021-11-05,4697.53,16359.38,36327.95,16054.36
2021-11-08,4701.70,16336.03,36432.22,16046.52
2021-11-09,4685.25,16219.94,36319.98,16040.47
2021-11-10,4646.71,15985.57,36079.94,16067.83
2021-11-11,4649.27,16032.47,35921.23,16083.11
2021-11-12,4682.85,16199.89,36100.31,16094.07
2021-11-15,4682.80,16189.12,36087.45,16148.64
2021-11-16,4700.90,16309.77,36142.22,16247.86
2021-11-17,4688.67,16308.07,35931.05,16251.13
2021-11-18,4704.54,16482.97,35870.95,16221.73
2021-11-19,4697.96,16573.34,35601.98,16159.97
2021-11-22,4682.94,16380.98,35619.25,16115.69
2021-11-23,4690.70,16306.72,35813.80,15937.00
2021-11-24,4701.46,16367.81,35804.38,15878.39
2021-11-25,,,,15917.98
2021-11-26,4594.62,16025.58,34899.34,15257.04
2021-11-29,4655.27,16399.24,35135.94,15280.86
2021-11-30,4567.00,16135.92,34483.72,15100.13
2021-12-01,4513.04,15877.72,34022.04,15472.67
2021-12-02,4577.10,15990.76,34639.79,15263.11
2021-12-03,4538.43,15712.04,34580.08,15169.98
2021-12-06,4591.67,15846.16,35227.03,15380.79
2021-12-07,4686.75,16325.66,35719.43,15813.94
2021-12-08,4701.21,16394.34,35754.75,15687.09
2021-12-09,4667.45,16149.57,35754.69,15639.26
2021-12-10,4712.02,16331.98,35970.99,15623.31
2021-12-13,4668.97,16082.55,35650.95,15621.72
2021-12-14,4634.09,15914.90,35544.18,15453.56
2021-12-15,4709.85,16289.59,35927.43,15476.35
2021-12-16,4668.67,15863.94,35897.64,15636.40
2021-12-17,4620.64,15801.46,35365.44,15531.69
2021-12-20,4568.02,15627.64,34932.16,15239.67
2021-12-21,4649.23,15986.28,35492.70,15447.44
2021-12-22,4696.56,16180.14,35753.89,15593.47
2021-12-23,4725.79,16308.21,35950.56,15756.31
2021-12-27,4791.19,16567.50,36302.38,15835.25
2021-12-28,4786.35,16488.66,36398.21,15963.70
2021-12-29,4793.06,16491.01,36488.63,15852.25
2021-12-30,4778.73,16429.10,36398.08,15884.86
2021-12-31,4766.18,16320.08,36338.30,
2022-01-03,4796.56,16501.77,36585.06,16020.73
2022-01-04,4793.54,16279.73,36799.65,16152.61
2022-01-05,4700.58,15771.78,36407.11,16271.75
2022-01-06,4696.05,15765.36,36236.47,16052.03
2022-01-07,4677.03,15592.19,36231.66,15947.74
2022-01-10,4670.29,15614.43,36068.87,15768.27
2022-01-11,4713.07,15844.12,36252.02,15941.81
2022-01-12,4726.35,15905.10,36290.32,16010.32
2022-01-13,4659.03,15495.62,36113.62,16031.59
2022-01-14,4662.85,15611.59,35911.81,15883.24
2022-01-17,,,,15933.72
2022-01-18,4577.11,15210.76,35368.47,15772.56
2022-01-19,4532.76,15047.84,35028.65,15809.72
2022-01-20,4482.73,14846.46,34715.39,15912.33
2022-01-21,4397.94,14438.40,34265.37,15603.88
2022-01-24,4410.13,14509.58,34364.50,15011.13
2022-01-25,4356.45,14149.12,34297.73,15123.87
2022-01-26,4349.93,14172.76,34168.09,15459.39
2022-01-27,4326.51,14003.11,34160.78,15524.27
2022-01-28,4431.85,14454.61,34725.47,15318.95
2022-01-31,4515.55,14930.05,35131.86,15471.20
2022-02-01,4546.54,15019.68,35405.24,15619.39
2022-02-02,4589.38,15139.74,35629.33,15613.77
2022-02-03,4477.44,14501.11,35111.16,15368.47
2022-02-04,4500.53,14694.35,35089.74,15099.56
2022-02-07,4483.87,14571.25,35091.13,15206.64
2022-02-08,4521.54,14747.03,35462.78,15242.38
2022-02-09,4587.18,15056.96,35768.06,15482.01
2022-02-10,4504.08,14705.64,35241.59,15490.44
2022-02-11,4418.64,14253.84,34738.06,15425.12
2022-02-14,4401.67,14268.59,34566.17,15113.97
2022-02-15,4471.07,14620.82,34988.84,15412.71
2022-02-16,4475.01,14603.64,34934.27,15396.07
2022-02-17,4380.26,14171.74,34312.03,15267.63
2022-02-18,4348.87,14009.54,34079.18,15042.51
2022-02-21,,,,14731.12
2022-02-22,4304.76,13870.53,33596.61,14693.00
2022-02-23,4225.50,13509.43,33131.76,14631.36
2022-02-24,4288.70,13974.67,33223.83,14052.10
2022-02-25,4384.65,14189.16,34058.75,14567.23
2022-02-28,4373.94,14237.81,33892.60,14461.02
2022-03-01,4306.26,14005.99,33294.95,13904.85
2022-03-02,4386.54,14243.69,33891.35,14000.11
2022-03-03,4363.49,14035.21,33794.66,13698.40
2022-03-04,4328.87,13837.83,33614.80,13094.54
2022-03-07,4201.09,13319.38,32817.38,12834.65
2022-03-08,4170.70,13267.61,32632.64,12831.51
2022-03-09,4277.88,13742.20,33286.25,13847.93
2022-03-10,4259.52,13591.00,33174.07,13442.10
2022-03-11,4204.31,13301.83,32944.19,13628.11
2022-03-14,4173.11,13046.64,32945.24,13929.11
2022-03-15,4262.45,13458.56,33544.34,13917.27
2022-03-16,4357.86,13956.79,34063.10,14440.74
2022-03-17,4411.67,14118.60,34480.76,14388.06
2022-03-18,4463.12,14420.08,34754.93,14413.09
2022-03-21,4461.18,14376.09,34552.99,14326.97
2022-03-22,4511.61,14654.33,34807.46,14473.20
2022-03-23,4456.24,14447.55,34358.50,14283.65
2022-03-24,4520.16,14765.69,34707.94,14273.79
2022-03-25,4543.06,14754.31,34861.24,14305.76
2022-03-28,4575.52,14987.40,34955.89,14417.37
2022-03-29,4631.60,15239.32,35294.19,14820.33
2022-03-30,4602.45,15071.55,35228.81,14606.05
2022-03-31,4530.41,14838.49,34678.35,14414.75
2022-04-01,4545.86,14861.21,34818.27,14446.48
2022-04-04,4582.64,15159.58,34921.88,14518.16
2022-04-05,4525.12,14820.64,34641.18,14424.36
2022-04-06,4481.15,14498.89,34496.51,14151.69
2022-04-07,4500.21,14531.81,34583.57,14078.15
2022-04-08,4488.28,14327.26,34721.12,14283.67
2022-04-11,4412.53,13990.21,34308.08,14192.78
2022-04-12,4397.45,13940.24,34220.36,14124.95
2022-04-13,4446.59,14217.29,34564.59,14076.44
2022-04-14,4392.59,13893.21,34451.23,14163.85
2022-04-18,4391.69,13910.76,34411.69,
2022-04-19,4462.21,14210.26,34911.20,14153.46
2022-04-20,4459.45,13998.53,35160.79,14362.03
2022-04-21,4393.66,13720.45,34792.76,14502.41
2022-04-22,4271.78,13356.87,33811.40,14142.09
2022-04-25,4296.12,13533.22,34049.46,13924.17
2022-04-26,4175.20,13009.71,33240.18,13756.40
2022-04-27,4183.96,13003.36,33301.93,13793.94
2022-04-28,4287.50,13456.06,33916.39,13979.84
2022-04-29,4131.93,12854.80,32977.21,14097.88
2022-05-02,4155.38,13075.85,33061.50,13939.07
2022-05-03,4175.48,13089.90,33128.79,14039.47
2022-05-04,4300.17,13535.71,34061.06,13970.82
2022-05-05,4146.87,12850.55,32997.97,13902.52
2022-05-06,4123.34,12693.53,32899.37,13674.29
2022-05-09,3991.24,12187.72,32245.70,13380.67
2022-05-10,4001.05,12345.86,32160.74,13534.74
2022-05-11,3935.18,11967.56,31834.11,13828.64
2022-05-12,3930.08,11945.50,31730.30,13739.64
2022-05-13,4023.89,12387.40,32196.66,14027.93
2022-05-16,4008.01,12243.58,32223.42,13964.38
2022-05-17,4088.85,12564.10,32654.59,14185.94
2022-05-18,3923.68,11928.31,31490.07,14007.76
2022-05-19,3900.79,11875.63,31253.13,13882.30
2022-05-20,3901.36,11835.62,31261.90,13981.91
2022-05-23,3973.75,12034.28,31880.24,14175.40
2022-05-24,3941.48,11769.84,31928.62,13919.75
2022-05-25,3978.73,11943.93,32120.28,14007.93
2022-05-26,4057.84,12276.79,32637.19,14231.29
2022-05-27,4158.24,12681.42,33212.96,14462.19
2022-05-30,,,,14575.98
2022-05-31,4132.15,12642.10,32990.12,14388.35
2022-06-01,4101.23,12548.36,32813.23,14340.47
2022-06-02,4176.82,12892.89,33248.28,14485.17
2022-06-03,4108.54,12548.03,32899.70,14460.09
2022-06-06,4121.43,12599.63,32915.78,14653.81
2022-06-07,4160.68,12711.68,33180.14,14556.62
2022-06-08,4115.77,12615.13,32910.90,14445.99
2022-06-09,4017.82,12269.78,32272.79,14198.80
2022-06-10,3900.86,11832.82,31392.79,13761.83
2022-06-13,3749.63,11288.32,30516.74,13427.03
2022-06-14,3735.48,11311.69,30364.83,13304.39
2022-06-15,3789.99,11593.77,30668.53,13485.29
2022-06-16,3666.77,11127.57,29927.07,13038.49
2022-06-17,3674.84,11265.99,29888.78,13126.26
2022-06-20,,,,13265.60
2022-06-21,3764.79,11546.76,30530.25,13292.40
2022-06-22,3759.89,11527.71,30483.13,13144.28
2022-06-23,3795.73,11697.68,30677.36,12912.59
2022-06-24,3911.74,12105.85,31500.68,13118.13
2022-06-27,3900.11,12008.24,31438.26,13186.07
2022-06-28,3821.55,11637.77,30946.99,13231.82
2022-06-29,3818.83,11658.26,31029.31,13003.35
2022-06-30,3785.38,11503.72,30775.43,12783.77
2022-07-01,3825.33,11585.68,31097.26,12813.03
2022-07-04,,,,12773.38
2022-07-05,3831.39,11779.90,30967.82,12401.20
2022-07-06,3845.08,11852.59,31037.68,12594.52
2022-07-07,3902.62,12109.05,31384.55,12843.22
2022-07-08,3899.38,12125.69,31338.15,13015.23
2022-07-11,3854.43,11860.28,31173.84,12832.44
2022-07-12,3818.80,11744.99,30981.33,12905.48
2022-07-13,3801.78,11728.53,30772.79,12756.32
2022-07-14,3790.38,11768.40,30630.17,12519.66
2022-07-15,3863.16,11983.62,31288.26,12864.72
2022-07-18,3830.85,11877.50,31072.61,12959.81
2022-07-19,3936.69,12249.42,31827.05,13308.41
2022-07-20,3959.90,12439.68,31874.84,13281.98
2022-07-21,3998.95,12619.41,32036.90,13246.64
2022-07-22,3961.63,12396.47,31899.29,13253.68
2022-07-25,3966.84,12328.41,31990.04,13210.32
2022-07-26,3921.05,12086.90,31761.54,13096.93
2022-07-27,4023.61,12601.47,32197.59,13166.38
2022-07-28,4072.43,12717.87,32529.63,13282.11
2022-07-29,4130.29,12947.97,32845.13,13484.05
2022-08-01,4118.63,12940.78,32798.40,13479.63
2022-08-02,4091.19,12901.60,32396.17,13449.20
2022-08-03,4155.17,13253.26,32812.50,13587.56
2022-08-04,4151.94,13311.04,32726.82,13662.68
2022-08-05,4145.19,13207.69,32803.47,13573.93
2022-08-08,4140.06,13159.16,32832.54,13687.69
2022-08-09,4122.47,13008.17,32774.41,13534.97
2022-08-10,4210.24,13378.32,33309.51,13700.93
2022-08-11,4207.27,13291.99,33336.67,13694.51
2022-08-12,4280.15,13565.87,33761.05,13795.85
2022-08-15,4297.14,13667.18,33912.44,13816.61
2022-08-16,4305.20,13635.21,34152.01,13910.12
2022-08-17,4274.04,13470.86,33980.32,13626.71
2022-08-18,4283.74,13505.99,33999.04,13697.41
2022-08-19,4228.48,13242.90,33706.74,13544.52
2022-08-22,4137.99,12890.54,33063.61,13230.57
2022-08-23,4128.73,12881.79,32909.59,13194.23
2022-08-24,4140.77,12917.86,32969.23,13220.06
2022-08-25,4199.12,13143.58,33291.78,13271.96
2022-08-26,4057.66,12605.17,32283.40,12971.47
2022-08-29,4030.61,12484.32,32098.99,12892.99
2022-08-30,3986.16,12342.70,31790.87,12961.14
2022-08-31,3955.00,12272.03,31510.43,12834.96
2022-09-01,3966.85,12274.62,31656.42,12630.23
2022-09-02,3924.26,12098.44,31318.44,13050.27
2022-09-05,,,,12760.78
2022-09-06,3908.19,12011.31,31145.30,12871.44
2022-09-07,3979.87,12259.39,31581.28,12915.97
2022-09-08,4006.18,12321.19,31774.52,12904.32
2022-09-09,4067.36,12588.29,32151.71,13088.21
2022-09-12,4110.41,12739.72,32381.34,13402.27
2022-09-13,3932.69,12033.62,31104.97,13188.95
2022-09-14,3946.01,12134.40,31135.09,13028.00
2022-09-15,3901.35,11927.49,30961.82,12956.66
2022-09-16,3873.33,11861.38,30822.42,12741.26
2022-09-19,3899.89,11953.27,31019.68,12803.24
2022-09-20,3855.93,11851.54,30706.23,12670.83
2022-09-21,3789.93,11637.79,30183.78,12767.15
2022-09-22,3757.99,11501.65,30076.68,12531.63
2022-09-23,3693.23,11311.24,29590.41,12284.19
2022-09-26,3655.04,11254.11,29260.81,12227.92
2022-09-27,3647.29,11271.75,29134.99,12139.68
2022-09-28,3719.04,11493.83,29683.74,12183.28
2022-09-29,3640.47,11164.78,29225.61,11975.55
2022-09-30,3585.62,10971.22,28725.51,12114.36
2022-10-03,3678.43,11229.73,29490.89,12209.48
2022-10-04,3790.93,11582.54,30316.32,12670.48
2022-10-05,3783.28,11573.18,30273.87,12517.18
2022-10-06,3744.52,11485.50,29926.94,12470.78
2022-10-07,3639.66,11039.47,29296.79,12273.00
2022-10-10,3612.39,10926.97,29202.88,12272.94
2022-10-11,3588.84,10791.35,29239.19,12220.25
2022-10-12,3577.03,10785.62,29210.85,12172.26
2022-10-13,3669.91,11033.58,30038.72,12355.58
2022-10-14,3583.07,10692.06,29634.83,12437.81
2022-10-17,3677.95,11062.53,30185.82,12649.03
2022-10-18,3719.98,11147.74,30523.80,12765.61
2022-10-19,3695.16,11103.38,30423.81,12741.41
2022-10-20,3665.78,11046.71,30333.59,12767.41
2022-10-21,3752.75,11310.33,31082.56,12730.90
2022-10-24,3797.34,11430.26,31499.62,12931.45
2022-10-25,3859.11,11669.99,31836.74,13052.96
2022-10-26,3830.60,11405.90,31839.11,13195.81
2022-10-27,3807.30,11191.63,32033.28,13211.23
2022-10-28,3901.06,11546.21,32861.80,13243.33
2022-10-31,3871.98,11405.57,32732.95,13253.74
2022-11-01,3856.10,11288.95,32653.20,13338.74
2022-11-02,3759.69,10906.34,32147.76,13256.74
2022-11-03,3719.89,10690.60,32001.25,13130.19
2022-11-04,3770.55,10857.03,32403.22,13459.85
2022-11-07,3806.80,10977.00,32827.00,13533.52
2022-11-08,3828.11,11059.50,33160.83,13688.75
2022-11-09,3748.57,10797.55,32513.94,13666.32
2022-11-10,3956.37,11605.96,33715.37,14146.09
2022-11-11,3992.93,11817.01,33747.86,14224.86
2022-11-14,3957.25,11700.94,33536.70,14313.30
2022-11-15,3991.73,11871.15,33592.92,14378.51
2022-11-16,3958.79,11699.09,33553.83,14234.03
2022-11-17,3946.56,11676.86,33546.32,14266.38
2022-11-18,3965.34,11677.02,33745.69,14431.86
2022-11-21,3949.94,11553.45,33700.28,14379.93
2022-11-22,4003.58,11724.84,34098.10,14422.35
2022-11-23,4027.26,11838.72,34194.06,14427.59
2022-11-24,,,,14539.56
2022-11-25,4026.12,11756.03,34347.03,14541.38
2022-11-28,3963.94,11587.75,33849.46,14383.36
2022-11-29,3957.63,11503.45,33852.53,14355.45
2022-11-30,4080.11,12030.06,34589.77,14397.04
2022-12-01,4076.57,12041.89,34395.01,14490.30
2022-12-02,4071.70,11994.26,34429.88,14529.39
2022-12-05,3998.84,11786.80,33947.10,14447.61
2022-12-06,3941.26,11549.69,33596.34,14343.19
2022-12-07,3933.92,11497.39,33597.92,14261.19
2022-12-08,3963.51,11637.50,33781.48,14264.56
2022-12-09,3934.38,11563.33,33476.46,14370.72
2022-12-12,3990.56,11706.44,34005.04,14306.63
2022-12-13,4019.65,11834.21,34108.64,14497.89
2022-12-14,3995.32,11740.92,33966.35,14460.20
2022-12-15,3895.75,11345.22,33202.22,13986.23
2022-12-16,3852.36,11243.72,32920.46,13893.07
2022-12-19,3817.66,11084.59,32757.54,13942.87
2022-12-20,3821.62,11072.42,32849.74,13884.66
2022-12-21,3878.44,11235.88,33376.48,14097.82
2022-12-22,3822.39,10956.14,33027.49,13914.07
2022-12-23,3844.82,10985.45,33203.93,13940.93
2022-12-27,3829.25,10822.51,33241.56,13995.10
2022-12-28,3783.22,10679.34,32875.71,13925.60
2022-12-29,3849.28,10951.05,33220.80,14071.72
2022-12-30,3839.50,10939.76,33147.25,13923.59
2023-01-02,,,,14069.26
2023-01-03,3824.14,10862.64,33136.37,14181.67
2023-01-04,3852.97,10914.80,33269.77,14490.78
2023-01-05,3808.10,10741.22,32930.08,14436.31
2023-01-06,3895.08,11040.35,33630.61,14610.02
2023-01-09,3892.09,11108.45,33517.65,14792.83
2023-01-10,3919.25,11205.78,33704.10,14774.60
2023-01-11,3969.61,11402.52,33973.01,14947.91
2023-01-12,3983.17,11459.61,34189.97,15058.30
2023-01-13,3999.09,11541.48,34302.61,15086.52
2023-01-16,,,,15134.04
2023-01-17,3990.97,11557.19,33910.85,15187.07
2023-01-18,3928.86,11410.29,33296.96,15181.80
2023-01-19,3898.85,11295.67,33044.56,14920.36
2023-01-20,3972.61,11619.03,33375.49,15033.56
2023-01-23,4019.81,11872.54,33629.56,15102.95
2023-01-24,4016.95,11846.64,33733.96,15093.11
2023-01-25,4016.22,11814.69,33743.84,15081.64
2023-01-26,4060.43,12051.48,33949.41,15132.85
2023-01-27,4070.56,12166.60,33978.08,15150.03
2023-01-30,4017.77,11912.39,33717.09,15126.08
2023-01-31,4076.60,12101.93,34086.04,15128.27
2023-02-01,4119.21,12363.10,34092.96,15180.74
2023-02-02,4179.76,12803.14,34053.94,15509.19
2023-02-03,4136.48,12573.36,33926.01,15476.43
2023-02-06,4111.08,12464.51,33891.02,15345.91
2023-02-07,4164.00,12728.27,34156.69,15320.88
2023-02-08,4117.86,12495.38,33949.01,15412.05
2023-02-09,4081.50,12381.17,33699.88,15523.42
2023-02-10,4090.46,12304.92,33869.27,15307.98
2023-02-13,4137.29,12502.31,34245.93,15397.34
2023-02-14,4136.13,12590.89,34089.27,15380.56
2023-02-15,4147.60,12687.89,34128.05,15506.34
2023-02-16,4090.41,12442.48,33696.85,15533.64
2023-02-17,4079.09,12358.18,33826.69,15482.00
2023-02-20,,,,15477.55
2023-02-21,3997.34,12060.30,33129.59,15397.62
2023-02-22,3991.05,12066.27,33045.09,15399.89
2023-02-23,4012.32,12180.14,33153.91,15475.69
2023-02-24,3970.04,11969.65,32816.92,15209.74
2023-02-27,3982.24,12057.79,32889.09,15381.43
2023-02-28,3970.15,12042.12,32656.70,15365.14
2023-03-01,3951.39,11938.57,32661.84,15305.02
2023-03-02,3981.35,12044.87,33003.57,15327.64
2023-03-03,4045.64,12290.81,33390.97,15578.39
2023-03-06,4048.42,12302.48,33431.44,15653.58
2023-03-07,3986.37,12152.17,32856.46,15559.53
2023-03-08,3992.01,12215.33,32798.40,15631.87
2023-03-09,3918.32,11995.88,32254.86,15633.21
2023-03-10,3861.59,11830.28,31909.64,15427.97
2023-03-13,3855.76,11923.17,31819.14,14959.47
2023-03-14,3919.29,12199.79,32155.40,15232.83
2023-03-15,3891.93,12251.32,31874.57,14735.26
2023-03-16,3960.28,12581.39,32246.55,14967.10
2023-03-17,3916.64,12519.88,31861.98,14768.20
2023-03-20,3951.57,12562.61,32244.58,14933.38
2023-03-21,4002.87,12741.44,32560.60,15195.34
2023-03-22,3936.97,12567.15,32030.11,15216.19
2023-03-23,3948.72,12729.23,32105.25,15210.39
2023-03-24,3970.99,12767.05,32237.53,14957.23
2023-03-27,3977.53,12673.07,32432.08,15127.68
2023-03-28,3971.27,12610.57,32394.25,15142.02
2023-03-29,4027.81,12846.03,32717.60,15328.78
2023-03-30,4050.83,12963.14,32859.03,15522.40
2023-03-31,4109.31,13181.35,33274.15,15628.84
2023-04-03,4124.51,13148.35,33601.15,15580.92
2023-04-04,4100.60,13100.08,33402.38,15603.47
2023-04-05,4090.38,12967.20,33482.72,15520.17
2023-04-06,4105.02,13062.60,33485.29,15597.89
2023-04-10,4109.11,13051.23,33586.52,
2023-04-11,4108.94,12964.15,33684.79,15655.17
2023-04-12,4091.95,12848.35,33646.50,15703.60
2023-04-13,4146.22,13109.39,34029.69,15729.46
2023-04-14,4137.64,13079.52,33886.47,15807.50
2023-04-17,4151.32,13087.71,33987.18,15789.53
2023-04-18,4154.87,13091.79,33976.63,15882.67
2023-04-19,4154.52,13088.71,33897.01,15895.20
2023-04-20,4129.79,12985.98,33786.62,15795.97
2023-04-21,4133.52,13000.77,33808.96,15881.66
2023-04-24,4137.04,12969.76,33875.40,15863.95
2023-04-25,4071.63,12725.11,33530.83,15872.13
2023-04-26,4055.99,12806.48,33301.87,15795.73
2023-04-27,4135.35,13160.03,33826.16,15800.45
2023-04-28,4169.48,13245.99,34098.16,15922.38
2023-05-01,4167.87,13231.47,34051.70,
2023-05-02,4119.58,13113.66,33684.53,15726.94
2023-05-03,4090.75,13030.21,33414.24,15815.06
2023-05-04,4061.22,12982.48,33127.74,15734.24
2023-05-05,4136.25,13259.13,33674.38,15961.02
2023-05-08,4138.12,13291.64,33618.69,15952.83
2023-05-09,4119.17,13201.11,33561.81,15955.48
2023-05-10,4137.64,13347.83,33531.33,15896.23
2023-05-11,4130.62,13389.78,33309.51,15834.91
2023-05-12,4124.08,13340.18,33300.62,15913.82
2023-05-15,4136.28,13413.51,33348.60,15917.24
2023-05-16,4109.90,13426.01,33012.14,15897.93
2023-05-17,4158.77,13589.26,33420.77,15951.30
2023-05-18,4198.05,13834.62,33535.91,16163.36
2023-05-19,4191.98,13803.49,33426.63,16275.38
2023-05-22,4192.63,13849.74,33286.58,16223.99
2023-05-23,4145.58,13672.54,33055.51,16152.86
2023-05-24,4115.24,13604.48,32799.92,15842.13
2023-05-25,4151.28,13938.53,32764.65,15793.80
2023-05-26,4205.45,14298.41,33093.34,15983.97
2023-05-29,,,,15952.73
2023-05-30,4205.52,14354.99,33042.78,15908.91
2023-05-31,4179.83,14254.09,32908.27,15664.02
2023-06-01,4221.02,14441.51,33061.57,15853.66
2023-06-02,4282.37,14546.64,33762.76,16051.23
2023-06-05,4273.79,14556.50,33562.86,15963.89
2023-06-06,4283.85,14558.09,33573.28,15992.44
2023-06-07,4267.52,14303.29,33665.02,15960.56
2023-06-08,4293.93,14484.54,33833.61,15989.96
2023-06-09,4298.86,14528.36,33876.78,15949.84
2023-06-12,4338.93,14784.30,34066.33,16097.87
2023-06-13,4369.01,14900.85,34212.12,16230.68
2023-06-14,4372.59,15005.69,33979.33,16310.79
2023-06-15,4425.84,15185.48,34408.06,16290.12
2023-06-16,4409.59,15083.92,34299.12,16357.63
2023-06-19,,,,16201.20
2023-06-20,4388.71,15070.15,34053.87,16111.32
2023-06-21,4365.69,14867.45,33951.52,16023.13
2023-06-22,4381.89,15042.32,33946.71,15988.16
2023-06-23,4348.33,14891.48,33727.43,15829.94
2023-06-26,4328.82,14689.02,33714.71,15813.06
2023-06-27,4378.41,14945.91,33926.74,15846.86
2023-06-28,4376.86,14964.57,33852.66,15949.00
2023-06-29,4396.44,14939.95,34122.42,15946.72
2023-06-30,4450.38,15179.21,34407.60,16147.90
2023-07-03,4455.59,15208.69,34418.47,16081.04
2023-07-04,,,,16039.17
2023-07-05,4446.82,15203.78,34288.64,15937.58
2023-07-06,4411.59,15089.45,33922.26,15528.54
2023-07-07,4398.95,15036.85,33734.88,15603.40
2023-07-10,4409.53,15045.64,33944.40,15673.16
2023-07-11,4439.26,15119.06,34261.42,15790.34
2023-07-12,4472.16,15307.23,34347.43,16023.00
2023-07-13,4510.04,15571.98,34395.14,16141.03
2023-07-14,4505.42,15565.60,34509.03,16105.07
2023-07-17,4522.79,15713.28,34585.35,16068.65
2023-07-18,4554.98,15841.35,34951.93,16125.49
2023-07-19,4565.72,15826.35,35061.21,16108.93
2023-07-20,4534.87,15466.09,35225.18,16204.22
2023-07-21,4536.34,15425.67,35227.69,16177.22
2023-07-24,4554.64,15448.02,35411.24,16190.95
2023-07-25,4567.46,15561.42,35438.07,16211.59
2023-07-26,4566.75,15499.26,35520.12,16131.46
2023-07-27,4537.41,15464.93,35282.72,16406.03
2023-07-28,4582.23,15750.93,35459.29,16469.75
2023-07-31,4588.96,15757.00,35559.53,16446.83
2023-08-01,4576.73,15718.01,35630.68,16240.40
2023-08-02,4513.39,15370.74,35282.52,16020.02
2023-08-03,4501.89,15353.54,35215.89,15893.38
2023-08-04,4478.03,15274.92,35065.62,15951.86
2023-08-07,4518.44,15407.85,35473.13,15950.76
2023-08-08,4499.38,15273.05,35314.49,15774.93
2023-08-09,4467.71,15101.71,35123.36,15852.58
2023-08-10,4468.83,15128.84,35176.15,15996.52
2023-08-11,4464.05,15028.07,35281.40,15832.17
2023-08-14,4489.72,15205.59,35307.63,15904.25
2023-08-15,4437.86,15037.65,34946.39,15767.28
2023-08-16,4404.33,14876.47,34765.74,15789.45
2023-08-17,4370.36,14715.81,34474.83,15676.90
2023-08-18,4369.71,14694.84,34500.66,15574.26
2023-08-21,4399.77,14936.69,34463.69,15603.28
2023-08-22,4387.55,14908.96,34288.83,15705.62
2023-08-23,4436.01,15148.06,34472.98,15728.41
2023-08-24,4376.31,14816.44,34099.42,15621.49
2023-08-25,4405.71,14941.83,34346.90,15631.82
2023-08-28,4433.31,15052.46,34559.98,15792.61
2023-08-29,4497.63,15376.55,34852.67,15930.88
2023-08-30,4514.87,15462.43,34890.24,15891.93
2023-08-31,4507.66,15501.07,34721.91,15947.08
2023-09-01,4515.77,15490.86,34837.71,15840.34
2023-09-04,,,,15824.85
2023-09-05,4496.83,15508.24,34641.97,15771.71
2023-09-06,4465.48,15371.44,34443.19,15741.37
2023-09-07,4451.14,15258.52,34500.73,15718.66
2023-09-08,4457.49,15280.23,34576.59,15740.30
2023-09-11,4487.46,15461.87,34663.72,15800.99
2023-09-12,4461.90,15289.74,34645.99,15715.53
2023-09-13,4467.44,15348.53,34575.53,15654.03
2023-09-14,4505.10,15473.89,34907.11,15805.29
2023-09-15,4450.32,15202.40,34618.24,15893.53
2023-09-18,4453.53,15225.37,34624.30,15727.12
2023-09-19,4443.95,15191.23,34517.73,15664.48
2023-09-20,4402.20,14969.92,34440.88,15781.59
2023-09-21,4330.00,14694.24,34070.42,15571.86
2023-09-22,4320.06,14701.10,33963.84,15557.29
2023-09-25,4337.44,14768.90,34006.88,15405.49
2023-09-26,4273.53,14545.83,33618.88,15255.87
2023-09-27,4274.51,14580.16,33550.27,15217.45
2023-09-28,4299.70,14702.77,33666.34,15323.50
2023-09-29,4288.05,14715.24,33507.50,15386.58
2023-10-02,4288.39,14837.57,33433.35,15247.21
2023-10-03,4229.45,14565.62,33002.38,15085.21
2023-10-04,4263.75,14776.25,33129.55,15099.92
2023-10-05,4258.19,14723.22,33119.57,15070.22
2023-10-06,4308.50,14973.24,33407.58,15229.77
2023-10-09,4335.66,15047.15,33604.65,15128.11
2023-10-10,4358.24,15131.52,33739.30,15423.52
2023-10-11,4376.95,15241.12,33804.87,15460.01
2023-10-12,4349.61,15184.10,33631.14,15425.03
2023-10-13,4327.78,14995.12,33670.29,15186.66
2023-10-16,4373.63,15172.73,33984.54,15237.99
2023-10-17,4373.20,15122.01,33997.65,15251.69
2023-10-18,4314.60,14909.26,33665.08,15094.91
2023-10-19,4278.00,14783.13,33414.17,15045.23
2023-10-20,4224.16,14560.88,33127.28,14798.47
2023-10-23,4217.04,14604.85,32936.41,14800.72
2023-10-24,4247.68,14745.86,33141.38,14879.94
2023-10-25,4186.77,14381.64,33035.93,14892.18
2023-10-26,4137.23,14109.57,32784.30,14731.05
2023-10-27,4117.37,14180.42,32417.59,14687.41
2023-10-30,4166.82,14335.51,32928.96,14716.54
2023-10-31,4193.80,14409.78,33052.87,14810.34
2023-11-01,4237.86,14664.91,33274.58,14923.27
2023-11-02,4317.78,14919.55,33839.08,15143.60
2023-11-03,4358.34,15099.49,34061.32,15189.25
2023-11-06,4365.98,15154.93,34095.86,15135.97
2023-11-07,4378.38,15296.02,34152.60,15152.64
2023-11-08,4382.78,15313.24,34112.27,15229.60
2023-11-09,4347.35,15187.90,33891.94,15352.54
2023-11-10,4415.24,15529.12,34283.10,15234.39
2023-11-13,4411.55,15482.79,34337.87,15345.00
2023-11-14,4495.70,15812.47,34827.70,15614.43
2023-11-15,4502.88,15817.18,34991.21,15748.17
2023-11-16,4508.24,15833.17,34945.47,15786.61
2023-11-17,4514.02,15837.99,34947.28,15919.16
2023-11-20,4547.38,16027.06,35151.04,15901.33
2023-11-21,4538.19,15933.62,35088.29,15900.53
2023-11-22,4556.62,16001.39,35273.03,15957.82
2023-11-23,,,,15994.73
2023-11-24,4559.34,15982.01,35390.15,16029.49
2023-11-27,4550.43,15961.98,35333.47,15966.37
2023-11-28,4554.89,16010.43,35416.98,15992.67
2023-11-29,4550.58,15987.60,35430.42,16166.45
2023-11-30,4567.80,15947.87,35950.89,16215.43
2023-12-01,4594.63,15997.58,36245.50,16397.52
2023-12-04,4569.78,15839.67,36204.44,16404.76
2023-12-05,4567.18,15877.71,36124.56,16533.11
2023-12-06,4549.34,15788.05,36054.43,16656.44
2023-12-07,4585.59,16022.49,36117.38,16628.99
2023-12-08,4604.37,16084.69,36247.87,16759.22
2023-12-11,4622.44,16221.73,36404.93,16794.43
2023-12-12,4643.70,16354.25,36577.94,16791.74
2023-12-13,4707.09,16562.37,37090.24,16766.05
2023-12-14,4719.55,16537.83,37248.35,16752.23
2023-12-15,4719.19,16623.45,37305.16,16751.44
2023-12-18,4740.56,16729.80,37306.02,16650.55
2023-12-19,4768.37,16811.85,37557.92,16744.41
2023-12-20,4698.35,16554.16,37082.00,16733.05
2023-12-21,4746.75,16757.41,37404.35,16687.42
2023-12-22,4754.63,16777.40,37385.97,16706.18
2023-12-26,4774.75,16878.46,37545.33,
2023-12-27,4781.58,16906.80,37656.52,16742.07
2023-12-28,4783.35,16898.47,37710.10,16701.55
2023-12-29,4769.83,16825.93,37689.54,16751.64
2024-01-02,4742.83,16543.94,37715.04,16769.36
2024-01-03,4704.81,16368.49,37430.19,16538.39
2024-01-04,4688.68,16282.01,37440.34,16617.29
2024-01-05,4697.24,16305.98,37466.11,16594.21
2024-01-08,4763.54,16649.87,37683.01,16716.47
2024-01-09,4756.50,16678.70,37525.16,16688.36
2024-01-10,4783.45,16793.05,37695.73,16689.81
2024-01-11,4780.24,16820.90,37711.02,16547.03
2024-01-12,4783.83,16832.92,37592.98,16704.56
2024-01-15,,,,16622.22
2024-01-16,4765.98,16830.71,37361.12,16571.68
2024-01-17,4739.21,16736.28,37266.67,16431.69
2024-01-18,4780.94,16982.29,37468.61,16567.35
2024-01-19,4839.81,17314.00,37863.80,16555.13
2024-01-22,4850.43,17330.38,38001.81,16683.36
2024-01-23,4864.60,17404.21,37905.45,16627.09
2024-01-24,4868.55,17499.30,37806.39,16889.92
2024-01-25,4894.16,17516.99,38049.13,16906.92
2024-01-26,4890.97,17421.01,38109.43,16961.39
2024-01-29,4927.93,17596.27,38333.45,16941.71
2024-01-30,4924.97,17476.71,38467.31,16972.34
2024-01-31,4845.65,17137.24,38150.30,16903.76
2024-02-01,4906.19,17344.71,38519.84,16859.04
2024-02-02,4958.61,17642.73,38654.42,16918.21
2024-02-05,4942.81,17613.04,38380.12,16904.06
2024-02-06,4954.23,17572.73,38521.36,17033.24
2024-02-07,4995.06,17755.07,38677.36,16921.96
2024-02-08,4997.91,17783.17,38726.33,16963.83
2024-02-09,5026.61,17962.41,38671.69,16926.50
2024-02-12,5021.84,17882.66,38797.38,17037.35
2024-02-13,4953.17,17600.42,38272.75,16880.83
2024-02-14,5000.62,17807.63,38424.27,16945.48
2024-02-15,5029.73,17845.72,38773.12,17046.69
2024-02-16,5005.57,17685.98,38627.99,17117.44
2024-02-19,,,,17092.26
2024-02-20,4975.51,17546.10,38563.80,17068.43
2024-02-21,4981.80,17478.91,38612.24,17118.12
2024-02-22,5087.03,18004.70,39069.11,17370.45
2024-02-23,5088.80,17937.61,39131.53,17419.33
2024-02-26,5069.53,17933.33,39069.23,17423.23
2024-02-27,5078.18,17971.05,38972.41,17556.49
2024-02-28,5069.76,17874.50,38949.02,17601.22
2024-02-29,5096.27,18043.85,38996.39,17678.19
2024-03-01,5137.08,18302.91,39087.38,17735.07
2024-03-04,5130.95,18226.48,38989.83,17716.17
2024-03-05,5078.65,17897.87,38585.19,17698.40
2024-03-06,5104.76,18017.57,38661.05,17716.71
2024-03-07,5157.36,18297.99,38791.35,17842.85
2024-03-08,5123.69,18018.45,38722.69,17814.51
2024-03-11,5117.94,17951.69,38769.66,17746.27
2024-03-12,5175.27,18219.11,39005.49,17965.11
2024-03-13,5165.31,18068.47,39043.32,17961.38
2024-03-14,5150.48,18014.81,38905.66,17942.04
2024-03-15,5117.09,17808.25,38714.77,17936.65
2024-03-18,5149.42,17985.01,38790.43,17932.68
2024-03-19,5178.51,18032.20,39110.76,17987.49
2024-03-20,5224.62,18240.11,39512.13,18015.13
2024-03-21,5241.53,18320.38,39781.37,18179.25
2024-03-22,5234.18,18339.44,39475.90,18205.94
2024-03-25,5218.19,18277.06,39313.64,18261.31
2024-03-26,5203.58,18210.54,39282.33,18384.35
2024-03-27,5248.49,18280.84,39760.08,18477.09
2024-03-28,5254.35,18254.69,39807.37,18492.49
2024-04-01,5243.77,18293.20,39566.85,
2024-04-02,5205.81,18121.78,39170.24,18283.13
2024-04-03,5211.49,18160.19,39127.14,18367.72
2024-04-04,5147.21,17878.78,38596.98,18403.13
2024-04-05,5204.34,18108.46,38904.04,18175.04
2024-04-08,5202.39,18100.19,38892.80,18318.97
2024-04-09,5209.91,18169.90,38883.67,18076.69
2024-04-10,5160.64,18011.66,38461.51,18097.30
2024-04-11,5199.06,18307.98,38459.08,17954.48
2024-04-12,5123.41,18003.49,37983.24,17930.32
2024-04-15,5061.82,17706.83,37735.11,18026.58
2024-04-16,5051.41,17713.66,37798.97,17766.23
2024-04-17,5022.21,17493.62,37753.31,17770.02
2024-04-18,5011.12,17394.31,37775.38,17837.40
2024-04-19,4967.23,17037.65,37986.40,17737.36
2024-04-22,5010.60,17210.89,38239.98,17860.80
2024-04-23,5070.55,17471.47,38503.69,18137.65
2024-04-24,5071.63,17526.80,38460.92,18088.70
2024-04-25,5048.42,17430.50,38085.80,17917.28
2024-04-26,5099.96,17718.30,38239.66,18161.01
2024-04-29,5116.17,17782.72,38386.09,18118.32
2024-04-30,5035.69,17440.69,37815.92,17932.17
2024-05-01,5018.39,17318.55,37903.29,
2024-05-02,5064.20,17541.54,38225.66,17896.50
2024-05-03,5127.79,17890.80,38675.68,18001.60
2024-05-06,5180.74,18093.57,38852.27,18175.21
2024-05-07,5187.70,18091.45,38884.26,18430.05
2024-05-08,5187.67,18085.01,39056.39,18498.38
2024-05-09,5214.08,18113.46,39387.76,18686.60
2024-05-10,5222.68,18161.18,39512.84,18772.85
2024-05-13,5221.42,18198.61,39431.51,18742.22
2024-05-14,5246.68,18322.77,39558.11,18716.42
2024-05-15,5308.15,18596.65,39908.00,18869.36
2024-05-16,5297.10,18557.96,39869.38,18738.81
2024-05-17,5303.27,18546.23,40003.59,18704.42
2024-05-20,5308.13,18674.19,39806.77,18768.96
2024-05-21,5321.41,18713.80,39872.99,18726.76
2024-05-22,5307.01,18705.20,39671.04,18680.20
2024-05-23,5267.84,18623.39,39065.26,18691.32
2024-05-24,5304.72,18808.35,39069.59,18693.37
2024-05-27,,,,18774.71
2024-05-28,5306.04,18869.44,38852.86,18677.87
2024-05-29,5266.95,18736.75,38441.54,18473.29
2024-05-30,5235.48,18538.66,38111.48,18496.79
2024-05-31,5277.51,18536.65,38686.32,18497.94
2024-06-03,5283.40,18600.97,38571.03,18608.16
2024-06-04,5291.34,18654.84,38711.29,18405.64
2024-06-05,5354.03,19035.05,38807.33,18575.94
2024-06-06,5352.96,19021.19,38886.17,18652.67
2024-06-07,5346.99,19000.95,38798.99,18557.27
2024-06-10,5360.79,19074.67,38868.04,18494.89
2024-06-11,5375.32,19210.18,38747.42,18369.94
2024-06-12,5421.03,19465.18,38712.21,18630.86
2024-06-13,5433.74,19576.92,38647.10,18265.68
2024-06-14,5431.60,19659.80,38589.16,18002.02
2024-06-17,5473.23,19902.75,38778.10,18068.21
2024-06-18,5487.03,19908.86,38834.86,18131.97
2024-06-19,,,,18067.91
2024-06-20,5473.17,19752.30,39134.76,18254.18
2024-06-21,5464.62,19700.43,39150.33,18163.52
2024-06-24,5447.87,19474.62,39411.21,18325.58
2024-06-25,5469.30,19701.13,39112.16,18177.62
2024-06-26,5477.90,19751.05,39127.80,18155.24
2024-06-27,5482.87,19789.03,39164.06,18210.55
2024-06-28,5460.48,19682.87,39118.86,18235.45
2024-07-01,5475.09,19812.22,39169.52,18290.66
2024-07-02,5509.01,20011.89,39331.85,18164.06
2024-07-03,5537.02,20186.63,39308.00,18374.53
2024-07-04,,,,18450.48
2024-07-05,5567.19,20391.97,39375.87,18475.45
2024-07-08,5572.85,20439.54,39344.79,18472.05
2024-07-09,5576.98,20453.02,39291.97,18236.19
2024-07-10,5633.91,20675.38,39721.36,18407.22
2024-07-11,5584.54,20211.36,39753.75,18534.56
2024-07-12,5615.35,20331.49,40000.90,18748.18
2024-07-15,5631.22,20386.88,40211.72,18590.89
2024-07-16,5667.20,20398.62,40954.48,18518.03
2024-07-17,5588.27,19799.14,41198.08,18437.30
2024-07-18,5544.59,19705.09,40665.02,18354.76
2024-07-19,5505.00,19522.62,40287.53,18171.93
2024-07-22,5564.41,19822.87,40415.44,18407.07
2024-07-23,5555.74,19754.34,40358.09,18557.70
2024-07-24,5427.13,19032.39,39853.87,18387.46
2024-07-25,5399.22,18830.58,39935.07,18298.72
2024-07-26,5459.10,19023.66,40589.34,18417.55
2024-07-29,5463.54,19059.49,40539.93,18320.67
2024-07-30,5436.44,18796.27,40743.33,18411.18
2024-07-31,5522.30,19362.43,40842.79,18508.65
2024-08-01,5446.68,18890.39,40347.97,18083.05
2024-08-02,5346.56,18440.85,39737.26,17661.22
2024-08-05,5186.33,17895.16,38703.27,17339.00
2024-08-06,5240.03,18077.92,38997.66,17354.32
2024-08-07,5199.50,17867.37,38763.45,17615.15
2024-08-08,5319.31,18413.82,39446.49,17680.40
2024-08-09,5344.16,18513.10,39497.54,17722.88
2024-08-12,5344.39,18542.03,39357.01,17726.47
2024-08-13,5434.43,19006.43,39765.64,17812.05
2024-08-14,5455.21,19022.68,40008.39,17885.60
2024-08-15,5543.22,19490.15,40563.06,18183.24
2024-08-16,5554.25,19508.52,40659.76,18322.40
2024-08-19,5608.25,19766.49,40896.53,18421.69
2024-08-20,5597.12,19719.82,40834.97,18357.52
2024-08-21,5620.85,19824.84,40890.49,18448.95
2024-08-22,5570.64,19491.84,40712.78,18493.39
2024-08-23,5634.61,19720.87,41175.08,18633.10
2024-08-26,5616.84,19516.44,41240.52,18617.02
2024-08-27,5625.80,19581.52,41250.50,18681.81
2024-08-28,5592.18,19350.78,41091.42,18782.29
2024-08-29,5591.96,19325.45,41335.05,18912.57
2024-08-30,5648.40,19574.64,41563.08,18906.92
2024-09-02,,,,18930.85
2024-09-03,5528.93,18958.74,40936.93,18747.11
2024-09-04,5520.07,18921.40,40974.97,18591.85
2024-09-05,5503.41,18930.33,40755.75,18576.50
2024-09-06,5408.42,18421.31,40345.41,18301.90
2024-09-09,5471.05,18660.78,40829.59,18443.56
2024-09-10,5495.52,18829.14,40736.96,18265.92
2024-09-11,5554.13,19237.30,40861.71,18330.27
2024-09-12,5595.76,19423.07,41096.77,18518.39
2024-09-13,5626.02,19514.59,41393.78,18699.40
2024-09-16,5633.09,19423.06,41622.08,18633.11
2024-09-17,5634.58,19432.40,41606.18,18726.08
2024-09-18,5618.26,19344.49,41503.10,18711.49
2024-09-19,5713.64,19839.83,42025.19,19002.38
2024-09-20,5702.55,19791.49,42063.36,18720.01
2024-09-23,5718.57,19852.20,42124.65,18846.79
2024-09-24,5732.93,19944.84,42208.22,18996.63
2024-09-25,5722.26,19972.61,41914.75,18918.50
2024-09-26,5745.37,20115.54,42175.11,19238.36
2024-09-27,5738.17,20008.62,42313.00,19473.63
2024-09-30,5762.48,20060.69,42330.15,19324.93
2024-10-01,5708.75,19773.30,42156.97,19213.14
2024-10-02,5709.54,19802.59,42196.52,19164.75
2024-10-03,5699.94,19793.34,42011.59,19015.41
2024-10-04,5751.07,20035.02,42352.75,19120.93
2024-10-07,5695.94,19800.74,41954.24,19104.10
2024-10-08,5751.13,20107.78,42080.37,19066.47
2024-10-09,5792.04,20268.86,42512.00,19254.93
2024-10-10,5780.05,20241.76,42454.12,19210.90
2024-10-11,5815.03,20271.97,42863.86,19373.83
2024-10-14,5859.85,20439.05,43065.22,19508.29
2024-10-15,5815.26,20159.83,42740.42,19486.19
2024-10-16,5842.47,20174.05,43077.70,19432.81
2024-10-17,5841.47,20190.42,43239.05,19583.39
2024-10-18,5864.67,20324.04,43275.91,19657.37
2024-10-21,5853.98,20361.47,42931.60,19461.19
2024-10-22,5851.20,20390.46,42924.89,19421.91
2024-10-23,5797.42,20066.96,42514.95,19377.62
2024-10-24,5809.86,20232.87,42374.36,19443.00
2024-10-25,5808.12,20352.02,42114.40,19463.59
2024-10-28,5823.52,20351.07,42387.57,19531.62
2024-10-29,5832.92,20550.65,42233.05,19478.07
2024-10-30,5813.67,20387.70,42141.54,19257.34
2024-10-31,5705.45,19890.42,41763.46,19077.54
2024-11-01,5728.80,20033.14,42052.19,19254.97
2024-11-04,5712.69,19963.60,41794.60,19147.85
2024-11-05,5782.76,20227.46,42221.88,19256.27
2024-11-06,5929.04,20781.33,43729.93,19039.31
2024-11-07,5973.10,21101.57,43729.34,19362.52
2024-11-08,5995.54,21117.18,43988.99,19215.48
2024-11-11,6001.35,21106.59,44293.13,19448.60
2024-11-12,5983.99,21070.79,43910.98,19033.64
2024-11-13,5985.38,21036.16,43958.19,19003.11
2024-11-14,5949.17,20896.67,43750.86,19263.70
2024-11-15,5870.62,20394.13,43444.99,19210.81
2024-11-18,5893.62,20539.19,43389.60,19189.19
2024-11-19,5916.98,20684.59,43268.94,19060.31
2024-11-20,5917.11,20667.10,43408.47,19004.78
2024-11-21,5948.71,20740.78,43870.35,19146.17
2024-11-22,5969.34,20776.23,44296.51,19322.59
2024-11-25,5987.37,20804.89,44736.57,19405.20
2024-11-26,6021.63,20922.90,44860.31,19295.98
2024-11-27,5998.74,20744.49,44722.06,19261.75
2024-11-28,,,,19425.73
2024-11-29,6032.38,20930.37,44910.65,19626.45
2024-12-02,6047.15,21164.60,44782.00,19933.62
2024-12-03,6049.88,21229.32,44705.53,20016.75
2024-12-04,6086.49,21492.36,45014.04,20232.14
2024-12-05,6075.11,21425.22,44765.71,20358.80
2024-12-06,6090.27,21622.25,44642.52,20384.61
2024-12-09,6052.85,21440.82,44401.93,20345.96
2024-12-10,6034.91,21368.18,44247.83,20329.16
2024-12-11,6084.19,21763.98,44148.56,20399.16
2024-12-12,6051.25,21615.27,43914.12,20426.27
2024-12-13,6051.09,21780.25,43828.06,20405.92
2024-12-16,6074.08,22096.66,43717.48,20313.81
2024-12-17,6050.61,22001.08,43449.90,20246.37
2024-12-18,5872.16,21209.32,42326.87,20242.57
2024-12-19,5867.08,21110.51,42342.24,19969.86
2024-12-20,5930.85,21289.15,42840.26,19884.75
2024-12-23,5974.07,21503.17,42906.95,19848.77
2024-12-24,6040.04,21797.65,43297.03,
2024-12-26,6037.59,21768.31,43325.80,
2024-12-27,5970.84,21473.02,42992.21,19984.32
2024-12-30,5906.94,21197.09,42573.73,19909.14
2024-12-31,5881.63,21012.17,42544.22,
2025-01-02,5868.55,20975.62,42392.27,20024.66
2025-01-03,5942.47,21326.16,42732.13,19906.08
2025-01-06,5975.38,21559.50,42706.56,20216.19
2025-01-07,5909.03,21173.04,42528.36,20340.57
2025-01-08,5918.25,21180.97,42635.20,20329.94
2025-01-09,,,,20317.10
2025-01-10,5827.04,20847.58,41938.45,20214.79
2025-01-13,5836.22,20784.72,42297.12,20132.85
2025-01-14,5842.91,20757.41,42518.28,20271.33
2025-01-15,5949.91,21237.85,43221.55,20574.68
2025-01-16,5937.34,21091.25,43153.13,20655.39
2025-01-17,5996.66,21441.16,43487.83,20903.39
2025-01-20,,,,20990.31
2025-01-21,6049.24,21566.51,44025.81,21042.00
2025-01-22,6086.37,21853.00,44156.73,21254.27
2025-01-23,6118.71,21900.93,44565.07,21411.53
2025-01-24,6101.24,21774.01,44424.25,21394.93
2025-01-27,6012.28,21127.28,44713.58,21282.18
2025-01-28,6067.70,21463.04,44850.35,21430.58
2025-01-29,6039.31,21411.46,44713.52,21637.53
2025-01-30,6071.17,21508.12,44882.13,21727.20
2025-01-31,6040.53,21478.05,44544.66,21732.05
2025-02-03,5994.57,21297.58,44421.91,21428.24
2025-02-04,6037.88,21566.92,44556.04,21505.70
2025-02-05,6061.48,21658.16,44873.28,21585.93
2025-02-06,6083.57,21774.07,44747.63,21902.42
2025-02-07,6025.99,21491.31,44303.40,21787.00
2025-02-10,6066.44,21756.73,44470.41,21911.74
2025-02-11,6068.50,21693.52,44593.65,22037.83
2025-02-12,6051.97,21719.26,44368.56,22148.03
2025-02-13,6115.07,22030.71,44711.43,22612.02
2025-02-14,6114.63,22114.69,44546.08,22513.42
2025-02-17,,,,22798.09
2025-02-18,6129.58,22164.61,44556.34,22844.50
2025-02-19,6144.15,22175.60,44627.59,22433.63
2025-02-20,6117.52,22068.06,44176.65,22314.65
2025-02-21,6013.13,21614.08,43428.02,22287.56
2025-02-24,5983.25,21352.08,43461.21,22425.93
2025-02-25,5955.25,21087.25,43621.16,22410.27
2025-02-26,5956.06,21132.92,43433.12,22794.11
2025-02-27,5861.57,20550.95,43239.50,22550.89
2025-02-28,5954.50,20884.41,43840.91,22551.43
2025-03-03,5849.72,20425.58,43191.24,23147.02
2025-03-04,5778.15,20352.53,42520.99,22326.81
2025-03-05,5842.63,20628.46,43006.59,23081.03
2025-03-06,5738.52,20052.63,42579.08,23419.48
2025-03-07,5770.20,20201.37,42801.72,23008.94
2025-03-10,5614.56,19430.95,41911.71,22620.95
2025-03-11,5572.07,19376.96,41433.48,22328.77
2025-03-12,5599.30,19596.02,41350.93,22676.41
2025-03-13,5521.52,19225.48,40813.57,22567.14
2025-03-14,5638.94,19704.64,41488.19,22986.82
2025-03-17,5675.12,19812.24,41841.63,23154.57
2025-03-18,5614.66,19483.36,41581.31,23380.70
2025-03-19,5675.29,19736.66,41964.63,23288.06
2025-03-20,5662.89,19677.61,41953.32,22999.15
2025-03-21,5667.56,19753.97,41985.35,22891.68
2025-03-24,5767.57,20180.45,42583.32,22852.66
2025-03-25,5776.65,20287.83,42587.50,23109.79
2025-03-26,5712.20,19916.99,42454.79,22839.03
2025-03-27,5693.31,19798.62,42299.70,22678.74
2025-03-28,5580.94,19281.40,41583.90,22461.52
2025-03-31,5611.85,19278.45,42001.76,22163.49
2025-04-01,5633.07,19436.42,41989.96,22539.98
2025-04-02,5670.97,19581.78,42225.32,22390.84
2025-04-03,5396.52,18521.47,40545.93,21717.39
2025-04-04,5074.08,17397.70,38314.86,20641.72
2025-04-07,5062.25,17430.68,37965.60,19789.62
2025-04-08,4982.77,17090.40,37645.59,20280.26
2025-04-09,5456.90,19145.06,40608.45,19670.88
2025-04-10,5268.05,18343.57,39593.66,20562.73
2025-04-11,5363.36,18690.05,40212.71,20374.10
2025-04-14,5405.97,18796.02,40524.79,20954.83
2025-04-15,5396.63,18830.23,40368.96,21253.70
2025-04-16,5275.70,18257.64,39669.39,21311.02
2025-04-17,5282.70,18258.09,39142.23,21205.86
2025-04-21,5158.20,17808.30,38170.41,
2025-04-22,5287.76,18276.41,39186.98,21293.53
2025-04-23,5375.86,18693.26,39606.57,21961.97
2025-04-24,5484.77,19214.40,40093.40,22064.51
2025-04-25,5525.21,19432.56,40113.50,22242.45
2025-04-28,5528.75,19427.29,40227.59,22271.67
2025-04-29,5560.83,19544.95,40527.62,22425.83
2025-04-30,5569.06,19571.02,40669.36,22496.98
2025-05-01,5604.14,19786.71,40752.96,
2025-05-02,5686.67,20102.61,41317.43,23086.65
2025-05-05,5650.38,19967.94,41218.83,23344.54
2025-05-06,5606.91,19791.35,40829.00,23249.65
2025-05-07,5631.28,19867.97,41113.97,23115.96
2025-05-08,5663.94,20063.56,41368.45,23352.69
2025-05-09,5659.91,20061.45,41249.38,23499.32
2025-05-12,5844.19,20868.15,42410.10,23566.54
2025-05-13,5886.55,21197.70,42140.43,23638.56
2025-05-14,5892.58,21319.21,42051.06,23527.01
2025-05-15,5916.93,21335.82,42322.75,23695.59
2025-05-16,5958.38,21427.94,42654.74,23767.43
2025-05-19,5963.60,21447.05,42792.07,23934.98
2025-05-20,5940.46,21367.37,42677.24,24036.11
2025-05-21,5844.61,21080.36,41860.44,24122.40
2025-05-22,5842.01,21112.47,41859.09,23999.17
2025-05-23,5802.82,20915.66,41603.07,23629.58
2025-05-26,,,,24027.65
2025-05-27,5921.54,21414.99,42343.65,24226.49
2025-05-28,5888.55,21318.17,42098.70,24038.19
2025-05-29,5912.17,21363.95,42215.73,23933.23
2025-05-30,5911.69,21340.99,42270.07,23997.48
2025-06-02,5935.94,21491.75,42305.48,23930.67
2025-06-03,5970.37,21662.58,42519.64,24091.62
2025-06-04,5970.81,21721.92,42427.74,24276.48
2025-06-05,5939.30,21547.43,42319.74,24323.58
2025-06-06,6000.36,21761.79,42762.87,24304.46
2025-06-09,6005.88,21797.87,42761.76,24174.32
2025-06-10,6038.81,21941.92,42866.87,23987.56
2025-06-11,6022.24,21860.80,42865.77,23948.90
2025-06-12,6045.26,21913.32,42967.62,23771.45
2025-06-13,5976.97,21631.04,42197.79,23516.23
2025-06-16,6033.11,21937.57,42515.09,23699.12
2025-06-17,5982.72,21719.08,42215.80,23434.65
2025-06-18,5980.87,21719.69,42171.66,23317.81
2025-06-19,,,,23057.38
2025-06-20,5967.84,21626.39,42206.82,23350.55
2025-06-23,6025.17,21856.33,42581.78,23269.01
2025-06-24,6092.18,22190.52,43089.02,23641.58
2025-06-25,6092.16,22237.74,42982.43,23498.33
2025-06-26,6141.02,22447.29,43386.84,23649.30
2025-06-27,6173.07,22534.20,43819.27,24033.22
2025-06-30,6204.95,22679.01,44094.77,23909.61
2025-07-01,6198.01,22478.13,44494.94,23673.29
2025-07-02,6227.42,22641.89,44484.42,23790.11
2025-07-03,6279.35,22866.97,44828.53,23934.13
2025-07-04,,,,23787.45
2025-07-07,6229.98,22685.57,44406.36,24073.67
2025-07-08,6225.52,22702.25,44240.76,24206.91
2025-07-09,6263.26,22864.91,44458.30,24549.56
2025-07-10,6280.46,22829.26,44650.64,24456.81
2025-07-11,6259.75,22780.60,44371.51,24255.31
2025-07-14,6268.56,22855.63,44459.65,24160.64
2025-07-15,6243.76,22884.59,44023.29,24060.29
2025-07-16,6263.70,22907.97,44254.78,24009.38
2025-07-17,6297.36,23081.05,44484.49,24370.93
2025-07-18,6296.79,23065.47,44342.19,24289.51
2025-07-21,6305.60,23180.06,44323.07,24307.80
2025-07-22,6309.62,23063.58,44502.44,24041.90
2025-07-23,6358.91,23162.41,45010.29,24240.82
2025-07-24,6363.35,23219.87,44693.91,24295.93
2025-07-25,6388.64,23272.25,44901.92,24217.50
2025-07-28,6389.77,23356.27,44837.56,23970.36
2025-07-29,6370.86,23308.30,44632.99,24217.37
2025-07-30,6362.90,23345.41,44461.28,24262.22
2025-07-31,6339.39,23218.12,44130.98,24065.47
2025-08-01,6238.01,22763.31,43588.58,23425.97
2025-08-04,6329.94,23188.61,44173.64,23757.69
2025-08-05,6299.19,23018.56,44111.74,23846.07
2025-08-06,6345.06,23315.04,44193.12,23924.36
2025-08-07,6340.00,23389.53,43968.64,24192.50
2025-08-08,6389.45,23611.27,44175.61,24162.86
2025-08-11,6373.45,23526.63,43975.09,24081.34
2025-08-12,6445.76,23839.20,44458.61,24024.78
2025-08-13,6466.58,23849.04,44922.27,24185.59
2025-08-14,6468.54,23832.44,44911.26,24377.50
2025-08-15,6449.80,23712.07,44946.12,24359.30
2025-08-18,6449.15,23713.76,44911.82,24314.77
2025-08-19,6411.37,23384.77,44922.27,24423.07
2025-08-20,6395.78,23249.57,44938.31,24276.97
2025-08-21,6370.17,23142.58,44785.50,24293.34
2025-08-22,6466.91,23498.12,45631.74,24363.09
2025-08-25,6439.32,23425.61,45282.47,24273.12
2025-08-26,6465.94,23525.29,45418.07,24152.87
2025-08-27,6481.40,23565.85,45565.23,24046.21
2025-08-28,6501.86,23703.45,45636.90,24039.92
2025-08-29,6460.26,23415.42,45544.88,23902.21
2025-09-01,,,,24037.33
2025-09-02,6415.54,23231.11,45295.81,23487.33
2025-09-03,6448.26,23414.84,45271.23,23594.80
2025-09-04,6502.08,23633.01,45621.29,23770.33
2025-09-05,6481.50,23652.44,45400.86,23596.98
2025-09-08,6495.15,23762.30,45514.95,23807.13
2025-09-09,6512.61,23839.80,45711.34,23718.45
2025-09-10,6532.04,23849.27,45490.92,23632.95
2025-09-11,6587.47,23992.56,46108.00,23703.65
2025-09-12,6584.29,24092.19,45834.22,23698.15
2025-09-15,6615.28,24293.78,45883.45,23748.86
2025-09-16,6606.76,24274.25,45757.90,23329.24
2025-09-17,6600.35,24223.69,46018.32,23359.18
2025-09-18,6631.96,24454.89,46142.42,23674.53
2025-09-19,6664.36,24626.25,46315.27,23639.41
2025-09-22,6693.75,24761.07,46381.54,23527.05
2025-09-23,6656.92,24580.17,46292.78,23611.33
2025-09-24,6637.97,24503.57,46121.28,23666.81
2025-09-25,6604.72,24397.31,45947.32,23534.83
2025-09-26,6643.70,24503.85,46247.29,23739.47
2025-09-29,6661.21,24611.35,46316.07,23745.06
2025-09-30,6688.46,24679.99,46397.89,23880.72
2025-10-01,6711.20,24800.86,46441.10,24113.62
2025-10-02,6715.35,24892.76,46519.72,24422.56
2025-10-03,6715.79,24785.52,46758.28,24378.80
2025-10-06,6740.28,24978.56,46694.97,24378.29
2025-10-07,6714.59,24840.23,46602.98,24385.78
2025-10-08,6753.72,25136.62,46601.78,24597.13
2025-10-09,6735.11,25098.18,46358.42,24611.25
2025-10-10,6552.51,24221.74,45479.60,24241.46
2025-10-13,6654.72,24750.25,46067.58,24387.93
2025-10-14,6644.31,24579.32,46270.46,24236.94
2025-10-15,6671.06,24745.36,46253.31,24181.37
2025-10-16,6629.07,24657.24,45952.24,24272.19
2025-10-17,6664.01,24817.95,46190.61,23830.99
2025-10-20,6735.13,25141.02,46706.58,24258.80
2025-10-21,6735.35,25127.13,46924.74,24330.03
2025-10-22,6699.40,24879.01,46590.41,24151.13
2025-10-23,6738.44,25097.41,46734.61,24207.79
2025-10-24,6791.69,25358.16,47207.12,24239.89
2025-10-27,6875.16,25821.55,47544.59,24308.78
2025-10-28,6890.89,26012.15,47706.37,24278.63
2025-10-29,6890.59,26119.85,47632.00,24124.21
2025-10-30,6822.34,25734.81,47522.12,24118.89
2025-10-31,6840.20,25858.13,47562.87,23958.30
2025-11-03,6851.97,25972.94,47336.68,24132.41
2025-11-04,6771.55,25435.70,47085.24,23949.11
2025-11-05,6796.29,25620.03,47311.00,24049.74
2025-11-06,6720.32,25130.04,46912.30,23734.02
2025-11-07,6728.80,25059.81,46987.10,23569.96
2025-11-10,6832.43,25611.74,47368.63,23959.99
2025-11-11,6846.61,25533.49,47927.96,24088.06
2025-11-12,6850.92,25517.33,48254.82,24381.46
2025-11-13,6737.49,24993.46,47457.22,24041.62
2025-11-14,6734.11,25008.24,47147.48,23876.55
2025-11-17,6672.41,24799.92,46590.24,23590.52
2025-11-18,6617.32,24503.10,46091.74,23180.53
2025-11-19,6642.16,24640.52,46138.77,23162.92
2025-11-20,6538.76,24054.38,45752.26,23278.85
2025-11-21,6602.99,24239.57,46245.41,23091.87
2025-11-24,6705.12,24873.85,46448.27,23239.18
2025-11-25,6765.88,25018.36,47112.45,23464.63
2025-11-26,6812.61,25236.94,47427.12,23726.22
2025-11-27,,,,23767.96
2025-11-28,6849.09,25434.89,47716.42,23836.79
2025-12-01,6812.63,25342.85,47289.33,23589.44
2025-12-02,6829.37,25555.86,47474.46,23710.86
2025-12-03,6849.72,25606.54,47882.90,23693.71
2025-12-04,6857.12,25581.70,47850.94,23882.03
2025-12-05,6870.40,25692.05,47954.99,24028.14
2025-12-08,6846.51,25627.95,47739.32,24046.01
2025-12-09,6840.51,25668.69,47560.29,24162.65
2025-12-10,6886.68,25776.44,48057.75,24130.14
2025-12-11,6901.00,25686.69,48704.01,24294.61
2025-12-12,6827.41,25196.73,48458.05,24186.49
2025-12-15,6816.51,25067.27,48416.56,24229.91
2025-12-16,6800.26,25132.94,48114.26,24076.87
2025-12-17,6721.43,24647.61,47885.97,23960.59
2025-12-18,6774.76,25019.37,47951.85,24199.50
2025-12-19,6834.50,25346.18,48134.89,24288.40
2025-12-22,6878.49,25461.70,48362.68,24283.97
2025-12-23,6909.79,25587.83,48442.41,24340.06
2025-12-24,6932.05,25656.15,48731.16,
2025-12-26,6929.94,25644.39,48710.97,
2025-12-29,6905.74,25525.56,48461.93,24351.12
2025-12-30,6896.24,25462.56,48367.06,24490.41
2025-12-31,6845.50,25249.85,48063.29,
2026-01-02,6858.47,25206.17,48382.39,24539.34
2026-01-05,6902.05,25401.32,48977.18,24868.69
2026-01-06,6944.82,25639.71,49462.08,24892.20
2026-01-07,6920.93,25653.90,48996.08,25122.26
2026-01-08,6921.46,25507.10,49266.11,25127.46
2026-01-09,6966.28,25766.26,49504.07,25261.64
2026-01-12,6977.27,25787.66,49590.20,25405.34
2026-01-13,6963.74,25741.95,49191.99,25420.66
2026-01-14,6926.60,25465.94,49149.63,25286.24
2026-01-15,6944.47,25547.07,49442.44,25352.39
2026-01-16,6940.01,25529.26,49359.33,25297.13
2026-01-19,,,,24959.06
2026-01-20,6796.86,24987.57,48488.59,24703.12
2026-01-21,6875.62,25326.58,49077.23,24560.98
2026-01-22,6913.35,25518.35,49384.01,24856.47
2026-01-23,6915.61,25605.47,49098.71,24900.71
2026-01-26,6950.23,25713.21,49412.40,24933.08
2026-01-27,6978.60,25939.74,49003.41,24894.44
2026-01-28,6978.03,26022.79,49015.60,24822.79
2026-01-29,6969.01,25884.30,49071.56,24309.46
2026-01-30,6939.03,25552.39,48892.47,24538.81
2026-02-02,6976.44,25738.61,49407.66,24797.52
2026-02-03,6917.81,25338.62,49240.99,24780.79
2026-02-04,6882.72,24891.24,49501.30,24603.04
2026-02-05,6798.40,24548.69,48908.72,24491.06
2026-02-06,6932.30,25075.77,50115.67,24721.46
2026-02-09,6964.82,25268.14,50135.87,25014.87
2026-02-10,6941.81,25127.64,50188.14,24987.85
2026-02-11,6941.47,25201.26,50121.40,24856.15
2026-02-12,6832.76,24687.61,49451.98,24852.69
2026-02-13,6836.17,24732.73,49500.93,24914.88
2026-02-16,,,,24800.91
2026-02-17,6843.22,24701.60,49533.19,24998.40
2026-02-18,6881.31,24898.87,49662.66,25278.21
2026-02-19,6861.89,24797.34,49395.16,25043.57
2026-02-20,6909.51,25012.62,49625.97,25260.69
2026-02-23,6837.75,24708.94,48804.06,24991.97
2026-02-24,6890.07,24977.04,49174.50,24986.25
2026-02-25,6946.13,25329.04,49482.15,25175.94
2026-02-26,6908.86,25034.37,49499.20,25289.02
2026-02-27,6878.88,24960.04,48977.92,25284.26
2026-03-02,6881.62,24992.60,48904.78,24638.00
2026-03-03,6816.63,24720.08,48501.27,23790.65
2026-03-04,6869.50,25093.68,48739.41,24205.36
2026-03-05,6830.71,25020.41,47954.74,23815.75
2026-03-06,6740.02,24643.02,47501.55,23591.03
2026-03-09,6795.99,24967.25,47740.80,23409.37
2026-03-10,6781.48,24956.47,47706.51,23968.63
2026-03-11,6775.80,24965.01,47417.27,23640.03
2026-03-12,6672.62,24533.58,46677.85,23589.65
2026-03-13,6632.19,24380.73,46558.47,23447.29
2026-03-16,6699.38,24655.34,46946.41,23564.01
2026-03-17,6716.09,24780.42,46993.26,23730.92
2026-03-18,6624.70,24425.09,46225.15,23502.25
2026-03-19,6606.49,24355.28,46021.43,22839.56
2026-03-20,6506.48,23898.15,45577.47,22380.19
2026-03-23,6581.00,24188.59,46208.47,22653.86
2026-03-24,6556.37,24002.45,46124.06,22636.91
2026-03-25,6591.90,24162.98,46429.49,22957.08
2026-03-26,6477.16,23586.99,45960.11,22612.97
2026-03-27,6368.85,23132.77,45166.64,22300.75
2026-03-30,6343.72,22953.38,45216.14,22562.88
2026-03-31,6528.52,23740.19,46341.51,22680.04
2026-04-01,6575.32,24019.99,46565.74,23298.89
2026-04-02,6582.69,24045.53,46504.67,23168.08
2026-04-06,6611.83,24192.17,46669.88,
2026-04-07,6616.85,24202.37,46584.46,22921.59
2026-04-08,6782.81,24903.17,47909.92,24080.63
2026-04-09,6824.66,25082.09,48185.80,23806.99
2026-04-10,6816.89,25116.34,47916.57,23803.95
2026-04-13,6886.24,25383.72,48218.25,23742.44
2026-04-14,6967.38,25842.00,48535.99,24044.22
2026-04-15,7022.95,26204.58,48463.72,24066.70
2026-04-16,7041.28,26333.00,48578.72,24154.47
2026-04-17,7126.06,26672.43,49447.43,24702.24
2026-04-20,7109.14,26590.34,49442.56,24417.80
2026-04-21,7064.01,26479.47,49149.38,24270.87
2026-04-22,7137.90,26937.28,49490.03,24194.90
2026-04-23,7108.40,26782.63,49310.32,24155.45
2026-04-24,7165.08,27303.67,49230.71,24128.98
2026-04-27,7173.91,27305.68,49167.79,24083.53
2026-04-28,7138.80,27029.01,49141.93,24018.26
2026-04-29,7135.95,27186.98,48861.81,23954.56
2026-04-30,7209.01,27452.12,49652.14,24292.38
2026-05-01,7230.12,27710.36,49499.27,
2026-05-04,7200.75,27651.82,48941.90,23991.27
2026-05-05,7259.22,28015.06,49298.25,24401.70
2026-05-06,7365.12,28599.17,49910.59,24918.69
2026-05-07,7337.11,28563.95,49596.97,24663.61
2026-05-08,7398.93,29234.99,49609.16,24338.63
2026-05-11,7412.84,29320.66,49704.47,24350.28
2026-05-12,7400.96,29064.80,49760.56,23954.93
2026-05-13,7444.25,29366.94,49693.20,24136.81
2026-05-14,7501.24,29580.30,50063.46,24456.26
2026-05-15,7408.50,29125.20,49526.17,23950.57
2026-05-18,7403.05,28994.37,49686.12,24307.92
2026-05-19,7353.61,28818.84,49363.88,24400.65
2026-05-20,7432.97,29297.70,50009.35,24737.24
2026-05-21,7445.72,29357.27,50285.66,24606.77
2026-05-22,7473.47,29481.64,50579.70,24888.56
2026-05-25,,,,25389.10
2026-05-26,7519.12,30001.32,50461.68,25184.89
2026-05-27,7520.36,29973.57,50644.28,25177.80
2026-05-28,7563.63,30223.89,50668.97,25092.25
2026-05-29,7580.06,30333.18,51032.46,25104.70
2026-06-01,7599.96,30513.86,51078.88,25003.04
2026-06-02,7609.78,30660.60,51307.79,25124.17
2026-06-03,7553.68,30571.24,50687.07,24795.94
2026-06-04,7584.31,30407.81,51561.93,24944.95
2026-06-05,7383.74,28957.60,50866.78,24759.05
2026-06-08,7405.73,29414.26,50786.01,24616.22
2026-06-09,7386.65,29084.50,50872.11,24433.06
2026-06-10,7266.99,28508.03,49918.78,24195.31
2026-06-11,7394.30,29446.18,50848.75,24209.71
2026-06-12,7431.46,29635.95,51202.26,24635.30
2026-06-15,7554.29,30543.92,51671.03,24894.01
2026-06-16,7511.35,29968.13,51999.67,24910.41
2026-06-17,7420.10,29670.95,51492.55,24934.67
2026-06-18,7500.58,30406.19,51564.70,25026.80
2026-06-19,,,,24985.82
2026-06-22,7472.79,30347.08,51712.71,25139.69
2026-06-23,7365.46,29347.27,51666.84,24893.58
2026-06-24,7358.22,29220.06,51848.90,24740.36
2026-06-25,7357.49,29440.32,51920.62,24994.83
2026-06-26,7354.02,29118.24,51876.11,24671.22
2026-06-29,7440.43,29774.75,52182.74,24626.89
2026-06-30,7499.36,30276.35,52319.20,24995.81
2026-07-01,7483.23,29809.13,52305.24,25040.28
2026-07-02,7483.24,29329.21,52900.07,25580.88
2026-07-03,,,,25779.31
2026-07-06,7537.43,29697.87,53055.91,25817.89
2026-07-07,7503.85,29173.02,52925.15,25465.25
2026-07-08,7482.71,29252.56,52348.39,24897.45
2026-07-09,7543.64,29727.10,52487.41,25118.27
2026-07-10,7575.39,29825.11,52637.01,25067.09
2026-07-13,7515.34,29264.10,52498.64,25114.25
2026-07-14,7543.59,29586.29,52508.27,25147.03
2026-07-15,7572.40,29502.60,52658.64,24999.53
2026-07-16,7533.77,29025.77,52552.97,24915.49
2026-07-17,7457.69,28592.66,52146.42,24830.98
2026-07-20,7443.28,28604.23,51839.26,24846.69
2026-07-21,7509.20,29155.18,52224.64,25011.35
2026-07-22,7498.96,28998.10,52218.58,25155.41
2026-07-23,7408.30,28454.81,51711.65,24763.12
2026-07-24,7411.98,28128.34,51947.25,25099.00
2026-07-27,7413.18,28039.21,52210.08,25361.03
2026-07-28,7428.78,27763.13,52747.32,25464.01
2026-07-29,7316.15,27192.31,51594.14,25460.48
2026-07-30,7437.63,28106.35,52208.06,25612.03
2026-07-31,7489.72,28274.20,52485.03,25629.24
2026-08-03,7600.50,28776.80,53178.41,26001.31
2026-08-04,7736.52,29733.16,54085.88,26202.35
2026-08-05,7723.55,29487.79,54349.12,26126.30
2026-08-06,7709.96,29373.33,53885.10,26140.13
2026-08-07,7757.64,29722.30,54036.93,26319.45
2026-08-10,7753.11,29621.80,53975.98,26323.88
2026-08-11,7728.20,29525.48,53791.85,26391.42
2026-08-12,7748.50,29742.60,53770.27,26331.07
2026-08-13,7798.99,30084.50,53839.99,26299.74
2026-08-14,7785.76,30046.14,53732.41,26440.31
2026-08-17,7745.06,29995.38,53459.78,26338.61
2026-08-18,7691.76,29490.96,53343.40,26128.36
2026-08-19,7707.98,29426.02,53463.05,26091.33
2026-08-20,7641.16,29213.16,52759.21,25983.04
2026-08-21,7674.37,29308.86,53277.01,26136.56
2026-08-24,7652.86,29023.18,53417.16,26106.60
2026-08-25,7677.28,29209.23,53577.40,26266.14
2026-08-26,7675.70,29224.52,53463.88,26285.96
2026-08-27,7730.99,29641.56,53569.44,26367.24
2026-08-28,7711.76,29433.43,53559.99,26569.99
2026-08-31,7686.14,29456.97,53185.90,26258.11
2026-09-01,7631.47,29077.22,52766.88,25970.11
2026-09-02,7666.60,29143.33,53061.95,25839.33
2026-09-03,7747.71,29482.32,53686.11,26003.32
2026-09-04,7718.60,29544.15,53414.25,26046.40
2026-09-07,,,,26006.53
2026-09-08,7673.52,29507.70,52786.07,26007.63
2026-09-09,7636.36,29421.55,52380.66,25576.45
2026-09-10,7591.70,29103.51,52064.10,25361.15
2026-09-11,7656.98,29368.44,52573.29,25568.56
2026-09-14,7619.98,29127.16,52421.20,25440.81
2026-09-15,7585.73,28937.84,52093.11,25402.28
2026-09-16,7551.81,28945.06,51461.90,25537.75
2026-09-17,7637.76,29446.98,51778.04,25716.71
2026-09-18,7650.50,29644.17,51682.64,25304.06
2026-09-21,7764.70,30482.35,52048.83,25575.01
2026-09-22,7764.64,30732.40,51863.69,25578.85
2026-09-23,7706.03,30470.29,51511.59,25410.63
2026-09-24,7704.13,30478.86,51349.98,25266.53
2026-09-25,7743.41,30608.13,51828.62,25408.64
