ticker,2026-03-03,2026-03-04,2026-03-05,2026-03-06,2026-03-09,2026-03-10,2026-03-11,2026-03-12,2026-03-13,2026-03-16,2026-03-17,2026-03-18,2026-03-19,2026-03-20,2026-03-23,2026-03-24,2026-03-25,2026-03-26,2026-03-27,2026-03-30,2026-03-31,2026-04-01,2026-04-02,2026-04-06,2026-04-07,2026-04-08,2026-04-09,2026-04-10,2026-04-13,2026-04-14,2026-04-15,2026-04-16,2026-04-17,2026-04-20,2026-04-21,2026-04-22,2026-04-23,2026-04-24,2026-04-27,2026-04-28,2026-04-29,2026-04-30,2026-05-01,2026-05-04,2026-05-05,2026-05-06,2026-05-07,2026-05-08,2026-05-11,2026-05-12,2026-05-13,2026-05-14,2026-05-15,2026-05-18,2026-05-19,2026-05-20,2026-05-21,2026-05-22,2026-05-26,2026-05-27,2026-05-28,2026-05-29,2026-06-01,2026-06-02,2026-06-03,2026-06-04,2026-06-05,2026-06-08,2026-06-09,2026-06-10,2026-06-11,2026-06-12,2026-06-15,2026-06-16,2026-06-17,2026-06-18,2026-06-22,2026-06-23,2026-06-24,2026-06-25,2026-06-26,2026-06-29,2026-06-30,2026-07-01,2026-07-02,2026-07-06,2026-07-07,2026-07-08,2026-07-09,2026-07-10,2026-07-13,2026-07-14,2026-07-15,2026-07-16,2026-07-17,2026-07-20,2026-07-21,2026-07-22,2026-07-23,2026-07-24,2026-07-27,2026-07-28,2026-07-29,2026-07-30,2026-07-31,2026-08-03,2026-08-04,2026-08-05,2026-08-06,2026-08-07,2026-08-10,2026-08-11,2026-08-12,2026-08-13,2026-08-14,2026-08-17,2026-08-18,2026-08-19,2026-08-20,2026-08-21,2026-08-24,2026-08-25,2026-08-26,2026-08-27,2026-08-28,2026-08-31,2026-09-01,2026-09-02,2026-09-03,2026-09-04,2026-09-07
AAPL,260.13,261.42,257.25,254.37,253.68,256.95,259.55,254.18,249.52,249.88,252.18,249.0,247.3,246.0,250.28,249.55,251.6,250.77,248.07,245.51,247.1,253.33,250.65,256.46,245.7,256.53,256.07,259.02,256.66,257.19,257.81,261.27,266.72,270.29,265.4,266.87,271.65,269.65,265.07,268.66,267.04,268.14,278.37,274.86,276.5,281.07,285.78,290.0,290.23,292.56,293.5,295.38,296.52,294.91,296.35,298.08,300.4,305.84,307.67,308.3,309.57,309.53,305.02,306.69,308.85,309.65,307.15,301.17,287.78,287.38,289.59,289.62,291.7,293.97,294.36,295.62,296.76,294.18,292.94,273.75,274.21,279.85,280.7,289.2,293.68,307.0,310.15,307.05,308.16,312.17,315.78,311.91,317.32,326.79,329.0,323.68,322.22,323.34,319.35,321.62,334.02,335.6,337.35,329.59,300.0,302.56,301.32,305.67,309.23,310.74,304.61,302.79,300.57,302.05,304.3,302.94,305.74,309.6,310.65,307.01,309.97,308.21,308.8,309.4,315.45,312.8,314.73,323.53,324.11,317.86,
ABBV,230.24,232.08,228.0,226.8,223.23,226.16,225.3,223.57,219.44,220.32,219.76,207.6,204.3,203.06,203.22,201.8,205.86,205.76,209.12,210.78,214.85,213.75,207.71,205.3,201.66,204.56,208.74,207.75,203.01,204.06,205.55,206.52,207.82,202.84,200.92,199.81,200.41,197.14,196.23,196.44,190.75,208.17,205.57,204.87,205.83,203.56,202.03,200.02,202.01,203.51,204.3,208.35,209.02,207.68,208.73,211.5,209.5,215.7,211.91,211.36,215.9,214.9,211.51,208.99,213.73,219.84,226.0,221.17,221.72,224.12,224.04,224.32,220.0,219.15,218.83,215.37,221.94,231.3,232.85,233.66,244.66,249.2,250.1,247.56,250.51,253.6,254.27,250.7,247.99,245.05,244.61,243.19,243.07,243.5,254.29,252.68,252.6,252.25,253.1,256.77,256.78,261.45,262.76,253.51,247.0,244.44,242.39,243.76,241.2,241.95,244.03,247.18,245.52,249.35,247.68,248.31,252.41,259.55,260.48,260.1,262.07,263.03,260.31,257.25,255.08,252.33,257.79,257.7,257.14,255.58,
ABNB,129.46,133.155,134.52,130.975,128.365,130.075,131.52,126.115,125.62,126.91,129.55,130.99,128.76,127.7,129.98,128.42,129.89,130.38,122.46,122.835,123.165,122.87,121.51,124.28,123.41,130.49,126.8,124.835,125.36,130.47,134.1,136.91,139.2,140.338,142.18,142.75,139.81,138.66,140.0,138.24,135.95,138.64,140.82,138.5,138.226,138.95,138.64,137.25,136.905,134.3,131.95,132.61,131.225,132.35,130.01,128.2,130.15,131.73,132.265,131.93,129.696,132.77,132.075,131.84,131.91,133.19,132.635,133.3,130.615,128.39,127.23,128.825,134.304,138.71,139.5,140.14,137.91,138.56,138.75,141.45,141.75,145.708,142.37,143.92,146.5,147.23,148.075,141.24,141.25,147.02,143.79,144.17,147.09,147.12,145.11,144.33,143.01,139.69,135.72,138.16,143.0,148.09,151.5,149.58,149.61,150.02,148.65,150.86,148.75,163.45,177.43,178.45,179.26,179.6,183.66,178.84,180.08,183.58,183.252,184.31,188.53,189.03,187.9,184.05,184.67,181.84,180.75,180.16,183.68,181.16,
ABT,112.63,112.03,110.52,108.34,108.94,109.8,108.96,108.07,107.7,108.53,109.92,107.75,107.14,105.4,104.1,102.41,104.25,104.0,103.68,101.82,100.88,102.21,101.55,101.85,101.45,101.31,101.92,99.34,99.05,100.4,100.63,93.92,94.87,95.49,92.66,91.59,90.72,91.05,90.88,93.27,91.33,90.29,89.14,87.3,86.16,86.15,86.25,84.08,81.97,83.09,82.69,84.05,84.13,84.4,87.41,87.1,86.83,87.05,85.81,84.96,85.14,85.28,85.6,85.89,86.72,89.2,90.96,90.23,90.13,88.69,88.76,87.07,87.73,88.83,87.87,87.76,87.21,88.73,90.3,90.28,93.21,92.67,90.61,91.77,91.91,92.99,95.74,94.3,93.91,93.47,91.64,88.62,87.64,94.99,99.47,100.03,99.34,99.84,100.07,101.5,103.38,105.97,106.97,104.48,102.89,106.43,104.92,104.2,105.56,106.01,107.36,107.92,107.5,110.46,110.79,109.35,111.75,112.91,113.99,113.45,115.82,115.04,114.01,111.29,111.11,109.54,108.68,109.0,108.04,107.36,
ACN,203.0,208.61,209.3,212.0,205.83,199.74,197.66,195.48,195.07,195.64,198.07,194.26,187.0,198.49,198.72,190.65,188.67,190.96,190.27,194.21,195.93,192.0,195.29,195.34,196.51,193.53,182.38,177.5,180.37,189.51,191.51,191.29,195.81,193.98,193.78,188.19,174.87,173.84,176.63,176.99,175.57,173.65,177.01,177.76,173.56,173.52,175.63,172.52,172.22,169.76,155.82,160.5,164.93,165.87,176.17,170.28,173.13,177.17,173.84,176.04,175.33,175.44,188.99,183.41,176.37,177.59,176.33,174.37,170.33,167.85,163.58,164.65,165.05,165.03,155.91,125.6,118.15,124.42,125.8,125.68,125.71,124.44,121.78,126.05,132.94,133.5,140.39,137.16,129.5,134.85,136.1,129.96,135.93,135.5,139.72,140.0,140.31,138.9,135.96,140.71,149.58,156.95,163.86,159.96,159.2,165.44,160.4,167.44,157.76,170.57,172.55,175.55,173.82,177.0,173.91,169.75,170.43,172.35,181.17,180.02,183.43,182.33,180.79,183.51,188.67,186.76,186.99,185.44,189.09,186.02,
ADBE,260.05,270.34,275.4,276.05,277.9,268.37,269.25,269.2,247.16,244.55,252.14,245.18,244.27,241.0,246.22,237.38,233.79,234.28,233.16,236.73,239.51,235.0,237.72,240.23,238.72,237.99,227.7,224.13,226.5,233.0,239.2,245.78,243.5,245.34,245.1,251.9,233.52,238.42,239.11,241.16,238.67,236.28,244.1,247.34,248.49,248.28,252.88,246.1,244.69,240.4,232.84,231.74,240.26,245.24,251.81,246.21,242.11,242.71,238.57,237.28,236.66,244.66,262.3,260.05,252.34,258.33,249.05,244.25,233.33,231.74,218.09,196.9,205.72,203.84,195.02,190.12,191.2,195.35,195.1,191.8,195.29,204.34,201.31,207.06,213.74,212.9,220.29,216.93,213.09,222.82,225.0,218.0,222.91,222.04,232.36,227.5,222.3,218.0,210.88,216.15,229.79,241.69,248.54,242.42,241.23,251.17,245.46,255.56,250.84,261.29,262.14,262.68,255.1,255.85,261.67,251.2,258.19,261.67,269.66,269.92,273.25,269.28,265.04,278.37,286.52,286.26,285.48,279.43,283.84,263.93,
ADI,335.08,339.29,325.33,314.31,307.22,317.08,316.35,304.26,303.51,309.11,310.72,307.88,300.91,305.95,311.71,311.1,320.62,312.39,306.18,300.56,306.5,317.21,309.79,318.75,321.0,341.98,345.49,349.01,344.0,347.05,341.32,346.44,357.82,369.7,373.34,378.25,395.8,398.26,386.74,382.45,386.53,391.18,393.41,391.88,393.19,404.4,405.91,413.52,411.48,406.77,426.0,424.07,414.55,414.07,407.19,383.85,381.22,387.01,406.25,407.78,407.26,408.17,399.91,409.0,418.22,420.59,401.26,401.59,383.32,392.41,397.01,406.4,424.9,415.7,414.06,426.23,436.39,403.21,404.0,412.35,382.82,385.01,391.78,387.84,372.64,385.96,371.09,374.25,388.33,385.93,382.95,392.0,383.28,377.65,366.72,372.03,377.69,376.0,373.39,366.84,361.67,363.15,352.73,361.21,362.86,353.11,368.91,374.64,373.0,385.0,383.83,384.71,383.61,380.51,380.12,389.75,370.23,369.73,369.64,371.46,362.35,367.29,370.74,368.03,359.54,361.93,348.66,352.03,348.0,358.99,
ADP,213.5,214.62,217.25,219.29,220.38,212.5,211.42,207.28,205.53,207.59,208.88,207.36,209.0,208.56,208.01,204.03,198.59,201.92,199.19,202.5,202.35,197.08,199.16,202.02,202.83,199.38,194.54,188.16,188.26,194.14,194.53,197.85,198.33,200.46,201.82,200.62,195.11,194.9,195.7,197.6,205.06,210.3,209.12,210.63,206.74,205.7,206.05,208.62,209.98,211.13,204.56,207.07,210.1,215.13,220.33,215.34,216.62,220.18,218.28,216.72,215.6,218.01,223.95,225.21,225.0,230.07,231.18,228.77,225.38,228.42,225.59,221.84,222.33,220.22,216.79,215.3,213.8,217.89,218.41,216.04,217.65,223.03,222.1,228.28,236.0,237.42,244.04,240.76,235.19,240.21,243.78,243.29,245.47,251.93,251.45,251.01,246.02,241.65,240.4,243.57,251.18,258.18,261.5,256.9,258.99,268.29,263.36,266.73,269.2,270.14,268.01,269.49,265.9,268.73,271.43,265.82,269.14,269.91,276.93,277.0,280.9,279.31,280.87,279.17,285.0,284.93,282.93,278.08,281.4,276.45,
ADS.DE,,,139.75,141.85,136.2,137.5,139.0,137.8,137.45,136.2,138.9,136.95,131.4,131.8,129.95,131.5,132.3,131.2,131.85,130.5,133.6,135.75,132.55,,130.45,136.3,134.95,137.35,135.25,136.0,136.55,140.25,141.55,142.8,144.5,140.7,137.8,134.95,136.6,136.75,145.4,145.75,,141.15,140.6,143.1,149.25,146.85,140.75,139.9,139.75,143.35,142.8,143.0,146.1,144.2,147.8,151.5,155.1,159.0,166.15,166.6,163.2,165.4,161.6,160.05,160.7,158.45,164.1,167.5,171.45,175.45,175.35,173.2,172.8,169.5,170.75,171.1,170.75,176.75,176.45,179.1,176.75,175.5,181.8,185.05,185.95,178.75,178.75,179.95,180.3,179.5,179.0,179.3,180.3,180.4,178.8,176.45,175.15,166.65,175.8,179.05,179.25,147.05,157.55,161.0,159.75,160.2,163.3,162.95,163.7,161.0,158.05,157.05,156.9,151.85,150.7,153.95,148.5,151.5,154.25,151.9,150.7,149.9,151.5,151.4,147.6,148.1,146.85,147.2,147.35
ADSK,244.45,252.5,256.9,257.73,256.5,252.09,249.76,249.24,248.54,249.3,250.59,248.25,246.08,241.5,244.73,237.28,232.41,234.32,229.24,231.05,234.89,232.18,234.09,234.67,232.91,239.03,217.18,214.1,216.42,225.08,232.2,240.42,241.27,241.25,243.5,245.0,227.0,231.18,234.68,232.22,231.14,231.15,238.42,242.76,244.9,240.0,246.56,241.93,234.28,233.83,225.28,227.48,234.21,234.65,243.01,233.2,234.64,238.46,234.37,235.0,233.5,217.0,237.01,235.7,228.26,231.59,229.24,224.23,220.69,218.0,204.8,194.47,195.96,197.82,192.3,190.86,185.5,187.24,188.0,189.0,191.55,194.89,192.26,198.49,200.71,202.25,210.7,205.99,198.01,207.19,209.81,201.96,207.29,208.32,214.7,212.0,210.88,202.15,202.37,204.48,212.19,229.4,238.32,231.76,227.99,233.84,229.7,235.43,235.26,245.0,246.52,249.89,245.46,242.86,251.29,241.33,245.0,243.89,250.19,246.51,252.32,248.9,245.08,260.29,253.16,257.4,247.35,241.05,235.88,216.2,
AEP,129.6,130.86,130.35,130.16,130.79,131.13,130.83,130.8,133.1,133.51,133.37,130.89,126.71,125.08,125.85,126.83,128.04,127.66,128.32,130.51,129.89,130.51,130.52,131.7,131.94,131.56,134.43,136.27,133.58,132.75,133.69,133.0,132.02,133.12,131.74,131.2,132.59,133.81,134.76,135.05,134.18,134.99,136.22,134.15,136.22,132.5,131.33,130.1,130.1,129.44,126.15,127.49,124.68,124.99,126.27,128.51,128.25,129.58,130.52,129.38,126.7,126.14,123.74,124.0,126.26,125.96,128.21,126.4,126.08,127.05,128.29,128.0,127.6,129.13,127.32,126.98,127.94,130.25,132.92,135.01,137.6,136.56,136.12,134.47,135.66,135.23,137.29,135.54,133.52,133.84,135.09,134.54,132.37,131.73,131.78,130.56,129.51,131.15,132.34,135.12,133.28,132.98,129.03,127.32,126.83,126.37,126.27,124.5,124.31,124.2,122.25,122.28,123.41,124.57,124.86,124.78,126.15,125.23,125.67,120.52,120.06,121.75,122.72,121.64,121.88,121.5,122.14,121.5,123.65,124.0,
AIR.DE,,,175.72,172.6,166.58,176.14,174.06,169.6,168.12,167.56,168.2,170.14,161.86,159.74,157.94,161.62,166.58,163.34,160.1,157.86,157.48,164.5,162.68,,160.8,172.64,169.02,169.28,165.2,171.06,170.12,169.3,170.84,175.68,168.62,165.78,163.88,162.34,164.92,164.46,165.24,171.92,,174.12,174.56,179.36,183.54,178.32,174.3,171.68,170.98,171.72,167.44,164.7,168.96,166.74,166.0,166.46,172.16,171.66,172.3,178.92,171.58,172.18,167.9,169.8,176.84,172.78,173.74,171.84,174.36,177.66,183.7,184.2,185.14,188.16,187.14,187.56,191.58,193.22,190.3,189.24,191.84,194.98,197.56,205.95,203.5,197.28,194.04,194.78,193.92,191.58,192.5,193.9,191.9,191.36,190.8,202.7,202.85,202.6,208.45,209.3,208.35,203.15,201.75,206.5,209.4,214.3,212.5,212.9,212.0,211.05,211.65,213.0,213.2,213.8,209.25,208.0,204.85,202.9,202.1,204.45,204.8,202.35,202.3,197.22,194.2,193.74,193.18,196.64,197.3
ALV.DE,,,351.8,341.3,338.8,350.4,349.8,346.4,348.3,353.1,357.7,357.9,350.4,347.1,339.8,345.6,351.4,349.2,348.7,349.3,357.0,364.4,362.4,,366.5,375.0,375.7,376.9,374.4,378.6,382.6,384.8,385.6,384.8,391.1,387.8,384.3,385.4,385.5,389.0,384.4,379.0,,376.3,375.4,385.7,388.3,367.4,367.1,366.4,371.0,373.3,373.4,372.8,381.5,377.9,383.2,383.7,388.5,387.4,379.4,379.5,371.2,372.8,368.3,369.3,370.8,371.5,373.0,376.6,380.3,383.1,388.8,394.0,396.1,397.9,400.8,401.1,401.5,402.5,405.2,407.8,409.7,409.7,413.8,419.5,420.2,412.8,419.5,421.6,420.8,417.6,412.5,413.6,418.6,420.5,420.0,422.3,422.3,424.1,428.9,429.8,426.5,426.3,430.3,431.3,431.9,435.1,438.7,433.4,436.0,434.7,436.1,437.8,438.0,438.6,438.0,438.0,435.8,438.8,441.3,446.7,450.2,444.1,448.0,449.4,447.9,448.0,449.3,449.3,445.9
AMAT,348.59,350.7,336.3,321.74,316.66,339.0,343.53,334.01,340.28,343.57,343.01,349.23,338.09,346.66,361.45,358.0,360.66,337.53,334.34,320.69,325.46,341.43,337.25,345.83,345.5,377.78,385.13,398.98,389.59,391.01,379.68,384.3,390.41,390.38,391.06,391.26,397.14,410.31,398.0,377.8,377.07,384.56,386.2,385.65,400.25,417.75,406.01,417.9,437.27,416.56,422.3,438.0,421.56,408.09,397.37,415.85,421.61,430.29,438.0,441.12,438.25,445.7,438.22,461.45,487.36,480.11,452.91,471.12,466.51,494.88,519.9,544.07,580.51,567.65,590.83,612.5,620.69,573.51,569.49,609.7,622.0,632.11,696.0,639.06,581.9,591.68,527.63,546.18,585.45,573.39,568.15,584.0,557.16,557.27,513.22,522.96,552.0,543.18,547.39,530.01,493.64,467.01,436.33,476.12,502.91,491.68,535.55,530.57,511.05,528.0,521.57,522.66,544.9,531.79,497.1,515.12,497.73,488.55,487.47,483.13,473.67,475.88,472.4,471.0,460.51,453.91,438.83,433.57,426.13,443.36,
AMD,188.22,189.86,194.88,191.25,189.02,202.2,203.63,196.67,192.27,194.8,195.26,195.75,192.83,198.26,201.71,200.13,211.51,203.43,197.69,192.87,196.41,205.84,200.62,217.73,215.38,227.09,230.91,238.96,242.03,245.7,251.85,261.51,274.14,272.0,276.62,286.14,299.76,334.54,328.81,310.0,318.86,332.6,349.25,338.7,344.88,402.04,401.08,418.29,450.88,426.11,432.65,435.68,423.36,410.71,393.36,426.05,431.6,461.71,480.23,486.66,493.52,503.43,486.8,501.22,524.3,499.87,463.95,477.71,437.23,448.33,458.02,494.0,530.5,507.25,507.3,526.32,535.71,506.81,503.5,507.0,502.61,495.35,545.57,538.74,506.0,527.0,503.11,498.15,535.2,540.05,526.92,546.77,509.57,491.8,460.21,502.36,522.6,526.6,525.0,518.0,476.93,442.27,424.03,457.68,475.76,455.3,502.2,478.2,469.5,476.06,469.29,463.21,480.88,481.0,483.2,504.52,474.98,462.55,460.27,462.11,451.0,469.07,474.58,469.63,465.29,463.68,452.3,452.36,440.5,458.0,
AMGN,372.71,370.82,361.4,361.71,366.53,372.74,373.0,367.76,365.93,364.72,359.8,350.81,347.85,344.95,348.61,345.8,350.76,348.52,347.8,348.13,347.11,351.66,345.87,340.64,335.06,342.35,346.42,349.75,345.49,345.41,344.21,346.6,349.42,350.02,340.06,342.97,345.5,342.52,339.98,337.82,333.55,340.05,324.63,321.92,320.52,329.05,327.22,328.0,327.62,329.8,330.06,333.47,325.16,321.21,320.97,326.8,329.09,338.4,335.2,335.99,334.16,333.06,326.35,322.3,325.98,342.25,347.66,344.24,342.62,337.49,341.46,351.96,349.56,345.87,338.9,334.05,337.6,345.49,346.0,350.06,354.16,358.46,356.87,357.89,363.39,359.47,366.36,363.0,361.03,361.14,355.73,354.71,353.95,357.74,361.72,363.65,362.14,364.86,359.21,372.16,374.4,382.21,386.58,378.22,379.34,375.96,376.02,391.0,401.2,401.07,406.42,412.2,409.0,415.78,410.5,410.4,420.72,429.38,431.07,429.38,435.51,441.26,438.24,431.01,430.72,426.0,431.0,435.0,438.08,435.0,
AMT,186.25,187.22,185.03,185.86,185.3,184.53,182.49,179.6,181.01,184.15,184.14,180.2,178.35,175.6,173.15,170.1,165.08,165.75,167.97,169.78,170.48,169.79,170.34,171.72,172.89,173.73,175.24,178.31,178.48,173.0,176.22,176.58,177.41,180.5,174.31,174.82,176.38,176.26,174.7,174.29,176.59,177.07,180.87,179.23,176.71,178.41,178.43,176.11,176.15,174.53,171.01,170.19,167.37,170.63,177.7,180.66,181.99,181.62,182.97,184.71,184.01,185.0,184.01,183.07,181.47,185.05,193.02,188.88,188.73,188.59,188.05,186.79,183.69,183.47,180.79,175.0,173.99,175.99,173.34,167.24,171.14,167.64,162.4,162.27,165.44,160.06,163.93,163.84,163.66,166.18,168.97,166.7,167.78,167.56,168.9,166.36,163.07,163.47,163.59,166.42,165.55,169.16,172.59,172.82,170.96,171.79,169.03,162.5,167.39,170.51,168.72,168.5,168.93,171.25,173.77,170.15,172.25,172.62,174.96,174.42,175.9,177.06,175.35,173.5,174.22,173.39,174.62,171.73,174.89,175.35,
AMZN,202.48,210.15,215.59,212.53,207.11,212.43,211.35,208.15,206.22,207.45,212.43,208.83,206.05,204.32,209.51,206.64,209.9,207.12,199.14,199.98,204.14,208.19,204.9,209.59,209.08,219.62,223.27,235.21,235.75,241.78,247.2,244.2,250.11,245.37,249.1,250.33,253.07,257.69,260.34,256.63,257.7,256.16,262.74,268.8,272.38,272.21,270.49,269.95,268.48,262.63,263.2,266.63,260.89,262.53,255.19,259.53,261.37,266.24,262.07,265.7,267.44,269.64,260.7,254.37,247.71,251.75,245.78,243.36,240.4,237.45,235.18,233.59,244.73,245.45,236.0,236.02,232.24,232.0,232.95,225.55,226.13,233.8,237.17,234.9,241.08,240.88,242.7,240.52,238.25,244.41,244.18,243.8,249.75,248.0,243.59,248.0,246.42,242.45,232.05,231.34,230.99,228.1,226.16,231.06,262.01,278.0,275.82,270.73,271.06,272.75,273.6,271.36,267.1,264.71,262.42,258.34,257.73,258.58,259.52,257.04,259.05,259.83,258.24,255.02,257.78,257.12,251.93,253.4,256.0,255.29,
ARM,116.39,121.74,118.77,113.51,111.26,116.99,119.33,114.455,115.05,118.375,124.8,127.205,124.5,131.423,133.12,133.01,148.25,154.35,142.21,136.0,139.9,152.3,145.82,146.1,137.58,145.0,145.27,147.96,147.5,157.6,156.21,156.85,162.728,164.1,173.3,178.475,192.18,218.375,210.0,195.0,193.91,200.04,207.16,198.35,204.325,220.1,210.23,211.0,206.078,200.89,207.87,213.23,208.5,203.005,206.38,226.085,266.0,288.21,300.0,300.88,308.618,337.0,381.25,387.903,373.89,367.52,337.551,339.006,298.38,304.11,310.183,350.04,369.25,395.88,400.14,423.62,401.95,362.9,344.12,339.52,326.8,303.67,342.072,332.0,309.74,321.5,293.99,290.45,311.15,317.88,293.5,276.26,265.2,252.61,243.12,268.06,274.5,279.501,274.77,258.43,251.61,240.38,222.56,232.67,239.26,219.39,251.1,268.62,266.88,275.0,267.31,265.37,266.592,266.241,274.455,271.28,247.6,241.5,242.28,242.5,233.29,240.34,238.5,249.465,238.66,238.095,229.3,229.39,225.46,247.51,
ASML,,,1183.0,1112.8,1060.2,1172.2,1174.0,1158.6,1160.2,1174.6,1179.2,1177.0,1141.4,1128.2,1097.8,1161.8,1182.0,1158.0,1129.8,1096.2,1080.2,1143.4,1126.6,,1100.2,1182.4,1194.0,1238.6,1246.6,1268.6,1219.0,1199.4,1201.0,1221.0,1231.0,1239.8,1205.6,1214.0,1206.0,1167.4,1176.4,1179.0,,1180.0,1183.4,1248.0,1292.6,1286.4,1291.8,1263.8,1292.2,1330.2,1279.4,1259.4,1243.2,1269.2,1318.8,1369.6,1388.8,1359.4,1358.8,1376.0,1360.6,1401.0,1454.6,1437.6,1444.8,1399.0,1508.4,1487.2,1514.6,1574.2,1605.6,1585.2,1591.8,1655.6,1655.8,1552.8,1525.6,1565.0,1547.4,1553.8,1652.0,1632.0,1566.0,1588.2,1502.6,1496.6,1556.0,1546.6,1522.4,1528.0,1536.2,1543.6,1491.0,1518.8,1548.2,1537.6,1554.4,1542.2,1419.6,1366.4,1333.8,1363.0,1417.2,1372.4,1442.2,1454.6,1449.6,1482.0,1509.4,1510.2,1566.2,1569.4,1575.4,1585.0,1534.0,1499.2,1487.6,1491.0,1481.2,1494.4,1478.2,1479.0,1476.4,1446.4,1423.4,1423.4,1393.4,1419.4,1480.0
AVGO,307.4,311.74,323.03,327.4,323.61,340.8,338.22,332.2,321.43,320.06,317.25,315.55,308.51,309.92,314.93,314.84,316.72,309.17,298.87,289.96,296.34,310.48,301.75,310.28,321.8,342.53,351.5,360.82,369.48,376.32,385.57,392.35,399.81,395.9,394.57,404.86,417.8,408.86,414.63,394.65,396.78,404.23,413.28,409.53,419.35,417.78,406.3,414.0,425.05,408.41,404.8,415.59,419.8,414.37,405.86,411.42,410.5,410.21,417.0,416.49,414.01,431.47,442.22,470.46,472.64,403.01,385.59,391.35,370.33,371.17,370.55,377.0,388.6,376.46,382.65,405.38,391.91,376.66,376.96,372.7,363.83,360.46,370.64,368.03,356.43,371.18,362.01,376.89,387.93,395.7,383.42,384.64,386.74,371.9,357.8,375.96,379.22,380.0,386.82,378.75,373.5,371.52,369.51,377.54,379.71,374.61,400.68,416.89,410.76,421.61,420.16,413.23,414.61,411.41,388.5,391.31,377.01,357.61,362.25,365.05,358.71,355.31,350.06,360.61,365.35,366.3,362.0,364.65,342.33,353.7,
AXP,299.75,307.0,304.8,294.51,292.43,301.02,300.85,298.73,299.84,295.83,299.84,293.36,291.28,290.97,297.96,297.95,296.91,295.85,291.5,293.7,297.58,299.63,292.58,298.41,301.71,314.94,312.18,313.13,310.0,323.75,327.24,325.23,329.53,329.53,328.45,328.0,314.75,312.5,313.02,314.96,314.01,312.23,319.46,317.46,314.5,320.0,316.8,313.61,311.81,311.08,307.76,311.03,312.0,310.4,307.63,303.04,305.61,310.65,309.6,311.68,306.23,312.59,310.6,310.34,300.03,305.44,308.31,309.75,314.64,313.28,309.64,319.08,329.7,335.45,339.33,337.97,335.88,333.94,336.21,340.92,338.32,339.29,336.57,337.73,346.02,350.59,349.24,333.56,335.29,345.93,352.7,352.47,356.14,358.16,351.82,350.96,348.24,345.04,338.2,318.2,329.79,331.43,330.0,329.07,336.0,340.0,344.12,346.62,342.07,338.0,336.57,338.12,338.57,340.0,341.69,336.07,335.22,338.41,331.15,333.42,337.12,333.93,334.2,331.94,332.85,329.63,323.92,325.49,328.33,325.68,
AZN,197.1,200.55,195.26,192.76,189.35,194.81,192.31,190.96,189.43,190.54,190.95,187.56,186.33,182.62,183.76,182.39,186.44,182.79,187.95,192.61,193.55,198.72,199.23,202.73,196.95,203.66,201.97,203.82,200.7,202.07,199.5,199.99,202.55,200.67,195.77,194.8,191.81,187.56,187.2,185.41,181.73,186.87,184.01,182.8,180.0,183.55,181.03,181.58,181.73,182.7,183.33,184.7,180.55,182.67,184.19,185.73,184.98,186.45,186.74,185.38,183.36,184.65,179.62,176.03,174.6,180.24,184.02,181.36,181.16,177.88,180.39,178.59,176.55,176.64,177.65,173.66,175.11,179.28,182.19,184.55,184.28,188.45,186.16,183.49,189.17,186.24,191.6,188.67,172.76,171.42,168.11,164.45,166.21,167.25,167.15,164.06,164.82,168.47,166.04,168.33,167.79,170.67,172.63,169.85,168.44,153.41,155.32,160.72,159.75,160.0,160.25,158.61,157.12,156.97,154.53,155.78,158.98,162.0,161.48,163.96,163.97,166.78,165.17,163.98,161.18,161.95,161.39,160.87,162.24,161.13,
BA,221.11,221.79,218.13,218.64,220.45,217.03,213.53,204.3,204.92,210.75,206.67,205.75,197.46,192.54,197.19,194.36,198.0,194.27,189.28,187.72,190.35,203.5,202.3,207.37,206.92,216.0,216.0,216.66,215.46,221.32,221.65,215.4,222.5,220.35,218.9,221.22,228.77,232.07,229.39,227.07,221.15,224.61,227.26,221.04,221.74,228.1,229.6,231.75,236.52,231.11,234.4,227.5,220.45,216.79,214.0,216.5,215.72,217.17,217.91,220.7,222.85,226.25,222.21,215.01,209.63,212.8,213.63,215.0,212.23,207.95,209.8,216.7,225.22,225.3,225.3,220.12,220.11,216.64,217.68,217.16,215.36,213.95,214.73,216.16,220.68,227.0,230.46,222.75,222.69,219.57,215.11,216.38,217.25,214.2,211.0,208.7,203.9,204.88,205.06,208.4,211.15,209.35,210.54,213.0,211.3,219.21,232.88,236.62,231.33,230.86,231.68,232.83,229.25,228.18,229.88,225.95,222.58,220.2,214.12,212.75,208.7,210.11,209.66,209.11,207.55,206.27,205.5,206.42,205.83,208.8,
BAC,48.5,49.21,49.33,47.62,46.77,47.6,47.78,46.79,46.66,46.9,47.2,46.69,46.12,46.69,47.48,47.02,48.18,48.03,46.84,46.93,47.37,48.78,48.16,49.25,49.62,51.37,51.63,52.2,51.85,52.8,53.71,53.47,53.75,53.18,53.21,53.0,52.25,51.93,51.83,52.63,51.83,52.15,53.09,52.0,52.28,53.47,52.5,51.1,50.27,49.84,49.8,49.49,49.3,49.72,50.38,50.49,50.76,51.65,51.88,50.76,50.64,50.61,50.85,51.26,51.22,52.8,53.32,53.57,53.65,54.22,54.07,55.26,55.74,56.23,56.3,56.03,56.81,57.2,57.39,57.85,57.44,57.61,56.84,56.85,57.94,58.92,59.79,58.3,58.41,59.39,58.85,58.67,61.11,60.99,60.66,60.37,60.07,61.15,60.71,61.28,61.84,61.9,60.91,61.03,61.54,61.71,62.35,62.83,62.73,62.39,63.0,63.71,63.84,63.9,63.81,63.88,63.57,62.98,61.81,61.52,61.52,61.87,61.94,61.1,61.36,61.9,61.72,61.94,62.32,61.96,
BAS.DE,,,45.81,44.7,43.9,45.48,45.37,45.96,48.0,47.5,47.94,47.94,45.86,45.53,44.88,47.36,49.48,49.73,50.72,51.62,52.14,50.84,50.48,,50.8,50.77,52.45,53.36,54.34,53.73,52.59,52.93,52.31,52.48,52.9,53.45,53.2,53.99,53.8,54.2,54.05,53.28,,52.4,52.79,51.37,50.67,50.76,51.71,52.97,53.55,53.08,52.46,52.33,52.06,51.02,50.65,51.14,51.13,50.08,50.45,50.6,50.34,50.33,50.02,50.5,50.78,48.445,48.0,47.855,48.315,48.435,48.74,48.81,48.62,47.96,48.435,48.045,48.695,47.91,47.595,46.835,46.61,46.04,46.7,47.33,47.275,47.22,47.045,47.285,47.465,49.0,47.04,47.845,48.09,47.56,47.675,48.0,48.705,48.145,48.01,48.35,48.98,50.89,50.16,49.84,50.25,50.39,50.85,51.23,51.03,50.92,50.82,49.86,50.17,50.3,50.48,51.14,50.72,51.67,51.85,51.16,51.55,51.04,51.65,52.82,52.62,52.86,53.27,52.69,52.81
BAYN.DE,,,36.295,36.145,35.2,38.325,38.94,38.73,38.365,39.15,39.825,38.86,38.125,38.15,37.225,36.875,37.695,37.63,37.88,38.035,39.105,39.595,38.825,,39.09,40.12,39.81,40.01,39.6,40.61,40.57,40.36,39.91,40.42,39.92,40.04,39.96,38.49,38.09,35.89,36.03,36.02,,37.24,37.26,37.77,37.33,36.93,36.72,36.9,37.59,37.92,37.53,36.9,37.74,38.1,38.49,38.39,37.48,37.2,37.01,35.95,35.09,32.96,33.53,34.52,35.3,35.39,34.81,35.04,35.45,35.59,36.06,35.67,35.93,36.51,37.05,37.69,38.67,39.03,46.06,46.03,45.41,47.76,49.24,51.18,50.78,49.36,49.98,49.48,49.01,49.01,47.53,47.14,46.82,47.26,47.01,46.63,45.82,45.49,46.53,46.77,46.65,47.05,47.73,46.96,47.6,49.22,48.62,49.21,48.97,48.55,47.79,47.85,47.22,47.53,47.73,48.36,48.07,47.44,47.54,48.27,49.08,48.28,48.53,48.58,48.45,48.49,48.62,48.42,48.3
BEI.DE,,,81.82,81.88,80.98,80.08,78.92,77.84,77.64,76.14,74.28,73.56,72.06,72.7,71.1,72.78,73.92,74.6,74.8,74.32,76.0,76.1,74.94,,73.28,75.86,74.74,75.3,74.0,74.8,75.62,76.34,76.8,77.06,74.56,74.06,73.8,72.14,71.58,71.8,70.16,69.16,,70.22,70.28,71.62,72.32,71.9,70.0,69.78,69.7,70.12,69.68,69.1,69.82,69.52,71.82,72.02,71.32,72.12,71.72,68.56,68.48,67.82,67.3,67.08,67.7,68.68,68.4,69.26,69.82,70.18,70.64,70.08,70.2,70.64,70.52,69.32,71.16,73.34,73.9,74.44,74.84,74.96,76.68,75.14,76.8,76.56,76.02,76.96,78.16,77.2,77.1,78.12,79.4,78.28,78.06,77.06,77.48,77.4,78.2,79.84,79.44,80.66,79.78,74.62,77.44,76.72,80.92,80.4,78.64,79.08,78.12,78.56,78.1,76.1,75.3,76.88,77.58,78.36,79.84,80.3,80.72,79.76,80.4,79.12,77.4,76.46,76.38,75.34,75.36
BIIB,181.79,183.16,185.95,181.24,182.6,187.02,187.54,184.63,181.46,181.88,183.2,180.48,181.68,180.47,183.0,180.33,184.91,188.36,183.01,185.51,171.37,181.71,176.39,168.64,170.43,176.35,174.97,172.32,171.22,177.45,177.7,174.85,175.69,178.72,181.75,188.67,187.01,183.17,179.15,181.89,180.18,187.16,186.14,185.44,186.0,188.3,188.86,189.5,194.75,196.47,198.86,189.49,190.66,189.19,188.64,186.37,185.85,190.01,192.27,194.11,194.5,195.11,191.67,184.9,187.48,196.35,195.14,192.18,193.45,194.1,194.24,199.06,195.89,194.04,194.04,193.2,194.74,197.01,198.66,200.2,202.29,214.08,212.58,209.67,210.75,208.27,205.65,198.93,196.0,194.37,197.74,189.4,186.03,194.67,203.4,199.62,198.59,197.4,196.92,200.04,199.83,199.4,206.27,203.09,202.57,199.58,199.93,205.8,202.03,204.16,206.29,203.53,201.0,208.79,208.22,207.62,210.01,215.08,214.16,215.0,213.96,218.0,218.69,217.53,216.78,213.58,213.6,216.97,221.23,219.82,
BKNG,162.9352,165.18,178.888,178.1708,173.6,171.3812,171.0344,168.5336,169.4076,170.0776,174.16,175.1612,170.4044,170.3336,174.7208,170.6,167.2856,167.3684,161.2116,162.0,162.6208,162.0488,162.6204,166.25,169.71,180.09,173.82,171.55,170.59,178.0,182.33,184.14,188.0,189.09,189.17,177.9,174.53,176.2,177.11,173.0,164.23,167.2,168.15,165.21,164.05,168.22,167.55,165.62,156.07,157.86,154.77,153.97,153.05,153.12,153.37,150.14,153.51,159.0,162.11,165.0,166.61,167.22,164.89,162.42,164.45,166.36,164.89,162.2,161.58,159.23,158.12,161.69,169.02,174.1,170.7,170.29,164.13,165.85,171.01,176.56,176.92,181.79,176.7,177.52,181.68,180.57,180.9,172.75,170.31,175.83,174.51,171.17,175.2,179.99,178.76,177.36,177.1,176.39,171.02,174.5,180.59,188.48,195.34,190.15,190.81,191.07,190.37,202.13,205.82,207.16,209.21,208.77,208.0,208.53,211.71,204.02,204.81,207.44,209.51,206.29,210.79,211.87,208.06,201.76,203.06,198.85,195.15,195.73,194.68,192.19,
BKR,62.01,60.53,59.66,59.65,58.86,59.21,57.8,55.19,54.08,53.83,55.63,56.86,56.52,59.9,61.24,61.87,62.54,61.84,61.64,60.29,60.3,59.18,59.88,60.16,59.81,59.72,63.09,62.35,61.98,61.0,59.92,59.28,58.42,58.73,59.64,60.96,62.99,65.76,68.28,67.55,67.36,68.12,68.81,68.54,67.66,65.96,62.46,63.35,63.85,63.61,64.53,64.15,64.03,63.72,65.17,65.76,65.67,64.62,65.82,62.56,62.39,63.78,62.34,62.55,63.71,63.88,62.58,63.71,62.56,63.01,62.69,62.5,61.44,61.28,59.93,57.98,57.49,58.22,55.56,55.69,56.02,56.09,55.39,53.69,52.27,53.0,53.27,55.14,56.79,57.15,57.5,57.02,55.95,56.32,55.56,55.05,54.42,56.32,56.0,57.01,59.84,57.87,58.54,58.73,59.99,59.08,60.18,61.12,62.09,61.54,62.0,64.07,64.24,62.5,63.47,64.1,64.16,63.97,62.68,62.29,61.13,61.72,60.93,60.87,61.67,62.69,63.13,62.71,63.59,62.72,
BLK,1029.0,1045.0,1022.12,948.75,919.0,956.55,940.31,917.39,920.92,929.0,954.05,962.52,949.61,945.52,965.0,956.54,963.9,966.55,930.0,930.69,940.53,956.3,929.25,955.0,949.29,995.78,982.22,991.18,991.96,1040.88,1043.45,1011.41,1036.14,1045.0,1040.4,1048.3101,1041.72,1042.4399,1040.85,1047.86,1031.3199,1033.5,1060.59,1049.89,1047.52,1064.85,1058.49,1067.0,1071.54,1071.0,1076.42,1096.41,1080.0,1079.66,1036.02,1030.1899,1045.12,1065.1899,1071.11,1066.71,1045.0,1040.0,1015.31,1007.0,983.75,991.47,991.18,990.76,987.84,999.21,1000.57,1022.0,1040.83,1038.51,1043.6,1045.91,1042.39,1009.24,970.03,966.13,962.68,947.21,950.18,957.11,982.59,990.24,1003.44,982.99,991.24,1030.0,1015.97,1023.05,1078.0,1079.46,1065.95,1052.16,1030.9301,1034.34,1036.4399,1033.49,1051.01,1062.51,1079.1899,1071.37,1089.79,1096.1899,1130.85,1121.17,1120.28,1128.65,1126.0,1128.45,1145.08,1164.3101,1168.5,1146.97,1143.13,1155.1,1139.29,1147.33,1156.5699,1163.36,1170.88,1161.9,1158.3199,1142.5699,1124.15,1106.4,1112.0699,1111.17,
BMW.DE,,,81.22,79.2,77.76,79.82,79.84,77.9,79.48,79.04,78.94,78.88,76.22,75.42,73.38,76.8,78.26,77.52,77.12,77.2,77.44,78.02,77.74,,77.92,81.2,81.26,82.2,82.42,82.5,81.66,80.8,80.82,82.38,83.46,81.88,80.22,79.16,79.18,79.02,77.24,75.86,,75.44,75.68,79.8,81.88,81.14,80.5,79.76,79.54,76.38,74.14,72.4,73.72,73.3,73.94,74.08,74.86,75.1,75.46,74.76,73.54,72.56,71.12,69.9,70.08,68.98,68.72,67.36,65.5,66.78,68.34,66.84,60.08,58.76,59.48,59.98,60.26,60.78,58.38,57.5,57.02,57.16,58.64,59.88,60.68,58.54,57.96,57.96,57.5,56.92,56.7,58.26,58.46,57.96,57.32,56.9,56.82,56.4,57.16,58.34,59.06,59.48,59.16,59.94,59.02,59.1,58.62,58.32,58.8,58.74,59.32,58.68,58.88,58.26,57.96,57.74,57.68,58.1,57.84,57.56,57.56,57.34,60.38,61.8,60.3,59.98,59.94,61.88,62.24
BMY,60.43,61.47,60.26,59.45,59.25,59.98,59.27,58.32,58.75,58.87,59.59,58.81,58.09,56.91,57.0,56.45,57.79,58.64,58.37,59.08,59.92,60.87,59.1,58.77,57.65,57.67,58.54,58.46,57.55,57.56,57.22,57.66,58.54,58.91,57.79,58.68,58.64,58.35,57.71,57.91,57.28,57.39,58.03,56.93,56.73,56.36,55.57,55.78,55.41,55.45,55.85,56.1,56.14,57.08,57.08,58.11,57.83,59.25,58.03,57.13,56.26,56.54,54.71,54.2,54.31,55.55,56.79,55.53,55.26,55.6,55.74,56.77,56.01,55.45,55.01,53.44,54.0,54.96,54.78,55.02,55.4,57.17,57.27,56.3,56.41,56.49,57.45,57.34,57.14,56.94,57.54,56.78,57.04,58.57,60.47,60.03,59.8,60.56,60.45,61.6,62.22,63.2,63.1,62.23,63.53,64.14,63.87,63.26,63.2,63.79,64.12,63.54,63.0,63.91,63.35,63.36,65.0,66.61,65.45,65.13,66.45,66.42,67.32,66.2,66.19,65.91,66.65,66.75,66.62,66.58,
BNR.DE,,,46.27,44.45,43.72,44.88,44.9,45.68,47.8,47.86,47.75,48.48,47.52,47.91,47.42,51.7,54.52,55.3,55.96,55.48,57.16,56.24,56.82,,56.4,56.04,57.6,58.48,57.54,56.64,56.58,57.98,58.66,58.9,60.2,59.64,59.48,59.34,59.64,59.58,59.34,60.18,,61.58,62.28,60.82,60.48,60.66,60.94,62.0,60.6,60.76,61.0,60.08,59.46,58.7,56.28,56.82,56.72,55.74,55.4,56.0,56.14,56.72,56.1,56.12,56.2,54.76,54.1,54.78,55.44,55.1,55.28,54.66,53.86,52.96,53.24,52.7,53.82,54.8,53.82,53.02,52.64,52.48,53.12,55.92,55.8,55.18,55.24,55.2,56.2,58.4,58.16,58.94,58.82,57.9,56.72,57.74,58.88,58.4,58.8,59.68,61.02,61.86,61.04,60.9,61.96,62.82,63.34,63.78,62.28,62.28,60.88,59.84,60.72,60.4,60.54,60.8,59.64,60.14,60.74,60.24,60.12,59.66,61.2,62.12,62.04,61.62,60.66,60.4,60.1
BNY,115.1,117.62,115.3,112.15,111.71,114.21,114.06,114.58,115.37,115.22,115.57,114.45,112.94,113.76,115.15,115.16,116.95,116.12,114.3,114.4,115.4,119.67,118.58,122.17,122.97,126.18,127.11,126.9,126.42,128.48,130.03,132.12,134.84,134.56,135.32,135.48,133.73,134.0,133.34,133.47,130.9,131.48,133.72,131.17,131.5,132.09,130.44,130.16,130.23,131.0,132.2,134.74,134.22,134.39,134.75,135.7,135.22,139.11,139.48,138.13,138.01,138.88,137.5,140.23,138.56,140.31,142.09,141.74,140.76,139.68,140.07,142.65,142.35,142.05,144.11,142.68,144.67,145.3,143.51,144.37,141.78,143.5,143.5,144.19,145.16,146.9,150.04,148.36,150.32,150.97,149.95,150.37,155.5,158.38,156.02,156.7,156.5,158.09,158.54,158.51,156.98,154.88,151.68,153.02,155.71,154.12,156.71,157.52,158.16,157.0,157.5,159.16,160.96,161.0,161.66,162.99,162.91,159.4,157.15,158.1,158.5,161.05,162.02,161.2,161.69,161.14,159.41,159.65,162.17,163.58,
BRK-B,472.52,479.88,492.51,491.88,490.21,492.31,489.25,489.02,489.77,491.08,491.41,483.8,478.81,479.66,479.0,477.55,475.73,474.5,467.21,470.65,474.77,477.25,475.68,475.35,474.32,477.68,477.29,478.92,477.4,476.0,473.74,464.01,474.15,471.37,468.06,464.62,466.72,466.58,469.35,475.67,474.51,470.89,473.0,465.79,464.34,465.64,468.97,474.48,475.9,478.9,480.81,481.5,481.76,481.0,480.11,477.62,475.5,479.49,483.21,479.02,477.0,472.27,467.96,468.21,470.41,474.65,479.35,484.92,484.6,483.11,481.06,484.51,487.56,492.43,487.9,485.77,487.36,490.0,491.5,486.5,489.28,495.0,494.79,499.08,500.33,504.1,503.75,494.34,493.2,490.7,493.81,491.0,487.57,486.17,490.48,488.91,487.38,487.81,486.06,490.25,493.97,499.5,507.2,501.27,506.7,510.83,508.81,512.2,517.21,517.43,523.0,515.65,507.96,505.56,503.77,498.07,499.6,499.41,496.48,495.68,498.11,501.16,503.65,499.22,502.94,502.2,501.27,502.6,505.21,504.3,
BZ=F,,80.3,81.52,83.17,83.88,81.16,86.32,93.7,97.55,99.56,100.76,100.34,103.75,105.1,96.25,98.09,97.15,102.78,105.25,111.5,111.0,98.46,99.02,106.85,104.57,90.01,94.34,94.24,97.64,94.43,91.0,94.42,86.08,92.77,93.87,96.54,101.28,103.4,105.85,107.92,110.21,113.0,106.27,105.66,109.6,96.73,96.07,99.54,102.82,104.11,105.31,103.86,106.05,106.87,108.9,103.28,102.16,101.38,95.93,94.15,92.56,91.46,92.37,92.82,96.04,93.92,92.68,93.67,89.59,90.79,88.4,85.8,82.4,78.45,77.77,76.58,77.27,76.44,73.08,72.08,71.4,71.87,72.12,71.04,70.14,71.03,72.06,75.45,75.6,75.31,77.28,83.04,83.34,83.83,83.71,86.14,87.88,91.32,94.88,95.14,87.45,82.51,84.95,88.85,87.0,81.85,78.69,78.13,78.98,81.5,83.34,86.73,88.12,85.87,86.44,88.03,90.62,90.42,91.35,92.77,91.78,86.09,85.48,86.29,88.9,89.03,90.73,93.52,94.04,93.17,95.97
C,106.75,110.49,107.89,103.09,102.01,107.37,107.48,104.64,105.39,106.61,107.42,107.11,106.83,108.86,110.97,109.49,113.59,111.57,106.96,106.52,108.35,114.07,111.75,115.8,115.75,121.73,122.33,123.61,122.35,126.85,130.57,129.22,130.66,131.65,131.26,129.4,126.84,127.5,127.64,128.01,126.58,126.55,126.86,124.6,126.05,127.47,127.06,125.22,124.69,123.25,123.76,123.48,122.73,121.81,119.76,119.89,123.28,124.88,125.26,124.46,123.24,123.52,123.6,128.69,128.27,130.87,131.19,132.97,131.92,132.56,133.81,138.21,140.88,141.05,143.04,143.04,144.48,143.14,143.18,144.82,140.76,141.43,139.38,138.26,138.22,141.56,140.66,137.15,138.01,139.75,137.57,132.16,131.77,131.21,127.08,128.44,129.17,132.1,130.02,131.4,131.02,130.75,126.78,128.8,131.94,131.18,134.32,137.14,133.66,132.52,134.47,135.34,136.41,137.1,138.16,137.81,136.45,132.35,129.61,130.34,131.01,131.5,132.25,131.78,132.32,131.33,130.2,132.7,134.83,135.4,
CAT,706.6,730.84,693.58,675.07,662.85,710.28,703.63,679.76,687.18,694.6,694.91,692.7,669.0,670.44,694.56,693.03,717.0,696.43,692.33,664.57,672.0,719.74,705.45,704.27,708.93,753.1,772.99,786.24,785.33,782.04,756.65,754.45,776.0,786.83,797.79,805.48,815.46,826.65,816.72,805.0,809.1,850.8,879.58,869.59,888.1,905.35,886.88,893.85,895.06,894.51,897.38,902.5,880.2,850.83,845.55,857.06,858.6,861.06,878.02,889.83,880.47,866.19,853.37,873.12,912.39,903.0,901.5,902.74,876.99,854.73,870.03,899.2,928.5,939.17,953.0,976.33,999.0,972.65,970.05,1015.0,989.64,992.11,1037.21,985.05,948.78,963.32,909.53,925.26,934.38,928.5,924.38,925.5,890.4,868.88,838.33,861.27,876.01,872.94,881.95,881.19,839.58,824.0,776.0,801.68,807.31,804.57,866.85,870.0,856.96,836.01,835.86,842.11,855.25,848.37,850.0,859.62,834.81,805.68,801.0,812.34,804.49,804.75,812.26,807.31,799.17,789.05,774.55,771.39,781.49,801.0,
CBK.DE,,,31.24,30.07,29.37,31.2,31.24,29.9,29.35,30.5,31.86,32.68,30.77,30.33,29.32,31.26,32.05,31.4,30.5,29.84,29.98,31.97,30.74,,31.11,33.5,33.4,33.69,33.51,34.5,34.92,34.56,34.56,36.0,35.94,34.58,34.09,33.64,34.33,34.72,34.7,34.09,,34.01,34.1,35.79,36.75,35.35,35.51,35.1,35.49,36.36,35.94,35.76,35.99,35.57,35.44,35.67,36.71,36.49,36.1,36.83,36.87,37.11,36.41,36.4,36.53,36.19,36.36,35.99,35.58,36.37,35.9,35.83,36.3,37.94,37.7,37.41,37.26,37.38,37.27,37.06,37.08,36.72,36.99,37.56,37.93,37.16,36.87,37.64,38.25,38.2,38.03,37.72,36.45,36.35,36.88,37.61,36.27,36.39,37.12,37.33,36.78,36.64,37.25,37.85,38.7,38.99,38.28,38.59,38.8,38.91,39.18,39.58,39.54,39.52,38.8,38.28,38.46,38.71,38.76,39.67,39.98,39.76,39.88,40.19,39.29,39.87,40.44,41.08,42.04
CC=F,2941.0,2968.0,2963.0,3138.0,3197.0,3356.0,3360.0,3223.0,3205.0,3328.0,3325.0,3232.0,3193.0,3171.0,3168.0,3178.0,3121.0,3080.0,3112.0,3105.0,3140.0,3250.0,3196.0,3215.0,2992.0,3034.0,3101.0,3162.0,3115.0,3264.0,3391.0,3354.0,3173.0,3204.0,3198.0,3206.0,3270.0,3400.0,3244.0,3305.0,3335.0,3494.0,3521.0,3812.0,4003.0,4064.0,4356.0,4225.0,4632.0,4467.0,4309.0,4094.0,3957.0,3721.0,3769.0,3763.0,3732.0,3651.0,3765.0,4103.0,4041.0,3895.0,3845.0,3912.0,4011.0,3893.0,3720.0,3787.0,3773.0,3736.0,3694.0,3700.0,3866.0,3877.0,4100.0,3984.0,4211.0,4421.0,4611.0,5067.0,5014.0,4800.0,5002.0,5006.0,4949.0,5058.0,5667.0,5959.0,6309.0,5919.0,5696.0,5660.0,5737.0,5216.0,5393.0,5349.0,5405.0,5240.0,5165.0,5227.0,5080.0,4992.0,5075.0,5048.0,5138.0,5378.0,5815.0,5803.0,5534.0,5613.0,5608.0,5425.0,5465.0,5565.0,5538.0,5640.0,5873.0,5846.0,5732.0,5896.0,5689.0,5816.0,5842.0,6186.0,6491.0,6600.0,6603.0,6347.0,6166.0,6049.0,
CDNS,295.51,296.12,297.54,294.27,289.37,290.47,287.0,289.19,283.35,288.0,292.49,289.5,284.35,281.46,286.79,277.0,277.65,278.0,271.05,268.8,271.6,274.66,271.34,275.48,273.9,285.42,277.45,263.38,265.22,290.28,293.51,303.31,308.4,309.6,318.9,327.69,311.0,319.37,330.0,317.07,315.51,319.78,334.0,340.61,346.13,347.49,354.87,353.18,358.03,355.56,350.55,348.46,345.68,341.49,337.89,331.56,347.56,361.54,369.62,370.35,366.99,372.28,383.94,401.04,401.03,401.93,373.54,381.85,377.11,382.0,377.21,375.94,389.33,387.19,386.46,385.43,378.2,377.33,371.59,363.73,358.76,371.37,368.43,376.58,370.5,367.55,365.63,366.12,368.34,380.21,375.12,370.88,369.05,358.74,320.07,328.75,328.36,334.59,328.87,325.96,334.38,335.16,332.56,329.59,334.25,331.68,339.29,335.66,333.0,335.58,331.53,323.19,322.11,321.11,319.46,323.06,315.21,312.01,311.47,312.15,311.43,317.18,327.46,330.5,338.1,336.22,311.87,303.66,302.36,287.9,
CDW,118.59,121.51,123.55,120.8,118.16,117.0,117.2,112.98,113.39,115.33,117.3,116.3,116.88,118.73,119.38,118.82,118.84,120.49,117.82,117.27,117.1,120.58,120.16,121.79,122.82,125.67,125.31,125.38,125.25,129.77,128.28,130.26,133.2,133.81,136.81,140.83,134.88,133.17,132.8,131.19,132.04,133.59,134.85,135.1,134.79,106.0,108.31,104.41,101.51,97.12,97.34,99.54,101.03,102.18,103.14,103.35,103.12,106.25,108.3,111.41,112.6,118.98,127.97,136.74,134.19,137.7,132.18,132.95,130.33,129.04,126.28,127.36,131.1,128.77,126.4,124.66,123.09,125.16,128.2,127.64,127.57,133.48,137.6,138.12,133.12,131.42,134.09,136.59,134.63,142.22,142.94,138.9,129.6,128.99,131.09,127.69,127.39,127.71,128.84,129.79,135.24,138.24,143.71,141.95,142.84,147.6,146.36,113.0,137.58,135.53,134.38,134.35,132.68,136.13,138.75,134.32,134.12,133.63,133.25,132.27,130.72,130.56,138.93,141.45,147.02,147.4,148.07,148.53,148.64,149.16,
CEG,309.13,318.0,317.59,317.5,309.03,316.69,298.25,295.0,298.875,301.42,305.554,307.55,306.7,277.865,285.51,286.44,300.33,285.67,295.91,295.0,270.89,277.3,264.74,272.48,267.7,281.24,280.03,280.003,281.5,289.97,292.635,294.175,291.6,286.27,276.84,282.34,284.01,291.21,304.12,304.88,294.26,300.91,307.62,308.78,318.58,314.01,310.658,301.76,288.83,287.5,268.98,273.8,266.57,258.9,256.1,270.2,281.53,286.995,299.08,286.69,281.11,284.67,264.21,260.3,265.23,261.2,253.68,250.14,245.45,240.51,242.9,247.65,256.12,261.9,264.71,268.0,272.1,267.5,266.34,268.25,260.28,257.99,245.88,228.63,236.683,241.2,238.46,236.56,245.74,249.05,250.505,255.18,255.496,249.0,244.95,251.33,255.72,261.84,271.58,272.74,267.74,257.65,256.16,261.9,260.84,261.841,263.53,263.26,260.675,261.37,268.36,271.5,277.95,276.695,280.67,273.52,264.82,267.84,271.07,270.57,269.53,272.65,278.11,279.09,275.99,274.06,268.002,277.88,282.25,284.04,
CHTR,225.99,226.02,228.97,227.5,221.53,216.92,219.11,214.91,215.18,214.9,220.07,208.33,208.35,209.0,212.37,215.5,212.96,215.3,214.43,217.53,211.44,208.52,211.61,217.29,216.76,219.65,217.78,218.11,216.0,215.01,215.0,220.09,234.23,236.7,241.35,241.39,241.41,178.0,171.97,170.77,158.42,158.0,166.01,165.15,157.26,156.14,156.0,154.7,146.46,146.0,141.77,144.0,136.63,139.97,140.18,141.1,141.86,142.48,142.68,145.35,144.98,140.9,141.0,139.4,128.8,126.7,127.82,127.5,130.71,132.5,133.71,138.0,141.2,140.73,131.28,126.0,124.05,124.8,128.98,129.33,130.37,143.32,138.83,139.65,132.36,132.62,136.29,132.7,130.24,129.17,131.03,127.78,129.0,131.22,131.22,128.3,127.27,125.45,123.16,111.55,123.83,132.2,136.5,136.67,138.8,142.34,143.02,148.42,151.86,151.99,148.01,150.91,149.51,150.64,154.03,143.97,145.04,148.62,144.82,145.74,146.58,145.19,152.4,148.28,148.64,149.66,144.83,147.67,149.5,149.47,
CL,94.57,95.05,92.48,91.42,92.01,91.48,89.22,87.89,87.95,89.2,89.66,87.46,85.46,84.07,84.89,84.35,83.95,84.02,83.93,84.41,83.5,84.59,84.43,84.38,83.07,83.71,84.46,84.22,83.03,83.28,82.6,83.16,83.67,83.02,81.79,81.82,82.41,84.16,83.86,84.65,84.12,84.66,86.7,84.81,84.08,87.24,86.63,87.21,85.97,86.81,86.31,88.0,88.11,88.37,89.21,89.26,88.37,90.54,89.46,89.83,90.89,89.44,87.25,87.8,84.61,84.3,85.7,85.98,85.1,88.21,89.26,88.58,89.29,90.18,90.18,89.44,88.66,89.84,91.53,90.67,90.56,91.17,90.88,91.52,93.24,92.16,94.02,92.64,90.73,91.32,92.31,91.02,89.59,92.4,92.59,91.2,89.75,90.99,89.25,89.88,90.84,92.7,89.91,90.73,89.6,89.36,89.17,91.23,92.15,91.7,92.21,92.06,91.3,92.42,91.73,89.47,90.66,90.73,89.54,89.16,91.55,91.19,91.32,90.48,90.5,89.81,89.46,89.54,89.14,88.66,
CL=F,,73.28,74.97,78.24,81.19,76.73,81.79,88.61,92.04,92.93,93.83,91.96,92.8,93.42,84.37,86.34,86.46,89.51,92.08,99.43,99.62,96.5,97.5,108.89,109.2,91.05,95.25,95.51,97.03,91.06,86.96,90.52,80.56,87.02,87.76,87.64,92.3,92.68,94.59,96.24,98.42,103.34,99.3,99.11,101.08,88.66,89.85,93.82,96.13,98.0,100.56,99.39,101.48,102.65,106.76,96.94,95.76,94.73,89.41,87.77,87.11,86.35,88.45,90.12,93.45,91.91,89.68,90.39,85.95,87.39,85.74,83.2,79.7,75.52,74.59,73.58,74.45,72.48,69.63,68.9,68.56,69.32,69.22,67.92,67.04,67.82,68.58,71.75,71.42,70.77,72.61,77.84,78.19,78.58,78.61,80.27,82.25,84.44,87.32,87.68,81.63,77.78,79.92,82.97,81.06,78.43,75.11,74.24,74.57,76.53,77.79,81.27,82.4,80.09,80.71,81.5,84.57,84.32,85.6,85.8,84.36,80.23,79.62,80.65,82.25,84.11,86.13,88.97,89.57,88.72,90.87
CMCSA,30.27,30.63,31.47,30.99,30.47,30.55,30.26,30.0,30.11,30.06,30.05,28.53,28.71,28.84,28.83,28.93,28.61,28.61,28.26,28.38,28.37,27.75,27.58,27.63,27.48,27.66,27.63,27.83,27.59,27.8,28.01,28.27,29.16,29.56,28.89,29.11,30.4,27.5,27.3,27.55,26.6,26.72,26.99,26.89,26.22,26.39,26.11,25.35,24.87,24.8,24.53,24.91,24.69,24.62,24.68,24.74,24.56,24.91,24.84,25.14,24.9,24.78,24.53,24.74,23.43,23.13,23.39,23.52,23.63,23.68,23.87,23.91,23.94,23.32,22.55,22.38,22.13,22.24,22.42,22.63,22.71,24.17,24.07,23.58,23.08,23.22,23.37,23.17,22.8,23.35,23.78,23.17,23.18,23.6,23.66,23.37,23.58,23.49,21.91,21.28,22.36,23.23,23.84,23.36,23.28,24.39,24.33,24.34,24.76,24.94,24.78,25.04,25.07,25.62,26.13,25.5,25.7,26.14,26.25,26.43,26.84,26.69,26.97,26.37,26.53,26.6,26.27,26.46,26.5,26.38,
COF,188.3,192.93,191.96,184.3,178.73,182.25,180.65,176.36,177.28,178.95,182.59,179.79,177.57,177.53,183.85,181.55,183.8,180.57,174.98,176.59,178.93,183.67,177.72,181.33,180.24,190.38,191.57,191.52,190.11,197.68,200.38,200.68,204.62,204.15,202.31,198.12,193.21,190.98,190.5,191.6,189.68,188.26,190.35,188.85,189.05,192.23,190.66,189.15,183.76,181.41,181.3,182.0,184.87,186.13,181.49,180.0,182.54,186.56,185.61,187.59,184.08,185.85,182.02,182.58,177.05,179.51,179.32,179.78,180.29,177.55,174.24,181.7,188.84,196.0,199.77,201.21,199.07,196.47,197.21,201.68,202.55,201.5,199.84,200.75,203.04,204.06,202.41,191.38,193.03,199.95,201.78,203.51,205.56,208.89,205.86,206.23,203.12,198.78,195.89,196.51,204.97,206.94,207.85,205.14,206.9,210.0,217.45,216.42,219.32,216.5,216.45,218.46,218.6,221.19,224.41,221.34,219.51,220.11,211.32,214.62,216.13,214.94,214.93,214.56,215.6,213.03,210.52,211.73,216.87,218.01,
CON.DE,,,64.62,63.14,59.58,63.26,63.16,61.24,61.06,61.04,61.58,61.44,57.42,57.46,55.76,58.92,60.18,59.6,59.0,58.76,59.1,61.44,61.6,,61.68,65.44,64.1,64.24,63.24,64.7,63.76,63.76,63.88,65.78,65.9,64.56,64.6,64.6,64.62,64.04,63.06,61.58,,60.24,61.04,63.58,67.88,69.42,68.64,68.14,68.38,68.56,66.92,66.94,65.7,65.0,65.68,66.6,68.1,69.5,71.12,71.36,70.68,71.32,70.82,68.82,68.18,66.8,67.98,67.66,68.18,71.36,73.54,73.0,72.32,71.48,71.7,71.42,71.98,73.28,72.14,70.62,70.7,71.76,72.56,73.5,72.88,70.0,70.7,71.88,71.86,71.22,70.6,71.64,70.8,71.04,70.98,70.7,69.22,68.38,70.48,71.08,70.24,70.16,71.36,71.98,70.34,68.02,67.72,67.4,67.22,67.62,68.38,67.78,69.26,68.66,67.9,66.84,66.94,68.14,68.68,69.18,69.6,68.4,69.4,69.8,69.56,68.94,69.02,70.32,70.62
COP,117.3,114.43,115.83,116.6,116.2,112.93,114.0,117.66,119.24,120.4,121.21,123.11,123.97,126.11,122.95,127.44,127.81,129.64,132.33,131.91,128.35,126.44,129.11,129.35,131.15,120.7,123.28,121.32,122.38,117.95,117.35,119.37,112.21,116.07,116.72,120.91,123.38,120.49,120.22,122.46,125.08,123.77,122.47,121.7,123.02,117.42,114.05,113.62,113.8,115.68,115.69,117.01,120.49,120.39,124.12,121.77,119.8,119.6,116.18,114.24,114.45,112.64,115.32,115.37,116.91,117.6,116.99,117.97,114.86,117.64,115.32,113.8,110.73,109.48,109.96,106.99,108.12,108.85,106.25,105.23,104.64,104.13,103.66,102.69,103.47,103.4,104.55,109.07,107.79,107.61,110.97,110.14,109.55,111.8,113.45,113.26,115.72,118.48,119.98,119.63,115.46,113.21,117.26,116.2,117.83,117.14,116.08,114.71,115.43,114.89,119.17,122.57,124.81,124.12,125.37,125.14,128.1,129.86,132.23,134.45,132.93,130.17,130.08,128.0,129.37,131.1,133.64,134.65,135.44,132.57,
COST,1000.63,997.0,978.81,960.46,987.99,996.0,987.89,984.0,1002.0,995.43,994.75,978.14,970.41,970.54,964.53,961.0,968.05,972.72,978.11,985.01,985.85,990.59,999.21,1004.01,1004.85,1000.0,1025.0601,995.5,979.36,966.0,968.3,981.61,977.0,994.14,986.7,998.29,1007.03,1002.5,996.63,986.0,985.12,996.32,1006.32,1002.21,1009.07,992.42,990.66,1005.11,985.15,1001.14,1017.94,1026.1,1039.22,1045.0,1072.1,1072.0,1039.01,1025.1899,996.16,999.69,994.27,945.45,936.51,939.45,951.98,968.21,971.6,961.0,964.94,964.31,974.0,970.0,968.0,973.16,961.16,948.31,942.53,953.49,957.0,938.6,943.0,942.38,932.41,920.55,924.84,941.4,945.33,948.0,907.68,907.21,916.88,918.56,910.5,921.5,933.76,932.01,924.44,920.97,916.76,921.28,936.66,965.87,963.0,949.68,937.51,948.75,937.01,935.22,941.78,937.51,940.56,938.09,935.05,949.51,957.75,949.42,955.03,956.0,925.77,933.82,951.39,959.89,954.54,933.25,937.11,940.71,935.93,920.31,915.31,914.54,
CPRT,37.86,37.7,37.67,36.86,37.05,36.16,35.36,33.95,33.53,33.64,33.81,32.98,32.2,32.45,33.02,32.62,32.24,32.92,32.38,32.47,32.48,32.91,32.51,32.6,32.5,33.12,32.46,32.43,32.48,33.09,32.96,33.16,33.19,33.25,33.62,33.52,33.28,32.74,32.93,33.07,33.03,32.89,33.13,33.04,32.87,33.01,33.29,33.39,33.13,33.14,32.56,32.61,32.29,32.35,33.04,32.37,32.62,33.65,32.98,32.83,32.47,32.73,31.95,30.44,29.97,30.64,30.64,30.47,30.65,30.75,30.87,30.45,30.09,30.38,29.5,29.46,29.41,29.52,29.69,29.8,30.24,28.08,27.85,28.46,28.55,28.84,29.17,28.53,27.81,27.49,27.29,27.31,27.23,27.32,27.36,27.19,26.85,26.98,26.81,27.14,28.21,30.44,30.2,28.86,28.78,29.06,28.83,28.57,28.55,28.7,28.94,29.19,28.68,28.85,29.6,31.28,30.9,31.55,33.42,33.78,33.15,32.22,32.65,32.39,32.84,32.76,32.27,31.89,32.94,33.01,
CRM,189.58,192.1,194.24,197.37,195.87,190.6,191.29,193.15,191.75,195.15,194.45,192.64,193.3,190.0,192.0,182.29,179.85,179.53,178.82,179.58,182.31,183.01,181.58,183.6,182.02,175.78,167.12,163.52,165.77,170.5,172.88,178.57,181.03,182.12,184.1,187.03,170.65,174.4,177.51,181.32,177.35,173.0,178.75,183.97,181.1,179.58,184.0,176.88,176.31,170.58,164.75,164.33,169.0,171.8,178.81,173.34,171.99,177.68,177.68,176.89,171.65,180.02,198.21,195.76,189.73,186.11,184.83,181.71,171.56,170.03,163.31,161.4,164.17,160.5,154.23,149.8,146.32,150.85,150.4,148.78,151.49,157.7,154.07,161.2,162.0,162.37,167.68,164.78,156.48,162.42,165.92,161.47,166.56,166.88,169.75,166.5,166.93,162.21,155.15,159.55,167.14,176.91,182.01,175.9,177.03,185.9,183.0,190.43,183.0,190.6,190.0,195.5,191.78,191.39,195.32,189.91,193.23,194.21,203.0,204.73,207.39,204.76,198.95,230.05,249.0,254.39,254.25,253.6,261.6,257.82,
CRWD,91.9975,95.0275,101.75,105.0575,106.38,107.1375,109.0537,109.5825,108.645,105.9425,104.9,106.9975,105.845,100.9025,101.75,97.65,95.875,95.2975,90.4518,94.0975,94.75,96.5925,96.6875,98.1825,98.8948,105.8375,97.7025,91.1175,94.5625,98.35,100.5125,102.7725,105.09,104.255,109.125,113.1575,109.1275,108.89,110.655,112.58,110.81,108.1375,111.3913,113.85,116.5,114.365,121.5225,123.0825,130.5,133.25,134.592,138.75,140.1725,146.8425,153.3225,153.516,160.5125,162.4,162.0,158.2725,160.38,168.735,183.5,186.345,185.53,167.7775,167.525,163.0025,154.435,158.9875,160.25,169.5,167.215,166.49,167.725,165.23,168.2988,165.5,167.25,167.5002,168.4025,176.03,183.0,191.25,190.61,188.55,192.22,185.3,187.0,186.48,181.0,189.46,205.1,200.07,199.52,197.82,189.68,185.05,181.777,181.83,179.5,174.14,176.46,177.747,184.16,192.6,203.5,209.56,201.75,208.2,214.55,219.24,217.89,220.23,216.465,213.01,209.07,197.25,189.93,187.01,188.43,182.35,181.24,206.1,210.53,221.0,212.65,200.6,203.76,211.32,
CSCO,77.57,78.53,79.05,78.35,75.2,77.1,77.12,76.95,77.94,78.19,78.82,77.53,76.92,76.71,78.42,78.13,80.89,81.81,79.4,76.59,76.31,77.81,76.54,79.02,79.42,81.5,82.15,81.62,81.25,81.36,80.88,82.0,84.6,85.86,87.16,89.48,88.27,87.41,87.64,85.78,86.84,89.32,91.16,91.19,93.38,91.0,91.61,93.14,95.33,97.77,99.29,113.97,114.0,116.03,114.79,113.85,113.57,117.68,117.1,116.77,117.96,117.01,118.3,122.49,124.92,124.14,121.55,122.0,117.1,118.36,116.5,120.73,119.53,119.2,116.94,117.3,119.6,117.65,119.03,117.56,112.86,114.73,116.2,114.99,111.9,112.68,111.67,111.33,115.28,117.03,117.26,116.56,110.22,107.53,108.91,110.65,110.93,111.36,111.83,112.2,112.74,111.73,112.35,111.66,113.89,113.82,118.73,114.88,119.9,119.45,122.27,120.12,122.26,111.48,110.06,110.81,110.36,110.51,109.23,110.45,109.3,110.61,111.19,111.61,109.71,109.61,108.93,108.4,107.6,109.0,
CSGP,44.78,46.81,47.27,47.64,47.62,45.5,44.83,43.29,42.94,43.45,43.62,42.65,41.84,41.96,41.79,40.78,40.33,40.95,39.18,40.04,39.57,38.69,38.7,39.64,39.44,38.48,36.91,35.77,34.75,36.81,37.64,39.57,39.52,39.36,38.77,37.77,36.56,36.04,36.08,35.88,33.32,33.33,34.35,34.69,33.82,34.03,33.94,32.71,32.09,32.21,31.78,31.36,31.92,32.42,33.28,32.19,33.03,33.61,32.5,32.21,32.0,31.86,32.01,31.7,32.05,33.13,33.06,32.68,32.85,33.16,32.33,31.63,31.91,31.64,30.38,29.53,29.08,29.73,29.76,28.54,28.84,29.2,28.18,28.77,29.22,28.54,29.19,29.02,28.44,28.09,28.22,26.68,27.96,28.96,29.59,28.85,28.34,27.48,26.77,27.09,28.04,29.75,25.89,28.13,28.38,29.26,29.35,29.53,29.27,30.04,30.04,30.65,30.22,30.68,31.86,30.99,31.3,31.2,31.72,31.99,32.29,32.25,31.74,31.29,31.45,31.79,31.4,31.2,31.22,30.32,
CSX,42.03,42.51,40.83,39.75,39.34,40.41,40.19,39.17,38.97,39.44,39.79,39.43,38.36,37.88,38.71,38.51,39.03,39.39,39.19,39.65,39.93,41.27,40.34,40.82,41.02,41.38,42.1,42.0,41.94,41.89,41.77,42.09,42.78,42.95,43.23,42.88,44.81,45.34,45.06,44.98,44.57,44.77,45.03,44.47,44.62,45.02,44.38,44.45,44.6,44.23,44.24,44.26,45.25,45.69,45.71,45.87,45.64,45.46,45.47,46.64,45.33,44.91,44.79,45.42,45.9,45.86,46.2,46.86,46.72,46.38,46.54,47.44,46.82,46.79,45.15,45.43,45.51,46.02,45.93,46.01,47.19,47.62,47.17,47.49,48.53,48.71,48.1,48.07,48.8,49.21,49.43,49.65,48.91,49.52,50.31,49.83,49.36,49.54,51.62,52.59,51.34,50.81,50.3,49.78,49.85,49.6,49.42,50.67,50.61,50.06,49.93,49.78,49.71,50.11,50.03,50.0,50.19,50.37,50.33,51.09,51.23,51.12,51.13,51.15,50.98,50.36,47.83,47.91,48.31,48.78,
CTAS,198.66,199.76,196.5,200.77,198.1,194.41,191.35,193.0,192.12,192.27,192.0,185.02,178.64,177.94,180.0,177.53,173.59,168.02,165.6,166.25,166.23,167.55,170.24,171.56,168.99,171.57,172.15,173.17,173.62,174.81,174.83,176.44,177.5,177.67,175.28,173.54,174.0,173.42,173.61,172.24,170.71,173.13,169.3,165.73,165.46,168.71,168.06,166.77,163.45,164.67,161.16,163.66,166.26,168.35,171.76,169.3,169.79,171.51,170.23,168.66,168.71,170.32,169.65,168.34,171.95,177.72,179.19,173.5,173.42,178.6,178.49,174.98,173.48,174.24,168.85,168.38,168.58,167.86,169.01,168.91,170.28,168.15,167.82,170.87,174.83,177.28,180.49,180.0,176.3,177.55,181.08,180.85,186.0,197.12,201.56,200.16,196.0,198.75,199.88,202.03,206.35,213.58,213.54,204.83,202.48,203.67,200.97,199.7,199.39,200.23,200.9,202.09,200.04,200.58,198.84,196.5,199.07,200.03,201.44,202.34,204.53,203.61,204.6,202.79,204.0,200.67,199.66,197.57,198.66,198.01,
CTSH,62.41,63.92,64.77,64.55,63.89,61.77,61.22,61.03,60.27,60.22,61.07,60.08,59.36,60.92,61.55,59.88,58.87,59.53,58.84,60.02,60.48,59.73,61.08,61.38,61.01,60.9,58.08,57.39,57.51,59.82,60.26,60.35,60.73,59.79,60.08,58.12,54.48,54.26,54.48,55.08,52.44,52.34,52.28,51.43,50.81,50.86,51.41,50.19,49.03,47.5,45.48,45.73,46.56,47.31,50.81,48.93,50.11,52.06,51.1,51.81,52.68,53.15,55.01,53.42,52.85,53.06,52.33,52.9,52.2,51.58,49.66,50.43,50.08,50.41,48.49,43.41,40.77,40.9,40.96,38.97,39.11,38.68,37.08,39.29,41.41,40.9,42.5,42.39,41.02,42.34,43.6,41.58,42.9,42.71,43.63,43.19,43.55,42.85,42.12,43.41,46.18,48.28,51.23,51.86,52.21,55.13,53.52,55.33,52.8,56.27,56.37,57.44,56.89,57.63,57.7,56.55,56.76,57.78,60.26,60.12,61.44,61.1,61.02,62.66,63.91,63.13,63.19,62.71,63.68,62.29,
CVS,79.13,79.67,78.3,76.93,76.3,76.1,75.32,75.99,76.03,75.77,74.12,73.0,71.6,70.21,70.61,70.25,71.44,71.02,69.67,69.51,70.25,71.82,72.12,72.1,75.44,77.72,78.31,78.44,77.54,77.56,74.87,74.78,76.24,76.29,76.6,76.31,76.1,77.46,77.61,79.04,81.0,82.33,82.07,81.68,80.4,85.12,86.22,87.36,90.63,91.5,94.3,96.58,95.84,94.88,93.92,93.0,92.56,93.0,90.71,90.65,91.98,90.57,90.19,89.42,90.0,93.0,94.97,94.89,95.92,96.13,97.1,100.01,98.87,98.75,98.56,97.84,99.0,100.79,99.81,102.28,103.55,103.04,102.69,102.76,103.22,101.78,102.4,103.75,102.34,102.4,104.62,105.1,103.56,105.68,106.61,107.13,107.3,107.87,106.0,106.91,105.36,107.08,105.84,103.01,104.31,104.25,103.27,93.5,96.1,94.57,94.68,93.01,93.15,94.49,94.41,93.74,93.89,93.26,93.21,92.35,92.54,92.71,92.91,92.85,93.01,92.85,94.68,96.9,95.67,96.29,
DASH,168.0,172.66,181.58,176.59,170.24,168.99,167.28,161.45,159.45,162.12,167.66,164.77,156.41,153.0,157.5,153.82,150.87,149.22,143.3,144.15,147.86,149.41,146.48,154.09,152.28,159.61,154.36,147.71,150.261,159.74,164.19,178.0,183.477,181.32,182.0,179.39,173.22,175.29,173.34,170.44,164.08,167.01,170.0,172.0,164.575,164.36,165.51,162.0,156.58,154.07,148.0,148.31,152.96,157.365,154.4,146.81,155.19,159.84,153.35,153.73,154.51,155.12,157.405,154.9,151.66,154.65,155.09,152.38,151.0,150.85,146.11,147.15,151.95,165.52,164.59,164.425,170.61,171.27,169.0,172.36,176.335,178.26,182.02,183.28,188.95,187.335,193.08,182.485,186.58,190.735,188.58,184.55,186.46,185.01,181.68,183.972,185.24,176.1,166.58,169.67,177.29,185.55,192.82,188.82,193.54,197.925,199.28,203.1,207.175,209.62,207.54,206.25,210.11,210.15,213.25,212.02,212.66,215.85,216.01,219.16,219.98,227.0,232.0,229.68,232.71,231.215,225.26,222.11,221.61,211.18,
DB1.DE,,,237.7,239.2,238.9,236.6,235.3,234.7,238.7,241.8,245.3,248.4,247.5,243.3,239.5,239.3,238.2,235.2,236.9,237.8,247.0,247.8,250.3,,255.4,247.0,252.7,251.3,251.4,251.5,255.1,254.6,259.4,261.3,262.9,262.6,262.5,263.8,264.1,264.0,263.1,260.1,,260.2,256.2,252.2,246.0,242.6,242.8,245.8,244.2,240.8,242.4,244.0,257.3,253.9,255.9,255.6,253.2,249.1,248.2,245.4,245.8,240.4,239.6,240.7,245.4,242.0,241.7,242.4,243.9,242.5,246.4,244.7,244.7,240.5,240.5,242.3,242.0,244.8,235.7,238.0,236.2,235.0,237.0,251.1,255.3,254.9,250.5,248.8,250.6,249.3,253.0,256.6,256.0,254.1,249.7,249.8,246.2,254.3,256.6,261.8,265.7,262.9,260.9,261.8,263.6,264.1,269.2,270.0,271.5,273.2,269.3,270.7,270.6,270.8,277.6,274.2,276.9,278.8,283.7,282.1,285.0,286.2,288.9,287.0,283.8,277.8,278.2,279.8,277.9
DBK.DE,,,27.745,26.6,25.86,27.275,26.895,25.135,25.11,25.38,25.43,25.675,24.78,24.6,23.815,24.68,25.38,25.07,24.675,24.63,24.92,25.92,25.125,,25.37,27.205,27.31,27.295,26.87,27.8,28.105,28.045,27.71,28.015,28.02,27.605,26.975,26.63,26.965,27.06,26.29,26.01,,25.935,25.795,26.36,27.2,26.86,26.925,26.52,26.6,27.32,26.66,26.26,26.85,26.685,27.685,27.805,28.63,28.565,28.095,27.595,27.21,27.74,26.445,27.05,27.51,27.085,27.275,26.84,26.89,27.74,29.53,29.65,30.255,30.6,30.9,30.845,30.115,29.905,29.525,29.435,29.365,29.41,29.975,31.795,32.27,30.335,30.675,31.095,30.94,30.645,31.035,31.32,30.265,30.49,30.66,30.82,29.74,30.035,30.98,30.62,31.265,31.06,31.57,31.87,32.24,32.575,32.725,32.625,32.745,33.045,32.915,33.08,33.09,32.855,32.755,32.58,32.18,31.995,32.225,32.905,33.665,34.34,34.4,34.55,33.645,34.4,34.73,35.24,35.32
DDOG,105.17,111.003,118.55,120.27,124.08,121.95,123.25,126.45,123.24,125.385,126.01,127.391,126.73,124.47,124.0,121.715,122.12,121.08,112.66,113.11,114.52,116.99,113.71,114.56,111.695,116.1,108.51,100.795,103.3,108.79,112.45,122.595,123.81,123.5,128.67,129.36,124.45,124.32,128.0,131.06,128.68,128.0,135.38,139.01,144.5,140.714,179.47,185.0,193.16,195.01,195.39,197.55,199.91,203.2,207.1,210.56,209.56,218.72,218.33,219.49,222.35,228.5,249.44,260.37,245.63,240.29,230.57,228.74,219.08,220.0,224.53,227.235,228.25,225.19,225.83,215.3,216.46,219.44,218.0,212.73,223.68,240.13,245.0,261.5,257.285,248.01,254.87,249.74,256.0,255.39,250.14,252.02,261.225,254.54,248.61,257.075,251.83,243.62,241.96,241.18,249.0,237.67,252.5,262.61,263.78,267.5,271.6,283.0,225.26,233.2,229.76,246.33,239.34,240.82,248.39,244.48,243.0,232.16,227.11,228.76,225.67,221.31,219.0,236.0,235.725,232.3,223.02,208.22,210.544,210.95,
DE,609.21,612.95,586.3,577.63,578.32,591.43,585.3,582.31,571.6,570.73,562.19,569.13,557.94,551.28,564.03,560.0,577.11,573.96,564.05,555.04,549.68,564.15,556.45,566.66,569.31,590.0,607.45,601.06,598.85,593.68,572.1,564.82,582.03,587.55,586.61,579.81,580.0,561.62,564.16,559.76,557.76,562.46,575.7,573.0,575.79,579.95,578.08,572.3,573.73,580.16,580.16,574.0,555.56,557.41,554.05,550.26,515.15,521.5,523.81,526.03,522.48,535.0,528.45,552.65,575.61,587.37,579.22,565.69,568.18,559.94,556.62,567.25,574.73,577.02,583.2,587.84,587.41,583.38,592.0,604.01,612.16,608.62,617.58,619.3,615.12,617.68,592.5,590.77,591.37,586.68,582.01,579.62,576.45,583.9,595.74,582.5,580.02,589.9,606.74,611.29,612.38,628.0,608.21,590.06,590.63,600.55,597.23,611.62,611.19,611.21,603.11,606.32,610.99,611.11,607.0,599.48,588.0,579.31,586.48,607.9,645.77,627.14,630.41,617.81,617.21,641.13,654.05,677.66,685.48,690.83,
DHL.DE,,,45.02,45.84,44.99,46.16,45.65,45.47,44.81,44.72,44.59,44.76,43.71,43.81,42.65,44.25,44.68,44.49,44.12,43.68,44.58,45.44,45.28,,45.71,47.36,47.96,48.38,47.8,48.41,48.18,47.91,48.46,49.25,49.28,48.47,47.92,47.22,47.42,47.42,46.44,46.74,,46.07,45.66,45.06,46.84,46.36,46.67,46.89,46.95,47.61,46.59,46.06,46.82,46.71,47.5,49.28,49.84,49.92,50.38,51.02,50.32,52.14,52.36,51.94,52.08,51.18,51.64,50.6,50.58,51.7,52.12,52.5,52.04,51.36,51.06,50.8,50.68,51.0,52.16,51.96,52.32,52.82,53.84,55.58,55.88,55.02,55.36,56.08,56.0,56.32,56.7,56.54,56.46,56.12,56.44,56.24,55.98,56.3,57.06,57.02,57.02,56.84,57.44,57.4,57.4,55.16,55.06,54.7,54.76,55.08,54.98,54.46,54.56,54.58,54.56,54.94,55.04,55.36,55.7,56.52,56.52,56.08,56.4,56.14,55.3,54.52,54.06,54.48,54.8
DHR,200.67,203.04,199.72,195.11,193.39,195.16,193.31,186.18,185.24,187.5,193.29,190.87,187.41,187.97,189.36,186.01,184.99,185.5,181.01,181.75,185.38,189.47,188.0,189.47,188.73,194.99,191.08,189.44,188.06,195.09,197.28,193.07,194.26,192.74,190.46,183.71,175.0,176.48,176.51,177.3,176.7,176.75,174.6,172.34,173.26,172.06,173.39,170.74,165.25,165.57,163.32,164.41,160.93,161.23,164.07,164.1,167.98,171.14,169.88,171.6,174.56,179.27,178.99,175.5,173.63,181.72,183.79,183.2,183.75,183.59,177.93,179.5,179.57,180.5,176.6,174.22,175.0,177.07,179.93,189.69,192.29,191.54,188.99,190.58,194.47,189.78,192.14,190.11,190.0,195.05,198.0,197.37,199.34,200.36,202.14,200.0,165.75,173.0,183.87,190.0,189.85,198.46,195.77,193.14,192.62,195.77,192.91,193.3,196.48,198.44,200.78,206.09,202.0,202.17,201.12,199.99,199.49,202.91,208.21,213.46,213.88,212.24,212.81,213.09,212.85,212.22,206.55,206.1,206.05,205.23,
DIS,102.15,102.64,101.59,99.95,98.45,100.24,100.4,99.37,99.16,98.46,99.02,99.0,98.44,98.39,97.86,96.25,95.06,94.59,92.19,92.89,94.19,96.49,95.09,96.12,95.33,97.69,97.68,98.82,98.53,100.9,101.79,102.78,104.69,105.91,103.97,104.23,102.55,101.97,102.06,100.61,100.6,100.42,102.97,101.27,100.06,105.31,107.09,107.54,104.38,104.22,103.86,104.85,102.3,102.55,101.97,101.6,102.59,102.98,102.35,103.26,103.1,101.83,100.3,100.09,99.25,99.01,99.09,98.41,98.51,97.95,98.1,99.54,100.59,100.05,100.44,100.8,101.51,101.8,101.04,97.99,97.9,98.5,95.99,95.65,95.77,97.02,96.92,96.64,94.78,95.52,95.83,95.13,96.1,97.28,97.05,96.0,95.84,95.65,92.49,93.0,95.51,96.97,97.99,94.46,95.6,97.21,97.38,99.69,102.52,103.7,102.8,102.79,102.03,103.46,104.91,103.46,103.63,103.96,106.42,106.97,108.08,109.76,109.45,106.74,107.03,106.97,106.14,106.33,106.9,105.17,
DTE.DE,,,32.85,32.43,32.21,32.24,32.41,32.39,32.32,32.63,33.02,32.33,32.07,31.58,30.77,31.69,31.99,31.92,31.31,31.73,31.95,31.77,29.87,,30.55,30.73,31.08,30.99,28.92,28.66,28.42,27.88,29.2,29.23,28.73,27.23,27.37,27.49,26.79,26.5,26.74,27.09,,26.89,27.0,27.18,27.54,27.34,27.17,27.29,27.16,27.56,27.67,27.31,28.68,29.04,28.81,29.05,28.95,29.1,28.86,28.61,28.66,28.7,27.93,27.83,27.6,27.31,27.47,27.86,27.32,27.87,27.79,27.56,26.53,26.84,25.7,26.01,26.18,26.44,25.99,24.18,23.53,23.98,24.25,25.08,25.54,25.32,25.01,25.52,26.29,26.4,26.25,26.41,26.8,26.82,26.63,26.58,26.13,25.57,26.66,27.16,27.09,26.97,26.4,27.1,27.65,27.16,28.25,28.65,28.02,28.25,28.01,28.13,28.41,28.32,28.53,28.79,28.72,28.72,28.96,28.9,28.92,27.77,28.03,28.36,27.77,27.89,28.45,28.21,28.08
DTG.DE,,,41.14,40.06,38.87,40.57,41.17,41.94,42.33,41.88,41.63,40.99,40.15,39.72,38.43,40.56,41.04,41.07,40.5,40.38,40.65,41.74,41.18,,41.6,43.84,43.66,43.49,43.61,43.32,42.51,41.9,42.56,42.98,42.99,43.03,43.13,43.09,43.09,42.47,41.7,41.37,,42.01,41.85,42.86,41.27,40.27,40.13,39.29,39.38,40.38,39.47,39.02,39.06,39.0,39.55,39.35,41.45,41.63,41.95,42.15,40.96,41.47,41.51,41.69,41.02,40.1,41.14,40.59,40.33,41.78,42.54,41.79,41.62,41.25,40.45,40.61,40.34,40.68,40.72,40.22,40.78,41.9,41.68,43.45,43.93,42.38,41.51,41.37,41.52,41.91,42.5,41.82,41.78,42.07,43.0,42.81,44.07,45.57,46.33,46.6,47.71,48.04,48.61,49.16,48.61,48.05,47.91,45.95,46.58,46.08,45.42,44.95,44.83,44.88,44.98,45.0,45.11,45.39,45.27,45.97,46.5,46.66,46.58,46.67,46.17,45.07,44.14,44.87,45.23
DUK,128.49,130.56,129.53,130.23,130.54,128.55,129.16,129.96,132.49,133.05,132.79,130.7,128.88,126.77,126.95,126.85,127.18,127.9,129.02,131.07,129.75,129.86,130.9,131.0,131.15,129.46,131.28,131.79,129.75,128.38,127.93,127.12,125.93,127.58,125.64,124.9,126.0,126.77,126.86,127.1,126.35,126.11,128.59,126.75,127.56,125.0,124.05,123.43,124.38,123.85,122.84,123.41,120.9,121.2,122.51,123.67,123.25,124.22,124.95,124.12,123.65,122.29,119.79,119.76,121.0,120.1,122.27,121.9,121.61,123.45,124.08,124.23,123.06,125.0,123.01,122.83,123.35,123.45,124.73,125.72,127.5,127.6,126.39,125.24,126.3,125.78,126.92,126.54,124.78,124.69,125.5,125.88,124.1,124.35,124.66,125.01,124.62,126.45,127.56,129.26,128.64,129.22,128.36,125.24,124.63,123.5,121.8,122.37,122.59,122.34,120.73,120.87,122.5,123.62,123.01,122.86,123.91,123.0,122.66,119.74,119.99,121.16,121.59,120.1,119.72,119.04,119.76,119.22,120.76,119.97,
DXCM,72.25,71.1,70.44,67.64,66.0,66.74,65.79,65.17,63.82,64.6,66.99,66.71,67.1,66.0,65.9,65.1,65.54,65.99,61.99,61.62,61.96,61.91,60.57,62.1,62.58,64.86,64.4,63.61,61.64,62.0,61.37,60.82,61.9,63.34,62.41,62.51,61.9,60.34,61.04,59.09,56.72,57.58,59.7,59.17,58.98,58.7,60.35,60.13,58.43,59.65,58.53,57.66,59.46,61.54,64.47,66.3,70.18,71.31,70.14,69.92,69.6,72.5,72.5,72.57,71.95,71.53,72.52,73.0,76.5,74.64,74.04,73.53,73.53,73.07,70.9,71.6,68.55,68.72,68.92,68.58,68.28,69.46,67.3,67.87,69.14,69.74,72.07,72.33,71.25,73.31,74.58,73.16,72.08,73.12,75.95,75.66,74.09,70.73,70.28,69.79,72.0,74.09,73.45,73.24,79.5,83.5,86.21,82.3,82.47,82.09,84.53,87.06,88.27,90.15,89.42,88.15,88.98,89.24,89.28,89.2,91.03,88.78,87.51,87.6,88.83,89.09,89.91,89.54,89.05,87.65,
EMR,144.86,144.01,140.6,137.83,134.65,140.02,137.2,131.61,131.82,131.91,130.01,129.64,125.95,126.62,128.74,127.24,129.44,125.97,123.42,122.64,125.3,131.44,128.32,130.41,131.43,140.22,142.44,143.67,141.88,143.24,140.13,139.36,142.56,144.98,144.31,142.55,139.49,140.21,139.58,138.08,136.34,137.26,137.23,135.43,136.9,142.0,139.85,139.5,139.09,134.5,135.1,136.94,131.17,130.95,128.13,129.43,130.84,134.56,136.81,139.4,137.94,141.39,140.11,140.06,140.04,140.72,137.29,137.86,138.01,136.63,136.42,141.38,145.23,146.5,148.67,150.08,149.37,143.09,140.9,141.96,141.79,141.6,141.91,139.47,137.27,138.58,136.98,134.2,136.73,138.22,134.95,134.54,134.6,133.55,137.52,135.25,136.06,139.03,138.6,144.33,146.92,147.62,145.1,146.75,147.95,150.04,152.28,155.5,156.0,156.91,157.35,159.0,162.82,159.85,162.3,161.55,157.73,157.18,154.08,155.08,156.21,154.6,155.5,156.55,154.42,152.13,146.97,146.35,147.15,150.17,
ENR.DE,,,152.5,146.25,135.7,154.55,153.05,147.7,142.45,142.4,145.15,150.7,140.8,140.75,133.85,145.35,155.8,149.5,141.25,139.9,138.15,148.5,142.65,,145.92,161.24,161.64,163.74,161.86,168.32,168.62,163.78,164.04,166.98,166.78,166.06,176.22,181.32,176.84,169.2,173.3,172.26,,176.56,176.82,183.46,179.76,177.64,169.74,168.0,173.2,177.0,167.34,166.8,163.86,169.94,170.36,172.22,178.44,170.82,165.06,159.24,159.04,157.02,151.76,155.9,156.4,153.58,148.3,138.68,140.3,149.62,154.46,154.86,154.8,162.22,167.9,159.04,157.02,161.16,153.34,151.74,163.4,161.5,158.4,164.2,153.64,151.86,153.94,150.62,148.0,148.42,151.94,146.62,143.38,148.26,153.5,144.06,148.14,149.66,146.62,137.44,134.06,133.3,146.74,143.8,149.52,147.68,147.68,151.24,153.86,154.7,160.0,159.8,158.66,160.2,152.76,151.56,151.36,152.06,146.08,150.48,150.76,149.52,147.94,142.14,139.2,139.16,141.48,145.04,146.72
EOAN.DE,,,18.785,18.455,18.105,18.72,18.925,19.11,19.27,19.67,19.71,19.69,19.295,18.48,17.905,18.395,18.56,18.54,18.25,18.52,18.82,19.095,19.18,,19.56,19.36,19.64,19.58,19.385,19.285,19.35,19.195,18.67,18.845,18.85,18.935,18.95,18.585,18.425,18.68,18.32,18.24,,18.3,18.3,18.165,17.97,17.83,17.87,18.055,18.2,18.3,17.78,17.645,18.125,18.24,18.28,18.3,18.42,18.04,17.99,17.905,17.895,17.795,17.8,17.945,18.12,18.125,17.975,17.825,17.895,18.115,18.11,18.07,17.94,17.945,17.71,17.47,17.315,17.65,17.885,17.985,17.955,17.64,17.66,18.96,18.89,19.095,19.11,18.96,18.935,19.06,19.34,18.765,19.0,19.055,19.115,19.11,19.38,19.41,19.105,18.845,18.695,18.69,18.685,18.84,18.935,18.79,18.745,18.755,18.815,18.865,18.315,18.2,17.135,17.37,17.305,17.365,17.255,17.405,17.275,17.375,17.72,17.445,17.67,17.76,17.64,17.395,17.27,17.305,17.655
EURUSD=X,,,,,,1.1608,1.1567,1.1511,1.1435,1.1416,1.1467,1.1493,1.1445,1.1526,1.1485,1.1569,1.1564,1.1524,1.1503,1.1444,1.1449,1.1556,1.151,1.1507,1.1525,1.1667,1.1651,1.1678,1.1671,1.1757,1.1774,1.177,1.1773,1.1739,1.1743,1.1714,1.1679,1.1673,1.1706,1.1678,1.1684,1.1656,1.1719,1.1691,1.1677,1.1713,1.1747,1.1725,1.1749,1.1723,1.1696,1.1672,1.1618,1.1609,1.1593,1.1584,1.1577,1.1589,1.1617,1.1624,1.1587,1.1626,1.1607,1.1629,1.1595,1.1599,1.1531,1.1501,1.1528,1.1534,1.1515,1.1558,1.1595,1.1575,1.1587,1.1454,1.1426,1.1377,1.1325,1.1334,1.1355,1.1382,1.1383,1.1362,1.1375,1.141,1.1423,1.1392,1.1421,1.1418,1.1387,1.1379,1.1407,1.1438,1.1425,1.1405,1.1403,1.14,1.1365,1.1368,1.137,1.1354,1.1376,1.1435,1.1459,1.1503,1.1504,1.1528,1.152,1.1518,1.1545,1.1532,1.1533,1.1513,1.1533,1.1576,1.1567,1.1572,1.167,1.167,1.1661,1.1652,1.1643,1.1637,1.1596,1.1585,1.1589,1.1567,1.1585,1.1587,1.1627
EXC,47.74,48.53,48.04,48.33,48.67,48.52,48.75,48.43,49.68,49.8,49.93,49.21,47.86,46.18,46.45,46.94,47.34,47.67,48.16,48.42,48.39,48.33,48.96,48.89,48.81,48.38,49.1,48.45,48.01,47.73,47.8,46.9,45.77,46.3,46.08,45.63,46.19,46.21,46.57,46.65,46.6,45.68,45.96,45.99,46.04,44.99,44.16,43.87,44.03,44.05,43.91,44.15,43.27,43.56,43.79,44.62,44.7,45.22,45.92,45.66,45.54,45.32,44.6,44.75,44.95,44.15,44.76,44.72,44.6,45.06,45.46,45.62,45.43,46.15,45.2,45.45,45.68,45.93,46.3,46.6,47.04,46.86,46.5,46.07,46.47,46.93,47.5,47.22,46.15,46.4,46.86,46.74,45.65,45.91,46.17,45.75,45.51,46.05,46.41,47.16,47.05,47.28,46.6,44.74,45.41,45.23,44.89,45.21,44.93,44.78,44.45,44.34,44.79,45.36,45.48,45.21,45.29,45.16,45.01,43.75,43.8,43.87,44.01,43.61,43.68,43.04,43.56,43.22,44.06,43.51,
FANG,173.28,172.55,176.01,179.31,179.5,176.15,172.81,176.9,174.26,179.71,182.33,187.63,189.68,190.02,186.02,194.2,194.02,198.04,201.45,197.61,193.78,187.34,192.9,192.68,194.91,175.14,185.27,185.32,187.66,183.02,184.0,185.55,170.55,180.41,183.09,189.26,194.01,191.83,195.94,196.6,201.75,200.61,200.26,208.05,205.59,192.47,186.55,186.94,190.5,195.68,196.49,197.61,201.45,199.5,205.02,202.9,198.75,198.0,194.68,190.75,191.79,189.5,194.13,197.08,201.51,199.8,192.6,194.81,191.91,194.89,190.29,189.45,182.3,185.55,184.71,180.44,184.78,186.26,182.0,181.08,179.36,179.61,175.27,171.48,170.1,171.32,175.73,181.47,181.65,180.74,185.93,188.22,187.42,189.78,192.3,192.43,195.8,202.23,204.58,203.5,195.43,190.05,195.98,195.48,198.1,196.26,188.31,184.85,187.06,184.8,190.8,196.04,199.53,196.66,200.68,201.84,206.47,207.75,209.31,209.15,203.31,199.47,196.65,197.69,197.06,198.45,199.05,200.71,201.33,197.73,
FAST,45.28,45.79,46.99,45.94,45.38,46.04,45.6,45.22,44.85,45.26,45.2,45.05,44.09,43.47,44.36,43.68,44.56,44.94,44.79,44.66,45.18,46.21,45.88,45.64,45.1,46.41,47.98,49.09,45.27,44.12,43.52,44.35,45.13,45.37,45.4,44.64,44.97,44.63,44.64,44.49,43.64,43.62,44.5,44.56,44.22,44.57,44.29,43.88,42.97,42.97,43.0,43.48,43.01,43.36,43.18,43.18,42.91,43.23,43.96,44.32,44.19,44.15,43.26,43.9,44.62,46.65,46.6,45.95,46.02,45.91,46.08,46.29,46.02,45.71,44.64,45.15,45.86,45.41,45.64,46.01,46.72,46.82,47.14,47.54,47.7,47.25,47.01,46.35,46.04,46.16,46.64,44.52,44.22,45.56,45.26,44.34,44.06,45.01,45.18,46.01,46.96,47.77,47.19,46.35,46.38,47.69,46.98,49.77,50.32,50.2,51.28,52.11,51.76,51.21,50.7,50.71,51.23,51.23,50.38,50.62,51.24,50.22,50.44,50.54,49.73,49.13,48.53,47.65,47.83,48.7,
FDX,301.2168,305.6084,299.2023,285.1491,278.8155,288.8074,286.7849,283.8679,281.0475,283.892,282.4416,281.0717,277.3167,287.3006,286.5028,282.7961,284.2546,281.5149,275.7212,274.9799,277.502,288.3159,284.8509,287.4456,285.9468,293.3119,299.5326,300.5963,296.8412,291.813,290.5882,292.7558,308.058,313.4488,315.6729,310.5157,313.0137,311.2087,309.8952,308.0338,308.6382,312.2401,316.8977,285.3666,287.6712,293.7148,300.9347,302.5786,303.3199,299.9597,295.8098,296.9702,300.1612,295.8179,290.9831,302.5866,306.6156,315.8743,320.0725,328.2433,325.1571,329.6696,321.81,327.0,324.17,327.76,326.11,328.22,325.55,318.96,322.84,335.0,337.82,334.86,325.04,324.47,325.66,316.36,306.05,317.75,316.12,317.91,309.02,310.61,310.3,307.66,309.5,306.36,304.06,311.31,311.54,311.01,311.74,312.6,312.13,305.7,309.0,313.5,314.31,314.0,308.71,303.0,307.66,304.18,306.98,306.91,307.81,309.07,312.39,313.31,316.9,320.76,321.12,326.99,333.49,331.42,328.04,327.06,325.38,324.66,324.3,328.87,330.41,331.2,328.83,324.7,319.36,315.87,315.33,321.09,
FRE.DE,,,46.13,46.06,45.62,47.9,47.17,46.43,46.16,46.59,46.04,45.6,44.3,43.43,42.37,43.9,44.31,43.88,43.66,43.56,44.05,43.92,42.97,,42.94,44.52,43.87,44.34,43.98,44.41,44.03,43.98,43.75,43.77,43.27,42.1,40.62,40.09,39.99,40.09,40.14,40.51,,40.65,39.16,38.18,39.68,40.5,39.86,39.15,38.16,38.46,38.79,38.3,39.2,39.3,39.91,38.74,37.69,36.93,35.96,36.26,35.45,35.11,35.19,36.02,36.65,36.77,36.64,37.41,36.87,37.47,38.18,38.21,38.42,38.76,38.85,39.36,39.57,39.55,39.58,39.27,39.13,39.79,40.79,42.5,43.41,42.35,42.22,42.23,41.66,41.02,40.4,41.32,41.56,41.88,42.8,43.3,42.68,43.1,44.23,43.95,44.19,44.45,44.52,44.45,44.16,46.19,46.63,46.67,46.72,46.86,46.61,46.82,47.04,46.11,46.445,46.515,46.035,45.91,46.035,45.54,45.635,45.665,45.545,45.245,44.77,44.0,44.225,43.21,42.095
FTNT,77.19,80.95,82.25,82.9,82.18,81.62,82.35,82.31,82.81,83.97,83.06,82.2,82.29,80.27,81.22,79.12,78.46,78.29,76.42,78.08,79.56,80.0,80.02,81.83,81.63,82.28,79.56,76.01,76.1,77.73,77.41,79.89,81.02,81.47,82.1,85.78,81.81,82.5,83.78,85.44,84.43,82.44,84.97,86.36,88.55,87.29,104.51,106.67,112.1,113.16,112.71,115.77,119.49,120.87,123.76,125.33,127.4,128.57,130.6,126.78,126.61,129.0,140.25,141.75,143.39,144.32,143.46,142.51,133.05,137.01,139.4,142.15,143.98,144.33,141.69,139.79,143.59,143.47,144.57,144.62,147.55,152.13,150.73,152.54,156.2,153.43,155.68,154.42,152.25,156.62,155.72,158.06,163.03,159.08,158.93,160.0,156.02,154.51,150.92,151.48,151.68,146.12,143.77,152.23,153.61,159.32,162.77,163.94,158.27,158.56,159.64,160.74,160.0,160.14,159.1,155.57,155.7,151.66,150.16,148.25,150.4,151.67,149.5,159.88,162.68,165.71,160.6,151.8,154.48,154.0,
GC=F,,5117.2002,5054.7002,5076.1001,5077.7002,5137.6001,5167.3999,5115.7998,5009.5,4994.0,4994.2002,4821.7002,4554.0,4570.3999,4100.7998,4325.2002,4541.7998,4375.5,4492.0,4413.3999,4508.6001,4668.0,4558.8999,4605.0,4608.0,4738.7998,4711.0,4744.8999,4704.0,4770.1001,4798.0,4785.3999,4767.2002,4770.0,4676.3999,4732.5,4705.1001,4657.5,4675.3999,4591.5,4515.7002,4561.8999,4581.7002,4512.7002,4547.6001,4663.6001,4699.7998,4713.6001,4718.7002,4677.6001,4679.5,4650.2998,4524.2998,4538.7002,4506.2002,4465.1001,4503.7998,4519.1001,4500.3999,4439.7002,4363.5,4487.8999,4449.7002,4474.2002,4427.2002,4447.3999,4319.1001,4284.6001,4240.2002,4100.0,4031.0,4173.2002,4269.1001,4309.5,4296.0,4223.7002,4134.7998,4118.5,3963.3,3986.7,4078.7,4003.2,3962.5,3963.0,4062.0,4134.2002,4107.2002,4053.0,4064.2,4090.6001,3985.8999,3986.5,4019.3999,3972.6001,3964.2,4002.7,3999.7,4096.2002,4046.6001,4067.6001,4072.7,4025.7,4017.8999,4028.5,4022.3999,4026.5,4048.8,4129.5,4228.0,4274.0,4336.1001,4365.1001,4406.2998,4350.0,4315.0,4386.5,4330.7002,4327.6001,4486.0,4560.0,4635.1001,4626.2002,4598.2002,4609.7002,4451.7998,4410.8999,4329.1001,4292.2002,4426.0,4429.7998,4426.2002
GD,358.21,359.28,354.54,354.52,355.58,354.69,351.18,349.0,350.41,351.41,352.28,353.36,343.59,343.08,342.82,343.78,347.75,351.73,345.68,337.81,340.19,345.1,347.05,346.19,345.93,343.0,343.52,332.76,336.25,337.65,337.09,331.92,334.02,331.31,323.97,317.65,315.54,310.61,312.03,306.77,333.91,338.56,341.53,343.04,344.38,344.07,344.28,344.01,341.81,342.75,339.98,339.17,333.29,334.01,339.12,337.46,334.66,338.51,341.32,341.71,342.5,345.45,338.17,335.78,335.02,340.12,342.75,339.27,340.87,341.0,346.19,356.15,357.21,359.25,361.2,348.83,340.81,344.44,343.92,341.94,344.35,346.68,346.56,355.0,364.96,369.33,373.56,371.3,369.3,370.86,369.68,369.14,364.49,364.0,366.52,369.48,361.24,370.01,376.47,382.14,386.47,389.25,380.96,374.04,376.82,380.45,378.87,381.35,384.78,383.26,392.05,391.25,389.01,390.23,392.6,389.79,392.66,391.47,385.18,382.19,381.53,375.18,378.02,378.33,377.66,367.46,367.41,362.21,359.5,358.04,
GE,329.08,333.42,320.79,317.61,310.12,320.55,321.19,301.13,299.05,300.15,299.02,300.18,286.13,282.29,290.17,285.3,293.09,282.68,280.97,270.79,275.8,289.99,279.31,278.57,283.12,305.3,304.15,306.42,304.32,313.02,311.4,297.86,303.85,298.41,284.21,268.91,273.36,277.18,280.1,280.55,279.59,284.83,286.24,279.41,281.61,299.86,301.86,296.83,292.85,293.3,291.31,289.08,281.31,282.04,282.62,286.18,294.75,300.25,306.35,311.95,314.29,316.58,314.92,316.66,311.0,316.25,322.53,321.04,320.02,318.25,319.76,328.47,341.96,344.04,350.0,357.1,354.54,347.77,355.66,366.51,363.82,367.47,368.74,371.38,374.37,373.84,363.63,354.25,357.87,353.75,352.03,352.57,353.35,336.53,343.02,339.89,340.01,340.37,338.6,350.2,356.06,358.19,348.84,347.66,353.78,360.97,368.6,378.74,372.79,368.44,364.84,366.47,363.24,359.55,361.51,366.76,365.0,355.98,343.56,346.41,340.54,344.22,350.0,339.6,341.27,333.72,329.51,329.31,329.32,332.24,
GEHC,77.29,77.78,75.56,74.19,72.3,71.72,71.92,69.19,70.16,71.34,72.03,70.175,69.375,69.0,70.83,70.67,71.83,71.36,69.15,68.44,68.72,71.02,69.8,69.845,68.95,72.0,71.275,72.59,72.05,73.89,73.44,72.85,74.365,73.865,72.08,70.913,69.275,68.52,69.0,68.39,58.75,59.18,59.81,60.71,60.14,61.13,61.2,62.0,61.49,61.73,61.01,62.115,60.67,60.86,61.19,61.0,62.73,63.91,63.5,63.33,62.33,62.19,60.87,61.52,60.73,62.51,63.58,64.28,64.77,63.735,63.02,63.7,64.64,62.91,60.78,59.97,60.32,61.0,64.035,64.38,65.0,64.44,63.055,64.355,64.73,63.86,64.62,63.7,63.459,64.19,64.52,60.53,61.79,63.18,62.64,62.51,61.87,61.34,60.8,60.2,60.93,61.4,68.08,68.26,67.155,68.84,68.85,69.72,69.585,69.67,71.23,72.2,71.01,72.54,73.36,72.13,72.585,73.11,74.005,73.69,73.98,73.15,73.28,72.08,71.57,70.29,70.25,70.21,68.5,68.485,
GEV,811.56,838.09,791.095,782.37,777.0,832.1,832.25,819.1,802.76,811.12,817.52,844.525,829.95,844.25,860.0,860.01,920.9,871.01,846.0,807.0,824.01,887.49,865.95,887.0,879.2,930.55,940.76,970.01,987.16,979.0,973.68,969.52,977.21,990.18,984.09,1074.22,1133.49,1125.02,1084.95,1050.49,1047.5,1066.61,1062.0,1066.38,1088.0,1069.27,1040.42,1034.4301,1031.15,1033.285,1047.3,1049.0,1038.5,980.14,984.15,1004.5,1014.718,1034.2,1045.0,1017.33,990.46,952.01,939.0,944.15,956.59,923.0,921.455,931.86,878.0,856.01,884.735,907.5,957.36,980.73,992.0,1087.28,1112.4301,1034.0,1023.08,1055.0,1042.0,1047.0,1103.35,1116.59,1087.08,1138.49,1028.0,1050.96,1065.3101,1053.995,1038.89,1057.47,1000.25,1013.33,982.0,1050.95,1068.97,985.03,978.01,997.04,941.87,913.51,897.68,950.0,979.14,958.565,1000.011,1009.3,997.12,963.54,984.43,1001.0,1026.63,1021.02,1038.985,1065.405,986.17,963.76,942.357,951.74,925.74,923.54,922.0,941.27,911.33,882.0,874.0,882.97,908.06,939.315,
GILD,145.52,146.1,143.35,142.77,143.49,146.84,145.81,143.89,144.2,142.68,143.27,139.23,140.12,136.49,136.44,136.47,137.92,136.66,134.1,133.89,137.17,138.82,138.64,138.85,137.15,138.47,139.96,138.45,137.02,137.6,138.06,137.75,136.69,135.48,132.22,131.34,132.79,129.28,127.64,128.34,128.0,127.96,129.01,130.0,131.89,133.19,133.76,129.0,130.98,132.72,131.88,131.81,129.1,129.22,128.34,129.49,129.42,131.12,133.68,132.59,132.79,133.55,130.53,127.07,127.5,128.01,128.92,127.13,123.2,121.39,121.79,124.29,122.7,124.14,124.11,122.43,123.0,124.44,124.78,123.67,125.0,125.49,124.19,125.13,126.46,127.88,132.0,134.0,133.27,129.27,127.94,129.42,129.41,131.31,134.09,132.91,129.13,130.23,127.61,129.04,129.43,132.63,132.57,128.28,128.76,129.04,129.54,129.6,129.02,130.59,131.61,132.01,133.3,136.03,135.91,136.63,139.54,144.3,143.19,143.5,144.59,145.58,147.0,146.01,144.88,143.18,146.92,148.83,148.41,149.23,
GM,74.19,78.04,75.07,73.35,71.92,74.84,74.37,73.1,72.09,72.43,73.55,73.42,72.5,72.1,74.6,74.77,76.39,74.91,72.68,72.42,73.41,74.72,71.67,72.15,71.6,75.72,75.38,76.14,75.15,78.1,77.76,77.01,79.4,80.33,79.0,78.63,77.16,76.92,76.61,74.78,75.38,76.51,75.52,75.21,76.02,77.83,78.17,78.07,75.11,74.96,75.45,75.88,74.8,73.09,70.43,73.2,75.0,77.69,78.67,80.65,83.38,81.22,80.45,81.02,80.34,81.64,81.4,81.51,81.66,79.0,79.09,80.5,82.64,82.22,79.16,78.94,80.07,78.6,78.94,78.39,77.81,77.06,75.9,75.2,74.22,76.12,75.64,74.58,75.45,76.88,76.43,75.96,76.79,76.62,75.99,75.36,74.8,80.04,79.0,80.43,84.1,87.21,89.11,86.61,87.04,87.29,86.03,88.26,86.5,86.33,86.38,87.88,86.72,86.23,86.15,84.34,83.59,84.12,83.73,85.79,85.71,85.64,84.92,85.88,85.64,86.01,85.22,83.95,85.12,85.69,
GOOGL,296.71,300.75,297.99,295.18,294.08,305.57,305.92,301.03,300.44,303.02,305.5,306.93,302.35,298.27,300.93,290.33,289.24,278.5,273.95,272.11,277.09,290.41,289.45,295.18,297.72,315.02,311.06,316.32,315.47,323.75,330.9,334.52,336.24,336.61,331.35,335.17,336.18,335.39,342.73,346.12,344.21,365.82,379.05,379.79,384.02,392.76,392.68,396.36,388.47,382.77,385.0,395.84,393.18,394.53,386.11,382.9,383.02,381.77,382.6,385.9,385.16,378.46,373.52,358.44,358.08,358.21,364.12,360.53,357.3,355.2,346.36,354.94,366.55,367.06,362.02,358.67,341.72,340.2,341.93,335.84,330.2,340.67,350.4,356.43,353.42,357.38,365.5,358.02,351.08,352.75,351.75,351.09,357.76,352.3,341.36,350.52,347.0,341.73,314.9,317.32,324.45,324.44,331.62,330.34,340.0,363.35,367.5,356.77,356.88,353.78,352.71,343.39,340.88,343.76,344.5,341.93,340.19,340.66,338.57,340.4,342.49,345.6,340.18,338.52,340.27,337.16,333.05,332.82,340.06,337.09,
GS,824.64,860.0,822.2,801.33,795.0,826.35,810.54,784.1,780.5,790.0,803.47,801.0,790.59,804.93,829.0,818.0,833.9,816.11,797.78,801.88,810.0,850.15,831.0,859.77,850.0,893.6,895.29,895.0,865.34,890.1,897.1,895.85,912.22,922.99,922.54,931.15,920.69,919.22,926.0,924.24,899.16,905.0,912.14,899.0,908.22,931.33,921.98,927.46,926.63,920.8,933.08,960.5,941.61,938.55,923.81,940.5,970.3,990.9,987.03,974.42,982.45,1004.0,1011.6,1047.89,1031.01,1050.0,1035.6,1042.33,1006.3,1000.04,1000.45,1048.0601,1075.0,1085.53,1094.29,1093.33,1091.63,1069.0,1068.51,1062.1,1013.38,1016.17,1006.11,1003.0,1009.73,1029.0,1035.13,1011.92,1042.61,1048.0,1036.84,1082.0,1117.4,1089.01,1047.15,1053.66,1063.0,1078.0,1062.48,1051.8199,1029.0,1011.87,977.7,998.51,1008.6,1005.16,1043.27,1060.02,1030.78,1032.03,1030.0699,1027.1899,1031.74,1038.47,1029.58,1038.14,1026.08,1014.5,1001.68,1008.85,1030.1801,1039.29,1036.78,1035.0,1031.58,1022.62,996.97,998.0,1012.5,1024.63,
HD,360.12,361.51,359.2,353.22,345.64,351.02,349.11,338.7,338.03,340.65,340.94,330.14,324.63,320.26,328.21,323.02,326.99,326.59,320.74,322.58,323.41,327.81,318.66,318.92,315.31,332.25,328.45,335.81,331.93,338.34,336.62,336.69,342.84,343.62,342.97,337.92,336.88,334.68,332.14,327.36,319.05,322.24,323.36,312.26,310.4,319.35,322.43,316.8,309.71,309.11,299.27,301.42,296.88,297.3,289.1,296.67,304.38,311.46,308.96,314.51,315.16,317.0,307.69,308.57,307.12,308.11,308.63,307.07,310.27,318.8,318.55,325.29,329.54,329.75,326.17,330.9,326.34,321.7,327.71,341.82,345.85,345.54,347.3,350.84,347.65,345.8,344.48,330.66,335.61,337.9,335.43,336.57,337.26,340.64,338.09,331.41,327.0,330.71,323.05,323.23,335.35,342.6,336.96,330.25,328.8,333.72,339.35,348.15,347.51,348.74,347.06,350.6,343.03,340.51,336.01,332.89,330.69,341.42,331.59,333.0,335.16,333.7,334.51,327.88,327.5,325.75,318.8,317.71,315.21,316.1,
HEI.DE,,,179.55,172.95,162.0,175.1,169.25,160.4,159.7,161.25,163.25,171.35,164.15,169.6,165.2,175.45,178.35,178.35,175.1,176.6,177.9,182.55,174.25,,169.55,181.9,182.6,184.7,185.65,187.95,187.75,188.3,186.9,190.4,188.25,187.3,183.4,182.65,185.75,184.25,184.7,181.6,,185.6,183.8,184.0,187.1,183.8,183.1,182.8,181.6,179.7,168.8,163.75,167.1,167.0,171.65,171.4,179.3,182.35,184.9,187.7,183.75,182.1,177.0,178.2,178.95,172.75,170.85,170.4,169.65,177.85,186.4,183.55,184.1,183.8,181.7,180.15,179.65,184.15,182.45,166.65,165.7,163.55,164.0,174.3,173.0,164.9,165.75,167.25,167.4,166.15,166.75,171.3,169.0,170.1,169.1,169.05,166.4,166.85,169.0,168.75,167.7,162.2,157.45,160.55,160.25,162.2,161.7,160.4,159.65,159.0,161.6,160.25,160.85,159.35,155.5,155.7,156.55,159.4,159.35,158.95,164.3,167.35,168.25,164.65,161.75,160.45,160.8,163.55,164.0
HEN3.DE,,,75.16,73.62,72.48,72.44,69.24,69.78,68.94,68.5,69.48,68.34,66.24,65.88,64.42,66.44,67.06,67.18,66.72,66.32,66.3,65.9,63.88,,63.86,66.16,66.14,66.7,65.62,65.5,64.84,64.96,65.32,65.92,65.1,65.1,64.84,64.38,63.98,62.04,61.94,61.28,,61.5,61.46,62.36,65.46,64.58,63.0,62.8,63.08,63.56,63.22,63.96,65.42,65.46,65.3,65.62,65.94,65.84,66.72,66.64,65.62,65.74,65.5,65.12,65.54,66.42,66.02,68.0,68.2,68.72,69.06,68.9,69.88,69.98,68.94,69.66,71.06,72.76,72.62,73.14,73.0,73.2,74.74,74.4,75.24,74.38,73.96,73.96,74.16,72.92,72.5,73.4,74.84,73.88,74.18,74.16,72.98,73.2,74.24,75.54,75.42,75.64,75.24,75.48,75.7,75.74,77.48,79.18,78.46,78.12,76.6,76.92,76.32,74.48,74.26,74.92,74.6,74.98,75.8,75.58,75.7,74.92,75.4,75.66,75.72,75.1,74.68,75.08,75.76
HG=F,,5.789,5.73,5.7355,5.63,5.8295,5.7895,5.774,5.6285,5.63,5.7,5.44,5.2895,5.268,5.422,5.376,5.493,5.425,5.467,5.401,5.4835,5.584,5.5485,5.5675,5.5445,5.759,5.727,5.7705,5.976,6.068,6.07,6.02,6.077,5.98,5.9685,6.113,6.021,5.98,6.018,5.9145,5.8625,5.892,5.912,5.79,5.8195,5.9605,6.11,6.0525,6.258,6.435,6.596,6.5475,6.2315,6.197,6.121,6.12,6.22,6.3405,6.335,6.305,6.2235,6.345,6.494,6.634,6.4755,6.4985,6.2525,6.3295,6.292,6.249,6.259,6.405,6.4825,6.4735,6.3355,6.3745,6.3565,6.123,5.9285,6.038,6.1415,6.0715,6.05,6.0715,6.07,6.147,6.117,6.0155,6.0695,6.217,6.231,6.301,6.2935,6.245,6.15,6.174,6.4455,6.436,6.2755,6.3025,6.337,6.266,6.2535,6.315,6.4095,6.434,6.528,6.609,6.687,6.5705,6.593,6.6105,6.597,6.5,6.58,6.595,6.45,6.459,6.406,6.564,6.599,6.7005,6.5895,6.587,6.534,6.517,6.429,6.415,6.5365,6.5705,6.636
HNR1.DE,,,249.6,246.4,245.6,248.4,246.2,247.8,258.2,259.4,261.8,266.8,262.8,260.0,254.8,254.8,256.4,254.0,256.2,257.4,266.0,265.4,266.0,,269.8,266.6,272.8,272.0,270.2,272.0,271.0,273.0,274.8,274.0,276.6,275.4,271.8,270.8,263.4,265.0,254.0,251.8,,255.2,253.2,256.4,244.4,244.0,236.2,233.2,233.8,234.8,236.4,237.2,242.4,244.8,241.8,241.2,241.6,240.2,234.8,231.2,227.0,223.4,224.0,224.4,225.6,224.8,224.0,227.6,229.2,228.2,228.0,229.2,228.2,230.0,233.2,233.4,232.8,235.8,236.6,236.8,240.4,239.8,242.8,243.6,244.8,245.2,248.8,249.4,251.2,250.4,248.2,247.0,252.4,250.8,246.0,247.2,244.2,248.8,253.6,254.6,252.6,252.0,250.0,248.8,246.6,245.8,248.2,248.4,250.4,249.6,247.8,247.4,251.0,251.6,254.2,250.6,248.0,249.0,248.8,251.4,254.0,254.0,255.0,256.8,257.8,258.8,260.6,260.4,253.4
HON,253.4242,250.8443,247.4777,245.5375,242.0451,248.1594,249.0089,244.5621,245.2334,245.0341,239.6434,239.7063,238.0703,230.5506,233.7808,231.3372,233.4976,235.3749,233.5396,233.4662,232.9523,237.6717,236.0986,237.42,232.2391,239.4442,239.8846,245.4851,243.0939,242.9575,240.0944,240.1468,242.0241,240.1154,231.9245,229.9843,217.9654,220.0524,220.7866,220.6188,218.4583,219.6644,222.3492,219.4337,218.71,223.2302,224.4468,223.1358,225.3487,226.9638,226.4919,226.2821,221.8144,223.4085,225.6633,225.2438,227.8448,233.4032,241.8668,242.7478,239.4442,243.1463,244.0482,243.398,232.1867,227.3414,223.3875,221.7514,222.4856,215.5427,217.2732,229.8479,236.0252,237.9864,239.0037,237.9549,238.28,231.4001,234.6198,238.8778,237.3256,227.16,219.33,220.6,220.22,222.85,222.05,218.7,218.1,222.11,220.39,222.22,220.54,221.17,224.53,223.59,225.51,231.32,237.69,239.12,242.53,246.09,240.32,237.36,238.02,242.2,245.0,246.74,239.93,239.48,241.88,229.7,228.56,232.5,232.39,228.28,227.43,221.49,218.05,215.78,213.1,214.44,216.41,217.2,215.09,212.22,208.81,204.81,204.91,206.92,
HONA,,,,,,,,,,,,,,,,,,,,,,,,,,,,,,,,,,,,,,,,,,,,,,,,,,,,,,,,,,,,,,,,,,,,,,,,,200.0,269.95,269.95,256.01,261.03,245.0,245.0,221.0,206.01,212.5,214.5,212.57,221.5,236.7,233.64,223.03,217.25,218.85,210.23,205.56,203.0,204.2,205.01,198.88,195.16,199.01,193.33,192.03,202.98,208.85,203.84,198.88,202.01,199.48,207.4,203.64,150.03,154.01,159.01,161.23,166.84,165.11,165.03,161.25,160.39,164.26,164.99,164.23,160.89,159.11,160.29,158.9,158.8,155.97,153.63,151.97,150.88,154.03,
IBM,234.29,244.96,249.0,252.21,251.57,246.55,247.2,245.64,244.71,246.1,250.0,250.16,248.25,241.77,244.71,238.0,238.0,239.8,233.75,236.13,236.38,240.14,241.49,244.74,241.1,240.8,233.76,230.51,231.7,238.12,240.99,246.13,251.04,252.56,251.87,247.21,221.73,225.0,227.12,228.46,226.82,224.9,231.75,228.62,227.15,224.38,227.41,224.83,222.55,219.22,212.34,215.0,217.62,217.75,221.92,216.78,230.94,253.39,245.45,250.46,257.0,273.33,308.0,310.11,302.53,300.18,281.07,279.43,271.29,271.33,266.5,267.68,264.8,268.61,261.88,243.68,243.81,255.26,256.18,256.0,258.28,269.06,271.12,278.96,282.28,287.65,300.49,295.59,284.44,287.5,289.1,213.22,211.03,204.44,210.22,208.82,209.18,204.73,199.19,206.8,215.29,215.11,223.95,220.2,216.59,224.87,223.3,233.46,228.44,232.72,234.13,235.44,231.68,233.61,233.73,227.4,229.42,230.51,233.03,233.12,230.47,229.51,228.96,231.45,235.09,232.18,229.9,229.1,232.82,231.68,
IDXX,624.95,630.24,614.25,594.94,594.32,598.1,585.09,570.35,567.62,576.54,586.62,574.85,575.51,569.89,577.91,565.33,562.35,570.98,557.35,555.73,548.51,557.5,548.56,565.87,569.72,588.43,580.39,559.39,558.31,571.07,577.37,569.31,577.37,579.97,567.31,570.86,554.49,552.0,562.49,563.9,544.01,548.07,555.57,554.03,550.0,550.45,566.02,555.19,524.62,532.98,523.38,528.02,527.12,531.7,543.72,535.95,539.44,549.75,550.27,548.53,547.9,562.89,552.25,548.93,547.57,555.53,560.38,555.0,559.08,555.86,549.98,552.23,565.07,567.36,543.89,546.18,540.99,538.44,539.3,545.66,547.19,534.66,518.55,528.71,538.87,547.93,563.35,549.42,547.38,559.72,557.65,536.14,538.0,558.14,561.15,561.02,545.57,543.01,534.36,535.85,548.0,564.94,562.21,554.21,549.33,560.58,584.26,578.5,574.99,583.44,579.48,586.01,568.22,557.39,549.19,538.2,549.75,555.0,543.6,544.88,554.23,549.42,544.13,542.01,545.48,543.6,541.53,537.31,527.74,522.05,
IFX.DE,,,42.1,39.225,37.3,40.555,40.605,39.465,39.6,39.085,38.685,38.935,36.7,37.215,35.78,37.325,38.75,38.08,36.8,37.0,36.59,38.92,37.485,,38.08,41.54,41.93,42.59,41.82,43.22,43.88,44.78,45.925,47.52,47.515,48.475,51.0,52.7,53.28,51.54,53.4,55.07,,56.81,56.55,57.44,59.5,59.26,60.77,58.14,60.38,65.49,63.58,64.6,63.25,64.2,67.7,69.71,74.73,75.3,76.96,78.95,78.78,82.5,85.02,82.26,76.93,74.02,75.66,74.6,75.03,76.38,78.52,79.15,75.33,78.06,83.64,80.32,77.6,79.37,77.37,76.41,79.85,77.2,75.2,74.52,69.72,68.21,70.92,70.63,69.01,69.57,67.07,63.57,60.63,62.86,64.94,66.19,65.09,63.15,61.49,56.8,54.26,54.06,61.09,59.97,62.66,59.46,58.12,61.0,62.53,61.85,62.88,62.03,61.55,61.73,57.24,54.84,54.41,55.32,53.97,54.6,54.83,56.1,56.56,55.91,54.53,54.96,54.23,55.46,58.2
ILMN,127.11,128.6,127.32,124.06,121.19,120.36,119.98,115.31,116.1,117.49,120.06,119.61,121.54,123.0,122.22,122.27,122.04,124.25,116.74,118.82,121.95,122.61,124.0,126.48,125.24,125.71,122.7,118.3,120.6,126.49,130.2,128.31,130.57,132.32,131.01,129.16,121.27,124.02,126.93,125.05,119.14,121.43,128.06,133.97,136.36,137.96,137.1,134.67,139.0,142.36,143.21,142.97,138.06,140.69,139.13,138.64,139.54,143.17,142.61,142.95,150.1,158.1,160.84,159.48,160.1,166.8,160.6,156.58,155.55,162.09,160.65,159.34,160.78,162.75,157.63,159.51,158.91,159.98,166.04,176.54,173.24,175.13,174.78,175.6,184.4,185.58,189.09,184.66,188.48,187.92,186.29,187.09,184.02,184.55,184.06,183.75,178.88,188.0,192.82,191.57,188.51,187.67,189.47,194.49,192.68,197.93,196.0,197.08,187.05,187.46,186.64,187.63,189.24,187.44,188.0,188.94,187.54,192.68,200.3,208.5,212.37,217.39,220.0,224.03,214.61,208.98,206.82,207.13,210.94,213.95,
INTC,42.14,43.27,44.7,43.28,41.64,45.41,46.66,45.17,45.39,45.69,43.91,44.05,43.65,43.64,43.74,43.2,45.45,43.92,42.86,40.63,41.6,44.98,46.04,49.87,51.22,54.8,58.39,60.75,62.18,62.09,62.88,64.27,67.74,64.47,65.64,64.98,65.42,79.62,82.61,80.8,85.87,91.5,92.61,95.6,100.08,106.58,109.15,111.8,123.92,115.0,116.41,113.17,105.02,103.85,102.4,114.8,113.17,118.09,117.35,117.0,116.31,113.54,106.33,104.17,110.86,107.48,98.33,106.66,99.46,104.92,110.51,115.33,126.66,116.0,118.06,127.9,136.21,128.3,127.95,125.41,125.5,118.5,131.52,126.68,117.63,121.52,108.3,104.41,111.51,107.45,101.79,103.59,99.2,95.48,89.59,96.92,101.22,101.48,99.24,91.58,86.94,83.1,81.79,85.97,90.13,85.62,94.32,97.9,95.6,98.03,96.3,95.35,100.12,100.33,102.05,101.8,95.25,91.28,89.85,89.75,85.14,87.29,85.63,88.46,89.05,88.97,85.72,87.5,87.73,91.87,
INTU,411.6,427.15,438.93,463.6,466.1,448.27,435.51,434.43,428.99,442.11,454.5,443.29,451.54,440.67,449.73,431.2,417.21,423.8,409.5,418.4,420.69,413.75,420.49,411.2,407.51,386.21,354.55,342.11,352.01,364.33,372.76,385.7,389.21,391.91,400.67,402.72,373.96,381.0,384.68,396.6,389.01,380.0,386.78,399.4,390.34,381.51,395.0,385.2,389.0,385.59,369.56,366.3,384.67,387.52,397.91,374.91,302.36,306.51,302.38,300.5,303.11,315.0,337.58,315.5,310.29,301.05,293.67,291.24,291.18,281.93,273.27,268.01,276.21,275.38,268.48,259.23,252.84,255.65,256.06,253.21,259.38,265.23,259.11,266.44,268.95,263.66,274.36,269.06,259.37,272.35,278.7,271.7,278.73,277.57,290.01,279.44,278.96,284.0,278.94,286.3,299.63,305.73,313.46,303.8,306.81,317.77,309.05,320.44,316.05,324.64,321.66,330.18,328.6,336.78,344.95,332.1,343.0,349.32,358.39,360.07,365.01,356.02,322.57,335.0,345.25,355.07,343.0,339.32,340.82,330.12,
ISRG,486.98,492.5,488.81,478.2,480.23,484.38,479.11,473.1,458.0,472.95,482.19,472.34,475.81,473.19,478.03,468.36,468.5,465.0,451.56,450.27,448.4,460.76,450.4,449.73,447.78,460.24,451.03,448.22,448.17,459.5,465.79,454.0,463.02,463.65,451.29,460.01,477.19,471.0,469.2,463.38,449.59,449.83,456.36,449.23,441.98,446.9,452.0,447.0,417.74,420.0,426.66,426.53,420.56,421.96,436.39,434.5,435.15,434.77,434.15,414.3,414.75,419.83,411.83,396.68,399.44,412.62,419.5,417.14,417.55,411.92,406.82,402.73,412.88,412.93,400.1,400.93,399.5,399.29,400.12,398.89,399.29,405.14,397.52,399.99,406.47,420.51,424.86,414.59,409.0,403.25,406.82,378.5,378.5,393.68,344.55,342.1,347.0,340.61,328.57,332.15,343.39,360.48,351.94,346.45,348.88,360.98,364.26,369.48,371.68,372.63,378.0,392.22,397.17,398.0,394.06,389.67,390.84,394.0,372.6,367.24,373.48,367.07,366.73,366.9,366.74,365.32,366.35,368.25,365.42,363.23,
JNJ,244.36,243.18,235.93,235.43,240.04,240.82,241.36,240.3,241.5,241.67,237.22,235.42,236.31,234.5,234.25,232.24,235.73,238.93,239.13,240.51,242.65,243.74,241.87,240.5,236.01,233.9,240.54,237.91,235.18,233.25,236.75,232.12,232.04,229.53,224.7,223.78,227.03,227.02,224.35,226.37,224.86,227.81,227.02,223.58,224.9,222.95,220.63,220.92,220.37,221.65,225.44,229.16,226.44,225.86,228.04,229.17,227.35,232.72,229.08,229.02,229.73,224.59,220.84,221.17,222.0,225.9,229.0,230.56,230.41,237.05,238.14,237.52,233.58,231.02,230.7,227.6,227.5,234.35,238.75,240.89,247.87,252.03,253.17,251.08,254.0,255.93,264.05,263.13,258.13,255.52,256.15,252.14,246.05,246.3,251.95,248.63,245.49,251.21,254.42,259.61,261.35,266.18,264.79,254.56,253.29,250.91,250.44,254.47,255.28,255.12,258.55,258.36,255.26,259.65,259.16,258.01,266.33,270.56,267.37,267.0,268.57,270.18,269.55,263.83,264.27,265.17,267.02,273.53,273.16,274.75,
JPM,289.5,295.82,292.43,283.71,280.45,287.18,284.86,279.1,282.95,284.61,285.95,285.12,284.62,285.27,287.97,285.37,292.44,290.73,281.75,282.33,284.95,292.91,288.72,293.2,292.7,305.33,306.11,306.72,305.46,308.87,304.26,305.2,310.09,310.37,312.75,311.94,308.89,307.89,306.88,311.17,307.29,306.57,311.83,306.51,306.8,311.35,306.14,300.5,298.88,295.55,300.07,298.81,296.45,297.22,295.26,293.67,300.21,303.84,305.44,295.75,295.75,295.2,295.27,295.27,296.56,304.44,309.6,310.78,309.01,309.03,308.88,315.55,318.84,324.02,331.5,324.16,326.75,327.21,329.77,334.76,327.5,327.2,326.68,325.01,331.77,334.11,337.09,330.13,330.81,335.77,332.5,325.75,344.05,341.11,335.05,337.37,337.3,344.25,345.42,347.5,352.58,354.15,343.78,345.37,349.7,350.84,353.87,358.2,354.95,353.33,356.5,358.6,361.3,361.52,361.45,360.96,359.27,355.65,351.55,350.37,352.82,353.07,354.6,352.23,354.22,354.77,354.12,353.79,356.39,355.2,
KC=F,286.55,290.7,290.6,297.6,299.6,299.1,292.0,299.7,292.75,297.75,302.05,297.35,306.2,297.4,300.95,307.45,311.45,306.6,300.0,291.65,292.8,291.05,292.25,294.15,285.55,284.3,289.75,291.8,298.3,297.75,300.1,293.2,288.35,290.6,284.2,298.5,302.9,309.55,303.5,306.35,305.25,299.5,295.95,302.2,307.2,301.1,292.85,289.7,287.0,295.5,296.0,294.45,286.65,279.15,262.85,264.2,266.5,270.7,267.15,268.8,270.95,265.3,259.55,258.15,252.4,246.85,243.3,244.3,242.7,244.7,247.5,252.9,256.2,260.4,271.7,270.5,269.8,273.15,288.0,282.0,285.3,291.1,312.0,310.0,315.65,333.85,331.6,319.0,356.95,343.0,341.4,335.0,334.45,321.3,328.45,328.45,331.95,313.35,308.25,306.4,313.9,328.0,324.35,322.25,320.9,317.25,318.8,321.6,318.3,322.15,326.75,332.5,333.4,331.0,329.05,338.5,344.9,355.0,351.2,359.0,359.65,366.5,356.65,342.9,347.95,343.0,333.0,328.0,320.0,325.75,
KDP,29.55,28.84,28.02,27.72,27.48,27.85,27.33,26.92,27.04,27.51,27.46,26.84,27.04,26.56,26.19,26.14,26.0,26.19,26.0,25.99,25.84,25.53,25.11,24.88,25.3,25.56,25.6,26.16,25.69,25.56,25.56,25.84,26.0,26.38,26.21,26.43,27.12,28.3,28.0,28.47,28.56,28.97,28.76,28.59,28.44,28.28,27.84,28.46,28.55,28.74,29.0,28.91,28.77,28.95,28.81,28.54,28.28,28.66,29.01,29.57,29.77,29.74,29.67,29.92,30.19,30.0,30.21,30.53,30.75,31.53,31.02,31.07,31.29,31.75,30.85,30.63,30.6,29.83,30.99,31.72,32.61,33.13,32.62,33.16,32.91,31.7,31.23,30.78,30.37,30.59,31.16,30.26,29.98,30.39,30.7,30.38,30.19,30.17,29.56,29.53,29.72,30.77,30.96,30.87,30.89,30.79,30.46,30.48,30.23,29.45,28.88,28.66,28.95,30.01,31.14,30.03,30.35,30.66,31.0,31.6,32.19,31.79,31.74,31.72,31.96,31.6,31.8,31.93,32.45,32.51,
KHC,24.0,23.785,23.895,23.48,24.18,23.64,22.98,22.27,22.285,22.48,22.75,21.995,21.715,21.51,21.08,21.035,21.275,21.47,21.53,21.99,22.155,21.95,22.14,22.74,23.15,22.77,22.708,23.01,22.125,21.98,21.78,22.02,22.4,22.12,21.86,21.77,21.75,21.77,21.81,22.015,22.24,22.39,22.26,22.24,22.015,22.68,22.95,23.445,23.095,23.015,23.1,23.14,22.91,22.82,23.005,22.94,23.18,23.53,23.695,24.07,24.4,23.87,23.45,23.235,22.61,22.36,22.15,22.42,23.305,23.44,23.97,24.085,23.965,23.52,22.96,22.754,22.005,22.235,22.55,22.94,23.55,23.71,23.6,24.02,25.04,24.48,25.25,24.895,24.58,24.505,24.92,24.79,24.714,25.67,25.745,25.645,25.615,25.87,25.17,25.255,25.7,26.62,27.21,26.25,25.82,26.06,26.14,25.325,24.64,24.87,24.681,24.455,24.1,24.81,25.175,24.68,24.69,24.985,25.31,25.45,25.58,25.18,24.25,24.605,25.11,25.625,25.62,25.84,25.3,24.74,
KLAC,142.652,144.903,139.0,133.2,132.102,141.0,145.4,139.601,140.843,142.514,143.49,145.914,142.029,145.705,151.033,148.17,153.465,144.551,143.526,137.443,140.0,148.38,145.1,151.741,150.728,163.533,166.916,173.218,172.027,176.54,168.051,169.646,174.407,177.0,177.243,177.664,178.853,184.472,186.778,177.266,178.64,164.6,169.5,167.679,171.587,175.926,174.6,180.5,184.359,174.3,179.49,183.064,180.256,173.622,169.028,177.3,182.317,186.173,191.433,194.501,189.138,191.146,188.6,195.0,201.954,203.401,192.773,200.356,199.55,212.256,220.628,236.0,251.11,237.12,237.66,250.5,262.38,240.56,235.0,243.51,243.09,249.32,279.03,259.8,228.01,231.16,210.86,214.3,228.0,222.13,218.89,226.29,216.47,216.72,204.58,206.92,214.23,210.27,212.86,207.44,195.56,186.75,169.81,178.86,179.65,174.6,188.13,191.22,185.77,195.05,192.47,195.0,205.22,207.0,200.86,202.48,191.78,185.38,184.55,182.11,176.45,180.71,179.7,180.85,174.7,174.17,168.07,167.56,167.05,173.46,
KO,78.56,77.75,76.5,76.35,76.53,77.1,76.6,76.9,77.19,77.74,77.45,75.85,75.53,74.39,74.55,74.63,74.07,74.65,74.7,75.72,75.51,75.26,76.12,76.22,75.63,75.32,76.37,77.31,75.83,75.8,74.72,74.9,74.8,75.36,74.62,74.55,75.16,76.17,75.4,78.08,78.19,78.33,78.04,77.73,77.74,78.57,78.1,78.12,77.84,78.28,79.84,79.91,80.45,80.39,81.26,81.52,80.72,80.92,80.24,80.8,80.34,78.91,78.43,78.25,78.11,76.81,77.48,79.1,79.38,82.12,82.49,81.87,80.25,79.84,78.99,78.74,79.06,79.83,80.56,79.97,80.7,82.21,81.01,80.96,81.4,82.32,83.64,83.27,81.71,82.41,83.67,83.08,82.23,83.28,80.83,81.3,81.32,81.96,80.88,80.9,82.5,86.25,88.64,87.21,86.82,86.63,85.16,86.19,86.42,86.19,86.43,86.11,85.66,86.91,87.2,86.85,87.88,88.59,89.73,90.32,91.45,91.3,90.0,88.96,89.07,88.6,87.81,87.73,88.01,87.85,
LIN,491.59,497.34,488.55,479.69,478.83,474.63,471.14,477.53,492.62,490.89,493.23,488.38,483.46,484.34,477.33,473.44,481.95,491.15,486.43,494.85,491.91,488.49,494.37,497.27,490.19,482.77,497.53,499.73,502.79,494.66,490.89,495.05,488.0,492.52,492.32,493.94,498.1,501.76,506.52,509.0,503.46,499.66,502.0,492.51,490.4,497.07,493.51,492.26,493.85,496.74,503.68,508.29,504.13,504.65,504.8,499.97,505.75,514.98,512.69,507.69,498.58,495.33,488.88,490.44,496.14,504.51,507.02,499.95,506.36,504.97,512.0,517.19,517.77,513.57,511.41,511.16,507.12,508.73,514.4,513.8,518.36,506.78,511.57,517.0,532.96,531.2,535.36,526.2,519.01,523.48,521.48,521.0,513.4,510.67,511.7,510.94,502.86,505.1,502.1,504.89,506.47,509.99,505.14,502.62,466.88,476.41,478.5,488.72,489.35,486.2,487.02,489.98,478.75,475.75,477.13,473.05,477.71,478.0,479.37,482.47,485.0,485.12,488.01,481.0,486.7,486.45,482.16,485.52,480.05,476.48,
LLY,995.07,993.66,965.6,966.09,980.58,994.0,990.3,973.16,978.0,975.51,925.25,905.11,910.86,899.29,907.23,895.61,909.09,896.29,877.11,883.11,892.14,925.99,930.02,919.78,898.45,933.13,939.29,935.54,927.17,915.04,888.03,898.15,917.8,912.5,881.11,902.23,911.89,871.73,868.04,863.35,850.51,896.8,943.8,951.76,964.41,983.5,967.1,947.51,943.26,971.18,992.0,996.01,997.41,978.87,984.6,1003.69,1022.0,1047.0699,1060.36,1069.9,1092.01,1089.01,1071.6,1052.15,1053.51,1101.62,1131.03,1143.6,1137.75,1133.53,1125.64,1132.8101,1112.01,1115.5,1104.9,1088.66,1093.15,1079.22,1100.98,1114.0,1128.0,1203.14,1190.2,1173.9301,1180.3,1183.34,1222.77,1204.16,1200.37,1178.3199,1166.01,1140.74,1134.4,1141.2,1151.01,1144.4301,1139.0,1153.5,1141.78,1187.5,1183.45,1205.01,1204.8,1153.14,1119.0,1109.15,1109.16,1138.4301,1173.5,1161.2,1184.41,1209.53,1191.08,1206.0,1171.2,1163.5,1194.01,1240.54,1243.23,1230.0,1230.95,1229.79,1180.01,1171.71,1162.9301,1147.0,1156.85,1158.0,1137.5,1138.3101,
LMT,657.56,652.54,647.23,656.4,657.35,646.2,644.13,646.63,640.5,639.0,632.79,636.45,623.75,622.37,610.63,605.0,612.42,619.8,613.66,593.88,598.7,606.11,616.01,621.37,625.82,605.5,623.09,607.16,615.01,609.06,607.34,601.41,588.41,578.23,568.84,550.19,522.26,503.6,511.91,507.56,501.95,507.9,512.12,512.0,507.49,500.31,503.03,504.5,502.45,512.5,510.79,515.25,514.73,512.76,523.48,517.0,517.02,524.0,529.0,524.25,531.14,527.95,515.88,510.1,510.54,514.14,519.95,516.85,518.87,524.81,528.26,538.31,528.59,527.01,528.9,505.18,490.05,496.53,491.49,494.25,503.9,501.75,498.3,514.35,529.0,535.17,531.77,525.35,515.55,513.81,517.26,514.87,512.78,511.31,507.68,507.74,487.15,512.0,545.0,568.59,578.0,576.73,568.74,556.55,570.89,579.03,578.3,577.13,577.81,577.0,589.72,592.89,588.01,596.48,599.11,593.56,600.07,589.04,569.54,563.07,558.53,555.27,556.45,560.02,560.72,558.4,541.55,530.15,527.28,524.03,
LOW,251.3,255.49,252.63,248.11,243.59,247.32,246.26,238.82,236.99,239.39,239.52,230.35,226.17,224.15,230.16,228.45,233.38,233.87,229.29,231.12,232.44,235.06,228.0,228.88,229.32,242.61,238.18,243.64,241.23,244.56,242.87,241.76,246.29,248.01,250.67,243.76,244.02,243.13,242.1,238.99,231.27,233.9,233.07,223.6,223.0,228.94,230.51,228.15,224.5,224.13,218.09,221.23,218.22,217.33,213.5,208.0,214.57,213.57,211.05,214.63,214.5,214.15,207.55,204.51,203.4,206.89,207.45,207.91,208.7,214.78,215.7,219.28,219.99,221.56,216.46,219.49,213.9,212.14,215.34,220.11,220.98,219.05,216.6,220.7,221.18,218.56,219.35,212.34,212.08,211.41,206.76,207.55,207.54,209.6,208.42,203.62,201.88,202.21,199.4,201.96,209.31,215.72,213.74,208.53,206.02,207.66,211.03,217.08,216.26,218.32,217.0,218.94,214.2,215.36,215.84,213.56,214.62,212.38,212.38,215.13,215.45,213.27,210.21,205.78,205.7,204.6,199.39,199.34,199.35,200.51,
LRCX,215.79,219.0,208.13,198.45,194.08,210.88,214.0,208.0,211.23,215.95,218.55,222.98,215.0,222.05,227.07,230.16,227.36,211.38,209.0,198.6,203.01,215.0,208.8,216.53,216.5,241.49,247.35,259.33,260.85,264.9,255.48,259.18,262.42,262.54,256.71,257.4,253.28,266.88,256.31,243.04,241.6,248.66,250.12,254.95,266.64,285.85,283.14,287.52,292.51,277.77,287.18,293.01,276.48,273.08,263.71,277.52,291.8,303.18,309.65,314.28,308.74,316.81,307.04,320.86,332.13,324.71,302.74,315.0,306.01,318.95,336.2,354.89,382.39,368.77,373.24,386.9,392.08,365.26,361.41,372.3,374.31,379.1,414.01,381.0,342.48,348.27,313.1,322.72,350.06,338.13,326.9,338.88,319.79,315.16,298.65,305.26,313.29,310.55,314.35,301.68,278.45,258.53,250.5,294.25,292.93,276.84,306.16,305.36,293.65,303.83,305.5,309.35,323.5,324.01,326.56,333.4,317.41,305.08,302.95,303.85,297.78,307.86,308.05,310.44,301.05,298.77,286.59,284.4,278.04,297.38,
LULU,168.54,172.14,170.07,165.88,163.45,166.34,162.73,157.95,156.64,156.78,158.87,156.81,161.33,161.21,162.6,160.29,156.83,151.23,143.96,145.37,148.0,150.8,152.85,153.63,151.71,158.17,157.31,162.8,156.55,158.47,160.35,162.21,165.0,164.7,165.61,161.21,141.33,141.78,143.77,142.23,136.91,136.9,133.55,128.93,127.8,129.61,132.19,131.07,126.1,123.51,121.15,120.51,119.06,118.38,118.06,116.63,121.2,124.9,125.21,130.53,127.11,129.06,131.13,126.41,123.45,123.67,109.36,113.9,115.76,118.02,115.88,118.5,115.92,115.3,111.7,110.27,104.44,105.21,110.17,110.56,111.36,112.8,111.25,114.0,116.4,112.92,113.5,110.9,111.31,117.16,119.24,115.86,116.57,114.34,115.66,115.0,113.39,112.43,109.2,110.55,115.76,118.48,118.04,115.11,117.87,120.54,120.86,122.6,122.01,124.0,125.02,123.6,120.7,118.77,117.95,114.91,115.61,119.01,114.69,116.9,120.31,117.12,115.87,114.9,116.35,118.2,117.25,118.55,117.89,97.99,
MA,513.0,520.28,512.75,512.2,509.11,511.0,502.72,496.29,495.4,498.62,506.5,487.92,487.31,491.01,500.38,493.24,494.56,499.05,480.5,487.0,490.58,485.65,487.75,491.18,495.67,505.86,497.76,495.67,495.0,506.69,513.2,517.01,518.74,514.54,510.17,505.72,498.37,495.63,500.76,507.24,520.89,498.96,492.15,493.88,493.26,489.73,492.7,491.73,492.01,499.75,490.32,488.01,492.33,490.95,498.5,490.8,490.07,497.32,492.06,492.51,486.35,492.84,488.65,477.68,464.52,477.46,484.0,483.7,482.0,486.5,484.39,484.54,486.66,489.51,492.4,488.91,483.14,484.42,486.22,488.65,488.58,502.5,507.14,513.42,526.07,522.68,530.0,517.21,515.11,519.65,530.71,532.06,529.08,539.69,540.23,538.01,536.85,530.73,523.61,529.69,542.02,557.43,554.92,567.63,563.42,570.78,564.0,568.6,566.37,561.62,559.36,560.0,556.06,557.7,564.44,561.26,563.18,570.33,571.8,573.04,584.22,595.35,594.71,588.11,592.08,588.38,580.88,583.7,583.81,578.71,
MAR,320.56,333.07,326.53,316.12,311.2,323.78,322.95,315.37,313.46,316.97,325.56,322.2,320.06,317.31,325.46,321.96,322.25,323.59,316.54,317.81,321.17,325.31,324.89,328.0,326.76,346.04,344.53,352.02,348.0,357.79,360.87,361.23,368.97,374.51,373.14,366.53,363.55,364.0,358.38,356.96,349.05,355.1,354.67,345.38,347.39,352.8,350.49,352.33,348.15,349.43,346.26,351.49,350.95,352.95,354.36,356.58,361.4,367.3,368.76,378.57,381.62,373.29,370.58,373.16,371.28,380.64,386.45,388.39,389.38,385.16,386.2,396.98,399.26,387.5,393.72,394.9,383.2,381.43,382.17,377.92,372.81,373.81,367.38,365.45,366.97,371.64,380.0,369.73,366.46,372.78,361.73,359.96,363.61,368.33,363.52,364.63,365.05,366.75,360.71,364.25,377.53,374.55,375.62,371.09,372.63,344.13,340.81,347.78,356.01,353.46,344.71,347.27,348.88,350.98,349.74,353.0,355.66,357.18,354.57,354.19,357.26,357.43,355.07,353.77,350.81,341.14,333.74,332.24,331.14,334.22,
MBG.DE,,,55.47,54.23,53.54,54.9,54.63,54.21,53.85,53.75,53.45,53.43,51.6,50.86,49.795,51.26,51.91,51.61,51.24,51.17,51.56,52.27,52.1,,51.87,54.02,52.61,53.08,53.02,54.73,54.14,53.35,50.41,51.26,51.15,50.37,49.985,49.56,49.36,49.005,48.17,47.395,,47.78,47.65,48.8,50.32,49.905,49.51,49.745,49.99,50.93,50.09,49.12,49.485,48.935,49.285,49.65,50.52,51.03,51.7,52.04,51.14,50.91,49.72,49.06,47.86,47.15,47.705,47.025,46.885,47.76,49.1,48.36,46.23,43.965,44.245,44.86,44.26,44.37,43.185,42.625,42.81,43.51,43.945,45.245,45.695,44.035,43.66,43.71,43.82,43.94,44.61,45.765,45.51,44.82,44.67,44.44,44.2,43.965,44.865,46.355,45.825,46.655,46.425,47.185,47.13,47.26,46.7,46.47,46.505,46.515,46.045,45.425,45.485,45.29,45.065,44.855,44.385,44.78,44.655,44.615,44.52,44.105,45.755,46.675,46.015,46.095,45.81,47.155,47.12
MCD,327.7,329.61,324.12,321.32,324.58,326.71,322.42,322.01,324.48,326.51,326.12,315.24,309.33,307.62,308.05,304.78,308.11,308.8,305.33,307.64,307.54,304.0,303.03,305.81,304.22,303.1,303.99,304.18,302.1,301.53,303.0,304.57,307.2,305.95,300.97,299.83,301.92,299.22,290.19,291.03,289.3,290.23,286.36,283.69,283.02,282.4,282.15,274.83,271.98,274.77,273.24,274.3,275.02,275.15,280.29,276.4,279.95,280.41,278.71,279.85,277.52,277.42,273.4,272.95,273.29,271.85,274.4,277.15,276.04,282.3,281.04,284.03,283.6,285.09,282.97,277.93,270.08,270.51,271.22,264.53,264.55,265.6,267.39,268.9,269.86,273.58,281.38,276.24,272.92,272.5,271.33,268.32,264.09,265.99,267.19,266.26,263.65,261.85,260.96,262.9,266.8,271.63,270.25,266.31,265.52,265.23,264.31,269.01,271.76,273.29,270.36,271.32,268.76,272.15,271.27,265.14,266.84,266.09,266.91,268.11,270.59,267.98,266.11,259.85,260.32,263.39,260.74,260.18,256.12,255.49,
MCHP,70.71,69.34,66.91,64.19,61.68,64.58,64.62,62.35,61.39,63.2,64.09,64.0,62.43,62.12,64.24,63.7,64.83,63.97,61.58,59.31,61.18,64.51,62.62,65.81,65.75,69.73,69.53,70.83,71.12,73.02,72.9,74.01,77.76,78.42,80.24,81.09,85.46,87.91,85.28,83.95,87.11,89.12,91.91,93.62,94.17,98.0,99.59,96.82,96.57,94.42,96.06,95.27,93.72,91.13,90.0,91.81,89.16,90.64,95.22,94.72,93.64,93.99,90.23,94.16,94.36,94.58,87.56,89.62,85.28,87.55,88.73,91.9,98.0,95.57,93.92,97.81,101.1,92.07,89.78,91.84,86.84,85.06,88.02,88.62,82.85,86.6,81.6,83.14,87.71,86.52,83.88,86.39,83.58,80.85,78.0,80.33,81.52,81.84,80.19,78.03,75.56,74.88,71.24,73.25,74.18,72.58,77.5,77.0,74.22,80.68,81.14,80.67,79.3,77.6,77.27,79.37,75.65,76.97,75.68,75.06,72.77,73.13,72.91,73.71,72.67,72.75,70.45,70.67,70.85,73.21,
MDB,229.6,245.74,249.87,258.02,263.0,262.15,266.64,259.2,256.65,260.89,265.0,267.89,264.0,258.6,268.0,253.44,240.55,240.72,230.01,232.61,235.105,244.77,241.38,247.285,248.47,246.7,229.03,215.68,224.62,232.422,231.0,246.545,250.04,257.15,261.0,265.1,250.07,240.62,251.371,256.32,251.573,244.88,260.21,259.79,260.0,255.62,289.13,282.05,289.72,305.82,296.27,292.46,301.26,309.4,331.01,323.59,312.73,318.05,303.8,292.72,316.2,303.97,345.5,385.44,364.37,369.0,350.11,344.14,325.217,331.56,338.59,340.5,346.5,344.0,331.69,314.558,309.25,313.19,300.84,290.57,293.67,320.51,332.16,342.41,349.202,345.66,359.09,350.14,345.0,339.395,333.4,315.82,329.24,318.115,311.0,310.86,305.12,297.37,296.3,291.79,303.565,295.37,309.01,318.17,325.0,341.75,356.56,373.0,355.0,380.43,393.81,418.124,428.0,442.75,455.19,437.23,430.67,425.29,418.897,415.01,401.0,397.72,388.08,419.035,440.09,441.52,430.525,371.0,375.5,365.9,
MDLZ,58.7,58.18,57.66,57.35,57.43,56.55,54.68,54.31,54.47,55.3,57.5,56.27,55.83,56.01,55.92,56.29,56.24,57.52,57.28,58.21,56.77,56.51,56.73,57.35,57.45,57.22,58.08,58.6,57.42,56.98,56.34,56.07,56.85,56.82,56.0,55.79,56.18,57.07,57.3,57.6,59.77,60.8,60.81,60.93,60.26,61.33,60.78,61.25,60.88,61.06,60.78,60.83,60.3,60.45,61.04,60.78,60.9,61.42,61.22,61.44,61.79,61.09,59.95,60.83,61.11,60.7,61.13,61.54,61.57,62.95,63.29,62.24,61.4,60.87,60.02,59.77,59.45,60.38,61.39,61.11,60.43,59.37,57.78,58.15,59.57,58.88,59.73,59.16,58.25,57.82,59.42,58.67,57.87,59.23,60.65,59.69,59.1,60.01,59.57,59.85,60.07,61.95,63.79,62.48,61.97,61.34,60.65,61.37,62.4,61.94,61.11,60.85,60.93,62.57,63.3,62.07,62.6,62.82,63.63,63.95,64.29,62.86,62.79,62.12,61.67,61.83,61.42,61.29,60.98,60.91,
MDT,95.99,95.42,92.32,90.17,89.01,89.15,87.99,87.31,86.72,87.25,88.16,87.06,86.51,85.78,86.36,86.16,86.34,87.3,86.35,85.65,84.92,85.4,85.21,86.07,85.31,86.91,87.3,87.07,86.41,87.43,86.45,85.51,85.55,84.99,81.96,82.66,82.87,82.78,82.86,81.25,78.91,78.98,79.97,78.29,77.39,77.16,77.64,75.91,74.4,74.6,75.4,75.94,75.85,76.03,76.74,77.35,76.98,78.21,77.47,75.84,75.3,73.67,73.77,73.31,76.27,79.87,81.11,79.96,80.6,80.16,79.8,79.26,79.98,80.6,77.62,78.45,78.3,79.58,80.07,80.17,79.71,80.56,78.14,78.6,79.9,81.41,83.73,81.87,81.1,82.56,83.53,78.97,79.46,81.19,82.71,82.8,81.49,81.52,81.5,82.41,83.21,86.15,86.32,85.08,83.84,85.81,84.95,85.01,85.68,84.96,86.72,88.7,88.5,90.41,90.41,90.08,91.47,91.95,92.23,91.73,92.66,91.11,90.75,89.96,89.94,90.04,90.8,91.47,90.97,92.31,
MELI,1660.2,1727.0,1765.0,1738.55,1721.41,1723.7,1726.46,1631.1801,1645.91,1681.0,1711.0,1686.99,1648.51,1631.1801,1637.21,1606.21,1617.25,1620.0,1593.21,1598.23,1631.02,1692.3101,1684.09,1694.0,1691.91,1765.4301,1744.1,1756.87,1761.11,1836.34,1843.04,1808.6,1832.5,1835.01,1851.0,1843.96,1792.3199,1799.72,1832.01,1778.34,1738.0,1761.4399,1799.4301,1813.1899,1778.27,1825.0,1839.55,1623.0,1536.71,1541.14,1495.0,1541.6899,1538.11,1528.67,1572.92,1587.21,1615.5,1650.13,1616.47,1644.51,1681.0,1679.02,1681.25,1662.72,1629.52,1616.0,1604.0,1582.4301,1600.12,1579.25,1546.0,1565.98,1617.42,1652.61,1630.0,1608.09,1588.01,1566.0,1579.0,1613.83,1600.0601,1682.4,1657.01,1713.58,1749.0,1756.33,1793.46,1764.6801,1760.9,1810.0,1855.0,1842.04,1819.67,1840.0,1789.0,1805.0,1797.96,1773.6801,1771.17,1797.28,1818.51,1839.14,1842.76,1828.89,1851.79,1875.99,1864.5601,1909.11,1766.05,1800.01,1806.51,1830.27,1827.0,1815.01,1832.01,1767.51,1759.21,1771.0,1885.33,1911.01,1918.0,1929.0,1948.4,1906.0699,1939.95,1922.38,1900.0,1949.61,1985.08,1966.0,
META,638.84,657.67,650.31,636.11,626.78,649.0,648.36,636.9,609.55,623.1,621.7,614.61,602.26,587.25,599.01,591.0,593.4,543.35,520.26,528.54,546.77,573.82,559.7,572.0,564.76,591.83,623.0,624.33,624.4,639.37,664.22,667.75,675.13,668.0,667.33,669.75,653.05,653.84,670.84,665.63,663.81,600.0,606.11,602.75,600.36,598.1,613.54,606.06,598.08,592.6,596.66,615.0,609.31,603.69,600.55,597.81,594.81,606.95,605.3,609.0,629.31,623.35,599.53,596.68,600.27,622.43,582.91,579.22,581.01,570.6,557.01,560.9,579.3,592.0,566.19,563.1,559.81,561.02,555.55,540.18,540.4,558.0,551.43,595.1,580.42,581.76,603.66,598.01,577.07,658.01,654.2,649.05,656.66,660.16,626.0,636.01,643.2,624.0,597.22,594.45,593.13,587.0,582.22,524.49,540.22,559.36,578.25,580.12,586.0,585.62,592.03,593.4,578.21,579.39,589.29,564.75,543.21,537.27,539.31,543.23,546.3,561.4,561.88,567.62,571.0,569.14,556.1,577.0,604.35,605.27,
MMM,156.84,158.77,154.8,151.76,147.72,151.61,152.91,148.27,150.4,148.13,148.0,144.1,141.12,139.34,143.18,144.9,146.47,143.71,142.66,141.76,141.78,145.17,142.15,143.51,142.64,147.02,147.68,149.7,148.71,152.38,150.09,150.43,151.91,151.02,146.86,144.75,143.59,144.0,144.66,143.75,143.37,143.83,142.2,141.39,142.32,144.48,143.47,142.8,142.88,142.02,146.02,144.68,144.38,146.5,148.36,147.55,147.32,151.7,152.05,154.65,151.24,151.78,148.4,149.18,151.51,152.43,152.69,152.25,153.66,151.72,155.14,156.27,157.21,158.42,158.87,159.91,160.52,161.0,161.58,166.62,163.37,161.76,160.91,159.22,159.61,156.05,156.43,153.56,154.6,155.4,156.76,155.92,157.0,159.12,159.73,159.01,169.0,169.73,168.32,169.46,173.52,178.98,177.55,173.96,174.93,176.13,176.6,181.09,179.46,179.17,181.01,181.76,181.39,180.49,181.36,179.66,179.01,179.9,177.9,178.02,178.23,178.61,178.54,176.91,173.57,171.66,169.52,168.08,165.8,167.55,
MNST,39.17,39.035,38.255,37.65,36.675,37.64,37.735,38.175,38.31,38.455,38.435,36.89,36.805,36.625,36.875,36.44,36.11,35.91,35.81,35.49,35.43,35.935,35.87,35.91,36.04,37.035,37.245,37.7,37.295,37.28,36.93,37.275,37.68,38.1,37.55,37.77,38.16,38.615,38.405,38.53,38.065,38.35,38.38,37.3,37.425,38.15,37.69,41.565,41.63,42.405,42.64,42.6,42.94,43.43,43.09,43.005,42.735,42.93,43.34,43.97,43.85,43.71,43.91,43.615,43.92,44.15,44.39,44.175,43.955,45.045,45.6,45.8,45.725,46.245,45.75,45.48,45.75,46.31,46.735,47.115,48.025,48.11,47.55,48.315,48.735,48.04,47.855,47.55,47.365,47.93,48.265,48.54,48.645,48.785,48.285,47.68,46.89,47.2,46.56,46.475,47.0,48.51,48.48,47.915,48.14,46.32,46.215,46.93,46.405,44.75,45.075,45.16,45.05,46.05,46.17,45.32,45.78,47.21,46.96,47.22,48.09,48.34,47.79,46.44,46.38,45.78,44.89,44.04,43.97,43.65,
MO,67.53,67.64,66.16,65.95,66.04,66.28,65.66,65.6,67.66,67.53,66.71,65.05,64.95,64.08,64.08,64.27,62.87,63.96,64.95,66.25,65.8,63.68,65.52,65.32,66.17,64.36,65.8,66.9,66.39,64.9,64.29,64.26,64.08,64.21,64.12,64.65,65.38,66.29,65.5,66.82,67.4,70.25,72.72,72.86,72.71,70.16,69.0,68.07,68.03,68.68,69.9,71.48,72.24,72.7,73.1,73.13,73.3,73.48,71.8,71.98,71.75,69.45,68.43,68.23,69.31,70.36,71.15,71.28,70.34,71.73,71.36,71.14,69.19,69.44,68.53,68.07,69.01,70.33,71.13,71.17,72.85,73.14,71.72,71.09,71.95,71.27,72.38,72.66,71.32,70.76,71.59,69.9,69.87,70.94,73.6,73.84,72.92,72.17,71.56,72.2,71.92,74.06,74.61,67.63,66.83,67.7,67.52,67.56,67.5,67.15,65.41,64.51,64.34,64.72,64.72,63.92,64.62,64.95,65.99,65.77,66.7,67.6,68.33,67.41,67.7,67.94,69.07,68.31,69.3,68.71,
MRK,118.61,117.86,114.45,113.82,114.11,116.67,115.29,114.3,115.53,114.22,114.38,113.35,113.75,112.72,114.77,114.02,116.8,118.65,118.6,117.22,118.77,120.27,119.22,120.04,116.5,117.94,121.35,120.95,119.06,118.15,116.64,114.71,115.56,116.75,111.91,111.54,113.1,111.5,110.14,109.71,107.9,108.63,111.88,110.75,112.83,112.74,111.1,111.18,111.01,111.39,112.04,112.57,110.94,110.97,112.13,112.9,112.09,120.08,119.41,119.78,119.36,118.19,114.36,114.5,114.7,117.09,120.36,118.69,118.0,117.26,119.95,118.83,114.87,113.57,114.02,111.57,113.0,116.53,119.51,121.0,125.83,126.74,126.68,124.71,125.99,125.62,127.89,125.14,124.45,122.9,122.44,120.16,122.75,124.0,127.03,124.22,124.1,126.62,127.82,130.24,130.45,131.14,129.65,127.25,128.14,126.72,126.22,127.56,127.8,126.68,128.24,129.7,128.91,133.06,133.4,134.55,134.88,144.9,148.52,148.59,149.14,150.66,152.61,149.02,145.75,145.95,148.55,149.97,148.9,150.09,
MRK.DE,,,113.2,109.7,106.65,109.4,109.95,108.9,107.55,106.05,108.05,108.2,106.0,104.05,100.7,102.5,104.2,105.3,104.7,104.8,106.7,108.9,106.55,,107.25,111.7,110.5,111.0,110.25,113.65,116.85,113.95,115.2,116.15,117.5,114.45,111.1,110.25,108.7,107.25,107.55,106.6,,108.25,109.25,111.3,114.25,112.15,112.35,110.95,119.25,120.15,116.55,115.65,117.45,119.6,122.95,127.25,126.95,128.55,127.75,129.95,128.85,129.85,130.5,133.95,136.8,135.3,136.4,136.1,135.4,133.25,132.7,131.4,132.0,131.5,132.1,132.5,135.45,137.5,142.55,145.2,145.95,144.5,144.75,141.9,141.65,139.15,137.7,139.05,138.0,137.15,138.35,136.85,134.3,134.75,130.1,133.45,134.95,138.85,140.35,139.85,143.3,142.85,142.6,142.45,143.3,143.1,142.45,142.8,143.0,139.6,138.75,138.7,135.3,135.7,135.4,136.55,134.95,136.45,137.4,137.45,138.45,137.6,139.45,138.45,139.4,138.1,136.9,135.1,134.2
MRNA,48.09,51.69,52.17,49.22,51.91,52.65,54.81,53.205,51.44,51.635,53.41,51.019,51.01,50.62,50.19,50.34,52.53,52.3,49.48,47.14,47.96,49.58,48.11,48.2,47.397,50.54,50.58,50.02,50.47,50.05,53.26,52.76,52.95,53.015,51.68,54.35,52.61,50.572,48.25,46.75,44.62,45.75,43.68,45.29,45.78,46.73,47.78,48.98,51.39,51.25,49.99,48.71,47.91,47.64,45.625,45.95,46.484,46.77,46.17,46.87,45.89,46.82,44.2,43.9,45.3,48.94,46.38,46.8,45.4,45.67,46.3,49.62,49.84,51.66,54.51,60.73,57.5,58.34,59.85,57.908,59.23,66.3,69.22,68.866,73.68,77.5,77.41,73.34,73.14,67.31,65.54,65.8,65.95,62.8,61.06,59.3,58.61,57.74,56.275,53.85,54.39,53.345,54.16,54.52,54.71,52.66,55.875,55.58,53.71,54.62,58.41,58.6,59.29,62.33,60.82,62.91,62.129,114.46,128.61,132.42,130.0,141.21,145.1,138.54,133.33,133.855,138.09,146.54,142.78,141.52,
MRVL,76.65,77.26,75.24,83.4,84.2,91.62,90.18,87.37,86.82,89.12,90.35,87.17,85.13,86.66,88.74,88.8,94.0,97.22,93.4,86.61,93.05,100.49,101.13,106.0,106.02,110.45,117.83,123.6,128.97,130.84,131.88,128.42,133.16,143.93,147.85,151.09,157.77,158.51,151.09,146.85,151.3,156.36,159.26,162.26,164.58,165.0,158.55,162.9,162.49,157.96,168.91,177.33,173.34,165.1,162.85,182.28,188.2,192.22,200.04,196.25,194.7,199.2,195.12,252.43,294.01,277.56,261.39,281.36,244.0,252.26,258.43,267.31,288.09,278.13,283.32,302.36,298.18,276.25,263.66,263.72,262.0,250.52,275.5,271.35,237.2,249.04,222.94,224.98,241.1,232.02,215.28,218.63,201.22,186.15,177.95,191.99,202.84,200.58,205.02,191.29,181.76,167.32,162.9,175.15,187.12,177.57,208.0,210.29,201.74,205.52,208.51,206.43,216.88,217.18,217.1,226.89,211.1,228.1,234.53,233.28,220.42,235.93,236.79,240.38,215.55,209.53,200.62,203.5,201.1,210.87,
MS,159.95,166.52,160.51,155.35,154.07,159.86,157.85,152.8,153.86,154.79,157.3,156.52,156.53,157.25,164.16,162.23,164.0,162.48,157.33,157.22,159.65,163.2,160.57,165.44,165.29,174.49,174.8,174.7,175.01,181.75,187.92,186.67,188.23,188.02,188.71,189.82,186.9,187.12,187.75,188.66,185.25,184.9,188.77,187.12,187.95,192.17,189.67,190.47,190.04,186.45,189.6,193.41,191.11,191.14,188.94,190.09,196.9,200.63,199.87,197.01,199.68,203.72,206.6,210.26,208.79,211.15,211.16,211.74,206.06,205.83,207.0,212.66,216.85,218.59,221.36,222.89,224.99,222.12,219.81,220.85,211.36,211.69,208.18,206.72,211.55,216.37,219.82,216.1,220.01,220.85,218.75,224.1,221.22,215.79,207.4,210.35,212.25,215.52,213.72,211.21,210.89,207.29,202.94,205.3,208.69,208.01,211.51,217.12,213.54,211.81,214.38,213.52,216.98,217.88,215.3,217.36,215.19,213.56,207.32,209.13,213.22,213.37,211.85,213.5,214.19,212.62,208.91,210.6,213.2,214.31,
MSFT,392.67,400.31,404.4,408.51,403.5,402.93,401.59,401.71,394.25,394.79,397.75,391.0,387.06,380.12,381.68,371.85,369.63,365.19,356.51,356.28,363.07,368.2,364.15,369.5,366.56,371.41,367.05,370.03,371.02,386.52,396.73,412.14,420.69,416.3,417.2,423.67,411.41,415.8,417.07,421.9,420.29,398.01,410.44,410.8,408.8,405.11,418.76,414.0,405.5,406.64,401.03,400.88,412.91,415.61,416.49,411.3,415.71,416.33,413.02,409.58,412.67,432.36,458.27,440.43,424.25,426.41,414.4,408.56,398.48,397.16,384.0,382.27,392.85,390.69,377.32,373.28,367.07,370.67,364.78,349.2,355.43,359.9,367.45,374.89,383.7,381.22,388.22,381.33,373.35,381.5,384.15,378.65,386.4,392.05,389.39,389.65,396.32,386.96,377.39,380.65,387.99,391.3,388.74,432.44,449.33,475.0,479.17,485.68,488.52,498.73,502.27,499.55,491.52,493.01,493.92,478.41,477.15,479.36,479.5,478.53,481.86,484.3,487.31,490.08,504.87,506.39,496.78,493.81,500.8,499.36,
MTX.DE,,,348.2,344.8,331.9,346.6,345.2,338.6,333.0,329.4,330.7,333.5,316.5,305.3,293.2,305.3,316.5,307.2,296.9,294.0,293.9,316.1,310.4,,309.7,329.4,327.8,326.2,318.7,329.5,331.1,326.0,327.2,331.1,311.9,299.1,296.3,287.1,287.4,284.8,282.1,276.6,,281.8,281.1,288.9,312.3,303.8,292.6,289.5,284.1,286.1,273.1,265.2,272.9,273.7,284.5,285.4,302.3,303.1,307.3,311.7,301.1,299.3,290.8,294.7,297.8,289.8,296.4,295.4,296.0,308.6,324.8,323.9,324.5,328.3,331.9,332.7,340.6,354.0,351.3,353.2,357.7,364.8,365.9,372.9,364.2,348.4,354.0,358.5,352.1,343.9,341.9,339.7,337.9,333.7,332.1,337.0,334.0,333.9,345.7,351.0,355.9,351.1,353.5,367.0,363.6,374.0,372.7,366.0,366.9,372.2,375.0,375.8,379.5,379.3,371.2,364.5,359.2,351.5,352.4,355.1,352.7,357.4,357.1,350.4,340.6,340.3,337.3,343.3,345.6
MU,374.55,387.61,380.3,367.45,357.67,393.64,405.79,396.67,413.0,437.75,445.14,458.3,421.11,415.36,401.52,388.91,371.38,350.0,354.06,318.4,311.49,343.0,340.2,370.61,364.1,398.88,398.44,410.05,408.5,424.86,439.32,444.38,452.2,435.9,441.3,458.56,471.8,489.36,510.02,488.23,508.8,502.58,510.21,557.76,605.47,627.58,635.42,676.21,768.0,706.6,779.47,775.63,719.0,663.25,652.21,700.66,732.2,747.2,820.3,888.15,904.78,940.51,1009.5,1017.2,1038.5,971.68,864.01,916.5,854.35,883.25,895.5,960.19,1051.5,1020.0,1014.14,1092.79,1168.5699,1038.5,991.1,1136.3101,1121.36,1023.65,1124.66,1032.2,950.28,980.85,891.66,900.41,987.13,954.13,902.6,950.07,873.63,840.51,804.0,858.9,916.57,936.06,964.4,904.0,854.79,789.09,737.88,789.0,818.0,770.1,858.5,881.2,827.0,847.02,854.4,844.62,899.54,906.5,956.2,995.26,926.64,915.18,929.07,958.26,887.61,916.3,924.6,906.89,909.09,930.79,922.39,927.16,918.88,969.0,
MUV2.DE,,,528.2,520.4,519.2,529.0,523.8,523.6,530.0,534.2,538.8,538.6,527.6,520.8,509.6,515.6,521.6,517.2,519.4,521.0,536.0,538.8,536.6,,545.6,542.6,549.2,549.4,547.0,552.8,556.4,559.8,560.2,561.0,563.0,556.0,549.2,548.2,537.4,541.2,521.4,503.0,,505.2,505.2,512.4,510.2,501.2,494.4,462.0,461.1,462.1,468.7,470.4,482.4,478.6,474.2,468.0,470.3,467.1,456.6,450.6,442.2,437.4,437.9,438.0,443.5,446.0,448.6,453.9,457.2,457.5,459.4,461.6,458.7,461.7,468.2,469.7,470.7,475.7,472.0,475.1,484.0,483.7,493.0,495.0,499.4,497.3,498.7,498.6,505.2,506.2,504.4,505.0,513.0,510.8,500.0,501.2,493.7,500.6,513.0,520.8,516.4,519.8,517.0,518.2,514.0,514.2,514.0,495.0,508.0,509.4,510.0,508.6,509.6,513.2,516.2,512.2,507.8,512.6,512.4,515.6,515.0,511.4,512.8,516.8,519.6,519.8,523.4,524.0,511.8
NEE,90.33,91.63,89.9,90.01,89.65,91.06,91.1,90.81,92.31,92.24,92.27,90.61,90.3,89.17,90.15,90.05,91.07,90.57,90.7,91.5,91.36,92.24,92.74,92.53,92.16,92.02,93.97,93.92,91.93,90.58,89.98,90.57,90.46,91.57,90.56,89.9,92.32,95.14,94.77,95.15,93.66,94.44,96.68,94.98,95.3,95.02,92.72,92.58,94.0,93.6,93.32,94.21,92.7,86.63,87.36,88.09,88.46,87.95,87.53,86.93,87.03,85.69,83.57,84.11,84.52,84.27,84.61,83.98,83.38,84.51,84.73,84.88,85.07,85.87,85.28,85.67,86.02,85.66,86.37,86.84,87.65,86.95,87.43,86.32,86.35,87.16,88.01,87.34,86.84,87.07,87.68,88.8,88.45,88.73,88.42,87.7,87.45,88.34,88.6,88.43,88.29,89.11,88.0,86.86,86.92,85.71,85.48,84.97,83.94,83.49,83.65,84.38,85.26,85.46,85.83,85.51,86.09,85.59,84.6,83.54,83.24,83.3,84.03,82.78,81.33,80.75,82.28,82.05,83.29,83.23,
NFLX,95.33,96.99,98.1,97.4,96.58,96.29,94.69,93.87,94.24,94.36,94.01,93.61,90.78,90.69,91.86,90.82,91.24,91.01,92.74,92.22,93.03,94.26,95.17,97.97,98.25,97.44,99.08,101.46,102.06,103.04,105.04,106.62,95.1,93.54,92.37,92.77,92.07,91.8,91.3,90.02,90.86,90.77,91.9,90.89,87.57,86.72,88.13,87.21,85.1,85.81,86.28,86.65,86.69,86.33,88.69,87.5,87.52,88.17,87.25,86.82,85.59,85.66,85.32,83.29,81.1,81.37,81.0,81.34,81.34,80.98,80.09,79.28,80.46,77.71,76.76,76.12,71.81,72.63,71.63,70.86,71.53,73.73,71.0,72.33,74.91,75.71,76.1,74.89,74.02,72.51,73.71,72.28,73.13,72.94,65.08,66.69,66.73,68.35,67.67,67.97,69.86,71.23,71.75,70.55,71.11,72.18,72.3,73.16,73.1,73.08,73.57,74.48,73.57,75.44,77.76,75.47,76.34,78.1,79.59,79.17,79.02,79.4,81.3,79.28,79.95,80.65,79.6,80.3,81.63,78.23,
NG=F,,2.891,2.92,2.951,3.021,2.961,3.019,3.145,3.109,2.992,3.006,2.923,3.103,3.045,2.875,2.876,2.864,2.918,2.965,2.851,2.803,2.785,2.779,2.769,2.756,2.702,2.655,2.628,2.615,2.561,2.57,2.588,2.623,2.672,2.643,2.676,2.568,2.495,2.505,2.483,2.615,2.592,2.746,2.752,2.76,2.69,2.676,2.735,2.751,2.804,2.813,2.798,2.894,2.967,3.006,2.985,2.98,2.888,2.859,2.857,3.057,3.272,3.16,3.099,3.143,3.211,3.208,3.097,3.117,3.072,3.054,3.031,3.017,3.127,3.121,3.125,3.234,3.142,3.136,3.196,3.201,3.163,3.159,3.195,3.151,3.159,3.181,3.203,2.991,2.874,2.847,2.85,2.865,2.823,2.843,2.831,2.839,2.865,2.906,2.859,2.734,2.635,2.62,2.68,2.712,2.71,2.659,2.66,2.616,2.617,2.702,2.745,2.747,2.709,2.71,2.638,2.692,2.77,2.711,2.741,2.716,2.696,2.785,2.85,2.836,2.832,2.851,2.91,2.885,2.902,2.921
NKE,58.62,58.61,57.43,56.76,55.39,55.8,55.41,54.03,53.74,53.98,55.0,53.26,52.59,52.18,52.53,52.27,52.56,51.87,51.2,50.95,51.69,44.56,43.17,43.56,42.36,42.76,42.72,42.4,42.09,42.95,44.71,45.55,45.78,45.57,45.93,45.5,44.24,44.59,44.49,44.75,44.15,43.51,44.22,43.09,42.65,43.2,44.01,43.8,42.39,42.06,41.7,41.99,41.84,41.35,41.81,41.83,43.16,44.21,44.1,45.67,45.56,46.08,45.05,43.51,43.16,43.13,42.79,42.65,43.27,43.31,44.22,44.85,45.09,45.0,44.16,44.24,43.14,42.32,41.31,40.44,40.0,40.77,40.89,40.11,43.6,41.84,42.88,42.07,42.13,43.06,43.67,42.47,42.48,42.9,43.52,42.83,42.75,41.57,40.69,40.89,41.58,42.52,42.4,41.23,41.49,42.06,40.91,41.36,41.85,41.61,41.14,40.83,40.45,40.48,40.71,38.86,39.23,40.37,39.81,40.24,40.68,39.03,38.41,38.17,38.56,39.03,37.97,38.01,37.95,37.98,
NOW,107.51,111.5,114.13,120.18,121.29,114.66,113.6,112.42,111.71,113.8,114.2,113.53,111.95,109.12,109.89,104.32,101.14,100.88,98.34,99.5,104.06,102.01,98.46,100.4,99.5,96.96,88.66,81.24,84.18,87.12,89.2,95.37,96.13,96.81,99.06,101.03,83.58,84.93,87.81,90.13,87.1,85.88,87.87,91.1,89.14,88.21,91.89,88.99,90.47,88.69,86.01,85.44,91.97,97.85,100.77,97.5,98.11,99.43,98.72,98.55,104.6,116.29,131.61,124.12,117.34,119.36,111.56,111.2,103.08,104.73,101.33,98.42,103.35,101.2,95.09,92.45,91.48,94.61,93.42,89.39,90.0,99.47,96.95,101.77,103.84,103.34,109.04,105.4,101.51,105.71,107.65,102.61,104.33,99.31,102.64,98.43,101.05,94.74,91.53,94.87,100.35,106.5,109.5,106.38,106.05,113.7,112.0,115.71,111.8,120.96,123.28,125.16,121.85,121.65,122.17,117.59,117.84,118.51,127.1,127.47,127.59,125.25,121.88,130.25,137.8,141.69,142.06,136.38,140.81,138.8,
NVDA,176.92,180.06,177.88,176.82,175.56,182.01,184.45,181.75,179.94,181.41,181.68,180.33,175.79,171.72,174.76,173.98,176.85,171.14,167.01,164.27,166.96,174.75,171.37,175.76,173.66,180.3,180.62,184.3,185.74,190.77,195.74,195.81,199.27,197.84,199.0,199.0,197.22,199.81,207.38,208.2,207.58,198.7,197.12,194.74,196.03,198.61,206.5,212.89,213.89,214.92,221.57,229.3,224.24,218.37,217.91,220.5,217.93,214.8,212.0,208.78,211.22,211.13,215.7,221.35,214.51,210.97,204.33,206.0,199.34,199.92,199.54,203.44,208.34,207.29,203.08,206.5,207.72,200.0,196.58,192.13,191.22,189.8,195.11,193.45,192.35,193.99,191.14,195.06,198.96,201.92,203.0,203.8,206.04,205.85,197.97,202.28,204.01,204.95,205.96,204.81,195.44,192.74,190.01,191.52,194.95,196.85,209.05,216.4,217.0,220.66,216.77,216.2,220.2,223.71,224.5,224.86,218.69,216.76,215.66,214.5,207.25,210.11,209.23,220.9,216.81,216.21,215.1,218.48,224.75,229.63,
NXPI,213.19,215.15,207.79,201.11,193.02,201.86,198.0,190.17,190.16,191.25,192.93,191.95,188.68,188.83,193.3,190.36,195.98,195.0,190.35,184.68,190.34,195.13,188.75,194.51,191.96,201.48,202.74,203.4,199.01,207.09,206.54,209.48,210.27,213.6,221.7,224.79,231.0,240.66,232.41,228.41,278.07,279.77,285.51,288.29,289.76,291.21,288.48,290.24,291.16,291.01,293.24,291.27,284.78,287.36,285.68,294.61,297.48,300.62,318.0,326.6,324.85,320.3,305.63,317.0,318.71,315.01,295.89,298.05,279.36,284.18,288.39,298.12,313.51,302.75,297.76,306.06,316.0,296.04,288.64,291.69,275.18,268.85,275.8,273.31,267.55,278.29,267.03,271.1,289.03,284.46,277.56,282.44,274.43,266.12,258.54,266.63,270.01,269.16,268.57,267.01,262.17,259.1,239.0,242.15,229.06,218.24,229.16,229.5,226.76,235.37,233.09,233.41,233.17,231.19,231.1,232.24,223.51,225.02,222.6,222.91,217.98,221.26,222.26,223.0,220.55,223.24,217.3,222.22,222.81,225.01,
ODFL,201.74,212.58,208.01,191.14,184.69,192.88,185.06,176.05,176.08,179.93,181.71,179.64,177.91,179.99,187.6,182.89,184.22,186.84,184.46,189.34,189.28,194.67,195.33,196.47,196.64,203.3,206.27,207.55,203.51,205.61,203.89,206.56,213.42,215.69,222.1,219.34,222.24,218.64,219.31,216.89,206.97,207.69,205.37,189.99,193.4,196.57,197.72,196.32,193.8,186.89,187.91,189.62,195.44,201.3,198.96,204.78,203.69,206.13,212.19,218.07,215.9,216.7,218.13,224.09,230.87,238.89,241.01,242.0,241.62,223.63,237.16,241.87,235.02,230.45,217.7,219.28,217.79,217.02,216.1,218.09,217.69,216.85,212.45,213.22,216.1,215.63,214.48,215.17,219.85,222.9,227.57,225.71,223.74,228.0,233.19,229.1,229.58,232.41,227.22,228.0,224.49,225.82,214.79,205.16,210.01,209.56,211.68,213.26,210.02,209.75,211.81,207.65,209.24,214.41,210.15,207.89,207.62,204.55,202.23,204.93,199.35,197.86,196.41,197.17,198.25,196.28,186.43,183.5,179.34,183.32,
ON,62.38,62.17,59.59,56.62,54.99,58.58,58.65,57.36,57.68,59.42,60.18,60.41,58.5,58.28,59.68,59.04,62.71,60.57,57.94,55.03,57.0,61.96,59.72,62.56,61.91,66.38,67.9,68.14,68.81,70.81,71.09,73.98,79.78,81.64,84.75,87.02,92.5,95.95,96.39,92.44,97.34,98.54,99.7,101.49,96.08,100.06,99.73,100.73,102.48,98.66,108.06,112.51,111.77,106.4,104.05,107.0,107.04,110.83,121.06,120.04,119.24,119.45,115.81,123.33,126.15,124.92,116.72,119.83,108.3,108.7,110.76,113.99,121.28,118.05,112.8,117.58,125.19,116.27,111.21,112.16,89.24,86.47,88.72,91.65,89.25,93.0,87.96,89.54,97.68,94.29,90.09,91.82,90.45,86.55,83.35,86.5,88.43,89.31,87.71,85.83,84.58,83.63,78.81,81.67,81.42,78.91,79.5,76.54,75.69,79.72,79.72,80.47,82.51,81.3,81.5,83.28,76.96,76.43,74.5,73.52,70.92,71.63,72.39,73.18,72.05,73.35,71.41,71.66,71.36,73.57,
ORCL,143.05,149.1,150.12,151.62,146.43,148.45,160.58,158.61,154.15,154.51,153.5,152.04,148.89,147.95,150.71,146.85,144.6,142.54,138.3,136.95,139.85,144.67,140.3,143.85,139.94,142.9,136.0,134.57,139.72,161.56,166.21,173.8,173.36,173.51,176.01,182.8,174.08,168.8,167.9,162.05,160.65,160.33,166.15,174.26,179.0,182.67,190.8,190.21,190.6,180.87,185.06,185.45,188.9,183.27,180.93,178.8,187.2,191.1,190.56,187.92,193.38,208.01,224.6,238.84,227.61,224.0,209.45,209.33,197.79,198.18,175.28,179.0,186.21,187.66,182.58,177.7,174.4,164.61,155.35,150.36,148.0,145.2,144.48,142.5,138.83,141.16,137.55,137.55,140.94,139.26,131.35,127.6,128.84,123.66,121.5,120.03,122.21,124.7,119.44,114.75,116.8,114.5,116.2,121.58,125.7,130.21,141.01,142.5,138.72,142.34,146.62,144.24,147.89,151.91,148.8,145.5,142.35,137.43,141.02,142.6,141.25,142.51,146.83,147.52,149.71,147.75,139.95,139.72,146.92,156.71,
ORLY,92.55,92.63,93.06,93.48,93.44,93.9,93.83,92.56,91.04,89.8,89.03,87.09,87.02,86.77,87.52,87.72,88.26,91.25,90.1,89.9,91.09,91.67,90.72,90.29,91.17,91.36,92.45,92.23,92.53,93.1,92.63,92.5,92.66,92.58,92.04,93.41,92.22,91.66,91.91,91.15,90.24,95.84,95.62,93.09,93.78,94.17,94.0,92.91,90.31,90.25,88.82,88.72,88.17,88.65,91.17,90.84,91.28,91.56,86.8,88.25,88.05,86.42,85.45,85.35,85.48,87.32,88.83,88.93,88.3,89.67,89.57,88.48,89.51,89.78,87.79,86.29,84.76,86.48,87.1,86.42,88.05,89.57,90.15,91.69,88.0,82.71,84.83,84.71,83.91,83.8,86.22,85.34,82.59,83.74,85.28,84.45,87.18,86.18,85.31,85.79,88.08,90.82,88.5,86.13,86.65,89.51,88.45,92.19,92.94,91.97,91.51,91.68,91.57,92.02,90.85,89.37,90.6,90.57,87.19,88.35,89.13,90.21,89.35,87.74,87.64,87.91,87.55,86.4,86.8,86.65,
P911.DE,,,38.54,37.64,36.45,36.95,37.2,36.48,36.22,36.55,36.7,36.72,36.24,36.17,35.62,36.84,37.33,36.83,37.58,37.17,37.96,39.03,38.67,,39.17,40.52,40.05,39.67,40.27,42.28,42.88,42.1,41.85,42.14,42.22,41.63,41.39,40.94,40.54,40.51,40.03,40.01,,39.87,40.15,41.75,41.97,41.98,42.85,44.62,44.74,46.46,46.31,44.93,44.37,43.85,45.07,45.8,45.68,45.55,46.16,46.89,46.67,47.15,47.04,47.06,46.73,47.3,47.9,47.07,47.86,49.01,49.77,48.4,46.69,47.26,46.85,46.45,44.0,43.89,42.6,42.34,42.22,43.07,43.88,46.39,47.18,45.71,45.18,45.13,44.43,43.39,43.0,44.3,44.69,44.69,44.55,44.63,44.99,43.36,43.3,44.05,44.04,42.99,41.9,42.6,42.6,43.28,42.49,43.12,43.84,44.37,43.8,43.68,43.77,44.15,43.99,43.71,44.5,43.87,43.87,43.58,42.93,42.85,45.18,45.41,43.9,43.4,43.44,44.22,44.0
PA=F,,1667.8,1620.2,1631.7,1564.0,1668.7,1614.5,1621.9,1554.1,1584.5,1614.0,1517.1,1434.6,1387.0,1371.0,1405.5,1416.0,1341.3,1390.9,1402.5,1471.2,1478.4,1491.4,1476.2,1442.0,1586.9,1553.0,1528.1,1525.0,1579.4,1578.1,1570.5,1590.4,1559.6,1531.7,1547.1,1484.6,1501.5,1477.7,1461.1,1461.8,1526.4,1539.2,1474.7,1505.0,1546.0,1491.0,1482.6,1513.8,1485.7,1531.0,1456.6,1422.9,1417.8,1360.2,1373.8,1383.4,1358.0,1385.8,1395.6,1337.5,1341.5,1339.0,1368.5,1314.0,1318.8,1234.5,1200.9,1213.6,1230.8,1234.6,1276.2,1346.8,1355.9,1349.1,1274.5,1257.1,1230.7,1161.3,1173.0,1209.0,1200.0,1200.0,1212.8,1261.9,1260.4,1270.6,1213.4,1243.9,1266.3,1242.7,1298.6,1283.2,1263.5,1244.0,1261.0,1279.5,1302.9,1255.3,1246.7,1289.6,1266.5,1245.7,1244.5,1275.6,1250.9,1355.3,1364.7,1372.9,1363.5,1377.2,1366.1,1370.2,1322.6,1322.5,1334.1,1291.2,1331.9,1336.3,1348.5,1361.8,1331.9,1325.1,1337.6,1348.5,1362.9,1317.2,1346.6,1421.5,1390.1,1393.5
PAH3.DE,,,33.78,33.25,32.32,33.12,33.14,32.75,32.24,31.84,31.92,32.08,31.27,31.3,30.59,31.54,31.83,30.85,30.69,30.55,30.79,31.47,31.25,,31.27,32.37,31.92,32.16,31.65,32.2,32.69,32.64,32.86,32.81,32.88,32.31,31.75,31.27,31.18,31.11,30.63,30.22,,30.27,30.55,31.19,31.68,31.55,31.55,31.84,31.21,32.14,31.71,31.27,31.46,31.25,31.62,31.96,32.27,32.52,32.54,32.55,31.94,31.68,31.08,30.66,30.54,30.27,30.84,30.42,30.2,30.73,31.29,30.86,30.11,29.94,29.53,29.68,29.33,29.67,27.65,27.08,26.93,26.93,27.22,28.31,28.27,27.21,27.01,26.95,26.84,26.93,26.86,27.49,27.22,27.04,27.17,27.18,27.3,26.85,27.15,27.73,28.7,28.86,28.59,28.98,28.82,29.05,28.73,28.54,28.23,28.43,28.11,27.54,27.54,27.22,27.14,27.11,27.62,27.65,27.35,27.27,27.09,27.02,27.97,28.44,27.83,27.28,27.07,28.76,28.59
PANW,147.86,154.75,158.48,161.31,163.49,160.83,163.38,165.43,165.8,166.15,167.55,167.5,168.0,161.89,162.46,156.14,152.79,152.2,143.5,151.47,155.03,157.3,157.51,159.67,160.25,171.63,164.3,151.28,154.84,158.83,161.69,165.0,166.7,165.2,169.59,175.15,169.6,173.22,176.5,180.74,177.8,173.11,177.41,180.95,180.52,179.19,190.77,193.43,205.65,210.77,210.77,225.38,230.26,235.81,239.69,235.26,241.0,249.5,250.77,243.04,248.41,256.01,283.8,287.27,275.85,269.0,269.4,264.42,251.15,254.43,258.1,271.49,274.33,275.06,276.71,276.46,284.26,282.52,284.28,285.27,290.0,305.33,327.35,341.0,346.9,337.69,336.0,314.95,318.34,323.85,316.25,330.29,353.11,347.04,345.04,348.36,334.03,328.64,321.87,321.69,316.7,308.54,310.46,313.05,319.48,330.0,349.07,362.22,349.0,359.15,362.95,375.93,376.22,387.35,380.85,372.3,368.0,351.46,347.68,343.01,347.05,335.51,328.0,356.66,355.5,370.0,357.26,321.39,321.42,328.0,
PAYX,92.96,94.82,95.81,96.31,97.1,94.17,93.18,91.65,91.53,92.5,92.13,90.57,91.03,91.07,92.79,89.98,89.01,93.02,90.54,91.56,91.95,89.69,89.68,90.57,90.82,89.65,86.84,85.45,85.69,88.62,88.75,90.88,91.18,91.59,92.62,92.54,89.41,89.19,89.54,90.17,90.65,91.82,91.68,92.02,90.89,90.54,91.0,92.0,92.45,92.81,87.43,88.65,90.03,90.76,94.39,91.67,92.76,94.25,94.09,94.08,93.63,95.19,97.79,98.63,97.63,99.21,99.69,98.57,97.26,98.91,98.69,98.11,100.25,99.17,97.06,95.96,95.81,97.55,93.02,95.69,97.0,98.8,97.79,100.31,102.89,104.65,107.46,105.86,103.74,106.49,108.74,107.49,109.43,111.47,112.5,112.58,111.93,110.1,109.38,110.64,114.5,116.64,118.87,113.69,113.8,116.98,115.11,116.11,117.85,119.06,119.0,119.42,118.5,120.86,121.87,118.48,119.84,120.1,122.25,121.73,124.62,124.04,123.38,124.16,126.2,125.56,125.17,122.8,123.5,121.65,
PCAR,120.58,123.75,121.11,119.94,116.55,118.79,116.78,116.68,114.94,114.15,114.5,114.0,112.16,110.36,112.85,112.99,116.21,115.04,112.54,112.03,113.11,115.78,115.24,117.44,117.0,120.3,123.72,126.47,125.63,123.61,121.81,123.1,125.0,125.62,125.25,124.53,126.11,125.2,125.56,118.42,117.87,118.12,116.02,113.87,112.69,114.82,113.97,113.56,112.24,111.23,111.56,111.93,109.83,109.5,108.73,108.6,107.78,108.46,110.23,112.03,110.61,110.16,106.77,109.82,112.68,114.56,116.19,116.17,116.73,113.94,114.15,117.0,119.74,120.97,116.36,118.02,119.01,116.76,116.32,117.86,119.54,118.38,119.01,119.0,118.66,120.46,122.9,121.51,121.3,122.92,123.92,122.66,122.4,123.19,124.85,124.29,124.38,126.82,130.5,130.46,131.42,131.4,133.61,131.42,132.12,131.77,129.78,133.08,131.5,130.91,129.86,130.98,129.7,128.93,129.42,129.53,127.93,127.06,126.22,129.35,129.2,128.92,128.97,126.24,124.51,123.64,121.81,121.18,122.19,124.15,
PDD,99.04,100.87,99.97,101.39,99.68,103.42,102.48,101.39,102.13,103.46,104.31,100.13,96.88,96.05,95.37,96.05,98.86,99.81,99.51,97.86,97.39,101.52,99.51,100.67,98.45,102.51,99.05,99.91,99.43,101.33,101.1,103.08,104.05,102.56,98.78,98.8,96.67,97.01,97.67,96.95,97.0,97.2,98.63,97.18,96.61,97.09,100.77,98.57,98.0,95.44,95.6,95.41,93.81,94.13,94.97,96.72,95.7,92.57,94.5,83.61,81.56,82.2,83.2,87.83,84.8,84.77,84.97,82.14,81.6,81.0,78.87,80.43,81.41,80.82,79.6,78.51,77.79,75.7,75.42,73.25,71.94,75.5,75.95,76.63,80.8,82.17,82.13,83.58,83.27,85.08,84.31,83.72,84.67,86.38,83.5,84.4,84.56,83.03,82.06,82.06,83.23,84.99,85.31,85.75,86.63,89.15,89.2,90.57,89.43,90.54,91.21,90.1,87.88,84.07,83.65,85.15,86.31,87.88,87.66,87.81,86.19,85.7,85.89,83.72,84.69,83.68,82.45,82.12,81.27,81.41,
PEP,163.67,163.37,160.16,156.09,158.1,159.59,157.89,158.69,159.24,157.54,156.29,153.29,152.66,149.34,149.94,150.2,149.03,150.67,150.47,153.37,154.17,153.26,154.22,155.4,152.57,151.75,153.25,156.33,154.95,154.29,153.34,154.26,156.47,155.84,153.73,153.55,154.57,154.66,154.0,155.32,153.48,155.28,156.43,153.67,152.54,154.87,154.88,154.38,149.06,148.36,148.96,148.15,148.19,147.48,148.97,148.39,146.38,148.54,145.5,145.7,145.62,143.55,141.32,140.81,141.77,141.21,141.21,139.26,140.85,143.0,143.57,142.41,142.81,145.03,140.85,141.04,140.48,140.87,141.67,139.37,140.2,137.53,134.94,136.61,142.16,141.38,144.54,142.44,134.69,135.31,137.75,135.41,134.65,136.5,136.18,133.95,134.27,134.72,133.73,134.57,137.01,141.79,142.58,139.42,138.38,138.71,137.13,137.92,137.14,137.15,137.18,136.9,136.73,139.33,140.12,137.66,139.05,140.63,141.11,141.64,144.38,142.08,141.22,139.68,139.99,139.33,139.37,139.3,138.58,137.43,
PFE,26.35,26.35,26.2,26.23,26.36,26.52,27.0,26.63,26.58,26.52,26.82,26.84,27.25,26.8,26.63,26.44,27.04,27.24,27.02,27.15,27.79,28.04,28.22,27.81,26.78,26.97,27.18,26.77,26.68,27.08,26.97,27.15,27.12,27.51,27.2,26.74,26.38,26.58,26.79,26.32,26.2,26.28,26.29,26.15,26.01,26.21,26.16,25.6,25.68,25.74,25.64,25.72,25.24,25.19,25.24,25.67,25.57,25.76,25.66,25.85,26.01,25.93,25.48,25.27,25.29,25.61,25.79,25.6,25.47,25.58,25.79,26.11,25.98,25.7,25.87,24.94,24.96,24.69,23.93,23.62,23.74,24.1,23.78,23.74,24.13,23.62,23.93,23.89,24.01,24.1,24.23,24.14,24.31,24.86,24.97,24.72,24.65,24.78,24.75,24.51,24.44,24.94,25.06,24.55,24.67,24.87,24.7,25.3,25.81,26.05,26.52,26.47,26.18,26.41,26.42,26.55,27.1,27.58,27.65,27.66,27.81,27.84,28.15,27.83,27.77,27.64,28.47,28.71,28.44,28.38,
PG,158.62,157.31,153.77,151.89,152.9,153.6,151.43,150.33,150.18,150.65,151.2,146.46,144.79,144.25,143.48,142.23,142.23,142.24,142.01,142.57,142.28,143.21,142.58,141.92,140.74,141.87,143.0,144.76,142.63,142.77,142.26,142.66,143.16,143.59,142.32,142.22,143.4,147.62,147.42,148.43,145.89,145.95,146.46,143.27,142.18,145.94,146.02,146.21,141.97,142.86,141.66,142.63,141.2,141.63,140.85,140.62,140.09,143.53,142.53,143.46,145.01,143.2,138.86,139.03,140.0,139.89,141.8,145.02,144.53,148.38,147.77,148.3,148.76,150.55,149.77,150.18,147.57,149.37,150.92,147.82,148.42,147.04,144.17,145.55,147.74,146.96,150.61,148.35,145.6,146.71,147.11,145.59,144.66,148.18,149.31,148.43,146.88,148.82,145.59,145.4,147.85,148.52,140.2,142.25,141.46,144.26,143.79,144.66,145.45,143.88,144.15,143.93,143.79,144.0,143.42,142.48,142.68,143.62,142.56,142.14,145.0,144.95,144.5,142.71,143.01,142.5,145.09,145.79,146.5,145.82,
PL=F,,2154.7,2130.0,2142.3999,2169.6001,2235.0,2205.0,2160.0,2036.6,2070.7,2131.8,2052.0,1910.0,1970.6,1860.3,1892.0,1925.2,1838.3,1870.6,1822.5,1870.0,1930.6,1890.3,1958.2,1929.1,1964.8,2004.0,2036.0,2026.0,2075.1001,2093.1001,2094.1001,2109.5,2070.7,2024.3,2072.6001,2003.0,2015.0,1981.1,1942.3,1876.0,1891.9,1996.6,1946.9,1960.7,2048.7,2048.1001,2042.0,2115.5,2110.0,2133.2,2083.5,1981.3,1968.1,1933.8,1949.8,1955.1,1931.6,1942.2,1911.1,1885.2,1922.2,1922.4,1937.4,1868.7,1894.0,1792.0,1749.4,1708.6,1688.0,1662.6,1709.2,1770.0,1812.1,1790.7,1705.2,1670.3,1660.9,1580.6,1601.7,1630.9,1566.0,1550.0,1530.7,1616.6,1626.8,1651.2,1576.4,1618.8,1618.1,1602.2,1631.5,1631.5,1635.5,1593.8,1592.2,1626.1,1643.2,1599.1,1593.4,1620.6,1612.2,1590.1,1612.1,1650.3,1618.0,1747.3,1737.4,1729.0,1750.1,1744.5,1745.8,1761.1,1725.2,1750.0,1781.5,1726.4,1802.6,1831.0,1887.3,1880.1,1852.6,1835.7,1845.3,1847.6,1788.4,1761.5,1759.8,1828.4,1821.0,1802.5
PLTR,138.2,148.06,149.61,150.29,152.97,150.14,149.33,150.98,148.58,151.17,152.12,152.61,150.5,149.09,153.24,151.64,154.855,147.25,141.56,136.3,138.97,144.47,137.99,146.631,144.45,139.17,128.47,122.68,129.15,134.0,134.93,139.53,143.3,143.83,143.999,147.41,139.92,138.93,141.01,140.42,134.68,136.65,141.39,145.225,134.72,131.15,134.78,133.02,132.771,133.46,128.75,129.45,132.29,131.33,133.6,132.42,135.42,134.3,133.3,131.63,133.0,145.79,155.88,149.8,141.25,140.272,134.025,135.28,127.35,128.8,127.17,126.65,129.7,129.62,129.92,125.01,119.2,116.18,112.25,106.37,108.47,114.7,114.57,119.35,127.95,126.64,131.46,126.71,124.81,125.77,126.195,122.64,132.88,128.68,129.05,131.82,131.225,123.45,120.73,122.02,125.31,117.89,122.45,120.27,119.62,123.657,143.28,158.25,152.7,159.96,170.87,172.72,168.34,172.33,173.8,172.301,170.61,169.771,172.03,172.55,171.31,172.2,168.9,178.01,184.38,183.79,179.75,165.71,171.91,173.67,
PM,175.64,175.83,167.94,166.9,169.25,171.76,165.26,163.32,172.39,174.6,172.52,164.9,161.85,161.83,162.44,161.82,163.0,161.93,162.25,163.71,163.98,151.63,156.25,157.53,157.29,155.14,159.17,158.18,160.03,157.87,157.11,155.26,154.9,157.1,153.18,156.0,163.7,162.92,160.67,162.5,161.94,162.51,165.51,165.75,166.0,168.61,168.94,170.31,172.96,180.0,185.39,187.63,189.42,186.97,188.54,185.64,187.22,187.35,181.12,180.28,178.21,174.89,172.18,170.0,173.5,174.73,175.07,174.46,172.4,179.23,180.23,180.42,180.64,181.32,178.49,177.04,172.29,175.61,176.56,175.84,179.25,179.65,179.0,176.5,179.52,181.59,185.28,185.89,180.64,178.45,179.75,175.84,175.76,181.66,190.6,191.16,187.31,189.38,189.05,191.78,192.55,198.68,198.19,191.67,188.95,187.34,184.36,185.5,186.66,186.51,185.01,184.71,184.02,187.2,187.63,184.28,186.01,186.81,188.83,187.99,189.17,189.66,192.63,190.16,190.2,186.99,187.07,184.75,186.07,182.23,
PYPL,44.66,45.93,46.485,46.355,44.96,44.81,44.8,44.34,44.172,45.19,45.744,44.55,43.532,43.33,44.01,43.99,44.2,44.47,43.55,43.92,44.28,44.0,43.675,45.33,44.56,45.555,44.905,44.98,45.06,47.7,47.9,48.35,49.773,50.44,50.755,50.77,49.17,49.56,49.397,49.455,49.22,49.42,50.285,50.22,44.51,45.755,46.15,45.33,45.03,44.35,44.585,44.62,44.38,44.22,43.81,42.93,43.83,43.99,43.865,43.63,43.32,44.425,44.2,44.39,42.315,42.75,41.07,40.655,41.07,40.51,40.2,40.87,42.1,42.58,42.05,41.65,42.075,41.65,41.68,42.325,42.21,44.075,42.26,43.56,44.405,43.78,45.32,43.73,43.82,45.765,46.285,46.43,53.44,55.28,55.69,55.28,55.0,55.235,54.935,55.22,55.48,56.46,58.0,56.655,56.57,57.335,57.18,57.91,58.1,58.81,58.322,58.55,57.89,59.01,59.34,60.15,59.96,60.55,60.95,61.46,61.47,61.07,61.26,61.37,52.62,51.92,52.21,52.35,54.01,54.51,
QCOM,136.3,137.42,135.8,133.42,132.46,132.16,133.96,130.61,129.22,128.94,131.18,129.93,128.9,129.78,127.41,127.31,129.95,128.31,126.68,126.34,125.78,126.98,124.01,123.71,121.99,125.62,126.8,127.85,126.46,131.05,132.28,131.79,134.41,136.08,135.05,135.55,132.05,143.58,147.05,144.0,151.0,163.56,171.15,166.83,164.79,188.22,187.64,208.63,231.2,202.0,207.15,199.66,199.16,193.58,191.02,194.0,197.6,214.17,235.8,224.18,231.52,247.51,226.81,226.05,233.02,235.32,215.0,214.63,192.67,190.1,190.75,200.1,216.28,213.8,212.68,214.73,215.5,198.44,191.02,199.82,186.18,183.58,183.5,181.6,172.12,177.1,179.0,180.51,187.44,185.72,181.81,177.45,174.76,168.99,164.77,169.9,170.14,170.6,168.31,165.77,165.29,162.16,155.0,146.0,146.15,142.89,155.31,157.1,155.22,162.3,162.08,161.43,161.07,162.51,163.18,161.45,156.73,160.19,159.41,159.17,156.23,159.08,159.89,161.92,161.9,164.19,162.21,165.08,164.88,167.04,
QIA.DE,,,39.37,38.975,36.895,36.515,35.905,34.99,35.48,35.405,35.265,35.3,34.825,34.48,33.875,33.92,34.405,34.575,33.755,33.65,34.415,34.595,34.465,,34.285,35.245,34.51,34.755,34.46,35.435,35.555,34.83,34.88,34.595,34.605,34.015,32.355,32.04,32.445,28.89,28.36,28.27,,28.875,28.405,28.815,28.4,28.03,27.895,27.56,28.27,28.25,28.345,28.075,28.605,29.15,29.69,30.08,30.19,30.365,30.715,31.375,30.525,30.67,30.175,31.145,31.835,31.255,31.345,31.72,31.705,31.795,31.645,32.0,31.935,31.44,31.815,32.19,32.735,33.54,33.745,34.42,33.8,34.04,34.405,33.865,33.885,33.02,32.82,36.27,35.99,35.105,36.095,36.015,35.805,35.635,34.52,35.325,34.975,36.02,36.06,35.885,36.58,35.25,35.42,35.985,35.96,36.2,35.565,36.3,36.895,37.075,36.44,37.345,37.21,36.58,36.815,36.36,37.815,37.52,35.96,35.44,37.08,36.73,37.125,36.735,37.15,37.315,37.18,36.845,36.275
REGN,764.49,764.24,760.01,746.66,754.91,771.34,765.0,744.0,741.9,747.01,755.64,734.56,727.88,728.64,735.0,727.96,744.02,747.77,736.64,741.47,755.8,769.97,745.0,758.49,747.76,755.99,761.5,739.09,737.34,743.71,739.12,742.69,746.91,744.0,734.12,740.47,747.26,736.71,743.61,730.9,668.85,688.95,700.26,699.75,699.23,702.5,707.43,708.36,701.99,710.02,709.51,710.06,693.7,610.6,616.02,633.6,639.81,632.72,632.68,625.0,620.35,609.77,598.8,591.52,599.0,621.11,632.09,608.98,610.95,601.22,603.57,605.01,608.59,608.21,602.13,598.19,594.9,607.92,619.27,619.7,623.44,626.86,622.29,623.89,625.7,637.72,659.02,661.43,660.8,658.5,655.11,653.31,648.66,661.38,672.31,669.88,666.87,648.9,637.8,654.05,659.53,676.46,691.0,694.98,724.79,756.44,747.0,763.31,762.79,767.17,775.83,796.66,784.61,794.49,792.57,795.73,805.93,815.38,826.05,826.64,823.4,823.44,814.7,804.27,789.08,779.08,804.32,825.77,837.63,825.83,
RHM.DE,,,1546.5,1548.0,1553.0,1596.0,1509.0,1535.0,1551.0,1604.0,1581.5,1602.5,1548.5,1500.0,1427.0,1438.0,1475.5,1433.5,1365.0,1336.5,1395.0,1457.0,1533.5,,1503.2,1553.0,1519.6,1433.0,1448.0,1473.6,1472.8,1486.4,1484.2,1458.4,1423.4,1414.0,1396.6,1309.8,1321.0,1316.0,1335.8,1321.0,,1383.0,1389.6,1398.6,1326.4,1211.4,1155.2,1123.0,1099.2,1124.0,1120.0,1123.6,1185.0,1200.6,1206.0,1211.6,1229.2,1226.6,1217.4,1281.4,1207.0,1161.8,1158.6,1176.8,1180.8,1181.8,1172.0,1187.6,1198.0,1177.0,1145.4,1134.6,1144.0,1148.8,1146.0,1155.0,930.0,949.0,928.8,945.2,960.9,998.8,1048.8,1087.6,1111.6,1053.2,1009.2,977.3,942.0,952.4,936.2,959.8,937.6,978.7,985.3,993.3,1011.0,1022.0,1036.0,1063.4,1058.0,1121.0,1126.8,1142.0,1190.0,1197.0,1120.6,1129.6,1120.8,1128.0,1143.0,1155.4,1174.0,1202.6,1201.4,1171.2,1154.4,1137.0,1114.2,1110.4,1105.6,1138.6,1153.0,1110.8,1070.6,1067.4,1055.4,1032.0,1016.0
ROP,346.5,354.06,360.03,358.6,358.88,349.43,348.56,346.44,346.13,349.08,350.52,348.06,351.58,349.23,351.85,343.36,340.41,344.27,343.87,341.43,343.28,347.54,354.51,353.67,357.45,355.2,345.68,342.08,343.57,353.44,355.12,360.36,358.52,358.39,359.77,362.27,360.7,349.27,348.23,352.75,350.01,349.01,354.9,354.19,349.28,348.87,350.26,340.68,327.88,322.73,305.96,312.07,319.72,319.13,328.0,318.57,315.51,323.1,319.89,316.47,311.81,316.85,328.07,329.24,326.9,330.59,330.39,327.86,328.73,329.85,326.53,329.69,330.64,332.18,328.07,325.8,320.11,327.23,329.51,326.73,334.46,330.59,332.28,343.13,353.55,356.44,363.56,350.47,347.0,354.92,358.2,346.48,347.39,350.71,358.75,355.0,350.62,335.5,354.17,359.42,367.51,384.94,390.93,381.71,381.28,388.34,386.23,391.5,389.73,394.72,397.1,398.18,389.69,387.82,388.77,389.38,394.12,394.02,405.44,403.33,412.05,409.1,407.23,412.97,420.33,421.94,417.51,415.01,418.45,405.57,
ROST,194.07,206.54,211.21,209.73,204.25,209.37,211.55,209.4,206.01,206.82,208.52,207.02,206.63,208.08,212.96,210.53,212.14,214.16,210.83,207.48,211.01,216.47,217.26,218.83,215.13,219.2,223.63,219.69,219.6,219.08,221.89,220.33,223.0,227.5,224.61,224.68,225.46,224.22,224.93,223.82,224.74,225.39,225.61,224.01,226.38,226.49,222.58,224.06,211.02,211.3,209.13,212.65,211.33,209.41,208.2,213.59,215.01,228.0,231.09,231.78,225.05,226.64,223.31,222.0,223.51,231.33,227.82,226.8,226.12,228.08,233.39,239.16,235.84,234.21,231.9,232.06,233.81,227.62,226.67,214.94,210.83,207.0,205.92,210.15,211.19,209.0,212.92,213.26,218.0,220.6,218.59,218.07,219.19,226.71,231.76,233.13,230.14,235.84,231.89,232.43,240.61,245.03,248.46,248.58,250.69,251.78,250.34,251.19,250.86,251.0,253.53,251.36,247.18,242.14,242.72,234.86,234.3,232.56,228.05,234.49,235.4,236.78,234.21,229.48,228.15,225.64,224.5,228.01,228.87,230.06,
RTX,205.57,204.23,200.1,203.64,206.81,205.28,204.7,201.84,201.9,204.61,200.71,204.03,197.02,196.49,194.46,191.18,194.05,191.38,189.46,185.57,187.58,193.55,193.63,195.0,195.51,198.42,202.61,197.79,200.13,200.91,197.69,193.91,195.2,194.8,186.54,179.84,177.5,171.63,172.3,172.34,171.78,173.48,173.26,172.89,171.2,173.57,173.68,174.6,174.6,176.62,175.3,175.3,170.78,171.0,174.38,173.0,173.29,175.26,176.07,175.71,176.74,176.04,174.13,172.99,172.55,176.19,178.01,177.9,178.54,176.93,178.02,181.87,182.88,182.25,186.38,184.42,180.97,181.83,184.65,184.35,186.88,187.16,186.83,188.97,194.05,197.96,199.64,194.69,193.0,192.59,195.23,193.39,193.14,192.85,192.97,194.1,190.02,193.78,202.51,209.26,213.8,215.9,215.01,209.39,212.04,214.42,214.53,218.9,220.48,220.5,223.3,222.34,219.47,218.87,219.98,221.6,222.3,220.22,212.16,209.85,207.75,207.44,209.29,209.83,210.7,207.69,204.17,200.31,200.1,199.04,
RWE.DE,,,52.54,51.86,51.4,53.82,52.76,52.7,55.14,56.64,57.5,57.32,57.16,55.66,54.44,54.56,55.34,55.5,53.7,54.48,56.14,57.92,57.92,,58.5,57.56,58.34,57.84,58.54,58.24,58.54,57.96,54.96,56.44,57.5,58.26,59.52,59.68,59.66,60.74,60.52,60.3,,59.12,59.28,57.78,57.8,58.0,58.64,58.1,56.34,56.04,54.84,54.84,55.98,56.02,55.72,55.62,56.98,54.68,54.22,54.28,54.5,54.76,55.0,55.8,55.86,55.64,55.58,55.3,55.64,56.3,56.12,54.96,53.86,53.88,55.48,54.14,53.98,54.78,54.06,54.8,56.16,55.3,55.2,57.06,56.26,55.8,55.8,55.76,55.86,55.9,56.64,54.88,55.54,56.04,57.8,58.26,58.58,58.2,57.04,55.62,55.66,55.5,56.8,55.8,56.34,55.28,55.18,55.72,56.18,56.58,57.56,57.56,57.02,58.88,58.06,56.92,56.7,57.14,56.48,56.66,57.34,57.24,57.98,58.32,58.2,57.28,57.28,57.34,58.88
SAP.DE,,,166.48,170.24,168.52,166.46,163.02,162.8,165.14,165.02,163.8,161.24,157.68,151.22,150.4,146.0,145.36,143.52,142.1,142.78,145.82,145.82,144.34,,144.1,148.56,137.54,138.44,138.0,142.44,142.94,147.14,151.9,149.86,150.3,147.44,140.22,146.42,146.8,147.54,144.58,144.0,,145.72,146.72,148.22,147.14,145.24,144.16,140.82,135.44,136.84,141.4,143.5,151.36,150.44,149.26,150.26,150.4,148.34,147.6,150.26,157.36,160.54,155.46,156.22,161.48,157.32,153.74,146.14,139.32,138.26,142.94,142.4,139.7,134.3,130.62,131.16,132.1,131.16,130.92,135.96,133.1,134.66,137.78,139.04,142.0,137.08,134.1,137.04,137.16,130.86,133.52,135.14,137.32,134.98,135.34,132.04,127.5,130.86,142.0,151.0,156.48,155.2,153.6,159.6,162.4,167.3,168.08,173.82,175.86,178.14,175.4,174.8,179.28,177.66,177.98,180.38,182.52,183.6,185.52,182.74,176.82,181.14,187.98,188.2,183.32,180.72,182.0,184.96,179.92
SB=F,13.91,13.7,13.61,13.69,14.25,14.17,14.18,14.12,14.3,14.15,14.19,14.35,14.76,15.27,15.38,15.4,15.32,15.53,15.66,15.52,15.12,15.05,14.91,14.84,14.57,14.19,13.9,13.71,13.63,13.56,13.48,13.55,13.22,13.25,13.33,13.35,13.49,13.6,13.81,13.83,14.14,14.47,14.42,14.85,15.21,14.45,14.38,14.46,14.6,14.81,14.95,14.92,14.67,14.57,14.69,14.67,14.78,14.59,14.44,14.13,13.86,13.9,14.14,14.25,14.21,14.14,14.09,14.11,13.97,13.86,13.77,13.68,13.61,13.56,13.72,13.56,13.26,13.27,13.28,13.26,13.43,13.92,14.27,14.84,14.81,14.69,15.05,15.08,14.89,14.71,14.62,14.67,14.71,14.37,14.39,14.73,14.76,14.67,14.65,14.54,14.54,14.5,14.49,14.37,14.38,14.61,15.01,15.06,14.98,15.49,16.29,16.33,16.22,16.27,16.5,16.47,16.89,17.31,17.44,17.16,17.08,17.13,17.14,17.55,17.44,17.58,17.67,18.07,17.65,17.92,
SBUX,94.4,95.85,96.94,95.56,96.82,98.26,99.66,99.89,98.86,97.38,97.43,92.56,91.59,92.22,93.59,91.79,91.87,90.73,85.6,86.22,87.46,89.48,88.16,89.82,93.84,96.0,96.18,96.06,95.45,97.56,97.8,97.77,98.91,98.3,96.85,97.57,99.2,98.0,97.84,96.45,100.08,103.83,105.43,104.69,104.35,104.4,102.94,104.25,104.95,104.34,105.47,106.35,105.0,105.84,105.11,105.41,103.62,102.39,100.8,100.13,100.37,98.58,95.59,95.4,95.22,93.81,93.64,94.47,94.97,96.9,98.89,101.8,101.41,100.46,98.69,99.53,99.96,99.25,101.24,102.74,102.71,103.21,102.13,101.4,103.18,100.09,102.89,101.85,103.21,105.55,105.95,106.15,104.71,105.54,105.08,103.22,103.92,102.91,101.93,103.12,103.55,102.66,103.13,103.63,104.59,103.3,101.8,104.29,103.69,103.67,104.28,104.13,105.88,108.45,107.47,106.41,105.92,104.59,102.97,103.37,105.68,105.36,105.42,106.77,107.26,106.01,105.39,105.63,105.22,104.36,
SCHW,93.5,95.38,94.16,92.55,92.27,92.59,91.21,90.51,91.93,93.26,93.77,92.87,92.79,93.5,93.99,95.2,94.39,93.84,91.97,92.37,92.17,90.0,90.89,92.04,91.3,94.5,95.83,94.15,94.2,96.89,99.09,91.92,90.57,91.65,91.83,91.15,87.84,88.29,88.15,90.18,89.44,89.88,91.27,90.95,91.5,91.59,88.66,88.31,87.61,87.64,89.26,89.13,89.76,90.78,91.46,89.73,89.28,90.11,89.37,84.72,83.96,85.93,86.02,86.22,85.58,86.7,87.68,87.77,87.18,87.86,88.54,89.25,90.76,91.44,92.46,90.86,91.36,92.03,91.02,89.26,87.63,90.2,91.29,92.31,96.21,97.19,100.89,101.26,100.51,101.8,102.11,100.75,101.34,101.95,100.81,100.3,99.71,99.42,100.27,100.55,102.36,103.45,104.39,103.07,104.05,105.05,105.23,106.51,106.81,106.19,107.14,107.37,106.75,108.9,109.19,110.41,110.59,110.54,109.55,110.17,112.51,112.08,106.34,107.23,107.78,109.4,107.97,108.18,108.78,108.52,
SHL.DE,,,40.26,40.34,39.43,39.56,39.01,38.86,38.37,38.19,37.94,37.76,36.94,36.51,35.5,36.62,36.73,36.12,35.54,35.54,35.83,36.05,35.44,,35.52,37.25,37.1,37.28,37.05,37.91,38.34,38.13,38.15,37.95,38.0,36.79,35.97,35.2,35.26,35.12,33.7,33.24,,34.73,34.78,35.43,33.53,33.44,33.32,33.1,33.58,34.07,33.4,32.81,33.76,33.42,34.31,34.45,34.39,34.66,34.44,34.72,34.14,33.92,33.5,33.77,34.66,34.2,34.15,34.5,34.17,34.43,34.9,34.94,34.65,33.73,34.13,34.18,34.09,34.23,33.97,34.05,33.87,33.74,33.83,34.41,34.93,34.14,34.1,34.0,34.78,34.05,33.96,34.52,35.04,34.72,34.31,34.26,33.78,33.92,35.33,35.1,35.8,36.91,35.71,37.96,38.72,38.97,39.0,39.1,38.75,38.75,39.03,38.95,39.23,38.84,38.88,39.25,39.73,39.44,40.17,39.62,39.19,38.66,39.26,39.13,39.07,38.77,38.52,38.91,38.32
SHW,337.89,343.89,332.66,325.09,321.37,329.26,321.74,317.44,318.92,321.55,320.14,310.26,303.42,301.58,306.27,308.94,313.33,317.32,314.84,315.0,313.68,322.96,312.46,313.72,310.61,329.51,330.0,331.8,327.11,333.28,326.26,331.1,337.07,340.06,332.11,333.29,331.51,333.78,335.65,321.08,313.4,319.22,317.41,310.27,307.05,321.05,318.27,315.83,311.72,309.71,302.87,306.93,300.05,300.92,294.32,295.0,298.93,307.5,308.83,309.09,303.2,303.53,292.39,289.86,295.66,296.73,301.34,299.02,302.41,303.7,304.17,316.91,319.39,319.7,312.17,314.83,315.71,320.23,326.12,335.4,337.06,340.3,340.05,342.16,342.12,344.36,339.8,327.86,329.5,332.14,327.53,327.38,328.6,330.98,330.37,323.22,317.5,318.32,301.1,313.01,320.0,343.11,338.31,340.12,337.48,347.32,356.94,362.39,362.13,363.86,361.15,360.95,359.4,358.37,356.87,348.74,345.15,350.61,340.5,345.71,345.14,346.19,347.54,343.04,343.0,338.04,328.9,330.6,327.78,330.69,
SI=F,,82.633,80.955,81.425,79.5,87.0,84.525,84.67,79.45,79.0,78.58,74.8,67.0,69.36,61.09,68.55,71.225,67.23,67.54,67.82,72.555,73.9,69.835,71.85,70.0,75.224,73.78,75.305,72.795,76.815,79.3,78.606,81.738,79.505,76.411,76.875,75.465,76.383,74.755,73.205,70.885,71.385,73.11,72.5,72.67,73.775,77.87,80.06,85.0,83.75,86.93,84.9,76.005,74.745,73.79,75.17,74.96,75.893,76.095,74.32,71.97,75.115,74.375,75.311,73.21,73.09,68.65,66.87,65.0,63.745,63.885,67.02,70.066,69.899,68.76,66.255,65.527,61.95,57.25,58.348,59.19,57.54,57.035,57.325,59.465,61.635,60.205,57.76,58.9,59.72,57.51,57.515,56.9,55.898,55.015,55.655,56.335,59.385,57.798,58.656,58.472,57.296,57.863,57.225,57.34,57.667,58.1,62.099,61.439,63.332,63.905,64.769,65.555,64.78,64.988,65.245,63.605,63.12,66.85,68.095,68.541,68.12,67.99,69.429,66.23,65.85,63.87,63.36,65.44,65.465,66.025
SIE.DE,,,222.9,221.15,214.65,228.0,225.8,219.65,218.75,216.7,218.0,217.25,207.65,203.05,198.0,206.05,210.2,207.65,203.3,202.4,203.85,211.2,207.55,,208.45,225.05,225.5,226.75,224.5,231.25,236.5,237.4,238.5,240.2,241.05,241.0,239.65,239.35,244.2,250.05,244.1,241.05,,248.5,250.3,261.4,266.2,263.3,263.65,263.2,258.45,269.8,257.95,256.35,255.0,257.1,261.0,265.3,272.55,272.4,267.1,269.4,268.9,275.0,273.65,269.5,267.95,259.75,262.65,256.35,257.55,262.4,269.75,271.25,271.55,272.9,274.05,269.3,265.75,271.2,266.1,266.65,273.5,272.55,269.55,277.9,268.35,262.05,269.4,270.65,268.7,268.0,269.25,264.65,260.65,262.65,265.2,267.5,266.7,267.15,272.15,268.1,270.55,271.85,280.0,281.75,285.75,283.25,267.4,273.85,275.8,275.15,280.0,282.55,282.2,282.3,274.75,275.55,274.35,275.5,278.3,282.15,285.25,285.45,287.3,284.5,277.85,273.0,267.35,268.5,270.1
SNPS,410.63,420.33,425.76,431.8,429.65,428.0,425.32,418.36,410.09,417.61,427.56,424.0,422.55,419.0,429.65,409.83,403.33,400.37,379.5,379.95,387.2,394.5,386.59,390.12,388.88,405.5,394.25,389.15,388.07,418.2,421.42,436.48,447.18,447.43,462.0,470.9,450.13,469.19,488.0,479.0,471.7,471.62,485.44,488.34,500.01,497.51,503.49,500.59,512.0,508.16,502.27,504.64,491.05,489.09,490.58,473.77,488.69,508.51,524.18,523.15,471.69,469.37,470.74,485.63,491.2,485.0,458.53,463.38,451.0,453.28,445.0,445.01,453.02,444.82,446.18,452.33,452.8,461.48,458.13,449.33,438.55,438.53,441.3,453.41,434.25,432.63,430.36,425.8,426.74,438.48,432.73,424.27,421.0,416.34,366.0,373.86,376.82,373.82,371.41,369.02,383.33,379.83,373.44,370.2,375.51,386.0,394.0,400.68,396.27,405.62,411.28,402.16,410.18,403.74,409.4,411.51,402.43,400.82,394.57,394.78,388.11,395.25,403.54,415.31,440.6,434.45,413.97,410.52,413.11,380.33,
SO,95.29,96.57,95.9,96.04,96.71,95.9,95.54,96.11,97.97,97.87,98.21,96.53,95.46,93.16,93.58,93.3,93.85,94.35,95.01,96.14,95.25,95.94,97.0,96.83,96.64,95.2,96.76,96.84,95.53,94.72,94.56,93.9,93.31,93.36,91.91,91.6,92.29,93.04,93.52,93.97,93.38,94.21,95.99,95.53,95.73,93.51,91.96,91.61,91.94,92.44,92.14,92.81,92.34,92.15,93.17,93.53,93.19,93.77,93.75,93.46,92.42,91.35,89.02,89.07,90.19,89.94,91.96,90.94,90.92,92.78,93.21,93.23,92.75,93.71,92.31,92.44,92.89,93.5,94.44,95.22,96.1,96.48,95.36,95.08,95.38,95.77,96.82,96.0,94.89,95.12,95.62,95.74,94.46,94.78,95.14,94.45,93.21,94.4,94.84,96.63,96.3,96.78,95.7,93.72,93.23,92.71,91.25,91.91,92.0,91.75,91.05,91.03,91.73,92.44,92.54,91.57,92.01,91.58,91.41,88.91,89.06,89.71,89.67,88.27,87.88,87.2,87.75,87.13,88.21,87.65,
SPG,197.32,201.61,199.7,193.45,187.11,189.52,188.35,185.77,186.37,188.22,190.08,189.77,189.5,183.21,181.36,177.88,179.05,181.03,179.14,181.76,183.3,186.02,186.07,187.23,188.75,192.51,193.5,198.33,197.38,199.94,199.14,200.9,201.37,205.09,204.65,201.39,201.76,200.65,198.9,200.63,198.41,199.93,201.39,200.42,201.79,203.16,200.8,201.67,200.0,202.74,200.22,199.0,199.5,199.41,198.64,199.97,200.92,203.46,204.6,206.63,204.7,203.89,202.2,202.26,202.3,204.5,205.23,206.1,205.18,211.01,213.62,216.5,214.44,214.09,208.71,211.29,212.0,214.19,216.04,221.8,225.55,225.28,222.54,220.04,223.08,223.45,225.0,219.03,218.32,212.82,218.05,219.64,220.8,222.8,226.87,227.25,226.26,225.32,224.22,225.83,229.36,234.07,234.46,229.03,228.62,227.87,224.03,222.27,221.07,219.56,218.33,219.06,218.91,221.2,218.9,217.62,220.55,221.68,219.83,217.29,218.32,218.8,216.88,214.18,214.28,210.75,211.28,209.3,210.0,209.29,
SPGI,412.2516,417.5118,418.9309,419.8013,408.1552,408.7039,393.491,395.7711,396.509,401.7975,405.9413,403.0274,396.4049,398.6187,402.1854,388.9309,383.1599,384.2952,381.6178,386.9063,394.5222,393.5951,397.4456,406.0454,404.3141,412.1097,393.9735,386.6982,393.5762,401.5516,403.9735,411.8354,413.9073,415.3358,419.2337,422.4692,409.65,410.7569,410.2649,409.7351,401.2677,403.6519,402.649,400.473,393.7559,395.8373,398.4295,393.8127,394.4087,398.4484,379.3756,380.7569,379.8297,381.4569,386.7928,382.0246,386.3765,392.6206,386.6225,389.1485,391.0596,392.7815,398.1741,390.6055,385.3453,395.4588,397.8713,393.6802,390.5393,398.3444,389.3188,387.2564,395.4588,404.929,394.5979,385.9792,381.4191,378.316,374.333,373.6992,371.8354,383.3207,380.8799,397.0,422.59,427.75,440.58,430.57,422.71,427.06,433.0,425.74,439.2,444.6,448.49,442.81,427.63,428.55,418.69,420.01,431.8,406.0,414.98,404.54,409.39,409.65,411.85,408.61,403.45,404.2,405.26,407.62,404.47,411.11,414.22,409.85,412.03,418.96,425.67,428.45,431.5,423.89,430.17,435.11,436.0,435.45,428.15,431.32,437.68,437.93,
SRT3.DE,,,225.3,217.2,207.9,216.9,216.2,214.8,209.6,204.2,214.4,218.8,207.8,205.1,198.5,209.3,210.9,209.7,206.2,207.1,207.1,208.9,204.0,,205.8,217.0,211.6,213.7,208.5,218.9,227.9,225.6,226.3,233.3,239.5,234.5,208.0,212.9,216.0,212.7,205.7,205.6,,214.2,213.7,222.3,221.5,214.8,214.2,204.7,209.4,208.2,204.1,204.8,216.4,218.8,227.2,232.3,228.7,234.1,230.8,240.4,240.0,240.4,237.8,243.6,236.7,232.3,235.7,234.3,230.4,228.7,228.3,229.0,227.1,207.4,210.1,210.4,211.9,215.7,222.7,223.9,223.8,225.0,226.6,225.4,228.0,220.3,217.7,234.6,237.4,243.4,247.1,243.0,243.4,236.4,208.0,214.5,209.5,214.3,214.3,210.7,221.3,222.2,218.0,219.6,224.8,222.3,229.3,229.3,232.6,233.1,233.7,234.8,233.6,231.7,228.9,225.9,242.3,242.2,243.1,240.7,241.6,243.8,249.7,246.9,245.6,241.4,243.4,237.2,230.2
SY1.DE,,,70.4,71.28,70.64,71.12,70.14,69.84,72.44,72.78,73.14,72.02,69.7,68.74,68.2,69.38,69.94,70.48,71.06,72.18,72.9,73.06,73.7,,72.64,73.46,71.8,72.34,71.62,72.46,73.84,74.5,75.3,76.08,75.94,74.78,73.54,73.46,73.44,72.96,74.98,73.26,,74.02,73.42,74.8,73.5,72.2,72.5,72.58,73.22,73.88,73.42,73.02,75.0,74.78,75.6,78.32,78.84,79.9,80.92,79.1,77.14,76.96,74.88,75.46,75.56,74.84,77.0,81.18,82.58,82.2,81.76,81.96,82.04,83.4,85.14,85.34,86.18,88.3,87.12,87.18,86.52,87.78,89.94,89.44,90.12,87.64,87.7,87.52,88.12,86.62,86.36,87.38,87.98,87.62,87.14,86.46,84.06,85.4,86.24,87.34,88.0,91.8,88.76,88.2,88.98,90.64,91.76,91.76,91.02,90.8,89.42,87.84,88.84,86.98,86.18,85.82,87.8,89.1,89.7,90.62,92.0,91.32,91.9,92.12,92.06,91.46,90.56,90.0,89.26
T,27.76,28.22,28.72,28.33,27.39,27.45,26.87,26.73,27.44,27.47,27.66,27.39,27.22,27.84,27.87,28.66,28.71,28.82,28.82,28.72,28.53,28.06,27.99,28.15,27.92,26.91,26.76,26.29,25.4,24.94,25.42,25.46,26.04,26.17,25.88,24.96,26.02,26.03,25.46,25.88,25.64,25.78,26.07,25.82,25.85,25.48,25.12,25.12,24.66,24.86,24.72,24.65,24.03,23.85,24.42,24.79,24.81,25.19,24.86,24.88,24.73,24.56,24.49,24.25,23.45,22.33,22.59,22.41,22.32,22.75,22.99,23.07,23.17,22.84,22.25,21.99,22.01,22.19,22.31,22.23,22.32,21.28,20.57,20.29,19.89,20.25,20.86,20.81,20.73,20.62,21.24,21.25,21.25,21.5,21.67,21.54,21.7,22.73,22.65,23.0,24.03,24.6,23.6,23.14,22.92,23.3,23.02,22.55,23.21,23.35,23.47,23.98,24.1,24.22,24.58,24.62,24.9,24.85,25.04,25.17,25.21,25.43,25.72,25.28,25.51,25.86,26.0,25.95,25.8,25.66,
TEAM,71.0,74.35,77.7,79.43,80.04,76.86,74.2,73.32,72.64,74.89,74.083,71.91,72.93,70.54,72.0,67.33,66.1,65.82,64.3,65.24,66.65,65.12,66.905,66.96,64.32,63.2,57.3,56.01,56.72,59.36,60.25,66.85,65.91,66.32,70.609,70.35,65.2,68.32,68.86,69.375,68.48,66.55,82.05,87.46,88.93,84.485,90.42,84.42,84.9,83.38,80.2,78.2,82.1,85.25,85.78,82.2,81.0,83.52,82.0,83.73,88.98,97.36,110.23,103.0,99.645,100.57,96.785,96.12,92.0,91.06,86.51,84.76,88.34,86.962,83.83,81.76,78.55,79.97,80.56,74.41,75.3,79.01,76.47,80.16,81.9,81.51,87.11,83.98,80.66,88.14,90.4,88.61,90.85,88.5,90.01,89.93,89.27,84.71,80.0,81.43,89.353,96.61,98.905,95.18,95.35,102.35,103.32,109.08,107.42,141.51,145.0,148.87,150.75,154.9,161.84,156.55,158.58,161.5,171.22,168.01,169.04,165.1,160.962,168.73,185.0,187.67,185.45,184.73,190.61,186.54,
TMO,493.37,508.95,502.0,500.0,492.13,497.94,491.13,474.0,463.81,467.24,471.43,462.03,458.34,469.06,475.63,470.0,482.96,485.82,471.83,474.16,479.66,491.86,485.11,479.95,480.0,499.73,490.25,495.81,492.04,514.0,524.76,514.3,518.0,521.14,522.95,513.98,455.6,464.66,462.0,464.12,462.25,461.0,468.1,461.91,459.64,466.6,468.28,456.36,447.88,452.85,444.52,446.05,437.32,435.27,440.01,438.66,441.12,444.41,443.61,447.44,461.23,481.03,483.5,476.51,469.11,476.08,469.62,468.91,473.39,481.91,466.8,467.63,468.5,470.59,457.64,459.0,458.91,460.13,473.5,492.49,499.56,501.44,495.1,502.87,511.98,506.83,513.42,507.0,506.98,522.6,521.77,523.35,533.83,532.01,531.62,522.56,495.04,517.6,568.84,555.91,556.01,568.98,571.2,560.42,562.87,572.75,562.5,564.4,569.63,574.77,588.53,594.81,595.0,593.39,587.51,580.0,584.86,595.0,607.37,616.27,615.97,618.03,622.23,626.33,617.45,610.35,599.52,600.7,603.52,605.53,
TMUS,214.0,217.07,216.98,217.98,215.08,216.0,212.21,211.14,214.28,209.39,213.17,205.5,202.95,206.04,205.71,208.44,210.12,210.93,210.66,210.93,207.79,201.09,198.69,198.06,197.06,196.2,196.37,194.21,190.8,187.8,188.8,190.81,194.0,196.25,194.75,184.87,188.32,187.85,182.01,184.21,191.63,194.16,195.39,192.75,192.69,191.65,191.98,193.16,189.46,189.78,190.0,187.5,185.1,186.01,190.65,188.76,188.44,190.0,188.27,189.57,188.11,185.71,185.01,185.1,180.44,174.02,177.12,177.06,177.71,179.46,183.56,184.3,185.0,184.01,179.46,179.79,177.31,180.0,180.7,178.4,180.31,169.0,165.66,169.35,172.85,177.34,184.56,179.6,177.14,181.46,188.38,186.21,186.33,187.75,189.83,189.0,190.59,189.58,169.96,171.52,177.04,181.34,175.65,173.18,169.68,175.0,174.2,171.18,176.25,176.62,173.1,176.51,175.72,177.93,181.33,179.05,180.67,182.26,179.99,181.71,181.65,180.9,179.55,176.22,176.49,179.5,180.38,182.43,186.75,180.65,
TRV,304.56,306.82,302.97,300.82,299.92,299.96,297.62,293.66,302.15,303.31,305.93,299.03,294.63,295.03,294.5,292.11,289.58,289.16,284.66,286.15,287.69,288.52,290.08,290.83,292.68,292.48,298.05,295.62,296.04,298.27,298.48,292.4,298.2,300.32,298.58,298.57,303.12,302.11,301.0,305.86,301.11,300.54,304.71,301.21,300.51,300.78,297.85,296.6,295.27,296.56,291.83,296.54,297.22,299.95,302.49,303.01,302.28,306.04,303.97,299.69,293.79,290.82,288.75,287.11,288.95,291.94,295.43,296.57,297.14,299.55,303.61,297.01,299.17,306.93,304.52,301.65,307.67,309.59,316.41,318.16,319.39,325.52,328.0,331.0,331.8,337.0,342.13,337.66,335.66,334.03,333.53,335.93,325.39,329.0,341.52,362.5,362.33,366.51,370.06,377.87,386.66,392.33,386.89,369.7,371.69,372.46,370.15,378.19,382.25,379.93,374.36,373.51,369.05,368.75,368.01,364.2,366.65,361.96,358.88,363.38,364.83,366.42,369.92,366.14,368.1,365.84,363.21,364.05,366.95,368.35,
TSLA,385.39,394.58,399.42,394.21,381.4,398.19,402.15,394.65,389.95,394.42,393.0,392.31,378.73,364.46,372.73,376.31,385.01,371.87,359.47,352.14,361.0,374.08,359.03,346.64,337.24,339.67,337.25,342.74,348.57,354.77,362.5,381.8,391.65,388.33,385.22,385.3,368.39,370.73,364.02,372.54,370.04,368.17,378.8,384.8,389.0,384.02,402.12,416.39,416.8,422.26,430.21,441.16,422.0,405.33,393.63,406.39,412.9,420.51,426.12,435.52,436.3,428.14,415.43,413.65,416.0,417.16,388.59,394.72,384.24,380.15,380.66,386.76,407.1,400.54,393.76,384.7,394.4,379.06,373.05,371.22,368.6,379.3,406.0,418.09,389.3,390.5,401.88,390.51,390.86,402.81,391.37,394.76,390.66,385.32,377.22,369.43,369.98,372.9,315.74,306.51,304.28,300.69,297.38,301.33,301.97,310.43,320.79,320.28,315.52,321.25,326.15,329.53,323.64,325.24,335.33,337.48,331.12,335.7,338.96,346.9,348.26,349.2,342.53,345.45,345.2,347.15,352.96,349.92,365.82,351.32,
TTD,23.53,24.57,29.252,28.035,27.98,27.12,26.83,26.47,26.2,26.93,24.82,23.0,22.95,23.2,23.73,21.57,21.54,21.55,21.03,21.2,21.98,21.72,21.455,21.89,20.375,20.11,19.74,19.97,20.12,20.925,21.3,22.62,22.3,22.25,22.925,23.2,22.13,22.98,22.86,22.91,23.45,23.15,24.02,23.91,23.37,23.87,23.37,20.725,20.835,21.035,19.83,20.035,20.4,20.99,21.11,20.22,20.62,21.31,21.75,22.125,20.8,20.965,21.785,21.0,20.05,20.54,19.835,19.1,19.06,19.2,18.37,18.312,18.885,18.715,18.15,17.77,17.69,17.21,17.655,16.98,17.37,18.51,17.47,18.15,19.0,18.51,18.98,18.78,18.5,19.39,19.73,18.905,19.125,19.02,18.35,18.13,18.1,17.43,16.7,16.86,17.63,18.01,18.54,18.024,17.71,18.24,17.87,18.71,17.39,12.83,12.83,13.145,13.06,13.57,14.0,13.3,13.32,13.22,13.15,13.14,13.15,13.08,12.97,13.08,13.34,13.495,13.37,13.6,14.37,14.225,
TTWO,208.51,211.32,210.82,208.69,208.01,207.8,207.5,208.17,203.9,207.45,206.44,203.62,199.55,198.02,199.19,191.0,188.23,190.35,187.63,191.23,193.38,196.55,193.9,193.79,193.94,201.13,197.59,194.51,196.01,202.26,206.58,212.75,211.72,210.78,215.73,216.68,206.45,207.8,208.75,211.26,209.51,211.33,211.58,218.21,221.94,218.7,222.16,219.71,219.04,221.7,221.73,236.5,240.29,231.96,235.9,233.13,236.1,220.56,220.49,216.4,216.31,217.85,223.88,217.36,214.29,216.35,212.78,208.5,207.91,208.82,206.0,209.0,211.75,214.03,226.45,233.23,237.2,240.1,234.0,230.67,233.4,242.45,243.22,248.14,249.14,252.64,256.86,250.92,244.3,242.25,242.98,236.24,237.25,238.0,232.5,236.75,235.3,232.57,228.5,229.56,235.62,241.42,246.06,242.02,237.96,243.76,239.51,232.34,228.2,231.07,247.34,247.83,242.21,239.52,242.34,241.04,241.76,236.24,231.58,239.45,232.71,232.44,232.48,225.1,232.15,216.76,214.14,214.85,213.6,211.33,
TXN,201.76,201.5,194.77,191.15,189.68,195.45,197.49,189.75,190.14,192.43,193.77,189.99,184.9,185.84,188.43,186.95,195.52,192.88,189.33,184.95,188.47,194.28,191.0,195.9,195.46,206.16,210.88,213.92,212.11,214.35,211.7,216.72,224.67,230.02,230.64,234.49,259.31,272.01,267.63,264.24,267.56,266.34,276.54,276.64,275.58,279.05,281.0,286.38,289.0,287.63,301.92,303.5,297.8,295.46,291.95,298.95,294.78,303.0,315.35,313.18,313.11,303.77,289.93,298.98,301.64,303.3,284.18,287.53,273.88,281.84,285.79,295.85,307.87,305.49,299.24,311.56,326.04,301.08,300.07,305.0,279.55,275.78,286.23,293.07,288.62,299.24,285.39,288.0,305.41,303.4,296.81,301.89,295.51,288.5,279.23,283.49,290.07,285.21,274.1,276.3,273.67,273.45,268.76,274.35,273.59,264.74,275.12,276.5,272.65,280.97,280.16,278.62,276.36,272.78,272.51,279.0,268.67,266.39,264.76,261.63,255.18,256.97,259.49,261.1,255.97,259.96,250.43,251.05,248.13,255.5,
UBER,74.02,75.013,75.135,74.19,71.94,72.18,73.55,72.59,72.69,74.0,77.31,76.48,75.32,73.04,74.44,72.145,72.19,70.2,68.46,68.84,70.21,70.81,69.78,71.405,71.11,72.07,70.015,70.04,69.82,72.24,73.794,76.365,76.61,75.7,77.038,75.1,73.75,73.53,74.67,74.09,72.78,73.04,74.581,73.52,72.67,76.7,76.3,74.402,75.1,74.41,74.02,72.875,73.63,74.23,73.96,72.53,72.9,71.32,69.9,69.6,69.58,69.96,71.33,71.315,70.355,71.725,70.31,69.97,69.5,68.61,67.19,67.4,70.46,72.77,70.89,70.78,70.85,69.565,69.7,72.11,72.45,74.2,71.82,71.66,72.33,71.86,73.32,72.58,72.31,74.48,73.87,71.24,72.2,72.62,71.72,71.59,71.43,69.96,68.35,65.56,65.41,68.76,69.66,68.69,69.5,71.015,71.14,66.735,68.17,71.23,75.39,77.465,74.88,74.53,75.37,74.65,74.63,73.97,78.09,77.85,77.9,78.61,78.415,76.2,76.72,75.34,74.62,75.36,75.19,75.21,
UNH,284.36,287.68,286.74,283.05,278.66,278.9,280.6,276.29,277.81,281.04,284.84,283.07,280.07,275.0,269.09,267.59,267.11,267.18,255.97,256.67,262.61,270.76,271.53,277.25,300.75,304.83,304.14,304.2,302.92,312.51,311.15,313.11,317.14,320.12,345.23,349.1,350.5,351.39,348.95,355.72,365.01,363.0,367.02,364.65,361.81,358.25,364.72,371.99,376.07,382.01,393.0,396.0,390.25,383.5,387.51,380.7,380.54,381.01,376.41,377.09,380.96,375.45,375.92,374.72,376.81,389.82,397.2,394.99,407.44,404.55,403.11,404.81,399.65,406.54,398.59,399.15,402.14,402.84,400.0,406.65,416.16,415.81,413.25,413.73,420.54,415.05,422.13,423.83,423.52,423.65,425.53,421.79,414.37,420.37,425.1,417.38,420.5,429.7,420.4,418.92,412.54,415.11,420.35,411.29,414.06,413.32,406.67,397.8,402.4,400.66,407.99,401.32,400.5,398.59,396.56,391.43,393.51,386.33,383.83,386.0,390.86,395.62,396.01,393.77,392.66,387.71,391.78,396.51,395.3,395.2,
UNP,258.58,262.27,259.33,252.0,247.65,249.93,246.55,243.25,240.59,241.93,240.29,236.04,231.72,233.04,237.6,235.49,238.58,238.28,238.3,238.86,238.13,242.0,240.0,242.6,243.33,247.02,248.1,249.27,248.67,249.06,246.99,246.88,250.98,248.82,248.5,248.91,255.0,268.4,265.76,266.92,263.1,263.2,265.98,261.96,261.94,265.12,264.1,262.91,263.34,261.04,263.84,263.68,267.12,269.57,271.17,264.69,263.92,264.44,266.15,272.57,264.84,259.51,258.66,262.37,262.13,260.62,264.49,268.39,267.82,266.64,264.56,267.75,267.04,266.2,255.49,256.12,255.22,258.13,258.4,262.01,266.74,268.21,268.78,270.0,278.58,279.43,280.2,280.16,280.96,285.0,286.68,288.0,285.45,290.17,298.1,295.52,291.67,290.91,302.82,302.64,296.98,293.94,290.5,284.79,287.91,288.96,288.0,292.97,294.7,291.3,291.24,290.34,291.08,295.21,293.15,295.29,298.64,300.86,300.01,303.87,305.71,306.81,308.64,306.43,306.67,300.01,288.67,285.69,286.24,287.12,
UPS,110.87,109.5,103.24,99.41,97.01,99.55,99.87,97.42,96.96,97.4,97.43,96.24,95.01,95.17,96.88,96.27,97.58,97.2,94.06,94.7,95.77,97.69,95.52,96.39,95.63,99.26,99.72,101.26,99.93,101.21,102.03,103.36,105.56,105.53,105.58,105.27,106.04,106.46,107.12,100.45,103.36,106.75,106.95,95.98,96.52,98.58,99.35,100.01,99.79,96.9,98.01,97.94,97.53,94.49,93.86,96.15,97.15,98.83,101.44,102.89,103.05,105.39,105.06,108.12,108.37,109.58,108.52,107.62,106.07,102.83,103.65,107.25,108.26,109.05,104.93,104.82,104.9,105.3,102.85,106.21,107.52,106.87,106.04,107.3,109.27,109.03,109.82,109.03,108.51,111.11,112.61,111.34,112.62,113.25,116.31,112.66,113.37,115.81,113.85,113.3,112.37,103.09,103.98,102.83,103.86,105.06,105.65,106.92,103.1,102.44,103.72,103.81,102.85,104.32,104.46,101.97,101.34,102.43,101.57,101.77,101.85,103.06,104.55,104.2,104.89,103.8,101.92,102.73,102.25,102.22,
USB,52.92,53.73,53.2,51.37,50.32,51.35,51.36,51.1,50.92,51.07,51.43,51.27,50.39,50.67,51.44,50.75,51.43,51.31,50.5,50.51,50.72,52.26,51.6,52.87,53.16,54.76,55.04,55.57,54.95,54.38,55.84,55.15,55.85,56.47,56.7,56.47,56.09,55.4,55.56,56.09,55.49,55.56,56.3,55.2,55.3,56.11,55.04,54.91,54.36,53.62,52.6,53.26,52.33,53.03,52.61,53.05,53.89,54.64,54.74,54.5,54.1,54.09,53.21,53.25,53.12,53.37,55.29,55.18,55.37,55.8,56.4,58.08,57.75,57.99,57.41,57.55,58.25,58.58,59.73,60.35,60.35,60.71,60.21,60.2,61.19,62.34,62.86,60.6,61.04,62.14,61.96,61.83,62.12,62.4,63.11,62.97,62.64,63.45,62.87,63.36,63.22,63.45,62.61,62.34,62.54,63.09,63.51,64.05,63.63,63.11,63.44,63.92,64.23,64.97,64.93,64.78,64.27,62.64,61.77,61.46,61.98,61.99,62.1,61.81,62.25,61.58,60.8,61.51,62.82,62.74,
V,314.35,319.8,314.77,312.3,310.15,311.45,308.39,306.02,306.42,307.38,307.38,298.5,297.03,299.01,302.85,300.62,302.17,303.0,294.32,295.89,296.59,293.89,295.85,299.46,301.12,307.7,303.59,303.51,302.34,307.49,311.52,314.57,315.18,312.35,308.82,308.06,305.01,304.5,306.06,308.74,333.79,328.08,327.93,325.4,319.65,318.0,319.54,316.16,318.01,324.2,319.8,320.25,323.84,323.77,329.49,326.82,327.24,328.82,324.51,325.66,320.9,325.35,318.68,313.39,309.0,316.7,320.97,318.43,317.0,320.18,317.96,319.8,322.75,324.38,329.97,327.0,325.86,328.09,327.22,330.07,331.44,338.27,339.08,340.98,352.51,348.85,346.92,345.69,344.42,345.33,351.05,353.68,349.12,357.11,357.0,356.43,354.69,352.27,348.5,351.05,358.25,362.73,355.48,360.75,360.1,364.35,360.09,366.72,365.25,361.52,358.87,359.97,358.31,358.71,362.76,358.52,358.05,362.9,363.63,366.66,372.21,380.27,381.08,378.5,379.03,378.8,372.22,374.01,376.86,373.64,
VNA.DE,,,25.79,25.56,24.72,25.28,24.21,23.85,23.74,24.02,24.48,24.37,21.53,21.3,20.09,20.85,21.28,20.82,20.71,20.97,21.52,22.07,21.76,,21.93,23.1,22.96,23.07,22.78,23.25,23.24,23.21,23.29,23.55,23.47,23.41,23.1,22.79,22.92,22.76,22.55,22.42,,22.26,22.16,22.42,22.32,22.1,22.07,22.07,21.74,22.07,21.59,21.08,21.82,21.91,22.21,21.03,21.43,21.56,21.3,21.43,21.0,20.82,20.22,20.32,20.17,19.585,19.53,19.705,19.59,20.11,20.76,20.56,20.55,20.2,20.34,20.14,20.2,20.79,21.32,21.19,21.24,21.02,21.33,22.33,22.37,20.92,21.08,21.31,21.05,20.69,20.8,20.74,20.93,20.76,20.61,20.59,20.21,20.23,20.97,21.26,21.01,20.81,20.88,21.19,21.17,21.0,20.73,20.69,20.85,20.79,20.82,20.88,20.53,20.13,19.87,19.805,19.885,19.94,19.74,19.775,19.7,19.685,19.815,19.155,18.78,18.66,18.73,19.1,18.66
VOW3.DE,,,92.8,89.54,87.6,89.08,89.96,90.38,89.22,88.04,88.06,88.26,85.68,84.72,83.24,85.3,87.64,86.54,85.72,85.4,86.16,87.32,86.26,,85.36,89.36,88.12,88.6,87.24,88.72,90.5,89.02,89.3,89.84,89.38,88.62,87.52,86.36,86.48,86.44,85.32,82.66,,83.36,83.6,85.62,87.96,87.38,86.98,86.56,85.72,87.5,87.38,85.64,87.34,86.44,87.56,88.62,90.38,90.6,91.4,91.82,90.26,89.82,88.1,88.42,87.54,86.76,86.94,86.28,84.36,87.28,89.84,88.58,86.0,83.56,77.88,77.78,76.02,76.02,74.08,71.36,70.0,69.2,70.7,74.78,75.8,72.38,70.98,70.34,70.4,70.62,70.84,73.18,72.98,72.3,72.08,71.68,72.16,70.44,70.74,71.52,74.06,74.4,74.2,75.44,75.38,75.86,75.24,74.72,74.62,74.48,73.86,72.22,72.78,72.9,73.0,72.98,74.32,74.6,72.76,72.98,72.14,71.58,75.3,77.16,75.68,73.52,72.72,79.88,79.76
VRSK,209.81,211.41,205.87,206.7,210.15,200.1,199.78,197.93,197.59,200.41,203.03,199.49,198.7,200.11,197.99,193.35,182.5,184.51,182.01,184.12,187.73,183.26,180.97,183.2,180.68,174.61,167.48,161.7,164.53,166.24,170.84,177.98,176.34,178.31,178.91,177.77,173.14,175.44,174.43,175.25,177.83,181.18,180.87,175.9,174.63,170.82,170.59,169.06,166.68,165.39,158.75,155.94,156.84,163.63,169.72,166.32,166.98,170.24,167.51,166.81,170.13,169.52,174.99,175.19,175.17,179.24,180.55,177.11,177.66,178.89,180.66,177.83,179.23,178.44,174.44,171.14,168.18,171.22,174.29,176.26,177.63,177.25,177.18,179.61,182.42,183.02,190.11,188.45,185.45,183.6,188.25,187.63,190.92,194.5,198.04,197.41,194.07,192.01,189.72,193.07,202.24,209.58,212.01,197.77,193.41,191.4,190.0,187.55,182.64,187.6,178.62,177.59,176.67,178.11,180.74,174.44,177.84,178.36,186.04,184.89,187.79,186.67,185.28,186.83,189.04,190.16,192.98,187.44,189.3,182.5,
VRTX,471.58,470.43,457.0,450.67,450.78,477.77,488.79,476.57,469.08,461.13,461.5,451.1,449.75,452.89,450.97,441.2,449.14,449.29,431.01,432.14,442.09,446.71,436.56,433.45,425.26,432.33,436.35,434.25,433.68,435.28,437.19,431.15,437.58,437.67,429.65,435.45,433.81,427.38,425.87,426.68,419.71,423.66,421.54,422.11,412.27,422.67,423.59,421.11,428.5,436.48,444.26,447.36,435.86,430.25,433.15,427.64,426.01,432.96,433.79,435.39,434.08,442.25,433.26,424.9,420.01,433.5,443.86,441.72,440.9,433.8,435.21,440.02,439.5,444.22,447.54,450.39,453.21,463.76,469.93,473.5,482.2,487.62,489.62,494.8,501.53,512.34,512.77,498.14,482.11,484.33,474.71,473.18,469.6,476.25,481.98,478.48,473.56,471.58,465.0,472.58,477.99,482.86,481.91,470.54,469.87,468.14,465.51,479.02,480.86,482.1,519.82,522.01,520.08,515.74,502.29,502.53,517.34,532.55,538.27,540.7,542.42,543.75,546.24,540.08,540.08,532.23,545.08,549.07,551.61,544.48,
VZ,49.37,50.15,50.34,50.41,50.36,50.02,50.06,49.81,50.95,50.75,50.36,49.38,48.91,49.49,49.62,50.48,50.29,50.43,50.28,50.15,49.74,49.17,49.28,49.03,48.53,47.12,47.26,45.95,45.04,44.27,44.93,45.04,46.08,46.26,46.13,45.17,46.3,46.38,46.74,46.6,46.26,46.83,47.81,47.33,47.2,46.91,47.06,46.95,46.97,47.27,47.17,46.91,46.34,45.81,46.79,47.49,47.38,48.05,47.86,48.12,47.77,47.34,47.47,47.27,46.14,44.3,45.0,45.1,44.79,45.95,46.9,47.0,47.02,46.31,45.23,45.36,45.15,45.4,45.43,45.33,46.0,42.78,42.0,41.49,40.76,41.63,42.42,42.25,41.66,41.34,42.35,42.21,42.21,42.89,43.27,43.14,42.89,44.16,43.78,43.73,46.32,47.8,45.7,45.73,45.47,47.15,46.06,45.09,46.58,46.09,46.1,46.8,46.61,47.0,48.19,48.0,48.41,48.59,49.14,49.17,49.36,49.79,50.08,49.12,49.54,49.91,50.24,50.15,50.15,50.08,
WBD,28.17,27.93,27.81,27.67,27.71,27.69,27.75,27.4,27.02,27.19,27.34,27.22,27.29,27.33,27.37,27.25,27.12,27.07,26.86,27.0,27.08,27.28,27.29,27.31,27.34,27.48,27.48,27.42,27.31,27.31,27.19,27.2,27.34,27.36,27.27,27.27,26.9,26.92,26.82,26.6,26.99,26.88,26.95,26.89,26.85,27.1,27.06,27.08,27.05,27.12,27.09,27.1,26.94,26.92,27.01,27.07,27.05,26.86,26.9,27.02,26.97,26.9,26.95,27.13,27.0,26.9,25.91,26.11,26.39,26.21,26.18,26.52,26.8,26.51,26.2,26.14,26.25,26.63,26.71,26.96,26.66,26.82,26.57,26.69,26.24,26.0,26.11,26.12,26.0,26.49,26.28,27.05,27.02,26.83,26.78,25.72,25.63,25.75,25.78,25.76,25.25,25.27,25.5,25.44,25.4,26.07,25.4,25.58,26.18,26.27,26.6,26.88,27.34,27.64,27.7,27.73,27.9,28.43,28.18,28.3,28.69,28.68,28.72,28.65,28.71,28.49,28.3,28.33,28.3,28.21,
WDAY,132.7,141.28,144.1,144.37,147.19,139.31,136.56,133.85,130.91,132.24,133.9,130.62,132.18,128.75,134.17,128.28,125.88,126.0,122.3,124.6,127.38,125.02,127.3,127.61,126.9,118.7,110.36,110.49,113.77,116.77,118.26,123.8,122.23,124.01,126.48,125.61,113.57,114.36,117.03,119.74,117.97,117.68,121.24,126.19,124.31,121.09,125.72,123.16,120.55,118.48,112.55,115.3,119.97,123.09,128.08,122.21,119.04,125.16,122.18,121.71,124.02,132.28,149.06,143.85,143.04,147.85,143.53,141.14,134.83,136.19,130.19,125.02,128.62,124.64,121.57,116.55,111.5,113.28,113.59,113.51,115.05,122.67,119.5,126.08,130.08,129.2,142.01,137.18,130.15,137.65,140.85,132.26,141.31,141.46,142.36,139.13,139.01,131.93,127.11,130.49,140.19,151.06,158.99,149.54,152.1,161.64,162.28,168.87,163.05,174.28,176.2,179.28,173.17,174.6,195.01,189.31,190.43,189.46,194.78,194.79,198.48,193.7,188.05,189.79,189.25,196.6,195.95,197.38,203.0,195.4,
WFC,79.85,82.03,81.19,77.94,76.86,77.45,76.5,74.65,74.03,74.37,75.82,75.81,74.68,76.21,78.12,77.58,79.33,78.72,76.86,76.49,77.45,80.18,78.69,80.76,80.9,84.25,84.44,84.99,84.07,80.32,80.15,80.0,81.03,81.24,81.2,80.17,79.74,79.25,79.34,80.94,80.7,80.01,80.81,79.18,79.01,80.35,78.69,75.55,73.19,72.87,73.28,73.22,72.78,73.33,73.85,73.98,74.91,76.12,76.77,75.18,75.35,76.34,76.5,76.72,77.4,79.72,81.45,80.83,80.93,81.45,80.83,82.62,83.03,83.94,83.59,81.95,82.69,83.05,83.51,84.28,83.1,83.47,82.52,82.75,85.09,85.92,86.89,85.1,85.65,86.65,86.11,83.83,85.7,87.21,86.5,86.06,85.89,86.25,85.1,85.7,86.9,86.41,83.71,84.02,85.44,86.41,87.37,88.84,87.2,86.04,86.57,87.25,87.4,87.78,87.76,87.48,86.85,85.58,83.62,83.48,84.02,83.88,84.1,83.72,85.2,85.88,86.01,87.58,88.68,88.73,
WMT,125.67,126.24,121.65,121.62,122.5,123.35,123.05,122.28,124.97,124.83,124.86,121.83,119.27,118.02,119.05,120.49,121.78,121.79,121.82,123.14,122.84,123.13,124.15,125.37,121.79,121.33,126.82,126.22,123.95,122.55,123.18,123.97,123.37,127.32,127.48,128.84,130.49,129.28,127.4,126.78,125.91,127.95,130.98,129.68,130.3,129.53,128.67,130.25,126.38,127.72,128.77,130.86,130.79,131.13,132.06,130.33,120.39,118.91,117.92,118.04,117.33,114.71,113.56,112.73,112.96,117.29,118.1,118.15,118.0,117.53,119.46,119.53,118.58,119.88,117.45,116.8,116.95,116.34,118.93,115.38,115.09,114.2,112.93,107.25,109.16,109.37,111.3,111.81,111.04,111.93,114.01,113.5,112.07,113.56,113.6,112.14,109.89,108.72,106.79,108.01,109.89,112.84,112.45,110.44,109.89,110.16,108.56,111.36,111.04,110.5,110.76,112.19,112.28,114.81,114.64,113.92,114.48,113.99,102.85,102.15,104.0,104.4,104.08,102.27,102.5,102.84,104.66,105.46,106.02,106.93,
XEL,81.28,81.97,81.73,80.94,81.28,81.32,80.97,80.14,81.07,81.15,81.21,79.98,78.56,76.18,76.58,76.48,77.68,77.24,77.69,78.72,78.32,79.02,79.46,80.08,80.06,79.61,81.1,82.19,80.41,78.77,78.5,78.97,79.81,80.17,78.72,77.35,78.44,78.61,79.17,78.94,78.24,79.02,82.38,80.65,80.83,80.16,79.79,79.27,79.4,79.32,78.63,79.63,77.68,77.54,77.83,79.53,79.49,79.98,80.67,80.15,79.16,78.43,76.16,76.16,76.95,76.62,78.17,77.42,77.3,77.5,78.09,78.32,77.77,78.65,77.32,76.89,77.17,78.69,80.35,81.13,82.0,81.5,80.16,79.32,80.02,80.05,80.58,79.55,78.69,79.02,80.1,80.03,78.89,79.43,78.68,78.28,77.98,79.25,79.51,80.96,80.38,80.25,78.43,77.88,77.88,76.92,76.45,76.59,76.44,76.08,76.39,76.48,77.66,78.61,78.73,78.41,79.08,78.52,78.67,76.2,76.12,76.99,77.03,76.67,75.97,75.06,75.43,74.71,75.65,75.45,
XOM,150.3,147.86,149.47,149.96,149.47,147.7,147.66,151.63,152.98,154.76,156.8,157.53,154.84,159.1,155.02,161.25,162.93,162.06,164.8,171.05,165.97,159.53,159.59,159.53,161.77,150.98,154.31,151.92,151.28,146.72,146.9,149.35,141.97,146.35,146.24,148.18,148.5,146.95,147.97,149.83,151.01,151.34,151.13,149.52,152.41,147.09,144.19,143.92,146.0,149.77,149.68,151.26,153.0,155.23,159.64,156.27,153.46,153.17,149.47,145.75,146.87,144.71,147.0,148.5,150.02,150.94,149.3,150.9,147.78,149.56,146.42,145.15,137.72,139.98,140.32,135.85,137.02,138.5,135.59,134.95,135.92,135.39,135.33,135.63,136.33,136.01,138.13,139.81,137.12,137.14,140.49,143.89,142.03,144.55,147.17,146.23,148.48,152.95,156.06,155.68,152.5,151.88,155.86,154.53,152.14,152.65,149.09,151.15,151.84,151.53,154.45,159.27,157.56,157.43,159.25,159.09,163.25,164.66,166.07,164.61,162.25,160.46,157.76,156.14,155.32,158.74,162.22,162.76,162.09,159.16,
ZAL.DE,,,19.4,20.23,19.825,20.09,20.02,20.52,21.65,22.66,23.51,23.34,22.38,21.75,21.06,21.22,21.14,20.46,20.13,19.59,20.33,20.68,20.62,,20.29,21.58,21.55,21.84,21.72,21.9,22.04,22.61,22.94,23.05,23.05,22.45,21.84,21.71,21.75,21.0,20.95,20.73,,20.79,20.8,19.69,19.88,19.82,19.74,18.61,18.85,19.215,19.23,18.94,19.595,19.275,20.14,20.78,21.43,22.28,22.26,22.81,22.69,23.04,23.22,23.31,23.59,23.83,23.96,24.35,24.55,24.63,24.06,23.77,23.8,23.97,23.98,24.79,25.25,26.37,23.77,24.92,24.97,24.66,25.3,27.08,26.89,25.7,26.0,26.76,26.47,27.02,26.87,27.35,27.5,27.7,27.84,27.95,27.07,26.62,27.84,28.52,29.1,28.95,28.26,28.56,23.86,24.25,24.7,24.51,24.45,24.05,23.9,23.92,23.59,22.63,22.6,22.25,22.32,22.44,22.67,22.83,23.09,23.02,23.83,24.0,24.02,22.91,22.66,22.72,23.07
ZS,144.4,153.8,155.614,158.33,160.7,154.44,151.82,150.33,151.0,151.74,152.67,153.43,153.85,148.28,150.17,139.3,138.85,137.6,128.0,134.66,136.11,132.58,134.1,137.655,136.255,136.97,120.765,114.625,117.96,120.79,122.77,132.79,133.5,132.6,135.58,136.75,130.34,130.42,133.685,134.5,131.74,127.79,131.965,139.42,138.955,134.74,147.16,145.11,147.66,145.68,143.03,146.39,152.12,162.1,173.95,168.09,168.68,173.792,181.875,125.66,122.31,130.365,143.75,140.0,133.53,132.5,128.98,127.737,120.851,122.215,119.9,119.5,127.45,123.61,123.38,119.9,121.72,124.12,124.5,122.15,125.23,133.5,134.5,143.26,145.0,143.65,147.42,142.12,138.64,138.6,138.03,139.275,147.2,144.66,145.39,146.97,146.735,141.115,139.24,139.81,144.0,142.75,150.2,143.854,145.11,151.21,153.74,160.88,155.54,165.0,168.0,172.283,173.52,177.02,183.32,182.805,184.44,181.69,174.6,172.45,175.6,166.66,160.13,177.04,181.62,183.83,176.39,171.32,173.93,165.06,
ZW=F,567.25,566.5,574.0,608.25,598.0,584.75,588.5,592.25,618.5,594.5,586.75,586.0,600.5,594.75,577.75,582.5,579.25,593.0,599.25,597.75,605.25,593.25,594.0,588.5,588.0,577.0,570.0,567.5,576.25,578.5,585.25,590.75,582.75,590.25,592.75,598.25,598.75,602.0,608.5,619.25,641.5,622.0,620.25,629.5,614.75,598.25,595.25,606.5,613.25,629.75,659.0,647.0,631.5,646.0,661.0,655.5,645.25,642.25,634.75,620.75,618.0,609.25,606.5,599.25,585.5,579.25,578.0,574.75,581.75,583.5,582.25,579.75,571.0,582.75,593.5,601.25,596.0,586.25,583.25,580.5,574.0,568.0,568.0,577.25,590.5,590.25,604.5,599.5,606.5,630.0,627.0,615.0,642.75,669.5,666.5,672.75,665.25,678.0,693.0,659.5,658.0,650.5,658.25,658.25,634.5,632.0,635.5,633.25,626.75,628.5,639.25,627.0,631.5,645.5,652.5,665.25,660.25,660.25,675.75,674.5,678.0,667.25,683.5,723.25,737.5,741.25,759.25,751.25,728.5,716.0,
