ticker,2026-04-01,2026-04-02,2026-04-06,2026-04-07,2026-04-08,2026-04-09,2026-04-10,2026-04-13,2026-04-14,2026-04-15,2026-04-16,2026-04-17,2026-04-20,2026-04-21,2026-04-22,2026-04-23,2026-04-24,2026-04-27,2026-04-28,2026-04-29,2026-04-30,2026-05-01,2026-05-04,2026-05-05,2026-05-06,2026-05-07,2026-05-08,2026-05-11,2026-05-12,2026-05-13,2026-05-14,2026-05-15,2026-05-18,2026-05-19,2026-05-20,2026-05-21,2026-05-22,2026-05-25,2026-05-26,2026-05-27,2026-05-28,2026-05-29,2026-06-01,2026-06-02,2026-06-03,2026-06-04,2026-06-05,2026-06-08,2026-06-09,2026-06-10,2026-06-11,2026-06-12,2026-06-15,2026-06-16,2026-06-17,2026-06-18,2026-06-19,2026-06-22,2026-06-23,2026-06-24,2026-06-25,2026-06-26,2026-06-29,2026-06-30,2026-07-01,2026-07-02,2026-07-03,2026-07-06,2026-07-07,2026-07-08,2026-07-09,2026-07-10,2026-07-13,2026-07-14,2026-07-15,2026-07-16,2026-07-17,2026-07-20,2026-07-21,2026-07-22,2026-07-23,2026-07-24,2026-07-27,2026-07-28,2026-07-29,2026-07-30,2026-07-31,2026-08-03,2026-08-04,2026-08-05,2026-08-06,2026-08-07,2026-08-10,2026-08-11,2026-08-12,2026-08-13,2026-08-14,2026-08-17,2026-08-18,2026-08-19,2026-08-20,2026-08-21,2026-08-24,2026-08-25,2026-08-26,2026-08-27,2026-08-28,2026-08-31,2026-09-01,2026-09-02,2026-09-03,2026-09-04,2026-09-07,2026-09-08,2026-09-09,2026-09-10,2026-09-11,2026-09-14,2026-09-15,2026-09-16,2026-09-17,2026-09-18,2026-09-21,2026-09-22,2026-09-23,2026-09-24,2026-09-25,2026-09-28,2026-09-29,2026-09-30,2026-10-01,2026-10-02,2026-10-05,2026-10-06
AAPL,256.18,256.13,262.16,256.2,259.75,261.12,262.19,260.18,261.93,266.56,267.16,272.3,274.28,272.8,273.74,275.77,273.06,268.36,273.23,271.04,276.0,287.22,280.63,284.57,288.03,292.13,294.76,293.88,295.27,300.92,300.45,303.2,300.66,300.51,302.8,305.54,311.4,,311.82,313.26,312.8,315.0,310.94,315.45,316.94,313.54,315.17,317.4,300.75,294.75,297.0,297.14,297.78,300.48,302.07,300.57,,302.42,301.64,299.7,288.8,285.95,288.37,289.94,296.59,309.42,,314.2,315.48,314.82,316.53,316.91,323.45,316.19,328.73,334.68,334.99,333.71,329.6,329.0,323.3,334.37,339.57,342.89,344.57,334.75,310.69,311.8,310.42,311.71,316.29,314.81,308.26,309.97,305.66,306.0,307.49,307.66,311.49,319.28,320.28,312.38,313.36,313.59,315.43,315.4,322.37,321.24,327.3,328.4,330.81,328.93,,320.7,319.15,326.74,336.22,335.5,331.78,335.48,338.34,338.49,339.64,345.34,341.8,338.91,341.67,342.99,337.09,339.5,332.48,334.54,336.21,334.38
ABBV,220.45,214.56,209.0,206.49,212.22,213.51,214.1,208.08,210.42,209.82,209.66,212.35,208.33,206.2,205.99,202.76,200.25,201.42,199.18,205.83,214.87,211.0,208.34,209.52,207.01,207.0,202.4,205.38,211.32,209.53,213.51,214.92,211.36,215.8,214.5,215.64,220.01,,217.05,215.94,219.38,219.6,216.5,216.57,219.54,224.99,230.47,228.58,227.14,227.14,227.55,228.4,226.5,223.5,222.84,222.35,,232.32,235.31,237.36,244.61,253.35,255.99,255.5,251.8,261.64,,260.92,260.35,255.82,254.86,251.66,249.74,246.42,247.75,254.54,260.96,256.15,257.06,257.81,258.38,260.22,262.1,266.92,267.47,259.89,255.52,256.2,246.91,249.38,249.95,246.76,248.01,250.77,250.09,255.3,250.61,251.49,259.18,266.97,265.93,266.84,266.04,266.91,265.0,262.5,259.0,258.24,262.27,262.97,264.25,258.91,,254.62,251.18,255.31,259.61,264.65,264.81,264.0,264.62,266.34,266.6,266.82,269.39,267.41,266.0,267.74,268.93,265.36,262.32,264.06,267.34,268.86
ABNB,127.5,126.18,127.245,126.82,134.26,130.96,130.535,130.65,134.66,138.05,139.95,143.3,143.87,145.77,147.25,143.99,142.992,143.67,141.7,140.36,142.0,143.48,143.52,140.815,143.9,142.19,146.97,146.29,138.515,134.93,134.66,134.01,137.26,135.5,136.46,135.07,136.11,,136.08,134.575,134.69,135.75,138.04,136.6,134.8,137.235,135.93,136.4,136.41,132.25,130.98,132.72,140.16,141.54,143.8,143.62,,142.57,141.225,147.27,145.342,147.58,150.19,147.81,148.745,150.07,,149.8,150.02,147.175,147.27,149.3,149.96,147.51,150.75,150.88,147.84,146.8,145.62,144.47,138.25,142.7,147.03,153.19,156.5,152.21,152.64,154.56,151.19,155.25,153.79,178.48,185.99,187.12,184.11,185.33,186.97,184.14,186.1,189.2,186.8,188.595,193.453,191.36,192.43,188.719,191.49,189.33,184.215,183.56,187.36,184.51,,182.79,174.4,170.13,170.43,173.51,169.77,170.53,169.31,167.34,167.97,169.6,160.2,153.97,158.64,158.7,158.4,162.46,161.75,164.91,164.86,164.89
ABT,103.79,103.47,103.08,102.87,103.84,103.32,102.77,100.9,102.18,102.48,99.0,97.14,97.32,95.91,94.04,92.49,92.66,93.26,94.79,93.72,91.48,91.0,89.72,87.83,87.69,88.3,87.31,84.44,85.1,84.26,85.27,86.48,87.92,89.34,88.79,88.6,88.84,,86.96,86.84,86.4,86.73,87.93,87.85,88.11,91.48,92.73,91.34,92.02,91.32,90.37,90.29,89.16,90.69,91.58,89.44,,88.59,90.93,92.92,94.56,95.21,94.98,93.29,94.0,95.74,,95.92,98.14,96.19,94.98,94.97,94.1,90.5,89.88,101.87,102.13,102.46,101.83,101.04,101.9,104.18,105.86,109.26,110.04,106.81,106.39,109.33,106.19,106.76,107.99,107.97,109.09,110.19,111.28,112.47,111.97,111.41,113.63,115.67,115.23,116.66,117.34,116.61,116.72,113.45,112.75,111.64,113.91,112.2,112.0,110.01,,108.39,106.86,105.19,104.18,104.44,103.06,103.3,103.0,103.19,103.2,104.54,104.31,104.22,101.82,101.76,101.07,100.63,99.45,97.59,100.7,100.95
ACN,198.5,201.33,201.72,200.27,202.16,190.75,185.98,192.04,194.3,196.45,196.69,199.65,199.58,199.53,194.76,181.39,179.95,181.94,181.34,180.48,178.99,183.9,182.34,180.43,179.5,180.74,181.14,181.29,175.0,168.15,166.07,169.6,177.55,184.79,180.51,178.47,182.7,,178.65,179.61,179.84,188.24,198.0,191.9,184.0,185.0,183.18,180.18,176.36,173.53,170.84,171.77,172.59,169.79,166.87,134.7,,125.84,127.83,131.88,129.8,129.25,132.38,125.48,133.81,138.9,,138.11,143.97,141.63,139.13,142.45,141.74,137.75,139.54,145.52,147.42,145.59,144.42,143.49,139.3,147.53,156.84,167.75,176.4,166.73,166.94,171.47,171.3,173.27,171.47,176.33,179.66,180.3,180.15,185.8,180.5,175.52,176.93,185.77,187.14,188.45,188.08,188.0,185.84,189.93,191.9,191.46,190.5,190.05,195.32,192.17,,184.35,180.97,179.39,184.12,195.47,197.63,192.0,192.11,189.48,193.75,190.24,188.28,186.34,180.05,177.08,177.77,184.3,227.63,213.31,199.74,196.16
ADBE,243.48,245.01,246.7,244.77,247.44,236.3,231.04,240.19,244.01,245.93,254.51,254.08,251.63,254.75,258.75,246.54,245.66,245.88,245.26,243.62,246.68,253.56,255.88,256.62,254.4,259.44,253.37,255.41,247.58,239.08,238.24,248.57,256.19,265.09,253.69,247.95,249.77,,243.57,244.24,244.76,260.63,275.44,272.03,260.0,265.94,262.53,250.74,245.25,238.51,232.5,205.65,211.99,210.8,206.5,196.78,,199.25,200.55,202.41,199.3,203.48,209.54,205.6,213.66,222.15,,219.76,230.74,222.5,222.71,228.4,232.08,224.2,231.53,235.48,240.15,236.66,231.5,229.66,222.75,226.93,242.05,254.06,266.28,255.3,250.71,262.15,258.54,261.01,260.64,270.16,273.13,272.23,263.26,271.88,273.4,261.65,267.39,275.8,274.25,277.1,279.0,275.91,274.6,291.18,294.09,294.13,294.53,287.49,292.88,275.91,,262.81,259.43,255.0,255.3,266.1,264.46,254.98,252.84,252.67,251.48,254.67,241.74,244.21,241.16,231.49,233.33,240.84,248.3,243.92,241.0,240.87
ADI,325.75,321.71,327.46,327.51,349.0,352.78,354.29,350.08,352.67,349.05,355.85,372.45,385.46,383.6,383.6,408.37,406.3,399.52,393.1,394.95,402.67,399.05,402.26,405.66,416.0,413.96,418.75,422.88,420.91,435.72,433.91,422.18,428.68,423.42,406.14,397.0,400.73,,422.94,433.5,420.95,423.45,409.99,423.97,439.7,432.27,419.64,415.0,414.59,411.0,413.05,422.23,433.0,438.65,428.09,438.56,,445.91,426.86,414.46,431.87,406.08,398.06,401.82,397.58,396.0,,395.93,381.66,389.78,399.35,398.34,390.59,400.47,400.69,386.07,379.78,382.1,388.0,387.62,382.97,379.58,376.8,373.28,368.94,368.42,376.73,365.73,382.48,384.13,384.4,392.2,394.04,394.16,396.26,389.7,389.45,396.95,385.9,383.4,384.95,378.64,373.0,377.48,377.49,376.88,374.14,366.72,356.44,360.77,357.27,364.99,,366.36,366.97,363.36,380.36,366.26,366.87,367.49,372.27,376.01,384.12,390.55,390.06,384.34,395.92,396.07,405.38,399.48,406.19,421.7,419.34,422.67
ADP,204.44,204.3,205.35,205.44,206.54,199.82,196.05,195.47,197.69,198.88,201.4,202.14,203.39,206.1,203.95,200.9,197.63,199.45,201.52,215.17,215.06,216.55,216.1,211.23,209.21,215.09,213.56,213.13,215.81,212.48,211.24,214.92,223.31,227.43,221.02,220.59,226.46,,223.48,221.37,221.1,224.16,234.73,231.89,229.93,237.11,234.85,231.61,231.59,233.2,230.87,227.2,226.54,225.79,224.04,220.03,,218.32,220.93,223.39,225.29,224.22,226.7,225.87,236.83,243.03,,243.38,248.42,245.19,241.51,244.3,251.64,247.81,251.06,257.36,261.31,256.01,253.35,249.25,244.8,250.84,257.74,268.17,280.59,267.47,266.93,275.56,270.8,274.97,273.81,275.28,273.72,273.14,271.03,276.88,277.33,269.94,274.63,278.96,281.67,282.17,285.59,283.41,284.01,286.17,287.86,287.32,288.0,283.0,287.63,280.67,,274.56,268.3,268.73,268.59,277.27,278.52,277.62,273.3,272.24,271.91,273.0,269.72,267.92,265.06,264.87,262.21,264.32,266.46,264.92,260.78,263.47
ADS.DE,,,,136.85,140.2,137.4,140.15,136.75,138.3,140.0,142.05,148.0,145.4,146.9,144.5,141.2,137.95,139.2,138.55,150.5,149.5,,148.4,143.35,150.6,153.2,150.2,145.85,144.2,145.5,147.15,146.5,149.6,148.8,149.25,151.6,157.45,159.0,157.65,168.95,170.1,170.3,168.0,169.2,166.4,163.5,164.6,166.35,169.7,172.6,175.0,179.6,180.5,176.05,174.9,178.15,177.5,174.5,176.55,176.6,182.0,181.7,183.15,181.55,181.0,186.0,186.1,188.8,188.5,187.1,182.2,182.55,184.35,183.55,183.95,183.3,182.9,183.05,181.6,181.35,179.4,174.55,180.35,181.8,182.25,163.75,163.35,167.7,163.15,164.65,165.3,165.8,167.9,167.9,161.4,160.7,161.2,157.3,154.7,156.05,156.05,154.65,156.5,156.45,154.2,153.5,155.3,154.75,151.8,151.35,149.6,150.0,149.3,149.95,148.8,144.65,143.6,143.95,144.85,145.25,145.1,143.25,144.55,148.75,147.2,145.1,146.5,148.4,147.85,147.15,146.0,145.45,144.7,145.7
ADSK,240.49,241.46,239.0,238.6,244.8,238.5,223.15,227.53,230.68,240.78,245.58,250.0,246.3,250.91,250.0,241.1,237.74,241.58,241.99,235.98,237.68,246.86,249.98,250.35,248.75,255.14,247.65,244.97,240.13,231.65,235.92,238.31,243.69,251.16,243.87,242.22,247.0,,240.72,243.31,244.34,233.84,250.49,243.16,235.25,237.86,236.5,229.99,227.79,225.11,221.34,208.74,202.87,203.95,203.8,197.89,,195.94,193.77,195.76,194.31,197.87,202.46,195.0,204.7,209.92,,208.81,215.99,211.91,208.91,212.8,213.78,209.93,212.62,218.52,221.81,219.14,217.63,212.29,207.08,214.45,227.67,243.25,249.14,238.69,235.07,243.94,237.72,240.64,243.0,252.89,257.29,254.86,250.62,259.36,260.74,249.98,252.3,257.63,255.86,255.78,257.08,253.88,256.61,271.72,267.0,262.75,256.37,248.27,250.42,232.14,,214.78,212.03,213.89,213.82,230.43,232.64,225.62,220.53,220.86,219.7,222.0,220.57,218.24,214.27,208.21,206.05,210.21,216.51,214.33,226.93,231.55
AEP,132.16,133.33,133.12,133.57,134.85,137.74,137.72,136.6,135.49,135.06,135.16,134.17,135.42,133.98,133.6,135.37,135.56,136.06,136.58,136.07,137.68,138.49,137.04,139.44,136.6,132.8,132.08,131.77,132.25,128.48,128.64,128.01,127.84,129.04,129.93,129.82,131.75,,132.12,131.0,129.77,127.89,125.67,127.15,129.59,127.97,130.22,129.44,128.38,128.94,130.01,129.51,130.05,131.26,130.07,129.65,,130.88,134.05,135.5,137.54,139.08,139.33,138.02,137.36,138.6,,138.46,140.58,138.23,136.52,135.55,136.52,136.6,135.0,134.06,135.67,133.6,131.18,133.28,135.16,136.57,135.77,135.99,134.13,130.49,129.14,128.88,128.83,128.89,128.3,126.37,125.68,123.82,124.71,125.9,126.0,126.68,128.62,127.43,127.54,126.17,122.28,123.16,124.09,123.02,123.85,122.69,123.58,123.93,125.32,125.5,,126.34,126.17,125.74,125.0,123.81,122.78,121.72,121.71,121.12,120.75,120.74,119.88,118.71,118.5,118.72,119.58,120.32,119.93,121.8,120.55,121.84
AIR.DE,,,,167.46,176.36,174.34,172.66,170.46,174.1,172.56,175.94,181.98,177.76,175.44,171.5,169.24,167.9,167.4,167.32,176.42,177.68,,179.56,180.8,191.84,190.78,182.86,179.22,174.56,174.3,174.8,171.74,172.06,174.62,175.0,172.64,170.34,175.38,175.2,177.82,179.0,183.0,178.44,176.3,171.0,177.08,179.66,179.24,179.02,176.66,176.94,183.78,187.32,186.84,188.52,193.7,193.14,190.12,194.84,195.04,196.86,194.58,192.18,195.2,199.7,204.9,208.9,210.1,210.95,202.05,200.05,197.34,196.46,195.86,196.76,196.48,194.66,194.26,196.38,209.1,208.6,205.8,212.0,213.3,211.85,207.9,208.5,209.8,214.2,216.4,217.2,216.15,214.95,214.2,214.9,215.9,216.55,216.45,214.3,211.8,208.35,204.5,205.0,207.5,209.6,206.45,205.15,202.95,197.28,198.3,197.78,202.05,199.34,200.75,198.06,198.78,199.5,199.4,196.84,197.62,199.04,197.9,195.9,197.48,197.62,195.6,195.42,195.8,193.8,193.94,191.0,192.0,190.24,191.34
ALV.DE,,,,373.4,382.7,379.8,380.4,378.9,384.0,386.7,388.5,391.2,390.7,397.0,394.8,390.1,388.9,390.5,393.4,390.6,389.0,,386.6,383.6,396.2,393.1,371.9,372.6,371.0,377.2,381.5,379.6,383.4,385.1,388.0,388.7,387.7,391.6,393.1,391.2,387.6,384.2,382.0,377.6,374.9,373.2,373.4,375.6,381.3,382.6,385.4,388.3,396.5,399.2,400.2,401.6,402.7,406.9,405.8,405.8,407.7,408.8,410.7,414.1,414.3,420.9,421.5,423.4,424.0,421.1,423.1,425.5,425.0,421.7,418.8,419.6,423.5,425.0,423.8,430.6,427.7,427.4,432.3,433.7,433.6,433.5,435.2,434.7,435.9,438.6,443.9,441.7,441.0,439.6,438.9,443.5,443.0,442.4,442.6,443.4,439.6,442.8,445.5,451.4,452.9,451.5,453.4,453.0,453.8,454.2,454.6,452.5,449.8,447.4,441.0,441.5,444.5,444.8,447.0,449.3,452.4,450.8,445.9,444.1,432.0,420.4,424.7,426.9,427.6,425.0,415.5,416.2,419.9,423.7
AMAT,359.0,354.31,353.5,356.0,389.3,398.74,407.29,400.5,401.05,394.61,393.51,400.5,398.49,397.51,404.08,413.82,420.5,417.0,390.07,386.01,396.01,398.64,401.0,414.5,432.81,427.7,438.04,448.45,437.05,440.5,448.45,444.5,441.71,415.46,427.5,430.98,438.13,,456.78,462.4,457.68,460.46,463.88,491.51,508.26,510.75,484.9,497.71,525.98,534.44,557.62,569.95,599.62,600.91,623.35,638.9,,641.18,592.5,594.27,669.22,660.19,708.99,739.67,693.78,657.0,,629.0,558.28,578.14,629.98,609.22,590.02,614.14,611.72,591.09,551.18,554.99,572.5,563.34,576.49,562.8,548.55,495.0,475.0,508.54,536.54,519.5,549.67,554.08,539.5,545.94,555.32,539.99,553.75,563.76,523.0,539.81,516.83,513.48,499.89,503.5,489.74,492.3,480.67,484.98,477.97,465.9,451.45,443.5,437.14,460.2,,472.89,474.04,460.86,464.57,432.51,429.99,430.74,428.54,445.0,468.51,472.49,474.9,474.8,487.68,487.45,513.28,515.42,533.88,547.25,545.81,546.0
AMD,213.83,217.78,226.31,222.1,234.0,237.1,249.58,247.33,255.46,258.18,279.34,281.05,287.61,286.2,304.25,310.22,352.99,349.21,327.5,340.17,354.96,362.79,361.85,359.57,430.6,421.71,456.29,469.22,458.8,459.5,453.31,439.0,438.8,428.75,449.39,451.2,481.41,,506.96,510.21,527.2,522.0,517.5,522.49,546.44,532.19,505.62,494.97,505.0,477.45,490.46,521.71,558.37,548.95,532.5,539.69,,562.99,528.49,524.96,550.88,525.11,542.19,584.73,564.09,547.65,,572.5,524.97,522.98,559.5,560.25,551.87,574.2,558.89,518.74,505.88,522.44,548.14,561.47,556.49,549.0,528.0,472.75,457.22,498.2,515.62,490.95,530.13,502.0,496.72,498.99,483.36,475.99,491.69,497.99,514.67,517.35,491.81,487.01,475.53,477.36,468.54,481.5,491.12,483.0,478.75,475.81,461.5,462.21,459.77,478.83,,512.36,526.79,516.33,521.06,498.39,513.67,527.25,551.42,559.91,616.69,624.52,624.69,630.8,639.0,629.75,624.13,615.17,619.3,645.46,633.5,658.52
AMGN,357.0,354.16,348.17,341.87,351.33,359.45,357.46,352.62,351.72,352.6,351.25,356.69,356.9,350.23,347.68,350.69,347.66,348.04,346.02,339.12,349.54,337.0,326.79,329.66,332.98,331.28,332.33,334.19,338.49,338.0,337.94,336.23,325.77,332.34,333.53,337.63,343.8,,342.49,341.39,337.95,337.51,333.83,329.46,338.7,349.18,356.5,352.17,349.64,348.59,358.46,358.17,358.3,353.66,349.4,345.0,,345.11,349.4,354.42,359.1,362.27,363.11,362.78,364.0,375.15,,373.98,375.25,371.42,368.75,364.9,363.29,358.86,359.9,372.14,378.54,370.29,368.91,371.0,371.84,379.41,382.28,398.0,397.88,388.41,386.82,391.03,390.92,416.24,418.4,411.6,417.36,421.79,418.19,420.26,416.03,419.6,427.39,443.2,441.34,440.51,445.87,447.03,442.89,442.13,437.89,431.85,438.65,445.57,445.82,441.85,,410.03,395.55,391.67,386.99,384.61,381.04,379.11,382.49,386.5,394.5,413.0,415.76,409.99,415.2,419.02,424.57,426.59,422.8,410.16,403.69,405.0
AMT,173.91,176.47,177.23,176.38,177.2,182.36,181.58,181.21,178.84,178.7,178.64,183.07,183.43,181.88,178.19,179.21,179.62,178.9,180.18,179.22,182.98,184.11,182.63,180.68,181.25,180.97,179.83,178.99,180.51,176.81,175.3,172.35,177.78,184.12,184.02,184.84,185.06,,186.99,188.59,188.3,187.6,187.9,187.37,188.59,194.97,196.08,193.48,193.93,192.94,192.94,190.14,188.02,187.36,183.85,181.9,,178.43,179.75,180.47,175.29,176.61,175.82,168.6,168.15,169.7,,165.79,166.42,166.73,166.07,168.93,170.9,169.39,171.3,170.1,172.68,169.77,166.61,166.82,168.23,169.49,168.23,178.6,180.37,179.86,174.17,175.16,175.55,173.91,172.38,173.77,171.62,171.62,172.39,175.0,176.59,175.22,175.33,175.76,177.91,178.02,178.86,179.0,180.98,176.11,177.32,176.87,178.24,176.39,179.05,179.39,,179.19,176.45,176.85,178.54,179.47,178.7,179.8,177.38,175.57,175.46,177.08,175.97,171.09,169.2,169.89,169.22,167.73,164.79,165.23,162.67,165.24
AMZN,213.58,212.21,212.95,213.97,226.1,233.8,240.43,240.0,252.18,250.44,250.0,256.18,250.18,255.09,255.94,258.79,264.5,264.15,261.03,265.91,273.88,273.32,276.1,278.56,277.8,276.63,274.0,273.63,267.65,270.72,270.78,264.36,268.85,262.25,265.58,269.49,269.79,,269.3,272.41,274.5,274.75,266.63,261.2,257.09,255.83,256.38,249.42,250.43,244.07,242.14,243.36,247.81,249.51,245.91,245.73,,242.0,236.87,242.42,232.32,233.9,249.71,241.54,244.9,246.72,,246.04,248.93,244.8,247.5,251.03,249.65,248.56,256.48,258.08,250.24,252.89,249.34,248.45,238.35,234.95,235.89,233.11,232.82,239.82,273.23,287.2,281.07,282.79,275.48,278.31,280.14,278.84,273.46,269.58,265.81,265.75,262.18,266.4,263.84,261.09,263.32,263.89,262.05,259.66,267.56,264.36,255.82,256.24,259.5,261.12,,257.99,254.69,253.15,257.59,255.95,253.27,249.26,252.73,255.43,259.49,259.0,253.99,250.43,250.88,247.77,248.84,252.44,251.83,253.56,254.53,256.68
ANET,127.25,127.2,128.165,133.7,146.16,146.19,149.34,152.14,155.41,155.225,161.01,165.28,167.9,173.85,178.48,177.75,179.8,176.76,167.82,168.73,173.58,177.18,179.1,177.22,154.83,149.44,143.99,142.62,142.94,147.31,147.89,145.9,143.67,142.5,143.26,148.99,154.39,,160.14,158.11,156.38,161.5,172.33,177.48,177.48,167.79,161.193,159.23,158.99,154.97,157.07,165.25,169.28,171.21,171.29,172.0,,175.2,165.43,165.68,170.16,161.23,165.66,172.549,170.5,167.735,,177.2,169.23,181.27,189.817,187.62,189.56,185.6,186.21,170.281,171.43,172.6,177.88,176.41,179.48,177.513,176.73,169.97,169.33,171.51,183.52,186.57,194.35,214.89,197.11,198.0,195.7,198.92,211.45,210.11,205.27,202.265,197.99,195.5,187.28,190.44,190.25,193.15,203.36,206.13,200.1,197.99,196.5,189.89,192.0,197.1,,200.675,196.96,193.04,200.25,191.105,194.686,200.25,204.913,202.58,205.95,208.26,206.48,206.54,212.0,208.35,207.48,207.43,206.35,208.632,208.91,216.07
APH,64.865,64.595,64.24,64.2,68.3,69.085,71.85,72.675,74.605,74.36,74.535,76.205,77.125,77.73,75.625,76.0,75.865,75.0,73.705,77.46,76.42,73.335,71.975,72.06,70.44,69.555,68.9,64.205,64.085,64.99,64.72,64.35,62.87,60.16,61.55,62.585,66.295,,71.875,70.995,74.17,75.81,74.325,74.77,75.96,73.92,72.485,72.975,77.46,79.9,76.645,77.645,79.68,81.05,82.09,83.175,,84.375,81.135,83.165,84.36,82.97,83.45,89.26,87.07,86.5,,84.685,81.665,79.275,82.445,81.225,80.19,79.99,80.335,78.5,76.755,77.39,79.04,79.265,80.015,79.43,77.75,73.0,79.64,80.605,83.615,82.08,86.45,87.42,88.165,86.205,85.855,86.13,86.41,85.2,83.945,86.03,83.19,81.625,78.35,79.205,78.15,79.84,81.31,81.65,80.745,79.85,81.645,81.16,82.16,83.84,,84.0,82.28,80.85,84.48,81.6,79.14,79.02,79.08,79.3,81.21,83.37,83.4,83.53,85.01,85.71,86.22,85.81,87.09,88.02,87.7,89.93
APP,403.99,393.91,414.29,415.6,449.48,397.99,391.94,422.465,436.04,465.91,487.59,486.46,491.4,491.99,484.49,471.19,457.467,461.7,463.0,448.72,449.3,469.73,483.55,483.29,479.31,512.69,495.0,479.28,492.73,487.39,487.77,504.98,515.39,503.78,483.247,498.26,494.44,,538.82,581.0,606.39,616.67,622.0,617.0,599.642,587.0,595.0,573.7,567.66,517.12,495.0,499.8,530.55,523.748,518.65,483.9,,482.081,474.23,474.51,451.81,483.32,506.491,519.46,574.75,576.46,,545.35,548.44,527.2,529.88,534.03,500.43,459.57,462.69,453.83,431.39,437.93,434.6,424.64,414.89,400.9,417.58,420.945,420.85,406.38,398.16,414.28,426.9,437.79,352.0,350.93,350.28,329.935,319.65,317.6,324.37,326.195,314.75,315.335,319.42,307.39,307.0,310.88,316.8,315.88,335.45,317.89,318.795,320.83,331.81,323.8,,322.73,312.37,317.66,325.6,338.34,334.46,336.44,333.431,328.15,336.94,333.605,316.5,320.445,316.01,322.738,313.38,303.17,291.545,279.94,287.2,283.76
ARM,158.37,152.07,153.68,145.5,153.42,150.4,159.29,157.77,163.5,161.74,166.09,168.35,175.315,179.4,196.66,210.8,237.68,227.3,204.669,203.5,215.2,216.353,215.45,214.39,239.5,232.23,222.0,215.5,216.498,222.47,228.68,216.7,215.5,226.95,259.44,298.7,315.0,,325.0,323.77,349.42,356.45,421.69,427.99,417.5,397.45,373.74,364.35,362.575,332.1,344.68,385.8,416.174,428.6,444.8,452.7,,444.95,389.8,374.56,379.97,339.9,346.15,361.95,346.67,358.49,,338.244,314.9,311.365,339.44,328.281,311.43,310.5,288.5,268.66,272.88,277.4,294.0,288.44,284.0,288.99,268.2,253.61,243.245,268.48,261.905,241.9,283.269,281.59,295.57,299.285,282.8,273.39,280.16,290.21,281.67,287.15,258.5,268.0,251.23,255.93,240.25,247.99,253.0,267.69,251.69,243.7,235.98,236.44,244.07,255.69,,267.97,274.8,257.92,267.77,249.25,253.155,252.795,267.0,275.78,324.16,334.66,336.98,326.0,325.48,307.17,301.0,295.99,297.14,318.362,311.0,308.5
ASML,,,,1139.8,1220.4,1234.8,1280.2,1265.6,1298.8,1307.2,1268.0,1248.0,1248.8,1268.6,1260.2,1240.0,1262.4,1255.2,1214.6,1194.6,1222.4,,1230.0,1232.0,1306.2,1332.6,1329.2,1344.4,1307.4,1327.0,1371.6,1339.4,1313.2,1279.8,1336.8,1361.2,1412.6,1437.0,1428.4,1431.2,1395.0,1420.6,1394.4,1465.2,1496.0,1499.0,1475.0,1532.6,1582.4,1567.2,1586.0,1629.6,1669.0,1632.8,1658.6,1691.4,1676.2,1711.4,1608.8,1585.0,1636.0,1593.2,1615.4,1741.0,1735.0,1644.4,1641.4,1636.8,1571.6,1555.2,1625.2,1578.4,1555.2,1569.0,1678.2,1620.0,1559.0,1574.8,1596.4,1589.6,1603.8,1594.4,1592.0,1426.0,1420.2,1456.2,1495.8,1443.8,1485.8,1500.4,1503.8,1529.0,1558.0,1576.8,1596.4,1613.4,1613.2,1632.0,1606.0,1562.2,1523.8,1530.4,1512.6,1517.8,1512.4,1541.0,1497.8,1485.0,1474.6,1447.6,1452.8,1482.8,1504.4,1540.0,1522.8,1498.6,1497.2,1429.6,1411.8,1422.8,1435.8,1448.4,1496.6,1520.4,1524.8,1520.8,1543.0,1553.8,1624.0,1630.2,1628.0,1659.6,1666.2,1673.8
AVGO,315.79,314.69,316.4,334.15,354.14,358.7,376.55,380.86,382.28,397.08,399.68,406.73,406.42,403.6,423.2,429.31,425.0,422.75,405.81,405.64,418.38,423.17,423.83,433.39,437.68,426.49,435.0,433.65,429.34,418.63,442.36,432.81,422.01,417.95,424.17,422.25,419.99,,435.31,432.8,429.68,448.9,466.05,488.82,495.0,426.48,410.5,402.84,407.87,385.81,389.5,384.98,396.2,391.79,400.65,412.7,,414.64,391.02,388.74,388.8,373.69,376.21,379.62,373.75,374.0,,383.16,372.96,395.09,407.52,402.44,395.75,397.33,399.0,386.74,377.35,383.59,390.58,398.59,397.61,389.27,389.9,385.8,386.12,388.68,399.92,392.61,422.07,427.0,428.03,430.84,432.73,426.76,426.5,424.92,412.5,399.36,385.78,373.91,367.12,375.13,366.17,362.99,359.47,371.72,376.59,372.75,371.4,371.09,359.4,360.16,,372.7,368.01,365.27,366.78,350.25,347.26,344.15,350.94,363.28,363.97,366.55,362.9,351.44,354.43,355.86,361.86,357.9,354.45,357.35,363.87,380.84
AXON,439.51,422.61,420.64,411.49,412.83,387.09,360.46,364.88,383.87,404.15,414.21,410.39,404.68,410.04,414.0,399.41,398.57,408.23,412.0,406.31,403.21,413.95,413.66,396.84,387.68,438.97,432.76,400.19,409.21,393.99,394.89,403.52,414.5,402.03,402.52,395.13,400.0,,400.63,392.51,448.35,450.74,484.84,493.75,485.36,515.8,514.99,492.59,479.47,462.99,453.15,450.0,457.57,448.1,442.81,428.05,,419.03,441.11,468.04,466.63,477.17,524.78,562.06,610.99,603.0,,623.96,665.07,630.99,590.82,588.0,578.0,559.14,560.0,545.31,538.2,532.19,533.33,511.46,500.0,505.71,533.02,551.07,564.24,526.03,530.97,577.44,608.19,617.25,628.22,572.68,598.72,642.5,642.68,619.16,622.55,620.72,626.07,651.61,644.0,636.36,634.94,620.79,614.0,615.92,616.0,597.49,559.3,517.98,539.41,532.4,,514.62,503.28,492.19,488.46,499.89,471.41,475.99,473.27,458.0,456.0,462.0,460.98,449.54,449.68,432.71,427.76,432.64,429.17,429.76,418.0,424.24
AXP,307.25,302.75,305.79,307.12,322.5,318.15,318.0,324.22,328.91,332.4,331.17,339.98,334.74,338.09,334.5,332.2,318.82,318.96,323.7,317.55,323.85,325.0,322.9,320.6,324.78,324.54,320.05,316.4,314.95,312.1,314.68,315.49,315.66,312.99,310.87,310.75,314.43,,314.57,317.49,315.5,319.24,314.8,313.7,310.36,314.96,314.5,313.96,322.54,320.31,319.53,325.62,340.0,342.19,346.95,348.2,,340.25,338.53,344.52,352.52,344.01,344.05,344.14,350.5,352.09,,358.17,359.59,346.81,348.51,352.99,357.59,361.0,362.72,363.14,358.8,357.4,354.87,349.7,344.91,329.05,336.61,336.82,336.39,337.8,340.3,345.16,348.5,352.49,350.0,343.32,342.0,343.59,344.57,347.11,345.99,343.0,339.41,345.2,338.0,337.16,344.0,338.74,337.5,336.08,336.56,332.83,329.88,332.71,335.0,328.54,,328.04,324.87,321.95,326.26,328.31,327.0,322.32,316.74,313.56,315.31,316.74,305.67,305.89,310.0,308.88,307.18,307.19,305.0,304.0,304.31,307.3
AZN,151.0,154.36,,152.86,154.44,152.9,154.5,151.3,150.32,151.22,149.12,151.18,151.08,148.96,146.4,145.58,143.1,140.72,139.3,139.1,140.7,138.1,,135.66,136.36,137.08,134.66,136.38,137.48,138.14,139.0,138.92,137.66,139.12,140.52,140.6,141.2,,140.8,140.44,138.1,139.16,137.26,134.44,132.1066,135.94,138.64,138.78,137.16,137.3,136.8,137.84,135.34,133.24,134.7267,135.06,151.26,133.4,137.06,140.18,141.34,143.26,143.88,145.36,142.32,146.86,145.66,145.26,144.78,143.2,133.548,134.14,128.1,125.9,125.78,126.5,126.72,126.36,125.36,127.78,127.0,127.7,130.2,131.16,131.64,130.78,128.94,120.82,118.12,122.74,121.72,120.96,120.6,120.58,118.0,117.46,116.58,116.9,118.46,121.4,121.62,122.42,122.04,124.76,124.64,122.36,122.0,,121.32,121.94,122.9,122.1,122.1041,121.22,119.98,118.02,119.6,122.18,122.36,122.96,124.28,125.96,126.3068,126.9,126.62,125.06,126.14,126.32,127.88,125.18,122.8123,120.94,119.72,121.12
BA,210.28,208.78,212.4,211.99,220.85,221.29,220.37,222.21,225.1,224.72,225.1,230.24,225.37,225.66,232.6,235.91,236.45,235.45,231.33,230.26,229.55,231.51,227.87,225.56,232.08,236.63,238.54,241.21,239.02,242.27,244.07,226.85,221.17,220.05,223.02,221.17,221.11,,222.41,226.9,229.91,232.3,228.8,224.69,216.35,221.6,218.37,217.79,220.01,213.7,221.77,223.51,231.34,230.3,230.54,228.99,,223.55,221.48,222.25,224.13,222.58,219.51,219.23,220.75,227.52,,234.85,237.48,228.9,225.5,223.84,222.0,220.29,221.93,217.96,216.96,216.73,211.7,209.25,211.3,212.49,215.22,223.77,219.79,221.64,221.5,234.09,238.17,241.09,240.37,235.6,236.49,237.11,234.59,233.58,233.43,231.35,226.11,224.2,221.11,216.46,213.31,212.94,212.6,211.94,210.61,208.77,208.11,210.65,211.06,212.26,,215.29,212.22,208.82,211.62,211.89,212.4,212.22,203.64,199.63,202.2,203.33,204.07,199.49,201.4,192.77,190.91,192.99,194.56,196.93,195.23,193.23
BABA,124.0,121.0,,,127.9,124.0,127.5,124.5,126.8,131.0,136.1,137.2,138.4,138.2,133.4,132.7,132.8,133.9,130.6,130.6,128.5,,134.2,132.7,137.3,140.9,139.8,137.6,136.0,134.2,144.0,138.0,134.9,135.3,135.5,132.6,128.6,,129.3,127.9,123.9,124.3,124.2,131.2,130.3,125.6,125.1,120.2,119.2,116.6,112.9,111.2,113.2,110.2,108.4,106.0,,103.8,103.4,101.5,98.25,92.5,95.45,93.95,,97.4,96.0,97.4,100.5,109.0,112.9,113.0,115.1,112.6,114.8,119.8,118.0,118.9,121.0,116.3,115.1,112.2,111.6,114.2,115.5,114.8,119.3,126.0,129.2,129.0,126.5,125.8,127.5,130.3,124.9,124.1,120.8,123.4,128.3,126.5,129.0,129.8,113.5,115.0,117.8,117.4,114.8,115.0,112.7,110.4,110.7,111.9,111.0,111.7,110.9,107.2,107.7,106.6,108.8,107.7,106.0,110.7,112.7,118.3,114.2,111.1,108.6,109.5,107.2,107.4,,104.7,105.9,109.2
BAC,50.05,49.57,50.12,50.48,52.26,52.84,52.83,53.44,53.57,55.4,54.51,54.6,53.95,54.65,53.8,53.52,52.51,52.93,53.43,53.02,53.66,54.06,53.07,53.36,54.2,54.0,53.01,51.39,51.08,50.78,50.47,49.99,50.92,51.28,51.58,51.5,52.15,,52.5,52.49,51.5,51.8,51.83,52.71,52.55,54.33,54.28,54.35,54.62,55.3,55.31,56.19,57.0,57.07,57.98,57.33,,57.73,58.01,58.33,59.2,58.63,58.34,57.75,58.48,59.0,,59.94,60.83,59.57,59.43,59.87,60.05,61.21,62.03,62.0,62.12,61.49,61.53,61.9,61.5,62.28,62.99,62.66,62.65,61.93,62.24,62.51,63.54,63.57,63.97,63.22,64.0,64.27,64.95,65.2,64.55,65.23,64.4,64.43,63.24,62.52,62.76,62.75,62.58,62.02,62.56,62.49,62.83,63.55,63.27,62.92,,62.82,63.19,63.01,63.83,62.44,59.92,59.39,58.5,58.23,58.28,58.12,56.48,56.53,56.75,56.67,55.55,55.11,54.34,54.0,54.34,54.46
BAS.DE,,,,52.48,52.48,53.58,55.0,54.95,55.05,54.13,53.67,53.68,53.11,53.65,54.48,54.6,54.66,54.75,54.93,54.93,54.81,,54.27,53.79,53.99,52.41,51.83,54.0,53.95,54.32,54.26,53.45,53.17,53.15,52.6,52.06,52.13,51.71,51.64,51.62,51.28,51.44,51.42,51.44,50.8,51.37,51.48,50.74,48.815,48.84,49.165,49.5,49.965,49.65,49.98,49.535,49.235,49.235,48.905,49.665,48.595,48.56,47.79,47.175,47.29,47.82,48.08,48.005,47.81,48.225,47.75,48.085,49.07,50.21,49.665,48.6,48.925,48.6,48.29,49.33,49.95,48.77,48.895,48.98,51.26,51.74,51.5,51.52,51.55,51.26,51.66,51.98,51.83,51.71,51.56,51.04,51.15,51.1,51.24,52.05,51.7,52.08,52.76,52.34,52.18,51.75,52.6,53.53,53.8,53.85,53.98,53.63,53.38,53.95,54.24,53.75,53.45,52.67,52.08,52.56,52.65,52.15,52.13,52.03,52.28,52.69,52.25,50.7,50.75,50.93,50.18,50.23,50.41,51.52
BAYN.DE,,,,40.55,41.14,40.52,40.76,40.94,41.21,41.77,41.0,41.16,41.39,41.76,40.84,40.64,39.83,38.59,37.62,36.81,38.05,,38.73,38.07,38.87,38.61,37.48,37.42,39.65,38.99,38.61,38.37,37.86,39.2,39.46,39.21,39.13,38.92,38.26,38.12,38.05,38.22,36.4,35.01,34.77,35.67,36.36,36.27,35.83,35.8,36.39,36.37,36.66,36.29,38.58,38.45,37.84,38.18,39.19,40.37,47.5,47.6,47.45,48.41,49.0,53.4,53.92,53.78,51.7,50.7,51.44,52.08,50.36,50.24,48.9,47.84,48.49,48.28,47.8,47.86,46.68,46.19,47.72,47.43,47.69,48.58,48.71,48.2,49.92,50.5,50.02,50.44,50.26,49.4,49.09,48.36,48.14,48.07,49.22,49.45,48.83,48.5,48.48,49.26,49.93,49.05,49.38,49.19,49.41,49.41,50.16,49.73,49.12,49.42,49.68,49.53,49.1,50.32,50.04,49.42,49.65,49.14,49.26,49.55,49.92,49.95,50.38,51.0,50.64,49.68,47.42,45.72,45.1,45.26
BBVA,,,,19.335,19.835,19.58,19.805,19.715,20.12,19.975,19.83,20.43,19.945,19.74,19.38,18.925,18.675,18.885,18.935,18.985,18.84,,18.85,18.26,19.115,19.065,19.135,19.125,18.705,18.74,19.015,18.92,19.035,19.135,19.59,19.585,19.52,20.12,20.17,20.26,20.02,20.29,20.12,20.15,19.915,19.81,19.745,19.725,19.82,19.52,19.515,20.24,20.78,21.1,21.64,21.72,21.66,21.88,21.83,21.8,21.69,21.63,21.59,21.87,21.99,22.63,22.74,22.97,23.11,22.8,22.3,22.62,22.63,22.7,22.42,22.6,22.34,22.3,22.61,23.12,22.97,22.87,23.37,23.42,23.32,24.02,24.45,24.7,24.79,24.68,24.91,24.85,24.87,24.96,25.04,25.28,25.05,24.99,25.2,24.98,24.76,24.85,25.15,25.16,25.09,25.03,25.06,25.26,25.1,25.23,25.4,25.4,25.44,25.38,25.15,25.27,25.41,25.49,25.12,25.17,25.18,25.21,25.17,25.42,25.22,25.07,25.27,25.5,25.57,25.44,24.65,23.92,24.11,24.52
BEI.DE,,,,76.72,77.36,75.82,76.34,74.8,76.08,76.48,77.46,79.18,78.2,77.34,75.92,75.1,73.42,72.6,72.54,71.68,70.68,,71.08,71.08,73.14,73.36,72.86,71.8,71.1,70.6,70.74,70.86,70.86,71.02,72.34,72.72,73.32,73.46,72.92,73.84,73.28,73.0,69.82,69.68,68.24,68.3,70.08,70.06,71.1,70.74,70.82,71.5,71.82,71.02,72.02,73.06,72.72,71.78,71.68,74.36,74.5,75.54,75.82,76.0,76.48,78.12,77.08,77.34,79.2,77.82,76.92,78.18,79.48,78.54,78.86,79.96,81.14,79.36,79.1,79.94,78.6,78.26,79.66,81.38,81.7,82.94,80.8,82.36,79.2,82.2,82.56,82.0,81.26,80.36,79.6,79.54,79.34,77.78,77.54,77.98,78.92,79.9,81.92,81.4,81.64,80.82,81.4,80.62,79.88,77.9,77.66,76.72,75.98,77.5,75.52,74.94,74.3,75.16,74.62,75.1,75.74,74.9,74.98,76.92,76.8,79.02,79.22,80.08,78.9,78.76,76.9,76.02,76.3,76.56
BHP,,,,53.02,55.8,54.56,54.56,54.48,56.42,56.39,55.98,56.14,55.86,55.94,56.54,56.74,56.105,56.2,55.8,55.06,54.4,55.38,55.33,54.81,56.58,58.71,57.95,58.71,60.23,62.3,62.72,61.62,59.33,58.85,57.78,59.31,60.25,60.64,60.36,61.28,61.55,62.33,62.95,63.58,65.04,64.0,62.41,,60.43,61.09,61.19,63.21,65.44,65.5,65.98,65.66,63.25,61.09,61.28,59.74,59.16,59.5,59.82,59.76,60.53,59.79,60.74,60.74,60.14,57.51,56.92,58.58,58.89,58.93,61.27,60.65,57.77,57.99,58.29,60.33,60.8,59.8,60.27,60.04,60.77,59.93,61.12,60.72,60.76,62.59,63.41,63.1,63.9,64.5,63.885,63.77,61.48,62.23,64.79,63.94,65.75,65.79,67.72,68.22,68.77,67.51,67.3,66.74,66.87,65.47,64.16,63.72,63.57,63.19,64.58,63.92,61.14,60.75,59.77,60.2,61.0,61.06,60.94,61.375,62.69,61.13,60.84,60.96,60.63,61.305,61.5,61.21,62.15,62.92
BIIB,186.31,182.23,177.39,175.64,180.24,180.06,177.97,176.79,181.77,180.87,179.99,178.41,184.26,187.74,192.75,190.32,186.65,186.15,184.41,195.89,195.98,190.57,187.51,189.69,191.17,192.1,195.2,200.31,202.4,205.97,205.0,194.91,193.37,193.03,193.38,190.27,194.75,,195.5,199.8,198.0,198.46,195.28,190.58,196.51,199.9,200.66,198.7,199.63,201.94,201.18,203.45,199.37,200.26,201.75,200.99,,200.98,201.22,202.06,206.67,218.06,219.72,218.0,215.81,219.02,,215.95,212.0,206.75,201.01,199.98,210.87,202.0,198.58,209.64,215.79,205.65,203.7,204.31,203.6,203.3,204.47,207.72,218.59,210.19,208.05,203.85,209.74,212.18,209.03,208.31,210.02,207.57,209.22,215.61,210.79,210.49,214.07,222.15,221.29,219.12,218.5,222.85,222.0,222.11,222.0,218.89,219.3,225.59,225.8,223.82,,217.28,213.48,216.7,219.76,222.25,216.71,218.29,219.41,220.17,221.92,226.43,229.19,228.72,228.92,230.49,229.41,229.36,228.31,224.08,223.85,225.97
BKNG,170.006,168.1096,176.83,175.88,186.65,180.98,179.41,177.76,182.55,186.6,188.17,192.76,192.91,193.92,191.01,180.5,182.09,181.47,178.94,176.83,175.94,171.58,170.86,169.08,175.52,173.72,170.56,165.31,161.19,158.94,158.19,156.65,156.83,160.91,158.23,160.42,162.8,,166.24,170.51,169.94,170.5,171.25,168.23,168.42,171.22,171.92,166.73,168.89,164.1,165.0,168.44,176.8,176.71,176.58,174.45,,171.0,170.11,184.89,183.18,183.29,186.5,181.38,185.45,186.42,,186.89,188.31,179.88,175.65,180.04,180.64,176.88,183.14,185.92,184.36,182.23,180.56,180.37,175.8,180.3,187.34,199.98,204.61,199.9,194.96,199.43,195.15,211.47,211.82,215.69,215.45,214.36,212.87,214.38,214.93,213.49,211.64,216.42,213.0,211.63,215.05,217.32,215.59,207.76,207.56,203.98,201.43,200.62,203.26,195.55,,192.0,177.55,176.91,176.78,182.0,175.0,173.69,173.55,169.93,170.18,173.29,162.74,159.25,164.59,166.19,164.18,166.02,165.15,162.24,158.8,160.5
BKR,61.04,61.12,60.98,61.33,63.59,64.92,63.47,63.56,62.21,61.93,61.04,60.38,60.33,60.36,62.74,65.56,69.86,70.41,69.73,69.21,69.99,70.0,69.59,69.27,67.72,65.29,64.57,65.11,65.71,65.65,65.56,65.05,66.26,66.49,67.43,67.63,66.5,,67.92,65.31,64.75,65.11,63.69,64.6,64.93,66.24,65.56,65.23,65.45,64.3,64.47,63.8,62.77,62.48,61.42,60.0,,59.42,59.34,57.47,57.81,56.97,57.49,57.38,55.35,54.35,,54.38,54.89,57.67,57.8,57.84,59.13,58.85,58.07,57.5,56.76,56.24,56.93,57.63,57.83,58.2,62.67,60.99,60.47,60.12,61.26,60.98,61.85,62.54,63.31,62.84,64.27,64.85,65.1,64.03,65.17,65.44,65.2,65.18,65.08,64.05,62.47,63.02,62.43,63.09,62.62,63.96,64.28,65.27,64.95,63.74,,64.84,66.09,63.68,60.17,58.99,57.48,57.23,56.98,57.57,58.2,57.56,58.16,58.44,57.9,58.19,56.85,56.47,56.07,56.32,57.97,57.61
BLK,978.99,971.24,966.09,962.0,1017.3,1006.32,1002.93,1025.65,1074.0,1062.0,1058.4,1067.33,1060.0,1070.73,1063.42,1065.0,1059.13,1058.5,1066.99,1055.64,1067.42,1080.73,1068.5,1064.97,1081.5699,1080.74,1085.23,1089.88,1096.26,1098.11,1111.09,1099.75,1098.0699,1084.0,1052.3101,1065.37,1079.99,,1084.45,1085.0,1062.29,1060.51,1053.24,1036.11,1001.37,1025.67,1011.95,1005.0,1012.78,1020.23,1022.02,1041.45,1060.0,1056.87,1075.6899,1076.51,,1063.74,1050.0,1015.47,1002.47,984.01,972.93,969.76,986.57,1002.04,,1012.3,1019.01,1006.81,1021.24,1048.5,1039.4301,1036.52,1109.99,1125.0,1099.41,1073.1801,1062.87,1057.1899,1061.4301,1056.48,1069.99,1103.48,1110.0,1104.11,1104.1899,1129.24,1150.3,1142.89,1139.63,1143.52,1139.98,1152.8,1162.64,1186.74,1180.0,1169.48,1161.8101,1181.6801,1159.8101,1160.0,1174.4301,1180.78,1182.01,1187.17,1183.39,1158.83,1149.14,1137.01,1132.99,1124.8199,,1113.03,1092.89,1074.52,1092.0,1080.02,1067.59,1063.4,1061.11,1070.11,1091.1801,1098.11,1073.36,1073.77,1087.83,1083.0,1075.88,1071.92,1072.84,1089.37,1074.45,1086.45
BMO,137.95,136.94,137.75,138.29,142.66,142.79,145.09,146.22,148.6,149.6,150.21,153.67,153.92,154.48,152.5,151.98,153.01,152.47,152.85,150.29,152.47,153.62,151.9,151.44,155.67,156.0,153.85,154.04,152.57,152.93,153.03,152.56,154.21,154.77,158.64,160.29,161.55,,163.12,163.44,162.85,163.75,164.5,165.92,165.34,165.73,165.8,166.55,167.07,166.46,167.1,169.35,170.49,170.98,171.69,173.2,,173.93,174.1,173.5,175.21,175.54,176.38,177.0,178.7,178.6,,176.38,179.33,178.12,177.58,179.19,180.09,181.91,183.74,183.9,184.21,182.68,179.56,180.66,180.8,178.79,179.95,180.79,180.08,179.27,180.43,180.8,181.74,182.59,182.66,183.31,183.22,183.65,184.11,184.82,185.86,187.22,185.82,184.26,175.77,176.19,173.78,175.01,174.27,174.16,173.29,172.68,170.64,173.02,177.13,176.64,,177.0,174.17,173.87,176.0,175.67,176.15,174.63,174.71,174.77,177.45,177.66,174.1,172.13,172.66,172.69,171.23,169.81,166.64,167.38,166.16,166.74
BMW.DE,,,,80.36,82.86,82.38,84.3,83.9,85.16,83.36,82.48,84.38,83.52,84.22,83.58,81.68,80.94,80.46,80.18,79.96,77.92,,77.24,77.26,84.02,83.8,82.48,81.8,81.04,81.2,78.6,76.42,74.76,75.06,75.06,75.62,74.8,75.98,76.02,77.7,76.8,76.6,75.7,74.98,72.14,72.1,71.06,70.24,70.08,69.42,67.96,68.5,69.78,68.16,63.98,62.1,61.2,61.06,61.26,61.7,61.52,60.9,59.06,58.06,58.34,60.74,61.32,61.44,61.68,59.92,59.0,59.22,58.76,57.88,58.92,58.94,59.3,59.04,58.38,58.26,57.98,57.12,58.52,59.64,60.72,61.4,59.98,61.08,60.06,60.5,59.84,59.9,60.0,60.16,60.36,59.76,59.8,59.5,58.98,58.74,59.3,59.6,58.8,58.38,58.0,60.0,62.72,62.66,62.28,61.32,61.94,63.68,63.22,64.46,63.94,63.36,63.52,64.18,63.48,63.78,64.22,63.0,61.04,60.94,60.08,57.84,56.88,56.64,56.1,56.42,55.5,55.12,55.06,54.88
BMY,62.23,60.58,59.63,59.23,59.23,59.69,59.8,58.9,58.62,58.16,58.98,60.48,60.12,59.73,59.7,59.25,59.21,59.13,58.73,58.38,60.78,60.09,58.0,57.48,57.4,56.9,56.54,56.49,57.02,56.83,57.05,57.11,58.5,58.64,59.21,59.61,60.25,,59.78,58.8,57.69,57.33,57.45,55.59,55.09,56.78,57.82,57.42,56.53,56.7,57.41,57.6,57.24,56.62,56.21,55.33,,54.73,55.94,56.59,56.19,57.74,58.58,58.88,57.7,58.14,,58.11,58.49,58.19,58.0,57.94,59.44,59.14,59.19,60.56,62.29,61.35,61.02,61.7,62.05,62.82,63.44,64.97,63.91,65.56,65.66,68.1,66.31,65.41,64.94,64.73,65.25,65.02,64.0,65.02,64.33,64.74,66.38,68.64,67.54,67.55,67.41,68.05,68.0,67.47,66.84,67.2,68.04,67.73,68.24,67.72,,65.89,65.05,64.92,64.2,65.29,64.13,64.39,64.35,63.07,63.4,63.08,62.65,61.59,62.91,63.93,63.89,64.13,62.61,61.24,60.15,59.6
BNR.DE,,,,58.2,58.24,59.18,59.76,59.1,58.58,58.0,60.42,60.78,59.92,61.4,62.36,60.82,60.22,60.54,60.74,60.24,62.36,,63.76,63.5,63.5,62.3,61.4,62.86,63.4,63.06,62.3,61.72,61.36,61.34,60.4,58.16,58.0,57.52,57.42,57.28,56.48,56.7,57.68,57.92,57.26,56.94,57.18,56.66,55.26,55.9,57.2,56.22,56.78,56.0,55.0,54.72,54.74,54.48,54.68,55.42,54.92,54.8,54.42,53.48,53.62,55.74,56.3,56.66,56.98,57.3,56.3,56.64,58.26,60.6,59.48,59.84,60.16,59.6,58.14,60.0,60.48,59.46,59.88,61.62,62.56,63.6,61.92,62.9,63.22,63.44,64.92,66.86,64.12,63.98,62.44,60.98,61.7,61.2,61.4,62.52,60.92,61.88,62.12,61.6,61.24,60.6,62.06,63.06,63.72,63.12,61.92,61.36,61.14,62.08,62.24,61.68,61.58,61.88,60.9,61.64,61.78,61.06,60.6,60.54,60.44,59.72,59.84,60.28,60.0,59.92,59.62,59.42,59.34,60.92
BNS,70.46,70.4,70.66,70.0,71.69,72.2,73.07,73.76,74.54,75.39,75.42,76.99,77.12,77.2,76.28,75.51,75.99,76.69,76.97,76.77,77.9,78.55,77.69,77.09,78.66,79.0,78.42,77.81,77.33,77.61,77.4,77.13,77.5,77.5,79.08,79.88,80.02,,80.66,82.22,80.43,80.24,80.06,80.8,80.91,81.56,81.44,81.56,82.09,82.17,82.86,84.12,85.07,85.69,87.08,87.8,,87.98,86.98,86.61,86.81,86.64,86.8,87.06,87.78,87.79,,87.09,86.3,86.33,86.09,87.8,88.17,89.72,90.35,90.47,90.33,89.7,87.71,88.28,86.89,87.32,87.76,88.52,88.26,87.96,88.34,88.57,88.34,88.83,89.31,88.97,89.39,89.45,90.4,90.89,91.55,92.04,91.32,90.99,87.75,88.24,87.41,93.44,94.96,93.8,94.08,93.03,92.13,93.39,95.34,95.05,,94.19,92.86,92.86,94.02,93.78,93.5,94.17,94.35,94.22,95.58,95.74,94.21,92.54,93.79,93.71,92.85,92.58,90.8,91.66,91.19,90.54
BNY,121.91,122.43,124.14,125.25,128.39,128.72,128.65,129.22,130.59,132.35,135.8,137.54,136.77,139.15,138.64,136.99,135.57,134.91,135.91,134.17,135.48,135.94,133.43,133.35,134.36,134.7,131.62,132.55,134.08,136.27,136.36,137.79,137.16,137.81,138.63,139.57,140.78,,141.65,141.0,141.11,141.19,143.25,143.95,141.72,144.98,144.84,144.04,143.97,144.0,143.3,145.02,146.45,145.25,146.74,148.13,,146.57,148.5,147.84,148.05,146.25,146.26,145.85,147.45,148.0,,149.98,153.22,152.68,155.08,153.08,152.99,155.09,162.73,163.77,159.17,159.05,159.13,160.65,160.59,160.04,160.25,159.03,157.25,156.32,157.29,157.0,158.96,160.01,159.99,158.92,160.11,160.94,163.26,163.66,163.32,165.69,164.89,165.08,161.02,160.2,162.35,164.02,164.13,164.03,163.46,162.82,161.95,163.4,164.63,165.84,,164.8,163.56,163.51,165.23,163.1,156.88,156.05,155.0,153.9,155.48,153.29,152.28,150.43,151.35,149.87,148.79,147.48,144.35,145.9,145.65,144.84
BP,6.009,6.05,,6.005,5.684,5.858,5.794,5.89,5.807,5.683,5.84,5.871,5.62,5.641,5.764,5.787,5.805,5.805,5.92,5.814,5.859,5.858,,5.806,5.697,5.475,5.429,5.475,5.533,5.521,5.43,5.522,5.671,5.732,5.757,5.707,5.614,,5.493,5.3311,5.215,5.218,5.41,5.3804,5.4821,5.447,5.48,5.574,5.439,5.405,5.525,5.355,5.188,5.2,5.123,5.003,5.038,5.077,5.034,4.9865,4.8185,4.778,4.7475,4.721,4.6535,4.6765,4.682,4.7015,4.796,4.9495,4.8604,4.8445,5.05,5.215,5.186,5.124,5.209,5.273,5.308,5.42,5.566,5.54,5.386,5.35,5.456,5.467,5.54,5.521,5.629,5.34,5.219,5.268,5.269,5.359,5.355,5.282,5.259,5.245,5.364,5.41,5.545,5.557,5.478,5.373,5.2378,5.246,5.218,,5.443,5.498,5.464,5.442,5.514,5.587,5.632,5.725,5.703,5.78,5.803,5.826,5.705,5.623,5.552,5.481,5.583,5.728,5.614,5.676,5.617,5.508,5.597,5.613,5.64,5.633
BRK-B,481.1,479.77,479.5,479.75,483.75,487.95,484.86,481.11,480.49,478.77,476.26,479.69,476.04,474.19,470.99,473.0,470.28,475.5,479.77,477.97,477.55,479.1,479.87,469.66,470.63,477.19,478.88,480.4,489.42,487.14,487.1,488.3,489.36,488.13,482.72,480.5,487.19,,487.78,486.25,481.81,477.29,473.39,473.88,480.59,482.94,491.0,490.76,490.79,490.3,486.47,489.99,497.11,499.79,494.77,493.57,,492.48,494.34,498.5,496.0,498.66,500.02,500.58,503.83,507.93,,508.0,512.58,504.91,497.85,497.3,501.5,497.08,492.75,493.15,502.99,492.25,491.2,492.32,491.0,497.29,498.77,513.44,513.36,509.91,513.03,520.67,517.77,519.77,525.44,521.99,537.74,530.3,514.38,512.01,509.17,505.31,504.5,507.07,500.44,501.0,504.46,504.75,506.7,505.4,506.58,505.3,506.75,508.93,508.95,507.5,,507.3,509.51,510.58,510.63,516.45,516.87,523.74,520.0,512.07,510.5,505.58,511.28,510.0,505.87,507.24,503.86,502.12,501.53,503.62,505.88,508.52
BTI,44.08,44.32,,44.63,44.93,45.06,43.99,44.11,43.4,42.39,42.06,41.76,42.27,42.21,41.43,42.24,43.71,42.92,43.12,43.22,43.58,43.58,,43.52,44.46,43.77,42.95,43.88,46.41,48.13,49.62,50.06,49.69,53.26,49.58,49.52,48.94,,49.19,47.96,47.58,46.59,48.2,45.18,44.92,43.74,44.27,45.2417,44.89,45.66,46.29,46.5353,46.449,46.1,45.81,44.93,44.64,52.04,46.09,46.78,47.24,48.04,47.43,47.66,46.58,46.79,46.47,46.51,50.94,46.47,45.25,44.96,45.01,44.15,44.09,45.35,47.24,53.68,46.52,46.83,46.2,45.87,46.0,47.13,47.54,47.88,45.86,45.47,45.28,44.53,44.47,44.585,44.04,42.57,42.39,42.64,42.73,42.1873,41.93,41.73,41.61,41.84,41.94,41.9,42.57,42.26,42.2242,,41.84,42.24,41.82,41.27,41.43,41.42,41.17,40.96,41.81,42.62,42.44,42.37,42.56,42.23,42.21,42.34,42.21,42.98,42.37,42.42,42.24,41.86,41.2941,40.09,40.1,40.51
BZ=F,105.9,109.71,111.87,111.8,104.0,99.52,98.25,103.86,99.41,96.89,99.84,98.97,97.81,101.15,102.31,107.36,107.46,109.79,112.69,120.3,126.1,112.43,115.25,114.45,110.45,103.41,103.96,106.0,108.42,108.31,107.08,109.73,112.69,111.79,111.5,109.31,106.35,,100.75,99.86,98.16,94.01,97.8,96.26,99.0,97.57,95.9,98.05,94.52,94.73,96.36,89.87,85.29,83.8,82.98,80.04,,82.38,78.34,77.0,75.84,75.12,73.48,73.53,73.52,71.91,,72.59,76.35,80.57,79.38,77.56,83.86,87.54,86.53,86.26,88.32,91.43,91.97,95.46,102.01,101.16,93.89,88.03,91.05,93.14,90.58,84.65,86.33,80.93,83.77,84.39,87.92,90.03,90.07,89.02,88.79,91.19,92.01,92.8,94.72,94.81,93.8,92.84,89.48,90.34,90.16,91.5,95.45,97.01,97.61,96.56,,99.45,101.71,109.05,110.19,109.78,109.45,108.59,106.0,105.02,104.99,102.29,103.86,108.23,106.75,108.81,107.61,103.96,103.03,103.05,103.55,101.3
C,116.79,115.61,117.7,117.7,124.49,125.48,125.47,126.31,130.99,132.86,132.77,133.57,133.44,135.29,132.47,129.99,129.06,129.4,131.31,128.92,128.92,130.48,127.05,128.58,131.58,131.23,131.95,128.09,126.56,125.85,126.35,124.5,124.45,121.45,125.28,125.45,126.49,,127.43,127.77,125.35,126.85,129.1,132.46,131.85,135.67,135.83,134.88,135.93,137.12,138.23,141.12,143.56,143.5,146.54,147.96,,146.37,146.14,145.92,147.79,145.1,143.84,141.9,141.28,142.11,,143.89,144.71,140.24,139.84,141.44,141.47,144.29,135.12,135.0,131.25,131.27,133.54,133.91,132.47,133.28,135.35,133.0,132.43,132.58,135.44,133.62,138.05,139.17,139.26,135.24,136.14,137.15,138.59,139.06,140.28,140.88,138.21,137.79,133.08,132.25,132.64,133.68,133.82,133.96,133.63,132.48,134.61,136.2,138.55,138.11,,137.98,138.55,138.85,141.27,137.93,139.72,136.89,135.2,133.3,135.73,135.17,133.59,132.76,134.72,133.96,132.25,131.2,128.93,128.72,129.52,130.07
CAT,740.01,735.41,722.57,725.73,774.4,795.52,797.85,798.54,798.0,789.97,772.81,801.77,799.63,820.2,817.85,845.27,839.5,836.02,825.0,823.21,896.98,905.0,892.84,908.9,930.54,931.35,914.77,929.0,915.09,922.99,920.35,899.73,893.32,869.86,877.76,872.67,893.84,,909.56,911.67,905.0,890.81,873.77,911.96,936.71,946.83,934.03,927.34,938.18,906.0,900.65,918.98,946.1,961.33,975.64,994.49,,1023.29,994.6,1004.87,1057.0699,1031.85,1039.0699,1073.46,1041.26,1001.28,,991.0,950.0,955.0,983.16,957.99,946.75,964.63,938.58,902.0,893.19,894.37,898.0,902.57,909.6,902.82,894.02,855.82,822.8,822.76,845.0,835.34,935.0,905.72,879.33,868.0,854.93,864.25,871.2,864.11,870.99,887.91,863.92,848.94,818.93,832.0,825.97,834.45,824.62,832.99,821.23,802.9,790.22,793.94,803.92,821.0,,830.5,827.96,811.95,826.0,794.56,791.2,798.39,813.95,809.49,827.81,812.46,816.76,809.14,823.0,827.57,829.74,831.95,833.62,858.87,857.85,876.95
CB,328.5,330.53,328.05,329.58,332.81,336.14,332.99,330.04,328.43,330.0,328.91,332.4,334.97,331.35,328.64,332.93,332.0,329.93,332.65,330.5,328.72,331.52,328.63,326.03,326.75,322.66,323.64,322.64,324.92,324.51,320.31,325.82,331.44,334.03,331.6,331.99,331.98,,329.78,327.93,321.3,316.48,313.28,314.46,316.11,319.96,328.6,326.31,328.67,333.55,332.79,328.65,328.45,331.99,331.2,329.95,,330.03,333.17,337.44,337.87,342.71,343.67,344.85,352.95,361.33,,361.0,365.29,360.86,355.61,348.87,355.7,354.67,341.61,343.7,354.61,354.66,355.52,349.97,353.38,360.25,362.09,365.17,365.91,359.35,354.05,353.61,349.05,352.7,356.85,352.62,351.25,349.64,348.7,347.0,345.7,347.49,348.78,348.45,344.31,345.44,346.79,346.22,347.04,341.87,341.5,340.37,342.99,342.08,349.03,347.68,,341.71,338.41,342.9,340.71,343.97,342.72,344.52,342.65,341.74,341.34,337.64,339.66,339.06,335.54,334.25,332.42,330.99,331.87,332.01,332.8,336.0
CBK.DE,,,,32.07,34.9,34.35,34.74,34.38,35.42,35.44,35.62,36.13,36.94,36.9,35.98,34.67,34.34,34.76,35.69,35.57,35.54,,35.5,35.64,37.42,37.54,37.02,36.25,35.98,36.34,36.85,36.64,36.53,36.82,37.5,36.34,36.42,37.52,37.35,37.05,36.98,37.4,38.17,37.88,37.15,37.23,37.26,37.0,37.46,37.45,36.61,37.5,37.55,36.83,38.27,38.38,38.86,38.6,38.08,38.22,37.68,37.83,37.86,37.45,37.33,38.22,38.1,38.17,38.61,38.45,38.03,38.64,38.85,39.18,38.83,38.28,37.95,37.03,37.75,38.61,38.36,37.12,37.76,37.76,37.9,37.57,38.0,38.79,39.74,39.76,39.87,39.7,39.32,39.46,39.52,40.13,40.04,39.8,39.6,39.12,38.99,39.19,39.62,40.04,41.05,40.98,40.48,40.52,40.31,40.71,41.84,42.1,43.05,43.2,42.68,42.65,43.03,42.87,42.96,43.37,41.81,41.79,42.01,42.34,42.04,41.42,42.44,42.9,42.92,41.97,40.38,39.36,39.6,40.2
CC=F,3378.0,3357.0,3297.0,3217.0,3238.0,3206.0,3261.0,3299.0,3586.0,3610.0,3520.0,3468.0,3342.0,3295.0,3400.0,3400.0,3402.0,3281.0,,,,,,,,,4225.0,,4503.0,4309.0,4491.0,4168.0,3953.0,3958.0,3938.0,3943.0,3829.0,,4199.0,4334.0,4224.0,4175.0,4099.0,4199.0,4123.0,4075.0,3957.0,3908.0,3959.0,3872.0,3798.0,3853.0,4082.0,4238.0,4300.0,4164.0,,4569.0,4594.0,4902.0,5159.0,,4911.0,,,,,5602.0,,,6309.0,,,,,5216.0,5767.0,5681.0,5733.0,5534.0,5411.0,5438.0,5561.0,5233.0,5360.0,5218.0,5510.0,5950.0,6108.0,6222.0,5830.0,5890.0,5930.0,5904.0,5666.0,5788.0,5767.0,6100.0,6069.0,6129.0,6170.0,6143.0,5923.0,5819.0,5916.0,6190.0,6675.0,6650.0,6603.0,6501.0,6166.0,6082.0,,6080.0,,5961.0,,,5895.0,6047.0,6038.0,5684.0,5533.0,5520.0,5576.0,5671.0,5676.0,5741.0,5665.0,5505.0,5463.0,5781.0,5908.0,5889.0
CCEP,92.69,92.93,93.74,93.99,97.96,99.1,98.42,97.36,98.36,96.61,97.98,99.32,98.91,96.94,97.05,97.58,98.38,98.19,100.12,96.54,95.7,95.99,93.93,94.55,96.34,94.69,95.32,94.23,94.16,92.98,92.69,90.36,92.53,92.89,93.92,94.67,94.38,,94.58,95.5,94.18,92.06,90.46,91.57,92.87,94.8,95.53,95.48,97.89,98.88,98.45,99.65,100.15,100.42,99.08,97.83,,98.07,98.74,99.85,100.72,101.88,102.73,101.47,106.49,108.07,,107.23,109.5,107.29,105.28,106.6,107.43,107.09,105.92,106.81,107.44,106.34,106.24,107.41,104.68,105.43,108.85,113.67,111.76,111.86,110.81,110.82,106.68,108.74,110.16,108.45,107.91,106.54,107.62,107.59,108.18,106.84,108.25,108.61,107.83,108.62,110.57,110.28,110.54,107.82,109.15,109.05,108.61,108.39,109.28,107.61,,107.66,105.96,105.03,104.47,105.2,104.0,103.79,103.62,100.68,101.07,102.81,102.45,101.37,102.25,103.04,102.68,103.05,101.41,103.07,101.55,103.27
CDNS,281.6,280.26,279.77,280.0,291.35,288.18,281.42,288.33,297.18,307.47,312.88,318.0,320.98,331.23,334.0,326.98,334.81,338.19,338.55,331.36,330.08,342.37,351.01,354.89,355.49,362.71,365.01,365.0,361.99,361.03,355.21,352.0,350.06,348.12,351.37,362.21,381.55,,383.24,383.8,379.05,378.04,414.92,416.69,411.04,415.83,407.0,396.71,406.67,399.23,389.54,389.8,397.82,398.27,403.38,401.18,,392.0,386.55,379.62,378.49,381.9,387.19,381.56,386.75,381.78,,377.87,379.99,374.45,386.34,389.49,391.0,383.0,385.3,369.13,342.29,339.11,347.13,346.33,340.29,335.54,342.27,355.59,351.0,342.5,344.77,344.45,349.11,347.96,341.73,348.12,342.03,331.25,333.43,328.3,326.87,333.48,323.63,318.5,317.5,319.78,317.34,333.34,340.31,347.72,347.43,342.38,332.84,313.21,311.04,308.3,,295.82,287.76,289.14,293.4,288.8,279.0,282.0,285.55,284.98,295.8,303.85,315.7,322.49,330.81,329.35,324.25,335.0,355.03,356.51,360.15,361.91
CDW,122.39,124.19,123.75,125.2,127.8,127.35,128.6,132.36,133.8,130.94,133.68,135.16,137.22,142.39,143.64,142.6,136.86,135.81,134.81,136.6,137.29,138.81,137.85,138.45,128.35,113.58,110.15,105.13,103.68,102.25,102.89,104.39,104.88,106.53,107.09,107.4,111.34,,110.69,116.72,116.4,125.92,141.46,141.33,139.62,140.77,140.32,137.81,136.19,133.38,130.02,133.04,135.8,132.99,132.9,129.36,,128.37,131.5,132.38,133.72,133.53,140.1,142.53,144.33,139.3,,136.96,139.46,139.71,141.15,144.97,145.8,144.19,140.27,136.86,135.59,133.55,131.41,130.96,132.39,134.43,138.77,144.39,151.17,146.31,148.42,151.22,154.5,143.67,144.13,141.72,137.31,136.95,137.15,142.34,142.97,140.95,137.16,138.76,139.9,140.74,138.33,142.3,143.58,149.8,154.15,152.63,152.93,153.76,158.05,154.12,,152.0,145.58,145.3,154.85,154.99,154.35,154.19,151.5,149.2,148.79,150.34,150.34,144.01,141.45,134.64,132.0,130.68,138.48,136.82,137.37,136.03
CEG,286.7,275.64,277.77,275.63,288.0,293.595,293.0,292.7,297.4,299.86,304.18,305.76,296.45,289.12,289.077,293.704,314.2,318.5,314.28,307.667,314.57,317.24,325.42,324.99,325.69,328.8,317.65,317.74,300.71,292.0,278.6,273.195,267.87,261.21,282.6,288.068,296.9,,310.45,300.81,289.89,290.9,278.61,275.0,274.5,268.645,261.865,256.095,256.47,250.542,248.31,255.12,264.925,272.42,272.22,282.77,,279.74,275.42,274.02,275.813,269.45,268.55,260.29,248.27,244.094,,247.4,245.55,244.81,251.63,252.72,257.59,266.0,264.12,257.355,254.29,256.52,264.45,275.54,278.19,279.6,277.19,266.585,263.88,270.27,269.862,274.69,277.305,274.013,280.0,270.99,275.17,280.36,285.5,282.76,287.0,286.3,279.56,274.99,277.965,277.21,275.607,279.92,285.26,283.81,284.19,279.44,284.25,290.81,296.62,299.73,,305.8,298.085,294.84,291.3,276.515,266.88,263.26,269.4,262.42,265.85,266.275,264.23,263.83,266.38,262.66,270.115,263.71,271.0,265.69,271.19,309.8
CHTR,217.5,221.32,224.41,224.92,226.79,225.41,226.0,227.73,227.3,223.85,235.99,241.5,249.32,248.66,245.82,254.11,234.71,184.0,178.55,174.79,168.0,174.3,175.05,165.34,162.0,163.2,161.5,154.02,150.46,146.82,155.37,148.75,148.23,146.42,146.85,149.14,150.54,,147.71,150.18,148.77,145.8,146.17,142.77,139.95,132.94,134.35,132.67,135.77,140.0,139.79,146.01,147.85,145.6,141.72,132.01,,128.77,132.07,133.42,132.25,136.86,168.11,145.05,145.55,142.0,,138.51,142.89,139.41,135.48,136.28,136.0,132.63,133.87,136.14,136.98,132.02,131.1,130.82,129.92,125.74,132.57,141.16,146.85,142.09,146.58,148.77,153.35,153.59,157.67,156.55,154.17,158.65,156.27,157.15,158.66,152.83,152.17,159.29,153.97,151.98,153.77,156.14,156.06,152.48,154.46,153.75,150.49,159.87,160.7,153.66,,151.96,145.81,141.26,146.18,148.34,144.0,141.0,136.23,132.15,129.37,126.5,120.65,118.53,116.76,114.62,113.78,112.93,112.57,112.83,109.36,112.87
CL,85.95,85.47,85.46,84.76,85.61,86.4,86.22,84.29,84.61,84.36,84.31,86.3,84.75,84.15,82.71,84.13,85.09,85.3,86.33,85.49,85.79,89.34,86.4,87.33,89.07,88.18,88.57,87.39,88.82,87.96,89.49,89.83,90.73,90.85,90.85,90.67,91.52,,91.21,92.23,92.29,91.47,89.83,89.03,87.96,87.15,89.59,87.47,89.09,89.99,90.6,90.07,90.83,91.81,92.1,91.34,,90.81,91.71,93.08,92.7,92.32,92.61,92.23,92.83,95.42,,95.0,96.01,93.96,92.74,92.72,93.95,93.06,92.01,94.3,95.93,92.23,91.63,92.25,90.39,91.11,92.81,95.46,93.82,92.89,91.68,93.64,92.74,93.57,94.15,93.56,93.43,93.42,93.06,93.88,93.28,91.18,92.0,92.92,91.26,91.31,92.55,92.54,92.31,91.66,91.66,90.64,91.44,90.99,90.63,90.54,,88.66,88.44,88.82,90.54,88.71,87.84,87.76,87.74,87.73,87.27,87.55,87.4,87.25,86.14,86.61,86.51,87.22,85.19,84.83,86.36,88.05
CL=F,103.31,113.97,115.48,117.63,109.19,102.7,100.42,105.63,98.0,93.3,95.44,94.04,91.2,94.45,93.73,98.39,97.85,97.67,101.85,108.6,110.93,106.65,107.46,105.48,102.7,97.99,98.64,100.37,102.72,103.67,102.35,106.0,109.47,109.24,104.45,102.66,99.43,,94.7,93.69,92.52,89.02,94.78,94.0,97.0,95.91,93.63,95.47,91.55,91.87,93.64,87.23,82.42,81.58,80.03,76.99,,78.96,74.45,73.18,72.5,71.86,71.15,71.6,70.19,68.8,,69.21,72.51,76.08,75.13,73.16,78.58,81.27,80.93,80.87,82.76,85.39,85.8,88.61,93.5,92.83,86.2,82.43,85.57,85.94,86.87,81.3,82.33,76.7,78.51,78.77,82.38,84.61,84.35,83.3,82.99,85.04,85.94,87.19,89.0,87.51,86.57,85.84,83.31,84.27,83.78,86.79,90.97,92.29,93.14,92.17,,94.73,96.93,104.04,104.46,104.95,106.75,105.63,102.47,103.48,101.08,97.42,93.06,96.78,94.75,96.54,94.74,91.96,93.68,93.51,91.88,90.05
CM,96.72,96.43,97.19,98.3,101.42,102.65,103.8,104.77,106.19,107.52,107.7,110.27,110.39,110.65,109.59,109.09,109.83,110.91,110.64,109.68,111.93,113.28,111.79,111.07,113.21,112.79,111.49,110.95,111.62,112.21,112.03,111.68,112.34,112.69,114.73,115.61,116.12,,116.89,117.05,115.8,110.01,107.4,108.65,108.86,109.56,109.4,110.43,111.18,111.97,112.19,114.06,115.2,114.84,114.58,114.22,,114.24,114.98,114.99,114.83,114.75,113.86,115.11,116.81,116.71,,115.47,116.31,115.84,115.95,118.08,118.66,119.66,120.82,121.19,122.5,121.64,118.23,118.69,117.3,117.85,119.12,120.07,119.39,119.16,119.35,119.49,120.2,119.58,119.96,119.5,120.19,120.63,121.22,122.52,123.76,124.86,123.86,122.9,118.12,117.98,116.03,118.46,118.86,118.83,116.35,115.51,113.94,115.78,118.25,118.6,,117.89,116.26,116.07,115.79,115.13,113.89,114.56,114.49,115.05,116.5,116.32,114.75,112.2,113.68,113.08,112.32,111.75,110.03,111.16,111.19,111.78
CMCSA,28.39,28.16,28.17,27.93,28.09,28.32,28.47,28.19,28.38,28.51,29.46,29.78,30.14,29.92,29.53,32.08,31.03,28.01,28.31,27.73,27.35,27.48,27.18,27.22,26.84,26.69,26.26,25.68,25.4,25.08,25.55,25.54,25.36,25.26,25.17,25.14,25.35,,25.54,25.83,25.34,25.05,25.09,25.13,24.74,24.25,23.94,24.11,24.02,24.21,24.28,24.51,24.63,24.15,23.5,22.86,,22.6,23.05,23.08,23.0,23.23,27.1,25.04,24.49,23.92,,23.97,24.24,23.77,23.41,23.73,24.28,23.94,23.81,24.28,24.68,23.99,23.95,24.25,24.01,22.49,23.29,24.26,24.88,24.09,24.15,24.9,24.97,24.93,25.2,25.5,25.24,25.68,25.63,26.26,26.49,26.09,26.28,27.04,26.76,26.97,27.18,27.35,27.27,27.05,27.12,26.97,26.76,27.19,27.13,26.73,,26.4,26.25,25.34,25.41,25.45,24.77,24.47,23.94,22.91,23.08,23.13,22.87,22.81,21.98,21.97,21.81,22.0,21.96,21.92,21.63,21.76
CNQ,48.32,48.66,48.32,49.61,46.48,47.33,46.4,47.32,46.47,46.16,46.59,44.36,43.74,44.36,44.81,45.67,45.2,45.24,46.64,47.43,47.87,47.73,47.72,48.38,46.59,44.83,44.9,45.3,46.92,47.28,47.89,48.02,48.97,49.46,49.75,49.63,49.23,,47.76,46.38,46.45,45.92,46.99,47.31,48.27,47.83,47.76,46.76,46.17,45.98,46.67,45.79,44.13,43.82,43.65,42.21,,41.79,41.3,40.34,39.89,39.85,39.95,39.94,39.68,39.78,,39.8,40.7,42.55,42.47,42.29,43.33,43.87,43.07,43.18,43.89,44.2,44.94,45.92,47.18,47.3,45.6,45.35,46.55,47.29,47.82,46.94,46.43,46.61,46.07,45.71,47.66,47.75,47.96,47.68,48.47,49.35,50.0,50.45,51.16,51.48,51.26,50.45,50.52,50.14,50.05,50.6,52.02,52.08,52.25,50.94,,51.93,52.0,52.31,50.26,51.27,51.82,51.13,50.65,50.64,49.25,48.25,48.47,48.63,47.75,48.28,47.47,47.88,48.06,48.58,48.74,48.44
COF,187.41,185.14,184.23,183.5,194.15,195.86,194.71,197.67,200.76,204.41,205.11,210.84,208.28,209.59,205.77,199.77,195.44,194.8,196.0,193.42,192.31,193.37,192.85,191.48,196.0,195.23,193.15,190.44,185.84,183.9,186.4,188.31,188.84,186.21,187.23,186.68,188.4,,190.67,192.03,188.14,190.08,186.47,186.34,184.42,185.62,184.52,182.49,186.41,183.7,182.36,185.5,197.44,200.9,207.3,206.84,,203.34,200.7,203.32,210.1,207.08,204.56,204.79,205.83,209.06,,208.09,208.73,201.0,201.01,203.65,205.28,208.36,209.86,213.32,210.46,209.65,207.41,207.53,200.3,204.44,208.48,212.57,212.45,210.53,210.89,218.96,222.92,223.62,222.32,219.64,219.33,221.24,223.21,225.5,228.14,226.8,223.59,224.61,218.91,219.17,221.51,218.15,218.25,218.69,219.15,215.44,215.94,220.56,221.1,220.77,,218.64,214.31,209.99,211.29,208.86,208.82,208.33,206.55,202.97,205.62,207.0,199.81,196.99,201.69,199.49,198.04,197.0,194.78,197.04,196.99,197.92
CON.DE,,,,63.6,66.92,65.46,65.98,64.18,65.56,65.36,64.58,68.2,66.74,67.08,66.32,66.32,66.42,65.82,65.38,64.48,64.36,,61.78,62.48,68.7,70.84,70.68,70.0,69.58,70.4,69.9,68.98,68.76,68.14,66.92,67.3,67.94,69.12,69.1,73.08,72.24,73.0,72.86,72.9,72.64,71.24,69.3,68.62,69.92,68.82,70.0,72.78,75.28,74.38,74.08,72.92,72.92,73.52,73.0,73.9,74.56,73.94,72.44,72.32,72.54,76.18,77.5,75.7,75.58,71.92,72.38,73.06,73.38,72.68,72.7,72.68,72.28,72.18,71.98,72.14,70.92,70.38,72.24,72.2,72.84,72.92,72.96,73.2,73.32,71.56,69.22,68.3,68.72,69.0,69.3,70.46,70.5,69.56,69.38,67.76,68.44,69.34,69.66,70.48,71.06,70.16,70.24,72.24,71.9,70.38,70.22,73.0,72.72,72.48,71.14,71.18,71.78,70.1,70.52,70.62,71.6,70.56,69.34,70.5,70.58,70.64,69.74,69.62,69.42,68.74,68.5,68.72,70.32,70.94
COP,129.93,134.41,131.73,133.69,125.89,127.91,124.05,125.33,122.28,120.36,122.44,116.5,118.22,120.62,123.23,125.58,124.14,123.65,124.56,128.28,128.1,125.76,125.27,124.75,120.0,116.24,115.49,115.97,118.25,118.01,119.52,122.48,125.15,126.0,126.0,124.41,121.59,,119.89,116.45,116.89,114.55,117.6,117.45,119.55,119.58,119.77,120.02,118.12,121.39,121.52,118.51,113.63,111.36,111.89,109.88,,109.81,110.57,108.03,107.21,106.8,106.7,105.17,104.78,104.76,,104.62,108.81,111.34,110.48,109.42,113.22,113.75,112.46,112.89,116.26,116.68,117.55,119.74,122.38,121.69,118.49,117.19,119.0,119.12,120.84,119.28,118.47,119.15,120.05,118.52,123.26,126.05,127.34,126.39,127.4,127.86,130.12,132.38,135.87,135.88,135.63,132.92,132.72,130.2,130.84,134.29,136.3,137.37,137.42,135.42,,137.53,137.87,138.89,137.66,139.82,141.62,139.19,133.4,133.33,130.95,127.26,129.5,130.97,128.56,129.36,126.18,126.56,127.34,127.13,128.85,130.07
COST,1003.13,1016.0,1020.69,1020.86,1030.46,1035.8199,1029.0,1000.05,977.61,985.38,995.75,1000.67,1011.3,1006.5,1008.11,1016.6,1013.45,1014.41,1012.65,998.97,1017.69,1031.27,1024.72,1020.78,1012.23,1012.66,1016.0,1007.0,1026.0,1042.52,1041.79,1057.5,1079.83,1096.5,1089.74,1064.73,1045.64,,1027.5,1013.51,1012.0,998.82,959.21,955.39,969.18,990.01,997.41,978.98,981.97,985.26,989.12,984.78,987.0,995.38,983.71,964.0,,956.23,966.38,967.94,955.75,961.64,969.86,946.0,940.43,952.64,,955.5,969.0,966.51,935.0,916.73,930.98,929.42,927.58,945.76,964.33,946.98,931.99,933.6,926.53,936.66,956.61,987.55,978.8,960.76,955.56,967.98,950.86,956.99,966.14,949.79,952.89,954.9,951.39,962.58,965.36,956.75,971.96,978.7,944.22,949.9,974.49,969.05,964.45,948.85,953.73,949.3,952.1,938.88,930.76,928.04,,915.13,909.23,912.1,907.36,921.99,916.92,902.0,896.0,898.4,899.44,903.4,905.59,909.43,925.14,931.09,925.97,925.56,923.5,921.18,925.34,937.04
CPRT,33.52,33.65,33.54,33.32,34.05,33.15,33.1,33.38,33.55,33.61,33.7,33.83,33.9,34.52,34.13,33.96,33.64,33.54,33.63,33.38,33.44,33.7,33.7,33.36,33.63,34.27,34.12,33.9,33.75,33.28,33.25,33.2,33.67,34.04,33.25,34.53,35.66,,34.04,34.05,33.28,33.55,32.95,32.0,30.78,31.76,31.35,31.36,31.62,31.56,31.44,31.15,31.03,30.9,30.79,30.29,,29.92,30.06,30.61,30.93,30.84,30.53,28.52,29.21,30.02,,30.44,29.92,29.37,28.62,28.57,27.91,27.97,28.1,28.33,28.76,27.73,27.22,27.6,27.23,28.13,29.94,31.2,31.42,30.26,29.24,30.07,29.47,29.71,29.08,29.86,29.67,29.66,29.2,29.69,31.74,32.15,33.55,33.88,34.63,34.6,34.08,33.5,33.42,32.96,33.25,33.48,32.86,32.49,34.44,33.91,,33.53,32.5,32.26,32.05,31.83,31.83,30.96,30.8,29.64,29.31,29.37,28.87,28.88,27.99,27.55,27.26,27.49,27.64,27.47,27.71,27.66
CRM,188.98,187.58,188.14,186.58,186.77,174.29,171.26,173.4,177.5,179.62,184.55,187.98,189.0,193.56,191.15,178.87,178.45,184.29,184.42,181.78,178.69,186.04,190.31,187.39,187.1,188.58,181.87,182.5,177.58,169.78,169.35,175.97,180.78,187.44,180.31,177.34,183.35,,182.36,183.92,182.48,194.14,211.34,204.39,197.68,198.09,192.51,185.02,182.46,175.53,168.98,166.54,169.95,166.3,161.43,154.47,,153.87,155.18,157.06,154.0,158.46,161.76,157.69,165.81,167.21,,167.72,172.38,167.53,163.8,166.3,172.76,171.35,172.8,174.54,175.43,175.39,172.43,169.57,165.88,164.45,176.95,184.54,190.18,182.51,184.45,193.7,191.29,194.94,187.02,194.7,198.18,199.39,196.5,202.99,204.4,194.94,199.41,207.95,207.88,211.07,213.17,210.31,206.44,254.48,263.53,262.28,262.32,264.55,268.27,263.6,,254.0,254.8,248.5,250.55,260.18,262.34,256.4,247.0,244.25,241.34,242.44,241.12,242.09,239.37,230.57,228.98,233.76,239.45,239.0,235.02,233.0
CRWD,99.235,100.2,101.25,105.9325,112.475,106.755,99.5125,100.765,102.86,102.995,106.4425,107.96,108.4525,114.7875,116.9875,113.5,112.7613,114.495,115.9225,113.29,112.5027,114.4925,117.9525,120.165,118.824,126.6975,132.2287,135.6675,138.1075,142.0925,145.945,149.5625,155.2625,158.56,162.75,164.8875,168.71,,169.375,165.165,169.375,182.8725,196.415,194.705,191.75,180.24,176.555,171.0,166.2175,165.5325,174.1075,175.5425,174.3737,175.2175,172.7325,173.9775,,178.045,172.725,171.7865,173.185,176.21,188.995,191.325,196.5,199.53,,209.5,201.37,195.66,198.75,198.0,189.25,211.0,217.5,207.69,209.5,208.25,200.0,193.49,190.208,185.835,188.5,184.665,186.39,185.46,191.645,203.17,212.64,219.35,207.63,216.575,226.9,225.52,224.95,226.685,227.5,219.18,216.055,213.98,200.741,192.85,195.4,194.5,191.32,229.08,228.69,233.88,231.299,214.85,215.1,218.31,,211.68,212.77,214.68,213.19,239.37,243.98,245.19,250.32,247.503,250.31,250.8,263.19,263.87,259.86,260.685,267.69,268.95,269.3,273.535,274.23,286.99
CSCO,79.12,79.1,80.48,80.89,83.74,84.77,84.56,82.39,82.65,82.66,84.53,86.38,88.35,89.8,90.45,90.0,89.73,89.5,88.55,89.63,91.67,92.92,93.1,94.72,93.42,92.73,97.02,98.83,99.93,102.01,119.36,118.83,119.39,118.5,116.92,118.6,120.79,,120.77,120.39,120.72,121.43,121.95,128.22,129.42,130.37,128.84,126.44,124.22,120.95,122.55,122.79,122.59,120.77,119.66,120.32,,122.09,122.34,122.89,121.14,117.18,118.18,119.1,117.43,117.14,,115.48,114.03,114.05,119.48,121.61,120.34,120.06,117.5,111.24,113.23,113.23,113.18,113.78,113.9,114.57,115.38,117.07,117.28,114.33,117.25,116.27,121.9,124.21,122.19,122.59,124.71,123.16,124.45,115.95,113.68,113.85,112.75,112.38,111.58,112.19,111.22,112.5,112.95,112.57,112.5,111.38,110.72,110.51,109.67,110.36,,109.64,110.43,109.89,112.22,111.74,111.69,110.99,111.44,110.81,111.5,110.43,106.88,107.06,108.64,107.68,107.4,108.67,109.08,112.23,113.19,118.4
CSGP,40.34,40.84,41.29,41.25,41.13,38.44,37.5,37.26,38.35,39.52,40.41,40.94,40.32,41.03,39.62,38.7,37.49,36.98,37.39,36.53,34.75,36.09,35.86,35.37,35.26,35.59,34.64,33.19,33.54,32.88,32.58,33.02,34.34,34.86,34.26,34.43,34.64,,33.71,33.48,32.9,32.94,33.88,33.76,33.52,34.82,34.27,34.04,34.2,34.77,34.06,33.19,34.08,32.72,32.56,30.73,,31.04,30.6,30.89,29.68,30.52,30.71,29.26,30.02,30.42,,29.83,30.14,29.82,29.35,30.05,29.38,28.0,29.25,30.52,31.01,29.9,29.39,28.92,28.03,28.09,29.92,31.4,30.45,29.57,29.38,30.18,30.07,30.75,30.22,31.68,31.49,31.52,31.08,33.1,33.3,32.15,32.3,33.82,33.63,33.26,32.9,33.28,32.92,32.49,32.59,32.59,32.46,32.65,32.79,31.33,,30.63,30.29,30.14,30.6,31.83,31.79,31.43,30.59,29.91,29.64,29.63,28.69,28.54,28.63,27.75,27.18,27.55,28.23,27.81,27.68,28.2
CSX,42.0,41.32,41.51,41.51,42.18,43.01,42.72,42.4,42.61,42.51,42.89,43.61,43.8,43.8,43.8,46.55,46.36,45.77,45.77,45.42,45.54,45.54,45.33,45.24,45.81,45.62,44.99,45.16,44.88,45.11,45.93,45.89,46.31,46.53,46.74,46.26,46.19,,46.67,47.18,46.94,45.92,46.01,46.25,46.86,47.25,47.21,47.4,47.55,47.34,47.66,48.03,47.74,47.83,46.96,46.61,,46.34,46.52,46.9,47.59,47.94,48.42,47.92,48.58,49.21,,49.29,49.09,48.96,49.55,49.67,49.9,50.31,49.96,50.99,51.29,50.96,50.35,50.2,53.31,53.41,53.6,52.42,51.0,51.53,50.57,50.74,51.09,51.22,51.59,50.88,50.45,50.67,50.27,50.68,50.77,50.99,51.0,51.56,51.46,51.76,52.0,51.88,52.15,51.71,51.95,51.24,50.49,48.85,49.32,49.68,,49.55,48.92,49.5,49.65,48.96,49.0,48.54,48.6,47.88,47.48,46.68,47.59,47.33,47.03,47.16,47.03,47.25,46.56,47.59,47.54,47.73
CTAS,172.68,175.27,174.97,172.46,176.79,174.32,175.65,176.39,176.64,177.28,178.74,180.7,180.24,179.17,176.85,178.25,177.03,176.52,175.73,174.37,175.43,176.86,169.26,170.26,172.21,171.89,171.03,167.1,167.77,165.64,166.09,169.46,175.14,176.0,171.67,174.19,174.99,,172.72,172.79,173.84,173.0,174.25,173.61,174.81,180.44,182.73,178.67,180.27,182.27,184.48,182.5,176.97,176.94,177.36,172.2,,171.15,172.74,172.68,173.4,172.45,172.71,170.51,176.86,181.71,,181.35,183.36,183.15,179.09,179.87,184.14,184.67,196.69,207.09,209.72,204.38,201.07,202.6,204.05,206.65,211.72,218.64,219.17,211.06,206.22,208.78,204.67,204.75,203.93,204.0,203.58,206.92,205.21,205.39,201.02,199.87,201.31,205.88,204.31,204.86,207.51,207.09,206.77,204.74,205.81,203.7,203.61,200.61,201.26,201.1,,201.38,200.14,201.0,202.98,204.62,201.62,201.51,199.3,198.9,198.25,198.81,198.76,198.86,200.55,201.45,201.27,198.24,196.62,196.63,195.53,196.87
CTSH,61.72,63.04,62.95,62.28,62.78,60.3,59.37,60.59,61.64,61.51,61.23,61.88,61.67,61.86,60.45,56.62,55.36,55.7,56.23,55.12,54.54,54.65,53.24,52.28,52.0,52.79,51.92,51.45,49.73,47.55,46.84,47.5,51.5,53.19,51.53,52.34,53.32,,52.52,53.61,54.15,56.14,57.65,55.9,55.0,55.56,54.61,54.37,53.71,53.27,51.68,52.31,52.13,51.6,50.97,46.44,,44.57,42.7,42.78,41.61,40.63,41.03,39.01,41.71,42.59,,42.31,44.12,43.79,43.61,44.62,44.67,43.9,43.9,44.78,45.49,44.98,44.66,44.64,43.11,45.49,48.0,51.05,57.06,54.78,55.53,57.51,56.5,57.26,57.0,58.23,58.61,59.23,58.32,59.82,60.09,58.32,58.84,61.51,61.81,63.11,62.42,63.3,62.4,64.24,65.38,64.91,65.08,64.04,65.42,63.95,,62.38,59.87,59.02,60.05,64.46,64.61,62.96,62.12,61.89,61.97,61.01,59.96,59.74,58.28,57.4,56.88,58.02,64.74,61.09,58.81,58.73
CVS,72.75,73.68,73.75,78.59,78.86,79.56,79.46,78.82,78.98,77.45,76.81,77.79,77.31,79.05,78.3,79.64,79.04,78.67,81.37,83.93,83.85,83.74,83.02,82.3,88.63,87.99,90.89,92.77,95.36,98.22,98.43,97.87,96.45,95.46,96.37,93.93,94.15,,93.51,92.09,94.18,93.58,91.85,91.2,93.32,94.87,96.63,97.27,97.52,98.61,100.55,102.77,101.38,101.0,100.77,99.22,,103.12,102.05,102.41,104.94,106.15,104.34,104.67,104.87,105.23,,105.38,104.52,105.69,105.15,105.46,106.4,106.93,107.94,108.67,108.97,108.9,110.62,110.68,107.55,108.39,107.88,109.59,110.0,105.48,105.77,105.69,105.0,100.55,101.0,96.28,96.34,96.36,95.15,96.12,97.51,96.5,95.25,95.91,94.26,94.39,94.19,94.11,94.86,94.15,93.93,94.37,97.61,98.5,98.07,97.69,,96.73,97.98,97.32,96.41,96.01,95.75,94.95,92.14,90.48,88.91,88.28,86.98,86.01,89.35,90.02,87.56,87.44,86.26,87.15,87.51,87.08
CVX,204.78,205.48,199.77,204.62,193.17,196.67,190.96,192.61,189.17,187.24,188.23,184.3,186.27,186.37,189.42,188.42,186.42,188.37,189.96,192.62,194.13,194.09,193.71,193.67,186.78,183.44,182.73,185.2,186.89,186.01,187.57,191.5,196.2,198.87,198.19,194.16,192.0,,190.49,183.72,185.26,182.97,187.94,188.45,191.48,190.1,189.61,191.03,189.38,192.69,192.25,188.4,181.67,180.25,180.08,175.64,,175.45,176.4,173.99,172.77,172.25,171.6,170.46,167.47,169.55,,169.26,174.61,178.58,175.59,176.42,182.38,183.36,182.4,184.83,188.15,190.35,191.26,193.7,197.69,196.87,192.49,191.97,193.56,193.12,197.55,195.86,191.47,191.38,189.78,187.75,194.99,197.46,197.4,198.1,201.63,203.68,206.22,207.68,208.98,207.82,205.3,202.06,202.39,200.88,202.24,208.42,211.08,212.79,213.2,209.86,,213.31,215.28,217.4,215.55,217.65,217.78,215.28,211.75,211.9,209.0,204.44,207.0,208.1,206.54,208.25,205.48,206.83,207.41,207.32,207.26,208.69
DASH,153.93,156.85,160.0,157.47,168.0,161.59,155.41,159.76,166.46,180.96,182.95,188.44,191.17,190.53,184.17,182.6,177.99,181.0,177.5,169.88,171.228,177.07,176.42,174.23,172.57,183.5,171.35,162.85,159.25,154.26,154.92,160.11,163.97,162.69,161.66,162.32,165.24,,161.04,160.96,160.35,163.23,166.52,162.18,156.224,162.53,161.535,157.36,161.946,156.625,154.8,155.705,169.07,172.65,173.535,174.34,,177.88,176.5,182.55,178.31,186.865,186.59,188.14,191.095,193.44,,196.79,199.05,193.8,195.115,195.81,195.65,190.79,194.17,194.5,189.75,191.55,189.14,188.53,175.2,175.55,185.55,195.785,199.89,197.84,198.47,203.88,204.5,208.19,218.03,222.39,215.99,216.35,215.22,218.38,219.53,218.94,222.81,222.39,224.04,225.948,230.07,234.63,238.52,235.94,238.828,238.31,232.87,227.58,232.0,222.05,,209.0,199.09,202.54,204.99,204.09,203.82,198.31,201.488,196.01,194.95,200.585,191.36,192.56,193.67,191.4,188.14,189.96,185.775,189.56,194.24,194.03
DB1.DE,,,,258.7,258.9,258.2,256.1,255.9,256.8,258.2,260.6,267.3,264.6,266.6,265.9,267.6,267.1,268.0,269.6,266.0,263.2,,263.3,262.4,258.2,252.2,246.8,248.0,251.4,250.1,244.2,245.6,256.8,260.8,259.3,260.6,259.7,256.5,258.8,253.4,253.9,249.4,248.7,250.5,244.1,248.1,250.5,250.4,245.9,248.4,248.0,249.5,250.0,249.9,247.9,247.7,244.7,244.3,248.2,246.1,243.5,240.0,240.2,240.3,240.6,246.9,251.4,255.9,259.9,258.6,254.8,251.9,256.4,256.3,258.9,260.9,264.0,257.6,254.1,255.6,256.3,258.4,263.5,267.1,270.5,270.1,266.5,267.9,269.7,269.6,273.4,275.7,277.1,276.8,275.0,273.6,274.8,279.1,280.7,280.7,280.1,283.9,287.6,288.6,289.3,290.3,291.8,291.1,288.3,283.9,285.5,283.0,280.9,284.0,276.3,280.7,279.1,285.7,282.0,278.2,280.1,279.9,282.1,282.9,284.4,285.1,285.7,289.5,287.9,291.3,288.7,291.7,290.3,296.8
DBK.DE,,,,26.145,27.875,27.645,28.085,27.58,28.535,28.46,28.505,29.02,28.505,28.59,28.21,27.57,27.225,27.51,27.525,26.895,26.71,,26.745,26.4,27.835,27.58,27.335,27.35,26.855,27.27,27.7,27.095,27.135,27.355,28.15,28.33,28.35,29.4,29.5,29.01,28.62,28.08,27.855,28.2,27.705,27.8,28.04,27.71,28.085,27.61,27.5,28.74,30.02,30.395,31.055,31.005,31.465,31.53,31.265,30.945,30.485,30.275,29.79,29.725,29.895,31.825,32.02,32.315,32.99,31.83,31.1,31.57,31.355,31.665,31.805,32.08,31.325,30.935,31.07,31.405,31.15,30.595,31.5,31.4,32.785,31.875,32.59,32.435,32.8,32.99,33.285,33.29,33.28,33.41,33.375,34.1,33.545,33.355,33.19,33.21,32.69,32.575,33.135,33.365,35.01,34.865,35.03,34.925,34.745,35.375,35.59,35.72,35.625,35.845,35.4,35.55,35.11,34.745,33.705,33.845,34.245,34.21,33.725,33.625,33.025,31.755,31.87,32.1,32.09,32.2,31.725,31.36,31.415,31.655
DDOG,121.99,121.45,119.1,117.91,123.32,119.45,109.61,110.27,113.16,121.18,128.75,128.43,129.82,135.96,133.325,130.0,129.61,133.58,136.0,134.63,137.0,142.75,147.33,150.0,145.69,198.6,200.36,203.58,203.0,205.438,205.0,211.28,210.825,215.68,220.35,219.155,224.769,,225.9,226.48,235.0,249.807,278.705,274.98,262.2,251.4,241.61,240.79,236.83,234.261,234.78,236.81,238.67,236.52,236.0,225.585,,228.379,225.68,225.69,223.677,242.04,252.25,261.31,271.26,266.13,,262.84,269.95,261.89,271.27,271.54,264.27,271.12,276.7,266.91,264.475,268.83,263.32,252.26,248.97,248.44,257.86,255.54,273.73,270.33,278.758,278.68,289.9,292.72,243.0,248.35,262.99,258.245,255.48,253.55,257.96,254.33,253.445,246.66,236.56,236.31,234.53,229.08,234.95,251.99,247.875,239.7,237.38,219.79,221.0,214.71,,211.178,225.96,227.58,225.31,233.685,232.785,236.86,239.045,238.96,245.31,249.91,256.71,258.39,280.7,272.79,269.44,277.5,280.05,282.0,281.85,285.68
DE,579.37,580.69,575.21,576.13,609.68,618.95,619.24,607.93,602.44,593.86,585.53,593.7,595.64,598.66,593.1,594.97,588.18,577.99,574.46,563.86,594.41,590.07,581.97,590.77,593.55,593.81,582.98,589.17,593.98,591.01,587.15,572.62,568.0,563.59,567.6,548.0,532.78,,531.75,533.77,539.71,546.98,544.57,580.74,593.79,604.51,597.82,592.61,582.78,577.46,571.72,578.53,593.35,590.49,598.48,598.21,,603.89,601.38,612.98,631.93,630.05,628.18,636.29,633.8,638.99,,637.7,634.94,601.5,606.0,599.44,587.83,601.0,590.18,599.75,614.92,599.76,596.0,609.37,615.95,629.34,628.03,643.99,634.01,604.77,602.99,616.23,622.0,624.73,618.14,627.88,623.55,621.3,623.28,622.01,616.0,610.64,604.04,596.06,639.0,654.28,660.7,653.18,639.65,629.35,632.02,657.17,677.89,700.64,705.88,702.45,,690.58,688.59,682.0,692.69,687.97,689.37,684.53,687.92,688.0,695.05,704.92,721.22,708.2,698.29,690.94,689.99,685.56,667.49,689.69,690.35,692.83
DELL,171.33,174.37,176.5,178.84,189.75,187.8,184.0,191.37,186.79,182.99,193.8,197.34,205.78,214.33,217.39,219.26,219.0,221.5,210.51,207.93,209.15,212.77,214.98,217.4,239.45,237.75,263.99,255.45,242.51,247.0,260.54,246.86,244.95,239.75,246.93,254.38,298.32,,308.64,312.14,327.73,429.15,469.47,469.19,436.0,430.5,412.9,406.5,407.74,398.99,394.31,408.38,415.91,421.82,431.76,436.0,,444.0,434.99,440.38,417.32,401.31,416.44,433.5,438.52,422.55,,429.74,426.56,449.45,460.5,452.8,436.7,463.48,461.2,413.83,407.15,403.2,407.98,451.36,454.77,451.48,447.88,404.0,394.96,413.0,431.43,432.36,476.9,485.7,455.87,455.88,474.99,452.46,484.74,514.0,500.76,496.86,489.98,471.75,443.73,444.43,451.57,457.99,469.4,472.5,474.74,474.49,463.0,497.99,530.78,534.99,,538.47,562.99,530.51,567.75,546.29,568.67,576.75,593.98,595.51,592.44,574.6,570.72,549.85,573.8,557.0,551.39,553.48,550.29,568.0,560.56,587.19
DHL.DE,,,,46.88,48.37,48.67,49.55,48.61,48.9,48.86,48.71,50.26,49.89,50.16,49.54,48.66,48.07,48.15,48.17,47.66,50.46,,50.14,46.94,47.39,47.73,47.04,47.55,47.98,47.75,48.07,47.59,47.41,47.6,48.46,48.51,50.32,50.6,50.48,50.88,51.28,51.76,51.62,53.26,53.18,52.82,52.54,52.04,52.66,52.02,51.28,52.36,52.72,53.16,53.14,52.54,52.2,51.76,51.88,51.48,53.02,53.4,52.56,53.44,53.84,55.9,56.18,56.42,57.38,56.78,56.72,56.9,57.06,57.36,57.72,57.78,57.44,56.9,57.12,57.32,57.28,57.24,57.88,57.8,57.62,58.08,58.2,58.3,58.04,57.94,56.0,55.86,55.3,55.54,55.68,55.6,55.68,55.34,55.44,55.48,55.64,56.26,56.58,57.26,57.24,56.72,56.92,56.68,56.58,55.24,55.22,55.0,55.5,55.7,55.02,55.24,55.6,55.98,56.16,56.26,56.5,56.66,58.2,58.9,58.8,57.9,57.42,57.78,57.42,58.02,56.84,56.96,56.66,56.84
DHR,192.43,193.8,192.53,192.12,198.56,195.69,193.73,196.52,200.4,199.48,196.39,197.02,195.87,200.5,195.01,180.98,178.98,181.45,183.0,179.33,180.27,179.87,175.54,177.68,176.96,177.01,175.48,171.73,167.93,167.62,169.29,166.28,164.55,171.5,171.28,173.84,174.95,,173.65,176.59,181.2,184.33,182.55,179.34,178.54,187.79,188.75,187.39,189.21,188.18,184.13,182.64,182.0,183.55,182.42,178.51,,179.3,181.71,189.48,197.57,196.19,197.0,193.99,196.04,198.23,,196.6,197.88,192.48,195.99,199.84,200.84,202.33,202.36,205.28,206.59,204.33,179.26,180.12,192.89,194.8,196.63,209.9,203.05,196.86,198.58,199.31,200.36,201.24,201.34,205.19,209.37,208.44,207.59,207.49,203.96,203.43,204.23,212.19,220.67,220.25,218.34,216.77,216.85,218.57,217.04,215.39,215.0,212.78,213.13,208.7,,207.84,206.05,203.1,202.68,203.81,209.55,211.98,213.27,214.98,216.19,222.42,223.42,226.65,224.9,228.38,227.65,226.11,222.0,216.06,222.15,227.61
DIS,98.36,97.17,97.16,96.79,99.19,100.23,100.16,101.27,103.1,103.38,104.53,106.33,107.11,106.88,106.28,105.2,103.64,103.81,103.29,101.48,104.12,104.83,103.05,101.73,109.14,110.48,109.21,108.39,106.27,105.88,106.29,105.42,104.7,103.93,104.86,104.62,104.5,,103.8,105.25,104.41,103.76,103.01,102.49,101.27,101.47,100.2,99.84,100.09,99.76,100.74,101.77,102.4,101.93,102.36,104.22,,104.31,104.04,104.53,101.58,99.45,100.04,97.6,97.76,99.52,,99.44,99.04,97.66,96.55,97.05,97.54,96.69,97.9,99.85,99.79,98.39,96.89,97.3,94.82,96.29,97.19,99.23,99.41,97.48,96.59,99.05,98.57,103.21,104.73,105.25,104.8,104.09,103.68,104.94,107.11,106.64,105.21,107.06,108.69,108.41,111.87,111.6,111.52,108.87,108.2,108.09,108.95,108.99,109.2,106.88,,105.11,104.93,106.12,107.36,109.42,108.32,108.34,107.71,105.05,104.6,105.1,104.62,105.75,106.17,106.58,105.84,106.4,104.64,102.63,103.72,104.27
DTE.DE,,,,31.24,31.65,31.66,31.46,30.76,29.28,28.96,29.16,29.6,29.75,29.47,28.88,27.85,27.92,27.79,26.91,27.55,27.61,,27.61,27.41,27.92,27.86,27.75,27.93,27.78,28.57,28.23,27.99,28.79,29.43,29.36,29.27,29.55,29.53,29.56,29.49,29.39,29.16,29.07,29.3,28.95,28.73,28.21,27.84,27.97,28.63,28.68,28.34,28.55,28.11,27.49,27.16,26.96,26.64,26.69,26.6,26.47,26.5,26.21,24.67,24.44,25.36,25.33,25.56,26.05,25.72,25.4,26.26,26.86,26.86,26.61,26.77,27.5,27.22,27.16,27.27,27.36,26.39,27.29,27.82,27.64,27.63,26.97,28.24,28.29,27.77,29.52,29.43,29.05,28.63,28.53,28.52,28.74,28.7,28.95,29.24,29.17,29.1,29.34,29.16,29.26,28.77,28.52,28.62,28.51,28.7,29.1,28.79,28.31,28.56,28.55,28.26,28.68,29.15,29.08,28.96,29.02,27.7,27.75,27.48,27.31,27.33,27.05,27.29,26.7,26.46,26.37,26.69,26.87,26.97
DTG.DE,,,,43.24,44.95,44.78,44.93,44.13,44.7,43.57,42.63,44.18,43.38,43.85,43.69,43.99,44.48,44.1,43.52,42.76,42.94,,43.28,43.55,44.67,43.37,41.08,40.95,40.23,40.22,41.1,40.73,40.32,40.01,40.14,40.32,40.27,42.13,42.09,43.52,42.88,42.78,42.09,42.32,42.72,42.56,41.79,41.76,42.03,41.84,41.38,42.5,43.3,42.69,42.44,42.02,42.03,41.86,41.23,41.23,42.48,41.92,41.25,42.27,42.69,43.46,44.06,44.53,44.82,44.22,42.8,42.3,42.57,43.09,43.64,43.16,43.43,42.92,43.67,44.28,46.53,46.42,47.25,48.1,48.56,48.71,49.14,50.08,49.86,49.63,48.7,47.85,47.45,47.1,46.39,45.69,45.39,45.66,46.08,45.67,45.66,45.86,46.53,47.42,47.42,47.21,47.45,47.14,47.11,46.43,45.63,45.81,45.83,45.74,44.76,44.22,44.38,44.47,44.03,43.98,44.5,44.29,43.72,43.69,43.61,42.5,42.54,43.26,43.04,42.68,42.33,41.7,41.12,41.31
DUK,131.87,133.03,132.7,132.88,131.66,134.13,133.52,132.12,130.1,129.25,129.01,128.2,129.18,128.51,127.26,128.32,128.25,128.34,128.6,127.94,129.84,130.7,129.0,129.29,127.49,125.1,125.69,125.36,125.83,124.53,124.4,123.26,122.95,124.66,125.2,124.81,125.89,,125.81,125.65,125.95,124.42,122.16,121.24,123.47,122.72,125.3,124.56,124.9,125.61,126.25,125.49,126.02,126.97,125.81,125.25,,124.72,125.58,126.54,128.16,128.48,128.65,127.93,126.81,129.66,,129.44,130.37,128.72,127.2,126.16,127.28,127.73,126.76,126.26,129.26,127.52,125.92,127.98,129.71,131.0,130.87,132.65,130.29,129.3,126.38,126.01,124.87,124.35,125.11,125.4,124.0,123.34,123.74,124.66,124.43,124.05,125.66,125.11,124.28,123.04,122.21,122.2,122.57,121.18,121.59,120.52,121.25,121.06,121.98,121.43,,121.62,121.57,121.26,120.35,120.47,119.27,118.76,118.57,118.02,118.0,117.01,116.01,115.03,113.61,113.85,114.44,115.03,114.01,115.17,114.31,115.74
DXCM,63.67,62.86,63.3,64.28,65.87,66.44,66.14,64.03,63.7,63.88,63.89,64.09,65.29,65.0,63.87,63.78,62.9,62.08,62.44,58.95,59.64,62.85,61.63,61.0,61.08,61.55,61.37,60.59,61.46,61.36,59.56,63.19,65.17,67.75,71.48,72.27,73.05,,73.1,72.65,72.76,73.83,76.35,74.36,73.25,74.92,75.44,78.52,78.82,78.91,76.03,76.25,75.7,74.66,74.26,73.69,,71.92,70.27,71.09,70.79,70.38,71.06,70.96,69.66,71.57,,72.77,73.97,74.39,73.78,75.57,76.42,75.43,75.13,79.15,78.01,77.09,76.95,75.29,71.43,71.85,74.59,76.09,76.09,74.87,84.7,87.63,87.85,86.47,83.69,85.06,88.18,89.56,91.04,91.62,91.96,89.9,91.5,91.92,91.39,92.56,92.59,91.14,89.76,90.43,90.84,91.18,92.34,91.9,91.0,89.0,,86.75,85.16,84.82,85.82,84.98,87.36,88.79,88.26,89.92,89.68,90.39,90.05,88.0,87.64,87.34,87.03,86.75,87.7,86.67,87.12,86.75
EMR,134.4,133.25,132.82,134.91,145.0,145.41,145.77,144.5,145.87,144.4,141.76,147.38,147.08,148.49,147.03,143.16,142.48,142.7,140.79,139.1,140.9,141.03,139.47,140.67,149.47,147.95,142.9,141.5,138.99,138.46,138.98,135.42,133.26,133.01,133.97,135.13,137.5,,141.17,142.38,142.61,145.57,142.6,143.49,143.12,142.78,141.16,140.0,142.94,144.23,142.6,144.66,149.57,151.58,152.76,152.88,,152.0,146.93,144.77,147.34,144.84,144.05,144.17,142.73,142.0,,141.74,140.86,137.06,139.5,140.39,139.28,138.05,137.11,139.31,142.37,140.0,140.34,140.92,145.84,149.18,150.79,152.09,150.78,149.61,151.0,154.98,159.48,164.87,164.85,159.34,159.81,164.42,166.35,164.37,164.8,164.35,161.5,159.7,157.25,157.48,158.2,159.82,158.7,158.98,158.64,154.49,152.26,150.6,151.1,153.61,,153.95,152.88,150.15,152.28,149.62,149.03,148.94,149.36,149.99,152.25,155.11,156.01,156.31,159.87,160.13,160.29,158.28,159.18,164.13,164.21,165.24
ENB,54.19,54.48,54.32,54.64,54.54,55.31,54.94,54.65,53.48,53.2,53.12,52.77,52.96,52.63,52.32,52.62,53.42,53.46,53.36,53.79,55.48,55.49,55.4,55.36,55.04,54.31,55.14,54.88,54.87,55.33,56.22,55.74,56.41,57.01,57.49,58.2,58.45,,57.71,56.77,56.47,55.67,55.34,56.45,57.01,56.9,57.05,56.72,55.59,56.66,56.98,56.99,56.2,56.22,55.79,54.66,,55.06,55.76,55.54,56.38,56.37,56.31,55.58,54.26,54.11,,54.58,55.35,55.43,55.25,54.89,55.35,56.02,56.59,56.57,57.1,57.04,56.08,56.41,56.57,56.98,56.63,55.9,55.98,55.53,55.6,54.29,54.17,53.63,52.84,51.92,51.83,52.07,51.89,51.6,51.15,51.08,51.58,51.66,51.91,51.58,50.55,50.15,50.6,50.47,50.62,50.68,51.0,50.88,50.88,50.33,,50.77,50.78,48.65,48.48,48.68,48.99,48.85,48.88,48.92,48.8,48.49,48.22,48.0,47.39,47.17,46.91,46.94,46.42,46.52,46.38,46.58
ENR.DE,,,,150.82,166.3,164.94,170.18,167.5,171.76,171.94,171.2,173.92,170.2,170.58,179.36,184.32,191.66,189.44,177.3,179.34,180.58,,185.6,183.92,189.2,188.34,181.18,180.12,176.56,178.92,182.88,174.0,176.46,172.94,174.8,175.36,176.14,181.96,182.58,186.98,172.94,165.04,166.8,163.0,161.86,161.38,159.44,159.98,159.52,149.18,147.92,154.42,159.4,160.0,162.2,172.14,172.12,174.16,165.12,163.5,166.34,162.32,157.46,166.44,168.58,167.24,169.36,170.68,162.82,156.84,158.64,155.0,153.0,156.4,156.62,154.3,148.1,155.3,158.74,161.46,153.36,153.84,154.56,148.98,140.24,146.84,152.74,151.02,154.74,159.46,154.28,157.5,158.76,159.86,165.86,165.0,161.94,165.1,161.22,157.46,155.8,155.14,153.36,154.88,153.32,156.76,151.48,147.0,143.1,143.28,145.72,149.8,150.58,149.48,149.98,146.26,144.52,139.8,134.12,138.74,142.58,143.32,143.3,146.16,146.98,146.0,146.76,144.48,148.06,147.12,145.16,146.84,145.9,151.0
EOAN.DE,,,,19.785,19.965,19.905,19.785,19.69,19.575,19.595,19.5,19.145,19.02,19.07,19.21,19.38,18.905,18.835,18.925,18.895,18.895,,18.815,18.685,18.615,18.255,18.005,18.31,18.26,18.95,18.875,18.52,18.18,18.51,18.54,18.535,18.58,18.555,18.75,18.565,18.34,18.2,18.22,18.18,18.205,18.18,18.38,18.4,18.18,18.205,18.45,18.42,18.44,18.31,18.32,18.4,18.265,18.18,17.945,17.725,18.16,18.215,18.175,18.245,17.965,18.37,19.215,19.275,19.15,19.47,19.41,19.375,19.155,19.46,19.565,19.24,19.35,19.28,19.4,19.6,19.74,19.645,19.61,19.235,19.115,19.09,19.16,19.145,19.34,19.255,19.1,19.085,19.1,19.115,19.075,18.55,18.325,17.57,17.65,17.61,17.62,17.75,17.445,17.66,17.94,17.925,17.945,17.97,17.985,17.9,17.55,17.555,17.84,17.72,17.96,17.83,17.82,17.615,17.45,17.71,17.865,17.775,17.5,17.595,17.51,17.3,17.38,17.43,17.15,17.22,16.94,17.18,17.12,17.16
EQIX,999.67,1006.56,1016.39,1008.74,1023.47,1039.9,1034.26,1057.88,1060.0699,1059.77,1072.88,1093.03,1104.29,1108.1899,1107.9301,1123.92,1128.6801,1108.47,1097.51,1093.62,1084.85,1091.6899,1091.1801,1089.58,1097.4399,1090.6,1082.62,1094.85,1085.09,1085.9399,1085.76,1077.4399,1065.51,1066.38,1066.86,1079.42,1084.1,,1088.73,1079.22,1080.77,1072.5,1066.27,1076.72,1107.15,1091.97,1093.0,1084.55,1073.79,1069.33,1048.23,1055.88,1077.21,1107.22,1106.12,1114.6,,1117.6801,1124.0,1117.98,1106.0,1094.87,1106.46,1070.62,1045.54,1028.63,,1016.73,1027.51,1030.65,1038.24,1051.73,1054.54,1043.28,1030.35,1019.87,1024.01,1035.78,1036.33,1037.01,1041.52,1104.99,1085.71,1055.97,1044.13,1083.86,1066.13,1032.97,1055.9,1063.46,1063.0,1063.16,1048.64,1050.0,1069.97,1080.0,1105.9399,1109.22,1107.41,1093.37,1086.67,1098.35,1072.5,1086.98,1084.2,1100.66,1087.5,1049.35,1049.4301,1025.61,1041.38,1048.34,,1053.97,1048.99,1049.65,1047.29,1028.95,1010.05,1028.89,1033.99,1030.42,1062.04,1066.51,1060.98,1048.85,1049.11,1031.39,1023.38,1023.28,1016.97,1036.52,1028.27,1052.3199
EQNR,402.8,,,414.5,367.7,380.5,375.1,383.3,373.2,361.2,357.3,362.4,343.9,344.9,354.8,362.7,366.9,361.4,367.2,371.8,379.7,,382.85,383.9,372.6,346.0,344.4,348.1,357.7,350.0,,361.4,372.1,379.4,378.3,371.8,364.6,,357.4,348.9,346.1,340.1,353.5,350.5,357.2,355.2,356.5,365.8,356.3,354.0,368.0,350.0,331.0,328.4,324.6,320.3,321.4,321.7,319.5,319.6,310.2,310.0,314.9,314.4,315.5,316.8,319.5,318.7,326.3,340.6,338.2,331.8,345.7,356.9,353.6,346.2,359.5,367.6,364.4,381.0,398.7,393.9,378.6,378.5,394.8,395.1,390.2,382.9,390.1,379.5,373.4,382.1,384.0,395.8,391.5,387.6,385.8,390.3,395.4,396.9,401.8,401.3,398.0,393.9,388.1,387.6,390.3,402.4,406.4,416.1,405.1,400.1,400.4,404.5,415.4,425.5,418.2,426.0,423.9,425.8,421.5,420.4,416.7,409.7,407.3,419.3,411.9,410.9,405.6,399.7,401.8,406.7,409.9,410.1
ETN,368.43,365.99,364.21,369.11,390.97,401.11,407.01,404.75,407.83,401.34,395.96,410.91,409.66,418.38,419.47,429.31,432.34,426.38,416.41,418.63,434.3,435.43,434.75,415.93,423.97,419.9,406.85,420.88,415.98,409.6,409.99,402.12,398.21,377.17,382.46,384.95,395.21,,409.65,406.83,406.48,404.28,404.23,419.68,426.59,421.57,410.61,406.51,413.25,399.83,396.18,399.13,412.04,415.62,419.17,425.92,,436.74,421.55,412.73,426.0,413.14,411.74,427.93,423.45,414.74,,420.25,406.0,401.61,414.86,411.67,407.23,417.0,419.0,406.62,404.71,413.46,412.21,412.48,417.43,414.92,407.66,388.57,386.52,389.39,420.0,438.76,451.96,453.5,457.78,455.82,453.93,463.75,478.0,459.38,456.67,458.96,444.89,436.95,425.42,423.51,417.99,419.99,420.93,427.96,419.03,406.98,401.0,394.89,397.87,411.24,,430.25,424.23,414.37,427.14,400.66,400.27,403.32,418.86,425.34,438.26,443.64,443.49,441.38,447.33,441.94,437.05,434.75,439.64,452.0,439.76,446.73
EURAUD=X,,,,,1.6614,1.6615,1.6578,1.6636,1.6615,1.6553,1.6468,1.6461,1.6461,1.6457,1.6413,1.6386,1.6418,1.6387,1.6338,1.6415,1.6406,1.6335,1.6327,1.6371,1.6263,1.6251,1.6285,1.6274,1.6293,1.6223,1.619,1.6279,1.6305,1.6379,1.6359,1.6358,1.6285,1.6266,1.6256,1.6331,1.6326,1.6274,1.6274,1.6257,1.626,1.6303,1.6351,1.6375,1.6443,1.649,1.6516,1.6462,1.6429,1.6435,1.6452,1.6397,1.6361,1.6372,1.644,1.6473,1.6496,1.6557,1.6602,1.6618,1.6566,1.6556,1.6525,1.6511,1.6483,1.6504,1.649,1.6483,1.6479,1.6462,1.638,1.6405,1.6418,1.6379,1.6314,1.6334,1.6327,1.6329,1.6305,1.6343,1.6438,1.6483,1.6406,1.6503,1.6445,1.6391,1.6403,1.6404,1.637,1.6388,1.6352,1.6357,1.6347,1.6335,1.632,1.6408,1.6444,1.6417,1.6315,1.633,1.6299,1.6242,1.6196,1.6217,1.6242,1.6251,1.62,1.6153,1.6128,1.6131,1.6132,1.6225,1.6224,1.6225,1.6207,1.6203,1.6184,1.6141,1.612,1.6145,1.6194,1.6222,1.6249,1.6234,1.627,1.6333,1.6326,1.6249,1.6189,1.6144
EURBRL=X,,,,,6.0496,5.9988,5.9809,5.8962,5.8928,5.8928,5.8962,5.8858,5.9312,5.848,5.8893,5.8343,5.9277,5.8928,5.8997,5.8893,5.8651,5.8343,5.8275,5.8241,5.814,5.8241,5.8005,5.7904,5.7971,5.7937,5.8824,5.9418,5.8928,5.8997,5.8928,5.8377,5.8685,5.8582,5.872,5.9418,5.9067,5.9382,5.8962,5.8617,5.8928,5.9102,5.9773,6.0277,6.006,6.0132,5.9952,5.9277,5.8824,5.9524,5.9242,5.9666,5.9347,5.9172,5.9418,5.9277,5.9312,5.9488,5.9524,5.9559,5.9737,5.9666,5.9773,5.9312,5.9242,5.9067,5.9312,5.8962,5.8928,5.8617,5.8207,5.8754,5.8997,5.8617,5.8275,5.8072,5.8309,5.8005,5.8411,5.8651,5.8824,5.8754,5.8617,5.8893,5.9277,5.9312,5.9347,5.9067,5.8893,5.9988,6.0132,6.0277,6.0643,6.0533,6.035,6.0496,6.068,6.079,6.0168,6.0168,6.0132,6.0241,6.0459,6.0205,6.0314,5.9773,5.9347,5.9524,5.9595,5.9618,5.9422,5.9698,5.9286,5.9667,5.9532,5.9508,5.9412,5.9188,5.9067,5.8835,5.8687,5.9067,5.9393,5.9353,5.9347,5.9134,5.8805,5.8993,5.8754,5.6306
EURCHF=X,,,,,0.9238,0.9241,0.9257,0.9263,0.9217,0.9224,0.9235,0.9231,0.9205,0.9181,0.9185,0.9192,0.9215,0.9216,0.925,0.925,0.9239,0.9177,0.9178,0.9167,0.9176,0.9157,0.9161,0.9166,0.9174,0.9166,0.9159,0.9151,0.9153,0.9168,0.9169,0.9153,0.914,0.912,0.9137,0.9154,0.9169,0.9133,0.9154,0.916,0.9178,0.919,0.919,0.9204,0.9218,0.9231,0.9228,0.9225,0.9218,0.9226,0.9208,0.9222,0.9263,0.9266,0.9243,0.9224,0.9226,0.9227,0.9235,0.923,0.9235,0.921,0.9196,0.9215,0.9225,0.9236,0.9231,0.9229,0.9262,0.9278,0.9259,0.9256,0.9254,0.9247,0.9269,0.9284,0.9315,0.9305,0.9315,0.932,0.9342,0.9349,0.9319,0.9334,0.9328,0.9345,0.9372,0.9365,0.9353,0.9364,0.9379,0.9382,0.9404,0.9406,0.9409,0.9407,0.9344,0.9362,0.9366,0.9375,0.9389,0.9393,0.938,0.9393,0.9417,0.9435,0.9418,0.9416,0.9417,0.9428,0.9423,0.9444,0.9472,0.9474,0.9464,0.9459,0.9479,0.9476,0.9453,0.9417,0.9399,0.9432,0.9455,0.9465,0.947,0.9486,0.9477,0.9352,0.9322,0.9366
EURDKK=X,,,,,7.4728,7.4729,7.4728,7.4727,7.4729,7.4731,7.4731,7.4734,7.4734,7.4733,7.4734,7.4732,7.4731,7.473,7.4727,7.4742,7.4726,7.4727,7.4728,7.4731,7.473,7.4728,7.4729,7.473,7.4731,7.4737,7.4732,7.4736,7.4738,7.4732,7.4732,7.473,7.4731,7.4727,7.4726,7.4733,7.4732,7.4738,7.474,7.4739,7.4741,7.4744,7.4743,7.4742,7.4743,7.4744,7.4746,7.4744,7.4745,7.4748,7.4749,7.4748,7.4749,7.4747,7.4753,7.4757,7.4755,7.4749,7.4749,7.4747,7.4748,7.475,7.4748,7.4747,7.4752,7.4755,7.4754,7.4752,7.4755,7.4755,7.4755,7.4755,7.476,7.476,7.4757,7.4757,7.4756,7.4759,7.4759,7.4754,7.4755,7.4753,7.4752,7.4753,7.4753,7.4755,7.4757,7.4758,7.4757,7.4759,7.4759,7.476,7.4761,7.4759,7.4759,7.4762,7.4757,7.4757,7.4756,7.476,7.4756,7.4756,7.4752,7.4754,7.4753,7.4753,7.4752,7.475,7.475,7.4751,7.4749,7.4751,7.475,7.4758,7.4754,7.4755,7.4754,7.4756,7.4759,7.4756,7.4759,7.4756,7.4757,7.4757,7.4756,7.4756,7.4757,7.4754,7.4753,7.4751
EURGBP=X,,,,,0.8723,0.8713,0.8719,0.8722,0.8713,0.8698,0.8712,0.8723,0.8716,0.8719,0.8694,0.8678,0.8682,0.8674,0.8677,0.8673,0.8665,0.8639,0.8646,0.8642,0.8648,0.8646,0.8655,0.8663,0.8697,0.8676,0.8668,0.8727,0.8729,0.8687,0.8666,0.8657,0.8652,0.8636,0.8648,0.8666,0.8673,0.8681,0.8661,0.8649,0.8642,0.8656,0.8655,0.8651,0.8647,0.8633,0.8644,0.8636,0.8652,0.8651,0.8656,0.8676,0.868,0.8679,0.8634,0.8628,0.8626,0.865,0.8632,0.8623,0.8618,0.8573,0.8574,0.8569,0.8553,0.8554,0.854,0.8525,0.854,0.8544,0.8534,0.8492,0.8513,0.8505,0.8538,0.854,0.8546,0.8553,0.8558,0.8567,0.8574,0.8585,0.8565,0.857,0.8573,0.8578,0.8582,0.8579,0.8568,0.8551,0.8546,0.8553,0.8551,0.8559,0.856,0.8574,0.8585,0.8575,0.8561,0.8561,0.8574,0.8579,0.8576,0.8574,0.8574,0.8593,0.8608,0.8597,0.8595,0.8588,0.8595,0.8599,0.8596,0.8573,0.8565,0.8581,0.8607,0.8594,0.8581,0.8581,0.8597,0.8609,0.8612,0.8602,0.8585,0.8573,0.8547,0.8527,0.8499,0.8493
EURHKD=X,,,,,9.1784,9.1711,9.1929,9.1789,9.25,9.2493,9.2604,9.2772,9.2307,9.2307,9.2093,9.1765,9.1809,9.2119,9.1898,9.1831,9.193,9.2327,9.1944,9.1784,9.2422,9.2244,9.2249,9.2275,9.2207,9.1914,9.1806,9.135,9.1275,9.1267,9.1193,9.1132,9.1033,9.1283,9.1242,9.1347,9.1319,9.158,9.141,9.1339,9.116,9.1219,9.1215,9.0529,9.0725,9.0691,9.0538,9.0798,9.1045,9.1002,9.0988,9.0348,8.9935,8.9918,8.967,8.9243,8.9287,8.9659,8.96,8.9666,8.9513,8.9967,8.9897,8.9728,8.9772,8.9613,8.973,8.9818,8.9705,8.9801,8.9682,8.9961,8.9787,8.976,8.9607,8.9535,8.9661,8.9385,8.9517,8.9392,8.9434,9.0469,9.0395,9.0604,9.043,9.064,9.066,9.0834,9.073,9.061,9.0726,9.0597,9.0905,9.1107,9.0891,9.1544,9.1846,9.182,9.1611,9.1514,9.1531,9.1406,9.1374,9.1084,9.1118,9.1003,9.1171,9.12,9.1215,9.1229,9.1383,9.1281,9.109,9.0935,9.0609,9.0637,9.0196,9.0145,9.0176,9.0037,8.9795,8.9393,8.9484,8.9347,8.9204,8.9277,8.8952,8.8547,8.8325,8.8485
EURINR=X,,,,,108.52,108.33,109.064,109.375,109.923,110.117,110.254,109.735,109.713,110.024,110.283,110.177,110.378,110.643,110.68,110.976,111.307,111.272,111.378,111.487,111.595,111.436,111.276,112.273,112.409,112.217,112.296,111.768,112.223,112.231,112.64,112.581,111.741,111.394,111.339,111.502,111.47,111.465,110.718,110.957,111.268,111.468,111.195,110.497,110.399,110.277,110.498,110.771,109.981,109.911,109.784,109.06,108.214,108.453,108.46,107.785,107.531,107.818,107.936,108.179,108.599,109.352,109.134,109.012,109.114,108.988,109.147,109.243,109.38,110.158,110.05,110.384,110.277,110.36,110.043,110.212,110.329,109.934,109.72,109.212,109.19,110.306,110.201,109.982,109.902,109.994,109.893,110.17,110.108,110.132,110.152,110.114,110.472,110.951,110.799,111.737,111.996,112.034,111.732,111.669,111.337,111.294,111.242,110.554,110.544,110.131,110.052,109.839,109.836,110.236,110.796,111.026,111.096,110.476,110.747,110.793,110.22,110.12,110.066,109.868,109.362,109.261,109.241,109.205,109.178,108.953,108.87,108.626,108.157,108.652
EURJPY=X,,,,,185.483,186.204,186.782,187.067,187.51,187.629,187.531,187.935,187.077,187.339,187.309,186.942,186.872,187.088,186.932,187.462,187.554,184.577,184.398,184.662,185.033,184.158,184.49,185.116,185.445,185.152,185.044,184.736,185.041,185.201,184.669,184.916,184.793,185.135,185.353,185.773,185.633,185.971,185.972,186.188,185.993,186.101,186.193,184.989,185.455,185.558,185.459,185.547,186.042,186.286,186.305,185.197,184.957,185.385,184.834,183.892,184.076,184.822,184.993,185.827,185.702,185.085,184.595,185.441,185.522,185.55,185.793,185.668,185.46,185.475,185.601,186.007,185.945,185.865,186.011,186.185,186.653,186.597,186.709,186.603,186.65,187.411,185.121,182.143,181.786,182.161,182.62,182.67,183.649,183.855,183.962,183.842,184.391,184.754,184.901,184.862,185.567,186.005,185.782,185.937,185.906,185.799,185.981,185.614,185.707,185.689,184.149,181.95,181.455,179.386,178.852,179.431,179.521,178.662,179.101,179.35,179.064,181.48,180.788,180.813,180.412,180.753,180.654,179.709,179.101,178.565,179.299,177.904,177.52,178.314
EURKRW=X,,,,,1752.9,1729.4301,1739.2,1741.02,1744.62,1740.86,1740.76,1747.76,1735.96,1736.04,1743.92,1735.25,1733.71,1728.24,1732.0,1738.52,1737.0699,1727.9301,1727.41,1727.0699,1727.37,1709.1801,1727.29,1734.59,1751.65,1760.5601,1748.54,1751.47,1746.71,1755.45,1754.63,1750.77,1762.54,1769.41,1765.2,1753.01,1750.29,1756.97,1761.0601,1768.92,1777.41,1786.48,1799.8101,1807.42,1766.9399,1764.55,1768.79,1759.95,1757.63,1757.5699,1758.29,1766.1801,1762.91,1763.86,1759.97,1755.78,1758.23,1759.78,1761.5601,1771.4301,1776.36,1771.01,1767.5699,1754.15,1750.36,1733.95,1730.37,1730.41,1717.88,1705.46,1705.96,1709.16,1703.59,1700.58,1688.37,1691.0699,1684.84,1677.33,1676.26,1671.8199,1657.76,1656.8199,1657.85,1663.51,1650.99,1649.41,1648.79,1640.6801,1639.29,1637.6,1636.08,1640.88,1636.5601,1640.02,1638.16,1634.92,1631.04,1626.37,1618.09,1615.95,1618.16,1612.79,1608.4301,1591.3199,1592.17,1592.22,1578.35,1579.22,1566.3199,1563.34,1558.9301,1565.3101,1565.73,1556.39,1573.33,1581.7,1590.84,1592.0,1594.62,1573.9399,1558.76,1561.73,1555.87,1551.96,1545.4,1540.04,1543.03,1533.8101,1507.84,1508.77
EURNOK=X,,,,,11.2324,11.1825,11.1451,11.143,11.1489,11.1479,11.0856,11.0912,11.0419,10.9945,10.9652,10.9414,10.964,10.9203,10.9317,10.9255,10.9364,10.9106,10.8914,10.8487,10.9487,10.9423,10.9252,10.8475,10.8236,10.7854,10.8165,10.8741,10.8407,10.7937,10.7917,10.7924,10.762,10.7864,10.7921,10.8292,10.8027,10.7968,10.7964,10.8102,10.8211,10.8604,10.8989,10.9236,10.981,11.0026,10.9925,11.0616,11.0648,11.0768,11.0276,11.1633,11.1727,11.1181,11.153,11.1989,11.2364,11.3187,11.3564,11.3513,11.342,11.3012,11.2757,11.252,11.2192,11.1861,11.1815,11.1694,11.1826,11.1375,11.1191,11.0996,11.088,11.0585,11.0429,10.9905,10.9622,10.9664,11.0205,11.0461,11.0345,11.0096,10.9959,11.0232,11.034,11.0118,11.025,10.9978,11.0059,10.9807,10.9718,10.9899,10.9729,10.9332,10.9206,10.9148,10.9308,10.922,10.88,10.9,10.9146,10.9136,10.8806,10.8693,10.8534,10.8182,10.8237,10.816,10.8083,10.7779,10.7249,10.7957,10.7992,10.7827,10.7951,10.7983,10.8277,10.8435,10.8291,10.8308,10.8265,10.8283,10.8542,10.8417,10.8924,10.9087,10.9181,10.8473,10.8242,10.7881
EURTWD=X,,,,,37.2681,37.1936,37.2499,37.2377,37.3208,37.3069,37.3066,37.2759,37.0979,37.0836,37.0267,36.9678,36.9171,36.9354,36.9685,37.0109,37.0928,37.2267,37.1014,37.0464,37.016,36.9628,36.9495,36.9882,37.0832,37.1108,36.9898,36.8565,36.8544,36.8824,36.8302,36.7808,36.6665,36.6811,36.6585,36.6298,36.606,36.6714,36.6418,36.6447,36.5898,36.6587,36.7187,36.4887,36.571,36.5895,36.6865,36.649,36.704,36.601,36.6797,36.4546,36.2964,36.3409,36.2218,36.0927,36.2376,36.4219,36.4187,36.3949,36.3984,36.567,36.5996,36.6961,36.755,36.7033,36.8271,36.7691,36.7104,36.7978,36.8341,36.9597,37.0927,37.1078,36.9421,37.0689,36.954,36.8776,36.9528,36.8961,37.0497,37.3519,37.3872,37.4543,37.361,37.3654,37.3023,37.2916,37.2757,37.2473,37.2354,37.1294,37.0719,37.0676,36.9767,37.1862,37.352,37.3038,37.1859,37.2239,37.2172,37.0889,36.9026,36.8386,36.8273,36.8211,36.8796,36.9032,36.7441,36.669,36.6484,36.8056,36.7615,36.7447,36.8403,36.7915,36.626,36.5703,36.5681,36.4045,36.2853,36.2737,36.2611,36.2102,36.2284,36.2327,36.2314,35.9318,35.8351,35.8015
EURUSD=X,,,,,1.1723,1.1706,1.1741,1.1719,1.1811,1.1811,1.1824,1.1851,1.1791,1.1788,1.1761,1.1716,1.1721,1.1756,1.1729,1.1722,1.1738,1.1785,1.1738,1.1716,1.1797,1.178,1.1785,1.179,1.178,1.1743,1.1722,1.1665,1.1659,1.1655,1.1644,1.1637,1.1621,1.1655,1.1647,1.1661,1.1658,1.1686,1.1667,1.1655,1.1636,1.1647,1.1646,1.1554,1.1578,1.1574,1.1558,1.1592,1.1623,1.1618,1.1618,1.153,1.1476,1.1473,1.1439,1.1384,1.1388,1.1434,1.1426,1.1434,1.1417,1.1472,1.1465,1.1444,1.1447,1.1432,1.1451,1.1463,1.1446,1.1461,1.1446,1.1478,1.1453,1.145,1.1429,1.1421,1.1438,1.14,1.1418,1.1402,1.1405,1.1535,1.1526,1.1555,1.1531,1.1559,1.1562,1.1579,1.1566,1.1553,1.1562,1.1547,1.1586,1.1614,1.1589,1.1678,1.1711,1.1712,1.1692,1.1675,1.1678,1.1662,1.1656,1.1623,1.1625,1.1605,1.1629,1.1633,1.1635,1.1636,1.1654,1.1643,1.162,1.1596,1.1553,1.1556,1.1498,1.1494,1.1495,1.1481,1.1451,1.14,1.1412,1.1392,1.1373,1.1378,1.1339,1.1285,1.1257,1.1276
EXC,49.15,49.47,49.45,49.43,49.25,50.11,49.32,48.67,48.66,48.54,48.07,47.13,47.36,46.61,47.01,46.81,47.01,47.23,47.2,47.16,47.68,47.01,46.75,46.74,46.89,44.9,44.75,44.51,45.14,44.61,44.58,44.46,44.17,44.69,45.16,45.42,46.38,,46.51,46.35,46.7,45.82,45.44,45.31,46.13,45.16,46.03,45.55,45.67,45.84,46.07,46.4,46.58,47.01,46.56,46.26,,46.44,46.84,47.16,47.51,47.45,47.52,47.1,46.72,47.95,,47.78,48.54,48.09,47.43,46.98,47.41,47.47,46.96,46.86,47.73,46.72,46.03,46.83,47.42,47.87,47.92,48.49,47.64,46.71,46.15,46.26,46.0,45.9,46.27,45.89,45.41,45.04,45.24,45.77,45.99,45.76,46.43,45.96,45.72,45.44,44.42,44.44,44.51,44.1,44.43,43.82,44.23,44.07,44.59,44.17,,44.33,44.07,43.98,43.84,43.55,42.95,42.75,42.72,42.54,42.23,42.08,41.62,40.92,40.38,40.43,40.74,40.94,40.59,41.21,41.05,41.7
FANG,195.74,201.47,195.84,199.29,187.34,191.14,189.68,192.02,187.59,188.78,189.4,180.61,185.66,189.98,194.76,198.26,195.95,198.14,201.15,205.87,206.9,207.77,214.51,211.73,198.96,192.11,190.32,197.03,199.2,201.4,201.5,204.61,206.92,208.58,210.8,208.95,201.5,,201.9,194.68,195.71,193.9,201.66,203.62,211.69,207.16,203.53,200.03,197.03,200.22,200.35,195.43,190.84,188.31,188.93,183.9,,188.37,188.98,186.08,183.92,183.22,182.15,181.52,179.0,174.0,,174.31,181.63,187.76,185.49,184.59,193.18,193.88,192.17,192.02,196.1,198.06,199.9,204.96,209.9,210.55,201.71,198.59,199.97,199.93,203.79,199.6,195.5,192.5,190.11,189.07,199.43,203.35,201.74,199.91,204.57,206.65,210.41,213.75,216.9,212.96,211.36,204.0,202.0,201.6,202.4,204.8,205.0,204.85,204.25,201.58,,204.97,204.59,207.57,205.07,210.89,213.31,198.65,197.31,196.94,190.75,188.72,188.2,191.4,187.77,190.57,184.55,186.18,185.87,185.68,186.0,185.77
FAST,46.95,47.26,46.3,45.88,48.21,49.42,49.67,49.0,45.7,44.51,45.24,46.0,46.04,45.91,45.79,45.71,45.35,45.49,45.49,44.59,45.1,45.16,45.12,45.12,45.41,45.64,44.61,44.15,43.8,43.88,44.15,43.78,44.25,44.0,44.13,44.0,44.0,,44.62,44.98,44.9,44.93,44.18,44.77,46.64,47.74,47.78,46.86,46.94,47.06,46.85,47.16,46.91,46.71,46.21,46.08,,46.88,46.19,46.82,47.81,47.57,47.49,48.29,48.53,48.76,,48.83,48.63,47.1,47.12,47.26,47.65,49.01,46.05,47.45,47.1,45.57,45.05,45.6,46.18,47.09,47.76,49.17,48.17,47.66,47.82,48.79,49.77,50.55,50.91,51.9,52.23,52.92,52.82,52.59,51.52,51.54,51.78,52.05,51.36,51.46,52.15,51.36,51.31,51.32,51.52,49.79,49.24,48.69,49.29,50.42,,49.65,49.53,49.14,49.91,49.68,49.69,49.78,49.58,49.29,49.7,50.2,51.04,51.41,51.05,50.81,50.73,50.37,50.27,51.04,50.99,51.39
FDX,294.867,293.7631,290.8058,290.2176,300.9347,306.3175,305.2216,301.3296,299.4923,298.1467,306.9218,316.5673,319.0169,322.0548,319.299,319.0975,316.2772,316.1563,315.9952,318.6704,325.5681,325.423,305.8662,294.5609,304.7945,307.0105,308.8719,309.5729,306.0113,306.1241,306.2691,304.1499,302.5786,303.2151,313.4085,316.0999,321.3538,,324.7623,333.3602,332.498,333.4972,341.14,337.34,329.97,334.43,333.4,332.97,337.49,331.48,338.94,342.81,345.37,342.14,338.18,331.1,,332.4,327.4,323.68,329.49,327.62,325.73,325.73,317.08,317.99,,317.04,313.94,314.16,320.57,317.64,317.25,316.45,320.16,319.04,318.66,314.0,317.0,322.13,321.5,318.56,315.99,313.75,312.85,311.33,311.45,310.55,314.96,313.74,318.5,319.69,326.14,328.35,326.81,340.25,341.69,340.09,334.15,338.04,333.23,330.63,334.37,336.97,340.83,335.03,334.08,329.57,330.48,325.62,324.44,325.05,,321.15,313.0,313.84,315.44,313.46,314.05,307.95,309.26,306.63,303.18,298.5,295.99,291.47,286.6,289.8,290.16,288.87,288.31,290.84,292.05,290.27
FRE.DE,,,,43.96,45.21,44.73,45.2,44.66,44.91,45.0,44.51,44.83,44.21,44.3,43.26,42.33,40.85,40.4,40.85,41.69,41.35,,41.32,40.83,40.43,40.74,41.8,40.81,39.79,39.56,39.09,39.49,39.38,39.74,40.3,40.48,40.01,38.57,38.56,38.15,36.93,37.04,36.3,36.79,36.23,36.78,37.52,37.25,37.65,37.86,37.54,38.08,38.93,39.27,39.04,39.34,39.98,39.54,40.3,40.15,40.31,40.34,39.83,40.14,41.28,42.32,42.56,43.27,44.07,43.01,42.83,43.17,42.49,41.65,41.78,42.1,42.35,43.16,44.0,44.11,43.47,43.84,44.7,44.62,45.04,45.35,45.41,45.28,45.02,48.48,48.07,47.56,47.34,47.58,47.35,48.105,47.98,47.205,46.965,47.395,46.8,46.705,46.68,46.355,46.515,46.495,46.525,46.0,45.66,44.91,45.2,44.165,43.735,45.4,44.92,44.98,45.85,45.74,45.77,46.44,46.53,46.275,46.105,45.81,46.345,46.2,46.275,47.295,46.755,45.28,44.775,43.96,44.475,44.48
FTNT,82.14,82.56,83.38,83.95,86.14,83.71,80.52,78.8,80.02,80.07,82.5,84.25,83.33,85.68,87.64,85.35,84.56,86.76,87.44,86.39,85.22,86.75,89.76,90.29,90.11,112.39,114.66,115.49,116.46,117.84,121.97,123.33,126.61,128.2,130.36,129.71,134.19,,134.91,131.5,129.94,138.11,147.49,149.03,148.47,150.07,149.05,147.0,144.3,141.3,146.31,146.38,149.5,148.88,148.0,147.2,,149.19,148.36,148.82,151.97,152.77,159.07,154.47,159.8,158.96,,163.57,163.31,159.45,164.01,165.28,161.95,167.27,170.35,165.0,163.83,164.57,163.5,159.0,156.49,154.32,157.13,153.24,154.99,169.26,162.57,164.5,169.11,172.09,162.73,165.5,167.19,163.92,165.11,165.75,165.75,160.43,159.97,158.56,154.44,154.11,153.85,154.33,158.44,173.89,173.0,172.51,169.93,162.28,158.69,158.47,,157.75,158.84,161.98,159.3,170.95,174.05,174.61,176.1,172.94,175.69,176.09,179.35,181.37,177.78,176.91,176.65,180.49,180.0,183.09,184.63,192.41
GC=F,4821.0,4825.8999,4733.1001,4745.7002,4888.0,4826.0,4820.0,4774.3999,4870.2998,4895.3999,4861.2998,4917.7002,4847.8999,4854.7998,4790.7998,4771.2998,4757.1001,4745.7998,4716.5,4624.2998,4658.7998,4673.0,4650.6001,4597.5,4734.6001,4775.2002,4760.3999,4758.3999,4783.3999,4734.7998,4725.7998,4670.1001,4588.6001,4593.2002,4558.3999,4572.3999,4547.0,,4583.2998,4528.1001,4512.6001,4627.1001,4577.2998,4571.2998,4525.1001,4543.2002,4508.7002,4377.5,4388.6001,4281.1001,4241.2998,4267.7998,4391.5,4376.5,4403.6001,4350.2002,,4238.1001,4216.0,4132.3999,4060.0,4111.5,4102.8999,4078.1001,4131.0,4157.1001,,4215.5,4192.3999,4144.7002,4148.3999,4144.6001,4111.6001,4112.5,4089.1001,4071.8999,4028.8999,4046.0,4092.5,4171.3999,4144.0,4085.2,4119.2998,4085.7,4115.2002,4118.5,4170.7002,4145.5,4163.7998,4328.2002,4363.7002,4432.2998,4453.7998,4495.0,4502.7002,4509.1001,4454.6001,4486.5,4493.1001,4582.7998,4597.1001,4690.3999,4738.5,4755.0,4730.8999,4697.7002,4688.0,4521.5,4510.5,4444.3999,4558.5,4537.7998,,4488.7998,4479.0,4479.8999,4444.8999,4396.7998,4358.2002,4413.1001,4423.2998,4439.7998,4422.1001,4414.1001,4407.5,4338.0,4351.6001,4315.6001,4218.1001,4251.1001,4222.7998,4259.0,4198.8999,4212.3999
GD,353.03,352.9,351.84,350.97,350.34,350.43,342.98,341.38,340.65,341.89,341.3,338.59,337.08,331.05,328.78,322.95,317.09,318.83,314.75,349.61,345.25,347.04,353.57,351.41,350.05,349.0,348.85,348.61,348.01,343.94,343.99,341.91,343.46,343.22,342.88,339.97,344.47,,345.27,344.9,351.36,349.52,344.32,340.29,341.97,343.9,347.32,347.19,346.75,349.0,363.83,363.4,362.5,365.42,366.8,367.0,,348.18,350.78,351.96,352.15,350.58,351.21,354.58,365.06,373.6,,377.27,380.71,374.98,374.65,375.98,377.53,376.81,372.5,370.0,376.59,373.92,373.69,375.23,387.69,388.12,392.57,395.43,400.0,383.48,384.67,387.69,388.36,389.5,388.9,392.14,397.2,396.96,396.05,396.71,396.16,394.52,395.98,396.92,394.68,388.38,386.41,384.12,382.99,382.18,381.08,378.99,375.31,370.37,367.25,366.47,,361.0,360.5,355.74,357.94,359.15,360.26,362.07,362.39,355.72,355.05,354.67,348.76,344.74,339.99,337.3,335.47,334.72,334.38,333.22,333.0,332.78
GE,295.5,289.11,288.79,290.1,313.13,315.05,313.47,312.15,319.14,318.58,313.95,314.0,305.47,304.3,287.8,282.94,286.13,284.87,289.41,289.94,291.57,291.76,289.84,290.66,308.37,310.0,305.41,303.07,300.91,298.4,297.85,288.31,287.24,287.42,300.45,302.88,306.3,,314.98,320.48,322.32,325.92,326.4,325.03,319.55,329.46,332.49,332.02,331.31,330.57,332.92,336.86,348.9,352.88,362.33,364.7,,361.28,359.92,369.25,379.67,371.44,376.0,376.82,376.69,382.97,,380.29,377.9,363.01,362.26,360.69,358.7,359.2,360.63,354.27,357.06,357.1,346.25,345.2,349.72,359.99,365.5,366.77,362.7,356.62,362.42,369.95,378.85,384.51,388.84,377.81,372.26,372.56,370.2,367.08,368.69,372.36,375.58,374.56,354.5,351.86,348.49,350.0,356.39,353.5,345.63,339.75,336.25,333.86,334.44,337.21,,342.73,332.06,327.5,329.88,318.46,320.36,318.5,318.68,314.53,322.14,322.5,325.92,323.17,329.17,323.0,324.08,317.91,315.5,318.5,309.68,310.85
GEHC,72.14,72.29,70.87,70.81,74.13,73.21,73.69,73.96,75.09,75.08,74.3,75.95,75.18,74.64,72.86,71.439,69.59,70.82,70.88,62.9,61.03,61.53,62.52,61.48,62.69,62.35,63.49,64.35,62.79,62.34,63.26,62.64,62.56,62.39,64.39,65.0,65.1,,65.09,65.63,63.66,63.035,62.735,62.598,62.11,64.71,64.78,65.25,66.41,66.25,65.0,65.41,66.44,65.085,63.34,62.035,,61.5,64.0,65.93,65.7,65.99,65.845,64.9,65.745,66.34,,66.048,66.45,65.48,64.807,65.25,66.06,63.72,63.82,65.745,66.284,63.48,63.08,62.7,62.22,62.747,62.7,64.255,72.04,71.82,69.02,70.27,70.355,71.04,71.0,71.92,73.43,73.22,72.75,73.97,74.015,73.47,73.56,75.44,75.65,75.01,75.24,74.39,74.235,73.4,73.0,71.55,71.738,71.875,71.36,69.26,,68.09,67.0,64.947,65.4,65.27,64.635,64.46,65.255,64.7,65.1,67.09,66.46,66.48,67.01,67.1,66.76,66.55,65.545,64.985,65.865,66.55
GEV,912.62,913.0,911.5,910.94,962.72,979.43,999.43,1007.38,1006.295,1003.99,989.0,1009.49,1009.89,1016.0,1142.0,1181.95,1167.0,1140.0,1091.83,1107.5,1094.0,1093.6801,1098.9,1109.95,1125.4301,1115.83,1069.295,1086.23,1076.6801,1085.0,1090.7,1066.0,1049.33,1024.84,1041.99,1046.88,1061.4,,1095.0,1052.55,1032.746,1003.77,970.64,977.0,992.0,968.75,953.0,952.79,947.84,908.05,920.52,943.68,987.22,1009.3,1065.38,1117.96,,1142.0,1073.0,1070.999,1109.98,1084.401,1111.73,1178.2,1161.6899,1143.37,,1195.9399,1099.256,1109.2,1115.075,1102.79,1089.21,1082.0,1078.821,1049.89,1069.11,1104.0,1140.99,1038.985,1041.79,1037.91,1015.22,956.9,953.99,986.0,1042.85,1012.74,1046.925,1038.147,1037.0,1013.2,1004.96,1033.34,1053.0,1065.38,1070.47,1099.66,1049.9,1003.0,986.0,976.868,949.0,972.0,959.87,979.0,948.59,904.0,899.42,927.49,948.35,959.0,,974.2,983.34,951.606,962.21,892.81,894.79,937.535,971.34,949.51,962.85,958.99,954.77,959.75,965.345,967.0,973.41,971.99,1003.78,1006.0,996.43,1052.78
GFS,45.745,44.52,44.84,44.0,47.96,49.25,50.105,49.575,49.37,48.85,51.01,54.98,60.07,60.98,60.54,63.68,65.05,61.98,59.79,63.69,64.86,65.05,69.3,74.39,75.53,76.37,75.165,76.98,73.37,75.65,75.33,71.815,71.96,68.52,70.825,81.46,89.9,,92.55,83.3,82.12,82.79,81.0,85.74,88.5,86.846,82.535,78.95,79.68,77.08,80.82,82.705,86.0,84.87,83.73,85.915,,90.78,86.41,85.17,88.735,81.685,81.668,82.8,80.07,77.59,,72.46,67.06,68.315,72.16,69.87,67.5,67.64,64.59,59.405,59.013,59.0,59.913,59.76,58.55,56.74,54.474,51.17,49.969,50.87,53.238,50.73,53.18,52.64,52.04,54.0,55.55,51.82,53.715,53.635,55.06,55.58,51.61,51.0,48.63,48.395,47.173,46.9,46.04,47.12,46.45,45.42,44.47,44.53,44.53,45.62,,46.69,46.34,46.3,47.33,45.365,44.41,44.16,47.1,47.865,49.18,49.37,47.9,47.08,49.425,49.06,48.88,48.587,48.99,50.99,49.2,49.47
GILD,141.49,141.34,140.71,139.39,141.57,142.97,142.38,139.55,141.4,140.96,140.27,139.76,138.54,136.34,134.08,134.68,132.33,130.33,130.47,129.96,132.21,132.36,133.1,133.98,136.75,136.5,133.34,134.86,137.5,135.07,134.65,132.81,131.05,132.34,131.95,131.34,134.52,,136.32,136.19,136.51,137.2,133.99,130.6,129.86,131.04,131.66,130.8,129.0,125.64,127.37,126.51,125.4,128.18,128.2,126.39,,125.17,126.63,127.27,126.95,128.7,128.86,127.27,127.62,131.58,,132.88,136.6,137.7,136.06,134.97,131.67,131.21,132.95,136.44,140.61,135.5,132.87,132.86,131.07,131.65,133.06,136.26,134.64,131.39,130.89,131.5,135.57,137.8,134.48,134.09,134.32,136.85,137.12,138.3,138.43,139.49,143.89,148.97,146.82,147.91,146.84,148.94,149.62,149.11,149.47,147.22,149.96,152.55,151.48,151.19,,148.65,147.68,145.91,145.99,146.75,146.35,149.3,151.04,153.23,152.1,153.28,154.2,152.98,151.0,152.74,152.63,151.28,149.44,148.0,145.16,146.14
GLW,144.7,148.18,149.4,148.9,165.24,172.22,176.75,175.61,174.71,173.77,166.85,170.1,168.59,170.27,172.95,172.54,179.08,177.0,162.0,155.53,165.0,163.97,163.68,170.2,195.81,187.21,198.25,208.92,205.32,211.79,210.5,200.79,193.66,180.5,184.23,193.75,194.98,,199.93,196.6,195.23,184.08,178.84,201.55,208.57,199.8,190.11,192.9,190.41,178.48,177.31,180.77,190.0,187.95,180.82,196.02,,212.39,194.81,217.09,230.5,226.0,258.8,271.78,240.87,224.01,,206.99,191.0,188.86,204.48,192.77,189.07,193.71,187.07,167.5,158.38,160.54,164.5,161.45,160.98,157.4,148.69,126.1,130.87,136.09,147.0,147.94,162.49,162.6,164.34,170.43,167.89,161.79,169.95,168.24,167.69,176.94,168.06,161.16,154.06,155.48,146.39,150.81,152.93,157.57,152.67,149.04,147.09,147.66,146.33,154.59,,169.73,171.3,168.49,168.82,154.25,147.24,147.86,155.75,153.77,159.87,160.71,160.56,156.36,157.72,155.66,161.39,160.47,160.99,165.14,164.84,170.63
GM,75.87,73.68,73.63,73.18,77.06,77.31,77.47,76.86,79.86,79.54,78.35,82.67,81.16,81.2,79.8,79.1,78.52,78.83,79.4,78.31,78.08,77.5,77.01,77.16,79.45,79.37,79.33,79.0,76.89,77.66,79.27,77.16,74.98,72.88,76.16,77.37,79.85,,80.17,84.52,85.19,85.01,83.44,84.21,84.12,83.64,83.1,84.17,85.1,83.79,81.09,82.13,84.96,85.41,83.18,80.95,,83.32,80.21,80.57,80.43,79.5,78.46,77.26,77.52,77.2,,78.07,77.72,76.31,76.9,78.67,78.5,77.34,78.16,77.97,77.94,77.19,80.1,84.33,81.74,83.76,87.08,91.15,91.85,89.77,89.11,90.3,88.59,89.98,89.3,87.88,88.81,89.74,89.12,87.35,87.18,86.49,84.86,86.1,86.44,88.36,88.27,87.1,86.56,87.09,88.27,87.19,87.19,86.64,87.38,87.76,,87.85,86.3,86.18,87.77,87.39,87.65,85.35,87.86,86.49,84.88,85.2,84.57,83.7,83.5,82.69,81.1,80.77,79.36,79.89,80.96,82.15
GOOGL,300.52,298.08,300.62,305.63,322.08,319.54,321.83,321.63,333.29,337.48,339.88,342.32,341.4,339.34,339.82,341.96,345.27,353.18,352.42,355.79,385.84,386.76,387.38,392.82,399.85,400.1,402.0,397.44,388.52,403.7,402.93,399.54,408.61,397.15,393.86,392.5,388.74,,389.26,393.88,391.87,385.24,378.56,373.54,366.45,373.25,372.08,366.2,372.08,368.56,358.8,366.57,372.99,376.0,372.33,369.48,,358.92,349.29,353.48,345.57,346.36,354.35,358.62,362.97,364.21,,367.93,373.16,367.84,359.65,357.82,358.13,360.16,373.65,375.27,348.52,359.68,351.32,349.94,324.49,324.18,330.42,335.88,342.5,336.51,358.58,376.69,380.52,384.48,364.13,358.9,357.61,356.81,346.48,347.93,350.45,347.25,344.87,346.73,343.9,346.2,351.6,350.16,346.88,341.69,349.14,344.59,337.2,340.0,344.68,343.53,,339.68,331.85,333.23,342.98,349.91,348.07,348.4,349.5,359.44,357.61,364.17,350.0,343.09,347.03,343.59,342.84,352.6,353.22,345.77,348.09,349.09
GS,870.2,867.3,873.21,867.97,918.12,909.4,908.96,896.94,914.19,927.79,907.96,929.19,941.8,952.01,940.98,944.39,932.92,941.73,945.3,930.0,928.0,935.78,925.0,921.75,944.06,945.29,939.78,949.78,948.5,959.55,975.66,959.5,961.69,939.64,982.73,999.5,1005.36,,1016.54,1003.65,1009.97,1027.22,1051.2,1073.97,1055.97,1095.9,1098.36,1063.1801,1064.35,1036.3101,1036.92,1073.74,1094.1801,1097.25,1121.95,1125.0,,1115.98,1103.55,1090.1,1105.25,1057.0,1035.9301,1026.3199,1033.53,1039.28,,1055.29,1053.86,1040.1801,1064.01,1067.17,1057.8199,1143.84,1153.99,1152.45,1085.9301,1087.9,1088.48,1106.66,1084.73,1077.38,1088.5,1047.71,1028.12,1029.79,1042.98,1027.96,1066.16,1077.21,1068.04,1047.0,1045.4301,1043.4301,1056.05,1059.0699,1043.74,1054.63,1043.5,1044.8199,1026.42,1043.66,1047.37,1063.52,1062.5601,1052.55,1048.84,1032.6,1031.12,1021.84,1039.83,1041.2,,1043.84,1038.4301,1027.23,1042.99,1013.69,988.28,984.66,957.97,952.99,962.22,967.76,954.98,933.41,935.83,932.0,919.62,916.05,901.63,913.0,905.24,905.94
GSK,21.26,21.61,,21.38,21.42,21.67,21.96,21.81,21.95,22.02,21.36,21.44,21.56,21.31,20.95,20.83,20.71,20.23,20.38,20.51,19.59,19.305,,18.965,18.91,18.865,18.575,18.7,18.915,18.975,18.91,19.0,18.83,19.09,19.145,19.1935,19.28,,19.43,19.43,21.91,19.205,18.83,18.425,18.57,19.04,19.4,19.425,19.1204,19.295,19.73,20.11,19.895,19.685,19.745,19.785,19.43,19.325,19.715,19.845,19.91,19.965,19.985,20.09,19.925,20.14,20.15,20.49,20.31,19.905,19.825,19.81,19.835,19.615,19.29,19.58,19.82,19.225,19.135,19.365,19.055,19.34,19.805,20.96,20.48,19.96,19.49,19.635,19.28,19.645,19.54,19.705,19.72,19.485,18.91,18.615,18.56,18.6,18.93,19.325,19.37,19.19,19.23,19.12,19.195,19.03,18.8968,,18.92,18.895,19.11,18.855,18.495,18.305,18.125,18.04,18.04,18.7,18.7668,18.835,19.065,19.12,19.16,19.135,19.13,18.965,18.915,18.74,19.17,18.74,18.3218,18.02,17.9,17.865
HD,333.09,326.3,326.68,324.38,338.78,340.57,341.23,341.44,342.76,342.27,341.98,352.02,351.17,353.55,345.24,340.83,340.27,337.38,335.93,325.84,330.12,330.52,322.08,317.63,325.24,327.49,324.0,317.12,314.78,307.69,305.98,302.93,303.78,303.19,311.01,313.99,314.96,,316.79,321.0,321.88,322.1,315.89,312.2,313.52,320.75,314.05,313.77,322.89,324.0,327.03,331.02,338.0,338.27,341.15,338.02,,331.73,329.02,342.96,348.64,350.5,351.35,353.5,357.12,358.19,,358.85,355.42,337.99,340.73,344.4,345.11,341.75,346.25,350.81,353.98,340.2,333.0,336.56,328.23,333.46,341.89,349.43,345.27,335.69,334.0,343.64,350.86,354.55,353.55,356.83,354.0,358.36,353.87,347.75,340.81,339.44,344.54,350.4,338.88,338.58,342.22,339.49,339.44,332.01,331.61,329.25,326.83,322.17,320.44,321.8,,321.5,313.39,308.28,311.21,312.67,311.13,308.8,310.4,302.25,301.74,306.31,304.13,299.1,297.14,293.91,291.83,290.54,283.85,287.7,283.54,287.14
HDB,755.9,755.0,772.75,774.0,817.8,819.0,812.25,798.5,,814.8,820.05,803.95,809.95,814.9,813.05,796.65,787.6,793.0,794.5,790.0,778.8,,786.6,776.9,798.95,801.55,788.75,774.85,759.7,759.95,778.3,781.9,774.1,770.8,762.25,768.25,775.0,787.85,790.85,773.9,,760.5,752.35,753.6,756.9,757.3,758.7,741.5,743.95,755.95,756.0,774.45,793.5,787.7,794.3,802.95,789.05,789.9,790.9,794.9,804.45,,805.9,806.1,802.25,805.45,807.0,831.5,843.0,834.35,822.85,827.7,821.95,818.4,819.7,818.0,823.7,790.0,772.5,761.35,751.0,748.25,747.95,740.25,751.25,757.9,757.55,756.85,753.2,741.95,740.5,736.0,737.55,730.85,730.65,729.0,729.6,732.1,729.0,725.4,728.3,732.8,734.4,728.7,731.0,728.15,720.3,739.75,715.45,705.65,712.6,716.5,713.0,708.9,700.0,694.5,709.0,,730.75,725.4,719.4,733.8,742.65,749.3,742.8,734.85,739.65,733.0,722.7,720.3,721.3,,734.2,714.7
HEI.DE,,,,178.2,187.2,185.55,193.8,188.5,191.55,191.2,191.7,198.95,193.35,192.75,191.0,188.8,188.65,188.35,188.95,188.25,188.35,,191.6,188.15,195.95,194.35,186.6,186.6,189.4,188.15,182.8,179.65,171.95,173.15,174.25,175.3,175.9,181.5,181.85,189.4,189.3,192.55,190.0,188.15,182.9,181.7,181.8,177.6,177.4,175.05,173.75,183.85,192.9,188.85,191.45,190.2,187.8,185.75,186.8,184.4,187.8,187.95,184.55,170.45,168.0,174.05,177.4,177.25,179.2,172.65,169.1,171.65,170.95,170.45,175.5,176.0,175.35,176.35,171.9,172.8,170.5,169.45,172.65,172.2,172.25,170.15,166.35,163.65,164.75,164.6,165.95,163.1,162.85,163.75,164.5,163.9,162.6,161.8,160.45,158.65,160.1,161.75,161.75,163.55,172.2,169.9,172.65,169.7,165.35,164.2,166.45,168.55,167.2,164.1,161.4,160.15,156.25,153.25,151.8,151.2,151.15,146.45,145.15,148.2,149.45,146.05,145.85,146.1,146.85,147.55,147.4,148.6,148.85,147.6
HEN3.DE,,,,65.4,67.2,67.16,67.4,66.32,66.08,65.7,65.62,67.0,66.4,66.42,65.78,65.6,65.5,64.68,63.08,62.98,62.26,,62.44,62.3,63.48,67.16,66.12,64.18,63.98,64.38,63.98,64.42,65.76,66.38,66.26,65.98,66.32,66.76,66.62,67.86,67.48,68.02,66.58,66.5,66.28,66.44,67.44,67.12,68.36,69.04,68.8,69.66,70.26,70.36,71.02,71.04,71.9,70.62,70.94,73.08,73.82,73.9,74.26,74.26,74.26,75.7,75.42,75.8,76.5,75.42,75.08,74.78,74.94,74.08,73.9,74.98,75.68,74.8,75.08,75.64,74.44,74.68,75.5,76.84,77.0,77.08,76.12,76.94,76.68,77.02,80.36,80.32,80.28,79.0,77.6,77.64,77.54,76.06,75.18,75.9,75.68,76.2,76.88,76.48,76.54,75.82,76.06,76.38,76.84,76.04,75.7,76.56,76.4,76.84,75.86,74.16,73.78,73.82,73.08,73.84,74.9,74.06,73.52,75.6,75.18,75.52,74.62,74.78,74.16,74.32,72.96,72.58,72.6,73.4
HG=F,5.6315,5.614,5.6245,5.5675,5.763,5.748,5.8705,6.0,6.0795,6.084,6.068,6.1055,6.0545,6.0015,6.12,6.0755,6.0235,6.022,5.9145,5.964,5.978,5.936,5.899,5.968,6.1555,6.1875,6.258,6.448,6.601,6.645,6.577,6.52,6.282,6.2545,6.3015,6.2615,6.348,,6.391,6.4175,6.3995,6.392,6.55,6.6525,6.553,6.525,6.4165,6.364,6.406,6.2555,6.259,6.4305,6.5,6.498,6.4815,6.3745,,6.3565,6.1785,6.0395,6.0705,6.1415,6.175,6.252,6.196,6.1545,,6.2005,6.205,6.1125,6.237,6.2405,6.2955,6.387,6.339,6.347,6.229,6.311,6.521,6.517,6.416,6.32,6.3645,6.322,6.2765,6.474,6.5155,6.5295,6.639,6.723,6.728,6.716,6.62,6.6125,6.633,6.5925,6.5995,6.604,6.549,6.4875,6.4615,6.5815,6.618,6.7095,6.75,6.587,6.6445,6.6175,6.6395,6.542,6.58,6.5985,,6.7825,6.8055,6.7525,6.484,6.41,6.387,6.4385,6.5905,6.639,6.743,6.83,6.7595,6.7185,6.706,6.566,6.599,6.5895,6.533,6.535,6.5905,6.6135
HNR1.DE,,,,274.4,278.2,276.8,277.4,274.0,274.0,274.6,275.6,277.8,278.6,280.0,281.2,276.8,274.6,272.0,268.6,265.6,259.2,,258.8,257.2,260.8,247.8,246.8,242.2,239.2,236.4,237.2,239.6,243.8,248.6,248.6,249.2,244.6,244.6,245.2,243.4,238.6,236.2,231.2,227.6,226.2,229.2,228.2,229.2,228.2,231.2,232.6,233.0,231.4,232.4,232.4,232.8,234.2,236.4,236.8,238.2,239.4,239.0,241.0,242.8,243.8,247.8,247.8,247.4,249.8,251.4,251.0,252.8,253.8,253.6,253.0,252.2,256.0,256.2,253.6,251.8,249.6,253.2,258.0,258.4,258.0,257.6,254.0,252.8,250.4,250.0,253.2,254.6,253.6,253.4,252.2,251.2,255.4,255.4,257.0,256.2,251.0,252.4,252.4,254.6,256.2,257.0,258.4,258.8,260.2,261.0,263.4,262.8,259.6,254.4,247.4,251.6,253.0,255.6,256.8,256.0,258.2,255.0,255.2,255.8,255.4,259.0,260.8,260.4,258.8,257.8,251.0,256.8,256.2,259.4
HON,240.9019,241.741,239.9685,237.871,243.828,247.8867,248.3797,246.345,245.9151,244.279,244.9921,247.9811,245.0026,240.9963,237.0215,228.6314,225.1704,224.5726,225.4221,223.2826,225.0551,226.0724,223.6497,221.4158,228.7153,228.904,227.226,231.8196,230.5401,230.1311,229.6277,226.1563,229.5228,228.8516,228.967,236.2979,240.1573,,247.4253,246.6806,244.8663,251.6413,248.8411,250.666,249.0718,237.8186,229.6696,226.3346,226.7541,225.3487,230.2045,236.5181,242.6324,242.7373,246.1458,244.237,,242.6848,236.7908,239.9685,248.946,245.0551,252.0,232.55,227.31,230.13,,231.86,234.64,223.06,223.5,228.78,226.87,225.78,225.91,226.4,230.47,227.77,232.84,238.11,250.27,247.75,248.01,252.0,246.24,242.42,246.0,249.64,250.26,251.16,250.0,246.73,246.25,244.81,235.67,236.35,234.8,232.77,229.76,227.0,222.18,219.83,216.99,216.54,221.27,221.25,221.45,215.54,214.0,210.73,209.29,210.0,,209.79,208.23,204.21,204.2,201.54,205.22,210.59,209.58,207.48,207.63,212.27,213.01,212.97,213.64,212.81,213.37,211.92,215.03,216.13,215.1,215.37
HONA,,,,,,,,,,,,,,,,,,,,,,,,,,,,,,,,,,,,,,,,,,,,,,,,,,,,,200.0,297.5,295.41,277.7,,280.0,256.57,259.0,258.45,238.19,239.98,227.99,231.73,248.73,,266.62,246.02,235.95,230.9,228.95,221.59,215.98,215.5,215.79,217.83,210.0,203.5,208.7,208.64,204.91,211.79,219.2,215.9,205.29,209.77,211.0,217.06,222.54,167.31,168.88,165.49,170.17,173.0,171.2,171.49,166.53,164.61,176.25,172.94,168.44,166.85,163.82,167.57,163.92,163.58,161.21,159.25,154.79,155.88,161.29,,160.35,155.03,155.34,158.44,165.0,164.62,166.21,169.74,167.15,170.32,169.27,168.5,163.97,160.97,158.0,156.1,156.89,155.99,156.92,156.15,160.0
HSBC,12.866,12.8,,12.848,13.592,13.356,13.48,13.334,13.448,13.452,13.516,13.654,13.56,13.678,13.638,13.43,13.39,13.35,13.384,13.41,13.544,13.595,,12.984,13.618,13.476,13.266,13.36,13.228,13.39,13.5,13.372,13.464,13.466,13.692,13.656,13.78,,13.9808,14.168,13.89,14.028,13.938,14.148,14.074,14.008,13.724,13.822,13.698,12.972,13.348,13.782,13.97,14.18,14.3707,14.424,14.422,14.56,14.536,14.478,14.512,14.386,14.35,14.492,14.406,14.57,14.546,15.9,14.67,14.544,14.618,14.758,14.712,14.99,14.89,14.938,14.922,14.968,15.094,15.432,15.458,15.528,15.68,15.654,15.818,15.956,16.046,15.984,16.1,15.656,15.346,15.47,15.376,15.414,15.378,15.454,15.344,15.43,15.35,15.316,15.128,15.274,15.3,15.374,15.27,15.256,15.312,,15.364,15.504,15.684,15.818,15.85,15.76,15.656,15.548,15.602,15.6008,15.332,15.278,15.374,15.51,15.4806,15.386,15.29,15.158,15.24,15.34,15.378,15.218,14.9775,14.45,14.632,14.774
IBM,246.26,248.21,248.9,245.76,250.0,241.74,239.27,238.07,241.54,246.06,251.22,255.65,258.5,258.09,257.54,232.91,232.8,231.32,233.56,231.48,231.6,235.95,234.09,231.0,229.0,231.82,230.71,230.23,224.43,218.31,220.96,220.91,223.33,227.35,225.0,253.63,264.38,,254.55,257.62,268.89,301.0,327.98,332.46,318.3,310.44,302.3,290.5,283.59,280.51,276.48,278.94,272.25,276.62,268.87,252.47,,253.31,267.53,265.07,268.76,273.14,278.15,282.57,294.49,290.93,,300.82,311.8,303.82,297.28,298.77,297.5,229.92,223.81,219.95,217.17,216.28,214.97,212.34,207.55,216.1,219.63,228.98,230.97,224.86,224.76,228.55,235.31,238.96,234.47,237.32,240.74,241.8,237.46,239.71,239.15,233.65,234.45,238.62,237.5,238.72,234.49,234.44,234.23,240.81,239.08,235.94,233.09,232.88,238.29,236.17,,233.4,241.5,242.31,243.63,251.37,251.82,243.34,243.37,237.89,234.7,236.2,237.86,232.62,228.99,223.14,223.12,222.33,234.27,225.92,222.88,224.51
IBN,1234.0,1222.1,1234.4,1250.4,1333.5,1308.0,1324.0,1357.0,,1364.8,1366.9,1352.9,1376.4,1393.1,1380.1,1354.0,1348.8,1335.9,1317.7,1296.8,1272.2,,1282.2,1266.7,1282.8,1294.0,1279.6,1275.7,1259.9,1249.2,1256.7,1258.0,1253.7,1256.3,1239.7,1248.3,1270.8,1293.5,1301.8,1293.4,,1287.8,1261.9,1237.7,1248.3,1262.3,1265.0,1254.0,1279.9,1306.0,1333.0,1344.3,1362.7,1337.3,1346.0,1346.9,1352.3,1362.7,1369.1,1377.6,1404.0,,1402.0,1402.0,1385.1,1405.0,1420.0,1431.6,1433.0,1418.3,1403.6,1408.2,1413.0,1411.8,1428.0,1423.7,1455.1,1480.0,1473.9,1466.4,1446.0,1440.0,1449.0,1445.9,1448.5,1442.2,1441.9,1460.0,1454.6,1454.6,1460.0,1455.0,1441.9,1434.0,1435.0,1429.0,1417.8,1423.6,1416.6,1416.0,1413.0,1420.0,1425.5,1424.9,1446.0,1453.8,1439.8,1454.0,1446.7,1436.0,1452.0,1438.3,1434.4,1424.9,1402.5,1393.0,1389.0,,1390.0,1361.4,1363.0,1359.8,1352.0,1347.2,1344.5,1347.8,1340.8,1323.8,1304.8,1337.0,1329.9,,1334.7,1343.5
IDXX,568.75,575.43,580.9,579.93,605.82,588.58,582.24,576.11,585.74,585.38,584.84,594.52,590.25,592.51,584.52,577.85,567.94,579.62,579.15,563.69,562.71,572.28,570.63,584.72,580.65,585.12,572.2,559.9,543.38,533.39,544.81,540.95,551.08,561.28,554.28,556.72,562.3,,559.83,560.73,570.26,573.5,571.88,560.16,562.16,577.49,569.06,566.78,581.47,575.43,567.1,561.74,572.1,574.08,573.0,563.85,,562.74,552.25,560.92,570.84,561.15,556.24,535.93,539.09,559.91,,567.08,577.15,562.82,562.02,573.02,571.55,559.6,568.49,581.37,579.4,569.95,562.02,556.97,547.61,547.69,563.86,578.55,575.2,564.59,563.05,581.55,624.15,604.14,591.8,600.84,602.0,598.89,584.15,577.09,569.14,556.39,559.46,575.56,563.13,557.66,562.19,558.06,555.71,553.11,556.01,561.24,555.95,558.42,548.85,536.09,,529.02,522.49,514.3,511.15,515.48,516.02,520.41,514.37,516.43,518.96,523.95,523.22,524.12,520.16,530.15,536.84,531.11,525.96,524.02,528.69,531.38
IFX.DE,,,,39.98,42.925,42.775,43.665,43.025,44.455,45.38,46.005,48.995,48.45,48.72,49.555,54.01,54.87,55.42,54.2,56.34,57.3,,58.32,60.5,61.95,61.95,62.08,62.31,61.43,64.36,68.48,65.64,68.17,65.74,68.74,69.94,73.83,76.73,78.06,79.87,80.37,83.17,83.97,88.46,88.27,87.15,81.92,79.58,81.78,77.99,77.67,80.06,82.72,81.39,79.82,82.95,84.37,88.83,83.19,81.85,84.61,80.49,80.88,81.92,82.86,79.07,78.31,77.77,75.04,70.92,73.6,72.73,71.63,72.54,72.62,67.51,63.99,64.39,67.75,69.8,67.68,65.78,66.07,61.52,57.84,60.34,64.03,63.44,64.27,64.4,61.1,63.46,64.8,64.05,65.45,64.05,62.96,63.99,60.82,57.5,56.04,56.92,55.9,55.84,55.67,58.42,58.22,57.3,57.83,56.24,56.36,57.7,60.79,59.88,58.74,57.14,58.56,55.93,55.09,55.6,55.41,56.65,58.48,60.13,60.48,58.2,57.75,58.55,60.05,60.28,61.57,64.83,64.99,64.73
ILMN,128.5,130.0,128.72,129.06,132.79,126.93,125.93,127.83,130.79,133.37,132.82,135.58,134.49,137.79,133.65,128.67,128.17,129.28,128.1,127.44,128.12,136.63,140.84,142.41,143.01,142.4,142.2,145.21,146.75,148.87,150.2,143.86,144.46,142.79,142.32,146.61,146.49,,146.42,151.75,158.79,165.37,165.97,163.88,172.49,177.22,168.63,163.05,161.12,166.97,166.21,168.0,166.97,167.42,165.4,162.78,,163.79,166.63,177.76,182.84,179.93,181.28,181.0,184.9,189.46,,195.09,196.66,191.86,195.97,193.66,190.71,194.18,191.87,190.41,190.25,188.12,192.88,194.65,199.14,198.0,195.04,194.99,196.68,205.47,205.93,207.0,203.44,203.75,196.73,196.04,193.45,193.12,193.55,194.5,192.78,193.85,192.83,205.16,220.32,220.43,223.97,226.84,227.7,231.81,225.1,214.9,213.39,214.98,221.76,219.58,,219.45,212.18,206.07,208.39,208.93,226.76,236.0,246.76,250.06,248.31,248.16,256.17,277.95,276.97,275.69,278.99,280.17,274.03,274.97,296.25,309.35
ING,,,,23.385,24.715,24.44,24.8,24.7,25.07,25.195,24.53,24.765,24.625,24.775,24.63,24.01,24.03,24.12,24.145,24.085,24.915,,24.6,24.41,25.79,25.955,25.7,25.805,25.43,25.58,26.07,25.645,25.46,25.665,26.145,26.26,26.635,27.21,27.2,27.015,26.665,26.88,26.75,26.8,26.655,26.625,26.44,26.04,25.795,25.41,25.4,26.06,26.6,26.85,27.49,27.6175,27.96,28.175,28.16,28.02,27.57,27.37,27.37,27.67,27.64,28.325,28.33,28.72,28.83,28.39,28.505,28.58,28.59,28.975,29.085,29.1,28.525,28.555,29.06,29.335,29.27,29.005,29.54,29.44,29.3,30.36,30.685,30.41,30.825,30.77,31.105,30.78,30.67,30.88,30.94,31.215,30.905,31.11,30.945,30.735,29.955,29.98,30.08,30.365,30.575,30.62,30.52,30.695,30.74,31.4,31.785,32.055,32.155,32.295,31.965,31.935,32.2,32.175,32.125,32.21,32.315,32.355,32.31,32.395,31.975,31.75,32.18,32.245,32.18,32.07,31.215,30.805,31.04,31.665
INTC,48.77,50.49,52.39,53.27,59.17,62.08,63.39,65.65,65.18,65.84,68.61,70.33,69.21,67.67,68.77,68.28,85.22,87.1,84.59,94.95,95.69,100.45,99.82,110.48,113.5,114.51,130.57,132.75,127.79,125.0,118.57,110.57,115.54,113.07,121.94,119.41,122.78,,125.62,125.27,123.08,126.64,113.3,109.0,118.29,113.14,106.48,112.54,114.0,111.5,119.44,127.6,132.61,128.7,125.2,135.48,,141.45,137.98,136.08,140.72,131.23,132.05,142.35,135.74,130.74,,127.3,116.47,110.49,116.77,110.85,106.17,109.19,109.61,101.88,98.05,100.98,106.34,106.85,104.18,101.74,94.98,88.28,88.47,94.1,97.9,91.68,101.39,102.83,103.38,103.66,100.03,98.35,103.16,107.57,106.87,105.97,99.31,98.2,92.68,92.77,88.91,90.18,88.28,92.95,93.7,91.85,89.41,90.43,92.37,95.94,,106.09,106.69,103.23,104.9,98.86,100.48,104.42,111.37,110.49,124.73,124.09,124.25,127.44,126.93,121.71,118.75,120.55,122.15,126.0,118.06,118.2
INTU,431.62,436.59,422.62,418.96,417.2,382.03,360.4,370.45,378.47,392.05,405.0,399.2,404.87,419.0,413.78,385.82,396.73,398.99,404.21,396.9,390.19,408.42,418.15,404.63,398.28,411.8,399.71,400.08,396.16,384.87,385.83,399.39,407.76,423.99,390.5,315.51,321.04,,317.06,314.7,319.0,332.52,363.18,332.43,319.52,321.11,307.0,306.04,308.74,292.38,283.0,276.86,287.69,284.8,285.89,269.87,,267.43,263.67,270.46,262.36,271.12,277.57,266.11,276.15,277.31,,274.96,283.79,279.17,273.86,280.35,296.0,287.62,289.5,298.45,302.07,295.41,295.38,296.44,289.89,296.7,310.12,319.99,336.94,318.99,317.53,331.15,324.37,328.79,322.65,336.3,334.5,338.09,336.98,361.1,362.0,344.58,355.86,365.38,366.63,371.7,372.98,367.85,351.39,355.5,358.43,365.77,357.21,348.4,363.7,346.0,,327.0,321.31,317.39,323.09,342.31,338.97,323.95,323.86,313.38,304.81,310.74,294.2,291.8,277.39,272.14,270.61,277.38,291.53,284.2,291.19,291.26
ISRG,468.33,463.93,458.92,453.42,471.98,460.65,455.79,459.25,471.24,473.99,471.8,474.28,472.57,471.08,491.15,489.86,482.84,486.77,473.86,463.5,458.29,463.14,461.24,458.26,455.0,462.4,454.32,448.75,435.56,438.78,434.91,431.98,440.61,447.8,449.77,447.57,443.86,,442.94,439.2,425.0,426.81,423.95,414.0,407.85,423.5,428.46,424.39,430.85,426.2,416.19,415.76,420.59,422.46,418.24,409.64,,408.53,407.33,412.54,412.47,409.78,415.99,406.56,408.62,426.02,,440.17,443.84,428.47,416.25,415.91,414.58,397.38,393.96,405.5,367.74,355.08,362.85,355.0,340.55,341.83,359.26,374.7,361.8,355.06,355.09,375.85,376.31,376.63,378.64,379.9,393.63,402.14,404.98,404.69,402.46,396.99,399.87,405.34,398.99,382.04,384.06,378.23,372.37,372.31,373.4,377.37,375.4,382.41,378.99,369.55,,362.53,357.99,362.48,374.48,378.58,379.11,387.29,388.2,394.91,403.48,403.97,404.44,404.19,406.39,416.51,414.2,410.74,410.52,406.47,407.63,409.34
JNJ,247.2,247.21,243.52,240.78,241.33,244.2,242.26,238.39,242.19,240.42,238.14,235.54,235.26,229.69,227.48,231.39,229.99,227.91,231.03,228.71,231.16,229.77,227.07,226.53,226.34,224.78,223.37,223.28,227.65,230.8,231.76,232.14,229.7,230.85,232.0,231.89,235.5,,233.24,232.89,231.87,231.5,224.44,225.5,224.93,228.67,235.22,234.95,237.71,240.93,241.6,240.91,239.5,236.37,235.43,232.75,,231.45,239.8,243.04,248.19,255.11,258.58,259.9,254.2,263.1,,261.38,269.43,268.6,263.45,261.3,259.53,256.39,256.83,253.55,255.66,254.18,251.34,256.29,260.2,263.71,268.8,274.9,269.34,260.52,258.48,257.75,255.52,259.32,262.11,259.6,262.0,264.15,261.41,262.62,261.71,264.28,271.73,276.47,273.4,272.66,273.98,273.8,272.91,268.45,268.38,267.77,271.91,281.07,278.89,277.8,,271.99,270.1,271.27,270.4,271.55,267.2,268.65,270.87,272.11,273.73,270.1,272.14,275.23,272.25,273.78,271.89,268.48,263.98,259.38,256.24,255.48
JPM,298.72,295.62,296.83,298.18,311.26,311.26,310.35,313.74,314.32,314.24,309.95,314.9,317.13,320.24,315.15,314.99,311.15,312.58,315.45,312.05,314.1,316.08,310.65,310.97,316.26,316.3,308.99,303.19,306.06,303.0,303.75,300.79,301.26,301.79,302.93,303.98,307.45,,309.93,305.9,301.07,299.88,299.55,302.07,301.96,312.91,315.0,316.3,316.42,314.75,314.72,321.3,325.92,331.75,337.77,338.09,,332.77,335.37,334.53,343.45,336.4,332.39,330.44,335.64,340.0,,339.72,341.4,336.53,337.0,338.59,338.35,344.73,351.24,349.34,346.13,344.26,345.74,349.07,349.92,353.37,359.05,359.3,357.37,352.28,354.47,355.62,363.0,362.17,362.81,358.85,359.99,363.12,366.09,366.5,365.9,365.75,363.57,363.05,357.95,356.86,358.28,357.37,358.35,357.57,358.73,357.77,359.93,361.47,362.85,362.86,,358.55,356.33,354.22,360.05,355.28,354.7,355.6,353.49,349.67,354.5,352.1,341.44,339.37,343.31,342.0,338.75,336.34,333.58,334.85,333.75,333.79
KC=F,300.75,301.5,299.0,298.4,294.75,296.9,301.25,305.75,305.25,305.45,303.6,298.5,294.3,299.9,311.25,318.65,317.75,308.35,308.55,305.25,300.9,302.0,302.2,309.85,303.75,298.7,289.7,298.6,297.35,300.0,294.45,291.65,280.0,270.95,272.0,274.3,274.8,,275.25,276.8,278.4,274.6,269.4,262.3,261.7,254.1,249.2,250.85,249.15,250.15,255.5,257.95,265.1,279.2,279.95,285.75,,278.45,290.95,298.8,295.35,286.75,291.1,314.1,326.25,315.65,,363.95,331.6,334.1,356.95,,,337.2,334.45,,328.45,335.25,331.95,324.6,321.3,318.55,333.45,346.65,342.75,338.75,334.4,332.65,326.8,331.5,330.4,342.0,338.9,348.8,342.05,341.25,340.7,354.0,364.25,369.2,366.1,370.1,377.95,377.0,367.95,355.4,347.95,344.85,345.0,334.0,327.45,325.75,,318.45,,,314.5,308.5,299.65,,,294.55,283.5,278.5,278.95,279.1,284.3,291.5,293.4,298.8,290.9,298.55,299.6,306.45
KDP,26.21,25.73,25.75,25.76,25.95,26.55,26.58,26.53,26.18,26.18,26.35,26.63,26.81,26.74,26.96,28.75,29.28,29.19,29.29,29.0,29.58,29.57,29.33,29.27,29.14,28.72,29.17,29.0,29.45,29.68,29.5,29.33,29.5,29.67,28.98,28.91,29.28,,30.22,30.54,30.23,30.29,30.33,30.52,31.04,30.92,30.94,30.94,31.6,32.28,31.6,31.73,31.84,32.31,32.23,31.24,,31.23,31.19,31.76,32.58,33.66,33.82,33.67,33.62,33.8,,33.21,32.6,31.57,30.97,31.7,32.05,31.42,30.65,31.58,31.87,31.07,30.68,30.72,30.12,29.95,30.31,31.71,31.53,31.66,31.5,31.82,31.18,31.34,33.14,30.15,29.75,29.37,29.67,31.15,32.11,31.03,31.09,31.4,32.0,32.15,32.78,32.51,32.33,32.13,32.55,32.12,32.23,33.1,33.17,32.89,,32.87,32.66,32.25,31.7,32.06,31.59,31.95,31.98,31.41,31.0,31.76,32.14,31.94,31.96,31.64,31.4,31.51,31.44,30.98,30.96,31.42
KHC,22.39,22.84,23.62,23.61,23.26,23.36,23.6,23.0,22.31,22.21,22.69,22.73,22.61,22.27,22.14,22.115,22.29,22.12,22.48,22.61,22.735,22.99,22.6,22.768,23.56,23.77,24.15,24.12,23.64,23.715,23.82,23.63,23.4,23.585,23.655,23.82,23.955,,24.1,24.695,24.71,24.48,23.96,23.74,23.39,23.219,22.75,23.4,23.71,24.15,24.345,24.41,24.37,24.0,23.92,23.14,,22.72,22.6,23.075,23.84,24.045,24.31,24.325,25.045,25.515,,25.465,25.745,25.62,25.015,25.045,25.325,25.162,25.775,26.395,27.129,26.12,26.18,26.33,25.99,25.695,26.39,27.66,28.09,27.11,26.275,26.53,26.71,27.05,25.97,25.365,25.55,24.88,24.6,25.405,25.52,25.35,25.15,25.91,25.795,25.78,26.01,25.62,25.255,25.39,25.75,26.055,26.25,26.44,26.1,25.14,,25.065,24.98,24.9,24.77,24.99,24.955,24.975,25.2,24.68,24.8,24.52,24.23,24.004,23.93,23.78,23.65,23.72,22.67,22.51,22.228,22.25
KLAC,153.993,152.8,154.2,154.891,168.626,173.47,175.996,177.182,179.8,177.032,174.205,179.175,180.675,182.327,181.434,184.459,193.936,192.677,185.558,184.0,178.866,174.504,175.114,176.719,182.479,181.999,188.906,189.749,181.438,186.499,191.111,184.55,183.325,176.5,183.586,187.5,191.013,,202.281,206.008,196.054,197.5,194.805,204.75,214.552,215.669,205.496,213.521,226.282,230.441,243.129,254.93,267.17,255.85,251.16,263.95,,269.9,251.22,245.3,260.84,253.0,279.34,307.37,290.84,267.33,,246.32,223.79,223.4,247.49,232.1,226.86,237.72,236.55,228.79,216.79,220.8,221.0,218.37,219.03,219.99,214.01,195.99,191.37,186.86,190.0,183.19,196.73,201.16,198.32,201.83,205.06,203.15,210.27,214.8,208.87,209.1,199.52,196.98,189.36,189.77,182.84,186.13,184.26,186.78,182.6,177.61,173.2,172.95,173.09,187.36,,190.87,189.91,180.64,182.41,173.03,172.07,171.72,173.79,177.14,185.94,188.6,188.0,187.96,189.56,190.7,197.47,197.6,201.98,208.68,206.87,207.66
KO,76.36,76.96,77.28,77.6,77.37,78.29,78.17,77.45,76.62,75.74,75.84,76.06,76.22,75.53,75.38,76.66,77.01,76.71,80.32,79.28,79.12,79.64,78.77,78.78,79.33,79.15,79.2,78.73,80.32,81.03,80.92,81.36,81.39,82.66,82.4,81.8,81.68,,81.6,82.51,81.76,80.33,79.2,79.2,79.03,80.04,80.74,79.93,81.76,83.85,84.04,82.89,81.2,81.39,80.33,80.01,,80.06,81.33,81.58,81.38,82.81,83.62,82.54,81.98,84.14,,84.56,85.68,84.83,82.82,83.74,84.68,84.63,83.24,84.95,85.56,82.37,82.4,82.92,81.87,82.33,84.14,90.22,90.92,88.64,88.0,88.48,86.68,87.15,87.97,87.17,87.53,87.05,87.29,87.75,87.97,88.02,88.96,90.76,91.87,91.2,92.49,92.08,92.21,90.03,90.04,89.53,89.78,88.95,89.23,88.91,,88.55,88.4,88.96,88.65,90.36,88.9,88.66,88.33,88.29,88.5,88.97,89.0,89.36,88.32,87.7,87.28,87.52,86.68,86.45,86.57,87.29
LIN,494.44,502.7,503.66,500.49,500.87,507.18,506.33,509.23,503.38,499.64,500.71,497.96,501.36,498.0,501.23,508.26,510.65,512.96,515.63,509.0,507.65,521.28,506.3,503.21,505.17,503.74,497.58,506.21,505.78,515.75,514.79,517.01,514.13,510.37,512.39,516.53,521.23,,519.08,515.84,508.25,502.53,498.34,499.79,512.21,512.16,517.62,510.27,517.08,522.89,518.59,525.82,525.87,523.64,519.6,518.84,,517.99,523.88,522.69,527.94,525.0,519.68,522.59,538.95,547.22,,544.11,548.2,537.05,527.84,532.71,532.45,531.62,521.11,522.16,527.46,516.5,512.83,510.96,510.92,512.92,515.0,522.0,513.65,514.78,483.95,485.0,485.6,494.73,499.18,493.04,492.58,495.96,490.34,483.29,483.49,482.37,483.48,483.97,489.8,491.77,491.49,490.62,494.5,486.69,489.6,492.49,488.96,490.98,491.98,482.96,,474.01,468.38,467.13,467.66,467.88,464.04,466.24,462.96,461.7,461.43,465.95,472.59,472.27,470.44,474.05,477.52,480.56,472.0,483.41,485.94,492.1
LLY,976.68,957.69,936.0,932.66,961.14,963.76,963.94,945.9,939.93,930.0,920.0,929.99,929.64,913.05,922.54,930.0,900.42,891.2,878.15,869.02,945.5,984.45,974.22,992.8,996.49,989.0,980.0,995.0,997.52,1022.82,1018.17,1014.38,1003.0,1021.8,1037.88,1047.3,1070.34,,1082.0,1093.0,1149.1,1132.66,1106.17,1078.22,1093.28,1140.46,1166.29,1182.73,1174.6,1166.42,1170.12,1169.99,1137.49,1146.6899,1121.49,1122.33,,1119.45,1122.02,1135.14,1145.4301,1215.76,1238.0,1230.05,1217.51,1232.0,,1213.79,1249.45,1241.89,1230.0,1212.96,1196.29,1166.01,1160.8199,1189.0699,1187.95,1187.12,1177.58,1175.0,1189.59,1206.9399,1205.05,1232.0,1229.1899,1186.65,1150.63,1161.9399,1135.83,1216.9399,1230.88,1196.8,1231.9399,1238.0,1226.5,1240.1,1199.0,1198.52,1228.47,1292.65,1280.28,1271.22,1262.14,1264.73,1235.78,1190.11,1180.0,1171.45,1188.33,1187.83,1171.66,1158.4399,,1134.53,1138.79,1133.79,1131.4399,1153.95,1161.0,1151.23,1159.75,1157.6,1170.9,1180.53,1188.88,1197.79,1190.0,1194.09,1192.9399,1215.0,1158.72,1164.92,1165.73,1177.0699
LMT,619.1,626.51,637.92,636.8,630.67,636.88,621.7,622.51,617.0,615.59,613.0,609.38,598.0,580.98,576.07,538.81,526.8,527.66,518.68,516.0,518.23,519.58,524.5,520.0,514.47,515.5,512.0,515.63,522.51,520.87,521.43,524.93,528.39,530.26,526.85,529.48,534.27,,536.02,533.57,541.21,537.25,525.99,516.71,524.54,522.7,528.01,527.11,530.18,535.2,550.99,550.86,535.8,538.5,539.47,536.9,,510.0,504.3,503.34,512.57,518.24,510.14,509.46,524.24,545.99,,545.91,547.47,537.63,525.01,524.0,527.45,526.26,520.68,520.13,527.33,515.84,507.75,521.0,576.0,588.41,587.99,593.77,587.0,574.76,583.89,589.41,592.5,593.69,588.49,588.39,606.65,602.75,610.36,609.78,609.24,607.03,612.75,606.07,591.68,572.95,567.5,567.98,569.96,566.03,568.43,563.73,564.98,548.0,537.92,533.72,,541.59,543.59,531.0,533.99,532.34,537.19,539.99,542.61,538.1,537.82,537.0,534.93,531.0,528.0,524.27,519.69,513.0,511.69,507.97,507.36,510.87
LOW,238.46,235.51,235.76,233.85,247.0,248.99,249.25,247.28,248.68,248.44,245.8,255.52,254.65,257.1,252.02,247.62,247.27,246.88,245.5,238.43,239.27,239.17,232.49,227.87,234.03,235.6,232.96,229.0,229.1,223.18,224.22,222.52,222.65,220.05,221.54,219.44,217.22,,217.31,220.34,218.51,219.07,213.95,208.5,207.85,213.13,211.86,212.4,217.4,218.5,221.65,223.56,226.2,225.46,227.32,224.82,,219.08,216.5,222.9,226.33,224.26,221.79,221.0,226.49,227.5,,228.81,226.59,217.08,215.17,214.82,213.66,210.8,212.16,216.23,220.49,210.0,204.99,205.07,203.0,207.83,213.14,220.15,220.29,214.88,210.09,214.9,218.79,220.13,220.06,223.58,221.23,223.91,220.91,218.66,218.7,216.35,220.5,225.79,220.31,218.72,219.82,217.63,215.39,208.94,208.7,207.13,204.39,202.18,203.37,205.48,,204.75,201.14,198.1,199.85,199.78,197.76,197.77,199.35,194.64,193.09,196.75,195.51,192.69,190.58,189.71,188.98,189.15,183.88,185.16,180.85,184.2
LRCX,225.5,222.01,221.56,224.49,249.19,259.0,268.23,267.54,273.5,267.99,266.25,268.76,267.65,265.6,266.14,272.82,275.84,268.83,253.7,253.96,258.58,260.44,263.08,280.0,297.87,298.0,297.42,300.0,290.35,298.98,302.0,289.44,294.56,278.73,293.63,303.18,309.98,,323.98,333.33,322.64,324.25,320.83,335.55,346.19,342.37,323.42,330.68,349.09,348.16,364.81,373.82,393.07,393.0,397.63,401.0,,409.75,377.1,376.98,407.99,389.88,414.98,438.5,415.49,392.5,,366.08,330.75,337.5,369.95,354.73,337.98,354.66,357.25,336.68,322.07,324.45,328.14,322.25,325.88,319.7,309.5,277.3,273.46,319.5,318.4,295.93,320.25,323.64,314.16,315.59,319.99,316.86,329.49,345.12,342.0,345.28,329.07,328.57,312.54,319.1,311.44,318.61,315.72,321.41,318.29,303.4,296.34,292.19,292.78,310.3,,321.77,322.21,307.03,303.69,280.2,278.61,277.78,281.4,288.27,305.69,311.39,309.75,307.22,317.13,316.31,328.32,330.5,341.64,352.56,351.37,346.9
LULU,161.0,159.45,157.25,155.24,163.16,166.8,167.95,163.94,164.21,164.21,167.43,168.95,167.43,170.2,168.2,152.08,145.39,148.69,148.67,141.73,139.94,139.2,133.97,131.25,132.51,135.17,133.72,130.69,126.34,124.6,122.88,122.5,121.8,121.25,125.31,127.04,127.94,,129.01,136.14,131.82,132.42,134.38,131.11,126.16,129.0,116.76,118.03,121.9,124.38,121.89,122.61,120.53,118.65,118.85,113.7,,111.38,109.93,113.4,114.16,117.65,117.8,114.2,116.92,119.83,,117.67,118.81,115.4,116.69,121.41,122.0,120.02,120.49,119.9,119.05,117.81,116.95,116.56,112.14,115.7,118.37,121.88,120.87,119.69,121.0,124.38,124.61,124.82,125.92,128.86,128.76,126.48,124.95,122.88,120.23,119.33,122.05,121.34,117.85,121.66,123.49,119.55,118.7,118.5,121.2,124.47,122.67,122.21,122.6,103.16,,103.75,102.0,99.62,99.03,102.18,100.04,99.23,99.92,100.92,102.34,103.76,104.24,102.97,103.8,102.04,100.49,97.92,98.91,96.16,94.27,94.59
MA,503.0,499.88,501.91,502.6,511.82,506.67,504.39,508.87,513.98,522.44,522.23,527.47,524.48,523.11,513.79,509.65,505.61,509.05,517.0,534.21,514.15,509.0,507.29,503.88,500.74,503.52,500.41,501.66,506.31,498.6,494.5,502.28,506.23,512.9,499.7,501.38,504.26,,496.85,499.35,494.58,500.11,497.13,493.99,481.96,488.55,494.0,489.52,495.42,498.8,491.47,492.37,493.55,501.5,504.64,495.99,,495.66,491.56,498.44,504.8,504.36,515.45,514.0,530.41,539.63,,541.89,543.65,531.62,523.23,528.94,539.93,543.46,541.24,551.68,551.72,547.91,544.34,540.0,530.88,540.0,553.89,564.61,569.99,582.62,575.42,583.71,573.35,578.26,576.36,572.99,566.77,567.63,563.55,568.28,570.67,569.27,578.5,582.93,579.61,582.28,599.99,601.23,600.49,594.01,598.02,595.18,592.64,590.71,592.97,584.5,,575.67,570.84,568.73,572.68,578.9,574.0,573.04,569.86,568.43,569.39,571.35,565.75,568.18,568.78,569.57,566.99,563.0,557.2,554.68,565.87,568.93
MAR,334.14,335.31,338.43,337.27,353.6,354.0,357.03,359.74,367.32,366.14,367.5,379.56,379.18,380.0,377.61,372.09,368.73,367.06,366.5,357.39,363.26,363.75,353.84,357.91,365.0,360.84,358.39,353.53,358.18,353.91,357.08,354.49,363.79,362.59,371.51,371.15,370.91,,374.57,386.3,388.37,386.88,378.33,377.66,377.13,385.98,396.65,395.85,398.96,398.52,397.37,403.25,410.98,400.37,404.07,403.26,,395.02,390.36,392.63,388.25,381.21,382.27,374.57,373.38,374.07,,379.9,383.99,378.2,376.01,378.32,378.07,364.14,370.67,376.44,372.98,371.33,372.21,371.4,365.92,375.78,384.2,384.23,383.26,380.6,377.93,365.47,346.36,361.83,364.74,359.97,353.36,352.27,356.6,357.61,358.1,357.98,361.46,365.11,358.75,361.0,363.39,362.29,360.67,357.93,358.16,350.55,342.49,337.99,337.96,339.3,,336.74,332.25,334.12,336.8,341.3,342.31,339.42,338.67,340.64,343.15,349.34,354.11,354.63,353.3,359.63,364.09,363.69,357.79,360.6,358.96,362.46
MBG.DE,,,,53.67,54.9,54.19,54.26,54.37,55.88,55.49,54.85,52.66,52.01,52.4,51.5,50.84,50.46,50.05,49.69,50.52,49.635,,49.16,48.345,51.15,51.24,50.35,50.63,50.58,51.08,51.85,51.24,50.29,49.985,50.34,50.51,50.18,51.15,51.13,53.03,53.04,53.18,53.19,52.02,50.96,50.59,49.33,48.355,48.535,48.15,47.705,48.93,49.745,49.33,47.64,46.595,45.55,45.59,45.67,45.05,45.01,44.685,43.75,43.92,44.2,45.16,45.56,45.72,46.325,45.345,44.345,44.525,44.605,45.345,46.415,46.455,46.25,45.6,45.39,45.195,45.05,44.775,46.075,48.0,47.18,47.695,47.165,48.34,48.245,48.41,47.57,47.105,47.165,47.095,46.77,46.365,46.245,46.06,45.725,45.285,45.535,45.62,45.345,45.16,44.95,45.675,47.12,47.22,47.75,46.935,47.21,48.22,48.635,48.44,47.66,47.26,47.44,47.405,46.88,46.795,46.485,45.825,44.445,43.925,43.735,41.89,41.57,41.945,41.515,41.365,40.675,40.46,40.53,40.7
MCD,311.0,307.5,310.31,310.3,308.25,311.1,308.7,304.9,303.58,306.94,308.27,312.54,312.53,306.15,302.91,304.89,302.59,298.53,294.65,292.51,294.52,295.58,289.75,286.56,288.5,291.4,286.5,276.74,279.25,277.5,277.8,277.5,282.8,285.32,281.02,285.15,283.73,,282.02,283.55,280.22,281.42,278.89,278.01,276.85,278.5,280.76,280.18,285.31,286.45,286.25,287.66,288.24,289.29,287.29,284.76,,277.55,274.25,276.06,273.34,270.79,272.5,271.19,272.45,280.63,,281.02,287.1,281.62,277.58,278.4,276.02,273.81,270.28,273.59,276.36,270.0,266.87,265.97,264.02,266.46,271.17,278.7,273.03,271.8,271.07,276.33,271.53,275.3,276.83,276.87,275.75,274.21,276.2,278.37,275.34,270.82,270.21,271.87,271.88,271.25,273.42,272.6,269.06,265.73,265.1,266.07,264.5,262.78,262.09,258.5,,256.81,256.5,255.56,254.73,258.45,257.78,253.16,250.6,250.45,250.38,252.06,250.32,242.56,238.0,237.48,236.01,234.97,232.84,233.0,233.08,234.3
MCHP,66.53,65.81,67.81,67.79,72.5,71.55,72.7,73.71,74.89,74.86,77.32,79.9,80.71,81.86,82.9,92.24,91.5,89.29,87.14,90.73,93.03,94.56,96.22,99.08,103.24,102.28,105.91,101.18,98.15,99.87,97.29,95.59,95.82,93.59,94.34,93.28,94.91,,99.97,100.25,97.99,97.99,94.2,99.3,97.39,99.6,93.95,93.18,94.5,92.49,93.34,95.7,100.96,101.93,97.89,100.92,,104.03,98.38,93.51,97.23,91.24,89.28,92.02,91.4,90.06,,89.52,84.95,86.12,90.85,89.45,87.0,88.65,88.14,84.82,82.0,83.42,83.87,85.66,83.39,81.24,80.36,77.61,75.83,75.86,77.67,75.72,80.98,80.39,79.6,85.97,85.66,83.44,83.74,80.43,79.35,81.41,78.47,79.75,77.42,77.0,75.23,75.32,74.41,75.57,75.58,74.06,72.37,73.19,73.29,74.86,,74.84,74.27,72.6,75.16,72.38,72.4,72.91,71.8,73.4,75.17,76.55,75.77,74.75,78.96,78.25,80.37,79.65,79.31,83.4,81.77,82.56
MCK,880.86,887.25,877.77,866.0,873.83,879.1,873.2,870.71,875.53,869.97,871.18,867.83,873.03,858.0,847.05,836.85,830.52,835.19,841.85,834.57,822.21,821.0,813.37,811.96,777.0,755.85,772.42,755.0,742.3,748.63,750.75,766.43,777.35,782.48,765.51,766.61,772.94,,766.66,763.78,767.51,761.99,743.0,738.97,743.28,759.09,781.27,782.76,787.26,794.0,800.36,796.54,781.81,787.57,784.67,778.01,,757.18,768.76,777.8,782.68,784.14,781.71,760.7,772.51,787.36,,789.1,811.91,823.86,817.8,806.49,822.38,812.91,811.38,843.8,861.0,839.3,830.93,840.0,825.02,843.53,856.52,894.1,907.0,877.15,863.55,863.08,835.95,879.48,912.5,889.69,894.74,902.05,901.98,875.46,869.79,879.34,886.14,869.99,858.68,867.92,875.64,905.66,918.0,891.95,900.22,892.8,914.43,928.49,929.95,921.09,,904.51,897.51,904.83,893.92,912.0,907.5,897.68,889.81,881.05,895.34,897.57,907.07,896.6,871.0,871.2,866.44,866.19,924.21,905.55,922.46,928.46
MDB,253.41,254.13,256.46,256.99,266.5,250.75,232.04,237.54,242.43,244.69,255.65,269.422,268.885,272.765,272.37,258.49,258.1,265.72,269.98,259.67,258.49,269.6,270.62,272.87,268.82,304.03,301.15,305.45,317.21,310.96,304.704,316.84,339.97,349.21,336.83,325.4,330.99,,317.46,303.9,331.85,352.59,409.0,412.0,392.49,390.0,381.0,359.0,356.46,359.5,359.24,359.39,364.26,364.161,348.51,336.34,,325.215,325.69,323.565,305.84,314.99,338.76,339.75,361.76,363.176,,360.175,370.0,364.38,364.9,373.33,349.8,353.0,353.39,334.0,327.39,329.93,329.71,307.37,311.1,302.15,314.16,314.01,332.86,328.88,338.64,363.6,383.2,387.14,377.143,399.87,423.3,439.36,443.31,472.32,473.1,457.98,449.62,444.78,437.015,431.925,425.329,415.71,407.71,445.95,457.85,455.97,448.681,398.5,391.61,381.25,,364.17,365.49,378.21,374.91,385.97,388.05,386.98,403.0,397.39,407.61,439.75,438.278,427.0,432.86,344.302,349.0,370.43,355.65,360.83,366.77,374.79
MDLZ,57.65,57.58,58.64,58.6,58.84,59.23,59.32,58.83,58.4,57.68,57.17,57.49,57.62,57.18,56.54,57.99,58.07,58.24,58.61,61.99,61.81,62.19,61.84,61.81,62.19,61.91,62.06,61.73,62.2,61.92,61.99,61.58,61.85,62.59,62.14,61.89,62.19,,62.52,62.56,62.55,62.15,61.15,61.75,62.26,62.41,63.14,62.31,63.29,64.35,64.35,63.53,62.99,62.21,62.2,61.02,,60.47,61.27,62.38,63.0,61.98,61.24,59.6,59.56,61.06,,61.08,61.2,60.43,59.1,58.91,60.78,59.71,59.27,61.48,63.04,60.9,60.14,60.98,60.5,60.68,61.18,63.54,66.65,63.92,63.16,63.62,62.2,62.84,63.87,63.08,62.24,61.84,62.26,63.56,63.78,63.31,63.32,64.3,64.77,64.74,65.55,64.38,63.49,63.09,62.77,62.45,62.97,63.03,62.3,61.84,,61.89,62.62,62.62,62.9,63.83,62.33,63.02,62.56,61.75,61.15,61.27,61.68,62.19,60.7,60.68,59.66,59.14,58.18,58.32,58.49,59.96
MDT,86.96,86.97,87.3,86.97,88.84,88.55,88.35,88.16,88.67,87.91,87.58,87.05,87.05,85.35,84.27,84.25,83.77,84.05,84.0,81.45,81.11,81.17,79.59,78.55,78.46,79.12,78.34,76.5,77.13,76.48,77.1,77.38,77.55,78.99,78.6,78.17,79.25,,78.55,78.22,76.26,75.85,75.03,74.48,78.36,82.83,82.68,81.06,82.34,82.25,80.92,80.74,80.79,81.63,81.75,79.51,,79.87,80.75,82.09,82.48,81.87,81.78,81.2,80.28,83.31,,83.77,85.99,83.5,83.0,84.19,84.69,82.0,81.88,84.79,84.69,84.03,83.29,83.1,82.86,83.6,85.14,88.98,88.69,86.99,85.97,87.89,86.24,86.83,87.3,87.19,89.45,90.73,91.03,91.61,91.99,91.79,93.09,94.72,94.53,93.55,94.05,92.82,92.53,91.61,91.56,91.12,95.41,94.61,93.72,94.74,,93.3,93.39,92.54,93.0,94.08,94.7,94.55,93.43,93.03,92.73,92.67,91.15,90.28,88.99,89.53,89.22,87.42,86.84,87.94,88.12,88.5
MELI,1741.04,1737.99,1727.26,1744.91,1843.91,1802.22,1812.89,1839.01,1878.85,1887.0699,1891.5,1875.0,1871.4399,1903.0,1881.38,1846.85,1841.0601,1874.23,1846.33,1771.5,1810.0,1861.34,1876.01,1821.3101,1864.5,1890.0,1704.1899,1642.0,1583.0,1562.5601,1619.34,1594.05,1586.1899,1625.0,1662.0,1680.0,1703.92,,1659.65,1709.0,1715.91,1707.0,1733.78,1733.22,1670.0,1683.55,1650.2,1630.5699,1668.9301,1629.0,1623.3199,1632.86,1673.5,1712.0,1702.0,1647.67,,1635.15,1606.74,1684.58,1663.35,1693.9399,1744.42,1702.48,1766.66,1781.73,,1812.0,1836.09,1815.36,1809.38,1884.0601,1897.26,1896.0,1905.49,1883.36,1833.26,1863.2,1840.0,1818.09,1804.25,1839.91,1855.4399,1886.0,1902.38,1888.0,1889.22,1926.0,1906.38,1944.99,1833.21,1851.1899,1848.5,1946.0,1927.0,1858.5,1874.98,1829.1801,1813.99,1918.17,1929.64,1962.5699,1990.99,2011.2,2008.38,1961.99,1972.59,1964.0,1975.01,2009.99,2066.0,1999.99,,1969.4,1909.0,1946.84,1933.5,1911.47,1886.36,1853.5,1851.99,1827.05,1834.72,1842.49,1836.0699,1805.92,1759.11,1727.37,1734.67,1739.88,1731.36,1709.36,1871.67,1878.99
META,592.55,578.5,582.79,575.23,629.95,637.5,638.58,635.0,666.26,678.5,677.58,691.52,683.38,676.2,678.38,669.56,680.67,682.5,678.18,674.25,620.85,618.88,614.0,614.35,619.95,624.98,616.77,604.91,603.75,619.9,623.73,621.2,615.59,613.93,608.0,609.6,614.81,,614.47,638.5,643.0,634.5,635.75,608.88,624.15,642.4,629.15,592.0,597.63,591.32,572.17,576.07,601.27,605.81,593.81,580.22,,575.81,572.2,569.04,556.34,556.85,570.9,565.54,628.28,610.0,,603.58,625.37,616.0,633.27,677.86,676.62,666.5,686.08,681.9,652.2,653.3,655.88,649.0,614.65,609.98,611.26,601.0,599.97,539.88,558.33,597.52,592.79,601.0,595.31,598.74,608.21,612.43,604.5,595.85,601.86,590.24,560.66,554.07,549.99,553.87,561.42,570.8,593.34,588.39,589.19,578.68,584.95,600.38,619.46,617.46,,624.8,657.86,663.5,664.24,668.6,678.87,685.31,683.2,690.15,753.0,757.27,763.9,779.82,769.57,750.58,740.45,738.25,735.88,741.58,746.7,747.6
MFG,6630.0,6713.0,6549.0,6584.0,6950.0,6938.0,6809.0,6851.0,6858.0,7059.0,7029.0,6863.0,6888.0,6775.0,6664.0,6601.0,6556.0,6663.0,6966.0,,6919.0,6731.0,,,,6980.0,6807.0,6968.0,7006.0,7074.0,7124.0,7132.0,6583.0,6908.0,7130.0,7413.0,7528.0,7396.0,7398.0,7313.0,7140.0,7286.0,7268.0,7346.0,7687.0,7796.0,7966.0,7686.0,7774.0,7855.0,7479.0,7706.0,7958.0,7845.0,8120.0,8304.0,8259.0,8067.0,8092.0,7930.0,7831.0,7833.0,7854.0,7783.0,7918.0,8086.0,8083.0,8208.0,8551.0,8369.0,8265.0,8440.0,8541.0,8497.0,8693.0,8607.0,8370.0,,8302.0,8648.0,8816.0,8796.0,8690.0,8499.0,8149.0,7962.0,8310.0,8205.0,8168.0,8479.0,8655.0,8569.0,8446.0,,8510.0,8775.0,8819.0,8686.0,8642.0,8288.0,8145.0,8201.0,8217.0,8235.0,8339.0,8398.0,8525.0,8623.0,8733.0,8716.0,8894.0,8852.0,8854.0,8776.0,8689.0,8673.0,8671.0,8821.0,8793.0,8707.0,8761.0,8586.0,,,,8449.0,8674.0,8821.0,8716.0,8903.0,8885.0,8610.0,8701.0,8857.0
MMM,147.28,146.17,145.15,144.7,150.24,151.44,151.5,152.79,154.16,152.68,152.87,156.38,154.93,158.14,150.91,147.37,146.28,147.2,146.07,146.57,146.9,147.32,144.25,144.29,148.32,146.94,145.3,144.81,144.6,149.76,148.06,146.86,152.69,151.36,150.87,152.92,153.46,,154.59,156.69,154.29,154.42,151.06,153.16,153.85,154.32,154.64,156.08,157.93,163.01,159.61,159.99,162.4,163.15,164.3,162.22,,163.56,164.17,168.43,169.76,167.8,165.59,165.25,163.0,162.0,,160.45,159.9,156.49,157.31,158.41,159.4,159.77,163.02,163.35,164.23,161.68,176.16,174.65,171.99,173.35,179.29,184.9,182.2,178.42,177.14,179.44,181.67,183.38,183.5,183.54,183.5,184.38,184.4,184.69,184.25,183.23,181.66,183.43,181.97,181.03,180.35,180.8,180.67,180.0,179.84,173.65,172.43,171.26,169.75,169.59,,168.56,166.81,164.45,165.37,163.38,166.25,166.29,165.46,166.05,166.77,169.32,170.43,170.75,170.73,170.62,170.98,169.5,164.75,164.71,163.56,164.3
MNST,36.6,36.35,37.115,37.08,37.82,38.465,38.335,37.765,38.21,37.535,38.155,38.42,38.72,38.615,38.34,39.0,39.125,39.155,39.185,38.535,38.965,39.17,38.275,38.305,38.98,38.48,44.385,43.225,43.165,43.395,43.02,43.955,44.33,44.02,43.815,43.375,43.555,,43.975,44.925,44.57,44.55,44.93,44.635,44.85,45.22,45.195,45.11,45.245,45.735,46.23,46.54,46.65,46.96,46.63,46.175,,46.71,47.44,47.875,48.03,48.935,48.865,48.88,49.155,49.465,,49.12,49.575,48.7,48.275,48.745,48.865,49.2,49.515,49.99,50.17,48.985,48.04,47.9,47.27,46.995,47.805,49.585,49.645,48.865,48.7,48.675,47.195,47.585,47.6,46.95,46.425,46.62,46.01,46.97,46.94,46.63,47.55,47.98,47.91,48.12,49.12,49.24,48.94,47.07,47.15,46.66,46.1,45.37,44.62,44.17,,43.7,42.97,43.53,43.52,44.41,44.94,45.04,44.81,45.08,44.61,44.85,44.43,44.18,43.17,42.2,41.91,42.35,42.36,42.99,43.64,43.47
MO,65.74,66.66,66.55,67.61,66.86,67.74,67.93,67.57,66.34,65.35,65.25,64.69,65.17,64.95,65.66,67.43,67.37,66.92,68.12,68.61,73.85,74.56,74.34,73.83,72.41,69.78,69.69,68.99,70.74,71.61,72.45,73.14,73.76,74.41,74.31,74.39,74.16,,74.11,73.08,72.7,71.43,70.0,69.43,71.27,71.2,73.18,72.61,72.33,73.48,73.75,72.02,70.31,70.88,69.78,69.3,,70.38,71.74,72.37,73.57,73.92,74.15,73.77,72.5,73.19,,72.55,74.04,74.07,73.6,72.15,73.03,71.95,71.43,73.1,75.28,74.84,74.73,74.28,72.68,73.54,73.3,77.06,75.94,70.7,69.77,69.08,68.35,68.58,69.36,68.54,68.38,65.38,65.07,66.03,66.0,65.75,65.45,66.45,67.25,67.11,68.73,68.57,69.29,68.43,68.75,69.1,70.53,70.17,70.12,69.8,,69.03,68.39,69.18,69.66,71.05,70.52,70.71,70.04,69.98,69.54,69.03,69.55,70.29,68.84,69.6,68.92,69.08,67.5,67.45,68.03,68.79
MPC,243.0,247.73,241.96,247.07,233.56,234.45,223.28,228.38,225.98,225.84,230.17,220.08,216.2,220.79,224.14,224.16,224.58,230.76,233.73,245.3,249.21,250.0,253.29,261.61,254.72,242.27,247.89,252.5,257.61,254.94,251.55,255.4,261.04,263.5,264.14,262.06,255.83,,258.26,250.8,253.74,251.61,260.97,264.84,272.46,270.34,269.66,271.28,266.44,269.35,269.77,267.83,255.96,251.76,250.52,243.36,,247.9,249.67,248.65,253.73,256.71,265.83,262.08,264.96,270.4,,272.35,269.49,281.25,283.68,287.15,299.05,303.69,304.36,308.42,313.15,319.36,321.0,326.92,323.76,316.49,313.74,315.0,315.72,316.53,317.4,317.72,315.12,315.5,303.33,301.49,320.42,336.45,348.35,357.2,360.1,363.34,367.24,365.87,367.6,365.21,367.5,361.97,365.32,366.65,369.12,376.56,383.01,391.98,398.52,391.0,,399.62,402.0,405.13,409.11,409.5,413.28,419.39,423.83,428.0,431.08,404.7,400.72,401.09,394.87,398.33,394.23,404.07,420.73,424.67,437.67,435.69
MRK,122.19,121.65,121.48,119.56,123.63,124.0,123.01,121.3,120.36,120.25,117.85,119.2,119.36,116.53,113.51,115.02,114.03,112.75,111.91,111.23,112.24,114.54,114.62,114.07,114.49,113.75,113.01,113.68,113.69,114.07,113.9,113.93,112.89,115.1,114.95,115.98,122.66,,123.13,122.4,121.5,120.67,117.96,116.78,117.33,120.55,123.46,122.6,120.5,120.04,122.71,121.9,118.95,115.9,115.99,114.94,,115.63,119.8,121.81,125.96,128.78,129.97,130.29,128.42,129.61,,130.0,129.69,128.99,128.07,125.56,124.74,123.66,124.9,128.93,131.74,127.89,126.77,128.83,131.04,131.71,132.53,135.05,132.69,130.21,131.04,131.47,129.99,131.09,131.08,128.75,130.98,132.84,134.06,135.68,135.97,137.17,137.98,153.5,152.52,154.49,151.52,156.92,155.19,152.08,149.01,148.69,151.68,152.69,152.8,152.22,,149.6,149.41,148.0,145.9,147.09,144.15,144.97,147.65,147.84,150.49,153.57,152.01,151.46,149.98,149.19,150.36,149.27,145.39,144.35,144.06,142.16
MRK.DE,,,,110.4,114.2,113.2,113.75,113.0,116.8,118.4,117.25,119.0,117.55,121.25,117.4,114.9,112.7,110.5,111.75,110.95,110.75,,110.8,110.7,114.8,116.1,114.0,113.9,115.0,123.6,122.3,120.8,119.15,121.3,122.9,127.0,129.8,130.05,129.15,130.65,130.85,131.85,132.1,132.3,133.75,139.5,140.25,137.6,139.1,139.0,138.1,137.25,135.25,133.2,134.25,133.15,133.35,133.65,135.65,140.1,147.7,146.5,147.85,147.45,148.65,147.95,147.4,146.75,143.85,141.35,140.1,142.2,139.9,139.5,140.3,140.0,139.05,137.0,136.05,138.35,140.0,140.9,142.75,144.9,145.1,145.55,145.5,145.15,146.35,146.9,148.8,146.3,145.75,144.05,140.0,140.85,139.55,136.8,137.15,140.35,138.35,138.05,139.05,139.65,140.2,140.5,140.75,140.55,143.45,140.65,140.65,137.6,135.3,136.25,133.7,133.35,132.1,134.15,131.9,133.0,133.45,132.1,132.6,134.0,133.9,135.7,136.55,138.75,139.8,139.95,137.8,136.9,137.15,142.6
MRNA,52.78,50.51,49.8,50.29,52.39,52.0,52.89,53.0,53.0,55.2,54.95,56.06,55.725,56.2,55.93,56.1,53.49,51.36,48.93,47.19,47.94,48.4,47.965,47.73,49.05,52.0,57.779,59.48,54.62,53.055,50.8,49.88,50.5,47.64,48.77,47.93,48.35,,48.672,49.075,47.58,49.26,47.07,46.17,49.55,51.9,51.53,48.99,48.42,48.52,49.94,51.75,52.23,57.79,62.3,67.74,,65.51,63.98,62.75,61.857,69.285,69.9,73.28,73.91,81.4,,85.6,82.9,78.3,76.84,76.722,69.55,67.89,68.49,67.42,63.28,62.425,60.83,59.86,58.43,57.46,57.07,55.85,56.25,58.08,59.49,58.0,58.34,59.45,59.0,59.415,60.77,61.4,64.26,65.33,63.782,65.525,64.46,176.66,155.0,159.47,145.5,161.37,156.13,148.588,138.8,144.2,154.7,156.415,150.2,154.69,,147.5,143.94,137.13,149.734,147.34,148.7,148.93,161.96,159.79,176.86,187.2,192.31,195.709,202.67,199.825,208.903,196.83,201.0,193.72,205.77,212.22
MRVL,107.84,107.26,111.89,110.12,115.66,121.97,129.84,133.2,136.9,138.19,134.69,139.91,149.58,154.95,158.69,167.86,170.84,163.45,156.0,157.21,165.61,166.39,166.82,172.98,175.8,171.52,170.59,174.16,168.73,182.31,192.15,182.14,182.71,181.64,193.32,194.58,198.4,,217.45,218.26,207.4,208.76,225.14,291.3,324.2,321.5,300.72,304.96,302.4,272.47,282.32,287.98,312.98,317.0,307.37,329.88,,314.17,290.95,281.95,292.51,274.2,278.28,300.0,292.5,274.95,,260.46,237.44,236.79,251.7,240.94,228.8,232.0,223.3,201.94,194.05,202.08,210.6,214.92,214.56,206.07,199.79,181.48,177.8,184.35,201.35,194.44,222.67,222.38,219.46,221.87,230.1,212.66,226.89,231.38,223.52,240.18,225.01,245.49,251.73,252.52,231.7,246.7,245.17,254.6,228.88,218.22,210.45,208.49,212.77,223.67,,231.89,241.88,234.49,240.2,224.1,227.62,233.77,247.89,244.44,261.18,266.0,264.97,261.98,267.48,261.78,264.4,265.0,270.28,280.0,279.48,301.27
MS,169.29,167.0,167.63,168.9,181.26,179.0,178.66,181.18,184.59,194.59,192.51,191.22,192.2,193.14,192.23,191.76,189.05,190.59,192.65,190.51,190.73,193.5,190.35,190.45,194.83,194.25,193.5,193.67,192.38,194.95,197.5,194.43,194.81,192.84,198.07,200.75,203.09,,203.92,202.53,204.38,208.08,212.11,217.03,213.49,219.16,218.32,215.9,215.24,210.24,212.83,217.62,220.6,222.3,228.07,230.47,,228.23,227.95,226.5,227.48,219.75,217.0,211.71,213.19,215.86,,222.14,223.26,220.91,224.44,224.75,223.45,232.11,232.25,228.23,218.38,219.74,217.4,219.63,217.26,216.4,219.4,213.75,212.35,211.15,213.46,211.69,218.76,220.12,219.78,216.47,217.62,217.21,220.5,222.0,218.72,220.53,217.7,218.78,215.07,214.57,216.3,217.34,217.0,216.52,216.65,214.5,216.26,216.15,217.81,218.22,,218.51,217.54,216.27,217.76,212.97,207.14,208.09,205.05,203.05,206.66,206.75,201.12,198.3,197.98,195.93,194.35,192.06,188.1,191.53,191.12,193.14
MSFT,373.99,373.64,373.73,372.45,385.0,373.5,375.64,384.54,394.69,414.37,420.82,431.58,423.33,427.18,433.7,423.66,424.95,427.11,429.92,426.82,414.42,417.11,420.78,416.78,418.42,427.98,418.63,412.69,415.5,406.31,411.84,428.17,425.12,432.7,422.1,426.34,424.4,,419.77,415.94,429.49,450.33,466.32,453.5,440.39,436.15,429.47,417.16,411.98,405.04,396.85,391.74,401.75,396.84,390.37,381.37,,381.63,377.22,378.88,364.23,376.61,380.5,374.15,388.83,392.2,,389.15,395.57,385.31,384.65,391.91,393.65,388.19,398.96,405.99,398.39,403.18,401.47,401.0,391.78,389.03,394.2,400.32,401.25,458.69,466.84,491.65,499.44,498.24,501.56,505.18,513.73,505.33,501.5,501.34,500.01,492.66,484.27,489.3,484.16,486.36,490.61,492.44,497.4,506.48,517.78,512.19,505.97,500.27,515.65,511.0,,495.19,494.39,494.52,498.97,509.95,505.9,495.97,501.47,498.65,501.87,508.5,509.44,498.9,519.4,513.33,513.64,519.83,522.85,522.5,532.35,535.69
MSTR,126.3,122.65,128.46,126.74,134.5,132.21,132.28,132.49,143.7,143.75,149.16,173.15,171.06,172.9,183.25,180.92,177.28,175.75,166.84,165.74,166.84,180.38,186.01,190.41,188.26,184.41,187.77,197.0,192.24,182.48,193.0,182.23,169.18,168.49,169.23,168.71,165.66,,167.0,157.55,153.64,162.06,153.87,142.8,138.18,131.47,125.3,129.0,125.55,120.94,121.1,128.6,136.25,131.7,125.42,117.75,,120.0,107.76,102.97,94.72,87.67,94.37,88.26,98.53,104.11,,104.78,103.56,95.04,96.8,100.12,93.64,98.03,101.95,96.61,95.97,100.92,104.6,101.95,97.51,93.68,99.16,98.37,100.05,98.22,95.2,96.06,97.98,99.23,98.38,105.5,100.77,99.26,97.89,98.88,95.08,98.57,97.66,106.9,113.74,121.91,127.9,128.66,125.54,139.78,135.97,133.38,129.9,124.66,144.92,144.4,,139.31,141.98,131.88,137.89,137.51,134.0,130.42,133.42,154.02,169.52,171.19,169.5,165.14,162.86,161.72,161.63,163.53,161.58,170.17,166.2,168.73
MTX.DE,,,,322.1,339.6,333.0,332.3,328.0,342.3,335.8,338.9,353.1,340.5,333.0,314.9,305.2,296.0,293.9,290.4,287.2,294.2,,294.3,286.0,320.6,326.1,312.9,303.6,294.6,294.1,291.7,285.7,279.4,281.1,290.0,292.4,296.7,317.9,314.9,314.4,318.0,322.4,313.0,310.8,296.8,301.0,304.9,304.2,308.2,304.8,306.7,321.9,335.6,333.0,332.5,341.9,343.2,338.7,344.3,359.3,367.8,362.5,359.5,367.7,374.2,379.2,382.5,382.0,380.0,362.9,364.6,366.8,359.2,354.3,351.9,349.1,343.7,341.0,337.9,346.0,342.3,343.3,355.4,363.3,363.1,371.9,364.6,374.0,376.4,380.8,383.8,379.0,375.8,378.3,380.6,381.5,385.5,385.4,380.8,377.4,367.0,358.0,357.4,360.4,369.8,365.9,363.5,357.1,350.0,347.8,344.5,351.1,358.8,355.6,354.8,349.4,344.2,343.4,337.0,340.1,346.6,346.0,350.2,360.3,365.9,372.3,373.4,374.5,376.6,380.9,378.8,376.0,373.1,379.0
MU,377.89,366.94,385.08,379.25,416.0,423.94,423.86,426.88,465.78,463.95,462.34,470.97,464.56,457.82,491.98,493.62,506.99,531.36,518.83,531.02,535.5,545.91,592.8,651.74,667.67,683.09,747.21,818.67,782.76,814.95,812.0,749.59,757.0,725.95,735.68,764.9,780.2,,916.8,956.16,949.49,981.0,1046.97,1076.5601,1089.29,1036.37,961.89,962.95,989.15,957.48,996.77,1012.62,1097.47,1110.4,1093.67,1149.4301,,1213.5601,1125.0,1083.3199,1255.0,1198.71,1148.79,1168.6801,1097.0,1064.64,,1019.0,942.02,959.0,1035.5,998.0,943.5,994.8,978.4,887.71,903.96,901.0,982.88,982.62,1011.77,967.14,935.0,848.36,841.8,882.5,930.88,836.62,902.43,928.98,913.33,904.8,894.99,879.0,935.8,978.0,984.0,1036.13,978.67,960.0,977.28,989.96,936.45,946.67,945.75,968.71,946.8,959.97,969.44,958.0,959.76,1017.77,,1041.0699,1042.4,999.0,993.99,932.21,944.94,941.2,986.2,1016.44,1064.49,1097.25,1105.5,1081.04,1108.72,1084.8101,1082.66,1083.5,1098.9,1108.0,1074.88,1074.3101
MUFG,2813.5,2844.0,2815.5,2827.0,2932.5,2903.0,2882.5,2891.5,2889.5,2919.0,2966.5,2926.0,2894.5,2880.5,2824.0,2807.5,2783.0,2796.5,2886.0,,2868.0,2813.0,,,,2891.5,2827.5,2856.5,2899.0,2939.0,2923.5,2951.5,3063.0,3110.0,3170.0,3148.0,3140.0,3095.0,3088.0,3066.0,3011.0,3034.0,3040.0,3047.0,3149.0,3208.0,3273.0,3217.0,3249.0,3305.0,3148.0,3205.0,3327.0,3236.0,3312.0,3394.0,3371.0,3335.0,3343.0,3292.0,3276.0,3285.0,3267.0,3257.0,3267.0,3338.0,3337.0,3370.0,3518.0,3474.0,3424.0,3478.0,3564.0,3600.0,3733.0,3697.0,3618.0,,3580.0,3685.0,3778.0,3774.0,3813.0,3770.0,3674.0,3581.0,3615.0,3573.0,3528.0,3558.0,3603.0,3603.0,3551.0,,3616.0,3709.0,3735.0,3742.0,3709.0,3603.0,3483.0,3524.0,3542.0,3529.0,3588.0,3616.0,3678.0,3682.0,3728.0,3713.0,3794.0,3790.0,3795.0,3728.0,3664.0,3681.0,3684.0,3723.0,3733.0,3716.0,3691.0,3667.0,,,,3605.0,3719.0,3740.0,3663.0,3705.0,3668.0,3604.0,3615.0,3682.0
MUV2.DE,,,,555.6,560.0,557.2,559.0,553.4,560.8,563.4,564.8,566.4,569.6,572.6,572.4,560.0,555.8,552.2,547.6,542.6,512.2,,511.8,512.6,525.6,520.2,509.6,505.2,486.9,475.0,468.9,476.4,487.4,488.1,487.8,487.3,476.5,475.8,477.7,474.8,466.1,458.8,452.1,446.7,443.8,445.0,450.6,451.5,457.3,461.1,464.7,464.8,464.4,469.3,467.3,467.6,471.7,478.0,478.4,480.1,484.6,478.4,485.5,489.6,491.6,502.0,500.4,502.4,511.2,507.2,505.6,506.4,513.4,513.0,511.4,512.2,519.4,521.0,517.8,509.8,506.8,510.8,523.6,527.0,526.8,528.2,524.2,525.6,521.6,520.2,524.2,517.2,517.2,517.4,515.6,517.6,520.4,520.0,524.6,523.4,515.0,518.4,519.8,520.4,519.6,517.2,520.2,521.2,527.2,527.8,531.8,530.0,526.4,514.0,501.0,505.4,508.0,511.8,515.2,514.2,516.8,508.8,510.6,508.8,508.8,514.4,516.2,515.8,512.8,511.6,500.6,511.2,512.6,514.0
NEE,93.87,94.28,93.66,93.67,94.34,96.21,94.82,94.04,91.87,91.29,91.86,92.02,93.08,92.59,92.18,96.7,97.63,96.9,96.62,97.0,98.03,98.75,96.83,97.06,96.71,94.85,94.37,95.8,95.08,95.4,95.72,95.08,91.6,90.27,90.69,89.85,89.84,,89.5,88.09,88.46,87.21,86.2,85.76,86.3,85.91,86.1,86.14,85.06,85.33,85.88,86.02,86.66,87.39,86.91,87.58,,87.4,86.83,87.68,88.48,88.56,89.19,88.89,88.05,88.37,,88.52,89.25,88.53,88.39,87.97,88.73,89.86,89.98,89.99,90.72,89.42,88.09,89.74,90.49,90.91,90.16,90.99,90.52,89.22,88.11,87.38,87.31,87.03,86.88,85.37,84.76,85.79,86.1,86.24,86.53,86.32,87.52,86.83,85.99,85.27,84.19,84.55,84.73,83.76,82.98,82.6,83.11,83.24,84.25,84.12,,84.38,84.25,83.35,83.28,82.73,82.14,81.97,81.37,81.0,80.55,79.81,79.04,77.47,76.28,76.22,76.18,76.5,76.53,77.7,76.97,78.04
NEM,115.57,115.25,114.72,114.68,122.0,119.99,121.92,119.99,120.22,117.51,114.78,118.03,115.14,114.89,112.85,111.19,120.83,119.44,113.93,109.02,111.63,112.23,110.65,111.3,115.94,119.76,117.29,121.26,120.21,120.64,119.07,112.23,111.82,108.11,107.97,109.61,109.06,,111.82,109.9,108.7,111.93,108.58,109.91,108.89,110.34,105.48,101.35,100.39,96.93,97.95,100.7,107.97,109.34,112.18,107.6,,101.92,99.22,96.41,96.41,97.88,95.55,94.75,96.22,97.77,,98.93,97.5,94.77,95.25,95.73,94.14,98.19,96.01,93.9,90.95,90.95,92.72,96.94,94.84,95.34,94.88,92.58,93.29,96.02,94.9,95.52,98.52,105.61,106.4,113.77,117.73,118.21,120.19,115.61,119.17,121.4,119.44,126.6,128.69,132.34,133.72,135.29,133.29,133.7,132.89,127.86,126.09,127.12,130.71,128.86,,130.04,130.48,127.28,129.26,123.67,124.22,126.0,125.79,125.14,124.5,128.09,124.25,122.5,121.94,117.29,117.8,117.89,115.79,116.66,116.92,117.33
NET,210.86,212.16,214.94,216.34,225.13,211.485,193.6,184.32,188.73,190.88,203.76,201.05,205.255,211.39,211.95,207.48,208.955,214.98,216.5,214.82,211.33,218.28,224.23,248.92,250.97,258.88,219.0,204.27,194.39,194.66,201.99,201.17,203.505,208.67,210.98,213.745,216.79,,221.11,215.35,228.27,243.67,271.2,274.63,270.23,276.815,268.82,254.7,249.245,236.89,228.82,231.9,239.0,238.83,236.07,225.54,,225.58,230.11,228.35,227.57,237.34,248.71,247.74,252.349,248.04,,250.86,274.0,274.45,278.88,280.14,276.382,284.63,291.0,277.84,281.99,280.57,277.25,272.5,276.894,266.8,272.448,268.455,279.915,285.0,293.8,288.69,303.76,305.0,291.755,324.73,312.66,313.77,320.3,332.22,331.95,315.35,309.961,301.66,292.485,293.57,289.98,287.0,290.89,309.53,307.5,309.3,306.47,284.95,286.85,284.717,,289.0,317.55,319.43,315.98,334.6,334.6,334.58,336.9,338.0,352.45,357.1,364.23,367.43,364.0,357.0,356.719,357.64,353.84,354.58,366.131,370.35
NFLX,97.2,98.71,102.69,99.88,100.4,102.34,103.08,103.67,106.57,107.85,108.95,98.74,97.6,94.65,93.85,94.64,93.28,92.84,92.34,92.86,94.22,94.7,92.33,91.28,88.55,89.4,88.04,87.34,89.17,88.62,88.5,89.49,89.82,91.48,88.55,90.37,89.97,,88.73,88.5,87.04,86.67,87.23,85.98,83.31,83.7,82.75,83.08,82.34,82.75,82.1,82.0,81.71,81.93,78.45,78.24,,77.09,73.96,73.45,72.94,75.2,76.07,73.75,74.36,78.44,,77.84,78.19,76.64,75.55,75.7,75.45,74.01,75.06,74.68,69.49,68.38,68.75,70.57,69.36,70.68,71.65,73.76,73.74,73.32,72.75,73.95,73.75,75.3,75.21,74.5,76.32,76.9,74.67,78.4,78.73,78.53,79.1,81.16,81.08,80.49,80.62,82.46,82.42,81.15,82.35,81.73,82.13,83.12,83.6,82.69,,77.73,76.72,76.3,77.57,81.02,79.48,77.8,76.96,72.38,73.87,73.76,72.37,72.04,71.84,71.65,71.36,70.3,69.66,67.87,67.5,68.78
NG=F,2.899,2.889,2.868,2.888,2.844,2.738,2.689,2.723,2.66,2.628,2.679,2.707,2.746,2.72,2.763,2.74,2.594,2.63,2.578,2.692,2.794,2.821,2.883,2.868,2.789,2.813,2.845,2.936,2.945,2.927,2.922,2.982,3.09,3.133,3.138,3.066,3.01,,2.989,3.055,3.306,3.388,3.396,3.228,3.262,3.376,3.365,3.195,3.207,3.249,3.204,3.143,3.163,3.268,3.299,3.246,,3.335,3.277,3.232,3.363,3.441,3.313,3.328,3.271,3.22,,3.256,3.32,3.355,3.244,3.022,2.953,2.928,2.941,2.968,2.926,2.91,2.906,2.951,2.991,2.958,2.836,2.761,2.771,2.776,2.802,2.81,2.786,2.708,2.702,2.69,2.806,2.819,2.83,2.799,2.783,2.71,2.796,2.875,2.804,2.798,2.839,2.804,2.911,2.944,2.932,2.947,2.955,3.002,3.026,2.986,,3.014,2.907,2.844,2.846,2.911,2.952,2.978,2.959,2.943,2.906,3.023,3.066,3.317,3.234,3.113,3.156,3.058,3.021,3.051,3.083,3.13
NKE,46.83,44.34,44.38,43.87,44.3,44.22,43.96,42.98,44.21,45.9,46.49,46.78,46.56,46.97,46.95,45.75,45.42,45.41,45.71,45.16,44.81,44.96,44.34,43.3,44.07,44.64,44.66,44.07,42.51,42.61,42.83,42.78,42.75,43.2,44.28,44.74,44.72,,44.95,46.59,47.65,47.2,46.28,45.78,43.99,44.7,43.74,43.86,45.28,44.58,45.98,46.31,46.09,46.1,45.85,45.71,,44.91,43.19,42.33,41.86,41.47,41.69,41.64,43.28,45.04,,44.11,44.04,43.26,43.06,44.63,44.9,44.49,43.58,44.67,44.98,43.84,43.56,42.91,42.08,42.15,42.6,43.27,43.69,42.5,42.08,43.21,42.09,42.48,42.64,42.37,42.23,41.53,41.25,41.47,41.33,40.6,40.64,41.31,40.64,41.13,41.34,39.87,39.48,38.8,39.76,39.88,38.57,38.73,38.93,38.66,,38.74,37.85,37.16,37.05,37.41,36.88,36.51,36.8,36.68,36.36,37.04,36.62,36.14,36.18,36.67,36.43,35.99,36.24,33.97,34.12,34.62
NOW,105.9,103.41,103.33,103.96,105.58,97.16,88.91,89.24,92.4,94.83,99.39,98.82,100.67,104.5,104.31,90.02,90.39,94.03,93.0,89.3,88.71,92.6,95.62,92.89,91.68,95.56,91.85,94.75,92.77,88.58,92.0,96.67,104.68,110.83,103.35,101.59,104.59,,102.54,105.4,110.16,124.74,139.2,132.74,128.08,124.8,121.2,115.36,112.39,109.8,105.12,103.45,107.18,105.66,102.89,96.24,,97.44,97.5,96.99,92.06,98.92,103.21,99.64,106.69,107.68,,110.64,113.79,108.44,109.25,111.5,113.03,107.96,108.75,105.86,105.83,105.33,104.58,101.16,100.25,98.93,108.15,112.28,118.36,113.12,112.39,119.64,118.33,120.0,117.42,126.15,127.89,128.97,125.64,129.75,128.65,123.36,121.84,129.6,131.15,131.18,130.15,129.81,126.56,139.32,145.72,149.6,146.96,142.6,146.98,145.26,,136.98,134.6,134.7,134.45,143.19,147.57,141.67,140.54,139.94,140.16,142.1,141.54,141.04,139.83,131.89,132.44,135.08,140.8,139.57,137.9,140.6
NVDA,177.37,177.49,177.79,178.23,185.26,184.08,190.0,189.66,196.51,200.4,199.85,201.7,202.17,202.75,202.5,203.83,210.95,216.83,214.73,212.72,210.3,203.0,201.73,200.24,208.27,214.2,217.8,222.3,223.75,227.84,236.54,231.5,230.0,224.48,226.13,227.4,221.01,,218.18,214.15,215.52,217.86,224.87,232.28,222.82,221.6,214.87,210.47,211.4,207.22,205.66,207.07,212.71,211.49,209.21,211.39,,213.99,203.77,201.67,200.8,195.55,196.18,200.63,199.85,200.06,,197.55,198.41,205.16,204.59,211.0,210.57,212.55,213.81,211.08,206.65,207.74,208.65,214.39,210.87,211.91,208.75,198.7,197.07,197.25,202.0,208.74,213.06,222.22,223.63,224.76,224.14,222.2,225.1,227.23,227.49,227.92,221.64,222.87,219.86,218.74,215.59,214.73,213.6,230.47,229.26,221.3,220.41,227.95,230.4,234.76,,233.71,226.18,220.99,222.0,212.77,213.94,216.76,219.91,222.73,228.5,229.98,228.95,224.94,226.94,233.21,232.82,232.37,232.29,237.88,240.1,243.37
NVO,241.5,,,241.5,243.9,239.6,244.95,239.3,248.95,256.15,264.5,262.1,258.15,258.8,252.9,252.3,263.15,264.85,266.25,265.8,272.95,278.85,287.6,287.7,312.05,299.4,294.0,306.15,305.0,305.75,,,295.0,287.5,290.65,293.2,291.25,,292.7,290.2,295.85,297.65,296.3,285.55,281.15,284.7,,280.8,271.05,283.1,283.65,287.95,288.7,286.65,294.4,287.0,295.75,299.95,309.85,313.5,316.9,317.95,317.45,320.8,325.2,332.65,330.75,330.5,330.0,324.95,322.9,322.95,325.1,325.25,331.25,338.0,338.0,333.4,326.95,325.25,321.65,325.8,328.45,336.5,338.7,337.25,333.75,308.4,310.9,305.55,302.0,309.5,307.25,311.65,304.95,300.1,302.7,295.0,297.6,302.45,301.1,300.85,304.45,309.35,314.85,301.05,301.1,294.25,297.8,302.7,309.9,305.45,299.4,298.2,291.45,290.45,283.95,283.65,283.05,280.4,279.9,284.7,284.3,260.7,260.45,254.2,255.0,255.9,254.8,255.15,252.55,250.5,249.15,252.0
NVS,123.42,123.62,,123.0,123.42,122.18,123.62,121.98,121.18,121.0,118.76,118.82,118.48,117.8,116.46,116.46,116.2,114.3,114.96,115.74,116.16,,116.06,115.52,116.28,115.88,114.04,114.56,115.9,117.74,,118.34,118.28,119.66,120.0,119.76,119.9,,120.26,119.8,119.04,119.44,117.4,114.76,114.22,116.72,118.0,118.4,119.2,119.56,122.16,122.9,122.42,120.48,121.0,121.56,119.96,120.28,123.42,125.94,126.08,126.5,126.78,127.94,127.24,128.92,128.22,128.7,127.24,126.52,125.7,125.8,125.0,124.04,122.3,123.26,125.36,124.56,127.18,126.96,127.66,127.98,129.4,131.28,131.5,129.56,128.36,127.38,126.04,126.04,126.26,127.04,126.8,127.66,125.56,124.38,123.66,123.44,125.76,127.54,128.26,127.7,127.2,128.46,128.68,126.48,125.54,124.28,132.48,132.6,132.68,130.86,127.22,114.5,112.52,113.68,113.7,116.04,114.42,115.88,116.32,116.98,116.8,116.68,118.8,119.84,119.98,122.12,122.36,122.54,119.38,118.64,118.28,118.58
NXPI,199.66,195.25,200.68,196.88,208.67,206.71,209.97,208.13,210.51,210.76,215.56,218.96,221.4,226.61,228.94,244.72,245.2,243.55,237.94,292.85,294.34,296.0,299.8,296.39,303.91,302.99,297.0,306.62,302.0,302.41,300.0,295.27,298.86,298.63,311.04,309.37,316.81,,334.9,339.95,338.29,335.0,318.55,325.59,327.48,328.21,314.24,309.6,310.22,299.42,303.3,307.22,320.97,319.29,310.8,319.7,,327.5,310.36,299.9,307.38,291.34,280.03,283.37,283.32,285.94,,286.89,274.19,285.98,298.04,293.9,286.82,289.78,288.93,276.29,271.09,273.48,278.05,279.78,280.46,278.2,276.88,266.17,257.32,251.04,251.72,225.87,238.86,237.22,236.65,240.29,240.26,241.04,242.49,236.58,234.75,238.18,230.38,231.66,227.75,226.08,224.08,225.31,226.19,228.08,225.84,227.24,223.16,229.99,227.12,228.62,,231.3,227.22,226.93,238.6,230.87,228.98,228.18,228.28,231.36,233.06,238.94,236.9,233.25,239.24,239.39,239.83,238.2,242.34,248.86,243.23,245.35
ODFL,201.63,203.48,202.44,204.05,210.18,211.59,212.22,208.12,210.79,210.28,217.1,220.18,223.92,227.0,227.08,226.86,223.3,224.17,224.04,233.79,214.64,215.22,200.46,197.95,203.33,203.1,202.41,198.06,196.0,193.43,202.98,204.41,206.14,208.02,210.47,210.42,210.96,,218.58,221.88,223.8,226.12,230.6,229.7,236.84,245.78,249.14,250.69,252.03,239.57,248.21,248.94,244.39,238.59,233.16,224.17,,223.81,222.37,222.67,228.06,221.9,220.44,221.7,221.0,221.82,,220.47,219.93,219.16,227.9,228.98,235.44,233.32,231.2,237.23,238.51,234.36,235.16,235.76,236.25,237.15,233.92,230.8,225.73,223.66,214.37,215.85,219.99,220.0,214.74,217.96,219.74,214.4,213.97,217.92,215.75,213.62,212.03,213.1,206.78,208.48,209.74,203.18,200.26,200.72,203.44,200.98,201.76,189.3,190.7,187.71,,188.91,188.27,182.95,183.35,183.14,183.09,180.0,178.79,175.71,175.53,178.34,180.18,178.57,176.61,177.96,178.93,178.99,178.42,182.91,181.02,180.97
ON,63.69,62.48,64.62,64.0,68.52,69.07,70.11,71.31,72.53,72.55,80.5,83.52,85.59,87.51,89.69,99.19,100.3,99.62,96.78,101.26,101.69,103.32,105.0,105.81,105.9,105.5,103.31,107.25,105.0,115.99,119.1,115.83,115.67,109.25,110.8,109.86,117.89,,129.13,129.0,125.88,124.52,121.05,130.48,134.92,134.49,126.31,124.53,124.0,115.98,116.4,118.59,126.22,127.84,121.31,122.18,,132.42,124.05,117.28,121.3,98.48,90.91,95.37,96.83,98.21,,98.67,92.06,94.17,102.64,96.8,92.99,95.49,94.88,90.17,90.0,89.99,91.59,94.26,91.03,89.63,89.77,86.88,84.6,84.99,86.7,83.66,84.48,80.79,80.42,81.63,82.51,82.65,84.84,84.5,83.57,85.55,80.9,81.07,76.69,75.67,73.53,73.37,73.83,74.91,74.4,74.98,73.1,74.14,74.31,75.33,,74.95,72.45,70.55,76.19,73.14,74.75,74.42,69.8,70.82,72.05,73.83,74.48,73.3,77.68,77.21,77.45,77.2,80.46,86.45,86.33,86.92
ORCL,149.65,146.44,148.55,144.57,151.46,142.8,140.17,155.91,169.4,172.56,180.27,184.5,177.76,185.34,189.18,181.89,180.71,173.55,168.7,164.76,165.18,174.3,183.5,186.52,194.29,200.15,198.0,195.68,192.92,191.57,200.71,196.43,190.76,188.72,188.22,192.82,197.0,,195.2,192.14,205.0,226.29,250.25,249.0,240.51,238.95,231.44,219.06,220.5,212.48,184.77,185.58,195.32,195.32,190.19,187.99,,184.58,174.33,165.75,157.62,153.54,154.5,149.93,147.55,147.06,,145.62,145.56,141.84,149.07,145.68,139.65,132.76,133.9,131.78,128.44,125.49,127.42,128.84,124.7,123.08,121.99,122.33,121.92,128.34,132.4,143.07,148.7,146.39,146.58,147.16,151.99,151.99,154.89,159.26,156.39,150.4,146.0,146.08,145.92,148.35,145.12,146.34,151.63,153.83,153.99,151.26,146.79,146.69,156.77,159.7,,170.7,165.15,159.24,166.0,145.33,144.88,146.52,152.0,150.9,149.98,153.6,148.66,140.34,140.88,135.69,143.67,138.5,140.25,144.86,146.66,146.94
ORLY,93.23,92.33,92.37,92.31,93.08,94.61,94.07,94.07,94.26,93.88,94.26,94.34,94.4,93.84,94.72,94.25,93.61,93.96,93.46,91.7,99.8,100.63,97.71,95.6,95.67,95.23,95.11,92.43,92.77,92.17,90.68,90.63,91.81,93.11,93.03,93.77,92.94,,90.8,90.09,89.65,89.17,87.65,86.64,87.94,89.82,90.57,90.19,90.48,91.32,91.73,91.27,91.89,91.26,91.21,89.34,,86.1,88.0,88.72,88.05,90.26,92.51,92.29,92.91,93.52,,90.25,86.77,86.78,85.38,86.45,88.02,87.33,86.35,86.3,88.08,86.24,90.58,89.03,86.76,87.52,91.5,93.24,91.25,90.08,89.55,91.47,92.02,94.12,93.98,94.01,93.28,93.84,93.17,93.84,92.45,91.32,92.15,92.77,90.07,90.02,91.49,91.43,90.81,88.79,88.9,89.34,89.23,88.15,88.34,88.19,,87.3,86.63,86.45,86.32,87.46,86.97,85.41,85.4,85.0,84.89,87.02,86.43,87.45,86.8,87.02,86.48,86.76,85.75,85.73,84.62,85.34
P911.DE,,,,40.68,41.65,41.1,41.46,41.76,43.54,43.68,43.16,43.71,43.08,43.0,42.61,42.24,41.73,41.11,41.26,41.0,41.81,,41.17,41.18,43.87,43.35,43.0,44.98,45.74,46.27,47.21,47.0,45.99,45.96,45.65,45.95,46.58,46.67,46.32,47.32,47.66,48.0,48.18,48.1,47.8,48.33,48.26,48.49,48.98,48.55,49.57,50.0,50.42,50.66,49.03,48.74,48.12,48.15,48.48,46.08,45.26,44.15,43.44,43.78,44.11,45.2,47.06,47.28,48.72,47.13,46.44,47.26,45.22,44.3,44.64,45.24,45.57,45.47,45.18,46.95,46.0,45.59,44.84,45.02,47.0,45.19,44.59,44.19,43.55,43.9,44.42,44.37,44.93,45.2,44.94,44.79,44.42,44.83,44.9,44.93,45.37,45.24,44.9,44.26,43.78,45.22,46.9,46.1,45.55,44.52,44.8,45.81,44.74,45.72,45.2,45.97,45.61,45.81,45.45,45.38,47.58,47.28,46.0,46.43,45.64,45.62,45.63,46.03,45.59,46.37,45.17,43.91,43.34,43.72
PA=F,1478.4,,,,,,1528.1,1569.8,1587.0,1578.1,1570.5,1590.4,1559.6,,,1484.6,1501.5,1477.7,1461.1,1461.8,,,1494.0,1507.1,,1517.8,1482.6,1513.8,,1531.0,,1422.9,1417.8,,,,,,1393.0,1395.6,1402.0,1380.0,1368.5,1386.5,1372.0,1318.8,1287.0,1210.0,,1230.8,1234.6,,,,,,,,,1161.3,1194.0,1209.0,1210.4,,,,,,,,,,,,,,,,,,,,,,1245.7,1302.2,,,,,,1378.0,,,,1322.6,1322.5,,,,,,,,,1337.6,1469.5,1401.0,1350.5,,1426.0,,,1404.0,,,1310.9,,,,,1306.2,,1297.5,,,,1219.5,1201.6,,,,,1176.0
PAH3.DE,,,,32.2,33.08,32.41,32.46,32.0,32.77,32.98,33.06,33.91,33.29,33.33,32.99,32.28,31.94,31.56,31.58,31.46,31.21,,30.92,30.9,32.55,32.21,31.92,32.14,32.4,32.23,32.88,32.3,31.94,31.89,32.0,32.21,32.39,32.85,32.71,33.47,33.11,33.11,32.84,32.52,31.75,31.47,31.12,31.07,31.42,31.03,30.6,31.2,31.88,31.25,30.77,30.56,30.75,30.78,30.19,30.05,30.12,28.63,27.9,27.36,27.28,27.8,28.5,28.73,28.93,28.08,27.43,27.52,27.32,27.21,27.73,27.83,27.69,27.67,27.51,27.86,27.82,27.34,27.85,28.71,29.38,29.35,29.21,29.44,29.31,29.45,29.22,29.25,29.08,28.8,28.54,28.25,27.97,27.69,27.55,27.72,28.05,28.2,27.86,27.7,27.46,27.95,28.69,28.75,28.76,28.14,28.11,29.78,29.02,29.62,29.46,29.29,29.34,29.52,29.36,29.32,30.07,29.69,27.75,27.7,27.37,26.04,25.89,26.2,25.53,26.3,25.4,25.0,24.75,24.7
PANW,161.8,163.31,164.08,170.98,179.27,174.98,167.6,162.8,165.64,165.23,170.25,170.62,170.54,177.63,181.52,175.49,179.1,184.02,186.0,182.25,180.85,183.04,187.27,186.24,184.98,199.09,208.09,214.3,216.16,228.85,239.15,245.8,248.85,248.6,250.0,253.1,261.41,,259.84,251.64,259.0,283.71,302.95,299.33,288.0,280.72,280.64,273.05,266.44,266.72,279.95,281.98,285.12,283.64,284.32,288.88,,295.75,292.14,291.0,295.54,306.24,332.88,342.48,358.1,357.38,,368.17,363.01,336.8,338.37,340.13,331.08,353.68,362.71,360.44,368.8,366.31,352.0,344.19,336.57,330.0,331.81,323.4,322.11,326.3,333.98,347.7,367.5,376.98,361.47,370.5,385.17,387.2,389.25,398.88,397.31,386.0,378.04,376.43,360.7,360.49,357.87,353.77,342.25,387.33,378.52,383.73,375.92,350.67,333.31,339.1,,339.4,339.83,344.79,341.14,378.6,380.44,381.96,383.12,376.01,374.56,377.91,393.52,396.3,388.25,394.5,391.75,404.69,398.58,409.5,407.92,432.33
PAYX,92.31,92.29,92.19,92.87,92.97,89.21,88.0,89.47,90.2,91.06,92.76,93.3,93.34,95.4,94.31,92.62,90.93,91.11,92.29,94.11,93.78,94.55,94.4,93.1,91.99,95.06,94.67,94.37,95.2,91.81,90.91,91.97,94.73,97.12,95.0,94.92,97.21,,96.84,96.16,95.96,98.01,102.92,101.22,100.18,102.03,101.33,100.48,100.54,101.77,100.94,100.99,103.3,102.62,100.85,98.79,,98.35,98.85,98.85,100.19,100.14,101.59,100.03,103.97,106.51,,106.84,109.73,108.12,106.9,107.86,111.64,110.52,112.34,115.24,117.72,115.39,114.77,113.24,111.82,114.35,116.9,119.96,124.74,119.29,117.28,119.97,118.97,119.84,120.25,121.42,121.24,121.73,121.05,125.65,125.9,120.94,122.44,123.82,124.17,124.78,127.09,126.0,125.63,127.23,127.92,127.87,127.98,125.03,126.45,123.58,,120.5,117.05,115.81,115.97,119.23,119.61,118.43,116.71,116.59,116.26,115.97,110.5,107.6,102.09,100.9,99.67,100.88,101.33,101.0,99.84,101.19
PBR,53.21,54.41,53.95,54.5,51.28,53.45,54.0,55.32,54.85,52.59,53.96,51.44,52.32,,52.9,53.12,52.51,53.52,53.38,55.01,54.73,,55.19,54.2,52.22,50.86,50.78,51.09,50.78,50.4,49.89,50.51,51.79,51.74,52.16,51.26,50.15,49.25,49.38,48.54,48.58,47.59,48.37,46.96,46.85,,46.22,46.29,46.43,47.49,47.57,46.72,44.97,43.65,43.65,43.34,43.35,43.72,44.31,43.41,42.94,42.62,42.62,42.26,41.83,42.61,42.5,42.17,43.29,44.49,44.64,44.33,45.97,46.36,45.73,45.7,45.98,46.57,46.97,48.25,49.06,48.54,46.72,47.19,47.94,48.56,49.43,48.83,48.65,48.66,47.75,48.33,47.47,47.36,46.78,46.74,47.27,47.59,48.3,49.04,49.98,49.86,47.6,46.66,46.79,47.5,48.25,50.38,52.47,53.77,54.54,52.41,,53.54,54.17,54.98,54.59,55.26,56.65,55.67,54.42,53.99,53.56,53.25,55.13,55.52,53.89,54.61,54.06,55.28,55.13,56.62,62.0,60.22
PCAR,118.0,118.59,118.69,118.46,124.43,127.3,127.94,127.5,127.09,125.27,125.0,127.89,128.49,129.31,127.89,128.71,127.73,128.58,128.3,121.7,120.22,118.99,116.57,115.04,117.1,117.39,114.92,114.56,113.38,113.13,113.25,112.35,111.84,111.21,112.35,110.74,109.96,,112.02,113.82,113.07,112.21,109.7,114.05,115.8,118.76,118.73,119.23,120.6,120.95,118.17,119.1,121.84,122.58,121.15,120.92,,121.59,120.03,118.53,123.03,121.83,120.24,121.81,121.85,121.73,,126.05,126.24,123.71,124.16,125.59,126.24,125.5,124.63,126.8,128.26,127.14,126.88,131.85,133.49,133.9,134.27,139.24,138.58,134.93,136.21,134.84,136.61,136.76,135.4,133.23,133.3,133.03,133.71,131.69,131.17,131.33,131.18,129.17,129.87,132.31,132.43,130.83,130.97,129.23,127.77,126.0,124.39,123.41,124.64,126.49,,124.67,122.5,123.37,124.58,122.99,123.2,123.56,119.76,117.85,116.7,115.78,113.89,112.78,112.77,112.22,112.41,112.05,111.73,111.22,110.05,110.33
PDD,104.1,101.64,102.75,100.75,104.8,103.87,103.86,100.85,103.18,102.96,106.92,108.23,104.66,103.81,100.23,99.25,98.18,99.52,98.31,97.92,100.97,100.04,99.77,98.44,102.87,102.85,101.43,99.54,98.74,101.13,98.91,95.92,95.88,97.55,98.4,97.9,95.15,,97.97,88.69,84.48,85.82,88.24,90.09,87.4,87.16,86.6,85.02,83.34,82.69,81.47,82.28,84.44,82.34,82.11,79.8,,79.5,77.5,76.82,75.66,76.71,77.88,77.72,82.89,83.34,,85.0,83.87,85.28,85.99,87.53,85.19,85.38,87.28,87.76,84.75,86.83,86.3,84.66,83.89,83.1,85.75,86.34,89.71,87.53,88.67,90.5,91.28,92.15,90.93,92.16,93.19,91.62,90.02,88.72,84.9,87.48,87.61,90.28,89.78,90.14,91.9,88.32,88.09,86.48,86.45,85.2,84.12,83.42,82.5,82.6,,81.39,79.26,78.46,78.32,80.39,79.16,79.04,79.6,79.69,79.87,80.76,79.52,79.22,78.8,78.94,78.56,78.23,78.74,76.3,78.1,78.42
PEP,155.15,157.06,156.86,156.54,154.82,158.01,157.79,157.03,156.63,155.76,159.79,160.03,158.84,157.04,157.22,156.61,156.28,156.65,158.11,156.49,159.0,160.0,156.73,156.31,156.93,157.35,157.3,154.7,152.72,153.24,149.99,150.11,150.12,152.57,150.65,149.67,150.84,,150.25,148.91,148.61,146.77,144.11,142.89,143.68,145.7,144.34,141.86,144.3,145.45,145.4,144.36,146.77,147.64,145.87,142.73,,142.49,143.68,143.74,143.1,142.14,142.37,139.14,141.34,144.74,,144.7,149.04,146.0,138.74,137.96,140.25,138.79,136.99,139.62,141.96,137.59,135.38,136.36,135.34,137.13,140.31,145.43,145.23,142.52,140.16,141.55,139.21,140.27,140.52,139.49,138.52,138.51,138.75,140.83,141.27,139.89,140.8,143.63,143.37,143.56,145.9,143.87,142.69,141.09,141.29,141.04,141.43,141.71,140.75,139.47,,138.98,138.12,137.79,137.49,138.8,136.03,136.05,134.91,132.3,130.22,131.41,131.39,131.19,128.72,128.75,128.94,129.98,127.31,126.3,126.05,127.21
PFE,28.64,28.75,28.23,27.68,27.49,27.5,27.36,27.57,27.31,27.36,27.48,27.67,27.85,27.62,27.39,26.83,27.3,27.35,27.58,26.55,26.91,26.61,26.51,26.75,26.68,26.72,26.2,26.18,26.09,26.09,26.1,25.83,25.39,25.96,26.03,25.96,26.15,,25.9,26.54,26.28,26.24,25.91,25.7,25.62,26.01,26.21,26.22,25.88,25.85,26.48,26.49,26.42,26.13,26.28,25.66,,25.31,25.24,25.11,24.34,24.35,24.5,24.46,24.24,24.57,,24.2,24.35,24.37,24.3,24.41,24.72,24.43,24.82,25.37,25.65,25.16,25.01,25.19,25.1,24.75,24.88,25.5,25.37,24.98,25.18,25.39,25.64,25.81,26.2,26.76,27.19,27.2,26.44,26.95,26.92,27.02,27.4,28.44,28.16,28.43,28.16,28.58,28.5,28.18,28.02,28.7,29.09,29.09,29.21,28.69,,28.15,27.98,27.75,27.85,28.19,27.66,27.69,27.81,27.66,27.92,28.0,28.23,28.85,28.69,28.87,28.76,28.95,28.59,28.16,27.72,27.71
PG,144.97,144.21,143.67,142.77,145.11,146.94,146.89,145.09,144.72,144.4,144.29,147.59,146.66,144.62,143.3,146.23,152.42,149.7,151.19,148.75,147.72,149.28,146.06,145.9,148.95,147.99,147.52,145.95,145.86,144.67,144.28,143.4,144.43,143.71,143.22,143.72,144.64,,145.61,148.54,146.7,145.64,141.82,141.12,142.45,143.14,148.23,146.55,149.48,150.43,149.62,150.2,151.5,153.02,152.94,152.29,,150.89,151.37,153.35,152.29,150.88,149.05,147.53,147.5,151.67,,151.22,153.49,151.07,147.66,148.59,150.05,148.75,148.59,151.52,154.32,150.1,148.41,150.46,147.61,147.99,150.25,153.68,146.38,144.45,144.7,147.15,148.25,147.85,148.5,146.0,146.46,145.71,144.94,145.8,144.91,143.97,144.42,146.23,144.92,145.27,146.8,146.12,145.93,144.15,144.4,145.9,148.36,148.32,148.22,147.15,,146.16,144.47,143.51,145.49,147.72,147.22,148.23,147.78,146.7,146.81,148.25,148.93,149.2,146.4,149.48,148.84,149.23,145.0,145.21,146.09,149.68
PGR,197.7,195.64,196.48,198.32,199.53,200.33,200.26,199.8,199.58,203.12,205.29,206.12,206.21,208.46,207.95,206.86,204.98,204.42,204.76,203.71,201.56,203.3,201.63,199.8,200.65,197.86,196.59,196.98,200.39,200.58,198.85,202.66,204.03,206.84,203.84,203.15,199.66,,200.19,202.44,199.77,194.93,195.07,197.45,199.18,198.63,204.51,202.0,202.88,205.74,206.22,203.61,205.38,206.39,207.49,208.14,,210.28,216.43,221.44,222.45,224.53,223.34,221.76,226.46,232.3,,232.05,239.38,237.58,232.21,231.0,235.0,231.59,211.94,209.19,211.99,212.26,211.33,206.9,207.27,214.78,216.68,222.66,223.1,217.94,213.82,214.28,211.0,213.95,215.38,215.41,215.99,214.78,212.73,210.5,210.92,209.7,208.07,217.66,223.8,221.54,224.73,222.58,224.26,221.19,220.07,219.14,220.72,223.44,225.45,222.85,,217.55,215.52,219.0,218.36,222.08,221.57,220.96,217.98,215.14,215.56,211.69,209.27,205.08,205.85,209.79,211.03,209.93,211.32,211.97,212.64,213.66
PH,929.0,923.53,912.12,918.77,978.23,991.59,989.99,991.7,997.42,985.41,971.93,1029.0,997.33,1001.28,983.69,984.9,985.26,979.63,977.65,970.46,921.98,909.24,880.33,881.04,911.96,906.45,892.5,880.25,887.73,886.97,894.31,878.69,865.47,860.36,863.1,878.7,877.78,,880.0,875.46,856.82,856.84,840.97,839.33,858.84,873.66,898.98,892.52,906.75,916.18,904.11,913.52,932.99,946.44,958.54,964.98,,963.41,957.56,973.62,1003.79,982.4,973.66,981.0,979.6,976.88,,971.96,971.61,950.89,957.75,964.68,966.09,966.48,964.0,977.4,972.26,964.0,971.11,975.0,986.28,1000.72,998.97,998.0,984.93,968.04,980.44,998.04,1005.75,1009.86,1099.9399,1089.35,1084.85,1076.11,1074.84,1070.59,1065.0,1064.41,1046.8101,1046.21,1023.68,1012.16,1016.81,1033.12,1047.61,1036.42,1015.99,990.16,980.45,962.28,965.0,978.38,,971.44,957.56,944.46,956.18,936.37,939.6,937.99,935.27,943.89,964.43,969.42,978.23,979.49,981.97,983.92,978.54,972.4,967.98,983.96,981.89,992.0
PL=F,1969.3,1963.8,,1943.1,2075.0,2106.8999,2049.1001,2061.8,2091.5,2132.2,,2124.5,2074.0,2024.3,2072.6001,2022.6,2015.0,2011.0,1942.3,1933.0,1979.0,1996.6,1946.9,,2058.1001,2068.2,2047.2,2115.5,,2197.6001,2083.5,,,1933.8,,1955.1,1931.6,,,1918.7,1948.7,1922.2,,,1868.7,,,,,,1682.1,,,,,,,,,,,1630.9,1621.5,1588.2,1588.9,1625.1,,1666.4,,1627.0,1620.0,,,1639.7,,1654.3,1610.2,1592.2,,,1599.1,,,1630.0,1590.1,1651.9,1650.3,,,,,,,,,,,,,1802.6,,,,,,1845.3,1887.9,,,,,,,,1916.8,,,,,,,1803.5,,1822.6,,,,1721.2,1716.9,1706.0,1705.5,1744.5,1737.0,1692.7
PLD,134.13,134.79,134.09,133.3,138.22,140.1,138.81,137.2,138.84,139.9,145.01,145.44,145.2,145.27,143.22,144.06,144.28,143.28,142.15,141.21,142.48,142.78,140.88,140.46,143.81,144.4,144.51,145.34,144.94,143.97,143.28,141.98,142.83,142.63,144.7,145.29,146.27,,147.93,147.47,147.1,145.54,142.15,140.43,142.66,144.39,145.72,145.16,148.29,148.1,148.46,149.7,150.18,148.46,146.12,141.49,,144.81,146.16,145.55,142.37,141.87,139.5,138.37,138.8,139.5,,140.28,143.86,143.08,142.7,142.75,142.9,143.41,144.34,150.06,153.35,149.61,150.02,149.07,145.79,148.35,147.83,149.16,146.85,146.75,146.0,144.88,141.47,141.51,141.17,140.42,139.18,140.16,140.89,142.37,141.7,141.0,141.3,141.6,142.04,141.86,143.51,143.54,143.82,142.87,142.44,140.36,140.07,138.57,138.35,138.59,,138.98,137.91,136.48,136.28,135.82,136.0,135.97,135.56,134.91,136.49,136.27,135.62,134.79,134.36,134.34,133.19,133.14,128.93,129.79,129.23,129.69
PLTR,148.3,148.51,150.61,150.27,156.28,139.54,129.2,134.42,138.07,142.58,145.55,148.28,147.2,149.87,152.68,150.29,143.33,145.07,143.85,139.76,140.2,146.44,149.64,142.98,135.7,140.95,137.88,137.14,137.43,136.99,134.48,135.64,135.935,137.47,137.24,138.55,139.02,,138.68,135.73,145.0,157.779,163.7,159.55,151.68,146.37,141.97,137.76,136.99,133.185,131.52,131.09,134.98,134.59,136.1,131.43,,128.87,120.94,118.0,112.15,114.08,119.08,118.7,128.25,132.88,,134.069,138.9,132.39,129.19,132.28,130.72,135.79,136.88,136.21,134.77,136.62,134.68,132.345,126.4,125.31,132.41,127.19,127.28,123.67,123.39,126.965,164.52,166.08,158.0,172.41,179.6,177.94,175.09,179.91,180.18,176.275,174.98,176.82,176.46,182.44,178.75,179.87,178.49,186.86,188.37,187.94,186.55,177.57,185.83,182.19,,175.82,171.86,169.0,168.61,174.36,176.59,174.765,177.88,177.75,183.38,185.54,193.79,194.68,194.214,190.25,188.63,190.99,191.8,194.78,192.69,194.56
PM,162.47,159.48,160.37,161.14,161.19,162.31,161.82,163.66,161.41,159.55,158.43,158.02,160.07,157.67,164.7,170.88,168.17,164.92,166.27,164.79,166.82,167.62,171.75,169.64,171.24,171.74,172.25,182.28,190.91,189.64,192.92,192.95,191.98,193.05,189.91,189.7,190.49,,190.0,183.23,183.69,178.09,176.12,175.23,178.92,179.3,180.36,180.0,179.16,183.11,184.91,185.12,183.93,186.22,182.86,180.47,,178.89,179.38,180.07,180.76,182.62,183.3,186.0,181.54,183.83,,184.99,189.7,189.62,187.45,182.52,184.18,182.0,181.12,190.0,194.62,194.9,193.0,199.78,194.72,195.63,196.79,207.76,202.57,195.92,193.46,192.68,187.46,190.36,191.54,190.17,188.6,187.3,187.0,191.44,191.1,189.35,188.87,190.5,194.26,191.09,193.47,194.18,196.66,193.64,192.85,191.0,192.37,189.21,189.09,185.97,,187.36,186.28,192.45,194.82,195.35,195.23,195.49,192.8,191.0,188.48,191.95,193.0,194.71,190.99,194.02,194.01,195.22,193.12,189.1,190.36,192.05
PSX,181.26,181.29,177.36,177.15,168.85,170.0,161.6,162.64,160.24,161.86,165.03,158.44,157.12,160.08,161.85,162.57,162.96,166.98,167.2,177.16,179.38,180.25,180.67,181.41,175.45,170.21,171.96,176.34,177.65,177.02,173.6,176.54,180.07,183.7,184.72,181.63,178.19,,179.93,176.55,179.4,177.41,182.62,183.2,187.52,186.19,186.05,188.0,182.99,185.98,185.75,181.87,174.5,173.04,171.94,167.0,,169.14,171.81,170.25,173.03,173.61,177.99,175.63,174.59,179.16,,179.24,180.89,189.87,190.66,193.04,198.58,201.66,200.46,202.72,207.14,211.05,212.39,216.08,215.31,210.64,208.95,210.11,211.66,211.68,213.99,211.59,206.84,211.43,210.28,206.04,215.85,224.68,226.6,232.89,236.14,240.67,243.6,244.73,246.95,244.47,246.0,242.0,244.15,244.65,244.66,250.66,252.05,258.48,260.68,256.98,,261.0,263.66,263.76,265.43,264.86,266.7,267.29,274.21,277.12,275.97,264.59,263.82,263.45,257.31,259.11,252.95,260.35,264.43,267.27,271.49,271.82
PYPL,45.5,45.42,46.44,45.46,46.35,46.08,46.18,47.875,48.334,49.755,49.95,51.2,51.51,52.3,51.46,50.88,50.59,50.56,50.48,51.87,50.455,50.91,51.06,46.715,47.46,47.145,46.37,45.52,45.7,45.74,45.79,45.23,45.235,45.02,44.41,44.69,44.71,,44.44,44.73,44.58,45.2,45.985,45.14,44.5,43.73,42.401,41.42,42.26,41.465,41.26,41.59,43.34,43.95,44.74,42.816,,43.33,42.47,43.38,43.0,44.38,44.74,44.57,44.89,45.49,,45.135,46.065,45.28,45.38,46.445,48.43,47.39,55.88,57.67,57.17,57.16,56.91,56.38,56.08,56.48,56.585,58.8,59.47,57.89,57.57,58.25,58.56,59.4,59.79,59.99,59.08,59.44,59.3,60.76,62.31,61.11,61.6,61.83,62.73,62.68,62.18,62.385,62.06,62.31,54.76,53.68,52.92,55.19,56.96,56.14,,54.6,53.2,53.375,54.4,54.6,54.24,53.835,53.395,52.87,53.06,55.12,53.09,52.67,55.545,54.6,54.23,53.95,53.64,53.4,54.42,54.875
QCOM,130.23,127.0,127.43,125.41,128.89,128.59,130.61,131.31,132.94,134.34,135.7,136.97,138.5,138.26,137.49,136.99,151.54,161.0,151.5,157.29,186.89,179.99,180.49,187.22,197.5,223.66,228.05,247.9,230.0,219.49,209.53,207.4,210.8,201.5,203.59,214.01,243.0,,258.0,248.27,249.46,259.92,238.02,245.19,255.09,246.7,238.44,221.93,219.64,204.9,203.84,215.01,226.46,231.19,221.32,229.42,,233.44,209.18,202.97,219.43,208.86,194.59,193.5,190.99,185.8,,188.67,185.88,187.12,196.09,190.19,188.16,189.99,180.71,173.96,172.39,176.25,175.49,178.65,173.95,171.1,171.19,167.92,164.56,154.16,153.73,151.68,163.48,162.8,162.6,167.99,168.87,164.61,166.94,166.77,166.97,166.34,161.81,166.5,165.11,163.33,160.24,161.79,163.87,166.95,165.49,171.38,167.29,170.6,170.03,170.63,,183.49,180.86,182.4,185.46,181.71,190.06,191.28,191.91,192.12,195.31,199.15,199.61,196.77,205.85,199.16,190.03,188.34,186.37,188.95,185.48,183.09
QIA.DE,,,,35.23,36.61,35.545,35.355,35.435,36.225,36.0,35.4,35.43,34.97,35.305,34.445,34.115,32.705,32.95,31.335,29.445,29.09,,29.315,29.125,29.71,29.675,28.65,28.6,28.965,28.98,28.87,28.675,28.795,29.865,29.91,30.48,30.54,30.67,30.615,31.24,31.725,31.92,31.475,31.42,31.005,32.7,32.66,31.975,31.94,32.42,32.305,32.22,32.44,32.435,32.73,32.1,32.44,32.39,32.835,34.55,34.78,34.355,34.88,34.64,34.595,35.07,34.89,35.08,34.84,33.58,37.87,37.05,36.575,36.325,36.88,36.46,36.66,36.055,35.69,36.05,36.575,36.605,37.49,37.29,37.205,36.56,35.96,37.04,37.405,36.95,36.81,37.4,38.45,38.21,37.04,37.95,37.89,37.165,37.53,37.85,38.92,38.36,39.4,36.82,37.9,37.925,37.775,37.515,38.245,38.73,38.315,38.015,36.87,36.79,36.62,36.695,36.875,37.24,37.18,37.45,39.1,39.0,38.75,39.505,38.51,39.765,39.51,39.705,39.64,39.485,39.075,40.405,40.445,42.345
REGN,781.21,770.11,768.8,761.91,775.63,772.45,771.48,756.9,757.68,760.58,756.0,758.61,755.59,751.54,755.78,767.21,761.96,756.4,754.0,708.8,708.44,714.48,711.55,715.62,726.16,725.31,717.99,727.39,725.6,730.59,722.51,717.89,633.0,639.99,651.0,650.32,644.12,,648.5,638.06,631.73,624.47,614.0,604.63,625.0,633.89,640.82,638.95,628.9,619.26,618.1,616.55,615.95,617.6,620.0,616.24,,613.56,621.79,631.18,634.31,638.76,638.3,634.06,632.85,654.94,,657.96,677.92,670.35,669.16,676.66,665.6,663.1,669.1,680.29,691.13,681.74,678.67,676.8,655.2,667.5,678.12,696.74,702.6,740.0,764.75,772.75,763.54,782.59,780.95,785.99,809.09,813.63,801.36,815.8,806.54,813.18,821.02,844.92,840.82,847.0,834.7,839.94,831.67,817.62,809.4,802.78,824.63,854.49,859.34,841.54,,821.17,808.63,806.14,800.22,798.84,788.58,779.98,789.99,794.73,801.44,811.66,813.53,807.21,803.87,780.95,752.47,763.72,777.43,742.5,736.42,740.51
RHM.DE,,,,1584.0,1592.0,1562.2,1549.8,1506.2,1502.6,1529.4,1531.6,1532.8,1490.0,1493.6,1440.2,1421.2,1392.4,1365.4,1355.8,1383.4,1359.0,,1406.2,1450.0,1456.2,1430.2,1323.6,1233.4,1177.0,1170.6,1166.8,1179.2,1179.8,1235.0,1240.2,1237.8,1248.0,1245.6,1249.6,1256.8,1298.2,1304.8,1298.8,1220.0,1200.4,1209.2,1221.2,1220.0,1230.0,1216.4,1241.4,1238.0,1216.4,1195.0,1182.6,1197.8,1223.8,1233.8,1216.0,1080.4,959.4,950.6,979.4,1007.6,1056.8,1120.8,1121.0,1133.8,1146.0,1121.0,1079.0,1006.0,1015.2,989.5,983.2,977.8,990.0,998.0,1017.6,1023.2,1058.8,1038.6,1073.6,1100.8,1187.4,1155.6,1174.6,1191.8,1222.0,1233.8,1238.0,1209.0,1162.4,1161.2,1195.0,1198.0,1230.8,1234.0,1229.0,1220.6,1182.6,1158.0,1158.0,1128.4,1151.6,1185.4,1181.4,1157.0,1104.2,1100.0,1089.4,1071.6,1056.2,1060.0,1040.2,1022.6,1030.6,1012.6,1029.8,1045.0,1037.4,1034.2,1019.8,1015.2,1025.2,1017.0,994.6,989.0,974.4,974.8,967.0,972.4,982.9,987.1
RIO,71.61,71.59,,71.84,75.75,73.8,73.75,73.56,74.22,73.9,74.32,74.66,74.13,74.47,74.58,74.86,74.16,74.32,74.65,73.83,73.59,74.08,,73.89,77.49,78.34,77.69,79.51,80.058,82.75,82.7,80.46,78.08,76.52,76.75,78.05,78.03,,80.33,91.17,79.35,80.4,80.51,83.25,82.72,80.0,78.14,76.29,76.57,75.84,76.43,78.6,80.07,79.83,78.8,77.5,75.79,75.18,73.28,73.14,72.7,72.15,71.89,72.62,71.23,71.29,71.79,70.9,69.54,67.79,66.8,67.95,68.1,69.57,70.02,68.5,67.26,67.5,67.83,77.88,69.5,68.82,69.77,68.65,70.74,72.79,73.3,72.41,74.02,75.34,75.94,75.28,75.64,75.95,76.38,73.0,71.34,71.66,71.67,73.98,75.14,76.8039,77.45,77.44,78.06,76.88,77.38,,77.23,76.46,77.18,76.54,76.7,78.1,77.7,76.18,74.24,73.01,72.21,72.8017,73.36,73.65,73.6,72.75,73.0,72.28,71.89,70.82,72.12,72.79,70.9971,71.03,71.95,72.57
ROP,356.47,363.44,360.57,361.75,362.47,354.45,350.08,358.25,360.58,359.8,365.45,367.69,365.0,367.74,368.11,384.0,364.87,354.99,361.14,356.2,356.16,363.6,360.9,356.96,356.98,357.26,351.31,339.77,333.89,320.88,320.61,325.1,331.44,340.0,325.13,324.49,329.24,,324.53,325.43,321.57,326.46,347.08,340.66,335.16,341.31,336.93,336.2,338.18,339.1,335.42,337.64,338.11,338.89,339.66,332.04,,333.62,333.53,336.05,338.22,342.73,343.0,339.71,355.93,366.3,,366.66,375.99,362.86,356.78,361.05,363.39,354.98,355.02,364.99,369.07,366.65,360.99,352.07,369.15,371.28,380.81,401.24,410.26,398.29,393.64,403.71,393.2,399.25,397.63,404.26,405.77,404.51,397.41,400.13,403.02,396.98,400.82,410.76,412.63,413.54,418.75,418.0,416.72,423.99,428.13,427.16,426.22,423.06,429.6,419.21,,403.0,396.78,394.0,389.46,403.36,389.53,380.98,377.21,375.07,374.15,372.11,371.1,372.7,363.86,355.56,352.25,354.75,363.82,363.9,363.77,364.36
ROST,222.03,221.16,221.37,220.61,224.6,226.64,224.84,221.96,223.6,225.21,224.91,228.71,230.44,229.68,228.61,229.07,227.04,227.36,227.94,227.08,229.08,229.87,228.73,229.01,229.59,231.16,227.03,226.41,217.99,217.0,215.18,214.78,216.04,214.05,220.78,218.95,235.8,,236.29,237.41,233.06,233.82,229.56,224.71,233.04,235.48,235.25,231.89,230.19,233.76,240.51,242.81,241.02,238.31,237.31,236.93,,240.94,234.99,231.21,230.0,216.63,213.54,213.12,213.5,214.29,,214.17,218.41,218.95,222.12,223.7,225.92,221.25,227.77,233.73,237.06,236.08,237.64,239.04,237.47,240.03,244.22,252.09,255.3,252.75,252.82,257.0,253.5,254.42,254.85,255.98,256.45,255.6,251.97,249.17,247.05,244.89,239.94,239.67,232.94,243.86,241.85,242.16,242.5,235.44,232.67,230.02,229.86,232.77,232.53,233.45,,230.53,228.66,228.42,230.97,231.85,230.99,227.64,231.44,230.24,233.27,234.81,236.34,237.0,236.92,239.73,236.24,235.75,235.73,236.0,231.25,226.95
RTX,196.64,197.44,198.63,198.15,203.8,205.36,202.82,202.99,204.32,203.0,199.94,199.94,198.39,196.62,188.74,182.64,177.78,176.99,175.79,176.27,176.65,176.99,175.87,174.15,178.09,177.39,177.09,179.93,179.92,179.44,178.9,175.98,176.09,177.0,176.16,177.18,177.6,,179.21,178.8,181.55,180.1,178.69,175.75,176.42,180.42,182.53,182.3,182.78,183.0,184.4,184.87,186.46,186.85,193.46,194.17,,185.71,186.72,187.44,189.66,190.49,189.88,190.1,191.82,199.7,,202.55,203.94,200.41,195.83,196.69,197.69,198.5,196.28,196.72,198.44,197.54,197.14,197.35,213.49,214.89,220.39,221.34,220.57,214.64,215.82,218.13,218.6,222.82,225.65,224.31,226.88,225.34,223.55,224.0,223.07,224.61,226.09,226.41,220.49,213.52,210.89,210.65,213.1,212.52,213.5,211.24,211.31,206.88,202.67,201.64,,201.75,199.56,198.86,200.38,196.5,197.21,197.67,197.5,194.0,195.19,194.87,195.07,193.27,189.58,189.59,189.38,187.54,186.74,185.82,185.24,184.6
RWE.DE,,,,59.26,59.26,59.26,59.36,59.38,59.3,59.12,59.24,57.5,57.86,58.84,60.24,60.6,60.7,61.18,61.86,61.48,62.0,,60.6,60.5,60.4,59.1,58.98,59.74,59.48,58.62,57.42,56.68,56.58,56.9,56.98,56.6,57.18,57.48,57.72,56.84,55.62,55.02,55.86,55.74,57.34,57.0,56.56,56.92,56.76,56.66,57.6,57.56,57.18,56.56,55.12,55.34,55.46,56.14,56.22,56.04,56.0,55.38,56.0,56.84,56.74,56.9,58.04,57.82,58.0,57.64,56.8,56.7,56.58,57.5,57.5,56.62,56.3,58.3,58.8,59.68,59.56,59.22,58.88,57.96,58.08,56.74,57.92,57.04,57.62,57.34,56.9,57.1,57.36,57.52,58.42,59.72,59.8,59.76,59.06,58.48,57.98,58.48,57.26,58.58,58.3,58.16,59.32,59.14,60.3,58.96,58.58,58.62,59.94,59.62,60.76,61.54,60.5,59.7,58.62,59.94,60.96,60.78,60.62,60.92,60.96,60.04,60.06,60.6,59.48,60.0,59.36,59.34,59.24,59.16
RY,164.19,163.69,164.93,165.6,169.95,171.32,172.51,173.67,174.93,176.02,175.99,179.7,180.09,180.81,178.29,175.67,176.19,176.67,177.85,177.64,180.22,180.9,178.91,179.71,182.15,182.73,181.85,182.1,182.34,183.13,183.87,183.46,185.16,185.34,187.63,189.62,190.36,,191.51,190.97,190.13,190.8,190.5,191.36,192.03,195.4,195.53,196.53,198.57,200.05,199.77,201.74,201.65,201.24,202.9,202.6,,203.29,203.01,203.55,204.82,204.25,204.98,207.22,209.37,209.35,,208.05,209.64,209.09,209.01,211.39,212.36,214.48,217.87,218.57,217.52,215.9,211.56,212.53,209.81,210.15,209.8,212.68,211.92,210.71,211.15,210.93,210.9,212.3,212.65,212.68,213.11,213.0,213.54,215.71,216.7,218.11,216.07,214.55,207.65,207.8,205.95,207.67,208.5,207.71,206.4,205.91,204.78,208.02,212.37,211.98,,210.78,208.0,207.48,208.0,206.38,205.0,205.48,204.99,203.74,206.42,206.66,203.6,200.13,202.31,202.64,200.78,199.82,195.9,196.55,195.91,197.13
SAN,,,,10.04,10.622,10.482,10.59,10.408,10.696,10.706,10.702,11.07,10.878,10.852,10.72,10.474,10.288,10.378,10.444,10.542,10.38,,10.42,10.174,10.794,10.72,10.562,10.526,10.304,10.326,10.33,10.182,10.29,10.308,10.632,10.63,10.572,10.852,10.84,10.948,10.808,10.838,10.786,10.778,10.754,10.758,10.878,10.762,10.812,10.65,10.62,11.026,11.496,11.634,11.908,11.948,11.99,12.054,12.05,11.996,11.916,11.898,11.93,12.084,12.12,12.41,12.456,12.522,12.594,12.34,12.11,12.208,12.184,12.102,12.036,12.06,11.868,11.864,11.906,12.21,12.196,11.98,12.4,12.372,12.302,12.266,12.45,12.566,12.696,12.798,13.032,12.988,12.886,12.958,12.996,13.12,12.938,12.902,12.716,12.446,12.322,12.632,12.744,12.818,12.778,12.772,12.738,12.814,12.67,12.772,12.904,12.918,12.904,12.938,12.82,12.81,12.894,12.878,12.798,12.816,12.98,12.98,12.768,12.928,12.82,12.664,12.702,12.634,12.77,12.69,12.248,11.942,12.4,12.59
SAP.DE,,,,150.1,154.66,147.54,142.14,142.5,145.5,146.7,152.86,159.4,153.16,153.46,152.32,147.04,150.94,150.72,150.06,150.24,147.56,,149.1,150.76,156.44,153.16,150.06,148.62,145.26,142.4,141.22,146.08,149.12,159.64,154.98,154.2,154.84,154.64,154.58,152.0,153.16,156.34,168.84,173.24,165.54,165.56,168.74,161.08,157.94,154.32,148.54,143.38,146.64,145.92,143.72,140.5,136.72,133.7,136.26,136.1,134.16,135.42,138.54,136.42,141.08,142.16,141.92,142.72,145.1,142.82,138.12,140.6,140.86,140.54,139.44,138.24,141.54,140.04,137.84,136.4,132.42,141.32,151.56,159.76,163.3,163.16,158.26,168.7,168.56,172.6,173.1,179.56,179.96,183.24,180.98,178.3,185.74,180.9,183.9,186.98,186.1,188.4,188.16,187.62,182.16,190.8,191.94,192.12,187.86,184.7,187.56,189.9,184.3,183.76,187.04,180.4,178.84,186.76,187.26,186.76,189.2,187.26,185.86,187.48,187.8,185.5,185.92,186.76,186.34,186.2,190.26,188.74,188.5,190.22
SB=F,15.44,15.5,15.15,15.07,14.51,14.3,14.06,13.97,13.95,14.03,13.77,13.74,13.54,13.59,13.66,13.73,13.96,14.15,14.16,14.75,14.77,15.01,15.33,15.49,15.35,14.82,14.75,14.99,15.22,15.41,15.42,15.07,14.95,15.13,15.15,15.05,14.91,,14.65,14.49,14.21,14.35,14.58,14.47,14.64,14.45,14.5,14.36,14.23,14.1,14.02,13.97,13.9,13.86,14.0,13.97,,13.69,13.5,13.5,13.6,14.09,14.41,14.43,15.25,15.17,,15.24,15.29,15.39,15.2,15.14,14.98,15.0,14.99,14.86,14.94,14.94,14.97,14.94,14.9,14.79,14.75,14.7,14.79,14.63,14.78,15.06,15.33,15.28,15.6,16.5,16.63,16.75,17.11,16.84,16.85,16.96,17.59,17.66,18.26,17.89,17.69,17.74,17.84,18.22,18.66,17.9,18.41,18.77,18.67,18.48,,18.45,18.47,18.88,18.84,18.39,18.3,18.18,18.05,17.62,17.69,17.63,17.92,18.02,17.71,17.83,17.99,18.01,19.05,19.96,20.81,20.95
SBUX,91.03,91.22,94.82,95.35,98.13,97.91,97.28,97.67,99.0,99.18,99.15,101.43,99.73,99.16,99.66,100.81,99.51,99.5,98.68,107.27,105.95,107.52,106.68,106.07,107.55,106.1,105.43,108.04,107.16,108.05,108.88,107.88,108.11,107.56,107.46,106.16,104.3,,103.97,102.77,102.25,100.91,98.34,97.9,98.2,98.24,95.99,95.77,98.44,99.56,102.56,103.69,103.61,102.56,101.81,101.52,,101.8,101.33,104.66,104.29,104.92,104.96,104.58,103.76,105.75,,104.45,105.75,104.3,107.45,107.56,108.24,108.48,107.41,108.71,109.23,106.65,105.49,105.72,103.44,105.16,105.63,106.07,104.91,108.46,108.16,108.36,105.66,106.42,106.29,106.85,105.91,106.89,108.57,110.51,108.82,108.33,109.23,108.24,105.74,107.41,107.81,107.14,108.58,108.74,108.7,107.73,107.18,107.9,107.57,106.3,,104.76,101.08,101.67,100.41,99.88,98.9,98.34,98.68,96.56,96.44,96.08,95.5,94.5,94.92,96.2,95.89,95.89,94.99,95.29,95.0,96.73
SCCO,177.3471,175.2338,174.9207,172.7879,185.8882,185.7708,192.1301,192.2573,194.6249,190.1929,188.9993,191.7583,188.6667,188.7841,185.8588,190.5647,180.4387,177.9635,171.3204,167.8081,170.117,168.8941,166.1253,169.8529,181.5736,184.0293,184.3521,187.8644,187.8351,192.6186,188.2708,177.5198,176.4032,169.8123,173.1126,179.6739,178.6858,,187.747,186.9565,193.5672,192.1443,195.3063,200.7806,197.5791,192.668,184.8419,174.585,176.8972,171.4526,180.2075,188.2115,199.4269,196.2154,200.5929,191.8182,,189.6838,180.8004,173.0435,176.1364,175.4447,168.9526,172.8755,171.3142,173.8044,,174.2885,169.4664,166.581,173.4288,175.0198,177.6285,182.8063,182.5593,178.0138,175.2273,175.6818,185.8597,194.1008,189.9704,180.9684,178.0731,177.8656,179.2292,183.4783,182.4506,184.7925,195.0099,199.4466,193.9624,198.9427,202.3123,198.47,199.36,194.2,189.17,193.75,190.45,198.45,199.8,217.16,220.78,219.84,220.39,219.8,217.56,213.04,209.6,209.14,209.9,201.1,,213.02,213.83,198.18,199.44,190.27,190.95,194.0,197.93,196.94,198.98,208.0,202.69,203.2,204.63,203.5,205.41,211.08,202.95,206.99,207.63,207.02
SCHW,95.44,94.02,94.75,93.73,96.78,97.98,97.25,96.85,99.06,100.76,98.75,93.93,93.59,94.16,93.0,91.6,89.86,91.12,91.9,91.49,92.53,92.86,92.72,92.89,92.75,92.43,89.7,88.87,90.39,91.78,92.17,92.87,93.43,92.93,92.56,90.7,91.39,,90.42,89.26,85.62,87.48,89.2,88.62,87.56,88.5,88.94,88.92,88.92,90.25,89.94,92.21,92.39,93.7,94.83,94.79,,92.69,93.3,92.9,92.6,90.67,91.6,94.17,96.07,97.45,,101.17,102.54,103.07,103.44,103.57,103.97,103.36,103.4,103.8,102.81,103.09,104.48,101.34,102.71,102.0,104.29,106.29,106.73,104.82,105.69,106.81,106.76,108.55,109.05,107.63,109.32,108.4,109.66,110.2,111.18,111.64,112.2,112.08,111.86,112.4,114.53,113.38,110.32,109.53,111.01,110.32,109.8,109.9,110.72,110.4,,109.32,107.83,107.65,108.37,108.0,109.56,107.59,105.39,105.7,107.41,106.51,101.34,100.0,100.61,99.01,99.13,99.02,98.5,98.55,98.02,98.78
SHEL,35.635,35.85,,35.895,34.01,34.68,34.49,34.923,34.675,33.89,33.905,33.945,32.955,32.905,33.165,33.335,33.47,33.385,33.43,33.08,33.3453,33.42,,33.375,33.025,31.83,31.155,31.385,31.845,31.765,31.56,31.945,32.895,33.095,33.11,32.69,32.4,,32.225,31.67,31.58,31.47,34.2,32.15,32.785,37.585,32.42,32.795,32.375,32.43,33.0,32.24,31.385,30.81,30.535,32.17,30.11,33.225,30.12,30.075,29.42,29.16,29.215,29.33,29.25,30.49,29.22,29.145,30.215,30.83,30.695,30.52,31.12,31.73,31.87,31.675,32.55,32.75,32.54,33.22,33.595,33.3,32.84,32.765,33.31,33.85,34.095,34.055,34.21,33.475,33.15,33.3,33.105,33.56,33.53,33.25,33.31,33.455,34.045,34.255,34.59,34.495,34.23,34.085,33.77,33.625,33.4453,,34.335,34.73,34.49,34.505,35.01,35.255,35.455,35.805,35.71,36.12,36.525,36.635,35.945,35.59,35.42,35.235,35.82,36.5108,36.34,36.815,36.53,35.935,35.965,36.251,36.375,36.63
SHL.DE,,,,36.29,38.24,37.82,38.42,37.86,38.32,38.75,38.73,39.46,38.5,38.8,37.78,36.86,35.93,35.74,35.58,35.27,34.88,,35.28,35.3,36.59,34.75,33.89,33.99,34.0,33.94,34.46,34.2,33.87,34.27,34.43,34.78,35.01,35.16,35.12,35.6,35.0,35.25,35.01,34.74,33.95,34.83,35.15,34.63,35.13,35.44,34.99,35.15,35.55,35.39,35.55,34.65,34.64,34.62,34.78,34.82,34.73,34.8,34.4,34.45,34.58,35.01,35.04,35.53,35.68,35.03,34.59,34.87,35.71,35.41,34.92,35.33,35.69,35.54,35.04,35.13,34.46,35.06,35.87,36.25,37.67,37.5,38.1,39.45,39.47,39.6,39.62,39.74,39.51,39.76,39.75,39.34,39.67,39.24,39.6,40.1,40.09,40.23,40.7,40.32,39.63,39.32,39.71,39.64,39.6,39.53,39.72,39.41,38.76,39.03,38.94,38.88,38.78,39.26,39.26,39.04,38.79,38.63,38.02,38.5,37.64,37.42,38.01,39.27,39.4,39.22,38.08,38.13,37.84,38.6
SHOP,120.87,119.7,121.14,117.85,126.5,120.61,113.9,115.68,119.115,127.7,130.69,133.32,135.33,137.3,133.77,130.3,126.46,126.228,127.31,122.033,122.58,127.92,129.39,118.98,109.63,111.91,110.84,108.42,103.19,98.83,97.96,101.45,103.33,104.9,105.12,106.42,107.85,,105.1,109.1,115.25,119.84,124.625,121.53,115.26,117.77,115.9,114.88,116.96,110.25,110.57,111.03,115.315,114.58,114.07,109.66,,111.58,110.02,114.49,115.69,117.87,120.62,116.0,123.7,121.3,,121.54,125.94,120.94,123.22,130.75,126.7,126.11,127.59,127.89,124.6,128.26,124.29,123.425,117.91,114.6,126.91,133.99,133.73,126.61,122.25,121.75,123.695,153.88,148.09,152.85,155.62,155.0,153.471,158.73,158.87,153.3,150.51,149.78,148.39,149.46,151.63,154.66,153.8,155.69,156.49,151.28,145.545,142.055,146.37,149.43,,141.8,138.22,128.99,131.97,134.74,133.24,132.685,130.8,129.4,138.03,150.18,151.29,145.96,144.974,144.05,149.34,151.725,152.64,153.01,162.99,166.28
SHW,331.1,324.16,318.14,316.0,338.12,339.32,337.25,336.49,336.28,334.55,338.9,350.59,344.98,345.41,342.48,338.05,338.58,343.43,344.05,321.45,323.73,324.91,318.92,313.33,327.06,328.99,323.98,317.65,313.56,310.57,310.97,308.25,308.16,301.23,308.08,311.99,312.59,,314.45,315.56,308.75,309.15,303.69,295.57,302.03,303.0,308.0,304.43,310.7,310.59,317.15,323.57,327.33,326.0,324.09,322.5,,322.29,329.88,337.71,344.0,345.77,344.56,345.99,351.98,352.48,,353.61,353.67,335.0,333.95,337.2,335.35,334.9,335.51,339.23,343.69,333.34,324.35,322.79,315.79,320.14,329.77,357.27,352.0,346.57,343.18,354.33,364.49,369.76,371.53,372.16,368.32,367.93,367.45,363.95,361.58,356.69,352.19,356.88,349.96,350.02,350.39,352.53,355.51,347.48,348.78,342.39,337.91,335.83,336.07,333.95,,332.34,326.48,320.0,324.91,327.39,325.55,327.43,328.44,321.39,326.0,329.48,327.92,326.2,330.13,333.31,336.54,331.26,321.67,326.31,320.54,322.85
SI=F,75.867,73.715,72.661,71.895,77.45,76.277,76.65,75.523,79.59,80.35,79.175,82.83,79.951,78.95,77.893,76.325,76.383,75.335,73.205,73.815,73.85,76.88,75.4,73.945,77.835,82.175,81.6,86.25,86.91,88.888,87.075,80.61,78.055,78.465,76.425,76.87,76.04,,77.505,74.75,76.0,75.616,75.645,76.025,73.476,74.2,72.73,68.81,68.815,64.599,63.985,68.08,,69.899,70.95,,,65.527,62.02,59.515,58.385,59.217,59.125,60.4,60.42,61.595,,62.62,61.37,60.905,60.5,60.345,59.045,59.605,58.695,56.085,56.038,57.105,59.025,60.019,58.66,58.656,58.472,57.296,57.863,59.25,59.2,57.8,60.056,62.45,61.91,65.05,65.106,64.865,66.65,64.873,,66.121,65.25,66.85,68.95,69.85,69.35,69.505,69.31,69.429,71.16,67.185,66.715,65.05,67.3,66.54,,66.297,68.105,64.41,64.554,63.7,63.64,64.535,65.47,66.94,66.665,65.932,66.22,63.635,64.245,61.385,61.2,60.82,61.05,61.555,61.615,61.375
SIE.DE,,,,215.55,233.9,229.85,234.4,229.65,239.15,239.6,241.4,250.15,244.7,246.5,247.9,244.15,243.35,255.65,256.15,251.8,252.55,,256.2,260.9,271.8,272.2,266.95,268.85,267.65,271.4,276.45,269.1,264.9,265.25,267.45,267.85,270.05,277.7,276.2,279.6,275.9,273.4,275.5,280.2,277.05,276.95,272.4,268.35,271.05,265.05,262.15,269.7,273.45,275.95,275.75,277.65,278.35,279.8,274.8,273.5,276.15,274.2,270.0,282.55,281.15,279.8,284.65,283.7,280.35,268.45,273.95,274.7,272.5,274.55,273.5,274.1,265.35,268.05,270.5,273.0,271.1,272.55,277.4,273.4,274.3,283.2,287.0,286.45,289.6,291.5,275.35,282.15,280.75,281.6,283.15,284.95,284.8,286.55,281.3,279.45,277.7,281.9,282.15,287.5,290.9,289.35,291.7,289.7,284.1,276.5,274.2,273.55,273.1,272.85,270.7,266.15,265.45,261.8,261.95,262.6,268.15,268.65,273.9,277.15,276.25,278.35,281.15,281.7,286.3,284.4,278.05,277.85,276.3,280.05
SKHY,905000.0,914000.0,901500.0,933000.0,1056000.0,1025000.0,1042000.0,1043000.0,1128000.0,1173000.0,1161000.0,1155000.0,1175000.0,1228000.0,1233000.0,1267000.0,1242000.0,1317000.0,1328000.0,1317000.0,1325000.0,,1450000.0,,1614000.0,1665000.0,1689000.0,1949000.0,1967000.0,1990000.0,1994000.0,1995000.0,1897000.0,1823000.0,1778000.0,1954000.0,1952000.0,,2087000.0,2358000.0,2305000.0,2379000.0,2398000.0,2407000.0,,2327000.0,2188000.0,2072000.0,2226000.0,2180000.0,2163000.0,2304000.0,2322000.0,2400000.0,2523000.0,2738000.0,2891000.0,2945000.0,2943000.0,2703000.0,2987000.0,2880000.0,2688000.0,2742000.0,2723000.0,2448000.0,2454000.0,2497000.0,2343000.0,2329000.0,2270000.0,2305000.0,2142000.0,1936000.0,2171000.0,1919000.0,,1892000.0,1889000.0,2006000.0,1948000.0,1894000.0,1821000.0,1674000.0,1619000.0,1459000.0,1718000.0,1645000.0,1630000.0,1701000.0,1606000.0,1542000.0,1487000.0,1455000.0,1549000.0,1634000.0,1697000.0,,1792000.0,1559000.0,1720000.0,1773000.0,1792000.0,1687000.0,1735000.0,1788000.0,1725000.0,1674000.0,1713000.0,1661000.0,1649000.0,1683000.0,1783000.0,1889000.0,1883000.0,1890000.0,1827000.0,1740000.0,1729000.0,1760000.0,1785000.0,1857000.0,1888000.0,1935000.0,1900000.0,,,1840000.0,1788000.0,1824000.0,1833000.0,1855000.0,,1837000.0
SMFG,2737.5,2778.0,2722.0,2740.0,2852.5,2838.0,2801.0,2820.5,2815.0,2849.5,2869.0,2831.0,2820.0,2795.0,2741.5,2714.0,2694.5,2710.5,2833.5,,2804.5,2781.0,,,,2865.0,2802.5,2834.5,2897.5,2944.5,2902.0,2907.0,2908.5,2987.0,3054.5,3091.5,3041.5,3043.0,3042.0,3015.0,2969.5,2972.0,2969.5,2975.5,3078.0,3109.0,3204.0,3092.5,3127.0,3192.5,3116.5,3219.5,3362.5,3240.5,3289.0,3366.5,3355.5,3326.5,3318.5,3258.5,3215.5,3207.5,3224.5,3218.0,3237.0,3318.0,3342.5,3407.5,3485.0,3456.5,3408.0,3459.0,3514.5,3500.0,3568.5,3558.0,3515.0,,3485.5,3573.5,3606.0,3590.5,3630.0,3570.5,3466.0,3393.5,3455.5,3354.5,3316.0,3335.0,3411.5,3420.0,3382.0,,3435.5,3490.0,3517.5,3512.5,3502.0,3350.0,3294.5,3314.5,3330.0,3324.0,3384.0,3415.0,3468.5,3502.0,3521.5,3505.0,3587.5,3590.5,3547.0,3522.5,3476.5,3470.5,3472.5,3515.5,3497.5,3487.0,3480.0,3445.5,,,,3387.5,3459.5,3524.5,3447.0,3485.0,3443.0,3369.0,3374.0,3429.0
SNDK,710.85,707.31,736.0,738.006,807.988,855.0,873.95,953.41,965.0,937.99,929.5,930.5,951.47,938.78,981.061,978.88,1002.09,1070.66,1054.22,1103.0,1115.0,1189.24,1275.11,1418.88,1439.7,1400.99,1564.0,1600.0,1508.3199,1513.5699,1453.77,1426.3781,1440.0,1392.86,1444.0,1546.09,1528.0,,1641.74,1658.77,1697.96,1708.825,1804.0,1772.4,1861.0,1825.9,1682.0,1694.988,1803.0,1764.65,1895.0,2021.65,2119.8999,2167.3301,2074.5901,2191.6899,,2354.3899,2060.0,2021.5,2347.999,2256.1101,2090.71,2280.8,2129.98,2052.54,,1837.77,1638.88,1734.6899,1952.59,1946.835,1800.0,1812.54,1729.5,1551.629,1501.2,1454.99,1595.639,1628.4,1696.37,1573.09,1462.99,1188.0,1124.8,1285.48,1404.99,1316.45,1446.623,1441.7581,1324.0,1309.53,1278.755,1287.04,1389.28,1580.88,1667.1899,1827.99,1724.99,1699.0,1631.4,1614.0601,1517.0,1564.986,1511.77,1557.89,1517.75,1572.6899,1609.605,1587.859,1576.8,1740.0,,1807.38,1807.22,1733.95,1720.7,1581.84,1579.99,1560.58,1625.355,1797.0,1834.49,1909.48,1902.22,1802.99,1815.0,1762.0,1749.78,1756.0,1802.0,1774.23,1743.24,1716.5
SNOW,155.44,155.585,153.1,151.0,157.84,150.35,132.91,134.6,140.0,144.73,151.48,147.2,151.688,155.499,156.7,148.51,143.48,146.105,146.38,142.36,141.255,144.56,149.14,146.895,140.63,157.0,152.7,154.85,154.0,154.89,152.94,159.83,165.28,176.98,169.149,165.74,173.5,,181.27,179.1,244.92,256.21,284.99,269.8,263.64,253.005,247.55,247.19,246.0,248.64,243.83,242.8,244.63,246.77,241.3,233.758,,241.68,233.48,234.33,232.04,250.0,254.85,255.0,263.08,264.96,,266.0,270.954,263.97,267.914,274.93,274.0,278.8,279.19,275.29,274.25,277.22,279.49,271.0,277.515,270.79,278.43,277.21,293.56,298.23,304.17,315.42,321.31,323.1,321.82,331.4,340.5,338.04,341.95,339.75,339.75,334.45,334.0,326.0,325.0,333.275,332.15,325.85,317.5,333.5,334.8,332.65,328.76,319.25,384.56,356.83,,341.138,339.59,341.45,333.48,336.485,328.66,338.0,344.66,340.31,339.53,346.791,348.61,337.645,347.22,333.72,333.41,348.28,344.42,347.2,343.0,349.0
SNPS,403.47,401.07,398.61,398.12,415.16,411.0,403.92,418.42,430.14,439.88,449.62,459.02,463.16,480.25,478.72,467.31,502.28,500.99,498.0,481.62,483.68,497.94,500.25,512.54,507.34,517.0,519.11,519.71,517.17,514.74,513.65,509.0,501.83,501.0,499.23,504.73,534.11,,539.48,534.62,526.09,484.5,494.25,508.72,504.12,500.35,488.95,478.51,487.55,472.44,464.38,461.09,463.5,455.5,478.52,466.06,,469.4,479.8,473.17,465.55,458.03,460.32,449.57,464.46,453.48,,443.38,451.59,436.54,443.49,447.89,453.91,434.54,432.35,425.64,402.72,385.18,391.03,390.06,378.92,379.84,395.85,402.26,387.65,381.05,389.64,396.08,404.33,412.0,409.9,416.44,421.37,412.34,418.38,416.91,423.95,425.78,412.85,408.23,401.42,401.98,395.99,410.93,419.6,464.98,462.45,445.86,430.88,418.73,419.84,418.12,,405.8,398.41,401.47,400.83,395.0,381.48,379.94,386.68,386.27,404.06,412.64,420.88,425.97,445.92,427.51,418.0,445.57,496.95,500.03,508.38,507.5
SNY,,,,83.42,82.6,81.52,81.6,79.91,81.02,82.39,81.77,82.2,82.03,82.31,81.22,84.04,81.64,80.19,79.49,78.87,80.09,,80.56,74.96,74.84,74.86,73.35,74.07,73.36,73.5,73.36,74.4,74.82,75.45,77.4,77.85,78.02,77.67,77.53,77.365,76.42,76.93,75.31,74.28,73.78,76.77,78.43,78.26,77.54,77.49,76.73,76.89,76.9,76.12,75.74,75.0,75.4,74.06,74.575,74.39,73.79,75.07,76.1,76.2,75.34,75.93,75.83,77.11,76.01,75.88,77.17,77.11,77.49,76.91,76.26,76.94,78.42,77.57,77.34,78.31,76.83,76.3,78.16,80.16,80.18,79.26,75.26,75.89,74.84,75.28,75.39,75.91,75.82,76.32,75.91,76.53,76.3,76.66,78.2,78.94,78.67,79.07,78.88,78.9,79.36,78.07,77.87,77.8,78.15,78.1,77.89,76.65,76.19,75.99,74.73,74.41,74.02,75.96,75.12,74.67,75.26,75.34,74.7,74.39,74.77,73.56,72.1,72.75,72.4,72.87,75.3,72.4,71.92,71.68
SO,97.14,97.84,97.94,97.96,97.19,98.49,98.2,97.38,96.11,95.59,95.27,94.72,94.9,93.73,93.11,93.96,94.1,94.58,95.01,94.41,96.71,97.4,97.25,96.87,95.67,93.51,93.0,93.53,93.83,93.18,93.69,93.92,93.97,94.95,94.66,94.41,94.8,,94.8,94.6,94.25,92.6,91.56,90.64,92.41,91.93,93.57,92.78,93.36,94.5,95.06,94.68,94.75,95.29,94.64,94.26,,94.09,95.11,95.92,96.87,97.22,97.52,96.65,96.02,97.98,,97.73,99.26,97.62,96.68,95.93,96.95,97.25,96.4,96.14,98.34,96.38,94.44,95.85,96.67,97.95,98.06,98.86,97.65,97.31,95.27,95.31,93.54,94.44,94.21,93.59,93.01,92.09,92.59,93.01,93.39,92.64,93.48,92.92,92.65,91.65,90.47,90.54,90.58,89.41,89.57,88.22,88.78,88.51,89.29,88.94,,89.34,89.19,89.05,88.65,87.97,87.22,86.83,86.79,86.35,86.15,85.94,84.9,83.98,83.01,83.07,83.65,83.98,83.61,84.31,84.39,85.52
SONY,3386.0,3412.0,3345.0,3350.0,3452.0,3392.0,3384.0,3274.0,3319.0,3370.0,3447.0,3445.0,3449.0,3384.0,3350.0,3332.0,3288.0,3202.0,3250.0,,3233.0,3142.0,,,,3177.0,3359.0,3477.0,3532.0,3728.0,3542.0,3647.0,3697.0,3722.0,3677.0,3600.0,3552.0,3606.0,3652.0,3525.0,3494.0,3496.0,3604.0,3672.0,3658.0,3606.0,3633.0,3555.0,3531.0,3446.0,3398.0,3363.0,3350.0,3296.0,3314.0,3304.0,3203.0,3207.0,3184.0,3267.0,3258.0,3199.0,3308.0,3319.0,3340.0,3400.0,3497.0,3422.0,3516.0,3549.0,3432.0,3410.0,3384.0,3424.0,3390.0,3450.0,3510.0,,3522.0,3467.0,3452.0,3433.0,3574.0,3664.0,3810.0,3862.0,3964.0,3683.0,3627.0,3642.0,3663.0,3758.0,3801.0,,3809.0,3759.0,3912.0,3889.0,3758.0,3753.0,3813.0,3785.0,3880.0,3882.0,3907.0,3919.0,3968.0,4041.0,4070.0,4025.0,3954.0,3913.0,3856.0,3768.0,3663.0,3640.0,3647.0,3788.0,3834.0,3782.0,3766.0,3747.0,,,,3714.0,3745.0,3729.0,3749.0,3795.0,3787.0,3789.0,3785.0,3776.0
SPCX,,,,,,,,,,,,,,,,,,,,,,,,,,,,,,,,,,,,,,,,,,,,,,,,,,,,176.52,193.0,225.64,213.8,190.0,,176.75,165.5,159.86,160.65,158.4,166.17,172.4,171.74,162.16,,167.9,159.3,152.93,153.5,150.57,144.92,143.33,139.34,137.76,130.33,125.7,129.88,124.77,118.55,117.0,114.85,118.13,117.59,118.93,113.64,114.92,126.71,117.5,115.75,133.48,139.26,139.98,149.6,145.05,144.02,149.8,146.46,145.01,137.88,137.35,138.33,139.75,140.18,142.06,143.29,144.14,145.23,143.1,152.3,150.85,,155.0,153.0,154.7,151.85,152.56,148.55,153.01,156.87,156.6,158.13,154.94,154.26,149.0,149.67,150.8,150.06,152.58,153.78,159.84,172.47,176.42
SPG,188.8,189.25,190.62,191.08,195.22,199.63,200.63,200.76,203.05,202.52,203.29,206.73,208.2,208.28,205.66,204.58,203.68,202.05,204.0,203.18,203.95,203.82,202.74,203.45,206.24,206.02,203.74,203.39,206.46,205.29,203.26,202.28,201.53,202.19,204.36,205.53,206.31,,207.15,208.79,207.54,206.99,204.8,205.39,205.19,206.52,211.23,211.68,213.08,214.63,216.28,220.44,219.87,217.48,215.81,214.3,,214.67,217.71,222.4,226.44,228.58,228.09,226.28,223.17,226.12,,225.86,229.59,226.84,222.25,221.41,221.62,222.0,224.14,228.61,231.53,230.88,230.0,227.8,227.79,229.85,231.73,237.89,238.5,235.27,231.87,231.42,228.5,226.29,226.61,223.08,223.42,223.53,221.48,223.63,222.39,221.73,223.3,223.66,223.01,220.29,221.72,221.33,219.24,216.22,216.65,215.15,213.78,212.68,211.77,212.9,,212.56,210.44,206.75,206.24,207.32,205.54,205.76,206.06,205.55,206.38,206.19,205.64,205.6,205.7,205.57,206.2,204.39,201.58,202.89,202.52,203.32
SPGI,404.5979,410.1514,412.1854,413.4059,418.1646,411.8165,401.1069,407.0009,411.8165,411.5421,416.6982,421.2393,419.754,429.1485,432.0719,423.1599,417.8335,416.1022,429.4702,411.561,410.6623,415.2129,408.07,407.1902,403.9167,409.7256,404.4087,399.9054,406.9347,397.4172,391.2677,389.3756,396.9631,399.7162,394.7304,394.9101,398.8647,,394.1911,396.4522,398.4768,405.3548,407.6727,404.0492,393.86,402.9328,404.2006,400.8799,403.6613,407.0672,403.0274,397.3321,406.2346,412.8382,410.6717,395.4588,,389.4986,392.6206,383.1315,390.7285,393.6046,391.8543,390.2649,419.76,440.01,,447.7,450.32,442.91,433.34,440.61,439.71,439.75,450.62,457.55,462.02,453.07,441.23,435.72,425.48,427.67,442.99,435.96,424.3,418.95,417.29,421.99,418.81,421.18,411.32,413.2,412.71,412.46,411.25,424.34,423.22,419.76,422.97,433.55,433.83,435.26,439.02,434.41,439.2,444.82,444.56,442.02,454.92,441.62,450.66,444.32,,442.53,431.64,420.2,416.38,423.32,416.6,415.53,408.99,408.08,410.99,409.99,410.0,409.89,405.57,400.65,394.92,399.23,400.8,388.5,391.3,398.88
SPOT,485.15,491.165,488.95,488.87,497.88,491.94,497.9,504.45,517.77,537.8,543.69,539.405,539.95,541.99,527.0,523.0,521.0,518.05,448.8,451.0,448.59,453.48,444.178,438.475,426.71,437.62,427.48,428.0,441.0,437.645,440.87,446.71,454.281,449.64,439.77,510.66,534.0,,534.0,530.13,527.74,519.67,513.4,506.71,503.437,507.26,501.15,515.2,506.55,513.0,500.45,489.1,490.27,481.015,467.5,472.72,,467.74,469.65,463.57,454.0,467.08,475.64,466.5,480.92,489.94,,486.0,495.76,491.015,486.28,493.39,491.99,486.63,492.33,490.99,479.43,496.185,495.96,493.21,475.5,487.56,498.82,513.98,528.09,522.905,520.0,512.31,505.32,508.0,494.56,494.26,516.94,515.7,501.86,499.52,521.78,515.74,526.387,541.87,544.89,540.22,539.94,554.25,554.97,545.13,553.29,554.145,553.0,564.82,576.0,563.645,,538.867,533.8,530.37,531.315,560.99,561.82,564.89,553.77,527.57,520.49,523.05,513.3,512.46,514.6,507.03,501.0,497.0,496.33,492.505,484.2,492.07
SRT3.DE,,,,212.9,225.3,220.0,220.9,216.6,230.5,231.9,231.6,243.0,239.7,256.4,243.8,238.3,222.2,224.0,220.5,211.9,218.9,,220.6,224.9,232.6,227.5,221.0,218.8,219.4,217.0,214.7,210.7,220.5,222.0,228.0,237.0,238.8,236.9,234.6,241.4,241.1,249.8,246.4,251.8,244.0,250.5,247.9,241.1,242.6,242.8,239.0,239.8,242.3,234.5,234.4,225.5,219.2,219.0,217.0,221.1,232.0,230.7,230.5,230.0,232.8,232.8,232.1,233.4,234.1,230.5,234.6,246.7,249.7,250.8,250.3,248.6,251.3,246.3,242.0,227.3,233.0,224.9,227.4,226.0,226.0,229.9,225.8,230.7,229.7,231.7,235.3,235.2,239.3,239.4,238.5,240.8,240.4,237.8,234.3,237.7,252.2,249.9,247.6,246.9,246.0,251.2,254.3,252.5,255.5,251.0,249.6,245.0,235.5,240.2,237.2,237.0,234.2,233.8,239.0,244.7,248.4,249.6,253.5,254.8,254.9,265.3,270.0,268.3,268.7,263.6,259.3,254.3,253.2,271.9
STX,428.18,429.41,470.23,468.85,517.18,508.71,509.55,514.75,534.23,526.0,532.06,553.57,553.0,567.7,586.0,607.89,599.98,602.91,592.84,697.0,680.63,728.0,749.0,792.01,787.35,771.29,802.13,841.31,833.06,831.99,838.6,807.63,801.0,745.98,764.97,811.51,824.0,,862.65,888.95,905.39,904.17,940.79,953.72,966.8,941.49,910.66,894.92,911.29,855.51,870.25,946.24,1032.52,1097.0,1094.0,1145.0,,1127.99,1044.88,1035.86,1111.0,996.48,987.57,998.49,936.65,923.06,,886.89,837.75,862.41,937.54,927.28,877.73,906.3,893.0,798.96,808.65,831.64,899.95,921.38,936.49,906.0,871.0,777.1,814.97,901.18,921.78,839.63,885.0,884.9,874.97,862.68,826.9,826.9,892.0,934.77,990.61,1013.99,961.27,915.16,869.71,869.99,822.74,826.0,851.69,875.75,855.58,830.68,832.76,835.4,807.07,852.98,,925.44,917.39,880.97,870.68,821.86,801.98,798.88,816.68,872.0,914.82,936.94,927.0,926.01,924.36,932.87,944.43,928.92,946.36,852.29,903.0,863.5
SY1.DE,,,,74.78,75.5,74.56,73.84,72.94,74.0,74.64,75.68,77.34,76.96,78.0,76.46,75.4,74.64,74.36,74.36,78.12,75.24,,76.56,74.96,76.46,75.1,73.86,74.2,75.0,74.22,74.98,74.88,75.76,76.26,76.22,77.74,80.52,80.14,79.88,82.64,82.0,81.46,78.82,77.94,77.66,76.34,77.56,76.02,81.7,83.3,83.5,84.32,83.86,82.88,84.02,85.72,86.46,86.76,86.88,89.9,89.84,88.7,88.66,88.28,89.92,91.12,91.46,92.46,91.84,90.82,88.54,88.88,89.12,88.4,88.54,89.6,89.76,88.8,88.5,88.92,87.32,86.9,87.74,89.62,89.92,95.0,91.54,90.5,90.96,91.96,92.7,92.64,92.2,92.08,90.72,89.68,90.1,88.7,87.62,88.08,89.38,90.44,91.42,92.4,93.96,92.56,93.7,93.24,94.28,93.32,92.24,91.48,90.72,91.08,90.76,88.7,88.68,89.76,89.92,91.74,91.6,89.8,91.82,93.72,93.58,93.9,94.5,94.18,94.12,93.82,92.1,91.48,92.24,92.68
SYK,331.57,332.99,334.42,333.18,341.29,339.94,345.18,347.55,352.8,348.27,342.78,347.52,344.62,339.39,335.42,333.24,334.59,330.94,332.27,319.79,317.84,313.34,297.38,297.24,297.62,298.73,294.91,286.34,296.38,303.73,306.8,311.08,314.82,318.73,322.87,322.0,318.9,,315.69,315.68,310.51,309.08,305.32,297.06,297.52,306.45,311.0,304.98,315.16,315.47,309.98,314.27,312.31,311.5,310.71,311.54,,311.82,311.68,319.54,322.25,333.82,334.75,327.0,319.02,327.76,,327.76,333.99,330.73,330.22,331.58,336.15,319.56,317.49,335.86,329.26,322.16,316.74,316.99,319.38,330.81,338.79,352.46,352.49,351.49,334.46,342.04,339.65,339.0,343.87,340.0,345.93,349.77,347.46,346.64,341.51,339.76,339.24,343.9,342.35,332.55,334.87,331.75,333.39,328.45,332.72,329.5,331.5,321.75,319.5,307.55,,301.51,278.75,278.0,277.0,287.17,282.69,290.51,286.13,279.26,276.87,278.99,277.1,275.71,275.84,276.94,280.17,279.37,278.51,276.97,286.09,284.53
T,28.97,28.63,28.52,28.49,27.5,27.41,26.7,26.39,25.71,25.78,26.43,26.61,26.68,26.44,26.05,26.76,26.58,26.44,26.31,26.16,26.47,26.46,26.14,26.13,26.01,25.49,25.4,25.34,25.44,25.55,24.98,24.93,24.58,24.99,25.28,25.39,25.43,,25.34,25.35,25.14,24.87,24.9,24.71,24.2,24.01,23.04,22.83,22.96,23.26,23.37,23.61,23.51,23.42,22.88,22.52,,22.47,22.98,22.94,22.63,22.72,22.43,21.75,21.03,20.99,,20.91,21.27,21.43,21.07,21.26,21.63,21.56,21.71,22.18,22.77,22.04,22.39,23.65,23.47,24.13,24.52,25.32,24.67,23.62,23.46,23.75,23.46,23.28,23.71,23.91,24.09,24.5,24.45,24.68,24.97,25.01,25.23,25.48,25.27,25.55,25.77,25.87,26.02,25.59,26.03,26.24,26.32,26.44,26.25,26.22,,25.91,25.44,25.77,26.26,26.62,26.93,26.84,26.04,25.64,25.8,25.61,25.59,25.81,25.44,25.4,25.03,24.68,24.59,24.5,24.35,24.45
TD,94.89,95.31,95.97,97.06,99.5,100.0,100.94,102.08,103.15,104.08,104.44,105.75,106.66,106.94,105.91,105.44,105.5,106.01,106.17,105.66,107.8,108.35,107.62,106.8,109.11,109.22,108.04,108.0,107.82,108.58,108.34,107.73,108.5,108.82,109.93,111.17,112.32,,113.51,113.11,113.42,114.26,113.85,113.32,113.62,114.56,114.31,114.53,115.4,115.61,116.45,117.95,118.55,118.6,119.64,120.27,,120.2,119.61,120.98,120.8,120.43,120.54,121.52,122.65,122.53,,120.64,121.43,121.37,120.68,120.71,121.38,123.29,124.87,124.85,124.62,123.86,121.02,121.77,120.4,119.97,120.73,120.7,120.26,120.64,120.7,121.27,121.64,121.94,122.06,121.98,122.14,122.45,123.58,124.42,124.39,125.47,124.36,122.72,118.46,118.71,117.01,119.25,120.04,121.42,122.41,122.43,121.39,121.53,123.72,122.87,,122.08,119.93,120.21,121.32,121.28,121.54,122.28,122.28,122.37,124.25,124.4,122.56,120.14,120.81,120.77,119.85,119.48,117.71,118.51,118.35,118.75
TEAM,70.43,69.96,69.5,68.25,68.57,63.234,59.26,61.4,63.45,66.105,71.07,70.5,71.589,75.95,74.585,68.05,71.96,71.97,72.8,70.7,69.585,90.23,96.318,93.9,91.48,95.0,92.13,92.43,88.2,84.89,82.5,89.19,91.4,94.5,86.723,84.3,88.55,,86.03,90.84,95.23,108.48,119.38,109.615,106.13,106.26,103.372,99.98,99.081,96.655,91.62,90.05,93.86,93.0,88.46,85.702,,85.5,83.08,84.095,80.15,79.38,82.83,79.2,84.61,85.59,,86.84,91.27,87.04,90.86,94.9,96.5,91.98,95.85,95.21,94.35,97.25,96.5,90.6,87.7,87.09,97.73,102.65,106.72,99.177,101.62,108.94,110.57,113.55,110.88,153.2,153.99,156.215,156.45,167.11,167.75,161.6,167.87,176.15,177.88,176.0,174.234,172.1,170.0,185.73,194.96,197.3,193.645,192.87,198.6,193.425,,185.0,181.49,183.7,182.995,193.17,194.01,191.043,195.54,194.04,198.47,200.0,196.92,198.0,194.81,182.11,179.5,183.8,191.07,191.83,197.5,199.08
TJX,162.37,162.34,162.15,161.46,161.89,165.82,164.95,161.25,160.37,161.27,161.16,161.4,161.5,160.69,160.23,160.53,158.56,158.77,158.75,156.64,157.58,158.28,156.81,157.13,156.15,157.43,155.3,153.88,151.05,149.8,148.12,148.37,151.66,152.56,160.59,159.98,158.46,,159.81,160.89,157.63,156.52,154.33,154.2,158.07,160.87,161.78,162.19,164.87,167.92,170.0,169.85,168.74,168.05,167.1,166.88,,167.29,166.53,166.26,166.54,157.13,155.06,152.3,152.36,154.26,,154.0,155.74,154.12,153.93,151.87,153.94,151.17,151.83,155.27,158.15,156.04,155.37,158.0,155.08,155.35,157.62,161.45,163.04,160.15,159.06,160.49,158.49,160.5,162.12,162.5,160.85,159.0,155.31,154.04,153.57,153.31,153.43,150.54,142.49,141.93,141.19,142.49,139.25,135.9,135.56,135.55,134.68,133.5,132.36,133.11,,132.0,128.13,127.08,127.36,127.8,127.03,125.75,126.68,129.47,131.42,132.5,132.23,132.75,130.84,132.19,134.35,134.67,133.73,133.98,136.15,137.24
TM,3311.0,3384.0,3297.0,3264.0,3418.0,3399.0,3363.0,3337.0,3355.0,3386.0,3468.0,3400.0,3413.0,3356.0,3235.0,3205.0,3133.0,3101.0,3135.0,,3071.0,3022.0,,,,3047.0,3088.0,2888.0,2886.5,2945.0,3010.0,3086.0,3013.0,2979.0,3027.0,3027.0,3022.0,3108.0,3030.0,3039.0,3072.0,3082.0,3009.0,2863.5,2920.0,2879.5,2885.5,2862.0,2873.0,2840.5,2782.5,2798.5,2934.5,2894.0,2863.5,2807.0,2793.0,2802.0,2748.0,2731.0,2713.5,2768.0,2805.0,2782.5,2771.5,2839.0,2856.5,2923.0,2980.0,2942.0,2865.0,2864.5,2847.0,2853.0,2875.5,2935.5,2913.5,,2972.0,2951.0,2950.0,2923.0,2973.0,3015.0,3233.0,3192.0,3119.0,2999.0,3028.0,2924.5,2993.5,3022.0,2989.5,,3027.0,3020.0,3027.0,3052.0,3027.0,3024.0,3078.0,3132.0,3141.0,3120.0,3104.0,3120.0,3145.0,3188.0,3269.0,3190.0,3182.0,3142.0,3120.0,3040.0,2995.5,2994.0,3040.0,3056.0,3042.0,3068.0,3042.0,3051.0,,,,3019.0,3003.0,3024.0,2925.5,2931.5,2942.5,2890.0,2900.0,2937.5
TMO,501.05,506.82,493.34,490.35,507.28,505.35,503.82,515.65,530.0,532.86,530.5,530.08,528.82,538.41,529.99,476.39,475.0,475.21,473.02,475.0,479.98,481.83,470.39,476.47,477.42,480.3,473.49,466.79,463.1,463.4,459.18,444.95,444.44,455.0,452.24,451.71,454.46,,450.25,457.4,491.01,499.0,496.28,491.96,475.78,488.65,486.79,476.42,494.36,493.89,484.24,481.92,476.34,477.44,472.15,467.94,,468.35,471.12,493.0,515.96,514.8,511.67,508.38,521.17,529.15,,520.0,527.37,512.96,524.85,533.08,534.73,537.82,540.37,544.45,542.02,532.55,526.38,528.81,587.49,574.0,568.35,588.56,584.54,577.05,577.59,583.64,582.31,578.0,580.31,594.26,599.69,606.21,604.19,606.75,594.74,592.32,592.22,620.48,634.7,629.51,630.0,647.0,636.06,637.13,630.0,620.72,621.0,614.6,622.91,615.74,,608.1,609.51,606.63,615.24,616.0,641.97,653.4,663.57,660.1,660.44,662.87,671.47,682.98,678.0,682.61,681.38,683.63,673.12,659.47,676.76,694.33
TMUS,209.32,205.81,202.2,201.85,203.31,200.32,198.54,195.92,191.45,192.13,197.63,198.56,199.58,206.78,193.48,195.75,193.91,190.47,187.25,200.63,199.64,198.28,195.97,195.48,195.21,196.0,195.9,193.63,196.24,195.78,191.55,191.44,190.97,195.01,194.04,191.02,192.03,,192.81,194.29,192.27,188.42,188.82,189.07,187.5,184.88,181.18,180.71,182.96,185.91,188.85,189.64,189.5,189.89,184.42,183.51,,182.08,185.45,185.38,183.49,184.0,181.99,173.71,173.99,177.74,,182.74,189.97,186.0,181.54,187.73,190.92,189.26,190.07,194.16,198.86,196.09,194.36,195.1,182.27,181.99,184.33,186.13,184.09,180.91,173.52,177.89,177.43,176.76,180.38,179.66,178.2,181.73,178.74,183.6,183.98,184.0,184.49,187.48,183.33,185.84,185.05,182.66,182.94,178.83,181.5,182.72,183.62,188.07,189.87,187.71,,183.26,181.1,179.23,183.9,185.58,184.66,180.93,176.86,169.49,167.96,166.49,166.71,167.74,166.58,167.5,165.46,164.62,163.93,164.57,164.76,166.06
TRV,292.81,294.75,295.65,297.45,301.65,306.26,302.26,301.9,301.63,302.45,299.31,305.09,306.2,302.76,302.04,308.1,307.33,307.45,311.58,310.0,305.96,310.41,307.37,303.72,305.47,304.66,300.42,300.54,301.17,299.58,299.76,302.11,306.32,308.92,307.66,309.51,309.54,,309.88,307.65,299.55,295.6,292.67,293.7,294.91,297.06,303.89,303.93,301.45,305.96,307.13,306.37,309.01,311.25,309.32,309.85,,313.66,317.58,323.0,325.89,327.64,332.01,334.14,337.46,342.31,,343.45,349.35,342.74,343.4,339.05,342.33,342.42,331.93,337.99,370.43,371.94,370.23,374.0,378.66,389.11,391.99,398.7,397.4,386.95,379.58,378.95,378.75,385.4,386.59,386.24,382.48,377.76,378.46,374.87,371.62,373.91,370.82,371.39,367.08,367.19,372.65,370.99,373.55,372.3,372.47,370.44,369.06,367.91,376.57,374.89,,368.22,367.58,370.52,375.3,383.99,379.54,380.94,382.97,376.95,376.66,370.31,368.22,366.49,364.03,364.8,364.0,363.64,362.02,362.75,361.71,363.02
TSLA,383.14,370.28,367.72,348.02,364.5,348.88,350.36,356.35,367.63,394.65,394.06,409.28,406.8,393.95,393.01,386.0,382.76,380.78,382.29,376.4,384.75,397.82,394.64,402.12,401.68,415.83,431.2,449.16,447.8,453.4,451.98,434.66,421.13,405.63,417.46,426.95,431.51,,435.2,445.6,443.96,441.07,429.6,424.42,433.6,426.35,424.68,412.94,418.5,397.09,399.54,406.68,416.0,412.42,405.94,402.52,,414.75,392.87,384.58,379.12,387.8,413.27,424.54,432.86,432.35,,420.0,419.56,399.63,407.86,413.16,405.57,402.22,406.59,395.31,385.69,386.61,384.07,380.17,342.11,322.96,317.0,311.16,309.06,310.87,315.5,324.65,329.57,327.14,323.0,333.73,332.05,336.2,335.5,341.64,351.26,345.45,340.53,351.62,347.5,366.5,363.24,357.0,351.93,355.74,358.8,368.92,362.7,360.62,384.04,364.69,,370.0,375.44,369.21,368.66,367.73,362.39,365.1,374.12,370.9,378.36,380.42,386.7,383.33,386.83,369.43,358.74,355.22,359.79,374.6,381.59,383.33
TSM,1855.0,1865.0,,1860.0,1950.0,1955.0,2000.0,1995.0,2055.0,2100.0,2090.0,2060.0,2055.0,2075.0,2070.0,2135.0,2190.0,2330.0,2280.0,2210.0,2215.0,,2285.0,2270.0,2285.0,2345.0,2310.0,2275.0,2280.0,2240.0,2270.0,2325.0,2260.0,2230.0,2210.0,2255.0,2260.0,2310.0,2325.0,2330.0,2360.0,2375.0,2415.0,2400.0,2440.0,2415.0,2405.0,2320.0,2320.0,2300.0,2260.0,2325.0,2375.0,2400.0,2385.0,2415.0,,2510.0,2535.0,2445.0,2420.0,2370.0,2395.0,2475.0,2505.0,2480.0,2465.0,2500.0,2500.0,2465.0,2460.0,,2480.0,2430.0,2460.0,2470.0,2395.0,2345.0,2410.0,2445.0,2405.0,2365.0,2365.0,2305.0,2280.0,2260.0,2425.0,2395.0,2360.0,2415.0,2395.0,2395.0,2410.0,2405.0,2415.0,2445.0,2440.0,2420.0,2415.0,2355.0,2375.0,2410.0,2410.0,2400.0,2425.0,2435.0,2445.0,2405.0,2440.0,2420.0,2400.0,2415.0,2460.0,2505.0,2490.0,2455.0,2430.0,2395.0,2405.0,2395.0,2445.0,2460.0,2485.0,2510.0,2505.0,2490.0,,,2495.0,2510.0,2510.0,2515.0,2580.0,2590.0
TTD,22.82,22.525,22.54,22.54,21.725,20.69,21.02,21.285,21.92,22.55,23.39,23.42,24.315,24.064,23.67,23.27,24.17,23.91,23.69,24.508,23.91,24.87,24.836,24.72,24.85,24.66,23.105,22.89,21.88,20.895,20.64,21.17,22.578,23.24,21.04,21.41,22.508,,22.56,23.36,21.76,22.155,23.57,22.6,21.03,21.91,21.42,19.99,20.127,20.585,19.23,19.99,19.64,19.47,19.025,18.565,,18.675,18.22,18.4,17.88,18.47,19.33,18.38,19.64,19.36,,19.465,19.94,19.265,19.8,20.378,20.535,19.47,19.76,19.99,19.205,19.12,18.75,18.5,17.6,17.51,18.435,19.06,19.51,18.65,18.29,18.95,19.37,19.55,18.995,14.57,13.715,13.75,13.695,14.7,14.63,13.97,13.78,13.76,13.62,13.37,13.42,13.39,13.51,13.655,13.81,14.17,13.94,14.585,15.19,15.26,,14.39,14.085,14.065,14.39,14.985,15.305,14.965,14.865,14.5,14.23,14.045,13.171,12.85,12.77,12.58,12.55,12.24,12.42,12.212,12.055,12.12
TTE,,,,80.35,76.81,79.14,78.75,79.96,79.74,77.85,77.52,77.79,75.44,75.17,76.59,77.32,78.21,77.66,79.11,79.29,79.45,,79.5,79.39,78.715,76.39,75.95,77.04,78.31,78.89,78.33,79.04,80.27,80.63,81.25,81.06,79.85,77.79,78.82,77.28,76.16,75.67,76.94,76.77,77.88,77.58,77.86,78.86,77.48,77.54,78.89,76.51,73.4,73.52,72.92,72.16,71.67,71.6,71.52,70.96,69.3,69.13,69.17,68.14,67.84,67.06,67.23,67.24,68.33,70.09,69.25,68.94,70.46,72.04,71.49,69.72,70.72,71.9,72.81,74.84,76.68,76.62,74.86,74.93,76.08,76.19,76.42,76.47,76.78,75.31,74.89,75.4,75.54,76.98,76.55,76.31,76.15,76.34,77.86,78.32,78.88,78.35,77.25,76.46,75.4,75.21,75.01,76.52,77.7,78.57,78.38,77.22,77.58,78.19,78.88,79.22,79.11,80.09,80.55,81.13,80.38,79.71,79.61,79.48,79.76,81.24,80.7,81.27,79.85,77.28,75.195,74.98,75.8,76.11
TTWO,199.48,202.13,199.92,198.63,205.11,201.21,199.21,202.19,207.84,215.37,217.05,218.7,216.95,219.87,221.22,215.01,211.0,216.35,215.79,215.92,215.5,217.36,227.02,226.44,225.14,227.02,222.98,224.93,228.79,228.95,246.25,246.24,244.13,242.16,237.32,241.91,247.0,,230.64,224.11,221.48,227.78,231.02,224.0,220.79,220.75,220.29,214.36,213.32,214.17,213.77,213.26,217.37,230.5,234.72,242.15,,251.24,247.42,249.29,240.84,241.1,250.47,252.95,253.2,255.27,,258.51,265.94,259.99,253.86,249.0,246.7,241.86,246.19,243.5,239.25,241.79,239.38,236.5,233.18,234.16,244.51,248.7,250.93,247.66,247.08,248.46,246.25,243.51,242.97,247.54,256.62,254.95,248.96,245.43,248.98,247.63,248.39,246.5,241.23,245.68,242.37,237.49,241.29,238.25,240.54,234.57,219.54,220.71,220.58,216.99,,216.26,213.19,219.58,219.84,224.26,220.45,215.0,213.46,211.8,210.5,211.8,208.78,209.4,203.99,203.55,203.08,210.15,207.88,204.68,204.59,205.01
TXN,197.26,196.07,199.56,200.38,209.86,215.93,217.32,217.2,219.49,218.31,224.02,230.53,233.97,236.0,238.8,284.12,287.83,277.02,270.69,272.44,281.92,281.87,283.79,282.5,292.64,287.66,292.5,298.18,296.3,309.32,310.29,307.56,309.19,305.5,305.74,303.07,315.57,,326.42,331.51,321.29,319.0,302.0,308.4,312.76,310.72,298.81,295.58,298.03,292.58,298.68,303.03,315.86,319.22,311.73,323.6,,334.03,316.26,307.82,316.59,305.0,290.27,300.23,303.3,305.27,,306.02,296.38,307.43,315.34,312.93,308.52,310.57,312.01,294.76,289.25,292.69,297.59,296.25,288.33,283.89,284.33,282.81,281.62,283.58,285.11,273.34,285.58,284.13,283.3,286.17,288.76,285.89,289.62,279.97,280.28,286.21,278.99,277.37,270.5,269.79,263.33,262.78,263.2,267.48,267.43,262.38,257.62,258.04,254.57,261.02,,261.9,262.74,261.72,273.33,266.1,267.7,267.97,266.82,268.28,271.78,271.64,272.9,272.21,278.69,279.33,284.39,283.5,283.67,297.06,295.33,298.75
UBER,72.7,71.97,72.78,72.56,75.43,72.35,72.88,72.81,73.95,77.93,78.05,78.72,77.705,78.76,77.97,77.177,74.77,76.95,76.66,74.73,75.02,75.66,75.321,74.8,80.11,80.83,77.05,77.016,76.83,76.05,75.29,75.565,75.97,76.01,74.894,74.61,74.97,,71.83,70.94,71.14,72.24,74.555,73.13,71.875,73.54,72.53,70.935,71.45,70.375,69.565,70.23,73.48,74.285,73.27,72.49,,72.45,71.555,75.74,74.55,76.39,77.76,75.03,73.8,74.51,,74.56,74.85,74.77,74.36,76.21,76.3,74.2,73.963,75.4,73.46,73.41,72.99,71.47,71.08,70.07,68.34,70.9,71.79,70.6,70.5,71.949,72.29,69.42,71.37,75.42,78.1,78.989,78.56,76.035,77.44,77.53,77.28,79.31,80.15,80.22,79.52,80.43,82.365,77.69,78.995,78.293,76.11,77.24,78.354,76.86,,75.615,73.101,73.48,73.055,72.803,72.42,71.96,71.641,71.0,71.39,71.9,70.04,70.08,69.67,69.68,69.89,69.97,68.91,68.47,70.01,69.94
UBS,32.08,31.67,,31.95,33.2,32.57,33.04,33.13,33.58,33.85,34.08,34.6,34.2,33.68,34.38,33.14,32.7,33.15,33.55,35.25,34.58,,34.74,34.56,35.95,35.61,35.19,35.49,34.96,36.24,,36.42,36.63,36.74,37.11,37.23,37.28,,37.75,37.68,37.06,37.11,37.55,38.12,37.86,37.86,37.96,37.91,38.78,38.05,38.0,38.91,39.67,40.35,40.47,41.06,41.0,41.42,41.07,40.78,41.0,40.53,40.12,40.32,40.27,41.49,41.39,41.94,42.1,41.77,41.98,42.22,42.28,43.83,44.44,44.4,43.0,42.7,42.71,43.12,42.98,42.62,43.28,43.03,43.99,42.8,43.45,42.99,43.66,43.88,43.66,43.6,43.85,43.94,43.93,44.02,43.73,43.77,43.5,43.7,42.94,42.82,43.2,43.41,44.09,43.96,44.53,44.5,44.86,44.89,44.87,44.95,44.58,45.04,44.73,44.85,44.89,44.78,42.45,42.25,42.45,42.42,42.42,41.95,40.94,39.43,41.22,41.19,41.06,40.99,40.0,39.77,40.06,40.82
UL,42.52,42.14,,42.335,43.205,43.32,43.525,43.065,43.165,42.725,42.7,43.19,42.975,42.82,42.35,42.515,43.34,42.775,42.7,42.345,43.245,44.295,,43.455,43.85,43.785,43.17,42.55,42.78,42.845,42.535,42.54,42.775,43.345,49.355,42.865,42.925,,42.985,43.31,43.1,42.705,46.5,41.665,41.64,41.46,41.945,48.165,42.8925,44.015,43.945,44.09,44.225,44.105,43.965,44.04,44.37,45.04,44.79,45.64,46.06,46.21,45.985,45.795,45.725,46.59,46.35,46.58,52.4,46.74,46.01,46.115,46.325,45.76,45.585,46.305,47.105,46.495,46.07,46.395,46.265,45.755,46.58,50.41,50.1,49.735,47.995,47.915,47.505,48.0,48.015,47.04,46.75,46.41,45.9557,46.33,46.4,45.74,45.86,46.385,46.71,46.865,47.845,47.77,48.16,47.5295,48.02,,48.48,47.87,47.83,47.7,47.255,47.545,46.88,46.26,45.9,47.075,46.845,46.495,46.745,46.3,46.555,47.29,47.34,47.465,47.045,47.265,46.735,46.72,46.0396,45.285,45.435,45.69
UNH,275.3,279.04,283.3,312.43,312.97,307.89,310.37,313.32,319.62,317.76,318.61,325.27,325.4,357.68,358.56,356.85,358.28,356.49,369.63,370.84,371.99,372.9,370.83,371.8,368.55,369.81,379.98,384.81,397.42,404.15,401.9,397.63,392.14,394.99,393.38,386.11,390.54,,386.52,384.53,389.26,385.12,383.35,380.08,387.46,401.38,404.04,408.71,413.0,415.98,409.98,409.89,414.16,411.75,411.16,406.2,,409.46,409.9,413.43,417.58,427.93,426.7,422.74,428.02,430.2,,424.44,428.6,430.77,434.3,432.86,431.55,432.15,424.11,461.62,437.47,431.02,437.0,436.32,430.49,429.0,422.88,430.46,431.68,427.34,422.81,419.34,416.0,416.36,416.97,410.64,413.07,410.9,407.2,407.32,403.18,398.9,398.79,396.8,392.71,393.66,399.58,399.03,406.25,399.88,396.74,394.49,399.6,401.14,405.16,402.23,,403.89,406.53,399.27,391.73,386.46,383.8,380.22,380.5,378.49,378.95,381.39,372.61,375.28,379.17,380.98,376.59,374.93,371.86,372.68,379.14,380.41
UNP,246.13,244.83,245.88,246.75,252.62,252.13,252.23,251.98,252.73,252.02,251.3,256.09,253.58,253.52,254.76,271.26,274.79,270.82,271.52,267.8,270.23,269.76,266.81,265.06,270.28,268.83,266.2,267.0,266.98,268.59,269.43,270.72,276.4,275.48,274.63,268.64,268.39,,272.66,279.7,276.29,269.01,263.79,266.24,267.22,268.83,274.13,274.0,271.52,272.77,269.75,273.74,272.64,270.79,266.35,263.68,,262.64,262.87,263.29,267.98,270.78,273.5,273.34,278.8,282.8,,283.99,285.79,284.12,285.43,288.9,290.41,291.66,289.1,300.06,303.15,301.99,296.86,295.92,315.99,309.32,306.7,303.05,295.42,293.87,293.94,293.97,296.83,296.52,298.15,297.1,294.64,294.5,294.46,299.39,300.63,302.79,303.67,307.62,307.65,308.29,311.17,311.27,314.15,309.74,308.99,306.36,302.24,291.82,291.92,292.58,,291.07,286.75,288.67,289.02,285.64,286.31,288.47,284.02,281.34,279.2,274.73,277.38,276.32,275.0,275.77,274.92,276.97,272.59,278.6,278.36,277.99
UPS,99.7,98.87,98.05,97.89,101.54,101.86,102.4,102.11,103.47,103.7,105.74,107.59,107.5,108.15,107.0,108.3,107.74,108.52,105.95,106.75,109.11,109.84,102.83,98.4,100.79,101.11,101.03,100.87,100.39,99.23,100.0,99.31,97.23,96.87,98.96,99.11,101.17,,102.67,104.85,106.88,107.31,109.72,110.34,110.95,111.22,110.7,109.36,109.2,105.99,108.66,110.46,110.62,110.83,110.01,107.62,,108.8,107.39,106.28,109.4,109.26,108.43,108.0,111.06,110.84,,110.77,112.3,111.53,113.22,113.41,113.98,114.02,115.43,117.32,118.42,118.08,116.36,117.58,116.81,115.44,114.87,109.2,105.75,105.49,105.99,107.35,109.42,109.3,107.17,105.25,104.87,105.75,104.63,105.75,105.9,103.24,102.8,104.13,103.4,103.4,102.85,106.17,107.11,106.25,106.39,105.05,103.95,104.15,104.38,103.46,,102.19,100.39,100.51,100.89,102.61,103.08,102.1,101.05,100.0,98.81,96.22,96.92,95.7,93.99,94.39,94.54,94.51,94.45,94.76,93.64,93.52
USB,53.02,53.08,53.58,53.8,55.75,56.54,56.32,56.57,56.34,56.76,56.22,57.39,57.5,58.05,57.31,57.24,56.77,56.42,56.85,56.46,56.98,57.05,56.12,55.8,56.86,56.48,55.64,55.87,54.88,54.14,53.84,53.42,53.8,53.67,54.57,54.65,55.17,,55.49,55.46,54.9,54.93,54.49,54.73,54.4,55.55,55.96,56.11,56.46,57.65,57.68,59.29,59.56,58.94,59.45,58.74,,59.1,60.13,60.3,61.88,61.51,61.63,60.87,62.2,62.38,,63.05,63.39,62.49,61.99,62.75,62.93,63.14,63.16,64.27,64.84,63.97,63.75,64.52,63.94,64.13,64.67,64.46,64.29,63.34,63.3,63.96,64.85,64.67,65.02,64.06,64.32,64.6,65.1,65.61,65.56,66.08,65.32,64.91,63.06,62.43,62.95,62.5,63.18,62.56,62.98,62.39,62.12,63.19,63.71,63.67,,63.25,62.77,62.42,63.36,63.21,63.18,62.96,60.69,60.34,60.67,60.75,59.38,58.79,59.52,59.33,59.05,58.13,57.67,57.88,57.81,57.79
V,305.05,302.47,304.42,304.98,311.08,309.58,309.0,309.75,312.12,316.73,318.0,319.44,317.55,316.89,311.36,312.2,309.98,310.82,313.96,341.98,332.5,335.85,329.79,325.58,324.58,323.69,321.07,325.18,328.91,325.42,323.33,329.01,333.43,335.17,331.66,332.52,333.43,,328.5,331.46,327.08,331.67,327.86,323.5,317.65,324.76,325.98,323.92,325.49,326.9,323.71,325.93,326.44,333.29,336.82,332.33,,333.0,331.28,334.8,339.94,339.72,345.81,344.29,353.36,362.13,,365.02,356.08,351.6,348.5,351.17,359.49,359.94,360.43,365.14,364.63,363.0,359.12,357.53,352.05,355.84,363.66,371.16,373.97,367.0,366.88,371.97,371.11,372.4,371.1,370.25,364.17,364.55,363.35,365.45,366.8,363.56,365.91,370.64,368.93,371.8,383.43,384.2,385.57,381.77,383.68,382.48,380.75,380.17,382.21,377.5,,373.5,369.48,368.0,371.81,377.17,376.37,376.47,372.48,370.8,370.9,372.0,366.33,368.21,368.33,370.5,368.26,364.6,363.24,361.38,370.17,371.84
VLO,245.01,250.72,245.65,254.55,241.65,245.56,239.07,243.31,242.6,236.56,242.65,229.0,228.61,234.27,237.27,236.26,235.87,241.3,241.99,251.9,253.25,253.96,252.78,255.51,243.84,236.37,242.24,248.64,250.28,249.56,244.97,251.0,260.31,262.89,263.75,255.63,247.42,,248.47,243.57,246.39,246.33,255.97,260.39,265.61,262.69,262.85,264.01,258.19,263.52,264.16,262.33,249.2,245.97,244.52,238.03,,243.8,245.77,244.21,255.74,260.67,272.17,269.69,269.9,274.92,,273.95,269.54,283.28,284.28,287.05,297.66,301.43,299.66,303.64,309.9,316.57,318.22,320.24,319.25,309.01,306.13,307.0,309.98,313.75,315.0,314.35,311.37,315.0,308.44,301.9,315.88,324.37,330.96,343.73,346.09,350.63,351.0,350.73,352.7,350.73,353.0,346.81,349.89,351.12,352.86,362.79,364.9,370.11,375.11,372.34,,384.26,389.18,393.54,399.26,399.76,398.51,407.27,413.44,416.66,419.04,396.2,388.01,393.0,388.92,395.85,389.4,398.88,408.46,410.41,421.98,422.99
VNA.DE,,,,22.56,23.57,23.19,23.46,23.12,23.57,23.53,23.58,24.28,23.87,24.1,23.78,23.58,23.18,23.2,23.2,23.02,22.91,,22.98,22.58,23.34,22.84,22.55,22.65,22.62,22.37,22.31,22.02,22.07,22.48,22.56,22.59,21.44,21.63,21.74,21.93,21.86,21.84,21.45,21.31,20.82,20.67,20.63,19.935,19.98,20.05,19.96,20.62,21.2,20.95,20.92,20.71,20.62,20.86,20.53,20.86,21.54,21.65,21.53,21.64,21.72,22.73,22.77,22.64,22.62,22.0,21.54,21.77,21.43,21.44,21.22,21.25,21.27,21.01,20.86,21.14,20.91,20.73,21.31,21.6,21.49,21.21,21.2,21.6,21.68,21.49,21.26,21.2,21.26,21.0,21.25,21.18,21.05,20.47,20.19,20.09,20.17,20.12,20.1,19.985,20.07,19.96,20.11,19.72,19.325,19.065,19.21,19.345,18.9,18.87,18.83,18.525,18.21,18.145,18.02,18.11,18.055,17.995,17.76,17.585,17.615,17.35,17.475,17.465,17.575,17.59,17.015,16.995,17.03,17.175
VOW3.DE,,,,87.96,91.52,90.08,90.26,88.06,90.74,91.42,91.04,92.8,91.18,91.06,90.2,88.74,88.08,87.66,88.16,87.52,87.24,,85.7,84.98,90.02,89.68,88.18,88.88,87.96,87.84,89.2,89.18,88.4,88.42,88.94,89.48,90.06,91.62,91.52,93.48,93.1,93.72,93.12,91.98,89.86,90.2,89.1,88.5,88.64,87.92,86.66,89.0,91.56,90.14,88.08,86.7,81.36,80.6,79.04,78.1,78.57,78.24,74.52,71.42,70.98,73.3,74.82,75.62,76.96,74.7,72.88,72.56,71.98,72.0,74.4,74.62,73.82,73.88,73.34,73.64,73.52,72.52,73.72,73.92,76.36,76.3,75.86,77.12,76.9,77.2,76.86,76.76,76.32,75.68,75.22,74.04,74.06,74.18,74.32,74.94,75.86,75.96,74.56,73.78,73.26,75.38,77.56,78.1,78.36,76.06,76.7,83.76,81.56,83.64,83.16,82.46,82.48,82.52,81.8,81.12,82.04,80.5,76.48,76.26,75.5,72.36,71.92,72.74,72.0,72.48,70.12,69.0,68.86,69.3
VRSK,188.85,186.37,186.78,186.84,181.82,174.58,169.88,168.33,170.88,179.51,181.77,179.45,181.48,184.14,183.45,178.75,178.57,180.22,180.41,191.51,188.07,188.92,182.21,183.02,179.6,176.65,174.68,171.87,170.5,165.12,163.32,163.61,172.04,178.48,171.8,173.52,176.18,,172.15,172.49,174.17,176.58,184.45,182.2,178.7,184.74,184.85,182.53,183.94,185.27,185.1,184.5,184.55,182.01,181.29,178.33,,174.5,175.6,180.65,182.28,183.81,185.0,180.55,188.01,190.02,,189.37,194.79,192.89,188.18,189.22,194.31,193.92,195.71,203.03,205.7,202.29,198.96,197.94,196.84,201.81,209.32,215.79,226.08,209.48,199.46,198.99,193.68,194.47,190.03,194.96,187.31,182.84,181.7,186.47,187.54,180.2,183.04,186.56,189.95,189.34,192.21,196.42,189.26,191.83,193.03,195.21,197.21,193.33,194.19,188.67,,184.53,179.21,178.48,177.22,187.47,185.6,182.9,182.91,178.37,175.15,174.24,172.59,175.13,171.12,169.58,167.77,168.19,171.31,169.22,164.49,165.97
VRTX,453.98,449.62,440.9,435.5,443.99,447.0,446.75,445.11,444.79,447.82,445.93,443.9,444.01,440.32,441.0,442.04,433.68,434.07,431.77,426.72,430.95,427.38,430.13,433.94,431.06,429.61,431.94,442.16,454.23,455.32,456.68,453.45,440.04,444.32,439.98,434.76,438.84,,441.99,445.35,449.29,450.0,443.54,434.0,429.01,448.19,453.16,448.69,449.5,447.5,445.78,447.7,453.68,454.55,464.31,464.98,,468.18,470.82,480.86,486.49,503.89,499.87,500.99,502.71,529.14,,529.99,533.67,525.81,500.77,498.91,486.18,481.29,480.96,487.3,496.69,491.23,484.99,483.66,477.68,484.0,487.21,493.61,492.99,482.15,480.67,483.36,488.04,491.95,492.4,497.4,546.17,532.23,531.22,529.0,513.64,517.84,533.78,553.69,548.99,555.32,550.62,555.69,553.47,550.83,549.57,546.84,551.4,558.36,560.25,556.99,,535.0,528.17,522.6,522.1,525.29,519.94,517.95,519.07,518.1,514.1,525.97,525.43,528.99,527.69,529.89,529.46,529.72,523.52,509.5,506.01,507.41
VZ,50.17,49.9,49.73,49.23,48.16,48.17,47.1,46.09,45.48,45.39,46.86,46.89,46.97,47.02,46.15,47.52,47.34,48.65,48.18,47.53,48.05,48.49,47.88,47.79,47.61,47.65,47.46,47.99,48.18,48.28,47.5,47.49,47.02,47.79,48.09,48.28,48.52,,48.69,48.96,48.49,48.16,48.04,48.14,47.55,47.34,46.11,45.83,46.09,47.03,48.06,48.21,47.75,47.4,46.61,46.06,,45.89,46.85,46.8,46.26,46.59,45.85,44.36,42.8,43.08,,43.16,43.5,43.24,42.34,42.44,42.85,42.81,43.34,44.22,45.02,43.66,43.87,45.12,44.58,46.44,47.56,49.01,48.54,47.09,46.91,47.81,47.08,46.91,47.48,47.06,47.12,47.45,47.08,48.24,48.61,48.68,49.01,49.6,49.59,49.72,50.28,50.33,50.78,49.9,50.33,50.54,50.93,50.84,50.82,50.71,,50.65,50.29,50.61,50.82,51.49,51.67,51.56,49.99,48.19,48.35,47.79,47.11,47.77,47.31,47.1,46.91,46.34,46.2,46.39,46.02,45.98
WBD,27.76,27.44,27.5,27.42,27.57,27.56,27.57,27.45,27.38,27.35,27.43,27.57,27.59,27.45,27.38,27.45,27.18,27.08,26.98,27.2,27.15,27.2,27.04,27.25,27.37,27.3,27.24,27.28,27.26,27.31,27.26,27.14,27.13,27.24,27.44,27.43,27.19,,27.04,27.39,27.15,27.1,27.32,27.36,27.22,27.13,27.01,26.8,26.8,26.65,26.87,27.04,27.3,26.92,26.57,26.54,,26.99,27.03,27.28,27.3,27.08,27.18,27.03,26.95,26.82,,26.49,26.46,26.41,26.63,26.87,27.65,27.58,27.44,27.3,27.46,26.9,25.94,26.27,26.2,26.58,25.76,25.67,25.81,25.66,26.45,26.53,26.21,26.01,26.58,26.85,27.18,27.23,27.78,28.08,28.18,28.01,28.55,28.68,28.54,28.62,28.94,28.98,28.94,28.99,28.97,28.8,28.59,28.77,28.47,28.35,,28.35,28.15,28.34,28.6,28.2,28.1,28.19,28.45,28.13,30.92,30.84,30.82,30.87,30.87,30.9,30.88,30.97,30.96,30.96,30.99,30.95
WDAY,131.01,132.69,132.37,130.4,130.13,117.45,114.25,121.46,122.13,124.66,132.14,128.79,128.02,133.05,132.7,119.21,119.77,120.69,123.37,122.5,122.57,131.0,131.0,128.97,127.3,133.36,127.89,128.98,124.0,117.36,120.77,125.59,130.8,135.93,127.43,122.95,133.71,,127.06,129.26,131.47,146.52,158.64,152.01,147.56,153.48,151.5,145.48,140.79,141.19,136.63,131.03,133.88,129.4,128.65,121.8,,120.39,118.9,120.5,119.16,125.21,127.84,123.3,131.3,136.98,,138.4,145.81,142.23,138.98,143.1,147.22,141.98,147.39,148.42,149.88,147.83,144.99,142.18,136.33,136.0,150.24,160.55,170.4,160.99,160.89,169.67,172.15,174.0,171.4,182.72,185.82,185.03,178.53,227.49,208.0,195.33,195.78,200.79,200.37,201.55,202.76,198.38,193.6,200.0,207.84,203.64,205.37,205.7,211.83,206.94,,192.18,187.25,188.06,188.57,195.92,194.76,189.91,201.0,199.5,196.48,197.0,193.92,195.74,192.07,190.94,189.34,191.99,195.75,188.61,190.22,189.9
WDC,304.95,298.15,311.59,312.2,348.0,345.1,349.75,351.87,366.3,365.49,368.4,378.98,380.65,389.71,402.0,416.37,414.5,414.0,396.33,441.99,438.86,446.62,453.83,480.11,483.87,475.57,483.66,525.15,508.6,503.66,507.97,486.41,487.0,464.23,469.65,487.29,489.99,,536.12,546.68,553.5,544.26,564.14,571.18,602.54,594.0,554.16,540.21,545.41,515.22,529.72,572.29,658.8,729.92,741.85,799.87,,779.8,682.53,665.0,729.0,647.42,652.98,663.98,617.39,609.47,,601.0,550.0,562.76,601.5,585.2,559.99,589.65,569.35,498.72,492.93,505.99,553.63,564.43,576.37,552.0,531.29,467.26,499.19,547.07,580.0,539.43,559.84,564.66,477.63,457.56,452.7,448.88,467.8,502.64,516.35,548.6,520.0,500.0,477.28,478.8,446.99,452.0,470.0,479.85,475.01,459.45,457.68,456.98,449.47,468.19,,489.2,495.49,471.23,472.43,436.28,430.25,428.14,433.2,448.85,460.49,474.54,475.66,468.0,461.98,459.99,465.9,463.89,463.55,427.71,447.71,430.33
WELL,200.34,202.38,203.09,202.38,205.36,210.82,207.83,208.88,211.04,211.47,214.84,214.99,211.03,209.39,207.0,208.55,211.59,210.9,214.83,219.59,218.58,218.81,218.54,217.98,216.78,215.96,217.67,217.57,218.14,221.68,221.41,218.12,215.4,218.0,220.5,217.99,218.4,,219.75,217.81,215.51,210.87,207.4,198.46,200.92,204.01,210.41,208.24,207.9,212.84,214.33,214.92,215.62,215.73,214.17,208.52,,212.49,219.0,223.94,224.47,228.53,228.03,230.07,231.85,236.06,,236.34,239.11,238.0,234.7,233.01,235.73,237.22,238.03,241.79,246.43,245.36,247.45,247.35,250.12,252.94,252.17,255.2,245.3,240.81,237.1,236.4,232.34,237.51,239.2,238.36,237.02,233.73,230.61,235.59,236.43,236.28,238.85,236.72,238.79,241.11,242.78,242.31,243.04,240.63,241.39,237.89,242.97,240.98,242.57,241.41,,240.35,238.23,239.93,239.43,240.31,234.37,236.78,236.3,231.86,233.96,231.64,231.99,236.97,237.32,234.82,234.14,234.44,230.25,229.93,229.73,227.22
WFC,81.7,80.84,81.87,82.09,85.73,86.15,85.9,86.7,83.16,81.69,81.87,82.6,82.41,83.1,81.88,81.37,80.37,80.89,81.95,82.0,82.63,82.66,80.87,80.11,81.48,81.01,79.03,75.72,75.25,74.76,74.49,74.06,74.77,75.35,76.3,76.06,76.85,,77.67,77.71,77.62,77.75,78.02,79.54,79.13,81.89,82.45,82.54,82.56,83.18,82.91,84.1,84.93,85.06,87.08,85.57,,84.13,84.33,84.49,86.3,85.16,84.58,83.8,86.05,86.8,,87.63,88.57,86.77,87.45,87.84,88.01,88.68,87.63,88.9,89.79,88.57,88.26,88.19,86.49,86.95,87.9,88.22,87.02,85.58,86.74,87.97,89.43,89.62,90.17,87.36,87.81,88.5,89.22,89.5,88.84,89.53,88.3,87.41,85.67,85.0,85.68,85.15,85.59,85.29,86.72,87.09,87.94,90.09,90.34,90.13,,89.73,89.94,89.99,91.16,90.48,91.99,89.72,87.89,86.74,87.15,86.62,83.4,82.54,83.1,82.89,81.13,80.88,80.33,80.74,82.22,81.98
WMT,125.23,125.9,126.98,126.36,127.3,129.69,128.93,126.3,125.2,125.07,125.94,127.57,129.47,129.77,130.45,132.46,132.12,129.81,129.77,128.08,132.43,133.37,131.75,131.73,131.15,130.6,131.41,130.6,131.12,132.53,132.78,133.95,133.47,135.16,133.65,125.8,121.95,,121.05,119.43,119.17,119.08,115.98,114.57,117.29,119.94,120.89,120.18,120.5,120.82,121.86,121.61,121.49,122.94,121.01,118.48,,118.4,120.25,120.4,118.58,117.88,116.8,114.61,110.71,112.45,,112.37,113.5,113.86,112.76,114.16,115.54,115.88,114.73,115.59,118.09,114.4,111.8,110.0,108.56,109.6,112.51,116.03,114.69,113.03,111.91,113.29,111.68,113.16,114.56,112.29,112.7,113.34,116.05,116.32,116.45,115.18,116.31,116.87,107.0,104.28,106.6,106.07,106.09,103.75,103.4,104.99,106.64,106.78,109.35,109.23,,106.9,106.15,107.16,107.21,109.74,109.24,108.68,107.8,107.72,107.76,110.19,111.23,111.17,108.15,109.42,107.9,107.03,105.1,105.14,105.1,107.55
XEL,80.28,80.93,80.96,81.1,81.5,83.18,83.05,82.35,80.16,79.55,81.12,81.26,81.86,80.84,80.05,79.82,79.69,79.76,80.28,79.46,83.11,83.85,82.37,82.15,81.61,80.82,81.18,80.99,80.57,80.1,80.33,80.03,78.99,80.02,80.44,80.34,81.14,,81.5,81.35,80.9,80.6,78.82,78.08,79.14,78.8,79.56,79.88,78.53,78.7,79.32,79.29,79.37,80.24,79.34,78.62,,79.07,80.53,81.74,82.88,82.79,82.6,81.71,80.56,82.35,,82.24,82.7,80.92,79.92,80.25,81.14,81.29,80.55,80.89,81.51,80.04,78.78,80.35,81.27,82.06,82.06,82.57,80.81,80.83,78.96,78.75,77.94,77.91,78.12,78.2,78.03,77.88,78.64,79.45,79.33,79.24,80.81,79.91,79.91,79.48,77.44,77.61,77.91,77.34,77.5,76.12,76.23,76.25,76.63,76.54,,77.0,77.06,76.72,76.29,75.8,74.04,73.49,73.75,73.26,72.43,72.59,71.75,70.89,69.94,69.8,70.91,71.37,70.69,71.89,71.93,72.78
XOM,168.0,166.9,163.75,166.24,156.35,159.23,155.12,154.62,150.11,150.23,152.78,146.8,149.37,148.81,150.68,151.23,150.3,151.18,152.31,154.95,155.69,155.01,154.47,155.29,150.33,147.08,146.5,149.72,151.81,151.79,153.12,158.0,161.73,163.32,163.68,159.39,155.55,,154.55,148.69,150.21,146.93,149.65,150.83,154.91,153.43,152.13,153.81,151.13,152.49,152.49,148.91,141.98,142.15,142.34,138.46,,139.0,140.39,137.64,138.07,137.58,137.39,137.3,137.49,139.14,,137.37,141.74,143.99,140.05,138.97,145.23,146.0,145.09,146.87,150.0,149.09,151.76,154.8,158.57,158.71,155.42,156.18,159.07,157.78,156.16,155.91,154.84,155.04,154.87,153.67,160.37,161.67,160.23,159.76,161.26,162.51,165.67,168.21,168.64,168.0,165.22,162.81,161.13,158.19,157.42,161.59,164.7,165.02,165.65,161.48,,163.11,165.18,167.37,167.09,169.45,169.64,167.5,163.39,163.54,161.95,159.97,162.12,164.91,161.79,163.54,161.97,164.37,164.08,164.61,164.74,165.95
ZAL.DE,,,,21.26,22.37,22.4,22.57,22.15,22.4,22.68,23.63,23.96,23.48,23.75,23.04,22.73,22.26,22.43,21.83,21.55,21.23,,21.42,21.41,21.96,20.72,20.6,20.36,20.0,19.55,19.64,19.59,20.07,20.15,20.27,20.78,21.29,21.78,22.44,22.93,22.93,23.75,23.57,24.08,24.38,23.89,24.86,24.45,24.67,25.15,25.35,25.97,25.27,24.43,25.27,24.74,24.44,25.76,25.62,26.37,27.0,25.52,25.83,25.83,25.88,26.74,27.14,27.66,27.51,27.28,27.16,27.35,27.49,27.77,28.06,27.97,28.21,28.58,28.46,28.82,28.3,27.54,28.91,29.93,30.24,30.43,28.93,29.54,26.0,25.38,25.64,25.13,24.92,24.8,24.74,24.3,24.46,23.57,22.94,22.71,22.61,22.78,23.02,23.73,23.44,24.0,24.24,24.84,24.89,24.05,23.2,23.68,23.87,23.97,23.28,23.02,22.38,22.78,22.67,21.77,21.95,21.76,21.67,22.69,22.51,22.75,22.39,22.2,21.99,22.74,22.65,22.55,22.37,22.52
ZC=F,460.0,460.5,454.5,455.0,448.25,450.25,446.25,446.0,446.0,452.0,452.75,451.0,454.0,455.25,457.0,456.75,457.75,461.25,465.5,468.25,469.0,471.25,474.0,475.0,463.0,453.25,457.75,462.0,467.75,470.75,456.0,473.75,478.0,481.75,477.0,469.25,467.75,,463.0,459.75,458.25,459.0,449.25,445.75,442.0,431.5,424.5,421.0,425.5,425.75,420.0,417.0,416.75,421.0,421.75,422.0,,418.0,414.5,412.5,416.0,417.5,412.5,415.5,422.25,428.25,,441.5,444.5,443.75,435.0,438.25,447.75,441.0,449.0,452.0,445.5,452.5,453.75,463.0,466.75,468.0,461.25,462.25,461.75,452.5,447.0,450.5,452.0,443.0,440.25,444.5,442.25,441.0,457.75,457.25,459.75,466.75,468.25,473.5,481.25,484.25,498.75,501.75,517.0,514.75,517.5,518.0,524.75,526.5,518.0,516.0,,515.5,511.25,520.75,512.0,517.5,536.25,539.25,536.75,532.75,543.5,544.5,536.25,530.75,529.0,529.0,526.5,526.25,505.0,502.25,503.25,509.0
ZS,139.5,139.16,140.735,142.7,150.5,133.5,123.38,122.96,126.0,131.32,138.0,139.0,137.2,144.715,142.75,137.99,135.7,138.0,138.355,135.715,132.9,140.99,144.97,144.0,139.86,153.46,152.195,153.45,150.585,153.95,158.038,162.73,178.26,182.97,174.86,174.373,183.02,,191.25,139.6,133.25,139.9,157.7,151.04,142.47,137.5,137.21,132.07,130.145,128.83,126.35,130.0,132.808,128.86,128.11,125.56,,129.65,129.42,130.5,126.97,132.54,140.48,142.045,149.58,148.48,,152.5,155.36,149.01,147.86,148.739,143.1,155.3,156.98,151.595,153.3,153.22,151.45,150.386,144.29,144.0,149.45,154.27,156.54,151.53,152.505,155.88,163.47,166.93,163.0,169.775,177.93,180.8,178.86,188.84,190.9,190.3,190.97,188.73,184.98,182.01,181.5,176.81,170.94,190.0,188.18,190.47,186.39,177.6,179.96,177.14,,165.62,169.1,169.05,165.95,194.12,196.575,196.135,198.93,199.76,207.75,210.73,215.733,216.97,207.99,202.12,201.39,202.87,203.44,202.0,205.2,215.51
ZW=F,622.75,609.25,600.5,600.5,589.0,588.75,577.75,589.5,594.25,597.0,610.0,602.5,602.75,606.5,613.0,612.75,616.25,623.25,650.75,661.5,644.25,632.0,630.0,633.5,614.25,602.25,607.5,622.25,665.0,670.75,647.0,663.5,666.0,679.5,672.75,660.75,654.0,,645.25,638.75,628.0,628.0,619.5,610.25,606.75,590.5,587.25,588.75,595.0,600.25,593.75,594.25,591.0,604.25,614.0,618.25,,612.25,601.75,597.25,591.25,589.75,581.5,584.25,599.0,599.0,,606.0,609.25,613.75,611.5,634.75,634.5,631.25,682.75,698.25,685.0,692.25,679.0,708.25,710.25,711.25,682.0,665.75,672.25,686.5,665.0,653.75,659.5,652.5,649.0,646.0,656.5,646.75,657.75,665.0,677.25,680.0,681.75,683.25,691.25,687.75,697.25,688.25,730.5,749.5,773.0,767.0,772.75,775.75,736.0,741.25,,730.25,728.5,723.25,713.5,707.0,731.0,736.0,735.5,729.0,730.0,729.5,717.75,712.5,707.0,703.0,694.0,700.25,684.0,689.0,698.5,705.0
^TNX,4.334,4.362,4.366,4.38,4.297,4.321,4.323,4.351,4.305,4.293,4.317,4.297,4.274,4.309,4.304,4.351,4.353,4.35,4.378,4.432,4.41,4.404,4.464,4.43,4.372,4.396,4.388,4.41,4.467,4.5,4.461,4.599,4.627,4.687,4.659,4.635,4.586,,4.512,4.489,4.51,4.457,4.516,4.463,4.503,4.479,4.554,4.558,4.556,4.56,4.55,4.507,4.473,4.459,4.479,4.453,,4.515,4.497,4.455,4.414,4.41,4.39,4.422,4.501,4.505,,4.491,4.533,4.597,4.581,4.571,4.618,4.614,4.61,4.596,4.55,4.608,4.64,4.661,4.714,4.691,4.665,4.635,4.655,4.686,4.747,4.702,4.668,4.639,4.676,4.672,4.703,4.703,4.688,4.676,4.7,4.728,4.746,4.684,4.714,4.744,4.72,4.672,4.67,4.68,4.73,4.768,4.8,4.806,4.768,4.812,,4.812,4.857,4.952,4.985,5.012,5.016,5.006,4.963,5.008,4.976,4.982,5.135,5.181,5.23,5.274,5.293,5.306,5.342,5.298,5.349,5.303
