ticker,2026-02-23,2026-02-24,2026-02-25,2026-02-26,2026-02-27,2026-03-02,2026-03-03,2026-03-04,2026-03-05,2026-03-06,2026-03-09,2026-03-10,2026-03-11,2026-03-12,2026-03-13,2026-03-16,2026-03-17,2026-03-18,2026-03-19,2026-03-20,2026-03-23,2026-03-24,2026-03-25,2026-03-26,2026-03-27,2026-03-30,2026-03-31,2026-04-01,2026-04-02,2026-04-06,2026-04-07,2026-04-08,2026-04-09,2026-04-10,2026-04-13,2026-04-14,2026-04-15,2026-04-16,2026-04-17,2026-04-20,2026-04-21,2026-04-22,2026-04-23,2026-04-24,2026-04-27,2026-04-28,2026-04-29,2026-04-30,2026-05-01,2026-05-04,2026-05-05,2026-05-06,2026-05-07,2026-05-08,2026-05-11,2026-05-12,2026-05-13,2026-05-14,2026-05-15,2026-05-18,2026-05-19,2026-05-20,2026-05-21,2026-05-22,2026-05-25,2026-05-26,2026-05-27,2026-05-28,2026-05-29,2026-06-01,2026-06-02,2026-06-03,2026-06-04,2026-06-05,2026-06-08,2026-06-09,2026-06-10,2026-06-11,2026-06-12,2026-06-15,2026-06-16,2026-06-17,2026-06-18,2026-06-19,2026-06-22,2026-06-23,2026-06-24,2026-06-25,2026-06-26,2026-06-29,2026-06-30,2026-07-01,2026-07-02,2026-07-03,2026-07-06,2026-07-07,2026-07-08,2026-07-09,2026-07-10,2026-07-13,2026-07-14,2026-07-15,2026-07-16,2026-07-17,2026-07-20,2026-07-21,2026-07-22,2026-07-23,2026-07-24,2026-07-27,2026-07-28,2026-07-29,2026-07-30,2026-07-31,2026-08-03,2026-08-04,2026-08-05,2026-08-06,2026-08-07,2026-08-10,2026-08-11,2026-08-12,2026-08-13,2026-08-14,2026-08-17,2026-08-18,2026-08-19,2026-08-20,2026-08-21,2026-08-24,2026-08-25,2026-08-26,2026-08-27
AAPL,266.18,272.14,274.23,272.95,264.18,264.72,263.75,262.52,260.29,257.46,259.88,260.83,260.81,255.76,250.12,252.82,254.23,249.94,248.96,247.99,251.49,251.64,252.62,252.89,248.8,246.63,253.79,255.63,255.92,258.86,253.5,258.9,260.49,260.48,259.2,258.83,266.43,263.4,270.23,273.05,266.17,273.17,273.43,271.06,267.61,270.71,270.17,271.35,280.14,276.83,284.18,287.51,287.44,293.32,292.68,294.8,298.87,298.21,300.23,297.84,298.97,302.25,304.99,308.82,,308.33,310.85,312.51,312.06,306.31,315.2,310.26,311.23,307.34,301.54,290.55,291.58,295.63,291.13,296.42,299.24,295.95,298.01,,297.01,294.3,293.08,275.15,283.78,281.74,289.36,294.38,308.63,,312.66,310.66,313.39,316.22,315.32,317.31,314.86,327.5,333.26,333.74,326.59,327.74,325.89,321.66,333.02,336.91,340.08,338.19,333.43,308.91,303.42,309.38,311.0,312.41,313.33,308.26,304.91,302.25,305.26,305.93,305.59,310.03,316.83,311.3,309.35,310.34,309.9,313.45,314.58
ABNB,122.96,125.66,132.02,136.97,135.11,133.26,133.04,135.54,135.85,133.23,134.03,132.44,133.39,127.7,126.3,128.32,131.95,131.13,130.79,128.52,132.59,130.0,131.81,131.06,122.87,123.1,126.28,125.19,124.95,126.81,124.97,131.4,129.16,128.96,130.32,133.85,137.51,137.81,141.55,143.59,142.65,144.18,141.87,142.82,141.06,139.04,140.28,140.36,141.66,138.86,139.73,139.88,140.46,141.49,137.05,135.48,132.97,133.67,132.85,134.3,131.16,135.55,134.25,132.35,,132.68,132.1,134.5,133.31,137.87,134.35,133.59,133.72,133.54,134.43,131.35,129.1,130.87,132.28,138.96,141.2,140.54,142.41,,139.19,138.85,144.4,141.88,145.56,147.17,143.1,147.31,148.93,,147.65,148.8,142.95,146.89,148.62,146.33,146.54,148.38,147.8,145.98,144.94,144.1,140.05,137.57,141.1,146.86,153.11,153.01,152.08,151.52,150.64,149.92,152.49,151.64,178.07,184.7,184.98,180.095,185.13,184.06,179.29,183.25,186.39,185.0,187.3,190.21,190.5,188.07,184.4
ADBE,246.68,255.17,257.81,259.04,262.41,260.88,270.99,273.12,281.74,283.62,282.44,275.13,273.71,269.78,249.32,251.86,254.2,246.0,245.99,248.15,247.64,238.87,237.25,240.88,234.84,241.13,243.08,241.37,242.92,244.36,240.14,239.31,229.94,225.35,240.11,235.72,244.66,248.16,244.45,248.63,247.18,255.94,238.98,245.44,239.31,243.2,243.57,246.1,250.71,253.96,255.62,250.17,256.51,253.04,246.15,240.83,236.07,237.01,247.6,255.64,254.99,253.37,244.1,244.76,,240.49,238.24,241.44,259.21,274.03,262.11,256.24,258.42,251.44,244.99,237.88,233.38,218.8,204.02,206.36,207.32,196.28,195.16,,194.9,197.43,196.57,193.41,202.73,206.43,205.02,210.98,219.72,,218.07,221.54,220.94,222.65,223.64,230.61,220.78,224.56,235.31,237.25,234.74,227.16,218.36,212.17,225.11,237.75,249.18,263.43,247.9,250.41,251.34,257.49,259.32,260.24,265.21,272.96,263.71,258.75,270.49,264.02,254.04,263.14,272.47,272.22,275.3,276.27,273.92,273.47,289.15
ADI,355.15,356.09,360.8,354.35,355.79,352.41,338.99,341.51,329.72,315.81,319.71,318.81,319.22,307.27,306.07,310.92,313.66,308.59,310.44,309.43,312.19,321.83,322.03,313.42,307.44,303.1,318.14,320.58,318.34,327.36,327.41,346.21,351.36,350.14,350.01,348.6,347.94,353.8,371.45,381.05,375.27,381.42,403.88,399.57,392.59,383.26,389.31,402.26,397.69,397.02,404.77,415.63,408.52,416.52,422.73,419.65,432.39,426.79,417.49,418.58,414.31,398.05,384.21,397.07,,419.94,416.88,419.01,413.85,402.69,423.2,437.67,428.76,401.39,403.89,404.62,392.67,412.13,417.79,427.58,416.0,414.45,434.46,,445.48,407.26,413.16,417.93,386.91,391.78,397.17,388.98,377.16,,388.83,379.03,385.4,393.64,395.65,386.01,392.75,390.96,380.53,375.36,372.46,382.81,386.73,380.2,371.86,371.89,365.83,353.37,366.67,367.41,361.88,380.29,377.69,377.31,389.93,383.93,385.3,384.43,381.17,389.39,390.28,376.63,373.26,370.24,373.09,371.17,373.66,371.8,374.52
ADP,205.73,205.68,214.25,218.36,214.36,214.97,216.27,217.16,222.7,226.24,223.04,217.37,213.0,207.45,208.52,209.11,209.73,208.28,210.66,208.69,209.71,204.89,202.11,204.51,201.25,205.47,203.18,201.28,204.01,204.34,203.61,200.78,196.02,188.79,195.38,195.08,196.92,200.39,200.47,202.39,202.87,201.69,198.53,196.53,197.23,199.17,215.06,211.94,214.21,211.32,210.6,207.2,214.09,213.0,211.67,213.81,208.63,208.37,214.48,222.94,220.44,220.69,220.08,225.31,,218.35,217.65,219.86,221.84,233.74,231.18,227.75,231.31,231.95,229.08,231.17,231.1,225.77,226.21,223.22,222.0,218.76,218.41,,214.6,220.5,219.86,216.31,223.55,224.97,223.95,235.73,242.27,,239.49,245.6,241.37,241.28,241.92,251.05,246.44,247.47,256.56,255.27,255.24,246.22,243.12,242.88,250.09,254.98,264.17,273.37,263.87,266.46,269.78,270.62,270.09,273.51,271.32,273.68,271.09,269.33,276.23,272.96,266.06,269.31,277.22,279.21,280.81,283.01,282.78,281.39,284.68
ADS.DE,158.6,160.2,158.5,162.5,158.2,151.35,147.1,141.8,145.1,142.7,139.7,141.85,140.05,141.2,138.9,141.05,140.6,138.05,133.25,133.5,133.25,132.15,132.65,134.1,132.05,133.65,136.65,136.9,134.9,,130.85,137.55,137.0,137.8,136.0,137.9,140.0,141.85,146.4,144.85,145.05,141.55,138.1,136.25,137.8,137.8,149.3,147.4,,141.25,142.65,148.25,152.0,146.85,141.7,142.0,144.0,146.8,145.7,147.3,146.75,148.2,150.0,154.5,157.85,157.2,165.65,167.15,166.6,165.0,166.85,161.6,160.55,161.45,164.55,167.35,172.1,173.3,176.35,176.35,174.2,173.1,177.95,174.9,174.5,171.1,176.0,177.9,181.7,180.9,179.4,181.0,183.7,185.3,185.4,187.9,179.15,181.55,181.85,183.6,180.6,182.9,182.95,181.1,181.5,179.4,179.25,176.5,173.6,179.65,181.1,182.25,161.25,159.4,164.8,160.65,163.0,164.8,164.05,167.35,162.2,158.5,159.25,157.55,152.6,154.7,155.9,151.0,154.45,155.25,152.6,150.7,
ADSK,218.64,220.91,224.81,233.45,245.87,246.94,253.4,257.89,264.12,260.99,260.75,253.85,251.83,249.89,251.17,249.78,252.92,248.48,247.65,247.99,247.44,239.39,235.42,239.83,229.84,235.68,239.4,237.87,238.08,237.72,234.96,240.65,225.13,218.45,227.14,228.59,239.32,243.16,242.02,245.31,245.48,247.57,231.98,237.44,235.03,234.85,235.87,237.0,244.35,247.54,249.43,243.08,251.04,244.5,236.07,234.87,231.03,233.86,236.62,243.49,244.16,243.63,240.19,240.99,,238.23,237.0,240.95,231.31,248.16,236.66,229.6,233.64,229.96,225.04,224.08,221.28,205.57,198.43,198.6,201.38,193.07,193.82,,187.72,188.78,192.61,189.73,196.26,195.24,194.42,199.76,207.48,,207.54,212.38,206.04,208.58,208.45,212.22,205.92,208.98,217.06,218.35,217.8,211.15,203.5,205.26,209.75,225.91,237.38,245.25,234.97,234.2,234.71,237.21,240.03,242.47,249.08,256.07,251.59,249.51,257.96,251.66,241.64,246.79,251.29,251.02,253.83,254.42,251.21,254.77,270.58
AEP,132.03,132.39,132.46,132.1,133.82,133.29,131.92,133.52,132.04,131.87,131.86,132.31,131.26,132.22,133.61,134.15,133.62,130.97,128.72,125.66,127.92,128.8,128.3,128.85,130.1,131.12,131.08,131.67,132.68,132.36,132.92,134.71,137.15,136.3,134.46,135.46,134.39,134.56,133.66,133.28,131.89,131.62,135.08,134.73,135.07,135.59,134.44,137.11,136.91,134.66,137.04,132.56,131.76,130.16,130.7,131.94,127.95,128.6,125.15,127.68,128.92,128.87,129.61,131.59,,130.9,129.57,127.76,126.67,123.79,127.11,126.31,127.79,129.14,126.77,127.76,128.53,128.48,129.23,129.31,129.75,128.27,127.69,,130.3,133.74,134.96,137.0,138.69,137.97,136.81,135.05,138.51,,135.98,137.53,135.9,133.85,135.43,135.63,134.94,132.5,133.13,132.14,131.05,130.48,133.07,134.92,135.54,133.59,133.02,129.4,127.78,127.85,128.32,128.35,126.47,125.26,125.73,122.84,123.58,124.65,125.38,125.6,126.53,126.35,126.27,125.7,120.94,121.98,122.77,123.36,122.71
AIR.DE,183.2,182.92,184.52,186.74,184.28,180.32,175.32,177.24,175.98,175.46,175.34,177.86,176.8,171.92,168.26,170.0,170.34,170.2,164.02,160.92,166.42,164.56,168.48,163.34,160.52,159.2,160.78,167.9,165.08,,162.58,175.42,170.86,169.42,170.38,172.84,171.6,171.68,179.44,176.32,170.44,165.78,168.12,165.96,165.56,166.04,174.56,174.84,,175.96,177.8,188.54,183.54,179.78,175.7,172.72,173.2,172.68,167.64,170.46,168.96,173.44,166.0,169.66,174.4,172.32,173.8,177.76,179.62,173.22,172.6,169.32,177.02,179.0,176.92,175.68,174.74,175.32,179.26,183.76,185.32,187.02,191.78,189.48,189.64,193.32,195.04,195.16,191.92,191.62,194.44,198.26,204.0,206.15,209.45,203.9,197.28,196.48,197.12,195.18,195.86,195.38,195.64,194.28,191.7,194.54,208.3,204.3,205.8,208.95,212.05,209.8,203.95,202.25,208.0,214.2,215.05,212.5,213.7,214.55,212.4,213.55,213.0,215.4,214.3,209.8,208.0,204.9,203.65,202.85,204.6,206.1,
ALV.DE,378.8,378.5,381.5,384.7,382.2,370.4,355.4,359.0,353.2,347.6,344.2,354.4,351.9,350.5,354.1,359.5,362.1,358.6,353.2,347.6,349.7,349.5,353.8,350.9,350.9,357.3,359.3,367.7,367.9,,367.2,378.1,378.3,377.3,378.9,384.0,386.1,385.9,390.0,389.3,394.8,389.8,390.1,388.0,388.2,391.9,384.9,389.0,,377.3,382.9,392.5,388.7,369.1,371.7,368.2,372.3,380.3,374.5,381.4,382.6,385.7,385.9,385.6,391.0,388.9,389.4,380.9,381.6,374.9,376.7,368.6,371.3,372.8,374.1,377.9,381.5,383.3,386.4,394.7,399.0,400.2,400.0,400.4,406.6,405.2,404.5,407.1,407.9,408.8,414.1,414.1,418.4,419.8,420.2,422.8,418.5,422.7,421.6,421.0,421.0,416.4,419.6,422.9,422.8,422.8,426.1,424.4,427.1,430.4,432.4,428.2,431.5,432.5,432.9,434.7,436.6,440.7,433.5,437.7,435.7,438.9,437.8,442.7,438.6,442.0,438.0,438.3,440.8,445.4,450.0,451.7,
AMAT,373.55,377.93,394.95,375.72,372.3,372.18,351.32,357.76,346.53,324.74,338.94,345.88,351.07,337.27,341.53,346.18,352.46,349.47,357.21,357.06,361.79,373.99,369.34,338.55,337.17,323.12,341.79,353.8,348.47,352.62,354.31,385.72,397.81,399.49,395.73,395.64,394.26,389.9,396.94,391.62,394.33,403.48,403.91,417.04,404.86,381.11,382.59,394.49,389.08,391.38,410.82,428.62,410.64,435.44,443.62,431.2,436.61,440.56,436.62,413.57,406.91,426.85,427.36,432.16,,454.89,448.25,449.68,450.06,458.17,490.05,500.77,501.7,453.01,492.17,499.21,497.01,552.64,567.25,585.78,568.23,592.92,617.11,,640.18,585.88,588.97,668.0,626.84,694.64,723.0,650.91,603.04,,592.79,554.5,570.5,588.66,602.5,575.39,595.7,579.43,560.93,529.66,525.7,564.55,553.92,562.8,536.25,516.89,476.46,436.45,501.77,507.67,518.21,546.62,534.24,527.48,539.14,522.12,525.61,548.15,534.54,507.18,535.31,514.33,496.17,496.21,492.32,484.19,480.04,479.76,482.36
AMD,196.6,213.84,210.86,203.68,200.21,198.62,190.95,202.07,199.45,192.43,202.68,203.23,204.83,197.74,193.39,196.58,196.31,199.46,205.27,201.33,202.68,205.37,220.27,203.77,201.99,196.04,203.43,210.21,217.5,220.18,221.53,231.82,236.64,245.04,246.83,255.07,258.12,278.26,278.39,274.95,284.49,303.46,305.33,347.81,334.63,323.21,337.11,354.49,360.54,341.54,355.26,421.39,408.46,455.19,458.79,448.29,445.5,449.7,424.1,420.99,414.05,447.58,449.59,467.51,,503.89,495.54,518.09,516.1,510.13,521.54,542.52,523.2,466.38,490.33,475.51,452.4,488.45,511.57,547.26,507.29,512.48,537.37,,551.63,519.85,519.74,532.57,521.58,539.49,580.91,540.88,517.82,,552.05,516.11,517.41,546.72,557.89,534.39,548.13,529.14,500.94,495.76,503.57,544.43,552.33,539.69,521.95,494.95,454.62,429.56,485.39,476.15,484.64,518.58,482.05,489.28,483.36,469.56,474.32,482.93,483.01,514.39,506.0,484.39,466.42,469.46,473.25,456.75,479.18,480.93,476.67
AMGN,379.42,382.87,384.33,379.33,388.16,385.7,377.0,379.27,367.6,369.53,376.97,375.43,377.64,367.79,366.21,366.25,361.13,351.48,349.92,347.8,349.77,348.43,353.93,353.16,348.77,349.0,351.85,353.28,347.94,342.57,340.0,349.81,355.6,351.02,349.82,350.95,348.22,349.39,355.3,350.16,344.86,345.92,348.62,344.55,340.18,339.57,338.02,346.25,329.82,323.85,329.59,331.11,329.09,331.7,329.59,336.29,336.45,336.23,326.31,324.39,330.75,331.57,337.42,339.3,,335.94,336.06,336.48,336.79,329.13,328.26,338.22,345.6,349.58,345.73,344.57,337.73,354.06,355.2,350.53,347.84,341.66,337.6,,344.72,347.01,351.43,352.82,358.33,360.55,362.12,361.33,374.15,,366.44,368.1,367.99,363.62,363.39,360.45,355.25,358.32,371.58,366.29,364.17,366.24,366.05,371.5,376.04,376.26,393.1,387.64,387.64,385.16,378.87,390.02,407.83,404.85,410.95,417.2,414.3,416.18,417.84,415.21,419.38,425.28,442.36,433.73,439.33,443.84,442.24,440.34,436.99
AMZN,205.27,208.56,210.64,207.92,210.0,208.39,208.73,216.82,218.94,213.21,213.49,214.33,212.65,209.53,207.67,211.74,215.2,209.87,208.76,205.37,210.14,207.24,211.71,207.54,199.34,200.95,208.27,210.57,209.77,212.79,213.77,221.25,233.65,238.38,239.89,249.02,248.5,249.7,250.56,248.28,249.91,255.36,255.08,263.99,261.12,259.7,263.04,265.06,268.26,272.05,273.55,274.99,271.17,272.68,268.99,265.82,270.13,267.22,264.14,264.86,259.34,265.01,268.46,266.32,,265.29,271.85,274.0,270.64,261.26,256.52,250.02,253.79,246.03,245.22,244.19,238.0,241.51,238.55,246.02,246.0,237.5,244.39,,232.79,234.11,234.27,227.01,232.69,240.14,238.34,241.7,242.67,,244.16,245.98,243.62,247.04,245.34,247.31,247.49,254.96,249.89,247.23,249.99,247.55,244.85,233.66,232.11,231.39,230.86,226.65,235.5,271.58,284.02,277.42,272.65,272.26,274.48,278.09,272.27,267.28,265.13,262.65,261.31,259.45,265.84,260.11,258.63,262.07,261.06,260.28,256.26
ARM,123.78,128.14,131.74,129.26,127.45,124.37,121.72,124.11,120.62,114.38,117.63,120.55,120.1,115.12,115.75,121.7,127.31,128.36,129.82,132.35,136.89,134.96,157.07,154.8,144.13,136.96,151.28,155.07,149.11,148.77,143.86,148.91,149.795,148.93,157.58,161.22,159.34,162.33,166.73,175.1,175.49,196.57,204.61,234.81,215.88,198.65,201.69,210.32,211.18,203.26,208.84,237.3,213.31,213.27,212.65,207.92,221.21,228.5,209.16,215.12,223.15,256.73,298.23,306.51,,321.22,302.71,335.27,353.29,408.85,402.71,411.83,393.44,342.93,346.39,324.86,307.43,342.23,380.81,412.55,396.34,418.88,439.46,,407.72,366.39,359.08,347.71,334.27,343.58,354.57,337.47,315.28,,322.24,300.43,300.24,327.87,323.39,298.99,281.17,277.01,262.01,267.19,269.61,289.73,283.4,283.04,260.01,266.33,244.74,224.89,241.54,239.69,239.06,280.56,274.58,286.68,282.57,267.85,268.93,271.87,278.65,279.44,271.43,253.32,249.34,250.72,243.32,238.78,241.56,251.06,255.21
ASML,1249.2,1263.4,1288.4,1232.4,1233.4,1210.4,1161.8,1199.8,1186.0,1147.0,1147.6,1200.0,1198.8,1180.4,1179.6,1197.4,1193.8,1191.0,1168.6,1128.2,1175.4,1201.6,1211.6,1165.8,1146.4,1112.0,1119.2,1187.6,1161.0,,1113.8,1212.6,1234.8,1270.0,1259.8,1284.2,1230.0,1222.6,1244.0,1245.0,1237.0,1249.8,1223.8,1249.6,1212.6,1171.8,1192.6,1222.4,,1187.4,1229.0,1305.0,1300.0,1319.4,1305.6,1265.8,1327.0,1367.0,1306.6,1264.4,1249.0,1333.0,1345.2,1409.0,1430.6,1389.8,1376.4,1391.0,1384.8,1394.0,1461.8,1485.2,1498.0,1462.2,1514.6,1508.4,1507.2,1576.0,1629.6,1622.2,1591.2,1656.4,1676.0,1657.8,1655.8,1560.8,1553.8,1594.0,1578.2,1612.0,1721.4,1641.6,1577.8,1634.4,1628.4,1509.8,1529.0,1602.8,1569.0,1540.8,1555.8,1549.4,1598.4,1537.0,1520.8,1593.4,1589.6,1579.2,1563.0,1429.8,1388.4,1362.2,1440.0,1434.2,1419.6,1472.6,1465.8,1494.0,1499.0,1513.8,1554.0,1567.0,1609.4,1579.6,1621.2,1541.8,1507.6,1505.4,1506.0,1489.8,1501.0,1497.6,
AVGO,330.34,325.49,332.31,321.7,319.55,318.82,313.84,317.53,332.77,330.48,345.75,342.58,341.57,335.97,322.16,324.92,321.31,315.93,319.84,310.51,322.51,318.29,318.81,309.42,300.68,293.41,309.51,313.49,314.55,314.43,333.97,350.63,354.91,371.55,379.75,380.78,396.72,398.47,406.54,399.63,402.17,422.65,419.94,422.76,418.2,399.83,405.45,417.43,421.28,416.5,427.36,425.44,412.56,430.0,428.43,419.3,416.79,439.79,425.19,420.71,411.07,417.76,414.57,414.14,,422.01,421.86,426.58,446.77,459.97,481.57,479.23,418.91,385.73,396.6,392.16,372.1,385.57,382.07,393.94,376.71,392.9,411.35,,392.13,380.15,382.07,378.91,365.02,372.45,377.75,369.34,360.45,,373.9,370.78,388.69,401.11,399.97,384.05,389.11,394.28,374.45,370.83,378.16,386.5,396.81,392.47,381.92,383.22,380.91,370.32,387.84,389.28,392.23,418.16,418.28,420.57,427.76,422.4,416.08,416.05,417.82,392.99,392.43,380.0,362.48,364.03,368.45,358.76,356.74,355.59,371.54
AXP,321.24,320.48,327.09,335.32,308.9,307.43,307.82,311.21,307.21,301.0,305.38,303.15,305.99,301.89,299.96,298.2,300.27,294.39,294.93,295.5,301.91,302.0,300.24,299.39,292.27,297.49,302.48,301.45,300.18,305.73,307.03,316.34,317.77,313.5,323.82,326.96,329.06,325.76,331.69,329.87,329.79,332.9,318.55,314.08,318.84,315.9,315.65,323.05,319.68,319.21,315.95,321.9,318.69,316.03,312.32,314.31,309.61,312.77,313.48,312.24,309.31,309.82,309.7,311.78,,310.72,312.54,315.12,316.47,313.54,310.97,300.57,312.53,310.66,312.3,318.38,313.34,318.49,325.44,335.38,340.74,340.54,338.0,,338.07,337.78,342.56,342.46,340.36,340.88,338.25,348.0,351.96,,356.03,349.58,336.39,346.72,350.58,354.43,355.06,358.44,361.57,355.35,351.93,350.79,348.74,340.84,326.17,335.39,336.63,331.5,337.52,336.25,344.72,346.71,348.99,342.6,340.91,338.86,340.81,344.08,343.65,342.48,336.21,338.52,339.9,331.15,336.0,337.33,335.95,336.15,334.16
AZN,204.94,206.61,205.79,203.98,208.45,203.73,201.76,201.53,197.52,194.22,194.95,194.99,193.31,192.5,189.9,192.01,191.29,188.42,188.93,183.6,184.07,185.78,187.14,183.4,188.42,193.88,197.22,200.73,203.49,202.83,200.81,204.27,204.99,204.03,202.24,204.38,201.21,200.47,204.8,200.69,195.78,194.81,192.3,189.75,187.51,186.68,185.2,187.37,184.74,183.46,181.24,184.92,182.52,182.85,181.86,184.54,187.72,184.96,181.58,183.92,184.64,187.46,189.75,187.03,,187.19,185.65,185.33,185.67,179.71,177.45,176.28,181.8,185.95,181.55,183.43,178.96,182.28,178.75,177.27,178.71,177.89,174.93,,176.43,181.02,183.02,185.68,188.41,190.95,189.62,183.86,195.15,,190.16,193.12,189.28,178.49,171.61,169.47,164.5,168.37,169.29,168.9,164.52,169.34,169.73,168.27,169.26,169.64,172.48,173.3,171.34,169.64,157.97,155.62,161.5,161.07,161.42,161.91,158.75,158.5,157.24,156.45,156.89,160.1,164.95,164.49,165.98,166.71,169.66,166.27,164.52
BA,230.44,233.39,230.36,229.41,227.53,229.74,224.12,227.31,222.06,231.11,225.0,217.76,214.1,204.76,209.89,213.47,210.82,205.99,201.18,195.12,198.41,196.42,199.61,194.36,190.52,189.21,199.03,207.32,208.22,212.3,210.0,217.8,220.06,217.63,222.14,223.77,223.93,218.88,223.38,225.08,219.16,231.28,234.15,232.44,231.33,230.72,224.11,229.03,227.38,221.3,224.38,229.93,231.03,237.36,238.21,236.87,240.6,229.21,220.49,220.61,215.01,222.2,219.61,219.02,,218.9,224.3,228.78,231.15,224.3,217.7,210.58,217.42,215.45,215.92,214.51,209.0,221.63,219.05,228.95,227.49,225.63,222.72,,220.83,216.71,220.25,218.12,217.25,214.69,216.47,218.58,226.49,,234.54,231.68,224.95,223.11,222.28,215.51,217.11,218.12,214.34,214.03,209.48,204.8,208.65,209.23,209.52,211.5,221.56,214.01,220.9,216.14,233.49,237.16,240.19,232.19,234.42,232.79,233.24,231.2,230.33,231.67,225.95,223.06,222.2,215.1,214.2,210.46,211.08,212.09,209.89
BAS.DE,48.87,48.87,48.93,49.66,48.7,47.33,45.43,46.15,46.43,45.27,44.79,45.85,46.31,48.45,48.35,48.3,48.86,48.29,46.13,46.0,46.89,48.85,50.02,50.74,52.1,53.0,52.4,50.94,50.94,,51.93,52.21,53.58,54.7,54.65,53.73,52.9,53.41,52.77,52.9,53.49,53.51,54.24,54.32,54.28,54.44,54.05,54.74,,52.85,53.45,52.52,50.91,51.65,53.46,53.2,54.0,53.39,52.63,52.96,52.3,51.1,51.89,51.67,51.35,51.32,51.09,50.72,50.82,50.84,51.07,50.78,50.65,50.98,48.85,48.525,47.98,48.875,49.5,49.225,49.11,49.885,48.535,49.005,49.17,48.905,48.89,48.275,47.76,46.93,46.78,46.795,47.64,47.78,47.33,47.355,47.62,47.44,47.55,48.85,49.42,47.94,48.415,48.545,48.07,48.245,48.97,48.87,48.57,48.21,48.965,50.86,51.24,50.4,51.06,50.44,50.7,51.32,51.5,51.63,51.26,51.27,50.17,51.15,50.51,50.99,51.79,51.5,51.67,52.43,51.68,51.78,
BAYN.DE,42.8,42.34,42.585,41.845,42.01,40.61,38.31,37.4,37.775,36.39,37.59,39.625,40.015,39.13,38.635,40.09,40.21,39.53,38.465,38.385,38.465,37.74,38.13,38.275,38.26,39.065,39.385,40.12,39.695,,39.27,40.48,40.45,40.12,40.79,40.61,40.74,40.69,41.1,41.36,39.97,40.24,40.04,38.5,38.38,36.62,36.45,38.05,,37.4,37.9,38.51,37.43,36.98,37.08,38.44,37.97,38.18,37.71,37.83,38.52,39.23,38.91,38.51,38.41,37.82,38.12,37.84,36.53,35.13,34.1,34.7,35.56,36.16,35.69,35.49,35.37,35.79,36.19,36.31,36.01,37.74,37.15,37.84,38.18,38.6,39.59,47.0,47.0,46.03,48.41,49.0,53.36,53.36,51.18,50.82,49.64,50.7,50.12,49.92,49.12,47.71,47.72,48.46,47.31,47.62,46.97,46.2,46.06,47.23,47.03,47.69,48.44,48.05,47.12,48.25,49.22,49.4,49.81,49.23,48.95,48.0,48.06,47.79,47.9,48.74,49.01,48.61,48.04,48.48,49.26,49.11,
BEI.DE,107.8,109.7,105.65,105.85,107.65,104.75,83.66,83.72,82.54,84.1,80.98,80.54,79.08,78.82,78.44,76.4,74.56,74.26,72.84,72.74,72.58,73.66,74.96,75.22,74.8,76.42,76.58,76.1,75.54,,73.6,76.02,75.7,75.3,74.8,75.88,76.48,76.38,78.54,77.38,74.7,74.06,74.1,72.14,72.3,72.22,70.16,70.58,,70.38,71.0,72.3,72.78,72.1,70.14,70.84,69.88,70.58,70.06,70.24,70.58,72.0,72.5,72.54,72.72,71.76,73.24,71.72,69.18,68.62,68.28,67.3,67.56,70.0,68.84,70.54,70.74,70.28,70.54,70.64,70.8,71.7,72.72,71.6,71.2,71.26,73.96,73.94,75.52,75.22,75.34,76.28,76.68,76.52,75.64,78.2,77.12,76.72,77.82,78.92,78.02,78.7,79.96,79.4,79.0,78.52,78.72,77.74,77.54,79.08,80.6,81.7,80.78,80.72,79.16,78.2,82.2,81.92,81.2,79.4,79.78,78.84,78.58,78.32,76.24,77.0,77.86,78.66,79.6,81.28,80.3,80.9,
BIIB,196.34,195.13,190.73,188.02,191.82,188.05,184.02,189.94,188.08,184.87,188.24,188.41,190.48,184.9,181.55,183.26,185.29,182.31,183.41,181.46,183.64,183.94,189.18,191.06,183.84,187.57,183.33,183.78,177.34,172.34,175.61,179.9,177.11,172.97,176.37,178.96,180.54,176.02,177.35,183.34,185.95,190.07,187.88,184.38,180.67,183.38,194.38,189.28,187.06,187.21,189.13,190.68,191.38,193.45,197.95,199.36,204.53,191.37,192.95,191.91,190.56,187.8,189.47,193.76,,193.08,196.97,196.39,196.0,192.23,188.83,195.96,196.45,195.34,192.62,199.1,194.24,199.96,200.05,198.64,195.61,198.67,196.58,,199.71,197.19,199.59,201.96,216.03,216.63,216.06,209.74,216.12,,208.46,205.7,200.36,198.91,199.15,209.03,191.95,197.24,208.92,205.99,199.95,203.16,197.74,200.62,202.19,200.14,205.61,209.23,207.93,202.95,201.82,208.45,206.63,206.28,207.94,207.13,203.89,208.87,210.65,209.83,209.15,212.55,221.56,214.35,216.78,218.12,220.77,221.07,221.5
BKNG,154.8332,162.7424,166.52,170.0104,169.574,167.1912,166.1548,170.1432,184.5312,182.0172,177.6276,174.8708,172.8968,168.7084,169.6504,171.7208,177.6932,175.2556,171.7716,172.9616,175.8716,171.626,169.51,168.5504,162.4856,164.7004,168.4128,167.3824,167.7724,176.19,173.41,181.0,176.6,173.46,177.25,181.12,185.69,184.56,192.01,192.03,190.86,179.4,176.75,180.25,177.52,173.38,173.98,168.36,169.63,165.58,167.63,168.32,171.28,165.93,157.8,160.56,155.03,154.48,154.13,155.07,154.54,156.95,159.68,161.06,,163.3,168.37,169.82,167.43,169.25,167.21,164.78,167.49,165.84,162.3,163.99,160.64,163.59,164.94,174.64,175.72,171.63,171.78,,167.77,168.94,181.25,177.05,181.46,182.41,178.24,182.64,184.56,,181.03,181.95,174.29,175.52,178.39,175.8,174.85,182.8,184.61,181.68,179.45,179.4,177.86,172.83,177.46,186.79,199.31,201.3,193.24,192.9,192.71,194.27,207.02,207.39,214.42,212.88,212.87,212.26,213.34,212.06,204.76,208.25,213.0,209.87,209.62,213.36,213.78,208.89,202.56
BKR,63.67,64.72,64.81,64.9,65.26,64.83,62.54,60.88,60.19,59.81,60.1,59.34,58.97,55.9,54.26,55.19,57.0,57.48,60.71,60.35,62.53,63.49,62.62,62.36,63.22,60.68,61.05,60.34,60.38,60.7,61.25,63.16,63.42,62.83,62.56,61.49,60.07,60.6,59.78,59.17,60.25,62.54,64.49,68.94,68.38,67.67,68.81,69.67,69.12,69.01,67.78,66.67,63.53,63.89,64.6,65.24,65.41,64.61,64.12,66.21,65.47,66.79,65.8,66.06,,66.73,63.2,64.71,63.88,62.97,64.54,64.27,66.11,62.59,64.84,63.55,63.02,63.48,63.14,62.46,61.52,60.07,58.41,,59.15,58.68,56.38,56.94,56.56,56.31,55.5,53.82,52.78,,53.25,54.47,57.58,57.2,57.56,57.66,57.78,57.25,56.54,55.95,55.15,56.38,56.6,56.09,57.25,60.59,58.46,58.72,59.9,60.49,60.81,61.73,61.67,62.75,61.55,64.07,64.81,64.28,63.44,64.82,64.9,64.44,64.48,62.78,62.34,61.99,61.82,62.0,62.11
BMW.DE,87.7,88.48,88.12,88.84,89.46,85.0,82.52,82.64,81.42,79.8,78.76,80.4,80.82,81.68,81.3,79.08,79.36,79.02,76.34,75.76,77.84,77.84,78.88,78.18,77.78,78.06,78.0,79.02,79.24,,78.24,82.42,82.38,83.84,83.88,82.5,82.24,81.0,84.22,83.5,83.48,81.88,81.08,79.34,79.3,79.36,77.56,77.92,,76.02,77.22,81.4,82.36,81.82,80.9,80.02,80.7,76.38,74.4,74.12,73.72,74.36,74.36,74.48,75.44,75.26,77.02,75.94,74.76,73.72,72.98,71.32,70.24,70.38,69.74,68.72,67.62,66.54,67.0,68.34,67.9,62.24,59.74,59.98,60.94,61.06,60.9,60.78,59.06,57.5,57.26,58.2,60.2,60.56,60.12,60.74,58.6,58.28,58.14,57.92,57.32,58.92,58.32,58.54,58.34,57.56,57.66,56.92,56.96,57.48,59.54,60.3,60.18,59.3,60.06,59.96,59.1,58.62,59.78,59.3,60.12,59.32,58.76,59.4,58.34,57.96,58.36,57.92,58.88,58.32,58.0,57.68,
BNR.DE,53.3,53.22,52.0,52.32,52.3,51.0,49.18,47.05,46.27,45.04,44.4,45.33,46.7,49.08,49.2,48.41,49.69,48.85,47.91,48.48,51.28,55.16,55.62,56.5,56.3,57.44,57.28,57.56,56.82,,57.56,57.54,59.18,58.48,57.54,56.64,57.96,60.36,59.28,59.8,60.38,60.26,59.94,59.84,60.1,59.86,59.72,62.08,,62.82,62.72,61.9,61.34,60.9,62.86,62.02,60.6,61.64,61.4,60.92,59.76,58.82,57.92,57.5,57.08,57.04,56.48,55.84,56.54,57.3,57.04,56.54,56.28,56.8,54.84,55.24,55.58,55.92,56.1,55.98,55.06,55.0,53.96,53.9,53.74,53.5,54.8,54.8,54.18,53.24,53.18,53.42,55.74,56.2,56.08,55.9,56.08,55.48,56.22,58.26,59.66,59.1,59.72,59.54,58.12,58.14,59.1,59.46,59.06,59.26,60.72,61.68,62.0,61.14,62.08,62.5,63.06,64.64,64.08,63.22,62.5,61.14,60.6,61.38,60.64,60.88,61.68,60.92,60.48,61.42,60.74,60.56,
CAT,756.47,768.23,766.61,752.93,742.83,752.32,722.18,731.97,706.08,680.9,704.82,716.68,707.59,700.69,693.99,699.78,702.0,693.62,688.65,680.88,701.7,716.63,719.04,703.19,695.4,667.43,708.46,730.32,717.22,721.24,724.44,771.58,787.07,790.66,791.73,794.25,770.17,772.66,794.65,798.4,800.45,808.87,835.24,830.79,828.79,817.87,810.05,890.11,889.67,874.78,904.59,926.93,895.69,897.45,926.79,912.14,902.3,920.22,888.31,863.95,860.15,872.56,865.95,879.89,,908.55,909.93,887.67,875.87,865.36,909.81,926.18,940.48,904.28,915.64,914.7,856.16,897.63,910.57,933.93,945.46,955.92,985.82,,1022.28,984.24,994.45,1057.01,997.47,1033.1899,1064.9,991.41,963.53,,969.92,940.12,948.08,938.39,952.41,931.47,933.34,914.3,877.17,880.28,864.3,889.97,889.31,894.54,888.73,873.28,840.85,782.71,809.14,814.81,830.03,876.54,871.08,856.96,842.19,837.58,843.37,855.6,854.6,856.57,881.65,840.87,816.15,815.39,827.9,811.02,811.29,821.93,817.0
CBK.DE,34.41,34.25,35.9,35.98,34.65,33.29,31.66,32.1,31.24,30.57,30.36,31.72,31.52,30.23,29.59,32.14,32.4,32.88,31.16,30.33,31.58,31.44,32.39,31.49,30.56,30.19,30.79,32.24,31.48,,31.48,34.33,34.11,34.56,34.38,35.24,35.29,34.72,36.06,36.48,35.94,34.82,34.47,33.94,34.75,35.48,35.45,35.21,,34.02,35.55,36.94,36.92,35.47,35.97,35.77,36.16,36.63,36.48,35.94,36.13,37.15,35.87,36.28,37.32,36.71,36.7,36.79,37.06,36.98,37.17,36.41,36.67,37.1,36.4,36.97,36.22,35.78,36.83,36.21,36.3,38.18,38.38,38.37,38.1,37.88,37.38,37.38,37.83,37.06,37.23,37.14,37.89,37.72,38.17,38.28,37.41,37.9,38.64,38.85,39.03,38.03,38.03,36.85,36.91,37.75,38.44,36.35,36.78,37.45,37.59,36.85,37.34,37.67,38.75,39.65,39.35,38.49,39.0,39.1,39.2,39.38,39.86,39.74,39.61,39.0,38.6,38.72,39.01,39.55,39.81,40.93,
CDNS,279.8,290.63,301.84,297.6,301.4,303.36,300.63,305.43,299.84,296.94,298.05,293.29,294.16,290.32,287.03,292.72,293.75,289.64,287.4,283.9,292.52,284.32,281.39,280.62,271.77,270.88,277.87,280.19,278.72,279.39,279.48,289.5,281.01,265.66,288.2,292.37,304.1,306.96,311.03,318.5,325.84,331.61,314.33,332.89,336.54,325.31,329.95,329.59,340.94,349.51,353.63,354.9,356.9,362.7,364.2,358.04,354.55,352.84,347.24,345.99,338.12,350.89,358.46,373.59,,381.75,374.05,373.85,374.93,414.16,416.39,408.0,411.68,376.19,394.24,390.9,385.13,383.74,384.96,394.5,387.85,389.6,387.39,,389.04,379.06,372.4,368.23,377.27,372.72,375.32,377.73,373.14,,375.77,371.06,374.06,385.95,384.17,377.92,376.8,371.5,364.65,330.11,329.93,344.64,337.01,330.46,326.24,338.61,344.72,332.76,332.82,340.02,336.15,340.62,337.07,338.42,339.24,331.91,327.53,323.13,323.77,324.82,323.47,316.52,314.98,313.59,319.02,315.92,331.9,334.68,347.55
CDW,123.13,125.53,121.58,123.39,122.64,124.77,125.28,124.87,124.31,123.42,120.74,118.65,118.91,113.48,116.16,118.2,117.44,117.59,119.65,120.27,120.16,121.9,121.3,121.18,118.17,118.51,121.02,121.4,122.01,123.47,123.69,126.73,126.75,125.53,131.89,130.04,129.56,133.31,133.96,136.85,141.41,142.44,136.47,135.32,133.11,132.92,135.56,136.91,136.03,135.3,136.8,109.0,110.2,104.79,102.54,99.3,100.4,102.16,102.07,104.04,104.35,106.21,106.88,110.82,,108.59,114.19,116.16,125.45,140.98,139.72,137.3,139.45,133.04,134.81,133.33,129.3,129.13,132.19,131.3,130.09,126.7,128.37,,123.57,130.06,130.22,128.02,133.3,139.82,140.64,138.41,133.37,,134.19,139.23,137.72,140.21,144.39,144.36,139.38,130.86,134.34,133.24,130.01,129.72,129.83,130.18,133.82,138.04,144.03,147.92,145.56,147.81,147.7,154.0,140.1,141.97,135.81,136.43,135.37,136.67,142.05,139.42,135.3,134.97,137.2,133.54,137.25,132.51,142.09,141.46,148.97
CEG,293.8,312.64,325.84,323.56,329.88,327.16,324.87,322.85,332.07,319.06,322.99,317.09,300.69,301.55,301.77,305.58,307.69,317.22,316.47,281.99,289.76,294.85,303.32,295.19,301.49,298.61,279.25,279.46,272.82,275.16,272.58,284.27,280.25,286.5,291.72,296.61,294.73,299.14,296.21,287.56,277.7,287.16,292.77,313.53,315.17,305.71,297.0,313.0,307.81,321.05,320.42,322.78,311.28,303.63,299.69,293.6,274.89,275.26,267.2,262.0,260.67,281.26,285.83,294.07,,301.57,288.68,286.31,287.75,265.7,272.65,267.24,264.59,254.83,250.67,251.65,242.3,246.71,253.76,262.35,268.0,267.17,274.06,,275.53,270.26,267.97,268.69,264.02,259.32,248.37,236.5,239.25,,245.87,239.71,244.52,250.74,251.38,257.57,256.43,258.115,251.77,252.39,253.5,262.22,274.9,275.6,274.35,270.0,259.82,257.95,263.56,262.75,273.71,267.25,265.12,261.1,269.89,270.43,278.36,278.68,278.64,282.5,278.2,266.83,274.17,272.92,272.88,273.43,278.42,279.52,282.41
CHTR,227.52,231.85,225.75,228.38,234.63,232.8,229.41,232.0,229.94,232.24,222.81,219.33,224.36,215.08,218.19,217.65,222.52,209.0,211.63,213.01,216.61,217.6,218.91,218.51,219.14,220.94,215.88,216.27,219.79,219.98,223.8,221.63,223.23,218.82,226.3,215.57,220.29,235.97,236.62,244.69,241.95,242.49,241.78,180.13,174.61,173.11,158.65,165.17,171.74,165.34,158.23,156.52,160.24,154.86,147.79,147.92,143.06,148.0,140.33,141.21,142.5,144.61,148.9,145.15,,144.0,147.18,147.26,144.05,142.6,140.27,129.01,129.05,132.12,132.2,135.37,137.79,139.14,145.82,143.71,141.78,132.0,126.23,,125.54,131.75,131.42,129.65,133.64,146.17,142.21,139.84,137.2,,135.44,138.02,133.54,134.35,130.73,131.37,127.91,131.24,133.33,131.37,129.16,127.79,129.22,126.5,123.31,131.61,139.97,145.2,142.0,144.98,144.1,153.07,153.17,157.44,152.57,153.29,157.69,150.22,156.53,154.27,144.1,148.35,152.47,147.76,150.17,150.3,155.14,153.89,148.32
CL=F,66.31,65.63,65.42,65.21,67.02,71.23,74.56,74.66,81.01,90.9,94.77,83.45,87.25,95.73,98.71,93.5,96.21,96.32,96.14,98.32,88.13,92.35,90.32,94.48,99.64,102.88,101.38,100.12,111.54,112.41,112.95,94.41,97.87,96.57,99.08,91.28,91.29,94.69,83.85,89.61,92.13,92.96,95.85,94.4,96.37,99.93,106.88,105.07,101.94,106.42,102.27,95.08,94.81,95.42,98.07,102.18,101.02,101.17,105.42,108.66,107.77,98.26,96.35,96.6,,93.89,88.68,88.9,87.36,92.16,93.76,96.02,93.04,90.54,91.3,88.2,90.03,87.71,84.88,80.75,76.05,76.79,76.6,,74.82,73.21,70.34,71.92,69.23,70.75,69.5,68.58,68.69,,68.55,70.44,73.52,72.08,71.41,78.14,79.34,79.6,78.95,82.49,83.23,84.91,86.83,92.19,89.31,82.61,79.26,84.46,83.59,84.67,80.34,75.77,75.22,77.29,78.18,82.13,83.2,83.27,81.25,82.4,84.5,84.94,85.83,87.83,87.06,85.01,82.36,82.23,83.05
CMCSA,31.63,31.61,30.79,30.85,30.96,30.82,31.01,32.09,31.6,31.91,31.04,31.07,30.57,30.16,30.16,30.34,30.08,28.57,28.98,29.02,29.01,29.22,28.73,28.72,28.33,28.9,28.71,28.05,27.93,27.66,27.79,27.96,28.31,27.93,28.05,28.14,28.3,29.35,29.63,29.73,29.05,29.37,31.64,27.56,27.51,27.64,26.76,27.04,27.19,27.07,26.46,26.44,26.24,25.4,25.03,24.9,24.94,25.17,24.76,24.93,24.8,24.88,25.08,25.21,,25.15,25.22,25.16,24.87,25.05,24.85,23.52,23.33,23.82,23.76,23.85,23.97,23.97,24.5,23.97,23.66,22.69,22.43,,22.32,22.8,22.64,22.69,23.17,24.22,24.55,23.73,23.79,,23.38,23.41,23.19,23.35,23.57,23.97,23.19,23.49,24.1,23.79,23.78,23.81,23.52,21.92,22.3,22.8,24.19,24.61,23.67,23.96,24.56,24.93,24.75,25.17,25.36,25.2,25.65,25.47,26.18,26.18,25.57,26.2,26.59,26.42,26.85,27.02,27.1,27.2,26.41
CON.DE,72.16,74.72,74.74,74.26,73.12,70.6,67.26,66.96,65.66,63.52,60.84,64.1,64.06,61.78,62.16,62.02,62.72,61.8,57.42,57.8,59.74,59.48,60.5,60.18,59.94,59.42,59.6,62.74,62.74,,61.72,65.86,64.86,65.16,63.64,64.94,63.94,64.24,67.68,66.68,65.9,64.78,66.32,65.64,64.8,64.3,63.5,64.18,,61.2,62.34,67.92,69.72,70.68,69.2,68.84,68.86,69.22,67.9,68.1,65.7,66.36,65.98,67.22,68.62,69.02,71.78,71.48,71.36,70.72,72.86,70.82,69.12,68.68,68.62,68.34,68.54,69.76,72.3,73.54,73.78,72.72,71.72,72.46,73.46,72.58,73.62,73.86,72.52,70.8,72.16,72.34,74.82,75.98,74.34,72.88,70.52,71.9,72.86,72.86,71.76,72.48,72.5,72.28,71.34,71.84,71.12,69.24,70.08,70.9,72.14,70.74,72.06,71.86,72.36,71.24,68.58,68.08,68.3,68.04,68.84,68.44,70.46,69.38,69.2,67.9,67.14,67.9,68.78,69.46,69.8,70.28,
COST,986.02,998.43,994.76,986.74,1010.79,1002.77,1007.77,1006.74,982.57,998.1,1005.3,997.36,992.23,1003.32,1008.43,1001.74,996.16,979.92,974.78,972.33,965.73,973.82,974.86,979.65,983.86,996.58,996.43,996.56,1014.96,1018.55,1013.21,1030.27,1032.03,998.47,980.85,974.8,984.75,987.21,999.89,997.84,1005.81,1003.7,1014.38,1011.15,998.01,994.0,998.67,1014.53,1011.7,1012.79,1016.42,995.75,1012.06,1008.79,999.47,1021.88,1033.08,1041.25,1048.95,1076.47,1094.3199,1074.01,1050.45,1028.24,,1002.93,1003.69,995.2,956.32,946.11,954.27,961.83,972.35,971.87,974.75,968.59,983.37,975.69,982.35,979.45,986.68,965.59,951.45,,951.35,957.68,961.09,942.24,952.54,946.68,935.47,924.67,951.67,,950.25,947.5,953.13,912.97,916.25,926.43,921.75,916.54,945.57,940.87,935.8,929.22,927.31,926.06,935.03,951.58,966.58,974.03,954.17,951.89,954.08,947.85,941.99,949.15,947.82,952.75,944.32,949.58,961.85,961.1,953.5,961.35,956.99,933.51,947.74,971.4,960.01,956.12,934.66
CPRT,35.36,35.28,35.84,37.15,38.09,38.31,38.48,37.94,38.02,37.74,37.57,36.31,35.55,33.97,34.09,33.88,34.05,33.0,32.52,32.86,33.39,32.84,33.08,33.03,32.43,32.61,33.2,33.02,33.4,32.84,33.11,33.17,32.99,32.76,33.25,33.29,33.36,33.27,33.45,33.76,33.74,33.68,33.88,33.07,33.19,33.34,33.33,33.11,33.27,33.29,33.15,33.39,33.88,33.94,33.27,33.44,32.94,32.65,32.3,33.44,33.12,33.04,34.4,33.79,,33.24,32.85,33.28,32.77,32.32,30.86,30.35,30.77,30.96,30.86,31.31,31.36,31.06,30.75,30.3,30.74,29.52,30.23,,29.48,29.6,30.4,30.05,30.55,28.1,28.19,28.79,30.01,,29.24,29.27,28.59,28.33,27.52,27.45,27.52,27.28,28.29,27.61,27.49,27.17,27.17,27.2,27.94,29.79,30.69,30.82,29.57,29.12,29.35,29.4,28.91,29.01,29.66,29.59,29.4,28.99,29.39,31.61,31.7,31.51,33.85,34.33,33.8,33.26,33.33,32.67,32.76
CRM,178.16,185.42,191.75,199.47,194.79,192.95,196.05,193.08,201.39,202.11,198.79,194.91,194.13,199.28,192.83,198.34,195.31,194.34,194.99,195.38,195.18,183.02,181.96,185.64,179.31,185.03,186.67,186.24,187.18,185.03,182.96,176.37,170.85,164.96,172.82,171.31,177.6,181.22,182.14,186.27,187.11,189.8,173.3,178.16,180.18,181.32,181.22,176.53,183.82,185.48,186.99,181.19,186.34,181.82,177.49,171.31,165.84,167.58,173.51,179.48,179.42,180.1,176.31,180.07,,179.08,177.51,176.17,191.1,209.6,200.84,190.61,188.75,185.66,182.55,175.35,170.92,166.45,165.89,164.55,161.71,155.02,151.78,,150.12,153.42,152.76,150.19,158.37,157.93,156.66,163.23,166.11,,165.65,169.52,166.58,162.5,163.32,171.22,167.56,167.0,172.68,170.77,173.79,170.06,163.0,156.93,163.66,173.6,181.5,188.38,180.71,184.02,185.95,190.99,192.98,186.77,192.74,197.51,197.47,193.32,201.37,196.21,190.97,196.14,206.09,205.43,209.17,209.06,205.69,205.62,252.05
CRWD,87.5825,87.5625,90.8275,95.275,92.995,96.215,97.855,101.92,106.54,107.2475,108.5325,109.0825,110.5075,110.385,110.445,105.96,108.3,108.9525,107.045,102.25,103.3275,98.2475,96.465,98.155,92.395,95.015,97.6025,98.3275,99.78,99.6525,105.8075,106.6275,98.67,94.755,100.56,99.6225,102.79,104.55,105.9875,108.2875,112.4025,116.67,111.3475,112.0325,113.6525,113.7475,113.095,111.4375,113.91,117.31,119.1325,117.0175,126.43,131.9425,135.565,136.545,140.6425,144.9875,148.52,154.7075,154.22,162.5275,162.0575,165.865,,167.8875,161.34,167.75,182.75,195.5425,192.2375,186.9025,179.7725,167.755,164.6975,161.2325,161.935,172.8825,170.7,173.2275,169.8725,170.74,171.215,,168.86,170.23,168.255,169.6625,175.2725,185.7275,190.785,193.185,193.98,,199.38,194.62,191.12,198.4,187.18,187.91,210.73,206.77,203.76,203.08,198.49,191.15,188.42,183.42,183.28,180.11,181.8,179.38,185.22,190.86,202.54,211.22,209.86,207.39,214.42,225.16,221.9,221.78,225.53,216.95,213.9,212.92,201.63,190.34,191.95,190.68,185.38,189.18,227.96
CSCO,77.74,78.14,79.12,78.1,79.46,79.42,78.96,80.87,80.01,78.64,76.21,77.7,78.1,77.74,78.33,78.9,79.27,77.6,78.51,77.65,78.82,80.86,81.83,82.16,79.92,77.04,77.59,77.93,79.02,80.44,80.68,83.7,83.17,82.22,82.35,82.61,82.36,84.5,86.25,87.71,89.7,89.8,88.59,89.01,88.26,86.86,89.57,91.5,91.85,92.63,94.3,91.64,92.16,96.57,98.72,99.29,101.87,115.53,118.21,118.88,115.38,114.35,118.2,120.41,,118.33,119.67,118.64,120.42,121.33,128.0,126.5,130.0,121.64,124.15,120.36,118.8,121.83,121.1,120.17,119.57,117.33,119.54,,121.53,121.15,119.73,118.97,113.77,117.7,117.46,117.01,112.69,,113.98,111.79,113.82,118.31,121.31,119.25,117.09,111.77,109.66,111.94,110.7,112.18,112.21,112.76,114.17,114.57,115.58,112.48,113.56,115.99,115.86,121.74,121.5,120.88,121.43,122.57,120.43,123.88,113.47,111.68,112.9,111.61,110.55,109.59,111.04,110.23,111.11,112.36,112.15
CSGP,47.87,49.15,44.78,45.0,44.63,45.17,46.78,47.6,48.91,48.38,48.42,46.33,45.34,43.36,43.63,43.62,44.25,43.11,42.82,42.9,42.91,41.46,41.41,41.3,39.77,40.88,40.34,39.63,39.95,41.18,39.48,38.82,37.32,36.48,37.06,37.6,39.31,40.04,39.72,40.06,38.91,38.77,37.38,36.44,36.24,35.96,34.14,34.61,34.72,35.38,34.9,34.07,34.98,32.77,32.92,33.05,31.97,31.85,32.68,33.2,33.8,34.01,33.93,33.95,,32.52,32.32,32.3,32.2,33.86,33.66,33.4,33.66,33.89,33.39,33.93,34.23,32.65,32.84,32.04,31.97,30.46,30.12,,29.22,30.26,29.81,28.64,30.25,29.32,28.32,29.36,30.0,,28.7,29.87,29.34,29.19,28.39,28.77,27.68,28.49,30.37,29.78,29.68,28.5,27.69,27.14,27.66,29.17,30.33,29.83,29.46,28.76,30.03,29.82,30.21,29.58,30.24,31.48,31.12,30.5,33.05,32.38,31.35,31.38,33.73,32.26,32.26,32.84,32.81,32.14,31.34
CSX,41.97,42.47,42.22,42.65,42.69,43.17,42.66,42.78,41.15,39.95,40.6,40.91,40.34,39.22,39.3,39.78,40.31,39.64,38.49,38.17,38.94,38.87,39.57,39.55,39.67,39.77,41.05,41.44,41.22,41.48,41.42,42.14,42.49,42.24,42.35,42.51,42.1,42.72,43.32,43.71,43.37,43.18,46.18,45.41,45.46,45.23,44.68,45.43,45.09,44.72,45.03,45.6,44.46,44.83,44.74,44.53,44.4,45.92,45.66,46.2,46.08,45.94,45.9,45.52,,46.61,47.14,45.81,45.26,45.86,46.14,46.44,46.23,46.99,47.11,47.28,46.41,47.37,47.57,47.39,46.9,45.57,45.63,,46.2,46.16,46.06,47.44,47.66,48.01,47.53,48.33,48.89,,48.81,48.51,48.69,49.35,49.41,49.64,49.92,49.43,50.89,50.75,50.11,49.89,49.93,52.81,53.23,51.8,50.84,50.74,50.19,50.4,49.83,51.03,51.12,50.7,50.27,50.12,49.94,50.08,50.14,50.16,50.58,50.24,50.68,50.97,51.59,51.44,51.51,51.76,51.54
CTAS,198.33,198.55,196.78,198.28,201.13,201.6,201.55,200.12,204.53,203.61,200.77,196.28,198.34,193.26,194.28,192.74,192.84,185.44,181.83,179.34,181.21,178.13,176.85,168.85,165.71,168.66,169.14,172.04,174.34,171.69,170.28,174.59,174.15,174.93,175.68,176.14,176.46,177.52,179.17,178.69,176.26,174.66,177.62,175.9,174.04,174.22,173.95,174.71,169.61,166.89,169.25,169.36,170.04,166.97,164.67,165.42,163.55,165.95,168.31,174.51,172.2,171.36,172.36,172.93,,171.09,169.86,173.06,171.26,172.9,173.31,174.72,179.96,179.85,173.65,179.87,180.4,181.88,176.28,174.74,176.71,169.64,170.85,,169.45,168.8,170.93,169.09,171.9,169.08,170.08,174.23,181.37,,178.24,181.83,180.17,177.69,179.64,183.75,184.33,192.37,206.25,204.45,201.8,200.41,201.36,203.25,205.91,210.98,214.9,216.53,206.79,204.63,204.01,203.65,201.4,202.15,203.05,202.71,205.28,203.51,200.7,199.52,197.82,199.45,203.08,203.52,203.79,207.4,204.76,205.78,204.15
CTSH,61.13,61.06,61.33,64.97,64.43,63.5,64.34,65.12,65.78,66.26,64.65,62.98,62.43,61.18,60.37,61.05,61.32,60.29,61.55,62.07,61.94,60.24,59.79,60.76,59.73,61.06,61.35,61.25,62.54,62.35,61.49,61.0,59.2,57.92,60.53,60.04,60.39,60.53,61.3,60.26,60.45,58.81,55.1,55.11,54.63,55.12,54.7,52.9,52.43,51.86,51.87,51.33,51.94,51.68,49.25,47.73,45.97,46.05,47.13,51.4,50.88,51.3,52.32,52.75,,51.81,53.16,53.85,55.76,57.16,55.14,53.51,53.4,53.21,52.99,52.94,51.81,51.18,52.17,50.82,51.05,48.82,43.7,,41.83,40.95,41.44,39.15,40.03,38.74,38.73,41.07,41.99,,41.37,43.94,42.43,43.4,42.57,44.16,43.03,43.18,44.56,44.77,44.64,43.63,43.18,43.01,45.45,47.05,50.31,55.97,53.9,55.35,55.17,56.13,55.78,56.89,57.67,58.31,58.6,58.2,59.29,58.79,56.61,57.78,60.93,60.92,61.87,62.2,63.06,62.09,63.76
DASH,164.66,164.38,173.06,180.41,176.47,176.41,175.46,177.75,183.48,179.17,176.59,169.93,169.48,161.75,161.36,167.78,169.81,164.99,159.26,156.64,159.98,154.73,152.92,151.96,146.6,148.01,150.15,150.5,156.45,155.07,155.9,160.69,154.55,152.58,159.61,163.55,179.935,179.33,183.89,189.8,182.45,182.27,177.0,176.78,174.06,171.97,169.33,168.65,175.84,172.57,166.14,167.97,171.35,163.93,157.33,155.19,149.07,153.7,159.2,162.67,154.65,160.73,159.27,160.25,,154.0,157.58,156.7,159.29,164.78,156.95,154.58,160.07,156.8,152.49,155.67,151.0,154.59,150.58,168.09,170.03,165.66,173.46,,172.08,171.52,177.93,176.91,183.09,184.82,184.53,188.87,192.01,,188.46,195.72,189.35,192.35,191.82,189.57,187.79,190.16,186.36,184.14,189.02,188.04,177.73,169.77,172.91,184.37,195.52,193.53,197.53,196.16,200.5,202.37,207.27,213.26,216.26,209.86,212.0,212.49,216.26,217.02,212.72,216.35,220.22,222.36,223.49,229.06,233.5,236.93,231.89
DB1.DE,219.7,220.3,218.6,226.5,232.4,233.3,238.2,240.7,241.8,242.1,242.3,240.8,236.4,241.0,243.0,247.6,251.0,248.9,249.2,243.3,240.3,241.5,238.9,237.9,238.9,245.7,251.1,250.8,255.6,,256.5,253.7,254.2,252.5,254.9,253.9,255.9,259.5,261.1,263.9,265.3,265.3,265.2,266.7,266.4,267.3,265.1,261.6,,261.6,257.6,252.4,247.1,242.7,248.0,249.8,245.2,243.2,244.4,255.8,257.3,256.9,258.0,256.0,256.5,253.8,252.0,248.2,247.6,248.0,242.1,240.9,245.3,245.9,244.7,245.7,246.8,246.4,249.5,247.7,247.1,246.0,243.1,244.0,244.0,247.5,244.8,244.8,238.3,238.4,238.8,239.1,246.9,249.8,254.2,259.7,255.3,251.8,249.0,256.4,255.0,258.2,260.9,256.9,255.2,252.5,253.8,253.2,258.1,263.4,266.2,270.5,263.9,262.3,267.0,264.5,269.0,269.4,274.1,275.6,274.0,272.1,271.8,272.9,277.7,279.2,277.9,279.6,282.9,286.2,287.5,286.9,
DBK.DE,30.675,30.14,30.6,31.04,30.295,29.25,27.99,28.61,27.915,26.925,26.55,27.46,27.135,25.705,25.49,25.9,25.865,25.785,25.15,24.76,25.105,24.99,25.795,25.255,24.915,25.01,25.115,26.365,25.675,,25.63,27.5,27.61,27.71,27.485,28.535,28.29,28.055,28.91,28.28,28.06,27.835,27.225,27.06,27.115,27.295,26.795,26.5,,25.95,26.235,27.25,27.2,27.165,27.1,26.755,27.16,27.41,26.7,26.905,26.9,28.055,28.065,28.165,29.28,28.63,28.565,28.4,27.86,27.52,27.95,26.93,27.735,27.53,27.31,27.35,27.095,26.96,28.74,29.98,30.2,30.94,30.925,31.12,31.5,30.96,30.16,30.48,29.63,29.525,29.625,29.745,31.325,31.83,32.295,32.305,30.69,30.93,31.35,31.0,31.445,31.805,31.68,30.835,30.66,31.07,31.225,29.97,30.59,30.98,30.935,31.265,31.86,31.875,32.195,32.71,32.83,32.725,32.89,33.23,33.17,33.35,33.14,33.385,33.065,32.805,32.605,32.29,32.375,33.055,33.2,34.63,
DDOG,102.615,104.43,110.33,116.46,111.96,111.11,111.77,118.33,122.36,125.75,128.56,123.08,127.49,127.16,124.52,126.57,128.87,131.26,129.94,125.08,129.23,122.57,123.29,124.3,114.48,115.81,118.05,118.67,120.36,116.5,116.54,116.5,108.98,105.37,110.08,110.57,121.06,123.47,126.61,129.74,129.29,132.14,127.86,129.48,132.66,131.55,133.98,132.19,140.53,146.69,145.73,143.71,188.73,200.16,202.32,199.94,205.31,202.84,207.98,208.82,215.15,212.24,218.04,222.32,,223.65,221.81,225.24,247.35,277.49,269.13,250.33,243.6,234.11,231.68,227.34,227.63,234.24,229.9,233.09,231.11,226.63,223.0,,221.37,220.57,222.65,220.94,239.77,248.57,260.36,264.48,260.36,,255.37,256.81,261.09,269.0,257.54,260.24,270.73,264.46,262.32,258.69,263.2,254.79,245.77,244.39,246.86,251.86,250.88,264.2,268.56,267.97,273.6,288.15,283.17,229.29,233.93,260.78,246.78,240.91,252.24,255.46,247.32,246.0,233.52,232.55,235.62,225.77,222.99,227.67,242.93
DHL.DE,49.5,49.11,49.44,49.82,50.1,48.67,46.75,48.12,45.89,46.17,45.51,46.77,46.28,45.94,45.05,45.12,44.66,45.36,43.93,43.99,44.55,44.82,44.98,44.72,44.17,44.71,44.75,46.6,46.12,,45.73,48.33,48.63,49.14,48.24,48.77,48.2,48.64,50.14,49.89,49.28,48.76,47.94,47.79,47.6,47.87,46.86,50.38,,46.71,46.26,46.82,47.32,46.85,47.39,47.19,47.49,47.91,46.8,47.26,47.07,48.09,47.91,49.88,50.26,49.87,50.58,51.28,51.2,51.4,52.96,52.54,52.3,52.16,51.76,51.74,50.82,51.24,51.72,52.16,52.82,52.68,52.0,51.3,51.6,51.06,51.18,53.0,52.36,52.14,53.1,53.84,55.78,56.0,55.72,56.68,55.26,56.72,56.3,56.94,57.22,57.72,56.98,56.9,56.22,57.12,57.08,56.34,57.04,57.06,57.38,57.18,57.82,57.76,57.4,57.72,55.58,55.3,55.32,55.26,55.32,55.32,55.48,55.26,54.58,55.16,55.32,55.4,55.98,56.5,56.84,56.82,
DIS,104.41,106.05,105.05,105.55,106.04,104.33,103.3,103.04,102.41,101.54,101.66,101.32,100.89,99.43,99.29,98.66,100.3,99.42,99.2,99.51,97.95,96.39,95.95,94.75,92.42,94.32,96.38,96.56,96.61,96.28,95.78,99.18,99.79,99.17,101.18,102.59,103.04,103.9,106.29,106.3,104.29,104.82,103.65,102.6,102.35,101.47,101.3,103.75,103.08,101.31,100.48,108.06,108.66,108.02,104.72,106.16,104.9,105.42,102.72,103.91,102.29,104.08,103.58,103.0,,103.28,104.18,103.73,101.83,102.85,101.41,99.39,99.34,99.71,98.87,99.33,98.61,100.34,100.04,101.69,101.28,100.86,103.89,,102.45,103.53,101.12,98.05,98.79,98.63,96.25,95.71,99.5,,97.41,97.48,96.7,96.17,95.62,96.0,95.87,97.15,99.71,97.67,96.41,96.14,95.87,92.83,94.85,96.65,98.89,98.48,96.16,96.19,98.14,98.18,101.76,104.68,104.91,103.18,103.53,103.22,104.8,106.85,103.5,103.95,106.93,107.32,107.78,110.61,111.25,109.63,106.82
DTE.DE,33.25,33.32,33.66,32.91,34.09,33.21,32.62,33.0,33.06,32.86,32.5,32.82,32.69,32.8,33.33,32.97,33.45,32.54,32.15,31.62,31.54,32.44,32.32,31.95,31.69,32.26,31.95,31.84,30.77,,30.81,31.48,31.27,30.99,29.11,28.74,28.55,29.11,29.59,29.57,28.79,27.42,27.53,27.61,26.87,26.76,27.32,27.57,,27.01,27.34,27.82,27.7,27.4,27.6,27.62,27.96,27.82,27.68,28.79,29.38,29.16,29.13,29.31,29.45,29.05,29.34,28.95,28.86,28.82,28.88,28.1,27.83,27.66,27.63,27.78,28.63,27.74,28.32,27.85,27.65,26.96,26.91,26.6,26.12,26.26,26.44,26.44,26.25,24.82,23.85,24.29,25.1,25.14,25.44,25.74,25.54,25.34,26.12,26.74,26.59,26.61,26.68,27.11,27.09,26.68,27.23,26.13,26.39,27.07,27.59,27.5,27.1,26.76,28.08,27.85,27.42,29.15,29.04,28.1,28.56,28.15,28.42,28.67,28.39,28.86,29.18,28.72,28.94,29.07,29.1,28.93,
DTG.DE,42.06,42.49,42.19,42.47,43.03,42.04,39.82,42.02,41.25,40.42,39.71,41.5,42.0,43.73,42.68,42.32,41.71,41.84,40.54,39.9,41.03,41.04,41.4,41.2,40.83,40.98,41.47,42.31,42.47,,41.74,44.75,44.57,44.3,44.0,43.32,42.87,42.49,43.76,43.29,43.17,43.65,43.83,44.0,43.09,42.47,42.05,42.94,,42.16,43.4,43.87,41.27,40.42,40.37,39.3,39.99,40.74,39.79,39.93,39.11,39.85,39.72,40.13,41.91,41.68,43.05,42.49,42.15,41.16,42.1,42.4,41.87,41.13,41.59,41.25,40.94,40.76,41.84,42.7,42.42,41.89,41.78,41.45,41.46,41.21,40.84,41.75,41.21,40.64,42.2,42.17,43.07,44.01,43.93,43.93,42.38,41.85,41.87,42.15,42.82,42.96,42.82,42.5,42.5,43.24,44.04,45.77,45.99,46.35,48.09,48.56,48.71,48.94,49.6,48.98,48.12,48.07,46.72,47.16,46.24,45.53,45.05,45.1,45.63,44.98,45.2,45.43,45.43,46.37,46.99,47.08,
DXCM,73.26,73.09,73.16,74.38,73.43,73.78,73.08,72.9,70.69,68.1,68.74,67.79,66.31,65.26,64.24,66.34,67.32,67.66,67.27,66.95,65.94,66.6,66.84,66.09,62.25,61.9,62.8,62.37,62.22,63.21,63.11,65.8,65.68,64.02,63.12,62.95,61.54,61.23,63.98,64.62,62.6,63.41,62.7,61.57,61.41,59.32,57.56,59.55,61.35,60.04,59.48,60.36,60.91,60.61,59.33,61.14,58.57,57.82,61.63,65.09,66.95,71.44,71.9,72.1,,72.01,70.26,72.34,73.74,74.87,73.45,72.77,72.59,72.86,76.62,78.19,74.77,75.25,75.37,74.22,73.16,71.23,72.47,,69.07,68.92,69.75,68.65,70.14,69.98,67.35,68.86,71.25,,72.38,73.57,74.06,73.02,74.96,76.35,74.12,72.73,77.98,76.65,75.69,74.75,71.43,70.48,71.54,73.37,74.85,75.14,74.54,83.45,87.31,86.94,82.66,83.02,84.75,87.65,89.53,90.8,91.48,89.75,88.76,89.6,89.88,90.22,92.34,91.06,89.16,88.96,89.29
ENR.DE,165.7,166.0,169.4,164.85,166.45,162.35,155.4,162.75,153.1,149.75,148.75,157.7,154.6,152.65,143.95,146.85,149.85,152.1,145.7,140.75,147.6,151.5,158.4,150.2,144.4,142.0,142.25,152.2,149.7,,147.74,165.38,164.56,167.22,165.9,170.96,169.32,166.94,172.06,168.84,166.94,178.42,182.8,187.62,177.42,172.98,175.26,180.58,,176.8,182.56,185.84,180.68,178.14,178.5,169.48,177.24,177.0,169.54,169.9,167.7,174.32,173.62,175.42,181.28,181.3,174.36,166.76,163.24,160.0,158.52,160.16,159.48,158.02,157.64,148.3,138.68,147.0,153.58,156.2,156.12,161.74,169.34,168.92,169.14,162.5,159.86,163.46,153.92,157.06,165.8,163.34,165.82,168.12,170.44,155.3,151.9,156.24,152.12,150.68,154.12,152.18,148.74,147.66,152.64,158.14,152.32,150.46,151.34,148.38,137.9,135.18,146.16,147.44,147.54,150.86,150.86,153.68,153.54,154.6,158.56,161.7,160.72,160.72,162.8,154.28,154.34,152.58,153.36,148.74,152.76,151.1,
EOAN.DE,18.475,18.74,19.395,19.77,19.68,19.44,18.675,18.875,18.92,18.66,18.435,19.12,19.145,19.395,19.9,19.67,20.3,19.78,19.295,18.48,18.46,18.73,18.975,18.7,18.545,18.98,18.96,19.28,19.705,,19.63,19.61,19.825,19.59,19.385,19.47,19.43,19.21,18.8,18.9,18.955,19.105,19.38,18.64,18.7,18.925,18.415,18.89,,18.33,18.365,18.375,18.075,17.915,18.25,18.11,18.735,18.42,17.865,18.11,18.38,18.335,18.51,18.3,18.435,18.575,18.28,17.99,18.2,18.005,17.795,18.105,18.06,18.275,18.165,18.015,18.0,18.39,18.41,18.215,18.23,18.32,18.185,18.025,17.805,17.82,17.615,17.995,18.02,18.11,18.025,17.66,18.37,19.175,18.995,19.055,19.205,19.24,18.96,19.105,19.46,19.34,18.895,19.235,19.245,19.265,19.6,19.59,19.595,19.105,18.99,18.71,18.82,18.715,19.015,18.95,18.79,18.95,19.025,18.86,19.02,18.42,18.25,17.45,17.385,17.56,17.37,17.55,17.41,17.435,17.63,17.885,
EURUSD=X,,,,,,1.1759,1.1697,1.1612,1.1636,1.1608,1.1523,1.1617,1.1611,1.1543,1.1522,1.1435,1.15,1.1539,1.1464,1.1578,1.156,1.1607,1.1615,1.1561,1.1535,1.1492,1.146,1.1574,1.1591,1.151,1.1541,1.1687,1.1659,1.1691,1.1675,1.1769,1.1799,1.1809,1.1783,1.1741,1.1784,1.1744,1.1706,1.1684,1.1706,1.1723,1.1718,1.1685,1.1729,1.1727,1.1692,1.1716,1.1747,1.1732,1.1769,1.178,1.1735,1.1716,1.1662,1.1614,1.1655,1.1607,1.1625,1.1621,1.1642,1.1637,1.1637,1.1618,1.1653,1.1649,1.1635,1.1622,1.1609,1.1613,1.1523,1.1528,1.1535,1.1536,1.1576,1.1603,1.1594,1.161,1.1507,1.1459,1.1463,1.1427,1.138,1.1354,1.1362,1.1386,1.1422,1.1413,1.1378,1.1423,1.1438,1.1442,1.1404,1.1422,1.1433,1.1404,1.1384,1.1425,1.147,1.1445,1.1428,1.1418,1.1404,1.1412,1.1377,1.1395,1.1369,1.1387,1.1467,1.1524,1.1544,1.1507,1.1532,1.1557,1.1525,1.1556,1.1546,1.1544,1.153,1.1535,1.1574,1.1583,1.1579,1.1674,1.1688,1.1682,1.1668,1.1675,1.1655
EXC,48.2,48.59,48.7,48.8,49.47,49.17,48.96,49.25,48.77,49.36,49.14,49.01,48.84,49.48,49.82,50.29,50.04,49.25,48.01,46.44,47.17,47.29,47.67,48.4,48.32,49.11,49.02,48.88,49.33,48.94,49.05,49.17,49.44,48.57,48.15,48.66,47.88,47.59,47.02,46.4,46.27,45.86,46.75,46.92,46.59,47.04,47.02,45.99,46.5,46.61,46.18,45.02,44.41,43.91,44.19,44.98,44.27,44.4,43.38,43.97,44.62,44.87,45.35,46.23,,46.03,46.19,45.58,45.64,44.71,45.0,45.08,44.63,45.75,44.8,45.33,45.61,45.51,46.21,46.18,46.59,45.56,45.81,,45.94,46.62,46.9,46.75,47.4,47.15,46.62,46.26,47.88,,47.05,47.57,47.28,46.38,46.8,47.09,46.92,45.74,46.79,46.26,45.96,45.89,46.7,47.28,47.53,47.15,47.31,47.03,45.58,45.82,45.63,45.84,45.76,45.32,45.61,44.5,44.87,45.22,45.6,45.86,45.57,45.31,45.3,45.06,43.78,44.34,44.31,44.44,43.96
FANG,173.82,172.52,167.77,166.98,174.08,178.96,177.53,176.71,179.04,180.54,182.86,178.37,176.64,177.01,182.37,182.33,187.22,189.68,190.31,192.54,191.78,197.06,196.02,202.19,201.84,198.65,197.79,190.62,193.88,194.27,195.5,186.47,186.31,188.21,189.1,186.51,185.87,186.65,180.27,183.45,189.8,193.87,195.59,194.79,196.42,200.06,205.32,205.63,207.65,213.69,206.18,195.08,190.45,188.7,196.15,198.15,201.1,200.26,203.56,205.62,207.77,204.33,200.97,200.71,,195.13,192.84,194.14,191.48,199.03,202.4,210.59,202.94,192.62,198.2,194.24,196.55,191.59,192.13,189.96,188.12,185.48,183.5,,187.8,187.91,183.48,182.55,179.91,180.54,175.78,171.96,172.04,,173.73,180.56,186.6,182.0,183.39,191.6,190.69,189.76,190.13,195.54,195.38,199.8,203.02,205.49,204.68,195.8,190.31,199.13,199.77,202.95,198.75,191.87,186.17,189.63,188.04,198.97,201.71,200.84,199.51,202.47,206.29,210.02,208.55,211.02,210.72,205.6,199.89,199.84,200.52
FAST,45.05,45.46,44.63,45.68,46.04,46.33,46.23,46.43,47.3,46.46,46.8,46.3,46.59,45.25,45.46,45.68,45.93,45.08,44.49,43.76,44.45,44.89,45.37,45.11,44.95,45.12,46.4,46.63,46.3,45.87,45.64,48.18,49.1,49.17,45.8,44.62,44.4,44.72,45.78,45.56,45.7,44.81,45.45,44.69,45.28,44.68,43.71,44.93,44.91,44.88,44.33,44.71,44.36,44.17,43.3,43.32,43.77,43.98,43.26,44.0,43.57,43.68,43.53,43.94,,44.45,44.82,44.76,44.2,43.99,44.73,46.46,47.16,46.79,46.0,46.58,46.03,46.39,46.57,46.1,46.05,44.88,45.89,,46.12,45.6,46.26,46.92,47.1,47.4,48.03,47.75,48.6,,48.31,47.11,46.51,46.35,46.49,47.05,45.74,45.36,46.67,45.49,44.76,45.01,45.33,46.15,47.02,47.64,48.1,47.78,46.66,47.71,48.11,49.71,49.99,50.8,51.84,52.15,52.38,52.22,51.34,51.02,51.23,51.27,51.44,50.66,51.26,51.28,50.31,51.15,51.135
FRE.DE,51.72,50.36,51.1,51.32,50.9,50.28,48.21,48.18,46.4,46.73,47.14,48.3,47.2,46.61,46.82,46.92,46.44,46.05,44.5,43.69,44.0,44.17,44.51,44.06,43.72,44.59,44.32,43.95,43.58,,43.2,44.75,44.5,44.7,44.49,44.85,44.03,44.19,44.62,43.78,43.27,42.38,40.71,40.25,40.32,40.79,41.4,41.25,,40.81,39.44,39.89,40.74,40.96,39.88,39.52,38.33,39.07,38.8,39.21,39.65,40.17,39.91,38.78,38.44,37.79,36.93,36.71,36.27,35.45,36.45,35.96,36.67,37.26,36.92,37.17,37.69,37.25,37.67,38.85,38.77,39.04,39.31,39.61,39.54,39.9,40.07,40.11,39.82,39.44,39.97,41.03,42.12,42.43,43.2,43.41,42.4,42.22,42.57,41.69,41.02,41.77,41.83,41.73,43.0,44.0,43.57,42.85,43.8,44.25,44.3,44.52,44.88,44.52,44.77,44.36,46.65,46.68,47.06,46.91,47.15,46.82,46.82,47.08,46.735,46.73,46.645,46.215,46.6,46.04,45.845,46.345,
FTNT,75.6,75.23,77.35,79.2,79.03,79.18,81.1,82.79,84.42,83.67,83.81,84.2,83.48,84.4,83.44,84.49,83.16,83.39,83.12,81.4,82.77,79.34,78.89,81.03,78.2,79.05,81.72,81.15,82.53,82.29,83.72,83.51,80.66,76.7,78.74,78.7,79.64,82.4,81.84,82.6,85.26,87.09,82.76,84.34,85.67,85.72,86.11,84.31,86.29,89.24,89.92,89.95,107.97,114.07,115.44,113.87,117.69,121.86,122.78,126.5,127.64,130.0,129.46,133.93,,133.96,127.93,129.7,137.97,147.14,148.86,146.48,149.67,144.68,143.04,138.39,138.88,145.06,146.3,149.49,147.02,144.14,144.73,,145.39,148.0,145.28,149.93,151.35,155.42,153.62,158.98,156.25,,162.35,158.67,156.71,163.73,157.51,160.62,166.83,164.51,160.78,161.61,160.36,158.1,155.05,151.54,152.37,152.38,149.98,153.22,154.25,161.95,163.21,168.29,164.13,160.11,159.64,164.21,161.89,160.84,165.44,160.01,155.85,158.01,152.85,150.79,153.51,151.99,153.66,157.54,172.78
GC=F,5204.7002,5155.7998,5206.3999,5176.5,5230.5,5294.3999,5107.3999,5120.2002,5065.2998,5146.1001,5091.5,5229.7002,5167.3999,5115.7998,5052.5,4994.0,5001.0,4889.8999,4600.7002,4570.3999,4404.1001,4399.2998,4549.7998,4375.5,4492.0,4526.0,4647.6001,4783.2002,4651.5,4656.7998,4657.1001,4749.5,4792.2002,4761.8999,4742.3999,4825.0,4800.0,4785.3999,4857.6001,4806.6001,4698.3999,4732.5,4705.1001,4722.2998,4675.3999,4591.5,4545.2002,4614.7002,4629.8999,4519.5,4555.7998,4681.8999,4699.7998,4720.3999,4718.7002,4677.6001,4697.7002,4678.1001,4555.7998,4552.5,4506.2998,4531.2998,4539.7998,4521.0,,4500.3999,4447.5,4499.2998,4560.5,4475.2002,4489.1001,4436.7002,4475.7998,4337.1001,4335.8999,4260.0,4108.2002,4090.3,4215.0,4328.0,4330.8999,4358.8999,4224.1001,,4181.8999,4129.8999,3990.3,4030.5,4078.7,4022.3,4022.8999,4068.3,4112.7002,,4155.1001,4145.2998,4070.8999,4130.6001,4104.1001,3997.0,4061.1001,4044.0,3985.6001,4012.7,4010.3,4071.1001,4146.8999,4046.6001,4067.6001,4074.5,4036.3,4034.7,4100.1001,4049.1001,4033.7,4095.3999,4245.7998,4242.0,4340.7002,4361.7998,4383.0,4408.8999,4363.6001,4380.3999,4417.7998,4366.0,4489.3999,4516.2998,4624.1001,4640.7998,4638.1001,4598.2002,4631.7002
GEHC,83.86,84.05,84.03,83.92,84.27,80.16,78.13,79.02,77.11,74.27,75.63,72.73,72.65,70.33,70.77,72.17,72.34,70.25,70.38,69.65,71.65,70.96,72.2,71.54,69.23,68.77,71.18,71.98,70.35,70.4,69.73,73.75,72.91,73.18,73.83,74.67,73.51,73.2,74.66,74.15,72.26,71.38,69.89,68.83,70.48,68.5,59.485,60.84,61.03,61.0,61.04,61.735,61.34,63.47,61.7,62.29,61.89,62.67,60.76,61.51,61.58,64.26,64.33,64.23,,64.18,63.88,62.86,62.34,62.69,61.99,62.03,63.81,64.67,64.67,66.01,63.76,64.51,65.18,64.76,63.23,61.15,61.59,,60.64,63.72,64.88,64.94,65.76,65.05,64.01,64.86,65.565,,64.84,64.89,64.68,64.7,64.7,65.31,61.66,63.2,65.7,63.07,62.83,62.04,61.41,61.99,60.58,61.12,64.11,71.9,69.94,68.02,69.73,70.26,70.24,70.31,71.77,72.94,72.75,72.28,73.79,73.69,72.37,72.63,74.62,74.06,74.82,74.19,73.91,73.31,72.48
GILD,149.83,147.64,147.12,143.77,148.95,150.03,147.83,148.22,145.14,143.93,146.63,148.56,146.0,145.21,144.99,145.21,144.4,141.29,141.11,137.21,137.34,138.11,138.26,136.88,134.25,136.34,139.37,140.3,139.71,140.13,138.8,141.54,142.09,138.99,139.03,140.45,139.77,138.55,137.64,135.87,133.29,132.9,133.64,130.4,127.75,129.26,128.84,130.84,131.65,132.69,133.48,136.3,134.06,131.33,133.52,134.94,133.05,132.06,129.58,129.67,130.5,130.69,130.5,134.36,,133.73,133.69,136.22,134.43,131.1,127.57,128.99,129.18,129.16,128.1,125.5,121.48,125.87,125.59,124.3,127.23,125.45,123.76,,124.87,125.05,125.16,123.84,127.88,126.33,126.34,125.97,131.27,,129.61,136.36,135.82,134.84,129.83,131.4,130.04,131.7,136.3,134.28,133.21,130.28,130.34,130.86,129.31,130.52,134.32,132.73,131.28,130.21,131.15,135.25,131.76,130.86,133.21,133.06,135.77,135.87,138.14,138.36,138.92,143.44,147.6,143.44,146.12,146.74,148.77,148.09,148.86
GOOGL,311.49,310.9,312.9,307.38,311.76,306.52,303.58,303.13,300.88,298.52,306.36,307.04,308.7,303.55,302.28,305.56,310.92,307.69,307.13,301.0,302.06,290.44,290.93,280.92,274.34,273.5,287.56,297.39,295.77,299.99,305.46,317.32,318.49,317.24,321.31,332.91,337.12,336.02,341.68,337.42,332.29,339.32,338.89,344.4,350.34,349.78,349.94,384.8,385.69,383.25,388.43,398.04,397.99,400.8,388.64,387.35,402.62,401.07,396.78,396.94,387.66,388.91,387.66,382.97,,388.88,388.83,390.13,380.34,376.37,361.85,358.99,372.19,368.53,363.31,364.26,356.38,357.77,359.68,369.35,373.25,363.79,368.03,,349.68,346.13,345.29,343.71,337.39,353.65,357.37,361.21,359.91,,366.46,367.03,361.92,358.89,357.18,352.51,359.51,370.92,354.46,346.77,351.99,347.15,342.09,317.69,319.74,326.56,333.71,336.71,333.66,356.13,373.51,377.65,362.43,357.75,354.3,357.52,343.8,343.54,346.36,345.9,344.0,344.2,344.72,340.67,344.82,348.06,346.96,342.0,340.65
GS,892.31,902.27,921.38,929.0,859.57,861.7,862.58,867.25,835.46,821.42,832.03,833.81,823.76,787.52,782.21,794.77,807.04,805.48,809.5,813.53,831.27,835.72,841.84,822.64,802.89,807.6,845.99,860.21,863.04,866.05,864.15,905.75,903.72,907.8,890.79,909.63,899.49,900.0,925.95,941.74,926.55,934.84,931.3,926.91,937.81,926.55,905.6,923.77,923.71,903.27,918.89,937.35,925.87,936.48,944.86,945.9,955.42,968.96,948.47,946.36,928.74,982.12,988.17,996.73,,994.52,996.47,1008.37,1025.5601,1048.58,1064.58,1041.02,1092.61,1038.6801,1045.0,1032.01,1001.29,1035.64,1062.75,1076.17,1090.67,1099.14,1096.5601,,1106.37,1094.4399,1076.91,1065.09,1019.61,1020.21,1011.37,1019.61,1021.0,,1055.29,1042.98,1029.64,1055.97,1055.1801,1045.91,1140.0,1152.0699,1095.46,1065.22,1055.03,1085.5601,1098.2,1074.72,1061.23,1048.23,1033.34,980.75,1024.86,1018.38,1027.0601,1052.98,1060.38,1032.58,1039.61,1034.51,1034.41,1037.21,1042.63,1039.42,1051.3101,1040.47,1021.65,1001.95,1039.28,1036.28,1058.88,1040.46,1040.87
HD,376.99,384.48,375.57,375.09,380.72,370.81,366.92,369.11,361.68,357.92,353.56,357.15,350.84,338.93,339.03,342.58,341.43,330.93,328.21,320.75,330.9,330.91,332.51,328.43,321.65,323.5,328.89,329.56,321.63,326.65,318.77,336.16,339.58,337.34,341.16,342.71,338.91,337.15,349.4,350.99,343.92,339.5,340.16,335.89,332.3,329.06,322.81,328.8,323.88,312.42,315.42,323.05,322.64,317.45,311.4,310.46,302.55,304.35,297.51,299.81,302.44,310.58,313.78,313.07,,310.54,317.85,321.21,317.14,310.69,311.52,312.97,309.95,310.78,309.71,321.33,318.92,326.01,328.39,329.82,337.09,327.48,334.28,,326.62,324.45,342.86,345.0,348.86,350.81,352.68,350.84,357.9,,350.65,345.21,336.21,338.73,343.3,337.11,337.74,341.44,348.02,338.87,333.04,331.6,331.45,324.71,332.98,336.09,344.47,338.27,333.35,331.96,340.02,348.24,353.14,349.52,355.62,350.78,354.48,343.43,341.7,338.86,337.88,337.49,344.3,334.49,335.61,337.43,337.88,334.85,328.61
HEI.DE,203.5,200.8,199.9,190.0,189.55,183.6,180.25,182.5,180.05,174.1,171.05,175.3,170.25,162.65,161.0,165.7,168.0,172.2,166.05,171.3,178.2,178.4,181.3,179.75,177.85,179.7,178.35,182.55,177.55,,170.35,185.5,184.25,189.7,187.35,190.45,187.85,190.65,196.05,191.7,188.9,187.55,187.0,185.95,187.85,185.75,186.2,188.35,,185.6,184.6,189.15,188.0,183.8,185.2,185.6,183.65,182.2,169.15,170.95,168.35,173.8,172.35,174.65,180.95,181.3,188.2,187.05,190.8,185.95,183.3,177.0,179.2,179.25,172.75,174.55,172.0,173.25,182.15,186.4,183.55,191.0,186.65,184.9,185.15,183.7,184.15,184.15,184.4,167.15,166.9,164.75,172.45,175.85,175.35,174.2,165.9,166.45,171.1,170.1,168.45,174.3,173.55,173.95,170.1,170.8,171.0,166.6,168.3,169.0,169.3,168.95,164.5,161.0,160.85,162.8,163.0,162.35,160.85,160.35,161.3,162.0,161.25,161.75,160.3,155.5,157.8,160.1,159.6,159.65,162.2,170.7,
HEN3.DE,83.58,83.98,83.28,83.06,83.18,80.82,77.22,77.22,75.7,74.64,72.88,73.08,70.54,71.1,70.08,69.72,69.54,68.72,66.34,66.16,66.54,66.72,67.5,67.84,66.78,66.66,66.3,66.12,64.78,,64.26,66.96,67.14,66.7,65.88,65.56,65.22,65.06,66.84,66.28,65.1,65.7,64.84,64.68,64.04,62.74,62.1,62.1,,61.5,61.9,63.32,66.06,64.58,63.1,63.26,63.54,63.72,64.28,65.48,66.16,65.8,65.52,65.98,66.6,65.94,67.38,67.2,66.68,65.78,66.04,65.66,65.36,67.1,66.42,68.32,68.66,68.48,69.44,69.48,70.04,70.86,71.04,70.28,70.26,70.9,72.76,72.76,73.8,74.26,73.54,74.26,75.42,75.34,74.72,75.66,74.96,74.12,74.5,74.64,73.14,73.9,74.98,74.9,74.56,74.8,74.92,73.7,74.68,75.02,76.84,76.24,76.02,75.62,76.24,76.44,76.54,79.54,79.8,78.74,78.12,77.02,77.52,76.32,74.84,75.04,75.52,75.18,75.84,76.56,75.74,76.36,
HNR1.DE,249.2,252.6,253.0,254.4,257.8,256.2,247.2,251.4,252.0,248.8,246.4,248.4,247.4,258.4,261.2,263.2,273.8,267.4,264.6,260.0,255.6,255.4,257.6,256.4,257.8,265.6,267.8,266.6,269.8,,272.0,272.0,276.8,272.8,273.8,272.2,274.6,275.0,275.6,277.6,278.2,276.8,274.8,272.0,265.0,265.6,256.2,257.6,,255.6,255.6,260.4,247.6,244.6,238.2,235.2,235.0,236.0,237.4,242.0,247.8,247.6,243.6,241.4,244.2,242.0,240.2,234.8,232.4,227.4,225.2,224.4,225.0,227.2,225.2,228.2,230.8,231.0,228.2,229.4,232.2,231.0,232.2,234.2,236.2,236.0,238.0,238.0,238.4,240.4,242.4,243.4,246.6,244.2,243.6,249.4,251.4,250.6,250.0,252.0,253.0,250.4,252.0,255.0,253.6,247.0,248.2,249.4,253.2,257.2,257.8,256.2,252.4,250.6,250.8,247.4,249.0,252.4,253.6,252.4,250.4,250.0,249.2,253.4,254.0,256.2,250.6,249.4,250.8,252.2,253.8,255.4,
HON,254.9135,255.4903,254.0115,252.6272,255.4693,260.1364,255.742,257.9654,250.0052,246.7646,249.1767,252.344,251.1169,244.7824,245.936,245.9465,242.7058,241.1327,240.1993,232.302,233.8857,232.3755,236.8013,236.151,234.0011,234.3786,237.053,239.3288,240.6398,239.3393,234.7562,243.807,247.5721,246.5024,245.0341,244.6146,243.5134,240.5663,244.9397,240.9439,233.0572,230.6974,224.7929,223.5658,222.3912,223.3141,220.5558,224.7824,222.8631,219.8112,219.2554,227.4358,226.6072,223.5134,229.7955,229.1977,228.5894,228.3377,223.6392,227.8238,227.7399,227.9916,234.7142,239.0351,,243.0204,242.8422,244.3629,249.4599,248.0755,246.7016,234.1479,228.2538,224.4048,222.129,226.2192,215.9203,229.806,231.054,238.5003,240.6817,239.7588,240.1783,,239.2344,233.2145,238.5108,242.517,243.5343,227.8,223.9,221.75,229.86,,231.18,225.05,220.36,223.42,226.42,222.25,222.68,222.84,226.33,225.02,226.18,229.86,232.99,246.27,243.15,245.75,247.05,241.12,241.91,243.05,246.77,248.79,248.12,240.74,246.21,242.93,230.12,235.34,233.99,233.96,229.45,227.71,221.73,218.32,215.9,214.77,215.68,220.67,220.39
IBM,223.35,229.32,237.54,242.01,240.21,239.37,245.28,250.06,256.55,258.85,253.33,250.2,248.87,247.68,246.28,249.25,256.11,251.6,250.37,241.77,248.44,240.59,241.39,241.67,236.34,237.25,242.39,243.14,248.16,246.74,245.07,241.74,237.18,230.76,237.82,240.27,244.8,251.0,253.47,253.71,255.68,251.86,231.08,231.98,228.05,233.04,227.1,230.98,232.2,229.48,229.03,225.74,231.31,229.76,223.55,219.22,214.64,218.37,219.3,222.75,222.33,225.0,252.97,253.84,,250.69,255.2,264.22,297.8,320.42,329.23,305.63,301.77,284.84,280.82,277.49,272.36,274.85,272.24,268.71,270.81,262.35,249.1,,252.22,264.94,262.96,258.27,271.63,278.0,281.21,286.25,289.52,,299.52,306.13,302.05,295.3,287.56,290.23,217.07,211.2,219.05,212.67,213.0,210.5,205.77,206.65,214.19,216.28,227.55,226.44,221.74,223.65,226.31,235.15,235.92,233.43,237.28,236.31,238.42,235.98,237.14,234.32,228.85,232.67,237.16,233.69,235.68,231.04,234.19,229.87,238.79
IDXX,623.13,649.23,657.38,660.71,656.73,636.7,635.54,648.7,618.92,608.41,610.45,598.85,600.52,571.21,573.82,586.37,586.98,577.12,579.85,577.26,578.51,570.21,575.72,573.29,558.32,557.09,561.89,564.66,569.55,577.44,574.8,591.84,584.75,563.0,574.0,584.05,580.76,569.95,589.25,583.06,569.01,578.35,560.93,565.93,574.95,568.3,553.66,560.8,567.46,563.12,562.97,579.23,572.2,560.11,532.0,533.92,528.68,532.86,528.79,545.79,546.49,553.58,553.07,559.37,,557.21,550.99,568.03,563.53,566.79,550.82,560.73,564.74,562.16,561.17,578.89,556.94,557.91,560.88,570.0,573.0,546.09,562.09,,545.73,541.31,549.16,554.94,551.5,535.93,526.44,537.58,557.8,,564.98,570.25,555.67,558.6,563.57,564.21,540.68,557.02,576.07,567.44,563.81,552.46,545.0,539.37,544.32,556.2,569.54,569.77,558.8,559.07,567.84,588.09,584.78,590.0,586.67,595.76,586.64,570.58,566.93,550.96,546.09,553.32,562.2,545.86,556.93,559.51,550.01,553.44,545.08
IFX.DE,45.89,46.68,47.075,46.77,45.825,44.415,41.68,43.945,42.3,39.42,38.95,41.315,41.55,40.27,39.835,39.435,39.635,39.97,37.095,37.645,38.49,38.315,39.66,38.885,37.43,37.32,38.0,40.15,38.96,,38.265,42.79,42.39,42.825,42.93,44.455,44.715,46.005,48.9,47.995,47.735,49.39,53.35,54.15,53.6,52.8,55.7,57.13,,56.81,60.5,59.23,59.5,61.66,61.79,58.14,64.36,68.07,65.19,66.33,64.64,67.94,68.0,73.42,76.73,77.55,76.73,80.11,81.11,80.35,88.0,88.0,85.05,77.3,78.24,75.66,75.1,77.06,80.06,80.75,79.28,77.06,82.01,81.97,85.94,80.56,79.56,82.01,78.3,78.24,81.67,77.9,76.35,77.38,77.21,70.83,70.3,73.35,72.48,70.37,71.82,67.31,64.71,63.66,64.0,67.54,69.8,65.49,64.41,61.49,57.77,54.48,59.47,61.67,61.47,63.72,60.08,60.32,62.08,62.53,62.85,63.09,62.5,61.73,61.97,57.24,54.98,55.41,55.97,54.16,54.85,55.19,
ILMN,120.54,122.9,121.87,127.4,134.46,132.89,129.56,128.97,128.24,124.62,124.28,122.35,121.5,115.56,118.94,119.28,120.84,122.95,126.59,124.33,123.79,125.98,126.2,124.4,117.67,120.81,123.26,126.63,127.38,127.74,126.44,128.0,123.67,120.93,126.96,130.32,132.26,132.72,134.5,132.86,131.98,130.5,125.44,127.88,128.52,126.92,120.37,126.74,135.78,139.37,139.07,142.58,138.71,141.88,142.51,145.7,145.0,143.24,142.54,141.51,141.68,141.92,144.83,144.41,,145.23,150.17,158.7,162.96,164.4,162.55,170.93,168.06,162.32,158.04,160.03,162.47,166.21,160.97,166.89,164.28,159.09,161.93,,161.38,164.93,175.09,177.65,176.55,181.1,175.83,183.89,188.68,,194.33,191.76,187.81,193.76,190.2,190.05,191.2,187.15,190.25,186.65,184.68,192.53,190.87,196.86,194.09,189.47,192.98,194.82,205.09,205.1,198.16,203.01,199.87,193.72,187.96,191.79,192.84,192.91,192.64,190.89,193.14,188.29,205.0,213.24,219.4,223.22,224.99,224.84,227.69
INTC,43.63,46.12,46.88,45.46,45.61,45.5,43.1,45.58,45.95,43.42,45.58,46.78,47.98,45.25,45.77,45.76,44.06,45.03,46.18,43.87,44.01,44.06,47.18,44.1,43.13,41.19,44.13,48.03,50.38,50.78,52.91,58.95,61.72,62.38,65.18,63.81,64.94,68.5,68.5,65.7,66.26,65.27,66.78,82.54,84.99,84.52,94.75,94.48,99.62,95.78,108.15,113.01,109.62,124.92,129.44,120.61,120.29,115.93,108.77,108.17,110.8,118.96,118.5,119.84,,123.52,121.77,120.89,114.68,109.33,107.93,112.71,111.78,99.17,110.27,107.92,107.04,116.96,124.57,127.86,117.05,121.1,133.99,,140.94,132.28,131.65,132.87,128.32,131.72,139.63,127.02,120.35,,122.2,110.39,110.24,112.54,109.84,103.12,107.76,102.99,96.98,95.04,97.06,105.45,102.62,100.23,92.32,91.67,86.3,81.88,91.13,90.2,91.0,100.86,101.06,99.81,101.65,97.52,97.71,100.95,104.56,102.5,103.49,96.69,92.8,92.13,90.07,87.26,87.48,88.24,92.09
INTU,359.55,358.71,381.23,394.42,409.03,419.06,433.35,440.14,466.79,481.17,473.67,453.95,440.45,435.13,439.96,452.31,459.28,446.79,455.24,455.56,457.02,432.45,426.86,432.55,416.44,429.03,432.38,425.87,422.48,417.36,410.24,389.51,361.69,350.94,369.44,366.8,389.72,387.11,393.25,404.83,404.85,408.68,383.3,395.95,389.92,400.38,395.08,388.5,399.04,406.99,398.32,388.55,406.78,396.31,393.29,387.74,371.71,378.29,393.0,403.16,399.71,383.93,307.07,319.94,,304.35,307.73,313.0,331.53,353.76,322.14,311.44,301.98,296.76,305.51,293.78,284.22,276.91,276.73,281.77,280.99,269.08,267.0,,257.77,258.05,262.24,255.07,267.72,266.4,261.0,267.08,275.35,,272.14,281.17,272.1,273.38,274.96,289.76,282.43,279.7,294.79,291.09,293.82,289.92,284.47,281.53,296.33,303.91,312.99,333.13,315.5,316.07,318.39,323.6,327.94,321.91,325.25,334.43,336.44,334.71,358.29,345.66,335.6,350.41,362.47,361.87,367.0,369.92,357.46,345.88,348.0
ISRG,492.1,494.02,506.17,506.88,503.51,496.25,497.42,501.18,496.7,490.16,493.56,485.85,492.87,479.27,472.16,483.46,482.76,477.73,479.93,477.97,478.04,471.91,469.98,468.55,452.66,452.78,460.99,464.45,452.07,452.58,452.95,462.28,454.94,450.62,458.96,467.22,468.36,458.08,469.21,465.6,451.29,483.62,478.82,482.22,470.99,466.64,453.83,457.61,457.78,452.35,451.38,451.73,453.49,450.06,420.06,431.87,432.27,428.06,421.12,439.92,441.58,449.03,439.8,438.1,,436.64,418.55,423.63,424.64,412.26,402.3,407.29,418.82,422.06,418.61,426.61,412.02,412.9,411.06,416.55,417.07,402.18,406.78,,402.95,403.18,401.83,399.69,404.7,405.97,397.68,402.38,426.01,,432.83,427.3,415.1,411.55,406.78,407.12,379.5,388.97,402.33,345.42,353.17,350.06,340.69,332.02,337.5,356.83,361.8,353.1,352.97,353.33,375.41,368.27,375.2,373.71,378.81,393.38,401.23,401.27,401.27,394.51,390.33,391.18,397.72,374.48,378.81,373.57,371.84,370.42,367.07
JNJ,245.84,246.28,245.17,243.47,248.43,248.56,246.75,245.3,239.63,240.4,242.59,243.71,242.99,242.04,241.52,243.19,238.11,237.28,237.6,235.37,235.42,235.27,239.93,239.24,240.45,242.49,244.44,244.12,243.04,240.97,238.41,241.3,241.31,238.46,237.96,240.1,238.67,234.54,234.18,230.69,226.16,226.1,230.65,227.5,225.34,227.79,227.35,229.85,227.19,224.2,225.55,224.62,222.51,221.32,221.43,224.26,230.42,230.8,226.71,228.92,230.0,229.32,231.73,234.34,,230.18,231.29,230.8,225.33,223.51,222.89,223.24,228.17,232.77,232.16,237.0,238.49,238.33,240.87,235.66,235.18,234.2,228.39,,231.29,239.08,241.0,244.88,254.66,258.51,253.97,253.98,263.04,,259.33,267.24,263.4,259.1,256.98,257.77,253.85,247.02,249.97,253.04,248.82,250.61,255.63,259.27,263.4,265.95,266.73,265.53,255.82,256.35,254.41,254.93,257.59,256.98,259.24,261.81,259.8,260.86,262.08,260.35,262.37,271.11,273.41,267.37,270.24,273.04,273.14,270.0,265.77
JPM,297.67,297.3,303.3,306.13,300.3,297.56,300.26,299.39,293.55,289.48,289.92,288.73,287.52,282.89,283.44,286.16,286.89,287.74,287.97,286.56,289.91,292.4,295.42,291.66,282.84,283.77,294.16,295.38,294.6,295.45,297.4,307.97,310.33,309.87,313.68,311.12,305.93,309.95,310.29,316.99,313.0,313.02,311.69,308.28,311.63,311.45,309.25,313.23,312.47,307.65,309.4,314.9,306.27,302.1,300.0,304.88,300.25,299.91,297.81,300.73,295.7,301.98,303.0,306.38,,306.74,299.28,296.73,299.31,296.58,300.96,300.85,310.89,312.37,311.11,312.7,309.14,313.49,320.72,319.4,331.14,333.46,325.22,,331.48,334.14,333.45,335.12,329.05,329.39,327.33,334.07,334.47,,337.72,339.22,330.62,335.47,336.47,334.53,342.89,346.91,343.15,341.1,338.87,345.23,348.21,349.9,353.21,356.2,357.31,344.71,350.85,351.79,352.64,357.52,359.24,356.3,357.52,359.79,362.04,365.18,363.11,362.84,360.96,363.25,357.26,351.55,351.58,356.39,356.69,356.5,354.22
KDP,29.77,31.03,30.15,30.33,30.28,29.97,29.57,28.87,28.05,28.25,28.19,28.04,27.65,26.93,27.41,27.55,27.57,27.07,27.15,26.59,26.55,26.21,26.37,26.27,26.23,26.45,26.33,25.69,25.31,25.7,25.47,25.84,26.42,26.57,26.04,26.02,26.0,26.04,26.53,26.5,26.44,26.54,28.53,29.22,28.15,28.79,28.93,29.4,29.09,28.87,28.92,28.56,28.52,28.83,28.71,29.17,29.31,29.1,28.93,29.43,28.85,28.69,28.78,29.12,,29.55,30.1,30.04,30.03,30.2,30.36,30.55,30.06,30.53,30.75,31.48,31.7,31.23,31.71,31.77,32.0,30.89,30.76,,30.87,30.87,31.4,32.52,33.4,33.5,32.73,33.37,33.3,,31.75,31.49,30.97,30.72,31.67,31.25,30.26,30.28,31.38,30.91,30.44,30.21,30.2,29.67,29.68,30.12,31.08,31.45,31.57,31.12,30.91,31.1,30.75,30.37,30.01,29.3,29.18,29.56,31.12,31.44,30.28,30.79,31.06,31.66,32.04,32.51,31.84,32.21,31.88
KHC,24.54,24.78,24.555,24.57,24.61,24.51,24.22,24.04,24.23,24.54,24.44,23.66,23.14,22.33,22.58,22.71,22.89,22.08,21.76,21.57,21.21,21.32,21.51,21.56,22.04,22.34,22.49,22.27,22.79,23.57,23.18,22.95,23.27,23.06,22.42,22.11,22.01,22.59,22.47,22.21,21.98,21.89,21.97,21.94,21.92,22.47,22.42,22.66,22.49,22.42,22.54,23.07,23.64,23.96,23.26,23.37,23.18,23.31,22.92,23.35,23.28,23.53,23.54,23.79,,23.85,24.38,24.47,24.01,23.63,23.33,22.76,22.47,22.58,23.35,23.43,24.05,24.22,24.39,23.99,23.8,23.2,22.82,,22.03,22.47,22.94,23.47,23.7,24.19,23.62,25.01,25.37,,24.82,25.3,24.92,24.68,24.85,25.23,25.08,25.45,26.23,25.88,25.86,25.79,25.96,25.36,25.67,26.22,27.3,27.62,26.38,25.85,26.42,26.64,25.73,24.96,25.32,24.93,24.65,24.53,25.38,25.51,24.75,24.82,25.68,25.57,25.58,25.67,25.32,24.79,25.13
KLAC,148.766,150.665,154.668,152.431,152.455,153.495,144.135,147.591,142.936,134.455,142.91,145.294,146.5,140.957,141.864,143.824,148.135,148.236,151.152,149.867,151.143,156.619,154.382,145.113,144.321,138.258,147.241,151.984,151.684,154.006,154.885,167.234,172.726,173.728,176.878,179.591,174.811,173.485,179.144,180.532,178.537,181.206,181.543,193.5,190.0,180.897,181.621,175.035,172.626,171.332,173.29,181.629,176.325,186.919,184.519,181.135,184.971,189.294,180.432,175.645,174.058,182.947,184.218,188.838,,201.139,195.719,192.763,192.171,194.004,204.52,212.511,213.11,192.92,210.806,213.937,213.564,241.164,254.54,256.42,237.33,238.73,259.56,,269.16,244.49,240.48,258.8,248.64,278.39,301.71,266.19,235.55,,233.31,216.47,221.18,229.52,231.52,222.25,230.37,224.5,219.37,212.75,207.6,217.56,214.69,218.73,210.52,203.36,190.8,170.19,180.33,182.82,182.75,195.45,192.8,193.22,198.11,192.74,200.47,208.25,209.37,203.72,205.76,194.79,187.27,185.86,183.99,181.57,183.34,183.83,183.77
KO,80.56,80.72,80.47,80.5,81.56,80.22,79.34,78.1,77.03,77.04,77.8,77.88,77.63,77.61,77.34,77.82,77.58,75.97,75.55,74.75,75.11,74.67,75.25,74.69,75.71,76.27,76.05,76.08,76.72,77.22,75.91,77.29,78.18,77.47,76.41,75.9,75.31,75.18,75.74,75.48,74.7,74.63,76.28,76.63,75.44,78.35,78.87,78.76,78.58,78.19,78.48,79.23,78.43,78.42,78.66,80.03,80.26,80.45,80.82,81.2,81.92,81.55,81.17,81.48,,80.46,81.62,80.41,79.01,78.64,78.41,78.76,76.82,79.48,79.54,81.34,83.59,82.53,82.62,80.91,80.28,79.93,79.39,,79.53,80.31,80.6,80.42,82.63,82.65,81.27,81.29,84.14,,82.96,84.05,83.4,82.63,83.49,84.25,83.08,82.45,84.92,81.56,82.12,81.97,82.2,81.17,82.25,84.07,88.27,89.08,88.49,87.59,86.86,86.56,86.83,86.85,87.05,86.87,86.48,86.71,87.42,87.71,86.98,88.82,90.35,90.5,91.1,91.99,91.64,90.08,89.06
LIN,498.19,504.0,508.27,498.51,508.08,509.34,501.68,499.19,490.06,484.74,483.62,477.94,481.55,490.41,493.92,497.41,494.05,488.57,489.8,488.15,478.05,479.84,492.34,495.49,491.12,499.26,495.76,493.83,502.6,499.47,494.59,500.48,503.3,503.15,508.87,499.65,497.94,499.22,492.23,498.15,494.84,494.62,508.06,510.3,510.75,510.29,504.71,501.14,507.92,493.55,500.29,501.87,493.85,493.16,504.4,503.87,513.26,511.65,506.11,510.86,506.07,506.63,514.51,517.58,,514.97,507.87,501.98,497.69,497.41,495.91,507.57,507.45,507.9,501.92,515.59,509.16,515.44,523.57,521.48,518.17,515.85,512.15,,516.71,512.26,515.73,522.28,519.62,511.06,518.94,533.55,546.64,,540.52,538.23,527.67,525.56,529.79,524.06,522.54,514.15,520.74,513.22,512.05,505.03,508.67,506.32,512.28,507.02,511.18,511.17,508.64,478.38,480.46,484.64,491.05,490.11,489.98,492.46,490.53,479.43,478.2,482.74,474.33,478.71,481.13,481.29,487.57,490.03,487.2,490.33,485.35
LRCX,242.27,244.25,249.48,239.07,233.89,231.0,217.27,222.99,214.68,199.33,211.15,215.23,218.87,209.49,212.2,219.4,226.47,224.71,233.99,228.36,233.31,238.84,233.45,211.62,211.41,199.93,213.66,222.01,218.44,220.65,224.35,246.49,258.76,263.66,267.32,272.41,265.16,260.96,267.6,263.16,258.37,265.55,258.56,267.78,259.47,251.23,248.75,257.86,256.72,258.57,275.8,297.17,286.52,294.05,296.05,289.24,295.44,299.15,284.72,277.96,273.38,292.09,302.24,305.35,,322.68,318.93,318.0,318.18,317.12,334.41,343.71,336.41,303.28,324.45,327.16,321.8,362.52,366.81,388.92,369.34,374.18,389.04,,409.54,371.33,374.8,401.82,379.09,410.91,433.33,391.26,351.41,,350.2,326.13,333.15,353.17,350.33,329.92,346.1,335.43,320.96,313.3,306.76,322.0,319.29,319.78,305.21,291.61,269.61,252.35,297.72,293.02,294.61,317.74,307.42,305.77,311.35,306.4,311.41,326.11,337.01,332.36,343.84,327.92,307.17,310.53,314.0,310.17,314.66,312.88,318.58
LULU,178.11,179.49,182.55,186.1,185.17,176.17,174.27,173.21,173.18,170.13,169.76,166.43,162.79,158.19,157.78,159.91,159.27,165.39,165.57,162.82,164.38,160.95,158.72,151.39,145.85,145.83,153.1,158.81,155.72,156.18,153.67,158.86,166.51,163.86,162.56,160.6,162.74,162.92,167.28,166.81,166.7,163.45,141.66,143.8,146.94,142.39,138.16,137.7,133.58,128.98,130.21,132.04,133.59,131.18,126.34,125.13,121.21,121.06,119.14,120.26,119.22,125.19,126.76,127.18,,127.35,131.04,131.33,131.18,132.09,126.47,126.03,124.92,114.23,117.55,121.36,118.93,121.84,118.77,116.21,115.5,111.76,111.77,,105.43,108.92,113.09,112.06,117.57,114.29,114.18,116.4,118.43,,115.64,115.07,113.62,116.51,119.26,120.3,117.32,117.42,118.79,116.33,116.67,116.63,113.37,110.63,114.28,117.83,120.32,119.03,119.48,118.87,123.67,123.03,123.51,124.73,128.58,127.8,125.61,120.87,119.56,119.55,115.74,119.01,119.45,115.69,121.07,122.78,118.33,116.35,115.0
MAR,342.62,343.15,347.44,350.57,341.73,330.47,335.91,335.94,333.04,323.8,328.86,326.0,326.38,316.31,313.81,321.84,327.28,322.52,324.89,319.76,326.52,324.29,326.79,325.74,317.54,319.31,327.07,333.46,331.93,338.0,330.93,348.58,352.93,354.1,359.56,366.7,363.74,362.42,377.93,378.72,375.45,367.13,368.24,367.15,360.67,358.33,353.95,361.69,354.97,347.24,354.52,359.06,352.05,353.18,353.32,350.23,350.19,353.47,353.17,359.18,358.69,369.75,370.56,369.15,,373.81,385.86,385.76,375.6,376.96,373.76,376.75,385.3,392.51,391.42,393.61,386.23,396.89,402.54,400.63,399.1,394.61,396.2,,384.19,386.83,383.56,378.91,377.31,374.88,370.59,368.32,372.95,,379.75,380.75,371.16,372.47,376.11,362.87,363.19,369.05,371.14,366.24,366.93,367.81,369.8,364.47,374.43,383.06,383.52,381.12,375.48,372.83,346.83,345.2,361.31,359.67,353.91,348.44,349.49,354.58,352.53,356.72,356.57,357.33,359.95,356.6,356.39,360.2,357.77,358.67,353.87
MBG.DE,58.3,58.93,58.99,59.0,59.0,56.63,55.74,56.52,55.65,54.78,54.25,55.05,54.89,55.25,54.85,53.75,53.71,53.47,51.64,50.86,51.93,51.66,52.28,51.98,51.63,51.64,52.39,52.88,52.71,,51.98,54.39,53.25,53.88,54.2,54.83,54.46,53.35,52.66,52.01,51.15,50.5,50.58,49.775,49.525,49.03,48.755,49.585,,47.925,48.19,50.18,50.32,50.13,50.26,50.22,50.76,51.02,50.35,49.97,49.54,50.01,49.76,50.12,50.76,50.92,52.51,52.71,52.19,51.44,51.67,49.955,49.075,47.995,48.355,47.705,47.11,47.435,48.015,49.375,48.88,46.75,44.6,45.275,45.53,45.24,44.405,44.635,43.335,43.08,43.92,43.79,44.825,45.24,45.405,45.97,44.125,43.9,43.99,44.29,45.11,46.285,45.86,45.51,45.135,44.905,44.85,44.32,44.775,45.315,46.62,46.855,47.1,46.73,47.95,48.21,47.26,46.765,47.085,47.085,46.78,46.185,45.44,46.025,45.52,45.065,45.025,44.795,45.215,45.05,44.92,44.64,
MCD,334.56,333.05,333.01,334.53,341.06,334.82,332.17,331.74,327.45,328.06,330.8,327.94,325.21,323.91,326.46,326.65,326.3,315.73,309.58,308.85,308.47,307.84,311.7,308.93,305.9,308.53,310.79,307.29,307.14,309.76,304.85,307.01,309.55,305.68,304.51,303.22,306.26,306.96,311.36,306.94,301.84,300.07,302.53,299.36,290.21,292.39,290.08,293.59,286.64,284.1,285.17,284.1,283.7,275.75,274.6,274.84,275.7,274.97,276.39,282.47,280.8,280.27,284.18,282.27,,279.26,280.92,277.97,279.2,276.11,276.36,273.29,272.72,279.84,277.78,282.25,282.52,284.77,284.81,286.12,287.93,283.82,278.61,,270.1,271.66,273.88,264.54,269.76,267.18,270.31,269.43,280.63,,279.5,282.21,278.25,276.49,274.6,272.61,268.94,264.95,273.46,267.71,267.64,263.91,263.57,262.8,264.76,270.67,273.02,271.52,268.44,270.64,265.23,268.34,274.0,276.26,274.48,273.72,274.15,275.7,272.25,272.83,265.53,266.99,267.45,269.13,270.95,272.54,268.1,266.93,260.06
MCHP,76.6,75.93,75.47,74.97,74.64,74.31,71.39,69.9,67.81,64.77,65.0,65.33,65.79,62.73,61.94,63.83,64.59,64.71,63.29,62.97,64.34,65.63,65.16,64.2,62.0,60.06,64.61,65.38,65.6,67.22,67.51,70.73,71.22,71.56,73.55,74.5,74.49,76.87,78.76,80.39,80.93,82.48,90.64,89.44,86.84,84.26,90.17,92.91,93.95,95.3,98.48,102.92,101.58,99.09,99.03,97.7,96.71,97.04,93.85,92.76,91.81,94.02,91.11,93.43,,98.05,96.85,96.04,94.65,91.52,96.96,96.55,96.3,88.34,91.37,91.47,87.91,92.94,95.24,100.32,95.63,94.11,99.77,,102.71,93.26,92.48,94.12,87.93,89.06,91.2,88.69,84.64,,87.59,84.15,85.49,88.26,88.59,84.23,87.11,86.26,81.68,80.96,80.51,83.38,85.02,81.35,78.86,77.9,75.71,71.37,75.01,74.29,75.22,80.67,77.79,74.36,84.69,81.39,81.02,79.44,77.69,79.17,80.26,78.19,77.08,75.81,76.08,74.21,73.5,74.05,75.49
MDB,305.37,312.51,314.99,336.61,328.47,325.01,252.73,248.01,263.93,270.47,271.74,270.56,270.57,260.68,260.5,266.95,272.27,268.52,270.16,261.16,273.25,253.76,246.54,241.28,235.51,235.21,244.77,249.36,253.12,255.01,254.08,250.32,229.49,225.95,236.14,233.6,244.06,251.14,263.38,264.11,261.43,269.54,258.11,253.59,264.38,258.2,258.29,250.83,263.46,264.69,266.68,265.26,293.42,299.47,294.65,308.72,303.0,303.09,312.16,330.0,334.68,329.14,317.5,326.13,,307.35,294.46,325.68,335.55,403.88,398.46,368.32,380.18,350.74,352.56,340.28,348.28,354.41,342.8,354.18,348.81,334.69,332.75,,319.16,320.97,302.44,294.1,314.01,338.18,335.9,359.38,354.88,,357.91,361.32,359.4,362.87,342.08,337.97,344.67,333.04,328.6,312.33,323.36,307.65,304.97,299.14,298.22,309.71,310.62,321.1,325.88,337.48,357.97,380.04,376.36,370.0,398.8,416.67,439.16,437.83,472.29,460.33,438.7,434.62,440.53,420.37,430.83,402.69,404.92,406.11,440.58
MDLZ,60.38,61.13,60.12,59.94,61.58,60.44,58.77,58.69,58.18,58.4,58.17,56.58,55.36,54.35,54.89,57.16,57.94,56.47,56.49,56.21,56.86,57.18,57.43,57.58,58.27,58.25,57.64,57.07,57.54,58.38,57.51,58.83,59.09,59.0,57.68,57.84,56.58,57.07,57.25,57.31,56.13,56.06,57.71,57.61,57.42,58.54,61.04,61.44,61.37,61.38,61.36,61.87,61.31,61.55,61.41,61.7,61.52,60.97,60.44,61.64,61.29,61.84,61.5,61.76,,61.24,62.25,62.39,61.17,61.05,61.07,61.31,60.99,62.04,61.6,62.93,64.18,63.36,62.99,61.5,62.15,60.86,60.12,,59.51,61.06,61.74,61.2,60.79,60.15,57.84,59.35,60.91,,59.17,60.22,59.48,58.3,58.83,59.86,58.8,58.72,61.42,61.0,60.27,59.86,60.86,60.05,60.52,60.67,62.48,64.99,63.08,62.31,61.73,62.08,62.6,62.75,62.61,61.53,61.78,62.18,63.53,63.61,62.18,62.66,64.16,64.14,64.45,64.7,62.99,63.01,62.43
MELI,1864.46,1922.5601,1767.71,1740.88,1757.58,1777.0,1714.01,1769.03,1780.36,1787.86,1769.52,1742.09,1766.1,1680.0,1670.0,1732.33,1728.14,1690.26,1666.9301,1635.76,1666.08,1612.02,1639.47,1630.99,1599.52,1619.2,1729.02,1718.97,1715.52,1710.37,1742.3,1775.74,1793.21,1773.96,1831.9301,1840.66,1872.12,1822.13,1855.83,1870.08,1854.1801,1860.98,1809.2,1835.22,1839.28,1791.99,1767.02,1792.63,1850.05,1813.53,1817.3101,1841.14,1870.01,1632.52,1557.3,1578.78,1562.0,1607.37,1546.8101,1585.91,1594.86,1651.2,1677.9,1664.42,,1648.04,1696.17,1695.53,1695.65,1730.98,1672.83,1638.54,1634.78,1607.8,1611.99,1641.16,1588.29,1610.0,1589.6,1646.36,1674.08,1631.8199,1635.15,,1589.45,1583.66,1659.5699,1619.25,1675.1,1683.13,1697.39,1742.1899,1763.36,,1805.6801,1813.61,1809.38,1807.83,1852.22,1867.3,1873.88,1843.1899,1857.42,1813.91,1832.42,1822.65,1799.21,1798.7,1801.4399,1819.74,1862.52,1863.3101,1885.73,1877.95,1898.79,1888.5,1922.5699,1830.0,1820.6899,1824.34,1940.0,1828.29,1828.25,1844.58,1787.5699,1779.14,1908.65,1921.96,1922.73,1947.9,1997.0,1950.4399,1930.75
META,637.25,639.3,653.69,657.01,648.18,653.56,655.08,667.73,660.57,644.86,647.39,654.07,654.86,638.18,613.71,627.45,622.66,615.68,606.7,593.66,604.06,592.92,594.89,547.54,525.72,536.38,572.13,579.23,574.46,573.02,575.05,612.42,628.39,629.86,634.53,662.49,671.58,676.87,688.55,670.91,668.84,674.72,659.15,675.03,678.62,671.34,669.12,611.91,608.75,610.41,604.96,612.88,616.81,609.63,598.86,603.0,616.63,618.43,614.23,611.21,602.61,605.06,607.38,610.26,,612.34,635.26,635.29,632.51,600.47,597.63,622.98,627.57,593.0,585.39,584.59,570.98,568.43,566.98,593.48,600.21,567.58,577.22,,563.85,562.2,557.67,542.87,550.25,562.6,563.29,612.91,582.9,,600.29,615.58,603.12,631.48,669.21,656.73,661.04,681.31,664.54,646.01,645.85,643.81,627.17,606.1,595.19,593.87,593.41,585.61,539.03,556.71,590.24,587.94,588.77,589.9,592.1,594.92,599.12,578.85,594.97,589.85,568.97,543.67,546.03,545.83,549.9,559.02,570.05,576.14,571.1
MMM,166.34,166.46,165.54,166.17,165.32,161.46,158.48,160.89,156.21,153.41,151.63,155.25,155.17,149.1,150.96,149.95,149.06,145.08,142.71,141.2,146.56,146.67,148.05,143.99,143.04,142.52,145.23,145.25,144.47,144.5,144.35,149.17,150.5,150.32,152.79,152.55,151.24,150.55,154.55,151.4,148.47,145.78,144.84,145.99,145.77,146.03,143.87,146.52,142.5,141.56,142.82,146.54,143.75,143.29,143.34,143.21,147.1,145.12,146.22,152.53,149.36,149.78,151.6,152.44,,154.03,155.17,152.85,153.13,150.93,152.9,151.65,152.77,153.76,153.85,156.39,156.85,157.91,158.32,158.23,161.63,159.23,160.6,,163.22,161.84,165.91,167.97,164.01,162.43,161.91,159.96,160.44,,159.15,158.01,154.7,155.34,157.52,157.7,156.58,160.53,161.77,159.84,159.11,170.76,170.76,169.59,172.62,178.23,182.48,177.95,176.07,176.28,177.23,181.45,182.08,180.71,182.9,182.04,183.13,183.78,182.65,182.65,180.21,180.94,180.66,178.09,178.96,179.01,179.37,180.0,178.83
MNST,84.69,85.54,85.41,86.66,85.3,81.06,78.99,78.61,76.7,75.61,75.73,76.7,77.52,76.99,77.11,77.05,77.59,74.09,73.74,73.69,73.96,73.0,73.21,71.98,71.83,71.32,72.46,72.77,72.37,74.16,72.44,75.14,76.19,75.72,75.17,75.07,74.93,75.36,76.72,77.23,75.27,75.95,77.56,78.23,76.86,77.19,76.89,77.07,77.12,75.2,75.8,77.2,75.97,86.29,86.41,85.87,85.93,85.82,87.09,88.54,86.35,86.88,86.32,86.79,,87.42,89.24,87.99,88.08,89.1,88.24,89.04,88.54,89.55,88.47,90.15,91.21,92.03,92.83,93.23,92.95,91.66,91.34,,93.02,93.69,94.7,95.83,96.38,97.64,96.12,97.35,97.6,,97.37,96.92,95.15,96.55,97.39,97.07,98.01,97.57,99.94,97.5,47.725,47.23,47.835,93.56,93.49,95.33,97.74,97.23,97.65,48.19,93.55,94.18,94.46,47.08,90.36,,45.53,45.98,46.68,46.82,45.52,47.38,47.43,47.49,47.79,48.92,48.73,47.81,46.7
MRK,123.82,123.93,122.46,119.3,123.82,121.41,119.83,120.28,116.07,115.79,117.11,117.09,116.21,115.91,115.61,115.43,115.87,114.5,114.2,114.18,115.68,116.37,119.37,118.93,119.63,118.1,120.29,120.84,120.87,120.85,119.28,123.18,122.68,121.42,120.15,119.96,117.9,115.46,119.07,117.1,112.56,112.89,114.62,111.9,110.23,110.03,110.95,109.18,112.16,113.11,113.15,113.56,112.3,111.38,111.28,112.37,113.45,113.41,111.38,112.56,114.24,113.0,115.88,122.41,,119.72,120.24,119.89,118.72,115.17,115.65,114.7,120.26,120.79,119.52,119.6,119.09,120.76,119.05,114.9,115.17,115.44,113.87,,115.48,119.6,120.6,125.45,128.66,129.38,128.5,125.37,129.56,,126.78,128.86,125.99,125.07,123.54,124.03,120.78,123.61,127.63,127.5,124.4,126.26,127.47,130.48,131.07,130.76,131.82,130.36,129.79,130.2,127.77,128.0,128.33,128.37,128.58,130.92,130.42,132.92,135.55,135.84,135.97,135.17,152.2,148.99,152.55,150.66,156.45,153.1,149.54
MRK.DE,125.9,125.5,125.8,125.65,128.3,126.25,121.35,123.05,113.2,110.15,107.65,111.0,111.0,109.45,107.8,108.2,110.9,109.35,107.35,104.05,102.8,103.35,106.15,106.9,105.05,107.4,107.6,109.9,109.8,,107.35,112.9,111.4,111.85,113.0,116.55,117.15,115.15,118.5,117.55,117.5,115.6,112.05,111.9,109.15,111.45,108.2,110.05,,109.4,110.55,113.7,114.75,112.85,112.9,113.0,121.15,120.75,117.35,117.75,120.35,122.75,126.4,128.6,130.0,128.35,129.5,129.95,130.85,130.85,130.75,133.5,139.5,136.85,137.45,138.15,136.45,135.4,133.25,132.7,132.05,133.4,133.05,132.9,133.0,135.0,140.1,147.0,145.65,146.4,146.85,144.5,147.5,145.65,142.8,141.75,139.15,139.6,139.7,139.85,139.5,140.1,137.95,136.3,134.95,134.25,136.9,139.25,139.15,141.75,144.25,145.1,142.85,143.15,142.45,146.35,145.0,145.15,143.65,143.5,140.0,140.0,139.5,136.3,136.4,136.75,138.35,138.05,137.95,138.4,139.35,138.65,
MRNA,50.29,50.52,51.37,51.71,53.57,52.845,49.83,57.8,53.83,52.52,55.74,54.98,55.97,53.39,52.56,53.31,53.93,52.4,52.37,51.38,51.28,51.34,53.54,53.57,49.56,48.23,50.8,50.03,49.2,48.77,50.11,52.1,51.28,50.96,50.68,52.84,54.26,54.68,53.72,54.59,54.23,55.6,52.85,50.73,48.7,47.14,45.72,45.94,45.37,47.3,46.71,48.79,48.54,54.35,52.88,53.27,50.42,50.03,49.04,48.11,45.72,48.12,47.26,46.88,,47.03,47.61,47.57,47.19,46.06,45.64,49.06,51.59,47.44,47.6,47.73,45.99,49.64,49.91,52.13,55.4,61.8,63.96,,59.345,61.0,60.42,59.75,67.27,69.7,70.03,72.5,79.76,,81.8,79.77,73.8,76.56,68.27,67.01,67.44,68.28,63.15,61.82,59.49,59.66,58.07,57.02,54.07,55.63,55.805,54.49,57.92,54.82,55.14,56.99,56.255,53.86,59.17,59.81,60.57,63.67,63.65,63.32,64.46,62.96,174.38,133.32,145.13,138.89,158.83,149.66,142.77
MRVL,77.79,78.39,80.92,79.29,81.69,80.86,77.51,78.09,75.68,89.57,92.65,93.3,90.44,87.67,87.86,91.58,90.79,87.62,89.53,87.91,90.16,92.36,98.45,97.68,94.88,87.81,99.05,106.71,107.11,109.51,109.38,114.45,119.93,128.49,131.3,133.83,134.6,133.37,139.69,147.84,151.31,157.32,165.56,164.31,158.21,153.23,156.57,165.15,164.95,163.66,168.75,172.15,160.01,170.13,170.84,164.5,177.95,182.58,176.89,168.93,176.27,186.8,190.69,196.33,,208.26,198.7,204.83,205.0,219.43,290.79,301.65,316.43,263.47,288.85,266.88,252.59,280.71,279.7,308.88,278.67,289.54,310.58,,307.86,279.04,276.7,281.26,266.77,277.75,297.89,272.05,245.29,,249.27,230.7,231.71,243.27,235.81,217.53,222.44,206.26,188.3,188.68,194.94,207.96,210.99,209.32,194.23,189.17,174.47,163.4,183.3,187.56,193.78,218.59,211.02,210.54,218.72,208.56,212.31,217.08,222.18,222.02,234.33,216.0,237.27,251.01,237.04,229.29,240.38,245.11,241.45
MSFT,384.47,389.0,400.6,401.72,392.74,398.55,403.93,405.2,410.68,408.96,409.41,405.76,404.88,401.86,395.55,399.95,399.41,391.79,389.02,381.87,383.0,372.74,371.04,365.97,356.77,358.96,370.17,369.37,373.46,372.88,372.29,374.33,373.07,370.87,384.37,393.11,411.22,420.26,422.79,418.07,424.16,432.92,415.75,424.62,424.82,429.25,424.46,407.78,414.44,413.62,411.38,413.96,420.77,415.12,412.66,407.77,405.21,409.43,421.92,423.54,417.42,421.06,419.09,418.57,,416.03,412.67,426.99,450.24,460.52,441.31,427.34,428.05,416.67,411.74,403.41,397.36,390.34,390.74,399.76,393.83,378.91,379.4,,367.34,373.94,365.46,352.83,372.97,368.57,373.02,384.28,390.49,,386.74,388.84,383.34,384.36,385.1,390.99,384.93,395.63,401.1,393.82,402.29,397.75,390.34,381.58,381.7,389.1,393.35,390.54,451.1,464.72,487.65,492.81,487.46,499.86,499.99,506.06,503.81,492.43,496.88,495.4,480.35,481.63,484.31,481.15,483.24,487.31,491.71,496.37,505.06
MTX.DE,397.5,371.1,381.4,369.5,365.4,355.8,347.4,355.9,348.3,351.0,340.9,352.4,350.4,341.7,333.6,335.5,332.6,334.5,317.1,306.5,311.2,312.0,320.2,309.6,296.9,298.4,310.0,322.2,316.3,,313.0,333.6,330.6,327.7,324.8,335.4,334.6,329.2,346.1,331.1,311.9,300.1,303.0,291.8,289.5,286.9,283.4,291.3,,282.4,285.9,314.9,317.4,305.0,295.5,290.0,287.6,287.6,273.1,274.2,275.3,287.4,287.2,296.0,314.1,302.3,311.4,315.4,313.3,301.8,300.2,294.0,300.6,301.8,302.1,303.5,300.3,306.7,312.0,325.2,323.9,330.3,341.2,332.8,337.8,337.8,357.9,362.8,358.4,359.1,363.9,369.7,373.8,378.6,376.3,368.1,355.3,362.0,362.1,353.5,350.8,349.0,346.1,341.7,334.1,336.0,340.9,336.3,342.6,350.1,358.6,356.6,358.2,361.8,369.5,369.7,377.0,373.7,370.8,375.7,375.7,377.4,377.0,382.7,381.4,373.6,365.9,359.3,352.4,353.0,356.8,365.7,
MU,420.97,418.01,429.0,415.56,412.37,412.67,379.68,400.77,397.05,370.3,389.32,403.11,418.69,405.35,426.13,441.8,461.69,461.73,444.27,422.9,404.35,395.53,382.09,355.46,357.22,321.8,337.84,367.85,366.24,377.76,377.58,406.73,421.51,420.59,426.56,465.66,456.23,457.23,455.07,448.42,449.38,487.48,481.72,496.72,524.56,504.29,518.46,517.16,542.21,576.45,640.2,666.59,646.63,746.81,795.33,766.58,803.63,776.01,724.66,681.54,698.74,731.99,762.1,751.0,,895.88,928.41,923.52,971.0,1035.5,1064.1,1079.5699,996.0,864.01,949.28,935.89,891.88,995.87,981.61,1087.99,1020.76,1043.1899,1133.99,,1211.38,1051.77,1048.51,1213.5601,1132.33,1145.28,1154.29,1032.28,975.56,,984.75,938.38,948.8,991.64,979.3,937.0,983.12,904.28,853.2,848.95,865.46,970.82,959.48,990.21,920.95,900.2,820.53,739.0,874.66,823.03,829.5,892.67,893.19,881.47,877.57,861.0,868.52,911.29,949.83,971.66,1011.75,940.76,937.11,974.33,966.78,910.43,932.97,938.4,935.39
MUV2.DE,542.8,548.8,552.6,548.6,555.6,551.8,524.6,534.6,532.0,525.2,523.4,529.8,526.4,533.4,537.6,540.0,553.4,538.6,529.6,520.8,519.8,519.4,524.2,521.0,523.0,534.8,539.4,540.4,545.0,,546.4,551.8,555.0,549.4,553.4,560.8,563.0,560.2,564.8,567.2,568.0,558.8,557.6,551.8,540.8,544.2,526.6,510.8,,508.4,508.8,523.6,511.6,502.0,499.3,468.9,462.1,468.2,473.0,483.8,483.4,485.8,474.3,469.0,474.0,473.1,467.7,456.8,452.3,444.9,442.4,439.0,441.2,448.1,448.9,456.2,460.3,461.5,458.9,462.7,468.8,464.6,464.7,471.0,478.0,475.3,479.5,480.5,477.7,485.3,488.5,490.7,498.7,496.4,495.9,508.0,505.8,499.8,503.6,510.0,512.0,508.2,512.2,515.6,516.6,502.4,503.8,506.2,509.0,520.2,527.0,524.2,522.8,522.2,521.0,514.8,515.0,522.6,515.4,517.2,514.6,514.8,510.4,517.8,516.8,523.6,514.6,513.2,516.4,518.6,517.2,515.8,
NFLX,76.02,78.04,82.7,84.59,96.24,97.09,97.7,98.66,99.17,99.02,98.32,96.94,94.89,94.31,95.31,95.2,94.36,94.7,91.74,91.82,93.38,90.92,92.28,93.32,93.43,92.97,96.15,95.55,98.66,98.93,98.82,99.39,102.05,103.01,103.16,106.28,107.71,107.79,97.31,94.83,92.58,93.24,92.82,92.44,91.37,92.27,92.12,93.61,92.06,91.02,87.89,88.27,88.25,87.49,85.45,87.66,87.56,86.94,87.02,89.65,89.33,88.09,89.3,88.6,,87.68,87.35,86.36,86.02,85.85,83.33,81.52,81.56,82.18,82.64,81.41,82.0,81.27,80.34,81.67,78.72,76.96,77.38,,72.88,72.82,71.84,70.9,73.81,73.78,71.4,74.19,77.65,,76.02,76.18,75.59,75.47,73.37,73.83,73.53,73.68,74.35,68.95,67.6,68.67,68.53,68.89,70.09,70.4,72.39,73.63,73.17,71.71,73.33,73.57,74.2,73.69,74.14,76.29,74.79,74.21,78.24,78.16,76.02,77.77,80.22,80.14,79.59,80.01,82.23,81.46,79.84
NG=F,2.985,2.915,2.969,2.827,2.859,2.96,3.054,2.917,3.003,3.186,3.12,3.02,3.209,3.233,3.131,3.023,3.033,3.065,3.166,3.095,2.891,2.943,2.952,2.999,3.095,2.887,2.884,2.819,2.8,2.811,2.87,2.724,2.67,2.648,2.627,2.599,2.61,2.647,2.674,2.689,2.697,2.722,2.614,2.523,2.55,2.559,2.647,2.767,2.78,2.867,2.788,2.73,2.769,2.757,2.91,2.843,2.864,2.894,2.96,3.024,3.114,3.004,3.018,2.907,,2.894,3.04,3.285,3.29,3.179,3.167,3.214,3.336,3.229,3.147,3.14,3.185,3.087,3.12,3.147,3.239,3.145,3.233,,3.253,3.147,3.221,3.343,3.231,3.181,3.275,3.22,3.196,,3.245,3.265,3.212,3.012,2.94,2.897,2.904,2.924,2.858,2.911,2.86,2.865,2.925,2.916,2.871,2.767,2.662,2.725,2.758,2.747,2.781,2.682,2.688,2.64,2.662,2.794,2.767,2.804,2.727,2.733,2.69,2.776,2.814,2.733,2.773,2.782,2.77,2.842,2.909
NKE,63.09,64.09,63.4,63.95,62.18,61.01,59.39,58.64,58.02,57.01,56.53,56.08,55.7,54.13,53.98,54.79,55.12,53.47,53.44,52.37,52.71,53.49,52.98,52.07,51.37,51.24,52.82,44.63,44.19,44.03,42.69,43.13,44.0,42.62,42.91,44.2,45.44,45.7,46.03,46.48,46.39,45.68,44.78,44.69,45.14,45.03,44.39,44.36,44.4,43.09,43.06,43.88,44.41,44.14,42.39,42.35,42.34,42.02,41.88,42.57,42.42,44.19,44.39,44.67,,44.94,45.98,47.37,46.23,45.93,43.73,43.81,43.62,42.98,43.23,44.65,43.96,45.96,44.93,45.2,45.04,44.19,45.2,,43.19,42.38,41.82,40.9,40.75,41.48,41.05,43.06,44.09,,43.34,43.21,42.89,42.78,44.37,43.76,42.86,42.77,44.57,43.76,43.47,42.96,42.21,40.99,41.7,42.14,43.05,43.22,42.29,41.71,42.64,41.53,42.45,42.0,41.7,42.11,41.32,40.51,41.23,40.73,39.09,40.06,41.05,40.21,40.76,40.75,39.48,38.59,38.44
NVDA,191.55,192.85,195.56,184.89,177.19,182.48,180.05,183.04,183.34,177.82,182.65,184.77,186.03,183.14,180.25,183.22,181.93,180.4,178.56,172.7,175.64,175.2,178.68,171.24,167.52,165.17,174.4,175.75,177.39,177.64,178.1,182.08,183.91,188.63,189.31,196.51,198.87,198.35,201.68,202.06,199.88,202.5,199.64,208.27,216.61,213.17,209.25,199.57,198.45,198.48,196.5,207.83,211.5,215.2,219.44,220.78,225.83,235.74,225.32,222.32,220.61,223.47,219.51,215.33,,214.86,212.6,214.25,211.14,224.36,222.82,214.75,218.66,205.1,208.64,208.19,200.42,204.87,205.19,212.45,207.41,204.65,210.69,,208.65,200.04,199.0,195.74,192.53,194.97,200.09,197.58,194.83,,195.55,196.93,204.12,202.78,210.96,203.53,211.8,212.5,207.4,202.81,203.28,207.29,212.06,208.76,206.84,196.51,197.01,190.01,195.04,200.75,206.64,211.94,219.22,218.99,223.96,217.55,217.5,224.09,225.3,225.16,225.01,219.74,217.56,216.85,214.72,208.48,213.05,209.66,227.98
NXPI,231.16,234.63,235.07,232.23,227.01,224.76,215.25,216.37,210.58,201.74,205.25,203.03,199.87,191.22,190.86,191.89,194.02,192.69,192.35,191.37,193.39,196.4,197.61,196.92,191.66,187.39,196.86,195.58,194.55,197.08,195.12,204.27,205.67,204.37,208.0,209.89,209.39,213.73,216.03,221.34,224.5,225.75,241.16,244.04,236.87,230.39,289.25,293.59,295.24,290.76,292.35,303.55,290.22,294.75,305.99,294.23,298.41,294.17,291.5,291.68,294.28,310.15,299.38,316.47,,332.67,329.24,330.28,321.35,311.38,323.62,321.88,322.22,295.96,301.14,297.41,285.56,302.55,304.86,315.88,302.89,298.2,313.27,,323.24,299.94,294.06,298.64,277.02,278.37,281.03,279.18,273.36,,280.51,273.15,283.81,290.54,292.26,278.39,283.87,279.01,270.66,266.53,267.18,273.15,278.8,277.29,269.24,267.67,259.12,240.98,245.16,229.16,224.17,237.6,231.15,231.78,239.71,233.43,236.38,233.41,231.91,234.71,232.72,228.56,226.02,222.97,225.56,222.44,224.75,223.15,225.86
ODFL,193.88,196.7,191.7,198.37,203.05,207.75,207.94,216.19,210.68,193.97,197.22,195.02,188.78,176.24,180.75,182.44,184.43,182.57,182.36,183.92,187.7,185.03,189.05,187.93,188.34,189.75,195.4,199.63,198.0,202.18,198.93,207.53,209.5,208.35,207.63,210.41,205.19,213.57,217.76,223.38,224.42,219.98,222.78,219.98,220.53,221.77,209.35,212.43,205.81,192.18,196.08,200.62,198.06,198.33,195.12,191.12,189.18,198.81,203.12,204.13,204.46,209.83,207.69,210.47,,216.61,219.45,220.86,225.15,228.53,229.08,236.06,245.52,242.57,247.01,248.73,235.95,247.76,245.75,237.42,231.62,218.36,221.04,,219.52,217.58,219.04,220.12,218.79,219.69,216.6,217.96,217.65,,216.44,215.51,218.25,225.85,227.63,232.9,228.61,225.23,237.15,233.84,231.76,234.79,232.8,230.71,232.99,226.77,226.28,222.79,212.47,212.14,211.52,219.32,215.45,211.41,216.36,212.55,209.44,212.55,215.73,210.97,211.96,208.0,205.08,204.52,206.47,201.48,198.34,199.43,200.06
ON,69.47,70.03,69.68,68.16,66.48,66.48,63.42,62.53,60.85,56.87,59.23,59.59,59.24,57.69,58.55,59.88,60.98,60.46,59.29,59.26,59.89,62.34,63.1,60.87,58.35,55.66,61.92,62.2,62.19,63.49,63.79,68.38,68.49,68.65,71.02,72.05,72.43,79.93,83.01,85.56,86.91,88.99,97.78,98.4,98.04,93.3,98.86,100.81,103.03,102.04,102.67,105.77,100.61,103.2,107.24,104.11,115.71,118.37,113.11,109.43,106.02,110.21,109.61,116.2,,127.0,124.89,123.77,120.62,120.92,128.64,133.93,131.82,117.26,120.9,117.0,110.17,115.96,116.79,125.9,118.25,112.92,121.62,,131.55,117.06,115.74,118.74,90.65,88.57,94.54,94.63,91.22,,94.69,91.1,93.79,97.87,95.96,90.37,93.73,92.54,88.12,87.37,86.7,91.06,92.33,90.13,86.81,89.04,84.39,78.86,83.74,81.61,80.4,80.78,76.91,78.33,81.17,79.78,81.11,83.32,81.56,82.66,83.38,79.42,76.58,74.71,74.21,71.93,72.51,73.22,74.8
ORCL,141.31,146.14,147.89,150.31,145.4,149.25,149.01,152.37,154.79,152.96,151.56,149.4,163.12,159.16,155.11,155.97,154.69,152.9,155.52,149.68,154.34,147.09,146.02,142.81,139.66,138.8,147.11,145.23,146.38,145.54,143.17,143.66,137.86,138.09,155.62,163.0,169.81,178.34,175.06,177.58,181.17,187.5,176.28,173.28,172.96,165.96,163.83,161.39,171.83,180.29,185.35,194.03,194.59,195.95,193.84,186.83,189.76,195.61,192.95,186.61,181.46,188.16,189.77,192.08,,193.06,190.96,203.7,225.78,248.15,244.58,230.33,236.34,213.68,211.82,205.81,201.26,184.1,184.13,192.64,188.33,183.53,184.29,,175.07,165.16,157.53,152.46,148.53,147.76,146.55,142.5,140.27,,143.76,141.6,140.49,144.22,140.64,131.54,127.94,132.49,124.21,126.41,121.38,127.05,125.84,120.04,114.99,119.9,119.96,117.74,127.56,129.87,141.85,145.74,144.39,143.47,147.02,151.05,145.48,153.28,156.22,150.52,146.65,142.79,143.81,142.07,146.47,142.45,144.76,148.87,151.94
ORLY,95.35,94.33,91.44,91.33,93.88,95.03,93.87,94.27,94.36,94.6,94.61,94.71,94.39,92.98,91.54,90.46,89.39,87.72,87.91,87.3,88.7,87.99,91.16,92.27,90.11,92.11,92.31,92.1,91.42,92.13,91.36,93.06,94.4,93.01,94.01,93.52,93.6,92.71,93.71,92.83,93.81,93.92,93.24,93.13,91.97,91.57,91.69,99.4,96.67,93.98,95.0,94.78,94.58,92.96,91.35,91.84,89.7,89.68,88.49,91.74,91.92,92.22,92.34,91.74,,89.87,89.02,89.23,86.88,86.64,86.23,87.38,88.4,90.33,89.02,89.49,90.46,90.1,91.02,90.26,90.68,88.4,86.84,,85.63,87.54,87.82,86.9,89.55,90.16,92.09,92.69,90.25,,84.24,86.65,84.98,85.12,86.28,87.28,85.75,82.73,86.25,86.05,84.53,87.97,86.53,86.11,87.4,90.59,91.17,90.63,87.36,89.35,89.76,91.83,93.44,93.37,93.53,92.23,92.57,92.05,92.58,91.05,90.23,90.76,91.2,89.08,89.11,90.68,90.32,89.55,87.83
P911.DE,41.17,41.55,41.32,41.38,41.39,40.27,38.78,39.31,38.64,37.85,36.45,37.91,37.47,37.93,37.3,36.64,37.15,37.18,36.46,36.31,37.31,37.26,37.33,37.66,37.64,38.02,38.73,39.63,39.55,,39.66,40.73,40.29,40.93,41.49,43.29,43.0,42.1,43.45,42.62,42.22,41.72,41.91,41.11,40.68,40.82,40.53,41.25,,40.27,41.18,42.64,42.16,42.73,44.98,44.77,46.09,47.0,46.31,45.83,44.37,45.24,45.35,46.22,46.41,45.68,46.74,47.65,46.89,47.08,47.89,47.58,48.33,46.86,47.94,48.29,47.73,48.51,49.1,49.81,49.0,49.03,48.16,47.99,47.94,46.45,45.08,44.24,43.22,42.5,43.51,44.11,45.2,45.97,47.04,47.27,46.13,46.43,45.13,44.6,43.5,44.44,44.93,45.0,44.85,44.72,46.16,45.35,43.74,43.79,44.86,44.2,44.0,42.44,43.28,43.41,43.49,43.54,44.1,44.63,44.87,44.94,43.91,44.42,44.56,43.99,44.65,44.6,45.01,44.1,44.08,43.25,
PAH3.DE,35.96,36.23,35.94,36.29,36.03,34.97,33.88,34.2,34.09,33.52,32.47,33.38,33.38,32.96,32.31,31.93,32.21,32.13,31.4,31.45,31.68,31.9,32.06,31.13,30.97,30.97,31.06,31.93,31.9,,31.31,32.37,32.28,32.26,31.95,32.65,32.76,32.86,33.62,33.04,32.99,32.31,32.12,31.33,31.34,31.2,30.77,30.98,,30.69,30.77,31.59,31.68,31.82,32.02,32.01,31.97,32.14,31.95,31.65,31.46,31.57,31.82,32.29,32.41,32.47,32.96,32.67,32.7,31.98,31.91,31.2,30.81,30.57,30.96,30.84,30.45,30.3,30.84,31.29,31.2,30.59,30.22,30.68,30.35,29.96,29.67,29.67,27.83,27.27,26.96,27.17,27.75,28.3,28.37,28.27,27.21,27.21,27.18,27.17,27.08,27.7,27.54,27.26,27.4,27.4,27.8,27.48,27.1,27.38,28.71,29.07,29.26,28.78,29.15,29.31,29.11,29.04,29.15,28.68,28.64,28.17,27.57,27.64,27.35,27.14,27.72,27.75,27.96,27.7,27.51,27.27,
PANW,144.14,141.67,144.84,149.4,148.92,150.15,156.09,158.56,163.16,165.05,165.1,165.58,164.93,168.12,167.02,167.45,169.19,168.91,169.74,162.95,164.05,157.21,153.22,156.36,147.02,154.35,160.32,160.67,163.21,161.95,169.87,173.78,166.99,155.73,162.51,161.59,164.11,166.97,167.85,169.56,174.96,181.2,173.21,178.54,182.9,180.99,181.54,179.32,181.08,184.56,183.98,183.68,196.53,207.88,213.66,215.6,227.79,238.21,242.83,247.55,240.13,246.66,252.92,260.58,,256.75,248.47,257.77,281.69,300.48,297.18,280.43,279.25,272.05,266.33,260.52,263.22,279.53,279.62,284.54,279.9,282.13,287.78,,286.4,290.92,285.26,293.09,304.2,332.0,341.02,352.04,348.06,,357.53,337.04,320.59,338.31,325.91,330.3,352.89,354.02,353.99,358.68,348.66,342.15,335.28,325.63,323.79,317.32,319.0,314.15,325.68,331.83,347.13,366.34,362.66,359.49,363.86,385.04,383.8,387.01,396.0,384.27,375.76,374.14,359.76,349.56,357.87,350.9,339.9,339.31,382.85
PAYX,87.39,88.48,91.23,94.48,93.65,94.25,95.56,95.79,98.38,100.85,98.3,95.12,94.0,91.67,92.61,93.1,92.43,90.64,91.71,92.55,93.5,90.61,93.36,93.59,91.68,93.12,92.12,90.91,91.7,91.85,91.61,89.89,87.86,85.57,89.32,88.85,90.26,92.13,91.96,93.09,93.68,93.43,90.95,89.82,89.93,90.99,94.05,92.63,93.02,92.48,92.85,91.38,94.26,93.93,93.88,93.71,89.92,88.83,91.54,94.49,94.48,94.92,94.25,97.0,,94.8,94.43,95.51,96.98,102.44,100.79,98.45,99.48,100.53,98.92,100.28,101.1,99.27,100.63,100.9,100.28,97.58,98.24,,95.93,97.99,96.3,96.72,99.9,99.81,98.33,102.71,106.35,,105.39,108.12,106.58,106.26,107.54,110.75,109.52,110.0,114.7,114.39,115.2,111.96,110.74,110.66,113.55,115.48,118.87,122.13,116.33,116.84,117.67,118.66,118.27,120.13,120.04,121.18,121.3,120.37,125.4,122.02,118.54,119.93,122.5,122.91,124.48,126.01,124.99,124.88,126.48
PCAR,126.06,126.25,124.58,124.08,126.09,124.43,121.19,124.92,123.34,120.43,120.67,119.02,118.12,116.82,115.34,115.63,115.43,114.69,112.85,111.26,114.32,115.8,116.34,115.33,112.75,112.47,115.5,117.65,118.32,118.32,118.2,124.19,127.05,127.19,127.38,125.43,123.48,124.37,126.25,128.31,126.18,125.27,126.97,127.0,127.2,119.61,118.14,118.8,116.08,114.37,113.42,116.51,114.05,114.31,112.96,113.03,111.78,112.6,110.32,111.68,109.38,111.64,109.34,109.35,,112.01,112.26,112.22,110.37,109.47,112.89,114.38,118.07,116.68,118.44,119.69,113.99,117.58,118.52,120.69,121.04,117.34,118.95,,120.12,116.78,117.03,121.68,120.68,119.6,120.12,121.24,119.5,,125.91,124.46,122.5,123.28,124.57,124.26,123.94,123.15,126.67,126.2,124.33,126.25,131.11,130.75,132.24,133.44,138.21,133.87,133.76,132.68,132.06,135.96,133.34,132.06,133.11,131.24,132.53,131.06,130.72,130.79,130.84,128.02,127.47,128.94,131.03,129.94,129.22,129.23,126.54
PDD,105.76,106.88,106.9,105.39,103.73,102.82,100.71,101.19,100.74,101.97,102.64,104.86,102.94,101.62,102.65,103.84,104.37,100.72,97.43,96.19,96.25,98.09,102.61,100.62,99.81,98.42,102.18,101.78,100.87,100.91,99.54,103.75,100.57,100.17,100.8,102.1,101.97,103.71,104.79,104.2,98.99,100.05,97.77,98.03,98.47,97.29,97.67,99.88,99.72,97.79,96.75,102.31,101.51,98.78,98.8,95.73,99.6,95.58,95.83,94.97,97.34,98.15,97.79,94.52,,96.64,86.61,83.03,84.44,87.24,88.18,85.4,85.88,85.07,82.62,81.93,81.82,81.3,81.56,83.55,81.59,79.86,79.56,,78.11,76.56,75.74,73.3,76.55,76.54,76.28,82.52,82.39,,83.74,82.53,84.74,85.88,85.13,84.56,83.91,85.74,86.68,84.14,86.05,84.83,83.59,83.3,82.66,84.85,85.71,88.32,87.44,88.56,90.15,91.03,90.94,90.85,91.76,93.0,90.5,89.04,84.17,84.79,86.94,87.27,90.2,89.52,88.38,87.07,87.75,86.74,84.69
PEP,168.32,169.54,169.17,167.58,169.74,167.28,164.91,163.92,160.7,159.43,161.53,160.78,160.15,158.86,159.88,157.72,156.5,153.54,152.74,150.04,150.88,150.59,151.73,150.83,153.04,156.82,155.29,154.65,157.01,156.73,153.21,154.8,157.49,157.06,155.88,155.72,154.85,158.38,157.67,156.99,154.92,153.79,155.7,155.44,154.1,156.29,155.29,158.49,157.41,154.59,155.04,155.96,156.29,154.62,149.41,151.85,149.27,148.67,149.12,149.06,150.37,149.29,148.85,150.57,,145.68,147.74,146.29,144.19,141.52,142.0,142.54,142.15,141.92,140.68,142.78,144.32,143.73,144.27,146.25,146.12,141.59,142.02,,140.71,142.05,142.27,139.52,141.39,138.68,135.4,141.16,144.22,,143.29,144.98,142.51,137.86,137.38,138.49,135.45,135.4,139.43,137.12,135.46,135.0,135.65,134.95,136.64,139.79,142.86,143.5,140.2,139.56,139.63,139.1,138.78,138.44,139.02,137.73,138.41,138.7,140.62,140.79,138.24,140.13,142.58,142.08,143.48,144.67,142.27,142.19,139.72
PG,165.17,165.28,163.39,163.75,167.2,163.51,159.72,158.3,153.99,153.63,155.22,156.01,153.32,150.5,150.65,152.12,151.48,146.71,144.84,144.28,143.99,143.16,143.92,142.42,142.71,144.72,144.44,144.09,143.12,142.77,141.3,144.9,146.66,145.16,143.58,144.38,143.38,143.11,146.93,144.49,142.32,142.85,145.71,148.18,148.4,149.17,146.46,147.09,147.26,143.42,144.9,147.9,146.06,146.42,143.36,143.91,142.24,142.71,141.57,142.39,141.3,142.44,143.4,144.44,,142.96,147.49,145.91,143.56,140.28,140.82,140.19,140.78,146.54,145.1,148.67,149.05,148.34,149.61,150.46,152.49,150.56,150.38,,147.68,150.86,152.04,148.5,149.02,148.45,146.64,147.43,151.41,,149.31,152.75,148.4,146.85,147.04,148.37,146.08,148.05,151.5,149.98,149.13,148.1,149.13,146.97,147.41,148.63,148.88,146.1,143.96,144.49,144.97,148.01,146.8,146.97,145.79,146.44,145.21,144.08,144.26,144.55,143.12,143.45,144.38,142.97,144.68,146.6,145.4,145.0,143.14
PLTR,130.6,128.84,134.19,135.94,137.19,145.17,147.22,153.19,152.67,157.16,156.43,151.14,151.6,153.5,150.95,152.72,155.08,152.77,155.68,150.68,160.84,154.78,154.96,147.56,143.06,137.55,146.28,146.49,148.46,147.93,150.07,140.76,130.49,128.06,132.37,135.7,142.15,142.76,146.39,145.89,145.97,152.62,141.57,143.09,143.1,141.18,137.97,139.11,144.07,146.03,135.91,133.79,137.05,137.8,136.89,136.0,130.05,133.73,133.99,135.14,135.26,137.15,137.415,136.88,,136.6,132.51,143.34,156.54,160.65,152.17,142.2,141.7,135.53,136.47,132.07,130.21,131.08,127.99,134.71,133.25,130.63,128.47,,119.5,116.7,113.5,107.27,112.93,115.7,116.67,125.73,129.3,,132.54,134.37,132.22,129.04,126.79,130.04,133.72,133.76,134.44,132.38,134.85,132.66,124.57,123.37,122.92,131.53,123.53,123.0,122.26,123.06,125.65,162.66,158.43,155.92,172.01,175.23,174.94,171.04,179.01,174.04,172.55,171.54,175.19,173.96,179.94,175.89,172.73,177.5,185.93
PYPL,44.05,47.02,47.32,45.53,46.21,45.63,46.38,46.75,47.64,46.97,46.16,45.02,45.57,44.36,44.9,45.42,46.13,44.59,44.19,44.01,45.49,44.21,44.85,45.2,43.59,44.67,45.23,44.63,45.34,45.48,44.87,45.85,45.98,45.24,47.51,47.97,49.57,49.81,50.81,51.46,50.88,51.22,49.75,50.48,49.77,49.64,50.94,50.14,50.44,50.39,46.49,46.27,46.22,45.37,45.07,45.44,45.23,45.04,44.41,44.385,43.83,44.375,44.3,44.23,,44.16,43.76,44.46,44.75,45.19,44.53,42.61,42.75,41.29,41.26,41.46,40.7,41.24,41.53,42.49,43.65,42.08,42.51,,42.34,41.7,42.48,42.38,44.29,44.38,43.18,44.07,45.47,,45.09,45.65,44.53,45.32,46.32,47.65,47.37,55.52,56.73,56.56,56.82,55.85,55.51,56.0,56.15,56.07,58.32,58.35,57.65,57.21,57.87,58.54,57.93,59.78,59.07,59.07,59.0,59.2,60.59,61.66,60.47,60.43,61.25,62.3,61.55,61.68,62.27,61.81,61.47
QCOM,140.41,144.78,145.82,145.59,142.36,141.03,138.13,139.51,137.0,135.69,138.11,135.2,134.12,131.15,129.82,129.39,131.59,130.47,131.28,129.9,128.35,128.67,130.35,130.54,127.11,127.07,128.78,127.28,126.8,125.73,124.07,127.51,127.75,128.06,131.24,132.84,133.05,134.47,136.2,137.52,135.56,136.07,133.95,148.85,150.26,150.0,156.0,179.58,177.01,168.38,186.55,192.57,202.55,219.09,237.53,210.31,213.17,200.08,201.49,203.64,195.61,202.51,213.41,238.16,,248.82,233.4,243.29,251.02,228.99,240.84,250.01,242.57,215.94,217.77,205.42,191.2,202.96,211.72,220.81,214.07,212.97,226.11,,221.9,204.13,197.41,204.9,189.39,188.72,184.79,181.92,176.25,,186.48,182.97,186.56,191.11,189.16,183.98,178.1,177.98,170.61,171.78,170.32,173.5,175.63,171.11,166.97,170.04,162.88,155.68,151.6,147.61,151.57,162.67,157.53,160.39,167.86,162.17,162.68,163.07,164.79,165.79,162.18,160.19,161.91,160.74,160.75,158.53,160.56,163.72,164.78
QIA.DE,40.4,41.12,41.18,41.39,41.96,41.295,40.7,40.875,40.55,39.095,37.165,37.045,36.14,35.385,36.035,35.75,35.69,35.595,35.255,34.805,34.245,34.465,34.94,35.065,33.945,34.54,34.745,34.9,35.31,,34.29,35.435,35.03,35.045,35.35,35.915,35.61,35.0,35.35,34.95,34.605,34.075,32.54,32.58,32.635,29.125,28.51,29.035,,28.955,28.99,29.245,28.495,28.115,28.16,28.8,28.35,28.59,28.465,28.6,29.775,29.91,30.095,30.29,30.595,30.39,30.975,31.51,31.645,30.815,30.705,30.975,32.63,31.92,31.745,31.74,32.265,32.07,31.98,31.765,32.17,32.205,32.0,32.135,32.055,32.61,34.005,34.52,34.315,34.57,33.9,34.44,34.98,34.625,34.075,34.12,33.15,36.67,36.405,36.33,36.235,36.635,36.165,35.965,35.76,35.36,35.465,36.575,36.335,36.52,36.69,36.93,35.99,35.72,36.385,36.045,36.37,36.14,36.46,38.45,37.075,37.04,37.66,37.29,37.07,36.835,37.59,38.735,37.565,36.405,36.71,37.34,
REGN,787.04,772.19,784.28,770.79,781.67,790.81,766.66,787.5,764.93,759.86,781.6,772.03,774.66,746.61,745.77,756.91,759.05,744.12,737.45,732.87,736.53,741.69,749.47,756.73,737.71,749.29,772.64,777.25,761.85,763.04,760.27,775.53,767.85,748.87,746.46,755.51,753.93,746.0,750.57,749.41,747.36,746.58,766.02,751.57,744.44,731.77,686.36,707.06,701.42,709.21,702.27,721.05,709.1,714.89,712.77,723.41,719.88,712.87,698.25,629.68,630.3,649.76,642.59,638.88,,634.62,627.74,621.52,614.78,600.66,602.92,618.95,628.73,635.45,611.34,616.18,601.65,611.48,612.14,614.98,614.73,607.93,609.94,,612.5,618.03,623.43,620.14,632.9,631.81,623.54,624.72,654.27,,649.81,676.23,662.88,667.95,664.52,663.09,656.12,664.45,678.94,676.69,672.15,675.19,651.18,651.91,656.01,667.17,695.18,695.42,738.34,762.63,759.24,760.66,768.58,772.11,784.36,808.05,797.0,797.99,805.97,803.48,805.93,810.24,840.84,826.64,834.04,828.5,833.56,814.79,807.71
RHM.DE,1701.5,1724.5,1682.0,1674.0,1663.5,1627.5,1580.0,1638.5,1547.0,1592.5,1625.0,1653.0,1520.5,1550.5,1592.5,1624.5,1635.0,1605.5,1550.0,1503.0,1483.0,1471.5,1486.5,1436.0,1379.5,1409.5,1444.5,1581.5,1570.5,,1531.0,1578.0,1550.2,1463.8,1495.4,1486.6,1515.2,1497.2,1495.2,1475.8,1431.0,1422.8,1407.0,1319.2,1345.8,1343.2,1338.0,1355.8,,1388.2,1435.4,1441.6,1341.6,1218.4,1185.6,1162.0,1121.6,1143.2,1120.0,1172.0,1207.0,1233.6,1209.4,1227.2,1243.6,1237.2,1232.8,1284.0,1293.4,1207.0,1190.0,1200.4,1190.2,1209.8,1199.8,1207.2,1197.2,1220.0,1205.6,1150.2,1145.6,1170.2,1178.6,1202.6,1189.4,1166.6,949.0,949.0,946.6,970.9,990.5,1050.6,1115.0,1093.4,1130.0,1111.6,1058.8,1013.2,992.0,979.2,979.9,976.1,963.9,984.2,990.3,995.4,1007.8,1017.0,1037.6,1050.6,1086.8,1153.4,1139.6,1140.0,1175.0,1200.8,1200.6,1159.0,1146.4,1142.2,1142.2,1168.2,1164.6,1202.0,1214.0,1213.8,1178.8,1162.2,1155.4,1125.2,1118.2,1138.8,
ROP,335.7,337.7,344.24,352.15,349.73,353.93,356.0,361.27,366.02,367.5,363.06,353.87,352.25,346.78,351.0,352.2,352.89,350.79,353.26,353.68,353.48,345.93,346.72,351.07,344.42,351.96,353.86,355.87,357.88,360.19,358.83,355.85,349.88,343.15,356.35,354.0,358.09,361.88,362.44,359.87,362.93,364.73,363.76,353.4,352.45,354.12,355.97,354.81,358.22,355.23,356.56,350.26,352.44,343.32,328.8,323.94,316.25,317.95,320.9,331.01,328.91,323.12,324.08,326.94,,320.3,316.62,319.75,325.53,344.25,336.5,331.7,331.8,332.18,333.75,335.37,334.1,332.71,334.97,332.45,337.33,329.97,330.26,,325.09,329.54,331.6,332.42,338.31,334.8,338.39,354.68,364.2,,364.25,363.76,354.89,355.94,355.9,360.59,346.65,348.51,364.21,363.14,362.84,350.69,336.71,355.12,367.34,375.02,390.92,408.07,389.25,391.97,392.57,392.76,394.53,397.08,402.25,403.89,399.5,395.23,397.5,399.34,389.71,394.17,407.32,410.45,411.79,415.51,413.37,413.28,422.69
ROST,201.89,200.55,201.53,203.5,205.64,202.3,197.64,213.52,214.83,211.75,212.15,212.93,212.87,209.84,206.28,207.96,209.19,207.22,210.66,211.19,213.09,215.8,216.03,214.3,211.69,208.79,216.63,219.95,219.98,221.21,216.34,224.47,224.91,221.16,220.95,223.29,224.15,221.97,227.82,228.25,225.59,226.34,226.92,226.37,226.17,225.52,225.08,227.79,228.84,226.02,227.42,228.91,224.48,225.81,214.55,217.67,211.76,213.27,212.75,211.08,212.68,217.79,217.19,234.81,,234.68,233.47,227.2,231.73,224.07,223.82,232.62,233.06,230.37,227.42,229.45,231.92,239.11,240.13,236.77,234.49,233.25,232.8,,236.97,229.05,228.59,215.13,213.26,208.83,212.85,211.9,213.43,,211.36,214.67,217.72,220.6,222.88,219.46,220.93,225.81,232.72,233.46,235.78,235.81,238.21,232.39,238.89,243.35,251.03,251.96,252.57,251.07,252.91,251.06,253.22,254.31,255.23,254.83,251.81,248.25,244.96,245.36,235.28,236.38,234.69,228.99,239.04,241.52,241.19,236.27,229.87
RWE.DE,51.68,52.68,54.36,53.88,54.54,54.9,53.2,53.34,52.6,52.82,53.3,54.22,53.54,55.6,57.02,57.26,58.64,57.96,57.76,56.18,54.94,55.18,56.94,56.0,54.66,56.46,57.68,58.72,59.0,,58.68,58.38,58.92,59.04,58.56,58.88,59.08,58.1,55.9,57.36,58.26,60.16,60.6,59.94,60.74,61.54,60.64,61.98,,59.8,60.26,59.42,58.46,58.74,59.56,58.22,56.96,56.5,55.2,56.44,56.38,56.62,56.52,56.64,57.34,57.02,55.18,54.48,54.56,55.24,55.12,57.14,55.8,56.0,56.1,56.04,55.6,57.5,57.46,56.18,54.96,54.84,54.58,55.1,55.6,55.64,54.52,55.48,54.06,56.0,56.62,55.94,56.86,57.82,57.48,56.58,56.12,56.52,56.06,56.4,57.44,56.72,55.6,56.0,58.02,58.2,58.98,58.92,58.8,57.3,55.62,55.68,56.26,57.18,57.04,56.6,55.28,56.48,56.22,56.5,57.52,57.62,59.14,58.9,59.08,58.1,57.1,57.34,57.32,57.22,58.14,57.5,
SAP.DE,167.86,165.84,166.78,172.22,170.96,167.1,165.48,167.38,170.98,172.74,171.88,169.6,165.44,167.02,166.44,165.46,166.24,161.44,160.0,153.82,153.86,147.62,146.9,144.64,142.56,147.02,146.9,148.86,148.9,,145.22,149.7,139.5,139.38,142.5,143.46,146.54,151.66,156.24,150.2,151.16,149.82,140.7,147.28,148.96,148.88,145.88,145.5,,148.06,149.8,149.32,151.38,146.2,144.46,142.4,136.26,141.22,144.06,147.86,156.72,153.42,150.9,151.78,154.48,151.46,150.0,151.6,155.26,167.9,162.86,155.94,164.5,161.48,158.1,154.7,149.7,139.9,140.26,143.18,142.9,141.18,134.86,134.14,132.22,134.52,134.86,132.28,135.14,136.64,134.0,140.88,141.72,139.64,140.06,143.9,137.96,137.74,137.58,140.72,136.72,136.98,137.64,137.92,138.26,136.42,132.04,128.32,140.2,151.28,159.24,162.04,155.92,157.68,164.64,167.38,169.26,170.98,177.96,179.3,180.7,175.96,175.38,180.14,179.58,182.5,185.9,185.64,188.12,187.2,185.46,180.02,
SBUX,94.78,96.51,97.93,98.08,98.02,96.76,96.68,97.15,98.69,98.99,99.77,100.77,101.44,100.18,99.15,97.82,97.57,92.66,95.83,92.55,93.83,91.98,92.7,91.22,86.81,86.72,89.59,90.43,90.37,94.78,95.21,97.21,96.92,96.6,97.48,98.47,98.34,98.36,100.0,98.95,97.8,99.52,99.54,98.67,97.89,97.28,105.5,105.33,105.9,104.97,104.94,106.44,104.26,104.93,105.74,106.58,105.95,106.4,106.82,106.6,106.38,106.5,104.13,103.11,,101.42,102.1,100.75,99.16,96.51,95.51,95.89,94.14,95.29,94.82,97.41,98.76,102.28,103.04,101.59,101.68,99.82,100.65,,100.15,101.05,103.53,103.16,104.6,104.06,102.19,103.39,104.27,,102.11,103.61,103.87,106.41,106.01,107.34,106.17,105.11,108.37,105.49,104.81,104.45,103.98,103.21,103.25,103.65,103.1,104.14,105.85,105.25,103.37,104.97,106.0,105.16,105.58,104.65,106.66,108.49,108.55,107.69,107.92,106.01,104.98,103.99,107.08,107.49,105.76,108.49,107.26
SHL.DE,41.55,42.0,41.74,42.39,42.14,41.37,40.07,41.41,40.5,40.41,40.0,39.98,39.31,39.03,38.78,38.35,38.46,37.91,36.99,36.55,36.66,36.71,36.78,36.32,35.76,35.95,36.3,36.39,35.99,,35.94,37.88,37.34,37.77,37.79,38.29,38.34,38.35,38.91,38.29,38.06,36.87,35.97,35.43,35.57,35.26,33.95,34.88,,34.87,35.2,35.61,33.93,33.64,33.57,33.9,33.93,34.11,33.4,33.66,33.86,34.23,34.51,34.5,35.12,34.62,35.08,34.88,34.92,34.26,34.04,33.5,34.65,34.84,34.37,35.09,35.1,34.4,34.63,34.96,35.3,34.65,34.43,34.23,34.5,34.52,34.23,34.23,34.22,34.06,34.2,34.48,34.96,34.97,34.88,35.25,34.25,34.38,34.59,35.56,34.29,34.75,35.16,35.12,35.35,34.51,34.57,34.03,35.06,35.56,35.92,37.54,37.2,36.86,39.11,39.0,39.24,39.1,39.51,39.17,39.59,39.03,39.04,39.31,39.0,39.46,39.98,39.81,40.2,40.39,39.7,39.26,
SHW,364.27,364.73,357.25,360.5,362.59,356.1,348.83,347.67,335.45,329.88,333.4,330.33,322.74,317.7,319.78,322.71,320.7,312.12,310.38,303.53,313.95,313.7,321.95,319.55,315.37,315.9,320.55,325.7,318.0,316.39,313.96,335.67,335.73,336.11,334.38,333.6,328.84,333.34,345.55,343.93,334.61,335.15,337.66,337.7,336.1,324.27,317.85,321.61,318.0,310.49,312.46,323.63,320.21,316.82,312.7,311.58,306.34,309.18,300.1,302.78,299.05,307.7,309.34,309.08,,311.25,309.97,305.14,303.84,294.86,293.0,296.49,300.09,305.3,299.55,310.55,303.91,316.89,317.3,320.24,322.44,313.8,320.79,,316.9,322.9,333.13,339.08,344.07,344.3,344.32,346.05,352.48,,349.13,342.26,330.57,332.03,333.99,328.97,328.5,332.29,338.14,331.32,323.6,318.46,319.91,310.54,317.51,327.27,354.27,343.88,344.84,340.85,354.22,361.57,369.68,363.42,369.73,362.71,364.42,360.2,361.55,359.1,349.97,345.27,353.59,346.91,346.59,346.73,350.45,348.66,345.21
SI=F,86.523,87.457,90.939,86.998,92.682,88.284,82.923,82.633,81.687,83.816,84.032,89.083,85.065,84.67,80.914,80.263,79.53,77.238,70.902,69.36,69.049,69.274,72.361,67.671,69.545,70.324,74.69,75.867,72.735,72.661,71.826,75.224,76.277,76.324,75.523,79.391,79.491,78.606,81.738,79.951,76.411,77.893,75.465,76.383,75.003,73.205,71.569,73.534,75.951,73.072,73.108,76.811,79.701,80.395,85.485,85.13,88.888,84.912,77.161,77.073,74.828,75.851,76.414,75.893,,76.305,74.599,75.645,75.616,75.007,75.311,73.476,73.779,68.943,68.425,65.094,64.599,63.885,67.859,70.066,69.899,70.696,66.255,,65.527,62.02,58.052,58.348,59.217,58.175,59.477,60.085,60.643,,61.92,60.931,58.164,60.378,59.809,57.634,58.772,57.11,55.898,56.038,56.802,58.835,60.019,57.798,58.656,58.472,57.296,57.863,58.815,57.591,57.667,60.056,62.099,61.439,63.332,65.106,64.769,65.555,64.873,64.988,66.121,63.941,65.734,68.026,69.466,68.541,68.636,67.99,69.445
SIE.DE,240.65,239.5,244.1,248.65,247.4,238.2,226.45,232.9,224.8,224.8,221.1,232.15,228.2,224.7,220.35,220.3,219.15,218.1,210.3,203.75,211.3,209.2,211.8,209.75,204.9,205.4,205.7,215.35,213.35,,210.0,231.5,226.75,229.45,228.7,237.25,237.4,239.6,247.65,242.55,241.6,241.65,243.4,243.1,251.85,251.15,246.75,252.55,,249.55,260.5,268.3,266.2,264.95,268.65,264.6,266.8,273.7,259.6,260.5,256.8,264.1,264.05,268.6,276.75,272.55,274.05,271.65,269.8,272.65,278.7,275.0,272.05,268.8,268.0,264.3,258.4,258.5,264.5,270.35,273.05,273.1,276.8,274.5,279.0,272.25,271.4,272.4,267.5,269.2,281.15,273.45,276.9,284.1,281.6,269.6,265.55,273.8,272.85,272.1,272.9,270.1,270.7,264.55,265.15,270.45,271.25,268.2,272.25,272.75,271.75,271.25,281.1,282.65,285.3,287.45,285.95,273.1,279.8,276.95,280.25,281.95,284.1,284.0,282.3,275.8,276.65,276.0,280.35,280.6,285.55,288.1,
SNPS,420.82,440.72,449.17,426.0,414.0,424.66,424.32,430.98,442.3,437.41,437.22,432.65,432.98,418.72,412.63,425.88,429.29,428.67,428.25,420.32,432.48,415.62,410.13,401.95,380.47,383.14,396.48,396.74,395.95,397.07,397.9,410.16,404.92,392.24,417.77,418.8,438.45,441.15,449.58,460.95,467.58,477.26,456.85,500.82,498.54,483.89,481.22,482.6,489.02,497.5,502.51,504.42,505.19,516.48,516.19,513.21,509.28,510.02,502.42,498.43,493.87,498.93,503.98,524.74,,534.56,525.92,480.64,475.62,492.29,508.35,498.02,494.48,464.85,473.48,465.27,460.54,456.29,453.89,454.38,448.38,461.74,455.51,,464.58,461.5,463.93,455.02,454.34,447.26,446.07,454.53,437.16,,442.27,436.63,434.5,443.37,445.5,433.82,425.9,425.28,417.03,384.28,378.46,389.07,377.61,373.52,373.47,388.99,383.82,373.69,372.33,388.76,392.07,403.86,400.82,405.98,415.99,411.68,410.91,412.32,411.75,421.5,413.22,404.41,401.24,397.92,397.87,394.51,408.79,410.0,464.89
SPGI,382.9518,395.7143,400.7663,413.8978,418.0511,419.1864,420.0473,421.4759,426.7834,427.9659,421.2677,411.9584,405.8278,397.0672,399.7067,403.5856,409.5932,403.6329,403.1599,401.5421,405.7427,389.0255,386.4522,390.2081,384.333,395.071,402.403,402.2422,407.9092,410.7001,406.8685,413.3964,401.438,393.018,406.8874,402.3084,407.3604,413.2356,418.7039,418.8647,420.6906,424.8439,415.3548,413.2356,413.6424,410.0946,409.8297,407.9754,403.0842,401.8448,401.0123,400.7285,405.5629,397.4645,398.2971,401.2961,384.6263,382.1381,381.4096,394.9007,388.2687,394.5222,393.3112,395.0804,,390.2365,393.3775,395.1561,401.1353,405.4494,394.948,390.0568,397.4645,401.5516,394.5979,401.9111,403.3869,391.0501,396.3198,401.2015,409.8865,395.4778,388.7607,,385.421,378.5809,380.6528,373.8316,386.1495,386.5279,385.298,414.97,439.89,,447.22,443.46,430.79,432.96,430.5,437.84,438.87,444.48,457.38,450.84,448.35,431.26,429.06,420.0,426.4,439.83,424.36,419.64,415.0,411.93,416.25,412.53,410.03,405.24,408.19,410.94,408.69,410.1,422.67,418.8,410.53,418.04,426.66,432.16,431.29,435.42,432.99,436.49,435.39
SRT3.DE,228.3,233.3,238.6,237.9,240.3,233.0,224.5,231.9,225.3,217.2,214.6,221.1,222.6,215.0,209.7,209.0,225.6,220.3,210.5,206.2,210.0,211.5,213.1,215.5,206.8,209.0,211.9,211.9,212.4,,208.1,220.2,214.6,214.4,216.6,228.2,231.2,228.0,238.8,239.1,243.8,236.2,214.9,217.1,218.8,212.9,208.8,217.2,,216.7,223.5,223.3,221.5,216.9,217.1,211.1,211.4,213.5,204.9,216.1,219.6,228.0,235.2,232.5,234.5,233.0,235.2,240.0,245.1,243.9,242.9,244.0,249.8,236.7,240.3,235.7,236.3,230.4,231.2,229.0,230.7,228.2,217.1,213.0,213.1,212.7,219.4,230.2,224.0,223.9,229.6,229.4,231.1,226.6,229.9,232.2,220.3,233.3,242.0,249.5,250.0,247.4,247.0,243.4,237.4,217.2,221.3,221.8,221.0,214.3,222.4,225.6,222.2,218.0,225.2,227.6,228.9,229.5,232.2,238.6,238.3,236.0,235.1,237.5,233.9,228.9,234.7,248.9,246.8,243.1,246.5,244.4,
SY1.DE,75.8,78.04,75.94,76.6,77.58,76.5,73.2,70.94,72.68,71.86,71.2,71.6,70.14,73.1,73.78,74.12,74.02,72.4,69.7,69.44,69.82,69.5,70.94,71.3,72.38,74.2,73.24,74.36,74.3,,72.64,73.58,72.4,73.2,72.26,74.0,74.64,75.32,77.2,76.64,75.94,75.0,73.96,73.98,73.74,73.44,75.68,75.24,,74.58,74.84,75.9,73.76,73.26,72.8,74.02,74.02,74.34,73.76,75.48,76.22,75.74,77.62,80.0,79.7,79.56,81.86,81.08,79.1,77.24,77.38,75.74,75.82,76.38,75.78,81.22,82.86,83.04,82.2,82.18,82.36,83.76,85.54,85.64,86.36,86.46,89.3,88.44,88.16,87.18,87.82,89.58,90.8,91.36,89.74,90.94,87.64,88.54,88.6,88.6,87.68,87.76,89.44,88.64,88.64,87.62,87.94,85.58,86.9,87.08,89.62,89.08,91.86,89.1,89.3,90.96,91.46,91.82,91.92,91.68,90.9,89.66,89.32,89.04,87.34,86.2,87.56,89.22,90.0,91.42,91.96,92.74,
TEAM,68.81,71.18,73.19,79.43,75.13,73.8,78.38,76.81,82.51,83.62,82.04,78.01,75.45,73.34,75.21,76.17,74.91,73.47,74.6,73.73,74.41,68.17,66.46,68.13,65.12,66.88,68.25,69.37,68.29,68.09,64.83,63.62,58.96,57.15,61.3,59.71,66.0,68.73,66.94,71.48,71.22,74.01,67.62,71.55,69.22,69.71,70.49,68.59,88.88,93.16,92.35,88.8,92.37,91.6,87.31,85.0,80.62,80.86,87.46,89.435,86.62,86.23,82.18,85.42,,84.92,89.07,93.29,107.61,115.95,109.1,101.53,101.5,99.47,97.89,95.61,91.54,89.2,88.52,91.55,87.95,84.39,82.72,,79.96,81.35,81.55,74.68,78.74,79.26,77.79,83.17,83.84,,85.5,88.39,85.47,90.71,88.86,96.16,89.08,91.77,92.36,93.29,96.43,90.6,85.4,80.15,86.88,95.87,99.98,104.28,98.12,101.015,103.71,110.31,113.32,110.17,149.07,151.87,154.08,155.24,165.98,162.22,158.34,163.0,174.23,174.91,171.81,171.33,166.49,168.47,185.62
TMUS,219.95,221.98,218.66,213.15,217.09,216.11,218.53,219.71,220.54,221.57,217.5,218.78,213.44,214.37,217.39,214.82,213.35,206.62,206.59,208.47,208.76,211.26,211.36,211.59,210.82,213.94,210.03,204.25,201.4,198.61,200.54,197.63,197.54,195.71,192.43,190.0,190.19,197.12,197.67,198.36,195.39,188.92,194.07,189.8,182.75,186.72,198.17,195.5,196.06,194.42,194.31,193.16,194.2,193.63,190.85,193.3,190.28,188.19,185.22,190.65,193.42,190.16,190.9,191.47,,191.11,190.81,189.01,187.53,186.74,188.83,181.45,177.02,178.1,178.43,179.46,185.55,185.82,189.1,188.86,184.36,181.31,181.67,,180.06,184.57,180.79,181.57,182.68,173.97,167.73,173.06,177.52,,181.79,184.73,180.14,181.48,187.61,188.41,187.13,187.62,192.85,192.43,195.64,190.77,190.94,170.42,180.09,177.21,182.39,181.52,173.34,172.71,177.09,177.21,173.46,179.97,177.19,178.2,178.58,177.13,183.38,182.61,180.12,182.75,182.36,181.22,183.04,182.62,181.61,179.61,177.75
TRV,305.39,305.43,304.76,306.24,308.64,310.67,310.97,312.03,306.64,306.31,303.19,302.44,299.4,302.01,302.49,304.64,306.33,299.25,296.84,296.6,295.52,293.01,290.59,291.13,285.27,291.82,291.68,290.53,293.99,295.55,295.05,301.59,303.23,297.26,301.31,299.59,299.33,298.84,300.81,300.78,301.42,301.68,307.33,302.73,303.74,310.02,302.25,305.14,304.72,301.53,301.35,301.59,298.94,298.04,297.13,298.26,295.02,298.29,299.76,305.99,305.52,306.96,307.23,306.46,,304.84,299.94,294.31,291.89,288.93,291.86,289.95,293.43,303.25,296.73,300.25,303.36,303.9,304.46,306.47,307.51,306.07,307.81,,310.61,316.96,320.74,318.29,327.37,331.88,330.12,334.62,342.31,,339.17,343.73,337.94,337.48,338.92,341.51,336.83,329.19,337.82,368.98,368.5,369.63,372.08,376.37,387.26,390.35,397.22,389.01,375.99,374.36,373.82,377.15,382.45,386.0,384.31,375.62,375.61,370.16,370.0,370.36,364.51,367.93,362.22,364.49,363.58,370.55,369.66,371.15,369.33
TSLA,399.83,409.38,417.4,408.58,402.51,403.32,392.43,405.94,405.55,396.73,398.68,399.24,407.82,395.01,391.2,395.56,399.27,392.78,380.3,367.96,380.85,383.03,385.95,372.11,361.83,355.28,371.75,381.26,360.59,352.82,346.65,343.25,345.62,348.95,352.42,364.2,391.95,388.9,400.62,392.5,386.42,387.51,373.72,376.3,378.67,376.02,372.8,381.63,390.82,392.51,389.37,398.73,411.79,428.35,445.0,433.45,445.27,443.3,422.24,409.99,404.11,417.26,417.85,426.01,,433.59,440.36,442.1,435.79,415.88,423.74,423.7,418.45,391.0,408.95,396.68,381.59,399.15,406.43,411.15,404.66,396.38,400.49,,405.05,381.61,375.53,375.12,379.71,411.84,420.6,425.3,393.45,,419.77,402.9,394.06,406.55,407.76,394.76,396.18,394.46,391.06,380.84,369.57,378.93,374.01,319.69,313.03,309.22,307.44,298.32,308.85,311.21,322.08,327.35,321.55,319.53,328.58,330.88,332.81,327.51,339.96,342.27,339.3,336.87,351.12,345.13,362.86,348.95,350.25,345.82,354.81
TTD,24.17,24.94,25.16,23.95,23.82,24.32,25.0,25.17,29.79,29.28,28.56,27.66,27.28,26.525,27.34,27.08,25.07,23.55,23.51,24.11,23.95,22.34,21.97,21.74,21.28,22.01,22.69,21.98,22.05,22.21,20.7,20.25,20.61,20.09,21.22,21.02,22.38,22.76,22.47,24.05,23.2,23.56,22.62,23.97,23.14,23.23,24.37,23.59,24.24,24.1,24.61,24.01,23.49,23.08,21.52,21.14,20.49,20.41,21.15,22.27,21.16,21.02,21.28,22.38,,22.18,22.29,21.15,21.56,23.22,21.1,20.56,21.03,19.95,19.43,19.89,19.29,18.9,19.28,19.27,18.96,18.16,18.51,,18.02,17.93,17.7,17.33,18.37,18.65,18.08,19.15,19.1,,19.31,19.18,19.07,19.75,19.53,19.79,18.94,19.37,19.12,18.59,18.64,18.25,17.58,16.79,17.29,17.88,18.91,19.09,18.28,18.04,18.3,19.34,18.96,17.67,13.8,13.39,13.56,13.49,14.56,14.14,13.4,13.42,13.54,13.32,13.18,13.27,13.25,13.03,13.42
TTWO,195.59,204.19,207.31,213.29,211.48,213.88,217.05,215.77,212.53,211.5,214.63,209.08,211.09,209.2,208.58,207.69,206.72,204.22,201.75,200.63,200.84,191.37,193.05,194.72,189.69,193.08,197.5,198.2,199.87,196.69,198.33,202.13,198.05,197.07,201.36,205.1,214.15,213.93,212.04,216.85,217.65,218.19,209.9,210.75,213.77,213.01,215.34,213.76,216.03,225.18,223.11,222.0,223.5,220.45,221.47,225.99,226.99,242.41,242.44,242.16,238.14,236.62,238.08,227.55,,220.67,218.46,217.87,224.16,226.98,222.38,215.8,216.65,214.39,212.55,212.05,210.46,212.08,211.75,216.23,229.97,228.03,239.28,,239.57,242.64,235.77,238.72,238.53,247.15,249.98,250.32,254.99,,258.41,257.79,251.38,246.1,243.2,244.1,237.04,243.8,239.57,236.68,238.98,235.93,233.58,230.25,231.65,243.95,247.62,246.43,247.43,242.92,245.15,240.22,234.91,232.47,246.5,253.57,250.5,243.0,241.91,246.95,241.61,242.4,237.04,240.15,239.62,233.5,232.93,233.45,233.0
TXN,219.86,213.35,213.9,212.63,212.11,209.82,202.67,202.39,197.98,193.23,196.2,197.46,198.67,190.05,190.78,194.13,194.45,190.78,188.29,187.19,188.63,194.63,196.77,193.41,190.33,186.42,194.14,196.3,194.87,199.42,199.74,208.9,214.98,214.73,216.71,218.87,216.29,223.1,229.82,233.7,233.15,236.31,282.23,277.14,269.5,265.0,269.22,281.08,281.02,280.89,281.0,289.44,285.24,287.8,297.76,295.17,306.34,308.17,302.73,300.6,302.31,304.88,298.39,309.21,,324.89,317.45,315.95,305.68,293.2,308.12,308.59,305.37,285.06,290.9,288.63,282.01,297.1,301.12,313.34,305.71,301.88,322.86,,332.28,304.36,303.11,311.81,285.43,285.48,298.07,298.41,293.08,,303.5,293.3,301.32,308.53,311.46,298.57,305.55,301.19,291.22,284.02,284.07,291.3,294.19,284.99,279.58,279.41,277.07,271.3,278.76,275.74,269.04,283.63,277.72,278.4,286.08,280.44,281.24,276.59,273.43,279.58,282.91,272.24,267.45,265.6,264.36,258.94,260.05,261.77,266.54
UNH,282.34,273.95,284.2,286.66,293.27,294.93,289.21,291.96,288.77,286.48,285.17,282.34,285.25,277.05,282.09,285.49,287.57,284.33,280.44,275.59,269.54,272.28,270.55,268.05,259.02,261.79,270.59,273.98,277.26,281.36,307.73,305.98,306.91,304.33,313.0,314.19,314.05,316.4,324.63,323.48,346.01,353.52,354.56,354.92,354.69,366.77,370.74,370.48,368.78,370.75,363.87,367.28,369.74,379.98,384.44,396.39,401.16,399.09,393.85,391.13,389.24,383.3,382.48,388.47,,376.86,384.01,382.53,380.31,379.86,377.92,377.0,396.47,399.47,406.57,413.0,407.46,405.55,408.52,411.04,407.65,399.53,400.96,,406.68,409.25,405.8,415.53,427.89,419.82,415.63,426.54,425.36,,417.99,428.19,425.6,431.68,424.62,429.09,425.19,418.52,423.38,426.09,421.55,436.35,431.31,423.56,420.74,417.64,428.79,420.57,421.47,414.4,415.36,407.55,412.75,403.97,407.08,408.74,402.19,405.59,399.06,401.73,395.62,393.93,388.61,384.85,390.11,398.76,396.59,401.01,395.05
V,306.52,307.22,312.99,316.7,320.14,320.51,320.83,320.47,319.8,317.36,315.97,314.43,308.96,306.5,307.14,310.11,308.46,299.02,299.71,301.62,304.44,303.76,304.91,305.53,295.52,299.54,302.24,298.51,300.8,303.33,302.55,308.96,308.29,304.36,309.39,311.37,315.91,315.1,317.02,313.94,309.94,311.29,308.88,309.42,309.65,309.3,334.86,329.84,328.03,326.85,322.03,318.8,321.28,318.79,323.86,326.42,320.31,322.52,325.75,332.64,329.91,330.75,331.12,328.88,,326.48,327.61,324.95,326.36,322.77,317.32,312.4,320.18,323.57,319.67,325.05,322.96,319.05,322.39,323.82,333.12,330.38,327.24,,326.6,328.48,332.23,330.52,336.23,341.65,343.09,351.08,362.13,,357.25,352.2,347.53,348.2,348.97,357.75,356.02,355.14,365.14,358.56,360.57,355.82,353.42,351.6,355.74,362.53,366.59,368.73,366.27,366.13,365.67,369.59,368.54,370.47,362.5,361.32,362.82,359.42,365.45,364.15,358.84,364.25,365.54,365.73,371.04,382.41,384.14,383.9,379.66
VNA.DE,27.55,27.8,28.0,28.25,28.69,27.85,26.72,26.39,25.93,25.8,24.97,25.73,24.22,24.14,23.98,24.66,24.74,24.59,21.61,21.44,21.0,20.96,21.59,21.0,21.04,21.65,21.56,22.3,22.41,,21.93,23.27,23.1,23.13,23.09,23.25,23.4,23.24,24.02,23.82,23.51,23.65,23.24,22.96,23.1,23.03,22.71,22.91,,22.33,22.29,22.97,22.66,22.24,22.47,22.21,22.11,22.2,21.64,21.97,21.91,22.4,22.29,21.12,21.56,21.53,21.62,21.66,21.43,21.01,20.82,20.24,20.57,20.19,19.7,19.785,19.97,19.745,20.39,20.76,20.9,20.67,20.53,20.6,20.86,20.26,20.79,20.79,21.56,21.19,21.59,21.34,22.62,22.4,22.47,22.38,21.06,21.41,21.44,21.11,21.08,21.15,21.01,21.09,20.86,20.77,20.84,20.34,20.73,21.2,21.52,21.07,21.09,21.03,21.3,21.64,21.14,20.74,21.05,21.0,20.89,20.96,21.0,20.58,20.21,19.95,20.07,19.985,20.06,19.83,19.875,19.73,
VOW3.DE,99.9,101.6,99.94,101.55,101.2,96.74,93.58,94.44,92.8,89.98,87.82,90.3,91.72,92.38,89.5,88.08,88.64,88.42,85.68,85.38,86.1,86.66,87.68,86.88,86.48,86.34,86.4,88.5,87.3,,85.66,90.66,89.18,89.04,87.82,90.56,90.56,89.44,92.7,90.48,89.98,88.74,88.36,86.68,87.14,86.62,85.48,86.22,,83.8,84.36,88.06,88.08,87.62,88.0,86.74,86.52,88.84,87.94,87.78,87.62,87.92,88.6,89.68,90.94,90.5,92.38,92.56,91.82,90.56,91.02,89.32,88.6,87.84,87.9,87.28,86.3,85.42,88.42,90.42,89.66,86.54,84.1,80.44,80.32,77.92,76.02,76.02,74.28,71.36,70.1,69.94,73.3,74.66,75.5,75.8,72.38,71.52,70.98,71.44,71.88,74.4,73.46,73.12,72.54,72.56,72.96,72.94,71.46,70.74,73.92,75.38,76.14,74.66,76.3,76.9,76.08,75.56,76.32,75.42,75.44,73.86,72.94,73.72,73.22,73.0,74.84,74.44,75.02,73.82,73.3,72.42,
VRSK,181.6,191.17,195.82,202.64,207.57,214.79,214.75,215.58,211.22,214.84,210.28,202.66,203.13,198.04,201.22,204.74,203.79,204.39,201.69,201.75,199.85,194.73,185.05,185.75,182.75,187.36,189.75,183.5,185.08,184.71,181.0,175.43,169.41,164.28,167.87,170.63,176.84,178.31,178.07,179.75,182.09,178.89,177.14,177.59,174.9,176.66,188.19,184.49,181.11,178.68,180.45,170.94,174.69,171.87,168.57,166.32,161.47,156.84,162.55,171.52,170.71,170.66,171.6,171.11,,171.59,171.5,172.82,174.99,183.97,179.1,178.33,180.0,181.73,178.97,182.55,183.13,182.0,183.8,180.46,179.61,175.35,173.8,,168.99,174.76,180.06,177.04,182.18,179.21,179.53,183.72,188.35,,187.79,192.25,189.67,187.01,185.39,193.73,190.54,191.94,201.49,200.68,201.79,195.25,192.28,193.17,201.34,206.66,212.26,213.15,200.35,194.85,193.11,192.8,188.75,189.75,191.82,181.18,180.97,180.38,185.94,181.67,175.62,178.86,186.45,187.68,187.5,189.55,188.49,187.87,191.02
VRTX,481.01,487.43,483.05,480.13,496.83,486.03,474.27,477.89,460.82,456.69,460.87,499.17,492.38,478.13,469.34,466.1,462.49,451.59,458.05,454.0,451.24,448.62,454.97,453.74,433.07,443.16,446.54,447.26,438.71,434.3,431.86,443.92,446.78,436.27,440.05,444.28,441.7,435.65,441.2,439.18,436.59,437.67,435.1,430.29,426.01,430.14,423.24,427.38,423.92,429.85,424.36,427.65,425.0,429.82,435.17,448.29,453.06,450.41,436.95,436.58,434.31,430.44,433.54,434.52,,435.93,437.22,447.97,447.54,438.4,425.09,428.34,441.74,446.83,442.96,445.77,435.71,445.04,444.93,450.46,453.17,458.99,451.63,,466.79,468.42,475.2,480.18,491.34,499.65,496.73,498.01,528.04,,529.59,522.25,498.43,496.5,485.39,480.25,476.31,477.08,486.03,485.65,480.5,482.0,472.57,473.09,477.36,479.0,490.39,483.33,481.7,477.1,470.72,478.71,484.83,484.03,496.07,523.91,529.65,525.73,516.44,505.75,515.55,528.19,552.06,540.26,548.05,547.59,552.85,547.29,547.55
VZ,49.68,49.86,49.23,48.89,50.14,49.98,50.87,51.2,51.18,51.12,50.45,50.71,50.68,50.63,51.38,50.97,50.52,49.59,49.48,49.98,50.58,50.91,50.37,50.74,50.31,50.3,50.2,49.39,49.4,49.15,48.62,48.04,47.78,46.04,45.42,45.48,45.03,46.78,46.55,46.44,46.27,45.98,47.22,46.38,47.1,47.24,46.61,48.03,48.11,47.57,47.34,47.44,47.09,47.22,47.23,47.93,47.21,47.06,46.37,46.76,47.74,47.82,48.27,48.35,,48.49,48.24,48.01,47.81,47.73,47.87,46.65,44.87,45.37,45.44,45.78,46.95,46.94,48.11,47.07,46.73,45.84,45.37,,45.36,46.73,45.68,46.07,46.54,44.1,42.34,41.99,42.56,,42.07,42.59,42.45,42.24,42.12,42.68,42.47,42.83,43.88,43.59,43.5,43.78,44.29,43.82,46.38,47.32,48.19,47.22,46.11,46.81,47.36,46.88,46.47,46.99,47.06,47.03,47.27,46.98,48.22,48.48,48.06,48.54,49.36,49.19,49.45,50.15,50.25,50.19,49.43
WBD,28.92,29.15,28.9,28.8,28.17,28.5,28.2,27.95,28.0,27.95,27.75,27.76,27.81,27.43,27.14,27.51,27.64,27.35,27.63,27.42,27.4,27.28,27.22,27.07,27.07,27.09,27.46,27.49,27.32,27.41,27.37,27.55,27.53,27.44,27.39,27.37,27.2,27.39,27.47,27.42,27.31,27.33,26.9,27.07,26.82,26.95,27.05,27.05,26.97,26.96,27.22,27.2,27.12,27.11,27.24,27.2,27.25,27.12,26.98,27.1,27.09,27.42,27.1,27.03,,27.0,27.14,27.04,27.01,27.25,27.18,27.0,27.0,26.24,26.47,26.56,26.23,26.86,26.98,26.83,26.6,26.24,26.2,,26.95,26.88,27.2,26.98,26.74,27.13,26.66,26.81,26.48,,26.12,26.12,26.15,26.63,26.59,27.09,27.48,27.27,27.29,26.87,25.86,25.83,25.85,25.95,25.77,25.28,25.61,25.64,25.47,26.3,26.09,25.79,25.97,26.4,26.78,26.87,27.07,27.65,27.75,27.99,27.93,28.48,28.53,28.23,28.55,28.7,28.9,28.75,28.88
WDAY,129.21,130.23,133.15,139.11,133.76,134.01,143.61,143.04,147.18,151.04,148.14,142.49,137.84,134.14,133.09,133.63,135.17,132.29,133.38,135.96,137.06,129.29,127.07,127.97,124.18,128.77,129.92,129.05,132.26,129.72,127.51,119.17,113.06,112.5,119.92,117.86,124.12,124.87,123.83,127.94,129.16,126.6,114.67,119.76,117.83,121.18,122.43,122.4,126.96,127.89,128.88,122.63,130.88,127.83,121.42,118.62,116.5,118.75,125.01,128.88,129.34,126.61,121.85,128.14,,124.02,124.5,130.01,146.19,157.23,148.88,146.9,147.91,144.28,143.76,140.23,137.47,130.53,130.8,129.6,126.77,121.83,116.93,,113.04,115.13,118.09,113.77,124.21,123.58,122.42,130.27,135.4,,137.99,143.65,137.88,138.34,138.95,144.87,139.81,141.82,145.43,144.78,147.22,141.17,132.42,127.87,135.34,147.54,159.69,168.01,158.11,160.34,165.05,171.28,170.64,170.24,179.64,184.19,181.27,175.29,206.45,198.68,191.18,190.64,198.42,197.32,200.01,199.15,194.42,190.75,193.57
WMT,125.81,126.75,125.75,124.42,127.95,127.1,127.91,127.81,123.31,123.8,124.34,125.12,123.49,125.33,126.52,125.99,125.08,121.98,121.09,119.02,120.72,122.05,123.06,122.18,122.89,123.5,124.28,124.74,125.79,126.79,122.49,127.26,129.13,126.77,124.57,125.05,124.76,124.82,127.5,127.92,129.6,129.98,132.03,129.92,127.59,127.59,128.01,131.93,131.6,130.33,130.79,130.08,130.2,130.43,127.59,130.35,131.47,132.46,131.45,133.34,134.2,130.85,121.34,120.27,,118.57,118.54,118.9,115.75,114.6,113.06,116.89,117.74,118.88,119.83,118.88,120.59,120.5,121.04,120.82,121.03,118.13,117.18,,117.18,119.42,119.0,115.78,115.69,114.6,113.26,108.82,111.84,,110.65,111.54,113.1,112.21,113.9,114.78,113.7,112.53,114.95,114.24,112.2,110.39,109.33,108.4,109.47,111.74,113.1,114.22,111.1,111.2,110.71,111.55,112.34,112.07,111.85,112.66,113.26,116.01,115.72,115.27,114.33,115.2,114.3,103.84,103.7,106.49,105.38,104.34,102.63
XEL,83.35,83.91,83.55,83.47,83.36,83.8,83.17,83.04,82.38,82.52,82.1,81.88,81.0,80.82,81.91,81.63,81.41,80.02,79.53,76.77,76.95,77.96,77.7,77.93,78.09,79.17,79.44,79.71,80.74,80.39,80.54,81.46,82.77,82.38,80.45,79.83,78.65,81.05,81.08,80.32,79.08,78.11,79.48,79.15,79.41,79.48,78.82,82.95,82.58,81.17,81.45,80.55,80.43,79.39,80.6,79.9,79.91,80.03,77.92,78.1,79.73,79.86,80.2,81.08,,80.78,81.0,79.26,79.5,76.41,77.87,77.39,77.77,79.04,77.62,77.87,78.1,78.27,79.22,79.35,78.98,77.46,77.41,,78.81,80.33,81.47,81.75,82.23,81.98,80.3,79.7,81.96,,80.37,80.67,79.62,79.02,80.06,80.48,80.17,79.25,79.98,78.77,78.67,78.72,80.19,80.77,81.67,80.71,80.33,78.75,78.23,78.2,77.69,77.75,77.2,76.97,78.07,76.87,77.66,78.6,78.98,79.17,79.21,79.17,79.41,78.71,76.3,77.33,77.19,77.68,77.16
ZAL.DE,20.17,20.38,20.49,20.64,20.75,19.83,19.16,19.665,20.38,20.32,19.84,20.41,20.11,22.02,23.54,23.82,23.87,23.54,22.69,21.89,21.22,21.34,21.47,20.64,20.13,20.24,20.55,21.24,21.0,,20.5,21.86,22.28,21.98,22.11,22.17,22.57,23.25,23.55,23.33,23.13,22.64,22.04,21.94,21.84,21.18,21.16,21.03,,20.92,20.8,20.44,20.28,19.865,20.21,19.085,19.34,19.455,19.335,19.645,19.67,20.12,20.65,20.84,21.72,22.36,22.76,22.79,23.29,22.93,23.58,23.36,23.77,24.64,24.01,24.5,25.15,25.1,24.63,24.27,23.77,24.31,24.49,24.25,25.24,25.5,26.37,26.37,24.92,25.15,25.37,25.66,26.74,27.03,27.19,27.24,26.17,27.05,26.95,27.18,27.75,27.84,27.97,27.91,28.35,28.23,28.22,27.07,27.44,28.57,29.85,30.24,28.95,28.26,29.11,25.22,24.46,25.14,24.61,24.8,24.07,24.02,23.98,23.6,22.78,22.68,22.56,22.47,22.78,22.95,23.44,23.22,
ZS,143.28,149.36,155.7,167.36,146.99,148.58,154.67,156.21,161.96,164.06,162.62,156.61,153.81,151.61,153.76,153.69,156.0,155.99,155.4,151.47,151.8,139.41,139.44,141.5,133.16,137.26,140.29,136.67,138.56,139.52,142.09,137.85,122.23,118.05,122.62,122.68,131.01,134.33,134.68,134.8,139.61,142.66,132.97,135.5,134.11,136.07,134.73,130.68,139.81,142.2,141.36,138.83,152.79,152.13,148.87,146.17,152.43,153.7,161.05,174.69,175.25,174.45,171.01,182.37,,184.6,126.41,130.04,139.73,155.71,144.15,134.37,135.26,130.78,129.25,125.84,124.73,126.11,129.52,130.42,127.23,124.38,124.85,,124.06,126.17,127.27,123.8,132.26,137.6,141.15,146.45,147.33,,150.42,149.5,143.55,147.12,139.27,141.82,152.09,148.19,146.43,149.94,149.82,148.72,142.26,139.7,142.32,147.3,151.63,153.77,148.39,151.2,154.46,163.22,161.65,162.6,168.68,176.68,178.55,177.32,188.18,183.6,184.44,185.7,184.6,174.95,181.745,176.06,168.42,170.31,187.3
