ticker,2026-03-03,2026-03-04,2026-03-05,2026-03-06,2026-03-09,2026-03-10,2026-03-11,2026-03-12,2026-03-13,2026-03-16,2026-03-17,2026-03-18,2026-03-19,2026-03-20,2026-03-23,2026-03-24,2026-03-25,2026-03-26,2026-03-27,2026-03-30,2026-03-31,2026-04-01,2026-04-02,2026-04-06,2026-04-07,2026-04-08,2026-04-09,2026-04-10,2026-04-13,2026-04-14,2026-04-15,2026-04-16,2026-04-17,2026-04-20,2026-04-21,2026-04-22,2026-04-23,2026-04-24,2026-04-27,2026-04-28,2026-04-29,2026-04-30,2026-05-01,2026-05-04,2026-05-05,2026-05-06,2026-05-07,2026-05-08,2026-05-11,2026-05-12,2026-05-13,2026-05-14,2026-05-15,2026-05-18,2026-05-19,2026-05-20,2026-05-21,2026-05-22,2026-05-26,2026-05-27,2026-05-28,2026-05-29,2026-06-01,2026-06-02,2026-06-03,2026-06-04,2026-06-05,2026-06-08,2026-06-09,2026-06-10,2026-06-11,2026-06-12,2026-06-15,2026-06-16,2026-06-17,2026-06-18,2026-06-22,2026-06-23,2026-06-24,2026-06-25,2026-06-26,2026-06-29,2026-06-30,2026-07-01,2026-07-02,2026-07-06,2026-07-07,2026-07-08,2026-07-09,2026-07-10,2026-07-13,2026-07-14,2026-07-15,2026-07-16,2026-07-17,2026-07-20,2026-07-21,2026-07-22,2026-07-23,2026-07-24,2026-07-27,2026-07-28,2026-07-29,2026-07-30,2026-07-31,2026-08-03,2026-08-04,2026-08-05,2026-08-06,2026-08-07,2026-08-10,2026-08-11,2026-08-12,2026-08-13,2026-08-14,2026-08-17,2026-08-18,2026-08-19,2026-08-20,2026-08-21,2026-08-24,2026-08-25,2026-08-26,2026-08-27,2026-08-28,2026-08-31,2026-09-01,2026-09-02,2026-09-03,2026-09-04
AAPL,263.48,264.65,260.79,258.63,255.69,257.65,261.09,258.66,255.48,252.11,252.96,252.63,249.4,247.98,253.97,250.35,254.1,252.12,253.9,250.07,247.91,254.08,254.2,256.51,256.16,258.45,259.0,259.98,259.73,259.25,258.16,266.8,266.96,270.33,271.5,267.82,275.05,272.76,266.09,272.34,267.55,270.5,278.86,279.66,276.93,281.92,289.27,290.01,291.98,292.56,293.5,299.82,297.9,300.24,296.97,298.18,301.06,306.12,309.56,308.33,310.68,311.78,309.63,307.46,314.18,313.23,312.86,308.74,300.28,290.74,293.72,296.03,294.12,295.25,300.85,298.11,297.31,297.54,295.36,287.4,275.0,286.73,281.17,293.44,294.12,307.36,315.29,311.91,310.51,314.72,317.02,313.76,317.62,328.01,331.98,333.51,323.13,327.87,321.73,321.79,334.54,340.03,339.73,333.1,304.81,309.58,302.73,309.36,314.34,311.45,306.83,307.75,305.1,304.21,306.0,306.21,307.58,310.14,317.46,312.05,311.47,310.79,310.3,310.55,316.85,319.6,316.98,326.87,324.87,328.31
ABBV,233.36,233.56,233.42,230.36,229.97,227.66,226.05,225.12,226.89,221.09,222.04,218.5,208.37,206.27,207.36,203.04,206.86,207.19,211.42,212.26,215.06,218.37,213.99,207.04,206.23,206.26,209.48,213.55,206.43,204.8,208.99,207.78,209.66,207.94,204.01,205.17,201.05,198.93,198.0,198.67,192.0,209.0,211.0,205.71,208.97,206.11,204.92,201.92,202.01,204.59,206.86,209.5,213.1,210.37,209.9,213.36,210.95,217.0,215.92,213.12,215.9,219.02,215.26,211.01,214.8,222.5,227.37,226.75,224.8,226.93,226.01,227.5,226.0,223.31,222.4,221.37,221.94,232.97,236.35,233.66,245.26,253.05,255.0,250.75,252.3,259.92,257.21,253.25,251.2,251.01,248.37,245.99,243.32,244.75,257.0,253.1,253.7,257.81,253.98,258.54,259.0,262.83,264.21,258.38,252.54,251.45,246.74,247.0,249.04,243.62,245.65,248.14,245.98,252.94,250.6,249.49,253.93,261.51,265.69,260.7,263.99,264.5,264.6,260.81,258.67,254.17,260.99,262.7,264.0,257.96
ABNB,131.88,133.24,135.73,133.89,131.43,132.805,132.87,132.45,127.23,127.28,129.6,131.2,129.95,130.03,130.29,132.2,130.89,131.89,129.22,123.9,125.07,126.39,122.8,124.3,126.4,130.99,130.45,128.87,127.2,130.5,134.51,138.87,139.905,141.0,143.88,146.475,143.99,140.17,140.97,140.93,136.25,142.0,141.32,142.71,139.0,141.605,140.5,138.125,141.745,137.58,134.69,133.0,132.905,133.5,133.07,131.4,134.665,134.755,132.37,132.54,131.36,134.5,133.31,136.24,133.22,136.01,134.02,133.69,134.58,130.22,128.37,132.33,134.42,139.64,140.69,141.39,140.98,139.31,139.06,144.5,142.35,146.15,147.29,145.0,146.5,149.12,149.45,147.15,141.26,147.02,148.89,145.17,147.18,149.705,146.79,146.8,144.78,144.1,137.58,138.24,143.5,148.83,152.01,151.5,150.84,153.34,149.75,153.913,152.14,164.7,178.69,179.485,181.398,180.9,185.0,184.06,180.49,185.0,183.45,187.14,189.0,190.13,190.3,187.86,184.67,188.22,182.53,183.28,184.255,183.15
ABT,113.0,113.66,111.95,110.72,109.42,112.28,110.0,109.78,109.39,108.81,110.1,109.5,108.73,107.04,107.07,104.09,105.45,104.39,104.9,104.76,102.54,102.84,102.02,102.51,101.83,103.13,103.0,102.71,100.13,100.4,100.77,97.13,95.62,96.5,95.6,92.62,91.61,92.15,91.62,93.84,93.65,91.48,91.0,89.18,87.31,87.55,86.32,87.16,84.44,83.42,83.4,84.18,85.89,84.86,88.36,88.2,88.6,87.92,86.83,86.65,85.64,86.65,85.78,87.25,87.2,89.32,91.75,90.54,90.73,91.32,89.26,89.62,88.26,89.36,90.36,88.64,88.15,88.95,91.19,90.6,93.86,94.54,93.29,92.25,93.41,95.0,97.27,95.11,94.77,94.97,93.95,90.5,87.99,95.29,101.0,100.7,100.52,100.45,101.23,101.5,104.09,106.09,106.97,106.01,104.46,107.85,105.77,106.71,107.19,107.03,107.41,108.62,108.05,112.47,111.49,110.04,112.45,113.23,114.0,114.02,116.28,115.83,115.4,112.75,111.6,111.54,112.25,109.32,110.91,108.11
ACN,203.0,211.8,209.8,215.21,212.84,208.61,203.45,201.0,197.34,197.49,200.25,198.75,187.0,203.5,203.63,197.57,195.49,191.47,195.0,195.0,200.0,197.14,197.62,200.96,198.98,200.94,190.75,185.83,180.98,192.72,193.01,196.24,195.86,197.23,195.15,193.13,181.0,178.75,178.0,178.6,176.57,178.32,181.3,179.98,180.43,179.5,176.08,178.03,180.49,174.0,167.52,162.0,167.47,167.75,180.0,175.0,176.82,179.01,178.0,177.0,178.14,178.63,193.44,190.69,183.16,183.68,180.91,176.95,173.46,170.1,167.1,168.44,167.6,165.63,164.9,126.5,125.0,124.79,126.49,128.35,126.25,130.58,123.26,126.2,133.14,135.96,140.4,139.75,130.94,141.37,139.1,130.48,137.01,138.93,145.0,142.84,141.33,140.82,139.0,142.5,150.2,156.95,165.0,166.73,160.82,170.37,160.64,172.25,160.21,171.13,174.46,176.83,176.03,181.68,180.04,173.0,172.86,172.35,182.21,180.98,184.64,183.78,182.35,184.1,189.34,188.32,187.32,186.31,190.0,192.0
ADBE,260.05,271.51,275.4,280.28,281.32,281.82,277.93,273.35,249.0,248.25,252.99,252.46,246.96,242.8,248.95,245.91,241.2,234.92,239.79,236.78,241.67,241.96,242.46,242.84,244.17,244.3,235.6,229.9,227.14,241.99,241.17,253.05,254.08,249.49,247.0,254.8,244.88,239.77,240.77,242.13,240.97,240.1,252.0,249.99,254.0,252.02,254.77,252.9,250.53,247.0,238.54,236.24,241.76,247.31,263.33,250.28,246.45,245.89,242.57,237.76,239.57,245.23,270.0,267.98,259.39,263.02,259.28,249.06,242.98,233.02,229.92,202.4,206.88,205.38,204.02,193.6,193.39,197.96,195.89,193.0,195.48,206.67,204.1,209.43,215.55,216.1,221.16,221.39,214.12,226.5,226.75,221.16,223.16,228.71,235.26,235.67,222.85,229.66,222.18,216.5,230.39,242.85,249.99,251.5,244.73,258.25,248.67,260.07,252.23,262.82,263.06,270.48,258.45,261.61,273.22,259.9,259.83,262.19,272.73,272.37,275.0,270.76,265.19,279.16,288.22,287.65,288.26,283.5,285.48,274.47
ADI,339.15,344.04,336.75,319.48,310.24,318.72,319.29,313.9,309.88,311.67,312.2,313.33,303.37,311.15,315.48,311.25,325.0,319.1,310.87,314.03,309.37,318.2,310.27,320.0,323.79,345.81,346.0,353.0,348.69,352.43,347.0,346.97,359.67,373.02,383.0,380.81,397.9,404.07,398.29,389.8,392.0,393.39,397.06,402.26,396.75,404.71,413.91,418.0,412.21,417.85,427.84,430.97,415.18,426.9,409.16,390.0,396.64,389.14,406.25,433.5,417.14,423.45,404.25,409.5,424.9,427.78,419.49,414.95,411.95,399.56,401.94,411.95,429.17,426.59,421.64,426.23,437.75,426.86,407.22,424.25,405.43,388.16,392.92,390.89,390.81,387.91,376.33,374.25,395.6,387.5,389.83,398.28,397.35,380.01,369.5,382.1,387.91,376.83,376.15,374.64,372.78,366.44,361.71,364.85,374.16,363.0,372.39,379.49,375.25,386.73,392.84,389.98,396.22,387.44,381.98,391.54,381.36,378.55,376.92,374.72,372.72,376.24,374.87,374.5,374.14,364.88,356.33,355.64,350.42,359.84
ADP,214.62,216.84,217.49,220.85,224.57,221.96,217.88,212.7,205.76,208.45,210.19,207.36,210.74,211.27,209.58,209.33,206.26,202.03,203.48,203.19,206.91,203.35,201.25,203.49,203.89,204.51,199.78,195.99,188.26,195.69,196.06,197.85,201.65,200.47,202.24,203.18,200.11,196.96,195.85,199.69,207.78,212.65,215.02,213.12,210.03,208.41,206.05,212.69,211.26,213.78,211.47,208.63,210.1,215.3,222.94,218.22,219.03,220.32,221.84,218.63,215.6,218.09,223.96,229.5,228.87,234.36,233.08,231.07,226.61,230.81,228.6,224.18,224.36,224.69,220.16,218.34,216.04,220.79,221.3,219.48,218.22,226.55,223.26,228.93,236.34,243.38,244.04,245.19,237.42,243.59,244.33,244.96,246.74,252.23,257.98,254.31,250.73,249.25,242.99,244.56,251.18,259.37,264.88,265.44,260.14,270.8,264.41,274.97,271.16,272.78,268.93,270.67,269.2,271.01,276.87,269.54,270.91,269.98,277.5,279.7,280.9,280.07,280.89,279.8,285.0,285.59,286.67,283.0,282.91,280.47
ADS.DE,,146.05,140.2,145.5,140.95,142.25,140.0,139.0,139.2,139.2,140.45,140.7,135.8,134.45,130.9,133.85,133.95,131.65,133.8,131.55,134.2,142.25,134.7,,136.0,138.65,137.05,137.95,136.25,136.55,137.35,140.55,142.0,143.3,145.2,144.45,140.9,136.0,136.6,138.05,148.4,147.75,,148.4,141.05,144.8,149.9,149.0,145.15,141.05,141.15,144.9,144.7,144.15,147.8,145.0,148.8,154.8,157.55,159.0,166.45,170.0,167.4,166.75,165.7,162.2,160.7,159.35,164.35,170.0,171.5,175.85,180.0,175.5,173.85,171.0,173.15,173.15,172.0,176.95,178.65,180.75,178.0,179.0,182.5,185.95,186.6,186.25,180.25,182.05,180.45,180.5,180.8,182.1,181.0,180.75,180.45,178.5,178.0,171.0,176.7,180.3,180.65,157.25,159.0,161.0,163.0,161.25,163.35,164.8,164.0,166.3,161.4,160.35,159.0,157.25,151.4,154.55,155.9,152.4,154.25,155.55,152.8,150.25,151.9,154.0,151.0,148.15,149.55,148.35
ADSK,246.1,253.3,258.55,261.54,260.77,260.58,255.45,250.71,249.52,252.09,250.59,250.28,248.98,245.95,248.29,245.28,241.24,234.66,237.63,232.26,234.92,238.86,239.72,236.84,236.33,241.15,237.51,221.54,218.01,227.89,234.79,244.51,249.4,241.48,245.23,247.29,240.36,232.58,235.91,237.97,233.84,233.9,241.88,244.19,247.2,245.38,246.56,247.65,241.83,238.03,229.4,229.88,234.88,236.1,249.03,239.75,241.99,240.51,238.08,235.0,236.32,225.56,237.01,241.62,235.01,236.48,235.08,228.01,223.47,220.5,219.26,206.6,199.92,197.82,196.58,194.55,190.0,193.27,188.98,189.07,191.65,202.46,193.25,200.0,200.97,204.66,215.99,211.1,200.47,212.0,210.32,201.96,207.91,212.22,217.05,215.07,214.51,211.95,205.55,208.75,213.51,231.49,242.17,238.09,230.44,239.6,231.19,238.43,237.36,245.0,246.52,251.51,245.71,250.0,260.0,248.2,245.31,243.89,252.47,251.02,253.58,251.42,245.27,261.47,261.16,257.71,253.48,246.7,246.01,232.08
AEP,132.39,132.42,132.72,130.98,131.81,131.48,131.81,131.05,133.51,134.76,134.79,133.04,131.0,128.18,126.79,127.25,129.46,128.72,128.84,131.61,131.41,130.69,131.72,131.7,132.17,132.09,134.43,137.0,136.49,134.52,134.79,134.56,134.15,134.35,133.98,132.69,132.78,133.82,135.02,136.29,135.12,135.23,136.87,136.15,138.49,136.57,131.64,131.21,130.75,130.62,126.93,127.58,127.9,125.93,127.0,129.5,128.94,129.66,131.94,130.1,129.57,127.64,125.67,124.21,127.2,127.37,128.5,129.08,126.62,128.47,128.61,128.6,128.32,129.81,128.78,128.66,128.19,131.43,134.22,135.23,138.03,139.03,137.0,136.87,135.88,137.89,137.52,137.64,135.9,133.84,135.57,135.74,134.46,132.1,135.39,132.65,130.5,131.7,132.34,135.43,135.18,134.09,133.8,128.72,128.0,128.1,128.04,128.89,127.98,124.99,125.05,122.53,123.62,124.74,124.87,124.88,128.18,127.36,126.19,126.15,121.11,121.98,122.92,122.24,123.38,122.31,122.83,122.75,123.75,124.18
AIR.DE,,175.42,178.28,176.56,169.5,178.8,175.68,176.68,172.34,169.18,169.02,171.96,167.82,165.24,159.58,166.08,168.02,166.52,163.76,159.42,158.28,168.3,163.96,,167.2,174.56,174.24,170.72,166.8,171.46,172.16,172.86,170.96,176.24,173.74,171.48,165.1,165.16,165.96,165.5,165.24,172.58,,174.62,176.02,179.88,188.86,181.38,178.68,173.38,174.06,173.66,170.54,165.62,171.04,168.92,172.3,169.12,175.12,171.96,173.0,180.82,178.1,174.84,170.7,170.24,178.38,173.46,176.66,176.06,175.58,180.56,183.9,184.48,185.28,189.0,190.1,188.44,192.88,194.96,194.36,191.9,192.66,195.16,197.56,205.95,209.5,201.7,198.96,197.3,195.94,193.12,193.56,196.1,193.22,192.4,190.8,203.5,207.05,204.7,210.6,211.0,210.85,206.2,204.9,208.3,210.7,215.05,214.85,212.9,212.55,214.0,211.65,214.05,213.2,215.4,213.9,210.85,207.75,204.1,203.05,204.45,204.9,206.35,204.8,202.95,195.96,195.1,196.04,196.92
ALV.DE,,358.5,356.1,353.3,344.9,351.3,350.6,349.6,349.6,354.1,358.1,363.0,355.3,356.4,341.1,350.3,354.1,350.8,351.6,350.9,357.0,364.6,364.5,,369.0,381.6,378.4,379.2,375.0,380.4,385.6,387.0,386.3,385.5,392.3,394.4,389.0,386.8,388.0,389.7,389.5,381.0,,386.0,378.2,386.7,393.0,369.7,369.2,367.5,371.0,374.5,378.0,373.4,381.9,380.1,383.2,385.6,391.1,390.2,387.0,383.5,379.9,374.7,373.6,370.7,371.7,372.2,373.0,379.4,380.7,385.0,391.0,397.0,398.8,400.2,403.0,403.5,401.9,403.2,406.9,407.9,410.0,413.7,415.0,422.9,422.0,420.0,419.8,423.8,422.6,419.9,418.2,415.7,419.2,420.5,422.3,422.8,426.3,426.4,430.0,432.9,432.2,426.3,432.6,432.6,433.6,436.0,440.5,435.6,436.0,437.8,436.6,439.4,439.9,441.2,439.9,441.8,438.0,440.5,441.4,447.9,450.2,450.3,448.4,452.5,451.9,452.0,450.0,451.0
AMAT,350.9,359.22,351.04,329.52,320.48,339.85,348.0,344.19,342.47,347.7,346.18,353.39,340.74,359.77,367.82,358.16,371.0,358.37,337.63,344.0,328.83,345.29,338.0,351.02,348.15,378.89,385.25,402.5,397.85,400.0,389.21,388.95,397.75,397.6,393.0,399.87,406.17,412.5,416.0,386.0,383.87,385.54,389.45,387.16,404.39,421.0,426.36,423.11,439.25,436.8,435.91,443.34,428.42,441.31,404.37,416.45,424.19,434.35,444.74,461.22,446.13,452.77,444.54,465.3,487.95,485.66,479.71,476.0,501.72,502.79,522.49,548.62,589.98,581.99,592.02,622.52,626.22,581.93,585.24,637.74,642.76,635.43,697.5,668.41,656.69,627.76,545.35,547.1,627.31,578.24,582.01,613.9,610.38,562.54,532.4,545.63,564.95,544.31,548.97,556.21,539.54,490.92,463.42,482.48,531.69,498.86,544.65,544.51,525.34,539.59,555.0,539.99,548.0,548.81,499.4,518.0,507.37,508.41,489.58,503.0,481.88,490.06,479.74,481.5,476.26,462.41,450.72,443.5,432.42,452.5
AMD,191.46,192.12,197.77,195.27,189.36,202.51,205.11,202.83,198.11,194.98,196.68,196.0,195.03,204.89,206.4,201.39,211.51,217.98,201.77,204.95,198.05,207.59,204.05,219.28,218.26,232.12,233.01,239.0,245.03,249.79,254.96,264.99,281.0,280.6,277.33,291.22,302.01,336.76,346.32,311.86,326.58,341.36,351.87,360.31,351.51,409.49,417.07,418.59,460.55,449.25,457.04,440.6,433.34,429.5,412.6,428.04,441.99,469.84,484.74,508.0,499.0,520.8,500.16,506.3,533.75,514.75,499.53,485.0,502.75,467.97,461.6,499.69,535.75,546.89,529.66,531.58,545.5,509.08,520.82,543.93,519.8,522.84,545.57,557.53,538.16,535.35,515.91,504.81,537.27,544.01,537.5,567.22,556.02,509.33,476.88,517.0,526.0,526.88,544.74,546.92,527.51,467.0,452.68,460.0,510.28,461.79,504.0,484.5,471.75,497.94,477.09,474.75,488.32,483.0,487.6,514.16,487.56,486.08,465.67,476.5,468.54,474.2,475.07,481.5,472.52,466.22,459.91,459.51,453.15,462.0
AMGN,377.97,380.0,375.18,364.2,368.27,376.17,375.05,373.51,370.68,369.38,368.24,359.82,353.3,348.01,351.8,346.56,350.76,350.33,355.66,351.83,350.73,354.9,352.72,345.45,340.99,345.61,347.46,357.46,352.09,346.18,351.7,346.63,351.9,354.25,350.23,344.09,345.52,346.0,342.35,344.5,335.01,340.75,332.52,326.03,321.91,329.13,330.39,329.48,332.99,331.95,332.32,336.26,336.23,325.55,323.25,330.75,330.0,340.26,340.56,339.52,336.44,336.22,333.38,326.17,327.98,345.87,348.76,349.34,348.24,346.86,342.91,357.4,355.5,352.0,347.08,344.38,337.65,348.31,348.0,350.06,354.69,361.95,362.15,362.63,364.74,371.7,374.28,366.19,367.82,363.08,363.04,358.18,354.66,358.25,373.97,367.95,365.09,369.23,359.98,372.73,378.55,383.25,395.03,379.75,382.0,388.5,380.76,393.36,413.72,404.09,408.46,415.52,413.31,419.92,413.76,412.98,421.64,430.24,435.78,431.72,440.31,443.26,441.0,433.08,437.89,428.59,435.3,440.65,445.67,437.03
AMT,187.53,188.51,189.0,187.89,188.23,186.5,185.61,181.06,182.1,185.73,185.6,183.14,180.29,184.02,179.2,175.49,169.48,167.29,168.79,171.54,172.63,172.67,171.49,172.74,175.82,175.0,175.24,180.55,179.48,178.44,177.77,177.17,178.29,181.37,181.74,176.93,177.55,178.89,178.64,176.5,177.54,177.99,183.77,180.67,180.0,179.15,179.5,179.83,177.05,174.59,176.77,174.63,170.18,170.89,178.81,181.96,183.2,185.02,183.79,185.28,185.56,186.93,184.82,187.32,184.22,187.2,193.98,193.0,189.16,192.29,192.1,187.73,186.12,186.49,182.64,181.64,175.73,178.49,179.9,175.23,172.37,174.94,167.69,163.53,167.16,165.0,164.23,165.6,164.08,166.5,170.0,169.0,168.2,169.78,171.94,168.23,165.31,163.74,166.18,166.53,166.42,169.54,174.96,177.3,172.69,174.67,170.5,173.91,169.69,170.51,171.26,168.5,169.22,171.35,174.26,174.92,174.86,173.0,177.04,175.96,176.46,177.85,180.0,174.19,174.54,175.9,175.9,175.9,174.93,176.39
AMZN,203.1,210.47,215.98,214.99,210.45,214.19,215.71,210.39,209.61,208.35,212.82,213.93,207.06,207.4,209.79,207.95,211.56,210.61,206.46,201.48,204.85,210.44,206.54,209.8,211.24,223.79,225.23,235.3,237.45,241.78,249.25,248.51,254.99,249.19,255.09,252.44,255.39,259.98,263.46,258.39,257.99,273.17,265.58,268.8,276.08,272.89,275.02,271.63,269.84,266.71,264.43,269.15,262.5,263.87,262.04,260.05,263.5,268.66,267.94,266.15,272.27,271.29,266.29,257.16,254.7,253.12,254.26,246.68,247.73,243.61,237.93,243.21,245.02,248.0,244.9,240.12,240.08,232.55,233.85,232.02,227.21,234.22,237.35,239.75,241.61,243.8,246.98,244.27,239.82,249.55,244.68,245.55,249.75,255.12,244.46,248.76,249.11,248.27,236.26,234.38,235.67,232.85,229.32,233.35,265.0,278.29,276.06,281.59,272.77,272.87,274.01,278.69,273.18,267.24,264.88,265.44,260.63,260.85,263.16,260.74,259.6,262.51,261.28,259.23,258.32,263.83,254.83,254.26,256.2,259.07
ARM,119.275,122.7,122.85,118.125,112.55,117.0,120.83,118.225,115.8,119.5,125.17,127.81,125.0,136.9,133.43,136.0,148.255,157.35,151.53,144.1,139.9,154.39,149.77,152.18,143.815,152.16,148.23,152.41,147.78,161.03,161.22,159.99,167.34,167.415,175.37,180.0,194.42,221.96,224.49,197.32,202.6,204.0,208.15,212.5,210.095,232.0,222.395,216.96,206.535,204.77,212.0,217.84,214.79,209.81,209.75,226.54,266.895,290.075,315.71,320.535,309.98,339.25,389.95,401.13,407.535,380.41,369.75,354.0,362.255,314.47,314.42,353.12,390.5,401.0,411.98,440.245,440.03,370.0,373.33,379.765,335.07,336.25,349.77,341.245,337.24,324.27,305.93,297.535,318.315,322.7,311.43,310.035,281.09,268.54,249.865,272.0,285.47,280.48,275.47,282.77,263.48,252.99,241.5,258.0,258.95,230.01,253.4,274.56,267.03,298.965,281.26,273.1,279.96,266.99,278.23,285.0,257.0,257.0,246.4,253.46,236.34,244.81,240.29,255.46,251.1,238.805,233.92,233.375,231.09,248.59
ASML,,1171.0,1198.6,1186.0,1072.0,1188.4,1188.4,1194.8,1167.4,1193.4,1189.8,1225.6,1175.0,1180.0,1108.2,1190.0,1206.2,1194.0,1157.0,1136.4,1101.0,1159.0,1137.0,,1123.4,1195.0,1207.0,1244.4,1257.0,1280.0,1290.0,1262.8,1201.0,1228.0,1264.8,1250.6,1220.8,1217.2,1246.0,1206.8,1189.4,1182.0,,1228.8,1184.2,1248.8,1316.0,1300.0,1325.0,1300.0,1299.6,1342.0,1338.2,1284.8,1254.0,1274.0,1321.2,1375.0,1426.0,1397.2,1378.4,1385.0,1387.0,1405.0,1496.0,1480.0,1468.0,1400.6,1527.2,1500.2,1514.6,1612.0,1668.0,1629.6,1594.6,1664.4,1660.0,1600.0,1581.0,1620.0,1574.2,1581.0,1666.6,1715.0,1600.0,1610.0,1562.6,1523.8,1567.6,1567.0,1530.0,1532.2,1660.0,1588.0,1536.0,1539.0,1549.0,1558.0,1590.8,1560.0,1558.2,1387.0,1360.2,1366.0,1474.0,1440.0,1453.2,1497.8,1451.0,1483.0,1510.0,1511.0,1585.0,1582.4,1598.8,1619.4,1600.0,1555.2,1521.0,1514.4,1487.0,1510.0,1496.2,1534.0,1483.2,1484.0,1446.2,1429.2,1443.8,1425.0
AVGO,313.0,315.68,330.18,328.28,327.25,348.73,342.59,337.74,337.68,326.02,325.76,320.43,312.47,320.12,318.0,320.0,322.59,314.02,307.06,300.87,299.39,313.37,304.49,315.06,326.73,351.75,352.3,360.94,369.66,377.9,389.88,395.0,400.9,405.7,399.41,406.98,422.39,424.98,420.48,400.31,403.5,415.52,415.09,418.22,421.66,435.56,421.82,419.8,427.62,423.43,415.81,416.73,432.81,421.41,409.82,412.81,413.55,417.49,418.5,425.07,421.14,432.95,450.09,488.79,494.78,408.99,407.61,402.62,401.61,381.5,372.82,383.72,395.51,390.21,388.71,409.58,413.66,377.87,386.62,386.58,370.45,373.62,374.79,371.87,365.73,373.61,366.56,377.52,402.19,398.5,393.48,395.72,396.09,384.54,366.05,378.76,390.21,380.2,392.19,387.68,389.82,374.36,380.64,380.35,394.83,384.41,402.97,421.7,420.55,428.4,426.99,426.07,426.26,415.81,411.96,397.26,384.32,372.4,364.39,370.69,364.97,361.1,357.12,361.79,373.6,369.52,364.25,369.68,351.74,359.7
AXP,300.11,309.11,306.86,300.68,294.53,305.95,302.47,300.54,304.32,301.01,303.86,299.15,292.28,294.97,304.98,298.81,305.0,298.57,297.29,294.68,302.98,306.77,295.4,298.76,302.53,317.25,314.31,317.37,311.18,325.0,328.88,328.77,330.0,331.68,331.8,331.11,332.2,316.51,313.02,321.7,316.88,313.37,324.47,320.77,320.28,320.0,322.33,319.09,315.29,312.33,311.12,313.02,312.29,314.29,310.74,310.0,308.55,313.28,314.04,313.82,311.0,315.57,313.16,313.33,308.68,305.77,313.92,310.0,315.0,318.88,314.97,321.8,329.7,336.83,341.39,346.35,337.98,335.18,336.84,345.0,341.99,341.78,342.0,341.53,349.47,352.21,358.54,345.45,337.01,351.22,356.6,353.09,356.14,359.35,356.58,355.8,353.57,348.82,343.39,326.12,331.5,335.5,333.62,331.97,338.28,340.9,345.0,350.0,349.8,341.7,339.5,338.49,339.32,345.39,345.99,340.66,336.67,340.08,337.3,334.25,337.22,338.16,336.26,334.38,334.37,331.98,326.96,326.06,332.98,327.43
AZN,200.0,203.22,199.4,194.01,190.33,196.72,194.22,193.91,192.64,190.81,193.96,190.67,186.73,188.14,183.86,182.63,187.67,185.08,190.88,193.83,194.85,198.89,199.78,204.75,198.71,205.45,202.64,207.3,202.48,202.55,204.2,201.44,202.81,202.81,198.85,196.55,195.21,189.15,188.91,186.91,183.93,188.47,185.45,184.36,181.48,184.53,184.37,182.71,183.79,183.01,183.36,186.69,183.25,183.43,184.7,186.69,185.84,188.22,188.26,187.43,183.8,185.99,182.72,179.1,174.6,180.58,184.02,184.16,181.73,180.94,181.36,182.53,179.16,178.33,178.7,177.67,175.29,179.81,183.4,184.82,184.28,189.25,190.31,187.07,189.52,190.2,192.98,189.95,173.45,175.49,168.75,167.36,166.22,167.97,168.15,168.46,165.35,170.64,166.37,169.84,170.08,170.7,174.24,170.32,170.53,157.17,157.95,163.79,162.62,162.14,160.59,162.06,157.68,157.85,155.5,156.3,159.12,162.13,163.4,164.04,164.57,167.08,167.46,165.27,163.52,162.7,163.66,162.54,165.64,162.82
BA,225.75,226.38,226.12,219.48,226.75,224.1,217.94,212.21,205.0,210.75,214.68,209.0,203.05,201.05,198.91,196.11,198.19,197.3,192.93,191.48,191.13,203.5,203.0,207.37,211.01,218.94,216.0,220.17,216.25,221.69,224.18,225.0,223.07,222.23,223.29,227.05,231.51,234.99,233.0,231.05,230.22,225.9,230.4,226.49,223.1,230.93,231.45,233.8,239.44,239.0,237.23,243.52,226.85,220.48,218.84,216.8,219.39,220.85,221.3,221.5,224.0,228.44,228.36,222.52,216.1,213.0,216.58,216.3,216.5,213.07,209.84,222.37,225.3,229.47,227.02,227.75,223.0,218.89,218.19,220.6,217.55,218.63,216.5,217.26,221.0,227.15,235.9,227.0,225.3,223.69,222.0,216.96,217.79,216.52,211.5,216.18,209.48,205.0,206.0,210.09,212.54,214.0,218.5,214.94,221.16,221.0,236.76,237.95,240.0,234.06,234.25,235.61,234.3,232.27,231.63,230.34,225.1,223.51,220.4,215.67,212.86,212.5,211.78,211.51,209.99,208.5,206.7,207.0,209.94,209.44
BAC,48.76,49.89,49.82,48.55,47.94,48.28,48.36,47.7,47.52,47.12,47.66,47.22,46.42,47.13,48.34,47.05,48.52,48.71,48.07,47.55,47.68,49.7,48.75,49.43,49.8,51.94,51.63,52.8,52.18,53.1,54.25,54.04,54.16,53.5,54.0,53.67,53.06,52.32,51.99,53.02,52.43,52.61,53.69,53.07,52.57,53.82,53.55,52.98,51.21,50.86,50.36,50.06,49.62,49.72,50.73,50.99,51.0,51.69,52.22,52.39,50.92,50.97,51.31,51.26,52.26,53.13,54.17,53.72,54.0,54.54,54.72,55.36,56.62,56.5,57.14,57.23,56.85,57.52,58.21,57.85,58.54,57.76,57.47,57.13,58.94,59.14,60.29,59.37,58.45,59.64,59.7,59.0,61.32,61.98,61.25,61.35,60.9,61.4,61.35,61.53,62.52,62.3,62.51,61.52,61.54,62.26,62.47,63.0,63.91,62.71,63.16,63.98,64.12,65.2,64.04,64.4,64.0,64.2,63.06,62.33,61.74,62.2,62.39,61.75,61.38,62.25,61.97,62.28,62.81,62.56
BAS.DE,,45.52,46.11,46.7,44.28,46.0,45.37,46.3,48.12,48.1,48.06,49.23,47.5,46.3,45.0,47.95,49.5,49.94,51.0,52.0,52.88,52.78,50.82,,50.85,52.48,52.8,53.52,54.42,54.8,53.56,53.08,53.24,52.84,52.9,53.55,53.43,54.01,53.87,54.69,54.3,53.99,,52.61,52.89,53.5,52.32,50.77,51.84,53.43,53.68,53.79,52.83,52.47,52.77,52.39,50.81,51.52,51.5,51.6,50.76,50.93,50.6,50.95,50.41,51.26,50.88,50.7,48.77,48.455,49.0,48.925,49.54,49.34,49.13,49.51,49.235,48.485,48.835,48.53,48.33,47.615,47.14,47.25,46.75,47.7,47.41,47.235,47.47,47.71,47.495,49.025,48.78,48.0,48.625,48.385,48.0,48.05,49.145,48.7,48.895,48.73,49.0,51.14,50.84,50.2,51.23,50.7,50.99,51.6,51.64,51.6,51.1,51.01,50.3,51.0,50.75,51.22,51.7,51.72,51.93,52.25,51.78,51.5,51.7,52.83,53.5,53.0,53.7,53.01
BAYN.DE,,37.82,37.455,37.7,35.685,38.44,39.015,39.445,38.7,39.15,40.01,40.26,38.8,39.46,37.415,37.7,38.62,37.725,38.63,38.18,39.3,39.785,39.48,,39.29,41.0,40.39,40.25,39.6,40.84,40.63,40.7,40.35,40.71,41.71,40.11,40.0,39.8,38.46,37.0,36.41,36.14,,38.11,37.68,37.8,38.53,37.4,37.05,36.9,38.9,38.0,38.13,37.08,37.98,38.61,39.04,39.13,38.0,37.65,37.56,38.22,36.4,35.01,33.64,34.93,35.44,35.8,35.15,35.73,35.45,35.72,36.52,36.06,36.17,38.45,37.69,38.06,38.67,39.56,46.5,47.29,45.9,48.5,49.42,53.06,51.28,50.36,51.32,51.7,49.6,49.46,48.85,47.53,47.57,48.05,47.1,47.86,46.6,46.0,47.0,47.19,47.18,47.11,48.21,48.14,47.9,49.5,49.81,49.42,50.18,49.0,48.95,47.85,47.71,47.83,47.77,48.83,48.71,48.5,48.07,48.6,49.51,49.05,48.86,48.68,49.41,48.91,49.5,48.97
BEI.DE,,84.3,83.38,82.0,84.08,80.22,80.02,78.34,77.66,77.64,76.58,74.0,73.48,73.64,71.5,72.98,74.38,74.8,75.0,75.08,77.1,77.86,75.14,,76.4,76.8,75.66,75.54,74.38,74.98,76.2,76.8,76.8,77.26,76.86,74.06,74.1,72.62,72.0,72.0,71.6,69.38,,70.62,70.32,72.0,72.98,72.5,71.68,69.94,70.42,70.5,70.22,69.34,70.56,69.52,72.0,73.22,72.82,72.12,72.8,73.0,69.5,68.44,68.0,67.5,67.82,69.8,68.5,70.0,70.32,70.6,71.48,71.0,70.2,70.96,71.6,69.7,71.26,73.48,74.02,75.74,75.9,75.12,77.78,76.94,77.26,77.64,76.36,77.38,78.16,78.42,77.28,78.56,80.92,78.74,78.72,77.46,78.2,77.9,79.14,80.74,81.3,81.42,80.22,81.0,78.0,77.0,81.72,81.74,81.26,79.08,79.44,79.16,78.86,77.52,75.5,76.9,77.58,78.7,79.84,80.76,80.72,80.5,80.4,80.42,79.02,76.74,76.5,76.38
BIIB,185.01,185.06,187.97,186.25,183.91,187.69,187.54,187.86,185.99,182.75,184.73,184.13,182.18,183.13,183.48,182.63,184.91,189.0,191.06,186.16,179.46,183.16,181.46,177.0,172.2,178.24,177.81,177.97,172.62,177.71,179.36,178.82,176.29,179.54,184.52,189.31,189.46,186.65,183.16,182.45,183.12,194.02,189.28,186.28,187.38,189.13,190.34,189.68,194.76,198.47,199.33,200.25,191.83,191.25,191.72,191.41,187.4,190.53,194.3,194.11,196.97,195.55,194.5,190.09,187.69,198.0,196.45,197.25,195.51,200.21,195.49,200.57,198.37,199.69,195.14,200.22,199.48,198.88,199.34,201.63,202.53,215.74,218.0,215.25,212.74,215.95,211.86,204.86,198.92,197.63,199.33,200.34,191.21,198.26,208.6,204.08,199.47,203.7,197.04,202.24,202.75,201.01,210.5,204.38,207.51,203.34,200.96,210.6,208.75,207.38,206.7,206.63,203.52,212.98,210.01,208.36,211.0,215.33,217.98,217.76,216.4,218.93,219.34,219.39,221.17,216.47,218.11,218.2,225.44,221.15
BKNG,164.602,165.8412,180.444,180.72,178.4684,176.5,175.1012,170.9764,170.2148,170.6204,175.096,176.08,175.1816,171.7352,176.3096,174.5964,171.9376,169.1256,167.96,162.6,165.48,168.6732,165.7596,166.25,174.42,181.07,180.03,177.15,170.71,178.26,183.33,186.57,188.56,190.6,191.45,190.56,178.91,176.64,178.29,177.99,164.54,174.38,169.03,170.0,165.25,173.23,168.25,169.2,164.1,158.43,158.2,154.93,154.94,155.64,153.37,153.45,155.25,159.18,162.85,165.01,167.11,170.29,168.69,167.54,165.71,168.5,167.54,165.55,162.61,164.1,160.66,166.21,169.02,175.72,174.78,172.66,169.49,167.57,171.17,181.2,177.41,185.0,180.31,179.88,184.35,185.49,184.8,179.39,172.28,175.83,178.48,171.17,175.3,184.55,183.23,181.39,178.98,177.97,174.07,174.6,180.67,189.48,196.44,197.0,191.61,198.22,192.83,207.74,207.45,207.25,213.93,210.0,209.57,213.0,212.56,210.83,205.75,208.2,212.0,210.04,210.84,214.1,214.45,207.56,203.58,203.98,198.4,196.67,200.59,193.99
BKR,64.98,62.2,60.51,59.95,59.75,59.95,59.04,58.08,55.88,54.47,56.13,57.08,57.37,60.76,61.64,62.08,63.55,62.46,62.12,63.85,61.09,60.43,60.83,60.29,60.2,59.94,63.28,62.82,62.69,61.95,61.08,59.58,59.69,59.67,59.88,60.97,62.99,66.46,70.0,68.87,68.62,68.54,69.39,69.17,68.9,66.76,65.29,63.61,63.98,64.48,65.22,64.63,64.61,64.12,66.42,65.76,67.4,65.4,66.06,65.26,63.86,64.43,63.61,62.56,64.22,64.24,65.45,63.76,65.45,63.38,63.97,63.18,62.38,61.63,61.25,59.91,58.8,58.63,57.18,56.0,56.25,56.16,56.54,55.05,53.88,53.24,53.27,55.85,57.67,57.2,58.1,58.49,57.75,57.05,56.66,56.24,55.75,56.91,57.64,57.01,60.63,60.1,60.45,59.18,60.73,60.02,60.44,62.54,62.34,62.09,62.05,64.23,64.81,63.96,63.54,65.26,65.05,65.1,64.2,62.97,62.07,62.27,61.81,61.7,62.5,63.12,63.87,63.02,64.36,63.0
BLK,1033.03,1060.0,1039.6899,991.29,929.38,965.0,964.78,932.58,932.93,931.47,958.0,963.75,957.2,970.26,976.89,960.0,988.0,972.59,959.8,939.45,950.32,974.95,931.43,961.13,954.99,1002.0,993.77,1002.39,992.8,1050.0,1053.8101,1054.11,1038.28,1048.66,1049.49,1054.72,1056.1,1053.86,1040.85,1062.03,1049.0,1041.0,1069.88,1055.0,1055.0,1065.75,1075.62,1074.3199,1084.0,1074.79,1086.54,1100.0,1094.52,1082.8199,1074.46,1038.1,1048.88,1070.78,1077.5,1080.84,1054.98,1041.87,1041.12,1017.22,1001.11,997.84,1011.95,1002.19,1005.57,1006.96,1013.4,1028.38,1050.0,1050.77,1048.96,1073.77,1048.2,1049.13,1013.36,995.0,972.8,969.21,950.81,960.42,988.5,998.73,1012.3,1001.73,995.92,1039.47,1039.36,1030.24,1100.0,1110.9399,1068.29,1070.74,1056.86,1036.6,1051.15,1039.1,1067.38,1069.39,1086.0699,1079.36,1100.84,1100.0699,1138.5,1138.5,1135.5699,1132.53,1129.8199,1130.65,1157.0,1165.77,1179.0,1167.3101,1149.0,1161.52,1154.76,1150.6801,1158.84,1170.9399,1175.71,1168.4301,1170.5601,1152.87,1142.01,1128.79,1117.42,1112.0
BMW.DE,,83.02,82.4,82.0,79.54,80.28,79.96,79.0,80.06,80.98,79.08,79.46,78.0,77.0,73.76,78.38,78.94,78.36,78.18,77.44,78.3,80.12,77.76,,79.4,82.06,81.96,82.76,82.7,84.9,83.0,82.48,81.08,82.7,83.6,83.54,81.46,80.24,79.8,79.5,79.66,76.5,,77.14,76.2,80.5,82.22,82.32,81.52,80.76,80.84,77.2,76.34,73.5,73.86,73.8,74.68,74.48,75.16,75.18,76.48,76.3,74.5,74.1,72.1,71.5,70.18,69.74,69.4,69.0,67.9,68.38,69.1,68.0,61.12,62.1,60.64,60.16,61.0,60.98,60.88,59.0,57.74,57.88,58.68,61.22,60.94,59.52,59.0,58.8,57.54,57.34,57.1,58.78,59.28,58.3,58.22,57.3,57.1,56.72,58.28,58.56,60.48,59.9,59.6,59.98,59.92,60.28,59.72,58.98,60.0,59.0,59.64,59.2,59.6,59.2,58.62,58.0,58.52,58.4,58.8,58.1,57.9,57.5,60.74,62.62,62.18,60.66,60.72,62.08
BMY,61.57,61.7,61.8,60.43,59.92,60.6,60.0,59.17,59.67,59.49,60.13,59.35,59.21,58.26,58.22,56.8,57.79,58.77,59.61,59.65,60.2,61.21,60.23,59.12,59.12,58.01,58.7,59.79,58.11,57.9,58.0,57.67,59.2,60.0,59.15,59.4,58.84,58.86,58.21,58.58,57.65,57.69,60.02,57.65,57.0,57.23,56.44,56.33,56.18,56.01,55.9,56.69,56.64,57.45,57.32,58.67,58.23,59.97,59.62,58.03,57.6,57.0,57.4,54.78,54.56,55.75,57.03,57.16,56.03,56.64,55.94,57.45,56.95,56.41,55.8,55.2,54.2,55.39,56.0,55.37,55.4,57.61,58.69,57.62,56.65,57.74,57.79,57.89,57.44,57.79,57.9,59.0,57.05,58.79,60.87,60.76,60.08,61.4,60.74,61.94,62.4,63.65,63.87,62.69,65.0,66.12,64.89,64.81,64.9,64.24,64.33,64.56,63.49,64.05,64.13,63.6,65.3,66.8,67.23,65.79,67.41,66.42,67.74,66.59,66.77,66.25,67.58,66.82,68.08,67.24
BNR.DE,,49.11,47.18,46.22,44.82,45.6,44.99,46.0,48.06,49.01,48.13,49.8,48.06,48.03,47.64,52.52,55.1,55.3,56.72,55.98,57.46,57.92,57.4,,56.4,58.24,57.68,59.16,58.08,57.94,56.66,58.02,60.24,59.14,60.36,60.06,60.44,59.56,59.88,60.34,59.8,61.14,,62.06,63.06,62.84,62.04,61.08,61.24,62.6,61.88,60.9,61.54,60.52,60.5,60.28,57.02,57.58,57.26,57.02,56.08,56.18,56.6,57.04,56.52,56.5,56.2,56.28,54.62,55.4,55.6,55.74,56.32,54.88,54.36,54.66,54.34,54.0,53.82,54.8,54.78,53.76,53.08,53.4,53.18,56.48,56.54,55.22,56.3,55.44,56.22,58.4,59.44,59.04,60.16,59.4,57.2,57.98,59.12,59.46,59.88,60.1,61.02,61.86,61.48,61.32,62.32,63.02,63.34,65.0,64.1,63.76,62.4,60.98,61.02,61.2,61.22,62.4,60.82,61.04,61.24,61.5,60.12,60.3,61.5,62.34,63.44,62.38,61.7,60.98
BNY,117.0,118.83,117.78,114.97,113.15,115.38,115.0,115.28,117.72,117.12,116.66,115.58,113.66,114.85,116.94,115.9,118.91,117.39,115.37,115.71,116.58,120.33,119.03,122.18,123.18,126.27,127.55,128.57,126.75,129.56,131.1,134.68,135.96,134.76,136.11,138.53,135.67,135.42,133.34,134.88,133.62,132.02,134.77,133.34,132.03,132.47,133.45,131.34,130.46,132.15,132.39,135.77,134.61,135.07,135.93,136.91,136.46,139.59,139.57,140.76,139.25,141.12,138.6,142.03,140.77,141.01,144.14,142.99,143.1,143.22,140.11,143.63,146.0,143.97,144.57,147.66,145.03,146.72,146.62,145.7,146.25,144.49,144.57,144.75,147.41,147.48,150.15,152.43,151.57,153.02,152.03,150.44,156.44,162.75,158.11,158.23,157.84,158.1,159.87,158.88,158.85,157.48,156.16,153.85,156.67,156.33,157.29,157.52,159.34,158.37,157.7,159.5,161.4,162.93,161.95,163.29,164.24,165.08,159.42,158.69,158.5,162.06,164.05,162.46,162.67,162.26,160.41,161.13,163.0,163.58
BRK-B,477.08,481.0,493.75,499.25,494.9,495.13,493.09,492.35,493.32,492.77,494.84,491.14,483.9,481.63,483.5,478.0,482.63,476.44,474.19,470.68,477.78,478.98,477.82,475.66,475.71,483.75,478.21,484.02,478.9,479.81,478.0,474.02,475.49,474.38,472.54,468.86,466.72,468.8,469.8,476.79,476.45,473.46,475.08,473.03,468.53,466.01,469.26,474.85,476.4,481.68,482.47,487.1,486.7,481.13,487.0,482.0,479.99,479.65,485.5,482.67,479.36,476.91,473.05,470.0,470.89,481.6,480.99,486.13,486.44,488.13,482.88,486.67,487.56,497.0,493.24,492.75,488.75,490.92,492.99,493.08,490.24,497.79,496.5,501.83,502.2,506.5,508.97,504.56,494.61,496.15,495.85,493.96,490.1,489.93,495.51,490.49,489.0,490.5,488.4,491.43,497.25,500.33,511.44,505.98,508.99,514.93,512.07,519.0,524.11,520.26,524.6,528.76,513.98,511.29,507.24,504.45,501.04,503.41,499.65,498.5,498.13,503.95,505.93,500.5,504.9,504.06,506.0,503.46,506.6,505.31
BZ=F,,81.9,82.43,84.84,98.36,92.45,91.3,93.74,101.66,105.51,101.37,103.45,109.66,107.67,114.9,100.5,99.99,103.08,106.22,116.14,114.73,103.9,100.3,109.2,109.59,103.4,96.53,96.38,99.71,98.42,95.52,94.91,98.25,96.21,93.99,98.9,101.58,106.28,106.5,108.3,111.01,119.98,111.01,107.13,113.82,110.45,101.53,103.56,104.0,104.5,107.74,105.64,106.57,109.61,109.55,111.21,105.21,104.52,100.55,99.4,94.97,93.37,92.41,95.4,96.07,97.43,95.07,95.5,94.34,92.26,94.88,89.23,85.02,83.55,79.2,78.35,82.21,78.06,77.0,73.1,74.94,73.17,72.7,73.38,71.09,71.87,72.11,75.99,79.38,75.97,78.05,83.29,85.21,85.22,84.89,89.01,88.89,91.51,95.24,100.91,93.89,87.99,84.95,90.49,89.38,83.36,83.58,78.93,79.43,83.33,83.56,87.97,89.27,88.47,86.88,88.72,91.32,91.31,91.51,93.33,93.68,92.18,86.95,87.56,89.51,89.31,90.85,95.23,95.33,95.88
C,107.43,111.67,110.57,105.19,104.45,108.41,108.34,106.36,106.12,107.31,108.5,107.11,107.33,109.6,113.13,110.17,114.99,114.06,111.07,108.46,109.1,115.47,112.32,115.8,116.48,121.95,122.81,125.24,123.01,128.07,131.25,131.24,131.08,131.98,133.6,132.41,129.49,128.28,127.86,130.46,128.56,127.7,128.64,126.86,126.31,130.49,127.62,130.19,125.87,126.07,125.0,125.08,124.48,123.31,121.45,120.97,124.03,125.99,126.25,127.09,124.47,124.65,124.08,128.69,130.93,131.27,135.41,133.4,134.73,134.19,134.4,139.75,142.43,143.04,143.2,146.49,144.71,144.13,144.99,144.89,144.63,141.85,141.0,140.24,141.88,141.87,144.06,140.14,138.76,141.39,141.1,137.74,134.08,134.72,129.44,129.56,129.57,132.72,130.5,132.24,134.25,132.78,131.76,128.97,133.55,132.47,134.32,137.3,138.34,133.82,134.87,135.91,136.87,138.29,138.16,139.25,137.3,137.74,132.5,131.22,131.39,132.77,133.54,132.95,132.98,132.31,131.07,133.8,135.22,137.43
CAT,728.27,737.09,720.0,682.47,665.22,712.78,713.5,693.0,704.34,705.37,707.36,701.31,676.49,686.63,699.0,693.8,727.25,710.07,694.47,702.21,680.0,722.0,705.57,716.74,719.59,764.62,773.0,790.67,788.42,796.0,787.1,768.0,780.51,790.9,804.88,812.5,817.11,839.26,829.76,814.35,822.93,856.63,896.84,887.28,888.1,913.5,929.96,911.0,903.61,912.0,912.5,910.0,898.75,893.32,861.59,871.22,864.9,878.0,884.95,905.18,898.56,886.69,860.16,876.67,914.43,913.99,929.93,917.0,927.49,901.74,872.4,905.24,935.0,942.8,956.98,979.0,999.28,985.25,981.61,1024.64,1031.85,998.41,1045.0,1033.92,1001.28,979.09,946.5,937.51,975.08,930.68,939.21,958.0,938.58,891.77,841.73,890.0,887.49,877.29,886.56,895.0,887.5,855.76,810.23,810.75,843.39,811.58,922.0,874.9,862.0,865.63,849.04,850.0,866.0,858.5,854.0,864.03,862.19,845.0,811.54,829.52,822.99,833.57,816.2,827.42,819.01,800.0,788.88,778.51,796.9,802.38
CBK.DE,,31.77,31.93,31.31,29.75,31.51,31.31,31.24,29.63,30.55,32.22,32.75,32.3,31.88,29.47,31.66,32.06,32.27,31.65,30.21,30.35,32.01,31.35,,31.53,33.91,34.16,34.15,33.51,34.88,35.44,35.5,34.6,36.28,36.9,35.98,34.6,34.0,34.7,34.72,35.39,34.9,,35.38,34.17,36.0,36.89,36.55,35.6,35.6,36.03,36.42,36.0,36.0,36.07,36.17,36.21,36.01,37.18,36.8,36.32,36.98,37.27,37.14,36.9,36.4,36.55,36.42,36.36,36.85,36.35,36.5,37.3,36.0,36.3,38.0,38.6,37.64,37.95,37.38,37.67,37.83,37.15,36.98,37.15,37.8,38.25,37.84,37.04,37.8,38.25,38.2,38.71,38.16,37.5,36.55,36.88,37.75,38.1,36.4,37.12,37.4,37.67,36.76,37.3,37.85,38.8,39.56,38.61,38.64,38.96,39.1,39.43,39.61,39.99,39.66,39.52,39.0,38.52,38.85,39.0,39.79,40.0,40.86,40.15,40.25,40.23,40.0,40.64,41.43
CC=F,2966.0,2968.0,2963.0,3138.0,3197.0,3356.0,3360.0,3223.0,3205.0,3328.0,3396.0,3377.0,3233.0,3311.0,3278.0,3180.0,3220.0,3134.0,3162.0,3154.0,3151.0,3267.0,3356.0,3265.0,3210.0,3048.0,3157.0,3188.0,3253.0,3281.0,3554.0,3436.0,3355.0,3204.0,3279.0,3206.0,3336.0,3402.0,3281.0,3305.0,3335.0,3494.0,3521.0,3812.0,4003.0,4064.0,4356.0,4225.0,4632.0,4467.0,4309.0,4450.0,4149.0,3907.0,3769.0,3846.0,3832.0,3735.0,3790.0,4220.0,4115.0,4076.0,3875.0,3913.0,4088.0,4016.0,3925.0,3875.0,3829.0,3807.0,3761.0,3701.0,3940.0,3891.0,4153.0,4082.0,4224.0,4499.0,4650.0,5100.0,5014.0,4911.0,5002.0,5006.0,4949.0,5129.0,5667.0,5959.0,6309.0,5919.0,5696.0,5660.0,5737.0,5216.0,5421.0,5512.0,5450.0,5502.0,5272.0,5320.0,5332.0,5150.0,5292.0,5160.0,5168.0,5435.0,5951.0,6077.0,5776.0,5764.0,5711.0,5875.0,5527.0,5650.0,5638.0,5726.0,6065.0,5901.0,5920.0,6030.0,5917.0,5818.0,5916.0,6186.0,6500.0,6600.0,6603.0,6501.0,6166.0,6049.0
CDNS,296.36,300.18,303.0,294.95,293.76,299.06,294.79,290.93,290.8,289.33,293.89,291.93,288.92,286.42,289.2,289.51,288.69,278.0,278.26,272.18,273.27,280.19,273.69,277.99,278.03,289.98,287.62,280.73,266.06,293.31,295.0,309.45,316.33,312.6,319.75,332.85,325.86,320.08,330.82,329.7,323.71,328.75,336.5,342.38,351.3,353.5,358.0,356.08,359.07,361.1,359.04,350.03,351.81,346.91,342.67,335.39,349.88,361.88,380.0,378.95,374.88,375.0,393.0,405.98,410.0,407.73,402.0,383.0,396.66,383.45,382.0,381.22,391.0,387.19,388.43,391.1,392.0,383.17,375.69,378.49,362.25,381.48,371.5,383.88,375.28,369.6,375.84,367.34,370.14,387.93,390.64,370.95,383.36,366.01,334.56,333.02,328.36,339.06,335.2,335.24,336.51,335.16,349.0,336.62,335.27,343.79,340.81,347.96,335.54,343.0,337.31,330.57,330.01,324.0,324.74,323.8,321.5,316.09,315.48,314.49,314.5,318.43,328.5,340.04,347.43,336.22,331.19,312.62,307.64,305.96
CDW,121.62,124.97,124.54,122.13,120.59,121.52,119.24,118.8,114.8,117.12,119.14,116.77,117.01,119.78,122.95,118.86,122.23,121.3,119.62,118.72,119.03,121.4,121.22,122.01,123.47,125.85,125.45,127.09,125.36,132.22,130.04,130.45,133.99,133.82,136.81,141.75,140.96,136.47,135.41,133.53,133.4,135.2,138.37,135.91,135.37,127.5,109.51,109.64,103.86,103.4,100.99,100.6,102.08,102.19,104.81,105.67,105.56,106.25,110.17,111.43,114.05,119.18,128.38,140.46,138.27,139.6,137.58,133.66,134.35,131.98,128.43,129.13,132.91,131.5,130.47,127.22,128.37,127.38,129.92,131.75,127.57,134.23,138.31,140.32,138.41,133.01,135.44,137.79,136.4,144.97,144.99,142.74,139.59,131.1,133.93,132.47,130.01,130.22,130.59,130.26,135.34,139.64,145.0,146.31,144.76,149.45,146.73,115.45,138.79,141.17,135.0,135.29,135.8,136.13,142.97,139.77,134.79,135.0,137.2,134.09,135.64,131.88,143.58,141.77,150.0,148.36,151.58,151.99,148.93,153.01
CEG,313.0,323.76,317.59,327.05,312.26,322.71,316.78,297.0,303.32,305.87,307.98,308.99,313.945,314.44,290.53,286.44,302.77,301.0,295.91,303.57,275.05,282.438,271.26,273.645,273.91,283.0,284.57,280.41,283.04,295.75,298.445,296.36,304.02,295.28,288.0,282.51,289.42,294.11,318.0,313.71,306.65,302.86,312.51,308.78,323.85,320.42,323.01,314.87,315.3,298.69,289.2,274.7,270.65,267.2,258.48,273.39,281.53,287.525,300.01,300.62,285.225,286.44,275.0,266.99,272.715,266.855,261.0,256.095,252.655,249.02,244.975,249.83,259.735,263.59,267.37,268.73,274.86,268.405,272.85,270.0,265.25,266.82,256.812,246.98,238.095,241.43,243.665,237.01,248.2,250.32,250.505,261.998,258.7,257.25,247.37,255.418,255.72,263.255,271.92,276.0,276.0,263.355,260.79,262.64,266.452,264.95,277.305,270.165,277.92,263.925,270.3,272.96,284.5,279.81,281.2,285.47,275.75,268.55,273.45,275.54,271.59,274.41,278.2,280.15,281.53,274.67,269.58,280.0,292.4,284.04
CHTR,225.99,229.29,229.96,228.87,229.24,222.23,219.33,222.76,217.6,219.0,220.18,220.04,209.17,210.66,217.08,215.67,219.73,218.7,218.51,219.51,221.65,213.17,216.46,219.5,220.23,226.66,221.21,224.66,218.59,224.76,216.04,220.7,236.0,236.77,246.02,242.29,249.35,233.0,178.91,176.02,174.4,158.75,166.42,171.85,165.33,158.6,156.0,160.0,153.75,149.82,146.42,144.2,148.0,139.99,143.08,142.42,144.54,150.0,144.86,145.79,146.07,145.79,143.4,142.77,138.83,131.56,130.96,129.88,131.63,136.18,137.67,138.87,145.87,144.5,141.21,131.0,125.27,126.15,132.5,130.87,130.37,168.11,144.47,144.09,140.67,137.84,137.2,134.86,130.76,136.26,132.65,129.89,129.0,133.07,133.55,130.31,127.66,130.76,128.49,111.8,125.49,133.58,138.02,140.0,140.5,146.83,143.78,152.97,154.4,156.0,151.04,151.96,156.27,150.97,158.63,152.0,147.15,149.0,152.0,149.09,149.11,148.63,155.14,151.66,149.02,151.96,146.09,147.67,160.24,150.7
CL,96.55,95.62,94.91,92.15,92.69,92.42,91.88,89.13,89.09,89.61,90.65,88.81,87.38,86.03,86.45,84.58,85.25,85.62,84.27,85.52,85.73,84.79,85.22,85.18,84.53,83.75,84.72,85.95,84.1,83.34,84.0,83.26,83.7,84.62,84.12,82.19,82.7,84.56,84.26,85.26,85.14,84.86,88.17,85.91,85.36,87.49,88.18,87.67,87.39,87.13,86.92,88.1,89.72,88.41,89.69,89.91,90.05,90.72,90.57,90.0,91.67,91.21,89.83,88.48,87.42,86.49,85.97,86.99,85.35,88.6,90.16,89.44,89.29,91.05,91.94,90.88,89.89,89.84,92.62,91.16,92.12,91.95,91.6,91.74,93.65,94.69,95.23,93.95,92.39,91.32,93.15,92.95,90.23,92.74,94.68,92.09,91.1,91.35,89.99,90.0,91.25,94.11,90.94,92.62,90.85,92.39,89.17,91.94,94.05,92.18,92.5,92.68,91.32,93.15,92.71,91.05,91.19,92.09,90.5,89.87,91.58,92.09,91.54,90.74,91.4,90.42,90.37,90.09,90.04,89.53
CL=F,,74.74,76.15,79.08,98.0,85.75,86.89,89.32,96.74,100.93,94.41,96.0,99.13,95.0,100.51,88.78,88.49,91.38,93.31,102.6,105.07,101.72,98.92,112.96,112.62,108.74,96.78,98.23,102.0,97.99,92.02,91.47,93.18,89.0,87.89,90.0,92.9,96.62,95.6,96.67,99.71,109.07,105.14,99.73,104.93,102.7,96.3,98.25,98.19,98.39,102.16,101.02,102.06,106.0,107.11,104.12,98.95,98.0,93.88,93.39,89.11,88.55,88.5,92.45,93.45,95.75,92.82,93.0,91.28,89.4,92.25,86.64,81.4,81.1,76.59,75.53,78.93,74.14,73.13,69.95,71.44,70.5,70.43,69.98,68.03,68.68,68.58,72.38,74.95,71.86,73.69,78.04,79.74,80.0,79.57,83.76,83.48,84.69,87.72,92.55,86.12,82.0,80.04,84.65,83.92,80.1,80.1,75.17,75.14,78.17,78.42,82.35,83.49,82.7,81.27,82.53,84.98,85.42,85.8,86.27,86.5,85.03,81.11,82.0,83.67,84.69,86.31,90.65,90.7,91.67
CMCSA,30.68,30.85,31.94,31.39,31.64,30.94,31.06,30.33,30.33,30.16,30.6,29.94,28.79,28.93,29.13,29.04,29.16,28.73,28.7,28.61,29.28,28.23,28.04,27.99,27.73,27.79,27.82,28.42,27.95,27.83,28.16,28.34,29.3,29.63,29.76,29.14,30.5,30.96,27.45,28.04,27.49,26.72,27.29,27.0,26.98,26.51,26.38,26.25,25.5,25.29,24.76,25.02,25.38,24.72,25.11,24.87,24.86,25.13,25.32,25.23,25.23,25.05,24.73,24.93,24.73,23.96,23.4,23.76,23.77,24.08,23.95,24.0,24.32,24.04,23.44,22.75,22.25,22.56,22.84,22.66,22.76,27.05,24.71,24.25,23.79,23.77,23.86,23.54,23.08,23.49,23.96,23.83,23.24,23.72,24.35,23.88,23.71,24.16,24.01,21.3,22.43,23.25,24.16,23.85,23.44,24.43,24.4,24.92,24.99,24.99,25.16,25.04,25.54,25.63,26.31,25.88,25.9,26.14,26.57,26.57,26.9,26.9,27.11,26.81,26.74,26.83,26.52,26.49,26.89,26.62
COF,188.9,194.51,195.49,188.0,183.11,187.0,185.49,177.88,178.76,181.6,183.12,182.04,179.36,179.24,188.78,182.02,187.74,183.45,179.7,177.73,181.9,185.61,181.0,181.74,181.64,191.4,192.33,194.12,191.04,198.0,201.46,203.5,204.62,204.77,205.22,202.5,198.47,194.82,190.93,195.5,191.87,189.88,192.58,191.3,190.41,192.23,193.25,192.94,189.59,183.93,183.9,183.16,185.68,186.27,185.38,184.13,185.72,187.47,188.17,188.46,187.62,186.78,185.59,183.36,183.69,179.79,183.93,180.75,181.66,182.15,178.37,184.03,188.85,196.97,201.68,205.73,201.69,198.28,197.65,201.68,205.1,203.66,203.26,201.82,207.5,206.59,208.0,200.97,193.03,201.76,203.85,204.51,206.63,209.88,207.5,208.0,206.44,207.53,199.96,198.51,205.85,207.52,210.0,208.55,210.0,211.84,219.33,216.42,221.38,218.49,216.76,219.01,219.52,224.19,225.95,225.52,220.43,222.47,217.37,214.62,218.99,217.89,216.24,215.97,217.32,214.25,214.1,211.73,219.16,219.0
CON.DE,,66.0,66.16,66.1,61.52,64.06,63.54,63.46,61.36,61.92,61.78,63.18,60.74,58.16,56.38,60.68,60.26,60.08,60.14,59.56,59.42,61.7,63.5,,62.66,65.8,65.36,64.9,64.12,64.94,65.02,64.02,64.0,66.3,66.66,66.06,64.7,65.8,65.82,65.1,64.4,62.5,,61.3,61.44,63.58,68.5,69.84,70.0,69.1,70.4,69.3,68.7,67.58,68.08,65.62,66.34,66.72,68.3,69.52,71.5,71.92,71.7,71.32,72.54,71.08,68.86,67.4,68.6,68.36,68.36,71.6,74.3,73.3,72.98,72.34,72.34,72.16,73.0,73.32,73.08,72.44,71.12,72.02,72.58,75.26,74.2,71.84,71.24,72.06,72.0,72.34,71.4,72.42,72.0,71.62,71.22,71.5,69.56,68.7,71.7,71.26,72.16,70.28,72.56,72.96,73.2,71.26,68.74,68.02,67.56,67.92,69.02,68.38,70.48,69.38,68.96,67.6,67.26,68.62,68.84,69.76,69.76,69.74,69.46,69.86,71.36,70.08,69.08,72.98
COP,120.85,116.39,117.0,118.77,117.54,116.12,114.65,118.0,119.68,121.19,121.95,123.8,124.71,126.3,123.63,127.53,128.0,129.64,133.08,135.15,132.76,128.15,131.3,130.5,132.0,122.16,126.29,123.3,124.96,121.64,118.17,119.51,116.33,116.84,117.04,121.44,123.39,123.47,122.21,124.17,126.0,124.54,125.0,124.01,124.07,117.96,116.13,114.64,114.43,116.67,117.65,117.13,120.78,122.0,125.86,124.27,124.01,120.05,118.75,115.21,115.83,114.12,115.7,115.48,117.59,117.98,119.5,117.97,118.0,118.0,120.98,114.25,111.13,109.85,110.83,109.81,109.53,109.48,107.51,105.31,106.35,105.88,104.51,103.6,104.12,104.35,104.7,110.03,110.02,108.85,110.97,113.08,112.02,112.22,115.67,113.78,116.62,118.94,121.24,120.27,117.22,115.99,117.95,116.2,119.45,118.54,117.64,118.8,120.0,115.61,119.23,122.75,125.0,125.72,125.56,126.15,129.0,130.21,132.5,134.89,134.09,131.09,130.09,130.0,129.95,132.78,135.0,134.96,136.39,134.6
COST,1002.54,1005.0,996.5,967.01,999.63,1000.5,996.32,988.61,1005.9,1010.5,1006.49,990.37,985.84,975.08,985.67,962.06,978.0,975.69,982.02,987.65,997.0,995.03,1008.0,1014.96,1020.26,1004.44,1029.49,1026.51,998.47,973.68,970.31,985.0,985.0,1003.85,994.37,1004.98,1007.58,1012.0,1008.63,1010.48,988.37,996.45,1015.38,1007.02,1010.51,1011.31,993.5,1011.74,1005.82,1002.54,1017.94,1034.95,1049.36,1050.0,1077.0,1089.37,1063.41,1039.99,1026.13,1003.86,1011.61,986.57,955.0,942.29,952.88,986.96,977.5,963.46,974.21,977.44,986.91,975.52,974.19,980.39,980.0,962.7,948.57,964.5,962.03,949.57,953.25,958.55,942.0,940.43,927.0,949.1,967.52,959.0,934.94,913.74,918.43,921.38,917.75,924.0,961.52,938.75,930.25,930.88,920.51,925.01,938.11,970.55,968.07,955.04,945.74,965.15,945.0,956.99,959.55,943.51,942.47,950.05,937.4,954.25,959.99,954.84,966.11,960.23,931.15,939.64,953.01,965.86,960.58,948.27,938.94,945.19,947.35,938.49,927.79,926.09
CPRT,38.31,38.34,37.84,37.69,37.39,37.43,36.37,35.51,34.24,34.43,34.19,33.52,32.98,32.45,33.28,33.09,33.13,33.13,33.03,32.62,32.91,33.13,32.81,33.31,32.5,33.73,33.07,32.99,32.7,33.19,33.25,33.39,33.83,33.33,33.78,33.83,33.5,33.58,33.01,33.34,33.24,33.31,33.49,33.28,33.15,33.01,33.37,33.7,33.78,33.63,33.2,32.9,32.83,32.35,33.56,33.02,33.01,34.18,33.86,33.38,32.85,33.12,32.71,31.99,30.62,30.89,31.06,30.81,30.89,31.4,31.4,31.06,31.03,30.38,30.44,29.55,29.81,29.83,29.82,29.8,30.3,30.32,28.19,28.73,29.03,29.98,29.72,29.31,28.5,28.42,27.64,27.45,27.64,27.33,28.65,27.73,26.95,27.49,27.1,27.3,28.36,30.44,30.62,30.26,29.0,29.6,29.05,29.71,28.87,28.71,29.36,29.3,29.08,29.18,29.7,31.33,32.02,31.64,33.49,34.48,34.04,32.8,33.0,32.43,32.86,32.96,32.74,32.38,33.52,33.33
CRM,190.75,195.1,194.36,200.79,198.56,197.26,196.4,194.13,199.73,195.15,198.22,193.4,195.59,193.21,197.09,192.14,185.7,181.18,184.0,180.1,184.9,186.85,185.3,187.5,184.95,186.5,173.17,171.26,167.05,175.21,174.22,184.0,185.43,182.5,186.6,188.2,177.56,175.62,178.26,182.43,179.2,178.3,182.19,184.24,185.55,185.52,184.6,179.68,179.91,177.58,169.78,166.0,169.25,172.89,185.0,176.04,175.38,179.84,178.43,178.0,178.43,180.24,198.75,201.02,197.27,197.81,189.8,183.91,179.5,170.6,168.27,164.74,166.03,164.06,160.25,152.73,150.16,151.65,151.81,150.01,151.49,160.27,155.09,162.22,163.0,163.99,169.22,167.37,158.33,165.6,165.92,162.49,170.52,170.84,171.5,167.86,167.06,169.47,165.05,160.38,168.0,176.91,182.01,180.99,177.7,188.99,183.09,193.28,183.44,191.09,190.17,196.94,192.0,196.84,202.75,193.83,194.09,194.21,205.22,205.58,208.42,205.85,199.94,230.05,250.47,254.39,255.01,259.38,261.98,263.36
CRWD,92.375,96.5462,101.825,106.49,106.3938,111.25,110.6275,110.25,110.9975,110.7475,106.0225,107.1925,109.75,105.9187,102.765,102.6012,99.745,95.7925,92.7125,94.8925,95.475,99.1875,97.795,101.25,99.4662,109.9975,106.495,99.0255,95.025,101.1625,101.75,105.4625,107.24,105.635,109.9375,113.8325,113.4025,111.9837,113.3875,114.4062,112.58,111.7525,113.6725,114.225,118.5975,117.1,121.5225,124.7937,130.945,135.5,135.21,139.9263,143.2925,147.3737,154.995,153.575,162.63,162.625,166.25,160.2525,162.3325,169.3587,183.9525,191.2125,191.4187,168.5175,174.185,168.3763,164.6975,159.7575,161.32,172.665,173.1675,173.2745,170.0,171.6875,171.2675,167.2525,170.1225,170.095,171.55,177.375,184.125,193.75,191.255,189.51,200.69,193.51,188.305,196.6,186.86,190.995,212.38,207.17,200.4,203.08,199.81,192.56,189.51,185.0,187.905,181.33,182.625,180.58,187.22,194.04,205.8,213.55,203.0,213.825,215.308,224.0,219.93,224.98,226.64,216.53,213.0,213.38,197.285,190.94,189.52,191.62,182.75,208.25,228.23,221.835,228.0,214.22,208.355,212.5
CSCO,78.38,79.2,79.99,78.52,77.18,77.14,77.64,76.95,78.07,78.92,79.18,79.74,77.55,78.45,78.64,78.37,81.0,82.07,81.98,79.86,77.89,78.0,76.73,79.12,80.02,82.31,83.85,83.89,82.04,82.03,82.53,82.08,85.19,86.2,87.92,89.93,89.32,87.41,89.28,88.55,87.32,89.82,91.75,91.85,93.82,92.64,92.0,93.33,96.35,99.52,99.4,117.55,114.61,118.8,117.04,115.69,114.13,118.46,120.54,117.94,120.53,117.82,119.8,122.49,126.16,126.06,128.66,123.56,123.26,119.72,117.18,122.35,122.56,120.29,118.96,118.6,119.6,118.54,120.57,120.81,117.18,114.98,116.78,116.54,117.03,113.05,112.79,111.68,115.28,117.63,119.97,119.75,117.2,110.22,109.15,112.28,112.7,111.52,112.0,112.37,115.16,114.13,117.02,112.69,115.33,114.6,119.39,124.0,121.48,121.88,123.05,123.0,122.75,113.93,112.8,110.96,111.75,112.3,110.13,110.85,109.97,112.23,111.51,112.15,112.31,110.28,110.05,110.32,108.8,109.64
CSGP,45.88,46.81,47.48,48.36,48.2,47.73,46.46,45.01,43.71,43.95,44.07,43.53,42.73,42.24,43.67,42.32,41.84,40.95,41.07,40.16,41.5,40.34,39.65,39.92,41.11,40.73,38.28,37.3,36.14,36.81,38.05,39.77,40.58,39.7,40.16,39.13,38.48,37.3,36.2,36.85,35.65,33.76,35.28,35.77,35.23,34.95,34.08,34.62,32.45,33.21,32.41,31.97,31.92,32.73,33.8,33.41,33.65,33.87,33.61,32.59,32.24,32.65,32.62,33.08,33.51,34.66,33.93,33.31,33.05,33.58,33.53,32.57,32.68,32.01,31.8,30.46,30.05,29.73,29.89,29.31,28.9,30.61,29.03,29.08,29.56,29.68,29.67,29.66,28.86,29.67,28.88,27.0,28.04,29.07,30.64,29.5,28.63,28.76,27.89,27.28,28.05,29.9,26.03,28.27,29.02,29.47,29.42,30.61,29.89,30.05,30.04,31.25,30.65,30.68,33.28,31.95,32.03,31.28,33.46,32.51,32.52,32.59,32.31,32.05,31.71,31.95,32.0,31.97,31.84,31.25
CSX,42.87,42.92,42.34,40.45,39.95,40.53,40.77,39.57,39.31,39.59,40.18,40.12,39.18,38.48,38.82,38.65,39.22,39.41,39.29,40.2,40.11,41.33,40.36,41.0,41.02,41.69,42.15,42.51,42.1,42.34,42.51,42.12,43.22,43.29,43.64,43.77,45.47,45.86,45.33,45.7,45.07,44.89,45.48,44.77,44.95,45.02,45.49,44.49,44.7,44.74,44.38,44.5,45.8,45.76,45.94,46.21,45.83,46.01,45.47,46.69,46.8,45.5,44.86,45.97,46.1,47.25,46.37,46.91,47.26,47.02,46.75,47.8,47.68,47.63,46.91,45.91,45.67,46.24,46.16,46.26,47.8,47.82,47.92,47.87,48.59,49.26,49.02,48.83,48.84,49.38,49.58,49.92,49.86,49.87,51.0,50.88,50.35,50.03,51.96,52.77,53.6,52.04,50.66,51.53,50.3,50.63,49.73,51.03,51.5,50.38,50.0,50.16,50.04,50.44,50.05,50.14,50.98,50.37,50.45,51.3,52.0,51.42,51.27,51.31,51.82,51.05,50.11,48.83,48.75,48.91
CTAS,201.4,201.24,199.2,204.94,203.2,199.31,194.72,198.04,194.38,194.46,193.64,190.9,185.39,181.81,181.7,181.26,184.18,176.47,167.98,167.11,169.44,167.8,170.58,173.43,172.03,171.57,173.28,173.99,174.93,175.68,175.96,176.49,179.33,178.46,177.9,176.32,174.23,176.05,175.27,174.76,173.21,173.7,175.91,168.73,166.89,169.31,168.74,170.04,166.78,166.22,164.17,163.74,167.48,168.35,174.29,171.39,171.26,172.31,172.38,171.09,169.09,171.6,170.75,171.09,172.12,178.75,181.46,177.86,173.67,180.13,180.95,181.88,174.47,175.98,174.88,169.19,169.38,172.58,169.56,170.32,170.42,172.15,168.35,171.57,175.11,181.35,181.34,181.83,178.2,177.96,181.09,181.55,187.99,198.74,207.17,203.5,199.19,202.6,200.54,202.28,207.01,214.37,214.9,210.68,205.25,207.47,203.26,204.0,202.86,200.63,201.69,202.09,202.62,204.62,200.49,197.88,200.95,200.62,202.42,203.52,205.37,206.68,204.88,204.74,205.5,203.3,202.89,200.59,198.66,198.24
CTSH,62.41,64.17,64.77,65.11,66.01,64.55,62.99,61.75,61.62,60.78,61.36,60.98,59.36,61.32,62.64,61.34,60.66,59.53,60.68,60.14,61.23,61.32,61.29,62.29,62.01,61.9,60.0,59.09,57.94,60.89,60.8,60.73,61.17,61.22,60.36,59.77,56.54,55.01,54.64,55.63,53.59,54.54,54.24,52.57,52.28,51.55,51.41,51.76,51.17,49.67,47.42,46.4,46.76,47.96,51.68,51.06,51.58,52.25,52.05,51.89,53.17,54.01,56.21,55.9,54.9,55.01,54.27,53.59,52.5,52.34,50.77,51.48,52.13,50.8,49.96,46.24,43.01,42.37,40.96,41.2,39.21,40.62,38.37,39.7,41.7,41.52,42.5,43.21,41.28,44.55,44.06,41.71,43.24,43.95,44.66,44.15,43.89,44.27,42.7,43.41,46.49,48.37,52.31,53.85,53.01,56.25,53.75,56.86,53.9,56.87,56.57,57.44,56.97,58.6,60.09,57.9,56.88,57.78,60.4,60.82,61.8,61.81,61.66,63.02,64.08,63.34,64.36,63.31,64.51,63.95
CVS,81.18,80.41,79.96,78.77,77.24,78.59,76.0,76.81,76.84,76.45,76.33,74.39,73.2,71.5,72.29,71.0,72.74,72.02,71.1,71.13,70.4,72.06,72.5,73.49,77.42,78.64,78.76,78.98,78.14,77.9,77.15,74.9,76.69,77.0,78.99,77.9,76.1,78.88,77.86,79.18,81.22,83.83,83.45,82.3,82.06,85.51,87.0,88.0,91.16,92.22,95.5,98.32,97.5,95.7,95.21,95.18,93.16,93.29,93.06,90.99,92.21,92.67,91.13,90.55,90.05,93.55,94.97,95.95,96.7,97.76,98.24,100.89,100.86,100.73,100.31,99.16,99.79,101.56,101.87,102.28,104.86,103.8,104.07,103.41,104.58,105.09,103.65,104.32,104.77,103.69,105.0,106.59,105.54,108.12,107.36,107.31,107.84,110.23,107.27,107.65,107.41,107.97,110.0,105.0,105.49,105.36,105.0,93.72,100.98,95.2,95.33,95.47,93.75,95.44,94.6,96.29,94.37,95.41,93.23,94.0,93.15,94.11,93.15,93.6,93.4,93.22,94.99,97.82,97.1,96.59
DASH,173.17,176.5,185.0,180.23,176.61,174.87,170.1,167.705,163.01,163.48,168.59,168.72,162.58,157.78,159.26,157.36,157.87,150.98,149.78,147.38,150.0,152.52,147.48,156.46,154.69,163.9,159.505,154.55,150.46,159.74,165.36,182.035,184.915,181.64,189.78,183.08,181.11,176.01,178.715,173.13,169.435,169.33,170.0,176.05,172.51,168.25,181.82,169.75,162.34,157.79,153.76,149.06,153.125,157.75,161.24,153.01,157.7,160.79,160.71,153.8,156.92,156.61,161.54,160.54,155.64,155.49,159.52,156.8,152.73,153.58,150.01,155.24,152.0,167.69,169.67,166.84,170.74,173.2,173.15,176.51,177.06,183.41,182.02,190.01,189.96,191.93,194.33,193.21,186.58,192.64,192.7,185.9,188.05,192.31,186.15,184.65,186.96,187.55,174.43,171.0,177.5,185.55,195.2,189.952,197.57,200.45,201.63,204.205,214.67,212.25,212.5,209.71,212.88,213.67,215.38,214.69,212.89,216.7,219.01,223.47,222.03,229.28,233.095,235.94,233.37,235.8,230.09,225.73,229.63,221.5
DB1.DE,,240.2,238.0,241.3,242.0,240.7,240.3,235.4,242.1,242.3,246.4,248.5,249.9,250.2,241.9,240.4,241.1,236.3,238.5,239.3,247.0,250.0,252.6,,257.0,257.0,256.8,252.4,252.5,254.8,255.8,256.2,264.1,261.4,263.0,263.7,264.6,263.8,264.1,265.9,264.7,262.3,,261.5,258.1,258.0,252.0,245.0,244.5,247.7,248.4,241.6,242.4,244.4,257.9,254.4,256.4,258.5,256.1,253.4,250.3,249.4,246.3,245.8,241.3,240.8,245.7,250.3,242.5,246.5,245.0,244.3,248.2,248.2,246.8,246.7,244.0,243.0,243.1,244.8,239.2,238.1,238.1,237.7,237.1,251.1,256.4,257.8,253.4,251.5,250.6,254.5,255.9,257.0,263.7,256.7,253.9,251.8,248.3,254.6,259.3,265.6,266.7,268.2,264.1,262.0,267.6,264.4,271.1,270.3,273.3,276.2,274.1,273.3,273.4,271.9,278.0,279.9,277.8,279.6,283.9,284.8,286.7,287.0,290.0,290.2,287.2,283.8,278.2,282.3
DBK.DE,,27.905,28.5,28.06,26.3,27.615,27.04,26.89,25.195,25.45,25.73,26.34,25.34,25.695,24.08,25.15,25.585,25.46,25.37,24.705,25.08,26.3,25.45,,25.78,27.63,27.45,27.895,27.21,27.905,28.4,28.455,27.95,28.08,28.46,28.11,27.56,26.9,27.055,27.165,26.505,26.195,,26.285,25.975,26.435,27.35,26.945,27.175,26.705,27.15,27.48,27.02,26.34,26.9,26.8,28.15,28.345,29.28,28.8,28.465,27.66,27.75,27.755,27.57,27.055,27.72,27.085,27.275,27.5,27.09,27.77,29.6,29.83,30.26,30.765,31.24,31.05,30.81,30.11,30.1,29.63,29.6,29.56,29.98,31.9,32.46,31.83,30.985,31.34,31.04,30.715,31.2,31.965,31.25,30.695,30.66,30.94,31.15,30.035,31.055,31.36,32.21,31.28,32.165,32.22,32.41,32.86,33.095,32.83,32.98,33.21,33.17,33.8,33.44,33.345,32.985,33.025,32.555,32.43,32.38,33.06,33.985,34.63,34.615,34.83,34.6,35.0,34.89,35.565
DDOG,106.66,111.22,118.55,120.27,124.08,128.89,124.35,126.45,127.24,125.81,126.44,127.391,130.85,128.16,125.975,128.3,124.91,122.39,120.0,115.96,116.895,120.53,117.28,117.25,115.0,122.468,118.68,109.0,105.33,110.245,113.99,128.39,126.65,125.01,131.34,129.59,127.83,128.13,129.4,133.4,130.35,133.05,138.5,141.525,147.71,143.72,187.99,185.5,196.26,200.7,199.49,204.45,200.49,205.14,210.249,212.39,211.5,220.948,222.495,221.16,232.63,234.0,251.775,264.25,260.275,250.07,237.4,236.72,230.45,224.86,228.64,235.43,236.0,233.225,231.0,224.04,221.765,221.06,218.2,218.04,224.94,245.0,246.5,268.39,261.74,249.785,257.13,252.5,258.11,270.41,256.71,255.585,274.0,264.82,255.9,258.59,258.5,251.77,246.57,248.44,254.485,255.17,252.88,263.805,271.5,272.19,272.03,291.43,227.45,234.81,231.2,256.63,240.19,241.27,252.39,250.62,248.79,246.66,233.27,235.15,234.41,226.89,220.46,237.0,240.22,233.965,232.88,219.46,220.0,212.19
DE,620.0,619.23,607.61,585.24,586.47,597.08,590.76,591.46,585.0,581.97,576.37,573.75,563.19,568.57,570.25,560.55,588.58,573.96,580.72,572.3,560.0,565.44,560.7,572.39,573.31,592.24,607.69,618.45,604.46,599.46,590.78,572.84,586.0,589.98,592.56,589.49,584.37,585.37,566.63,574.45,558.27,562.46,588.3,576.7,582.38,579.95,592.13,579.78,575.71,591.37,588.34,580.18,572.04,564.11,562.57,556.0,547.18,531.52,530.0,527.45,527.41,536.27,538.22,562.0,577.84,594.15,590.66,585.8,577.63,577.46,561.72,569.54,583.91,578.14,585.28,595.51,589.5,590.06,592.69,606.46,622.77,614.11,626.17,629.32,638.04,619.15,630.34,599.98,602.85,596.22,585.79,594.83,583.92,585.0,596.05,597.48,592.0,589.9,610.0,612.21,627.71,630.22,631.43,600.67,600.06,602.91,610.66,619.0,614.57,612.35,621.12,608.47,618.98,619.55,608.83,606.37,603.93,589.58,611.12,623.26,653.04,652.07,632.15,628.82,626.5,648.0,655.34,678.06,703.25,692.03
DHL.DE,,47.07,47.0,46.86,45.34,46.44,46.22,45.92,45.2,45.12,44.97,44.92,44.62,44.59,43.02,44.7,45.06,44.63,44.82,44.07,45.01,45.79,45.5,,46.39,47.75,48.23,48.63,48.47,48.5,48.76,48.31,48.54,49.45,49.89,49.44,48.54,47.46,47.67,47.7,47.59,46.85,,50.0,46.94,45.15,47.04,46.89,47.14,47.0,47.54,47.7,47.43,46.51,47.09,46.75,47.63,49.7,50.14,49.92,50.58,51.44,50.72,52.14,52.56,52.6,52.3,51.3,51.92,52.0,50.86,51.86,52.48,53.0,52.38,52.26,51.56,51.12,51.04,51.26,52.9,52.56,52.66,52.86,53.9,56.02,56.18,56.78,55.88,56.86,56.06,56.32,56.88,57.76,56.96,56.44,56.68,56.66,57.18,56.3,57.64,57.56,57.28,57.14,58.16,58.12,57.56,57.78,55.7,55.78,55.18,55.3,55.56,54.5,55.5,55.26,54.6,55.48,55.16,55.64,55.7,56.52,56.52,56.52,56.6,56.5,56.42,55.02,54.78,54.92
DHR,202.28,204.61,202.27,200.0,194.83,198.16,194.7,193.17,187.77,188.99,193.5,193.52,189.83,189.48,192.63,187.22,191.77,185.51,184.73,183.62,186.77,190.56,189.46,190.63,191.21,195.9,194.78,193.73,188.67,195.62,199.05,196.04,194.58,193.22,197.0,193.95,180.82,178.57,176.76,182.66,178.15,178.8,179.82,174.62,175.8,176.73,175.85,174.97,171.73,167.0,166.29,166.5,165.58,161.83,164.41,167.26,170.84,173.54,171.17,173.81,174.56,181.06,182.55,177.74,175.86,182.27,188.0,184.55,185.01,186.87,182.49,181.45,180.92,181.46,180.74,175.55,176.44,179.07,181.06,189.69,192.83,195.45,193.8,191.97,197.47,195.31,197.42,191.76,190.5,197.58,198.7,198.03,200.0,201.41,203.45,202.0,168.84,178.47,185.12,193.08,191.39,200.73,199.93,194.65,197.49,197.34,197.93,195.6,199.96,199.4,203.26,208.05,204.55,207.06,203.0,199.99,203.97,203.1,210.12,215.58,218.33,213.88,213.23,214.78,215.1,213.45,214.74,207.77,210.51,207.19
DIS,102.84,103.17,103.1,101.39,100.55,101.75,101.4,100.1,99.83,99.47,99.17,99.84,99.03,99.01,100.22,97.74,96.82,95.12,94.19,92.89,95.34,97.26,96.0,96.5,95.8,98.1,98.66,99.84,98.53,101.34,102.6,103.62,104.69,105.91,106.19,105.03,104.94,103.6,102.62,102.66,100.94,100.91,104.4,102.74,101.53,106.52,109.05,109.03,108.0,104.99,105.35,105.54,105.03,102.69,103.71,102.91,103.61,104.04,103.1,103.3,103.81,103.63,101.66,102.35,100.44,100.54,99.68,99.52,99.05,99.49,98.83,101.06,100.88,101.43,100.67,101.8,103.41,102.02,103.1,101.11,98.05,99.71,97.41,96.55,96.4,98.85,98.14,97.3,96.34,96.89,96.1,95.51,96.1,97.28,99.01,97.85,96.0,97.12,94.81,93.26,95.51,97.0,98.34,97.41,96.08,97.62,97.87,101.99,102.54,104.42,104.61,102.95,103.29,103.8,104.99,106.33,104.19,104.06,106.88,107.57,108.39,110.5,111.3,108.78,107.25,107.78,107.24,106.71,108.62,106.49
DTE.DE,,32.88,32.88,32.92,32.82,32.5,32.66,32.63,32.71,33.3,33.03,33.02,32.38,32.09,31.25,31.69,32.28,32.16,31.8,31.89,32.5,32.27,30.85,,30.57,31.64,31.66,31.46,30.64,29.16,28.83,28.5,29.3,29.59,29.4,28.74,27.52,27.5,27.44,26.75,26.89,27.23,,27.59,27.03,27.64,27.86,27.51,27.32,27.4,27.39,28.16,27.73,27.39,28.68,29.11,28.93,29.3,29.41,29.15,29.35,29.14,28.75,28.73,28.82,28.13,27.88,27.61,27.49,27.89,28.62,27.98,28.52,27.86,27.49,27.03,26.62,26.18,26.28,26.44,26.26,26.21,24.47,24.15,24.29,25.2,25.69,25.54,25.27,25.65,26.3,26.46,26.46,26.57,26.82,26.84,27.06,26.89,27.23,25.88,26.74,27.2,27.6,27.38,26.9,27.13,28.06,27.64,28.38,29.43,28.99,28.36,28.5,28.22,28.54,28.52,28.59,28.98,29.17,28.89,29.1,29.11,29.2,28.69,28.39,28.57,28.38,28.45,28.51,28.63
DTG.DE,,40.39,42.0,41.39,39.39,40.92,41.69,42.04,42.9,42.6,42.2,41.93,41.0,40.95,38.8,41.08,41.49,41.29,41.14,40.48,40.99,42.52,41.32,,42.36,44.2,44.62,44.56,43.7,44.45,43.41,42.32,42.62,43.1,43.4,43.46,43.52,43.72,44.0,43.23,42.33,41.41,,42.97,42.03,43.49,42.42,41.0,40.22,39.86,39.8,40.4,40.3,39.26,39.64,39.0,39.91,40.0,41.96,41.63,42.8,42.54,41.93,41.47,42.06,42.29,41.63,40.56,41.3,41.11,40.96,41.96,42.98,42.69,41.99,42.0,41.6,40.96,41.01,40.91,41.92,41.21,40.86,42.08,41.94,44.1,44.0,44.19,42.72,41.63,41.58,41.96,42.91,43.09,42.88,42.39,43.23,43.14,44.07,46.0,47.0,46.6,48.35,48.34,48.82,49.28,49.62,49.31,48.41,46.5,46.62,47.1,46.24,45.69,45.39,45.14,45.52,45.22,45.24,45.76,45.43,46.52,46.81,47.05,47.25,46.91,47.11,46.26,44.79,45.5
DUK,130.85,131.5,131.01,131.4,131.86,129.5,129.5,130.0,132.49,133.85,134.28,132.31,130.75,130.43,127.92,126.98,128.2,128.33,129.55,131.45,132.66,130.43,131.9,131.63,131.5,130.32,131.28,132.41,131.83,129.85,129.25,127.73,127.51,128.13,128.47,126.75,126.4,127.79,127.66,128.47,127.31,127.03,129.44,128.0,128.9,127.04,125.0,125.04,124.53,125.0,123.99,123.9,122.95,121.8,122.81,124.7,123.68,124.45,125.7,124.52,125.16,123.96,121.42,120.06,121.34,121.58,122.5,123.87,122.39,124.99,125.54,124.69,124.0,125.02,125.2,123.0,123.48,124.75,125.86,126.69,127.85,128.27,127.65,126.58,126.5,129.17,127.45,128.25,126.52,125.16,125.6,127.18,126.21,124.7,127.96,125.91,125.1,127.14,128.85,129.34,129.75,129.82,129.75,129.16,125.65,125.0,123.51,124.35,124.94,123.0,124.0,121.25,122.71,123.77,123.18,123.25,124.96,124.73,123.25,122.84,120.2,121.7,121.6,120.8,121.41,119.6,120.48,120.22,120.81,120.74
DXCM,72.47,73.03,72.36,69.72,67.02,68.6,67.11,65.65,65.28,64.85,67.11,66.72,67.98,67.42,68.1,66.31,67.22,66.84,65.91,62.35,62.77,62.8,61.6,62.22,63.1,65.01,65.39,65.9,63.99,62.69,63.04,61.29,62.43,63.57,64.87,63.16,63.09,62.67,61.12,61.68,58.95,57.88,60.99,61.61,60.54,59.71,60.36,60.91,60.34,60.14,60.45,59.02,59.91,61.79,65.28,66.71,71.5,71.9,72.02,72.53,70.11,72.89,73.49,74.3,73.0,74.13,73.47,73.91,77.48,78.82,74.85,75.57,75.7,74.35,73.14,72.61,71.89,70.24,69.0,69.88,68.44,69.67,70.96,68.16,69.14,71.3,73.85,73.32,73.74,73.33,75.56,75.09,74.42,73.62,77.86,76.6,76.12,75.04,71.08,71.05,72.0,74.57,74.42,73.93,79.88,85.25,87.14,86.47,82.91,82.49,84.81,87.59,89.04,90.82,91.96,89.34,89.49,90.3,89.42,89.61,92.3,90.73,88.17,88.37,89.81,90.0,90.83,90.03,89.73,88.78
EMR,147.53,147.29,143.0,138.94,135.97,141.4,139.64,137.56,133.41,133.65,133.78,132.01,127.66,129.61,129.44,127.74,132.46,129.16,124.63,126.64,126.16,132.15,128.74,130.97,131.75,141.36,142.44,145.64,143.41,145.43,143.38,140.68,142.56,145.45,147.06,146.35,142.0,142.37,141.51,140.37,138.69,137.26,141.03,137.0,138.32,142.0,147.95,142.57,141.3,138.86,136.71,137.79,135.42,132.68,130.08,131.36,131.54,136.11,137.75,141.81,139.01,142.25,140.66,142.04,140.37,141.81,140.93,138.85,140.32,142.4,138.89,143.88,146.26,147.11,149.81,152.28,150.72,146.84,143.25,143.0,143.6,142.99,142.86,142.33,140.58,139.04,140.09,136.24,138.11,139.04,138.0,137.29,136.95,133.91,138.3,139.46,138.62,139.12,138.7,144.9,148.6,149.0,150.78,149.29,149.73,150.62,156.0,157.27,164.32,157.97,158.43,159.0,165.92,164.26,164.26,162.99,161.09,159.11,155.77,156.45,157.37,159.8,155.58,158.6,158.27,153.77,151.48,148.01,150.25,150.17
ENR.DE,,153.0,164.0,155.6,136.65,158.0,156.75,152.95,150.95,143.2,145.5,152.65,147.1,148.3,134.55,148.65,156.7,155.0,148.8,142.2,140.35,157.0,146.0,,147.18,162.76,162.62,165.34,163.0,169.0,170.68,171.06,164.92,168.28,170.26,171.0,176.34,191.66,188.82,177.0,174.5,173.02,,182.0,178.4,185.9,185.64,179.2,179.22,173.16,177.76,180.78,174.0,168.5,168.64,171.44,174.12,176.14,180.14,186.84,172.4,165.0,164.38,162.46,154.2,161.2,159.12,153.8,158.82,148.54,140.64,154.02,158.4,156.84,156.6,163.78,169.56,164.44,163.5,162.4,161.0,154.3,163.6,166.22,159.0,168.8,160.72,156.72,156.3,154.7,148.14,149.22,155.2,154.0,144.0,149.12,154.6,156.98,151.84,150.8,152.6,146.48,138.0,135.22,152.0,149.8,151.0,158.6,149.88,154.12,153.88,155.3,160.0,162.64,159.84,164.4,160.6,154.68,155.8,153.42,150.66,151.72,151.76,155.04,151.44,146.7,141.0,140.26,141.7,146.8
EOAN.DE,,18.75,18.8,18.88,18.45,19.03,19.13,19.17,19.405,19.71,19.71,20.29,19.6,19.39,18.11,18.505,18.66,18.815,18.76,18.545,18.82,19.2,19.295,,19.68,19.9,19.8,19.72,19.605,19.43,19.4,19.43,19.13,18.95,18.85,18.96,18.995,18.785,18.45,18.75,18.895,18.31,,18.715,18.4,18.54,18.25,17.905,17.96,18.25,18.3,18.875,18.35,17.685,18.125,18.395,18.28,18.37,18.55,18.545,18.225,18.02,18.01,17.975,17.805,18.145,18.26,18.325,18.115,17.955,17.995,18.395,18.425,18.215,18.25,18.4,18.12,17.735,17.7,17.68,17.975,18.09,18.165,17.935,17.77,19.18,19.065,19.35,19.115,19.13,19.0,19.06,19.5,19.205,19.045,19.125,19.21,19.25,19.65,19.54,19.61,19.16,19.04,18.7,19.0,19.055,19.05,19.085,18.96,18.985,18.99,18.91,19.02,18.4,18.3,17.5,17.48,17.565,17.43,17.59,17.43,17.46,17.79,17.9,17.69,17.83,17.905,17.75,17.55,17.33
EURUSD=X,,,,,,1.1617,1.1613,1.1542,1.1522,1.1438,1.1498,1.1539,1.1463,1.1576,1.1564,1.1608,1.1614,1.1565,1.1535,1.1492,1.1458,1.1571,1.1592,1.1512,1.1541,1.169,1.1658,1.1692,1.1672,1.1763,1.1798,1.1808,1.1779,1.1739,1.1784,1.1746,1.1705,1.1684,1.1706,1.1723,1.1719,1.1688,1.173,1.1726,1.1692,1.1715,1.1748,1.1731,1.1769,1.1776,1.1736,1.1718,1.1662,1.1617,1.1654,1.1605,1.1625,1.1616,1.1636,1.1639,1.1618,1.1653,1.1648,1.1636,1.1622,1.1609,1.1614,1.1525,1.1528,1.1535,1.1538,1.1574,1.1606,1.1593,1.1609,1.1511,1.1464,1.1425,1.1379,1.1353,1.1364,1.1384,1.1419,1.1413,1.1378,1.1436,1.1442,1.1401,1.1422,1.1434,1.1404,1.1384,1.1425,1.1473,1.1447,1.1427,1.1416,1.1402,1.1413,1.1376,1.1398,1.1369,1.1384,1.1468,1.1526,1.154,1.1508,1.1532,1.1556,1.1523,1.1556,1.1547,1.1543,1.1529,1.1534,1.1576,1.1585,1.1577,1.1675,1.1688,1.1685,1.1668,1.1675,1.1655,1.1653,1.159,1.1617,1.159,1.1585,1.1629
EXC,49.17,48.92,48.93,48.5,49.22,48.9,48.85,48.6,49.92,50.19,50.55,49.76,49.45,47.51,46.77,47.01,47.59,47.94,48.48,48.7,49.19,48.82,49.11,49.0,48.81,49.03,49.1,49.2,48.51,47.96,48.36,47.66,46.06,46.69,46.43,46.58,46.38,46.44,46.92,46.91,46.78,46.9,46.22,46.03,46.58,46.75,44.81,44.51,44.08,44.19,44.5,44.29,44.4,43.56,43.94,44.71,44.87,45.22,46.21,45.82,46.19,45.61,45.31,44.78,45.04,45.13,44.9,45.42,44.93,45.33,45.69,45.62,46.1,46.35,46.29,45.56,45.99,46.3,46.88,47.13,47.24,47.51,47.06,46.61,46.55,47.65,47.76,47.93,47.05,46.46,46.96,47.46,46.66,46.01,47.56,46.45,45.75,46.34,46.43,47.31,47.28,47.67,47.53,46.54,45.52,45.88,45.56,45.83,46.11,45.11,45.32,44.35,44.93,45.44,45.48,45.67,46.25,45.71,45.16,45.44,43.98,44.27,44.13,44.03,44.25,43.8,43.83,43.66,44.06,43.8
FANG,180.02,175.81,176.28,182.58,183.65,181.29,173.0,178.41,174.9,182.6,183.04,188.11,191.74,190.31,187.25,194.2,194.63,198.89,204.21,203.91,199.52,190.53,197.57,194.08,196.12,177.17,187.97,185.66,190.55,186.77,186.36,185.55,176.45,181.87,184.46,191.28,196.82,195.31,196.53,200.0,202.53,200.61,204.56,209.5,210.1,198.84,190.99,189.81,190.5,198.06,198.0,198.92,203.0,202.85,207.25,207.08,208.08,199.52,199.12,191.96,194.76,193.11,194.49,197.08,202.48,207.16,202.5,195.43,196.5,196.78,199.55,190.0,183.11,186.66,187.28,183.0,184.78,186.45,184.03,181.62,180.74,180.26,179.75,176.46,171.79,171.86,176.27,183.89,184.36,181.91,185.93,193.59,191.43,190.29,193.04,192.43,197.1,202.42,206.54,205.83,197.08,197.11,198.2,196.93,198.48,198.76,189.11,191.91,189.55,187.39,190.8,197.73,200.48,198.01,200.68,202.7,208.93,210.84,213.51,211.84,210.0,201.6,197.93,200.43,201.62,202.02,205.0,200.83,203.31,201.58
FAST,46.27,46.35,47.8,46.45,46.01,46.42,46.32,46.26,45.8,45.75,46.0,45.74,45.09,44.37,44.63,43.68,45.2,45.41,44.96,45.14,45.65,46.55,46.09,45.97,45.77,46.41,48.18,49.27,48.74,45.43,44.5,44.4,45.23,45.6,45.51,45.71,45.09,45.26,44.64,45.49,44.23,43.71,45.0,44.63,45.0,44.8,44.98,44.39,43.99,43.48,43.3,43.89,43.75,43.43,44.0,43.57,43.47,43.53,44.01,44.45,44.65,44.66,43.66,44.22,44.75,47.5,47.33,46.8,46.27,46.53,46.41,46.59,46.84,46.1,45.64,45.33,45.97,46.13,45.67,46.16,47.15,47.1,47.38,48.5,48.04,48.75,48.34,47.1,46.1,46.31,47.33,46.57,45.86,45.71,46.9,45.49,44.95,45.13,45.18,46.09,47.71,47.94,47.63,47.47,46.51,47.88,48.08,50.0,50.46,50.58,51.7,52.15,52.48,52.38,51.39,50.93,51.72,51.38,51.3,50.85,51.46,51.31,50.71,50.75,51.5,49.59,49.12,48.63,48.2,48.7
FDX,302.7558,309.2748,308.3481,294.0935,283.328,292.7478,289.9114,286.6156,285.8179,286.3014,288.187,285.7776,278.4529,306.8654,294.1176,284.4964,291.0153,286.2772,280.9186,280.3143,278.9202,289.1942,285.2538,289.4521,288.4126,293.3119,300.4593,304.2385,298.3642,292.4658,296.4464,293.6986,308.9202,314.3836,318.6785,319.0572,315.7534,316.1886,312.5383,313.0218,314.8912,314.8106,324.7381,305.8018,287.6712,293.7148,306.1966,304.7623,306.8251,306.0113,304.8429,298.9525,303.5858,301.7808,297.1716,303.6664,312.0387,317.4214,320.0886,329.5891,330.3787,331.531,325.01,337.34,327.52,328.16,327.73,331.2,333.74,326.58,324.88,342.0,340.86,339.09,335.75,329.95,326.31,326.01,314.77,319.04,327.58,317.91,324.56,313.0,317.82,313.05,311.79,312.76,313.25,313.85,315.78,315.14,316.0,313.32,316.15,314.0,312.0,313.58,319.97,316.04,314.5,310.85,312.0,311.28,311.01,307.52,310.25,312.5,312.64,315.06,317.62,327.21,322.96,326.99,339.03,334.76,333.38,330.95,326.17,328.3,325.0,336.97,333.82,333.45,332.38,328.65,327.54,325.46,318.69,323.75
FRE.DE,,48.36,47.86,46.21,46.02,48.19,47.84,46.88,46.2,46.86,46.88,46.65,45.53,44.91,43.0,44.26,44.48,44.09,44.14,43.56,44.75,45.38,43.42,,43.51,44.93,44.73,44.39,44.23,44.76,44.9,44.26,44.03,44.08,43.7,43.2,42.12,40.68,40.14,40.34,40.67,40.97,,41.22,40.64,39.41,39.89,40.59,40.7,39.32,39.56,38.46,39.0,38.38,39.47,39.31,40.12,40.01,38.56,37.7,36.88,37.01,36.1,35.75,36.17,36.2,36.67,36.9,36.68,37.46,37.23,37.5,38.23,39.09,38.46,38.93,39.37,39.7,39.57,39.73,40.14,39.71,39.13,40.01,41.62,42.54,43.69,42.68,42.5,42.26,42.21,41.27,40.79,42.07,42.15,41.88,43.01,44.1,43.47,43.34,44.35,44.4,44.59,44.47,45.14,44.74,44.54,48.48,47.45,47.03,47.23,47.2,47.22,46.82,47.725,47.16,46.6,46.6,46.75,46.38,46.6,46.355,45.75,46.1,46.43,46.0,45.11,44.75,44.735,44.105
FTNT,77.26,81.04,82.28,83.99,83.06,84.29,84.3,82.92,84.4,84.39,84.58,82.44,83.52,82.96,82.01,82.33,80.13,78.29,79.69,78.11,79.75,81.77,80.85,82.74,81.86,85.1,83.27,80.52,76.95,79.06,78.82,79.98,83.95,82.1,82.23,86.27,85.06,83.1,84.1,86.74,85.42,85.12,86.12,86.51,89.7,88.78,105.26,107.3,112.1,115.19,113.21,118.03,121.17,121.69,127.81,125.91,128.91,130.0,132.98,129.55,128.58,129.59,141.16,144.34,145.38,146.2,148.46,145.51,143.13,137.8,141.01,143.64,146.32,148.88,145.81,143.49,146.36,144.83,147.7,144.62,150.81,152.97,151.04,154.74,158.64,154.75,162.39,157.0,153.27,164.44,157.67,158.78,169.39,164.07,160.5,160.64,163.38,158.57,155.29,152.7,157.13,152.6,148.27,164.0,154.01,163.31,164.11,170.35,160.07,165.02,159.9,163.24,161.48,162.64,165.75,160.05,156.0,157.97,152.0,151.9,152.43,152.86,151.5,160.24,172.58,166.6,167.42,162.19,157.5,154.7
GC=F,,5130.7002,5169.5,5121.0,5155.0,5138.2002,5190.7998,5137.2002,5089.6001,5001.6001,5017.6001,4949.6001,4830.2998,4686.8999,4353.0,4338.7002,4549.0,4441.5,4492.0,4482.7998,4510.0,4668.3999,4764.8999,4656.1001,4624.8999,4760.0,4711.0,4745.8999,4704.0,4770.1001,4843.6001,4810.8999,4771.6001,4793.8999,4698.3999,4754.2002,4711.5,4695.0,4707.6001,4680.8999,4598.6001,4561.8999,4636.7002,4581.2002,4547.6001,4663.6001,4704.7998,4714.3999,4729.5,4762.2002,4722.7002,4678.1001,4615.2002,4563.0,4551.7002,4502.6001,4507.2002,4519.5,4572.7998,4439.7002,4453.6001,4494.0,4523.5,4488.0,4471.2002,4447.3999,4472.2998,4324.2002,4332.7998,4200.0,4042.8999,4208.2998,4271.2002,4309.5,4339.0,4279.7998,4138.7998,4127.1001,4104.3999,3988.3999,4078.7,4057.5,4002.6001,4013.1001,4067.5,4175.3999,4126.5,4116.2998,4066.3999,4122.2998,4081.0,3995.7,4049.1001,4030.5,3975.5,4003.3999,4002.1001,4096.2002,4129.8999,4067.6001,4090.1001,4025.7,4018.1001,4060.7,4102.3999,4083.3999,4050.5,4130.0,4297.0,4277.0,4336.1001,4408.6001,4406.5,4403.5,4322.1001,4394.7998,4415.2002,4339.7998,4506.7998,4560.0,4638.0,4630.5,4615.2998,4609.7002,4599.2998,4430.0,4402.0,4328.0,4426.2998,4429.7998
GD,363.09,366.0,364.51,360.22,362.53,359.84,352.91,349.57,357.46,353.05,354.76,357.18,350.0,349.01,350.55,344.24,349.56,351.95,353.72,350.7,344.63,346.81,347.5,348.41,349.47,346.86,348.17,342.31,336.59,340.65,340.54,340.0,334.81,335.45,330.47,327.45,321.35,316.64,313.43,313.94,338.08,340.16,345.48,344.14,351.09,349.71,347.25,347.65,345.24,343.55,343.94,340.87,339.88,335.06,343.09,341.2,338.0,341.14,345.04,344.36,345.89,348.56,343.35,336.38,335.71,340.38,343.14,345.34,340.87,349.0,348.81,360.85,360.6,361.15,361.34,365.26,347.08,346.0,350.68,342.87,346.49,347.12,349.1,356.15,365.31,372.91,380.0,372.92,371.35,374.15,375.84,371.76,370.58,366.75,370.58,369.99,368.94,371.1,378.37,383.97,389.1,393.0,398.8,376.85,382.38,387.55,384.09,388.55,387.68,386.97,393.0,396.15,390.42,396.0,394.28,391.77,393.93,396.43,391.18,387.0,384.48,384.0,378.05,381.07,381.07,377.24,371.5,369.85,366.75,361.58
GE,340.68,336.55,336.58,323.67,319.89,322.26,324.23,318.64,307.37,303.77,305.41,302.82,296.1,290.0,296.8,287.71,295.1,291.58,282.99,284.07,277.93,290.21,284.89,280.55,285.5,309.92,306.0,313.08,306.43,315.01,316.44,313.57,310.13,303.88,293.58,286.65,276.49,280.61,282.81,283.37,287.21,285.01,289.05,286.4,282.48,300.43,308.01,304.45,296.03,299.72,295.97,295.03,287.49,283.39,284.79,289.0,298.5,303.25,306.35,314.3,316.77,319.33,321.48,323.0,313.44,316.67,326.9,329.57,324.65,329.49,320.56,334.56,343.45,344.04,352.11,362.85,357.64,349.28,356.84,367.65,368.4,367.82,374.61,375.03,379.79,377.17,377.4,360.12,361.59,356.81,356.17,355.01,355.6,353.22,346.99,353.8,345.0,340.71,340.0,350.24,359.86,364.58,362.7,354.75,356.24,363.79,374.52,379.34,383.97,376.39,371.52,367.74,369.79,367.0,362.5,367.87,366.89,373.52,353.09,347.54,346.59,345.95,351.78,352.79,345.09,338.83,333.71,333.36,331.55,332.24
GEHC,78.29,78.5,78.08,75.72,73.35,75.14,72.57,71.69,70.99,71.87,72.72,71.5,69.44,69.87,71.92,70.88,72.13,71.76,71.08,69.995,69.9,71.02,70.39,70.35,70.4,72.82,72.735,73.42,72.62,74.08,74.63,73.5,75.04,74.03,74.425,72.86,70.99,69.47,69.19,70.7,62.15,59.21,61.53,60.74,61.0,61.82,61.83,62.515,63.0,62.34,61.68,62.14,62.37,60.99,61.405,61.93,64.2,64.29,64.23,65.0,63.31,62.75,62.562,62.18,61.68,62.63,63.8,64.75,65.1,65.69,64.22,64.61,66.06,64.86,63.0,60.42,61.09,61.49,64.06,64.85,65.19,65.69,64.9,64.62,65.5,65.75,65.918,65.24,64.807,64.93,64.52,63.505,61.91,63.19,65.495,63.36,61.93,62.39,61.0,62.47,62.04,61.4,69.32,71.37,68.84,69.61,69.47,70.33,70.41,70.235,71.23,72.59,71.72,72.92,73.85,73.36,72.94,73.35,74.3,74.16,74.86,73.87,73.76,72.875,72.82,71.3,71.25,70.48,71.02,68.99
GEV,864.44,850.6,830.01,792.97,782.53,835.96,836.03,844.13,832.99,817.5,827.37,844.525,841.5,877.77,865.685,864.13,927.0,915.0,867.555,860.64,827.13,888.49,869.0,901.83,894.19,950.0,943.56,973.11,998.0,1000.0,985.1,982.64,988.65,1006.23,994.0,1076.16,1147.89,1161.02,1135.235,1090.0,1091.79,1079.23,1088.83,1072.27,1093.5,1114.0,1114.92,1067.34,1041.78,1054.0,1084.65,1061.46,1066.0,1049.0,994.3,1024.03,1018.0,1060.39,1045.78,1047.28,1025.4,996.01,959.97,962.78,976.99,940.0,947.29,947.91,927.99,897.51,888.07,907.5,970.0,991.85,997.4,1091.03,1130.04,1055.15,1046.16,1089.04,1049.275,1055.65,1117.0,1146.4,1138.9351,1140.52,1096.84,1075.0,1110.0,1077.0,1070.0,1071.0699,1070.91,1034.99,995.0,1081.0,1114.99,1021.01,981.31,1022.795,1015.21,948.83,943.99,959.0,1040.99,975.02,1046.0,1019.0,1009.01,1013.2,1003.93,1001.0,1047.005,1043.5,1042.1,1072.67,1046.895,1002.27,977.0,974.73,949.0,960.01,924.875,979.0,948.59,884.9,888.52,898.53,924.56,950.0
GILD,148.13,148.92,146.32,143.56,143.5,147.73,147.11,145.11,146.85,144.23,146.52,143.16,141.42,140.43,139.68,136.8,139.76,138.39,136.85,134.57,137.18,139.69,139.61,139.24,139.0,140.11,140.12,142.38,137.99,138.26,140.96,138.61,138.95,138.06,136.18,133.69,134.02,131.54,128.8,130.33,128.9,127.96,130.0,130.44,132.84,133.38,136.5,130.0,131.01,135.0,133.55,133.77,132.27,130.15,129.5,131.36,130.02,131.57,135.25,133.83,133.89,135.13,133.99,128.99,127.59,130.57,130.09,130.07,128.8,125.64,121.79,126.13,125.29,125.22,126.69,125.85,124.3,126.63,125.56,125.27,125.25,128.86,125.88,127.28,126.73,132.88,132.62,136.58,135.57,134.02,129.66,129.7,130.1,131.76,137.61,134.28,130.51,131.83,129.22,130.93,131.0,133.11,134.41,130.02,130.23,131.1,131.15,136.0,133.99,132.1,131.61,132.68,133.99,136.94,136.81,138.36,140.0,145.1,146.69,144.52,145.93,146.6,148.0,147.3,149.47,144.23,148.52,150.0,150.67,149.23
GM,75.42,78.22,78.0,74.74,73.4,74.84,75.46,73.24,73.59,73.32,73.59,73.53,72.5,73.52,74.75,74.98,77.9,75.97,75.21,73.71,74.05,75.2,73.34,72.52,72.98,76.02,75.59,77.11,75.61,78.63,79.54,77.59,79.4,80.86,80.44,79.59,78.94,78.23,76.61,78.02,78.2,77.12,77.12,75.91,76.27,78.2,78.82,79.13,78.8,75.4,76.22,75.88,76.6,74.82,72.24,73.39,75.38,78.0,79.3,80.65,83.6,84.8,83.43,82.89,80.71,82.06,81.97,81.67,84.55,83.51,80.04,81.72,82.64,84.65,82.5,80.61,80.8,79.19,79.13,79.1,78.39,78.25,77.26,76.99,76.89,76.53,77.72,75.22,76.37,76.89,78.05,76.78,77.24,77.5,77.14,76.99,76.09,80.5,81.36,80.54,85.0,87.61,90.7,89.74,88.85,89.51,87.41,88.46,89.16,86.89,87.42,88.13,89.12,86.85,86.82,86.25,84.86,84.48,84.2,85.79,87.94,87.01,85.98,85.88,87.63,86.28,86.32,85.64,85.73,86.41
GOOGL,298.59,302.89,303.04,296.09,294.36,306.17,306.75,306.82,307.01,304.35,305.86,309.27,304.01,305.46,302.11,299.2,293.44,287.91,277.28,276.42,278.04,290.84,290.69,295.87,302.73,320.45,315.91,320.02,317.14,324.79,332.89,338.75,337.65,340.76,337.69,337.02,341.18,338.73,345.98,348.55,347.57,374.07,381.63,385.63,386.23,394.25,399.92,397.0,393.65,387.34,385.6,397.28,396.32,395.69,396.96,387.7,385.7,387.35,384.51,386.67,388.0,385.24,376.52,366.59,362.03,358.9,366.34,365.18,367.09,363.19,355.93,362.62,367.93,369.6,369.13,365.75,357.95,340.69,349.04,336.73,342.55,341.83,353.87,358.37,359.48,361.55,369.07,364.76,354.31,357.53,356.19,351.2,357.97,373.06,346.0,350.88,351.32,348.16,321.13,318.42,325.04,327.9,334.67,334.2,340.83,365.45,368.22,383.34,360.77,356.72,355.18,355.89,346.31,345.77,346.8,346.27,342.41,342.46,343.06,342.58,343.62,349.64,346.62,339.67,340.71,343.83,336.0,334.06,340.56,342.47
GS,836.0,869.84,862.01,816.0,810.0,834.68,829.95,805.32,789.36,792.0,806.3,801.0,792.93,807.0,833.0,824.93,845.01,833.79,813.67,811.12,823.9,859.95,838.39,863.0,858.0,903.01,902.0,903.37,875.55,894.42,915.0,897.99,915.5,923.68,944.5,939.0,935.0,930.49,926.04,941.24,927.5,910.41,916.4,922.27,909.73,935.93,937.93,936.0,932.65,942.16,941.84,966.9,953.65,947.74,933.22,945.0,982.21,994.63,1006.53,995.91,986.42,1009.27,1015.33,1049.74,1055.28,1052.87,1092.8199,1052.78,1061.79,1028.35,1013.5,1053.0,1089.52,1086.0,1098.46,1120.0,1109.7,1077.34,1090.0,1095.62,1054.74,1029.1899,1019.29,1010.0,1038.99,1029.88,1052.0,1030.0,1055.0,1063.21,1056.34,1085.0,1148.42,1147.65,1071.64,1074.65,1070.0699,1078.52,1072.52,1075.0,1080.1801,1041.9301,1025.0,1007.36,1034.72,1025.0,1050.0,1063.71,1062.04,1038.34,1039.61,1036.39,1055.0,1040.61,1040.91,1040.79,1040.0,1044.8199,1016.99,1015.99,1039.0,1050.0,1061.0,1041.6801,1046.49,1032.6,1004.72,1009.74,1013.5,1031.09
HD,363.73,366.2,366.12,357.54,355.6,353.04,355.46,346.04,341.69,342.44,344.89,338.6,328.96,327.75,331.99,325.9,335.0,331.44,327.5,325.72,328.49,329.37,323.6,319.7,323.0,333.26,331.26,341.04,335.54,341.0,341.85,339.99,342.84,348.34,352.93,343.95,339.5,337.88,334.48,334.45,325.66,322.24,330.1,322.08,313.41,321.96,325.01,322.68,316.5,313.23,307.61,305.06,300.31,299.25,291.87,301.06,306.36,314.5,315.06,314.75,317.45,320.48,315.13,309.98,307.94,317.83,310.83,308.88,311.35,323.27,322.29,328.5,333.76,331.91,336.01,331.7,330.0,323.87,329.12,342.25,347.9,348.86,350.69,353.98,352.84,357.82,355.06,337.99,337.76,339.55,344.0,339.52,338.99,341.55,348.93,339.97,331.3,333.53,325.3,325.07,339.39,342.64,340.38,334.99,332.44,339.8,340.23,350.16,353.5,351.51,352.1,352.29,352.0,347.0,340.81,334.71,336.78,341.42,336.0,336.52,335.88,339.37,339.43,330.57,330.5,328.24,326.01,321.5,318.21,316.7
HEI.DE,,180.0,185.2,180.25,163.15,178.15,173.35,169.35,160.6,161.4,164.9,176.0,169.0,172.0,167.5,177.55,181.25,181.1,178.8,177.2,179.2,184.95,179.1,,177.35,184.05,184.45,185.0,186.8,189.0,189.35,188.5,188.35,191.55,192.15,189.75,185.35,187.5,185.75,188.35,185.45,182.25,,188.4,186.4,185.0,190.65,185.05,184.2,183.0,187.9,181.95,179.25,166.45,169.65,167.45,173.0,173.5,180.75,182.6,187.0,188.3,189.95,186.65,180.5,178.55,180.25,174.75,173.05,173.55,171.25,180.45,190.0,187.05,186.4,190.2,184.9,182.3,184.05,184.15,186.55,184.0,167.95,165.75,164.2,174.8,176.4,172.65,168.65,167.25,168.75,167.55,167.5,175.15,171.45,172.0,169.7,170.45,169.95,167.5,171.7,171.55,169.95,165.55,166.25,162.6,163.45,164.1,161.7,163.0,161.0,160.05,162.35,161.5,161.8,161.65,159.85,156.1,157.4,160.65,159.6,159.5,164.45,169.8,169.9,169.2,164.15,163.6,162.1,163.6
HEN3.DE,,77.84,77.12,75.38,74.9,74.26,70.6,70.5,70.22,68.9,69.74,69.72,67.8,66.84,65.0,67.0,67.24,67.18,67.82,66.66,66.88,67.5,65.2,,65.0,66.78,66.98,67.4,65.92,65.5,65.56,65.28,65.8,66.14,66.02,65.1,65.12,64.62,64.68,62.4,62.74,61.64,,62.2,61.5,62.58,65.54,65.84,64.06,62.8,63.44,63.7,63.44,64.42,65.52,65.58,65.36,65.86,66.34,65.88,66.88,68.0,66.08,65.76,65.5,65.7,65.54,66.72,66.08,68.02,68.4,68.86,70.22,69.5,69.88,70.62,70.24,69.94,71.38,72.76,73.0,73.44,74.26,73.32,74.88,75.48,75.28,75.1,74.88,74.46,74.42,74.0,72.54,73.58,75.3,74.16,74.28,74.5,74.42,73.5,75.48,75.54,76.82,75.64,75.26,75.6,76.08,76.6,78.52,79.18,80.1,78.82,77.6,77.02,77.36,75.96,74.4,75.24,75.44,75.24,75.9,76.46,75.84,75.82,75.4,75.76,76.0,75.9,74.74,75.3
HG=F,,5.7905,5.849,5.786,5.723,5.8445,5.8885,5.852,5.729,5.63,5.742,5.7215,5.48,5.5145,5.4525,5.3935,5.5325,5.4635,5.467,5.401,5.4835,5.6165,5.549,5.6245,5.5675,5.7595,5.727,5.7775,5.976,6.0745,6.073,6.065,6.1015,5.98,5.9995,6.1155,6.023,5.98,6.022,5.9145,5.9235,5.903,5.9335,5.807,5.8205,5.9605,6.146,6.0525,6.258,6.435,6.596,6.5555,6.52,6.197,6.2545,6.164,6.22,6.345,6.355,6.4175,6.3,6.392,6.544,6.6525,6.5525,6.505,6.3915,6.364,6.292,6.255,6.259,6.405,6.5,6.498,6.472,6.3745,6.3565,6.178,6.0395,6.038,6.1415,6.121,6.1125,6.194,6.104,6.1545,6.169,6.1105,6.0695,6.2305,6.28,6.301,6.317,6.342,6.2095,6.181,6.4455,6.511,6.415,6.304,6.34,6.283,6.2765,6.343,6.4515,6.5295,6.528,6.609,6.7235,6.716,6.5985,6.6125,6.6065,6.55,6.58,6.604,6.549,6.459,6.406,6.5685,6.618,6.7095,6.75,6.587,6.59,6.5185,6.6025,6.439,6.537,6.5955
HNR1.DE,,249.2,250.6,252.0,248.8,250.0,247.6,250.2,259.0,260.6,262.8,273.8,267.0,265.0,256.0,256.6,257.8,255.6,257.4,258.0,266.4,268.4,267.4,,271.2,278.2,274.0,277.0,274.0,274.0,273.8,273.8,276.0,274.6,277.0,278.2,276.2,272.6,271.2,266.8,265.2,253.0,,257.4,255.8,258.0,247.8,246.0,238.2,238.0,234.4,235.0,236.4,237.8,243.0,245.8,246.8,242.2,244.4,242.2,238.6,236.2,230.2,226.4,224.8,225.4,226.0,227.8,224.0,228.4,231.2,230.6,231.0,231.0,232.2,232.0,235.2,236.2,234.0,236.0,237.6,238.8,240.6,242.4,245.0,246.0,246.0,248.2,250.0,250.4,251.4,252.0,252.6,249.0,252.4,254.8,253.4,248.6,247.6,251.6,253.8,256.0,258.0,256.0,253.4,249.6,250.4,247.2,251.0,249.8,253.4,253.0,251.0,249.6,251.4,251.6,255.2,255.6,250.8,250.2,251.4,251.6,254.4,255.0,257.0,258.6,258.2,259.4,260.6,262.0
HON,255.8259,256.5496,255.4169,246.796,245.548,248.3482,251.4525,249.3655,246.9743,246.4604,245.8311,242.8526,239.2973,239.0561,235.9203,231.3686,234.7352,235.6371,237.2417,236.8118,236.6754,238.2905,237.9549,239.161,237.7347,240.7236,241.9297,247.8448,244.8243,244.6146,244.2685,242.9995,242.4017,244.709,238.0703,235.2281,218.0073,223.1882,223.7651,225.2124,222.8631,219.7273,225.5165,222.2444,220.2202,223.2302,227.4358,227.0372,225.7787,229.827,228.6314,228.2014,226.1563,224.5517,227.5931,227.5302,228.7153,236.5391,244.4992,245.2019,242.1605,244.3629,245.4116,247.4148,245.3068,236.3293,229.5438,224.216,223.2512,224.667,218.0598,232.8264,238.0703,240.1678,241.678,243.6183,240.9858,236.6335,234.7352,238.8778,240.7236,240.65,231.35,227.31,222.28,229.15,230.42,223.0,221.22,224.05,225.95,223.3,222.5,221.17,225.96,225.0,227.9,232.46,238.0,246.89,244.5,249.8,245.44,241.88,240.52,245.47,249.62,248.62,248.96,240.55,245.76,242.32,231.0,235.5,232.39,232.31,229.29,226.9,221.09,219.38,216.01,216.51,216.52,219.68,221.45,214.74,213.17,210.63,208.36,207.06
HONA,,,,,,,,,,,,,,,,,,,,,,,,,,,,,,,,,,,,,,,,,,,,,,,,,,,,,,,,,,,,,,,,,,,,,,,,,200.0,297.5,285.0,277.7,273.99,255.1,245.0,258.45,229.75,230.0,220.85,212.92,229.99,249.01,237.93,230.59,225.67,222.78,220.67,213.05,203.15,211.7,207.52,207.28,202.86,200.3,200.59,198.29,206.33,208.85,215.9,205.29,202.31,203.99,211.03,219.42,155.0,156.24,163.35,161.99,168.91,166.8,169.69,166.0,160.87,165.95,170.0,166.77,164.6,161.89,160.51,162.16,160.85,161.0,158.29,154.31,152.44,155.0
IBM,236.35,245.75,249.32,256.44,255.38,253.26,250.01,247.1,247.67,247.87,250.51,254.16,249.43,249.0,246.5,246.45,243.6,240.56,238.85,237.8,240.27,242.12,243.0,248.14,245.32,248.63,240.88,239.19,233.63,238.75,242.25,248.75,254.67,255.0,254.0,254.51,232.27,231.93,229.95,230.5,230.34,226.53,234.55,232.0,230.16,228.75,227.5,229.73,228.66,224.43,218.27,215.55,218.2,218.55,224.5,221.05,232.58,262.05,254.55,250.46,261.0,277.3,322.55,313.75,318.3,307.43,300.0,286.44,281.14,273.82,268.0,278.94,272.0,270.87,266.35,251.38,248.43,261.58,261.84,267.67,258.94,274.3,273.21,279.66,283.14,288.35,305.66,300.77,285.84,297.26,290.5,226.37,220.97,208.82,215.62,210.07,210.72,207.68,202.64,209.28,217.75,219.73,227.7,222.0,221.15,228.33,224.76,236.1,229.61,235.38,235.0,236.31,236.95,238.92,238.37,231.59,229.73,232.26,236.0,233.71,234.37,230.0,230.7,232.8,238.3,232.73,231.0,230.55,234.38,233.33
IDXX,627.91,633.5,634.08,607.59,601.52,607.96,598.43,592.87,576.24,577.51,591.85,581.91,577.62,576.78,592.6,573.4,581.1,575.26,576.54,560.95,560.04,561.67,552.05,566.17,577.44,601.17,584.16,579.67,559.33,573.15,583.04,580.76,583.11,582.67,584.47,570.86,577.85,556.92,563.47,575.16,561.98,554.33,564.7,564.51,569.21,561.85,581.12,572.2,559.9,534.24,531.81,528.68,534.72,532.16,547.99,546.14,548.06,551.46,554.72,555.55,550.99,567.41,555.96,560.16,549.44,565.89,567.07,560.23,563.55,574.47,553.31,558.44,565.17,573.28,567.36,549.29,555.92,548.75,542.57,549.99,554.09,551.92,535.93,533.61,543.71,561.4,571.97,562.82,552.47,561.93,560.36,559.6,541.71,560.91,570.76,569.95,553.01,554.62,542.17,539.47,550.77,564.94,567.59,561.93,553.08,569.69,602.33,590.22,585.88,587.74,581.9,594.59,580.0,576.33,569.14,556.39,553.73,556.78,562.05,550.14,559.21,555.5,544.13,549.73,547.81,547.68,555.95,546.73,542.02,522.05
IFX.DE,,42.19,44.0,41.67,37.52,41.0,40.92,40.98,39.755,40.1,39.32,40.3,38.91,38.75,36.52,38.495,38.96,39.11,38.515,37.1,36.855,39.8,38.56,,39.285,42.09,42.49,42.895,41.87,43.695,44.44,45.37,45.98,47.715,48.465,48.6,51.12,52.7,55.0,52.92,53.48,55.3,,57.98,56.65,59.72,60.46,59.87,61.98,60.55,60.5,65.64,64.0,65.0,65.0,64.2,68.54,69.95,76.8,78.48,76.96,79.22,82.5,82.52,87.56,86.99,80.5,74.7,80.0,76.29,75.8,79.0,82.63,80.27,78.81,78.5,83.69,82.0,81.02,84.09,79.5,79.57,80.76,81.68,75.5,76.07,74.8,70.85,72.97,71.55,70.0,69.72,72.62,67.4,61.13,64.2,66.0,66.39,66.9,64.4,65.11,60.22,56.77,54.4,64.0,63.4,63.52,64.35,60.0,61.1,63.0,62.0,64.15,63.97,62.0,63.99,60.82,57.39,55.87,56.4,55.2,55.6,55.11,56.39,57.13,56.68,56.18,55.42,55.94,55.74
ILMN,129.69,130.9,127.66,126.74,124.25,124.32,122.0,120.27,116.1,120.0,120.53,120.35,121.54,127.52,126.22,123.11,126.21,125.27,123.0,119.58,121.98,123.62,124.44,127.3,127.0,130.99,126.03,125.07,121.39,126.79,130.34,131.82,133.47,134.12,133.2,133.22,128.46,124.65,126.93,127.97,125.9,121.72,133.22,135.45,139.58,139.04,141.37,138.0,140.67,143.5,146.14,149.45,141.46,142.22,142.28,141.76,141.02,144.69,144.61,144.74,150.1,159.96,160.85,161.24,162.89,171.8,167.58,162.39,158.76,166.16,162.47,167.85,161.61,166.89,163.24,161.31,161.83,160.6,166.12,178.24,176.07,177.39,180.97,175.83,186.76,189.25,193.92,190.31,188.93,193.34,188.52,189.17,191.44,186.13,188.34,186.84,180.03,190.0,193.02,198.0,194.35,190.66,193.24,196.0,203.28,204.14,199.26,203.5,196.73,195.67,186.69,191.68,192.01,194.0,190.05,191.01,192.13,193.51,200.3,212.4,215.98,224.0,220.78,225.49,224.73,213.74,212.36,208.62,213.24,216.74
INTC,43.44,44.07,44.87,44.67,42.74,45.41,46.82,47.4,45.97,47.91,46.08,44.2,43.99,46.95,44.5,43.54,45.85,46.3,43.62,43.72,41.95,45.0,46.06,50.88,51.91,55.37,58.4,61.52,62.18,65.16,63.77,64.93,68.85,68.45,67.14,67.94,66.1,82.2,83.67,81.28,86.14,95.6,93.2,99.18,100.51,110.98,111.02,111.81,130.88,124.36,124.1,114.66,109.79,113.47,106.98,116.22,116.58,120.34,122.1,124.39,121.45,123.85,109.43,107.45,116.42,108.4,106.48,111.0,112.99,106.03,113.52,117.42,129.49,125.11,121.85,131.81,139.12,129.73,133.05,139.73,128.71,127.0,131.99,135.0,128.92,122.57,116.3,108.3,114.87,109.58,105.98,107.98,109.3,101.14,92.14,97.58,103.19,101.55,101.14,100.36,92.46,86.62,86.57,86.51,96.72,88.4,95.24,99.3,98.22,102.33,98.26,96.78,101.33,101.51,104.48,103.55,99.22,97.41,91.87,92.71,88.86,90.06,86.81,89.91,90.27,90.0,86.84,88.85,89.35,92.45
INTU,414.59,432.95,439.17,467.0,475.71,474.01,458.1,440.4,431.93,445.32,455.08,450.57,452.88,444.49,456.0,451.37,438.26,423.8,426.49,419.39,428.24,431.26,430.94,419.92,413.62,416.8,380.2,359.79,354.5,373.63,375.0,400.5,396.25,393.9,407.82,405.51,385.0,381.87,390.05,398.0,396.69,382.0,402.2,400.26,404.63,390.0,395.38,395.54,392.52,395.06,383.2,371.66,384.67,391.83,419.06,384.45,312.29,307.72,314.47,301.59,307.96,317.03,338.7,329.88,319.52,319.81,303.82,295.2,299.1,286.68,279.86,276.02,277.76,282.2,279.85,261.0,259.42,262.34,258.12,256.27,260.32,274.05,263.47,270.14,269.25,271.92,280.53,279.17,260.63,278.17,278.7,273.48,287.6,286.0,295.1,284.51,280.06,294.55,289.1,286.64,304.96,305.73,313.46,317.0,310.43,324.35,311.19,327.31,319.7,327.0,322.82,332.27,331.79,336.95,362.0,339.08,348.01,349.32,363.09,364.94,366.47,364.35,323.47,353.54,347.82,356.05,353.1,346.31,351.93,341.36
ISRG,487.18,495.19,495.2,490.19,485.01,493.95,489.23,490.55,478.0,473.32,487.54,478.54,477.5,480.3,488.15,473.75,474.46,469.1,465.42,453.05,455.03,462.89,456.26,451.06,451.01,469.99,459.32,455.69,448.17,459.93,469.55,469.08,463.6,471.36,469.05,461.36,484.5,480.75,481.0,472.42,463.5,452.68,458.86,457.56,453.93,451.62,453.04,454.31,446.91,425.0,430.96,432.0,430.0,421.96,440.8,440.38,446.21,439.5,439.42,432.22,419.58,423.79,420.47,408.5,400.5,413.86,420.0,422.54,421.13,424.14,412.16,415.01,412.94,419.0,415.0,403.6,401.33,403.25,406.0,403.21,399.48,409.68,405.41,403.0,409.81,428.93,439.5,427.3,415.1,412.9,407.26,396.1,378.55,394.0,365.03,347.01,347.01,351.86,338.5,334.6,344.0,365.5,361.46,346.83,350.77,361.76,376.31,372.8,374.39,374.55,379.24,392.22,403.81,403.72,401.02,392.1,394.0,394.55,397.23,375.13,379.25,375.25,368.49,369.61,368.0,369.0,375.0,369.0,374.79,367.81
JNJ,246.46,245.75,242.63,238.12,240.87,242.3,242.87,241.46,244.21,243.92,243.58,237.87,238.34,236.83,237.4,234.14,236.8,240.0,241.19,243.49,243.01,245.6,245.11,242.65,240.78,236.64,241.3,242.0,237.71,235.01,239.94,237.42,234.36,234.81,229.35,226.18,227.25,229.03,225.77,227.73,225.52,227.95,229.06,225.51,225.39,225.25,224.78,222.94,221.32,223.0,225.82,231.0,230.77,226.71,228.94,231.69,229.32,233.0,233.0,229.98,230.03,231.23,223.2,222.58,222.45,227.09,230.0,232.77,232.38,238.85,240.0,240.0,239.0,236.37,234.03,231.78,228.95,235.64,239.89,241.27,248.27,253.19,259.0,253.25,255.78,260.23,264.89,268.6,260.63,260.19,257.95,255.53,250.09,248.9,252.59,252.01,247.45,252.76,255.24,261.43,262.55,270.0,268.5,259.03,256.01,254.97,254.41,255.25,261.71,255.89,259.06,261.23,256.0,261.73,260.65,258.87,267.67,273.0,273.4,267.83,269.74,271.0,271.97,268.45,265.78,267.13,270.83,274.74,277.32,275.13
JPM,292.29,299.99,297.98,286.34,285.5,289.29,288.81,282.83,284.67,286.34,289.0,286.83,286.88,288.08,294.31,286.17,294.15,292.58,289.14,284.74,288.47,295.39,291.91,294.06,293.14,307.97,306.95,310.0,307.47,309.82,313.95,305.35,312.47,310.85,317.49,314.85,313.52,311.15,306.88,315.2,310.57,307.07,313.95,310.62,307.71,311.45,314.65,308.25,302.1,300.02,302.27,302.25,300.21,298.0,301.09,296.7,301.23,304.68,308.49,305.0,297.57,296.4,297.69,296.5,299.92,305.74,314.29,313.25,313.51,312.56,309.56,315.97,323.92,324.3,332.18,336.95,329.7,329.47,333.07,334.96,336.0,328.28,328.89,328.37,338.02,335.0,340.98,336.53,331.46,337.47,338.34,327.0,345.85,349.28,339.03,341.8,340.12,345.07,346.58,350.64,357.89,357.3,356.5,347.54,353.3,353.75,355.0,358.97,362.81,355.76,357.96,360.05,362.97,366.5,363.0,361.94,362.34,363.01,357.6,354.07,353.3,357.0,356.5,354.68,355.67,355.9,355.73,357.55,358.68,361.0
KC=F,288.35,290.7,290.6,297.6,299.8,299.1,292.0,300.85,292.75,297.75,302.05,305.0,306.2,303.0,308.8,307.9,317.5,315.7,307.4,300.5,294.4,298.0,300.85,295.0,297.7,285.0,293.85,293.65,299.0,300.0,303.1,302.75,297.15,290.9,292.3,300.0,302.9,317.75,307.55,306.35,305.25,299.5,299.5,302.2,307.2,303.75,298.7,289.7,287.0,295.5,296.0,294.45,286.65,280.0,266.4,270.0,268.8,273.85,270.4,273.85,271.0,273.25,265.85,260.7,261.1,252.75,248.0,246.0,245.6,245.2,247.5,255.0,256.2,263.95,277.5,279.75,272.0,273.15,290.0,295.35,285.3,291.1,312.0,310.0,315.65,333.85,331.6,334.1,356.95,343.0,341.4,335.0,334.45,321.3,328.45,328.45,331.95,320.85,320.55,311.5,314.0,328.0,334.25,332.0,325.75,332.0,322.55,325.4,327.0,322.15,335.0,333.45,336.6,338.0,332.15,338.5,346.25,364.45,359.8,363.75,360.85,376.7,367.95,355.4,347.95,343.6,345.0,333.0,325.5,325.75
KDP,29.95,29.63,28.71,27.93,28.11,28.0,28.02,27.45,27.15,27.62,27.78,27.23,27.1,27.18,26.94,26.43,26.32,26.44,26.07,26.28,26.59,25.97,25.73,25.17,25.7,25.6,25.6,26.46,26.53,25.81,25.87,25.94,26.04,26.53,26.46,26.65,27.29,28.53,29.05,28.64,28.74,28.97,29.53,28.97,28.8,28.81,28.44,28.52,28.83,28.93,29.13,29.45,29.33,29.02,29.49,28.86,28.75,28.72,29.01,29.75,29.95,29.99,29.81,30.21,30.3,30.88,30.38,30.53,30.86,31.73,31.42,31.07,31.6,31.79,31.86,31.13,30.8,30.87,31.13,31.82,32.67,33.46,33.4,33.19,33.37,33.03,32.25,31.5,30.9,30.61,31.53,31.25,30.22,30.45,31.66,30.91,30.33,30.72,30.0,29.67,29.74,30.83,30.96,30.99,31.12,31.33,30.69,31.3,32.5,29.86,29.75,29.2,29.12,30.06,31.27,30.93,30.7,31.03,31.14,31.8,32.21,32.46,32.01,31.8,32.22,32.0,31.96,32.14,32.5,32.68
KHC,24.34,24.31,24.04,23.85,24.39,24.41,23.6,23.06,22.5,22.67,22.84,22.602,22.08,21.73,21.77,21.215,21.475,21.47,21.63,22.13,22.43,22.33,22.32,22.79,23.56,23.2,22.79,23.3,22.97,22.31,22.065,22.05,22.6,22.46,22.17,22.03,21.915,22.05,21.86,22.25,22.41,22.4,22.795,22.33,22.33,23.17,23.01,23.62,24.0,23.44,23.4,23.365,23.43,22.96,23.365,23.19,23.545,23.57,23.805,24.08,24.44,24.45,23.802,23.675,23.055,23.17,22.28,22.48,23.36,23.6,24.07,24.21,24.235,24.0,23.56,23.095,22.65,22.36,22.55,23.0,23.662,23.74,24.008,24.03,25.25,25.3,25.31,25.54,24.772,24.71,24.92,25.05,25.02,25.72,26.61,25.88,25.9,26.235,25.75,25.37,25.7,26.72,27.23,27.01,26.02,26.29,26.27,26.97,25.767,24.895,25.25,24.76,24.41,24.81,25.36,25.25,25.15,25.01,25.47,25.71,25.78,25.55,24.4,24.605,25.29,25.77,25.752,26.1,26.09,24.995
KLAC,147.563,146.63,145.334,137.292,132.293,142.11,145.9,146.5,141.715,145.39,144.672,147.932,143.764,151.152,153.352,148.484,157.431,150.391,143.66,146.9,141.708,148.421,145.417,152.278,152.362,166.619,166.989,174.762,173.464,178.875,176.6,171.858,177.126,179.163,181.4,181.299,182.438,185.278,190.973,177.898,182.956,168.8,173.3,172.05,174.53,178.469,181.731,181.663,185.275,180.243,183.594,184.513,183.075,182.088,170.868,177.7,182.895,187.499,193.671,204.663,195.63,192.99,189.855,196.65,204.827,205.385,204.304,203.0,217.0,216.643,221.337,237.6,263.57,254.43,244.95,251.77,265.61,248.06,242.11,255.15,246.77,250.03,280.28,285.52,266.0,246.32,217.12,215.78,239.02,224.83,221.55,237.4,235.96,217.76,208.45,217.45,220.25,210.66,213.39,214.51,210.82,193.27,177.63,186.86,188.0,177.97,191.98,195.47,189.59,197.98,204.78,198.67,210.1,208.52,206.8,206.89,195.47,196.44,185.56,189.44,180.02,184.58,183.41,185.01,182.04,176.86,172.74,171.76,169.47,177.9
KO,79.86,79.29,77.68,76.8,76.62,77.48,77.71,77.42,77.47,78.0,78.0,77.08,76.0,75.57,75.34,74.86,74.59,75.19,74.82,75.93,76.53,76.15,76.58,76.64,77.2,75.81,76.65,77.98,77.32,75.97,75.74,75.03,74.95,75.82,75.48,74.9,75.44,76.71,76.71,79.52,78.37,78.8,79.29,78.06,78.19,78.78,78.79,78.57,78.16,79.0,79.87,80.73,81.36,80.87,81.41,82.17,81.79,81.18,80.84,81.1,81.32,80.04,78.58,78.88,78.29,79.78,77.51,79.31,79.55,82.68,83.92,82.71,81.08,81.15,79.95,79.87,79.25,81.33,80.89,80.53,80.96,82.83,82.5,81.7,81.63,84.1,84.6,84.17,82.09,82.73,83.9,84.17,82.93,83.5,85.37,81.55,81.97,82.85,81.67,81.57,83.08,88.3,88.65,87.63,87.66,88.48,85.79,87.05,87.86,86.51,87.11,86.62,85.78,87.14,87.3,87.3,88.4,88.59,90.18,90.85,92.12,91.57,92.21,89.41,89.21,89.51,89.59,87.9,88.11,88.59
LIN,500.0,502.21,495.59,488.0,482.66,480.79,477.16,480.39,498.0,494.29,497.41,491.44,488.68,492.9,488.86,473.93,483.15,491.25,497.61,495.85,496.14,492.82,500.0,503.66,499.79,488.0,499.46,505.95,503.61,502.5,496.47,496.8,496.56,494.65,495.57,496.46,499.05,507.22,510.28,513.0,508.2,501.98,503.36,503.58,494.59,497.53,500.93,494.0,493.91,504.19,504.21,514.05,516.77,506.42,508.71,500.3,509.46,517.02,517.85,512.98,507.84,500.0,496.15,493.47,498.15,508.61,512.29,507.13,507.95,522.25,514.02,518.4,519.07,520.56,514.03,516.05,507.97,523.88,514.76,515.29,521.0,519.12,512.36,525.31,535.45,543.72,546.99,536.12,526.0,525.07,530.92,524.4,518.64,513.24,522.18,513.58,511.9,506.85,503.87,505.45,513.33,512.06,511.78,510.42,474.98,483.07,481.99,490.43,497.93,486.58,489.29,491.04,487.85,479.86,479.09,482.0,481.67,478.49,481.25,486.35,488.44,489.2,488.55,484.57,487.0,489.05,488.5,487.99,487.9,479.25
LLY,1015.0,1011.63,990.0,975.0,986.89,1006.0,1000.03,993.45,980.13,991.98,978.92,925.0,914.0,910.55,913.49,907.0,912.49,912.38,896.0,888.48,893.49,926.88,945.0,932.04,924.5,941.52,948.47,963.69,939.97,925.0,923.5,911.67,917.8,926.9,910.2,906.4,929.49,900.01,878.13,871.9,866.04,898.78,948.95,960.0,971.89,991.35,985.37,974.07,949.0,974.44,994.75,1017.49,1006.98,1000.61,989.51,1024.99,1024.3,1049.8101,1075.0,1072.26,1096.64,1127.0,1095.0,1067.37,1059.5,1108.6,1142.97,1159.0,1165.0,1152.5,1139.71,1165.0,1134.0,1138.8199,1116.7,1120.49,1112.24,1117.0,1129.41,1126.99,1128.8,1222.78,1228.88,1217.51,1193.01,1208.0,1232.88,1221.1,1211.64,1210.3101,1180.11,1166.01,1145.5,1162.27,1159.45,1179.65,1143.0,1173.91,1146.62,1194.35,1201.0,1217.6,1215.1801,1174.03,1148.51,1152.0,1117.38,1174.0,1196.55,1188.0,1185.01,1230.65,1201.73,1238.3,1194.01,1175.2,1200.0,1245.8101,1274.13,1232.0,1262.14,1249.0,1234.0,1182.25,1172.66,1168.47,1188.0,1164.15,1170.0,1150.61
LMT,682.0,670.0,662.1,661.65,675.58,657.95,645.32,651.95,652.67,645.23,644.96,641.11,639.06,635.86,629.07,612.95,612.5,619.8,625.7,621.03,604.5,608.82,616.7,623.11,635.6,612.27,627.99,619.28,617.87,617.0,611.0,610.71,604.33,593.6,580.29,575.88,533.91,525.0,514.05,518.44,513.97,511.08,517.95,513.41,520.0,508.95,515.03,508.59,505.0,512.5,517.47,520.74,521.36,517.81,527.51,526.63,523.24,524.86,536.0,531.98,534.16,536.24,523.98,514.5,512.25,517.74,520.0,523.0,519.0,534.25,528.62,547.0,535.42,531.26,530.25,535.56,508.5,498.83,502.94,495.95,505.25,508.5,504.0,517.0,529.0,545.0,546.0,537.63,522.5,516.42,525.01,518.36,514.83,515.0,519.0,510.63,501.0,515.79,545.0,568.59,581.88,589.0,585.0,565.76,574.11,583.5,587.19,593.0,584.31,581.11,591.77,600.31,595.49,609.78,603.0,605.5,600.07,605.0,586.67,571.48,563.5,564.14,559.0,564.81,567.97,563.73,557.51,545.65,536.0,529.79
LOW,253.48,258.01,256.4,250.56,250.12,248.92,250.07,244.24,240.85,240.71,242.44,237.08,230.46,229.24,231.56,230.36,237.34,234.17,235.29,232.74,236.57,236.76,231.13,229.8,232.79,244.36,241.0,248.46,243.84,246.88,247.8,243.83,246.29,250.8,254.17,252.02,244.86,245.13,243.35,244.05,237.88,234.48,238.35,231.63,224.5,230.51,233.22,232.96,228.0,228.96,223.0,222.78,222.31,218.42,216.01,213.98,217.75,217.22,215.98,215.07,217.0,217.03,213.0,208.06,203.57,212.23,208.0,208.77,209.26,217.89,216.51,222.77,225.0,221.9,222.97,219.49,217.5,213.85,215.78,221.57,222.54,221.22,219.69,222.76,223.52,228.0,226.58,217.08,213.32,213.12,212.99,209.31,207.77,209.6,217.95,209.56,203.92,203.5,201.75,202.6,211.3,216.16,215.95,214.35,207.75,212.0,211.75,218.04,220.0,218.82,220.25,219.0,219.55,218.29,218.52,215.75,219.26,217.0,215.96,218.72,217.33,216.99,215.09,208.53,207.99,206.0,203.75,201.0,201.0,201.03
LRCX,223.77,221.71,218.41,205.45,195.0,211.0,214.45,213.67,212.34,217.95,220.53,226.74,218.17,234.32,230.39,230.16,236.15,225.74,209.67,214.56,206.0,215.45,208.84,220.13,218.24,242.75,248.33,263.19,263.12,271.86,267.0,263.48,267.97,267.1,263.81,261.71,265.05,267.5,267.76,251.98,253.17,252.39,255.14,256.69,266.64,287.0,297.03,295.72,292.51,287.22,295.27,296.33,289.44,292.74,267.95,279.58,292.67,305.73,314.77,331.67,317.45,322.0,309.27,324.42,335.05,329.75,320.37,318.55,335.5,323.29,336.64,359.39,385.99,385.14,382.0,397.22,398.39,369.71,366.87,407.99,385.5,383.01,416.29,404.97,391.06,365.34,322.41,325.47,365.13,341.36,335.0,354.66,357.25,324.99,303.83,321.15,328.13,310.55,315.5,312.62,306.31,275.17,264.51,318.29,315.37,283.34,308.83,318.54,300.0,311.87,319.5,315.03,326.84,327.62,332.36,337.87,324.18,328.52,305.23,317.86,307.94,316.2,314.61,318.88,318.03,303.19,294.56,291.5,283.73,303.47
LULU,171.73,173.56,172.98,171.77,165.64,169.76,167.38,161.76,159.05,157.5,161.45,158.04,163.04,165.16,165.88,164.25,162.6,157.99,150.36,145.92,148.41,150.93,155.17,155.32,154.3,160.23,157.43,166.79,162.2,162.58,161.32,164.71,165.25,164.84,167.5,167.61,152.08,141.88,143.84,146.97,141.5,137.91,137.87,133.56,129.66,131.9,133.14,133.12,130.69,126.26,124.34,122.19,120.7,118.71,120.89,118.53,124.56,127.26,128.3,131.96,129.97,131.13,132.34,131.11,124.9,128.6,110.43,114.37,117.16,119.45,118.57,121.99,119.21,115.73,115.93,111.5,111.38,105.48,110.9,112.93,112.0,117.21,113.08,115.31,116.4,116.34,117.36,113.0,113.0,118.26,119.25,119.89,118.0,115.07,118.01,116.23,113.88,116.1,111.21,111.3,117.59,119.0,118.8,117.53,120.4,122.18,121.75,123.94,122.6,124.54,128.75,125.5,124.87,122.27,119.1,118.48,116.98,119.03,117.17,116.9,122.22,118.62,118.18,116.43,116.64,119.0,118.06,118.55,121.15,98.15
MA,513.61,524.16,521.1,519.64,516.27,516.95,513.08,500.0,496.56,498.62,510.55,503.75,490.52,492.47,506.05,495.64,501.29,500.51,499.45,488.03,500.0,502.23,488.13,493.75,498.29,508.0,504.46,502.01,496.23,508.0,516.0,518.03,521.5,520.76,516.93,512.07,507.37,499.0,500.76,512.25,529.99,504.5,506.0,495.0,501.03,499.14,492.7,500.13,495.0,500.61,495.61,491.28,493.5,491.49,507.56,493.5,496.0,499.11,496.0,493.01,493.34,494.5,494.25,493.06,477.35,479.56,484.0,486.76,483.89,497.47,488.66,488.88,490.5,491.86,502.93,494.77,488.16,488.83,488.08,496.0,488.58,502.5,511.9,517.25,529.73,540.74,533.84,531.11,518.03,527.26,530.71,534.99,538.54,541.5,550.5,540.0,543.76,538.94,527.98,531.46,543.18,561.03,555.06,577.36,567.68,580.0,566.99,575.74,573.21,572.57,561.11,562.71,557.56,565.61,567.95,565.24,563.87,571.5,572.07,574.55,585.0,596.87,599.37,593.76,593.95,593.54,589.65,584.0,590.69,580.73
MAR,322.6,337.93,332.2,324.98,317.12,326.05,326.59,320.17,318.38,318.24,325.6,326.0,323.5,323.08,328.91,323.37,326.19,325.52,323.11,320.0,321.17,329.64,327.42,328.72,337.27,349.06,347.51,354.32,351.52,358.94,365.8,364.93,370.49,375.36,377.34,376.02,369.84,367.45,364.0,358.64,357.39,357.96,357.5,351.16,347.39,363.87,358.01,353.48,350.54,355.0,347.72,352.18,351.9,354.66,357.96,359.19,366.62,368.21,369.85,378.57,384.9,385.56,371.33,376.7,373.83,383.2,388.11,392.51,394.0,393.8,389.0,399.39,406.43,391.5,396.17,398.63,394.56,384.46,389.52,383.54,379.48,378.57,373.57,369.95,369.88,373.23,382.15,378.15,371.8,372.82,375.7,360.78,363.61,370.49,371.14,369.81,370.79,367.53,363.67,365.58,378.11,382.64,377.25,380.0,377.01,359.44,344.79,348.31,362.01,358.84,350.1,348.97,351.6,356.58,350.72,353.94,358.35,358.4,356.61,359.02,359.37,360.61,358.07,354.59,358.16,348.7,340.54,336.04,333.27,334.22
MBG.DE,,55.87,56.18,55.77,54.5,55.38,54.84,54.68,54.4,54.75,53.8,53.75,52.74,52.12,50.0,52.3,52.21,51.94,51.95,51.33,51.89,53.76,52.1,,52.85,54.46,54.02,53.48,53.51,54.84,55.3,54.85,50.5,51.59,52.06,51.09,50.37,49.9,49.6,49.5,50.01,48.08,,49.09,47.805,48.845,50.53,50.12,49.7,50.04,50.38,51.14,50.78,49.635,49.815,49.33,50.06,49.95,50.53,51.03,52.12,52.94,51.9,51.6,50.93,50.08,49.18,47.535,48.24,47.705,47.415,48.465,49.33,49.195,46.88,46.59,45.11,45.065,45.05,44.46,44.635,43.6,43.29,44.2,44.0,45.575,45.785,45.05,44.31,44.19,43.855,44.05,44.94,46.35,45.8,45.12,44.97,44.725,44.645,44.085,45.88,46.5,46.815,46.735,46.845,47.185,47.76,48.4,47.44,46.985,47.0,47.005,46.665,46.1,46.18,45.9,45.7,45.12,45.21,45.155,45.0,45.0,44.67,44.265,45.76,46.945,47.75,46.68,46.285,47.41
MCD,330.09,331.74,329.8,326.29,325.8,328.34,327.03,323.25,324.98,327.84,327.34,323.77,315.99,309.8,313.47,306.39,310.06,310.75,309.75,308.7,310.23,310.17,306.83,306.06,310.27,307.16,305.19,307.3,304.22,303.02,303.27,306.58,307.31,312.15,305.55,302.05,302.5,302.29,297.79,292.2,291.3,290.55,294.7,286.32,284.4,287.17,287.83,285.0,275.83,278.2,274.5,277.8,276.0,275.82,283.4,280.29,281.05,283.0,281.02,280.24,280.01,277.78,278.12,273.33,275.77,277.8,274.4,278.11,277.61,284.32,282.84,286.0,284.23,288.0,285.5,284.38,277.0,273.89,272.17,272.69,264.77,270.19,268.2,270.25,271.8,280.06,283.8,281.27,276.06,278.21,276.02,272.0,268.0,266.75,275.0,269.75,266.52,265.7,261.58,263.79,267.5,276.21,272.63,270.49,267.12,275.71,270.33,271.64,276.0,274.51,274.14,273.23,271.93,277.38,272.33,270.22,267.47,266.35,267.57,269.3,272.15,272.46,268.5,265.49,261.33,265.0,262.75,261.96,261.57,258.01
MCHP,72.02,72.52,69.0,65.72,63.56,65.0,65.55,64.6,63.5,63.4,64.4,64.0,62.9,62.99,64.93,63.73,66.25,64.49,63.53,62.41,61.35,64.83,63.22,65.97,67.01,72.02,70.5,71.91,71.46,74.2,74.13,74.56,78.78,79.0,80.49,82.47,85.78,91.11,88.96,85.73,89.0,91.0,92.81,96.22,95.23,98.48,102.15,105.05,98.1,97.06,99.65,96.39,94.1,95.82,90.45,92.68,93.0,90.67,95.84,99.38,96.86,96.68,92.88,96.75,96.64,95.65,93.57,91.86,92.99,90.26,90.47,92.96,98.79,99.5,97.67,98.2,101.5,97.09,92.86,95.7,91.08,87.49,89.13,89.5,89.06,87.0,83.96,83.14,88.49,87.82,87.0,88.0,88.14,83.85,78.96,82.53,83.19,81.88,81.21,80.29,79.49,76.24,75.15,74.93,77.08,73.46,77.5,80.1,76.62,81.35,85.54,82.28,83.73,79.49,77.87,80.06,78.01,79.27,76.69,76.82,74.79,75.32,73.41,74.59,75.39,73.51,71.92,71.46,71.64,73.78
MDB,235.405,255.75,249.87,259.0,266.2,271.0,273.3,266.91,260.29,260.89,265.31,270.22,266.0,268.34,270.17,269.11,257.57,241.26,237.63,234.83,236.75,248.45,245.9,253.61,253.03,265.12,250.75,230.52,226.34,236.6,234.81,252.0,254.39,262.98,266.1,267.77,257.555,258.0,253.59,264.97,255.305,258.29,260.85,263.65,267.29,265.4,290.06,289.65,294.98,307.74,307.19,302.05,304.5,311.91,338.63,331.3,325.4,318.05,314.365,301.402,321.495,350.5,346.0,387.55,391.27,371.945,375.09,348.01,349.4,334.61,345.485,355.95,349.829,352.995,344.05,333.58,321.575,316.01,318.0,301.54,294.25,322.96,334.25,345.94,358.485,347.07,365.98,352.57,349.47,371.55,343.55,324.05,351.64,333.07,322.49,311.11,319.0,307.37,307.04,301.665,306.5,309.51,309.47,319.1,329.05,347.65,356.885,381.01,358.0,382.46,394.41,425.9,428.82,443.99,469.83,453.82,430.67,437.32,433.92,425.95,423.5,406.71,391.225,420.0,440.955,443.71,443.19,379.25,378.76,378.34
MDLZ,59.96,59.0,58.49,58.03,58.19,58.13,56.25,55.55,54.83,55.58,57.58,57.37,56.53,56.48,56.74,56.54,56.98,57.55,57.58,58.63,57.9,57.62,56.97,57.54,58.29,57.47,58.18,59.09,58.72,57.62,57.68,56.4,57.34,57.28,57.09,56.18,56.32,57.3,57.3,58.11,60.0,61.05,61.91,61.35,61.22,61.45,61.34,61.25,61.54,61.78,61.27,61.77,61.56,60.51,61.5,61.29,61.74,61.58,61.94,61.44,62.22,62.1,60.62,61.03,61.27,61.95,61.15,62.19,61.92,63.46,64.29,63.32,62.99,61.56,61.73,60.93,59.76,60.9,61.53,61.62,61.86,60.75,59.32,58.25,59.76,60.95,60.36,60.25,58.93,58.1,59.5,59.51,58.33,59.37,62.18,60.67,59.75,60.64,60.16,60.04,60.55,62.04,63.79,63.86,62.45,63.35,61.34,62.65,63.26,62.42,62.2,61.06,61.2,62.71,63.43,62.96,63.16,62.85,63.81,64.24,64.73,64.38,62.99,62.26,62.71,62.24,62.43,61.65,62.17,60.91
MDT,97.27,96.68,94.75,92.49,90.0,91.21,90.0,89.38,87.66,87.41,88.46,88.05,87.25,86.83,87.24,86.49,86.9,87.3,87.32,87.45,86.72,86.58,85.86,86.43,85.99,87.87,87.91,88.35,87.0,88.0,87.86,86.82,85.72,85.99,85.25,82.9,83.85,83.51,83.12,83.73,81.44,79.5,80.95,79.47,78.5,78.18,77.99,78.34,76.25,74.97,75.93,76.36,77.0,76.3,77.35,78.17,77.49,78.4,78.55,77.68,75.55,75.85,74.0,73.81,77.12,80.0,82.1,80.99,80.76,82.21,80.09,80.58,80.25,81.3,81.0,78.59,79.17,79.75,80.12,80.17,79.84,81.15,81.11,78.6,80.0,83.25,84.57,83.15,81.69,82.83,84.0,81.59,79.61,81.45,83.52,82.98,82.49,82.96,81.74,82.87,83.51,86.22,86.54,86.4,85.33,86.81,85.49,86.5,87.01,85.46,87.16,89.26,88.96,91.44,90.99,90.89,92.0,92.38,93.37,92.57,93.43,92.28,91.08,91.5,90.29,90.75,94.0,92.25,93.04,92.76
MELI,1688.88,1731.76,1769.7,1758.13,1742.71,1773.5,1745.26,1700.0,1670.8,1685.0,1733.33,1718.45,1680.02,1656.0,1662.46,1647.3199,1637.1,1624.77,1618.96,1608.05,1645.0,1740.16,1689.97,1706.58,1714.26,1822.79,1783.49,1801.0,1761.75,1841.0,1858.1899,1860.74,1850.1899,1855.83,1884.01,1871.74,1845.15,1819.4301,1832.84,1839.91,1767.75,1768.0,1799.4399,1847.16,1812.61,1830.01,1850.8101,1685.0,1641.33,1562.75,1533.13,1547.0,1591.0,1540.0,1583.89,1598.0,1632.0,1681.21,1657.99,1645.0,1705.0,1682.87,1700.45,1720.0,1652.01,1657.65,1630.1801,1606.08,1609.17,1628.0,1585.5601,1628.0,1618.1,1657.15,1674.08,1635.0,1633.5,1581.13,1583.0,1663.0,1619.98,1685.97,1669.1801,1715.0,1757.9,1764.13,1828.03,1800.3,1777.1899,1823.74,1856.64,1851.39,1873.0,1862.8199,1827.13,1819.39,1840.0,1818.09,1790.8,1800.71,1825.71,1839.14,1842.76,1845.01,1874.0,1916.7,1889.66,1923.25,1825.51,1820.55,1817.42,1850.0,1921.0,1840.0,1837.27,1823.39,1782.0601,1780.5,1897.76,1928.39,1926.75,1937.83,1995.39,1947.26,1941.99,1954.0,1900.0,1949.61,2025.0,1985.52
META,648.29,657.96,661.93,647.9,634.78,653.56,654.76,648.75,623.89,632.0,627.99,616.34,612.15,603.53,605.79,599.1,598.74,582.49,540.1,536.38,549.98,580.13,566.04,577.69,572.48,606.0,626.97,634.47,629.5,643.22,667.0,675.99,678.6,681.36,671.0,674.36,663.7,660.32,671.0,674.24,668.91,619.32,614.69,607.94,613.31,601.05,614.72,615.2,604.57,594.82,598.83,616.0,613.99,609.11,608.92,600.76,600.0,607.88,608.89,609.4,639.5,633.5,630.4,603.24,603.0,623.67,623.46,592.0,591.0,580.73,565.83,572.95,579.9,593.65,592.0,572.82,572.02,562.25,561.89,555.55,543.34,560.0,560.94,607.91,607.9,594.84,607.59,614.39,583.99,660.34,661.38,652.0,663.6,677.28,647.7,646.7,654.18,647.7,608.41,605.3,607.22,596.82,593.25,526.0,543.6,562.24,581.5,600.46,586.95,585.64,599.13,598.0,601.07,580.71,596.98,589.75,557.48,541.34,546.95,546.89,550.2,563.88,590.31,576.48,571.55,577.63,558.35,578.79,604.49,612.35
MMM,157.52,159.29,159.57,154.11,151.49,152.4,153.88,152.76,151.15,152.59,151.65,147.84,143.43,141.61,144.04,145.03,148.48,147.09,143.69,143.7,144.41,146.02,142.34,144.02,143.83,148.98,148.18,151.22,149.93,153.16,152.0,151.49,152.84,154.02,151.77,150.62,146.2,144.41,145.68,145.44,145.8,144.0,147.28,141.86,142.4,144.99,146.43,144.72,143.5,143.62,147.01,148.04,144.38,146.6,151.36,149.8,148.77,152.9,153.12,154.71,153.94,152.5,150.33,150.18,152.66,153.25,153.59,152.8,154.28,154.36,158.48,159.87,161.41,159.63,161.5,161.61,161.03,162.03,162.45,167.17,167.16,164.21,163.69,162.11,161.36,160.42,159.81,156.0,156.44,155.53,157.22,158.77,157.65,159.88,163.67,160.42,169.09,172.05,170.99,170.31,175.16,179.6,181.12,177.61,176.5,178.0,179.17,181.09,182.03,180.22,183.36,181.94,183.77,184.18,181.94,181.7,180.6,182.01,179.25,178.02,178.88,180.33,180.5,177.77,179.66,173.5,171.96,171.0,169.74,167.87
MNST,40.25,39.62,39.025,37.95,37.48,37.84,38.155,38.35,38.645,38.965,39.07,38.685,37.115,36.735,37.8,36.89,36.59,36.605,36.05,36.025,35.805,36.21,36.08,36.065,36.97,37.255,37.305,38.085,37.675,37.385,37.5,37.275,37.86,38.25,38.44,37.89,38.285,38.775,39.01,38.93,38.445,38.595,38.66,38.07,37.5,38.415,38.355,42.25,42.505,43.0,43.0,42.875,43.0,43.745,43.765,43.175,43.32,43.1,43.695,44.0,44.24,43.995,44.125,44.585,43.94,45.0,44.5,44.645,44.635,45.445,45.81,46.315,46.615,46.85,46.275,46.01,45.875,47.44,46.98,47.18,48.29,48.235,48.335,48.53,49.05,48.77,49.205,48.7,47.44,48.02,48.46,48.84,49.005,49.025,50.01,48.625,48.04,47.31,47.135,46.73,47.105,48.73,48.725,48.27,48.7,48.675,46.76,47.455,47.0,46.895,45.165,46.37,45.43,46.44,46.51,46.5,45.93,47.28,47.07,47.6,48.1,48.86,48.94,46.99,47.15,46.51,45.97,45.34,44.4,43.78
MO,68.43,68.63,67.65,66.89,66.51,66.89,66.95,65.89,67.95,68.26,67.81,66.3,65.0,65.3,64.68,64.69,63.05,64.03,65.0,66.89,67.03,65.36,66.0,65.71,66.72,65.48,66.06,67.47,67.49,66.2,65.25,64.35,64.16,64.66,64.6,64.84,65.5,67.0,66.76,67.0,67.49,73.85,73.24,73.75,73.19,72.02,69.5,69.16,68.7,69.25,70.29,71.63,73.02,73.24,73.65,74.0,73.45,73.69,74.0,72.48,72.47,71.2,69.67,68.49,69.4,70.71,71.27,72.14,71.29,72.34,73.24,71.69,70.08,69.94,69.51,68.98,69.17,70.93,71.65,71.39,73.49,73.9,73.59,72.49,72.24,72.35,73.16,72.92,73.28,71.84,71.84,71.93,70.0,71.25,74.08,74.05,74.37,73.34,72.09,72.29,72.33,74.74,74.78,70.7,67.56,68.38,67.78,68.25,69.3,67.15,68.38,64.88,64.47,65.0,65.19,65.28,64.9,65.31,65.99,66.81,66.79,68.21,68.39,68.2,68.08,68.64,69.38,69.6,69.75,69.15
MRK,119.67,119.43,119.11,115.16,114.98,117.24,116.76,115.47,116.92,115.34,115.78,115.06,114.66,114.25,116.17,114.7,117.3,118.96,119.29,120.57,119.03,120.88,120.37,120.41,119.56,119.6,122.9,122.96,121.03,119.03,119.8,117.13,115.56,119.15,116.49,112.61,113.37,113.74,111.22,111.52,108.55,109.34,112.33,111.41,113.67,113.15,113.51,112.38,112.15,111.5,112.25,113.63,113.9,111.43,112.56,114.63,112.79,120.55,122.9,119.82,120.26,119.65,117.55,114.5,115.45,117.16,120.94,120.85,120.03,119.78,120.04,121.5,118.71,115.88,114.86,114.64,113.97,116.53,120.9,121.63,125.83,127.65,129.22,128.01,126.18,129.31,128.77,128.34,125.48,125.12,123.58,123.3,124.25,124.33,128.45,127.29,124.8,127.32,127.82,131.44,131.01,132.88,132.37,128.2,128.92,129.87,128.46,129.41,130.96,127.84,128.29,129.93,130.25,133.86,134.43,134.95,137.24,146.94,150.78,149.12,150.72,151.0,154.35,149.53,146.72,147.0,150.23,151.5,152.8,150.83
MRK.DE,,122.25,126.3,113.8,108.0,110.8,110.8,110.5,108.0,107.2,108.35,111.45,107.65,108.2,102.2,102.85,104.4,105.65,106.8,104.9,107.4,110.45,107.9,,109.0,112.85,113.1,111.0,110.85,113.65,117.25,117.15,115.2,116.65,117.9,117.05,114.5,111.75,109.65,108.25,110.95,107.0,,109.75,109.4,111.7,114.8,113.7,112.6,111.05,120.0,121.9,120.55,116.25,117.55,120.0,124.0,128.1,129.1,128.55,128.55,131.75,130.0,131.9,131.7,134.0,138.4,135.55,136.95,138.2,136.1,136.7,134.9,133.0,132.45,132.8,133.45,133.0,136.2,140.5,145.65,147.5,147.0,146.95,145.4,144.85,143.7,140.75,139.55,140.2,138.5,138.05,139.1,138.8,138.15,135.4,133.8,134.0,137.85,139.45,141.7,140.35,144.3,143.7,143.45,143.95,144.3,146.7,147.8,145.2,144.6,143.85,139.75,140.25,138.9,136.5,136.05,137.4,137.1,137.8,138.7,139.0,138.95,138.15,140.5,139.35,143.25,139.25,140.05,137.6
MRNA,50.445,53.58,56.955,52.215,53.3,55.215,54.98,54.75,54.31,53.4,53.5,53.18,51.01,51.685,51.234,50.442,52.57,52.76,53.29,49.675,49.02,51.64,48.145,49.07,48.7,51.99,51.63,51.67,51.01,50.59,53.76,54.13,55.7,53.69,53.96,55.4,55.62,53.38,50.63,48.79,46.75,46.2,46.635,45.32,47.675,47.105,51.69,49.0,58.08,52.24,52.852,49.5,48.43,49.98,47.61,46.04,47.63,47.54,47.21,47.02,47.245,47.27,47.07,45.35,45.3,49.398,50.77,48.22,48.42,47.215,46.43,49.98,51.37,52.24,56.21,63.96,64.07,59.05,61.17,60.33,59.465,67.945,69.835,70.04,73.71,78.55,82.1,77.34,73.8,76.722,66.33,66.67,67.79,67.07,61.68,61.46,59.51,59.52,57.2,57.255,54.75,54.831,55.04,55.965,57.85,54.925,56.84,58.0,57.54,54.79,59.75,60.21,60.58,63.8,62.89,64.775,63.04,116.02,150.14,133.11,142.7,143.5,154.2,144.18,137.19,134.1,140.25,151.4,145.945,153.62
MRVL,77.85,78.7,78.9,84.72,87.93,92.57,93.6,89.85,87.76,89.15,92.3,90.8,86.27,88.9,89.45,88.84,94.08,97.96,98.78,95.12,96.4,100.82,102.3,109.45,108.38,114.0,118.96,123.66,129.97,136.11,132.39,132.26,134.88,147.51,148.7,153.66,157.94,169.87,162.13,147.91,153.77,160.34,162.35,165.48,168.28,172.6,171.2,164.69,163.67,165.46,169.09,180.88,173.9,181.77,164.61,183.45,192.51,194.72,211.24,217.98,198.75,204.44,198.91,253.46,317.63,282.95,299.5,288.69,299.76,263.5,260.54,270.07,296.71,299.13,292.89,305.47,313.39,278.82,281.95,291.18,268.37,272.41,278.75,282.47,269.5,254.82,234.92,225.16,246.18,237.79,228.78,231.57,222.16,200.12,182.23,193.01,205.56,201.15,207.86,202.91,198.72,180.0,174.03,178.38,199.38,180.52,210.01,215.98,205.57,219.05,227.77,212.0,225.9,217.68,221.4,227.75,220.52,240.13,237.57,252.39,229.22,237.38,240.0,253.44,225.26,216.3,205.11,205.25,204.35,211.66
MS,162.46,167.58,165.38,159.51,157.92,161.84,160.0,154.37,154.89,156.46,157.3,157.02,156.99,158.36,166.26,162.44,166.8,164.65,161.0,160.15,161.5,168.91,161.99,165.88,165.69,176.9,175.17,178.66,175.76,182.87,188.49,190.93,189.5,188.92,190.79,191.68,190.66,188.79,187.87,191.31,190.01,185.6,190.49,189.93,189.34,192.17,193.16,190.88,192.36,190.2,190.71,195.62,193.88,192.62,191.55,191.96,197.81,201.13,202.85,202.05,199.92,204.0,207.61,210.26,212.85,212.01,218.32,213.27,214.42,208.94,208.79,215.05,218.76,220.51,222.11,229.09,226.71,222.51,224.6,222.99,219.7,214.33,210.17,208.96,214.71,217.0,221.54,220.0,221.0,223.91,222.46,224.32,222.7,228.23,214.4,215.52,213.66,215.52,214.89,216.4,218.02,213.75,212.09,207.5,210.7,211.46,213.67,218.14,219.01,213.74,216.33,216.32,218.49,219.3,217.8,217.36,217.06,218.78,214.29,210.08,214.44,214.86,217.0,214.03,215.4,214.3,210.22,211.97,213.2,215.64
MSFT,393.14,401.27,404.42,409.2,404.92,410.03,405.57,404.63,401.0,398.07,400.27,397.13,390.1,386.79,383.9,382.36,376.92,370.82,361.9,361.9,364.55,373.49,367.21,373.49,370.34,384.98,372.5,372.98,373.61,387.92,398.0,419.86,424.82,421.15,420.24,426.19,419.89,416.97,422.38,424.57,424.58,410.81,412.8,411.54,415.32,408.0,420.11,417.39,407.87,414.48,403.2,404.48,414.27,416.62,429.9,414.17,424.75,419.54,416.43,411.01,412.98,432.55,464.84,446.88,438.45,435.81,428.34,414.14,409.03,398.55,395.21,391.43,396.8,395.79,390.25,377.82,375.74,372.38,371.57,362.77,357.15,377.5,371.03,380.83,384.48,387.04,392.49,384.03,374.45,387.8,387.75,382.82,387.8,398.31,394.86,391.41,398.81,399.58,389.97,387.05,390.08,393.16,393.4,437.9,450.0,476.13,480.9,496.36,488.55,499.21,503.44,504.33,499.99,493.27,496.36,490.14,481.54,480.07,483.3,479.88,483.21,485.44,487.85,494.88,505.33,510.38,497.52,499.85,501.66,510.0
MTX.DE,,346.2,358.0,350.1,345.1,350.0,350.6,351.9,340.0,333.0,335.4,335.0,331.0,318.0,302.2,311.2,317.1,317.6,308.1,295.7,296.1,321.8,315.6,,321.6,333.2,332.4,328.5,321.7,331.0,334.1,337.3,328.1,339.5,330.9,313.5,300.2,292.5,291.9,286.4,286.5,279.7,,292.0,284.6,289.0,315.6,312.1,300.2,291.0,292.8,288.4,283.7,267.4,273.5,274.9,289.0,291.9,314.0,304.0,309.0,318.0,311.5,307.8,296.3,294.7,300.0,292.0,301.0,302.8,297.4,316.7,327.6,325.7,325.0,332.6,333.7,334.5,343.9,359.2,358.4,357.3,358.8,365.0,365.9,378.6,375.0,362.9,361.0,364.0,357.8,350.0,347.5,347.0,340.8,339.9,336.1,337.0,339.1,334.9,351.1,352.1,359.9,358.0,362.0,368.0,372.4,374.0,376.7,366.7,368.7,374.6,375.7,379.7,379.5,382.2,380.0,375.2,365.8,358.0,356.1,355.5,352.7,364.0,361.7,355.2,350.0,341.2,342.3,344.4
MU,386.55,393.64,398.6,380.14,363.96,394.01,410.77,410.0,413.75,446.16,452.54,464.76,424.97,443.92,426.15,401.28,383.0,370.02,359.86,362.66,321.67,348.91,341.34,373.8,374.13,415.13,407.61,420.29,416.47,434.35,457.63,452.96,466.85,458.25,451.32,462.93,482.28,495.92,510.56,503.54,526.0,529.74,511.78,560.6,609.78,660.37,649.83,676.45,792.98,774.7,813.16,787.62,732.57,750.46,665.58,734.96,736.36,756.82,820.5,955.66,929.83,957.0,1009.72,1050.0,1079.01,1007.1,944.4,938.27,988.18,905.13,904.37,971.81,1055.89,1099.7,1061.3,1108.0699,1196.22,1080.0,1082.22,1233.0,1139.08,1128.7,1144.73,1082.01,1041.5,1007.0,923.01,902.64,1016.51,964.98,929.0,988.38,975.81,866.77,822.53,885.57,925.35,938.25,975.13,959.03,932.45,839.61,833.0,793.14,919.65,786.36,866.82,885.3,843.11,903.6,863.67,871.8,912.94,912.89,979.32,999.55,957.1,959.36,935.01,989.68,934.78,928.98,925.74,967.01,919.29,931.39,941.13,930.83,956.91,971.34
MUV2.DE,,528.6,531.0,531.0,529.0,531.2,524.2,524.4,533.6,534.4,539.4,553.0,535.0,532.6,514.6,522.0,526.0,519.6,523.2,524.0,536.0,542.4,536.6,,546.0,560.0,555.0,556.4,548.2,555.0,563.2,563.0,561.2,561.0,567.0,567.2,559.4,551.2,552.0,543.0,541.4,506.2,,508.6,508.0,515.0,520.2,506.4,498.8,486.9,471.9,463.2,469.6,470.4,486.2,480.0,484.8,475.0,474.5,474.7,465.8,458.6,450.1,444.8,440.4,439.0,443.7,450.6,449.0,458.8,461.7,461.7,461.0,465.8,467.2,465.3,472.0,476.0,470.8,476.1,475.7,477.7,485.3,488.2,494.4,499.1,500.4,504.2,503.6,502.0,506.4,509.8,508.6,508.0,513.4,513.4,516.0,505.4,501.8,509.6,513.0,523.8,526.8,522.8,523.6,519.0,521.6,515.0,520.0,500.0,516.0,516.0,514.6,514.2,510.2,513.6,519.0,522.0,515.0,515.0,518.8,518.2,518.4,514.4,518.2,518.6,520.8,525.6,524.4,525.2
NEE,91.35,92.56,92.3,90.55,90.27,91.71,91.54,91.2,92.73,93.9,93.58,92.26,90.65,92.74,91.04,90.29,92.41,91.7,91.22,92.71,92.26,92.73,93.04,92.93,92.87,93.08,94.0,94.35,93.85,91.69,90.17,90.8,91.06,92.08,92.5,91.36,92.6,97.24,95.86,95.87,96.58,94.59,98.0,96.07,95.93,96.13,94.32,93.88,94.0,94.7,94.1,94.78,94.66,91.12,88.95,90.02,88.97,89.71,89.13,87.53,87.71,87.02,85.89,84.29,85.66,85.04,85.08,85.71,84.11,85.29,85.27,85.19,85.53,86.25,86.26,85.77,86.89,86.0,86.74,87.69,87.93,89.0,88.28,88.05,86.69,88.18,88.11,88.15,88.27,87.13,87.75,89.24,89.88,89.2,90.23,88.98,87.68,88.59,88.81,90.91,89.66,89.39,90.02,88.9,87.82,86.75,86.13,86.9,86.71,83.89,84.18,84.49,85.49,85.75,86.02,85.85,87.05,86.54,85.38,85.2,83.95,84.01,84.16,83.52,82.92,81.08,82.7,82.56,83.54,83.7
NFLX,96.01,97.11,98.5,99.33,97.7,97.81,97.41,94.86,94.64,95.58,95.3,94.45,94.31,91.31,92.04,92.79,91.71,91.52,94.57,92.75,93.03,96.47,95.27,100.96,98.55,100.32,99.63,102.47,103.03,103.12,105.98,107.47,96.37,97.14,94.0,93.06,94.06,92.57,92.05,91.5,91.23,91.35,94.42,92.1,91.18,87.15,88.2,87.71,86.53,85.91,86.57,87.62,87.69,86.5,90.14,88.52,88.03,89.1,88.4,87.05,86.9,86.2,85.73,85.61,82.91,83.19,82.33,81.66,82.13,81.71,81.87,81.58,80.62,81.9,78.1,76.93,76.14,73.26,72.69,71.33,71.69,74.62,73.59,72.59,75.09,77.08,77.88,76.27,74.3,75.44,73.9,72.64,73.79,73.95,65.48,68.32,67.42,69.37,68.57,69.29,70.59,72.07,72.19,71.48,71.97,72.77,72.51,75.11,75.14,73.12,73.8,76.2,74.35,76.01,78.48,77.8,77.43,78.25,80.14,80.29,79.94,79.65,82.05,81.07,80.36,81.0,80.17,80.55,83.18,82.17
NG=F,,3.041,2.937,3.022,3.304,3.027,3.064,3.231,3.252,3.18,3.036,3.044,3.164,3.12,3.108,2.91,2.9,2.984,2.97,3.055,2.887,2.88,2.813,2.838,2.804,2.843,2.731,2.671,2.691,2.628,2.599,2.614,2.667,2.688,2.675,2.701,2.718,2.594,2.505,2.539,2.68,2.649,2.755,2.783,2.851,2.781,2.726,2.788,2.752,2.926,2.833,2.867,2.92,2.994,3.031,3.113,3.03,3.0,2.9,2.91,3.088,3.299,3.335,3.194,3.172,3.255,3.355,3.185,3.144,3.138,3.186,3.085,3.085,3.155,3.257,3.154,3.28,3.237,3.161,3.223,3.302,3.281,3.171,3.256,3.214,3.206,3.254,3.281,3.219,3.016,2.931,2.903,2.923,2.921,2.894,2.875,2.842,2.892,2.943,2.915,2.82,2.741,2.632,2.732,2.746,2.745,2.774,2.687,2.671,2.633,2.709,2.778,2.749,2.792,2.736,2.691,2.702,2.786,2.781,2.763,2.75,2.754,2.793,2.855,2.906,2.875,2.931,2.946,2.998,2.926
NKE,59.44,59.19,58.6,57.47,55.74,56.7,57.6,55.28,54.34,54.27,55.45,54.5,52.9,52.94,53.28,52.36,53.76,52.76,51.71,51.43,51.93,46.56,43.76,44.16,43.7,43.91,43.22,43.83,42.23,42.99,45.09,45.8,46.38,45.98,46.77,46.31,45.58,44.98,44.6,45.38,44.92,44.09,44.82,44.19,43.04,43.63,44.05,44.26,44.07,42.3,42.2,42.56,42.0,41.88,42.6,42.21,43.89,44.56,44.7,45.71,45.97,47.11,45.52,45.78,43.65,44.5,43.3,43.06,43.52,43.77,44.52,46.29,45.36,45.51,44.9,44.41,44.62,42.39,42.04,41.8,40.07,41.14,41.38,41.4,44.11,43.9,43.72,42.7,42.69,43.42,44.76,44.31,43.0,42.9,44.52,43.84,43.06,42.45,41.8,41.19,42.15,42.75,42.6,42.5,42.02,42.57,41.35,41.65,42.52,42.02,41.74,41.48,41.03,40.74,41.23,40.35,39.65,40.53,40.49,40.26,41.0,39.52,39.4,38.5,38.71,39.41,38.36,38.06,38.52,38.22
NOW,108.0,112.11,114.77,120.5,123.06,120.99,117.4,115.28,112.81,116.9,115.4,115.0,114.18,111.3,110.76,109.14,106.5,102.42,102.64,100.06,105.54,105.23,101.79,102.97,102.77,104.76,96.5,88.91,84.77,90.74,90.2,97.61,97.95,97.44,100.35,101.5,87.25,85.78,89.06,91.1,89.06,87.95,90.93,91.27,92.25,91.6,92.17,91.13,91.04,92.47,88.58,87.32,92.09,98.86,110.14,100.75,100.99,102.18,100.56,99.21,107.0,118.48,135.77,129.9,127.99,121.94,119.19,111.69,110.31,105.28,103.03,103.38,104.8,102.9,100.68,95.31,93.3,95.14,94.0,91.7,90.44,100.48,97.31,103.6,106.22,104.1,111.55,106.21,102.03,111.27,109.5,103.74,106.5,104.94,102.88,100.52,101.65,100.87,100.01,94.92,101.87,106.88,110.42,110.5,108.5,114.51,112.59,119.9,113.0,121.67,124.72,126.26,123.64,125.6,127.7,122.43,119.48,118.64,128.15,130.29,128.06,125.96,122.33,130.48,138.48,142.08,144.55,140.3,140.99,143.32
NVDA,178.49,180.44,181.17,179.84,176.83,182.4,185.91,184.05,184.92,182.97,185.06,182.48,178.01,178.0,177.26,174.83,177.1,176.07,170.0,168.78,166.97,176.0,172.18,177.16,175.73,184.5,181.84,184.31,186.03,190.84,196.54,197.43,199.9,199.98,202.13,200.99,202.46,199.96,209.65,209.49,212.7,209.93,201.28,199.5,199.3,199.89,208.34,213.03,214.04,218.55,224.93,229.85,229.76,229.87,219.62,223.18,222.29,220.9,216.54,214.12,211.28,214.58,215.73,227.18,221.72,213.91,214.53,210.18,210.62,204.43,201.49,204.86,208.92,211.18,208.53,207.33,211.44,202.17,200.12,200.08,193.12,193.85,197.24,196.2,197.14,194.42,192.37,195.18,204.46,202.0,208.54,208.2,211.96,210.17,202.64,205.87,207.54,205.81,209.46,207.45,208.2,195.0,195.85,193.45,198.44,197.69,211.3,216.86,221.53,221.54,223.4,222.17,221.04,225.06,226.77,225.98,220.45,221.67,218.36,218.42,215.53,211.03,212.64,222.86,227.36,218.87,216.75,218.79,226.02,231.09
NXPI,218.48,217.89,214.79,202.56,200.15,204.21,204.76,196.15,193.66,194.58,193.88,193.88,189.25,192.39,198.27,190.64,199.2,196.63,195.98,193.45,191.39,197.44,190.23,196.41,196.12,205.95,204.04,207.31,201.28,210.0,210.26,209.48,215.77,215.01,222.47,228.5,234.03,244.34,242.33,232.89,281.41,289.44,291.6,297.75,292.0,291.56,300.99,295.4,295.92,300.68,300.02,298.02,287.61,298.01,285.68,298.0,308.5,300.8,320.29,337.08,330.46,333.58,315.0,320.09,322.3,321.72,312.51,307.79,308.69,291.53,291.54,302.25,315.57,311.9,309.03,309.44,320.36,307.56,299.06,302.89,289.17,277.0,277.19,275.83,281.53,282.58,269.2,271.79,292.34,285.42,283.45,288.82,287.96,274.29,260.02,269.8,277.01,270.06,271.62,273.72,272.72,263.05,252.96,248.32,249.2,222.25,230.0,235.02,228.49,237.31,240.25,236.11,242.07,233.46,231.61,235.36,229.56,230.75,226.62,225.26,223.15,224.96,224.75,225.57,225.66,226.22,221.7,223.1,225.22,228.09
ODFL,204.31,213.67,213.39,203.57,190.77,195.69,194.38,185.0,179.33,183.34,185.98,182.82,181.14,182.4,189.81,184.71,186.11,188.7,185.94,189.46,189.75,194.67,197.98,198.0,203.11,205.23,206.37,209.5,208.01,207.5,210.09,206.89,216.28,216.21,223.93,226.55,223.82,222.89,220.2,224.03,224.77,209.76,213.48,200.03,193.7,196.57,200.23,197.76,197.71,195.94,191.14,189.63,197.74,203.23,203.64,206.09,207.35,209.0,213.26,219.28,217.21,219.25,219.32,226.71,235.0,239.63,245.52,244.96,247.58,230.84,237.5,247.81,243.38,237.61,230.93,221.27,222.49,222.37,219.68,221.57,217.69,216.85,220.05,220.69,218.98,217.32,219.93,216.37,219.85,226.37,229.53,232.33,230.22,229.3,235.42,234.36,234.8,234.63,235.0,230.4,232.14,227.1,221.64,223.57,214.37,213.14,212.93,215.07,213.81,211.37,215.26,211.33,209.74,214.44,214.87,207.89,212.03,210.73,203.48,207.54,208.36,203.18,197.71,197.17,201.92,198.06,199.74,186.61,189.75,186.25
ON,63.79,64.5,61.32,58.49,55.97,59.25,59.65,58.24,58.38,59.92,60.39,60.79,59.0,59.26,60.81,59.04,63.88,61.8,61.39,58.62,57.33,62.78,59.78,62.92,63.25,67.5,68.48,69.14,70.3,71.74,71.64,74.37,80.34,82.67,85.72,88.72,92.81,99.23,98.13,95.01,99.56,100.22,100.89,104.89,97.65,102.62,105.27,101.99,102.73,104.82,108.9,115.12,113.42,114.19,105.53,108.04,109.04,110.86,122.8,128.94,125.61,124.34,119.39,125.19,130.0,127.3,126.18,122.57,122.21,115.1,113.66,115.96,123.49,125.35,120.24,117.89,125.58,123.24,117.14,121.0,98.29,90.2,88.77,92.0,94.75,93.02,90.31,90.61,98.0,96.32,92.99,95.44,94.56,88.95,84.42,89.88,91.05,89.9,88.86,88.49,87.82,86.19,83.03,82.93,86.54,79.85,84.39,79.01,75.87,80.23,81.5,81.49,84.34,82.88,81.84,83.34,79.99,80.53,76.0,75.27,73.45,73.13,72.56,74.55,74.4,73.55,72.63,72.86,72.19,75.23
ORCL,144.75,150.01,152.59,152.92,150.7,153.62,166.38,164.66,159.05,156.06,155.44,153.4,150.46,153.05,151.42,153.0,149.23,143.89,140.93,140.04,140.3,149.09,142.78,147.44,143.78,150.3,142.2,137.32,139.77,167.93,166.89,176.42,182.93,176.81,178.35,186.18,180.4,180.51,172.58,162.16,164.04,162.02,166.42,176.02,182.13,186.2,198.61,192.58,192.15,192.92,189.03,188.18,190.49,190.0,186.0,179.94,189.01,191.67,193.3,191.48,194.04,209.0,230.5,242.8,240.48,227.0,229.49,217.75,213.91,198.5,179.67,185.01,187.39,190.01,186.16,183.01,182.31,170.23,162.48,157.35,150.26,153.94,147.25,144.49,143.3,144.3,143.72,139.06,141.42,145.65,139.03,132.0,130.56,131.48,121.7,124.27,122.81,126.18,123.96,122.47,118.0,118.18,119.42,122.87,130.07,131.92,141.01,145.0,139.25,145.32,148.26,151.2,152.81,151.98,155.84,148.45,143.25,142.7,144.3,143.72,145.12,143.3,147.0,152.11,153.6,149.31,146.75,140.26,147.27,159.46
ORLY,93.91,93.65,93.63,94.71,94.74,94.4,94.31,94.25,93.55,91.4,90.66,88.5,88.09,87.65,89.08,88.24,88.7,91.53,92.33,89.91,92.36,92.48,91.47,90.5,91.95,91.36,93.6,94.07,93.13,93.28,93.36,93.18,93.03,93.98,92.62,93.81,93.43,92.88,93.37,92.87,90.3,96.02,100.0,95.87,93.78,94.55,94.74,94.58,92.33,91.66,91.12,89.97,90.38,88.82,92.0,91.55,91.68,92.01,89.71,89.87,89.09,88.25,86.38,86.6,85.63,89.05,89.26,89.48,88.76,90.38,90.46,90.1,90.96,90.79,89.8,88.17,85.96,86.87,87.73,86.76,88.19,89.61,90.15,92.79,92.8,90.21,85.62,86.4,84.53,84.99,87.27,86.41,85.04,84.15,87.14,86.11,89.8,88.0,86.76,86.15,88.25,91.65,89.92,88.65,87.09,91.42,88.88,92.72,93.68,92.52,93.1,91.68,92.32,92.31,92.31,89.65,91.96,90.94,88.79,89.52,89.13,90.58,90.29,88.68,88.74,88.39,89.23,87.97,87.75,86.77
P911.DE,,38.95,39.22,39.04,37.6,37.67,38.2,37.23,37.2,37.2,36.71,37.09,36.8,37.0,36.0,37.47,37.96,37.3,38.0,37.39,38.01,39.51,39.0,,39.8,41.0,40.8,40.25,40.4,42.32,43.33,42.55,41.9,42.6,42.68,42.3,41.49,41.37,41.0,40.51,40.67,40.2,,41.03,40.18,41.99,43.0,42.0,42.88,44.98,44.75,46.48,46.61,45.7,45.62,44.18,45.6,45.8,46.02,45.56,46.33,47.69,46.89,47.15,47.63,47.64,47.8,47.56,48.17,48.35,49.57,49.48,50.0,50.5,47.2,48.48,48.15,47.15,46.0,45.21,44.14,43.3,42.51,43.9,44.15,46.49,47.36,47.13,46.44,46.22,45.0,44.25,43.32,44.55,44.69,44.87,44.78,45.25,45.9,45.4,44.6,44.13,46.17,44.0,44.59,42.6,43.24,43.52,43.51,43.68,44.09,44.5,44.76,44.75,43.98,44.26,44.74,43.79,45.02,44.71,44.9,44.22,43.33,42.96,45.34,45.66,45.45,44.37,43.93,45.3
PA=F,,1667.8,1660.0,1631.7,1591.5,1668.7,1624.4,1621.9,1554.1,1584.5,1614.0,1517.1,1434.6,1392.5,1371.0,1416.0,1416.0,1341.3,1390.9,1413.5,1471.2,1478.4,1491.4,1476.2,1442.0,1586.9,1553.0,1528.1,1526.5,1587.0,1578.1,1570.5,1590.4,1559.6,1531.7,1547.1,1484.6,1501.5,1477.7,1461.1,1461.8,1526.4,1539.2,1494.0,1505.0,1546.0,1517.8,1482.6,1513.8,1485.7,1531.0,1456.6,1422.9,1417.8,1360.2,1373.8,1383.4,1358.0,1388.0,1395.6,1391.0,1380.0,1353.5,1386.5,1372.0,1318.8,1286.0,1202.5,1213.6,1230.8,1234.6,1276.2,1346.8,1355.9,1349.1,1274.5,1257.1,1230.7,1161.3,1179.0,1209.0,1202.0,1200.0,1212.8,1261.9,1260.4,1270.6,1213.4,1243.9,1266.3,1242.7,1298.6,1283.2,1263.5,1244.0,1261.0,1279.5,1302.9,1255.3,1246.7,1289.6,1266.5,1245.7,1244.5,1275.6,1250.9,1355.3,1364.7,1372.9,1370.0,1377.2,1366.1,1370.2,1322.6,1322.5,1334.1,1291.2,1331.9,1336.3,1348.5,1361.8,1331.9,1325.1,1337.6,1353.0,1398.5,1348.0,1346.6,1421.5,1390.1
PAH3.DE,,34.0,33.9,34.1,32.95,33.5,33.14,33.25,32.65,32.24,31.98,32.34,31.75,31.72,31.0,32.0,32.43,31.6,31.08,30.92,31.0,31.67,31.35,,32.01,32.8,32.31,32.35,32.0,32.2,32.87,32.97,32.9,33.02,33.09,32.87,32.17,31.78,31.32,31.37,31.23,30.5,,30.67,30.65,31.32,31.76,31.61,31.6,31.9,31.8,32.22,32.0,31.62,31.6,31.39,31.7,32.0,32.32,32.52,32.91,32.8,32.36,32.2,31.6,31.28,30.81,30.5,31.0,30.91,30.6,30.94,31.63,31.25,30.5,30.46,30.75,30.0,29.96,29.67,28.47,27.86,27.24,27.08,27.3,28.55,28.74,27.98,27.34,27.33,26.96,27.0,27.0,27.79,27.55,27.11,27.35,27.29,27.58,27.18,27.71,27.75,28.87,28.96,29.07,28.98,29.0,29.43,29.16,28.73,29.08,28.55,28.52,28.14,27.85,27.54,27.34,27.14,27.77,28.0,27.86,27.67,27.34,27.06,27.97,28.57,28.61,28.07,27.26,29.56
PANW,149.07,156.06,159.13,162.32,164.08,165.5,166.65,166.28,168.9,167.74,167.9,168.05,168.86,169.19,164.43,162.09,159.7,152.24,147.55,151.95,155.03,161.45,159.9,163.37,161.58,173.9,174.14,167.6,155.58,163.37,164.49,168.6,170.48,167.01,170.4,175.5,173.37,174.0,176.86,184.11,179.6,180.85,182.0,181.64,186.0,180.44,190.77,194.85,207.79,213.64,213.04,227.55,237.83,238.91,246.96,236.21,241.34,251.12,258.17,245.62,249.23,256.32,285.43,287.46,285.0,269.86,278.99,269.63,265.3,258.81,261.0,276.94,280.55,283.2,279.46,285.6,287.99,285.72,289.62,289.01,295.15,309.83,327.55,345.55,351.49,338.96,359.87,336.8,318.34,338.48,325.11,330.8,356.81,357.06,347.0,354.72,349.44,342.98,335.58,328.09,331.51,317.51,319.38,316.03,332.34,336.49,351.6,373.87,350.13,365.5,365.38,384.2,380.9,394.12,396.76,383.25,370.34,375.26,354.12,352.4,356.06,353.77,330.46,358.56,377.26,370.0,374.62,346.0,333.31,329.66
PAYX,93.5,95.23,95.89,97.57,99.52,97.8,95.71,94.11,92.37,92.67,93.8,91.35,91.12,91.34,93.3,92.86,95.21,93.07,93.25,91.66,94.03,91.74,91.15,91.37,91.64,91.72,89.13,87.8,85.69,89.32,89.39,91.22,93.08,91.96,93.08,93.38,92.41,90.43,89.8,91.37,93.14,92.92,93.73,93.05,92.55,91.64,91.19,93.69,93.09,94.71,91.49,89.97,90.19,91.38,95.26,93.36,93.91,94.25,96.72,94.74,94.43,95.51,97.92,99.92,99.61,100.89,99.74,99.46,97.96,100.28,99.15,99.27,102.9,101.16,99.02,97.89,97.2,97.91,98.77,96.21,97.0,100.89,99.81,100.86,103.02,106.28,107.46,108.07,104.62,107.46,108.91,107.99,109.77,111.47,115.13,113.87,113.85,113.13,111.76,111.23,115.0,116.64,119.58,119.06,114.94,118.75,115.6,119.24,119.01,119.44,119.74,119.69,120.12,121.54,125.75,120.67,120.71,120.11,122.92,122.92,124.77,124.91,123.83,124.57,126.91,126.3,127.34,125.01,124.26,123.47
PCAR,123.05,124.56,123.19,120.87,118.79,120.27,118.3,117.33,117.82,116.23,115.71,115.43,114.42,112.62,114.55,113.11,116.97,116.09,115.19,114.01,113.77,115.78,115.72,117.88,117.68,120.3,124.18,127.39,127.19,127.01,125.24,123.1,125.85,126.11,128.19,126.54,126.46,126.61,125.71,128.3,119.6,118.46,118.7,115.29,114.82,115.49,116.26,114.46,114.16,112.81,112.46,112.45,112.08,110.9,110.97,109.53,110.74,109.51,110.97,112.61,111.6,110.16,108.88,109.82,113.3,115.82,117.62,117.26,118.63,119.43,114.65,118.25,120.64,121.34,120.3,118.41,119.3,120.03,117.4,117.86,121.0,120.24,119.6,120.07,121.24,120.91,125.55,123.66,122.56,122.92,125.42,124.45,124.42,123.71,126.42,126.79,125.52,127.0,130.64,130.72,132.82,131.94,137.65,134.93,136.21,134.33,129.78,135.3,134.87,131.76,133.03,131.0,133.11,131.67,130.09,130.16,131.05,129.05,126.75,130.4,131.84,130.83,129.95,128.29,127.77,124.94,124.0,122.6,122.93,125.28
PDD,100.5,101.65,100.63,101.61,101.01,103.53,104.63,102.53,102.53,104.62,105.17,103.72,99.5,97.0,97.0,96.53,100.92,102.09,100.53,99.83,98.61,102.67,100.56,100.94,100.41,102.51,102.88,101.3,100.02,101.78,102.36,103.8,107.79,102.8,103.43,99.43,98.75,97.8,97.86,98.2,97.31,97.55,99.81,99.72,98.25,97.22,100.78,100.82,98.58,98.62,95.75,97.81,95.25,95.83,95.06,97.14,96.57,93.01,95.0,88.69,84.3,83.03,83.83,89.81,87.4,85.58,85.17,84.75,83.16,81.75,80.42,81.86,81.56,82.2,81.07,79.31,78.57,76.95,75.67,74.94,72.04,77.74,75.98,76.65,81.19,82.45,83.03,83.97,83.58,86.36,84.9,84.5,84.69,86.68,84.33,84.96,85.97,84.13,83.25,83.06,84.2,85.0,85.6,86.54,87.63,90.0,89.44,91.84,90.1,90.99,91.6,91.52,89.78,88.31,84.27,86.64,87.26,88.44,89.19,90.03,90.95,86.65,87.83,86.48,85.21,85.2,83.21,82.54,82.38,82.46
PEP,166.54,165.04,162.16,158.25,159.17,160.7,160.31,158.87,159.78,161.36,158.83,155.25,153.75,152.45,152.3,150.45,151.3,151.93,151.14,153.82,157.67,153.55,154.66,156.41,156.18,151.88,153.7,157.16,156.99,154.51,155.02,155.54,158.26,158.74,156.74,155.08,155.16,155.93,155.53,156.8,155.59,155.98,159.55,155.9,154.05,155.8,155.01,156.75,154.39,150.54,150.69,149.5,149.56,149.99,150.3,149.57,149.29,149.41,149.71,146.27,147.77,145.14,142.59,141.54,141.79,144.86,141.56,140.92,141.53,143.95,144.86,143.8,143.02,146.87,145.51,141.05,141.28,143.68,142.02,141.99,140.52,141.97,138.81,137.21,143.24,144.24,146.99,146.0,137.09,135.86,138.02,138.25,135.09,137.04,140.89,137.57,134.9,136.36,134.7,135.53,137.07,143.21,143.28,141.1,139.53,141.08,137.77,140.23,140.09,137.54,138.52,137.01,137.52,139.41,140.62,139.71,140.36,140.87,141.74,142.67,144.91,143.73,142.69,140.56,140.66,141.04,141.19,140.27,140.32,137.74
PFE,26.72,26.77,26.39,26.54,26.91,26.82,27.2,27.11,27.02,26.7,26.82,27.14,27.29,27.41,27.03,26.6,27.18,27.25,27.73,27.42,27.99,28.27,28.5,28.19,27.66,27.25,27.21,27.32,26.83,27.2,27.18,27.21,27.33,27.59,27.52,27.35,26.76,26.69,27.06,27.53,26.36,26.39,26.6,26.24,26.59,26.56,26.51,26.16,25.79,25.82,25.8,26.07,25.75,25.32,25.3,25.76,25.77,26.0,25.87,25.85,26.17,26.19,25.9,25.6,25.43,25.67,25.85,25.97,25.73,25.8,25.79,26.29,26.25,26.05,26.03,25.58,25.22,24.99,24.8,24.19,23.74,24.29,24.43,24.15,24.15,24.16,24.05,24.05,24.11,24.35,24.28,24.37,24.34,24.94,25.4,25.09,24.76,25.18,24.89,24.62,24.57,24.97,25.35,24.84,24.82,25.15,25.04,25.5,26.01,26.22,26.59,26.94,26.39,26.49,26.66,26.76,27.15,27.6,28.0,27.77,28.1,27.92,28.44,27.97,28.0,27.85,28.82,28.79,29.09,28.58
PG,162.19,159.44,156.94,153.66,153.15,155.49,155.23,152.21,151.37,151.86,153.01,149.31,146.22,144.99,146.15,143.33,143.74,143.69,142.72,143.04,144.82,143.92,144.09,143.01,142.52,143.15,144.39,146.89,145.0,143.24,144.36,143.2,143.41,146.06,144.62,142.5,143.4,152.01,147.42,150.03,148.3,147.09,147.87,146.06,143.38,146.4,147.99,146.55,145.79,144.35,143.15,143.18,143.4,142.1,142.47,141.45,141.88,143.87,144.51,143.46,146.7,145.52,141.52,140.12,140.93,142.7,142.22,145.79,144.67,149.91,148.7,149.38,148.76,151.51,152.38,150.87,150.11,149.66,151.99,151.57,150.34,148.73,147.53,146.53,148.58,150.68,152.66,150.96,146.77,147.1,148.08,148.37,145.28,149.49,152.86,149.56,147.86,149.5,146.14,146.45,147.85,151.5,141.38,143.76,143.51,145.85,144.04,147.85,147.82,144.9,144.73,145.41,144.05,144.59,144.33,143.64,143.28,144.3,144.47,143.02,145.24,145.73,145.28,143.7,143.25,143.44,145.76,146.42,147.68,146.47
PL=F,,2154.7,2130.0,2142.3999,2169.6001,2235.0,2205.0,2160.0,2036.6,2070.7,2131.8,2052.0,1910.0,1970.6,1860.3,1892.0,1925.2,1838.3,1870.6,1843.3,1870.0,1959.1,1890.3,1958.2,1940.0,1974.2,2004.0,2036.0,2033.0,2078.3,2126.3,2094.1001,2124.5,2074.0,2024.3,2072.6001,2003.0,2015.0,2008.3,1942.3,1929.9,1891.9,1996.6,1946.9,1960.7,2058.1001,2068.2,2042.0,2115.5,2110.0,2133.2,2083.5,1981.3,1968.1,1933.8,1949.8,1955.1,1931.6,1942.2,1914.2,1899.4,1922.2,1922.4,1937.4,1868.7,1894.0,1792.0,1749.4,1708.6,1688.0,1682.1,1709.2,1770.0,1812.1,1790.7,1705.2,1670.3,1660.9,1580.6,1601.7,1630.9,1612.1,1574.1,1531.3,1625.1,1664.3,1651.2,1627.0,1620.0,1618.1,1602.2,1635.0,1631.5,1645.5,1610.2,1592.2,1626.1,1643.2,1599.1,1593.4,1620.6,1630.0,1590.1,1612.1,1650.3,1618.0,1747.3,1737.4,1729.0,1750.1,1744.5,1745.8,1761.1,1725.2,1750.0,1781.5,1726.4,1802.6,1831.0,1887.3,1880.1,1852.6,1835.7,1845.3,1853.0,1788.4,1761.5,1759.8,1828.4,1821.0
PLTR,142.1,148.43,152.94,150.44,155.69,155.99,151.38,153.01,153.3,152.45,152.405,154.945,153.1,155.2,153.24,160.07,157.42,153.055,145.88,143.27,140.02,147.0,143.485,148.36,146.882,154.765,139.395,128.48,130.23,134.427,136.79,144.29,145.315,145.0,146.81,148.36,149.7,142.96,141.25,142.3,139.76,138.475,143.25,147.75,140.295,133.71,135.1,135.865,134.91,136.6,134.006,129.65,132.8,132.5,135.17,134.145,135.8,137.425,136.16,133.3,133.16,147.825,159.98,156.69,149.7,145.46,140.325,135.68,134.87,129.325,128.78,130.915,130.02,134.59,131.76,130.84,125.74,120.15,114.12,111.38,109.04,116.23,114.95,120.05,128.99,127.24,133.73,129.49,127.72,132.14,127.295,123.61,134.34,133.08,131.785,131.88,133.83,132.22,125.935,125.165,126.155,125.84,124.0,121.14,122.29,126.7,145.145,162.0,155.87,160.07,171.01,174.18,174.07,173.4,179.48,174.06,171.97,172.61,175.88,173.98,177.39,176.63,170.6,178.75,184.95,184.495,182.98,176.99,172.5,180.01
PM,183.06,177.5,176.9,168.52,169.5,172.57,172.01,164.26,173.5,176.51,176.15,171.0,164.22,163.53,164.16,162.98,164.56,165.5,162.76,165.71,166.48,161.5,157.35,158.1,160.38,156.77,159.36,161.82,160.47,160.16,158.99,156.81,155.16,159.09,157.14,157.85,164.71,167.93,163.05,163.28,164.14,163.43,165.98,166.39,168.59,169.44,169.91,171.83,173.04,183.79,187.49,188.23,192.51,189.43,191.0,189.36,188.19,187.6,189.78,182.5,182.02,176.65,175.64,170.15,173.95,177.89,176.77,178.41,175.04,180.94,184.57,181.0,182.0,182.31,182.47,179.58,178.05,177.67,178.89,176.13,179.93,180.61,181.73,180.82,181.03,182.75,189.19,187.29,186.58,181.57,181.72,180.68,176.45,182.47,191.99,192.8,191.8,192.03,191.95,192.59,193.0,198.76,201.0,193.2,190.08,192.4,186.0,188.31,191.15,187.28,188.0,185.11,184.28,187.93,188.95,188.57,187.03,188.71,188.83,190.97,190.24,190.87,195.0,191.89,191.15,190.78,190.35,187.36,188.65,185.03
PYPL,44.73,46.05,46.485,47.17,46.05,45.61,45.45,45.3,44.205,45.25,45.84,45.615,44.195,44.33,44.72,44.945,45.08,44.48,44.72,44.0,44.74,45.29,44.02,45.724,45.09,45.99,45.81,45.915,45.102,47.94,48.515,48.39,50.345,50.68,52.01,51.0,50.745,49.8,50.378,49.77,49.41,49.802,50.57,50.5,45.37,46.685,46.43,45.62,45.215,44.94,44.96,45.34,44.79,44.27,44.38,43.595,44.19,44.3,44.2,44.568,43.71,44.54,44.53,44.615,44.34,43.42,41.89,41.26,41.165,41.0,40.51,41.295,42.358,42.71,43.59,42.2,42.605,42.13,41.68,42.7,42.28,44.635,44.57,43.86,44.405,44.45,45.43,45.09,43.87,45.95,46.9,46.7,54.845,55.41,56.49,56.49,56.04,55.98,55.475,56.308,56.36,56.76,58.1,57.4,57.11,58.128,57.2,59.068,58.29,59.69,58.335,58.55,58.15,59.75,60.52,61.01,60.205,60.565,61.1,62.29,61.62,61.24,61.825,61.98,53.735,53.39,52.21,52.57,54.81,56.125
QCOM,138.27,138.22,137.59,134.17,133.49,134.7,136.45,133.47,131.15,131.07,133.52,130.73,129.14,131.31,133.15,128.34,130.16,128.79,129.89,127.45,128.4,128.0,125.23,126.56,125.07,128.65,127.26,128.8,128.0,132.2,133.44,131.79,136.69,136.41,138.12,136.64,136.0,145.61,156.31,145.08,151.45,172.05,179.13,177.22,167.65,195.18,190.67,213.0,232.01,229.84,216.63,208.51,201.65,206.77,196.86,197.0,202.78,214.43,240.72,245.43,236.0,250.19,233.33,232.0,235.02,239.45,237.65,221.03,216.46,199.46,190.92,201.85,219.77,225.83,219.04,220.71,222.93,207.34,202.57,219.43,201.7,193.03,188.99,183.59,182.17,178.13,179.0,180.52,192.47,187.51,185.06,189.33,180.0,173.08,166.64,175.55,175.49,170.71,171.18,169.69,169.77,164.9,162.58,146.55,152.96,146.2,156.98,161.3,155.42,163.07,168.16,163.75,166.89,163.34,165.63,166.25,157.89,163.03,163.15,162.92,159.4,160.34,160.1,165.16,164.59,164.79,165.47,166.04,168.5,169.98
QIA.DE,,40.73,39.77,39.74,38.965,37.32,36.725,35.975,36.13,35.665,35.57,35.9,34.83,35.21,34.245,34.185,34.405,34.62,34.975,33.81,34.75,35.22,34.525,,35.195,36.0,35.54,34.815,34.505,36.155,35.975,35.15,35.065,34.87,34.755,34.355,33.925,32.405,32.53,31.135,29.275,28.325,,29.165,28.885,28.99,29.6,28.54,28.08,27.8,28.975,28.285,28.345,28.195,28.7,29.51,30.28,30.295,30.615,30.365,30.885,31.76,31.22,30.915,30.175,31.315,32.28,31.45,31.55,32.32,31.74,31.99,32.38,32.05,32.015,31.995,32.195,32.235,32.88,33.775,34.175,34.855,34.225,34.18,34.76,34.89,33.885,33.58,32.82,36.73,36.41,35.8,36.315,36.16,36.32,35.9,35.0,35.665,35.4,36.355,37.45,36.28,36.845,35.43,35.51,36.16,37.18,36.95,36.0,37.0,36.91,38.155,36.815,37.485,37.55,37.06,36.915,36.78,38.095,37.92,38.05,35.86,37.7,37.1,37.35,37.49,37.475,37.365,37.755,38.015
REGN,781.01,767.05,780.0,755.01,759.86,781.67,769.17,764.06,754.55,750.0,763.53,751.22,744.5,738.17,745.0,728.51,744.67,749.4,756.65,743.83,757.47,775.0,767.04,766.83,758.4,765.26,764.15,771.48,747.74,744.97,758.67,749.56,754.74,750.0,746.2,751.48,750.99,760.0,745.47,751.37,705.11,693.08,703.02,702.56,710.73,703.33,718.5,709.29,714.99,716.39,721.29,719.0,712.69,615.93,630.49,634.32,645.0,639.24,642.45,634.8,630.15,620.11,607.54,596.52,600.79,628.07,632.26,638.04,624.17,619.07,604.31,613.11,613.35,615.18,615.16,612.07,604.46,607.92,621.63,623.16,623.64,635.99,630.95,629.9,630.52,657.96,663.18,669.11,660.8,670.06,661.63,658.0,656.11,666.28,676.05,674.72,672.55,676.43,646.48,658.29,661.77,676.93,699.38,701.9,726.69,769.54,753.76,767.98,777.85,774.47,781.72,808.8,790.55,802.21,802.35,801.76,814.0,817.17,831.7,835.74,834.51,829.22,827.78,806.18,809.4,782.44,808.86,826.24,858.19,840.06
RHM.DE,,1568.5,1650.0,1552.0,1581.5,1616.5,1620.0,1536.0,1551.0,1620.0,1624.5,1636.0,1607.5,1572.0,1461.5,1492.0,1493.5,1474.5,1425.0,1345.0,1409.5,1488.0,1543.0,,1580.0,1591.0,1552.4,1547.4,1450.6,1498.0,1483.4,1520.0,1485.0,1489.6,1479.6,1437.4,1410.0,1390.0,1321.2,1354.6,1364.0,1322.0,,1393.0,1390.0,1447.0,1422.0,1318.8,1223.6,1166.4,1165.6,1137.0,1140.0,1134.4,1198.0,1206.6,1229.0,1222.8,1243.6,1233.0,1226.0,1286.0,1296.0,1215.0,1180.0,1194.2,1187.0,1196.4,1194.0,1211.0,1206.8,1238.0,1192.8,1157.0,1145.0,1176.8,1200.0,1189.4,1075.0,949.0,936.2,950.0,975.4,1006.0,1061.8,1087.6,1140.0,1109.4,1070.0,1001.8,993.1,958.0,955.0,970.0,948.7,988.7,996.9,1007.0,1011.2,1025.0,1046.0,1065.2,1091.4,1155.6,1149.4,1152.6,1190.8,1206.8,1161.2,1159.0,1154.6,1146.6,1143.0,1179.2,1180.0,1210.0,1217.0,1214.0,1181.2,1149.0,1155.4,1120.6,1115.8,1148.0,1174.4,1153.6,1104.2,1074.4,1088.8,1067.6
ROP,348.56,356.46,362.0,365.71,363.79,362.51,356.55,352.47,349.83,350.67,353.55,350.4,352.14,352.1,354.9,350.59,348.82,346.98,349.89,345.74,352.52,351.47,360.11,357.06,359.64,359.84,353.26,349.32,343.57,356.06,357.63,362.58,367.69,360.7,361.94,363.0,379.42,364.87,352.86,356.85,353.28,352.05,359.37,356.81,354.81,354.31,350.26,349.9,339.77,331.23,320.57,315.59,320.08,320.71,334.11,325.13,319.95,323.1,323.41,320.3,316.62,318.57,330.08,338.58,334.25,340.55,335.41,330.96,331.82,335.28,329.83,331.36,334.33,333.41,332.02,328.53,327.79,331.15,329.51,329.04,334.46,342.22,333.21,346.85,357.35,360.12,374.49,360.43,348.91,358.22,358.84,353.34,347.9,352.25,363.84,360.76,356.36,350.69,365.74,362.47,369.41,385.0,392.74,397.66,385.08,400.97,391.98,397.42,397.5,400.32,397.75,399.48,389.89,397.39,400.95,393.27,398.82,395.9,408.01,409.95,414.0,412.32,407.44,415.25,422.74,422.0,420.97,423.06,421.78,418.41
ROST,198.75,214.75,211.49,213.01,209.98,211.05,212.7,210.43,209.6,206.82,209.34,208.2,207.11,209.54,213.42,211.9,215.62,216.33,213.58,211.69,211.5,217.74,218.16,219.19,219.99,219.2,223.7,224.4,221.57,220.35,222.95,223.35,224.12,228.0,228.55,227.15,228.26,226.03,226.33,227.68,225.06,226.8,225.61,228.15,227.33,228.09,229.68,225.66,225.31,214.8,217.0,213.11,213.26,214.09,211.0,214.5,216.37,228.96,236.29,236.0,232.14,226.65,227.99,222.97,224.47,233.16,232.9,230.35,228.99,229.45,234.94,241.36,240.03,236.51,234.5,235.35,235.41,233.11,228.04,228.59,214.88,211.02,208.47,212.66,211.33,214.02,214.44,215.04,218.45,220.76,224.77,219.04,220.66,226.71,231.92,235.48,237.36,237.65,237.3,232.7,241.86,245.15,250.83,250.94,252.78,256.25,252.91,251.82,253.75,253.36,255.02,253.14,249.63,249.17,243.21,244.89,235.49,233.59,229.55,243.85,238.08,241.5,242.5,232.72,231.81,228.48,225.81,230.41,228.87,231.34
RTX,213.01,207.0,208.49,204.01,211.76,206.36,205.66,206.18,204.46,204.71,205.81,204.31,203.33,201.26,197.17,192.22,196.05,194.31,192.41,192.49,189.14,194.47,195.08,196.23,197.41,198.6,203.22,202.82,201.75,201.35,202.99,198.41,195.58,197.8,194.61,187.75,181.36,177.78,172.3,175.25,175.56,173.64,176.23,174.0,173.92,174.79,176.54,176.22,175.16,178.6,177.77,178.11,175.52,171.68,176.29,175.47,174.59,176.74,178.0,178.49,176.8,178.91,177.44,173.89,173.01,176.54,179.17,180.49,178.96,183.0,178.02,184.69,183.86,184.25,188.75,194.0,184.59,183.0,187.43,185.0,187.28,187.61,189.0,190.48,194.77,200.0,203.54,199.0,193.99,195.01,196.44,196.38,195.02,195.66,195.38,194.63,194.0,195.9,205.0,210.83,214.42,220.99,220.0,214.5,213.35,216.57,217.38,220.0,224.21,222.53,224.38,224.0,222.62,223.47,222.0,222.92,222.76,225.93,218.97,213.36,210.0,210.36,210.4,211.34,212.73,210.23,208.51,206.88,202.0,200.77
RWE.DE,,52.92,53.2,52.56,52.1,54.04,53.6,52.74,55.54,56.88,57.5,58.9,57.46,58.04,54.94,55.0,55.5,56.7,56.22,54.54,56.62,58.38,58.38,,58.86,58.9,58.92,58.5,59.04,59.14,58.66,59.06,57.5,56.46,57.54,58.26,59.8,60.4,59.68,61.16,61.3,60.38,,60.08,60.36,60.28,58.92,58.14,58.86,59.24,57.42,57.24,55.88,54.88,56.24,56.8,55.8,55.9,57.72,56.84,55.14,54.68,54.5,55.3,55.06,57.0,56.56,56.1,55.94,55.82,56.0,57.34,57.12,56.22,54.86,55.18,55.86,54.5,56.0,55.2,55.2,54.82,56.7,56.74,55.76,57.82,57.82,57.0,56.5,55.76,55.9,56.0,57.4,56.48,55.7,56.14,58.16,58.44,59.54,58.92,58.86,57.86,56.64,55.68,56.98,56.7,57.26,57.24,55.8,57.1,56.4,56.76,58.0,58.2,59.8,59.06,59.04,58.16,57.68,57.48,57.1,56.66,58.12,57.68,58.02,59.02,60.0,58.72,58.38,57.6
SAP.DE,,169.22,167.5,173.66,173.72,171.6,167.1,163.0,165.4,167.74,165.64,165.2,159.0,161.0,150.46,149.76,148.78,145.4,145.74,142.94,147.7,149.46,146.6,,148.06,152.2,147.1,139.64,138.48,143.72,143.72,147.54,152.02,152.88,152.22,151.36,144.3,148.14,148.1,148.6,150.24,144.48,,148.4,146.8,150.0,150.6,149.74,147.24,143.0,141.38,136.9,142.0,144.1,151.5,153.92,153.78,153.38,154.46,150.2,150.0,151.14,157.52,170.0,164.48,156.22,163.74,160.06,157.0,154.1,148.54,140.0,143.0,142.44,143.34,139.78,132.5,131.3,133.82,133.74,132.38,137.12,136.36,135.46,141.6,140.72,142.48,142.04,138.0,137.54,138.0,139.28,134.42,137.2,140.6,138.0,137.74,136.02,131.0,130.88,142.38,152.2,159.84,162.5,154.9,160.0,162.86,167.92,171.44,173.82,178.92,180.0,180.3,177.48,182.0,178.94,179.14,181.7,183.78,185.18,186.86,186.4,179.92,182.5,189.5,188.46,186.0,182.18,182.08,187.8
SB=F,13.99,13.97,13.74,13.74,14.26,14.3,14.37,14.35,14.4,14.41,14.21,14.39,14.8,15.33,15.73,15.5,15.8,15.73,15.84,15.79,15.56,15.44,15.46,14.92,15.04,14.43,14.25,13.98,13.88,13.63,13.92,13.58,13.7,13.45,13.43,13.4,13.56,13.6,13.96,13.83,14.14,14.74,14.64,14.98,15.27,15.28,14.79,14.58,14.77,14.99,14.95,15.41,14.99,14.84,14.76,15.07,14.88,14.81,14.58,14.47,14.16,13.94,14.16,14.4,14.42,14.22,14.26,14.24,14.15,14.08,13.91,13.77,13.68,13.67,13.8,13.85,13.6,13.32,13.4,13.38,13.5,14.13,14.34,14.88,15.0,14.85,15.17,15.14,15.06,15.14,14.89,14.79,14.91,14.86,14.45,14.9,14.79,14.88,14.76,14.69,14.74,14.58,14.61,14.52,14.43,14.62,15.01,15.08,15.2,15.55,16.43,16.5,16.74,16.37,16.75,16.56,16.93,17.5,17.55,17.48,17.58,17.66,17.18,17.62,18.2,17.7,17.81,18.3,18.65,18.01
SBUX,94.92,97.35,97.12,97.07,98.25,99.37,101.0,101.02,100.64,99.23,98.45,96.19,92.15,94.97,93.81,93.31,92.33,92.31,90.75,86.4,88.0,90.25,89.8,90.0,94.54,97.5,97.0,97.0,96.6,97.88,98.49,98.35,99.07,99.0,99.0,98.08,99.97,99.39,98.74,98.48,102.0,105.55,105.7,105.8,104.76,104.75,105.95,104.42,104.95,105.57,106.77,108.13,105.75,106.79,105.54,106.38,105.86,104.04,103.08,101.78,101.74,100.5,98.25,95.8,95.48,97.79,94.29,94.84,95.15,97.58,98.96,102.78,103.49,101.76,100.54,100.56,100.65,100.46,101.24,103.1,103.44,104.81,103.98,102.44,104.0,103.86,103.57,104.29,103.65,106.3,106.34,107.61,106.35,106.0,108.95,105.72,105.06,104.03,102.78,103.89,103.81,105.83,103.67,107.22,106.58,107.7,103.06,105.99,106.14,104.03,105.48,104.56,106.91,109.17,107.62,106.46,109.07,106.67,104.38,104.51,107.22,106.85,106.13,108.57,107.79,107.52,106.12,106.18,107.32,105.6
SCHW,94.0,96.22,95.47,93.88,94.1,94.4,92.95,91.82,92.0,94.13,94.27,93.8,93.37,94.11,95.59,95.58,95.95,94.68,93.87,92.99,94.0,95.01,91.1,93.9,92.21,94.89,96.28,97.19,94.72,97.28,99.4,95.76,93.35,91.98,93.26,92.19,91.14,88.92,88.26,91.3,90.33,90.35,92.03,91.37,91.76,92.36,91.81,89.29,88.62,88.02,89.45,91.65,90.48,91.0,92.2,92.32,90.18,90.36,89.7,89.0,85.12,86.0,86.81,87.94,87.0,87.51,88.46,88.28,88.25,88.45,89.26,89.53,91.61,92.0,93.55,94.58,92.5,92.39,92.81,91.39,89.6,90.35,91.49,92.76,96.74,97.19,101.21,101.91,101.42,103.25,103.51,101.14,101.56,103.4,102.32,100.61,104.18,101.34,100.27,101.61,102.68,104.24,106.0,103.93,104.98,105.86,105.26,106.99,108.6,107.07,107.51,107.52,107.0,109.74,109.75,110.94,111.33,111.41,111.46,110.27,112.89,113.04,108.25,108.95,108.4,109.4,109.44,108.5,108.78,109.59
SHL.DE,,40.53,41.1,40.67,40.56,40.46,39.55,39.17,38.59,38.83,38.36,38.46,37.34,37.22,36.03,36.82,36.85,36.33,36.39,35.73,36.09,36.87,36.03,,35.75,37.59,37.77,37.3,37.3,37.96,38.54,38.43,38.26,38.41,38.24,37.75,36.71,35.76,35.26,35.3,35.2,33.5,,35.0,34.93,35.46,34.61,33.76,33.62,33.14,33.84,34.19,33.9,33.15,33.79,33.58,34.32,35.0,35.09,34.66,34.89,35.16,34.54,34.42,33.89,33.95,34.7,34.4,34.21,35.2,34.88,34.71,35.35,35.01,35.18,34.65,34.15,34.4,34.4,34.23,34.42,34.33,34.07,34.0,34.1,35.2,35.1,34.66,34.36,34.0,34.8,35.28,34.24,34.56,35.26,34.72,34.87,34.44,34.46,33.96,35.6,35.69,36.1,37.43,36.0,37.96,39.11,39.6,39.58,39.3,39.5,39.01,39.47,39.29,39.27,39.24,39.0,39.35,39.98,39.64,40.38,40.11,39.56,39.2,39.26,39.54,39.26,39.16,39.26,39.05
SHW,343.96,349.2,342.8,330.87,324.52,332.45,329.3,321.86,321.5,324.7,325.0,316.35,306.97,308.79,306.49,311.09,318.13,317.52,318.42,318.5,319.69,323.43,319.01,316.53,315.19,331.79,332.05,335.72,334.18,334.98,333.8,334.61,338.64,343.76,343.94,339.66,336.02,336.74,340.71,342.03,320.0,320.68,323.18,315.05,312.3,323.0,326.76,323.19,317.02,312.52,309.87,309.34,308.25,301.5,298.9,299.02,303.47,310.56,312.0,312.0,308.0,305.42,299.95,291.99,300.51,301.02,301.34,302.0,302.96,309.99,305.32,321.48,324.64,323.98,322.78,315.76,315.98,322.0,327.32,335.4,339.73,342.99,342.8,344.04,348.74,353.13,353.3,332.9,333.68,333.98,332.19,333.12,329.99,331.29,336.41,331.67,324.35,321.05,308.4,313.26,325.0,347.49,352.0,345.89,343.18,348.62,359.08,363.32,369.89,365.41,368.32,361.36,367.45,363.45,360.72,355.09,349.76,351.26,346.87,347.38,346.64,350.5,352.0,346.0,348.18,341.5,337.91,333.97,335.21,330.69
SI=F,,83.085,84.095,82.92,82.495,87.12,88.545,86.565,82.0,79.0,80.43,76.5,75.705,71.92,64.74,69.09,71.39,70.105,67.55,67.905,72.555,74.345,73.715,71.85,71.895,76.17,73.78,75.305,72.8,76.815,80.25,79.175,82.38,79.525,78.95,76.875,76.305,76.383,75.265,73.205,72.985,71.385,74.42,75.4,72.67,73.89,77.87,80.815,85.605,86.495,86.93,87.075,80.61,75.345,78.465,75.59,74.96,76.02,77.505,74.57,73.65,75.52,74.375,75.65,73.476,73.09,72.575,67.45,68.225,63.82,63.955,67.045,70.066,69.899,70.31,66.255,65.527,61.95,59.39,58.385,59.19,58.68,58.34,58.865,59.47,62.62,61.205,60.905,59.22,59.98,58.935,57.65,58.695,55.915,55.55,55.655,56.335,59.385,58.66,58.656,58.472,57.296,57.863,57.275,59.2,57.667,58.1,62.45,61.91,63.62,63.905,64.865,66.625,64.873,64.988,65.245,65.25,63.205,66.85,68.095,69.35,69.505,69.31,69.429,69.35,66.01,66.51,63.36,65.555,66.525
SIE.DE,,227.05,232.95,228.0,216.95,230.15,229.9,226.85,220.9,219.8,219.05,221.5,213.75,211.85,199.26,212.2,215.0,210.35,209.4,204.2,205.5,215.95,209.75,,213.1,230.0,228.15,228.0,224.95,231.35,236.65,239.2,238.5,241.55,243.5,245.5,240.5,241.25,245.0,254.1,250.75,241.8,,249.15,251.0,262.4,270.0,264.15,265.0,266.25,267.15,270.0,268.2,257.45,259.75,257.1,261.9,267.15,275.0,273.5,273.6,272.85,270.05,275.0,274.15,276.0,272.35,263.0,266.95,264.85,259.3,265.4,270.7,272.3,272.5,274.45,275.5,274.1,272.8,272.4,271.2,269.1,274.45,280.0,271.75,283.1,280.0,267.65,270.5,273.55,270.0,268.45,273.0,273.3,263.45,264.0,265.7,267.55,269.65,267.15,274.85,272.1,271.55,272.85,281.45,284.2,286.5,290.0,270.0,273.95,278.75,277.35,280.2,283.8,284.7,285.0,281.0,277.85,276.8,275.5,279.2,282.2,289.1,288.3,288.6,289.0,282.75,275.4,273.15,270.5
SNPS,412.48,425.11,425.76,432.56,432.57,437.08,432.07,431.87,419.01,420.18,428.25,424.97,424.71,425.9,430.21,426.67,422.5,405.28,400.0,382.88,390.2,403.3,389.65,396.04,393.69,411.75,409.94,401.61,392.5,424.83,424.26,446.37,452.55,448.08,464.27,470.9,466.11,469.38,496.94,497.0,480.0,481.0,491.16,493.84,501.71,504.6,506.3,504.37,513.89,511.3,514.59,508.59,502.24,499.18,494.32,479.34,491.26,510.0,529.97,534.56,510.0,480.67,484.07,485.63,502.78,500.35,487.98,467.28,475.81,454.88,457.76,457.09,462.3,452.0,448.35,461.99,455.53,465.0,460.16,463.14,449.15,457.93,441.99,454.0,451.14,435.24,447.86,436.14,429.84,443.49,448.84,426.19,429.86,425.64,401.59,382.0,377.19,388.62,376.89,378.0,384.29,392.58,385.49,376.0,377.91,394.22,394.89,409.67,398.0,408.79,416.0,412.0,413.75,412.32,414.11,417.61,410.8,405.23,399.6,400.67,395.2,396.34,405.1,419.66,461.85,437.95,428.21,413.78,419.1,418.12
SO,96.66,97.41,97.71,97.35,97.5,96.79,96.0,96.19,98.73,98.5,99.5,97.73,96.55,96.16,94.0,93.46,94.54,94.59,95.58,96.67,96.93,96.09,97.5,97.13,96.93,96.13,96.78,97.33,97.25,95.98,95.43,94.49,94.46,94.14,93.51,92.58,92.29,93.74,93.85,94.62,93.91,94.5,96.57,95.99,96.22,95.45,93.51,92.5,92.26,93.21,92.84,93.11,93.59,92.23,93.56,94.51,93.56,94.49,94.8,93.79,93.73,92.5,91.27,89.34,90.6,91.13,92.14,92.26,91.39,93.61,94.55,93.59,93.38,93.9,93.88,92.5,93.06,94.28,95.23,95.73,96.64,97.01,96.2,95.88,95.74,97.34,96.92,97.44,96.43,95.24,95.8,96.85,95.72,94.78,97.3,95.77,94.01,94.81,95.01,97.01,96.85,97.29,97.29,97.2,93.89,92.91,92.09,93.5,94.02,92.2,92.35,91.19,91.76,92.82,92.59,91.6,93.16,92.56,91.75,91.48,89.06,90.0,89.92,89.0,89.37,88.04,88.43,87.99,88.59,88.32
SPG,200.06,201.61,201.5,199.06,192.0,190.11,189.59,188.22,189.42,189.7,191.47,190.97,189.5,191.71,185.95,180.29,179.21,181.16,180.9,182.16,184.76,186.66,187.5,188.47,190.09,192.62,193.74,199.39,200.6,200.48,202.45,201.27,202.1,205.33,207.07,205.4,202.71,203.15,200.56,203.26,202.0,200.36,203.82,201.41,202.19,203.73,205.24,202.23,202.75,205.22,205.29,200.56,202.28,200.06,200.63,201.49,203.11,206.31,205.27,207.24,205.96,206.45,203.66,202.7,202.83,206.1,205.48,211.14,206.88,212.54,215.0,216.99,219.04,215.82,214.57,214.04,212.61,215.04,216.93,222.12,226.9,226.24,225.43,221.36,224.0,225.65,226.07,226.2,219.27,221.13,218.27,220.96,222.79,223.0,229.05,229.15,229.91,227.15,225.38,226.47,229.66,234.95,236.74,235.0,231.34,230.28,227.6,226.29,226.61,221.76,221.15,220.27,221.48,222.09,221.17,218.48,223.15,222.04,222.08,220.01,219.34,221.33,219.0,215.45,215.91,213.47,213.23,212.68,211.57,210.71
SPGI,413.4342,419.8297,419.3283,423.2829,424.3992,420.3311,412.0151,405.3926,401.0312,401.7975,407.9186,405.5629,399.3283,403.368,406.3481,402.0624,395.2034,384.8439,385.9886,388.7417,399.9149,402.6679,398.7796,406.509,409.65,414.0114,409.8013,399.1769,394.3235,407.843,403.9735,413.8884,418.9972,418.5431,420.0851,425.9224,420.9934,416.2725,413.1977,418.3065,407.6537,407.7578,411.9773,401.3813,402.3084,399.4418,399.7256,402.545,395.4115,399.7729,396.8212,386.9726,384.106,382.2138,396.7077,386.14,388.6944,394.0587,390.3027,389.7919,391.6746,392.8098,402.7815,404.0492,391.9584,395.4588,400.0757,398.8363,392.7436,400.8136,401.8165,392.8382,395.7048,406.7644,405.3642,395.4588,384.9101,389.8959,380.6812,380.8231,373.8411,390.2365,384.6547,399.58,423.26,439.57,447.3,441.99,426.65,438.34,433.46,428.5,442.21,447.59,456.25,452.94,433.54,435.59,424.69,424.51,433.0,418.72,420.91,415.34,415.74,415.23,411.93,418.64,408.11,405.0,406.9,410.74,407.17,414.0,422.01,416.09,414.34,418.97,426.0,433.41,431.95,428.48,430.61,436.49,436.0,440.0,433.31,438.0,438.8,438.41
SRT3.DE,,225.0,232.0,227.0,211.0,221.0,218.0,224.7,215.0,209.8,216.4,229.0,216.5,210.9,201.4,210.0,215.9,210.0,215.0,207.6,210.0,219.1,208.5,,210.5,217.0,220.0,214.0,211.3,218.9,229.2,230.6,226.6,235.0,239.5,243.8,231.5,218.5,220.2,215.0,210.0,205.8,,220.0,215.2,225.6,225.3,219.9,216.1,214.4,215.0,212.1,209.6,208.0,216.5,219.6,229.3,237.0,232.1,234.9,233.7,243.9,244.3,246.3,242.5,246.0,246.4,234.0,241.6,242.7,235.4,239.8,238.0,232.0,232.4,224.6,214.8,211.3,212.8,217.3,226.7,224.0,224.6,229.3,229.7,227.9,229.7,230.4,219.1,235.4,240.5,247.7,249.2,246.1,245.4,242.7,233.6,216.0,230.8,223.6,224.9,213.7,223.1,224.2,221.8,220.6,226.6,229.2,230.0,229.8,233.5,237.2,238.0,237.4,234.9,237.4,232.4,228.6,242.3,248.9,246.0,242.6,243.7,244.0,250.9,251.7,251.8,245.3,245.2,243.9
SY1.DE,,73.06,70.52,72.68,71.62,71.6,71.12,70.02,73.08,73.5,73.74,74.02,71.82,69.72,68.48,70.72,70.0,70.48,71.3,72.52,74.3,73.44,73.82,,74.24,74.06,74.56,72.5,72.94,72.8,74.26,74.74,75.3,76.2,76.96,75.6,75.02,73.46,73.44,72.96,76.0,74.74,,75.74,74.56,75.66,75.1,73.14,72.82,72.62,74.02,74.88,73.6,73.32,75.26,76.02,75.6,78.34,79.88,80.24,81.6,81.4,78.64,77.36,77.32,75.7,75.56,75.14,77.04,81.76,82.82,82.52,81.82,82.8,82.08,83.58,85.92,85.6,86.2,88.82,88.56,87.88,86.94,88.92,89.98,92.0,90.3,90.34,88.0,88.6,88.24,88.0,87.26,87.46,89.4,87.82,88.04,86.9,87.32,85.42,87.74,87.56,88.66,92.86,91.08,89.1,89.36,91.32,92.0,92.02,91.66,91.5,90.72,89.46,89.38,88.7,87.5,86.36,87.8,89.7,90.0,91.2,92.16,92.22,92.0,93.0,94.0,92.42,91.72,91.1
T,27.79,28.47,28.94,28.93,28.13,27.65,27.67,27.05,27.5,27.73,27.89,27.71,27.58,27.84,28.28,28.8,28.98,29.07,29.0,29.21,28.93,28.95,28.39,28.27,28.29,27.23,27.23,26.52,26.37,25.2,25.68,25.52,26.15,26.52,26.2,25.15,26.12,26.43,26.33,25.94,25.97,25.82,26.31,25.93,26.05,25.79,25.39,25.23,25.23,25.02,25.23,24.84,24.86,24.09,24.59,24.94,24.86,25.34,25.14,24.93,24.96,24.86,24.75,24.64,24.19,23.88,22.9,22.66,22.51,22.88,23.16,23.1,23.35,23.32,22.83,22.46,22.03,22.31,22.84,22.25,22.47,22.38,21.73,20.63,20.7,20.75,20.92,20.97,20.92,20.62,21.38,21.42,21.32,21.51,22.38,21.6,21.93,23.38,23.25,23.0,24.13,24.84,24.64,23.41,23.17,23.66,23.35,22.66,23.46,23.5,23.58,24.02,24.33,24.28,24.65,24.75,25.04,24.99,25.06,25.2,25.46,25.58,25.82,25.5,25.56,25.92,26.09,26.09,26.15,26.1
TEAM,72.11,77.5,77.76,81.8,82.68,81.1,78.13,75.77,73.07,76.7,75.69,74.37,74.37,72.91,73.23,72.8,70.0,66.09,67.01,65.525,67.0,68.32,69.61,68.3,67.61,67.67,62.07,59.17,57.5,62.2,61.38,69.78,70.115,67.0,72.08,71.28,67.2,68.63,69.42,69.87,69.6,69.585,82.92,88.17,92.49,91.48,91.61,88.64,90.24,87.31,84.44,80.33,82.1,85.8,92.8,84.185,82.775,83.52,83.29,84.21,90.99,97.875,114.18,103.37,106.13,105.49,101.39,98.03,95.31,92.79,88.952,89.71,90.0,90.39,87.49,83.64,81.31,81.4,81.27,79.15,75.3,80.46,77.49,80.62,82.78,82.0,89.11,86.0,81.36,93.97,90.4,90.0,91.17,94.24,90.13,91.0,93.408,90.54,87.69,81.43,90.13,98.626,100.0,97.735,95.68,105.07,103.84,112.94,108.73,145.135,149.325,151.38,151.54,155.56,166.21,159.07,158.58,161.61,173.9,174.22,169.3,170.64,161.98,169.0,185.0,188.41,190.58,187.565,190.61,189.71
TMO,501.51,510.0,503.18,511.32,496.22,509.0,499.4,491.0,478.93,471.07,475.52,468.78,461.22,469.07,484.3,472.87,495.41,489.75,489.62,478.43,487.75,496.3,486.94,492.0,485.24,502.0,498.61,500.11,494.96,516.34,528.88,527.38,523.11,522.83,529.87,526.62,472.65,469.15,462.66,471.99,467.25,464.23,480.0,466.98,464.77,471.16,473.36,473.49,464.86,454.34,455.18,448.21,444.02,438.44,442.0,449.09,450.9,446.8,447.36,449.93,461.25,482.17,489.83,489.42,469.31,482.13,484.22,472.8,473.48,491.83,483.98,478.24,470.28,474.0,467.89,461.63,461.63,469.89,478.12,492.78,509.73,511.67,508.32,504.78,518.69,520.0,525.0,510.85,509.99,525.5,524.2,525.01,537.24,536.25,539.1,530.57,507.1,524.72,573.68,570.0,565.0,572.0,578.71,567.37,573.4,576.0,578.76,567.93,576.8,578.0,588.53,599.99,599.21,606.29,592.11,582.55,588.87,595.11,609.85,626.48,630.0,631.01,622.23,629.47,626.58,614.38,619.0,601.63,614.03,608.58
TMUS,214.61,217.74,218.19,220.35,220.0,217.17,219.0,212.99,214.42,217.03,216.11,211.93,208.31,206.39,207.86,208.44,211.87,212.58,212.91,211.66,213.88,208.42,205.81,200.48,197.55,200.39,197.88,197.88,195.92,190.14,189.59,191.79,194.77,198.91,197.93,192.74,188.54,193.91,188.76,185.17,193.77,197.69,197.39,194.28,193.22,192.66,192.0,194.1,192.34,191.83,193.2,191.05,190.77,186.05,193.01,192.25,189.95,191.63,190.47,190.0,191.31,187.25,185.26,187.4,187.03,184.81,179.73,177.61,178.43,181.7,184.14,186.57,185.99,189.27,183.37,181.39,177.7,181.5,184.46,179.13,182.7,181.99,171.35,169.67,176.0,179.83,185.86,185.65,177.72,182.02,190.0,186.88,186.33,189.84,197.11,190.89,192.7,194.83,175.75,172.16,180.99,181.55,183.13,176.61,171.5,175.19,175.22,175.2,177.4,178.41,175.94,176.83,177.72,178.39,183.22,182.41,183.21,182.84,183.33,182.54,183.51,181.41,180.9,176.22,178.77,180.25,181.8,183.56,188.33,187.48
TRV,307.68,309.51,310.33,304.78,304.37,301.27,301.3,295.34,305.4,303.53,308.27,305.19,299.82,296.49,300.92,295.37,294.61,290.16,291.44,287.68,294.69,290.96,291.08,292.93,295.03,298.37,299.47,302.04,296.45,299.48,299.34,296.14,298.39,301.0,301.46,300.1,303.43,306.62,301.23,307.87,309.38,300.77,307.05,303.5,301.3,302.46,300.29,299.91,299.38,298.16,296.68,296.91,298.47,299.95,305.83,307.29,305.13,308.82,307.53,304.65,298.08,293.85,289.51,288.2,291.64,294.61,295.71,299.78,298.56,300.62,304.56,301.27,305.11,308.83,306.94,308.69,308.13,313.24,317.59,320.92,319.99,327.0,332.41,331.89,336.03,341.68,343.51,340.83,340.69,337.38,337.23,339.3,330.0,329.0,342.66,367.6,366.68,368.14,374.0,378.53,387.53,394.87,396.05,386.27,373.99,377.08,370.32,378.19,385.4,383.97,382.48,373.51,372.62,371.46,370.21,368.35,366.68,367.8,360.28,365.29,365.81,370.1,372.03,368.15,371.18,369.66,366.0,366.21,367.85,372.12
TSLA,395.09,397.85,401.57,398.09,390.05,402.22,402.28,405.18,399.17,396.22,395.69,399.0,387.27,379.85,373.09,376.56,389.99,381.6,369.69,365.86,361.51,378.63,364.2,362.59,346.44,363.79,343.15,346.29,350.07,357.67,366.83,393.81,395.92,402.58,393.0,387.57,375.28,373.5,372.09,374.68,375.4,372.75,382.49,390.23,395.19,386.25,407.48,416.48,422.16,441.41,436.67,446.49,433.98,419.27,403.16,407.6,422.18,422.67,430.26,442.89,437.62,439.85,427.49,418.22,418.7,419.84,420.5,396.33,411.03,391.54,388.28,399.49,412.37,404.11,401.53,398.1,394.85,392.61,380.08,375.27,370.15,381.79,406.0,421.46,428.01,397.5,416.96,399.38,393.99,410.49,404.61,399.05,399.4,392.35,381.78,386.05,371.17,375.53,341.0,320.72,313.24,305.93,307.14,302.7,309.69,310.96,324.0,323.42,317.05,322.34,326.6,332.8,335.0,327.2,342.33,340.69,333.22,338.89,346.2,349.88,361.41,349.58,345.27,346.16,357.1,347.21,360.9,360.41,365.82,362.07
TTD,24.06,25.035,31.489,29.165,28.77,28.63,28.09,27.42,26.645,27.88,27.16,23.34,23.205,23.49,24.33,23.82,22.68,21.76,21.61,21.2,22.0,22.64,21.74,21.89,22.11,21.52,20.21,20.7,20.15,21.33,21.43,22.77,23.066,22.27,23.925,23.43,23.26,23.64,23.25,23.04,23.59,23.87,24.31,24.58,24.01,24.82,24.08,20.975,22.75,21.765,20.895,20.44,20.46,20.99,22.57,20.765,20.88,21.35,22.0,22.125,21.24,21.2,21.99,22.53,21.0,20.95,21.14,19.575,19.165,19.575,19.09,18.77,19.474,19.225,18.93,18.06,18.22,17.7,17.97,17.51,17.4,18.97,18.005,18.645,19.08,18.755,19.74,19.22,18.602,20.23,20.28,19.065,19.34,19.7,18.91,18.565,18.32,18.46,17.58,16.96,17.79,18.095,18.67,18.4,18.08,18.65,17.96,19.52,18.52,12.87,13.475,13.2,13.46,13.725,14.495,13.787,13.44,13.4,13.55,13.33,13.16,13.125,13.14,13.12,13.434,13.97,13.53,13.66,14.86,15.18
TTWO,209.78,217.92,213.09,210.82,208.69,214.77,209.13,210.68,209.33,209.46,209.06,204.8,203.4,200.71,201.34,199.57,194.06,190.5,193.0,192.79,194.24,198.0,195.11,199.8,195.84,202.82,201.01,197.4,197.48,202.52,207.66,216.73,217.92,212.14,218.0,219.09,215.01,210.99,209.23,213.05,212.59,213.48,215.46,219.35,226.0,221.0,225.06,222.64,221.41,224.36,224.93,239.5,243.77,233.35,240.4,236.1,236.3,243.75,225.13,217.97,219.67,218.26,227.99,222.26,220.0,217.01,217.33,214.0,210.69,209.96,207.24,211.26,213.01,217.0,227.83,239.14,244.61,240.48,247.06,237.02,240.84,243.24,244.5,252.53,250.32,252.99,263.08,256.94,251.65,247.37,242.98,237.19,237.49,243.0,235.64,236.8,237.83,236.24,231.87,231.69,237.93,245.22,248.17,242.02,246.37,246.05,244.19,242.76,240.66,233.5,247.55,253.37,248.38,243.77,242.34,245.01,243.58,242.4,236.88,242.78,239.79,233.5,232.58,234.9,239.0,233.56,217.01,216.06,216.96,211.95
TXN,205.89,204.36,200.91,192.5,192.75,195.64,198.58,193.65,191.47,194.32,195.87,194.44,187.77,188.52,194.6,186.95,197.52,196.1,191.71,191.61,190.28,194.28,192.38,196.99,198.51,206.65,212.57,216.38,213.95,217.19,217.56,216.72,228.26,232.57,234.5,236.41,260.31,287.83,276.17,267.49,269.63,270.23,280.1,283.69,280.5,279.05,286.29,292.49,291.29,296.24,302.74,306.67,302.69,308.55,292.61,305.22,300.89,305.4,318.43,331.45,320.16,316.48,297.38,301.26,308.64,305.53,298.72,293.73,297.84,285.82,289.89,298.99,310.11,311.56,307.12,313.11,328.0,313.91,303.13,315.7,302.46,280.33,286.23,294.1,299.98,299.66,292.68,288.0,309.85,304.2,308.52,309.02,312.01,293.51,282.89,288.31,296.11,285.21,277.3,281.11,281.79,275.46,278.58,276.82,284.06,272.83,277.49,280.9,274.62,283.74,288.07,284.82,289.59,277.16,273.62,280.0,276.08,274.1,267.53,269.79,262.52,262.78,260.5,262.6,265.24,261.25,256.19,253.34,252.08,256.56
UBER,74.5,76.295,76.59,74.73,74.12,73.97,74.54,74.87,73.295,74.0,77.39,77.43,76.48,74.98,75.27,74.63,73.0,72.74,70.11,69.71,70.71,72.43,70.91,71.62,71.78,75.0,72.15,72.32,70.07,73.165,73.86,77.51,77.415,76.67,78.0,77.7,76.66,74.77,74.675,75.7,73.67,74.32,75.11,74.925,74.25,77.46,79.825,77.05,75.5,76.2,75.6,74.665,74.31,74.89,75.49,73.8,74.245,73.85,71.74,69.85,70.17,70.65,71.33,72.6,71.15,72.65,71.84,70.41,70.275,69.7,68.225,70.02,70.62,73.28,72.88,71.97,71.46,71.08,70.3,74.26,72.7,76.0,74.78,72.23,72.79,74.155,73.59,73.51,72.5,74.98,75.07,73.56,72.53,73.675,73.26,72.5,72.17,71.47,70.17,69.39,66.38,69.11,70.1,70.6,69.96,71.23,71.31,69.0,68.63,71.29,75.43,78.0,78.2,75.63,77.09,77.09,75.185,74.9,78.47,79.725,79.0,79.38,81.56,77.66,77.0,78.17,75.27,76.05,77.335,76.15
UNH,288.99,289.01,290.05,287.34,282.0,287.38,282.38,284.78,278.06,283.98,287.8,285.2,284.0,278.99,279.14,268.87,275.0,269.99,267.5,260.18,263.0,274.21,272.29,277.88,308.85,312.0,305.82,307.95,303.25,312.51,316.0,315.0,320.05,324.19,353.01,350.88,354.68,356.49,353.91,356.84,366.0,368.51,371.96,368.55,370.48,363.1,366.64,371.99,380.45,382.85,396.5,401.0,394.3,390.0,390.0,389.55,381.12,381.92,386.0,378.43,384.96,383.78,376.11,377.98,380.0,390.0,399.54,397.13,409.99,413.5,408.71,409.01,406.7,410.68,409.12,402.77,402.14,409.52,410.54,406.65,416.16,426.53,422.72,417.11,428.13,423.49,423.95,427.15,427.11,431.67,426.47,431.0,419.49,449.39,426.72,427.25,422.48,434.95,428.27,425.24,422.51,419.93,428.26,415.19,422.0,417.43,415.56,403.19,415.27,401.59,408.6,409.0,400.98,405.59,398.0,398.57,397.43,394.57,388.25,386.0,391.04,397.8,396.33,396.87,396.42,393.52,392.08,399.27,400.02,397.05
UNP,263.55,266.22,265.09,259.9,251.25,252.57,250.21,248.26,245.66,245.17,245.21,241.58,236.22,234.4,239.27,237.04,241.54,239.35,238.62,241.65,240.79,243.13,240.48,243.43,244.93,250.49,249.01,251.0,251.0,251.1,251.84,247.46,252.44,251.39,253.52,253.24,262.76,272.88,269.45,271.43,266.82,264.34,269.76,265.7,264.4,265.44,268.15,264.13,265.63,264.45,265.17,265.37,269.0,271.0,273.5,269.97,264.98,265.85,266.22,272.57,275.66,264.29,260.19,263.54,263.96,267.12,264.49,271.78,269.41,270.48,267.55,269.97,272.39,269.49,265.93,258.08,256.54,261.04,260.92,262.01,269.54,268.3,273.29,270.76,279.0,282.81,284.43,284.12,282.0,285.04,289.84,291.6,288.24,290.97,300.13,300.95,296.86,293.5,309.9,304.49,306.7,301.54,295.42,293.87,289.7,292.5,289.34,295.04,296.0,292.74,292.13,291.88,292.44,295.21,298.05,295.35,302.26,301.83,300.75,306.26,308.5,307.97,308.73,307.19,308.77,305.23,301.0,291.64,291.1,287.12
UPS,112.89,113.53,109.95,101.87,100.97,100.23,100.95,99.63,98.23,97.98,98.64,97.4,95.77,97.09,97.49,97.05,99.28,97.89,96.5,96.12,96.78,98.85,96.04,98.05,96.79,100.2,99.99,102.16,100.88,102.05,102.95,103.36,106.18,105.73,107.53,107.0,106.44,107.38,107.21,103.99,104.6,106.76,109.38,102.32,96.59,98.93,100.36,100.73,100.72,100.39,98.28,99.05,98.17,96.82,95.17,96.7,98.16,99.2,101.51,102.89,104.0,106.6,105.56,109.28,108.84,109.87,110.48,109.27,108.21,105.8,103.75,109.97,108.72,109.05,109.89,106.09,104.9,106.95,105.65,106.21,108.65,108.04,107.93,108.04,110.32,110.77,110.72,111.53,110.83,111.78,113.04,113.38,114.13,113.25,116.9,117.9,114.53,116.6,116.53,114.66,114.87,108.6,105.04,105.2,105.74,105.7,107.13,109.02,107.17,103.2,104.5,104.94,104.63,104.5,105.64,103.22,102.01,102.63,102.25,103.22,102.3,103.08,105.09,104.8,105.92,104.87,103.75,103.3,103.62,103.07
USB,53.19,54.34,53.53,52.6,51.53,52.14,52.1,51.13,52.07,51.56,51.99,51.85,50.98,51.41,52.83,50.77,52.32,51.5,51.29,51.17,51.18,52.75,51.95,53.01,53.27,55.22,55.06,56.29,55.29,56.16,56.12,55.75,55.95,56.47,57.1,57.05,56.86,56.75,55.63,56.6,56.21,55.94,56.69,55.84,55.52,56.13,56.22,55.61,55.53,54.55,54.09,53.34,53.4,53.15,53.24,53.56,54.33,54.93,55.16,55.3,54.67,54.42,53.88,53.35,54.27,53.78,55.52,55.59,55.72,56.06,56.89,58.32,59.47,58.48,58.95,58.61,58.25,58.92,60.02,60.48,61.44,60.83,60.49,60.4,62.2,62.9,63.27,62.49,61.25,62.42,62.78,62.04,62.15,63.0,64.11,63.72,63.1,63.85,63.73,63.38,64.1,63.66,64.01,63.34,63.06,63.36,63.53,64.5,64.72,63.6,63.51,64.18,64.6,65.11,65.07,65.22,65.18,64.84,62.7,62.23,62.28,62.44,62.45,62.0,62.76,62.31,61.64,61.68,63.0,63.25
V,315.81,321.44,319.33,316.05,313.46,315.43,313.25,308.14,307.59,307.85,311.32,307.41,298.04,299.85,305.2,302.0,305.48,304.16,304.32,298.73,301.6,305.05,297.8,300.74,302.44,307.73,308.0,308.71,303.93,308.47,313.0,316.35,316.6,316.4,314.01,311.01,310.5,307.1,307.51,312.2,336.4,332.12,332.88,328.0,325.11,323.75,319.54,320.99,319.1,324.32,323.79,321.37,324.0,324.43,333.33,330.09,329.84,330.52,326.46,325.83,326.01,325.5,327.26,322.51,317.65,316.79,322.4,321.35,318.66,326.62,322.0,321.76,323.36,325.69,333.5,331.0,328.33,328.82,329.0,332.56,332.24,338.27,341.76,344.56,352.51,363.0,348.39,350.3,345.3,350.63,351.73,355.77,354.0,358.04,363.57,357.1,356.99,356.57,352.05,353.47,359.35,365.06,357.0,365.0,363.76,368.5,361.76,372.3,369.57,368.51,362.0,360.98,361.0,363.7,365.89,362.84,359.62,364.09,365.1,367.87,373.26,381.21,384.14,381.14,380.3,381.35,379.65,374.01,380.17,374.89
VNA.DE,,26.79,26.3,25.88,25.1,25.42,25.54,24.17,24.1,24.16,24.66,24.87,23.89,21.81,20.79,21.08,21.3,21.15,20.97,21.04,21.64,22.09,21.8,,22.47,23.25,23.01,23.2,22.87,23.31,23.4,23.45,23.44,23.61,23.9,23.46,23.45,23.0,22.99,23.12,23.02,22.48,,22.88,22.3,22.5,22.7,22.35,22.19,22.3,22.1,22.2,21.95,21.36,22.02,21.99,22.33,21.3,21.52,21.59,21.39,21.73,21.36,21.17,20.8,20.32,20.51,19.935,19.58,19.795,19.805,20.28,21.05,20.75,20.9,20.51,20.63,20.4,20.29,20.79,21.39,21.53,21.28,21.72,21.35,22.46,22.51,22.0,21.19,21.54,21.3,20.99,20.86,21.25,21.05,20.85,20.76,20.64,20.89,20.26,21.06,21.4,21.41,21.0,21.18,21.25,21.29,21.48,21.26,20.84,20.98,20.98,20.93,20.98,20.94,20.47,20.1,20.02,20.08,20.02,19.91,19.94,20.0,19.79,20.0,19.705,19.3,18.95,18.8,19.26
VOW3.DE,,94.02,93.62,93.0,90.0,89.98,90.06,91.0,91.5,89.5,88.3,89.4,87.4,86.92,84.28,86.8,88.44,87.2,87.14,86.38,86.96,88.9,87.2,,87.6,90.0,90.0,89.26,88.06,88.78,90.96,91.04,89.62,90.94,90.8,89.9,88.32,87.5,86.92,87.14,87.0,84.54,,85.42,83.96,85.7,88.9,88.0,87.2,87.26,87.68,87.5,88.72,86.64,87.6,87.6,88.5,89.12,90.74,90.6,91.84,93.02,91.28,91.48,89.8,89.4,89.0,87.48,87.8,87.58,86.48,87.6,91.1,90.12,87.8,86.7,80.3,79.02,77.98,76.02,77.24,74.52,71.36,70.22,70.7,75.0,76.32,74.5,72.8,72.12,70.62,70.7,71.42,74.08,73.28,72.58,72.54,72.12,72.5,71.2,73.02,71.76,74.6,74.8,75.4,75.44,75.94,76.9,76.86,75.74,76.32,75.2,74.9,73.94,73.8,73.44,73.22,73.02,75.06,75.26,74.5,73.46,73.02,71.9,75.3,77.42,78.0,76.0,73.7,82.66
VRSK,212.55,213.14,216.11,211.22,213.75,208.58,203.38,203.4,199.34,200.92,204.71,201.41,204.7,201.1,202.06,198.14,195.61,185.4,185.51,184.87,188.31,187.69,182.95,184.74,185.25,181.42,173.87,168.86,164.85,167.03,171.57,178.89,178.7,178.61,180.5,182.4,177.98,176.26,176.74,178.29,185.49,185.75,187.36,181.11,176.27,177.96,170.68,173.41,170.64,168.83,164.95,161.47,159.22,163.63,174.64,168.67,169.67,172.0,170.03,169.36,171.69,172.03,174.99,180.55,177.24,183.06,182.97,180.48,178.54,181.85,182.28,181.0,179.54,181.59,177.57,176.03,170.35,175.6,175.81,179.6,177.63,182.66,177.81,181.68,184.7,186.15,192.22,191.5,186.76,188.29,188.45,188.92,192.11,194.82,203.72,200.0,196.68,197.69,195.99,195.0,203.62,210.08,217.1,204.39,197.86,196.94,192.71,194.04,188.75,189.63,180.9,178.05,178.35,181.34,187.54,179.95,178.51,178.36,186.06,186.68,187.79,187.66,186.92,187.38,191.02,190.16,193.43,193.2,189.3,186.53
VRTX,478.95,475.3,476.64,457.3,455.59,482.25,497.88,489.97,481.79,475.14,468.4,462.8,454.5,454.62,458.42,447.02,449.14,450.72,450.95,438.73,443.43,449.17,447.55,437.79,435.5,436.25,439.77,446.08,434.17,435.28,444.15,442.35,441.55,444.01,437.12,437.38,440.71,431.89,427.01,431.25,424.44,423.66,425.02,423.75,431.99,422.67,425.13,422.37,429.5,439.92,446.47,453.64,453.45,435.42,436.79,434.31,429.36,437.07,437.99,438.52,434.08,448.01,439.91,432.4,420.63,434.95,445.61,443.17,447.02,447.27,437.51,440.02,446.69,452.82,449.67,462.17,455.65,469.67,471.38,475.11,482.5,495.83,500.49,502.71,503.76,526.67,530.0,523.04,495.58,498.15,486.18,481.29,472.15,480.0,483.51,485.65,478.56,482.32,467.09,476.05,479.27,483.13,492.67,474.1,480.67,480.0,471.29,487.52,490.91,487.11,539.5,525.02,527.0,528.68,511.41,503.87,520.0,537.47,543.78,545.1,548.98,545.53,549.84,540.08,547.09,535.38,548.6,552.42,559.0,549.5
VZ,49.73,50.41,50.97,51.09,51.0,50.31,50.88,50.45,50.95,51.36,51.3,50.37,49.59,49.74,50.04,50.55,50.65,50.57,51.0,50.87,50.55,50.07,49.81,49.4,49.1,47.88,47.81,47.09,46.09,44.77,45.33,45.23,46.11,46.59,46.52,45.88,46.48,47.06,47.43,47.99,47.18,46.86,48.29,47.82,47.54,47.17,47.23,47.21,47.5,47.7,47.89,47.46,47.48,46.6,46.81,47.73,47.61,48.5,48.29,48.43,48.48,48.06,47.5,47.78,47.45,47.14,45.24,45.3,45.29,46.46,47.35,47.41,47.32,47.1,46.51,45.79,45.37,45.71,46.46,45.54,46.2,45.57,44.22,42.39,42.24,42.9,42.7,42.48,42.2,41.61,42.66,42.64,42.27,43.0,44.64,43.28,43.25,45.04,44.16,44.08,46.38,47.85,48.48,46.4,45.9,47.32,47.0,46.0,47.2,46.34,46.74,46.9,46.89,47.03,48.46,48.24,48.57,48.6,49.28,49.37,49.49,50.0,50.31,49.56,49.55,50.06,50.5,50.5,50.61,50.55
WBD,28.3,28.14,27.9,27.76,27.85,27.74,27.76,27.71,27.49,27.28,27.34,27.42,27.36,27.59,27.74,27.35,27.28,27.16,27.09,27.14,27.17,27.31,27.34,27.35,27.35,27.5,27.5,27.55,27.4,27.33,27.32,27.21,27.39,27.42,27.41,27.35,27.42,26.97,27.03,26.97,27.17,26.99,27.01,26.94,26.93,27.16,27.15,27.09,27.07,27.2,27.15,27.26,27.12,26.98,27.01,27.12,27.42,27.15,27.0,27.03,27.13,27.0,26.95,27.21,27.14,27.09,27.0,26.3,26.47,26.63,26.27,26.78,27.11,26.9,26.47,26.24,26.27,26.95,26.9,27.14,27.05,26.85,26.79,26.71,26.8,26.37,26.4,26.4,26.01,26.5,26.33,27.1,27.42,27.17,27.31,26.87,25.89,25.83,25.78,26.21,25.5,25.29,25.61,25.58,25.4,26.39,26.17,25.79,26.2,26.32,26.78,26.93,27.45,27.76,27.77,27.81,27.99,28.55,28.45,28.44,28.87,28.83,28.9,28.79,28.95,28.75,28.57,28.38,28.41,28.32
WDAY,132.7,144.2,144.1,146.4,149.69,147.05,143.0,137.28,134.6,133.64,133.9,134.15,132.49,132.02,137.19,135.33,131.41,127.29,127.23,124.6,128.88,129.83,129.64,131.97,128.39,129.43,115.59,113.05,114.3,119.12,120.16,129.89,127.99,124.01,128.01,129.8,115.38,117.0,117.66,120.31,120.0,120.31,129.09,127.33,127.23,126.85,125.72,125.7,126.75,122.53,115.56,116.79,119.97,123.09,132.8,124.81,121.51,128.74,126.07,121.99,126.73,133.63,152.0,148.6,147.56,152.68,149.32,142.5,140.29,137.0,134.06,129.63,131.0,127.21,125.12,119.49,115.05,117.54,114.99,115.77,116.58,126.98,121.44,128.76,130.13,132.99,142.24,142.23,131.4,142.19,140.85,132.97,142.52,144.33,144.96,140.48,139.01,142.18,135.86,130.49,141.55,151.53,159.79,158.02,155.48,165.84,162.93,173.64,163.71,174.3,176.98,181.03,175.86,177.44,207.85,192.49,195.3,190.34,197.64,197.67,199.7,196.18,188.18,195.4,190.68,201.07,196.36,198.22,204.99,206.94
WFC,81.0,82.69,83.65,80.26,79.43,78.95,78.05,75.48,75.65,74.83,76.5,75.81,75.68,76.4,79.49,77.63,79.51,79.89,78.62,77.88,77.83,81.19,79.41,80.96,81.41,84.5,84.45,85.83,84.59,83.02,80.92,80.09,82.13,81.55,82.15,81.55,80.56,80.11,79.39,81.32,81.24,80.82,82.25,80.58,79.4,80.79,80.69,79.0,75.67,73.9,74.15,73.98,73.94,73.33,74.48,74.89,75.59,76.36,76.91,77.13,75.84,76.62,76.75,76.81,78.88,79.97,82.15,81.81,81.25,81.85,82.55,82.93,84.42,84.0,85.13,84.93,82.72,84.01,84.19,84.28,84.83,83.76,83.7,82.83,86.61,86.0,88.03,86.52,85.85,87.5,87.89,84.85,85.94,87.95,87.74,87.88,86.68,88.19,85.78,85.95,87.3,87.75,86.85,84.58,86.0,87.56,87.56,89.23,89.84,86.46,86.91,87.62,88.0,89.36,88.07,88.72,88.3,87.41,85.62,84.5,84.22,84.98,84.99,84.76,85.41,86.29,86.44,87.75,89.8,88.75
WMT,126.52,127.11,125.38,122.5,123.69,124.21,125.31,122.3,125.39,126.76,126.65,124.33,122.4,120.63,120.48,120.63,122.81,123.61,122.03,123.71,123.43,123.8,125.15,125.81,126.19,122.28,127.09,128.72,126.29,123.15,124.63,124.33,124.57,127.87,127.83,130.0,130.57,131.94,129.62,129.34,126.68,128.02,131.92,130.41,130.51,130.86,129.9,130.32,130.18,128.08,129.19,131.36,133.69,131.52,132.94,132.91,124.41,121.34,120.69,118.33,118.96,118.11,114.73,113.87,113.1,119.9,118.35,118.25,120.38,119.71,120.57,120.59,119.74,121.14,119.58,118.2,116.96,119.71,119.56,117.47,117.29,116.47,113.97,110.13,109.33,111.4,112.97,113.15,111.24,111.95,114.73,115.08,113.25,113.76,116.96,113.96,111.51,109.53,107.51,108.12,109.92,113.96,113.23,111.61,110.52,113.1,109.01,112.45,114.07,110.61,111.08,112.44,112.37,116.17,115.66,114.33,116.3,115.19,106.38,103.69,104.14,105.58,105.51,103.61,103.09,103.08,105.11,105.97,106.42,108.2
XEL,83.01,82.94,82.94,81.71,82.68,82.08,81.56,80.64,81.27,82.66,82.16,80.94,80.02,79.01,77.79,76.77,78.38,77.67,78.11,79.14,79.39,79.15,79.82,80.18,80.07,80.06,81.25,82.63,82.3,80.0,79.4,79.1,81.11,81.08,80.52,79.69,78.63,79.19,79.35,80.19,79.09,79.11,82.95,81.95,81.02,81.13,80.44,80.46,79.56,80.29,78.74,79.69,80.03,78.44,77.87,80.24,79.81,80.35,81.21,80.5,80.77,79.17,78.45,76.35,78.0,78.0,78.34,79.3,77.85,78.7,78.56,78.42,78.34,79.47,78.4,77.46,77.41,79.31,81.0,81.94,82.33,82.41,81.6,80.43,80.44,81.96,81.44,80.7,79.76,79.02,80.1,80.49,80.19,79.55,81.02,79.25,78.4,79.38,79.64,81.25,81.56,81.47,80.74,80.83,78.19,78.06,77.53,77.82,77.98,76.69,77.69,76.48,77.66,78.96,78.95,78.78,80.1,79.6,79.18,78.95,76.43,77.33,77.22,77.0,77.5,75.61,75.76,76.25,75.94,76.0
XOM,155.43,150.72,151.0,153.15,152.02,149.25,147.99,152.27,154.3,156.0,158.25,159.66,158.26,159.35,156.12,161.71,163.87,164.09,165.58,172.51,172.67,165.77,164.49,160.57,164.22,153.52,156.86,154.04,154.27,150.07,148.6,149.53,144.86,147.38,147.37,149.37,149.85,149.64,149.16,151.53,152.02,152.43,152.61,152.67,153.1,149.07,146.8,145.85,146.02,151.25,150.06,151.9,153.75,157.32,161.5,161.61,158.42,154.03,153.5,147.23,149.34,146.19,147.02,149.03,150.61,152.05,152.01,151.16,150.91,151.23,152.3,145.63,139.74,140.19,141.22,138.32,138.54,139.46,137.12,135.64,136.97,136.58,136.48,136.53,137.15,136.55,138.56,143.44,139.66,137.9,140.92,145.51,145.09,145.28,149.03,146.5,149.01,153.86,156.6,156.99,153.07,154.17,157.72,155.09,153.74,153.46,151.62,155.04,154.22,152.64,154.5,159.66,158.55,158.03,159.71,160.1,164.35,166.07,167.02,166.54,163.87,161.45,158.0,157.63,156.6,159.94,163.6,163.93,164.43,161.02
ZAL.DE,,19.455,19.65,20.43,20.27,20.23,20.21,21.0,21.75,23.6,23.69,23.82,23.03,22.96,21.2,21.5,21.54,21.42,20.53,20.0,20.34,21.1,20.76,,20.99,21.63,21.67,22.3,21.72,22.02,22.2,22.65,23.11,23.11,23.32,23.02,22.45,21.9,22.1,21.72,21.34,20.9,,21.2,20.86,21.92,20.23,20.06,19.745,19.99,19.085,19.64,19.355,19.185,19.67,19.36,20.2,20.8,21.64,22.28,22.63,22.81,23.21,23.12,23.43,23.38,23.68,24.09,23.99,24.44,24.86,25.23,25.04,24.25,23.8,24.32,24.11,25.0,25.3,26.37,24.31,25.0,25.34,25.42,25.5,27.11,27.47,27.1,26.34,27.3,26.69,27.16,27.67,27.49,27.71,27.74,28.3,28.0,28.29,27.06,27.91,28.66,29.62,30.0,28.61,28.68,26.0,25.0,24.8,25.04,24.62,24.68,24.25,24.24,24.12,23.57,22.68,22.52,22.45,22.49,22.89,22.95,23.44,23.03,24.09,24.0,24.41,23.99,23.1,22.85
ZS,146.175,154.95,155.93,161.285,163.12,163.52,157.97,152.26,152.57,155.26,153.37,153.82,156.35,152.75,152.385,149.97,142.09,139.18,133.79,135.26,139.42,139.45,136.38,139.62,138.715,148.51,133.1,122.66,119.05,123.54,125.2,134.96,138.14,133.89,135.95,137.39,136.69,133.32,135.35,135.27,135.12,132.9,135.35,140.4,143.52,138.69,148.0,149.34,150.73,149.35,144.69,153.5,156.89,163.36,178.11,168.12,171.26,174.783,184.96,137.16,126.55,131.7,144.5,149.06,141.9,135.69,133.755,130.8,128.11,124.0,122.0,124.68,129.69,128.48,126.245,123.34,122.6,124.5,125.45,126.7,125.23,134.49,135.13,144.25,145.1,144.11,152.74,146.42,140.95,147.12,140.16,139.57,154.22,150.0,145.5,147.33,147.24,149.97,143.97,141.93,145.9,147.1,151.07,150.6,148.5,153.74,153.8,164.23,155.75,167.99,168.74,175.45,174.23,179.1,190.0,188.375,185.29,186.7,183.83,175.23,180.0,175.0,161.055,179.12,186.17,183.83,184.64,176.78,179.08,166.15
ZW=F,,566.5,575.0,608.25,635.0,587.75,588.5,597.5,618.5,609.25,597.25,590.0,608.25,608.0,596.5,591.0,589.0,599.5,605.0,607.75,609.75,618.0,597.5,599.0,595.75,589.0,580.0,572.75,580.0,581.5,592.0,593.0,597.5,596.25,598.0,606.5,600.25,612.5,609.0,620.75,648.75,640.0,632.0,630.0,633.5,614.25,597.25,606.5,615.25,632.75,666.25,647.0,658.25,647.5,666.0,668.25,660.75,650.0,640.0,636.5,622.25,626.25,613.0,609.25,603.0,587.0,581.75,582.75,583.0,585.0,588.5,585.75,582.5,589.0,595.75,613.25,606.25,597.5,587.5,585.25,588.5,581.0,569.0,577.25,590.75,590.25,605.75,606.75,606.5,630.0,630.0,626.25,644.0,677.0,672.75,687.5,673.0,678.5,705.5,694.75,680.75,661.5,666.75,660.0,663.25,635.0,652.0,638.0,643.75,631.0,643.5,639.5,632.0,653.25,653.75,677.25,673.75,661.25,680.0,682.0,687.25,683.25,686.5,729.0,739.5,767.0,771.75,775.25,729.25,727.5
