ticker,klasse_lauf_atr,faelle,lauf_atr_median,lauf_tage_median,anteil_niedrigster,anteil_hoechster,korrektur_atr_niedrigster,korrektur_atr_hoechster,korrektur_tage_median,ganz_zurueck_pct,anteil_p10,korrektur_atr_p10,anteil_p25,korrektur_atr_p25,anteil_p50,korrektur_atr_p50,anteil_p75,korrektur_atr_p75,anteil_p90,korrektur_atr_p90,anteil_p95,korrektur_atr_p95,anteil_p99,korrektur_atr_p99
AAPL,1.0,312,1.46,2.0,29.5,704.7,0.54,9.12,2.0,58.7,61.2,0.95,80.3,1.23,121.8,1.73,194.8,2.86,299.5,4.36,361.9,5.28,515.8,7.59
AAPL,2.0,180,2.42,3.0,19.1,535.9,0.5,10.57,2.0,34.4,33.7,0.85,49.0,1.25,79.5,2.04,118.4,3.0,172.0,4.21,212.1,5.24,375.9,8.0
AAPL,3.0,104,3.47,5.0,17.8,210.8,0.68,7.37,2.0,14.4,31.1,1.08,38.7,1.38,52.2,1.87,75.8,2.68,113.7,4.01,141.1,4.75,175.7,5.75
AAPL,4.0,65,4.42,6.0,12.2,187.4,0.57,7.09,2.0,16.9,24.4,0.99,31.2,1.39,46.3,1.98,83.4,3.09,109.6,4.85,124.3,5.15,165.6,6.47
AAPL,5.0,32,5.47,7.0,10.1,204.8,0.58,8.43,2.0,6.2,13.7,0.73,22.8,1.26,33.1,1.67,55.1,3.35,83.3,3.98,142.5,6.3,202.1,8.4
AAPL,6.0,17,6.46,8.0,20.4,83.2,1.28,5.38,1.0,0.0,21.9,1.38,26.0,1.47,27.5,1.57,40.6,2.3,67.5,4.34,80.6,4.97,82.7,5.3
AAPL,7.0,10,7.73,8.5,20.1,99.9,1.22,5.97,1.0,0.0,21.5,1.3,23.6,1.43,34.4,1.93,41.6,3.05,59.3,4.02,79.6,5.0,95.8,5.78
AAPL,8.0,6,8.17,5.5,14.8,52.3,0.88,3.58,2.0,0.0,18.5,1.04,22.6,1.27,25.8,1.53,44.0,2.68,51.0,3.31,51.6,3.45,52.2,3.55
AAPL,9.0,4,9.45,9.0,33.5,82.7,1.88,5.82,3.0,0.0,38.0,2.2,44.8,2.69,51.6,3.66,61.8,4.73,74.3,5.39,78.5,5.61,81.9,5.78
AAPL,12.0,2,12.5,10.0,14.8,46.5,1.14,3.46,1.5,0.0,18.0,1.37,22.7,1.72,30.6,2.3,38.6,2.88,43.3,3.23,44.9,3.35,46.2,3.44
AAPL,15.0,1,15.68,16.0,12.7,12.7,1.73,1.73,1.0,0.0,12.7,1.73,12.7,1.73,12.7,1.73,12.7,1.73,12.7,1.73,12.7,1.73,12.7,1.73
ABBV,1.0,241,1.46,2.0,28.1,642.7,0.49,13.25,2.0,60.2,58.4,0.87,80.0,1.21,112.8,1.71,176.1,2.54,257.5,4.01,324.2,4.91,508.5,6.53
ABBV,2.0,150,2.41,3.0,22.6,542.8,0.51,10.64,2.0,31.3,35.7,1.0,49.7,1.25,72.7,1.76,113.6,2.6,175.7,4.04,228.0,5.35,471.5,9.87
ABBV,3.0,62,3.34,5.0,17.2,244.4,0.65,9.54,2.0,19.4,30.1,1.11,42.3,1.4,57.5,1.89,88.0,2.66,131.3,3.85,170.2,6.24,242.0,8.02
ABBV,4.0,30,4.36,6.0,19.0,168.7,0.93,7.37,2.0,6.7,21.9,1.06,30.2,1.3,47.2,1.82,69.3,2.74,88.9,3.82,104.7,4.26,151.8,6.53
ABBV,5.0,14,5.39,7.0,19.2,64.9,1.07,2.79,2.0,0.0,23.0,1.27,31.6,1.46,36.2,1.71,44.0,2.1,60.2,2.6,64.8,2.78,64.9,2.79
ABBV,6.0,8,6.51,7.5,22.3,137.7,1.16,6.83,1.0,12.5,25.6,1.37,30.2,1.5,32.9,1.66,44.7,2.23,81.1,3.78,109.4,5.31,132.0,6.53
ABBV,7.0,7,7.24,9.0,10.6,64.6,0.91,3.74,3.0,0.0,16.7,1.13,26.4,1.57,44.5,2.33,54.1,2.83,63.9,3.25,64.2,3.49,64.5,3.69
ABBV,8.0,3,8.67,11.0,28.6,71.4,1.68,4.8,5.0,0.0,28.6,1.76,28.6,1.88,28.7,2.07,50.1,3.44,62.9,4.26,67.1,4.53,70.5,4.75
ABBV,10.0,1,10.89,4.0,31.4,31.4,2.07,2.07,2.0,0.0,31.4,2.07,31.4,2.07,31.4,2.07,31.4,2.07,31.4,2.07,31.4,2.07,31.4,2.07
ABBV,11.0,2,11.02,5.0,30.2,67.0,2.24,4.67,4.0,0.0,33.9,2.48,39.4,2.85,48.6,3.46,57.8,4.07,63.3,4.43,65.2,4.55,66.6,4.65
ABBV,16.0,1,16.56,8.0,43.4,43.4,3.2,3.2,8.0,0.0,43.4,3.2,43.4,3.2,43.4,3.2,43.4,3.2,43.4,3.2,43.4,3.2,43.4,3.2
ABNB,1.0,99,1.46,2.0,33.3,422.9,0.54,6.48,2.0,64.6,62.6,0.96,85.7,1.29,122.3,1.76,177.2,2.67,266.2,3.74,322.9,4.45,415.8,5.03
ABNB,2.0,73,2.39,3.0,33.1,277.3,0.82,6.36,2.0,32.9,46.6,1.22,58.1,1.42,78.4,1.88,135.8,3.0,172.6,4.58,208.6,4.94,277.0,6.01
ABNB,3.0,26,3.34,5.0,24.5,198.8,0.88,6.36,2.5,15.4,29.3,0.94,35.4,1.25,59.8,1.85,86.8,2.82,146.2,4.38,186.3,5.59,196.1,6.22
ABNB,4.0,8,4.46,4.0,19.3,73.2,0.89,2.79,2.0,0.0,27.1,1.14,33.5,1.33,36.9,1.67,56.4,2.15,66.8,2.43,70.0,2.61,72.6,2.76
ABNB,5.0,9,5.44,5.0,19.3,140.1,0.81,6.31,2.0,22.2,24.8,1.26,33.3,1.64,40.5,1.78,68.9,3.23,113.6,4.95,126.9,5.63,137.5,6.17
ABNB,7.0,3,7.47,4.0,14.8,84.6,1.18,4.97,5.0,0.0,24.7,1.69,39.5,2.44,64.2,3.7,74.4,4.34,80.5,4.72,82.6,4.84,84.2,4.95
ABNB,9.0,2,9.3,8.0,14.7,55.9,0.85,3.88,1.0,0.0,18.8,1.16,25.0,1.61,35.3,2.37,45.6,3.13,51.8,3.58,53.8,3.73,55.5,3.85
ABT,1.0,347,1.46,2.0,27.7,818.2,0.56,11.55,2.0,60.8,70.8,1.03,86.4,1.34,116.5,1.78,169.8,2.46,248.5,3.78,356.0,5.4,589.1,7.59
ABT,2.0,217,2.42,3.0,26.1,628.1,0.67,13.38,2.0,30.9,40.1,1.09,55.5,1.35,77.8,1.98,111.5,2.71,166.9,3.88,211.4,5.02,288.4,7.34
ABT,3.0,92,3.41,4.0,18.6,242.4,0.68,6.97,2.0,18.5,29.3,1.01,39.3,1.31,52.0,1.78,76.4,2.76,121.1,4.09,142.0,4.77,202.4,6.9
ABT,4.0,43,4.39,5.0,19.6,153.7,0.84,5.88,3.0,2.3,28.8,1.15,36.2,1.72,54.0,2.31,70.7,2.69,86.0,3.27,90.1,3.61,130.2,5.09
ABT,5.0,22,5.46,7.5,18.5,106.1,0.92,5.4,2.0,9.1,21.2,1.03,24.2,1.11,27.2,1.49,35.6,1.71,88.1,3.68,103.7,5.03,105.7,5.34
ABT,6.0,8,6.34,9.5,16.0,78.5,0.96,3.54,2.0,0.0,18.2,1.13,19.5,1.22,24.5,1.41,47.0,2.57,58.5,3.12,68.5,3.33,76.5,3.5
ABT,7.0,7,7.47,8.0,24.8,118.2,1.3,6.39,3.0,14.3,26.1,1.52,30.9,1.75,35.5,1.88,38.9,2.57,71.5,4.26,94.9,5.33,113.5,6.18
ABT,8.0,7,8.4,9.0,12.0,97.9,0.76,7.08,2.0,0.0,12.1,0.78,13.8,1.02,39.1,2.13,51.0,2.97,75.0,4.82,86.4,5.95,95.6,6.86
ABT,9.0,1,9.89,14.0,15.9,15.9,1.33,1.33,2.0,0.0,15.9,1.33,15.9,1.33,15.9,1.33,15.9,1.33,15.9,1.33,15.9,1.33,15.9,1.33
ABT,11.0,1,11.62,8.0,20.3,20.3,1.28,1.28,5.0,0.0,20.3,1.28,20.3,1.28,20.3,1.28,20.3,1.28,20.3,1.28,20.3,1.28,20.3,1.28
ACN,1.0,364,1.51,2.0,31.1,904.0,0.47,12.49,2.0,61.0,60.5,0.93,80.3,1.27,113.8,1.75,180.8,2.59,268.8,3.81,333.9,5.16,662.9,10.28
ACN,2.0,209,2.44,3.0,16.2,361.2,0.52,9.8,2.0,33.0,37.3,0.94,48.2,1.23,76.1,1.83,113.8,2.82,185.4,4.24,250.0,5.68,283.8,7.06
ACN,3.0,100,3.42,4.0,15.9,322.1,0.69,9.77,2.0,20.0,30.8,1.07,39.4,1.38,58.7,2.0,88.8,2.79,126.7,3.87,160.2,4.98,300.9,7.92
ACN,4.0,47,4.36,7.0,12.3,120.9,0.59,4.92,2.0,10.6,25.3,1.14,32.5,1.4,46.2,2.16,74.8,3.12,101.2,4.17,108.7,4.33,116.0,4.7
ACN,5.0,18,5.52,8.0,15.4,119.2,1.08,6.55,2.0,5.6,19.8,1.13,22.6,1.26,35.6,1.88,62.5,2.87,78.5,3.66,87.2,4.43,112.8,6.13
ACN,6.0,13,6.28,6.0,20.7,73.5,1.19,3.55,2.0,0.0,23.5,1.39,26.7,1.75,34.9,1.98,42.5,2.19,47.9,2.55,58.9,3.0,70.6,3.44
ACN,7.0,13,7.33,8.0,11.9,72.2,0.64,3.77,3.0,0.0,14.7,1.13,24.8,1.39,33.7,1.89,50.6,2.77,55.0,2.94,62.1,3.28,70.2,3.67
ACN,8.0,2,8.29,6.5,29.2,57.7,1.92,3.29,4.0,0.0,32.0,2.05,36.3,2.26,43.5,2.6,50.6,2.94,54.9,3.15,56.3,3.22,57.4,3.27
ACN,9.0,2,9.13,13.5,24.6,31.2,1.51,2.29,3.5,0.0,25.3,1.58,26.2,1.7,27.9,1.9,29.6,2.09,30.5,2.21,30.9,2.25,31.1,2.28
ADBE,1.0,329,1.51,2.0,25.3,867.4,0.48,10.7,2.0,56.5,58.1,0.93,78.5,1.21,117.3,1.72,180.9,2.63,271.5,4.08,379.3,5.18,552.2,7.44
ADBE,2.0,212,2.43,3.0,21.5,435.5,0.61,10.61,2.0,34.4,41.5,1.03,53.1,1.33,75.1,1.91,123.8,2.87,182.4,3.96,252.3,5.97,335.0,8.75
ADBE,3.0,108,3.4,4.5,23.4,307.9,0.86,9.41,2.0,17.6,31.0,1.11,36.9,1.29,52.2,1.79,82.3,3.05,130.8,4.32,152.1,4.97,233.2,9.01
ADBE,4.0,42,4.44,6.5,13.1,234.9,0.82,10.33,2.0,9.5,22.7,1.07,32.7,1.44,51.3,2.28,74.7,2.94,98.7,3.86,109.3,5.13,194.5,8.37
ADBE,5.0,20,5.48,8.0,15.3,60.6,0.83,3.33,2.0,0.0,23.3,1.22,30.2,1.39,44.4,2.14,49.9,2.46,57.3,3.02,58.8,3.17,60.2,3.3
ADBE,6.0,9,6.44,10.0,24.0,171.8,1.35,8.71,1.0,33.3,24.5,1.52,26.6,1.69,36.8,2.25,101.9,4.1,164.9,8.49,168.4,8.6,171.1,8.69
ADBE,7.0,7,7.38,7.0,17.4,46.0,1.05,2.59,2.0,0.0,17.6,1.2,18.5,1.54,34.6,1.82,36.1,2.07,40.9,2.37,43.4,2.48,45.5,2.57
ADBE,8.0,6,8.75,5.5,15.5,81.9,1.2,5.01,3.0,0.0,17.8,1.3,22.9,1.52,41.5,2.52,55.5,3.25,69.3,4.14,75.6,4.58,80.6,4.92
ADBE,12.0,1,12.55,3.0,21.0,21.0,1.59,1.59,3.0,0.0,21.0,1.59,21.0,1.59,21.0,1.59,21.0,1.59,21.0,1.59,21.0,1.59,21.0,1.59
ADI,1.0,372,1.5,2.0,34.9,768.0,0.59,9.13,2.0,64.0,62.7,0.97,85.1,1.29,119.5,1.81,171.8,2.46,233.6,3.57,314.3,4.21,474.0,6.16
ADI,2.0,217,2.4,3.0,21.4,520.6,0.54,13.02,2.0,35.0,41.0,1.06,57.6,1.41,83.3,2.04,117.4,2.8,160.8,4.06,234.8,5.1,304.0,6.21
ADI,3.0,105,3.5,5.0,14.2,227.7,0.51,8.16,2.0,15.2,29.1,1.01,38.3,1.3,52.2,1.81,73.6,2.66,135.4,4.31,149.6,5.08,206.9,6.89
ADI,4.0,48,4.27,7.0,11.8,161.6,0.55,7.96,2.0,4.2,21.1,0.95,27.6,1.31,39.2,1.65,58.6,2.23,92.6,3.52,96.7,4.51,136.8,6.68
ADI,5.0,16,5.3,6.5,16.5,135.2,0.79,6.19,3.5,12.5,20.3,1.01,30.8,1.71,66.3,3.34,74.5,3.59,107.2,4.51,133.2,5.41,134.8,6.03
ADI,6.0,8,6.17,6.5,15.4,127.5,0.84,6.58,1.0,12.5,16.2,0.86,23.0,1.15,32.1,1.62,37.2,2.3,65.3,3.62,96.4,5.1,121.3,6.28
ADI,7.0,6,7.5,5.0,32.6,202.9,1.86,10.91,4.5,16.7,37.1,2.07,42.8,2.39,47.8,2.81,51.2,3.4,127.4,7.24,165.2,9.08,195.4,10.55
ADI,8.0,3,8.37,3.0,26.2,57.4,1.76,3.44,1.0,0.0,30.7,1.98,37.5,2.31,48.7,2.85,53.0,3.15,55.7,3.32,56.5,3.38,57.2,3.43
ADI,9.0,1,9.35,13.0,14.9,14.9,1.0,1.0,2.0,0.0,14.9,1.0,14.9,1.0,14.9,1.0,14.9,1.0,14.9,1.0,14.9,1.0,14.9,1.0
ADP,1.0,351,1.5,2.0,27.4,988.6,0.53,10.36,2.0,60.7,60.4,0.95,77.2,1.27,120.4,1.81,179.8,2.53,250.0,3.74,318.3,4.53,568.0,8.86
ADP,2.0,211,2.42,3.0,20.5,471.4,0.61,9.65,2.0,33.6,41.3,0.98,52.3,1.28,75.2,1.87,113.5,2.74,155.7,3.73,179.2,4.26,271.9,7.08
ADP,3.0,98,3.43,5.0,19.8,413.4,0.69,14.81,2.0,25.5,29.9,1.12,40.0,1.51,61.2,2.01,96.7,3.16,130.0,4.14,176.1,5.43,269.8,7.56
ADP,4.0,36,4.45,6.0,13.1,964.0,0.49,39.75,2.0,5.6,24.5,1.05,29.7,1.44,39.2,1.79,66.1,2.56,85.2,3.57,94.7,3.76,665.0,27.21
ADP,5.0,22,5.42,6.0,14.6,79.2,0.73,4.5,2.0,0.0,18.1,0.9,29.0,1.41,39.0,2.05,52.5,2.42,58.8,3.0,59.5,3.51,75.1,4.3
ADP,6.0,8,6.42,10.0,12.0,44.8,0.74,2.52,2.0,0.0,13.8,0.89,24.4,1.28,30.5,1.93,35.4,2.09,43.6,2.35,44.2,2.44,44.7,2.5
ADP,7.0,6,7.45,14.0,15.0,61.3,1.16,4.27,3.0,0.0,15.3,1.41,21.6,1.77,41.1,2.59,53.7,3.11,59.3,3.7,60.3,3.99,61.1,4.22
ADP,8.0,5,8.43,10.0,9.5,27.9,0.68,1.55,1.0,0.0,9.7,0.72,10.1,0.78,13.0,0.93,15.9,1.06,23.1,1.36,25.5,1.45,27.4,1.53
ADP,9.0,2,9.5,18.5,43.6,79.6,3.63,5.35,4.0,0.0,47.2,3.8,52.6,4.06,61.6,4.49,70.6,4.92,76.0,5.18,77.8,5.26,79.2,5.33
ADP,10.0,1,10.97,16.0,9.7,9.7,1.07,1.07,1.0,0.0,9.7,1.07,9.7,1.07,9.7,1.07,9.7,1.07,9.7,1.07,9.7,1.07,9.7,1.07
ADP,12.0,1,12.27,5.0,60.4,60.4,4.06,4.06,4.0,0.0,60.4,4.06,60.4,4.06,60.4,4.06,60.4,4.06,60.4,4.06,60.4,4.06,60.4,4.06
ADS.DE,1.0,321,1.49,2.0,31.2,720.7,0.64,12.48,2.0,65.4,64.7,1.01,85.3,1.32,123.3,1.88,206.0,2.88,280.4,4.12,334.1,4.86,574.8,7.78
ADS.DE,2.0,221,2.45,3.0,22.5,453.6,0.57,8.93,2.0,32.6,40.0,0.96,54.4,1.35,79.1,1.99,110.1,2.85,160.9,3.94,192.8,4.32,309.6,8.14
ADS.DE,3.0,98,3.34,4.0,20.2,242.6,0.73,8.31,2.0,26.5,29.5,1.08,42.5,1.47,62.0,2.08,101.2,3.14,130.4,4.07,159.4,4.76,227.4,6.95
ADS.DE,4.0,41,4.45,5.0,12.6,131.0,0.64,6.98,2.0,12.2,27.4,1.19,38.0,1.7,51.8,2.14,74.6,2.82,100.0,3.9,108.1,4.66,128.7,6.38
ADS.DE,5.0,24,5.4,6.5,15.7,216.8,0.84,10.63,3.0,20.8,24.5,1.08,35.6,1.75,59.2,2.67,94.3,4.07,151.1,8.94,164.2,10.04,205.2,10.52
ADS.DE,6.0,12,6.44,7.0,18.7,48.4,1.12,2.54,2.0,0.0,22.3,1.23,24.2,1.52,31.2,1.95,37.0,2.18,47.1,2.32,48.1,2.42,48.3,2.52
ADS.DE,7.0,8,7.4,7.5,16.2,123.1,0.82,8.82,3.5,12.5,17.9,1.01,24.9,1.45,53.5,3.11,73.6,4.23,92.8,6.45,107.9,7.64,120.1,8.59
ADS.DE,8.0,5,8.34,10.0,23.5,36.8,1.24,2.51,2.0,0.0,23.7,1.42,24.1,1.69,29.2,1.89,34.4,1.9,35.8,2.27,36.3,2.39,36.7,2.48
ADS.DE,9.0,4,9.17,9.5,11.9,36.3,0.8,2.09,1.0,0.0,14.8,0.95,19.2,1.19,22.2,1.54,26.2,1.84,32.2,1.99,34.3,2.04,35.9,2.08
ADS.DE,11.0,1,11.14,4.0,27.7,27.7,1.64,1.64,1.0,0.0,27.7,1.64,27.7,1.64,27.7,1.64,27.7,1.64,27.7,1.64,27.7,1.64,27.7,1.64
ADSK,1.0,336,1.48,2.0,25.1,726.9,0.64,9.44,2.0,59.5,61.3,0.98,80.6,1.22,118.5,1.82,192.1,2.79,266.1,3.97,364.0,5.16,518.8,7.94
ADSK,2.0,182,2.44,3.0,18.9,558.6,0.61,11.75,2.0,40.7,39.5,1.01,57.7,1.4,79.3,2.0,128.6,3.25,209.8,4.55,267.6,5.85,407.1,9.08
ADSK,3.0,103,3.48,5.0,16.8,341.8,0.68,11.51,2.0,20.4,26.0,0.9,35.6,1.25,52.6,1.96,89.2,2.86,135.7,4.38,208.5,7.18,298.9,10.3
ADSK,4.0,45,4.5,6.0,15.2,138.6,0.63,5.8,2.0,6.7,24.2,1.09,29.2,1.38,37.9,1.72,65.0,2.9,88.9,3.52,121.1,4.61,136.6,5.54
ADSK,5.0,31,5.54,6.0,12.4,112.9,0.67,5.13,2.0,3.2,18.7,0.99,26.6,1.43,36.3,1.89,55.0,2.4,66.7,2.94,76.5,3.99,102.5,5.0
ADSK,6.0,6,6.53,9.5,20.7,58.2,1.14,3.74,3.5,0.0,25.1,1.37,31.1,1.68,37.8,1.95,48.0,2.79,54.5,3.4,56.3,3.57,57.8,3.7
ADSK,7.0,6,7.59,9.0,15.0,150.1,0.86,9.38,3.0,16.7,23.6,1.77,35.5,2.74,50.0,2.93,55.3,2.99,102.8,6.19,126.4,7.78,145.4,9.06
ADSK,8.0,7,8.66,9.0,15.5,75.6,1.12,4.81,2.0,0.0,17.7,1.16,19.9,1.24,21.1,1.34,22.7,1.61,44.8,3.0,60.2,3.91,72.5,4.63
ADSK,9.0,2,9.62,10.0,33.8,44.0,2.78,2.92,5.0,0.0,34.8,2.79,36.3,2.81,38.9,2.85,41.5,2.88,43.0,2.91,43.5,2.91,43.9,2.92
ADSK,10.0,1,10.07,18.0,26.1,26.1,1.75,1.75,4.0,0.0,26.1,1.75,26.1,1.75,26.1,1.75,26.1,1.75,26.1,1.75,26.1,1.75,26.1,1.75
ADSK,11.0,1,11.35,3.0,11.3,11.3,0.79,0.79,1.0,0.0,11.3,0.79,11.3,0.79,11.3,0.79,11.3,0.79,11.3,0.79,11.3,0.79,11.3,0.79
AEP,1.0,360,1.55,2.0,32.0,607.9,0.58,9.05,2.0,61.4,64.2,1.01,83.0,1.25,111.0,1.77,156.0,2.46,246.6,3.8,348.4,4.91,473.0,6.92
AEP,2.0,214,2.4,3.0,25.2,555.2,0.72,16.56,2.0,34.1,41.1,1.02,54.0,1.37,73.2,1.82,119.4,2.76,173.0,4.11,207.0,5.16,343.9,8.05
AEP,3.0,89,3.33,5.0,20.1,348.6,0.6,9.65,2.0,12.4,31.7,1.14,40.4,1.35,52.0,1.76,81.3,2.79,107.0,3.64,125.2,4.1,306.7,9.33
AEP,4.0,49,4.42,7.0,16.9,358.4,0.79,13.33,2.0,8.2,25.9,1.22,37.7,1.59,52.3,2.11,70.7,2.93,96.5,3.79,108.1,4.88,255.5,10.09
AEP,5.0,19,5.31,7.0,21.3,81.5,1.01,3.38,2.0,0.0,26.6,1.23,28.0,1.44,31.9,1.91,45.0,2.2,61.9,2.95,64.2,3.01,78.0,3.3
AEP,6.0,4,6.36,6.5,39.6,60.6,2.16,3.35,6.0,0.0,43.7,2.39,49.8,2.74,54.2,3.09,56.5,3.27,59.0,3.32,59.8,3.34,60.4,3.35
AEP,7.0,6,7.24,10.5,13.4,190.6,0.9,9.35,1.5,16.7,17.8,1.21,22.6,1.57,27.3,1.75,36.0,2.1,114.2,5.78,152.4,7.57,183.0,9.0
AEP,8.0,4,8.57,11.5,14.1,60.8,1.18,3.05,1.0,0.0,16.4,1.28,19.9,1.43,26.1,1.69,37.9,2.17,51.7,2.7,56.2,2.87,59.9,3.01
AEP,9.0,1,9.96,11.0,36.2,36.2,2.56,2.56,4.0,0.0,36.2,2.56,36.2,2.56,36.2,2.56,36.2,2.56,36.2,2.56,36.2,2.56,36.2,2.56
AEP,13.0,1,13.38,14.0,28.0,28.0,2.38,2.38,4.0,0.0,28.0,2.38,28.0,2.38,28.0,2.38,28.0,2.38,28.0,2.38,28.0,2.38,28.0,2.38
AIR.DE,1.0,328,1.47,2.0,30.4,808.8,0.46,10.62,2.0,61.3,60.6,0.94,80.6,1.23,121.6,1.78,182.3,2.74,268.0,3.74,364.7,5.1,545.8,8.49
AIR.DE,2.0,222,2.36,3.0,16.3,464.7,0.54,11.57,2.0,44.6,42.1,1.02,61.1,1.45,93.9,2.23,136.7,3.11,177.4,4.14,229.3,5.02,287.5,8.16
AIR.DE,3.0,110,3.4,4.0,12.0,265.4,0.5,8.22,2.0,15.5,25.0,0.87,37.4,1.31,60.7,2.0,88.0,2.79,109.1,3.76,145.3,4.44,219.0,6.14
AIR.DE,4.0,44,4.41,6.0,14.1,168.0,0.7,5.75,2.0,6.8,20.6,1.04,30.4,1.2,45.0,1.98,71.4,3.16,91.2,3.75,105.6,4.26,143.5,5.19
AIR.DE,5.0,22,5.58,7.0,16.4,132.7,0.89,6.52,2.5,4.5,23.9,1.17,27.3,1.36,41.9,1.9,60.0,2.98,80.8,4.32,94.5,6.11,124.8,6.45
AIR.DE,6.0,10,6.4,8.5,11.5,88.5,0.98,4.99,3.0,0.0,25.1,1.43,29.1,1.72,36.4,2.33,53.0,3.23,78.2,4.12,83.4,4.56,87.5,4.9
AIR.DE,7.0,7,7.43,8.0,15.3,74.0,0.79,3.15,3.0,0.0,19.7,1.1,23.2,1.41,31.7,1.65,39.8,2.81,53.8,3.09,63.9,3.12,72.0,3.15
AIR.DE,8.0,4,8.27,11.5,12.3,76.5,1.09,4.15,1.5,0.0,17.5,1.35,25.2,1.75,32.0,2.22,45.1,2.89,63.9,3.64,70.2,3.89,75.2,4.1
AIR.DE,9.0,2,9.45,13.0,12.9,49.0,1.16,3.02,4.0,0.0,16.5,1.35,21.9,1.63,30.9,2.09,40.0,2.55,45.4,2.83,47.2,2.92,48.6,3.0
AIR.DE,10.0,3,10.2,12.0,14.7,20.9,1.14,1.34,1.0,0.0,15.1,1.15,15.8,1.15,16.9,1.15,18.9,1.25,20.1,1.3,20.5,1.32,20.8,1.33
AIR.DE,11.0,1,11.25,7.0,29.9,29.9,2.28,2.28,1.0,0.0,29.9,2.28,29.9,2.28,29.9,2.28,29.9,2.28,29.9,2.28,29.9,2.28,29.9,2.28
AIR.DE,13.0,1,13.97,13.0,36.0,36.0,2.84,2.84,3.0,0.0,36.0,2.84,36.0,2.84,36.0,2.84,36.0,2.84,36.0,2.84,36.0,2.84,36.0,2.84
ALV.DE,1.0,349,1.49,2.0,29.7,837.6,0.6,16.18,2.0,59.6,62.2,0.94,79.7,1.25,118.4,1.83,181.3,2.85,289.0,4.04,385.7,5.37,577.7,7.78
ALV.DE,2.0,219,2.43,3.0,26.9,745.3,0.61,15.01,2.0,34.2,41.9,1.05,54.4,1.36,78.0,1.89,113.9,2.7,172.9,4.37,196.4,5.11,375.5,7.68
ALV.DE,3.0,101,3.44,5.0,17.1,238.6,0.66,7.9,2.0,8.9,29.2,0.99,35.0,1.21,48.0,1.65,67.1,2.38,98.0,3.46,127.2,3.88,187.9,7.01
ALV.DE,4.0,45,4.29,6.0,14.2,145.0,0.84,6.3,2.0,2.2,24.2,1.03,29.8,1.36,48.9,1.97,65.3,2.96,83.7,3.34,89.3,3.96,123.9,5.29
ALV.DE,5.0,25,5.49,8.0,11.3,156.8,0.85,7.59,2.0,8.0,19.3,0.93,24.7,1.24,36.9,1.7,63.8,3.06,93.6,4.7,115.5,5.8,148.1,7.21
ALV.DE,6.0,10,6.31,11.0,10.7,142.2,0.52,11.89,3.0,10.0,15.5,0.98,24.1,1.22,30.2,1.83,38.8,2.82,78.8,4.48,110.5,8.18,135.9,11.15
ALV.DE,7.0,7,7.34,10.0,12.8,44.6,0.94,3.21,1.0,0.0,19.5,1.13,24.6,1.39,29.6,1.82,39.2,2.54,42.2,3.08,43.4,3.15,44.4,3.2
ALV.DE,8.0,5,8.33,15.0,19.1,116.2,1.64,7.12,3.0,20.0,19.5,1.64,20.1,1.65,30.3,2.22,42.6,2.41,86.8,5.24,101.5,6.18,113.3,6.93
ALV.DE,9.0,1,9.64,21.0,15.1,15.1,2.34,2.34,1.0,0.0,15.1,2.34,15.1,2.34,15.1,2.34,15.1,2.34,15.1,2.34,15.1,2.34,15.1,2.34
ALV.DE,12.0,1,12.45,13.0,10.7,10.7,0.9,0.9,2.0,0.0,10.7,0.9,10.7,0.9,10.7,0.9,10.7,0.9,10.7,0.9,10.7,0.9,10.7,0.9
AMAT,1.0,370,1.45,1.0,28.5,514.9,0.57,8.56,2.0,61.1,62.5,0.95,83.7,1.24,118.1,1.73,184.7,2.54,278.7,3.91,348.2,4.99,456.6,6.38
AMAT,2.0,216,2.42,3.0,28.1,272.7,0.66,6.64,2.0,33.3,41.8,1.05,52.9,1.32,76.2,1.88,117.2,2.87,155.7,3.85,191.9,4.42,232.9,6.16
AMAT,3.0,95,3.39,4.0,14.6,239.8,0.56,7.17,2.0,16.8,28.6,1.03,41.0,1.34,51.1,1.73,79.9,2.66,118.8,3.71,137.2,4.41,213.7,6.27
AMAT,4.0,53,4.48,5.0,16.9,231.3,0.84,8.17,2.0,13.2,22.8,1.0,33.6,1.37,48.6,2.03,72.2,2.95,119.5,4.41,137.6,5.3,194.6,7.1
AMAT,5.0,20,5.49,7.0,15.3,107.7,0.86,5.44,2.0,5.0,19.7,1.02,33.5,1.6,42.2,2.09,52.4,2.44,71.7,3.44,94.4,5.15,105.0,5.38
AMAT,6.0,13,6.32,10.0,19.7,114.9,1.15,5.44,1.0,7.7,21.6,1.19,26.4,1.51,30.4,1.66,59.4,4.03,87.5,4.81,101.8,5.17,112.3,5.38
AMAT,7.0,6,7.45,7.0,24.5,63.7,1.44,3.57,2.5,0.0,24.9,1.58,27.4,1.74,35.7,1.79,38.2,2.09,51.0,2.88,57.4,3.22,62.4,3.5
AMAT,8.0,2,8.16,8.5,16.8,21.4,1.06,1.11,1.5,0.0,17.3,1.06,17.9,1.07,19.1,1.08,20.2,1.1,20.9,1.11,21.2,1.11,21.4,1.11
AMAT,9.0,1,9.45,15.0,20.5,20.5,1.53,1.53,1.0,0.0,20.5,1.53,20.5,1.53,20.5,1.53,20.5,1.53,20.5,1.53,20.5,1.53,20.5,1.53
AMAT,11.0,1,11.97,10.0,18.7,18.7,1.52,1.52,2.0,0.0,18.7,1.52,18.7,1.52,18.7,1.52,18.7,1.52,18.7,1.52,18.7,1.52,18.7,1.52
AMAT,12.0,1,12.38,8.0,35.8,35.8,2.85,2.85,1.0,0.0,35.8,2.85,35.8,2.85,35.8,2.85,35.8,2.85,35.8,2.85,35.8,2.85,35.8,2.85
AMAT,13.0,1,13.1,16.0,24.1,24.1,2.02,2.02,8.0,0.0,24.1,2.02,24.1,2.02,24.1,2.02,24.1,2.02,24.1,2.02,24.1,2.02,24.1,2.02
AMD,1.0,306,1.49,2.0,28.9,623.5,0.6,11.04,2.0,59.5,61.9,0.95,82.4,1.3,113.9,1.75,177.8,2.53,269.2,3.78,340.2,4.86,517.0,7.72
AMD,2.0,194,2.44,3.0,26.1,310.6,0.62,9.57,2.0,36.1,40.8,1.04,55.1,1.4,75.4,1.87,133.0,3.23,171.3,4.5,243.1,5.88,292.1,7.3
AMD,3.0,74,3.44,4.0,19.0,308.1,0.79,9.22,2.0,23.0,32.7,1.12,42.0,1.48,65.2,2.26,96.9,3.26,164.4,4.94,173.4,5.5,242.8,7.1
AMD,4.0,42,4.55,6.0,15.4,187.9,0.87,8.77,2.5,23.8,32.1,1.46,44.1,1.84,60.4,2.47,91.7,3.79,118.6,4.76,160.1,6.7,179.9,8.24
AMD,5.0,34,5.53,6.0,20.9,227.3,0.97,9.21,3.0,14.7,26.0,1.3,35.2,1.52,55.8,2.59,75.9,3.41,111.8,5.34,152.3,7.68,204.0,9.14
AMD,6.0,15,6.2,7.0,23.3,93.3,1.5,4.56,2.0,0.0,33.7,1.67,39.0,1.88,47.1,2.4,61.1,2.92,75.0,3.64,84.2,3.99,91.5,4.44
AMD,7.0,12,7.64,8.5,19.7,127.5,1.34,6.82,1.5,8.3,24.0,1.36,26.4,1.57,33.1,2.21,49.0,2.71,60.1,3.22,91.1,4.87,120.2,6.43
AMD,8.0,2,8.26,9.0,23.8,54.2,1.34,2.84,2.5,0.0,26.8,1.49,31.4,1.71,39.0,2.09,46.6,2.46,51.2,2.69,52.7,2.76,53.9,2.82
AMD,9.0,5,9.55,8.0,28.2,49.0,1.69,3.02,3.0,0.0,28.2,1.71,28.3,1.75,36.3,2.44,45.7,2.69,47.7,2.88,48.3,2.95,48.9,3.0
AMD,10.0,2,10.79,5.5,30.0,38.4,2.11,3.17,2.0,0.0,30.8,2.21,32.1,2.37,34.2,2.64,36.3,2.9,37.6,3.06,38.0,3.11,38.3,3.16
AMD,12.0,2,12.82,12.5,31.2,47.4,3.12,3.68,3.0,0.0,32.8,3.18,35.2,3.26,39.3,3.4,43.4,3.54,45.8,3.62,46.6,3.65,47.2,3.67
AMD,14.0,1,14.18,4.0,35.0,35.0,2.25,2.25,1.0,0.0,35.0,2.25,35.0,2.25,35.0,2.25,35.0,2.25,35.0,2.25,35.0,2.25,35.0,2.25
AMD,18.0,1,18.82,27.0,30.3,30.3,3.1,3.1,2.0,0.0,30.3,3.1,30.3,3.1,30.3,3.1,30.3,3.1,30.3,3.1,30.3,3.1,30.3,3.1
AMGN,1.0,354,1.48,2.0,32.6,779.6,0.57,11.79,2.0,61.6,61.6,0.98,81.0,1.22,116.7,1.77,174.1,2.6,258.1,3.79,342.1,4.98,518.2,7.95
AMGN,2.0,186,2.45,3.0,18.9,360.0,0.53,8.77,2.0,31.7,41.1,1.03,54.1,1.37,77.4,1.9,114.3,2.85,180.9,4.0,203.8,5.11,344.2,7.82
AMGN,3.0,85,3.46,5.0,21.7,250.3,0.69,7.17,3.0,21.2,32.7,1.01,40.3,1.44,61.7,2.1,92.9,3.19,141.0,4.73,169.5,5.19,215.0,6.72
AMGN,4.0,47,4.3,5.0,22.1,190.6,0.88,6.57,2.0,6.4,26.6,1.16,32.9,1.39,49.2,2.0,59.3,2.53,87.8,3.45,109.1,3.8,158.5,5.58
AMGN,5.0,28,5.49,6.0,22.9,155.7,1.01,8.23,2.0,7.1,29.3,1.34,32.5,1.55,39.7,2.05,64.3,2.95,69.0,3.38,106.6,5.02,147.8,7.59
AMGN,6.0,7,6.43,8.0,15.9,46.6,0.88,2.75,2.0,0.0,21.1,1.11,26.6,1.38,35.1,2.05,45.5,2.24,46.4,2.52,46.5,2.64,46.6,2.73
AMGN,7.0,5,7.27,8.0,13.8,74.7,1.13,4.26,2.0,0.0,21.6,1.36,33.3,1.7,36.9,2.12,39.7,2.66,60.7,3.62,67.7,3.94,73.3,4.2
AMGN,8.0,3,8.7,4.0,22.4,36.7,1.41,1.92,1.0,0.0,23.0,1.42,24.0,1.44,25.6,1.47,31.2,1.69,34.5,1.83,35.6,1.87,36.5,1.91
AMGN,9.0,2,9.65,7.0,13.5,26.8,0.89,1.74,1.5,0.0,14.8,0.97,16.8,1.1,20.1,1.31,23.5,1.52,25.5,1.65,26.1,1.69,26.7,1.73
AMGN,10.0,1,10.99,5.0,44.1,44.1,3.1,3.1,1.0,0.0,44.1,3.1,44.1,3.1,44.1,3.1,44.1,3.1,44.1,3.1,44.1,3.1,44.1,3.1
AMGN,11.0,2,11.29,11.0,17.1,22.9,1.39,1.79,4.0,0.0,17.7,1.43,18.6,1.49,20.0,1.59,21.4,1.69,22.3,1.75,22.6,1.77,22.8,1.79
AMGN,13.0,1,13.83,24.0,80.0,80.0,6.18,6.18,4.0,0.0,80.0,6.18,80.0,6.18,80.0,6.18,80.0,6.18,80.0,6.18,80.0,6.18,80.0,6.18
AMT,1.0,342,1.45,2.0,37.1,634.2,0.52,10.38,2.0,65.2,66.1,1.01,84.4,1.29,119.2,1.77,180.2,2.63,251.6,3.57,326.6,4.78,434.8,6.51
AMT,2.0,200,2.39,3.0,21.6,387.9,0.6,9.6,2.5,38.5,44.3,1.12,58.9,1.44,82.9,2.04,120.7,2.97,180.1,4.56,210.4,5.31,359.5,7.56
AMT,3.0,112,3.5,5.0,17.3,230.1,0.57,7.94,2.0,16.1,29.9,1.12,38.0,1.35,53.5,1.87,79.0,2.6,122.4,3.98,173.9,6.51,217.6,7.49
AMT,4.0,41,4.37,5.0,20.8,207.3,0.78,6.58,3.0,17.1,24.7,1.02,37.4,1.58,60.5,2.3,86.0,3.61,106.5,4.18,112.8,4.61,170.0,5.95
AMT,5.0,22,5.37,7.0,17.7,156.4,1.12,7.45,2.0,4.5,23.6,1.22,28.5,1.45,44.1,1.89,58.7,2.4,72.6,3.27,87.7,3.66,142.1,6.66
AMT,6.0,11,6.57,9.0,17.1,90.3,0.9,5.91,4.0,0.0,18.9,1.12,23.5,1.74,33.4,2.15,49.2,2.62,58.6,5.41,74.5,5.66,87.1,5.86
AMT,7.0,7,7.3,10.0,29.7,67.7,1.46,4.67,2.0,0.0,31.0,1.61,32.8,1.82,41.2,2.12,48.1,2.85,57.1,3.84,62.4,4.26,66.6,4.59
AMT,8.0,2,8.1,8.0,20.1,38.6,1.29,2.47,3.0,0.0,22.0,1.41,24.7,1.58,29.4,1.88,34.0,2.17,36.8,2.35,37.7,2.41,38.4,2.46
AMT,9.0,1,9.85,14.0,21.4,21.4,1.53,1.53,2.0,0.0,21.4,1.53,21.4,1.53,21.4,1.53,21.4,1.53,21.4,1.53,21.4,1.53,21.4,1.53
AMZN,1.0,330,1.5,2.0,31.9,613.2,0.52,8.85,2.0,62.4,60.6,0.96,85.0,1.26,117.3,1.74,170.0,2.45,237.0,3.45,287.4,4.36,469.9,7.42
AMZN,2.0,198,2.42,3.0,18.6,324.6,0.51,8.91,2.0,39.4,40.4,1.04,53.4,1.3,80.5,1.98,138.2,3.22,192.4,4.53,252.0,5.92,297.8,7.05
AMZN,3.0,105,3.42,5.0,8.2,254.9,0.3,8.23,2.0,21.0,30.6,0.99,38.4,1.3,56.3,1.84,86.3,3.05,134.9,4.37,168.4,5.66,220.0,7.51
AMZN,4.0,52,4.42,6.5,21.3,182.5,0.97,8.2,3.0,13.5,25.1,1.07,40.6,1.57,51.0,2.22,73.5,3.31,108.3,4.64,140.1,5.28,181.1,7.8
AMZN,5.0,24,5.53,6.0,13.2,157.6,0.69,8.83,2.0,12.5,16.9,0.98,23.8,1.45,41.5,1.77,69.7,3.28,97.6,4.89,131.9,5.82,153.0,8.17
AMZN,6.0,17,6.61,8.0,14.1,97.6,0.85,5.42,2.0,0.0,17.0,1.12,25.8,1.43,29.1,1.63,56.1,2.75,67.4,4.01,79.8,4.66,94.0,5.27
AMZN,7.0,7,7.26,8.0,13.0,43.5,0.75,2.63,1.0,0.0,14.0,0.84,18.2,1.16,24.1,1.45,26.2,1.75,33.6,2.25,38.5,2.44,42.5,2.59
AMZN,8.0,4,8.59,9.5,15.7,45.6,1.14,2.69,1.0,0.0,17.3,1.26,19.8,1.44,26.6,1.88,35.5,2.34,41.6,2.55,43.6,2.62,45.2,2.68
AMZN,9.0,5,9.65,3.0,32.4,69.2,2.19,4.04,5.0,0.0,38.8,2.49,48.3,2.94,55.1,3.33,59.7,3.81,65.4,3.95,67.3,3.99,68.8,4.03
AMZN,10.0,3,10.92,5.0,22.4,54.8,1.49,3.4,2.0,0.0,25.5,1.77,30.2,2.17,38.1,2.85,46.5,3.13,51.5,3.29,53.1,3.35,54.5,3.39
AMZN,13.0,1,13.2,2.0,26.6,26.6,1.98,1.98,6.0,0.0,26.6,1.98,26.6,1.98,26.6,1.98,26.6,1.98,26.6,1.98,26.6,1.98,26.6,1.98
AMZN,24.0,1,24.4,4.0,18.1,18.1,1.56,1.56,2.0,0.0,18.1,1.56,18.1,1.56,18.1,1.56,18.1,1.56,18.1,1.56,18.1,1.56,18.1,1.56
ANET,1.0,199,1.52,2.0,28.9,793.7,0.57,10.69,2.0,54.8,60.2,0.97,72.2,1.16,108.1,1.74,181.1,2.76,265.3,3.82,329.6,4.78,572.7,7.87
ANET,2.0,135,2.48,3.0,19.4,460.1,0.62,12.1,2.0,34.8,34.2,0.93,46.5,1.23,72.1,1.92,132.2,3.17,203.3,5.02,262.2,6.31,325.3,8.24
ANET,3.0,58,3.42,4.0,21.2,182.6,0.82,6.3,2.0,22.4,33.5,1.1,40.1,1.4,61.5,2.1,97.5,2.98,120.9,4.39,138.5,4.94,181.3,5.82
ANET,4.0,32,4.52,5.0,18.7,168.7,0.94,6.61,2.0,21.9,32.5,1.45,38.0,1.71,59.0,2.43,94.0,4.06,125.9,4.73,133.5,5.63,160.3,6.5
ANET,5.0,15,5.68,7.0,13.7,151.2,0.74,7.27,1.0,13.3,18.8,0.99,26.9,1.45,36.6,1.74,55.6,2.71,90.1,4.81,121.2,6.3,145.2,7.08
ANET,6.0,12,6.51,7.5,15.1,146.6,0.84,8.8,1.0,8.3,23.7,1.21,25.5,1.47,31.8,1.72,38.1,2.18,47.1,2.49,92.4,5.34,135.8,8.11
ANET,7.0,5,7.48,9.0,14.7,43.4,0.99,3.0,1.0,0.0,17.6,1.21,22.0,1.54,35.9,1.73,37.1,2.54,40.9,2.81,42.1,2.9,43.1,2.98
ANET,8.0,1,8.32,2.0,44.8,44.8,2.38,2.38,3.0,0.0,44.8,2.38,44.8,2.38,44.8,2.38,44.8,2.38,44.8,2.38,44.8,2.38,44.8,2.38
ANET,9.0,1,9.68,8.0,15.1,15.1,0.94,0.94,1.0,0.0,15.1,0.94,15.1,0.94,15.1,0.94,15.1,0.94,15.1,0.94,15.1,0.94,15.1,0.94
ANET,10.0,3,10.55,6.0,21.2,58.4,1.39,3.98,3.0,0.0,21.6,1.55,22.1,1.78,23.1,2.17,40.8,3.07,51.3,3.62,54.9,3.8,57.7,3.94
ANET,11.0,1,11.49,13.0,33.0,33.0,2.81,2.81,1.0,0.0,33.0,2.81,33.0,2.81,33.0,2.81,33.0,2.81,33.0,2.81,33.0,2.81,33.0,2.81
ANET,17.0,1,17.86,11.0,14.3,14.3,0.99,0.99,5.0,0.0,14.3,0.99,14.3,0.99,14.3,0.99,14.3,0.99,14.3,0.99,14.3,0.99,14.3,0.99
APH,1.0,355,1.5,2.0,33.6,895.7,0.62,9.34,2.0,64.2,66.4,1.0,87.8,1.33,124.1,1.9,182.9,2.77,263.7,3.79,315.7,5.07,467.8,7.55
APH,2.0,210,2.46,3.0,20.5,373.8,0.55,11.45,2.0,34.8,39.9,0.96,50.0,1.32,73.1,1.82,117.6,2.78,153.2,3.92,190.8,4.39,301.1,8.34
APH,3.0,100,3.39,5.0,16.9,407.0,0.62,11.6,2.0,20.0,24.0,0.91,33.9,1.24,55.0,1.89,94.3,2.98,133.2,4.41,180.2,4.96,298.9,9.63
APH,4.0,48,4.4,7.0,16.8,110.8,0.7,4.83,2.0,6.2,21.5,0.98,28.0,1.29,43.2,1.77,59.2,2.4,78.0,3.83,103.3,4.21,109.3,4.58
APH,5.0,17,5.73,8.0,12.4,135.0,0.92,7.94,2.0,11.8,18.9,1.23,26.8,1.55,36.7,1.86,55.0,2.53,89.7,4.17,132.3,6.24,134.5,7.6
APH,6.0,24,6.6,9.0,8.7,125.7,0.78,5.88,1.0,4.2,17.6,1.17,24.1,1.38,31.7,1.85,49.1,2.58,84.2,4.89,91.3,5.77,118.0,5.88
APH,7.0,7,7.49,9.0,16.1,45.4,1.03,3.19,2.0,0.0,16.6,1.15,24.6,1.52,33.7,1.83,40.1,2.44,42.5,2.75,43.9,2.97,45.1,3.14
APH,8.0,3,8.14,2.0,45.1,53.6,2.41,5.91,3.0,0.0,46.0,2.55,47.3,2.75,49.5,3.09,51.5,4.5,52.8,5.35,53.2,5.63,53.5,5.85
APH,9.0,1,9.36,11.0,16.0,16.0,1.2,1.2,2.0,0.0,16.0,1.2,16.0,1.2,16.0,1.2,16.0,1.2,16.0,1.2,16.0,1.2,16.0,1.2
APH,10.0,1,10.2,8.0,27.6,27.6,1.98,1.98,3.0,0.0,27.6,1.98,27.6,1.98,27.6,1.98,27.6,1.98,27.6,1.98,27.6,1.98,27.6,1.98
APP,1.0,78,1.51,2.0,43.3,390.0,0.77,5.71,2.0,62.8,72.3,1.02,84.8,1.39,129.5,1.7,192.2,2.97,272.3,4.28,299.6,4.65,355.0,5.38
APP,2.0,59,2.46,3.0,35.4,242.5,1.07,6.59,2.0,44.1,49.3,1.2,58.0,1.53,86.1,1.99,126.8,3.11,187.9,4.64,218.3,5.51,234.6,6.18
APP,3.0,21,3.4,4.0,24.8,180.6,1.02,7.05,2.0,14.3,34.7,1.26,43.3,1.55,60.0,2.03,85.0,3.0,102.6,3.26,104.8,3.43,165.4,6.33
APP,4.0,11,4.86,5.0,28.4,177.3,1.15,8.15,3.0,9.1,39.4,1.56,42.1,1.76,48.2,2.17,73.2,3.11,95.7,4.4,136.5,6.27,169.1,7.78
APP,5.0,3,5.23,6.0,26.1,93.2,1.16,4.27,1.0,0.0,26.2,1.19,26.2,1.24,26.4,1.32,59.8,2.79,79.8,3.68,86.5,3.97,91.9,4.21
APP,6.0,8,6.5,7.0,13.1,97.2,0.84,4.27,4.0,0.0,25.4,1.62,35.2,2.09,51.1,2.54,65.4,3.1,87.4,3.49,92.3,3.88,96.2,4.19
APP,7.0,4,7.26,5.5,21.3,149.3,1.52,7.83,2.5,25.0,26.8,1.65,35.0,1.85,44.2,2.39,73.9,4.06,119.1,6.32,134.2,7.08,146.3,7.68
APP,8.0,1,8.24,12.0,25.3,25.3,1.94,1.94,2.0,0.0,25.3,1.94,25.3,1.94,25.3,1.94,25.3,1.94,25.3,1.94,25.3,1.94,25.3,1.94
APP,9.0,1,9.34,4.0,26.9,26.9,1.53,1.53,3.0,0.0,26.9,1.53,26.9,1.53,26.9,1.53,26.9,1.53,26.9,1.53,26.9,1.53,26.9,1.53
APP,13.0,1,13.82,15.0,18.9,18.9,1.46,1.46,2.0,0.0,18.9,1.46,18.9,1.46,18.9,1.46,18.9,1.46,18.9,1.46,18.9,1.46,18.9,1.46
APP,17.0,1,17.16,26.0,13.8,13.8,2.02,2.02,2.0,0.0,13.8,2.02,13.8,2.02,13.8,2.02,13.8,2.02,13.8,2.02,13.8,2.02,13.8,2.02
APP,23.0,1,23.27,8.0,17.4,17.4,1.3,1.3,1.0,0.0,17.4,1.3,17.4,1.3,17.4,1.3,17.4,1.3,17.4,1.3,17.4,1.3,17.4,1.3
ARM,1.0,41,1.42,2.0,45.6,624.1,0.66,6.63,3.0,73.2,80.5,1.13,99.1,1.38,140.4,2.28,210.0,2.94,298.0,4.22,312.2,4.36,511.9,6.11
ARM,2.0,30,2.33,3.0,18.7,231.9,0.63,6.88,2.0,30.0,38.7,1.05,54.1,1.1,79.8,1.82,105.6,2.54,155.9,3.88,187.2,5.11,224.7,6.48
ARM,3.0,14,3.68,5.0,42.4,161.1,1.41,5.48,3.5,21.4,44.1,1.58,49.5,1.77,63.1,2.16,92.6,3.19,119.4,3.95,139.1,4.64,156.7,5.31
ARM,4.0,5,4.49,5.0,36.3,82.1,1.18,3.98,2.0,0.0,37.4,1.35,39.0,1.6,39.3,1.68,47.5,1.94,68.3,3.16,75.2,3.57,80.7,3.9
ARM,5.0,3,5.62,5.0,34.5,48.3,1.69,2.77,2.0,0.0,36.4,1.73,39.2,1.8,43.9,1.9,46.1,2.34,47.4,2.6,47.9,2.69,48.2,2.76
ARM,6.0,2,6.62,6.0,55.9,59.9,3.07,3.16,2.0,0.0,56.3,3.08,56.9,3.09,57.9,3.12,58.9,3.14,59.5,3.15,59.7,3.16,59.9,3.16
ARM,7.0,3,7.24,6.0,21.0,84.1,1.17,4.7,3.0,0.0,31.3,1.69,46.9,2.48,72.7,3.78,78.4,4.24,81.8,4.51,83.0,4.61,83.9,4.68
ARM,8.0,1,8.84,7.0,53.7,53.7,3.73,3.73,3.0,0.0,53.7,3.73,53.7,3.73,53.7,3.73,53.7,3.73,53.7,3.73,53.7,3.73,53.7,3.73
ARM,11.0,1,11.83,17.0,41.6,41.6,2.88,2.88,4.0,0.0,41.6,2.88,41.6,2.88,41.6,2.88,41.6,2.88,41.6,2.88,41.6,2.88,41.6,2.88
ARM,14.0,1,14.42,10.0,57.6,57.6,4.4,4.4,5.0,0.0,57.6,4.4,57.6,4.4,57.6,4.4,57.6,4.4,57.6,4.4,57.6,4.4,57.6,4.4
ARM,28.0,1,28.51,7.0,51.2,51.2,4.47,4.47,5.0,0.0,51.2,4.47,51.2,4.47,51.2,4.47,51.2,4.47,51.2,4.47,51.2,4.47,51.2,4.47
ASML,1.0,362,1.5,2.0,25.6,623.3,0.44,11.2,2.0,62.7,57.8,0.94,84.4,1.22,122.1,1.81,177.5,2.72,249.4,3.74,320.4,4.48,530.4,8.22
ASML,2.0,210,2.35,3.0,22.5,394.2,0.54,9.12,2.0,33.3,38.6,0.96,52.7,1.29,76.8,1.84,122.4,2.86,192.4,4.37,233.6,5.23,302.2,7.1
ASML,3.0,118,3.45,4.0,14.2,252.2,0.64,6.81,2.0,23.7,27.9,0.98,36.7,1.24,57.5,1.97,94.9,3.22,135.0,4.23,171.9,5.42,192.4,6.29
ASML,4.0,52,4.39,5.5,16.9,147.4,0.61,5.86,2.5,7.7,29.9,1.2,34.0,1.41,47.7,1.92,71.3,3.12,90.2,3.93,134.0,5.08,147.1,5.67
ASML,5.0,36,5.47,5.5,15.5,97.9,0.68,4.67,2.0,0.0,20.6,0.99,27.4,1.38,35.3,1.87,49.0,2.33,70.4,3.14,85.6,3.63,97.3,4.37
ASML,6.0,12,6.33,7.0,15.6,75.0,1.08,3.9,2.0,0.0,18.3,1.15,24.0,1.45,46.4,2.38,56.7,3.09,72.9,3.66,74.2,3.79,74.8,3.88
ASML,7.0,4,7.21,9.0,27.6,79.0,1.95,4.03,3.0,0.0,29.0,2.06,31.1,2.24,38.8,2.42,53.7,2.88,68.9,3.57,73.9,3.8,78.0,3.98
ASML,8.0,2,8.61,8.5,27.3,28.1,1.64,2.04,1.5,0.0,27.4,1.68,27.5,1.74,27.7,1.84,27.9,1.94,28.0,2.0,28.1,2.02,28.1,2.03
ASML,9.0,4,9.45,12.0,44.8,76.4,2.75,5.25,4.5,0.0,47.2,3.06,50.7,3.52,58.1,3.83,66.7,4.22,72.5,4.83,74.5,5.04,76.0,5.2
ASML,10.0,1,10.32,30.0,14.5,14.5,1.51,1.51,1.0,0.0,14.5,1.51,14.5,1.51,14.5,1.51,14.5,1.51,14.5,1.51,14.5,1.51,14.5,1.51
ASML,13.0,1,13.26,14.0,33.8,33.8,2.73,2.73,1.0,0.0,33.8,2.73,33.8,2.73,33.8,2.73,33.8,2.73,33.8,2.73,33.8,2.73,33.8,2.73
AVGO,1.0,299,1.48,2.0,26.4,760.3,0.46,11.38,2.0,59.5,61.4,0.97,81.7,1.26,117.6,1.72,171.4,2.51,253.6,3.66,320.4,4.48,519.9,6.75
AVGO,2.0,195,2.42,3.0,15.4,516.0,0.48,13.27,2.0,28.2,38.9,1.01,54.5,1.32,75.7,1.9,113.7,2.67,173.7,3.87,200.9,4.71,299.7,8.82
AVGO,3.0,83,3.35,5.0,26.0,206.6,0.8,7.08,2.0,19.3,36.0,1.26,43.1,1.52,60.6,2.12,86.5,3.01,116.2,3.82,131.2,4.63,195.9,7.06
AVGO,4.0,36,4.31,7.0,20.1,128.1,0.84,6.09,3.0,2.8,23.9,1.03,30.5,1.46,52.0,2.35,74.0,3.08,98.1,3.8,99.3,4.35,118.1,5.66
AVGO,5.0,23,5.46,6.0,16.9,153.9,0.74,6.78,2.0,4.3,25.5,1.14,35.1,1.73,51.2,2.49,70.0,3.02,76.0,4.15,88.6,4.42,139.8,6.26
AVGO,6.0,13,6.39,10.0,11.5,66.0,0.61,3.85,1.0,0.0,13.6,0.79,18.8,0.94,28.7,1.75,48.7,2.62,51.1,2.91,57.1,3.29,64.2,3.74
AVGO,7.0,3,7.13,6.0,15.4,61.7,1.26,2.9,2.0,0.0,19.6,1.4,26.0,1.6,36.6,1.94,49.2,2.42,56.7,2.71,59.2,2.81,61.2,2.88
AVGO,8.0,6,8.5,9.0,20.5,53.4,1.14,4.07,2.0,0.0,20.5,1.44,21.0,1.78,30.6,2.04,47.2,2.99,51.7,3.67,52.5,3.87,53.2,4.03
AVGO,9.0,2,9.18,9.0,11.6,24.5,0.97,1.77,2.0,0.0,12.9,1.05,14.8,1.17,18.1,1.37,21.3,1.57,23.2,1.69,23.9,1.73,24.4,1.76
AVGO,11.0,2,11.44,15.0,17.2,43.3,1.77,3.15,6.0,0.0,19.8,1.91,23.7,2.12,30.2,2.46,36.8,2.81,40.7,3.01,42.0,3.08,43.0,3.14
AVGO,12.0,2,12.1,4.0,27.2,45.2,1.97,3.07,4.5,0.0,29.0,2.08,31.7,2.25,36.2,2.52,40.7,2.8,43.4,2.96,44.3,3.02,45.0,3.06
AVGO,14.0,1,14.31,11.0,51.5,51.5,4.24,4.24,4.0,0.0,51.5,4.24,51.5,4.24,51.5,4.24,51.5,4.24,51.5,4.24,51.5,4.24,51.5,4.24
AVGO,18.0,1,18.64,3.0,55.6,55.6,4.76,4.76,2.0,0.0,55.6,4.76,55.6,4.76,55.6,4.76,55.6,4.76,55.6,4.76,55.6,4.76,55.6,4.76
AXON,1.0,292,1.44,2.0,31.8,797.5,0.55,11.44,2.0,61.0,61.9,0.97,81.8,1.21,111.4,1.68,171.0,2.48,270.0,3.88,391.7,4.91,497.1,8.25
AXON,2.0,184,2.41,3.0,18.2,363.2,0.56,12.45,2.5,41.3,39.5,1.04,56.0,1.35,82.4,2.12,131.9,3.14,207.6,4.75,244.7,6.05,358.6,8.67
AXON,3.0,71,3.38,4.0,11.1,370.0,0.7,10.97,2.0,18.3,28.9,1.01,49.5,1.68,69.4,2.13,89.8,3.07,137.7,4.82,205.6,6.33,288.4,8.56
AXON,4.0,41,4.5,5.0,17.8,233.3,0.69,9.48,3.0,24.4,26.7,1.08,33.8,1.53,63.4,2.66,96.2,4.28,147.3,5.37,164.5,6.45,221.3,9.32
AXON,5.0,29,5.47,6.0,19.3,85.0,0.96,4.75,2.0,0.0,22.6,1.16,26.6,1.39,41.0,1.95,55.2,2.39,66.4,3.39,72.4,3.78,82.4,4.54
AXON,6.0,12,6.21,5.5,23.5,192.1,1.23,9.24,1.5,8.3,26.8,1.5,31.6,1.86,49.3,2.47,58.6,2.75,75.3,3.54,128.7,6.14,179.4,8.62
AXON,7.0,11,7.59,8.0,22.6,115.1,1.31,5.91,6.0,9.1,23.4,1.43,30.1,1.7,37.1,2.32,59.7,3.52,97.6,4.97,106.3,5.44,113.3,5.81
AXON,8.0,6,8.4,5.5,24.0,115.1,1.49,6.91,3.0,16.7,29.8,1.63,35.9,1.83,38.9,2.43,76.7,4.35,101.8,5.87,108.5,6.39,113.8,6.8
AXON,9.0,5,9.53,10.0,14.4,111.4,1.06,7.41,5.0,20.0,22.5,1.61,34.6,2.43,52.7,3.13,54.9,3.94,88.8,6.02,100.1,6.71,109.1,7.27
AXON,10.0,2,10.55,8.0,11.5,20.9,0.72,1.2,2.5,0.0,12.4,0.77,13.8,0.84,16.2,0.96,18.5,1.08,20.0,1.15,20.4,1.18,20.8,1.2
AXON,13.0,1,13.02,5.0,35.8,35.8,2.5,2.5,1.0,0.0,35.8,2.5,35.8,2.5,35.8,2.5,35.8,2.5,35.8,2.5,35.8,2.5,35.8,2.5
AXON,14.0,3,14.52,15.0,8.5,53.8,0.55,4.36,1.0,0.0,13.8,0.92,21.7,1.48,34.9,2.42,44.3,3.39,50.0,3.97,51.9,4.16,53.4,4.32
AXON,16.0,1,16.33,9.0,25.4,25.4,1.59,1.59,5.0,0.0,25.4,1.59,25.4,1.59,25.4,1.59,25.4,1.59,25.4,1.59,25.4,1.59,25.4,1.59
AXON,18.0,1,18.39,10.0,31.1,31.1,2.28,2.28,1.0,0.0,31.1,2.28,31.1,2.28,31.1,2.28,31.1,2.28,31.1,2.28,31.1,2.28,31.1,2.28
AXON,26.0,1,26.73,16.0,15.5,15.5,1.19,1.19,1.0,0.0,15.5,1.19,15.5,1.19,15.5,1.19,15.5,1.19,15.5,1.19,15.5,1.19,15.5,1.19
AXP,1.0,371,1.47,2.0,37.7,705.7,0.67,10.42,2.0,64.7,64.9,1.02,84.9,1.29,121.6,1.85,187.3,2.74,250.8,3.96,364.5,4.57,492.3,7.11
AXP,2.0,208,2.42,3.0,16.2,463.3,0.61,15.39,2.0,35.6,39.0,1.05,54.7,1.31,77.9,1.95,118.1,2.89,175.4,4.43,216.8,5.76,321.1,7.48
AXP,3.0,92,3.42,5.0,17.5,245.1,0.58,8.64,2.0,14.1,27.3,1.1,37.8,1.32,55.1,1.77,78.1,2.53,119.3,3.68,154.7,5.29,242.6,7.63
AXP,4.0,48,4.43,6.0,16.0,141.2,0.74,5.49,2.0,12.5,25.3,1.03,30.2,1.35,45.2,2.02,67.9,2.88,104.3,4.25,122.1,4.69,135.9,5.22
AXP,5.0,33,5.52,7.0,15.5,112.6,0.74,6.67,2.0,6.1,17.6,0.86,25.3,1.26,39.6,2.04,54.6,3.26,79.4,3.9,91.1,4.55,111.0,6.17
AXP,6.0,7,6.13,6.0,25.5,108.5,1.21,4.88,3.0,14.3,26.0,1.3,26.4,1.41,28.7,1.55,46.8,2.44,73.9,3.71,91.2,4.29,105.0,4.76
AXP,7.0,8,7.47,10.5,9.5,42.0,0.84,2.78,1.0,0.0,12.3,0.87,16.0,1.03,20.9,1.25,30.2,2.04,34.4,2.48,38.2,2.63,41.2,2.75
AXP,8.0,4,8.7,11.0,12.8,44.3,0.85,2.87,1.5,0.0,17.3,1.17,24.1,1.64,28.8,2.11,33.4,2.46,39.9,2.71,42.1,2.79,43.9,2.86
AXP,9.0,2,9.35,8.0,19.8,20.1,1.26,1.34,2.0,0.0,19.8,1.27,19.9,1.28,20.0,1.3,20.0,1.32,20.1,1.33,20.1,1.33,20.1,1.34
AXP,11.0,1,11.25,7.0,33.6,33.6,2.13,2.13,2.0,0.0,33.6,2.13,33.6,2.13,33.6,2.13,33.6,2.13,33.6,2.13,33.6,2.13,33.6,2.13
AZN,1.0,407,1.49,2.0,31.7,748.3,0.46,9.42,2.0,64.1,63.1,0.95,86.6,1.26,119.9,1.79,189.6,2.83,286.1,4.23,354.0,5.57,545.6,7.6
AZN,2.0,242,2.43,3.0,15.8,403.4,0.49,10.43,2.0,31.8,41.8,1.01,54.9,1.36,77.4,1.85,115.0,2.78,179.2,4.36,234.3,5.65,353.6,7.46
AZN,3.0,94,3.44,4.0,13.8,182.9,0.43,6.21,2.0,14.9,31.1,1.06,39.5,1.33,54.2,1.85,79.6,2.56,120.2,3.91,152.5,4.91,179.8,5.8
AZN,4.0,53,4.34,5.0,12.4,271.0,0.6,9.25,2.0,3.8,17.1,0.81,29.3,1.2,44.2,1.75,56.9,2.2,65.3,2.94,87.6,3.57,243.9,8.61
AZN,5.0,24,5.62,6.0,14.9,113.5,0.85,5.85,2.0,4.2,17.6,0.97,23.9,1.21,33.8,1.78,44.9,2.18,53.7,2.79,56.0,3.08,100.4,5.22
AZN,6.0,5,6.21,5.0,22.2,49.2,1.22,2.86,2.0,0.0,22.8,1.24,23.6,1.26,26.5,1.3,36.0,2.1,43.9,2.56,46.6,2.71,48.7,2.83
AZN,7.0,3,7.38,10.0,19.6,38.1,1.29,2.55,2.0,0.0,21.8,1.45,25.1,1.68,30.5,2.08,34.3,2.32,36.6,2.46,37.3,2.51,37.9,2.54
AZN,8.0,8,8.64,6.5,14.1,115.9,0.96,8.63,2.0,12.5,14.7,1.07,21.9,1.34,35.5,2.06,41.1,2.51,71.2,4.77,93.5,6.7,111.4,8.25
AZN,9.0,8,9.34,7.0,10.9,40.9,0.9,2.87,2.5,0.0,20.1,1.28,25.0,1.62,29.4,2.04,39.5,2.51,39.9,2.62,40.4,2.75,40.8,2.85
AZN,10.0,3,10.3,8.0,25.5,85.7,1.55,5.0,3.0,0.0,25.5,1.74,25.6,2.02,25.6,2.49,55.7,3.75,73.7,4.5,79.7,4.75,84.5,4.95
AZN,11.0,1,11.79,7.0,19.6,19.6,1.49,1.49,1.0,0.0,19.6,1.49,19.6,1.49,19.6,1.49,19.6,1.49,19.6,1.49,19.6,1.49,19.6,1.49
AZN,14.0,1,14.16,8.0,28.7,28.7,2.29,2.29,4.0,0.0,28.7,2.29,28.7,2.29,28.7,2.29,28.7,2.29,28.7,2.29,28.7,2.29,28.7,2.29
BA,1.0,328,1.53,2.0,41.0,629.9,0.68,7.74,2.0,63.4,66.9,1.01,84.8,1.33,121.8,1.81,182.8,2.73,268.1,4.3,360.0,4.87,538.1,6.89
BA,2.0,215,2.41,3.0,23.0,748.7,0.61,18.51,2.0,33.5,36.9,0.97,51.4,1.33,76.4,1.86,117.6,2.74,179.0,4.35,221.4,5.2,360.9,6.89
BA,3.0,102,3.43,5.0,16.3,381.1,0.56,13.31,2.0,21.6,27.9,1.07,41.8,1.43,59.2,1.96,95.1,3.06,132.4,4.47,164.7,5.66,378.4,12.61
BA,4.0,57,4.39,6.0,18.9,216.8,0.82,8.44,2.0,5.3,26.1,1.17,35.0,1.47,43.4,1.81,62.2,2.69,85.0,3.8,100.6,4.39,162.9,7.06
BA,5.0,15,5.56,9.0,11.7,163.4,0.51,7.83,2.0,13.3,24.9,1.19,26.8,1.29,29.3,1.87,51.2,2.65,101.1,6.34,141.3,7.55,159.0,7.78
BA,6.0,9,6.4,10.0,22.8,72.2,1.32,3.76,3.0,0.0,24.6,1.33,26.0,1.4,29.8,1.56,35.1,2.26,64.0,2.86,68.1,3.31,71.4,3.67
BA,7.0,6,7.47,9.0,18.0,50.6,0.96,3.0,2.5,0.0,20.1,1.2,23.5,1.57,33.8,2.16,46.9,2.83,49.9,3.0,50.2,3.0,50.5,3.0
BA,8.0,2,8.44,9.0,25.3,45.8,1.42,2.81,6.5,0.0,27.4,1.56,30.4,1.77,35.5,2.12,40.7,2.47,43.8,2.68,44.8,2.75,45.6,2.8
BA,9.0,2,9.32,13.0,20.1,33.8,2.12,2.25,2.0,0.0,21.5,2.13,23.5,2.15,26.9,2.18,30.4,2.21,32.4,2.23,33.1,2.24,33.7,2.24
BA,10.0,1,10.36,14.0,20.2,20.2,1.52,1.52,4.0,0.0,20.2,1.52,20.2,1.52,20.2,1.52,20.2,1.52,20.2,1.52,20.2,1.52,20.2,1.52
BA,11.0,3,11.57,15.0,25.7,74.7,2.32,5.48,3.0,0.0,27.4,2.43,29.9,2.59,34.1,2.86,54.4,4.17,66.6,4.96,70.6,5.22,73.9,5.43
BA,17.0,1,17.69,9.0,26.8,26.8,2.48,2.48,3.0,0.0,26.8,2.48,26.8,2.48,26.8,2.48,26.8,2.48,26.8,2.48,26.8,2.48,26.8,2.48
BABA,1.0,254,1.42,1.0,34.9,936.4,0.6,11.96,2.0,62.6,65.3,0.98,83.5,1.19,123.3,1.75,175.8,2.62,270.9,3.67,329.8,4.78,530.9,6.43
BABA,2.0,128,2.45,3.0,22.8,426.0,0.58,10.34,2.0,30.5,34.6,0.87,50.8,1.27,72.1,1.75,114.7,2.73,182.3,4.23,216.6,5.07,331.1,8.11
BABA,3.0,60,3.42,4.0,22.0,190.3,0.73,7.28,2.0,21.7,34.9,1.08,43.9,1.41,65.3,2.13,89.9,3.07,156.4,5.47,183.3,6.04,187.6,6.59
BABA,4.0,20,4.42,4.0,24.8,96.0,0.92,3.97,2.0,0.0,26.4,1.14,32.5,1.29,37.8,1.8,59.6,2.54,80.1,3.24,82.4,3.42,93.3,3.86
BABA,5.0,15,5.2,5.0,24.3,108.4,0.98,5.78,3.0,6.7,26.8,1.23,34.2,1.62,55.9,2.6,78.0,3.92,92.8,4.74,98.7,5.21,106.5,5.66
BABA,6.0,13,6.37,5.0,21.3,149.0,1.11,7.96,2.0,7.7,24.5,1.32,27.8,1.54,33.9,1.9,41.5,2.29,46.7,2.79,88.2,4.89,136.8,7.35
BABA,7.0,4,7.14,10.0,21.6,61.5,1.23,4.12,1.0,0.0,22.0,1.26,22.6,1.29,24.2,1.46,34.5,2.23,50.7,3.36,56.1,3.74,60.4,4.04
BABA,8.0,2,8.15,8.5,15.2,25.6,1.02,1.56,1.5,0.0,16.2,1.08,17.8,1.16,20.4,1.29,23.0,1.42,24.6,1.5,25.1,1.53,25.5,1.55
BABA,9.0,5,9.31,7.0,26.4,62.8,1.45,4.09,3.0,0.0,28.0,1.69,30.5,2.04,33.2,2.22,47.7,3.29,56.8,3.77,59.8,3.93,62.2,4.06
BABA,10.0,1,10.96,6.0,39.5,39.5,2.59,2.59,2.0,0.0,39.5,2.59,39.5,2.59,39.5,2.59,39.5,2.59,39.5,2.59,39.5,2.59,39.5,2.59
BABA,11.0,1,11.51,5.0,26.2,26.2,1.91,1.91,1.0,0.0,26.2,1.91,26.2,1.91,26.2,1.91,26.2,1.91,26.2,1.91,26.2,1.91,26.2,1.91
BAC,1.0,360,1.48,2.0,32.1,831.1,0.62,12.61,2.0,63.9,58.0,0.94,82.3,1.21,132.2,1.96,206.3,3.01,290.3,4.57,369.9,5.07,556.2,8.05
BAC,2.0,186,2.39,3.0,23.4,454.0,0.61,11.12,2.0,32.8,39.1,0.98,51.1,1.27,77.8,1.89,121.2,2.84,186.4,4.32,247.1,5.45,383.1,10.78
BAC,3.0,97,3.45,4.0,17.7,253.8,0.55,7.64,3.0,17.5,29.0,0.92,37.3,1.26,57.8,1.96,81.2,2.92,111.1,3.77,158.9,5.56,232.0,7.09
BAC,4.0,47,4.38,6.0,19.1,208.7,0.8,10.55,2.0,12.8,25.8,1.16,30.4,1.38,38.9,1.71,52.6,2.21,105.0,4.53,148.7,6.25,204.7,9.0
BAC,5.0,18,5.33,7.5,25.6,224.1,1.21,10.47,2.5,5.6,30.6,1.59,37.6,1.85,47.2,2.12,52.5,2.9,66.8,3.94,96.2,5.27,198.5,9.43
BAC,6.0,18,6.39,8.0,10.4,69.5,0.56,3.76,2.0,0.0,19.4,1.25,27.0,1.54,35.7,1.89,46.2,2.63,61.9,3.44,69.0,3.61,69.4,3.73
BAC,7.0,3,7.75,13.0,16.0,25.2,0.86,2.04,2.0,0.0,16.5,0.9,17.3,0.96,18.6,1.07,21.9,1.56,23.9,1.85,24.5,1.95,25.1,2.03
BAC,8.0,5,8.35,12.0,17.2,78.4,1.06,5.63,4.0,0.0,19.9,1.25,24.0,1.52,36.0,2.33,40.8,2.74,63.4,4.47,70.9,5.05,76.9,5.51
BAC,10.0,1,10.58,5.0,32.0,32.0,2.27,2.27,4.0,0.0,32.0,2.27,32.0,2.27,32.0,2.27,32.0,2.27,32.0,2.27,32.0,2.27,32.0,2.27
BAC,11.0,1,11.24,7.0,37.6,37.6,2.39,2.39,2.0,0.0,37.6,2.39,37.6,2.39,37.6,2.39,37.6,2.39,37.6,2.39,37.6,2.39,37.6,2.39
BAC,12.0,1,12.77,12.0,41.8,41.8,3.23,3.23,16.0,0.0,41.8,3.23,41.8,3.23,41.8,3.23,41.8,3.23,41.8,3.23,41.8,3.23,41.8,3.23
BAC,16.0,1,16.26,16.0,13.7,13.7,1.11,1.11,1.0,0.0,13.7,1.11,13.7,1.11,13.7,1.11,13.7,1.11,13.7,1.11,13.7,1.11,13.7,1.11
BAS.DE,1.0,354,1.47,2.0,35.9,742.2,0.58,11.56,2.0,67.8,65.0,1.06,92.3,1.36,125.8,1.82,197.1,2.89,280.3,4.02,353.1,5.33,595.5,8.08
BAS.DE,2.0,220,2.41,3.0,26.8,504.5,0.73,12.72,2.0,31.4,41.9,1.08,54.2,1.35,80.2,1.9,110.8,2.69,150.3,3.6,182.1,4.47,409.7,9.02
BAS.DE,3.0,109,3.36,5.0,17.1,244.9,0.69,8.23,2.0,19.3,32.8,1.08,38.5,1.35,55.4,1.88,84.0,2.84,113.5,3.84,137.4,4.44,194.3,6.07
BAS.DE,4.0,38,4.27,6.0,15.7,194.4,0.8,6.95,2.0,7.9,25.0,1.02,28.9,1.22,40.5,1.68,59.8,2.5,88.5,3.41,122.4,4.48,181.3,6.64
BAS.DE,5.0,15,5.45,5.0,19.5,91.3,0.88,4.55,3.0,0.0,23.9,1.0,29.2,1.54,39.5,2.1,52.6,2.81,73.8,3.7,86.7,4.1,90.4,4.46
BAS.DE,6.0,14,6.41,10.5,16.3,213.9,1.18,12.57,3.0,7.1,21.8,1.68,28.0,1.74,39.2,2.42,72.7,4.29,80.9,4.97,128.7,7.71,196.9,11.6
BAS.DE,7.0,7,7.56,13.0,8.9,35.2,0.53,2.75,1.0,0.0,13.5,1.01,18.1,1.4,22.4,1.48,27.6,1.75,31.1,2.18,33.1,2.47,34.8,2.7
BAS.DE,8.0,2,8.18,9.0,29.3,77.8,1.84,5.12,4.5,0.0,34.1,2.17,41.4,2.66,53.5,3.48,65.7,4.3,73.0,4.8,75.4,4.96,77.3,5.09
BAS.DE,9.0,1,9.03,12.0,25.0,25.0,1.66,1.66,1.0,0.0,25.0,1.66,25.0,1.66,25.0,1.66,25.0,1.66,25.0,1.66,25.0,1.66,25.0,1.66
BAYN.DE,1.0,347,1.46,2.0,35.4,1039.3,0.56,13.8,2.0,63.7,59.9,1.01,84.7,1.28,120.0,1.73,183.2,2.71,273.5,4.03,376.9,5.36,641.1,9.32
BAYN.DE,2.0,209,2.4,3.0,18.2,694.5,0.51,13.63,2.0,31.6,37.5,0.94,50.2,1.27,74.3,1.77,120.9,2.84,165.7,4.0,220.0,5.06,430.5,9.29
BAYN.DE,3.0,94,3.35,5.0,12.9,418.1,0.53,13.74,2.0,17.0,28.6,1.15,40.5,1.38,58.5,1.97,79.1,2.95,126.2,3.81,172.2,4.98,219.2,7.33
BAYN.DE,4.0,46,4.48,7.0,16.0,308.7,0.69,11.28,2.5,15.2,23.8,1.01,28.4,1.43,50.1,1.93,87.4,3.43,110.9,4.85,141.1,5.57,258.4,9.73
BAYN.DE,5.0,19,5.32,6.0,23.2,130.5,1.03,6.67,3.0,10.5,25.9,1.16,30.3,1.27,42.9,2.06,62.4,3.06,91.5,4.51,115.6,5.67,127.5,6.47
BAYN.DE,6.0,9,6.35,10.0,13.3,148.8,0.71,11.26,2.0,22.2,20.8,1.03,27.8,1.72,35.3,2.1,63.0,3.04,126.3,6.9,137.6,9.08,146.6,10.82
BAYN.DE,7.0,4,7.46,8.5,8.3,79.4,0.66,4.26,1.5,0.0,11.4,0.85,16.0,1.12,33.6,1.8,56.3,2.8,70.2,3.68,74.8,3.97,78.5,4.2
BAYN.DE,8.0,1,8.82,3.0,53.8,53.8,3.04,3.04,4.0,0.0,53.8,3.04,53.8,3.04,53.8,3.04,53.8,3.04,53.8,3.04,53.8,3.04,53.8,3.04
BAYN.DE,10.0,3,10.35,8.0,18.4,74.2,1.24,4.54,2.0,0.0,20.5,1.4,23.7,1.65,29.0,2.06,51.6,3.3,65.2,4.05,69.7,4.3,73.3,4.5
BAYN.DE,11.0,2,11.58,13.5,9.6,24.1,0.76,1.77,2.0,0.0,11.1,0.86,13.2,1.01,16.9,1.27,20.5,1.52,22.7,1.67,23.4,1.72,24.0,1.76
BAYN.DE,13.0,1,13.71,49.0,25.9,25.9,6.31,6.31,3.0,0.0,25.9,6.31,25.9,6.31,25.9,6.31,25.9,6.31,25.9,6.31,25.9,6.31,25.9,6.31
BBVA,1.0,459,1.43,1.0,27.8,738.2,0.47,12.28,2.0,63.2,58.3,0.86,80.8,1.19,116.7,1.69,192.2,2.71,279.8,4.01,333.9,4.92,613.1,9.63
BBVA,2.0,231,2.45,3.0,21.3,439.1,0.54,10.2,2.0,29.9,36.4,0.9,49.0,1.24,73.9,1.73,114.9,2.78,179.8,4.13,229.4,5.62,363.5,9.28
BBVA,3.0,90,3.46,3.0,13.8,195.1,0.55,7.09,2.0,12.2,27.9,0.9,35.1,1.18,53.1,1.73,84.5,2.81,108.6,3.55,154.1,5.06,187.5,6.79
BBVA,4.0,62,4.35,5.0,12.8,210.7,0.62,9.44,2.0,6.5,20.2,0.8,26.0,1.16,41.5,1.69,67.8,2.57,96.2,4.17,119.9,5.46,193.3,7.94
BBVA,5.0,25,5.36,5.0,13.4,117.1,0.68,4.86,2.0,4.0,17.3,0.87,21.1,1.08,30.8,1.57,49.5,2.26,67.5,3.37,79.0,4.52,108.7,4.84
BBVA,6.0,12,6.45,6.5,10.5,147.5,0.7,8.02,1.5,8.3,13.6,0.78,18.1,0.97,23.1,1.22,26.8,1.53,49.9,2.42,95.2,4.99,137.1,7.42
BBVA,7.0,9,7.33,7.0,11.3,77.2,0.71,5.41,2.0,0.0,17.3,1.0,19.8,1.29,21.2,1.46,32.0,1.79,75.6,4.64,76.4,5.02,77.0,5.33
BBVA,8.0,4,8.62,10.0,10.0,51.3,0.67,3.43,1.5,0.0,11.3,0.91,13.1,1.27,24.8,1.94,39.3,2.68,46.5,3.13,48.9,3.28,50.8,3.4
BBVA,9.0,1,9.67,10.0,45.3,45.3,3.31,3.31,4.0,0.0,45.3,3.31,45.3,3.31,45.3,3.31,45.3,3.31,45.3,3.31,45.3,3.31,45.3,3.31
BBVA,10.0,1,10.3,9.0,22.8,22.8,1.85,1.85,1.0,0.0,22.8,1.85,22.8,1.85,22.8,1.85,22.8,1.85,22.8,1.85,22.8,1.85,22.8,1.85
BBVA,12.0,1,12.26,8.0,14.5,14.5,1.2,1.2,2.0,0.0,14.5,1.2,14.5,1.2,14.5,1.2,14.5,1.2,14.5,1.2,14.5,1.2,14.5,1.2
BEI.DE,1.0,358,1.53,2.0,36.6,903.6,0.65,12.59,2.0,61.7,62.4,1.0,79.3,1.26,114.7,1.73,175.2,2.61,285.2,3.9,342.7,4.98,539.1,7.84
BEI.DE,2.0,211,2.35,3.0,20.3,566.6,0.61,13.68,2.0,35.5,38.2,0.99,54.2,1.33,78.0,1.84,123.5,2.96,182.3,4.5,208.9,5.26,335.8,7.18
BEI.DE,3.0,87,3.47,5.0,25.9,309.1,0.99,9.3,2.0,17.2,35.5,1.22,42.2,1.51,60.5,1.97,89.2,3.09,126.9,4.29,164.5,5.33,253.5,7.67
BEI.DE,4.0,51,4.43,6.0,16.7,172.8,0.59,6.53,2.0,9.8,26.0,1.14,36.1,1.55,54.7,2.49,83.2,3.42,99.3,4.12,123.0,4.96,150.8,5.78
BEI.DE,5.0,16,5.45,6.0,18.1,223.6,1.03,11.64,2.5,12.5,22.8,1.12,28.0,1.33,35.6,1.71,68.5,3.32,106.8,4.71,151.8,6.94,209.2,10.7
BEI.DE,6.0,7,6.33,8.0,16.4,75.9,1.01,3.81,1.0,0.0,17.8,1.09,22.6,1.21,30.6,1.46,49.5,2.65,70.9,3.75,73.4,3.78,75.4,3.8
BEI.DE,7.0,7,7.27,10.0,8.9,167.5,0.72,9.68,3.0,14.3,20.7,1.51,31.1,2.09,40.0,2.19,51.1,3.03,101.4,6.09,134.4,7.88,160.9,9.32
BEI.DE,8.0,2,8.39,8.5,22.3,52.0,1.36,2.86,3.5,0.0,25.3,1.51,29.7,1.74,37.1,2.11,44.6,2.49,49.0,2.71,50.5,2.79,51.7,2.85
BEI.DE,9.0,1,9.19,18.0,22.5,22.5,1.39,1.39,2.0,0.0,22.5,1.39,22.5,1.39,22.5,1.39,22.5,1.39,22.5,1.39,22.5,1.39,22.5,1.39
BEI.DE,12.0,1,12.33,23.0,24.8,24.8,2.82,2.82,2.0,0.0,24.8,2.82,24.8,2.82,24.8,2.82,24.8,2.82,24.8,2.82,24.8,2.82,24.8,2.82
BHP,1.0,452,1.49,1.0,27.0,866.7,0.48,10.59,2.0,64.8,63.0,0.95,83.9,1.23,121.9,1.86,186.8,2.7,269.1,3.96,327.0,5.07,507.6,6.89
BHP,2.0,229,2.43,3.0,20.2,414.1,0.49,11.94,2.0,35.8,38.1,0.93,50.5,1.24,77.5,1.87,119.3,2.89,166.8,3.86,204.6,4.64,319.2,7.8
BHP,3.0,99,3.44,4.0,18.5,177.6,0.64,5.3,2.0,12.1,29.3,0.95,37.5,1.27,52.6,1.66,72.5,2.36,104.8,3.49,117.2,4.31,140.3,5.22
BHP,4.0,53,4.3,5.0,18.1,183.5,0.68,6.61,1.0,9.4,22.3,0.95,28.4,1.25,44.0,1.89,64.9,2.87,84.0,3.8,115.2,4.63,158.3,5.84
BHP,5.0,27,5.26,7.0,13.2,150.9,0.58,7.16,2.0,3.7,18.1,0.92,22.2,1.14,31.3,1.62,58.4,2.85,68.4,3.43,82.3,4.25,134.3,6.46
BHP,6.0,13,6.44,8.0,19.9,79.3,1.3,5.52,2.0,0.0,20.8,1.37,24.8,1.49,31.1,1.96,47.4,2.75,65.4,4.34,73.4,4.89,78.1,5.39
BHP,7.0,10,7.8,9.0,10.4,65.3,0.72,3.78,1.0,0.0,11.8,0.74,14.9,1.06,21.5,1.54,35.0,2.28,39.5,2.68,52.4,3.23,62.7,3.67
BHP,8.0,2,8.36,8.0,28.3,74.9,1.99,4.71,3.0,0.0,33.0,2.26,40.0,2.67,51.6,3.35,63.2,4.03,70.2,4.43,72.6,4.57,74.4,4.68
BHP,9.0,1,9.81,10.0,31.0,31.0,2.6,2.6,5.0,0.0,31.0,2.6,31.0,2.6,31.0,2.6,31.0,2.6,31.0,2.6,31.0,2.6,31.0,2.6
BHP,13.0,1,13.21,16.0,23.4,23.4,2.68,2.68,3.0,0.0,23.4,2.68,23.4,2.68,23.4,2.68,23.4,2.68,23.4,2.68,23.4,2.68,23.4,2.68
BIIB,1.0,336,1.51,2.0,31.8,627.9,0.58,9.36,2.0,61.0,64.2,0.98,81.2,1.29,117.7,1.75,183.1,2.68,258.6,3.8,313.2,4.69,431.7,6.96
BIIB,2.0,193,2.42,3.0,29.1,343.9,0.77,8.28,2.0,35.2,46.4,1.14,55.4,1.35,79.2,1.98,114.9,2.82,172.5,3.8,194.9,4.66,305.4,7.56
BIIB,3.0,77,3.42,5.0,20.7,471.0,0.78,17.46,2.0,20.8,31.7,1.13,46.3,1.5,59.9,2.0,87.2,2.62,133.1,4.33,172.5,5.25,410.8,13.87
BIIB,4.0,46,4.56,5.5,10.6,160.5,0.58,7.09,3.0,8.7,24.1,1.06,31.2,1.41,46.0,1.93,69.6,2.78,92.5,3.86,114.0,4.24,142.5,5.88
BIIB,5.0,11,5.53,6.0,17.6,166.9,1.02,10.24,4.0,9.1,29.0,1.37,32.0,1.5,46.8,2.26,68.2,3.5,98.6,4.54,132.8,7.39,160.1,9.67
BIIB,6.0,10,6.32,9.0,26.7,128.7,1.34,6.97,5.0,10.0,27.6,1.63,34.1,1.87,53.2,2.62,72.5,3.94,99.1,4.47,113.9,5.72,125.7,6.72
BIIB,7.0,5,7.22,9.0,33.8,109.8,2.12,6.27,4.0,20.0,38.1,2.21,44.6,2.36,46.3,2.44,58.1,3.09,89.1,4.99,99.5,5.63,107.7,6.14
BIIB,8.0,5,8.13,6.0,23.8,80.6,1.35,4.87,3.0,0.0,24.0,1.38,24.4,1.43,24.8,1.66,26.9,1.73,59.1,3.61,69.9,4.24,78.5,4.74
BIIB,9.0,1,9.97,5.0,32.4,32.4,2.0,2.0,3.0,0.0,32.4,2.0,32.4,2.0,32.4,2.0,32.4,2.0,32.4,2.0,32.4,2.0,32.4,2.0
BIIB,10.0,1,10.42,9.0,35.3,35.3,2.49,2.49,2.0,0.0,35.3,2.49,35.3,2.49,35.3,2.49,35.3,2.49,35.3,2.49,35.3,2.49,35.3,2.49
BIIB,12.0,1,12.05,5.0,34.8,34.8,2.5,2.5,2.0,0.0,34.8,2.5,34.8,2.5,34.8,2.5,34.8,2.5,34.8,2.5,34.8,2.5,34.8,2.5
BIIB,14.0,3,14.66,3.0,37.2,101.5,2.82,8.14,25.0,33.3,39.3,3.1,42.4,3.53,47.6,4.25,74.5,6.2,90.7,7.36,96.1,7.75,100.4,8.06
BIIB,15.0,1,15.73,1.0,116.9,116.9,9.15,9.15,3.0,100.0,116.9,9.15,116.9,9.15,116.9,9.15,116.9,9.15,116.9,9.15,116.9,9.15,116.9,9.15
BIIB,19.0,1,19.75,2.0,43.2,43.2,3.89,3.89,1.0,0.0,43.2,3.89,43.2,3.89,43.2,3.89,43.2,3.89,43.2,3.89,43.2,3.89,43.2,3.89
BIIB,29.0,1,29.24,6.0,90.4,90.4,9.06,9.06,75.0,0.0,90.4,9.06,90.4,9.06,90.4,9.06,90.4,9.06,90.4,9.06,90.4,9.06,90.4,9.06
BIIB,30.0,1,32.68,10.0,22.7,22.7,2.48,2.48,1.0,0.0,22.7,2.48,22.7,2.48,22.7,2.48,22.7,2.48,22.7,2.48,22.7,2.48,22.7,2.48
BKNG,1.0,312,1.49,2.0,30.3,806.6,0.51,8.86,2.0,60.9,64.5,0.99,85.0,1.31,115.3,1.75,173.8,2.57,246.5,3.68,354.4,5.18,476.4,7.38
BKNG,2.0,195,2.41,3.0,17.0,464.3,0.49,11.35,2.0,34.4,44.3,1.11,58.1,1.42,76.0,1.83,122.3,3.07,184.0,4.7,262.5,5.82,363.4,8.62
BKNG,3.0,109,3.48,5.0,13.4,238.8,0.66,8.54,3.0,19.3,27.5,1.12,41.6,1.47,56.0,1.91,89.1,2.78,131.4,4.41,154.9,4.98,225.6,7.65
BKNG,4.0,50,4.44,5.0,13.7,203.2,0.61,6.5,2.0,10.0,24.6,1.03,31.4,1.32,50.8,2.12,80.1,2.96,97.9,4.26,129.1,5.14,173.6,6.32
BKNG,5.0,24,5.4,7.0,13.7,152.2,0.74,8.14,2.5,8.3,16.3,0.86,25.6,1.29,41.6,2.09,68.2,2.95,93.2,4.66,137.8,5.6,150.5,7.58
BKNG,6.0,11,6.49,8.0,16.7,94.4,0.77,4.74,3.0,0.0,17.4,0.81,23.5,1.53,34.4,1.83,46.4,2.45,66.2,3.22,80.3,3.98,91.6,4.59
BKNG,7.0,7,7.22,10.0,17.5,28.5,0.97,1.96,2.0,0.0,17.8,1.03,18.2,1.22,20.1,1.39,22.5,1.47,26.2,1.66,27.3,1.81,28.3,1.93
BKNG,8.0,6,8.29,10.5,22.1,41.3,1.61,3.16,2.5,0.0,24.0,1.75,27.4,1.88,32.7,1.9,34.5,2.23,38.1,2.74,39.7,2.95,41.0,3.11
BKNG,9.0,4,9.8,12.0,14.6,102.5,0.94,5.88,4.0,25.0,22.3,1.68,33.9,2.8,57.6,3.71,81.8,4.46,94.2,5.31,98.4,5.6,101.7,5.82
BKNG,10.0,1,10.5,6.0,16.8,16.8,1.18,1.18,3.0,0.0,16.8,1.18,16.8,1.18,16.8,1.18,16.8,1.18,16.8,1.18,16.8,1.18,16.8,1.18
BKNG,11.0,1,11.27,10.0,18.7,18.7,1.35,1.35,1.0,0.0,18.7,1.35,18.7,1.35,18.7,1.35,18.7,1.35,18.7,1.35,18.7,1.35,18.7,1.35
BKNG,16.0,1,16.98,18.0,34.3,34.3,2.8,2.8,7.0,0.0,34.3,2.8,34.3,2.8,34.3,2.8,34.3,2.8,34.3,2.8,34.3,2.8,34.3,2.8
BKR,1.0,385,1.51,2.0,29.6,976.1,0.63,12.78,2.0,61.8,61.8,1.02,85.2,1.3,115.8,1.77,176.8,2.66,261.2,3.79,324.9,4.84,491.0,7.32
BKR,2.0,195,2.4,3.0,20.6,463.4,0.65,10.23,2.0,32.3,42.5,1.06,54.6,1.33,77.3,1.85,113.6,2.6,173.4,4.22,229.9,5.59,439.7,9.11
BKR,3.0,86,3.41,5.0,22.3,300.7,0.71,9.28,3.0,24.4,31.4,1.03,40.1,1.46,58.0,1.96,98.2,3.32,142.6,4.66,165.1,4.91,246.6,7.4
BKR,4.0,42,4.51,6.0,20.6,273.2,0.94,12.56,2.0,4.8,26.1,1.14,38.5,1.52,49.8,1.99,69.9,2.75,81.7,4.04,92.3,4.54,243.5,10.29
BKR,5.0,21,5.55,7.0,21.9,116.6,1.06,5.02,1.0,4.8,28.9,1.45,34.6,1.65,43.3,2.14,50.1,2.62,66.8,3.2,78.2,3.5,108.9,4.71
BKR,6.0,8,6.18,9.0,18.0,62.1,1.04,3.21,2.5,0.0,19.1,1.05,19.9,1.27,27.6,1.43,39.7,1.91,60.8,3.08,61.5,3.15,62.0,3.2
BKR,7.0,9,7.56,8.0,17.6,89.9,1.51,5.33,2.0,0.0,26.6,1.72,31.9,1.84,33.9,2.07,46.3,2.6,68.5,4.66,79.2,5.0,87.8,5.27
BKR,8.0,3,8.44,8.0,30.7,43.7,1.99,3.02,2.0,0.0,32.4,2.1,35.0,2.28,39.3,2.58,41.5,2.8,42.8,2.94,43.3,2.98,43.6,3.02
BKR,9.0,1,9.1,6.0,80.9,80.9,4.14,4.14,2.0,0.0,80.9,4.14,80.9,4.14,80.9,4.14,80.9,4.14,80.9,4.14,80.9,4.14,80.9,4.14
BKR,10.0,1,10.14,11.0,23.3,23.3,1.57,1.57,2.0,0.0,23.3,1.57,23.3,1.57,23.3,1.57,23.3,1.57,23.3,1.57,23.3,1.57,23.3,1.57
BKR,11.0,1,11.37,7.0,24.8,24.8,1.7,1.7,1.0,0.0,24.8,1.7,24.8,1.7,24.8,1.7,24.8,1.7,24.8,1.7,24.8,1.7,24.8,1.7
BLK,1.0,352,1.48,2.0,29.1,1159.8,0.63,13.76,2.0,60.8,66.4,1.01,83.3,1.28,118.2,1.71,176.4,2.68,270.7,4.02,372.8,5.0,583.9,7.54
BLK,2.0,204,2.4,3.0,20.4,422.4,0.61,9.1,2.0,38.7,39.1,1.02,52.0,1.31,85.9,2.1,121.5,2.9,160.3,3.96,197.9,4.94,276.5,6.92
BLK,3.0,114,3.45,4.0,19.7,225.9,0.68,7.29,2.0,17.5,29.8,1.03,39.9,1.39,59.5,2.03,84.3,2.78,110.5,3.95,139.0,4.76,173.6,5.72
BLK,4.0,45,4.53,5.0,17.0,131.5,0.87,5.01,2.0,13.3,24.7,1.13,31.3,1.3,47.6,1.96,87.1,3.3,110.6,4.13,123.4,4.51,131.4,4.96
BLK,5.0,21,5.28,7.0,17.7,76.1,0.99,3.6,2.0,0.0,21.2,1.1,24.6,1.23,34.0,1.61,42.7,2.23,56.6,3.16,75.1,3.26,75.9,3.53
BLK,6.0,9,6.37,10.0,12.7,103.5,0.82,6.69,3.0,11.1,15.3,0.86,28.4,1.39,55.2,2.76,63.6,2.94,72.3,3.93,87.9,5.31,100.4,6.42
BLK,7.0,6,7.78,11.5,22.8,55.8,1.55,3.04,3.0,0.0,24.4,1.67,26.5,1.86,30.6,2.15,34.0,2.32,45.0,2.69,50.4,2.87,54.7,3.01
BLK,8.0,2,8.72,8.5,13.9,39.3,0.95,2.17,2.0,0.0,16.4,1.07,20.2,1.25,26.6,1.56,32.9,1.86,36.8,2.05,38.0,2.11,39.0,2.16
BLK,9.0,2,9.27,13.5,12.4,16.7,1.17,1.29,3.0,0.0,12.8,1.18,13.5,1.2,14.6,1.23,15.6,1.26,16.3,1.28,16.5,1.28,16.7,1.29
BLK,10.0,3,10.53,19.0,15.2,34.6,1.28,2.43,3.0,0.0,16.3,1.42,18.0,1.62,20.9,1.96,27.8,2.2,31.9,2.34,33.2,2.39,34.3,2.42
BLK,12.0,1,12.99,14.0,24.5,24.5,2.17,2.17,2.0,0.0,24.5,2.17,24.5,2.17,24.5,2.17,24.5,2.17,24.5,2.17,24.5,2.17,24.5,2.17
BLK,13.0,1,13.39,17.0,20.9,20.9,1.83,1.83,3.0,0.0,20.9,1.83,20.9,1.83,20.9,1.83,20.9,1.83,20.9,1.83,20.9,1.83,20.9,1.83
BMO,1.0,344,1.48,1.0,30.0,675.1,0.62,9.46,2.0,64.8,67.7,1.02,87.6,1.29,123.4,1.79,184.2,2.72,277.6,4.16,347.7,5.36,559.5,8.94
BMO,2.0,216,2.42,3.0,23.2,834.3,0.67,19.87,2.0,32.4,40.5,1.02,52.0,1.28,73.7,1.81,126.0,2.85,206.9,4.8,279.5,6.8,405.8,10.43
BMO,3.0,115,3.38,4.0,11.9,285.0,0.48,9.7,2.0,13.0,25.3,0.86,35.9,1.26,50.9,1.79,76.9,2.56,123.4,4.01,181.9,5.82,234.0,8.7
BMO,4.0,52,4.47,6.0,19.5,225.6,0.85,9.53,2.0,13.5,24.3,1.08,29.6,1.28,38.0,1.63,56.4,2.31,115.3,4.75,118.2,5.17,201.7,8.19
BMO,5.0,25,5.47,7.0,14.1,105.2,0.86,4.79,2.0,4.0,17.3,0.99,21.7,1.2,34.5,1.67,50.9,2.69,64.0,3.14,73.6,3.89,98.0,4.61
BMO,6.0,10,6.45,11.5,12.7,58.1,0.86,2.99,1.0,0.0,12.8,0.99,17.4,1.12,19.4,1.27,30.1,1.99,51.6,2.69,54.9,2.84,57.5,2.96
BMO,7.0,3,7.11,15.0,28.9,66.0,1.92,6.93,3.0,0.0,31.6,2.42,35.8,3.17,42.6,4.42,54.3,5.67,61.3,6.42,63.7,6.68,65.5,6.88
BMO,8.0,2,8.48,4.0,59.9,92.1,3.5,4.71,7.0,0.0,63.1,3.62,68.0,3.8,76.0,4.1,84.0,4.41,88.9,4.59,90.5,4.65,91.8,4.7
BMO,9.0,3,9.34,14.0,18.5,25.3,1.28,2.15,1.0,0.0,19.7,1.43,21.4,1.66,24.3,2.04,24.8,2.09,25.1,2.13,25.2,2.14,25.3,2.14
BMO,10.0,1,10.84,8.0,48.2,48.2,3.74,3.74,1.0,0.0,48.2,3.74,48.2,3.74,48.2,3.74,48.2,3.74,48.2,3.74,48.2,3.74,48.2,3.74
BMO,13.0,1,13.91,21.0,19.2,19.2,2.36,2.36,2.0,0.0,19.2,2.36,19.2,2.36,19.2,2.36,19.2,2.36,19.2,2.36,19.2,2.36,19.2,2.36
BMO,16.0,1,16.14,14.0,8.7,8.7,0.67,0.67,1.0,0.0,8.7,0.67,8.7,0.67,8.7,0.67,8.7,0.67,8.7,0.67,8.7,0.67,8.7,0.67
BMW.DE,1.0,351,1.46,2.0,19.5,1204.7,0.56,15.56,2.0,68.1,62.8,0.95,86.8,1.3,126.0,1.83,180.4,2.8,262.1,4.04,332.4,4.75,608.4,7.67
BMW.DE,2.0,214,2.37,3.0,25.3,345.9,0.69,10.72,2.0,31.3,44.4,1.07,57.3,1.4,78.5,1.86,109.5,2.69,153.6,3.66,193.8,4.14,304.6,7.4
BMW.DE,3.0,103,3.46,4.0,20.5,307.8,0.69,14.23,2.0,23.3,32.0,1.09,43.8,1.45,63.1,2.22,95.7,3.31,138.2,4.53,166.8,5.52,238.6,10.04
BMW.DE,4.0,48,4.44,5.0,14.2,260.8,0.94,9.15,2.0,14.6,26.4,1.15,36.1,1.52,52.0,1.98,82.4,3.42,114.1,4.71,154.7,6.42,219.2,8.33
BMW.DE,5.0,20,5.69,6.0,17.6,103.9,0.88,6.03,2.5,5.0,21.3,0.99,24.6,1.2,36.2,2.08,54.7,2.95,63.5,3.48,87.3,4.26,100.6,5.68
BMW.DE,6.0,10,6.26,10.5,9.9,83.2,0.59,5.02,1.0,0.0,10.2,0.62,13.7,0.9,31.0,1.85,53.1,3.41,63.6,4.55,73.4,4.78,81.2,4.97
BMW.DE,7.0,7,7.33,10.0,15.7,129.9,1.04,7.17,4.0,14.3,16.1,1.06,23.8,1.55,34.0,2.36,52.4,3.1,92.1,4.91,111.0,6.04,126.1,6.94
BMW.DE,8.0,1,8.26,9.0,48.0,48.0,2.66,2.66,1.0,0.0,48.0,2.66,48.0,2.66,48.0,2.66,48.0,2.66,48.0,2.66,48.0,2.66,48.0,2.66
BMW.DE,9.0,1,9.43,18.0,27.6,27.6,2.17,2.17,4.0,0.0,27.6,2.17,27.6,2.17,27.6,2.17,27.6,2.17,27.6,2.17,27.6,2.17,27.6,2.17
BMW.DE,11.0,1,11.36,20.0,25.2,25.2,2.47,2.47,3.0,0.0,25.2,2.47,25.2,2.47,25.2,2.47,25.2,2.47,25.2,2.47,25.2,2.47,25.2,2.47
BMY,1.0,365,1.44,2.0,23.4,1281.0,0.61,17.56,2.0,61.9,66.6,0.98,87.2,1.27,115.0,1.69,161.4,2.41,259.5,3.64,370.7,5.17,657.0,9.07
BMY,2.0,196,2.43,3.0,20.6,392.7,0.58,10.1,2.0,34.7,41.6,1.01,55.7,1.37,80.9,1.96,121.9,2.96,175.2,4.17,233.4,5.34,356.6,8.43
BMY,3.0,89,3.35,5.0,19.0,266.2,0.71,7.81,3.0,20.2,35.6,1.24,46.6,1.55,62.2,2.01,91.5,2.93,125.0,4.6,176.8,5.63,212.3,6.58
BMY,4.0,48,4.55,6.0,14.1,144.1,0.71,5.87,2.0,6.2,22.5,1.01,30.3,1.3,43.5,1.91,62.2,2.81,90.3,3.3,100.6,4.36,139.5,5.85
BMY,5.0,23,5.4,5.0,20.5,115.3,1.11,5.14,2.0,4.3,27.2,1.28,29.9,1.55,44.2,1.91,53.1,2.48,66.9,3.13,75.0,3.24,106.6,4.72
BMY,6.0,13,6.68,6.0,15.1,90.7,0.88,5.33,2.0,0.0,18.1,0.98,23.3,1.18,35.7,1.91,61.3,3.68,78.4,3.84,85.0,4.44,89.6,5.15
BMY,7.0,6,7.35,9.5,21.6,73.8,1.22,3.69,1.5,0.0,24.3,1.34,27.2,1.55,29.8,1.91,46.4,2.52,62.5,3.19,68.2,3.44,72.7,3.64
BMY,8.0,1,8.41,4.0,30.1,30.1,1.8,1.8,2.0,0.0,30.1,1.8,30.1,1.8,30.1,1.8,30.1,1.8,30.1,1.8,30.1,1.8,30.1,1.8
BMY,9.0,3,9.55,11.0,25.7,41.4,2.13,2.52,3.0,0.0,26.7,2.2,28.3,2.3,30.9,2.48,36.1,2.5,39.3,2.51,40.3,2.51,41.2,2.52
BMY,13.0,2,13.41,15.5,18.1,27.6,1.85,2.24,2.5,0.0,19.1,1.89,20.5,1.95,22.9,2.05,25.2,2.14,26.7,2.2,27.1,2.22,27.5,2.23
BNR.DE,1.0,301,1.46,2.0,29.7,896.6,0.61,12.49,2.0,58.5,58.1,0.95,80.0,1.2,113.6,1.71,180.5,2.61,271.4,4.01,361.4,5.14,600.6,7.0
BNR.DE,2.0,168,2.46,3.0,23.3,371.4,0.69,8.66,2.0,39.3,43.2,1.1,56.4,1.45,85.2,2.16,126.6,3.03,193.3,4.66,247.7,5.52,309.6,7.77
BNR.DE,3.0,96,3.46,5.0,15.6,292.0,0.48,11.53,2.0,15.6,27.6,1.0,41.4,1.37,56.4,1.89,82.3,2.79,131.9,4.39,170.2,6.11,208.7,7.59
BNR.DE,4.0,42,4.39,5.0,12.3,158.0,0.54,6.59,2.0,7.1,23.5,1.0,29.4,1.31,43.0,1.78,76.1,3.03,88.4,4.07,108.4,4.69,153.8,5.96
BNR.DE,5.0,23,5.52,6.0,14.8,120.1,0.91,5.72,2.0,4.3,20.5,0.95,25.6,1.31,47.8,2.16,57.8,2.8,74.2,3.41,85.7,5.0,112.8,5.6
BNR.DE,6.0,11,6.39,9.0,16.6,78.4,0.96,5.0,1.0,0.0,21.7,1.18,26.9,1.31,31.4,1.81,60.6,3.17,70.4,4.81,74.4,4.9,77.6,4.98
BNR.DE,7.0,3,7.11,7.0,10.1,58.0,0.56,2.63,1.0,0.0,14.5,0.8,21.1,1.15,32.0,1.75,45.0,2.19,52.8,2.45,55.4,2.54,57.5,2.61
BNR.DE,8.0,1,8.68,15.0,14.6,14.6,1.25,1.25,1.0,0.0,14.6,1.25,14.6,1.25,14.6,1.25,14.6,1.25,14.6,1.25,14.6,1.25,14.6,1.25
BNR.DE,16.0,1,16.5,10.0,80.5,80.5,5.03,5.03,11.0,0.0,80.5,5.03,80.5,5.03,80.5,5.03,80.5,5.03,80.5,5.03,80.5,5.03,80.5,5.03
BNS,1.0,353,1.49,2.0,27.5,1118.7,0.55,13.16,2.0,67.1,63.4,0.99,85.1,1.32,134.2,1.97,204.0,3.0,306.4,4.45,383.8,5.4,647.8,9.82
BNS,2.0,217,2.44,3.0,17.9,849.1,0.6,20.57,2.0,31.8,40.3,1.0,50.9,1.28,74.4,1.78,114.2,2.66,173.0,4.26,231.9,5.57,339.1,7.85
BNS,3.0,125,3.47,4.0,12.2,231.4,0.58,7.59,2.0,15.2,23.9,0.88,33.5,1.2,51.5,1.71,71.7,2.51,111.5,3.75,135.7,4.84,220.9,6.84
BNS,4.0,42,4.32,6.0,16.0,164.3,0.65,6.3,3.0,4.8,18.9,0.88,30.4,1.34,39.5,1.6,62.5,2.9,82.1,3.54,90.6,4.41,151.3,6.01
BNS,5.0,33,5.41,7.0,10.3,104.6,0.73,4.74,2.0,3.0,20.9,1.06,27.7,1.24,32.6,1.73,44.2,2.54,72.2,3.57,89.7,4.13,101.8,4.72
BNS,6.0,7,6.4,6.0,18.9,47.4,0.86,2.5,2.0,0.0,22.0,1.22,25.8,1.6,38.3,1.86,43.1,2.18,46.4,2.32,46.9,2.41,47.3,2.48
BNS,7.0,3,7.61,12.0,15.7,31.6,1.19,2.43,2.0,0.0,16.5,1.24,17.8,1.32,19.8,1.46,25.7,1.94,29.2,2.23,30.4,2.33,31.4,2.41
BNS,8.0,1,8.07,17.0,16.3,16.3,1.5,1.5,1.0,0.0,16.3,1.5,16.3,1.5,16.3,1.5,16.3,1.5,16.3,1.5,16.3,1.5,16.3,1.5
BNS,9.0,1,9.76,4.0,53.4,53.4,3.64,3.64,2.0,0.0,53.4,3.64,53.4,3.64,53.4,3.64,53.4,3.64,53.4,3.64,53.4,3.64,53.4,3.64
BNS,15.0,1,15.77,6.0,16.3,16.3,1.25,1.25,1.0,0.0,16.3,1.25,16.3,1.25,16.3,1.25,16.3,1.25,16.3,1.25,16.3,1.25,16.3,1.25
BNY,1.0,362,1.52,2.0,30.3,692.8,0.53,10.77,2.0,60.5,58.3,0.99,81.5,1.24,108.9,1.7,169.9,2.57,262.7,3.75,326.3,4.63,453.8,8.26
BNY,2.0,205,2.41,3.0,25.6,477.7,0.67,11.83,2.0,32.2,40.6,1.03,55.5,1.31,76.1,1.95,121.6,2.94,188.7,4.34,247.7,6.3,419.1,9.35
BNY,3.0,92,3.45,5.0,16.4,346.7,0.56,9.77,2.0,10.9,30.4,1.11,42.6,1.4,53.1,1.79,75.1,2.62,103.9,3.7,134.1,4.2,218.0,8.32
BNY,4.0,45,4.34,6.0,19.3,192.9,0.71,7.46,3.0,15.6,25.5,1.1,30.8,1.34,51.3,2.15,73.4,3.12,106.9,4.6,126.3,6.72,179.7,7.4
BNY,5.0,20,5.31,7.5,16.0,146.8,0.81,8.15,2.0,10.0,16.5,1.02,26.3,1.32,34.2,1.88,46.1,2.22,62.4,2.95,132.4,5.89,143.9,7.7
BNY,6.0,9,6.34,9.0,22.4,75.3,1.38,3.79,3.0,0.0,31.3,1.7,36.1,1.98,38.8,2.12,46.3,2.69,56.1,2.97,65.7,3.38,73.4,3.71
BNY,7.0,8,7.24,8.0,12.6,81.1,0.99,5.64,1.5,0.0,15.8,0.99,21.0,1.21,27.2,1.59,40.3,2.43,66.3,4.07,73.7,4.85,79.6,5.48
BNY,8.0,3,8.41,16.0,30.1,101.5,2.23,6.47,5.0,33.3,34.1,2.42,40.0,2.71,50.0,3.19,75.8,4.83,91.2,5.82,96.3,6.15,100.5,6.41
BNY,9.0,3,9.44,13.0,27.3,29.9,2.03,2.73,3.0,0.0,27.3,2.05,27.4,2.07,27.4,2.11,28.6,2.42,29.4,2.61,29.6,2.67,29.8,2.72
BNY,13.0,1,13.43,2.0,33.8,33.8,2.48,2.48,4.0,0.0,33.8,2.48,33.8,2.48,33.8,2.48,33.8,2.48,33.8,2.48,33.8,2.48,33.8,2.48
BP,1.0,418,1.45,1.0,32.7,880.3,0.42,10.29,2.0,65.6,58.8,0.92,88.0,1.29,122.7,1.82,190.4,2.72,280.1,4.15,347.2,5.34,637.1,8.3
BP,2.0,233,2.42,3.0,15.7,706.3,0.39,14.96,2.0,36.1,35.5,0.89,47.1,1.21,77.0,1.88,122.7,2.88,169.7,4.05,196.2,5.54,536.7,11.99
BP,3.0,100,3.44,4.0,16.7,246.7,0.61,8.35,2.0,16.0,27.0,0.92,35.5,1.22,52.7,1.7,85.2,2.7,116.7,3.91,149.1,4.58,222.1,6.12
BP,4.0,58,4.37,5.0,12.1,258.8,0.68,9.21,2.0,10.3,24.8,1.06,28.5,1.24,42.2,1.98,77.5,3.14,100.8,4.2,123.9,4.68,207.3,7.84
BP,5.0,22,5.52,6.5,14.8,98.6,0.76,5.41,2.0,0.0,16.2,1.06,27.9,1.44,34.8,1.8,61.6,2.66,76.7,3.59,82.7,3.85,95.3,5.08
BP,6.0,13,6.25,7.0,13.7,60.7,0.81,3.45,2.0,0.0,17.6,1.13,26.9,1.39,30.5,1.71,45.4,2.67,54.9,3.08,57.9,3.27,60.1,3.42
BP,7.0,1,7.46,7.0,12.2,12.2,0.74,0.74,1.0,0.0,12.2,0.74,12.2,0.74,12.2,0.74,12.2,0.74,12.2,0.74,12.2,0.74,12.2,0.74
BP,8.0,7,8.43,7.0,9.7,56.3,0.6,3.81,1.0,0.0,11.1,0.73,14.4,0.91,22.5,1.39,41.0,2.67,47.6,3.33,51.9,3.57,55.4,3.77
BP,9.0,2,9.48,8.0,18.7,35.1,1.44,1.97,1.5,0.0,20.3,1.49,22.8,1.57,26.9,1.7,31.0,1.84,33.5,1.91,34.3,1.94,34.9,1.96
BP,10.0,2,10.34,13.0,19.2,61.2,1.69,4.95,2.0,0.0,23.4,2.01,29.7,2.5,40.2,3.32,50.7,4.14,57.0,4.63,59.1,4.79,60.8,4.92
BRK-B,1.0,357,1.48,2.0,29.5,753.3,0.62,12.25,2.0,64.1,67.3,1.03,83.6,1.26,117.3,1.76,186.3,2.68,262.1,3.7,295.9,4.73,645.6,9.14
BRK-B,2.0,197,2.34,3.0,20.0,425.0,0.5,9.04,2.0,28.4,39.8,1.02,52.9,1.33,73.4,1.8,106.8,2.6,155.3,3.41,178.0,4.61,318.8,6.51
BRK-B,3.0,80,3.47,4.0,15.5,240.3,0.44,8.92,2.0,23.8,30.1,1.1,40.7,1.39,60.7,2.04,95.0,2.76,124.6,3.86,137.7,4.4,193.7,6.8
BRK-B,4.0,57,4.48,5.0,16.1,203.6,0.7,6.68,2.0,5.3,24.4,1.2,36.5,1.42,51.2,2.02,69.7,2.76,92.6,3.64,105.4,4.82,167.3,6.15
BRK-B,5.0,23,5.4,6.0,15.6,148.1,1.03,7.8,3.0,21.7,25.1,1.26,35.2,1.68,50.3,2.44,84.4,3.95,130.6,6.56,141.9,7.15,147.0,7.67
BRK-B,6.0,9,6.26,7.0,22.0,88.6,1.05,6.09,5.0,0.0,23.3,1.36,29.8,1.57,53.9,2.44,67.2,3.19,76.3,4.51,82.4,5.3,87.4,5.93
BRK-B,7.0,2,7.31,8.0,22.3,47.5,1.32,3.21,4.0,0.0,24.8,1.51,28.6,1.79,34.9,2.26,41.2,2.74,45.0,3.02,46.2,3.11,47.2,3.19
BRK-B,8.0,8,8.73,11.5,10.7,116.2,0.64,8.75,4.5,12.5,16.2,0.94,23.3,1.38,29.0,2.15,37.5,2.7,72.0,5.02,94.1,6.89,111.8,8.38
BRK-B,9.0,6,9.51,13.5,15.0,58.3,1.56,4.75,2.0,0.0,18.1,1.66,22.1,1.77,32.7,2.21,47.5,2.87,54.0,3.85,56.1,4.3,57.9,4.66
BRK-B,11.0,1,11.89,6.0,13.5,13.5,0.93,0.93,2.0,0.0,13.5,0.93,13.5,0.93,13.5,0.93,13.5,0.93,13.5,0.93,13.5,0.93,13.5,0.93
BRK-B,15.0,1,15.16,20.0,38.2,38.2,4.23,4.23,2.0,0.0,38.2,4.23,38.2,4.23,38.2,4.23,38.2,4.23,38.2,4.23,38.2,4.23,38.2,4.23
BRK-B,17.0,1,17.27,3.0,63.8,63.8,5.08,5.08,3.0,0.0,63.8,5.08,63.8,5.08,63.8,5.08,63.8,5.08,63.8,5.08,63.8,5.08,63.8,5.08
BTC-USD,1.0,189,1.5,2.0,29.4,831.6,0.48,13.96,3.0,57.7,59.4,0.97,79.4,1.27,118.4,1.74,191.8,2.86,302.1,4.57,439.9,6.24,686.1,10.08
BTC-USD,2.0,125,2.34,3.0,22.8,726.6,0.6,16.82,3.0,28.0,35.1,0.93,49.3,1.23,72.1,1.82,100.8,2.82,175.8,3.85,238.3,5.96,403.5,9.87
BTC-USD,3.0,58,3.45,6.0,18.0,331.4,0.53,9.57,3.0,17.2,27.7,0.95,38.7,1.35,54.4,1.99,76.5,2.82,121.2,4.14,150.8,5.22,318.8,9.52
BTC-USD,4.0,34,4.46,7.0,21.8,199.3,0.91,8.21,3.5,20.6,31.0,1.22,41.4,1.81,51.6,2.3,78.8,3.32,134.8,5.66,191.0,6.95,196.6,8.13
BTC-USD,5.0,15,5.5,8.0,22.8,207.2,1.08,8.91,3.0,6.7,27.0,1.33,36.0,1.65,50.2,2.65,66.9,3.07,79.0,3.66,119.0,5.39,189.6,8.21
BTC-USD,6.0,15,6.67,7.0,31.6,463.9,1.67,23.33,2.0,13.3,36.6,2.03,45.4,2.72,57.1,3.5,84.2,4.09,95.6,4.73,210.4,10.36,413.2,20.73
BTC-USD,7.0,6,7.18,8.5,20.2,55.7,1.21,2.81,1.5,0.0,21.8,1.28,24.3,1.46,29.1,1.96,42.6,2.42,51.0,2.66,53.4,2.74,55.2,2.8
BTC-USD,8.0,3,8.49,11.0,24.1,129.3,1.39,8.03,3.0,33.3,25.0,1.48,26.3,1.62,28.5,1.86,78.9,4.95,109.1,6.8,119.2,7.41,127.3,7.91
BTC-USD,9.0,5,9.54,10.0,20.4,143.4,1.46,6.37,2.0,20.0,27.7,1.81,38.6,2.34,45.6,3.69,65.2,4.64,112.1,5.68,127.8,6.02,140.3,6.3
BTC-USD,10.0,4,10.34,12.0,33.7,82.4,2.5,5.52,1.5,0.0,34.7,2.56,36.2,2.65,44.4,3.31,59.4,4.31,73.2,5.03,77.8,5.28,81.5,5.47
BTC-USD,11.0,3,11.48,9.0,47.3,74.8,3.45,4.79,2.0,0.0,49.9,3.59,53.7,3.81,60.1,4.16,67.5,4.48,71.9,4.67,73.3,4.73,74.5,4.78
BTC-USD,12.0,1,12.4,17.0,51.3,51.3,4.19,4.19,3.0,0.0,51.3,4.19,51.3,4.19,51.3,4.19,51.3,4.19,51.3,4.19,51.3,4.19,51.3,4.19
BTC-USD,13.0,2,13.38,16.5,18.2,42.3,1.2,4.05,1.5,0.0,20.6,1.49,24.2,1.91,30.2,2.63,36.3,3.34,39.9,3.76,41.1,3.91,42.1,4.02
BTC-USD,14.0,1,14.43,8.0,56.0,56.0,3.62,3.62,2.0,0.0,56.0,3.62,56.0,3.62,56.0,3.62,56.0,3.62,56.0,3.62,56.0,3.62,56.0,3.62
BTC-USD,15.0,4,15.34,20.5,19.1,65.1,1.37,6.67,3.5,0.0,21.5,1.59,25.0,1.92,33.4,2.3,46.0,3.54,57.5,5.42,61.3,6.05,64.3,6.55
BTC-USD,17.0,2,17.25,7.5,19.2,104.4,1.43,7.67,4.0,50.0,27.7,2.05,40.5,2.99,61.8,4.55,83.1,6.11,95.9,7.05,100.1,7.36,103.5,7.61
BTC-USD,20.0,2,20.52,17.0,34.8,40.8,2.37,2.95,1.0,0.0,35.4,2.42,36.3,2.51,37.8,2.66,39.3,2.81,40.2,2.89,40.5,2.92,40.7,2.95
BTC-USD,22.0,1,22.92,9.0,34.2,34.2,3.15,3.15,1.0,0.0,34.2,3.15,34.2,3.15,34.2,3.15,34.2,3.15,34.2,3.15,34.2,3.15,34.2,3.15
BTC-USD,28.0,1,28.82,18.0,33.3,33.3,3.17,3.17,2.0,0.0,33.3,3.17,33.3,3.17,33.3,3.17,33.3,3.17,33.3,3.17,33.3,3.17,33.3,3.17
BTC-USD,30.0,2,41.2,23.0,13.0,19.1,1.21,2.14,1.0,0.0,13.6,1.3,14.5,1.44,16.1,1.67,17.6,1.9,18.5,2.04,18.8,2.09,19.0,2.13
BTI,1.0,435,1.44,1.0,23.2,1003.6,0.49,12.83,2.0,58.9,60.4,0.94,79.0,1.13,112.4,1.67,180.4,2.62,278.5,4.21,361.1,5.25,528.5,7.16
BTI,2.0,207,2.46,3.0,18.5,432.7,0.62,9.17,2.0,29.5,37.8,0.97,50.5,1.24,72.0,1.77,106.8,2.65,169.4,3.95,195.2,4.42,270.7,6.36
BTI,3.0,112,3.43,4.0,17.6,281.4,0.66,9.5,2.0,18.8,26.9,0.9,40.5,1.37,54.7,1.84,87.0,2.87,124.2,4.31,181.8,5.91,275.7,9.23
BTI,4.0,56,4.32,5.0,12.9,286.2,0.61,11.72,2.0,5.4,21.4,1.02,29.9,1.38,47.9,1.99,63.1,2.96,87.8,3.38,116.7,4.7,255.6,9.77
BTI,5.0,26,5.4,7.0,16.2,141.2,0.87,7.28,1.0,3.8,19.1,1.07,25.4,1.28,37.9,1.72,45.8,2.59,79.5,4.2,83.1,4.98,126.9,6.77
BTI,6.0,11,6.4,7.0,13.8,79.5,0.82,3.96,2.0,0.0,14.0,0.93,19.9,1.1,27.4,2.09,45.6,2.49,76.9,3.85,78.2,3.91,79.2,3.95
BTI,7.0,8,7.25,6.5,19.2,53.9,1.29,3.65,1.0,0.0,20.1,1.42,23.9,1.52,28.2,1.8,30.8,1.93,40.3,2.48,47.1,3.07,52.5,3.54
BTI,8.0,3,8.49,8.0,19.3,54.5,1.2,3.58,1.0,0.0,19.6,1.23,20.1,1.28,21.0,1.36,37.8,2.47,47.8,3.14,51.1,3.36,53.8,3.54
BTI,9.0,1,9.7,13.0,10.1,10.1,0.76,0.76,1.0,0.0,10.1,0.76,10.1,0.76,10.1,0.76,10.1,0.76,10.1,0.76,10.1,0.76,10.1,0.76
BTI,13.0,1,13.9,11.0,19.1,19.1,1.81,1.81,2.0,0.0,19.1,1.81,19.1,1.81,19.1,1.81,19.1,1.81,19.1,1.81,19.1,1.81,19.1,1.81
BZ=F,1.0,340,1.49,2.0,26.4,695.4,0.5,9.5,2.0,62.9,65.5,1.04,85.4,1.33,122.8,1.81,188.9,2.68,276.9,4.02,346.4,5.03,540.3,7.51
BZ=F,2.0,190,2.43,3.0,13.9,577.1,0.38,11.68,2.0,32.1,39.7,1.01,58.3,1.44,77.8,1.92,111.6,2.75,171.5,4.07,207.4,5.61,412.1,8.85
BZ=F,3.0,83,3.34,5.0,23.3,307.0,0.72,13.47,2.0,19.3,28.6,1.0,38.1,1.33,58.0,1.92,95.3,2.96,148.4,4.94,168.4,5.98,278.0,9.16
BZ=F,4.0,57,4.35,7.0,12.9,141.1,0.8,5.95,2.0,8.8,24.8,1.08,32.2,1.48,47.6,2.0,75.0,2.95,88.6,3.98,106.5,4.77,139.7,5.78
BZ=F,5.0,21,5.35,8.0,11.7,114.8,0.63,10.1,2.0,4.8,18.8,1.06,29.9,1.45,40.9,1.96,56.9,2.46,75.4,3.41,76.1,5.04,107.1,9.09
BZ=F,6.0,4,6.2,7.5,28.5,65.6,1.56,3.07,3.5,0.0,29.9,1.59,31.9,1.64,33.3,1.94,41.6,2.43,56.0,2.82,60.8,2.95,64.6,3.05
BZ=F,7.0,4,7.65,5.5,26.8,58.3,1.89,3.02,2.0,0.0,29.0,1.98,32.3,2.11,44.2,2.59,55.3,3.0,57.1,3.01,57.7,3.02,58.2,3.02
BZ=F,8.0,1,8.45,9.0,73.0,73.0,4.35,4.35,3.0,0.0,73.0,4.35,73.0,4.35,73.0,4.35,73.0,4.35,73.0,4.35,73.0,4.35,73.0,4.35
BZ=F,9.0,1,9.82,6.0,97.7,97.7,5.29,5.29,7.0,0.0,97.7,5.29,97.7,5.29,97.7,5.29,97.7,5.29,97.7,5.29,97.7,5.29,97.7,5.29
BZ=F,10.0,1,10.17,14.0,81.7,81.7,3.88,3.88,6.0,0.0,81.7,3.88,81.7,3.88,81.7,3.88,81.7,3.88,81.7,3.88,81.7,3.88,81.7,3.88
BZ=F,24.0,1,24.86,7.0,76.4,76.4,5.93,5.93,1.0,0.0,76.4,5.93,76.4,5.93,76.4,5.93,76.4,5.93,76.4,5.93,76.4,5.93,76.4,5.93
C,1.0,351,1.47,2.0,32.4,754.6,0.49,11.04,2.0,65.2,56.1,0.91,79.8,1.19,128.1,1.81,201.8,2.96,313.1,4.81,440.0,5.9,576.7,9.33
C,2.0,210,2.39,3.0,22.2,414.6,0.57,11.35,2.0,35.2,39.7,0.97,53.8,1.31,73.5,1.88,118.7,2.88,175.2,4.09,213.1,5.22,387.4,8.3
C,3.0,108,3.37,4.0,18.6,245.8,0.63,7.81,2.0,15.7,32.0,1.12,44.4,1.47,57.0,1.85,84.2,2.66,114.7,3.64,134.8,4.55,232.3,6.92
C,4.0,52,4.38,5.5,21.3,146.8,0.91,5.89,2.0,5.8,24.6,1.1,30.2,1.23,38.3,1.69,58.7,2.38,87.9,3.8,98.9,4.53,141.8,5.59
C,5.0,22,5.47,6.0,23.0,95.7,1.23,4.86,4.0,0.0,26.8,1.32,45.1,2.09,51.8,2.58,65.3,3.68,84.7,4.2,89.2,4.67,94.4,4.82
C,6.0,10,6.55,9.0,19.8,149.7,1.11,7.52,5.5,10.0,34.0,1.89,42.6,2.53,54.0,3.0,60.6,3.03,71.0,4.58,110.4,6.05,141.8,7.23
C,7.0,8,7.44,8.0,16.9,69.4,0.88,3.7,1.5,0.0,20.3,1.13,26.3,1.48,30.8,1.79,44.9,2.98,55.9,3.54,62.6,3.62,68.0,3.68
C,8.0,2,8.14,7.5,40.0,43.0,2.25,2.97,1.5,0.0,40.3,2.33,40.8,2.43,41.5,2.61,42.2,2.79,42.7,2.9,42.9,2.93,43.0,2.96
C,9.0,2,9.58,11.5,26.3,44.3,2.12,2.84,1.0,0.0,28.1,2.19,30.8,2.3,35.3,2.48,39.8,2.66,42.5,2.77,43.4,2.81,44.1,2.84
CAT,1.0,361,1.5,2.0,30.9,657.5,0.46,9.22,2.0,60.9,60.2,0.97,83.2,1.31,116.5,1.73,186.5,2.74,285.8,3.94,337.3,5.15,497.2,7.26
CAT,2.0,181,2.36,3.0,24.4,528.9,0.61,14.48,2.0,34.3,39.2,0.97,53.5,1.35,77.4,1.85,126.0,3.01,196.9,4.59,228.0,5.9,375.4,7.49
CAT,3.0,107,3.44,4.0,17.0,399.4,0.63,11.12,2.0,11.2,28.4,1.0,37.1,1.3,53.3,1.74,72.2,2.35,110.6,3.76,143.8,4.51,198.8,5.98
CAT,4.0,44,4.42,5.0,14.6,227.1,0.67,7.91,2.5,18.2,26.2,1.09,32.4,1.35,46.7,1.9,71.4,2.93,115.0,4.43,130.3,5.2,188.8,7.05
CAT,5.0,23,5.38,7.0,16.4,204.5,0.87,8.54,2.0,8.7,18.8,1.07,28.4,1.47,42.8,2.27,55.3,2.74,91.2,4.61,107.3,6.93,183.3,8.23
CAT,6.0,14,6.42,9.0,11.3,226.0,0.98,11.48,3.0,14.3,22.3,1.23,27.1,1.42,34.9,1.8,47.2,2.89,104.6,5.81,154.2,8.27,211.6,10.83
CAT,7.0,9,7.46,8.0,14.3,164.2,0.9,8.35,4.0,11.1,19.2,1.15,28.3,1.7,43.2,2.26,51.5,2.98,75.8,4.11,120.0,6.23,155.4,7.93
CAT,8.0,6,8.46,8.5,18.2,71.3,1.25,4.27,1.5,0.0,19.0,1.45,24.2,1.88,37.6,2.6,45.4,2.87,59.6,3.62,65.5,3.94,70.1,4.2
CAT,9.0,4,9.75,13.0,12.7,43.3,0.94,2.82,2.0,0.0,15.2,1.05,19.0,1.2,21.2,1.37,26.9,1.8,36.7,2.41,40.0,2.61,42.6,2.78
CAT,10.0,2,10.59,13.5,23.1,32.6,1.85,2.45,2.5,0.0,24.1,1.91,25.5,2.0,27.9,2.15,30.2,2.3,31.7,2.39,32.1,2.42,32.5,2.44
CAT,11.0,1,11.85,12.0,16.4,16.4,1.33,1.33,1.0,0.0,16.4,1.33,16.4,1.33,16.4,1.33,16.4,1.33,16.4,1.33,16.4,1.33,16.4,1.33
CB,1.0,347,1.48,2.0,28.1,624.1,0.61,10.49,2.0,61.7,68.6,1.0,83.4,1.3,112.3,1.72,163.6,2.5,249.0,3.48,316.2,4.65,472.5,7.53
CB,2.0,206,2.45,3.0,20.3,497.9,0.64,10.32,2.0,33.5,39.8,1.04,55.2,1.32,81.6,1.93,113.9,2.71,150.4,3.71,187.2,4.56,348.1,7.21
CB,3.0,102,3.32,5.0,24.7,584.9,0.74,16.71,2.0,18.6,34.9,1.2,42.8,1.48,58.5,1.98,85.6,2.83,120.6,4.0,135.0,4.88,229.0,5.62
CB,4.0,46,4.44,7.0,17.6,242.0,0.76,11.65,2.0,6.5,24.0,1.07,33.9,1.51,45.9,1.87,64.1,2.64,80.7,3.18,111.3,4.66,223.8,10.0
CB,5.0,23,5.31,6.0,11.5,98.6,0.89,4.26,3.0,0.0,21.6,1.05,29.2,1.39,46.9,2.47,67.0,2.98,88.8,3.99,94.3,4.11,97.8,4.23
CB,6.0,13,6.51,8.0,20.5,98.9,1.29,5.57,3.0,0.0,24.5,1.43,29.9,1.68,41.9,2.42,67.3,3.12,93.6,5.0,96.8,5.27,98.5,5.51
CB,7.0,5,7.42,8.0,20.1,34.9,1.12,1.89,2.0,0.0,20.2,1.24,20.3,1.42,31.7,1.8,33.1,1.82,34.2,1.86,34.5,1.87,34.8,1.88
CB,8.0,2,8.11,7.5,18.3,61.5,1.36,3.34,5.0,0.0,22.6,1.56,29.1,1.85,39.9,2.35,50.7,2.84,57.2,3.14,59.3,3.24,61.1,3.32
CB,12.0,1,12.81,6.0,101.8,101.8,5.65,5.65,11.0,100.0,101.8,5.65,101.8,5.65,101.8,5.65,101.8,5.65,101.8,5.65,101.8,5.65,101.8,5.65
CBK.DE,1.0,349,1.45,2.0,26.3,1395.4,0.49,15.32,2.0,60.5,62.7,0.96,82.0,1.24,117.8,1.84,187.1,2.86,266.7,4.12,368.0,5.28,593.6,10.16
CBK.DE,2.0,180,2.39,3.0,22.4,489.5,0.64,12.22,3.0,40.6,40.6,1.06,56.5,1.36,87.2,2.07,131.3,3.11,211.2,4.99,246.7,5.99,381.9,9.24
CBK.DE,3.0,80,3.43,4.0,16.4,291.8,0.69,8.42,2.0,15.0,32.7,1.22,43.0,1.63,62.2,2.02,77.6,2.71,121.1,3.76,184.1,5.77,255.1,7.94
CBK.DE,4.0,54,4.34,6.0,23.8,147.6,1.02,6.12,2.0,11.1,28.6,1.29,36.5,1.55,61.1,2.68,79.0,3.21,99.7,4.03,117.4,5.03,140.1,5.67
CBK.DE,5.0,24,5.28,7.0,20.4,281.8,1.01,10.83,2.0,16.7,29.3,1.42,32.9,1.6,40.7,2.09,57.3,2.56,104.7,4.44,109.2,5.16,242.3,9.55
CBK.DE,6.0,9,6.54,6.0,21.9,71.1,1.18,3.55,3.0,0.0,30.7,1.9,36.9,2.1,50.0,2.84,66.7,3.25,70.7,3.53,70.9,3.54,71.1,3.54
CBK.DE,7.0,9,7.38,7.0,24.1,56.2,1.37,3.39,2.0,0.0,25.9,1.63,31.4,2.09,49.1,2.75,54.1,2.89,55.7,3.19,56.0,3.29,56.2,3.37
CBK.DE,8.0,8,8.45,9.5,14.3,46.5,0.91,4.57,1.0,0.0,15.1,0.99,15.6,1.04,24.6,1.55,27.4,1.87,35.5,2.78,41.0,3.67,45.4,4.39
CBK.DE,9.0,1,9.05,8.0,72.1,72.1,4.02,4.02,9.0,0.0,72.1,4.02,72.1,4.02,72.1,4.02,72.1,4.02,72.1,4.02,72.1,4.02,72.1,4.02
CBK.DE,10.0,2,10.92,13.0,17.2,42.2,1.7,2.35,2.0,0.0,19.7,1.76,23.4,1.86,29.7,2.02,36.0,2.19,39.7,2.28,41.0,2.32,42.0,2.34
CBK.DE,11.0,2,11.47,14.5,13.9,30.4,1.19,2.21,1.0,0.0,15.6,1.29,18.0,1.44,22.1,1.7,26.3,1.95,28.8,2.11,29.6,2.16,30.2,2.2
CBK.DE,12.0,1,12.0,5.0,54.4,54.4,3.45,3.45,2.0,0.0,54.4,3.45,54.4,3.45,54.4,3.45,54.4,3.45,54.4,3.45,54.4,3.45,54.4,3.45
CC=F,1.0,293,1.47,2.0,3.2,762.7,0.05,11.26,2.0,62.5,54.5,0.9,85.7,1.21,122.0,1.75,179.5,2.62,277.8,4.57,370.5,5.42,638.9,8.07
CC=F,2.0,179,2.44,3.0,6.1,387.6,0.14,11.13,2.0,41.9,41.3,0.98,63.9,1.54,89.8,2.21,125.2,3.27,177.7,4.52,232.2,5.33,367.9,8.06
CC=F,3.0,81,3.39,5.0,1.4,487.6,0.05,15.74,2.0,25.9,30.7,1.08,43.2,1.69,73.4,2.34,104.5,3.64,149.7,5.12,202.3,6.52,329.7,9.82
CC=F,4.0,50,4.42,5.0,2.7,249.7,0.11,10.88,2.0,14.0,22.5,0.97,29.2,1.38,55.3,2.21,82.4,3.37,119.7,4.51,136.9,6.18,212.8,8.72
CC=F,5.0,29,5.38,4.0,2.9,150.8,0.17,6.14,1.0,13.8,13.1,0.67,24.9,1.24,40.3,1.72,54.3,2.45,104.9,4.6,131.5,5.54,149.6,6.06
CC=F,6.0,22,6.52,8.5,11.1,69.9,0.99,3.99,2.5,0.0,20.3,1.42,34.5,1.87,40.6,2.29,50.8,2.88,65.0,3.53,66.9,3.83,69.3,3.96
CC=F,7.0,5,7.3,6.0,15.9,94.2,1.45,5.53,1.0,0.0,22.7,1.6,33.0,1.81,37.0,3.15,53.1,5.44,77.8,5.49,86.0,5.51,92.6,5.52
CC=F,8.0,5,8.19,13.0,9.2,111.1,0.85,6.36,1.0,40.0,11.3,0.92,14.4,1.02,33.4,2.06,104.5,6.31,108.5,6.34,109.8,6.35,110.8,6.35
CC=F,9.0,4,9.5,13.5,18.8,58.1,1.44,3.77,2.0,0.0,22.1,1.64,27.0,1.94,31.4,2.49,39.4,3.11,50.6,3.51,54.3,3.64,57.3,3.74
CC=F,10.0,1,10.73,8.0,19.2,19.2,1.33,1.33,2.0,0.0,19.2,1.33,19.2,1.33,19.2,1.33,19.2,1.33,19.2,1.33,19.2,1.33,19.2,1.33
CC=F,11.0,3,11.82,11.0,18.7,75.6,1.19,7.66,3.0,0.0,26.4,1.99,38.0,3.18,57.4,5.17,66.5,6.42,72.0,7.16,73.8,7.41,75.2,7.61
CC=F,12.0,1,12.04,8.0,8.3,8.3,0.62,0.62,1.0,0.0,8.3,0.62,8.3,0.62,8.3,0.62,8.3,0.62,8.3,0.62,8.3,0.62,8.3,0.62
CC=F,29.0,1,29.03,26.0,17.5,17.5,1.68,1.68,2.0,0.0,17.5,1.68,17.5,1.68,17.5,1.68,17.5,1.68,17.5,1.68,17.5,1.68,17.5,1.68
CCEP,1.0,361,1.5,2.0,24.4,878.0,0.47,10.61,2.0,62.3,65.8,1.02,86.1,1.32,120.0,1.82,177.0,2.65,256.5,3.59,305.1,4.55,481.0,6.69
CCEP,2.0,207,2.41,3.0,23.1,375.2,0.63,10.04,2.0,33.3,40.2,0.98,55.2,1.35,80.8,1.92,117.2,2.8,152.9,3.87,202.5,5.11,332.8,7.45
CCEP,3.0,88,3.47,4.0,13.5,390.2,0.52,12.42,2.0,9.1,33.1,1.11,39.6,1.37,57.0,2.03,73.0,2.53,94.3,3.1,124.4,3.84,363.6,10.65
CCEP,4.0,55,4.44,6.0,23.0,178.2,0.92,8.54,3.0,7.3,29.9,1.22,40.0,1.59,49.5,2.1,70.3,2.75,86.2,3.46,103.7,4.53,150.8,7.14
CCEP,5.0,22,5.29,6.5,14.2,239.8,0.65,11.34,2.0,4.5,18.8,0.91,21.7,1.11,39.3,1.7,64.5,3.29,95.3,4.76,98.6,5.17,210.2,10.05
CCEP,6.0,11,6.26,8.0,12.0,140.7,0.83,6.4,3.0,18.2,16.1,1.12,25.8,1.24,30.6,1.8,59.1,3.07,102.7,4.8,121.7,5.6,136.9,6.24
CCEP,7.0,4,7.76,11.5,18.3,45.3,0.99,4.73,3.0,0.0,20.0,1.29,22.4,1.73,28.3,2.02,35.9,2.74,41.5,3.93,43.4,4.33,44.9,4.65
CCEP,8.0,4,8.41,14.0,15.9,29.5,1.11,2.42,2.5,0.0,17.6,1.17,20.2,1.26,24.7,1.59,28.2,2.01,29.0,2.25,29.2,2.33,29.4,2.4
CCEP,9.0,2,9.06,13.5,20.2,74.8,1.69,5.55,3.5,0.0,25.7,2.08,33.8,2.66,47.5,3.62,61.1,4.59,69.3,5.17,72.1,5.36,74.3,5.51
CCEP,12.0,2,12.66,10.5,24.3,49.4,2.21,3.59,1.0,0.0,26.8,2.34,30.6,2.55,36.9,2.9,43.1,3.24,46.9,3.45,48.1,3.52,49.1,3.57
CCEP,13.0,1,13.28,13.0,45.3,45.3,3.07,3.07,3.0,0.0,45.3,3.07,45.3,3.07,45.3,3.07,45.3,3.07,45.3,3.07,45.3,3.07,45.3,3.07
CCEP,16.0,1,16.67,5.0,11.3,11.3,0.98,0.98,3.0,0.0,11.3,0.98,11.3,0.98,11.3,0.98,11.3,0.98,11.3,0.98,11.3,0.98,11.3,0.98
CDNS,1.0,342,1.49,2.0,25.9,730.2,0.54,10.7,2.0,62.3,62.3,1.03,82.5,1.21,117.2,1.76,169.8,2.46,261.6,3.88,321.7,4.75,620.3,8.65
CDNS,2.0,206,2.42,3.0,22.7,503.7,0.5,11.17,2.0,35.4,39.0,0.93,51.5,1.28,74.2,1.94,115.2,2.75,167.5,4.06,208.5,5.21,333.6,6.69
CDNS,3.0,86,3.45,5.0,18.2,252.3,0.72,9.61,2.0,19.8,28.3,1.08,36.8,1.28,48.8,1.78,83.7,2.94,139.7,4.28,183.6,6.19,241.3,7.93
CDNS,4.0,43,4.26,6.0,14.7,186.7,0.6,8.06,2.0,16.3,25.7,1.14,30.8,1.41,50.4,1.99,68.4,2.71,134.9,5.03,166.5,6.53,184.8,7.63
CDNS,5.0,31,5.42,7.0,23.9,215.2,1.16,9.52,3.0,9.7,27.3,1.26,32.0,1.55,56.1,2.45,79.8,3.96,96.8,5.0,174.1,7.65,207.2,9.37
CDNS,6.0,12,6.52,8.5,18.5,117.0,0.95,6.3,1.0,8.3,20.1,1.19,24.0,1.54,31.1,2.02,52.4,2.78,73.5,3.9,93.7,5.0,112.3,6.04
CDNS,7.0,6,7.36,10.0,15.1,65.3,0.98,3.49,1.0,0.0,17.0,1.19,19.3,1.39,23.0,1.4,27.9,2.2,47.0,2.98,56.1,3.23,63.5,3.44
CDNS,8.0,5,8.16,7.0,10.7,48.9,0.94,2.8,2.0,0.0,14.0,0.96,19.0,0.99,36.9,2.37,47.9,2.67,48.5,2.74,48.7,2.77,48.9,2.79
CDNS,9.0,3,9.43,10.0,17.1,58.4,1.03,3.53,1.0,0.0,17.4,1.06,17.9,1.11,18.7,1.19,38.5,2.36,50.5,3.07,54.4,3.3,57.6,3.49
CDW,1.0,231,1.47,2.0,33.4,626.5,0.63,10.64,2.0,68.0,62.9,0.96,89.0,1.33,122.6,1.86,188.8,2.81,304.8,4.22,413.2,5.95,573.3,9.0
CDW,2.0,117,2.47,3.0,23.3,457.6,0.57,9.55,2.0,33.3,42.6,1.07,54.8,1.37,82.0,1.88,120.6,2.98,181.1,3.99,214.2,5.85,397.6,8.16
CDW,3.0,55,3.36,4.0,14.6,220.6,0.54,7.05,2.0,7.3,27.0,0.86,36.7,1.17,50.4,1.71,74.9,2.43,95.2,3.5,122.1,5.06,202.3,6.16
CDW,4.0,26,4.49,6.0,19.6,170.3,0.91,7.0,2.5,3.8,29.4,1.21,34.5,1.48,44.2,1.98,66.9,2.78,89.4,4.03,98.4,5.4,152.4,6.68
CDW,5.0,15,5.3,7.0,15.8,120.9,0.77,6.17,2.0,6.7,17.9,0.97,22.5,1.32,46.8,2.36,58.8,2.96,88.8,3.87,103.6,4.77,117.4,5.89
CDW,6.0,6,6.65,14.5,19.0,78.4,1.38,6.24,5.0,0.0,28.9,1.9,39.0,2.49,46.4,3.05,53.5,3.49,66.1,4.89,72.2,5.56,77.2,6.1
CDW,7.0,11,7.47,13.0,14.8,124.6,0.9,6.75,3.0,9.1,16.6,0.9,18.0,1.13,20.1,1.36,33.8,2.48,49.1,2.74,86.8,4.75,117.1,6.35
CDW,8.0,2,8.85,12.0,12.5,26.7,1.02,2.28,2.5,0.0,13.9,1.14,16.1,1.33,19.6,1.65,23.1,1.97,25.3,2.16,26.0,2.22,26.6,2.27
CDW,9.0,2,9.26,23.0,35.1,39.1,2.5,2.79,4.5,0.0,35.5,2.53,36.1,2.58,37.1,2.65,38.1,2.72,38.7,2.76,38.9,2.78,39.1,2.79
CDW,11.0,2,11.43,15.5,16.4,25.9,1.28,1.88,3.5,0.0,17.3,1.34,18.8,1.43,21.1,1.58,23.5,1.73,24.9,1.82,25.4,1.85,25.8,1.88
CEG,1.0,77,1.5,2.0,34.7,498.1,0.7,5.81,2.0,54.5,54.1,0.87,80.0,1.18,106.3,1.67,179.9,2.7,246.7,3.8,305.5,4.57,365.5,5.55
CEG,2.0,38,2.47,3.0,34.0,264.3,0.83,5.45,2.0,31.6,41.3,0.93,49.3,1.22,69.8,1.56,110.0,2.86,167.4,3.75,214.5,4.84,256.9,5.24
CEG,3.0,23,3.54,5.0,27.1,148.4,0.87,4.67,2.0,26.1,33.9,1.4,46.1,1.61,56.3,1.84,88.0,2.85,126.7,3.59,132.5,3.73,145.0,4.46
CEG,4.0,15,4.46,7.0,16.1,135.2,0.88,5.55,2.0,26.7,30.8,1.35,43.4,1.8,52.9,2.23,99.2,4.05,129.4,4.83,132.3,5.25,134.6,5.49
CEG,5.0,1,5.44,4.0,46.9,46.9,2.17,2.17,1.0,0.0,46.9,2.17,46.9,2.17,46.9,2.17,46.9,2.17,46.9,2.17,46.9,2.17,46.9,2.17
CEG,6.0,3,6.16,11.0,26.4,101.1,1.4,4.78,3.0,33.3,31.3,1.67,38.6,2.08,50.8,2.75,75.9,3.77,91.0,4.38,96.1,4.58,100.1,4.74
CEG,7.0,4,7.41,8.5,20.8,58.0,1.42,3.71,3.0,0.0,22.0,1.43,23.7,1.44,31.4,1.77,43.0,2.49,52.0,3.22,55.0,3.47,57.4,3.66
CEG,12.0,1,12.99,13.0,11.7,11.7,0.98,0.98,2.0,0.0,11.7,0.98,11.7,0.98,11.7,0.98,11.7,0.98,11.7,0.98,11.7,0.98,11.7,0.98
CEG,16.0,2,16.38,10.0,18.8,20.6,1.66,1.96,1.0,0.0,19.0,1.69,19.2,1.73,19.7,1.81,20.2,1.88,20.4,1.93,20.5,1.94,20.6,1.96
CHTR,1.0,245,1.45,2.0,24.7,776.0,0.38,10.51,2.0,59.2,63.2,0.97,83.5,1.23,112.2,1.69,167.8,2.52,276.5,4.48,371.9,5.16,616.1,8.58
CHTR,2.0,140,2.45,3.0,22.1,610.4,0.61,14.8,2.0,35.0,41.3,1.07,56.9,1.43,80.8,1.99,116.5,2.9,191.0,4.43,265.1,6.58,295.8,8.59
CHTR,3.0,69,3.4,5.0,17.8,462.1,0.64,14.18,3.0,23.2,31.0,1.22,43.3,1.56,62.9,2.04,90.0,3.07,158.8,4.9,174.6,5.24,458.4,13.19
CHTR,4.0,33,4.36,6.0,22.4,245.7,0.89,10.26,3.0,24.2,26.5,1.0,36.7,1.52,51.5,2.37,98.4,3.92,139.9,5.24,156.2,6.46,217.6,9.31
CHTR,5.0,32,5.58,6.0,15.5,125.0,0.9,6.86,3.0,12.5,18.1,1.02,27.8,1.5,44.0,2.06,63.1,3.08,102.4,4.03,107.3,4.55,120.1,6.31
CHTR,6.0,13,6.44,7.0,15.3,87.0,1.16,4.43,3.0,0.0,20.6,1.47,31.6,1.57,41.3,2.2,66.5,3.54,81.5,4.02,85.2,4.26,86.6,4.4
CHTR,7.0,4,7.48,9.0,20.9,41.2,1.25,2.79,4.0,0.0,25.4,1.42,32.2,1.67,38.2,1.97,40.7,2.29,41.0,2.59,41.1,2.69,41.2,2.77
CHTR,8.0,1,8.73,8.0,17.2,17.2,1.14,1.14,1.0,0.0,17.2,1.14,17.2,1.14,17.2,1.14,17.2,1.14,17.2,1.14,17.2,1.14,17.2,1.14
CHTR,9.0,5,9.52,16.0,7.4,41.6,0.93,3.54,2.0,0.0,12.8,1.15,21.0,1.47,21.7,1.48,35.4,2.15,39.1,2.99,40.4,3.26,41.4,3.49
CHTR,10.0,1,10.48,5.0,27.9,27.9,1.59,1.59,1.0,0.0,27.9,1.59,27.9,1.59,27.9,1.59,27.9,1.59,27.9,1.59,27.9,1.59,27.9,1.59
CHTR,11.0,1,11.58,17.0,28.4,28.4,2.32,2.32,1.0,0.0,28.4,2.32,28.4,2.32,28.4,2.32,28.4,2.32,28.4,2.32,28.4,2.32,28.4,2.32
CHTR,12.0,1,12.67,9.0,139.3,139.3,13.04,13.04,23.0,100.0,139.3,13.04,139.3,13.04,139.3,13.04,139.3,13.04,139.3,13.04,139.3,13.04,139.3,13.04
CHTR,13.0,1,13.52,7.0,108.1,108.1,8.89,8.89,2.0,100.0,108.1,8.89,108.1,8.89,108.1,8.89,108.1,8.89,108.1,8.89,108.1,8.89,108.1,8.89
CL,1.0,359,1.5,2.0,35.8,1827.7,0.56,23.28,2.0,62.1,64.0,1.02,83.2,1.31,118.0,1.8,179.0,2.65,268.7,3.79,331.6,4.78,536.8,8.46
CL,2.0,210,2.44,3.0,29.5,305.0,0.6,8.74,2.0,26.2,39.9,1.05,50.1,1.28,69.7,1.72,101.2,2.49,154.7,3.67,194.1,4.5,302.0,7.0
CL,3.0,92,3.37,5.0,22.9,226.2,0.8,7.58,2.0,17.4,31.2,1.03,40.5,1.41,58.8,2.01,89.8,2.99,123.7,4.06,143.8,4.78,202.2,6.11
CL,4.0,47,4.38,6.0,18.0,194.9,0.81,7.81,2.0,10.6,23.6,1.01,29.9,1.39,49.8,1.91,72.0,2.81,96.8,3.97,110.4,4.66,164.2,6.78
CL,5.0,19,5.3,6.0,21.5,151.5,1.07,6.91,2.0,15.8,26.0,1.19,31.6,1.29,33.3,1.59,70.5,3.43,131.5,5.43,135.8,6.34,148.4,6.79
CL,6.0,7,6.46,11.0,20.5,68.6,1.12,3.41,2.0,0.0,21.5,1.21,28.2,1.61,36.0,2.04,42.5,2.15,54.6,2.66,61.6,3.04,67.2,3.34
CL,7.0,5,7.78,11.0,21.2,42.2,1.03,2.39,4.0,0.0,21.3,1.09,21.4,1.17,33.4,2.24,38.4,2.3,40.7,2.36,41.4,2.38,42.0,2.39
CL,8.0,3,8.6,9.0,22.1,39.2,1.28,2.44,2.0,0.0,24.3,1.5,27.6,1.84,33.0,2.4,36.1,2.42,38.0,2.43,38.6,2.43,39.1,2.44
CL,9.0,1,10.0,14.0,20.8,20.8,1.41,1.41,1.0,0.0,20.8,1.41,20.8,1.41,20.8,1.41,20.8,1.41,20.8,1.41,20.8,1.41,20.8,1.41
CL=F,1.0,365,1.52,2.0,21.1,1139.4,0.51,15.53,2.0,65.2,69.3,1.05,87.0,1.36,118.2,1.84,180.0,2.54,273.4,3.82,358.1,5.08,594.1,7.39
CL=F,2.0,185,2.41,3.0,16.0,752.4,0.59,16.89,3.0,28.1,42.6,1.07,52.2,1.36,75.3,1.85,108.6,2.54,179.8,4.07,219.4,6.01,439.0,10.29
CL=F,3.0,99,3.4,5.0,23.7,197.8,0.68,5.91,2.0,15.2,34.5,1.16,40.0,1.37,53.5,1.92,77.3,2.75,107.7,3.59,133.3,4.65,162.8,5.8
CL=F,4.0,35,4.35,7.0,16.3,180.0,0.8,6.54,3.0,11.4,27.0,1.25,31.6,1.49,45.6,1.86,60.2,2.78,100.5,4.08,130.4,4.76,163.3,6.04
CL=F,5.0,17,5.31,9.0,20.6,111.3,1.08,6.38,2.0,5.9,28.9,1.48,32.7,1.7,38.8,1.94,46.0,2.39,72.8,3.29,99.3,4.85,108.9,6.07
CL=F,6.0,3,6.89,6.0,19.3,52.8,0.98,2.72,2.0,0.0,24.1,1.32,31.2,1.83,43.1,2.68,48.0,2.7,50.9,2.71,51.8,2.71,52.6,2.72
CL=F,7.0,6,7.8,12.5,33.3,92.8,2.69,5.67,5.0,0.0,34.5,2.82,37.5,2.96,49.4,3.18,66.0,3.77,81.0,4.79,86.9,5.23,91.6,5.58
CL=F,8.0,1,8.06,3.0,14.0,14.0,0.75,0.75,3.0,0.0,14.0,0.75,14.0,0.75,14.0,0.75,14.0,0.75,14.0,0.75,14.0,0.75,14.0,0.75
CL=F,9.0,3,9.55,13.0,15.7,91.4,0.94,5.07,1.0,0.0,28.0,1.47,46.5,2.26,77.2,3.57,84.3,4.32,88.6,4.77,90.0,4.92,91.1,5.04
CL=F,27.0,1,27.61,7.0,76.5,76.5,6.13,6.13,1.0,0.0,76.5,6.13,76.5,6.13,76.5,6.13,76.5,6.13,76.5,6.13,76.5,6.13,76.5,6.13
CM,1.0,335,1.5,2.0,28.6,932.3,0.47,11.27,2.0,61.5,62.5,0.95,83.1,1.29,117.9,1.77,177.6,2.76,280.0,4.07,358.5,5.27,538.7,8.81
CM,2.0,213,2.44,3.0,17.6,862.8,0.56,19.37,2.0,36.6,41.0,1.0,52.6,1.36,77.2,2.01,130.3,3.0,202.5,5.05,290.0,6.45,420.9,9.52
CM,3.0,99,3.4,5.0,18.5,164.3,0.68,6.43,2.0,15.2,25.2,0.85,35.2,1.26,50.3,1.74,72.6,2.4,125.3,3.88,139.3,5.29,155.7,6.1
CM,4.0,60,4.53,6.0,12.8,170.0,0.66,6.1,2.0,10.0,21.3,0.93,27.4,1.22,35.7,1.56,61.3,2.68,95.5,4.11,120.6,5.01,150.9,5.93
CM,5.0,22,5.37,7.0,21.5,151.9,1.07,7.49,2.0,13.6,23.0,1.22,25.3,1.42,34.1,1.82,66.8,3.06,113.0,5.38,130.2,6.42,147.5,7.28
CM,6.0,14,6.55,6.0,8.1,53.3,0.54,2.98,2.0,0.0,13.0,0.79,19.9,1.12,25.3,1.54,34.8,2.25,47.3,2.45,51.2,2.69,52.9,2.92
CM,7.0,6,7.58,11.5,11.0,99.2,0.72,6.51,1.5,0.0,13.9,0.87,17.9,1.22,25.6,1.96,33.9,2.65,67.2,4.68,83.2,5.59,96.0,6.33
CM,8.0,2,8.13,9.5,27.4,27.9,1.67,1.88,2.5,0.0,27.4,1.69,27.5,1.72,27.6,1.77,27.8,1.83,27.8,1.86,27.9,1.87,27.9,1.87
CM,9.0,2,9.32,9.0,15.7,53.8,1.39,3.27,2.5,0.0,19.5,1.58,25.2,1.86,34.8,2.33,44.3,2.8,50.0,3.08,51.9,3.18,53.4,3.25
CM,10.0,3,10.12,13.0,21.4,54.5,1.76,5.24,2.0,0.0,22.8,1.76,24.9,1.77,28.3,1.77,41.4,3.51,49.3,4.55,51.9,4.89,54.0,5.17
CMCSA,1.0,359,1.5,2.0,24.5,809.8,0.52,9.57,2.0,63.8,61.2,1.0,83.0,1.28,121.7,1.74,182.2,2.64,251.1,3.73,333.7,4.8,535.1,7.51
CMCSA,2.0,204,2.35,3.0,22.3,468.9,0.68,11.81,2.0,34.3,39.6,1.01,53.0,1.32,80.0,1.96,123.0,2.75,183.8,3.99,226.9,5.56,312.0,7.59
CMCSA,3.0,84,3.46,5.0,19.6,164.6,0.65,5.39,2.5,14.3,29.2,0.99,42.2,1.5,60.5,1.98,88.2,2.83,104.6,3.25,111.7,3.65,153.2,4.76
CMCSA,4.0,45,4.46,5.0,15.2,201.1,0.66,6.5,2.0,15.6,19.8,0.95,26.5,1.28,57.4,2.31,86.2,3.76,116.2,4.57,143.2,5.36,178.5,6.31
CMCSA,5.0,21,5.5,9.0,19.3,146.6,0.98,5.8,3.0,9.5,22.5,1.12,25.8,1.23,33.3,1.82,58.4,2.68,94.6,4.46,104.2,5.4,138.1,5.72
CMCSA,6.0,12,6.54,8.0,16.8,87.0,0.95,4.95,3.0,0.0,22.6,1.17,30.0,1.67,36.2,1.94,45.7,2.53,70.7,3.59,78.6,4.24,85.3,4.81
CMCSA,7.0,8,7.28,9.0,22.9,126.6,1.51,7.16,3.5,12.5,30.1,1.71,38.2,2.36,57.5,3.32,74.6,4.43,90.3,5.34,108.4,6.25,123.0,6.98
CMCSA,8.0,4,8.49,9.5,18.9,38.3,1.16,2.51,3.5,0.0,19.0,1.22,19.1,1.31,25.1,1.82,32.9,2.34,36.1,2.44,37.2,2.48,38.1,2.5
CNQ,1.0,359,1.48,2.0,32.8,846.6,0.56,10.55,2.0,66.0,66.8,1.01,89.0,1.29,121.1,1.82,171.9,2.71,272.1,3.82,368.3,5.17,616.0,7.85
CNQ,2.0,215,2.41,3.0,23.9,764.3,0.67,14.81,2.0,40.9,38.5,1.01,52.1,1.3,83.7,2.02,129.3,3.08,187.2,4.79,241.3,5.53,349.5,9.44
CNQ,3.0,104,3.38,4.0,16.9,225.1,0.47,7.69,2.0,16.3,27.6,0.91,37.5,1.26,56.5,1.86,81.0,2.63,122.0,4.02,144.9,4.65,211.0,6.52
CNQ,4.0,45,4.39,6.0,14.8,130.4,0.78,5.45,2.0,11.1,21.9,0.92,28.2,1.33,55.8,2.22,71.9,3.0,101.0,4.36,111.6,5.07,125.3,5.36
CNQ,5.0,25,5.32,8.0,12.8,95.2,0.75,4.42,2.0,0.0,26.1,1.36,31.8,1.49,33.7,1.82,49.6,2.53,61.8,3.28,84.8,4.0,94.0,4.35
CNQ,6.0,10,6.51,8.5,18.3,84.7,0.9,4.5,1.5,0.0,18.8,1.05,19.6,1.16,31.3,1.85,42.2,2.45,69.8,3.94,77.2,4.22,83.2,4.45
CNQ,7.0,9,7.32,10.0,18.9,45.7,1.08,2.87,2.0,0.0,19.8,1.16,20.2,1.39,26.0,1.88,34.8,2.29,39.9,2.41,42.8,2.64,45.1,2.82
CNQ,8.0,2,8.69,9.0,30.8,39.0,2.29,2.75,2.0,0.0,31.6,2.33,32.9,2.4,34.9,2.52,37.0,2.63,38.2,2.7,38.6,2.73,38.9,2.74
CNQ,9.0,3,9.33,13.0,47.6,62.0,3.92,4.58,6.0,0.0,48.2,3.94,49.0,3.97,50.4,4.02,56.2,4.3,59.7,4.47,60.8,4.52,61.8,4.57
COF,1.0,366,1.48,2.0,34.5,806.2,0.7,12.11,2.0,63.1,63.9,0.96,81.8,1.24,123.7,1.88,192.8,2.72,261.4,3.86,344.3,5.02,631.4,8.33
COF,2.0,198,2.39,3.0,23.5,361.9,0.68,10.07,2.0,28.8,46.9,1.2,55.8,1.39,72.5,1.79,107.5,2.48,160.7,3.92,215.5,5.52,300.3,7.24
COF,3.0,98,3.47,4.0,20.2,172.3,0.76,6.49,2.0,18.4,28.9,1.06,39.2,1.37,55.6,1.94,92.8,2.81,117.4,3.81,152.1,4.54,170.2,5.18
COF,4.0,53,4.36,6.0,16.3,204.5,0.67,8.35,3.0,11.3,24.9,1.09,39.1,1.65,53.1,2.29,75.1,3.2,104.1,4.46,128.5,5.27,181.9,7.33
COF,5.0,22,5.44,7.5,19.8,97.8,0.95,4.63,3.0,0.0,24.1,1.16,33.2,1.71,45.8,2.1,51.7,2.66,67.1,3.3,68.3,3.85,91.6,4.47
COF,6.0,13,6.45,7.0,15.5,143.8,0.99,9.59,3.0,7.7,19.7,1.2,28.3,1.51,32.8,1.73,54.0,2.73,57.6,3.83,92.4,6.24,133.5,8.92
COF,7.0,10,7.52,7.0,16.5,155.1,1.3,8.13,2.5,20.0,18.1,1.31,22.3,1.35,35.7,2.16,76.2,4.17,121.2,7.23,138.1,7.68,151.7,8.04
COF,8.0,1,8.65,2.0,39.6,39.6,2.24,2.24,2.0,0.0,39.6,2.24,39.6,2.24,39.6,2.24,39.6,2.24,39.6,2.24,39.6,2.24,39.6,2.24
COF,9.0,1,9.93,13.0,25.7,25.7,2.05,2.05,3.0,0.0,25.7,2.05,25.7,2.05,25.7,2.05,25.7,2.05,25.7,2.05,25.7,2.05,25.7,2.05
CON.DE,1.0,336,1.48,2.0,19.9,3580.7,0.46,36.94,2.0,61.3,60.9,0.95,82.0,1.25,122.1,1.84,182.2,2.73,299.7,4.05,352.0,5.47,526.4,8.67
CON.DE,2.0,211,2.38,3.0,18.4,361.3,0.61,8.4,2.0,37.0,46.0,1.04,57.1,1.36,84.0,2.04,121.2,2.95,156.3,3.82,196.6,4.46,272.6,6.67
CON.DE,3.0,100,3.36,4.0,19.0,296.9,0.59,9.23,2.0,16.0,33.3,1.17,42.0,1.48,65.9,2.18,89.8,2.92,109.7,3.57,135.0,4.44,161.8,5.42
CON.DE,4.0,49,4.49,5.0,14.2,229.6,0.65,8.55,3.0,14.3,27.4,1.1,36.5,1.64,47.1,2.06,74.8,3.31,142.7,5.15,181.9,7.41,219.8,8.5
CON.DE,5.0,19,5.42,7.0,13.3,169.9,0.72,8.57,3.0,21.1,23.7,1.13,25.9,1.5,50.2,2.13,79.2,3.58,126.5,4.94,135.6,5.62,163.0,7.98
CON.DE,6.0,11,6.57,5.0,12.2,95.1,0.86,5.54,2.0,0.0,19.9,1.03,24.6,1.46,33.0,2.08,47.4,2.53,64.7,3.82,79.9,4.68,92.1,5.36
CON.DE,7.0,4,7.39,9.5,13.2,56.3,0.74,2.96,2.5,0.0,15.7,1.16,19.3,1.79,31.2,2.32,44.8,2.63,51.7,2.83,54.0,2.9,55.8,2.95
CON.DE,8.0,3,8.41,14.0,16.8,22.5,1.22,1.64,2.0,0.0,17.0,1.25,17.2,1.31,17.6,1.41,20.1,1.52,21.5,1.59,22.0,1.62,22.4,1.64
CON.DE,9.0,5,9.71,6.0,5.8,434.0,0.45,29.77,3.0,20.0,18.6,1.33,37.7,2.66,39.9,2.75,52.8,3.04,281.5,19.08,357.8,24.42,418.8,28.7
CON.DE,14.0,1,14.34,5.0,108.8,108.8,9.15,9.15,20.0,100.0,108.8,9.15,108.8,9.15,108.8,9.15,108.8,9.15,108.8,9.15,108.8,9.15,108.8,9.15
COP,1.0,374,1.49,2.0,38.4,797.4,0.59,10.0,2.0,66.3,67.5,1.04,88.0,1.3,124.0,1.88,182.9,2.69,279.3,4.02,329.1,4.85,696.0,8.61
COP,2.0,205,2.4,3.0,23.3,573.4,0.63,12.71,2.0,30.2,39.6,1.0,50.8,1.32,75.9,1.71,113.6,2.67,176.3,3.87,208.0,5.2,306.0,7.13
COP,3.0,98,3.4,4.0,22.5,306.0,0.74,8.84,2.0,20.4,27.4,0.98,41.0,1.34,60.6,1.97,89.4,3.08,125.7,4.11,158.3,4.81,224.1,6.23
COP,4.0,46,4.41,6.5,17.7,119.7,0.85,5.88,3.0,6.5,26.1,1.11,31.5,1.42,50.8,2.22,70.7,3.08,96.9,4.42,113.8,5.16,119.3,5.66
COP,5.0,23,5.46,8.0,18.1,103.8,0.92,4.0,2.0,4.3,20.2,1.23,26.1,1.35,32.4,1.63,43.3,2.16,50.9,2.36,71.9,3.4,97.3,3.89
COP,6.0,10,6.59,10.5,19.9,74.1,1.25,4.42,3.5,0.0,22.8,1.28,28.5,2.22,42.5,2.46,50.4,2.91,72.8,4.03,73.4,4.23,74.0,4.38
COP,7.0,8,7.42,7.5,15.3,37.5,0.96,2.17,1.0,0.0,15.7,0.99,16.4,1.07,23.9,1.36,30.3,1.96,34.2,2.09,35.9,2.13,37.2,2.17
COP,8.0,2,8.45,17.0,27.8,59.3,1.72,4.44,2.5,0.0,30.9,1.99,35.7,2.4,43.5,3.08,51.4,3.76,56.1,4.17,57.7,4.31,59.0,4.42
COP,9.0,1,9.5,11.0,33.0,33.0,2.33,2.33,3.0,0.0,33.0,2.33,33.0,2.33,33.0,2.33,33.0,2.33,33.0,2.33,33.0,2.33,33.0,2.33
COP,10.0,2,10.58,19.0,13.0,45.5,1.55,3.15,3.0,0.0,16.2,1.71,21.1,1.95,29.2,2.35,37.4,2.75,42.2,2.99,43.9,3.07,45.2,3.14
COST,1.0,334,1.49,2.0,37.2,801.2,0.6,12.93,2.0,59.9,63.0,0.99,83.5,1.28,113.3,1.78,172.8,2.57,248.4,3.53,298.8,4.21,462.3,6.69
COST,2.0,186,2.45,3.0,24.0,307.0,0.64,8.64,2.0,32.8,40.9,1.13,56.8,1.34,80.2,2.0,116.2,2.77,154.2,4.02,205.6,5.11,298.9,6.79
COST,3.0,94,3.39,5.0,20.4,365.0,0.67,12.26,3.0,20.2,29.5,1.11,41.0,1.4,59.8,1.98,91.6,2.83,141.8,4.53,158.4,5.24,227.8,7.4
COST,4.0,51,4.5,6.0,18.8,159.0,0.75,6.97,2.0,7.8,28.4,1.18,32.9,1.38,42.4,1.98,55.4,2.48,89.2,3.5,117.7,4.56,150.9,5.92
COST,5.0,19,5.21,8.0,13.4,140.5,0.59,5.21,2.0,10.5,26.0,1.32,29.9,1.52,43.8,2.14,58.1,2.94,91.7,4.37,117.7,5.1,135.9,5.19
COST,6.0,22,6.45,7.5,12.9,143.7,0.7,7.33,2.0,4.5,14.8,0.93,22.2,1.39,29.9,1.76,44.1,2.36,64.7,3.45,76.6,5.04,129.7,6.87
COST,7.0,7,7.49,12.0,18.9,90.5,1.2,4.43,3.0,0.0,21.6,1.45,25.2,1.63,28.4,1.77,41.5,2.58,62.2,3.54,76.3,3.98,87.7,4.34
COST,8.0,7,8.11,13.0,12.6,59.6,1.06,5.0,4.0,0.0,16.7,1.21,22.7,1.63,33.5,2.24,45.0,3.52,54.3,4.24,56.9,4.62,59.1,4.92
COST,9.0,1,9.84,19.0,84.3,84.3,7.54,7.54,9.0,0.0,84.3,7.54,84.3,7.54,84.3,7.54,84.3,7.54,84.3,7.54,84.3,7.54,84.3,7.54
COST,10.0,1,10.57,15.0,43.7,43.7,3.14,3.14,4.0,0.0,43.7,3.14,43.7,3.14,43.7,3.14,43.7,3.14,43.7,3.14,43.7,3.14,43.7,3.14
CPRT,1.0,333,1.48,2.0,24.7,770.7,0.53,14.0,2.0,56.8,62.1,1.0,79.4,1.25,109.3,1.66,164.5,2.4,265.9,3.81,331.1,4.98,627.9,8.66
CPRT,2.0,194,2.4,3.0,25.6,421.8,0.53,8.36,3.0,37.6,44.8,1.17,59.6,1.47,83.2,1.99,128.5,2.93,198.5,4.6,263.9,6.19,327.6,7.91
CPRT,3.0,86,3.37,5.5,18.5,509.3,0.69,18.63,2.0,19.8,29.0,0.99,41.2,1.48,61.1,1.97,82.1,2.89,117.9,3.7,160.4,4.98,265.4,10.21
CPRT,4.0,44,4.28,6.5,12.6,144.7,0.67,5.65,2.0,6.8,24.1,1.04,28.2,1.26,40.6,1.7,70.0,2.67,95.8,3.63,103.1,4.03,130.6,5.08
CPRT,5.0,31,5.43,8.0,9.2,115.0,0.74,6.52,2.0,6.5,17.2,0.86,24.2,1.35,38.4,1.7,58.0,2.8,87.8,4.45,105.1,5.51,113.8,6.49
CPRT,6.0,6,6.47,8.0,18.3,69.4,1.1,3.38,3.0,0.0,20.1,1.29,25.1,1.53,35.0,1.75,55.9,2.68,66.1,3.17,67.8,3.28,69.1,3.36
CPRT,7.0,6,7.46,9.0,10.3,80.5,1.23,4.79,2.5,0.0,17.1,1.24,25.9,1.4,33.8,1.92,36.6,2.22,58.7,3.55,69.6,4.17,78.3,4.67
CPRT,8.0,10,8.72,5.5,22.0,83.0,1.38,5.09,3.0,0.0,27.3,1.83,30.9,1.96,39.6,2.3,43.0,2.99,73.0,4.52,78.0,4.8,82.0,5.03
CPRT,10.0,3,10.85,7.0,17.4,104.8,1.19,8.09,4.0,33.3,18.3,1.24,19.8,1.3,22.1,1.41,63.5,4.75,88.3,6.75,96.5,7.42,103.1,7.95
CPRT,11.0,1,11.02,14.0,14.4,14.4,1.02,1.02,4.0,0.0,14.4,1.02,14.4,1.02,14.4,1.02,14.4,1.02,14.4,1.02,14.4,1.02,14.4,1.02
CPRT,13.0,1,13.37,8.0,52.8,52.8,3.69,3.69,2.0,0.0,52.8,3.69,52.8,3.69,52.8,3.69,52.8,3.69,52.8,3.69,52.8,3.69,52.8,3.69
CPRT,15.0,1,15.06,5.0,20.0,20.0,1.63,1.63,2.0,0.0,20.0,1.63,20.0,1.63,20.0,1.63,20.0,1.63,20.0,1.63,20.0,1.63,20.0,1.63
CRM,1.0,347,1.48,2.0,31.6,641.3,0.6,9.94,2.0,64.8,60.5,0.96,85.0,1.28,123.2,1.78,185.3,2.85,288.9,4.15,355.4,4.88,454.0,6.07
CRM,2.0,199,2.44,3.0,17.7,361.5,0.58,8.84,2.0,31.7,38.7,1.0,52.9,1.3,75.3,1.86,114.8,2.94,190.7,4.2,240.2,5.43,315.0,7.01
CRM,3.0,92,3.37,4.0,20.5,215.4,0.64,6.79,2.0,10.9,31.1,1.11,39.8,1.37,55.2,1.79,74.5,2.29,112.4,3.35,128.9,4.43,197.9,6.25
CRM,4.0,56,4.26,6.0,17.7,172.1,0.88,6.49,2.0,7.1,24.2,1.07,33.4,1.41,51.0,1.81,61.4,2.9,89.5,3.67,120.8,4.52,153.0,5.81
CRM,5.0,19,5.37,6.0,16.1,124.8,0.81,5.44,2.0,5.3,19.1,0.95,25.4,1.41,43.7,1.98,64.1,2.82,76.4,3.8,81.6,4.12,116.2,5.18
CRM,6.0,14,6.67,9.0,15.8,95.7,0.9,6.98,3.0,0.0,21.5,1.22,26.4,1.56,37.7,2.16,57.9,3.02,65.2,3.43,77.1,4.75,92.0,6.53
CRM,7.0,8,7.64,6.0,15.5,77.8,0.94,4.17,2.0,0.0,16.8,1.13,27.6,1.54,35.5,2.21,63.9,3.52,75.0,4.11,76.4,4.14,77.5,4.17
CRM,9.0,2,9.13,5.0,27.2,38.3,1.56,2.32,3.5,0.0,28.3,1.64,30.0,1.75,32.8,1.94,35.5,2.13,37.2,2.24,37.7,2.28,38.2,2.31
CRM,10.0,1,10.42,7.0,19.7,19.7,1.35,1.35,2.0,0.0,19.7,1.35,19.7,1.35,19.7,1.35,19.7,1.35,19.7,1.35,19.7,1.35,19.7,1.35
CRM,11.0,3,11.1,8.0,16.5,55.4,1.22,3.91,2.0,0.0,20.4,1.49,26.2,1.89,35.9,2.56,45.6,3.23,51.5,3.64,53.4,3.77,55.0,3.88
CRM,16.0,1,16.89,13.0,48.2,48.2,3.64,3.64,3.0,0.0,48.2,3.64,48.2,3.64,48.2,3.64,48.2,3.64,48.2,3.64,48.2,3.64,48.2,3.64
CRWD,1.0,112,1.5,2.0,48.4,725.8,0.73,13.6,2.0,58.9,60.9,0.97,76.4,1.26,123.0,1.89,186.0,2.77,306.7,4.0,344.0,4.87,575.5,6.27
CRWD,2.0,69,2.4,3.0,23.4,438.0,0.69,8.44,2.0,39.1,40.3,0.97,49.2,1.23,77.9,1.96,130.7,3.07,186.0,4.56,200.9,4.83,299.7,7.27
CRWD,3.0,43,3.39,5.0,23.2,179.4,0.85,5.69,2.0,25.6,32.4,1.09,36.9,1.29,61.3,1.92,102.4,3.24,141.3,4.32,160.1,5.4,179.3,5.61
CRWD,4.0,20,4.72,7.0,23.2,113.8,0.96,4.54,2.5,5.0,25.1,1.21,31.1,1.46,48.2,1.95,67.6,2.89,92.1,3.59,97.8,4.32,110.6,4.5
CRWD,5.0,9,5.51,7.0,16.2,110.1,0.74,5.0,2.0,11.1,22.3,1.13,25.8,1.39,48.1,2.6,65.9,2.67,75.0,4.05,92.5,4.52,106.6,4.9
CRWD,6.0,6,6.55,9.0,26.3,89.9,1.32,6.93,1.5,0.0,32.8,1.64,39.8,2.04,44.9,2.48,56.6,3.49,74.6,5.35,82.2,6.14,88.4,6.77
CRWD,7.0,3,7.23,11.0,22.7,46.2,1.44,2.79,2.0,0.0,25.8,1.62,30.4,1.9,38.1,2.36,42.2,2.58,44.6,2.71,45.4,2.75,46.0,2.78
CRWD,8.0,2,8.41,5.5,33.9,96.3,2.36,5.48,2.0,0.0,40.1,2.67,49.5,3.14,65.1,3.92,80.7,4.7,90.1,5.17,93.2,5.32,95.7,5.45
CRWD,12.0,1,12.66,13.0,20.2,20.2,1.57,1.57,1.0,0.0,20.2,1.57,20.2,1.57,20.2,1.57,20.2,1.57,20.2,1.57,20.2,1.57,20.2,1.57
CSCO,1.0,355,1.48,1.0,26.8,815.9,0.52,12.44,2.0,58.3,59.2,0.96,82.4,1.21,109.0,1.63,166.1,2.53,274.9,3.88,383.4,5.75,534.6,9.05
CSCO,2.0,203,2.43,3.0,19.5,446.5,0.51,10.65,2.0,32.0,42.3,1.08,57.2,1.41,76.3,1.83,113.9,2.83,174.3,3.77,237.8,5.48,371.6,9.14
CSCO,3.0,97,3.48,5.0,14.7,343.3,0.63,10.9,2.0,19.6,28.1,1.01,36.2,1.3,56.5,1.87,85.3,2.99,121.3,4.3,147.3,5.17,311.2,9.52
CSCO,4.0,53,4.46,6.0,11.0,201.9,0.51,8.81,2.0,7.5,25.6,1.07,32.2,1.35,41.6,1.73,65.7,2.7,85.0,3.88,104.3,4.2,158.7,6.6
CSCO,5.0,16,5.39,7.0,19.9,100.9,0.91,4.03,3.5,6.2,22.7,1.14,24.6,1.41,33.1,1.83,63.7,2.92,72.2,3.62,81.9,3.97,97.1,4.02
CSCO,6.0,13,6.7,7.0,25.4,114.0,1.36,6.45,3.0,23.1,28.5,1.47,29.5,1.66,37.1,2.71,79.0,4.01,111.5,6.12,113.3,6.39,113.9,6.44
CSCO,7.0,2,7.73,10.0,21.7,38.1,1.34,2.42,5.0,0.0,23.3,1.45,25.8,1.61,29.9,1.88,34.0,2.15,36.5,2.32,37.3,2.37,37.9,2.41
CSCO,8.0,4,8.45,11.0,20.1,30.5,1.43,1.82,3.0,0.0,21.5,1.47,23.7,1.53,25.7,1.56,27.5,1.63,29.3,1.75,29.9,1.78,30.4,1.81
CSCO,9.0,1,9.17,2.0,38.0,38.0,2.2,2.2,4.0,0.0,38.0,2.2,38.0,2.2,38.0,2.2,38.0,2.2,38.0,2.2,38.0,2.2,38.0,2.2
CSCO,10.0,2,10.4,15.5,18.6,19.8,1.36,1.52,2.0,0.0,18.7,1.38,18.9,1.4,19.2,1.44,19.5,1.48,19.7,1.51,19.7,1.52,19.8,1.52
CSCO,12.0,1,12.88,8.0,20.5,20.5,1.5,1.5,3.0,0.0,20.5,1.5,20.5,1.5,20.5,1.5,20.5,1.5,20.5,1.5,20.5,1.5,20.5,1.5
CSGP,1.0,340,1.46,2.0,36.7,832.8,0.57,12.68,2.0,61.8,64.8,0.98,84.0,1.3,115.3,1.73,180.0,2.53,264.0,3.94,366.0,5.2,596.6,8.06
CSGP,2.0,179,2.45,3.0,20.2,356.2,0.55,9.41,2.0,36.9,37.8,0.92,55.2,1.31,81.7,1.98,120.9,2.87,171.0,4.07,203.4,4.79,317.2,6.78
CSGP,3.0,77,3.31,4.0,18.8,301.5,0.78,8.03,2.0,22.1,33.9,1.16,39.1,1.41,58.3,1.94,94.1,2.94,131.3,4.32,156.9,5.82,237.8,7.22
CSGP,4.0,42,4.51,6.0,21.3,171.0,0.91,6.11,2.5,11.9,30.1,1.25,39.5,1.78,48.1,2.16,68.1,2.95,99.5,4.0,116.6,4.75,148.8,5.88
CSGP,5.0,18,5.4,6.0,13.7,80.5,0.97,3.97,2.5,0.0,22.2,1.08,25.8,1.26,34.0,1.7,53.4,2.68,72.6,3.29,77.7,3.86,79.9,3.95
CSGP,6.0,15,6.56,7.0,24.1,97.0,1.01,5.07,2.0,0.0,26.6,1.41,29.6,1.58,38.3,2.03,43.9,2.63,82.3,3.97,94.8,4.73,96.6,5.0
CSGP,7.0,8,7.65,4.5,14.4,152.7,0.84,6.61,2.0,25.0,18.9,1.02,20.9,1.1,25.6,1.47,64.7,3.62,115.9,5.24,134.3,5.92,149.0,6.47
CSGP,8.0,6,8.38,9.5,24.3,119.8,1.58,10.2,5.5,16.7,25.1,1.62,29.6,1.95,57.0,3.35,89.2,4.93,107.2,7.73,113.5,8.96,118.5,9.95
CSGP,11.0,4,11.25,23.0,7.9,35.8,0.76,2.8,2.5,0.0,10.3,0.98,13.8,1.31,19.6,1.89,26.6,2.41,32.1,2.64,34.0,2.72,35.4,2.78
CSGP,12.0,1,12.06,11.0,22.0,22.0,1.32,1.32,2.0,0.0,22.0,1.32,22.0,1.32,22.0,1.32,22.0,1.32,22.0,1.32,22.0,1.32,22.0,1.32
CSGP,13.0,1,13.22,3.0,63.2,63.2,4.67,4.67,31.0,0.0,63.2,4.67,63.2,4.67,63.2,4.67,63.2,4.67,63.2,4.67,63.2,4.67,63.2,4.67
CSX,1.0,346,1.47,2.0,37.2,605.3,0.65,10.52,2.0,64.5,63.1,1.02,86.3,1.27,119.0,1.78,174.2,2.58,250.6,3.66,341.5,4.55,447.6,6.76
CSX,2.0,228,2.39,3.0,17.7,458.0,0.43,10.59,2.0,36.8,41.1,1.0,51.4,1.31,77.3,1.86,117.7,2.91,164.8,3.97,207.5,4.95,345.2,7.73
CSX,3.0,109,3.42,5.0,15.0,273.0,0.51,9.16,2.0,16.5,31.7,1.15,40.0,1.51,58.9,1.97,86.3,2.87,115.4,4.27,151.6,5.22,205.7,6.68
CSX,4.0,45,4.37,5.0,18.4,121.5,0.72,4.15,2.0,6.7,27.4,1.05,32.2,1.41,48.4,1.97,62.7,2.68,78.8,3.49,100.0,3.95,116.0,4.09
CSX,5.0,22,5.44,6.0,14.8,118.0,0.78,5.8,2.0,4.5,29.3,1.4,37.5,1.95,48.6,2.17,57.7,2.73,78.7,3.46,81.7,3.77,110.4,5.38
CSX,6.0,8,6.28,7.0,25.5,122.3,1.21,5.99,3.0,12.5,28.4,1.56,35.2,1.86,70.5,3.54,75.2,3.92,97.6,4.68,109.9,5.33,119.8,5.86
CSX,7.0,5,7.49,10.0,19.7,64.6,1.16,3.73,3.0,0.0,24.4,1.42,31.4,1.82,35.6,2.07,41.6,2.5,55.4,3.24,60.0,3.49,63.7,3.68
CSX,8.0,5,8.16,9.0,13.6,35.0,1.03,2.15,3.0,0.0,16.3,1.09,20.4,1.19,26.8,1.44,27.7,1.87,32.1,2.04,33.5,2.09,34.7,2.14
CSX,14.0,1,14.37,6.0,23.8,23.8,1.69,1.69,3.0,0.0,23.8,1.69,23.8,1.69,23.8,1.69,23.8,1.69,23.8,1.69,23.8,1.69,23.8,1.69
CTAS,1.0,352,1.48,2.0,32.1,620.9,0.51,6.98,2.0,59.9,58.4,1.01,78.7,1.22,111.9,1.67,174.9,2.63,243.3,3.58,320.8,4.6,435.4,5.89
CTAS,2.0,181,2.39,3.0,16.7,392.6,0.47,10.96,2.0,32.0,40.2,1.02,53.7,1.29,80.6,1.94,110.6,2.78,162.0,3.86,215.4,5.58,348.3,8.56
CTAS,3.0,94,3.39,5.0,14.7,330.1,0.62,12.91,2.0,21.3,29.9,0.98,38.8,1.27,55.0,1.87,86.0,2.85,117.1,3.88,143.1,4.66,249.9,7.66
CTAS,4.0,43,4.39,6.0,11.2,161.9,0.49,5.64,3.0,11.6,24.0,1.12,31.1,1.37,53.5,2.29,81.0,3.06,116.1,4.44,130.0,4.58,148.8,5.58
CTAS,5.0,25,5.53,7.0,12.4,191.7,0.71,9.16,2.0,12.0,17.5,1.06,25.5,1.34,31.4,1.55,63.5,3.1,90.6,4.18,108.1,4.89,172.0,8.18
CTAS,6.0,10,6.43,7.0,20.9,144.0,1.11,7.32,2.0,10.0,22.6,1.42,27.3,1.48,33.0,1.69,49.0,2.68,69.6,3.55,106.8,5.44,136.6,6.95
CTAS,7.0,9,7.52,9.0,13.2,97.4,1.02,5.64,3.0,0.0,18.0,1.37,27.0,1.59,31.9,1.74,41.1,2.3,62.2,3.73,79.8,4.69,93.9,5.45
CTAS,8.0,10,8.46,8.0,9.0,83.5,0.56,4.56,3.0,0.0,14.4,0.95,17.5,1.48,24.8,1.79,54.3,3.25,67.1,3.84,75.3,4.2,81.9,4.49
CTAS,9.0,2,9.12,3.0,41.4,64.0,2.62,3.69,11.5,0.0,43.7,2.73,47.0,2.89,52.7,3.16,58.4,3.43,61.7,3.59,62.9,3.64,63.8,3.68
CTAS,12.0,1,12.23,21.0,13.7,13.7,1.27,1.27,3.0,0.0,13.7,1.27,13.7,1.27,13.7,1.27,13.7,1.27,13.7,1.27,13.7,1.27,13.7,1.27
CTSH,1.0,342,1.45,2.0,24.6,713.5,0.49,12.68,2.0,63.7,62.5,0.94,85.4,1.28,125.2,1.82,185.9,2.77,267.7,3.69,341.9,4.91,565.6,7.18
CTSH,2.0,203,2.39,3.0,18.1,504.6,0.51,10.01,2.0,39.4,38.8,1.04,55.8,1.4,80.6,2.03,125.6,3.05,188.7,4.65,258.4,6.34,371.5,8.29
CTSH,3.0,95,3.46,5.0,24.4,295.7,0.83,10.03,2.0,22.1,31.0,1.06,40.0,1.49,55.8,2.07,97.5,3.42,139.5,4.24,183.6,5.89,245.3,7.34
CTSH,4.0,42,4.44,6.0,20.5,123.3,0.94,5.13,2.0,7.1,25.6,1.16,32.7,1.44,44.1,1.9,64.6,2.77,84.9,3.66,109.9,4.23,122.1,4.92
CTSH,5.0,25,5.49,7.0,17.9,83.9,0.95,3.83,2.0,0.0,19.8,1.08,26.1,1.34,41.2,1.96,58.9,2.64,69.4,3.53,73.5,3.72,81.5,3.81
CTSH,6.0,10,6.55,8.0,12.4,77.6,0.59,3.84,2.0,0.0,21.7,1.08,25.5,1.67,32.3,1.92,45.3,2.56,74.6,3.78,76.1,3.81,77.3,3.83
CTSH,7.0,4,7.22,9.5,14.7,74.8,1.09,4.12,2.0,0.0,21.9,1.41,32.8,1.9,39.8,2.38,49.3,2.97,64.6,3.66,69.7,3.89,73.8,4.07
CTSH,8.0,8,8.27,8.5,17.7,83.2,1.36,7.22,3.5,0.0,18.3,1.49,24.0,1.61,27.8,1.9,49.7,3.05,71.9,5.02,77.5,6.12,82.1,7.0
CTSH,9.0,1,9.78,6.0,45.9,45.9,3.57,3.57,4.0,0.0,45.9,3.57,45.9,3.57,45.9,3.57,45.9,3.57,45.9,3.57,45.9,3.57,45.9,3.57
CTSH,10.0,1,10.61,4.0,117.3,117.3,7.95,7.95,16.0,100.0,117.3,7.95,117.3,7.95,117.3,7.95,117.3,7.95,117.3,7.95,117.3,7.95,117.3,7.95
CTSH,11.0,1,11.77,26.0,8.6,8.6,1.12,1.12,1.0,0.0,8.6,1.12,8.6,1.12,8.6,1.12,8.6,1.12,8.6,1.12,8.6,1.12,8.6,1.12
CVS,1.0,318,1.5,2.0,28.8,675.1,0.47,10.48,2.0,63.2,62.6,1.0,86.8,1.3,120.2,1.81,171.2,2.65,262.9,3.75,328.0,4.76,489.7,7.98
CVS,2.0,197,2.46,3.0,22.4,675.6,0.62,17.09,2.0,36.5,40.9,1.05,54.9,1.44,81.4,1.96,117.5,2.81,181.2,4.23,231.4,5.58,381.2,8.41
CVS,3.0,105,3.37,4.0,16.4,234.3,0.54,10.04,2.0,17.1,26.8,1.05,40.9,1.4,55.5,1.81,78.9,2.84,138.8,4.29,165.9,5.01,228.7,6.85
CVS,4.0,38,4.46,6.5,14.1,137.5,0.63,5.64,4.0,13.2,18.7,1.01,34.1,1.59,50.0,2.12,87.5,3.53,105.6,4.29,136.4,4.99,137.2,5.57
CVS,5.0,31,5.46,7.0,11.6,184.3,0.58,9.28,2.0,16.1,20.1,1.03,24.8,1.31,50.6,2.2,79.9,3.82,117.7,4.91,140.4,6.13,176.9,8.48
CVS,6.0,6,6.23,7.5,21.6,57.6,1.22,2.78,4.0,0.0,26.5,1.5,32.8,1.82,40.9,2.2,45.5,2.48,51.7,2.64,54.6,2.71,57.0,2.76
CVS,7.0,9,7.26,8.0,7.6,113.8,0.73,7.23,2.0,11.1,20.5,1.19,24.4,1.54,34.7,2.65,46.0,2.94,65.2,4.09,89.5,5.66,108.9,6.92
CVS,8.0,1,8.96,3.0,38.1,38.1,2.34,2.34,5.0,0.0,38.1,2.34,38.1,2.34,38.1,2.34,38.1,2.34,38.1,2.34,38.1,2.34,38.1,2.34
CVS,9.0,2,9.05,9.5,15.1,32.6,1.1,2.13,3.5,0.0,16.9,1.2,19.5,1.35,23.9,1.61,28.2,1.87,30.9,2.03,31.7,2.08,32.4,2.12
CVS,12.0,2,12.33,9.0,16.4,33.3,1.12,2.56,2.0,0.0,18.1,1.26,20.6,1.48,24.8,1.84,29.1,2.2,31.6,2.41,32.5,2.48,33.1,2.54
CVX,1.0,384,1.49,2.0,29.1,1270.6,0.46,14.41,2.0,62.8,65.0,1.01,85.0,1.29,117.3,1.76,169.1,2.58,277.4,4.02,362.1,5.44,623.9,8.72
CVX,2.0,232,2.4,3.0,24.9,334.5,0.65,7.88,2.0,32.8,40.3,1.0,52.8,1.34,73.3,1.75,121.9,2.76,179.9,4.09,227.7,5.32,300.1,7.44
CVX,3.0,94,3.42,5.0,17.7,293.6,0.61,8.3,2.0,12.8,29.2,1.01,37.5,1.27,51.9,1.72,76.2,2.4,116.6,4.0,147.6,5.19,220.9,7.08
CVX,4.0,45,4.43,6.0,16.6,190.6,0.74,7.3,2.0,4.4,22.4,1.09,31.2,1.34,38.8,1.72,59.3,2.35,74.0,3.35,93.4,4.23,162.4,6.24
CVX,5.0,17,5.37,7.0,17.5,143.4,0.93,7.95,2.0,5.9,25.0,1.19,27.6,1.37,41.8,1.98,57.4,2.92,69.7,3.27,92.4,4.58,133.2,7.27
CVX,6.0,6,6.51,8.5,16.3,51.3,0.93,3.56,2.5,0.0,18.9,1.06,24.0,1.37,34.8,2.01,43.7,2.65,48.5,3.19,49.9,3.38,51.0,3.53
CVX,7.0,5,7.61,12.0,11.6,58.1,1.31,4.06,2.0,0.0,17.4,1.36,26.0,1.43,28.0,1.55,33.5,2.34,48.3,3.37,53.2,3.71,57.1,3.99
CVX,8.0,1,8.71,19.0,18.7,18.7,1.62,1.62,1.0,0.0,18.7,1.62,18.7,1.62,18.7,1.62,18.7,1.62,18.7,1.62,18.7,1.62,18.7,1.62
CVX,9.0,3,9.15,9.0,20.6,25.5,1.29,2.3,2.0,0.0,21.2,1.3,22.1,1.31,23.7,1.33,24.6,1.81,25.1,2.11,25.3,2.21,25.5,2.28
CVX,10.0,2,10.41,15.0,30.9,36.0,2.24,3.21,3.5,0.0,31.4,2.34,32.2,2.48,33.5,2.72,34.7,2.96,35.5,3.11,35.7,3.16,35.9,3.2
CVX,13.0,1,13.65,10.0,29.4,29.4,2.4,2.4,1.0,0.0,29.4,2.4,29.4,2.4,29.4,2.4,29.4,2.4,29.4,2.4,29.4,2.4,29.4,2.4
DASH,1.0,93,1.41,2.0,35.9,514.7,0.58,6.18,2.0,67.7,59.6,0.93,88.4,1.21,117.3,1.95,182.7,2.52,288.7,3.8,362.6,4.18,393.5,4.91
DASH,2.0,61,2.33,3.0,19.3,341.6,0.59,7.98,2.0,45.9,46.2,1.13,60.4,1.44,90.0,2.17,137.3,3.19,185.5,4.16,198.1,4.49,293.9,6.33
DASH,3.0,29,3.46,5.0,18.2,202.7,0.92,6.34,2.0,13.8,32.7,1.1,36.2,1.27,54.5,1.87,88.5,2.58,116.4,4.05,131.8,4.34,182.9,5.8
DASH,4.0,13,4.53,7.0,21.4,99.6,1.06,3.75,2.0,0.0,29.8,1.24,39.0,1.6,44.0,1.89,81.2,3.22,86.1,3.5,91.7,3.63,98.0,3.73
DASH,5.0,6,5.41,7.0,30.0,110.2,1.54,5.14,4.0,16.7,36.9,1.82,44.3,2.11,47.6,2.32,58.2,3.89,85.7,4.75,98.0,4.94,107.8,5.1
DASH,6.0,5,6.49,6.0,19.2,74.8,0.9,3.65,2.0,0.0,28.0,1.51,41.3,2.44,41.7,2.48,62.3,3.28,69.8,3.5,72.3,3.58,74.3,3.64
DASH,7.0,3,7.13,11.0,31.3,53.5,2.01,2.81,3.0,0.0,32.3,2.02,33.8,2.04,36.3,2.06,44.9,2.44,50.1,2.66,51.8,2.74,53.2,2.8
DASH,8.0,1,8.71,4.0,154.1,154.1,8.31,8.31,13.0,100.0,154.1,8.31,154.1,8.31,154.1,8.31,154.1,8.31,154.1,8.31,154.1,8.31,154.1,8.31
DB1.DE,1.0,306,1.52,2.0,36.3,468.3,0.53,7.81,2.0,65.7,63.4,0.99,87.0,1.35,120.1,1.86,176.6,2.69,255.0,3.57,284.4,4.28,410.5,5.97
DB1.DE,2.0,219,2.42,3.0,18.6,289.2,0.58,9.72,2.0,34.2,43.0,1.07,55.6,1.37,81.4,2.01,129.3,3.09,173.4,4.24,199.2,5.12,252.3,6.32
DB1.DE,3.0,101,3.34,5.0,16.1,655.6,0.63,29.55,2.0,25.7,29.0,1.03,39.5,1.42,65.4,2.24,100.2,3.36,154.1,4.56,193.4,6.07,372.7,10.97
DB1.DE,4.0,55,4.37,5.0,15.3,180.0,0.59,7.03,2.0,7.3,22.4,1.02,33.0,1.38,42.2,1.72,68.3,2.74,82.5,3.5,146.8,5.1,168.6,6.68
DB1.DE,5.0,25,5.42,7.0,17.0,112.5,0.9,6.43,3.0,8.0,23.5,1.1,34.4,1.66,48.5,2.29,69.6,3.14,82.7,3.96,101.0,5.55,110.8,6.3
DB1.DE,6.0,7,6.68,8.0,9.3,96.4,0.79,4.7,2.0,0.0,17.2,1.05,23.3,1.29,33.7,2.44,46.6,2.98,67.1,3.92,81.8,4.31,93.5,4.62
DB1.DE,7.0,5,7.45,8.0,12.8,42.5,1.3,2.69,2.0,0.0,16.5,1.32,22.1,1.35,33.5,1.66,41.0,2.46,41.9,2.6,42.2,2.65,42.4,2.68
DB1.DE,8.0,2,8.7,6.5,22.3,111.9,1.14,7.49,5.0,50.0,31.3,1.78,44.7,2.73,67.1,4.31,89.5,5.9,102.9,6.85,107.4,7.17,111.0,7.42
DB1.DE,9.0,2,9.74,10.5,11.8,29.2,0.87,2.08,2.0,0.0,13.5,0.99,16.1,1.17,20.5,1.47,24.9,1.77,27.5,1.96,28.3,2.02,29.0,2.06
DB1.DE,10.0,1,10.82,13.0,16.0,16.0,1.13,1.13,1.0,0.0,16.0,1.13,16.0,1.13,16.0,1.13,16.0,1.13,16.0,1.13,16.0,1.13,16.0,1.13
DBK.DE,1.0,380,1.51,2.0,34.0,820.0,0.52,12.23,2.0,66.6,61.5,1.01,90.4,1.34,125.0,1.89,190.7,2.8,284.7,4.15,379.8,5.51,609.6,8.56
DBK.DE,2.0,199,2.37,3.0,18.6,306.5,0.39,7.45,2.0,36.2,41.5,1.04,54.1,1.33,82.6,1.95,121.8,2.81,182.6,4.43,232.5,5.33,289.6,6.24
DBK.DE,3.0,89,3.43,4.0,18.9,287.6,0.74,9.37,2.0,14.6,31.7,1.12,43.2,1.49,54.9,1.84,82.3,2.67,129.8,4.14,144.2,4.66,205.3,7.03
DBK.DE,4.0,59,4.41,6.0,11.1,287.3,0.6,12.8,2.0,10.2,19.5,0.91,37.0,1.48,46.8,1.98,69.0,2.83,101.4,4.23,133.4,5.21,207.9,8.91
DBK.DE,5.0,22,5.39,7.5,10.7,120.7,0.92,6.41,2.0,4.5,19.0,1.04,26.1,1.36,39.1,1.83,61.0,2.76,71.8,4.47,94.6,4.78,115.5,6.07
DBK.DE,6.0,12,6.41,9.0,18.4,82.6,1.03,4.4,1.0,0.0,20.1,1.23,27.1,1.35,30.6,1.62,41.0,2.26,64.7,3.91,73.9,4.22,80.9,4.36
DBK.DE,7.0,3,7.61,7.0,40.1,79.5,2.04,4.69,2.0,0.0,40.1,2.1,40.2,2.2,40.3,2.36,59.9,3.53,71.7,4.23,75.6,4.46,78.7,4.65
DBK.DE,8.0,4,8.7,7.5,24.6,36.4,1.51,2.36,2.0,0.0,25.4,1.55,26.6,1.61,29.2,1.84,32.6,2.11,34.9,2.26,35.6,2.31,36.2,2.35
DBK.DE,9.0,1,9.73,7.0,209.2,209.2,13.21,13.21,16.0,100.0,209.2,13.21,209.2,13.21,209.2,13.21,209.2,13.21,209.2,13.21,209.2,13.21,209.2,13.21
DBK.DE,11.0,1,11.1,13.0,29.9,29.9,2.44,2.44,2.0,0.0,29.9,2.44,29.9,2.44,29.9,2.44,29.9,2.44,29.9,2.44,29.9,2.44,29.9,2.44
DDOG,1.0,118,1.52,2.0,41.2,354.5,0.67,5.86,2.0,56.8,55.6,0.92,73.9,1.17,115.0,1.67,182.0,2.69,255.2,3.77,309.7,4.29,340.9,5.66
DDOG,2.0,72,2.4,3.0,34.5,295.7,0.75,6.43,2.0,43.1,51.2,1.24,66.0,1.52,87.2,2.21,124.6,2.88,158.4,3.75,216.4,5.14,293.8,6.19
DDOG,3.0,37,3.4,4.0,24.3,172.0,0.88,4.77,2.0,18.9,38.1,1.23,44.8,1.4,58.7,1.99,84.6,3.1,113.9,3.71,135.1,4.4,160.0,4.65
DDOG,4.0,14,4.26,6.0,16.9,210.1,0.86,7.68,1.0,14.3,21.2,1.02,27.2,1.34,39.3,1.62,87.5,3.34,113.7,4.81,153.2,6.13,198.7,7.37
DDOG,5.0,9,5.46,6.0,18.7,136.9,0.93,6.21,3.0,11.1,35.5,1.81,40.4,2.15,52.1,2.8,71.7,3.28,96.3,5.34,116.6,5.77,132.8,6.13
DDOG,6.0,5,6.65,7.0,20.9,43.9,1.08,2.41,1.0,0.0,23.4,1.22,27.1,1.42,34.7,1.68,39.6,2.19,42.2,2.32,43.0,2.36,43.7,2.4
DDOG,7.0,2,7.66,4.5,50.1,75.9,2.77,4.09,4.5,0.0,52.7,2.9,56.6,3.1,63.0,3.43,69.5,3.76,73.3,3.96,74.6,4.03,75.6,4.08
DDOG,8.0,1,8.41,11.0,65.9,65.9,4.0,4.0,3.0,0.0,65.9,4.0,65.9,4.0,65.9,4.0,65.9,4.0,65.9,4.0,65.9,4.0,65.9,4.0
DDOG,9.0,1,9.75,9.0,11.2,11.2,0.74,0.74,1.0,0.0,11.2,0.74,11.2,0.74,11.2,0.74,11.2,0.74,11.2,0.74,11.2,0.74,11.2,0.74
DDOG,10.0,1,10.01,4.0,105.8,105.8,6.15,6.15,8.0,100.0,105.8,6.15,105.8,6.15,105.8,6.15,105.8,6.15,105.8,6.15,105.8,6.15,105.8,6.15
DDOG,12.0,1,12.33,10.0,13.5,13.5,0.87,0.87,1.0,0.0,13.5,0.87,13.5,0.87,13.5,0.87,13.5,0.87,13.5,0.87,13.5,0.87,13.5,0.87
DDOG,16.0,1,16.81,16.0,29.5,29.5,2.84,2.84,1.0,0.0,29.5,2.84,29.5,2.84,29.5,2.84,29.5,2.84,29.5,2.84,29.5,2.84,29.5,2.84
DE,1.0,360,1.48,2.0,32.9,628.0,0.62,10.14,2.0,62.5,62.5,0.95,84.5,1.27,121.0,1.77,178.5,2.62,248.7,3.62,293.5,4.49,406.8,6.98
DE,2.0,210,2.4,3.0,24.7,416.1,0.62,9.33,2.0,35.2,42.1,1.03,51.1,1.31,76.2,1.92,125.2,2.93,184.7,4.31,215.1,5.06,314.5,7.08
DE,3.0,120,3.38,4.5,13.8,261.5,0.55,7.91,2.0,16.7,31.6,1.04,42.7,1.45,59.2,2.02,84.7,2.79,123.4,4.18,149.7,5.63,233.4,7.49
DE,4.0,41,4.4,7.0,18.0,165.0,0.63,6.79,2.0,12.2,22.9,1.06,29.8,1.33,38.9,1.65,71.2,2.69,105.0,4.66,120.1,5.26,150.2,6.46
DE,5.0,26,5.44,6.0,17.3,72.9,0.92,3.91,2.0,0.0,23.0,1.21,33.6,1.82,45.0,2.13,54.6,2.66,62.4,3.09,65.8,3.32,71.4,3.76
DE,6.0,9,6.71,8.0,19.0,105.6,1.25,5.34,3.0,11.1,22.4,1.3,32.2,1.38,49.4,2.67,64.5,3.17,78.7,4.04,92.2,4.69,102.9,5.21
DE,7.0,3,7.29,6.0,30.1,90.2,1.72,4.83,3.0,0.0,36.2,1.98,45.5,2.38,60.8,3.04,75.5,3.94,84.3,4.47,87.3,4.65,89.6,4.8
DE,8.0,3,8.36,9.0,14.0,48.2,0.85,2.88,2.0,0.0,15.2,0.87,17.1,0.9,20.1,0.95,34.2,1.92,42.6,2.5,45.4,2.69,47.6,2.85
DE,9.0,3,9.16,8.0,32.1,50.2,2.01,3.03,3.0,0.0,32.2,2.08,32.5,2.18,32.8,2.34,41.5,2.68,46.7,2.89,48.5,2.96,49.9,3.02
DE,10.0,2,10.53,11.5,13.9,32.2,0.96,2.41,2.5,0.0,15.7,1.11,18.5,1.32,23.1,1.68,27.6,2.04,30.4,2.26,31.3,2.33,32.0,2.39
DE,11.0,1,11.86,3.0,69.6,69.6,4.44,4.44,15.0,0.0,69.6,4.44,69.6,4.44,69.6,4.44,69.6,4.44,69.6,4.44,69.6,4.44,69.6,4.44
DE,15.0,1,15.15,14.0,29.1,29.1,2.24,2.24,2.0,0.0,29.1,2.24,29.1,2.24,29.1,2.24,29.1,2.24,29.1,2.24,29.1,2.24,29.1,2.24
DELL,1.0,170,1.47,2.0,30.4,1426.0,0.44,17.28,2.0,62.9,55.7,0.9,78.9,1.22,123.7,1.79,190.6,2.79,312.3,4.53,397.5,6.12,674.5,9.28
DELL,2.0,107,2.44,4.0,29.3,323.5,0.74,6.89,2.0,31.8,40.1,1.06,55.8,1.37,75.4,1.82,110.5,2.72,151.6,4.02,189.5,5.08,235.7,6.57
DELL,3.0,56,3.43,5.0,14.9,223.9,0.62,6.77,2.0,12.5,32.8,1.06,38.3,1.38,50.5,1.73,73.2,2.32,114.8,3.51,148.1,4.45,207.5,6.24
DELL,4.0,22,4.27,5.0,22.8,120.2,1.08,5.12,1.5,9.1,26.8,1.17,32.4,1.34,40.2,1.61,56.3,2.5,96.0,3.3,117.7,4.56,119.9,5.01
DELL,5.0,20,5.57,7.0,16.5,146.0,0.76,6.28,2.0,5.0,19.1,0.91,25.8,1.37,34.7,1.78,59.1,2.95,67.0,3.76,81.3,3.95,133.1,5.81
DELL,6.0,9,6.58,6.0,20.1,72.3,1.02,3.65,2.0,0.0,27.5,1.3,33.3,1.67,46.8,2.42,56.2,3.21,70.1,3.58,71.2,3.62,72.1,3.65
DELL,7.0,3,7.3,11.0,38.1,300.7,2.09,10.97,6.0,33.3,41.7,2.51,47.2,3.13,56.2,4.18,178.4,7.57,251.8,9.61,276.2,10.29,295.8,10.83
DELL,13.0,1,13.35,3.0,42.6,42.6,2.97,2.97,2.0,0.0,42.6,2.97,42.6,2.97,42.6,2.97,42.6,2.97,42.6,2.97,42.6,2.97,42.6,2.97
DELL,14.0,1,14.41,7.0,23.0,23.0,1.69,1.69,5.0,0.0,23.0,1.69,23.0,1.69,23.0,1.69,23.0,1.69,23.0,1.69,23.0,1.69,23.0,1.69
DELL,15.0,1,15.82,18.0,9.0,9.0,0.9,0.9,1.0,0.0,9.0,0.9,9.0,0.9,9.0,0.9,9.0,0.9,9.0,0.9,9.0,0.9,9.0,0.9
DELL,16.0,1,16.84,8.0,46.4,46.4,4.3,4.3,6.0,0.0,46.4,4.3,46.4,4.3,46.4,4.3,46.4,4.3,46.4,4.3,46.4,4.3,46.4,4.3
DHL.DE,1.0,329,1.47,2.0,28.6,1572.0,0.4,19.79,2.0,66.3,62.5,1.03,88.6,1.34,119.1,1.81,183.9,2.68,274.2,4.02,384.4,4.98,732.9,10.02
DHL.DE,2.0,201,2.46,3.0,16.7,403.8,0.6,8.83,2.0,36.8,40.4,1.04,52.9,1.38,81.2,1.95,122.6,2.99,187.3,4.25,224.4,5.71,289.7,7.43
DHL.DE,3.0,119,3.44,5.0,13.8,263.0,0.45,8.02,2.0,15.1,30.7,0.95,41.2,1.39,56.5,1.9,80.7,2.61,117.9,3.87,170.5,5.8,250.4,7.55
DHL.DE,4.0,42,4.39,5.0,13.6,221.5,0.69,8.32,2.5,11.9,27.1,1.26,38.1,1.54,48.2,2.15,73.5,2.99,102.6,4.05,178.4,6.2,211.3,8.13
DHL.DE,5.0,28,5.27,6.5,12.9,117.7,0.64,6.23,1.5,3.6,20.3,1.07,26.4,1.39,38.3,1.83,49.7,2.27,80.1,3.71,86.6,3.97,109.6,5.63
DHL.DE,6.0,7,6.41,9.0,20.5,95.7,1.26,5.66,3.0,0.0,21.5,1.29,29.6,1.61,48.4,2.7,74.0,3.89,92.2,5.18,93.9,5.42,95.3,5.62
DHL.DE,7.0,6,7.42,12.5,13.5,61.7,1.01,3.71,2.5,0.0,15.9,1.22,20.9,1.57,42.0,2.45,57.2,3.37,59.8,3.61,60.8,3.66,61.5,3.7
DHL.DE,8.0,5,8.49,9.0,32.5,73.2,2.14,4.45,5.0,0.0,34.2,2.22,36.8,2.33,39.1,2.46,57.2,3.86,66.8,4.22,70.0,4.33,72.6,4.43
DHL.DE,10.0,3,10.36,6.0,23.5,65.3,2.07,4.16,5.0,0.0,29.9,2.48,39.5,3.1,55.6,4.13,60.5,4.15,63.4,4.15,64.3,4.16,65.1,4.16
DHR,1.0,346,1.49,2.0,33.7,796.3,0.46,8.79,2.0,61.0,58.5,0.92,82.8,1.24,117.0,1.79,174.6,2.5,252.6,3.86,337.1,4.81,607.8,7.94
DHR,2.0,213,2.35,3.0,25.9,308.9,0.54,8.2,2.0,35.7,40.9,1.06,55.6,1.34,80.1,1.9,121.5,2.9,172.2,3.92,210.2,5.06,255.0,5.71
DHR,3.0,98,3.42,4.0,13.6,292.2,0.75,7.87,2.5,20.4,27.8,0.95,38.6,1.24,62.0,2.1,86.5,3.13,127.4,4.21,147.4,4.76,190.2,5.49
DHR,4.0,53,4.5,6.0,14.4,292.0,0.67,12.35,2.0,9.4,25.1,1.04,30.8,1.28,42.1,1.78,62.1,2.52,88.0,3.3,119.3,4.68,217.6,9.03
DHR,5.0,21,5.32,5.0,20.8,135.6,1.04,6.75,2.0,9.5,23.8,1.18,36.9,1.59,50.2,2.27,62.1,3.04,89.3,4.34,129.6,5.69,134.4,6.54
DHR,6.0,10,6.39,8.0,15.7,41.4,0.88,3.94,2.0,0.0,16.3,0.97,22.6,1.3,36.2,1.84,38.6,2.02,39.7,2.69,40.5,3.31,41.2,3.81
DHR,7.0,5,7.57,11.0,13.2,59.4,0.85,3.68,1.0,0.0,15.0,0.95,17.7,1.1,20.2,1.41,55.8,3.43,58.0,3.58,58.7,3.63,59.3,3.67
DHR,8.0,3,8.69,6.0,14.7,44.2,0.94,2.98,2.0,0.0,15.8,1.0,17.4,1.08,20.1,1.21,32.2,2.1,39.4,2.63,41.8,2.8,43.7,2.94
DHR,30.0,1,52.83,8.0,3.7,3.7,0.43,0.43,1.0,0.0,3.7,0.43,3.7,0.43,3.7,0.43,3.7,0.43,3.7,0.43,3.7,0.43,3.7,0.43
DIS,1.0,348,1.47,2.0,32.8,930.4,0.49,10.04,2.0,65.2,64.7,0.93,87.2,1.33,121.6,1.85,191.0,2.72,261.6,3.92,338.1,4.96,619.1,8.35
DIS,2.0,193,2.37,3.0,22.3,351.7,0.54,8.25,2.0,32.6,37.0,0.96,54.6,1.35,77.2,1.89,116.3,2.65,163.4,3.92,198.5,4.63,267.6,6.82
DIS,3.0,99,3.45,4.0,15.3,453.0,0.56,15.61,2.0,19.2,35.3,1.23,42.0,1.43,61.1,2.19,89.0,3.02,147.2,4.95,235.9,7.65,415.7,15.36
DIS,4.0,46,4.37,6.0,11.4,342.0,0.68,14.08,2.0,8.7,25.9,1.07,32.0,1.37,50.8,2.01,76.7,2.88,92.2,3.54,159.4,5.67,274.6,11.09
DIS,5.0,20,5.18,7.5,16.5,85.7,0.72,4.01,2.0,0.0,21.6,1.15,30.9,1.66,42.5,1.96,59.7,2.61,79.3,3.29,85.3,3.77,85.6,3.96
DIS,6.0,12,6.4,8.0,16.0,89.0,1.02,5.73,2.0,0.0,17.9,1.2,22.3,1.47,34.0,1.88,50.8,2.37,63.2,3.21,75.1,4.37,86.2,5.46
DIS,7.0,7,7.35,11.0,22.8,77.9,0.99,4.87,3.0,0.0,26.3,1.47,30.0,1.93,34.9,2.13,39.0,2.37,55.3,3.41,66.6,4.14,75.6,4.72
DIS,8.0,5,8.48,8.0,14.8,48.4,0.91,3.09,5.0,0.0,18.2,1.11,23.2,1.42,42.8,2.22,43.6,2.38,46.5,2.81,47.4,2.95,48.2,3.06
DIS,9.0,2,9.49,8.5,19.6,45.4,1.51,3.11,7.5,0.0,22.2,1.67,26.1,1.91,32.5,2.31,39.0,2.71,42.8,2.95,44.1,3.03,45.1,3.1
DIS,11.0,1,11.59,6.0,25.9,25.9,1.59,1.59,1.0,0.0,25.9,1.59,25.9,1.59,25.9,1.59,25.9,1.59,25.9,1.59,25.9,1.59,25.9,1.59
DIS,14.0,1,14.76,15.0,13.5,13.5,1.37,1.37,2.0,0.0,13.5,1.37,13.5,1.37,13.5,1.37,13.5,1.37,13.5,1.37,13.5,1.37,13.5,1.37
DTE.DE,1.0,346,1.51,2.0,27.7,963.4,0.63,11.48,2.0,67.3,64.0,1.02,90.3,1.34,123.4,1.9,185.2,2.75,280.9,4.21,341.9,5.0,641.6,9.27
DTE.DE,2.0,210,2.39,3.0,21.8,350.6,0.51,12.06,2.0,28.1,39.2,1.01,52.0,1.34,75.2,1.81,106.8,2.58,157.8,4.44,217.9,5.04,321.2,7.17
DTE.DE,3.0,91,3.43,5.0,17.8,295.7,0.8,8.94,2.0,18.7,32.0,1.19,43.5,1.41,56.4,1.97,84.6,2.87,122.0,3.77,168.2,4.93,271.7,7.94
DTE.DE,4.0,48,4.36,5.0,17.7,173.4,0.75,6.94,2.0,12.5,25.9,1.14,33.5,1.39,48.0,1.84,67.7,2.83,101.9,3.92,121.8,4.86,169.3,6.77
DTE.DE,5.0,24,5.35,7.0,13.4,80.6,0.64,4.08,2.0,0.0,20.7,1.14,32.2,1.68,37.8,2.06,53.1,2.63,63.1,3.49,73.4,3.61,79.2,3.97
DTE.DE,6.0,10,6.6,8.0,21.4,166.4,1.2,9.06,3.5,10.0,22.6,1.3,32.2,1.64,44.5,2.66,73.6,4.1,94.1,5.14,130.3,7.1,159.2,8.67
DTE.DE,7.0,7,7.4,11.0,14.7,42.4,1.04,2.75,1.0,0.0,16.8,1.05,21.1,1.17,24.9,1.35,34.8,2.2,38.8,2.75,40.6,2.75,42.0,2.75
DTE.DE,8.0,3,8.3,13.0,13.4,44.2,1.27,3.01,1.0,0.0,16.2,1.37,20.4,1.51,27.3,1.75,35.8,2.38,40.8,2.76,42.5,2.89,43.9,2.99
DTE.DE,9.0,2,9.16,9.0,15.0,17.5,1.03,1.12,1.0,0.0,15.2,1.04,15.6,1.05,16.2,1.07,16.9,1.1,17.2,1.11,17.4,1.12,17.5,1.12
DTG.DE,1.0,88,1.46,2.0,26.9,609.2,0.55,7.73,2.0,65.9,65.5,0.94,85.2,1.33,119.8,1.85,187.0,2.88,230.0,3.75,349.7,4.63,493.3,5.89
DTG.DE,2.0,55,2.46,3.0,28.2,385.8,0.81,10.94,2.0,38.2,40.3,0.97,52.9,1.33,79.9,1.98,123.5,2.77,143.6,3.73,196.6,4.59,304.6,7.69
DTG.DE,3.0,27,3.29,3.0,22.4,171.1,0.73,5.96,2.0,14.8,38.1,1.13,44.1,1.51,61.3,1.88,80.1,2.44,117.6,3.59,140.9,4.31,164.2,5.57
DTG.DE,4.0,6,4.23,5.5,28.7,108.5,1.19,3.91,2.5,33.3,31.6,1.21,34.7,1.31,55.0,2.29,93.8,3.44,104.2,3.74,106.4,3.82,108.1,3.89
DTG.DE,5.0,7,5.52,6.0,11.6,115.2,0.72,5.63,3.0,14.3,28.3,1.33,39.6,1.88,54.0,2.15,57.9,3.27,81.5,4.27,98.3,4.95,111.8,5.5
DTG.DE,6.0,2,6.48,9.5,34.1,63.3,2.1,4.28,6.5,0.0,37.0,2.32,41.4,2.64,48.7,3.19,56.0,3.74,60.4,4.06,61.8,4.17,63.0,4.26
DTG.DE,10.0,1,10.43,13.0,14.3,14.3,1.14,1.14,1.0,0.0,14.3,1.14,14.3,1.14,14.3,1.14,14.3,1.14,14.3,1.14,14.3,1.14,14.3,1.14
DTG.DE,23.0,1,23.45,20.0,11.4,11.4,1.04,1.04,4.0,0.0,11.4,1.04,11.4,1.04,11.4,1.04,11.4,1.04,11.4,1.04,11.4,1.04,11.4,1.04
DUK,1.0,362,1.47,2.0,30.7,778.4,0.58,8.27,2.0,63.0,67.0,1.01,87.1,1.3,118.5,1.76,167.6,2.49,244.6,3.72,319.2,4.55,498.7,7.06
DUK,2.0,223,2.42,3.0,21.9,518.0,0.62,10.6,2.0,30.9,45.3,1.11,55.8,1.46,78.2,1.88,108.5,2.63,166.7,4.02,210.5,4.76,359.2,8.96
DUK,3.0,88,3.37,5.0,15.6,247.6,0.65,7.91,2.0,8.0,27.9,1.07,39.9,1.31,53.0,1.79,70.2,2.34,89.7,3.33,109.3,3.75,195.4,5.49
DUK,4.0,32,4.43,8.0,20.7,120.0,0.87,4.93,2.0,3.1,26.8,1.12,29.6,1.35,38.6,1.78,60.0,2.46,75.8,3.24,88.6,3.39,111.0,4.49
DUK,5.0,19,5.63,8.0,15.3,208.9,0.74,8.46,2.0,10.5,22.5,1.08,26.9,1.48,50.9,2.53,76.0,3.13,90.8,3.98,120.9,4.52,191.3,7.67
DUK,6.0,8,6.25,8.5,20.0,60.7,1.33,3.09,1.5,0.0,21.5,1.39,24.4,1.46,34.4,1.91,51.5,2.43,56.4,2.82,58.6,2.96,60.3,3.06
DUK,7.0,4,7.29,8.0,22.1,126.5,1.1,7.37,3.0,25.0,22.9,1.2,24.1,1.36,30.6,2.03,58.9,3.81,99.5,5.95,113.0,6.66,123.8,7.23
DUK,8.0,4,8.37,6.5,18.7,96.3,1.17,5.34,2.0,0.0,19.5,1.34,20.6,1.58,48.9,2.56,81.5,3.89,90.4,4.76,93.3,5.05,95.7,5.28
DUK,9.0,3,9.41,14.0,34.8,43.8,2.31,2.87,4.0,0.0,35.9,2.36,37.6,2.44,40.4,2.58,42.1,2.72,43.1,2.81,43.5,2.84,43.7,2.87
DXCM,1.0,314,1.48,2.0,29.0,1572.2,0.59,17.1,2.0,58.9,64.2,0.99,82.6,1.24,112.6,1.69,174.5,2.56,275.5,4.09,349.9,5.19,620.2,9.2
DXCM,2.0,172,2.39,3.0,20.6,467.4,0.49,10.54,2.0,33.1,44.9,1.11,56.2,1.43,78.8,1.99,120.2,2.93,180.7,4.22,217.6,5.8,357.1,9.24
DXCM,3.0,79,3.4,4.0,25.1,186.1,0.75,7.48,3.0,13.9,35.6,1.33,45.9,1.58,65.0,2.16,86.4,2.78,110.6,3.71,156.7,4.84,178.2,6.57
DXCM,4.0,53,4.46,7.0,19.4,171.4,0.84,8.1,2.0,9.4,26.6,1.13,31.8,1.3,51.7,2.16,71.4,2.84,93.8,3.88,133.2,5.18,161.2,7.92
DXCM,5.0,23,5.4,7.0,16.1,124.7,0.93,8.89,2.0,8.7,23.5,1.15,32.0,1.57,41.3,1.94,68.7,3.27,93.0,4.96,119.3,5.47,124.2,8.15
DXCM,6.0,14,6.43,6.0,27.8,127.0,1.36,6.23,2.0,7.1,28.4,1.38,33.1,1.67,50.2,2.71,77.2,3.46,81.5,3.81,98.4,4.7,121.3,5.92
DXCM,7.0,12,7.47,10.0,19.5,74.4,0.91,3.94,2.0,0.0,20.2,1.08,22.3,1.27,34.4,2.39,40.9,2.52,57.9,3.06,66.3,3.49,72.8,3.85
DXCM,8.0,3,8.58,11.0,28.9,34.9,1.64,2.39,2.0,0.0,29.2,1.69,29.5,1.75,30.2,1.86,32.5,2.12,34.0,2.28,34.4,2.33,34.8,2.38
DXCM,9.0,3,9.76,10.0,19.8,46.8,1.1,3.77,4.0,0.0,22.9,1.43,27.6,1.92,35.4,2.74,41.1,3.26,44.5,3.57,45.7,3.67,46.6,3.75
DXCM,10.0,2,10.45,6.5,16.4,44.2,1.08,2.64,2.0,0.0,19.2,1.24,23.4,1.47,30.3,1.86,37.2,2.25,41.4,2.48,42.8,2.56,43.9,2.63
DXCM,12.0,1,12.66,7.0,40.2,40.2,3.21,3.21,6.0,0.0,40.2,3.21,40.2,3.21,40.2,3.21,40.2,3.21,40.2,3.21,40.2,3.21,40.2,3.21
DXCM,14.0,1,14.88,16.0,18.9,18.9,2.26,2.26,1.0,0.0,18.9,2.26,18.9,2.26,18.9,2.26,18.9,2.26,18.9,2.26,18.9,2.26,18.9,2.26
EMR,1.0,380,1.44,1.0,32.8,585.2,0.56,7.75,2.0,64.5,62.5,0.95,86.7,1.25,120.0,1.8,181.0,2.68,257.8,3.68,330.2,4.45,524.4,7.1
EMR,2.0,196,2.37,3.0,22.9,774.0,0.64,16.48,3.0,33.7,40.6,1.05,56.2,1.38,78.2,1.91,116.7,2.79,197.1,4.61,255.0,5.79,364.2,8.0
EMR,3.0,103,3.44,5.0,21.8,263.0,0.7,8.53,3.0,26.2,34.6,1.06,45.4,1.56,60.8,2.1,100.8,3.38,132.9,4.38,147.8,4.98,211.3,8.1
EMR,4.0,58,4.35,6.0,14.8,147.5,0.54,6.43,2.0,10.3,22.2,0.94,27.1,1.28,40.7,1.67,62.2,2.31,92.1,3.42,121.6,4.36,147.1,6.41
EMR,5.0,18,5.44,5.0,14.4,120.5,0.71,6.55,3.0,5.6,24.0,1.42,33.7,1.62,45.6,2.13,60.2,3.06,69.5,3.85,81.4,4.27,112.7,6.09
EMR,6.0,5,6.19,8.0,16.5,34.5,0.79,1.66,2.0,0.0,17.3,0.82,18.5,0.86,26.8,1.58,30.6,1.65,32.9,1.65,33.7,1.66,34.3,1.66
EMR,7.0,6,7.49,11.0,13.3,38.4,0.84,2.95,2.0,0.0,13.9,0.95,16.4,1.2,22.2,1.62,23.4,2.08,31.0,2.59,34.7,2.77,37.7,2.92
EMR,8.0,3,8.54,12.0,19.0,42.8,1.36,3.23,2.0,0.0,19.8,1.4,20.9,1.47,22.8,1.57,32.8,2.4,38.8,2.9,40.8,3.06,42.4,3.19
EMR,9.0,2,9.26,13.0,20.3,36.6,1.27,2.46,3.0,0.0,21.9,1.39,24.4,1.57,28.5,1.87,32.5,2.17,35.0,2.35,35.8,2.41,36.4,2.45
EMR,11.0,1,11.56,18.0,16.9,16.9,1.51,1.51,1.0,0.0,16.9,1.51,16.9,1.51,16.9,1.51,16.9,1.51,16.9,1.51,16.9,1.51,16.9,1.51
EMR,14.0,1,14.95,7.0,18.7,18.7,1.35,1.35,2.0,0.0,18.7,1.35,18.7,1.35,18.7,1.35,18.7,1.35,18.7,1.35,18.7,1.35,18.7,1.35
ENB,1.0,341,1.49,2.0,34.4,683.0,0.52,8.84,2.0,63.0,64.4,0.98,81.7,1.25,119.5,1.85,171.0,2.65,266.7,3.79,369.7,5.16,542.8,7.08
ENB,2.0,202,2.4,3.0,22.1,456.4,0.62,10.89,2.0,31.2,43.9,1.06,55.0,1.34,78.0,1.96,113.2,2.67,172.9,4.05,221.5,5.51,313.0,7.42
ENB,3.0,105,3.38,5.0,18.2,346.6,0.81,10.85,2.0,24.8,29.9,1.1,37.0,1.32,59.1,1.97,94.8,3.34,143.8,4.81,191.5,6.44,339.4,10.32
ENB,4.0,53,4.36,7.0,15.7,112.6,0.59,4.98,2.0,7.5,25.0,1.08,31.7,1.36,37.5,1.71,74.3,2.99,93.1,3.83,103.7,4.56,109.3,4.85
ENB,5.0,23,5.5,9.0,14.5,107.8,0.82,5.43,3.0,4.3,19.7,0.97,24.8,1.52,46.4,2.1,64.6,3.48,68.7,3.88,76.7,4.05,101.1,5.13
ENB,6.0,9,6.2,7.0,19.2,267.5,1.0,14.42,2.0,22.2,26.0,1.4,30.0,1.54,32.1,1.78,38.0,2.09,250.3,13.42,258.9,13.92,265.8,14.32
ENB,7.0,7,7.55,11.0,13.1,57.9,1.01,3.65,1.0,0.0,15.2,1.21,18.6,1.37,28.7,1.67,44.1,2.94,49.7,3.26,53.8,3.45,57.1,3.61
ENB,8.0,3,8.3,14.0,28.4,36.9,1.49,2.69,2.0,0.0,28.9,1.62,29.8,1.81,31.1,2.13,34.0,2.41,35.7,2.58,36.3,2.63,36.8,2.68
ENB,9.0,1,9.88,5.0,40.8,40.8,2.74,2.74,4.0,0.0,40.8,2.74,40.8,2.74,40.8,2.74,40.8,2.74,40.8,2.74,40.8,2.74,40.8,2.74
ENB,12.0,1,12.93,3.0,83.9,83.9,6.33,6.33,4.0,0.0,83.9,6.33,83.9,6.33,83.9,6.33,83.9,6.33,83.9,6.33,83.9,6.33,83.9,6.33
ENR.DE,1.0,87,1.57,2.0,38.4,1003.6,0.63,16.47,2.0,63.2,54.1,0.94,75.9,1.23,120.3,1.9,177.2,2.79,324.2,4.58,443.1,7.47,749.4,11.57
ENR.DE,2.0,68,2.45,3.0,27.7,208.9,0.71,6.09,2.0,35.3,36.2,0.99,48.7,1.17,73.2,1.74,124.4,3.04,152.8,3.95,169.6,4.92,207.4,5.49
ENR.DE,3.0,39,3.35,4.0,24.4,186.1,1.16,7.25,2.0,23.1,35.1,1.25,44.5,1.42,66.1,2.05,91.8,3.06,135.0,4.53,156.5,4.73,179.6,6.63
ENR.DE,4.0,12,4.49,7.5,33.0,122.6,1.18,4.87,1.5,8.3,37.3,1.65,48.5,1.95,52.0,2.27,72.7,2.93,85.3,4.16,102.7,4.55,118.6,4.8
ENR.DE,5.0,4,5.34,4.0,44.1,72.4,1.86,3.18,3.0,0.0,44.4,1.9,44.9,1.97,57.2,2.54,70.2,3.11,71.5,3.15,72.0,3.17,72.3,3.18
ENR.DE,6.0,2,6.71,11.0,21.1,21.2,1.21,1.28,2.5,0.0,21.1,1.21,21.1,1.22,21.1,1.24,21.2,1.26,21.2,1.27,21.2,1.28,21.2,1.28
ENR.DE,7.0,1,8.0,6.0,23.6,23.6,1.42,1.42,1.0,0.0,23.6,1.42,23.6,1.42,23.6,1.42,23.6,1.42,23.6,1.42,23.6,1.42,23.6,1.42
ENR.DE,8.0,2,8.05,12.0,30.3,35.2,1.83,2.45,3.5,0.0,30.8,1.89,31.5,1.98,32.8,2.14,34.0,2.29,34.7,2.39,35.0,2.42,35.2,2.44
ENR.DE,9.0,1,9.45,9.0,38.4,38.4,2.63,2.63,1.0,0.0,38.4,2.63,38.4,2.63,38.4,2.63,38.4,2.63,38.4,2.63,38.4,2.63,38.4,2.63
ENR.DE,11.0,1,11.19,17.0,23.3,23.3,1.86,1.86,2.0,0.0,23.3,1.86,23.3,1.86,23.3,1.86,23.3,1.86,23.3,1.86,23.3,1.86,23.3,1.86
ENR.DE,12.0,2,12.28,14.0,20.1,22.0,1.6,1.86,1.5,0.0,20.3,1.63,20.6,1.67,21.1,1.73,21.5,1.79,21.8,1.83,21.9,1.85,22.0,1.86
EOAN.DE,1.0,358,1.48,2.0,34.3,1308.2,0.48,14.67,2.0,66.5,69.9,1.08,90.7,1.36,127.1,1.88,184.7,2.77,285.0,4.07,378.0,5.11,557.5,8.67
EOAN.DE,2.0,201,2.43,3.0,19.6,329.1,0.66,8.82,2.0,35.8,40.9,1.06,56.4,1.39,81.0,1.96,119.1,3.01,158.4,3.73,202.6,4.99,282.4,6.25
EOAN.DE,3.0,98,3.37,5.0,19.8,276.0,0.7,8.34,2.0,14.3,28.4,1.03,37.4,1.32,50.5,1.66,75.4,2.37,137.0,4.09,170.0,5.43,243.5,7.38
EOAN.DE,4.0,35,4.5,6.0,15.6,119.6,0.86,4.68,2.0,14.3,25.9,1.18,36.5,1.56,50.6,2.18,77.7,2.97,103.1,4.32,109.9,4.52,117.2,4.67
EOAN.DE,5.0,20,5.41,7.5,15.5,111.3,0.75,5.35,2.5,10.0,27.4,1.51,38.0,1.81,48.4,2.27,63.1,3.22,85.7,4.8,101.0,5.0,109.2,5.28
EOAN.DE,6.0,14,6.39,10.0,17.3,134.6,1.19,7.22,2.0,7.1,23.1,1.24,25.3,1.36,31.4,1.71,40.6,2.66,84.7,5.12,112.0,6.3,130.1,7.04
EOAN.DE,7.0,4,7.4,8.5,27.1,93.7,1.63,7.11,2.0,0.0,31.2,1.84,37.4,2.17,46.5,2.57,62.6,3.87,81.3,5.82,87.5,6.46,92.5,6.98
EOAN.DE,8.0,4,8.46,11.0,14.8,36.1,1.12,2.54,2.0,0.0,16.8,1.2,19.7,1.32,23.5,1.53,28.3,1.89,33.0,2.28,34.5,2.41,35.8,2.52
EOAN.DE,9.0,2,9.03,8.5,19.4,63.2,1.35,3.79,6.5,0.0,23.8,1.59,30.4,1.96,41.3,2.57,52.2,3.18,58.8,3.54,61.0,3.66,62.8,3.76
EOAN.DE,10.0,2,10.29,7.5,42.8,47.0,2.77,2.79,7.5,0.0,43.2,2.77,43.8,2.77,44.9,2.78,46.0,2.78,46.6,2.79,46.8,2.79,47.0,2.79
EQIX,1.0,345,1.48,2.0,34.2,810.7,0.62,14.28,2.0,60.9,59.2,0.94,79.4,1.22,111.4,1.63,164.7,2.39,252.8,3.93,320.6,4.83,467.9,7.15
EQIX,2.0,220,2.42,3.0,17.6,310.1,0.51,8.18,2.0,33.6,40.4,1.05,53.8,1.35,76.9,1.89,114.7,2.8,184.1,4.24,217.9,5.57,288.6,6.67
EQIX,3.0,92,3.39,5.0,20.6,229.2,0.83,7.76,2.0,19.6,32.2,1.15,43.0,1.46,62.7,1.99,95.7,3.11,121.3,3.87,172.8,5.14,200.3,7.15
EQIX,4.0,40,4.39,7.0,11.2,145.4,0.55,5.43,2.5,10.0,27.5,1.22,34.2,1.42,43.8,1.89,66.3,2.79,98.2,3.9,103.7,4.1,130.8,4.92
EQIX,5.0,33,5.38,6.0,20.7,145.9,0.86,7.81,3.0,12.1,26.0,1.31,33.4,1.8,49.3,2.29,58.3,2.82,101.9,3.92,106.8,4.81,134.3,6.88
EQIX,6.0,10,6.51,8.0,16.8,67.1,0.83,3.52,3.0,0.0,17.1,1.05,20.6,1.18,34.7,1.92,43.0,2.25,46.3,3.18,56.7,3.35,65.0,3.49
EQIX,7.0,2,7.31,12.5,44.4,58.3,2.67,3.53,8.0,0.0,45.8,2.75,47.9,2.88,51.3,3.1,54.8,3.32,56.9,3.45,57.6,3.49,58.2,3.53
EQIX,8.0,3,8.27,10.0,30.0,56.7,1.91,3.38,2.0,0.0,31.3,2.04,33.2,2.23,36.4,2.56,46.5,2.97,52.6,3.22,54.7,3.3,56.3,3.37
EQIX,11.0,1,11.0,7.0,40.5,40.5,2.91,2.91,5.0,0.0,40.5,2.91,40.5,2.91,40.5,2.91,40.5,2.91,40.5,2.91,40.5,2.91,40.5,2.91
EQNR,1.0,436,1.43,1.0,30.1,727.3,0.51,10.75,2.0,62.6,61.9,0.91,81.2,1.22,116.2,1.71,179.4,2.52,269.0,3.86,337.0,4.9,582.7,7.98
EQNR,2.0,235,2.39,2.0,23.7,348.7,0.64,10.69,2.0,34.5,35.1,0.89,48.2,1.2,79.0,1.89,114.1,2.79,175.4,3.94,200.3,5.06,290.4,6.36
EQNR,3.0,116,3.45,4.0,13.2,418.8,0.42,13.9,2.0,12.1,28.4,0.96,40.0,1.32,55.9,1.94,83.4,2.75,105.2,3.68,142.9,4.35,187.2,6.06
EQNR,4.0,58,4.39,5.0,14.3,157.4,0.67,6.71,2.0,8.6,21.8,0.91,30.8,1.32,48.8,2.14,75.0,3.1,94.2,4.31,113.1,4.66,146.1,6.39
EQNR,5.0,29,5.44,6.0,13.2,136.3,0.75,5.88,2.0,3.4,18.2,1.04,23.5,1.22,33.0,1.65,52.1,2.29,73.2,3.65,88.6,4.81,125.2,5.76
EQNR,6.0,7,6.23,5.0,18.6,60.4,0.99,3.22,1.0,0.0,21.7,1.29,25.4,1.5,30.3,1.68,54.5,2.62,58.3,3.02,59.3,3.12,60.2,3.2
EQNR,7.0,6,7.43,7.5,14.3,78.0,0.72,5.36,2.5,0.0,15.7,0.88,18.6,1.14,41.8,2.29,69.4,4.7,75.2,5.29,76.6,5.33,77.7,5.36
EQNR,8.0,2,8.51,9.5,18.3,30.8,1.33,2.33,2.5,0.0,19.6,1.43,21.4,1.58,24.6,1.83,27.7,2.08,29.6,2.23,30.2,2.28,30.7,2.32
EQNR,9.0,1,9.08,7.0,40.7,40.7,2.69,2.69,2.0,0.0,40.7,2.69,40.7,2.69,40.7,2.69,40.7,2.69,40.7,2.69,40.7,2.69,40.7,2.69
EQNR,11.0,1,11.65,18.0,14.0,14.0,1.75,1.75,2.0,0.0,14.0,1.75,14.0,1.75,14.0,1.75,14.0,1.75,14.0,1.75,14.0,1.75,14.0,1.75
ETN,1.0,349,1.48,2.0,30.7,653.0,0.44,10.91,2.0,63.0,60.8,0.97,84.6,1.26,118.8,1.8,182.4,2.64,258.4,3.91,359.7,4.93,584.5,8.42
ETN,2.0,219,2.39,3.0,20.5,829.6,0.47,18.24,2.0,32.9,36.7,1.03,52.6,1.31,80.7,1.94,118.4,2.9,164.8,3.85,230.0,4.87,318.3,7.55
ETN,3.0,118,3.41,5.0,18.4,215.2,0.61,6.13,2.0,17.8,25.6,1.0,39.1,1.44,55.2,1.89,79.2,2.62,123.3,4.39,163.4,5.55,199.5,5.85
ETN,4.0,53,4.5,5.0,17.9,273.7,0.84,11.3,2.0,11.3,24.3,0.96,30.1,1.3,45.8,1.82,73.1,2.97,98.0,4.24,143.3,5.77,240.0,9.29
ETN,5.0,23,5.34,6.0,13.1,106.3,0.74,5.33,2.0,4.3,20.6,1.07,26.9,1.31,35.5,1.69,53.7,2.44,68.9,3.19,93.1,4.59,104.0,5.2
ETN,6.0,12,6.31,6.0,21.9,63.7,1.24,3.87,2.0,0.0,24.4,1.3,26.1,1.45,36.5,1.76,47.2,2.41,61.8,3.67,62.9,3.81,63.5,3.86
ETN,7.0,5,7.33,7.0,34.2,58.8,1.97,3.6,3.0,0.0,34.6,2.01,35.3,2.08,38.2,2.4,50.7,2.64,55.6,3.21,57.2,3.41,58.5,3.56
ETN,8.0,1,8.6,11.0,22.0,22.0,1.67,1.67,2.0,0.0,22.0,1.67,22.0,1.67,22.0,1.67,22.0,1.67,22.0,1.67,22.0,1.67,22.0,1.67
ETN,9.0,2,9.63,17.5,14.1,39.1,1.36,2.81,3.0,0.0,16.6,1.5,20.4,1.72,26.6,2.08,32.9,2.45,36.6,2.66,37.9,2.73,38.9,2.79
EXC,1.0,345,1.46,2.0,34.7,1135.4,0.54,22.39,2.0,58.3,63.5,0.99,83.8,1.23,109.4,1.69,165.2,2.42,247.7,3.59,307.0,4.85,551.6,6.99
EXC,2.0,198,2.44,3.0,17.6,411.8,0.54,9.08,2.0,35.4,43.0,1.11,55.5,1.37,79.0,1.92,112.7,2.66,166.5,4.32,195.8,5.21,347.7,8.84
EXC,3.0,99,3.4,5.0,24.7,334.2,0.86,10.51,2.0,16.2,32.8,1.09,44.0,1.5,57.0,1.87,81.6,2.56,119.8,3.61,149.4,5.05,301.9,7.88
EXC,4.0,51,4.4,6.0,18.1,386.6,0.77,12.53,3.0,21.6,29.4,1.18,39.7,1.68,62.1,2.57,81.4,3.44,139.3,5.81,163.1,7.2,340.1,12.34
EXC,5.0,15,5.49,9.0,17.6,169.9,0.88,6.83,2.0,6.7,21.5,1.09,24.7,1.44,40.2,1.8,58.0,2.46,68.5,3.23,100.3,4.42,156.0,6.35
EXC,6.0,7,6.57,8.0,14.7,95.6,0.82,4.91,2.0,0.0,28.1,1.4,41.5,2.06,51.6,2.53,61.7,3.55,79.6,4.61,87.6,4.76,94.0,4.88
EXC,7.0,3,7.37,9.0,21.7,72.0,1.34,3.63,3.0,0.0,27.4,1.65,36.0,2.11,50.3,2.88,61.1,3.25,67.7,3.48,69.8,3.56,71.6,3.62
EXC,8.0,1,8.42,66.0,9.0,9.0,1.67,1.67,2.0,0.0,9.0,1.67,9.0,1.67,9.0,1.67,9.0,1.67,9.0,1.67,9.0,1.67,9.0,1.67
EXC,9.0,2,9.78,18.0,14.9,41.5,1.46,2.94,2.5,0.0,17.6,1.61,21.6,1.83,28.2,2.2,34.9,2.57,38.8,2.79,40.2,2.87,41.2,2.92
EXC,10.0,1,10.29,3.0,94.3,94.3,6.66,6.66,5.0,0.0,94.3,6.66,94.3,6.66,94.3,6.66,94.3,6.66,94.3,6.66,94.3,6.66,94.3,6.66
FANG,1.0,264,1.51,2.0,34.9,754.6,0.57,12.2,2.0,60.2,65.1,1.02,83.9,1.32,114.7,1.77,170.1,2.48,251.5,3.45,312.0,4.42,551.8,6.7
FANG,2.0,154,2.41,3.0,24.9,538.8,0.87,11.18,2.0,29.2,42.6,1.04,55.0,1.28,76.6,1.81,113.9,2.67,182.8,4.17,210.5,5.04,307.7,6.97
FANG,3.0,72,3.41,5.0,23.2,337.5,0.8,9.47,3.0,19.4,34.2,1.14,39.8,1.45,61.9,1.99,92.7,2.9,123.1,4.06,154.5,4.8,274.7,9.46
FANG,4.0,33,4.37,6.0,18.9,130.6,0.69,5.6,3.0,3.0,29.1,1.26,33.0,1.64,52.4,2.24,68.5,3.15,85.8,3.48,88.8,3.63,117.3,5.02
FANG,5.0,12,5.35,6.5,13.5,49.2,0.59,2.22,2.0,0.0,24.7,1.17,26.7,1.28,37.2,1.73,41.6,2.04,44.1,2.13,46.5,2.18,48.7,2.21
FANG,6.0,6,6.46,9.5,15.7,71.4,1.05,3.6,1.5,0.0,21.5,1.2,28.3,1.35,36.8,1.68,63.7,3.0,71.1,3.46,71.2,3.53,71.4,3.59
FANG,7.0,3,7.12,5.0,12.9,84.6,0.72,5.39,1.0,0.0,15.0,0.88,18.1,1.11,23.3,1.5,53.9,3.45,72.3,4.61,78.5,5.0,83.4,5.31
FANG,8.0,3,8.3,15.0,21.8,36.6,1.67,2.2,1.0,0.0,22.3,1.69,23.1,1.71,24.3,1.76,30.5,1.98,34.1,2.11,35.4,2.15,36.4,2.19
FANG,9.0,1,9.2,10.0,43.0,43.0,2.63,2.63,1.0,0.0,43.0,2.63,43.0,2.63,43.0,2.63,43.0,2.63,43.0,2.63,43.0,2.63,43.0,2.63
FANG,10.0,1,10.11,5.0,14.1,14.1,0.88,0.88,1.0,0.0,14.1,0.88,14.1,0.88,14.1,0.88,14.1,0.88,14.1,0.88,14.1,0.88,14.1,0.88
FAST,1.0,335,1.51,2.0,35.7,850.6,0.52,11.04,2.0,62.7,63.2,0.98,86.3,1.24,120.1,1.73,189.6,2.79,273.1,4.19,346.1,5.2,539.8,7.63
FAST,2.0,191,2.42,3.0,27.5,474.7,0.63,10.32,2.0,34.0,41.8,1.1,58.7,1.46,81.9,1.99,111.2,2.71,161.3,3.62,195.2,4.51,285.0,7.81
FAST,3.0,92,3.28,5.0,17.8,263.5,0.49,8.84,2.0,20.7,29.8,1.03,42.5,1.43,58.5,2.04,90.6,3.05,128.4,3.99,156.8,4.9,192.8,7.46
FAST,4.0,41,4.36,6.0,12.3,183.8,0.68,7.41,2.0,4.9,26.1,1.18,32.0,1.5,43.2,1.86,53.2,2.16,83.6,3.95,95.7,4.14,164.1,6.6
FAST,5.0,24,5.4,7.0,15.3,130.4,0.85,6.94,2.5,12.5,22.6,1.1,27.9,1.46,42.3,2.12,62.2,2.94,102.3,4.3,120.7,5.77,128.8,6.73
FAST,6.0,12,6.35,8.0,23.3,98.1,1.27,4.7,4.0,0.0,25.5,1.37,32.7,1.8,50.6,2.36,63.0,3.31,85.4,4.44,91.7,4.62,96.8,4.68
FAST,7.0,8,7.57,10.0,14.3,58.9,0.88,5.47,2.0,0.0,18.9,1.28,21.1,1.45,33.1,1.79,42.9,2.38,48.0,3.49,53.5,4.48,57.8,5.27
FAST,8.0,4,8.56,9.5,17.5,61.0,1.1,5.1,3.0,0.0,19.5,1.21,22.5,1.38,33.5,1.93,47.4,3.07,55.6,4.28,58.3,4.69,60.5,5.01
FAST,9.0,1,9.58,11.0,27.7,27.7,1.9,1.9,6.0,0.0,27.7,1.9,27.7,1.9,27.7,1.9,27.7,1.9,27.7,1.9,27.7,1.9,27.7,1.9
FAST,10.0,3,10.3,6.0,14.6,27.3,1.05,1.92,1.0,0.0,16.8,1.19,20.2,1.4,25.8,1.75,26.6,1.83,27.0,1.89,27.2,1.9,27.3,1.92
FAST,11.0,2,11.49,10.5,20.4,29.7,1.35,1.97,4.0,0.0,21.3,1.41,22.7,1.5,25.0,1.66,27.4,1.82,28.8,1.91,29.2,1.94,29.6,1.97
FDX,1.0,338,1.44,2.0,34.9,851.3,0.52,12.84,2.0,60.7,62.5,0.97,83.8,1.23,114.8,1.74,192.5,2.71,280.2,3.87,315.9,4.68,511.4,7.11
FDX,2.0,206,2.33,3.0,24.6,688.4,0.68,16.7,2.0,36.4,41.1,1.09,58.1,1.4,80.0,1.97,118.8,2.75,167.1,3.98,234.6,5.58,436.9,9.0
FDX,3.0,106,3.44,4.0,20.3,241.0,0.77,8.32,2.0,17.9,32.1,1.1,44.4,1.49,59.7,2.07,85.1,2.72,132.4,4.24,154.6,5.07,236.9,7.38
FDX,4.0,44,4.57,6.0,19.4,257.9,0.99,9.8,2.0,11.4,27.1,1.19,35.0,1.48,52.1,2.27,77.5,3.19,103.8,4.66,129.2,5.38,216.7,8.38
FDX,5.0,25,5.34,6.0,27.1,200.9,1.23,8.61,4.0,28.0,31.6,1.42,42.8,2.21,58.8,3.16,100.3,4.62,119.2,5.45,142.0,7.04,188.0,8.32
FDX,6.0,12,6.29,8.5,14.8,48.1,0.94,2.72,1.5,0.0,16.3,1.02,23.5,1.53,31.4,1.65,40.6,2.24,47.4,2.48,47.9,2.6,48.1,2.7
FDX,7.0,5,7.2,5.0,16.0,38.3,0.82,2.14,4.0,0.0,17.1,0.96,18.8,1.18,32.7,1.77,36.0,1.92,37.4,2.05,37.8,2.1,38.2,2.13
FDX,8.0,2,8.41,9.0,22.7,33.9,1.87,1.99,2.5,0.0,23.8,1.88,25.5,1.9,28.3,1.93,31.1,1.96,32.8,1.98,33.3,1.98,33.8,1.99
FDX,9.0,4,9.75,6.5,12.3,34.7,0.93,2.39,2.0,0.0,14.9,1.03,18.7,1.17,23.1,1.49,27.7,1.9,31.9,2.19,33.3,2.29,34.4,2.37
FDX,10.0,2,10.77,10.0,16.9,19.2,1.17,1.36,1.0,0.0,17.1,1.19,17.5,1.22,18.0,1.26,18.6,1.31,19.0,1.34,19.1,1.35,19.2,1.36
FRE.DE,1.0,337,1.5,2.0,30.4,837.2,0.51,12.82,2.0,63.5,65.3,1.0,85.2,1.28,116.1,1.82,176.1,2.62,257.5,3.8,319.8,4.53,566.4,8.87
FRE.DE,2.0,176,2.39,3.0,24.2,525.8,0.54,14.33,2.0,31.2,39.5,1.07,55.7,1.37,79.0,1.88,108.8,2.67,163.8,3.92,215.1,4.81,437.7,10.75
FRE.DE,3.0,107,3.39,5.0,17.9,270.5,0.67,8.93,3.0,25.2,34.3,1.13,42.3,1.45,65.8,2.19,99.9,3.51,127.2,4.7,147.9,5.45,240.3,8.53
FRE.DE,4.0,53,4.46,6.0,16.3,290.6,0.62,11.23,2.0,9.4,28.4,1.05,34.0,1.48,47.4,2.07,68.0,2.86,97.5,3.89,119.5,4.71,249.9,9.18
FRE.DE,5.0,26,5.3,8.0,19.7,178.9,1.03,8.88,3.0,15.4,21.6,1.14,29.5,1.42,47.5,2.43,71.1,3.22,120.8,5.87,124.7,7.2,165.4,8.54
FRE.DE,6.0,11,6.58,7.0,28.2,86.3,1.94,4.02,2.0,0.0,29.3,2.0,34.7,2.08,37.4,2.31,47.5,2.89,77.1,3.97,81.7,3.99,85.4,4.01
FRE.DE,7.0,4,7.76,10.5,22.9,46.6,1.21,2.85,2.5,0.0,24.5,1.32,26.9,1.48,32.2,1.87,38.9,2.34,43.5,2.64,45.1,2.75,46.3,2.83
FRE.DE,8.0,2,8.31,9.5,41.8,108.5,2.65,6.68,8.5,50.0,48.5,3.05,58.5,3.65,75.2,4.66,91.8,5.67,101.8,6.27,105.2,6.47,107.8,6.64
FRE.DE,10.0,1,10.66,15.0,27.2,27.2,2.3,2.3,4.0,0.0,27.2,2.3,27.2,2.3,27.2,2.3,27.2,2.3,27.2,2.3,27.2,2.3,27.2,2.3
FRE.DE,12.0,1,12.25,20.0,20.0,20.0,1.53,1.53,1.0,0.0,20.0,1.53,20.0,1.53,20.0,1.53,20.0,1.53,20.0,1.53,20.0,1.53,20.0,1.53
FTNT,1.0,247,1.42,2.0,37.6,966.7,0.54,12.62,2.0,59.1,60.3,0.94,79.6,1.24,113.0,1.67,174.8,2.52,273.5,3.81,352.4,5.63,618.3,10.06
FTNT,2.0,191,2.42,3.0,23.0,554.2,0.52,13.15,2.0,35.1,38.3,1.03,50.2,1.27,75.4,1.97,121.0,2.95,170.2,4.17,198.6,4.79,335.3,7.41
FTNT,3.0,74,3.3,4.5,22.2,325.1,0.7,8.67,2.0,27.0,34.7,1.15,47.9,1.64,66.3,2.23,102.2,3.23,146.7,5.06,177.0,5.95,278.7,7.91
FTNT,4.0,39,4.46,7.0,17.3,142.7,0.68,5.91,2.0,7.7,22.8,0.95,29.8,1.33,45.0,2.1,73.0,2.65,86.6,3.58,103.9,3.94,128.2,5.42
FTNT,5.0,22,5.63,8.0,18.4,129.7,0.94,7.06,3.0,9.1,33.0,1.66,40.0,1.99,43.8,2.44,66.0,3.29,93.5,5.33,123.3,5.64,128.7,6.76
FTNT,6.0,10,6.4,6.5,18.4,74.0,0.97,5.51,2.0,0.0,21.8,1.11,24.9,1.56,33.8,1.69,61.2,3.44,70.3,4.31,72.2,4.91,73.6,5.39
FTNT,7.0,11,7.42,8.0,17.3,100.1,1.09,4.92,1.0,9.1,18.6,1.1,21.1,1.28,33.2,1.7,54.2,3.67,62.3,4.43,81.2,4.67,96.3,4.87
FTNT,8.0,2,8.42,10.0,21.7,28.2,1.63,1.71,7.0,0.0,22.3,1.64,23.3,1.65,24.9,1.67,26.6,1.69,27.6,1.7,27.9,1.7,28.1,1.7
FTNT,9.0,1,9.24,12.0,42.0,42.0,2.99,2.99,6.0,0.0,42.0,2.99,42.0,2.99,42.0,2.99,42.0,2.99,42.0,2.99,42.0,2.99,42.0,2.99
FTNT,10.0,1,10.52,15.0,33.1,33.1,1.95,1.95,1.0,0.0,33.1,1.95,33.1,1.95,33.1,1.95,33.1,1.95,33.1,1.95,33.1,1.95,33.1,1.95
FTNT,13.0,3,13.5,11.0,11.8,47.7,0.9,3.98,4.0,0.0,14.1,1.12,17.6,1.44,23.5,1.97,35.6,2.98,42.9,3.58,45.3,3.78,47.2,3.94
FTNT,16.0,1,16.89,13.0,17.4,17.4,1.4,1.4,2.0,0.0,17.4,1.4,17.4,1.4,17.4,1.4,17.4,1.4,17.4,1.4,17.4,1.4,17.4,1.4
GC=F,1.0,273,1.53,2.0,3.1,811.4,0.05,12.02,2.0,57.9,56.7,0.91,76.6,1.24,117.2,1.73,171.7,2.69,256.8,3.79,351.4,5.03,750.3,9.14
GC=F,2.0,181,2.42,3.0,6.5,377.7,0.19,8.39,2.0,25.4,33.2,0.84,48.1,1.25,70.0,1.73,101.9,2.4,162.0,4.07,205.6,5.35,297.0,6.82
GC=F,3.0,90,3.37,5.0,6.0,530.5,0.17,17.5,3.0,32.2,29.8,1.01,42.3,1.43,67.8,2.34,116.5,3.85,154.6,5.04,192.3,6.76,332.6,10.79
GC=F,4.0,52,4.47,6.0,8.9,190.6,0.41,6.82,3.0,15.4,25.4,1.19,40.4,1.63,50.1,2.14,79.5,3.42,108.2,4.51,121.2,5.32,168.1,6.33
GC=F,5.0,31,5.43,6.0,16.1,168.3,0.78,8.63,3.0,22.6,23.2,1.2,31.5,1.53,56.1,2.62,96.7,4.15,137.9,6.07,154.4,7.42,167.8,8.32
GC=F,6.0,10,6.54,8.0,9.3,181.5,0.59,7.29,2.5,20.0,13.3,0.72,21.4,1.25,35.5,1.85,52.7,3.1,119.8,5.13,150.6,6.21,175.3,7.07
GC=F,7.0,8,7.47,11.5,13.5,76.1,1.02,4.56,1.0,0.0,18.8,1.09,23.9,1.22,27.9,1.72,41.5,2.73,67.6,4.45,71.8,4.5,75.2,4.55
GC=F,8.0,3,8.21,15.0,14.5,37.1,1.56,4.14,3.0,0.0,16.4,1.58,19.2,1.62,24.0,1.69,30.6,2.92,34.5,3.65,35.8,3.89,36.8,4.09
GC=F,9.0,5,9.34,8.0,26.0,76.7,2.14,5.95,4.0,0.0,31.2,2.23,38.9,2.38,43.2,3.12,55.7,3.25,68.3,4.87,72.5,5.41,75.9,5.84
GC=F,10.0,5,10.63,11.0,25.4,111.1,1.76,7.48,3.0,20.0,25.5,2.18,25.6,2.81,34.2,3.54,53.3,3.59,88.0,5.93,99.5,6.7,108.8,7.32
GC=F,11.0,1,11.47,9.0,44.2,44.2,3.28,3.28,2.0,0.0,44.2,3.28,44.2,3.28,44.2,3.28,44.2,3.28,44.2,3.28,44.2,3.28,44.2,3.28
GC=F,12.0,3,12.51,20.0,24.1,43.4,1.65,2.74,1.0,0.0,25.7,1.81,28.1,2.05,32.0,2.45,37.7,2.6,41.1,2.68,42.3,2.71,43.2,2.74
GC=F,13.0,1,13.74,22.0,63.2,63.2,4.28,4.28,6.0,0.0,63.2,4.28,63.2,4.28,63.2,4.28,63.2,4.28,63.2,4.28,63.2,4.28,63.2,4.28
GD,1.0,343,1.51,2.0,33.6,683.9,0.6,8.85,2.0,60.6,62.7,1.0,83.2,1.25,115.3,1.75,165.9,2.41,226.9,3.41,274.4,4.05,499.5,7.4
GD,2.0,216,2.37,3.0,21.4,602.1,0.49,11.16,2.0,34.7,41.5,1.04,51.9,1.35,78.0,1.94,116.7,2.88,194.9,4.9,259.0,6.38,455.2,10.34
GD,3.0,93,3.39,5.0,13.9,283.0,0.79,7.65,2.0,19.4,32.2,1.08,37.9,1.27,51.1,1.63,85.5,2.87,123.5,3.99,148.7,5.24,229.0,7.55
GD,4.0,47,4.5,6.0,23.0,226.4,0.98,9.35,2.0,10.6,28.8,1.26,35.2,1.51,48.7,2.03,78.7,3.06,98.3,4.14,141.2,5.77,195.0,7.89
GD,5.0,17,5.37,9.0,19.2,114.1,0.83,5.23,3.0,5.9,20.7,0.96,23.4,1.46,33.2,1.7,50.8,2.56,82.8,3.71,100.5,4.7,111.4,5.12
GD,6.0,15,6.32,9.0,10.6,61.0,0.84,4.36,4.0,0.0,21.5,1.09,25.0,1.45,32.4,1.9,44.4,2.5,48.8,3.87,53.1,4.08,59.4,4.31
GD,7.0,8,7.4,9.5,33.2,94.0,1.87,5.34,4.5,0.0,38.2,1.98,46.8,2.31,50.5,2.98,56.4,3.19,77.5,3.93,85.7,4.63,92.3,5.2
GD,8.0,1,8.26,11.0,56.3,56.3,3.44,3.44,2.0,0.0,56.3,3.44,56.3,3.44,56.3,3.44,56.3,3.44,56.3,3.44,56.3,3.44,56.3,3.44
GD,9.0,1,9.13,6.0,41.8,41.8,2.59,2.59,6.0,0.0,41.8,2.59,41.8,2.59,41.8,2.59,41.8,2.59,41.8,2.59,41.8,2.59,41.8,2.59
GD,10.0,1,10.03,16.0,10.2,10.2,1.11,1.11,1.0,0.0,10.2,1.11,10.2,1.11,10.2,1.11,10.2,1.11,10.2,1.11,10.2,1.11,10.2,1.11
GD,11.0,2,11.58,9.5,27.7,27.7,1.57,1.97,2.5,0.0,27.7,1.61,27.7,1.67,27.7,1.77,27.7,1.87,27.7,1.93,27.7,1.95,27.7,1.96
GE,1.0,360,1.47,2.0,21.0,737.2,0.3,10.68,2.0,59.2,58.7,0.93,80.6,1.18,113.2,1.76,172.8,2.63,280.8,3.96,359.5,4.72,604.0,8.26
GE,2.0,180,2.35,3.0,17.1,771.9,0.41,17.71,2.0,34.4,39.5,1.0,53.1,1.26,82.7,1.95,118.9,2.8,193.9,4.43,236.4,6.22,416.9,9.22
GE,3.0,102,3.4,4.0,15.6,343.8,0.73,12.51,2.0,21.6,30.7,1.14,41.3,1.39,66.7,2.25,95.0,3.15,132.1,4.12,170.9,5.75,278.2,9.53
GE,4.0,43,4.55,7.0,9.7,149.6,0.47,5.45,2.0,11.6,20.9,0.97,31.8,1.34,47.6,2.06,68.2,2.97,101.1,4.58,121.1,5.25,146.8,5.44
GE,5.0,22,5.47,6.0,12.9,94.4,0.77,4.09,2.0,0.0,23.2,1.05,30.3,1.36,42.8,2.27,68.5,3.13,80.8,3.88,83.1,3.93,92.0,4.05
GE,6.0,12,6.28,4.5,16.6,82.4,1.03,3.76,2.0,0.0,23.6,1.43,31.1,1.66,48.2,2.56,59.9,2.96,62.8,3.47,71.7,3.62,80.3,3.73
GE,7.0,8,7.35,9.5,18.6,41.5,1.19,2.05,1.5,0.0,19.0,1.3,19.7,1.38,25.3,1.51,26.1,1.72,30.8,1.95,36.1,2.0,40.4,2.04
GE,8.0,2,8.44,9.5,19.6,35.2,1.34,2.09,4.5,0.0,21.2,1.42,23.5,1.53,27.4,1.72,31.3,1.9,33.6,2.02,34.4,2.06,35.0,2.09
GE,9.0,2,9.4,12.0,24.9,29.8,1.62,2.79,1.5,0.0,25.4,1.74,26.1,1.91,27.4,2.2,28.6,2.5,29.3,2.67,29.6,2.73,29.8,2.78
GE,10.0,5,10.27,8.0,14.8,101.5,1.07,6.25,3.0,20.0,17.8,1.21,22.4,1.41,51.8,3.64,56.5,3.85,83.5,5.29,92.5,5.77,99.7,6.16
GE,11.0,1,11.84,7.0,41.0,41.0,3.22,3.22,3.0,0.0,41.0,3.22,41.0,3.22,41.0,3.22,41.0,3.22,41.0,3.22,41.0,3.22,41.0,3.22
GEHC,1.0,62,1.54,2.0,37.5,906.9,0.57,12.71,2.0,56.5,56.2,0.94,81.0,1.17,115.2,1.71,169.2,2.45,239.3,3.77,291.0,4.47,701.1,10.21
GEHC,2.0,33,2.5,3.0,33.5,295.0,0.82,6.96,3.0,27.3,40.4,1.11,55.1,1.36,79.6,1.92,105.1,2.53,172.8,3.78,195.8,5.34,266.4,6.56
GEHC,3.0,15,3.55,4.0,26.4,164.3,0.99,6.67,4.0,33.3,36.9,1.25,53.1,1.83,88.6,2.86,107.2,3.86,136.2,5.14,148.9,5.86,161.2,6.51
GEHC,4.0,7,4.36,5.0,29.0,94.0,1.0,3.51,2.0,0.0,31.3,1.14,37.8,1.65,53.1,2.13,62.5,2.96,75.9,3.49,85.0,3.5,92.2,3.51
GEHC,5.0,5,5.54,4.0,41.3,130.0,1.88,7.32,3.0,40.0,43.2,2.06,46.0,2.34,98.7,3.85,126.3,5.44,128.5,6.57,129.3,6.95,129.9,7.25
GEHC,6.0,3,6.31,6.0,19.9,47.4,0.92,2.21,1.0,0.0,24.1,1.17,30.3,1.56,40.7,2.2,44.0,2.2,46.1,2.21,46.7,2.21,47.3,2.21
GEHC,7.0,2,7.66,14.0,25.5,27.5,1.86,1.9,4.0,0.0,25.7,1.86,26.0,1.87,26.5,1.88,27.0,1.89,27.3,1.89,27.4,1.89,27.5,1.9
GEV,1.0,35,1.45,2.0,44.5,324.4,0.79,5.12,1.0,57.1,55.2,0.91,70.8,1.16,118.5,2.04,184.9,2.53,210.0,2.75,227.8,3.46,301.3,4.81
GEV,2.0,33,2.41,2.0,30.3,174.8,0.98,4.82,2.0,33.3,50.4,1.19,59.2,1.37,74.2,1.83,128.8,3.07,152.2,3.68,160.2,3.81,171.1,4.52
GEV,3.0,15,3.38,5.0,40.4,119.4,1.32,4.23,2.0,13.3,43.0,1.39,48.5,1.67,59.5,1.99,70.4,2.11,104.0,3.02,116.4,3.77,118.8,4.14
GEV,4.0,3,4.46,6.0,18.9,44.1,0.68,1.97,2.0,0.0,19.6,0.73,20.6,0.8,22.3,0.92,33.2,1.44,39.7,1.76,41.9,1.87,43.7,1.95
GEV,5.0,1,5.82,5.0,63.3,63.3,3.31,3.31,4.0,0.0,63.3,3.31,63.3,3.31,63.3,3.31,63.3,3.31,63.3,3.31,63.3,3.31,63.3,3.31
GEV,6.0,5,6.63,9.0,20.0,130.7,1.34,7.16,3.0,20.0,23.0,1.44,27.6,1.58,41.5,2.51,56.3,2.71,100.9,5.38,115.8,6.27,127.7,6.98
GEV,8.0,1,8.11,7.0,32.0,32.0,1.85,1.85,1.0,0.0,32.0,1.85,32.0,1.85,32.0,1.85,32.0,1.85,32.0,1.85,32.0,1.85,32.0,1.85
GEV,13.0,1,13.57,32.0,8.6,8.6,1.11,1.11,2.0,0.0,8.6,1.11,8.6,1.11,8.6,1.11,8.6,1.11,8.6,1.11,8.6,1.11,8.6,1.11
GFS,1.0,79,1.48,2.0,38.6,384.3,0.68,6.24,2.0,70.9,62.3,1.03,92.7,1.39,130.7,1.92,192.5,3.0,272.8,4.2,316.2,4.31,367.4,6.0
GFS,2.0,46,2.31,3.0,39.0,233.0,0.9,5.96,2.5,41.3,49.0,1.24,61.1,1.55,96.6,1.97,115.0,3.01,155.8,4.13,201.5,5.03,232.8,5.83
GFS,3.0,26,3.54,4.0,28.4,180.0,1.11,6.69,3.0,23.1,35.1,1.31,49.5,1.72,62.9,2.01,79.3,3.08,115.9,3.85,121.2,4.07,165.5,6.05
GFS,4.0,9,4.55,5.0,34.5,119.4,1.52,5.2,3.0,11.1,46.1,1.89,53.5,2.21,67.7,2.74,71.9,3.03,85.2,4.01,102.3,4.61,116.0,5.08
GFS,5.0,3,5.74,8.0,34.0,42.8,1.69,2.25,2.0,0.0,34.7,1.73,35.8,1.8,37.5,1.9,40.1,2.08,41.7,2.18,42.3,2.21,42.7,2.24
GFS,6.0,5,6.56,4.0,32.7,127.3,1.8,6.19,3.0,20.0,41.7,2.25,55.2,2.93,59.9,3.08,67.5,3.16,103.4,4.98,115.3,5.59,124.9,6.07
GFS,7.0,3,7.22,6.0,37.9,96.8,1.81,5.1,4.0,0.0,40.5,1.98,44.3,2.23,50.8,2.64,73.8,3.87,87.6,4.61,92.2,4.86,95.9,5.05
GFS,8.0,2,8.27,10.5,40.3,47.8,2.56,2.61,8.0,0.0,41.0,2.57,42.2,2.57,44.0,2.58,45.9,2.59,47.0,2.6,47.4,2.6,47.7,2.61
GILD,1.0,349,1.47,2.0,34.9,1006.4,0.67,13.77,2.0,62.8,65.8,1.04,86.2,1.31,117.7,1.8,185.8,2.72,265.3,3.78,348.1,4.73,510.5,7.69
GILD,2.0,203,2.37,3.0,25.3,468.6,0.78,9.24,2.0,30.0,41.0,1.1,57.4,1.39,80.6,1.87,114.0,2.66,157.4,4.08,200.4,4.97,272.6,6.32
GILD,3.0,92,3.39,4.0,20.0,237.1,0.76,7.91,2.0,19.6,29.5,1.06,38.1,1.26,52.8,1.82,89.2,2.92,114.3,3.89,143.6,4.71,186.3,7.54
GILD,4.0,44,4.4,5.0,17.4,170.3,0.72,6.75,2.0,11.4,25.8,1.08,35.7,1.53,48.5,2.02,71.9,2.76,102.8,3.74,125.5,5.28,152.4,6.17
GILD,5.0,18,5.24,7.5,15.6,158.0,0.77,11.21,3.0,11.1,26.8,1.32,31.8,1.49,52.3,2.55,74.0,3.62,111.5,5.0,143.6,6.9,155.1,10.35
GILD,6.0,11,6.42,7.0,17.5,129.6,0.96,6.43,3.0,9.1,19.8,1.12,26.1,1.28,43.4,2.19,53.9,2.92,72.5,3.51,101.0,4.97,123.9,6.14
GILD,7.0,1,7.78,17.0,64.0,64.0,5.19,5.19,14.0,0.0,64.0,5.19,64.0,5.19,64.0,5.19,64.0,5.19,64.0,5.19,64.0,5.19,64.0,5.19
GILD,8.0,6,8.73,6.5,18.7,57.7,1.18,3.44,2.0,0.0,19.9,1.28,24.8,1.55,36.1,2.25,43.7,2.66,52.0,3.08,54.8,3.26,57.1,3.4
GILD,9.0,2,9.27,8.5,27.7,43.2,1.65,2.28,4.0,0.0,29.2,1.71,31.6,1.8,35.5,1.96,39.3,2.12,41.7,2.22,42.4,2.25,43.0,2.28
GILD,10.0,2,10.74,13.0,19.9,66.1,1.44,5.42,1.5,0.0,24.5,1.84,31.4,2.44,43.0,3.43,54.5,4.43,61.5,5.03,63.8,5.22,65.6,5.38
GILD,11.0,3,11.34,15.0,13.1,22.6,0.98,1.87,2.0,0.0,14.1,1.08,15.5,1.24,17.9,1.49,20.2,1.68,21.7,1.79,22.1,1.83,22.5,1.86
GILD,15.0,1,15.47,26.0,8.2,8.2,0.99,0.99,1.0,0.0,8.2,0.99,8.2,0.99,8.2,0.99,8.2,0.99,8.2,0.99,8.2,0.99,8.2,0.99
GLW,1.0,334,1.54,2.0,25.9,781.3,0.51,10.95,2.0,64.7,62.3,0.95,85.5,1.31,120.5,1.87,191.1,2.83,287.4,4.48,379.2,5.95,577.3,8.72
GLW,2.0,196,2.4,3.0,22.4,475.9,0.55,12.06,2.0,33.7,40.0,1.01,53.9,1.36,77.0,1.9,119.0,2.84,166.5,4.17,194.5,4.71,345.9,9.41
GLW,3.0,107,3.44,4.0,16.9,377.7,0.58,12.36,2.0,17.8,31.6,1.14,43.0,1.43,61.9,2.09,86.2,2.89,138.0,4.43,154.7,5.4,253.9,7.77
GLW,4.0,36,4.4,5.0,18.5,196.6,0.7,8.22,2.0,5.6,21.1,0.99,33.0,1.26,45.8,1.76,59.5,2.53,86.9,3.58,104.4,4.4,172.2,7.26
GLW,5.0,22,5.5,8.0,11.6,223.5,0.64,8.8,2.5,9.1,20.6,1.03,26.7,1.34,30.6,1.8,65.4,3.25,94.9,4.77,129.0,6.63,204.0,8.36
GLW,6.0,17,6.57,8.0,11.2,74.7,0.64,3.6,2.0,0.0,15.4,0.99,21.0,1.18,35.6,2.04,52.4,2.52,62.1,3.24,65.4,3.48,72.8,3.57
GLW,7.0,4,7.23,9.5,12.4,51.6,0.91,3.46,5.0,0.0,19.3,1.23,29.6,1.72,35.5,2.25,39.7,2.75,46.8,3.18,49.2,3.32,51.1,3.43
GLW,8.0,5,8.26,12.0,15.8,53.8,1.65,3.38,5.0,0.0,25.8,1.78,40.9,1.99,51.7,3.22,51.9,3.32,53.0,3.36,53.4,3.37,53.7,3.38
GLW,9.0,6,9.39,7.0,14.9,71.5,0.93,5.04,1.5,0.0,15.6,0.98,17.4,1.12,25.8,1.69,30.7,2.03,51.1,3.54,61.3,4.29,69.5,4.89
GLW,10.0,1,10.72,8.0,21.6,21.6,1.43,1.43,2.0,0.0,21.6,1.43,21.6,1.43,21.6,1.43,21.6,1.43,21.6,1.43,21.6,1.43,21.6,1.43
GLW,11.0,1,11.1,7.0,23.3,23.3,1.48,1.48,1.0,0.0,23.3,1.48,23.3,1.48,23.3,1.48,23.3,1.48,23.3,1.48,23.3,1.48,23.3,1.48
GLW,12.0,1,12.64,6.0,47.6,47.6,3.72,3.72,11.0,0.0,47.6,3.72,47.6,3.72,47.6,3.72,47.6,3.72,47.6,3.72,47.6,3.72,47.6,3.72
GM,1.0,283,1.5,2.0,27.7,513.9,0.57,8.86,2.0,65.0,64.9,0.98,87.0,1.27,124.1,1.85,189.8,2.77,254.9,3.97,331.3,5.05,434.1,6.95
GM,2.0,149,2.37,3.0,18.4,367.3,0.68,11.3,2.0,40.9,40.9,1.05,56.1,1.3,86.2,2.03,134.6,3.33,193.1,4.59,249.4,5.37,279.6,6.85
GM,3.0,78,3.54,4.0,13.8,328.8,0.58,11.33,3.0,28.2,30.4,1.1,42.1,1.4,57.4,1.92,104.6,3.32,142.5,4.49,178.1,5.15,226.7,7.43
GM,4.0,43,4.41,5.0,13.5,210.9,0.6,7.3,2.0,11.6,25.9,1.15,35.5,1.47,49.4,2.03,65.5,2.73,102.1,3.99,125.3,4.74,180.8,6.42
GM,5.0,20,5.44,8.0,17.5,73.6,0.96,3.73,2.0,0.0,24.9,1.44,37.4,1.79,41.1,2.13,50.6,2.51,62.5,3.23,72.4,3.46,73.4,3.68
GM,6.0,10,6.59,7.5,19.2,78.4,1.16,6.56,3.0,0.0,23.4,1.42,29.6,1.72,44.6,2.33,61.4,3.31,67.8,4.02,73.1,5.29,77.3,6.31
GM,7.0,5,7.4,11.0,14.2,37.9,0.92,2.06,1.0,0.0,15.2,1.01,16.8,1.15,27.3,1.47,28.9,2.02,34.3,2.05,36.1,2.05,37.5,2.06
GM,8.0,1,8.22,15.0,15.7,15.7,1.15,1.15,2.0,0.0,15.7,1.15,15.7,1.15,15.7,1.15,15.7,1.15,15.7,1.15,15.7,1.15,15.7,1.15
GM,9.0,1,9.61,11.0,21.9,21.9,1.59,1.59,4.0,0.0,21.9,1.59,21.9,1.59,21.9,1.59,21.9,1.59,21.9,1.59,21.9,1.59,21.9,1.59
GM,11.0,1,11.44,10.0,59.2,59.2,4.86,4.86,9.0,0.0,59.2,4.86,59.2,4.86,59.2,4.86,59.2,4.86,59.2,4.86,59.2,4.86,59.2,4.86
GM,16.0,1,16.43,21.0,6.5,6.5,0.76,0.76,1.0,0.0,6.5,0.76,6.5,0.76,6.5,0.76,6.5,0.76,6.5,0.76,6.5,0.76,6.5,0.76
GOOG,1.0,324,1.48,2.0,36.3,646.9,0.53,10.56,2.0,65.4,58.7,0.95,83.2,1.27,124.5,1.79,177.4,2.74,272.7,3.97,337.1,5.23,525.2,7.1
GOOG,2.0,204,2.41,3.0,24.4,412.3,0.63,8.94,2.0,35.8,37.5,1.0,54.8,1.36,79.3,2.0,123.5,2.88,195.3,4.69,226.9,5.85,321.4,7.61
GOOG,3.0,91,3.44,4.0,18.1,242.5,0.6,7.4,2.0,24.2,25.8,0.97,38.6,1.26,55.8,1.95,95.4,3.21,148.9,5.09,166.9,5.75,211.4,7.04
GOOG,4.0,51,4.3,6.0,11.7,149.6,0.69,5.61,2.0,5.9,19.5,1.03,27.1,1.17,38.1,1.65,60.6,2.34,89.5,3.53,111.7,4.64,141.2,5.54
GOOG,5.0,24,5.3,6.0,18.2,139.6,0.86,9.7,3.0,8.3,23.0,1.22,29.5,1.35,40.0,1.81,55.6,2.6,69.1,3.46,114.0,4.78,135.4,8.61
GOOG,6.0,17,6.54,7.0,13.7,89.1,0.66,6.03,3.0,0.0,19.0,1.12,27.6,1.6,46.5,2.36,67.8,3.67,75.0,3.89,77.8,4.33,86.8,5.69
GOOG,7.0,6,7.48,8.0,17.9,55.9,1.07,3.53,2.5,0.0,18.3,1.15,21.9,1.4,31.7,2.03,45.9,2.62,53.2,3.16,54.6,3.34,55.6,3.49
GOOG,8.0,7,8.75,10.0,15.6,41.1,1.01,2.36,2.0,0.0,17.9,1.16,23.0,1.3,27.1,1.86,29.9,2.09,35.9,2.26,38.5,2.31,40.6,2.35
GOOG,9.0,3,9.44,10.0,14.3,86.7,1.04,5.2,1.0,0.0,14.5,1.12,14.9,1.23,15.4,1.42,51.1,3.31,72.4,4.44,79.6,4.82,85.3,5.12
GOOG,10.0,2,10.17,14.0,20.8,23.0,1.45,2.05,4.0,0.0,21.0,1.51,21.4,1.6,21.9,1.75,22.4,1.9,22.8,1.99,22.9,2.02,23.0,2.04
GOOG,13.0,1,13.66,14.0,47.1,47.1,3.85,3.85,3.0,0.0,47.1,3.85,47.1,3.85,47.1,3.85,47.1,3.85,47.1,3.85,47.1,3.85,47.1,3.85
GOOG,14.0,1,14.48,8.0,13.2,13.2,1.07,1.07,1.0,0.0,13.2,1.07,13.2,1.07,13.2,1.07,13.2,1.07,13.2,1.07,13.2,1.07,13.2,1.07
GOOG,23.0,1,23.99,11.0,35.6,35.6,3.04,3.04,3.0,0.0,35.6,3.04,35.6,3.04,35.6,3.04,35.6,3.04,35.6,3.04,35.6,3.04,35.6,3.04
GOOGL,1.0,339,1.44,2.0,35.5,605.6,0.53,7.78,2.0,64.0,59.8,0.96,83.7,1.26,122.6,1.79,177.7,2.66,273.7,3.93,335.7,5.12,521.8,6.97
GOOGL,2.0,196,2.42,3.0,23.6,408.0,0.62,8.81,2.0,36.2,37.1,1.0,52.9,1.37,78.8,1.98,117.3,2.81,183.2,4.2,223.8,5.63,325.6,7.65
GOOGL,3.0,101,3.43,5.0,18.1,242.5,0.64,7.62,2.0,27.7,25.8,0.97,37.8,1.32,56.2,2.1,103.3,3.55,152.2,4.99,168.8,5.83,222.8,7.0
GOOGL,4.0,43,4.31,6.0,14.8,150.7,0.81,6.67,2.0,9.3,22.5,0.95,27.4,1.21,39.0,1.63,58.2,2.2,83.1,3.74,123.4,4.84,143.0,6.23
GOOGL,5.0,25,5.33,6.0,16.6,269.8,0.89,12.65,3.0,12.0,23.0,1.12,29.2,1.39,44.2,2.16,61.2,3.0,103.5,4.54,136.7,8.88,238.8,11.98
GOOGL,6.0,16,6.42,8.0,13.7,92.3,0.66,6.29,2.0,0.0,18.8,0.95,21.5,1.23,36.0,1.92,51.5,2.71,70.0,3.9,78.0,4.52,89.4,5.94
GOOGL,7.0,7,7.38,8.0,16.8,54.4,0.96,3.4,2.0,0.0,17.5,1.03,18.3,1.15,31.5,1.96,41.5,2.45,52.1,3.04,53.3,3.22,54.2,3.37
GOOGL,8.0,7,8.6,10.0,15.6,33.7,1.01,2.19,2.0,0.0,17.9,1.16,23.4,1.3,27.3,1.86,30.0,1.98,32.9,2.1,33.3,2.14,33.6,2.18
GOOGL,9.0,3,9.43,10.0,14.4,86.8,1.04,5.26,1.0,0.0,14.5,1.1,14.7,1.18,14.9,1.31,50.9,3.29,72.4,4.47,79.6,4.87,85.4,5.19
GOOGL,10.0,2,10.17,14.0,20.8,23.0,1.45,2.05,4.0,0.0,21.0,1.51,21.4,1.6,21.9,1.75,22.4,1.9,22.8,1.99,22.9,2.02,23.0,2.04
GOOGL,13.0,1,13.23,14.0,48.1,48.1,3.86,3.86,3.0,0.0,48.1,3.86,48.1,3.86,48.1,3.86,48.1,3.86,48.1,3.86,48.1,3.86,48.1,3.86
GOOGL,14.0,1,14.48,8.0,13.2,13.2,1.07,1.07,1.0,0.0,13.2,1.07,13.2,1.07,13.2,1.07,13.2,1.07,13.2,1.07,13.2,1.07,13.2,1.07
GOOGL,23.0,1,23.92,15.0,35.5,35.5,3.1,3.1,3.0,0.0,35.5,3.1,35.5,3.1,35.5,3.1,35.5,3.1,35.5,3.1,35.5,3.1,35.5,3.1
GS,1.0,355,1.49,2.0,30.8,648.5,0.43,11.42,2.0,65.9,64.6,1.03,88.1,1.31,128.6,1.92,183.7,2.77,271.2,3.85,353.8,4.89,527.1,9.01
GS,2.0,221,2.37,3.0,25.2,452.1,0.59,12.03,2.0,29.9,40.4,0.98,52.2,1.23,73.3,1.76,115.1,2.81,168.9,4.24,225.4,5.5,325.2,7.07
GS,3.0,94,3.4,5.0,13.3,198.9,0.56,5.97,2.0,14.9,30.5,1.04,38.1,1.26,52.0,1.79,83.2,2.66,110.7,3.93,130.0,4.31,162.4,5.94
GS,4.0,48,4.34,5.5,14.3,175.8,0.62,7.56,2.0,12.5,26.8,1.11,35.0,1.51,46.8,1.85,70.0,3.17,103.2,3.88,112.7,4.51,158.7,6.89
GS,5.0,22,5.41,8.0,16.7,160.9,1.1,6.6,4.0,13.6,27.9,1.41,34.3,1.86,47.9,2.4,58.0,3.3,108.4,5.29,111.5,5.73,150.5,6.42
GS,6.0,8,6.48,8.0,14.5,125.6,0.81,6.46,1.5,12.5,19.6,1.05,21.9,1.43,34.9,2.11,51.1,2.98,77.3,4.21,101.4,5.33,120.8,6.23
GS,7.0,8,7.21,9.5,16.8,73.7,0.91,3.74,3.0,0.0,17.2,0.97,19.7,1.18,24.5,1.37,31.3,1.78,51.2,2.98,62.4,3.36,71.4,3.67
GS,8.0,3,8.44,14.0,13.1,34.5,0.98,2.88,1.0,0.0,13.6,1.05,14.3,1.15,15.5,1.31,25.0,2.1,30.7,2.57,32.6,2.72,34.1,2.85
GS,9.0,2,9.17,15.5,13.8,23.3,1.07,1.5,2.0,0.0,14.8,1.11,16.2,1.18,18.6,1.28,20.9,1.39,22.4,1.45,22.8,1.48,23.2,1.49
GS,10.0,3,10.28,10.0,15.7,20.6,0.99,1.77,1.0,0.0,15.8,1.13,15.9,1.33,16.2,1.68,18.4,1.72,19.7,1.75,20.2,1.76,20.5,1.77
GS,15.0,1,15.26,10.0,7.7,7.7,0.53,0.53,1.0,0.0,7.7,0.53,7.7,0.53,7.7,0.53,7.7,0.53,7.7,0.53,7.7,0.53,7.7,0.53
GSK,1.0,396,1.45,2.0,27.5,561.8,0.48,8.73,2.0,61.9,56.7,0.87,79.0,1.16,120.6,1.8,180.8,2.6,251.0,3.68,312.0,4.22,433.9,5.61
GSK,2.0,233,2.4,3.0,16.5,781.5,0.42,17.87,2.0,33.0,37.4,0.91,49.7,1.2,74.4,1.81,119.0,2.74,173.4,4.2,257.5,6.62,409.9,10.33
GSK,3.0,127,3.43,3.0,14.4,325.3,0.51,10.45,2.0,18.9,29.1,1.12,44.0,1.39,58.2,1.97,84.4,2.9,126.6,4.05,150.1,4.79,258.9,8.1
GSK,4.0,36,4.35,5.0,15.4,130.4,0.66,5.66,1.0,5.6,19.5,0.82,26.6,1.07,36.4,1.55,58.4,2.31,72.0,3.63,105.3,4.18,128.2,5.45
GSK,5.0,25,5.37,5.0,16.5,251.7,0.75,9.94,3.0,12.0,25.3,1.29,41.5,1.7,58.8,2.69,76.0,3.66,121.2,6.1,181.4,8.58,237.5,9.69
GSK,6.0,10,6.45,5.5,16.3,95.7,0.83,4.36,1.0,0.0,18.9,0.87,19.7,1.12,27.0,1.61,37.0,2.19,44.8,2.87,70.2,3.61,90.6,4.21
GSK,7.0,6,7.6,9.0,11.1,94.2,0.74,6.02,1.5,0.0,15.9,0.92,22.6,1.35,42.8,2.81,70.1,5.01,84.2,5.76,89.2,5.89,93.2,5.99
GSK,8.0,2,8.43,9.0,14.0,18.6,1.2,1.2,2.5,0.0,14.5,1.2,15.2,1.2,16.3,1.2,17.5,1.2,18.1,1.2,18.4,1.2,18.6,1.2
GSK,9.0,4,9.42,14.5,16.0,62.2,1.48,7.25,1.5,0.0,18.5,1.64,22.2,1.89,32.4,2.44,45.9,3.95,55.7,5.93,58.9,6.59,61.5,7.11
GSK,11.0,1,11.02,7.0,21.8,21.8,1.8,1.8,3.0,0.0,21.8,1.8,21.8,1.8,21.8,1.8,21.8,1.8,21.8,1.8,21.8,1.8,21.8,1.8
GSK,13.0,1,13.07,16.0,20.1,20.1,1.67,1.67,1.0,0.0,20.1,1.67,20.1,1.67,20.1,1.67,20.1,1.67,20.1,1.67,20.1,1.67,20.1,1.67
HD,1.0,349,1.5,2.0,31.2,833.7,0.56,12.64,2.0,63.3,59.0,0.95,82.0,1.26,120.8,1.84,186.2,2.71,259.4,4.13,378.2,5.36,528.6,8.09
HD,2.0,202,2.39,3.0,20.3,293.2,0.64,8.49,2.0,37.1,38.2,0.95,55.1,1.28,81.3,1.93,117.7,2.84,159.5,3.91,191.9,4.31,262.5,7.03
HD,3.0,88,3.43,5.0,20.1,485.6,0.63,14.63,2.0,8.0,26.1,0.98,37.3,1.31,52.1,1.81,78.5,2.63,96.2,3.51,104.6,4.08,254.1,8.44
HD,4.0,54,4.39,6.0,15.2,390.5,0.65,16.73,3.0,16.7,27.2,1.27,33.4,1.42,51.5,1.98,75.2,3.01,112.5,4.81,132.6,5.82,262.8,11.15
HD,5.0,22,5.49,7.5,18.7,136.4,1.21,7.27,2.0,9.1,23.2,1.27,28.3,1.54,37.0,1.91,69.2,3.06,80.0,4.52,115.6,5.23,132.4,6.85
HD,6.0,10,6.46,9.0,14.3,67.5,0.71,3.59,2.5,0.0,14.7,0.82,18.6,1.09,24.9,1.45,43.2,2.37,60.7,3.22,64.1,3.41,66.8,3.56
HD,7.0,5,7.52,8.0,20.3,46.6,1.22,2.67,3.0,0.0,21.7,1.29,23.9,1.39,26.6,2.01,41.4,2.63,44.5,2.65,45.6,2.66,46.4,2.67
HD,8.0,2,8.8,19.0,39.6,43.1,3.25,4.06,6.0,0.0,40.0,3.33,40.5,3.45,41.4,3.65,42.2,3.86,42.8,3.98,42.9,4.02,43.1,4.05
HD,9.0,4,9.56,11.0,8.7,56.4,0.71,2.62,4.5,0.0,13.4,1.02,20.4,1.49,28.2,1.96,38.2,2.29,49.1,2.49,52.8,2.56,55.7,2.61
HD,10.0,3,10.52,19.0,7.5,19.0,0.92,1.51,1.0,0.0,9.4,0.97,12.2,1.06,16.9,1.19,17.9,1.35,18.6,1.45,18.8,1.48,19.0,1.5
HD,11.0,1,11.1,19.0,31.1,31.1,2.63,2.63,2.0,0.0,31.1,2.63,31.1,2.63,31.1,2.63,31.1,2.63,31.1,2.63,31.1,2.63,31.1,2.63
HD,15.0,1,15.21,13.0,9.5,9.5,0.79,0.79,1.0,0.0,9.5,0.79,9.5,0.79,9.5,0.79,9.5,0.79,9.5,0.79,9.5,0.79,9.5,0.79
HDB,1.0,405,1.48,1.0,33.6,933.9,0.46,13.29,2.0,62.2,60.1,0.96,83.1,1.2,118.2,1.77,176.8,2.59,272.4,3.95,354.8,4.78,555.5,6.95
HDB,2.0,219,2.35,3.0,15.7,418.7,0.58,10.24,2.0,32.4,38.4,0.95,53.3,1.34,82.8,1.97,112.8,2.71,160.5,3.87,205.2,5.14,311.1,6.5
HDB,3.0,101,3.34,4.0,21.0,230.4,0.65,6.81,2.0,17.8,25.7,0.95,37.6,1.24,54.7,1.75,81.0,2.75,121.1,3.77,146.4,4.52,207.1,6.72
HDB,4.0,48,4.46,5.5,13.4,210.7,0.54,8.7,2.5,18.8,24.5,1.03,31.2,1.3,45.5,2.01,80.8,3.21,107.8,4.37,112.8,4.52,168.3,6.78
HDB,5.0,27,5.42,6.0,15.0,130.4,0.77,6.32,2.0,3.7,22.8,1.13,28.6,1.39,37.1,2.04,62.5,2.97,80.9,4.35,92.8,4.58,121.4,5.88
HDB,6.0,11,6.37,9.0,22.1,51.9,1.4,3.47,2.0,0.0,26.6,1.41,29.2,1.45,40.7,2.05,43.3,2.76,50.9,3.27,51.4,3.37,51.8,3.45
HDB,7.0,7,7.41,9.0,20.9,120.6,1.52,9.21,3.0,14.3,27.6,1.68,32.5,2.03,38.4,2.28,55.2,3.2,89.0,5.87,104.8,7.54,117.4,8.88
HDB,8.0,8,8.54,7.5,16.5,79.6,0.99,5.53,2.5,0.0,17.2,1.03,23.0,1.51,29.4,1.89,35.2,2.43,54.8,4.12,67.2,4.82,77.1,5.38
HDB,9.0,2,9.66,9.0,10.5,51.3,0.88,3.69,3.0,0.0,14.6,1.16,20.7,1.58,30.9,2.28,41.1,2.99,47.2,3.41,49.3,3.55,50.9,3.66
HEI.DE,1.0,328,1.47,2.0,35.3,1889.9,0.61,25.74,2.0,64.3,63.2,0.98,83.8,1.25,119.0,1.73,181.6,2.66,273.4,4.09,358.7,5.12,451.2,6.44
HEI.DE,2.0,205,2.41,3.0,23.2,417.1,0.63,9.57,2.0,36.1,39.8,1.03,54.1,1.35,79.6,1.97,119.1,2.74,169.1,4.01,233.9,5.33,308.0,6.64
HEI.DE,3.0,119,3.37,5.0,17.2,430.3,0.54,12.37,2.0,13.4,31.3,1.09,41.4,1.44,59.4,1.97,83.2,2.75,108.5,3.53,121.1,4.27,276.5,7.99
HEI.DE,4.0,47,4.39,6.0,11.5,173.8,0.61,7.47,2.0,12.8,27.5,1.25,37.7,1.58,51.0,2.06,72.8,2.96,112.1,4.72,132.9,5.56,165.0,6.86
HEI.DE,5.0,25,5.57,8.0,17.0,169.8,0.79,7.97,3.0,12.0,22.6,1.14,37.6,1.77,47.1,2.25,71.5,3.61,122.0,5.3,156.2,7.5,167.5,7.94
HEI.DE,6.0,11,6.44,7.0,24.5,65.3,1.56,3.28,3.0,0.0,25.5,1.58,35.0,1.89,39.2,2.38,58.0,2.88,59.2,3.27,62.2,3.27,64.7,3.28
HEI.DE,7.0,3,7.18,8.0,23.6,46.7,1.19,2.75,2.0,0.0,26.0,1.38,29.6,1.66,35.6,2.12,41.2,2.43,44.5,2.62,45.6,2.68,46.5,2.73
HEI.DE,8.0,2,8.47,4.5,47.2,71.8,2.66,3.79,4.0,0.0,49.7,2.77,53.4,2.94,59.5,3.22,65.7,3.51,69.3,3.68,70.6,3.73,71.6,3.78
HEI.DE,13.0,1,13.46,8.0,28.3,28.3,2.08,2.08,6.0,0.0,28.3,2.08,28.3,2.08,28.3,2.08,28.3,2.08,28.3,2.08,28.3,2.08,28.3,2.08
HEN3.DE,1.0,346,1.5,2.0,39.0,997.2,0.52,10.97,2.0,61.8,60.3,0.94,80.1,1.25,120.2,1.79,189.4,2.73,263.8,4.13,334.0,4.97,530.9,7.05
HEN3.DE,2.0,191,2.4,3.0,24.3,391.9,0.65,8.36,2.0,37.2,42.4,1.12,59.0,1.41,79.9,1.88,120.8,3.02,195.2,4.62,228.9,5.34,295.0,7.01
HEN3.DE,3.0,83,3.29,4.0,25.4,307.1,0.79,13.23,2.0,18.1,36.7,1.15,43.3,1.43,58.5,2.07,74.1,2.73,123.6,4.1,154.1,4.96,221.2,7.76
HEN3.DE,4.0,54,4.45,7.0,21.9,180.4,0.94,8.32,2.0,11.1,30.1,1.31,37.5,1.58,51.3,2.07,75.8,3.4,101.9,4.52,128.8,5.27,160.9,7.12
HEN3.DE,5.0,25,5.53,7.0,20.4,214.3,1.17,8.83,3.0,4.0,25.0,1.37,32.7,1.61,49.0,2.23,68.3,3.23,77.5,3.94,80.4,5.06,182.3,7.99
HEN3.DE,6.0,8,6.54,8.0,32.7,70.3,1.79,4.05,4.0,0.0,32.8,1.88,41.0,2.12,51.6,2.69,66.4,3.55,68.2,4.01,69.2,4.03,70.1,4.04
HEN3.DE,7.0,6,7.66,12.5,13.9,38.8,1.02,2.13,2.0,0.0,16.1,1.05,19.1,1.12,26.2,1.52,31.4,2.05,35.2,2.13,37.0,2.13,38.4,2.13
HEN3.DE,8.0,4,8.54,14.0,15.2,74.4,1.33,3.69,2.0,0.0,17.1,1.4,20.1,1.5,28.5,2.15,45.1,2.97,62.7,3.41,68.5,3.55,73.2,3.66
HEN3.DE,13.0,1,13.39,11.0,62.3,62.3,4.86,4.86,6.0,0.0,62.3,4.86,62.3,4.86,62.3,4.86,62.3,4.86,62.3,4.86,62.3,4.86,62.3,4.86
HEN3.DE,14.0,1,14.46,25.0,16.4,16.4,1.4,1.4,3.0,0.0,16.4,1.4,16.4,1.4,16.4,1.4,16.4,1.4,16.4,1.4,16.4,1.4,16.4,1.4
HEN3.DE,15.0,1,15.87,22.0,20.5,20.5,1.97,1.97,2.0,0.0,20.5,1.97,20.5,1.97,20.5,1.97,20.5,1.97,20.5,1.97,20.5,1.97,20.5,1.97
HG=F,1.0,314,1.52,2.0,16.5,885.8,0.29,11.57,2.0,65.0,56.9,0.87,80.3,1.26,126.8,1.93,192.0,2.97,271.9,4.2,355.6,5.01,632.6,10.13
HG=F,2.0,202,2.43,3.0,18.5,603.0,0.54,11.67,2.0,35.1,38.9,0.97,57.6,1.33,84.1,2.04,111.0,2.94,172.9,4.52,222.7,5.17,452.4,11.19
HG=F,3.0,95,3.45,4.0,15.8,260.0,0.58,8.57,2.0,18.9,34.1,1.23,45.3,1.55,66.9,2.21,93.0,2.86,134.4,4.34,166.0,5.42,186.5,6.96
HG=F,4.0,50,4.4,5.0,11.5,174.3,0.51,7.4,3.0,14.0,21.9,0.88,37.4,1.65,52.5,2.27,80.8,3.43,113.4,4.44,133.8,5.16,159.3,6.94
HG=F,5.0,29,5.37,6.0,11.9,148.3,0.6,7.28,2.0,17.2,23.3,1.18,31.2,1.62,36.5,1.8,65.7,3.17,132.3,4.81,137.4,6.15,145.4,7.01
HG=F,6.0,9,6.43,8.0,16.9,103.9,0.98,4.94,2.0,11.1,19.0,1.11,19.7,1.15,33.3,2.03,40.6,2.22,54.0,3.24,78.9,4.09,98.9,4.77
HG=F,7.0,9,7.45,12.0,5.4,166.2,0.36,10.08,2.0,11.1,15.2,1.06,19.2,1.43,27.0,2.44,42.7,2.58,85.6,4.93,125.9,7.5,158.1,9.57
HG=F,8.0,5,8.35,8.0,19.6,63.9,1.93,3.57,4.0,0.0,25.4,2.06,34.2,2.25,41.7,3.08,57.2,3.33,61.2,3.48,62.6,3.52,63.6,3.56
HG=F,9.0,6,9.43,9.0,10.8,96.5,0.68,6.29,1.0,0.0,11.2,0.7,12.8,0.86,18.4,1.52,21.8,1.75,59.4,4.02,78.0,5.16,92.8,6.06
HG=F,10.0,1,10.56,19.0,30.2,30.2,3.29,3.29,3.0,0.0,30.2,3.29,30.2,3.29,30.2,3.29,30.2,3.29,30.2,3.29,30.2,3.29,30.2,3.29
HG=F,11.0,4,11.35,8.0,26.0,91.5,1.84,6.73,5.0,0.0,30.6,2.28,37.4,2.93,51.3,3.7,68.9,4.77,82.5,5.95,87.0,6.34,90.6,6.65
HG=F,21.0,1,21.32,16.0,25.2,25.2,2.84,2.84,2.0,0.0,25.2,2.84,25.2,2.84,25.2,2.84,25.2,2.84,25.2,2.84,25.2,2.84,25.2,2.84
HNR1.DE,1.0,323,1.43,2.0,29.5,1307.7,0.54,13.92,2.0,60.7,62.5,0.97,81.8,1.21,110.8,1.67,168.2,2.46,262.2,3.78,335.1,5.15,594.7,9.71
HNR1.DE,2.0,203,2.41,3.0,19.4,395.6,0.57,9.17,2.0,31.5,42.4,1.08,54.1,1.36,76.0,1.89,114.5,2.79,177.3,4.18,211.9,5.23,335.6,7.65
HNR1.DE,3.0,101,3.41,5.0,19.1,260.2,0.72,8.49,2.0,16.8,31.5,1.1,46.5,1.5,60.7,2.15,88.1,2.98,118.7,3.82,148.5,5.41,249.7,7.16
HNR1.DE,4.0,64,4.41,6.0,15.4,161.1,0.61,6.75,3.0,12.5,27.2,1.26,39.9,1.77,57.3,2.38,77.0,3.1,106.3,4.64,133.4,5.44,157.0,6.7
HNR1.DE,5.0,19,5.38,6.0,16.5,208.7,1.03,8.65,2.0,15.8,20.6,1.21,33.0,1.52,39.6,2.03,72.2,3.19,130.0,5.05,144.9,6.55,195.9,8.23
HNR1.DE,6.0,12,6.38,11.5,15.1,94.8,1.03,4.66,1.5,0.0,15.3,1.1,21.4,1.18,26.2,1.74,47.8,2.55,69.6,3.69,81.9,4.13,92.2,4.56
HNR1.DE,7.0,4,7.76,10.5,16.5,48.6,1.2,3.13,2.0,0.0,17.7,1.22,19.5,1.25,23.9,1.59,32.5,2.22,42.2,2.76,45.4,2.94,48.0,3.09
HNR1.DE,8.0,2,8.47,11.0,5.3,22.8,0.4,2.07,3.5,0.0,7.0,0.56,9.7,0.81,14.1,1.23,18.4,1.65,21.1,1.9,21.9,1.98,22.6,2.05
HNR1.DE,9.0,1,9.17,31.0,25.0,25.0,3.05,3.05,3.0,0.0,25.0,3.05,25.0,3.05,25.0,3.05,25.0,3.05,25.0,3.05,25.0,3.05,25.0,3.05
HNR1.DE,10.0,3,10.18,14.0,12.0,33.8,1.33,2.34,2.0,0.0,14.9,1.5,19.3,1.76,26.6,2.19,30.2,2.26,32.4,2.31,33.1,2.32,33.7,2.34
HON,1.0,346,1.49,2.0,23.8,944.0,0.37,10.31,2.0,60.4,60.2,0.93,84.9,1.26,112.7,1.75,182.0,2.57,250.9,3.7,320.4,4.96,508.4,7.65
HON,2.0,234,2.39,3.0,22.6,554.8,0.56,13.99,2.0,33.8,39.6,0.95,52.6,1.33,79.5,1.91,120.0,2.8,168.6,4.3,224.9,5.35,393.2,8.08
HON,3.0,105,3.34,4.0,17.3,270.0,0.68,7.58,2.0,23.8,26.1,0.92,36.0,1.21,58.6,1.95,97.6,3.05,126.0,4.31,147.3,4.69,183.1,6.11
HON,4.0,48,4.35,6.0,18.2,127.7,0.73,4.92,2.0,4.2,25.1,1.11,33.3,1.35,45.7,1.95,60.4,2.69,87.7,3.49,92.7,3.88,116.6,4.56
HON,5.0,17,5.46,8.0,17.9,77.8,0.89,3.97,2.0,0.0,19.3,0.93,24.8,1.22,27.6,1.4,37.6,1.91,69.6,3.12,77.6,3.31,77.8,3.84
HON,6.0,9,6.4,8.0,16.7,35.5,0.96,1.98,2.0,0.0,18.8,0.97,20.2,1.19,25.4,1.54,32.4,1.76,34.8,1.87,35.1,1.93,35.4,1.97
HON,7.0,5,7.72,12.0,14.9,195.2,0.93,10.58,4.0,20.0,19.8,1.24,27.1,1.72,30.0,2.4,93.3,5.94,154.4,8.73,174.8,9.65,191.1,10.39
HON,9.0,1,9.8,10.0,23.6,23.6,1.48,1.48,1.0,0.0,23.6,1.48,23.6,1.48,23.6,1.48,23.6,1.48,23.6,1.48,23.6,1.48,23.6,1.48
HON,10.0,4,10.52,9.5,22.5,42.4,1.63,2.96,3.5,0.0,24.7,1.82,28.0,2.09,34.2,2.31,39.6,2.52,41.3,2.79,41.8,2.88,42.3,2.95
HON,11.0,1,11.57,12.0,19.1,19.1,1.32,1.32,3.0,0.0,19.1,1.32,19.1,1.32,19.1,1.32,19.1,1.32,19.1,1.32,19.1,1.32,19.1,1.32
HSBC,1.0,504,1.46,1.0,28.7,819.2,0.37,13.8,2.0,58.7,53.5,0.83,77.1,1.16,114.0,1.66,172.8,2.53,271.1,3.72,333.3,4.8,540.1,7.89
HSBC,2.0,220,2.35,2.0,17.5,530.4,0.44,10.94,2.0,33.6,32.2,0.82,48.3,1.14,72.4,1.79,120.5,2.75,165.7,3.87,215.9,4.99,369.2,8.21
HSBC,3.0,91,3.44,4.0,12.1,259.6,0.56,9.23,1.0,15.4,22.7,0.8,33.2,1.06,46.1,1.5,67.8,2.38,113.9,3.67,143.3,4.98,179.1,6.13
HSBC,4.0,51,4.43,4.0,9.0,153.4,0.32,6.64,1.0,5.9,17.1,0.7,24.2,0.96,43.2,1.74,64.9,2.67,92.8,4.1,104.8,5.01,149.2,6.54
HSBC,5.0,29,5.67,6.0,15.6,210.7,0.84,10.27,2.0,6.9,17.5,0.95,22.3,1.03,34.2,1.72,41.2,2.45,65.1,3.27,103.4,4.82,185.2,8.94
HSBC,6.0,13,6.57,5.0,15.6,47.1,0.95,3.15,1.0,0.0,18.4,0.98,21.6,1.17,28.0,1.55,38.4,2.34,46.3,2.88,47.0,3.05,47.1,3.13
HSBC,7.0,11,7.29,5.0,13.8,124.2,0.94,7.49,2.0,18.2,22.1,1.23,28.6,1.6,36.1,2.41,67.2,3.8,114.7,6.52,119.5,7.01,123.2,7.39
HSBC,8.0,4,8.08,9.0,19.2,66.8,1.42,4.58,2.5,0.0,22.6,1.56,27.8,1.77,31.0,2.11,40.2,2.89,56.2,3.9,61.5,4.24,65.7,4.51
HSBC,9.0,2,9.33,8.0,54.8,134.4,3.73,9.76,8.0,50.0,62.8,4.34,74.7,5.24,94.6,6.75,114.5,8.26,126.4,9.16,130.4,9.46,133.6,9.7
HSBC,10.0,1,10.24,12.0,12.7,12.7,1.24,1.24,1.0,0.0,12.7,1.24,12.7,1.24,12.7,1.24,12.7,1.24,12.7,1.24,12.7,1.24,12.7,1.24
HSBC,11.0,1,11.31,5.0,18.8,18.8,1.33,1.33,1.0,0.0,18.8,1.33,18.8,1.33,18.8,1.33,18.8,1.33,18.8,1.33,18.8,1.33,18.8,1.33
HSBC,13.0,1,13.03,20.0,11.0,11.0,1.31,1.31,1.0,0.0,11.0,1.31,11.0,1.31,11.0,1.31,11.0,1.31,11.0,1.31,11.0,1.31,11.0,1.31
IBM,1.0,343,1.49,2.0,32.0,754.1,0.48,12.31,2.0,61.2,61.1,0.97,81.3,1.23,118.2,1.72,183.9,2.68,269.0,3.97,341.0,4.85,608.8,8.35
IBM,2.0,209,2.41,3.0,20.6,539.8,0.63,10.96,2.0,35.9,36.2,0.98,52.4,1.36,79.8,1.89,123.2,2.85,177.3,4.06,238.7,5.68,384.1,9.85
IBM,3.0,84,3.48,5.0,18.8,255.3,0.82,7.45,2.0,13.1,26.5,1.06,40.8,1.39,56.2,1.88,78.8,2.81,123.8,3.88,135.3,5.56,235.4,6.43
IBM,4.0,48,4.45,6.0,14.9,200.3,0.67,7.29,2.0,16.7,20.7,0.9,29.1,1.29,41.2,1.96,66.9,2.79,112.6,4.38,138.6,5.42,185.8,7.09
IBM,5.0,15,5.51,8.0,24.5,191.5,1.29,8.86,3.0,20.0,27.3,1.42,32.5,1.6,40.3,1.83,75.5,3.72,130.5,6.86,150.1,7.5,183.2,8.59
IBM,6.0,18,6.38,7.0,15.6,83.3,0.83,5.82,2.0,0.0,18.0,1.0,19.9,1.2,32.3,1.54,46.3,2.45,73.2,3.8,81.6,4.81,83.0,5.61
IBM,7.0,10,7.25,9.0,15.6,71.7,1.01,3.7,2.0,0.0,17.9,1.08,21.1,1.19,26.5,1.83,36.6,2.08,44.0,2.34,57.8,3.02,68.9,3.56
IBM,8.0,2,8.54,7.5,20.5,39.8,1.31,2.43,1.0,0.0,22.4,1.43,25.3,1.59,30.1,1.87,35.0,2.15,37.9,2.32,38.8,2.38,39.6,2.42
IBM,9.0,2,9.46,7.5,11.4,23.5,0.81,1.54,2.5,0.0,12.6,0.88,14.4,0.99,17.4,1.17,20.5,1.36,22.3,1.47,22.9,1.5,23.4,1.53
IBM,10.0,2,10.8,6.0,37.5,75.8,2.42,4.74,5.0,0.0,41.3,2.66,47.1,3.0,56.6,3.58,66.2,4.16,72.0,4.5,73.9,4.62,75.4,4.71
IBM,13.0,1,13.84,9.0,32.3,32.3,2.45,2.45,3.0,0.0,32.3,2.45,32.3,2.45,32.3,2.45,32.3,2.45,32.3,2.45,32.3,2.45,32.3,2.45
IBM,14.0,1,14.36,4.0,60.0,60.0,4.15,4.15,5.0,0.0,60.0,4.15,60.0,4.15,60.0,4.15,60.0,4.15,60.0,4.15,60.0,4.15,60.0,4.15
IBM,15.0,1,15.35,5.0,44.8,44.8,3.64,3.64,9.0,0.0,44.8,3.64,44.8,3.64,44.8,3.64,44.8,3.64,44.8,3.64,44.8,3.64,44.8,3.64
IBN,1.0,408,1.44,1.0,27.3,671.0,0.44,8.63,2.0,63.2,61.0,0.88,81.2,1.25,124.0,1.8,186.8,2.65,298.2,4.12,365.2,4.82,473.4,6.98
IBN,2.0,212,2.42,3.0,22.7,370.9,0.59,8.47,2.0,31.6,38.7,0.94,54.1,1.34,74.1,1.75,115.3,2.83,173.3,4.52,248.3,6.06,318.5,7.29
IBN,3.0,120,3.45,4.0,13.8,255.4,0.39,8.86,2.0,19.2,28.8,0.91,36.6,1.24,51.2,1.8,87.9,2.99,145.0,4.5,174.3,5.03,230.9,8.07
IBN,4.0,49,4.41,5.0,13.8,166.7,0.53,6.72,2.0,8.2,22.3,0.85,27.5,1.18,37.2,1.59,66.4,2.61,85.8,3.59,125.4,4.97,151.2,6.43
IBN,5.0,26,5.54,5.5,17.9,105.7,0.83,4.61,2.0,3.8,20.1,1.08,28.1,1.39,37.9,1.75,62.9,2.66,90.0,3.94,97.8,4.25,103.9,4.54
IBN,6.0,15,6.35,7.0,16.6,158.1,1.05,7.78,2.0,13.3,18.6,1.18,25.8,1.32,29.9,1.66,51.5,2.99,109.4,6.24,136.7,7.68,153.8,7.76
IBN,7.0,10,7.4,5.5,17.1,152.8,1.07,7.92,3.0,10.0,19.8,1.08,35.4,2.02,53.5,2.83,62.6,3.88,95.3,5.35,124.0,6.63,147.0,7.66
IBN,8.0,7,8.32,7.0,21.6,66.9,1.45,4.3,2.0,0.0,22.3,1.49,24.0,1.57,25.7,1.66,30.0,2.2,46.0,3.35,56.5,3.82,64.8,4.21
IBN,9.0,2,9.43,6.5,21.0,43.8,1.57,2.6,2.5,0.0,23.3,1.68,26.7,1.83,32.4,2.08,38.1,2.34,41.5,2.49,42.7,2.55,43.6,2.59
IBN,10.0,1,10.95,11.0,18.6,18.6,1.61,1.61,2.0,0.0,18.6,1.61,18.6,1.61,18.6,1.61,18.6,1.61,18.6,1.61,18.6,1.61,18.6,1.61
IBN,11.0,2,11.52,8.5,7.9,26.1,0.58,1.98,2.0,0.0,9.7,0.72,12.5,0.93,17.0,1.28,21.6,1.63,24.3,1.84,25.2,1.91,25.9,1.96
IBN,12.0,1,12.08,3.0,20.5,20.5,1.45,1.45,1.0,0.0,20.5,1.45,20.5,1.45,20.5,1.45,20.5,1.45,20.5,1.45,20.5,1.45,20.5,1.45
IDXX,1.0,319,1.52,2.0,25.7,878.7,0.48,9.74,2.0,56.7,58.1,0.93,76.7,1.19,109.4,1.63,161.4,2.55,243.2,3.69,315.5,4.42,511.7,6.89
IDXX,2.0,178,2.4,3.0,18.9,580.8,0.58,13.98,2.0,38.8,40.7,1.07,59.5,1.41,80.5,1.96,133.7,3.13,180.4,4.54,223.5,5.69,295.2,7.52
IDXX,3.0,104,3.34,5.0,17.3,274.2,0.53,8.74,3.0,21.2,31.2,1.24,43.8,1.44,60.1,1.98,94.5,2.98,125.9,4.33,161.2,5.51,216.9,7.74
IDXX,4.0,36,4.52,5.0,11.9,232.9,0.72,8.68,2.0,8.3,28.1,1.27,34.6,1.52,49.5,2.19,66.3,2.78,96.6,4.31,141.5,5.64,205.6,7.75
IDXX,5.0,17,5.43,7.0,24.1,258.8,1.37,12.01,3.0,11.8,29.0,1.47,38.6,1.95,55.2,2.47,81.6,3.5,109.7,5.15,166.0,7.4,240.2,11.09
IDXX,6.0,18,6.25,9.0,18.3,159.8,0.92,8.79,2.0,5.6,18.9,0.96,24.3,1.45,35.8,1.98,54.9,2.86,69.4,3.63,90.0,5.25,145.8,8.08
IDXX,7.0,6,7.6,17.0,15.9,47.7,1.08,3.89,1.0,0.0,15.9,1.18,16.2,1.28,18.2,1.3,34.5,3.06,43.6,3.76,45.7,3.83,47.3,3.88
IDXX,8.0,4,8.48,7.0,30.9,68.2,1.8,3.92,8.0,0.0,33.8,1.95,38.2,2.17,51.2,2.99,63.4,3.74,66.3,3.84,67.2,3.88,68.0,3.91
IDXX,9.0,2,9.72,9.5,31.1,70.2,2.44,5.03,3.0,0.0,35.0,2.7,40.9,3.09,50.7,3.74,60.4,4.38,66.3,4.77,68.2,4.9,69.8,5.01
IDXX,10.0,1,10.73,11.0,9.7,9.7,0.77,0.77,2.0,0.0,9.7,0.77,9.7,0.77,9.7,0.77,9.7,0.77,9.7,0.77,9.7,0.77,9.7,0.77
IDXX,11.0,6,11.39,7.0,14.0,90.8,1.09,8.41,4.0,0.0,27.2,1.91,45.8,2.98,66.6,4.24,80.8,5.61,87.4,7.15,89.1,7.78,90.5,8.28
IDXX,16.0,1,16.64,12.0,14.3,14.3,1.01,1.01,8.0,0.0,14.3,1.01,14.3,1.01,14.3,1.01,14.3,1.01,14.3,1.01,14.3,1.01,14.3,1.01
IFX.DE,1.0,319,1.48,2.0,30.6,625.1,0.46,8.37,2.0,62.4,65.1,0.99,85.8,1.31,123.7,1.86,180.8,2.69,267.3,4.14,364.4,5.3,484.8,7.77
IFX.DE,2.0,215,2.43,3.0,16.9,455.7,0.53,10.26,2.0,33.5,37.6,0.97,51.8,1.32,77.6,1.92,122.1,2.87,186.1,4.37,205.4,5.49,263.1,7.49
IFX.DE,3.0,109,3.4,4.0,20.4,234.0,0.83,7.37,3.0,20.2,29.6,1.02,42.3,1.41,66.5,2.08,88.1,2.99,139.0,4.36,152.4,5.39,222.9,7.22
IFX.DE,4.0,49,4.3,6.0,17.6,134.8,0.75,7.61,3.0,14.3,29.7,1.2,40.9,1.6,56.2,2.32,86.4,3.36,106.4,4.4,120.4,4.96,131.4,7.05
IFX.DE,5.0,28,5.58,7.0,13.6,129.8,0.81,6.54,2.0,3.6,22.8,1.19,27.9,1.5,36.5,1.94,64.3,2.96,84.3,4.07,86.6,4.24,118.4,5.92
IFX.DE,6.0,18,6.42,6.5,22.3,137.2,1.14,7.06,2.0,5.6,29.3,1.77,35.6,1.96,42.7,2.51,53.3,3.12,68.9,3.53,81.4,4.2,126.0,6.49
IFX.DE,7.0,5,7.47,10.0,18.7,57.3,1.33,3.35,2.0,0.0,21.0,1.39,24.5,1.48,31.8,2.42,38.1,2.52,49.6,3.02,53.5,3.18,56.5,3.31
IFX.DE,8.0,3,8.24,14.0,23.5,68.2,1.42,6.27,4.0,0.0,26.9,1.67,31.9,2.05,40.4,2.68,54.3,4.48,62.6,5.55,65.4,5.91,67.6,6.2
IFX.DE,9.0,1,9.41,8.0,23.5,23.5,1.64,1.64,2.0,0.0,23.5,1.64,23.5,1.64,23.5,1.64,23.5,1.64,23.5,1.64,23.5,1.64,23.5,1.64
IFX.DE,11.0,1,11.23,6.0,29.7,29.7,2.06,2.06,1.0,0.0,29.7,2.06,29.7,2.06,29.7,2.06,29.7,2.06,29.7,2.06,29.7,2.06,29.7,2.06
ILMN,1.0,292,1.44,2.0,29.5,749.9,0.36,12.33,2.0,61.3,64.9,0.97,82.0,1.26,115.3,1.66,173.8,2.56,267.4,3.9,368.2,5.14,609.2,8.22
ILMN,2.0,191,2.34,3.0,15.4,395.5,0.47,10.64,2.0,35.1,40.7,1.09,56.5,1.35,80.4,1.97,125.0,3.12,176.3,4.12,251.4,5.79,360.7,9.19
ILMN,3.0,95,3.37,4.0,12.9,243.4,0.55,10.26,2.0,21.1,29.5,1.01,41.8,1.42,58.9,1.96,96.2,3.01,145.7,4.38,206.8,6.4,239.4,8.31
ILMN,4.0,48,4.36,6.0,16.8,228.0,0.72,12.98,2.0,8.3,27.7,1.17,33.9,1.4,45.2,1.96,61.5,2.76,97.5,3.97,125.4,4.81,184.5,9.29
ILMN,5.0,28,5.49,7.0,17.0,111.7,0.88,5.13,2.0,7.1,21.9,1.05,29.7,1.37,42.3,1.95,56.6,2.75,65.2,3.31,88.4,4.03,108.6,4.93
ILMN,6.0,10,6.45,7.5,16.2,134.3,0.93,6.82,2.5,20.0,22.4,1.15,26.6,1.38,39.5,2.06,71.5,4.75,114.4,5.58,124.4,6.2,132.3,6.69
ILMN,7.0,4,7.64,10.0,15.1,48.5,1.0,2.89,1.5,0.0,17.7,1.13,21.6,1.31,25.0,1.57,31.8,2.02,41.8,2.54,45.2,2.71,47.8,2.85
ILMN,8.0,3,8.88,12.0,14.8,33.5,0.86,1.94,1.0,0.0,17.6,1.04,21.7,1.31,28.6,1.76,31.1,1.85,32.5,1.9,33.0,1.92,33.4,1.93
ILMN,9.0,3,9.77,5.0,22.7,64.9,1.88,4.12,3.0,0.0,26.1,1.96,31.2,2.08,39.8,2.28,52.4,3.2,59.9,3.75,62.4,3.94,64.4,4.08
ILMN,11.0,4,11.79,7.0,22.0,72.6,1.6,3.48,4.5,0.0,22.5,1.65,23.2,1.73,29.7,2.14,44.9,2.75,61.5,3.19,67.1,3.33,71.5,3.45
ILMN,15.0,1,15.97,14.0,49.4,49.4,4.21,4.21,23.0,0.0,49.4,4.21,49.4,4.21,49.4,4.21,49.4,4.21,49.4,4.21,49.4,4.21,49.4,4.21
ILMN,17.0,1,17.54,6.0,34.7,34.7,2.93,2.93,4.0,0.0,34.7,2.93,34.7,2.93,34.7,2.93,34.7,2.93,34.7,2.93,34.7,2.93,34.7,2.93
ING,1.0,445,1.45,1.0,25.5,1233.3,0.49,16.71,2.0,61.3,55.8,0.88,80.0,1.16,126.4,1.84,200.0,2.79,308.5,4.54,396.6,6.27,643.8,9.25
ING,2.0,214,2.39,3.0,11.2,467.7,0.29,10.86,2.0,32.7,32.2,0.82,46.3,1.13,67.0,1.7,111.7,2.61,167.2,3.85,203.2,4.8,388.2,8.19
ING,3.0,114,3.39,4.0,16.9,399.1,0.61,12.46,2.0,14.9,27.6,0.93,35.2,1.23,55.0,1.87,88.3,2.9,106.8,3.46,127.4,4.16,234.5,7.51
ING,4.0,59,4.44,5.0,11.4,169.2,0.47,8.16,2.0,6.8,18.0,0.71,26.0,1.08,43.1,1.77,57.0,2.39,83.4,3.64,119.3,4.86,164.7,6.91
ING,5.0,32,5.42,6.0,14.3,114.3,0.7,4.77,1.5,3.1,16.0,0.87,21.4,1.04,32.1,1.68,40.6,2.18,66.6,3.53,80.6,4.1,108.0,4.58
ING,6.0,14,6.51,6.0,9.4,72.3,0.56,4.33,1.0,0.0,12.5,0.72,18.5,0.96,21.8,1.23,32.9,1.94,51.1,2.9,62.1,3.66,70.3,4.19
ING,7.0,6,7.32,5.5,22.5,174.6,1.14,10.34,1.5,16.7,23.4,1.26,26.1,1.47,33.7,1.79,38.1,2.1,106.7,6.26,140.6,8.3,167.8,9.93
ING,8.0,3,8.58,10.0,20.0,95.9,1.26,7.5,2.0,0.0,20.1,1.34,20.3,1.46,20.6,1.66,58.2,4.58,80.8,6.33,88.4,6.92,94.4,7.38
ING,9.0,5,9.4,9.0,15.7,28.5,0.99,2.06,2.0,0.0,15.7,1.03,15.8,1.07,15.9,1.36,27.7,1.92,28.2,2.01,28.3,2.04,28.5,2.06
INTC,1.0,337,1.51,2.0,32.4,970.9,0.6,9.73,2.0,64.7,63.3,1.03,85.5,1.3,120.1,1.81,180.6,2.73,261.9,3.81,338.3,4.77,565.8,8.05
INTC,2.0,201,2.4,3.0,21.4,323.0,0.69,8.69,2.0,38.3,40.8,0.99,51.4,1.33,88.4,2.11,126.8,3.05,175.0,4.06,218.6,5.15,291.9,7.21
INTC,3.0,66,3.43,5.0,19.6,326.6,0.69,10.87,2.0,22.7,31.6,1.11,37.2,1.37,49.7,1.73,94.3,2.91,152.6,4.26,181.4,5.94,266.5,9.93
INTC,4.0,47,4.46,6.0,15.4,464.2,0.67,15.3,2.0,17.0,25.9,1.07,31.9,1.52,45.9,2.08,80.7,3.47,110.4,4.82,144.2,5.95,340.5,11.99
INTC,5.0,29,5.43,6.0,19.9,189.3,1.02,8.27,3.0,6.9,26.8,1.35,34.5,1.59,43.0,2.38,69.5,3.54,91.2,4.78,141.4,6.63,183.9,8.15
INTC,6.0,16,6.54,7.5,13.3,54.4,0.73,3.25,1.5,0.0,16.6,0.95,24.3,1.27,37.5,1.86,41.9,2.18,51.2,2.61,52.0,2.83,53.9,3.16
INTC,7.0,5,7.31,8.0,32.2,89.5,1.56,5.91,5.0,0.0,34.1,1.81,37.0,2.17,40.3,2.51,44.4,3.3,71.5,4.87,80.5,5.39,87.7,5.81
INTC,8.0,1,8.44,7.0,83.9,83.9,4.44,4.44,4.0,0.0,83.9,4.44,83.9,4.44,83.9,4.44,83.9,4.44,83.9,4.44,83.9,4.44,83.9,4.44
INTC,9.0,1,9.21,15.0,8.6,8.6,0.6,0.6,1.0,0.0,8.6,0.6,8.6,0.6,8.6,0.6,8.6,0.6,8.6,0.6,8.6,0.6,8.6,0.6
INTC,10.0,2,10.45,9.5,14.2,35.0,1.08,2.32,1.5,0.0,16.3,1.21,19.4,1.39,24.6,1.7,29.8,2.01,32.9,2.19,34.0,2.25,34.8,2.3
INTC,11.0,4,11.56,12.5,21.6,58.4,1.36,3.63,4.0,0.0,22.3,1.52,23.3,1.78,36.8,2.77,51.8,3.62,55.8,3.63,57.1,3.63,58.1,3.63
INTC,12.0,3,12.82,6.0,26.5,43.8,2.08,3.13,2.0,0.0,28.2,2.2,30.8,2.37,35.0,2.66,39.4,2.9,42.0,3.04,42.9,3.09,43.6,3.13
INTC,15.0,1,15.04,18.0,23.0,23.0,1.8,1.8,6.0,0.0,23.0,1.8,23.0,1.8,23.0,1.8,23.0,1.8,23.0,1.8,23.0,1.8,23.0,1.8
INTU,1.0,330,1.48,2.0,22.8,503.3,0.4,9.06,2.0,64.2,64.2,1.01,88.7,1.33,118.1,1.8,171.4,2.55,260.0,3.45,302.0,4.7,431.3,6.28
INTU,2.0,214,2.38,3.0,22.8,542.3,0.62,14.53,2.0,35.5,41.3,1.06,54.7,1.32,78.2,1.85,116.8,2.9,168.4,4.21,238.6,5.39,328.9,7.56
INTU,3.0,93,3.42,4.0,17.2,301.4,0.52,7.56,2.0,24.7,27.4,1.05,37.0,1.27,66.7,2.28,98.3,3.52,165.9,4.99,189.0,5.73,218.0,6.61
INTU,4.0,42,4.49,7.0,14.1,158.0,0.73,7.62,2.0,7.1,21.8,1.01,27.9,1.37,42.3,1.78,59.9,2.67,90.8,3.26,102.6,3.95,140.8,6.58
INTU,5.0,23,5.38,8.0,18.5,99.2,0.94,4.23,3.0,0.0,19.1,1.1,24.4,1.36,40.4,2.06,58.1,3.18,72.9,3.44,76.0,3.94,94.1,4.18
INTU,6.0,8,6.39,12.0,11.1,82.1,1.18,4.33,2.0,0.0,25.9,1.77,33.8,2.13,42.0,2.37,68.2,3.66,75.7,3.96,78.9,4.15,81.5,4.29
INTU,7.0,11,7.56,11.0,11.4,83.0,0.54,5.0,2.0,0.0,13.0,0.71,21.6,1.71,32.4,2.04,48.7,2.85,72.3,4.38,77.7,4.69,81.9,4.94
INTU,8.0,4,8.46,8.5,28.8,73.1,1.35,5.03,2.0,0.0,30.3,1.61,32.5,2.01,47.0,2.9,63.4,3.93,69.2,4.59,71.1,4.81,72.7,4.98
INTU,9.0,4,9.66,8.5,16.9,73.7,1.17,4.8,4.0,0.0,20.1,1.46,25.0,1.88,33.0,2.27,47.1,3.01,63.1,4.08,68.4,4.44,72.6,4.73
INTU,14.0,1,14.71,4.0,30.1,30.1,2.27,2.27,1.0,0.0,30.1,2.27,30.1,2.27,30.1,2.27,30.1,2.27,30.1,2.27,30.1,2.27,30.1,2.27
ISRG,1.0,327,1.45,2.0,25.1,816.9,0.48,10.7,2.0,59.9,62.8,0.97,82.8,1.22,121.0,1.68,178.3,2.66,263.2,4.1,343.7,5.41,566.4,8.15
ISRG,2.0,209,2.42,3.0,23.7,352.9,0.62,10.48,2.0,29.2,37.6,1.0,51.6,1.33,75.2,1.86,114.6,2.74,156.3,3.79,198.2,4.93,301.9,7.28
ISRG,3.0,79,3.34,4.0,11.0,181.8,0.6,6.18,2.0,17.7,28.8,1.07,42.5,1.39,59.1,1.92,85.3,2.65,117.9,3.79,135.9,4.51,175.5,5.48
ISRG,4.0,43,4.3,6.0,12.8,293.1,0.59,10.12,2.0,9.3,29.3,1.26,36.9,1.47,45.4,1.87,58.5,2.77,84.3,3.98,126.7,4.91,229.3,8.26
ISRG,5.0,22,5.46,7.0,11.2,157.0,0.84,9.83,3.0,9.1,21.4,1.12,29.3,1.47,38.9,1.85,61.2,2.91,94.9,4.99,153.5,7.5,156.9,9.37
ISRG,6.0,11,6.31,6.0,18.4,85.2,0.92,3.67,2.0,0.0,18.5,1.26,31.9,1.54,49.5,2.44,60.7,3.16,71.7,3.5,78.5,3.58,83.9,3.65
ISRG,7.0,11,7.45,10.0,15.5,66.7,1.08,4.33,2.0,0.0,18.2,1.47,27.5,1.6,45.1,2.38,51.0,3.03,61.4,3.37,64.0,3.85,66.2,4.24
ISRG,8.0,5,8.19,5.0,26.8,94.2,2.05,6.15,6.0,0.0,28.9,2.12,32.0,2.23,56.0,3.27,60.6,4.04,80.8,5.31,87.5,5.73,92.9,6.07
ISRG,9.0,4,9.41,7.5,22.3,56.5,1.25,2.96,1.0,0.0,22.5,1.33,22.8,1.45,26.8,1.7,37.0,2.16,48.7,2.64,52.6,2.8,55.7,2.93
ISRG,10.0,1,10.11,13.0,12.6,12.6,0.83,0.83,1.0,0.0,12.6,0.83,12.6,0.83,12.6,0.83,12.6,0.83,12.6,0.83,12.6,0.83,12.6,0.83
ISRG,11.0,3,11.57,7.0,14.6,41.6,1.16,3.04,6.0,0.0,19.2,1.45,26.1,1.88,37.5,2.6,39.5,2.82,40.8,2.95,41.2,2.99,41.5,3.03
ISRG,12.0,1,12.39,5.0,83.1,83.1,6.34,6.34,4.0,0.0,83.1,6.34,83.1,6.34,83.1,6.34,83.1,6.34,83.1,6.34,83.1,6.34,83.1,6.34
ISRG,14.0,1,14.06,21.0,27.3,27.3,3.21,3.21,4.0,0.0,27.3,3.21,27.3,3.21,27.3,3.21,27.3,3.21,27.3,3.21,27.3,3.21,27.3,3.21
ISRG,17.0,1,17.36,14.0,8.4,8.4,0.76,0.76,1.0,0.0,8.4,0.76,8.4,0.76,8.4,0.76,8.4,0.76,8.4,0.76,8.4,0.76,8.4,0.76
ISRG,21.0,1,21.67,4.0,28.5,28.5,2.68,2.68,2.0,0.0,28.5,2.68,28.5,2.68,28.5,2.68,28.5,2.68,28.5,2.68,28.5,2.68,28.5,2.68
JNJ,1.0,364,1.47,2.0,30.5,788.9,0.59,11.41,2.0,57.7,61.4,1.03,82.5,1.24,110.1,1.67,173.1,2.41,261.2,3.62,351.1,4.51,669.6,8.7
JNJ,2.0,211,2.38,3.0,23.9,786.9,0.55,15.15,2.0,33.2,39.4,1.07,56.5,1.38,77.6,1.88,112.4,2.78,168.0,4.05,210.4,4.65,347.0,8.64
JNJ,3.0,68,3.42,5.0,19.7,147.5,0.74,5.98,2.0,7.4,26.3,1.06,38.1,1.29,53.6,1.77,79.4,2.57,92.2,3.07,116.3,3.55,145.2,4.76
JNJ,4.0,45,4.45,6.0,15.4,204.3,0.74,6.91,2.0,13.3,25.9,1.07,30.0,1.33,49.0,1.82,77.9,3.37,113.2,4.42,130.3,4.89,180.1,6.51
JNJ,5.0,23,5.32,8.0,10.9,103.6,0.75,4.75,2.0,4.3,18.3,0.91,22.8,1.4,33.1,1.54,59.0,2.7,70.1,3.67,82.2,4.13,99.2,4.62
JNJ,6.0,16,6.55,7.0,13.6,273.6,0.84,16.33,2.0,6.2,18.1,1.03,22.9,1.29,30.1,1.6,38.9,1.93,42.5,2.4,100.6,5.94,239.0,14.25
JNJ,7.0,5,7.13,12.0,16.9,63.2,1.6,3.44,2.0,0.0,19.2,1.68,22.6,1.81,40.0,2.24,42.6,2.55,55.0,3.08,59.1,3.26,62.4,3.4
JNJ,8.0,3,8.31,4.0,15.2,44.7,0.91,2.58,1.0,0.0,17.1,1.03,19.9,1.21,24.7,1.51,34.7,2.04,40.7,2.37,42.7,2.47,44.3,2.56
JNJ,9.0,2,9.45,14.0,8.5,13.5,0.76,0.99,1.0,0.0,9.0,0.78,9.8,0.82,11.0,0.88,12.2,0.93,13.0,0.97,13.2,0.98,13.4,0.99
JNJ,13.0,1,13.65,12.0,23.8,23.8,1.59,1.59,2.0,0.0,23.8,1.59,23.8,1.59,23.8,1.59,23.8,1.59,23.8,1.59,23.8,1.59,23.8,1.59
JPM,1.0,384,1.48,2.0,34.9,770.4,0.57,11.92,2.0,60.4,58.6,0.91,79.9,1.19,116.0,1.7,167.6,2.62,270.4,3.98,353.6,5.03,513.0,7.55
JPM,2.0,215,2.39,3.0,19.2,798.7,0.54,19.73,2.0,33.5,44.3,1.09,56.0,1.4,78.6,1.9,118.1,2.77,166.2,3.98,199.1,4.9,305.6,7.97
JPM,3.0,94,3.49,4.0,18.9,291.1,0.82,7.39,2.0,11.7,29.0,1.01,35.6,1.23,51.0,1.8,72.2,2.5,113.9,3.62,150.7,4.82,228.7,6.26
JPM,4.0,54,4.36,6.0,19.0,236.4,0.85,10.41,2.0,16.7,25.0,1.08,31.7,1.35,42.4,2.0,59.7,2.44,105.2,4.29,125.3,5.81,196.3,8.66
JPM,5.0,23,5.35,8.0,12.6,145.9,0.61,6.62,2.0,4.3,18.2,0.95,25.1,1.22,30.3,1.4,51.8,2.77,70.4,3.15,74.0,3.75,130.1,6.01
JPM,6.0,10,6.47,6.5,9.0,52.0,0.92,2.88,1.0,0.0,16.3,1.04,21.8,1.11,28.8,1.58,42.9,2.08,51.2,2.82,51.6,2.85,51.9,2.87
JPM,7.0,5,7.39,8.0,20.2,36.2,1.29,2.08,2.0,0.0,22.3,1.39,25.5,1.55,29.1,1.68,30.3,2.08,33.8,2.08,35.0,2.08,36.0,2.08
JPM,8.0,2,8.63,11.0,23.3,26.9,1.4,1.73,2.5,0.0,23.7,1.44,24.2,1.49,25.1,1.57,26.0,1.65,26.5,1.7,26.7,1.72,26.9,1.73
JPM,9.0,1,9.82,15.0,17.0,17.0,0.89,0.89,1.0,0.0,17.0,0.89,17.0,0.89,17.0,0.89,17.0,0.89,17.0,0.89,17.0,0.89,17.0,0.89
JPM,10.0,1,10.38,17.0,22.3,22.3,1.65,1.65,1.0,0.0,22.3,1.65,22.3,1.65,22.3,1.65,22.3,1.65,22.3,1.65,22.3,1.65,22.3,1.65
JPM,15.0,1,15.03,6.0,27.8,27.8,2.1,2.1,2.0,0.0,27.8,2.1,27.8,2.1,27.8,2.1,27.8,2.1,27.8,2.1,27.8,2.1,27.8,2.1
KDP,1.0,319,1.5,2.0,34.4,1111.3,0.6,14.21,2.0,61.8,60.6,0.98,81.6,1.27,112.7,1.73,164.4,2.51,259.0,3.71,318.9,5.07,504.8,6.39
KDP,2.0,198,2.45,3.0,22.2,547.7,0.54,13.64,2.0,34.3,40.1,1.03,57.6,1.44,78.7,1.9,112.4,2.77,154.7,3.95,205.5,4.69,418.8,10.79
KDP,3.0,79,3.52,5.0,17.0,283.7,0.71,10.41,2.0,22.8,34.3,1.12,42.0,1.5,58.8,2.09,96.7,3.16,143.0,4.65,173.9,5.23,243.0,9.48
KDP,4.0,42,4.41,6.0,16.0,189.8,0.68,7.99,2.0,14.3,24.2,0.89,38.1,1.54,56.9,2.17,81.8,3.36,114.7,4.71,141.8,5.32,171.8,7.15
KDP,5.0,22,5.35,7.0,18.7,135.9,1.04,5.42,2.0,4.5,22.1,1.1,29.8,1.34,37.5,1.72,48.6,2.44,69.0,3.24,75.2,3.71,123.2,5.07
KDP,6.0,12,6.48,7.5,20.8,98.3,1.18,5.48,4.0,0.0,27.0,1.25,30.6,1.52,38.0,1.94,90.4,4.35,96.0,5.19,97.2,5.35,98.1,5.46
KDP,7.0,3,7.15,11.0,12.4,29.5,0.6,2.05,2.0,0.0,12.8,0.69,13.4,0.82,14.3,1.03,21.9,1.54,26.5,1.85,28.0,1.95,29.2,2.03
KDP,8.0,5,8.49,10.0,13.2,61.7,1.1,4.43,2.0,0.0,15.2,1.21,18.3,1.36,24.8,1.74,30.2,2.11,49.1,3.5,55.4,3.97,60.4,4.34
KDP,12.0,1,12.56,3.0,75.4,75.4,5.27,5.27,1.0,0.0,75.4,5.27,75.4,5.27,75.4,5.27,75.4,5.27,75.4,5.27,75.4,5.27,75.4,5.27
KDP,14.0,1,14.08,17.0,11.3,11.3,1.22,1.22,1.0,0.0,11.3,1.22,11.3,1.22,11.3,1.22,11.3,1.22,11.3,1.22,11.3,1.22,11.3,1.22
KDP,23.0,1,23.1,3.0,25.6,25.6,2.17,2.17,1.0,0.0,25.6,2.17,25.6,2.17,25.6,2.17,25.6,2.17,25.6,2.17,25.6,2.17,25.6,2.17
KDP,30.0,1,33.32,1.0,31.2,31.2,3.17,3.17,1.0,0.0,31.2,3.17,31.2,3.17,31.2,3.17,31.2,3.17,31.2,3.17,31.2,3.17,31.2,3.17
KHC,1.0,191,1.53,2.0,34.6,597.5,0.66,11.2,2.0,67.5,62.3,0.97,88.3,1.42,123.3,1.96,215.3,3.07,303.9,4.62,358.4,5.15,474.3,8.21
KHC,2.0,109,2.3,3.0,23.4,951.4,0.68,21.14,2.0,31.2,41.7,1.02,54.0,1.3,74.5,1.79,124.3,2.95,194.9,4.67,260.2,6.22,347.5,6.87
KHC,3.0,40,3.33,4.5,14.8,387.1,0.7,10.97,2.0,22.5,31.4,1.01,39.8,1.34,57.1,1.89,92.5,3.12,148.5,4.93,159.8,5.41,305.1,8.87
KHC,4.0,25,4.26,6.0,26.2,211.8,1.02,8.01,3.0,8.0,29.4,1.13,33.9,1.46,50.5,1.74,67.6,2.47,95.0,3.92,127.9,4.99,193.4,7.34
KHC,5.0,12,5.65,6.5,15.2,113.8,0.65,5.22,1.0,8.3,29.7,1.28,31.8,1.52,36.1,1.84,59.1,2.54,89.1,4.09,101.4,4.64,111.3,5.1
KHC,6.0,6,6.3,8.5,29.1,81.8,1.67,4.34,4.5,0.0,33.5,1.78,38.5,1.95,50.2,2.83,64.0,4.01,73.6,4.27,77.7,4.3,81.0,4.33
KHC,7.0,3,7.32,14.0,42.3,50.6,3.03,3.79,6.0,0.0,42.5,3.17,42.8,3.39,43.2,3.75,46.9,3.77,49.1,3.78,49.9,3.79,50.5,3.79
KHC,8.0,1,8.17,6.0,37.8,37.8,2.32,2.32,1.0,0.0,37.8,2.32,37.8,2.32,37.8,2.32,37.8,2.32,37.8,2.32,37.8,2.32,37.8,2.32
KHC,9.0,1,9.9,1.0,65.1,65.1,4.04,4.04,5.0,0.0,65.1,4.04,65.1,4.04,65.1,4.04,65.1,4.04,65.1,4.04,65.1,4.04,65.1,4.04
KHC,10.0,1,10.11,3.0,18.8,18.8,1.19,1.19,1.0,0.0,18.8,1.19,18.8,1.19,18.8,1.19,18.8,1.19,18.8,1.19,18.8,1.19,18.8,1.19
KLAC,1.0,335,1.45,1.0,23.7,489.6,0.53,7.11,2.0,63.0,59.8,0.92,82.0,1.23,113.4,1.7,167.8,2.49,254.0,3.39,338.7,4.33,446.6,6.44
KLAC,2.0,222,2.43,3.0,18.8,463.6,0.52,11.25,2.0,35.1,39.2,1.03,54.3,1.37,79.5,1.92,119.3,2.87,157.7,3.88,197.3,4.95,307.6,7.38
KLAC,3.0,100,3.4,5.0,18.1,227.6,0.75,7.34,2.0,20.0,34.6,1.16,40.5,1.46,64.8,2.12,93.8,3.12,144.6,4.86,157.9,5.78,194.1,6.2
KLAC,4.0,47,4.4,6.0,18.5,184.5,0.75,6.21,2.0,6.4,24.0,1.24,34.2,1.51,45.6,1.92,60.5,2.59,89.3,4.11,130.9,5.41,180.4,6.1
KLAC,5.0,22,5.34,9.0,14.2,70.2,0.98,3.48,2.0,0.0,22.1,1.09,24.2,1.34,36.2,1.68,47.3,2.42,56.9,3.02,66.8,3.1,69.6,3.4
KLAC,6.0,14,6.26,6.5,17.6,78.5,0.96,3.88,2.0,0.0,19.1,1.06,21.6,1.24,36.5,2.33,65.4,3.18,73.5,3.57,76.3,3.75,78.1,3.86
KLAC,7.0,6,7.46,12.0,13.0,94.9,1.34,5.81,1.5,0.0,16.8,1.35,21.0,1.36,23.8,1.53,36.6,1.88,67.7,3.87,81.3,4.84,92.2,5.61
KLAC,8.0,5,8.31,7.0,17.1,63.6,1.18,3.85,2.0,0.0,23.9,1.51,34.2,2.01,37.2,2.6,39.4,2.67,53.9,3.38,58.8,3.61,62.6,3.8
KLAC,10.0,1,10.73,18.0,11.3,11.3,1.03,1.03,1.0,0.0,11.3,1.03,11.3,1.03,11.3,1.03,11.3,1.03,11.3,1.03,11.3,1.03,11.3,1.03
KLAC,12.0,1,12.59,5.0,24.0,24.0,1.79,1.79,1.0,0.0,24.0,1.79,24.0,1.79,24.0,1.79,24.0,1.79,24.0,1.79,24.0,1.79,24.0,1.79
KO,1.0,352,1.49,2.0,33.1,872.0,0.63,14.78,2.0,58.8,61.9,0.95,81.4,1.25,112.7,1.67,171.9,2.38,224.3,3.47,308.2,4.56,498.7,7.84
KO,2.0,203,2.37,3.0,25.1,439.6,0.68,11.25,2.0,29.6,41.4,1.09,57.5,1.36,78.3,1.92,112.0,2.58,159.4,3.85,199.3,4.69,327.7,7.08
KO,3.0,100,3.35,5.0,17.6,286.7,0.63,7.2,2.0,17.0,30.6,1.05,40.2,1.3,54.0,1.84,80.2,2.73,123.3,3.82,157.9,4.87,187.5,6.55
KO,4.0,43,4.41,6.0,17.0,143.2,0.7,5.59,2.0,9.3,26.0,1.19,32.4,1.39,42.7,1.68,53.5,2.44,81.3,3.0,104.2,5.03,141.5,5.41
KO,5.0,31,5.39,7.0,16.2,187.2,0.77,8.72,2.0,6.5,23.1,1.13,25.9,1.45,35.8,1.9,58.3,2.72,66.3,3.1,96.5,4.72,166.9,7.71
KO,6.0,7,6.64,9.0,21.6,165.9,1.27,8.08,3.0,14.3,23.1,1.4,25.4,1.62,35.3,1.79,38.8,2.05,91.7,4.56,128.8,6.32,158.5,7.73
KO,7.0,7,7.1,10.0,21.0,187.7,1.27,11.79,3.0,14.3,27.6,1.75,37.6,2.17,55.7,2.82,69.0,3.79,123.7,7.23,155.7,9.51,181.3,11.34
KO,8.0,1,8.48,11.0,72.5,72.5,4.57,4.57,15.0,0.0,72.5,4.57,72.5,4.57,72.5,4.57,72.5,4.57,72.5,4.57,72.5,4.57,72.5,4.57
KO,9.0,1,9.16,13.0,33.9,33.9,2.45,2.45,2.0,0.0,33.9,2.45,33.9,2.45,33.9,2.45,33.9,2.45,33.9,2.45,33.9,2.45,33.9,2.45
LIN,1.0,369,1.49,2.0,29.3,531.8,0.44,8.77,2.0,52.6,61.5,0.97,77.4,1.2,105.0,1.63,162.9,2.45,255.0,3.46,322.0,4.49,423.1,6.86
LIN,2.0,225,2.38,3.0,19.4,527.5,0.63,13.53,2.0,29.3,38.2,1.01,51.7,1.28,70.2,1.75,115.2,2.66,159.0,3.69,209.4,5.02,350.4,7.72
LIN,3.0,98,3.42,4.0,17.6,344.2,0.64,9.76,3.0,23.5,27.1,0.91,39.2,1.3,60.2,2.05,94.0,3.15,125.5,4.24,171.4,5.61,339.6,9.74
LIN,4.0,47,4.28,6.0,11.5,158.9,0.52,5.21,2.0,6.4,27.0,1.07,32.0,1.32,47.0,1.9,69.0,2.99,86.5,3.55,102.9,4.48,138.3,5.15
LIN,5.0,22,5.32,7.5,18.3,90.3,0.65,4.92,2.0,0.0,19.5,0.87,23.8,1.18,40.1,1.87,60.5,3.25,83.4,4.32,87.7,4.61,89.8,4.86
LIN,6.0,10,6.44,8.5,11.9,93.8,0.83,5.59,3.5,0.0,18.1,0.95,33.6,1.68,43.0,2.59,65.8,3.21,81.6,5.01,87.7,5.3,92.6,5.53
LIN,7.0,3,7.6,12.0,12.9,80.2,1.01,4.53,1.0,0.0,16.0,1.17,20.8,1.41,28.6,1.82,54.4,3.17,69.9,3.99,75.0,4.26,79.2,4.48
LIN,8.0,1,8.94,22.0,61.6,61.6,5.41,5.41,2.0,0.0,61.6,5.41,61.6,5.41,61.6,5.41,61.6,5.41,61.6,5.41,61.6,5.41,61.6,5.41
LIN,9.0,1,9.4,9.0,43.3,43.3,3.11,3.11,20.0,0.0,43.3,3.11,43.3,3.11,43.3,3.11,43.3,3.11,43.3,3.11,43.3,3.11,43.3,3.11
LIN,10.0,1,10.51,7.0,37.7,37.7,2.65,2.65,8.0,0.0,37.7,2.65,37.7,2.65,37.7,2.65,37.7,2.65,37.7,2.65,37.7,2.65,37.7,2.65
LLY,1.0,338,1.46,2.0,34.6,789.6,0.59,9.37,2.0,60.7,62.6,1.0,82.4,1.26,117.5,1.72,169.4,2.46,242.0,3.56,317.0,4.54,493.8,7.35
LLY,2.0,200,2.39,3.0,26.5,461.0,0.77,10.35,2.0,29.0,40.0,1.06,53.3,1.3,77.0,1.84,105.7,2.64,162.2,3.76,202.9,4.72,291.2,7.84
LLY,3.0,93,3.47,4.0,20.3,472.4,0.69,13.47,2.0,18.3,35.0,1.21,42.8,1.54,61.0,2.11,89.7,2.89,130.9,4.44,156.4,4.8,228.0,10.59
LLY,4.0,45,4.37,5.0,17.4,246.9,0.67,10.52,3.0,22.2,26.6,1.11,40.4,1.59,64.1,2.56,89.9,3.39,129.2,5.78,150.0,6.45,213.1,8.77
LLY,5.0,19,5.38,7.0,12.2,229.3,0.54,9.6,3.0,10.5,19.5,1.08,22.1,1.25,36.5,1.91,57.0,3.43,84.3,4.31,114.5,6.2,206.3,8.92
LLY,6.0,8,6.37,6.0,14.0,134.1,0.95,6.7,2.0,12.5,19.7,1.01,29.0,1.5,36.7,1.9,45.8,2.53,77.3,4.06,105.7,5.38,128.4,6.44
LLY,7.0,10,7.37,8.5,16.4,81.0,1.12,5.4,2.0,0.0,17.9,1.75,30.6,1.89,40.5,2.5,58.2,3.45,66.0,4.23,73.5,4.82,79.5,5.29
LLY,8.0,5,8.33,7.0,13.8,48.0,0.85,2.88,3.0,0.0,20.2,1.22,29.8,1.76,34.8,2.28,46.6,2.72,47.4,2.81,47.7,2.84,47.9,2.87
LLY,9.0,2,9.47,9.5,15.9,47.5,0.97,3.39,3.5,0.0,19.1,1.21,23.8,1.57,31.7,2.18,39.6,2.78,44.3,3.15,45.9,3.27,47.2,3.36
LLY,10.0,3,10.34,16.0,20.7,48.1,1.79,2.91,2.0,0.0,21.6,1.93,22.9,2.15,25.1,2.51,36.6,2.71,43.5,2.83,45.8,2.87,47.6,2.9
LLY,11.0,2,11.4,15.5,19.6,31.5,1.18,2.71,3.5,0.0,20.8,1.33,22.6,1.56,25.6,1.94,28.5,2.33,30.3,2.56,30.9,2.63,31.4,2.69
LLY,12.0,2,12.28,23.0,19.2,32.6,1.97,2.82,4.0,0.0,20.5,2.05,22.6,2.18,25.9,2.39,29.2,2.6,31.3,2.73,31.9,2.77,32.5,2.81
LLY,14.0,2,14.51,9.5,15.2,17.7,1.14,1.27,1.5,0.0,15.4,1.15,15.8,1.17,16.4,1.21,17.1,1.24,17.4,1.26,17.6,1.27,17.7,1.27
LMT,1.0,327,1.47,2.0,41.5,804.6,0.61,9.94,2.0,63.9,62.3,0.96,86.8,1.33,125.6,1.81,175.2,2.69,247.2,3.69,331.0,4.79,527.6,7.33
LMT,2.0,204,2.43,3.0,21.1,476.9,0.49,14.22,2.0,30.9,38.6,0.97,51.4,1.25,72.5,1.79,104.5,2.56,167.5,4.02,231.0,5.77,365.9,8.31
LMT,3.0,93,3.41,5.0,16.3,390.1,0.64,11.7,2.0,16.1,28.0,1.07,41.0,1.42,62.9,2.14,85.8,2.77,143.5,4.56,203.0,6.78,278.9,8.4
LMT,4.0,51,4.41,6.0,18.5,276.8,0.87,8.87,2.0,11.8,24.8,1.1,31.7,1.32,51.3,2.24,69.3,3.02,100.0,3.94,124.1,5.46,235.9,8.11
LMT,5.0,16,5.55,10.0,14.5,158.9,1.05,10.43,3.0,6.2,20.6,1.25,26.6,1.65,49.0,2.41,60.9,3.51,69.4,3.92,94.5,5.8,146.0,9.5
LMT,6.0,17,6.41,7.0,13.1,80.2,0.66,3.84,1.0,0.0,17.1,1.0,21.9,1.48,32.1,1.93,39.8,2.25,67.0,3.39,71.0,3.82,78.4,3.84
LMT,7.0,4,7.46,9.0,22.4,43.4,1.12,2.8,2.0,0.0,23.1,1.23,24.1,1.4,29.8,1.86,37.0,2.37,40.9,2.63,42.1,2.72,43.1,2.79
LMT,8.0,4,8.42,4.5,21.8,103.8,1.31,5.79,2.0,25.0,22.9,1.38,24.7,1.5,46.4,2.84,76.3,4.54,92.8,5.29,98.3,5.54,102.7,5.74
LMT,9.0,3,9.32,14.0,19.0,38.2,1.21,2.49,1.0,0.0,19.4,1.33,19.9,1.51,20.8,1.82,29.5,2.15,34.7,2.35,36.5,2.42,37.9,2.47
LMT,10.0,1,10.2,13.0,37.8,37.8,2.42,2.42,5.0,0.0,37.8,2.42,37.8,2.42,37.8,2.42,37.8,2.42,37.8,2.42,37.8,2.42,37.8,2.42
LMT,11.0,1,11.71,16.0,41.1,41.1,3.32,3.32,2.0,0.0,41.1,3.32,41.1,3.32,41.1,3.32,41.1,3.32,41.1,3.32,41.1,3.32,41.1,3.32
LMT,12.0,1,12.59,18.0,32.6,32.6,2.87,2.87,4.0,0.0,32.6,2.87,32.6,2.87,32.6,2.87,32.6,2.87,32.6,2.87,32.6,2.87,32.6,2.87
LMT,16.0,1,16.45,11.0,28.8,28.8,2.02,2.02,2.0,0.0,28.8,2.02,28.8,2.02,28.8,2.02,28.8,2.02,28.8,2.02,28.8,2.02,28.8,2.02
LOW,1.0,343,1.51,2.0,28.3,881.8,0.56,12.36,2.0,65.6,67.2,1.03,88.4,1.29,121.4,1.86,181.0,2.85,284.3,4.06,348.5,5.15,527.8,6.42
LOW,2.0,195,2.38,3.0,24.8,523.8,0.54,12.65,2.0,34.9,41.8,1.07,57.0,1.44,79.1,1.9,113.2,2.77,164.0,3.73,201.7,4.58,380.9,7.49
LOW,3.0,118,3.48,4.0,20.2,245.5,0.77,7.81,2.0,9.3,30.7,1.0,39.5,1.34,54.5,1.92,75.7,2.56,99.1,3.34,114.5,3.94,188.7,5.92
LOW,4.0,45,4.47,6.0,16.4,182.3,0.68,8.43,3.0,15.6,22.8,1.08,33.8,1.44,56.1,2.35,79.7,3.09,112.7,4.86,168.1,6.21,179.7,7.87
LOW,5.0,17,5.55,9.0,15.9,144.6,0.97,7.32,1.0,5.9,26.9,1.41,30.9,1.67,35.7,1.97,43.2,2.36,54.7,2.6,73.9,3.63,130.5,6.58
LOW,6.0,10,6.69,7.0,15.9,157.4,0.81,8.37,1.5,10.0,16.9,0.84,20.7,1.11,25.7,1.35,36.5,1.68,55.2,2.72,106.3,5.54,147.2,7.8
LOW,7.0,4,7.55,10.5,25.0,37.9,1.5,2.57,3.5,0.0,25.5,1.55,26.3,1.61,28.4,1.81,32.0,2.13,35.5,2.39,36.7,2.48,37.7,2.55
LOW,8.0,3,8.17,13.0,9.4,30.2,0.68,1.86,2.0,0.0,10.6,0.81,12.3,1.0,15.2,1.32,22.7,1.59,27.2,1.75,28.7,1.8,29.9,1.85
LOW,9.0,5,9.7,11.0,16.5,49.1,0.9,2.35,1.0,0.0,16.8,1.02,17.2,1.19,27.7,1.65,29.3,1.99,41.2,2.21,45.1,2.28,48.3,2.34
LOW,10.0,1,10.1,13.0,28.8,28.8,2.15,2.15,1.0,0.0,28.8,2.15,28.8,2.15,28.8,2.15,28.8,2.15,28.8,2.15,28.8,2.15,28.8,2.15
LOW,11.0,1,11.57,9.0,16.0,16.0,1.01,1.01,1.0,0.0,16.0,1.01,16.0,1.01,16.0,1.01,16.0,1.01,16.0,1.01,16.0,1.01,16.0,1.01
LRCX,1.0,365,1.47,2.0,35.7,582.9,0.62,7.67,2.0,64.7,65.1,0.96,85.9,1.24,122.7,1.73,178.7,2.66,256.2,3.74,296.5,4.57,486.8,6.59
LRCX,2.0,204,2.44,3.0,26.8,255.7,0.66,6.85,2.0,29.9,45.5,1.09,58.3,1.41,77.1,1.8,108.2,2.65,156.7,3.66,189.4,4.52,250.6,6.67
LRCX,3.0,91,3.39,4.0,15.6,212.9,0.61,6.44,2.0,18.7,26.9,1.06,40.4,1.45,61.4,2.02,86.0,2.97,120.6,4.01,136.2,5.04,203.3,6.43
LRCX,4.0,52,4.49,6.0,18.9,229.3,0.78,8.48,2.0,11.5,28.5,1.12,33.6,1.4,43.2,1.9,60.8,2.49,102.3,4.28,130.9,5.83,185.4,7.28
LRCX,5.0,30,5.49,7.0,12.1,93.3,0.66,4.11,2.0,0.0,17.9,0.92,23.5,1.12,34.3,1.94,46.2,2.27,52.7,2.62,68.8,3.33,88.4,4.03
LRCX,6.0,11,6.39,10.0,13.9,178.2,0.9,8.43,2.0,9.1,15.7,1.08,22.4,1.57,31.7,2.3,46.8,2.93,88.4,4.97,133.3,6.7,169.2,8.09
LRCX,7.0,9,7.4,10.0,15.1,79.1,0.98,6.23,2.0,0.0,15.3,1.09,20.7,1.24,26.0,1.73,52.3,2.91,72.4,4.89,75.7,5.56,78.4,6.09
LRCX,8.0,4,8.22,10.0,32.3,84.9,2.09,5.95,9.0,0.0,41.5,2.64,55.2,3.46,68.3,4.08,76.5,4.67,81.5,5.44,83.2,5.69,84.6,5.9
LRCX,9.0,1,9.36,4.0,30.3,30.3,1.89,1.89,2.0,0.0,30.3,1.89,30.3,1.89,30.3,1.89,30.3,1.89,30.3,1.89,30.3,1.89,30.3,1.89
LRCX,12.0,1,12.67,9.0,15.0,15.0,1.17,1.17,1.0,0.0,15.0,1.17,15.0,1.17,15.0,1.17,15.0,1.17,15.0,1.17,15.0,1.17,15.0,1.17
LULU,1.0,318,1.44,2.0,33.8,847.6,0.58,12.54,2.0,64.5,61.6,1.01,85.6,1.25,121.8,1.85,200.7,2.84,275.2,4.01,350.6,5.0,559.4,8.02
LULU,2.0,196,2.38,3.0,11.6,503.3,0.3,13.43,2.0,28.6,39.9,1.04,53.0,1.29,76.5,1.88,109.2,2.79,187.8,4.49,244.4,5.84,418.5,10.35
LULU,3.0,90,3.44,4.0,15.4,401.8,0.65,12.19,2.0,18.9,29.2,1.16,43.6,1.49,62.0,2.07,92.3,2.93,133.9,4.23,196.1,7.27,367.7,11.34
LULU,4.0,43,4.41,6.0,18.6,131.7,0.85,6.38,2.0,9.3,23.9,1.03,31.8,1.27,43.1,1.93,74.7,2.82,97.0,4.07,111.7,4.52,124.5,6.08
LULU,5.0,15,5.45,7.0,20.2,127.0,1.22,6.29,2.0,6.7,23.8,1.32,33.7,1.6,48.0,2.08,55.0,2.59,65.5,2.74,84.0,3.82,118.4,5.8
LULU,6.0,12,6.25,9.5,16.1,85.1,0.96,4.13,2.0,0.0,17.9,0.99,22.2,1.4,33.5,1.74,35.5,2.03,46.9,2.25,64.6,3.1,81.0,3.93
LULU,7.0,11,7.28,5.0,20.0,91.8,1.04,5.02,2.0,0.0,20.5,1.35,24.8,1.44,33.8,2.06,57.6,2.96,61.5,3.1,76.7,4.06,88.8,4.83
LULU,8.0,1,8.26,18.0,58.0,58.0,4.14,4.14,5.0,0.0,58.0,4.14,58.0,4.14,58.0,4.14,58.0,4.14,58.0,4.14,58.0,4.14,58.0,4.14
LULU,9.0,9,9.64,11.0,7.8,40.6,0.69,3.13,2.0,0.0,16.7,1.39,23.0,1.6,24.1,1.82,30.3,2.07,35.2,2.49,37.9,2.81,40.1,3.07
LULU,10.0,2,10.69,7.0,16.4,27.3,1.2,1.78,2.0,0.0,17.5,1.25,19.1,1.34,21.9,1.49,24.6,1.63,26.2,1.72,26.8,1.75,27.2,1.77
LULU,12.0,1,12.64,6.0,28.5,28.5,2.27,2.27,1.0,0.0,28.5,2.27,28.5,2.27,28.5,2.27,28.5,2.27,28.5,2.27,28.5,2.27,28.5,2.27
MA,1.0,343,1.45,2.0,34.8,939.6,0.58,10.58,2.0,57.1,57.7,0.9,79.8,1.19,107.8,1.6,164.5,2.38,244.8,3.61,301.3,4.16,486.6,6.72
MA,2.0,211,2.4,3.0,18.7,408.8,0.6,11.51,2.0,29.4,39.4,1.0,51.1,1.28,72.0,1.8,107.6,2.79,176.8,3.9,217.1,5.37,307.3,8.16
MA,3.0,107,3.49,4.0,16.3,186.6,0.73,5.44,2.0,19.6,29.3,0.99,39.4,1.29,63.3,2.05,89.8,2.94,119.3,4.06,142.1,4.54,155.2,5.22
MA,4.0,50,4.38,6.0,16.5,226.2,0.73,8.32,2.0,8.0,22.4,1.0,29.2,1.36,50.4,2.09,59.0,2.57,82.5,3.07,154.5,6.58,222.4,8.07
MA,5.0,22,5.45,6.5,20.7,187.9,1.14,7.02,2.5,13.6,26.4,1.31,31.3,1.65,56.8,2.72,85.0,4.01,113.7,4.84,116.3,5.37,172.9,6.68
MA,6.0,10,6.4,9.5,12.4,139.3,0.66,7.83,2.0,10.0,18.3,1.16,26.8,1.43,33.1,1.89,38.0,2.22,62.6,4.39,101.0,6.11,131.6,7.48
MA,7.0,10,7.49,8.5,15.1,64.5,0.94,4.5,2.0,0.0,16.5,1.11,18.7,1.22,27.2,1.69,43.0,2.53,57.1,3.02,60.8,3.76,63.8,4.35
MA,8.0,3,8.63,9.0,29.0,45.9,1.64,2.83,3.0,0.0,29.9,1.73,31.2,1.86,33.5,2.08,39.7,2.45,43.4,2.68,44.7,2.75,45.7,2.81
MA,9.0,2,9.23,8.5,33.6,35.1,2.26,2.78,2.0,0.0,33.8,2.31,34.0,2.39,34.4,2.52,34.7,2.65,35.0,2.73,35.0,2.75,35.1,2.77
MA,10.0,1,10.24,13.0,27.2,27.2,2.16,2.16,7.0,0.0,27.2,2.16,27.2,2.16,27.2,2.16,27.2,2.16,27.2,2.16,27.2,2.16,27.2,2.16
MA,11.0,1,11.87,6.0,32.3,32.3,2.33,2.33,2.0,0.0,32.3,2.33,32.3,2.33,32.3,2.33,32.3,2.33,32.3,2.33,32.3,2.33,32.3,2.33
MA,12.0,1,12.11,7.0,30.1,30.1,1.83,1.83,4.0,0.0,30.1,1.83,30.1,1.83,30.1,1.83,30.1,1.83,30.1,1.83,30.1,1.83,30.1,1.83
MAR,1.0,330,1.51,2.0,33.2,933.0,0.6,12.83,2.0,64.8,67.6,1.07,88.7,1.32,126.8,1.91,189.3,2.89,263.3,3.79,353.4,4.6,492.7,6.88
MAR,2.0,203,2.46,3.0,21.2,380.6,0.71,10.13,2.0,31.5,36.8,0.97,52.3,1.25,76.1,1.82,117.4,2.71,160.9,3.84,196.9,4.96,279.3,6.65
MAR,3.0,105,3.38,5.0,17.2,290.3,0.59,8.51,2.0,17.1,27.4,1.04,37.2,1.3,50.1,1.81,87.0,2.76,136.7,4.58,162.6,5.74,235.5,7.06
MAR,4.0,53,4.34,6.0,12.1,256.0,0.64,9.8,3.0,13.2,24.9,1.04,31.4,1.33,43.6,1.84,69.9,2.87,119.5,4.73,146.2,5.98,255.4,9.62
MAR,5.0,17,5.48,7.0,19.7,134.6,0.93,5.66,2.0,11.8,21.9,1.03,31.4,1.57,47.1,2.32,57.8,3.02,87.9,4.49,110.4,5.29,129.8,5.58
MAR,6.0,12,6.35,10.0,18.3,120.6,1.02,7.23,4.0,8.3,20.5,1.4,31.4,1.8,39.9,2.47,56.1,3.22,91.0,4.69,106.4,5.9,117.8,6.96
MAR,7.0,11,7.35,8.0,15.8,86.1,0.88,4.76,2.0,0.0,17.4,1.07,25.9,1.72,45.3,2.91,57.7,3.25,63.7,3.3,74.9,4.03,83.9,4.61
MAR,8.0,4,8.61,9.5,23.6,68.5,1.73,4.41,5.0,0.0,26.2,1.85,30.1,2.04,46.2,2.96,62.2,3.93,66.0,4.22,67.2,4.31,68.2,4.39
MAR,9.0,2,9.24,14.5,24.2,25.5,1.4,2.08,1.5,0.0,24.3,1.47,24.5,1.57,24.9,1.74,25.2,1.91,25.4,2.01,25.4,2.05,25.5,2.07
MAR,12.0,1,12.13,8.0,46.6,46.6,3.43,3.43,3.0,0.0,46.6,3.43,46.6,3.43,46.6,3.43,46.6,3.43,46.6,3.43,46.6,3.43,46.6,3.43
MBG.DE,1.0,395,1.5,2.0,28.4,751.3,0.54,11.73,2.0,63.5,63.3,0.99,81.9,1.28,120.9,1.76,186.7,2.8,283.0,3.85,326.8,5.0,597.4,7.99
MBG.DE,2.0,211,2.43,3.0,23.7,536.8,0.65,10.89,2.0,33.2,40.6,1.05,55.5,1.38,80.3,2.03,113.7,2.69,159.1,3.64,221.5,5.09,346.3,9.59
MBG.DE,3.0,102,3.46,4.0,19.5,270.3,0.74,7.46,2.0,13.7,28.5,1.03,37.0,1.29,50.7,1.77,76.1,2.55,117.7,3.73,138.9,4.49,177.6,5.82
MBG.DE,4.0,44,4.46,5.5,14.4,208.2,0.7,9.4,2.0,13.6,23.1,1.03,34.5,1.49,48.4,2.01,76.2,3.21,107.0,4.46,136.5,6.73,184.0,8.76
MBG.DE,5.0,21,5.42,7.0,15.9,117.7,0.76,5.28,2.0,4.8,32.0,1.54,34.6,1.67,43.7,1.96,53.8,2.85,75.8,3.73,83.4,4.59,110.8,5.14
MBG.DE,6.0,7,6.23,7.0,25.0,130.5,1.45,5.39,3.0,14.3,26.7,1.59,29.0,1.71,33.7,1.98,61.0,3.49,96.5,4.94,113.5,5.17,127.1,5.34
MBG.DE,7.0,4,7.27,8.5,27.1,48.7,1.67,2.93,1.5,0.0,28.6,1.78,30.9,1.94,32.5,2.05,36.9,2.29,44.0,2.67,46.3,2.8,48.2,2.9
MBG.DE,8.0,6,8.54,12.5,21.5,84.1,1.36,4.86,1.5,0.0,21.8,1.4,23.2,1.49,27.1,1.77,29.7,2.04,57.2,3.47,70.7,4.17,81.4,4.72
MBG.DE,9.0,1,9.57,26.0,11.6,11.6,1.25,1.25,1.0,0.0,11.6,1.25,11.6,1.25,11.6,1.25,11.6,1.25,11.6,1.25,11.6,1.25,11.6,1.25
MBG.DE,10.0,2,10.21,17.0,16.1,29.8,1.26,3.52,5.5,0.0,17.5,1.48,19.5,1.82,23.0,2.39,26.4,2.96,28.4,3.29,29.1,3.41,29.7,3.5
MCD,1.0,341,1.51,2.0,27.3,901.8,0.64,10.39,2.0,54.3,61.6,0.99,76.3,1.21,107.6,1.64,163.9,2.5,267.8,3.65,307.5,4.41,444.7,7.31
MCD,2.0,212,2.41,3.0,24.6,765.6,0.69,16.38,2.0,34.0,41.3,1.03,56.3,1.38,76.4,1.9,113.4,2.78,168.4,3.84,222.8,5.59,437.7,9.29
MCD,3.0,113,3.47,5.0,19.4,309.2,0.68,11.05,2.0,13.3,29.1,0.96,35.0,1.23,50.1,1.62,70.8,2.32,110.4,3.66,152.0,5.41,212.2,7.11
MCD,4.0,41,4.25,6.0,15.0,232.0,0.55,8.6,2.0,17.1,23.1,0.97,31.1,1.53,45.4,1.92,70.6,2.86,125.7,4.14,132.4,5.35,204.2,8.01
MCD,5.0,19,5.33,9.0,23.5,71.0,1.1,3.36,2.0,0.0,24.1,1.39,30.4,1.6,36.8,1.83,46.9,2.35,57.5,3.04,68.8,3.12,70.5,3.31
MCD,6.0,7,6.39,9.0,15.1,102.5,0.82,4.84,2.0,14.3,17.3,0.89,19.6,1.0,32.8,1.8,37.5,2.5,66.3,3.67,84.4,4.25,98.9,4.72
MCD,7.0,7,7.14,9.0,26.6,91.8,1.42,9.76,4.0,0.0,28.1,1.6,33.2,1.85,40.2,2.34,62.8,4.14,81.0,6.58,86.4,8.16,90.7,9.44
MCD,9.0,1,9.05,13.0,24.7,24.7,1.54,1.54,1.0,0.0,24.7,1.54,24.7,1.54,24.7,1.54,24.7,1.54,24.7,1.54,24.7,1.54,24.7,1.54
MCD,12.0,2,12.16,22.0,24.6,33.5,1.88,4.03,3.0,0.0,25.5,2.1,26.8,2.42,29.1,2.95,31.3,3.49,32.6,3.81,33.1,3.92,33.4,4.01
MCHP,1.0,365,1.51,2.0,37.1,715.0,0.63,11.67,2.0,60.3,64.3,1.04,85.3,1.27,115.4,1.73,173.5,2.58,274.2,3.85,343.0,5.26,610.6,8.4
MCHP,2.0,183,2.42,3.0,23.0,376.2,0.62,10.13,2.0,31.1,44.0,1.14,58.2,1.43,78.8,1.87,122.8,2.83,180.3,4.27,231.8,5.04,331.1,8.57
MCHP,3.0,112,3.39,5.0,22.0,399.5,0.74,10.55,2.0,10.7,30.1,1.01,36.7,1.31,55.0,1.91,79.9,2.59,115.0,3.62,142.8,5.04,178.2,6.15
MCHP,4.0,46,4.43,7.0,16.8,229.8,0.79,9.61,2.0,13.0,20.6,1.03,28.4,1.19,42.0,1.89,64.5,2.53,105.7,4.64,156.4,6.0,211.4,9.05
MCHP,5.0,18,5.32,6.5,33.9,96.8,1.6,4.49,3.0,0.0,39.9,1.88,42.2,2.11,48.0,2.34,57.4,2.63,71.6,3.26,94.2,4.19,96.3,4.43
MCHP,6.0,7,6.52,8.0,21.2,76.1,1.05,4.11,1.0,0.0,22.2,1.18,24.5,1.47,28.4,1.75,51.8,2.68,69.6,3.62,72.8,3.87,75.4,4.06
MCHP,7.0,7,7.19,8.0,19.3,69.8,1.47,4.27,2.0,0.0,22.9,1.49,34.1,2.04,49.6,2.76,53.6,3.2,60.9,3.87,65.4,4.07,68.9,4.23
MCHP,8.0,4,8.38,14.0,12.8,92.6,0.93,6.4,2.5,0.0,17.5,1.4,24.6,2.1,38.4,2.64,59.3,3.69,79.3,5.32,85.9,5.86,91.3,6.29
MCHP,9.0,3,9.18,14.0,10.2,35.5,0.82,2.37,1.0,0.0,13.3,1.12,17.9,1.57,25.6,2.32,30.6,2.35,33.5,2.36,34.5,2.37,35.3,2.37
MCK,1.0,347,1.47,2.0,24.8,1675.4,0.53,18.43,2.0,60.2,63.3,0.98,84.2,1.25,115.2,1.71,166.7,2.52,246.7,3.74,331.1,4.91,606.5,8.31
MCK,2.0,191,2.37,3.0,24.4,823.8,0.57,20.49,2.0,35.6,41.2,1.05,54.8,1.45,84.3,2.07,115.6,2.75,189.0,4.22,238.8,5.98,344.5,8.11
MCK,3.0,90,3.4,4.0,19.6,281.0,0.72,8.74,2.0,14.4,31.0,1.15,42.5,1.45,58.0,1.91,76.9,2.64,117.9,3.81,139.7,4.63,207.8,5.99
MCK,4.0,47,4.44,6.0,15.0,181.7,0.88,7.12,2.0,6.4,27.1,1.13,38.4,1.53,53.1,2.15,74.6,3.06,88.4,3.94,103.7,4.22,166.2,6.88
MCK,5.0,30,5.46,8.5,18.5,115.9,0.85,5.56,2.0,6.7,20.8,1.12,30.1,1.46,37.6,1.97,49.5,2.27,65.8,3.91,103.0,4.63,115.8,5.36
MCK,6.0,12,6.63,7.0,11.5,195.0,0.67,10.8,2.5,8.3,15.7,1.06,26.2,1.7,39.6,1.91,66.8,3.28,88.6,4.73,137.8,7.55,183.6,10.15
MCK,7.0,7,7.23,9.0,12.4,49.6,0.68,3.02,2.0,0.0,14.2,0.77,17.4,0.93,23.9,1.33,25.5,1.95,35.2,2.69,42.4,2.85,48.2,2.99
MCK,8.0,2,8.14,9.0,15.9,95.7,1.16,4.88,1.5,0.0,23.9,1.53,35.9,2.09,55.8,3.02,75.8,3.95,87.7,4.51,91.7,4.7,94.9,4.84
MCK,9.0,2,9.71,13.5,27.4,48.9,1.7,4.08,2.0,0.0,29.5,1.93,32.8,2.29,38.1,2.89,43.5,3.48,46.8,3.84,47.8,3.96,48.7,4.05
MCK,10.0,2,10.19,13.0,21.6,44.2,1.42,3.33,2.5,0.0,23.9,1.61,27.2,1.9,32.9,2.37,38.6,2.85,41.9,3.14,43.1,3.23,44.0,3.31
MCK,12.0,1,12.08,8.0,21.9,21.9,1.61,1.61,2.0,0.0,21.9,1.61,21.9,1.61,21.9,1.61,21.9,1.61,21.9,1.61,21.9,1.61,21.9,1.61
MCK,16.0,1,16.87,10.0,17.6,17.6,1.39,1.39,2.0,0.0,17.6,1.39,17.6,1.39,17.6,1.39,17.6,1.39,17.6,1.39,17.6,1.39,17.6,1.39
MDB,1.0,157,1.46,2.0,26.5,503.2,0.58,11.06,2.0,61.8,62.9,0.96,82.6,1.23,116.5,1.68,182.4,2.67,255.8,4.01,314.8,4.99,470.7,6.43
MDB,2.0,82,2.37,3.0,21.6,309.1,0.59,8.01,2.0,36.6,41.8,1.2,61.8,1.43,82.2,2.07,120.0,2.94,198.8,4.02,208.6,4.73,292.9,7.84
MDB,3.0,39,3.38,4.0,21.7,174.2,0.92,6.02,2.0,15.4,31.3,1.15,42.8,1.41,55.5,1.87,80.9,2.91,121.8,4.23,154.4,4.79,170.0,5.84
MDB,4.0,19,4.4,6.0,20.9,110.6,1.0,4.43,1.0,5.3,29.1,1.36,35.5,1.79,49.3,1.95,66.7,2.66,80.8,3.15,98.0,3.5,108.1,4.24
MDB,5.0,11,5.39,8.0,21.2,115.3,1.17,5.49,3.0,18.2,26.7,1.7,38.8,1.97,51.4,2.15,59.8,2.82,108.3,4.83,111.8,5.16,114.6,5.42
MDB,6.0,12,6.39,6.5,26.0,84.5,1.29,4.14,2.5,0.0,26.7,1.52,40.0,1.93,51.6,2.72,72.1,3.13,72.8,3.84,78.1,4.01,83.2,4.11
MDB,7.0,3,7.14,8.0,25.8,67.5,1.43,3.82,1.0,0.0,30.8,1.71,38.2,2.12,50.6,2.8,59.0,3.31,64.1,3.61,65.8,3.71,67.2,3.8
MDB,8.0,3,8.36,4.0,31.4,50.3,1.82,3.36,4.0,0.0,33.0,1.94,35.5,2.12,39.6,2.41,45.0,2.89,48.2,3.17,49.2,3.27,50.1,3.34
MDB,9.0,1,9.72,3.0,27.5,27.5,1.66,1.66,2.0,0.0,27.5,1.66,27.5,1.66,27.5,1.66,27.5,1.66,27.5,1.66,27.5,1.66,27.5,1.66
MDB,10.0,1,10.35,7.0,15.1,15.1,1.08,1.08,2.0,0.0,15.1,1.08,15.1,1.08,15.1,1.08,15.1,1.08,15.1,1.08,15.1,1.08,15.1,1.08
MDB,11.0,2,11.24,9.0,16.3,38.5,1.5,2.64,1.5,0.0,18.5,1.62,21.9,1.79,27.4,2.07,33.0,2.35,36.3,2.52,37.4,2.58,38.3,2.63
MDB,12.0,1,12.39,15.0,24.5,24.5,1.9,1.9,6.0,0.0,24.5,1.9,24.5,1.9,24.5,1.9,24.5,1.9,24.5,1.9,24.5,1.9,24.5,1.9
MDLZ,1.0,345,1.49,2.0,38.0,776.3,0.55,9.41,2.0,62.3,65.3,0.99,84.3,1.29,114.3,1.74,194.5,2.76,270.4,4.07,335.5,4.66,518.8,7.3
MDLZ,2.0,203,2.44,3.0,26.1,384.2,0.71,7.31,3.0,33.0,41.8,1.08,57.8,1.5,84.8,2.04,110.2,2.72,154.5,3.82,209.7,5.05,296.4,6.99
MDLZ,3.0,95,3.38,5.0,16.3,219.4,0.76,6.63,2.0,15.8,32.4,1.05,40.0,1.37,54.3,1.75,79.8,2.72,124.6,4.08,149.9,4.43,181.1,5.49
MDLZ,4.0,33,4.36,5.0,19.9,195.7,0.89,6.43,2.0,6.1,24.1,1.22,37.3,1.56,49.3,1.97,67.3,2.6,84.4,3.4,111.4,4.37,179.4,6.11
MDLZ,5.0,18,5.36,6.5,19.8,133.3,0.93,4.95,2.5,5.6,24.2,1.16,29.5,1.43,35.7,1.72,62.8,2.99,93.0,4.0,100.5,4.71,126.7,4.9
MDLZ,6.0,15,6.47,8.0,15.1,76.3,0.87,4.13,2.0,0.0,17.1,1.05,22.8,1.35,36.4,2.07,51.2,2.81,70.8,3.89,73.1,4.12,75.7,4.13
MDLZ,7.0,6,7.36,10.5,14.6,57.2,0.91,3.02,3.0,0.0,18.0,1.08,22.3,1.4,30.4,2.12,43.0,2.5,51.3,2.78,54.2,2.9,56.6,3.0
MDLZ,8.0,4,8.49,7.0,17.3,90.6,1.17,5.87,1.5,0.0,24.3,1.51,34.8,2.02,43.7,2.57,57.7,3.59,77.4,4.95,84.0,5.41,89.3,5.77
MDLZ,9.0,1,9.48,6.0,36.5,36.5,2.46,2.46,2.0,0.0,36.5,2.46,36.5,2.46,36.5,2.46,36.5,2.46,36.5,2.46,36.5,2.46,36.5,2.46
MDLZ,10.0,1,10.01,8.0,102.7,102.7,5.92,5.92,8.0,100.0,102.7,5.92,102.7,5.92,102.7,5.92,102.7,5.92,102.7,5.92,102.7,5.92,102.7,5.92
MDLZ,13.0,1,13.5,8.0,44.2,44.2,3.75,3.75,4.0,0.0,44.2,3.75,44.2,3.75,44.2,3.75,44.2,3.75,44.2,3.75,44.2,3.75,44.2,3.75
MDT,1.0,369,1.5,2.0,27.3,745.6,0.5,11.21,2.0,58.5,62.0,1.0,82.5,1.24,118.1,1.74,177.2,2.62,266.2,3.79,338.0,5.16,511.9,7.69
MDT,2.0,204,2.37,3.0,20.4,855.1,0.68,23.51,2.0,36.8,43.0,1.08,58.2,1.43,86.3,2.14,124.8,2.94,165.7,3.85,225.2,5.24,399.3,9.45
MDT,3.0,90,3.41,5.0,21.7,194.2,0.77,8.08,2.5,13.3,26.9,0.93,38.3,1.28,55.4,1.9,71.9,2.37,105.9,3.76,130.4,4.88,193.0,6.44
MDT,4.0,40,4.35,6.0,16.7,281.5,0.72,10.14,2.0,10.0,24.3,1.01,33.5,1.37,41.8,1.81,56.1,2.26,90.2,3.38,103.6,4.31,230.3,8.7
MDT,5.0,21,5.41,10.0,11.9,89.3,0.7,4.23,2.0,0.0,16.1,0.79,24.7,1.39,31.9,1.55,41.4,2.36,56.2,2.94,69.4,3.23,85.3,4.03
MDT,6.0,12,6.38,6.0,14.7,156.5,0.72,7.01,1.5,8.3,19.5,1.06,26.7,1.45,34.5,1.88,58.4,3.17,77.2,4.19,113.0,5.47,147.8,6.7
MDT,7.0,8,7.52,11.5,15.0,68.2,0.85,3.7,1.5,0.0,15.6,1.01,20.4,1.09,26.8,1.82,41.0,2.14,55.7,3.12,62.0,3.41,67.0,3.64
MDT,8.0,2,8.17,14.5,16.4,21.5,1.2,1.53,1.5,0.0,16.9,1.23,17.7,1.28,18.9,1.36,20.2,1.45,21.0,1.5,21.2,1.51,21.4,1.53
MDT,9.0,1,9.7,3.0,45.4,45.4,2.72,2.72,6.0,0.0,45.4,2.72,45.4,2.72,45.4,2.72,45.4,2.72,45.4,2.72,45.4,2.72,45.4,2.72
MDT,11.0,1,11.03,20.0,11.4,11.4,1.23,1.23,1.0,0.0,11.4,1.23,11.4,1.23,11.4,1.23,11.4,1.23,11.4,1.23,11.4,1.23,11.4,1.23
MELI,1.0,324,1.49,2.0,26.5,785.8,0.48,10.65,2.0,60.8,61.8,0.98,82.1,1.22,118.3,1.76,171.7,2.58,252.0,3.79,304.6,4.71,422.9,6.52
MELI,2.0,163,2.41,3.0,25.3,353.5,0.68,9.99,3.0,32.5,40.3,1.1,57.0,1.42,82.1,1.99,118.1,2.91,189.3,4.37,226.3,5.62,315.4,7.74
MELI,3.0,93,3.44,5.0,16.8,233.0,0.64,8.49,2.0,17.2,29.4,1.11,41.7,1.33,61.3,2.07,88.7,2.85,126.9,4.22,168.7,5.7,200.0,7.9
MELI,4.0,43,4.34,6.0,23.1,168.0,0.87,6.82,2.0,16.3,28.7,1.23,34.4,1.4,41.5,1.78,66.9,2.72,110.4,4.5,126.7,4.73,153.3,5.96
MELI,5.0,23,5.5,7.0,17.0,175.3,0.93,8.15,2.0,8.7,24.2,1.14,36.0,1.78,50.7,2.16,83.2,3.85,98.0,4.87,122.0,6.37,164.1,7.79
MELI,6.0,13,6.38,7.0,12.3,97.4,0.54,5.35,4.0,0.0,22.8,1.22,24.9,1.52,29.7,2.12,62.0,2.94,84.9,3.8,91.3,4.44,96.2,5.17
MELI,7.0,4,7.61,8.0,23.3,57.0,1.42,3.38,3.5,0.0,23.8,1.44,24.5,1.48,34.0,1.98,46.7,2.69,52.9,3.1,54.9,3.24,56.6,3.35
MELI,8.0,3,8.45,4.0,35.2,50.9,2.1,2.93,1.0,0.0,36.7,2.14,39.0,2.2,42.9,2.3,46.9,2.62,49.3,2.81,50.1,2.87,50.7,2.92
MELI,9.0,6,9.39,7.5,15.4,47.0,0.91,3.81,2.5,0.0,19.1,1.11,24.8,1.5,37.5,2.62,44.5,3.34,45.8,3.59,46.4,3.7,46.9,3.79
MELI,10.0,1,10.28,5.0,36.3,36.3,2.39,2.39,3.0,0.0,36.3,2.39,36.3,2.39,36.3,2.39,36.3,2.39,36.3,2.39,36.3,2.39,36.3,2.39
MELI,11.0,2,11.27,11.0,26.2,46.3,2.06,3.1,17.0,0.0,28.2,2.16,31.2,2.32,36.2,2.58,41.3,2.84,44.3,3.0,45.3,3.05,46.1,3.09
MELI,12.0,1,12.18,13.0,44.4,44.4,2.45,2.45,3.0,0.0,44.4,2.45,44.4,2.45,44.4,2.45,44.4,2.45,44.4,2.45,44.4,2.45,44.4,2.45
MELI,13.0,1,13.58,9.0,73.4,73.4,5.09,5.09,2.0,0.0,73.4,5.09,73.4,5.09,73.4,5.09,73.4,5.09,73.4,5.09,73.4,5.09,73.4,5.09
MELI,14.0,1,14.72,24.0,42.5,42.5,4.77,4.77,7.0,0.0,42.5,4.77,42.5,4.77,42.5,4.77,42.5,4.77,42.5,4.77,42.5,4.77,42.5,4.77
META,1.0,259,1.49,2.0,31.9,833.9,0.49,11.1,2.0,61.4,59.3,0.93,81.1,1.2,120.5,1.83,174.4,2.56,275.9,3.89,327.8,4.9,480.7,7.81
META,2.0,150,2.34,3.0,23.9,479.4,0.58,14.67,2.0,31.3,37.2,1.0,52.3,1.28,78.8,1.95,118.2,2.85,177.1,4.13,214.6,4.7,367.8,8.31
META,3.0,73,3.52,4.0,20.8,286.9,0.74,9.24,2.0,17.8,27.1,0.99,36.4,1.32,53.5,1.87,84.9,2.89,128.9,3.95,189.6,6.01,279.7,7.31
META,4.0,31,4.38,5.0,18.4,168.6,0.83,6.27,2.0,3.2,19.6,1.04,27.6,1.23,42.9,1.65,58.2,2.48,73.8,2.86,82.7,3.32,145.0,5.48
META,5.0,17,5.27,5.0,23.2,88.9,1.33,4.39,2.0,0.0,25.4,1.35,27.0,1.38,39.2,1.67,60.9,2.8,79.6,3.88,85.6,4.22,88.2,4.35
META,6.0,11,6.27,6.0,16.1,71.5,1.03,3.49,2.0,0.0,19.1,1.16,27.2,1.44,35.6,1.62,43.2,2.3,69.3,3.22,70.4,3.35,71.3,3.46
META,7.0,11,7.18,9.0,10.5,70.1,0.62,4.15,2.0,0.0,17.2,0.89,18.1,1.15,29.1,1.65,40.5,2.45,44.4,2.71,57.2,3.43,67.5,4.01
META,8.0,2,8.19,11.0,34.3,64.6,2.87,3.83,3.0,0.0,37.3,2.97,41.9,3.11,49.4,3.35,57.0,3.59,61.6,3.73,63.1,3.78,64.3,3.82
META,10.0,2,10.51,5.0,47.4,67.7,3.27,4.52,6.0,0.0,49.4,3.39,52.5,3.58,57.5,3.89,62.6,4.21,65.7,4.4,66.7,4.46,67.5,4.51
META,11.0,1,11.19,2.0,33.3,33.3,2.22,2.22,2.0,0.0,33.3,2.22,33.3,2.22,33.3,2.22,33.3,2.22,33.3,2.22,33.3,2.22,33.3,2.22
META,24.0,1,24.19,11.0,11.8,11.8,1.01,1.01,2.0,0.0,11.8,1.01,11.8,1.01,11.8,1.01,11.8,1.01,11.8,1.01,11.8,1.01,11.8,1.01
MFG,1.0,413,1.48,1.0,33.3,790.0,0.51,9.53,2.0,64.6,60.9,0.95,80.0,1.26,118.2,1.71,175.0,2.66,271.1,3.86,353.5,4.67,480.2,6.79
MFG,2.0,177,2.36,3.0,13.0,346.3,0.38,7.89,2.0,39.0,40.0,1.0,53.3,1.36,82.1,1.97,128.6,3.04,160.4,3.97,201.5,4.89,295.0,6.56
MFG,3.0,96,3.43,3.0,16.0,671.4,0.55,19.94,2.0,15.6,26.0,0.83,37.7,1.33,54.0,1.76,77.0,2.4,107.0,3.62,126.8,4.49,413.6,13.64
MFG,4.0,47,4.43,5.0,17.6,272.7,0.71,11.05,2.0,17.0,27.9,1.33,38.1,1.49,52.0,2.1,77.1,3.04,120.7,4.46,131.2,4.84,236.7,8.97
MFG,5.0,25,5.44,6.0,12.0,327.8,0.74,13.88,2.0,8.0,23.3,1.15,28.6,1.35,40.9,2.23,55.3,3.04,77.8,3.56,107.8,4.69,276.4,11.74
MFG,6.0,15,6.33,6.0,13.5,154.8,0.96,8.1,4.0,20.0,31.9,1.7,38.0,2.02,59.2,4.01,93.9,4.9,102.4,6.05,118.2,6.86,147.5,7.85
MFG,7.0,7,7.35,5.0,12.5,110.0,0.7,5.92,2.0,14.3,15.9,0.82,23.5,1.46,38.6,2.31,42.6,2.61,70.8,4.0,90.4,4.96,106.1,5.73
MFG,8.0,5,8.47,12.0,6.5,64.7,0.49,5.13,2.0,0.0,15.8,0.91,29.7,1.52,30.5,2.65,59.4,3.8,62.6,4.6,63.6,4.87,64.5,5.08
MFG,9.0,1,9.96,6.0,45.6,45.6,3.19,3.19,4.0,0.0,45.6,3.19,45.6,3.19,45.6,3.19,45.6,3.19,45.6,3.19,45.6,3.19,45.6,3.19
MFG,11.0,2,11.49,9.0,25.4,67.7,2.08,5.76,3.0,0.0,29.6,2.45,36.0,3.0,46.5,3.92,57.1,4.84,63.5,5.4,65.6,5.58,67.3,5.73
MFG,12.0,1,12.82,18.0,27.7,27.7,2.71,2.71,4.0,0.0,27.7,2.71,27.7,2.71,27.7,2.71,27.7,2.71,27.7,2.71,27.7,2.71,27.7,2.71
MFG,13.0,1,14.0,11.0,45.8,45.8,4.78,4.78,3.0,0.0,45.8,4.78,45.8,4.78,45.8,4.78,45.8,4.78,45.8,4.78,45.8,4.78,45.8,4.78
MMM,1.0,352,1.54,2.0,29.9,1415.1,0.51,15.28,2.0,63.9,64.0,1.02,85.5,1.33,118.0,1.81,172.0,2.57,284.1,4.21,397.5,5.33,590.6,8.41
MMM,2.0,214,2.38,3.0,20.8,612.3,0.57,14.02,2.0,33.2,42.6,1.09,58.6,1.41,78.5,1.92,115.0,2.76,151.0,3.75,199.0,4.24,280.6,7.1
MMM,3.0,108,3.34,5.0,18.0,360.1,0.71,11.48,2.0,15.7,29.2,1.0,37.2,1.29,48.1,1.78,76.5,2.59,116.9,4.01,144.1,4.53,234.1,6.47
MMM,4.0,32,4.36,5.0,19.6,190.4,0.99,7.75,3.0,12.5,27.5,1.08,31.4,1.39,41.7,1.72,65.7,2.65,115.5,4.43,143.5,5.59,183.0,7.38
MMM,5.0,22,5.58,8.0,16.8,85.8,0.7,4.3,3.0,0.0,27.4,1.38,28.5,1.56,37.4,1.89,53.8,2.63,74.9,3.46,82.5,4.14,85.2,4.27
MMM,6.0,7,6.23,6.0,14.6,78.0,0.83,4.49,2.0,0.0,22.6,1.33,30.3,1.83,41.0,2.48,48.7,2.7,64.7,3.49,71.4,3.99,76.7,4.39
MMM,7.0,4,7.21,16.0,14.4,90.9,2.06,7.06,3.0,0.0,23.3,2.31,36.8,2.69,45.4,3.04,57.7,4.14,77.6,5.89,84.3,6.48,89.6,6.94
MMM,8.0,2,8.21,11.0,6.1,207.7,0.47,11.69,5.5,50.0,26.3,1.6,56.5,3.28,106.9,6.08,157.3,8.88,187.5,10.56,197.6,11.12,205.7,11.57
MMM,9.0,3,9.68,13.0,12.3,26.9,0.76,2.0,1.0,0.0,12.9,0.86,13.9,1.02,15.4,1.28,21.1,1.64,24.6,1.85,25.7,1.93,26.7,1.98
MMM,10.0,1,10.21,26.0,14.6,14.6,1.69,1.69,1.0,0.0,14.6,1.69,14.6,1.69,14.6,1.69,14.6,1.69,14.6,1.69,14.6,1.69,14.6,1.69
MMM,11.0,2,11.62,3.5,16.9,56.8,1.11,4.46,7.0,0.0,20.9,1.45,26.9,1.95,36.8,2.79,46.8,3.63,52.8,4.13,54.8,4.3,56.4,4.43
MMM,13.0,1,13.72,13.0,36.3,36.3,2.57,2.57,3.0,0.0,36.3,2.57,36.3,2.57,36.3,2.57,36.3,2.57,36.3,2.57,36.3,2.57,36.3,2.57
MNST,1.0,293,1.47,2.0,39.0,1687.3,0.59,21.34,2.0,64.2,64.0,1.02,82.3,1.3,122.1,1.78,193.6,2.61,254.3,3.81,346.9,4.85,539.8,8.09
MNST,2.0,206,2.34,3.0,23.3,352.9,0.51,10.69,2.0,30.6,44.6,1.05,56.2,1.39,76.5,1.9,109.7,2.79,168.4,3.94,211.4,4.85,314.0,6.37
MNST,3.0,73,3.42,4.0,19.1,312.6,0.57,9.24,2.0,27.4,31.4,1.09,41.1,1.52,65.9,2.26,100.9,3.17,143.3,4.63,187.5,6.26,285.8,8.69
MNST,4.0,49,4.47,6.0,19.9,341.3,0.76,13.14,3.0,14.3,24.0,0.96,28.7,1.22,47.4,1.86,66.6,2.99,118.9,5.23,192.6,7.33,331.7,11.92
MNST,5.0,30,5.38,7.5,14.5,107.2,0.79,4.44,3.0,6.7,19.2,1.04,28.4,1.42,37.4,1.86,51.0,2.19,88.9,3.54,97.2,3.66,105.8,4.23
MNST,6.0,16,6.63,9.5,17.2,97.6,0.88,6.53,2.0,0.0,26.0,1.44,31.7,1.83,44.5,2.43,58.5,3.19,82.0,3.86,89.5,4.61,96.0,6.15
MNST,7.0,4,7.78,9.0,22.3,79.9,1.47,4.29,4.0,0.0,24.9,1.76,28.8,2.2,38.9,2.96,55.1,3.68,70.0,4.05,74.9,4.17,78.9,4.26
MNST,8.0,3,8.89,13.0,16.8,40.9,0.94,2.46,2.0,0.0,19.3,1.24,23.0,1.69,29.1,2.43,35.0,2.45,38.5,2.46,39.7,2.46,40.7,2.46
MNST,9.0,3,9.7,2.0,9.8,82.5,2.04,5.14,8.0,0.0,15.4,2.11,23.8,2.22,37.8,2.4,60.1,3.77,73.6,4.59,78.0,4.87,81.6,5.09
MNST,10.0,2,10.52,23.5,21.6,34.4,1.42,3.15,2.0,0.0,22.9,1.59,24.8,1.85,28.0,2.28,31.2,2.71,33.1,2.97,33.8,3.06,34.3,3.13
MNST,11.0,1,11.67,14.0,38.4,38.4,2.04,2.04,4.0,0.0,38.4,2.04,38.4,2.04,38.4,2.04,38.4,2.04,38.4,2.04,38.4,2.04,38.4,2.04
MNST,13.0,1,13.56,5.0,89.5,89.5,6.96,6.96,1.0,0.0,89.5,6.96,89.5,6.96,89.5,6.96,89.5,6.96,89.5,6.96,89.5,6.96,89.5,6.96
MNST,19.0,1,19.91,7.0,29.2,29.2,2.83,2.83,5.0,0.0,29.2,2.83,29.2,2.83,29.2,2.83,29.2,2.83,29.2,2.83,29.2,2.83,29.2,2.83
MO,1.0,291,1.52,2.0,29.2,1954.9,0.55,22.36,2.0,60.5,64.4,0.97,77.8,1.21,115.0,1.75,172.3,2.63,297.4,4.37,427.6,6.04,645.3,9.24
MO,2.0,194,2.42,3.0,18.2,403.1,0.59,8.41,2.0,37.6,36.8,1.01,52.8,1.32,79.0,1.9,113.2,2.89,159.9,4.0,197.7,4.82,289.4,6.47
MO,3.0,106,3.41,5.0,18.3,247.5,0.66,7.99,2.0,15.1,29.6,0.98,39.3,1.41,57.0,1.92,74.7,2.67,107.9,3.89,150.4,4.98,235.0,6.69
MO,4.0,42,4.28,7.0,14.7,130.0,0.98,5.09,2.0,9.5,26.6,1.08,32.6,1.47,42.7,2.22,74.2,2.63,95.0,3.98,104.9,4.32,122.5,4.86
MO,5.0,25,5.46,9.0,15.4,164.4,0.71,8.35,2.0,8.0,19.8,1.08,23.9,1.41,40.3,1.8,64.8,2.84,85.3,4.38,99.6,4.48,149.6,7.42
MO,6.0,11,6.44,7.0,11.5,136.5,0.65,6.6,3.0,9.1,15.7,0.92,18.5,1.02,28.9,1.83,53.2,3.04,78.9,4.17,107.7,5.39,130.7,6.36
MO,7.0,8,7.69,9.0,15.0,68.1,0.97,5.72,2.5,0.0,15.7,1.09,17.9,1.33,23.2,1.48,35.2,2.24,64.2,4.43,66.1,5.08,67.7,5.59
MO,8.0,3,8.23,15.0,9.9,32.6,0.64,4.33,1.0,0.0,13.9,0.85,19.8,1.17,29.7,1.69,31.1,3.01,32.0,3.8,32.3,4.07,32.5,4.28
MO,9.0,2,9.65,14.0,24.7,28.6,1.58,2.26,1.0,0.0,25.1,1.64,25.7,1.75,26.6,1.92,27.6,2.09,28.2,2.19,28.4,2.22,28.6,2.25
MO,10.0,1,10.71,13.0,20.6,20.6,1.51,1.51,1.0,0.0,20.6,1.51,20.6,1.51,20.6,1.51,20.6,1.51,20.6,1.51,20.6,1.51,20.6,1.51
MPC,1.0,260,1.5,2.0,32.3,1021.4,0.63,12.91,2.0,61.9,60.6,1.01,81.1,1.25,115.4,1.78,170.9,2.62,269.4,3.54,323.7,4.72,505.6,7.13
MPC,2.0,157,2.38,3.0,16.4,377.6,0.48,8.46,2.0,28.7,38.2,1.01,51.8,1.26,76.0,1.78,112.6,2.69,167.7,3.96,213.0,4.9,337.8,7.08
MPC,3.0,72,3.49,5.0,14.4,229.4,0.71,10.67,2.0,15.3,24.3,0.91,42.1,1.41,54.0,1.73,69.8,2.54,135.5,4.68,185.6,5.97,220.7,8.48
MPC,4.0,43,4.39,6.0,16.7,202.1,0.7,7.18,2.0,18.6,25.2,1.2,33.9,1.4,44.0,1.76,63.5,2.76,124.2,5.16,136.8,5.68,175.0,6.63
MPC,5.0,15,5.4,8.0,26.3,150.1,1.16,9.76,2.0,6.7,34.8,1.68,42.0,1.94,43.8,2.42,72.2,3.94,91.3,4.71,109.1,6.23,141.9,9.06
MPC,6.0,8,6.25,7.0,15.8,171.7,0.83,10.06,3.5,12.5,20.6,0.98,29.0,1.38,31.8,1.72,38.1,2.18,79.3,4.7,125.5,7.38,162.5,9.52
MPC,7.0,2,7.41,10.0,25.5,66.6,1.57,4.86,4.0,0.0,29.6,1.9,35.8,2.39,46.0,3.21,56.3,4.04,62.5,4.53,64.5,4.7,66.2,4.83
MPC,8.0,5,8.67,10.0,31.4,48.7,2.0,3.51,2.0,0.0,32.0,2.02,32.9,2.05,33.2,2.3,33.3,2.47,42.5,3.1,45.6,3.3,48.1,3.47
MPC,9.0,1,9.59,18.0,20.9,20.9,1.79,1.79,2.0,0.0,20.9,1.79,20.9,1.79,20.9,1.79,20.9,1.79,20.9,1.79,20.9,1.79,20.9,1.79
MPC,11.0,2,11.57,20.0,12.2,12.6,1.11,1.64,1.5,0.0,12.2,1.16,12.3,1.24,12.4,1.38,12.5,1.51,12.6,1.59,12.6,1.62,12.6,1.64
MPC,12.0,1,12.57,19.0,24.5,24.5,2.2,2.2,3.0,0.0,24.5,2.2,24.5,2.2,24.5,2.2,24.5,2.2,24.5,2.2,24.5,2.2,24.5,2.2
MRK,1.0,328,1.45,2.0,27.6,857.5,0.48,9.09,2.0,63.7,62.2,0.95,83.2,1.23,116.6,1.74,180.2,2.6,259.8,3.54,329.4,4.39,414.8,6.49
MRK,2.0,196,2.45,3.0,20.0,616.5,0.6,17.58,2.0,35.2,40.2,1.0,56.5,1.44,79.8,1.95,117.5,2.9,188.6,4.27,239.4,5.47,399.8,9.93
MRK,3.0,103,3.34,5.0,20.6,487.5,0.67,16.57,2.0,15.5,30.9,1.15,40.6,1.38,60.2,2.03,84.6,2.79,115.4,3.82,144.0,4.54,293.4,11.34
MRK,4.0,47,4.48,5.0,15.4,446.7,0.84,15.8,2.0,8.5,24.7,1.07,32.9,1.5,52.0,2.2,73.4,3.03,86.5,3.83,122.0,4.83,374.0,14.01
MRK,5.0,23,5.61,7.0,15.3,87.2,0.9,3.87,3.0,0.0,18.9,1.1,30.4,1.49,41.1,2.04,54.5,2.76,76.6,3.59,78.5,3.7,85.3,3.83
MRK,6.0,6,6.45,12.0,24.5,80.6,1.31,5.98,2.5,0.0,27.8,1.54,31.3,1.82,35.7,2.03,65.7,4.06,77.5,5.34,79.0,5.66,80.3,5.91
MRK,7.0,5,7.62,10.0,18.0,43.4,0.92,3.0,2.0,0.0,19.1,0.99,20.7,1.09,22.1,1.63,42.1,2.54,42.9,2.81,43.1,2.91,43.3,2.98
MRK,8.0,2,8.49,12.0,48.7,77.1,2.21,4.19,4.0,0.0,51.5,2.41,55.8,2.71,62.9,3.2,70.0,3.69,74.3,3.99,75.7,4.09,76.8,4.17
MRK,9.0,3,9.69,5.0,36.9,58.4,2.15,3.66,3.0,0.0,36.9,2.2,37.0,2.27,37.1,2.39,47.8,3.03,54.1,3.4,56.3,3.53,58.0,3.63
MRK,11.0,3,11.77,15.0,23.2,40.5,1.68,3.18,3.0,0.0,24.3,1.73,25.9,1.79,28.7,1.91,34.6,2.55,38.1,2.93,39.3,3.06,40.3,3.16
MRK,13.0,1,13.58,8.0,40.3,40.3,3.16,3.16,2.0,0.0,40.3,3.16,40.3,3.16,40.3,3.16,40.3,3.16,40.3,3.16,40.3,3.16,40.3,3.16
MRK.DE,1.0,317,1.5,2.0,31.6,593.8,0.41,8.72,2.0,60.3,64.4,0.99,79.7,1.22,115.9,1.73,169.8,2.53,245.4,3.56,305.4,4.76,526.6,7.58
MRK.DE,2.0,207,2.51,3.0,17.0,403.0,0.49,9.65,2.0,33.8,38.1,1.04,51.8,1.4,76.8,1.94,124.5,2.98,201.6,5.16,238.4,6.02,341.8,8.92
MRK.DE,3.0,99,3.42,5.0,18.6,411.8,0.68,12.66,2.0,16.2,30.5,1.11,37.7,1.41,58.8,1.82,83.5,2.78,121.1,3.61,171.8,6.2,281.5,9.28
MRK.DE,4.0,43,4.52,5.0,12.2,250.3,0.53,8.86,3.0,18.6,24.7,1.0,36.1,1.57,57.2,2.2,81.4,3.56,119.7,5.53,159.8,6.45,233.7,8.82
MRK.DE,5.0,25,5.3,7.0,13.7,143.8,0.73,6.26,4.0,4.0,29.3,1.65,39.5,2.05,58.5,2.62,73.5,3.43,90.4,3.68,94.4,3.78,132.0,5.67
MRK.DE,6.0,8,6.22,6.5,9.0,81.5,0.65,4.02,1.0,0.0,14.9,0.78,18.7,1.17,30.0,1.45,41.2,2.01,65.5,3.08,73.5,3.55,79.9,3.92
MRK.DE,7.0,9,7.41,9.0,15.3,65.9,1.12,3.39,1.0,0.0,17.8,1.16,18.9,1.18,22.6,1.33,42.8,2.24,50.9,2.77,58.4,3.08,64.4,3.33
MRK.DE,8.0,2,8.55,20.5,18.9,88.7,1.22,8.12,5.5,0.0,25.9,1.91,36.4,2.94,53.8,4.67,71.2,6.4,81.7,7.43,85.2,7.78,88.0,8.06
MRK.DE,11.0,1,11.98,4.0,113.8,113.8,7.79,7.79,17.0,100.0,113.8,7.79,113.8,7.79,113.8,7.79,113.8,7.79,113.8,7.79,113.8,7.79,113.8,7.79
MRK.DE,15.0,1,15.53,22.0,22.0,22.0,1.83,1.83,3.0,0.0,22.0,1.83,22.0,1.83,22.0,1.83,22.0,1.83,22.0,1.83,22.0,1.83,22.0,1.83
MRNA,1.0,109,1.47,2.0,42.5,470.9,0.74,8.6,2.0,67.0,68.2,1.06,84.5,1.28,122.2,1.9,168.2,2.53,265.4,3.8,327.0,4.43,437.9,7.9
MRNA,2.0,74,2.31,3.0,32.8,466.3,0.75,9.13,2.0,41.9,47.8,1.12,60.5,1.5,87.1,2.11,136.5,3.2,182.4,4.27,256.4,6.03,380.5,8.14
MRNA,3.0,22,3.41,3.0,31.0,294.5,0.99,8.5,3.0,18.2,36.1,1.08,40.5,1.32,65.7,2.23,88.9,2.6,139.4,4.38,212.9,7.0,278.1,8.21
MRNA,4.0,13,4.57,5.0,21.1,95.7,0.88,3.63,2.0,0.0,25.5,1.02,34.8,1.46,54.9,2.28,71.1,2.82,87.8,3.3,93.3,3.48,95.2,3.6
MRNA,5.0,15,5.31,7.0,18.8,153.0,0.83,6.86,2.0,6.7,25.2,1.31,31.6,1.46,41.6,2.06,60.9,3.06,94.0,4.08,112.0,5.05,144.8,6.5
MRNA,6.0,6,6.49,9.5,32.3,114.8,1.79,5.4,3.5,16.7,35.0,1.81,41.3,1.97,53.1,3.08,55.0,4.01,85.0,4.75,99.9,5.07,111.8,5.34
MRNA,7.0,5,7.61,8.0,34.7,73.0,2.0,4.09,2.0,0.0,38.5,2.16,44.1,2.41,59.4,3.58,66.5,3.68,70.4,3.93,71.7,4.01,72.7,4.08
MRNA,8.0,2,8.52,5.5,45.8,72.9,2.6,4.7,4.0,0.0,48.5,2.81,52.6,3.12,59.4,3.65,66.1,4.17,70.2,4.49,71.5,4.59,72.6,4.68
MRNA,9.0,1,9.68,10.0,72.8,72.8,4.42,4.42,5.0,0.0,72.8,4.42,72.8,4.42,72.8,4.42,72.8,4.42,72.8,4.42,72.8,4.42,72.8,4.42
MRNA,11.0,3,11.14,13.0,21.9,38.7,1.82,2.61,1.0,0.0,23.4,1.85,25.7,1.9,29.5,1.98,34.1,2.29,36.9,2.48,37.8,2.55,38.5,2.6
MRNA,13.0,2,13.47,4.0,59.3,77.3,4.06,4.6,1.0,0.0,61.1,4.11,63.8,4.19,68.3,4.33,72.8,4.46,75.5,4.54,76.4,4.57,77.1,4.59
MRNA,30.0,1,37.36,27.0,9.7,9.7,1.16,1.16,1.0,0.0,9.7,1.16,9.7,1.16,9.7,1.16,9.7,1.16,9.7,1.16,9.7,1.16,9.7,1.16
MRVL,1.0,362,1.49,2.0,31.8,559.5,0.6,9.73,2.0,61.9,64.8,1.0,83.6,1.25,118.2,1.78,180.2,2.74,274.8,3.82,319.9,4.92,485.6,6.16
MRVL,2.0,217,2.43,3.0,20.2,428.3,0.52,9.46,2.0,34.6,39.3,1.03,52.3,1.31,78.5,1.83,117.5,2.76,148.8,3.67,199.3,4.7,328.2,7.42
MRVL,3.0,92,3.42,4.0,23.4,248.0,0.7,7.18,2.0,22.8,31.2,1.1,45.7,1.51,64.9,2.13,93.3,3.24,153.1,4.77,174.9,5.61,201.0,6.74
MRVL,4.0,33,4.34,7.0,19.6,80.3,0.79,3.76,2.0,0.0,31.8,1.31,33.8,1.49,43.1,1.81,61.7,2.42,68.8,2.59,74.2,2.83,79.4,3.48
MRVL,5.0,25,5.56,6.0,18.7,148.4,1.11,7.06,3.0,16.0,22.2,1.25,28.0,1.4,44.0,2.0,74.8,3.61,105.1,5.16,129.7,5.87,145.2,6.8
MRVL,6.0,14,6.63,6.0,19.8,120.3,1.15,7.03,2.0,7.1,20.7,1.21,24.1,1.35,34.2,1.8,52.7,2.97,71.5,3.65,91.6,4.92,114.6,6.61
MRVL,7.0,6,7.51,8.0,24.7,58.6,1.26,3.63,2.5,0.0,25.3,1.42,27.3,1.67,35.4,2.06,41.5,2.45,50.5,3.08,54.5,3.36,57.8,3.58
MRVL,8.0,1,8.98,4.0,48.5,48.5,2.99,2.99,2.0,0.0,48.5,2.99,48.5,2.99,48.5,2.99,48.5,2.99,48.5,2.99,48.5,2.99,48.5,2.99
MRVL,9.0,4,9.4,7.5,23.0,61.3,1.49,4.59,3.0,0.0,26.0,1.64,30.4,1.87,45.3,3.04,58.6,4.22,60.2,4.44,60.8,4.52,61.2,4.58
MRVL,10.0,4,10.72,7.5,15.5,46.7,1.41,3.13,3.0,0.0,16.5,1.45,18.0,1.5,30.1,2.15,42.6,2.87,45.1,3.02,45.9,3.07,46.5,3.12
MRVL,16.0,1,16.87,3.0,46.7,46.7,3.59,3.59,4.0,0.0,46.7,3.59,46.7,3.59,46.7,3.59,46.7,3.59,46.7,3.59,46.7,3.59,46.7,3.59
MS,1.0,360,1.44,2.0,29.6,855.0,0.5,11.77,2.0,64.7,61.8,1.0,82.6,1.26,123.3,1.81,182.9,2.59,282.3,4.14,351.5,4.92,608.3,7.36
MS,2.0,226,2.38,3.0,19.8,660.4,0.59,13.06,2.0,36.3,41.5,1.02,54.8,1.37,78.2,1.88,123.3,2.88,179.5,4.35,236.2,5.6,323.8,7.16
MS,3.0,112,3.5,4.0,13.2,230.5,0.51,7.09,2.0,11.6,25.3,0.87,34.0,1.14,46.2,1.62,72.7,2.4,103.5,3.32,125.5,3.83,166.3,5.19
MS,4.0,53,4.36,6.0,16.1,116.6,0.8,4.65,2.0,5.7,27.5,1.15,37.0,1.47,48.4,1.93,62.4,2.81,87.9,3.63,97.9,4.09,111.7,4.52
MS,5.0,13,5.34,6.0,15.3,143.5,0.87,6.32,3.0,15.4,30.1,1.52,36.2,1.75,45.0,2.3,62.8,3.06,98.6,4.62,118.1,5.39,138.4,6.14
MS,6.0,10,6.54,7.0,23.3,79.9,1.37,4.32,3.0,0.0,28.9,1.54,32.7,1.85,50.3,2.83,62.3,3.35,73.2,3.53,76.5,3.93,79.2,4.24
MS,7.0,4,7.45,11.0,22.8,43.2,1.34,2.8,2.0,0.0,24.2,1.47,26.3,1.66,31.2,2.03,37.0,2.42,40.7,2.65,42.0,2.73,43.0,2.79
MS,8.0,3,8.09,5.0,43.8,75.1,2.35,4.6,5.0,0.0,47.5,2.79,53.0,3.46,62.1,4.57,68.6,4.59,72.5,4.59,73.8,4.6,74.8,4.6
MS,9.0,1,9.11,16.0,19.4,19.4,1.44,1.44,2.0,0.0,19.4,1.44,19.4,1.44,19.4,1.44,19.4,1.44,19.4,1.44,19.4,1.44,19.4,1.44
MS,10.0,1,10.1,15.0,18.3,18.3,1.5,1.5,3.0,0.0,18.3,1.5,18.3,1.5,18.3,1.5,18.3,1.5,18.3,1.5,18.3,1.5,18.3,1.5
MS,11.0,2,11.29,11.5,28.0,38.4,2.01,3.16,5.5,0.0,29.0,2.12,30.6,2.29,33.2,2.58,35.8,2.87,37.4,3.04,37.9,3.1,38.3,3.15
MS,12.0,1,12.88,11.0,10.1,10.1,0.68,0.68,1.0,0.0,10.1,0.68,10.1,0.68,10.1,0.68,10.1,0.68,10.1,0.68,10.1,0.68,10.1,0.68
MSFT,1.0,328,1.49,2.0,31.4,507.4,0.38,8.6,2.0,61.6,57.2,0.94,79.1,1.21,116.2,1.72,169.0,2.44,240.9,3.82,312.3,4.63,411.2,6.4
MSFT,2.0,220,2.45,3.0,23.4,408.2,0.54,8.8,2.0,34.5,38.0,1.04,55.5,1.35,81.4,1.99,117.4,2.78,169.0,4.04,195.9,4.84,275.3,6.65
MSFT,3.0,100,3.41,5.0,20.0,246.5,0.63,8.63,2.0,19.0,29.4,1.0,40.0,1.43,60.4,2.08,87.3,2.7,134.4,4.32,146.6,4.7,210.3,8.19
MSFT,4.0,47,4.37,6.0,14.5,202.9,0.67,8.73,2.0,12.8,28.4,1.19,36.1,1.43,50.8,1.96,83.2,3.26,140.8,5.05,163.0,6.55,192.0,7.95
MSFT,5.0,22,5.45,7.0,10.0,148.6,0.64,6.94,1.0,13.6,14.5,0.84,24.4,1.13,34.1,1.66,60.0,2.66,116.8,4.78,146.7,6.83,148.5,6.94
MSFT,6.0,12,6.51,6.0,12.4,97.5,0.84,5.32,3.0,0.0,19.1,1.34,30.9,1.62,52.6,2.98,71.8,3.65,86.9,4.75,92.0,5.05,96.4,5.26
MSFT,7.0,11,7.42,9.0,8.9,75.2,0.79,3.96,2.0,0.0,20.2,1.3,21.6,1.53,26.8,1.62,34.7,1.9,41.9,2.4,58.5,3.18,71.9,3.81
MSFT,8.0,1,8.48,9.0,22.3,22.3,1.39,1.39,3.0,0.0,22.3,1.39,22.3,1.39,22.3,1.39,22.3,1.39,22.3,1.39,22.3,1.39,22.3,1.39
MSFT,9.0,1,9.07,5.0,32.0,32.0,2.14,2.14,2.0,0.0,32.0,2.14,32.0,2.14,32.0,2.14,32.0,2.14,32.0,2.14,32.0,2.14,32.0,2.14
MSFT,10.0,1,10.33,11.0,40.8,40.8,2.31,2.31,1.0,0.0,40.8,2.31,40.8,2.31,40.8,2.31,40.8,2.31,40.8,2.31,40.8,2.31,40.8,2.31
MSFT,11.0,1,11.28,5.0,28.4,28.4,1.86,1.86,2.0,0.0,28.4,1.86,28.4,1.86,28.4,1.86,28.4,1.86,28.4,1.86,28.4,1.86,28.4,1.86
MSFT,12.0,3,12.23,9.0,26.8,42.0,2.03,3.05,4.0,0.0,29.0,2.15,32.2,2.34,37.7,2.66,39.9,2.85,41.1,2.97,41.6,3.01,41.9,3.04
MSTR,1.0,365,1.52,2.0,31.4,746.6,0.52,13.06,2.0,54.8,63.4,0.97,80.5,1.2,108.9,1.68,176.7,2.57,268.4,4.04,362.3,5.62,618.1,8.14
MSTR,2.0,160,2.39,3.0,23.0,794.1,0.65,16.59,2.0,33.1,40.8,0.99,51.7,1.32,77.2,1.85,113.8,2.7,167.5,3.79,237.3,4.97,446.7,10.33
MSTR,3.0,74,3.4,5.0,18.8,295.9,0.5,7.88,3.0,12.2,29.4,1.11,46.9,1.49,63.2,2.13,83.6,2.76,104.7,3.63,128.6,4.32,210.6,5.55
MSTR,4.0,37,4.39,5.0,23.7,473.6,1.04,15.72,3.0,13.5,30.1,1.15,36.8,1.5,51.3,2.35,84.1,3.06,113.4,4.18,127.7,5.18,362.7,12.09
MSTR,5.0,17,5.53,7.0,21.1,118.2,0.97,5.39,3.0,5.9,23.3,1.16,33.3,1.44,35.3,1.87,59.0,2.54,86.8,3.79,93.9,4.31,113.3,5.18
MSTR,6.0,7,6.41,5.0,18.2,95.9,1.41,4.49,3.0,0.0,25.0,1.46,30.6,1.59,41.0,2.59,79.4,3.71,92.5,4.21,94.2,4.35,95.6,4.47
MSTR,7.0,10,7.29,8.0,17.2,91.1,0.86,4.05,3.0,0.0,23.4,1.2,24.8,1.52,43.4,2.34,59.5,3.53,65.8,3.96,78.5,4.0,88.6,4.04
MSTR,8.0,5,8.5,9.0,16.1,50.0,1.03,2.89,2.0,0.0,18.3,1.18,21.6,1.4,26.4,2.0,37.9,2.29,45.2,2.65,47.6,2.77,49.5,2.87
MSTR,9.0,7,9.43,7.0,18.0,80.6,0.86,5.31,2.0,0.0,21.0,1.26,27.1,1.71,38.9,2.2,39.3,2.44,56.1,3.61,68.4,4.46,78.2,5.14
MSTR,10.0,3,10.23,15.0,15.9,76.1,1.0,4.92,4.0,0.0,16.3,1.15,16.9,1.38,18.0,1.76,47.0,3.34,64.5,4.29,70.3,4.6,74.9,4.86
MSTR,12.0,3,12.23,6.0,33.4,59.9,2.18,4.98,2.0,0.0,36.2,2.45,40.5,2.87,47.6,3.55,53.8,4.27,57.4,4.7,58.7,4.84,59.7,4.95
MSTR,13.0,1,13.19,6.0,42.0,42.0,2.98,2.98,3.0,0.0,42.0,2.98,42.0,2.98,42.0,2.98,42.0,2.98,42.0,2.98,42.0,2.98,42.0,2.98
MSTR,14.0,1,14.78,5.0,33.5,33.5,2.24,2.24,1.0,0.0,33.5,2.24,33.5,2.24,33.5,2.24,33.5,2.24,33.5,2.24,33.5,2.24,33.5,2.24
MSTR,19.0,1,19.92,14.0,13.5,13.5,0.92,0.92,1.0,0.0,13.5,0.92,13.5,0.92,13.5,0.92,13.5,0.92,13.5,0.92,13.5,0.92,13.5,0.92
MTX.DE,1.0,337,1.46,2.0,28.1,1896.5,0.56,32.19,2.0,57.3,58.3,0.95,77.8,1.16,108.6,1.63,172.9,2.63,262.6,3.8,326.3,4.68,609.9,8.41
MTX.DE,2.0,208,2.42,3.0,21.2,424.9,0.51,9.72,2.0,37.5,43.4,1.1,56.5,1.46,84.3,2.02,124.1,3.01,168.5,3.76,208.5,5.23,273.9,6.85
MTX.DE,3.0,117,3.39,4.0,19.5,242.7,0.69,7.26,2.0,21.4,29.6,1.08,40.1,1.43,55.5,1.93,82.8,2.76,125.5,4.3,174.3,5.38,180.3,6.08
MTX.DE,4.0,44,4.47,6.0,9.8,123.8,0.45,5.53,2.0,6.8,25.4,1.12,33.5,1.55,49.2,2.04,81.1,3.51,96.8,3.9,101.8,4.4,115.5,5.12
MTX.DE,5.0,26,5.54,6.0,12.3,129.4,0.58,6.31,2.0,11.5,18.3,1.21,34.2,1.56,44.1,2.0,67.1,3.15,94.2,4.5,104.3,5.18,123.5,6.08
MTX.DE,6.0,8,6.33,10.5,23.9,100.6,1.46,5.46,2.0,12.5,24.9,1.62,26.7,1.72,47.8,2.62,62.1,3.42,93.5,4.63,97.0,5.04,99.9,5.38
MTX.DE,7.0,7,7.53,8.0,18.5,132.5,1.01,6.16,4.0,14.3,20.1,1.18,24.5,1.38,28.4,1.8,54.2,3.11,97.8,4.91,115.1,5.53,129.0,6.03
MTX.DE,8.0,6,8.52,10.5,13.9,54.7,1.09,3.32,1.5,0.0,14.8,1.12,18.3,1.27,28.0,1.85,44.7,2.95,52.2,3.28,53.5,3.3,54.5,3.32
MTX.DE,10.0,1,10.19,6.0,27.6,27.6,1.87,1.87,1.0,0.0,27.6,1.87,27.6,1.87,27.6,1.87,27.6,1.87,27.6,1.87,27.6,1.87,27.6,1.87
MU,1.0,354,1.47,2.0,32.5,733.7,0.52,9.89,2.0,64.1,62.8,1.0,85.6,1.28,126.5,1.88,185.7,2.82,282.0,3.89,337.5,4.94,549.4,7.06
MU,2.0,207,2.42,3.0,20.2,454.3,0.58,10.66,2.0,32.9,40.0,1.0,57.0,1.39,82.3,2.01,115.3,2.72,164.3,3.76,206.2,4.41,288.1,6.98
MU,3.0,93,3.47,5.0,17.3,238.3,0.69,8.11,2.0,18.3,27.0,0.99,39.1,1.35,55.4,1.95,86.5,2.96,128.8,4.06,161.9,5.43,237.4,7.72
MU,4.0,47,4.44,5.0,19.2,137.3,0.76,6.12,3.0,14.9,27.7,1.21,37.8,1.47,54.4,2.26,75.0,3.11,111.3,3.92,124.3,4.86,136.2,5.76
MU,5.0,36,5.43,7.0,19.0,147.2,0.97,5.86,2.0,2.8,20.3,1.14,27.6,1.39,42.9,2.08,56.8,2.73,82.0,3.7,90.2,4.06,129.6,5.24
MU,6.0,15,6.63,8.0,14.9,61.2,0.96,3.7,1.0,0.0,15.4,0.97,17.6,1.19,24.4,1.44,31.6,1.62,40.4,2.11,47.7,2.68,58.5,3.5
MU,7.0,8,7.22,6.5,26.8,56.5,1.47,3.56,2.0,0.0,29.8,1.61,31.8,2.01,40.3,2.2,51.5,2.87,53.0,3.49,54.8,3.53,56.1,3.55
MU,8.0,1,8.69,11.0,29.2,29.2,1.96,1.96,1.0,0.0,29.2,1.96,29.2,1.96,29.2,1.96,29.2,1.96,29.2,1.96,29.2,1.96,29.2,1.96
MU,9.0,1,9.37,12.0,26.7,26.7,1.83,1.83,2.0,0.0,26.7,1.83,26.7,1.83,26.7,1.83,26.7,1.83,26.7,1.83,26.7,1.83,26.7,1.83
MU,10.0,1,10.19,7.0,33.5,33.5,2.26,2.26,1.0,0.0,33.5,2.26,33.5,2.26,33.5,2.26,33.5,2.26,33.5,2.26,33.5,2.26,33.5,2.26
MU,12.0,1,12.59,9.0,33.9,33.9,2.44,2.44,1.0,0.0,33.9,2.44,33.9,2.44,33.9,2.44,33.9,2.44,33.9,2.44,33.9,2.44,33.9,2.44
MU,13.0,1,13.54,12.0,19.7,19.7,1.76,1.76,1.0,0.0,19.7,1.76,19.7,1.76,19.7,1.76,19.7,1.76,19.7,1.76,19.7,1.76,19.7,1.76
MUFG,1.0,390,1.45,1.5,33.3,1366.7,0.51,19.93,2.0,67.2,60.0,0.94,85.5,1.27,121.1,1.78,180.0,2.69,260.1,3.87,342.1,4.7,502.1,7.23
MUFG,2.0,193,2.41,2.0,22.0,680.0,0.63,13.86,2.0,39.4,44.1,1.06,57.3,1.36,82.6,2.03,126.1,2.85,175.4,4.19,209.3,5.52,305.4,7.53
MUFG,3.0,102,3.43,4.0,14.3,323.1,0.54,10.26,2.0,11.8,25.8,0.89,35.3,1.24,51.5,1.69,70.6,2.35,108.0,3.83,144.1,4.45,269.4,7.84
MUFG,4.0,57,4.33,4.0,9.6,161.0,0.38,6.05,2.0,12.3,29.4,1.18,36.7,1.5,53.1,2.18,72.7,3.48,109.5,4.31,123.8,5.05,153.8,5.76
MUFG,5.0,29,5.39,5.0,10.5,371.2,0.51,14.9,2.0,3.4,19.2,1.12,28.9,1.4,38.6,2.11,58.3,2.56,74.5,3.47,89.6,4.35,292.8,11.96
MUFG,6.0,13,6.48,6.0,10.9,130.1,0.69,6.93,2.0,23.1,18.5,0.95,30.4,1.5,37.3,2.09,71.6,4.17,104.2,5.8,114.7,6.36,127.0,6.81
MUFG,7.0,8,7.82,8.5,17.3,96.5,1.3,5.92,2.0,0.0,23.7,1.74,27.6,2.15,40.2,2.62,47.9,3.47,73.3,5.11,84.9,5.51,94.2,5.83
MUFG,8.0,6,8.35,6.0,21.0,140.0,1.61,9.88,3.5,16.7,23.2,1.69,27.0,1.83,34.8,2.42,68.1,4.34,109.0,7.37,124.5,8.62,136.9,9.63
MUFG,9.0,3,9.39,8.0,8.3,59.3,0.64,4.22,6.0,0.0,16.8,1.31,29.5,2.31,50.6,3.99,55.0,4.11,57.6,4.18,58.4,4.2,59.1,4.22
MUFG,12.0,2,12.55,9.5,12.7,35.9,1.04,3.62,2.5,0.0,15.0,1.3,18.5,1.68,24.3,2.33,30.1,2.97,33.6,3.36,34.7,3.49,35.7,3.59
MUFG,15.0,2,15.45,6.0,12.9,24.8,1.08,2.03,2.0,0.0,14.1,1.18,15.9,1.32,18.9,1.56,21.8,1.79,23.6,1.93,24.2,1.98,24.7,2.02
MUFG,16.0,1,16.27,15.0,17.2,17.2,1.76,1.76,2.0,0.0,17.2,1.76,17.2,1.76,17.2,1.76,17.2,1.76,17.2,1.76,17.2,1.76,17.2,1.76
MUV2.DE,1.0,313,1.52,2.0,34.5,686.7,0.65,10.7,2.0,61.3,60.4,0.96,81.2,1.21,117.0,1.79,175.9,2.79,264.7,3.81,308.8,4.69,530.7,6.9
MUV2.DE,2.0,217,2.42,3.0,27.4,628.3,0.68,13.17,2.0,38.2,41.6,1.07,57.1,1.35,79.8,1.91,121.2,2.86,185.6,4.63,222.1,5.29,313.1,8.04
MUV2.DE,3.0,103,3.4,5.0,17.0,427.0,0.68,12.62,2.0,14.6,28.5,1.03,36.2,1.25,54.3,1.85,77.1,2.55,114.8,3.46,136.3,4.66,295.1,8.49
MUV2.DE,4.0,38,4.5,7.0,17.6,183.2,0.85,8.2,2.0,21.1,22.0,0.98,31.5,1.42,51.4,2.15,81.2,3.35,119.4,4.85,178.0,7.44,183.1,8.05
MUV2.DE,5.0,32,5.62,7.0,10.2,346.4,0.63,22.55,2.0,15.6,17.7,0.91,21.9,1.1,40.3,1.96,64.8,3.0,125.3,5.83,171.5,7.51,303.3,18.19
MUV2.DE,6.0,12,6.24,8.5,12.7,170.9,0.92,7.42,2.5,8.3,21.0,1.19,30.7,1.46,39.5,2.2,43.9,2.62,79.0,4.26,122.4,5.75,161.2,7.09
MUV2.DE,7.0,3,7.3,11.0,13.4,30.0,1.12,1.69,1.0,0.0,15.6,1.16,18.9,1.22,24.4,1.32,27.2,1.51,28.9,1.62,29.4,1.66,29.9,1.69
MUV2.DE,8.0,3,8.47,20.0,9.4,26.1,1.15,1.78,1.0,0.0,11.1,1.16,13.7,1.17,18.0,1.19,22.1,1.48,24.5,1.66,25.3,1.72,25.9,1.77
MUV2.DE,9.0,1,9.08,12.0,35.1,35.1,2.34,2.34,4.0,0.0,35.1,2.34,35.1,2.34,35.1,2.34,35.1,2.34,35.1,2.34,35.1,2.34,35.1,2.34
NEE,1.0,337,1.49,2.0,33.6,762.2,0.51,11.71,2.0,55.2,58.9,0.93,77.7,1.13,104.5,1.64,167.2,2.41,231.5,3.31,332.5,4.37,562.6,7.47
NEE,2.0,209,2.42,3.0,24.2,355.6,0.67,7.06,2.0,30.6,42.5,1.08,56.6,1.41,75.8,1.86,110.5,2.7,174.8,3.83,214.7,5.18,298.1,6.4
NEE,3.0,94,3.43,5.0,14.4,443.9,0.64,12.58,3.0,16.0,32.1,1.19,44.5,1.42,57.8,1.93,84.9,2.82,116.5,4.04,133.5,4.53,269.6,8.0
NEE,4.0,50,4.57,6.0,12.8,502.0,0.58,22.07,2.5,12.0,29.8,1.23,39.4,1.76,58.0,2.6,74.6,3.0,103.7,4.26,121.2,5.27,350.6,15.31
NEE,5.0,24,5.47,7.5,12.0,220.5,0.97,9.95,1.5,4.2,18.8,1.03,25.8,1.21,34.8,1.77,50.7,2.33,89.0,4.42,91.9,5.72,191.0,9.02
NEE,6.0,10,6.46,9.0,15.2,218.3,1.11,10.27,3.0,20.0,21.9,1.29,24.9,1.48,48.9,2.34,73.4,3.02,148.2,7.45,183.2,8.86,211.3,9.99
NEE,7.0,1,7.16,12.0,39.5,39.5,2.48,2.48,4.0,0.0,39.5,2.48,39.5,2.48,39.5,2.48,39.5,2.48,39.5,2.48,39.5,2.48,39.5,2.48
NEE,8.0,4,8.47,14.0,16.6,35.9,1.4,2.35,2.5,0.0,19.9,1.49,24.8,1.64,27.8,1.98,30.0,2.27,33.5,2.32,34.7,2.33,35.7,2.34
NEE,9.0,1,9.66,21.0,20.9,20.9,1.92,1.92,4.0,0.0,20.9,1.92,20.9,1.92,20.9,1.92,20.9,1.92,20.9,1.92,20.9,1.92,20.9,1.92
NEE,10.0,1,10.68,20.0,25.8,25.8,2.08,2.08,3.0,0.0,25.8,2.08,25.8,2.08,25.8,2.08,25.8,2.08,25.8,2.08,25.8,2.08,25.8,2.08
NEE,12.0,1,12.4,20.0,24.6,24.6,2.19,2.19,4.0,0.0,24.6,2.19,24.6,2.19,24.6,2.19,24.6,2.19,24.6,2.19,24.6,2.19,24.6,2.19
NEM,1.0,402,1.46,2.0,34.1,722.1,0.59,9.79,2.0,60.9,62.4,0.97,83.4,1.27,120.8,1.76,182.3,2.63,273.4,3.94,336.3,4.74,549.7,6.96
NEM,2.0,214,2.37,3.0,20.9,490.9,0.58,9.01,2.0,33.2,43.6,1.08,56.7,1.34,81.9,2.0,114.5,2.84,165.7,3.86,220.3,5.17,277.2,6.45
NEM,3.0,93,3.4,4.0,19.3,216.7,0.75,7.21,2.0,10.8,31.8,1.1,39.7,1.35,50.0,1.76,72.8,2.49,101.7,3.18,142.7,4.49,186.0,7.05
NEM,4.0,36,4.37,5.5,16.0,135.3,0.78,5.58,3.0,8.3,29.0,1.17,35.9,1.56,58.8,2.15,78.8,3.07,95.7,3.9,115.2,4.35,129.8,5.2
NEM,5.0,23,5.41,7.0,15.0,173.3,0.71,10.58,2.0,8.7,22.7,1.2,28.4,1.43,44.9,2.24,63.8,3.26,77.9,4.14,108.1,4.91,159.7,9.35
NEM,6.0,14,6.26,8.5,17.7,190.3,0.9,8.21,1.0,7.1,21.1,1.12,25.5,1.27,29.0,1.54,40.8,2.15,43.6,2.38,95.1,4.46,171.3,7.46
NEM,7.0,5,7.26,5.0,20.8,81.4,1.09,4.38,1.0,0.0,23.8,1.31,28.3,1.65,42.3,2.13,51.7,2.54,69.5,3.65,75.5,4.01,80.2,4.31
NEM,8.0,3,8.21,7.0,20.9,66.2,1.46,3.61,2.0,0.0,21.6,1.51,22.6,1.59,24.4,1.71,45.3,2.66,57.8,3.23,62.0,3.42,65.4,3.57
NEM,9.0,1,9.16,13.0,114.9,114.9,8.0,8.0,4.0,100.0,114.9,8.0,114.9,8.0,114.9,8.0,114.9,8.0,114.9,8.0,114.9,8.0,114.9,8.0
NEM,10.0,1,10.35,14.0,40.2,40.2,2.56,2.56,1.0,0.0,40.2,2.56,40.2,2.56,40.2,2.56,40.2,2.56,40.2,2.56,40.2,2.56,40.2,2.56
NET,1.0,113,1.39,2.0,32.4,526.4,0.54,8.0,2.0,61.1,59.8,0.94,79.5,1.12,115.7,1.63,167.8,2.52,229.4,3.46,288.6,4.7,466.1,5.5
NET,2.0,76,2.33,3.0,22.3,276.0,0.67,6.04,2.0,43.4,36.4,0.95,53.7,1.23,88.8,2.18,133.1,3.15,180.4,4.15,217.7,5.36,241.6,6.03
NET,3.0,33,3.26,5.0,18.7,192.1,0.71,5.63,2.0,12.1,30.6,0.98,40.7,1.3,55.9,1.86,87.2,3.17,100.4,3.87,180.1,5.29,188.4,5.58
NET,4.0,19,4.55,6.0,17.3,110.1,0.86,4.46,2.0,5.3,27.8,1.21,40.2,1.61,55.6,2.23,73.7,2.8,88.0,3.99,94.0,4.1,106.9,4.39
NET,5.0,9,5.16,7.0,26.9,123.5,1.73,6.71,3.0,22.2,30.1,1.83,31.6,2.21,79.1,3.04,87.2,4.61,108.3,5.25,115.9,5.98,122.0,6.56
NET,6.0,4,6.45,4.5,30.7,117.4,1.61,5.59,4.5,25.0,37.9,2.01,48.8,2.62,59.0,3.51,76.8,4.44,101.2,5.13,109.3,5.36,115.8,5.55
NET,7.0,5,7.6,7.0,13.9,52.3,1.01,2.6,2.0,0.0,17.3,1.18,22.3,1.45,41.9,2.26,43.8,2.34,48.9,2.49,50.6,2.54,52.0,2.58
NET,8.0,2,8.68,11.0,36.4,78.6,2.49,4.51,3.5,0.0,40.6,2.69,46.9,2.99,57.5,3.5,68.0,4.0,74.4,4.31,76.5,4.41,78.2,4.49
NET,10.0,1,10.97,5.0,48.5,48.5,3.5,3.5,2.0,0.0,48.5,3.5,48.5,3.5,48.5,3.5,48.5,3.5,48.5,3.5,48.5,3.5,48.5,3.5
NET,11.0,1,11.88,6.0,34.1,34.1,2.51,2.51,1.0,0.0,34.1,2.51,34.1,2.51,34.1,2.51,34.1,2.51,34.1,2.51,34.1,2.51,34.1,2.51
NET,13.0,1,13.9,16.0,20.9,20.9,1.98,1.98,3.0,0.0,20.9,1.98,20.9,1.98,20.9,1.98,20.9,1.98,20.9,1.98,20.9,1.98,20.9,1.98
NFLX,1.0,356,1.48,2.0,32.6,975.4,0.48,12.94,2.0,60.1,61.0,0.93,84.2,1.21,114.9,1.84,182.1,2.77,267.4,4.08,347.1,5.01,685.8,8.28
NFLX,2.0,173,2.35,3.0,26.4,360.2,0.58,9.52,2.0,33.5,37.7,1.01,54.6,1.31,78.5,1.88,119.9,2.88,181.2,4.59,218.9,5.54,297.0,6.65
NFLX,3.0,81,3.45,5.0,20.4,205.0,0.7,6.74,2.0,11.1,29.5,1.19,40.8,1.38,52.3,1.76,75.1,2.57,102.7,3.78,152.0,4.91,199.2,6.68
NFLX,4.0,40,4.44,5.0,18.8,149.0,0.77,5.54,3.0,17.5,27.0,1.09,39.3,1.71,61.1,2.32,77.1,3.54,118.6,4.35,122.9,5.08,145.7,5.43
NFLX,5.0,20,5.59,8.5,8.6,101.8,0.81,4.01,2.0,5.0,18.2,1.0,28.0,1.43,34.1,1.74,44.4,2.31,51.7,2.71,69.8,3.44,95.4,3.9
NFLX,6.0,16,6.61,8.0,17.2,110.0,1.01,5.01,3.0,6.2,21.7,1.25,28.5,1.41,42.8,2.4,63.4,3.31,74.3,3.84,85.8,4.25,105.2,4.86
NFLX,7.0,14,7.34,7.0,16.5,145.2,0.85,7.72,2.0,7.1,17.5,1.17,24.7,1.42,31.2,1.76,51.9,3.29,56.1,3.42,87.9,4.95,133.7,7.16
NFLX,8.0,4,8.37,5.5,24.2,51.1,1.39,3.45,5.0,0.0,26.8,1.56,30.8,1.82,37.0,2.15,43.6,2.62,48.1,3.11,49.6,3.28,50.8,3.41
NFLX,9.0,6,9.54,8.5,15.5,59.3,1.19,3.85,1.5,0.0,17.8,1.29,21.4,1.49,29.1,2.0,41.4,2.55,51.8,3.26,55.5,3.55,58.5,3.79
NFLX,10.0,4,10.68,13.5,11.5,23.9,0.79,1.81,1.0,0.0,13.0,0.9,15.2,1.07,16.8,1.23,18.8,1.42,21.9,1.65,22.9,1.73,23.7,1.79
NFLX,11.0,1,11.36,21.0,16.9,16.9,0.95,0.95,2.0,0.0,16.9,0.95,16.9,0.95,16.9,0.95,16.9,0.95,16.9,0.95,16.9,0.95,16.9,0.95
NFLX,12.0,3,12.78,8.0,34.1,59.3,2.04,4.91,6.0,0.0,38.8,2.56,45.9,3.33,57.7,4.62,58.5,4.77,59.0,4.85,59.1,4.88,59.3,4.91
NFLX,14.0,1,14.82,10.0,14.1,14.1,1.2,1.2,2.0,0.0,14.1,1.2,14.1,1.2,14.1,1.2,14.1,1.2,14.1,1.2,14.1,1.2,14.1,1.2
NFLX,17.0,1,17.79,10.0,14.0,14.0,1.28,1.28,3.0,0.0,14.0,1.28,14.0,1.28,14.0,1.28,14.0,1.28,14.0,1.28,14.0,1.28,14.0,1.28
NFLX,19.0,1,19.43,4.0,25.6,25.6,2.14,2.14,1.0,0.0,25.6,2.14,25.6,2.14,25.6,2.14,25.6,2.14,25.6,2.14,25.6,2.14,25.6,2.14
NG=F,1.0,350,1.46,2.0,34.8,619.1,0.63,8.29,2.0,69.1,72.2,1.1,92.9,1.4,124.4,1.89,172.2,2.57,244.0,3.61,285.4,4.08,447.7,5.98
NG=F,2.0,183,2.44,3.0,30.5,424.6,0.69,7.97,3.0,33.9,48.1,1.15,59.8,1.48,82.6,1.99,111.0,2.79,150.5,3.5,168.1,3.86,244.8,5.69
NG=F,3.0,96,3.34,4.5,22.9,417.4,0.75,12.63,2.0,21.9,34.5,1.17,45.5,1.42,61.0,1.9,93.9,2.96,135.5,4.57,156.6,5.2,201.4,5.92
NG=F,4.0,41,4.38,5.0,25.6,155.1,1.07,6.87,3.0,9.8,36.6,1.51,43.4,1.92,63.9,2.59,75.7,3.04,91.4,3.63,109.3,4.76,153.6,6.65
NG=F,5.0,14,5.72,7.0,17.0,134.6,0.82,7.03,1.5,7.1,27.4,1.34,29.7,1.6,37.1,1.79,54.9,2.55,76.6,3.51,101.3,4.95,127.9,6.62
NG=F,6.0,10,6.69,9.5,22.7,129.4,1.59,5.32,3.0,20.0,26.7,1.59,32.0,1.68,43.2,2.8,72.9,3.88,112.2,5.09,120.8,5.2,127.7,5.3
NG=F,7.0,6,7.46,9.0,22.9,50.1,1.04,3.33,1.5,0.0,24.4,1.37,26.4,1.7,30.6,1.71,42.4,2.09,47.8,2.77,49.0,3.05,49.9,3.28
NG=F,8.0,5,8.64,9.0,30.3,89.7,1.88,5.09,3.0,0.0,33.1,2.09,37.4,2.4,63.8,3.35,66.0,3.48,80.2,4.45,85.0,4.77,88.8,5.03
NG=F,9.0,2,9.66,12.0,13.8,30.5,1.0,1.67,1.5,0.0,15.5,1.06,18.0,1.17,22.1,1.33,26.3,1.5,28.8,1.6,29.7,1.63,30.3,1.66
NG=F,10.0,1,10.03,9.0,61.1,61.1,3.74,3.74,4.0,0.0,61.1,3.74,61.1,3.74,61.1,3.74,61.1,3.74,61.1,3.74,61.1,3.74,61.1,3.74
NG=F,11.0,1,11.46,13.0,61.2,61.2,4.38,4.38,5.0,0.0,61.2,4.38,61.2,4.38,61.2,4.38,61.2,4.38,61.2,4.38,61.2,4.38,61.2,4.38
NG=F,12.0,2,12.36,5.0,72.6,97.3,5.06,6.78,6.0,0.0,75.1,5.23,78.8,5.49,84.9,5.92,91.1,6.35,94.8,6.61,96.1,6.69,97.1,6.76
NKE,1.0,354,1.51,2.0,31.3,879.1,0.54,10.05,2.0,63.8,60.5,0.98,82.9,1.23,115.3,1.77,183.0,2.73,271.0,3.98,345.0,5.24,504.8,8.26
NKE,2.0,238,2.42,3.0,25.8,434.6,0.65,10.74,2.0,33.2,38.5,1.04,54.9,1.35,79.8,1.85,116.6,2.79,170.5,4.11,206.6,4.84,271.5,6.27
NKE,3.0,85,3.34,4.0,17.7,206.9,0.62,7.07,3.0,18.8,34.3,1.15,47.5,1.66,68.7,2.17,92.2,3.04,127.7,5.16,156.5,5.4,198.5,6.17
NKE,4.0,51,4.5,6.0,13.4,178.9,0.6,7.72,2.0,9.8,24.3,1.12,31.9,1.35,45.2,1.79,61.2,2.69,89.9,3.42,124.0,5.37,169.4,6.79
NKE,5.0,19,5.48,4.0,13.8,135.2,0.63,6.46,2.0,5.3,24.5,1.16,30.1,1.47,45.5,2.04,55.0,2.33,63.0,3.58,86.7,4.09,125.5,5.99
NKE,6.0,12,6.34,7.0,12.7,85.0,1.04,4.58,3.0,0.0,22.1,1.21,25.6,1.4,33.0,1.85,71.2,3.46,73.1,4.1,78.6,4.34,83.7,4.53
NKE,7.0,9,7.21,10.0,9.2,77.0,0.59,4.98,2.0,0.0,13.5,1.05,21.2,1.28,27.6,2.25,42.8,2.35,57.9,3.22,67.4,4.1,75.1,4.8
NKE,8.0,2,8.55,6.0,39.6,50.1,2.57,2.84,3.5,0.0,40.6,2.6,42.2,2.64,44.9,2.7,47.5,2.77,49.1,2.81,49.6,2.82,50.0,2.84
NKE,9.0,2,9.79,8.5,21.8,30.9,1.24,1.87,2.0,0.0,22.7,1.3,24.1,1.4,26.4,1.55,28.6,1.71,30.0,1.81,30.4,1.84,30.8,1.86
NKE,10.0,1,10.48,7.0,37.7,37.7,2.54,2.54,5.0,0.0,37.7,2.54,37.7,2.54,37.7,2.54,37.7,2.54,37.7,2.54,37.7,2.54,37.7,2.54
NKE,15.0,1,15.1,12.0,11.9,11.9,1.04,1.04,1.0,0.0,11.9,1.04,11.9,1.04,11.9,1.04,11.9,1.04,11.9,1.04,11.9,1.04,11.9,1.04
NOW,1.0,257,1.52,2.0,20.9,523.5,0.5,7.57,2.0,55.6,57.6,0.87,76.1,1.19,110.0,1.72,162.2,2.53,262.0,3.57,313.8,4.89,404.5,6.48
NOW,2.0,160,2.43,3.0,15.5,337.5,0.51,8.07,2.0,34.4,32.0,0.89,46.5,1.2,76.1,1.88,121.5,2.72,176.6,4.11,208.8,5.05,285.6,6.3
NOW,3.0,67,3.47,4.0,21.4,219.9,0.84,8.91,2.0,19.4,30.9,1.07,38.3,1.17,57.7,1.85,80.4,2.65,136.1,4.26,163.9,4.83,192.2,7.08
NOW,4.0,44,4.33,5.0,16.0,197.1,0.72,7.86,2.5,18.2,27.2,1.21,40.4,1.52,48.0,2.0,77.1,3.06,126.2,4.7,156.6,5.29,184.1,7.19
NOW,5.0,11,5.42,7.0,10.7,86.1,0.68,3.55,1.0,0.0,12.9,0.78,23.4,1.12,38.5,1.97,53.3,2.54,59.3,3.19,72.7,3.37,83.4,3.51
NOW,6.0,9,6.67,9.0,24.2,100.3,1.38,5.43,2.0,11.1,25.7,1.65,38.8,2.08,51.2,2.9,59.6,3.36,71.4,3.79,85.9,4.61,97.4,5.26
NOW,7.0,5,7.56,10.0,14.4,104.6,0.81,6.66,2.0,20.0,21.0,1.44,30.9,2.39,48.4,3.22,66.8,3.59,89.5,5.43,97.0,6.04,103.1,6.54
NOW,8.0,2,8.08,7.5,35.3,47.3,2.04,4.17,3.0,0.0,36.5,2.26,38.3,2.57,41.3,3.11,44.3,3.64,46.1,3.96,46.7,4.06,47.2,4.15
NOW,9.0,3,9.4,7.0,16.2,37.9,0.97,2.23,1.0,0.0,16.3,1.03,16.4,1.13,16.5,1.29,27.2,1.76,33.6,2.04,35.8,2.13,37.5,2.21
NVDA,1.0,301,1.54,2.0,30.9,767.7,0.59,9.5,2.0,59.1,57.8,0.95,79.0,1.26,117.2,1.8,187.2,2.82,275.3,4.26,353.9,5.21,508.0,6.76
NVDA,2.0,203,2.46,3.0,24.8,439.7,0.55,11.45,2.0,27.6,39.0,0.94,50.9,1.31,73.3,1.78,106.0,2.59,152.9,3.93,236.3,5.01,300.7,6.48
NVDA,3.0,111,3.33,5.0,19.5,229.9,0.71,6.47,3.0,23.4,32.4,1.11,41.9,1.44,58.7,2.09,96.9,3.22,128.5,4.37,146.6,4.78,196.0,6.06
NVDA,4.0,49,4.52,5.0,15.1,219.7,0.67,8.48,2.0,10.2,26.4,1.08,30.9,1.44,46.0,2.08,68.2,2.82,97.6,4.02,108.2,4.22,173.8,6.84
NVDA,5.0,22,5.41,7.5,14.5,165.7,0.95,7.83,1.0,4.5,21.5,1.04,25.4,1.34,36.0,1.89,55.0,3.07,82.2,3.65,86.1,4.3,149.0,7.1
NVDA,6.0,11,6.43,8.0,13.0,106.0,0.61,6.46,2.0,9.1,21.5,1.24,23.5,1.29,32.8,2.31,48.9,2.59,59.9,3.05,83.0,4.75,101.4,6.12
NVDA,7.0,3,7.41,12.0,15.0,73.9,1.11,4.31,1.0,0.0,16.2,1.18,18.1,1.28,21.2,1.45,47.6,2.88,63.4,3.74,68.6,4.02,72.8,4.25
NVDA,8.0,6,8.17,8.0,15.3,100.7,0.89,5.47,1.5,16.7,18.6,1.17,25.1,1.62,35.2,2.14,36.7,2.17,68.8,3.82,84.8,4.65,97.5,5.31
NVDA,10.0,1,10.32,19.0,42.0,42.0,3.92,3.92,5.0,0.0,42.0,3.92,42.0,3.92,42.0,3.92,42.0,3.92,42.0,3.92,42.0,3.92,42.0,3.92
NVDA,11.0,2,11.5,11.0,36.7,91.2,2.33,7.22,5.5,0.0,42.2,2.82,50.3,3.56,64.0,4.78,77.6,6.0,85.8,6.73,88.5,6.97,90.7,7.17
NVDA,12.0,2,12.86,16.5,10.4,31.4,0.82,2.53,2.0,0.0,12.5,0.99,15.7,1.25,20.9,1.68,26.1,2.11,29.3,2.36,30.3,2.45,31.2,2.52
NVDA,13.0,1,13.6,3.0,33.9,33.9,2.48,2.48,1.0,0.0,33.9,2.48,33.9,2.48,33.9,2.48,33.9,2.48,33.9,2.48,33.9,2.48,33.9,2.48
NVDA,16.0,2,16.82,20.5,14.2,29.9,1.38,2.67,1.0,0.0,15.8,1.51,18.1,1.7,22.0,2.03,26.0,2.35,28.3,2.54,29.1,2.6,29.7,2.65
NVDA,17.0,1,17.19,6.0,29.6,29.6,2.29,2.29,2.0,0.0,29.6,2.29,29.6,2.29,29.6,2.29,29.6,2.29,29.6,2.29,29.6,2.29,29.6,2.29
NVDA,23.0,1,23.45,8.0,25.6,25.6,2.0,2.0,3.0,0.0,25.6,2.0,25.6,2.0,25.6,2.0,25.6,2.0,25.6,2.0,25.6,2.0,25.6,2.0
NVO,1.0,425,1.46,1.0,24.4,1136.9,0.46,14.28,2.0,54.4,53.7,0.84,72.9,1.1,106.4,1.6,171.0,2.59,258.4,3.78,332.7,4.84,531.4,7.48
NVO,2.0,207,2.49,3.0,16.4,657.0,0.46,16.86,2.0,35.3,33.6,0.86,48.2,1.21,75.2,1.9,122.1,2.99,173.1,4.04,236.2,5.57,486.3,11.32
NVO,3.0,118,3.37,4.0,17.1,203.9,0.57,7.31,2.0,11.9,26.8,0.88,34.3,1.15,47.7,1.6,66.8,2.22,104.0,3.11,116.5,4.24,184.3,6.88
NVO,4.0,47,4.51,4.0,14.2,348.3,0.71,14.51,3.0,12.8,19.5,0.96,28.6,1.3,50.5,1.95,67.2,2.97,107.5,4.48,165.4,6.93,285.8,11.76
NVO,5.0,24,5.38,5.0,12.6,87.0,0.74,3.63,2.0,0.0,17.1,0.88,28.8,1.62,39.2,1.98,48.6,2.81,57.9,3.29,73.1,3.39,84.4,3.58
NVO,6.0,16,6.36,5.5,17.4,97.5,0.92,5.22,2.0,0.0,18.2,1.06,23.9,1.55,36.7,2.4,55.1,2.73,58.9,2.96,68.7,3.53,91.7,4.88
NVO,7.0,8,7.32,6.5,23.9,152.7,1.42,7.58,3.0,12.5,25.6,1.54,26.8,1.66,35.8,2.03,54.6,3.21,99.5,5.14,126.1,6.36,147.4,7.34
NVO,8.0,5,8.37,7.0,14.7,40.4,1.01,2.78,2.0,0.0,16.0,1.03,18.0,1.05,19.3,1.22,28.7,1.85,35.7,2.41,38.1,2.59,39.9,2.74
NVO,9.0,3,9.41,11.0,8.2,150.0,0.7,9.55,1.0,33.3,12.8,1.0,19.8,1.44,31.3,2.17,90.7,5.86,126.3,8.08,138.1,8.82,147.6,9.41
NVO,10.0,3,10.66,16.0,14.0,52.6,0.92,4.82,1.0,0.0,16.1,1.2,19.4,1.62,24.7,2.33,38.6,3.57,47.0,4.32,49.8,4.57,52.0,4.77
NVO,12.0,2,12.49,4.5,33.9,36.2,2.49,2.55,2.5,0.0,34.1,2.5,34.5,2.5,35.0,2.52,35.6,2.53,36.0,2.54,36.1,2.55,36.2,2.55
NVS,1.0,438,1.51,1.5,21.8,619.4,0.42,10.89,2.0,53.4,56.8,0.87,75.4,1.11,106.4,1.61,167.0,2.55,247.5,3.9,322.9,4.86,449.4,6.85
NVS,2.0,226,2.46,3.0,20.0,404.5,0.57,10.7,2.0,32.3,37.7,0.97,47.5,1.15,72.0,1.76,118.3,2.9,170.2,4.14,235.1,5.22,297.7,6.83
NVS,3.0,107,3.36,4.0,17.3,238.2,0.57,8.38,2.0,14.0,28.2,0.89,40.5,1.29,55.5,1.86,75.8,2.62,120.5,3.89,143.4,4.4,199.2,6.34
NVS,4.0,49,4.37,5.0,8.0,214.9,0.43,7.71,2.0,8.2,24.0,1.19,30.7,1.31,41.2,1.81,67.0,2.76,95.6,3.55,148.8,5.79,211.8,7.64
NVS,5.0,26,5.53,6.5,10.5,163.2,0.57,7.44,2.0,3.8,18.4,1.02,23.0,1.22,37.4,1.92,60.2,2.76,78.8,3.7,88.5,4.13,145.1,6.63
NVS,6.0,15,6.3,6.0,13.3,72.3,0.93,6.97,2.0,0.0,16.1,0.96,19.6,1.09,31.9,1.53,36.8,1.9,43.0,2.07,53.1,3.6,68.5,6.3
NVS,7.0,8,7.43,7.0,13.5,197.4,0.87,12.6,1.5,12.5,17.8,1.14,20.6,1.58,30.2,2.08,54.5,3.31,111.3,7.19,154.3,9.89,188.8,12.06
NVS,8.0,1,8.28,6.0,29.8,29.8,1.99,1.99,3.0,0.0,29.8,1.99,29.8,1.99,29.8,1.99,29.8,1.99,29.8,1.99,29.8,1.99,29.8,1.99
NVS,9.0,1,9.22,5.0,75.2,75.2,5.1,5.1,9.0,0.0,75.2,5.1,75.2,5.1,75.2,5.1,75.2,5.1,75.2,5.1,75.2,5.1,75.2,5.1
NVS,10.0,1,10.96,4.0,160.3,160.3,11.61,11.61,10.0,100.0,160.3,11.61,160.3,11.61,160.3,11.61,160.3,11.61,160.3,11.61,160.3,11.61,160.3,11.61
NVS,11.0,1,11.67,26.0,31.5,31.5,2.89,2.89,4.0,0.0,31.5,2.89,31.5,2.89,31.5,2.89,31.5,2.89,31.5,2.89,31.5,2.89,31.5,2.89
NVS,13.0,1,13.26,11.0,9.9,9.9,0.9,0.9,1.0,0.0,9.9,0.9,9.9,0.9,9.9,0.9,9.9,0.9,9.9,0.9,9.9,0.9,9.9,0.9
NXPI,1.0,276,1.45,2.0,26.5,580.0,0.55,8.02,2.0,64.1,63.5,1.02,85.9,1.25,117.8,1.7,164.9,2.44,245.9,3.49,280.9,4.63,432.8,6.58
NXPI,2.0,166,2.36,3.0,23.5,438.6,0.61,9.52,2.0,38.6,42.6,1.11,58.8,1.37,79.8,2.07,126.2,3.1,221.4,5.15,262.3,6.37,371.4,8.35
NXPI,3.0,83,3.47,4.0,17.1,169.6,0.66,5.99,2.0,13.3,29.6,1.01,39.0,1.3,58.1,1.89,74.2,2.77,105.8,3.58,140.1,4.84,169.5,5.71
NXPI,4.0,40,4.46,6.0,14.5,135.5,0.6,6.45,2.5,10.0,27.6,1.21,39.8,1.72,52.5,2.09,69.4,2.87,86.2,3.63,129.2,5.34,133.7,6.03
NXPI,5.0,17,5.43,7.0,11.3,132.9,0.59,5.87,2.0,11.8,26.1,1.13,32.5,1.67,46.0,2.17,65.2,2.75,92.4,4.67,114.6,5.18,129.2,5.74
NXPI,6.0,12,6.5,9.0,12.2,97.8,1.38,5.06,2.0,0.0,21.7,1.41,32.3,1.88,37.5,2.27,51.0,2.83,72.2,3.85,85.0,4.46,95.2,4.94
NXPI,7.0,7,7.47,7.0,13.8,61.5,0.88,3.03,3.0,0.0,15.7,0.95,19.1,1.06,28.1,1.47,40.9,2.73,49.6,2.92,55.5,2.98,60.3,3.02
NXPI,8.0,1,8.64,11.0,24.5,24.5,1.56,1.56,1.0,0.0,24.5,1.56,24.5,1.56,24.5,1.56,24.5,1.56,24.5,1.56,24.5,1.56,24.5,1.56
NXPI,9.0,2,9.86,19.5,10.2,22.0,0.86,1.58,2.5,0.0,11.4,0.94,13.1,1.04,16.1,1.22,19.1,1.4,20.8,1.51,21.4,1.54,21.9,1.57
NXPI,10.0,1,10.13,6.0,20.4,20.4,1.14,1.14,1.0,0.0,20.4,1.14,20.4,1.14,20.4,1.14,20.4,1.14,20.4,1.14,20.4,1.14,20.4,1.14
NXPI,11.0,1,11.7,7.0,19.5,19.5,1.32,1.32,3.0,0.0,19.5,1.32,19.5,1.32,19.5,1.32,19.5,1.32,19.5,1.32,19.5,1.32,19.5,1.32
NXPI,18.0,1,18.34,7.0,29.9,29.9,2.41,2.41,6.0,0.0,29.9,2.41,29.9,2.41,29.9,2.41,29.9,2.41,29.9,2.41,29.9,2.41,29.9,2.41
ODFL,1.0,348,1.5,2.0,32.6,779.6,0.57,9.94,2.0,65.2,64.4,1.0,86.9,1.35,123.2,1.81,174.9,2.48,256.1,3.93,313.4,5.05,476.2,7.62
ODFL,2.0,198,2.47,3.0,22.3,278.3,0.5,6.12,2.0,30.3,38.6,1.0,53.9,1.3,74.8,1.88,107.8,2.61,148.3,3.48,169.8,3.88,217.6,5.17
ODFL,3.0,107,3.42,5.0,15.3,225.6,0.68,7.29,2.0,29.0,31.4,1.17,44.3,1.47,66.2,2.24,108.2,3.58,145.0,4.69,172.0,5.62,223.3,6.95
ODFL,4.0,42,4.32,5.5,17.3,144.4,0.71,5.51,2.0,7.1,27.7,1.13,32.8,1.35,38.3,1.53,55.4,2.23,75.4,2.97,110.0,4.3,143.2,5.21
ODFL,5.0,17,5.32,6.0,14.5,122.2,0.72,5.64,2.0,5.9,18.3,0.92,26.9,1.06,40.9,1.82,62.9,2.84,81.4,3.31,94.6,3.9,116.7,5.29
ODFL,6.0,12,6.35,8.5,14.3,85.7,0.81,4.51,2.0,0.0,20.8,1.11,24.8,1.34,41.7,2.46,66.9,3.25,74.0,4.26,79.5,4.41,84.5,4.49
ODFL,7.0,10,7.22,6.0,14.3,79.8,0.8,4.23,1.5,0.0,20.2,1.08,24.6,1.51,29.9,1.77,51.2,3.05,55.5,3.83,67.6,4.03,77.4,4.19
ODFL,8.0,3,8.51,9.0,29.0,64.2,2.06,3.79,3.0,0.0,30.8,2.2,33.6,2.4,38.2,2.73,51.2,3.26,59.0,3.58,61.6,3.68,63.7,3.77
ODFL,9.0,2,9.29,16.0,20.8,22.7,1.34,1.89,2.0,0.0,21.0,1.4,21.3,1.48,21.8,1.62,22.2,1.76,22.5,1.84,22.6,1.87,22.7,1.89
ODFL,10.0,1,10.03,11.0,11.3,11.3,0.8,0.8,1.0,0.0,11.3,0.8,11.3,0.8,11.3,0.8,11.3,0.8,11.3,0.8,11.3,0.8,11.3,0.8
ODFL,11.0,1,11.54,9.0,41.9,41.9,2.95,2.95,12.0,0.0,41.9,2.95,41.9,2.95,41.9,2.95,41.9,2.95,41.9,2.95,41.9,2.95,41.9,2.95
ON,1.0,356,1.46,2.0,38.7,776.7,0.59,10.61,2.0,60.7,64.6,0.99,83.5,1.24,117.1,1.69,177.3,2.62,249.3,3.65,317.4,4.44,534.4,7.44
ON,2.0,204,2.42,3.0,23.6,416.9,0.71,10.8,2.0,32.4,42.9,1.11,57.9,1.44,84.2,2.0,117.7,2.97,168.1,3.8,218.8,5.47,281.2,6.92
ON,3.0,100,3.4,4.0,12.9,282.8,0.46,9.19,2.0,24.0,35.4,1.22,44.9,1.51,60.5,1.98,88.8,2.8,145.4,4.94,168.6,5.76,206.4,7.93
ON,4.0,46,4.39,6.0,15.7,115.8,0.79,5.63,2.5,6.5,29.8,1.22,36.6,1.55,48.5,2.04,69.2,2.91,84.9,3.62,98.7,4.05,110.3,5.23
ON,5.0,17,5.48,6.0,23.8,123.5,1.31,6.08,3.0,5.9,27.8,1.35,31.1,1.57,40.2,1.79,59.6,3.25,74.9,3.65,96.9,4.44,118.2,5.75
ON,6.0,12,6.41,6.0,20.9,86.9,1.08,4.45,2.0,0.0,31.1,1.37,31.9,1.64,37.8,2.12,58.7,3.05,83.5,4.26,86.2,4.42,86.8,4.44
ON,7.0,5,7.64,11.0,18.4,50.7,1.14,3.15,3.0,0.0,23.2,1.41,30.3,1.82,31.6,2.03,36.9,2.41,45.2,2.86,47.9,3.01,50.1,3.13
ON,8.0,4,8.18,7.0,16.7,47.4,1.46,3.12,2.0,0.0,19.8,1.54,24.4,1.65,35.7,2.18,45.1,2.77,46.5,2.98,46.9,3.05,47.3,3.11
ON,9.0,1,9.77,12.0,16.8,16.8,1.17,1.17,3.0,0.0,16.8,1.17,16.8,1.17,16.8,1.17,16.8,1.17,16.8,1.17,16.8,1.17,16.8,1.17
ON,10.0,1,10.1,14.0,42.8,42.8,3.28,3.28,8.0,0.0,42.8,3.28,42.8,3.28,42.8,3.28,42.8,3.28,42.8,3.28,42.8,3.28,42.8,3.28
ON,11.0,1,11.8,10.0,55.3,55.3,3.86,3.86,3.0,0.0,55.3,3.86,55.3,3.86,55.3,3.86,55.3,3.86,55.3,3.86,55.3,3.86,55.3,3.86
ON,13.0,2,13.52,13.0,20.5,36.7,2.13,2.54,2.0,0.0,22.1,2.17,24.6,2.23,28.6,2.34,32.7,2.44,35.1,2.5,35.9,2.52,36.5,2.54
ON,14.0,1,14.22,7.0,30.4,30.4,2.47,2.47,3.0,0.0,30.4,2.47,30.4,2.47,30.4,2.47,30.4,2.47,30.4,2.47,30.4,2.47,30.4,2.47
ORCL,1.0,341,1.48,2.0,19.7,858.7,0.39,9.89,2.0,60.1,60.8,0.96,77.0,1.18,112.3,1.62,172.9,2.46,260.2,3.75,294.4,4.79,421.5,7.7
ORCL,2.0,211,2.35,3.0,15.6,447.7,0.57,9.11,2.0,35.1,42.3,1.04,52.2,1.37,79.6,1.9,116.6,2.74,182.2,4.38,228.2,5.79,319.4,8.59
ORCL,3.0,85,3.35,5.0,21.3,245.2,0.56,7.27,3.0,15.3,29.3,1.04,37.7,1.33,57.4,1.74,86.5,2.76,137.5,4.2,165.3,5.55,191.7,7.05
ORCL,4.0,40,4.27,6.0,16.4,311.0,1.1,11.79,2.5,7.5,27.1,1.24,32.3,1.44,42.8,2.04,73.0,2.94,97.1,4.23,120.6,4.5,237.4,9.04
ORCL,5.0,19,5.36,7.0,16.1,118.3,0.97,5.88,3.0,10.5,25.4,1.22,36.5,1.82,56.1,2.58,67.4,3.03,99.3,4.02,103.9,4.81,115.4,5.67
ORCL,6.0,9,6.37,11.0,12.7,139.4,0.87,8.63,4.0,22.2,26.9,1.59,33.5,1.98,38.5,2.34,84.0,5.84,137.9,7.56,138.6,8.1,139.2,8.52
ORCL,7.0,9,7.61,6.0,18.9,120.3,1.09,6.81,2.0,11.1,20.3,1.26,25.0,1.31,31.9,2.04,66.9,3.58,78.3,4.66,99.3,5.73,116.1,6.6
ORCL,8.0,3,8.42,12.0,35.0,60.0,2.14,4.55,4.0,0.0,35.5,2.21,36.1,2.3,37.3,2.46,48.6,3.5,55.5,4.13,57.7,4.34,59.5,4.51
ORCL,9.0,2,9.47,9.5,15.6,52.8,1.09,3.31,4.5,0.0,19.3,1.31,24.9,1.65,34.2,2.2,43.5,2.76,49.1,3.09,50.9,3.2,52.4,3.29
ORCL,11.0,2,11.25,5.5,55.5,99.4,4.12,7.54,5.0,0.0,59.9,4.46,66.5,4.98,77.5,5.83,88.4,6.69,95.0,7.2,97.2,7.37,99.0,7.51
ORCL,15.0,1,15.86,63.0,61.0,61.0,9.05,9.05,4.0,0.0,61.0,9.05,61.0,9.05,61.0,9.05,61.0,9.05,61.0,9.05,61.0,9.05,61.0,9.05
ORCL,16.0,2,16.15,10.5,28.5,30.9,1.74,2.56,1.5,0.0,28.7,1.82,29.1,1.95,29.7,2.15,30.3,2.36,30.7,2.48,30.8,2.52,30.9,2.55
ORCL,17.0,2,17.6,12.5,11.1,42.8,0.87,3.85,2.0,0.0,14.3,1.17,19.0,1.61,26.9,2.36,34.9,3.1,39.6,3.55,41.2,3.7,42.5,3.82
ORLY,1.0,318,1.49,2.0,35.3,602.0,0.63,9.23,2.0,61.0,65.9,1.02,84.4,1.28,114.2,1.74,166.8,2.51,249.5,3.61,318.1,4.83,532.2,6.69
ORLY,2.0,218,2.42,3.0,24.4,427.3,0.69,11.87,2.0,30.7,41.8,1.0,51.7,1.31,71.3,1.73,107.5,2.57,174.6,3.93,213.4,5.02,348.7,7.3
ORLY,3.0,83,3.37,5.0,23.8,338.1,0.86,10.37,2.0,15.7,32.9,1.13,43.2,1.38,55.2,1.86,83.1,2.56,112.4,4.08,134.2,4.38,232.1,8.05
ORLY,4.0,35,4.46,5.0,12.6,162.6,0.58,6.99,3.0,8.6,24.9,1.03,32.8,1.41,48.4,2.01,79.5,3.3,97.4,4.24,104.2,4.44,143.4,6.19
ORLY,5.0,26,5.5,6.0,23.2,119.9,1.06,5.2,4.0,3.8,27.8,1.26,42.2,2.02,51.7,2.46,64.5,2.98,85.9,4.96,92.7,5.16,113.4,5.19
ORLY,6.0,9,6.2,9.0,17.8,96.6,0.95,5.08,2.0,0.0,18.2,0.99,18.4,1.2,34.1,1.68,47.8,2.95,60.9,4.29,78.8,4.69,93.0,5.0
ORLY,7.0,8,7.64,10.5,14.0,33.9,0.77,2.33,3.0,0.0,17.6,1.24,22.1,1.45,26.7,1.68,30.8,1.88,32.1,2.21,33.0,2.27,33.7,2.32
ORLY,8.0,5,8.22,14.0,18.2,109.2,1.3,5.16,4.0,20.0,22.0,1.65,27.7,2.17,44.5,2.53,64.3,4.46,91.2,4.88,100.2,5.02,107.4,5.13
ORLY,9.0,1,9.36,10.0,23.8,23.8,1.49,1.49,1.0,0.0,23.8,1.49,23.8,1.49,23.8,1.49,23.8,1.49,23.8,1.49,23.8,1.49,23.8,1.49
ORLY,11.0,2,11.72,9.5,11.2,57.0,0.77,4.43,3.5,0.0,15.8,1.13,22.6,1.68,34.1,2.6,45.5,3.52,52.4,4.06,54.7,4.25,56.5,4.39
ORLY,14.0,1,14.31,21.0,14.6,14.6,2.42,2.42,2.0,0.0,14.6,2.42,14.6,2.42,14.6,2.42,14.6,2.42,14.6,2.42,14.6,2.42,14.6,2.42
P911.DE,1.0,73,1.45,2.0,39.7,737.2,0.74,7.8,2.0,60.3,64.5,0.95,82.4,1.13,115.2,1.69,181.0,2.67,256.2,3.59,291.8,5.03,466.8,6.05
P911.DE,2.0,34,2.36,3.0,32.1,209.0,0.77,5.75,2.5,44.1,48.3,1.04,61.9,1.42,84.9,2.12,151.2,3.78,198.8,4.97,208.6,5.2,209.0,5.59
P911.DE,3.0,23,3.45,4.0,29.4,241.6,1.24,7.67,3.0,17.4,41.2,1.41,57.0,1.84,72.1,2.56,91.8,3.04,165.9,5.45,181.5,5.71,228.7,7.24
P911.DE,4.0,3,4.26,5.0,84.0,110.7,3.41,3.84,4.0,33.3,84.8,3.45,86.0,3.52,88.0,3.63,99.3,3.74,106.2,3.8,108.4,3.82,110.2,3.83
P911.DE,5.0,5,5.64,7.0,32.1,73.2,1.62,3.49,2.0,0.0,38.6,1.94,48.3,2.44,51.1,2.56,64.6,3.02,69.8,3.3,71.5,3.4,72.9,3.47
P911.DE,6.0,2,6.34,7.5,22.2,45.8,1.24,2.53,3.0,0.0,24.6,1.37,28.1,1.56,34.0,1.89,39.9,2.21,43.4,2.4,44.6,2.47,45.6,2.52
P911.DE,8.0,1,8.43,11.0,56.3,56.3,3.73,3.73,5.0,0.0,56.3,3.73,56.3,3.73,56.3,3.73,56.3,3.73,56.3,3.73,56.3,3.73,56.3,3.73
PA=F,1.0,277,1.45,2.0,2.4,1245.5,0.04,14.9,2.0,46.2,24.4,0.39,51.5,0.81,90.9,1.4,178.4,2.53,371.7,5.09,463.1,6.97,1065.9,12.54
PA=F,2.0,157,2.48,2.0,0.1,487.3,0.01,12.4,2.0,24.8,13.2,0.33,31.0,0.78,61.4,1.52,99.0,2.72,212.5,5.32,269.8,6.79,470.9,10.77
PA=F,3.0,111,3.5,3.0,0.3,371.8,0.01,14.14,2.0,27.9,7.5,0.26,25.9,0.84,53.0,1.75,104.6,3.39,154.0,4.87,206.7,7.31,307.6,13.32
PA=F,4.0,52,4.45,4.0,0.3,294.5,0.02,14.44,1.5,23.1,10.2,0.45,19.2,0.89,46.0,2.16,88.2,3.56,150.0,6.38,219.5,8.38,285.5,12.78
PA=F,5.0,35,5.55,5.0,6.2,139.9,0.31,6.95,2.0,8.6,22.8,1.13,32.6,1.49,49.2,2.64,66.1,3.22,92.0,3.84,110.0,4.96,136.8,6.54
PA=F,6.0,18,6.32,4.0,0.6,331.5,0.04,14.59,1.0,11.1,8.6,0.53,14.0,0.73,30.4,1.87,64.0,3.2,96.9,5.15,151.0,7.53,295.4,13.18
PA=F,7.0,9,7.1,4.0,2.7,107.6,0.15,6.39,3.0,11.1,9.5,0.67,14.6,0.84,37.4,2.37,94.7,5.56,101.4,5.74,104.5,6.06,107.0,6.32
PA=F,8.0,9,8.34,4.0,2.8,136.8,0.24,8.0,1.0,33.3,6.2,0.53,14.4,0.78,29.1,1.68,105.5,5.78,126.2,6.92,131.5,7.46,135.7,7.89
PA=F,9.0,8,9.48,8.0,1.9,49.4,0.2,3.96,2.0,0.0,12.4,1.17,18.6,1.7,21.1,2.07,42.4,3.33,48.4,3.67,48.9,3.82,49.3,3.93
PA=F,10.0,4,10.27,7.0,1.2,60.7,0.09,5.29,1.5,0.0,10.1,0.63,23.6,1.45,31.1,1.9,38.6,2.75,51.9,4.27,56.3,4.78,59.8,5.18
PA=F,11.0,5,11.59,5.0,21.2,88.9,1.7,5.0,3.0,0.0,23.0,1.83,25.6,2.01,43.9,3.36,48.5,4.44,72.7,4.77,80.8,4.88,87.3,4.97
PA=F,12.0,2,12.66,8.5,1.1,3.5,0.08,0.31,1.0,0.0,1.3,0.1,1.7,0.14,2.3,0.2,2.9,0.25,3.3,0.29,3.4,0.3,3.5,0.31
PA=F,13.0,3,13.47,6.0,5.7,44.1,0.58,2.9,2.0,0.0,7.6,0.69,10.4,0.86,15.1,1.14,29.6,2.02,38.3,2.55,41.2,2.73,43.5,2.87
PA=F,14.0,2,14.46,9.0,2.8,5.2,0.28,0.63,2.0,0.0,3.0,0.31,3.4,0.37,4.0,0.46,4.6,0.54,5.0,0.6,5.1,0.62,5.2,0.63
PA=F,17.0,2,17.39,8.0,37.5,96.1,3.53,7.5,4.0,0.0,43.4,3.93,52.1,4.52,66.8,5.51,81.4,6.51,90.2,7.1,93.2,7.3,95.5,7.46
PA=F,18.0,1,18.56,9.0,34.1,34.1,3.1,3.1,1.0,0.0,34.1,3.1,34.1,3.1,34.1,3.1,34.1,3.1,34.1,3.1,34.1,3.1,34.1,3.1
PA=F,21.0,1,21.36,4.0,41.0,41.0,3.04,3.04,5.0,0.0,41.0,3.04,41.0,3.04,41.0,3.04,41.0,3.04,41.0,3.04,41.0,3.04,41.0,3.04
PA=F,30.0,1,52.12,7.0,54.3,54.3,5.34,5.34,4.0,0.0,54.3,5.34,54.3,5.34,54.3,5.34,54.3,5.34,54.3,5.34,54.3,5.34,54.3,5.34
PAH3.DE,1.0,314,1.5,2.0,24.6,920.1,0.47,16.28,2.0,65.0,63.1,0.98,83.7,1.32,125.4,1.83,191.2,2.88,292.5,4.46,365.2,5.27,569.9,7.29
PAH3.DE,2.0,176,2.38,3.0,24.2,578.4,0.59,14.57,2.0,39.2,43.2,1.01,57.5,1.36,80.2,1.98,124.2,3.04,195.8,4.43,226.9,5.33,389.3,8.43
PAH3.DE,3.0,83,3.4,4.0,16.7,163.9,0.7,5.5,2.0,13.3,36.3,1.17,43.8,1.43,61.7,1.99,84.0,2.92,106.7,3.67,123.9,4.19,158.0,5.21
PAH3.DE,4.0,33,4.48,5.0,22.9,164.6,0.98,6.59,2.0,3.0,31.5,1.3,34.9,1.61,51.1,2.13,66.5,3.05,83.7,3.81,91.0,3.9,141.5,5.75
PAH3.DE,5.0,24,5.6,7.5,15.7,155.6,0.95,7.92,2.0,4.2,18.4,1.03,32.4,1.6,51.1,2.46,78.0,3.68,84.8,4.96,94.5,6.36,141.9,7.61
PAH3.DE,6.0,10,6.27,7.5,12.5,47.7,0.77,2.96,1.0,0.0,20.2,0.98,23.2,1.34,24.8,1.51,28.1,1.96,41.4,2.17,44.5,2.57,47.1,2.88
PAH3.DE,7.0,9,7.46,10.0,19.1,91.8,1.06,4.54,3.0,0.0,20.5,1.34,27.1,1.49,33.4,2.61,58.5,3.26,74.0,3.83,82.9,4.18,90.0,4.46
PAH3.DE,8.0,3,8.55,7.0,21.9,55.1,1.25,2.78,1.0,0.0,24.0,1.54,27.2,1.96,32.5,2.67,43.8,2.72,50.6,2.75,52.8,2.77,54.6,2.77
PAH3.DE,19.0,1,19.4,27.0,25.7,25.7,2.48,2.48,2.0,0.0,25.7,2.48,25.7,2.48,25.7,2.48,25.7,2.48,25.7,2.48,25.7,2.48,25.7,2.48
PANW,1.0,253,1.49,2.0,26.7,686.5,0.54,8.87,2.0,58.5,58.7,0.94,77.1,1.2,114.8,1.75,189.1,2.83,268.3,3.85,349.2,5.07,546.5,6.84
PANW,2.0,126,2.34,3.0,26.0,666.0,0.64,17.48,2.0,33.3,44.2,1.04,55.9,1.37,77.9,1.87,112.0,2.77,172.7,3.99,210.1,4.61,504.0,10.9
PANW,3.0,68,3.38,4.5,13.3,245.9,0.42,7.24,2.0,26.5,29.4,1.01,39.5,1.34,62.9,2.05,104.8,3.66,161.7,5.59,183.5,6.21,232.6,7.16
PANW,4.0,41,4.34,6.0,19.2,173.1,0.89,6.79,2.0,4.9,30.7,1.34,36.3,1.48,51.0,2.05,68.5,2.79,86.5,3.69,96.2,4.26,152.3,6.39
PANW,5.0,23,5.61,8.0,17.6,101.8,0.88,4.59,2.0,4.3,19.9,1.09,23.6,1.19,35.1,1.83,45.6,2.33,59.8,3.03,77.8,3.74,96.9,4.42
PANW,6.0,10,6.58,8.0,16.1,78.2,0.78,4.14,2.0,0.0,19.5,1.06,24.8,1.53,41.7,2.41,60.5,3.51,75.9,3.83,77.0,3.98,78.0,4.11
PANW,7.0,3,7.85,10.0,14.7,29.9,0.87,1.81,2.0,0.0,16.9,1.05,20.2,1.34,25.8,1.81,27.9,1.81,29.1,1.81,29.5,1.81,29.8,1.81
PANW,8.0,2,8.8,6.0,20.8,48.8,1.39,3.02,2.0,0.0,23.6,1.56,27.8,1.8,34.8,2.21,41.8,2.61,46.0,2.85,47.4,2.93,48.5,3.0
PANW,9.0,1,9.41,14.0,38.0,38.0,2.44,2.44,2.0,0.0,38.0,2.44,38.0,2.44,38.0,2.44,38.0,2.44,38.0,2.44,38.0,2.44,38.0,2.44
PANW,11.0,3,11.26,10.0,9.5,41.8,0.76,3.14,2.0,0.0,9.7,0.77,9.9,0.8,10.3,0.85,26.0,2.0,35.5,2.68,38.6,2.91,41.2,3.1
PANW,12.0,1,12.72,12.0,22.3,22.3,1.57,1.57,2.0,0.0,22.3,1.57,22.3,1.57,22.3,1.57,22.3,1.57,22.3,1.57,22.3,1.57,22.3,1.57
PAYX,1.0,341,1.54,2.0,29.9,718.6,0.44,8.83,2.0,64.5,61.2,0.99,88.0,1.34,118.0,1.79,177.1,2.67,269.7,4.29,377.5,5.43,492.2,7.82
PAYX,2.0,189,2.4,3.0,24.8,473.2,0.77,12.62,2.0,31.7,42.9,1.12,56.6,1.44,78.0,1.89,109.8,2.62,141.9,3.7,187.5,4.59,346.8,7.17
PAYX,3.0,107,3.42,5.0,18.5,243.8,0.72,7.71,2.0,18.7,27.8,1.03,38.2,1.29,61.7,1.98,85.4,2.74,135.7,4.19,160.9,5.35,182.6,6.26
PAYX,4.0,34,4.46,6.0,16.2,147.4,0.72,5.16,2.0,5.9,26.7,1.27,32.1,1.56,50.6,1.95,68.6,2.69,91.0,3.77,95.6,4.19,131.9,4.9
PAYX,5.0,25,5.44,10.0,16.6,130.3,0.91,8.45,2.0,4.0,19.4,0.98,22.5,1.22,37.2,1.74,53.6,2.53,67.7,3.36,80.0,5.07,118.9,7.74
PAYX,6.0,12,6.53,6.5,14.9,139.3,0.87,8.24,1.5,8.3,15.8,0.97,21.4,1.26,45.4,2.56,74.3,4.21,80.9,5.08,107.2,6.55,132.9,7.9
PAYX,7.0,2,7.29,13.5,34.3,41.6,2.41,2.81,3.0,0.0,35.0,2.45,36.1,2.51,38.0,2.61,39.8,2.71,40.9,2.77,41.2,2.79,41.5,2.8
PAYX,8.0,7,8.56,13.0,18.2,70.8,1.39,4.88,4.0,0.0,22.6,1.66,29.6,1.97,34.6,2.81,46.8,3.46,57.1,4.2,63.9,4.54,69.4,4.81
PAYX,10.0,1,10.29,10.0,21.4,21.4,1.52,1.52,8.0,0.0,21.4,1.52,21.4,1.52,21.4,1.52,21.4,1.52,21.4,1.52,21.4,1.52,21.4,1.52
PBR,1.0,376,1.47,1.0,37.3,802.5,0.54,11.44,2.0,69.9,65.5,1.01,88.3,1.32,130.3,2.0,192.1,2.76,282.6,3.95,352.8,4.81,546.3,7.05
PBR,2.0,184,2.4,3.0,25.2,419.3,0.59,10.0,2.0,33.7,38.6,1.03,53.0,1.4,78.3,1.98,113.7,2.67,172.8,3.9,204.7,5.31,337.7,6.95
PBR,3.0,105,3.48,5.0,16.1,256.5,0.65,7.29,2.0,19.0,30.4,1.09,37.7,1.34,55.0,1.96,79.5,2.74,120.8,3.99,134.2,4.84,187.0,6.35
PBR,4.0,45,4.25,6.0,20.3,115.1,0.86,5.36,2.0,4.4,24.8,1.2,35.1,1.39,50.7,2.06,68.4,3.01,89.7,3.63,96.5,4.01,112.9,5.19
PBR,5.0,21,5.44,7.0,14.5,138.9,0.96,6.13,2.0,9.5,25.3,1.33,27.7,1.51,35.2,1.77,46.7,2.13,56.0,2.84,100.5,5.16,131.2,5.93
PBR,6.0,13,6.55,8.0,15.3,158.2,0.95,9.72,2.0,15.4,17.7,1.02,22.8,1.21,39.3,2.25,46.8,2.61,107.8,5.79,136.4,7.8,153.8,9.34
PBR,7.0,8,7.42,8.0,17.5,77.9,1.22,4.13,2.0,0.0,22.5,1.52,25.5,1.7,31.9,1.87,36.5,2.12,49.7,2.81,63.8,3.47,75.1,4.0
PBR,8.0,10,8.21,7.0,13.3,168.3,0.84,10.49,2.5,10.0,17.4,1.43,29.2,1.65,42.1,2.64,47.5,2.9,81.1,5.51,124.7,8.0,159.6,9.99
PBR,9.0,3,9.48,7.0,21.5,49.9,1.49,3.61,2.0,0.0,24.2,1.62,28.3,1.8,35.1,2.11,42.5,2.86,46.9,3.31,48.4,3.46,49.6,3.58
PBR,15.0,1,15.04,16.0,28.8,28.8,2.45,2.45,1.0,0.0,28.8,2.45,28.8,2.45,28.8,2.45,28.8,2.45,28.8,2.45,28.8,2.45,28.8,2.45
PBR,20.0,1,20.74,15.0,32.3,32.3,3.33,3.33,2.0,0.0,32.3,3.33,32.3,3.33,32.3,3.33,32.3,3.33,32.3,3.33,32.3,3.33,32.3,3.33
PCAR,1.0,333,1.48,2.0,32.5,1169.8,0.54,12.96,2.0,62.5,61.8,0.99,83.1,1.25,119.1,1.79,180.3,2.64,249.9,3.58,343.7,4.28,499.2,7.21
PCAR,2.0,219,2.48,3.0,24.0,602.5,0.61,13.72,3.0,38.4,39.5,1.06,60.0,1.47,86.5,2.09,120.4,2.99,162.7,3.92,196.1,4.4,252.4,6.25
PCAR,3.0,98,3.34,4.0,17.6,226.4,0.56,8.25,2.0,23.5,30.9,1.06,42.3,1.37,60.7,1.94,89.9,3.18,118.3,4.01,156.0,5.07,192.9,5.98
PCAR,4.0,42,4.39,6.5,14.7,145.5,0.66,6.74,2.5,9.5,22.7,1.07,34.3,1.43,49.0,2.01,66.2,2.58,93.4,4.47,119.2,4.87,137.7,6.07
PCAR,5.0,19,5.61,8.0,14.8,97.1,0.95,4.72,3.0,0.0,24.9,1.32,33.5,1.51,40.2,1.97,57.2,2.83,67.6,3.5,73.3,3.79,92.3,4.53
PCAR,6.0,10,6.34,8.5,14.9,151.1,1.02,7.75,3.5,20.0,19.4,1.08,23.6,1.27,39.5,2.35,63.6,3.17,122.5,6.2,136.8,6.98,148.2,7.6
PCAR,7.0,4,7.58,11.5,17.1,52.5,1.09,4.45,3.0,0.0,20.2,1.21,25.0,1.39,30.1,1.62,37.5,2.43,46.5,3.64,49.5,4.04,51.9,4.37
PCAR,8.0,3,8.06,5.0,27.8,70.4,1.83,4.04,4.0,0.0,28.8,1.83,30.2,1.83,32.6,1.83,51.5,2.93,62.8,3.6,66.6,3.82,69.6,3.99
PCAR,9.0,1,9.54,16.0,21.5,21.5,1.8,1.8,1.0,0.0,21.5,1.8,21.5,1.8,21.5,1.8,21.5,1.8,21.5,1.8,21.5,1.8,21.5,1.8
PCAR,10.0,1,10.72,27.0,12.0,12.0,1.43,1.43,2.0,0.0,12.0,1.43,12.0,1.43,12.0,1.43,12.0,1.43,12.0,1.43,12.0,1.43,12.0,1.43
PCAR,11.0,1,11.65,11.0,71.2,71.2,4.42,4.42,6.0,0.0,71.2,4.42,71.2,4.42,71.2,4.42,71.2,4.42,71.2,4.42,71.2,4.42,71.2,4.42
PCAR,15.0,1,15.1,40.0,16.9,16.9,1.45,1.45,2.0,0.0,16.9,1.45,16.9,1.45,16.9,1.45,16.9,1.45,16.9,1.45,16.9,1.45,16.9,1.45
PDD,1.0,183,1.48,2.0,25.3,917.0,0.48,12.79,2.0,61.7,63.5,1.0,80.9,1.28,119.8,1.8,179.9,2.67,273.6,4.09,356.7,5.09,610.1,9.98
PDD,2.0,77,2.31,3.0,25.7,215.5,0.58,5.92,2.0,29.9,42.8,1.1,58.5,1.29,76.2,1.77,118.7,2.68,140.0,3.52,167.6,4.19,215.4,5.91
PDD,3.0,33,3.28,4.0,27.9,111.3,0.81,3.36,2.0,3.0,32.2,1.08,42.6,1.37,54.2,1.92,75.5,2.56,95.6,2.99,97.0,3.19,107.1,3.35
PDD,4.0,16,4.47,4.5,27.0,143.3,1.18,5.18,2.0,6.2,31.9,1.26,44.1,1.77,48.9,2.0,80.2,2.83,84.4,3.3,99.7,3.78,134.6,4.9
PDD,5.0,15,5.51,6.0,16.5,81.4,0.83,3.41,1.0,0.0,23.7,1.09,29.9,1.39,35.9,1.64,47.6,2.23,63.8,2.94,72.9,3.25,79.7,3.38
PDD,6.0,4,6.73,5.5,44.4,72.1,2.04,3.75,3.0,0.0,47.2,2.44,51.5,3.03,61.7,3.49,70.2,3.66,71.3,3.72,71.7,3.74,72.0,3.75
PDD,7.0,2,7.68,11.0,27.2,60.6,2.16,3.65,2.5,0.0,30.5,2.31,35.5,2.53,43.9,2.91,52.2,3.28,57.3,3.51,58.9,3.58,60.3,3.64
PDD,8.0,4,8.36,5.0,12.7,31.2,1.17,1.76,1.0,0.0,16.3,1.27,21.7,1.43,27.3,1.6,30.2,1.71,30.8,1.74,31.0,1.75,31.2,1.76
PDD,9.0,2,9.35,5.5,45.4,63.2,2.71,3.46,3.0,0.0,47.2,2.78,49.9,2.89,54.3,3.08,58.8,3.27,61.4,3.38,62.3,3.42,63.0,3.45
PDD,14.0,1,14.91,18.0,16.3,16.3,1.49,1.49,1.0,0.0,16.3,1.49,16.3,1.49,16.3,1.49,16.3,1.49,16.3,1.49,16.3,1.49,16.3,1.49
PEP,1.0,357,1.44,2.0,28.9,780.9,0.48,10.73,2.0,68.9,66.8,1.02,91.2,1.33,123.4,1.78,173.5,2.55,275.4,3.87,332.9,4.65,504.9,6.84
PEP,2.0,196,2.34,3.0,21.8,374.6,0.67,9.57,2.0,32.7,43.2,1.13,58.5,1.43,79.1,1.92,115.2,2.74,152.6,3.6,195.4,4.46,274.4,6.1
PEP,3.0,111,3.39,5.0,17.5,700.0,0.7,22.33,2.0,14.4,31.7,1.03,38.6,1.35,52.2,1.78,78.9,2.47,119.5,3.88,138.2,4.82,304.3,9.17
PEP,4.0,37,4.32,5.0,17.9,197.4,0.85,7.27,2.0,13.5,26.3,1.13,33.5,1.46,41.1,1.71,54.7,2.1,116.2,4.39,143.1,5.89,185.6,7.07
PEP,5.0,20,5.34,7.0,20.3,138.0,1.29,5.55,2.0,5.0,29.2,1.42,35.3,1.57,39.3,1.85,55.8,2.65,70.8,3.36,84.8,3.54,127.4,5.15
PEP,6.0,13,6.31,8.0,16.7,63.8,0.9,3.64,2.0,0.0,29.0,1.61,34.6,1.81,41.3,1.94,50.6,2.84,59.0,3.24,61.4,3.45,63.3,3.6
PEP,7.0,4,7.46,15.0,14.0,42.6,1.19,3.06,2.5,0.0,14.4,1.4,15.1,1.71,22.4,1.89,32.7,2.19,38.6,2.71,40.6,2.89,42.2,3.03
PEP,8.0,2,8.53,8.5,21.7,23.4,1.36,1.37,1.0,0.0,21.9,1.36,22.1,1.36,22.5,1.37,23.0,1.37,23.2,1.37,23.3,1.37,23.4,1.37
PEP,9.0,1,9.1,21.0,26.2,26.2,1.88,1.88,3.0,0.0,26.2,1.88,26.2,1.88,26.2,1.88,26.2,1.88,26.2,1.88,26.2,1.88,26.2,1.88
PEP,10.0,1,10.72,10.0,25.3,25.3,1.99,1.99,2.0,0.0,25.3,1.99,25.3,1.99,25.3,1.99,25.3,1.99,25.3,1.99,25.3,1.99,25.3,1.99
PFE,1.0,353,1.48,2.0,28.8,871.8,0.5,11.74,2.0,61.5,61.3,0.95,81.7,1.21,115.3,1.71,175.0,2.55,253.8,3.74,305.4,4.71,547.0,8.29
PFE,2.0,178,2.42,3.0,26.5,483.5,0.64,12.18,2.0,38.8,45.4,1.12,55.6,1.43,83.1,2.02,122.2,2.99,195.3,4.44,261.0,6.6,370.6,8.71
PFE,3.0,91,3.37,5.0,23.4,178.7,0.66,5.97,2.0,16.5,30.3,1.07,44.1,1.47,59.2,1.96,90.2,2.96,124.0,4.25,155.8,5.1,178.6,5.82
PFE,4.0,41,4.47,6.0,13.2,164.4,0.55,6.25,2.0,9.8,22.6,0.84,32.7,1.46,52.6,2.2,71.1,2.92,96.1,3.66,102.0,4.13,160.5,6.08
PFE,5.0,22,5.56,7.0,12.2,85.6,1.1,3.59,2.0,0.0,21.9,1.23,25.5,1.32,38.5,1.86,47.9,2.25,54.9,2.72,63.2,2.77,81.0,3.42
PFE,6.0,10,6.57,7.0,16.9,202.1,0.99,10.47,3.0,10.0,33.1,1.81,41.7,2.25,73.4,3.58,81.9,4.16,104.8,5.22,153.5,7.85,192.4,9.94
PFE,7.0,2,7.46,11.0,33.8,79.7,2.23,4.51,4.0,0.0,38.4,2.46,45.3,2.8,56.8,3.37,68.2,3.94,75.1,4.28,77.4,4.4,79.2,4.49
PFE,8.0,3,8.57,14.0,16.9,74.5,1.05,3.84,3.0,0.0,17.7,1.14,18.9,1.27,21.0,1.49,47.8,2.66,63.8,3.37,69.1,3.6,73.4,3.79
PFE,9.0,2,9.48,13.5,26.2,84.7,1.94,5.49,6.5,0.0,32.0,2.29,40.8,2.83,55.5,3.72,70.1,4.6,78.9,5.14,81.8,5.32,84.1,5.46
PFE,13.0,1,13.87,13.0,22.8,22.8,1.57,1.57,4.0,0.0,22.8,1.57,22.8,1.57,22.8,1.57,22.8,1.57,22.8,1.57,22.8,1.57,22.8,1.57
PFE,14.0,1,14.79,17.0,24.1,24.1,1.46,1.46,2.0,0.0,24.1,1.46,24.1,1.46,24.1,1.46,24.1,1.46,24.1,1.46,24.1,1.46,24.1,1.46
PFE,26.0,1,26.08,22.0,28.7,28.7,2.58,2.58,1.0,0.0,28.7,2.58,28.7,2.58,28.7,2.58,28.7,2.58,28.7,2.58,28.7,2.58,28.7,2.58
PG,1.0,360,1.51,2.0,34.4,982.0,0.46,12.46,2.0,60.0,65.0,1.02,81.2,1.25,115.4,1.79,177.8,2.58,260.0,3.54,326.7,4.77,520.8,7.51
PG,2.0,205,2.41,3.0,27.8,1088.9,0.81,30.52,2.0,35.1,40.7,1.08,52.8,1.35,77.6,1.83,115.0,3.02,194.1,4.37,254.7,6.01,502.7,10.54
PG,3.0,86,3.38,5.0,20.9,410.0,0.68,13.16,2.0,14.0,31.9,1.08,38.2,1.39,55.1,1.83,71.2,2.46,115.3,3.89,142.8,4.52,192.9,7.22
PG,4.0,54,4.47,6.0,11.9,151.2,0.63,5.39,2.0,5.6,27.5,1.13,32.7,1.49,46.8,1.96,69.0,2.59,82.9,3.04,97.2,3.88,131.5,4.8
PG,5.0,21,5.5,8.0,11.8,76.0,0.92,3.56,2.0,0.0,23.8,1.19,25.5,1.35,31.7,1.73,43.0,2.0,68.0,3.43,75.1,3.44,75.8,3.54
PG,6.0,8,6.27,10.0,22.4,131.5,1.19,7.28,3.5,25.0,29.4,1.47,35.9,1.89,46.0,2.39,85.3,4.02,120.5,6.71,126.0,7.0,130.4,7.23
PG,7.0,2,7.37,19.5,29.4,42.4,1.66,2.12,3.0,0.0,30.7,1.71,32.6,1.78,35.9,1.89,39.1,2.0,41.1,2.07,41.8,2.09,42.3,2.11
PG,8.0,1,8.37,3.0,87.5,87.5,5.66,5.66,6.0,0.0,87.5,5.66,87.5,5.66,87.5,5.66,87.5,5.66,87.5,5.66,87.5,5.66,87.5,5.66
PG,9.0,2,9.43,9.0,5.3,29.3,0.46,1.85,1.0,0.0,7.7,0.6,11.3,0.81,17.3,1.16,23.3,1.5,26.9,1.71,28.1,1.78,29.1,1.84
PG,10.0,1,10.07,12.0,13.8,13.8,1.12,1.12,1.0,0.0,13.8,1.12,13.8,1.12,13.8,1.12,13.8,1.12,13.8,1.12,13.8,1.12,13.8,1.12
PG,13.0,1,13.83,23.0,7.3,7.3,0.81,0.81,1.0,0.0,7.3,0.81,7.3,0.81,7.3,0.81,7.3,0.81,7.3,0.81,7.3,0.81,7.3,0.81
PGR,1.0,344,1.47,2.0,27.3,736.7,0.54,9.83,2.0,59.6,66.5,0.99,83.8,1.29,116.6,1.76,175.4,2.58,247.5,3.56,304.2,5.17,491.1,7.21
PGR,2.0,201,2.39,3.0,27.7,504.5,0.58,12.88,2.0,37.3,39.9,1.0,57.3,1.46,85.0,2.05,122.6,2.97,172.8,4.11,269.6,5.74,374.5,8.78
PGR,3.0,109,3.44,5.0,16.3,370.9,0.54,11.6,2.0,13.8,27.9,1.0,37.0,1.26,56.7,1.83,75.4,2.43,107.4,3.71,146.2,4.87,168.1,5.95
PGR,4.0,41,4.49,6.0,20.8,179.2,0.8,6.94,2.0,12.2,27.6,1.26,35.4,1.48,47.5,2.08,60.3,2.73,102.4,4.2,112.7,4.31,153.0,6.06
PGR,5.0,23,5.58,7.0,11.5,92.1,0.53,4.18,2.0,0.0,15.9,0.94,24.2,1.12,27.2,1.42,46.4,2.32,78.8,3.22,81.5,3.34,89.8,4.0
PGR,6.0,14,6.37,6.5,13.8,114.4,0.75,6.12,2.0,7.1,16.1,1.18,22.1,1.23,30.6,1.75,50.1,2.53,72.0,3.12,91.2,4.27,109.8,5.75
PGR,7.0,4,7.44,14.5,27.6,33.5,1.69,2.04,2.5,0.0,27.7,1.75,27.8,1.84,28.5,1.94,30.2,2.0,32.2,2.03,32.8,2.04,33.4,2.04
PGR,8.0,2,8.61,8.0,34.0,40.3,2.04,2.54,4.0,0.0,34.6,2.09,35.6,2.16,37.1,2.29,38.7,2.42,39.7,2.49,40.0,2.52,40.2,2.54
PGR,9.0,1,9.84,23.0,19.9,19.9,2.35,2.35,4.0,0.0,19.9,2.35,19.9,2.35,19.9,2.35,19.9,2.35,19.9,2.35,19.9,2.35,19.9,2.35
PGR,10.0,2,10.5,25.5,22.2,26.6,1.79,2.1,2.5,0.0,22.6,1.82,23.3,1.87,24.4,1.95,25.5,2.02,26.2,2.07,26.4,2.08,26.6,2.1
PH,1.0,365,1.53,2.0,30.7,1242.7,0.54,15.63,2.0,60.0,66.2,0.97,81.2,1.25,115.5,1.81,174.1,2.51,277.0,3.96,345.7,5.01,600.6,8.6
PH,2.0,192,2.47,3.0,25.5,396.6,0.68,9.03,2.0,25.5,40.6,1.07,52.8,1.28,74.8,1.79,102.0,2.43,156.2,3.76,178.0,4.31,276.3,6.76
PH,3.0,115,3.31,5.0,17.2,268.3,0.55,8.44,2.0,19.1,25.8,0.85,34.4,1.15,53.6,1.87,86.2,2.97,130.4,4.51,154.7,5.09,210.5,6.21
PH,4.0,42,4.31,5.0,18.3,137.6,0.9,5.93,2.0,11.9,27.4,1.01,39.2,1.59,55.5,2.26,89.6,3.41,108.9,4.59,112.8,5.05,136.0,5.6
PH,5.0,13,5.5,8.0,14.9,185.3,0.73,9.92,7.0,23.1,30.3,1.44,37.2,1.63,69.2,2.71,99.5,4.87,126.0,5.26,152.2,7.14,178.7,9.37
PH,6.0,15,6.4,8.0,12.9,106.5,0.66,5.0,2.0,6.7,15.7,0.88,20.3,1.1,26.8,1.82,40.5,2.2,58.9,3.23,79.2,3.95,101.0,4.79
PH,7.0,12,7.39,8.5,13.7,59.3,0.79,3.67,2.5,0.0,19.7,1.0,23.0,1.32,27.0,1.97,52.8,2.83,58.4,3.3,59.0,3.48,59.2,3.63
PH,8.0,1,8.08,8.0,20.6,20.6,1.45,1.45,3.0,0.0,20.6,1.45,20.6,1.45,20.6,1.45,20.6,1.45,20.6,1.45,20.6,1.45,20.6,1.45
PH,9.0,2,9.39,15.0,11.4,36.1,0.84,3.79,4.5,0.0,13.9,1.14,17.6,1.58,23.8,2.32,29.9,3.05,33.6,3.49,34.9,3.64,35.9,3.76
PH,10.0,2,10.71,7.5,20.4,74.5,1.47,5.11,4.0,0.0,25.8,1.83,33.9,2.38,47.5,3.29,61.0,4.2,69.1,4.75,71.8,4.93,74.0,5.08
PH,12.0,1,12.09,9.0,13.1,13.1,0.81,0.81,1.0,0.0,13.1,0.81,13.1,0.81,13.1,0.81,13.1,0.81,13.1,0.81,13.1,0.81,13.1,0.81
PL=F,1.0,277,1.44,2.0,1.0,1321.1,0.02,23.3,2.0,51.6,26.9,0.39,55.5,0.82,103.7,1.58,193.6,2.83,310.4,4.86,460.8,6.25,699.4,10.75
PL=F,2.0,147,2.42,2.0,0.3,860.8,0.01,16.56,2.0,42.9,13.8,0.3,33.1,1.01,77.5,1.97,150.3,3.36,194.6,4.78,234.6,5.96,367.5,10.06
PL=F,3.0,105,3.51,3.0,0.6,401.7,0.03,13.69,2.0,20.0,19.8,0.72,35.9,1.11,52.0,1.9,84.5,2.78,157.4,5.31,223.2,7.4,340.7,10.52
PL=F,4.0,55,4.4,4.0,2.0,154.8,0.12,5.85,2.0,14.5,15.1,0.69,25.6,1.07,47.6,2.14,79.8,3.45,105.3,4.45,106.9,4.99,131.5,5.72
PL=F,5.0,28,5.45,4.0,3.9,147.4,0.19,5.97,1.5,7.1,7.4,0.29,13.1,0.73,32.6,1.42,43.4,2.24,61.1,3.72,100.9,4.67,140.5,5.74
PL=F,6.0,18,6.39,5.0,4.8,246.6,0.25,7.83,2.5,22.2,14.4,0.93,35.3,1.93,51.8,2.92,98.0,4.78,121.1,6.55,148.3,7.33,226.9,7.73
PL=F,7.0,22,7.46,6.0,6.8,122.0,0.48,8.79,2.0,4.5,11.7,0.62,19.9,1.14,33.5,2.3,47.6,3.08,72.3,3.97,73.9,4.06,111.9,7.8
PL=F,8.0,2,8.17,7.5,35.2,246.7,1.64,14.5,4.5,50.0,56.4,2.92,88.1,4.85,140.9,8.07,193.8,11.28,225.5,13.21,236.1,13.85,244.6,14.37
PL=F,9.0,4,9.79,8.5,17.2,32.5,1.37,2.35,1.0,0.0,19.0,1.47,21.6,1.62,26.6,1.87,30.6,2.1,31.8,2.25,32.1,2.3,32.4,2.34
PL=F,10.0,2,10.41,8.0,9.0,21.9,0.8,1.64,1.0,0.0,10.3,0.89,12.2,1.01,15.4,1.22,18.7,1.43,20.6,1.56,21.3,1.6,21.8,1.63
PL=F,11.0,2,11.55,9.5,30.7,47.0,3.15,4.89,3.0,0.0,32.3,3.32,34.8,3.58,38.9,4.02,42.9,4.45,45.4,4.71,46.2,4.8,46.8,4.87
PL=F,12.0,3,12.67,7.0,7.0,22.2,0.47,1.37,1.0,0.0,8.7,0.62,11.2,0.84,15.5,1.21,18.9,1.29,20.9,1.34,21.5,1.36,22.1,1.37
PL=F,13.0,2,13.32,11.0,15.8,28.4,1.16,2.71,1.0,0.0,17.1,1.32,18.9,1.55,22.1,1.94,25.2,2.32,27.1,2.56,27.8,2.63,28.3,2.7
PL=F,14.0,1,14.18,5.0,41.3,41.3,3.44,3.44,1.0,0.0,41.3,3.44,41.3,3.44,41.3,3.44,41.3,3.44,41.3,3.44,41.3,3.44,41.3,3.44
PL=F,16.0,1,16.25,4.0,49.0,49.0,4.12,4.12,5.0,0.0,49.0,4.12,49.0,4.12,49.0,4.12,49.0,4.12,49.0,4.12,49.0,4.12,49.0,4.12
PL=F,17.0,1,17.23,11.0,48.5,48.5,5.37,5.37,1.0,0.0,48.5,5.37,48.5,5.37,48.5,5.37,48.5,5.37,48.5,5.37,48.5,5.37,48.5,5.37
PL=F,18.0,1,18.94,6.0,58.7,58.7,6.16,6.16,5.0,0.0,58.7,6.16,58.7,6.16,58.7,6.16,58.7,6.16,58.7,6.16,58.7,6.16,58.7,6.16
PL=F,21.0,1,21.78,5.0,65.3,65.3,6.3,6.3,1.0,0.0,65.3,6.3,65.3,6.3,65.3,6.3,65.3,6.3,65.3,6.3,65.3,6.3,65.3,6.3
PL=F,22.0,1,22.08,7.0,39.2,39.2,3.65,3.65,4.0,0.0,39.2,3.65,39.2,3.65,39.2,3.65,39.2,3.65,39.2,3.65,39.2,3.65,39.2,3.65
PL=F,24.0,1,24.15,9.0,6.2,6.2,0.72,0.72,1.0,0.0,6.2,0.72,6.2,0.72,6.2,0.72,6.2,0.72,6.2,0.72,6.2,0.72,6.2,0.72
PL=F,30.0,1,30.87,7.0,0.2,0.2,0.02,0.02,1.0,0.0,0.2,0.02,0.2,0.02,0.2,0.02,0.2,0.02,0.2,0.02,0.2,0.02,0.2,0.02
PLD,1.0,343,1.51,2.0,37.3,974.7,0.51,11.56,2.0,60.3,63.3,0.98,80.5,1.25,117.2,1.72,173.8,2.58,248.5,3.57,341.5,4.69,536.5,6.77
PLD,2.0,210,2.46,3.0,29.2,510.8,0.74,12.69,2.0,35.2,42.6,1.08,54.6,1.33,78.2,1.96,118.8,2.87,171.6,4.24,247.2,5.98,423.3,10.55
PLD,3.0,103,3.42,5.0,19.7,317.8,0.69,10.41,2.0,13.6,29.6,1.04,36.2,1.26,51.2,1.72,77.2,2.42,109.3,3.65,129.5,4.27,255.6,10.16
PLD,4.0,43,4.3,6.0,17.1,175.3,0.76,7.13,2.0,11.6,25.1,1.21,33.6,1.37,45.8,1.95,70.4,2.78,100.9,3.95,113.6,4.65,151.9,6.92
PLD,5.0,12,5.4,6.5,28.1,239.9,1.62,10.72,3.5,16.7,35.4,1.67,41.2,1.99,72.9,3.73,87.9,4.17,122.8,4.68,177.5,7.42,227.4,10.06
PLD,6.0,11,6.24,10.0,30.5,101.4,1.97,5.08,3.0,9.1,33.1,2.12,41.7,2.41,49.1,2.57,71.0,3.82,90.1,4.99,95.8,5.04,100.3,5.07
PLD,7.0,8,7.62,13.5,7.8,90.6,0.94,5.91,2.5,0.0,14.9,0.99,24.4,1.83,33.4,2.24,48.2,3.02,76.2,4.64,83.4,5.27,89.2,5.78
PLD,8.0,2,8.76,8.5,14.7,29.1,1.0,2.08,2.5,0.0,16.1,1.11,18.3,1.27,21.9,1.54,25.5,1.81,27.7,1.98,28.4,2.03,29.0,2.07
PLD,10.0,2,10.36,22.5,28.6,28.7,3.06,3.1,2.0,0.0,28.6,3.06,28.6,3.07,28.6,3.08,28.7,3.09,28.7,3.1,28.7,3.1,28.7,3.1
PLD,12.0,1,12.67,13.0,27.7,27.7,2.39,2.39,4.0,0.0,27.7,2.39,27.7,2.39,27.7,2.39,27.7,2.39,27.7,2.39,27.7,2.39,27.7,2.39
PLTR,1.0,99,1.49,2.0,27.2,589.9,0.68,7.15,2.0,56.6,66.4,1.01,77.4,1.23,112.0,1.77,188.8,2.83,246.4,3.75,279.2,4.53,551.4,6.32
PLTR,2.0,66,2.4,3.0,25.8,363.9,0.63,7.69,2.0,39.4,44.1,1.12,62.5,1.62,88.2,2.11,126.2,3.24,193.6,4.75,198.5,5.51,282.5,6.82
PLTR,3.0,28,3.36,4.0,25.6,145.4,1.06,4.41,1.5,10.7,36.5,1.16,38.4,1.29,47.8,1.73,67.8,2.29,99.0,2.97,111.6,3.65,136.5,4.21
PLTR,4.0,20,4.39,6.0,29.4,130.3,1.18,4.88,2.0,15.0,34.4,1.69,47.6,1.95,58.5,2.68,78.8,3.27,117.4,4.55,125.9,4.88,129.4,4.88
PLTR,5.0,4,5.49,4.0,23.7,85.3,1.08,3.91,2.0,0.0,24.6,1.1,26.0,1.14,28.6,1.49,44.2,2.35,68.9,3.29,77.1,3.6,83.7,3.85
PLTR,6.0,2,6.63,3.5,30.1,115.5,1.49,5.97,5.0,50.0,38.6,1.94,51.5,2.61,72.8,3.73,94.2,4.85,107.0,5.52,111.2,5.75,114.6,5.93
PLTR,7.0,5,7.38,5.0,16.4,45.6,0.91,2.56,1.0,0.0,20.5,1.11,26.7,1.41,28.4,1.59,28.8,1.97,38.9,2.33,42.2,2.44,44.9,2.54
PLTR,10.0,1,10.65,4.0,42.4,42.4,2.87,2.87,3.0,0.0,42.4,2.87,42.4,2.87,42.4,2.87,42.4,2.87,42.4,2.87,42.4,2.87,42.4,2.87
PLTR,11.0,2,11.08,5.0,45.0,73.6,2.92,4.04,2.5,0.0,47.9,3.03,52.1,3.2,59.3,3.48,66.4,3.76,70.7,3.93,72.2,3.98,73.3,4.03
PLTR,14.0,2,14.58,7.0,16.6,23.3,1.35,1.57,1.0,0.0,17.3,1.37,18.3,1.41,20.0,1.46,21.6,1.52,22.6,1.55,23.0,1.56,23.2,1.57
PLTR,19.0,1,19.5,12.0,60.8,60.8,4.46,4.46,3.0,0.0,60.8,4.46,60.8,4.46,60.8,4.46,60.8,4.46,60.8,4.46,60.8,4.46,60.8,4.46
PM,1.0,304,1.42,2.0,42.0,822.4,0.64,11.47,2.0,64.8,64.7,0.98,88.3,1.29,120.7,1.77,185.2,2.59,289.7,4.17,362.9,5.22,655.4,8.11
PM,2.0,189,2.44,3.0,20.0,406.6,0.69,11.02,2.0,32.3,40.9,1.03,53.3,1.34,73.5,1.88,111.5,2.78,170.4,4.17,215.4,5.36,365.8,7.63
PM,3.0,93,3.36,4.0,19.1,291.3,0.82,8.4,2.0,22.6,32.8,1.13,39.6,1.38,61.6,1.98,93.4,3.19,127.1,4.18,142.6,4.9,221.4,6.22
PM,4.0,39,4.57,6.0,15.2,226.2,0.75,8.12,2.0,7.7,23.8,0.97,28.1,1.3,34.2,1.58,56.7,2.23,81.7,4.62,170.8,6.38,210.4,7.68
PM,5.0,18,5.42,8.0,12.8,94.1,0.62,3.83,1.0,0.0,17.2,1.06,24.4,1.24,29.3,1.43,43.4,2.11,48.4,2.71,62.0,2.95,87.7,3.65
PM,6.0,11,6.34,10.0,14.1,129.5,0.94,7.33,1.0,9.1,19.3,1.22,22.4,1.45,31.5,1.56,49.5,2.51,87.3,6.36,108.4,6.84,125.3,7.23
PM,7.0,7,7.26,9.0,15.8,57.3,0.92,3.35,2.0,0.0,19.8,1.36,25.8,1.75,37.3,2.76,55.1,3.01,56.5,3.27,56.9,3.31,57.2,3.35
PM,8.0,5,8.21,9.0,16.6,68.6,1.28,3.79,1.0,0.0,17.9,1.29,19.9,1.3,44.0,2.5,48.0,2.7,60.4,3.36,64.5,3.58,67.8,3.75
PM,9.0,2,9.53,14.5,8.6,45.4,0.91,2.88,2.0,0.0,12.3,1.11,17.8,1.4,27.0,1.9,36.2,2.39,41.7,2.69,43.6,2.79,45.0,2.86
PM,10.0,2,10.26,6.5,16.2,30.7,1.14,1.81,1.5,0.0,17.6,1.21,19.8,1.31,23.4,1.47,27.1,1.64,29.2,1.74,30.0,1.77,30.6,1.8
PM,14.0,1,14.1,20.0,10.3,10.3,0.94,0.94,2.0,0.0,10.3,0.94,10.3,0.94,10.3,0.94,10.3,0.94,10.3,0.94,10.3,0.94,10.3,0.94
PSX,1.0,252,1.46,1.5,39.4,867.0,0.59,9.08,2.0,64.7,66.5,0.98,86.6,1.3,117.4,1.77,171.5,2.57,275.3,3.94,327.5,5.04,495.5,7.8
PSX,2.0,168,2.39,3.0,27.4,529.4,0.76,10.58,2.0,28.0,39.0,1.01,49.5,1.23,72.5,1.8,105.7,2.59,164.2,3.83,211.8,5.14,367.7,7.82
PSX,3.0,66,3.39,5.0,19.6,497.8,0.68,13.99,2.0,15.2,29.5,0.97,35.4,1.21,52.2,1.75,79.1,2.6,121.4,3.62,149.9,4.72,306.3,8.79
PSX,4.0,32,4.22,6.0,15.5,183.2,0.78,6.77,2.0,6.2,31.1,1.15,36.1,1.63,49.8,2.01,58.7,2.69,90.5,3.6,102.6,4.85,161.7,6.2
PSX,5.0,11,5.75,9.0,21.6,239.4,1.22,9.29,4.0,18.2,25.4,1.24,31.4,1.61,43.8,2.32,66.2,3.68,117.4,6.14,178.4,7.71,227.2,8.97
PSX,6.0,9,6.28,9.0,17.0,46.9,1.24,2.54,1.0,0.0,21.6,1.28,28.6,1.52,34.3,1.93,37.2,2.04,41.4,2.33,44.1,2.44,46.3,2.52
PSX,7.0,8,7.31,10.5,16.4,72.7,0.81,4.29,2.0,0.0,16.8,1.31,22.7,1.56,26.9,1.69,31.2,1.93,45.0,3.0,58.8,3.64,69.9,4.16
PSX,8.0,3,8.59,13.0,28.2,58.1,1.83,4.7,4.0,0.0,29.3,2.02,31.0,2.3,33.7,2.77,45.9,3.74,53.2,4.32,55.7,4.51,57.6,4.66
PSX,9.0,1,9.76,20.0,16.0,16.0,1.63,1.63,1.0,0.0,16.0,1.63,16.0,1.63,16.0,1.63,16.0,1.63,16.0,1.63,16.0,1.63,16.0,1.63
PYPL,1.0,204,1.48,2.0,30.7,1055.1,0.54,11.46,2.0,59.3,56.3,0.98,79.8,1.22,113.2,1.74,179.0,2.62,272.7,3.75,339.2,4.84,451.2,7.55
PYPL,2.0,129,2.41,3.0,17.3,402.1,0.49,8.71,2.0,32.6,40.6,0.98,54.1,1.35,77.7,1.86,131.1,3.24,195.8,4.57,242.7,6.05,323.7,8.18
PYPL,3.0,46,3.41,4.0,21.0,223.3,0.78,7.19,2.0,19.6,28.0,1.04,35.6,1.24,54.2,1.85,86.5,2.72,113.8,3.78,160.5,5.41,208.4,6.94
PYPL,4.0,24,4.58,7.0,18.8,174.5,0.89,6.75,2.0,20.8,28.3,1.16,34.0,1.47,40.6,1.85,56.8,2.34,144.1,5.6,151.1,6.01,169.2,6.59
PYPL,5.0,15,5.27,7.0,17.2,100.9,0.81,4.39,2.0,6.7,21.0,1.25,34.7,1.67,44.8,2.18,58.7,2.89,72.0,3.67,84.3,4.1,97.6,4.33
PYPL,6.0,8,6.34,7.5,20.6,95.1,1.27,4.57,3.5,0.0,30.1,1.87,38.8,2.15,67.0,3.19,80.6,3.91,87.7,4.46,91.4,4.51,94.4,4.56
PYPL,7.0,3,7.62,6.0,29.9,83.7,1.57,4.62,2.0,0.0,30.2,1.67,30.6,1.83,31.4,2.1,57.5,3.36,73.2,4.11,78.5,4.36,82.7,4.57
PYPL,9.0,2,9.32,9.5,19.6,28.7,1.28,2.01,3.5,0.0,20.5,1.36,21.9,1.47,24.1,1.65,26.4,1.83,27.8,1.94,28.2,1.97,28.6,2.0
PYPL,15.0,1,15.14,23.0,17.6,17.6,1.51,1.51,2.0,0.0,17.6,1.51,17.6,1.51,17.6,1.51,17.6,1.51,17.6,1.51,17.6,1.51,17.6,1.51
QCOM,1.0,382,1.48,2.0,34.3,991.7,0.57,11.41,2.0,61.8,61.4,0.96,83.2,1.24,123.0,1.85,181.4,2.61,257.6,3.85,305.9,4.83,508.6,7.37
QCOM,2.0,205,2.33,3.0,15.9,702.0,0.57,15.37,2.0,34.6,34.9,0.98,54.2,1.29,79.2,1.89,115.1,2.62,170.1,4.09,233.4,5.13,336.9,6.6
QCOM,3.0,71,3.46,5.0,19.2,300.0,0.75,9.55,3.0,28.2,27.4,0.99,39.1,1.38,65.3,2.17,108.0,3.76,147.9,4.6,159.5,5.23,219.6,6.94
QCOM,4.0,53,4.38,6.0,18.4,248.2,0.81,10.36,2.0,15.1,29.1,1.27,40.8,1.75,54.0,2.11,72.5,3.28,126.7,5.3,152.3,5.54,239.8,9.52
QCOM,5.0,24,5.36,8.0,18.2,118.4,0.82,7.74,2.0,4.2,24.0,1.42,32.9,1.64,41.4,1.88,49.9,2.5,56.7,3.06,61.4,3.2,105.5,6.7
QCOM,6.0,8,6.47,8.0,10.1,65.4,0.8,3.79,1.0,0.0,13.0,0.81,15.6,0.82,23.6,1.23,40.9,2.23,49.3,3.05,57.3,3.42,63.8,3.72
QCOM,7.0,5,7.74,8.0,18.5,71.4,1.04,4.27,3.0,0.0,23.1,1.48,30.1,2.12,39.1,2.15,43.9,3.44,60.4,3.94,65.9,4.11,70.3,4.24
QCOM,8.0,2,8.74,12.5,17.7,32.4,1.47,2.52,2.5,0.0,19.2,1.57,21.4,1.73,25.0,1.99,28.7,2.26,30.9,2.41,31.7,2.47,32.3,2.51
QCOM,9.0,4,9.54,10.5,11.7,85.1,0.8,5.2,1.5,0.0,14.1,1.07,17.8,1.48,39.2,2.59,65.3,3.9,77.2,4.68,81.1,4.94,84.3,5.15
QCOM,11.0,1,11.39,6.0,32.4,32.4,2.27,2.27,6.0,0.0,32.4,2.27,32.4,2.27,32.4,2.27,32.4,2.27,32.4,2.27,32.4,2.27,32.4,2.27
QCOM,13.0,1,13.82,6.0,11.9,11.9,0.75,0.75,2.0,0.0,11.9,0.75,11.9,0.75,11.9,0.75,11.9,0.75,11.9,0.75,11.9,0.75,11.9,0.75
QCOM,15.0,1,15.83,9.0,26.9,26.9,2.17,2.17,1.0,0.0,26.9,2.17,26.9,2.17,26.9,2.17,26.9,2.17,26.9,2.17,26.9,2.17,26.9,2.17
QCOM,20.0,1,20.35,9.0,54.7,54.7,3.46,3.46,6.0,0.0,54.7,3.46,54.7,3.46,54.7,3.46,54.7,3.46,54.7,3.46,54.7,3.46,54.7,3.46
QCOM,29.0,1,29.72,8.0,13.5,13.5,1.27,1.27,2.0,0.0,13.5,1.27,13.5,1.27,13.5,1.27,13.5,1.27,13.5,1.27,13.5,1.27,13.5,1.27
QIA.DE,1.0,357,1.45,2.0,30.2,802.9,0.55,14.69,2.0,60.5,61.7,0.96,81.4,1.24,122.8,1.74,190.9,2.77,301.3,4.31,399.2,5.51,566.2,8.66
QIA.DE,2.0,164,2.43,3.0,18.5,407.9,0.53,10.64,2.0,32.9,38.5,1.01,52.7,1.34,76.0,1.92,116.5,2.86,164.9,4.08,220.6,4.99,300.6,8.05
QIA.DE,3.0,85,3.57,5.0,16.4,248.3,0.79,8.3,3.0,21.2,30.0,1.11,39.9,1.42,57.7,1.99,88.1,2.81,141.0,5.37,183.0,6.2,237.9,7.63
QIA.DE,4.0,55,4.46,6.0,19.4,166.5,0.8,7.95,2.0,14.5,24.4,1.0,33.2,1.49,47.2,1.99,66.7,2.71,103.3,4.22,119.3,5.15,156.6,7.44
QIA.DE,5.0,23,5.41,8.0,11.0,123.9,0.62,5.92,2.0,13.0,17.7,0.91,22.8,1.43,41.1,2.15,54.4,2.63,107.6,4.52,113.5,5.38,121.7,5.82
QIA.DE,6.0,5,6.46,8.0,16.3,48.6,1.05,2.8,3.0,0.0,25.7,1.36,39.8,1.82,42.5,2.01,46.3,2.03,47.7,2.49,48.1,2.65,48.5,2.77
QIA.DE,7.0,6,7.44,7.0,19.5,62.8,1.42,3.58,2.0,0.0,19.8,1.44,20.5,1.47,34.0,2.03,46.3,2.9,54.6,3.3,58.7,3.44,62.0,3.55
QIA.DE,8.0,4,8.49,12.5,9.9,28.0,0.74,1.89,2.0,0.0,13.8,0.8,19.6,0.9,25.0,1.25,27.4,1.63,27.8,1.79,27.9,1.84,28.0,1.88
QIA.DE,9.0,2,9.45,5.0,25.7,35.8,1.5,2.03,2.0,0.0,26.7,1.55,28.2,1.63,30.8,1.76,33.3,1.89,34.8,1.97,35.3,2.0,35.7,2.02
QIA.DE,10.0,2,10.51,15.0,25.3,26.8,1.55,1.87,7.5,0.0,25.4,1.58,25.7,1.63,26.1,1.71,26.4,1.79,26.7,1.84,26.7,1.86,26.8,1.87
QIA.DE,12.0,2,12.3,14.0,12.5,78.6,1.08,6.64,3.5,0.0,19.1,1.63,29.0,2.47,45.5,3.86,62.1,5.25,72.0,6.08,75.3,6.36,77.9,6.58
QIA.DE,16.0,1,16.15,3.0,22.0,22.0,1.7,1.7,3.0,0.0,22.0,1.7,22.0,1.7,22.0,1.7,22.0,1.7,22.0,1.7,22.0,1.7,22.0,1.7
REGN,1.0,325,1.46,2.0,27.6,1027.1,0.41,13.81,2.0,61.8,66.4,0.98,85.5,1.25,118.3,1.8,174.2,2.46,263.7,3.77,351.2,5.21,501.8,7.53
REGN,2.0,183,2.34,3.0,28.1,360.8,0.63,9.34,2.0,39.3,40.4,1.07,55.5,1.41,80.6,1.98,121.3,2.94,168.8,4.04,220.0,5.18,301.6,7.52
REGN,3.0,91,3.39,4.0,23.7,282.6,0.73,8.33,2.0,18.7,31.7,1.15,39.1,1.37,60.5,1.86,85.4,3.02,128.3,4.15,171.4,4.9,249.7,7.69
REGN,4.0,33,4.4,5.0,28.8,191.4,1.01,9.13,3.0,30.3,37.7,1.46,41.7,1.85,57.5,2.69,101.0,3.93,126.2,4.65,135.1,4.93,176.6,7.85
REGN,5.0,29,5.43,6.0,16.3,128.6,0.87,5.85,2.0,3.4,23.1,1.1,29.5,1.44,42.0,2.0,54.5,2.4,75.1,3.6,95.2,4.4,120.1,5.5
REGN,6.0,9,6.54,6.0,23.2,64.2,1.1,3.5,3.0,0.0,24.2,1.24,24.8,1.29,45.4,2.14,57.7,2.85,59.2,3.02,61.7,3.26,63.7,3.46
REGN,7.0,8,7.68,7.0,18.3,66.8,1.17,3.95,1.5,0.0,18.9,1.18,23.2,1.28,42.5,2.42,52.1,3.18,58.3,3.59,62.6,3.77,66.0,3.91
REGN,8.0,8,8.36,13.0,14.8,59.5,1.06,4.14,3.5,0.0,17.2,1.15,19.3,1.49,39.5,2.52,45.0,2.98,55.7,4.09,57.6,4.11,59.1,4.14
REGN,9.0,3,9.72,6.0,19.0,25.5,1.25,1.43,1.0,0.0,19.5,1.28,20.3,1.32,21.6,1.39,23.6,1.41,24.7,1.43,25.1,1.43,25.4,1.43
REGN,10.0,2,10.4,17.0,13.8,38.6,1.0,2.85,4.0,0.0,16.3,1.18,20.0,1.46,26.2,1.92,32.4,2.38,36.1,2.66,37.4,2.75,38.4,2.83
REGN,11.0,1,11.62,13.0,15.5,15.5,1.36,1.36,1.0,0.0,15.5,1.36,15.5,1.36,15.5,1.36,15.5,1.36,15.5,1.36,15.5,1.36,15.5,1.36
REGN,12.0,2,12.64,6.5,13.2,37.2,1.11,2.65,3.0,0.0,15.6,1.26,19.2,1.5,25.2,1.88,31.2,2.27,34.8,2.5,36.0,2.57,37.0,2.63
REGN,20.0,1,20.54,12.0,84.1,84.1,7.85,7.85,6.0,0.0,84.1,7.85,84.1,7.85,84.1,7.85,84.1,7.85,84.1,7.85,84.1,7.85,84.1,7.85
RHM.DE,1.0,308,1.49,2.0,28.6,604.9,0.48,11.07,2.0,63.3,60.0,0.97,85.0,1.33,119.5,1.79,178.4,2.66,236.0,3.68,280.3,4.57,390.6,6.11
RHM.DE,2.0,203,2.42,3.0,21.6,494.5,0.51,11.38,2.0,35.5,41.0,1.03,55.6,1.36,81.4,1.97,123.5,2.95,211.6,4.71,254.8,5.87,338.3,8.67
RHM.DE,3.0,117,3.38,4.0,18.9,418.7,0.68,12.93,3.0,19.7,34.0,1.13,40.9,1.47,60.5,1.91,92.3,3.1,125.9,4.07,147.4,4.89,221.3,7.3
RHM.DE,4.0,42,4.39,6.0,17.6,142.9,0.71,6.82,2.0,14.3,24.1,1.12,36.9,1.71,48.0,2.25,76.7,2.97,107.7,4.44,135.2,5.29,140.9,6.24
RHM.DE,5.0,26,5.39,8.0,19.0,156.8,0.84,8.13,2.0,11.5,27.0,1.33,31.0,1.65,47.6,2.15,58.2,2.9,92.6,5.33,130.8,7.42,151.8,8.1
RHM.DE,6.0,13,6.43,7.0,20.8,136.2,1.15,5.95,1.0,7.7,24.1,1.33,30.0,1.54,35.7,2.36,46.1,2.75,66.2,2.9,94.8,4.13,127.9,5.58
RHM.DE,7.0,8,7.37,9.0,20.8,69.3,1.33,3.81,2.5,0.0,26.8,1.58,31.9,2.13,39.9,2.37,46.9,3.01,57.3,3.26,63.3,3.54,68.1,3.76
RHM.DE,8.0,2,8.38,8.0,18.5,44.0,1.4,2.81,1.5,0.0,21.1,1.54,24.9,1.76,31.2,2.11,37.6,2.46,41.5,2.67,42.7,2.74,43.7,2.8
RHM.DE,9.0,2,9.7,4.5,21.7,31.1,1.27,2.03,2.0,0.0,22.6,1.34,24.1,1.46,26.4,1.65,28.8,1.84,30.2,1.96,30.6,1.99,31.0,2.03
RHM.DE,10.0,1,10.12,8.0,19.6,19.6,1.54,1.54,1.0,0.0,19.6,1.54,19.6,1.54,19.6,1.54,19.6,1.54,19.6,1.54,19.6,1.54,19.6,1.54
RHM.DE,12.0,1,12.35,14.0,47.6,47.6,3.19,3.19,5.0,0.0,47.6,3.19,47.6,3.19,47.6,3.19,47.6,3.19,47.6,3.19,47.6,3.19,47.6,3.19
RHM.DE,27.0,1,27.18,6.0,39.7,39.7,2.83,2.83,5.0,0.0,39.7,2.83,39.7,2.83,39.7,2.83,39.7,2.83,39.7,2.83,39.7,2.83,39.7,2.83
RIO,1.0,465,1.44,1.0,24.4,1174.9,0.42,14.53,2.0,60.6,59.1,0.94,79.0,1.21,117.2,1.73,181.1,2.7,273.1,3.73,329.2,4.66,486.1,7.13
RIO,2.0,201,2.38,3.0,20.1,488.1,0.49,12.73,2.0,33.8,36.3,0.91,49.4,1.23,71.8,1.71,117.8,2.71,168.5,4.04,188.0,4.68,352.5,7.02
RIO,3.0,119,3.4,4.0,15.8,216.2,0.47,7.2,2.0,12.6,27.5,0.96,37.9,1.3,55.1,1.81,79.3,2.7,105.7,3.64,136.1,4.46,194.2,6.83
RIO,4.0,56,4.57,5.5,12.8,207.3,0.62,7.42,2.0,14.3,23.9,1.03,31.6,1.4,41.0,1.79,61.4,2.49,107.2,4.83,125.6,6.08,200.0,7.33
RIO,5.0,25,5.45,5.0,17.8,117.2,0.91,5.92,3.0,8.0,21.1,1.1,28.3,1.32,48.7,2.3,82.8,3.9,95.3,4.79,100.9,5.14,113.6,5.73
RIO,6.0,13,6.56,7.0,16.2,90.6,0.91,4.76,2.0,0.0,17.4,1.15,24.8,1.22,27.8,1.67,33.2,2.37,65.8,3.62,78.2,4.25,88.1,4.66
RIO,7.0,6,7.5,9.0,14.8,31.4,0.85,2.27,2.0,0.0,15.6,0.95,17.4,1.11,23.3,1.51,26.6,1.92,29.1,2.13,30.2,2.2,31.2,2.26
RIO,8.0,3,8.61,5.0,21.8,93.3,1.52,5.43,3.0,0.0,26.2,1.74,32.9,2.07,43.9,2.62,68.6,4.03,83.4,4.87,88.4,5.15,92.3,5.37
RIO,9.0,3,9.17,4.0,30.1,71.1,1.96,4.2,1.0,0.0,31.7,2.01,34.0,2.08,38.0,2.21,54.5,3.21,64.5,3.8,67.8,4.0,70.4,4.16
RIO,12.0,1,12.5,7.0,72.8,72.8,5.45,5.45,8.0,0.0,72.8,5.45,72.8,5.45,72.8,5.45,72.8,5.45,72.8,5.45,72.8,5.45,72.8,5.45
RIO,13.0,1,13.49,14.0,18.3,18.3,1.9,1.9,3.0,0.0,18.3,1.9,18.3,1.9,18.3,1.9,18.3,1.9,18.3,1.9,18.3,1.9,18.3,1.9
ROP,1.0,374,1.5,2.0,28.7,598.4,0.49,8.4,2.0,62.6,65.5,1.02,86.2,1.31,115.7,1.71,169.5,2.53,241.4,3.49,303.1,4.02,462.0,7.61
ROP,2.0,199,2.37,3.0,22.2,353.9,0.63,9.22,2.0,32.2,40.1,1.05,54.0,1.33,73.9,1.75,122.2,3.06,197.2,4.33,230.5,5.06,309.3,7.74
ROP,3.0,94,3.42,5.0,16.6,237.2,0.64,8.37,2.0,20.2,31.8,1.08,40.9,1.34,63.2,2.11,82.3,2.95,129.1,4.0,149.3,5.2,236.5,7.12
ROP,4.0,51,4.36,7.0,17.9,237.0,0.8,7.64,2.0,3.9,21.6,1.05,26.8,1.23,36.7,1.55,59.1,2.56,81.0,3.15,86.9,3.5,199.4,6.95
ROP,5.0,22,5.39,8.0,16.1,286.3,0.84,13.55,2.5,9.1,27.7,1.34,31.9,1.52,37.4,1.85,55.9,2.93,95.0,4.13,110.4,5.01,249.5,11.76
ROP,6.0,9,6.43,10.0,14.3,50.0,0.76,3.04,2.0,0.0,15.3,1.11,30.2,1.43,31.8,2.04,38.8,2.24,47.3,2.65,48.6,2.84,49.7,3.0
ROP,7.0,7,7.64,9.0,12.7,222.5,0.85,8.62,2.0,14.3,17.1,1.15,21.4,1.44,50.0,3.08,57.6,3.51,126.9,5.62,174.7,7.12,212.9,8.32
ROP,8.0,2,8.26,8.5,31.4,67.9,2.35,3.98,9.5,0.0,35.0,2.51,40.5,2.76,49.7,3.17,58.8,3.57,64.2,3.82,66.1,3.9,67.5,3.97
ROP,9.0,2,9.21,22.5,29.7,68.1,3.26,4.31,3.5,0.0,33.5,3.37,39.3,3.52,48.9,3.79,58.5,4.05,64.3,4.21,66.2,4.26,67.7,4.3
ROP,10.0,1,10.78,15.0,16.3,16.3,1.39,1.39,6.0,0.0,16.3,1.39,16.3,1.39,16.3,1.39,16.3,1.39,16.3,1.39,16.3,1.39,16.3,1.39
ROST,1.0,359,1.5,2.0,35.2,605.1,0.64,8.3,2.0,62.4,61.2,1.0,81.8,1.28,115.2,1.67,161.5,2.35,216.7,3.37,271.6,3.97,402.5,6.01
ROST,2.0,230,2.39,3.0,25.4,388.4,0.54,9.42,2.0,37.0,44.0,1.11,60.0,1.48,79.5,1.94,116.4,2.85,160.9,4.0,195.3,4.73,354.6,7.95
ROST,3.0,92,3.4,4.0,16.6,266.9,0.7,9.67,2.0,18.5,27.8,0.97,37.5,1.34,63.5,2.0,89.2,2.98,131.9,4.78,165.6,5.46,241.5,7.69
ROST,4.0,48,4.47,6.0,15.0,255.2,0.74,9.7,2.0,14.6,25.2,1.02,29.8,1.25,41.8,1.86,69.0,3.07,126.3,4.98,161.5,7.2,225.0,9.63
ROST,5.0,20,5.38,8.5,10.7,191.5,0.5,7.16,3.0,5.0,16.1,0.98,23.2,1.12,43.2,2.0,55.9,2.61,65.8,3.46,76.0,3.86,168.4,6.5
ROST,6.0,7,6.33,6.0,19.6,59.5,0.99,2.92,2.0,0.0,23.8,1.23,27.4,1.45,37.8,1.8,38.4,1.91,47.0,2.37,53.3,2.64,58.3,2.87
ROST,7.0,5,7.56,13.0,15.6,49.1,0.94,3.21,2.0,0.0,15.8,0.98,16.0,1.03,19.5,1.36,25.2,1.74,39.5,2.62,44.3,2.91,48.1,3.15
ROST,8.0,2,8.44,6.5,29.9,29.9,1.52,1.73,4.0,0.0,29.9,1.54,29.9,1.57,29.9,1.63,29.9,1.68,29.9,1.71,29.9,1.72,29.9,1.73
ROST,9.0,3,9.47,7.0,21.6,37.7,1.51,3.18,3.0,0.0,24.0,1.69,27.7,1.96,33.8,2.41,35.8,2.8,36.9,3.03,37.3,3.1,37.6,3.17
ROST,10.0,1,10.35,14.0,50.8,50.8,3.92,3.92,5.0,0.0,50.8,3.92,50.8,3.92,50.8,3.92,50.8,3.92,50.8,3.92,50.8,3.92,50.8,3.92
ROST,11.0,2,11.2,8.0,13.4,46.0,0.91,3.21,2.0,0.0,16.7,1.14,21.6,1.48,29.7,2.06,37.9,2.64,42.7,2.98,44.4,3.1,45.7,3.19
RTX,1.0,336,1.53,2.0,24.2,741.5,0.56,13.58,2.0,63.4,63.8,0.97,84.3,1.31,121.8,1.85,182.0,2.67,283.6,4.34,370.6,5.42,643.4,9.92
RTX,2.0,214,2.4,3.0,26.2,389.6,0.63,8.61,2.0,31.8,40.3,1.11,54.3,1.34,76.0,1.86,111.3,2.71,179.4,4.23,212.5,4.77,334.2,8.03
RTX,3.0,101,3.38,5.0,14.7,344.1,0.55,11.13,2.0,12.9,25.5,0.97,35.1,1.19,48.7,1.62,81.2,2.56,123.8,4.2,170.2,4.76,195.2,6.26
RTX,4.0,49,4.39,6.0,13.2,167.7,0.61,7.06,2.0,12.2,24.4,1.0,33.5,1.52,53.5,2.24,81.1,3.13,109.3,4.16,128.3,4.98,163.4,6.51
RTX,5.0,14,5.43,7.0,9.7,92.1,0.36,4.66,2.0,0.0,18.7,1.29,26.6,1.46,37.9,1.92,56.5,3.17,71.5,3.52,80.0,3.92,89.7,4.52
RTX,6.0,18,6.54,8.5,12.1,64.6,0.65,3.81,2.0,0.0,18.6,1.0,27.9,1.52,34.2,2.15,48.2,2.77,62.5,3.16,64.3,3.32,64.5,3.71
RTX,7.0,3,7.68,15.0,29.2,70.1,1.77,4.16,4.0,0.0,33.2,2.02,39.1,2.4,49.0,3.03,59.5,3.59,65.9,3.93,68.0,4.04,69.7,4.13
RTX,8.0,4,8.67,14.0,17.1,44.2,1.08,2.73,1.5,0.0,18.4,1.22,20.4,1.45,24.4,1.67,31.4,2.01,39.1,2.44,41.6,2.59,43.7,2.7
RTX,9.0,1,9.89,7.0,29.6,29.6,1.91,1.91,5.0,0.0,29.6,1.91,29.6,1.91,29.6,1.91,29.6,1.91,29.6,1.91,29.6,1.91,29.6,1.91
RTX,10.0,1,10.68,14.0,39.7,39.7,2.82,2.82,1.0,0.0,39.7,2.82,39.7,2.82,39.7,2.82,39.7,2.82,39.7,2.82,39.7,2.82,39.7,2.82
RWE.DE,1.0,340,1.48,2.0,38.5,1033.7,0.58,17.87,2.0,62.4,66.5,1.03,85.2,1.23,118.1,1.77,177.1,2.67,279.1,4.23,342.8,5.51,593.2,8.91
RWE.DE,2.0,188,2.42,3.0,15.0,688.1,0.54,19.51,2.0,36.2,40.2,1.03,52.4,1.34,78.8,1.9,120.2,3.04,160.1,3.7,210.5,4.87,284.5,7.08
RWE.DE,3.0,85,3.38,4.0,19.2,468.2,0.86,15.13,3.0,23.5,36.7,1.23,46.6,1.66,62.3,2.09,98.3,3.1,136.1,4.78,170.7,5.79,446.5,14.09
RWE.DE,4.0,41,4.46,6.0,12.8,306.5,0.78,11.11,2.0,12.2,24.8,1.07,32.1,1.33,42.3,1.84,72.8,2.86,107.8,4.59,155.3,5.61,295.3,11.02
RWE.DE,5.0,30,5.38,6.0,18.2,150.4,0.81,6.65,2.0,3.3,23.9,1.16,28.9,1.33,40.5,1.92,56.4,2.66,81.5,4.3,97.2,4.49,135.6,6.02
RWE.DE,6.0,14,6.27,8.0,15.0,72.6,0.86,3.84,2.5,0.0,20.5,1.07,25.9,1.3,35.2,1.98,53.5,2.85,66.8,3.62,70.3,3.74,72.1,3.82
RWE.DE,7.0,7,7.46,10.0,23.9,141.0,1.68,10.51,3.0,14.3,25.8,1.69,28.4,1.88,41.8,2.1,54.6,3.17,91.7,6.2,116.4,8.35,136.1,10.08
RWE.DE,8.0,1,8.84,5.0,38.5,38.5,2.77,2.77,1.0,0.0,38.5,2.77,38.5,2.77,38.5,2.77,38.5,2.77,38.5,2.77,38.5,2.77,38.5,2.77
RWE.DE,11.0,1,11.33,27.0,17.2,17.2,1.73,1.73,2.0,0.0,17.2,1.73,17.2,1.73,17.2,1.73,17.2,1.73,17.2,1.73,17.2,1.73,17.2,1.73
RWE.DE,13.0,1,13.21,17.0,50.1,50.1,3.96,3.96,2.0,0.0,50.1,3.96,50.1,3.96,50.1,3.96,50.1,3.96,50.1,3.96,50.1,3.96,50.1,3.96
RY,1.0,361,1.45,2.0,27.5,1013.3,0.49,11.06,2.0,64.5,57.1,0.94,84.8,1.25,124.8,1.79,184.1,2.69,287.0,4.13,356.5,5.1,489.1,7.57
RY,2.0,206,2.4,3.0,23.1,623.2,0.54,14.29,2.0,35.4,38.7,1.03,52.4,1.26,78.6,1.91,120.5,2.75,187.2,4.36,227.8,5.12,397.3,9.11
RY,3.0,127,3.41,5.0,15.3,510.7,0.64,14.09,2.0,18.9,28.8,0.92,33.5,1.18,49.6,1.67,82.2,2.82,146.0,5.07,193.3,6.38,246.9,7.72
RY,4.0,42,4.54,6.0,15.2,129.6,0.65,5.23,2.0,4.8,23.2,1.08,33.1,1.43,43.5,1.87,62.0,2.52,71.7,3.24,89.2,4.03,120.0,4.98
RY,5.0,20,5.29,7.5,7.9,67.4,0.45,3.42,2.0,0.0,20.8,0.92,26.0,1.24,36.9,1.78,55.4,2.77,58.3,3.17,59.5,3.32,65.8,3.4
RY,6.0,12,6.28,8.5,11.3,172.6,0.91,8.87,3.0,8.3,15.0,0.99,17.3,1.18,22.1,1.42,30.8,1.8,57.7,2.89,110.2,5.62,160.1,8.22
RY,7.0,7,7.18,10.0,13.2,72.6,0.97,4.09,2.0,0.0,15.1,1.15,18.2,1.31,26.0,1.79,41.9,3.19,55.0,4.05,63.8,4.07,70.8,4.09
RY,8.0,2,8.53,13.0,19.6,23.9,1.39,1.98,2.5,0.0,20.0,1.45,20.7,1.54,21.8,1.69,22.8,1.83,23.5,1.92,23.7,1.95,23.9,1.98
RY,9.0,2,9.54,11.5,46.0,59.8,2.83,5.57,3.0,0.0,47.4,3.1,49.5,3.51,52.9,4.2,56.3,4.88,58.4,5.29,59.1,5.43,59.7,5.54
RY,10.0,3,10.69,16.0,10.0,37.0,0.85,2.65,1.0,0.0,13.1,1.19,17.8,1.71,25.5,2.57,31.2,2.61,34.7,2.63,35.9,2.64,36.8,2.65
RY,11.0,1,11.01,22.0,14.8,14.8,1.89,1.89,1.0,0.0,14.8,1.89,14.8,1.89,14.8,1.89,14.8,1.89,14.8,1.89,14.8,1.89,14.8,1.89
SAN,1.0,463,1.46,1.0,30.3,952.1,0.57,10.98,2.0,63.3,63.1,0.93,83.4,1.21,117.6,1.7,177.9,2.65,263.6,3.86,368.6,4.79,557.5,8.32
SAN,2.0,203,2.4,3.0,19.5,345.7,0.49,7.84,2.0,33.5,38.6,0.96,51.8,1.31,76.7,1.83,116.2,2.75,194.6,4.33,242.8,5.44,317.2,7.52
SAN,3.0,110,3.39,3.0,13.5,234.6,0.54,7.12,2.0,9.1,26.2,0.89,36.6,1.2,47.5,1.65,72.6,2.54,96.5,3.54,122.4,4.16,184.5,5.45
SAN,4.0,47,4.43,5.0,13.9,133.9,0.64,4.95,2.0,8.5,18.8,0.91,25.0,1.13,38.7,1.63,73.1,2.84,91.3,3.66,108.0,4.49,122.4,4.81
SAN,5.0,28,5.52,7.0,14.3,112.8,0.72,5.34,1.5,3.6,17.6,0.8,18.5,1.04,29.5,1.6,41.4,2.21,51.3,2.51,81.2,4.3,108.4,5.29
SAN,6.0,12,6.44,5.5,13.5,148.1,0.77,8.23,1.5,16.7,22.2,1.2,24.8,1.31,37.8,1.91,66.5,3.8,98.4,5.4,121.6,6.71,142.8,7.93
SAN,7.0,9,7.28,10.0,9.3,65.7,0.48,4.6,1.0,0.0,14.6,0.99,17.7,1.16,19.7,1.32,34.9,1.87,44.7,3.53,55.2,4.06,63.6,4.49
SAN,8.0,5,8.34,10.0,11.7,20.5,1.03,1.42,1.0,0.0,12.3,1.07,13.2,1.14,17.0,1.33,18.9,1.41,19.9,1.41,20.2,1.42,20.4,1.42
SAN,9.0,1,9.11,3.0,25.8,25.8,1.68,1.68,2.0,0.0,25.8,1.68,25.8,1.68,25.8,1.68,25.8,1.68,25.8,1.68,25.8,1.68,25.8,1.68
SAP.DE,1.0,359,1.48,2.0,32.1,1301.1,0.53,13.46,2.0,68.8,62.9,0.98,87.5,1.28,126.7,1.91,182.2,2.73,257.4,3.83,321.4,4.79,505.9,7.18
SAP.DE,2.0,234,2.46,3.0,21.5,493.3,0.73,11.11,2.0,31.6,39.4,0.99,51.5,1.34,74.3,1.9,114.1,2.72,163.2,3.67,207.9,4.77,306.7,6.82
SAP.DE,3.0,91,3.35,5.0,20.9,168.8,0.72,6.32,2.0,15.4,32.0,1.14,40.2,1.31,55.2,1.78,78.7,2.6,117.0,3.71,141.8,4.65,157.6,5.12
SAP.DE,4.0,51,4.36,5.0,13.1,210.2,0.46,8.47,2.0,9.8,19.3,0.94,28.1,1.19,56.1,2.29,83.0,3.24,96.3,4.35,129.4,5.45,186.1,7.63
SAP.DE,5.0,28,5.48,8.0,12.7,128.3,0.58,5.56,2.0,3.6,18.9,0.96,26.7,1.37,36.8,1.94,53.6,2.73,67.3,3.13,85.4,4.5,119.1,5.41
SAP.DE,6.0,8,6.66,9.5,15.0,60.0,0.86,3.56,3.0,0.0,15.9,1.13,24.6,1.25,33.2,1.9,47.5,2.38,58.7,3.09,59.3,3.32,59.9,3.51
SAP.DE,7.0,5,7.21,6.0,12.9,63.4,0.69,3.31,2.0,0.0,16.3,0.84,21.3,1.07,26.9,1.55,27.1,1.88,48.9,2.74,56.1,3.02,61.9,3.25
SAP.DE,8.0,1,8.66,13.0,50.8,50.8,3.3,3.3,2.0,0.0,50.8,3.3,50.8,3.3,50.8,3.3,50.8,3.3,50.8,3.3,50.8,3.3,50.8,3.3
SAP.DE,10.0,1,10.82,19.0,11.8,11.8,1.45,1.45,1.0,0.0,11.8,1.45,11.8,1.45,11.8,1.45,11.8,1.45,11.8,1.45,11.8,1.45,11.8,1.45
SAP.DE,12.0,1,12.44,5.0,27.6,27.6,1.84,1.84,1.0,0.0,27.6,1.84,27.6,1.84,27.6,1.84,27.6,1.84,27.6,1.84,27.6,1.84,27.6,1.84
SB=F,1.0,344,1.49,2.0,34.4,807.7,0.59,12.23,3.0,67.4,68.3,1.04,88.2,1.41,133.3,1.92,182.8,2.81,265.3,3.73,313.0,4.28,430.3,6.66
SB=F,2.0,179,2.35,3.0,34.1,320.5,0.86,7.7,2.0,34.1,48.8,1.19,60.1,1.47,82.1,1.92,118.7,2.88,164.9,4.04,198.4,4.84,296.9,6.9
SB=F,3.0,74,3.47,5.0,20.8,177.1,0.8,5.7,2.0,21.6,33.7,1.19,45.9,1.51,58.0,1.91,84.9,2.81,119.7,3.82,130.6,4.85,154.5,5.46
SB=F,4.0,34,4.5,6.0,25.6,159.9,1.03,8.21,2.0,14.7,30.9,1.25,31.8,1.38,55.6,2.19,77.1,2.82,130.7,6.25,150.6,7.02,159.2,7.93
SB=F,5.0,21,5.55,8.0,26.4,120.7,1.26,5.08,3.0,4.8,30.8,1.43,45.4,2.11,54.9,2.63,69.1,3.2,86.7,4.38,88.2,4.41,114.2,4.95
SB=F,6.0,13,6.4,7.0,18.7,112.9,1.03,5.97,2.0,15.4,21.5,1.29,35.1,1.71,37.9,2.17,56.7,2.71,98.2,4.46,108.5,5.2,112.0,5.81
SB=F,7.0,1,7.56,10.0,82.7,82.7,4.64,4.64,1.0,0.0,82.7,4.64,82.7,4.64,82.7,4.64,82.7,4.64,82.7,4.64,82.7,4.64,82.7,4.64
SB=F,8.0,5,8.4,11.0,16.0,58.9,0.98,3.2,3.0,0.0,22.7,1.46,32.7,2.17,38.9,2.27,40.8,3.04,51.7,3.14,55.3,3.17,58.2,3.19
SB=F,9.0,3,9.39,12.0,20.7,30.5,1.66,2.05,2.0,0.0,21.8,1.71,23.4,1.78,26.2,1.9,28.4,1.98,29.6,2.02,30.1,2.04,30.4,2.05
SB=F,10.0,2,10.62,14.5,20.3,58.0,1.4,5.27,6.0,0.0,24.1,1.79,29.7,2.37,39.1,3.33,48.6,4.3,54.2,4.88,56.1,5.07,57.6,5.23
SB=F,11.0,1,11.01,19.0,36.1,36.1,4.25,4.25,12.0,0.0,36.1,4.25,36.1,4.25,36.1,4.25,36.1,4.25,36.1,4.25,36.1,4.25,36.1,4.25
SB=F,12.0,1,13.0,15.0,30.3,30.3,2.18,2.18,2.0,0.0,30.3,2.18,30.3,2.18,30.3,2.18,30.3,2.18,30.3,2.18,30.3,2.18,30.3,2.18
SB=F,13.0,1,13.04,8.0,40.5,40.5,2.75,2.75,3.0,0.0,40.5,2.75,40.5,2.75,40.5,2.75,40.5,2.75,40.5,2.75,40.5,2.75,40.5,2.75
SBUX,1.0,341,1.51,2.0,34.3,767.4,0.49,11.68,2.0,61.3,62.0,0.96,82.3,1.28,111.9,1.79,164.7,2.44,253.0,3.8,333.0,4.66,540.7,6.63
SBUX,2.0,219,2.44,3.0,23.8,512.1,0.57,15.74,3.0,37.4,39.7,1.06,52.8,1.35,80.2,1.94,123.9,2.96,192.5,4.39,233.5,5.81,406.7,9.73
SBUX,3.0,102,3.4,4.0,14.2,337.7,0.58,12.48,2.0,22.5,31.9,1.15,44.1,1.44,59.0,1.99,96.1,3.13,127.9,4.05,166.9,5.11,305.6,7.97
SBUX,4.0,47,4.3,5.0,12.1,209.0,0.54,10.37,2.0,17.0,21.1,0.89,33.7,1.36,41.8,1.77,61.8,2.36,124.3,5.25,150.8,6.14,186.2,8.61
SBUX,5.0,14,5.2,6.0,24.5,100.8,1.34,3.92,3.0,7.1,35.6,1.86,40.3,1.99,51.6,2.56,71.7,3.05,74.0,3.38,83.6,3.64,97.4,3.86
SBUX,6.0,13,6.55,5.0,28.0,185.8,1.28,10.51,3.0,7.7,29.3,1.59,33.0,1.66,35.0,2.15,47.0,2.62,57.2,2.94,109.2,6.0,170.5,9.61
SBUX,7.0,2,7.58,11.0,24.6,25.0,1.57,2.29,1.5,0.0,24.6,1.64,24.7,1.75,24.8,1.93,24.9,2.11,25.0,2.22,25.0,2.26,25.0,2.28
SBUX,8.0,4,8.72,5.5,20.7,59.0,1.25,3.71,3.0,0.0,24.8,1.57,31.1,2.05,44.5,2.71,55.6,3.26,57.6,3.53,58.3,3.62,58.9,3.69
SBUX,9.0,3,9.5,6.0,17.2,90.0,1.03,6.32,4.0,0.0,17.4,1.03,17.7,1.03,18.2,1.04,54.1,3.68,75.6,5.26,82.8,5.79,88.6,6.22
SBUX,10.0,3,10.17,12.0,25.4,36.1,2.01,2.56,3.0,0.0,27.1,2.11,29.7,2.26,34.0,2.51,35.0,2.54,35.7,2.55,35.9,2.56,36.1,2.56
SBUX,11.0,1,11.21,20.0,12.7,12.7,1.12,1.12,1.0,0.0,12.7,1.12,12.7,1.12,12.7,1.12,12.7,1.12,12.7,1.12,12.7,1.12,12.7,1.12
SCCO,1.0,410,1.47,1.0,35.9,696.6,0.62,8.5,2.0,64.6,66.7,0.97,85.6,1.31,118.0,1.82,179.5,2.56,259.3,3.97,346.9,4.78,471.7,6.93
SCCO,2.0,225,2.38,3.0,23.1,344.7,0.64,7.67,2.0,32.0,40.7,0.98,52.0,1.32,77.4,1.84,116.9,2.69,171.5,3.87,216.1,4.82,292.5,7.44
SCCO,3.0,107,3.43,4.0,17.0,206.9,0.85,6.49,2.0,15.0,32.4,1.11,41.0,1.39,50.7,1.78,83.3,2.78,109.5,3.76,134.7,4.61,202.2,6.1
SCCO,4.0,50,4.34,5.0,18.7,145.1,0.86,5.81,1.0,8.0,24.1,1.04,30.3,1.26,43.7,1.73,61.4,2.8,95.2,4.02,114.1,5.02,142.4,5.74
SCCO,5.0,25,5.45,6.0,17.2,190.0,0.89,10.02,1.0,12.0,19.4,1.04,25.9,1.33,34.9,1.71,57.4,2.72,96.6,4.2,105.7,4.87,170.1,8.82
SCCO,6.0,8,6.41,7.0,17.8,82.5,1.13,3.91,1.5,0.0,22.9,1.16,26.4,1.27,32.5,1.91,40.1,2.04,53.8,2.79,68.1,3.35,79.6,3.8
SCCO,7.0,5,7.25,8.0,13.6,36.8,0.75,2.16,3.0,0.0,20.1,1.16,29.8,1.78,31.1,1.82,36.3,2.15,36.6,2.16,36.7,2.16,36.8,2.16
SCCO,8.0,4,8.54,9.0,13.5,31.8,1.02,2.27,1.5,0.0,17.9,1.18,24.5,1.44,28.5,1.61,29.6,1.79,30.9,2.08,31.4,2.17,31.7,2.25
SCCO,9.0,2,9.26,11.0,30.6,64.4,1.83,4.19,4.0,0.0,34.0,2.06,39.1,2.42,47.5,3.01,56.0,3.6,61.0,3.95,62.7,4.07,64.1,4.16
SCCO,12.0,3,12.22,9.0,14.8,43.8,1.2,2.95,2.0,0.0,16.6,1.35,19.4,1.57,24.0,1.95,33.9,2.45,39.8,2.75,41.8,2.85,43.4,2.93
SCHW,1.0,381,1.49,2.0,35.0,1378.6,0.53,19.84,2.0,64.0,59.8,0.99,83.0,1.25,119.6,1.74,175.1,2.59,260.4,3.72,331.5,4.98,526.0,7.85
SCHW,2.0,215,2.48,3.0,13.9,481.8,0.43,9.98,2.0,30.2,41.8,1.07,54.3,1.36,73.1,1.8,109.2,2.66,168.9,3.98,209.4,5.02,299.2,7.74
SCHW,3.0,97,3.38,4.0,17.2,411.8,0.67,12.93,3.0,17.5,30.7,1.05,44.3,1.57,64.6,2.07,87.4,2.99,121.8,3.95,143.4,4.93,304.2,10.83
SCHW,4.0,32,4.36,6.0,18.1,155.1,0.69,6.53,2.0,6.2,26.1,1.17,32.2,1.35,40.2,1.79,58.8,2.46,96.2,3.88,102.2,4.02,139.9,5.76
SCHW,5.0,23,5.23,7.0,13.8,65.9,0.9,3.66,2.0,0.0,19.4,1.06,29.8,1.4,38.2,1.82,41.1,2.23,55.6,2.51,63.8,2.79,65.6,3.48
SCHW,6.0,11,6.23,6.0,23.1,106.8,1.2,4.92,3.0,9.1,28.8,1.58,30.5,1.65,41.0,2.37,55.1,2.77,63.1,3.12,85.0,4.02,102.4,4.74
SCHW,7.0,10,7.32,6.0,15.6,100.6,1.06,6.14,2.0,10.0,19.3,1.26,23.1,1.32,27.3,1.62,51.4,2.91,75.1,4.29,87.9,5.21,98.1,5.96
SCHW,8.0,1,8.64,9.0,13.7,13.7,0.76,0.76,1.0,0.0,13.7,0.76,13.7,0.76,13.7,0.76,13.7,0.76,13.7,0.76,13.7,0.76,13.7,0.76
SCHW,9.0,2,9.56,11.0,24.1,87.8,1.7,6.08,6.0,0.0,30.5,2.14,40.0,2.8,56.0,3.89,71.9,4.99,81.4,5.65,84.6,5.87,87.2,6.04
SCHW,10.0,1,10.1,9.0,36.1,36.1,2.67,2.67,4.0,0.0,36.1,2.67,36.1,2.67,36.1,2.67,36.1,2.67,36.1,2.67,36.1,2.67,36.1,2.67
SCHW,11.0,1,11.17,6.0,23.5,23.5,1.69,1.69,1.0,0.0,23.5,1.69,23.5,1.69,23.5,1.69,23.5,1.69,23.5,1.69,23.5,1.69,23.5,1.69
SHEL,1.0,422,1.46,1.0,38.5,993.8,0.49,11.77,2.0,66.4,60.3,0.91,85.6,1.29,125.8,1.86,185.9,2.7,281.2,4.18,335.9,5.02,569.6,8.51
SHEL,2.0,224,2.46,3.0,17.5,407.2,0.41,9.34,2.0,29.5,36.8,0.95,48.5,1.23,70.7,1.81,106.5,2.78,172.9,3.94,203.0,5.05,326.2,7.06
SHEL,3.0,99,3.37,4.0,19.5,458.5,0.76,13.54,2.0,9.1,27.7,0.96,34.7,1.19,45.3,1.63,70.6,2.28,90.0,3.36,126.6,3.7,300.3,9.63
SHEL,4.0,58,4.35,5.0,15.1,381.8,0.64,15.07,1.0,13.8,20.5,0.9,25.8,1.09,35.0,1.38,69.2,2.68,122.8,4.69,173.5,6.26,345.7,14.03
SHEL,5.0,26,5.34,6.5,11.5,95.6,0.56,4.94,2.0,0.0,18.9,1.03,22.9,1.15,36.9,1.88,55.9,2.88,73.4,3.57,88.8,4.19,95.0,4.79
SHEL,6.0,11,6.38,7.0,17.0,88.6,0.86,5.72,3.0,0.0,17.2,0.89,23.9,1.16,34.5,2.09,62.1,3.97,78.3,5.54,83.4,5.63,87.6,5.7
SHEL,7.0,6,7.35,11.5,22.7,54.8,1.28,3.72,3.5,0.0,22.9,1.49,23.6,1.87,33.2,2.47,46.0,2.93,51.1,3.38,53.0,3.55,54.4,3.68
SHEL,8.0,3,8.54,12.0,24.9,81.9,1.78,4.95,2.0,0.0,25.4,1.82,26.1,1.88,27.3,1.98,54.6,3.47,71.0,4.36,76.4,4.65,80.8,4.89
SHEL,9.0,3,9.45,9.0,13.7,66.1,1.08,4.85,3.0,0.0,23.2,1.74,37.4,2.72,61.1,4.36,63.6,4.61,65.1,4.75,65.6,4.8,66.0,4.84
SHEL,10.0,1,10.71,11.0,43.4,43.4,3.11,3.11,3.0,0.0,43.4,3.11,43.4,3.11,43.4,3.11,43.4,3.11,43.4,3.11,43.4,3.11,43.4,3.11
SHEL,11.0,1,11.52,15.0,23.4,23.4,2.31,2.31,2.0,0.0,23.4,2.31,23.4,2.31,23.4,2.31,23.4,2.31,23.4,2.31,23.4,2.31,23.4,2.31
SHL.DE,1.0,157,1.52,2.0,29.3,875.4,0.46,11.86,2.0,56.1,64.7,0.96,78.7,1.33,108.1,1.72,179.2,2.72,275.2,4.04,332.6,5.28,758.6,10.58
SHL.DE,2.0,93,2.42,3.0,22.6,364.0,0.49,7.97,2.0,32.3,38.2,1.0,56.0,1.43,76.0,2.11,108.3,2.77,165.5,4.0,214.2,5.01,353.0,6.48
SHL.DE,3.0,41,3.4,4.0,28.6,328.3,0.9,8.82,2.0,22.0,34.1,1.12,43.0,1.5,55.7,2.0,91.2,3.07,147.0,4.81,176.3,5.6,273.2,8.04
SHL.DE,4.0,19,4.45,6.0,28.8,126.9,1.18,6.3,3.0,10.5,35.9,1.65,41.2,1.74,60.0,2.18,74.4,3.09,94.1,4.18,108.4,4.81,123.2,6.0
SHL.DE,5.0,7,5.31,8.0,12.1,102.6,0.66,4.69,2.0,14.3,17.4,0.89,23.1,1.12,38.1,1.58,52.8,2.45,74.2,3.51,88.4,4.1,99.8,4.57
SHL.DE,6.0,5,6.13,9.0,16.6,66.0,0.87,3.11,3.0,0.0,23.2,1.19,33.2,1.67,48.3,2.76,64.4,2.85,65.4,3.0,65.7,3.05,65.9,3.1
SHL.DE,7.0,2,7.06,8.5,23.5,55.6,1.55,2.87,3.5,0.0,26.7,1.69,31.5,1.88,39.5,2.21,47.6,2.54,52.4,2.74,54.0,2.81,55.3,2.86
SHL.DE,9.0,1,9.92,6.0,27.0,27.0,1.83,1.83,2.0,0.0,27.0,1.83,27.0,1.83,27.0,1.83,27.0,1.83,27.0,1.83,27.0,1.83,27.0,1.83
SHOP,1.0,172,1.43,2.0,28.8,507.1,0.56,8.71,2.0,61.6,63.6,1.01,84.4,1.27,117.8,1.79,175.8,2.7,251.5,4.16,360.8,4.87,491.5,6.82
SHOP,2.0,114,2.46,3.0,22.7,355.7,0.64,7.99,2.0,37.7,38.1,1.04,57.4,1.42,82.7,1.97,122.1,3.0,174.6,4.37,232.3,5.22,301.0,7.78
SHOP,3.0,53,3.38,4.0,19.9,233.7,0.66,7.29,2.0,22.6,29.5,1.14,40.6,1.37,58.2,1.89,95.0,3.52,150.6,5.2,181.2,5.97,220.9,6.81
SHOP,4.0,32,4.59,5.0,22.5,125.8,1.24,8.04,2.0,12.5,32.6,1.5,35.6,1.6,49.5,2.15,66.2,2.68,105.1,3.76,112.1,4.29,121.8,6.92
SHOP,5.0,15,5.22,6.0,20.9,92.4,1.09,4.43,1.0,0.0,23.9,1.26,29.2,1.59,49.8,2.39,72.1,3.41,81.9,3.92,85.8,4.12,91.1,4.37
SHOP,6.0,3,6.21,6.0,25.4,81.3,1.22,3.93,4.0,0.0,27.4,1.38,30.5,1.62,35.6,2.03,58.5,2.98,72.2,3.55,76.7,3.74,80.4,3.89
SHOP,7.0,9,7.28,11.0,18.5,53.7,1.03,3.14,2.0,0.0,19.1,1.1,22.6,1.43,30.1,1.65,48.6,2.73,53.1,3.03,53.4,3.09,53.6,3.13
SHOP,8.0,5,8.49,7.0,5.4,70.3,0.37,4.62,4.0,0.0,12.8,0.81,23.9,1.49,34.8,2.34,48.9,2.54,61.7,3.79,66.0,4.2,69.4,4.53
SHOP,10.0,2,10.47,19.5,12.3,60.5,1.44,4.05,2.0,0.0,17.1,1.7,24.4,2.1,36.4,2.75,48.5,3.4,55.7,3.79,58.1,3.92,60.0,4.03
SHOP,12.0,1,12.3,6.0,31.4,31.4,2.05,2.05,5.0,0.0,31.4,2.05,31.4,2.05,31.4,2.05,31.4,2.05,31.4,2.05,31.4,2.05,31.4,2.05
SHOP,19.0,1,19.58,9.0,26.9,26.9,2.34,2.34,2.0,0.0,26.9,2.34,26.9,2.34,26.9,2.34,26.9,2.34,26.9,2.34,26.9,2.34,26.9,2.34
SHW,1.0,311,1.47,2.0,35.7,577.2,0.57,8.21,2.0,65.0,63.7,0.96,88.8,1.3,123.9,1.87,185.2,2.56,267.2,4.08,315.6,4.98,429.8,6.43
SHW,2.0,210,2.42,3.0,24.2,563.0,0.72,11.88,2.0,31.9,41.3,1.1,55.2,1.38,78.9,1.93,110.6,2.73,147.3,3.51,191.5,4.32,384.9,8.78
SHW,3.0,104,3.35,4.0,20.4,191.7,0.7,7.93,2.5,16.3,33.1,1.15,41.0,1.38,52.5,1.93,82.4,2.72,126.3,4.12,149.9,4.89,173.9,6.23
SHW,4.0,40,4.48,5.0,12.5,194.7,0.59,8.23,3.0,2.5,24.5,1.14,35.0,1.44,49.0,1.97,66.0,2.72,79.7,3.08,80.4,3.33,154.1,6.57
SHW,5.0,23,5.52,9.0,11.8,121.2,0.67,5.8,3.0,4.3,16.9,0.89,29.4,1.63,40.9,2.02,52.3,3.0,74.4,3.62,94.3,4.24,115.7,5.47
SHW,6.0,13,6.39,9.0,18.1,84.7,1.24,4.51,2.0,0.0,22.6,1.37,40.0,2.03,43.7,2.43,61.1,3.25,80.2,4.02,82.7,4.29,84.3,4.46
SHW,7.0,6,7.62,14.0,12.1,32.9,1.03,2.8,2.5,0.0,13.9,1.08,16.3,1.19,21.5,1.46,29.8,1.67,32.1,2.25,32.5,2.53,32.8,2.75
SHW,8.0,4,8.49,11.5,17.5,30.0,0.95,2.19,3.0,0.0,18.1,1.07,19.1,1.25,23.8,1.72,28.5,2.12,29.4,2.16,29.7,2.17,29.9,2.18
SHW,9.0,1,9.7,17.0,17.1,17.1,1.32,1.32,2.0,0.0,17.1,1.32,17.1,1.32,17.1,1.32,17.1,1.32,17.1,1.32,17.1,1.32,17.1,1.32
SHW,10.0,1,10.1,10.0,41.5,41.5,2.71,2.71,4.0,0.0,41.5,2.71,41.5,2.71,41.5,2.71,41.5,2.71,41.5,2.71,41.5,2.71,41.5,2.71
SI=F,1.0,278,1.52,2.0,5.8,1069.0,0.1,12.48,2.0,55.4,38.5,0.63,74.0,1.12,112.0,1.82,185.3,2.84,323.8,4.6,414.9,6.19,727.9,8.69
SI=F,2.0,172,2.41,3.0,2.8,432.0,0.08,11.72,2.0,38.4,30.3,0.78,42.7,1.19,80.2,1.87,120.8,3.02,213.8,4.97,278.2,6.41,430.4,9.19
SI=F,3.0,92,3.48,3.0,2.2,495.2,0.07,15.67,2.0,29.3,23.7,0.81,39.4,1.33,69.1,2.08,116.2,3.86,205.9,6.66,278.5,9.77,472.0,13.18
SI=F,4.0,48,4.46,5.0,5.9,223.3,0.26,9.52,2.0,10.4,20.2,0.94,28.8,1.25,46.0,1.94,69.6,3.01,100.5,4.25,111.6,4.43,180.9,7.8
SI=F,5.0,33,5.37,5.0,2.4,332.3,0.15,13.75,2.0,21.2,10.3,0.65,23.5,1.19,40.6,1.86,91.5,4.26,131.2,6.65,150.5,7.76,274.2,11.89
SI=F,6.0,28,6.51,7.0,1.2,513.2,0.09,42.93,3.0,10.7,8.9,0.63,23.8,1.34,38.4,2.25,50.5,2.88,98.9,4.61,158.5,7.91,425.5,33.83
SI=F,7.0,11,7.42,7.0,11.3,105.1,0.75,5.7,2.0,9.1,24.1,1.49,34.5,2.06,51.9,3.11,68.8,4.06,84.0,4.59,94.5,5.15,103.0,5.59
SI=F,8.0,8,8.52,9.5,17.6,91.7,1.65,6.62,2.5,0.0,20.1,1.85,32.8,1.95,52.1,2.67,79.4,4.7,83.2,5.98,87.4,6.3,90.8,6.56
SI=F,9.0,6,9.56,10.5,7.7,53.1,0.74,3.19,1.5,0.0,9.6,0.93,11.9,1.14,24.2,1.88,38.5,2.96,46.3,3.14,49.7,3.16,52.4,3.18
SI=F,10.0,3,10.38,5.0,13.8,80.4,1.94,5.93,4.0,0.0,21.8,2.3,33.8,2.86,53.7,3.78,67.1,4.86,75.1,5.5,77.7,5.72,79.9,5.89
SI=F,11.0,3,11.26,16.0,30.8,55.6,2.55,3.38,1.0,0.0,31.5,2.59,32.6,2.64,34.4,2.74,45.0,3.06,51.4,3.25,53.5,3.32,55.2,3.37
SI=F,12.0,4,12.29,7.5,9.6,70.1,0.7,5.54,2.0,0.0,14.4,1.06,21.7,1.59,35.3,2.64,51.2,3.93,62.5,4.9,66.3,5.22,69.3,5.47
SI=F,13.0,1,13.01,15.0,36.4,36.4,3.71,3.71,1.0,0.0,36.4,3.71,36.4,3.71,36.4,3.71,36.4,3.71,36.4,3.71,36.4,3.71,36.4,3.71
SI=F,15.0,1,15.63,7.0,43.6,43.6,3.53,3.53,2.0,0.0,43.6,3.53,43.6,3.53,43.6,3.53,43.6,3.53,43.6,3.53,43.6,3.53,43.6,3.53
SI=F,16.0,1,16.58,16.0,36.0,36.0,3.94,3.94,5.0,0.0,36.0,3.94,36.0,3.94,36.0,3.94,36.0,3.94,36.0,3.94,36.0,3.94,36.0,3.94
SI=F,19.0,1,19.3,8.0,43.9,43.9,3.83,3.83,3.0,0.0,43.9,3.83,43.9,3.83,43.9,3.83,43.9,3.83,43.9,3.83,43.9,3.83,43.9,3.83
SIE.DE,1.0,343,1.47,2.0,35.1,720.9,0.57,8.2,2.0,64.1,61.2,1.01,84.5,1.25,121.2,1.8,180.4,2.57,251.0,3.76,295.8,4.67,570.5,6.34
SIE.DE,2.0,216,2.41,3.0,15.7,766.0,0.4,15.29,2.0,32.9,41.5,1.09,59.0,1.45,83.8,2.02,117.1,2.91,167.8,3.99,198.0,4.72,345.4,7.9
SIE.DE,3.0,114,3.42,5.0,14.0,182.1,0.5,7.34,2.0,18.4,30.3,1.07,38.0,1.34,59.9,2.01,81.5,2.74,138.1,4.51,161.1,5.4,181.0,6.34
SIE.DE,4.0,49,4.39,5.0,18.1,191.1,0.94,7.08,2.0,6.1,24.2,1.01,28.7,1.22,42.0,1.79,63.1,2.58,86.1,3.89,109.6,4.24,158.8,6.19
SIE.DE,5.0,20,5.54,7.0,19.1,203.2,1.11,11.56,2.5,20.0,23.1,1.26,31.9,1.68,50.3,2.76,90.6,4.66,116.5,5.27,134.3,6.43,189.4,10.53
SIE.DE,6.0,10,6.27,9.0,18.8,84.1,1.01,4.34,2.5,0.0,19.3,1.06,33.3,1.81,37.0,2.15,45.2,2.58,68.1,3.79,76.1,4.07,82.5,4.29
SIE.DE,7.0,5,7.33,11.0,7.5,24.3,0.52,1.65,1.0,0.0,9.7,0.62,13.1,0.77,13.7,0.82,21.6,1.3,23.2,1.51,23.8,1.58,24.2,1.64
SIE.DE,8.0,3,8.19,9.0,12.6,29.1,0.87,1.96,3.0,0.0,14.8,1.0,18.0,1.2,23.4,1.53,26.2,1.74,28.0,1.87,28.5,1.91,29.0,1.95
SIE.DE,9.0,2,9.21,11.5,27.6,112.4,2.49,7.25,6.5,50.0,36.1,2.97,48.8,3.68,70.0,4.87,91.2,6.06,103.9,6.78,108.2,7.01,111.6,7.2
SIE.DE,10.0,1,10.01,5.0,84.1,84.1,5.62,5.62,24.0,0.0,84.1,5.62,84.1,5.62,84.1,5.62,84.1,5.62,84.1,5.62,84.1,5.62,84.1,5.62
SMFG,1.0,390,1.47,1.0,29.6,2437.5,0.49,25.05,2.0,63.8,56.1,0.87,80.2,1.23,118.8,1.8,192.9,2.72,282.2,4.18,362.4,5.08,550.9,8.52
SMFG,2.0,212,2.44,2.0,20.4,375.0,0.51,7.2,2.0,39.6,36.5,0.88,48.9,1.23,77.0,1.86,117.7,2.91,160.4,3.76,187.3,4.72,286.4,6.19
SMFG,3.0,97,3.47,4.0,14.8,241.0,0.47,7.27,2.0,15.5,26.6,0.89,38.1,1.33,55.1,1.88,81.2,2.82,113.5,3.73,134.7,4.34,177.6,6.33
SMFG,4.0,52,4.42,4.0,14.3,403.2,0.7,13.93,2.0,5.8,24.2,0.98,32.3,1.37,47.2,2.03,66.2,2.72,85.5,3.89,127.1,4.91,282.8,10.34
SMFG,5.0,25,5.49,5.0,11.2,289.5,0.61,12.76,1.0,16.0,21.1,1.03,29.7,1.67,42.4,2.08,68.1,3.56,148.9,6.91,177.9,7.32,264.3,11.47
SMFG,6.0,21,6.35,6.0,13.1,125.0,0.66,7.37,2.0,4.8,17.0,1.02,24.0,1.39,30.5,1.73,36.9,2.16,69.0,3.72,73.0,4.44,114.6,6.78
SMFG,7.0,11,7.23,5.0,22.1,125.6,1.32,6.65,2.0,18.2,23.2,1.4,28.9,1.83,57.9,3.44,73.1,4.23,116.1,6.46,120.8,6.56,124.6,6.63
SMFG,8.0,5,8.62,7.0,15.8,67.3,1.17,4.7,3.0,0.0,18.8,1.29,23.3,1.47,43.2,2.45,56.5,4.63,63.0,4.67,65.1,4.69,66.9,4.7
SMFG,9.0,2,9.4,7.5,25.2,78.0,2.38,5.03,4.0,0.0,30.5,2.64,38.4,3.04,51.6,3.7,64.8,4.36,72.7,4.76,75.4,4.89,77.5,5.0
SMFG,10.0,3,10.42,8.0,14.4,73.8,1.14,5.05,2.0,0.0,16.8,1.28,20.4,1.49,26.3,1.84,50.0,3.44,64.3,4.41,69.0,4.73,72.8,4.98
SMFG,14.0,1,14.94,6.0,12.6,12.6,1.02,1.02,2.0,0.0,12.6,1.02,12.6,1.02,12.6,1.02,12.6,1.02,12.6,1.02,12.6,1.02,12.6,1.02
SNDK,1.0,23,1.56,2.0,49.6,280.1,0.76,3.82,2.0,34.8,59.3,0.86,72.1,1.16,87.9,1.5,157.9,2.04,202.5,3.7,206.2,3.79,263.9,3.82
SNDK,2.0,12,2.62,2.0,31.2,118.5,0.77,2.98,1.5,25.0,32.4,0.91,45.0,1.27,66.3,1.45,95.2,2.19,104.3,2.81,110.9,2.91,117.0,2.97
SNDK,3.0,7,3.49,4.0,54.0,132.4,1.69,4.14,1.0,14.3,55.0,1.79,56.9,1.89,61.9,2.25,86.2,2.57,111.0,3.23,121.7,3.68,130.3,4.05
SNDK,4.0,6,4.66,8.0,29.5,71.1,1.36,3.39,2.0,0.0,37.4,1.55,47.5,1.91,56.9,2.48,61.8,2.88,66.8,3.19,69.0,3.29,70.7,3.37
SNDK,5.0,3,5.2,7.0,28.1,50.8,1.36,2.25,1.0,0.0,29.5,1.38,31.6,1.41,35.1,1.46,43.0,1.85,47.7,2.09,49.2,2.17,50.5,2.24
SNDK,6.0,2,6.84,6.0,49.1,68.3,2.44,3.41,3.5,0.0,51.0,2.54,53.9,2.68,58.7,2.93,63.5,3.17,66.4,3.32,67.3,3.36,68.1,3.4
SNDK,7.0,1,7.15,6.0,32.0,32.0,1.78,1.78,1.0,0.0,32.0,1.78,32.0,1.78,32.0,1.78,32.0,1.78,32.0,1.78,32.0,1.78,32.0,1.78
SNDK,14.0,1,14.9,14.0,20.1,20.1,1.46,1.46,2.0,0.0,20.1,1.46,20.1,1.46,20.1,1.46,20.1,1.46,20.1,1.46,20.1,1.46,20.1,1.46
SNDK,30.0,1,30.66,15.0,27.7,27.7,2.71,2.71,2.0,0.0,27.7,2.71,27.7,2.71,27.7,2.71,27.7,2.71,27.7,2.71,27.7,2.71,27.7,2.71
SNOW,1.0,118,1.4,2.0,26.7,579.1,0.58,9.46,2.0,58.5,66.8,0.91,83.4,1.21,116.1,1.7,167.3,2.47,255.8,3.41,306.3,4.34,489.2,8.28
SNOW,2.0,60,2.3,3.0,29.9,258.3,0.75,5.68,2.0,30.0,45.0,1.01,58.5,1.42,73.6,1.79,110.2,2.47,160.8,3.89,213.7,4.81,247.6,5.51
SNOW,3.0,27,3.52,5.0,25.8,218.7,0.85,8.29,2.0,18.5,34.4,1.17,47.4,1.51,59.2,1.95,76.9,2.87,127.4,4.19,161.0,4.78,205.6,7.41
SNOW,4.0,16,4.53,7.0,17.4,151.8,0.97,6.27,2.0,12.5,33.0,1.31,36.9,1.53,45.6,1.98,76.7,3.15,97.2,4.81,114.5,5.42,144.3,6.1
SNOW,5.0,8,5.47,6.0,26.9,82.0,1.26,4.2,2.5,0.0,31.7,1.46,44.6,2.32,53.9,2.93,62.0,3.32,81.2,3.94,81.6,4.07,81.9,4.17
SNOW,6.0,2,6.25,2.5,68.7,83.2,3.55,3.87,6.0,0.0,70.2,3.58,72.3,3.63,76.0,3.71,79.6,3.79,81.8,3.84,82.5,3.85,83.1,3.86
SNOW,7.0,3,7.43,12.0,26.0,94.9,1.35,6.66,5.0,0.0,38.6,1.97,57.5,2.88,89.0,4.41,92.0,5.54,93.7,6.21,94.3,6.44,94.8,6.62
SNOW,8.0,1,8.41,2.0,61.8,61.8,4.0,4.0,4.0,0.0,61.8,4.0,61.8,4.0,61.8,4.0,61.8,4.0,61.8,4.0,61.8,4.0,61.8,4.0
SNOW,12.0,1,12.94,3.0,49.5,49.5,3.8,3.8,6.0,0.0,49.5,3.8,49.5,3.8,49.5,3.8,49.5,3.8,49.5,3.8,49.5,3.8,49.5,3.8
SNOW,14.0,1,14.94,14.0,33.3,33.3,2.27,2.27,5.0,0.0,33.3,2.27,33.3,2.27,33.3,2.27,33.3,2.27,33.3,2.27,33.3,2.27,33.3,2.27
SNPS,1.0,321,1.44,2.0,31.6,741.2,0.54,10.62,2.0,67.6,68.5,1.0,91.0,1.36,124.6,1.85,191.8,2.65,273.6,3.92,351.0,5.0,500.3,7.34
SNPS,2.0,208,2.4,3.0,17.0,739.1,0.4,17.02,2.0,36.1,37.4,0.96,53.1,1.27,79.4,1.9,123.3,2.89,170.4,4.09,227.8,5.27,354.0,8.25
SNPS,3.0,92,3.37,5.0,16.2,312.8,0.58,9.28,2.0,16.3,30.2,1.1,42.6,1.36,57.0,1.9,82.0,2.55,112.8,3.93,156.8,5.08,312.1,9.04
SNPS,4.0,55,4.42,7.0,15.2,189.1,0.74,8.0,2.0,10.9,20.3,0.93,25.5,1.15,39.1,1.71,57.4,2.5,102.9,4.09,122.0,4.7,158.6,6.67
SNPS,5.0,18,5.5,7.0,20.1,88.5,1.01,4.16,2.0,0.0,21.9,1.21,28.6,1.4,39.8,2.16,66.5,3.03,76.9,3.47,81.5,3.74,87.1,4.08
SNPS,6.0,11,6.43,13.0,11.6,112.3,0.72,6.96,2.0,9.1,12.4,0.9,20.9,1.15,29.0,1.92,57.8,2.91,61.7,3.6,87.0,5.28,107.2,6.62
SNPS,7.0,10,7.22,7.5,9.8,96.4,0.82,4.85,2.5,0.0,10.6,0.98,14.5,1.19,25.6,1.65,51.1,3.24,73.4,3.92,84.9,4.38,94.1,4.76
SNPS,8.0,3,8.61,6.0,11.1,44.7,1.02,2.52,1.0,0.0,11.9,1.02,13.0,1.02,14.9,1.02,29.8,1.77,38.7,2.22,41.7,2.37,44.1,2.49
SNPS,9.0,2,9.49,6.0,41.4,55.2,2.78,3.33,1.5,0.0,42.8,2.84,44.9,2.92,48.3,3.06,51.8,3.19,53.8,3.28,54.5,3.3,55.1,3.33
SNPS,12.0,1,12.03,13.0,16.9,16.9,1.35,1.35,1.0,0.0,16.9,1.35,16.9,1.35,16.9,1.35,16.9,1.35,16.9,1.35,16.9,1.35,16.9,1.35
SNPS,14.0,1,14.27,7.0,14.3,14.3,1.03,1.03,1.0,0.0,14.3,1.03,14.3,1.03,14.3,1.03,14.3,1.03,14.3,1.03,14.3,1.03,14.3,1.03
SNY,1.0,440,1.47,2.0,23.3,966.3,0.38,11.04,2.0,57.0,58.7,0.88,74.4,1.19,110.7,1.65,178.6,2.67,290.8,3.96,401.6,5.23,538.1,7.33
SNY,2.0,251,2.34,3.0,21.9,567.3,0.56,15.54,2.0,29.1,37.3,0.96,50.6,1.21,72.6,1.77,109.4,2.46,161.8,4.04,217.2,5.4,292.5,8.1
SNY,3.0,102,3.36,4.0,19.0,219.8,0.66,7.88,2.0,16.7,34.5,1.05,40.1,1.39,57.8,1.84,85.2,2.92,126.7,4.0,139.7,4.42,175.5,6.26
SNY,4.0,49,4.49,6.0,12.8,243.5,0.52,10.96,2.0,6.1,25.4,1.12,36.8,1.59,45.7,2.06,62.2,2.85,85.9,3.55,107.0,5.46,201.8,9.03
SNY,5.0,27,5.35,6.0,12.6,244.5,0.71,10.03,2.0,11.1,23.6,1.07,30.4,1.51,43.0,2.02,60.0,3.1,95.0,4.21,189.7,7.84,239.1,9.82
SNY,6.0,8,6.29,4.5,18.4,86.2,1.1,4.18,2.0,0.0,20.6,1.15,22.4,1.29,36.6,2.1,74.4,3.43,82.4,3.78,84.3,3.98,85.8,4.14
SNY,7.0,5,7.31,7.0,10.9,38.7,0.71,2.73,1.0,0.0,13.4,0.84,17.1,1.03,18.9,1.07,38.7,2.15,38.7,2.5,38.7,2.61,38.7,2.71
SNY,8.0,4,8.33,7.0,28.4,52.5,1.78,3.05,2.5,0.0,29.4,1.95,30.8,2.21,38.8,2.59,47.5,2.89,50.5,2.99,51.5,3.02,52.3,3.05
SNY,10.0,1,10.28,10.0,11.1,11.1,0.86,0.86,1.0,0.0,11.1,0.86,11.1,0.86,11.1,0.86,11.1,0.86,11.1,0.86,11.1,0.86,11.1,0.86
SO,1.0,347,1.47,2.0,29.8,859.3,0.53,10.63,2.0,59.7,62.9,0.91,82.6,1.18,111.2,1.68,159.9,2.4,226.6,3.56,316.1,4.45,497.4,8.02
SO,2.0,218,2.37,3.0,28.3,456.8,0.71,9.54,2.0,35.8,45.1,1.17,58.6,1.42,77.9,1.85,113.9,2.64,158.3,3.87,201.3,4.45,327.2,7.45
SO,3.0,90,3.5,6.0,19.0,397.9,0.7,12.14,2.0,10.0,32.6,1.21,40.7,1.42,52.4,1.75,81.5,2.65,100.1,3.65,136.5,4.09,189.7,6.21
SO,4.0,42,4.34,7.0,16.8,176.5,0.73,7.74,3.0,11.9,29.0,1.2,37.5,1.51,60.7,2.5,85.4,3.14,100.4,3.85,133.0,5.59,167.7,6.97
SO,5.0,20,5.42,8.0,18.5,169.4,0.88,7.17,3.0,5.0,24.4,1.47,35.1,1.64,38.5,1.83,50.1,2.63,66.4,3.42,90.7,3.87,153.7,6.51
SO,6.0,8,6.37,7.0,20.7,223.7,1.07,9.9,4.0,37.5,22.6,1.17,29.2,1.8,56.0,2.45,110.7,5.92,148.2,7.25,186.0,8.58,216.2,9.64
SO,7.0,5,7.78,13.0,18.6,52.3,1.09,2.63,1.0,0.0,20.4,1.34,23.1,1.71,34.3,1.86,34.5,2.1,45.2,2.42,48.7,2.53,51.6,2.61
SO,8.0,1,8.46,9.0,48.4,48.4,2.43,2.43,4.0,0.0,48.4,2.43,48.4,2.43,48.4,2.43,48.4,2.43,48.4,2.43,48.4,2.43,48.4,2.43
SO,10.0,1,10.33,32.0,33.0,33.0,2.99,2.99,2.0,0.0,33.0,2.99,33.0,2.99,33.0,2.99,33.0,2.99,33.0,2.99,33.0,2.99,33.0,2.99
SO,11.0,1,11.42,17.0,34.0,34.0,3.52,3.52,6.0,0.0,34.0,3.52,34.0,3.52,34.0,3.52,34.0,3.52,34.0,3.52,34.0,3.52,34.0,3.52
SONY,1.0,400,1.4,1.0,29.8,930.2,0.47,10.3,2.0,64.5,59.7,0.9,81.1,1.18,122.4,1.78,204.8,2.97,280.2,4.0,381.5,5.16,548.7,8.2
SONY,2.0,177,2.42,2.0,18.4,504.8,0.49,11.75,2.0,29.9,35.5,0.84,49.0,1.19,73.5,1.82,111.3,2.61,157.3,3.9,203.1,4.92,358.8,8.14
SONY,3.0,110,3.47,3.0,12.3,319.9,0.6,10.18,2.0,16.4,26.5,0.94,37.2,1.25,55.0,1.77,83.0,2.9,130.8,4.06,158.4,5.21,231.0,8.8
SONY,4.0,65,4.41,4.0,13.0,287.2,0.47,10.88,2.0,13.8,19.5,0.79,30.9,1.25,42.9,1.77,75.0,3.01,105.3,4.04,119.8,4.46,251.6,10.11
SONY,5.0,27,5.31,5.0,15.8,129.8,0.94,6.51,2.0,3.7,21.4,1.09,27.6,1.25,36.0,1.77,49.5,2.56,84.3,4.08,90.2,5.74,119.6,6.44
SONY,6.0,19,6.59,4.0,11.4,80.7,0.53,4.01,2.0,0.0,16.8,1.05,26.8,1.46,34.9,1.75,44.8,2.53,72.6,3.77,75.7,3.83,79.7,3.97
SONY,7.0,9,7.74,6.0,13.5,45.8,0.95,3.21,2.0,0.0,22.9,1.42,30.1,1.74,31.7,1.95,34.5,2.37,39.7,2.61,42.8,2.91,45.2,3.15
SONY,8.0,5,8.77,6.0,19.6,91.4,1.25,6.41,4.0,0.0,23.2,1.5,28.6,1.89,44.8,2.89,58.7,3.75,78.3,5.35,84.9,5.88,90.1,6.31
SONY,9.0,2,9.32,6.5,13.3,26.5,0.82,2.26,3.0,0.0,14.6,0.96,16.6,1.18,19.9,1.54,23.2,1.9,25.2,2.12,25.8,2.19,26.4,2.25
SONY,10.0,1,10.69,2.0,79.6,79.6,5.42,5.42,5.0,0.0,79.6,5.42,79.6,5.42,79.6,5.42,79.6,5.42,79.6,5.42,79.6,5.42,79.6,5.42
SONY,11.0,2,11.35,8.0,34.4,68.4,3.19,5.69,4.5,0.0,37.8,3.44,42.9,3.81,51.4,4.44,59.9,5.07,65.0,5.44,66.7,5.57,68.1,5.67
SONY,12.0,1,12.31,10.0,19.6,19.6,1.64,1.64,1.0,0.0,19.6,1.64,19.6,1.64,19.6,1.64,19.6,1.64,19.6,1.64,19.6,1.64,19.6,1.64
SONY,14.0,3,14.03,9.0,27.8,35.5,2.08,2.88,2.0,0.0,29.0,2.2,30.7,2.39,33.6,2.7,34.5,2.79,35.1,2.84,35.3,2.86,35.5,2.87
SONY,26.0,1,26.99,10.0,22.5,22.5,2.1,2.1,1.0,0.0,22.5,2.1,22.5,2.1,22.5,2.1,22.5,2.1,22.5,2.1,22.5,2.1,22.5,2.1
SPG,1.0,353,1.5,2.0,34.6,566.5,0.57,8.71,2.0,56.4,61.6,0.96,79.8,1.23,108.1,1.66,170.5,2.54,248.5,3.76,324.0,4.5,494.1,7.83
SPG,2.0,210,2.41,3.0,26.8,835.2,0.74,18.53,2.0,37.6,42.3,1.13,56.5,1.35,82.3,1.99,125.9,2.96,171.6,4.23,205.0,4.82,305.9,6.63
SPG,3.0,97,3.39,5.0,19.4,269.3,0.84,8.27,2.0,14.4,34.3,1.16,43.7,1.53,61.0,1.92,83.8,2.69,108.4,3.79,141.2,4.45,181.9,5.82
SPG,4.0,39,4.46,6.0,19.0,150.3,0.88,5.72,3.0,5.1,22.4,1.13,30.3,1.36,43.7,1.89,61.5,2.49,73.9,2.91,90.9,4.28,133.6,5.29
SPG,5.0,16,5.45,9.0,14.1,153.1,0.72,7.18,3.0,6.2,18.8,1.09,24.2,1.23,33.0,1.66,50.5,2.29,65.5,3.27,88.0,4.44,140.1,6.63
SPG,6.0,8,6.3,7.5,16.5,73.0,0.91,4.02,2.5,0.0,20.5,1.14,27.2,1.41,37.0,1.95,44.5,2.29,61.0,3.2,67.0,3.61,71.8,3.94
SPG,7.0,5,7.33,11.0,26.8,62.7,1.78,3.54,3.0,0.0,30.2,2.04,35.3,2.41,40.7,2.67,54.0,3.29,59.2,3.44,61.0,3.49,62.4,3.53
SPG,8.0,2,8.49,9.5,62.1,64.2,4.28,4.58,3.5,0.0,62.3,4.31,62.6,4.36,63.2,4.43,63.7,4.5,64.0,4.55,64.1,4.56,64.2,4.57
SPG,9.0,4,9.09,5.0,27.3,123.2,1.49,7.36,4.5,25.0,28.1,1.68,29.2,1.95,51.0,2.94,84.9,4.67,107.9,6.28,115.5,6.82,121.7,7.25
SPG,10.0,1,10.28,9.0,25.5,25.5,2.0,2.0,3.0,0.0,25.5,2.0,25.5,2.0,25.5,2.0,25.5,2.0,25.5,2.0,25.5,2.0,25.5,2.0
SPG,12.0,1,12.83,17.0,28.4,28.4,2.6,2.6,10.0,0.0,28.4,2.6,28.4,2.6,28.4,2.6,28.4,2.6,28.4,2.6,28.4,2.6,28.4,2.6
SPGI,1.0,314,1.47,2.0,28.5,1073.2,0.46,19.45,2.0,63.1,67.9,1.04,83.3,1.31,115.3,1.74,168.6,2.5,279.7,3.9,348.9,4.87,518.3,7.3
SPGI,2.0,194,2.45,3.0,23.9,713.4,0.6,20.15,2.0,30.4,37.8,1.02,53.7,1.37,74.9,1.83,110.7,2.86,168.3,4.33,239.4,5.69,412.7,8.17
SPGI,3.0,111,3.35,5.0,16.3,385.6,0.56,10.92,2.0,16.2,27.7,0.91,39.1,1.31,54.0,1.9,76.4,2.65,135.7,4.23,213.5,6.75,269.6,8.63
SPGI,4.0,53,4.37,7.0,11.3,260.1,0.55,9.46,2.0,13.2,23.8,1.21,31.8,1.41,42.3,1.93,62.8,2.42,130.1,4.92,182.7,7.39,243.0,9.09
SPGI,5.0,21,5.32,8.0,21.2,94.1,1.13,5.2,3.0,0.0,31.9,1.35,33.6,1.54,40.7,2.25,65.2,2.92,88.7,4.18,91.8,4.9,93.6,5.14
SPGI,6.0,12,6.32,9.0,12.4,76.9,0.69,4.11,2.0,0.0,14.4,1.02,24.2,1.51,31.1,1.82,45.5,2.19,73.6,3.19,76.7,3.66,76.9,4.02
SPGI,7.0,7,7.47,9.0,17.1,114.2,1.4,6.77,3.0,14.3,18.8,1.43,22.6,1.49,32.8,1.78,67.7,3.67,103.8,5.86,109.0,6.32,113.2,6.68
SPGI,8.0,2,8.15,26.5,14.0,25.3,1.3,2.1,2.0,0.0,15.1,1.38,16.8,1.5,19.6,1.7,22.5,1.9,24.2,2.02,24.7,2.06,25.2,2.09
SPGI,9.0,1,9.21,13.0,9.1,9.1,0.81,0.81,1.0,0.0,9.1,0.81,9.1,0.81,9.1,0.81,9.1,0.81,9.1,0.81,9.1,0.81,9.1,0.81
SPGI,10.0,1,10.18,12.0,19.0,19.0,1.15,1.15,1.0,0.0,19.0,1.15,19.0,1.15,19.0,1.15,19.0,1.15,19.0,1.15,19.0,1.15,19.0,1.15
SPOT,1.0,166,1.48,2.0,39.0,625.4,0.71,6.89,2.0,57.2,63.5,1.02,81.2,1.22,116.3,1.68,166.2,2.45,212.3,3.24,241.5,3.97,396.7,6.01
SPOT,2.0,94,2.37,3.0,25.8,282.2,0.7,6.99,2.0,35.1,40.9,1.0,57.1,1.37,77.8,1.89,117.8,2.74,160.6,3.82,184.2,4.39,224.4,6.82
SPOT,3.0,35,3.54,5.0,28.1,166.8,1.03,5.59,2.0,22.9,38.7,1.42,47.2,1.8,73.9,2.42,96.5,3.42,131.3,4.26,154.6,4.63,165.3,5.45
SPOT,4.0,21,4.43,5.0,34.4,182.4,1.43,7.13,2.0,9.5,36.7,1.54,55.0,2.5,66.6,2.72,92.5,3.54,99.3,3.91,109.8,3.96,167.9,6.49
SPOT,5.0,10,5.5,6.0,18.7,160.9,1.04,9.07,1.5,10.0,21.4,1.23,46.9,2.06,53.6,2.62,71.9,3.53,90.2,4.38,125.6,6.73,153.8,8.6
SPOT,6.0,5,6.3,5.0,24.7,45.6,1.3,2.41,1.0,0.0,28.1,1.48,33.3,1.75,37.1,1.87,44.8,2.13,45.3,2.3,45.4,2.35,45.6,2.4
SPOT,7.0,5,7.45,7.0,23.3,69.3,1.36,3.58,4.0,0.0,26.3,1.48,30.9,1.66,41.9,2.72,42.0,2.75,58.4,3.24,63.8,3.41,68.2,3.54
SPOT,9.0,1,9.37,12.0,43.5,43.5,3.71,3.71,4.0,0.0,43.5,3.71,43.5,3.71,43.5,3.71,43.5,3.71,43.5,3.71,43.5,3.71,43.5,3.71
SPOT,11.0,1,11.84,11.0,29.6,29.6,2.18,2.18,6.0,0.0,29.6,2.18,29.6,2.18,29.6,2.18,29.6,2.18,29.6,2.18,29.6,2.18,29.6,2.18
SPOT,12.0,1,12.2,8.0,35.3,35.3,2.78,2.78,3.0,0.0,35.3,2.78,35.3,2.78,35.3,2.78,35.3,2.78,35.3,2.78,35.3,2.78,35.3,2.78
SRT3.DE,1.0,255,1.47,2.0,26.0,599.1,0.46,7.73,2.0,58.4,63.8,0.95,82.3,1.24,113.3,1.72,174.8,2.53,268.2,3.77,380.7,5.35,458.2,7.39
SRT3.DE,2.0,171,2.51,3.0,25.9,324.1,0.66,9.9,3.0,38.0,38.2,1.0,58.5,1.48,84.1,2.0,123.8,3.41,192.7,4.86,230.4,5.78,289.7,7.34
SRT3.DE,3.0,75,3.45,4.0,16.1,417.8,0.52,12.28,2.0,25.3,30.9,1.03,40.9,1.44,57.7,1.98,104.0,3.75,166.2,5.31,254.3,7.33,323.9,11.09
SRT3.DE,4.0,51,4.37,6.0,26.0,212.5,1.0,7.57,3.0,9.8,29.1,1.15,35.2,1.57,57.3,2.33,76.8,3.35,94.3,4.12,121.8,4.86,186.3,6.61
SRT3.DE,5.0,28,5.46,6.0,23.3,150.9,1.24,7.03,4.0,7.1,30.7,1.7,43.9,1.93,51.6,2.51,72.2,3.56,89.5,4.58,106.3,5.1,141.1,6.56
SRT3.DE,6.0,15,6.41,9.0,16.0,94.6,0.83,9.94,1.0,0.0,17.3,0.91,23.2,1.3,35.0,2.02,58.2,3.11,79.6,4.05,90.1,5.94,93.7,9.14
SRT3.DE,7.0,10,7.35,13.0,23.4,117.6,1.45,6.69,2.0,10.0,23.9,1.56,38.8,2.56,46.8,3.28,59.7,4.42,86.6,5.07,102.1,5.88,114.5,6.52
SRT3.DE,8.0,5,8.32,10.0,46.7,181.8,3.81,9.21,5.0,20.0,47.5,3.85,48.8,3.92,62.5,3.93,81.8,6.09,141.8,7.96,161.8,8.59,177.8,9.09
SRT3.DE,9.0,8,9.41,12.0,5.8,126.5,0.59,7.54,4.0,12.5,16.4,1.41,24.5,1.92,36.0,2.32,47.4,3.43,77.9,4.71,102.2,6.13,121.6,7.26
SRT3.DE,10.0,5,10.36,13.0,11.3,42.2,0.98,3.01,3.0,0.0,13.6,1.16,17.0,1.42,37.2,2.52,40.4,2.65,41.5,2.87,41.8,2.94,42.1,3.0
SRT3.DE,12.0,1,12.15,8.0,19.2,19.2,1.36,1.36,1.0,0.0,19.2,1.36,19.2,1.36,19.2,1.36,19.2,1.36,19.2,1.36,19.2,1.36,19.2,1.36
SRT3.DE,13.0,1,13.65,11.0,21.3,21.3,1.49,1.49,3.0,0.0,21.3,1.49,21.3,1.49,21.3,1.49,21.3,1.49,21.3,1.49,21.3,1.49,21.3,1.49
SRT3.DE,25.0,1,25.18,18.0,46.5,46.5,3.73,3.73,16.0,0.0,46.5,3.73,46.5,3.73,46.5,3.73,46.5,3.73,46.5,3.73,46.5,3.73,46.5,3.73
STX,1.0,327,1.52,2.0,29.0,647.1,0.52,9.14,2.0,63.9,64.5,1.02,86.1,1.29,119.7,1.79,172.4,2.73,266.7,4.15,321.3,5.04,469.6,7.18
STX,2.0,216,2.4,3.0,18.0,423.3,0.71,9.91,2.0,31.5,42.7,1.05,56.5,1.39,77.1,1.87,123.8,2.98,184.7,4.35,265.0,5.57,305.6,8.04
STX,3.0,92,3.41,5.0,17.9,279.8,0.68,9.33,2.0,15.2,28.7,0.99,40.8,1.32,53.4,1.83,82.5,2.96,104.6,3.62,153.9,5.07,262.7,8.24
STX,4.0,44,4.33,5.5,15.8,212.3,0.63,8.05,2.0,11.4,22.1,0.94,30.2,1.38,46.6,1.9,63.0,3.04,99.0,4.07,106.0,4.3,179.0,6.7
STX,5.0,21,5.43,7.0,15.4,94.8,0.71,3.8,2.0,0.0,22.3,1.09,32.3,1.37,45.2,2.16,60.7,2.88,65.1,3.5,69.5,3.66,89.7,3.77
STX,6.0,13,6.39,9.0,15.3,99.5,0.74,4.78,2.0,0.0,16.9,0.97,20.4,1.36,36.4,2.63,52.6,2.85,63.2,3.35,78.9,3.98,95.4,4.62
STX,7.0,6,7.47,11.5,16.5,109.8,1.06,6.6,2.0,16.7,19.5,1.19,22.9,1.33,24.6,1.57,60.9,3.71,91.3,5.48,100.6,6.04,108.0,6.49
STX,8.0,5,8.36,8.0,40.7,78.5,2.42,4.49,4.0,0.0,41.9,2.46,43.8,2.52,49.0,2.82,64.4,3.78,72.9,4.2,75.7,4.34,77.9,4.46
STX,9.0,3,9.8,5.0,20.9,61.7,1.27,4.46,3.0,0.0,27.9,1.89,38.3,2.82,55.7,4.37,58.7,4.42,60.5,4.44,61.1,4.45,61.6,4.46
STX,10.0,2,10.68,11.0,17.4,27.3,1.35,1.8,2.0,0.0,18.4,1.39,19.9,1.46,22.4,1.58,24.8,1.69,26.3,1.76,26.8,1.78,27.2,1.8
STX,11.0,3,11.89,17.0,12.7,57.2,1.04,4.97,2.0,0.0,13.0,1.12,13.5,1.23,14.3,1.42,35.8,3.2,48.6,4.26,52.9,4.61,56.3,4.9
STX,12.0,3,12.22,7.0,10.5,76.1,0.84,6.05,2.0,0.0,12.2,0.94,14.8,1.09,19.1,1.34,47.6,3.69,64.7,5.1,70.4,5.58,75.0,5.95
SY1.DE,1.0,329,1.58,2.0,25.1,754.1,0.51,7.84,2.0,59.0,61.9,0.99,81.8,1.3,114.3,1.69,169.2,2.65,247.7,3.84,308.5,4.47,442.6,6.38
SY1.DE,2.0,220,2.39,3.0,26.7,438.7,0.68,10.19,2.0,38.2,41.6,1.11,58.5,1.47,86.1,2.08,124.6,3.06,197.0,4.54,226.7,5.36,369.3,9.69
SY1.DE,3.0,95,3.38,4.0,18.5,225.9,0.67,6.24,2.0,15.8,30.7,1.07,43.0,1.49,61.8,1.99,83.3,2.68,127.4,4.5,148.5,4.87,218.9,5.79
SY1.DE,4.0,46,4.45,6.5,12.7,161.7,0.63,7.5,3.0,10.9,22.1,0.92,30.8,1.32,46.0,2.01,68.2,3.25,101.6,4.31,132.1,5.12,151.7,6.61
SY1.DE,5.0,26,5.42,6.0,12.3,118.7,0.76,5.71,3.0,7.7,22.2,1.13,32.6,1.7,47.0,2.38,65.3,3.25,83.0,4.66,108.8,5.42,118.2,5.69
SY1.DE,6.0,6,6.44,5.5,26.9,88.2,1.54,4.65,2.5,0.0,31.0,1.62,36.4,1.76,41.7,2.2,47.5,2.73,68.5,3.74,78.4,4.19,86.2,4.56
SY1.DE,7.0,8,7.2,5.0,25.1,103.4,1.34,5.29,4.0,12.5,31.1,1.62,35.6,2.07,46.6,2.76,54.3,3.07,76.2,4.13,89.8,4.71,100.7,5.17
SY1.DE,9.0,2,9.52,9.5,16.4,78.8,1.11,5.88,3.5,0.0,22.6,1.58,32.0,2.3,47.6,3.49,63.2,4.69,72.6,5.41,75.7,5.64,78.2,5.84
SYK,1.0,341,1.49,2.0,30.1,599.0,0.55,8.77,2.0,56.6,59.2,0.93,80.5,1.16,110.5,1.65,161.2,2.47,257.1,4.2,366.3,4.92,496.4,7.37
SYK,2.0,207,2.33,3.0,22.3,632.2,0.62,12.23,2.0,36.2,41.3,1.04,55.0,1.36,84.4,1.96,120.5,2.83,177.4,4.2,208.2,5.38,381.1,8.95
SYK,3.0,99,3.42,5.0,21.3,338.3,0.71,9.24,2.0,20.2,27.8,0.87,41.8,1.43,58.2,1.96,91.8,3.17,129.8,4.05,187.7,5.26,239.3,7.67
SYK,4.0,37,4.39,6.0,9.7,147.9,0.55,6.51,2.0,2.7,25.3,1.19,35.0,1.52,48.5,1.99,68.1,2.75,80.6,3.35,91.8,3.61,129.9,5.66
SYK,5.0,27,5.42,7.0,22.9,160.0,1.0,7.95,4.0,7.4,27.6,1.51,32.5,1.69,45.2,2.16,81.8,3.81,94.2,4.81,110.1,5.73,148.7,7.47
SYK,6.0,15,6.4,7.0,24.1,122.6,1.41,5.86,3.0,6.7,26.8,1.51,30.2,1.7,41.6,2.49,60.7,3.16,67.8,3.48,85.0,4.29,115.1,5.55
SYK,7.0,11,7.49,8.0,12.1,51.8,0.76,3.88,1.0,0.0,12.2,0.97,16.1,1.23,30.3,1.71,44.6,2.58,50.2,2.81,51.0,3.34,51.6,3.77
SYK,8.0,1,8.68,10.0,50.1,50.1,3.77,3.77,6.0,0.0,50.1,3.77,50.1,3.77,50.1,3.77,50.1,3.77,50.1,3.77,50.1,3.77,50.1,3.77
SYK,9.0,3,9.04,13.0,7.3,65.3,0.54,4.61,3.0,0.0,9.7,0.71,13.3,0.96,19.4,1.39,42.3,3.0,56.1,3.96,60.7,4.29,64.4,4.54
T,1.0,321,1.46,2.0,30.6,618.4,0.52,8.02,2.0,56.1,60.0,0.95,77.3,1.2,109.0,1.65,169.4,2.47,250.0,3.75,326.7,5.1,524.7,7.19
T,2.0,226,2.44,3.0,25.4,491.2,0.63,10.39,2.0,37.2,42.9,1.03,53.6,1.32,77.8,1.94,121.7,3.09,189.4,4.59,239.2,6.0,335.3,8.48
T,3.0,75,3.43,4.0,19.6,205.2,0.68,6.69,3.0,25.3,35.9,1.18,46.1,1.61,73.0,2.48,100.8,3.33,139.4,4.61,163.6,5.47,194.8,6.46
T,4.0,43,4.47,6.0,16.8,234.7,0.91,7.97,2.0,9.3,23.0,1.14,31.2,1.4,41.0,1.73,60.4,2.24,93.4,4.13,169.6,5.81,213.8,7.31
T,5.0,27,5.34,8.0,15.1,105.4,0.86,4.71,2.0,7.4,20.0,1.01,24.4,1.33,32.9,1.79,55.0,2.24,68.5,3.36,95.0,3.71,104.6,4.46
T,6.0,13,6.62,9.0,22.4,137.4,1.03,6.47,2.0,7.7,23.7,1.31,24.7,1.65,39.9,1.77,48.6,2.99,91.1,4.78,111.8,5.7,132.3,6.31
T,7.0,8,7.67,5.5,15.5,135.1,0.92,7.21,3.0,25.0,19.6,1.22,23.4,1.4,38.1,2.24,84.6,5.37,117.4,6.07,126.2,6.64,133.3,7.09
T,8.0,3,8.48,7.0,30.8,80.2,2.02,4.62,5.0,0.0,35.4,2.34,42.2,2.81,53.6,3.6,66.9,4.11,74.9,4.42,77.5,4.52,79.7,4.6
T,9.0,2,9.17,5.0,33.2,69.8,1.87,4.11,8.0,0.0,36.9,2.09,42.4,2.43,51.5,2.99,60.6,3.55,66.1,3.88,68.0,3.99,69.4,4.08
T,10.0,1,10.12,11.0,11.1,11.1,0.85,0.85,1.0,0.0,11.1,0.85,11.1,0.85,11.1,0.85,11.1,0.85,11.1,0.85,11.1,0.85,11.1,0.85
T,11.0,1,11.52,7.0,15.1,15.1,1.1,1.1,2.0,0.0,15.1,1.1,15.1,1.1,15.1,1.1,15.1,1.1,15.1,1.1,15.1,1.1,15.1,1.1
TD,1.0,354,1.5,1.0,38.3,760.5,0.63,13.06,2.0,64.1,67.8,1.03,83.7,1.3,123.6,1.78,185.5,2.7,287.1,4.53,387.8,5.78,501.2,8.57
TD,2.0,213,2.41,3.0,20.0,768.1,0.57,15.22,2.0,37.1,38.6,1.0,51.5,1.28,79.7,1.9,125.2,2.92,176.1,4.06,205.1,5.0,290.1,7.77
TD,3.0,114,3.36,4.0,15.9,231.6,0.57,8.55,2.0,18.4,23.5,0.93,35.1,1.2,51.3,1.86,82.3,2.75,127.4,3.99,156.4,4.94,217.4,7.04
TD,4.0,57,4.35,5.0,12.8,345.2,0.62,13.23,2.0,8.8,25.0,1.05,30.3,1.3,37.7,1.69,56.3,2.5,84.8,3.58,118.7,5.22,239.8,9.13
TD,5.0,17,5.3,10.0,13.3,65.3,1.02,3.18,1.0,0.0,19.3,1.1,24.8,1.32,27.1,1.71,49.6,2.09,50.4,2.78,53.9,3.18,63.0,3.18
TD,6.0,14,6.57,9.0,12.4,77.7,1.12,4.88,2.0,0.0,17.7,1.14,24.1,1.42,28.4,1.95,38.1,2.34,42.6,2.44,55.7,3.31,73.3,4.56
TD,7.0,6,7.33,8.5,8.9,70.2,0.59,5.59,2.0,0.0,14.7,0.88,21.4,1.32,32.9,2.81,53.6,4.37,63.9,5.06,67.0,5.32,69.6,5.53
TD,8.0,3,8.83,18.0,13.9,45.5,1.35,2.37,5.0,0.0,15.1,1.39,16.9,1.45,20.0,1.55,32.8,1.96,40.4,2.2,42.9,2.28,45.0,2.35
TD,9.0,2,9.53,18.0,15.6,17.9,1.37,1.89,2.0,0.0,15.8,1.42,16.2,1.5,16.8,1.63,17.3,1.76,17.7,1.83,17.8,1.86,17.9,1.88
TEAM,1.0,169,1.42,2.0,40.5,474.4,0.67,7.16,2.0,63.3,67.2,1.02,85.2,1.25,114.9,1.69,181.1,2.46,252.4,3.63,315.5,4.4,447.8,6.49
TEAM,2.0,114,2.44,3.0,23.5,370.8,0.78,9.67,2.0,39.5,46.4,1.16,56.3,1.4,87.3,2.22,136.0,3.28,177.1,4.72,253.2,5.91,354.4,7.59
TEAM,3.0,59,3.42,5.0,22.0,207.4,0.8,7.33,2.0,18.6,30.6,1.13,34.8,1.42,61.8,2.17,89.6,3.0,124.6,4.31,170.9,5.64,201.4,7.06
TEAM,4.0,15,4.51,7.0,15.9,120.6,0.87,4.85,3.0,13.3,22.4,1.0,31.9,1.47,47.7,2.0,54.1,2.73,94.9,3.68,108.1,4.18,118.1,4.72
TEAM,5.0,12,5.66,6.0,22.3,120.3,1.15,5.3,2.0,8.3,28.1,1.28,29.1,1.48,36.3,1.73,47.0,2.02,52.1,2.14,83.0,3.56,112.8,4.95
TEAM,6.0,9,6.54,9.0,25.7,64.1,1.7,3.17,2.0,0.0,27.4,1.74,30.9,1.9,39.8,2.1,45.8,2.61,55.1,2.9,59.6,3.03,63.2,3.14
TEAM,7.0,5,7.83,6.0,30.9,92.1,1.88,5.16,2.0,0.0,39.5,2.38,52.5,3.13,55.1,3.63,69.5,3.82,83.1,4.63,87.6,4.89,91.2,5.11
TEAM,8.0,3,8.38,9.0,18.6,50.4,1.13,3.12,2.0,0.0,19.8,1.23,21.7,1.38,24.8,1.64,37.6,2.38,45.3,2.83,47.8,2.98,49.9,3.1
TEAM,9.0,1,9.57,10.0,45.9,45.9,3.76,3.76,7.0,0.0,45.9,3.76,45.9,3.76,45.9,3.76,45.9,3.76,45.9,3.76,45.9,3.76,45.9,3.76
TEAM,12.0,2,12.46,15.0,7.3,30.3,0.76,2.21,2.0,0.0,9.6,0.9,13.1,1.12,18.8,1.48,24.6,1.84,28.0,2.06,29.1,2.13,30.1,2.19
TEAM,14.0,1,14.21,14.0,13.6,13.6,0.73,0.73,1.0,0.0,13.6,0.73,13.6,0.73,13.6,0.73,13.6,0.73,13.6,0.73,13.6,0.73,13.6,0.73
TJX,1.0,349,1.47,2.0,36.6,758.9,0.56,9.23,2.0,60.2,62.3,1.0,80.7,1.22,111.5,1.68,167.3,2.36,238.1,3.45,300.1,4.33,515.8,7.21
TJX,2.0,216,2.5,3.0,20.7,315.3,0.58,7.17,2.0,24.5,41.3,1.05,50.8,1.3,74.3,1.78,97.1,2.47,159.1,3.92,191.3,4.57,248.5,5.95
TJX,3.0,109,3.34,4.0,20.4,261.1,0.69,8.09,3.0,26.6,31.3,1.11,41.4,1.44,62.3,2.11,100.7,3.16,142.9,4.27,183.7,5.82,223.7,7.38
TJX,4.0,45,4.38,6.0,20.3,180.9,0.79,6.55,3.0,8.9,26.8,1.07,38.9,1.55,52.6,2.15,74.9,2.75,88.5,3.96,115.6,4.62,155.2,6.03
TJX,5.0,23,5.18,6.0,20.5,127.8,0.98,5.84,3.0,8.7,25.6,1.45,38.8,1.88,48.4,2.23,74.2,3.37,90.5,3.96,115.1,5.0,125.6,5.68
TJX,6.0,11,6.7,8.0,18.9,63.5,1.0,3.73,3.0,0.0,20.1,1.0,24.4,1.29,30.5,1.77,41.1,2.23,46.0,2.57,54.8,3.15,61.8,3.61
TJX,7.0,5,7.41,10.0,12.6,79.8,0.84,4.32,1.0,0.0,15.7,0.98,20.3,1.2,21.4,1.47,30.7,1.53,60.2,3.21,70.0,3.77,77.8,4.21
TJX,8.0,2,8.35,8.5,19.7,116.2,1.29,7.14,2.5,50.0,29.4,1.88,43.8,2.75,68.0,4.22,92.1,5.68,106.6,6.56,111.4,6.85,115.2,7.08
TJX,9.0,1,9.14,13.0,21.7,21.7,1.47,1.47,4.0,0.0,21.7,1.47,21.7,1.47,21.7,1.47,21.7,1.47,21.7,1.47,21.7,1.47,21.7,1.47
TM,1.0,436,1.47,1.0,19.9,733.2,0.33,12.15,2.0,63.3,57.4,0.88,80.3,1.19,117.8,1.73,182.2,2.57,266.5,4.13,347.5,4.93,549.9,8.12
TM,2.0,211,2.41,3.0,22.9,339.0,0.54,7.71,2.0,33.6,35.2,0.85,48.5,1.18,76.5,1.92,120.5,2.9,184.0,4.42,214.9,5.26,323.2,6.35
TM,3.0,100,3.36,4.0,15.2,188.2,0.52,6.17,2.0,15.0,30.0,1.01,38.0,1.33,56.0,1.8,86.5,2.91,111.6,3.78,133.3,4.43,173.9,5.75
TM,4.0,52,4.4,4.0,9.8,158.9,0.63,6.18,2.0,15.4,18.7,0.77,25.8,1.04,39.0,1.63,80.0,3.06,110.3,4.32,149.3,5.99,157.5,6.12
TM,5.0,23,5.5,5.0,12.2,98.1,0.58,5.04,2.0,0.0,17.7,0.87,22.8,1.2,30.2,1.53,39.7,2.67,71.8,3.79,75.1,4.06,93.1,4.83
TM,6.0,16,6.49,6.0,9.8,66.5,0.61,4.24,2.0,0.0,14.8,0.81,21.4,1.35,28.1,1.6,49.5,2.38,56.0,3.16,60.7,3.45,65.3,4.08
TM,7.0,10,7.44,4.5,13.1,49.5,0.72,2.42,1.0,0.0,16.9,0.91,19.2,1.08,21.6,1.3,26.6,1.64,39.7,2.34,44.6,2.38,48.5,2.41
TM,8.0,6,8.3,6.0,17.4,40.4,1.06,2.85,1.0,0.0,18.4,1.11,22.7,1.39,33.8,2.25,36.5,2.58,38.7,2.74,39.5,2.8,40.2,2.84
TM,9.0,4,9.76,8.5,28.9,53.7,2.51,3.42,2.0,0.0,29.7,2.53,31.0,2.56,32.0,2.83,37.7,3.17,47.3,3.32,50.5,3.37,53.1,3.41
TM,10.0,4,10.42,7.5,13.3,64.5,1.17,4.21,3.5,0.0,14.7,1.19,16.9,1.22,32.0,2.4,50.6,3.72,59.0,4.01,61.7,4.11,63.9,4.19
TM,11.0,1,11.16,6.0,10.5,10.5,0.79,0.79,2.0,0.0,10.5,0.79,10.5,0.79,10.5,0.79,10.5,0.79,10.5,0.79,10.5,0.79,10.5,0.79
TM,12.0,1,12.41,7.0,32.5,32.5,2.4,2.4,3.0,0.0,32.5,2.4,32.5,2.4,32.5,2.4,32.5,2.4,32.5,2.4,32.5,2.4,32.5,2.4
TMO,1.0,338,1.55,2.0,31.4,917.4,0.56,10.46,2.0,57.1,62.3,1.0,80.8,1.2,113.5,1.63,166.9,2.55,222.5,3.43,272.8,4.37,380.9,6.11
TMO,2.0,220,2.44,3.0,16.8,490.4,0.5,9.52,2.0,37.7,40.9,1.04,55.4,1.42,77.1,1.94,119.1,3.15,178.8,4.17,245.3,5.41,304.5,8.04
TMO,3.0,108,3.41,5.0,18.7,486.9,0.77,14.5,2.0,18.5,32.9,1.16,39.1,1.4,53.0,1.81,90.3,3.01,126.6,4.49,169.8,5.53,226.4,7.28
TMO,4.0,47,4.42,6.0,17.5,178.6,0.6,5.95,2.0,10.6,22.7,1.04,32.1,1.27,50.3,2.09,84.2,3.08,100.7,4.46,109.2,5.01,150.9,5.58
TMO,5.0,20,5.26,7.5,18.0,91.1,0.99,3.87,2.0,0.0,22.9,1.49,33.8,1.61,39.8,1.97,66.0,3.02,71.7,3.13,79.1,3.26,88.7,3.75
TMO,6.0,16,6.5,6.5,12.1,105.2,0.79,4.91,2.0,6.2,17.1,1.12,24.2,1.33,31.7,1.86,44.5,2.38,74.0,3.62,85.7,4.2,101.3,4.77
TMO,7.0,3,7.16,10.0,23.4,52.5,1.53,2.62,2.0,0.0,26.1,1.65,30.1,1.83,36.8,2.13,44.6,2.37,49.4,2.52,50.9,2.57,52.2,2.61
TMO,8.0,5,8.36,7.0,18.9,32.3,1.29,2.0,1.0,0.0,19.8,1.33,21.1,1.38,23.4,1.53,28.8,1.88,30.9,1.95,31.6,1.98,32.2,2.0
TMO,10.0,2,10.8,12.5,16.1,24.2,1.56,1.74,2.0,0.0,16.9,1.58,18.1,1.61,20.1,1.65,22.2,1.7,23.4,1.72,23.8,1.73,24.1,1.74
TMUS,1.0,313,1.47,2.0,33.5,1450.0,0.54,20.71,2.0,58.1,59.9,0.9,80.8,1.25,115.5,1.72,174.9,2.62,258.5,3.76,340.6,4.7,458.8,6.61
TMUS,2.0,193,2.41,3.0,23.7,506.2,0.64,11.5,2.0,37.8,41.2,1.08,56.1,1.4,81.7,2.04,128.2,3.08,192.8,4.47,231.1,5.43,267.6,6.16
TMUS,3.0,83,3.4,5.0,16.3,203.3,0.67,6.62,2.0,21.7,24.7,0.86,36.4,1.25,59.5,1.98,89.0,3.03,134.3,4.65,148.9,5.27,194.4,6.03
TMUS,4.0,42,4.55,6.0,22.0,194.1,0.84,7.78,3.0,14.3,25.9,1.2,38.4,1.61,57.3,2.42,77.8,3.13,114.6,4.35,138.8,6.45,183.1,7.29
TMUS,5.0,23,5.47,7.0,20.1,159.9,0.97,7.99,3.0,13.0,34.4,1.43,36.0,1.71,47.9,2.55,67.1,3.16,108.3,4.68,131.0,5.41,153.9,7.43
TMUS,6.0,12,6.52,5.0,13.6,103.5,0.89,4.93,2.0,8.3,19.8,1.08,37.9,1.82,42.1,2.22,58.1,3.14,78.1,4.19,90.3,4.57,100.9,4.86
TMUS,7.0,9,7.43,10.0,18.8,106.0,0.95,6.07,2.0,11.1,19.1,1.03,19.6,1.26,35.1,1.65,43.3,2.73,75.3,5.15,90.6,5.61,102.9,5.97
TMUS,9.0,3,9.42,10.0,51.4,53.3,2.53,3.83,4.0,0.0,51.7,2.76,52.2,3.11,53.0,3.68,53.1,3.76,53.2,3.8,53.3,3.82,53.3,3.83
TMUS,14.0,1,14.88,19.0,17.1,17.1,1.82,1.82,1.0,0.0,17.1,1.82,17.1,1.82,17.1,1.82,17.1,1.82,17.1,1.82,17.1,1.82,17.1,1.82
TMUS,15.0,1,15.92,10.0,24.7,24.7,1.86,1.86,4.0,0.0,24.7,1.86,24.7,1.86,24.7,1.86,24.7,1.86,24.7,1.86,24.7,1.86,24.7,1.86
TMUS,18.0,1,18.89,12.0,62.5,62.5,5.36,5.36,7.0,0.0,62.5,5.36,62.5,5.36,62.5,5.36,62.5,5.36,62.5,5.36,62.5,5.36,62.5,5.36
TRV,1.0,385,1.49,1.0,29.0,1058.5,0.55,11.5,2.0,66.0,61.6,0.99,85.2,1.27,124.5,1.8,186.4,2.82,261.4,3.82,339.5,5.19,574.1,7.87
TRV,2.0,221,2.42,3.0,17.1,289.1,0.43,7.75,2.0,27.6,39.3,1.0,52.1,1.3,71.7,1.73,102.1,2.52,142.3,3.5,183.8,4.43,262.4,6.32
TRV,3.0,97,3.36,4.0,20.9,321.0,0.77,9.4,2.0,13.4,30.2,1.07,39.8,1.3,50.0,1.7,74.5,2.51,103.6,3.74,128.7,4.16,161.0,5.42
TRV,4.0,40,4.36,6.0,13.6,159.4,0.93,6.38,2.5,7.5,21.8,1.02,32.2,1.31,44.0,1.79,59.9,2.42,96.6,4.02,120.7,4.85,156.6,5.83
TRV,5.0,17,5.54,6.0,20.6,123.5,0.98,5.56,3.0,11.8,22.7,1.3,39.0,1.78,50.9,2.54,59.9,3.17,101.8,4.26,120.2,4.9,122.8,5.43
TRV,6.0,10,6.34,7.0,14.3,89.5,0.66,5.39,2.5,0.0,20.6,1.08,23.1,1.32,40.5,2.17,61.2,3.03,85.3,5.05,87.4,5.22,89.1,5.36
TRV,7.0,5,7.7,10.0,28.2,99.7,1.5,6.07,4.0,0.0,30.2,1.76,33.2,2.16,38.5,2.64,47.1,3.38,78.7,4.99,89.2,5.53,97.6,5.96
TRV,8.0,3,8.62,13.0,13.2,44.5,0.93,3.11,4.0,0.0,17.5,1.29,24.0,1.81,34.7,2.7,39.6,2.9,42.5,3.03,43.5,3.07,44.3,3.1
TRV,10.0,3,10.34,12.0,13.4,33.7,1.24,2.36,3.0,0.0,13.6,1.28,13.9,1.35,14.4,1.45,24.1,1.91,29.8,2.18,31.8,2.27,33.3,2.34
TRV,11.0,1,11.71,6.0,143.5,143.5,6.64,6.64,6.0,100.0,143.5,6.64,143.5,6.64,143.5,6.64,143.5,6.64,143.5,6.64,143.5,6.64,143.5,6.64
TSLA,1.0,280,1.47,2.0,32.6,569.1,0.65,8.34,2.0,62.5,60.1,0.92,79.6,1.23,122.4,1.86,182.8,2.78,275.0,4.11,333.3,4.79,458.6,6.73
TSLA,2.0,161,2.4,3.0,22.5,309.0,0.6,7.13,2.0,31.7,40.4,1.0,54.9,1.33,75.4,1.9,125.0,2.84,160.7,4.16,216.7,5.09,270.8,6.9
TSLA,3.0,76,3.46,4.0,16.0,239.3,0.6,7.82,2.0,17.1,30.9,1.03,36.6,1.3,58.9,2.08,86.3,2.84,126.9,3.93,176.1,5.29,217.9,7.61
TSLA,4.0,37,4.42,6.0,20.7,127.3,0.86,4.64,2.0,5.4,24.8,1.16,30.0,1.42,41.6,1.8,60.7,2.69,87.7,3.56,101.3,3.94,121.6,4.46
TSLA,5.0,19,5.33,7.0,17.8,97.0,0.75,4.76,2.0,0.0,19.0,0.97,26.2,1.26,42.2,2.04,66.0,3.07,88.7,4.19,96.7,4.5,96.9,4.71
TSLA,6.0,11,6.44,7.0,11.7,52.0,0.96,3.12,2.0,0.0,13.4,0.98,20.6,1.2,35.2,2.15,45.6,2.29,50.3,2.41,51.1,2.76,51.8,3.05
TSLA,7.0,3,7.63,3.0,56.4,128.6,3.06,6.34,4.0,33.3,60.2,3.19,65.8,3.37,75.3,3.67,101.9,5.01,117.9,5.81,123.3,6.08,127.5,6.29
TSLA,8.0,7,8.42,9.0,21.0,55.0,1.3,3.96,2.0,0.0,21.3,1.35,29.8,1.85,41.9,2.5,51.1,3.25,53.3,3.6,54.1,3.78,54.8,3.92
TSLA,9.0,2,9.35,10.0,34.8,55.1,2.17,3.38,4.0,0.0,36.8,2.29,39.9,2.48,45.0,2.78,50.0,3.08,53.1,3.26,54.1,3.32,54.9,3.37
TSLA,10.0,3,10.52,7.0,24.0,38.0,2.02,2.8,2.0,0.0,26.0,2.09,29.1,2.21,34.1,2.4,36.0,2.6,37.2,2.72,37.6,2.76,37.9,2.8
TSLA,11.0,2,11.33,7.5,32.3,41.3,2.38,2.67,3.0,0.0,33.2,2.41,34.5,2.45,36.8,2.52,39.0,2.6,40.4,2.64,40.8,2.65,41.2,2.66
TSLA,12.0,1,12.17,15.0,30.8,30.8,2.67,2.67,2.0,0.0,30.8,2.67,30.8,2.67,30.8,2.67,30.8,2.67,30.8,2.67,30.8,2.67,30.8,2.67
TSLA,13.0,1,13.56,17.0,40.3,40.3,3.04,3.04,1.0,0.0,40.3,3.04,40.3,3.04,40.3,3.04,40.3,3.04,40.3,3.04,40.3,3.04,40.3,3.04
TSLA,16.0,1,16.07,6.0,65.6,65.6,5.86,5.86,2.0,0.0,65.6,5.86,65.6,5.86,65.6,5.86,65.6,5.86,65.6,5.86,65.6,5.86,65.6,5.86
TSLA,17.0,2,17.18,9.0,38.0,43.1,2.38,2.81,1.0,0.0,38.5,2.42,39.3,2.49,40.5,2.59,41.8,2.7,42.6,2.77,42.8,2.79,43.0,2.81
TSLA,18.0,1,18.72,10.0,66.0,66.0,4.84,4.84,4.0,0.0,66.0,4.84,66.0,4.84,66.0,4.84,66.0,4.84,66.0,4.84,66.0,4.84,66.0,4.84
TSM,1.0,420,1.46,1.0,24.4,687.5,0.5,8.06,2.0,66.2,64.6,0.94,86.5,1.3,124.3,1.82,184.3,2.62,255.9,3.77,313.7,4.57,453.3,6.87
TSM,2.0,212,2.43,3.0,15.9,376.6,0.53,10.77,2.0,29.7,39.8,0.96,50.8,1.27,70.8,1.72,110.3,2.61,137.0,3.49,168.8,4.06,260.8,6.62
TSM,3.0,99,3.34,4.0,17.3,185.1,0.61,6.17,2.0,16.2,29.1,1.02,43.9,1.4,57.2,1.97,85.4,2.62,109.9,3.6,132.8,3.87,182.7,5.84
TSM,4.0,52,4.38,5.0,17.1,120.7,0.59,5.31,2.0,3.8,23.5,1.06,29.8,1.28,40.0,1.72,58.1,2.23,68.2,2.82,83.2,3.35,113.2,4.47
TSM,5.0,27,5.51,6.0,18.7,114.4,0.9,5.55,2.0,11.1,23.4,1.25,32.6,1.5,47.3,2.03,59.9,2.91,93.0,4.36,109.7,5.29,113.6,5.5
TSM,6.0,11,6.41,7.0,20.6,78.9,0.93,3.5,2.0,0.0,20.9,1.22,25.6,1.61,36.8,2.06,46.4,2.6,55.6,2.95,67.2,3.22,76.6,3.44
TSM,7.0,10,7.4,6.0,15.6,88.2,1.05,5.13,2.5,0.0,19.9,1.38,26.6,1.62,35.5,2.13,41.9,2.46,66.9,4.06,77.5,4.6,86.1,5.02
TSM,8.0,7,8.47,8.0,23.0,49.2,1.56,3.04,2.0,0.0,29.1,1.82,35.1,2.13,41.5,2.4,45.8,2.63,47.8,2.91,48.5,2.98,49.1,3.03
TSM,9.0,2,9.21,11.0,16.8,25.0,1.13,1.64,1.0,0.0,17.6,1.18,18.9,1.26,20.9,1.39,22.9,1.51,24.2,1.59,24.6,1.62,24.9,1.64
TSM,10.0,2,10.33,13.0,26.4,32.7,1.87,3.15,3.5,0.0,27.0,2.0,28.0,2.19,29.6,2.51,31.1,2.83,32.1,3.02,32.4,3.08,32.6,3.14
TSM,15.0,1,15.01,14.0,47.3,47.3,2.41,2.41,5.0,0.0,47.3,2.41,47.3,2.41,47.3,2.41,47.3,2.41,47.3,2.41,47.3,2.41,47.3,2.41
TTD,1.0,175,1.45,2.0,42.8,720.4,0.7,9.7,2.0,62.9,63.6,0.99,85.0,1.27,125.0,1.78,192.7,2.88,252.8,3.77,337.1,4.98,468.6,6.31
TTD,2.0,92,2.41,3.0,29.1,410.0,0.75,12.16,2.0,34.8,36.0,1.06,49.3,1.28,77.5,1.92,122.2,2.83,210.5,5.34,255.8,6.03,374.0,8.19
TTD,3.0,41,3.29,4.0,16.0,415.9,0.51,13.01,3.0,26.8,31.8,1.1,47.7,1.41,62.3,1.97,107.4,3.11,168.5,4.94,179.8,6.7,364.8,11.35
TTD,4.0,24,4.35,6.0,14.7,145.2,0.64,5.3,1.0,8.3,24.1,1.11,30.2,1.42,41.8,1.65,75.2,2.91,83.7,3.36,101.0,3.84,135.7,4.98
TTD,5.0,13,5.38,7.0,10.6,112.1,0.62,5.27,2.0,7.7,27.2,1.34,34.2,1.68,42.0,1.79,60.2,2.51,97.7,4.77,103.9,5.11,110.5,5.24
TTD,6.0,4,6.51,4.0,21.8,65.6,1.09,3.21,1.5,0.0,23.8,1.26,26.9,1.51,39.0,2.01,53.4,2.58,60.7,2.96,63.2,3.08,65.1,3.19
TTD,7.0,2,7.37,4.0,18.8,41.7,0.99,2.6,1.5,0.0,21.1,1.15,24.5,1.39,30.2,1.8,36.0,2.2,39.4,2.44,40.6,2.52,41.5,2.59
TTD,8.0,3,8.25,5.0,36.7,58.5,2.03,3.54,5.0,0.0,40.7,2.27,46.7,2.63,56.7,3.23,57.6,3.39,58.1,3.48,58.3,3.51,58.5,3.54
TTD,9.0,3,9.54,9.0,33.1,50.9,3.19,3.6,2.0,0.0,36.4,3.23,41.2,3.3,49.4,3.41,50.1,3.51,50.6,3.56,50.8,3.58,50.9,3.6
TTD,10.0,4,10.73,9.0,22.3,44.7,1.56,2.78,2.0,0.0,22.8,1.59,23.5,1.63,26.6,1.68,33.1,1.98,40.1,2.46,42.4,2.62,44.2,2.75
TTD,14.0,1,14.36,19.0,8.4,8.4,0.65,0.65,1.0,0.0,8.4,0.65,8.4,0.65,8.4,0.65,8.4,0.65,8.4,0.65,8.4,0.65,8.4,0.65
TTD,23.0,1,23.5,12.0,15.1,15.1,1.24,1.24,1.0,0.0,15.1,1.24,15.1,1.24,15.1,1.24,15.1,1.24,15.1,1.24,15.1,1.24,15.1,1.24
TTE,1.0,420,1.47,1.0,34.8,955.1,0.51,11.49,2.0,63.1,57.5,0.95,85.3,1.21,122.8,1.83,187.9,2.78,265.6,4.0,321.4,4.78,450.9,7.01
TTE,2.0,239,2.45,3.0,16.5,393.0,0.42,7.8,2.0,27.2,37.7,0.93,49.5,1.23,74.2,1.84,104.2,2.62,152.6,3.6,200.4,4.49,319.7,7.27
TTE,3.0,119,3.51,4.0,16.3,404.1,0.53,12.31,2.0,11.8,24.1,0.85,31.9,1.08,52.6,1.72,72.4,2.4,108.7,3.88,154.3,5.06,350.0,11.64
TTE,4.0,54,4.49,6.0,13.2,331.4,0.57,12.28,2.0,5.6,19.8,0.85,25.5,1.09,36.5,1.6,53.0,2.25,82.5,3.21,94.0,3.56,244.6,9.21
TTE,5.0,21,5.34,7.0,13.1,114.3,0.73,5.16,2.0,14.3,15.2,0.84,26.7,1.26,37.5,1.79,56.7,2.9,100.7,4.84,110.9,5.05,113.6,5.13
TTE,6.0,7,6.27,9.0,10.9,108.4,0.85,6.31,2.0,14.3,21.3,1.39,33.0,2.07,51.6,2.87,63.1,3.64,85.3,5.14,96.8,5.73,106.1,6.19
TTE,7.0,2,7.54,6.5,15.6,31.6,0.98,1.68,1.0,0.0,17.2,1.05,19.6,1.16,23.6,1.33,27.6,1.51,30.0,1.61,30.8,1.65,31.4,1.68
TTE,8.0,1,8.35,8.0,11.0,11.0,0.85,0.85,1.0,0.0,11.0,0.85,11.0,0.85,11.0,0.85,11.0,0.85,11.0,0.85,11.0,0.85,11.0,0.85
TTE,9.0,1,9.8,17.0,19.6,19.6,2.18,2.18,1.0,0.0,19.6,2.18,19.6,2.18,19.6,2.18,19.6,2.18,19.6,2.18,19.6,2.18,19.6,2.18
TTE,10.0,1,10.46,10.0,35.9,35.9,2.59,2.59,2.0,0.0,35.9,2.59,35.9,2.59,35.9,2.59,35.9,2.59,35.9,2.59,35.9,2.59,35.9,2.59
TTE,11.0,1,11.13,8.0,18.5,18.5,1.38,1.38,2.0,0.0,18.5,1.38,18.5,1.38,18.5,1.38,18.5,1.38,18.5,1.38,18.5,1.38,18.5,1.38
TTWO,1.0,330,1.5,2.0,28.0,734.3,0.53,11.96,2.0,61.2,64.9,0.99,82.0,1.26,116.1,1.8,173.4,2.67,270.6,4.01,334.6,5.41,625.3,7.65
TTWO,2.0,192,2.41,3.0,23.0,704.5,0.66,14.92,2.0,32.8,42.5,1.11,56.1,1.38,77.9,1.9,112.5,2.67,177.2,3.95,214.3,5.18,411.4,10.45
TTWO,3.0,92,3.41,5.0,20.5,257.9,0.81,7.18,2.0,16.3,28.8,1.16,44.4,1.52,59.5,2.04,88.9,2.88,121.2,3.95,143.1,4.62,189.9,6.08
TTWO,4.0,43,4.43,6.0,20.2,206.7,0.96,8.71,3.0,11.6,34.3,1.44,47.5,1.98,56.7,2.35,78.6,3.05,98.9,4.04,126.1,4.38,174.1,6.92
TTWO,5.0,17,5.33,7.0,20.8,109.7,1.02,5.29,3.0,5.9,30.6,1.4,33.9,1.68,42.7,2.0,54.6,2.45,70.6,3.9,87.5,5.14,105.3,5.26
TTWO,6.0,14,6.4,9.5,8.5,119.5,0.5,6.22,2.0,14.3,13.9,0.89,16.8,0.97,43.1,2.4,74.9,4.17,103.8,4.92,112.2,5.49,118.0,6.08
TTWO,7.0,7,7.68,9.0,20.4,69.1,1.13,3.99,3.0,0.0,22.5,1.24,24.6,1.38,29.8,1.53,38.5,2.1,51.8,2.97,60.5,3.48,67.4,3.89
TTWO,8.0,6,8.64,12.0,24.8,46.6,1.16,4.09,2.0,0.0,25.1,1.31,25.6,1.51,28.6,1.78,38.3,2.17,43.7,3.18,45.1,3.64,46.3,4.0
TTWO,9.0,3,9.15,11.0,23.5,50.7,1.37,3.47,4.0,0.0,23.8,1.41,24.1,1.47,24.8,1.56,37.8,2.52,45.5,3.09,48.1,3.28,50.2,3.43
TTWO,10.0,1,10.31,16.0,47.6,47.6,3.1,3.1,4.0,0.0,47.6,3.1,47.6,3.1,47.6,3.1,47.6,3.1,47.6,3.1,47.6,3.1,47.6,3.1
TTWO,12.0,2,12.14,13.5,28.7,31.9,2.27,2.51,6.0,0.0,29.0,2.29,29.5,2.33,30.3,2.39,31.1,2.45,31.6,2.49,31.7,2.5,31.9,2.51
TXN,1.0,369,1.47,2.0,30.7,692.5,0.56,8.55,2.0,64.5,68.7,1.01,86.9,1.34,116.6,1.74,167.1,2.5,237.3,3.47,316.3,4.47,455.8,6.81
TXN,2.0,233,2.43,3.0,33.1,460.8,0.74,9.66,2.0,34.3,44.2,1.13,58.1,1.42,81.8,1.98,120.1,2.9,171.5,4.14,211.2,4.79,299.3,6.82
TXN,3.0,104,3.4,4.0,17.9,172.8,0.55,5.67,2.0,19.2,28.3,0.96,39.0,1.37,59.2,1.97,88.7,2.85,123.7,3.77,144.1,4.38,166.8,5.07
TXN,4.0,46,4.4,7.0,14.1,133.4,0.81,5.72,2.0,6.5,21.1,0.97,25.2,1.17,35.6,1.59,58.7,2.51,89.1,3.3,104.3,4.47,126.9,5.45
TXN,5.0,22,5.46,7.5,12.9,107.4,0.66,5.68,2.0,4.5,16.8,0.87,25.2,1.28,33.8,1.65,48.8,2.51,78.7,3.46,92.7,3.57,104.4,5.24
TXN,6.0,8,6.72,8.5,21.7,81.5,2.09,4.62,3.0,0.0,32.7,2.1,41.8,2.52,52.6,2.85,58.7,3.21,69.0,3.92,75.3,4.27,80.3,4.55
TXN,7.0,3,7.31,10.0,18.5,37.5,1.67,1.99,3.0,0.0,21.4,1.72,25.6,1.79,32.8,1.9,35.1,1.95,36.6,1.98,37.0,1.98,37.4,1.99
TXN,8.0,1,8.51,5.0,36.3,36.3,2.0,2.0,1.0,0.0,36.3,2.0,36.3,2.0,36.3,2.0,36.3,2.0,36.3,2.0,36.3,2.0,36.3,2.0
TXN,9.0,1,9.59,2.0,48.1,48.1,3.17,3.17,5.0,0.0,48.1,3.17,48.1,3.17,48.1,3.17,48.1,3.17,48.1,3.17,48.1,3.17,48.1,3.17
TXN,13.0,1,13.3,7.0,31.0,31.0,2.41,2.41,2.0,0.0,31.0,2.41,31.0,2.41,31.0,2.41,31.0,2.41,31.0,2.41,31.0,2.41,31.0,2.41
UBER,1.0,142,1.45,2.0,41.0,580.7,0.69,6.99,2.0,62.7,65.1,0.98,83.5,1.28,124.3,1.76,187.4,2.67,250.4,3.54,284.5,4.35,386.4,6.49
UBER,2.0,83,2.49,3.0,23.8,463.2,0.66,9.78,2.0,39.8,41.2,1.02,55.3,1.35,84.4,2.2,133.1,3.09,174.8,4.08,197.0,5.25,368.9,7.58
UBER,3.0,31,3.34,4.0,33.5,215.4,1.21,6.4,2.0,6.5,39.7,1.27,55.4,1.82,65.4,2.03,83.2,2.56,98.8,3.12,134.3,4.63,201.5,6.31
UBER,4.0,14,4.23,5.5,26.8,98.3,1.13,3.67,2.0,0.0,30.9,1.21,44.7,1.62,48.9,1.98,65.9,2.52,79.6,3.33,88.2,3.55,96.3,3.65
UBER,5.0,6,5.29,5.5,29.9,77.3,1.59,3.33,1.5,0.0,32.0,1.6,34.7,1.64,36.5,1.79,40.7,1.94,59.7,2.64,68.5,2.99,75.5,3.26
UBER,6.0,4,6.63,6.0,9.0,41.0,0.57,2.12,1.5,0.0,13.4,0.79,20.0,1.1,31.8,1.66,40.2,2.06,40.7,2.1,40.8,2.11,41.0,2.12
UBER,7.0,2,7.68,8.5,46.1,54.3,2.31,3.46,3.5,0.0,46.9,2.43,48.1,2.6,50.2,2.89,52.2,3.17,53.5,3.34,53.9,3.4,54.2,3.45
UBER,9.0,3,9.82,11.0,18.7,52.6,1.33,3.06,3.0,0.0,19.2,1.33,20.0,1.34,21.3,1.35,37.0,2.2,46.3,2.72,49.5,2.89,52.0,3.02
UBER,10.0,1,10.47,23.0,9.4,9.4,1.24,1.24,1.0,0.0,9.4,1.24,9.4,1.24,9.4,1.24,9.4,1.24,9.4,1.24,9.4,1.24,9.4,1.24
UBER,11.0,1,11.62,6.0,27.8,27.8,2.01,2.01,3.0,0.0,27.8,2.01,27.8,2.01,27.8,2.01,27.8,2.01,27.8,2.01,27.8,2.01,27.8,2.01
UBS,1.0,390,1.47,1.0,24.3,823.3,0.41,12.78,2.0,62.6,58.6,0.89,79.2,1.2,126.8,1.91,196.0,2.87,293.5,4.16,395.6,5.64,656.2,8.04
UBS,2.0,238,2.46,3.0,21.2,675.0,0.64,13.38,2.0,34.9,35.3,0.93,49.0,1.21,79.5,1.98,117.2,2.92,200.4,4.52,251.7,6.59,413.8,10.75
UBS,3.0,103,3.48,4.0,13.6,344.3,0.49,9.28,2.0,21.4,25.9,0.92,33.8,1.14,48.5,1.74,89.7,3.35,136.2,4.13,149.4,5.02,286.0,9.02
UBS,4.0,40,4.42,5.5,12.1,122.6,0.52,4.8,2.0,5.0,19.1,0.92,28.4,1.2,40.6,1.7,54.9,2.36,77.4,3.14,95.8,3.91,114.5,4.53
UBS,5.0,25,5.31,5.0,13.9,74.2,0.85,4.62,2.0,0.0,22.0,1.03,23.5,1.2,32.4,1.51,42.3,2.14,56.7,2.68,66.2,3.92,72.8,4.52
UBS,6.0,18,6.38,6.5,15.8,102.3,1.0,5.69,1.0,5.6,17.2,1.1,21.6,1.22,27.6,1.55,39.4,2.25,44.1,2.41,55.7,2.91,93.0,5.14
UBS,7.0,9,7.4,7.0,12.2,88.8,0.68,6.75,2.0,0.0,12.4,0.72,16.4,1.07,29.2,1.6,36.9,2.18,52.8,3.43,70.8,5.09,85.2,6.41
UBS,8.0,5,8.28,7.0,10.8,150.8,0.66,8.98,1.0,20.0,11.3,0.73,12.0,0.82,14.7,1.14,20.2,1.24,98.6,5.89,124.7,7.43,145.6,8.67
UBS,10.0,1,10.61,13.0,14.8,14.8,1.5,1.5,1.0,0.0,14.8,1.5,14.8,1.5,14.8,1.5,14.8,1.5,14.8,1.5,14.8,1.5,14.8,1.5
UBS,11.0,2,11.72,7.0,17.4,28.5,1.24,2.3,2.0,0.0,18.5,1.34,20.2,1.5,22.9,1.77,25.7,2.03,27.4,2.19,27.9,2.24,28.4,2.29
UBS,30.0,1,30.66,4.0,101.5,101.5,10.1,10.1,13.0,100.0,101.5,10.1,101.5,10.1,101.5,10.1,101.5,10.1,101.5,10.1,101.5,10.1,101.5,10.1
UL,1.0,442,1.43,1.0,29.7,1149.2,0.54,16.2,2.0,62.0,59.9,0.93,78.8,1.22,118.5,1.71,182.2,2.58,274.9,3.83,343.5,5.25,562.7,8.09
UL,2.0,257,2.38,2.0,17.7,415.1,0.45,8.92,2.0,28.8,39.9,0.97,50.0,1.26,69.9,1.79,107.1,2.56,176.9,3.95,219.4,5.07,333.0,8.04
UL,3.0,100,3.37,3.0,15.8,279.9,0.46,8.86,2.0,18.0,26.0,0.86,34.2,1.13,47.9,1.67,78.6,2.57,136.2,4.27,161.2,5.54,234.7,6.52
UL,4.0,53,4.36,5.0,11.7,112.4,0.47,5.57,2.0,5.7,18.4,0.82,28.9,1.2,39.3,1.67,54.9,2.36,81.5,3.09,93.5,3.67,109.2,5.08
UL,5.0,23,5.31,6.0,9.9,227.8,0.76,10.45,2.0,17.4,20.4,1.09,28.5,1.32,41.3,2.0,65.9,3.31,127.3,5.93,146.1,6.67,210.1,9.63
UL,6.0,16,6.47,7.0,16.8,116.2,0.92,7.2,2.0,12.5,20.9,1.27,23.0,1.61,39.3,1.83,52.3,3.23,96.2,4.69,104.4,5.63,113.8,6.89
UL,7.0,10,7.55,5.0,23.0,243.7,1.62,12.01,4.0,10.0,25.2,1.7,32.6,1.84,51.0,3.19,78.4,4.48,112.2,5.76,178.0,8.88,230.6,11.39
UL,8.0,3,8.49,7.0,30.0,51.0,1.73,3.09,2.0,0.0,32.1,1.88,35.2,2.11,40.5,2.5,45.8,2.79,48.9,2.97,49.9,3.03,50.8,3.08
UL,9.0,1,9.69,5.0,37.1,37.1,2.26,2.26,2.0,0.0,37.1,2.26,37.1,2.26,37.1,2.26,37.1,2.26,37.1,2.26,37.1,2.26,37.1,2.26
UL,12.0,2,12.11,10.0,12.0,18.5,1.09,1.38,1.5,0.0,12.7,1.12,13.6,1.16,15.2,1.23,16.9,1.3,17.9,1.35,18.2,1.36,18.4,1.37
UL,13.0,1,13.3,3.0,61.0,61.0,5.32,5.32,1.0,0.0,61.0,5.32,61.0,5.32,61.0,5.32,61.0,5.32,61.0,5.32,61.0,5.32,61.0,5.32
UNH,1.0,352,1.46,2.0,26.5,697.8,0.53,12.24,2.0,57.4,61.6,0.99,81.9,1.24,113.2,1.69,183.5,2.55,287.8,3.99,402.0,5.53,600.1,8.84
UNH,2.0,187,2.4,3.0,14.0,524.5,0.45,14.0,2.0,28.9,44.9,1.08,55.7,1.34,76.6,1.85,110.0,2.7,172.9,3.77,196.8,4.91,273.5,7.18
UNH,3.0,97,3.44,5.0,19.8,303.7,0.73,9.81,3.0,16.5,31.0,1.1,39.2,1.36,58.2,1.89,83.8,2.9,126.8,4.7,201.3,7.09,292.4,9.0
UNH,4.0,47,4.45,6.0,18.6,194.9,0.83,7.77,2.0,6.4,22.2,1.13,33.6,1.5,46.9,1.94,65.8,2.7,78.7,3.56,105.2,3.84,173.0,6.95
UNH,5.0,23,5.34,7.0,14.2,230.1,0.76,11.35,2.0,4.3,18.4,0.86,20.8,1.19,35.1,1.53,51.9,2.67,76.2,3.51,86.4,3.87,198.7,9.71
UNH,6.0,11,6.48,8.0,21.9,70.4,1.14,4.72,4.0,0.0,28.2,1.53,31.6,1.62,38.5,2.35,62.8,3.2,69.6,3.53,70.0,4.12,70.3,4.6
UNH,7.0,10,7.37,6.0,12.7,70.7,0.88,4.17,1.0,0.0,15.2,0.91,23.8,1.31,26.8,1.6,31.8,1.82,40.8,2.14,55.8,3.15,67.7,3.97
UNH,8.0,3,8.54,12.0,9.6,184.1,0.72,9.57,2.0,33.3,13.5,1.04,19.4,1.53,29.3,2.34,106.7,5.96,153.1,8.13,168.6,8.85,181.0,9.43
UNH,9.0,3,9.14,10.0,20.9,67.3,1.33,4.79,1.0,0.0,28.4,1.75,39.5,2.37,58.2,3.41,62.8,4.1,65.5,4.51,66.4,4.65,67.1,4.76
UNH,10.0,1,10.19,9.0,29.6,29.6,1.91,1.91,3.0,0.0,29.6,1.91,29.6,1.91,29.6,1.91,29.6,1.91,29.6,1.91,29.6,1.91,29.6,1.91
UNH,13.0,1,13.23,6.0,25.3,25.3,1.99,1.99,2.0,0.0,25.3,1.99,25.3,1.99,25.3,1.99,25.3,1.99,25.3,1.99,25.3,1.99,25.3,1.99
UNP,1.0,348,1.49,2.0,38.6,1227.1,0.65,12.36,2.0,62.6,66.3,0.98,83.2,1.25,116.8,1.76,174.2,2.53,247.8,3.6,318.3,4.79,532.4,7.27
UNP,2.0,229,2.46,3.0,20.8,411.3,0.43,8.71,2.0,25.8,40.5,1.07,56.4,1.34,74.2,1.88,101.4,2.59,150.7,3.62,199.2,4.8,336.3,7.47
UNP,3.0,97,3.49,5.0,15.8,282.8,0.48,8.04,2.0,24.7,27.9,0.95,41.2,1.42,55.1,1.83,98.4,3.29,133.6,4.69,163.7,5.2,234.2,6.65
UNP,4.0,44,4.46,6.0,17.7,174.5,0.76,7.14,2.0,13.6,21.8,1.04,27.7,1.19,48.2,1.92,72.6,3.05,113.1,4.37,123.3,4.78,156.1,6.17
UNP,5.0,26,5.31,6.0,15.3,93.8,0.96,4.26,2.0,0.0,24.8,1.16,30.3,1.43,42.8,1.93,55.5,2.74,66.6,3.12,80.5,3.73,91.5,4.18
UNP,6.0,7,6.71,9.0,16.4,99.6,1.03,5.59,3.0,0.0,18.7,1.25,21.8,1.43,34.3,1.53,41.0,2.31,65.8,3.7,82.7,4.64,96.2,5.4
UNP,7.0,6,7.43,11.0,12.7,59.6,0.97,3.98,2.5,0.0,15.9,1.11,21.5,1.41,35.4,2.23,49.2,3.37,55.5,3.8,57.6,3.89,59.2,3.96
UNP,8.0,3,8.17,17.0,29.9,44.1,2.07,2.76,4.0,0.0,30.1,2.14,30.4,2.24,31.0,2.41,37.5,2.59,41.5,2.69,42.8,2.73,43.8,2.75
UNP,9.0,1,9.52,9.0,28.5,28.5,1.88,1.88,3.0,0.0,28.5,1.88,28.5,1.88,28.5,1.88,28.5,1.88,28.5,1.88,28.5,1.88,28.5,1.88
UNP,11.0,1,11.83,15.0,25.6,25.6,1.28,1.28,3.0,0.0,25.6,1.28,25.6,1.28,25.6,1.28,25.6,1.28,25.6,1.28,25.6,1.28,25.6,1.28
UNP,12.0,1,12.48,12.0,20.8,20.8,1.25,1.25,1.0,0.0,20.8,1.25,20.8,1.25,20.8,1.25,20.8,1.25,20.8,1.25,20.8,1.25,20.8,1.25
UPS,1.0,391,1.52,2.0,27.6,772.7,0.47,13.44,2.0,58.8,60.7,0.97,80.6,1.24,110.4,1.73,171.2,2.5,246.6,3.65,311.9,4.28,579.7,8.11
UPS,2.0,202,2.41,3.0,22.5,500.0,0.6,13.01,2.0,28.2,42.4,1.03,51.9,1.28,73.0,1.78,106.0,2.51,168.4,4.46,287.2,6.66,420.5,9.7
UPS,3.0,93,3.43,4.0,18.3,357.9,0.62,13.47,2.0,26.9,30.0,1.04,36.7,1.34,63.6,2.0,103.1,3.16,156.5,5.3,205.3,6.65,278.1,8.8
UPS,4.0,45,4.38,6.0,13.9,392.0,0.65,13.76,2.0,11.1,19.6,0.92,27.3,1.2,40.1,1.48,64.4,2.57,105.5,3.83,120.7,4.92,274.0,10.37
UPS,5.0,14,5.25,8.0,20.3,109.9,1.13,5.03,2.0,7.1,23.9,1.23,33.2,1.54,36.0,1.94,45.6,2.38,68.4,3.23,85.3,4.06,105.0,4.83
UPS,6.0,8,6.66,11.0,24.5,178.8,1.45,11.13,3.5,12.5,24.6,1.51,28.3,1.6,32.8,1.76,49.8,3.33,91.5,6.1,135.2,8.62,170.1,10.63
UPS,7.0,10,7.28,5.0,22.7,88.7,1.42,4.8,4.5,0.0,25.6,1.58,30.1,1.67,38.8,2.48,48.0,3.79,79.6,4.63,84.2,4.72,87.8,4.79
UPS,8.0,2,8.5,4.5,59.9,66.4,3.8,3.89,4.5,0.0,60.5,3.81,61.5,3.82,63.2,3.84,64.8,3.87,65.8,3.88,66.1,3.88,66.3,3.89
UPS,9.0,1,9.78,16.0,28.6,28.6,1.43,1.43,1.0,0.0,28.6,1.43,28.6,1.43,28.6,1.43,28.6,1.43,28.6,1.43,28.6,1.43,28.6,1.43
UPS,10.0,1,10.62,6.0,21.3,21.3,1.56,1.56,2.0,0.0,21.3,1.56,21.3,1.56,21.3,1.56,21.3,1.56,21.3,1.56,21.3,1.56,21.3,1.56
UPS,12.0,1,12.89,7.0,9.0,9.0,0.67,0.67,1.0,0.0,9.0,0.67,9.0,0.67,9.0,0.67,9.0,0.67,9.0,0.67,9.0,0.67,9.0,0.67
UPS,23.0,1,23.39,13.0,17.5,17.5,1.55,1.55,1.0,0.0,17.5,1.55,17.5,1.55,17.5,1.55,17.5,1.55,17.5,1.55,17.5,1.55,17.5,1.55
USB,1.0,382,1.49,2.0,32.5,721.7,0.54,12.15,2.0,59.7,65.5,0.98,81.7,1.27,111.9,1.68,171.9,2.62,273.3,4.04,327.8,5.17,561.5,8.21
USB,2.0,201,2.42,3.0,23.4,688.6,0.59,15.52,2.0,33.3,44.3,1.13,56.5,1.36,83.0,2.0,114.9,2.72,158.3,3.81,196.1,4.28,413.1,8.62
USB,3.0,87,3.35,4.0,17.3,436.3,0.61,11.23,2.0,21.8,29.8,0.97,38.5,1.34,54.1,1.83,84.4,2.79,117.0,3.78,155.0,4.85,229.0,8.22
USB,4.0,51,4.44,5.0,16.6,189.7,0.9,7.23,2.0,7.8,28.7,1.08,35.0,1.49,46.9,1.84,70.9,2.76,97.0,3.87,118.8,4.63,160.4,6.1
USB,5.0,20,5.58,9.0,19.1,193.4,0.91,8.6,2.0,5.0,20.1,1.13,24.2,1.29,44.3,1.9,57.0,3.49,91.1,5.25,103.2,5.69,175.3,8.01
USB,6.0,7,6.43,8.0,11.8,63.4,0.81,3.44,2.0,0.0,24.8,1.25,34.3,1.57,41.0,2.09,46.2,2.58,53.8,2.96,58.6,3.2,62.4,3.39
USB,7.0,4,7.42,12.5,6.3,22.7,0.63,1.69,1.0,0.0,10.4,0.8,16.5,1.06,21.1,1.38,22.5,1.6,22.6,1.66,22.7,1.67,22.7,1.69
USB,8.0,4,8.6,7.0,17.8,72.6,1.16,3.29,2.5,0.0,19.5,1.23,22.2,1.33,39.0,2.33,58.9,3.28,67.1,3.29,69.9,3.29,72.1,3.29
USB,9.0,1,9.59,18.0,9.5,9.5,0.98,0.98,1.0,0.0,9.5,0.98,9.5,0.98,9.5,0.98,9.5,0.98,9.5,0.98,9.5,0.98,9.5,0.98
USB,12.0,1,12.68,19.0,38.4,38.4,2.49,2.49,10.0,0.0,38.4,2.49,38.4,2.49,38.4,2.49,38.4,2.49,38.4,2.49,38.4,2.49,38.4,2.49
V,1.0,316,1.46,2.0,26.7,960.2,0.52,12.89,2.0,60.8,55.8,0.95,79.3,1.26,115.9,1.67,161.4,2.48,246.6,3.71,319.9,4.41,495.4,7.0
V,2.0,185,2.4,4.0,17.6,380.4,0.5,8.03,2.0,33.0,37.5,0.95,50.3,1.31,80.3,1.89,109.3,2.78,176.7,4.11,211.2,4.82,305.1,7.45
V,3.0,98,3.45,4.0,21.5,416.4,0.86,12.64,2.0,25.5,31.5,1.05,38.1,1.31,59.8,1.96,98.5,3.16,139.7,4.54,169.8,5.7,249.9,8.24
V,4.0,46,4.42,5.0,16.9,254.3,0.83,10.22,2.0,13.0,22.0,0.95,25.1,1.13,37.6,1.61,56.6,2.25,124.8,4.66,141.4,5.63,227.8,8.85
V,5.0,25,5.32,8.0,18.2,172.7,0.92,9.68,3.0,4.0,21.3,1.02,26.5,1.45,47.4,2.11,65.5,3.17,89.2,3.8,93.3,5.13,153.8,8.66
V,6.0,8,6.6,8.0,27.6,68.9,1.42,3.52,3.0,0.0,27.7,1.58,31.6,1.67,33.5,2.02,43.8,3.02,59.2,3.43,64.1,3.48,67.9,3.52
V,7.0,3,7.58,13.0,33.4,48.3,2.1,2.53,4.0,0.0,34.1,2.11,35.2,2.12,37.0,2.13,42.6,2.33,46.0,2.45,47.2,2.49,48.1,2.52
V,9.0,2,9.24,12.0,10.5,13.8,0.73,0.91,1.5,0.0,10.8,0.75,11.3,0.78,12.2,0.82,13.0,0.87,13.5,0.89,13.6,0.9,13.8,0.91
V,10.0,1,10.51,13.0,25.3,25.3,2.33,2.33,1.0,0.0,25.3,2.33,25.3,2.33,25.3,2.33,25.3,2.33,25.3,2.33,25.3,2.33,25.3,2.33
V,11.0,2,11.45,9.0,18.3,48.0,1.15,3.93,3.0,0.0,21.3,1.43,25.7,1.85,33.1,2.54,40.6,3.23,45.0,3.65,46.5,3.79,47.7,3.9
VLO,1.0,364,1.46,2.0,32.8,753.9,0.57,10.42,2.0,66.5,63.9,1.02,88.8,1.29,125.5,1.86,186.0,2.68,261.0,3.77,316.8,4.68,563.9,8.42
VLO,2.0,212,2.45,3.0,23.7,573.0,0.61,11.4,2.0,31.6,40.1,1.06,53.9,1.33,74.2,1.85,112.9,2.65,164.2,4.06,211.5,4.76,279.8,6.3
VLO,3.0,96,3.47,5.0,20.4,162.1,0.74,6.32,2.0,19.8,31.2,1.12,40.1,1.41,56.0,1.82,79.9,2.56,125.8,3.87,137.7,5.14,158.9,5.87
VLO,4.0,40,4.39,6.0,15.9,186.7,0.71,7.75,2.0,17.5,24.6,0.97,30.4,1.25,42.6,1.82,77.8,2.99,126.1,5.71,153.9,6.25,175.5,7.43
VLO,5.0,29,5.39,7.0,16.9,109.1,0.84,4.99,2.0,3.4,23.4,1.31,40.1,1.9,47.6,2.4,63.0,2.88,81.1,4.03,94.6,4.46,105.5,4.9
VLO,6.0,14,6.53,8.0,12.7,79.0,0.84,3.87,2.0,0.0,16.6,1.05,23.2,1.44,31.8,1.74,40.5,2.39,64.7,3.38,73.8,3.76,78.0,3.84
VLO,7.0,5,7.33,8.0,13.1,57.2,0.96,2.98,2.0,0.0,16.1,1.11,20.6,1.34,22.6,1.55,30.2,1.62,46.4,2.44,51.8,2.71,56.1,2.93
VLO,8.0,2,8.74,11.0,23.3,34.8,1.55,2.08,2.5,0.0,24.4,1.61,26.2,1.69,29.0,1.82,31.9,1.95,33.6,2.03,34.2,2.06,34.7,2.08
VLO,9.0,1,9.27,7.0,13.7,13.7,0.82,0.82,2.0,0.0,13.7,0.82,13.7,0.82,13.7,0.82,13.7,0.82,13.7,0.82,13.7,0.82,13.7,0.82
VLO,10.0,2,10.65,12.5,26.3,27.7,1.94,2.49,2.0,0.0,26.4,2.0,26.6,2.08,27.0,2.21,27.4,2.35,27.6,2.43,27.6,2.46,27.7,2.48
VNA.DE,1.0,222,1.46,2.0,29.1,662.4,0.41,7.52,2.0,63.1,60.5,0.89,84.8,1.22,121.8,1.76,186.5,2.72,312.6,3.86,349.3,5.32,437.2,6.94
VNA.DE,2.0,129,2.47,3.0,29.9,372.7,0.7,7.34,2.0,34.1,38.2,1.02,55.9,1.5,82.3,1.9,113.1,2.94,192.3,4.37,223.9,5.07,283.4,6.71
VNA.DE,3.0,66,3.35,4.0,19.0,206.7,0.66,7.11,3.0,31.8,33.5,1.26,45.6,1.61,70.8,2.39,111.8,3.75,153.6,4.78,166.1,5.53,190.8,6.14
VNA.DE,4.0,37,4.54,6.0,20.6,316.7,0.89,11.24,2.0,10.8,27.1,1.24,33.7,1.4,47.5,1.96,83.3,3.22,100.0,4.28,119.8,4.5,247.9,8.86
VNA.DE,5.0,11,5.57,8.0,19.4,69.6,1.0,3.17,3.0,0.0,20.8,1.16,37.0,1.76,46.3,2.3,55.6,2.77,62.1,3.08,65.8,3.12,68.8,3.16
VNA.DE,6.0,13,6.45,7.0,19.9,78.3,1.15,3.87,3.0,0.0,24.3,1.23,28.6,1.6,41.2,2.16,60.0,2.96,62.6,3.58,69.2,3.75,76.5,3.84
VNA.DE,7.0,3,7.01,8.0,26.5,41.4,1.78,2.8,2.0,0.0,29.1,1.87,33.0,2.0,39.4,2.21,40.4,2.51,41.0,2.68,41.2,2.74,41.4,2.79
VNA.DE,8.0,1,8.59,5.0,24.7,24.7,1.36,1.36,1.0,0.0,24.7,1.36,24.7,1.36,24.7,1.36,24.7,1.36,24.7,1.36,24.7,1.36,24.7,1.36
VNA.DE,9.0,1,9.41,8.0,33.9,33.9,2.56,2.56,3.0,0.0,33.9,2.56,33.9,2.56,33.9,2.56,33.9,2.56,33.9,2.56,33.9,2.56,33.9,2.56
VNA.DE,10.0,1,10.31,14.0,91.9,91.9,5.7,5.7,6.0,0.0,91.9,5.7,91.9,5.7,91.9,5.7,91.9,5.7,91.9,5.7,91.9,5.7,91.9,5.7
VOW3.DE,1.0,337,1.54,2.0,29.8,1298.1,0.55,18.25,2.0,64.4,61.0,1.0,87.0,1.32,118.2,1.84,185.1,2.74,290.7,4.2,380.2,5.37,534.7,6.72
VOW3.DE,2.0,191,2.45,3.0,25.7,351.9,0.69,7.67,2.0,36.6,43.6,1.12,58.4,1.41,79.5,1.96,122.2,2.9,170.8,4.13,194.5,4.64,232.2,5.61
VOW3.DE,3.0,86,3.53,4.0,20.3,351.6,0.6,11.65,2.0,12.8,33.6,1.08,41.2,1.46,56.1,2.05,86.6,2.97,105.5,3.5,120.7,4.02,269.9,8.76
VOW3.DE,4.0,40,4.33,5.0,13.8,223.7,0.58,7.07,2.0,7.5,25.2,1.2,33.4,1.52,58.5,2.25,75.8,3.13,91.8,3.81,115.7,4.16,190.9,6.44
VOW3.DE,5.0,25,5.36,7.0,16.8,159.7,0.83,6.09,2.0,8.0,20.2,1.02,27.0,1.38,41.5,2.56,60.8,3.21,86.1,4.13,117.9,4.7,151.5,5.78
VOW3.DE,6.0,12,6.48,9.0,11.9,61.5,0.7,3.44,1.5,0.0,24.7,1.29,27.9,1.57,43.4,2.37,46.9,2.55,47.2,2.72,53.6,3.05,59.9,3.36
VOW3.DE,7.0,10,7.27,6.0,25.1,158.5,1.55,7.8,2.5,20.0,26.5,1.62,31.4,1.93,45.5,3.2,62.0,3.54,113.0,5.13,135.7,6.46,153.9,7.53
VOW3.DE,8.0,7,8.36,10.0,17.2,82.6,1.2,6.2,4.0,0.0,18.6,1.35,26.5,1.74,33.9,2.31,46.3,3.32,65.3,4.54,74.0,5.37,80.9,6.03
VOW3.DE,9.0,3,9.63,14.0,21.0,49.2,1.46,2.84,3.0,0.0,23.0,1.64,26.0,1.91,31.0,2.37,40.1,2.6,45.6,2.75,47.4,2.8,48.8,2.83
VOW3.DE,10.0,2,10.39,8.5,25.7,67.2,1.63,3.92,17.5,0.0,29.9,1.86,36.1,2.2,46.5,2.77,56.8,3.34,63.1,3.69,65.1,3.8,66.8,3.89
VOW3.DE,12.0,1,12.09,10.0,29.3,29.3,2.25,2.25,1.0,0.0,29.3,2.25,29.3,2.25,29.3,2.25,29.3,2.25,29.3,2.25,29.3,2.25,29.3,2.25
VOW3.DE,16.0,1,16.4,12.0,45.7,45.7,4.12,4.12,9.0,0.0,45.7,4.12,45.7,4.12,45.7,4.12,45.7,4.12,45.7,4.12,45.7,4.12,45.7,4.12
VRSK,1.0,277,1.48,2.0,32.6,1019.3,0.62,14.62,2.0,59.6,62.4,1.02,81.8,1.22,118.6,1.71,174.0,2.51,250.2,3.65,350.3,5.28,662.2,10.11
VRSK,2.0,184,2.45,3.0,26.3,496.4,0.54,10.61,2.0,28.8,41.7,1.1,52.2,1.32,74.1,1.87,104.2,2.56,156.2,3.65,206.8,5.15,333.8,8.13
VRSK,3.0,72,3.41,4.0,13.4,193.6,0.81,6.3,3.0,16.7,29.9,1.06,37.6,1.44,57.1,1.83,75.8,2.74,120.6,3.71,169.5,5.25,192.0,6.08
VRSK,4.0,25,4.32,7.0,17.1,207.2,0.67,6.68,2.0,20.0,27.6,1.21,35.2,1.59,43.1,2.01,67.8,2.79,111.7,4.82,161.1,5.89,198.9,6.55
VRSK,5.0,19,5.51,8.0,14.9,161.8,0.8,10.14,1.0,21.1,17.7,0.92,25.1,1.29,45.1,2.14,88.0,3.85,122.2,5.55,136.1,6.14,156.7,9.34
VRSK,6.0,7,6.32,7.0,24.4,152.5,1.34,7.67,3.0,14.3,24.7,1.48,26.2,1.59,36.0,1.69,37.2,2.25,83.6,4.48,118.0,6.07,145.6,7.35
VRSK,7.0,8,7.23,7.0,13.0,82.5,0.86,4.7,2.5,0.0,13.4,0.93,20.4,1.63,38.9,2.03,46.0,2.44,62.8,3.38,72.7,4.04,80.5,4.57
VRSK,8.0,4,8.71,10.5,21.2,70.0,1.31,4.14,3.5,0.0,21.8,1.43,22.7,1.61,45.4,2.67,68.2,3.75,69.3,3.98,69.6,4.06,69.9,4.12
VRSK,9.0,2,9.67,6.5,12.9,15.3,0.78,0.98,1.5,0.0,13.1,0.8,13.5,0.83,14.1,0.88,14.7,0.93,15.1,0.96,15.2,0.97,15.3,0.98
VRSK,10.0,1,10.21,26.0,41.3,41.3,3.52,3.52,4.0,0.0,41.3,3.52,41.3,3.52,41.3,3.52,41.3,3.52,41.3,3.52,41.3,3.52,41.3,3.52
VRSK,12.0,1,12.71,9.0,36.5,36.5,2.34,2.34,4.0,0.0,36.5,2.34,36.5,2.34,36.5,2.34,36.5,2.34,36.5,2.34,36.5,2.34,36.5,2.34
VRTX,1.0,347,1.51,2.0,30.4,892.6,0.54,12.44,2.0,64.0,65.6,1.06,88.9,1.32,122.1,1.76,170.8,2.6,245.5,3.81,341.2,5.52,636.1,9.1
VRTX,2.0,174,2.4,3.0,23.0,558.3,0.66,11.85,2.0,29.9,38.2,1.02,54.1,1.3,79.3,1.96,107.7,2.72,178.5,3.98,202.4,5.37,365.3,8.76
VRTX,3.0,92,3.38,5.0,19.4,241.1,0.62,7.22,3.0,20.7,27.9,1.08,41.3,1.49,56.8,1.91,96.0,3.03,138.2,4.39,183.7,5.26,238.6,6.75
VRTX,4.0,33,4.41,5.0,20.7,148.4,0.94,5.37,3.0,12.1,25.6,1.16,39.6,1.59,50.4,2.14,70.3,3.07,100.1,3.66,122.0,4.24,148.3,5.22
VRTX,5.0,20,5.72,7.0,15.0,132.0,0.71,6.08,2.5,5.0,19.8,1.01,31.5,1.21,44.2,2.0,64.3,3.32,76.4,3.86,90.3,4.6,123.7,5.78
VRTX,6.0,13,6.34,4.0,16.5,131.8,0.75,6.45,2.0,7.7,16.6,0.83,25.5,1.3,37.3,1.84,49.5,2.44,60.2,2.81,89.7,4.28,123.4,6.01
VRTX,7.0,6,7.22,8.5,12.8,78.0,0.72,4.7,2.5,0.0,15.2,0.86,21.7,1.25,37.2,2.26,63.6,3.42,74.6,4.21,76.3,4.45,77.7,4.65
VRTX,8.0,2,8.57,8.0,13.4,35.5,0.78,1.84,3.0,0.0,15.6,0.89,18.9,1.05,24.4,1.31,30.0,1.58,33.3,1.74,34.4,1.79,35.3,1.83
VRTX,9.0,2,9.32,14.5,37.0,64.2,2.84,4.16,6.5,0.0,39.7,2.97,43.8,3.17,50.6,3.5,57.4,3.83,61.5,4.03,62.8,4.09,63.9,4.15
VRTX,10.0,3,10.6,6.0,27.1,59.4,1.76,4.0,2.0,0.0,27.3,1.78,27.5,1.8,27.9,1.85,43.6,2.92,53.1,3.57,56.2,3.79,58.8,3.96
VRTX,11.0,1,11.27,12.0,32.4,32.4,2.08,2.08,7.0,0.0,32.4,2.08,32.4,2.08,32.4,2.08,32.4,2.08,32.4,2.08,32.4,2.08,32.4,2.08
VRTX,15.0,1,15.85,9.0,22.0,22.0,1.5,1.5,2.0,0.0,22.0,1.5,22.0,1.5,22.0,1.5,22.0,1.5,22.0,1.5,22.0,1.5,22.0,1.5
VRTX,16.0,2,16.44,6.0,30.0,58.5,2.42,4.19,4.0,0.0,32.9,2.6,37.1,2.86,44.2,3.3,51.4,3.75,55.6,4.01,57.1,4.1,58.2,4.17
VRTX,19.0,1,19.37,2.0,32.4,32.4,2.61,2.61,6.0,0.0,32.4,2.61,32.4,2.61,32.4,2.61,32.4,2.61,32.4,2.61,32.4,2.61,32.4,2.61
VRTX,22.0,1,22.77,18.0,21.1,21.1,1.72,1.72,3.0,0.0,21.1,1.72,21.1,1.72,21.1,1.72,21.1,1.72,21.1,1.72,21.1,1.72,21.1,1.72
VZ,1.0,364,1.46,2.0,33.5,752.8,0.44,8.98,2.0,59.9,62.8,0.98,80.5,1.23,116.0,1.66,166.7,2.58,282.6,3.93,379.2,5.59,514.3,7.17
VZ,2.0,201,2.44,3.0,17.1,434.9,0.52,11.25,2.0,34.8,39.8,1.03,57.5,1.38,76.3,1.89,118.4,2.98,179.4,4.23,221.2,5.08,284.7,6.76
VZ,3.0,90,3.42,5.0,17.8,209.9,0.64,6.42,2.0,18.9,29.3,0.93,37.1,1.25,50.3,1.72,84.1,2.67,130.4,4.44,153.1,5.42,198.6,6.15
VZ,4.0,44,4.47,6.0,15.3,141.9,0.9,5.7,2.0,6.8,25.7,1.2,36.3,1.56,52.5,2.17,71.1,2.88,86.0,3.73,104.1,4.41,128.7,5.24
VZ,5.0,19,5.38,6.0,23.6,159.6,1.19,7.8,3.0,21.1,25.5,1.35,40.0,1.84,62.7,2.93,91.9,4.15,128.2,5.92,145.3,6.89,156.7,7.62
VZ,6.0,9,6.45,11.0,14.9,129.3,1.0,5.77,3.0,11.1,16.3,1.11,20.4,1.28,34.0,1.93,59.4,2.85,83.8,5.22,106.5,5.5,124.7,5.72
VZ,7.0,9,7.32,10.0,10.9,61.1,0.66,4.31,1.0,0.0,17.7,1.06,19.6,1.27,24.9,1.53,36.4,2.19,56.8,4.02,58.9,4.16,60.7,4.28
VZ,8.0,1,8.71,8.0,22.1,22.1,1.41,1.41,2.0,0.0,22.1,1.41,22.1,1.41,22.1,1.41,22.1,1.41,22.1,1.41,22.1,1.41,22.1,1.41
VZ,10.0,2,10.36,14.5,14.0,25.5,1.04,2.24,2.0,0.0,15.2,1.16,16.9,1.34,19.8,1.64,22.6,1.94,24.4,2.12,24.9,2.18,25.4,2.23
VZ,14.0,2,14.32,8.0,21.0,26.9,1.59,1.93,1.5,0.0,21.6,1.62,22.5,1.67,23.9,1.76,25.4,1.84,26.3,1.89,26.6,1.91,26.8,1.92
WBD,1.0,328,1.49,2.0,30.3,664.5,0.51,12.23,2.0,66.5,62.5,0.98,85.7,1.4,129.0,1.9,188.2,2.75,287.7,4.06,359.4,5.11,528.8,7.69
WBD,2.0,206,2.4,3.0,19.9,327.0,0.58,7.75,2.0,38.3,36.5,0.93,53.5,1.29,81.5,1.94,119.9,2.88,174.8,4.18,208.8,4.7,292.8,6.38
WBD,3.0,90,3.39,4.0,17.1,199.0,0.61,5.83,2.0,25.6,38.9,1.33,50.8,1.58,65.2,2.18,100.3,3.29,128.6,4.31,156.1,4.95,188.3,5.38
WBD,4.0,41,4.43,6.0,15.8,209.4,0.7,8.1,3.0,17.1,21.0,0.99,32.7,1.45,54.2,2.13,83.5,3.27,140.3,5.58,169.3,6.12,202.5,7.62
WBD,5.0,23,5.6,8.0,14.0,169.7,0.83,7.2,2.0,17.4,18.1,1.03,27.0,1.26,35.2,1.89,48.2,2.34,107.6,4.86,110.8,5.76,156.8,6.89
WBD,6.0,11,6.59,8.0,11.4,83.0,0.59,4.62,2.0,0.0,17.5,1.23,33.1,1.99,39.1,2.38,50.6,3.0,73.5,3.49,78.2,4.06,82.0,4.51
WBD,7.0,6,7.65,9.5,31.6,100.3,1.86,5.92,3.0,16.7,33.1,2.09,36.0,2.33,40.5,2.58,66.5,4.47,87.7,5.47,94.0,5.7,99.0,5.88
WBD,8.0,3,8.6,11.0,11.8,33.2,0.83,1.87,1.0,0.0,13.7,0.98,16.5,1.21,21.1,1.58,27.2,1.73,30.8,1.81,32.0,1.84,33.0,1.87
WBD,9.0,1,9.44,12.0,36.6,36.6,2.08,2.08,3.0,0.0,36.6,2.08,36.6,2.08,36.6,2.08,36.6,2.08,36.6,2.08,36.6,2.08,36.6,2.08
WBD,10.0,3,10.76,9.0,13.2,69.9,1.29,4.88,3.0,0.0,16.1,1.45,20.4,1.69,27.6,2.09,48.8,3.48,61.4,4.32,65.7,4.6,69.1,4.82
WBD,11.0,1,11.22,16.0,12.6,12.6,1.02,1.02,2.0,0.0,12.6,1.02,12.6,1.02,12.6,1.02,12.6,1.02,12.6,1.02,12.6,1.02,12.6,1.02
WBD,21.0,1,21.22,9.0,24.3,24.3,2.06,2.06,2.0,0.0,24.3,2.06,24.3,2.06,24.3,2.06,24.3,2.06,24.3,2.06,24.3,2.06,24.3,2.06
WDAY,1.0,250,1.47,2.0,32.2,648.0,0.59,10.35,2.0,63.6,61.3,0.96,81.3,1.27,124.0,1.83,179.7,2.7,234.3,3.63,345.5,5.12,570.8,8.38
WDAY,2.0,136,2.35,3.0,24.5,451.6,0.66,10.09,2.0,35.3,41.6,1.07,54.0,1.29,80.9,1.94,129.3,2.97,202.4,4.84,232.8,5.47,322.5,6.83
WDAY,3.0,68,3.45,4.0,14.6,332.8,0.5,13.38,2.0,11.8,29.6,1.06,40.6,1.37,56.5,1.86,80.2,2.61,107.9,3.5,123.7,4.08,230.2,7.86
WDAY,4.0,30,4.3,5.5,19.5,173.8,0.89,7.86,2.0,13.3,28.4,1.32,41.1,1.8,57.8,2.42,77.3,3.17,102.4,5.57,129.8,5.85,165.9,7.29
WDAY,5.0,13,5.36,7.0,19.9,146.1,0.93,9.33,2.0,7.7,23.5,1.26,27.8,1.34,40.7,1.95,47.2,2.21,54.8,2.59,92.3,5.32,135.3,8.53
WDAY,6.0,6,6.41,10.0,18.1,51.5,1.0,2.94,1.0,0.0,20.1,1.12,22.6,1.29,32.7,1.91,43.9,2.4,48.1,2.67,49.8,2.81,51.2,2.92
WDAY,7.0,4,7.75,7.0,23.5,73.9,1.41,3.59,3.0,0.0,24.1,1.45,25.1,1.5,26.1,1.71,38.5,2.32,59.7,3.09,66.8,3.34,72.5,3.54
WDAY,8.0,4,8.69,12.0,11.5,68.0,1.0,3.84,2.5,0.0,16.2,1.23,23.2,1.58,37.8,2.6,53.3,3.53,62.1,3.72,65.1,3.78,67.4,3.83
WDAY,9.0,1,9.87,17.0,55.7,55.7,4.58,4.58,7.0,0.0,55.7,4.58,55.7,4.58,55.7,4.58,55.7,4.58,55.7,4.58,55.7,4.58,55.7,4.58
WDAY,10.0,1,10.99,3.0,79.7,79.7,5.59,5.59,9.0,0.0,79.7,5.59,79.7,5.59,79.7,5.59,79.7,5.59,79.7,5.59,79.7,5.59,79.7,5.59
WDAY,12.0,1,12.63,12.0,12.9,12.9,0.94,0.94,1.0,0.0,12.9,0.94,12.9,0.94,12.9,0.94,12.9,0.94,12.9,0.94,12.9,0.94,12.9,0.94
WDC,1.0,338,1.5,2.0,29.1,846.4,0.59,11.09,2.0,61.8,59.7,0.97,81.8,1.28,117.2,1.77,175.9,2.58,269.8,3.8,324.6,4.71,567.8,7.7
WDC,2.0,189,2.42,3.0,23.9,428.1,0.57,10.17,2.0,33.9,40.6,1.08,56.5,1.35,78.4,1.84,118.5,2.92,176.2,4.11,219.1,5.46,346.1,8.02
WDC,3.0,117,3.39,4.0,16.9,286.3,0.68,8.68,2.0,22.2,33.1,1.15,43.8,1.47,62.3,1.97,91.3,2.85,127.5,4.08,139.9,5.14,255.4,7.93
WDC,4.0,47,4.46,5.0,21.5,169.0,0.97,7.84,3.0,12.8,29.7,1.27,44.6,1.82,56.9,2.33,82.9,3.23,118.6,4.83,155.0,6.61,165.0,7.49
WDC,5.0,20,5.48,6.0,12.8,201.6,0.73,9.32,2.0,10.0,23.4,1.33,31.3,1.6,38.0,1.81,67.1,3.05,84.6,3.72,108.5,5.25,183.0,8.51
WDC,6.0,8,6.5,8.5,13.7,79.2,0.9,3.83,2.0,0.0,14.2,1.0,18.8,1.25,30.8,1.54,37.5,2.13,57.4,3.18,68.3,3.51,77.0,3.77
WDC,7.0,12,7.35,6.5,8.8,75.0,0.69,4.04,4.0,0.0,13.5,1.39,29.2,1.91,42.2,2.52,55.5,3.01,62.6,3.47,68.5,3.75,73.7,3.98
WDC,8.0,3,8.08,9.0,26.4,69.9,1.59,3.94,6.0,0.0,33.2,1.87,43.3,2.3,60.3,3.0,65.1,3.47,68.0,3.75,68.9,3.85,69.7,3.92
WDC,9.0,3,9.48,10.0,39.0,77.6,3.29,5.43,3.0,0.0,43.0,3.35,48.9,3.45,58.8,3.61,68.2,4.52,73.8,5.07,75.7,5.25,77.2,5.39
WDC,10.0,3,10.49,13.0,15.4,28.8,1.38,2.08,1.0,0.0,16.1,1.42,17.1,1.47,18.8,1.56,23.8,1.82,26.8,1.97,27.8,2.03,28.6,2.07
WDC,12.0,1,12.52,10.0,16.3,16.3,1.39,1.39,1.0,0.0,16.3,1.39,16.3,1.39,16.3,1.39,16.3,1.39,16.3,1.39,16.3,1.39,16.3,1.39
WDC,13.0,1,13.61,16.0,8.5,8.5,0.68,0.68,1.0,0.0,8.5,0.68,8.5,0.68,8.5,0.68,8.5,0.68,8.5,0.68,8.5,0.68,8.5,0.68
WELL,1.0,328,1.47,2.0,29.2,760.9,0.55,11.3,2.0,60.7,60.1,0.91,79.5,1.23,118.0,1.71,170.2,2.46,270.6,3.82,351.4,5.33,471.8,6.71
WELL,2.0,211,2.4,3.0,23.9,386.8,0.7,7.19,2.0,32.7,42.5,1.08,55.0,1.38,74.7,1.84,117.5,2.79,160.3,4.13,193.4,4.96,274.8,6.18
WELL,3.0,83,3.4,6.0,15.4,511.2,0.53,14.36,2.0,14.5,32.4,1.12,39.2,1.34,54.9,1.84,73.9,2.59,107.7,3.99,180.7,4.81,349.6,11.89
WELL,4.0,51,4.43,6.0,14.3,268.8,0.58,10.88,2.0,11.8,32.3,1.33,38.8,1.66,48.9,2.18,69.8,2.9,101.1,4.58,121.8,5.89,210.5,8.94
WELL,5.0,21,5.41,10.0,26.0,111.2,1.3,6.57,2.0,9.5,26.4,1.36,32.3,1.69,39.0,2.37,59.6,2.69,89.8,4.57,105.0,5.92,110.0,6.44
WELL,6.0,7,6.09,11.0,17.0,45.8,0.85,2.26,3.0,0.0,19.1,1.09,22.4,1.48,25.4,1.74,33.6,1.99,39.4,2.24,42.6,2.25,45.2,2.26
WELL,7.0,6,7.24,11.5,13.0,205.1,0.95,11.41,2.0,16.7,19.1,1.16,26.2,1.46,31.1,1.83,53.9,2.92,132.9,7.33,169.0,9.37,197.9,11.0
WELL,8.0,3,8.3,6.0,34.6,65.3,1.93,3.57,6.0,0.0,35.1,1.99,36.0,2.09,37.3,2.25,51.3,2.91,59.7,3.31,62.5,3.44,64.7,3.54
WELL,9.0,2,9.16,10.0,27.9,56.7,1.94,3.66,2.0,0.0,30.8,2.11,35.1,2.37,42.3,2.8,49.5,3.23,53.8,3.49,55.3,3.58,56.4,3.65
WELL,12.0,1,12.23,19.0,32.8,32.8,2.87,2.87,3.0,0.0,32.8,2.87,32.8,2.87,32.8,2.87,32.8,2.87,32.8,2.87,32.8,2.87,32.8,2.87
WELL,14.0,1,14.36,36.0,7.3,7.3,0.91,0.91,1.0,0.0,7.3,0.91,7.3,0.91,7.3,0.91,7.3,0.91,7.3,0.91,7.3,0.91,7.3,0.91
WFC,1.0,380,1.43,2.0,31.7,1150.7,0.43,13.55,2.0,66.1,63.6,0.99,87.6,1.25,121.5,1.76,174.2,2.7,268.8,3.84,342.9,4.74,503.4,8.85
WFC,2.0,213,2.38,3.0,21.2,655.9,0.52,16.57,2.0,36.2,41.3,1.03,52.1,1.34,79.5,1.83,122.3,2.89,193.6,4.27,221.5,5.49,330.7,8.76
WFC,3.0,102,3.4,5.0,16.6,198.5,0.59,6.14,2.0,17.6,32.2,1.16,42.1,1.45,59.5,1.99,81.8,2.55,114.1,3.42,123.3,4.14,158.6,5.91
WFC,4.0,43,4.41,5.0,18.6,121.9,0.9,4.63,2.0,2.3,23.5,1.22,35.8,1.36,45.6,1.82,61.0,2.69,78.9,3.09,83.6,3.61,105.9,4.26
WFC,5.0,19,5.46,6.0,14.1,94.0,0.73,4.77,2.0,0.0,21.4,1.1,25.1,1.4,36.0,1.78,54.3,2.3,67.0,3.06,71.2,3.81,89.4,4.58
WFC,6.0,8,6.12,8.0,16.0,213.6,0.81,10.1,2.5,12.5,16.4,0.9,19.8,0.95,34.9,1.84,61.9,3.1,125.3,6.12,169.5,8.11,204.8,9.71
WFC,7.0,6,7.41,12.0,9.6,51.2,0.78,2.83,1.5,0.0,12.8,0.89,18.0,1.19,30.5,1.84,47.2,2.29,51.0,2.63,51.1,2.73,51.2,2.81
WFC,8.0,1,8.93,8.0,38.5,38.5,2.33,2.33,11.0,0.0,38.5,2.33,38.5,2.33,38.5,2.33,38.5,2.33,38.5,2.33,38.5,2.33,38.5,2.33
WFC,9.0,5,9.54,10.0,11.5,80.2,1.07,5.45,3.0,0.0,15.3,1.2,21.0,1.4,40.4,2.53,69.7,3.7,76.0,4.75,78.1,5.1,79.8,5.38
WFC,15.0,1,15.12,6.0,32.4,32.4,2.41,2.41,3.0,0.0,32.4,2.41,32.4,2.41,32.4,2.41,32.4,2.41,32.4,2.41,32.4,2.41,32.4,2.41
WMT,1.0,359,1.48,2.0,40.0,904.2,0.53,11.56,2.0,59.9,64.8,1.0,82.0,1.27,114.9,1.83,176.6,2.56,255.2,3.77,355.8,5.57,669.2,7.74
WMT,2.0,196,2.45,3.0,27.2,393.5,0.69,10.19,2.0,29.1,42.5,1.09,57.0,1.4,76.1,1.83,105.0,2.44,165.1,3.75,205.5,4.53,284.5,6.34
WMT,3.0,90,3.41,5.0,24.1,255.5,0.74,10.06,2.0,17.8,33.7,1.19,42.4,1.51,56.9,1.91,81.4,2.73,135.4,4.01,180.5,5.47,241.3,8.58
WMT,4.0,40,4.42,6.0,13.3,140.6,0.61,6.11,3.0,7.5,28.8,1.04,40.4,1.7,50.7,2.1,80.2,3.01,90.0,3.6,101.1,3.9,125.7,5.44
WMT,5.0,29,5.39,7.0,10.0,115.0,0.45,5.91,2.0,10.3,16.4,0.91,24.5,1.24,34.5,1.73,64.3,2.59,87.2,3.97,109.2,4.06,113.7,5.4
WMT,6.0,9,6.46,9.0,15.1,59.5,0.73,3.68,1.0,0.0,15.4,0.79,17.5,0.83,25.4,1.47,33.4,1.72,42.3,2.38,50.9,3.03,57.8,3.55
WMT,7.0,7,7.16,12.0,27.1,108.5,1.44,4.15,2.0,14.3,33.9,1.86,39.5,2.21,52.5,3.11,58.0,3.37,80.5,3.76,94.5,3.96,105.7,4.11
WMT,8.0,5,8.28,6.0,18.0,73.8,1.03,4.45,1.0,0.0,18.0,1.22,18.1,1.51,40.9,2.02,41.7,2.21,61.0,3.56,67.4,4.01,72.5,4.36
WMT,9.0,3,9.63,12.0,22.2,118.3,1.36,7.99,5.0,33.3,22.4,1.44,22.8,1.57,23.4,1.79,70.8,4.89,99.3,6.75,108.8,7.37,116.4,7.86
WMT,10.0,1,10.71,4.0,51.2,51.2,3.34,3.34,7.0,0.0,51.2,3.34,51.2,3.34,51.2,3.34,51.2,3.34,51.2,3.34,51.2,3.34,51.2,3.34
WMT,11.0,2,11.4,17.5,18.4,45.6,1.71,3.56,4.0,0.0,21.1,1.9,25.2,2.17,32.0,2.64,38.8,3.1,42.9,3.38,44.2,3.47,45.3,3.55
XEL,1.0,353,1.49,2.0,30.9,894.6,0.55,13.42,2.0,58.4,64.7,1.0,81.2,1.27,108.3,1.61,159.7,2.37,251.5,3.52,292.5,4.67,453.6,6.32
XEL,2.0,207,2.35,3.0,26.8,558.5,0.6,12.93,2.0,37.7,42.8,1.12,57.9,1.41,82.6,2.01,122.1,2.85,170.4,3.99,219.6,4.74,340.8,7.19
XEL,3.0,111,3.36,5.0,18.0,381.8,0.67,11.09,2.0,16.2,32.3,1.09,41.8,1.39,61.1,2.07,87.0,2.88,112.2,3.87,140.3,4.5,339.5,9.86
XEL,4.0,45,4.31,7.0,19.8,149.8,0.75,6.6,2.0,6.7,24.6,1.2,30.1,1.48,42.5,1.94,70.8,2.83,85.7,3.3,123.2,4.77,145.5,6.38
XEL,5.0,15,5.16,8.0,21.5,126.1,1.25,4.78,1.0,6.7,26.3,1.35,30.7,1.56,38.3,1.69,53.2,2.41,80.1,3.28,102.1,3.87,121.3,4.6
XEL,6.0,8,6.64,8.5,18.5,67.7,1.23,3.16,1.5,0.0,22.2,1.25,24.2,1.44,33.8,2.1,51.3,2.43,58.5,3.06,63.1,3.11,66.8,3.15
XEL,7.0,2,7.54,8.5,30.0,54.4,2.07,2.5,1.5,0.0,32.4,2.12,36.1,2.18,42.2,2.29,48.3,2.4,52.0,2.46,53.2,2.48,54.2,2.5
XEL,8.0,2,8.85,10.5,20.6,38.8,1.24,2.73,1.5,0.0,22.4,1.39,25.1,1.61,29.7,1.98,34.2,2.35,37.0,2.58,37.9,2.65,38.6,2.71
XEL,10.0,1,10.73,18.0,16.3,16.3,1.51,1.51,5.0,0.0,16.3,1.51,16.3,1.51,16.3,1.51,16.3,1.51,16.3,1.51,16.3,1.51,16.3,1.51
XOM,1.0,380,1.46,2.0,30.5,828.1,0.52,10.1,2.0,58.7,64.8,1.0,84.7,1.23,114.3,1.63,169.6,2.42,245.4,3.85,295.6,4.73,510.3,7.46
XOM,2.0,247,2.4,3.0,20.0,751.7,0.53,15.22,2.0,30.8,38.8,0.97,50.0,1.26,74.4,1.8,109.5,2.54,166.0,4.01,209.2,5.35,345.3,7.36
XOM,3.0,95,3.35,4.0,16.8,428.4,0.77,16.52,2.0,20.0,29.7,1.01,40.7,1.32,58.0,1.91,91.4,2.87,121.4,3.84,136.1,4.33,230.1,7.85
XOM,4.0,43,4.45,6.0,16.7,147.6,0.67,7.11,2.0,11.6,20.0,1.02,29.6,1.28,44.1,1.78,58.6,2.35,107.4,4.28,127.1,5.22,140.4,6.4
XOM,5.0,19,5.34,7.0,13.7,118.9,0.68,5.89,2.0,10.5,27.1,1.13,38.3,1.94,48.2,2.47,61.1,2.77,79.2,4.59,115.2,5.02,118.2,5.71
XOM,6.0,11,6.54,9.0,14.5,96.5,0.85,5.74,2.0,0.0,16.3,1.04,20.5,1.28,33.8,2.02,51.2,2.94,64.1,3.41,80.3,4.58,93.3,5.51
XOM,7.0,1,7.73,17.0,34.6,34.6,2.27,2.27,1.0,0.0,34.6,2.27,34.6,2.27,34.6,2.27,34.6,2.27,34.6,2.27,34.6,2.27,34.6,2.27
XOM,8.0,3,8.67,11.0,22.8,60.8,1.73,3.61,1.0,0.0,25.7,1.92,30.1,2.21,37.5,2.69,49.1,3.15,56.1,3.42,58.5,3.52,60.3,3.59
ZAL.DE,1.0,168,1.45,1.5,34.9,637.2,0.59,9.62,2.0,64.3,63.5,0.96,87.2,1.25,119.4,1.78,184.0,2.68,278.4,4.46,367.5,5.71,588.8,7.45
ZAL.DE,2.0,115,2.42,3.0,16.4,406.2,0.67,11.13,2.0,40.0,38.4,1.06,54.6,1.42,87.2,2.14,119.7,2.98,186.8,4.71,218.5,5.22,373.9,8.38
ZAL.DE,3.0,56,3.31,5.0,19.7,243.8,0.68,10.04,3.0,21.4,30.1,1.1,47.6,1.53,62.2,2.12,89.2,3.1,145.7,5.15,163.8,5.7,208.0,8.54
ZAL.DE,4.0,30,4.35,5.0,21.9,172.1,0.98,6.39,2.0,16.7,31.2,1.26,37.6,1.61,56.4,2.25,88.1,3.25,109.4,4.53,137.4,5.5,167.5,6.2
ZAL.DE,5.0,13,5.33,6.0,15.5,170.2,0.85,8.09,3.0,7.7,25.6,1.24,37.9,1.91,56.6,2.48,74.8,3.21,92.4,5.26,125.0,6.51,161.2,7.77
ZAL.DE,6.0,9,6.23,6.0,16.3,120.0,0.94,5.59,2.0,22.2,20.1,1.18,23.9,1.24,29.6,1.83,94.6,4.39,112.1,4.69,116.0,5.14,119.2,5.5
ZAL.DE,7.0,5,7.39,8.0,28.2,106.2,1.74,6.58,4.0,20.0,38.6,2.2,54.1,2.91,60.9,3.01,72.3,4.61,92.6,5.79,99.4,6.19,104.8,6.5
ZAL.DE,8.0,3,8.64,8.0,21.8,80.7,1.48,4.78,2.0,0.0,28.3,1.87,38.0,2.47,54.2,3.46,67.5,4.12,75.4,4.52,78.0,4.65,80.2,4.75
ZAL.DE,10.0,1,10.1,5.0,13.0,13.0,0.92,0.92,1.0,0.0,13.0,0.92,13.0,0.92,13.0,0.92,13.0,0.92,13.0,0.92,13.0,0.92,13.0,0.92
ZAL.DE,11.0,2,11.54,7.5,28.1,49.1,1.88,3.31,2.0,0.0,30.2,2.02,33.4,2.23,38.6,2.59,43.9,2.95,47.0,3.16,48.0,3.23,48.9,3.29
ZAL.DE,12.0,1,12.07,7.0,42.0,42.0,3.1,3.1,2.0,0.0,42.0,3.1,42.0,3.1,42.0,3.1,42.0,3.1,42.0,3.1,42.0,3.1,42.0,3.1
ZS,1.0,132,1.47,2.0,35.7,616.2,0.66,9.35,2.0,56.1,58.0,0.94,78.2,1.12,115.8,1.63,161.3,2.38,226.8,3.78,270.1,4.56,394.7,5.64
ZS,2.0,88,2.45,4.0,25.8,307.2,0.77,7.73,2.0,40.9,42.9,1.16,55.1,1.38,78.8,2.03,138.7,3.37,182.0,4.4,209.9,5.6,298.9,7.3
ZS,3.0,38,3.4,4.0,18.1,271.8,0.84,8.53,2.0,18.4,29.9,1.1,41.5,1.55,59.4,1.88,80.4,2.59,168.3,5.1,240.8,6.58,263.0,8.34
ZS,4.0,23,4.51,6.0,22.1,112.4,1.0,4.5,2.0,13.0,25.1,1.1,30.9,1.29,48.2,1.83,68.2,2.72,102.5,3.95,107.7,4.34,111.4,4.48
ZS,5.0,7,5.79,8.0,13.6,117.1,1.03,5.96,1.0,14.3,21.9,1.24,32.4,1.51,47.1,2.56,54.2,2.67,80.6,4.02,98.8,4.99,113.4,5.77
ZS,6.0,2,6.36,10.0,54.0,64.6,3.01,3.05,4.5,0.0,55.1,3.02,56.6,3.02,59.3,3.03,61.9,3.04,63.5,3.05,64.1,3.05,64.5,3.05
ZS,7.0,3,7.52,4.0,47.9,67.2,2.31,4.06,5.0,0.0,49.5,2.47,51.8,2.7,55.8,3.08,61.5,3.57,64.9,3.87,66.1,3.96,67.0,4.04
ZS,8.0,2,8.12,11.5,27.7,28.8,1.49,2.22,2.0,0.0,27.8,1.57,28.0,1.68,28.2,1.86,28.5,2.04,28.7,2.15,28.7,2.19,28.8,2.22
ZS,9.0,1,9.41,6.0,18.2,18.2,1.23,1.23,2.0,0.0,18.2,1.23,18.2,1.23,18.2,1.23,18.2,1.23,18.2,1.23,18.2,1.23,18.2,1.23
ZS,10.0,1,10.62,15.0,26.8,26.8,2.2,2.2,3.0,0.0,26.8,2.2,26.8,2.2,26.8,2.2,26.8,2.2,26.8,2.2,26.8,2.2,26.8,2.2
ZS,11.0,1,11.58,13.0,23.7,23.7,1.65,1.65,1.0,0.0,23.7,1.65,23.7,1.65,23.7,1.65,23.7,1.65,23.7,1.65,23.7,1.65,23.7,1.65
ZS,12.0,1,12.48,14.0,16.7,16.7,1.32,1.32,2.0,0.0,16.7,1.32,16.7,1.32,16.7,1.32,16.7,1.32,16.7,1.32,16.7,1.32,16.7,1.32
ZS,13.0,1,13.25,16.0,26.7,26.7,1.83,1.83,7.0,0.0,26.7,1.83,26.7,1.83,26.7,1.83,26.7,1.83,26.7,1.83,26.7,1.83,26.7,1.83
ZS,14.0,1,14.14,11.0,13.5,13.5,0.89,0.89,1.0,0.0,13.5,0.89,13.5,0.89,13.5,0.89,13.5,0.89,13.5,0.89,13.5,0.89,13.5,0.89
ZS,17.0,1,17.59,10.0,29.6,29.6,2.45,2.45,2.0,0.0,29.6,2.45,29.6,2.45,29.6,2.45,29.6,2.45,29.6,2.45,29.6,2.45,29.6,2.45
ZW=F,1.0,328,1.47,2.0,15.1,847.9,0.21,12.66,3.0,70.4,68.9,1.1,91.8,1.39,133.4,1.99,192.6,2.89,268.2,3.8,312.0,4.34,465.5,5.98
ZW=F,2.0,197,2.46,3.0,24.5,362.3,0.58,7.31,3.0,38.6,48.0,1.18,63.9,1.58,88.7,2.12,123.4,2.88,164.5,3.89,201.6,4.69,251.8,5.78
ZW=F,3.0,93,3.4,5.0,19.9,184.9,0.74,7.06,2.0,15.1,35.1,1.2,47.0,1.47,62.4,2.0,81.7,2.68,111.4,3.35,148.9,4.87,182.2,6.37
ZW=F,4.0,32,4.34,5.0,19.7,132.4,1.05,5.07,2.0,9.4,30.0,1.28,42.4,1.56,51.8,2.04,72.5,2.65,87.2,3.78,104.1,3.93,124.0,4.74
ZW=F,5.0,19,5.37,6.0,30.7,209.2,1.41,9.3,2.0,5.3,32.2,1.57,39.7,1.9,48.7,2.31,64.5,2.91,76.1,3.34,99.1,4.47,187.2,8.33
ZW=F,6.0,12,6.34,7.5,19.4,96.7,1.17,5.31,2.0,0.0,19.8,1.2,25.8,1.44,38.3,2.34,66.1,3.45,74.9,4.49,84.9,4.89,94.3,5.22
ZW=F,7.0,5,7.3,6.0,31.2,88.8,1.91,4.93,3.0,0.0,32.2,1.99,33.8,2.13,39.1,2.76,83.7,4.42,86.8,4.72,87.8,4.83,88.6,4.91
ZW=F,8.0,6,8.64,8.5,24.3,51.2,1.47,3.15,2.5,0.0,30.9,1.88,37.6,2.34,39.3,2.6,44.2,2.79,48.4,2.98,49.8,3.07,50.9,3.13
ZW=F,9.0,1,9.26,7.0,35.9,35.9,2.3,2.3,2.0,0.0,35.9,2.3,35.9,2.3,35.9,2.3,35.9,2.3,35.9,2.3,35.9,2.3,35.9,2.3
ZW=F,11.0,2,11.5,13.0,15.6,33.7,1.26,2.75,1.0,0.0,17.4,1.41,20.1,1.63,24.7,2.01,29.2,2.38,31.9,2.6,32.8,2.68,33.5,2.74
ZW=F,13.0,1,13.35,8.0,62.1,62.1,4.54,4.54,3.0,0.0,62.1,4.54,62.1,4.54,62.1,4.54,62.1,4.54,62.1,4.54,62.1,4.54,62.1,4.54
ZW=F,14.0,1,14.0,16.0,16.2,16.2,1.34,1.34,3.0,0.0,16.2,1.34,16.2,1.34,16.2,1.34,16.2,1.34,16.2,1.34,16.2,1.34,16.2,1.34
ZW=F,25.0,1,25.07,13.0,60.5,60.5,4.88,4.88,4.0,0.0,60.5,4.88,60.5,4.88,60.5,4.88,60.5,4.88,60.5,4.88,60.5,4.88,60.5,4.88
ALLE,1.0,90510,1.48,2.0,1.0,3580.7,0.02,36.94,2.0,62.0,61.7,0.96,82.8,1.25,118.2,1.76,179.2,2.64,267.5,3.9,342.5,4.99,555.6,7.93
ALLE,2.0,52721,2.41,3.0,0.1,1088.9,0.01,30.52,2.0,33.8,39.8,1.01,53.8,1.34,78.1,1.9,117.7,2.83,174.0,4.14,220.8,5.28,350.8,8.17
ALLE,3.0,25087,3.41,4.0,0.3,700.0,0.01,29.55,2.0,18.0,29.3,1.02,39.6,1.36,57.1,1.91,86.1,2.86,127.1,4.19,160.6,5.25,248.3,8.14
ALLE,4.0,11945,4.41,6.0,0.3,964.0,0.02,39.75,2.0,10.5,24.0,1.05,32.2,1.39,47.0,1.97,70.5,2.9,101.7,4.17,128.6,5.23,200.2,7.99
ALLE,5.0,5885,5.43,7.0,2.4,371.2,0.15,22.55,2.0,7.0,20.6,1.06,28.1,1.42,40.8,2.0,59.8,2.92,88.0,4.21,114.1,5.35,169.8,8.63
ALLE,6.0,2972,6.42,8.0,0.6,513.2,0.04,42.93,2.0,4.7,18.3,1.05,24.9,1.42,36.0,2.01,54.0,2.93,78.4,4.15,97.5,5.39,158.1,8.43
ALLE,7.0,1727,7.41,9.0,2.7,300.7,0.15,12.6,2.0,3.5,16.5,1.06,22.6,1.42,32.7,2.02,49.4,2.94,71.8,4.17,90.6,5.36,152.0,8.55
ALLE,8.0,898,8.43,9.0,2.8,246.7,0.24,14.5,2.0,2.9,15.7,1.11,21.8,1.46,32.2,2.07,48.0,3.03,69.9,4.45,83.9,5.41,129.5,8.64
ALLE,9.0,534,9.46,10.0,1.9,434.0,0.2,29.77,2.0,2.2,14.5,1.0,20.7,1.44,30.3,2.12,45.5,3.13,64.8,4.22,79.8,5.3,125.4,7.84
ALLE,10.0,286,10.42,11.0,1.2,160.3,0.09,11.61,2.0,2.4,13.9,1.13,18.4,1.42,26.4,1.97,40.4,2.9,60.9,4.18,79.7,5.38,106.6,7.55
ALLE,11.0,188,11.46,10.0,7.9,143.5,0.58,8.41,2.0,1.1,14.0,1.11,18.7,1.49,29.1,2.15,41.8,3.21,63.5,4.53,74.8,5.62,101.3,7.68
ALLE,12.0,131,12.41,9.0,1.1,139.3,0.08,13.04,2.0,1.5,12.5,0.94,19.4,1.38,28.7,2.21,41.9,3.09,59.3,4.62,75.8,5.59,100.4,6.74
ALLE,13.0,72,13.5,11.5,5.7,108.1,0.58,8.89,2.0,1.4,12.2,1.14,20.4,1.82,30.2,2.48,44.5,3.77,62.3,4.76,75.2,5.71,94.9,7.52
ALLE,14.0,54,14.41,9.0,2.8,108.8,0.28,9.15,2.0,3.7,10.6,0.89,14.2,1.21,22.0,1.69,34.6,2.64,53.1,4.25,58.4,4.53,104.9,8.61
ALLE,15.0,33,15.35,14.0,7.7,116.9,0.53,9.15,2.0,3.0,10.0,1.0,16.9,1.45,24.7,1.97,38.2,2.45,49.0,4.22,62.6,7.62,100.3,9.12
ALLE,16.0,30,16.53,10.5,6.5,80.5,0.67,5.86,2.0,0.0,13.5,1.01,17.4,1.45,29.1,2.22,45.1,3.63,50.0,4.2,62.4,4.7,76.2,5.62
ALLE,17.0,18,17.35,9.5,8.4,104.4,0.76,7.67,2.0,5.6,13.0,0.95,15.5,1.58,32.2,2.47,43.0,3.77,73.5,6.01,97.3,7.52,103.0,7.64
ALLE,18.0,8,18.68,9.5,29.9,66.0,2.28,6.16,3.0,0.0,30.2,2.37,30.9,2.93,44.9,3.93,59.7,4.97,63.5,5.6,64.8,5.88,65.8,6.11
ALLE,19.0,9,19.5,8.0,13.5,60.8,0.92,4.46,2.0,0.0,23.2,1.9,25.7,2.34,29.2,2.61,43.2,3.83,47.3,4.0,54.0,4.23,59.4,4.41
ALLE,20.0,5,20.54,14.0,32.3,84.1,2.37,7.85,2.0,0.0,33.3,2.6,34.8,2.95,40.8,3.33,54.7,3.46,72.3,6.09,78.2,6.97,82.9,7.67
ALLE,21.0,5,21.36,5.0,24.3,65.3,2.06,6.3,2.0,0.0,24.7,2.31,25.2,2.68,28.5,2.84,41.0,3.04,55.6,5.0,60.4,5.65,64.3,6.17
ALLE,22.0,3,22.77,9.0,21.1,39.2,1.72,3.65,3.0,0.0,23.7,2.0,27.7,2.43,34.2,3.15,36.7,3.4,38.2,3.55,38.7,3.6,39.1,3.64
ALLE,23.0,8,23.45,11.5,11.4,35.6,1.04,3.1,2.0,0.0,14.0,1.18,16.8,1.29,21.6,1.78,28.1,2.39,35.5,3.06,35.6,3.08,35.6,3.1
ALLE,24.0,4,24.3,8.0,6.2,76.4,0.72,5.93,1.5,0.0,7.9,0.81,10.4,0.94,15.0,1.28,32.7,2.65,58.9,4.62,67.7,5.27,74.7,5.8
ALLE,25.0,2,25.13,15.5,46.5,60.5,3.73,4.88,10.0,0.0,47.9,3.85,50.0,4.02,53.5,4.3,57.0,4.59,59.1,4.76,59.8,4.82,60.4,4.86
ALLE,26.0,3,26.73,16.0,15.5,28.7,1.19,2.58,1.0,0.0,16.9,1.38,19.0,1.65,22.5,2.1,25.6,2.34,27.5,2.48,28.1,2.53,28.6,2.57
ALLE,27.0,2,27.4,6.5,39.7,76.5,2.83,6.13,3.0,0.0,43.4,3.16,48.9,3.66,58.1,4.48,67.3,5.3,72.8,5.8,74.7,5.96,76.1,6.1
ALLE,28.0,2,28.67,12.5,33.3,51.2,3.17,4.47,3.5,0.0,35.1,3.3,37.8,3.49,42.2,3.82,46.7,4.14,49.4,4.34,50.3,4.4,51.0,4.45
ALLE,29.0,3,29.24,8.0,13.5,90.4,1.27,9.06,2.0,0.0,14.3,1.36,15.5,1.48,17.5,1.68,54.0,5.37,75.8,7.59,83.1,8.33,88.9,8.92
ALLE,30.0,10,33.0,9.0,0.2,101.5,0.02,10.1,1.0,10.0,3.4,0.39,10.5,1.17,20.9,2.31,30.3,3.05,59.0,5.81,80.3,7.95,97.3,9.67
