ticker,position,faelle,serien,anteil_serien,rsi_min,rsi_p25,rsi_median,rsi_p75,rsi_max
AAPL,1,348,348,100.0,21.46,51.91,59.7,68.43,86.1
AAPL,2,104,348,29.9,22.22,36.33,43.94,52.98,74.81
AAPL,3,56,348,16.1,21.57,32.6,37.36,41.54,61.09
AAPL,4,23,348,6.6,17.91,30.26,34.9,38.98,47.72
AAPL,5,6,348,1.7,25.84,30.9,33.0,34.33,35.56
AAPL,6,3,348,0.9,22.13,25.91,29.7,32.8,35.89
AAPL,7,2,348,0.6,32.77,32.95,33.14,33.32,33.5
AAPL,8,2,348,0.6,22.98,25.36,27.74,30.13,32.51
AAPL,9,1,348,0.3,27.9,27.9,27.9,27.9,27.9
ABBV,1,222,222,100.0,26.11,50.91,59.45,65.31,82.13
ABBV,2,66,222,29.7,18.05,37.92,45.29,54.09,68.91
ABBV,3,34,222,15.3,23.72,30.09,36.08,42.09,54.49
ABBV,4,16,222,7.2,28.17,31.46,35.42,40.07,44.17
ABBV,5,5,222,2.3,22.87,26.65,28.82,33.4,40.73
ABBV,6,3,222,1.4,23.11,28.45,33.79,34.12,34.45
ABBV,7,1,222,0.5,31.22,31.22,31.22,31.22,31.22
ABNB,1,106,106,100.0,25.34,45.73,54.47,58.02,75.0
ABNB,2,36,106,34.0,20.37,32.91,42.77,48.66,58.52
ABNB,3,13,106,12.3,20.89,33.31,35.1,37.58,45.35
ABNB,4,7,106,6.6,26.42,29.75,31.7,34.83,43.78
ABNB,5,2,106,1.9,31.34,31.82,32.3,32.79,33.27
ABNB,6,1,106,0.9,31.14,31.14,31.14,31.14,31.14
ABT,1,350,350,100.0,24.21,48.31,55.59,63.16,83.9
ABT,2,121,350,34.6,17.24,36.93,43.17,50.76,70.24
ABT,3,54,350,15.4,19.01,35.27,38.89,47.08,62.25
ABT,4,18,350,5.1,28.48,32.97,36.44,40.07,52.75
ABT,5,7,350,2.0,22.14,28.03,32.16,38.35,41.99
ABT,6,5,350,1.4,28.57,28.73,31.37,33.27,43.5
ABT,7,2,350,0.6,25.01,25.73,26.45,27.17,27.89
ABT,8,1,350,0.3,24.13,24.13,24.13,24.13,24.13
ABT,9,1,350,0.3,21.28,21.28,21.28,21.28,21.28
ACN,1,357,357,100.0,18.46,48.27,57.34,64.36,79.15
ACN,2,119,357,33.3,20.0,36.64,44.15,50.3,77.73
ACN,3,51,357,14.3,20.01,30.18,37.04,45.71,55.83
ACN,4,21,357,5.9,26.57,33.41,36.97,40.56,51.49
ACN,5,8,357,2.2,20.46,24.04,32.12,36.56,41.72
ACN,6,5,357,1.4,22.52,29.44,29.66,31.36,35.27
ACN,7,1,357,0.3,35.76,35.76,35.76,35.76,35.76
ACN,8,1,357,0.3,32.38,32.38,32.38,32.38,32.38
ADBE,1,334,334,100.0,19.15,49.47,57.23,64.32,80.8
ADBE,2,103,334,30.8,26.45,36.91,42.09,48.27,76.26
ADBE,3,51,334,15.3,20.5,30.08,35.7,40.65,50.07
ADBE,4,21,334,6.3,26.63,30.98,33.27,37.25,43.66
ADBE,5,10,334,3.0,26.22,33.28,35.61,40.09,47.9
ADBE,6,7,334,2.1,28.38,31.56,42.96,43.92,52.9
ADBE,7,2,334,0.6,31.15,31.6,32.05,32.49,32.94
ADI,1,341,341,100.0,26.77,47.62,54.55,61.6,78.97
ADI,2,128,341,37.5,22.23,38.36,43.37,51.35,64.85
ADI,3,57,341,16.7,23.53,33.88,38.59,44.13,58.09
ADI,4,24,341,7.0,23.88,31.9,33.41,36.76,49.08
ADI,5,12,341,3.5,24.23,33.38,36.09,39.94,41.25
ADI,6,2,341,0.6,30.56,32.7,34.84,36.97,39.11
ADP,1,345,345,100.0,22.93,48.59,54.74,62.32,80.96
ADP,2,112,345,32.5,27.62,38.43,43.97,51.48,71.24
ADP,3,52,345,15.1,16.9,34.67,38.19,42.67,56.5
ADP,4,23,345,6.7,20.59,33.46,36.88,39.81,47.87
ADP,5,7,345,2.0,13.99,29.46,30.22,37.71,46.24
ADP,6,3,345,0.9,20.61,25.43,30.25,31.85,33.45
ADS.DE,1,305,305,100.0,20.66,47.56,55.59,62.81,82.69
ADS.DE,2,116,305,38.0,20.84,36.94,43.15,50.69,66.72
ADS.DE,3,57,305,18.7,15.65,31.65,35.56,42.26,55.46
ADS.DE,4,27,305,8.9,22.87,29.09,31.67,40.41,49.7
ADS.DE,5,9,305,3.0,19.0,20.76,27.83,30.24,44.21
ADS.DE,6,3,305,1.0,13.24,20.32,27.4,32.52,37.64
ADS.DE,7,1,305,0.3,38.64,38.64,38.64,38.64,38.64
ADSK,1,303,303,100.0,23.92,48.72,57.65,63.35,82.31
ADSK,2,115,303,38.0,18.56,37.64,42.17,51.72,69.41
ADSK,3,49,303,16.2,18.32,33.36,36.71,41.09,60.76
ADSK,4,23,303,7.6,18.7,31.18,35.63,38.81,45.1
ADSK,5,13,303,4.3,26.39,30.36,31.4,35.88,42.96
ADSK,6,6,303,2.0,21.98,24.05,30.41,32.1,37.71
AEP,1,330,330,100.0,20.25,49.19,56.22,62.29,78.01
AEP,2,99,330,30.0,20.5,34.86,43.65,50.7,69.97
AEP,3,49,330,14.8,18.96,33.2,38.81,42.41,63.38
AEP,4,18,330,5.5,18.52,31.68,35.38,39.32,46.07
AEP,5,8,330,2.4,23.54,33.05,37.95,38.81,41.0
AEP,6,3,330,0.9,21.27,26.27,31.26,34.35,37.44
AEP,7,1,330,0.3,35.16,35.16,35.16,35.16,35.16
AIR.DE,1,315,315,100.0,23.32,47.84,54.55,62.07,80.74
AIR.DE,2,117,315,37.1,25.04,36.8,43.26,48.46,67.96
AIR.DE,3,56,315,17.8,17.17,33.22,39.03,45.0,56.17
AIR.DE,4,28,315,8.9,15.48,30.51,35.8,39.14,46.94
AIR.DE,5,13,315,4.1,14.16,28.14,30.9,32.19,39.68
AIR.DE,6,7,315,2.2,10.18,28.75,31.82,33.3,40.21
AIR.DE,7,3,315,1.0,30.36,31.13,31.91,33.22,34.53
AIR.DE,8,1,315,0.3,24.38,24.38,24.38,24.38,24.38
ALV.DE,1,328,328,100.0,20.35,48.59,56.46,63.99,82.23
ALV.DE,2,119,328,36.3,16.42,34.47,43.15,49.98,71.22
ALV.DE,3,55,328,16.8,12.3,32.13,38.18,44.69,55.3
ALV.DE,4,18,328,5.5,24.13,30.72,33.75,36.74,41.42
ALV.DE,5,6,328,1.8,21.98,22.38,24.8,29.77,32.48
ALV.DE,6,2,328,0.6,30.82,32.18,33.55,34.91,36.27
ALV.DE,7,1,328,0.3,33.9,33.9,33.9,33.9,33.9
ALV.DE,8,1,328,0.3,34.62,34.62,34.62,34.62,34.62
AMAT,1,346,346,100.0,29.66,49.12,56.17,63.0,79.06
AMAT,2,130,346,37.6,18.54,37.0,43.98,52.55,70.68
AMAT,3,46,346,13.3,15.27,31.59,34.99,38.81,51.45
AMAT,4,19,346,5.5,22.43,29.74,32.1,34.37,41.03
AMAT,5,11,346,3.2,26.58,29.34,32.46,33.67,42.19
AMAT,6,5,346,1.4,26.38,27.66,32.69,32.72,33.63
AMD,1,261,261,100.0,26.55,46.42,56.51,64.6,84.08
AMD,2,99,261,37.9,20.35,35.24,42.51,48.62,65.29
AMD,3,49,261,18.8,9.68,32.46,36.73,39.8,51.15
AMD,4,22,261,8.4,20.2,26.77,34.98,38.55,45.4
AMD,5,9,261,3.4,18.98,22.74,25.44,32.52,41.9
AMD,6,7,261,2.7,12.38,26.0,31.85,34.03,35.55
AMD,7,3,261,1.1,23.01,25.47,27.92,31.89,35.87
AMD,8,2,261,0.8,21.59,22.8,24.0,25.2,26.41
AMD,9,2,261,0.8,23.78,24.14,24.49,24.84,25.2
AMGN,1,284,284,100.0,25.93,48.53,56.0,63.3,87.23
AMGN,2,121,284,42.6,18.61,36.65,45.15,51.46,69.21
AMGN,3,53,284,18.7,18.92,33.36,38.64,44.87,58.61
AMGN,4,31,284,10.9,15.03,31.6,36.11,38.45,61.61
AMGN,5,12,284,4.2,24.59,26.91,28.85,33.91,37.74
AMGN,6,5,284,1.8,27.74,34.49,36.01,36.14,39.82
AMGN,7,3,284,1.1,24.71,28.36,32.01,33.83,35.66
AMT,1,313,313,100.0,20.08,47.07,55.7,61.59,78.09
AMT,2,126,313,40.3,20.16,37.96,44.3,51.59,67.02
AMT,3,67,313,21.4,20.55,31.84,37.05,42.55,59.25
AMT,4,26,313,8.3,24.62,32.68,36.8,40.14,47.67
AMT,5,7,313,2.2,33.17,33.33,33.84,37.16,41.9
AMT,6,3,313,1.0,29.92,34.33,38.73,40.0,41.27
AMT,7,1,313,0.3,37.59,37.59,37.59,37.59,37.59
AMZN,1,338,338,100.0,24.79,49.61,57.89,63.49,88.06
AMZN,2,127,338,37.6,23.77,39.49,47.93,54.23,76.57
AMZN,3,48,338,14.2,27.19,33.61,39.7,44.39,66.09
AMZN,4,20,338,5.9,24.4,29.52,32.8,36.63,50.97
AMZN,5,9,338,2.7,24.26,29.4,32.74,37.87,40.1
AMZN,6,3,338,0.9,30.07,31.66,33.24,33.28,33.31
AMZN,7,1,338,0.3,23.39,23.39,23.39,23.39,23.39
AMZN,8,1,338,0.3,34.67,34.67,34.67,34.67,34.67
AMZN,9,1,338,0.3,34.39,34.39,34.39,34.39,34.39
AMZN,10,1,338,0.3,33.24,33.24,33.24,33.24,33.24
ANET,1,203,203,100.0,23.44,49.68,58.25,64.38,81.37
ANET,2,62,203,30.5,27.59,36.33,42.7,49.75,70.33
ANET,3,28,203,13.8,20.29,31.47,36.69,42.93,58.91
ANET,4,12,203,5.9,26.87,28.71,33.72,36.34,50.38
ANET,5,5,203,2.5,27.11,33.67,35.81,36.74,47.43
ANET,6,1,203,0.5,31.69,31.69,31.69,31.69,31.69
APH,1,371,371,100.0,15.11,49.62,56.75,63.38,78.97
APH,2,120,371,32.3,19.35,38.16,42.92,51.09,74.43
APH,3,51,371,13.7,20.13,32.72,36.87,40.78,58.0
APH,4,20,371,5.4,24.75,30.25,34.0,38.13,53.06
APH,5,4,371,1.1,22.45,27.27,34.51,40.55,41.76
APP,1,97,97,100.0,30.39,47.1,56.58,64.38,87.77
APP,2,37,97,38.1,10.51,34.92,45.2,52.36,69.03
APP,3,12,97,12.4,22.85,29.68,37.64,39.56,49.04
APP,4,6,97,6.2,26.39,30.2,31.34,34.5,39.99
APP,5,4,97,4.1,27.78,28.36,28.77,29.7,31.85
APP,6,2,97,2.1,29.64,29.64,29.64,29.64,29.64
APP,7,1,97,1.0,24.73,24.73,24.73,24.73,24.73
ARM,1,39,39,100.0,22.02,48.61,52.95,59.06,64.45
ARM,2,14,39,35.9,24.97,35.55,41.73,46.98,57.9
ARM,3,5,39,12.8,22.44,30.34,32.86,33.01,56.09
ARM,4,2,39,5.1,28.82,29.98,31.15,32.31,33.48
ARM,5,1,39,2.6,25.12,25.12,25.12,25.12,25.12
ASML,1,373,373,100.0,21.72,48.67,56.7,62.83,79.07
ASML,2,134,373,35.9,20.6,38.44,44.47,51.3,71.09
ASML,3,50,373,13.4,21.35,31.23,36.2,39.88,63.5
ASML,4,23,373,6.2,21.51,31.12,34.04,35.94,43.92
ASML,5,11,373,2.9,25.85,28.14,31.96,35.32,38.47
ASML,6,6,373,1.6,22.89,30.06,32.49,35.23,41.7
ASML,7,1,373,0.3,28.11,28.11,28.11,28.11,28.11
AVGO,1,287,287,100.0,31.55,49.62,57.01,62.31,78.76
AVGO,2,104,287,36.2,21.65,38.45,45.31,52.44,78.12
AVGO,3,40,287,13.9,22.56,32.33,38.52,44.27,56.77
AVGO,4,13,287,4.5,28.83,33.08,36.17,38.47,52.36
AVGO,5,1,287,0.3,28.78,28.78,28.78,28.78,28.78
AXON,1,261,261,100.0,22.32,47.6,56.01,65.12,84.72
AXON,2,104,261,39.8,19.87,36.38,42.17,48.7,71.52
AXON,3,49,261,18.8,18.09,30.29,35.84,43.62,62.51
AXON,4,22,261,8.4,25.75,30.05,34.3,37.11,43.35
AXON,5,8,261,3.1,25.81,26.39,30.24,36.8,44.58
AXON,6,6,261,2.3,22.84,28.6,29.12,32.63,33.68
AXON,7,1,261,0.4,27.45,27.45,27.45,27.45,27.45
AXP,1,338,338,100.0,13.45,48.38,57.34,64.31,78.36
AXP,2,141,338,41.7,20.21,37.06,44.65,53.17,69.45
AXP,3,58,338,17.2,17.53,34.46,38.69,44.31,63.38
AXP,4,27,338,8.0,23.11,32.62,34.68,37.53,44.24
AXP,5,8,338,2.4,28.6,31.59,33.81,39.05,48.8
AXP,6,2,338,0.6,31.88,33.7,35.51,37.33,39.14
AXP,7,2,338,0.6,30.12,30.68,31.23,31.79,32.35
AZN,1,358,358,100.0,21.85,47.97,55.22,62.75,83.54
AZN,2,144,358,40.2,17.85,36.26,43.42,52.55,68.3
AZN,3,66,358,18.4,18.6,31.21,36.61,41.71,57.41
AZN,4,29,358,8.1,19.3,29.04,32.95,38.36,50.49
AZN,5,13,358,3.6,25.69,31.25,33.92,35.46,38.66
AZN,6,3,358,0.8,32.92,34.46,36.0,36.14,36.29
BA,1,200,200,100.0,22.37,48.15,57.64,62.96,82.1
BA,2,76,200,38.0,16.14,35.07,42.62,50.25,69.65
BA,3,29,200,14.5,18.08,32.61,36.95,41.49,54.82
BA,4,14,200,7.0,21.59,29.57,35.51,39.19,50.81
BA,5,2,200,1.0,30.12,31.16,32.19,33.23,34.26
BABA,1,200,200,100.0,24.42,47.29,54.8,61.17,82.67
BABA,2,78,200,39.0,28.21,37.16,43.22,50.99,64.19
BABA,3,46,200,23.0,16.11,31.25,37.54,41.91,57.83
BABA,4,24,200,12.0,21.0,27.77,34.92,36.57,43.94
BABA,5,11,200,5.5,20.51,27.84,31.0,33.86,37.51
BABA,6,4,200,2.0,19.97,22.56,24.32,26.25,29.35
BABA,7,2,200,1.0,26.79,28.59,30.38,32.18,33.98
BABA,8,2,200,1.0,31.49,31.59,31.68,31.77,31.87
BABA,9,1,200,0.5,28.26,28.26,28.26,28.26,28.26
BAC,1,301,301,100.0,14.96,48.6,57.12,62.88,75.72
BAC,2,124,301,41.2,17.23,34.21,41.56,49.89,68.51
BAC,3,60,301,19.9,13.81,31.53,35.95,43.04,66.34
BAC,4,25,301,8.3,19.58,28.83,33.39,37.43,48.24
BAC,5,9,301,3.0,20.98,25.94,29.56,32.63,35.42
BAC,6,5,301,1.7,14.62,23.91,27.0,32.79,33.63
BAC,7,2,301,0.7,20.32,21.41,22.5,23.58,24.67
BAC,8,1,301,0.3,31.65,31.65,31.65,31.65,31.65
BAC,9,1,301,0.3,31.09,31.09,31.09,31.09,31.09
BAC,10,1,301,0.3,32.49,32.49,32.49,32.49,32.49
BAS.DE,1,319,319,100.0,18.57,46.72,55.45,63.42,93.39
BAS.DE,2,122,319,38.2,16.0,36.95,43.51,49.76,69.24
BAS.DE,3,58,319,18.2,10.2,30.02,36.57,39.97,53.96
BAS.DE,4,25,319,7.8,16.96,31.29,33.57,37.85,43.47
BAS.DE,5,12,319,3.8,24.93,27.56,29.96,33.57,42.08
BAS.DE,6,5,319,1.6,23.02,26.3,30.78,33.64,33.85
BAS.DE,7,1,319,0.3,26.68,26.68,26.68,26.68,26.68
BAYN.DE,1,317,317,100.0,16.71,45.84,55.14,62.19,82.44
BAYN.DE,2,125,317,39.4,17.37,35.48,43.38,51.29,67.88
BAYN.DE,3,55,317,17.4,13.18,28.43,35.56,42.45,57.41
BAYN.DE,4,21,317,6.6,22.45,28.16,31.27,35.74,55.19
BAYN.DE,5,8,317,2.5,27.56,28.83,34.2,35.45,40.38
BAYN.DE,6,4,317,1.3,30.85,31.11,32.23,33.67,34.89
BAYN.DE,7,1,317,0.3,32.78,32.78,32.78,32.78,32.78
BBVA,1,388,388,100.0,20.76,46.94,55.62,63.32,78.09
BBVA,2,143,388,36.9,18.04,37.71,43.11,50.02,71.97
BBVA,3,69,388,17.8,19.74,32.39,38.84,42.61,56.07
BBVA,4,33,388,8.5,17.3,27.13,32.15,35.3,50.8
BBVA,5,22,388,5.7,22.07,29.18,32.48,35.54,42.96
BBVA,6,6,388,1.5,20.67,28.44,29.2,34.97,40.56
BBVA,7,4,388,1.0,27.73,28.24,28.85,33.2,44.91
BEI.DE,1,296,296,100.0,20.31,47.0,54.58,62.27,79.28
BEI.DE,2,118,296,39.9,18.39,36.67,43.15,51.04,66.07
BEI.DE,3,49,296,16.6,19.38,34.23,39.46,43.42,59.23
BEI.DE,4,25,296,8.4,20.48,31.5,36.61,41.77,51.82
BEI.DE,5,9,296,3.0,17.95,20.83,29.5,34.32,37.2
BEI.DE,6,3,296,1.0,19.89,23.56,27.23,32.69,38.15
BEI.DE,7,1,296,0.3,32.23,32.23,32.23,32.23,32.23
BHP,1,418,418,100.0,26.11,46.37,54.44,61.16,78.98
BHP,2,160,418,38.3,22.84,38.08,43.69,51.48,72.74
BHP,3,77,418,18.4,16.97,33.25,38.73,42.93,58.86
BHP,4,39,418,9.3,17.63,29.37,34.3,38.03,50.36
BHP,5,18,418,4.3,16.22,26.73,31.77,36.33,43.48
BHP,6,6,418,1.4,17.18,20.99,23.59,23.92,34.04
BHP,7,5,418,1.2,21.01,24.94,31.81,32.59,34.83
BHP,8,1,418,0.2,25.57,25.57,25.57,25.57,25.57
BIIB,1,260,260,100.0,22.53,46.84,54.29,62.15,93.52
BIIB,2,98,260,37.7,17.98,36.34,43.98,49.71,72.36
BIIB,3,49,260,18.8,24.03,30.6,38.58,45.66,54.24
BIIB,4,22,260,8.5,17.19,29.63,32.53,39.2,47.52
BIIB,5,12,260,4.6,23.76,28.41,31.62,35.9,44.99
BIIB,6,5,260,1.9,28.67,29.15,33.42,37.47,37.96
BIIB,7,4,260,1.5,29.04,32.61,34.84,37.34,41.7
BIIB,8,2,260,0.8,19.08,21.97,24.87,27.77,30.66
BIIB,9,1,260,0.4,26.86,26.86,26.86,26.86,26.86
BIIB,10,1,260,0.4,24.17,24.17,24.17,24.17,24.17
BKNG,1,341,341,100.0,24.81,47.86,56.5,63.11,81.82
BKNG,2,120,341,35.2,21.81,35.71,43.75,50.59,73.67
BKNG,3,45,341,13.2,22.34,30.96,36.22,42.87,66.92
BKNG,4,21,341,6.2,21.74,28.15,36.09,38.32,51.04
BKNG,5,9,341,2.6,22.66,28.35,31.27,34.93,44.14
BKR,1,314,314,100.0,15.06,47.47,56.01,62.31,82.03
BKR,2,128,314,40.8,12.27,37.33,44.08,51.5,66.99
BKR,3,55,314,17.5,20.4,33.65,38.43,41.09,49.21
BKR,4,26,314,8.3,23.25,28.52,32.78,37.39,44.61
BKR,5,10,314,3.2,23.32,28.61,31.53,34.2,38.95
BKR,6,4,314,1.3,29.54,32.05,34.63,37.2,39.67
BKR,7,2,314,0.6,30.55,31.54,32.54,33.53,34.52
BLK,1,352,352,100.0,23.62,48.47,55.31,61.86,79.78
BLK,2,134,352,38.1,17.99,38.5,43.91,51.81,68.34
BLK,3,59,352,16.8,22.29,31.05,35.19,43.61,56.13
BLK,4,27,352,7.7,20.46,29.07,33.19,35.94,57.75
BLK,5,15,352,4.3,24.68,28.29,29.51,33.74,44.34
BLK,6,6,352,1.7,25.53,26.76,30.58,37.47,44.0
BLK,7,1,352,0.3,25.67,25.67,25.67,25.67,25.67
BMO,1,357,357,100.0,15.46,48.71,56.8,64.85,83.56
BMO,2,120,357,33.6,17.64,37.17,45.11,53.46,75.79
BMO,3,53,357,14.8,18.43,29.9,35.84,41.62,54.05
BMO,4,23,357,6.4,12.05,27.51,35.42,40.3,48.78
BMO,5,12,357,3.4,10.65,27.36,29.26,35.63,51.7
BMO,6,5,357,1.4,21.14,24.99,28.14,28.83,32.49
BMO,7,2,357,0.6,29.47,30.14,30.81,31.48,32.15
BMO,8,2,357,0.6,22.14,24.51,26.88,29.26,31.63
BMW.DE,1,297,297,100.0,17.06,46.03,54.54,61.59,82.5
BMW.DE,2,121,297,40.7,21.16,34.71,41.62,47.41,68.89
BMW.DE,3,53,297,17.8,11.9,32.03,35.22,42.23,54.76
BMW.DE,4,21,297,7.1,13.04,26.38,32.04,32.96,44.15
BMW.DE,5,12,297,4.0,19.67,25.62,30.63,36.08,40.14
BMW.DE,6,6,297,2.0,21.35,23.29,28.73,35.27,45.66
BMW.DE,7,1,297,0.3,23.74,23.74,23.74,23.74,23.74
BMY,1,321,321,100.0,18.71,48.7,55.96,62.41,78.61
BMY,2,125,321,38.9,18.63,37.88,43.9,52.35,72.24
BMY,3,49,321,15.3,20.64,31.24,37.16,42.51,56.63
BMY,4,18,321,5.6,22.48,30.53,34.36,38.36,43.31
BMY,5,12,321,3.7,17.34,25.24,33.28,37.79,41.13
BMY,6,6,321,1.9,22.97,34.49,36.02,37.3,38.17
BMY,7,2,321,0.6,24.15,26.04,27.93,29.83,31.72
BMY,8,1,321,0.3,28.73,28.73,28.73,28.73,28.73
BMY,9,1,321,0.3,26.3,26.3,26.3,26.3,26.3
BMY,10,1,321,0.3,32.8,32.8,32.8,32.8,32.8
BNR.DE,1,272,272,100.0,20.02,47.03,56.3,62.0,77.29
BNR.DE,2,101,272,37.1,18.24,35.72,41.41,51.19,67.52
BNR.DE,3,40,272,14.7,21.41,29.6,36.04,41.55,55.08
BNR.DE,4,20,272,7.4,14.87,27.34,34.33,37.01,44.59
BNR.DE,5,11,272,4.0,18.82,29.3,33.11,35.6,39.42
BNR.DE,6,4,272,1.5,24.54,24.86,25.78,27.55,30.38
BNR.DE,7,3,272,1.1,14.66,20.14,25.62,26.91,28.2
BNS,1,360,360,100.0,20.74,48.81,57.77,64.81,85.51
BNS,2,109,360,30.3,9.66,38.02,44.24,49.65,68.71
BNS,3,59,360,16.4,23.79,31.02,35.21,40.49,58.31
BNS,4,29,360,8.1,21.76,30.23,32.84,37.22,48.65
BNS,5,11,360,3.1,17.01,27.4,29.95,34.56,40.42
BNS,6,6,360,1.7,27.21,30.82,32.04,35.02,37.09
BNS,7,1,360,0.3,18.99,18.99,18.99,18.99,18.99
BNS,8,1,360,0.3,29.94,29.94,29.94,29.94,29.94
BNS,9,1,360,0.3,22.99,22.99,22.99,22.99,22.99
BNS,10,1,360,0.3,25.79,25.79,25.79,25.79,25.79
BNY,1,344,344,100.0,22.72,48.05,55.41,62.73,79.95
BNY,2,131,344,38.1,21.0,37.18,43.32,50.59,68.72
BNY,3,55,344,16.0,20.48,32.44,38.69,42.4,55.66
BNY,4,21,344,6.1,19.89,29.41,33.98,38.11,45.47
BNY,5,10,344,2.9,17.8,30.56,34.15,37.5,38.77
BNY,6,5,344,1.5,29.39,34.45,36.45,39.91,43.64
BNY,7,2,344,0.6,32.74,33.17,33.59,34.02,34.45
BNY,8,1,344,0.3,30.93,30.93,30.93,30.93,30.93
BP,1,357,357,100.0,28.04,48.4,55.93,63.24,85.25
BP,2,133,357,37.3,20.69,36.67,43.62,53.93,67.69
BP,3,72,357,20.2,17.97,31.31,37.92,43.13,57.77
BP,4,34,357,9.5,18.42,29.64,33.83,41.43,55.14
BP,5,19,357,5.3,15.6,29.76,34.54,37.96,48.57
BP,6,9,357,2.5,25.0,29.14,32.78,35.52,40.91
BP,7,4,357,1.1,24.55,25.38,27.05,31.28,39.78
BP,8,3,357,0.8,23.86,30.7,37.53,39.64,41.76
BP,9,1,357,0.3,22.08,22.08,22.08,22.08,22.08
BRK-B,1,330,330,100.0,25.1,47.6,56.11,62.68,80.88
BRK-B,2,112,330,33.9,17.49,36.81,42.31,49.41,65.1
BRK-B,3,56,330,17.0,23.69,33.7,36.45,42.72,57.29
BRK-B,4,20,330,6.1,25.84,32.16,34.23,36.71,54.25
BRK-B,5,13,330,3.9,30.05,34.73,36.77,37.75,41.82
BRK-B,6,4,330,1.2,32.39,32.78,33.31,35.3,40.02
BRK-B,7,1,330,0.3,30.12,30.12,30.12,30.12,30.12
BTC-USD,1,170,170,100.0,25.15,50.02,57.5,66.08,85.12
BTC-USD,2,61,170,35.9,16.64,37.24,43.21,49.06,60.93
BTC-USD,3,31,170,18.2,10.54,26.98,37.26,42.49,50.22
BTC-USD,4,16,170,9.4,25.15,28.5,32.61,37.6,40.91
BTC-USD,5,6,170,3.5,15.45,21.21,28.2,34.86,55.9
BTC-USD,6,2,170,1.2,32.6,33.77,34.93,36.09,37.26
BTI,1,410,410,100.0,22.28,48.73,56.03,62.79,84.09
BTI,2,156,410,38.0,19.59,38.23,44.73,52.73,71.53
BTI,3,65,410,15.9,22.65,32.28,37.83,43.65,56.25
BTI,4,36,410,8.8,19.63,30.77,34.47,38.34,57.81
BTI,5,13,410,3.2,25.55,27.37,32.5,35.8,40.23
BTI,6,3,410,0.7,22.16,23.23,24.29,26.93,29.57
BZ=F,1,257,257,100.0,16.05,48.51,56.93,63.88,81.84
BZ=F,2,98,257,38.1,12.99,37.09,43.92,50.44,72.23
BZ=F,3,51,257,19.8,12.46,31.02,37.71,42.14,56.6
BZ=F,4,28,257,10.9,19.8,29.2,32.19,40.34,48.58
BZ=F,5,17,257,6.6,19.37,26.95,29.62,33.31,42.82
BZ=F,6,5,257,1.9,19.95,27.59,29.79,32.06,34.3
BZ=F,7,4,257,1.6,16.49,21.46,24.12,25.79,27.81
BZ=F,8,3,257,1.2,19.15,23.55,27.95,32.27,36.59
BZ=F,9,2,257,0.8,22.06,24.44,26.82,29.21,31.59
BZ=F,10,1,257,0.4,21.89,21.89,21.89,21.89,21.89
BZ=F,11,1,257,0.4,14.23,14.23,14.23,14.23,14.23
C,1,323,323,100.0,17.11,48.01,56.73,63.15,78.49
C,2,121,323,37.5,19.99,36.02,42.39,49.96,83.95
C,3,53,323,16.4,14.89,30.94,36.21,42.09,55.36
C,4,28,323,8.7,19.48,27.49,31.57,37.58,42.17
C,5,13,323,4.0,17.43,24.65,26.15,39.61,41.13
C,6,5,323,1.5,26.25,28.24,28.53,32.24,46.96
C,7,2,323,0.6,26.39,26.5,26.6,26.7,26.81
C,8,1,323,0.3,21.41,21.41,21.41,21.41,21.41
CAT,1,323,323,100.0,21.39,49.92,58.31,65.2,81.69
CAT,2,114,323,35.3,18.4,36.61,44.58,53.07,80.15
CAT,3,45,323,13.9,18.26,30.21,36.51,43.88,53.89
CAT,4,19,323,5.9,21.47,26.09,30.7,33.95,42.09
CAT,5,10,323,3.1,20.34,27.6,31.7,35.34,40.76
CAT,6,5,323,1.5,23.12,24.11,32.82,33.01,34.31
CB,1,326,326,100.0,26.66,46.95,54.03,60.34,83.04
CB,2,125,326,38.3,20.33,40.26,44.85,50.16,76.9
CB,3,46,326,14.1,26.52,35.19,40.34,43.79,57.27
CB,4,10,326,3.1,29.93,31.85,36.73,38.02,38.76
CB,5,6,326,1.8,29.56,32.12,33.83,38.62,43.72
CBK.DE,1,278,278,100.0,18.2,46.25,54.97,62.85,80.88
CBK.DE,2,102,278,36.7,17.35,34.73,40.55,48.02,63.65
CBK.DE,3,55,278,19.8,16.77,31.19,35.5,41.52,49.72
CBK.DE,4,31,278,11.2,17.21,26.02,33.05,35.63,47.55
CBK.DE,5,16,278,5.8,21.59,24.4,30.71,32.99,44.42
CBK.DE,6,9,278,3.2,18.1,28.18,29.19,32.12,39.45
CBK.DE,7,5,278,1.8,23.25,30.25,32.61,33.93,35.53
CBK.DE,8,2,278,0.7,28.32,28.97,29.62,30.26,30.91
CC=F,1,316,316,100.0,21.93,45.62,53.91,61.11,80.78
CC=F,2,122,316,38.6,19.7,35.88,44.12,49.46,64.75
CC=F,3,53,316,16.8,18.61,32.26,36.39,41.82,54.76
CC=F,4,24,316,7.6,20.2,30.88,33.52,36.16,45.92
CC=F,5,11,316,3.5,21.82,28.39,30.73,34.34,36.28
CC=F,6,2,316,0.6,14.21,17.89,21.57,25.24,28.92
CC=F,7,2,316,0.6,22.17,24.99,27.81,30.63,33.45
CC=F,8,2,316,0.6,19.28,23.97,28.65,33.34,38.02
CCEP,1,338,338,100.0,25.05,49.95,56.6,62.98,86.81
CCEP,2,116,338,34.3,16.13,36.75,44.13,49.94,70.84
CCEP,3,55,338,16.3,21.2,33.97,39.04,46.25,60.62
CCEP,4,20,338,5.9,22.12,30.77,36.1,40.39,45.18
CCEP,5,10,338,3.0,22.17,27.29,32.5,40.9,45.39
CCEP,6,4,338,1.2,20.51,30.82,35.59,37.48,39.12
CCEP,7,2,338,0.6,25.8,27.49,29.18,30.87,32.56
CCEP,8,1,338,0.3,37.95,37.95,37.95,37.95,37.95
CCEP,9,1,338,0.3,34.13,34.13,34.13,34.13,34.13
CDNS,1,351,351,100.0,19.74,47.44,56.7,64.11,87.04
CDNS,2,113,351,32.2,17.84,36.2,43.81,50.12,86.03
CDNS,3,53,351,15.1,15.37,33.89,38.47,43.06,57.1
CDNS,4,17,351,4.8,21.78,29.92,35.13,41.3,46.97
CDNS,5,5,351,1.4,22.3,30.84,33.43,35.59,38.37
CDNS,6,1,351,0.3,23.42,23.42,23.42,23.42,23.42
CDW,1,208,208,100.0,29.96,49.68,56.6,64.26,77.21
CDW,2,82,208,39.4,22.63,37.42,44.23,49.32,64.94
CDW,3,33,208,15.9,24.04,30.52,36.42,41.69,51.79
CDW,4,16,208,7.7,22.66,31.34,34.77,42.72,47.31
CDW,5,5,208,2.4,27.16,29.0,33.88,34.65,44.49
CDW,6,2,208,1.0,33.38,33.58,33.78,33.99,34.19
CEG,1,73,73,100.0,32.23,49.83,56.53,65.05,87.52
CEG,2,25,73,34.2,31.57,37.69,44.9,49.59,71.15
CEG,3,9,73,12.3,25.8,32.61,39.38,40.23,63.8
CEG,4,5,73,6.8,21.36,28.14,33.33,37.02,40.83
CEG,5,2,73,2.7,33.01,35.31,37.61,39.92,42.22
CEG,6,1,73,1.4,32.0,32.0,32.0,32.0,32.0
CEG,7,1,73,1.4,29.11,29.11,29.11,29.11,29.11
CHTR,1,217,217,100.0,16.53,47.57,57.84,64.63,77.83
CHTR,2,82,217,37.8,0.0,35.72,44.39,53.63,73.02
CHTR,3,42,217,19.4,16.32,34.43,40.12,46.76,63.97
CHTR,4,13,217,6.0,22.18,26.35,31.44,42.41,45.52
CHTR,5,5,217,2.3,24.69,28.86,30.91,39.51,41.31
CHTR,6,3,217,1.4,21.8,22.65,23.5,29.11,34.72
CHTR,7,1,217,0.5,35.98,35.98,35.98,35.98,35.98
CHTR,8,1,217,0.5,25.63,25.63,25.63,25.63,25.63
CHTR,9,1,217,0.5,34.84,34.84,34.84,34.84,34.84
CHTR,10,1,217,0.5,40.68,40.68,40.68,40.68,40.68
CHTR,11,1,217,0.5,42.28,42.28,42.28,42.28,42.28
CHTR,12,1,217,0.5,37.25,37.25,37.25,37.25,37.25
CHTR,13,1,217,0.5,21.19,21.19,21.19,21.19,21.19
CHTR,14,1,217,0.5,25.65,25.65,25.65,25.65,25.65
CL,1,338,338,100.0,24.34,47.97,56.47,61.21,78.36
CL,2,107,338,31.7,16.44,37.13,43.06,49.17,62.34
CL,3,46,338,13.6,19.1,29.21,37.55,42.13,54.73
CL,4,28,338,8.3,23.21,31.23,35.41,38.45,49.69
CL,5,8,338,2.4,21.6,32.49,33.41,35.4,36.98
CL,6,4,338,1.2,30.9,32.86,36.63,39.78,39.85
CL,7,2,338,0.6,36.06,38.03,40.01,41.98,43.95
CL=F,1,283,283,100.0,9.12,48.42,55.61,61.68,79.83
CL=F,2,121,283,42.8,14.18,35.53,43.33,52.03,68.27
CL=F,3,50,283,17.7,14.54,30.45,35.39,41.43,55.86
CL=F,4,20,283,7.1,20.05,29.43,31.52,36.3,48.23
CL=F,5,11,283,3.9,24.86,29.77,33.15,35.28,43.31
CL=F,6,6,283,2.1,18.18,28.8,32.3,37.64,38.46
CL=F,7,5,283,1.8,23.61,27.35,27.98,35.14,41.04
CL=F,8,2,283,0.7,20.46,22.33,24.19,26.05,27.92
CM,1,351,351,100.0,24.86,48.52,57.52,64.8,85.43
CM,2,114,351,32.5,20.82,36.69,43.8,50.89,77.0
CM,3,56,351,16.0,17.06,29.84,34.98,43.95,56.47
CM,4,25,351,7.1,18.41,26.17,31.33,37.71,47.0
CM,5,8,351,2.3,11.24,20.65,26.3,33.21,38.64
CM,6,4,351,1.1,13.72,25.87,31.33,34.56,40.01
CM,7,1,351,0.3,25.35,25.35,25.35,25.35,25.35
CM,8,1,351,0.3,24.15,24.15,24.15,24.15,24.15
CMCSA,1,313,313,100.0,24.54,48.51,55.18,61.63,77.5
CMCSA,2,113,313,36.1,25.08,38.37,44.35,51.27,70.27
CMCSA,3,54,313,17.3,24.33,34.31,38.09,44.41,58.7
CMCSA,4,24,313,7.7,25.7,29.26,34.54,37.75,52.89
CMCSA,5,14,313,4.5,24.35,30.43,36.02,37.86,42.06
CMCSA,6,11,313,3.5,22.46,28.57,31.94,34.37,36.69
CMCSA,7,3,313,1.0,22.12,26.03,29.94,33.48,37.02
CMCSA,8,2,313,0.6,33.04,33.49,33.94,34.38,34.83
CMCSA,9,1,313,0.3,34.77,34.77,34.77,34.77,34.77
CNQ,1,346,346,100.0,20.39,46.33,53.47,62.11,78.16
CNQ,2,136,346,39.3,21.98,36.11,42.3,48.76,75.18
CNQ,3,64,346,18.5,18.39,31.75,35.66,41.45,57.82
CNQ,4,26,346,7.5,9.1,31.36,34.18,37.06,45.51
CNQ,5,8,346,2.3,13.17,31.5,35.28,37.34,37.64
CNQ,6,4,346,1.2,28.57,29.0,31.12,33.65,35.32
CNQ,7,2,346,0.6,36.46,36.6,36.75,36.89,37.03
COF,1,341,341,100.0,22.06,47.23,54.9,61.47,77.38
COF,2,133,341,39.0,22.09,35.11,43.93,50.43,67.64
COF,3,64,341,18.8,17.13,32.62,36.68,41.71,60.76
COF,4,20,341,5.9,21.79,27.13,33.61,36.7,48.0
COF,5,9,341,2.6,21.37,25.51,32.48,37.67,39.39
COF,6,4,341,1.2,26.37,31.45,33.3,33.66,34.34
COF,7,1,341,0.3,33.96,33.96,33.96,33.96,33.96
CON.DE,1,307,307,100.0,8.87,46.55,54.03,61.01,76.39
CON.DE,2,124,307,40.4,18.86,35.21,42.49,49.01,70.29
CON.DE,3,43,307,14.0,12.52,28.75,34.59,43.38,53.98
CON.DE,4,17,307,5.5,11.47,26.22,29.44,37.49,48.54
CON.DE,5,7,307,2.3,23.72,27.7,28.97,30.52,35.92
CON.DE,6,2,307,0.7,32.64,32.71,32.78,32.86,32.93
CON.DE,7,1,307,0.3,16.95,16.95,16.95,16.95,16.95
CON.DE,8,1,307,0.3,25.9,25.9,25.9,25.9,25.9
CON.DE,9,1,307,0.3,24.25,24.25,24.25,24.25,24.25
CON.DE,10,1,307,0.3,25.84,25.84,25.84,25.84,25.84
COP,1,335,335,100.0,28.91,48.43,55.05,63.17,87.54
COP,2,123,335,36.7,20.28,37.27,43.98,50.16,66.94
COP,3,58,335,17.3,16.37,34.35,37.3,42.57,59.79
COP,4,27,335,8.1,14.55,31.84,34.72,38.66,44.28
COP,5,17,335,5.1,17.15,30.68,32.96,36.34,39.2
COP,6,8,335,2.4,27.59,31.52,37.24,37.6,38.58
COP,7,4,335,1.2,14.62,29.58,37.17,40.22,41.58
COP,8,2,335,0.6,29.52,29.75,29.98,30.22,30.45
COP,9,1,335,0.3,20.16,20.16,20.16,20.16,20.16
COST,1,331,331,100.0,25.7,50.05,57.72,64.41,78.48
COST,2,111,331,33.5,20.16,37.64,44.11,52.48,66.32
COST,3,35,331,10.6,21.8,34.01,37.12,41.04,61.49
COST,4,20,331,6.0,23.23,31.37,35.17,37.28,50.5
COST,5,8,331,2.4,18.45,30.15,35.53,37.23,38.93
COST,6,4,331,1.2,29.62,30.16,32.87,35.99,37.8
COST,7,2,331,0.6,30.29,30.54,30.79,31.04,31.29
CPRT,1,308,308,100.0,20.78,48.67,57.19,65.36,81.08
CPRT,2,105,308,34.1,22.62,37.69,43.83,51.06,72.56
CPRT,3,38,308,12.3,18.6,30.36,36.3,40.4,62.66
CPRT,4,20,308,6.5,18.63,28.95,32.36,37.58,43.23
CPRT,5,8,308,2.6,25.49,27.26,31.16,36.64,41.85
CPRT,6,4,308,1.3,19.85,29.89,33.41,33.75,34.28
CPRT,7,1,308,0.3,27.89,27.89,27.89,27.89,27.89
CRM,1,325,325,100.0,27.55,48.79,56.43,63.12,77.62
CRM,2,127,325,39.1,16.69,36.94,44.44,51.45,71.52
CRM,3,62,325,19.1,25.24,33.78,39.16,43.44,53.99
CRM,4,25,325,7.7,22.22,30.14,33.88,37.0,49.62
CRM,5,8,325,2.5,24.9,27.54,32.48,35.67,38.9
CRM,6,5,325,1.5,23.48,29.04,31.96,33.67,34.41
CRM,7,3,325,0.9,24.93,27.34,29.74,33.92,38.11
CRM,8,1,325,0.3,32.46,32.46,32.46,32.46,32.46
CRM,9,1,325,0.3,22.1,22.1,22.1,22.1,22.1
CRWD,1,113,113,100.0,18.9,49.42,58.12,63.11,83.92
CRWD,2,29,113,25.7,18.7,35.85,45.44,49.3,58.29
CRWD,3,12,113,10.6,26.36,29.33,37.27,39.84,49.29
CRWD,4,5,113,4.4,29.79,30.43,35.24,35.78,42.95
CRWD,5,4,113,3.5,27.01,28.92,32.73,36.94,40.05
CRWD,6,3,113,2.7,28.29,29.28,30.27,32.2,34.13
CRWD,7,2,113,1.8,30.79,31.71,32.63,33.56,34.48
CSCO,1,314,314,100.0,21.51,49.37,56.2,64.05,82.86
CSCO,2,113,314,36.0,22.63,34.6,42.53,51.03,73.11
CSCO,3,44,314,14.0,20.97,28.2,35.7,41.13,64.18
CSCO,4,18,314,5.7,18.4,28.07,35.23,38.14,47.69
CSCO,5,7,314,2.2,28.18,31.34,33.44,35.87,38.29
CSCO,6,2,314,0.6,36.48,38.62,40.77,42.91,45.05
CSCO,7,2,314,0.6,31.75,33.37,34.99,36.61,38.23
CSCO,8,1,314,0.3,29.37,29.37,29.37,29.37,29.37
CSGP,1,285,285,100.0,20.22,47.99,55.94,62.84,88.97
CSGP,2,113,285,39.6,18.52,36.48,44.16,51.2,62.74
CSGP,3,49,285,17.2,19.9,29.81,38.45,44.83,61.54
CSGP,4,16,285,5.6,22.52,27.79,34.25,39.17,46.37
CSGP,5,8,285,2.8,31.22,31.52,32.29,35.25,41.12
CSGP,6,3,285,1.1,27.85,30.62,33.39,35.87,38.34
CSGP,7,2,285,0.7,29.5,30.74,31.98,33.23,34.47
CSGP,8,2,285,0.7,25.62,26.85,28.08,29.3,30.53
CSGP,9,1,285,0.4,28.94,28.94,28.94,28.94,28.94
CSGP,10,1,285,0.4,29.27,29.27,29.27,29.27,29.27
CSGP,11,1,285,0.4,30.61,30.61,30.61,30.61,30.61
CSGP,12,1,285,0.4,28.04,28.04,28.04,28.04,28.04
CSX,1,380,380,100.0,26.58,48.22,55.67,61.42,77.61
CSX,2,132,380,34.7,20.26,37.77,45.78,51.59,66.71
CSX,3,54,380,14.2,24.13,32.87,38.34,42.84,58.6
CSX,4,24,380,6.3,24.36,30.06,32.88,39.5,48.67
CSX,5,11,380,2.9,18.86,25.38,30.51,37.11,43.18
CSX,6,7,380,1.8,15.66,28.06,32.86,33.33,35.38
CSX,7,4,380,1.1,32.93,35.66,38.5,41.02,42.77
CSX,8,2,380,0.5,33.43,35.68,37.93,40.18,42.43
CSX,9,1,380,0.3,35.34,35.34,35.34,35.34,35.34
CTAS,1,357,357,100.0,25.4,48.96,56.08,62.9,84.84
CTAS,2,122,357,34.2,18.21,38.03,43.95,49.06,71.88
CTAS,3,44,357,12.3,19.66,31.01,38.3,44.61,55.67
CTAS,4,16,357,4.5,25.14,28.91,32.52,38.63,46.59
CTAS,5,7,357,2.0,19.23,27.4,30.96,31.59,35.17
CTAS,6,3,357,0.8,20.12,26.87,33.61,34.67,35.74
CTSH,1,288,288,100.0,26.63,47.84,54.77,61.54,78.81
CTSH,2,123,288,42.7,21.54,37.26,44.09,51.94,66.47
CTSH,3,49,288,17.0,17.27,33.94,36.16,40.06,66.97
CTSH,4,24,288,8.3,16.88,29.99,35.52,40.11,55.26
CTSH,5,12,288,4.2,23.04,26.01,31.91,36.1,45.6
CTSH,6,8,288,2.8,15.48,25.42,27.09,34.15,36.81
CTSH,7,5,288,1.7,23.41,24.29,34.75,36.01,36.67
CTSH,8,1,288,0.3,35.71,35.71,35.71,35.71,35.71
CVS,1,299,299,100.0,21.2,46.27,56.78,62.92,77.03
CVS,2,103,299,34.4,20.35,37.12,43.97,50.47,69.95
CVS,3,50,299,16.7,19.69,33.26,39.02,43.55,58.95
CVS,4,22,299,7.4,19.95,29.95,34.1,35.97,41.56
CVS,5,8,299,2.7,13.56,30.82,32.31,33.81,37.59
CVS,6,3,299,1.0,23.37,23.59,23.82,26.98,30.14
CVS,7,1,299,0.3,36.33,36.33,36.33,36.33,36.33
CVX,1,283,283,100.0,20.6,49.66,56.63,63.52,83.02
CVX,2,109,283,38.5,17.07,36.29,44.37,50.76,76.67
CVX,3,47,283,16.6,22.42,33.33,37.15,41.72,53.57
CVX,4,18,283,6.4,20.4,30.68,33.72,37.97,44.64
CVX,5,6,283,2.1,27.61,28.88,31.43,35.21,37.99
CVX,6,2,283,0.7,28.44,29.41,30.38,31.34,32.31
CVX,7,2,283,0.7,24.39,24.84,25.29,25.73,26.18
CVX,8,2,283,0.7,31.05,31.79,32.53,33.27,34.01
CVX,9,1,283,0.4,25.53,25.53,25.53,25.53,25.53
CVX,10,1,283,0.4,21.86,21.86,21.86,21.86,21.86
CVX,11,1,283,0.4,28.92,28.92,28.92,28.92,28.92
CVX,12,1,283,0.4,22.39,22.39,22.39,22.39,22.39
CVX,13,1,283,0.4,29.26,29.26,29.26,29.26,29.26
CVX,14,1,283,0.4,17.93,17.93,17.93,17.93,17.93
DASH,1,104,104,100.0,29.79,49.88,57.2,62.99,70.97
DASH,2,37,104,35.6,13.46,38.78,46.99,52.25,65.23
DASH,3,20,104,19.2,16.8,32.33,40.73,43.69,49.98
DASH,4,9,104,8.7,28.72,34.33,35.31,37.05,38.3
DASH,5,5,104,4.8,28.97,30.34,34.69,34.86,38.15
DASH,6,3,104,2.9,20.73,25.31,29.89,33.55,37.2
DASH,7,2,104,1.9,39.09,40.69,42.3,43.9,45.5
DASH,8,1,104,1.0,38.47,38.47,38.47,38.47,38.47
DASH,9,1,104,1.0,35.27,35.27,35.27,35.27,35.27
DB1.DE,1,325,325,100.0,9.49,47.79,56.6,62.02,80.28
DB1.DE,2,127,325,39.1,13.78,36.89,43.29,50.12,71.58
DB1.DE,3,55,325,16.9,14.88,33.11,36.97,42.26,64.54
DB1.DE,4,19,325,5.8,25.43,32.93,35.24,39.92,49.35
DB1.DE,5,7,325,2.2,24.16,30.69,34.38,37.55,43.58
DB1.DE,6,4,325,1.2,34.25,35.22,35.59,37.33,42.36
DB1.DE,7,2,325,0.6,15.73,22.13,28.53,34.93,41.33
DB1.DE,8,1,325,0.3,34.54,34.54,34.54,34.54,34.54
DB1.DE,9,1,325,0.3,36.66,36.66,36.66,36.66,36.66
DB1.DE,10,1,325,0.3,37.0,37.0,37.0,37.0,37.0
DBK.DE,1,332,332,100.0,18.34,46.21,54.38,62.65,83.92
DBK.DE,2,135,332,40.7,17.1,35.09,43.12,49.37,70.9
DBK.DE,3,53,332,16.0,20.01,28.67,35.35,41.25,57.48
DBK.DE,4,27,332,8.1,18.97,26.41,32.25,37.26,44.13
DBK.DE,5,14,332,4.2,21.07,27.75,33.56,34.95,42.18
DBK.DE,6,9,332,2.7,20.62,24.86,34.42,35.68,44.0
DBK.DE,7,4,332,1.2,18.17,23.08,25.66,28.78,35.33
DBK.DE,8,3,332,0.9,21.69,23.34,24.98,28.62,32.26
DBK.DE,9,2,332,0.6,28.7,30.11,31.52,32.94,34.35
DBK.DE,10,1,332,0.3,27.39,27.39,27.39,27.39,27.39
DBK.DE,11,1,332,0.3,21.25,21.25,21.25,21.25,21.25
DBK.DE,12,1,332,0.3,20.32,20.32,20.32,20.32,20.32
DDOG,1,105,105,100.0,23.59,48.62,57.39,65.76,82.97
DDOG,2,37,105,35.2,27.22,40.61,44.49,50.29,68.4
DDOG,3,19,105,18.1,22.8,30.13,37.83,40.14,60.17
DDOG,4,11,105,10.5,29.21,34.81,36.0,38.06,40.94
DDOG,5,7,105,6.7,20.05,31.06,34.21,36.97,42.75
DDOG,6,5,105,4.8,30.74,32.46,33.65,36.78,38.01
DDOG,7,2,105,1.9,25.89,28.56,31.23,33.89,36.56
DE,1,339,339,100.0,24.05,48.26,56.43,63.66,83.93
DE,2,122,339,36.0,19.01,39.3,44.8,52.35,70.48
DE,3,47,339,13.9,20.33,31.86,35.11,41.56,58.14
DE,4,25,339,7.4,22.38,30.25,33.87,39.08,45.35
DE,5,8,339,2.4,27.92,32.85,36.48,39.83,43.59
DE,6,3,339,0.9,28.87,30.33,31.78,35.26,38.74
DE,7,2,339,0.6,32.07,32.58,33.09,33.59,34.1
DE,8,2,339,0.6,36.27,38.26,40.26,42.25,44.24
DELL,1,197,197,100.0,23.14,50.49,57.51,63.37,79.41
DELL,2,60,197,30.5,16.76,36.94,44.55,52.42,62.49
DELL,3,26,197,13.2,21.16,32.59,37.96,47.0,61.03
DELL,4,7,197,3.6,21.13,25.43,31.36,33.27,41.66
DELL,5,1,197,0.5,25.48,25.48,25.48,25.48,25.48
DELL,6,1,197,0.5,26.42,26.42,26.42,26.42,26.42
DHL.DE,1,338,338,100.0,23.04,46.93,55.28,62.34,79.2
DHL.DE,2,124,338,36.7,11.25,37.18,45.03,49.48,71.43
DHL.DE,3,47,338,13.9,17.19,30.44,36.44,42.33,56.69
DHL.DE,4,20,338,5.9,20.49,27.71,33.65,39.33,52.78
DHL.DE,5,12,338,3.6,16.46,20.4,24.34,30.96,36.56
DHL.DE,6,8,338,2.4,21.33,24.94,30.25,33.77,41.09
DHL.DE,7,2,338,0.6,20.53,25.86,31.19,36.52,41.85
DHL.DE,8,1,338,0.3,22.56,22.56,22.56,22.56,22.56
DHR,1,362,362,100.0,24.6,48.77,56.06,63.42,91.87
DHR,2,139,362,38.4,22.22,39.33,44.61,52.31,73.11
DHR,3,52,362,14.4,19.33,32.93,38.55,42.97,57.97
DHR,4,22,362,6.1,25.08,32.79,35.01,37.66,54.7
DHR,5,8,362,2.2,25.49,29.54,35.08,39.53,41.25
DHR,6,3,362,0.8,22.16,23.1,24.04,25.37,26.7
DHR,7,2,362,0.6,30.6,33.75,36.89,40.04,43.19
DHR,8,1,362,0.3,42.2,42.2,42.2,42.2,42.2
DHR,9,1,362,0.3,41.68,41.68,41.68,41.68,41.68
DIS,1,337,337,100.0,16.68,48.04,54.96,62.7,80.2
DIS,2,133,337,39.5,19.62,36.97,43.67,51.4,68.43
DIS,3,54,337,16.0,18.3,33.34,37.2,41.15,57.62
DIS,4,22,337,6.5,24.94,28.81,33.87,36.56,43.87
DIS,5,10,337,3.0,23.27,29.21,29.89,37.63,41.54
DIS,6,4,337,1.2,21.61,26.43,29.37,33.37,41.33
DIS,7,1,337,0.3,29.79,29.79,29.79,29.79,29.79
DTE.DE,1,314,314,100.0,27.4,48.13,55.22,62.67,82.34
DTE.DE,2,114,314,36.3,14.06,37.34,43.59,50.45,66.45
DTE.DE,3,49,314,15.6,21.93,32.56,35.08,39.06,52.68
DTE.DE,4,24,314,7.6,22.52,27.68,33.89,36.98,47.93
DTE.DE,5,8,314,2.5,18.19,26.18,32.09,36.5,45.71
DTE.DE,6,3,314,1.0,20.19,20.79,21.39,28.44,35.49
DTE.DE,7,2,314,0.6,31.28,32.89,34.5,36.11,37.72
DTG.DE,1,70,70,100.0,31.29,48.97,57.74,63.53,77.56
DTG.DE,2,26,70,37.1,23.79,38.16,45.86,54.74,63.77
DTG.DE,3,14,70,20.0,21.39,34.86,37.38,47.07,57.61
DTG.DE,4,10,70,14.3,32.05,34.62,36.4,39.84,44.41
DTG.DE,5,8,70,11.4,21.36,24.06,31.72,38.71,41.88
DTG.DE,6,2,70,2.9,24.14,26.19,28.24,30.29,32.34
DTG.DE,7,1,70,1.4,37.29,37.29,37.29,37.29,37.29
DTG.DE,8,1,70,1.4,36.73,36.73,36.73,36.73,36.73
DUK,1,327,327,100.0,26.97,49.08,55.78,62.13,79.29
DUK,2,106,327,32.4,22.33,37.15,43.44,50.34,67.73
DUK,3,52,327,15.9,11.09,34.29,38.59,43.49,57.23
DUK,4,25,327,7.6,18.97,27.95,34.53,41.85,52.99
DUK,5,11,327,3.4,24.9,32.19,35.79,38.13,43.06
DUK,6,2,327,0.6,37.92,38.69,39.47,40.24,41.01
DUK,7,1,327,0.3,39.28,39.28,39.28,39.28,39.28
DXCM,1,252,252,100.0,21.36,49.32,56.41,62.64,79.48
DXCM,2,93,252,36.9,22.17,37.47,42.75,52.27,69.31
DXCM,3,37,252,14.7,12.6,31.99,37.83,42.76,54.73
DXCM,4,19,252,7.5,16.4,27.81,30.32,35.98,46.06
DXCM,5,10,252,4.0,20.49,26.35,30.47,36.97,39.73
DXCM,6,3,252,1.2,30.1,33.33,36.56,37.19,37.82
DXCM,7,3,252,1.2,30.26,31.08,31.89,34.63,37.37
DXCM,8,2,252,0.8,11.68,14.2,16.71,19.22,21.74
DXCM,9,1,252,0.4,24.22,24.22,24.22,24.22,24.22
EMR,1,344,344,100.0,22.66,48.26,55.31,61.54,76.8
EMR,2,132,344,38.4,25.63,37.59,44.77,50.91,75.67
EMR,3,52,344,15.1,23.76,32.74,37.98,42.74,50.61
EMR,4,25,344,7.3,15.19,28.88,32.3,37.3,43.77
EMR,5,8,344,2.3,20.68,26.53,27.77,29.98,30.93
EMR,6,6,344,1.7,28.56,29.77,32.69,34.51,35.83
EMR,7,2,344,0.6,29.54,31.66,33.77,35.88,38.0
ENB,1,342,342,100.0,25.06,47.88,55.85,62.24,81.32
ENB,2,125,342,36.5,17.82,36.79,43.99,49.73,68.18
ENB,3,49,342,14.3,14.71,33.24,37.98,42.31,59.71
ENB,4,22,342,6.4,25.19,30.68,34.64,39.76,62.3
ENB,5,6,342,1.8,19.8,30.57,31.98,35.55,39.0
ENB,6,5,342,1.5,23.09,31.49,33.24,38.46,39.09
ENB,7,1,342,0.3,32.81,32.81,32.81,32.81,32.81
ENB,8,1,342,0.3,30.34,30.34,30.34,30.34,30.34
ENR.DE,1,98,98,100.0,25.63,49.8,57.03,63.98,90.04
ENR.DE,2,27,98,27.6,28.37,42.0,45.78,52.34,65.43
ENR.DE,3,14,98,14.3,12.43,23.73,40.24,45.41,56.42
ENR.DE,4,6,98,6.1,22.06,28.75,34.49,34.73,49.41
ENR.DE,5,4,98,4.1,27.43,29.55,32.52,35.34,37.02
ENR.DE,6,2,98,2.0,24.93,27.01,29.09,31.18,33.26
ENR.DE,7,1,98,1.0,27.1,27.1,27.1,27.1,27.1
ENR.DE,8,1,98,1.0,30.53,30.53,30.53,30.53,30.53
EOAN.DE,1,292,292,100.0,23.16,48.76,54.89,60.76,78.23
EOAN.DE,2,117,292,40.1,17.69,37.77,43.55,49.51,68.32
EOAN.DE,3,61,292,20.9,12.64,32.01,35.27,39.69,54.23
EOAN.DE,4,29,292,9.9,15.17,28.03,31.66,37.22,45.93
EOAN.DE,5,12,292,4.1,13.72,23.52,27.7,33.49,40.32
EOAN.DE,6,7,292,2.4,24.78,27.81,29.14,30.98,39.49
EOAN.DE,7,4,292,1.4,20.1,22.79,26.19,29.3,31.14
EOAN.DE,8,2,292,0.7,33.45,34.25,35.05,35.85,36.65
EQIX,1,340,340,100.0,21.08,47.32,55.92,63.37,82.96
EQIX,2,114,340,33.5,25.38,36.52,43.58,51.0,68.39
EQIX,3,41,340,12.1,20.53,31.02,37.06,43.21,61.56
EQIX,4,13,340,3.8,25.47,29.14,36.56,38.46,45.99
EQIX,5,7,340,2.1,25.31,29.91,33.76,38.49,41.29
EQIX,6,3,340,0.9,30.71,32.09,33.47,38.13,42.8
EQNR,1,381,381,100.0,26.04,47.19,54.99,61.3,83.1
EQNR,2,144,381,37.8,22.43,38.19,43.91,49.98,67.18
EQNR,3,71,381,18.6,22.94,31.52,37.62,42.92,61.55
EQNR,4,35,381,9.2,18.49,30.4,35.07,40.53,53.07
EQNR,5,12,381,3.1,14.76,31.24,36.14,38.0,40.94
EQNR,6,6,381,1.6,20.15,25.46,29.24,31.73,38.11
EQNR,7,5,381,1.3,15.74,20.73,22.72,23.48,33.72
EQNR,8,3,381,0.8,27.63,27.66,27.68,28.04,28.4
ETN,1,366,366,100.0,28.86,49.76,58.62,63.81,75.8
ETN,2,114,366,31.1,20.79,39.57,44.6,53.0,69.36
ETN,3,45,366,12.3,22.06,33.77,37.58,39.52,55.14
ETN,4,21,366,5.7,20.29,29.4,34.86,37.95,51.85
ETN,5,9,366,2.5,16.81,21.54,26.1,27.97,36.01
ETN,6,5,366,1.4,18.16,23.67,30.06,30.49,32.63
ETN,7,4,366,1.1,28.45,30.63,32.14,33.86,36.66
ETN,8,1,366,0.3,30.96,30.96,30.96,30.96,30.96
ETN,9,1,366,0.3,30.6,30.6,30.6,30.6,30.6
EXC,1,267,267,100.0,21.16,46.48,54.44,61.48,78.03
EXC,2,101,267,37.8,18.69,35.23,43.36,49.63,60.12
EXC,3,42,267,15.7,14.04,29.08,35.17,39.51,50.77
EXC,4,18,267,6.7,23.62,28.15,34.16,37.23,50.0
EXC,5,9,267,3.4,26.05,32.72,33.21,34.06,45.66
EXC,6,2,267,0.7,32.65,33.71,34.78,35.84,36.91
FANG,1,233,233,100.0,28.8,48.85,55.06,61.49,78.59
FANG,2,80,233,34.3,11.23,35.16,43.0,50.81,69.69
FANG,3,42,233,18.0,14.68,32.68,38.2,42.81,52.1
FANG,4,14,233,6.0,13.61,32.51,36.0,39.83,50.83
FANG,5,5,233,2.1,28.18,30.3,32.34,36.36,37.05
FANG,6,2,233,0.9,30.28,32.84,35.39,37.95,40.5
FAST,1,318,318,100.0,21.97,46.56,55.84,63.53,81.62
FAST,2,114,318,35.8,19.39,36.39,43.29,50.0,73.42
FAST,3,49,318,15.4,24.81,32.18,37.02,41.1,51.4
FAST,4,24,318,7.5,25.68,32.17,35.82,39.63,42.76
FAST,5,11,318,3.5,26.84,28.01,30.13,39.63,49.41
FAST,6,8,318,2.5,27.29,30.67,31.63,33.08,45.75
FAST,7,3,318,0.9,27.17,29.85,32.52,33.8,35.07
FAST,8,1,318,0.3,37.29,37.29,37.29,37.29,37.29
FAST,9,1,318,0.3,34.18,34.18,34.18,34.18,34.18
FDX,1,294,294,100.0,24.19,46.03,55.56,62.49,82.21
FDX,2,110,294,37.4,19.33,36.8,42.14,50.44,70.37
FDX,3,44,294,15.0,19.47,31.49,35.38,40.82,59.45
FDX,4,19,294,6.5,23.42,28.99,35.04,39.92,50.67
FDX,5,11,294,3.7,23.34,28.15,36.22,40.45,48.18
FDX,6,5,294,1.7,21.81,24.43,28.52,29.58,38.07
FDX,7,3,294,1.0,29.27,34.28,39.29,39.42,39.55
FRE.DE,1,311,311,100.0,17.03,46.73,53.34,61.39,78.41
FRE.DE,2,120,311,38.6,6.54,37.01,43.41,49.84,67.03
FRE.DE,3,42,311,13.5,23.31,31.17,36.01,38.67,54.56
FRE.DE,4,17,311,5.5,17.81,32.8,34.5,38.74,40.74
FRE.DE,5,8,311,2.6,21.55,25.2,29.8,31.87,32.82
FRE.DE,6,3,311,1.0,22.88,24.06,25.25,29.25,33.24
FRE.DE,7,1,311,0.3,16.72,16.72,16.72,16.72,16.72
FTNT,1,258,258,100.0,20.14,48.52,57.55,63.59,80.86
FTNT,2,85,258,32.9,16.78,35.17,44.7,51.68,73.61
FTNT,3,29,258,11.2,18.37,31.35,35.64,42.59,58.32
FTNT,4,11,258,4.3,20.88,28.11,36.6,40.13,51.19
FTNT,5,6,258,2.3,22.93,27.56,36.13,36.83,40.21
FTNT,6,2,258,0.8,22.99,25.9,28.8,31.71,34.62
GC=F,1,281,281,100.0,21.59,46.85,55.58,64.42,82.08
GC=F,2,96,281,34.2,20.35,37.3,43.41,48.65,77.4
GC=F,3,40,281,14.2,21.16,31.58,37.25,40.37,49.4
GC=F,4,17,281,6.0,21.27,27.44,31.15,35.77,42.33
GC=F,5,9,281,3.2,21.87,25.2,30.12,35.6,43.11
GC=F,6,4,281,1.4,20.27,22.57,28.55,36.17,43.4
GC=F,7,2,281,0.7,31.11,32.9,34.69,36.48,38.27
GD,1,331,331,100.0,20.02,49.45,56.09,61.97,79.6
GD,2,113,331,34.1,14.89,37.92,43.94,50.56,64.41
GD,3,52,331,15.7,16.03,33.5,37.7,44.04,58.38
GD,4,20,331,6.0,22.99,27.86,34.04,39.81,47.95
GD,5,8,331,2.4,25.64,28.34,33.13,38.65,43.02
GD,6,1,331,0.3,22.13,22.13,22.13,22.13,22.13
GE,1,299,299,100.0,22.36,47.19,55.31,64.09,85.21
GE,2,117,299,39.1,17.04,36.4,43.81,50.85,76.3
GE,3,52,299,17.4,20.01,30.07,34.8,39.58,60.91
GE,4,28,299,9.4,22.67,29.22,33.23,38.55,53.95
GE,5,13,299,4.3,24.61,27.83,33.17,35.35,44.32
GE,6,5,299,1.7,26.28,26.53,26.76,32.41,36.61
GE,7,3,299,1.0,28.82,28.98,29.15,31.65,34.16
GE,8,2,299,0.7,26.0,29.12,32.25,35.37,38.49
GEHC,1,39,39,100.0,12.19,44.14,52.18,58.82,72.59
GEHC,2,16,39,41.0,19.1,28.44,38.96,45.15,53.84
GEHC,3,8,39,20.5,23.86,32.09,34.5,35.95,38.6
GEHC,4,3,39,7.7,29.69,31.42,33.15,33.7,34.25
GEHC,5,1,39,2.6,38.85,38.85,38.85,38.85,38.85
GEHC,6,1,39,2.6,36.24,36.24,36.24,36.24,36.24
GEHC,7,1,39,2.6,36.92,36.92,36.92,36.92,36.92
GEV,1,48,48,100.0,38.16,46.67,58.2,66.79,76.56
GEV,2,17,48,35.4,29.36,41.21,47.09,53.42,68.38
GEV,3,5,48,10.4,37.25,44.58,46.28,47.08,55.44
GEV,4,1,48,2.1,28.34,28.34,28.34,28.34,28.34
GFS,1,65,65,100.0,28.98,45.7,52.91,58.14,78.62
GFS,2,32,65,49.2,25.35,33.94,43.02,47.66,68.33
GFS,3,14,65,21.5,23.65,30.12,38.41,39.91,52.68
GFS,4,10,65,15.4,23.42,33.52,39.09,42.2,50.73
GFS,5,1,65,1.5,33.55,33.55,33.55,33.55,33.55
GILD,1,272,272,100.0,25.01,47.44,55.64,62.2,87.78
GILD,2,98,272,36.0,21.46,36.04,42.84,48.21,67.83
GILD,3,44,272,16.2,24.89,30.7,36.54,39.23,53.88
GILD,4,20,272,7.4,23.48,31.42,35.62,38.83,49.42
GILD,5,6,272,2.2,24.34,26.84,30.54,34.13,35.83
GILD,6,5,272,1.8,19.78,28.19,29.86,37.41,38.68
GILD,7,1,272,0.4,23.89,23.89,23.89,23.89,23.89
GILD,8,1,272,0.4,24.93,24.93,24.93,24.93,24.93
GLW,1,307,307,100.0,24.4,49.29,56.56,62.82,78.29
GLW,2,109,307,35.5,22.35,37.72,43.21,51.19,68.96
GLW,3,53,307,17.3,18.07,30.69,35.5,41.72,58.15
GLW,4,26,307,8.5,17.72,30.66,34.41,38.6,40.96
GLW,5,13,307,4.2,21.01,30.02,30.76,36.97,40.51
GLW,6,8,307,2.6,22.62,28.83,31.36,33.13,41.26
GLW,7,5,307,1.6,19.19,27.79,32.09,34.58,37.22
GLW,8,1,307,0.3,30.23,30.23,30.23,30.23,30.23
GLW,9,1,307,0.3,25.8,25.8,25.8,25.8,25.8
GM,1,258,258,100.0,21.38,47.59,55.7,61.95,90.27
GM,2,100,258,38.8,24.02,34.99,43.37,48.99,64.44
GM,3,52,258,20.2,21.56,30.8,35.64,39.34,47.45
GM,4,25,258,9.7,22.7,26.58,31.26,37.86,46.66
GM,5,16,258,6.2,19.9,26.84,31.7,33.98,41.58
GM,6,9,258,3.5,26.14,32.49,34.96,36.48,37.02
GM,7,4,258,1.6,25.69,27.57,33.33,38.5,38.62
GM,8,3,258,1.2,32.94,33.91,34.89,40.75,46.61
GM,9,1,258,0.4,38.51,38.51,38.51,38.51,38.51
GOOG,1,341,341,100.0,24.46,49.91,57.1,64.69,86.4
GOOG,2,116,341,34.0,22.66,37.63,44.14,51.06,76.6
GOOG,3,47,341,13.8,22.28,31.65,35.42,40.97,54.26
GOOG,4,18,341,5.3,25.94,30.7,33.92,35.9,38.05
GOOG,5,9,341,2.6,25.35,27.67,34.61,36.66,41.92
GOOG,6,4,341,1.2,21.33,29.71,34.02,36.76,40.43
GOOG,7,4,341,1.2,29.88,30.1,32.3,35.74,39.71
GOOG,8,2,341,0.6,22.94,24.79,26.63,28.48,30.33
GOOG,9,1,341,0.3,24.85,24.85,24.85,24.85,24.85
GOOGL,1,348,348,100.0,24.41,49.59,56.78,63.92,85.61
GOOGL,2,120,348,34.5,22.66,37.84,44.16,50.47,76.6
GOOGL,3,48,348,13.8,22.28,31.55,35.42,40.85,62.47
GOOGL,4,20,348,5.7,25.94,32.32,35.48,37.62,55.29
GOOGL,5,9,348,2.6,25.35,27.67,34.44,37.13,53.81
GOOGL,6,4,348,1.1,21.33,29.71,34.02,36.76,40.43
GOOGL,7,4,348,1.1,29.88,30.1,32.3,35.74,39.71
GOOGL,8,2,348,0.6,22.94,24.79,26.63,28.48,30.33
GOOGL,9,1,348,0.3,24.85,24.85,24.85,24.85,24.85
GS,1,365,365,100.0,26.09,47.35,55.42,62.33,82.77
GS,2,131,365,35.9,22.03,38.07,44.07,51.74,67.71
GS,3,49,365,13.4,18.73,31.11,35.51,40.48,59.42
GS,4,26,365,7.1,16.04,25.09,30.01,34.56,47.79
GS,5,14,365,3.8,21.66,27.05,31.95,34.96,44.44
GS,6,5,365,1.4,26.42,34.27,35.5,35.55,37.02
GSK,1,365,365,100.0,13.64,46.8,54.94,61.22,81.53
GSK,2,147,365,40.3,19.73,36.53,44.1,51.15,71.37
GSK,3,61,365,16.7,19.46,30.6,35.92,41.46,56.27
GSK,4,34,365,9.3,21.09,29.89,34.06,37.15,44.12
GSK,5,10,365,2.7,21.94,30.52,33.56,35.2,39.2
GSK,6,4,365,1.1,19.08,22.54,26.84,32.29,39.26
GSK,7,2,365,0.5,18.64,19.84,21.05,22.26,23.46
HD,1,355,355,100.0,17.63,48.19,57.09,63.98,85.72
HD,2,116,355,32.7,20.64,36.59,43.62,52.12,70.85
HD,3,50,355,14.1,21.25,31.0,37.13,43.77,71.73
HD,4,24,355,6.8,21.11,29.9,35.03,38.5,48.23
HD,5,10,355,2.8,22.48,24.51,31.02,33.49,38.03
HD,6,3,355,0.8,27.25,30.47,33.69,39.77,45.84
HD,7,1,355,0.3,34.34,34.34,34.34,34.34,34.34
HDB,1,361,361,100.0,21.53,47.99,56.16,62.46,77.47
HDB,2,136,361,37.7,11.22,37.1,43.11,50.91,67.86
HDB,3,61,361,16.9,14.65,32.47,37.0,42.44,54.73
HDB,4,26,361,7.2,22.19,27.59,31.77,36.13,48.35
HDB,5,15,361,4.2,18.58,26.77,28.5,31.86,41.9
HDB,6,7,361,1.9,20.38,25.14,27.88,30.61,32.61
HDB,7,5,361,1.4,17.4,27.23,27.45,28.0,31.25
HDB,8,3,361,0.8,19.5,21.3,23.1,27.92,32.74
HEI.DE,1,317,317,100.0,16.73,46.37,54.27,61.12,77.19
HEI.DE,2,125,317,39.4,19.31,36.45,44.09,51.27,67.1
HEI.DE,3,54,317,17.0,7.73,28.16,35.11,41.54,52.2
HEI.DE,4,22,317,6.9,12.16,25.18,30.35,35.69,44.56
HEI.DE,5,12,317,3.8,23.63,26.81,29.18,32.31,38.82
HEI.DE,6,4,317,1.3,24.8,26.53,28.36,29.88,30.64
HEI.DE,7,1,317,0.3,28.04,28.04,28.04,28.04,28.04
HEI.DE,8,1,317,0.3,28.05,28.05,28.05,28.05,28.05
HEN3.DE,1,294,294,100.0,21.65,47.62,54.89,61.94,79.18
HEN3.DE,2,115,294,39.1,16.23,35.74,42.64,49.29,61.73
HEN3.DE,3,56,294,19.0,20.4,28.43,34.95,38.19,51.89
HEN3.DE,4,24,294,8.2,12.89,28.73,36.14,39.73,64.57
HEN3.DE,5,9,294,3.1,12.76,28.63,35.96,36.8,62.3
HG=F,1,277,277,100.0,20.2,46.96,53.33,61.15,80.26
HG=F,2,115,277,41.5,19.51,37.09,44.49,48.48,62.37
HG=F,3,49,277,17.7,14.0,29.77,37.42,43.31,56.59
HG=F,4,28,277,10.1,19.98,27.48,31.59,36.73,46.58
HG=F,5,11,277,4.0,26.07,29.94,31.32,32.98,39.48
HG=F,6,7,277,2.5,20.2,28.88,31.54,32.7,40.47
HG=F,7,5,277,1.8,17.76,24.89,28.13,29.92,33.8
HG=F,8,4,277,1.4,26.14,29.84,31.18,31.95,33.91
HNR1.DE,1,312,312,100.0,23.03,48.74,55.67,62.62,77.44
HNR1.DE,2,111,312,35.6,20.78,37.38,44.69,51.65,72.48
HNR1.DE,3,48,312,15.4,20.46,32.26,36.42,40.67,56.29
HNR1.DE,4,17,312,5.4,10.41,29.79,32.95,35.29,45.3
HNR1.DE,5,4,312,1.3,28.0,31.54,34.41,38.98,47.61
HNR1.DE,6,1,312,0.3,34.57,34.57,34.57,34.57,34.57
HON,1,366,366,100.0,26.57,48.7,55.81,62.91,84.45
HON,2,121,366,33.1,24.52,36.89,45.03,51.29,67.14
HON,3,51,366,13.9,19.77,32.5,37.52,42.29,51.88
HON,4,23,366,6.3,17.21,29.2,33.05,35.44,42.69
HON,5,6,366,1.6,28.68,33.96,35.22,38.66,39.59
HON,6,1,366,0.3,33.45,33.45,33.45,33.45,33.45
HSBC,1,414,414,100.0,22.55,48.1,55.64,63.16,86.42
HSBC,2,163,414,39.4,18.96,37.77,45.16,52.44,71.26
HSBC,3,77,414,18.6,15.95,32.11,37.34,43.26,59.29
HSBC,4,45,414,10.9,16.54,30.62,35.44,37.98,51.24
HSBC,5,17,414,4.1,16.67,25.47,31.96,34.63,40.57
HSBC,6,7,414,1.7,21.89,27.49,29.35,37.3,38.52
HSBC,7,3,414,0.7,27.04,28.74,30.45,31.4,32.34
HSBC,8,1,414,0.2,31.89,31.89,31.89,31.89,31.89
HSBC,9,1,414,0.2,31.46,31.46,31.46,31.46,31.46
HSBC,10,1,414,0.2,26.98,26.98,26.98,26.98,26.98
IBM,1,289,289,100.0,22.68,48.4,55.87,63.42,86.28
IBM,2,126,289,43.6,13.65,36.25,43.68,51.34,74.12
IBM,3,45,289,15.6,17.85,29.77,36.13,41.19,61.03
IBM,4,22,289,7.6,20.15,31.23,36.16,40.87,48.11
IBM,5,8,289,2.8,18.58,22.82,25.08,30.61,38.6
IBM,6,3,289,1.0,30.59,38.13,45.67,46.45,47.22
IBN,1,379,379,100.0,24.85,46.64,54.65,62.96,84.12
IBN,2,154,379,40.6,20.29,36.61,45.11,51.86,68.88
IBN,3,73,379,19.3,23.91,34.35,37.86,44.27,55.41
IBN,4,32,379,8.4,15.85,29.32,34.96,38.35,45.0
IBN,5,19,379,5.0,16.88,26.91,31.57,38.47,44.83
IBN,6,7,379,1.8,15.14,27.16,28.18,30.65,36.82
IBN,7,4,379,1.1,20.03,28.66,32.28,34.05,37.15
IBN,8,1,379,0.3,25.26,25.26,25.26,25.26,25.26
IDXX,1,282,282,100.0,22.34,46.6,55.78,62.47,85.68
IDXX,2,99,282,35.1,17.73,38.64,43.25,49.42,76.4
IDXX,3,47,282,16.7,18.72,32.12,39.0,43.45,51.94
IDXX,4,19,282,6.7,21.58,33.52,35.53,36.25,43.04
IDXX,5,6,282,2.1,26.41,29.83,34.88,39.64,43.28
IDXX,6,3,282,1.1,22.98,25.49,28.0,32.88,37.75
IDXX,7,1,282,0.4,31.36,31.36,31.36,31.36,31.36
IDXX,8,1,282,0.4,32.18,32.18,32.18,32.18,32.18
IFX.DE,1,322,322,100.0,26.6,48.91,55.28,61.86,83.24
IFX.DE,2,115,322,35.7,21.81,35.98,44.12,49.97,66.16
IFX.DE,3,49,322,15.2,15.93,29.39,34.41,40.15,57.52
IFX.DE,4,29,322,9.0,17.31,29.01,32.29,36.94,54.49
IFX.DE,5,13,322,4.0,16.53,21.53,26.6,33.06,34.64
IFX.DE,6,3,322,0.9,16.61,17.17,17.74,23.14,28.55
IFX.DE,7,3,322,0.9,19.38,20.67,21.96,23.28,24.6
ILMN,1,302,302,100.0,16.77,47.99,56.13,63.94,90.02
ILMN,2,119,302,39.4,20.14,38.13,44.72,51.39,70.46
ILMN,3,45,302,14.9,14.2,29.02,36.62,45.02,61.7
ILMN,4,21,302,7.0,14.4,30.4,33.57,39.39,54.31
ILMN,5,7,302,2.3,24.65,33.53,35.0,38.02,55.14
ILMN,6,3,302,1.0,17.89,20.3,22.71,27.04,31.37
ILMN,7,3,302,1.0,19.36,22.73,26.11,28.45,30.8
ILMN,8,1,302,0.3,18.42,18.42,18.42,18.42,18.42
ILMN,9,1,302,0.3,21.6,21.6,21.6,21.6,21.6
ING,1,409,409,100.0,19.69,48.51,55.43,62.09,85.03
ING,2,147,409,35.9,14.81,36.17,42.84,49.89,64.77
ING,3,74,409,18.1,18.47,29.63,35.07,40.98,58.84
ING,4,36,409,8.8,20.16,27.92,29.99,35.8,44.19
ING,5,14,409,3.4,16.18,23.04,28.82,34.8,39.59
ING,6,6,409,1.5,28.32,28.68,31.03,34.4,35.47
ING,7,3,409,0.7,27.19,27.54,27.88,28.75,29.63
ING,8,2,409,0.5,26.49,27.91,29.33,30.75,32.17
INTC,1,315,315,100.0,16.14,47.89,54.63,62.59,84.38
INTC,2,125,315,39.7,21.18,36.39,42.0,50.38,69.9
INTC,3,48,315,15.2,20.0,31.54,36.63,42.84,57.78
INTC,4,22,315,7.0,21.16,29.24,32.33,38.36,54.88
INTC,5,15,315,4.8,24.74,29.24,32.79,36.18,43.41
INTC,6,6,315,1.9,25.99,29.45,31.08,35.47,38.34
INTC,7,2,315,0.6,20.18,23.2,26.23,29.25,32.27
INTC,8,1,315,0.3,39.34,39.34,39.34,39.34,39.34
INTU,1,312,312,100.0,28.84,48.29,57.16,62.8,86.95
INTU,2,123,312,39.4,29.3,38.75,45.15,50.91,67.08
INTU,3,48,312,15.4,18.26,33.34,39.08,44.39,62.74
INTU,4,22,312,7.1,12.13,28.54,32.91,39.65,44.15
INTU,5,11,312,3.5,17.38,27.92,33.06,38.86,41.82
INTU,6,4,312,1.3,18.44,23.49,28.48,32.48,34.6
ISRG,1,319,319,100.0,22.99,50.0,58.2,63.59,85.38
ISRG,2,113,319,35.4,19.87,36.83,44.97,51.12,65.82
ISRG,3,42,319,13.2,19.78,31.04,34.9,42.85,61.12
ISRG,4,20,319,6.3,19.19,27.4,30.35,34.92,40.09
ISRG,5,8,319,2.5,21.58,26.77,29.89,33.14,35.99
ISRG,6,4,319,1.3,32.06,32.67,33.03,33.35,33.83
ISRG,7,2,319,0.6,30.22,33.52,36.83,40.13,43.43
JNJ,1,348,348,100.0,25.05,49.97,57.48,64.48,82.82
JNJ,2,123,348,35.3,17.97,37.61,44.65,52.23,77.88
JNJ,3,54,348,15.5,19.43,32.32,36.84,43.56,62.29
JNJ,4,17,348,4.9,18.45,29.09,33.5,37.61,42.65
JNJ,5,9,348,2.6,20.68,29.73,35.41,37.93,40.79
JNJ,6,4,348,1.1,25.58,25.67,27.44,31.08,36.8
JNJ,7,2,348,0.6,20.65,23.29,25.92,28.55,31.19
JNJ,8,1,348,0.3,32.72,32.72,32.72,32.72,32.72
JNJ,9,1,348,0.3,35.89,35.89,35.89,35.89,35.89
JPM,1,381,381,100.0,25.64,48.46,56.35,63.35,81.14
JPM,2,141,381,37.0,18.42,37.35,44.04,49.54,72.73
JPM,3,63,381,16.5,16.13,34.06,37.65,43.52,60.35
JPM,4,23,381,6.0,19.36,30.95,34.34,38.8,46.1
JPM,5,7,381,1.8,26.92,27.53,33.93,37.76,42.99
JPM,6,2,381,0.5,27.23,27.43,27.63,27.83,28.03
JPM,7,1,381,0.3,23.92,23.92,23.92,23.92,23.92
KDP,1,309,309,100.0,27.37,49.37,56.48,63.77,90.95
KDP,2,104,309,33.7,20.7,36.39,43.36,51.93,76.4
KDP,3,41,309,13.3,18.63,32.12,36.7,44.01,70.77
KDP,4,20,309,6.5,22.31,33.06,36.95,39.73,64.8
KDP,5,8,309,2.6,22.4,32.6,36.62,37.74,41.33
KDP,6,3,309,1.0,27.44,34.93,42.42,44.31,46.2
KDP,7,1,309,0.3,30.09,30.09,30.09,30.09,30.09
KHC,1,146,146,100.0,21.02,48.3,55.05,61.82,79.62
KHC,2,59,146,40.4,18.97,32.14,38.7,47.37,65.47
KHC,3,34,146,23.3,20.1,28.33,32.81,37.1,48.46
KHC,4,15,146,10.3,18.09,28.46,32.35,38.09,42.52
KHC,5,9,146,6.2,16.19,22.35,35.08,35.98,41.85
KHC,6,3,146,2.1,30.69,31.88,33.06,33.9,34.74
KHC,7,3,146,2.1,24.92,29.58,34.24,36.21,38.18
KHC,8,1,146,0.7,23.31,23.31,23.31,23.31,23.31
KLAC,1,362,362,100.0,26.58,46.62,56.28,63.73,83.92
KLAC,2,135,362,37.3,20.62,37.4,44.45,51.86,67.63
KLAC,3,54,362,14.9,25.92,34.31,38.5,40.49,54.75
KLAC,4,26,362,7.2,22.44,32.91,37.44,39.34,44.5
KLAC,5,8,362,2.2,23.8,32.59,35.41,39.4,45.79
KLAC,6,3,362,0.8,26.99,27.67,28.35,31.71,35.08
KO,1,314,314,100.0,23.76,50.2,57.43,63.47,80.76
KO,2,106,314,33.8,18.0,37.29,44.59,50.54,68.78
KO,3,40,314,12.7,22.75,34.42,37.52,41.41,56.55
KO,4,14,314,4.5,23.85,28.52,32.33,38.34,41.84
KO,5,7,314,2.2,23.19,31.88,37.53,39.84,41.07
KO,6,2,314,0.6,36.86,37.0,37.15,37.3,37.44
LIN,1,363,363,100.0,23.0,49.27,55.91,61.02,76.68
LIN,2,118,363,32.5,23.83,39.45,44.17,50.23,64.18
LIN,3,48,363,13.2,20.64,33.86,38.36,42.33,52.37
LIN,4,16,363,4.4,16.88,31.15,35.02,39.75,44.65
LIN,5,5,363,1.4,32.96,34.26,35.53,38.81,41.22
LIN,6,2,363,0.6,23.94,27.35,30.76,34.16,37.57
LIN,7,1,363,0.3,33.06,33.06,33.06,33.06,33.06
LLY,1,307,307,100.0,13.2,47.53,56.33,63.33,85.05
LLY,2,115,307,37.5,25.45,38.64,42.96,50.53,70.9
LLY,3,48,307,15.6,23.83,34.73,38.91,44.59,56.73
LLY,4,18,307,5.9,18.21,30.66,32.75,40.5,46.24
LLY,5,11,307,3.6,19.52,25.66,32.44,35.54,43.66
LLY,6,4,307,1.3,24.05,25.86,27.83,29.72,31.31
LMT,1,324,324,100.0,19.28,48.1,55.78,62.21,83.66
LMT,2,116,324,35.8,19.16,37.73,43.84,52.65,74.54
LMT,3,43,324,13.3,18.6,31.21,37.46,43.9,52.07
LMT,4,17,324,5.2,25.1,28.36,33.32,37.58,50.43
LMT,5,5,324,1.5,25.85,33.82,35.43,36.44,37.48
LMT,6,1,324,0.3,33.24,33.24,33.24,33.24,33.24
LMT,7,1,324,0.3,31.54,31.54,31.54,31.54,31.54
LOW,1,312,312,100.0,24.7,48.84,56.69,63.68,84.45
LOW,2,117,312,37.5,19.65,38.65,46.44,52.73,83.07
LOW,3,52,312,16.7,22.45,32.68,38.45,46.32,77.25
LOW,4,27,312,8.7,20.44,29.23,34.01,38.94,63.41
LOW,5,14,312,4.5,19.41,27.98,30.71,36.54,42.92
LOW,6,7,312,2.2,20.57,26.79,29.79,37.04,43.38
LOW,7,3,312,1.0,17.36,20.77,24.17,24.45,24.74
LOW,8,2,312,0.6,27.35,31.59,35.82,40.05,44.29
LRCX,1,350,350,100.0,27.42,48.33,55.67,62.97,81.6
LRCX,2,132,350,37.7,22.26,38.08,43.73,50.73,67.5
LRCX,3,59,350,16.9,27.03,33.19,38.32,43.3,62.57
LRCX,4,26,350,7.4,21.87,31.14,32.89,39.16,52.25
LRCX,5,11,350,3.1,27.23,30.48,32.37,34.36,39.21
LRCX,6,4,350,1.1,28.57,29.81,31.24,33.52,37.3
LRCX,7,2,350,0.6,32.76,33.83,34.89,35.96,37.03
LULU,1,308,308,100.0,21.07,48.22,57.86,65.73,84.01
LULU,2,108,308,35.1,15.12,37.05,43.17,51.59,78.8
LULU,3,53,308,17.2,21.93,31.67,35.26,39.6,54.35
LULU,4,26,308,8.4,20.1,29.14,32.75,36.15,49.46
LULU,5,13,308,4.2,20.65,26.8,30.86,35.09,40.88
LULU,6,7,308,2.3,20.96,24.66,28.49,35.78,51.18
LULU,7,3,308,1.0,23.97,24.18,24.4,24.43,24.47
LULU,8,2,308,0.6,22.3,22.88,23.46,24.05,24.63
LULU,9,1,308,0.3,26.73,26.73,26.73,26.73,26.73
MA,1,351,351,100.0,29.81,49.86,56.18,62.66,78.63
MA,2,115,351,32.8,23.21,39.52,46.3,52.55,70.97
MA,3,44,351,12.5,22.86,33.72,39.3,45.84,63.85
MA,4,16,351,4.6,25.16,30.34,35.53,39.82,43.79
MA,5,9,351,2.6,25.93,31.73,34.98,37.32,42.84
MA,6,2,351,0.6,38.27,40.0,41.73,43.47,45.2
MA,7,1,351,0.3,40.81,40.81,40.81,40.81,40.81
MAR,1,359,359,100.0,23.65,48.59,56.51,63.33,88.55
MAR,2,128,359,35.7,19.14,34.94,42.24,48.97,71.18
MAR,3,51,359,14.2,23.59,33.52,37.71,40.86,57.3
MAR,4,21,359,5.8,16.21,33.4,38.58,40.97,45.77
MAR,5,6,359,1.7,27.13,31.14,33.16,34.43,37.17
MAR,6,2,359,0.6,27.33,30.68,34.03,37.39,40.74
MAR,7,1,359,0.3,38.95,38.95,38.95,38.95,38.95
MBG.DE,1,346,346,100.0,14.91,48.14,55.33,62.55,92.39
MBG.DE,2,133,346,38.4,16.51,36.34,43.81,51.05,68.57
MBG.DE,3,59,346,17.1,16.54,29.75,33.78,40.79,53.97
MBG.DE,4,32,346,9.2,14.48,27.21,31.67,36.56,52.1
MBG.DE,5,13,346,3.8,18.95,27.17,32.42,38.3,40.08
MBG.DE,6,4,346,1.2,25.59,32.69,35.73,36.41,36.42
MBG.DE,7,2,346,0.6,25.88,29.76,33.64,37.52,41.4
MCD,1,353,353,100.0,26.27,48.85,56.43,63.33,83.57
MCD,2,116,353,32.9,18.73,37.52,43.61,50.27,72.99
MCD,3,45,353,12.7,19.18,30.81,38.81,41.74,61.73
MCD,4,16,353,4.5,21.76,27.97,31.15,33.82,45.77
MCD,5,6,353,1.7,29.73,31.33,33.8,36.09,41.84
MCD,6,3,353,0.8,30.95,32.91,34.87,35.77,36.66
MCHP,1,328,328,100.0,22.34,47.21,55.52,61.67,78.95
MCHP,2,127,328,38.7,15.89,37.45,44.75,52.59,65.89
MCHP,3,55,328,16.8,21.58,32.91,37.84,44.38,56.85
MCHP,4,17,328,5.2,20.55,29.36,35.13,40.12,45.09
MCHP,5,6,328,1.8,16.6,26.87,29.79,31.89,39.18
MCHP,6,2,328,0.6,29.98,31.05,32.12,33.2,34.27
MCHP,7,1,328,0.3,28.52,28.52,28.52,28.52,28.52
MCK,1,323,323,100.0,18.33,49.1,55.68,63.74,76.77
MCK,2,110,323,34.1,17.48,38.12,44.42,51.66,70.84
MCK,3,42,323,13.0,18.32,31.4,38.5,45.25,57.8
MCK,4,15,323,4.6,22.05,30.55,33.22,40.95,45.37
MCK,5,7,323,2.2,33.31,34.27,34.97,36.77,38.87
MCK,6,4,323,1.2,19.6,24.32,28.12,31.88,36.48
MCK,7,2,323,0.6,18.16,20.64,23.13,25.62,28.1
MCK,8,2,323,0.6,24.05,25.25,26.45,27.64,28.84
MCK,9,2,323,0.6,11.15,14.61,18.07,21.54,25.0
MDB,1,152,152,100.0,14.16,47.11,53.8,62.98,76.27
MDB,2,61,152,40.1,14.77,38.54,43.7,50.93,65.2
MDB,3,29,152,19.1,13.96,31.39,35.91,41.29,54.22
MDB,4,10,152,6.6,22.5,26.36,29.61,31.36,56.36
MDB,5,3,152,2.0,30.98,31.03,31.08,31.19,31.3
MDB,6,2,152,1.3,30.29,31.52,32.74,33.96,35.19
MDB,7,1,152,0.7,26.39,26.39,26.39,26.39,26.39
MDB,8,1,152,0.7,26.1,26.1,26.1,26.1,26.1
MDLZ,1,314,314,100.0,23.98,48.99,56.19,62.5,76.72
MDLZ,2,113,314,36.0,24.04,37.07,44.26,50.27,62.43
MDLZ,3,53,314,16.9,23.35,30.83,35.06,42.04,59.89
MDLZ,4,14,314,4.5,23.36,31.19,34.63,39.42,42.47
MDLZ,5,8,314,2.5,20.24,27.52,30.59,34.27,39.23
MDLZ,6,2,314,0.6,22.62,29.16,35.7,42.23,48.77
MDT,1,291,291,100.0,20.63,49.05,55.71,63.3,80.51
MDT,2,105,291,36.1,18.79,37.72,44.86,52.01,71.31
MDT,3,50,291,17.2,22.52,32.64,37.56,41.97,56.71
MDT,4,23,291,7.9,19.26,29.39,34.7,38.86,50.6
MDT,5,10,291,3.4,14.41,24.89,27.24,35.45,38.6
MDT,6,5,291,1.7,22.4,24.64,27.26,27.3,37.31
MDT,7,4,291,1.4,25.6,26.85,28.87,31.6,34.95
MDT,8,4,291,1.4,25.43,27.84,29.3,31.32,35.45
MDT,9,2,291,0.7,23.15,23.59,24.04,24.48,24.92
MELI,1,312,312,100.0,24.46,47.22,56.17,63.84,82.59
MELI,2,114,312,36.5,22.46,37.02,43.26,51.07,64.81
MELI,3,47,312,15.1,21.11,31.35,35.3,43.23,54.66
MELI,4,21,312,6.7,23.62,29.8,33.33,37.2,44.58
MELI,5,8,312,2.6,19.39,28.33,31.62,36.63,40.13
MELI,6,2,312,0.6,25.6,27.55,29.49,31.44,33.38
MELI,7,1,312,0.3,21.06,21.06,21.06,21.06,21.06
META,1,253,253,100.0,21.93,49.25,57.9,64.38,82.61
META,2,86,253,34.0,16.84,37.02,44.06,54.37,66.37
META,3,42,253,16.6,23.32,31.02,36.09,44.36,60.34
META,4,17,253,6.7,25.36,31.06,33.9,42.13,53.39
META,5,8,253,3.2,29.67,30.45,31.99,35.03,42.52
META,6,1,253,0.4,22.66,22.66,22.66,22.66,22.66
MFG,1,296,296,100.0,5.98,44.59,52.78,59.66,78.89
MFG,2,124,296,41.9,14.65,35.77,41.34,49.36,67.93
MFG,3,62,296,20.9,21.26,29.71,34.49,38.76,52.56
MFG,4,31,296,10.5,23.02,30.1,33.46,36.09,39.47
MFG,5,15,296,5.1,14.44,28.0,33.53,36.23,42.42
MFG,6,7,296,2.4,20.48,22.96,31.06,36.89,38.19
MFG,7,2,296,0.7,37.95,38.12,38.28,38.45,38.62
MFG,8,1,296,0.3,31.86,31.86,31.86,31.86,31.86
MFG,9,1,296,0.3,27.42,27.42,27.42,27.42,27.42
MFG,10,1,296,0.3,29.68,29.68,29.68,29.68,29.68
MMM,1,302,302,100.0,22.52,48.9,56.14,62.59,81.52
MMM,2,103,302,34.1,18.06,37.05,45.26,52.95,74.07
MMM,3,45,302,14.9,15.59,31.2,35.23,41.64,53.64
MMM,4,23,302,7.6,19.68,26.14,29.86,34.28,44.19
MMM,5,8,302,2.6,27.45,30.2,31.13,31.63,44.59
MMM,6,3,302,1.0,17.61,27.08,36.55,37.22,37.88
MMM,7,3,302,1.0,23.49,24.8,26.11,30.74,35.37
MMM,8,2,302,0.7,30.96,31.32,31.68,32.05,32.41
MNST,1,298,298,100.0,23.03,50.02,56.69,64.21,80.83
MNST,2,104,298,34.9,22.54,37.45,46.52,52.91,74.8
MNST,3,40,298,13.4,24.13,33.87,37.42,41.05,62.32
MNST,4,16,298,5.4,25.02,28.18,33.02,36.22,36.95
MNST,5,10,298,3.4,22.11,29.71,33.57,36.21,50.29
MNST,6,5,298,1.7,18.97,25.26,25.65,30.44,35.51
MNST,7,5,298,1.7,17.34,25.05,27.42,32.68,33.29
MO,1,313,313,100.0,21.34,51.35,58.72,65.61,84.07
MO,2,94,313,30.0,21.11,37.8,45.16,52.94,71.67
MO,3,41,313,13.1,18.66,30.94,35.05,40.54,64.81
MO,4,18,313,5.8,24.8,28.11,32.62,35.4,58.42
MO,5,5,313,1.6,16.52,33.7,34.8,39.36,39.96
MO,6,3,313,1.0,27.33,29.45,31.56,34.64,37.72
MO,7,3,313,1.0,27.78,29.79,31.8,34.02,36.25
MO,8,1,313,0.3,31.68,31.68,31.68,31.68,31.68
MPC,1,236,236,100.0,26.29,48.25,57.22,64.14,84.9
MPC,2,86,236,36.4,14.49,35.8,43.86,52.77,68.9
MPC,3,34,236,14.4,22.52,29.61,34.3,39.52,57.98
MPC,4,15,236,6.4,22.31,27.45,30.29,34.39,42.1
MPC,5,3,236,1.3,24.36,26.86,29.36,31.95,34.54
MRK,1,306,306,100.0,23.18,47.09,55.03,63.57,82.23
MRK,2,114,306,37.3,16.37,37.31,44.25,50.08,79.69
MRK,3,44,306,14.4,9.67,33.62,37.48,43.27,61.11
MRK,4,21,306,6.9,20.2,28.75,32.52,37.74,45.65
MRK,5,11,306,3.6,22.54,33.1,34.78,36.97,47.53
MRK,6,3,306,1.0,27.33,30.26,33.19,35.55,37.92
MRK,7,1,306,0.3,38.69,38.69,38.69,38.69,38.69
MRK.DE,1,321,321,100.0,25.64,48.19,55.7,63.22,82.12
MRK.DE,2,103,321,32.1,17.01,34.29,41.51,50.48,66.95
MRK.DE,3,44,321,13.7,20.48,31.35,34.13,41.62,57.06
MRK.DE,4,27,321,8.4,21.45,27.05,31.92,37.83,43.79
MRK.DE,5,7,321,2.2,27.28,30.6,34.46,36.14,37.28
MRK.DE,6,4,321,1.2,19.68,22.34,26.88,31.65,34.99
MRK.DE,7,3,321,0.9,29.69,30.52,31.35,31.91,32.48
MRK.DE,8,1,321,0.3,41.79,41.79,41.79,41.79,41.79
MRNA,1,108,108,100.0,12.62,45.29,51.94,60.39,80.29
MRNA,2,47,108,43.5,29.54,38.45,42.47,48.0,70.6
MRNA,3,22,108,20.4,18.2,32.63,38.68,42.27,61.92
MRNA,4,11,108,10.2,20.53,26.44,33.5,36.41,44.15
MRNA,5,7,108,6.5,18.08,25.14,29.85,34.76,35.47
MRNA,6,3,108,2.8,24.27,26.05,27.84,28.29,28.74
MRNA,7,2,108,1.9,25.9,27.59,29.29,30.98,32.67
MRNA,8,1,108,0.9,22.51,22.51,22.51,22.51,22.51
MRNA,9,1,108,0.9,26.78,26.78,26.78,26.78,26.78
MRVL,1,293,293,100.0,21.25,49.17,56.52,61.65,83.62
MRVL,2,114,293,38.9,21.03,37.0,44.7,54.05,65.25
MRVL,3,55,293,18.8,23.08,33.09,36.7,42.6,57.7
MRVL,4,26,293,8.9,20.91,32.61,35.66,39.56,52.28
MRVL,5,14,293,4.8,24.32,29.49,35.47,36.22,39.01
MRVL,6,7,293,2.4,21.82,31.61,33.43,33.86,34.49
MRVL,7,5,293,1.7,24.25,24.5,28.22,29.25,33.23
MRVL,8,3,293,1.0,20.72,26.35,31.98,32.48,32.99
MRVL,9,1,293,0.3,30.1,30.1,30.1,30.1,30.1
MS,1,376,376,100.0,22.16,48.63,55.56,62.03,82.24
MS,2,143,376,38.0,18.68,38.84,45.86,51.55,73.05
MS,3,56,376,14.9,18.31,32.61,38.72,42.56,53.63
MS,4,30,376,8.0,22.99,27.86,34.88,38.07,45.81
MS,5,11,376,2.9,15.38,24.76,34.06,37.67,41.92
MS,6,8,376,2.1,20.6,32.91,35.39,36.98,39.65
MS,7,4,376,1.1,28.94,29.63,31.03,32.69,34.14
MS,8,3,376,0.8,26.47,27.48,28.49,29.64,30.8
MS,9,2,376,0.5,23.57,23.79,24.01,24.23,24.45
MSFT,1,357,357,100.0,22.88,48.9,56.37,63.76,89.27
MSFT,2,118,357,33.1,24.8,38.95,44.08,51.9,86.88
MSFT,3,46,357,12.9,18.28,33.19,37.67,41.93,59.93
MSFT,4,19,357,5.3,25.23,31.77,36.5,41.72,48.34
MSFT,5,6,357,1.7,24.71,31.96,34.22,35.86,43.53
MSFT,6,2,357,0.6,32.35,33.58,34.8,36.03,37.26
MSTR,1,257,257,100.0,18.84,47.66,55.36,62.91,85.07
MSTR,2,95,257,37.0,17.0,34.81,42.22,50.62,70.79
MSTR,3,47,257,18.3,11.8,31.82,35.66,41.55,51.65
MSTR,4,24,257,9.3,16.24,30.54,34.14,36.28,44.77
MSTR,5,12,257,4.7,22.54,29.95,34.14,35.91,38.6
MSTR,6,4,257,1.6,24.26,27.23,29.49,31.57,33.97
MSTR,7,1,257,0.4,28.21,28.21,28.21,28.21,28.21
MTX.DE,1,308,308,100.0,10.15,48.51,56.52,63.59,83.1
MTX.DE,2,114,308,37.0,7.91,35.94,44.23,52.26,67.45
MTX.DE,3,37,308,12.0,21.31,32.03,36.02,42.48,50.78
MTX.DE,4,21,308,6.8,24.96,31.03,33.36,35.75,39.89
MTX.DE,5,8,308,2.6,26.27,28.75,31.52,35.7,41.71
MTX.DE,6,3,308,1.0,26.79,28.05,29.32,32.0,34.67
MU,1,287,287,100.0,19.24,49.25,57.33,64.89,80.53
MU,2,105,287,36.6,13.12,37.59,42.37,50.27,69.17
MU,3,60,287,20.9,12.51,34.26,36.8,42.44,53.48
MU,4,28,287,9.8,22.21,28.23,33.64,38.6,47.49
MU,5,13,287,4.5,18.81,27.66,31.48,33.73,40.02
MU,6,5,287,1.7,24.84,24.94,28.92,33.12,39.72
MU,7,1,287,0.3,27.02,27.02,27.02,27.02,27.02
MU,8,1,287,0.3,32.49,32.49,32.49,32.49,32.49
MUFG,1,319,319,100.0,25.09,45.78,53.52,60.39,80.89
MUFG,2,141,319,44.2,17.14,36.51,43.93,51.99,66.48
MUFG,3,73,319,22.9,10.62,31.14,38.47,43.28,56.85
MUFG,4,35,319,11.0,14.91,28.74,34.57,38.37,52.16
MUFG,5,16,319,5.0,19.22,25.53,31.59,35.87,49.49
MUFG,6,8,319,2.5,17.1,29.96,32.52,33.73,36.67
MUFG,7,4,319,1.3,27.36,27.42,31.0,34.84,35.7
MUFG,8,2,319,0.6,35.24,35.91,36.58,37.25,37.92
MUFG,9,1,319,0.3,32.7,32.7,32.7,32.7,32.7
MUFG,10,1,319,0.3,30.31,30.31,30.31,30.31,30.31
MUFG,11,1,319,0.3,25.87,25.87,25.87,25.87,25.87
MUV2.DE,1,334,334,100.0,15.42,48.88,56.41,63.58,78.11
MUV2.DE,2,126,334,37.7,23.22,36.69,42.75,48.9,64.86
MUV2.DE,3,48,334,14.4,13.71,32.2,35.56,43.36,56.85
MUV2.DE,4,16,334,4.8,20.02,30.25,34.66,39.44,41.43
MUV2.DE,5,4,334,1.2,29.28,30.53,32.19,33.62,34.18
MUV2.DE,6,1,334,0.3,32.77,32.77,32.77,32.77,32.77
NEE,1,311,311,100.0,17.45,50.05,56.85,62.67,88.03
NEE,2,90,311,28.9,17.83,38.02,45.83,50.74,68.87
NEE,3,49,311,15.8,19.66,35.19,37.92,42.53,55.95
NEE,4,16,311,5.1,24.65,30.17,35.45,38.68,43.55
NEE,5,3,311,1.0,30.45,30.71,30.98,31.9,32.81
NEE,6,1,311,0.3,26.37,26.37,26.37,26.37,26.37
NEM,1,338,338,100.0,22.68,46.33,55.14,62.37,81.94
NEM,2,129,338,38.2,20.75,37.12,43.68,49.28,77.62
NEM,3,60,338,17.8,20.11,31.64,37.45,40.96,53.85
NEM,4,31,338,9.2,20.41,29.27,34.36,38.33,53.47
NEM,5,15,338,4.4,21.52,29.32,32.77,35.84,41.61
NEM,6,11,338,3.3,18.65,25.33,31.53,33.59,40.31
NEM,7,4,338,1.2,19.51,26.61,29.39,31.46,36.43
NEM,8,3,338,0.9,24.77,27.67,30.57,30.82,31.08
NET,1,118,118,100.0,29.0,48.18,55.72,64.12,80.54
NET,2,46,118,39.0,27.36,38.82,46.66,51.82,65.3
NET,3,14,118,11.9,21.39,31.66,37.48,41.74,47.12
NET,4,8,118,6.8,25.1,30.37,33.64,35.99,47.59
NET,5,3,118,2.5,25.22,28.28,31.34,31.48,31.62
NET,6,2,118,1.7,26.14,26.76,27.38,27.99,28.61
NET,7,1,118,0.8,30.2,30.2,30.2,30.2,30.2
NFLX,1,332,332,100.0,23.02,48.8,57.39,65.17,83.6
NFLX,2,119,332,35.8,19.49,35.62,43.91,52.91,74.26
NFLX,3,48,332,14.5,21.32,33.53,39.14,45.19,64.02
NFLX,4,23,332,6.9,19.05,26.33,30.32,43.38,54.44
NFLX,5,9,332,2.7,20.56,26.56,27.27,28.1,35.14
NFLX,6,6,332,1.8,10.45,23.09,31.43,38.48,39.91
NFLX,7,4,332,1.2,17.59,21.43,26.09,31.96,39.42
NFLX,8,3,332,0.9,16.83,23.76,30.69,31.32,31.95
NFLX,9,1,332,0.3,22.2,22.2,22.2,22.2,22.2
NFLX,10,1,332,0.3,22.02,22.02,22.02,22.02,22.02
NFLX,11,1,332,0.3,24.44,24.44,24.44,24.44,24.44
NFLX,12,1,332,0.3,29.54,29.54,29.54,29.54,29.54
NG=F,1,303,303,100.0,21.89,46.11,53.11,59.19,79.28
NG=F,2,121,303,39.9,22.58,36.89,41.59,47.44,61.21
NG=F,3,62,303,20.5,21.12,34.72,38.34,41.79,56.16
NG=F,4,35,303,11.6,24.0,32.75,34.93,39.2,51.04
NG=F,5,18,303,5.9,22.11,31.38,34.05,38.37,40.83
NG=F,6,6,303,2.0,27.24,28.37,30.77,32.55,36.66
NG=F,7,4,303,1.3,29.54,30.02,33.46,37.58,40.09
NG=F,8,3,303,1.0,30.1,30.91,31.73,33.4,35.07
NG=F,9,2,303,0.7,26.84,27.14,27.45,27.75,28.06
NG=F,10,2,303,0.7,26.55,27.94,29.33,30.71,32.1
NKE,1,318,318,100.0,25.29,47.82,56.58,63.71,80.24
NKE,2,101,318,31.8,19.49,35.99,44.21,51.3,65.86
NKE,3,55,318,17.3,20.36,32.22,36.79,41.36,56.09
NKE,4,29,318,9.1,20.38,30.87,33.58,37.49,46.87
NKE,5,10,318,3.1,23.8,26.19,28.19,31.41,33.87
NKE,6,7,318,2.2,20.4,24.84,25.54,29.2,31.64
NKE,7,3,318,0.9,20.56,23.54,26.51,29.08,31.64
NKE,8,2,318,0.6,20.18,23.03,25.88,28.74,31.59
NKE,9,1,318,0.3,18.4,18.4,18.4,18.4,18.4
NKE,10,1,318,0.3,24.31,24.31,24.31,24.31,24.31
NOW,1,235,235,100.0,26.22,49.29,56.87,63.14,79.61
NOW,2,81,235,34.5,18.25,39.25,45.04,49.9,66.94
NOW,3,34,235,14.5,24.89,33.33,39.01,41.77,47.55
NOW,4,15,235,6.4,22.4,27.79,32.44,41.59,50.16
NOW,5,4,235,1.7,19.72,22.97,29.95,36.26,37.5
NOW,6,3,235,1.3,16.26,25.59,34.93,36.33,37.72
NOW,7,1,235,0.4,31.94,31.94,31.94,31.94,31.94
NVDA,1,328,328,100.0,25.69,48.78,57.52,64.8,81.91
NVDA,2,111,328,33.8,14.31,38.06,45.49,51.14,67.66
NVDA,3,47,328,14.3,22.86,30.82,35.24,41.97,54.16
NVDA,4,20,328,6.1,23.88,29.89,34.03,38.28,50.94
NVDA,5,8,328,2.4,18.89,32.03,32.73,37.22,40.12
NVDA,6,2,328,0.6,38.99,39.13,39.27,39.4,39.54
NVDA,7,1,328,0.3,32.62,32.62,32.62,32.62,32.62
NVO,1,414,414,100.0,20.38,49.47,55.91,62.54,80.93
NVO,2,147,414,35.5,19.69,37.58,45.04,52.17,73.5
NVO,3,55,414,13.3,17.43,33.43,38.23,44.21,57.0
NVO,4,22,414,5.3,21.59,28.48,35.11,36.92,45.99
NVO,5,7,414,1.7,22.52,22.86,29.76,35.94,46.28
NVO,6,2,414,0.5,19.52,25.34,31.15,36.97,42.78
NVO,7,1,414,0.2,21.46,21.46,21.46,21.46,21.46
NVO,8,1,414,0.2,19.76,19.76,19.76,19.76,19.76
NVS,1,424,424,100.0,21.3,48.3,56.28,63.95,80.16
NVS,2,139,424,32.8,20.28,38.03,44.46,50.69,71.96
NVS,3,66,424,15.6,19.31,31.38,37.28,43.83,61.28
NVS,4,23,424,5.4,17.34,26.75,30.32,34.72,49.42
NVS,5,8,424,1.9,20.83,22.41,27.66,33.9,40.89
NVS,6,4,424,0.9,21.41,25.23,27.32,29.52,33.71
NXPI,1,250,250,100.0,16.81,49.52,56.86,62.69,79.43
NXPI,2,107,250,42.8,13.05,40.2,46.55,51.41,73.21
NXPI,3,40,250,16.0,22.05,32.85,38.95,41.55,49.4
NXPI,4,18,250,7.2,17.87,28.42,35.73,41.49,44.53
NXPI,5,10,250,4.0,26.41,30.42,35.53,39.11,40.38
NXPI,6,3,250,1.2,27.25,27.79,28.32,32.56,36.81
NXPI,7,1,250,0.4,24.84,24.84,24.84,24.84,24.84
NXPI,8,1,250,0.4,32.62,32.62,32.62,32.62,32.62
NXPI,9,1,250,0.4,33.23,33.23,33.23,33.23,33.23
NXPI,10,1,250,0.4,22.6,22.6,22.6,22.6,22.6
NXPI,11,1,250,0.4,29.3,29.3,29.3,29.3,29.3
ODFL,1,346,346,100.0,30.39,49.65,57.55,63.74,82.35
ODFL,2,133,346,38.4,22.18,40.18,45.58,53.07,68.84
ODFL,3,61,346,17.6,21.12,35.94,40.51,44.23,56.8
ODFL,4,19,346,5.5,18.3,31.26,34.8,38.19,47.87
ODFL,5,10,346,2.9,25.31,30.12,34.72,36.86,49.21
ODFL,6,5,346,1.4,19.79,22.4,35.07,36.42,40.41
ODFL,7,2,346,0.6,26.46,27.59,28.72,29.85,30.98
ON,1,305,305,100.0,19.34,48.31,54.33,61.63,86.08
ON,2,122,305,40.0,21.24,38.16,43.41,50.77,68.93
ON,3,51,305,16.7,24.56,31.26,36.31,42.28,61.4
ON,4,24,305,7.9,18.41,30.11,33.44,36.27,46.7
ON,5,10,305,3.3,22.5,26.38,30.13,38.64,43.55
ON,6,4,305,1.3,24.56,24.6,25.2,26.57,28.92
ON,7,2,305,0.7,21.79,24.5,27.22,29.93,32.65
ON,8,1,305,0.3,24.17,24.17,24.17,24.17,24.17
ON,9,1,305,0.3,27.7,27.7,27.7,27.7,27.7
ORCL,1,316,316,100.0,20.29,49.21,55.71,62.37,85.75
ORCL,2,110,316,34.8,20.31,37.54,45.48,50.84,68.74
ORCL,3,50,316,15.8,24.71,34.25,38.16,44.41,62.68
ORCL,4,23,316,7.3,21.82,30.08,33.21,36.41,48.64
ORCL,5,11,316,3.5,28.68,30.58,32.58,35.31,36.99
ORCL,6,5,316,1.6,25.35,28.8,34.63,38.13,46.6
ORCL,7,1,316,0.3,35.33,35.33,35.33,35.33,35.33
ORLY,1,288,288,100.0,21.37,50.33,57.43,63.21,77.47
ORLY,2,86,288,29.9,23.44,38.63,43.91,49.02,64.2
ORLY,3,43,288,14.9,23.64,32.68,38.88,42.75,53.0
ORLY,4,15,288,5.2,13.77,31.93,35.26,39.56,46.04
ORLY,5,5,288,1.7,26.01,29.98,32.4,33.4,35.28
ORLY,6,3,288,1.0,30.86,32.02,33.19,36.81,40.44
P911.DE,1,44,44,100.0,25.51,40.17,52.24,58.6,63.93
P911.DE,2,23,44,52.3,23.06,31.8,39.72,47.48,68.59
P911.DE,3,12,44,27.3,25.25,32.84,36.33,40.6,49.24
P911.DE,4,6,44,13.6,19.21,26.06,28.97,32.07,37.94
P911.DE,5,3,44,6.8,30.57,30.89,31.22,32.38,33.55
P911.DE,6,1,44,2.3,20.79,20.79,20.79,20.79,20.79
P911.DE,7,1,44,2.3,21.88,21.88,21.88,21.88,21.88
P911.DE,8,1,44,2.3,32.3,32.3,32.3,32.3,32.3
P911.DE,9,1,44,2.3,21.57,21.57,21.57,21.57,21.57
P911.DE,10,1,44,2.3,19.64,19.64,19.64,19.64,19.64
P911.DE,11,1,44,2.3,21.35,21.35,21.35,21.35,21.35
PA=F,1,347,347,100.0,25.74,47.6,54.37,61.77,80.82
PA=F,2,117,347,33.7,12.99,35.42,44.71,51.07,70.56
PA=F,3,53,347,15.3,19.17,32.52,36.82,43.09,54.33
PA=F,4,23,347,6.6,14.0,27.69,32.06,37.45,47.64
PA=F,5,11,347,3.2,12.48,31.79,32.89,37.05,40.84
PA=F,6,5,347,1.4,20.26,22.25,30.65,34.62,39.98
PA=F,7,4,347,1.2,24.54,29.88,31.9,33.97,39.47
PA=F,8,2,347,0.6,35.57,36.55,37.52,38.5,39.48
PA=F,9,1,347,0.3,32.1,32.1,32.1,32.1,32.1
PAH3.DE,1,233,233,100.0,13.7,45.86,54.56,63.22,81.09
PAH3.DE,2,109,233,46.8,18.38,36.21,41.36,46.29,63.72
PAH3.DE,3,48,233,20.6,7.42,31.16,35.8,41.13,54.43
PAH3.DE,4,26,233,11.2,18.18,28.84,30.71,36.19,50.94
PAH3.DE,5,11,233,4.7,25.95,30.73,32.38,34.83,39.9
PAH3.DE,6,4,233,1.7,20.92,21.81,29.62,37.39,38.13
PAH3.DE,7,4,233,1.7,17.47,18.09,25.05,32.34,33.97
PAH3.DE,8,1,233,0.4,15.26,15.26,15.26,15.26,15.26
PAH3.DE,9,1,233,0.4,20.3,20.3,20.3,20.3,20.3
PANW,1,240,240,100.0,20.25,48.95,57.95,63.56,77.29
PANW,2,83,240,34.6,22.4,37.31,45.68,52.96,73.26
PANW,3,41,240,17.1,21.03,28.58,37.25,45.66,67.48
PANW,4,16,240,6.7,20.25,26.91,32.94,38.89,40.65
PANW,5,8,240,3.3,20.64,24.78,33.52,36.61,44.58
PANW,6,1,240,0.4,33.45,33.45,33.45,33.45,33.45
PANW,7,1,240,0.4,28.69,28.69,28.69,28.69,28.69
PAYX,1,334,334,100.0,21.36,46.92,55.12,62.22,78.52
PAYX,2,116,334,34.7,23.28,35.41,41.57,48.0,68.4
PAYX,3,48,334,14.4,22.0,33.67,38.23,43.53,63.32
PAYX,4,19,334,5.7,25.94,31.5,34.47,37.61,49.83
PAYX,5,10,334,3.0,23.44,33.45,36.97,38.34,38.56
PAYX,6,3,334,0.9,27.43,31.07,34.7,39.3,43.9
PAYX,7,2,334,0.6,34.76,37.93,41.09,44.26,47.43
PAYX,8,1,334,0.3,27.48,27.48,27.48,27.48,27.48
PAYX,9,1,334,0.3,31.42,31.42,31.42,31.42,31.42
PAYX,10,1,334,0.3,21.32,21.32,21.32,21.32,21.32
PAYX,11,1,334,0.3,26.33,26.33,26.33,26.33,26.33
PAYX,12,1,334,0.3,23.22,23.22,23.22,23.22,23.22
PBR,1,344,344,100.0,28.51,47.44,55.35,62.83,83.83
PBR,2,146,344,42.4,20.33,37.01,42.75,50.09,65.64
PBR,3,69,344,20.1,11.92,31.76,37.55,41.82,60.57
PBR,4,32,344,9.3,14.81,29.37,33.2,36.8,45.94
PBR,5,16,344,4.7,20.2,25.87,29.93,33.92,38.58
PBR,6,7,344,2.0,22.83,26.38,28.49,28.83,31.19
PBR,7,3,344,0.9,16.36,21.04,25.72,25.98,26.24
PBR,8,2,344,0.6,21.81,22.31,22.81,23.32,23.82
PCAR,1,315,315,100.0,26.64,47.88,55.48,62.17,89.34
PCAR,2,108,315,34.3,19.31,37.82,43.22,50.48,69.13
PCAR,3,57,315,18.1,22.33,35.43,38.53,42.99,62.46
PCAR,4,25,315,7.9,19.61,28.17,34.49,39.01,51.77
PCAR,5,16,315,5.1,24.39,31.26,35.48,37.33,43.56
PCAR,6,6,315,1.9,17.96,33.74,34.95,37.48,44.37
PCAR,7,2,315,0.6,28.58,29.09,29.59,30.09,30.6
PCAR,8,2,315,0.6,31.06,32.4,33.74,35.08,36.42
PCAR,9,2,315,0.6,33.05,33.87,34.69,35.5,36.32
PCAR,10,1,315,0.3,34.62,34.62,34.62,34.62,34.62
PCAR,11,1,315,0.3,33.24,33.24,33.24,33.24,33.24
PCAR,12,1,315,0.3,31.41,31.41,31.41,31.41,31.41
PDD,1,123,123,100.0,28.83,48.73,57.94,63.11,83.29
PDD,2,58,123,47.2,6.51,36.6,42.59,53.01,69.02
PDD,3,28,123,22.8,11.78,32.67,38.52,44.35,49.07
PDD,4,14,123,11.4,25.1,31.59,33.98,41.41,50.6
PDD,5,6,123,4.9,29.02,32.55,35.18,38.96,43.31
PDD,6,5,123,4.1,29.55,34.16,36.48,36.61,39.0
PDD,7,2,123,1.6,32.65,32.74,32.84,32.94,33.03
PDD,8,1,123,0.8,29.7,29.7,29.7,29.7,29.7
PEP,1,342,342,100.0,22.3,48.58,55.61,61.17,75.36
PEP,2,127,342,37.1,19.95,40.47,46.12,53.09,71.74
PEP,3,51,342,14.9,23.77,30.63,35.93,44.75,66.27
PEP,4,25,342,7.3,27.23,32.93,35.39,39.38,47.15
PEP,5,11,342,3.2,27.75,33.73,35.49,38.52,42.95
PEP,6,3,342,0.9,32.05,33.78,35.52,37.42,39.31
PEP,7,2,342,0.6,28.25,29.35,30.45,31.54,32.64
PEP,8,1,342,0.3,35.34,35.34,35.34,35.34,35.34
PFE,1,265,265,100.0,22.91,47.18,54.8,61.4,78.07
PFE,2,110,265,41.5,19.77,37.03,43.31,50.23,70.75
PFE,3,53,265,20.0,16.94,30.06,36.87,41.79,62.45
PFE,4,27,265,10.2,17.97,30.26,33.06,36.9,51.25
PFE,5,12,265,4.5,25.68,30.69,32.1,34.01,36.5
PFE,6,6,265,2.3,16.45,23.11,26.23,29.33,37.05
PFE,7,2,265,0.8,29.89,30.55,31.21,31.87,32.53
PG,1,354,354,100.0,22.16,48.36,55.73,61.55,80.93
PG,2,111,354,31.4,22.78,36.97,42.44,51.02,66.89
PG,3,46,354,13.0,21.3,29.7,36.84,40.85,59.59
PG,4,22,354,6.2,12.72,30.07,34.85,36.84,59.99
PG,5,5,354,1.4,35.4,37.52,37.78,45.82,47.8
PG,6,2,354,0.6,32.41,34.46,36.5,38.55,40.6
PG,7,1,354,0.3,38.22,38.22,38.22,38.22,38.22
PGR,1,352,352,100.0,26.12,48.43,56.76,64.21,82.91
PGR,2,120,352,34.1,21.16,37.35,41.97,51.5,71.53
PGR,3,43,352,12.2,21.66,35.14,38.28,45.64,56.68
PGR,4,14,352,4.0,19.66,31.48,35.16,38.11,45.45
PGR,5,5,352,1.4,26.26,26.5,36.26,40.02,40.21
PGR,6,2,352,0.6,32.13,34.32,36.52,38.71,40.9
PGR,7,2,352,0.6,31.09,32.64,34.2,35.75,37.3
PGR,8,1,352,0.3,38.29,38.29,38.29,38.29,38.29
PH,1,360,360,100.0,23.04,47.6,56.75,62.81,78.84
PH,2,116,360,32.2,14.4,36.29,43.08,49.57,64.53
PH,3,52,360,14.4,19.28,32.26,37.39,41.39,54.86
PH,4,26,360,7.2,24.72,31.76,33.48,38.17,52.61
PH,5,12,360,3.3,27.47,30.89,33.79,36.87,44.72
PH,6,4,360,1.1,26.8,27.23,31.62,36.17,37.1
PH,7,2,360,0.6,31.31,34.08,36.85,39.62,42.39
PL=F,1,339,339,100.0,21.78,44.99,52.73,59.28,89.48
PL=F,2,135,339,39.8,8.74,35.96,42.04,47.63,84.69
PL=F,3,66,339,19.5,13.9,32.4,37.92,41.64,60.06
PL=F,4,29,339,8.6,14.47,32.01,37.17,39.31,46.35
PL=F,5,21,339,6.2,18.05,28.88,34.17,37.83,45.03
PL=F,6,10,339,2.9,22.39,30.08,33.53,35.36,37.91
PL=F,7,5,339,1.5,26.64,28.16,29.27,32.23,34.0
PL=F,8,4,339,1.2,20.51,24.95,29.39,33.23,35.86
PL=F,9,3,339,0.9,20.48,25.02,29.57,30.95,32.33
PLD,1,321,321,100.0,23.29,48.14,55.54,61.54,79.08
PLD,2,117,321,36.4,15.3,37.3,43.64,50.22,62.71
PLD,3,47,321,14.6,19.03,31.7,38.64,43.81,60.0
PLD,4,19,321,5.9,22.1,28.68,33.01,38.7,45.2
PLD,5,5,321,1.6,31.43,32.59,36.78,37.72,39.86
PLD,6,1,321,0.3,31.37,31.37,31.37,31.37,31.37
PLTR,1,100,100,100.0,23.11,47.45,54.97,65.73,85.0
PLTR,2,36,100,36.0,19.45,36.73,39.46,49.09,62.68
PLTR,3,13,100,13.0,25.32,30.17,34.3,38.24,56.06
PLTR,4,5,100,5.0,25.98,26.79,31.74,39.37,40.18
PLTR,5,3,100,3.0,29.95,31.12,32.28,32.91,33.54
PLTR,6,1,100,1.0,38.95,38.95,38.95,38.95,38.95
PM,1,298,298,100.0,24.28,48.65,57.16,64.75,80.47
PM,2,90,298,30.2,18.4,37.43,44.32,50.61,66.53
PM,3,39,298,13.1,20.46,32.31,36.88,42.06,61.97
PM,4,18,298,6.0,17.18,30.87,33.34,36.31,44.45
PM,5,6,298,2.0,27.57,28.88,31.77,35.61,39.21
PM,6,5,298,1.7,20.26,26.28,30.52,31.98,41.3
PM,7,1,298,0.3,22.61,22.61,22.61,22.61,22.61
PM,8,1,298,0.3,29.48,29.48,29.48,29.48,29.48
PM,9,1,298,0.3,33.39,33.39,33.39,33.39,33.39
PM,10,1,298,0.3,30.0,30.0,30.0,30.0,30.0
PSX,1,237,237,100.0,27.76,50.18,56.98,64.11,83.96
PSX,2,82,237,34.6,20.43,35.25,44.24,50.8,76.86
PSX,3,28,237,11.8,25.79,34.23,36.34,41.16,58.69
PSX,4,16,237,6.8,14.17,27.71,34.05,35.73,42.18
PSX,5,8,237,3.4,28.32,33.85,38.73,40.83,41.92
PSX,6,4,237,1.7,17.92,20.95,28.03,35.54,39.87
PSX,7,2,237,0.8,10.93,16.5,22.07,27.63,33.2
PSX,8,2,237,0.8,20.35,23.6,26.85,30.1,33.35
PSX,9,1,237,0.4,40.61,40.61,40.61,40.61,40.61
PSX,10,1,237,0.4,35.51,35.51,35.51,35.51,35.51
PYPL,1,182,182,100.0,29.17,45.48,54.89,61.0,77.87
PYPL,2,69,182,37.9,22.44,38.12,41.87,49.29,65.27
PYPL,3,32,182,17.6,20.08,32.77,38.09,42.46,55.39
PYPL,4,9,182,4.9,21.03,26.29,29.38,34.08,37.51
PYPL,5,4,182,2.2,29.32,35.88,38.7,39.56,40.2
PYPL,6,2,182,1.1,30.27,31.58,32.88,34.19,35.5
PYPL,7,2,182,1.1,27.93,28.04,28.15,28.26,28.37
PYPL,8,2,182,1.1,11.68,14.77,17.85,20.93,24.02
PYPL,9,2,182,1.1,16.67,18.94,21.21,23.48,25.75
PYPL,10,1,182,0.5,26.18,26.18,26.18,26.18,26.18
QCOM,1,304,304,100.0,24.67,48.23,55.89,61.99,87.15
QCOM,2,117,304,38.5,17.16,36.41,44.83,50.62,70.7
QCOM,3,51,304,16.8,22.25,31.87,37.81,43.78,53.97
QCOM,4,27,304,8.9,20.73,27.41,32.38,35.94,46.84
QCOM,5,16,304,5.3,26.58,31.87,35.57,36.19,42.0
QCOM,6,8,304,2.6,21.87,30.3,34.33,37.04,41.33
QCOM,7,5,304,1.6,25.28,29.81,32.58,35.59,39.03
QCOM,8,2,304,0.7,37.6,37.83,38.06,38.3,38.53
QCOM,9,2,304,0.7,29.91,31.71,33.51,35.31,37.11
QIA.DE,1,290,290,100.0,23.4,46.66,55.97,63.39,86.34
QIA.DE,2,114,290,39.3,18.35,35.85,42.28,52.5,67.17
QIA.DE,3,51,290,17.6,20.07,27.23,35.4,39.53,63.31
QIA.DE,4,32,290,11.0,16.35,25.16,31.59,36.28,50.28
QIA.DE,5,12,290,4.1,23.18,25.98,28.86,34.67,41.68
QIA.DE,6,3,290,1.0,33.22,34.16,35.11,38.88,42.64
QIA.DE,7,1,290,0.3,38.1,38.1,38.1,38.1,38.1
REGN,1,296,296,100.0,21.21,47.76,55.42,63.42,93.4
REGN,2,108,296,36.5,18.9,36.01,43.53,50.55,72.99
REGN,3,51,296,17.2,22.28,32.11,36.9,41.85,55.16
REGN,4,27,296,9.1,13.7,28.75,33.67,38.62,42.0
REGN,5,9,296,3.0,23.56,28.98,31.02,36.09,42.56
REGN,6,3,296,1.0,17.87,26.13,34.39,41.47,48.55
RHM.DE,1,313,313,100.0,26.55,47.68,55.02,62.69,83.19
RHM.DE,2,106,313,33.9,14.65,37.61,42.98,50.63,66.56
RHM.DE,3,46,313,14.7,21.61,30.84,37.64,42.88,51.45
RHM.DE,4,20,313,6.4,19.53,26.04,34.91,38.89,45.63
RHM.DE,5,11,313,3.5,18.16,27.04,29.03,33.72,39.17
RHM.DE,6,6,313,1.9,5.72,25.09,29.87,33.28,34.69
RHM.DE,7,3,313,1.0,26.2,27.38,28.56,33.43,38.3
RHM.DE,8,2,313,0.6,24.04,26.2,28.36,30.51,32.67
RIO,1,426,426,100.0,15.42,47.19,55.12,61.46,83.96
RIO,2,162,426,38.0,21.03,38.38,44.45,50.62,68.58
RIO,3,75,426,17.6,20.23,33.27,37.16,43.29,55.18
RIO,4,42,426,9.9,18.58,30.12,35.67,39.92,47.03
RIO,5,17,426,4.0,22.01,29.01,32.11,37.7,43.58
RIO,6,8,426,1.9,22.23,27.03,28.41,33.17,40.67
RIO,7,2,426,0.5,26.22,27.73,29.23,30.73,32.24
RIO,8,1,426,0.2,33.03,33.03,33.03,33.03,33.03
ROP,1,354,354,100.0,21.39,47.25,56.3,61.95,84.77
ROP,2,133,354,37.6,20.02,37.85,43.8,50.34,70.8
ROP,3,44,354,12.4,23.38,34.86,38.39,43.22,56.62
ROP,4,15,354,4.2,21.34,30.9,33.73,38.02,42.49
ROP,5,6,354,1.7,22.14,31.43,32.36,36.73,41.62
ROP,6,1,354,0.3,19.19,19.19,19.19,19.19,19.19
ROP,7,1,354,0.3,22.29,22.29,22.29,22.29,22.29
ROST,1,370,370,100.0,18.58,50.28,56.98,62.63,79.13
ROST,2,137,370,37.0,20.46,38.48,45.69,52.72,72.42
ROST,3,49,370,13.2,16.53,33.76,37.88,44.56,51.71
ROST,4,24,370,6.5,22.73,28.98,35.98,41.67,49.3
ROST,5,10,370,2.7,26.43,31.03,34.4,36.94,42.94
ROST,6,3,370,0.8,29.23,32.89,36.55,37.36,38.17
ROST,7,2,370,0.5,24.89,25.02,25.14,25.27,25.4
ROST,8,1,370,0.3,28.52,28.52,28.52,28.52,28.52
RTX,1,333,333,100.0,17.18,49.65,56.03,63.02,77.43
RTX,2,124,333,37.2,17.72,37.14,43.32,51.79,65.21
RTX,3,54,333,16.2,21.99,33.38,38.87,43.68,57.38
RTX,4,21,333,6.3,20.74,28.07,32.89,37.25,45.36
RTX,5,5,333,1.5,17.84,18.82,21.79,30.98,38.15
RTX,6,2,333,0.6,19.87,23.08,26.29,29.5,32.71
RTX,7,1,333,0.3,19.66,19.66,19.66,19.66,19.66
RWE.DE,1,277,277,100.0,18.4,46.21,54.72,62.51,82.73
RWE.DE,2,119,277,43.0,14.52,35.42,41.84,49.0,69.36
RWE.DE,3,51,277,18.4,18.09,30.02,37.14,43.02,61.81
RWE.DE,4,23,277,8.3,21.08,27.13,29.57,35.2,41.61
RWE.DE,5,10,277,3.6,15.95,23.84,30.89,31.89,37.8
RWE.DE,6,3,277,1.1,22.31,28.41,34.52,34.53,34.55
RWE.DE,7,2,277,0.7,29.33,30.3,31.27,32.24,33.21
RWE.DE,8,2,277,0.7,30.09,31.55,33.01,34.46,35.92
RY,1,368,368,100.0,22.93,49.17,57.33,64.43,83.55
RY,2,128,368,34.8,16.18,35.99,44.67,52.7,72.03
RY,3,53,368,14.4,18.5,32.03,35.91,42.98,55.49
RY,4,22,368,6.0,17.57,27.68,33.43,38.21,49.29
RY,5,9,368,2.4,14.05,27.74,28.29,30.96,33.06
RY,6,2,368,0.5,28.3,29.12,29.95,30.78,31.6
RY,7,1,368,0.3,24.5,24.5,24.5,24.5,24.5
SAN,1,388,388,100.0,24.16,48.73,56.16,62.8,82.22
SAN,2,158,388,40.7,16.55,38.14,43.58,50.0,80.08
SAN,3,65,388,16.8,17.73,31.55,37.04,41.69,55.36
SAN,4,32,388,8.2,19.55,29.73,33.08,36.46,45.52
SAN,5,14,388,3.6,21.24,28.1,30.38,33.09,34.6
SAN,6,8,388,2.1,21.64,24.12,26.05,31.34,42.89
SAN,7,2,388,0.5,27.14,28.04,28.93,29.82,30.72
SAN,8,1,388,0.3,33.05,33.05,33.05,33.05,33.05
SAP.DE,1,332,332,100.0,19.75,48.05,57.14,63.96,84.34
SAP.DE,2,123,332,37.0,13.66,38.3,44.42,52.92,76.05
SAP.DE,3,63,332,19.0,18.88,32.82,36.6,42.84,72.9
SAP.DE,4,35,332,10.5,13.8,30.89,36.27,39.8,50.05
SAP.DE,5,13,332,3.9,20.7,30.15,33.52,35.39,39.4
SAP.DE,6,6,332,1.8,27.0,29.37,32.7,35.03,36.82
SAP.DE,7,2,332,0.6,23.4,26.01,28.62,31.24,33.85
SAP.DE,8,1,332,0.3,28.3,28.3,28.3,28.3,28.3
SAP.DE,9,1,332,0.3,31.09,31.09,31.09,31.09,31.09
SAP.DE,10,1,332,0.3,34.08,34.08,34.08,34.08,34.08
SB=F,1,272,272,100.0,24.77,45.67,53.28,60.52,80.2
SB=F,2,105,272,38.6,21.36,35.66,41.98,49.11,72.27
SB=F,3,61,272,22.4,14.58,31.85,38.92,42.4,54.0
SB=F,4,37,272,13.6,20.29,29.08,32.29,36.74,48.75
SB=F,5,20,272,7.4,13.43,24.23,30.73,32.41,39.08
SB=F,6,14,272,5.1,19.52,26.26,31.54,32.64,51.23
SB=F,7,6,272,2.2,22.26,26.68,28.36,31.71,32.98
SB=F,8,2,272,0.7,25.36,25.67,25.98,26.28,26.59
SB=F,9,1,272,0.4,27.86,27.86,27.86,27.86,27.86
SB=F,10,1,272,0.4,25.76,25.76,25.76,25.76,25.76
SBUX,1,316,316,100.0,27.12,48.02,55.65,62.32,78.8
SBUX,2,123,316,38.9,20.02,36.88,43.9,51.24,66.4
SBUX,3,41,316,13.0,17.34,30.64,34.67,42.15,54.78
SBUX,4,23,316,7.3,20.22,27.77,32.06,39.51,53.03
SBUX,5,8,316,2.5,17.75,28.14,30.06,32.62,48.21
SBUX,6,4,316,1.3,30.77,32.47,35.59,38.32,38.8
SBUX,7,2,316,0.6,27.76,29.77,31.77,33.78,35.79
SBUX,8,1,316,0.3,25.59,25.59,25.59,25.59,25.59
SBUX,9,1,316,0.3,38.61,38.61,38.61,38.61,38.61
SCCO,1,383,383,100.0,18.97,48.47,55.75,63.55,82.33
SCCO,2,142,383,37.1,23.05,38.65,44.75,51.14,67.16
SCCO,3,66,383,17.2,23.28,32.46,38.61,42.88,57.47
SCCO,4,33,383,8.6,26.13,33.09,37.28,41.97,46.52
SCCO,5,13,383,3.4,25.0,27.08,30.77,37.26,47.04
SCCO,6,8,383,2.1,27.34,31.49,34.84,36.34,39.55
SCCO,7,3,383,0.8,24.99,27.49,29.99,32.01,34.03
SCCO,8,1,383,0.3,28.22,28.22,28.22,28.22,28.22
SCHW,1,323,323,100.0,29.78,47.16,54.79,60.82,81.63
SCHW,2,116,323,35.9,22.07,37.06,43.51,50.16,66.81
SCHW,3,50,323,15.5,14.04,32.88,39.05,46.1,56.59
SCHW,4,14,323,4.3,21.56,31.45,36.64,38.07,42.63
SCHW,5,8,323,2.5,22.64,33.34,38.84,39.78,40.92
SCHW,6,4,323,1.2,26.03,27.08,28.93,31.59,35.07
SCHW,7,1,323,0.3,28.02,28.02,28.02,28.02,28.02
SHEL,1,407,407,100.0,20.09,47.42,54.2,61.74,82.89
SHEL,2,140,407,34.4,12.54,38.31,44.12,50.02,70.56
SHEL,3,63,407,15.5,17.85,34.38,39.13,43.52,54.01
SHEL,4,27,407,6.6,14.61,31.61,35.31,39.84,46.12
SHEL,5,15,407,3.7,13.5,27.39,31.53,36.76,39.18
SHEL,6,6,407,1.5,14.27,26.39,29.64,34.56,38.37
SHEL,7,2,407,0.5,28.68,28.73,28.79,28.84,28.89
SHL.DE,1,112,112,100.0,28.79,45.95,54.08,61.3,80.44
SHL.DE,2,39,112,34.8,26.25,37.05,43.68,48.98,63.58
SHL.DE,3,20,112,17.9,23.2,29.19,34.59,38.72,53.23
SHL.DE,4,13,112,11.6,19.32,25.3,35.3,41.8,45.41
SHL.DE,5,5,112,4.5,18.0,32.18,32.41,34.97,41.43
SHL.DE,6,4,112,3.6,29.17,31.57,34.11,36.26,37.53
SHL.DE,7,1,112,0.9,32.04,32.04,32.04,32.04,32.04
SHOP,1,181,181,100.0,35.89,50.15,58.16,64.73,90.3
SHOP,2,55,181,30.4,26.92,36.66,43.08,50.47,75.35
SHOP,3,27,181,14.9,27.08,34.3,37.75,43.45,69.49
SHOP,4,13,181,7.2,21.49,31.25,35.2,37.06,43.04
SHOP,5,6,181,3.3,29.79,31.54,32.08,33.9,47.24
SHOP,6,3,181,1.7,25.01,29.85,34.69,35.49,36.29
SHOP,7,3,181,1.7,21.6,25.88,30.15,31.88,33.61
SHW,1,335,335,100.0,29.29,48.78,56.83,63.13,81.12
SHW,2,114,335,34.0,23.28,36.52,43.39,51.73,82.18
SHW,3,53,335,15.8,17.2,33.47,36.98,41.69,52.12
SHW,4,16,335,4.8,16.23,28.69,34.72,41.3,45.02
SHW,5,3,335,0.9,23.33,25.1,26.88,29.5,32.12
SHW,6,2,335,0.6,27.88,30.95,34.03,37.1,40.18
SHW,7,2,335,0.6,24.23,27.35,30.47,33.59,36.71
SHW,8,2,335,0.6,23.61,26.11,28.6,31.1,33.59
SI=F,1,295,295,100.0,13.97,45.44,55.82,63.67,86.54
SI=F,2,112,295,38.0,18.46,35.07,42.11,50.66,66.99
SI=F,3,50,295,16.9,16.33,32.56,37.0,42.95,55.58
SI=F,4,24,295,8.1,19.13,31.96,33.79,38.59,46.71
SI=F,5,11,295,3.7,22.75,24.04,32.14,35.45,40.46
SI=F,6,7,295,2.4,20.17,27.68,34.46,35.0,37.39
SI=F,7,1,295,0.3,32.54,32.54,32.54,32.54,32.54
SI=F,8,1,295,0.3,33.3,33.3,33.3,33.3,33.3
SIE.DE,1,349,349,100.0,25.15,47.12,53.79,60.83,81.16
SIE.DE,2,126,349,36.1,18.51,38.12,43.93,49.89,66.98
SIE.DE,3,51,349,14.6,18.89,30.29,36.36,39.59,52.98
SIE.DE,4,22,349,6.3,22.09,29.6,32.14,37.64,44.61
SIE.DE,5,9,349,2.6,9.36,28.9,29.84,31.6,44.11
SIE.DE,6,1,349,0.3,5.32,5.32,5.32,5.32,5.32
SIE.DE,7,1,349,0.3,8.73,8.73,8.73,8.73,8.73
SMFG,1,319,319,100.0,27.23,48.0,54.2,61.93,79.8
SMFG,2,132,319,41.4,9.88,38.48,44.71,50.47,65.86
SMFG,3,74,319,23.2,14.73,33.35,37.49,42.98,51.32
SMFG,4,34,319,10.7,19.28,28.73,32.77,37.79,50.78
SMFG,5,20,319,6.3,14.63,25.55,29.61,32.78,39.74
SMFG,6,10,319,3.1,23.7,28.86,30.98,32.76,36.3
SMFG,7,5,319,1.6,24.54,29.66,29.78,32.13,33.11
SMFG,8,3,319,0.9,28.54,29.62,30.69,32.27,33.86
SMFG,9,3,319,0.9,25.97,26.66,27.34,27.84,28.34
SMFG,10,3,319,0.9,25.01,26.84,28.66,30.03,31.4
SMFG,11,1,319,0.3,32.63,32.63,32.63,32.63,32.63
SMFG,12,1,319,0.3,31.85,31.85,31.85,31.85,31.85
SNDK,1,18,18,100.0,42.21,58.05,65.19,70.25,75.38
SNDK,2,4,18,22.2,26.68,42.86,50.14,53.91,59.54
SNOW,1,100,100,100.0,22.09,45.21,54.64,60.87,75.89
SNOW,2,45,100,45.0,18.91,35.36,42.35,47.55,63.59
SNOW,3,25,100,25.0,24.2,33.89,35.27,39.15,55.23
SNOW,4,9,100,9.0,26.54,30.12,33.9,36.55,37.16
SNOW,5,4,100,4.0,21.17,25.57,29.82,34.54,40.31
SNOW,6,1,100,1.0,33.31,33.31,33.31,33.31,33.31
SNOW,7,1,100,1.0,34.93,34.93,34.93,34.93,34.93
SNOW,8,1,100,1.0,34.33,34.33,34.33,34.33,34.33
SNPS,1,364,364,100.0,16.0,48.66,56.75,63.32,90.68
SNPS,2,123,364,33.8,23.93,37.76,44.58,53.34,72.75
SNPS,3,42,364,11.5,15.62,33.55,39.05,45.1,54.47
SNPS,4,21,364,5.8,26.18,30.61,35.41,39.85,47.16
SNPS,5,9,364,2.5,25.62,30.43,32.96,38.52,43.68
SNPS,6,2,364,0.5,33.97,36.39,38.81,41.24,43.66
SNPS,7,1,364,0.3,36.16,36.16,36.16,36.16,36.16
SNY,1,354,354,100.0,19.95,48.16,55.03,61.21,77.24
SNY,2,129,354,36.4,15.6,36.13,42.71,51.48,67.1
SNY,3,58,354,16.4,21.42,32.2,37.14,44.22,59.06
SNY,4,22,354,6.2,19.87,28.22,33.41,37.09,42.19
SNY,5,11,354,3.1,10.45,24.09,25.56,31.13,37.45
SNY,6,3,354,0.8,27.68,28.74,29.8,30.09,30.39
SO,1,328,328,100.0,19.87,47.62,55.65,61.6,80.86
SO,2,113,328,34.5,22.9,37.09,45.07,50.18,69.93
SO,3,40,328,12.2,18.55,32.12,38.36,41.06,61.79
SO,4,20,328,6.1,25.72,28.8,34.04,39.18,45.15
SO,5,4,328,1.2,28.77,34.5,36.97,39.59,45.74
SONY,1,387,387,100.0,23.47,47.56,54.87,62.84,82.36
SONY,2,147,387,38.0,22.49,37.01,45.0,50.64,76.89
SONY,3,69,387,17.8,23.52,32.58,36.33,41.08,52.06
SONY,4,38,387,9.8,16.02,28.85,32.89,36.71,47.89
SONY,5,26,387,6.7,18.8,26.02,29.77,33.67,38.38
SONY,6,11,387,2.8,11.95,25.89,27.0,28.77,32.1
SONY,7,8,387,2.1,16.85,26.29,29.51,29.93,37.98
SONY,8,5,387,1.3,12.51,19.99,26.29,34.06,37.69
SONY,9,3,387,0.8,18.26,26.58,34.9,38.27,41.65
SONY,10,1,387,0.3,33.43,33.43,33.43,33.43,33.43
SONY,11,1,387,0.3,33.15,33.15,33.15,33.15,33.15
SONY,12,1,387,0.3,27.86,27.86,27.86,27.86,27.86
SPG,1,325,325,100.0,27.26,48.52,54.84,61.6,92.87
SPG,2,106,325,32.6,19.54,37.29,43.34,50.7,66.24
SPG,3,47,325,14.5,23.21,33.72,38.06,41.36,49.55
SPG,4,16,325,4.9,26.67,33.41,35.61,40.76,45.15
SPG,5,10,325,3.1,15.96,30.18,35.95,40.97,42.82
SPG,6,6,325,1.8,26.76,30.56,35.22,38.63,39.37
SPG,7,3,325,0.9,36.32,37.23,38.13,39.25,40.36
SPG,8,3,325,0.9,32.94,32.98,33.02,33.23,33.43
SPG,9,2,325,0.6,28.16,28.34,28.52,28.69,28.87
SPG,10,1,325,0.3,27.81,27.81,27.81,27.81,27.81
SPGI,1,319,319,100.0,19.65,50.83,58.19,64.15,81.76
SPGI,2,93,319,29.2,19.93,36.81,46.24,53.22,74.23
SPGI,3,38,319,11.9,20.9,30.59,38.0,43.48,63.72
SPGI,4,18,319,5.6,22.68,26.59,31.8,37.52,51.61
SPGI,5,5,319,1.6,19.76,25.03,29.41,38.52,40.35
SPGI,6,2,319,0.6,35.74,35.98,36.23,36.47,36.71
SPGI,7,1,319,0.3,41.42,41.42,41.42,41.42,41.42
SPOT,1,147,147,100.0,30.35,48.34,53.53,61.16,84.63
SPOT,2,52,147,35.4,17.6,35.6,41.02,48.54,58.35
SPOT,3,27,147,18.4,27.17,32.16,37.17,42.38,51.68
SPOT,4,14,147,9.5,26.24,30.11,35.47,38.38,48.49
SPOT,5,5,147,3.4,28.14,30.12,35.96,37.5,37.81
SPOT,6,4,147,2.7,27.39,28.11,31.01,33.94,34.76
SPOT,7,2,147,1.4,27.53,29.12,30.71,32.3,33.89
SPOT,8,2,147,1.4,31.65,32.97,34.28,35.6,36.92
SRT3.DE,1,252,252,100.0,28.49,48.12,56.05,63.02,84.54
SRT3.DE,2,88,252,34.9,22.18,34.77,44.05,49.48,68.64
SRT3.DE,3,32,252,12.7,22.55,30.06,34.21,39.86,62.45
SRT3.DE,4,16,252,6.3,21.11,26.66,34.83,39.08,60.47
SRT3.DE,5,9,252,3.6,20.03,23.8,28.51,33.57,42.08
SRT3.DE,6,5,252,2.0,18.47,26.21,32.78,38.22,38.49
SRT3.DE,7,3,252,1.2,29.69,32.73,35.76,38.81,41.86
SRT3.DE,8,3,252,1.2,19.42,23.81,28.2,29.06,29.93
SRT3.DE,9,2,252,0.8,28.92,29.32,29.73,30.13,30.53
SRT3.DE,10,1,252,0.4,25.63,25.63,25.63,25.63,25.63
SRT3.DE,11,1,252,0.4,28.04,28.04,28.04,28.04,28.04
SRT3.DE,12,1,252,0.4,31.54,31.54,31.54,31.54,31.54
STX,1,330,330,100.0,27.84,49.22,57.05,64.21,91.63
STX,2,116,330,35.2,23.73,38.06,46.54,52.79,66.25
STX,3,47,330,14.2,21.63,31.81,38.21,43.02,56.83
STX,4,24,330,7.3,16.21,25.83,32.44,37.68,48.76
STX,5,15,330,4.5,18.46,26.77,30.61,34.89,41.1
STX,6,6,330,1.8,20.17,24.19,30.43,35.36,40.7
STX,7,4,330,1.2,17.46,25.79,33.64,39.44,41.59
STX,8,3,330,0.9,23.98,29.94,35.89,36.08,36.27
STX,9,1,330,0.3,24.98,24.98,24.98,24.98,24.98
STX,10,1,330,0.3,28.8,28.8,28.8,28.8,28.8
SY1.DE,1,304,304,100.0,26.18,48.27,56.36,62.06,76.07
SY1.DE,2,104,304,34.2,20.91,37.47,42.52,51.11,71.65
SY1.DE,3,46,304,15.1,16.67,32.9,35.98,40.81,53.85
SY1.DE,4,18,304,5.9,17.26,27.17,32.35,34.18,38.07
SY1.DE,5,10,304,3.3,20.32,24.83,30.11,30.75,44.61
SY1.DE,6,4,304,1.3,29.44,30.07,30.41,30.79,31.51
SY1.DE,7,2,304,0.7,27.34,28.43,29.52,30.6,31.69
SYK,1,335,335,100.0,23.09,48.52,55.62,61.94,88.37
SYK,2,118,335,35.2,26.14,37.03,43.7,52.0,70.16
SYK,3,49,335,14.6,17.45,33.09,36.4,44.47,61.5
SYK,4,19,335,5.7,22.19,27.91,34.11,36.39,57.88
SYK,5,6,335,1.8,23.78,28.57,36.03,38.18,38.55
SYK,6,1,335,0.3,25.58,25.58,25.58,25.58,25.58
SYK,7,1,335,0.3,24.64,24.64,24.64,24.64,24.64
SYK,8,1,335,0.3,33.51,33.51,33.51,33.51,33.51
T,1,286,286,100.0,18.66,48.99,56.58,63.34,80.71
T,2,97,286,33.9,20.25,35.81,41.7,50.14,68.13
T,3,46,286,16.1,19.58,32.01,36.52,40.35,56.41
T,4,16,286,5.6,20.79,28.9,31.58,38.02,45.73
T,5,10,286,3.5,26.99,32.43,35.44,38.51,41.52
T,6,7,286,2.4,23.38,28.96,30.45,33.97,37.13
T,7,2,286,0.7,20.94,23.61,26.27,28.94,31.6
T,8,2,286,0.7,20.01,22.39,24.77,27.16,29.54
T,9,1,286,0.3,20.56,20.56,20.56,20.56,20.56
TD,1,390,390,100.0,19.73,48.98,56.1,63.93,81.88
TD,2,123,390,31.5,14.62,37.95,44.64,50.38,71.59
TD,3,53,390,13.6,16.92,30.72,34.53,39.66,54.31
TD,4,28,390,7.2,15.72,27.87,34.46,36.57,48.83
TD,5,15,390,3.8,19.92,25.57,29.88,34.28,38.61
TD,6,6,390,1.5,18.54,24.84,30.05,34.19,36.13
TEAM,1,164,164,100.0,27.2,48.28,56.12,62.6,85.56
TEAM,2,66,164,40.2,23.67,38.48,44.91,50.38,75.74
TEAM,3,30,164,18.3,19.09,34.24,40.71,43.44,59.66
TEAM,4,16,164,9.8,20.63,30.15,34.73,40.78,48.26
TEAM,5,7,164,4.3,19.52,25.7,29.71,32.35,35.95
TEAM,6,2,164,1.2,30.48,30.52,30.55,30.59,30.63
TEAM,7,2,164,1.2,25.73,28.71,31.69,34.66,37.64
TJX,1,340,340,100.0,25.43,48.17,55.97,61.13,80.83
TJX,2,124,340,36.5,17.0,38.05,44.45,52.02,70.71
TJX,3,40,340,11.8,18.07,35.06,38.38,44.11,51.45
TJX,4,13,340,3.8,27.87,32.4,36.19,43.71,45.65
TJX,5,3,340,0.9,25.04,31.91,38.79,40.24,41.69
TJX,6,1,340,0.3,29.16,29.16,29.16,29.16,29.16
TM,1,364,364,100.0,24.66,47.61,54.49,62.07,83.97
TM,2,150,364,41.2,23.98,39.76,45.11,51.31,66.21
TM,3,73,364,20.1,17.9,34.69,38.77,43.71,61.4
TM,4,39,364,10.7,22.36,30.85,34.68,39.47,52.15
TM,5,22,364,6.0,15.79,25.96,31.12,34.48,38.65
TM,6,11,364,3.0,23.6,29.67,33.48,35.66,39.23
TM,7,4,364,1.1,25.49,31.79,33.99,34.57,36.0
TM,8,3,364,0.8,25.89,29.8,33.7,34.23,34.76
TMO,1,381,381,100.0,24.76,47.94,55.78,62.9,83.36
TMO,2,125,381,32.8,16.33,37.4,43.88,51.37,73.09
TMO,3,47,381,12.3,20.76,33.98,39.43,43.31,53.81
TMO,4,17,381,4.5,17.93,30.31,36.37,40.92,46.3
TMO,5,8,381,2.1,29.19,30.54,32.86,34.0,40.62
TMO,6,2,381,0.5,33.79,35.35,36.92,38.48,40.05
TMO,7,1,381,0.3,31.95,31.95,31.95,31.95,31.95
TMUS,1,292,292,100.0,10.52,47.48,55.41,61.3,78.38
TMUS,2,112,292,38.4,21.6,36.41,44.23,50.45,71.99
TMUS,3,38,292,13.0,20.72,33.73,37.19,42.36,55.08
TMUS,4,20,292,6.8,23.66,29.84,33.05,37.3,45.26
TMUS,5,10,292,3.4,16.54,29.87,31.64,32.91,37.76
TMUS,6,4,292,1.4,21.2,21.3,22.74,25.25,28.52
TMUS,7,1,292,0.3,32.75,32.75,32.75,32.75,32.75
TMUS,8,1,292,0.3,33.79,33.79,33.79,33.79,33.79
TMUS,9,1,292,0.3,30.63,30.63,30.63,30.63,30.63
TMUS,10,1,292,0.3,31.87,31.87,31.87,31.87,31.87
TMUS,11,1,292,0.3,30.91,30.91,30.91,30.91,30.91
TRV,1,341,341,100.0,26.84,49.07,55.59,62.99,83.22
TRV,2,128,341,37.5,22.46,39.71,44.83,52.83,76.38
TRV,3,58,341,17.0,23.35,36.18,40.47,46.23,56.46
TRV,4,21,341,6.2,28.48,33.95,35.71,41.02,51.6
TRV,5,11,341,3.2,26.08,31.11,34.84,36.93,39.88
TRV,6,2,341,0.6,33.49,36.2,38.92,41.64,44.35
TSLA,1,241,241,100.0,24.48,47.96,56.8,65.19,84.88
TSLA,2,91,241,37.8,17.43,37.12,43.61,49.96,73.93
TSLA,3,43,241,17.8,20.19,30.3,37.26,41.52,51.92
TSLA,4,21,241,8.7,19.82,29.2,31.94,36.05,45.0
TSLA,5,5,241,2.1,20.46,24.49,28.27,35.81,36.52
TSLA,6,2,241,0.8,34.37,35.35,36.33,37.32,38.3
TSM,1,398,398,100.0,30.34,49.14,55.96,61.42,79.04
TSM,2,144,398,36.2,21.82,39.55,45.64,52.47,69.34
TSM,3,69,398,17.3,23.88,35.01,38.54,44.87,54.57
TSM,4,30,398,7.5,24.75,29.62,33.11,37.6,48.75
TSM,5,15,398,3.8,27.55,33.97,36.38,37.12,48.6
TSM,6,4,398,1.0,22.66,25.74,26.95,30.17,39.25
TSM,7,1,398,0.3,32.12,32.12,32.12,32.12,32.12
TSM,8,1,398,0.3,28.36,28.36,28.36,28.36,28.36
TSM,9,1,398,0.3,29.31,29.31,29.31,29.31,29.31
TTD,1,148,148,100.0,21.72,46.94,55.97,63.98,79.4
TTD,2,61,148,41.2,16.16,33.03,43.15,50.93,70.12
TTD,3,19,148,12.8,20.28,28.48,35.32,47.5,58.24
TTD,4,10,148,6.8,27.6,33.2,34.7,45.7,59.17
TTD,5,4,148,2.7,18.42,26.79,30.91,35.87,46.72
TTD,6,1,148,0.7,28.24,28.24,28.24,28.24,28.24
TTD,7,1,148,0.7,26.29,26.29,26.29,26.29,26.29
TTE,1,389,389,100.0,21.23,47.76,55.04,61.7,79.86
TTE,2,137,389,35.2,17.95,37.46,43.56,50.65,70.92
TTE,3,67,389,17.2,19.05,33.42,37.68,42.86,55.67
TTE,4,32,389,8.2,19.26,31.11,36.38,39.2,45.73
TTE,5,17,389,4.4,16.82,28.91,34.7,38.39,44.25
TTE,6,6,389,1.5,20.68,28.67,29.22,30.58,33.47
TTE,7,5,389,1.3,22.08,29.18,29.5,34.09,35.46
TTE,8,2,389,0.5,24.5,25.67,26.84,28.01,29.18
TTE,9,1,389,0.3,26.63,26.63,26.63,26.63,26.63
TTWO,1,272,272,100.0,19.22,48.0,55.4,61.69,79.29
TTWO,2,95,272,34.9,19.09,35.62,42.17,51.19,69.92
TTWO,3,46,272,16.9,13.33,31.32,35.78,39.04,57.36
TTWO,4,19,272,7.0,22.58,30.09,34.24,36.52,42.27
TTWO,5,8,272,2.9,16.57,30.09,31.47,33.49,34.28
TTWO,6,5,272,1.8,22.55,27.24,31.23,33.92,35.06
TTWO,7,1,272,0.4,28.28,28.28,28.28,28.28,28.28
TTWO,8,1,272,0.4,24.63,24.63,24.63,24.63,24.63
TTWO,9,1,272,0.4,28.31,28.31,28.31,28.31,28.31
TTWO,10,1,272,0.4,35.12,35.12,35.12,35.12,35.12
TTWO,11,1,272,0.4,28.6,28.6,28.6,28.6,28.6
TXN,1,340,340,100.0,23.44,48.44,55.01,62.04,78.01
TXN,2,127,340,37.4,22.38,36.83,43.45,50.31,66.47
TXN,3,50,340,14.7,19.4,30.71,37.45,42.25,50.29
TXN,4,22,340,6.5,24.92,30.73,34.23,38.05,47.7
TXN,5,8,340,2.4,30.4,33.09,36.25,38.86,42.81
TXN,6,4,340,1.2,20.41,29.74,34.67,37.89,42.08
TXN,7,1,340,0.3,32.61,32.61,32.61,32.61,32.61
UBER,1,108,108,100.0,23.17,47.17,55.59,62.34,81.52
UBER,2,49,108,45.4,24.97,36.9,42.69,49.7,65.28
UBER,3,25,108,23.1,15.33,34.62,40.58,44.16,52.52
UBER,4,10,108,9.3,25.1,34.79,35.54,35.68,39.24
UBER,5,6,108,5.6,25.55,30.18,32.42,35.3,36.87
UBER,6,1,108,0.9,34.5,34.5,34.5,34.5,34.5
UBS,1,365,365,100.0,22.52,47.18,55.76,62.99,80.77
UBS,2,139,365,38.1,18.3,36.17,42.74,51.92,73.27
UBS,3,70,365,19.2,21.85,32.37,36.74,42.63,62.07
UBS,4,34,365,9.3,23.02,32.73,36.16,38.73,55.6
UBS,5,15,365,4.1,19.27,26.65,30.58,32.92,36.88
UBS,6,8,365,2.2,22.6,27.75,29.48,32.93,33.95
UBS,7,6,365,1.6,22.61,23.88,28.99,31.34,33.73
UBS,8,3,365,0.8,22.78,23.86,24.93,29.34,33.76
UBS,9,1,365,0.3,28.15,28.15,28.15,28.15,28.15
UBS,10,1,365,0.3,35.68,35.68,35.68,35.68,35.68
UBS,11,1,365,0.3,39.49,39.49,39.49,39.49,39.49
UL,1,428,428,100.0,21.79,47.99,54.51,61.26,83.91
UL,2,157,428,36.7,24.65,39.47,46.28,50.56,79.91
UL,3,69,428,16.1,19.92,32.48,40.04,45.1,58.25
UL,4,32,428,7.5,23.69,28.88,35.34,39.31,45.1
UL,5,18,428,4.2,21.83,24.95,28.58,35.64,43.07
UL,6,10,428,2.3,19.48,26.29,31.37,35.18,38.63
UL,7,3,428,0.7,27.27,29.72,32.17,37.43,42.69
UNH,1,320,320,100.0,16.97,48.48,57.35,64.06,83.53
UNH,2,112,320,35.0,14.93,37.56,46.29,52.23,81.43
UNH,3,43,320,13.4,21.47,32.93,37.24,41.07,56.86
UNH,4,21,320,6.6,12.04,32.63,36.13,40.26,55.51
UNH,5,6,320,1.9,24.4,28.68,34.57,38.37,39.76
UNH,6,2,320,0.6,23.39,25.66,27.93,30.19,32.46
UNP,1,336,336,100.0,26.99,48.64,55.56,61.3,77.55
UNP,2,132,336,39.3,19.3,38.44,44.5,51.83,71.29
UNP,3,49,336,14.6,18.39,34.51,39.18,45.01,67.58
UNP,4,16,336,4.8,25.85,32.26,37.47,39.63,54.7
UNP,5,9,336,2.7,23.12,27.74,31.94,37.98,49.9
UNP,6,4,336,1.2,24.45,25.37,28.62,32.08,33.62
UNP,7,3,336,0.9,19.23,23.26,27.28,32.08,36.87
UPS,1,301,301,100.0,21.38,46.89,54.37,62.37,85.19
UPS,2,110,301,36.5,17.41,37.16,45.8,51.89,65.42
UPS,3,52,301,17.3,19.88,31.2,37.02,41.59,53.81
UPS,4,22,301,7.3,16.6,26.09,33.64,37.84,42.72
UPS,5,9,301,3.0,16.49,28.31,29.36,33.92,40.28
UPS,6,5,301,1.7,19.34,27.43,34.15,34.25,38.63
UPS,7,3,301,1.0,26.92,27.32,27.72,28.3,28.89
UPS,8,1,301,0.3,33.47,33.47,33.47,33.47,33.47
USB,1,320,320,100.0,28.67,49.15,54.94,61.6,76.82
USB,2,124,320,38.8,14.84,38.53,43.67,50.55,68.41
USB,3,55,320,17.2,16.66,33.36,37.77,43.44,63.26
USB,4,24,320,7.5,12.99,29.95,36.41,40.46,46.54
USB,5,13,320,4.1,21.8,29.48,32.02,35.65,46.54
USB,6,7,320,2.2,21.85,30.82,34.96,36.99,38.11
USB,7,3,320,0.9,22.48,23.0,23.51,26.33,29.15
USB,8,1,320,0.3,25.84,25.84,25.84,25.84,25.84
V,1,338,338,100.0,23.15,48.66,55.6,62.05,82.44
V,2,102,338,30.2,21.21,37.77,44.04,50.7,73.22
V,3,38,338,11.2,29.35,36.98,40.86,45.39,54.52
V,4,17,338,5.0,25.15,31.73,36.73,38.19,47.05
V,5,4,338,1.2,27.2,30.29,31.35,31.55,32.07
V,6,2,338,0.6,27.39,28.2,29.02,29.84,30.65
V,7,1,338,0.3,32.95,32.95,32.95,32.95,32.95
VLO,1,342,342,100.0,27.18,48.96,57.2,64.03,85.99
VLO,2,127,342,37.1,18.64,35.43,43.91,50.2,69.87
VLO,3,58,342,17.0,24.84,32.85,36.16,40.37,56.8
VLO,4,21,342,6.1,18.55,30.19,32.85,35.38,42.47
VLO,5,11,342,3.2,19.22,27.48,30.82,33.28,42.47
VLO,6,2,342,0.6,27.96,28.85,29.75,30.64,31.53
VLO,7,1,342,0.3,41.14,41.14,41.14,41.14,41.14
VNA.DE,1,197,197,100.0,27.98,46.98,55.0,62.35,79.37
VNA.DE,2,71,197,36.0,25.96,35.77,42.21,48.05,59.68
VNA.DE,3,32,197,16.2,22.75,30.65,35.11,41.78,47.82
VNA.DE,4,11,197,5.6,25.75,27.74,33.59,36.67,42.81
VNA.DE,5,6,197,3.0,24.88,27.08,29.89,30.77,36.75
VNA.DE,6,2,197,1.0,26.47,28.48,30.49,32.5,34.51
VNA.DE,7,2,197,1.0,14.54,20.71,26.89,33.06,39.24
VNA.DE,8,1,197,0.5,35.03,35.03,35.03,35.03,35.03
VNA.DE,9,1,197,0.5,34.44,34.44,34.44,34.44,34.44
VNA.DE,10,1,197,0.5,33.42,33.42,33.42,33.42,33.42
VOW3.DE,1,282,282,100.0,23.7,45.85,55.32,62.5,82.09
VOW3.DE,2,124,282,44.0,23.57,36.42,41.77,49.8,63.71
VOW3.DE,3,59,282,20.9,21.1,32.14,37.87,42.98,53.91
VOW3.DE,4,25,282,8.9,18.02,30.32,32.15,35.44,42.66
VOW3.DE,5,14,282,5.0,12.57,28.67,32.2,35.36,37.47
VOW3.DE,6,7,282,2.5,19.68,23.66,29.09,32.42,35.61
VOW3.DE,7,5,282,1.8,17.17,20.9,32.21,34.22,38.29
VOW3.DE,8,2,282,0.7,24.9,26.55,28.21,29.86,31.52
VOW3.DE,9,1,282,0.4,19.72,19.72,19.72,19.72,19.72
VOW3.DE,10,1,282,0.4,19.3,19.3,19.3,19.3,19.3
VOW3.DE,11,1,282,0.4,16.02,16.02,16.02,16.02,16.02
VOW3.DE,12,1,282,0.4,18.84,18.84,18.84,18.84,18.84
VRSK,1,247,247,100.0,27.08,49.92,57.65,64.09,77.01
VRSK,2,81,247,32.8,21.69,40.4,47.29,53.71,66.34
VRSK,3,30,247,12.1,23.55,30.72,37.73,41.65,51.15
VRSK,4,16,247,6.5,21.56,30.16,33.34,36.0,46.77
VRSK,5,8,247,3.2,19.12,23.09,30.56,34.84,42.69
VRSK,6,3,247,1.2,23.3,25.52,27.73,30.38,33.02
VRSK,7,2,247,0.8,25.2,26.75,28.3,29.84,31.39
VRSK,8,1,247,0.4,30.85,30.85,30.85,30.85,30.85
VRSK,9,1,247,0.4,33.89,33.89,33.89,33.89,33.89
VRSK,10,1,247,0.4,28.46,28.46,28.46,28.46,28.46
VRTX,1,284,284,100.0,23.23,49.1,55.33,62.39,82.18
VRTX,2,110,284,38.7,21.3,39.82,45.14,51.84,71.85
VRTX,3,48,284,16.9,24.5,33.71,36.16,41.52,57.24
VRTX,4,19,284,6.7,17.92,31.23,33.11,37.81,46.69
VRTX,5,10,284,3.5,20.9,26.62,32.69,36.34,38.55
VRTX,6,8,284,2.8,23.24,26.43,28.55,30.72,32.51
VRTX,7,4,284,1.4,25.2,25.21,27.2,31.3,37.66
VRTX,8,2,284,0.7,27.87,29.42,30.97,32.52,34.07
VRTX,9,1,284,0.4,30.63,30.63,30.63,30.63,30.63
VZ,1,294,294,100.0,22.59,47.22,56.19,63.67,80.19
VZ,2,112,294,38.1,18.87,37.31,44.25,49.91,71.46
VZ,3,51,294,17.3,23.6,31.75,37.28,43.64,55.69
VZ,4,28,294,9.5,25.78,32.75,34.87,37.13,50.78
VZ,5,12,294,4.1,26.29,29.59,35.52,37.49,45.1
VZ,6,6,294,2.0,25.55,27.05,31.71,32.38,37.92
VZ,7,1,294,0.3,22.83,22.83,22.83,22.83,22.83
VZ,8,1,294,0.3,25.82,25.82,25.82,25.82,25.82
VZ,9,1,294,0.3,28.31,28.31,28.31,28.31,28.31
WBD,1,303,303,100.0,23.61,45.72,54.1,62.64,85.15
WBD,2,119,303,39.3,16.42,37.0,41.24,49.72,65.49
WBD,3,57,303,18.8,24.09,30.15,34.74,40.43,59.23
WBD,4,23,303,7.6,19.63,28.8,34.06,36.01,42.52
WBD,5,10,303,3.3,22.13,27.05,31.13,36.28,40.0
WBD,6,4,303,1.3,25.1,28.68,31.86,34.47,36.36
WBD,7,1,303,0.3,29.83,29.83,29.83,29.83,29.83
WBD,8,1,303,0.3,28.1,28.1,28.1,28.1,28.1
WDAY,1,205,205,100.0,19.47,45.6,54.61,61.53,78.51
WDAY,2,84,205,41.0,21.23,35.85,41.95,48.63,62.26
WDAY,3,35,205,17.1,22.45,30.38,37.27,41.12,63.25
WDAY,4,18,205,8.8,22.57,28.15,34.51,38.91,44.21
WDAY,5,9,205,4.4,17.32,24.02,29.8,40.34,42.82
WDAY,6,4,205,2.0,21.24,22.85,26.54,31.53,37.09
WDAY,7,1,205,0.5,33.51,33.51,33.51,33.51,33.51
WDAY,8,1,205,0.5,29.58,29.58,29.58,29.58,29.58
WDAY,9,1,205,0.5,37.07,37.07,37.07,37.07,37.07
WDC,1,344,344,100.0,21.58,48.31,56.0,63.32,84.67
WDC,2,129,344,37.5,21.9,35.63,44.33,50.08,63.48
WDC,3,45,344,13.1,22.78,29.82,34.82,41.03,55.84
WDC,4,25,344,7.3,21.94,28.01,32.48,36.76,53.86
WDC,5,16,344,4.7,19.06,28.47,31.99,37.59,40.86
WDC,6,6,344,1.7,15.8,21.54,26.55,33.17,44.98
WDC,7,3,344,0.9,15.92,20.4,24.88,27.39,29.9
WDC,8,1,344,0.3,18.54,18.54,18.54,18.54,18.54
WDC,9,1,344,0.3,32.8,32.8,32.8,32.8,32.8
WELL,1,339,339,100.0,25.5,48.76,55.91,62.61,82.69
WELL,2,122,339,36.0,14.89,38.45,43.3,50.31,67.61
WELL,3,55,339,16.2,12.62,32.86,37.85,44.37,56.89
WELL,4,26,339,7.7,15.84,30.0,34.86,40.64,53.7
WELL,5,6,339,1.8,21.83,26.22,33.26,38.47,40.17
WELL,6,1,339,0.3,27.32,27.32,27.32,27.32,27.32
WFC,1,327,327,100.0,25.93,48.45,55.99,62.01,78.9
WFC,2,122,327,37.3,24.01,36.81,43.28,50.23,71.14
WFC,3,51,327,15.6,18.77,32.16,37.73,42.58,59.51
WFC,4,27,327,8.3,21.6,30.14,33.58,37.07,47.18
WFC,5,12,327,3.7,15.57,29.88,31.98,36.62,38.52
WFC,6,7,327,2.1,18.46,26.77,29.65,33.84,36.67
WFC,7,4,327,1.2,25.31,27.65,29.7,31.93,34.83
WMT,1,319,319,100.0,28.23,49.91,56.28,62.66,79.4
WMT,2,121,319,37.9,19.84,39.19,45.08,52.09,72.61
WMT,3,52,319,16.3,22.34,32.02,36.83,43.33,51.69
WMT,4,24,319,7.5,16.28,26.63,33.22,41.79,47.93
WMT,5,6,319,1.9,28.94,31.25,32.47,34.53,35.98
WMT,6,1,319,0.3,27.87,27.87,27.87,27.87,27.87
WMT,7,1,319,0.3,38.47,38.47,38.47,38.47,38.47
XEL,1,330,330,100.0,22.57,49.35,55.84,61.63,83.02
XEL,2,119,330,36.1,20.58,38.88,47.66,52.19,73.74
XEL,3,35,330,10.6,21.07,33.23,39.46,42.01,56.34
XEL,4,15,330,4.5,21.91,33.72,36.55,38.77,49.14
XEL,5,6,330,1.8,32.24,35.87,37.13,37.96,42.86
XEL,6,6,330,1.8,23.89,29.31,41.43,44.43,47.4
XEL,7,3,330,0.9,28.02,35.54,43.06,45.7,48.33
XOM,1,321,321,100.0,21.6,48.46,55.36,62.83,87.05
XOM,2,110,321,34.3,17.8,35.59,41.74,50.48,66.02
XOM,3,55,321,17.1,22.85,34.22,36.6,43.25,56.17
XOM,4,20,321,6.2,20.12,27.32,32.52,38.86,46.26
XOM,5,9,321,2.8,23.64,34.32,35.44,36.98,40.38
XOM,6,4,321,1.2,25.46,28.75,33.35,38.19,42.22
XOM,7,1,321,0.3,25.76,25.76,25.76,25.76,25.76
ZAL.DE,1,149,149,100.0,22.42,46.2,54.23,60.97,81.54
ZAL.DE,2,57,149,38.3,21.13,35.89,39.93,51.61,70.02
ZAL.DE,3,27,149,18.1,16.17,27.29,32.92,38.6,53.67
ZAL.DE,4,15,149,10.1,14.93,23.3,29.82,34.89,37.95
ZAL.DE,5,9,149,6.0,20.54,21.64,30.23,36.54,37.28
ZAL.DE,6,1,149,0.7,24.94,24.94,24.94,24.94,24.94
ZAL.DE,7,1,149,0.7,24.67,24.67,24.67,24.67,24.67
ZAL.DE,8,1,149,0.7,29.28,29.28,29.28,29.28,29.28
ZS,1,132,132,100.0,25.3,49.63,57.26,64.71,83.23
ZS,2,49,132,37.1,22.18,33.34,44.21,49.72,78.9
ZS,3,23,132,17.4,18.67,32.21,36.26,43.86,51.8
ZS,4,13,132,9.8,23.94,33.27,34.43,38.03,42.11
ZS,5,7,132,5.3,24.78,30.74,33.59,35.95,42.99
ZS,6,3,132,2.3,26.7,30.29,33.88,35.46,37.04
ZW=F,1,273,273,100.0,20.9,45.93,53.08,59.85,83.27
ZW=F,2,111,273,40.7,20.02,38.13,43.63,49.05,71.57
ZW=F,3,57,273,20.9,20.64,32.5,36.34,40.47,62.14
ZW=F,4,35,273,12.8,25.71,30.88,35.96,38.14,56.12
ZW=F,5,20,273,7.3,23.77,28.79,31.6,35.12,39.98
ZW=F,6,11,273,4.0,19.84,29.94,34.73,36.5,37.42
ZW=F,7,3,273,1.1,32.26,33.89,35.52,35.61,35.69
