reihe,ticker,tief,lage,faelle,haelt_1_pct,haelt_1.5_pct,haelt_2_pct,haelt_2.5_pct,haelt_3_pct,median_benoetigt_atr
vix,AAPL,1,ruhig,38,36.8,42.1,47.4,50.0,50.0,2.531
vix,AAPL,1,normal,50,44.0,48.0,50.0,58.0,62.0,1.901
vix,AAPL,1,unruhig,39,38.5,53.8,64.1,69.2,76.9,1.301
vix,AAPL,2,ruhig,6,0.0,16.7,16.7,16.7,16.7,7.156
vix,AAPL,2,normal,11,54.5,72.7,72.7,72.7,72.7,0.678
vix,AAPL,2,unruhig,17,29.4,47.1,52.9,52.9,64.7,1.582
vix,AAPL,3+,ruhig,5,0.0,40.0,40.0,40.0,60.0,3.0
vix,AAPL,3+,normal,4,75.0,75.0,100.0,100.0,100.0,0.0
vix,AAPL,3+,unruhig,22,59.1,68.2,72.7,77.3,77.3,0.627
vix,ABBV,1,ruhig,34,41.2,47.1,58.8,64.7,64.7,1.675
vix,ABBV,1,normal,40,20.0,20.0,32.5,37.5,42.5,4.379
vix,ABBV,1,unruhig,45,48.9,55.6,66.7,66.7,66.7,1.308
vix,ABBV,2,ruhig,5,60.0,80.0,80.0,80.0,80.0,0.0
vix,ABBV,2,normal,16,25.0,37.5,43.8,50.0,50.0,2.792
vix,ABBV,2,unruhig,9,33.3,33.3,44.4,44.4,44.4,3.762
vix,ABBV,3+,ruhig,5,80.0,80.0,80.0,80.0,80.0,0.0
vix,ABBV,3+,normal,12,8.3,25.0,41.7,41.7,58.3,2.7
vix,ABBV,3+,unruhig,12,50.0,50.0,58.3,66.7,75.0,0.965
vix,ABNB,1,ruhig,32,34.4,40.6,46.9,46.9,50.0,3.02
vix,ABNB,1,normal,47,27.7,34.0,42.6,53.2,59.6,2.433
vix,ABNB,1,unruhig,25,28.0,36.0,48.0,56.0,60.0,2.082
vix,ABNB,2,ruhig,7,14.3,28.6,28.6,28.6,42.9,4.216
vix,ABNB,2,normal,14,35.7,35.7,57.1,78.6,85.7,1.93
vix,ABNB,2,unruhig,15,26.7,26.7,33.3,46.7,66.7,2.559
vix,ABNB,3+,ruhig,2,0.0,0.0,0.0,0.0,0.0,8.031
vix,ABNB,3+,normal,9,44.4,44.4,44.4,55.6,66.7,2.167
vix,ABNB,3+,unruhig,12,50.0,66.7,75.0,83.3,83.3,1.019
vix,ABT,1,ruhig,31,35.5,48.4,48.4,51.6,54.8,2.161
vix,ABT,1,normal,46,19.6,26.1,34.8,41.3,45.7,3.47
vix,ABT,1,unruhig,34,41.2,47.1,58.8,61.8,64.7,1.675
vix,ABT,2,ruhig,7,14.3,14.3,14.3,14.3,14.3,5.777
vix,ABT,2,normal,18,33.3,50.0,55.6,55.6,61.1,1.632
vix,ABT,2,unruhig,17,47.1,52.9,64.7,70.6,76.5,1.303
vix,ABT,3+,ruhig,6,33.3,33.3,50.0,66.7,66.7,2.103
vix,ABT,3+,normal,16,37.5,37.5,37.5,43.8,50.0,2.974
vix,ABT,3+,unruhig,17,47.1,52.9,58.8,64.7,64.7,1.376
vix,ACN,1,ruhig,30,40.0,46.7,50.0,50.0,50.0,3.121
vix,ACN,1,normal,55,27.3,29.1,38.2,43.6,47.3,3.44
vix,ACN,1,unruhig,39,43.6,46.2,53.8,64.1,66.7,1.628
vix,ACN,2,ruhig,8,0.0,0.0,12.5,12.5,12.5,12.36
vix,ACN,2,normal,14,7.1,14.3,35.7,35.7,35.7,5.166
vix,ACN,2,unruhig,16,25.0,37.5,43.8,50.0,75.0,2.508
vix,ACN,3+,ruhig,7,28.6,42.9,42.9,42.9,42.9,3.495
vix,ACN,3+,normal,11,36.4,45.5,45.5,45.5,45.5,3.069
vix,ACN,3+,unruhig,26,46.2,53.8,69.2,73.1,76.9,1.166
vix,ADBE,1,ruhig,35,25.7,37.1,37.1,42.9,45.7,3.851
vix,ADBE,1,normal,42,14.3,14.3,16.7,19.0,19.0,5.608
vix,ADBE,1,unruhig,29,31.0,34.5,37.9,41.4,41.4,4.19
vix,ADBE,2,ruhig,9,33.3,33.3,44.4,44.4,55.6,2.994
vix,ADBE,2,normal,9,33.3,33.3,33.3,33.3,33.3,3.38
vix,ADBE,2,unruhig,13,15.4,15.4,23.1,23.1,38.5,4.955
vix,ADBE,3+,ruhig,5,40.0,40.0,40.0,40.0,60.0,2.679
vix,ADBE,3+,normal,18,27.8,27.8,33.3,33.3,50.0,2.963
vix,ADBE,3+,unruhig,14,14.3,21.4,28.6,42.9,50.0,3.117
vix,ADI,1,ruhig,36,30.6,44.4,50.0,50.0,61.1,2.281
vix,ADI,1,normal,53,26.4,39.6,50.9,52.8,62.3,1.961
vix,ADI,1,unruhig,42,45.2,52.4,57.1,64.3,78.6,1.357
vix,ADI,2,ruhig,13,38.5,53.8,61.5,61.5,69.2,1.439
vix,ADI,2,normal,12,16.7,33.3,33.3,50.0,50.0,2.816
vix,ADI,2,unruhig,24,54.2,66.7,75.0,75.0,79.2,0.793
vix,ADI,3+,ruhig,4,0.0,0.0,0.0,0.0,25.0,5.703
vix,ADI,3+,normal,16,56.2,56.2,56.2,62.5,68.8,0.923
vix,ADI,3+,unruhig,15,66.7,93.3,93.3,93.3,93.3,0.285
vix,ADP,1,ruhig,29,37.9,41.4,55.2,62.1,62.1,1.806
vix,ADP,1,normal,41,36.6,39.0,48.8,53.7,56.1,2.117
vix,ADP,1,unruhig,43,37.2,44.2,51.2,65.1,69.8,1.998
vix,ADP,2,ruhig,10,40.0,50.0,60.0,60.0,60.0,1.482
vix,ADP,2,normal,12,33.3,33.3,33.3,33.3,50.0,3.079
vix,ADP,2,unruhig,17,41.2,47.1,52.9,52.9,52.9,1.63
vix,ADP,3+,ruhig,8,37.5,37.5,37.5,37.5,37.5,9.384
vix,ADP,3+,normal,14,28.6,35.7,42.9,50.0,71.4,2.441
vix,ADP,3+,unruhig,17,52.9,58.8,70.6,82.4,88.2,0.99
vix,ADSK,1,ruhig,30,30.0,30.0,36.7,43.3,46.7,3.206
vix,ADSK,1,normal,35,31.4,34.3,37.1,40.0,40.0,3.89
vix,ADSK,1,unruhig,38,50.0,52.6,60.5,63.2,68.4,1.142
vix,ADSK,2,ruhig,7,14.3,28.6,28.6,28.6,28.6,3.636
vix,ADSK,2,normal,10,30.0,40.0,40.0,40.0,40.0,3.175
vix,ADSK,2,unruhig,17,41.2,52.9,58.8,58.8,64.7,1.432
vix,ADSK,3+,ruhig,2,50.0,50.0,50.0,50.0,50.0,6.354
vix,ADSK,3+,normal,14,42.9,50.0,57.1,64.3,64.3,1.581
vix,ADSK,3+,unruhig,20,45.0,60.0,70.0,75.0,80.0,1.311
vix,AEP,1,ruhig,38,23.7,28.9,31.6,39.5,47.4,3.26
vix,AEP,1,normal,43,30.2,39.5,41.9,53.5,60.5,2.24
vix,AEP,1,unruhig,24,45.8,50.0,54.2,58.3,62.5,1.579
vix,AEP,2,ruhig,10,60.0,60.0,60.0,70.0,80.0,0.609
vix,AEP,2,normal,12,50.0,66.7,66.7,75.0,83.3,0.871
vix,AEP,2,unruhig,11,36.4,45.5,63.6,81.8,81.8,1.526
vix,AEP,3+,ruhig,11,36.4,63.6,63.6,81.8,90.9,1.148
vix,AEP,3+,normal,12,25.0,25.0,50.0,50.0,58.3,2.454
vix,AEP,3+,unruhig,5,80.0,80.0,80.0,80.0,80.0,0.0
vix,AMAT,1,ruhig,35,42.9,45.7,48.6,54.3,60.0,2.274
vix,AMAT,1,normal,60,26.7,36.7,48.3,58.3,61.7,2.079
vix,AMAT,1,unruhig,44,43.2,52.3,56.8,65.9,70.5,1.385
vix,AMAT,2,ruhig,9,44.4,55.6,66.7,77.8,77.8,1.272
vix,AMAT,2,normal,20,35.0,50.0,50.0,55.0,70.0,1.934
vix,AMAT,2,unruhig,24,45.8,50.0,58.3,58.3,62.5,1.309
vix,AMAT,3+,ruhig,1,100.0,100.0,100.0,100.0,100.0,0.504
vix,AMAT,3+,normal,10,40.0,50.0,60.0,70.0,90.0,1.433
vix,AMAT,3+,unruhig,18,27.8,27.8,27.8,38.9,38.9,3.453
vix,AMD,1,ruhig,26,38.5,42.3,46.2,53.8,65.4,2.274
vix,AMD,1,normal,48,37.5,52.1,60.4,66.7,72.9,1.446
vix,AMD,1,unruhig,38,36.8,39.5,44.7,57.9,71.1,2.376
vix,AMD,2,ruhig,7,14.3,14.3,14.3,42.9,57.1,2.968
vix,AMD,2,normal,19,15.8,52.6,57.9,57.9,63.2,1.384
vix,AMD,2,unruhig,15,46.7,53.3,60.0,60.0,80.0,1.466
vix,AMD,3+,ruhig,9,11.1,22.2,33.3,33.3,44.4,3.035
vix,AMD,3+,normal,14,50.0,57.1,64.3,78.6,85.7,1.039
vix,AMD,3+,unruhig,18,55.6,55.6,55.6,77.8,77.8,0.698
vix,AMGN,1,ruhig,28,57.1,64.3,75.0,78.6,78.6,0.596
vix,AMGN,1,normal,34,11.8,17.6,26.5,38.2,47.1,3.089
vix,AMGN,1,unruhig,36,38.9,41.7,50.0,52.8,55.6,1.943
vix,AMGN,2,ruhig,8,25.0,50.0,50.0,62.5,62.5,1.87
vix,AMGN,2,normal,14,35.7,35.7,35.7,42.9,50.0,2.96
vix,AMGN,2,unruhig,16,50.0,50.0,50.0,50.0,56.2,1.719
vix,AMGN,3+,ruhig,10,40.0,70.0,80.0,80.0,80.0,1.191
vix,AMGN,3+,normal,14,28.6,35.7,50.0,64.3,64.3,1.958
vix,AMGN,3+,unruhig,12,41.7,50.0,58.3,66.7,83.3,1.736
vix,AMT,1,ruhig,30,33.3,36.7,43.3,46.7,46.7,3.793
vix,AMT,1,normal,40,10.0,20.0,20.0,30.0,35.0,3.774
vix,AMT,1,unruhig,24,8.3,29.2,41.7,41.7,50.0,3.005
vix,AMT,2,ruhig,11,18.2,18.2,18.2,27.3,27.3,4.757
vix,AMT,2,normal,14,21.4,35.7,35.7,42.9,42.9,4.083
vix,AMT,2,unruhig,17,29.4,35.3,35.3,52.9,64.7,2.473
vix,AMT,3+,ruhig,8,0.0,0.0,0.0,12.5,62.5,2.713
vix,AMT,3+,normal,16,31.2,50.0,62.5,68.8,81.2,1.421
vix,AMT,3+,unruhig,21,33.3,38.1,52.4,61.9,90.5,1.68
vix,AMZN,1,ruhig,43,30.2,32.6,41.9,46.5,48.8,3.05
vix,AMZN,1,normal,45,40.0,55.6,62.2,64.4,68.9,1.392
vix,AMZN,1,unruhig,22,68.2,72.7,72.7,81.8,81.8,0.0
vix,AMZN,2,ruhig,13,61.5,61.5,76.9,76.9,76.9,0.477
vix,AMZN,2,normal,16,43.8,50.0,56.2,56.2,56.2,1.436
vix,AMZN,2,unruhig,10,50.0,60.0,60.0,60.0,70.0,0.771
vix,AMZN,3+,ruhig,4,25.0,25.0,25.0,25.0,25.0,5.441
vix,AMZN,3+,normal,13,38.5,53.8,53.8,53.8,53.8,1.325
vix,AMZN,3+,unruhig,18,44.4,50.0,55.6,61.1,66.7,1.595
vix,ANET,1,ruhig,30,33.3,43.3,50.0,53.3,60.0,1.883
vix,ANET,1,normal,49,32.7,38.8,40.8,53.1,61.2,2.464
vix,ANET,1,unruhig,43,37.2,41.9,44.2,60.5,74.4,2.143
vix,ANET,2,ruhig,8,50.0,62.5,62.5,62.5,87.5,1.107
vix,ANET,2,normal,14,28.6,42.9,57.1,64.3,78.6,1.925
vix,ANET,2,unruhig,17,41.2,58.8,70.6,76.5,88.2,1.445
vix,ANET,3+,ruhig,1,0.0,0.0,0.0,100.0,100.0,2.262
vix,ANET,3+,normal,10,40.0,60.0,70.0,70.0,70.0,1.312
vix,ANET,3+,unruhig,16,25.0,31.2,56.2,62.5,87.5,1.841
vix,APH,1,ruhig,36,38.9,47.2,52.8,52.8,58.3,1.892
vix,APH,1,normal,59,37.3,44.1,47.5,54.2,62.7,2.175
vix,APH,1,unruhig,39,35.9,41.0,51.3,56.4,61.5,1.959
vix,APH,2,ruhig,6,33.3,66.7,66.7,66.7,66.7,1.204
vix,APH,2,normal,18,44.4,50.0,61.1,66.7,66.7,1.646
vix,APH,2,unruhig,18,50.0,50.0,55.6,61.1,66.7,1.48
vix,APH,3+,ruhig,1,100.0,100.0,100.0,100.0,100.0,0.0
vix,APH,3+,normal,5,40.0,60.0,60.0,60.0,80.0,1.236
vix,APH,3+,unruhig,17,29.4,35.3,58.8,88.2,88.2,1.637
vix,APP,1,ruhig,34,50.0,55.9,61.8,64.7,73.5,1.073
vix,APP,1,normal,44,38.6,43.2,52.3,54.5,61.4,1.976
vix,APP,1,unruhig,18,22.2,22.2,27.8,33.3,44.4,4.498
vix,APP,2,ruhig,10,60.0,60.0,60.0,60.0,60.0,0.0
vix,APP,2,normal,11,27.3,36.4,54.5,72.7,72.7,1.695
vix,APP,2,unruhig,15,13.3,20.0,26.7,33.3,40.0,3.327
vix,APP,3+,ruhig,1,100.0,100.0,100.0,100.0,100.0,0.0
vix,APP,3+,normal,10,60.0,60.0,60.0,60.0,70.0,0.411
vix,APP,3+,unruhig,14,42.9,50.0,50.0,50.0,50.0,2.211
vix,ARM,1,ruhig,11,54.5,54.5,72.7,72.7,72.7,0.861
vix,ARM,1,normal,20,20.0,45.0,50.0,60.0,65.0,2.064
vix,ARM,1,unruhig,7,100.0,100.0,100.0,100.0,100.0,0.0
vix,ARM,2,ruhig,2,50.0,50.0,50.0,50.0,50.0,2.507
vix,ARM,2,normal,11,27.3,36.4,36.4,54.5,63.6,2.426
vix,ARM,2,unruhig,1,100.0,100.0,100.0,100.0,100.0,0.0
vix,ARM,3+,normal,3,33.3,33.3,33.3,33.3,33.3,4.423
vix,ARM,3+,unruhig,5,40.0,40.0,40.0,40.0,40.0,3.033
vix,ASML,1,ruhig,42,28.6,35.7,35.7,40.5,47.6,3.224
vix,ASML,1,normal,54,37.0,46.3,55.6,59.3,68.5,1.95
vix,ASML,1,unruhig,40,62.5,62.5,65.0,67.5,72.5,0.38
vix,ASML,2,ruhig,11,18.2,18.2,27.3,36.4,36.4,3.622
vix,ASML,2,normal,17,35.3,47.1,47.1,47.1,47.1,3.237
vix,ASML,2,unruhig,18,33.3,33.3,33.3,50.0,50.0,2.784
vix,ASML,3+,ruhig,2,50.0,100.0,100.0,100.0,100.0,0.539
vix,ASML,3+,normal,10,60.0,60.0,60.0,60.0,60.0,0.952
vix,ASML,3+,unruhig,16,43.8,50.0,56.2,68.8,81.2,1.446
vix,AVGO,1,ruhig,35,45.7,60.0,62.9,74.3,74.3,1.306
vix,AVGO,1,normal,52,38.5,51.9,63.5,65.4,71.2,1.444
vix,AVGO,1,unruhig,39,46.2,56.4,59.0,69.2,76.9,1.164
vix,AVGO,2,ruhig,10,60.0,60.0,70.0,70.0,70.0,0.931
vix,AVGO,2,normal,20,35.0,50.0,60.0,70.0,70.0,1.488
vix,AVGO,2,unruhig,15,53.3,60.0,60.0,60.0,66.7,0.328
vix,AVGO,3+,ruhig,4,50.0,75.0,75.0,75.0,75.0,0.571
vix,AVGO,3+,normal,10,50.0,70.0,90.0,100.0,100.0,0.919
vix,AVGO,3+,unruhig,10,40.0,50.0,70.0,70.0,70.0,1.429
vix,AXON,1,ruhig,27,44.4,55.6,63.0,66.7,70.4,1.295
vix,AXON,1,normal,45,26.7,35.6,42.2,44.4,60.0,2.585
vix,AXON,1,unruhig,36,50.0,50.0,55.6,66.7,69.4,1.317
vix,AXON,2,ruhig,7,42.9,42.9,57.1,57.1,57.1,1.674
vix,AXON,2,normal,16,43.8,50.0,62.5,75.0,75.0,1.549
vix,AXON,2,unruhig,18,50.0,55.6,61.1,61.1,66.7,0.981
vix,AXON,3+,ruhig,6,66.7,66.7,66.7,83.3,83.3,0.353
vix,AXON,3+,normal,9,66.7,66.7,66.7,66.7,77.8,0.542
vix,AXON,3+,unruhig,10,70.0,80.0,80.0,100.0,100.0,0.475
vix,AXP,1,ruhig,37,37.8,40.5,45.9,51.4,54.1,2.45
vix,AXP,1,normal,51,27.5,41.2,51.0,64.7,68.6,1.938
vix,AXP,1,unruhig,39,48.7,61.5,64.1,71.8,71.8,1.008
vix,AXP,2,ruhig,11,36.4,36.4,45.5,45.5,45.5,3.493
vix,AXP,2,normal,19,42.1,57.9,73.7,78.9,84.2,1.335
vix,AXP,2,unruhig,18,55.6,66.7,72.2,72.2,77.8,0.721
vix,AXP,3+,ruhig,2,0.0,0.0,0.0,0.0,0.0,6.699
vix,AXP,3+,normal,9,66.7,66.7,88.9,88.9,88.9,0.161
vix,AXP,3+,unruhig,18,44.4,50.0,66.7,77.8,77.8,1.283
vix,AZN,1,ruhig,42,23.8,33.3,35.7,45.2,50.0,3.095
vix,AZN,1,normal,53,34.0,37.7,39.6,49.1,50.9,2.849
vix,AZN,1,unruhig,38,28.9,36.8,42.1,47.4,52.6,2.805
vix,AZN,2,ruhig,8,25.0,25.0,37.5,37.5,37.5,4.46
vix,AZN,2,normal,25,24.0,24.0,32.0,48.0,52.0,2.555
vix,AZN,2,unruhig,10,40.0,40.0,40.0,40.0,50.0,2.87
vix,AZN,3+,ruhig,8,62.5,62.5,62.5,62.5,62.5,0.354
vix,AZN,3+,normal,12,58.3,58.3,66.7,75.0,83.3,0.55
vix,AZN,3+,unruhig,12,25.0,41.7,50.0,66.7,75.0,2.069
vix,BA,3+,ruhig,3,0.0,0.0,0.0,33.3,33.3,25.26
vix,BABA,1,ruhig,38,42.1,44.7,50.0,57.9,60.5,1.947
vix,BABA,1,normal,42,16.7,19.0,23.8,28.6,38.1,4.51
vix,BABA,1,unruhig,35,40.0,45.7,54.3,57.1,57.1,1.625
vix,BABA,2,ruhig,11,45.5,63.6,63.6,63.6,63.6,1.156
vix,BABA,2,normal,24,33.3,33.3,33.3,37.5,50.0,3.026
vix,BABA,2,unruhig,16,25.0,25.0,37.5,37.5,43.8,3.615
vix,BABA,3+,ruhig,9,55.6,55.6,66.7,77.8,77.8,0.866
vix,BABA,3+,normal,21,28.6,33.3,38.1,47.6,57.1,2.76
vix,BABA,3+,unruhig,27,33.3,40.7,44.4,48.1,48.1,3.782
vix,BAC,1,ruhig,39,33.3,33.3,41.0,43.6,43.6,4.104
vix,BAC,1,normal,46,23.9,34.8,41.3,54.3,58.7,2.186
vix,BAC,1,unruhig,37,40.5,45.9,51.4,54.1,59.5,1.619
vix,BAC,2,ruhig,6,50.0,66.7,66.7,66.7,66.7,0.908
vix,BAC,2,normal,18,22.2,27.8,38.9,50.0,50.0,2.725
vix,BAC,2,unruhig,19,57.9,63.2,63.2,68.4,73.7,0.795
vix,BAC,3+,ruhig,3,0.0,0.0,0.0,0.0,0.0,4.722
vix,BAC,3+,normal,9,44.4,44.4,55.6,55.6,55.6,1.984
vix,BAC,3+,unruhig,19,47.4,57.9,57.9,63.2,63.2,1.062
vix,BBVA,1,ruhig,53,34.0,37.7,41.5,43.4,56.6,2.758
vix,BBVA,1,normal,69,30.4,44.9,49.3,50.7,55.1,2.256
vix,BBVA,1,unruhig,44,50.0,63.6,65.9,72.7,75.0,0.989
vix,BBVA,2,ruhig,13,38.5,38.5,38.5,46.2,61.5,2.545
vix,BBVA,2,normal,21,33.3,52.4,57.1,61.9,71.4,1.23
vix,BBVA,2,unruhig,16,68.8,68.8,68.8,68.8,75.0,0.299
vix,BBVA,3+,ruhig,5,60.0,80.0,80.0,100.0,100.0,0.68
vix,BBVA,3+,normal,8,50.0,50.0,50.0,50.0,62.5,1.72
vix,BBVA,3+,unruhig,18,72.2,72.2,77.8,88.9,88.9,0.079
vix,BHP,1,ruhig,39,23.1,28.2,35.9,41.0,43.6,3.473
vix,BHP,1,normal,60,28.3,31.7,41.7,51.7,61.7,2.362
vix,BHP,1,unruhig,51,43.1,49.0,60.8,62.7,70.6,1.584
vix,BHP,2,ruhig,15,33.3,40.0,46.7,53.3,60.0,2.086
vix,BHP,2,normal,21,33.3,33.3,42.9,47.6,57.1,2.648
vix,BHP,2,unruhig,20,50.0,55.0,65.0,65.0,70.0,1.08
vix,BHP,3+,ruhig,10,10.0,10.0,20.0,30.0,60.0,2.66
vix,BHP,3+,normal,15,33.3,33.3,40.0,46.7,46.7,3.183
vix,BHP,3+,unruhig,17,41.2,47.1,58.8,58.8,76.5,1.504
vix,BIIB,1,ruhig,15,20.0,26.7,26.7,26.7,26.7,4.978
vix,BIIB,1,normal,32,25.0,34.4,37.5,50.0,50.0,2.788
vix,BIIB,1,unruhig,26,30.8,42.3,46.2,57.7,73.1,2.038
vix,BIIB,2,ruhig,10,30.0,30.0,40.0,50.0,50.0,3.399
vix,BIIB,2,normal,8,37.5,37.5,50.0,50.0,50.0,2.708
vix,BIIB,2,unruhig,14,28.6,35.7,42.9,64.3,64.3,2.271
vix,BIIB,3+,ruhig,12,0.0,0.0,0.0,0.0,8.3,4.885
vix,BIIB,3+,normal,15,6.7,6.7,13.3,20.0,26.7,5.442
vix,BIIB,3+,unruhig,13,15.4,15.4,23.1,38.5,53.8,2.935
vix,BKNG,1,ruhig,32,37.5,40.6,40.6,43.8,46.9,3.635
vix,BKNG,1,normal,55,29.1,34.5,38.2,38.2,43.6,3.31
vix,BKNG,1,unruhig,37,43.2,56.8,59.5,64.9,70.3,1.23
vix,BKNG,2,ruhig,9,44.4,44.4,44.4,55.6,55.6,2.154
vix,BKNG,2,normal,17,35.3,35.3,35.3,52.9,58.8,2.338
vix,BKNG,2,unruhig,23,47.8,52.2,56.5,69.6,78.3,1.429
vix,BKNG,3+,ruhig,1,0.0,0.0,0.0,0.0,0.0,4.567
vix,BKNG,3+,normal,11,36.4,54.5,54.5,63.6,63.6,1.468
vix,BKNG,3+,unruhig,17,52.9,76.5,88.2,88.2,88.2,0.709
vix,BKR,1,ruhig,22,31.8,40.9,50.0,59.1,68.2,1.873
vix,BKR,1,normal,39,30.8,33.3,43.6,43.6,53.8,2.85
vix,BKR,1,unruhig,47,40.4,51.1,55.3,63.8,68.1,1.489
vix,BKR,2,ruhig,7,57.1,57.1,57.1,57.1,71.4,0.999
vix,BKR,2,normal,17,29.4,47.1,52.9,58.8,70.6,1.966
vix,BKR,2,unruhig,14,50.0,50.0,50.0,50.0,57.1,1.688
vix,BKR,3+,ruhig,6,33.3,33.3,33.3,33.3,50.0,3.212
vix,BKR,3+,normal,16,43.8,50.0,50.0,62.5,68.8,1.768
vix,BKR,3+,unruhig,9,22.2,33.3,33.3,55.6,55.6,2.476
vix,BLK,1,ruhig,30,33.3,43.3,43.3,46.7,46.7,3.419
vix,BLK,1,normal,51,31.4,39.2,45.1,49.0,49.0,3.081
vix,BLK,1,unruhig,47,61.7,66.0,68.1,70.2,74.5,0.635
vix,BLK,2,ruhig,5,0.0,40.0,40.0,40.0,40.0,6.911
vix,BLK,2,normal,19,31.6,36.8,36.8,42.1,47.4,3.128
vix,BLK,2,unruhig,19,47.4,57.9,57.9,57.9,63.2,1.124
vix,BLK,3+,ruhig,4,0.0,25.0,25.0,25.0,25.0,4.933
vix,BLK,3+,normal,14,35.7,42.9,42.9,50.0,57.1,2.384
vix,BLK,3+,unruhig,19,47.4,47.4,47.4,52.6,52.6,2.101
vix,BMO,1,ruhig,35,28.6,34.3,37.1,37.1,40.0,4.465
vix,BMO,1,normal,54,35.2,48.1,53.7,55.6,61.1,1.757
vix,BMO,1,unruhig,37,37.8,51.4,54.1,67.6,70.3,1.359
vix,BMO,2,ruhig,5,40.0,40.0,40.0,40.0,80.0,2.616
vix,BMO,2,normal,23,47.8,56.5,56.5,56.5,56.5,1.2
vix,BMO,2,unruhig,15,40.0,60.0,66.7,66.7,66.7,1.154
vix,BMO,3+,ruhig,5,0.0,0.0,0.0,20.0,20.0,5.019
vix,BMO,3+,normal,14,28.6,35.7,42.9,50.0,64.3,2.452
vix,BMO,3+,unruhig,17,52.9,58.8,70.6,76.5,76.5,0.88
vix,BMY,1,ruhig,22,36.4,36.4,36.4,54.5,59.1,2.131
vix,BMY,1,normal,48,35.4,41.7,45.8,52.1,54.2,2.415
vix,BMY,1,unruhig,38,36.8,36.8,42.1,57.9,63.2,2.241
vix,BMY,2,ruhig,10,20.0,30.0,30.0,40.0,50.0,4.529
vix,BMY,2,normal,19,31.6,36.8,36.8,42.1,52.6,2.851
vix,BMY,2,unruhig,17,47.1,64.7,70.6,70.6,70.6,1.035
vix,BMY,3+,ruhig,8,25.0,25.0,25.0,25.0,25.0,3.921
vix,BMY,3+,normal,15,26.7,33.3,33.3,46.7,53.3,2.834
vix,BMY,3+,unruhig,15,46.7,60.0,73.3,73.3,80.0,1.061
vix,BNS,1,ruhig,37,27.0,29.7,35.1,43.2,45.9,4.825
vix,BNS,1,normal,51,43.1,47.1,51.0,54.9,58.8,1.744
vix,BNS,1,unruhig,39,48.7,64.1,69.2,74.4,74.4,1.06
vix,BNS,2,ruhig,7,28.6,42.9,42.9,42.9,57.1,2.849
vix,BNS,2,normal,16,12.5,37.5,43.8,50.0,62.5,2.469
vix,BNS,2,unruhig,18,44.4,61.1,61.1,66.7,72.2,1.293
vix,BNS,3+,ruhig,5,20.0,20.0,20.0,40.0,40.0,7.07
vix,BNS,3+,normal,13,30.8,38.5,38.5,38.5,53.8,2.76
vix,BNS,3+,unruhig,21,52.4,52.4,57.1,61.9,71.4,0.94
vix,BNY,1,ruhig,40,50.0,55.0,57.5,65.0,75.0,1.03
vix,BNY,1,normal,59,42.4,47.5,49.2,57.6,59.3,2.009
vix,BNY,1,unruhig,42,40.5,45.2,52.4,54.8,59.5,1.63
vix,BNY,2,ruhig,9,22.2,22.2,33.3,33.3,44.4,3.608
vix,BNY,2,normal,18,44.4,61.1,72.2,77.8,83.3,1.284
vix,BNY,2,unruhig,17,41.2,47.1,52.9,70.6,76.5,1.881
vix,BNY,3+,ruhig,1,100.0,100.0,100.0,100.0,100.0,0.877
vix,BNY,3+,normal,9,88.9,88.9,88.9,88.9,88.9,0.617
vix,BNY,3+,unruhig,17,35.3,47.1,52.9,64.7,76.5,1.787
vix,BP,1,ruhig,35,28.6,34.3,48.6,51.4,51.4,2.043
vix,BP,1,normal,51,19.6,29.4,39.2,47.1,49.0,3.001
vix,BP,1,unruhig,51,39.2,49.0,52.9,54.9,58.8,1.546
vix,BP,2,ruhig,6,33.3,50.0,50.0,50.0,50.0,3.485
vix,BP,2,normal,21,23.8,28.6,33.3,47.6,52.4,2.504
vix,BP,2,unruhig,17,41.2,47.1,47.1,47.1,52.9,2.558
vix,BP,3+,ruhig,13,15.4,23.1,23.1,30.8,38.5,5.05
vix,BP,3+,normal,9,44.4,66.7,66.7,66.7,66.7,1.186
vix,BP,3+,unruhig,21,57.1,57.1,61.9,61.9,71.4,0.196
vix,BRK-B,1,ruhig,33,48.5,51.5,57.6,63.6,63.6,1.308
vix,BRK-B,1,normal,54,38.9,46.3,53.7,61.1,64.8,1.7
vix,BRK-B,1,unruhig,43,51.2,58.1,65.1,76.7,79.1,0.958
vix,BRK-B,2,ruhig,4,75.0,75.0,75.0,100.0,100.0,0.656
vix,BRK-B,2,normal,16,50.0,50.0,62.5,68.8,68.8,1.305
vix,BRK-B,2,unruhig,12,58.3,58.3,58.3,66.7,83.3,0.731
vix,BRK-B,3+,ruhig,1,0.0,0.0,0.0,0.0,0.0,3.797
vix,BRK-B,3+,normal,12,41.7,50.0,50.0,50.0,75.0,1.886
vix,BRK-B,3+,unruhig,17,52.9,58.8,64.7,64.7,70.6,0.476
vix,BTC-USD,1,ruhig,29,27.6,41.4,44.8,48.3,55.2,2.63
vix,BTC-USD,1,normal,36,22.2,33.3,36.1,36.1,44.4,4.03
vix,BTC-USD,1,unruhig,35,60.0,60.0,62.9,65.7,71.4,0.0
vix,BTC-USD,2,ruhig,10,30.0,50.0,50.0,50.0,60.0,1.859
vix,BTC-USD,2,normal,18,22.2,33.3,44.4,44.4,44.4,3.123
vix,BTC-USD,2,unruhig,11,18.2,27.3,45.5,54.5,63.6,2.254
vix,BTC-USD,3+,ruhig,8,62.5,75.0,75.0,87.5,87.5,0.679
vix,BTC-USD,3+,normal,11,45.5,45.5,54.5,54.5,54.5,1.713
vix,BTC-USD,3+,unruhig,10,70.0,70.0,70.0,70.0,70.0,0.0
vix,BTI,1,ruhig,36,30.6,33.3,33.3,36.1,41.7,4.611
vix,BTI,1,normal,58,37.9,37.9,43.1,51.7,56.9,2.349
vix,BTI,1,unruhig,35,22.9,25.7,31.4,31.4,34.3,3.536
vix,BTI,2,ruhig,10,30.0,40.0,50.0,60.0,60.0,2.189
vix,BTI,2,normal,22,22.7,36.4,40.9,54.5,54.5,2.355
vix,BTI,2,unruhig,18,22.2,22.2,33.3,38.9,50.0,3.039
vix,BTI,3+,ruhig,6,33.3,66.7,83.3,83.3,83.3,1.103
vix,BTI,3+,normal,19,36.8,47.4,57.9,57.9,57.9,1.764
vix,BTI,3+,unruhig,17,35.3,47.1,47.1,52.9,58.8,2.213
vix,C,1,ruhig,44,38.6,43.2,43.2,43.2,43.2,3.783
vix,C,1,normal,44,36.4,36.4,50.0,54.5,59.1,2.048
vix,C,1,unruhig,39,43.6,53.8,59.0,64.1,64.1,1.276
vix,C,2,ruhig,7,28.6,28.6,28.6,28.6,28.6,3.672
vix,C,2,normal,17,29.4,41.2,47.1,70.6,82.4,2.022
vix,C,2,unruhig,11,45.5,54.5,54.5,54.5,54.5,1.307
vix,C,3+,ruhig,1,0.0,0.0,0.0,0.0,100.0,2.91
vix,C,3+,normal,12,33.3,41.7,50.0,66.7,66.7,2.022
vix,C,3+,unruhig,17,41.2,47.1,52.9,64.7,64.7,1.831
vix,CAT,1,ruhig,30,20.0,26.7,36.7,50.0,53.3,2.449
vix,CAT,1,normal,50,42.0,48.0,52.0,54.0,60.0,1.926
vix,CAT,1,unruhig,35,45.7,57.1,57.1,71.4,71.4,1.182
vix,CAT,2,ruhig,8,25.0,37.5,37.5,37.5,37.5,3.578
vix,CAT,2,normal,15,26.7,33.3,33.3,33.3,40.0,4.115
vix,CAT,2,unruhig,16,37.5,50.0,62.5,68.8,75.0,1.457
vix,CAT,3+,ruhig,4,25.0,50.0,75.0,75.0,75.0,1.65
vix,CAT,3+,normal,6,16.7,16.7,16.7,33.3,33.3,4.146
vix,CAT,3+,unruhig,11,63.6,72.7,72.7,81.8,81.8,0.054
vix,CB,1,ruhig,33,42.4,51.5,60.6,63.6,75.8,1.434
vix,CB,1,normal,44,38.6,40.9,50.0,54.5,68.2,2.009
vix,CB,1,unruhig,35,34.3,42.9,54.3,65.7,74.3,1.844
vix,CB,2,ruhig,13,46.2,46.2,53.8,61.5,69.2,1.91
vix,CB,2,normal,13,53.8,53.8,69.2,69.2,76.9,0.62
vix,CB,2,unruhig,19,31.6,42.1,68.4,68.4,73.7,1.603
vix,CB,3+,ruhig,6,83.3,83.3,83.3,83.3,83.3,0.041
vix,CB,3+,normal,8,50.0,62.5,75.0,75.0,87.5,0.901
vix,CB,3+,unruhig,5,60.0,80.0,80.0,80.0,80.0,0.2
vix,CCEP,1,ruhig,38,47.4,50.0,57.9,63.2,63.2,1.448
vix,CCEP,1,normal,40,27.5,42.5,50.0,57.5,57.5,1.945
vix,CCEP,1,unruhig,41,43.9,48.8,51.2,58.5,68.3,1.609
vix,CCEP,2,ruhig,11,18.2,27.3,27.3,27.3,36.4,3.415
vix,CCEP,2,normal,17,41.2,47.1,58.8,64.7,70.6,1.602
vix,CCEP,2,unruhig,15,20.0,20.0,20.0,33.3,40.0,3.183
vix,CCEP,3+,ruhig,7,28.6,57.1,57.1,71.4,71.4,1.489
vix,CCEP,3+,normal,12,58.3,66.7,75.0,83.3,83.3,0.467
vix,CCEP,3+,unruhig,16,75.0,75.0,75.0,81.2,81.2,0.0
vix,CDNS,1,ruhig,38,10.5,13.2,21.1,31.6,34.2,4.143
vix,CDNS,1,normal,60,40.0,45.0,45.0,48.3,53.3,2.679
vix,CDNS,1,unruhig,44,47.7,56.8,59.1,63.6,70.5,1.163
vix,CDNS,2,ruhig,11,18.2,18.2,27.3,36.4,45.5,3.638
vix,CDNS,2,normal,14,35.7,50.0,50.0,57.1,57.1,1.785
vix,CDNS,2,unruhig,20,55.0,60.0,60.0,65.0,70.0,0.881
vix,CDNS,3+,ruhig,5,20.0,20.0,40.0,40.0,40.0,3.075
vix,CDNS,3+,normal,10,40.0,50.0,80.0,80.0,90.0,1.326
vix,CDNS,3+,unruhig,13,61.5,61.5,61.5,69.2,69.2,0.739
vix,CDW,1,ruhig,25,32.0,32.0,32.0,36.0,36.0,7.199
vix,CDW,1,normal,47,14.9,17.0,25.5,29.8,29.8,5.226
vix,CDW,1,unruhig,36,38.9,50.0,69.4,77.8,80.6,1.514
vix,CDW,2,ruhig,5,40.0,80.0,80.0,80.0,80.0,1.042
vix,CDW,2,normal,17,23.5,29.4,29.4,29.4,41.2,3.82
vix,CDW,2,unruhig,23,39.1,56.5,60.9,65.2,65.2,1.326
vix,CDW,3+,ruhig,1,0.0,0.0,0.0,0.0,0.0,3.771
vix,CDW,3+,normal,14,28.6,28.6,35.7,35.7,64.3,2.595
vix,CDW,3+,unruhig,18,22.2,38.9,50.0,55.6,77.8,1.959
vix,CEG,1,ruhig,24,50.0,58.3,62.5,66.7,75.0,1.095
vix,CEG,1,normal,30,40.0,46.7,50.0,60.0,70.0,1.919
vix,CEG,1,unruhig,19,47.4,47.4,52.6,63.2,78.9,1.797
vix,CEG,2,ruhig,7,42.9,42.9,42.9,57.1,57.1,2.406
vix,CEG,2,normal,10,70.0,70.0,70.0,70.0,70.0,0.441
vix,CEG,2,unruhig,8,37.5,62.5,75.0,87.5,87.5,1.263
vix,CEG,3+,ruhig,2,100.0,100.0,100.0,100.0,100.0,0.073
vix,CEG,3+,normal,8,25.0,50.0,50.0,50.0,62.5,1.869
vix,CEG,3+,unruhig,8,12.5,12.5,37.5,50.0,62.5,2.552
vix,CHTR,1,ruhig,25,56.0,68.0,68.0,68.0,68.0,0.42
vix,CHTR,1,normal,33,18.2,27.3,33.3,33.3,36.4,5.125
vix,CHTR,1,unruhig,30,33.3,40.0,53.3,66.7,70.0,1.945
vix,CHTR,2,ruhig,8,37.5,37.5,37.5,37.5,50.0,3.093
vix,CHTR,2,normal,13,15.4,23.1,30.8,38.5,53.8,2.983
vix,CHTR,2,unruhig,11,63.6,63.6,72.7,81.8,81.8,0.946
vix,CHTR,3+,ruhig,10,20.0,20.0,20.0,30.0,30.0,3.888
vix,CHTR,3+,normal,15,6.7,6.7,13.3,40.0,46.7,4.356
vix,CHTR,3+,unruhig,16,31.2,31.2,43.8,50.0,50.0,4.29
vix,CL,1,ruhig,29,48.3,51.7,58.6,65.5,65.5,1.452
vix,CL,1,normal,52,30.8,44.2,50.0,59.6,61.5,1.965
vix,CL,1,unruhig,36,36.1,41.7,44.4,47.2,58.3,2.72
vix,CL,2,ruhig,8,25.0,37.5,37.5,37.5,37.5,3.668
vix,CL,2,normal,16,25.0,31.2,37.5,43.8,50.0,2.933
vix,CL,2,unruhig,13,30.8,30.8,38.5,46.2,61.5,2.638
vix,CL,3+,ruhig,6,16.7,16.7,50.0,50.0,50.0,3.398
vix,CL,3+,normal,17,41.2,47.1,47.1,52.9,70.6,2.362
vix,CL,3+,unruhig,21,61.9,71.4,81.0,81.0,81.0,0.839
vix,CM,1,ruhig,21,38.1,57.1,57.1,61.9,66.7,1.211
vix,CM,1,normal,52,51.9,53.8,57.7,61.5,65.4,0.939
vix,CM,1,unruhig,46,56.5,58.7,58.7,60.9,65.2,0.677
vix,CM,2,ruhig,10,50.0,50.0,60.0,70.0,70.0,0.99
vix,CM,2,normal,8,37.5,37.5,50.0,50.0,50.0,4.794
vix,CM,2,unruhig,19,47.4,57.9,57.9,68.4,68.4,1.225
vix,CM,3+,ruhig,4,50.0,75.0,75.0,75.0,75.0,0.736
vix,CM,3+,normal,6,50.0,50.0,50.0,50.0,66.7,1.927
vix,CM,3+,unruhig,18,50.0,61.1,61.1,72.2,77.8,1.064
vix,CMCSA,1,ruhig,23,47.8,47.8,47.8,56.5,60.9,2.152
vix,CMCSA,1,normal,38,7.9,21.1,34.2,36.8,39.5,4.365
vix,CMCSA,1,unruhig,28,64.3,64.3,67.9,75.0,75.0,0.723
vix,CMCSA,2,ruhig,6,16.7,16.7,33.3,50.0,50.0,2.728
vix,CMCSA,2,normal,12,25.0,25.0,25.0,33.3,33.3,5.77
vix,CMCSA,2,unruhig,16,43.8,50.0,50.0,50.0,50.0,2.379
vix,CMCSA,3+,ruhig,5,0.0,0.0,0.0,20.0,20.0,5.306
vix,CMCSA,3+,normal,14,14.3,14.3,21.4,21.4,21.4,5.63
vix,CMCSA,3+,unruhig,17,29.4,35.3,47.1,47.1,47.1,4.069
vix,CNQ,1,ruhig,36,38.9,41.7,41.7,41.7,47.2,3.378
vix,CNQ,1,normal,57,29.8,40.4,45.6,54.4,64.9,2.317
vix,CNQ,1,unruhig,43,34.9,41.9,48.8,53.5,58.1,2.402
vix,CNQ,2,ruhig,9,33.3,33.3,33.3,44.4,55.6,2.883
vix,CNQ,2,normal,15,33.3,53.3,60.0,66.7,73.3,1.323
vix,CNQ,2,unruhig,23,43.5,43.5,52.2,69.6,73.9,1.858
vix,CNQ,3+,ruhig,6,33.3,33.3,33.3,50.0,66.7,2.339
vix,CNQ,3+,normal,5,60.0,80.0,80.0,80.0,80.0,0.0
vix,CNQ,3+,unruhig,15,46.7,53.3,73.3,73.3,80.0,1.362
vix,COF,1,ruhig,29,27.6,31.0,37.9,51.7,55.2,2.433
vix,COF,1,normal,46,30.4,34.8,41.3,41.3,63.0,2.684
vix,COF,1,unruhig,37,45.9,56.8,64.9,78.4,81.1,1.114
vix,COF,2,ruhig,11,0.0,27.3,36.4,36.4,45.5,3.14
vix,COF,2,normal,17,29.4,35.3,35.3,47.1,64.7,2.642
vix,COF,2,unruhig,17,52.9,58.8,76.5,82.4,82.4,0.837
vix,COF,3+,ruhig,3,0.0,0.0,0.0,33.3,33.3,4.757
vix,COF,3+,normal,13,38.5,53.8,61.5,76.9,76.9,1.468
vix,COF,3+,unruhig,19,36.8,42.1,42.1,63.2,68.4,2.092
vix,COP,1,ruhig,32,28.1,34.4,37.5,40.6,43.8,3.829
vix,COP,1,normal,37,32.4,40.5,48.6,51.4,59.5,2.386
vix,COP,1,unruhig,44,36.4,43.2,45.5,50.0,63.6,2.332
vix,COP,2,ruhig,13,23.1,23.1,30.8,30.8,38.5,3.885
vix,COP,2,normal,14,28.6,28.6,42.9,50.0,57.1,2.477
vix,COP,2,unruhig,21,52.4,57.1,61.9,61.9,76.2,0.83
vix,COP,3+,ruhig,5,0.0,0.0,20.0,20.0,40.0,3.731
vix,COP,3+,normal,8,25.0,25.0,37.5,37.5,37.5,3.067
vix,COP,3+,unruhig,16,31.2,31.2,31.2,37.5,43.8,3.376
vix,COST,1,ruhig,34,44.1,52.9,52.9,61.8,67.6,1.283
vix,COST,1,normal,49,44.9,49.0,55.1,59.2,69.4,1.671
vix,COST,1,unruhig,35,42.9,45.7,60.0,65.7,68.6,1.555
vix,COST,2,ruhig,6,33.3,33.3,33.3,33.3,33.3,3.942
vix,COST,2,normal,15,40.0,53.3,53.3,60.0,60.0,1.483
vix,COST,2,unruhig,12,25.0,41.7,58.3,58.3,58.3,1.752
vix,COST,3+,ruhig,2,0.0,0.0,0.0,0.0,0.0,5.818
vix,COST,3+,normal,7,57.1,71.4,85.7,85.7,85.7,0.602
vix,COST,3+,unruhig,16,56.2,62.5,62.5,62.5,62.5,0.479
vix,CPRT,1,ruhig,29,34.5,34.5,37.9,48.3,48.3,3.183
vix,CPRT,1,normal,50,36.0,40.0,48.0,54.0,54.0,2.227
vix,CPRT,1,unruhig,42,54.8,57.1,66.7,73.8,78.6,0.648
vix,CPRT,2,ruhig,6,66.7,66.7,66.7,66.7,66.7,0.783
vix,CPRT,2,normal,15,33.3,53.3,53.3,53.3,60.0,1.45
vix,CPRT,2,unruhig,18,44.4,50.0,55.6,55.6,61.1,1.42
vix,CPRT,3+,ruhig,3,33.3,33.3,33.3,66.7,66.7,2.46
vix,CPRT,3+,normal,12,25.0,25.0,25.0,25.0,41.7,3.23
vix,CPRT,3+,unruhig,17,41.2,47.1,52.9,64.7,82.4,1.765
vix,CRM,1,ruhig,31,22.6,32.3,38.7,45.2,51.6,2.766
vix,CRM,1,normal,35,40.0,51.4,62.9,68.6,74.3,1.429
vix,CRM,1,unruhig,33,36.4,39.4,48.5,51.5,54.5,2.025
vix,CRM,2,ruhig,6,50.0,50.0,50.0,50.0,83.3,1.595
vix,CRM,2,normal,11,18.2,36.4,45.5,45.5,54.5,2.596
vix,CRM,2,unruhig,18,33.3,38.9,38.9,38.9,44.4,3.881
vix,CRM,3+,ruhig,5,40.0,40.0,40.0,40.0,40.0,7.459
vix,CRM,3+,normal,16,31.2,50.0,56.2,68.8,68.8,1.593
vix,CRM,3+,unruhig,26,26.9,26.9,42.3,50.0,53.8,2.534
vix,CRWD,1,ruhig,31,45.2,54.8,64.5,77.4,80.6,1.162
vix,CRWD,1,normal,49,46.9,49.0,55.1,65.3,73.5,1.674
vix,CRWD,1,unruhig,30,53.3,60.0,63.3,70.0,73.3,0.799
vix,CRWD,2,ruhig,5,60.0,60.0,80.0,80.0,80.0,0.994
vix,CRWD,2,normal,13,53.8,53.8,61.5,61.5,76.9,0.045
vix,CRWD,2,unruhig,11,63.6,63.6,63.6,72.7,90.9,0.369
vix,CRWD,3+,ruhig,4,25.0,25.0,25.0,50.0,50.0,3.016
vix,CRWD,3+,normal,10,30.0,40.0,50.0,60.0,90.0,2.191
vix,CRWD,3+,unruhig,8,50.0,62.5,62.5,62.5,75.0,0.817
vix,CSCO,1,ruhig,17,35.3,41.2,47.1,47.1,52.9,2.668
vix,CSCO,1,normal,51,45.1,56.9,72.5,78.4,78.4,1.348
vix,CSCO,1,unruhig,31,58.1,67.7,71.0,74.2,77.4,0.564
vix,CSCO,2,ruhig,5,60.0,80.0,80.0,80.0,80.0,0.83
vix,CSCO,2,normal,14,78.6,85.7,85.7,92.9,92.9,0.176
vix,CSCO,2,unruhig,11,18.2,27.3,27.3,36.4,54.5,2.951
vix,CSCO,3+,ruhig,4,50.0,50.0,50.0,50.0,50.0,3.525
vix,CSCO,3+,normal,6,16.7,16.7,50.0,50.0,50.0,3.939
vix,CSCO,3+,unruhig,12,58.3,58.3,58.3,66.7,66.7,0.791
vix,CSGP,1,ruhig,27,18.5,29.6,37.0,44.4,44.4,4.075
vix,CSGP,1,normal,33,27.3,30.3,39.4,54.5,54.5,2.431
vix,CSGP,1,unruhig,26,46.2,61.5,69.2,73.1,80.8,1.175
vix,CSGP,2,ruhig,12,33.3,41.7,41.7,41.7,50.0,3.598
vix,CSGP,2,normal,15,26.7,46.7,46.7,46.7,46.7,3.823
vix,CSGP,2,unruhig,16,50.0,56.2,56.2,62.5,62.5,0.898
vix,CSGP,3+,ruhig,5,20.0,20.0,20.0,40.0,60.0,2.91
vix,CSGP,3+,normal,16,18.8,18.8,18.8,18.8,18.8,4.248
vix,CSGP,3+,unruhig,13,30.8,30.8,30.8,30.8,38.5,5.122
vix,CSX,1,ruhig,34,29.4,29.4,44.1,50.0,55.9,2.458
vix,CSX,1,normal,53,41.5,45.3,52.8,58.5,64.2,1.965
vix,CSX,1,unruhig,41,43.9,58.5,65.9,73.2,78.0,1.205
vix,CSX,2,ruhig,8,37.5,37.5,50.0,50.0,50.0,3.527
vix,CSX,2,normal,16,25.0,25.0,56.2,56.2,62.5,1.99
vix,CSX,2,unruhig,21,38.1,61.9,71.4,81.0,90.5,1.293
vix,CSX,3+,ruhig,9,33.3,44.4,66.7,77.8,77.8,1.576
vix,CSX,3+,normal,8,25.0,25.0,25.0,25.0,25.0,3.383
vix,CSX,3+,unruhig,19,52.6,68.4,68.4,73.7,78.9,0.864
vix,CTAS,1,ruhig,37,43.2,51.4,54.1,56.8,64.9,1.459
vix,CTAS,1,normal,51,33.3,39.2,43.1,47.1,56.9,2.565
vix,CTAS,1,unruhig,40,47.5,57.5,62.5,67.5,75.0,1.054
vix,CTAS,2,ruhig,7,57.1,71.4,71.4,71.4,71.4,0.425
vix,CTAS,2,normal,14,42.9,57.1,57.1,57.1,57.1,1.261
vix,CTAS,2,unruhig,20,65.0,80.0,85.0,85.0,85.0,0.503
vix,CTAS,3+,ruhig,3,66.7,66.7,66.7,66.7,66.7,0.127
vix,CTAS,3+,normal,8,50.0,62.5,62.5,62.5,62.5,0.864
vix,CTAS,3+,unruhig,13,38.5,53.8,61.5,69.2,69.2,1.227
vix,CTSH,1,ruhig,21,33.3,42.9,42.9,47.6,52.4,2.612
vix,CTSH,1,normal,36,19.4,22.2,27.8,33.3,38.9,5.173
vix,CTSH,1,unruhig,36,38.9,44.4,47.2,50.0,50.0,2.819
vix,CTSH,2,ruhig,9,22.2,33.3,44.4,44.4,44.4,5.598
vix,CTSH,2,normal,16,25.0,37.5,43.8,50.0,56.2,2.491
vix,CTSH,2,unruhig,18,22.2,27.8,27.8,38.9,38.9,3.97
vix,CTSH,3+,ruhig,7,14.3,28.6,42.9,42.9,42.9,5.676
vix,CTSH,3+,normal,16,6.2,12.5,12.5,25.0,31.2,4.458
vix,CTSH,3+,unruhig,21,42.9,47.6,52.4,61.9,66.7,1.828
vix,CVS,1,ruhig,28,25.0,35.7,39.3,46.4,53.6,2.7
vix,CVS,1,normal,55,32.7,50.9,54.5,61.8,69.1,1.441
vix,CVS,1,unruhig,38,36.8,42.1,47.4,60.5,65.8,2.046
vix,CVS,2,ruhig,11,45.5,54.5,63.6,63.6,63.6,1.34
vix,CVS,2,normal,17,47.1,52.9,52.9,58.8,58.8,1.273
vix,CVS,2,unruhig,12,33.3,41.7,41.7,58.3,66.7,2.336
vix,CVS,3+,ruhig,5,40.0,40.0,40.0,40.0,40.0,4.886
vix,CVS,3+,normal,13,53.8,53.8,53.8,53.8,53.8,0.889
vix,CVS,3+,unruhig,19,52.6,57.9,63.2,63.2,73.7,0.794
vix,CVX,1,ruhig,26,30.8,30.8,38.5,46.2,46.2,3.432
vix,CVX,1,normal,38,26.3,36.8,44.7,44.7,47.4,3.188
vix,CVX,1,unruhig,36,41.7,41.7,44.4,55.6,66.7,2.088
vix,CVX,2,ruhig,11,18.2,18.2,18.2,18.2,18.2,4.261
vix,CVX,2,normal,9,33.3,55.6,55.6,66.7,66.7,1.291
vix,CVX,2,unruhig,20,35.0,40.0,40.0,45.0,60.0,2.688
vix,CVX,3+,ruhig,5,40.0,40.0,40.0,40.0,40.0,5.173
vix,CVX,3+,normal,9,44.4,44.4,55.6,55.6,77.8,1.639
vix,CVX,3+,unruhig,17,29.4,47.1,47.1,52.9,52.9,2.036
vix,DASH,1,ruhig,34,38.2,55.9,58.8,58.8,64.7,1.312
vix,DASH,1,normal,52,40.4,50.0,61.5,63.5,63.5,1.464
vix,DASH,1,unruhig,18,33.3,33.3,44.4,50.0,55.6,2.481
vix,DASH,2,ruhig,9,11.1,11.1,33.3,44.4,44.4,3.527
vix,DASH,2,normal,14,71.4,71.4,71.4,71.4,71.4,0.489
vix,DASH,2,unruhig,14,14.3,35.7,50.0,57.1,71.4,1.959
vix,DASH,3+,ruhig,8,25.0,25.0,37.5,62.5,62.5,2.288
vix,DASH,3+,normal,15,26.7,40.0,60.0,60.0,60.0,1.719
vix,DASH,3+,unruhig,18,44.4,55.6,72.2,72.2,83.3,1.15
vix,DDOG,1,ruhig,25,24.0,36.0,44.0,44.0,52.0,2.989
vix,DDOG,1,normal,48,50.0,52.1,58.3,62.5,68.8,0.989
vix,DDOG,1,unruhig,31,35.5,38.7,51.6,51.6,58.1,1.993
vix,DDOG,2,ruhig,12,33.3,33.3,50.0,58.3,58.3,2.013
vix,DDOG,2,normal,12,50.0,58.3,66.7,66.7,83.3,0.709
vix,DDOG,2,unruhig,12,25.0,41.7,58.3,58.3,58.3,1.614
vix,DDOG,3+,ruhig,8,37.5,37.5,62.5,87.5,87.5,1.723
vix,DDOG,3+,normal,13,30.8,38.5,46.2,53.8,61.5,2.103
vix,DDOG,3+,unruhig,22,40.9,50.0,50.0,50.0,63.6,1.878
vix,DE,1,ruhig,24,20.8,20.8,29.2,33.3,45.8,3.288
vix,DE,1,normal,43,25.6,37.2,51.2,55.8,65.1,1.921
vix,DE,1,unruhig,51,58.8,70.6,74.5,82.4,90.2,0.357
vix,DE,2,ruhig,13,23.1,23.1,23.1,46.2,46.2,3.179
vix,DE,2,normal,20,20.0,30.0,35.0,45.0,70.0,2.647
vix,DE,2,unruhig,12,41.7,50.0,50.0,58.3,75.0,1.845
vix,DE,3+,ruhig,9,22.2,22.2,33.3,33.3,44.4,3.159
vix,DE,3+,normal,11,36.4,36.4,63.6,100.0,100.0,1.67
vix,DE,3+,unruhig,10,50.0,50.0,60.0,70.0,80.0,1.447
vix,DELL,1,ruhig,31,35.5,45.2,48.4,48.4,54.8,2.65
vix,DELL,1,normal,57,45.6,52.6,57.9,61.4,63.2,1.471
vix,DELL,1,unruhig,50,60.0,62.0,66.0,70.0,70.0,0.627
vix,DELL,2,ruhig,9,44.4,44.4,44.4,66.7,66.7,2.061
vix,DELL,2,normal,11,36.4,54.5,54.5,54.5,54.5,1.431
vix,DELL,2,unruhig,21,42.9,47.6,57.1,61.9,66.7,1.698
vix,DELL,3+,ruhig,3,33.3,66.7,66.7,100.0,100.0,1.04
vix,DELL,3+,normal,7,42.9,57.1,71.4,71.4,71.4,1.372
vix,DELL,3+,unruhig,14,28.6,28.6,28.6,35.7,35.7,3.729
vix,DHR,1,ruhig,31,35.5,54.8,54.8,58.1,67.7,1.41
vix,DHR,1,normal,51,19.6,27.5,29.4,29.4,31.4,3.963
vix,DHR,1,unruhig,38,28.9,36.8,39.5,50.0,63.2,2.533
vix,DHR,2,ruhig,9,44.4,44.4,55.6,55.6,55.6,1.763
vix,DHR,2,normal,15,26.7,26.7,26.7,40.0,60.0,2.681
vix,DHR,2,unruhig,17,23.5,35.3,47.1,47.1,64.7,2.503
vix,DHR,3+,ruhig,5,80.0,80.0,80.0,80.0,80.0,0.0
vix,DHR,3+,normal,13,46.2,46.2,46.2,61.5,61.5,2.111
vix,DHR,3+,unruhig,14,50.0,64.3,71.4,71.4,78.6,1.018
vix,DIS,1,ruhig,28,39.3,46.4,53.6,57.1,57.1,1.77
vix,DIS,1,normal,32,18.8,28.1,31.2,31.2,37.5,4.008
vix,DIS,1,unruhig,32,34.4,43.8,50.0,53.1,65.6,2.061
vix,DIS,2,ruhig,13,30.8,30.8,30.8,30.8,30.8,8.45
vix,DIS,2,normal,16,18.8,18.8,25.0,25.0,37.5,4.064
vix,DIS,2,unruhig,17,35.3,35.3,41.2,52.9,70.6,2.277
vix,DIS,3+,ruhig,4,0.0,0.0,0.0,0.0,0.0,16.01
vix,DIS,3+,normal,10,20.0,30.0,30.0,30.0,40.0,3.202
vix,DIS,3+,unruhig,22,40.9,54.5,59.1,63.6,77.3,1.143
vix,DUK,1,ruhig,31,35.5,54.8,61.3,64.5,67.7,1.423
vix,DUK,1,normal,45,20.0,26.7,40.0,40.0,51.1,2.991
vix,DUK,1,unruhig,29,24.1,41.4,41.4,55.2,65.5,2.164
vix,DUK,2,ruhig,11,45.5,45.5,54.5,63.6,63.6,1.52
vix,DUK,2,normal,18,22.2,38.9,44.4,61.1,66.7,2.14
vix,DUK,2,unruhig,13,38.5,61.5,61.5,61.5,76.9,1.364
vix,DUK,3+,ruhig,9,55.6,55.6,66.7,77.8,77.8,0.767
vix,DUK,3+,normal,11,36.4,36.4,54.5,54.5,72.7,1.961
vix,DUK,3+,unruhig,11,72.7,90.9,90.9,100.0,100.0,0.773
vix,DXCM,1,ruhig,24,37.5,41.7,54.2,58.3,70.8,1.929
vix,DXCM,1,normal,42,42.9,54.8,59.5,61.9,61.9,1.246
vix,DXCM,1,unruhig,26,46.2,46.2,53.8,61.5,61.5,1.732
vix,DXCM,2,ruhig,7,42.9,42.9,57.1,57.1,57.1,1.695
vix,DXCM,2,normal,15,33.3,40.0,53.3,60.0,60.0,1.905
vix,DXCM,2,unruhig,15,46.7,46.7,53.3,53.3,53.3,1.945
vix,DXCM,3+,ruhig,7,28.6,28.6,28.6,28.6,28.6,13.589
vix,DXCM,3+,normal,10,30.0,40.0,40.0,50.0,60.0,2.369
vix,DXCM,3+,unruhig,15,46.7,53.3,66.7,73.3,80.0,1.473
vix,EMR,1,ruhig,31,29.0,29.0,32.3,32.3,35.5,4.361
vix,EMR,1,normal,46,30.4,34.8,39.1,47.8,56.5,2.583
vix,EMR,1,unruhig,42,45.2,50.0,57.1,59.5,69.0,1.384
vix,EMR,2,ruhig,8,0.0,0.0,12.5,37.5,37.5,4.76
vix,EMR,2,normal,20,25.0,30.0,40.0,40.0,40.0,3.292
vix,EMR,2,unruhig,17,64.7,70.6,70.6,76.5,88.2,0.384
vix,EMR,3+,ruhig,3,66.7,66.7,66.7,66.7,66.7,0.278
vix,EMR,3+,normal,11,36.4,45.5,45.5,63.6,63.6,2.329
vix,EMR,3+,unruhig,15,40.0,40.0,60.0,73.3,73.3,1.644
vix,ENB,1,ruhig,32,28.1,28.1,34.4,34.4,46.9,3.077
vix,ENB,1,normal,51,43.1,47.1,52.9,58.8,58.8,1.72
vix,ENB,1,unruhig,35,37.1,48.6,54.3,65.7,71.4,1.697
vix,ENB,2,ruhig,6,0.0,0.0,0.0,16.7,33.3,4.582
vix,ENB,2,normal,16,50.0,62.5,68.8,75.0,75.0,1.035
vix,ENB,2,unruhig,15,40.0,60.0,66.7,73.3,73.3,1.085
vix,ENB,3+,ruhig,9,44.4,44.4,55.6,55.6,66.7,1.541
vix,ENB,3+,normal,6,16.7,33.3,66.7,83.3,83.3,1.692
vix,ENB,3+,unruhig,15,46.7,53.3,53.3,60.0,66.7,1.162
vix,EQIX,1,ruhig,27,33.3,33.3,33.3,37.0,37.0,3.95
vix,EQIX,1,normal,46,45.7,52.2,56.5,67.4,67.4,1.337
vix,EQIX,1,unruhig,34,52.9,55.9,61.8,67.6,70.6,0.962
vix,EQIX,2,ruhig,4,75.0,75.0,75.0,75.0,75.0,0.184
vix,EQIX,2,normal,18,33.3,38.9,50.0,55.6,61.1,1.907
vix,EQIX,2,unruhig,16,31.2,31.2,37.5,50.0,50.0,2.691
vix,EQIX,3+,ruhig,5,80.0,80.0,80.0,80.0,80.0,0.233
vix,EQIX,3+,normal,7,28.6,42.9,42.9,42.9,57.1,2.915
vix,EQIX,3+,unruhig,18,27.8,27.8,33.3,38.9,50.0,3.092
vix,EQNR,1,ruhig,37,32.4,37.8,43.2,43.2,43.2,3.403
vix,EQNR,1,normal,44,31.8,43.2,45.5,52.3,54.5,2.204
vix,EQNR,1,unruhig,51,45.1,47.1,49.0,54.9,58.8,2.101
vix,EQNR,2,ruhig,14,14.3,14.3,14.3,28.6,28.6,3.523
vix,EQNR,2,normal,20,35.0,45.0,55.0,60.0,75.0,1.627
vix,EQNR,2,unruhig,17,35.3,41.2,47.1,52.9,58.8,2.493
vix,EQNR,3+,ruhig,9,33.3,44.4,44.4,55.6,55.6,2.012
vix,EQNR,3+,normal,13,46.2,46.2,53.8,53.8,84.6,1.569
vix,EQNR,3+,unruhig,13,61.5,84.6,84.6,84.6,84.6,0.623
vix,ETN,1,ruhig,44,43.2,47.7,47.7,52.3,54.5,2.159
vix,ETN,1,normal,53,28.3,39.6,47.2,54.7,62.3,2.145
vix,ETN,1,unruhig,42,50.0,61.9,73.8,81.0,85.7,0.975
vix,ETN,2,ruhig,5,40.0,40.0,40.0,40.0,40.0,3.91
vix,ETN,2,normal,16,43.8,50.0,50.0,50.0,56.2,2.014
vix,ETN,2,unruhig,23,43.5,43.5,60.9,65.2,73.9,1.675
vix,ETN,3+,ruhig,1,100.0,100.0,100.0,100.0,100.0,0.364
vix,ETN,3+,normal,10,40.0,40.0,50.0,50.0,60.0,2.333
vix,ETN,3+,unruhig,15,53.3,53.3,53.3,66.7,66.7,0.634
vix,EXC,1,ruhig,17,29.4,35.3,41.2,41.2,41.2,3.71
vix,EXC,1,normal,45,40.0,46.7,55.6,64.4,71.1,1.608
vix,EXC,1,unruhig,21,52.4,61.9,66.7,66.7,71.4,0.731
vix,EXC,2,ruhig,6,83.3,100.0,100.0,100.0,100.0,0.427
vix,EXC,2,normal,12,41.7,41.7,58.3,75.0,83.3,1.749
vix,EXC,2,unruhig,12,50.0,50.0,58.3,66.7,91.7,1.227
vix,EXC,3+,ruhig,12,83.3,91.7,91.7,91.7,100.0,0.103
vix,EXC,3+,normal,10,50.0,50.0,50.0,50.0,90.0,1.49
vix,EXC,3+,unruhig,5,60.0,80.0,80.0,80.0,80.0,0.094
vix,FANG,1,ruhig,31,35.5,45.2,45.2,64.5,67.7,2.105
vix,FANG,1,normal,48,33.3,37.5,50.0,62.5,68.8,2.01
vix,FANG,1,unruhig,43,41.9,44.2,53.5,62.8,74.4,1.689
vix,FANG,2,ruhig,8,37.5,75.0,75.0,75.0,100.0,1.183
vix,FANG,2,normal,16,31.2,43.8,43.8,56.2,56.2,2.393
vix,FANG,2,unruhig,13,38.5,61.5,69.2,84.6,84.6,1.321
vix,FANG,3+,ruhig,6,66.7,66.7,66.7,66.7,66.7,0.441
vix,FANG,3+,normal,12,50.0,50.0,58.3,66.7,66.7,1.384
vix,FANG,3+,unruhig,15,46.7,53.3,73.3,80.0,86.7,1.247
vix,FAST,1,ruhig,23,39.1,39.1,47.8,52.2,56.5,2.083
vix,FAST,1,normal,59,45.8,49.2,55.9,59.3,64.4,1.679
vix,FAST,1,unruhig,39,33.3,48.7,59.0,64.1,69.2,1.509
vix,FAST,2,ruhig,6,33.3,33.3,33.3,66.7,66.7,2.18
vix,FAST,2,normal,14,50.0,57.1,57.1,71.4,71.4,0.957
vix,FAST,2,unruhig,16,37.5,43.8,50.0,62.5,68.8,1.979
vix,FAST,3+,ruhig,8,25.0,50.0,62.5,62.5,75.0,1.512
vix,FAST,3+,normal,9,44.4,44.4,66.7,77.8,88.9,1.604
vix,FAST,3+,unruhig,20,30.0,40.0,65.0,75.0,80.0,1.602
vix,FDX,1,ruhig,33,27.3,36.4,36.4,45.5,51.5,2.794
vix,FDX,1,normal,36,47.2,52.8,55.6,72.2,72.2,1.258
vix,FDX,1,unruhig,42,47.6,54.8,69.0,73.8,78.6,1.052
vix,FDX,2,ruhig,13,23.1,23.1,30.8,30.8,30.8,4.459
vix,FDX,2,normal,11,45.5,54.5,54.5,63.6,63.6,1.383
vix,FDX,2,unruhig,18,55.6,66.7,66.7,72.2,72.2,0.759
vix,FDX,3+,ruhig,6,16.7,16.7,33.3,50.0,83.3,2.402
vix,FDX,3+,normal,12,25.0,33.3,33.3,33.3,41.7,3.369
vix,FDX,3+,unruhig,11,63.6,63.6,63.6,81.8,81.8,0.288
vix,FTNT,1,ruhig,26,42.3,50.0,50.0,50.0,50.0,2.36
vix,FTNT,1,normal,30,46.7,63.3,66.7,70.0,80.0,1.171
vix,FTNT,1,unruhig,32,50.0,59.4,68.8,71.9,75.0,1.188
vix,FTNT,2,ruhig,3,0.0,0.0,33.3,33.3,66.7,2.62
vix,FTNT,2,normal,10,70.0,70.0,70.0,70.0,70.0,0.209
vix,FTNT,2,unruhig,15,26.7,40.0,53.3,60.0,60.0,1.997
vix,FTNT,3+,ruhig,3,0.0,0.0,66.7,100.0,100.0,1.839
vix,FTNT,3+,normal,7,14.3,28.6,28.6,42.9,57.1,2.883
vix,FTNT,3+,unruhig,8,12.5,12.5,25.0,25.0,37.5,3.363
vix,GD,1,ruhig,37,56.8,62.2,62.2,64.9,70.3,0.879
vix,GD,1,normal,45,46.7,53.3,55.6,66.7,68.9,1.182
vix,GD,1,unruhig,44,40.9,54.5,59.1,63.6,70.5,1.286
vix,GD,2,ruhig,12,41.7,41.7,41.7,50.0,50.0,2.888
vix,GD,2,normal,12,58.3,75.0,75.0,83.3,83.3,0.714
vix,GD,2,unruhig,25,36.0,44.0,48.0,52.0,64.0,2.246
vix,GD,3+,ruhig,3,33.3,33.3,33.3,33.3,66.7,2.748
vix,GD,3+,normal,10,60.0,60.0,70.0,70.0,80.0,0.766
vix,GD,3+,unruhig,18,50.0,66.7,77.8,94.4,94.4,0.995
vix,GE,1,ruhig,35,48.6,57.1,65.7,68.6,74.3,1.036
vix,GE,1,normal,46,45.7,50.0,60.9,65.2,67.4,1.515
vix,GE,1,unruhig,27,55.6,66.7,74.1,81.5,85.2,0.683
vix,GE,2,ruhig,6,50.0,50.0,50.0,66.7,66.7,1.353
vix,GE,2,normal,10,70.0,70.0,70.0,90.0,90.0,0.0
vix,GE,2,unruhig,18,38.9,50.0,50.0,61.1,72.2,1.745
vix,GE,3+,ruhig,1,100.0,100.0,100.0,100.0,100.0,0.0
vix,GE,3+,normal,2,50.0,100.0,100.0,100.0,100.0,0.733
vix,GE,3+,unruhig,26,38.5,53.8,69.2,73.1,80.8,1.36
vix,GEHC,1,ruhig,13,23.1,23.1,30.8,46.2,46.2,3.027
vix,GEHC,1,normal,20,30.0,30.0,40.0,45.0,45.0,3.816
vix,GEHC,1,unruhig,6,66.7,66.7,66.7,66.7,66.7,0.581
vix,GEHC,2,ruhig,4,50.0,75.0,75.0,75.0,75.0,0.806
vix,GEHC,2,normal,9,11.1,11.1,33.3,44.4,44.4,3.609
vix,GEHC,2,unruhig,3,66.7,66.7,66.7,66.7,66.7,0.142
vix,GEHC,3+,ruhig,4,25.0,25.0,50.0,75.0,75.0,1.909
vix,GEHC,3+,normal,8,50.0,50.0,62.5,62.5,62.5,1.41
vix,GEHC,3+,unruhig,2,0.0,0.0,0.0,0.0,0.0,4.633
vix,GEV,1,ruhig,11,45.5,63.6,72.7,81.8,90.9,1.244
vix,GEV,1,normal,27,33.3,59.3,70.4,74.1,81.5,1.31
vix,GEV,1,unruhig,8,87.5,87.5,87.5,100.0,100.0,0.0
vix,GEV,2,ruhig,5,0.0,20.0,40.0,40.0,60.0,2.539
vix,GEV,2,normal,9,66.7,66.7,66.7,77.8,88.9,0.33
vix,GEV,2,unruhig,3,100.0,100.0,100.0,100.0,100.0,0.0
vix,GEV,3+,ruhig,1,0.0,0.0,0.0,100.0,100.0,2.034
vix,GEV,3+,normal,1,0.0,0.0,0.0,0.0,100.0,2.62
vix,GEV,3+,unruhig,4,50.0,50.0,75.0,75.0,75.0,1.244
vix,GFS,1,ruhig,22,4.5,4.5,4.5,9.1,13.6,4.595
vix,GFS,1,normal,27,25.9,29.6,51.9,51.9,55.6,1.977
vix,GFS,1,unruhig,15,26.7,26.7,40.0,46.7,60.0,2.868
vix,GFS,2,ruhig,9,11.1,11.1,11.1,22.2,22.2,3.438
vix,GFS,2,normal,12,33.3,33.3,41.7,50.0,66.7,2.584
vix,GFS,2,unruhig,10,50.0,50.0,60.0,60.0,80.0,1.129
vix,GFS,3+,ruhig,5,20.0,20.0,40.0,60.0,60.0,2.359
vix,GFS,3+,normal,12,33.3,33.3,50.0,58.3,75.0,2.162
vix,GFS,3+,unruhig,8,62.5,62.5,62.5,75.0,75.0,0.088
vix,GILD,1,ruhig,27,25.9,40.7,48.1,59.3,66.7,2.029
vix,GILD,1,normal,52,42.3,51.9,61.5,71.2,78.8,1.368
vix,GILD,1,unruhig,32,40.6,50.0,59.4,59.4,68.8,1.577
vix,GILD,2,ruhig,12,58.3,66.7,75.0,83.3,83.3,0.62
vix,GILD,2,normal,17,41.2,58.8,70.6,76.5,82.4,1.275
vix,GILD,2,unruhig,11,27.3,36.4,36.4,45.5,54.5,2.927
vix,GILD,3+,ruhig,8,25.0,25.0,50.0,62.5,62.5,2.15
vix,GILD,3+,normal,10,40.0,50.0,60.0,70.0,70.0,1.707
vix,GILD,3+,unruhig,17,41.2,41.2,47.1,52.9,64.7,2.349
vix,GLW,1,ruhig,29,41.4,48.3,51.7,62.1,65.5,1.747
vix,GLW,1,normal,54,46.3,53.7,57.4,63.0,64.8,1.179
vix,GLW,1,unruhig,31,35.5,54.8,58.1,64.5,77.4,1.328
vix,GLW,2,ruhig,8,37.5,37.5,37.5,62.5,62.5,2.235
vix,GLW,2,normal,13,30.8,30.8,38.5,46.2,46.2,3.656
vix,GLW,2,unruhig,19,47.4,52.6,52.6,63.2,73.7,1.146
vix,GLW,3+,ruhig,1,0.0,0.0,0.0,0.0,0.0,9.852
vix,GLW,3+,normal,19,47.4,57.9,57.9,57.9,68.4,1.048
vix,GLW,3+,unruhig,16,43.8,43.8,50.0,50.0,62.5,2.249
vix,GM,1,ruhig,34,17.6,26.5,32.4,35.3,38.2,4.434
vix,GM,1,normal,50,30.0,36.0,38.0,54.0,60.0,2.265
vix,GM,1,unruhig,28,42.9,57.1,67.9,71.4,71.4,1.36
vix,GM,2,ruhig,6,33.3,33.3,33.3,50.0,50.0,3.697
vix,GM,2,normal,19,15.8,26.3,36.8,52.6,57.9,2.371
vix,GM,2,unruhig,15,26.7,40.0,46.7,46.7,60.0,2.71
vix,GM,3+,ruhig,4,25.0,25.0,25.0,25.0,25.0,5.457
vix,GM,3+,normal,21,42.9,52.4,52.4,57.1,61.9,1.385
vix,GM,3+,unruhig,27,48.1,55.6,63.0,66.7,70.4,1.218
vix,GOOG,1,ruhig,37,37.8,43.2,56.8,62.2,62.2,1.831
vix,GOOG,1,normal,61,42.6,47.5,57.4,62.3,67.2,1.58
vix,GOOG,1,unruhig,41,48.8,58.5,61.0,75.6,78.0,1.116
vix,GOOG,2,ruhig,8,25.0,37.5,50.0,62.5,62.5,1.952
vix,GOOG,2,normal,19,57.9,57.9,63.2,68.4,68.4,0.637
vix,GOOG,2,unruhig,22,36.4,40.9,40.9,45.5,54.5,2.58
vix,GOOG,3+,ruhig,2,100.0,100.0,100.0,100.0,100.0,0.0
vix,GOOG,3+,normal,9,55.6,66.7,66.7,66.7,88.9,0.914
vix,GOOG,3+,unruhig,16,31.2,43.8,56.2,62.5,81.2,1.643
vix,GOOGL,1,ruhig,38,36.8,44.7,52.6,60.5,60.5,1.72
vix,GOOGL,1,normal,61,42.6,49.2,60.7,62.3,70.5,1.532
vix,GOOGL,1,unruhig,45,51.1,60.0,64.4,80.0,80.0,0.944
vix,GOOGL,2,ruhig,10,40.0,50.0,70.0,70.0,70.0,1.368
vix,GOOGL,2,normal,17,58.8,58.8,64.7,70.6,76.5,0.529
vix,GOOGL,2,unruhig,24,33.3,37.5,45.8,54.2,62.5,2.446
vix,GOOGL,3+,ruhig,2,100.0,100.0,100.0,100.0,100.0,0.0
vix,GOOGL,3+,normal,9,55.6,55.6,66.7,66.7,77.8,0.947
vix,GOOGL,3+,unruhig,18,38.9,55.6,55.6,61.1,72.2,1.414
vix,GS,1,ruhig,37,48.6,51.4,62.2,62.2,73.0,1.449
vix,GS,1,normal,49,53.1,55.1,61.2,65.3,67.3,0.836
vix,GS,1,unruhig,48,56.2,62.5,68.8,70.8,72.9,0.676
vix,GS,2,ruhig,8,50.0,62.5,75.0,75.0,75.0,0.879
vix,GS,2,normal,13,46.2,46.2,61.5,76.9,76.9,1.718
vix,GS,2,unruhig,22,40.9,50.0,59.1,68.2,68.2,1.512
vix,GS,3+,normal,7,57.1,71.4,71.4,71.4,71.4,0.0
vix,GS,3+,unruhig,16,50.0,56.2,62.5,68.8,68.8,0.901
vix,GSK,1,ruhig,39,30.8,33.3,38.5,48.7,51.3,2.608
vix,GSK,1,normal,48,39.6,52.1,54.2,56.2,58.3,1.389
vix,GSK,1,unruhig,37,21.6,27.0,32.4,43.2,45.9,3.741
vix,GSK,2,ruhig,10,30.0,40.0,50.0,50.0,50.0,2.427
vix,GSK,2,normal,19,36.8,42.1,42.1,47.4,47.4,3.824
vix,GSK,2,unruhig,21,38.1,42.9,47.6,52.4,57.1,2.475
vix,GSK,3+,ruhig,8,50.0,50.0,50.0,50.0,50.0,1.837
vix,GSK,3+,normal,15,26.7,33.3,46.7,46.7,46.7,3.124
vix,GSK,3+,unruhig,17,23.5,23.5,23.5,29.4,29.4,4.67
vix,HD,1,ruhig,34,32.4,41.2,44.1,44.1,50.0,2.859
vix,HD,1,normal,45,22.2,28.9,35.6,44.4,44.4,3.389
vix,HD,1,unruhig,33,42.4,45.5,54.5,57.6,60.6,1.663
vix,HD,2,ruhig,11,45.5,54.5,54.5,63.6,63.6,1.139
vix,HD,2,normal,16,6.2,12.5,31.2,31.2,43.8,3.718
vix,HD,2,unruhig,10,40.0,50.0,50.0,50.0,50.0,2.184
vix,HD,3+,ruhig,3,33.3,33.3,33.3,33.3,33.3,5.574
vix,HD,3+,normal,18,44.4,61.1,66.7,66.7,72.2,1.042
vix,HD,3+,unruhig,16,43.8,50.0,62.5,62.5,68.8,1.4
vix,HDB,1,ruhig,37,16.2,24.3,32.4,32.4,32.4,6.593
vix,HDB,1,normal,50,14.0,14.0,24.0,34.0,42.0,4.194
vix,HDB,1,unruhig,27,44.4,44.4,59.3,63.0,66.7,1.813
vix,HDB,2,ruhig,15,26.7,40.0,46.7,53.3,53.3,2.4
vix,HDB,2,normal,20,10.0,25.0,30.0,30.0,35.0,3.992
vix,HDB,2,unruhig,20,55.0,60.0,65.0,65.0,65.0,0.553
vix,HDB,3+,ruhig,6,50.0,50.0,50.0,50.0,50.0,3.239
vix,HDB,3+,normal,19,15.8,15.8,21.1,21.1,31.6,4.648
vix,HDB,3+,unruhig,16,18.8,25.0,31.2,37.5,37.5,4.254
vix,HON,1,ruhig,32,28.1,34.4,34.4,40.6,40.6,3.617
vix,HON,1,normal,48,25.0,29.2,35.4,45.8,50.0,3.295
vix,HON,1,unruhig,40,45.0,47.5,55.0,62.5,70.0,1.646
vix,HON,2,ruhig,8,12.5,12.5,12.5,25.0,25.0,4.261
vix,HON,2,normal,16,25.0,31.2,43.8,56.2,62.5,2.251
vix,HON,2,unruhig,19,31.6,36.8,52.6,57.9,63.2,1.802
vix,HON,3+,ruhig,5,0.0,0.0,0.0,0.0,0.0,4.576
vix,HON,3+,normal,14,21.4,50.0,57.1,64.3,78.6,1.516
vix,HON,3+,unruhig,16,56.2,68.8,68.8,68.8,68.8,0.599
vix,HSBC,1,ruhig,49,24.5,32.7,40.8,42.9,46.9,3.135
vix,HSBC,1,normal,55,32.7,41.8,49.1,58.2,61.8,2.078
vix,HSBC,1,unruhig,47,53.2,55.3,59.6,61.7,66.0,0.838
vix,HSBC,2,ruhig,9,33.3,33.3,33.3,33.3,33.3,3.32
vix,HSBC,2,normal,23,56.5,60.9,60.9,60.9,60.9,0.44
vix,HSBC,2,unruhig,20,35.0,45.0,50.0,50.0,50.0,2.425
vix,HSBC,3+,ruhig,8,0.0,0.0,12.5,12.5,12.5,5.566
vix,HSBC,3+,normal,13,30.8,30.8,30.8,30.8,46.2,3.024
vix,HSBC,3+,unruhig,23,34.8,34.8,34.8,39.1,47.8,3.186
vix,IBM,1,ruhig,20,35.0,60.0,60.0,60.0,65.0,1.206
vix,IBM,1,normal,39,17.9,35.9,38.5,41.0,51.3,2.688
vix,IBM,1,unruhig,31,22.6,22.6,32.3,32.3,45.2,3.349
vix,IBM,2,ruhig,9,33.3,33.3,33.3,33.3,44.4,5.108
vix,IBM,2,normal,18,38.9,50.0,50.0,66.7,72.2,1.568
vix,IBM,2,unruhig,21,19.0,28.6,42.9,42.9,57.1,2.786
vix,IBM,3+,ruhig,2,50.0,50.0,50.0,50.0,50.0,4.511
vix,IBM,3+,normal,9,11.1,11.1,33.3,44.4,55.6,2.861
vix,IBM,3+,unruhig,10,70.0,80.0,80.0,90.0,90.0,0.394
vix,IBN,1,ruhig,42,31.0,33.3,40.5,45.2,50.0,2.904
vix,IBN,1,normal,45,35.6,40.0,46.7,53.3,62.2,2.305
vix,IBN,1,unruhig,37,43.2,45.9,54.1,54.1,59.5,1.928
vix,IBN,2,ruhig,13,23.1,38.5,46.2,53.8,53.8,2.485
vix,IBN,2,normal,20,10.0,25.0,30.0,35.0,40.0,3.119
vix,IBN,2,unruhig,16,31.2,37.5,37.5,43.8,50.0,3.359
vix,IBN,3+,ruhig,4,25.0,25.0,25.0,25.0,25.0,4.123
vix,IBN,3+,normal,26,23.1,30.8,38.5,50.0,50.0,2.787
vix,IBN,3+,unruhig,18,55.6,72.2,77.8,77.8,77.8,0.745
vix,IDXX,1,ruhig,22,13.6,13.6,18.2,22.7,31.8,4.498
vix,IDXX,1,normal,47,38.3,46.8,51.1,57.4,59.6,1.593
vix,IDXX,1,unruhig,45,57.8,66.7,73.3,80.0,88.9,0.248
vix,IDXX,2,ruhig,9,11.1,11.1,11.1,11.1,33.3,5.437
vix,IDXX,2,normal,21,42.9,47.6,52.4,52.4,52.4,1.878
vix,IDXX,2,unruhig,10,20.0,40.0,50.0,60.0,70.0,2.138
vix,IDXX,3+,ruhig,4,0.0,25.0,25.0,25.0,50.0,4.072
vix,IDXX,3+,normal,7,28.6,42.9,42.9,42.9,42.9,5.089
vix,IDXX,3+,unruhig,25,32.0,44.0,52.0,64.0,68.0,1.889
vix,ILMN,1,ruhig,25,16.0,24.0,32.0,32.0,36.0,4.367
vix,ILMN,1,normal,42,38.1,42.9,47.6,50.0,52.4,2.454
vix,ILMN,1,unruhig,33,45.5,48.5,60.6,63.6,66.7,1.603
vix,ILMN,2,ruhig,10,30.0,40.0,40.0,40.0,50.0,3.988
vix,ILMN,2,normal,14,28.6,35.7,42.9,57.1,57.1,2.192
vix,ILMN,2,unruhig,16,37.5,56.2,56.2,56.2,62.5,1.226
vix,ILMN,3+,ruhig,4,25.0,25.0,25.0,25.0,25.0,7.25
vix,ILMN,3+,normal,14,35.7,35.7,35.7,42.9,42.9,3.123
vix,ILMN,3+,unruhig,15,46.7,53.3,53.3,60.0,60.0,1.086
vix,ING,1,ruhig,51,25.5,35.3,41.2,41.2,47.1,3.099
vix,ING,1,normal,65,29.2,36.9,40.0,49.2,52.3,2.521
vix,ING,1,unruhig,29,48.3,51.7,55.2,55.2,62.1,1.324
vix,ING,2,ruhig,7,28.6,28.6,28.6,28.6,42.9,3.961
vix,ING,2,normal,23,47.8,47.8,56.5,56.5,60.9,1.862
vix,ING,2,unruhig,14,57.1,57.1,57.1,57.1,71.4,0.551
vix,ING,3+,ruhig,10,80.0,80.0,80.0,80.0,90.0,0.049
vix,ING,3+,normal,10,30.0,30.0,40.0,50.0,50.0,3.759
vix,ING,3+,unruhig,19,52.6,73.7,78.9,84.2,89.5,0.949
vix,INTC,1,ruhig,29,34.5,48.3,55.2,58.6,62.1,1.775
vix,INTC,1,normal,36,30.6,41.7,50.0,58.3,61.1,2.043
vix,INTC,1,unruhig,24,29.2,41.7,54.2,54.2,54.2,1.933
vix,INTC,2,ruhig,6,33.3,33.3,50.0,50.0,50.0,4.066
vix,INTC,2,normal,18,22.2,27.8,44.4,44.4,61.1,2.611
vix,INTC,2,unruhig,14,42.9,50.0,50.0,50.0,50.0,2.33
vix,INTC,3+,ruhig,4,0.0,25.0,25.0,25.0,25.0,5.849
vix,INTC,3+,normal,7,28.6,28.6,42.9,57.1,57.1,2.115
vix,INTC,3+,unruhig,20,25.0,40.0,40.0,50.0,50.0,2.978
vix,INTU,1,ruhig,25,44.0,48.0,52.0,68.0,68.0,1.772
vix,INTU,1,normal,39,33.3,43.6,51.3,51.3,56.4,1.58
vix,INTU,1,unruhig,34,58.8,64.7,64.7,73.5,76.5,0.519
vix,INTU,2,ruhig,10,20.0,20.0,20.0,20.0,20.0,4.23
vix,INTU,2,normal,16,31.2,43.8,56.2,56.2,62.5,1.721
vix,INTU,2,unruhig,15,33.3,40.0,53.3,53.3,60.0,1.618
vix,INTU,3+,ruhig,6,16.7,16.7,33.3,50.0,66.7,2.72
vix,INTU,3+,normal,16,18.8,25.0,31.2,43.8,56.2,2.719
vix,INTU,3+,unruhig,16,31.2,50.0,50.0,50.0,50.0,2.554
vix,ISRG,1,ruhig,36,44.4,47.2,55.6,61.1,61.1,1.551
vix,ISRG,1,normal,41,29.3,39.0,43.9,43.9,48.8,3.396
vix,ISRG,1,unruhig,33,39.4,45.5,51.5,54.5,66.7,1.729
vix,ISRG,2,ruhig,6,33.3,33.3,33.3,33.3,33.3,6.238
vix,ISRG,2,normal,11,18.2,45.5,45.5,45.5,45.5,4.304
vix,ISRG,2,unruhig,22,50.0,50.0,59.1,72.7,77.3,1.215
vix,ISRG,3+,ruhig,3,33.3,33.3,33.3,33.3,33.3,5.236
vix,ISRG,3+,normal,12,41.7,41.7,58.3,58.3,66.7,1.841
vix,ISRG,3+,unruhig,14,35.7,50.0,50.0,64.3,64.3,1.754
vix,JNJ,1,ruhig,34,32.4,38.2,41.2,41.2,50.0,3.232
vix,JNJ,1,normal,44,31.8,40.9,43.2,47.7,59.1,2.654
vix,JNJ,1,unruhig,47,25.5,31.9,46.8,57.4,61.7,2.189
vix,JNJ,2,ruhig,9,44.4,44.4,55.6,55.6,55.6,1.55
vix,JNJ,2,normal,18,44.4,61.1,72.2,77.8,77.8,1.074
vix,JNJ,2,unruhig,22,22.7,22.7,31.8,50.0,59.1,2.575
vix,JNJ,3+,ruhig,8,12.5,12.5,12.5,25.0,25.0,4.127
vix,JNJ,3+,normal,17,58.8,58.8,64.7,76.5,76.5,0.542
vix,JNJ,3+,unruhig,16,50.0,50.0,56.2,68.8,81.2,1.349
vix,JPM,1,ruhig,33,33.3,42.4,42.4,57.6,57.6,2.299
vix,JPM,1,normal,52,34.6,40.4,44.2,55.8,59.6,2.265
vix,JPM,1,unruhig,46,52.2,63.0,65.2,69.6,76.1,0.851
vix,JPM,2,ruhig,3,33.3,33.3,33.3,33.3,33.3,3.366
vix,JPM,2,normal,11,36.4,45.5,45.5,63.6,63.6,2.173
vix,JPM,2,unruhig,23,47.8,60.9,65.2,69.6,73.9,1.19
vix,JPM,3+,ruhig,2,0.0,0.0,0.0,0.0,50.0,3.29
vix,JPM,3+,normal,5,20.0,40.0,40.0,60.0,60.0,2.259
vix,JPM,3+,unruhig,16,31.2,43.8,56.2,75.0,87.5,1.728
vix,KDP,1,ruhig,27,18.5,25.9,33.3,37.0,44.4,4.626
vix,KDP,1,normal,33,48.5,48.5,51.5,63.6,72.7,1.679
vix,KDP,1,unruhig,36,33.3,44.4,50.0,58.3,72.2,1.785
vix,KDP,2,ruhig,12,50.0,50.0,50.0,50.0,50.0,2.097
vix,KDP,2,normal,11,45.5,54.5,63.6,81.8,81.8,1.125
vix,KDP,2,unruhig,14,7.1,14.3,35.7,42.9,78.6,2.694
vix,KDP,3+,ruhig,5,20.0,20.0,40.0,40.0,40.0,5.205
vix,KDP,3+,normal,13,38.5,38.5,61.5,61.5,84.6,1.94
vix,KDP,3+,unruhig,17,58.8,82.4,88.2,94.1,100.0,0.287
vix,KHC,1,ruhig,21,19.0,23.8,23.8,23.8,23.8,5.082
vix,KHC,1,normal,46,15.2,21.7,23.9,28.3,32.6,4.53
vix,KHC,1,unruhig,42,38.1,42.9,52.4,54.8,54.8,1.883
vix,KHC,2,ruhig,6,0.0,0.0,0.0,0.0,0.0,4.921
vix,KHC,2,normal,15,20.0,20.0,26.7,40.0,46.7,3.555
vix,KHC,2,unruhig,18,44.4,44.4,55.6,72.2,72.2,1.683
vix,KHC,3+,ruhig,15,33.3,33.3,40.0,40.0,40.0,3.485
vix,KHC,3+,normal,19,21.1,26.3,36.8,42.1,57.9,2.651
vix,KHC,3+,unruhig,14,50.0,71.4,78.6,85.7,92.9,0.753
vix,KLAC,1,ruhig,46,32.6,45.7,47.8,56.5,63.0,2.134
vix,KLAC,1,normal,59,39.0,49.2,54.2,61.0,67.8,1.735
vix,KLAC,1,unruhig,34,41.2,44.1,50.0,67.6,70.6,2.082
vix,KLAC,2,ruhig,10,40.0,60.0,60.0,70.0,80.0,1.391
vix,KLAC,2,normal,16,50.0,56.2,56.2,68.8,87.5,1.203
vix,KLAC,2,unruhig,26,46.2,53.8,65.4,73.1,76.9,1.31
vix,KLAC,3+,normal,8,62.5,87.5,87.5,87.5,100.0,0.573
vix,KLAC,3+,unruhig,13,46.2,53.8,76.9,84.6,84.6,1.354
vix,KO,1,ruhig,35,28.6,37.1,48.6,54.3,68.6,2.032
vix,KO,1,normal,41,24.4,31.7,41.5,46.3,48.8,3.057
vix,KO,1,unruhig,41,34.1,51.2,58.5,63.4,73.2,1.436
vix,KO,2,ruhig,12,66.7,75.0,75.0,91.7,91.7,0.213
vix,KO,2,normal,16,50.0,50.0,56.2,56.2,62.5,1.195
vix,KO,2,unruhig,14,64.3,71.4,71.4,71.4,71.4,0.557
vix,KO,3+,ruhig,3,33.3,33.3,33.3,33.3,33.3,9.605
vix,KO,3+,normal,10,70.0,80.0,80.0,100.0,100.0,0.639
vix,KO,3+,unruhig,11,72.7,72.7,90.9,90.9,90.9,0.0
vix,LIN,1,ruhig,37,37.8,43.2,48.6,54.1,56.8,2.085
vix,LIN,1,normal,57,40.4,47.4,49.1,57.9,59.6,2.028
vix,LIN,1,unruhig,38,39.5,44.7,47.4,55.3,57.9,2.17
vix,LIN,2,ruhig,3,0.0,33.3,33.3,33.3,66.7,2.676
vix,LIN,2,normal,18,38.9,44.4,50.0,61.1,66.7,1.865
vix,LIN,2,unruhig,21,42.9,47.6,52.4,61.9,66.7,1.661
vix,LIN,3+,ruhig,5,40.0,60.0,60.0,60.0,60.0,1.208
vix,LIN,3+,normal,11,45.5,45.5,45.5,72.7,72.7,2.229
vix,LIN,3+,unruhig,12,41.7,50.0,58.3,58.3,83.3,1.489
vix,LLY,1,ruhig,36,41.7,47.2,52.8,58.3,63.9,1.738
vix,LLY,1,normal,47,42.6,46.8,53.2,55.3,61.7,1.929
vix,LLY,1,unruhig,28,39.3,42.9,50.0,71.4,75.0,1.979
vix,LLY,2,ruhig,7,28.6,28.6,28.6,42.9,42.9,4.225
vix,LLY,2,normal,17,52.9,58.8,58.8,58.8,58.8,0.927
vix,LLY,2,unruhig,12,41.7,41.7,41.7,41.7,50.0,2.861
vix,LLY,3+,ruhig,3,100.0,100.0,100.0,100.0,100.0,0.0
vix,LLY,3+,normal,11,36.4,45.5,45.5,63.6,63.6,2.009
vix,LLY,3+,unruhig,18,27.8,55.6,66.7,66.7,66.7,1.457
vix,LMT,1,ruhig,27,37.0,44.4,48.1,55.6,55.6,2.372
vix,LMT,1,normal,31,25.8,25.8,25.8,32.3,32.3,4.035
vix,LMT,1,unruhig,43,23.3,32.6,37.2,46.5,48.8,3.017
vix,LMT,2,ruhig,8,37.5,50.0,50.0,50.0,50.0,2.416
vix,LMT,2,normal,15,33.3,33.3,33.3,40.0,46.7,3.154
vix,LMT,2,unruhig,15,20.0,33.3,33.3,33.3,33.3,4.089
vix,LMT,3+,ruhig,8,62.5,62.5,75.0,75.0,75.0,0.384
vix,LMT,3+,normal,11,36.4,36.4,36.4,45.5,45.5,5.304
vix,LMT,3+,unruhig,17,23.5,23.5,23.5,29.4,47.1,3.634
vix,LOW,1,ruhig,32,34.4,37.5,37.5,40.6,43.8,3.792
vix,LOW,1,normal,49,20.4,22.4,26.5,30.6,42.9,3.419
vix,LOW,1,unruhig,36,41.7,55.6,63.9,69.4,75.0,1.337
vix,LOW,2,ruhig,10,50.0,50.0,50.0,50.0,60.0,1.435
vix,LOW,2,normal,24,29.2,41.7,45.8,50.0,50.0,2.567
vix,LOW,2,unruhig,16,18.8,31.2,37.5,43.8,62.5,2.671
vix,LOW,3+,ruhig,3,33.3,33.3,33.3,33.3,33.3,7.59
vix,LOW,3+,normal,15,26.7,26.7,26.7,33.3,46.7,3.044
vix,LOW,3+,unruhig,18,38.9,44.4,44.4,55.6,61.1,2.143
vix,LRCX,1,ruhig,38,44.7,50.0,63.2,68.4,68.4,1.474
vix,LRCX,1,normal,61,37.7,44.3,52.5,55.7,63.9,1.882
vix,LRCX,1,unruhig,34,29.4,35.3,41.2,50.0,64.7,2.468
vix,LRCX,2,ruhig,10,40.0,50.0,60.0,80.0,80.0,1.638
vix,LRCX,2,normal,14,42.9,42.9,50.0,64.3,78.6,2.03
vix,LRCX,2,unruhig,18,38.9,44.4,50.0,61.1,61.1,1.933
vix,LRCX,3+,normal,9,44.4,55.6,66.7,88.9,100.0,1.379
vix,LRCX,3+,unruhig,19,52.6,57.9,63.2,63.2,68.4,0.799
vix,LULU,1,ruhig,32,18.8,21.9,31.2,31.2,50.0,2.994
vix,LULU,1,normal,39,33.3,38.5,41.0,46.2,53.8,2.531
vix,LULU,1,unruhig,32,40.6,43.8,53.1,59.4,65.6,1.784
vix,LULU,2,ruhig,8,25.0,37.5,37.5,37.5,37.5,9.773
vix,LULU,2,normal,15,13.3,26.7,33.3,40.0,40.0,3.948
vix,LULU,2,unruhig,16,37.5,37.5,43.8,56.2,56.2,2.415
vix,LULU,3+,ruhig,9,22.2,22.2,22.2,22.2,22.2,7.85
vix,LULU,3+,normal,13,23.1,23.1,23.1,38.5,38.5,4.8
vix,LULU,3+,unruhig,19,36.8,42.1,47.4,47.4,52.6,2.563
vix,MA,1,ruhig,39,35.9,35.9,46.2,48.7,51.3,2.642
vix,MA,1,normal,47,23.4,27.7,31.9,44.7,53.2,2.775
vix,MA,1,unruhig,28,53.6,57.1,60.7,60.7,64.3,0.92
vix,MA,2,ruhig,6,33.3,50.0,50.0,66.7,66.7,1.818
vix,MA,2,normal,16,12.5,25.0,31.2,37.5,56.2,2.905
vix,MA,2,unruhig,13,53.8,53.8,53.8,61.5,61.5,0.858
vix,MA,3+,ruhig,1,0.0,100.0,100.0,100.0,100.0,1.067
vix,MA,3+,normal,5,40.0,40.0,80.0,80.0,80.0,1.527
vix,MA,3+,unruhig,20,60.0,70.0,75.0,85.0,95.0,0.305
vix,MAR,1,ruhig,40,40.0,47.5,47.5,52.5,52.5,2.196
vix,MAR,1,normal,45,31.1,37.8,40.0,48.9,57.8,2.595
vix,MAR,1,unruhig,32,31.2,37.5,46.9,56.2,65.6,2.153
vix,MAR,2,ruhig,8,0.0,0.0,0.0,0.0,0.0,4.353
vix,MAR,2,normal,17,47.1,52.9,58.8,70.6,70.6,1.269
vix,MAR,2,unruhig,19,57.9,57.9,63.2,73.7,73.7,0.324
vix,MAR,3+,ruhig,2,50.0,50.0,50.0,50.0,50.0,2.833
vix,MAR,3+,normal,10,40.0,40.0,50.0,60.0,80.0,2.196
vix,MAR,3+,unruhig,13,53.8,53.8,61.5,61.5,69.2,0.924
vix,MCD,1,ruhig,30,23.3,33.3,36.7,36.7,36.7,4.814
vix,MCD,1,normal,50,34.0,50.0,58.0,62.0,64.0,1.496
vix,MCD,1,unruhig,28,32.1,46.4,46.4,53.6,53.6,2.124
vix,MCD,2,ruhig,6,33.3,33.3,33.3,50.0,50.0,4.006
vix,MCD,2,normal,17,41.2,58.8,70.6,70.6,70.6,1.206
vix,MCD,2,unruhig,13,38.5,38.5,38.5,46.2,53.8,2.785
vix,MCD,3+,ruhig,9,44.4,66.7,66.7,66.7,66.7,1.175
vix,MCD,3+,normal,10,50.0,60.0,70.0,70.0,80.0,0.999
vix,MCD,3+,unruhig,14,42.9,42.9,42.9,50.0,50.0,3.811
vix,MCHP,1,ruhig,31,22.6,29.0,35.5,41.9,48.4,3.953
vix,MCHP,1,normal,44,22.7,31.8,34.1,40.9,45.5,3.483
vix,MCHP,1,unruhig,32,34.4,43.8,50.0,53.1,56.2,1.869
vix,MCHP,2,ruhig,6,66.7,66.7,66.7,83.3,83.3,0.713
vix,MCHP,2,normal,19,15.8,15.8,15.8,21.1,36.8,3.718
vix,MCHP,2,unruhig,19,26.3,26.3,42.1,47.4,52.6,2.564
vix,MCHP,3+,ruhig,6,16.7,16.7,33.3,33.3,66.7,2.782
vix,MCHP,3+,normal,15,13.3,13.3,26.7,33.3,33.3,4.146
vix,MCHP,3+,unruhig,15,73.3,80.0,93.3,93.3,93.3,0.414
vix,MCK,1,ruhig,29,48.3,48.3,65.5,72.4,72.4,1.51
vix,MCK,1,normal,53,49.1,58.5,66.0,77.4,81.1,1.028
vix,MCK,1,unruhig,39,41.0,56.4,69.2,76.9,84.6,1.274
vix,MCK,2,ruhig,9,44.4,77.8,77.8,77.8,77.8,1.219
vix,MCK,2,normal,15,46.7,46.7,60.0,73.3,73.3,1.718
vix,MCK,2,unruhig,18,55.6,77.8,83.3,83.3,88.9,0.604
vix,MCK,3+,ruhig,3,66.7,66.7,66.7,66.7,66.7,0.0
vix,MCK,3+,normal,7,71.4,71.4,85.7,85.7,85.7,0.0
vix,MCK,3+,unruhig,11,63.6,63.6,72.7,72.7,72.7,0.824
vix,MDB,1,ruhig,32,15.6,25.0,25.0,34.4,37.5,4.349
vix,MDB,1,normal,54,42.6,48.1,55.6,63.0,64.8,1.615
vix,MDB,1,unruhig,37,43.2,56.8,62.2,70.3,75.7,1.261
vix,MDB,2,ruhig,12,16.7,25.0,50.0,58.3,66.7,1.932
vix,MDB,2,normal,21,47.6,57.1,61.9,66.7,76.2,1.132
vix,MDB,2,unruhig,16,43.8,56.2,68.8,81.2,81.2,1.131
vix,MDB,3+,ruhig,5,40.0,40.0,40.0,40.0,40.0,4.337
vix,MDB,3+,normal,15,46.7,60.0,60.0,66.7,66.7,1.271
vix,MDB,3+,unruhig,19,57.9,57.9,63.2,73.7,73.7,0.428
vix,MDLZ,1,ruhig,24,29.2,29.2,29.2,37.5,37.5,3.897
vix,MDLZ,1,normal,49,30.6,34.7,42.9,57.1,59.2,2.153
vix,MDLZ,1,unruhig,36,41.7,47.2,52.8,55.6,58.3,1.567
vix,MDLZ,2,ruhig,9,22.2,22.2,22.2,44.4,55.6,2.909
vix,MDLZ,2,normal,16,31.2,37.5,50.0,56.2,62.5,2.192
vix,MDLZ,2,unruhig,16,18.8,31.2,50.0,56.2,56.2,2.004
vix,MDLZ,3+,ruhig,13,38.5,53.8,53.8,53.8,53.8,1.261
vix,MDLZ,3+,normal,9,22.2,22.2,22.2,33.3,44.4,3.734
vix,MDLZ,3+,unruhig,16,62.5,68.8,68.8,68.8,75.0,0.41
vix,MDT,1,ruhig,26,46.2,46.2,53.8,57.7,65.4,1.704
vix,MDT,1,normal,36,13.9,13.9,22.2,27.8,27.8,4.332
vix,MDT,1,unruhig,28,28.6,32.1,39.3,39.3,42.9,3.482
vix,MDT,2,ruhig,5,20.0,20.0,20.0,20.0,40.0,3.962
vix,MDT,2,normal,17,17.6,23.5,23.5,35.3,41.2,3.578
vix,MDT,2,unruhig,11,0.0,9.1,18.2,27.3,45.5,3.684
vix,MDT,3+,ruhig,4,50.0,50.0,50.0,50.0,50.0,4.185
vix,MDT,3+,normal,18,38.9,44.4,44.4,50.0,50.0,3.081
vix,MDT,3+,unruhig,20,45.0,50.0,55.0,60.0,65.0,1.467
vix,MELI,1,ruhig,24,12.5,16.7,29.2,29.2,37.5,4.129
vix,MELI,1,normal,55,16.4,20.0,27.3,29.1,38.2,4.048
vix,MELI,1,unruhig,34,50.0,58.8,61.8,61.8,67.6,1.115
vix,MELI,2,ruhig,10,30.0,30.0,30.0,30.0,40.0,3.801
vix,MELI,2,normal,19,26.3,47.4,52.6,52.6,52.6,1.671
vix,MELI,2,unruhig,13,30.8,38.5,38.5,46.2,53.8,2.717
vix,MELI,3+,ruhig,5,0.0,0.0,0.0,20.0,40.0,4.043
vix,MELI,3+,normal,5,40.0,40.0,40.0,60.0,60.0,2.385
vix,MELI,3+,unruhig,17,52.9,64.7,82.4,82.4,82.4,0.969
vix,META,1,ruhig,43,32.6,37.2,44.2,51.2,55.8,2.428
vix,META,1,normal,54,37.0,42.6,48.1,53.7,59.3,2.004
vix,META,1,unruhig,33,39.4,45.5,54.5,63.6,69.7,1.524
vix,META,2,ruhig,3,0.0,0.0,0.0,33.3,33.3,7.012
vix,META,2,normal,24,45.8,50.0,54.2,62.5,66.7,1.452
vix,META,2,unruhig,20,35.0,40.0,45.0,60.0,65.0,2.122
vix,META,3+,ruhig,2,100.0,100.0,100.0,100.0,100.0,0.008
vix,META,3+,normal,13,53.8,53.8,69.2,76.9,76.9,0.869
vix,META,3+,unruhig,21,28.6,33.3,52.4,61.9,66.7,1.856
vix,MFG,1,ruhig,30,30.0,40.0,43.3,46.7,53.3,2.71
vix,MFG,1,normal,34,35.3,47.1,47.1,47.1,47.1,3.208
vix,MFG,1,unruhig,35,62.9,62.9,68.6,74.3,80.0,0.206
vix,MFG,2,ruhig,8,25.0,25.0,37.5,37.5,37.5,5.808
vix,MFG,2,normal,13,23.1,30.8,46.2,53.8,61.5,2.154
vix,MFG,2,unruhig,13,46.2,53.8,61.5,61.5,61.5,1.414
vix,MFG,3+,ruhig,4,25.0,50.0,50.0,50.0,50.0,10.025
vix,MFG,3+,normal,11,63.6,72.7,72.7,72.7,72.7,0.795
vix,MFG,3+,unruhig,12,33.3,66.7,75.0,83.3,83.3,1.216
vix,MMM,1,ruhig,29,34.5,37.9,44.8,44.8,44.8,3.883
vix,MMM,1,normal,37,27.0,37.8,45.9,48.6,54.1,2.733
vix,MMM,1,unruhig,29,31.0,37.9,48.3,58.6,69.0,2.176
vix,MMM,2,ruhig,10,20.0,20.0,20.0,20.0,20.0,5.851
vix,MMM,2,normal,16,43.8,43.8,50.0,56.2,62.5,2.058
vix,MMM,2,unruhig,13,61.5,61.5,69.2,76.9,76.9,0.226
vix,MMM,3+,ruhig,4,50.0,50.0,50.0,50.0,50.0,3.412
vix,MMM,3+,normal,14,42.9,42.9,42.9,50.0,57.1,2.359
vix,MMM,3+,unruhig,21,23.8,38.1,47.6,61.9,61.9,2.008
vix,MNST,1,ruhig,26,26.9,26.9,30.8,34.6,34.6,4.635
vix,MNST,1,normal,45,35.6,51.1,57.8,64.4,64.4,1.459
vix,MNST,1,unruhig,36,55.6,63.9,63.9,69.4,77.8,0.642
vix,MNST,2,ruhig,11,36.4,36.4,36.4,36.4,36.4,3.484
vix,MNST,2,normal,11,45.5,45.5,54.5,63.6,63.6,1.932
vix,MNST,2,unruhig,17,52.9,58.8,70.6,70.6,70.6,0.673
vix,MNST,3+,ruhig,9,22.2,22.2,44.4,66.7,66.7,2.243
vix,MNST,3+,normal,8,25.0,37.5,37.5,37.5,50.0,3.644
vix,MNST,3+,unruhig,14,57.1,64.3,78.6,78.6,78.6,0.465
vix,MO,1,ruhig,28,35.7,35.7,42.9,50.0,50.0,2.732
vix,MO,1,normal,36,38.9,50.0,52.8,58.3,66.7,1.562
vix,MO,1,unruhig,39,28.2,41.0,46.2,56.4,64.1,2.133
vix,MO,2,ruhig,6,33.3,50.0,66.7,66.7,66.7,1.426
vix,MO,2,normal,11,27.3,45.5,54.5,54.5,63.6,1.804
vix,MO,2,unruhig,16,37.5,62.5,68.8,75.0,81.2,1.304
vix,MO,3+,ruhig,4,25.0,50.0,50.0,50.0,50.0,6.87
vix,MO,3+,normal,12,50.0,66.7,83.3,91.7,91.7,0.897
vix,MO,3+,unruhig,11,72.7,81.8,81.8,90.9,90.9,0.0
vix,MPC,1,ruhig,19,42.1,42.1,42.1,42.1,47.4,3.01
vix,MPC,1,normal,42,47.6,52.4,59.5,61.9,69.0,1.319
vix,MPC,1,unruhig,31,38.7,45.2,61.3,71.0,80.6,1.718
vix,MPC,2,ruhig,8,37.5,50.0,62.5,62.5,62.5,1.647
vix,MPC,2,normal,14,50.0,50.0,57.1,71.4,78.6,1.21
vix,MPC,2,unruhig,9,66.7,77.8,77.8,77.8,88.9,0.0
vix,MPC,3+,ruhig,5,40.0,40.0,40.0,60.0,60.0,2.401
vix,MPC,3+,normal,6,66.7,66.7,66.7,66.7,66.7,0.163
vix,MPC,3+,unruhig,5,100.0,100.0,100.0,100.0,100.0,0.0
vix,MRK,1,ruhig,27,33.3,33.3,37.0,48.1,51.9,2.572
vix,MRK,1,normal,42,19.0,26.2,38.1,50.0,57.1,2.512
vix,MRK,1,unruhig,34,35.3,47.1,58.8,67.6,70.6,1.596
vix,MRK,2,ruhig,8,37.5,37.5,50.0,62.5,75.0,1.865
vix,MRK,2,normal,19,31.6,42.1,52.6,52.6,57.9,1.976
vix,MRK,2,unruhig,18,33.3,50.0,55.6,66.7,72.2,1.56
vix,MRK,3+,ruhig,4,50.0,50.0,50.0,50.0,75.0,1.758
vix,MRK,3+,normal,17,41.2,64.7,82.4,82.4,82.4,1.202
vix,MRK,3+,unruhig,11,36.4,36.4,45.5,45.5,45.5,3.37
vix,MRNA,1,ruhig,33,42.4,60.6,66.7,66.7,78.8,1.215
vix,MRNA,1,normal,36,27.8,36.1,41.7,47.2,52.8,2.938
vix,MRNA,1,unruhig,31,41.9,58.1,64.5,77.4,80.6,1.205
vix,MRNA,2,ruhig,12,41.7,41.7,50.0,58.3,58.3,1.984
vix,MRNA,2,normal,14,28.6,28.6,28.6,50.0,64.3,2.598
vix,MRNA,2,unruhig,18,50.0,55.6,55.6,66.7,66.7,0.957
vix,MRNA,3+,ruhig,8,50.0,50.0,50.0,50.0,75.0,1.774
vix,MRNA,3+,normal,22,22.7,27.3,36.4,40.9,40.9,3.358
vix,MRNA,3+,unruhig,12,41.7,50.0,66.7,83.3,91.7,1.552
vix,MRVL,1,ruhig,29,27.6,31.0,41.4,48.3,58.6,2.583
vix,MRVL,1,normal,50,38.0,44.0,48.0,56.0,64.0,2.094
vix,MRVL,1,unruhig,30,40.0,43.3,53.3,56.7,60.0,1.926
vix,MRVL,2,ruhig,8,25.0,37.5,37.5,75.0,75.0,2.163
vix,MRVL,2,normal,16,31.2,37.5,43.8,62.5,75.0,2.09
vix,MRVL,2,unruhig,17,41.2,52.9,52.9,58.8,64.7,1.463
vix,MRVL,3+,ruhig,2,50.0,50.0,50.0,50.0,50.0,3.525
vix,MRVL,3+,normal,7,42.9,42.9,42.9,71.4,71.4,2.084
vix,MRVL,3+,unruhig,22,50.0,54.5,54.5,68.2,77.3,0.998
vix,MS,1,ruhig,37,18.9,27.0,27.0,35.1,48.6,3.294
vix,MS,1,normal,54,37.0,44.4,51.9,57.4,57.4,1.693
vix,MS,1,unruhig,49,57.1,65.3,69.4,73.5,75.5,0.614
vix,MS,2,ruhig,9,55.6,55.6,55.6,66.7,66.7,0.86
vix,MS,2,normal,19,47.4,47.4,47.4,47.4,47.4,3.304
vix,MS,2,unruhig,19,47.4,47.4,47.4,52.6,57.9,2.133
vix,MS,3+,ruhig,2,0.0,0.0,50.0,50.0,50.0,4.923
vix,MS,3+,normal,9,66.7,66.7,77.8,77.8,77.8,0.359
vix,MS,3+,unruhig,19,36.8,68.4,68.4,68.4,84.2,1.311
vix,MSFT,1,ruhig,39,23.1,25.6,38.5,48.7,59.0,2.572
vix,MSFT,1,normal,64,40.6,54.7,56.2,57.8,65.6,1.227
vix,MSFT,1,unruhig,43,51.2,60.5,62.8,74.4,74.4,0.956
vix,MSFT,2,ruhig,8,12.5,37.5,37.5,37.5,75.0,2.518
vix,MSFT,2,normal,12,16.7,16.7,16.7,41.7,41.7,3.748
vix,MSFT,2,unruhig,24,54.2,58.3,58.3,66.7,75.0,0.846
vix,MSFT,3+,ruhig,2,0.0,50.0,50.0,50.0,50.0,2.752
vix,MSFT,3+,normal,10,40.0,50.0,50.0,50.0,60.0,2.054
vix,MSFT,3+,unruhig,13,61.5,61.5,69.2,69.2,92.3,0.532
vix,MSTR,1,ruhig,33,15.2,21.2,27.3,30.3,36.4,4.31
vix,MSTR,1,normal,32,31.2,31.2,37.5,46.9,56.2,2.715
vix,MSTR,1,unruhig,26,57.7,57.7,76.9,80.8,80.8,0.688
vix,MSTR,2,ruhig,10,20.0,30.0,40.0,40.0,50.0,3.057
vix,MSTR,2,normal,16,31.2,31.2,43.8,50.0,62.5,2.457
vix,MSTR,2,unruhig,11,54.5,54.5,63.6,63.6,63.6,0.0
vix,MSTR,3+,ruhig,12,33.3,33.3,41.7,41.7,50.0,3.788
vix,MSTR,3+,normal,18,33.3,44.4,44.4,44.4,44.4,3.122
vix,MSTR,3+,unruhig,11,45.5,72.7,81.8,81.8,81.8,1.173
vix,MU,1,ruhig,34,29.4,41.2,47.1,50.0,55.9,2.425
vix,MU,1,normal,43,30.2,39.5,48.8,51.2,65.1,2.227
vix,MU,1,unruhig,29,51.7,55.2,65.5,69.0,69.0,0.981
vix,MU,2,ruhig,13,46.2,61.5,61.5,76.9,84.6,1.114
vix,MU,2,normal,14,50.0,57.1,64.3,64.3,71.4,0.627
vix,MU,2,unruhig,14,50.0,50.0,71.4,71.4,71.4,1.223
vix,MU,3+,ruhig,5,60.0,80.0,80.0,80.0,80.0,0.972
vix,MU,3+,normal,13,46.2,61.5,69.2,69.2,76.9,1.03
vix,MU,3+,unruhig,15,33.3,40.0,53.3,80.0,93.3,1.936
vix,MUFG,1,ruhig,37,35.1,45.9,54.1,59.5,62.2,1.744
vix,MUFG,1,normal,38,36.8,42.1,47.4,52.6,55.3,2.32
vix,MUFG,1,unruhig,38,52.6,60.5,68.4,68.4,76.3,0.752
vix,MUFG,2,ruhig,11,36.4,45.5,63.6,63.6,63.6,1.734
vix,MUFG,2,normal,19,21.1,21.1,26.3,31.6,42.1,3.449
vix,MUFG,2,unruhig,16,56.2,68.8,75.0,75.0,75.0,0.512
vix,MUFG,3+,ruhig,5,0.0,0.0,0.0,0.0,0.0,24.294
vix,MUFG,3+,normal,15,46.7,53.3,53.3,66.7,66.7,1.183
vix,MUFG,3+,unruhig,20,35.0,50.0,50.0,55.0,55.0,1.706
vix,NEE,1,ruhig,17,11.8,11.8,17.6,17.6,23.5,5.44
vix,NEE,1,normal,40,25.0,30.0,37.5,40.0,40.0,4.169
vix,NEE,1,unruhig,46,28.3,43.5,45.7,50.0,58.7,2.409
vix,NEE,2,ruhig,4,25.0,25.0,25.0,25.0,25.0,7.364
vix,NEE,2,normal,11,9.1,27.3,27.3,27.3,45.5,3.449
vix,NEE,2,unruhig,19,52.6,63.2,68.4,73.7,78.9,0.965
vix,NEE,3+,ruhig,4,50.0,50.0,50.0,50.0,50.0,8.152
vix,NEE,3+,normal,9,22.2,33.3,33.3,44.4,66.7,2.537
vix,NEE,3+,unruhig,12,91.7,91.7,91.7,91.7,91.7,0.07
vix,NEM,1,ruhig,32,43.8,50.0,50.0,53.1,59.4,1.917
vix,NEM,1,normal,62,29.0,32.3,35.5,40.3,45.2,3.363
vix,NEM,1,unruhig,36,27.8,41.7,47.2,55.6,61.1,2.056
vix,NEM,2,ruhig,6,66.7,66.7,66.7,66.7,66.7,0.284
vix,NEM,2,normal,25,36.0,36.0,36.0,48.0,52.0,2.798
vix,NEM,2,unruhig,14,42.9,64.3,71.4,78.6,92.9,1.111
vix,NEM,3+,ruhig,13,0.0,7.7,7.7,7.7,23.1,4.092
vix,NEM,3+,normal,13,7.7,23.1,46.2,46.2,46.2,3.478
vix,NEM,3+,unruhig,15,33.3,53.3,53.3,60.0,73.3,1.321
vix,NET,1,ruhig,32,43.8,46.9,56.2,62.5,68.8,1.712
vix,NET,1,normal,44,34.1,38.6,43.2,54.5,56.8,2.342
vix,NET,1,unruhig,40,55.0,60.0,62.5,62.5,67.5,0.704
vix,NET,2,ruhig,13,23.1,30.8,46.2,69.2,69.2,2.029
vix,NET,2,normal,18,38.9,50.0,55.6,61.1,66.7,1.438
vix,NET,2,unruhig,13,53.8,53.8,53.8,69.2,69.2,0.233
vix,NET,3+,ruhig,6,16.7,83.3,83.3,83.3,83.3,1.419
vix,NET,3+,normal,9,44.4,55.6,55.6,55.6,66.7,1.429
vix,NET,3+,unruhig,14,28.6,42.9,57.1,71.4,78.6,1.986
vix,NFLX,1,ruhig,39,20.5,25.6,35.9,35.9,43.6,3.537
vix,NFLX,1,normal,48,33.3,45.8,52.1,56.2,58.3,1.582
vix,NFLX,1,unruhig,33,57.6,72.7,72.7,84.8,90.9,0.871
vix,NFLX,2,ruhig,6,50.0,50.0,50.0,50.0,50.0,2.64
vix,NFLX,2,normal,19,26.3,42.1,42.1,42.1,47.4,3.146
vix,NFLX,2,unruhig,18,50.0,66.7,66.7,66.7,66.7,0.998
vix,NFLX,3+,ruhig,4,0.0,0.0,25.0,25.0,25.0,6.438
vix,NFLX,3+,normal,16,37.5,37.5,43.8,62.5,62.5,2.292
vix,NFLX,3+,unruhig,15,66.7,73.3,73.3,73.3,73.3,0.295
vix,NKE,1,ruhig,20,5.0,5.0,10.0,10.0,10.0,11.077
vix,NKE,1,normal,41,26.8,31.7,34.1,43.9,51.2,2.971
vix,NKE,1,unruhig,28,46.4,50.0,57.1,60.7,64.3,1.506
vix,NKE,2,ruhig,6,16.7,16.7,16.7,16.7,16.7,5.05
vix,NKE,2,normal,16,0.0,6.2,12.5,25.0,25.0,5.122
vix,NKE,2,unruhig,9,22.2,33.3,33.3,44.4,44.4,3.823
vix,NKE,3+,ruhig,12,8.3,16.7,16.7,25.0,33.3,4.127
vix,NKE,3+,normal,17,17.6,23.5,23.5,29.4,35.3,5.211
vix,NKE,3+,unruhig,25,28.0,36.0,36.0,40.0,48.0,3.883
vix,NOW,1,ruhig,30,53.3,53.3,53.3,60.0,60.0,0.859
vix,NOW,1,normal,35,25.7,34.3,42.9,51.4,51.4,2.414
vix,NOW,1,unruhig,40,45.0,47.5,57.5,60.0,70.0,1.677
vix,NOW,2,ruhig,6,50.0,50.0,50.0,66.7,66.7,1.202
vix,NOW,2,normal,11,54.5,54.5,54.5,63.6,63.6,0.391
vix,NOW,2,unruhig,18,27.8,38.9,44.4,50.0,50.0,2.801
vix,NOW,3+,ruhig,3,0.0,0.0,0.0,66.7,66.7,2.389
vix,NOW,3+,normal,14,28.6,42.9,42.9,42.9,50.0,2.925
vix,NOW,3+,unruhig,16,37.5,37.5,37.5,43.8,62.5,2.716
vix,NVDA,1,ruhig,34,47.1,52.9,58.8,70.6,73.5,1.238
vix,NVDA,1,normal,58,58.6,65.5,70.7,72.4,75.9,0.47
vix,NVDA,1,unruhig,31,71.0,74.2,77.4,80.6,80.6,0.0
vix,NVDA,2,ruhig,11,54.5,54.5,54.5,63.6,63.6,0.99
vix,NVDA,2,normal,12,25.0,66.7,66.7,75.0,75.0,1.191
vix,NVDA,2,unruhig,12,25.0,41.7,41.7,41.7,66.7,2.756
vix,NVDA,3+,normal,3,33.3,33.3,66.7,66.7,66.7,1.855
vix,NVDA,3+,unruhig,20,35.0,40.0,55.0,70.0,80.0,1.811
vix,NVO,1,ruhig,40,40.0,42.5,42.5,45.0,45.0,4.417
vix,NVO,1,normal,49,22.4,32.7,36.7,46.9,55.1,2.572
vix,NVO,1,unruhig,50,40.0,50.0,62.0,70.0,74.0,1.509
vix,NVO,2,ruhig,7,14.3,28.6,28.6,42.9,42.9,6.471
vix,NVO,2,normal,17,17.6,29.4,29.4,35.3,58.8,2.939
vix,NVO,2,unruhig,22,50.0,54.5,68.2,72.7,72.7,0.954
vix,NVO,3+,ruhig,6,33.3,66.7,66.7,66.7,66.7,1.098
vix,NVO,3+,normal,11,45.5,45.5,54.5,54.5,54.5,1.541
vix,NVO,3+,unruhig,15,60.0,60.0,66.7,80.0,80.0,0.865
vix,NVS,1,ruhig,41,39.0,43.9,46.3,48.8,48.8,3.171
vix,NVS,1,normal,55,25.5,27.3,34.5,43.6,50.9,2.892
vix,NVS,1,unruhig,40,27.5,40.0,45.0,50.0,55.0,2.482
vix,NVS,2,ruhig,12,50.0,50.0,50.0,58.3,66.7,1.108
vix,NVS,2,normal,17,23.5,35.3,35.3,41.2,41.2,3.65
vix,NVS,2,unruhig,15,40.0,40.0,40.0,46.7,60.0,2.523
vix,NVS,3+,ruhig,6,16.7,33.3,50.0,50.0,50.0,3.042
vix,NVS,3+,normal,15,40.0,46.7,46.7,53.3,66.7,2.134
vix,NVS,3+,unruhig,11,54.5,54.5,54.5,72.7,81.8,0.882
vix,NXPI,1,ruhig,36,27.8,36.1,38.9,41.7,41.7,4.241
vix,NXPI,1,normal,43,16.3,20.9,27.9,41.9,46.5,3.186
vix,NXPI,1,unruhig,33,54.5,63.6,66.7,72.7,78.8,0.791
vix,NXPI,2,ruhig,12,33.3,33.3,33.3,58.3,58.3,2.292
vix,NXPI,2,normal,20,35.0,35.0,40.0,50.0,50.0,2.934
vix,NXPI,2,unruhig,20,40.0,50.0,65.0,70.0,75.0,1.548
vix,NXPI,3+,ruhig,4,50.0,50.0,50.0,50.0,75.0,1.689
vix,NXPI,3+,normal,11,45.5,63.6,63.6,72.7,72.7,1.02
vix,NXPI,3+,unruhig,20,55.0,65.0,70.0,75.0,85.0,0.818
vix,ODFL,1,ruhig,25,40.0,44.0,48.0,48.0,60.0,2.614
vix,ODFL,1,normal,51,43.1,51.0,51.0,58.8,62.7,1.262
vix,ODFL,1,unruhig,40,62.5,65.0,75.0,80.0,80.0,0.698
vix,ODFL,2,ruhig,6,33.3,33.3,33.3,33.3,33.3,3.485
vix,ODFL,2,normal,21,47.6,57.1,61.9,61.9,76.2,1.052
vix,ODFL,2,unruhig,14,50.0,50.0,50.0,71.4,78.6,1.309
vix,ODFL,3+,ruhig,5,40.0,40.0,60.0,60.0,80.0,1.512
vix,ODFL,3+,normal,11,27.3,36.4,45.5,63.6,72.7,2.046
vix,ODFL,3+,unruhig,15,60.0,60.0,73.3,73.3,86.7,0.475
vix,ON,1,ruhig,27,18.5,25.9,29.6,33.3,37.0,4.076
vix,ON,1,normal,46,23.9,26.1,39.1,52.2,56.5,2.223
vix,ON,1,unruhig,40,35.0,47.5,55.0,62.5,75.0,1.873
vix,ON,2,ruhig,9,11.1,11.1,22.2,33.3,44.4,4.133
vix,ON,2,normal,16,25.0,50.0,62.5,62.5,75.0,1.587
vix,ON,2,unruhig,17,52.9,64.7,70.6,82.4,94.1,0.71
vix,ON,3+,ruhig,5,0.0,0.0,0.0,0.0,0.0,6.359
vix,ON,3+,normal,16,37.5,37.5,50.0,50.0,50.0,2.809
vix,ON,3+,unruhig,12,58.3,58.3,58.3,66.7,66.7,0.095
vix,ORCL,1,ruhig,35,2.9,5.7,11.4,14.3,22.9,4.938
vix,ORCL,1,normal,46,32.6,39.1,41.3,47.8,56.5,2.522
vix,ORCL,1,unruhig,35,54.3,62.9,77.1,77.1,80.0,0.475
vix,ORCL,2,ruhig,10,20.0,30.0,40.0,40.0,50.0,4.392
vix,ORCL,2,normal,14,50.0,50.0,50.0,50.0,57.1,1.787
vix,ORCL,2,unruhig,14,28.6,35.7,35.7,42.9,50.0,3.337
vix,ORCL,3+,ruhig,5,20.0,20.0,20.0,20.0,20.0,5.77
vix,ORCL,3+,normal,12,16.7,25.0,25.0,25.0,25.0,4.132
vix,ORCL,3+,unruhig,13,38.5,46.2,53.8,69.2,69.2,1.558
vix,ORLY,1,ruhig,22,27.3,36.4,40.9,45.5,50.0,3.054
vix,ORLY,1,normal,34,44.1,47.1,58.8,61.8,61.8,1.836
vix,ORLY,1,unruhig,39,56.4,59.0,71.8,76.9,87.2,0.891
vix,ORLY,2,ruhig,9,11.1,22.2,33.3,33.3,44.4,3.017
vix,ORLY,2,normal,12,58.3,66.7,83.3,91.7,91.7,0.875
vix,ORLY,2,unruhig,11,63.6,90.9,100.0,100.0,100.0,0.11
vix,ORLY,3+,ruhig,8,37.5,50.0,62.5,87.5,100.0,1.493
vix,ORLY,3+,normal,9,44.4,66.7,77.8,88.9,100.0,1.237
vix,ORLY,3+,unruhig,6,66.7,66.7,66.7,66.7,66.7,0.946
vix,PANW,1,ruhig,26,15.4,26.9,30.8,38.5,38.5,3.697
vix,PANW,1,normal,55,40.0,41.8,43.6,47.3,52.7,2.874
vix,PANW,1,unruhig,40,47.5,57.5,62.5,65.0,72.5,1.142
vix,PANW,2,ruhig,5,40.0,60.0,80.0,80.0,80.0,1.238
vix,PANW,2,normal,14,35.7,35.7,35.7,50.0,64.3,2.411
vix,PANW,2,unruhig,23,39.1,56.5,60.9,69.6,73.9,1.126
vix,PANW,3+,ruhig,3,33.3,33.3,33.3,33.3,33.3,8.726
vix,PANW,3+,normal,12,50.0,66.7,83.3,83.3,83.3,1.099
vix,PANW,3+,unruhig,12,58.3,58.3,58.3,58.3,66.7,0.5
vix,PAYX,1,ruhig,20,50.0,60.0,60.0,60.0,65.0,1.022
vix,PAYX,1,normal,51,27.5,35.3,39.2,49.0,49.0,3.139
vix,PAYX,1,unruhig,37,45.9,51.4,67.6,73.0,73.0,1.5
vix,PAYX,2,ruhig,9,33.3,33.3,33.3,44.4,44.4,6.553
vix,PAYX,2,normal,18,38.9,44.4,55.6,61.1,61.1,1.905
vix,PAYX,2,unruhig,16,37.5,56.2,68.8,68.8,68.8,1.474
vix,PAYX,3+,ruhig,4,50.0,50.0,50.0,50.0,50.0,4.833
vix,PAYX,3+,normal,15,13.3,20.0,26.7,46.7,46.7,3.431
vix,PAYX,3+,unruhig,13,53.8,76.9,84.6,92.3,92.3,0.537
vix,PBR,1,ruhig,34,11.8,17.6,26.5,32.4,32.4,3.915
vix,PBR,1,normal,44,29.5,34.1,38.6,45.5,56.8,2.809
vix,PBR,1,unruhig,42,33.3,35.7,47.6,52.4,57.1,2.399
vix,PBR,2,ruhig,11,27.3,45.5,45.5,45.5,45.5,3.277
vix,PBR,2,normal,19,52.6,57.9,57.9,68.4,68.4,0.819
vix,PBR,2,unruhig,18,22.2,50.0,55.6,55.6,55.6,1.562
vix,PBR,3+,ruhig,8,37.5,37.5,37.5,37.5,37.5,4.451
vix,PBR,3+,normal,8,50.0,62.5,62.5,75.0,75.0,0.669
vix,PBR,3+,unruhig,21,57.1,57.1,61.9,61.9,61.9,0.693
vix,PCAR,1,ruhig,25,44.0,48.0,60.0,64.0,64.0,1.579
vix,PCAR,1,normal,34,29.4,47.1,55.9,67.6,70.6,1.663
vix,PCAR,1,unruhig,38,44.7,60.5,71.1,76.3,78.9,1.195
vix,PCAR,2,ruhig,4,0.0,0.0,25.0,25.0,25.0,12.361
vix,PCAR,2,normal,11,36.4,36.4,45.5,54.5,54.5,2.274
vix,PCAR,2,unruhig,14,50.0,64.3,71.4,78.6,85.7,0.805
vix,PCAR,3+,ruhig,6,16.7,16.7,16.7,16.7,16.7,5.791
vix,PCAR,3+,normal,13,38.5,46.2,53.8,61.5,61.5,1.87
vix,PCAR,3+,unruhig,22,45.5,63.6,68.2,77.3,77.3,1.144
vix,PDD,1,ruhig,32,28.1,34.4,37.5,43.8,56.2,2.819
vix,PDD,1,normal,35,14.3,17.1,22.9,28.6,28.6,5.717
vix,PDD,1,unruhig,43,46.5,48.8,51.2,62.8,69.8,1.654
vix,PDD,2,ruhig,11,45.5,45.5,54.5,63.6,63.6,1.515
vix,PDD,2,normal,23,21.7,30.4,39.1,39.1,39.1,3.992
vix,PDD,2,unruhig,19,26.3,31.6,52.6,57.9,63.2,1.896
vix,PDD,3+,ruhig,3,33.3,33.3,33.3,66.7,66.7,2.453
vix,PDD,3+,normal,24,37.5,41.7,62.5,66.7,66.7,1.754
vix,PDD,3+,unruhig,16,12.5,25.0,31.2,37.5,37.5,4.15
vix,PEP,1,ruhig,22,22.7,27.3,31.8,31.8,40.9,3.983
vix,PEP,1,normal,50,38.0,40.0,46.0,50.0,56.0,2.509
vix,PEP,1,unruhig,42,31.0,40.5,50.0,52.4,59.5,1.998
vix,PEP,2,ruhig,7,14.3,28.6,42.9,57.1,57.1,2.317
vix,PEP,2,normal,14,35.7,35.7,50.0,64.3,71.4,1.982
vix,PEP,2,unruhig,19,31.6,31.6,42.1,47.4,47.4,3.048
vix,PEP,3+,ruhig,5,20.0,20.0,40.0,40.0,60.0,2.91
vix,PEP,3+,normal,14,42.9,42.9,64.3,64.3,71.4,1.716
vix,PEP,3+,unruhig,19,57.9,68.4,78.9,84.2,89.5,0.771
vix,PFE,1,ruhig,26,26.9,30.8,30.8,34.6,46.2,3.115
vix,PFE,1,normal,27,29.6,37.0,44.4,48.1,55.6,2.635
vix,PFE,1,unruhig,27,25.9,40.7,44.4,48.1,51.9,2.772
vix,PFE,2,ruhig,11,18.2,18.2,27.3,27.3,27.3,3.582
vix,PFE,2,normal,17,35.3,35.3,35.3,41.2,47.1,3.024
vix,PFE,2,unruhig,11,45.5,63.6,63.6,63.6,72.7,1.099
vix,PFE,3+,ruhig,8,50.0,50.0,50.0,62.5,62.5,1.467
vix,PFE,3+,normal,22,18.2,18.2,22.7,22.7,27.3,4.02
vix,PFE,3+,unruhig,13,30.8,38.5,46.2,69.2,69.2,2.063
vix,PG,1,ruhig,28,17.9,28.6,39.3,46.4,50.0,2.832
vix,PG,1,normal,56,26.8,39.3,48.2,51.8,55.4,2.057
vix,PG,1,unruhig,37,48.6,56.8,62.2,62.2,67.6,1.102
vix,PG,2,ruhig,9,44.4,44.4,44.4,44.4,44.4,3.481
vix,PG,2,normal,13,15.4,30.8,38.5,46.2,53.8,2.858
vix,PG,2,unruhig,12,16.7,33.3,33.3,33.3,33.3,3.786
vix,PG,3+,ruhig,3,33.3,66.7,66.7,66.7,66.7,1.077
vix,PG,3+,normal,15,40.0,53.3,60.0,73.3,80.0,1.044
vix,PG,3+,unruhig,16,50.0,62.5,68.8,81.2,81.2,0.935
vix,PGR,1,ruhig,38,50.0,52.6,55.3,57.9,60.5,0.984
vix,PGR,1,normal,39,30.8,33.3,38.5,43.6,56.4,2.807
vix,PGR,1,unruhig,42,50.0,61.9,66.7,69.0,73.8,1.079
vix,PGR,2,ruhig,8,37.5,37.5,50.0,50.0,50.0,3.21
vix,PGR,2,normal,16,50.0,56.2,56.2,56.2,75.0,1.05
vix,PGR,2,unruhig,15,53.3,53.3,73.3,80.0,80.0,0.222
vix,PGR,3+,ruhig,6,33.3,33.3,50.0,50.0,50.0,5.083
vix,PGR,3+,normal,7,42.9,57.1,71.4,71.4,85.7,1.033
vix,PGR,3+,unruhig,3,66.7,66.7,66.7,100.0,100.0,0.0
vix,PH,1,ruhig,40,45.0,55.0,62.5,65.0,67.5,1.282
vix,PH,1,normal,55,32.7,34.5,41.8,43.6,49.1,3.024
vix,PH,1,unruhig,36,47.2,55.6,58.3,66.7,77.8,1.088
vix,PH,2,ruhig,7,14.3,28.6,42.9,57.1,57.1,2.48
vix,PH,2,normal,12,58.3,66.7,66.7,66.7,75.0,0.894
vix,PH,2,unruhig,19,42.1,42.1,42.1,57.9,63.2,2.039
vix,PH,3+,ruhig,4,0.0,0.0,0.0,0.0,25.0,5.497
vix,PH,3+,normal,10,40.0,40.0,60.0,60.0,60.0,1.891
vix,PH,3+,unruhig,16,31.2,43.8,50.0,68.8,81.2,2.131
vix,PLD,1,ruhig,29,55.2,58.6,65.5,65.5,65.5,0.472
vix,PLD,1,normal,62,38.7,53.2,58.1,61.3,66.1,1.393
vix,PLD,1,unruhig,34,50.0,61.8,67.6,70.6,73.5,1.089
vix,PLD,2,ruhig,8,50.0,50.0,75.0,75.0,75.0,1.158
vix,PLD,2,normal,16,56.2,68.8,68.8,68.8,68.8,0.688
vix,PLD,2,unruhig,18,61.1,72.2,77.8,77.8,83.3,0.465
vix,PLD,3+,ruhig,5,60.0,60.0,60.0,60.0,60.0,0.165
vix,PLD,3+,normal,8,62.5,62.5,62.5,62.5,75.0,0.369
vix,PLD,3+,unruhig,13,69.2,69.2,84.6,92.3,92.3,0.433
vix,PLTR,1,ruhig,28,39.3,42.9,46.4,60.7,67.9,2.04
vix,PLTR,1,normal,50,34.0,40.0,56.0,58.0,66.0,1.833
vix,PLTR,1,unruhig,22,31.8,36.4,40.9,50.0,50.0,2.752
vix,PLTR,2,ruhig,4,25.0,100.0,100.0,100.0,100.0,1.265
vix,PLTR,2,normal,19,52.6,63.2,68.4,73.7,73.7,0.772
vix,PLTR,2,unruhig,12,25.0,25.0,50.0,58.3,66.7,2.119
vix,PLTR,3+,ruhig,1,100.0,100.0,100.0,100.0,100.0,0.0
vix,PLTR,3+,normal,11,45.5,45.5,45.5,45.5,54.5,2.627
vix,PLTR,3+,unruhig,10,40.0,50.0,70.0,70.0,70.0,1.436
vix,PM,1,ruhig,33,36.4,36.4,48.5,54.5,63.6,2.447
vix,PM,1,normal,42,28.6,28.6,31.0,45.2,45.2,3.494
vix,PM,1,unruhig,40,32.5,40.0,50.0,52.5,57.5,2.151
vix,PM,2,ruhig,8,37.5,37.5,62.5,75.0,75.0,1.808
vix,PM,2,normal,13,30.8,30.8,30.8,38.5,46.2,3.297
vix,PM,2,unruhig,15,46.7,46.7,60.0,73.3,80.0,1.588
vix,PM,3+,ruhig,4,0.0,25.0,50.0,50.0,75.0,2.082
vix,PM,3+,normal,15,46.7,53.3,66.7,66.7,80.0,1.211
vix,PM,3+,unruhig,13,23.1,30.8,46.2,53.8,61.5,2.045
vix,PSX,1,ruhig,33,45.5,48.5,48.5,54.5,57.6,2.22
vix,PSX,1,normal,33,27.3,48.5,48.5,57.6,66.7,2.136
vix,PSX,1,unruhig,43,18.6,30.2,46.5,53.5,65.1,2.075
vix,PSX,2,ruhig,9,33.3,55.6,55.6,66.7,66.7,1.444
vix,PSX,2,normal,17,35.3,58.8,58.8,76.5,82.4,1.35
vix,PSX,2,unruhig,9,44.4,66.7,66.7,66.7,77.8,1.345
vix,PSX,3+,ruhig,7,0.0,0.0,0.0,0.0,28.6,18.935
vix,PSX,3+,normal,16,43.8,56.2,62.5,68.8,68.8,1.198
vix,PSX,3+,unruhig,18,44.4,50.0,50.0,61.1,72.2,1.703
vix,PYPL,1,ruhig,33,27.3,36.4,39.4,42.4,42.4,3.284
vix,PYPL,1,normal,38,23.7,34.2,36.8,44.7,44.7,3.292
vix,PYPL,1,unruhig,34,55.9,61.8,64.7,67.6,67.6,0.353
vix,PYPL,2,ruhig,11,27.3,36.4,36.4,36.4,45.5,4.401
vix,PYPL,2,normal,20,10.0,20.0,30.0,35.0,45.0,3.594
vix,PYPL,2,unruhig,15,20.0,20.0,26.7,40.0,46.7,3.243
vix,PYPL,3+,ruhig,5,60.0,60.0,60.0,60.0,80.0,0.365
vix,PYPL,3+,normal,18,33.3,33.3,44.4,50.0,50.0,2.934
vix,PYPL,3+,unruhig,21,28.6,33.3,38.1,47.6,47.6,3.036
vix,QCOM,1,ruhig,33,27.3,30.3,36.4,45.5,51.5,2.634
vix,QCOM,1,normal,40,17.5,25.0,25.0,30.0,32.5,3.919
vix,QCOM,1,unruhig,27,48.1,55.6,63.0,70.4,77.8,1.194
vix,QCOM,2,ruhig,7,14.3,14.3,14.3,57.1,71.4,2.146
vix,QCOM,2,normal,18,33.3,38.9,44.4,50.0,55.6,2.688
vix,QCOM,2,unruhig,21,38.1,42.9,42.9,52.4,61.9,2.353
vix,QCOM,3+,ruhig,3,0.0,66.7,66.7,66.7,100.0,1.489
vix,QCOM,3+,normal,12,33.3,41.7,50.0,66.7,75.0,1.931
vix,QCOM,3+,unruhig,28,21.4,28.6,42.9,50.0,60.7,2.518
vix,REGN,1,ruhig,28,35.7,46.4,53.6,60.7,60.7,1.676
vix,REGN,1,normal,49,36.7,40.8,42.9,53.1,59.2,2.32
vix,REGN,1,unruhig,28,32.1,50.0,57.1,60.7,64.3,1.525
vix,REGN,2,ruhig,8,50.0,50.0,50.0,50.0,62.5,1.759
vix,REGN,2,normal,14,71.4,71.4,71.4,71.4,71.4,0.334
vix,REGN,2,unruhig,13,46.2,46.2,61.5,61.5,69.2,1.895
vix,REGN,3+,ruhig,3,66.7,66.7,66.7,66.7,66.7,0.0
vix,REGN,3+,normal,8,37.5,37.5,37.5,37.5,50.0,2.96
vix,REGN,3+,unruhig,15,13.3,13.3,20.0,40.0,53.3,2.966
vix,RIO,1,ruhig,51,35.3,37.3,43.1,51.0,56.9,2.46
vix,RIO,1,normal,64,39.1,40.6,45.3,53.1,54.7,2.33
vix,RIO,1,unruhig,49,46.9,51.0,53.1,59.2,69.4,1.389
vix,RIO,2,ruhig,12,50.0,50.0,50.0,66.7,75.0,1.33
vix,RIO,2,normal,20,25.0,25.0,35.0,35.0,50.0,3.502
vix,RIO,2,unruhig,23,26.1,34.8,47.8,52.2,65.2,2.403
vix,RIO,3+,ruhig,9,22.2,22.2,44.4,44.4,44.4,3.14
vix,RIO,3+,normal,18,33.3,38.9,50.0,61.1,61.1,2.01
vix,RIO,3+,unruhig,19,57.9,68.4,73.7,84.2,89.5,0.291
vix,ROP,1,ruhig,36,27.8,36.1,47.2,50.0,50.0,2.809
vix,ROP,1,normal,42,38.1,52.4,57.1,57.1,59.5,1.403
vix,ROP,1,unruhig,36,38.9,41.7,47.2,47.2,55.6,2.606
vix,ROP,2,ruhig,7,42.9,42.9,42.9,42.9,42.9,3.289
vix,ROP,2,normal,19,47.4,52.6,57.9,57.9,63.2,1.432
vix,ROP,2,unruhig,20,40.0,45.0,55.0,70.0,70.0,1.613
vix,ROP,3+,ruhig,5,60.0,60.0,80.0,80.0,80.0,0.018
vix,ROP,3+,normal,11,27.3,36.4,54.5,63.6,63.6,1.952
vix,ROP,3+,unruhig,11,45.5,54.5,63.6,63.6,72.7,1.323
vix,ROST,1,ruhig,37,40.5,48.6,48.6,54.1,59.5,2.059
vix,ROST,1,normal,46,39.1,47.8,52.2,56.5,60.9,1.804
vix,ROST,1,unruhig,38,39.5,50.0,55.3,68.4,76.3,1.437
vix,ROST,2,ruhig,10,40.0,40.0,40.0,50.0,50.0,3.345
vix,ROST,2,normal,20,45.0,50.0,55.0,55.0,55.0,1.513
vix,ROST,2,unruhig,21,47.6,52.4,57.1,66.7,66.7,1.363
vix,ROST,3+,ruhig,6,50.0,66.7,66.7,66.7,66.7,0.603
vix,ROST,3+,normal,15,33.3,53.3,66.7,73.3,73.3,1.292
vix,ROST,3+,unruhig,12,58.3,58.3,66.7,75.0,75.0,0.579
vix,RTX,1,ruhig,27,48.1,51.9,59.3,63.0,66.7,1.344
vix,RTX,1,normal,55,32.7,38.2,47.3,52.7,61.8,2.26
vix,RTX,1,unruhig,35,34.3,45.7,57.1,62.9,68.6,1.711
vix,RTX,2,ruhig,11,54.5,54.5,54.5,54.5,63.6,0.87
vix,RTX,2,normal,17,52.9,58.8,64.7,64.7,70.6,0.973
vix,RTX,2,unruhig,14,35.7,50.0,64.3,64.3,64.3,1.407
vix,RTX,3+,ruhig,5,40.0,40.0,40.0,40.0,80.0,2.738
vix,RTX,3+,normal,12,41.7,58.3,58.3,66.7,66.7,1.184
vix,RTX,3+,unruhig,12,50.0,75.0,75.0,75.0,83.3,0.669
vix,RY,1,ruhig,32,28.1,37.5,40.6,43.8,46.9,3.155
vix,RY,1,normal,60,41.7,43.3,51.7,55.0,60.0,1.899
vix,RY,1,unruhig,39,41.0,51.3,56.4,61.5,71.8,1.387
vix,RY,2,ruhig,8,37.5,50.0,50.0,50.0,50.0,2.219
vix,RY,2,normal,20,30.0,50.0,50.0,50.0,50.0,2.253
vix,RY,2,unruhig,18,38.9,44.4,50.0,61.1,77.8,1.993
vix,RY,3+,ruhig,6,0.0,16.7,16.7,16.7,16.7,9.21
vix,RY,3+,normal,13,30.8,46.2,46.2,46.2,46.2,3.506
vix,RY,3+,unruhig,17,58.8,64.7,76.5,88.2,94.1,0.856
vix,SAN,1,ruhig,49,22.4,30.6,36.7,44.9,51.0,2.99
vix,SAN,1,normal,65,32.3,32.3,41.5,46.2,52.3,2.813
vix,SAN,1,unruhig,40,42.5,52.5,65.0,65.0,65.0,1.446
vix,SAN,2,ruhig,13,30.8,38.5,38.5,38.5,46.2,3.208
vix,SAN,2,normal,21,61.9,66.7,66.7,66.7,71.4,0.566
vix,SAN,2,unruhig,22,36.4,40.9,45.5,50.0,54.5,2.477
vix,SAN,3+,ruhig,4,0.0,0.0,25.0,75.0,100.0,2.294
vix,SAN,3+,normal,12,50.0,66.7,66.7,75.0,75.0,0.96
vix,SAN,3+,unruhig,18,66.7,77.8,77.8,83.3,88.9,0.477
vix,SBUX,1,ruhig,24,12.5,20.8,20.8,25.0,25.0,6.106
vix,SBUX,1,normal,48,18.8,31.2,39.6,43.8,45.8,3.195
vix,SBUX,1,unruhig,46,52.2,63.0,63.0,69.6,78.3,0.857
vix,SBUX,2,ruhig,12,16.7,25.0,25.0,33.3,33.3,3.789
vix,SBUX,2,normal,16,18.8,37.5,43.8,50.0,62.5,2.324
vix,SBUX,2,unruhig,24,45.8,54.2,58.3,66.7,70.8,1.095
vix,SBUX,3+,ruhig,7,42.9,42.9,57.1,57.1,57.1,1.748
vix,SBUX,3+,normal,7,57.1,57.1,57.1,57.1,71.4,0.651
vix,SBUX,3+,unruhig,12,58.3,58.3,58.3,66.7,83.3,0.417
vix,SCCO,1,ruhig,40,35.0,40.0,47.5,55.0,57.5,2.217
vix,SCCO,1,normal,46,26.1,32.6,41.3,52.2,56.5,2.434
vix,SCCO,1,unruhig,57,57.9,61.4,68.4,78.9,78.9,0.587
vix,SCCO,2,ruhig,13,46.2,46.2,53.8,53.8,61.5,1.64
vix,SCCO,2,normal,23,17.4,21.7,43.5,56.5,60.9,2.312
vix,SCCO,2,unruhig,18,66.7,77.8,83.3,88.9,94.4,0.167
vix,SCCO,3+,ruhig,6,50.0,66.7,66.7,66.7,66.7,0.587
vix,SCCO,3+,normal,13,23.1,46.2,46.2,61.5,69.2,2.186
vix,SCCO,3+,unruhig,13,53.8,53.8,61.5,61.5,69.2,0.92
vix,SCHW,1,ruhig,16,25.0,25.0,25.0,25.0,31.2,6.645
vix,SCHW,1,normal,41,29.3,39.0,53.7,58.5,63.4,1.872
vix,SCHW,1,unruhig,40,47.5,62.5,72.5,77.5,80.0,1.056
vix,SCHW,2,ruhig,3,33.3,33.3,33.3,33.3,33.3,23.456
vix,SCHW,2,normal,17,29.4,58.8,70.6,82.4,82.4,1.365
vix,SCHW,2,unruhig,14,57.1,64.3,64.3,78.6,78.6,0.793
vix,SCHW,3+,ruhig,2,50.0,50.0,50.0,50.0,50.0,12.723
vix,SCHW,3+,normal,7,57.1,71.4,71.4,71.4,71.4,0.0
vix,SCHW,3+,unruhig,7,57.1,71.4,85.7,85.7,85.7,0.893
vix,SHEL,1,ruhig,40,32.5,42.5,45.0,47.5,55.0,2.74
vix,SHEL,1,normal,50,26.0,32.0,46.0,48.0,60.0,2.6
vix,SHEL,1,unruhig,50,32.0,44.0,52.0,56.0,64.0,1.947
vix,SHEL,2,ruhig,10,50.0,60.0,60.0,80.0,80.0,1.024
vix,SHEL,2,normal,19,52.6,52.6,52.6,63.2,63.2,0.883
vix,SHEL,2,unruhig,19,31.6,42.1,52.6,63.2,63.2,1.972
vix,SHEL,3+,ruhig,5,0.0,0.0,0.0,0.0,0.0,3.842
vix,SHEL,3+,normal,4,0.0,50.0,50.0,50.0,50.0,2.623
vix,SHEL,3+,unruhig,15,33.3,40.0,46.7,53.3,60.0,2.011
vix,SHOP,1,ruhig,39,20.5,23.1,25.6,35.9,41.0,4.295
vix,SHOP,1,normal,38,28.9,39.5,44.7,47.4,55.3,2.776
vix,SHOP,1,unruhig,25,40.0,48.0,56.0,64.0,80.0,1.729
vix,SHOP,2,ruhig,10,30.0,30.0,30.0,30.0,40.0,4.29
vix,SHOP,2,normal,13,69.2,69.2,69.2,76.9,76.9,0.269
vix,SHOP,2,unruhig,16,37.5,37.5,50.0,62.5,75.0,1.967
vix,SHOP,3+,ruhig,8,0.0,0.0,12.5,25.0,37.5,3.362
vix,SHOP,3+,normal,16,43.8,50.0,62.5,75.0,75.0,1.357
vix,SHOP,3+,unruhig,17,23.5,35.3,35.3,35.3,52.9,2.999
vix,SHW,1,ruhig,31,41.9,51.6,54.8,64.5,64.5,1.227
vix,SHW,1,normal,45,28.9,33.3,35.6,40.0,40.0,3.968
vix,SHW,1,unruhig,27,51.9,55.6,63.0,74.1,81.5,0.741
vix,SHW,2,ruhig,8,25.0,25.0,25.0,25.0,25.0,4.813
vix,SHW,2,normal,15,20.0,26.7,33.3,46.7,53.3,2.564
vix,SHW,2,unruhig,14,35.7,35.7,42.9,50.0,50.0,2.577
vix,SHW,3+,ruhig,4,25.0,25.0,50.0,50.0,50.0,3.93
vix,SHW,3+,normal,17,23.5,23.5,35.3,58.8,82.4,2.274
vix,SHW,3+,unruhig,16,37.5,50.0,50.0,50.0,62.5,2.011
vix,SMFG,1,ruhig,31,38.7,41.9,45.2,48.4,58.1,2.692
vix,SMFG,1,normal,42,33.3,35.7,40.5,47.6,52.4,2.873
vix,SMFG,1,unruhig,39,43.6,43.6,46.2,59.0,66.7,2.142
vix,SMFG,2,ruhig,9,11.1,22.2,22.2,22.2,22.2,5.2
vix,SMFG,2,normal,11,9.1,18.2,27.3,45.5,45.5,3.766
vix,SMFG,2,unruhig,17,35.3,35.3,41.2,41.2,58.8,2.612
vix,SMFG,3+,ruhig,4,25.0,25.0,25.0,25.0,50.0,5.49
vix,SMFG,3+,normal,17,29.4,35.3,35.3,35.3,52.9,2.78
vix,SMFG,3+,unruhig,21,47.6,47.6,61.9,71.4,81.0,1.615
vix,SNDK,1,normal,15,60.0,60.0,60.0,66.7,66.7,0.117
vix,SNDK,1,unruhig,2,50.0,100.0,100.0,100.0,100.0,0.542
vix,SNDK,2,normal,1,0.0,0.0,0.0,100.0,100.0,2.263
vix,SNDK,2,unruhig,3,100.0,100.0,100.0,100.0,100.0,0.0
vix,SNOW,1,ruhig,30,26.7,33.3,33.3,36.7,40.0,5.083
vix,SNOW,1,normal,50,36.0,40.0,50.0,56.0,60.0,2.09
vix,SNOW,1,unruhig,20,25.0,35.0,40.0,45.0,50.0,2.934
vix,SNOW,2,ruhig,10,10.0,10.0,10.0,10.0,20.0,5.691
vix,SNOW,2,normal,18,44.4,50.0,55.6,61.1,61.1,1.6
vix,SNOW,2,unruhig,16,25.0,25.0,25.0,43.8,50.0,2.997
vix,SNOW,3+,ruhig,7,0.0,0.0,14.3,28.6,57.1,2.972
vix,SNOW,3+,normal,12,41.7,41.7,50.0,50.0,50.0,2.345
vix,SNOW,3+,unruhig,21,42.9,47.6,47.6,47.6,52.4,2.752
vix,SNPS,1,ruhig,35,14.3,20.0,28.6,28.6,31.4,4.798
vix,SNPS,1,normal,49,40.8,44.9,44.9,44.9,46.9,3.113
vix,SNPS,1,unruhig,42,54.8,54.8,59.5,61.9,64.3,0.686
vix,SNPS,2,ruhig,11,27.3,36.4,36.4,45.5,54.5,2.678
vix,SNPS,2,normal,20,45.0,55.0,55.0,55.0,60.0,1.244
vix,SNPS,2,unruhig,12,66.7,66.7,66.7,66.7,66.7,0.0
vix,SNPS,3+,ruhig,4,25.0,25.0,25.0,50.0,50.0,3.016
vix,SNPS,3+,normal,8,37.5,50.0,50.0,50.0,50.0,2.171
vix,SNPS,3+,unruhig,21,47.6,47.6,57.1,61.9,71.4,1.515
vix,SNY,1,ruhig,21,14.3,14.3,23.8,23.8,28.6,6.251
vix,SNY,1,normal,50,20.0,32.0,38.0,42.0,50.0,3.082
vix,SNY,1,unruhig,34,35.3,38.2,41.2,55.9,55.9,2.317
vix,SNY,2,ruhig,9,44.4,44.4,66.7,66.7,66.7,1.839
vix,SNY,2,normal,15,13.3,20.0,20.0,33.3,33.3,5.318
vix,SNY,2,unruhig,14,21.4,28.6,35.7,35.7,50.0,3.146
vix,SNY,3+,ruhig,4,50.0,50.0,50.0,50.0,50.0,3.872
vix,SNY,3+,normal,13,15.4,15.4,30.8,30.8,30.8,3.762
vix,SNY,3+,unruhig,19,52.6,52.6,63.2,63.2,73.7,0.474
vix,SO,1,ruhig,30,23.3,36.7,40.0,46.7,50.0,2.87
vix,SO,1,normal,50,26.0,34.0,40.0,46.0,52.0,2.808
vix,SO,1,unruhig,33,36.4,42.4,51.5,60.6,78.8,1.978
vix,SO,2,ruhig,14,42.9,50.0,64.3,71.4,71.4,1.675
vix,SO,2,normal,14,35.7,50.0,71.4,78.6,78.6,1.556
vix,SO,2,unruhig,15,26.7,40.0,53.3,60.0,66.7,1.978
vix,SO,3+,ruhig,8,50.0,50.0,62.5,62.5,62.5,1.135
vix,SO,3+,normal,6,33.3,33.3,33.3,50.0,50.0,2.577
vix,SO,3+,unruhig,8,75.0,87.5,87.5,87.5,87.5,0.019
vix,SONY,1,ruhig,36,27.8,27.8,36.1,36.1,41.7,3.628
vix,SONY,1,normal,59,11.9,23.7,30.5,33.9,42.4,3.654
vix,SONY,1,unruhig,41,36.6,41.5,58.5,63.4,70.7,1.698
vix,SONY,2,ruhig,5,0.0,0.0,0.0,0.0,0.0,8.434
vix,SONY,2,normal,23,30.4,39.1,47.8,52.2,60.9,2.044
vix,SONY,2,unruhig,21,23.8,28.6,42.9,47.6,52.4,2.761
vix,SONY,3+,ruhig,9,11.1,11.1,22.2,22.2,22.2,7.848
vix,SONY,3+,normal,18,22.2,22.2,22.2,27.8,27.8,4.898
vix,SONY,3+,unruhig,25,40.0,44.0,48.0,56.0,60.0,2.048
vix,SPG,1,ruhig,26,42.3,50.0,53.8,57.7,69.2,1.528
vix,SPG,1,normal,54,37.0,44.4,55.6,61.1,66.7,1.588
vix,SPG,1,unruhig,25,48.0,68.0,76.0,80.0,84.0,1.063
vix,SPG,2,ruhig,7,28.6,28.6,42.9,42.9,57.1,2.929
vix,SPG,2,normal,13,38.5,53.8,69.2,76.9,84.6,1.351
vix,SPG,2,unruhig,16,50.0,62.5,68.8,75.0,81.2,0.829
vix,SPG,3+,ruhig,1,100.0,100.0,100.0,100.0,100.0,0.0
vix,SPG,3+,normal,11,45.5,54.5,63.6,63.6,63.6,1.302
vix,SPG,3+,unruhig,17,52.9,52.9,58.8,64.7,70.6,0.688
vix,SPGI,1,ruhig,36,30.6,33.3,36.1,41.7,44.4,5.779
vix,SPGI,1,normal,58,31.0,41.4,50.0,50.0,53.4,2.375
vix,SPGI,1,unruhig,34,32.4,41.2,47.1,52.9,58.8,2.245
vix,SPGI,2,ruhig,8,25.0,25.0,25.0,37.5,37.5,3.599
vix,SPGI,2,normal,12,33.3,33.3,33.3,33.3,41.7,3.718
vix,SPGI,2,unruhig,16,43.8,43.8,43.8,50.0,56.2,2.359
vix,SPGI,3+,ruhig,3,33.3,33.3,33.3,33.3,33.3,3.73
vix,SPGI,3+,normal,10,20.0,40.0,50.0,70.0,70.0,1.788
vix,SPGI,3+,unruhig,17,35.3,41.2,47.1,58.8,64.7,2.145
vix,SPOT,1,ruhig,36,50.0,61.1,66.7,69.4,75.0,1.003
vix,SPOT,1,normal,52,34.6,44.2,48.1,51.9,55.8,2.288
vix,SPOT,1,unruhig,39,35.9,43.6,46.2,59.0,64.1,2.13
vix,SPOT,2,ruhig,11,36.4,45.5,54.5,63.6,63.6,1.621
vix,SPOT,2,normal,17,47.1,52.9,64.7,64.7,64.7,1.285
vix,SPOT,2,unruhig,17,41.2,41.2,47.1,47.1,52.9,2.61
vix,SPOT,3+,ruhig,5,40.0,40.0,40.0,40.0,40.0,4.359
vix,SPOT,3+,normal,15,20.0,33.3,33.3,33.3,40.0,4.78
vix,SPOT,3+,unruhig,17,23.5,23.5,35.3,35.3,47.1,3.161
vix,STX,1,ruhig,37,62.2,70.3,73.0,81.1,81.1,0.446
vix,STX,1,normal,50,44.0,54.0,66.0,70.0,76.0,1.157
vix,STX,1,unruhig,32,40.6,50.0,50.0,56.2,68.8,1.673
vix,STX,2,ruhig,8,62.5,75.0,75.0,75.0,75.0,0.678
vix,STX,2,normal,14,57.1,64.3,78.6,85.7,85.7,0.747
vix,STX,2,unruhig,17,23.5,52.9,58.8,64.7,70.6,1.49
vix,STX,3+,ruhig,4,50.0,50.0,50.0,50.0,50.0,3.988
vix,STX,3+,normal,11,27.3,36.4,54.5,54.5,54.5,1.922
vix,STX,3+,unruhig,22,36.4,50.0,59.1,59.1,72.7,1.611
vix,SYK,1,ruhig,28,32.1,35.7,35.7,42.9,50.0,3.046
vix,SYK,1,normal,50,24.0,32.0,42.0,50.0,54.0,2.639
vix,SYK,1,unruhig,41,53.7,61.0,63.4,65.9,70.7,0.811
vix,SYK,2,ruhig,13,15.4,15.4,15.4,30.8,30.8,4.948
vix,SYK,2,normal,14,50.0,57.1,64.3,78.6,78.6,0.94
vix,SYK,2,unruhig,19,52.6,52.6,52.6,52.6,52.6,0.87
vix,SYK,3+,ruhig,7,14.3,14.3,14.3,28.6,42.9,3.927
vix,SYK,3+,normal,11,36.4,45.5,63.6,72.7,72.7,1.632
vix,SYK,3+,unruhig,13,84.6,84.6,84.6,84.6,84.6,0.115
vix,T,1,ruhig,31,45.2,45.2,48.4,61.3,71.0,2.117
vix,T,1,normal,31,35.5,35.5,38.7,54.8,61.3,2.43
vix,T,1,unruhig,19,42.1,52.6,57.9,63.2,63.2,1.071
vix,T,2,ruhig,6,50.0,50.0,50.0,50.0,50.0,1.918
vix,T,2,normal,10,20.0,20.0,20.0,40.0,50.0,3.96
vix,T,2,unruhig,8,50.0,50.0,62.5,62.5,62.5,1.183
vix,T,3+,ruhig,3,0.0,0.0,0.0,33.3,33.3,3.084
vix,T,3+,normal,16,25.0,31.2,43.8,43.8,43.8,3.912
vix,T,3+,unruhig,17,23.5,29.4,35.3,41.2,52.9,2.806
vix,TD,1,ruhig,32,6.2,6.2,9.4,18.8,25.0,5.112
vix,TD,1,normal,57,45.6,54.4,61.4,66.7,66.7,1.111
vix,TD,1,unruhig,39,41.0,56.4,61.5,66.7,69.2,1.356
vix,TD,2,ruhig,6,16.7,33.3,33.3,50.0,50.0,3.426
vix,TD,2,normal,16,25.0,25.0,37.5,37.5,37.5,4.311
vix,TD,2,unruhig,18,44.4,55.6,55.6,66.7,66.7,1.101
vix,TD,3+,ruhig,3,33.3,33.3,33.3,66.7,100.0,2.278
vix,TD,3+,normal,12,33.3,41.7,41.7,50.0,50.0,3.333
vix,TD,3+,unruhig,20,50.0,55.0,65.0,75.0,85.0,1.188
vix,TEAM,1,ruhig,27,29.6,29.6,29.6,33.3,40.7,4.02
vix,TEAM,1,normal,41,29.3,36.6,43.9,46.3,51.2,2.805
vix,TEAM,1,unruhig,36,33.3,44.4,50.0,52.8,61.1,2.098
vix,TEAM,2,ruhig,11,27.3,27.3,36.4,36.4,36.4,3.907
vix,TEAM,2,normal,16,6.2,25.0,43.8,50.0,56.2,2.441
vix,TEAM,2,unruhig,17,41.2,41.2,47.1,52.9,58.8,2.147
vix,TEAM,3+,ruhig,4,25.0,25.0,25.0,25.0,25.0,3.353
vix,TEAM,3+,normal,23,34.8,47.8,56.5,65.2,69.6,1.731
vix,TEAM,3+,unruhig,20,40.0,40.0,50.0,60.0,65.0,2.064
vix,TJX,1,ruhig,37,40.5,48.6,62.2,64.9,70.3,1.598
vix,TJX,1,normal,42,26.2,40.5,45.2,50.0,64.3,2.58
vix,TJX,1,unruhig,36,55.6,58.3,66.7,75.0,77.8,0.411
vix,TJX,2,ruhig,5,20.0,20.0,20.0,40.0,60.0,2.99
vix,TJX,2,normal,24,45.8,45.8,58.3,62.5,70.8,1.694
vix,TJX,2,unruhig,10,30.0,50.0,50.0,50.0,50.0,2.226
vix,TJX,3+,normal,9,11.1,22.2,33.3,55.6,77.8,2.367
vix,TJX,3+,unruhig,6,50.0,50.0,66.7,66.7,83.3,1.391
vix,TM,1,ruhig,38,28.9,36.8,44.7,44.7,52.6,2.857
vix,TM,1,normal,50,16.0,18.0,24.0,24.0,30.0,4.495
vix,TM,1,unruhig,40,30.0,32.5,40.0,50.0,55.0,2.467
vix,TM,2,ruhig,10,20.0,20.0,20.0,30.0,30.0,6.363
vix,TM,2,normal,27,18.5,18.5,25.9,33.3,37.0,4.862
vix,TM,2,unruhig,21,28.6,28.6,38.1,38.1,42.9,3.615
vix,TM,3+,ruhig,11,9.1,9.1,9.1,9.1,9.1,10.488
vix,TM,3+,normal,15,60.0,66.7,73.3,80.0,80.0,0.691
vix,TM,3+,unruhig,28,35.7,46.4,46.4,53.6,53.6,2.35
vix,TMO,1,ruhig,29,34.5,37.9,41.4,41.4,44.8,4.659
vix,TMO,1,normal,59,35.6,40.7,40.7,44.1,52.5,2.783
vix,TMO,1,unruhig,37,43.2,51.4,64.9,75.7,81.1,1.269
vix,TMO,2,ruhig,7,0.0,28.6,28.6,28.6,28.6,6.516
vix,TMO,2,normal,19,47.4,52.6,52.6,57.9,63.2,1.456
vix,TMO,2,unruhig,15,20.0,40.0,40.0,46.7,46.7,3.202
vix,TMO,3+,ruhig,5,40.0,40.0,40.0,60.0,60.0,2.301
vix,TMO,3+,normal,10,30.0,60.0,60.0,60.0,60.0,1.237
vix,TMO,3+,unruhig,15,46.7,46.7,73.3,86.7,93.3,1.556
vix,TMUS,1,ruhig,27,29.6,40.7,44.4,44.4,55.6,2.868
vix,TMUS,1,normal,42,26.2,31.0,31.0,33.3,38.1,3.974
vix,TMUS,1,unruhig,36,58.3,61.1,66.7,69.4,77.8,0.601
vix,TMUS,2,ruhig,6,50.0,66.7,83.3,83.3,83.3,0.82
vix,TMUS,2,normal,18,33.3,33.3,38.9,38.9,44.4,3.948
vix,TMUS,2,unruhig,23,47.8,56.5,73.9,73.9,78.3,1.185
vix,TMUS,3+,ruhig,8,37.5,50.0,62.5,62.5,75.0,1.404
vix,TMUS,3+,normal,14,28.6,35.7,35.7,42.9,50.0,2.995
vix,TMUS,3+,unruhig,12,58.3,58.3,58.3,58.3,66.7,0.222
vix,TRV,1,ruhig,22,31.8,31.8,40.9,50.0,59.1,2.466
vix,TRV,1,normal,46,23.9,26.1,32.6,45.7,52.2,2.743
vix,TRV,1,unruhig,42,50.0,57.1,57.1,66.7,69.0,1.034
vix,TRV,2,ruhig,8,0.0,12.5,25.0,37.5,62.5,2.641
vix,TRV,2,normal,16,25.0,37.5,56.2,68.8,75.0,1.935
vix,TRV,2,unruhig,13,53.8,53.8,61.5,76.9,76.9,0.481
vix,TRV,3+,ruhig,6,50.0,66.7,83.3,83.3,83.3,0.885
vix,TRV,3+,normal,13,61.5,76.9,92.3,100.0,100.0,0.724
vix,TRV,3+,unruhig,11,45.5,54.5,72.7,72.7,72.7,1.424
vix,TSLA,1,ruhig,29,24.1,31.0,34.5,37.9,37.9,3.315
vix,TSLA,1,normal,50,34.0,34.0,42.0,48.0,58.0,2.587
vix,TSLA,1,unruhig,26,42.3,42.3,46.2,50.0,50.0,2.71
vix,TSLA,2,ruhig,9,55.6,55.6,55.6,55.6,66.7,0.198
vix,TSLA,2,normal,22,27.3,36.4,36.4,45.5,59.1,2.827
vix,TSLA,2,unruhig,11,9.1,9.1,9.1,36.4,36.4,3.528
vix,TSLA,3+,ruhig,3,33.3,33.3,33.3,33.3,33.3,3.975
vix,TSLA,3+,normal,9,33.3,33.3,33.3,44.4,44.4,3.213
vix,TSLA,3+,unruhig,19,52.6,68.4,73.7,73.7,73.7,0.881
vix,TSM,1,ruhig,39,28.2,41.0,48.7,53.8,61.5,2.145
vix,TSM,1,normal,58,37.9,51.7,56.9,60.3,67.2,1.312
vix,TSM,1,unruhig,46,52.2,58.7,71.7,76.1,76.1,0.52
vix,TSM,2,ruhig,12,41.7,58.3,75.0,83.3,83.3,1.297
vix,TSM,2,normal,18,33.3,55.6,61.1,66.7,83.3,1.442
vix,TSM,2,unruhig,22,40.9,50.0,59.1,63.6,68.2,1.679
vix,TSM,3+,ruhig,5,40.0,60.0,60.0,60.0,60.0,1.118
vix,TSM,3+,normal,10,50.0,50.0,70.0,80.0,90.0,1.184
vix,TSM,3+,unruhig,31,35.5,35.5,41.9,45.2,51.6,2.898
vix,TTD,1,ruhig,31,25.8,29.0,38.7,45.2,48.4,3.497
vix,TTD,1,normal,46,19.6,28.3,30.4,34.8,37.0,4.271
vix,TTD,1,unruhig,29,37.9,44.8,55.2,55.2,58.6,1.885
vix,TTD,2,ruhig,7,14.3,14.3,28.6,28.6,42.9,3.451
vix,TTD,2,normal,19,31.6,36.8,36.8,42.1,52.6,2.919
vix,TTD,2,unruhig,19,36.8,36.8,47.4,57.9,63.2,2.007
vix,TTD,3+,ruhig,2,0.0,0.0,0.0,0.0,0.0,3.567
vix,TTD,3+,normal,18,11.1,11.1,22.2,27.8,33.3,4.224
vix,TTD,3+,unruhig,8,50.0,50.0,62.5,62.5,75.0,0.77
vix,TTE,1,ruhig,32,31.2,37.5,40.6,56.2,56.2,2.303
vix,TTE,1,normal,49,20.4,24.5,34.7,36.7,44.9,3.514
vix,TTE,1,unruhig,46,39.1,47.8,50.0,63.0,67.4,1.886
vix,TTE,2,ruhig,12,25.0,41.7,41.7,41.7,50.0,2.958
vix,TTE,2,normal,17,23.5,35.3,41.2,47.1,47.1,4.215
vix,TTE,2,unruhig,13,30.8,30.8,38.5,61.5,61.5,2.379
vix,TTE,3+,ruhig,8,25.0,25.0,25.0,37.5,62.5,2.813
vix,TTE,3+,normal,12,25.0,25.0,25.0,25.0,41.7,3.506
vix,TTE,3+,unruhig,21,52.4,66.7,66.7,71.4,71.4,0.858
vix,TTWO,1,ruhig,25,8.0,12.0,16.0,24.0,32.0,4.209
vix,TTWO,1,normal,35,40.0,42.9,42.9,45.7,45.7,3.124
vix,TTWO,1,unruhig,36,55.6,61.1,69.4,77.8,80.6,0.856
vix,TTWO,2,ruhig,10,10.0,10.0,10.0,20.0,30.0,4.657
vix,TTWO,2,normal,10,40.0,40.0,50.0,70.0,70.0,2.053
vix,TTWO,2,unruhig,14,35.7,35.7,42.9,50.0,64.3,2.465
vix,TTWO,3+,ruhig,8,37.5,50.0,50.0,87.5,87.5,1.724
vix,TTWO,3+,normal,15,60.0,60.0,66.7,80.0,80.0,0.627
vix,TTWO,3+,unruhig,11,63.6,63.6,63.6,63.6,72.7,0.123
vix,TXN,1,ruhig,32,15.6,18.8,25.0,40.6,40.6,4.178
vix,TXN,1,normal,43,23.3,32.6,44.2,51.2,58.1,2.393
vix,TXN,1,unruhig,34,67.6,73.5,82.4,85.3,91.2,0.496
vix,TXN,2,ruhig,9,22.2,44.4,44.4,44.4,55.6,2.619
vix,TXN,2,normal,19,31.6,36.8,52.6,63.2,73.7,1.883
vix,TXN,2,unruhig,16,68.8,68.8,75.0,75.0,81.2,0.064
vix,TXN,3+,ruhig,8,37.5,37.5,50.0,50.0,50.0,2.519
vix,TXN,3+,normal,15,40.0,46.7,46.7,60.0,60.0,2.304
vix,TXN,3+,unruhig,18,55.6,61.1,77.8,83.3,83.3,0.855
vix,UBER,1,ruhig,33,33.3,39.4,42.4,48.5,54.5,2.526
vix,UBER,1,normal,39,12.8,15.4,20.5,30.8,41.0,3.518
vix,UBER,1,unruhig,31,45.2,51.6,64.5,77.4,80.6,1.39
vix,UBER,2,ruhig,9,11.1,11.1,44.4,44.4,44.4,4.065
vix,UBER,2,normal,17,41.2,41.2,41.2,52.9,70.6,2.364
vix,UBER,2,unruhig,21,38.1,47.6,52.4,52.4,61.9,1.561
vix,UBER,3+,ruhig,8,12.5,12.5,25.0,25.0,25.0,3.754
vix,UBER,3+,normal,12,50.0,58.3,58.3,58.3,75.0,1.028
vix,UBER,3+,unruhig,18,33.3,38.9,44.4,61.1,72.2,2.085
vix,UBS,1,ruhig,40,20.0,22.5,25.0,32.5,32.5,5.087
vix,UBS,1,normal,59,25.4,27.1,35.6,42.4,45.8,3.635
vix,UBS,1,unruhig,45,40.0,42.2,60.0,66.7,68.9,1.765
vix,UBS,2,ruhig,12,8.3,16.7,25.0,33.3,33.3,3.603
vix,UBS,2,normal,18,27.8,38.9,50.0,66.7,72.2,2.024
vix,UBS,2,unruhig,22,31.8,45.5,54.5,54.5,59.1,1.629
vix,UBS,3+,ruhig,7,14.3,14.3,14.3,14.3,42.9,3.088
vix,UBS,3+,normal,16,37.5,50.0,62.5,62.5,62.5,1.41
vix,UBS,3+,unruhig,17,70.6,82.4,82.4,82.4,88.2,0.141
vix,UL,1,ruhig,39,17.9,25.6,25.6,30.8,35.9,4.341
vix,UL,1,normal,51,15.7,17.6,27.5,31.4,35.3,5.492
vix,UL,1,unruhig,44,29.5,36.4,47.7,61.4,63.6,2.171
vix,UL,2,ruhig,12,16.7,16.7,16.7,16.7,25.0,4.9
vix,UL,2,normal,25,24.0,24.0,32.0,36.0,36.0,5.773
vix,UL,2,unruhig,14,42.9,50.0,71.4,71.4,71.4,1.544
vix,UL,3+,ruhig,12,25.0,25.0,25.0,25.0,25.0,4.511
vix,UL,3+,normal,25,20.0,36.0,44.0,56.0,56.0,2.167
vix,UL,3+,unruhig,21,52.4,61.9,61.9,61.9,61.9,0.77
vix,UNH,1,ruhig,27,25.9,29.6,29.6,33.3,40.7,5.096
vix,UNH,1,normal,44,36.4,38.6,43.2,45.5,52.3,2.821
vix,UNH,1,unruhig,40,35.0,37.5,45.0,62.5,72.5,2.08
vix,UNH,2,ruhig,11,45.5,45.5,63.6,63.6,72.7,1.524
vix,UNH,2,normal,12,33.3,33.3,33.3,33.3,41.7,3.228
vix,UNH,2,unruhig,14,35.7,50.0,71.4,78.6,78.6,1.397
vix,UNH,3+,ruhig,6,33.3,33.3,33.3,33.3,33.3,5.003
vix,UNH,3+,normal,13,53.8,53.8,53.8,61.5,69.2,0.847
vix,UNH,3+,unruhig,13,69.2,84.6,92.3,92.3,92.3,0.522
vix,UNP,1,ruhig,24,12.5,12.5,25.0,25.0,29.2,4.162
vix,UNP,1,normal,39,20.5,38.5,46.2,53.8,56.4,2.039
vix,UNP,1,unruhig,27,37.0,44.4,48.1,51.9,55.6,2.057
vix,UNP,2,ruhig,10,10.0,20.0,40.0,60.0,60.0,2.261
vix,UNP,2,normal,8,37.5,62.5,87.5,87.5,87.5,1.115
vix,UNP,2,unruhig,18,38.9,55.6,66.7,66.7,66.7,1.113
vix,UNP,3+,ruhig,7,28.6,42.9,42.9,42.9,42.9,5.572
vix,UNP,3+,normal,11,45.5,54.5,54.5,63.6,63.6,1.215
vix,UNP,3+,unruhig,17,29.4,29.4,35.3,52.9,64.7,2.256
vix,UPS,1,ruhig,20,10.0,10.0,15.0,25.0,30.0,5.647
vix,UPS,1,normal,39,33.3,38.5,41.0,43.6,46.2,3.013
vix,UPS,1,unruhig,50,52.0,54.0,58.0,64.0,68.0,0.84
vix,UPS,2,ruhig,5,0.0,0.0,20.0,20.0,20.0,4.976
vix,UPS,2,normal,17,29.4,35.3,35.3,35.3,41.2,3.28
vix,UPS,2,unruhig,16,56.2,56.2,62.5,68.8,75.0,0.735
vix,UPS,3+,ruhig,8,25.0,25.0,25.0,25.0,25.0,5.097
vix,UPS,3+,normal,12,41.7,50.0,58.3,66.7,66.7,1.507
vix,UPS,3+,unruhig,20,55.0,65.0,65.0,75.0,90.0,0.856
vix,USB,1,ruhig,32,21.9,28.1,31.2,37.5,37.5,3.665
vix,USB,1,normal,37,27.0,35.1,35.1,37.8,40.5,3.6
vix,USB,1,unruhig,36,41.7,47.2,52.8,55.6,61.1,1.542
vix,USB,2,ruhig,4,25.0,25.0,25.0,25.0,25.0,6.912
vix,USB,2,normal,15,33.3,33.3,33.3,33.3,60.0,2.718
vix,USB,2,unruhig,13,38.5,53.8,61.5,69.2,69.2,1.423
vix,USB,3+,ruhig,10,30.0,40.0,40.0,40.0,40.0,4.539
vix,USB,3+,normal,13,30.8,38.5,38.5,38.5,38.5,3.294
vix,USB,3+,unruhig,21,47.6,47.6,47.6,52.4,71.4,2.173
vix,V,1,ruhig,36,38.9,44.4,52.8,52.8,55.6,1.848
vix,V,1,normal,48,33.3,37.5,39.6,45.8,54.2,2.809
vix,V,1,unruhig,40,42.5,50.0,57.5,57.5,67.5,1.41
vix,V,2,ruhig,6,33.3,33.3,50.0,50.0,83.3,2.252
vix,V,2,normal,14,42.9,57.1,64.3,71.4,71.4,1.097
vix,V,2,unruhig,19,57.9,63.2,63.2,73.7,73.7,0.706
vix,V,3+,ruhig,1,0.0,100.0,100.0,100.0,100.0,1.254
vix,V,3+,normal,4,25.0,25.0,25.0,50.0,75.0,2.503
vix,V,3+,unruhig,19,68.4,68.4,68.4,78.9,84.2,0.26
vix,VLO,1,ruhig,28,39.3,46.4,53.6,57.1,60.7,1.897
vix,VLO,1,normal,50,44.0,50.0,50.0,56.0,60.0,1.748
vix,VLO,1,unruhig,38,34.2,39.5,52.6,68.4,73.7,1.817
vix,VLO,2,ruhig,10,10.0,10.0,30.0,30.0,40.0,4.45
vix,VLO,2,normal,18,44.4,55.6,66.7,72.2,72.2,1.317
vix,VLO,2,unruhig,12,66.7,66.7,66.7,75.0,75.0,0.0
vix,VLO,3+,ruhig,8,12.5,12.5,12.5,25.0,25.0,3.87
vix,VLO,3+,normal,11,63.6,72.7,72.7,72.7,81.8,0.764
vix,VLO,3+,unruhig,14,50.0,50.0,64.3,64.3,71.4,1.207
vix,VRSK,1,ruhig,23,26.1,26.1,30.4,39.1,39.1,5.351
vix,VRSK,1,normal,47,40.4,42.6,48.9,51.1,55.3,2.388
vix,VRSK,1,unruhig,39,46.2,51.3,56.4,61.5,69.2,1.266
vix,VRSK,2,ruhig,6,33.3,33.3,33.3,50.0,50.0,3.006
vix,VRSK,2,normal,10,40.0,40.0,40.0,40.0,40.0,6.704
vix,VRSK,2,unruhig,17,47.1,52.9,52.9,58.8,58.8,1.337
vix,VRSK,3+,ruhig,9,44.4,44.4,44.4,55.6,55.6,2.358
vix,VRSK,3+,normal,15,40.0,46.7,53.3,60.0,60.0,1.854
vix,VRSK,3+,unruhig,15,53.3,66.7,80.0,80.0,80.0,0.599
vix,VRTX,1,ruhig,28,46.4,53.6,57.1,64.3,67.9,1.363
vix,VRTX,1,normal,45,35.6,42.2,48.9,48.9,57.8,2.606
vix,VRTX,1,unruhig,38,36.8,47.4,55.3,65.8,73.7,1.776
vix,VRTX,2,ruhig,8,37.5,50.0,62.5,62.5,62.5,1.715
vix,VRTX,2,normal,17,41.2,41.2,47.1,52.9,58.8,2.098
vix,VRTX,2,unruhig,18,44.4,50.0,61.1,66.7,77.8,1.47
vix,VRTX,3+,ruhig,4,50.0,75.0,75.0,75.0,75.0,0.821
vix,VRTX,3+,normal,11,72.7,72.7,81.8,100.0,100.0,0.365
vix,VRTX,3+,unruhig,15,53.3,73.3,73.3,73.3,80.0,0.22
vix,VZ,1,ruhig,27,33.3,40.7,51.9,51.9,55.6,1.93
vix,VZ,1,normal,32,25.0,25.0,40.6,53.1,62.5,2.348
vix,VZ,1,unruhig,27,25.9,25.9,37.0,48.1,55.6,2.673
vix,VZ,2,ruhig,8,75.0,75.0,75.0,75.0,75.0,0.561
vix,VZ,2,normal,15,6.7,26.7,40.0,46.7,46.7,4.087
vix,VZ,2,unruhig,15,40.0,40.0,40.0,60.0,66.7,2.16
vix,VZ,3+,ruhig,5,0.0,0.0,20.0,20.0,60.0,2.597
vix,VZ,3+,normal,17,29.4,41.2,47.1,47.1,47.1,3.372
vix,VZ,3+,unruhig,21,38.1,42.9,42.9,52.4,61.9,2.31
vix,WBD,1,ruhig,22,22.7,31.8,45.5,45.5,50.0,2.965
vix,WBD,1,normal,37,35.1,37.8,40.5,54.1,56.8,2.453
vix,WBD,1,unruhig,33,27.3,33.3,45.5,51.5,60.6,2.269
vix,WBD,2,ruhig,8,12.5,25.0,25.0,25.0,25.0,4.61
vix,WBD,2,normal,13,23.1,30.8,30.8,38.5,61.5,2.541
vix,WBD,2,unruhig,19,15.8,31.6,36.8,42.1,57.9,2.815
vix,WBD,3+,ruhig,9,11.1,22.2,33.3,44.4,44.4,5.291
vix,WBD,3+,normal,16,25.0,37.5,37.5,50.0,50.0,2.989
vix,WBD,3+,unruhig,12,41.7,66.7,75.0,83.3,91.7,1.117
vix,WDAY,1,ruhig,28,32.1,32.1,32.1,35.7,46.4,3.176
vix,WDAY,1,normal,43,27.9,32.6,37.2,46.5,53.5,2.706
vix,WDAY,1,unruhig,31,45.2,48.4,58.1,61.3,77.4,1.66
vix,WDAY,2,ruhig,6,50.0,50.0,50.0,50.0,50.0,1.923
vix,WDAY,2,normal,19,26.3,26.3,36.8,47.4,57.9,2.644
vix,WDAY,2,unruhig,20,50.0,55.0,60.0,60.0,70.0,1.047
vix,WDAY,3+,ruhig,2,50.0,50.0,50.0,50.0,50.0,3.515
vix,WDAY,3+,normal,16,25.0,31.2,43.8,50.0,50.0,2.627
vix,WDAY,3+,unruhig,21,47.6,47.6,52.4,61.9,66.7,1.533
vix,WDC,1,ruhig,39,33.3,41.0,43.6,53.8,53.8,2.06
vix,WDC,1,normal,59,33.9,39.0,45.8,55.9,61.0,2.326
vix,WDC,1,unruhig,37,43.2,51.4,59.5,62.2,67.6,1.473
vix,WDC,2,ruhig,11,36.4,45.5,63.6,63.6,63.6,1.846
vix,WDC,2,normal,23,21.7,26.1,26.1,34.8,52.2,2.926
vix,WDC,2,unruhig,17,47.1,58.8,64.7,64.7,64.7,1.174
vix,WDC,3+,ruhig,7,57.1,85.7,85.7,100.0,100.0,0.27
vix,WDC,3+,normal,5,40.0,40.0,40.0,40.0,40.0,3.419
vix,WDC,3+,unruhig,15,33.3,33.3,46.7,60.0,66.7,2.052
vix,WELL,1,ruhig,35,51.4,60.0,68.6,82.9,82.9,0.924
vix,WELL,1,normal,51,43.1,51.0,58.8,64.7,78.4,1.441
vix,WELL,1,unruhig,29,37.9,44.8,55.2,58.6,62.1,1.9
vix,WELL,2,ruhig,16,37.5,43.8,56.2,75.0,75.0,1.777
vix,WELL,2,normal,14,71.4,78.6,78.6,85.7,92.9,0.0
vix,WELL,2,unruhig,15,40.0,60.0,66.7,66.7,73.3,1.244
vix,WELL,3+,ruhig,4,25.0,50.0,50.0,75.0,75.0,1.641
vix,WELL,3+,normal,4,100.0,100.0,100.0,100.0,100.0,0.119
vix,WELL,3+,unruhig,14,42.9,42.9,50.0,50.0,71.4,2.169
vix,WFC,1,ruhig,29,24.1,27.6,31.0,34.5,37.9,4.94
vix,WFC,1,normal,40,30.0,40.0,47.5,50.0,62.5,2.338
vix,WFC,1,unruhig,35,25.7,28.6,40.0,45.7,57.1,2.652
vix,WFC,2,ruhig,9,11.1,11.1,11.1,33.3,33.3,3.93
vix,WFC,2,normal,17,47.1,58.8,58.8,58.8,64.7,1.322
vix,WFC,2,unruhig,14,28.6,28.6,50.0,50.0,57.1,2.282
vix,WFC,3+,ruhig,3,0.0,0.0,0.0,0.0,33.3,3.457
vix,WFC,3+,normal,11,36.4,36.4,45.5,45.5,54.5,2.862
vix,WFC,3+,unruhig,23,30.4,39.1,47.8,69.6,78.3,2.052
vix,WMT,1,ruhig,39,53.8,56.4,56.4,64.1,66.7,0.86
vix,WMT,1,normal,44,27.3,40.9,54.5,56.8,63.6,1.904
vix,WMT,1,unruhig,26,46.2,53.8,53.8,65.4,65.4,1.262
vix,WMT,2,ruhig,8,75.0,75.0,75.0,75.0,87.5,0.236
vix,WMT,2,normal,16,43.8,43.8,56.2,62.5,68.8,1.919
vix,WMT,2,unruhig,17,52.9,58.8,64.7,76.5,76.5,0.992
vix,WMT,3+,ruhig,3,66.7,66.7,66.7,66.7,66.7,0.0
vix,WMT,3+,normal,6,33.3,33.3,33.3,50.0,50.0,3.252
vix,WMT,3+,unruhig,15,66.7,80.0,86.7,86.7,86.7,0.0
vix,XEL,1,ruhig,19,26.3,26.3,36.8,42.1,42.1,3.463
vix,XEL,1,normal,46,37.0,41.3,52.2,60.9,65.2,1.764
vix,XEL,1,unruhig,30,23.3,36.7,40.0,53.3,60.0,2.34
vix,XEL,2,ruhig,8,37.5,50.0,62.5,62.5,62.5,1.486
vix,XEL,2,normal,15,53.3,53.3,60.0,60.0,73.3,0.822
vix,XEL,2,unruhig,19,42.1,57.9,63.2,68.4,84.2,1.16
vix,XEL,3+,ruhig,5,40.0,40.0,40.0,40.0,60.0,2.76
vix,XEL,3+,normal,8,25.0,25.0,25.0,37.5,50.0,4.356
vix,XEL,3+,unruhig,10,30.0,50.0,50.0,50.0,50.0,2.587
vix,XOM,1,ruhig,31,32.3,38.7,41.9,51.6,58.1,2.402
vix,XOM,1,normal,50,26.0,38.0,42.0,52.0,56.0,2.462
vix,XOM,1,unruhig,37,45.9,54.1,67.6,73.0,81.1,1.343
vix,XOM,2,ruhig,11,36.4,45.5,45.5,63.6,81.8,2.216
vix,XOM,2,normal,16,31.2,31.2,43.8,56.2,56.2,2.095
vix,XOM,2,unruhig,17,47.1,64.7,76.5,76.5,82.4,1.004
vix,XOM,3+,ruhig,5,40.0,40.0,40.0,60.0,80.0,2.115
vix,XOM,3+,normal,9,66.7,66.7,66.7,77.8,77.8,0.673
vix,XOM,3+,unruhig,18,50.0,55.6,55.6,66.7,66.7,1.013
vix,ZS,1,ruhig,31,38.7,41.9,45.2,45.2,54.8,2.594
vix,ZS,1,normal,46,28.3,28.3,30.4,32.6,39.1,3.728
vix,ZS,1,unruhig,32,40.6,46.9,50.0,56.2,59.4,1.964
vix,ZS,2,ruhig,7,28.6,42.9,42.9,71.4,71.4,2.168
vix,ZS,2,normal,15,53.3,60.0,73.3,80.0,80.0,0.202
vix,ZS,2,unruhig,19,36.8,36.8,42.1,52.6,63.2,2.262
vix,ZS,3+,ruhig,7,14.3,14.3,28.6,28.6,57.1,2.891
vix,ZS,3+,normal,16,43.8,43.8,43.8,62.5,68.8,2.233
vix,ZS,3+,unruhig,16,37.5,43.8,62.5,62.5,81.2,1.655
vdax,ADS.DE,1,ruhig,34,14.7,17.6,17.6,20.6,26.5,3.816
vdax,ADS.DE,1,normal,41,26.8,39.0,46.3,51.2,53.7,2.417
vdax,ADS.DE,1,unruhig,28,32.1,35.7,42.9,42.9,50.0,2.852
vdax,ADS.DE,2,ruhig,14,28.6,42.9,42.9,42.9,57.1,2.66
vdax,ADS.DE,2,normal,17,29.4,29.4,35.3,47.1,58.8,2.583
vdax,ADS.DE,2,unruhig,12,16.7,25.0,25.0,33.3,41.7,4.19
vdax,ADS.DE,3+,ruhig,20,45.0,50.0,65.0,75.0,80.0,1.53
vdax,ADS.DE,3+,normal,12,41.7,58.3,66.7,75.0,75.0,1.143
vdax,ADS.DE,3+,unruhig,20,25.0,25.0,35.0,40.0,45.0,3.833
vdax,AIR.DE,1,ruhig,49,32.7,38.8,49.0,53.1,57.1,2.145
vdax,AIR.DE,1,normal,35,37.1,48.6,54.3,57.1,57.1,1.688
vdax,AIR.DE,1,unruhig,25,56.0,64.0,68.0,72.0,72.0,0.762
vdax,AIR.DE,2,ruhig,15,46.7,46.7,46.7,46.7,53.3,2.511
vdax,AIR.DE,2,normal,14,35.7,50.0,50.0,50.0,50.0,2.469
vdax,AIR.DE,2,unruhig,8,62.5,75.0,75.0,75.0,75.0,0.154
vdax,AIR.DE,3+,ruhig,6,33.3,33.3,33.3,33.3,33.3,4.568
vdax,AIR.DE,3+,normal,19,47.4,47.4,47.4,47.4,52.6,2.823
vdax,AIR.DE,3+,unruhig,15,53.3,66.7,73.3,73.3,80.0,0.704
vdax,ALV.DE,1,ruhig,47,36.2,42.6,46.8,48.9,57.4,2.597
vdax,ALV.DE,1,normal,44,36.4,50.0,59.1,68.2,70.5,1.565
vdax,ALV.DE,1,unruhig,22,9.1,18.2,27.3,27.3,40.9,4.006
vdax,ALV.DE,2,ruhig,15,53.3,60.0,66.7,66.7,66.7,0.467
vdax,ALV.DE,2,normal,15,40.0,53.3,53.3,53.3,60.0,1.273
vdax,ALV.DE,2,unruhig,11,45.5,45.5,45.5,54.5,63.6,2.3
vdax,ALV.DE,3+,ruhig,4,25.0,25.0,25.0,25.0,25.0,4.715
vdax,ALV.DE,3+,normal,7,57.1,71.4,71.4,71.4,71.4,0.021
vdax,ALV.DE,3+,unruhig,10,30.0,30.0,40.0,40.0,60.0,2.66
vdax,BAS.DE,1,ruhig,34,29.4,38.2,41.2,41.2,50.0,3.075
vdax,BAS.DE,1,normal,48,16.7,20.8,33.3,43.8,50.0,2.852
vdax,BAS.DE,1,unruhig,21,33.3,33.3,47.6,57.1,61.9,2.104
vdax,BAS.DE,2,ruhig,17,35.3,47.1,47.1,52.9,52.9,2.258
vdax,BAS.DE,2,normal,17,47.1,47.1,58.8,76.5,82.4,1.628
vdax,BAS.DE,2,unruhig,6,16.7,16.7,33.3,33.3,33.3,4.762
vdax,BAS.DE,3+,ruhig,22,18.2,27.3,31.8,40.9,45.5,3.982
vdax,BAS.DE,3+,normal,13,23.1,23.1,46.2,53.8,69.2,2.029
vdax,BAS.DE,3+,unruhig,10,70.0,90.0,90.0,90.0,90.0,0.0
vdax,BAYN.DE,1,ruhig,33,15.2,24.2,27.3,33.3,39.4,3.465
vdax,BAYN.DE,1,normal,42,26.2,28.6,28.6,35.7,45.2,3.514
vdax,BAYN.DE,1,unruhig,33,27.3,33.3,36.4,42.4,54.5,2.789
vdax,BAYN.DE,2,ruhig,16,18.8,25.0,31.2,37.5,50.0,2.989
vdax,BAYN.DE,2,normal,11,27.3,27.3,45.5,54.5,63.6,2.488
vdax,BAYN.DE,2,unruhig,15,26.7,33.3,46.7,53.3,60.0,2.199
vdax,BAYN.DE,3+,ruhig,9,0.0,0.0,11.1,22.2,33.3,5.937
vdax,BAYN.DE,3+,normal,10,40.0,50.0,50.0,60.0,60.0,1.709
vdax,BAYN.DE,3+,unruhig,16,37.5,37.5,50.0,56.2,56.2,2.015
vdax,BEI.DE,1,ruhig,35,22.9,42.9,51.4,57.1,60.0,1.963
vdax,BEI.DE,1,normal,32,43.8,43.8,46.9,46.9,53.1,2.718
vdax,BEI.DE,1,unruhig,25,16.0,24.0,28.0,36.0,44.0,3.105
vdax,BEI.DE,2,ruhig,13,23.1,30.8,38.5,46.2,53.8,2.648
vdax,BEI.DE,2,normal,14,21.4,28.6,28.6,42.9,50.0,3.073
vdax,BEI.DE,2,unruhig,10,30.0,40.0,40.0,60.0,70.0,2.313
vdax,BEI.DE,3+,ruhig,9,11.1,22.2,33.3,33.3,33.3,7.464
vdax,BEI.DE,3+,normal,10,40.0,50.0,60.0,70.0,70.0,1.3
vdax,BEI.DE,3+,unruhig,10,0.0,20.0,40.0,60.0,80.0,2.115
vdax,BMW.DE,1,ruhig,39,20.5,23.1,33.3,38.5,46.2,3.998
vdax,BMW.DE,1,normal,31,35.5,38.7,48.4,48.4,51.6,2.619
vdax,BMW.DE,1,unruhig,22,40.9,50.0,50.0,63.6,63.6,1.611
vdax,BMW.DE,2,ruhig,19,15.8,31.6,31.6,31.6,31.6,5.253
vdax,BMW.DE,2,normal,9,33.3,33.3,33.3,33.3,44.4,4.422
vdax,BMW.DE,2,unruhig,11,54.5,63.6,63.6,63.6,63.6,0.0
vdax,BMW.DE,3+,ruhig,15,33.3,33.3,40.0,46.7,46.7,3.044
vdax,BMW.DE,3+,normal,9,44.4,55.6,55.6,66.7,77.8,1.454
vdax,BMW.DE,3+,unruhig,6,50.0,50.0,50.0,66.7,83.3,1.085
vdax,BNR.DE,1,ruhig,41,14.6,17.1,24.4,31.7,41.5,3.85
vdax,BNR.DE,1,normal,37,32.4,43.2,45.9,48.6,51.4,2.942
vdax,BNR.DE,1,unruhig,33,51.5,54.5,60.6,60.6,66.7,0.981
vdax,BNR.DE,2,ruhig,16,6.2,18.8,25.0,31.2,37.5,3.813
vdax,BNR.DE,2,normal,16,18.8,18.8,37.5,56.2,62.5,2.333
vdax,BNR.DE,2,unruhig,10,30.0,30.0,30.0,40.0,40.0,4.149
vdax,BNR.DE,3+,ruhig,10,10.0,10.0,10.0,10.0,10.0,4.816
vdax,BNR.DE,3+,normal,16,31.2,37.5,43.8,43.8,50.0,3.059
vdax,BNR.DE,3+,unruhig,10,50.0,50.0,50.0,50.0,60.0,1.594
vdax,CBK.DE,1,ruhig,34,29.4,47.1,55.9,58.8,61.8,1.663
vdax,CBK.DE,1,normal,50,34.0,36.0,42.0,60.0,62.0,2.31
vdax,CBK.DE,1,unruhig,35,40.0,45.7,51.4,62.9,65.7,1.857
vdax,CBK.DE,2,ruhig,12,16.7,16.7,41.7,58.3,66.7,2.22
vdax,CBK.DE,2,normal,8,75.0,87.5,100.0,100.0,100.0,0.066
vdax,CBK.DE,2,unruhig,12,66.7,66.7,75.0,83.3,83.3,0.297
vdax,CBK.DE,3+,ruhig,10,30.0,40.0,60.0,60.0,70.0,1.653
vdax,CBK.DE,3+,normal,9,44.4,55.6,55.6,55.6,66.7,1.43
vdax,CBK.DE,3+,unruhig,5,80.0,80.0,80.0,80.0,80.0,0.0
vdax,CON.DE,1,ruhig,34,8.8,11.8,14.7,20.6,29.4,5.151
vdax,CON.DE,1,normal,35,31.4,34.3,40.0,45.7,51.4,2.828
vdax,CON.DE,1,unruhig,26,34.6,46.2,69.2,73.1,76.9,1.555
vdax,CON.DE,2,ruhig,17,23.5,23.5,29.4,41.2,47.1,3.641
vdax,CON.DE,2,normal,7,57.1,57.1,57.1,71.4,71.4,0.729
vdax,CON.DE,2,unruhig,15,60.0,60.0,60.0,66.7,73.3,0.293
vdax,CON.DE,3+,ruhig,11,27.3,27.3,27.3,27.3,27.3,5.562
vdax,CON.DE,3+,normal,7,42.9,57.1,57.1,57.1,71.4,1.191
vdax,CON.DE,3+,unruhig,7,71.4,71.4,71.4,71.4,71.4,0.0
vdax,DB1.DE,1,ruhig,37,35.1,43.2,59.5,64.9,67.6,1.836
vdax,DB1.DE,1,normal,33,39.4,42.4,45.5,48.5,54.5,2.613
vdax,DB1.DE,1,unruhig,37,29.7,40.5,45.9,54.1,62.2,2.284
vdax,DB1.DE,2,ruhig,16,37.5,56.2,56.2,68.8,81.2,1.221
vdax,DB1.DE,2,normal,13,30.8,46.2,53.8,61.5,69.2,1.79
vdax,DB1.DE,2,unruhig,14,50.0,50.0,50.0,64.3,71.4,1.52
vdax,DB1.DE,3+,ruhig,10,10.0,40.0,40.0,50.0,50.0,3.164
vdax,DB1.DE,3+,normal,10,60.0,60.0,60.0,70.0,70.0,0.589
vdax,DB1.DE,3+,unruhig,6,50.0,50.0,66.7,66.7,66.7,0.842
vdax,DBK.DE,1,ruhig,40,40.0,50.0,52.5,57.5,67.5,1.492
vdax,DBK.DE,1,normal,49,24.5,32.7,44.9,46.9,51.0,2.823
vdax,DBK.DE,1,unruhig,32,25.0,37.5,37.5,40.6,50.0,2.946
vdax,DBK.DE,2,ruhig,19,52.6,52.6,63.2,68.4,68.4,0.982
vdax,DBK.DE,2,normal,14,35.7,50.0,50.0,57.1,57.1,1.821
vdax,DBK.DE,2,unruhig,17,41.2,52.9,64.7,70.6,76.5,1.214
vdax,DBK.DE,3+,ruhig,4,100.0,100.0,100.0,100.0,100.0,0.0
vdax,DBK.DE,3+,normal,5,60.0,80.0,80.0,80.0,100.0,0.325
vdax,DBK.DE,3+,unruhig,14,71.4,78.6,92.9,100.0,100.0,0.59
vdax,DHL.DE,1,ruhig,39,33.3,35.9,41.0,46.2,46.2,3.6
vdax,DHL.DE,1,normal,44,36.4,43.2,52.3,52.3,52.3,1.746
vdax,DHL.DE,1,unruhig,33,66.7,69.7,72.7,72.7,72.7,0.0
vdax,DHL.DE,2,ruhig,17,35.3,35.3,41.2,41.2,41.2,3.926
vdax,DHL.DE,2,normal,15,26.7,33.3,40.0,53.3,53.3,2.28
vdax,DHL.DE,2,unruhig,10,40.0,40.0,40.0,40.0,50.0,3.014
vdax,DHL.DE,3+,ruhig,8,12.5,50.0,62.5,62.5,62.5,1.542
vdax,DHL.DE,3+,normal,6,16.7,33.3,33.3,50.0,50.0,2.941
vdax,DHL.DE,3+,unruhig,14,42.9,57.1,64.3,71.4,78.6,1.266
vdax,DTE.DE,1,ruhig,41,36.6,46.3,53.7,56.1,56.1,1.578
vdax,DTE.DE,1,normal,40,50.0,57.5,60.0,62.5,65.0,0.972
vdax,DTE.DE,1,unruhig,29,31.0,37.9,41.4,48.3,48.3,3.457
vdax,DTE.DE,2,ruhig,15,40.0,53.3,53.3,53.3,60.0,1.159
vdax,DTE.DE,2,normal,9,44.4,55.6,55.6,55.6,66.7,1.172
vdax,DTE.DE,2,unruhig,9,44.4,66.7,66.7,66.7,66.7,1.056
vdax,DTE.DE,3+,ruhig,10,30.0,40.0,40.0,50.0,70.0,2.47
vdax,DTE.DE,3+,normal,10,50.0,50.0,50.0,70.0,70.0,1.301
vdax,DTE.DE,3+,unruhig,6,33.3,33.3,50.0,50.0,50.0,2.782
vdax,DTG.DE,1,ruhig,28,42.9,46.4,50.0,50.0,53.6,2.31
vdax,DTG.DE,1,normal,27,29.6,40.7,51.9,55.6,55.6,1.763
vdax,DTG.DE,1,unruhig,14,28.6,28.6,42.9,50.0,57.1,2.62
vdax,DTG.DE,2,ruhig,8,37.5,37.5,37.5,37.5,37.5,4.056
vdax,DTG.DE,2,normal,9,33.3,44.4,44.4,55.6,66.7,2.427
vdax,DTG.DE,2,unruhig,8,25.0,37.5,50.0,62.5,62.5,1.923
vdax,DTG.DE,3+,ruhig,12,33.3,50.0,50.0,50.0,50.0,2.327
vdax,DTG.DE,3+,normal,14,21.4,35.7,42.9,42.9,64.3,2.716
vdax,DTG.DE,3+,unruhig,10,40.0,50.0,60.0,70.0,80.0,1.499
vdax,ENR.DE,1,ruhig,37,48.6,67.6,67.6,70.3,75.7,1.129
vdax,ENR.DE,1,normal,41,46.3,58.5,63.4,70.7,82.9,1.181
vdax,ENR.DE,1,unruhig,20,35.0,35.0,35.0,35.0,40.0,3.258
vdax,ENR.DE,2,ruhig,9,44.4,55.6,66.7,66.7,66.7,1.321
vdax,ENR.DE,2,normal,10,10.0,20.0,40.0,50.0,50.0,3.155
vdax,ENR.DE,2,unruhig,8,25.0,37.5,37.5,37.5,37.5,3.893
vdax,ENR.DE,3+,ruhig,5,0.0,20.0,20.0,20.0,20.0,11.597
vdax,ENR.DE,3+,normal,9,55.6,55.6,55.6,55.6,77.8,0.339
vdax,ENR.DE,3+,unruhig,14,28.6,28.6,42.9,57.1,64.3,2.303
vdax,EOAN.DE,1,ruhig,39,33.3,41.0,56.4,64.1,69.2,1.704
vdax,EOAN.DE,1,normal,47,38.3,48.9,48.9,48.9,51.1,2.621
vdax,EOAN.DE,1,unruhig,27,55.6,55.6,55.6,59.3,63.0,0.533
vdax,EOAN.DE,2,ruhig,21,33.3,38.1,52.4,52.4,71.4,1.829
vdax,EOAN.DE,2,normal,8,12.5,37.5,37.5,62.5,75.0,2.397
vdax,EOAN.DE,2,unruhig,12,25.0,25.0,33.3,41.7,41.7,3.601
vdax,EOAN.DE,3+,ruhig,11,45.5,54.5,54.5,63.6,81.8,1.419
vdax,EOAN.DE,3+,normal,11,18.2,27.3,36.4,54.5,81.8,2.116
vdax,EOAN.DE,3+,unruhig,11,45.5,54.5,54.5,54.5,63.6,1.329
vdax,FRE.DE,1,ruhig,33,27.3,36.4,39.4,48.5,51.5,2.803
vdax,FRE.DE,1,normal,38,39.5,42.1,50.0,50.0,52.6,2.172
vdax,FRE.DE,1,unruhig,26,15.4,15.4,23.1,23.1,26.9,6.011
vdax,FRE.DE,2,ruhig,12,33.3,41.7,58.3,66.7,66.7,1.715
vdax,FRE.DE,2,normal,17,23.5,23.5,35.3,35.3,41.2,4.171
vdax,FRE.DE,2,unruhig,13,46.2,46.2,46.2,46.2,46.2,4.312
vdax,FRE.DE,3+,ruhig,4,25.0,25.0,50.0,75.0,75.0,1.976
vdax,FRE.DE,3+,normal,9,55.6,55.6,66.7,66.7,66.7,0.796
vdax,FRE.DE,3+,unruhig,11,18.2,18.2,27.3,27.3,27.3,4.219
vdax,HEI.DE,1,ruhig,43,30.2,34.9,37.2,39.5,44.2,3.407
vdax,HEI.DE,1,normal,41,36.6,43.9,46.3,48.8,58.5,2.599
vdax,HEI.DE,1,unruhig,26,38.5,46.2,53.8,57.7,61.5,1.683
vdax,HEI.DE,2,ruhig,15,26.7,33.3,40.0,46.7,53.3,2.705
vdax,HEI.DE,2,normal,13,38.5,38.5,46.2,53.8,61.5,2.208
vdax,HEI.DE,2,unruhig,9,33.3,33.3,44.4,55.6,55.6,2.498
vdax,HEI.DE,3+,ruhig,6,33.3,33.3,33.3,33.3,33.3,3.657
vdax,HEI.DE,3+,normal,5,20.0,20.0,60.0,60.0,80.0,1.698
vdax,HEI.DE,3+,unruhig,11,45.5,45.5,45.5,45.5,54.5,2.868
vdax,HEN3.DE,1,ruhig,27,11.1,14.8,18.5,25.9,25.9,4.948
vdax,HEN3.DE,1,normal,37,27.0,29.7,40.5,43.2,48.6,3.193
vdax,HEN3.DE,1,unruhig,19,36.8,52.6,68.4,78.9,84.2,1.498
vdax,HEN3.DE,2,ruhig,14,21.4,21.4,21.4,21.4,35.7,3.844
vdax,HEN3.DE,2,normal,14,14.3,14.3,28.6,28.6,28.6,4.066
vdax,HEN3.DE,2,unruhig,9,44.4,55.6,66.7,66.7,88.9,1.171
vdax,HEN3.DE,3+,ruhig,8,25.0,25.0,37.5,37.5,62.5,2.893
vdax,HEN3.DE,3+,normal,8,37.5,37.5,37.5,37.5,37.5,4.543
vdax,HEN3.DE,3+,unruhig,12,66.7,75.0,75.0,75.0,75.0,0.387
vdax,HNR1.DE,1,ruhig,49,34.7,36.7,44.9,49.0,59.2,2.794
vdax,HNR1.DE,1,normal,38,31.6,39.5,50.0,60.5,65.8,2.022
vdax,HNR1.DE,1,unruhig,19,21.1,26.3,31.6,36.8,42.1,3.347
vdax,HNR1.DE,2,ruhig,14,21.4,21.4,28.6,35.7,64.3,2.72
vdax,HNR1.DE,2,normal,13,38.5,38.5,61.5,69.2,76.9,1.73
vdax,HNR1.DE,2,unruhig,12,25.0,25.0,25.0,33.3,41.7,4.236
vdax,HNR1.DE,3+,ruhig,10,60.0,70.0,80.0,90.0,100.0,0.323
vdax,HNR1.DE,3+,normal,5,60.0,60.0,60.0,80.0,100.0,0.958
vdax,HNR1.DE,3+,unruhig,6,50.0,83.3,83.3,83.3,83.3,1.107
vdax,IFX.DE,1,ruhig,40,27.5,35.0,35.0,37.5,45.0,3.417
vdax,IFX.DE,1,normal,50,32.0,36.0,46.0,50.0,54.0,2.655
vdax,IFX.DE,1,unruhig,30,50.0,50.0,56.7,56.7,66.7,1.236
vdax,IFX.DE,2,ruhig,16,25.0,25.0,25.0,37.5,56.2,2.911
vdax,IFX.DE,2,normal,13,38.5,46.2,46.2,61.5,69.2,2.13
vdax,IFX.DE,2,unruhig,12,41.7,41.7,41.7,41.7,50.0,3.381
vdax,IFX.DE,3+,ruhig,5,0.0,0.0,40.0,40.0,40.0,4.278
vdax,IFX.DE,3+,normal,11,72.7,72.7,81.8,100.0,100.0,0.482
vdax,IFX.DE,3+,unruhig,18,50.0,50.0,50.0,55.6,66.7,1.611
vdax,MBG.DE,1,ruhig,37,29.7,32.4,32.4,37.8,48.6,3.251
vdax,MBG.DE,1,normal,45,42.2,42.2,42.2,46.7,55.6,2.523
vdax,MBG.DE,1,unruhig,28,46.4,50.0,53.6,60.7,60.7,1.466
vdax,MBG.DE,2,ruhig,17,17.6,23.5,23.5,29.4,29.4,4.739
vdax,MBG.DE,2,normal,12,8.3,25.0,25.0,41.7,41.7,3.113
vdax,MBG.DE,2,unruhig,13,30.8,53.8,53.8,61.5,61.5,1.497
vdax,MBG.DE,3+,ruhig,12,25.0,25.0,25.0,25.0,25.0,6.861
vdax,MBG.DE,3+,normal,11,36.4,45.5,72.7,72.7,72.7,1.631
vdax,MBG.DE,3+,unruhig,10,60.0,60.0,60.0,60.0,80.0,0.081
vdax,MRK.DE,1,ruhig,37,16.2,21.6,21.6,29.7,32.4,4.562
vdax,MRK.DE,1,normal,46,37.0,39.1,45.7,52.2,56.5,2.352
vdax,MRK.DE,1,unruhig,34,52.9,58.8,61.8,64.7,67.6,0.679
vdax,MRK.DE,2,ruhig,14,14.3,14.3,35.7,35.7,42.9,3.475
vdax,MRK.DE,2,normal,10,60.0,60.0,60.0,60.0,60.0,0.281
vdax,MRK.DE,2,unruhig,13,69.2,69.2,92.3,92.3,92.3,0.428
vdax,MRK.DE,3+,ruhig,11,9.1,9.1,18.2,36.4,36.4,4.172
vdax,MRK.DE,3+,normal,12,33.3,41.7,50.0,50.0,50.0,2.41
vdax,MRK.DE,3+,unruhig,13,38.5,46.2,53.8,61.5,76.9,1.649
vdax,MTX.DE,1,ruhig,34,17.6,29.4,35.3,44.1,50.0,3.115
vdax,MTX.DE,1,normal,44,40.9,47.7,47.7,63.6,68.2,2.054
vdax,MTX.DE,1,unruhig,26,46.2,53.8,76.9,80.8,84.6,1.478
vdax,MTX.DE,2,ruhig,12,50.0,50.0,50.0,66.7,75.0,1.165
vdax,MTX.DE,2,normal,23,34.8,52.2,52.2,60.9,60.9,1.397
vdax,MTX.DE,2,unruhig,7,57.1,71.4,100.0,100.0,100.0,0.627
vdax,MTX.DE,3+,ruhig,6,0.0,0.0,0.0,16.7,16.7,7.029
vdax,MTX.DE,3+,normal,10,40.0,50.0,60.0,60.0,60.0,1.448
vdax,MTX.DE,3+,unruhig,11,54.5,63.6,81.8,81.8,81.8,0.828
vdax,MUV2.DE,1,ruhig,41,26.8,29.3,31.7,41.5,46.3,3.19
vdax,MUV2.DE,1,normal,34,35.3,35.3,41.2,52.9,61.8,2.41
vdax,MUV2.DE,1,unruhig,26,23.1,34.6,38.5,42.3,50.0,3.109
vdax,MUV2.DE,2,ruhig,16,31.2,31.2,37.5,50.0,68.8,2.44
vdax,MUV2.DE,2,normal,11,36.4,36.4,45.5,54.5,63.6,2.379
vdax,MUV2.DE,2,unruhig,11,54.5,54.5,54.5,63.6,72.7,0.91
vdax,MUV2.DE,3+,ruhig,9,66.7,77.8,77.8,77.8,88.9,0.0
vdax,MUV2.DE,3+,normal,7,14.3,28.6,42.9,57.1,57.1,2.389
vdax,MUV2.DE,3+,unruhig,7,42.9,42.9,42.9,42.9,57.1,2.604
vdax,P911.DE,1,ruhig,18,16.7,27.8,27.8,33.3,44.4,3.295
vdax,P911.DE,1,normal,16,18.8,25.0,37.5,43.8,50.0,2.943
vdax,P911.DE,1,unruhig,9,55.6,55.6,55.6,55.6,66.7,0.926
vdax,P911.DE,2,ruhig,14,14.3,28.6,28.6,42.9,42.9,3.16
vdax,P911.DE,2,normal,6,33.3,50.0,66.7,83.3,83.3,1.488
vdax,P911.DE,2,unruhig,3,33.3,33.3,33.3,33.3,33.3,3.54
vdax,P911.DE,3+,ruhig,14,21.4,35.7,35.7,42.9,57.1,2.8
vdax,P911.DE,3+,normal,9,33.3,44.4,44.4,44.4,55.6,2.712
vdax,P911.DE,3+,unruhig,4,50.0,50.0,50.0,75.0,75.0,1.228
vdax,PAH3.DE,1,ruhig,25,20.0,24.0,24.0,28.0,36.0,4.783
vdax,PAH3.DE,1,normal,33,33.3,36.4,39.4,42.4,51.5,2.83
vdax,PAH3.DE,1,unruhig,15,13.3,13.3,26.7,33.3,40.0,4.147
vdax,PAH3.DE,2,ruhig,16,25.0,31.2,31.2,37.5,37.5,3.747
vdax,PAH3.DE,2,normal,12,41.7,41.7,41.7,50.0,66.7,2.479
vdax,PAH3.DE,2,unruhig,7,0.0,0.0,0.0,28.6,42.9,3.801
vdax,PAH3.DE,3+,ruhig,12,8.3,25.0,25.0,33.3,41.7,3.295
vdax,PAH3.DE,3+,normal,7,42.9,42.9,42.9,42.9,42.9,3.43
vdax,PAH3.DE,3+,unruhig,6,33.3,33.3,50.0,50.0,50.0,2.336
vdax,QIA.DE,1,ruhig,34,29.4,29.4,35.3,38.2,38.2,4.027
vdax,QIA.DE,1,normal,31,19.4,19.4,29.0,32.3,38.7,3.718
vdax,QIA.DE,1,unruhig,34,38.2,47.1,55.9,58.8,61.8,1.629
vdax,QIA.DE,2,ruhig,14,14.3,21.4,28.6,35.7,50.0,3.754
vdax,QIA.DE,2,normal,16,12.5,25.0,25.0,31.2,37.5,3.788
vdax,QIA.DE,2,unruhig,10,40.0,60.0,60.0,60.0,60.0,1.288
vdax,QIA.DE,3+,ruhig,12,25.0,25.0,41.7,41.7,58.3,2.681
vdax,QIA.DE,3+,normal,17,52.9,58.8,64.7,64.7,76.5,0.721
vdax,QIA.DE,3+,unruhig,11,54.5,63.6,72.7,72.7,72.7,0.698
vdax,RHM.DE,1,ruhig,34,32.4,38.2,41.2,47.1,55.9,2.795
vdax,RHM.DE,1,normal,40,35.0,45.0,60.0,65.0,70.0,1.782
vdax,RHM.DE,1,unruhig,21,38.1,52.4,52.4,61.9,71.4,1.455
vdax,RHM.DE,2,ruhig,13,46.2,46.2,46.2,61.5,84.6,2.145
vdax,RHM.DE,2,normal,10,20.0,40.0,50.0,50.0,50.0,3.133
vdax,RHM.DE,2,unruhig,9,55.6,55.6,55.6,55.6,55.6,0.982
vdax,RHM.DE,3+,ruhig,1,0.0,0.0,0.0,0.0,0.0,4.864
vdax,RHM.DE,3+,normal,15,60.0,66.7,66.7,66.7,73.3,0.645
vdax,RHM.DE,3+,unruhig,9,44.4,44.4,44.4,44.4,44.4,5.307
vdax,RWE.DE,1,ruhig,31,22.6,35.5,41.9,48.4,54.8,2.762
vdax,RWE.DE,1,normal,34,23.5,32.4,38.2,44.1,55.9,2.684
vdax,RWE.DE,1,unruhig,38,50.0,55.3,68.4,78.9,92.1,1.028
vdax,RWE.DE,2,ruhig,14,35.7,35.7,50.0,50.0,50.0,2.526
vdax,RWE.DE,2,normal,9,44.4,44.4,55.6,66.7,66.7,1.605
vdax,RWE.DE,2,unruhig,13,69.2,69.2,76.9,84.6,84.6,0.164
vdax,RWE.DE,3+,ruhig,12,58.3,58.3,58.3,58.3,66.7,0.891
vdax,RWE.DE,3+,normal,8,50.0,50.0,62.5,62.5,87.5,1.144
vdax,RWE.DE,3+,unruhig,4,75.0,75.0,100.0,100.0,100.0,0.0
vdax,SAP.DE,1,ruhig,44,29.5,29.5,34.1,43.2,45.5,3.192
vdax,SAP.DE,1,normal,41,31.7,41.5,43.9,51.2,53.7,2.228
vdax,SAP.DE,1,unruhig,25,32.0,40.0,52.0,56.0,76.0,1.853
vdax,SAP.DE,2,ruhig,14,14.3,35.7,42.9,50.0,50.0,3.429
vdax,SAP.DE,2,normal,15,26.7,33.3,33.3,40.0,46.7,3.132
vdax,SAP.DE,2,unruhig,11,27.3,36.4,54.5,54.5,54.5,1.723
vdax,SAP.DE,3+,ruhig,10,50.0,60.0,60.0,60.0,80.0,0.957
vdax,SAP.DE,3+,normal,13,38.5,46.2,46.2,53.8,61.5,2.025
vdax,SAP.DE,3+,unruhig,16,37.5,43.8,62.5,68.8,75.0,1.692
vdax,SHL.DE,1,ruhig,42,21.4,26.2,38.1,38.1,40.5,4.239
vdax,SHL.DE,1,normal,36,47.2,50.0,52.8,55.6,63.9,1.458
vdax,SHL.DE,1,unruhig,16,37.5,56.2,68.8,68.8,68.8,1.22
vdax,SHL.DE,2,ruhig,14,35.7,42.9,42.9,42.9,50.0,2.948
vdax,SHL.DE,2,normal,9,33.3,44.4,44.4,44.4,55.6,2.999
vdax,SHL.DE,2,unruhig,9,33.3,33.3,33.3,33.3,44.4,3.258
vdax,SHL.DE,3+,ruhig,11,45.5,63.6,63.6,63.6,63.6,1.211
vdax,SHL.DE,3+,normal,12,75.0,75.0,75.0,75.0,83.3,0.505
vdax,SHL.DE,3+,unruhig,15,40.0,40.0,53.3,53.3,53.3,1.692
vdax,SIE.DE,1,ruhig,40,15.0,20.0,32.5,45.0,47.5,3.268
vdax,SIE.DE,1,normal,50,52.0,66.0,72.0,74.0,80.0,0.978
vdax,SIE.DE,1,unruhig,33,54.5,60.6,60.6,72.7,72.7,0.566
vdax,SIE.DE,2,ruhig,12,50.0,66.7,75.0,75.0,75.0,1.042
vdax,SIE.DE,2,normal,16,31.2,37.5,50.0,50.0,56.2,2.381
vdax,SIE.DE,2,unruhig,10,30.0,40.0,40.0,50.0,50.0,2.825
vdax,SIE.DE,3+,ruhig,6,50.0,50.0,50.0,50.0,50.0,1.991
vdax,SIE.DE,3+,normal,7,42.9,57.1,71.4,71.4,71.4,1.109
vdax,SIE.DE,3+,unruhig,17,58.8,58.8,70.6,70.6,76.5,0.37
vdax,SRT3.DE,1,ruhig,36,19.4,22.2,22.2,22.2,27.8,4.554
vdax,SRT3.DE,1,normal,39,35.9,43.6,48.7,56.4,56.4,2.188
vdax,SRT3.DE,1,unruhig,37,29.7,29.7,35.1,45.9,59.5,2.691
vdax,SRT3.DE,2,ruhig,14,14.3,14.3,14.3,21.4,21.4,5.088
vdax,SRT3.DE,2,normal,14,35.7,57.1,64.3,71.4,85.7,1.22
vdax,SRT3.DE,2,unruhig,12,33.3,41.7,41.7,58.3,66.7,2.043
vdax,SRT3.DE,3+,ruhig,9,0.0,0.0,11.1,11.1,33.3,4.378
vdax,SRT3.DE,3+,normal,14,50.0,57.1,57.1,71.4,92.9,0.891
vdax,SRT3.DE,3+,unruhig,12,33.3,41.7,50.0,58.3,66.7,1.882
vdax,SY1.DE,1,ruhig,38,23.7,31.6,39.5,39.5,47.4,3.22
vdax,SY1.DE,1,normal,34,26.5,26.5,32.4,41.2,41.2,3.725
vdax,SY1.DE,1,unruhig,32,43.8,50.0,65.6,68.8,75.0,1.477
vdax,SY1.DE,2,ruhig,13,30.8,46.2,46.2,46.2,53.8,2.93
vdax,SY1.DE,2,normal,13,46.2,46.2,46.2,46.2,61.5,2.562
vdax,SY1.DE,2,unruhig,7,28.6,42.9,42.9,42.9,57.1,2.524
vdax,SY1.DE,3+,ruhig,15,26.7,40.0,46.7,53.3,60.0,2.365
vdax,SY1.DE,3+,normal,12,33.3,33.3,41.7,50.0,50.0,3.053
vdax,SY1.DE,3+,unruhig,12,41.7,58.3,75.0,75.0,83.3,1.313
vdax,VNA.DE,1,ruhig,28,17.9,25.0,25.0,32.1,46.4,3.463
vdax,VNA.DE,1,normal,40,20.0,22.5,27.5,32.5,40.0,3.89
vdax,VNA.DE,1,unruhig,24,25.0,25.0,25.0,25.0,37.5,4.205
vdax,VNA.DE,2,ruhig,15,20.0,26.7,33.3,46.7,53.3,2.548
vdax,VNA.DE,2,normal,13,15.4,23.1,38.5,46.2,53.8,2.8
vdax,VNA.DE,2,unruhig,11,9.1,18.2,27.3,27.3,45.5,4.801
vdax,VNA.DE,3+,ruhig,9,0.0,0.0,11.1,33.3,44.4,3.313
vdax,VNA.DE,3+,normal,9,0.0,11.1,22.2,33.3,55.6,2.965
vdax,VNA.DE,3+,unruhig,12,41.7,50.0,58.3,58.3,58.3,1.369
vdax,VOW3.DE,1,ruhig,33,30.3,36.4,36.4,36.4,42.4,4.266
vdax,VOW3.DE,1,normal,28,42.9,46.4,53.6,57.1,60.7,1.614
vdax,VOW3.DE,1,unruhig,25,20.0,32.0,36.0,44.0,44.0,3.651
vdax,VOW3.DE,2,ruhig,16,25.0,25.0,25.0,43.8,43.8,3.125
vdax,VOW3.DE,2,normal,15,40.0,40.0,40.0,46.7,46.7,3.505
vdax,VOW3.DE,2,unruhig,9,44.4,44.4,55.6,55.6,55.6,1.752
vdax,VOW3.DE,3+,ruhig,19,10.5,15.8,21.1,26.3,36.8,4.187
vdax,VOW3.DE,3+,normal,12,33.3,41.7,50.0,58.3,66.7,2.067
vdax,VOW3.DE,3+,unruhig,9,77.8,77.8,77.8,77.8,77.8,0.37
vdax,ZAL.DE,1,ruhig,28,21.4,21.4,21.4,25.0,32.1,4.755
vdax,ZAL.DE,1,normal,34,29.4,29.4,32.4,35.3,41.2,4.169
vdax,ZAL.DE,1,unruhig,32,46.9,50.0,50.0,59.4,62.5,1.806
vdax,ZAL.DE,2,ruhig,13,23.1,30.8,30.8,38.5,38.5,4.382
vdax,ZAL.DE,2,normal,15,33.3,40.0,40.0,40.0,46.7,3.009
vdax,ZAL.DE,2,unruhig,9,11.1,11.1,44.4,44.4,44.4,3.013
vdax,ZAL.DE,3+,ruhig,10,20.0,20.0,20.0,40.0,40.0,4.682
vdax,ZAL.DE,3+,normal,15,20.0,26.7,40.0,40.0,40.0,3.966
vdax,ZAL.DE,3+,unruhig,13,46.2,46.2,53.8,53.8,53.8,1.659
fg,AAPL,1,Angst,41,43.9,53.7,61.0,63.4,68.3,1.301
fg,AAPL,1,neutral,21,33.3,38.1,42.9,47.6,52.4,2.529
fg,AAPL,1,Gier,62,37.1,45.2,50.0,58.1,61.3,1.936
fg,AAPL,2,Angst,21,28.6,52.4,57.1,57.1,66.7,1.472
fg,AAPL,2,neutral,3,33.3,33.3,33.3,33.3,33.3,3.242
fg,AAPL,2,Gier,10,40.0,50.0,50.0,50.0,50.0,2.295
fg,AAPL,3+,Angst,21,52.4,61.9,71.4,76.2,76.2,0.994
fg,AAPL,3+,neutral,6,66.7,83.3,83.3,83.3,100.0,0.353
fg,AAPL,3+,Gier,4,25.0,50.0,50.0,50.0,50.0,2.717
fg,ABBV,1,Angst,46,39.1,39.1,56.5,56.5,56.5,1.785
fg,ABBV,1,neutral,17,29.4,47.1,52.9,58.8,64.7,1.857
fg,ABBV,1,Gier,55,36.4,40.0,49.1,54.5,56.4,2.044
fg,ABBV,2,Angst,11,18.2,18.2,27.3,36.4,36.4,4.753
fg,ABBV,2,neutral,5,40.0,60.0,60.0,60.0,60.0,1.401
fg,ABBV,2,Gier,14,42.9,57.1,64.3,64.3,64.3,1.213
fg,ABBV,3+,Angst,14,42.9,50.0,57.1,57.1,71.4,1.475
fg,ABBV,3+,neutral,5,40.0,40.0,60.0,60.0,80.0,1.879
fg,ABBV,3+,Gier,10,30.0,40.0,50.0,60.0,60.0,1.927
fg,ABNB,1,Angst,42,23.8,33.3,45.2,54.8,61.9,2.215
fg,ABNB,1,neutral,16,12.5,12.5,12.5,12.5,18.8,4.736
fg,ABNB,1,Gier,46,41.3,47.8,56.5,63.0,65.2,1.613
fg,ABNB,2,Angst,22,31.8,31.8,45.5,54.5,72.7,2.244
fg,ABNB,2,neutral,6,16.7,16.7,33.3,50.0,50.0,3.163
fg,ABNB,2,Gier,8,25.0,37.5,37.5,62.5,75.0,2.028
fg,ABNB,3+,Angst,17,52.9,52.9,58.8,70.6,76.5,0.789
fg,ABNB,3+,neutral,4,25.0,25.0,25.0,25.0,25.0,6.071
fg,ABNB,3+,Gier,2,0.0,100.0,100.0,100.0,100.0,1.369
fg,ABT,1,Angst,48,22.9,29.2,41.7,45.8,47.9,3.271
fg,ABT,1,neutral,14,28.6,35.7,35.7,42.9,42.9,3.185
fg,ABT,1,Gier,48,37.5,47.9,52.1,56.2,62.5,1.803
fg,ABT,2,Angst,18,27.8,38.9,50.0,55.6,61.1,2.058
fg,ABT,2,neutral,6,33.3,50.0,50.0,50.0,50.0,5.72
fg,ABT,2,Gier,17,41.2,47.1,52.9,52.9,58.8,1.765
fg,ABT,3+,Angst,22,40.9,40.9,45.5,50.0,54.5,2.534
fg,ABT,3+,neutral,5,60.0,80.0,80.0,80.0,80.0,0.31
fg,ABT,3+,Gier,12,33.3,33.3,41.7,58.3,58.3,2.204
fg,ACN,1,Angst,46,43.5,43.5,56.5,60.9,60.9,1.678
fg,ACN,1,neutral,20,30.0,35.0,35.0,40.0,45.0,3.735
fg,ACN,1,Gier,57,29.8,35.1,40.4,47.4,50.9,2.704
fg,ACN,2,Angst,19,15.8,26.3,42.1,42.1,52.6,2.64
fg,ACN,2,neutral,7,0.0,14.3,28.6,28.6,42.9,4.253
fg,ACN,2,Gier,11,9.1,9.1,18.2,27.3,36.4,10.711
fg,ACN,3+,Angst,30,46.7,53.3,63.3,66.7,70.0,1.166
fg,ACN,3+,neutral,4,75.0,75.0,75.0,75.0,75.0,0.0
fg,ACN,3+,Gier,10,10.0,30.0,40.0,40.0,40.0,6.172
fg,ADBE,1,Angst,43,25.6,30.2,32.6,39.5,39.5,4.62
fg,ADBE,1,neutral,19,5.3,10.5,15.8,15.8,21.1,4.102
fg,ADBE,1,Gier,42,23.8,28.6,28.6,31.0,31.0,5.014
fg,ADBE,2,Angst,16,25.0,25.0,31.2,31.2,43.8,4.53
fg,ADBE,2,neutral,7,28.6,28.6,42.9,42.9,42.9,3.19
fg,ADBE,2,Gier,8,25.0,25.0,25.0,25.0,37.5,4.736
fg,ADBE,3+,Angst,22,18.2,22.7,31.8,40.9,54.5,2.687
fg,ADBE,3+,neutral,5,20.0,20.0,20.0,20.0,40.0,3.86
fg,ADBE,3+,Gier,10,40.0,40.0,40.0,40.0,50.0,3.216
fg,ADI,1,Angst,49,38.8,53.1,63.3,65.3,73.5,1.225
fg,ADI,1,neutral,16,37.5,43.8,43.8,56.2,68.8,2.187
fg,ADI,1,Gier,66,28.8,39.4,47.0,48.5,62.1,2.57
fg,ADI,2,Angst,26,38.5,57.7,61.5,65.4,69.2,1.339
fg,ADI,2,neutral,5,20.0,20.0,60.0,60.0,60.0,1.995
fg,ADI,2,Gier,17,52.9,58.8,58.8,64.7,70.6,0.704
fg,ADI,3+,Angst,25,60.0,76.0,76.0,76.0,80.0,0.581
fg,ADI,3+,neutral,8,37.5,37.5,37.5,50.0,62.5,2.612
fg,ADI,3+,Gier,2,50.0,50.0,50.0,50.0,50.0,2.873
fg,ADP,1,Angst,46,47.8,54.3,63.0,71.7,78.3,1.296
fg,ADP,1,neutral,16,25.0,31.2,50.0,62.5,62.5,1.911
fg,ADP,1,Gier,50,32.0,34.0,42.0,48.0,48.0,4.147
fg,ADP,2,Angst,16,31.2,37.5,43.8,43.8,43.8,3.629
fg,ADP,2,neutral,5,20.0,40.0,40.0,40.0,40.0,5.135
fg,ADP,2,Gier,18,50.0,50.0,55.6,55.6,66.7,1.332
fg,ADP,3+,Angst,23,39.1,47.8,60.9,69.6,87.0,1.52
fg,ADP,3+,neutral,5,60.0,60.0,60.0,60.0,60.0,0.666
fg,ADP,3+,Gier,11,36.4,36.4,36.4,45.5,45.5,4.188
fg,ADSK,1,Angst,28,42.9,42.9,50.0,53.6,53.6,2.148
fg,ADSK,1,neutral,15,53.3,53.3,53.3,60.0,60.0,0.821
fg,ADSK,1,Gier,56,32.1,35.7,39.3,42.9,48.2,3.206
fg,ADSK,2,Angst,18,33.3,38.9,38.9,38.9,44.4,3.175
fg,ADSK,2,neutral,5,40.0,40.0,60.0,60.0,60.0,1.925
fg,ADSK,2,Gier,10,30.0,50.0,50.0,50.0,50.0,2.28
fg,ADSK,3+,Angst,29,41.4,55.2,65.5,69.0,72.4,1.385
fg,ADSK,3+,neutral,5,40.0,40.0,40.0,60.0,60.0,2.082
fg,ADSK,3+,Gier,2,100.0,100.0,100.0,100.0,100.0,0.203
fg,AEP,1,Angst,41,46.3,51.2,56.1,63.4,65.9,1.488
fg,AEP,1,neutral,12,50.0,58.3,58.3,58.3,75.0,1.069
fg,AEP,1,Gier,52,15.4,23.1,25.0,36.5,44.2,3.331
fg,AEP,2,Angst,17,64.7,76.5,88.2,94.1,94.1,0.645
fg,AEP,2,neutral,2,0.0,0.0,0.0,0.0,0.0,8.985
fg,AEP,2,Gier,14,35.7,42.9,42.9,64.3,78.6,2.063
fg,AEP,3+,Angst,8,62.5,75.0,75.0,75.0,75.0,0.0
fg,AEP,3+,neutral,6,50.0,50.0,50.0,66.7,83.3,1.147
fg,AEP,3+,Gier,14,21.4,35.7,57.1,64.3,71.4,1.844
fg,AMAT,1,Angst,47,27.7,34.0,46.8,59.6,68.1,2.129
fg,AMAT,1,neutral,28,39.3,42.9,53.6,60.7,64.3,1.782
fg,AMAT,1,Gier,62,41.9,53.2,54.8,59.7,61.3,1.385
fg,AMAT,2,Angst,30,36.7,50.0,53.3,56.7,66.7,1.603
fg,AMAT,2,neutral,5,40.0,60.0,60.0,60.0,80.0,1.272
fg,AMAT,2,Gier,16,50.0,50.0,56.2,62.5,62.5,1.26
fg,AMAT,3+,Angst,25,28.0,32.0,36.0,48.0,56.0,2.671
fg,AMAT,3+,neutral,1,0.0,0.0,0.0,0.0,0.0,4.752
fg,AMAT,3+,Gier,3,100.0,100.0,100.0,100.0,100.0,0.0
fg,AMD,1,Angst,42,33.3,42.9,52.4,66.7,73.8,1.924
fg,AMD,1,neutral,12,33.3,33.3,33.3,33.3,58.3,2.645
fg,AMD,1,Gier,57,42.1,50.9,54.4,61.4,70.2,1.398
fg,AMD,2,Angst,17,29.4,58.8,64.7,64.7,82.4,1.384
fg,AMD,2,neutral,7,28.6,28.6,28.6,42.9,42.9,4.37
fg,AMD,2,Gier,16,18.8,37.5,43.8,50.0,62.5,2.45
fg,AMD,3+,Angst,28,46.4,50.0,53.6,64.3,71.4,1.405
fg,AMD,3+,neutral,7,28.6,42.9,57.1,71.4,71.4,1.576
fg,AMD,3+,Gier,6,50.0,50.0,50.0,83.3,83.3,1.627
fg,AMGN,1,Angst,37,48.6,48.6,59.5,64.9,67.6,1.507
fg,AMGN,1,neutral,20,25.0,35.0,40.0,45.0,55.0,2.852
fg,AMGN,1,Gier,40,25.0,32.5,42.5,50.0,52.5,2.649
fg,AMGN,2,Angst,15,60.0,60.0,60.0,60.0,66.7,0.345
fg,AMGN,2,neutral,7,0.0,14.3,14.3,14.3,28.6,3.43
fg,AMGN,2,Gier,14,28.6,35.7,35.7,50.0,50.0,2.793
fg,AMGN,3+,Angst,14,42.9,50.0,57.1,57.1,71.4,1.736
fg,AMGN,3+,neutral,1,0.0,0.0,0.0,0.0,0.0,3.8
fg,AMGN,3+,Gier,21,33.3,52.4,66.7,81.0,81.0,1.498
fg,AMT,1,Angst,38,28.9,44.7,50.0,55.3,57.9,1.892
fg,AMT,1,neutral,19,21.1,31.6,31.6,42.1,47.4,3.235
fg,AMT,1,Gier,37,2.7,8.1,16.2,18.9,24.3,5.469
fg,AMT,2,Angst,19,36.8,47.4,47.4,47.4,52.6,2.73
fg,AMT,2,neutral,3,33.3,33.3,33.3,66.7,66.7,2.473
fg,AMT,2,Gier,19,5.3,10.5,10.5,31.6,36.8,4.757
fg,AMT,3+,Angst,22,45.5,59.1,81.8,90.9,95.5,1.154
fg,AMT,3+,neutral,2,50.0,50.0,50.0,50.0,100.0,1.781
fg,AMT,3+,Gier,20,5.0,5.0,5.0,15.0,65.0,2.744
fg,AMZN,1,Angst,33,42.4,57.6,60.6,60.6,60.6,1.329
fg,AMZN,1,neutral,12,25.0,25.0,33.3,33.3,33.3,5.864
fg,AMZN,1,Gier,63,42.9,49.2,57.1,65.1,69.8,1.525
fg,AMZN,2,Angst,17,47.1,52.9,52.9,52.9,58.8,1.259
fg,AMZN,2,neutral,4,0.0,25.0,25.0,25.0,25.0,5.401
fg,AMZN,2,Gier,18,66.7,66.7,83.3,83.3,83.3,0.332
fg,AMZN,3+,Angst,21,47.6,47.6,52.4,57.1,57.1,1.754
fg,AMZN,3+,neutral,8,37.5,50.0,50.0,50.0,50.0,3.705
fg,AMZN,3+,Gier,6,16.7,50.0,50.0,50.0,66.7,2.114
fg,ANET,1,Angst,41,39.0,43.9,43.9,58.5,70.7,2.205
fg,ANET,1,neutral,19,31.6,36.8,42.1,47.4,47.4,3.018
fg,ANET,1,Gier,60,33.3,41.7,45.0,56.7,66.7,2.175
fg,ANET,2,Angst,21,42.9,61.9,71.4,76.2,85.7,1.186
fg,ANET,2,neutral,6,16.7,16.7,16.7,33.3,66.7,2.772
fg,ANET,2,Gier,10,50.0,60.0,70.0,70.0,90.0,1.107
fg,ANET,3+,Angst,21,23.8,38.1,61.9,71.4,90.5,1.814
fg,ANET,3+,neutral,2,100.0,100.0,100.0,100.0,100.0,0.0
fg,ANET,3+,Gier,4,25.0,25.0,25.0,25.0,25.0,5.269
fg,APH,1,Angst,51,37.3,45.1,47.1,56.9,66.7,2.354
fg,APH,1,neutral,16,12.5,25.0,31.2,37.5,50.0,2.938
fg,APH,1,Gier,66,42.4,47.0,56.1,56.1,59.1,1.83
fg,APH,2,Angst,22,45.5,45.5,59.1,68.2,72.7,1.927
fg,APH,2,neutral,6,33.3,33.3,33.3,33.3,33.3,5.463
fg,APH,2,Gier,14,50.0,71.4,71.4,71.4,71.4,0.896
fg,APH,3+,Angst,19,36.8,42.1,63.2,84.2,84.2,1.615
fg,APH,3+,neutral,1,0.0,0.0,0.0,100.0,100.0,2.411
fg,APH,3+,Gier,3,33.3,66.7,66.7,66.7,100.0,1.236
fg,APP,1,Angst,36,22.2,25.0,33.3,36.1,50.0,3.351
fg,APP,1,neutral,16,18.8,25.0,25.0,31.2,43.8,5.155
fg,APP,1,Gier,44,61.4,65.9,75.0,77.3,79.5,0.536
fg,APP,2,Angst,18,27.8,33.3,44.4,55.6,61.1,2.196
fg,APP,2,neutral,7,0.0,14.3,28.6,28.6,28.6,3.839
fg,APP,2,Gier,11,54.5,54.5,54.5,63.6,63.6,0.0
fg,APP,3+,Angst,21,61.9,61.9,61.9,61.9,61.9,0.325
fg,APP,3+,neutral,2,0.0,0.0,0.0,0.0,0.0,6.417
fg,APP,3+,Gier,2,0.0,50.0,50.0,50.0,100.0,1.958
fg,ARM,1,Angst,15,40.0,46.7,53.3,60.0,60.0,1.965
fg,ARM,1,neutral,6,33.3,66.7,83.3,83.3,83.3,1.172
fg,ARM,1,Gier,17,52.9,64.7,70.6,76.5,82.4,0.861
fg,ARM,2,Angst,9,33.3,33.3,33.3,44.4,55.6,2.811
fg,ARM,2,neutral,2,0.0,50.0,50.0,50.0,50.0,3.089
fg,ARM,2,Gier,3,66.7,66.7,66.7,100.0,100.0,0.503
fg,ARM,3+,Angst,8,37.5,37.5,37.5,37.5,37.5,3.329
fg,ASML,1,Angst,47,51.1,57.4,61.7,63.8,68.1,0.78
fg,ASML,1,neutral,23,34.8,39.1,43.5,47.8,56.5,2.552
fg,ASML,1,Gier,63,38.1,44.4,49.2,54.0,61.9,2.278
fg,ASML,2,Angst,22,40.9,50.0,50.0,54.5,54.5,1.756
fg,ASML,2,neutral,7,0.0,0.0,0.0,14.3,14.3,5.045
fg,ASML,2,Gier,17,29.4,29.4,35.3,47.1,47.1,3.237
fg,ASML,3+,Angst,19,47.4,52.6,57.9,63.2,68.4,1.372
fg,ASML,3+,neutral,4,50.0,75.0,75.0,100.0,100.0,1.013
fg,ASML,3+,Gier,5,60.0,60.0,60.0,60.0,80.0,0.956
fg,AVGO,1,Angst,39,28.2,48.7,61.5,66.7,74.4,1.515
fg,AVGO,1,neutral,21,61.9,71.4,71.4,71.4,71.4,0.835
fg,AVGO,1,Gier,65,46.2,53.8,58.5,69.2,73.8,1.307
fg,AVGO,2,Angst,21,38.1,52.4,61.9,66.7,66.7,1.439
fg,AVGO,2,neutral,7,28.6,28.6,42.9,42.9,57.1,2.731
fg,AVGO,2,Gier,16,62.5,68.8,68.8,75.0,75.0,0.807
fg,AVGO,3+,Angst,16,37.5,50.0,75.0,81.2,81.2,1.494
fg,AVGO,3+,neutral,3,100.0,100.0,100.0,100.0,100.0,0.314
fg,AVGO,3+,Gier,5,40.0,80.0,80.0,80.0,80.0,1.116
fg,AXON,1,Angst,44,43.2,52.3,52.3,52.3,63.6,1.329
fg,AXON,1,neutral,16,31.2,37.5,43.8,43.8,43.8,3.865
fg,AXON,1,Gier,47,38.3,42.6,53.2,66.0,74.5,1.886
fg,AXON,2,Angst,21,47.6,52.4,52.4,57.1,61.9,1.173
fg,AXON,2,neutral,5,40.0,40.0,60.0,60.0,60.0,1.934
fg,AXON,2,Gier,14,50.0,57.1,71.4,78.6,78.6,1.147
fg,AXON,3+,Angst,14,71.4,71.4,71.4,85.7,92.9,0.563
fg,AXON,3+,neutral,4,75.0,75.0,75.0,75.0,75.0,0.353
fg,AXON,3+,Gier,7,57.1,71.4,71.4,85.7,85.7,0.191
fg,AXP,1,Angst,44,36.4,45.5,52.3,65.9,70.5,1.872
fg,AXP,1,neutral,21,28.6,38.1,52.4,52.4,57.1,1.938
fg,AXP,1,Gier,61,41.0,50.8,54.1,63.9,63.9,1.426
fg,AXP,2,Angst,22,45.5,50.0,68.2,72.7,77.3,1.446
fg,AXP,2,neutral,7,42.9,71.4,71.4,71.4,71.4,1.33
fg,AXP,2,Gier,18,44.4,55.6,61.1,61.1,66.7,1.301
fg,AXP,3+,Angst,21,47.6,52.4,71.4,81.0,81.0,1.007
fg,AXP,3+,neutral,3,66.7,66.7,66.7,66.7,66.7,0.0
fg,AXP,3+,Gier,5,40.0,40.0,60.0,60.0,60.0,1.974
fg,AZN,1,Angst,59,40.7,49.2,50.8,52.5,57.6,1.584
fg,AZN,1,neutral,21,38.1,42.9,47.6,57.1,61.9,2.1
fg,AZN,1,Gier,53,13.2,18.9,22.6,37.7,39.6,5.11
fg,AZN,2,Angst,19,36.8,36.8,47.4,57.9,57.9,2.062
fg,AZN,2,neutral,9,44.4,44.4,44.4,44.4,44.4,4.001
fg,AZN,2,Gier,15,6.7,6.7,13.3,26.7,40.0,4.919
fg,AZN,3+,Angst,12,50.0,66.7,66.7,75.0,83.3,0.748
fg,AZN,3+,neutral,6,66.7,66.7,66.7,66.7,66.7,0.55
fg,AZN,3+,Gier,14,35.7,35.7,50.0,64.3,71.4,2.01
fg,BA,3+,Gier,3,0.0,0.0,0.0,33.3,33.3,25.26
fg,BABA,1,Angst,36,30.6,36.1,41.7,52.8,52.8,2.407
fg,BABA,1,neutral,17,17.6,23.5,29.4,29.4,35.3,3.601
fg,BABA,1,Gier,59,35.6,37.3,42.4,45.8,52.5,2.9
fg,BABA,2,Angst,23,26.1,26.1,30.4,34.8,43.5,3.876
fg,BABA,2,neutral,6,50.0,66.7,83.3,83.3,83.3,0.578
fg,BABA,2,Gier,22,36.4,40.9,40.9,40.9,50.0,3.026
fg,BABA,3+,Angst,37,32.4,37.8,40.5,45.9,48.6,3.782
fg,BABA,3+,neutral,8,37.5,50.0,50.0,50.0,62.5,1.885
fg,BABA,3+,Gier,12,41.7,41.7,58.3,75.0,75.0,1.578
fg,BAC,1,Angst,45,33.3,42.2,48.9,55.6,57.8,2.137
fg,BAC,1,neutral,21,28.6,28.6,33.3,38.1,42.9,3.414
fg,BAC,1,Gier,55,30.9,36.4,43.6,50.9,54.5,2.201
fg,BAC,2,Angst,22,40.9,54.5,59.1,68.2,72.7,1.458
fg,BAC,2,neutral,7,42.9,42.9,57.1,57.1,57.1,1.746
fg,BAC,2,Gier,14,42.9,42.9,42.9,50.0,50.0,2.695
fg,BAC,3+,Angst,25,52.0,60.0,60.0,64.0,64.0,0.888
fg,BAC,3+,neutral,4,0.0,0.0,25.0,25.0,25.0,4.511
fg,BAC,3+,Gier,2,0.0,0.0,0.0,0.0,0.0,5.38
fg,BBVA,1,Angst,66,48.5,57.6,59.1,62.1,63.6,1.19
fg,BBVA,1,neutral,27,22.2,33.3,37.0,48.1,51.9,2.842
fg,BBVA,1,Gier,72,31.9,44.4,50.0,50.0,61.1,2.169
fg,BBVA,2,Angst,22,59.1,63.6,68.2,72.7,86.4,0.19
fg,BBVA,2,neutral,7,28.6,42.9,42.9,57.1,57.1,2.471
fg,BBVA,2,Gier,20,40.0,50.0,50.0,50.0,60.0,1.887
fg,BBVA,3+,Angst,19,73.7,73.7,78.9,89.5,89.5,0.017
fg,BBVA,3+,neutral,3,66.7,66.7,66.7,66.7,66.7,0.684
fg,BBVA,3+,Gier,9,44.4,55.6,55.6,66.7,77.8,1.313
fg,BHP,1,Angst,45,42.2,51.1,62.2,66.7,71.1,1.47
fg,BHP,1,neutral,36,36.1,36.1,41.7,50.0,61.1,2.519
fg,BHP,1,Gier,67,20.9,25.4,37.3,43.3,50.7,2.969
fg,BHP,2,Angst,25,44.0,48.0,60.0,64.0,68.0,1.597
fg,BHP,2,neutral,3,0.0,0.0,0.0,0.0,0.0,4.245
fg,BHP,2,Gier,27,37.0,40.7,48.1,51.9,63.0,2.086
fg,BHP,3+,Angst,25,36.0,40.0,48.0,52.0,64.0,2.376
fg,BHP,3+,neutral,2,50.0,50.0,50.0,50.0,50.0,10.099
fg,BHP,3+,Gier,15,20.0,20.0,33.3,40.0,60.0,2.643
fg,BIIB,1,Angst,32,28.1,37.5,40.6,53.1,65.6,2.337
fg,BIIB,1,neutral,9,44.4,44.4,44.4,66.7,66.7,2.014
fg,BIIB,1,Gier,32,18.8,31.2,34.4,37.5,37.5,3.746
fg,BIIB,2,Angst,18,38.9,38.9,44.4,61.1,61.1,2.271
fg,BIIB,2,neutral,3,33.3,33.3,33.3,66.7,66.7,2.429
fg,BIIB,2,Gier,10,20.0,30.0,40.0,40.0,40.0,4.508
fg,BIIB,3+,Angst,18,5.6,5.6,16.7,27.8,44.4,3.24
fg,BIIB,3+,neutral,5,0.0,0.0,0.0,0.0,20.0,5.442
fg,BIIB,3+,Gier,15,0.0,0.0,0.0,6.7,6.7,5.263
fg,BKNG,1,Angst,40,35.0,37.5,37.5,42.5,47.5,3.083
fg,BKNG,1,neutral,24,12.5,29.2,29.2,29.2,33.3,5.417
fg,BKNG,1,Gier,59,44.1,50.8,55.9,57.6,62.7,1.389
fg,BKNG,2,Angst,29,41.4,41.4,44.8,62.1,65.5,2.182
fg,BKNG,2,neutral,3,33.3,33.3,33.3,33.3,33.3,3.713
fg,BKNG,2,Gier,16,43.8,50.0,50.0,62.5,75.0,1.779
fg,BKNG,3+,Angst,20,45.0,70.0,80.0,85.0,85.0,1.168
fg,BKNG,3+,neutral,4,25.0,25.0,25.0,25.0,25.0,4.029
fg,BKNG,3+,Gier,5,60.0,80.0,80.0,80.0,80.0,0.709
fg,BKR,1,Angst,46,41.3,50.0,60.9,67.4,73.9,1.541
fg,BKR,1,neutral,17,23.5,35.3,35.3,41.2,52.9,2.798
fg,BKR,1,Gier,43,34.9,37.2,44.2,48.8,55.8,2.591
fg,BKR,2,Angst,18,44.4,61.1,61.1,61.1,66.7,1.174
fg,BKR,2,neutral,5,40.0,40.0,40.0,40.0,40.0,5.584
fg,BKR,2,Gier,14,35.7,35.7,42.9,50.0,71.4,2.317
fg,BKR,3+,Angst,19,31.6,42.1,42.1,52.6,57.9,2.244
fg,BKR,3+,neutral,3,100.0,100.0,100.0,100.0,100.0,0.0
fg,BKR,3+,Gier,9,22.2,22.2,22.2,44.4,55.6,2.518
fg,BLK,1,Angst,45,53.3,57.8,60.0,62.2,62.2,0.917
fg,BLK,1,neutral,23,39.1,47.8,56.5,60.9,60.9,1.776
fg,BLK,1,Gier,59,35.6,44.1,45.8,49.2,52.5,2.67
fg,BLK,2,Angst,22,45.5,54.5,54.5,59.1,59.1,1.28
fg,BLK,2,neutral,6,16.7,33.3,33.3,33.3,33.3,3.345
fg,BLK,2,Gier,15,26.7,40.0,40.0,40.0,53.3,2.826
fg,BLK,3+,Angst,27,44.4,48.1,48.1,55.6,59.3,2.075
fg,BLK,3+,neutral,5,20.0,20.0,20.0,20.0,20.0,5.517
fg,BLK,3+,Gier,5,20.0,40.0,40.0,40.0,40.0,3.379
fg,BMO,1,Angst,38,39.5,50.0,52.6,63.2,65.8,1.591
fg,BMO,1,neutral,24,33.3,37.5,45.8,50.0,50.0,2.643
fg,BMO,1,Gier,63,30.2,44.4,47.6,49.2,55.6,2.645
fg,BMO,2,Angst,19,31.6,47.4,52.6,52.6,57.9,1.744
fg,BMO,2,neutral,8,25.0,50.0,50.0,50.0,50.0,2.388
fg,BMO,2,Gier,15,66.7,66.7,66.7,66.7,73.3,0.203
fg,BMO,3+,Angst,28,39.3,46.4,57.1,64.3,71.4,1.591
fg,BMO,3+,neutral,6,16.7,16.7,16.7,16.7,16.7,5.127
fg,BMO,3+,Gier,2,50.0,50.0,50.0,100.0,100.0,1.155
fg,BMY,1,Angst,46,43.5,47.8,52.2,63.0,65.2,1.736
fg,BMY,1,neutral,22,45.5,50.0,54.5,59.1,63.6,1.467
fg,BMY,1,Gier,40,22.5,22.5,25.0,42.5,47.5,3.117
fg,BMY,2,Angst,23,39.1,47.8,52.2,56.5,56.5,1.546
fg,BMY,2,neutral,6,50.0,66.7,66.7,66.7,66.7,0.928
fg,BMY,2,Gier,16,18.8,31.2,31.2,37.5,56.2,2.856
fg,BMY,3+,Angst,19,21.1,31.6,42.1,42.1,47.4,3.076
fg,BMY,3+,neutral,5,80.0,100.0,100.0,100.0,100.0,0.184
fg,BMY,3+,Gier,14,35.7,35.7,35.7,50.0,57.1,2.607
fg,BNS,1,Angst,37,56.8,59.5,59.5,64.9,67.6,0.506
fg,BNS,1,neutral,19,31.6,31.6,36.8,36.8,36.8,4.353
fg,BNS,1,Gier,69,34.8,43.5,50.7,58.0,60.9,1.892
fg,BNS,2,Angst,16,31.2,43.8,43.8,56.2,62.5,2.369
fg,BNS,2,neutral,7,14.3,57.1,57.1,57.1,71.4,1.343
fg,BNS,2,Gier,16,31.2,43.8,50.0,50.0,62.5,2.203
fg,BNS,3+,Angst,29,37.9,41.4,44.8,51.7,62.1,2.336
fg,BNS,3+,neutral,5,60.0,60.0,60.0,60.0,60.0,0.063
fg,BNS,3+,Gier,5,40.0,40.0,40.0,40.0,60.0,2.599
fg,BNY,1,Angst,49,46.9,49.0,57.1,59.2,65.3,1.51
fg,BNY,1,neutral,17,52.9,64.7,64.7,76.5,76.5,0.953
fg,BNY,1,Gier,74,40.5,44.6,45.9,54.1,59.5,2.139
fg,BNY,2,Angst,20,50.0,60.0,60.0,75.0,80.0,0.882
fg,BNY,2,neutral,9,11.1,33.3,55.6,55.6,55.6,1.67
fg,BNY,2,Gier,14,42.9,42.9,57.1,57.1,71.4,1.702
fg,BNY,3+,Angst,19,47.4,57.9,63.2,63.2,73.7,1.219
fg,BNY,3+,neutral,3,100.0,100.0,100.0,100.0,100.0,0.084
fg,BNY,3+,Gier,5,60.0,60.0,60.0,100.0,100.0,0.877
fg,BP,1,Angst,51,25.5,35.3,41.2,45.1,47.1,3.821
fg,BP,1,neutral,27,29.6,40.7,55.6,59.3,63.0,1.871
fg,BP,1,Gier,58,32.8,39.7,48.3,53.4,53.4,2.045
fg,BP,2,Angst,24,33.3,41.7,45.8,45.8,50.0,2.812
fg,BP,2,neutral,6,33.3,33.3,33.3,66.7,66.7,2.157
fg,BP,2,Gier,13,30.8,38.5,38.5,46.2,53.8,2.558
fg,BP,3+,Angst,23,60.9,65.2,65.2,69.6,78.3,0.196
fg,BP,3+,neutral,4,0.0,0.0,0.0,0.0,0.0,6.152
fg,BP,3+,Gier,16,25.0,37.5,43.8,43.8,50.0,3.136
fg,BRK-B,1,Angst,46,52.2,54.3,65.2,71.7,73.9,0.943
fg,BRK-B,1,neutral,23,47.8,60.9,60.9,73.9,73.9,1.045
fg,BRK-B,1,Gier,60,38.3,45.0,51.7,60.0,63.3,1.849
fg,BRK-B,2,Angst,18,66.7,66.7,66.7,72.2,83.3,0.567
fg,BRK-B,2,neutral,2,0.0,0.0,0.0,50.0,50.0,6.899
fg,BRK-B,2,Gier,11,45.5,45.5,63.6,72.7,72.7,1.626
fg,BRK-B,3+,Angst,22,54.5,59.1,63.6,63.6,81.8,0.398
fg,BRK-B,3+,Gier,8,25.0,37.5,37.5,37.5,37.5,4.184
fg,BTC-USD,1,Angst,29,55.2,58.6,58.6,58.6,58.6,0.507
fg,BTC-USD,1,neutral,15,26.7,33.3,33.3,40.0,40.0,3.937
fg,BTC-USD,1,Gier,55,29.1,40.0,45.5,47.3,60.0,2.63
fg,BTC-USD,2,Angst,15,20.0,33.3,40.0,46.7,53.3,2.844
fg,BTC-USD,2,neutral,3,33.3,33.3,66.7,66.7,66.7,1.655
fg,BTC-USD,2,Gier,20,20.0,35.0,45.0,45.0,50.0,2.774
fg,BTC-USD,3+,Angst,15,66.7,73.3,73.3,73.3,73.3,0.0
fg,BTC-USD,3+,neutral,6,33.3,33.3,50.0,66.7,66.7,1.925
fg,BTC-USD,3+,Gier,8,62.5,62.5,62.5,62.5,62.5,0.756
fg,BTI,1,Angst,49,30.6,32.7,32.7,38.8,44.9,3.081
fg,BTI,1,neutral,20,25.0,25.0,40.0,50.0,50.0,2.782
fg,BTI,1,Gier,60,35.0,36.7,40.0,41.7,46.7,3.256
fg,BTI,2,Angst,25,24.0,28.0,36.0,56.0,64.0,2.401
fg,BTI,2,neutral,8,12.5,37.5,50.0,50.0,50.0,2.638
fg,BTI,2,Gier,17,29.4,35.3,41.2,41.2,41.2,3.188
fg,BTI,3+,Angst,20,35.0,50.0,55.0,55.0,55.0,1.49
fg,BTI,3+,neutral,4,25.0,50.0,50.0,50.0,50.0,3.301
fg,BTI,3+,Gier,17,41.2,52.9,64.7,70.6,76.5,1.136
fg,C,1,Angst,48,29.2,35.4,45.8,50.0,50.0,2.812
fg,C,1,neutral,15,20.0,26.7,33.3,40.0,40.0,3.579
fg,C,1,Gier,63,50.8,54.0,57.1,58.7,61.9,0.985
fg,C,2,Angst,18,44.4,55.6,55.6,61.1,66.7,1.244
fg,C,2,neutral,9,22.2,33.3,44.4,55.6,66.7,2.207
fg,C,2,Gier,8,25.0,25.0,25.0,50.0,50.0,3.02
fg,C,3+,Angst,23,43.5,47.8,52.2,60.9,60.9,1.831
fg,C,3+,neutral,2,50.0,50.0,50.0,50.0,100.0,1.617
fg,C,3+,Gier,5,0.0,20.0,40.0,80.0,80.0,2.363
fg,CAT,1,Angst,32,28.1,34.4,34.4,46.9,56.2,2.724
fg,CAT,1,neutral,22,40.9,50.0,54.5,63.6,63.6,1.6
fg,CAT,1,Gier,60,40.0,48.3,55.0,61.7,63.3,1.587
fg,CAT,2,Angst,24,29.2,41.7,50.0,54.2,58.3,1.962
fg,CAT,2,neutral,3,0.0,0.0,0.0,0.0,0.0,8.576
fg,CAT,2,Gier,12,41.7,50.0,50.0,50.0,58.3,2.056
fg,CAT,3+,Angst,17,47.1,58.8,64.7,70.6,70.6,1.049
fg,CAT,3+,neutral,1,0.0,0.0,0.0,0.0,0.0,8.717
fg,CAT,3+,Gier,3,33.3,33.3,33.3,66.7,66.7,2.234
fg,CB,1,Angst,52,38.5,44.2,50.0,59.6,71.2,1.991
fg,CB,1,neutral,16,43.8,43.8,62.5,62.5,75.0,1.703
fg,CB,1,Gier,44,36.4,45.5,56.8,61.4,72.7,1.627
fg,CB,2,Angst,22,45.5,54.5,77.3,77.3,81.8,1.349
fg,CB,2,neutral,7,14.3,14.3,42.9,57.1,57.1,2.072
fg,CB,2,Gier,16,50.0,50.0,56.2,56.2,68.8,1.296
fg,CB,3+,Angst,9,55.6,66.7,66.7,66.7,77.8,0.764
fg,CB,3+,neutral,5,100.0,100.0,100.0,100.0,100.0,0.0
fg,CB,3+,Gier,5,40.0,60.0,80.0,80.0,80.0,1.038
fg,CCEP,1,Angst,42,38.1,50.0,52.4,59.5,64.3,1.486
fg,CCEP,1,neutral,21,38.1,42.9,47.6,57.1,66.7,2.254
fg,CCEP,1,Gier,55,40.0,45.5,54.5,60.0,60.0,1.589
fg,CCEP,2,Angst,20,30.0,35.0,35.0,40.0,55.0,2.933
fg,CCEP,2,neutral,6,33.3,33.3,33.3,50.0,50.0,3.599
fg,CCEP,2,Gier,17,23.5,29.4,41.2,47.1,47.1,3.081
fg,CCEP,3+,Angst,22,68.2,68.2,68.2,77.3,77.3,0.021
fg,CCEP,3+,neutral,4,75.0,75.0,75.0,100.0,100.0,0.752
fg,CCEP,3+,Gier,9,33.3,66.7,77.8,77.8,77.8,1.481
fg,CDNS,1,Angst,47,48.9,57.4,59.6,61.7,68.1,1.217
fg,CDNS,1,neutral,26,15.4,15.4,19.2,26.9,26.9,4.159
fg,CDNS,1,Gier,67,29.9,35.8,38.8,46.3,52.2,2.942
fg,CDNS,2,Angst,20,55.0,60.0,60.0,65.0,65.0,0.841
fg,CDNS,2,neutral,11,18.2,18.2,18.2,18.2,27.3,5.361
fg,CDNS,2,Gier,14,35.7,50.0,57.1,71.4,78.6,1.51
fg,CDNS,3+,Angst,19,47.4,52.6,73.7,73.7,78.9,1.121
fg,CDNS,3+,neutral,2,0.0,0.0,0.0,0.0,0.0,5.688
fg,CDNS,3+,Gier,7,57.1,57.1,57.1,71.4,71.4,0.761
fg,CDW,1,Angst,42,31.0,33.3,42.9,52.4,54.8,2.454
fg,CDW,1,neutral,12,41.7,50.0,50.0,50.0,50.0,2.663
fg,CDW,1,Gier,53,18.9,24.5,37.7,41.5,41.5,4.253
fg,CDW,2,Angst,25,28.0,48.0,52.0,52.0,56.0,1.73
fg,CDW,2,neutral,7,42.9,42.9,42.9,42.9,42.9,5.084
fg,CDW,2,Gier,12,33.3,50.0,50.0,58.3,66.7,1.554
fg,CDW,3+,Angst,21,28.6,33.3,42.9,47.6,66.7,2.677
fg,CDW,3+,neutral,6,16.7,16.7,16.7,16.7,50.0,3.05
fg,CDW,3+,Gier,6,16.7,50.0,66.7,66.7,100.0,1.53
fg,CEG,1,Angst,30,36.7,36.7,40.0,50.0,63.3,2.45
fg,CEG,1,neutral,10,40.0,50.0,60.0,60.0,90.0,1.565
fg,CEG,1,Gier,33,54.5,63.6,66.7,75.8,78.8,0.731
fg,CEG,2,Angst,14,57.1,71.4,71.4,78.6,78.6,0.414
fg,CEG,2,neutral,5,20.0,20.0,20.0,40.0,40.0,3.082
fg,CEG,2,Gier,6,66.7,66.7,83.3,83.3,83.3,0.451
fg,CEG,3+,Angst,11,18.2,36.4,45.5,54.5,63.6,2.35
fg,CEG,3+,neutral,1,100.0,100.0,100.0,100.0,100.0,0.146
fg,CEG,3+,Gier,6,33.3,33.3,50.0,50.0,66.7,2.216
fg,CHTR,1,Angst,31,38.7,51.6,58.1,61.3,64.5,1.44
fg,CHTR,1,neutral,17,41.2,52.9,58.8,70.6,70.6,1.442
fg,CHTR,1,Gier,40,27.5,32.5,40.0,42.5,45.0,3.377
fg,CHTR,2,Angst,14,42.9,50.0,50.0,50.0,50.0,2.262
fg,CHTR,2,neutral,6,50.0,50.0,50.0,66.7,66.7,1.047
fg,CHTR,2,Gier,11,18.2,18.2,36.4,45.5,72.7,2.968
fg,CHTR,3+,Angst,22,22.7,22.7,31.8,50.0,50.0,4.083
fg,CHTR,3+,neutral,7,14.3,14.3,14.3,42.9,42.9,3.019
fg,CHTR,3+,Gier,11,9.1,9.1,18.2,18.2,27.3,6.314
fg,CL,1,Angst,40,35.0,45.0,45.0,52.5,57.5,2.155
fg,CL,1,neutral,16,62.5,62.5,62.5,68.8,68.8,0.556
fg,CL,1,Gier,59,28.8,39.0,49.2,55.9,61.0,2.026
fg,CL,2,Angst,17,29.4,29.4,35.3,41.2,52.9,2.752
fg,CL,2,neutral,6,50.0,50.0,50.0,50.0,66.7,1.319
fg,CL,2,Gier,13,7.7,23.1,30.8,38.5,38.5,4.688
fg,CL,3+,Angst,29,58.6,69.0,75.9,79.3,82.8,0.839
fg,CL,3+,neutral,4,50.0,50.0,75.0,75.0,75.0,0.944
fg,CL,3+,Gier,11,18.2,18.2,27.3,27.3,45.5,4.502
fg,CM,1,Angst,43,48.8,51.2,53.5,55.8,62.8,1.213
fg,CM,1,neutral,17,52.9,52.9,58.8,58.8,58.8,0.75
fg,CM,1,Gier,56,50.0,58.9,58.9,64.3,67.9,1.034
fg,CM,2,Angst,18,44.4,44.4,44.4,61.1,61.1,2.163
fg,CM,2,neutral,6,50.0,66.7,66.7,66.7,66.7,0.782
fg,CM,2,Gier,11,36.4,45.5,63.6,63.6,63.6,1.641
fg,CM,3+,Angst,22,54.5,63.6,63.6,72.7,77.3,0.959
fg,CM,3+,neutral,2,50.0,50.0,50.0,50.0,50.0,4.676
fg,CM,3+,Gier,4,25.0,50.0,50.0,50.0,75.0,2.195
fg,CMCSA,1,Angst,23,30.4,34.8,34.8,39.1,39.1,5.227
fg,CMCSA,1,neutral,21,33.3,42.9,61.9,66.7,71.4,1.588
fg,CMCSA,1,Gier,44,38.6,43.2,47.7,54.5,56.8,2.237
fg,CMCSA,2,Angst,15,33.3,33.3,33.3,33.3,33.3,4.234
fg,CMCSA,2,neutral,5,20.0,20.0,20.0,20.0,20.0,7.982
fg,CMCSA,2,Gier,13,30.8,38.5,46.2,61.5,61.5,2.347
fg,CMCSA,3+,Angst,26,23.1,26.9,34.6,34.6,34.6,4.84
fg,CMCSA,3+,neutral,3,0.0,0.0,0.0,33.3,33.3,5.554
fg,CMCSA,3+,Gier,6,0.0,0.0,16.7,16.7,16.7,4.719
fg,CNQ,1,Angst,47,31.9,48.9,55.3,61.7,68.1,1.533
fg,CNQ,1,neutral,21,28.6,38.1,42.9,42.9,57.1,2.856
fg,CNQ,1,Gier,66,34.8,34.8,37.9,43.9,50.0,3.014
fg,CNQ,2,Angst,24,50.0,58.3,62.5,70.8,75.0,1.0
fg,CNQ,2,neutral,4,25.0,25.0,50.0,50.0,75.0,2.37
fg,CNQ,2,Gier,18,22.2,27.8,33.3,55.6,61.1,2.383
fg,CNQ,3+,Angst,18,55.6,55.6,66.7,66.7,77.8,0.362
fg,CNQ,3+,neutral,2,0.0,50.0,50.0,50.0,50.0,4.56
fg,CNQ,3+,Gier,6,33.3,50.0,66.7,83.3,83.3,1.493
fg,COF,1,Angst,38,23.7,39.5,47.4,52.6,65.8,2.174
fg,COF,1,neutral,16,37.5,37.5,37.5,43.8,56.2,2.726
fg,COF,1,Gier,57,42.1,43.9,50.9,61.4,70.2,1.817
fg,COF,2,Angst,17,41.2,47.1,58.8,70.6,76.5,1.556
fg,COF,2,neutral,9,33.3,44.4,44.4,44.4,55.6,2.524
fg,COF,2,Gier,18,16.7,33.3,44.4,50.0,61.1,2.518
fg,COF,3+,Angst,24,41.7,45.8,50.0,70.8,75.0,1.793
fg,COF,3+,neutral,5,40.0,40.0,40.0,60.0,60.0,2.231
fg,COF,3+,Gier,6,0.0,33.3,33.3,50.0,50.0,3.054
fg,COP,1,Angst,48,31.2,41.7,47.9,50.0,60.4,2.477
fg,COP,1,neutral,18,11.1,22.2,27.8,33.3,50.0,3.071
fg,COP,1,Gier,44,45.5,47.7,50.0,54.5,59.1,1.824
fg,COP,2,Angst,25,48.0,52.0,60.0,64.0,80.0,1.47
fg,COP,2,neutral,7,42.9,42.9,42.9,42.9,42.9,4.113
fg,COP,2,Gier,14,21.4,21.4,35.7,35.7,42.9,3.26
fg,COP,3+,Angst,16,37.5,37.5,37.5,43.8,56.2,2.658
fg,COP,3+,neutral,5,20.0,20.0,20.0,20.0,20.0,4.016
fg,COP,3+,Gier,8,0.0,0.0,25.0,25.0,25.0,3.623
fg,COST,1,Angst,46,54.3,54.3,67.4,69.6,71.7,0.734
fg,COST,1,neutral,22,40.9,50.0,59.1,63.6,72.7,1.438
fg,COST,1,Gier,50,36.0,44.0,44.0,54.0,64.0,2.261
fg,COST,2,Angst,13,38.5,53.8,69.2,69.2,69.2,1.483
fg,COST,2,neutral,6,16.7,50.0,50.0,50.0,50.0,2.631
fg,COST,2,Gier,14,35.7,35.7,35.7,42.9,42.9,3.95
fg,COST,3+,Angst,13,61.5,69.2,69.2,69.2,69.2,0.602
fg,COST,3+,neutral,3,66.7,66.7,66.7,66.7,66.7,0.0
fg,COST,3+,Gier,9,33.3,44.4,55.6,55.6,55.6,1.63
fg,CPRT,1,Angst,45,46.7,53.3,62.2,66.7,66.7,1.258
fg,CPRT,1,neutral,20,50.0,50.0,60.0,60.0,65.0,1.093
fg,CPRT,1,Gier,55,36.4,36.4,40.0,52.7,54.5,2.357
fg,CPRT,2,Angst,19,42.1,57.9,57.9,57.9,63.2,1.247
fg,CPRT,2,neutral,7,42.9,42.9,42.9,42.9,57.1,2.698
fg,CPRT,2,Gier,11,45.5,45.5,54.5,54.5,54.5,1.528
fg,CPRT,3+,Angst,26,34.6,38.5,42.3,50.0,61.5,2.502
fg,CPRT,3+,neutral,2,0.0,0.0,0.0,50.0,50.0,5.094
fg,CPRT,3+,Gier,3,33.3,33.3,33.3,33.3,100.0,2.672
fg,CRM,1,Angst,34,38.2,47.1,55.9,64.7,67.6,1.559
fg,CRM,1,neutral,14,14.3,14.3,35.7,35.7,42.9,4.522
fg,CRM,1,Gier,49,32.7,42.9,49.0,53.1,59.2,2.336
fg,CRM,2,Angst,16,25.0,25.0,31.2,31.2,37.5,4.883
fg,CRM,2,neutral,5,40.0,40.0,40.0,40.0,40.0,4.144
fg,CRM,2,Gier,14,35.7,57.1,57.1,57.1,78.6,1.452
fg,CRM,3+,Angst,34,29.4,38.2,47.1,50.0,50.0,2.825
fg,CRM,3+,neutral,5,0.0,0.0,40.0,80.0,80.0,2.484
fg,CRM,3+,Gier,8,50.0,50.0,50.0,62.5,75.0,1.421
fg,CRWD,1,Angst,43,34.9,37.2,44.2,62.8,69.8,2.225
fg,CRWD,1,neutral,17,41.2,47.1,52.9,58.8,64.7,1.945
fg,CRWD,1,Gier,48,62.5,68.8,75.0,79.2,83.3,0.36
fg,CRWD,2,Angst,14,71.4,71.4,78.6,85.7,92.9,0.0
fg,CRWD,2,neutral,4,25.0,25.0,25.0,25.0,75.0,2.612
fg,CRWD,2,Gier,11,54.5,54.5,63.6,63.6,72.7,0.633
fg,CRWD,3+,Angst,7,42.9,57.1,57.1,71.4,85.7,1.412
fg,CRWD,3+,neutral,8,37.5,37.5,37.5,50.0,87.5,2.503
fg,CRWD,3+,Gier,7,28.6,42.9,57.1,57.1,57.1,1.998
fg,CSCO,1,Angst,40,45.0,55.0,60.0,67.5,70.0,1.369
fg,CSCO,1,neutral,15,26.7,46.7,66.7,66.7,73.3,1.687
fg,CSCO,1,Gier,44,56.8,63.6,75.0,77.3,77.3,0.724
fg,CSCO,2,Angst,13,38.5,53.8,53.8,53.8,61.5,1.222
fg,CSCO,2,neutral,5,80.0,80.0,80.0,100.0,100.0,0.676
fg,CSCO,2,Gier,11,63.6,72.7,72.7,81.8,81.8,0.466
fg,CSCO,3+,Angst,19,47.4,47.4,57.9,63.2,63.2,1.79
fg,CSCO,3+,neutral,1,100.0,100.0,100.0,100.0,100.0,0.631
fg,CSCO,3+,Gier,2,0.0,0.0,0.0,0.0,0.0,8.605
fg,CSGP,1,Angst,33,36.4,48.5,60.6,72.7,75.8,1.526
fg,CSGP,1,neutral,13,30.8,30.8,30.8,30.8,30.8,5.248
fg,CSGP,1,Gier,38,21.1,31.6,39.5,50.0,52.6,2.64
fg,CSGP,2,Angst,17,47.1,64.7,64.7,64.7,64.7,1.139
fg,CSGP,2,neutral,7,57.1,57.1,57.1,57.1,57.1,0.0
fg,CSGP,2,Gier,19,21.1,31.6,31.6,36.8,42.1,4.33
fg,CSGP,3+,Angst,20,25.0,25.0,25.0,30.0,35.0,4.346
fg,CSGP,3+,neutral,4,0.0,0.0,0.0,0.0,25.0,6.508
fg,CSGP,3+,Gier,10,30.0,30.0,30.0,30.0,30.0,3.852
fg,CSX,1,Angst,42,31.0,40.5,42.9,52.4,61.9,2.378
fg,CSX,1,neutral,16,43.8,50.0,68.8,75.0,87.5,1.445
fg,CSX,1,Gier,68,41.2,45.6,57.4,61.8,63.2,1.857
fg,CSX,2,Angst,19,26.3,47.4,63.2,73.7,84.2,1.677
fg,CSX,2,neutral,6,33.3,33.3,50.0,50.0,66.7,2.351
fg,CSX,2,Gier,19,36.8,42.1,63.2,63.2,63.2,1.813
fg,CSX,3+,Angst,27,44.4,59.3,63.0,66.7,66.7,1.129
fg,CSX,3+,neutral,3,33.3,33.3,66.7,66.7,66.7,1.576
fg,CSX,3+,Gier,5,20.0,20.0,20.0,40.0,60.0,2.645
fg,CTAS,1,Angst,50,40.0,52.0,60.0,64.0,76.0,1.271
fg,CTAS,1,neutral,20,40.0,40.0,40.0,50.0,50.0,2.787
fg,CTAS,1,Gier,57,40.4,47.4,49.1,50.9,59.6,2.464
fg,CTAS,2,Angst,24,54.2,79.2,83.3,83.3,83.3,0.867
fg,CTAS,2,neutral,7,42.9,42.9,42.9,42.9,42.9,3.378
fg,CTAS,2,Gier,9,66.7,66.7,66.7,66.7,66.7,0.216
fg,CTAS,3+,Angst,12,50.0,66.7,75.0,75.0,75.0,1.005
fg,CTAS,3+,neutral,1,0.0,0.0,0.0,0.0,0.0,3.333
fg,CTAS,3+,Gier,11,45.5,54.5,54.5,63.6,63.6,1.151
fg,CTSH,1,Angst,35,25.7,31.4,34.3,34.3,40.0,4.716
fg,CTSH,1,neutral,18,27.8,27.8,27.8,38.9,38.9,4.486
fg,CTSH,1,Gier,39,33.3,41.0,46.2,51.3,53.8,2.31
fg,CTSH,2,Angst,23,26.1,26.1,30.4,43.5,47.8,3.203
fg,CTSH,2,neutral,5,40.0,40.0,40.0,40.0,40.0,7.433
fg,CTSH,2,Gier,15,13.3,40.0,46.7,46.7,46.7,3.945
fg,CTSH,3+,Angst,34,29.4,38.2,44.1,55.9,61.8,2.308
fg,CTSH,3+,neutral,3,0.0,0.0,0.0,0.0,0.0,7.499
fg,CTSH,3+,Gier,7,14.3,14.3,14.3,14.3,14.3,5.676
fg,CVS,1,Angst,43,41.9,55.8,60.5,74.4,76.7,1.285
fg,CVS,1,neutral,27,29.6,48.1,51.9,55.6,70.4,1.76
fg,CVS,1,Gier,50,26.0,34.0,38.0,44.0,50.0,3.036
fg,CVS,2,Angst,14,50.0,57.1,64.3,78.6,78.6,0.972
fg,CVS,2,neutral,9,44.4,44.4,44.4,44.4,55.6,2.612
fg,CVS,2,Gier,17,35.3,47.1,47.1,52.9,52.9,2.339
fg,CVS,3+,Angst,26,53.8,57.7,61.5,61.5,69.2,0.598
fg,CVS,3+,neutral,4,50.0,50.0,50.0,50.0,50.0,2.019
fg,CVS,3+,Gier,7,42.9,42.9,42.9,42.9,42.9,4.886
fg,CVX,1,Angst,41,39.0,46.3,51.2,53.7,56.1,1.732
fg,CVX,1,neutral,16,18.8,18.8,25.0,37.5,37.5,3.929
fg,CVX,1,Gier,42,33.3,35.7,42.9,50.0,57.1,2.46
fg,CVX,2,Angst,21,38.1,47.6,47.6,52.4,57.1,2.419
fg,CVX,2,neutral,6,0.0,16.7,16.7,33.3,33.3,5.251
fg,CVX,2,Gier,12,33.3,33.3,33.3,33.3,50.0,3.099
fg,CVX,3+,Angst,15,53.3,73.3,73.3,73.3,80.0,0.641
fg,CVX,3+,neutral,7,0.0,0.0,0.0,14.3,14.3,5.337
fg,CVX,3+,Gier,9,33.3,33.3,44.4,44.4,55.6,2.634
fg,DASH,1,Angst,37,29.7,43.2,51.4,54.1,56.8,1.953
fg,DASH,1,neutral,17,41.2,41.2,52.9,52.9,58.8,1.514
fg,DASH,1,Gier,50,44.0,56.0,64.0,66.0,68.0,1.206
fg,DASH,2,Angst,15,46.7,60.0,66.7,73.3,73.3,1.284
fg,DASH,2,neutral,9,11.1,22.2,33.3,44.4,55.6,2.645
fg,DASH,2,Gier,13,38.5,38.5,53.8,53.8,61.5,1.854
fg,DASH,3+,Angst,25,36.0,44.0,72.0,72.0,80.0,1.677
fg,DASH,3+,neutral,10,30.0,50.0,50.0,60.0,60.0,1.743
fg,DASH,3+,Gier,6,33.3,33.3,33.3,50.0,50.0,2.928
fg,DDOG,1,Angst,35,57.1,62.9,68.6,68.6,71.4,0.79
fg,DDOG,1,neutral,16,25.0,25.0,31.2,31.2,43.8,3.474
fg,DDOG,1,Gier,52,32.7,38.5,48.1,51.9,59.6,2.256
fg,DDOG,2,Angst,12,50.0,58.3,66.7,66.7,66.7,0.908
fg,DDOG,2,neutral,8,12.5,37.5,37.5,37.5,50.0,3.035
fg,DDOG,2,Gier,16,37.5,37.5,62.5,68.8,75.0,1.757
fg,DDOG,3+,Angst,31,32.3,41.9,48.4,48.4,58.1,2.557
fg,DDOG,3+,neutral,4,0.0,0.0,0.0,50.0,75.0,2.506
fg,DDOG,3+,Gier,8,75.0,75.0,87.5,100.0,100.0,0.033
fg,DE,1,Angst,41,36.6,56.1,63.4,70.7,80.5,1.401
fg,DE,1,neutral,16,50.0,50.0,50.0,50.0,62.5,1.501
fg,DE,1,Gier,60,36.7,41.7,53.3,60.0,68.3,1.825
fg,DE,2,Angst,21,42.9,52.4,52.4,66.7,81.0,1.244
fg,DE,2,neutral,5,20.0,20.0,20.0,40.0,40.0,3.179
fg,DE,2,Gier,19,10.5,15.8,21.1,31.6,52.6,2.996
fg,DE,3+,Angst,19,42.1,42.1,52.6,73.7,78.9,1.993
fg,DE,3+,neutral,2,50.0,50.0,100.0,100.0,100.0,1.203
fg,DE,3+,Gier,9,22.2,22.2,44.4,55.6,66.7,2.41
fg,DELL,1,Angst,51,47.1,49.0,49.0,52.9,52.9,2.254
fg,DELL,1,neutral,16,31.2,37.5,56.2,62.5,75.0,1.837
fg,DELL,1,Gier,68,51.5,60.3,64.7,66.2,67.6,0.879
fg,DELL,2,Angst,23,39.1,43.5,52.2,56.5,60.9,1.886
fg,DELL,2,neutral,6,33.3,33.3,33.3,50.0,50.0,3.632
fg,DELL,2,Gier,12,50.0,66.7,66.7,75.0,75.0,0.788
fg,DELL,3+,Angst,18,27.8,33.3,38.9,44.4,44.4,3.222
fg,DELL,3+,neutral,2,50.0,100.0,100.0,100.0,100.0,0.52
fg,DELL,3+,Gier,4,50.0,50.0,50.0,75.0,75.0,1.323
fg,DHR,1,Angst,54,33.3,40.7,40.7,42.6,50.0,3.002
fg,DHR,1,neutral,13,7.7,30.8,30.8,38.5,38.5,4.736
fg,DHR,1,Gier,51,21.6,33.3,37.3,43.1,52.9,2.919
fg,DHR,2,Angst,20,25.0,25.0,40.0,40.0,65.0,2.747
fg,DHR,2,neutral,7,42.9,42.9,42.9,42.9,57.1,2.628
fg,DHR,2,Gier,13,23.1,38.5,38.5,53.8,53.8,2.426
fg,DHR,3+,Angst,15,46.7,60.0,66.7,66.7,73.3,1.142
fg,DHR,3+,neutral,6,66.7,66.7,66.7,66.7,66.7,0.174
fg,DHR,3+,Gier,11,54.5,54.5,54.5,72.7,72.7,0.569
fg,DIS,1,Angst,26,38.5,38.5,46.2,46.2,53.8,2.675
fg,DIS,1,neutral,13,7.7,30.8,38.5,38.5,46.2,3.015
fg,DIS,1,Gier,52,30.8,40.4,44.2,48.1,53.8,2.545
fg,DIS,2,Angst,17,29.4,29.4,29.4,29.4,52.9,2.88
fg,DIS,2,neutral,9,22.2,22.2,33.3,33.3,33.3,8.45
fg,DIS,2,Gier,19,26.3,26.3,31.6,42.1,47.4,3.347
fg,DIS,3+,Angst,26,42.3,50.0,53.8,57.7,73.1,1.463
fg,DIS,3+,neutral,6,0.0,16.7,16.7,16.7,16.7,4.348
fg,DIS,3+,Gier,4,0.0,25.0,25.0,25.0,25.0,18.053
fg,DUK,1,Angst,49,34.7,49.0,55.1,59.2,65.3,1.671
fg,DUK,1,neutral,13,38.5,53.8,53.8,61.5,61.5,1.266
fg,DUK,1,Gier,42,11.9,23.8,35.7,40.5,52.4,2.728
fg,DUK,2,Angst,18,44.4,66.7,66.7,66.7,77.8,1.047
fg,DUK,2,neutral,3,0.0,0.0,0.0,0.0,0.0,5.856
fg,DUK,2,Gier,20,25.0,35.0,45.0,65.0,70.0,2.065
fg,DUK,3+,Angst,11,54.5,72.7,72.7,81.8,90.9,0.058
fg,DUK,3+,neutral,4,75.0,75.0,100.0,100.0,100.0,0.483
fg,DUK,3+,Gier,16,50.0,50.0,62.5,68.8,75.0,1.316
fg,DXCM,1,Angst,37,59.5,64.9,70.3,78.4,78.4,0.751
fg,DXCM,1,neutral,12,25.0,50.0,50.0,50.0,58.3,2.181
fg,DXCM,1,Gier,41,29.3,31.7,43.9,46.3,51.2,2.76
fg,DXCM,2,Angst,15,40.0,40.0,53.3,60.0,60.0,1.945
fg,DXCM,2,neutral,6,33.3,50.0,50.0,50.0,50.0,2.377
fg,DXCM,2,Gier,16,43.8,43.8,56.2,56.2,56.2,1.8
fg,DXCM,3+,Angst,20,40.0,50.0,60.0,65.0,70.0,1.53
fg,DXCM,3+,neutral,8,12.5,12.5,12.5,12.5,25.0,3.642
fg,DXCM,3+,Gier,4,75.0,75.0,75.0,100.0,100.0,0.249
fg,EMR,1,Angst,34,29.4,32.4,38.2,41.2,50.0,2.994
fg,EMR,1,neutral,23,30.4,30.4,34.8,39.1,47.8,3.526
fg,EMR,1,Gier,61,39.3,44.3,49.2,54.1,60.7,2.284
fg,EMR,2,Angst,22,40.9,50.0,50.0,54.5,59.1,1.769
fg,EMR,2,neutral,6,33.3,33.3,33.3,33.3,33.3,3.851
fg,EMR,2,Gier,16,25.0,25.0,43.8,56.2,62.5,2.344
fg,EMR,3+,Angst,24,37.5,37.5,50.0,62.5,62.5,2.067
fg,EMR,3+,Gier,5,60.0,80.0,80.0,100.0,100.0,0.721
fg,ENB,1,Angst,38,44.7,50.0,57.9,63.2,63.2,1.435
fg,ENB,1,neutral,20,55.0,55.0,60.0,65.0,70.0,0.957
fg,ENB,1,Gier,59,27.1,32.2,37.3,44.1,52.5,2.895
fg,ENB,2,Angst,18,50.0,66.7,72.2,83.3,88.9,0.992
fg,ENB,2,neutral,4,0.0,0.0,25.0,50.0,50.0,3.584
fg,ENB,2,Gier,14,28.6,42.9,42.9,42.9,42.9,3.709
fg,ENB,3+,Angst,15,53.3,60.0,80.0,86.7,93.3,0.494
fg,ENB,3+,neutral,3,0.0,0.0,0.0,0.0,33.3,3.471
fg,ENB,3+,Gier,12,33.3,41.7,41.7,50.0,50.0,3.039
fg,EQIX,1,Angst,41,61.0,65.9,70.7,73.2,75.6,0.403
fg,EQIX,1,neutral,19,36.8,47.4,47.4,52.6,52.6,2.299
fg,EQIX,1,Gier,46,32.6,32.6,37.0,50.0,50.0,2.744
fg,EQIX,2,Angst,20,40.0,45.0,55.0,60.0,60.0,1.7
fg,EQIX,2,neutral,7,14.3,14.3,28.6,28.6,28.6,4.987
fg,EQIX,2,Gier,11,45.5,45.5,45.5,63.6,72.7,2.062
fg,EQIX,3+,Angst,22,40.9,45.5,50.0,50.0,54.5,2.365
fg,EQIX,3+,neutral,3,33.3,33.3,33.3,33.3,100.0,2.756
fg,EQIX,3+,Gier,5,20.0,20.0,20.0,40.0,40.0,3.727
fg,EQNR,1,Angst,50,50.0,52.0,56.0,66.0,70.0,1.0
fg,EQNR,1,neutral,29,34.5,41.4,44.8,48.3,48.3,3.061
fg,EQNR,1,Gier,52,25.0,34.6,36.5,36.5,38.5,3.619
fg,EQNR,2,Angst,21,42.9,47.6,52.4,61.9,71.4,1.885
fg,EQNR,2,neutral,10,10.0,20.0,30.0,40.0,40.0,4.18
fg,EQNR,2,Gier,19,21.1,26.3,31.6,36.8,47.4,3.093
fg,EQNR,3+,Angst,19,63.2,78.9,78.9,78.9,89.5,0.28
fg,EQNR,3+,neutral,1,0.0,0.0,0.0,0.0,0.0,4.009
fg,EQNR,3+,Gier,15,33.3,40.0,46.7,53.3,66.7,2.012
fg,ETN,1,Angst,43,41.9,55.8,67.4,69.8,74.4,1.323
fg,ETN,1,neutral,24,33.3,45.8,50.0,50.0,54.2,2.146
fg,ETN,1,Gier,71,39.4,45.1,49.3,60.6,66.2,2.004
fg,ETN,2,Angst,25,40.0,40.0,44.0,44.0,52.0,2.981
fg,ETN,2,neutral,7,28.6,28.6,42.9,42.9,57.1,2.742
fg,ETN,2,Gier,11,54.5,63.6,81.8,90.9,90.9,0.961
fg,ETN,3+,Angst,22,40.9,40.9,45.5,54.5,59.1,2.215
fg,ETN,3+,Gier,4,100.0,100.0,100.0,100.0,100.0,0.182
fg,EXC,1,Angst,41,48.8,51.2,58.5,65.9,75.6,1.134
fg,EXC,1,neutral,8,62.5,62.5,62.5,62.5,62.5,0.105
fg,EXC,1,Gier,34,26.5,41.2,50.0,52.9,52.9,2.09
fg,EXC,2,Angst,13,53.8,53.8,69.2,84.6,92.3,0.851
fg,EXC,2,neutral,7,42.9,57.1,57.1,71.4,85.7,1.299
fg,EXC,2,Gier,10,60.0,60.0,70.0,70.0,90.0,0.594
fg,EXC,3+,Angst,9,66.7,77.8,77.8,77.8,77.8,0.094
fg,EXC,3+,neutral,5,100.0,100.0,100.0,100.0,100.0,0.0
fg,EXC,3+,Gier,13,53.8,61.5,61.5,61.5,100.0,0.598
fg,FANG,1,Angst,47,38.3,42.6,46.8,59.6,68.1,2.072
fg,FANG,1,neutral,24,29.2,33.3,50.0,58.3,70.8,2.047
fg,FANG,1,Gier,50,40.0,46.0,54.0,70.0,74.0,1.76
fg,FANG,2,Angst,18,44.4,66.7,72.2,83.3,83.3,1.107
fg,FANG,2,neutral,5,0.0,60.0,60.0,60.0,60.0,1.321
fg,FANG,2,Gier,13,38.5,46.2,46.2,61.5,76.9,2.303
fg,FANG,3+,Angst,22,45.5,50.0,68.2,77.3,77.3,1.4
fg,FANG,3+,neutral,4,50.0,50.0,50.0,50.0,75.0,1.492
fg,FANG,3+,Gier,7,71.4,71.4,71.4,71.4,71.4,0.302
fg,FAST,1,Angst,41,36.6,48.8,65.9,70.7,73.2,1.509
fg,FAST,1,neutral,18,44.4,44.4,44.4,50.0,61.1,2.372
fg,FAST,1,Gier,61,41.0,45.9,50.8,54.1,59.0,1.936
fg,FAST,2,Angst,15,40.0,46.7,53.3,73.3,73.3,1.668
fg,FAST,2,neutral,6,50.0,50.0,50.0,50.0,50.0,3.235
fg,FAST,2,Gier,15,40.0,46.7,46.7,66.7,73.3,2.036
fg,FAST,3+,Angst,24,25.0,37.5,66.7,79.2,87.5,1.605
fg,FAST,3+,neutral,8,37.5,37.5,50.0,50.0,62.5,2.191
fg,FAST,3+,Gier,5,60.0,80.0,80.0,80.0,80.0,0.749
fg,FDX,1,Angst,39,46.2,51.3,59.0,64.1,69.2,1.082
fg,FDX,1,neutral,20,35.0,45.0,50.0,70.0,70.0,1.965
fg,FDX,1,Gier,49,36.7,44.9,51.0,61.2,65.3,1.724
fg,FDX,2,Angst,16,50.0,56.2,56.2,68.8,68.8,1.182
fg,FDX,2,neutral,9,44.4,44.4,44.4,44.4,44.4,4.531
fg,FDX,2,Gier,15,26.7,40.0,46.7,46.7,46.7,3.061
fg,FDX,3+,Angst,23,47.8,47.8,47.8,52.2,60.9,2.302
fg,FDX,3+,neutral,1,0.0,0.0,0.0,100.0,100.0,2.247
fg,FDX,3+,Gier,5,0.0,20.0,40.0,60.0,80.0,2.037
fg,FTNT,1,Angst,40,52.5,65.0,70.0,75.0,77.5,0.797
fg,FTNT,1,neutral,12,50.0,66.7,75.0,75.0,83.3,1.023
fg,FTNT,1,Gier,34,41.2,50.0,52.9,52.9,55.9,1.653
fg,FTNT,2,Angst,16,50.0,56.2,75.0,75.0,75.0,1.024
fg,FTNT,2,neutral,5,20.0,40.0,40.0,40.0,60.0,2.62
fg,FTNT,2,Gier,6,33.3,33.3,33.3,33.3,33.3,3.494
fg,FTNT,3+,Angst,12,8.3,16.7,41.7,50.0,58.3,2.627
fg,FTNT,3+,neutral,4,25.0,25.0,25.0,50.0,50.0,2.851
fg,FTNT,3+,Gier,2,0.0,0.0,0.0,0.0,50.0,2.968
fg,GD,1,Angst,43,53.5,67.4,69.8,74.4,81.4,0.855
fg,GD,1,neutral,23,43.5,52.2,52.2,65.2,73.9,1.477
fg,GD,1,Gier,59,44.1,49.2,52.5,57.6,59.3,1.531
fg,GD,2,Angst,22,45.5,50.0,54.5,59.1,68.2,1.317
fg,GD,2,neutral,9,66.7,66.7,66.7,77.8,88.9,0.624
fg,GD,2,Gier,17,29.4,41.2,41.2,47.1,47.1,3.193
fg,GD,3+,Angst,19,57.9,63.2,73.7,84.2,89.5,0.903
fg,GD,3+,neutral,3,0.0,66.7,66.7,66.7,66.7,1.179
fg,GD,3+,Gier,9,55.6,55.6,66.7,77.8,88.9,0.546
fg,GE,1,Angst,32,37.5,43.8,53.1,65.6,65.6,1.929
fg,GE,1,neutral,21,47.6,61.9,71.4,71.4,76.2,1.033
fg,GE,1,Gier,54,57.4,63.0,70.4,72.2,77.8,0.539
fg,GE,2,Angst,19,42.1,47.4,47.4,63.2,73.7,2.162
fg,GE,2,neutral,2,50.0,50.0,50.0,50.0,50.0,2.835
fg,GE,2,Gier,12,66.7,66.7,66.7,83.3,83.3,0.262
fg,GE,3+,Angst,26,38.5,57.7,73.1,76.9,84.6,1.36
fg,GE,3+,neutral,1,0.0,0.0,0.0,0.0,0.0,4.228
fg,GE,3+,Gier,2,100.0,100.0,100.0,100.0,100.0,0.134
fg,GEHC,1,Angst,16,43.8,43.8,50.0,56.2,56.2,1.98
fg,GEHC,1,neutral,8,25.0,25.0,50.0,50.0,50.0,2.852
fg,GEHC,1,Gier,15,26.7,26.7,26.7,40.0,40.0,3.633
fg,GEHC,2,Angst,8,37.5,37.5,37.5,50.0,50.0,2.888
fg,GEHC,2,neutral,3,0.0,33.3,66.7,66.7,66.7,1.835
fg,GEHC,2,Gier,5,40.0,40.0,60.0,60.0,60.0,1.761
fg,GEHC,3+,Angst,8,50.0,50.0,50.0,50.0,50.0,2.592
fg,GEHC,3+,neutral,3,0.0,0.0,33.3,66.7,66.7,2.246
fg,GEHC,3+,Gier,3,33.3,33.3,66.7,66.7,66.7,1.573
fg,GEV,1,Angst,24,45.8,66.7,75.0,87.5,91.7,1.174
fg,GEV,1,neutral,6,50.0,66.7,66.7,66.7,83.3,1.006
fg,GEV,1,Gier,16,43.8,62.5,75.0,75.0,81.2,1.178
fg,GEV,2,Angst,9,88.9,88.9,88.9,100.0,100.0,0.302
fg,GEV,2,neutral,3,0.0,0.0,33.3,33.3,66.7,2.649
fg,GEV,2,Gier,5,20.0,40.0,40.0,40.0,60.0,2.539
fg,GEV,3+,Angst,4,50.0,50.0,75.0,75.0,75.0,1.244
fg,GEV,3+,Gier,2,0.0,0.0,0.0,50.0,100.0,2.327
fg,GFS,1,Angst,21,33.3,38.1,57.1,61.9,66.7,1.721
fg,GFS,1,neutral,14,14.3,14.3,28.6,28.6,35.7,4.574
fg,GFS,1,Gier,29,10.3,10.3,17.2,20.7,27.6,3.717
fg,GFS,2,Angst,16,50.0,50.0,56.2,56.2,75.0,1.129
fg,GFS,2,neutral,5,20.0,20.0,40.0,40.0,60.0,2.991
fg,GFS,2,Gier,10,10.0,10.0,10.0,30.0,30.0,3.231
fg,GFS,3+,Angst,15,46.7,46.7,46.7,60.0,73.3,2.271
fg,GFS,3+,neutral,5,0.0,0.0,40.0,60.0,60.0,2.359
fg,GFS,3+,Gier,5,60.0,60.0,80.0,80.0,80.0,0.058
fg,GILD,1,Angst,50,36.0,46.0,60.0,68.0,74.0,1.687
fg,GILD,1,neutral,14,57.1,64.3,78.6,78.6,85.7,0.44
fg,GILD,1,Gier,47,34.0,46.8,48.9,57.4,68.1,2.011
fg,GILD,2,Angst,13,46.2,61.5,69.2,69.2,69.2,1.107
fg,GILD,2,neutral,7,42.9,42.9,57.1,57.1,85.7,1.831
fg,GILD,2,Gier,20,40.0,55.0,60.0,75.0,75.0,1.364
fg,GILD,3+,Angst,20,25.0,25.0,35.0,50.0,60.0,2.485
fg,GILD,3+,neutral,5,80.0,100.0,100.0,100.0,100.0,0.0
fg,GILD,3+,Gier,10,40.0,40.0,60.0,60.0,60.0,1.99
fg,GLW,1,Angst,30,46.7,56.7,63.3,66.7,73.3,1.21
fg,GLW,1,neutral,17,41.2,41.2,41.2,47.1,52.9,2.65
fg,GLW,1,Gier,65,40.0,52.3,55.4,64.6,69.2,1.299
fg,GLW,2,Angst,19,36.8,42.1,47.4,57.9,63.2,2.195
fg,GLW,2,neutral,6,66.7,66.7,66.7,83.3,83.3,0.473
fg,GLW,2,Gier,14,28.6,28.6,28.6,42.9,50.0,3.433
fg,GLW,3+,Angst,26,38.5,46.2,50.0,50.0,65.4,2.083
fg,GLW,3+,neutral,4,50.0,50.0,50.0,50.0,50.0,3.232
fg,GLW,3+,Gier,6,66.7,66.7,66.7,66.7,66.7,0.351
fg,GM,1,Angst,29,34.5,41.4,44.8,55.2,55.2,2.157
fg,GM,1,neutral,17,17.6,17.6,23.5,23.5,35.3,5.374
fg,GM,1,Gier,65,30.8,43.1,47.7,58.5,61.5,2.069
fg,GM,2,Angst,16,18.8,25.0,25.0,25.0,37.5,3.714
fg,GM,2,neutral,8,12.5,25.0,25.0,50.0,50.0,3.862
fg,GM,2,Gier,15,33.3,46.7,60.0,73.3,80.0,1.875
fg,GM,3+,Angst,36,36.1,44.4,50.0,55.6,61.1,2.047
fg,GM,3+,neutral,6,50.0,50.0,50.0,50.0,50.0,2.022
fg,GM,3+,Gier,9,66.7,77.8,77.8,77.8,77.8,0.315
fg,GOOG,1,Angst,57,52.6,59.6,64.9,70.2,71.9,0.702
fg,GOOG,1,neutral,18,22.2,33.3,38.9,61.1,66.7,2.314
fg,GOOG,1,Gier,62,40.3,43.5,56.5,62.9,66.1,1.801
fg,GOOG,2,Angst,23,30.4,30.4,34.8,43.5,47.8,3.027
fg,GOOG,2,neutral,11,54.5,54.5,54.5,54.5,54.5,0.637
fg,GOOG,2,Gier,15,53.3,66.7,73.3,80.0,86.7,0.916
fg,GOOG,3+,Angst,24,37.5,50.0,58.3,62.5,83.3,1.488
fg,GOOG,3+,Gier,3,100.0,100.0,100.0,100.0,100.0,0.0
fg,GOOGL,1,Angst,61,55.7,62.3,65.6,72.1,73.8,0.777
fg,GOOGL,1,neutral,17,17.6,35.3,41.2,64.7,70.6,2.437
fg,GOOGL,1,Gier,64,39.1,43.8,57.8,62.5,67.2,1.736
fg,GOOGL,2,Angst,23,26.1,26.1,34.8,47.8,52.2,2.761
fg,GOOGL,2,neutral,11,54.5,54.5,54.5,54.5,63.6,0.615
fg,GOOGL,2,Gier,17,58.8,70.6,88.2,88.2,94.1,0.246
fg,GOOGL,3+,Angst,25,40.0,52.0,56.0,60.0,72.0,1.422
fg,GOOGL,3+,neutral,2,100.0,100.0,100.0,100.0,100.0,0.004
fg,GOOGL,3+,Gier,2,100.0,100.0,100.0,100.0,100.0,0.0
fg,GS,1,Angst,43,58.1,62.8,72.1,74.4,74.4,0.637
fg,GS,1,neutral,30,40.0,43.3,53.3,53.3,66.7,1.922
fg,GS,1,Gier,60,55.0,58.3,63.3,66.7,70.0,0.587
fg,GS,2,Angst,17,58.8,70.6,76.5,88.2,88.2,0.22
fg,GS,2,neutral,8,12.5,25.0,37.5,50.0,50.0,3.597
fg,GS,2,Gier,17,41.2,41.2,58.8,64.7,64.7,1.733
fg,GS,3+,Angst,18,55.6,66.7,72.2,77.8,77.8,0.331
fg,GS,3+,neutral,3,33.3,33.3,33.3,33.3,33.3,5.304
fg,GS,3+,Gier,2,50.0,50.0,50.0,50.0,50.0,2.446
fg,GSK,1,Angst,43,37.2,46.5,48.8,53.5,55.8,2.392
fg,GSK,1,neutral,18,16.7,33.3,44.4,55.6,55.6,2.188
fg,GSK,1,Gier,62,32.3,35.5,37.1,45.2,48.4,3.164
fg,GSK,2,Angst,20,40.0,45.0,50.0,50.0,50.0,2.452
fg,GSK,2,neutral,10,40.0,60.0,60.0,60.0,60.0,1.281
fg,GSK,2,Gier,20,30.0,30.0,35.0,45.0,50.0,3.085
fg,GSK,3+,Angst,21,33.3,33.3,42.9,47.6,47.6,3.015
fg,GSK,3+,neutral,7,28.6,42.9,42.9,42.9,42.9,4.836
fg,GSK,3+,Gier,12,25.0,25.0,25.0,25.0,25.0,4.751
fg,HD,1,Angst,41,34.1,43.9,53.7,56.1,61.0,1.63
fg,HD,1,neutral,24,33.3,33.3,41.7,45.8,50.0,3.131
fg,HD,1,Gier,46,26.1,32.6,34.8,41.3,41.3,3.454
fg,HD,2,Angst,16,25.0,31.2,31.2,31.2,31.2,5.275
fg,HD,2,neutral,7,57.1,57.1,71.4,71.4,71.4,0.431
fg,HD,2,Gier,14,14.3,28.6,42.9,50.0,64.3,2.482
fg,HD,3+,Angst,29,44.8,51.7,62.1,62.1,69.0,1.092
fg,HD,3+,neutral,2,0.0,50.0,50.0,50.0,50.0,2.075
fg,HD,3+,Gier,6,50.0,66.7,66.7,66.7,66.7,1.005
fg,HDB,1,Angst,38,21.1,21.1,34.2,42.1,47.4,3.485
fg,HDB,1,neutral,17,17.6,17.6,35.3,35.3,35.3,5.75
fg,HDB,1,Gier,58,22.4,27.6,34.5,39.7,44.8,4.194
fg,HDB,2,Angst,25,32.0,44.0,48.0,52.0,56.0,2.4
fg,HDB,2,neutral,7,42.9,42.9,42.9,42.9,42.9,4.072
fg,HDB,2,Gier,23,26.1,39.1,47.8,47.8,47.8,3.288
fg,HDB,3+,Angst,25,20.0,24.0,32.0,36.0,40.0,4.418
fg,HDB,3+,neutral,5,0.0,0.0,0.0,0.0,0.0,10.571
fg,HDB,3+,Gier,11,36.4,36.4,36.4,36.4,45.5,3.766
fg,HON,1,Angst,42,38.1,38.1,40.5,52.4,52.4,2.391
fg,HON,1,neutral,19,36.8,47.4,52.6,52.6,52.6,1.588
fg,HON,1,Gier,58,25.9,31.0,37.9,46.6,55.2,2.663
fg,HON,2,Angst,21,23.8,33.3,47.6,52.4,52.4,2.1
fg,HON,2,neutral,8,37.5,37.5,37.5,62.5,62.5,2.251
fg,HON,2,Gier,13,15.4,15.4,30.8,38.5,53.8,2.759
fg,HON,3+,Angst,24,41.7,58.3,58.3,58.3,58.3,1.297
fg,HON,3+,neutral,4,0.0,0.0,25.0,25.0,50.0,3.154
fg,HON,3+,Gier,7,28.6,57.1,57.1,71.4,85.7,1.448
fg,HSBC,1,Angst,51,41.2,43.1,51.0,56.9,60.8,1.962
fg,HSBC,1,neutral,25,32.0,40.0,40.0,44.0,44.0,4.559
fg,HSBC,1,Gier,73,35.6,45.2,53.4,57.5,61.6,1.901
fg,HSBC,2,Angst,22,50.0,59.1,59.1,59.1,59.1,0.898
fg,HSBC,2,neutral,5,20.0,20.0,20.0,20.0,20.0,7.235
fg,HSBC,2,Gier,23,47.8,52.2,56.5,56.5,56.5,1.077
fg,HSBC,3+,Angst,22,31.8,31.8,31.8,31.8,45.5,3.191
fg,HSBC,3+,neutral,10,20.0,20.0,20.0,30.0,30.0,4.636
fg,HSBC,3+,Gier,11,27.3,27.3,36.4,36.4,45.5,3.252
fg,IBM,1,Angst,35,22.9,31.4,40.0,40.0,45.7,3.349
fg,IBM,1,neutral,12,25.0,33.3,41.7,41.7,66.7,2.607
fg,IBM,1,Gier,42,21.4,40.5,40.5,42.9,52.4,2.7
fg,IBM,2,Angst,23,34.8,47.8,52.2,56.5,69.6,1.767
fg,IBM,2,neutral,7,14.3,28.6,28.6,28.6,42.9,3.791
fg,IBM,2,Gier,17,23.5,23.5,35.3,47.1,52.9,2.846
fg,IBM,3+,Angst,13,53.8,61.5,61.5,69.2,76.9,0.941
fg,IBM,3+,neutral,4,25.0,25.0,50.0,75.0,75.0,1.998
fg,IBM,3+,Gier,4,25.0,25.0,50.0,50.0,50.0,2.671
fg,IBN,1,Angst,51,43.1,47.1,49.0,54.9,60.8,2.303
fg,IBN,1,neutral,16,18.8,18.8,31.2,37.5,43.8,4.274
fg,IBN,1,Gier,57,35.1,38.6,49.1,50.9,57.9,2.01
fg,IBN,2,Angst,24,16.7,33.3,33.3,41.7,45.8,3.119
fg,IBN,2,neutral,7,0.0,0.0,14.3,28.6,42.9,3.027
fg,IBN,2,Gier,18,33.3,44.4,50.0,50.0,50.0,2.874
fg,IBN,3+,Angst,32,53.1,62.5,71.9,75.0,75.0,0.745
fg,IBN,3+,neutral,8,0.0,0.0,0.0,12.5,12.5,3.861
fg,IBN,3+,Gier,8,0.0,25.0,25.0,37.5,37.5,3.323
fg,IDXX,1,Angst,44,47.7,52.3,59.1,65.9,70.5,1.157
fg,IDXX,1,neutral,17,29.4,29.4,29.4,29.4,47.1,3.065
fg,IDXX,1,Gier,49,34.7,46.9,53.1,61.2,65.3,1.859
fg,IDXX,2,Angst,16,43.8,50.0,50.0,50.0,50.0,2.609
fg,IDXX,2,neutral,7,14.3,28.6,28.6,42.9,71.4,2.563
fg,IDXX,2,Gier,17,23.5,29.4,41.2,41.2,47.1,3.398
fg,IDXX,3+,Angst,23,30.4,43.5,47.8,56.5,56.5,2.072
fg,IDXX,3+,neutral,8,25.0,25.0,37.5,50.0,62.5,2.463
fg,IDXX,3+,Gier,5,20.0,60.0,60.0,60.0,80.0,1.407
fg,ILMN,1,Angst,40,45.0,47.5,57.5,57.5,57.5,1.74
fg,ILMN,1,neutral,16,31.2,43.8,43.8,43.8,50.0,3.148
fg,ILMN,1,Gier,42,28.6,33.3,42.9,47.6,52.4,2.619
fg,ILMN,2,Angst,16,43.8,56.2,56.2,56.2,68.8,1.226
fg,ILMN,2,neutral,7,42.9,42.9,42.9,57.1,57.1,2.15
fg,ILMN,2,Gier,16,12.5,31.2,37.5,43.8,43.8,3.192
fg,ILMN,3+,Angst,23,52.2,52.2,52.2,52.2,52.2,0.771
fg,ILMN,3+,neutral,4,25.0,50.0,50.0,50.0,50.0,3.28
fg,ILMN,3+,Gier,6,0.0,0.0,0.0,33.3,33.3,5.321
fg,ING,1,Angst,47,31.9,44.7,48.9,55.3,57.4,2.065
fg,ING,1,neutral,24,33.3,33.3,37.5,37.5,41.7,3.827
fg,ING,1,Gier,74,31.1,37.8,41.9,45.9,52.7,2.739
fg,ING,2,Angst,21,57.1,57.1,61.9,61.9,66.7,0.558
fg,ING,2,neutral,4,75.0,75.0,75.0,75.0,75.0,0.184
fg,ING,2,Gier,19,31.6,31.6,36.8,36.8,52.6,2.797
fg,ING,3+,Angst,24,50.0,62.5,70.8,75.0,79.2,1.056
fg,ING,3+,neutral,3,33.3,66.7,66.7,100.0,100.0,1.425
fg,ING,3+,Gier,12,66.7,66.7,66.7,66.7,75.0,0.528
fg,INTC,1,Angst,35,34.3,48.6,60.0,60.0,62.9,1.631
fg,INTC,1,neutral,17,35.3,35.3,47.1,47.1,47.1,4.375
fg,INTC,1,Gier,36,27.8,44.4,50.0,61.1,63.9,1.982
fg,INTC,2,Angst,20,45.0,50.0,55.0,55.0,65.0,1.63
fg,INTC,2,neutral,5,0.0,20.0,20.0,20.0,40.0,4.309
fg,INTC,2,Gier,12,25.0,25.0,50.0,50.0,50.0,2.607
fg,INTC,3+,Angst,23,26.1,39.1,43.5,56.5,56.5,2.255
fg,INTC,3+,neutral,1,0.0,100.0,100.0,100.0,100.0,1.21
fg,INTC,3+,Gier,7,14.3,14.3,14.3,14.3,14.3,4.732
fg,INTU,1,Angst,36,52.8,58.3,61.1,66.7,72.2,0.903
fg,INTU,1,neutral,20,30.0,40.0,50.0,60.0,60.0,2.025
fg,INTU,1,Gier,41,43.9,51.2,53.7,61.0,63.4,1.499
fg,INTU,2,Angst,18,33.3,38.9,50.0,50.0,55.6,2.232
fg,INTU,2,neutral,7,28.6,28.6,28.6,28.6,42.9,3.034
fg,INTU,2,Gier,16,25.0,37.5,50.0,50.0,50.0,2.492
fg,INTU,3+,Angst,24,20.8,37.5,41.7,45.8,54.2,2.792
fg,INTU,3+,neutral,7,14.3,14.3,14.3,14.3,28.6,6.032
fg,INTU,3+,Gier,7,42.9,42.9,57.1,85.7,85.7,1.653
fg,ISRG,1,Angst,38,47.4,52.6,57.9,60.5,63.2,1.355
fg,ISRG,1,neutral,17,35.3,47.1,58.8,64.7,76.5,1.524
fg,ISRG,1,Gier,54,29.6,35.2,40.7,42.6,48.1,3.194
fg,ISRG,2,Angst,19,52.6,57.9,68.4,68.4,73.7,0.851
fg,ISRG,2,neutral,5,40.0,40.0,40.0,60.0,60.0,2.329
fg,ISRG,2,Gier,14,14.3,28.6,28.6,42.9,42.9,4.582
fg,ISRG,3+,Angst,17,41.2,52.9,52.9,64.7,64.7,1.446
fg,ISRG,3+,neutral,5,20.0,20.0,40.0,40.0,60.0,2.681
fg,ISRG,3+,Gier,7,42.9,42.9,57.1,57.1,57.1,1.922
fg,JNJ,1,Angst,49,22.4,32.7,40.8,46.9,49.0,3.18
fg,JNJ,1,neutral,14,57.1,57.1,57.1,57.1,71.4,0.815
fg,JNJ,1,Gier,61,27.9,34.4,42.6,49.2,60.7,2.528
fg,JNJ,2,Angst,24,33.3,45.8,58.3,66.7,75.0,1.585
fg,JNJ,2,neutral,7,14.3,14.3,14.3,42.9,42.9,4.325
fg,JNJ,2,Gier,17,41.2,41.2,52.9,58.8,58.8,1.663
fg,JNJ,3+,Angst,23,56.5,56.5,60.9,78.3,82.6,0.607
fg,JNJ,3+,neutral,6,50.0,50.0,50.0,50.0,66.7,1.739
fg,JNJ,3+,Gier,12,25.0,25.0,33.3,41.7,41.7,4.127
fg,JPM,1,Angst,54,44.4,48.1,51.9,59.3,63.0,1.712
fg,JPM,1,neutral,20,40.0,55.0,55.0,60.0,65.0,1.258
fg,JPM,1,Gier,56,35.7,46.4,48.2,62.5,66.1,2.04
fg,JPM,2,Angst,26,53.8,69.2,69.2,73.1,76.9,0.689
fg,JPM,2,neutral,4,25.0,25.0,25.0,25.0,25.0,3.426
fg,JPM,2,Gier,6,0.0,0.0,16.7,50.0,50.0,2.769
fg,JPM,3+,Angst,15,33.3,53.3,53.3,73.3,86.7,1.458
fg,JPM,3+,neutral,4,25.0,25.0,25.0,50.0,75.0,2.583
fg,JPM,3+,Gier,4,0.0,0.0,50.0,50.0,50.0,4.78
fg,KDP,1,Angst,33,39.4,42.4,48.5,63.6,81.8,2.153
fg,KDP,1,neutral,13,38.5,46.2,61.5,61.5,61.5,1.603
fg,KDP,1,Gier,46,30.4,34.8,37.0,43.5,50.0,3.232
fg,KDP,2,Angst,13,38.5,38.5,53.8,61.5,84.6,1.891
fg,KDP,2,neutral,4,50.0,75.0,75.0,75.0,75.0,0.718
fg,KDP,2,Gier,20,25.0,30.0,40.0,50.0,60.0,2.606
fg,KDP,3+,Angst,17,47.1,70.6,76.5,82.4,94.1,1.38
fg,KDP,3+,neutral,7,100.0,100.0,100.0,100.0,100.0,0.465
fg,KDP,3+,Gier,11,9.1,9.1,45.5,45.5,63.6,2.509
fg,KHC,1,Angst,41,31.7,34.1,41.5,46.3,48.8,3.088
fg,KHC,1,neutral,20,40.0,45.0,50.0,50.0,50.0,2.96
fg,KHC,1,Gier,47,10.6,19.1,21.3,23.4,25.5,4.912
fg,KHC,2,Angst,19,36.8,36.8,52.6,63.2,63.2,1.858
fg,KHC,2,neutral,5,40.0,40.0,40.0,40.0,40.0,4.195
fg,KHC,2,Gier,14,14.3,14.3,14.3,28.6,35.7,4.151
fg,KHC,3+,Angst,23,43.5,60.9,73.9,78.3,82.6,1.159
fg,KHC,3+,neutral,11,27.3,27.3,27.3,36.4,45.5,3.138
fg,KHC,3+,Gier,14,21.4,21.4,28.6,28.6,42.9,3.48
fg,KLAC,1,Angst,50,40.0,44.0,50.0,56.0,64.0,2.071
fg,KLAC,1,neutral,22,40.9,54.5,59.1,59.1,63.6,1.405
fg,KLAC,1,Gier,66,34.8,47.0,50.0,65.2,69.7,2.013
fg,KLAC,2,Angst,27,48.1,59.3,63.0,66.7,77.8,1.256
fg,KLAC,2,neutral,8,37.5,50.0,50.0,62.5,75.0,1.774
fg,KLAC,2,Gier,15,46.7,53.3,66.7,80.0,86.7,1.414
fg,KLAC,3+,Angst,15,46.7,60.0,73.3,80.0,86.7,1.354
fg,KLAC,3+,neutral,3,33.3,66.7,100.0,100.0,100.0,1.048
fg,KLAC,3+,Gier,3,100.0,100.0,100.0,100.0,100.0,0.406
fg,KO,1,Angst,42,38.1,52.4,61.9,69.0,76.2,1.412
fg,KO,1,neutral,20,40.0,45.0,65.0,65.0,75.0,1.559
fg,KO,1,Gier,54,16.7,27.8,33.3,38.9,48.1,3.067
fg,KO,2,Angst,16,56.2,62.5,62.5,62.5,62.5,0.557
fg,KO,2,neutral,11,63.6,72.7,72.7,72.7,72.7,0.329
fg,KO,2,Gier,14,57.1,57.1,64.3,78.6,85.7,0.836
fg,KO,3+,Angst,13,69.2,76.9,92.3,92.3,92.3,0.0
fg,KO,3+,neutral,3,66.7,66.7,66.7,66.7,66.7,0.229
fg,KO,3+,Gier,8,62.5,62.5,62.5,87.5,87.5,0.839
fg,LIN,1,Angst,47,42.6,48.9,53.2,57.4,57.4,1.746
fg,LIN,1,neutral,18,61.1,66.7,66.7,72.2,72.2,0.236
fg,LIN,1,Gier,66,30.3,36.4,39.4,50.0,54.5,2.484
fg,LIN,2,Angst,20,45.0,55.0,60.0,75.0,80.0,1.202
fg,LIN,2,neutral,8,0.0,0.0,12.5,12.5,25.0,7.212
fg,LIN,2,Gier,14,50.0,57.1,57.1,64.3,71.4,1.206
fg,LIN,3+,Angst,19,52.6,57.9,57.9,68.4,78.9,0.903
fg,LIN,3+,neutral,2,0.0,0.0,50.0,50.0,50.0,2.841
fg,LIN,3+,Gier,7,28.6,42.9,42.9,57.1,71.4,2.229
fg,LLY,1,Angst,49,44.9,49.0,57.1,69.4,71.4,1.599
fg,LLY,1,neutral,19,31.6,31.6,36.8,42.1,52.6,2.551
fg,LLY,1,Gier,43,41.9,48.8,53.5,58.1,65.1,1.608
fg,LLY,2,Angst,17,52.9,52.9,52.9,52.9,58.8,0.927
fg,LLY,2,neutral,6,33.3,33.3,33.3,50.0,50.0,2.88
fg,LLY,2,Gier,13,38.5,46.2,46.2,46.2,46.2,3.204
fg,LLY,3+,Angst,20,35.0,60.0,70.0,80.0,80.0,1.298
fg,LLY,3+,neutral,3,33.3,66.7,66.7,66.7,66.7,1.479
fg,LLY,3+,Gier,8,37.5,37.5,37.5,37.5,37.5,4.319
fg,LMT,1,Angst,46,30.4,39.1,45.7,52.2,52.2,2.429
fg,LMT,1,neutral,19,42.1,47.4,47.4,52.6,52.6,2.377
fg,LMT,1,Gier,35,17.1,20.0,20.0,28.6,31.4,3.946
fg,LMT,2,Angst,18,27.8,33.3,33.3,38.9,38.9,4.033
fg,LMT,2,neutral,6,33.3,33.3,33.3,33.3,33.3,3.268
fg,LMT,2,Gier,13,30.8,38.5,38.5,38.5,46.2,3.154
fg,LMT,3+,Angst,21,23.8,23.8,28.6,33.3,42.9,3.683
fg,LMT,3+,neutral,4,50.0,50.0,50.0,50.0,75.0,1.46
fg,LMT,3+,Gier,11,54.5,54.5,54.5,63.6,63.6,0.767
fg,LOW,1,Angst,38,34.2,36.8,39.5,47.4,57.9,2.777
fg,LOW,1,neutral,22,22.7,36.4,45.5,50.0,50.0,2.678
fg,LOW,1,Gier,55,29.1,34.5,38.2,40.0,49.1,3.039
fg,LOW,2,Angst,26,26.9,42.3,46.2,50.0,57.7,2.521
fg,LOW,2,neutral,9,33.3,44.4,44.4,44.4,66.7,2.622
fg,LOW,2,Gier,15,33.3,33.3,40.0,46.7,46.7,3.372
fg,LOW,3+,Angst,27,33.3,37.0,37.0,48.1,55.6,2.534
fg,LOW,3+,neutral,4,50.0,50.0,50.0,50.0,50.0,1.759
fg,LOW,3+,Gier,5,20.0,20.0,20.0,20.0,40.0,3.467
fg,LRCX,1,Angst,45,26.7,28.9,33.3,37.8,53.3,2.772
fg,LRCX,1,neutral,16,37.5,37.5,62.5,62.5,62.5,1.667
fg,LRCX,1,Gier,70,44.3,52.9,61.4,68.6,72.9,1.375
fg,LRCX,2,Angst,23,39.1,39.1,47.8,60.9,69.6,2.028
fg,LRCX,2,neutral,4,25.0,75.0,75.0,100.0,100.0,1.461
fg,LRCX,2,Gier,14,42.9,42.9,50.0,64.3,64.3,1.928
fg,LRCX,3+,Angst,21,47.6,57.1,66.7,66.7,76.2,1.357
fg,LRCX,3+,neutral,3,66.7,66.7,66.7,66.7,66.7,0.0
fg,LRCX,3+,Gier,4,50.0,50.0,50.0,100.0,100.0,1.444
fg,LULU,1,Angst,32,43.8,50.0,56.2,59.4,59.4,1.516
fg,LULU,1,neutral,20,35.0,35.0,40.0,40.0,60.0,2.561
fg,LULU,1,Gier,49,20.4,22.4,30.6,36.7,51.0,2.981
fg,LULU,2,Angst,20,20.0,30.0,40.0,55.0,55.0,2.437
fg,LULU,2,neutral,6,33.3,33.3,33.3,33.3,33.3,6.847
fg,LULU,2,Gier,12,25.0,33.3,33.3,33.3,33.3,3.508
fg,LULU,3+,Angst,25,36.0,40.0,44.0,52.0,56.0,2.099
fg,LULU,3+,neutral,8,12.5,12.5,12.5,12.5,12.5,6.666
fg,LULU,3+,Gier,8,25.0,25.0,25.0,25.0,25.0,4.926
fg,MA,1,Angst,28,32.1,32.1,35.7,42.9,50.0,3.035
fg,MA,1,neutral,24,41.7,45.8,45.8,45.8,50.0,2.881
fg,MA,1,Gier,61,32.8,36.1,45.9,54.1,59.0,2.083
fg,MA,2,Angst,20,25.0,30.0,30.0,40.0,50.0,2.944
fg,MA,2,neutral,4,50.0,75.0,75.0,75.0,75.0,0.696
fg,MA,2,Gier,10,30.0,40.0,50.0,60.0,70.0,2.052
fg,MA,3+,Angst,22,59.1,68.2,72.7,81.8,90.9,0.305
fg,MA,3+,Gier,4,25.0,50.0,100.0,100.0,100.0,1.293
fg,MAR,1,Angst,36,27.8,36.1,44.4,44.4,58.3,2.743
fg,MAR,1,neutral,16,37.5,37.5,37.5,50.0,50.0,3.22
fg,MAR,1,Gier,64,35.9,43.8,45.3,56.2,59.4,2.178
fg,MAR,2,Angst,21,47.6,52.4,52.4,61.9,61.9,1.269
fg,MAR,2,neutral,5,20.0,20.0,20.0,20.0,20.0,4.212
fg,MAR,2,Gier,17,41.2,41.2,52.9,64.7,64.7,1.544
fg,MAR,3+,Angst,21,52.4,52.4,61.9,66.7,81.0,0.924
fg,MAR,3+,neutral,3,0.0,0.0,0.0,0.0,0.0,5.666
fg,MAR,3+,Gier,1,100.0,100.0,100.0,100.0,100.0,0.0
fg,MCD,1,Angst,36,30.6,47.2,50.0,58.3,61.1,1.756
fg,MCD,1,neutral,14,28.6,42.9,50.0,50.0,50.0,2.601
fg,MCD,1,Gier,57,31.6,42.1,47.4,49.1,49.1,3.119
fg,MCD,2,Angst,16,43.8,50.0,50.0,56.2,62.5,1.821
fg,MCD,2,neutral,2,50.0,50.0,50.0,50.0,50.0,5.356
fg,MCD,2,Gier,17,29.4,41.2,52.9,58.8,58.8,1.875
fg,MCD,3+,Angst,16,50.0,50.0,50.0,56.2,62.5,1.557
fg,MCD,3+,neutral,7,57.1,57.1,57.1,57.1,57.1,0.922
fg,MCD,3+,Gier,10,30.0,60.0,70.0,70.0,70.0,1.264
fg,MCHP,1,Angst,40,30.0,35.0,40.0,45.0,47.5,3.449
fg,MCHP,1,neutral,9,22.2,33.3,33.3,33.3,33.3,3.781
fg,MCHP,1,Gier,57,22.8,33.3,38.6,45.6,52.6,2.885
fg,MCHP,2,Angst,24,25.0,25.0,33.3,37.5,45.8,3.471
fg,MCHP,2,neutral,7,14.3,14.3,28.6,28.6,28.6,3.772
fg,MCHP,2,Gier,13,38.5,38.5,38.5,53.8,69.2,2.367
fg,MCHP,3+,Angst,23,43.5,47.8,60.9,65.2,65.2,1.677
fg,MCHP,3+,neutral,7,28.6,28.6,42.9,42.9,57.1,2.684
fg,MCHP,3+,Gier,6,33.3,33.3,50.0,50.0,66.7,2.278
fg,MCK,1,Angst,54,57.4,68.5,75.9,81.5,87.0,0.828
fg,MCK,1,neutral,15,46.7,53.3,60.0,80.0,86.7,1.028
fg,MCK,1,Gier,51,33.3,41.2,58.8,68.6,70.6,1.761
fg,MCK,2,Angst,18,61.1,72.2,83.3,88.9,94.4,0.604
fg,MCK,2,neutral,8,25.0,75.0,75.0,75.0,75.0,1.29
fg,MCK,2,Gier,16,50.0,56.2,62.5,68.8,68.8,1.077
fg,MCK,3+,Angst,10,50.0,50.0,60.0,60.0,60.0,1.256
fg,MCK,3+,neutral,6,66.7,66.7,83.3,83.3,83.3,0.471
fg,MCK,3+,Gier,5,100.0,100.0,100.0,100.0,100.0,0.0
fg,MDB,1,Angst,41,34.1,39.0,48.8,61.0,63.4,2.051
fg,MDB,1,neutral,21,33.3,33.3,38.1,47.6,57.1,2.813
fg,MDB,1,Gier,58,39.7,53.4,55.2,60.3,60.3,1.317
fg,MDB,2,Angst,20,40.0,50.0,65.0,80.0,85.0,1.576
fg,MDB,2,neutral,6,50.0,50.0,50.0,66.7,66.7,1.389
fg,MDB,2,Gier,22,31.8,45.5,59.1,59.1,68.2,1.558
fg,MDB,3+,Angst,26,53.8,61.5,65.4,73.1,73.1,0.627
fg,MDB,3+,neutral,5,40.0,40.0,40.0,40.0,40.0,4.302
fg,MDB,3+,Gier,8,50.0,50.0,50.0,62.5,62.5,1.327
fg,MDLZ,1,Angst,40,55.0,60.0,62.5,67.5,67.5,0.799
fg,MDLZ,1,neutral,17,29.4,35.3,41.2,41.2,47.1,3.219
fg,MDLZ,1,Gier,50,16.0,18.0,26.0,42.0,44.0,3.593
fg,MDLZ,2,Angst,17,23.5,35.3,52.9,58.8,58.8,1.999
fg,MDLZ,2,neutral,7,42.9,42.9,42.9,71.4,85.7,2.015
fg,MDLZ,2,Gier,17,17.6,23.5,35.3,41.2,47.1,3.056
fg,MDLZ,3+,Angst,24,58.3,62.5,62.5,66.7,75.0,0.611
fg,MDLZ,3+,neutral,5,20.0,40.0,40.0,40.0,40.0,5.977
fg,MDLZ,3+,Gier,9,22.2,33.3,33.3,33.3,33.3,4.561
fg,MDT,1,Angst,32,18.8,18.8,28.1,31.2,31.2,4.285
fg,MDT,1,neutral,13,30.8,30.8,46.2,46.2,46.2,3.745
fg,MDT,1,Gier,45,33.3,35.6,40.0,44.4,51.1,2.999
fg,MDT,2,Angst,16,18.8,31.2,31.2,43.8,50.0,3.244
fg,MDT,2,neutral,7,0.0,0.0,14.3,14.3,28.6,3.578
fg,MDT,2,Gier,10,10.0,10.0,10.0,20.0,40.0,4.051
fg,MDT,3+,Angst,25,44.0,52.0,56.0,60.0,60.0,1.255
fg,MDT,3+,neutral,9,33.3,33.3,33.3,44.4,55.6,2.861
fg,MDT,3+,Gier,8,50.0,50.0,50.0,50.0,50.0,2.246
fg,MELI,1,Angst,36,33.3,38.9,47.2,47.2,55.6,2.945
fg,MELI,1,neutral,22,18.2,22.7,27.3,31.8,40.9,4.15
fg,MELI,1,Gier,51,19.6,23.5,31.4,31.4,39.2,4.209
fg,MELI,2,Angst,21,38.1,52.4,57.1,61.9,66.7,1.257
fg,MELI,2,neutral,4,0.0,25.0,25.0,25.0,25.0,4.734
fg,MELI,2,Gier,17,23.5,29.4,29.4,29.4,35.3,4.009
fg,MELI,3+,Angst,17,52.9,64.7,82.4,82.4,82.4,0.969
fg,MELI,3+,neutral,4,0.0,0.0,0.0,25.0,25.0,3.86
fg,MELI,3+,Gier,6,33.3,33.3,33.3,50.0,66.7,2.407
fg,META,1,Angst,43,37.2,39.5,44.2,53.5,60.5,2.437
fg,META,1,neutral,21,23.8,28.6,38.1,47.6,52.4,2.665
fg,META,1,Gier,63,39.7,46.0,54.0,57.1,61.9,1.561
fg,META,2,Angst,27,40.7,44.4,51.9,59.3,66.7,1.672
fg,META,2,neutral,5,40.0,40.0,40.0,40.0,40.0,6.255
fg,META,2,Gier,15,33.3,40.0,40.0,66.7,66.7,2.176
fg,META,3+,Angst,28,32.1,35.7,53.6,64.3,67.9,1.833
fg,META,3+,neutral,2,50.0,50.0,50.0,50.0,50.0,2.783
fg,META,3+,Gier,6,83.3,83.3,100.0,100.0,100.0,0.008
fg,MFG,1,Angst,48,43.8,50.0,54.2,58.3,58.3,1.567
fg,MFG,1,neutral,15,6.7,20.0,20.0,20.0,26.7,4.217
fg,MFG,1,Gier,34,55.9,61.8,64.7,67.6,76.5,0.662
fg,MFG,2,Angst,18,38.9,50.0,61.1,61.1,66.7,1.528
fg,MFG,2,neutral,5,20.0,20.0,20.0,40.0,40.0,5.744
fg,MFG,2,Gier,11,27.3,27.3,45.5,45.5,45.5,3.037
fg,MFG,3+,Angst,16,43.8,75.0,81.2,87.5,87.5,1.087
fg,MFG,3+,neutral,6,50.0,66.7,66.7,66.7,66.7,0.981
fg,MFG,3+,Gier,5,40.0,40.0,40.0,40.0,40.0,5.108
fg,MMM,1,Angst,22,22.7,36.4,40.9,50.0,54.5,2.582
fg,MMM,1,neutral,17,64.7,64.7,70.6,70.6,70.6,0.846
fg,MMM,1,Gier,55,21.8,29.1,40.0,43.6,50.9,2.879
fg,MMM,2,Angst,15,46.7,46.7,60.0,66.7,66.7,1.864
fg,MMM,2,neutral,3,0.0,0.0,0.0,0.0,0.0,7.303
fg,MMM,2,Gier,20,45.0,45.0,45.0,50.0,55.0,2.615
fg,MMM,3+,Angst,25,24.0,36.0,44.0,56.0,60.0,2.078
fg,MMM,3+,neutral,5,40.0,40.0,40.0,40.0,40.0,3.825
fg,MMM,3+,Gier,9,55.6,55.6,55.6,66.7,66.7,0.394
fg,MNST,1,Angst,33,72.7,75.8,75.8,78.8,78.8,0.524
fg,MNST,1,neutral,13,30.8,38.5,38.5,46.2,46.2,3.968
fg,MNST,1,Gier,60,23.3,36.7,43.3,50.0,55.0,2.502
fg,MNST,2,Angst,17,47.1,52.9,58.8,58.8,58.8,1.234
fg,MNST,2,neutral,3,66.7,66.7,66.7,66.7,66.7,0.673
fg,MNST,2,Gier,19,42.1,42.1,52.6,57.9,57.9,1.932
fg,MNST,3+,Angst,20,40.0,50.0,60.0,60.0,65.0,1.555
fg,MNST,3+,neutral,3,33.3,33.3,66.7,100.0,100.0,1.975
fg,MNST,3+,Gier,7,28.6,28.6,42.9,57.1,57.1,2.26
fg,MO,1,Angst,36,36.1,50.0,52.8,55.6,69.4,1.564
fg,MO,1,neutral,22,36.4,40.9,45.5,54.5,59.1,2.314
fg,MO,1,Gier,44,29.5,36.4,43.2,54.5,54.5,2.295
fg,MO,2,Angst,16,31.2,56.2,56.2,62.5,75.0,1.438
fg,MO,2,neutral,5,20.0,20.0,40.0,40.0,40.0,3.971
fg,MO,2,Gier,11,36.4,63.6,81.8,81.8,81.8,1.339
fg,MO,3+,Angst,14,71.4,78.6,78.6,92.9,92.9,0.0
fg,MO,3+,neutral,1,100.0,100.0,100.0,100.0,100.0,0.0
fg,MO,3+,Gier,12,33.3,58.3,75.0,75.0,75.0,1.191
fg,MPC,1,Angst,42,40.5,42.9,54.8,59.5,69.0,1.805
fg,MPC,1,neutral,15,33.3,33.3,40.0,53.3,73.3,2.363
fg,MPC,1,Gier,35,51.4,60.0,65.7,65.7,65.7,0.885
fg,MPC,2,Angst,17,64.7,70.6,70.6,82.4,88.2,0.258
fg,MPC,2,neutral,8,62.5,62.5,75.0,75.0,75.0,0.256
fg,MPC,2,Gier,6,0.0,16.7,33.3,33.3,50.0,3.353
fg,MPC,3+,Angst,9,77.8,77.8,77.8,88.9,88.9,0.0
fg,MPC,3+,neutral,2,50.0,50.0,50.0,50.0,50.0,10.97
fg,MPC,3+,Gier,5,60.0,60.0,60.0,60.0,60.0,0.325
fg,MRK,1,Angst,45,28.9,40.0,51.1,60.0,64.4,1.828
fg,MRK,1,neutral,13,15.4,23.1,38.5,46.2,53.8,2.572
fg,MRK,1,Gier,44,29.5,31.8,38.6,52.3,56.8,2.42
fg,MRK,2,Angst,20,45.0,55.0,60.0,65.0,70.0,1.282
fg,MRK,2,neutral,10,20.0,30.0,50.0,60.0,70.0,1.929
fg,MRK,2,Gier,15,26.7,40.0,46.7,53.3,60.0,2.194
fg,MRK,3+,Angst,12,50.0,66.7,75.0,75.0,75.0,0.978
fg,MRK,3+,neutral,4,25.0,25.0,25.0,25.0,50.0,3.192
fg,MRK,3+,Gier,16,37.5,50.0,68.8,68.8,68.8,1.517
fg,MRNA,1,Angst,38,34.2,57.9,60.5,65.8,71.1,1.155
fg,MRNA,1,neutral,11,36.4,45.5,45.5,54.5,63.6,2.111
fg,MRNA,1,Gier,51,39.2,47.1,56.9,62.7,70.6,1.6
fg,MRNA,2,Angst,17,58.8,64.7,64.7,76.5,88.2,0.414
fg,MRNA,2,neutral,10,30.0,30.0,30.0,50.0,50.0,2.525
fg,MRNA,2,Gier,17,29.4,29.4,35.3,47.1,47.1,3.404
fg,MRNA,3+,Angst,22,40.9,45.5,50.0,63.6,72.7,2.018
fg,MRNA,3+,neutral,6,33.3,33.3,50.0,50.0,50.0,2.51
fg,MRNA,3+,Gier,14,21.4,28.6,42.9,42.9,50.0,2.934
fg,MRVL,1,Angst,32,43.8,53.1,59.4,59.4,65.6,1.339
fg,MRVL,1,neutral,13,30.8,30.8,38.5,46.2,46.2,3.469
fg,MRVL,1,Gier,62,32.3,35.5,43.5,53.2,61.3,2.251
fg,MRVL,2,Angst,19,36.8,47.4,52.6,68.4,78.9,1.608
fg,MRVL,2,neutral,6,0.0,0.0,0.0,33.3,33.3,3.691
fg,MRVL,2,Gier,14,35.7,50.0,50.0,64.3,71.4,1.755
fg,MRVL,3+,Angst,23,47.8,52.2,52.2,65.2,73.9,1.167
fg,MRVL,3+,neutral,2,50.0,50.0,50.0,100.0,100.0,1.042
fg,MRVL,3+,Gier,5,40.0,40.0,40.0,60.0,60.0,2.181
fg,MS,1,Angst,45,46.7,57.8,66.7,68.9,73.3,1.027
fg,MS,1,neutral,25,32.0,36.0,40.0,48.0,52.0,2.796
fg,MS,1,Gier,69,36.2,43.5,44.9,52.2,56.5,2.316
fg,MS,2,Angst,23,60.9,60.9,60.9,60.9,65.2,0.809
fg,MS,2,neutral,8,12.5,12.5,12.5,25.0,25.0,6.362
fg,MS,2,Gier,16,50.0,50.0,50.0,56.2,56.2,1.504
fg,MS,3+,Angst,24,41.7,66.7,75.0,75.0,87.5,1.235
fg,MS,3+,neutral,5,40.0,40.0,40.0,40.0,40.0,3.819
fg,MS,3+,Gier,1,100.0,100.0,100.0,100.0,100.0,0.0
fg,MSFT,1,Angst,48,45.8,54.2,56.2,64.6,68.8,1.18
fg,MSFT,1,neutral,22,27.3,45.5,50.0,50.0,59.1,2.043
fg,MSFT,1,Gier,74,36.5,44.6,51.4,59.5,66.2,1.894
fg,MSFT,2,Angst,23,34.8,34.8,34.8,43.5,52.2,2.967
fg,MSFT,2,neutral,3,33.3,33.3,33.3,66.7,66.7,2.255
fg,MSFT,2,Gier,18,38.9,55.6,55.6,66.7,83.3,1.369
fg,MSFT,3+,Angst,15,53.3,53.3,60.0,60.0,80.0,0.701
fg,MSFT,3+,neutral,4,50.0,50.0,50.0,50.0,75.0,1.403
fg,MSFT,3+,Gier,6,33.3,66.7,66.7,66.7,66.7,1.253
fg,MSTR,1,Angst,34,35.3,35.3,50.0,52.9,58.8,1.861
fg,MSTR,1,neutral,11,45.5,45.5,45.5,45.5,45.5,4.31
fg,MSTR,1,Gier,45,26.7,31.1,40.0,48.9,55.6,2.68
fg,MSTR,2,Angst,17,41.2,41.2,52.9,52.9,58.8,1.757
fg,MSTR,2,neutral,6,0.0,16.7,50.0,50.0,66.7,2.269
fg,MSTR,2,Gier,13,38.5,38.5,38.5,46.2,53.8,2.84
fg,MSTR,3+,Angst,26,42.3,61.5,65.4,65.4,65.4,1.19
fg,MSTR,3+,neutral,7,14.3,14.3,28.6,28.6,28.6,4.998
fg,MSTR,3+,Gier,8,37.5,37.5,37.5,37.5,50.0,4.281
fg,MU,1,Angst,34,41.2,47.1,52.9,58.8,67.6,1.8
fg,MU,1,neutral,18,33.3,33.3,44.4,44.4,50.0,3.09
fg,MU,1,Gier,53,34.0,47.2,54.7,56.6,64.2,1.799
fg,MU,2,Angst,16,43.8,50.0,62.5,62.5,68.8,1.3
fg,MU,2,neutral,7,42.9,42.9,42.9,57.1,71.4,2.184
fg,MU,2,Gier,18,55.6,66.7,77.8,83.3,83.3,0.76
fg,MU,3+,Angst,22,45.5,50.0,54.5,72.7,81.8,1.407
fg,MU,3+,neutral,4,25.0,50.0,50.0,50.0,75.0,1.985
fg,MU,3+,Gier,7,42.9,71.4,100.0,100.0,100.0,1.16
fg,MUFG,1,Angst,39,46.2,51.3,51.3,51.3,56.4,1.452
fg,MUFG,1,neutral,20,20.0,30.0,35.0,45.0,50.0,3.033
fg,MUFG,1,Gier,53,47.2,56.6,67.9,71.7,75.5,1.302
fg,MUFG,2,Angst,20,45.0,45.0,45.0,50.0,50.0,2.833
fg,MUFG,2,neutral,7,14.3,14.3,28.6,28.6,42.9,3.281
fg,MUFG,2,Gier,18,38.9,50.0,66.7,66.7,72.2,1.521
fg,MUFG,3+,Angst,29,37.9,48.3,48.3,55.2,55.2,2.195
fg,MUFG,3+,neutral,6,33.3,50.0,50.0,66.7,66.7,1.735
fg,MUFG,3+,Gier,5,20.0,20.0,20.0,20.0,20.0,24.294
fg,NEE,1,Angst,44,34.1,43.2,47.7,50.0,56.8,2.388
fg,NEE,1,neutral,11,36.4,36.4,45.5,45.5,54.5,2.752
fg,NEE,1,Gier,48,12.5,22.9,27.1,31.2,33.3,4.694
fg,NEE,2,Angst,14,50.0,57.1,57.1,57.1,71.4,1.067
fg,NEE,2,neutral,7,28.6,28.6,28.6,42.9,42.9,4.011
fg,NEE,2,Gier,12,16.7,41.7,50.0,50.0,58.3,2.268
fg,NEE,3+,Angst,13,61.5,61.5,61.5,61.5,76.9,0.233
fg,NEE,3+,neutral,2,100.0,100.0,100.0,100.0,100.0,0.108
fg,NEE,3+,Gier,8,37.5,50.0,50.0,62.5,62.5,1.53
fg,NEM,1,Angst,58,32.8,43.1,46.6,53.4,55.2,2.298
fg,NEM,1,neutral,19,21.1,31.6,31.6,36.8,52.6,2.787
fg,NEM,1,Gier,51,33.3,35.3,39.2,43.1,49.0,3.084
fg,NEM,2,Angst,24,50.0,54.2,58.3,66.7,79.2,1.014
fg,NEM,2,neutral,4,25.0,50.0,50.0,50.0,50.0,2.191
fg,NEM,2,Gier,17,35.3,41.2,41.2,52.9,52.9,2.465
fg,NEM,3+,Angst,14,14.3,35.7,35.7,35.7,50.0,3.227
fg,NEM,3+,neutral,5,20.0,60.0,60.0,80.0,80.0,1.478
fg,NEM,3+,Gier,22,13.6,18.2,31.8,31.8,40.9,3.861
fg,NET,1,Angst,47,46.8,48.9,53.2,57.4,63.8,1.527
fg,NET,1,neutral,19,47.4,52.6,63.2,63.2,68.4,1.068
fg,NET,1,Gier,49,38.8,44.9,49.0,59.2,61.2,2.151
fg,NET,2,Angst,21,47.6,57.1,57.1,66.7,71.4,1.139
fg,NET,2,neutral,8,37.5,37.5,50.0,62.5,62.5,2.01
fg,NET,2,Gier,14,21.4,28.6,42.9,64.3,64.3,2.095
fg,NET,3+,Angst,22,31.8,50.0,59.1,68.2,72.7,1.704
fg,NET,3+,neutral,4,25.0,75.0,75.0,75.0,100.0,1.331
fg,NET,3+,Gier,3,33.3,66.7,66.7,66.7,66.7,1.478
fg,NFLX,1,Angst,41,43.9,53.7,58.5,65.9,70.7,1.266
fg,NFLX,1,neutral,15,20.0,26.7,33.3,40.0,53.3,2.879
fg,NFLX,1,Gier,63,33.3,46.0,52.4,55.6,58.7,1.603
fg,NFLX,2,Angst,21,42.9,52.4,52.4,52.4,57.1,1.453
fg,NFLX,2,neutral,6,33.3,50.0,50.0,50.0,50.0,2.707
fg,NFLX,2,Gier,16,37.5,56.2,56.2,56.2,56.2,1.304
fg,NFLX,3+,Angst,18,61.1,66.7,66.7,72.2,72.2,0.192
fg,NFLX,3+,neutral,10,20.0,20.0,30.0,40.0,40.0,5.191
fg,NFLX,3+,Gier,7,42.9,42.9,57.1,71.4,71.4,1.915
fg,NKE,1,Angst,33,42.4,42.4,45.5,51.5,51.5,2.443
fg,NKE,1,neutral,15,20.0,26.7,33.3,40.0,40.0,4.215
fg,NKE,1,Gier,40,17.5,22.5,27.5,32.5,42.5,3.633
fg,NKE,2,Angst,15,6.7,13.3,20.0,33.3,33.3,5.071
fg,NKE,2,neutral,3,33.3,33.3,33.3,33.3,33.3,3.974
fg,NKE,2,Gier,13,7.7,15.4,15.4,23.1,23.1,4.726
fg,NKE,3+,Angst,37,27.0,32.4,32.4,35.1,40.5,4.042
fg,NKE,3+,neutral,6,0.0,0.0,0.0,0.0,16.7,5.455
fg,NKE,3+,Gier,11,9.1,27.3,27.3,45.5,54.5,2.618
fg,NOW,1,Angst,37,43.2,48.6,56.8,59.5,64.9,1.523
fg,NOW,1,neutral,13,30.8,30.8,38.5,38.5,46.2,3.939
fg,NOW,1,Gier,50,38.0,42.0,46.0,56.0,58.0,2.271
fg,NOW,2,Angst,19,42.1,52.6,52.6,57.9,57.9,1.354
fg,NOW,2,neutral,7,14.3,14.3,14.3,28.6,28.6,4.969
fg,NOW,2,Gier,9,55.6,55.6,66.7,77.8,77.8,0.0
fg,NOW,3+,Angst,23,43.5,43.5,43.5,56.5,65.2,2.144
fg,NOW,3+,neutral,3,0.0,0.0,0.0,0.0,33.3,4.276
fg,NOW,3+,Gier,7,0.0,28.6,28.6,28.6,42.9,4.207
fg,NVDA,1,Angst,37,54.1,62.2,70.3,75.7,78.4,0.0
fg,NVDA,1,neutral,20,50.0,50.0,55.0,65.0,70.0,1.257
fg,NVDA,1,Gier,64,62.5,68.8,71.9,75.0,76.6,0.377
fg,NVDA,2,Angst,16,18.8,62.5,62.5,62.5,68.8,1.315
fg,NVDA,2,neutral,7,14.3,14.3,14.3,14.3,28.6,3.694
fg,NVDA,2,Gier,12,66.7,66.7,66.7,83.3,91.7,0.321
fg,NVDA,3+,Angst,23,34.8,39.1,56.5,69.6,78.3,1.855
fg,NVO,1,Angst,48,35.4,43.8,54.2,58.3,62.5,1.882
fg,NVO,1,neutral,27,22.2,29.6,33.3,37.0,37.0,3.772
fg,NVO,1,Gier,61,36.1,44.3,45.9,57.4,63.9,2.205
fg,NVO,2,Angst,24,41.7,50.0,54.2,54.2,62.5,1.371
fg,NVO,2,neutral,8,0.0,0.0,12.5,37.5,50.0,2.86
fg,NVO,2,Gier,14,35.7,50.0,57.1,64.3,71.4,1.491
fg,NVO,3+,Angst,21,47.6,47.6,57.1,66.7,66.7,1.541
fg,NVO,3+,neutral,3,66.7,66.7,66.7,66.7,66.7,0.985
fg,NVO,3+,Gier,8,50.0,75.0,75.0,75.0,75.0,1.004
fg,NVS,1,Angst,46,43.5,50.0,54.3,58.7,65.2,1.56
fg,NVS,1,neutral,17,11.8,17.6,29.4,41.2,41.2,3.342
fg,NVS,1,Gier,71,26.8,31.0,35.2,40.8,45.1,3.3
fg,NVS,2,Angst,21,38.1,42.9,42.9,47.6,57.1,2.523
fg,NVS,2,neutral,7,85.7,85.7,85.7,85.7,85.7,0.0
fg,NVS,2,Gier,15,13.3,20.0,20.0,26.7,33.3,3.467
fg,NVS,3+,Angst,16,50.0,50.0,50.0,68.8,75.0,1.457
fg,NVS,3+,neutral,4,50.0,50.0,50.0,50.0,50.0,2.225
fg,NVS,3+,Gier,12,25.0,41.7,50.0,50.0,66.7,2.337
fg,NXPI,1,Angst,34,29.4,32.4,38.2,50.0,50.0,2.735
fg,NXPI,1,neutral,17,17.6,23.5,29.4,29.4,35.3,5.666
fg,NXPI,1,Gier,59,35.6,44.1,47.5,55.9,61.0,2.091
fg,NXPI,2,Angst,27,29.6,33.3,40.7,51.9,55.6,2.424
fg,NXPI,2,neutral,6,33.3,33.3,50.0,66.7,66.7,1.861
fg,NXPI,2,Gier,18,44.4,50.0,55.6,66.7,66.7,1.526
fg,NXPI,3+,Angst,27,51.9,66.7,70.4,77.8,85.2,0.844
fg,NXPI,3+,neutral,2,0.0,0.0,0.0,0.0,0.0,7.334
fg,NXPI,3+,Gier,6,66.7,66.7,66.7,66.7,83.3,0.392
fg,ODFL,1,Angst,41,63.4,73.2,75.6,78.0,82.9,0.56
fg,ODFL,1,neutral,18,66.7,66.7,66.7,72.2,72.2,0.236
fg,ODFL,1,Gier,55,30.9,34.5,41.8,49.1,54.5,2.614
fg,ODFL,2,Angst,17,47.1,52.9,52.9,64.7,76.5,1.052
fg,ODFL,2,neutral,6,50.0,66.7,66.7,66.7,66.7,0.829
fg,ODFL,2,Gier,18,44.4,44.4,50.0,55.6,66.7,2.031
fg,ODFL,3+,Angst,18,38.9,38.9,55.6,66.7,77.8,1.687
fg,ODFL,3+,neutral,6,66.7,66.7,66.7,66.7,83.3,0.74
fg,ODFL,3+,Gier,6,33.3,50.0,66.7,66.7,83.3,1.446
fg,ON,1,Angst,39,28.2,30.8,43.6,51.3,56.4,2.368
fg,ON,1,neutral,14,35.7,42.9,50.0,57.1,71.4,1.957
fg,ON,1,Gier,59,22.0,32.2,39.0,49.2,55.9,2.576
fg,ON,2,Angst,24,37.5,54.2,66.7,75.0,83.3,1.344
fg,ON,2,neutral,5,20.0,40.0,40.0,40.0,40.0,7.088
fg,ON,2,Gier,13,30.8,38.5,46.2,53.8,76.9,2.401
fg,ON,3+,Angst,24,50.0,50.0,54.2,58.3,58.3,1.268
fg,ON,3+,neutral,2,0.0,0.0,50.0,50.0,50.0,5.752
fg,ON,3+,Gier,7,14.3,14.3,14.3,14.3,14.3,4.01
fg,ORCL,1,Angst,30,43.3,43.3,43.3,43.3,56.7,2.894
fg,ORCL,1,neutral,25,24.0,36.0,44.0,48.0,52.0,2.52
fg,ORCL,1,Gier,58,24.1,31.0,39.7,44.8,50.0,3.011
fg,ORCL,2,Angst,17,35.3,35.3,35.3,41.2,47.1,3.001
fg,ORCL,2,neutral,3,0.0,33.3,33.3,33.3,33.3,6.412
fg,ORCL,2,Gier,18,38.9,44.4,50.0,50.0,61.1,2.248
fg,ORCL,3+,Angst,20,30.0,40.0,45.0,55.0,55.0,2.356
fg,ORCL,3+,neutral,2,0.0,0.0,0.0,0.0,0.0,5.532
fg,ORCL,3+,Gier,8,25.0,25.0,25.0,25.0,25.0,5.332
fg,ORLY,1,Angst,38,52.6,55.3,65.8,71.1,76.3,0.944
fg,ORLY,1,neutral,16,62.5,62.5,68.8,68.8,68.8,0.742
fg,ORLY,1,Gier,39,30.8,35.9,48.7,53.8,61.5,2.438
fg,ORLY,2,Angst,16,68.8,81.2,93.8,93.8,93.8,0.274
fg,ORLY,2,neutral,5,40.0,60.0,80.0,80.0,100.0,1.327
fg,ORLY,2,Gier,10,10.0,30.0,40.0,50.0,50.0,2.554
fg,ORLY,3+,Angst,12,41.7,58.3,58.3,75.0,83.3,1.359
fg,ORLY,3+,neutral,5,60.0,60.0,100.0,100.0,100.0,0.544
fg,ORLY,3+,Gier,6,50.0,66.7,66.7,83.3,100.0,0.633
fg,PANW,1,Angst,49,44.9,53.1,55.1,59.2,69.4,1.181
fg,PANW,1,neutral,15,33.3,40.0,46.7,46.7,46.7,3.232
fg,PANW,1,Gier,57,31.6,36.8,40.4,45.6,47.4,3.126
fg,PANW,2,Angst,23,43.5,52.2,56.5,69.6,78.3,1.234
fg,PANW,2,neutral,8,25.0,37.5,37.5,50.0,50.0,3.759
fg,PANW,2,Gier,10,30.0,50.0,60.0,60.0,70.0,1.483
fg,PANW,3+,Angst,21,61.9,66.7,66.7,66.7,71.4,0.417
fg,PANW,3+,neutral,3,0.0,0.0,66.7,66.7,66.7,1.774
fg,PANW,3+,Gier,3,33.3,66.7,66.7,66.7,66.7,1.398
fg,PAYX,1,Angst,45,35.6,40.0,51.1,60.0,62.2,1.996
fg,PAYX,1,neutral,21,47.6,61.9,66.7,76.2,76.2,1.247
fg,PAYX,1,Gier,41,34.1,41.5,46.3,48.8,48.8,3.138
fg,PAYX,2,Angst,21,33.3,47.6,61.9,61.9,61.9,1.573
fg,PAYX,2,neutral,8,25.0,25.0,25.0,37.5,37.5,4.429
fg,PAYX,2,Gier,13,46.2,53.8,61.5,69.2,69.2,1.008
fg,PAYX,3+,Angst,20,45.0,60.0,65.0,80.0,80.0,1.069
fg,PAYX,3+,neutral,3,0.0,33.3,33.3,33.3,33.3,3.431
fg,PAYX,3+,Gier,9,22.2,22.2,33.3,44.4,44.4,5.101
fg,PBR,1,Angst,44,36.4,38.6,50.0,56.8,68.2,2.021
fg,PBR,1,neutral,22,22.7,27.3,31.8,36.4,40.9,3.668
fg,PBR,1,Gier,52,15.4,21.2,28.8,34.6,36.5,4.393
fg,PBR,2,Angst,23,43.5,60.9,65.2,65.2,65.2,1.136
fg,PBR,2,neutral,5,20.0,60.0,60.0,60.0,60.0,1.38
fg,PBR,2,Gier,18,27.8,33.3,33.3,44.4,44.4,4.258
fg,PBR,3+,Angst,21,71.4,71.4,76.2,76.2,76.2,0.0
fg,PBR,3+,neutral,2,0.0,0.0,0.0,0.0,0.0,16.269
fg,PBR,3+,Gier,14,28.6,35.7,35.7,42.9,42.9,4.269
fg,PCAR,1,Angst,29,48.3,58.6,62.1,69.0,75.9,1.107
fg,PCAR,1,neutral,14,35.7,64.3,71.4,71.4,71.4,1.377
fg,PCAR,1,Gier,53,34.0,45.3,60.4,69.8,69.8,1.579
fg,PCAR,2,Angst,17,47.1,52.9,52.9,58.8,64.7,1.475
fg,PCAR,2,neutral,4,50.0,50.0,50.0,50.0,50.0,4.061
fg,PCAR,2,Gier,8,12.5,25.0,62.5,75.0,75.0,1.832
fg,PCAR,3+,Angst,27,37.0,48.1,51.9,63.0,63.0,1.672
fg,PCAR,3+,neutral,4,25.0,50.0,50.0,50.0,50.0,2.959
fg,PCAR,3+,Gier,10,50.0,60.0,70.0,70.0,70.0,1.089
fg,PDD,1,Angst,38,28.9,28.9,31.6,42.1,47.4,3.183
fg,PDD,1,neutral,16,12.5,25.0,25.0,25.0,31.2,4.865
fg,PDD,1,Gier,53,39.6,43.4,47.2,52.8,60.4,2.367
fg,PDD,2,Angst,24,29.2,37.5,37.5,41.7,45.8,3.479
fg,PDD,2,neutral,7,42.9,42.9,71.4,71.4,71.4,1.587
fg,PDD,2,Gier,22,22.7,27.3,50.0,54.5,54.5,1.984
fg,PDD,3+,Angst,27,29.6,29.6,44.4,48.1,48.1,3.167
fg,PDD,3+,neutral,6,33.3,66.7,66.7,66.7,66.7,1.36
fg,PDD,3+,Gier,10,20.0,30.0,50.0,70.0,70.0,1.993
fg,PEP,1,Angst,45,31.1,33.3,44.4,48.9,62.2,2.581
fg,PEP,1,neutral,18,44.4,44.4,44.4,44.4,44.4,3.686
fg,PEP,1,Gier,50,28.0,38.0,44.0,46.0,50.0,3.075
fg,PEP,2,Angst,19,26.3,31.6,52.6,52.6,57.9,1.932
fg,PEP,2,neutral,6,66.7,66.7,83.3,83.3,83.3,0.324
fg,PEP,2,Gier,15,20.0,20.0,20.0,46.7,46.7,3.346
fg,PEP,3+,Angst,17,47.1,58.8,76.5,82.4,88.2,1.296
fg,PEP,3+,neutral,5,100.0,100.0,100.0,100.0,100.0,0.532
fg,PEP,3+,Gier,16,31.2,31.2,50.0,50.0,62.5,2.225
fg,PFE,1,Angst,30,36.7,50.0,53.3,56.7,56.7,1.494
fg,PFE,1,neutral,8,62.5,75.0,75.0,75.0,75.0,0.707
fg,PFE,1,Gier,42,14.3,19.0,23.8,28.6,42.9,3.381
fg,PFE,2,Angst,16,56.2,62.5,62.5,68.8,68.8,0.948
fg,PFE,2,neutral,6,50.0,66.7,66.7,66.7,83.3,0.716
fg,PFE,2,Gier,17,5.9,5.9,11.8,11.8,17.6,4.564
fg,PFE,3+,Angst,19,36.8,36.8,42.1,57.9,63.2,2.274
fg,PFE,3+,neutral,3,33.3,33.3,33.3,33.3,33.3,3.951
fg,PFE,3+,Gier,20,15.0,20.0,25.0,30.0,30.0,3.516
fg,PG,1,Angst,53,28.3,37.7,49.1,52.8,54.7,2.011
fg,PG,1,neutral,18,33.3,50.0,55.6,61.1,61.1,1.684
fg,PG,1,Gier,48,31.2,41.7,47.9,50.0,58.3,2.333
fg,PG,2,Angst,14,14.3,28.6,28.6,28.6,35.7,3.399
fg,PG,2,neutral,6,50.0,66.7,66.7,66.7,66.7,0.641
fg,PG,2,Gier,13,15.4,23.1,30.8,38.5,38.5,3.703
fg,PG,3+,Angst,22,50.0,63.6,72.7,86.4,90.9,0.899
fg,PG,3+,neutral,1,0.0,0.0,0.0,0.0,0.0,3.026
fg,PG,3+,Gier,11,36.4,54.5,54.5,63.6,63.6,1.077
fg,PGR,1,Angst,39,56.4,66.7,69.2,71.8,82.1,0.858
fg,PGR,1,neutral,21,28.6,28.6,38.1,47.6,52.4,2.686
fg,PGR,1,Gier,57,38.6,43.9,47.4,49.1,54.4,2.656
fg,PGR,2,Angst,21,52.4,57.1,71.4,76.2,76.2,0.84
fg,PGR,2,neutral,6,50.0,50.0,66.7,66.7,83.3,0.877
fg,PGR,2,Gier,12,41.7,41.7,41.7,41.7,58.3,2.814
fg,PGR,3+,Angst,6,83.3,83.3,100.0,100.0,100.0,0.0
fg,PGR,3+,neutral,4,25.0,25.0,50.0,50.0,75.0,2.17
fg,PGR,3+,Gier,6,16.7,33.3,33.3,50.0,50.0,5.398
fg,PH,1,Angst,42,45.2,47.6,50.0,50.0,61.9,2.252
fg,PH,1,neutral,21,42.9,47.6,61.9,66.7,71.4,1.518
fg,PH,1,Gier,67,35.8,44.8,50.7,56.7,59.7,1.8
fg,PH,2,Angst,22,40.9,40.9,45.5,54.5,59.1,2.224
fg,PH,2,neutral,4,0.0,0.0,0.0,25.0,50.0,3.329
fg,PH,2,Gier,11,54.5,72.7,72.7,81.8,81.8,0.973
fg,PH,3+,Angst,22,22.7,31.8,45.5,59.1,68.2,2.277
fg,PH,3+,neutral,4,0.0,0.0,0.0,0.0,25.0,3.832
fg,PH,3+,Gier,4,100.0,100.0,100.0,100.0,100.0,0.431
fg,PLD,1,Angst,51,51.0,58.8,60.8,62.7,66.7,0.993
fg,PLD,1,neutral,17,58.8,58.8,58.8,70.6,70.6,0.933
fg,PLD,1,Gier,54,33.3,51.9,63.0,63.0,66.7,1.447
fg,PLD,2,Angst,20,65.0,70.0,75.0,75.0,75.0,0.654
fg,PLD,2,neutral,1,100.0,100.0,100.0,100.0,100.0,0.259
fg,PLD,2,Gier,20,45.0,60.0,70.0,70.0,75.0,1.185
fg,PLD,3+,Angst,15,66.7,66.7,80.0,86.7,86.7,0.124
fg,PLD,3+,neutral,2,100.0,100.0,100.0,100.0,100.0,0.216
fg,PLD,3+,Gier,9,55.6,55.6,55.6,55.6,66.7,0.839
fg,PLTR,1,Angst,40,20.0,22.5,40.0,47.5,52.5,2.822
fg,PLTR,1,neutral,14,42.9,50.0,57.1,57.1,64.3,1.489
fg,PLTR,1,Gier,46,45.7,52.2,56.5,65.2,71.7,1.235
fg,PLTR,2,Angst,18,44.4,50.0,66.7,72.2,72.2,1.628
fg,PLTR,2,neutral,3,33.3,33.3,33.3,33.3,33.3,4.998
fg,PLTR,2,Gier,14,35.7,64.3,71.4,78.6,85.7,1.265
fg,PLTR,3+,Angst,14,50.0,57.1,57.1,57.1,64.3,0.992
fg,PLTR,3+,neutral,4,25.0,25.0,75.0,75.0,75.0,1.806
fg,PLTR,3+,Gier,4,50.0,50.0,50.0,50.0,50.0,1.721
fg,PM,1,Angst,46,34.8,39.1,43.5,54.3,58.7,2.392
fg,PM,1,neutral,14,50.0,57.1,57.1,71.4,71.4,0.859
fg,PM,1,Gier,54,24.1,24.1,37.0,40.7,46.3,3.096
fg,PM,2,Angst,15,40.0,40.0,53.3,66.7,80.0,1.928
fg,PM,2,neutral,8,37.5,37.5,37.5,50.0,50.0,2.887
fg,PM,2,Gier,12,33.3,33.3,50.0,58.3,58.3,2.106
fg,PM,3+,Angst,19,42.1,47.4,63.2,68.4,73.7,1.724
fg,PM,3+,neutral,2,0.0,0.0,0.0,0.0,50.0,3.106
fg,PM,3+,Gier,11,18.2,36.4,54.5,54.5,72.7,1.66
fg,PSX,1,Angst,35,20.0,37.1,48.6,54.3,65.7,2.272
fg,PSX,1,neutral,19,26.3,31.6,42.1,52.6,57.9,2.466
fg,PSX,1,Gier,54,37.0,48.1,50.0,57.4,64.8,1.834
fg,PSX,2,Angst,16,50.0,75.0,75.0,75.0,81.2,0.765
fg,PSX,2,neutral,7,28.6,57.1,57.1,71.4,71.4,1.37
fg,PSX,2,Gier,11,27.3,45.5,45.5,72.7,81.8,2.047
fg,PSX,3+,Angst,21,61.9,66.7,66.7,76.2,85.7,0.601
fg,PSX,3+,neutral,7,0.0,14.3,28.6,28.6,42.9,3.116
fg,PSX,3+,Gier,12,16.7,25.0,25.0,33.3,41.7,4.784
fg,PYPL,1,Angst,39,48.7,51.3,51.3,51.3,51.3,1.356
fg,PYPL,1,neutral,19,21.1,36.8,42.1,47.4,47.4,3.056
fg,PYPL,1,Gier,45,26.7,37.8,42.2,51.1,51.1,2.495
fg,PYPL,2,Angst,22,18.2,22.7,27.3,31.8,40.9,3.247
fg,PYPL,2,neutral,8,12.5,12.5,25.0,37.5,50.0,3.325
fg,PYPL,2,Gier,16,18.8,31.2,37.5,43.8,50.0,3.457
fg,PYPL,3+,Angst,26,42.3,42.3,46.2,50.0,50.0,2.532
fg,PYPL,3+,neutral,8,12.5,12.5,12.5,25.0,37.5,5.834
fg,PYPL,3+,Gier,10,30.0,40.0,60.0,70.0,70.0,1.784
fg,QCOM,1,Angst,30,20.0,30.0,33.3,36.7,40.0,4.437
fg,QCOM,1,neutral,14,28.6,28.6,28.6,28.6,28.6,4.204
fg,QCOM,1,Gier,54,33.3,38.9,44.4,53.7,61.1,2.358
fg,QCOM,2,Angst,25,40.0,44.0,44.0,48.0,56.0,2.506
fg,QCOM,2,neutral,5,40.0,40.0,60.0,60.0,80.0,1.605
fg,QCOM,2,Gier,16,18.8,25.0,25.0,56.2,62.5,2.419
fg,QCOM,3+,Angst,31,22.6,32.3,48.4,54.8,67.7,2.043
fg,QCOM,3+,neutral,5,20.0,40.0,40.0,60.0,60.0,2.255
fg,QCOM,3+,Gier,7,28.6,42.9,42.9,57.1,71.4,2.403
fg,REGN,1,Angst,47,42.6,51.1,55.3,63.8,66.0,1.406
fg,REGN,1,neutral,18,38.9,38.9,50.0,55.6,55.6,2.082
fg,REGN,1,Gier,39,25.6,38.5,41.0,48.7,56.4,2.624
fg,REGN,2,Angst,15,46.7,46.7,60.0,60.0,66.7,1.895
fg,REGN,2,neutral,10,80.0,80.0,80.0,80.0,80.0,0.096
fg,REGN,2,Gier,10,50.0,50.0,50.0,50.0,60.0,1.784
fg,REGN,3+,Angst,11,36.4,36.4,36.4,45.5,54.5,2.966
fg,REGN,3+,neutral,3,66.7,66.7,66.7,66.7,100.0,0.378
fg,REGN,3+,Gier,12,8.3,8.3,16.7,33.3,41.7,3.233
fg,RIO,1,Angst,53,43.4,45.3,50.9,60.4,66.0,1.931
fg,RIO,1,neutral,28,46.4,46.4,46.4,50.0,53.6,2.574
fg,RIO,1,Gier,81,34.6,38.3,43.2,50.6,56.8,2.46
fg,RIO,2,Angst,24,29.2,29.2,41.7,45.8,62.5,2.565
fg,RIO,2,neutral,7,0.0,14.3,28.6,28.6,57.1,2.94
fg,RIO,2,Gier,23,39.1,43.5,47.8,56.5,60.9,2.209
fg,RIO,3+,Angst,27,44.4,51.9,59.3,63.0,66.7,1.425
fg,RIO,3+,neutral,6,16.7,16.7,50.0,83.3,83.3,2.008
fg,RIO,3+,Gier,13,46.2,53.8,61.5,69.2,69.2,1.042
fg,ROP,1,Angst,48,43.8,50.0,56.2,56.2,62.5,1.443
fg,ROP,1,neutral,16,37.5,50.0,50.0,56.2,62.5,1.921
fg,ROP,1,Gier,49,24.5,34.7,44.9,44.9,44.9,3.479
fg,ROP,2,Angst,25,52.0,56.0,60.0,72.0,72.0,0.65
fg,ROP,2,neutral,5,0.0,0.0,40.0,40.0,40.0,3.289
fg,ROP,2,Gier,16,43.8,50.0,50.0,50.0,56.2,2.088
fg,ROP,3+,Angst,17,52.9,52.9,64.7,70.6,76.5,0.465
fg,ROP,3+,neutral,5,0.0,20.0,20.0,20.0,20.0,7.607
fg,ROP,3+,Gier,5,40.0,60.0,100.0,100.0,100.0,1.097
fg,ROST,1,Angst,47,40.4,46.8,55.3,61.7,66.0,1.691
fg,ROST,1,neutral,15,33.3,46.7,46.7,60.0,66.7,2.227
fg,ROST,1,Gier,58,41.4,51.7,51.7,56.9,63.8,1.461
fg,ROST,2,Angst,23,39.1,39.1,43.5,52.2,52.2,2.494
fg,ROST,2,neutral,5,60.0,80.0,80.0,80.0,80.0,0.402
fg,ROST,2,Gier,22,45.5,50.0,54.5,59.1,59.1,1.513
fg,ROST,3+,Angst,18,33.3,55.6,61.1,66.7,66.7,1.248
fg,ROST,3+,neutral,5,40.0,40.0,80.0,80.0,80.0,1.57
fg,ROST,3+,Gier,10,70.0,70.0,70.0,80.0,80.0,0.639
fg,RTX,1,Angst,45,28.9,35.6,51.1,55.6,60.0,1.955
fg,RTX,1,neutral,24,45.8,54.2,58.3,62.5,70.8,1.373
fg,RTX,1,Gier,47,40.4,46.8,53.2,57.4,66.0,1.814
fg,RTX,2,Angst,20,40.0,50.0,65.0,65.0,70.0,1.397
fg,RTX,2,neutral,6,66.7,66.7,66.7,66.7,66.7,0.75
fg,RTX,2,Gier,15,53.3,53.3,53.3,53.3,60.0,0.717
fg,RTX,3+,Angst,18,55.6,72.2,72.2,77.8,83.3,0.506
fg,RTX,3+,neutral,5,20.0,40.0,40.0,40.0,80.0,2.738
fg,RTX,3+,Gier,6,33.3,50.0,50.0,50.0,50.0,3.126
fg,RY,1,Angst,49,46.9,53.1,57.1,61.2,69.4,1.348
fg,RY,1,neutral,19,42.1,47.4,52.6,57.9,57.9,1.704
fg,RY,1,Gier,62,29.0,35.5,43.5,46.8,53.2,2.723
fg,RY,2,Angst,25,48.0,56.0,60.0,68.0,80.0,1.074
fg,RY,2,neutral,6,16.7,16.7,16.7,16.7,16.7,4.438
fg,RY,2,Gier,15,20.0,46.7,46.7,46.7,46.7,3.032
fg,RY,3+,Angst,23,56.5,60.9,69.6,78.3,82.6,0.91
fg,RY,3+,neutral,6,16.7,33.3,33.3,33.3,33.3,6.697
fg,RY,3+,Gier,7,0.0,28.6,28.6,28.6,28.6,5.045
fg,SAN,1,Angst,57,35.1,36.8,40.4,45.6,50.9,2.973
fg,SAN,1,neutral,23,13.0,17.4,30.4,39.1,43.5,3.185
fg,SAN,1,Gier,73,35.6,43.8,54.8,57.5,61.6,1.75
fg,SAN,2,Angst,25,48.0,48.0,52.0,52.0,56.0,1.787
fg,SAN,2,neutral,7,28.6,42.9,42.9,42.9,57.1,2.956
fg,SAN,2,Gier,23,47.8,56.5,56.5,60.9,65.2,1.306
fg,SAN,3+,Angst,21,66.7,71.4,71.4,85.7,95.2,0.499
fg,SAN,3+,neutral,6,33.3,83.3,83.3,83.3,83.3,1.058
fg,SAN,3+,Gier,7,28.6,28.6,42.9,57.1,57.1,2.18
fg,SBUX,1,Angst,45,46.7,48.9,51.1,55.6,57.8,1.738
fg,SBUX,1,neutral,13,30.8,46.2,53.8,61.5,69.2,1.934
fg,SBUX,1,Gier,59,16.9,33.9,37.3,42.4,47.5,3.165
fg,SBUX,2,Angst,22,50.0,50.0,50.0,54.5,63.6,1.32
fg,SBUX,2,neutral,9,33.3,44.4,44.4,55.6,55.6,2.071
fg,SBUX,2,Gier,20,5.0,30.0,40.0,50.0,55.0,2.375
fg,SBUX,3+,Angst,20,60.0,60.0,60.0,65.0,80.0,0.435
fg,SBUX,3+,Gier,6,33.3,33.3,50.0,50.0,50.0,2.858
fg,SCCO,1,Angst,44,45.5,50.0,54.5,61.4,61.4,1.49
fg,SCCO,1,neutral,29,31.0,41.4,41.4,48.3,55.2,2.744
fg,SCCO,1,Gier,70,42.9,45.7,58.6,71.4,72.9,1.722
fg,SCCO,2,Angst,29,37.9,44.8,58.6,65.5,72.4,1.786
fg,SCCO,2,neutral,9,33.3,44.4,44.4,55.6,55.6,2.312
fg,SCCO,2,Gier,15,46.7,46.7,66.7,73.3,80.0,1.6
fg,SCCO,3+,Angst,22,31.8,40.9,45.5,54.5,63.6,2.269
fg,SCCO,3+,neutral,2,50.0,50.0,50.0,50.0,50.0,1.766
fg,SCCO,3+,Gier,8,62.5,87.5,87.5,87.5,87.5,0.076
fg,SCHW,1,Angst,44,38.6,52.3,65.9,70.5,75.0,1.454
fg,SCHW,1,neutral,19,15.8,26.3,36.8,42.1,42.1,4.781
fg,SCHW,1,Gier,33,45.5,51.5,54.5,57.6,63.6,1.461
fg,SCHW,2,Angst,18,38.9,66.7,72.2,83.3,83.3,1.278
fg,SCHW,2,neutral,5,40.0,40.0,40.0,60.0,60.0,2.129
fg,SCHW,2,Gier,10,40.0,50.0,60.0,70.0,70.0,1.538
fg,SCHW,3+,Angst,11,63.6,72.7,81.8,81.8,81.8,0.039
fg,SCHW,3+,neutral,1,100.0,100.0,100.0,100.0,100.0,0.0
fg,SCHW,3+,Gier,4,25.0,50.0,50.0,50.0,50.0,6.147
fg,SHEL,1,Angst,63,28.6,34.9,46.0,49.2,61.9,2.564
fg,SHEL,1,neutral,22,31.8,31.8,45.5,50.0,54.5,2.425
fg,SHEL,1,Gier,53,32.1,49.1,52.8,54.7,62.3,1.599
fg,SHEL,2,Angst,27,48.1,55.6,59.3,70.4,70.4,1.32
fg,SHEL,2,neutral,4,25.0,25.0,25.0,50.0,50.0,3.834
fg,SHEL,2,Gier,15,46.7,53.3,60.0,73.3,73.3,1.479
fg,SHEL,3+,Angst,11,36.4,45.5,54.5,54.5,54.5,1.712
fg,SHEL,3+,neutral,8,0.0,25.0,25.0,25.0,37.5,3.439
fg,SHEL,3+,Gier,5,20.0,20.0,20.0,40.0,40.0,3.775
fg,SHOP,1,Angst,29,31.0,34.5,41.4,48.3,55.2,2.909
fg,SHOP,1,neutral,17,35.3,47.1,52.9,52.9,58.8,1.549
fg,SHOP,1,Gier,54,24.1,31.5,35.2,44.4,53.7,2.717
fg,SHOP,2,Angst,21,47.6,47.6,57.1,61.9,71.4,1.629
fg,SHOP,2,neutral,8,37.5,37.5,37.5,37.5,50.0,4.898
fg,SHOP,2,Gier,10,50.0,50.0,50.0,70.0,70.0,1.448
fg,SHOP,3+,Angst,25,28.0,40.0,44.0,52.0,64.0,2.389
fg,SHOP,3+,neutral,5,20.0,20.0,20.0,20.0,40.0,3.055
fg,SHOP,3+,Gier,11,27.3,27.3,45.5,54.5,54.5,2.285
fg,SHW,1,Angst,34,44.1,47.1,52.9,55.9,58.8,1.738
fg,SHW,1,neutral,19,47.4,47.4,52.6,63.2,63.2,1.512
fg,SHW,1,Gier,49,30.6,40.8,42.9,53.1,55.1,2.331
fg,SHW,2,Angst,17,11.8,17.6,23.5,29.4,35.3,3.206
fg,SHW,2,neutral,7,28.6,28.6,28.6,42.9,42.9,3.113
fg,SHW,2,Gier,13,46.2,46.2,53.8,61.5,61.5,1.529
fg,SHW,3+,Angst,26,34.6,42.3,50.0,57.7,73.1,1.948
fg,SHW,3+,neutral,6,0.0,0.0,0.0,16.7,50.0,4.521
fg,SHW,3+,Gier,5,40.0,40.0,60.0,80.0,80.0,1.685
fg,SMFG,1,Angst,48,37.5,39.6,43.8,52.1,58.3,2.394
fg,SMFG,1,neutral,22,27.3,27.3,27.3,31.8,45.5,3.647
fg,SMFG,1,Gier,41,46.3,48.8,53.7,61.0,65.9,1.75
fg,SMFG,2,Angst,17,29.4,29.4,35.3,41.2,52.9,2.973
fg,SMFG,2,neutral,5,0.0,20.0,20.0,20.0,20.0,4.855
fg,SMFG,2,Gier,14,21.4,28.6,28.6,35.7,42.9,3.631
fg,SMFG,3+,Angst,29,48.3,51.7,55.2,62.1,72.4,1.022
fg,SMFG,3+,neutral,8,12.5,12.5,37.5,37.5,62.5,2.748
fg,SMFG,3+,Gier,5,20.0,20.0,20.0,20.0,40.0,4.031
fg,SNDK,1,Angst,9,44.4,55.6,55.6,66.7,66.7,1.084
fg,SNDK,1,neutral,3,100.0,100.0,100.0,100.0,100.0,0.0
fg,SNDK,1,Gier,5,60.0,60.0,60.0,60.0,60.0,0.0
fg,SNDK,2,Angst,3,100.0,100.0,100.0,100.0,100.0,0.0
fg,SNDK,2,Gier,1,0.0,0.0,0.0,100.0,100.0,2.263
fg,SNOW,1,Angst,37,32.4,43.2,51.4,56.8,59.5,1.922
fg,SNOW,1,neutral,16,37.5,43.8,43.8,50.0,56.2,2.662
fg,SNOW,1,Gier,47,27.7,29.8,36.2,40.4,44.7,3.242
fg,SNOW,2,Angst,23,34.8,34.8,39.1,52.2,52.2,2.357
fg,SNOW,2,neutral,8,25.0,25.0,25.0,25.0,25.0,4.434
fg,SNOW,2,Gier,13,23.1,30.8,30.8,38.5,53.8,2.765
fg,SNOW,3+,Angst,28,39.3,42.9,46.4,46.4,50.0,2.971
fg,SNOW,3+,neutral,3,33.3,33.3,33.3,33.3,33.3,6.026
fg,SNOW,3+,Gier,9,22.2,22.2,33.3,44.4,66.7,2.837
fg,SNPS,1,Angst,41,58.5,61.0,61.0,61.0,63.4,0.508
fg,SNPS,1,neutral,19,21.1,21.1,21.1,21.1,21.1,4.162
fg,SNPS,1,Gier,63,28.6,33.3,39.7,41.3,44.4,3.851
fg,SNPS,2,Angst,22,59.1,63.6,63.6,63.6,68.2,0.381
fg,SNPS,2,neutral,8,12.5,25.0,25.0,25.0,25.0,4.834
fg,SNPS,2,Gier,13,46.2,53.8,53.8,61.5,69.2,1.135
fg,SNPS,3+,Angst,28,46.4,50.0,57.1,60.7,67.9,1.374
fg,SNPS,3+,neutral,1,0.0,0.0,0.0,0.0,0.0,15.23
fg,SNPS,3+,Gier,4,25.0,25.0,25.0,50.0,50.0,3.016
fg,SNY,1,Angst,42,23.8,35.7,40.5,47.6,52.4,2.614
fg,SNY,1,neutral,13,38.5,38.5,46.2,46.2,46.2,4.125
fg,SNY,1,Gier,47,19.1,23.4,27.7,34.0,40.4,4.071
fg,SNY,2,Angst,18,16.7,27.8,27.8,27.8,38.9,4.145
fg,SNY,2,neutral,4,25.0,25.0,25.0,50.0,50.0,3.177
fg,SNY,2,Gier,15,33.3,33.3,46.7,53.3,53.3,2.057
fg,SNY,3+,Angst,19,52.6,52.6,63.2,63.2,73.7,0.474
fg,SNY,3+,neutral,4,25.0,25.0,50.0,50.0,50.0,3.054
fg,SNY,3+,Gier,13,23.1,23.1,30.8,30.8,30.8,4.471
fg,SO,1,Angst,46,43.5,50.0,54.3,56.5,73.9,1.649
fg,SO,1,neutral,16,37.5,43.8,43.8,43.8,43.8,3.694
fg,SO,1,Gier,50,12.0,24.0,34.0,46.0,50.0,2.913
fg,SO,2,Angst,17,29.4,41.2,41.2,52.9,58.8,2.428
fg,SO,2,neutral,3,33.3,33.3,66.7,66.7,66.7,1.978
fg,SO,2,Gier,22,36.4,50.0,77.3,81.8,81.8,1.505
fg,SO,3+,Angst,12,75.0,83.3,83.3,83.3,83.3,0.019
fg,SO,3+,neutral,1,100.0,100.0,100.0,100.0,100.0,0.0
fg,SO,3+,Gier,9,22.2,22.2,33.3,44.4,44.4,3.122
fg,SONY,1,Angst,47,27.7,36.2,42.6,46.8,57.4,2.855
fg,SONY,1,neutral,20,25.0,30.0,35.0,45.0,45.0,4.148
fg,SONY,1,Gier,66,18.2,24.2,37.9,37.9,45.5,3.64
fg,SONY,2,Angst,23,26.1,30.4,43.5,47.8,60.9,2.517
fg,SONY,2,neutral,10,10.0,30.0,30.0,40.0,40.0,4.825
fg,SONY,2,Gier,16,31.2,31.2,43.8,43.8,43.8,3.491
fg,SONY,3+,Angst,34,32.4,35.3,38.2,47.1,50.0,2.955
fg,SONY,3+,neutral,6,33.3,33.3,33.3,33.3,33.3,9.385
fg,SONY,3+,Gier,12,16.7,16.7,25.0,25.0,25.0,5.249
fg,SPG,1,Angst,36,44.4,44.4,58.3,63.9,72.2,1.72
fg,SPG,1,neutral,18,38.9,55.6,66.7,72.2,72.2,1.325
fg,SPG,1,Gier,50,40.0,54.0,58.0,62.0,70.0,1.351
fg,SPG,2,Angst,17,47.1,58.8,64.7,76.5,82.4,1.131
fg,SPG,2,neutral,5,0.0,0.0,40.0,40.0,60.0,2.929
fg,SPG,2,Gier,13,46.2,61.5,69.2,69.2,76.9,1.002
fg,SPG,3+,Angst,21,57.1,57.1,61.9,66.7,71.4,0.688
fg,SPG,3+,neutral,1,0.0,0.0,0.0,0.0,0.0,7.773
fg,SPG,3+,Gier,6,33.3,50.0,66.7,66.7,66.7,1.478
fg,SPGI,1,Angst,45,44.4,51.1,60.0,60.0,60.0,1.403
fg,SPGI,1,neutral,19,42.1,47.4,52.6,52.6,52.6,1.774
fg,SPGI,1,Gier,64,18.8,28.1,32.8,39.1,46.9,3.489
fg,SPGI,2,Angst,17,41.2,41.2,41.2,47.1,47.1,3.354
fg,SPGI,2,neutral,1,0.0,0.0,0.0,0.0,0.0,7.783
fg,SPGI,2,Gier,17,29.4,29.4,29.4,35.3,47.1,3.004
fg,SPGI,3+,Angst,16,43.8,43.8,50.0,62.5,68.8,1.788
fg,SPGI,3+,neutral,4,25.0,75.0,75.0,75.0,75.0,1.188
fg,SPGI,3+,Gier,10,10.0,20.0,30.0,50.0,50.0,3.097
fg,SPOT,1,Angst,43,46.5,55.8,62.8,67.4,69.8,1.216
fg,SPOT,1,neutral,18,16.7,27.8,38.9,38.9,55.6,2.779
fg,SPOT,1,Gier,61,41.0,49.2,49.2,55.7,59.0,2.102
fg,SPOT,2,Angst,22,45.5,54.5,63.6,63.6,68.2,1.232
fg,SPOT,2,neutral,8,25.0,25.0,37.5,37.5,37.5,4.399
fg,SPOT,2,Gier,15,46.7,46.7,53.3,60.0,60.0,1.855
fg,SPOT,3+,Angst,27,22.2,29.6,33.3,33.3,44.4,3.161
fg,SPOT,3+,neutral,4,0.0,0.0,0.0,0.0,0.0,5.876
fg,SPOT,3+,Gier,6,50.0,50.0,66.7,66.7,66.7,0.87
fg,STX,1,Angst,44,43.2,52.3,63.6,63.6,77.3,1.292
fg,STX,1,neutral,17,70.6,70.6,70.6,70.6,70.6,0.37
fg,STX,1,Gier,58,46.6,58.6,62.1,74.1,75.9,1.124
fg,STX,2,Angst,20,35.0,55.0,70.0,80.0,80.0,1.386
fg,STX,2,neutral,4,0.0,75.0,75.0,75.0,75.0,1.434
fg,STX,2,Gier,14,71.4,71.4,71.4,71.4,71.4,0.355
fg,STX,3+,Angst,26,38.5,50.0,61.5,61.5,73.1,1.532
fg,STX,3+,neutral,5,0.0,0.0,20.0,20.0,20.0,3.806
fg,STX,3+,Gier,5,60.0,60.0,60.0,60.0,60.0,0.401
fg,SYK,1,Angst,48,37.5,45.8,52.1,54.2,58.3,1.622
fg,SYK,1,neutral,20,20.0,20.0,25.0,45.0,60.0,2.832
fg,SYK,1,Gier,50,42.0,48.0,52.0,56.0,58.0,1.776
fg,SYK,2,Angst,22,45.5,50.0,54.5,54.5,54.5,1.617
fg,SYK,2,neutral,9,44.4,44.4,44.4,66.7,66.7,2.128
fg,SYK,2,Gier,14,28.6,28.6,28.6,42.9,42.9,3.45
fg,SYK,3+,Angst,20,60.0,60.0,70.0,70.0,70.0,0.655
fg,SYK,3+,neutral,5,20.0,40.0,40.0,40.0,60.0,2.841
fg,SYK,3+,Gier,6,50.0,50.0,50.0,83.3,83.3,1.678
fg,T,1,Angst,32,50.0,56.2,62.5,68.8,71.9,0.909
fg,T,1,neutral,14,21.4,21.4,28.6,50.0,57.1,2.74
fg,T,1,Gier,35,40.0,40.0,40.0,54.3,62.9,2.325
fg,T,2,Angst,10,50.0,50.0,60.0,60.0,70.0,1.183
fg,T,2,neutral,6,16.7,16.7,16.7,16.7,16.7,7.577
fg,T,2,Gier,8,37.5,37.5,37.5,62.5,62.5,2.266
fg,T,3+,Angst,25,28.0,36.0,44.0,48.0,56.0,2.528
fg,T,3+,neutral,2,0.0,0.0,50.0,50.0,50.0,5.019
fg,T,3+,Gier,9,11.1,11.1,11.1,22.2,22.2,5.647
fg,TD,1,Angst,35,45.7,51.4,57.1,62.9,65.7,1.397
fg,TD,1,neutral,18,33.3,38.9,50.0,55.6,61.1,2.051
fg,TD,1,Gier,74,28.4,39.2,43.2,50.0,51.4,2.519
fg,TD,2,Angst,17,35.3,47.1,58.8,64.7,64.7,1.612
fg,TD,2,neutral,8,25.0,37.5,37.5,37.5,37.5,4.018
fg,TD,2,Gier,14,28.6,28.6,28.6,42.9,42.9,3.867
fg,TD,3+,Angst,29,48.3,51.7,55.2,65.5,72.4,1.403
fg,TD,3+,neutral,5,20.0,40.0,60.0,80.0,80.0,1.804
fg,TD,3+,Gier,1,0.0,0.0,0.0,0.0,100.0,2.798
fg,TEAM,1,Angst,39,35.9,41.0,41.0,46.2,46.2,3.157
fg,TEAM,1,neutral,15,26.7,26.7,40.0,40.0,46.7,3.201
fg,TEAM,1,Gier,49,28.6,38.8,44.9,46.9,59.2,2.698
fg,TEAM,2,Angst,22,22.7,36.4,45.5,54.5,59.1,2.226
fg,TEAM,2,neutral,5,20.0,20.0,20.0,20.0,20.0,3.958
fg,TEAM,2,Gier,17,29.4,29.4,47.1,47.1,52.9,2.854
fg,TEAM,3+,Angst,25,44.0,44.0,56.0,68.0,72.0,1.86
fg,TEAM,3+,neutral,11,9.1,36.4,36.4,45.5,54.5,2.549
fg,TEAM,3+,Gier,11,45.5,45.5,54.5,54.5,54.5,1.901
fg,TJX,1,Angst,44,36.4,47.7,56.8,59.1,68.2,1.617
fg,TJX,1,neutral,16,37.5,50.0,56.2,62.5,62.5,1.528
fg,TJX,1,Gier,55,43.6,49.1,58.2,65.5,74.5,1.582
fg,TJX,2,Angst,20,45.0,50.0,55.0,55.0,60.0,1.441
fg,TJX,2,neutral,4,50.0,75.0,75.0,75.0,75.0,0.536
fg,TJX,2,Gier,15,26.7,26.7,40.0,53.3,66.7,2.415
fg,TJX,3+,Angst,9,44.4,44.4,55.6,66.7,77.8,1.94
fg,TJX,3+,neutral,2,0.0,50.0,100.0,100.0,100.0,1.372
fg,TJX,3+,Gier,4,0.0,0.0,0.0,25.0,75.0,2.702
fg,TM,1,Angst,48,27.1,29.2,35.4,37.5,37.5,4.923
fg,TM,1,neutral,18,22.2,27.8,27.8,33.3,50.0,3.269
fg,TM,1,Gier,62,22.6,27.4,37.1,40.3,48.4,3.194
fg,TM,2,Angst,28,21.4,21.4,21.4,25.0,25.0,4.894
fg,TM,2,neutral,5,0.0,0.0,20.0,20.0,20.0,11.203
fg,TM,2,Gier,24,29.2,29.2,37.5,45.8,54.2,2.713
fg,TM,3+,Angst,37,35.1,40.5,43.2,45.9,45.9,3.971
fg,TM,3+,neutral,6,33.3,33.3,33.3,66.7,66.7,2.196
fg,TM,3+,Gier,11,45.5,63.6,63.6,63.6,63.6,1.09
fg,TMO,1,Angst,48,52.1,56.2,62.5,66.7,72.9,0.741
fg,TMO,1,neutral,19,15.8,21.1,26.3,31.6,36.8,4.612
fg,TMO,1,Gier,56,30.4,37.5,41.1,46.4,53.6,2.635
fg,TMO,2,Angst,17,35.3,47.1,47.1,58.8,58.8,2.036
fg,TMO,2,neutral,8,25.0,50.0,50.0,50.0,50.0,2.801
fg,TMO,2,Gier,16,25.0,37.5,37.5,37.5,43.8,3.529
fg,TMO,3+,Angst,16,37.5,43.8,68.8,81.2,87.5,1.559
fg,TMO,3+,neutral,6,66.7,66.7,66.7,83.3,83.3,0.196
fg,TMO,3+,Gier,8,25.0,50.0,50.0,50.0,50.0,2.361
fg,TMUS,1,Angst,37,51.4,54.1,56.8,59.5,59.5,0.927
fg,TMUS,1,neutral,15,26.7,33.3,40.0,40.0,46.7,4.468
fg,TMUS,1,Gier,50,28.0,36.0,38.0,40.0,54.0,2.893
fg,TMUS,2,Angst,23,43.5,47.8,65.2,65.2,69.6,1.508
fg,TMUS,2,neutral,8,62.5,62.5,62.5,62.5,62.5,0.823
fg,TMUS,2,Gier,15,26.7,40.0,53.3,53.3,60.0,1.735
fg,TMUS,3+,Angst,17,47.1,47.1,47.1,47.1,64.7,2.762
fg,TMUS,3+,neutral,5,60.0,60.0,80.0,80.0,80.0,0.0
fg,TMUS,3+,Gier,12,25.0,41.7,41.7,50.0,50.0,2.778
fg,TRV,1,Angst,44,34.1,38.6,45.5,52.3,59.1,2.441
fg,TRV,1,neutral,16,43.8,43.8,50.0,62.5,75.0,1.857
fg,TRV,1,Gier,49,32.7,36.7,38.8,53.1,55.1,2.327
fg,TRV,2,Angst,17,41.2,52.9,64.7,76.5,76.5,1.157
fg,TRV,2,neutral,6,33.3,33.3,50.0,83.3,83.3,2.046
fg,TRV,2,Gier,14,14.3,21.4,35.7,42.9,64.3,2.641
fg,TRV,3+,Angst,16,50.0,68.8,81.2,81.2,81.2,0.898
fg,TRV,3+,neutral,4,75.0,75.0,75.0,75.0,75.0,0.258
fg,TRV,3+,Gier,10,50.0,60.0,90.0,100.0,100.0,1.123
fg,TSLA,1,Angst,33,42.4,42.4,51.5,54.5,54.5,1.964
fg,TSLA,1,neutral,12,16.7,16.7,25.0,25.0,33.3,4.705
fg,TSLA,1,Gier,58,29.3,32.8,36.2,43.1,50.0,2.931
fg,TSLA,2,Angst,17,11.8,23.5,23.5,41.2,41.2,3.476
fg,TSLA,2,neutral,7,14.3,14.3,14.3,42.9,57.1,2.843
fg,TSLA,2,Gier,18,50.0,50.0,50.0,50.0,66.7,1.368
fg,TSLA,3+,Angst,23,43.5,56.5,60.9,65.2,65.2,1.143
fg,TSLA,3+,neutral,4,50.0,50.0,50.0,50.0,50.0,3.09
fg,TSLA,3+,Gier,4,50.0,50.0,50.0,50.0,50.0,1.988
fg,TSM,1,Angst,44,29.5,36.4,45.5,52.3,54.5,2.236
fg,TSM,1,neutral,19,36.8,47.4,52.6,52.6,57.9,1.516
fg,TSM,1,Gier,77,44.2,58.4,67.5,71.4,77.9,1.199
fg,TSM,2,Angst,25,28.0,48.0,60.0,64.0,72.0,1.71
fg,TSM,2,neutral,9,33.3,33.3,55.6,55.6,66.7,1.749
fg,TSM,2,Gier,17,52.9,70.6,70.6,82.4,88.2,0.909
fg,TSM,3+,Angst,34,38.2,38.2,47.1,50.0,58.8,2.309
fg,TSM,3+,neutral,5,40.0,40.0,60.0,60.0,60.0,1.7
fg,TSM,3+,Gier,7,42.9,57.1,57.1,71.4,71.4,1.118
fg,TTD,1,Angst,37,27.0,32.4,37.8,45.9,51.4,2.916
fg,TTD,1,neutral,12,8.3,25.0,25.0,25.0,25.0,5.548
fg,TTD,1,Gier,55,27.3,32.7,41.8,43.6,45.5,4.17
fg,TTD,2,Angst,25,36.0,40.0,48.0,56.0,68.0,2.416
fg,TTD,2,neutral,6,33.3,33.3,33.3,33.3,33.3,5.526
fg,TTD,2,Gier,14,21.4,21.4,28.6,35.7,42.9,3.586
fg,TTD,3+,Angst,17,23.5,23.5,41.2,47.1,58.8,2.621
fg,TTD,3+,neutral,7,28.6,28.6,28.6,28.6,28.6,4.506
fg,TTD,3+,Gier,4,0.0,0.0,0.0,0.0,0.0,5.986
fg,TTE,1,Angst,49,28.6,36.7,40.8,49.0,57.1,2.549
fg,TTE,1,neutral,20,30.0,35.0,45.0,50.0,55.0,2.595
fg,TTE,1,Gier,57,29.8,35.1,40.4,52.6,54.4,2.366
fg,TTE,2,Angst,18,38.9,44.4,44.4,55.6,55.6,2.436
fg,TTE,2,neutral,5,0.0,0.0,20.0,20.0,40.0,3.776
fg,TTE,2,Gier,19,21.1,36.8,42.1,52.6,52.6,2.443
fg,TTE,3+,Angst,24,54.2,66.7,66.7,70.8,79.2,0.736
fg,TTE,3+,neutral,5,0.0,0.0,0.0,0.0,0.0,3.468
fg,TTE,3+,Gier,12,25.0,25.0,25.0,33.3,50.0,3.27
fg,TTWO,1,Angst,30,53.3,60.0,63.3,70.0,76.7,0.91
fg,TTWO,1,neutral,18,33.3,33.3,38.9,50.0,55.6,2.537
fg,TTWO,1,Gier,45,24.4,28.9,33.3,37.8,37.8,3.709
fg,TTWO,2,Angst,16,37.5,37.5,50.0,68.8,68.8,2.04
fg,TTWO,2,neutral,4,0.0,0.0,0.0,25.0,50.0,4.76
fg,TTWO,2,Gier,14,28.6,28.6,28.6,28.6,42.9,3.392
fg,TTWO,3+,Angst,17,52.9,52.9,58.8,70.6,76.5,0.456
fg,TTWO,3+,neutral,3,100.0,100.0,100.0,100.0,100.0,0.482
fg,TTWO,3+,Gier,14,50.0,57.1,57.1,78.6,78.6,1.202
fg,TXN,1,Angst,38,55.3,65.8,68.4,76.3,76.3,0.725
fg,TXN,1,neutral,19,36.8,36.8,52.6,63.2,63.2,1.585
fg,TXN,1,Gier,51,17.6,23.5,35.3,43.1,52.9,2.799
fg,TXN,2,Angst,22,50.0,59.1,63.6,68.2,81.8,1.069
fg,TXN,2,neutral,4,25.0,25.0,50.0,50.0,50.0,2.804
fg,TXN,2,Gier,18,38.9,44.4,55.6,61.1,66.7,1.772
fg,TXN,3+,Angst,32,46.9,53.1,62.5,71.9,71.9,1.469
fg,TXN,3+,neutral,5,40.0,40.0,40.0,40.0,40.0,3.13
fg,TXN,3+,Gier,4,50.0,50.0,75.0,75.0,75.0,0.856
fg,UBER,1,Angst,28,28.6,32.1,39.3,42.9,46.4,3.287
fg,UBER,1,neutral,12,8.3,8.3,8.3,33.3,41.7,5.558
fg,UBER,1,Gier,62,33.9,38.7,46.8,56.5,64.5,2.148
fg,UBER,2,Angst,18,27.8,33.3,33.3,38.9,50.0,3.12
fg,UBER,2,neutral,10,30.0,30.0,40.0,50.0,60.0,2.499
fg,UBER,2,Gier,18,38.9,44.4,61.1,61.1,72.2,1.844
fg,UBER,3+,Angst,25,40.0,44.0,48.0,60.0,76.0,2.043
fg,UBER,3+,neutral,5,40.0,40.0,40.0,40.0,40.0,3.008
fg,UBER,3+,Gier,8,12.5,25.0,37.5,37.5,37.5,4.035
fg,UBS,1,Angst,51,33.3,33.3,47.1,56.9,60.8,2.037
fg,UBS,1,neutral,24,25.0,25.0,29.2,37.5,37.5,4.308
fg,UBS,1,Gier,68,25.0,29.4,38.2,42.6,44.1,3.46
fg,UBS,2,Angst,24,41.7,54.2,58.3,58.3,62.5,1.483
fg,UBS,2,neutral,8,25.0,25.0,25.0,37.5,37.5,4.46
fg,UBS,2,Gier,20,5.0,20.0,40.0,55.0,60.0,2.353
fg,UBS,3+,Angst,28,46.4,60.7,67.9,67.9,75.0,1.086
fg,UBS,3+,neutral,3,66.7,66.7,66.7,66.7,66.7,0.0
fg,UBS,3+,Gier,9,44.4,44.4,44.4,44.4,55.6,2.659
fg,UL,1,Angst,42,26.2,40.5,47.6,52.4,57.1,2.2
fg,UL,1,neutral,22,45.5,45.5,50.0,59.1,59.1,2.038
fg,UL,1,Gier,68,10.3,11.8,20.6,27.9,30.9,4.67
fg,UL,2,Angst,15,46.7,46.7,53.3,53.3,53.3,1.732
fg,UL,2,neutral,7,28.6,42.9,42.9,42.9,42.9,4.636
fg,UL,2,Gier,27,11.1,11.1,25.9,29.6,33.3,4.985
fg,UL,3+,Angst,26,42.3,46.2,50.0,53.8,53.8,2.075
fg,UL,3+,neutral,10,40.0,40.0,40.0,40.0,40.0,3.909
fg,UL,3+,Gier,22,18.2,40.9,45.5,54.5,54.5,2.143
fg,UNH,1,Angst,44,45.5,45.5,47.7,56.8,68.2,2.103
fg,UNH,1,neutral,17,35.3,41.2,47.1,47.1,47.1,3.914
fg,UNH,1,Gier,49,20.4,24.5,30.6,40.8,49.0,3.024
fg,UNH,2,Angst,16,31.2,43.8,56.2,56.2,62.5,1.714
fg,UNH,2,neutral,6,16.7,16.7,50.0,50.0,50.0,2.545
fg,UNH,2,Gier,15,53.3,53.3,60.0,66.7,73.3,0.914
fg,UNH,3+,Angst,11,63.6,72.7,81.8,81.8,81.8,0.779
fg,UNH,3+,neutral,7,71.4,71.4,71.4,85.7,100.0,0.0
fg,UNH,3+,Gier,14,42.9,50.0,50.0,50.0,50.0,2.36
fg,UNP,1,Angst,28,35.7,50.0,53.6,64.3,64.3,1.649
fg,UNP,1,neutral,15,33.3,33.3,40.0,40.0,40.0,3.198
fg,UNP,1,Gier,46,10.9,21.7,32.6,34.8,41.3,3.67
fg,UNP,2,Angst,17,47.1,58.8,70.6,70.6,70.6,1.031
fg,UNP,2,neutral,5,0.0,20.0,60.0,80.0,80.0,1.798
fg,UNP,2,Gier,14,21.4,42.9,57.1,64.3,64.3,1.709
fg,UNP,3+,Angst,23,39.1,39.1,43.5,60.9,65.2,2.071
fg,UNP,3+,neutral,5,20.0,40.0,40.0,40.0,40.0,7.171
fg,UNP,3+,Gier,7,28.6,42.9,42.9,42.9,57.1,2.545
fg,UPS,1,Angst,37,45.9,45.9,54.1,56.8,59.5,1.858
fg,UPS,1,neutral,19,42.1,52.6,52.6,63.2,63.2,1.411
fg,UPS,1,Gier,51,27.5,29.4,31.4,37.3,43.1,4.263
fg,UPS,2,Angst,18,44.4,44.4,50.0,50.0,55.6,2.313
fg,UPS,2,neutral,8,37.5,50.0,62.5,62.5,62.5,1.496
fg,UPS,2,Gier,12,25.0,25.0,25.0,33.3,41.7,3.2
fg,UPS,3+,Angst,27,48.1,59.3,63.0,70.4,81.5,1.03
fg,UPS,3+,neutral,5,20.0,20.0,20.0,20.0,20.0,7.49
fg,UPS,3+,Gier,8,50.0,50.0,50.0,62.5,62.5,1.237
fg,USB,1,Angst,32,34.4,37.5,37.5,40.6,46.9,3.574
fg,USB,1,neutral,20,30.0,40.0,45.0,45.0,50.0,3.114
fg,USB,1,Gier,52,26.9,34.6,38.5,44.2,44.2,3.21
fg,USB,2,Angst,15,46.7,53.3,53.3,60.0,66.7,1.423
fg,USB,2,neutral,7,28.6,28.6,28.6,28.6,42.9,3.601
fg,USB,2,Gier,9,11.1,22.2,33.3,33.3,55.6,2.91
fg,USB,3+,Angst,27,44.4,48.1,48.1,51.9,66.7,2.173
fg,USB,3+,neutral,10,30.0,40.0,40.0,40.0,40.0,3.83
fg,USB,3+,Gier,7,28.6,28.6,28.6,28.6,28.6,30.471
fg,V,1,Angst,47,38.3,46.8,48.9,51.1,55.3,2.354
fg,V,1,neutral,21,42.9,42.9,47.6,47.6,57.1,2.501
fg,V,1,Gier,55,34.5,40.0,49.1,52.7,61.8,2.005
fg,V,2,Angst,24,50.0,58.3,62.5,70.8,70.8,1.05
fg,V,2,neutral,4,75.0,75.0,100.0,100.0,100.0,0.0
fg,V,2,Gier,11,36.4,45.5,45.5,54.5,72.7,2.086
fg,V,3+,Angst,19,68.4,68.4,68.4,78.9,84.2,0.26
fg,V,3+,neutral,2,0.0,50.0,50.0,50.0,50.0,3.221
fg,V,3+,Gier,3,33.3,33.3,33.3,66.7,100.0,2.347
fg,VLO,1,Angst,44,31.8,43.2,47.7,61.4,68.2,2.17
fg,VLO,1,neutral,22,31.8,36.4,40.9,50.0,59.1,2.446
fg,VLO,1,Gier,49,51.0,53.1,61.2,65.3,65.3,0.98
fg,VLO,2,Angst,17,64.7,76.5,82.4,88.2,88.2,0.499
fg,VLO,2,neutral,6,33.3,33.3,50.0,66.7,66.7,1.866
fg,VLO,2,Gier,16,25.0,25.0,37.5,37.5,43.8,3.489
fg,VLO,3+,Angst,19,68.4,73.7,78.9,78.9,84.2,0.434
fg,VLO,3+,neutral,5,0.0,0.0,0.0,20.0,20.0,3.761
fg,VLO,3+,Gier,9,22.2,22.2,33.3,33.3,44.4,3.727
fg,VRSK,1,Angst,50,50.0,56.0,64.0,68.0,74.0,1.051
fg,VRSK,1,neutral,17,29.4,29.4,29.4,35.3,41.2,6.395
fg,VRSK,1,Gier,41,29.3,29.3,34.1,39.0,41.5,3.747
fg,VRSK,2,Angst,13,46.2,53.8,53.8,61.5,61.5,1.337
fg,VRSK,2,neutral,5,20.0,20.0,20.0,40.0,40.0,3.985
fg,VRSK,2,Gier,14,42.9,42.9,42.9,42.9,42.9,3.644
fg,VRSK,3+,Angst,23,60.9,69.6,82.6,87.0,87.0,0.861
fg,VRSK,3+,neutral,4,50.0,75.0,75.0,75.0,75.0,0.808
fg,VRSK,3+,Gier,12,16.7,16.7,16.7,25.0,25.0,5.494
fg,VRTX,1,Angst,43,37.2,46.5,58.1,69.8,76.7,1.595
fg,VRTX,1,neutral,16,62.5,62.5,62.5,62.5,62.5,0.421
fg,VRTX,1,Gier,51,33.3,43.1,47.1,49.0,58.8,2.606
fg,VRTX,2,Angst,18,33.3,38.9,55.6,61.1,72.2,1.817
fg,VRTX,2,neutral,5,40.0,60.0,60.0,60.0,60.0,1.459
fg,VRTX,2,Gier,20,50.0,50.0,55.0,60.0,65.0,1.368
fg,VRTX,3+,Angst,18,61.1,77.8,83.3,94.4,100.0,0.185
fg,VRTX,3+,neutral,4,100.0,100.0,100.0,100.0,100.0,0.182
fg,VRTX,3+,Gier,8,37.5,50.0,50.0,50.0,50.0,3.004
fg,VZ,1,Angst,35,34.3,37.1,51.4,57.1,65.7,1.899
fg,VZ,1,neutral,16,31.2,31.2,56.2,68.8,68.8,1.962
fg,VZ,1,Gier,34,20.6,23.5,29.4,35.3,44.1,3.33
fg,VZ,2,Angst,18,33.3,44.4,55.6,66.7,72.2,1.823
fg,VZ,2,neutral,5,20.0,20.0,20.0,60.0,60.0,2.428
fg,VZ,2,Gier,14,35.7,42.9,42.9,42.9,42.9,4.09
fg,VZ,3+,Angst,22,36.4,50.0,59.1,63.6,68.2,1.695
fg,VZ,3+,neutral,7,28.6,28.6,28.6,42.9,42.9,3.787
fg,VZ,3+,Gier,14,21.4,21.4,21.4,21.4,42.9,3.667
fg,WBD,1,Angst,38,34.2,42.1,47.4,52.6,57.9,2.062
fg,WBD,1,neutral,17,11.8,17.6,35.3,35.3,47.1,3.022
fg,WBD,1,Gier,36,33.3,36.1,41.7,55.6,58.3,2.361
fg,WBD,2,Angst,23,17.4,26.1,30.4,34.8,60.9,2.815
fg,WBD,2,neutral,6,0.0,16.7,16.7,16.7,16.7,3.43
fg,WBD,2,Gier,10,30.0,40.0,40.0,50.0,50.0,2.724
fg,WBD,3+,Angst,20,30.0,50.0,55.0,65.0,70.0,1.627
fg,WBD,3+,neutral,4,25.0,50.0,50.0,75.0,75.0,1.835
fg,WBD,3+,Gier,12,16.7,25.0,33.3,41.7,41.7,4.791
fg,WDAY,1,Angst,29,27.6,31.0,37.9,48.3,58.6,2.526
fg,WDAY,1,neutral,15,20.0,20.0,33.3,33.3,53.3,2.971
fg,WDAY,1,Gier,55,40.0,43.6,45.5,50.9,58.2,2.419
fg,WDAY,2,Angst,26,38.5,38.5,42.3,50.0,61.5,2.51
fg,WDAY,2,neutral,5,20.0,20.0,20.0,20.0,40.0,3.729
fg,WDAY,2,Gier,14,50.0,57.1,71.4,71.4,71.4,0.843
fg,WDAY,3+,Angst,30,33.3,33.3,43.3,53.3,56.7,2.211
fg,WDAY,3+,neutral,3,66.7,66.7,66.7,66.7,66.7,0.0
fg,WDAY,3+,Gier,6,50.0,66.7,66.7,66.7,66.7,0.709
fg,WDC,1,Angst,50,30.0,36.0,46.0,54.0,58.0,2.227
fg,WDC,1,neutral,26,34.6,34.6,46.2,46.2,46.2,3.492
fg,WDC,1,Gier,58,43.1,53.4,53.4,65.5,70.7,1.39
fg,WDC,2,Angst,26,34.6,46.2,50.0,50.0,57.7,2.198
fg,WDC,2,neutral,5,20.0,20.0,20.0,40.0,40.0,4.722
fg,WDC,2,Gier,19,36.8,42.1,52.6,57.9,68.4,1.95
fg,WDC,3+,Angst,18,44.4,44.4,55.6,66.7,66.7,1.683
fg,WDC,3+,neutral,1,0.0,0.0,0.0,0.0,0.0,5.656
fg,WDC,3+,Gier,8,37.5,62.5,62.5,75.0,87.5,1.227
fg,WELL,1,Angst,49,46.9,53.1,61.2,69.4,75.5,1.125
fg,WELL,1,neutral,16,43.8,56.2,68.8,81.2,81.2,1.396
fg,WELL,1,Gier,49,42.9,49.0,57.1,63.3,73.5,1.51
fg,WELL,2,Angst,22,59.1,72.7,72.7,77.3,86.4,0.607
fg,WELL,2,neutral,6,16.7,50.0,66.7,83.3,83.3,1.374
fg,WELL,2,Gier,16,43.8,43.8,56.2,68.8,68.8,1.777
fg,WELL,3+,Angst,14,57.1,57.1,64.3,64.3,85.7,0.119
fg,WELL,3+,neutral,6,50.0,66.7,66.7,66.7,66.7,0.725
fg,WELL,3+,Gier,2,0.0,0.0,0.0,50.0,50.0,17.718
fg,WFC,1,Angst,36,27.8,33.3,44.4,52.8,69.4,2.143
fg,WFC,1,neutral,21,23.8,23.8,28.6,28.6,28.6,4.94
fg,WFC,1,Gier,46,28.3,37.0,41.3,43.5,52.2,2.895
fg,WFC,2,Angst,15,46.7,46.7,60.0,60.0,66.7,1.582
fg,WFC,2,neutral,9,11.1,22.2,22.2,33.3,33.3,3.639
fg,WFC,2,Gier,15,33.3,40.0,40.0,46.7,53.3,2.871
fg,WFC,3+,Angst,25,28.0,36.0,48.0,60.0,72.0,2.087
fg,WFC,3+,neutral,8,25.0,25.0,25.0,37.5,50.0,3.155
fg,WFC,3+,Gier,4,50.0,50.0,50.0,75.0,75.0,1.462
fg,WMT,1,Angst,37,48.6,54.1,56.8,62.2,64.9,1.028
fg,WMT,1,neutral,23,30.4,39.1,47.8,52.2,60.9,2.303
fg,WMT,1,Gier,48,39.6,50.0,56.2,64.6,66.7,1.501
fg,WMT,2,Angst,15,33.3,40.0,53.3,60.0,66.7,1.914
fg,WMT,2,neutral,6,50.0,50.0,66.7,66.7,66.7,1.282
fg,WMT,2,Gier,20,70.0,70.0,70.0,80.0,85.0,0.817
fg,WMT,3+,Angst,17,64.7,70.6,76.5,82.4,82.4,0.224
fg,WMT,3+,neutral,3,33.3,66.7,66.7,66.7,66.7,1.38
fg,WMT,3+,Gier,3,33.3,33.3,33.3,33.3,33.3,8.24
fg,XEL,1,Angst,42,31.0,40.5,42.9,52.4,59.5,2.34
fg,XEL,1,neutral,15,40.0,46.7,60.0,60.0,60.0,1.641
fg,XEL,1,Gier,38,26.3,28.9,42.1,55.3,57.9,2.332
fg,XEL,2,Angst,21,52.4,66.7,66.7,71.4,85.7,0.012
fg,XEL,2,neutral,3,0.0,0.0,0.0,0.0,33.3,3.266
fg,XEL,2,Gier,17,41.2,47.1,64.7,64.7,70.6,1.572
fg,XEL,3+,Angst,7,28.6,57.1,57.1,57.1,85.7,1.247
fg,XEL,3+,neutral,3,33.3,33.3,33.3,33.3,33.3,3.619
fg,XEL,3+,Gier,12,25.0,25.0,25.0,33.3,33.3,4.338
fg,XOM,1,Angst,44,36.4,50.0,54.5,61.4,65.9,1.431
fg,XOM,1,neutral,25,44.0,60.0,64.0,76.0,84.0,1.334
fg,XOM,1,Gier,48,27.1,29.2,39.6,47.9,54.2,2.641
fg,XOM,2,Angst,21,47.6,61.9,66.7,71.4,85.7,1.004
fg,XOM,2,neutral,3,0.0,33.3,66.7,100.0,100.0,1.836
fg,XOM,2,Gier,19,36.8,36.8,47.4,57.9,57.9,2.084
fg,XOM,3+,Angst,19,68.4,73.7,73.7,89.5,89.5,0.673
fg,XOM,3+,neutral,3,33.3,33.3,33.3,66.7,66.7,2.162
fg,XOM,3+,Gier,10,30.0,30.0,30.0,30.0,40.0,5.272
fg,ZS,1,Angst,39,46.2,48.7,51.3,56.4,61.5,1.766
fg,ZS,1,neutral,16,12.5,18.8,18.8,18.8,31.2,5.155
fg,ZS,1,Gier,53,32.1,34.0,37.7,39.6,45.3,3.818
fg,ZS,2,Angst,23,52.2,56.5,65.2,78.3,82.6,0.645
fg,ZS,2,neutral,5,40.0,40.0,60.0,60.0,60.0,1.705
fg,ZS,2,Gier,13,23.1,30.8,30.8,46.2,53.8,2.877
fg,ZS,3+,Angst,21,42.9,47.6,61.9,71.4,85.7,1.536
fg,ZS,3+,neutral,7,28.6,28.6,28.6,42.9,42.9,3.414
fg,ZS,3+,Gier,11,27.3,27.3,36.4,36.4,63.6,2.868
