ticker,vp_poc,vp_spitzen,chart_tiefs
AAPL,271.81,249.10:44;258.83:81;271.81:100;297.77:41;310.75:72;326.97:27;333.46:41,124.17:2:2023-01-06;132.61:3:2022-10-14;150.10:3:2022-03-18;159.78:3:2024-04-19;167.46:5:2025-04-11;180.17:1:2024-01-05;187.45:4:2025-05-23;196.00:2:2025-08-01;213.92:3:2025-01-24;223.78:2:2025-09-12;243.42:4:2026-04-03;273.75:1:2026-06-26
ABNB,132.55,120.69:76;127.28:71;132.55:100;150.99:34;183.93:34,81.91:2:2022-12-30;99.88:3:2025-04-11;106.54:4:2025-11-21;113.24:3:2026-02-13;121.51:5:2026-04-03;127.04:8:2026-06-12;132.34:4:2026-07-24;140.82:2:2026-07-10;160.49:3:2021-12-03
ADBE,252.44,202.98:37;222.76:38;240.57:92;252.44:100;272.22:49;280.13:20;292.00:26;335.53:30;353.33:29,190.12:1:2026-06-19;210.88:1:2026-07-24;224.13:2:2026-05-15;236.66:3:2026-09-11;274.73:3:2022-11-04;311.59:2:2025-11-21;320.20:3:2025-10-17;330.04:4:2025-09-05;338.00:1:2022-06-17;358.71:2:2025-07-18;368.35:2:2023-04-14;403.75:2:2025-01-17;416.81:1:2022-02-25;432.10:2:2025-02-28;460.36:2:2024-05-17;475.05:2:2024-11-01;486.40:2:2024-11-22;498.70:3:2024-08-09;506.92:2:2023-10-27;528.01:1:2024-02-23;538.05:1:2021-12-24;560.21:2:2024-01-05
ADI,387.05,235.85:97;277.08:62;318.32:77;351.31:55;365.06:78;387.05:100;406.30:63;417.29:86;431.04:36,133.48:4:2022-10-14;149.68:7:2025-04-11;161.04:6:2023-10-06;179.63:6:2024-04-19;198.73:6:2025-05-23;209.75:3:2025-08-08;223.47:3:2025-11-21;239.58:1:2025-09-05;270.14:1:2025-12-19;300.56:2:2026-04-03;348.00:2:2026-09-04;381.22:2:2026-06-12
ADP,259.67,204.13:54;212.46:98;218.01:79;233.29:29;259.67:100;270.78:40;281.89:37,188.16:2:2026-04-10;196.61:2:2022-06-17;203.26:5:2026-02-27;209.14:5:2026-06-26;218.80:1:2022-10-14;224.55:4:2023-12-22;231.27:3:2024-07-12;238.83:4:2026-07-24;247.18:2:2026-01-02;264.86:1:2026-09-11;272.18:2:2025-04-11;280.34:3:2025-04-25;295.06:3:2025-08-08
ADSK,240.02,195.03:39;210.60:60;219.25:62;240.02:100;269.43:23;302.31:43,163.20:2:2022-07-15;175.41:5:2023-01-06;185.50:7:2026-06-26;195.29:5:2024-05-31;206.33:1:2026-09-11;214.10:3:2026-05-29;223.03:4:2026-05-15;232.67:1:2025-04-11;241.33:3:2026-08-21;249.13:2:2024-09-06;271.75:1:2021-10-08;279.84:2:2025-11-21;290.63:1:2025-06-13;298.80:1:2025-10-17
AEP,128.1,117.88:62;120.67:79;128.10:100;131.82:71;134.14:66;137.39:42,69.38:1:2023-10-06;72.01:1:2023-10-27;75.22:3:2024-02-09;79.16:5:2024-04-19;81.12:4:2024-03-15;84.20:4:2024-06-28;86.97:3:2024-05-31;90.09:2:2024-12-20;92.06:3:2024-11-15;95.95:5:2025-05-16;98.35:2:2025-04-11;100.72:1:2025-06-20;105.70:1:2025-09-19;112.54:1:2026-01-09;114.67:1:2025-10-31;116.71:1:2026-09-25;120.06:1:2026-08-28;123.74:1:2026-06-05;131.20:1:2026-04-24
AMAT,223.57,223.57:100;263.80:42;295.08:22;326.37:54;353.19:51;388.94:46;438.11:45;460.45:37;478.33:41;505.15:43;536.43:41;590.07:32,71.12:3:2022-10-14;93.68:4:2023-04-21;118.17:11:2025-04-11;142.22:7:2025-09-05;160.96:4:2024-11-22;179.28:3:2024-11-01;203.40:2:2025-11-14;228.54:1:2024-06-28;246.92:1:2025-12-19;287.49:1:2026-02-06;316.66:2:2026-04-03;377.07:1:2026-05-01;397.37:2:2026-09-18;426.13:2:2026-09-04
AMD,209.91,209.91:100;488.77:22;513.56:26,54.57:4:2025-04-11;81.02:11:2025-03-14;107.08:5:2025-01-17;132.11:6:2025-09-12;157.80:2:2025-08-08;188.22:4:2026-04-03;224.64:1:2025-11-07;424.03:3:2026-09-04
AMGN,347.34,294.29:41;328.05:71;347.34:100;366.63:50;378.69:59;390.75:22;405.21:23,198.64:2:2021-12-03;211.71:3:2023-06-02;223.30:4:2023-03-10;238.01:2:2022-09-02;248.38:3:2024-12-20;258.87:7:2025-06-27;269.77:1:2025-09-26;288.00:1:2025-10-31;299.55:3:2024-08-09;310.63:4:2026-01-09;320.52:1:2026-05-08;334.05:1:2026-06-19;374.46:1:2026-09-18
AMZN,247.64,208.42:70;216.27:41;230.65:74;238.49:75;247.64:100;254.18:61;262.02:57;271.18:45,81.43:2:2023-01-06;88.12:2:2023-03-17;97.71:5:2023-05-05;105.35:1:2022-10-14;118.35:2:2023-10-27;123.66:1:2022-09-02;133.57:2:2022-03-11;139.50:3:2024-01-05;151.61:1:2024-08-09;159.93:2:2025-04-11;166.32:3:2024-08-30;173.87:1:2024-05-31;180.25:1:2024-10-11;189.38:1:2025-03-21;195.75:4:2026-03-27;207.31:3:2025-10-17;215.18:2:2025-11-21;220.99:3:2026-07-31;226.88:1:2026-01-23;244.30:1:2026-09-18;255.19:1:2026-05-22
ARM,117.68,117.68:100;163.11:82;213.58:66;238.81:48;284.23:39;314.51:42;349.84:30;405.36:27,46.50:2:2024-01-05;69.32:3:2025-04-11;96.66:8:2026-03-13;120.02:11:2025-11-21;140.70:3:2025-07-18;219.39:1:2026-08-07;298.38:1:2026-06-12
ASML,1450.23,1029.52:81;1383.80:92;1450.23:100;1527.73:38;1594.16:47;1638.45:51;1749.16:100;1793.45:84,363.15:1:2022-10-14;412.67:3:2022-11-04;461.85:1:2022-06-17;509.55:2:2022-12-30;558.77:6:2025-04-11;605.76:3:2024-11-22;654.77:8:2025-08-01;702.95:7:2025-06-20;767.41:1:2024-08-09;849.14:1:2024-05-03;928.00:2:2025-11-21;1002.01:2:2025-12-19;1248.11:2:2026-04-03;1316.06:1:2026-02-06;1364.81:1:2026-05-01;1530.64:2:2026-09-18;1619.34:1:2026-09-04
AVGO,345.71,320.93:47;345.71:100;355.62:86;377.91:65;395.26:54;420.03:46,41.51:6:2022-10-14;54.09:10:2023-05-05;77.64:4:2023-10-27;90.31:1:2023-12-08;104.15:1:2024-01-05;117.43:3:2024-04-19;128.50:4:2025-04-11;156.40:3:2024-11-29;167.38:1:2024-11-01;196.23:1:2025-01-31;241.11:1:2025-06-13;281.87:2:2026-04-03;295.30:1:2026-02-06;307.20:1:2026-03-06;324.05:2:2025-11-14;335.51:2:2026-09-18;356.43:2:2026-07-17;370.33:1:2026-06-12
AXP,314.37,302.29:89;314.37:100;341.55:75;359.67:89;374.77:27;382.32:31,130.65:3:2022-10-14;138.77:5:2023-10-27;146.28:4:2023-05-12;152.85:6:2023-09-08;163.17:3:2023-07-28;171.66:3:2023-02-24;177.81:1:2024-01-19;214.51:2:2025-04-11;220.74:2:2024-08-09;240.59:1:2024-09-13;253.52:1:2025-03-14;266.35:1:2024-10-25;281.46:2:2025-05-23;288.34:3:2026-03-20;300.03:2:2026-06-05;315.95:2:2025-10-10;334.10:1:2025-11-21;350.72:1:2026-01-16
AZN,181.44,157.51:38;163.18:58;168.85:83;181.44:100;187.74:79;204.75:22,105.30:3:2022-10-21;111.00:3:2022-03-11;116.82:2:2022-06-17;120.68:3:2025-04-11;123.46:3:2024-11-22;127.50:3:2024-12-20;130.40:5:2025-05-16;134.26:2:2023-08-25;137.22:1:2025-07-18;142.46:1:2023-06-02;145.80:1:2025-09-26;148.36:1:2025-03-14;151.60:6:2026-08-07;156.74:1:2026-09-11;160.96:1:2025-11-07;164.06:1:2026-07-24;173.66:1:2026-06-19;178.08:3:2026-05-08;182.39:1:2026-03-27
BA,217.2,188.45:33;199.23:70;217.20:100;231.58:74;242.36:34,113.02:2:2022-06-17;120.99:1:2022-09-30;128.88:2:2025-04-11;137.03:1:2024-11-15;145.45:2:2025-03-14;159.70:3:2025-01-17;167.58:3:2024-06-21;176.25:4:2025-11-21;183.77:4:2026-04-03;192.41:5:2024-02-23;202.55:7:2026-07-24;210.66:4:2026-07-03;228.96:1:2026-02-06
BIIB,176.52,150.41:60;176.52:100;183.05:94;192.19:84;200.03:77;207.87:44;217.01:48;226.15:29,110.04:2:2025-05-09;121.05:2:2025-07-25;128.51:2:2025-08-29;135.39:2:2025-10-03;145.07:1:2024-12-20;153.62:1:2024-11-22;160.36:1:2026-01-23;168.56:2:2026-04-10;181.31:3:2026-07-17;187.16:4:2024-09-13;192.67:5:2024-08-09;200.36:2:2022-07-29;208.93:2:2026-09-11;215.35:2:2024-06-28;220.86:2:2023-11-17;240.83:1:2024-01-19;248.41:1:2023-10-06;254.80:2:2023-03-10;265.32:1:2023-01-06;291.64:1:2023-05-26
BKNG,174.25,157.72:57;168.74:97;174.25:100;181.14:77;192.16:33;212.82:33,64.67:2:2022-10-14;71.20:4:2022-12-23;79.89:3:2022-05-06;85.80:2:2022-04-15;94.75:4:2023-06-02;100.97:3:2023-06-16;109.32:1:2023-10-27;120.32:1:2023-08-25;127.20:1:2024-08-09;135.36:3:2024-05-03;148.04:3:2026-05-22;154.79:2:2026-06-12;163.85:1:2025-04-11;171.18:1:2025-03-14;182.84:2:2025-11-21;194.22:2:2025-11-07;209.43:3:2026-01-02
BKR,56.31,45.14:41;48.63:56;54.22:34;56.31:100;60.15:82;63.30:83;68.88:22,20.42:1:2022-09-30;22.30:3:2022-08-05;24.02:1:2021-10-08;26.12:3:2023-05-05;27.58:2:2024-02-09;29.11:3:2023-02-24;30.93:4:2024-09-13;32.58:6:2025-04-11;34.19:4:2025-05-02;35.83:2:2025-05-23;37.38:2:2025-07-18;39.32:2:2025-03-14;41.96:1:2025-08-15;43.92:2:2025-12-19;52.27:1:2026-07-03;53.83:2:2026-07-24;58.42:1:2026-04-17;60.87:1:2026-08-28
CAT,814.61,503.02:37;530.84:51;575.35:83;642.12:38;697.76:64;736.71:34;764.53:64;814.61:100;864.69:63;892.51:83;931.46:34;987.10:29;1014.92:20,160.60:3:2022-09-30;187.72:7:2023-04-28;213.55:4:2023-11-03;267.30:2:2025-04-11;307.05:6:2025-03-07;336.24:2:2025-05-23;367.20:1:2024-11-01;405.46:1:2025-08-22;557.46:1:2025-12-19;662.85:1:2026-03-13;771.39:3:2026-09-18;845.55:1:2026-05-22
CDNS,327.22,294.23:77;327.22:100;348.21:57;375.19:44,132.32:7:2022-11-04;147.24:2:2023-01-06;159.72:3:2022-12-09;194.01:1:2023-04-28;217.77:6:2025-04-11;230.09:2:2025-03-14;245.45:4:2024-10-25;262.75:4:2026-09-18;277.30:5:2026-02-27;295.18:4:2026-01-09;318.02:2:2025-10-17
CDW,137.86,101.80:21;109.82:21;125.84:69;137.86:100;148.54:47;156.55:25,97.12:1:2026-05-15;112.98:1:2026-03-13;123.09:4:2026-07-24;135.63:3:2026-09-11;147.91:2:2022-10-14;154.13:4:2025-09-26;160.66:3:2025-03-14;168.43:5:2025-06-20;174.10:3:2025-07-18;182.05:5:2023-11-03;197.28:1:2023-09-29;205.92:3:2024-09-13;212.72:1:2024-01-12
CEG,271.83,271.83:100;290.15:64;321.56:26;339.88:22;360.82:34,38.00:2:2022-02-25;52.64:3:2022-07-15;71.16:4:2023-03-24;81.65:3:2023-06-23;102.40:5:2024-01-19;155.60:3:2025-04-11;171.04:2:2024-09-13;195.56:2:2025-03-14;219.64:3:2026-07-03;240.51:2:2026-06-12;256.10:4:2026-08-21;293.15:1:2025-09-05;326.83:2:2025-12-19;343.47:1:2025-10-24
CHTR,144.04,111.97:28;118.38:26;129.93:86;144.04:100;173.54:29;186.37:24;201.77:27;209.46:48;219.73:48;231.27:22;244.10:36,111.55:1:2026-07-24;124.05:1:2026-06-26;180.38:1:2026-01-30;193.00:1:2025-11-21;208.33:1:2026-03-20;236.08:1:2024-04-26;251.80:2:2025-09-12;270.41:2:2024-06-14;297.66:2:2022-12-23;302.94:1:2022-09-30;312.39:5:2025-04-11;318.74:3:2023-06-23;333.68:3:2025-03-14;357.41:1:2024-01-19;364.30:1:2022-11-25;370.58:1:2025-06-20;379.22:2:2025-06-06;407.57:4:2023-09-08;421.16:2:2023-10-06;450.68:1:2022-07-15;545.33:2:2022-03-11;599.34:1:2021-12-17;683.44:1:2021-10-15
CMCSA,25.09,21.67:22;22.76:40;23.69:68;25.09:100;26.34:39;27.74:77;28.98:51;30.85:24;31.63:22,21.28:1:2026-07-24;22.13:1:2026-06-26;22.80:1:2026-07-10;24.13:2:2026-05-15;26.61:1:2022-10-14;27.48:1:2026-04-10;28.15:1:2022-11-04;29.08:2:2025-08-15;31.66:3:2025-06-27;32.46:1:2023-03-17;33.88:2:2025-01-17;34.65:2:2024-07-26;35.49:5:2024-09-13;36.81:3:2023-06-23;37.92:2:2024-10-25;38.90:2:2024-03-08;39.73:1:2023-10-06;41.47:3:2023-09-08;42.32:1:2023-08-25;43.38:1:2021-12-17;46.67:1:2021-10-29;48.28:1:2021-10-15
COST,918.58,856.78:27;896.77:51;918.58:100;944.02:96;980.37:72;998.55:72,406.51:1:2022-05-20;442.38:3:2023-01-06;465.33:5:2023-05-26;482.98:2:2023-05-05;530.56:4:2023-10-27;551.02:1:2023-08-04;640.51:1:2024-01-05;697.27:2:2024-04-05;793.00:1:2024-08-09;844.06:1:2025-12-19;867.16:5:2025-11-21;883.10:1:2026-09-25;902.00:4:2026-07-10;925.00:2:2025-08-29;942.97:1:2025-04-25;960.46:3:2026-04-17
CPRT,33.22,27.48:37;29.61:51;30.92:43;33.22:100;37.48:21;38.95:42;39.94:28;41.41:28,25.55:2:2022-09-23;26.35:4:2026-07-24;29.61:2:2022-12-23;31.39:1:2022-08-12;32.20:1:2026-03-20;33.62:3:2026-02-20;34.72:1:2021-12-24;35.57:1:2021-12-03;38.18:1:2025-12-12;42.41:5:2023-11-03;43.32:2:2025-10-17;45.05:1:2025-08-01;46.21:1:2024-01-05;47.08:2:2025-06-27;48.05:2:2024-09-13;49.07:1:2024-08-09;50.41:2:2024-11-01;51.73:2:2025-03-14;52.90:1:2024-07-05;55.12:1:2025-01-17
CRM,182.92,155.22:25;165.12:50;182.92:100;192.82:89;208.64:21;230.41:36;246.24:44;258.11:63,126.34:1:2022-12-23;137.59:2:2022-10-14;146.32:1:2026-06-26;154.55:5:2026-07-24;163.52:2:2026-05-15;174.57:1:2026-02-27;184.44:4:2023-04-28;193.68:3:2023-10-27;204.78:3:2024-05-31;221.96:2:2025-11-21;230.00:2:2025-10-03;245.25:3:2025-12-19;266.55:2:2024-05-03;276.42:2:2024-10-25;293.77:1:2024-03-15;313.80:2:2025-01-17
CRWD,210.23,100.41:92;127.20:67;170.05:41;188.80:100;210.23:100;223.62:60;239.69:55;261.12:37,23.06:5:2023-05-05;34.84:13:2023-10-27;46.43:3:2024-08-09;59.65:7:2024-10-04;73.67:5:2025-04-11;84.93:3:2026-03-27;100.67:1:2025-09-05;112.36:2:2026-01-02;154.43:1:2026-06-12;174.14:2:2026-08-28
CSCO,78.26,71.06:30;78.26:100;82.18:31;112.26:50;118.14:41,38.60:3:2022-10-14;44.50:8:2024-08-16;47.85:1:2024-09-13;51.08:6:2025-04-11;54.53:2:2024-11-22;57.27:2:2025-01-31;65.75:4:2025-10-17;72.80:1:2026-01-16;104.51:1:2026-09-25;107.53:1:2026-07-17
CSGP,32.41,27.49:44;29.95:97;32.41:100;33.63:65;36.34:21;40.02:28;45.18:20;67.54:30,25.89:1:2026-07-31;28.79:1:2026-09-11;31.36:1:2026-05-15;34.75:1:2026-04-17;49.00:1:2022-02-25;53.51:2:2022-06-17;57.01:1:2026-01-16;64.78:2:2023-03-24;67.35:4:2024-10-25;68.41:2:2025-01-17;71.21:4:2025-06-06;72.50:2:2025-02-21;73.58:2:2025-10-17;74.66:3:2023-10-06;77.17:1:2023-08-18;79.82:2:2024-02-23;85.30:1:2021-10-08
CSX,35.92,35.92:100;39.83:38;41.13:41;42.43:33;45.91:66;47.21:49;48.73:31;50.25:45,25.80:3:2025-04-11;27.60:3:2023-03-24;29.03:3:2023-10-27;29.93:7:2023-09-29;31.16:5:2025-09-12;32.12:5:2024-10-25;33.09:6:2025-11-21;34.42:3:2026-01-16;37.88:1:2026-03-20;45.15:1:2026-06-19;49.42:1:2026-08-07
CTAS,199.2,174.86:71;182.97:69;189.06:62;194.13:75;199.20:100,85.96:3:2022-06-17;90.85:4:2022-10-14;95.25:2:2022-09-30;100.50:2:2022-09-02;105.29:2:2023-01-20;118.68:4:2023-09-29;123.45:1:2023-09-08;136.87:1:2023-12-08;143.64:1:2024-01-05;150.70:2:2024-03-15;161.16:2:2026-05-15;167.82:1:2026-07-03;172.20:1:2024-07-05;180.39:6:2026-01-09;184.61:2:2026-02-06;189.37:3:2026-09-25;196.50:2:2026-08-21;202.18:2:2024-11-01;209.50:1:2025-07-18
CTSH,61.09,41.88:74;46.40:24;52.61:83;55.44:62;58.26:66;61.09:100;63.91:56;67.30:38;72.38:35;76.34:20;84.24:40,37.08:1:2026-07-03;45.48:1:2026-05-15;51.33:1:2022-11-04;54.25:3:2023-03-17;57.42:4:2026-09-11;60.04:3:2026-02-27;63.26:6:2025-10-17;65.52:2:2025-04-11;67.95:3:2025-08-15;71.55:4:2024-11-01;73.96:7:2025-07-18;76.79:1:2021-12-03;80.52:3:2026-01-02
DASH,175.33,157.86:96;175.33:100;185.04:95;198.63:63;208.34:76;221.93:51;229.70:47,41.37:2:2023-01-06;51.53:6:2023-04-28;60.52:2:2022-07-29;69.90:4:2023-10-27;85.18:1:2022-02-25;93.33:2:2024-07-26;106.22:1:2024-05-31;122.32:1:2024-09-06;143.30:3:2026-06-12;155.40:2:2026-02-20;164.20:3:2026-07-24;182.04:2:2025-11-21;194.54:1:2021-10-15;232.10:2:2025-08-22;246.72:1:2025-10-24
DDOG,127.93,127.93:100;156.43:56;187.77:33;199.17:24;210.57:24;233.36:53;247.61:37;264.71:32,61.34:5:2023-04-14;75.54:7:2025-04-11;90.88:5:2026-04-10;105.44:6:2026-02-06;118.40:7:2025-08-15;132.28:4:2025-09-19;149.02:1:2025-10-17;203.24:2:2026-09-11
DIS,105.36,96.58:54;99.16:65;105.36:100;111.56:74,78.73:4:2025-04-11;83.91:3:2024-08-09;87.01:3:2024-01-12;89.93:5:2024-10-11;92.01:3:2026-07-24;94.28:2:2026-07-10;96.46:2:2026-06-12;99.47:2:2024-05-24;101.89:1:2025-11-28;105.83:3:2025-02-14;108.51:1:2025-10-17;111.54:1:2025-08-15;118.88:1:2025-07-18;128.38:2:2022-03-18;142.04:1:2021-12-03;145.08:1:2021-12-24;168.15:1:2021-10-29
DXCM,73.27,59.55:75;62.39:56;66.65:97;70.43:80;73.27:100;84.15:24;86.99:34;89.82:41,54.11:1:2025-11-07;56.72:2:2026-05-01;60.57:1:2026-04-03;62.86:3:2026-02-13;66.89:2:2026-07-03;69.79:1:2026-07-24;73.93:3:2025-08-08;77.81:3:2025-06-27;82.29:1:2026-09-11;91.43:1:2022-02-25;95.50:1:2022-01-28;98.02:1:2023-09-01;102.50:2:2023-02-24;106.16:1:2023-03-17;108.68:3:2024-06-28;110.90:2:2023-05-26;113.05:1:2024-03-01;115.01:1:2023-05-05;119.55:1:2024-02-02;121.79:2:2024-05-03;127.62:1:2021-12-10;130.27:2:2024-04-05
EXC,46.45,43.86:85;44.51:79;45.80:94;46.45:100;47.74:84;49.04:57,33.35:2:2024-02-09;34.01:2:2024-07-12;35.19:3:2024-04-19;35.94:1:2024-12-20;36.77:3:2024-08-16;37.76:3:2024-11-08;38.80:3:2024-10-11;39.49:3:2023-03-03;40.17:1:2022-06-17;41.71:2:2025-06-13;42.47:8:2026-01-16;43.20:4:2026-05-15;44.15:1:2026-06-05;45.07:3:2026-04-24
FANG,194.75,141.78:37;148.57:53;158.08:22;167.59:25;177.10:58;186.61:100;194.75:100,95.02:2:2021-12-24;100.78:3:2022-07-15;110.97:2:2025-04-11;119.01:5:2023-06-23;124.83:4:2025-05-09;132.20:7:2025-11-07;143.08:6:2025-12-26;150.16:2:2024-12-20;167.84:3:2026-07-03;173.72:1:2024-11-08;179.61:2:2026-08-07;185.10:2:2024-08-23;191.48:1:2024-05-24;199.62:1:2024-07-12
FAST,46.46,40.93:44;42.08:51;43.69:59;44.84:87;46.46:100;49.22:39;50.83:35,21.86:1:2022-10-14;22.84:3:2023-01-20;24.05:2:2022-06-17;25.17:2:2022-05-13;26.43:3:2023-09-22;29.21:2:2023-12-01;30.23:4:2024-07-05;32.04:2:2024-09-06;33.40:1:2024-04-26;34.69:3:2025-04-11;36.03:1:2025-02-07;37.60:1:2024-10-25;38.97:3:2026-01-02;40.36:2:2025-06-27;42.91:1:2026-05-22;44.06:2:2026-07-24;46.59:1:2025-09-12;47.65:1:2026-09-04
FTNT,81.77,81.77:100;146.06:21,44.12:5:2023-11-03;52.34:10:2024-08-09;58.58:3:2024-02-23;66.19:2:2025-08-08;73.29:2:2024-11-08;81.70:1:2025-04-11;89.67:4:2025-03-14;133.05:1:2026-06-12;143.77:2:2026-08-21
GEHC,64.64,61.43:89;64.64:100;70.72:61;73.22:61;78.93:34;82.86:38,53.00:1:2022-12-23;57.65:2:2026-05-01;62.35:3:2026-09-18;66.39:3:2025-05-09;68.22:3:2026-04-03;69.79:3:2025-11-21;71.31:1:2024-01-26;73.66:3:2025-07-18;75.68:4:2026-02-13;77.67:2:2026-01-30;79.63:1:2024-07-26;81.74:2:2025-12-19
GILD,130.02,118.85:50;124.86:93;130.02:100;134.31:75;148.91:56,57.17:4:2022-08-05;61.45:5:2024-05-31;66.88:1:2021-10-08;71.37:6:2024-08-16;75.10:5:2023-12-22;80.48:3:2023-04-14;86.08:2:2025-01-10;93.37:1:2025-04-25;104.46:3:2025-07-25;108.46:3:2025-10-03;114.02:2:2026-01-09;118.17:2:2026-06-12;127.61:3:2026-07-24;133.89:1:2026-04-03
GOOGL,343.94,252.91:27;284.77:36;302.97:73;316.63:88;343.94:100;384.90:32,83.34:3:2023-02-24;94.05:5:2023-03-31;104.07:2:2022-07-29;116.10:4:2023-10-27;125.28:4:2024-03-08;134.55:4:2025-04-11;147.22:3:2024-09-13;159.74:3:2025-06-27;169.44:1:2024-05-31;235.84:1:2025-10-10;272.11:1:2026-04-03;294.08:3:2026-03-13;314.90:2:2026-07-24;327.74:2:2026-09-11;346.36:1:2026-06-12
GS,934.03,789.24:67;835.57:34;864.53:32;899.28:73;934.03:100;1032.49:58,277.84:6:2023-10-27;301.87:8:2023-09-08;326.23:3:2023-01-27;366.65:7:2024-04-12;437.37:5:2025-04-11;510.74:2:2025-03-14;544.49:1:2024-12-20;575.51:2:2025-05-23;691.30:2:2025-08-22;740.01:3:2025-11-21;780.50:1:2026-03-13;899.00:1:2026-05-08;1000.04:2:2026-07-03
HD,337.4,292.41:21;300.45:44;311.70:59;319.73:61;337.40:100;347.04:97;380.79:60,264.51:3:2022-10-21;274.26:4:2023-10-27;286.72:3:2026-05-22;293.59:2:2022-04-08;300.89:2:2026-06-12;309.00:2:2026-04-10;321.20:7:2026-07-24;331.37:4:2026-01-09;339.37:2:2024-08-16;345.80:2:2025-06-20;352.46:2:2025-07-18;364.70:3:2026-02-06;380.10:3:2025-01-10;400.22:2:2025-02-07
HON,206.49,201.43:82;206.49:100;210.54:74;223.69:98;233.81:80;241.90:96;254.04:43,164.71:2:2022-09-30;172.41:2:2023-10-27;177.06:3:2025-04-11;181.12:4:2023-09-08;186.27:4:2025-04-25;193.32:7:2026-09-18;198.30:5:2025-10-17;202.78:1:2026-01-02;208.13:4:2025-08-15;215.54:4:2026-07-10;230.55:1:2026-03-20
IBM,229.39,206.54:21;219.60:80;229.39:100;248.98:63;257.14:48;276.73:27;294.69:48;306.12:70,114.56:5:2023-05-12;121.71:3:2023-03-17;129.18:3:2023-06-23;135.87:3:2023-10-27;157.89:4:2024-06-07;181.81:1:2024-08-09;199.19:3:2026-07-24;212.34:3:2026-05-15;220.72:1:2026-02-27;227.40:3:2026-08-21;243.68:2:2026-06-19;263.56:1:2025-10-24;288.07:3:2026-01-23;296.00:1:2025-11-07
IDXX,561.12,531.60:27;561.12:100;634.91:42;699.85:29,317.06:3:2022-10-14;330.66:2:2022-09-02;350.39:2:2025-04-11;372.50:1:2023-11-03;395.10:4:2024-12-20;420.22:1:2023-10-06;446.00:3:2024-08-09;458.97:7:2024-09-06;477.55:3:2024-06-07;500.61:4:2026-09-11;518.55:3:2026-07-03;534.36:2:2026-07-24;548.51:1:2026-04-03;575.59:1:2021-12-03;600.57:3:2026-02-13;661.89:2:2026-01-02
ILMN,124.08,96.59:30;124.08:100;144.70:52;161.89:32;189.38:52;271.86:21,68.70:3:2025-06-06;86.58:3:2025-10-17;105.58:4:2026-05-01;120.51:6:2026-01-02;138.88:2:2024-12-06;155.55:2:2026-06-12;174.15:9:2026-08-14;197.89:4:2026-09-11;294.54:2:2022-03-18;309.41:1:2022-01-28;331.74:1:2021-12-03;371.01:1:2021-10-08
INTC,38.68,38.68:100;46.95:96;65.14:22;91.61:40;103.19:50;119.73:49,17.67:9:2025-08-01;24.59:6:2024-05-10;31.38:9:2025-12-26;40.31:10:2026-04-03;47.87:3:2021-12-24;81.79:2:2026-08-28;98.33:2:2026-06-05
INTU,312.02,280.27:72;312.02:100;332.23:43;346.67:48;358.21:47;392.86:54;436.16:39;456.37:21;655.57:33;672.89:24,252.84:1:2026-06-26;339.36:2:2026-02-27;352.63:2:2022-11-04;370.62:3:2023-01-06;384.05:1:2023-03-17;400.22:1:2023-06-02;413.73:2:2022-09-09;444.19:1:2023-07-07;473.56:2:2023-10-27;499.75:2:2023-09-29;524.14:2:2025-04-11;557.29:1:2024-05-31;585.81:2:2024-08-09;598.01:4:2024-10-25;619.82:3:2025-11-28;633.47:3:2025-11-07;648.21:1:2025-12-19;742.39:1:2025-07-18
ISRG,403.62,352.64:63;372.47:59;403.62:100;417.78:50;437.60:44;454.59:58;465.92:37;480.08:44;528.22:27;545.22:36;567.87:29,180.07:3:2022-10-14;196.10:3:2022-09-02;222.65:1:2023-03-17;238.84:1:2023-01-27;254.20:4:2023-11-03;266.02:1:2022-02-25;282.50:1:2023-08-25;304.50:2:2023-12-08;320.26:3:2026-07-24;345.25:1:2026-09-11;364.17:2:2024-04-19;376.60:1:2024-03-15;396.68:2:2026-07-03;417.74:3:2026-05-15;429.60:3:2025-09-19;447.78:1:2026-04-10;465.69:4:2026-02-06;498.17:1:2025-06-13;516.18:1:2024-12-20;529.15:3:2025-12-12;555.40:2:2026-01-02
JNJ,239.58,191.70:71;205.71:93;218.56:41;229.07:89;239.58:100;244.25:99;254.76:60;267.61:67,140.68:7:2025-04-11;146.12:3:2025-06-20;151.77:7:2024-08-16;157.33:7:2024-10-04;166.06:3:2023-08-04;172.69:3:2025-09-19;184.66:1:2025-10-31;199.91:3:2026-01-09;220.37:2:2026-06-05;227.50:1:2026-06-26;232.24:1:2026-03-27;245.49:1:2026-07-24;250.44:1:2026-08-07;260.68:1:2026-09-18
JPM,308.88,286.34:28;299.22:82;308.88:100;321.75:27;333.02:35;355.55:29,104.40:2:2022-09-30;111.02:3:2022-09-02;123.11:3:2023-03-24;131.81:4:2023-10-27;139.57:3:2023-10-06;151.84:1:2021-12-24;160.06:2:2024-01-19;179.20:1:2024-04-19;190.88:2:2024-08-09;200.61:3:2025-04-11;224.23:2:2025-03-14;256.00:1:2025-05-23;279.10:2:2026-03-13;290.54:4:2026-05-22;325.01:1:2026-07-03
KDP,28.9,26.72:77;27.81:91;28.90:100;31.07:89;33.24:25,24.88:2:2026-04-10;25.85:2:2026-01-30;26.97:2:2026-01-09;27.84:4:2026-08-14;29.53:3:2026-07-24;30.47:6:2025-02-14;31.80:6:2025-06-27;32.70:9:2025-07-18;34.13:2:2023-01-20;35.15:4:2024-10-11;36.03:2:2022-11-18
KHC,24.44,22.44:49;23.51:60;24.44:100,21.03:1:2026-03-27;21.75:4:2026-06-26;22.91:2:2026-02-20;23.60:4:2026-08-14;24.80:1:2025-10-17;25.44:2:2025-09-19;26.61:1:2025-08-08;27.25:2:2025-04-11;28.37:1:2025-01-17;28.93:1:2025-03-28;30.68:1:2023-10-13;31.58:2:2024-07-12;32.42:3:2023-09-08;33.67:4:2024-10-04;34.76:3:2023-07-21;35.30:4:2024-05-10;35.87:2:2024-04-12;37.08:3:2023-03-24;38.68:2:2023-02-10;41.29:1:2022-05-06
KLAC,185.32,171.50:56;185.32:100;195.69:68;207.78:40;216.41:49;231.96:29;244.05:40;254.41:27,25.02:7:2022-10-14;34.40:5:2023-04-28;44.01:5:2023-10-27;52.71:4:2025-04-11;60.94:6:2025-03-14;68.52:5:2025-05-30;79.14:3:2025-08-22;98.10:1:2025-10-10;107.20:1:2025-11-21;121.41:1:2026-01-02;128.50:2:2026-03-13;137.44:1:2026-04-03;164.60:4:2026-09-18
KO,70.26,68.27:43;70.26:100;72.83:28;76.54:46;78.82:77;80.54:62;83.39:27;86.81:35;88.24:55,51.55:3:2023-10-06;53.77:2:2022-10-14;57.47:6:2024-04-19;58.66:6:2024-03-08;60.62:4:2025-01-10;61.95:3:2024-07-12;65.35:2:2025-10-03;67.27:4:2026-01-09;68.58:4:2025-12-12;74.07:2:2026-04-24;76.81:1:2026-06-05;78.74:1:2026-06-19;80.83:1:2026-07-17;87.41:1:2026-09-11
LIN,493.56,409.35:35;419.62:60;436.05:27;452.48:45;466.86:46;481.24:88;493.56:100;510.00:93,262.47:3:2022-09-30;273.30:1:2022-09-02;283.67:2:2022-06-17;296.32:3:2023-01-06;315.80:2:2022-12-23;324.11:2:2023-03-17;350.60:2:2023-07-07;361.02:2:2023-10-27;373.47:1:2023-08-25;387.78:1:2025-12-12;396.07:2:2024-02-09;408.65:4:2025-11-07;433.15:3:2025-05-02;449.32:5:2026-09-18;460.77:2:2025-09-05;471.14:2:2026-03-27;488.88:2:2026-06-05
LRCX,221.37,142.12:98;161.14:95;221.37:100;262.58:67;316.47:93;345.00:36;370.36:23;392.55:29,29.96:4:2022-12-23;44.25:7:2025-04-11;57.44:8:2024-11-22;70.16:8:2025-05-30;85.80:6:2025-09-05;101.25:1:2024-06-28;135.50:1:2025-11-21;194.08:3:2026-04-03;241.60:2:2026-07-31;265.37:2:2026-09-18
LULU,100.34,100.34:100;116.72:78;120.17:95;126.20:35;131.38:26;144.31:22;165.01:46;170.18:43;173.63:49;177.94:34;182.25:38;208.99:26,95.35:1:2026-09-18;104.44:1:2026-06-26;109.20:1:2026-07-24;114.69:2:2026-08-21;143.96:1:2026-03-27;159.25:4:2025-11-21;168.39:1:2026-02-13;185.95:1:2025-08-15;219.97:1:2025-06-27;226.01:1:2024-08-09;234.84:1:2025-04-04;243.37:1:2024-09-13;251.51:1:2022-05-27;256.50:2:2024-10-04;267.78:1:2022-06-17;277.50:3:2022-10-14;281.57:3:2022-09-02;286.58:2:2023-03-17;293.03:2:2024-05-31;298.20:1:2024-11-22;306.38:1:2022-12-23;326.93:1:2023-06-02;330.61:1:2024-04-19;354.66:1:2023-10-06;359.81:1:2023-08-25;366.45:4:2025-01-17;383.24:2:2023-10-27;440.26:2:2024-03-08;450.61:1:2021-11-12
MAR,358.35,262.74:33;269.57:36;284.93:26;305.42:23;319.08:51;329.33:60;358.35:100;368.60:48;375.43:58,131.01:2:2022-09-23;140.55:4:2022-12-23;149.76:6:2023-03-24;161.66:2:2023-06-02;170.03:1:2023-06-30;180.75:1:2023-11-03;189.34:1:2023-10-06;198.23:4:2024-08-09;205.40:1:2025-04-11;221.84:2:2024-09-13;229.38:2:2025-03-21;236.68:1:2024-07-05;249.55:3:2025-08-01;269.28:1:2025-01-10;276.28:2:2025-12-12;308.31:2:2026-03-13;320.91:1:2026-09-11;345.38:1:2026-05-08;359.96:2:2026-07-17
MCD,307.32,233.25:26;249.45:28;255.24:21;269.13:71;273.76:82;283.02:45;307.32:100;316.58:24;325.84:39,217.68:1:2022-03-11;228.34:3:2022-09-30;236.14:1:2021-10-29;243.53:5:2024-07-26;249.16:2:2024-05-31;255.34:2:2023-01-06;260.19:5:2026-08-07;265.11:2:2024-04-12;271.85:3:2026-06-05;276.53:3:2025-01-17;281.54:4:2025-06-27;290.50:4:2025-11-07;298.15:3:2026-01-23;305.01:1:2025-05-16
MCHP,74.2,64.61:91;74.20:100;78.31:79;81.04:53;84.47:30;90.63:46;96.79:47,34.13:1:2025-04-11;48.52:2:2025-11-21;54.33:3:2025-05-23;59.31:6:2026-04-03;62.86:5:2025-12-19;67.69:6:2026-09-18;70.45:5:2026-09-04;73.38:2:2026-02-06;77.22:3:2024-02-16;80.90:4:2024-04-19;85.28:1:2026-06-12;88.17:2:2026-05-22
MDB,332.89,261.85:53;332.89:100;411.03:42,135.15:3:2025-04-11;164.59:4:2025-05-30;198.47:7:2026-04-10;229.40:6:2025-01-17;272.50:3:2026-07-24;306.43:7:2026-02-06;337.31:6:2026-09-11;392.50:3:2026-01-02;443.00:1:2021-10-15
MDLZ,61.55,54.23:32;58.17:71;61.55:100,51.20:1:2026-01-09;53.95:4:2026-03-13;55.79:2:2026-04-24;57.78:5:2026-07-03;59.02:4:2025-09-05;60.26:3:2025-10-17;62.99:6:2025-05-16;64.18:2:2024-07-19;65.66:3:2025-07-11;69.02:4:2024-05-10;70.48:2:2024-02-16;72.28:1:2024-01-12
MELI,1814.2,1561.81:45;1650.89:86;1739.97:75;1814.20:100;1918.12:53;2007.20:58;2155.67:49,600.68:1:2022-06-17;754.76:4:2022-10-28;815.86:2:2023-01-06;877.69:1:2022-03-18;957.60:1:2022-01-28;1018.73:2:2023-07-14;1083.10:3:2023-10-27;1180.58:2:2023-08-18;1324.99:1:2024-04-26;1452.39:4:2026-05-15;1546.00:6:2026-06-26;1646.00:1:2024-12-20;1723.90:2:2026-07-24;1896.00:4:2025-12-19;1966.00:2:2025-10-17;2284.99:3:2025-09-12
META,609.8,609.80:100;659.95:84;724.42:31,88.09:3:2022-12-23;122.53:1:2022-10-14;154.25:5:2022-09-02;184.78:4:2023-04-28;274.38:4:2023-10-27;308.11:4:2023-12-08;340.01:1:2024-01-05;414.50:2:2024-07-26;450.80:2:2024-08-09;479.80:3:2025-04-25;520.26:4:2026-08-21;549.05:3:2026-06-12;580.00:4:2026-05-15;628.15:1:2026-02-20;678.67:3:2025-10-10;721.73:1:2025-09-05
MMM,162.69,145.71:63;152.50:80;162.69:100;169.48:88;179.66:27,71.36:1:2023-10-27;75.65:2:2024-03-08;79.91:2:2023-08-25;83.75:2:2024-03-29;89.52:1:2022-10-14;96.76:3:2024-07-12;101.47:1:2022-12-02;105.02:1:2022-07-08;116.84:4:2024-08-09;121.98:2:2025-04-11;127.12:1:2024-09-13;132.93:1:2024-10-11;139.34:4:2026-05-08;142.94:2:2025-08-01;146.35:4:2026-06-05;150.43:3:2026-07-10;158.45:2:2026-09-18
MNST,44.4,33.54:40;34.75:54;38.61:95;40.78:69;41.98:57;42.95:99;44.40:100;46.57:73;48.50:66,17.94:1:2022-03-11;20.23:3:2022-06-17;21.40:5:2024-08-09;22.85:3:2025-02-07;23.82:6:2024-10-11;24.88:2:2024-05-31;25.86:3:2024-11-22;27.36:5:2025-04-11;29.15:1:2025-07-18;30.64:3:2025-09-26;32.94:1:2025-10-31;35.43:2:2026-04-03;37.44:1:2026-01-09;42.19:1:2026-09-11;44.75:1:2026-08-07;46.47:1:2026-07-24
MRK,120.44,86.76:54;93.67:25;99.71:47;105.76:36;110.08:64;115.26:77;120.44:100;128.21:43;149.80:37,71.50:3:2025-05-16;75.93:6:2025-09-26;79.88:3:2025-02-21;83.53:4:2022-09-23;94.48:4:2025-12-12;100.58:4:2023-11-17;104.42:4:2024-10-11;107.90:2:2026-05-01;111.57:3:2026-06-19;119.23:2:2026-07-17;122.70:1:2024-05-31;126.22:1:2026-08-07;142.32:1:2026-09-18
MRNA,49.68,27.77:81;49.68:100;144.63:58,22.28:12:2026-02-13;37.44:4:2026-06-05;52.26:3:2026-08-07;74.50:3:2024-08-09;95.02:5:2024-04-26;114.02:7:2024-07-05;129.58:3:2023-03-03;145.36:1:2023-03-31;210.96:1:2021-11-05;233.51:1:2021-12-10;293.58:1:2021-10-08
MRVL,90.14,90.14:100;164.97:26;218.84:30;239.79:23;263.74:27;281.69:27;296.66:24,33.75:6:2023-04-28;46.07:9:2025-05-09;58.52:15:2025-09-05;70.69:5:2026-03-06;99.52:1:2025-01-31;162.90:1:2026-07-31;200.62:1:2026-09-04
MSFT,399.39,372.01:79;399.39:100;414.60:86;445.02:22;460.22:26;493.68:63;511.93:48,213.43:3:2023-01-06;232.73:2:2022-09-30;245.61:3:2023-03-03;270.00:4:2023-04-14;285.51:1:2021-10-08;309.45:3:2023-09-29;344.79:4:2026-06-26;362.90:1:2023-12-08;376.91:5:2026-07-24;397.22:7:2026-05-01;410.29:2:2025-01-03;464.89:1:2025-11-28;477.15:1:2026-08-21;492.37:1:2025-09-05;505.04:2:2025-10-17
MU,415.46,237.56:64;331.74:39;415.46:100;509.64:20;739.87:23;792.19:25;928.23:78;1064.28:44,48.43:25:2025-04-11;90.30:5:2025-08-22;154.65:1:2025-09-26;311.49:1:2026-04-03;357.67:1:2026-03-13;652.21:1:2026-05-22;737.88:1:2026-07-31;804.00:1:2026-07-17;854.35:2:2026-08-28;902.60:1:2026-09-18
NFLX,73.47,67.58:43;73.47:100;76.63:76;81.61:85;85.68:41;88.40:75;93.83:98,16.27:3:2022-07-15;21.17:2:2022-10-14;25.21:1:2022-11-11;27.34:3:2023-03-17;31.56:2:2023-05-05;34.47:3:2023-10-20;39.81:3:2023-08-18;44.57:2:2024-01-05;54.20:1:2024-04-26;58.17:2:2024-08-09;61.72:2:2024-06-07;64.21:2:2026-07-17;66.08:3:2024-10-18;70.86:1:2026-06-26;75.01:1:2026-02-27;82.11:2:2025-04-11;85.10:2:2026-05-15;88.66:1:2024-12-20;90.69:1:2026-03-20;107.34:1:2025-11-07;113.40:2:2025-10-03;118.06:1:2025-06-13
NKE,42.32,33.28:31;35.90:92;38.82:43;41.15:68;42.32:100;44.06:92;45.52:60;58.93:25;63.59:50;65.63:45,40.00:1:2026-06-26;41.35:2:2026-05-22;52.28:1:2025-04-11;56.99:1:2025-12-26;59.19:3:2025-11-07;60.43:1:2026-02-06;68.03:2:2025-09-26;70.32:4:2025-07-18;72.71:1:2024-11-22;76.74:1:2024-09-13;79.93:1:2024-10-11;82.22:1:2022-10-07;88.66:2:2024-04-12;90.09:1:2024-05-03;97.06:1:2024-03-08;99.05:2:2024-02-09;102.90:3:2023-07-07;104.18:2:2023-11-17;115.79:3:2023-03-31;120.45:2:2023-02-10;124.32:1:2022-04-15;139.56:1:2022-01-28;147.51:1:2021-10-08
NVDA,183.76,183.76:100;199.89:45;209.30:50;220.05:40,10.81:7:2022-12-30;16.72:5:2022-08-12;26.22:3:2023-04-28;37.36:5:2023-11-03;45.01:2:2024-01-05;75.61:1:2024-04-19;86.62:2:2025-04-11;100.95:2:2025-03-14;113.01:2:2025-02-07;126.86:4:2025-01-17;164.07:3:2026-04-03;169.55:4:2026-03-06;176.76:2:2026-01-23;189.80:2:2026-07-31;199.34:1:2026-06-12;208.93:1:2026-09-18
NXPI,225.27,192.89:41;205.48:38;225.27:100;270.23:24;281.03:25;293.62:48,132.08:1:2022-10-14;140.33:2:2022-09-30;148.09:2:2025-04-11;155.31:4:2023-05-12;164.75:6:2023-11-03;174.17:2:2023-03-03;182.34:5:2026-04-03;192.14:4:2025-02-07;201.58:5:2026-02-06;209.44:7:2025-09-19;216.66:5:2026-09-18;228.30:2:2024-10-04;263.26:1:2024-06-21;279.36:1:2026-06-12
ODFL,136.21,136.21:100;157.80:55;174.59:69;180.59:61;187.78:70;194.98:77;199.78:93;209.37:72;220.17:83;234.56:42,115.65:3:2022-09-23;121.75:4:2025-11-21;128.51:1:2022-04-15;133.69:2:2025-10-17;138.74:6:2025-08-15;144.90:3:2025-04-25;155.05:4:2025-07-18;160.38:2:2023-04-07;165.49:2:2026-09-25;174.80:3:2026-03-13;179.82:2:2024-09-06;185.37:5:2026-05-15;194.12:2:2023-09-29;208.32:3:2026-07-03
ON,61.39,50.47:90;55.02:77;61.39:100;72.31:100;76.86:43;84.14:57;90.51:51;97.78:42;101.42:54;115.07:34;120.53:33,31.04:1:2025-04-11;37.19:2:2025-05-23;41.88:3:2025-11-21;45.64:2:2025-10-10;50.57:5:2022-05-13;54.93:5:2026-04-03;59.34:4:2024-04-26;64.32:8:2026-09-18;68.78:5:2026-08-28;75.56:3:2026-08-07;86.20:3:2026-07-03;108.30:1:2026-06-12
ORCL,145.22,127.89:26;145.22:100;164.12:43;178.29:43;194.05:53,60.78:3:2022-09-30;68.23:2:2022-07-15;78.06:4:2023-03-17;85.26:3:2023-01-20;93.29:2:2023-12-15;99.87:2:2023-10-27;106.51:3:2024-04-26;113.43:4:2026-07-31;125.75:1:2024-08-09;134.57:5:2026-08-21;152.42:3:2025-05-23;160.33:1:2026-05-01;167.40:1:2024-11-01;177.07:2:2026-05-22;185.63:1:2025-11-28;218.79:1:2025-09-05
ORLY,92.22,85.95:65;87.74:60;92.22:100;98.93:37;101.17:27,39.12:3:2022-05-06;41.39:3:2022-02-25;44.16:2:2022-09-23;46.15:1:2022-09-02;51.15:1:2023-01-27;53.05:4:2023-03-24;57.34:3:2023-10-27;60.97:1:2024-01-12;63.17:1:2024-05-31;73.11:2:2024-09-13;76.22:1:2024-11-01;78.30:2:2025-01-03;82.59:1:2026-07-17;84.76:4:2026-06-26;86.77:5:2026-05-15;88.58:4:2026-01-09;100.95:1:2025-09-26
PANW,161.55,161.55:100;185.52:69;213.49:42;281.42:24;329.37:29;357.34:30;377.31:25,66.11:10:2023-01-13;83.04:6:2023-05-19;100.58:2:2023-09-29;116.90:2:2024-02-23;139.57:4:2026-03-27;164.12:8:2026-01-02;180.12:3:2025-07-18;203.38:1:2025-10-17;251.15:1:2026-06-12;308.54:2:2026-09-04
PAYX,93.41,93.41:100;98.71:70;107.04:25;111.59:58;125.23:33,85.45:3:2026-05-15;93.02:1:2026-06-26;104.09:4:2023-11-03;108.00:6:2025-11-21;111.17:4:2022-11-04;114.72:5:2024-07-12;117.76:5:2026-08-21;122.07:1:2024-08-09;135.00:4:2025-04-11;138.17:2:2025-04-25;142.01:2:2025-03-21
PCAR,112.37,98.25:55;112.37:100;118.02:91;123.67:94;132.14:48,51.33:4:2022-07-15;54.53:5:2022-09-30;64.33:1:2022-12-16;67.48:2:2023-06-02;71.29:1:2023-03-03;80.94:1:2023-11-03;84.65:1:2025-05-02;90.04:7:2025-10-17;93.86:2:2025-11-21;99.46:2:2025-02-14;102.64:1:2025-01-03;107.78:2:2026-05-22
PDD,84.23,78.19:66;82.51:81;84.23:100;97.60:70;100.19:78;102.34:92;106.22:61;111.83:35;118.30:26;134.26:26;137.71:23,23.21:1:2022-03-18;31.01:1:2022-05-13;38.80:1:2022-10-28;44.82:1:2022-08-05;47.67:2:2022-01-28;52.56:1:2022-06-17;58.79:2:2023-05-12;66.40:1:2023-06-30;71.94:1:2026-06-26;75.44:1:2023-08-25;78.82:1:2022-12-30;81.82:2:2026-07-24;84.82:1:2021-10-08;87.11:2:2025-04-11;89.36:2:2023-02-10;94.25:4:2026-03-27;97.94:3:2026-03-06;104.19:2:2025-12-19;108.87:3:2025-08-01;110.65:1:2024-04-19;118.77:2:2025-09-05;122.07:2:2025-10-10;130.05:1:2024-07-05;136.00:1:2024-01-19;140.31:1:2024-06-07
PEP,143.08,130.13:27;140.26:95;143.08:100;149.27:81;155.47:55;167.86:23,127.60:2:2025-06-27;133.73:1:2026-07-24;136.01:3:2026-08-14;138.33:3:2026-06-12;141.26:3:2025-11-14;143.91:2:2025-12-12;149.03:2:2026-03-27;151.75:2:2026-04-10;154.86:3:2024-11-22;158.03:2:2024-07-12;160.63:3:2026-02-20;164.36:7:2024-10-11;166.75:3:2023-02-03;169.12:1:2023-03-03;173.48:2:2023-09-08;179.33:2:2023-06-30
PG,144.42,144.42:100,122.18:1:2022-10-14;129.50:1:2022-06-17;135.29:2:2023-02-10;137.62:7:2026-06-05;140.09:4:2026-05-22;142.50:4:2026-07-03;146.96:4:2025-10-17;149.91:4:2025-08-01;153.52:2:2024-04-19;155.77:6:2026-02-20;158.04:2:2024-11-08;161.42:4:2025-03-28;165.82:2:2024-10-11
PLTR,135.06,135.06:100;146.26:51;153.25:55;177.04:66,5.92:13:2023-05-05;11.75:9:2024-02-02;17.81:7:2024-08-09;29.31:1:2024-09-06;63.40:2:2025-04-11;74.57:1:2025-03-14;106.37:1:2026-06-26;117.89:2:2026-07-31;126.23:2:2026-02-13;142.34:2:2025-11-21;164.55:3:2026-09-11
PYPL,44.9,41.22:45;44.90:100;50.41:20;52.99:40;57.03:36;58.87:32;61.45:34,38.46:1:2026-02-13;40.20:1:2026-06-12;50.25:2:2026-09-11;55.77:5:2025-04-11;57.29:2:2025-11-21;58.95:1:2023-05-26;60.85:2:2024-05-31;65.24:4:2025-10-17;67.15:3:2025-06-20;69.05:2:2025-06-06;70.79:5:2025-07-11;72.60:1:2023-03-03;76.04:1:2024-10-04;79.35:1:2022-10-14;82.50:1:2024-11-22;84.13:1:2022-09-30;89.79:1:2022-09-02;92.25:1:2022-03-11;94.50:1:2022-02-25;179.15:1:2021-12-03
QCOM,176.48,136.45:55;149.79:49;165.36:87;176.48:100;203.18:65;218.75:37;238.76:26,101.47:5:2023-10-27;112.92:6:2025-04-11;121.99:3:2026-04-10;134.94:4:2026-08-07;144.11:6:2025-08-08;153.35:8:2026-08-28;163.66:4:2026-07-03;173.46:1:2021-12-24;190.10:3:2026-06-12
REGN,750.81,579.85:39;626.48:71;709.37:43;750.81:100;802.62:39,476.49:1:2025-06-06;520.50:5:2025-10-17;549.20:3:2025-09-26;572.22:3:2026-06-05;596.90:4:2022-05-13;622.49:3:2026-07-24;668.00:2:2023-06-30;691.86:3:2025-12-12;717.88:6:2026-03-20;769.19:2:2026-09-18;799.77:1:2023-10-06;875.23:1:2024-04-26;923.03:1:2024-02-09;952.30:1:2024-05-31;1011.67:1:2024-07-05
ROP,353.33,332.53:57;353.33:100;408.78:20;445.75:52,305.96:3:2026-05-29;320.11:1:2026-06-26;335.50:2:2026-07-24;356.22:2:2022-10-14;369.51:1:2022-06-17;402.06:1:2022-05-20;416.78:5:2023-03-17;430.61:1:2022-03-18;441.06:2:2023-05-26;459.58:2:2021-12-24;474.46:3:2023-10-27;489.93:2:2025-09-26;499.47:2:2025-01-17;513.87:4:2025-08-15;524.32:2:2024-05-31;534.91:1:2025-04-25;549.24:2:2025-06-20;559.60:2:2025-03-14
ROST,227.91,160.61:50;176.81:37;181.80:39;191.77:39;212.96:97;221.68:46;227.91:100;234.15:79;252.84:28,69.24:1:2022-07-01;77.44:3:2022-10-14;84.44:3:2022-09-02;99.00:4:2023-06-02;104.79:4:2023-09-29;111.91:4:2023-10-27;122.36:3:2025-07-18;127.53:1:2024-05-03;133.70:4:2025-04-25;138.91:3:2025-09-19;146.84:2:2025-10-10;178.88:1:2025-12-26;184.69:1:2026-01-30;205.92:2:2026-07-03;222.00:2:2026-09-18
SBUX,96.01,80.50:35;85.06:98;88.71:26;96.01:100;98.29:76;100.57:57;106.05:89,68.39:1:2022-05-13;70.35:3:2024-07-19;72.72:1:2024-08-09;75.50:2:2025-05-02;77.99:3:2025-11-07;81.20:7:2026-01-02;83.17:2:2024-04-12;85.60:2:2026-03-27;89.21:5:2026-02-06;91.40:1:2024-01-19;93.55:6:2026-06-05;95.55:4:2023-07-07;101.80:2:2026-08-07;106.61:1:2021-12-24;108.55:2:2021-12-03
SHW,334.69,310.78:39;322.73:91;334.69:100;344.65:67;362.58:38,195.24:1:2022-10-14;205.43:1:2023-03-24;214.22:2:2023-05-19;226.50:3:2023-11-03;264.33:1:2023-08-25;282.09:3:2026-06-05;293.17:4:2026-07-24;301.58:2:2026-03-20;314.38:4:2026-09-18;323.00:8:2025-10-17;336.12:4:2026-01-30;348.09:1:2025-05-23;357.59:2:2024-11-01;367.35:1:2024-11-22
SNPS,442.45,394.03:75;418.24:93;442.45:100;495.72:52,255.02:2:2022-10-14;275.00:6:2022-07-15;295.45:3:2023-01-06;347.97:5:2026-09-18;371.00:3:2026-03-27;416.87:3:2025-03-14;437.69:4:2025-12-19;457.52:2:2024-09-13;477.65:4:2025-01-03;502.19:3:2025-01-31;522.92:1:2023-12-08;545.01:1:2024-05-31
SPGI,403.13,392.86:96;403.13:100;415.45:86;431.88:46;440.10:37;454.47:29;466.79:56;499.65:24,264.26:1:2022-10-14;295.05:1:2022-06-03;303.83:4:2023-04-14;322.13:2:2023-11-03;335.86:2:2023-10-06;356.47:2:2026-02-13;369.87:2:2026-06-26;379.38:3:2026-05-15;390.54:5:2024-05-31;402.81:3:2026-08-07;421.32:3:2021-12-24;442.47:3:2025-10-17;451.55:2:2025-01-17;460.03:1:2025-11-21;470.36:2:2025-06-13;486.86:1:2025-07-25;503.80:1:2025-09-05
TEAM,86.4,68.39:82;86.40:100;102.15:29;149.42:38;162.93:34;192.19:20,56.01:1:2026-04-10;67.85:2:2026-06-26;78.20:1:2026-05-15;113.86:2:2023-01-06;128.02:2:2024-08-09;139.70:4:2025-11-21;152.34:5:2025-08-15;162.87:3:2023-11-03;173.46:3:2026-09-11;184.24:4:2025-07-18;193.47:1:2024-03-08;204.73:2:2025-03-14;218.85:2:2024-01-05;232.69:3:2025-01-17;273.42:1:2022-01-28;332.01:1:2021-12-10;385.35:1:2021-10-15
TMUS,181.8,164.78:33;181.80:100;187.47:82;196.55:81;207.89:42;215.84:52;228.32:26,101.51:1:2022-01-21;106.70:1:2021-12-03;114.69:4:2022-03-11;120.90:4:2023-06-02;129.55:4:2023-08-25;135.82:4:2023-10-06;142.39:2:2023-01-20;153.84:1:2023-12-29;158.84:4:2024-05-10;165.66:2:2026-07-31;173.74:3:2026-08-28;181.36:1:2026-01-23;192.61:1:2024-09-06;199.41:1:2025-11-07;205.33:2:2025-11-28;220.00:1:2025-06-20;225.28:1:2025-07-18;232.83:1:2024-11-22;238.65:1:2025-04-11;248.86:1:2025-08-29
TRV,304.47,270.73:53;285.19:66;293.22:75;304.47:100;338.20:20;367.11:57,145.40:3:2022-09-30;151.97:4:2023-10-27;159.21:5:2023-10-13;167.64:2:2023-06-02;180.08:3:2023-01-20;200.21:1:2024-06-28;224.62:3:2025-04-11;236.96:1:2025-02-14;248.09:3:2025-10-17;258.84:1:2025-06-13;268.00:1:2026-01-23;277.40:1:2025-12-12;284.66:2:2026-06-05;291.83:2:2026-05-15;358.88:2:2026-09-11
TSLA,434.55,365.21:53;377.27:67;401.39:97;434.55:100;479.77:20,101.81:1:2023-01-06;138.80:1:2024-04-26;152.37:4:2024-04-05;166.19:3:2024-06-14;182.00:1:2024-08-09;194.07:3:2024-08-30;206.86:6:2025-04-11;233.33:3:2023-09-29;252.01:2:2022-03-18;265.74:2:2025-06-06;279.35:2:2025-07-11;295.37:3:2026-07-31;314.60:4:2025-08-22;337.24:1:2026-04-10;368.60:2:2026-06-26;382.78:3:2026-05-22;411.45:1:2025-10-10
TTD,13.87,12.04:38;13.87:100;18.02:55;19.12:70;20.34:39;21.32:57;22.29:70;23.88:59;25.22:26;27.05:30;37.18:24,16.70:2:2026-07-24;19.74:2:2026-05-15;21.08:1:2026-02-27;35.65:1:2025-12-19;39.00:3:2022-11-11;40.10:1:2022-05-27;41.20:1:2023-01-06;41.91:1:2022-07-29;42.96:3:2025-09-19;46.93:1:2022-11-25;47.68:2:2023-02-17;48.48:1:2025-10-17;51.18:1:2022-03-18;53.39:1:2025-03-21;55.05:1:2022-01-28;59.00:1:2022-09-02;64.69:1:2023-10-27;65.55:1:2025-06-27;66.22:1:2021-10-08;68.26:2:2022-02-25;69.72:1:2023-08-18;71.85:1:2025-05-23;73.76:2:2023-09-29;77.11:1:2024-08-09;81.91:1:2023-07-28;84.20:1:2021-12-17;90.76:1:2024-06-14;91.46:1:2024-05-31;97.84:1:2024-09-13;115.85:1:2025-01-17;116.67:1:2025-01-03
TTWO,243.31,193.67:37;203.06:65;212.45:89;227.21:45;243.31:100;252.71:53,90.00:1:2022-11-11;97.21:3:2023-01-13;104.13:4:2023-03-17;117.20:5:2023-05-05;130.34:3:2024-08-09;135.73:4:2024-04-26;141.45:3:2024-10-04;152.10:2:2024-06-21;159.50:2:2021-12-03;179.00:1:2024-12-20;187.63:3:2026-03-27;197.00:1:2025-03-14;206.00:1:2026-06-12;216.34:1:2025-08-08;227.25:3:2026-08-07
TXN,279.62,161.48:60;176.97:78;192.46:80;221.52:60;260.25:36;269.93:49;279.62:100;291.24:61;302.86:58,139.48:4:2025-04-11;151.27:4:2025-11-21;159.11:7:2024-04-19;167.20:6:2025-09-19;176.76:5:2025-08-01;184.90:4:2026-04-03;192.85:2:2024-10-25;248.13:1:2026-09-04;264.74:1:2026-08-07;273.88:2:2026-07-03
UNH,283.28,283.28:100;307.77:33;332.26:63;354.87:61;369.94:53;405.74:42;418.92:24;426.46:31,234.60:1:2025-08-01;255.97:1:2026-03-27;266.29:1:2026-02-06;294.20:1:2025-08-29;304.53:1:2025-11-21;314.16:1:2025-11-07;350.83:1:2025-10-17;374.72:1:2026-06-05;383.83:2:2026-08-21;436.00:3:2025-02-21;445.68:4:2023-06-16;457.59:2:2023-03-10;468.19:5:2024-05-31;475.82:4:2024-12-20;499.00:2:2022-11-18;515.87:2:2023-12-22;557.03:1:2024-08-09;566.00:1:2024-09-27;576.77:1:2024-11-22
V,328.75,300.86:20;308.61:39;328.75:100;347.34:49;361.28:32;367.48:39,174.60:2:2022-10-14;185.91:4:2022-06-17;195.65:2:2022-07-29;202.13:4:2022-12-23;208.76:1:2023-03-17;216.14:2:2023-06-02;223.48:4:2023-10-27;235.30:1:2023-08-18;252.70:2:2024-07-26;266.50:3:2024-09-27;276.16:1:2024-03-08;293.89:2:2026-04-03;303.08:4:2026-02-27;318.00:2:2026-01-23;324.28:3:2025-12-05;333.47:2:2025-10-17;343.48:2:2026-07-24;365.52:1:2026-09-11
VRSK,179.1,171.19:57;179.10:100;189.26:44;201.69:30;217.51:51;223.15:33,155.94:2:2026-05-15;161.70:4:2026-04-10;168.18:4:2026-09-11;174.44:4:2026-08-21;183.39:3:2023-05-05;199.90:1:2021-10-08;205.17:1:2021-10-29;214.56:3:2024-05-03;220.68:1:2023-07-07;225.71:3:2024-01-12;232.83:2:2023-12-22;239.83:1:2025-09-26;245.01:1:2024-05-31;257.59:2:2025-08-15;266.19:1:2025-01-17;273.76:1:2025-04-11;279.24:3:2025-04-25
VRTX,439.64,410.82:31;428.11:90;439.64:100;454.05:88;479.99:82;494.40:46;526.10:41;549.16:22,176.36:2:2021-11-26;225.28:2:2022-05-13;243.17:1:2022-06-17;271.61:4:2023-01-13;283.58:3:2023-03-10;320.01:1:2023-06-02;335.82:3:2023-11-17;353.13:2:2025-08-15;374.17:3:2025-09-26;391.01:1:2024-04-19;403.16:4:2026-05-08;416.60:3:2026-05-22;429.00:3:2026-01-23;445.00:6:2026-03-06;458.04:4:2026-07-24;472.90:1:2025-04-25
VZ,40.49,40.49:100;44.20:25;47.16:88;50.37:64,30.14:1:2023-10-06;31.25:2:2023-08-11;32.77:2:2023-08-25;34.55:1:2022-10-21;36.16:5:2023-12-15;37.56:4:2025-10-24;38.56:6:2026-01-23;39.64:3:2025-12-26;40.69:6:2026-07-03;42.25:1:2025-05-16;44.27:3:2026-08-07;45.55:2:2026-05-22;48.01:2:2026-03-20;49.74:1:2021-12-03;50.80:4:2022-03-18;51.88:1:2021-12-31
WBD,30.87,22.95:23;26.32:25;27.14:98;28.14:53;28.78:40;30.87:100,6.64:4:2024-09-13;7.25:4:2025-04-11;8.02:2:2024-04-19;8.82:1:2022-12-23;9.27:3:2025-01-17;9.71:4:2025-03-14;10.76:3:2025-08-15;11.20:2:2025-09-05;11.60:1:2023-06-30;12.12:2:2023-08-04;12.77:1:2022-07-01;13.39:2:2023-03-17;14.02:1:2023-02-10;16.51:1:2022-05-13;17.08:1:2025-10-10;21.66:1:2021-12-17;22.20:2:2022-04-08;23.40:2:2022-03-18;24.18:1:2022-01-28;25.25:1:2026-07-31;25.91:1:2026-06-05;26.60:3:2026-05-01;27.74:1:2026-09-18
WDAY,127.42,127.42:100;145.38:60;157.96:20;192.08:34;224.41:21,110.36:3:2026-06-26;117.76:1:2026-02-27;127.11:3:2026-07-24;134.53:3:2022-11-25;146.54:1:2022-09-30;157.85:1:2023-01-06;174.25:1:2023-05-12;181.49:1:2023-02-24;199.81:7:2025-08-15;215.76:5:2025-09-19;223.52:3:2025-10-17;231.74:4:2025-03-14;241.14:3:2025-01-17;262.56:2:2024-03-08
WMT,102.78,102.78:100;106.43:100;112.15:90;114.23:97;119.43:93;123.60:59;127.24:64,39.09:1:2022-05-20;44.00:7:2023-03-10;46.23:2:2023-02-10;48.34:3:2023-12-15;50.55:2:2023-10-06;58.56:2:2024-04-26;66.67:1:2024-08-09;78.98:2:2025-04-11;88.91:2:2025-01-17;91.89:2:2025-06-13;95.42:1:2025-08-29;98.88:2:2025-11-14;106.79:3:2026-08-07;109.81:1:2026-01-09;112.73:1:2026-06-05;115.48:1:2026-01-30;118.02:1:2026-03-20
XEL,80.8,73.77:25;75.91:55;80.80:100,46.79:1:2024-03-08;51.97:5:2024-07-12;53.73:1:2023-10-06;55.11:1:2023-09-08;56.89:3:2024-02-16;60.39:2:2023-06-30;62.12:4:2025-01-10;63.50:3:2022-06-17;65.21:4:2025-06-20;66.56:2:2025-07-11;67.98:2:2025-08-15;71.29:3:2025-12-19;74.15:2:2026-09-04;76.08:3:2026-08-07;77.35:2:2026-05-22
ZS,129.66,129.66:100;150.49:90;175.94:49;187.50:39;196.76:31,84.93:1:2023-05-05;99.64:2:2023-03-24;114.21:3:2026-06-12;125.12:3:2023-08-18;136.44:3:2023-07-14;146.59:4:2024-09-13;155.97:6:2026-09-11;175.05:3:2025-03-07;186.00:2:2024-12-06;206.67:1:2024-01-05;220.07:1:2022-01-28;255.10:2:2025-09-05;265.33:1:2021-12-10
ABBV,228.06,206.74:49;217.40:66;228.06:100;250.57:28;256.49:31;264.78:35,106.86:1:2021-10-22;128.26:4:2023-07-14;134.10:4:2023-11-10;143.44:3:2023-10-06;153.58:1:2024-05-31;159.82:3:2025-04-11;168.06:2:2025-01-24;175.73:2:2025-05-16;181.73:3:2025-07-25;189.62:2:2026-05-01;201.80:1:2026-03-27;209.96:2:2026-01-23;221.13:1:2026-02-27;241.20:2:2026-08-07;246.77:1:2026-09-11
ABT,108.85,84.37:32;88.09:76;90.75:68;96.08:34;102.46:71;105.66:58;108.85:100;112.05:60;114.71:29;125.35:53;128.55:48,81.97:1:2026-05-15;89.67:1:2023-10-13;96.39:2:2023-03-17;99.71:6:2024-07-19;103.13:3:2022-12-09;105.27:4:2026-01-30;110.86:4:2025-01-17;113.88:3:2024-11-15;119.00:4:2025-12-12;122.44:3:2025-11-07
ACN,177.26,126.95:65;139.53:42;177.26:100;197.38:69;214.99:29;245.18:45;272.84:36,118.15:1:2026-06-26;155.82:1:2026-05-15;175.49:1:2026-09-11;188.73:1:2026-02-27;229.40:4:2025-11-21;242.80:2:2023-03-17;253.50:6:2026-01-02;265.66:4:2025-04-11;278.69:2:2024-05-31;296.00:4:2024-05-03;310.23:2:2024-08-09;320.51:1:2021-10-08;335.00:3:2025-01-17;346.11:3:2025-01-03;358.97:1:2024-02-23
AMT,176.36,176.36:100;186.05:47;189.57:33,154.58:1:2023-10-06;160.06:3:2026-08-07;165.08:2:2026-05-15;168.68:4:2026-09-04;172.51:4:2025-12-05;178.17:4:2024-03-01;182.14:3:2025-10-17;187.02:3:2025-02-21;191.55:2:2024-11-15;197.50:3:2025-08-15;205.76:3:2025-04-25;212.64:1:2023-01-27;216.51:3:2024-10-11;222.02:1:2022-05-13;230.67:3:2022-06-17;250.48:2:2022-09-02;259.32:1:2021-10-15
BAC,52.43,47.32:32;50.01:41;52.43:100;56.19:42;58.07:25;62.11:40,24.96:2:2023-10-27;26.32:2:2023-05-05;27.46:3:2023-09-08;29.67:2:2022-09-30;30.86:3:2024-01-19;32.35:5:2025-04-11;34.15:2:2024-08-09;36.65:1:2024-05-03;38.01:4:2024-10-04;39.18:1:2025-03-14;41.11:1:2024-11-08;42.33:4:2024-12-27;44.75:2:2025-08-08;46.12:1:2026-03-20;48.53:2:2026-05-15;50.70:2:2026-01-30;54.88:1:2026-01-02;61.10:1:2026-08-28
BLK,1065.52,964.66:40;1015.09:38;1065.52:100;1128.55:37;1166.37:29,503.12:1:2022-10-14;575.60:4:2023-10-27;620.00:2:2023-05-12;660.15:3:2023-08-25;745.55:4:2024-06-14;773.74:2:2025-04-11;813.18:2:2024-08-09;854.16:1:2024-09-13;884.33:2:2025-03-14;917.39:2:2026-04-03;943.34:3:2026-07-03;968.95:3:2026-06-05;1012.48:2:2026-09-18;1077.20:2:2025-09-05
BMY,54.41,43.80:67;45.99:50;48.92:31;52.21:26;54.41:100;56.23:94;59.16:90;63.91:54;67.21:22,39.35:3:2024-07-05;42.96:5:2025-10-17;45.27:4:2025-11-21;46.93:4:2025-04-25;48.63:1:2024-01-19;50.74:3:2026-01-09;53.22:4:2026-06-19;54.81:4:2026-05-15;56.45:3:2026-04-17;59.71:1:2023-08-11;61.19:1:2022-01-28;63.00:3:2026-08-14;65.28:2:2023-03-17;68.33:2:2022-10-14;69.80:3:2023-02-03;71.71:2:2022-08-05;73.35:2:2022-06-03
BNY,159.35,11.11:28;140.29:63;144.52:97;150.17:66;153.70:73;159.35:100;162.88:84,36.22:2:2022-10-14;39.65:10:2023-10-20;48.84:1:2022-03-11;52.64:6:2024-04-19;56.08:3:2024-06-21;60.93:1:2024-08-09;70.41:2:2025-04-11;74.91:1:2025-01-17;83.75:1:2025-02-07;87.41:2:2025-06-27;99.67:1:2025-08-22;103.11:2:2025-11-21;111.71:2:2026-03-13;115.31:2:2026-01-23;130.16:1:2026-05-08
BRK-B,503.23,476.59:78;503.23:100,259.85:3:2022-10-14;271.20:3:2022-07-15;278.01:2:2022-11-04;292.42:4:2023-03-17;299.51:2:2023-02-24;317.71:1:2023-05-26;330.58:1:2023-10-27;340.55:1:2022-04-08;349.61:3:2023-12-22;395.66:3:2024-05-03;401.58:4:2024-08-09;437.90:2:2025-01-10;445.25:2:2024-12-20;455.19:1:2025-08-08;462.10:5:2026-06-05;471.91:2:2026-01-30;486.06:4:2026-07-24;495.68:2:2026-08-21
C,132.17,97.23:50;100.41:69;109.14:73;114.70:81;124.23:49;132.17:100;138.52:40;142.49:24,38.17:4:2023-10-27;42.01:5:2023-07-07;45.40:2:2022-06-17;49.04:5:2024-01-19;52.24:3:2024-08-09;55.51:5:2025-04-11;60.03:2:2024-10-25;66.05:2:2025-03-14;76.89:1:2025-02-07;87.94:1:2025-08-01;93.66:3:2025-11-21;102.01:1:2026-03-13;110.47:1:2026-01-16;119.76:1:2026-05-22;126.78:1:2026-07-31
CL,78.21,78.21:100;85.21:88;88.40:52;90.31:72;91.58:66;94.44:31,67.62:2:2023-10-06;70.92:1:2023-03-10;72.20:2:2022-06-17;73.93:9:2025-11-07;75.96:4:2026-01-09;81.79:4:2026-04-24;84.30:2:2026-06-05;85.68:2:2025-05-16;87.07:2:2025-06-27;89.04:4:2026-07-24;90.77:1:2024-05-31;95.02:1:2024-07-05;97.85:1:2024-10-11;99.75:1:2024-08-16
COF,206.65,185.43:81;192.51:74;206.65:100;219.61:93;232.57:47;240.82:24,83.93:3:2023-05-05;90.27:3:2023-10-06;98.54:2:2023-09-08;105.05:2:2023-06-23;110.29:1:2022-05-20;122.43:3:2024-01-19;128.23:4:2024-09-13;135.36:4:2024-07-12;143.22:2:2025-04-11;159.55:2:2025-03-21;174.24:2:2026-06-12;180.00:2:2026-05-22;191.38:3:2026-07-24;199.09:3:2025-11-21;214.57:2:2026-01-30
COP,118.15,87.75:83;93.83:52;97.30:52;104.25:36;110.33:63;118.15:100;125.10:70;133.79:40,66.06:2:2021-12-24;69.79:1:2021-10-08;78.30:2:2025-04-11;84.28:7:2025-11-28;88.77:4:2025-12-26;92.32:3:2024-12-20;98.38:5:2024-11-01;102.17:5:2026-07-03;105.77:4:2024-06-21;109.70:7:2026-05-29;113.21:3:2026-07-31
CVS,77.9,71.95:23;77.90:100;86.56:25;94.14:37;96.30:33;104.42:22,43.56:1:2024-12-27;52.71:4:2025-02-14;55.60:3:2024-08-16;58.35:2:2025-07-25;64.41:2:2023-11-03;69.51:2:2026-04-03;72.11:3:2025-12-05;81.78:1:2021-10-08;84.82:2:2023-01-27;88.42:4:2026-06-05;92.35:1:2026-08-21;94.74:1:2022-11-18;97.75:4:2022-09-02
DE,472.15,472.15:100;529.84:33;587.53:90;616.38:52;653.47:21;682.31:32,283.81:1:2022-07-08;320.50:4:2022-09-23;340.20:6:2024-08-09;358.80:3:2024-05-31;376.22:6:2024-11-15;395.00:6:2025-04-11;421.24:3:2025-10-17;447.65:5:2026-01-02;466.76:1:2025-09-05;492.06:1:2025-07-18;515.15:1:2026-05-22;549.68:2:2026-04-03;576.45:1:2026-07-17
DHR,193.5,166.23:35;176.84:95;193.50:100;210.16:95;222.28:94;235.91:43,160.93:2:2026-07-24;171.00:2:2026-06-19;180.03:5:2026-03-27;192.88:3:2025-06-27;199.09:2:2026-09-18;207.19:5:2025-11-14;214.96:2:2023-12-08;222.53:8:2025-12-19;230.74:4:2025-01-17;237.95:1:2024-07-12;248.53:3:2024-05-31;260.23:3:2024-10-11;269.44:1:2021-12-17
DUK,124.2,114.03:29;117.30:51;121.66:57;124.20:100;127.47:78;131.11:41,83.06:2:2023-10-06;85.79:4:2023-11-17;88.10:1:2023-06-30;90.09:3:2024-03-01;91.72:1:2023-03-03;93.57:2:2024-03-29;95.48:3:2022-06-17;97.96:3:2024-07-05;100.02:2:2024-05-31;102.17:1:2022-07-22;105.20:1:2025-01-17;107.13:1:2022-05-20;109.40:3:2025-02-21;111.22:2:2025-05-16;113.90:3:2025-12-26;119.69:3:2026-06-05;124.10:2:2026-07-17
EMR,147.81,132.61:87;140.21:83;147.81:100;157.31:51;163.01:27,72.41:2:2022-09-30;76.77:4:2023-06-02;80.80:3:2023-11-10;86.72:6:2025-04-11;91.65:6:2024-02-02;96.62:1:2024-09-13;103.90:2:2024-10-25;114.83:2:2025-05-23;122.64:2:2026-04-03;128.13:2:2026-05-22;133.55:2:2026-07-17;144.40:1:2026-09-18
FDX,312.96,191.78:20;203.40:25;216.68:33;229.96:26;249.88:38;286.40:67;303.00:47;312.96:100;329.56:54,114.36:1:2022-09-30;131.03:1:2022-12-23;147.98:1:2023-01-20;155.37:4:2025-04-11;166.24:4:2025-05-23;174.13:4:2025-09-05;181.06:3:2025-07-18;188.92:3:2024-02-16;195.75:3:2025-02-07;204.27:2:2024-09-20;213.61:1:2024-12-27;220.91:1:2024-08-09;274.98:1:2026-04-03;285.37:1:2026-05-08;303.00:2:2026-07-31
GD,343.43,343.43:100;360.59:42,188.64:1:2021-12-03;195.00:3:2022-01-28;202.35:3:2023-06-02;209.25:6:2023-10-06;220.33:4:2023-08-18;232.29:1:2023-10-27;239.20:3:2025-04-11;247.36:1:2024-01-19;257.26:2:2025-04-25;268.10:3:2025-06-13;279.07:2:2024-08-09;288.46:4:2024-11-01;306.77:1:2026-05-01;327.33:2:2026-05-15;335.02:3:2026-06-26;361.24:1:2026-07-24
GE,306.07,284.84:74;306.07:100;314.56:80;342.17:35;357.03:31;367.65:22,37.34:3:2022-09-30;47.78:5:2022-12-16;63.04:1:2021-10-15;74.60:2:2023-06-23;84.22:3:2023-10-20;94.31:2:2024-01-05;150.20:2:2024-08-09;159.36:4:2025-04-11;170.43:2:2024-11-22;183.09:2:2025-03-07;232.24:1:2025-06-20;263.80:3:2026-04-24;279.64:1:2025-12-12;289.66:2:2026-01-23;306.80:1:2026-09-18;336.53:1:2026-07-17
GEV,582.85,582.85:100;631.50:66;672.03:76;826.06:49;890.91:53;947.66:85;996.30:78;1053.05:67,115.00:1:2024-03-29;150.01:6:2024-08-23;252.25:2:2025-04-04;314.19:2:2025-01-31;458.65:1:2025-06-13;530.16:1:2025-11-21;565.43:2:2025-09-05;777.00:2:2026-04-03;856.01:3:2026-09-18;897.68:1:2026-07-31
GM,81.36,68.72:39;72.94:45;76.45:85;81.36:100;86.28:53,26.30:1:2023-11-10;30.33:8:2023-09-08;34.31:4:2024-01-19;37.47:5:2024-08-09;41.60:4:2025-04-11;44.41:3:2025-06-06;47.63:4:2025-06-27;53.14:5:2025-10-17;56.61:2:2025-09-12;67.06:1:2025-11-21;70.43:3:2026-05-22;74.22:2:2026-07-03;77.35:3:2026-02-13
HONA,163.17,156.51:67;163.17:100;207.12:25;223.10:23,149.19:1:2026-09-11;192.03:1:2026-07-24
LLY,1045.12,818.94:35;920.33:69;1045.12:100;1107.51:50;1154.30:76;1216.70:39,226.05:4:2022-02-18;276.83:5:2022-09-23;309.20:3:2023-03-03;354.61:1:2022-12-23;434.34:1:2023-07-14;516.57:2:2023-11-03;561.65:1:2023-12-15;623.78:1:2025-08-08;677.09:1:2025-04-11;709.00:6:2025-09-26;747.55:1:2024-08-09;783.85:2:2025-10-17;850.51:3:2026-05-01;977.12:1:2025-12-12;1012.57:1:2026-01-16;1079.22:2:2026-08-07;1113.29:2:2026-09-11
LMT,509.26,455.61:30;472.55:39;486.67:58;509.26:100;529.03:85;582.68:48;593.98:28;608.10:32;627.86:43;653.28:38,324.23:3:2021-12-24;344.20:1:2021-10-08;373.67:3:2022-09-30;393.77:2:2023-10-06;407.36:5:2025-07-25;419.70:3:2025-03-28;437.25:10:2025-12-05;449.36:5:2024-07-12;461.24:2:2025-01-10;473.67:1:2022-12-16;487.15:2:2026-07-24;500.31:2:2026-06-05;561.07:1:2024-09-13;593.88:1:2026-04-03;634.04:1:2026-02-27
LOW,217.47,187.79:22;195.49:28;207.58:52;217.47:100;233.95:79;242.75:99;252.64:26;264.73:24;276.82:45,170.12:1:2022-06-24;176.50:3:2022-11-04;181.85:3:2023-10-27;187.44:1:2023-03-24;193.59:3:2023-05-19;199.00:3:2026-07-24;203.40:3:2026-06-05;210.33:5:2026-06-26;216.25:3:2025-11-21;224.15:3:2026-03-20;231.61:1:2025-10-10;239.54:4:2025-12-26;244.51:1:2021-12-03;257.25:2:2024-11-22;262.67:1:2026-01-30
MA,496.86,496.86:100;523.63:64;539.24:69;552.63:61;566.01:76,276.87:2:2022-10-14;303.65:4:2022-07-08;312.77:2:2022-09-02;323.34:2:2022-01-28;336.43:4:2023-03-17;357.85:3:2023-10-27;386.42:3:2023-10-06;404.32:1:2023-12-08;416.53:1:2024-01-12;428.86:3:2024-07-26;437.89:1:2024-06-07;464.52:3:2026-06-05;480.50:3:2026-05-15;490.00:1:2026-02-27;499.92:1:2025-01-17;511.00:4:2026-01-30;523.61:3:2026-07-24;540.36:2:2025-11-07;553.86:2:2026-08-14;571.00:1:2025-09-12
MDT,87.58,78.22:45;81.03:51;83.37:39;87.58:100;92.27:53;96.48:64;101.16:56,68.84:1:2023-11-03;73.31:2:2026-06-05;75.77:3:2024-07-12;78.43:6:2026-07-17;80.39:3:2024-05-31;82.59:1:2024-02-23;84.58:4:2026-04-03;86.70:5:2025-08-08;89.04:3:2026-08-28;95.17:2:2026-02-20;98.38:3:2022-05-13;100.68:2:2022-03-11;105.02:1:2021-12-03
MO,64.8,58.27:87;61.38:30;64.80:100;66.66:84;68.22:95;71.95:53,39.07:1:2023-10-27;40.35:4:2024-04-19;42.46:7:2023-09-08;43.71:3:2024-06-14;45.04:3:2024-05-31;48.61:4:2024-10-18;50.08:2:2025-01-31;52.82:1:2025-04-11;54.70:1:2026-01-09;56.06:4:2025-11-28;58.17:1:2025-06-20;62.87:4:2026-08-21;67.40:1:2026-09-11
MS,165.21,159.40:81;165.21:100;180.32:84;190.78:79;201.24:27;215.19:74;226.81:27,69.42:3:2023-11-03;74.67:2:2022-10-14;80.74:11:2024-04-12;90.94:9:2025-04-11;96.68:1:2021-10-15;109.22:1:2025-03-14;120.29:2:2025-05-23;135.26:1:2025-07-18;141.03:1:2025-08-22;151.84:3:2026-03-13;158.06:1:2025-11-07;172.58:2:2026-01-02;202.94:3:2026-07-31
NEE,84.94,75.91:32;81.93:61;84.94:100;87.61:81;91.63:64;95.30:29,47.15:1:2023-10-06;53.81:2:2024-03-08;61.31:2:2025-04-11;65.36:2:2025-01-17;67.20:3:2025-07-04;68.97:8:2025-09-12;70.48:2:2024-07-19;71.88:3:2024-11-08;77.57:2:2025-12-26;79.66:3:2026-09-04;82.14:3:2026-06-12;83.49:2:2026-08-07;85.86:1:2021-11-26;88.51:2:2026-03-20;89.90:1:2026-04-24
NOW,102.98,90.36:57;102.98:100;115.61:49;125.42:37;136.65:30,67.40:3:2023-01-06;73.54:3:2022-12-09;81.07:7:2026-04-10;89.39:2:2026-07-24;95.87:5:2026-02-27;105.60:2:2023-09-29;117.40:2:2021-12-17;127.60:2:2026-09-11;134.24:3:2025-04-11;145.85:2:2024-07-26;155.58:2:2025-11-21;168.01:2:2025-08-15;177.46:1:2025-10-10;186.83:2:2025-07-11;198.92:2:2025-05-23
PFE,25.21,24.50:87;25.21:100;25.80:86;26.50:57;27.09:54,20.92:1:2025-04-11;21.97:1:2025-05-16;23.11:2:2025-09-26;23.62:1:2026-06-26;24.48:1:2024-11-15;25.17:5:2026-06-05;25.76:3:2026-03-06;26.52:2:2024-06-21;27.25:2:2026-09-18;27.85:3:2024-10-04;28.93:1:2023-11-17;31.77:1:2023-09-29;34.66:1:2023-08-04;35.35:1:2023-07-07;36.17:1:2023-05-19;39.23:1:2023-03-10;40.94:1:2021-10-15;41.45:1:2022-10-14;45.13:2:2022-09-02;46.28:1:2022-06-17;47.12:1:2022-04-29;50.37:2:2022-04-08
PM,157.3,148.92:40;157.30:100;162.54:41;169.87:32;179.30:60;188.72:87,82.85:2:2022-09-30;87.23:8:2024-04-19;92.80:6:2023-09-08;98.27:3:2024-06-21;116.12:2:2025-01-17;123.56:1:2024-11-08;142.11:2:2025-11-07;146.35:2:2025-12-05;151.63:3:2026-04-03;162.37:1:2025-05-16;170.00:2:2026-06-26;175.13:1:2025-07-04;181.01:2:2026-09-11;185.84:1:2026-09-25
RTX,196.16,175.68:93;187.25:46;196.16:100;204.17:49;208.63:37;222.87:21,68.56:1:2023-10-06;79.00:4:2022-10-14;84.80:4:2022-06-17;88.43:5:2024-02-23;93.34:4:2023-06-30;99.07:1:2024-07-05;112.27:4:2025-04-25;117.26:1:2024-09-20;121.38:1:2025-02-14;130.90:1:2025-05-30;140.47:1:2025-06-27;150.61:2:2025-09-12;155.64:1:2025-10-17;166.74:1:2025-12-05;170.78:1:2026-05-15;180.97:1:2026-06-26;185.57:1:2026-04-03;192.62:2:2026-02-27
SCHW,93.99,93.99:100;102.49:44,45.00:1:2023-03-17;48.66:1:2023-10-27;56.26:1:2023-08-25;59.35:5:2024-07-19;65.39:4:2025-04-11;69.40:5:2025-03-14;71.93:3:2024-06-21;74.63:4:2022-12-16;78.60:1:2022-04-08;83.96:3:2026-05-29;87.61:4:2026-06-26;90.50:3:2026-03-13;94.35:1:2025-08-22
SO,94.27,83.66:21;86.99:49;88.81:82;91.54:62;93.05:88;94.27:100;96.08:88,60.71:7:2023-10-06;62.42:1:2022-11-11;64.53:4:2023-10-27;65.80:2:2024-02-16;67.53:5:2024-04-19;68.81:1:2023-07-21;72.13:2:2022-05-20;76.96:2:2024-07-05;80.46:1:2025-01-10;83.09:2:2025-12-12;84.88:3:2026-01-09;86.37:3:2025-05-30;88.21:2:2026-06-05;90.35:1:2025-09-19;91.60:1:2026-04-24;92.91:2:2026-07-24
SPG,184.56,184.56:100;190.57:36;195.92:22;201.93:81;214.63:30;221.32:43;225.33:32,86.02:1:2022-09-30;93.06:2:2022-07-15;100.17:3:2023-10-06;103.46:2:2023-10-27;106.65:2:2023-06-23;109.91:1:2023-08-25;126.76:3:2022-03-18;135.15:2:2025-04-11;138.76:2:2024-05-03;143.63:4:2024-07-05;146.33:2:2024-03-15;155.44:1:2025-06-13;158.22:3:2025-07-18;166.00:2:2025-01-03;172.19:2:2025-10-31;177.88:4:2026-03-27;198.41:2:2026-05-22
T,24.7,20.77:28;21.31:25;22.13:32;22.80:49;23.48:51;24.70:100;25.51:95;27.82:28;28.77:28,13.43:2:2023-08-11;14.12:2:2023-10-06;14.85:1:2023-06-02;15.94:4:2024-04-19;16.63:2:2022-02-25;17.42:2:2024-06-14;17.99:3:2024-07-12;18.64:3:2024-08-09;19.89:1:2026-07-03;21.38:2:2025-01-17;22.55:2:2026-08-07;24.01:2:2025-12-19;24.80:4:2026-09-11;25.85:2:2025-07-25;26.73:1:2026-03-13;27.59:1:2025-06-20;28.21:2:2025-09-12
TMO,570.9,449.44:35;469.68:75;489.93:44;510.17:65;538.51:34;570.90:100;623.54:53,385.46:1:2025-06-20;403.36:3:2025-07-25;435.27:2:2026-05-22;456.67:2:2026-03-20;475.77:1:2022-11-04;493.30:6:2024-12-20;512.10:6:2025-10-17;528.37:7:2024-11-01;550.33:4:2025-12-19;585.68:2:2026-09-11;609.21:1:2021-12-10
UBER,74.25,70.64:89;72.44:90;74.25:100;78.57:36;81.10:33;83.62:39;91.92:26;93.72:26,20.16:2:2022-06-17;22.94:2:2022-12-30;27.69:2:2022-09-02;29.22:1:2023-04-28;32.81:1:2022-01-28;34.88:1:2021-12-17;37.07:1:2023-06-02;40.09:1:2023-10-27;41.75:2:2023-08-18;54.84:1:2024-08-09;57.22:1:2024-01-05;59.33:2:2025-04-11;62.91:1:2024-05-31;65.41:1:2026-07-31;67.12:4:2026-06-12;69.02:3:2026-05-29;71.90:2:2026-03-13;78.31:1:2025-12-19;81.86:2:2025-06-20;85.42:1:2025-08-01;88.84:1:2025-09-05;91.18:1:2025-10-17
UNP,233.19,221.01:58;233.19:100;240.50:41;250.24:54;264.86:89;291.66:35;300.18:24;306.27:22,183.69:2:2023-03-24;190.08:4:2023-05-26;199.33:4:2023-10-27;204.21:3:2025-04-11;210.84:2:2025-10-31;217.39:6:2026-01-23;225.49:3:2024-10-25;231.26:6:2026-03-20;236.80:5:2025-02-07;243.74:1:2024-02-16;255.22:1:2026-06-26;284.79:1:2026-07-31
UPS,95.72,86.57:26;95.72:100;100.03:84;102.72:58;107.57:82;113.49:27;116.18:39,82.00:3:2025-10-17;90.55:1:2025-04-11;93.20:4:2026-05-22;98.27:2:2026-01-02;101.34:3:2026-08-21;109.40:1:2025-02-07;121.56:2:2025-01-17;130.15:1:2024-10-11;132.90:3:2024-06-14;138.90:1:2024-02-09;141.35:1:2024-04-19;146.56:1:2024-03-01;150.54:2:2024-01-19;154.87:1:2022-10-14;160.07:1:2022-11-04;165.34:3:2023-08-25;168.71:2:2023-06-23;171.89:3:2023-01-20;175.13:2:2023-02-24;177.83:1:2021-10-08;192.74:2:2022-01-28
USB,55.96,47.40:62;51.52:64;53.74:96;55.96:100;57.54:46;60.39:36;62.61:52,27.27:1:2023-05-05;30.47:2:2023-10-27;35.18:2:2025-04-11;37.81:4:2024-06-14;40.41:3:2025-03-14;42.21:4:2025-08-01;43.49:2:2024-09-13;44.79:3:2025-11-21;47.05:2:2025-01-10;49.78:2:2026-03-13;52.33:4:2026-05-15;53.68:2:2022-01-28;58.60:1:2021-10-15
WFC,86.95,77.00:29;80.98:61;84.47:63;86.95:100;92.92:22,35.25:3:2023-05-05;38.39:7:2023-10-27;40.74:2:2022-09-09;44.83:4:2022-11-18;47.18:2:2024-02-09;50.15:3:2024-09-13;55.34:3:2024-07-12;58.42:2:2025-04-11;65.52:1:2025-03-14;68.61:1:2024-12-20;71.90:3:2026-05-15;74.03:1:2026-03-13;76.16:4:2025-10-10;78.56:1:2025-09-12;81.05:1:2025-11-21;83.48:2:2026-08-21;86.03:1:2026-01-23;92.81:1:2026-01-02
XOM,149.41,118.01:72;136.85:40;140.44:35;149.41:100;160.18:67,57.96:3:2021-12-24;74.03:2:2022-03-18;79.29:2:2022-07-15;83.40:4:2022-09-30;95.77:4:2025-04-11;99.62:10:2025-05-30;103.67:6:2025-08-15;107.77:6:2025-10-17;113.07:5:2025-12-19;134.95:1:2026-06-26;141.97:4:2026-05-29;147.66:2:2026-08-07;155.32:1:2026-08-28
BABA,124.71,95.81:46;111.96:85;118.76:77;124.71:100;128.96:91;135.76:78;140.86:41;147.66:38;155.31:64;158.71:95;166.36:93;173.16:44;179.11:35,58.01:1:2022-10-28;66.63:2:2024-04-19;70.08:3:2024-06-28;76.28:6:2024-08-30;80.06:5:2025-01-17;85.04:2:2023-08-18;91.99:1:2026-06-26;95.73:2:2025-04-11;103.71:2:2026-09-18;108.70:3:2025-05-30;116.11:3:2026-04-10;139.96:1:2021-10-08;145.27:2:2026-01-09
DELL,120.36,120.36:100;154.15:79;417.74:35,32.90:13:2023-08-04;63.90:6:2025-04-11;98.37:10:2026-01-23;127.59:3:2026-03-13;155.37:1:2026-04-03;357.07:3:2026-07-31;421.89:1:2026-09-04
SNDK,616.95,220.61:71;500.38:20;616.95:100;920.03:27;1246.42:24;1409.62:36;1549.50:39;1759.33:34,27.89:5:2025-08-01;183.00:1:2025-11-21;517.00:3:2026-04-03;998.19:1:2026-07-31;1277.33:1:2026-05-22;1416.56:2:2026-09-18
ANET,142.24,134.32:92;142.24:100;156.50:50;169.17:46;191.35:27;204.02:21,21.57:7:2023-01-06;28.56:4:2023-05-05;37.08:4:2023-10-27;44.26:1:2023-09-22;56.65:3:2025-04-11;63.27:2:2024-03-15;72.35:4:2025-03-14;83.86:2:2025-06-27;92.10:3:2025-01-31;114.52:3:2026-04-03;121.63:4:2026-03-06;135.13:3:2026-05-15;145.32:1:2026-06-12;156.84:1:2026-07-31
STX,268.35,268.35:100;413.43:86;822.28:61;901.41:49,47.47:31:2025-04-11;104.52:1:2024-10-11;209.00:2:2025-11-21;274.27:1:2026-01-02;342.00:2:2026-04-03;695.14:3:2026-07-31;758.35:3:2026-09-18
APH,68.5,64.57:77;68.50:100;73.08:85;78.98:55;83.56:42,15.42:8:2023-04-28;18.29:9:2023-10-27;27.13:5:2025-04-11;30.00:3:2025-03-07;33.27:4:2025-01-17;52.35:1:2025-08-22;59.01:2:2026-05-22;62.69:3:2026-02-06;69.83:1:2026-07-31;75.75:2:2026-09-18
WDC,278.44,122.28:81;161.32:70;219.88:21;278.44:100;454.13:85;532.21:44;590.77:20,22.47:31:2025-04-11;49.13:3:2024-11-01;132.43:1:2025-11-21;165.47:1:2025-12-19;238.00:2:2026-04-03;407.12:1:2026-09-18;434.00:1:2026-05-22;480.87:1:2026-06-12
GLW,87.3,87.30:100;110.71:26;132.33:69;144.94:67;159.35:71;166.55:54;177.36:39;186.37:40;193.57:39,25.26:12:2024-04-19;33.52:10:2025-04-11;44.02:3:2025-01-03;51.32:1:2025-07-18;77.39:2:2026-01-09;114.50:2:2026-07-31;126.68:1:2026-04-03;139.25:2:2026-09-18;148.17:1:2026-05-01;166.00:2:2026-06-12
SNOW,239.96,150.86:74;174.84:99;222.82:54;239.96:100;267.37:66;332.48:48,107.13:7:2026-04-10;122.60:6:2024-06-28;138.40:7:2025-03-14;153.12:4:2026-02-27;180.95:3:2025-08-15;208.60:4:2026-06-26;232.83:1:2022-01-28;295.73:1:2021-10-08
NET,193.16,193.16:100;245.67:27;269.90:32;306.25:23,37.37:10:2023-05-05;53.88:9:2024-08-09;71.77:10:2024-11-08;89.42:1:2025-04-11;106.99:2:2025-03-14;123.98:1:2021-10-08;158.83:4:2026-04-10;178.51:5:2026-05-15;203.51:3:2026-06-26;250.69:1:2026-07-31;269.30:1:2026-09-04
SPOT,486.35,419.60:36;440.46:42;486.35:100;507.21:89;532.24:52;578.13:35,69.29:5:2022-12-16;89.03:2:2022-06-17;114.64:5:2023-08-18;145.76:3:2023-10-20;185.37:1:2024-01-05;216.00:2:2021-12-17;249.58:1:2024-03-22;267.76:1:2024-04-26;288.07:3:2024-08-09;319.07:1:2024-09-06;362.31:1:2024-10-11;405.00:2:2026-05-08;443.21:1:2025-01-03;462.22:2:2026-04-03;483.65:2:2026-01-23;507.83:1:2026-09-11;602.00:3:2025-11-07;663.06:1:2025-09-05
ETN,404.02,332.92:65;358.78:86;378.17:90;404.02:100,122.50:6:2022-10-14;139.41:5:2023-01-20;155.38:3:2023-04-14;169.95:1:2023-02-24;191.82:3:2023-10-20;231.84:2:2025-04-11;255.65:2:2025-03-07;281.34:1:2024-09-06;302.26:4:2025-12-19;321.39:4:2025-01-17;338.25:5:2026-04-03;353.56:2:2026-07-31;367.64:2:2026-06-12;384.77:2:2026-09-18
PH,955.14,771.07:30;858.26:64;887.32:82;906.70:61;926.07:77;955.14:100,230.44:2:2022-09-30;253.33:4:2022-09-02;281.19:5:2022-12-23;300.86:2:2023-06-02;339.78:1:2023-02-24;362.49:2:2023-11-03;391.35:2:2023-08-18;488.45:3:2025-04-11;515.82:1:2024-05-03;568.46:1:2024-09-06;590.50:1:2025-03-14;612.10:2:2025-01-10;637.21:1:2025-05-23;684.00:2:2025-08-08;730.25:2:2025-09-19;806.22:1:2025-11-21;839.15:1:2026-05-22;858.72:1:2026-04-03;881.95:1:2026-03-20;911.41:2:2026-09-18
CB,329.03,268.17:23;277.36:24;283.10:24;295.73:37;301.47:39;311.80:46;329.03:100;341.66:54;351.99:28,171.96:3:2022-09-30;180.50:5:2023-06-30;185.10:4:2023-07-14;193.27:1:2022-02-25;199.36:2:2022-11-18;204.15:2:2023-10-27;209.03:2:2022-12-16;216.91:1:2023-12-22;222.86:1:2024-01-12;238.85:1:2024-04-26;247.18:2:2024-07-12;252.16:1:2025-01-10;258.33:2:2024-08-09;263.14:4:2025-10-17;270.60:3:2025-09-19;275.22:2:2024-11-08;280.08:1:2024-11-22;291.03:1:2025-12-05;296.06:1:2026-01-23;308.61:1:2026-06-05;315.04:2:2026-05-15;320.08:1:2026-03-13;333.63:3:2026-09-11
PGR,204.62,204.62:100;212.61:48;225.17:53,89.35:2:2021-11-19;100.81:1:2022-02-25;106.35:4:2022-07-22;111.41:1:2023-07-14;116.14:2:2022-11-18;120.73:2:2023-05-05;125.31:2:2023-06-02;133.68:2:2023-10-06;149.14:2:2023-12-15;189.20:3:2026-05-29;197.92:6:2026-02-06;204.65:2:2024-08-09;228.54:1:2025-01-17;236.75:4:2025-09-26;243.19:1:2024-10-11;247.98:1:2025-04-11;254.21:1:2025-04-25;273.42:2:2025-05-30
TJX,155.55,125.42:22;131.44:31;143.50:31;147.27:36;151.03:51;155.55:100,53.69:2:2022-06-17;57.92:6:2022-09-30;61.86:2:2022-09-02;65.85:2:2022-01-28;72.92:2:2023-06-02;76.23:4:2023-04-28;85.27:3:2023-10-27;91.31:2:2024-04-19;95.56:1:2024-03-15;107.71:2:2024-08-16;111.22:3:2025-03-14;115.41:3:2025-01-17;119.84:5:2026-09-18;138.82:1:2025-11-07;145.83:2:2026-05-15;149.61:3:2026-07-03
SYK,329.0,274.06:62;283.48:31;294.47:43;313.30:75;329.00:100;338.42:66;346.27:46;354.12:84;361.96:74;368.24:75;382.37:24,188.84:2:2022-07-22;200.80:4:2022-11-04;224.02:1:2022-05-13;236.09:2:2022-01-28;242.52:2:2022-03-18;248.80:2:2023-10-13;256.05:2:2021-10-29;267.76:2:2023-08-04;281.00:2:2026-05-15;290.96:3:2026-06-05;299.19:1:2026-06-19;307.23:1:2024-01-26;314.93:3:2026-04-03;329.16:1:2025-04-11;343.95:4:2026-01-09;351.29:3:2025-10-03;361.03:2:2025-10-17;370.85:1:2025-06-20;379.36:3:2025-07-18
MCK,825.33,755.63:73;825.33:100;860.19:95;889.23:72;941.51:38,193.89:2:2021-12-03;260.73:1:2022-02-25;298.69:3:2022-06-17;331.75:4:2023-04-21;373.28:2:2023-08-04;404.72:1:2023-09-08;431.35:2:2023-12-15;464.42:2:2024-09-27;492.39:2:2024-11-01;517.92:1:2024-03-15;558.13:2:2024-12-20;637.00:2:2025-08-15;664.14:1:2025-05-16;697.93:2:2025-07-18;723.68:3:2026-06-26;789.96:2:2026-01-23
SCCO,186.15,126.77:64;135.25:37;153.92:35;172.58:89;186.15:100;201.42:55;211.60:25,39.64:5:2022-10-28;49.87:6:2022-12-23;57.29:5:2023-07-07;64.42:8:2025-04-11;71.91:3:2024-02-16;79.68:5:2025-08-01;87.75:3:2025-06-27;97.05:3:2024-06-21;115.74:1:2025-11-21;137.82:1:2026-01-02;148.09:1:2026-03-20;159.38:4:2026-07-10;168.97:1:2026-07-31;177.67:2:2026-09-18
NEM,115.36,82.06:41;89.46:82;94.08:99;98.71:85;108.88:87;115.36:100;124.61:65;131.08:30,29.42:1:2024-03-01;33.59:4:2025-01-03;37.45:11:2024-12-06;41.23:5:2025-04-11;45.03:3:2025-05-16;50.02:7:2025-05-02;57.87:2:2022-01-28;63.68:1:2022-05-20;70.91:1:2022-03-18;76.05:1:2025-10-31;81.34:1:2025-11-21;88.75:2:2026-07-17;94.34:2:2026-03-20;106.87:2:2026-05-01
MPC,194.4,194.40:100;220.37:45;246.34:75;311.27:30;358.89:28;393.52:34,59.55:6:2022-03-18;77.62:3:2022-09-30;104.32:7:2025-04-11;130.54:9:2025-03-07;148.46:9:2026-01-02;167.95:4:2026-01-30;186.45:2:2026-02-27;210.64:1:2026-04-17;238.28:2:2026-06-19;290.36:1:2026-08-07
VLO,238.71,180.09:97;220.67:33;238.71:100;306.34:29;387.51:29,65.13:7:2022-03-18;96.93:9:2025-04-11;116.84:17:2025-08-15;141.44:5:2025-10-17;159.90:2:2025-12-19;194.58:1:2026-02-27;214.71:2:2026-06-19;233.23:1:2026-05-29;291.46:1:2026-08-07
PSX,140.1,140.10:100;159.54:53;174.11:95;208.13:27;242.14:24;259.15:33,67.08:5:2022-09-30;78.09:4:2022-08-05;89.74:8:2025-04-11;107.85:3:2025-05-23;118.00:7:2026-01-02;128.36:4:2025-11-28;140.49:2:2026-02-27;153.58:1:2026-04-17;164.10:2:2026-06-19;200.31:1:2026-08-07
WELL,208.57,174.81:21;187.61:100;198.09:68;208.57:100;235.34:78,56.50:1:2022-10-14;62.62:2:2023-03-24;72.47:4:2023-06-23;77.90:11:2023-11-03;84.84:3:2024-02-02;100.13:2:2024-07-12;122.34:2:2025-01-10;130.29:1:2025-04-11;142.65:2:2025-05-16;148.60:2:2025-07-04;161.26:3:2025-10-17;181.91:1:2026-01-09;192.66:2:2026-06-05;198.88:2:2026-04-24;224.97:1:2026-08-14
PLD,140.71,124.13:41;128.41:77;134.83:40;140.71:100;147.13:31,85.35:1:2025-04-11;96.64:2:2023-10-27;100.82:2:2024-12-20;103.02:4:2025-08-15;106.46:2:2024-06-21;110.12:4:2025-10-10;112.41:3:2025-02-07;116.37:5:2024-10-11;118.82:3:2023-08-18;121.43:2:2025-11-07;124.50:3:2026-01-30;127.29:1:2026-03-20;135.10:3:2026-08-14;137.90:1:2022-02-25;146.39:1:2022-01-28;149.82:1:2022-01-14
EQIX,1079.01,753.75:48;813.98:59;964.57:80;1018.78:81;1048.90:100;1079.01:100,494.89:1:2022-10-14;606.12:2:2022-07-15;640.92:4:2023-03-24;672.88:4:2024-05-10;698.18:3:2025-06-27;725.99:6:2024-06-28;761.88:3:2024-07-26;786.52:1:2024-01-05;822.07:1:2025-03-14;857.90:3:2025-01-31;888.52:1:2025-01-17;987.79:4:2026-09-18;1032.08:2:2026-06-12
TSM,412.13,290.26:95;337.13:88;374.63:53;412.13:100,59.43:12:2023-12-08;97.62:11:2025-04-11;147.81:6:2025-03-14;198.50:2:2025-08-22;266.82:3:2025-12-19;313.80:2:2026-04-03;372.72:4:2026-08-28;412.55:1:2026-09-18
SPCX,150.54,111.80:43;124.20:22;141.25:55;150.54:100;167.59:31,104.83:1:2026-08-07;149.34:1:2026-06-12
SKHY,9339.09,27767.66:100,124.80:3:2026-09-18
SHOP,112.72,112.72:100;146.91:70;163.19:40,23.63:5:2022-10-14;30.55:5:2022-12-30;39.02:3:2023-11-03;48.56:3:2024-08-09;55.42:3:2024-05-31;65.86:4:2025-04-04;72.64:3:2024-11-01;89.10:2:2026-05-15;99.05:3:2026-06-12;111.06:2:2026-07-24;124.03:3:2026-09-11;132.85:2:2025-11-21;144.12:2:2026-08-21
HSBC,89.37,66.55:62;67.10:36;68.11:23;69.12:39;69.75:39;70.45:47;70.99:48;71.61:48;72.08:52;72.63:25;73.56:22;74.89:28;76.99:31;78.39:22;78.78:40;79.40:56;80.34:66;81.04:38;81.50:52;82.44:45;83.69:38;84.00:40;84.46:31;85.17:61;85.87:34;86.80:62;87.89:64;88.44:50;89.37:100;89.99:83;90.69:69;91.40:65;91.86:46;92.49:47;93.19:40;93.81:41;94.12:38;95.06:49;95.76:31;100.04:29;100.43:36;101.44:29;101.83:33;103.31:61;103.70:61;107.13:26,24.77:1:2022-10-14;25.49:2:2022-10-28;27.42:2:2021-11-26;29.17:1:2022-05-13;29.84:3:2022-09-09;30.40:2:2022-06-17;32.41:1:2023-03-24;34.89:1:2023-04-28;35.30:1:2023-11-03;35.64:1:2023-02-10;36.64:3:2024-03-15;37.25:1:2024-01-19;39.42:2:2024-08-09;42.38:1:2024-09-13;43.81:1:2024-10-18;44.40:1:2024-11-15;45.66:1:2025-04-11;54.71:1:2025-03-14;58.14:1:2025-06-27;58.57:1:2025-05-30;60.61:1:2025-08-01;64.65:1:2025-10-17;67.56:1:2025-11-21;76.21:1:2026-03-20;85.21:1:2026-05-08;86.12:1:2026-06-12;88.64:1:2026-04-24
RY,169.6,146.69:61;163.28:44;169.60:100;176.71:33;189.36:20;198.84:22;202.79:50;206.74:42;210.69:50,77.90:1:2023-10-27;83.63:1:2022-10-14;87.46:3:2023-09-08;90.75:4:2023-03-24;93.97:5:2024-04-26;98.00:2:2021-12-03;102.44:3:2024-08-09;106.10:2:2025-04-11;110.11:1:2022-01-28;117.63:2:2025-01-17;120.82:1:2024-11-01;127.38:2:2025-08-01;143.13:2:2025-11-07;156.92:1:2026-04-03;164.95:1:2026-01-30;200.86:1:2026-08-28;205.90:1:2026-07-31
SHEL,88.48,71.44:37;72.29:41;73.65:92;74.68:69;75.53:69;76.72:53;77.57:55;79.45:31;80.13:26;82.18:44;84.05:58;85.24:78;86.95:85;88.48:100;89.51:70;91.38:88;93.26:67;94.45:29;95.30:58;96.49:31,41.23:2:2021-12-24;44.90:2:2022-07-15;46.74:1:2022-09-30;48.27:2:2022-06-24;49.72:1:2022-10-14;51.54:2:2022-09-09;52.24:2:2023-03-17;53.03:1:2022-11-11;54.40:2:2023-01-06;55.78:2:2023-06-02;58.14:3:2025-04-11;59.51:3:2024-12-20;60.34:1:2024-01-19;61.59:2:2024-02-16;62.54:3:2024-12-06;63.73:2:2025-01-31;65.07:3:2025-05-23;68.54:3:2026-01-09;70.11:5:2025-12-19;70.80:3:2025-10-17;72.46:1:2025-11-28;73.32:1:2025-11-07;76.26:1:2026-07-03;83.14:1:2026-05-29;88.33:1:2026-03-27;90.05:1:2026-08-28;92.47:1:2026-09-25
NVS,154.04,131.67:48;138.21:42;141.49:31;144.76:43;148.04:55;151.31:66;154.04:100;159.50:35;166.59:24,74.09:2:2022-10-14;79.09:6:2023-03-10;81.76:3:2022-07-15;84.57:2:2023-02-10;89.74:1:2022-12-23;92.19:3:2024-04-19;95.34:4:2025-01-17;97.72:3:2025-04-11;102.40:1:2024-11-22;104.93:2:2025-05-16;108.48:1:2024-08-09;112.34:2:2025-08-01;115.43:1:2025-06-20;121.57:3:2025-11-21;137.00:1:2026-09-11;142.25:2:2026-06-05;145.30:1:2026-03-20;149.09:2:2026-08-14
MUFG,25.85,48.30:100,4.31:37:2026-08-21
TM,186.3,186.30:100,130.07:31:2026-06-26;185.00:10:2026-04-03
BHP,55.92,53.60:25;55.92:100;59.02:34;60.82:29;62.89:23;64.95:30;69.34:54;72.43:46;74.24:28;77.08:26;78.11:38;79.66:43;81.98:35;84.56:68;87.66:34;90.75:24;93.08:26,39.73:1:2025-04-11;45.74:3:2025-06-27;46.92:3:2022-10-28;48.06:3:2025-06-06;49.68:1:2025-08-01;50.90:4:2025-09-19;52.18:1:2025-11-21;54.15:8:2025-11-07;55.50:6:2024-06-21;56.79:4:2024-03-01;59.68:4:2026-01-02;64.53:1:2026-03-20;76.81:1:2026-07-10;80.98:1:2026-05-22;83.27:1:2026-09-18
SAN,12.29,11.05:59;11.51:34;12.29:100;13.68:46;14.22:72;14.68:89,2.26:5:2022-11-04;2.66:4:2022-06-17;3.20:5:2023-06-23;3.52:3:2023-10-27;3.83:2:2024-02-02;4.27:5:2025-01-03;4.63:2:2024-09-13;5.00:1:2024-05-31;5.54:1:2025-04-11;7.82:2:2025-06-27;8.28:2:2025-08-01;9.31:1:2025-08-29;9.62:1:2025-10-24;10.05:1:2025-11-21;10.44:1:2026-03-20;11.51:2:2026-05-08;11.91:1:2026-06-12;13.15:1:2026-07-24;14.09:1:2026-08-21
TTE,91.32,61.67:37;65.26:71;78.29:52;80.54:60;84.13:39;89.07:86;91.32:100,44.61:3:2022-09-30;46.86:4:2022-10-14;48.82:3:2022-06-24;52.78:3:2025-04-11;54.94:3:2023-07-07;57.39:5:2025-10-10;59.38:4:2025-09-05;62.16:5:2026-01-09;63.99:6:2024-10-04;70.05:2:2024-05-24;74.78:1:2026-07-03;85.30:2:2026-08-28;87.73:1:2026-05-08
TD,94.4,81.63:44;94.40:100;98.32:28;112.56:21;119.92:87,51.25:1:2024-12-20;53.52:8:2025-04-11;55.86:7:2025-03-14;57.88:6:2024-03-22;62.86:2:2022-12-16;67.13:1:2021-10-08;69.39:2:2022-05-13;71.68:3:2025-08-01;74.21:1:2022-03-11;76.31:1:2022-01-28;79.52:1:2025-11-07;91.05:1:2026-03-27;115.12:2:2026-08-28;117.31:1:2026-07-10
NVO,46.91,37.84:68;46.91:100;59.61:26,35.12:3:2026-06-12;43.08:9:2026-05-22;51.04:8:2025-10-03;65.05:4:2025-06-27;73.80:7:2025-03-14;86.96:1:2023-10-06;94.73:2:2024-11-22;113.79:2:2024-10-04;121.79:1:2024-04-19;139.78:1:2024-06-21
SMFG,26.99,50.60:100,5.39:36:2026-08-21
RIO,98.9,68.68:78;70.64:54;73.39:42;75.75:26;80.85:47;85.16:57;89.48:60;91.84:84;94.19:99;96.55:93;98.90:100;103.22:46;104.79:56,50.92:3:2025-04-11;53.21:2:2022-09-09;55.64:1:2025-06-27;57.62:5:2025-08-01;59.34:11:2025-08-22;61.05:3:2024-03-29;62.87:4:2024-10-25;64.85:3:2024-07-05;67.50:5:2025-11-21;70.25:1:2022-02-04;73.61:1:2022-02-25;82.35:1:2026-03-20;86.72:1:2026-07-10;94.09:1:2026-02-20;96.37:1:2026-05-01;98.43:2:2026-06-12
BBVA,21.99,19.55:27;20.84:52;21.99:100;23.28:90;24.56:47;25.85:33;28.72:65,3.93:5:2022-10-14;4.76:3:2022-05-13;5.48:2:2022-01-28;6.24:3:2023-06-02;7.41:3:2023-10-27;8.63:2:2024-01-19;9.23:6:2025-01-03;10.18:2:2024-05-10;11.59:1:2025-04-11;14.63:3:2025-07-25;17.77:2:2025-10-17;18.68:1:2025-09-26;20.21:3:2026-05-08;22.01:1:2026-06-12
UBS,47.5,38.27:81;41.17:49;43.55:50;44.87:26;47.50:100;49.35:25;50.67:27;51.99:28;53.57:37,13.80:2:2022-10-14;15.04:5:2022-09-02;16.38:3:2022-05-13;17.99:3:2023-05-05;19.25:1:2023-07-07;21.34:1:2023-08-04;23.23:2:2023-11-03;25.75:2:2025-04-11;26.89:2:2024-08-09;28.33:3:2024-09-13;29.58:3:2025-06-20;31.02:2:2025-05-30;32.20:1:2025-02-07;35.94:3:2026-03-27;37.23:2:2025-11-07;40.62:1:2026-04-24;46.37:1:2026-01-23;51.35:1:2026-07-31;52.88:1:2026-08-21
SONY,29.77,50.64:100,12.34:42:2026-09-25
PBR,12.08,12.08:100;15.55:40;18.59:73;20.76:91,8.88:8:2023-05-05;10.71:10:2025-12-26;12.45:11:2025-03-14;14.21:8:2026-07-03;16.74:3:2026-08-28;20.20:1:2026-09-25
UL,58.06,55.91:66;58.06:100;59.84:51;61.99:88;64.31:85;65.20:96;66.63:70;68.24:64;70.74:27;73.78:27,47.79:2:2022-10-14;48.55:3:2022-09-30;49.50:3:2022-09-02;51.88:3:2024-04-19;52.68:3:2024-01-19;54.70:4:2026-06-05;55.82:5:2026-05-15;56.66:2:2023-08-25;58.76:1:2021-10-15;59.90:2:2026-07-24;60.98:4:2026-08-21;61.78:2:2026-01-09;63.96:2:2025-04-11;64.94:3:2025-10-10;66.22:1:2025-11-21;67.64:2:2025-05-16;72.26:1:2024-09-20
MFG,39.52,106.38:100,2.10:36:2026-09-25
BTI,58.31,51.16:51;52.18:22;54.84:58;57.09:87;58.31:100;59.95:83;61.99:62,28.25:2:2024-04-19;30.01:2:2024-06-14;31.62:3:2023-09-08;32.58:1:2023-06-30;33.62:5:2024-10-25;34.44:2:2025-01-17;35.47:1:2022-09-30;36.45:2:2024-12-06;37.31:2:2025-04-11;38.75:3:2022-08-05;40.12:2:2025-05-16;41.68:1:2022-06-17;46.38:1:2025-07-04;49.88:1:2025-10-24;53.28:1:2026-01-09;54.30:3:2026-09-11;55.59:2:2026-08-21;57.75:3:2026-06-19
BMO,152.55,123.30:48;126.38:91;131.77:51;140.24:75;144.85:40;148.70:26;152.55:100;161.79:27;165.63:44;173.33:75;177.95:64,73.98:2:2024-08-09;81.55:5:2024-06-28;85.40:2:2025-04-11;88.55:6:2024-11-08;93.07:2:2025-03-14;98.04:4:2023-02-03;103.24:2:2025-06-27;108.38:4:2025-08-01;111.53:1:2022-04-15;119.84:2:2025-11-21;130.09:1:2026-03-27;146.35:2:2026-05-15;166.96:1:2026-09-04;175.19:1:2026-07-31
HDB,27.81,27.81:100,21.77:46:2026-09-11
BNS,75.41,63.91:45;67.62:42;70.21:94;72.44:82;75.41:100;80.23:38;86.90:96;90.98:41;92.84:45,39.80:1:2023-10-27;41.87:1:2023-10-06;43.68:4:2025-04-11;45.25:5:2024-04-26;46.86:6:2025-03-14;50.32:3:2025-01-17;53.05:2:2022-09-09;55.21:1:2025-08-01;60.91:3:2022-05-13;62.98:1:2025-10-17;65.99:2:2026-04-03;68.22:2:2022-02-25;69.93:1:2022-03-11;73.72:1:2026-02-06;76.25:1:2026-05-15;78.45:1:2026-06-05;84.22:1:2026-07-10;85.79:1:2026-07-24
ENB,48.05,46.74:66;48.05:100;50.34:60;51.48:59;52.79:23;53.93:99;55.07:62;56.22:48,31.03:2:2023-10-27;32.85:2:2024-04-19;33.96:2:2024-06-21;35.02:4:2024-07-12;35.82:3:2023-07-07;37.39:2:2023-02-24;38.32:1:2023-05-05;39.03:3:2022-06-17;39.73:4:2025-04-11;40.49:3:2025-02-28;41.72:2:2022-05-13;43.11:2:2025-07-11;43.87:1:2025-05-16;45.03:2:2026-01-09;46.24:1:2025-12-19;49.56:1:2026-08-28;51.61:1:2026-04-24;53.20:2:2026-07-03
EQNR,37.68,26.47:81;37.68:100,21.41:39:2026-06-26;32.83:5:2026-08-28
ING,28.87,24.21:50;25.01:59;26.14:77;27.26:35;28.87:100;29.52:79;30.97:65;31.61:26;32.58:22;35.63:26,8.14:4:2022-10-14;8.97:2:2022-05-06;9.68:2:2022-06-17;11.00:1:2023-03-24;11.68:3:2023-06-02;12.45:4:2024-02-09;13.17:3:2024-01-19;13.87:4:2023-08-18;15.09:3:2024-12-20;16.04:4:2025-04-11;17.36:2:2024-09-13;20.39:1:2025-06-20;22.54:1:2025-08-01;23.63:2:2025-10-24;24.35:2:2026-04-03;27.37:2:2026-04-24;28.67:1:2026-06-12;34.50:1:2026-08-21
CNQ,46.55,30.43:27;31.62:97;33.71:86;36.70:26;37.89:22;39.68:50;42.67:70;44.76:100;46.55:100;48.64:94;51.03:59,18.32:3:2021-12-24;21.84:2:2022-09-30;23.39:5:2023-03-17;24.65:3:2025-04-11;26.01:5:2023-06-23;27.60:3:2025-05-09;29.19:11:2026-01-09;30.53:7:2025-12-19;32.08:4:2025-11-28;33.74:1:2024-11-01;36.67:2:2024-05-17;38.83:1:2026-07-03;42.10:1:2026-04-17;44.79:1:2026-05-29
CM,92.3,80.64:24;83.29:29;86.47:24;92.30:100;94.95:55;99.72:28;110.31:63;114.02:93;118.26:45,34.35:1:2023-10-27;38.88:7:2023-09-08;41.58:1:2023-07-07;43.86:4:2024-02-16;46.50:3:2024-08-09;51.14:2:2022-05-13;53.62:2:2025-04-11;56.47:3:2025-02-07;59.15:2:2024-10-11;61.31:2:2025-01-17;71.00:1:2025-08-01;78.79:2:2025-10-17;90.22:3:2026-04-03;105.86:1:2026-06-05;115.75:1:2026-07-24
SNY,43.34,43.34:100;47.69:87,36.91:1:2022-09-30;39.49:3:2026-06-26;41.42:3:2026-07-31;43.32:3:2026-03-20;45.25:5:2026-04-17;46.93:7:2025-12-19;48.54:5:2025-11-07;50.19:2:2023-06-02;52.46:2:2023-09-29
IBN,27.86,33.42:100,16.36:43:2026-08-21
GSK,50.88,43.83:39;46.94:47;47.66:32;48.18:51;48.70:54;49.74:33;50.25:64;50.88:100;52.33:65;52.84:30;54.50:38;58.44:37;59.17:44,28.47:1:2022-09-30;31.22:1:2022-11-11;31.72:1:2025-01-17;32.38:1:2025-04-11;33.20:2:2023-06-02;33.67:3:2023-11-03;34.23:2:2023-01-27;35.45:2:2025-07-18;36.17:1:2025-05-16;36.75:1:2025-08-08;37.79:3:2025-06-27;38.32:2:2024-08-09;39.16:3:2025-09-26;39.86:1:2022-07-15;40.81:2:2022-06-17;41.75:2:2024-03-22;43.28:1:2022-01-07;45.81:1:2025-11-21;47.62:2:2026-09-11;48.57:2:2026-08-14;49.39:1:2026-05-15;49.89:1:2026-07-24;51.55:1:2026-03-20
BP,43.86,33.27:37;33.81:48;34.30:45;34.49:63;34.80:60;35.14:71;35.37:66;35.82:74;36.28:42;36.47:47;36.70:34;37.08:75;37.38:63;37.57:78;37.80:44;38.18:73;38.56:37;38.91:52;39.21:67;39.97:22;40.16:22;40.51:31;40.89:26;41.42:54;41.61:47;41.88:40;42.07:41;42.56:84;42.91:56;43.40:92;43.86:100;44.16:94;44.39:86;44.88:70;45.19:52;46.10:91;46.41:96;46.79:62;47.13:40;47.32:43;47.70:24,25.22:3:2025-04-11;25.46:1:2021-11-26;27.06:3:2025-05-02;27.31:1:2022-03-18;27.66:1:2021-10-08;27.82:2:2024-11-15;28.14:1:2024-12-20;28.41:1:2025-05-23;28.63:1:2024-12-06;28.89:2:2022-04-01;29.54:1:2022-10-14;30.52:2:2024-09-27;30.99:1:2025-03-07;31.59:1:2025-08-01;32.51:1:2024-08-09;32.72:1:2025-10-17;33.14:2:2025-12-19;33.52:3:2024-01-19;33.69:1:2025-09-05;34.14:2:2023-12-15;34.34:2:2023-11-24;34.71:1:2024-06-14;35.40:2:2025-11-21;35.84:1:2023-10-06;36.04:2:2026-07-03;37.87:1:2024-04-19;38.73:1:2023-02-24;41.12:2:2026-08-07;41.72:1:2026-08-28
APP,311.73,311.73:100;393.69:53;409.31:49;432.73:49;463.95:76;499.08:51;518.60:38;538.11:29;565.44:42;600.57:37;620.08:33,9.14:3:2023-03-17;27.04:8:2024-01-05;43.08:2:2022-03-18;59.30:5:2024-08-09;81.05:3:2024-09-06;200.50:1:2025-04-11;234.56:1:2025-03-14;297.50:3:2026-08-28;320.00:1:2025-06-27;340.20:1:2025-05-23;359.00:2:2026-04-10;385.19:1:2025-08-22;418.46:2:2026-06-26;489.30:1:2025-11-21
AXON,394.3,394.30:100;441.51:92;488.72:46;546.42:62;567.41:69;604.12:61,82.49:3:2022-07-15;109.31:5:2022-09-23;138.68:1:2021-12-17;161.85:5:2023-08-04;189.12:4:2023-10-27;241.72:2:2024-02-02;273.52:4:2024-08-09;304.18:2:2024-04-05;339.01:2:2026-04-10;366.00:1:2026-05-15;396.41:2:2026-06-19;422.38:1:2024-11-01;469.24:2:2026-07-24;508.72:1:2025-11-21;543.48:2:2026-01-02;638.50:1:2025-10-17;694.72:2:2025-09-05
CCEP,92.0,92.00:100;97.06:65;100.10:54;106.18:61;110.23:23,41.80:2:2022-09-30;46.22:3:2022-09-09;48.29:3:2022-07-15;51.31:4:2022-08-12;53.53:3:2023-03-10;56.28:1:2023-10-06;61.00:3:2023-09-08;63.57:1:2023-06-30;65.77:2:2024-04-19;70.82:4:2024-08-09;73.40:3:2025-01-17;75.64:1:2024-12-06;80.70:2:2025-04-11;84.66:5:2026-01-09;88.68:5:2026-05-15;99.00:1:2026-09-25;102.61:1:2026-07-17
CVX,189.74,151.18:70;166.81:51;174.11:35;189.74:100;198.08:51;205.37:56;211.62:34,103.58:1:2021-10-08;110.73:1:2021-12-24;130.52:3:2025-04-11;135.37:1:2024-09-13;139.62:7:2025-07-04;146.49:10:2025-12-19;151.36:9:2025-09-12;156.70:4:2023-10-06;164.78:2:2026-07-03;170.85:1:2023-01-06;177.74:3:2026-05-29;185.87:1:2026-08-07;197.82:1:2026-08-28
GFS,46.61,35.23:78;43.64:89;46.61:100;53.04:33;58.97:37;70.84:31;74.30:21;80.73:53,29.77:3:2025-09-19;32.02:1:2025-11-21;34.88:5:2026-01-02;38.45:2:2026-02-06;40.54:1:2026-04-03;42.59:4:2026-09-04;45.52:6:2026-07-31;48.12:2:2023-11-03;50.40:5:2024-02-09;52.77:3:2024-01-19;56.20:3:2023-06-23;62.44:2:2023-03-17;70.49:1:2026-06-12
MSTR,127.54,95.40:91;127.54:100;162.14:89;181.92:46,13.26:9:2023-03-10;26.60:6:2023-10-06;43.87:2:2024-01-26;54.62:1:2023-12-15;65.00:2:2021-10-29;81.81:1:2026-06-26;101.00:3:2026-02-06;113.69:4:2026-04-03;144.20:2:2026-01-02;155.61:2:2026-05-01;231.51:3:2025-04-11;285.01:2:2025-09-26;317.75:1:2025-09-05;338.67:1:2024-11-29;358.50:2:2025-06-27
ADS.DE,159.88,139.02:54;143.55:68;148.09:84;152.63:97;159.88:100;166.23:85;174.40:31;180.75:50,93.40:1:2022-11-04;114.60:1:2022-12-09;129.95:2:2026-04-10;134.95:3:2026-04-24;139.75:2:2026-05-15;147.62:2:2025-11-21;152.65:3:2025-11-07;160.20:4:2025-08-08;163.88:2:2023-07-07;169.02:2:2024-02-16;173.55:3:2025-09-19;192.20:2:2025-06-27;207.80:5:2025-05-23;212.20:2:2024-11-08;219.70:2:2024-05-31;231.90:1:2025-01-03;242.95:2:2022-01-14;246.95:1:2021-12-03;257.00:1:2021-10-15
AIR.DE,194.55,170.46:42;175.93:64;194.55:100;204.41:55;213.18:33,86.53:3:2022-10-07;96.64:3:2022-07-29;101.54:2:2022-05-13;106.24:4:2022-12-23;112.02:2:2023-03-24;120.08:3:2023-10-27;124.74:5:2024-10-11;129.82:1:2025-04-11;135.10:2:2024-11-22;143.60:1:2024-02-23;153.12:2:2026-04-03;159.14:4:2026-04-24;164.70:3:2026-06-05;182.46:1:2025-12-05;190.80:1:2026-07-24
ALV.DE,369.9,351.53:86;369.90:100;380.10:98;420.92:38;441.33:40,156.22:1:2022-09-30;164.46:2:2022-09-09;178.30:1:2022-03-11;189.70:4:2023-03-24;198.60:2:2023-06-23;210.35:5:2023-10-27;218.85:1:2023-09-08;238.30:4:2024-08-09;251.80:3:2024-06-14;281.80:3:2025-04-11;317.40:1:2025-02-21;333.20:4:2026-03-27;343.20:2:2025-11-07;361.90:3:2026-06-05;412.50:1:2026-07-17;434.00:1:2026-09-11
BAS.DE,51.01,43.75:92;44.78:83;46.08:56;48.68:88;51.01:100;53.09:55,37.40:2:2025-04-11;39.33:4:2024-08-09;40.75:10:2025-11-21;41.93:4:2024-09-13;43.90:3:2026-03-13;44.94:2:2023-08-25;46.04:2:2026-07-03;47.23:1:2022-03-11;49.72:2:2026-05-08;57.06:2:2021-12-24;61.86:1:2021-10-08
BAYN.DE,38.67,27.37:50;30.55:26;34.43:43;38.67:100;44.32:55;45.74:56;47.15:48;48.92:68,18.38:3:2025-04-11;20.25:1:2025-02-14;24.81:7:2025-11-07;26.50:4:2025-09-26;30.22:1:2023-12-01;32.96:1:2026-06-05;35.20:2:2026-05-01;36.88:1:2026-03-27;40.06:1:2023-11-03;43.90:2:2021-12-24;45.69:3:2022-10-07;48.28:3:2023-07-07;49.74:3:2023-08-25;51.36:1:2022-08-12;54.23:4:2023-03-24
BEI.DE,74.8,70.45:73;72.43:59;74.80:100;78.37:78;80.74:49;83.91:24;91.04:50;93.42:60;97.78:27;106.09:29,67.08:1:2026-06-05;69.16:1:2026-05-01;71.10:1:2026-03-27;73.06:2:2026-09-11;77.06:1:2026-07-24;79.00:1:2022-03-11;85.20:2:2022-05-06;87.02:4:2025-11-21;88.94:1:2022-06-24;91.04:3:2026-01-09;93.38:1:2022-11-04;96.90:2:2022-09-09;99.62:1:2022-08-12;105.40:1:2025-06-27;109.05:1:2023-03-03;110.95:1:2025-04-11;113.40:1:2023-07-21;116.50:2:2023-10-27;118.65:4:2024-11-22;120.85:1:2025-01-10;122.50:1:2024-08-16;124.20:2:2025-02-14;128.55:1:2024-04-12;131.90:1:2024-01-26;134.95:1:2024-07-05;141.55:1:2024-06-07
BMW.DE,58.84,55.96:28;58.84:100;62.68:49;74.20:27;80.44:80;88.60:56;93.40:25,56.40:2:2026-07-24;62.96:1:2025-04-11;65.26:1:2024-11-15;67.58:3:2024-09-13;70.57:4:2026-05-22;73.38:6:2026-03-27;77.98:1:2024-08-09;80.60:5:2026-01-23;83.36:2:2021-12-24;86.54:2:2024-06-21;89.06:2:2023-01-20;92.12:5:2025-12-26;98.14:3:2023-12-22;102.84:1:2024-03-22;105.16:1:2023-07-14
BNR.DE,49.18,46.69:23;49.18:100;51.68:21;54.49:34;56.67:43;59.48:43;61.04:43,43.72:1:2026-03-13;45.71:1:2025-11-07;47.30:2:2026-01-23;49.60:1:2025-09-26;51.70:2:2026-07-03;53.46:3:2025-07-18;54.88:4:2026-05-29;58.48:4:2026-08-21;61.38:3:2024-09-27;63.94:4:2024-05-31;65.82:4:2023-10-20;69.78:1:2022-04-15;73.88:5:2024-04-26;77.92:2:2024-02-16;79.30:1:2021-10-15
CBK.DE,34.94,30.03:30;31.67:76;34.94:100;36.84:74;38.75:37,5.17:7:2022-09-02;6.97:3:2022-11-11;8.31:4:2023-09-08;10.15:2:2024-02-09;12.11:2:2024-08-09;13.46:2:2024-11-29;15.06:1:2024-12-27;17.45:1:2025-04-11;26.23:1:2025-07-04;27.80:1:2025-07-25;29.01:3:2026-03-27;30.92:2:2025-11-21;33.45:1:2026-01-23;35.58:2:2026-07-24;38.28:1:2026-08-21
CON.DE,66.72,60.02:32;62.25:47;64.93:86;66.72:100;69.39:87;72.07:88,33.68:1:2022-09-30;38.79:2:2024-09-13;41.28:4:2025-04-11;43.16:2:2023-10-27;45.08:5:2025-03-07;47.04:7:2024-12-20;49.34:5:2025-02-07;52.91:4:2025-09-19;55.76:2:2026-03-27;60.24:3:2026-05-08;62.61:1:2022-01-28;66.54:4:2026-08-21;68.38:1:2026-07-24
DTG.DE,42.02,34.05:41;34.99:53;37.33:38;40.85:67;42.02:100;43.43:64;45.31:21,20.28:1:2022-03-11;22.48:3:2022-09-30;27.57:4:2023-11-10;28.94:4:2024-09-13;29.90:4:2025-04-11;30.85:4:2024-08-09;33.53:3:2025-11-21;35.52:2:2025-01-03;36.72:2:2025-09-12;38.31:3:2026-05-22;40.10:2:2026-07-03
DBK.DE,31.1,25.32:40;27.40:66;28.56:49;31.10:100;33.18:88;34.80:21,7.25:6:2023-03-24;8.81:6:2023-10-27;10.41:5:2023-02-10;11.56:2:2024-08-09;13.81:3:2024-09-13;15.23:2:2024-11-29;16.58:1:2025-04-11;17.95:1:2025-02-07;23.82:1:2026-03-27;25.80:2:2026-06-05;28.23:2:2025-11-21;29.18:2:2026-07-24;31.35:2:2026-08-21
DB1.DE,211.21,211.21:100;220.25:61;224.77:47;242.86:85;250.77:58;265.46:33;274.51:21;280.16:22;286.94:20,135.80:3:2022-03-11;142.20:1:2021-10-29;148.15:2:2023-10-20;154.95:4:2023-10-06;159.65:6:2023-07-14;175.90:3:2024-08-09;182.85:3:2024-07-12;200.10:3:2026-02-06;206.00:1:2024-11-15;211.10:1:2024-10-25;219.30:2:2025-09-26;235.00:2:2026-07-03;240.80:2:2026-05-15;246.20:2:2026-07-24;266.50:1:2025-06-20;272.10:1:2026-09-11
DHL.DE,46.53,39.17:30;42.85:20;45.00:62;46.53:100;48.37:60;51.44:32;55.43:47;56.65:48,29.67:1:2022-09-30;30.96:1:2025-04-11;33.03:5:2025-02-07;34.32:1:2024-11-29;35.82:3:2025-05-09;37.14:10:2025-09-26;38.49:1:2022-03-11;40.31:1:2023-05-19;41.56:4:2026-03-27;43.39:2:2024-01-19;45.06:2:2026-05-08;46.36:1:2025-12-26;50.08:1:2022-01-28;51.39:2:2021-12-03;54.04:2:2026-09-11;55.98:1:2026-07-24
DTE.DE,27.45,27.45:100;28.98:55;30.21:25;32.51:29,14.47:1:2022-03-11;15.43:4:2022-01-14;16.71:1:2022-04-15;17.35:3:2022-10-07;18.50:5:2023-08-11;19.15:2:2023-10-06;19.91:2:2023-10-27;20.73:3:2024-04-19;21.44:1:2024-03-15;23.53:1:2026-07-03;25.57:3:2026-07-24;26.49:2:2026-05-01;28.14:3:2025-09-26;29.38:2:2025-08-08;30.74:1:2025-05-02
EOAN.DE,18.11,15.29:70;15.63:41;16.14:50;16.91:44;17.42:98;18.11:100;18.53:76;18.96:89;19.30:73,7.28:2:2022-10-14;7.72:1:2022-07-08;8.28:1:2022-09-02;9.62:2:2023-02-10;9.96:2:2023-03-03;10.43:4:2025-01-17;11.14:2:2024-11-22;11.65:3:2024-08-09;12.07:4:2024-07-05;12.68:2:2025-04-11;14.55:2:2025-09-05;14.98:2:2025-12-12;17.32:2:2026-06-26;17.80:2:2026-06-05
FRE.DE,48.15,36.11:30;37.55:27;39.26:60;44.42:91;47.00:98;48.15:100;49.87:37;51.30:21,19.69:1:2022-10-14;23.29:6:2024-03-29;24.71:3:2024-02-16;26.15:4:2024-05-24;27.50:3:2024-06-28;30.36:1:2024-08-09;31.60:3:2025-04-11;32.85:4:2024-10-18;35.02:3:2026-06-05;36.50:1:2025-02-07;38.26:2:2025-03-14;40.33:2:2026-07-17;41.56:4:2026-09-11;45.84:3:2026-01-30;47.49:1:2025-11-07
HNR1.DE,254.35,228.88:22;236.63:37;248.81:96;254.35:100;266.53:26;273.17:23,131.35:2:2022-06-24;143.30:2:2022-09-30;149.90:3:2022-10-14;158.55:3:2023-03-24;163.35:1:2022-02-11;178.05:1:2023-01-13;187.40:2:2023-08-11;196.25:1:2023-11-10;208.90:1:2024-08-09;221.80:4:2026-06-05;233.00:4:2026-05-15;238.00:4:2025-09-12;243.10:6:2026-09-11;248.80:1:2025-12-12;254.00:1:2026-03-27;261.00:4:2025-08-01
HEI.DE,187.53,145.50:50;162.09:70;170.94:82;179.79:64;187.53:100;191.96:70;201.92:38;215.19:32;220.72:37;230.68:30,38.73:2:2022-09-30;43.40:3:2022-07-29;48.80:3:2022-12-09;56.60:4:2023-03-24;61.46:2:2023-10-20;66.66:5:2023-10-06;81.94:2:2024-08-09;90.22:4:2024-09-13;95.50:1:2024-10-04;115.60:2:2024-12-20;130.00:2:2025-04-11;155.50:2:2026-08-21;163.75:1:2026-05-22;169.65:2:2026-06-12;181.60:2:2026-05-01;191.20:2:2025-09-05;213.20:1:2025-12-19
HEN3.DE,69.94,66.45:47;69.94:100;71.53:55;73.76:39,56.56:2:2022-06-17;59.12:3:2022-10-14;60.64:3:2026-05-01;63.08:2:2023-01-27;64.58:4:2026-06-05;65.88:5:2025-08-08;67.80:5:2026-01-09;69.36:6:2025-11-07;71.74:4:2026-09-18;74.26:1:2026-08-21;75.78:3:2024-11-08;78.50:1:2024-09-13;80.20:2:2024-07-12;81.56:3:2025-02-28
IFX.DE,41.64,33.59:83;37.30:80;41.64:100;45.35:34;55.88:57;63.31:42;67.03:25;79.41:37;83.13:20,20.67:2:2022-09-30;23.17:4:2025-04-11;25.69:6:2024-11-08;28.37:8:2025-09-05;31.27:11:2025-11-21;34.13:4:2026-03-27;37.55:3:2026-02-06;53.25:2:2026-09-18;74.02:1:2026-06-12
MBG.DE,58.6,41.29:22;44.98:80;46.68:64;48.10:57;50.09:84;52.07:78;53.78:52;55.19:40;58.60:100;61.16:45,42.62:1:2026-07-03;44.10:1:2026-08-28;45.60:1:2025-04-11;47.40:2:2026-05-01;48.69:4:2026-05-22;50.19:3:2024-11-15;51.78:2:2025-10-17;53.23:2:2024-09-20;54.65:4:2026-02-13;55.79:3:2025-11-21;58.84:2:2025-12-26;60.31:2:2022-05-06;62.43:2:2024-06-14;64.68:2:2023-09-08;66.48:5:2023-04-07;68.77:1:2023-07-28;70.58:1:2023-06-30
MRK.DE,110.69,110.69:100;114.83:71;118.97:62;127.24:66;132.06:53;138.95:54;144.47:32,100.70:3:2026-03-27;105.05:2:2026-05-01;107.90:2:2025-10-17;119.85:1:2026-02-06;129.15:2:2026-09-18;132.80:4:2026-08-21;136.10:2:2024-12-20;140.05:2:2025-01-17;145.60:2:2024-07-12;151.05:2:2024-10-11;155.90:5:2023-08-25;159.05:2:2024-08-09;162.45:1:2023-03-24;167.40:1:2022-02-25;170.20:1:2022-11-25;176.90:1:2022-12-23;182.10:2:2022-01-28;211.10:1:2021-12-03;216.80:1:2021-12-24
MTX.DE,377.44,287.87:47;303.55:44;314.74:66;339.38:70;352.81:93;377.44:100;395.36:30,149.20:1:2022-09-30;158.20:3:2023-09-22;167.50:4:2023-12-15;177.45:5:2022-07-29;199.80:2:2024-04-19;210.80:6:2024-06-28;224.00:2:2024-05-24;245.60:2:2025-04-11;265.20:1:2026-05-22;276.60:1:2026-05-01;289.80:3:2026-06-12;301.90:4:2025-03-14;320.20:2:2026-09-18;332.10:3:2026-07-24;359.00:3:2026-01-30
MUV2.DE,509.05,469.64:47;509.05:100;524.38:94;533.13:82;541.89:57,205.15:3:2022-07-15;214.00:2:2022-06-17;230.10:6:2022-10-14;246.35:1:2021-12-24;258.05:1:2022-01-28;292.40:1:2023-03-24;318.80:1:2023-05-19;335.30:1:2023-08-04;361.80:3:2023-11-10;373.70:2:2024-01-12;401.70:1:2024-05-03;421.70:1:2024-08-09;437.40:1:2026-06-05;450.10:1:2024-06-07;460.80:1:2024-11-15;475.10:1:2025-01-17;492.00:2:2026-08-07;504.20:2:2026-03-27;514.60:3:2026-03-13;523.40:2:2025-12-05;545.00:1:2025-07-04
P911.DE,44.84,37.19:36;41.44:73;44.84:100,35.62:1:2026-03-27;39.15:7:2026-05-08;41.20:5:2026-07-03;43.00:2:2026-07-17;54.98:1:2025-02-14;64.32:3:2024-09-13;67.88:1:2024-06-21;72.12:2:2024-05-31;78.00:2:2024-03-15;80.82:3:2024-05-10;86.60:1:2023-09-29;91.00:1:2022-12-23;106.70:3:2023-07-28
PAH3.DE,27.42,25.60:21;27.42:100;29.01:65;30.83:84;31.97:92;34.02:55;36.07:91;37.43:53;40.84:44,26.84:3:2026-08-28;30.22:3:2026-05-01;31.91:1:2025-09-26;32.84:2:2025-06-20;34.20:5:2026-02-06;36.06:1:2025-02-14;37.47:2:2024-09-13;41.60:2:2024-06-21;43.27:1:2024-01-19;45.06:1:2023-10-06;46.14:1:2024-03-15;47.40:3:2024-05-24;48.38:1:2023-04-28;49.79:2:2023-03-24;51.48:2:2023-07-07;52.94:2:2023-03-03;54.92:1:2022-11-04;59.06:1:2022-07-08;64.08:1:2022-08-26;65.26:1:2022-09-16;66.38:2:2022-07-29;68.92:1:2022-05-20;73.30:1:2021-12-03;77.82:1:2022-02-11;79.46:1:2022-04-15;80.54:2:2021-12-24
QIA.DE,36.4,28.56:57;30.59:22;32.04:49;34.65:71;36.40:100;39.01:38;40.75:73;42.78:47;45.39:25,27.56:1:2026-05-15;33.65:1:2026-04-03;36.54:2:2025-03-07;38.94:5:2025-12-19;41.00:3:2024-11-22;42.25:5:2024-09-06;43.77:4:2023-08-18;45.91:7:2023-04-07;47.39:2:2023-03-03;49.74:4:2023-02-03;52.56:1:2021-12-10
RHM.DE,1525.78,976.14:87;1012.30:81;1084.62:30;1171.41:94;1214.80:89;1287.12:20;1352.21:31;1402.83:34;1453.46:69;1525.78:100;1554.71:98;1627.03:75;1749.98:71;1887.39:47,76.30:5:2022-01-28;140.45:4:2022-11-04;173.60:3:2022-12-23;209.10:6:2023-10-06;241.20:3:2023-09-08;272.50:1:2023-12-01;313.40:1:2024-01-26;437.50:2:2024-11-08;593.00:1:2024-12-13;928.80:2:2026-06-26;1099.20:1:2026-05-15;1322.00:1:2025-04-25;1410.00:1:2025-12-05;1475.50:2:2025-12-19;1655.00:1:2025-06-13
RWE.DE,56.17,40.70:54;43.54:79;47.96:24;49.86:29;52.38:57;56.17:100;58.38:92,27.76:3:2025-02-14;29.67:6:2025-04-11;30.94:5:2025-05-16;32.52:2:2025-09-05;33.86:4:2025-08-15;35.55:2:2025-08-01;37.00:4:2023-03-24;38.28:3:2025-10-24;40.02:1:2023-12-22;49.17:1:2026-02-20;53.70:2:2026-06-19;55.18:1:2026-08-07
SAP.DE,171.23,137.01:66;148.41:84;157.29:47;171.23:100;177.57:37;185.17:67;207.99:37,79.58:3:2022-09-23;86.40:2:2022-06-17;94.48:2:2022-12-30;101.46:1:2023-01-27;112.78:3:2023-04-21;118.52:4:2023-09-29;127.50:2:2026-07-24;134.42:3:2026-05-15;159.60:3:2026-02-06;165.26:1:2024-05-31;170.68:2:2026-09-11;176.72:2:2024-08-09;190.04:1:2024-09-06;202.30:1:2025-11-28;209.70:3:2025-09-19;227.00:1:2025-10-17;232.25:2:2025-03-14;247.75:1:2025-06-20
SRT3.DE,238.9,214.88:85;230.17:98;238.90:100;260.74:36,166.05:1:2025-04-11;175.95:1:2025-08-08;198.50:7:2026-05-15;207.40:5:2026-07-24;218.00:4:2026-09-18;229.10:3:2025-12-19;264.90:1:2024-04-26;291.10:3:2024-01-19;303.60:3:2023-05-26;317.20:1:2024-02-23;333.00:1:2022-12-23;342.30:3:2023-01-06;359.50:1:2022-02-25;372.90:1:2023-04-07;403.50:1:2022-09-02;416.30:1:2022-01-28;483.30:1:2021-10-15;528.20:1:2021-11-12;548.80:1:2021-12-17
SIE.DE,272.73,210.93:42;228.36:58;241.04:91;260.06:67;272.73:100,93.67:3:2022-09-30;105.92:3:2022-05-13;113.44:2:2023-10-27;125.90:2:2023-09-29;132.84:4:2023-08-18;140.24:3:2023-07-14;150.68:1:2024-08-09;157.78:4:2025-04-11;165.68:2:2024-06-14;173.72:2:2024-11-22;186.20:1:2025-01-03;197.26:2:2026-03-27;206.70:1:2025-06-27;216.05:2:2025-11-21;234.70:1:2025-10-17;249.90:2:2026-05-22;256.35:3:2026-09-18
ENR.DE,144.36,106.46:50;120.24:36;128.28:30;134.03:26;144.36:100;152.40:93;163.89:69;169.63:68;179.97:27,6.40:4:2023-12-15;11.26:5:2024-02-23;16.53:6:2024-04-19;21.26:5:2024-08-09;41.81:2:2025-04-11;46.88:2:2025-02-28;82.10:2:2025-09-05;88.38:2:2025-08-08;94.40:1:2025-10-24;100.30:1:2025-11-14;115.00:1:2025-12-19;131.28:3:2026-09-18;138.68:2:2026-09-04;143.38:1:2026-07-17
SHL.DE,34.3,34.30:100;35.90:46;37.29:54;38.48:46;39.28:53;42.27:50;43.46:55;44.46:42;46.85:26,32.81:3:2026-06-05;33.78:1:2026-07-24;35.44:1:2026-04-03;36.90:1:2026-09-25;39.91:2:2026-02-13;40.97:3:2025-11-21;43.20:2:2025-09-26;44.39:3:2025-06-20;45.25:4:2025-08-08;46.22:4:2025-10-17;47.31:4:2024-11-01;48.41:5:2024-05-10;50.62:7:2025-01-17;52.00:3:2024-07-05;53.68:2:2022-05-27;54.58:1:2024-03-22;62.62:1:2021-12-24
SY1.DE,73.59,68.78:46;73.59:100;75.99:66;88.96:40;90.88:27;93.28:21,64.70:1:2025-12-12;68.20:2:2026-03-27;70.94:3:2026-05-08;74.84:1:2026-06-12;84.06:2:2026-08-21;86.76:4:2026-09-18;89.10:2:2025-04-11;91.52:5:2025-03-07;94.10:4:2025-02-07;96.66:5:2024-04-26;100.30:2:2025-05-16;102.60:1:2022-07-15;104.80:3:2022-11-25;108.45:1:2024-08-09;110.50:2:2024-07-26;122.45:1:2021-12-03;125.55:1:2021-12-24
VOW3.DE,90.22,73.23:68;81.41:37;90.22:100;97.13:26;103.42:82,69.20:2:2026-08-28;78.86:1:2024-11-29;81.68:3:2026-05-01;86.24:4:2025-10-10;91.62:3:2025-11-21;95.90:2:2026-01-23;103.35:3:2024-06-28;106.44:1:2024-01-19;110.26:2:2024-03-15;112.84:3:2024-05-03;116.12:1:2023-03-24;119.04:4:2023-06-30;122.34:1:2023-01-20;125.40:1:2022-10-28;128.10:1:2022-07-29;131.30:1:2022-03-11;134.80:1:2022-12-02;137.46:1:2022-09-02;140.00:1:2022-05-06;147.30:1:2022-04-15;159.72:1:2021-12-03;174.04:1:2022-02-04;182.32:1:2021-10-22;185.42:1:2021-10-08
VNA.DE,21.14,17.41:34;17.94:27;18.80:21;19.86:46;20.61:49;21.14:100;22.42:80;23.38:38;24.13:97;24.55:52;25.30:58;26.15:50;26.68:23;27.43:42,15.18:1:2023-03-31;16.24:1:2023-06-02;16.91:1:2023-06-30;18.47:1:2022-10-14;19.53:2:2026-06-12;20.09:4:2026-07-24;21.37:1:2023-10-06;23.60:2:2026-01-23;24.03:2:2025-04-11;25.34:3:2025-09-05;25.89:2:2024-06-28;26.64:3:2025-08-01;27.49:2:2025-05-16;28.22:2:2025-02-21;30.69:1:2024-10-11;31.51:2:2024-09-27;32.12:1:2022-04-29;35.89:1:2022-03-11;37.24:1:2022-02-25;39.14:1:2022-01-14;39.84:3:2021-12-24;40.45:1:2021-11-12
ZAL.DE,22.61,19.32:29;21.04:81;22.61:100;23.40:85;24.50:100;26.38:38;27.32:27,15.95:1:2024-01-19;18.43:4:2026-05-15;19.18:2:2026-04-03;19.89:4:2024-06-28;20.90:4:2025-11-21;22.25:4:2026-08-21;23.11:1:2024-05-03;23.77:4:2026-06-19;25.64:3:2025-10-03;26.27:1:2023-08-25;27.95:2:2025-01-17;29.52:2:2025-05-23;30.20:1:2025-03-14;31.65:1:2022-05-27;32.84:1:2023-03-24;36.06:1:2023-04-14;42.77:1:2022-03-11;63.46:1:2022-01-28;64.40:1:2022-01-14;67.28:1:2021-12-24;73.60:2:2021-11-12
